kombo,isim,silah,kalip,cast,isabet,konum,govdeye_girmedi,tek_sistem,hata_yok,sure,sicrama_yok,yerde,gecti,beklenen_konum,gercek_konum,hasar,etki,min_merkez_m,temas_m,kalip_sn,beklenen_sn,toplam_sn,ayak_m,inis_m,bacak,notlar
1-1,"Yoğun Vuruş","Yumruk","yukle_birak",1,1,1,1,1,1,1,1,1,1,"ön","ön",267424.00,"",1.50,1.35,0.51,0.52,0.88,0.00,0.00,"0/2 kare koşu","vuruş 1: 0,75s@boss0,42m/oyuncu1,53m; kalıp sonu: merkeze 1,50 m, başlangıçtan 1,50 m, kalıp simülasyonundan 0,00 m; uyarı: [PlaceholderFactory] VFX asset missing (trail/straight); using element_color primitive placeholder."
1-2,"Emici Vuruş","Yumruk","kan_ceken_pence",1,1,1,1,1,1,1,1,1,1,"yerinde","yerinde",180600.00,"oyuncu +54180 can",1.35,1.35,0.40,0.38,0.73,0.00,0.00,"","vuruş 3: 0,40s@boss1,71m/oyuncu1,02m 0,53s@boss1,16m/oyuncu1,02m 0,67s@boss0,61m/oyuncu1,02m; kalıp sonu: merkeze 1,36 m, başlangıçtan 0,00 m, kalıp simülasyonundan 0,00 m, boss 1,64 m kaydı"
1-3,"Sıçrayan Vuruş","Yumruk","yan_yan_sekme",1,1,1,1,1,1,1,1,1,1,"geri","geri",194640.00,"",2.67,1.35,0.60,0.58,0.93,0.00,0.00,"1/8 kare koşu, ayak/gövde hız oranı 1,04","vuruş 2: 0,53s@boss0,74m/oyuncu3,34m 0,80s@boss0,74m/oyuncu3,95m; kalıp sonu: merkeze 3,59 m, başlangıçtan 1,23 m, kalıp simülasyonundan 0,00 m"
1-4,"Sabit Vuruş","Yumruk","yere_cakilan",1,1,1,1,1,1,1,1,1,1,"ön","ön",193496.00,"",2.10,1.35,0.60,0.54,0.93,0.00,0.00,"0/2 kare koşu","vuruş 1: 0,80s@boss2,10m/oyuncu0,00m; kalıp sonu: merkeze 2,10 m, başlangıçtan 0,90 m, kalıp simülasyonundan 0,00 m"
1-5,"Yayılan Vuruş","Yumruk","donen_kesik",1,1,1,1,1,1,1,1,1,1,"yerinde","yerinde",169256.00,"",3.00,1.35,0.60,0.55,0.94,0.00,0.00,"","vuruş 1: 0,54s@boss3,00m/oyuncu0,00m; kalıp sonu: merkeze 3,00 m, başlangıçtan 0,00 m, kalıp simülasyonundan 0,00 m"
1-6,"Bağlayıcı Vuruş","Yumruk","zincirli_firlatma",1,1,1,1,1,1,1,1,1,1,"ön","ön",188664.00,"boss:Root+Slow, boss hız x0,00",1.50,1.35,0.71,0.70,1.04,0.00,0.00,"0/3 kare koşu","vuruş 2: 0,51s@boss0,45m/oyuncu3,45m 0,91s@boss0,65m/oyuncu1,28m; kalıp sonu: merkeze 1,50 m, başlangıçtan 1,50 m, kalıp simülasyonundan 0,00 m"
2-1,"Yoğun Şifa","Yumruk","tek_dokunus",1,1,1,1,1,1,1,1,1,1,"geri","geri",0.00,"oyuncu +88000 can",3.00,1.35,0.20,0.16,0.60,0.00,0.00,"0/2 kare koşu","vuruş 1: 0,47s@boss3,88m/oyuncu0,68m; kalıp sonu: merkeze 3,41 m, başlangıçtan 0,55 m, kalıp simülasyonundan 0,00 m, kalıp hedefi AllyDummy; uyarı: [PlaceholderFactory] VFX asset missing (trail/blink_line); using element_color primitive placeholder."
2-2,"Emici Şifa","Yumruk","uzaktan_emme",1,1,1,1,1,1,1,1,1,1,"yerinde","yerinde",53184.00,"oyuncu +56000 can, dost +56000 can",2.65,1.35,2.20,2.16,2.60,0.00,0.00,"","vuruş 4: 1,00s@boss0,19m/oyuncu2,72m 1,54s@boss0,10m/oyuncu2,72m 2,00s@boss0,02m/oyuncu2,72m 2,53s@boss0,07m/oyuncu2,72m; kalıp sonu: merkeze 2,65 m, başlangıçtan 0,35 m, kalıp simülasyonundan 0,00 m"
2-3,"Sıçrayan Şifa","Yumruk","dosttan_dosta",1,1,1,1,1,1,1,1,1,1,"yerinde","yerinde",0.00,"oyuncu +32000 can, dost +56000 can",3.00,1.35,0.60,0.54,1.00,0.00,0.00,"","vuruş 3: 0,53s@boss6,43m/oyuncu3,95m 0,60s@boss6,98m/oyuncu4,53m 0,80s@boss6,88m/oyuncu4,54m; kalıp sonu: merkeze 3,00 m, başlangıçtan 0,00 m, kalıp simülasyonundan 0,00 m, kalıp hedefi AllyDummy"
2-4,"Sabit Şifa","Yumruk","totem_dikme",1,1,1,1,1,1,1,1,1,1,"yerinde","yerinde",0.00,"oyuncu +88000 can",3.00,1.35,0.33,0.30,0.73,0.00,0.00,"","vuruş 1: 0,60s@boss3,10m/oyuncu0,00m; kalıp sonu: merkeze 3,11 m, başlangıçtan 0,15 m, kalıp simülasyonundan 0,00 m, kalıp hedefi AllyDummy"
2-5,"Yayılan Şifa","Yumruk","genisleyen_halka",1,1,1,1,1,1,1,1,1,1,"yerinde","yerinde",0.00,"oyuncu +88000 can",3.00,1.35,0.60,0.58,1.00,0.00,0.00,"","vuruş 1: 0,80s@boss3,00m/oyuncu0,00m; kalıp sonu: merkeze 3,00 m, başlangıçtan 0,00 m, kalıp simülasyonundan 0,00 m"
2-6,"Bağlayıcı Şifa","Yumruk","dostu_kanca",1,1,1,1,1,1,1,1,1,1,"geri","geri",0.00,"oyuncu +88000 can",3.00,1.35,0.53,0.52,0.94,0.00,0.00,"1/6 kare koşu, ayak/gövde hız oranı 1,03","vuruş 1: 0,80s@boss5,79m/oyuncu0,40m; kalıp sonu: merkeze 5,92 m, başlangıçtan 3,40 m, kalıp simülasyonundan 0,00 m, kalıp hedefi AllyDummy"
3-1,"Yoğun Adım","Yumruk","isinlan_kes",1,1,1,1,1,1,1,1,1,1,"arka","arka",0.00,"",1.50,1.35,0.53,0.48,0.87,0.00,0.00,"0/1 kare koşu","hasarsız skill (base_damage 0): etki hareketin kendisi; vuruş 1: 0,73s@boss0,00m/oyuncu1,50m; kalıp sonu: merkeze 1,50 m, başlangıçtan 4,50 m, kalıp simülasyonundan 0,00 m; tek karede 4,50 m sıçrama (sınır 2,51 m @ 68 ms, t=0,67, faz isin, blink tasarım gereği)"
3-2,"Emici Adım","Yumruk","icinden_emme",1,1,1,1,1,1,1,1,1,1,"arka","arka",0.00,"",0.19,1.35,0.33,0.28,0.67,0.00,0.00,"1/5 kare koşu, ayak/gövde hız oranı 1,01","hasarsız skill (base_damage 0): etki hareketin kendisi; vuruş 1: 0,47s@boss0,24m/oyuncu1,36m; kalıp sonu: merkeze 2,61 m, başlangıçtan 5,26 m, kalıp simülasyonundan 0,39 m, boss 0,36 m kaydı; gövdeye girdi: merkeze 0,19 m (t=0,40, temas 1,35) geçiş tasarım gereği"
3-3,"Sıçrayan Adım","Yumruk","sekmeli_ziplama",1,1,1,1,1,1,1,1,1,1,"arka","arka",0.00,"",1.50,1.35,0.67,0.60,1.00,0.00,0.00,"0/9 kare koşu","hasarsız skill (base_damage 0): etki hareketin kendisi; vuruş 3: 0,47s@boss1,79m/oyuncu0,00m 0,67s@boss1,50m/oyuncu0,01m 0,87s@boss1,50m/oyuncu0,00m; kalıp sonu: merkeze 1,50 m, başlangıçtan 4,50 m, kalıp simülasyonundan 0,00 m"
3-4,"Sabit Adım","Yumruk","geri_sarma",1,1,1,1,1,1,1,1,1,1,"başlangıç","başlangıç",0.00,"",1.50,1.35,2.67,2.66,3.00,0.00,0.00,"2/9 kare koşu, ayak/gövde hız oranı 0,94","hasarsız skill (base_damage 0): etki hareketin kendisi; kalıp sonu: merkeze 3,00 m, başlangıçtan 0,00 m, kalıp simülasyonundan 0,00 m; uyarı: Hareket kalıbı konumu yönetiyor; gramer konum adımı atlandı: 3-4 isaret_geri_don"
3-5,"Yayılan Adım","Yumruk","dalis_patlamasi",1,1,1,1,1,1,1,1,1,1,"ön","ön",0.00,"",1.50,1.35,0.47,0.42,0.80,0.00,0.00,"0/4 kare koşu","hasarsız skill (base_damage 0): etki hareketin kendisi; vuruş 1: 0,60s@boss1,50m/oyuncu0,00m; kalıp sonu: merkeze 1,50 m, başlangıçtan 1,50 m, kalıp simülasyonundan 0,00 m"
3-6,"Bağlayıcı Adım","Yumruk","kanca_cekis",1,1,1,1,1,1,1,1,1,1,"arka","arka",0.00,"boss:Root+Slow, boss hız x0,00",1.50,1.35,0.80,0.74,1.13,0.00,0.00,"1/10 kare koşu, ayak/gövde hız oranı 1,02","vuruş 1: 0,93s@boss0,00m/oyuncu1,50m; kalıp sonu: merkeze 1,50 m, başlangıçtan 4,50 m, kalıp simülasyonundan 0,00 m; uyarı: Hareket kalıbı konumu yönetiyor; gramer konum adımı atlandı: 3-6 yer_degistir"
4-1,"Yoğun Kalkan","Yumruk","tam_zamanli",1,1,1,1,1,1,1,1,1,1,"yerinde","yerinde",0.00,"",3.00,1.35,0.53,0.50,0.88,0.00,0.00,"","hasarsız skill (base_damage 0): etki hareketin kendisi; vuruş 1: 0,68s@boss0,62m/oyuncu2,38m; kalıp sonu: merkeze 3,00 m, başlangıçtan 0,00 m, kalıp simülasyonundan 0,00 m"
4-2,"Emici Kalkan","Yumruk","kalkan_calma",1,1,1,1,1,1,1,1,1,1,"yerinde","yerinde",76000.00,"",1.35,1.35,0.26,0.20,0.67,0.00,0.00,"","vuruş 1: 0,47s@boss1,45m/oyuncu1,28m; kalıp sonu: merkeze 1,91 m, başlangıçtan 0,00 m, kalıp simülasyonundan 0,00 m, boss 1,09 m kaydı"
4-3,"Sıçrayan Kalkan","Yumruk","seken_disk",1,1,1,1,1,1,1,1,1,1,"yerinde","yerinde",0.00,"",3.00,1.35,0.47,0.42,0.87,0.00,0.00,"","hasarsız skill (base_damage 0): etki hareketin kendisi; vuruş 2: 0,53s@boss0,30m/oyuncu3,30m 0,67s@boss3,04m/oyuncu1,43m; kalıp sonu: merkeze 3,00 m, başlangıçtan 0,00 m, kalıp simülasyonundan 0,00 m"
5-1,"Yoğun Patlama","Yumruk","saplanan_fitil",1,1,1,1,1,1,1,1,1,1,"geri","geri",186984.00,"",2.38,1.35,1.60,1.62,1.93,0.00,0.00,"1/6 kare koşu, ayak/gövde hız oranı 1,05","vuruş 2: 0,39s@boss0,85m/oyuncu1,53m 1,93s@boss0,85m/oyuncu2,95m; kalıp sonu: merkeze 3,80 m, başlangıçtan 0,80 m, kalıp simülasyonundan 0,00 m; uyarı: [PlaceholderFactory] VFX asset missing (trail/ground_marker); using element_color primitive placeholder."
5-2,"Emici Patlama","Yumruk","ceken_girdap",1,1,1,1,1,1,1,1,1,1,"yerinde","yerinde",126120.00,"oyuncu +37836 can",1.35,1.35,1.33,1.32,1.66,0.00,0.00,"","vuruş 3: 1,00s@boss0,00m/oyuncu3,00m 1,47s@boss0,00m/oyuncu1,35m 1,53s@boss0,00m/oyuncu1,35m; kalıp sonu: merkeze 1,35 m, başlangıçtan 0,00 m, kalıp simülasyonundan 0,00 m, boss 1,65 m kaydı"
5-3,"Sıçrayan Patlama","Yumruk","seken_bomba",1,1,1,1,1,1,1,1,1,1,"yerinde","yerinde",135880.00,"",3.00,1.35,0.60,0.58,0.93,0.00,0.00,"","vuruş 3: 0,47s@boss0,40m/oyuncu3,40m 0,60s@boss0,00m/oyuncu3,00m 0,80s@boss0,35m/oyuncu3,02m; kalıp sonu: merkeze 3,00 m, başlangıçtan 0,00 m, kalıp simülasyonundan 0,00 m"
6-1,"Yoğun Bağ","Yumruk","sinir_noktasi",1,1,1,1,1,1,1,1,1,1,"ön","ön",53704.00,"boss:Stun, boss hız x0,00",1.50,1.35,0.40,0.34,0.73,0.00,0.00,"0/4 kare koşu","vuruş 1: 0,60s@boss0,91m/oyuncu0,59m; kalıp sonu: merkeze 1,50 m, başlangıçtan 1,50 m, kalıp simülasyonundan 0,00 m"
6-2,"Emici Bağ","Yumruk","bossu_cek",1,1,1,1,1,1,1,1,1,1,"geri","geri",35216.00,"boss:Root, boss hız x0,00, oyuncu +10564 can",1.35,1.35,0.41,0.44,0.76,0.00,0.00,"2/4 kare koşu, ayak/gövde hız oranı 0,93","vuruş 1: 0,60s@boss2,63m/oyuncu1,36m; kalıp sonu: merkeze 3,56 m, başlangıçtan 1,60 m, kalıp simülasyonundan 0,00 m, boss 1,04 m kaydı"
6-3,"Sıçrayan Bağ","Yumruk","basip_sekme",1,1,1,1,1,1,1,1,1,1,"başlangıç","başlangıç",38192.00,"boss:Root, boss hız x0,00",1.67,1.35,0.53,0.52,0.87,0.00,0.00,"0/7 kare koşu","vuruş 1: 0,60s@boss1,50m/oyuncu0,25m; kalıp sonu: merkeze 3,20 m, başlangıçtan 0,20 m, kalıp simülasyonundan 0,00 m"
1-7,"Bulandırıcı Vuruş","Yumruk","dumandan_cikis",1,1,1,1,1,1,1,1,1,1,"ön","ön",196600.00,"boss:Blind",1.50,1.35,0.53,0.48,0.87,0.00,0.00,"0/3 kare koşu","vuruş 1: 0,67s@boss0,73m/oyuncu1,36m; kalıp sonu: merkeze 1,50 m, başlangıçtan 1,50 m, kalıp simülasyonundan 0,00 m"
1-8,"Yükselen Vuruş","Yumruk","havaya_kaldirma",1,1,1,1,1,1,1,1,1,1,"ön","ön",201336.00,"boss:Stun, boss hız x0,00",1.90,1.35,0.38,0.34,0.71,0.00,0.00,"0/5 kare koşu","vuruş 1: 0,47s@boss1,08m/oyuncu1,28m; kalıp sonu: merkeze 1,90 m, başlangıçtan 1,10 m, kalıp simülasyonundan 0,00 m"
1-9,"Odaklı Vuruş","Yumruk","isarete_vur",1,1,1,1,1,1,1,1,1,1,"ön","ön",318224.00,"",1.65,1.35,0.40,0.38,0.73,0.00,0.00,"0/3 kare koşu","vuruş 1: 0,60s@boss0,76m/oyuncu1,28m; kalıp sonu: merkeze 1,65 m, başlangıçtan 1,35 m, kalıp simülasyonundan 0,00 m"
2-7,"Bulandırıcı Şifa","Yumruk","sis_ortusu",1,1,1,1,1,1,1,1,1,1,"yerinde","yerinde",0.00,"oyuncu +88000 can",3.00,1.35,0.33,0.30,0.73,0.00,0.00,"","vuruş 1: 0,53s@boss0,00m/oyuncu3,00m; kalıp sonu: merkeze 3,00 m, başlangıçtan 0,00 m, kalıp simülasyonundan 0,00 m"
2-8,"Yükselen Şifa","Yumruk","yerden_buyuyen",1,1,1,1,1,1,1,1,1,1,"yerinde","yerinde",0.00,"oyuncu +88000 can",3.00,1.35,0.47,0.42,0.87,0.00,0.00,"","vuruş 1: 0,66s@boss6,98m/oyuncu4,33m; kalıp sonu: merkeze 3,18 m, başlangıçtan 0,25 m, kalıp simülasyonundan 0,00 m, kalıp hedefi AllyDummy"
2-9,"Odaklı Şifa","Yumruk","koruyucu_isaret",1,1,1,1,1,1,1,1,1,1,"geri","geri",0.00,"oyuncu +88000 can",3.00,1.35,0.33,0.20,0.73,0.00,0.00,"0/3 kare koşu","vuruş 1: 0,53s@boss3,90m/oyuncu0,35m; kalıp sonu: merkeze 3,61 m, başlangıçtan 0,80 m, kalıp simülasyonundan 0,00 m, kalıp hedefi AllyDummy"
3-7,"Bulandırıcı Adım","Yumruk","duman_kaybolma",1,1,1,1,1,1,1,1,1,1,"ön","ön",0.00,"boss:Blind, oyuncu:Stealth",1.50,1.35,0.60,0.59,0.93,0.00,0.00,"0/2 kare koşu","vuruş 1: 0,47s@boss1,50m/oyuncu0,00m; kalıp sonu: merkeze 1,50 m, başlangıçtan 1,50 m, kalıp simülasyonundan 0,00 m"
3-8,"Yükselen Adım","Yumruk","sicrayip_cakilma",1,1,1,1,1,1,1,1,1,1,"ön","ön",0.00,"oyuncu:Haste, oyuncu hız x1,10",1.50,1.35,0.87,0.82,1.20,0.00,0.00,"0/5 kare koşu","vuruş 1: 1,07s@boss1,50m/oyuncu0,00m; kalıp sonu: merkeze 1,50 m, başlangıçtan 1,50 m, kalıp simülasyonundan 0,00 m"
3-9,"Odaklı Adım","Yumruk","isinlan_kes",1,1,1,1,1,1,1,1,1,1,"arka","arka",0.00,"",1.50,1.35,0.53,0.48,0.87,0.00,0.00,"0/1 kare koşu","hasarsız skill (base_damage 0): etki hareketin kendisi; vuruş 1: 0,73s@boss0,00m/oyuncu1,50m; kalıp sonu: merkeze 1,50 m, başlangıçtan 4,50 m, kalıp simülasyonundan 0,00 m; tek karede 4,50 m sıçrama (sınır 2,47 m @ 67 ms, t=0,67, faz isin, blink tasarım gereği); uyarı: Hareket kalıbı konumu yönetiyor; gramer konum adımı atlandı: 3-9 hedefin_arkasina"
7-1,"Yoğun Zafiyet","Yumruk","diken_firlatma",1,1,1,1,1,1,1,1,1,1,"yerinde","yerinde",17280.00,"",3.00,1.35,0.33,0.40,0.73,0.00,0.00,"","vuruş 1: 0,73s@boss0,30m/oyuncu3,30m; kalıp sonu: merkeze 3,00 m, başlangıçtan 0,00 m, kalıp simülasyonundan 0,00 m"
7-2,"Emici Zafiyet","Yumruk","sokup_cekme",1,1,1,1,1,1,1,1,1,1,"geri","geri",6952.00,"oyuncu +2086 can",3.00,1.35,0.50,0.44,0.89,0.00,0.00,"1/4 kare koşu, ayak/gövde hız oranı 1,02","vuruş 2: 0,56s@boss0,35m/oyuncu3,59m 0,69s@boss2,72m/oyuncu1,19m; kalıp sonu: merkeze 4,30 m, başlangıçtan 1,30 m, kalıp simülasyonundan 0,00 m"
7-3,"Sıçrayan Zafiyet","Yumruk","seken_yaratik",1,1,1,1,1,1,1,1,1,1,"yerinde","yerinde",18752.00,"",3.00,1.35,0.67,0.64,1.07,0.00,0.00,"","vuruş 3: 0,60s@boss0,00m/oyuncu3,00m 0,80s@boss0,35m/oyuncu3,02m 0,93s@boss0,35m/oyuncu3,02m; kalıp sonu: merkeze 3,00 m, başlangıçtan 0,00 m, kalıp simülasyonundan 0,00 m"
8-1,"Yoğun Yükseliş","Yumruk","kuculten_kapi",1,1,1,1,1,1,1,1,1,1,"yerinde","yerinde",0.00,"",3.00,1.35,0.33,0.28,0.74,0.00,0.00,"","hasarsız skill (base_damage 0): etki hareketin kendisi; vuruş 1: 0,53s@boss0,62m/oyuncu2,38m; kalıp sonu: merkeze 3,00 m, başlangıçtan 0,00 m, kalıp simülasyonundan 0,00 m"
8-2,"Emici Yükseliş","Yumruk","kan_muhru",1,1,1,1,1,1,1,1,1,1,"yerinde","yerinde",0.00,"",3.00,1.35,0.33,0.32,0.73,0.00,0.00,"","hasarsız skill (base_damage 0): etki hareketin kendisi; vuruş 1: 0,53s@boss3,00m/oyuncu0,00m; kalıp sonu: merkeze 3,00 m, başlangıçtan 0,00 m, kalıp simülasyonundan 0,00 m"
8-3,"Sıçrayan Yükseliş","Yumruk","pas_verme",1,1,1,1,1,1,1,1,1,1,"yerinde","yerinde",0.00,"",3.00,1.35,0.27,0.24,0.67,0.00,0.00,"","hasarsız skill (base_damage 0): etki hareketin kendisi; vuruş 1: 0,60s@boss6,38m/oyuncu3,90m; kalıp sonu: merkeze 3,00 m, başlangıçtan 0,00 m, kalıp simülasyonundan 0,00 m, kalıp hedefi AllyDummy"
9-1,"Yoğun Arınma","Yumruk","tek_dokunus",1,1,1,1,1,1,1,1,1,1,"geri","geri",0.00,"oyuncu +20000 can",3.00,1.35,0.20,0.16,0.60,0.00,0.00,"0/2 kare koşu","vuruş 1: 0,47s@boss3,89m/oyuncu0,68m; kalıp sonu: merkeze 3,41 m, başlangıçtan 0,55 m, kalıp simülasyonundan 0,00 m, kalıp hedefi AllyDummy"
9-2,"Emici Arınma","Yumruk","cekip_firlat",1,1,1,1,1,1,1,1,1,1,"yerinde","yerinde",0.00,"oyuncu +8000 can, dost +12000 can",3.00,1.35,0.53,0.50,0.93,0.00,0.00,"","vuruş 2: 0,53s@boss2,65m/oyuncu0,35m 0,80s@boss0,30m/oyuncu3,30m; kalıp sonu: merkeze 3,00 m, başlangıçtan 0,00 m, kalıp simülasyonundan 0,00 m"
9-3,"Sıçrayan Arınma","Yumruk","dosttan_dosta",1,1,1,1,1,1,1,1,1,1,"yerinde","yerinde",0.00,"oyuncu +16000 can, dost +8000 can",3.00,1.35,0.60,0.54,1.00,0.00,0.00,"","vuruş 3: 0,53s@boss6,43m/oyuncu3,95m 0,60s@boss6,98m/oyuncu4,53m 0,80s@boss6,88m/oyuncu4,54m; kalıp sonu: merkeze 3,00 m, başlangıçtan 0,00 m, kalıp simülasyonundan 0,00 m, kalıp hedefi AllyDummy"
1-10,"Aynalı Vuruş","Yumruk","sirtta_kapi",1,1,1,1,1,1,1,1,1,1,"ön","ön",194192.00,"",1.80,1.35,0.33,0.32,0.67,0.00,0.00,"0/3 kare koşu","vuruş 2: 0,40s@boss0,91m/oyuncu1,19m 0,54s@boss0,55m/oyuncu2,35m; kalıp sonu: merkeze 1,80 m, başlangıçtan 1,20 m, kalıp simülasyonundan 0,00 m"
1-11,"Kopya Vuruş","Yumruk","golge_yankisi",1,1,1,1,1,1,1,1,1,1,"ön","ön",195568.00,"",2.10,1.35,0.56,0.50,0.89,0.00,0.00,"0/2 kare koşu","vuruş 2: 0,40s@boss1,12m/oyuncu1,15m 0,69s@boss1,95m/oyuncu1,39m; kalıp sonu: merkeze 2,10 m, başlangıçtan 0,90 m, kalıp simülasyonundan 0,00 m"
1-12,"Akan Vuruş","Yumruk","basili_seri",1,1,1,1,1,1,1,1,1,1,"ön","ön",132712.00,"",1.60,1.35,3.07,3.00,3.40,0.00,0.00,"","vuruş 6: 0,53s@boss1,73m/oyuncu1,15m 1,07s@boss1,48m/oyuncu1,15m 1,54s@boss1,26m/oyuncu1,15m 2,07s@boss1,01m/oyuncu1,15m 2,54s@boss0,79m/oyuncu1,15m 3,07s@boss0,55m/oyuncu1,15m; kalıp sonu: merkeze 1,60 m, başlangıçtan 1,40 m, kalıp simülasyonundan 0,00 m"
2-10,"Aynalı Şifa","Yumruk","ters_es",1,1,1,1,1,1,1,1,1,1,"yerinde","yerinde",0.00,"oyuncu +112000 can",3.00,1.35,0.47,0.44,0.87,0.00,0.00,"","vuruş 2: 0,53s@boss2,60m/oyuncu0,40m 0,73s@boss0,00m/oyuncu3,00m; kalıp sonu: merkeze 3,00 m, başlangıçtan 0,00 m, kalıp simülasyonundan 0,00 m"
2-11,"Kopya Şifa","Yumruk","golge_ulak",1,1,1,1,1,1,1,1,1,1,"yan","yan",0.00,"oyuncu +52000 can, dost +36000 can",2.43,1.35,1.40,1.36,1.80,0.00,0.00,"1/3 kare koşu, ayak/gövde hız oranı 1,00","vuruş 2: 0,47s@boss3,26m/oyuncu0,35m 1,67s@boss3,04m/oyuncu1,46m; kalıp sonu: merkeze 2,43 m, başlangıçtan 1,41 m, kalıp simülasyonundan 0,00 m, kalıp hedefi AllyDummy"
2-12,"Akan Şifa","Yumruk","basili_isik",1,1,1,1,1,1,1,1,1,1,"geri","geri",0.00,"oyuncu +48000 can, dost +48000 can",3.00,1.35,3.00,3.00,3.40,0.00,0.00,"","vuruş 6: 0,60s@boss5,38m/oyuncu2,72m 1,13s@boss5,58m/oyuncu2,72m 1,60s@boss5,75m/oyuncu2,72m 2,13s@boss5,95m/oyuncu2,72m 2,60s@boss6,13m/oyuncu2,72m 3,13s@boss6,33m/oyuncu2,72m; kalıp sonu: merkeze 3,94 m, başlangıçtan 1,20 m, kalıp simülasyonundan 0,00 m, kalıp hedefi AllyDummy"
3-10,"Aynalı Adım","Yumruk","iki_kapi",1,1,1,1,1,1,1,1,1,1,"ön","ön",0.00,"",1.50,1.35,0.60,0.54,0.93,0.00,0.00,"0/4 kare koşu","hasarsız skill (base_damage 0): etki hareketin kendisi; vuruş 2: 0,33s@boss3,00m/oyuncu0,00m 0,73s@boss1,50m/oyuncu0,00m; kalıp sonu: merkeze 1,50 m, başlangıçtan 1,50 m, kalıp simülasyonundan 0,00 m"
3-11,"Kopya Adım","Yumruk","yem_kac",1,1,1,1,1,1,1,1,1,1,"geri","geri",0.00,"",3.00,1.35,0.40,0.40,0.73,0.00,0.00,"1/5 kare koşu, ayak/gövde hız oranı 1,04","hasarsız skill (base_damage 0): etki hareketin kendisi; vuruş 1: 0,34s@boss3,00m/oyuncu0,00m; kalıp sonu: merkeze 5,80 m, başlangıçtan 2,80 m, kalıp simülasyonundan 0,00 m"
3-12,"Akan Adım","Yumruk","suzulme",1,1,1,1,1,1,1,1,1,1,"ön","ön",0.00,"",1.90,1.35,3.00,3.00,3.33,0.00,0.00,"","hasarsız skill (base_damage 0): etki hareketin kendisi; kalıp sonu: merkeze 1,90 m, başlangıçtan 1,10 m, kalıp simülasyonundan 0,00 m"
10-1,"Yoğun Yansı","Yumruk","tam_zamanli",1,1,1,1,1,1,1,1,1,1,"yerinde","yerinde",0.00,"",3.00,1.35,0.53,0.50,0.93,0.00,0.00,"","hasarsız skill (base_damage 0): etki hareketin kendisi; vuruş 1: 0,73s@boss0,62m/oyuncu2,38m; kalıp sonu: merkeze 3,00 m, başlangıçtan 0,00 m, kalıp simülasyonundan 0,00 m"
10-2,"Emici Yansı","Yumruk","yutan_girdap",1,1,1,1,1,1,1,1,1,1,"yerinde","yerinde",0.00,"",3.00,1.35,3.28,3.18,3.68,0.00,0.00,"","hasarsız skill (base_damage 0): etki hareketin kendisi; vuruş 4: 1,27s@boss0,62m/oyuncu2,38m 2,07s@boss0,62m/oyuncu2,38m 2,80s@boss0,62m/oyuncu2,38m 3,54s@boss0,62m/oyuncu2,38m; kalıp sonu: merkeze 3,00 m, başlangıçtan 0,00 m, kalıp simülasyonundan 0,00 m"
10-3,"Sıçrayan Yansı","Yumruk","seken_geri",1,1,1,1,1,1,1,1,1,1,"ön","ön",0.00,"",1.90,1.35,0.40,0.36,0.80,0.00,0.00,"0/3 kare koşu","hasarsız skill (base_damage 0): etki hareketin kendisi; vuruş 2: 0,47s@boss0,55m/oyuncu1,53m 0,60s@boss0,00m/oyuncu1,90m; kalıp sonu: merkeze 1,90 m, başlangıçtan 1,10 m, kalıp simülasyonundan 0,00 m"
10-10,"Aynalı Yansı","Yumruk","iki_kapi",1,1,1,1,1,1,1,1,1,1,"ön","ön",0.00,"",1.50,1.35,0.60,0.54,1.00,0.00,0.00,"0/4 kare koşu","hasarsız skill (base_damage 0): etki hareketin kendisi; vuruş 2: 0,40s@boss3,00m/oyuncu0,00m 0,80s@boss1,50m/oyuncu0,00m; kalıp sonu: merkeze 1,50 m, başlangıçtan 1,50 m, kalıp simülasyonundan 0,00 m"
10-11,"Kopya Yansı","Yumruk","yem_kopya",1,1,1,1,1,1,1,1,1,1,"ön","ön",0.00,"",2.10,1.35,0.40,0.36,0.80,0.00,0.00,"0/2 kare koşu","hasarsız skill (base_damage 0): etki hareketin kendisi; vuruş 1: 0,60s@boss2,19m/oyuncu1,29m; kalıp sonu: merkeze 2,10 m, başlangıçtan 0,90 m, kalıp simülasyonundan 0,00 m"
10-12,"Akan Yansı","Yumruk","basili_siper",1,1,1,1,1,1,1,1,1,1,"ön","ön",0.00,"",2.20,1.35,3.07,3.00,3.47,0.00,0.00,"","hasarsız skill (base_damage 0): etki hareketin kendisi; vuruş 3: 1,13s@boss0,41m/oyuncu2,38m 2,13s@boss0,14m/oyuncu2,38m 3,13s@boss0,13m/oyuncu2,38m; kalıp sonu: merkeze 2,20 m, başlangıçtan 0,80 m, kalıp simülasyonundan 0,00 m"
11-1,"Yoğun Çağrı","Yumruk","sirt_saplama",1,1,1,1,1,1,1,1,1,1,"ön","ön",0.00,"",1.80,1.35,0.57,0.47,0.97,0.00,0.00,"0/3 kare koşu","hasarsız skill (base_damage 0): etki hareketin kendisi; vuruş 1: 0,80s@boss0,00m/oyuncu1,80m; kalıp sonu: merkeze 1,80 m, başlangıçtan 1,20 m, kalıp simülasyonundan 0,00 m"
11-2,"Emici Çağrı","Yumruk","yapisan",1,1,1,1,1,1,1,1,1,1,"yerinde","yerinde",0.00,"",3.00,1.35,5.20,5.18,5.60,0.00,0.00,"","hasarsız skill (base_damage 0): etki hareketin kendisi; vuruş 6: 0,53s@boss0,20m/oyuncu3,20m 1,53s@boss0,00m/oyuncu3,00m 2,53s@boss0,00m/oyuncu3,00m 3,53s@boss0,00m/oyuncu3,00m 4,53s@boss0,00m/oyuncu3,00m 5,53s@boss0,00m/oyuncu3,00m; kalıp sonu: merkeze 3,00 m, başlangıçtan 0,00 m, kalıp simülasyonundan 0,00 m"
11-3,"Sıçrayan Çağrı","Yumruk","seken_yaratik",1,1,1,1,1,1,1,1,1,1,"yerinde","yerinde",0.00,"",3.00,1.35,0.67,0.64,1.07,0.00,0.00,"","hasarsız skill (base_damage 0): etki hareketin kendisi; vuruş 3: 0,60s@boss0,00m/oyuncu3,00m 0,73s@boss0,35m/oyuncu3,02m 0,93s@boss0,35m/oyuncu3,02m; kalıp sonu: merkeze 3,00 m, başlangıçtan 0,00 m, kalıp simülasyonundan 0,00 m"
11-10,"Aynalı Çağrı","Yumruk","takim_kapisi",1,1,1,1,1,1,1,1,1,1,"ön","ön",0.00,"",1.85,1.35,1.40,1.38,1.80,0.00,0.00,"0/2 kare koşu","hasarsız skill (base_damage 0): etki hareketin kendisi; vuruş 1: 0,67s@boss1,85m/oyuncu0,00m; kalıp sonu: merkeze 1,85 m, başlangıçtan 1,15 m, kalıp simülasyonundan 0,00 m"
11-11,"Kopya Çağrı","Yumruk","ayna_klonlar",1,1,1,1,1,1,1,1,1,1,"ön","ön",0.00,"",1.85,1.35,0.67,0.64,1.07,0.00,0.00,"0/2 kare koşu","hasarsız skill (base_damage 0): etki hareketin kendisi; vuruş 2: 0,73s@boss1,98m/oyuncu1,41m 0,93s@boss1,98m/oyuncu1,41m; kalıp sonu: merkeze 1,85 m, başlangıçtan 1,15 m, kalıp simülasyonundan 0,00 m"
11-12,"Akan Çağrı","Yumruk","kapidan_akin",1,1,1,1,1,1,1,1,1,1,"ön","ön",0.00,"",1.85,1.35,4.38,4.34,4.75,0.00,0.00,"0/2 kare koşu","hasarsız skill (base_damage 0): etki hareketin kendisi; vuruş 6: 0,68s@boss0,85m/oyuncu1,00m 1,48s@boss0,00m/oyuncu1,85m 2,28s@boss0,00m/oyuncu1,85m 3,08s@boss0,00m/oyuncu1,85m 3,88s@boss0,00m/oyuncu1,85m 4,68s@boss0,00m/oyuncu1,85m; kalıp sonu: merkeze 1,85 m, başlangıçtan 1,15 m, kalıp simülasyonundan 0,00 m"
12-1,"Yoğun Zaman","Yumruk","zamanli_donma",1,1,1,1,1,1,1,1,1,1,"ön","ön",0.00,"boss:Slow, boss hız x0,70",1.50,1.35,0.53,0.50,0.90,0.00,0.00,"0/3 kare koşu","vuruş 1: 0,77s@boss0,50m/oyuncu1,28m; kalıp sonu: merkeze 1,50 m, başlangıçtan 1,50 m, kalıp simülasyonundan 0,00 m"
12-2,"Emici Zaman","Yumruk","ceken_girdap",1,1,1,1,1,1,1,1,1,1,"yerinde","yerinde",0.00,"boss:Slow, oyuncu:Haste, boss hız x0,70, oyuncu hız x1,30",3.00,1.35,1.33,1.32,1.73,0.00,0.00,"","vuruş 3: 1,07s@boss0,00m/oyuncu3,00m 1,53s@boss0,00m/oyuncu3,00m 1,60s@boss0,00m/oyuncu3,00m; kalıp sonu: merkeze 3,00 m, başlangıçtan 0,00 m, kalıp simülasyonundan 0,00 m"
12-3,"Sıçrayan Zaman","Yumruk","geri_donen_kure",1,1,1,1,1,1,1,1,1,1,"yerinde","yerinde",0.00,"boss:Slow, boss hız x0,70",3.00,1.35,0.53,0.50,0.93,0.00,0.00,"","vuruş 2: 0,53s@boss0,30m/oyuncu3,30m 0,80s@boss0,96m/oyuncu2,04m; kalıp sonu: merkeze 3,00 m, başlangıçtan 0,00 m, kalıp simülasyonundan 0,00 m"
12-10,"Aynalı Zaman","Yumruk","boss_geri",1,1,1,1,1,1,1,1,1,1,"yerinde","yerinde",0.00,"boss:Slow, boss hız x0,70",3.00,1.35,0.47,0.46,0.87,0.00,0.00,"","vuruş 1: 0,53s@boss0,30m/oyuncu3,30m; kalıp sonu: merkeze 3,00 m, başlangıçtan 0,00 m, kalıp simülasyonundan 0,00 m"
12-11,"Kopya Zaman","Yumruk","geri_sarma",1,1,1,1,1,1,1,1,1,1,"başlangıç","başlangıç",0.00,"",1.50,1.35,2.68,2.66,3.08,0.00,0.00,"3/9 kare koşu, ayak/gövde hız oranı 0,96","hasarsız skill (base_damage 0): etki hareketin kendisi; kalıp sonu: merkeze 3,00 m, başlangıçtan 0,00 m, kalıp simülasyonundan 0,00 m"
12-12,"Akan Zaman","Yumruk","yuruyen_balon",1,1,1,1,1,1,1,1,1,1,"ön","ön",0.00,"boss:Slow, boss hız x0,70",1.80,1.35,4.20,4.20,4.60,0.00,0.00,"","vuruş 4: 0,47s@boss3,00m/oyuncu0,00m 1,53s@boss2,70m/oyuncu0,00m 2,60s@boss2,38m/oyuncu0,00m 3,60s@boss2,08m/oyuncu0,00m; kalıp sonu: merkeze 1,80 m, başlangıçtan 1,20 m, kalıp simülasyonundan 0,00 m"
4-4,"Sabit Kalkan","Yumruk","duvar_dikme",1,1,1,1,1,1,1,1,1,1,"yerinde","yerinde",0.00,"",3.00,1.35,0.33,0.32,0.74,0.00,0.00,"","hasarsız skill (base_damage 0): etki hareketin kendisi; vuruş 1: 0,60s@boss0,62m/oyuncu2,38m; kalıp sonu: merkeze 3,00 m, başlangıçtan 0,00 m, kalıp simülasyonundan 0,00 m"
4-5,"Yayılan Kalkan","Yumruk","onde_yelpaze",1,1,1,1,1,1,1,1,1,1,"yerinde","yerinde",0.00,"",3.00,1.35,0.66,0.63,1.06,0.00,0.00,"","hasarsız skill (base_damage 0): etki hareketin kendisi; vuruş 1: 0,80s@boss1,88m/oyuncu1,12m; kalıp sonu: merkeze 3,00 m, başlangıçtan 0,00 m, kalıp simülasyonundan 0,00 m"
4-6,"Bağlayıcı Kalkan","Yumruk","zincirli_firlatma",1,1,1,1,1,1,1,1,1,1,"ön","ön",0.00,"",1.50,1.35,0.73,0.70,1.13,0.00,0.00,"2/4 kare koşu, ayak/gövde hız oranı 0,99","hasarsız skill (base_damage 0): etki hareketin kendisi; vuruş 2: 0,53s@boss0,45m/oyuncu3,45m 1,00s@boss0,48m/oyuncu1,28m; kalıp sonu: merkeze 1,50 m, başlangıçtan 1,50 m, kalıp simülasyonundan 0,00 m"
4-7,"Bulandırıcı Kalkan","Yumruk","duman_duvari",1,1,1,1,1,1,1,1,1,1,"yerinde","yerinde",0.00,"",2.80,1.35,0.54,0.52,0.93,0.05,0.00,"","hasarsız skill (base_damage 0): etki hareketin kendisi; vuruş 1: 0,60s@boss0,42m/oyuncu2,38m; kalıp sonu: merkeze 2,80 m, başlangıçtan 0,20 m, kalıp simülasyonundan 0,00 m"
4-8,"Yükselen Kalkan","Yumruk","yerden_buyuyen",1,1,1,1,1,1,1,1,1,1,"yerinde","yerinde",0.00,"",3.00,1.35,0.47,0.42,0.87,0.00,0.00,"","hasarsız skill (base_damage 0): etki hareketin kendisi; vuruş 1: 0,67s@boss6,98m/oyuncu4,33m; kalıp sonu: merkeze 3,18 m, başlangıçtan 0,25 m, kalıp simülasyonundan 0,00 m, kalıp hedefi AllyDummy"
4-9,"Odaklı Kalkan","Yumruk","koruyucu_isaret",1,1,1,1,1,1,1,1,1,1,"geri","geri",0.00,"",3.00,1.35,0.27,0.20,0.67,0.00,0.00,"0/3 kare koşu","hasarsız skill (base_damage 0): etki hareketin kendisi; vuruş 1: 0,53s@boss3,90m/oyuncu0,35m; kalıp sonu: merkeze 3,61 m, başlangıçtan 0,80 m, kalıp simülasyonundan 0,00 m, kalıp hedefi AllyDummy"
5-4,"Sabit Patlama","Yumruk","mayin_cakma",1,1,1,1,1,1,1,1,1,1,"yerinde","yerinde",140200.00,"",2.85,1.35,0.60,0.54,0.93,0.00,0.00,"","vuruş 2: 0,66s@boss0,85m/oyuncu2,00m 0,73s@boss0,85m/oyuncu2,00m; kalıp sonu: merkeze 2,85 m, başlangıçtan 0,15 m, kalıp simülasyonundan 0,00 m"
5-5,"Yayılan Patlama","Yumruk","yer_yarigi",1,1,1,1,1,1,1,1,1,1,"ön","ön",114416.00,"",1.50,1.35,0.61,0.56,0.94,0.03,0.00,"0/8 kare koşu","vuruş 3: 0,60s@boss0,25m/oyuncu1,27m 0,67s@boss0,14m/oyuncu1,36m 0,80s@boss0,22m/oyuncu1,28m; kalıp sonu: merkeze 1,50 m, başlangıçtan 2,07 m, kalıp simülasyonundan 0,00 m"
5-6,"Bağlayıcı Patlama","Yumruk","gerilip_kopan",1,1,1,1,1,1,1,1,1,1,"geri","geri",129096.00,"boss:Root+Slow, boss hız x0,00",1.35,1.35,0.60,0.58,0.93,0.00,0.00,"0/6 kare koşu","vuruş 2: 0,47s@boss0,85m/oyuncu1,10m 0,80s@boss0,85m/oyuncu2,65m; kalıp sonu: merkeze 2,78 m, başlangıçtan 0,50 m, kalıp simülasyonundan 0,00 m, boss 0,72 m kaydı"
5-7,"Bulandırıcı Patlama","Yumruk","sis_bombasi",1,1,1,1,1,1,1,1,1,1,"yerinde","yerinde",133040.00,"boss:Blind",3.00,1.35,0.26,0.22,0.60,0.00,0.00,"","vuruş 1: 0,47s@boss0,35m/oyuncu3,35m; kalıp sonu: merkeze 3,00 m, başlangıçtan 0,00 m, kalıp simülasyonundan 0,00 m"
5-8,"Yükselen Patlama","Yumruk","yerden_fiskirma",1,1,1,1,1,1,1,1,1,1,"ön","ön",150680.00,"boss:Stun, boss hız x0,00",2.60,1.35,0.46,0.44,0.80,0.00,0.00,"","vuruş 1: 0,60s@boss0,00m/oyuncu2,75m; kalıp sonu: merkeze 2,60 m, başlangıçtan 0,40 m, kalıp simülasyonundan 0,00 m"
5-9,"Odaklı Patlama","Yumruk","gudumlu_top",1,1,1,1,1,1,1,1,1,1,"yerinde","yerinde",237696.00,"",3.00,1.35,0.60,0.56,0.93,0.00,0.00,"","vuruş 1: 0,80s@boss0,00m/oyuncu3,00m; kalıp sonu: merkeze 3,00 m, başlangıçtan 0,00 m, kalıp simülasyonundan 0,00 m"
6-4,"Sabit Bağ","Yumruk","karsilikli_kilit",1,1,1,1,1,1,1,1,1,1,"ön","ön",37552.00,"boss:Root, boss hız x0,00",1.50,1.35,3.26,3.24,3.60,0.00,0.00,"1/4 kare koşu, ayak/gövde hız oranı 1,02","vuruş 1: 0,80s@boss0,40m/oyuncu1,11m; kalıp sonu: merkeze 1,50 m, başlangıçtan 1,50 m, kalıp simülasyonundan 0,00 m"
6-5,"Yayılan Bağ","Yumruk","yer_tuzagi",1,1,1,1,1,1,1,1,1,1,"yerinde","yerinde",32880.00,"boss:Root, boss hız x0,00",3.00,1.35,0.33,0.28,0.67,0.00,0.00,"","vuruş 1: 0,47s@boss0,62m/oyuncu2,38m; kalıp sonu: merkeze 3,00 m, başlangıçtan 0,00 m, kalıp simülasyonundan 0,00 m"
6-6,"Bağlayıcı Bağ","Yumruk","iki_uclu",1,1,1,1,1,1,1,1,1,1,"yerinde","yerinde",39808.00,"boss:Root+Slow, boss hız x0,00",3.00,1.35,0.67,0.65,1.00,0.00,0.00,"","vuruş 1: 0,47s@boss0,28m/oyuncu3,28m; kalıp sonu: merkeze 3,00 m, başlangıçtan 0,00 m, kalıp simülasyonundan 0,00 m"
6-7,"Bulandırıcı Bağ","Yumruk","goz_bagi",1,1,1,1,1,1,1,1,1,1,"yerinde","yerinde",37088.00,"boss:Blind+Root, boss hız x0,00",3.00,1.35,0.27,0.20,0.60,0.00,0.00,"","vuruş 1: 0,47s@boss0,28m/oyuncu3,28m; kalıp sonu: merkeze 3,00 m, başlangıçtan 0,00 m, kalıp simülasyonundan 0,00 m"
6-8,"Yükselen Bağ","Yumruk","havada_asma",1,1,1,1,1,1,1,1,1,1,"ön","ön",42040.00,"boss:Root, boss hız x0,00",1.50,1.35,1.20,1.14,1.54,0.00,0.00,"0/5 kare koşu","vuruş 1: 0,80s@boss1,50m/oyuncu0,00m; kalıp sonu: merkeze 1,50 m, başlangıçtan 1,50 m, kalıp simülasyonundan 0,00 m"
6-9,"Odaklı Bağ","Yumruk","zamanli_donma",1,1,1,1,1,1,1,1,1,1,"ön","ön",99544.00,"boss:Root, boss hız x0,00",1.50,1.35,0.51,0.50,0.87,0.00,0.00,"0/3 kare koşu","vuruş 1: 0,73s@boss0,55m/oyuncu1,28m; kalıp sonu: merkeze 1,50 m, başlangıçtan 1,50 m, kalıp simülasyonundan 0,00 m"
7-4,"Sabit Zafiyet","Yumruk","mayin_cakma",1,1,1,1,1,1,1,1,1,1,"yerinde","yerinde",12208.00,"",2.85,1.35,0.60,0.54,1.00,0.00,0.00,"","vuruş 2: 0,73s@boss0,85m/oyuncu2,00m 0,80s@boss0,85m/oyuncu2,00m; kalıp sonu: merkeze 2,85 m, başlangıçtan 0,15 m, kalıp simülasyonundan 0,00 m"
7-5,"Yayılan Zafiyet","Yumruk","onde_yelpaze",1,1,1,1,1,1,1,1,1,1,"yerinde","yerinde",17832.00,"",3.00,1.35,0.67,0.63,1.07,0.00,0.00,"","vuruş 1: 0,80s@boss1,88m/oyuncu1,12m; kalıp sonu: merkeze 3,00 m, başlangıçtan 0,00 m, kalıp simülasyonundan 0,00 m"
7-6,"Bağlayıcı Zafiyet","Yumruk","dost_ip",1,1,1,1,1,1,1,1,1,1,"yerinde","yerinde",14400.00,"boss:Root+Slow, boss hız x0,00",3.00,1.35,0.66,0.62,1.07,0.00,0.00,"","vuruş 1: 0,55s@boss0,28m/oyuncu3,28m; kalıp sonu: merkeze 3,00 m, başlangıçtan 0,00 m, kalıp simülasyonundan 0,00 m"
8-4,"Sabit Yükseliş","Yumruk","totem_dikme",1,1,1,1,1,1,1,1,1,1,"yerinde","yerinde",0.00,"",3.00,1.35,0.34,0.30,0.74,0.00,0.00,"","hasarsız skill (base_damage 0): etki hareketin kendisi; vuruş 1: 0,60s@boss3,10m/oyuncu0,00m; kalıp sonu: merkeze 3,11 m, başlangıçtan 0,15 m, kalıp simülasyonundan 0,00 m, kalıp hedefi AllyDummy"
8-5,"Yayılan Yükseliş","Yumruk","savas_narasi",1,1,1,1,1,1,1,1,1,1,"yerinde","yerinde",0.00,"",3.00,1.35,0.40,0.36,0.80,0.00,0.00,"","hasarsız skill (base_damage 0): etki hareketin kendisi; vuruş 1: 0,60s@boss3,00m/oyuncu0,00m; kalıp sonu: merkeze 3,00 m, başlangıçtan 0,00 m, kalıp simülasyonundan 0,00 m"
8-6,"Bağlayıcı Yükseliş","Yumruk","dost_dosta",1,1,1,1,1,1,1,1,1,1,"yan","yan",0.00,"",2.38,1.35,0.53,0.52,0.93,0.00,0.00,"1/4 kare koşu, ayak/gövde hız oranı 0,89","hasarsız skill (base_damage 0): etki hareketin kendisi; vuruş 3: 0,47s@boss4,05m/oyuncu1,22m 0,67s@boss2,84m/oyuncu1,41m 0,80s@boss4,76m/oyuncu2,38m; kalıp sonu: merkeze 2,38 m, başlangıçtan 1,41 m, kalıp simülasyonundan 0,00 m, kalıp hedefi AllyDummy"
9-4,"Sabit Arınma","Yumruk","yer_tuzagi",1,1,1,1,1,1,1,1,1,1,"yerinde","yerinde",0.00,"oyuncu +20000 can",3.00,1.35,0.33,0.28,0.73,0.00,0.00,"","vuruş 1: 0,53s@boss0,62m/oyuncu2,38m; kalıp sonu: merkeze 3,00 m, başlangıçtan 0,00 m, kalıp simülasyonundan 0,00 m"
9-5,"Yayılan Arınma","Yumruk","dagilan_yagmur",1,1,1,1,1,1,1,1,1,1,"yerinde","yerinde",0.00,"oyuncu +20000 can",3.00,1.35,0.60,0.58,1.00,0.00,0.00,"","vuruş 1: 0,80s@boss3,00m/oyuncu0,00m; kalıp sonu: merkeze 3,00 m, başlangıçtan 0,00 m, kalıp simülasyonundan 0,00 m, kalıp hedefi AllyDummy"
9-6,"Bağlayıcı Arınma","Yumruk","iki_uclu",1,1,1,1,1,1,1,1,1,1,"yerinde","yerinde",0.00,"oyuncu +20000 can",3.00,1.35,0.67,0.65,1.07,0.00,0.00,"","vuruş 1: 0,53s@boss6,36m/oyuncu3,88m; kalıp sonu: merkeze 3,00 m, başlangıçtan 0,00 m, kalıp simülasyonundan 0,00 m, kalıp hedefi AllyDummy"
4-10,"Aynalı Kalkan","Yumruk","sirtta_kapi",1,1,1,1,1,1,1,1,1,1,"ön","ön",24000.00,"",1.80,1.35,0.33,0.32,0.73,0.00,0.00,"0/3 kare koşu","vuruş 2: 0,47s@boss0,93m/oyuncu1,19m 0,60s@boss0,55m/oyuncu2,35m; kalıp sonu: merkeze 1,80 m, başlangıçtan 1,20 m, kalıp simülasyonundan 0,00 m"
4-11,"Kopya Kalkan","Yumruk","yem_kopya",1,1,1,1,1,1,1,1,1,1,"yerinde","yerinde",0.00,"",3.00,1.35,0.27,0.24,0.67,0.00,0.00,"","hasarsız skill (base_damage 0): etki hareketin kendisi; vuruş 1: 0,47s@boss2,98m/oyuncu1,29m; kalıp sonu: merkeze 3,00 m, başlangıçtan 0,00 m, kalıp simülasyonundan 0,00 m"
4-12,"Akan Kalkan","Yumruk","basili_siper",1,1,1,1,1,1,1,1,1,1,"geri","geri",0.00,"",3.00,1.35,3.01,3.00,3.41,0.00,0.00,"","hasarsız skill (base_damage 0): etki hareketin kendisi; vuruş 3: 1,14s@boss5,17m/oyuncu2,38m 2,13s@boss5,41m/oyuncu2,38m 3,15s@boss5,66m/oyuncu2,38m; kalıp sonu: merkeze 3,61 m, başlangıçtan 0,80 m, kalıp simülasyonundan 0,00 m, kalıp hedefi AllyDummy"
5-10,"Aynalı Patlama","Yumruk","karsi_darbe",1,1,1,1,1,1,1,1,1,1,"ön","ön",140040.00,"",1.70,1.35,0.40,0.36,0.73,0.00,0.00,"0/3 kare koşu","vuruş 1: 0,60s@boss0,56m/oyuncu1,36m; kalıp sonu: merkeze 1,70 m, başlangıçtan 1,30 m, kalıp simülasyonundan 0,00 m"
5-11,"Kopya Patlama","Yumruk","golge_yankisi",1,1,1,1,1,1,1,1,1,1,"ön","ön",132320.00,"",2.10,1.35,0.53,0.50,0.87,0.00,0.00,"1/3 kare koşu, ayak/gövde hız oranı 1,02","vuruş 2: 0,40s@boss1,10m/oyuncu1,15m 0,73s@boss1,95m/oyuncu1,39m; kalıp sonu: merkeze 2,10 m, başlangıçtan 0,90 m, kalıp simülasyonundan 0,00 m"
5-12,"Akan Patlama","Yumruk","patlayan_iz",1,1,1,1,1,1,1,1,1,1,"ön","ön",94392.00,"",1.50,1.35,2.94,3.00,3.27,0.00,0.00,"","vuruş 6: 0,73s@boss1,13m/oyuncu1,53m 1,27s@boss0,74m/oyuncu1,53m 1,73s@boss0,39m/oyuncu1,53m 2,27s@boss0,00m/oyuncu1,53m 2,74s@boss0,03m/oyuncu1,53m 3,27s@boss0,03m/oyuncu1,53m; kalıp sonu: merkeze 1,50 m, başlangıçtan 1,50 m, kalıp simülasyonundan 0,00 m"
6-10,"Aynalı Bağ","Yumruk","karsi_darbe",1,1,1,1,1,1,1,1,1,1,"ön","ön",38632.00,"boss:Root, boss hız x0,00",1.70,1.35,0.40,0.36,0.73,0.00,0.00,"0/3 kare koşu","vuruş 1: 0,60s@boss0,56m/oyuncu1,36m; kalıp sonu: merkeze 1,70 m, başlangıçtan 1,30 m, kalıp simülasyonundan 0,00 m"
6-11,"Kopya Bağ","Yumruk","onden_arkadan",1,1,1,1,1,1,1,1,1,1,"ön","ön",38400.00,"boss:Root, boss hız x0,00",2.10,1.35,0.40,0.34,0.73,0.00,0.00,"0/3 kare koşu","vuruş 2: 0,40s@boss1,15m/oyuncu1,11m 0,53s@boss0,60m/oyuncu2,70m; kalıp sonu: merkeze 2,10 m, başlangıçtan 0,90 m, kalıp simülasyonundan 0,00 m"
6-12,"Akan Bağ","Yumruk","cember_sarma",1,1,1,1,1,1,1,1,1,1,"arka","arka",17816.00,"boss:Root, boss hız x0,00",1.50,1.35,0.94,0.90,1.27,0.13,0.00,"0/11 kare koşu","vuruş 1: 1,14s@boss0,00m/oyuncu2,06m; kalıp sonu: merkeze 2,06 m, başlangıçtan 4,59 m, kalıp simülasyonundan 0,00 m"
10-4,"Sabit Yansı","Yumruk","duvar_dikme",1,1,1,1,1,1,1,1,1,1,"yerinde","yerinde",0.00,"",3.00,1.35,0.33,0.32,0.73,0.00,0.00,"","hasarsız skill (base_damage 0): etki hareketin kendisi; vuruş 1: 0,60s@boss0,62m/oyuncu2,38m; kalıp sonu: merkeze 3,00 m, başlangıçtan 0,00 m, kalıp simülasyonundan 0,00 m"
10-5,"Yayılan Yansı","Yumruk","yuruyen_balon",1,1,1,1,1,1,1,1,1,1,"ön","ön",0.00,"",1.80,1.35,4.20,4.20,4.61,0.00,0.00,"","hasarsız skill (base_damage 0): etki hareketin kendisi; vuruş 5: 0,47s@boss3,00m/oyuncu0,00m 1,87s@boss2,60m/oyuncu0,00m 2,58s@boss2,39m/oyuncu0,00m 3,58s@boss2,08m/oyuncu0,00m 4,54s@boss1,80m/oyuncu0,00m; kalıp sonu: merkeze 1,80 m, başlangıçtan 1,20 m, kalıp simülasyonundan 0,00 m"
10-6,"Bağlayıcı Yansı","Yumruk","silaha_kement",1,1,1,1,1,1,1,1,1,1,"yerinde","yerinde",0.00,"boss:Root+Slow, boss hız x0,00",3.00,1.35,1.00,0.94,1.40,0.00,0.00,"","vuruş 1: 0,53s@boss0,40m/oyuncu3,40m; kalıp sonu: merkeze 3,00 m, başlangıçtan 0,00 m, kalıp simülasyonundan 0,00 m"
11-4,"Sabit Çağrı","Yumruk","taret_dikme",1,1,1,1,1,1,1,1,1,1,"ön","ön",0.00,"",1.90,1.35,0.60,0.56,1.00,0.00,0.00,"0/2 kare koşu","hasarsız skill (base_damage 0): etki hareketin kendisi; vuruş 2: 0,60s@boss1,90m/oyuncu0,00m 0,87s@boss0,28m/oyuncu2,18m; kalıp sonu: merkeze 1,90 m, başlangıçtan 1,10 m, kalıp simülasyonundan 0,00 m"
11-5,"Yayılan Çağrı","Yumruk","dagilan_suru",1,1,1,1,1,1,1,1,1,1,"ön","ön",0.00,"",2.60,1.35,0.60,0.54,1.00,0.00,0.00,"0/2 kare koşu","hasarsız skill (base_damage 0): etki hareketin kendisi; vuruş 3: 0,53s@boss0,35m/oyuncu2,62m 0,67s@boss0,00m/oyuncu2,60m 0,87s@boss0,35m/oyuncu2,62m; kalıp sonu: merkeze 2,60 m, başlangıçtan 0,40 m, kalıp simülasyonundan 0,00 m"
11-6,"Bağlayıcı Çağrı","Yumruk","muhafiz",1,1,1,1,1,1,1,1,1,1,"ön","ön",0.00,"boss:Root+Slow, boss hız x0,00",1.85,1.35,0.67,0.66,1.07,0.00,0.00,"0/2 kare koşu","vuruş 1: 0,67s@boss1,89m/oyuncu1,20m; kalıp sonu: merkeze 1,85 m, başlangıçtan 1,15 m, kalıp simülasyonundan 0,00 m"
12-4,"Sabit Zaman","Yumruk","totem_dikme",1,1,1,1,1,1,1,1,1,1,"yerinde","yerinde",0.00,"boss:Slow+Stun, boss hız x0,00",2.85,1.35,0.33,0.30,0.73,0.00,0.00,"","vuruş 1: 0,60s@boss2,87m/oyuncu0,00m; kalıp sonu: merkeze 2,85 m, başlangıçtan 0,15 m, kalıp simülasyonundan 0,00 m"
12-5,"Yayılan Zaman","Yumruk","genisleyen_halka",1,1,1,1,1,1,1,1,1,1,"yerinde","yerinde",0.00,"boss:Slow, boss hız x0,70",3.00,1.35,0.60,0.58,1.00,0.00,0.00,"","vuruş 1: 0,80s@boss3,00m/oyuncu0,00m; kalıp sonu: merkeze 3,00 m, başlangıçtan 0,00 m, kalıp simülasyonundan 0,00 m"
12-6,"Bağlayıcı Zaman","Yumruk","iki_uclu",1,1,1,1,1,1,1,1,1,1,"yerinde","yerinde",0.00,"oyuncu:Haste, oyuncu hız x1,30",3.00,1.35,0.66,0.65,1.06,0.00,0.00,"","vuruş 1: 0,53s@boss0,28m/oyuncu3,28m; kalıp sonu: merkeze 3,00 m, başlangıçtan 0,00 m, kalıp simülasyonundan 0,00 m"
7-7,"Bulandırıcı Zafiyet","Yumruk","sis_bombasi",1,1,1,1,1,1,1,1,1,1,"yerinde","yerinde",12336.00,"boss:Blind",3.00,1.35,0.26,0.22,0.66,0.00,0.00,"","vuruş 1: 0,53s@boss0,35m/oyuncu3,35m; kalıp sonu: merkeze 3,00 m, başlangıçtan 0,00 m, kalıp simülasyonundan 0,00 m"
7-8,"Yükselen Zafiyet","Yumruk","yerden_fiskirma",1,1,1,1,1,1,1,1,1,1,"ön","ön",15536.00,"boss:Stun, boss hız x0,00",2.60,1.35,0.46,0.44,0.87,0.00,0.00,"","vuruş 1: 0,67s@boss0,00m/oyuncu2,75m; kalıp sonu: merkeze 2,60 m, başlangıçtan 0,40 m, kalıp simülasyonundan 0,00 m"
7-9,"Odaklı Zafiyet","Yumruk","isaret_patlamasi",1,1,1,1,1,1,1,1,1,1,"yerinde","yerinde",21496.00,"",3.00,1.35,1.93,1.92,2.33,0.00,0.00,"","vuruş 1: 2,20s@boss0,00m/oyuncu3,00m; kalıp sonu: merkeze 3,00 m, başlangıçtan 0,00 m, kalıp simülasyonundan 0,00 m"
7-10,"Aynalı Zafiyet","Yumruk","onden_arkadan",1,1,1,1,1,1,1,1,1,1,"ön","ön",16488.00,"",2.10,1.35,0.40,0.34,0.80,0.00,0.00,"0/3 kare koşu","vuruş 2: 0,47s@boss1,15m/oyuncu1,11m 0,60s@boss0,60m/oyuncu2,70m; kalıp sonu: merkeze 2,10 m, başlangıçtan 0,90 m, kalıp simülasyonundan 0,00 m"
7-11,"Kopya Zafiyet","Yumruk","golge_yankisi",1,1,1,1,1,1,1,1,1,1,"ön","ön",17464.00,"",2.10,1.35,0.53,0.50,0.93,0.00,0.00,"1/3 kare koşu, ayak/gövde hız oranı 1,01","vuruş 2: 0,47s@boss1,11m/oyuncu1,15m 0,80s@boss1,95m/oyuncu1,39m; kalıp sonu: merkeze 2,10 m, başlangıçtan 0,90 m, kalıp simülasyonundan 0,00 m"
7-12,"Akan Zafiyet","Yumruk","basili_isik",1,1,1,1,1,1,1,1,1,1,"ön","ön",12856.00,"",1.80,1.35,3.05,3.00,3.46,0.00,0.00,"","vuruş 6: 0,60s@boss0,17m/oyuncu2,72m 1,13s@boss0,04m/oyuncu2,72m 1,60s@boss0,22m/oyuncu2,72m 2,13s@boss0,44m/oyuncu2,72m 2,59s@boss0,62m/oyuncu2,72m 3,12s@boss0,83m/oyuncu2,72m; kalıp sonu: merkeze 1,80 m, başlangıçtan 1,20 m, kalıp simülasyonundan 0,00 m"
8-7,"Bulandırıcı Yükseliş","Yumruk","goz_bagi",1,1,1,1,1,1,1,1,1,1,"yerinde","yerinde",0.00,"",3.00,1.35,0.20,0.20,0.60,0.00,0.00,"","hasarsız skill (base_damage 0): etki hareketin kendisi; vuruş 1: 0,53s@boss0,28m/oyuncu3,28m; kalıp sonu: merkeze 3,00 m, başlangıçtan 0,00 m, kalıp simülasyonundan 0,00 m"
8-8,"Yükselen Yükseliş","Yumruk","buyuten_kemer",1,1,1,1,1,1,1,1,1,1,"yerinde","yerinde",0.00,"",3.00,1.35,0.47,0.42,0.87,0.00,0.00,"","hasarsız skill (base_damage 0): etki hareketin kendisi; vuruş 1: 0,67s@boss5,04m/oyuncu2,21m; kalıp sonu: merkeze 3,22 m, başlangıçtan 0,30 m, kalıp simülasyonundan 0,00 m, kalıp hedefi AllyDummy"
8-9,"Odaklı Yükseliş","Yumruk","gudumlu_top",1,1,1,1,1,1,1,1,1,1,"yerinde","yerinde",0.00,"",3.00,1.35,0.60,0.56,1.00,0.00,0.00,"","hasarsız skill (base_damage 0): etki hareketin kendisi; vuruş 1: 0,87s@boss6,98m/oyuncu4,53m; kalıp sonu: merkeze 3,00 m, başlangıçtan 0,00 m, kalıp simülasyonundan 0,00 m, kalıp hedefi AllyDummy"
8-10,"Aynalı Yükseliş","Yumruk","ters_es",1,1,1,1,1,1,1,1,1,1,"yerinde","yerinde",0.00,"",3.00,1.35,0.45,0.44,0.87,0.00,0.00,"","hasarsız skill (base_damage 0): etki hareketin kendisi; vuruş 2: 0,54s@boss2,60m/oyuncu0,40m 0,73s@boss0,00m/oyuncu3,00m; kalıp sonu: merkeze 3,00 m, başlangıçtan 0,00 m, kalıp simülasyonundan 0,00 m"
8-11,"Kopya Yükseliş","Yumruk","golge_ulak",1,1,1,1,1,1,1,1,1,1,"yan","yan",0.00,"",2.43,1.35,1.42,1.36,1.80,0.00,0.00,"1/3 kare koşu, ayak/gövde hız oranı 1,00","hasarsız skill (base_damage 0): etki hareketin kendisi; vuruş 2: 0,45s@boss3,26m/oyuncu0,35m 1,67s@boss3,08m/oyuncu1,46m; kalıp sonu: merkeze 2,43 m, başlangıçtan 1,41 m, kalıp simülasyonundan 0,00 m, kalıp hedefi AllyDummy"
8-12,"Akan Yükseliş","Yumruk","akinti_yolu",1,1,1,1,1,1,1,1,1,1,"geri","geri",0.00,"",3.00,1.35,0.93,0.94,1.34,0.00,0.00,"0/10 kare koşu","hasarsız skill (base_damage 0): etki hareketin kendisi; vuruş 1: 1,14s@boss6,27m/oyuncu2,38m; kalıp sonu: merkeze 4,11 m, başlangıçtan 1,40 m, kalıp simülasyonundan 0,00 m, kalıp hedefi AllyDummy"
9-7,"Bulandırıcı Arınma","Yumruk","sis_ortusu",1,1,1,1,1,1,1,1,1,1,"yerinde","yerinde",0.00,"oyuncu +20000 can",3.00,1.35,0.33,0.30,0.73,0.00,0.00,"","vuruş 1: 0,53s@boss0,00m/oyuncu3,00m; kalıp sonu: merkeze 3,00 m, başlangıçtan 0,00 m, kalıp simülasyonundan 0,00 m"
9-8,"Yükselen Arınma","Yumruk","isik_sutunu",1,1,1,1,1,1,1,1,1,1,"yerinde","yerinde",0.00,"oyuncu +20000 can",3.00,1.35,0.53,0.48,0.93,0.00,0.00,"","vuruş 1: 0,73s@boss3,06m/oyuncu0,00m; kalıp sonu: merkeze 3,07 m, başlangıçtan 0,10 m, kalıp simülasyonundan 0,00 m, kalıp hedefi AllyDummy"
9-9,"Odaklı Arınma","Yumruk","mermi_sondur",1,1,1,1,1,1,1,1,1,1,"yerinde","yerinde",0.00,"oyuncu +20000 can",3.00,1.35,0.40,0.38,0.80,0.00,0.00,"","vuruş 1: 0,67s@boss6,98m/oyuncu4,53m; kalıp sonu: merkeze 3,00 m, başlangıçtan 0,00 m, kalıp simülasyonundan 0,00 m, kalıp hedefi AllyDummy"
9-10,"Aynalı Arınma","Yumruk","yer_degistir",1,1,1,1,1,1,1,1,1,1,"arka","arka",0.00,"oyuncu +20000 can",1.50,1.35,0.40,0.34,0.80,0.00,0.00,"0/1 kare koşu","vuruş 1: 0,67s@boss0,31m/oyuncu1,19m; kalıp sonu: merkeze 1,50 m, başlangıçtan 4,50 m, kalıp simülasyonundan 0,00 m; tek karede 4,50 m sıçrama (sınır 2,89 m @ 78 ms, t=0,48, faz degis, blink tasarım gereği)"
9-11,"Kopya Arınma","Yumruk","yem_kopya",1,1,1,1,1,1,1,1,1,1,"yerinde","yerinde",0.00,"oyuncu +20000 can",3.00,1.35,0.27,0.24,0.67,0.00,0.00,"","vuruş 1: 0,47s@boss2,98m/oyuncu1,29m; kalıp sonu: merkeze 3,00 m, başlangıçtan 0,00 m, kalıp simülasyonundan 0,00 m"
9-12,"Akan Arınma","Yumruk","nabiz",1,1,1,1,1,1,1,1,1,1,"yerinde","yerinde",0.00,"oyuncu +16000 can, dost +8000 can",3.00,1.35,3.20,3.18,3.60,0.00,0.00,"","vuruş 3: 1,53s@boss3,00m/oyuncu0,00m 2,53s@boss3,00m/oyuncu0,00m 3,53s@boss3,00m/oyuncu0,00m; kalıp sonu: merkeze 3,00 m, başlangıçtan 0,00 m, kalıp simülasyonundan 0,00 m"
10-7,"Bulandırıcı Yansı","Yumruk","sahte_goruntu",1,1,1,1,1,1,1,1,1,1,"geri","geri",0.00,"boss:Blind",2.48,1.35,0.60,0.56,1.00,0.00,0.00,"1/5 kare koşu, ayak/gövde hız oranı 1,01","vuruş 3: 0,53s@boss2,60m/oyuncu1,37m 0,67s@boss2,60m/oyuncu1,37m 0,87s@boss3,22m/oyuncu0,00m; kalıp sonu: merkeze 3,38 m, başlangıçtan 0,37 m, kalıp simülasyonundan 0,00 m"
10-8,"Yükselen Yansı","Yumruk","yerden_buyuyen",1,1,1,1,1,1,1,1,1,1,"ön","ön",0.00,"",2.35,1.35,0.60,0.54,1.00,0.00,0.00,"0/2 kare koşu","hasarsız skill (base_damage 0): etki hareketin kendisi; vuruş 1: 0,80s@boss0,00m/oyuncu2,39m; kalıp sonu: merkeze 2,35 m, başlangıçtan 0,65 m, kalıp simülasyonundan 0,00 m"
10-9,"Odaklı Yansı","Yumruk","koruyucu_isaret",1,1,1,1,1,1,1,1,1,1,"ön","ön",0.00,"",1.73,1.35,0.33,0.32,0.73,0.00,0.00,"0/5 kare koşu","hasarsız skill (base_damage 0): etki hareketin kendisi; vuruş 1: 0,60s@boss1,59m/oyuncu0,35m; kalıp sonu: merkeze 1,73 m, başlangıçtan 1,28 m, kalıp simülasyonundan 0,00 m"
11-7,"Bulandırıcı Çağrı","Yumruk","sirt_saplama",1,1,1,1,1,1,1,1,1,1,"ön","ön",0.00,"boss:Blind",2.10,1.35,0.46,0.44,0.86,0.00,0.00,"0/2 kare koşu","vuruş 1: 0,73s@boss0,00m/oyuncu2,10m; kalıp sonu: merkeze 2,10 m, başlangıçtan 0,90 m, kalıp simülasyonundan 0,00 m"
11-8,"Yükselen Çağrı","Yumruk","dostu_yerden",1,1,1,1,1,1,1,1,1,1,"ön","ön",0.00,"",2.02,1.35,0.93,0.90,1.33,0.00,0.00,"0/10 kare koşu","hasarsız skill (base_damage 0): etki hareketin kendisi; vuruş 1: 1,13s@boss1,98m/oyuncu0,95m; kalıp sonu: merkeze 2,10 m, başlangıçtan 1,42 m, kalıp simülasyonundan 0,00 m"
11-9,"Odaklı Çağrı","Yumruk","pesinden_av",1,1,1,1,1,1,1,1,1,1,"ön","ön",0.00,"",1.90,1.35,2.46,2.46,2.80,0.00,0.00,"0/2 kare koşu","hasarsız skill (base_damage 0): etki hareketin kendisi; vuruş 1: 2,67s@boss0,00m/oyuncu1,90m; kalıp sonu: merkeze 1,90 m, başlangıçtan 1,10 m, kalıp simülasyonundan 0,00 m"
12-7,"Bulandırıcı Zaman","Yumruk","kum_saati",1,1,1,1,1,1,1,1,1,1,"yerinde","yerinde",0.00,"boss:Blind+Slow, boss hız x0,70",3.00,1.35,0.67,0.62,1.07,0.00,0.00,"","vuruş 1: 0,53s@boss0,28m/oyuncu3,28m; kalıp sonu: merkeze 3,00 m, başlangıçtan 0,00 m, kalıp simülasyonundan 0,00 m"
12-8,"Yükselen Zaman","Yumruk","isik_sutunu",1,1,1,1,1,1,1,1,1,1,"yerinde","yerinde",0.00,"oyuncu:Haste, oyuncu hız x1,50",2.90,1.35,0.53,0.48,0.94,0.00,0.00,"","vuruş 1: 0,74s@boss2,92m/oyuncu0,00m; kalıp sonu: merkeze 2,90 m, başlangıçtan 0,10 m, kalıp simülasyonundan 0,00 m"
12-9,"Odaklı Zaman","Yumruk","isaret_patlamasi",1,1,1,1,1,1,1,1,1,1,"yerinde","yerinde",0.00,"boss:Slow, boss hız x0,70",3.00,1.35,1.95,1.92,2.35,0.00,0.00,"","vuruş 1: 2,22s@boss0,00m/oyuncu3,00m; kalıp sonu: merkeze 3,00 m, başlangıçtan 0,00 m, kalıp simülasyonundan 0,00 m"
1-1,"Yoğun Vuruş","Kalkan","yukle_birak",1,1,1,1,1,1,1,1,1,1,"ön","ön",84648.00,"",1.50,1.35,0.54,0.52,0.93,0.00,0.00,"0/3 kare koşu","vuruş 1: 0,80s@boss0,38m/oyuncu1,53m; kalıp sonu: merkeze 1,50 m, başlangıçtan 1,50 m, kalıp simülasyonundan 0,00 m"
1-2,"Emici Vuruş","Kalkan","kan_ceken_pence",1,1,1,1,1,1,1,1,1,1,"yerinde","yerinde",61104.00,"oyuncu +18333 can",1.35,1.35,0.40,0.38,0.80,0.00,0.00,"","vuruş 3: 0,47s@boss1,70m/oyuncu1,02m 0,60s@boss1,15m/oyuncu1,02m 0,73s@boss0,61m/oyuncu1,02m; kalıp sonu: merkeze 1,35 m, başlangıçtan 0,00 m, kalıp simülasyonundan 0,00 m, boss 1,65 m kaydı"
1-3,"Sıçrayan Vuruş","Kalkan","yan_yan_sekme",1,1,1,1,1,1,1,1,1,1,"geri","geri",64752.00,"",2.67,1.35,0.59,0.58,1.00,0.00,0.00,"1/8 kare koşu, ayak/gövde hız oranı 1,05","vuruş 2: 0,60s@boss0,74m/oyuncu3,34m 0,93s@boss0,74m/oyuncu4,25m; kalıp sonu: merkeze 3,59 m, başlangıçtan 1,23 m, kalıp simülasyonundan 0,00 m"
1-4,"Sabit Vuruş","Kalkan","yere_cakilan",1,1,1,1,1,1,1,1,1,1,"ön","ön",61168.00,"",2.10,1.35,0.60,0.54,1.00,0.00,0.00,"0/2 kare koşu","vuruş 1: 0,87s@boss2,10m/oyuncu0,00m; kalıp sonu: merkeze 2,10 m, başlangıçtan 0,90 m, kalıp simülasyonundan 0,00 m"
1-5,"Yayılan Vuruş","Kalkan","donen_kesik",1,1,1,1,1,1,1,1,1,1,"yerinde","yerinde",53592.00,"",3.00,1.35,0.60,0.55,1.00,0.00,0.00,"","vuruş 1: 0,60s@boss3,00m/oyuncu0,00m; kalıp sonu: merkeze 3,00 m, başlangıçtan 0,00 m, kalıp simülasyonundan 0,00 m"
1-6,"Bağlayıcı Vuruş","Kalkan","zincirli_firlatma",1,1,1,1,1,1,1,1,1,1,"ön","ön",65960.00,"boss:Root+Slow, boss hız x0,00",1.50,1.35,0.73,0.70,1.13,0.00,0.00,"2/4 kare koşu, ayak/gövde hız oranı 0,97","vuruş 2: 0,53s@boss0,45m/oyuncu3,45m 1,00s@boss0,47m/oyuncu1,28m; kalıp sonu: merkeze 1,50 m, başlangıçtan 1,50 m, kalıp simülasyonundan 0,00 m"
2-1,"Yoğun Şifa","Kalkan","tek_dokunus",1,1,1,1,1,1,1,1,1,1,"geri","geri",0.00,"oyuncu +56000 can",3.00,1.35,0.20,0.16,0.60,0.00,0.00,"0/2 kare koşu","vuruş 1: 0,47s@boss3,90m/oyuncu0,68m; kalıp sonu: merkeze 3,41 m, başlangıçtan 0,55 m, kalıp simülasyonundan 0,00 m, kalıp hedefi AllyDummy"
2-2,"Emici Şifa","Kalkan","uzaktan_emme",1,1,1,1,1,1,1,1,1,1,"yerinde","yerinde",53192.00,"oyuncu +56000 can, dost +56000 can",2.65,1.35,2.21,2.16,2.62,0.00,0.00,"","vuruş 4: 1,02s@boss0,19m/oyuncu2,72m 1,55s@boss0,09m/oyuncu2,72m 2,02s@boss0,01m/oyuncu2,72m 2,55s@boss0,07m/oyuncu2,72m; kalıp sonu: merkeze 2,65 m, başlangıçtan 0,35 m, kalıp simülasyonundan 0,00 m"
2-3,"Sıçrayan Şifa","Kalkan","dosttan_dosta",1,1,1,1,1,1,1,1,1,1,"yerinde","yerinde",0.00,"oyuncu +40000 can, dost +20000 can",3.00,1.35,0.60,0.54,1.00,0.00,0.00,"","vuruş 3: 0,53s@boss6,43m/oyuncu3,95m 0,60s@boss6,98m/oyuncu4,53m 0,80s@boss6,88m/oyuncu4,54m; kalıp sonu: merkeze 3,00 m, başlangıçtan 0,00 m, kalıp simülasyonundan 0,00 m, kalıp hedefi AllyDummy"
2-4,"Sabit Şifa","Kalkan","totem_dikme",1,1,1,1,1,1,1,1,1,1,"yerinde","yerinde",0.00,"oyuncu +56000 can",3.00,1.35,0.33,0.30,0.73,0.00,0.00,"","vuruş 1: 0,60s@boss3,10m/oyuncu0,00m; kalıp sonu: merkeze 3,11 m, başlangıçtan 0,15 m, kalıp simülasyonundan 0,00 m, kalıp hedefi AllyDummy"
2-5,"Yayılan Şifa","Kalkan","genisleyen_halka",1,1,1,1,1,1,1,1,1,1,"yerinde","yerinde",0.00,"oyuncu +56000 can",3.00,1.35,0.60,0.58,1.00,0.00,0.00,"","vuruş 1: 0,80s@boss3,00m/oyuncu0,00m; kalıp sonu: merkeze 3,00 m, başlangıçtan 0,00 m, kalıp simülasyonundan 0,00 m"
2-6,"Bağlayıcı Şifa","Kalkan","dostu_kanca",1,1,1,1,1,1,1,1,1,1,"geri","geri",0.00,"oyuncu +56000 can",3.00,1.35,0.53,0.52,0.93,0.00,0.00,"1/6 kare koşu, ayak/gövde hız oranı 1,03","vuruş 1: 0,80s@boss5,79m/oyuncu0,40m; kalıp sonu: merkeze 5,92 m, başlangıçtan 3,40 m, kalıp simülasyonundan 0,00 m, kalıp hedefi AllyDummy"
3-1,"Yoğun Adım","Kalkan","isinlan_kes",1,1,1,1,1,1,1,1,1,1,"arka","arka",0.00,"",1.50,1.35,0.53,0.48,0.93,0.00,0.00,"0/1 kare koşu","hasarsız skill (base_damage 0): etki hareketin kendisi; vuruş 1: 0,80s@boss0,00m/oyuncu1,50m; kalıp sonu: merkeze 1,50 m, başlangıçtan 4,50 m, kalıp simülasyonundan 0,00 m; tek karede 4,50 m sıçrama (sınır 2,50 m @ 68 ms, t=0,73, faz isin, blink tasarım gereği)"
3-2,"Emici Adım","Kalkan","icinden_emme",1,1,1,1,1,1,1,1,1,1,"arka","arka",0.00,"",0.19,1.35,0.34,0.28,0.73,0.00,0.00,"1/5 kare koşu, ayak/gövde hız oranı 1,02","hasarsız skill (base_damage 0): etki hareketin kendisi; vuruş 1: 0,53s@boss0,23m/oyuncu1,36m; kalıp sonu: merkeze 2,61 m, başlangıçtan 5,22 m, kalıp simülasyonundan 0,43 m, boss 0,39 m kaydı; gövdeye girdi: merkeze 0,19 m (t=0,46, temas 1,35) geçiş tasarım gereği"
3-3,"Sıçrayan Adım","Kalkan","sekmeli_ziplama",1,1,1,1,1,1,1,1,1,1,"arka","arka",0.00,"",1.50,1.35,0.66,0.60,1.06,0.00,0.00,"0/9 kare koşu","hasarsız skill (base_damage 0): etki hareketin kendisi; vuruş 3: 0,53s@boss1,79m/oyuncu0,00m 0,73s@boss1,50m/oyuncu0,00m 0,93s@boss1,50m/oyuncu0,00m; kalıp sonu: merkeze 1,50 m, başlangıçtan 4,50 m, kalıp simülasyonundan 0,00 m"
3-4,"Sabit Adım","Kalkan","geri_sarma",1,1,1,1,1,1,1,1,1,1,"başlangıç","başlangıç",0.00,"",1.50,1.35,2.67,2.66,3.08,0.00,0.00,"2/9 kare koşu, ayak/gövde hız oranı 0,92","hasarsız skill (base_damage 0): etki hareketin kendisi; kalıp sonu: merkeze 3,00 m, başlangıçtan 0,00 m, kalıp simülasyonundan 0,00 m"
3-5,"Yayılan Adım","Kalkan","dalis_patlamasi",1,1,1,1,1,1,1,1,1,1,"ön","ön",0.00,"",1.50,1.35,0.46,0.42,0.87,0.00,0.00,"0/4 kare koşu","hasarsız skill (base_damage 0): etki hareketin kendisi; vuruş 1: 0,67s@boss1,50m/oyuncu0,00m; kalıp sonu: merkeze 1,50 m, başlangıçtan 1,50 m, kalıp simülasyonundan 0,00 m"
3-6,"Bağlayıcı Adım","Kalkan","kanca_cekis",1,1,1,1,1,1,1,1,1,1,"arka","arka",0.00,"boss:Root+Slow, boss hız x0,00",1.50,1.35,0.80,0.74,1.20,0.00,0.00,"1/10 kare koşu, ayak/gövde hız oranı 1,02","vuruş 1: 1,00s@boss0,00m/oyuncu1,50m; kalıp sonu: merkeze 1,50 m, başlangıçtan 4,50 m, kalıp simülasyonundan 0,00 m"
4-1,"Yoğun Kalkan","Kalkan","tam_zamanli",1,1,1,1,1,1,1,1,1,1,"yerinde","yerinde",0.00,"",3.00,1.35,0.53,0.50,0.87,0.00,0.00,"","hasarsız skill (base_damage 0): etki hareketin kendisi; vuruş 1: 0,67s@boss0,62m/oyuncu2,38m; kalıp sonu: merkeze 3,00 m, başlangıçtan 0,00 m, kalıp simülasyonundan 0,00 m"
4-2,"Emici Kalkan","Kalkan","kalkan_calma",1,1,1,1,1,1,1,1,1,1,"yerinde","yerinde",95000.00,"",1.35,1.35,0.20,0.20,0.53,0.00,0.00,"","vuruş 1: 0,40s@boss1,45m/oyuncu1,28m; kalıp sonu: merkeze 2,17 m, başlangıçtan 0,00 m, kalıp simülasyonundan 0,00 m, boss 0,83 m kaydı"
4-3,"Sıçrayan Kalkan","Kalkan","seken_disk",1,1,1,1,1,1,1,1,1,1,"yerinde","yerinde",0.00,"",3.00,1.35,0.47,0.42,0.80,0.00,0.00,"","hasarsız skill (base_damage 0): etki hareketin kendisi; vuruş 2: 0,47s@boss0,30m/oyuncu3,30m 0,60s@boss3,04m/oyuncu1,43m; kalıp sonu: merkeze 3,00 m, başlangıçtan 0,00 m, kalıp simülasyonundan 0,00 m"
5-1,"Yoğun Patlama","Kalkan","saplanan_fitil",1,1,1,1,1,1,1,1,1,1,"geri","geri",59184.00,"",2.38,1.35,1.60,1.62,2.00,0.00,0.00,"1/6 kare koşu, ayak/gövde hız oranı 1,04","vuruş 2: 0,47s@boss0,85m/oyuncu1,53m 2,00s@boss0,85m/oyuncu2,95m; kalıp sonu: merkeze 3,80 m, başlangıçtan 0,80 m, kalıp simülasyonundan 0,00 m"
5-2,"Emici Patlama","Kalkan","ceken_girdap",1,1,1,1,1,1,1,1,1,1,"yerinde","yerinde",42808.00,"oyuncu +12841 can",1.35,1.35,1.33,1.32,1.73,0.00,0.00,"","vuruş 3: 1,07s@boss0,00m/oyuncu1,35m 1,53s@boss0,00m/oyuncu1,35m 1,60s@boss0,00m/oyuncu1,35m; kalıp sonu: merkeze 1,35 m, başlangıçtan 0,00 m, kalıp simülasyonundan 0,00 m, boss 1,65 m kaydı"
5-3,"Sıçrayan Patlama","Kalkan","seken_bomba",1,1,1,1,1,1,1,1,1,1,"yerinde","yerinde",44440.00,"",3.00,1.35,0.60,0.58,1.00,0.00,0.00,"","vuruş 3: 0,53s@boss0,40m/oyuncu3,40m 0,66s@boss0,00m/oyuncu3,00m 0,87s@boss0,35m/oyuncu3,02m; kalıp sonu: merkeze 3,00 m, başlangıçtan 0,00 m, kalıp simülasyonundan 0,00 m"
6-1,"Yoğun Bağ","Kalkan","sinir_noktasi",1,1,1,1,1,1,1,1,1,1,"ön","ön",21256.00,"boss:Stun, boss hız x0,00",1.50,1.35,0.40,0.34,0.73,0.00,0.00,"0/4 kare koşu","vuruş 1: 0,60s@boss0,91m/oyuncu0,59m; kalıp sonu: merkeze 1,50 m, başlangıçtan 1,50 m, kalıp simülasyonundan 0,00 m"
6-2,"Emici Bağ","Kalkan","bossu_cek",1,1,1,1,1,1,1,1,1,1,"geri","geri",15400.00,"boss:Root, boss hız x0,00, oyuncu +4621 can",1.35,1.35,0.40,0.44,0.76,0.00,0.00,"1/5 kare koşu, ayak/gövde hız oranı 1,01","vuruş 1: 0,57s@boss1,82m/oyuncu1,36m; kalıp sonu: merkeze 2,96 m, başlangıçtan 1,60 m, kalıp simülasyonundan 0,00 m, boss 1,64 m kaydı"
6-3,"Sıçrayan Bağ","Kalkan","basip_sekme",1,1,1,1,1,1,1,1,1,1,"başlangıç","başlangıç",16680.00,"boss:Root, boss hız x0,00",1.67,1.35,0.53,0.52,0.87,0.00,0.00,"0/7 kare koşu","vuruş 1: 0,60s@boss1,50m/oyuncu0,25m; kalıp sonu: merkeze 3,20 m, başlangıçtan 0,20 m, kalıp simülasyonundan 0,00 m"
1-7,"Bulandırıcı Vuruş","Kalkan","dumandan_cikis",1,1,1,1,1,1,1,1,1,1,"ön","ön",62208.00,"boss:Blind, oyuncu:Stealth",1.50,1.35,0.53,0.48,0.93,0.00,0.00,"0/4 kare koşu","vuruş 1: 0,73s@boss0,74m/oyuncu1,36m; kalıp sonu: merkeze 1,50 m, başlangıçtan 1,50 m, kalıp simülasyonundan 0,00 m"
1-8,"Yükselen Vuruş","Kalkan","havaya_kaldirma",1,1,1,1,1,1,1,1,1,1,"ön","ön",70488.00,"boss:Stun, boss hız x0,00",1.90,1.35,0.40,0.34,0.80,0.00,0.00,"0/5 kare koşu","vuruş 1: 0,53s@boss1,08m/oyuncu1,28m; kalıp sonu: merkeze 1,90 m, başlangıçtan 1,10 m, kalıp simülasyonundan 0,00 m"
1-9,"Odaklı Vuruş","Kalkan","isarete_vur",1,1,1,1,1,1,1,1,1,1,"ön","ön",111256.00,"",1.65,1.35,0.40,0.38,0.80,0.00,0.00,"0/3 kare koşu","vuruş 1: 0,67s@boss0,78m/oyuncu1,28m; kalıp sonu: merkeze 1,65 m, başlangıçtan 1,35 m, kalıp simülasyonundan 0,00 m"
2-7,"Bulandırıcı Şifa","Kalkan","sis_ortusu",1,1,1,1,1,1,1,1,1,1,"yerinde","yerinde",0.00,"oyuncu:Stealth, oyuncu +56000 can",3.00,1.35,0.33,0.30,0.73,0.00,0.00,"","vuruş 1: 0,53s@boss0,00m/oyuncu3,00m; kalıp sonu: merkeze 3,00 m, başlangıçtan 0,00 m, kalıp simülasyonundan 0,00 m"
2-8,"Yükselen Şifa","Kalkan","yerden_buyuyen",1,1,1,1,1,1,1,1,1,1,"yerinde","yerinde",0.00,"oyuncu +56000 can",3.00,1.35,0.47,0.42,0.87,0.00,0.00,"","vuruş 1: 0,67s@boss6,98m/oyuncu4,33m; kalıp sonu: merkeze 3,18 m, başlangıçtan 0,25 m, kalıp simülasyonundan 0,00 m, kalıp hedefi AllyDummy"
2-9,"Odaklı Şifa","Kalkan","koruyucu_isaret",1,1,1,1,1,1,1,1,1,1,"geri","geri",0.00,"oyuncu +56000 can",3.00,1.35,0.27,0.20,0.67,0.00,0.00,"0/3 kare koşu","vuruş 1: 0,53s@boss3,90m/oyuncu0,35m; kalıp sonu: merkeze 3,61 m, başlangıçtan 0,80 m, kalıp simülasyonundan 0,00 m, kalıp hedefi AllyDummy"
3-7,"Bulandırıcı Adım","Kalkan","duman_kaybolma",1,1,1,1,1,1,1,1,1,1,"ön","ön",0.00,"boss:Blind, oyuncu:Stealth",1.50,1.35,0.60,0.59,1.00,0.00,0.00,"0/2 kare koşu","vuruş 1: 0,53s@boss1,50m/oyuncu0,00m; kalıp sonu: merkeze 1,50 m, başlangıçtan 1,50 m, kalıp simülasyonundan 0,00 m"
3-8,"Yükselen Adım","Kalkan","sicrayip_cakilma",1,1,1,1,1,1,1,1,1,1,"ön","ön",0.00,"oyuncu:Haste, oyuncu hız x1,10",1.50,1.35,0.87,0.82,1.27,0.00,0.00,"0/5 kare koşu","vuruş 1: 1,13s@boss1,50m/oyuncu0,00m; kalıp sonu: merkeze 1,50 m, başlangıçtan 1,50 m, kalıp simülasyonundan 0,00 m"
3-9,"Odaklı Adım","Kalkan","isinlan_kes",1,1,1,1,1,1,1,1,1,1,"arka","arka",0.00,"",1.50,1.35,0.53,0.48,0.94,0.00,0.00,"0/1 kare koşu","hasarsız skill (base_damage 0): etki hareketin kendisi; vuruş 1: 0,80s@boss0,00m/oyuncu1,50m; kalıp sonu: merkeze 1,50 m, başlangıçtan 4,50 m, kalıp simülasyonundan 0,00 m; tek karede 4,50 m sıçrama (sınır 2,50 m @ 68 ms, t=0,74, faz isin, blink tasarım gereği)"
7-1,"Yoğun Zafiyet","Kalkan","diken_firlatma",1,1,1,1,1,1,1,1,1,1,"yerinde","yerinde",11320.00,"",3.00,1.35,0.33,0.40,0.74,0.00,0.00,"","vuruş 1: 0,74s@boss0,30m/oyuncu3,30m; kalıp sonu: merkeze 3,00 m, başlangıçtan 0,00 m, kalıp simülasyonundan 0,00 m"
7-2,"Emici Zafiyet","Kalkan","sokup_cekme",1,1,1,1,1,1,1,1,1,1,"geri","geri",8376.00,"oyuncu +2513 can",1.35,1.35,0.47,0.44,0.87,0.00,0.00,"2/5 kare koşu, ayak/gövde hız oranı 1,02","vuruş 2: 0,54s@boss0,35m/oyuncu2,90m 0,67s@boss1,47m/oyuncu1,19m; kalıp sonu: merkeze 2,38 m, başlangıçtan 1,30 m, kalıp simülasyonundan 0,00 m, boss 1,92 m kaydı"
7-3,"Sıçrayan Zafiyet","Kalkan","seken_yaratik",1,1,1,1,1,1,1,1,1,1,"yerinde","yerinde",10296.00,"",3.00,1.35,0.67,0.64,1.07,0.00,0.00,"","vuruş 3: 0,60s@boss0,00m/oyuncu3,00m 0,80s@boss0,35m/oyuncu3,02m 0,93s@boss0,35m/oyuncu3,02m; kalıp sonu: merkeze 3,00 m, başlangıçtan 0,00 m, kalıp simülasyonundan 0,00 m"
8-1,"Yoğun Yükseliş","Kalkan","kuculten_kapi",1,1,1,1,1,1,1,1,1,1,"yerinde","yerinde",0.00,"",3.00,1.35,0.34,0.28,0.67,0.00,0.00,"","hasarsız skill (base_damage 0): etki hareketin kendisi; vuruş 1: 0,47s@boss0,62m/oyuncu2,38m; kalıp sonu: merkeze 3,00 m, başlangıçtan 0,00 m, kalıp simülasyonundan 0,00 m"
8-2,"Emici Yükseliş","Kalkan","kan_muhru",1,1,1,1,1,1,1,1,1,1,"yerinde","yerinde",0.00,"",3.00,1.35,0.33,0.32,0.67,0.00,0.00,"","hasarsız skill (base_damage 0): etki hareketin kendisi; vuruş 1: 0,47s@boss3,00m/oyuncu0,00m; kalıp sonu: merkeze 3,00 m, başlangıçtan 0,00 m, kalıp simülasyonundan 0,00 m"
8-3,"Sıçrayan Yükseliş","Kalkan","pas_verme",1,1,1,1,1,1,1,1,1,1,"yerinde","yerinde",0.00,"",3.00,1.35,0.26,0.24,0.60,0.00,0.00,"","hasarsız skill (base_damage 0): etki hareketin kendisi; vuruş 1: 0,53s@boss6,38m/oyuncu3,90m; kalıp sonu: merkeze 3,00 m, başlangıçtan 0,00 m, kalıp simülasyonundan 0,00 m, kalıp hedefi AllyDummy"
9-1,"Yoğun Arınma","Kalkan","tek_dokunus",1,1,1,1,1,1,1,1,1,1,"geri","geri",0.00,"oyuncu +12000 can",3.00,1.35,0.20,0.16,0.60,0.00,0.00,"0/2 kare koşu","vuruş 1: 0,47s@boss3,89m/oyuncu0,68m; kalıp sonu: merkeze 3,41 m, başlangıçtan 0,55 m, kalıp simülasyonundan 0,00 m, kalıp hedefi AllyDummy"
9-2,"Emici Arınma","Kalkan","cekip_firlat",1,1,1,1,1,1,1,1,1,1,"yerinde","yerinde",0.00,"oyuncu +4000 can, dost +8000 can",3.00,1.35,0.53,0.50,0.93,0.00,0.00,"","vuruş 2: 0,53s@boss2,65m/oyuncu0,35m 0,87s@boss0,30m/oyuncu3,30m; kalıp sonu: merkeze 3,00 m, başlangıçtan 0,00 m, kalıp simülasyonundan 0,00 m"
9-3,"Sıçrayan Arınma","Kalkan","dosttan_dosta",1,1,1,1,1,1,1,1,1,1,"yerinde","yerinde",0.00,"oyuncu +8000 can, dost +4000 can",3.00,1.35,0.60,0.54,1.00,0.00,0.00,"","vuruş 3: 0,53s@boss6,43m/oyuncu3,95m 0,60s@boss6,98m/oyuncu4,53m 0,80s@boss6,88m/oyuncu4,54m; kalıp sonu: merkeze 3,00 m, başlangıçtan 0,00 m, kalıp simülasyonundan 0,00 m, kalıp hedefi AllyDummy"
1-10,"Aynalı Vuruş","Kalkan","sirtta_kapi",1,1,1,1,1,1,1,1,1,1,"ön","ön",79664.00,"",1.80,1.35,0.33,0.32,0.73,0.00,0.00,"0/3 kare koşu","vuruş 2: 0,46s@boss0,93m/oyuncu1,19m 0,60s@boss0,55m/oyuncu2,35m; kalıp sonu: merkeze 1,80 m, başlangıçtan 1,20 m, kalıp simülasyonundan 0,00 m"
1-11,"Kopya Vuruş","Kalkan","golge_yankisi",1,1,1,1,1,1,1,1,1,1,"ön","ön",63736.00,"",2.10,1.35,0.53,0.50,0.93,0.00,0.00,"1/3 kare koşu, ayak/gövde hız oranı 1,02","vuruş 2: 0,47s@boss1,10m/oyuncu1,15m 0,80s@boss1,95m/oyuncu1,39m; kalıp sonu: merkeze 2,10 m, başlangıçtan 0,90 m, kalıp simülasyonundan 0,00 m"
1-12,"Akan Vuruş","Kalkan","basili_seri",1,1,1,1,1,1,1,1,1,1,"ön","ön",44712.00,"",1.60,1.35,3.01,3.00,3.41,0.00,0.00,"","vuruş 6: 0,60s@boss1,73m/oyuncu1,15m 1,14s@boss1,48m/oyuncu1,15m 1,60s@boss1,26m/oyuncu1,15m 2,14s@boss1,01m/oyuncu1,15m 2,61s@boss0,79m/oyuncu1,15m 3,14s@boss0,54m/oyuncu1,15m; kalıp sonu: merkeze 1,60 m, başlangıçtan 1,40 m, kalıp simülasyonundan 0,00 m"
2-10,"Aynalı Şifa","Kalkan","ters_es",1,1,1,1,1,1,1,1,1,1,"yerinde","yerinde",0.00,"oyuncu +112000 can",3.00,1.35,0.47,0.44,0.88,0.00,0.00,"","vuruş 2: 0,54s@boss2,60m/oyuncu0,40m 0,74s@boss0,00m/oyuncu3,00m; kalıp sonu: merkeze 3,00 m, başlangıçtan 0,00 m, kalıp simülasyonundan 0,00 m"
2-11,"Kopya Şifa","Kalkan","golge_ulak",1,1,1,1,1,1,1,1,1,1,"yan","yan",0.00,"oyuncu +32000 can, dost +24000 can",2.43,1.35,1.40,1.36,1.80,0.00,0.00,"1/3 kare koşu, ayak/gövde hız oranı 1,00","vuruş 2: 0,47s@boss3,26m/oyuncu0,35m 1,67s@boss3,05m/oyuncu1,46m; kalıp sonu: merkeze 2,43 m, başlangıçtan 1,41 m, kalıp simülasyonundan 0,00 m, kalıp hedefi AllyDummy"
2-12,"Akan Şifa","Kalkan","basili_isik",1,1,1,1,1,1,1,1,1,1,"geri","geri",0.00,"oyuncu +24000 can, dost +24000 can",3.00,1.35,3.07,3.00,3.47,0.00,0.00,"","vuruş 6: 0,60s@boss5,38m/oyuncu2,72m 1,13s@boss5,58m/oyuncu2,72m 1,60s@boss5,75m/oyuncu2,72m 2,13s@boss5,95m/oyuncu2,72m 2,60s@boss6,13m/oyuncu2,72m 3,13s@boss6,33m/oyuncu2,72m; kalıp sonu: merkeze 3,94 m, başlangıçtan 1,20 m, kalıp simülasyonundan 0,00 m, kalıp hedefi AllyDummy"
3-10,"Aynalı Adım","Kalkan","iki_kapi",1,1,1,1,1,1,1,1,1,1,"ön","ön",0.00,"",1.50,1.35,0.60,0.54,1.00,0.00,0.00,"0/4 kare koşu","hasarsız skill (base_damage 0): etki hareketin kendisi; vuruş 2: 0,40s@boss3,00m/oyuncu0,00m 0,80s@boss1,50m/oyuncu0,00m; kalıp sonu: merkeze 1,50 m, başlangıçtan 1,50 m, kalıp simülasyonundan 0,00 m"
3-11,"Kopya Adım","Kalkan","yem_kac",1,1,1,1,1,1,1,1,1,1,"geri","geri",0.00,"",3.00,1.35,0.40,0.40,0.80,0.00,0.00,"1/5 kare koşu, ayak/gövde hız oranı 1,05","hasarsız skill (base_damage 0): etki hareketin kendisi; vuruş 1: 0,40s@boss3,00m/oyuncu0,00m; kalıp sonu: merkeze 5,80 m, başlangıçtan 2,80 m, kalıp simülasyonundan 0,00 m"
3-12,"Akan Adım","Kalkan","suzulme",1,1,1,1,1,1,1,1,1,1,"ön","ön",0.00,"",1.90,1.35,3.00,3.00,3.40,0.00,0.00,"","hasarsız skill (base_damage 0): etki hareketin kendisi; kalıp sonu: merkeze 1,90 m, başlangıçtan 1,10 m, kalıp simülasyonundan 0,00 m"
10-1,"Yoğun Yansı","Kalkan","tam_zamanli",1,1,1,1,1,1,1,1,1,1,"yerinde","yerinde",0.00,"",3.00,1.35,0.53,0.50,0.87,0.00,0.00,"","hasarsız skill (base_damage 0): etki hareketin kendisi; vuruş 1: 0,67s@boss0,62m/oyuncu2,38m; kalıp sonu: merkeze 3,00 m, başlangıçtan 0,00 m, kalıp simülasyonundan 0,00 m"
10-2,"Emici Yansı","Kalkan","yutan_girdap",1,1,1,1,1,1,1,1,1,1,"yerinde","yerinde",0.00,"",3.00,1.35,3.20,3.18,3.53,0.00,0.00,"","hasarsız skill (base_damage 0): etki hareketin kendisi; vuruş 4: 1,20s@boss0,62m/oyuncu2,38m 2,00s@boss0,62m/oyuncu2,38m 2,73s@boss0,62m/oyuncu2,38m 3,47s@boss0,62m/oyuncu2,38m; kalıp sonu: merkeze 3,00 m, başlangıçtan 0,00 m, kalıp simülasyonundan 0,00 m"
10-3,"Sıçrayan Yansı","Kalkan","seken_geri",1,1,1,1,1,1,1,1,1,1,"ön","ön",0.00,"",1.90,1.35,0.41,0.36,0.74,0.00,0.00,"0/3 kare koşu","hasarsız skill (base_damage 0): etki hareketin kendisi; vuruş 2: 0,40s@boss0,56m/oyuncu1,53m 0,54s@boss0,00m/oyuncu1,90m; kalıp sonu: merkeze 1,90 m, başlangıçtan 1,10 m, kalıp simülasyonundan 0,00 m"
10-10,"Aynalı Yansı","Kalkan","iki_kapi",1,1,1,1,1,1,1,1,1,1,"ön","ön",0.00,"",1.50,1.35,0.60,0.54,0.93,0.00,0.00,"0/4 kare koşu","hasarsız skill (base_damage 0): etki hareketin kendisi; vuruş 2: 0,33s@boss3,00m/oyuncu0,00m 0,73s@boss1,50m/oyuncu0,00m; kalıp sonu: merkeze 1,50 m, başlangıçtan 1,50 m, kalıp simülasyonundan 0,00 m"
10-11,"Kopya Yansı","Kalkan","yem_kopya",1,1,1,1,1,1,1,1,1,1,"ön","ön",0.00,"",2.10,1.35,0.40,0.36,0.73,0.00,0.00,"0/2 kare koşu","hasarsız skill (base_damage 0): etki hareketin kendisi; vuruş 1: 0,53s@boss2,19m/oyuncu1,29m; kalıp sonu: merkeze 2,10 m, başlangıçtan 0,90 m, kalıp simülasyonundan 0,00 m"
10-12,"Akan Yansı","Kalkan","basili_siper",1,1,1,1,1,1,1,1,1,1,"ön","ön",0.00,"",2.20,1.35,3.09,3.00,3.42,0.00,0.00,"","hasarsız skill (base_damage 0): etki hareketin kendisi; vuruş 3: 1,07s@boss0,41m/oyuncu2,38m 2,07s@boss0,14m/oyuncu2,38m 3,07s@boss0,13m/oyuncu2,38m; kalıp sonu: merkeze 2,20 m, başlangıçtan 0,80 m, kalıp simülasyonundan 0,00 m"
11-1,"Yoğun Çağrı","Kalkan","sirt_saplama",1,1,1,1,1,1,1,1,1,1,"ön","ön",0.00,"",1.80,1.35,0.54,0.47,0.93,0.00,0.00,"0/3 kare koşu","hasarsız skill (base_damage 0): etki hareketin kendisi; vuruş 1: 0,80s@boss0,00m/oyuncu1,80m; kalıp sonu: merkeze 1,80 m, başlangıçtan 1,20 m, kalıp simülasyonundan 0,00 m"
11-2,"Emici Çağrı","Kalkan","yapisan",1,1,1,1,1,1,1,1,1,1,"yerinde","yerinde",0.00,"",3.00,1.35,5.20,5.18,5.60,0.00,0.00,"","hasarsız skill (base_damage 0): etki hareketin kendisi; vuruş 6: 0,53s@boss0,20m/oyuncu3,20m 1,53s@boss0,00m/oyuncu3,00m 2,53s@boss0,00m/oyuncu3,00m 3,53s@boss0,00m/oyuncu3,00m 4,53s@boss0,00m/oyuncu3,00m 5,53s@boss0,00m/oyuncu3,00m; kalıp sonu: merkeze 3,00 m, başlangıçtan 0,00 m, kalıp simülasyonundan 0,00 m"
11-3,"Sıçrayan Çağrı","Kalkan","seken_yaratik",1,1,1,1,1,1,1,1,1,1,"yerinde","yerinde",0.00,"",3.00,1.35,0.67,0.64,1.07,0.00,0.00,"","hasarsız skill (base_damage 0): etki hareketin kendisi; vuruş 3: 0,60s@boss0,00m/oyuncu3,00m 0,80s@boss0,35m/oyuncu3,02m 0,93s@boss0,35m/oyuncu3,02m; kalıp sonu: merkeze 3,00 m, başlangıçtan 0,00 m, kalıp simülasyonundan 0,00 m"
11-10,"Aynalı Çağrı","Kalkan","takim_kapisi",1,1,1,1,1,1,1,1,1,1,"ön","ön",0.00,"",1.85,1.35,1.40,1.38,1.80,0.00,0.00,"0/2 kare koşu","hasarsız skill (base_damage 0): etki hareketin kendisi; vuruş 1: 0,67s@boss1,85m/oyuncu0,00m; kalıp sonu: merkeze 1,85 m, başlangıçtan 1,15 m, kalıp simülasyonundan 0,00 m"
11-11,"Kopya Çağrı","Kalkan","ayna_klonlar",1,1,1,1,1,1,1,1,1,1,"ön","ön",0.00,"",1.85,1.35,0.63,0.64,1.04,0.00,0.00,"0/2 kare koşu","hasarsız skill (base_damage 0): etki hareketin kendisi; vuruş 2: 0,73s@boss1,98m/oyuncu1,41m 0,95s@boss1,98m/oyuncu1,41m; kalıp sonu: merkeze 1,85 m, başlangıçtan 1,15 m, kalıp simülasyonundan 0,00 m"
11-12,"Akan Çağrı","Kalkan","kapidan_akin",1,1,1,1,1,1,1,1,1,1,"ön","ön",0.00,"",1.85,1.35,4.40,4.34,4.80,0.00,0.00,"0/2 kare koşu","hasarsız skill (base_damage 0): etki hareketin kendisi; vuruş 6: 0,73s@boss0,85m/oyuncu1,00m 1,53s@boss0,00m/oyuncu1,85m 2,33s@boss0,00m/oyuncu1,85m 3,13s@boss0,00m/oyuncu1,85m 3,94s@boss0,00m/oyuncu1,85m 4,73s@boss0,00m/oyuncu1,85m; kalıp sonu: merkeze 1,85 m, başlangıçtan 1,15 m, kalıp simülasyonundan 0,00 m"
12-1,"Yoğun Zaman","Kalkan","zamanli_donma",1,1,1,1,1,1,1,1,1,1,"ön","ön",0.00,"boss:Slow, boss hız x0,70",1.50,1.35,0.53,0.50,0.93,0.00,0.00,"0/3 kare koşu","vuruş 1: 0,80s@boss0,56m/oyuncu1,28m; kalıp sonu: merkeze 1,50 m, başlangıçtan 1,50 m, kalıp simülasyonundan 0,00 m"
12-2,"Emici Zaman","Kalkan","ceken_girdap",1,1,1,1,1,1,1,1,1,1,"yerinde","yerinde",0.00,"boss:Slow, oyuncu:Haste, boss hız x0,70, oyuncu hız x1,30",1.35,1.35,1.34,1.32,1.73,0.00,0.00,"","vuruş 3: 1,07s@boss0,00m/oyuncu1,35m 1,53s@boss0,00m/oyuncu1,35m 1,60s@boss0,00m/oyuncu1,35m; kalıp sonu: merkeze 1,35 m, başlangıçtan 0,00 m, kalıp simülasyonundan 0,00 m, boss 1,65 m kaydı"
12-3,"Sıçrayan Zaman","Kalkan","geri_donen_kure",1,1,1,1,1,1,1,1,1,1,"yerinde","yerinde",0.00,"boss:Slow, boss hız x0,70",3.00,1.35,0.53,0.50,0.93,0.00,0.00,"","vuruş 2: 0,53s@boss0,30m/oyuncu3,30m 0,80s@boss0,96m/oyuncu2,04m; kalıp sonu: merkeze 3,00 m, başlangıçtan 0,00 m, kalıp simülasyonundan 0,00 m"
12-10,"Aynalı Zaman","Kalkan","boss_geri",1,1,1,1,1,1,1,1,1,1,"yerinde","yerinde",0.00,"boss:Slow, boss hız x0,70",3.00,1.35,0.47,0.46,0.87,0.00,0.00,"","vuruş 1: 0,53s@boss0,30m/oyuncu3,30m; kalıp sonu: merkeze 3,00 m, başlangıçtan 0,00 m, kalıp simülasyonundan 0,00 m"
12-11,"Kopya Zaman","Kalkan","geri_sarma",1,1,1,1,1,1,1,1,1,1,"başlangıç","başlangıç",0.00,"",1.50,1.35,2.68,2.66,3.08,0.00,0.00,"3/9 kare koşu, ayak/gövde hız oranı 0,94","hasarsız skill (base_damage 0): etki hareketin kendisi; kalıp sonu: merkeze 3,00 m, başlangıçtan 0,00 m, kalıp simülasyonundan 0,00 m"
12-12,"Akan Zaman","Kalkan","yuruyen_balon",1,1,1,1,1,1,1,1,1,1,"ön","ön",0.00,"boss:Slow, oyuncu:Haste, boss hız x0,70, oyuncu hız x1,30",1.80,1.35,4.27,4.20,4.67,0.00,0.00,"","vuruş 5: 0,47s@boss3,00m/oyuncu0,00m 1,60s@boss2,68m/oyuncu0,00m 2,60s@boss2,38m/oyuncu0,00m 3,60s@boss2,08m/oyuncu0,00m 4,60s@boss1,80m/oyuncu0,00m; kalıp sonu: merkeze 1,80 m, başlangıçtan 1,20 m, kalıp simülasyonundan 0,00 m"
4-4,"Sabit Kalkan","Kalkan","duvar_dikme",1,1,1,1,1,1,1,1,1,1,"yerinde","yerinde",0.00,"",3.00,1.35,0.33,0.32,0.67,0.00,0.00,"","hasarsız skill (base_damage 0): etki hareketin kendisi; vuruş 1: 0,53s@boss0,62m/oyuncu2,38m; kalıp sonu: merkeze 3,00 m, başlangıçtan 0,00 m, kalıp simülasyonundan 0,00 m; yer değiştiren: kalıp 0,00 m, başka 1,73 m, SkillMotionDriver 0 kare, dodge 0 kare"
4-5,"Yayılan Kalkan","Kalkan","onde_yelpaze",1,1,1,1,1,1,1,1,1,1,"yerinde","yerinde",0.00,"",3.00,1.35,0.67,0.63,1.00,0.00,0.00,"","hasarsız skill (base_damage 0): etki hareketin kendisi; vuruş 1: 0,73s@boss1,88m/oyuncu1,12m; kalıp sonu: merkeze 3,00 m, başlangıçtan 0,00 m, kalıp simülasyonundan 0,00 m"
4-6,"Bağlayıcı Kalkan","Kalkan","zincirli_firlatma",1,1,1,1,1,1,1,1,1,1,"ön","ön",0.00,"",1.50,1.35,0.73,0.70,1.07,0.00,0.00,"2/4 kare koşu, ayak/gövde hız oranı 0,99","hasarsız skill (base_damage 0): etki hareketin kendisi; vuruş 2: 0,47s@boss0,45m/oyuncu3,45m 0,93s@boss0,48m/oyuncu1,28m; kalıp sonu: merkeze 1,50 m, başlangıçtan 1,50 m, kalıp simülasyonundan 0,00 m"
4-7,"Bulandırıcı Kalkan","Kalkan","duman_duvari",1,1,1,1,1,1,1,1,1,1,"yerinde","yerinde",0.00,"oyuncu:Stealth",2.80,1.35,0.58,0.52,0.91,0.05,0.00,"","vuruş 1: 0,53s@boss0,42m/oyuncu2,38m; kalıp sonu: merkeze 2,80 m, başlangıçtan 0,20 m, kalıp simülasyonundan 0,00 m"
4-8,"Yükselen Kalkan","Kalkan","yerden_buyuyen",1,1,1,1,1,1,1,1,1,1,"yerinde","yerinde",0.00,"",3.00,1.35,0.47,0.42,0.80,0.00,0.00,"","hasarsız skill (base_damage 0): etki hareketin kendisi; vuruş 1: 0,60s@boss6,98m/oyuncu4,33m; kalıp sonu: merkeze 3,18 m, başlangıçtan 0,25 m, kalıp simülasyonundan 0,00 m, kalıp hedefi AllyDummy"
4-9,"Odaklı Kalkan","Kalkan","koruyucu_isaret",1,1,1,1,1,1,1,1,1,1,"geri","geri",0.00,"",3.00,1.35,0.27,0.20,0.60,0.00,0.00,"0/3 kare koşu","hasarsız skill (base_damage 0): etki hareketin kendisi; vuruş 1: 0,47s@boss3,90m/oyuncu0,35m; kalıp sonu: merkeze 3,61 m, başlangıçtan 0,80 m, kalıp simülasyonundan 0,00 m, kalıp hedefi AllyDummy"
5-4,"Sabit Patlama","Kalkan","mayin_cakma",1,1,1,1,1,1,1,1,1,1,"yerinde","yerinde",47032.00,"",2.85,1.35,0.60,0.54,1.00,0.00,0.00,"","vuruş 2: 0,73s@boss0,85m/oyuncu2,00m 0,80s@boss0,85m/oyuncu2,00m; kalıp sonu: merkeze 2,85 m, başlangıçtan 0,15 m, kalıp simülasyonundan 0,00 m"
5-5,"Yayılan Patlama","Kalkan","yer_yarigi",1,1,1,1,1,1,1,1,1,1,"ön","ön",38392.00,"",1.50,1.35,0.60,0.56,1.00,0.03,0.00,"0/8 kare koşu","vuruş 3: 0,67s@boss0,25m/oyuncu1,27m 0,73s@boss0,14m/oyuncu1,36m 0,87s@boss0,23m/oyuncu1,28m; kalıp sonu: merkeze 1,50 m, başlangıçtan 2,07 m, kalıp simülasyonundan 0,00 m"
5-6,"Bağlayıcı Patlama","Kalkan","gerilip_kopan",1,1,1,1,1,1,1,1,1,1,"geri","geri",43328.00,"boss:Root+Slow, boss hız x0,00",1.35,1.35,0.60,0.58,1.01,0.00,0.00,"1/7 kare koşu, ayak/gövde hız oranı 1,03","vuruş 2: 0,55s@boss0,85m/oyuncu1,05m 0,88s@boss0,85m/oyuncu2,65m; kalıp sonu: merkeze 2,79 m, başlangıçtan 0,50 m, kalıp simülasyonundan 0,00 m, boss 0,71 m kaydı"
5-7,"Bulandırıcı Patlama","Kalkan","sis_bombasi",1,1,1,1,1,1,1,1,1,1,"yerinde","yerinde",44648.00,"boss:Blind, oyuncu:Stealth",3.00,1.35,0.27,0.22,0.67,0.00,0.00,"","vuruş 1: 0,53s@boss0,35m/oyuncu3,35m; kalıp sonu: merkeze 3,00 m, başlangıçtan 0,00 m, kalıp simülasyonundan 0,00 m"
5-8,"Yükselen Patlama","Kalkan","yerden_fiskirma",1,1,1,1,1,1,1,1,1,1,"ön","ön",50552.00,"boss:Stun, boss hız x0,00",2.60,1.35,0.47,0.44,0.87,0.00,0.00,"","vuruş 1: 0,67s@boss0,00m/oyuncu2,75m; kalıp sonu: merkeze 2,60 m, başlangıçtan 0,40 m, kalıp simülasyonundan 0,00 m"
5-9,"Odaklı Patlama","Kalkan","gudumlu_top",1,1,1,1,1,1,1,1,1,1,"yerinde","yerinde",72176.00,"",3.00,1.35,0.60,0.56,1.00,0.00,0.00,"","vuruş 1: 0,87s@boss0,00m/oyuncu3,00m; kalıp sonu: merkeze 3,00 m, başlangıçtan 0,00 m, kalıp simülasyonundan 0,00 m"
6-4,"Sabit Bağ","Kalkan","karsilikli_kilit",1,1,1,1,1,1,1,1,1,1,"ön","ön",15752.00,"boss:Root, boss hız x0,00",1.50,1.35,3.28,3.24,3.61,0.00,0.00,"1/4 kare koşu, ayak/gövde hız oranı 1,00","vuruş 1: 0,80s@boss0,40m/oyuncu1,11m; kalıp sonu: merkeze 1,50 m, başlangıçtan 1,50 m, kalıp simülasyonundan 0,00 m"
6-5,"Yayılan Bağ","Kalkan","yer_tuzagi",1,1,1,1,1,1,1,1,1,1,"yerinde","yerinde",13792.00,"boss:Root, boss hız x0,00",3.00,1.35,0.33,0.28,0.67,0.00,0.00,"","vuruş 1: 0,46s@boss0,62m/oyuncu2,38m; kalıp sonu: merkeze 3,00 m, başlangıçtan 0,00 m, kalıp simülasyonundan 0,00 m"
6-6,"Bağlayıcı Bağ","Kalkan","iki_uclu",1,1,1,1,1,1,1,1,1,1,"yerinde","yerinde",16688.00,"boss:Root+Slow, boss hız x0,00",3.00,1.35,0.67,0.65,1.00,0.00,0.00,"","vuruş 1: 0,47s@boss0,28m/oyuncu3,28m; kalıp sonu: merkeze 3,00 m, başlangıçtan 0,00 m, kalıp simülasyonundan 0,00 m"
6-7,"Bulandırıcı Bağ","Kalkan","goz_bagi",1,1,1,1,1,1,1,1,1,1,"yerinde","yerinde",15560.00,"boss:Blind+Root, oyuncu:Stealth, boss hız x0,00",3.00,1.35,0.27,0.20,0.60,0.00,0.00,"","vuruş 1: 0,47s@boss0,28m/oyuncu3,28m; kalıp sonu: merkeze 3,00 m, başlangıçtan 0,00 m, kalıp simülasyonundan 0,00 m"
6-8,"Yükselen Bağ","Kalkan","havada_asma",1,1,1,1,1,1,1,1,1,1,"ön","ön",17632.00,"boss:Root, boss hız x0,00",1.50,1.35,1.20,1.14,1.53,0.00,0.00,"0/5 kare koşu","vuruş 1: 0,80s@boss1,50m/oyuncu0,00m; kalıp sonu: merkeze 1,50 m, başlangıçtan 1,50 m, kalıp simülasyonundan 0,00 m"
6-9,"Odaklı Bağ","Kalkan","zamanli_donma",1,1,1,1,1,1,1,1,1,1,"ön","ön",41744.00,"boss:Root, boss hız x0,00",1.50,1.35,0.53,0.50,0.87,0.00,0.00,"0/3 kare koşu","vuruş 1: 0,73s@boss0,54m/oyuncu1,28m; kalıp sonu: merkeze 1,50 m, başlangıçtan 1,50 m, kalıp simülasyonundan 0,00 m"
7-4,"Sabit Zafiyet","Kalkan","mayin_cakma",1,1,1,1,1,1,1,1,1,1,"yerinde","yerinde",7688.00,"",2.85,1.35,0.60,0.54,1.00,0.00,0.00,"","vuruş 2: 0,74s@boss0,85m/oyuncu2,00m 0,80s@boss0,85m/oyuncu2,00m; kalıp sonu: merkeze 2,85 m, başlangıçtan 0,15 m, kalıp simülasyonundan 0,00 m"
7-5,"Yayılan Zafiyet","Kalkan","onde_yelpaze",1,1,1,1,1,1,1,1,1,1,"yerinde","yerinde",11216.00,"",3.00,1.35,0.67,0.63,1.07,0.00,0.00,"","vuruş 1: 0,80s@boss1,88m/oyuncu1,12m; kalıp sonu: merkeze 3,00 m, başlangıçtan 0,00 m, kalıp simülasyonundan 0,00 m"
7-6,"Bağlayıcı Zafiyet","Kalkan","dost_ip",1,1,1,1,1,1,1,1,1,1,"yerinde","yerinde",9064.00,"boss:Root+Slow, boss hız x0,00",3.00,1.35,0.67,0.62,1.07,0.00,0.00,"","vuruş 1: 0,54s@boss0,28m/oyuncu3,28m; kalıp sonu: merkeze 3,00 m, başlangıçtan 0,00 m, kalıp simülasyonundan 0,00 m"
8-4,"Sabit Yükseliş","Kalkan","totem_dikme",1,1,1,1,1,1,1,1,1,1,"yerinde","yerinde",0.00,"",3.00,1.35,0.33,0.30,0.67,0.00,0.00,"","hasarsız skill (base_damage 0): etki hareketin kendisi; vuruş 1: 0,54s@boss3,10m/oyuncu0,00m; kalıp sonu: merkeze 3,11 m, başlangıçtan 0,15 m, kalıp simülasyonundan 0,00 m, kalıp hedefi AllyDummy"
8-5,"Yayılan Yükseliş","Kalkan","savas_narasi",1,1,1,1,1,1,1,1,1,1,"yerinde","yerinde",0.00,"",3.00,1.35,0.40,0.36,0.74,0.00,0.00,"","hasarsız skill (base_damage 0): etki hareketin kendisi; vuruş 1: 0,47s@boss3,00m/oyuncu0,00m; kalıp sonu: merkeze 3,00 m, başlangıçtan 0,00 m, kalıp simülasyonundan 0,00 m"
8-6,"Bağlayıcı Yükseliş","Kalkan","dost_dosta",1,1,1,1,1,1,1,1,1,1,"yan","yan",0.00,"",2.38,1.35,0.53,0.52,0.87,0.00,0.00,"1/4 kare koşu, ayak/gövde hız oranı 0,90","hasarsız skill (base_damage 0): etki hareketin kendisi; vuruş 3: 0,40s@boss4,05m/oyuncu1,22m 0,60s@boss2,84m/oyuncu1,41m 0,73s@boss4,76m/oyuncu2,38m; kalıp sonu: merkeze 2,38 m, başlangıçtan 1,41 m, kalıp simülasyonundan 0,00 m, kalıp hedefi AllyDummy"
9-4,"Sabit Arınma","Kalkan","yer_tuzagi",1,1,1,1,1,1,1,1,1,1,"yerinde","yerinde",0.00,"oyuncu +12000 can",3.00,1.35,0.33,0.28,0.73,0.00,0.00,"","vuruş 1: 0,53s@boss0,62m/oyuncu2,38m; kalıp sonu: merkeze 3,00 m, başlangıçtan 0,00 m, kalıp simülasyonundan 0,00 m"
9-5,"Yayılan Arınma","Kalkan","dagilan_yagmur",1,1,1,1,1,1,1,1,1,1,"yerinde","yerinde",0.00,"oyuncu +12000 can",3.00,1.35,0.60,0.58,1.00,0.00,0.00,"","vuruş 1: 0,74s@boss3,00m/oyuncu0,00m; kalıp sonu: merkeze 3,00 m, başlangıçtan 0,00 m, kalıp simülasyonundan 0,00 m, kalıp hedefi AllyDummy"
9-6,"Bağlayıcı Arınma","Kalkan","iki_uclu",1,1,1,1,1,1,1,1,1,1,"yerinde","yerinde",0.00,"oyuncu +12000 can",3.00,1.35,0.66,0.65,1.06,0.00,0.00,"","vuruş 1: 0,53s@boss6,35m/oyuncu3,86m; kalıp sonu: merkeze 3,00 m, başlangıçtan 0,00 m, kalıp simülasyonundan 0,00 m, kalıp hedefi AllyDummy"
4-10,"Aynalı Kalkan","Kalkan","sirtta_kapi",1,1,1,1,1,1,1,1,1,1,"ön","ön",30000.00,"",1.80,1.35,0.33,0.32,0.67,0.00,0.00,"0/3 kare koşu","vuruş 2: 0,40s@boss0,91m/oyuncu1,19m 0,53s@boss0,55m/oyuncu2,35m; kalıp sonu: merkeze 1,80 m, başlangıçtan 1,20 m, kalıp simülasyonundan 0,00 m"
4-11,"Kopya Kalkan","Kalkan","yem_kopya",1,1,1,1,1,1,1,1,1,1,"yerinde","yerinde",0.00,"",3.00,1.35,0.27,0.24,0.60,0.00,0.00,"","hasarsız skill (base_damage 0): etki hareketin kendisi; vuruş 1: 0,47s@boss2,98m/oyuncu1,29m; kalıp sonu: merkeze 3,00 m, başlangıçtan 0,00 m, kalıp simülasyonundan 0,00 m"
4-12,"Akan Kalkan","Kalkan","basili_siper",1,1,1,1,1,1,1,1,1,1,"geri","geri",0.00,"",3.00,1.35,3.00,3.00,3.33,0.00,0.00,"","hasarsız skill (base_damage 0): etki hareketin kendisi; vuruş 3: 1,07s@boss5,17m/oyuncu2,38m 2,07s@boss5,41m/oyuncu2,38m 3,07s@boss5,66m/oyuncu2,38m; kalıp sonu: merkeze 3,61 m, başlangıçtan 0,80 m, kalıp simülasyonundan 0,00 m, kalıp hedefi AllyDummy"
5-10,"Aynalı Patlama","Kalkan","karsi_darbe",1,1,1,1,1,1,1,1,1,1,"ön","ön",46976.00,"",1.70,1.35,0.40,0.36,0.80,0.00,0.00,"0/3 kare koşu","vuruş 1: 0,66s@boss0,57m/oyuncu1,36m; kalıp sonu: merkeze 1,70 m, başlangıçtan 1,30 m, kalıp simülasyonundan 0,00 m"
5-11,"Kopya Patlama","Kalkan","golge_yankisi",1,1,1,1,1,1,1,1,1,1,"ön","ön",44400.00,"",2.10,1.35,0.53,0.50,0.93,0.00,0.00,"1/3 kare koşu, ayak/gövde hız oranı 1,01","vuruş 2: 0,47s@boss1,10m/oyuncu1,15m 0,80s@boss1,95m/oyuncu1,39m; kalıp sonu: merkeze 2,10 m, başlangıçtan 0,90 m, kalıp simülasyonundan 0,00 m"
5-12,"Akan Patlama","Kalkan","patlayan_iz",1,1,1,1,1,1,1,1,1,1,"ön","ön",31136.00,"",2.20,1.35,3.06,3.00,3.46,0.00,0.00,"","vuruş 6: 0,80s@boss2,14m/oyuncu1,53m 1,33s@boss2,07m/oyuncu1,53m 1,80s@boss1,78m/oyuncu1,53m 2,33s@boss1,41m/oyuncu1,53m 2,80s@boss1,06m/oyuncu1,53m 3,33s@boss0,67m/oyuncu1,53m; kalıp sonu: merkeze 2,20 m, başlangıçtan 2,20 m, kalıp simülasyonundan 0,70 m, boss 1,40 m kaydı"
6-10,"Aynalı Bağ","Kalkan","karsi_darbe",1,1,1,1,1,1,1,1,1,1,"ön","ön",16200.00,"boss:Root, boss hız x0,00",1.70,1.35,0.40,0.36,0.73,0.00,0.00,"0/3 kare koşu","vuruş 1: 0,60s@boss0,58m/oyuncu1,36m; kalıp sonu: merkeze 1,70 m, başlangıçtan 1,30 m, kalıp simülasyonundan 0,00 m"
6-11,"Kopya Bağ","Kalkan","onden_arkadan",1,1,1,1,1,1,1,1,1,1,"ön","ön",16104.00,"boss:Root, boss hız x0,00",2.10,1.35,0.40,0.34,0.73,0.00,0.00,"0/3 kare koşu","vuruş 2: 0,40s@boss1,14m/oyuncu1,11m 0,53s@boss0,60m/oyuncu2,70m; kalıp sonu: merkeze 2,10 m, başlangıçtan 0,90 m, kalıp simülasyonundan 0,00 m"
6-12,"Akan Bağ","Kalkan","cember_sarma",1,1,1,1,1,1,1,1,1,1,"arka","arka",11208.00,"boss:Root, boss hız x0,00",1.50,1.35,0.93,0.90,1.27,0.14,0.00,"0/11 kare koşu","vuruş 1: 1,13s@boss0,00m/oyuncu2,06m; kalıp sonu: merkeze 2,06 m, başlangıçtan 4,59 m, kalıp simülasyonundan 0,00 m"
10-4,"Sabit Yansı","Kalkan","duvar_dikme",1,1,1,1,1,1,1,1,1,1,"yerinde","yerinde",0.00,"",3.00,1.35,0.33,0.32,0.66,0.00,0.00,"","hasarsız skill (base_damage 0): etki hareketin kendisi; vuruş 1: 0,53s@boss0,62m/oyuncu2,38m; kalıp sonu: merkeze 3,00 m, başlangıçtan 0,00 m, kalıp simülasyonundan 0,00 m"
10-5,"Yayılan Yansı","Kalkan","yuruyen_balon",1,1,1,1,1,1,1,1,1,1,"ön","ön",0.00,"",1.80,1.35,4.23,4.20,4.56,0.00,0.00,"","hasarsız skill (base_damage 0): etki hareketin kendisi; vuruş 5: 0,40s@boss3,00m/oyuncu0,00m 1,53s@boss2,68m/oyuncu0,00m 2,53s@boss2,38m/oyuncu0,00m 3,54s@boss2,08m/oyuncu0,00m 4,49s@boss1,80m/oyuncu0,00m; kalıp sonu: merkeze 1,80 m, başlangıçtan 1,20 m, kalıp simülasyonundan 0,00 m"
10-6,"Bağlayıcı Yansı","Kalkan","silaha_kement",1,1,1,1,1,1,1,1,1,1,"yerinde","yerinde",0.00,"boss:Root+Slow, boss hız x0,00",3.00,1.35,1.00,0.94,1.33,0.00,0.00,"","vuruş 1: 0,47s@boss0,40m/oyuncu3,40m; kalıp sonu: merkeze 3,00 m, başlangıçtan 0,00 m, kalıp simülasyonundan 0,00 m"
11-4,"Sabit Çağrı","Kalkan","taret_dikme",1,1,1,1,1,1,1,1,1,1,"ön","ön",0.00,"",1.90,1.35,0.60,0.56,1.00,0.00,0.00,"0/2 kare koşu","hasarsız skill (base_damage 0): etki hareketin kendisi; vuruş 2: 0,60s@boss1,90m/oyuncu0,00m 0,87s@boss0,28m/oyuncu2,18m; kalıp sonu: merkeze 1,90 m, başlangıçtan 1,10 m, kalıp simülasyonundan 0,00 m"
11-5,"Yayılan Çağrı","Kalkan","dagilan_suru",1,1,1,1,1,1,1,1,1,1,"ön","ön",0.00,"",2.60,1.35,0.60,0.54,1.00,0.00,0.00,"0/2 kare koşu","hasarsız skill (base_damage 0): etki hareketin kendisi; vuruş 3: 0,53s@boss0,35m/oyuncu2,62m 0,67s@boss0,00m/oyuncu2,60m 0,87s@boss0,35m/oyuncu2,62m; kalıp sonu: merkeze 2,60 m, başlangıçtan 0,40 m, kalıp simülasyonundan 0,00 m"
11-6,"Bağlayıcı Çağrı","Kalkan","muhafiz",1,1,1,1,1,1,1,1,1,1,"ön","ön",0.00,"boss:Root+Slow, boss hız x0,00",1.85,1.35,0.67,0.66,1.07,0.00,0.00,"0/2 kare koşu","vuruş 1: 0,67s@boss1,89m/oyuncu1,20m; kalıp sonu: merkeze 1,85 m, başlangıçtan 1,15 m, kalıp simülasyonundan 0,00 m"
12-4,"Sabit Zaman","Kalkan","totem_dikme",1,1,1,1,1,1,1,1,1,1,"yerinde","yerinde",0.00,"boss:Slow+Stun, boss hız x0,00",2.85,1.35,0.33,0.30,0.73,0.00,0.00,"","vuruş 1: 0,60s@boss2,87m/oyuncu0,00m; kalıp sonu: merkeze 2,85 m, başlangıçtan 0,15 m, kalıp simülasyonundan 0,00 m"
12-5,"Yayılan Zaman","Kalkan","genisleyen_halka",1,1,1,1,1,1,1,1,1,1,"yerinde","yerinde",0.00,"boss:Slow, boss hız x0,70",3.00,1.35,0.60,0.58,1.00,0.00,0.00,"","vuruş 1: 0,80s@boss3,00m/oyuncu0,00m; kalıp sonu: merkeze 3,00 m, başlangıçtan 0,00 m, kalıp simülasyonundan 0,00 m"
12-6,"Bağlayıcı Zaman","Kalkan","iki_uclu",1,1,1,1,1,1,1,1,1,1,"yerinde","yerinde",0.00,"oyuncu:Haste, oyuncu hız x1,30",3.00,1.35,0.66,0.65,1.07,0.00,0.00,"","vuruş 1: 0,53s@boss0,28m/oyuncu3,28m; kalıp sonu: merkeze 3,00 m, başlangıçtan 0,00 m, kalıp simülasyonundan 0,00 m"
7-7,"Bulandırıcı Zafiyet","Kalkan","sis_bombasi",1,1,1,1,1,1,1,1,1,1,"yerinde","yerinde",7760.00,"boss:Blind, oyuncu:Stealth",3.00,1.35,0.27,0.22,0.67,0.00,0.00,"","vuruş 1: 0,54s@boss0,35m/oyuncu3,35m; kalıp sonu: merkeze 3,00 m, başlangıçtan 0,00 m, kalıp simülasyonundan 0,00 m"
7-8,"Yükselen Zafiyet","Kalkan","yerden_fiskirma",1,1,1,1,1,1,1,1,1,1,"ön","ön",8800.00,"boss:Stun, boss hız x0,00",2.60,1.35,0.46,0.44,0.86,0.00,0.00,"","vuruş 1: 0,66s@boss0,00m/oyuncu2,76m; kalıp sonu: merkeze 2,60 m, başlangıçtan 0,40 m, kalıp simülasyonundan 0,00 m"
7-9,"Odaklı Zafiyet","Kalkan","isaret_patlamasi",1,1,1,1,1,1,1,1,1,1,"yerinde","yerinde",13520.00,"",3.00,1.35,1.93,1.92,2.33,0.00,0.00,"","vuruş 1: 2,20s@boss0,00m/oyuncu3,00m; kalıp sonu: merkeze 3,00 m, başlangıçtan 0,00 m, kalıp simülasyonundan 0,00 m"
7-10,"Aynalı Zafiyet","Kalkan","onden_arkadan",1,1,1,1,1,1,1,1,1,1,"ön","ön",10376.00,"",2.10,1.35,0.40,0.34,0.80,0.00,0.00,"0/3 kare koşu","vuruş 2: 0,47s@boss1,14m/oyuncu1,11m 0,60s@boss0,60m/oyuncu2,70m; kalıp sonu: merkeze 2,10 m, başlangıçtan 0,90 m, kalıp simülasyonundan 0,00 m"
7-11,"Kopya Zafiyet","Kalkan","golge_yankisi",1,1,1,1,1,1,1,1,1,1,"ön","ön",10992.00,"",2.10,1.35,0.53,0.50,0.93,0.00,0.00,"1/3 kare koşu, ayak/gövde hız oranı 1,02","vuruş 2: 0,47s@boss1,10m/oyuncu1,15m 0,80s@boss1,95m/oyuncu1,39m; kalıp sonu: merkeze 2,10 m, başlangıçtan 0,90 m, kalıp simülasyonundan 0,00 m"
7-12,"Akan Zafiyet","Kalkan","basili_isik",1,1,1,1,1,1,1,1,1,1,"ön","ön",8096.00,"",1.80,1.35,3.02,3.00,3.42,0.00,0.00,"","vuruş 6: 0,60s@boss0,17m/oyuncu2,72m 1,13s@boss0,04m/oyuncu2,72m 1,62s@boss0,24m/oyuncu2,72m 2,09s@boss0,42m/oyuncu2,72m 2,62s@boss0,64m/oyuncu2,72m 3,09s@boss0,82m/oyuncu2,72m; kalıp sonu: merkeze 1,80 m, başlangıçtan 1,20 m, kalıp simülasyonundan 0,00 m"
8-7,"Bulandırıcı Yükseliş","Kalkan","goz_bagi",1,1,1,1,1,1,1,1,1,1,"yerinde","yerinde",0.00,"oyuncu:Stealth",3.00,1.35,0.20,0.20,0.53,0.00,0.00,"","vuruş 1: 0,47s@boss0,28m/oyuncu3,28m; kalıp sonu: merkeze 3,00 m, başlangıçtan 0,00 m, kalıp simülasyonundan 0,00 m"
8-8,"Yükselen Yükseliş","Kalkan","buyuten_kemer",1,1,1,1,1,1,1,1,1,1,"yerinde","yerinde",0.00,"",3.00,1.35,0.46,0.42,0.80,0.00,0.00,"","hasarsız skill (base_damage 0): etki hareketin kendisi; vuruş 1: 0,60s@boss5,04m/oyuncu2,21m; kalıp sonu: merkeze 3,22 m, başlangıçtan 0,30 m, kalıp simülasyonundan 0,00 m, kalıp hedefi AllyDummy"
8-9,"Odaklı Yükseliş","Kalkan","gudumlu_top",1,1,1,1,1,1,1,1,1,1,"yerinde","yerinde",0.00,"",3.00,1.35,0.60,0.56,0.93,0.00,0.00,"","hasarsız skill (base_damage 0): etki hareketin kendisi; vuruş 1: 0,80s@boss6,98m/oyuncu4,53m; kalıp sonu: merkeze 3,00 m, başlangıçtan 0,00 m, kalıp simülasyonundan 0,00 m, kalıp hedefi AllyDummy"
8-10,"Aynalı Yükseliş","Kalkan","ters_es",1,1,1,1,1,1,1,1,1,1,"yerinde","yerinde",0.00,"",3.00,1.35,0.47,0.44,0.81,0.00,0.00,"","hasarsız skill (base_damage 0): etki hareketin kendisi; vuruş 2: 0,48s@boss2,60m/oyuncu0,40m 0,68s@boss0,00m/oyuncu3,00m; kalıp sonu: merkeze 3,00 m, başlangıçtan 0,00 m, kalıp simülasyonundan 0,00 m"
8-11,"Kopya Yükseliş","Kalkan","golge_ulak",1,1,1,1,1,1,1,1,1,1,"yan","yan",0.00,"",2.43,1.35,1.40,1.36,1.73,0.00,0.00,"1/3 kare koşu, ayak/gövde hız oranı 1,00","hasarsız skill (base_damage 0): etki hareketin kendisi; vuruş 2: 0,40s@boss3,26m/oyuncu0,35m 1,60s@boss3,05m/oyuncu1,46m; kalıp sonu: merkeze 2,43 m, başlangıçtan 1,41 m, kalıp simülasyonundan 0,00 m, kalıp hedefi AllyDummy"
8-12,"Akan Yükseliş","Kalkan","akinti_yolu",1,1,1,1,1,1,1,1,1,1,"geri","geri",0.00,"",3.00,1.35,1.00,0.94,1.34,0.00,0.00,"0/10 kare koşu","hasarsız skill (base_damage 0): etki hareketin kendisi; vuruş 1: 1,14s@boss6,27m/oyuncu2,38m; kalıp sonu: merkeze 4,11 m, başlangıçtan 1,40 m, kalıp simülasyonundan 0,00 m, kalıp hedefi AllyDummy"
9-7,"Bulandırıcı Arınma","Kalkan","sis_ortusu",1,1,1,1,1,1,1,1,1,1,"yerinde","yerinde",0.00,"oyuncu:Stealth, oyuncu +12000 can",3.00,1.35,0.33,0.30,0.73,0.00,0.00,"","vuruş 1: 0,54s@boss0,00m/oyuncu3,00m; kalıp sonu: merkeze 3,00 m, başlangıçtan 0,00 m, kalıp simülasyonundan 0,00 m"
9-8,"Yükselen Arınma","Kalkan","isik_sutunu",1,1,1,1,1,1,1,1,1,1,"yerinde","yerinde",0.00,"oyuncu +12000 can",3.00,1.35,0.53,0.48,0.93,0.00,0.00,"","vuruş 1: 0,73s@boss3,06m/oyuncu0,00m; kalıp sonu: merkeze 3,07 m, başlangıçtan 0,10 m, kalıp simülasyonundan 0,00 m, kalıp hedefi AllyDummy"
9-9,"Odaklı Arınma","Kalkan","mermi_sondur",1,1,1,1,1,1,1,1,1,1,"yerinde","yerinde",0.00,"oyuncu +12000 can",3.00,1.35,0.40,0.38,0.80,0.00,0.00,"","vuruş 1: 0,67s@boss6,98m/oyuncu4,53m; kalıp sonu: merkeze 3,00 m, başlangıçtan 0,00 m, kalıp simülasyonundan 0,00 m, kalıp hedefi AllyDummy"
9-10,"Aynalı Arınma","Kalkan","yer_degistir",1,1,1,1,1,1,1,1,1,1,"arka","arka",0.00,"oyuncu +12000 can",1.50,1.35,0.41,0.34,0.80,0.00,0.00,"0/1 kare koşu","vuruş 1: 0,66s@boss0,31m/oyuncu1,19m; kalıp sonu: merkeze 1,50 m, başlangıçtan 4,50 m, kalıp simülasyonundan 0,00 m; tek karede 4,50 m sıçrama (sınır 2,53 m @ 68 ms, t=0,46, faz degis, blink tasarım gereği)"
9-11,"Kopya Arınma","Kalkan","yem_kopya",1,1,1,1,1,1,1,1,1,1,"yerinde","yerinde",0.00,"oyuncu +12000 can",3.00,1.35,0.27,0.24,0.67,0.00,0.00,"","vuruş 1: 0,53s@boss2,98m/oyuncu1,29m; kalıp sonu: merkeze 3,00 m, başlangıçtan 0,00 m, kalıp simülasyonundan 0,00 m"
9-12,"Akan Arınma","Kalkan","nabiz",1,1,1,1,1,1,1,1,1,1,"yerinde","yerinde",0.00,"oyuncu +8000 can, dost +4000 can",3.00,1.35,3.21,3.18,3.60,0.00,0.00,"","vuruş 3: 1,53s@boss3,00m/oyuncu0,00m 2,54s@boss3,00m/oyuncu0,00m 3,54s@boss3,00m/oyuncu0,00m; kalıp sonu: merkeze 3,00 m, başlangıçtan 0,00 m, kalıp simülasyonundan 0,00 m"
10-7,"Bulandırıcı Yansı","Kalkan","sahte_goruntu",1,1,1,1,1,1,1,1,1,1,"geri","geri",0.00,"boss:Blind, oyuncu:Stealth",2.48,1.35,0.60,0.56,0.94,0.00,0.00,"1/5 kare koşu, ayak/gövde hız oranı 1,01","vuruş 3: 0,47s@boss2,60m/oyuncu1,37m 0,60s@boss2,60m/oyuncu1,37m 0,80s@boss3,22m/oyuncu0,00m; kalıp sonu: merkeze 3,38 m, başlangıçtan 0,37 m, kalıp simülasyonundan 0,00 m"
10-8,"Yükselen Yansı","Kalkan","yerden_buyuyen",1,1,1,1,1,1,1,1,1,1,"ön","ön",0.00,"",2.35,1.35,0.60,0.54,0.93,0.00,0.00,"0/2 kare koşu","hasarsız skill (base_damage 0): etki hareketin kendisi; vuruş 1: 0,73s@boss0,00m/oyuncu2,39m; kalıp sonu: merkeze 2,35 m, başlangıçtan 0,65 m, kalıp simülasyonundan 0,00 m"
10-9,"Odaklı Yansı","Kalkan","koruyucu_isaret",1,1,1,1,1,1,1,1,1,1,"ön","ön",0.00,"",1.73,1.35,0.33,0.32,0.67,0.00,0.00,"0/5 kare koşu","hasarsız skill (base_damage 0): etki hareketin kendisi; vuruş 1: 0,53s@boss1,58m/oyuncu0,35m; kalıp sonu: merkeze 1,73 m, başlangıçtan 1,28 m, kalıp simülasyonundan 0,00 m"
11-7,"Bulandırıcı Çağrı","Kalkan","sirt_saplama",1,1,1,1,1,1,1,1,1,1,"ön","ön",0.00,"boss:Blind, oyuncu:Stealth",2.10,1.35,0.56,0.44,0.96,0.00,0.00,"0/2 kare koşu","vuruş 1: 0,73s@boss0,00m/oyuncu2,10m; kalıp sonu: merkeze 2,10 m, başlangıçtan 0,90 m, kalıp simülasyonundan 0,00 m"
11-8,"Yükselen Çağrı","Kalkan","dostu_yerden",1,1,1,1,1,1,1,1,1,1,"ön","ön",0.00,"",2.02,1.35,0.93,0.90,1.33,0.00,0.00,"0/10 kare koşu","hasarsız skill (base_damage 0): etki hareketin kendisi; vuruş 1: 1,13s@boss1,98m/oyuncu0,95m; kalıp sonu: merkeze 2,10 m, başlangıçtan 1,42 m, kalıp simülasyonundan 0,00 m"
11-9,"Odaklı Çağrı","Kalkan","pesinden_av",1,1,1,1,1,1,1,1,1,1,"ön","ön",0.00,"",1.90,1.35,2.47,2.46,2.87,0.00,0.00,"0/2 kare koşu","hasarsız skill (base_damage 0): etki hareketin kendisi; vuruş 1: 2,73s@boss0,00m/oyuncu1,90m; kalıp sonu: merkeze 1,90 m, başlangıçtan 1,10 m, kalıp simülasyonundan 0,00 m"
12-7,"Bulandırıcı Zaman","Kalkan","kum_saati",1,1,1,1,1,1,1,1,1,1,"yerinde","yerinde",0.00,"boss:Blind+Slow, oyuncu:Stealth, boss hız x0,70",3.00,1.35,0.67,0.62,1.07,0.00,0.00,"","vuruş 1: 0,53s@boss0,28m/oyuncu3,28m; kalıp sonu: merkeze 3,00 m, başlangıçtan 0,00 m, kalıp simülasyonundan 0,00 m"
12-8,"Yükselen Zaman","Kalkan","isik_sutunu",1,1,1,1,1,1,1,1,1,1,"yerinde","yerinde",0.00,"oyuncu:Haste, oyuncu hız x1,50",2.90,1.35,0.58,0.48,0.98,0.00,0.00,"","vuruş 1: 0,73s@boss2,92m/oyuncu0,00m; kalıp sonu: merkeze 2,90 m, başlangıçtan 0,10 m, kalıp simülasyonundan 0,00 m"
12-9,"Odaklı Zaman","Kalkan","isaret_patlamasi",1,1,1,1,1,1,1,1,1,1,"yerinde","yerinde",0.00,"boss:Slow, boss hız x0,70",3.00,1.35,1.93,1.92,2.34,0.00,0.00,"","vuruş 1: 2,20s@boss0,00m/oyuncu3,00m; kalıp sonu: merkeze 3,00 m, başlangıçtan 0,00 m, kalıp simülasyonundan 0,00 m"
1-1,"Yoğun Vuruş","Top","yukle_birak",1,1,1,1,1,1,1,1,1,1,"ön","ön",306808.00,"",1.55,1.35,0.66,0.64,1.46,0.00,0.00,"2/5 kare koşu, ayak/gövde hız oranı 0,95","vuruş 1: 1,20s@boss0,38m/oyuncu1,53m; kalıp sonu: merkeze 2,00 m, başlangıçtan 1,00 m, kalıp simülasyonundan 0,00 m; toparlanma 0,74 sn (tablo 0,26)"
1-2,"Emici Vuruş","Top","kan_ceken_pence",1,1,1,1,1,1,1,1,1,1,"yerinde","yerinde",221464.00,"oyuncu +66438 can",1.35,1.35,0.40,0.38,1.20,0.00,0.00,"","vuruş 3: 0,87s@boss1,79m/oyuncu1,02m 1,00s@boss1,20m/oyuncu1,02m 1,13s@boss0,62m/oyuncu1,02m; kalıp sonu: merkeze 1,35 m, başlangıçtan 0,00 m, kalıp simülasyonundan 0,00 m, boss 1,65 m kaydı; yer değiştiren: kalıp 0,00 m, başka 0,50 m, SkillMotionDriver 0 kare, dodge 0 kare; toparlanma 0,74 sn (tablo 0,26)"
1-3,"Sıçrayan Vuruş","Top","yan_yan_sekme",1,1,1,1,1,1,1,1,0,0,"geri","geri",234648.00,"",2.95,1.35,0.60,0.58,1.40,0.36,0.00,"2/9 kare koşu, ayak/gövde hız oranı 0,95","vuruş 2: 0,87s@boss0,74m/oyuncu3,61m 1,20s@boss0,74m/oyuncu4,46m; kalıp sonu: merkeze 4,27 m, başlangıçtan 1,66 m, kalıp simülasyonundan 0,05 m, boss 0,11 m kaydı; ayak yerden 0,36 m (havada değil, sınır 0,20 m @ 67 ms, t=1,20, faz geri_tepme); toparlanma 0,74 sn (tablo 0,26)"
1-4,"Sabit Vuruş","Top","yere_cakilan",1,1,1,1,1,1,1,1,1,1,"yerinde","yerinde",221744.00,"",2.91,1.35,0.60,0.54,1.40,0.08,0.00,"2/2 kare koşu, ayak/gövde hız oranı 0,95","vuruş 1: 1,13s@boss2,91m/oyuncu0,00m; kalıp sonu: merkeze 3,41 m, başlangıçtan 0,30 m, kalıp simülasyonundan 0,00 m, boss 0,11 m kaydı; toparlanma 0,74 sn (tablo 0,26)"
1-5,"Yayılan Vuruş","Top","donen_kesik",1,1,1,1,1,1,1,1,1,1,"geri","geri",194232.00,"",3.02,1.35,0.74,0.67,1.54,0.00,0.00,"2/2 kare koşu, ayak/gövde hız oranı 0,95","vuruş 1: 1,00s@boss3,11m/oyuncu0,00m; kalıp sonu: merkeze 3,61 m, başlangıçtan 0,50 m, kalıp simülasyonundan 0,00 m, boss 0,11 m kaydı; toparlanma 0,74 sn (tablo 0,26)"
1-6,"Bağlayıcı Vuruş","Top","zincirli_firlatma",1,1,1,1,1,1,1,1,1,1,"ön","ön",226312.00,"boss:Root+Slow, boss hız x0,00",1.76,1.35,0.83,0.82,1.62,0.00,0.00,"1/4 kare koşu, ayak/gövde hız oranı 0,90","vuruş 2: 0,88s@boss0,45m/oyuncu3,56m 1,35s@boss0,49m/oyuncu1,28m; kalıp sonu: merkeze 2,11 m, başlangıçtan 1,00 m, kalıp simülasyonundan 0,00 m, boss 0,11 m kaydı; toparlanma 0,74 sn (tablo 0,26)"
2-1,"Yoğun Şifa","Top","tek_dokunus",1,1,1,1,1,1,1,1,1,1,"geri","geri",0.00,"oyuncu +200000 can",3.01,1.35,0.20,0.16,0.99,0.00,0.00,"0/2 kare koşu","vuruş 1: 0,85s@boss3,91m/oyuncu0,68m; kalıp sonu: merkeze 3,44 m, başlangıçtan 0,55 m, kalıp simülasyonundan 0,00 m, kalıp hedefi AllyDummy; toparlanma 0,74 sn (tablo 0,26)"
2-2,"Emici Şifa","Top","uzaktan_emme",1,1,1,1,1,1,1,1,1,1,"yerinde","yerinde",53184.00,"oyuncu +56000 can, dost +56000 can",2.65,1.35,2.20,2.16,3.00,0.00,0.00,"","vuruş 4: 1,40s@boss0,19m/oyuncu2,72m 1,93s@boss0,10m/oyuncu2,72m 2,40s@boss0,02m/oyuncu2,72m 2,93s@boss0,07m/oyuncu2,72m; kalıp sonu: merkeze 2,65 m, başlangıçtan 0,35 m, kalıp simülasyonundan 0,00 m; toparlanma 0,74 sn (tablo 0,26)"
2-3,"Sıçrayan Şifa","Top","dosttan_dosta",1,1,1,1,1,1,1,1,1,1,"yerinde","yerinde",0.00,"oyuncu +136000 can, dost +68000 can",3.00,1.35,0.55,0.54,1.34,0.00,0.00,"","vuruş 3: 0,87s@boss5,97m/oyuncu3,45m 0,99s@boss6,98m/oyuncu4,53m 1,19s@boss6,88m/oyuncu4,54m; kalıp sonu: merkeze 3,00 m, başlangıçtan 0,00 m, kalıp simülasyonundan 0,00 m, kalıp hedefi AllyDummy; toparlanma 0,74 sn (tablo 0,26)"
2-4,"Sabit Şifa","Top","totem_dikme",1,1,1,1,1,1,1,1,1,1,"yerinde","yerinde",0.00,"oyuncu +200000 can",3.00,1.35,0.33,0.30,1.13,0.00,0.00,"","vuruş 1: 1,00s@boss3,10m/oyuncu0,00m; kalıp sonu: merkeze 3,11 m, başlangıçtan 0,15 m, kalıp simülasyonundan 0,00 m, kalıp hedefi AllyDummy; toparlanma 0,74 sn (tablo 0,26)"
2-5,"Yayılan Şifa","Top","genisleyen_halka",1,1,1,1,1,1,1,1,1,1,"yerinde","yerinde",0.00,"oyuncu +200000 can",3.00,1.35,0.60,0.58,1.35,0.00,0.00,"","vuruş 1: 1,15s@boss3,00m/oyuncu0,00m; kalıp sonu: merkeze 3,00 m, başlangıçtan 0,00 m, kalıp simülasyonundan 0,00 m; toparlanma 0,74 sn (tablo 0,26)"
2-6,"Bağlayıcı Şifa","Top","dostu_kanca",1,1,1,1,1,1,1,1,1,1,"geri","geri",0.00,"oyuncu +200000 can",3.00,1.35,0.53,0.52,1.33,0.00,0.00,"1/6 kare koşu, ayak/gövde hız oranı 1,01","vuruş 1: 1,20s@boss5,79m/oyuncu0,40m; kalıp sonu: merkeze 5,92 m, başlangıçtan 3,40 m, kalıp simülasyonundan 0,00 m, kalıp hedefi AllyDummy; toparlanma 0,74 sn (tablo 0,26)"
3-1,"Yoğun Adım","Top","isinlan_kes",1,1,1,1,1,1,1,1,1,1,"arka","arka",0.00,"",1.50,1.35,0.62,0.48,1.42,0.00,0.00,"0/1 kare koşu","hasarsız skill (base_damage 0): etki hareketin kendisi; vuruş 1: 1,21s@boss0,00m/oyuncu1,50m; kalıp sonu: merkeze 1,50 m, başlangıçtan 4,50 m, kalıp simülasyonundan 0,00 m; tek karede 4,50 m sıçrama (sınır 2,41 m @ 65 ms, t=1,13, faz isin, blink tasarım gereği); toparlanma 0,74 sn (tablo 0,26)"
3-2,"Emici Adım","Top","icinden_emme",1,1,1,1,1,1,1,1,1,1,"arka","arka",0.00,"",0.15,1.35,0.33,0.28,1.13,0.00,0.00,"1/5 kare koşu, ayak/gövde hız oranı 1,00","hasarsız skill (base_damage 0): etki hareketin kendisi; vuruş 1: 0,93s@boss0,24m/oyuncu1,36m; kalıp sonu: merkeze 2,61 m, başlangıçtan 5,27 m, kalıp simülasyonundan 0,38 m, boss 0,34 m kaydı; gövdeye girdi: merkeze 0,15 m (t=0,87, temas 1,35) geçiş tasarım gereği; toparlanma 0,74 sn (tablo 0,26)"
3-3,"Sıçrayan Adım","Top","sekmeli_ziplama",1,1,1,1,1,1,1,1,1,1,"arka","arka",0.00,"",1.50,1.35,0.60,0.60,1.40,0.00,0.00,"0/9 kare koşu","hasarsız skill (base_damage 0): etki hareketin kendisi; vuruş 3: 0,93s@boss1,80m/oyuncu0,00m 1,13s@boss1,50m/oyuncu0,00m 1,34s@boss1,50m/oyuncu0,00m; kalıp sonu: merkeze 1,50 m, başlangıçtan 4,50 m, kalıp simülasyonundan 0,00 m; toparlanma 0,74 sn (tablo 0,26)"
3-4,"Sabit Adım","Top","geri_sarma",1,1,1,1,1,1,1,1,1,1,"başlangıç","başlangıç",0.00,"",1.50,1.35,2.67,2.66,3.47,0.00,0.00,"2/9 kare koşu, ayak/gövde hız oranı 0,93","hasarsız skill (base_damage 0): etki hareketin kendisi; kalıp sonu: merkeze 3,00 m, başlangıçtan 0,00 m, kalıp simülasyonundan 0,00 m; toparlanma 0,74 sn (tablo 0,26)"
3-5,"Yayılan Adım","Top","dalis_patlamasi",1,1,1,1,1,1,1,1,1,1,"ön","ön",0.00,"",1.50,1.35,0.47,0.42,1.27,0.00,0.00,"0/4 kare koşu","hasarsız skill (base_damage 0): etki hareketin kendisi; vuruş 1: 1,06s@boss1,50m/oyuncu0,00m; kalıp sonu: merkeze 1,50 m, başlangıçtan 1,50 m, kalıp simülasyonundan 0,00 m; toparlanma 0,74 sn (tablo 0,26)"
3-6,"Bağlayıcı Adım","Top","kanca_cekis",1,1,1,1,1,1,1,1,1,1,"arka","arka",0.00,"boss:Root+Slow, boss hız x0,00",1.50,1.35,0.80,0.74,1.60,0.00,0.00,"1/10 kare koşu, ayak/gövde hız oranı 1,00","vuruş 1: 1,40s@boss0,00m/oyuncu1,50m; kalıp sonu: merkeze 1,50 m, başlangıçtan 4,50 m, kalıp simülasyonundan 0,00 m; toparlanma 0,74 sn (tablo 0,26)"
4-1,"Yoğun Kalkan","Top","tam_zamanli",1,1,1,1,1,1,1,1,1,1,"yerinde","yerinde",0.00,"",3.00,1.35,0.50,0.50,1.36,0.00,0.00,"","hasarsız skill (base_damage 0): etki hareketin kendisi; vuruş 1: 1,10s@boss0,62m/oyuncu2,38m; kalıp sonu: merkeze 3,00 m, başlangıçtan 0,00 m, kalıp simülasyonundan 0,00 m; toparlanma 0,74 sn (tablo 0,26)"
4-2,"Emici Kalkan","Top","kalkan_calma",1,1,1,1,1,1,1,1,1,1,"yerinde","yerinde",76000.00,"",1.35,1.35,0.27,0.20,1.01,0.00,0.00,"","vuruş 1: 0,81s@boss1,45m/oyuncu1,28m; kalıp sonu: merkeze 1,90 m, başlangıçtan 0,00 m, kalıp simülasyonundan 0,00 m, boss 1,10 m kaydı; toparlanma 0,74 sn (tablo 0,26)"
4-3,"Sıçrayan Kalkan","Top","seken_disk",1,1,1,1,1,1,1,1,1,1,"yerinde","yerinde",0.00,"",3.00,1.35,0.47,0.42,1.27,0.00,0.00,"","hasarsız skill (base_damage 0): etki hareketin kendisi; vuruş 2: 0,93s@boss0,30m/oyuncu3,30m 1,07s@boss3,04m/oyuncu1,43m; kalıp sonu: merkeze 3,00 m, başlangıçtan 0,00 m, kalıp simülasyonundan 0,00 m; toparlanma 0,74 sn (tablo 0,26)"
5-1,"Yoğun Patlama","Top","saplanan_fitil",1,1,1,1,1,1,1,1,1,1,"geri","geri",402200.00,"",2.39,1.35,1.80,1.74,2.47,0.00,0.00,"3/8 kare koşu, ayak/gövde hız oranı 0,97","vuruş 2: 0,74s@boss0,85m/oyuncu1,54m 2,27s@boss0,85m/oyuncu3,14m; kalıp sonu: merkeze 4,30 m, başlangıçtan 1,30 m, kalıp simülasyonundan 0,00 m; toparlanma 0,64 sn (tablo 0,26)"
5-2,"Emici Patlama","Top","ceken_girdap",1,1,1,1,1,1,1,1,1,1,"geri","geri",290848.00,"oyuncu +87254 can",1.35,1.35,1.47,1.44,2.13,0.00,0.00,"3/3 kare koşu, ayak/gövde hız oranı 1,00","vuruş 3: 1,33s@boss0,00m/oyuncu1,35m 1,80s@boss0,00m/oyuncu1,35m 1,87s@boss0,00m/oyuncu1,35m; kalıp sonu: merkeze 1,85 m, başlangıçtan 0,50 m, kalıp simülasyonundan 0,00 m, boss 1,65 m kaydı; toparlanma 0,64 sn (tablo 0,26)"
5-3,"Sıçrayan Patlama","Top","seken_bomba",1,1,1,1,1,1,1,1,1,1,"geri","geri",301984.00,"",3.02,1.35,0.73,0.70,1.40,0.00,0.00,"2/2 kare koşu, ayak/gövde hız oranı 0,95","vuruş 3: 0,80s@boss0,40m/oyuncu3,50m 0,93s@boss0,00m/oyuncu3,11m 1,14s@boss0,35m/oyuncu3,13m; kalıp sonu: merkeze 3,61 m, başlangıçtan 0,50 m, kalıp simülasyonundan 0,00 m, boss 0,11 m kaydı; toparlanma 0,64 sn (tablo 0,26)"
6-1,"Yoğun Bağ","Top","sinir_noktasi",1,1,1,1,1,1,1,1,1,1,"ön","ön",115544.00,"boss:Stun, boss hız x0,00",1.50,1.35,0.47,0.46,1.13,0.00,0.00,"2/6 kare koşu, ayak/gövde hız oranı 1,00","vuruş 1: 0,93s@boss0,91m/oyuncu0,59m; kalıp sonu: merkeze 2,00 m, başlangıçtan 1,11 m, kalıp simülasyonundan 0,11 m, boss 0,11 m kaydı; toparlanma 0,64 sn (tablo 0,26)"
6-2,"Emici Bağ","Top","bossu_cek",1,1,1,1,1,1,1,1,1,1,"geri","geri",83720.00,"boss:Root, boss hız x0,00, oyuncu +25115 can",1.56,1.35,0.62,0.56,1.28,0.00,0.00,"2/6 kare koşu, ayak/gövde hız oranı 0,91","vuruş 1: 0,95s@boss2,83m/oyuncu1,36m; kalıp sonu: merkeze 2,85 m, başlangıçtan 2,10 m, kalıp simülasyonundan 0,00 m, boss 2,25 m kaydı; toparlanma 0,64 sn (tablo 0,26)"
6-3,"Sıçrayan Bağ","Top","basip_sekme",1,1,1,1,1,1,1,1,0,0,"başlangıç","başlangıç",90656.00,"boss:Root, boss hız x0,00",1.65,1.35,0.67,0.64,1.34,0.26,0.00,"2/10 kare koşu, ayak/gövde hız oranı 0,95","vuruş 1: 0,93s@boss1,50m/oyuncu0,26m; kalıp sonu: merkeze 2,70 m, başlangıçtan 0,19 m, kalıp simülasyonundan 0,11 m, boss 0,11 m kaydı; ayak yerden 0,26 m (havada değil, sınır 0,20 m @ 67 ms, t=1,14, faz geri_tepme); toparlanma 0,64 sn (tablo 0,26)"
1-7,"Bulandırıcı Vuruş","Top","dumandan_cikis",1,1,1,1,1,1,1,1,1,1,"ön","ön",225472.00,"boss:Blind",1.59,1.35,0.60,0.60,1.40,0.00,0.00,"2/5 kare koşu, ayak/gövde hız oranı 0,96","vuruş 1: 1,13s@boss0,78m/oyuncu1,36m; kalıp sonu: merkeze 2,00 m, başlangıçtan 1,11 m, kalıp simülasyonundan 0,11 m, boss 0,11 m kaydı; toparlanma 0,74 sn (tablo 0,26)"
1-8,"Yükselen Vuruş","Top","havaya_kaldirma",1,1,1,1,1,1,1,1,1,1,"ön","ön",255456.00,"boss:Stun, boss hız x0,00",1.91,1.35,0.47,0.46,1.27,0.01,0.00,"2/7 kare koşu, ayak/gövde hız oranı 1,00","vuruş 1: 0,94s@boss1,07m/oyuncu1,28m; kalıp sonu: merkeze 2,40 m, başlangıçtan 0,60 m, kalıp simülasyonundan 0,00 m; toparlanma 0,74 sn (tablo 0,26)"
1-9,"Odaklı Vuruş","Top","isarete_vur",1,1,1,1,1,1,1,1,1,1,"ön","ön",403104.00,"",1.84,1.35,0.53,0.50,1.33,0.00,0.00,"2/5 kare koşu, ayak/gövde hız oranı 0,95","vuruş 1: 1,07s@boss0,88m/oyuncu1,28m; kalıp sonu: merkeze 2,26 m, başlangıçtan 0,85 m, kalıp simülasyonundan 0,00 m, boss 0,11 m kaydı; toparlanma 0,74 sn (tablo 0,26)"
2-7,"Bulandırıcı Şifa","Top","sis_ortusu",1,1,1,1,1,1,1,1,1,1,"yerinde","yerinde",0.00,"oyuncu +200000 can",3.02,1.35,0.33,0.30,1.13,0.00,0.00,"","vuruş 1: 0,93s@boss0,00m/oyuncu3,11m; kalıp sonu: merkeze 3,11 m, başlangıçtan 0,00 m, kalıp simülasyonundan 0,00 m, boss 0,11 m kaydı; toparlanma 0,74 sn (tablo 0,26)"
2-8,"Yükselen Şifa","Top","yerden_buyuyen",1,1,1,1,1,1,1,1,1,1,"yerinde","yerinde",0.00,"oyuncu +200000 can",3.00,1.35,0.47,0.42,1.22,0.00,0.00,"","vuruş 1: 1,02s@boss6,98m/oyuncu4,33m; kalıp sonu: merkeze 3,18 m, başlangıçtan 0,25 m, kalıp simülasyonundan 0,00 m, kalıp hedefi AllyDummy; toparlanma 0,74 sn (tablo 0,26)"
2-9,"Odaklı Şifa","Top","koruyucu_isaret",1,1,1,1,1,1,1,1,1,1,"geri","geri",0.00,"oyuncu +200000 can",3.00,1.35,0.27,0.20,1.06,0.00,0.00,"0/3 kare koşu","vuruş 1: 0,93s@boss3,90m/oyuncu0,35m; kalıp sonu: merkeze 3,61 m, başlangıçtan 0,80 m, kalıp simülasyonundan 0,00 m, kalıp hedefi AllyDummy; toparlanma 0,74 sn (tablo 0,26)"
3-7,"Bulandırıcı Adım","Top","duman_kaybolma",1,1,1,1,1,1,1,1,1,1,"ön","ön",0.00,"boss:Blind, oyuncu:Stealth",1.50,1.35,0.60,0.59,1.40,0.00,0.00,"0/2 kare koşu","vuruş 1: 0,93s@boss1,50m/oyuncu0,00m; kalıp sonu: merkeze 1,50 m, başlangıçtan 1,50 m, kalıp simülasyonundan 0,00 m; toparlanma 0,74 sn (tablo 0,26)"
3-8,"Yükselen Adım","Top","sicrayip_cakilma",1,1,1,1,1,1,1,1,1,1,"ön","ön",0.00,"oyuncu:Haste, oyuncu hız x1,10",1.50,1.35,0.87,0.82,1.67,0.00,0.00,"0/5 kare koşu","vuruş 1: 1,53s@boss1,50m/oyuncu0,00m; kalıp sonu: merkeze 1,50 m, başlangıçtan 1,50 m, kalıp simülasyonundan 0,00 m; toparlanma 0,74 sn (tablo 0,26)"
3-9,"Odaklı Adım","Top","isinlan_kes",1,1,1,1,1,1,1,1,1,1,"arka","arka",0.00,"",1.50,1.35,0.54,0.48,1.34,0.00,0.00,"0/1 kare koşu","hasarsız skill (base_damage 0): etki hareketin kendisi; vuruş 1: 1,20s@boss0,00m/oyuncu1,50m; kalıp sonu: merkeze 1,50 m, başlangıçtan 4,50 m, kalıp simülasyonundan 0,00 m; tek karede 4,50 m sıçrama (sınır 2,45 m @ 66 ms, t=1,13, faz isin, blink tasarım gereği); toparlanma 0,74 sn (tablo 0,26)"
7-1,"Yoğun Zafiyet","Top","diken_firlatma",1,1,1,1,1,1,1,1,1,1,"geri","geri",69592.00,"",3.00,1.35,0.53,0.52,1.24,0.00,0.00,"2/2 kare koşu, ayak/gövde hız oranı 0,96","vuruş 1: 1,04s@boss0,30m/oyuncu3,30m; kalıp sonu: merkeze 3,50 m, başlangıçtan 0,50 m, kalıp simülasyonundan 0,00 m; toparlanma 0,64 sn (tablo 0,26)"
7-2,"Emici Zafiyet","Top","sokup_cekme",1,1,1,1,1,1,1,1,1,1,"geri","geri",71368.00,"oyuncu +21409 can",3.02,1.35,0.60,0.56,1.27,0.00,0.00,"3/7 kare koşu, ayak/gövde hız oranı 0,97","vuruş 2: 0,80s@boss0,35m/oyuncu3,56m 0,93s@boss2,69m/oyuncu1,19m; kalıp sonu: merkeze 4,91 m, başlangıçtan 1,80 m, kalıp simülasyonundan 0,00 m, boss 0,11 m kaydı; toparlanma 0,64 sn (tablo 0,26)"
7-3,"Sıçrayan Zafiyet","Top","seken_yaratik",1,1,1,1,1,1,1,1,1,1,"geri","geri",69968.00,"",3.02,1.35,0.80,0.76,1.46,0.00,0.00,"3/3 kare koşu, ayak/gövde hız oranı 0,97","vuruş 3: 0,87s@boss0,00m/oyuncu3,11m 1,06s@boss0,35m/oyuncu3,13m 1,20s@boss0,35m/oyuncu3,13m; kalıp sonu: merkeze 3,61 m, başlangıçtan 0,50 m, kalıp simülasyonundan 0,00 m, boss 0,11 m kaydı; toparlanma 0,64 sn (tablo 0,26)"
8-1,"Yoğun Yükseliş","Top","kuculten_kapi",1,1,1,1,1,1,1,1,1,1,"yerinde","yerinde",0.00,"",3.02,1.35,0.33,0.28,1.13,0.00,0.00,"","hasarsız skill (base_damage 0): etki hareketin kendisi; vuruş 1: 0,93s@boss0,73m/oyuncu2,38m; kalıp sonu: merkeze 3,11 m, başlangıçtan 0,00 m, kalıp simülasyonundan 0,00 m, boss 0,11 m kaydı; toparlanma 0,74 sn (tablo 0,26)"
8-2,"Emici Yükseliş","Top","kan_muhru",1,1,1,1,1,1,1,1,1,1,"yerinde","yerinde",0.00,"",3.00,1.35,0.33,0.32,1.13,0.00,0.00,"","hasarsız skill (base_damage 0): etki hareketin kendisi; vuruş 1: 0,93s@boss3,00m/oyuncu0,00m; kalıp sonu: merkeze 3,00 m, başlangıçtan 0,00 m, kalıp simülasyonundan 0,00 m; toparlanma 0,74 sn (tablo 0,26)"
8-3,"Sıçrayan Yükseliş","Top","pas_verme",1,1,1,1,1,1,1,1,1,1,"yerinde","yerinde",0.00,"",3.00,1.35,0.27,0.24,1.07,0.00,0.00,"","hasarsız skill (base_damage 0): etki hareketin kendisi; vuruş 1: 1,00s@boss6,38m/oyuncu3,90m; kalıp sonu: merkeze 3,00 m, başlangıçtan 0,00 m, kalıp simülasyonundan 0,00 m, kalıp hedefi AllyDummy; toparlanma 0,74 sn (tablo 0,26)"
9-1,"Yoğun Arınma","Top","tek_dokunus",1,1,1,1,1,1,1,1,1,1,"geri","geri",0.00,"oyuncu +48000 can",3.00,1.35,0.20,0.16,1.00,0.00,0.00,"0/2 kare koşu","vuruş 1: 0,87s@boss3,88m/oyuncu0,68m; kalıp sonu: merkeze 3,41 m, başlangıçtan 0,55 m, kalıp simülasyonundan 0,00 m, kalıp hedefi AllyDummy; toparlanma 0,74 sn (tablo 0,26)"
9-2,"Emici Arınma","Top","cekip_firlat",1,1,1,1,1,1,1,1,1,1,"yerinde","yerinde",0.00,"oyuncu +20000 can, dost +28000 can",3.00,1.35,0.53,0.50,1.33,0.00,0.00,"","vuruş 2: 0,93s@boss2,65m/oyuncu0,35m 1,27s@boss0,30m/oyuncu3,30m; kalıp sonu: merkeze 3,00 m, başlangıçtan 0,00 m, kalıp simülasyonundan 0,00 m; toparlanma 0,74 sn (tablo 0,26)"
9-3,"Sıçrayan Arınma","Top","dosttan_dosta",1,1,1,1,1,1,1,1,1,1,"yerinde","yerinde",0.00,"oyuncu +32000 can, dost +16000 can",3.00,1.35,0.60,0.54,1.40,0.00,0.00,"","vuruş 3: 0,93s@boss6,43m/oyuncu3,95m 1,00s@boss6,98m/oyuncu4,53m 1,20s@boss6,88m/oyuncu4,54m; kalıp sonu: merkeze 3,00 m, başlangıçtan 0,00 m, kalıp simülasyonundan 0,00 m, kalıp hedefi AllyDummy; toparlanma 0,74 sn (tablo 0,26)"
1-10,"Aynalı Vuruş","Top","sirtta_kapi",1,1,1,1,1,1,1,1,1,1,"ön","ön",288712.00,"",1.80,1.35,0.48,0.44,1.27,0.00,0.00,"2/5 kare koşu, ayak/gövde hız oranı 1,00","vuruş 2: 0,86s@boss0,98m/oyuncu1,19m 1,00s@boss0,55m/oyuncu2,35m; kalıp sonu: merkeze 2,30 m, başlangıçtan 0,70 m, kalıp simülasyonundan 0,00 m; toparlanma 0,74 sn (tablo 0,26)"
1-11,"Kopya Vuruş","Top","golge_yankisi",1,1,1,1,1,1,1,1,1,1,"başlangıç","başlangıç",231000.00,"",2.21,1.35,0.67,0.62,1.47,0.00,0.00,"3/5 kare koşu, ayak/gövde hız oranı 0,97","vuruş 2: 0,87s@boss1,21m/oyuncu1,15m 1,20s@boss2,04m/oyuncu1,39m; kalıp sonu: merkeze 2,71 m, başlangıçtan 0,40 m, kalıp simülasyonundan 0,00 m, boss 0,11 m kaydı; toparlanma 0,74 sn (tablo 0,26)"
1-12,"Akan Vuruş","Top","basili_seri",1,1,1,1,1,1,1,1,1,1,"ön","ön",162056.00,"",1.72,1.35,3.12,3.12,3.92,0.00,0.00,"2/2 kare koşu, ayak/gövde hız oranı 0,97","vuruş 6: 1,00s@boss1,84m/oyuncu1,15m 1,53s@boss1,59m/oyuncu1,15m 2,00s@boss1,38m/oyuncu1,15m 2,53s@boss1,13m/oyuncu1,15m 2,99s@boss0,91m/oyuncu1,15m 3,53s@boss0,66m/oyuncu1,15m; kalıp sonu: merkeze 2,21 m, başlangıçtan 0,90 m, kalıp simülasyonundan 0,00 m, boss 0,11 m kaydı; toparlanma 0,74 sn (tablo 0,26)"
2-10,"Aynalı Şifa","Top","ters_es",1,1,1,1,1,1,1,1,1,1,"yerinde","yerinde",16800.00,"oyuncu +112000 can",3.02,1.35,0.47,0.44,1.27,0.00,0.00,"","vuruş 2: 0,93s@boss2,71m/oyuncu0,40m 1,13s@boss0,00m/oyuncu3,11m; kalıp sonu: merkeze 3,11 m, başlangıçtan 0,00 m, kalıp simülasyonundan 0,00 m, boss 0,11 m kaydı; toparlanma 0,74 sn (tablo 0,26)"
2-11,"Kopya Şifa","Top","golge_ulak",1,1,1,1,1,1,1,1,1,1,"yan","yan",0.00,"oyuncu +120000 can, dost +80000 can",2.43,1.35,1.40,1.36,2.20,0.00,0.00,"1/3 kare koşu, ayak/gövde hız oranı 1,00","vuruş 2: 0,87s@boss3,26m/oyuncu0,35m 2,07s@boss3,05m/oyuncu1,46m; kalıp sonu: merkeze 2,43 m, başlangıçtan 1,41 m, kalıp simülasyonundan 0,00 m, kalıp hedefi AllyDummy; toparlanma 0,74 sn (tablo 0,26)"
2-12,"Akan Şifa","Top","basili_isik",1,1,1,1,1,1,1,1,1,1,"geri","geri",0.00,"oyuncu +96000 can, dost +96000 can",3.00,1.35,3.01,3.00,3.81,0.00,0.00,"","vuruş 6: 1,00s@boss5,38m/oyuncu2,72m 1,50s@boss5,57m/oyuncu2,72m 2,01s@boss5,76m/oyuncu2,72m 2,54s@boss5,95m/oyuncu2,72m 3,01s@boss6,13m/oyuncu2,72m 3,54s@boss6,33m/oyuncu2,72m; kalıp sonu: merkeze 3,94 m, başlangıçtan 1,20 m, kalıp simülasyonundan 0,00 m, kalıp hedefi AllyDummy; toparlanma 0,74 sn (tablo 0,26)"
3-10,"Aynalı Adım","Top","iki_kapi",1,1,1,1,1,1,1,1,1,1,"ön","ön",0.00,"",1.50,1.35,0.60,0.54,1.40,0.00,0.00,"0/4 kare koşu","hasarsız skill (base_damage 0): etki hareketin kendisi; vuruş 2: 0,80s@boss3,00m/oyuncu0,00m 1,20s@boss1,50m/oyuncu0,00m; kalıp sonu: merkeze 1,50 m, başlangıçtan 1,50 m, kalıp simülasyonundan 0,00 m; toparlanma 0,74 sn (tablo 0,26)"
3-11,"Kopya Adım","Top","yem_kac",1,1,1,1,1,1,1,1,1,1,"geri","geri",0.00,"",3.00,1.35,0.40,0.40,1.20,0.00,0.00,"1/5 kare koşu, ayak/gövde hız oranı 1,01","hasarsız skill (base_damage 0): etki hareketin kendisi; vuruş 1: 0,80s@boss3,00m/oyuncu0,00m; kalıp sonu: merkeze 5,80 m, başlangıçtan 2,80 m, kalıp simülasyonundan 0,00 m; toparlanma 0,74 sn (tablo 0,26)"
3-12,"Akan Adım","Top","suzulme",1,1,1,1,1,1,1,1,1,1,"ön","ön",0.00,"",1.90,1.35,3.07,3.00,3.87,0.00,0.00,"","hasarsız skill (base_damage 0): etki hareketin kendisi; kalıp sonu: merkeze 1,90 m, başlangıçtan 1,10 m, kalıp simülasyonundan 0,00 m; toparlanma 0,74 sn (tablo 0,26)"
10-1,"Yoğun Yansı","Top","tam_zamanli",1,1,1,1,1,1,1,1,1,1,"yerinde","yerinde",0.00,"",3.00,1.35,0.53,0.50,1.33,0.00,0.00,"","hasarsız skill (base_damage 0): etki hareketin kendisi; vuruş 1: 1,13s@boss0,62m/oyuncu2,38m; kalıp sonu: merkeze 3,00 m, başlangıçtan 0,00 m, kalıp simülasyonundan 0,00 m; toparlanma 0,74 sn (tablo 0,26)"
10-2,"Emici Yansı","Top","yutan_girdap",1,1,1,1,1,1,1,1,1,1,"yerinde","yerinde",0.00,"",1.35,1.35,3.20,3.18,3.95,0.00,0.00,"","hasarsız skill (base_damage 0): etki hareketin kendisi; vuruş 4: 1,61s@boss1,03m/oyuncu2,38m 2,41s@boss1,03m/oyuncu2,38m 3,15s@boss1,03m/oyuncu2,38m 3,88s@boss1,03m/oyuncu2,38m; kalıp sonu: merkeze 1,35 m, başlangıçtan 0,00 m, kalıp simülasyonundan 0,00 m, boss 1,65 m kaydı; toparlanma 0,74 sn (tablo 0,26)"
10-3,"Sıçrayan Yansı","Top","seken_geri",1,1,1,1,1,1,1,1,1,1,"ön","ön",0.00,"",1.90,1.35,0.40,0.36,1.20,0.00,0.00,"0/3 kare koşu","hasarsız skill (base_damage 0): etki hareketin kendisi; vuruş 2: 0,87s@boss0,55m/oyuncu1,53m 1,00s@boss0,00m/oyuncu1,90m; kalıp sonu: merkeze 1,90 m, başlangıçtan 1,10 m, kalıp simülasyonundan 0,00 m; toparlanma 0,74 sn (tablo 0,26)"
10-10,"Aynalı Yansı","Top","iki_kapi",1,1,1,1,1,1,1,1,1,1,"ön","ön",0.00,"",1.50,1.35,0.60,0.54,1.40,0.00,0.00,"0/4 kare koşu","hasarsız skill (base_damage 0): etki hareketin kendisi; vuruş 2: 0,80s@boss3,00m/oyuncu0,00m 1,20s@boss1,50m/oyuncu0,00m; kalıp sonu: merkeze 1,50 m, başlangıçtan 1,50 m, kalıp simülasyonundan 0,00 m; toparlanma 0,74 sn (tablo 0,26)"
10-11,"Kopya Yansı","Top","yem_kopya",1,1,1,1,1,1,1,1,1,1,"yerinde","yerinde",0.00,"",3.00,1.35,0.26,0.24,1.06,0.00,0.00,"","hasarsız skill (base_damage 0): etki hareketin kendisi; vuruş 1: 0,87s@boss2,98m/oyuncu1,29m; kalıp sonu: merkeze 3,00 m, başlangıçtan 0,00 m, kalıp simülasyonundan 0,00 m; toparlanma 0,74 sn (tablo 0,26)"
10-12,"Akan Yansı","Top","basili_siper",1,1,1,1,1,1,1,1,1,1,"ön","ön",0.00,"",2.20,1.35,3.03,3.00,3.83,0.00,0.00,"","hasarsız skill (base_damage 0): etki hareketin kendisi; vuruş 3: 1,50s@boss0,42m/oyuncu2,38m 2,50s@boss0,15m/oyuncu2,38m 3,50s@boss0,12m/oyuncu2,38m; kalıp sonu: merkeze 2,20 m, başlangıçtan 0,80 m, kalıp simülasyonundan 0,00 m; toparlanma 0,74 sn (tablo 0,26)"
11-1,"Yoğun Çağrı","Top","sirt_saplama",1,1,1,1,1,1,1,1,1,1,"yerinde","yerinde",0.00,"",3.00,1.35,0.33,0.32,1.13,0.00,0.00,"","hasarsız skill (base_damage 0): etki hareketin kendisi; vuruş 1: 1,00s@boss0,00m/oyuncu3,00m; kalıp sonu: merkeze 3,00 m, başlangıçtan 0,00 m, kalıp simülasyonundan 0,00 m; toparlanma 0,74 sn (tablo 0,26)"
11-2,"Emici Çağrı","Top","yapisan",1,1,1,1,1,1,1,1,1,1,"yerinde","yerinde",0.00,"",1.35,1.35,5.20,5.18,6.00,0.00,0.00,"","hasarsız skill (base_damage 0): etki hareketin kendisi; vuruş 6: 0,93s@boss0,20m/oyuncu2,65m 1,93s@boss0,00m/oyuncu1,35m 2,93s@boss0,00m/oyuncu1,35m 3,93s@boss0,00m/oyuncu1,35m 4,93s@boss0,00m/oyuncu1,35m 5,93s@boss0,00m/oyuncu1,35m; kalıp sonu: merkeze 1,35 m, başlangıçtan 0,00 m, kalıp simülasyonundan 0,00 m, boss 1,65 m kaydı; toparlanma 0,74 sn (tablo 0,26)"
11-3,"Sıçrayan Çağrı","Top","seken_yaratik",1,1,1,1,1,1,1,1,1,1,"yerinde","yerinde",0.00,"",3.00,1.35,0.72,0.64,1.52,0.00,0.00,"","hasarsız skill (base_damage 0): etki hareketin kendisi; vuruş 3: 1,00s@boss0,00m/oyuncu3,00m 1,14s@boss0,35m/oyuncu3,02m 1,33s@boss0,35m/oyuncu3,02m; kalıp sonu: merkeze 3,00 m, başlangıçtan 0,00 m, kalıp simülasyonundan 0,00 m; toparlanma 0,74 sn (tablo 0,26)"
11-10,"Aynalı Çağrı","Top","takim_kapisi",1,1,1,1,1,1,1,1,1,1,"yerinde","yerinde",0.00,"",3.00,1.35,1.27,1.24,2.07,0.00,0.00,"","hasarsız skill (base_damage 0): etki hareketin kendisi; vuruş 1: 0,93s@boss3,00m/oyuncu0,00m; kalıp sonu: merkeze 3,00 m, başlangıçtan 0,00 m, kalıp simülasyonundan 0,00 m; toparlanma 0,74 sn (tablo 0,26)"
11-11,"Kopya Çağrı","Top","ayna_klonlar",1,1,1,1,1,1,1,1,1,1,"yerinde","yerinde",0.00,"",3.00,1.35,0.53,0.50,1.33,0.00,0.00,"","hasarsız skill (base_damage 0): etki hareketin kendisi; vuruş 2: 1,00s@boss2,93m/oyuncu1,41m 1,20s@boss2,93m/oyuncu1,41m; kalıp sonu: merkeze 3,00 m, başlangıçtan 0,00 m, kalıp simülasyonundan 0,00 m; toparlanma 0,74 sn (tablo 0,26)"
11-12,"Akan Çağrı","Top","kapidan_akin",1,1,1,1,1,1,1,1,1,1,"yerinde","yerinde",0.00,"",3.00,1.35,4.27,4.20,5.07,0.00,0.00,"","hasarsız skill (base_damage 0): etki hareketin kendisi; vuruş 6: 1,00s@boss0,85m/oyuncu2,15m 1,80s@boss0,00m/oyuncu3,00m 2,60s@boss0,00m/oyuncu3,00m 3,40s@boss0,00m/oyuncu3,00m 4,20s@boss0,00m/oyuncu3,00m 5,00s@boss0,00m/oyuncu3,00m; kalıp sonu: merkeze 3,00 m, başlangıçtan 0,00 m, kalıp simülasyonundan 0,00 m; toparlanma 0,74 sn (tablo 0,26)"
12-1,"Yoğun Zaman","Top","zamanli_donma",1,1,1,1,1,1,1,1,1,1,"ön","ön",0.00,"boss:Slow, boss hız x0,70",1.50,1.35,0.53,0.50,1.20,0.00,0.00,"0/3 kare koşu","vuruş 1: 1,07s@boss0,55m/oyuncu1,28m; kalıp sonu: merkeze 1,50 m, başlangıçtan 1,50 m, kalıp simülasyonundan 0,00 m; toparlanma 0,64 sn (tablo 0,26)"
12-2,"Emici Zaman","Top","ceken_girdap",1,1,1,1,1,1,1,1,1,1,"yerinde","yerinde",0.00,"boss:Slow, oyuncu:Haste, boss hız x0,70, oyuncu hız x1,30",3.00,1.35,1.37,1.32,2.04,0.00,0.00,"","vuruş 3: 1,33s@boss0,00m/oyuncu3,00m 1,84s@boss0,00m/oyuncu3,00m 1,90s@boss0,00m/oyuncu3,00m; kalıp sonu: merkeze 3,00 m, başlangıçtan 0,00 m, kalıp simülasyonundan 0,00 m; toparlanma 0,64 sn (tablo 0,26)"
12-3,"Sıçrayan Zaman","Top","geri_donen_kure",1,1,1,1,1,1,1,1,1,1,"yerinde","yerinde",0.00,"boss:Slow, boss hız x0,70",3.00,1.35,0.53,0.50,1.20,0.00,0.00,"","vuruş 2: 0,80s@boss0,30m/oyuncu3,30m 1,07s@boss0,96m/oyuncu2,04m; kalıp sonu: merkeze 3,00 m, başlangıçtan 0,00 m, kalıp simülasyonundan 0,00 m; toparlanma 0,64 sn (tablo 0,26)"
12-10,"Aynalı Zaman","Top","boss_geri",1,1,1,1,1,1,1,1,1,1,"yerinde","yerinde",0.00,"boss:Slow, boss hız x0,70",3.00,1.35,0.47,0.46,1.13,0.00,0.00,"","vuruş 1: 0,80s@boss0,30m/oyuncu3,30m; kalıp sonu: merkeze 3,00 m, başlangıçtan 0,00 m, kalıp simülasyonundan 0,00 m; toparlanma 0,64 sn (tablo 0,26)"
12-11,"Kopya Zaman","Top","geri_sarma",1,1,1,1,1,1,1,1,1,1,"başlangıç","başlangıç",0.00,"",1.50,1.35,2.67,2.66,3.33,0.00,0.00,"2/9 kare koşu, ayak/gövde hız oranı 0,95","hasarsız skill (base_damage 0): etki hareketin kendisi; kalıp sonu: merkeze 3,00 m, başlangıçtan 0,00 m, kalıp simülasyonundan 0,00 m; toparlanma 0,64 sn (tablo 0,26)"
12-12,"Akan Zaman","Top","yuruyen_balon",1,1,1,1,1,1,1,1,1,1,"ön","ön",0.00,"boss:Slow, boss hız x0,70",1.80,1.35,4.24,4.20,4.91,0.00,0.00,"","vuruş 5: 0,73s@boss3,00m/oyuncu0,00m 1,87s@boss2,68m/oyuncu0,00m 2,87s@boss2,38m/oyuncu0,00m 3,80s@boss2,10m/oyuncu0,00m 4,80s@boss1,80m/oyuncu0,00m; kalıp sonu: merkeze 1,80 m, başlangıçtan 1,20 m, kalıp simülasyonundan 0,00 m; toparlanma 0,64 sn (tablo 0,26)"
4-4,"Sabit Kalkan","Top","duvar_dikme",1,1,1,1,1,1,1,1,1,1,"yerinde","yerinde",0.00,"",3.00,1.35,0.33,0.32,1.13,0.00,0.00,"","hasarsız skill (base_damage 0): etki hareketin kendisi; vuruş 1: 1,00s@boss0,62m/oyuncu2,38m; kalıp sonu: merkeze 3,00 m, başlangıçtan 0,00 m, kalıp simülasyonundan 0,00 m; toparlanma 0,74 sn (tablo 0,26)"
4-5,"Yayılan Kalkan","Top","onde_yelpaze",1,1,1,1,1,1,1,1,1,1,"yerinde","yerinde",0.00,"",3.00,1.35,0.67,0.63,1.47,0.00,0.00,"","hasarsız skill (base_damage 0): etki hareketin kendisi; vuruş 1: 1,20s@boss1,88m/oyuncu1,12m; kalıp sonu: merkeze 3,00 m, başlangıçtan 0,00 m, kalıp simülasyonundan 0,00 m; toparlanma 0,74 sn (tablo 0,26)"
4-6,"Bağlayıcı Kalkan","Top","zincirli_firlatma",1,1,1,1,1,1,1,1,1,1,"ön","ön",0.00,"",1.50,1.35,0.73,0.70,1.53,0.00,0.00,"2/4 kare koşu, ayak/gövde hız oranı 0,98","hasarsız skill (base_damage 0): etki hareketin kendisi; vuruş 2: 0,93s@boss0,45m/oyuncu3,45m 1,40s@boss0,46m/oyuncu1,28m; kalıp sonu: merkeze 1,50 m, başlangıçtan 1,50 m, kalıp simülasyonundan 0,00 m; toparlanma 0,74 sn (tablo 0,26)"
4-7,"Bulandırıcı Kalkan","Top","duman_duvari",1,1,1,1,1,1,1,1,1,1,"yerinde","yerinde",0.00,"",2.80,1.35,0.53,0.52,1.33,0.05,0.00,"","hasarsız skill (base_damage 0): etki hareketin kendisi; vuruş 1: 1,00s@boss0,42m/oyuncu2,38m; kalıp sonu: merkeze 2,80 m, başlangıçtan 0,20 m, kalıp simülasyonundan 0,00 m; toparlanma 0,74 sn (tablo 0,26)"
4-8,"Yükselen Kalkan","Top","yerden_buyuyen",1,1,1,1,1,1,1,1,1,1,"yerinde","yerinde",0.00,"",3.00,1.35,0.47,0.42,1.27,0.00,0.00,"","hasarsız skill (base_damage 0): etki hareketin kendisi; vuruş 1: 1,07s@boss6,98m/oyuncu4,33m; kalıp sonu: merkeze 3,18 m, başlangıçtan 0,25 m, kalıp simülasyonundan 0,00 m, kalıp hedefi AllyDummy; toparlanma 0,74 sn (tablo 0,26)"
4-9,"Odaklı Kalkan","Top","koruyucu_isaret",1,1,1,1,1,1,1,1,1,1,"geri","geri",0.00,"",3.00,1.35,0.20,0.20,1.00,0.00,0.00,"0/3 kare koşu","hasarsız skill (base_damage 0): etki hareketin kendisi; vuruş 1: 0,94s@boss3,90m/oyuncu0,35m; kalıp sonu: merkeze 3,61 m, başlangıçtan 0,80 m, kalıp simülasyonundan 0,00 m, kalıp hedefi AllyDummy; toparlanma 0,74 sn (tablo 0,26)"
5-4,"Sabit Patlama","Top","mayin_cakma",1,1,1,1,1,1,1,1,1,1,"geri","geri",315864.00,"",3.00,1.35,0.60,0.54,1.27,0.00,0.00,"2/2 kare koşu, ayak/gövde hız oranı 0,95","vuruş 2: 0,87s@boss0,85m/oyuncu2,15m 0,93s@boss0,85m/oyuncu2,15m; kalıp sonu: merkeze 3,50 m, başlangıçtan 0,50 m, kalıp simülasyonundan 0,00 m; toparlanma 0,64 sn (tablo 0,26)"
5-5,"Yayılan Patlama","Top","yer_yarigi",1,1,1,1,1,1,1,1,1,1,"ön","ön",257792.00,"",1.50,1.35,0.73,0.68,1.40,0.03,0.00,"1/9 kare koşu, ayak/gövde hız oranı 0,90","vuruş 3: 0,93s@boss0,34m/oyuncu1,24m 1,00s@boss0,16m/oyuncu1,36m 1,13s@boss0,22m/oyuncu1,28m; kalıp sonu: merkeze 2,00 m, başlangıçtan 2,07 m, kalıp simülasyonundan 0,16 m, boss 0,11 m kaydı; toparlanma 0,64 sn (tablo 0,26)"
5-6,"Bağlayıcı Patlama","Top","gerilip_kopan",1,1,1,1,1,1,1,1,1,1,"geri","geri",290880.00,"boss:Root+Slow, boss hız x0,00",1.56,1.35,0.73,0.70,1.40,0.00,0.00,"2/8 kare koşu, ayak/gövde hız oranı 0,95","vuruş 2: 0,80s@boss0,85m/oyuncu1,20m 1,13s@boss0,86m/oyuncu2,75m; kalıp sonu: merkeze 2,60 m, başlangıçtan 1,00 m, kalıp simülasyonundan 0,01 m, boss 1,40 m kaydı; toparlanma 0,64 sn (tablo 0,26)"
5-7,"Bulandırıcı Patlama","Top","sis_bombasi",1,1,1,1,1,1,1,1,1,1,"geri","geri",299752.00,"boss:Blind",2.98,1.35,0.40,0.34,1.07,0.00,0.00,"2/2 kare koşu, ayak/gövde hız oranı 0,95","vuruş 1: 0,80s@boss0,35m/oyuncu3,33m; kalıp sonu: merkeze 3,48 m, başlangıçtan 0,50 m, kalıp simülasyonundan 0,00 m; toparlanma 0,64 sn (tablo 0,26)"
5-8,"Yükselen Patlama","Top","yerden_fiskirma",1,1,1,1,1,1,1,1,0,0,"yerinde","yerinde",339488.00,"boss:Stun, boss hız x0,00",2.66,1.35,0.60,0.56,1.27,0.36,0.00,"2/2 kare koşu, ayak/gövde hız oranı 0,95","vuruş 1: 0,94s@boss0,00m/oyuncu2,75m; kalıp sonu: merkeze 3,10 m, başlangıçtan 0,10 m, kalıp simülasyonundan 0,00 m; ayak yerden 0,36 m (havada değil, sınır 0,21 m @ 69 ms, t=1,08, faz geri_tepme); toparlanma 0,64 sn (tablo 0,26)"
5-9,"Odaklı Patlama","Top","gudumlu_top",1,1,1,1,1,1,1,1,1,1,"geri","geri",535512.00,"",3.02,1.35,0.73,0.68,1.40,0.00,0.00,"2/2 kare koşu, ayak/gövde hız oranı 0,95","vuruş 1: 1,13s@boss0,00m/oyuncu3,11m; kalıp sonu: merkeze 3,61 m, başlangıçtan 0,50 m, kalıp simülasyonundan 0,00 m, boss 0,11 m kaydı; toparlanma 0,64 sn (tablo 0,26)"
6-4,"Sabit Bağ","Top","karsilikli_kilit",1,1,1,1,1,1,1,1,1,1,"ön","ön",126912.00,"boss:Root, boss hız x0,00",1.50,1.35,3.40,3.36,4.07,0.00,0.00,"3/6 kare koşu, ayak/gövde hız oranı 0,94","vuruş 1: 1,14s@boss0,40m/oyuncu1,11m; kalıp sonu: merkeze 2,01 m, başlangıçtan 1,11 m, kalıp simülasyonundan 0,11 m, boss 0,11 m kaydı; toparlanma 0,64 sn (tablo 0,26)"
6-5,"Yayılan Bağ","Top","yer_tuzagi",1,1,1,1,1,1,1,1,1,1,"geri","geri",74072.00,"boss:Root, boss hız x0,00",3.02,1.35,0.40,0.40,1.07,0.00,0.00,"2/2 kare koşu, ayak/gövde hız oranı 0,96","vuruş 1: 0,80s@boss0,72m/oyuncu2,38m; kalıp sonu: merkeze 3,61 m, başlangıçtan 0,50 m, kalıp simülasyonundan 0,00 m, boss 0,11 m kaydı; toparlanma 0,64 sn (tablo 0,26)"
6-6,"Bağlayıcı Bağ","Top","iki_uclu",1,1,1,1,1,1,1,1,1,1,"geri","geri",134520.00,"boss:Root+Slow, boss hız x0,00",3.02,1.35,0.82,0.77,1.49,0.00,0.00,"1/1 kare koşu, ayak/gövde hız oranı 0,90","vuruş 1: 0,80s@boss0,28m/oyuncu3,38m; kalıp sonu: merkeze 3,61 m, başlangıçtan 0,50 m, kalıp simülasyonundan 0,00 m, boss 0,11 m kaydı; toparlanma 0,64 sn (tablo 0,26)"
6-7,"Bulandırıcı Bağ","Top","goz_bagi",1,1,1,1,1,1,1,1,1,1,"geri","geri",83576.00,"boss:Blind+Root, boss hız x0,00",3.01,1.35,0.33,0.32,1.00,0.00,0.00,"2/2 kare koşu, ayak/gövde hız oranı 0,95","vuruş 1: 0,80s@boss0,28m/oyuncu3,31m; kalıp sonu: merkeze 3,53 m, başlangıçtan 0,50 m, kalıp simülasyonundan 0,00 m; toparlanma 0,64 sn (tablo 0,26)"
6-8,"Yükselen Bağ","Top","havada_asma",1,1,1,1,1,1,1,1,0,0,"ön","ön",94720.00,"boss:Root, boss hız x0,00",1.50,1.35,1.27,1.26,1.93,0.83,0.00,"2/7 kare koşu, ayak/gövde hız oranı 0,99","vuruş 1: 1,13s@boss1,50m/oyuncu0,00m; kalıp sonu: merkeze 2,00 m, başlangıçtan 1,00 m, kalıp simülasyonundan 0,00 m; ayak yerden 0,83 m (havada değil, sınır 0,20 m @ 66 ms, t=1,80, faz geri_tepme); toparlanma 0,64 sn (tablo 0,26)"
6-9,"Odaklı Bağ","Top","zamanli_donma",1,1,1,1,1,1,1,1,1,1,"ön","ön",149512.00,"boss:Root, boss hız x0,00",1.64,1.35,0.65,0.62,1.32,0.00,0.00,"2/4 kare koşu, ayak/gövde hız oranı 0,95","vuruş 1: 1,07s@boss0,57m/oyuncu1,28m; kalıp sonu: merkeze 2,01 m, başlangıçtan 1,10 m, kalıp simülasyonundan 0,10 m, boss 0,11 m kaydı; toparlanma 0,64 sn (tablo 0,26)"
7-4,"Sabit Zafiyet","Top","mayin_cakma",1,1,1,1,1,1,1,1,1,1,"geri","geri",51584.00,"",3.02,1.35,0.60,0.54,1.27,0.00,0.00,"2/2 kare koşu, ayak/gövde hız oranı 0,95","vuruş 2: 0,86s@boss0,85m/oyuncu2,25m 0,93s@boss0,85m/oyuncu2,25m; kalıp sonu: merkeze 3,61 m, başlangıçtan 0,50 m, kalıp simülasyonundan 0,00 m, boss 0,11 m kaydı; toparlanma 0,64 sn (tablo 0,26)"
7-5,"Yayılan Zafiyet","Top","onde_yelpaze",1,1,1,1,1,1,1,1,1,1,"ön","ön",50216.00,"",3.02,1.35,0.80,0.75,1.47,0.00,0.00,"2/2 kare koşu, ayak/gövde hız oranı 0,95","vuruş 1: 1,07s@boss1,99m/oyuncu1,12m; kalıp sonu: merkeze 3,32 m, başlangıçtan 0,50 m, kalıp simülasyonundan 0,00 m, boss 0,11 m kaydı; toparlanma 0,64 sn (tablo 0,26)"
7-6,"Bağlayıcı Zafiyet","Top","dost_ip",1,1,1,1,1,1,1,1,1,1,"geri","geri",60840.00,"boss:Root+Slow, boss hız x0,00",3.02,1.35,0.80,0.74,1.47,0.00,0.00,"2/2 kare koşu, ayak/gövde hız oranı 0,95","vuruş 1: 0,80s@boss0,28m/oyuncu3,38m; kalıp sonu: merkeze 3,61 m, başlangıçtan 0,50 m, kalıp simülasyonundan 0,00 m, boss 0,11 m kaydı; toparlanma 0,64 sn (tablo 0,26)"
8-4,"Sabit Yükseliş","Top","totem_dikme",1,1,1,1,1,1,1,1,1,1,"yerinde","yerinde",0.00,"",3.01,1.35,0.33,0.30,1.13,0.00,0.00,"","hasarsız skill (base_damage 0): etki hareketin kendisi; vuruş 1: 1,00s@boss3,13m/oyuncu0,00m; kalıp sonu: merkeze 3,14 m, başlangıçtan 0,15 m, kalıp simülasyonundan 0,00 m, kalıp hedefi AllyDummy; toparlanma 0,74 sn (tablo 0,26)"
8-5,"Yayılan Yükseliş","Top","savas_narasi",1,1,1,1,1,1,1,1,1,1,"yerinde","yerinde",0.00,"",3.00,1.35,0.40,0.36,1.20,0.00,0.00,"","hasarsız skill (base_damage 0): etki hareketin kendisi; vuruş 1: 0,93s@boss3,00m/oyuncu0,00m; kalıp sonu: merkeze 3,00 m, başlangıçtan 0,00 m, kalıp simülasyonundan 0,00 m; toparlanma 0,74 sn (tablo 0,26)"
8-6,"Bağlayıcı Yükseliş","Top","dost_dosta",1,1,1,1,1,1,1,1,1,1,"yan","yan",0.00,"",2.38,1.35,0.47,0.52,1.30,0.00,0.00,"0/4 kare koşu","hasarsız skill (base_damage 0): etki hareketin kendisi; vuruş 3: 0,83s@boss4,05m/oyuncu1,22m 0,97s@boss2,73m/oyuncu1,41m 1,17s@boss4,76m/oyuncu2,38m; kalıp sonu: merkeze 2,38 m, başlangıçtan 1,41 m, kalıp simülasyonundan 0,00 m, kalıp hedefi AllyDummy; toparlanma 0,74 sn (tablo 0,26)"
9-4,"Sabit Arınma","Top","yer_tuzagi",1,1,1,1,1,1,1,1,1,1,"yerinde","yerinde",0.00,"oyuncu +48000 can",3.00,1.35,0.34,0.28,1.14,0.00,0.00,"","vuruş 1: 0,94s@boss0,62m/oyuncu2,38m; kalıp sonu: merkeze 3,00 m, başlangıçtan 0,00 m, kalıp simülasyonundan 0,00 m; toparlanma 0,74 sn (tablo 0,26)"
9-5,"Yayılan Arınma","Top","dagilan_yagmur",1,1,1,1,1,1,1,1,1,1,"yerinde","yerinde",0.00,"oyuncu +48000 can",3.00,1.35,0.60,0.58,1.40,0.00,0.00,"","vuruş 1: 1,13s@boss3,00m/oyuncu0,00m; kalıp sonu: merkeze 3,00 m, başlangıçtan 0,00 m, kalıp simülasyonundan 0,00 m, kalıp hedefi AllyDummy; toparlanma 0,74 sn (tablo 0,26)"
9-6,"Bağlayıcı Arınma","Top","iki_uclu",1,1,1,1,1,1,1,1,1,1,"yerinde","yerinde",0.00,"oyuncu +48000 can",3.00,1.35,0.67,0.65,1.47,0.00,0.00,"","vuruş 1: 0,93s@boss6,36m/oyuncu3,87m; kalıp sonu: merkeze 3,00 m, başlangıçtan 0,00 m, kalıp simülasyonundan 0,00 m, kalıp hedefi AllyDummy; toparlanma 0,74 sn (tablo 0,26)"
4-10,"Aynalı Kalkan","Top","sirtta_kapi",1,1,1,1,1,1,1,1,1,1,"ön","ön",24000.00,"",1.80,1.35,0.33,0.32,1.13,0.00,0.00,"0/3 kare koşu","vuruş 2: 0,87s@boss0,92m/oyuncu1,19m 1,00s@boss0,55m/oyuncu2,35m; kalıp sonu: merkeze 1,80 m, başlangıçtan 1,20 m, kalıp simülasyonundan 0,00 m; toparlanma 0,74 sn (tablo 0,26)"
4-11,"Kopya Kalkan","Top","yem_kopya",1,1,1,1,1,1,1,1,1,1,"yerinde","yerinde",0.00,"",3.00,1.35,0.27,0.24,1.07,0.00,0.00,"","hasarsız skill (base_damage 0): etki hareketin kendisi; vuruş 1: 0,87s@boss2,98m/oyuncu1,29m; kalıp sonu: merkeze 3,00 m, başlangıçtan 0,00 m, kalıp simülasyonundan 0,00 m; toparlanma 0,74 sn (tablo 0,26)"
4-12,"Akan Kalkan","Top","basili_siper",1,1,1,1,1,1,1,1,1,1,"geri","geri",0.00,"",3.00,1.35,3.00,3.00,3.80,0.00,0.00,"","hasarsız skill (base_damage 0): etki hareketin kendisi; vuruş 3: 1,53s@boss5,17m/oyuncu2,38m 2,53s@boss5,41m/oyuncu2,38m 3,53s@boss5,66m/oyuncu2,38m; kalıp sonu: merkeze 3,61 m, başlangıçtan 0,80 m, kalıp simülasyonundan 0,00 m, kalıp hedefi AllyDummy; toparlanma 0,74 sn (tablo 0,26)"
5-10,"Aynalı Patlama","Top","karsi_darbe",1,1,1,1,1,1,1,1,1,1,"ön","ön",315504.00,"",1.86,1.35,0.53,0.48,1.19,0.00,0.00,"1/3 kare koşu, ayak/gövde hız oranı 0,90","vuruş 1: 0,92s@boss0,57m/oyuncu1,36m; kalıp sonu: merkeze 2,20 m, başlangıçtan 0,80 m, kalıp simülasyonundan 0,00 m; toparlanma 0,64 sn (tablo 0,26)"
5-11,"Kopya Patlama","Top","golge_yankisi",1,1,1,1,1,1,1,1,1,1,"başlangıç","başlangıç",298128.00,"",2.20,1.35,0.67,0.62,1.33,0.00,0.00,"3/5 kare koşu, ayak/gövde hız oranı 0,97","vuruş 2: 0,73s@boss1,21m/oyuncu1,15m 1,07s@boss2,04m/oyuncu1,39m; kalıp sonu: merkeze 2,71 m, başlangıçtan 0,40 m, kalıp simülasyonundan 0,00 m, boss 0,11 m kaydı; toparlanma 0,64 sn (tablo 0,26)"
5-12,"Akan Patlama","Top","patlayan_iz",1,1,1,1,1,1,1,1,1,1,"ön","ön",212680.00,"",3.02,1.35,3.13,3.12,3.80,0.00,0.00,"2/2 kare koşu, ayak/gövde hız oranı 0,95","vuruş 6: 1,07s@boss2,25m/oyuncu1,53m 1,60s@boss2,45m/oyuncu1,53m 2,07s@boss3,04m/oyuncu1,53m 2,60s@boss3,53m/oyuncu1,53m 3,07s@boss3,80m/oyuncu1,53m 3,60s@boss3,55m/oyuncu1,53m; kalıp sonu: merkeze 5,60 m, başlangıçtan 1,70 m, kalıp simülasyonundan 0,70 m, boss 4,30 m kaydı; toparlanma 0,64 sn (tablo 0,26)"
6-10,"Aynalı Bağ","Top","karsi_darbe",1,1,1,1,1,1,1,1,1,1,"ön","ön",87040.00,"boss:Root, boss hız x0,00",1.99,1.35,0.53,0.48,1.20,0.00,0.00,"1/3 kare koşu, ayak/gövde hız oranı 0,90","vuruş 1: 0,93s@boss0,66m/oyuncu1,36m; kalıp sonu: merkeze 2,31 m, başlangıçtan 0,80 m, kalıp simülasyonundan 0,00 m, boss 0,11 m kaydı; toparlanma 0,64 sn (tablo 0,26)"
6-11,"Kopya Bağ","Top","onden_arkadan",1,1,1,1,1,1,1,1,1,1,"başlangıç","başlangıç",86520.00,"boss:Root, boss hız x0,00",2.20,1.35,0.47,0.46,1.14,0.00,0.00,"2/5 kare koşu, ayak/gövde hız oranı 0,99","vuruş 2: 0,74s@boss1,24m/oyuncu1,11m 0,87s@boss0,60m/oyuncu2,81m; kalıp sonu: merkeze 2,71 m, başlangıçtan 0,40 m, kalıp simülasyonundan 0,00 m, boss 0,11 m kaydı; toparlanma 0,64 sn (tablo 0,26)"
6-12,"Akan Bağ","Top","cember_sarma",1,1,1,1,1,1,1,1,1,1,"arka","arka",60208.00,"boss:Root, boss hız x0,00",1.50,1.35,1.07,1.02,1.74,0.15,0.00,"2/13 kare koşu, ayak/gövde hız oranı 0,95","vuruş 1: 1,47s@boss0,00m/oyuncu2,06m; kalıp sonu: merkeze 2,56 m, başlangıçtan 5,13 m, kalıp simülasyonundan 0,11 m, boss 0,12 m kaydı; toparlanma 0,64 sn (tablo 0,26)"
10-4,"Sabit Yansı","Top","duvar_dikme",1,1,1,1,1,1,1,1,1,1,"yerinde","yerinde",0.00,"",3.00,1.35,0.33,0.32,1.13,0.00,0.00,"","hasarsız skill (base_damage 0): etki hareketin kendisi; vuruş 1: 1,00s@boss0,62m/oyuncu2,38m; kalıp sonu: merkeze 3,00 m, başlangıçtan 0,00 m, kalıp simülasyonundan 0,00 m; toparlanma 0,74 sn (tablo 0,26)"
10-5,"Yayılan Yansı","Top","yuruyen_balon",1,1,1,1,1,1,1,1,1,1,"ön","ön",0.00,"",1.80,1.35,4.27,4.20,5.07,0.00,0.00,"","hasarsız skill (base_damage 0): etki hareketin kendisi; vuruş 5: 0,86s@boss3,00m/oyuncu0,00m 2,00s@boss2,68m/oyuncu0,00m 3,00s@boss2,38m/oyuncu0,00m 4,00s@boss2,08m/oyuncu0,00m 5,00s@boss1,80m/oyuncu0,00m; kalıp sonu: merkeze 1,80 m, başlangıçtan 1,20 m, kalıp simülasyonundan 0,00 m; toparlanma 0,74 sn (tablo 0,26)"
10-6,"Bağlayıcı Yansı","Top","silaha_kement",1,1,1,1,1,1,1,1,1,1,"yerinde","yerinde",0.00,"boss:Root+Slow, boss hız x0,00",3.00,1.35,1.00,0.94,1.81,0.00,0.00,"","vuruş 1: 0,93s@boss0,40m/oyuncu3,40m; kalıp sonu: merkeze 3,00 m, başlangıçtan 0,00 m, kalıp simülasyonundan 0,00 m; toparlanma 0,74 sn (tablo 0,26)"
11-4,"Sabit Çağrı","Top","taret_dikme",1,1,1,1,1,1,1,1,1,1,"yerinde","yerinde",0.00,"",3.00,1.35,0.47,0.42,1.27,0.00,0.00,"","hasarsız skill (base_damage 0): etki hareketin kendisi; vuruş 2: 0,86s@boss3,00m/oyuncu0,00m 1,13s@boss0,28m/oyuncu3,28m; kalıp sonu: merkeze 3,00 m, başlangıçtan 0,00 m, kalıp simülasyonundan 0,00 m; toparlanma 0,74 sn (tablo 0,26)"
11-5,"Yayılan Çağrı","Top","dagilan_suru",1,1,1,1,1,1,1,1,1,1,"yerinde","yerinde",0.00,"",3.00,1.35,0.47,0.42,1.27,0.00,0.00,"","hasarsız skill (base_damage 0): etki hareketin kendisi; vuruş 3: 0,87s@boss0,35m/oyuncu3,02m 1,00s@boss0,00m/oyuncu3,00m 1,13s@boss0,35m/oyuncu3,02m; kalıp sonu: merkeze 3,00 m, başlangıçtan 0,00 m, kalıp simülasyonundan 0,00 m; toparlanma 0,74 sn (tablo 0,26)"
11-6,"Bağlayıcı Çağrı","Top","muhafiz",1,1,1,1,1,1,1,1,1,1,"yerinde","yerinde",0.00,"boss:Root+Slow, boss hız x0,00",3.00,1.35,0.53,0.52,1.33,0.00,0.00,"","vuruş 1: 0,93s@boss2,89m/oyuncu1,20m; kalıp sonu: merkeze 3,00 m, başlangıçtan 0,00 m, kalıp simülasyonundan 0,00 m; toparlanma 0,74 sn (tablo 0,26)"
12-4,"Sabit Zaman","Top","totem_dikme",1,1,1,1,1,1,1,1,1,1,"yerinde","yerinde",0.00,"boss:Slow+Stun, boss hız x0,00",2.85,1.35,0.33,0.30,1.00,0.00,0.00,"","vuruş 1: 0,87s@boss2,87m/oyuncu0,00m; kalıp sonu: merkeze 2,85 m, başlangıçtan 0,15 m, kalıp simülasyonundan 0,00 m; toparlanma 0,64 sn (tablo 0,26)"
12-5,"Yayılan Zaman","Top","genisleyen_halka",1,1,1,1,1,1,1,1,1,1,"yerinde","yerinde",0.00,"boss:Slow, boss hız x0,70",3.00,1.35,0.60,0.58,1.27,0.00,0.00,"","vuruş 1: 1,06s@boss3,00m/oyuncu0,00m; kalıp sonu: merkeze 3,00 m, başlangıçtan 0,00 m, kalıp simülasyonundan 0,00 m; toparlanma 0,64 sn (tablo 0,26)"
12-6,"Bağlayıcı Zaman","Top","iki_uclu",1,1,1,1,1,1,1,1,1,1,"yerinde","yerinde",0.00,"oyuncu:Haste, oyuncu hız x1,30",3.00,1.35,0.67,0.65,1.33,0.00,0.00,"","vuruş 1: 0,80s@boss0,28m/oyuncu3,28m; kalıp sonu: merkeze 3,00 m, başlangıçtan 0,00 m, kalıp simülasyonundan 0,00 m; toparlanma 0,64 sn (tablo 0,26)"
7-7,"Bulandırıcı Zafiyet","Top","sis_bombasi",1,1,1,1,1,1,1,1,1,1,"geri","geri",52104.00,"boss:Blind",3.00,1.35,0.40,0.34,1.07,0.00,0.00,"2/2 kare koşu, ayak/gövde hız oranı 0,95","vuruş 1: 0,80s@boss0,35m/oyuncu3,35m; kalıp sonu: merkeze 3,50 m, başlangıçtan 0,50 m, kalıp simülasyonundan 0,00 m; toparlanma 0,64 sn (tablo 0,26)"
7-8,"Yükselen Zafiyet","Top","yerden_fiskirma",1,1,1,1,1,1,1,1,0,0,"yerinde","yerinde",59056.00,"boss:Stun, boss hız x0,00",2.66,1.35,0.60,0.56,1.27,0.33,0.00,"2/2 kare koşu, ayak/gövde hız oranı 0,95","vuruş 1: 0,93s@boss0,00m/oyuncu2,75m; kalıp sonu: merkeze 3,10 m, başlangıçtan 0,10 m, kalıp simülasyonundan 0,00 m; ayak yerden 0,33 m (havada değil, sınır 0,20 m @ 68 ms, t=1,07, faz geri_tepme); toparlanma 0,64 sn (tablo 0,26)"
7-9,"Odaklı Zafiyet","Top","isaret_patlamasi",1,1,1,1,1,1,1,1,1,1,"geri","geri",90808.00,"",3.02,1.35,2.07,2.04,2.73,0.00,0.00,"2/2 kare koşu, ayak/gövde hız oranı 0,95","vuruş 1: 2,47s@boss0,00m/oyuncu3,11m; kalıp sonu: merkeze 3,61 m, başlangıçtan 0,50 m, kalıp simülasyonundan 0,00 m, boss 0,11 m kaydı; toparlanma 0,64 sn (tablo 0,26)"
7-10,"Aynalı Zafiyet","Top","onden_arkadan",1,1,1,1,1,1,1,1,1,1,"başlangıç","başlangıç",69664.00,"",2.20,1.35,0.47,0.46,1.13,0.00,0.00,"2/5 kare koşu, ayak/gövde hız oranı 0,99","vuruş 2: 0,73s@boss1,25m/oyuncu1,11m 0,87s@boss0,60m/oyuncu2,81m; kalıp sonu: merkeze 2,71 m, başlangıçtan 0,40 m, kalıp simülasyonundan 0,00 m, boss 0,11 m kaydı; toparlanma 0,64 sn (tablo 0,26)"
7-11,"Kopya Zafiyet","Top","golge_yankisi",1,1,1,1,1,1,1,1,1,1,"başlangıç","başlangıç",73792.00,"",2.20,1.35,0.67,0.62,1.34,0.00,0.00,"3/5 kare koşu, ayak/gövde hız oranı 0,97","vuruş 2: 0,74s@boss1,20m/oyuncu1,15m 1,07s@boss2,04m/oyuncu1,39m; kalıp sonu: merkeze 2,71 m, başlangıçtan 0,40 m, kalıp simülasyonundan 0,00 m, boss 0,11 m kaydı; toparlanma 0,64 sn (tablo 0,26)"
7-12,"Akan Zafiyet","Top","basili_isik",1,1,1,1,1,1,1,1,1,1,"ön","ön",58560.00,"",1.93,1.35,3.16,3.12,3.83,0.00,0.00,"2/2 kare koşu, ayak/gövde hız oranı 0,95","vuruş 6: 0,87s@boss0,28m/oyuncu2,72m 1,40s@boss0,07m/oyuncu2,72m 1,87s@boss0,11m/oyuncu2,72m 2,40s@boss0,33m/oyuncu2,72m 2,87s@boss0,51m/oyuncu2,72m 3,36s@boss0,71m/oyuncu2,72m; kalıp sonu: merkeze 2,41 m, başlangıçtan 0,70 m, kalıp simülasyonundan 0,00 m, boss 0,11 m kaydı; toparlanma 0,64 sn (tablo 0,26)"
8-7,"Bulandırıcı Yükseliş","Top","goz_bagi",1,1,1,1,1,1,1,1,1,1,"yerinde","yerinde",0.00,"",3.02,1.35,0.20,0.20,1.00,0.00,0.00,"","hasarsız skill (base_damage 0): etki hareketin kendisi; vuruş 1: 0,93s@boss0,28m/oyuncu3,38m; kalıp sonu: merkeze 3,11 m, başlangıçtan 0,00 m, kalıp simülasyonundan 0,00 m, boss 0,11 m kaydı; toparlanma 0,74 sn (tablo 0,26)"
8-8,"Yükselen Yükseliş","Top","buyuten_kemer",1,1,1,1,1,1,1,1,1,1,"yerinde","yerinde",0.00,"",3.00,1.35,0.47,0.42,1.27,0.00,0.00,"","hasarsız skill (base_damage 0): etki hareketin kendisi; vuruş 1: 1,07s@boss5,04m/oyuncu2,21m; kalıp sonu: merkeze 3,22 m, başlangıçtan 0,30 m, kalıp simülasyonundan 0,00 m, kalıp hedefi AllyDummy; toparlanma 0,74 sn (tablo 0,26)"
8-9,"Odaklı Yükseliş","Top","gudumlu_top",1,1,1,1,1,1,1,1,1,1,"yerinde","yerinde",0.00,"",3.00,1.35,0.60,0.56,1.40,0.00,0.00,"","hasarsız skill (base_damage 0): etki hareketin kendisi; vuruş 1: 1,27s@boss6,98m/oyuncu4,53m; kalıp sonu: merkeze 3,00 m, başlangıçtan 0,00 m, kalıp simülasyonundan 0,00 m, kalıp hedefi AllyDummy; toparlanma 0,74 sn (tablo 0,26)"
8-10,"Aynalı Yükseliş","Top","ters_es",1,1,1,1,1,1,1,1,1,1,"yerinde","yerinde",0.00,"",3.00,1.35,0.47,0.44,1.27,0.00,0.00,"","hasarsız skill (base_damage 0): etki hareketin kendisi; vuruş 2: 0,93s@boss2,60m/oyuncu0,40m 1,13s@boss0,00m/oyuncu3,00m; kalıp sonu: merkeze 3,00 m, başlangıçtan 0,00 m, kalıp simülasyonundan 0,00 m; toparlanma 0,74 sn (tablo 0,26)"
8-11,"Kopya Yükseliş","Top","golge_ulak",1,1,1,1,1,1,1,1,1,1,"yan","yan",0.00,"",2.43,1.35,1.38,1.36,2.17,0.00,0.00,"0/3 kare koşu","hasarsız skill (base_damage 0): etki hareketin kendisi; vuruş 2: 0,86s@boss3,26m/oyuncu0,35m 2,04s@boss2,95m/oyuncu1,46m; kalıp sonu: merkeze 2,43 m, başlangıçtan 1,41 m, kalıp simülasyonundan 0,00 m, kalıp hedefi AllyDummy; toparlanma 0,74 sn (tablo 0,26)"
8-12,"Akan Yükseliş","Top","akinti_yolu",1,1,1,1,1,1,1,1,1,1,"geri","geri",0.00,"",3.00,1.35,1.00,0.94,1.80,0.00,0.00,"0/10 kare koşu","hasarsız skill (base_damage 0): etki hareketin kendisi; vuruş 1: 1,60s@boss6,27m/oyuncu2,38m; kalıp sonu: merkeze 4,11 m, başlangıçtan 1,40 m, kalıp simülasyonundan 0,00 m, kalıp hedefi AllyDummy; toparlanma 0,74 sn (tablo 0,26)"
9-7,"Bulandırıcı Arınma","Top","sis_ortusu",1,1,1,1,1,1,1,1,1,1,"yerinde","yerinde",0.00,"oyuncu +48000 can",3.00,1.35,0.33,0.30,1.13,0.00,0.00,"","vuruş 1: 0,93s@boss0,00m/oyuncu3,00m; kalıp sonu: merkeze 3,00 m, başlangıçtan 0,00 m, kalıp simülasyonundan 0,00 m; toparlanma 0,74 sn (tablo 0,26)"
9-8,"Yükselen Arınma","Top","isik_sutunu",1,1,1,1,1,1,1,1,1,1,"yerinde","yerinde",0.00,"oyuncu +48000 can",3.00,1.35,0.54,0.48,1.34,0.00,0.00,"","vuruş 1: 1,13s@boss3,06m/oyuncu0,00m; kalıp sonu: merkeze 3,07 m, başlangıçtan 0,10 m, kalıp simülasyonundan 0,00 m, kalıp hedefi AllyDummy; toparlanma 0,74 sn (tablo 0,26)"
9-9,"Odaklı Arınma","Top","mermi_sondur",1,1,1,1,1,1,1,1,1,1,"yerinde","yerinde",0.00,"oyuncu +48000 can",3.00,1.35,0.40,0.38,1.20,0.00,0.00,"","vuruş 1: 1,07s@boss6,98m/oyuncu4,53m; kalıp sonu: merkeze 3,00 m, başlangıçtan 0,00 m, kalıp simülasyonundan 0,00 m, kalıp hedefi AllyDummy; toparlanma 0,74 sn (tablo 0,26)"
9-10,"Aynalı Arınma","Top","yer_degistir",1,1,1,1,1,1,1,1,1,1,"arka","arka",0.00,"oyuncu +48000 can",1.50,1.35,0.40,0.34,1.20,0.00,0.00,"0/1 kare koşu","vuruş 1: 1,07s@boss0,31m/oyuncu1,19m; kalıp sonu: merkeze 1,50 m, başlangıçtan 4,50 m, kalıp simülasyonundan 0,00 m; tek karede 4,50 m sıçrama (sınır 2,51 m @ 68 ms, t=0,87, faz degis, blink tasarım gereği); toparlanma 0,74 sn (tablo 0,26)"
9-11,"Kopya Arınma","Top","yem_kopya",1,1,1,1,1,1,1,1,1,1,"yerinde","yerinde",0.00,"oyuncu +48000 can",3.00,1.35,0.27,0.24,1.02,0.00,0.00,"","vuruş 1: 0,82s@boss2,98m/oyuncu1,29m; kalıp sonu: merkeze 3,00 m, başlangıçtan 0,00 m, kalıp simülasyonundan 0,00 m; toparlanma 0,74 sn (tablo 0,26)"
9-12,"Akan Arınma","Top","nabiz",1,1,1,1,1,1,1,1,1,1,"yerinde","yerinde",0.00,"oyuncu +32000 can, dost +16000 can",3.00,1.35,3.20,3.18,4.00,0.00,0.00,"","vuruş 3: 1,93s@boss3,00m/oyuncu0,00m 2,93s@boss3,00m/oyuncu0,00m 3,93s@boss3,00m/oyuncu0,00m; kalıp sonu: merkeze 3,00 m, başlangıçtan 0,00 m, kalıp simülasyonundan 0,00 m; toparlanma 0,74 sn (tablo 0,26)"
10-7,"Bulandırıcı Yansı","Top","sahte_goruntu",1,1,1,1,1,1,1,1,1,1,"geri","geri",0.00,"boss:Blind",3.00,1.35,0.47,0.44,1.27,0.00,0.00,"2/3 kare koşu, ayak/gövde hız oranı 0,92","vuruş 3: 0,87s@boss3,06m/oyuncu1,37m 1,00s@boss3,06m/oyuncu1,37m 1,13s@boss3,66m/oyuncu0,00m; kalıp sonu: merkeze 3,90 m, başlangıçtan 0,90 m, kalıp simülasyonundan 0,00 m; toparlanma 0,74 sn (tablo 0,26)"
10-8,"Yükselen Yansı","Top","yerden_buyuyen",1,1,1,1,1,1,1,1,1,1,"yerinde","yerinde",0.00,"",2.75,1.35,0.47,0.42,1.27,0.00,0.00,"","hasarsız skill (base_damage 0): etki hareketin kendisi; vuruş 1: 1,07s@boss0,00m/oyuncu2,80m; kalıp sonu: merkeze 2,75 m, başlangıçtan 0,25 m, kalıp simülasyonundan 0,00 m; toparlanma 0,74 sn (tablo 0,26)"
10-9,"Odaklı Yansı","Top","koruyucu_isaret",1,1,1,1,1,1,1,1,1,1,"ön","ön",0.00,"",2.20,1.35,0.32,0.20,1.12,0.00,0.00,"0/3 kare koşu","hasarsız skill (base_damage 0): etki hareketin kendisi; vuruş 1: 0,93s@boss1,86m/oyuncu0,35m; kalıp sonu: merkeze 2,20 m, başlangıçtan 0,80 m, kalıp simülasyonundan 0,00 m; toparlanma 0,74 sn (tablo 0,26)"
11-7,"Bulandırıcı Çağrı","Top","sirt_saplama",1,1,1,1,1,1,1,1,1,1,"yerinde","yerinde",0.00,"boss:Blind",3.00,1.35,0.33,0.32,1.13,0.00,0.00,"","vuruş 1: 1,00s@boss0,00m/oyuncu3,00m; kalıp sonu: merkeze 3,00 m, başlangıçtan 0,00 m, kalıp simülasyonundan 0,00 m; toparlanma 0,74 sn (tablo 0,26)"
11-8,"Yükselen Çağrı","Top","dostu_yerden",1,1,1,1,1,1,1,1,1,1,"yan","yan",0.00,"",2.96,1.35,0.80,0.78,1.60,0.00,0.00,"0/8 kare koşu","hasarsız skill (base_damage 0): etki hareketin kendisi; vuruş 1: 1,40s@boss2,82m/oyuncu0,95m; kalıp sonu: merkeze 2,99 m, başlangıçtan 0,91 m, kalıp simülasyonundan 0,00 m; toparlanma 0,74 sn (tablo 0,26)"
11-9,"Odaklı Çağrı","Top","pesinden_av",1,1,1,1,1,1,1,1,1,1,"yerinde","yerinde",0.00,"",2.85,1.35,2.46,2.44,3.27,0.00,0.00,"","hasarsız skill (base_damage 0): etki hareketin kendisi; vuruş 1: 3,13s@boss0,00m/oyuncu2,85m; kalıp sonu: merkeze 2,85 m, başlangıçtan 0,15 m, kalıp simülasyonundan 0,00 m; toparlanma 0,74 sn (tablo 0,26)"
12-7,"Bulandırıcı Zaman","Top","kum_saati",1,1,1,1,1,1,1,1,1,1,"yerinde","yerinde",0.00,"boss:Blind+Slow, boss hız x0,70",3.00,1.35,0.67,0.62,1.33,0.00,0.00,"","vuruş 1: 0,80s@boss0,28m/oyuncu3,28m; kalıp sonu: merkeze 3,00 m, başlangıçtan 0,00 m, kalıp simülasyonundan 0,00 m; toparlanma 0,64 sn (tablo 0,26)"
12-8,"Yükselen Zaman","Top","isik_sutunu",1,1,1,1,1,1,1,1,1,1,"yerinde","yerinde",0.00,"oyuncu:Haste, oyuncu hız x1,50",2.90,1.35,0.54,0.48,1.20,0.00,0.00,"","vuruş 1: 1,00s@boss2,92m/oyuncu0,00m; kalıp sonu: merkeze 2,90 m, başlangıçtan 0,10 m, kalıp simülasyonundan 0,00 m; toparlanma 0,64 sn (tablo 0,26)"
12-9,"Odaklı Zaman","Top","isaret_patlamasi",1,1,1,1,1,1,1,1,1,1,"yerinde","yerinde",0.00,"boss:Slow, boss hız x0,70",3.00,1.35,1.93,1.92,2.60,0.00,0.00,"","vuruş 1: 2,47s@boss0,00m/oyuncu3,00m; kalıp sonu: merkeze 3,00 m, başlangıçtan 0,00 m, kalıp simülasyonundan 0,00 m; toparlanma 0,64 sn (tablo 0,26)"
1-1,"Yoğun Vuruş","Kılıç","yukle_birak",1,1,1,1,1,1,1,1,1,1,"ön","ön",209328.00,"",1.50,1.35,0.53,0.52,0.94,0.00,0.00,"0/3 kare koşu","vuruş 1: 0,80s@boss0,36m/oyuncu1,53m; kalıp sonu: merkeze 1,50 m, başlangıçtan 1,50 m, kalıp simülasyonundan 0,00 m"
1-2,"Emici Vuruş","Kılıç","kan_ceken_pence",1,1,1,1,1,1,1,1,1,1,"yerinde","yerinde",151160.00,"oyuncu +45349 can",1.35,1.35,0.40,0.38,0.80,0.00,0.00,"","vuruş 3: 0,47s@boss1,70m/oyuncu1,02m 0,60s@boss1,16m/oyuncu1,02m 0,73s@boss0,61m/oyuncu1,02m; kalıp sonu: merkeze 1,35 m, başlangıçtan 0,00 m, kalıp simülasyonundan 0,00 m, boss 1,65 m kaydı"
1-3,"Sıçrayan Vuruş","Kılıç","yan_yan_sekme",1,1,1,1,1,1,1,1,1,1,"geri","geri",160184.00,"",2.85,1.35,0.47,0.46,0.87,0.00,0.00,"0/7 kare koşu","vuruş 2: 0,47s@boss0,74m/oyuncu3,52m 0,80s@boss0,74m/oyuncu4,37m; kalıp sonu: merkeze 3,70 m, başlangıçtan 1,30 m, kalıp simülasyonundan 0,00 m"
1-4,"Sabit Vuruş","Kılıç","yere_cakilan",1,1,1,1,1,1,1,1,1,1,"yerinde","yerinde",250840.00,"",2.80,1.35,0.47,0.42,0.87,0.00,0.00,"","vuruş 1: 0,73s@boss2,81m/oyuncu0,00m; kalıp sonu: merkeze 2,80 m, başlangıçtan 0,20 m, kalıp simülasyonundan 0,00 m"
1-5,"Yayılan Vuruş","Kılıç","donen_kesik",1,1,1,1,1,1,1,1,1,1,"yerinde","yerinde",132536.00,"",3.00,1.35,0.60,0.55,1.00,0.00,0.00,"","vuruş 1: 0,60s@boss3,00m/oyuncu0,00m; kalıp sonu: merkeze 3,00 m, başlangıçtan 0,00 m, kalıp simülasyonundan 0,00 m"
1-6,"Bağlayıcı Vuruş","Kılıç","zincirli_firlatma",1,1,1,1,1,1,1,1,1,1,"ön","ön",199336.00,"boss:Root+Slow, boss hız x0,00",1.50,1.35,0.78,0.70,1.19,0.00,0.00,"2/4 kare koşu, ayak/gövde hız oranı 1,00","vuruş 2: 0,57s@boss0,45m/oyuncu3,45m 1,01s@boss0,47m/oyuncu1,28m; kalıp sonu: merkeze 1,50 m, başlangıçtan 1,50 m, kalıp simülasyonundan 0,00 m"
2-1,"Yoğun Şifa","Kılıç","tek_dokunus",1,1,1,1,1,1,1,1,1,1,"geri","geri",0.00,"oyuncu +112000 can",3.00,1.35,0.20,0.16,0.67,0.00,0.00,"0/2 kare koşu","vuruş 1: 0,53s@boss3,89m/oyuncu0,68m; kalıp sonu: merkeze 3,41 m, başlangıçtan 0,55 m, kalıp simülasyonundan 0,00 m, kalıp hedefi AllyDummy"
2-2,"Emici Şifa","Kılıç","uzaktan_emme",1,1,1,1,1,1,1,1,1,1,"yerinde","yerinde",53184.00,"oyuncu +56000 can, dost +56000 can",2.65,1.35,2.20,2.16,2.60,0.00,0.00,"","vuruş 4: 1,00s@boss0,19m/oyuncu2,72m 1,53s@boss0,10m/oyuncu2,72m 2,00s@boss0,02m/oyuncu2,72m 2,53s@boss0,07m/oyuncu2,72m; kalıp sonu: merkeze 2,65 m, başlangıçtan 0,35 m, kalıp simülasyonundan 0,00 m"
2-3,"Sıçrayan Şifa","Kılıç","dosttan_dosta",1,1,1,1,1,1,1,1,1,1,"yerinde","yerinde",0.00,"oyuncu +40000 can, dost +72000 can",3.00,1.35,0.60,0.54,1.07,0.00,0.00,"","vuruş 3: 0,60s@boss6,43m/oyuncu3,95m 0,67s@boss6,98m/oyuncu4,53m 0,87s@boss6,88m/oyuncu4,54m; kalıp sonu: merkeze 3,00 m, başlangıçtan 0,00 m, kalıp simülasyonundan 0,00 m, kalıp hedefi AllyDummy"
2-4,"Sabit Şifa","Kılıç","totem_dikme",1,1,1,1,1,1,1,1,1,1,"yerinde","yerinde",0.00,"oyuncu +112000 can",3.00,1.35,0.33,0.30,0.80,0.00,0.00,"","vuruş 1: 0,66s@boss3,09m/oyuncu0,00m; kalıp sonu: merkeze 3,11 m, başlangıçtan 0,15 m, kalıp simülasyonundan 0,00 m, kalıp hedefi AllyDummy"
2-5,"Yayılan Şifa","Kılıç","genisleyen_halka",1,1,1,1,1,1,1,1,1,1,"yerinde","yerinde",0.00,"oyuncu +112000 can",3.00,1.35,0.60,0.58,1.07,0.00,0.00,"","vuruş 1: 0,87s@boss3,00m/oyuncu0,00m; kalıp sonu: merkeze 3,00 m, başlangıçtan 0,00 m, kalıp simülasyonundan 0,00 m"
2-6,"Bağlayıcı Şifa","Kılıç","dostu_kanca",1,1,1,1,1,1,1,1,1,1,"geri","geri",0.00,"oyuncu +112000 can",3.00,1.35,0.53,0.52,0.94,0.00,0.00,"1/6 kare koşu, ayak/gövde hız oranı 1,02","vuruş 1: 0,80s@boss5,78m/oyuncu0,40m; kalıp sonu: merkeze 5,92 m, başlangıçtan 3,40 m, kalıp simülasyonundan 0,00 m, kalıp hedefi AllyDummy"
3-1,"Yoğun Adım","Kılıç","isinlan_kes",1,1,1,1,1,1,1,1,1,1,"arka","arka",0.00,"",1.50,1.35,0.53,0.48,0.94,0.00,0.00,"0/1 kare koşu","hasarsız skill (base_damage 0): etki hareketin kendisi; vuruş 1: 0,80s@boss0,00m/oyuncu1,50m; kalıp sonu: merkeze 1,50 m, başlangıçtan 4,50 m, kalıp simülasyonundan 0,00 m; tek karede 4,50 m sıçrama (sınır 2,41 m @ 65 ms, t=0,73, faz isin, blink tasarım gereği)"
3-2,"Emici Adım","Kılıç","icinden_emme",1,1,1,1,1,1,1,1,1,1,"arka","arka",0.00,"",0.19,1.35,0.33,0.28,0.73,0.00,0.00,"1/5 kare koşu, ayak/gövde hız oranı 1,02","hasarsız skill (base_damage 0): etki hareketin kendisi; vuruş 1: 0,53s@boss0,29m/oyuncu1,36m; kalıp sonu: merkeze 2,60 m, başlangıçtan 5,23 m, kalıp simülasyonundan 0,42 m, boss 0,37 m kaydı; gövdeye girdi: merkeze 0,19 m (t=0,47, temas 1,35) geçiş tasarım gereği"
3-3,"Sıçrayan Adım","Kılıç","sekmeli_ziplama",1,1,1,1,1,1,1,1,1,1,"arka","arka",0.00,"",1.50,1.35,0.60,0.60,1.00,0.00,0.00,"0/9 kare koşu","hasarsız skill (base_damage 0): etki hareketin kendisi; vuruş 3: 0,53s@boss1,79m/oyuncu0,00m 0,74s@boss1,50m/oyuncu0,05m 0,93s@boss1,50m/oyuncu0,00m; kalıp sonu: merkeze 1,50 m, başlangıçtan 4,50 m, kalıp simülasyonundan 0,00 m"
3-4,"Sabit Adım","Kılıç","geri_sarma",1,1,1,1,1,1,1,1,1,1,"başlangıç","başlangıç",0.00,"",1.50,1.35,2.67,2.66,3.07,0.00,0.00,"1/9 kare koşu, ayak/gövde hız oranı 1,00","hasarsız skill (base_damage 0): etki hareketin kendisi; kalıp sonu: merkeze 3,00 m, başlangıçtan 0,00 m, kalıp simülasyonundan 0,00 m"
3-5,"Yayılan Adım","Kılıç","dalis_patlamasi",1,1,1,1,1,1,1,1,1,1,"ön","ön",0.00,"",1.50,1.35,0.47,0.42,0.87,0.00,0.00,"0/4 kare koşu","hasarsız skill (base_damage 0): etki hareketin kendisi; vuruş 1: 0,67s@boss1,50m/oyuncu0,00m; kalıp sonu: merkeze 1,50 m, başlangıçtan 1,50 m, kalıp simülasyonundan 0,00 m"
3-6,"Bağlayıcı Adım","Kılıç","kanca_cekis",1,1,1,1,1,1,1,1,1,1,"arka","arka",0.00,"boss:Root+Slow, boss hız x0,00",1.50,1.35,0.80,0.74,1.20,0.00,0.00,"1/9 kare koşu, ayak/gövde hız oranı 1,03","vuruş 1: 1,00s@boss0,00m/oyuncu1,50m; kalıp sonu: merkeze 1,50 m, başlangıçtan 4,50 m, kalıp simülasyonundan 0,00 m"
4-1,"Yoğun Kalkan","Kılıç","tam_zamanli",1,1,1,1,1,1,1,1,1,1,"yerinde","yerinde",0.00,"",3.00,1.35,0.52,0.50,1.00,0.00,0.00,"","hasarsız skill (base_damage 0): etki hareketin kendisi; vuruş 1: 0,80s@boss0,62m/oyuncu2,38m; kalıp sonu: merkeze 3,00 m, başlangıçtan 0,00 m, kalıp simülasyonundan 0,00 m"
4-2,"Emici Kalkan","Kılıç","kalkan_calma",1,1,1,1,1,1,1,1,1,1,"yerinde","yerinde",76000.00,"",1.35,1.35,0.27,0.20,0.73,0.00,0.00,"","vuruş 1: 0,53s@boss1,46m/oyuncu1,28m; kalıp sonu: merkeze 1,90 m, başlangıçtan 0,00 m, kalıp simülasyonundan 0,00 m, boss 1,10 m kaydı"
4-3,"Sıçrayan Kalkan","Kılıç","seken_disk",1,1,1,1,1,1,1,1,1,1,"yerinde","yerinde",0.00,"",3.00,1.35,0.47,0.42,0.93,0.00,0.00,"","hasarsız skill (base_damage 0): etki hareketin kendisi; vuruş 2: 0,60s@boss0,30m/oyuncu3,30m 0,73s@boss3,04m/oyuncu1,43m; kalıp sonu: merkeze 3,00 m, başlangıçtan 0,00 m, kalıp simülasyonundan 0,00 m"
5-1,"Yoğun Patlama","Kılıç","saplanan_fitil",1,1,1,1,1,1,1,1,1,1,"geri","geri",146352.00,"",2.36,1.35,1.60,1.62,1.97,0.00,0.00,"1/6 kare koşu, ayak/gövde hız oranı 0,95","vuruş 2: 0,44s@boss0,85m/oyuncu1,51m 1,97s@boss0,85m/oyuncu2,95m; kalıp sonu: merkeze 3,80 m, başlangıçtan 0,80 m, kalıp simülasyonundan 0,00 m"
5-2,"Emici Patlama","Kılıç","ceken_girdap",1,1,1,1,1,1,1,1,1,1,"yerinde","yerinde",105880.00,"oyuncu +31765 can",1.35,1.35,1.33,1.32,1.73,0.00,0.00,"","vuruş 3: 1,06s@boss0,00m/oyuncu1,35m 1,53s@boss0,00m/oyuncu1,35m 1,60s@boss0,00m/oyuncu1,35m; kalıp sonu: merkeze 1,35 m, başlangıçtan 0,00 m, kalıp simülasyonundan 0,00 m, boss 1,65 m kaydı"
5-3,"Sıçrayan Patlama","Kılıç","seken_bomba",1,1,1,1,1,1,1,1,1,1,"yerinde","yerinde",113608.00,"",3.00,1.35,0.60,0.58,1.00,0.00,0.00,"","vuruş 3: 0,53s@boss0,40m/oyuncu3,40m 0,67s@boss0,00m/oyuncu3,00m 0,87s@boss0,35m/oyuncu3,02m; kalıp sonu: merkeze 3,00 m, başlangıçtan 0,00 m, kalıp simülasyonundan 0,00 m"
6-1,"Yoğun Bağ","Kılıç","sinir_noktasi",1,1,1,1,1,1,1,1,1,1,"ön","ön",33640.00,"boss:Stun, boss hız x0,00",1.50,1.35,0.40,0.34,0.86,0.00,0.00,"0/4 kare koşu","vuruş 1: 0,73s@boss0,91m/oyuncu0,59m; kalıp sonu: merkeze 1,50 m, başlangıçtan 1,50 m, kalıp simülasyonundan 0,00 m"
6-2,"Emici Bağ","Kılıç","bossu_cek",1,1,1,1,1,1,1,1,1,1,"geri","geri",24384.00,"boss:Root, boss hız x0,00, oyuncu +7315 can",1.35,1.35,0.47,0.44,0.94,0.00,0.00,"2/5 kare koşu, ayak/gövde hız oranı 1,01","vuruş 1: 0,73s@boss1,53m/oyuncu1,36m; kalıp sonu: merkeze 2,67 m, başlangıçtan 1,60 m, kalıp simülasyonundan 0,00 m, boss 1,93 m kaydı"
6-3,"Sıçrayan Bağ","Kılıç","basip_sekme",1,1,1,1,1,1,1,1,1,1,"başlangıç","başlangıç",26416.00,"boss:Root, boss hız x0,00",1.67,1.35,0.53,0.52,1.00,0.00,0.00,"0/7 kare koşu","vuruş 1: 0,73s@boss1,50m/oyuncu0,26m; kalıp sonu: merkeze 3,20 m, başlangıçtan 0,20 m, kalıp simülasyonundan 0,00 m"
1-7,"Bulandırıcı Vuruş","Kılıç","dumandan_cikis",1,1,1,1,1,1,1,1,1,1,"ön","ön",153816.00,"boss:Blind",1.50,1.35,0.53,0.48,0.93,0.00,0.00,"0/4 kare koşu","vuruş 1: 0,73s@boss0,72m/oyuncu1,36m; kalıp sonu: merkeze 1,50 m, başlangıçtan 1,50 m, kalıp simülasyonundan 0,00 m"
1-8,"Yükselen Vuruş","Kılıç","havaya_kaldirma",1,1,1,1,1,1,1,1,1,1,"ön","ön",174360.00,"boss:Stun, boss hız x0,00",1.90,1.35,0.40,0.34,0.80,0.00,0.00,"0/5 kare koşu","vuruş 1: 0,53s@boss1,08m/oyuncu1,28m; kalıp sonu: merkeze 1,90 m, başlangıçtan 1,10 m, kalıp simülasyonundan 0,00 m"
1-9,"Odaklı Vuruş","Kılıç","isarete_vur",1,1,1,1,1,1,1,1,1,1,"ön","ön",412912.00,"",1.65,1.35,0.40,0.38,0.80,0.00,0.00,"0/3 kare koşu","vuruş 1: 0,67s@boss0,76m/oyuncu1,28m; kalıp sonu: merkeze 1,65 m, başlangıçtan 1,35 m, kalıp simülasyonundan 0,00 m"
2-7,"Bulandırıcı Şifa","Kılıç","sis_ortusu",1,1,1,1,1,1,1,1,1,1,"yerinde","yerinde",0.00,"oyuncu +112000 can",3.00,1.35,0.33,0.30,0.80,0.00,0.00,"","vuruş 1: 0,60s@boss0,00m/oyuncu3,00m; kalıp sonu: merkeze 3,00 m, başlangıçtan 0,00 m, kalıp simülasyonundan 0,00 m"
2-8,"Yükselen Şifa","Kılıç","yerden_buyuyen",1,1,1,1,1,1,1,1,1,1,"yerinde","yerinde",0.00,"oyuncu +112000 can",3.00,1.35,0.47,0.42,0.93,0.00,0.00,"","vuruş 1: 0,73s@boss6,98m/oyuncu4,33m; kalıp sonu: merkeze 3,18 m, başlangıçtan 0,25 m, kalıp simülasyonundan 0,00 m, kalıp hedefi AllyDummy"
2-9,"Odaklı Şifa","Kılıç","koruyucu_isaret",1,1,1,1,1,1,1,1,1,1,"geri","geri",0.00,"oyuncu +112000 can",3.00,1.35,0.20,0.20,0.60,0.00,0.00,"0/3 kare koşu","vuruş 1: 0,53s@boss3,90m/oyuncu0,35m; kalıp sonu: merkeze 3,61 m, başlangıçtan 0,80 m, kalıp simülasyonundan 0,00 m, kalıp hedefi AllyDummy"
3-7,"Bulandırıcı Adım","Kılıç","duman_kaybolma",1,1,1,1,1,1,1,1,1,1,"ön","ön",0.00,"boss:Blind, oyuncu:Stealth",1.50,1.35,0.60,0.59,1.00,0.00,0.00,"0/2 kare koşu","vuruş 1: 0,53s@boss1,50m/oyuncu0,00m; kalıp sonu: merkeze 1,50 m, başlangıçtan 1,50 m, kalıp simülasyonundan 0,00 m"
3-8,"Yükselen Adım","Kılıç","sicrayip_cakilma",1,1,1,1,1,1,1,1,1,1,"ön","ön",0.00,"oyuncu:Haste, oyuncu hız x1,10",1.50,1.35,0.87,0.82,1.27,0.00,0.00,"0/5 kare koşu","vuruş 1: 1,14s@boss1,50m/oyuncu0,00m; kalıp sonu: merkeze 1,50 m, başlangıçtan 1,50 m, kalıp simülasyonundan 0,00 m"
3-9,"Odaklı Adım","Kılıç","isinlan_kes",1,1,1,1,1,1,1,1,1,1,"arka","arka",0.00,"",1.50,1.35,0.53,0.48,0.93,0.00,0.00,"0/1 kare koşu","hasarsız skill (base_damage 0): etki hareketin kendisi; vuruş 1: 0,80s@boss0,00m/oyuncu1,50m; kalıp sonu: merkeze 1,50 m, başlangıçtan 4,50 m, kalıp simülasyonundan 0,00 m; tek karede 4,50 m sıçrama (sınır 2,45 m @ 66 ms, t=0,73, faz isin, blink tasarım gereği)"
7-1,"Yoğun Zafiyet","Kılıç","diken_firlatma",1,1,1,1,1,1,1,1,1,1,"yerinde","yerinde",22408.00,"",3.00,1.35,0.33,0.40,0.80,0.00,0.00,"","vuruş 1: 0,80s@boss0,30m/oyuncu3,30m; kalıp sonu: merkeze 3,00 m, başlangıçtan 0,00 m, kalıp simülasyonundan 0,00 m"
7-2,"Emici Zafiyet","Kılıç","sokup_cekme",1,1,1,1,1,1,1,1,1,1,"geri","geri",16568.00,"oyuncu +4972 can",3.00,1.35,0.46,0.44,0.87,0.00,0.00,"2/5 kare koşu, ayak/gövde hız oranı 1,02","vuruş 2: 0,53s@boss0,35m/oyuncu3,45m 0,67s@boss2,58m/oyuncu1,19m; kalıp sonu: merkeze 4,30 m, başlangıçtan 1,30 m, kalıp simülasyonundan 0,00 m"
7-3,"Sıçrayan Zafiyet","Kılıç","seken_yaratik",1,1,1,1,1,1,1,1,1,1,"yerinde","yerinde",17576.00,"",3.00,1.35,0.66,0.64,1.13,0.00,0.00,"","vuruş 3: 0,66s@boss0,00m/oyuncu3,00m 0,86s@boss0,35m/oyuncu3,02m 1,00s@boss0,35m/oyuncu3,02m; kalıp sonu: merkeze 3,00 m, başlangıçtan 0,00 m, kalıp simülasyonundan 0,00 m"
8-1,"Yoğun Yükseliş","Kılıç","kuculten_kapi",1,1,1,1,1,1,1,1,1,1,"yerinde","yerinde",0.00,"",3.00,1.35,0.33,0.28,0.74,0.00,0.00,"","hasarsız skill (base_damage 0): etki hareketin kendisi; vuruş 1: 0,54s@boss0,62m/oyuncu2,38m; kalıp sonu: merkeze 3,00 m, başlangıçtan 0,00 m, kalıp simülasyonundan 0,00 m"
8-2,"Emici Yükseliş","Kılıç","kan_muhru",1,1,1,1,1,1,1,1,1,1,"yerinde","yerinde",0.00,"",3.00,1.35,0.33,0.32,0.80,0.00,0.00,"","hasarsız skill (base_damage 0): etki hareketin kendisi; vuruş 1: 0,60s@boss3,00m/oyuncu0,00m; kalıp sonu: merkeze 3,00 m, başlangıçtan 0,00 m, kalıp simülasyonundan 0,00 m"
8-3,"Sıçrayan Yükseliş","Kılıç","pas_verme",1,1,1,1,1,1,1,1,1,1,"yerinde","yerinde",0.00,"",3.00,1.35,0.27,0.24,0.73,0.00,0.00,"","hasarsız skill (base_damage 0): etki hareketin kendisi; vuruş 1: 0,67s@boss6,38m/oyuncu3,90m; kalıp sonu: merkeze 3,00 m, başlangıçtan 0,00 m, kalıp simülasyonundan 0,00 m, kalıp hedefi AllyDummy"
9-1,"Yoğun Arınma","Kılıç","tek_dokunus",1,1,1,1,1,1,1,1,1,1,"geri","geri",0.00,"oyuncu +32000 can",3.00,1.35,0.20,0.16,0.60,0.00,0.00,"0/2 kare koşu","vuruş 1: 0,47s@boss3,89m/oyuncu0,68m; kalıp sonu: merkeze 3,41 m, başlangıçtan 0,55 m, kalıp simülasyonundan 0,00 m, kalıp hedefi AllyDummy"
9-2,"Emici Arınma","Kılıç","cekip_firlat",1,1,1,1,1,1,1,1,1,1,"yerinde","yerinde",0.00,"oyuncu +12000 can, dost +20000 can",3.00,1.35,0.54,0.50,0.93,0.00,0.00,"","vuruş 2: 0,53s@boss2,65m/oyuncu0,35m 0,80s@boss0,30m/oyuncu3,30m; kalıp sonu: merkeze 3,00 m, başlangıçtan 0,00 m, kalıp simülasyonundan 0,00 m"
9-3,"Sıçrayan Arınma","Kılıç","dosttan_dosta",1,1,1,1,1,1,1,1,1,1,"yerinde","yerinde",0.00,"oyuncu +24000 can, dost +12000 can",3.00,1.35,0.60,0.54,1.00,0.00,0.00,"","vuruş 3: 0,53s@boss6,43m/oyuncu3,95m 0,60s@boss6,98m/oyuncu4,53m 0,80s@boss6,88m/oyuncu4,54m; kalıp sonu: merkeze 3,00 m, başlangıçtan 0,00 m, kalıp simülasyonundan 0,00 m, kalıp hedefi AllyDummy"
1-10,"Aynalı Vuruş","Kılıç","sirtta_kapi",1,1,1,1,1,1,1,1,1,1,"ön","ön",164496.00,"",1.80,1.35,0.33,0.32,0.73,0.00,0.00,"0/3 kare koşu","vuruş 2: 0,47s@boss0,92m/oyuncu1,19m 0,60s@boss0,55m/oyuncu2,35m; kalıp sonu: merkeze 1,80 m, başlangıçtan 1,20 m, kalıp simülasyonundan 0,00 m"
1-11,"Kopya Vuruş","Kılıç","golge_yankisi",1,1,1,1,1,1,1,1,1,1,"ön","ön",157648.00,"",2.10,1.35,0.53,0.50,0.93,0.00,0.00,"1/3 kare koşu, ayak/gövde hız oranı 1,02","vuruş 2: 0,47s@boss1,11m/oyuncu1,15m 0,80s@boss1,95m/oyuncu1,39m; kalıp sonu: merkeze 2,10 m, başlangıçtan 0,90 m, kalıp simülasyonundan 0,00 m"
1-12,"Akan Vuruş","Kılıç","basili_seri",1,1,1,1,1,1,1,1,1,1,"ön","ön",112464.00,"",1.60,1.35,3.00,3.00,3.40,0.00,0.00,"","vuruş 6: 0,60s@boss1,73m/oyuncu1,15m 1,13s@boss1,48m/oyuncu1,15m 1,60s@boss1,26m/oyuncu1,15m 2,14s@boss1,01m/oyuncu1,15m 2,60s@boss0,79m/oyuncu1,15m 3,14s@boss0,54m/oyuncu1,15m; kalıp sonu: merkeze 1,60 m, başlangıçtan 1,40 m, kalıp simülasyonundan 0,00 m"
2-10,"Aynalı Şifa","Kılıç","ters_es",1,1,1,1,1,1,1,1,1,1,"yerinde","yerinde",16800.00,"oyuncu +112000 can",3.00,1.35,0.47,0.44,0.93,0.00,0.00,"","vuruş 2: 0,60s@boss2,60m/oyuncu0,40m 0,80s@boss0,00m/oyuncu3,00m; kalıp sonu: merkeze 3,00 m, başlangıçtan 0,00 m, kalıp simülasyonundan 0,00 m"
2-11,"Kopya Şifa","Kılıç","golge_ulak",1,1,1,1,1,1,1,1,1,1,"yan","yan",0.00,"oyuncu +68000 can, dost +44000 can",2.43,1.35,1.40,1.36,1.87,0.00,0.00,"1/3 kare koşu, ayak/gövde hız oranı 1,00","vuruş 2: 0,53s@boss3,26m/oyuncu0,35m 1,73s@boss3,05m/oyuncu1,46m; kalıp sonu: merkeze 2,43 m, başlangıçtan 1,41 m, kalıp simülasyonundan 0,00 m, kalıp hedefi AllyDummy"
2-12,"Akan Şifa","Kılıç","basili_isik",1,1,1,1,1,1,1,1,1,1,"geri","geri",0.00,"oyuncu +60000 can, dost +60000 can",3.00,1.35,3.00,3.00,3.47,0.00,0.00,"","vuruş 6: 0,67s@boss5,38m/oyuncu2,72m 1,20s@boss5,58m/oyuncu2,72m 1,67s@boss5,75m/oyuncu2,72m 2,20s@boss5,95m/oyuncu2,72m 2,67s@boss6,13m/oyuncu2,72m 3,20s@boss6,33m/oyuncu2,72m; kalıp sonu: merkeze 3,94 m, başlangıçtan 1,20 m, kalıp simülasyonundan 0,00 m, kalıp hedefi AllyDummy"
3-10,"Aynalı Adım","Kılıç","iki_kapi",1,1,1,1,1,1,1,1,1,1,"ön","ön",0.00,"",1.50,1.35,0.60,0.54,1.00,0.00,0.00,"0/4 kare koşu","hasarsız skill (base_damage 0): etki hareketin kendisi; vuruş 2: 0,40s@boss3,00m/oyuncu0,00m 0,80s@boss1,50m/oyuncu0,00m; kalıp sonu: merkeze 1,50 m, başlangıçtan 1,50 m, kalıp simülasyonundan 0,00 m"
3-11,"Kopya Adım","Kılıç","yem_kac",1,1,1,1,1,1,1,1,1,1,"geri","geri",0.00,"",3.00,1.35,0.46,0.40,0.87,0.00,0.00,"1/5 kare koşu, ayak/gövde hız oranı 1,04","hasarsız skill (base_damage 0): etki hareketin kendisi; vuruş 1: 0,40s@boss3,00m/oyuncu0,00m; kalıp sonu: merkeze 5,80 m, başlangıçtan 2,80 m, kalıp simülasyonundan 0,00 m"
3-12,"Akan Adım","Kılıç","suzulme",1,1,1,1,1,1,1,1,1,1,"ön","ön",0.00,"",1.90,1.35,3.00,3.00,3.40,0.00,0.00,"","hasarsız skill (base_damage 0): etki hareketin kendisi; kalıp sonu: merkeze 1,90 m, başlangıçtan 1,10 m, kalıp simülasyonundan 0,00 m"
10-1,"Yoğun Yansı","Kılıç","tam_zamanli",1,1,1,1,1,1,1,1,1,1,"yerinde","yerinde",0.00,"",3.00,1.35,0.53,0.50,1.00,0.00,0.00,"","hasarsız skill (base_damage 0): etki hareketin kendisi; vuruş 1: 0,80s@boss0,62m/oyuncu2,38m; kalıp sonu: merkeze 3,00 m, başlangıçtan 0,00 m, kalıp simülasyonundan 0,00 m"
10-2,"Emici Yansı","Kılıç","yutan_girdap",1,1,1,1,1,1,0,1,1,0,"yerinde","yerinde",0.00,"",1.35,1.35,3.39,3.18,3.79,0.00,0.00,"","hasarsız skill (base_damage 0): etki hareketin kendisi; vuruş 4: 1,27s@boss1,03m/oyuncu2,38m 2,07s@boss1,03m/oyuncu2,38m 2,80s@boss1,03m/oyuncu2,38m 3,74s@boss1,03m/oyuncu2,38m; kalıp sonu: merkeze 1,35 m, başlangıçtan 0,00 m, kalıp simülasyonundan 0,00 m, boss 1,65 m kaydı; kalıp 3,39 sn (beklenen 3,18)"
10-3,"Sıçrayan Yansı","Kılıç","seken_geri",1,1,1,1,1,1,1,1,1,1,"ön","ön",0.00,"",1.90,1.35,0.40,0.36,0.86,0.00,0.00,"0/3 kare koşu","hasarsız skill (base_damage 0): etki hareketin kendisi; vuruş 2: 0,53s@boss0,56m/oyuncu1,53m 0,67s@boss0,00m/oyuncu1,90m; kalıp sonu: merkeze 1,90 m, başlangıçtan 1,10 m, kalıp simülasyonundan 0,00 m"
10-10,"Aynalı Yansı","Kılıç","iki_kapi",1,1,1,1,1,1,1,1,1,1,"ön","ön",0.00,"",1.50,1.35,0.60,0.54,1.07,0.00,0.00,"0/4 kare koşu","hasarsız skill (base_damage 0): etki hareketin kendisi; vuruş 2: 0,47s@boss3,00m/oyuncu0,00m 0,87s@boss1,50m/oyuncu0,00m; kalıp sonu: merkeze 1,50 m, başlangıçtan 1,50 m, kalıp simülasyonundan 0,00 m"
10-11,"Kopya Yansı","Kılıç","yem_kopya",1,1,1,1,1,1,1,1,1,1,"yerinde","yerinde",0.00,"",2.85,1.35,0.40,0.36,0.87,0.00,0.00,"","hasarsız skill (base_damage 0): etki hareketin kendisi; vuruş 1: 0,67s@boss2,84m/oyuncu1,29m; kalıp sonu: merkeze 2,85 m, başlangıçtan 0,15 m, kalıp simülasyonundan 0,00 m"
10-12,"Akan Yansı","Kılıç","basili_siper",1,1,1,1,1,1,1,1,1,1,"ön","ön",0.00,"",2.20,1.35,3.00,3.00,3.47,0.00,0.00,"","hasarsız skill (base_damage 0): etki hareketin kendisi; vuruş 3: 1,20s@boss0,41m/oyuncu2,38m 2,20s@boss0,14m/oyuncu2,38m 3,20s@boss0,13m/oyuncu2,38m; kalıp sonu: merkeze 2,20 m, başlangıçtan 0,80 m, kalıp simülasyonundan 0,00 m"
11-1,"Yoğun Çağrı","Kılıç","sirt_saplama",1,1,1,1,1,1,1,1,1,1,"ön","ön",0.00,"",1.90,1.35,0.47,0.46,0.94,0.00,0.00,"0/2 kare koşu","hasarsız skill (base_damage 0): etki hareketin kendisi; vuruş 1: 0,81s@boss0,00m/oyuncu1,90m; kalıp sonu: merkeze 1,90 m, başlangıçtan 1,10 m, kalıp simülasyonundan 0,00 m"
11-2,"Emici Çağrı","Kılıç","yapisan",1,1,1,1,1,1,1,1,1,1,"yerinde","yerinde",0.00,"",1.35,1.35,5.21,5.18,5.68,0.00,0.00,"","hasarsız skill (base_damage 0): etki hareketin kendisi; vuruş 6: 0,60s@boss0,20m/oyuncu2,65m 1,60s@boss0,00m/oyuncu1,35m 2,60s@boss0,00m/oyuncu1,35m 3,61s@boss0,00m/oyuncu1,35m 4,61s@boss0,00m/oyuncu1,35m 5,61s@boss0,00m/oyuncu1,35m; kalıp sonu: merkeze 1,35 m, başlangıçtan 0,00 m, kalıp simülasyonundan 0,00 m, boss 1,65 m kaydı"
11-3,"Sıçrayan Çağrı","Kılıç","seken_yaratik",1,1,1,1,1,1,1,1,1,1,"yerinde","yerinde",0.00,"",3.00,1.35,0.67,0.64,1.13,0.00,0.00,"","hasarsız skill (base_damage 0): etki hareketin kendisi; vuruş 3: 0,67s@boss0,00m/oyuncu3,00m 0,87s@boss0,35m/oyuncu3,02m 1,00s@boss0,35m/oyuncu3,02m; kalıp sonu: merkeze 3,00 m, başlangıçtan 0,00 m, kalıp simülasyonundan 0,00 m"
11-10,"Aynalı Çağrı","Kılıç","takim_kapisi",1,1,1,1,1,1,1,1,1,1,"ön","ön",0.00,"",2.35,1.35,1.40,1.36,1.87,0.00,0.00,"0/2 kare koşu","hasarsız skill (base_damage 0): etki hareketin kendisi; vuruş 1: 0,67s@boss2,35m/oyuncu0,00m; kalıp sonu: merkeze 2,35 m, başlangıçtan 0,65 m, kalıp simülasyonundan 0,00 m"
11-11,"Kopya Çağrı","Kılıç","ayna_klonlar",1,1,1,1,1,1,1,1,1,1,"ön","ön",0.00,"",2.35,1.35,0.67,0.62,1.14,0.00,0.00,"0/2 kare koşu","hasarsız skill (base_damage 0): etki hareketin kendisi; vuruş 2: 0,80s@boss2,37m/oyuncu1,41m 0,93s@boss2,37m/oyuncu1,41m; kalıp sonu: merkeze 2,35 m, başlangıçtan 0,65 m, kalıp simülasyonundan 0,00 m"
11-12,"Akan Çağrı","Kılıç","kapidan_akin",1,1,1,1,1,1,1,1,1,1,"ön","ön",0.00,"",2.35,1.35,4.36,4.32,4.76,0.00,0.00,"0/2 kare koşu","hasarsız skill (base_damage 0): etki hareketin kendisi; vuruş 6: 0,67s@boss0,85m/oyuncu1,50m 1,47s@boss0,00m/oyuncu2,35m 2,27s@boss0,00m/oyuncu2,35m 3,07s@boss0,00m/oyuncu2,35m 3,87s@boss0,00m/oyuncu2,35m 4,70s@boss0,00m/oyuncu2,35m; kalıp sonu: merkeze 2,35 m, başlangıçtan 0,65 m, kalıp simülasyonundan 0,00 m"
12-1,"Yoğun Zaman","Kılıç","zamanli_donma",1,1,1,1,1,1,1,1,1,1,"ön","ön",0.00,"boss:Slow, boss hız x0,70",1.50,1.35,0.53,0.50,0.94,0.00,0.00,"0/3 kare koşu","vuruş 1: 0,80s@boss0,53m/oyuncu1,28m; kalıp sonu: merkeze 1,50 m, başlangıçtan 1,50 m, kalıp simülasyonundan 0,00 m"
12-2,"Emici Zaman","Kılıç","ceken_girdap",1,1,1,1,1,1,1,1,1,1,"yerinde","yerinde",0.00,"boss:Slow, oyuncu:Haste, boss hız x0,70, oyuncu hız x1,30",3.00,1.35,1.33,1.32,1.80,0.00,0.00,"","vuruş 3: 1,13s@boss0,00m/oyuncu3,00m 1,60s@boss0,00m/oyuncu3,00m 1,67s@boss0,00m/oyuncu3,00m; kalıp sonu: merkeze 3,00 m, başlangıçtan 0,00 m, kalıp simülasyonundan 0,00 m"
12-3,"Sıçrayan Zaman","Kılıç","geri_donen_kure",1,1,1,1,1,1,1,1,1,1,"yerinde","yerinde",0.00,"boss:Slow, boss hız x0,70",3.00,1.35,0.53,0.50,1.00,0.00,0.00,"","vuruş 2: 0,60s@boss0,30m/oyuncu3,30m 0,87s@boss0,96m/oyuncu2,04m; kalıp sonu: merkeze 3,00 m, başlangıçtan 0,00 m, kalıp simülasyonundan 0,00 m"
12-10,"Aynalı Zaman","Kılıç","boss_geri",1,1,1,1,1,1,1,1,1,1,"yerinde","yerinde",0.00,"boss:Slow, boss hız x0,70",3.00,1.35,0.47,0.46,0.93,0.00,0.00,"","vuruş 1: 0,60s@boss0,30m/oyuncu3,30m; kalıp sonu: merkeze 3,00 m, başlangıçtan 0,00 m, kalıp simülasyonundan 0,00 m"
12-11,"Kopya Zaman","Kılıç","geri_sarma",1,1,1,1,1,1,1,1,1,1,"başlangıç","başlangıç",0.00,"",1.50,1.35,2.67,2.66,3.13,0.00,0.00,"2/9 kare koşu, ayak/gövde hız oranı 0,93","hasarsız skill (base_damage 0): etki hareketin kendisi; kalıp sonu: merkeze 3,00 m, başlangıçtan 0,00 m, kalıp simülasyonundan 0,00 m"
12-12,"Akan Zaman","Kılıç","yuruyen_balon",1,1,1,1,1,1,1,1,1,1,"ön","ön",0.00,"boss:Slow, boss hız x0,70",1.80,1.35,4.24,4.20,4.70,0.00,0.00,"","vuruş 5: 0,53s@boss3,00m/oyuncu0,00m 1,60s@boss2,70m/oyuncu0,00m 2,64s@boss2,39m/oyuncu0,00m 3,64s@boss2,09m/oyuncu0,00m 4,63s@boss1,80m/oyuncu0,00m; kalıp sonu: merkeze 1,80 m, başlangıçtan 1,20 m, kalıp simülasyonundan 0,00 m"
4-4,"Sabit Kalkan","Kılıç","duvar_dikme",1,1,1,1,1,1,1,1,1,1,"yerinde","yerinde",0.00,"",3.00,1.35,0.33,0.32,0.80,0.00,0.00,"","hasarsız skill (base_damage 0): etki hareketin kendisi; vuruş 1: 0,67s@boss0,62m/oyuncu2,38m; kalıp sonu: merkeze 3,00 m, başlangıçtan 0,00 m, kalıp simülasyonundan 0,00 m"
4-5,"Yayılan Kalkan","Kılıç","onde_yelpaze",1,1,1,1,1,1,1,1,1,1,"yerinde","yerinde",0.00,"",3.00,1.35,0.66,0.63,1.07,0.00,0.00,"","hasarsız skill (base_damage 0): etki hareketin kendisi; vuruş 1: 0,80s@boss1,88m/oyuncu1,12m; kalıp sonu: merkeze 3,00 m, başlangıçtan 0,00 m, kalıp simülasyonundan 0,00 m"
4-6,"Bağlayıcı Kalkan","Kılıç","zincirli_firlatma",1,1,1,1,1,1,1,1,1,1,"ön","ön",0.00,"",1.50,1.35,0.73,0.70,1.20,0.00,0.00,"2/4 kare koşu, ayak/gövde hız oranı 0,99","hasarsız skill (base_damage 0): etki hareketin kendisi; vuruş 2: 0,60s@boss0,45m/oyuncu3,45m 1,07s@boss0,47m/oyuncu1,28m; kalıp sonu: merkeze 1,50 m, başlangıçtan 1,50 m, kalıp simülasyonundan 0,00 m"
4-7,"Bulandırıcı Kalkan","Kılıç","duman_duvari",1,1,1,1,1,1,1,1,1,1,"yerinde","yerinde",0.00,"",2.80,1.35,0.53,0.52,0.93,0.04,0.00,"","hasarsız skill (base_damage 0): etki hareketin kendisi; vuruş 1: 0,60s@boss0,42m/oyuncu2,38m; kalıp sonu: merkeze 2,80 m, başlangıçtan 0,20 m, kalıp simülasyonundan 0,00 m"
4-8,"Yükselen Kalkan","Kılıç","yerden_buyuyen",1,1,1,1,1,1,1,1,1,1,"yerinde","yerinde",0.00,"",3.00,1.35,0.46,0.42,0.87,0.00,0.00,"","hasarsız skill (base_damage 0): etki hareketin kendisi; vuruş 1: 0,67s@boss6,98m/oyuncu4,33m; kalıp sonu: merkeze 3,18 m, başlangıçtan 0,25 m, kalıp simülasyonundan 0,00 m, kalıp hedefi AllyDummy"
4-9,"Odaklı Kalkan","Kılıç","koruyucu_isaret",1,1,1,1,1,1,1,1,1,1,"geri","geri",0.00,"",3.00,1.35,0.27,0.20,0.73,0.00,0.00,"0/3 kare koşu","hasarsız skill (base_damage 0): etki hareketin kendisi; vuruş 1: 0,60s@boss3,89m/oyuncu0,35m; kalıp sonu: merkeze 3,61 m, başlangıçtan 0,80 m, kalıp simülasyonundan 0,00 m, kalıp hedefi AllyDummy"
5-4,"Sabit Patlama","Kılıç","mayin_cakma",1,1,1,1,1,1,1,1,1,1,"yerinde","yerinde",111768.00,"",3.00,1.35,0.47,0.42,0.87,0.00,0.00,"","vuruş 2: 0,60s@boss0,85m/oyuncu2,15m 0,67s@boss0,85m/oyuncu2,15m; kalıp sonu: merkeze 3,00 m, başlangıçtan 0,00 m, kalıp simülasyonundan 0,00 m"
5-5,"Yayılan Patlama","Kılıç","yer_yarigi",1,1,1,1,1,1,1,1,1,1,"ön","ön",109768.00,"",1.50,1.35,0.60,0.56,1.00,0.03,0.00,"1/8 kare koşu, ayak/gövde hız oranı 0,85","vuruş 3: 0,67s@boss0,25m/oyuncu1,27m 0,73s@boss0,14m/oyuncu1,36m 0,93s@boss0,23m/oyuncu1,28m; kalıp sonu: merkeze 1,50 m, başlangıçtan 2,07 m, kalıp simülasyonundan 0,00 m"
5-6,"Bağlayıcı Patlama","Kılıç","gerilip_kopan",1,1,1,1,1,1,1,1,1,1,"geri","geri",113712.00,"boss:Root+Slow, boss hız x0,00",1.35,1.35,0.60,0.58,1.00,0.00,0.00,"0/6 kare koşu","vuruş 2: 0,53s@boss0,85m/oyuncu1,10m 0,87s@boss0,85m/oyuncu2,65m; kalıp sonu: merkeze 2,78 m, başlangıçtan 0,50 m, kalıp simülasyonundan 0,00 m, boss 0,72 m kaydı"
5-7,"Bulandırıcı Patlama","Kılıç","sis_bombasi",1,1,1,1,1,1,1,1,1,1,"yerinde","yerinde",175496.00,"boss:Blind, oyuncu:Stealth",3.00,1.35,0.27,0.22,0.67,0.00,0.00,"","vuruş 1: 0,53s@boss0,35m/oyuncu3,35m; kalıp sonu: merkeze 3,00 m, başlangıçtan 0,00 m, kalıp simülasyonundan 0,00 m"
5-8,"Yükselen Patlama","Kılıç","yerden_fiskirma",1,1,1,1,1,1,1,1,1,1,"ön","ön",119992.00,"boss:Stun, boss hız x0,00",2.60,1.35,0.47,0.44,0.87,0.00,0.00,"","vuruş 1: 0,67s@boss0,00m/oyuncu2,75m; kalıp sonu: merkeze 2,60 m, başlangıçtan 0,40 m, kalıp simülasyonundan 0,00 m"
5-9,"Odaklı Patlama","Kılıç","gudumlu_top",1,1,1,1,1,1,1,1,1,1,"yerinde","yerinde",189528.00,"",3.00,1.35,0.60,0.56,1.00,0.00,0.00,"","vuruş 1: 0,87s@boss0,00m/oyuncu3,00m; kalıp sonu: merkeze 3,00 m, başlangıçtan 0,00 m, kalıp simülasyonundan 0,00 m"
6-4,"Sabit Bağ","Kılıç","karsilikli_kilit",1,1,1,1,1,1,1,1,1,1,"ön","ön",26432.00,"boss:Root, boss hız x0,00",1.50,1.35,3.27,3.24,3.73,0.00,0.00,"1/4 kare koşu, ayak/gövde hız oranı 0,98","vuruş 1: 0,93s@boss0,40m/oyuncu1,11m; kalıp sonu: merkeze 1,50 m, başlangıçtan 1,50 m, kalıp simülasyonundan 0,00 m"
6-5,"Yayılan Bağ","Kılıç","yer_tuzagi",1,1,1,1,1,1,1,1,1,1,"yerinde","yerinde",20936.00,"boss:Root, boss hız x0,00",3.00,1.35,0.33,0.28,0.73,0.00,0.00,"","vuruş 1: 0,53s@boss0,62m/oyuncu2,38m; kalıp sonu: merkeze 3,00 m, başlangıçtan 0,00 m, kalıp simülasyonundan 0,00 m"
6-6,"Bağlayıcı Bağ","Kılıç","iki_uclu",1,1,1,1,1,1,1,1,1,1,"yerinde","yerinde",25376.00,"boss:Root+Slow, boss hız x0,00",3.00,1.35,0.67,0.65,1.13,0.00,0.00,"","vuruş 1: 0,60s@boss0,28m/oyuncu3,28m; kalıp sonu: merkeze 3,00 m, başlangıçtan 0,00 m, kalıp simülasyonundan 0,00 m"
6-7,"Bulandırıcı Bağ","Kılıç","goz_bagi",1,1,1,1,1,1,1,1,1,1,"yerinde","yerinde",26128.00,"boss:Blind+Root, boss hız x0,00",3.00,1.35,0.13,0.20,0.60,0.00,0.00,"","vuruş 1: 0,60s@boss0,28m/oyuncu3,28m; kalıp sonu: merkeze 3,00 m, başlangıçtan 0,00 m, kalıp simülasyonundan 0,00 m"
6-8,"Yükselen Bağ","Kılıç","havada_asma",1,1,1,1,1,1,1,1,1,1,"ön","ön",26752.00,"boss:Root, boss hız x0,00",1.50,1.35,1.20,1.14,1.60,0.00,0.00,"0/5 kare koşu","vuruş 1: 0,87s@boss1,50m/oyuncu0,00m; kalıp sonu: merkeze 1,50 m, başlangıçtan 1,50 m, kalıp simülasyonundan 0,00 m"
6-9,"Odaklı Bağ","Kılıç","zamanli_donma",1,1,1,1,1,1,1,1,1,1,"ön","ön",42288.00,"boss:Root, boss hız x0,00",1.50,1.35,0.53,0.50,1.00,0.00,0.00,"0/3 kare koşu","vuruş 1: 0,87s@boss0,54m/oyuncu1,28m; kalıp sonu: merkeze 1,50 m, başlangıçtan 1,50 m, kalıp simülasyonundan 0,00 m"
7-4,"Sabit Zafiyet","Kılıç","mayin_cakma",1,1,1,1,1,1,1,1,1,1,"yerinde","yerinde",16136.00,"",3.00,1.35,0.47,0.42,0.87,0.00,0.00,"","vuruş 2: 0,60s@boss0,85m/oyuncu2,15m 0,67s@boss0,85m/oyuncu2,15m; kalıp sonu: merkeze 3,00 m, başlangıçtan 0,00 m, kalıp simülasyonundan 0,00 m"
7-5,"Yayılan Zafiyet","Kılıç","onde_yelpaze",1,1,1,1,1,1,1,1,1,1,"yerinde","yerinde",15688.00,"",3.00,1.35,0.66,0.63,1.13,0.00,0.00,"","vuruş 1: 0,87s@boss1,88m/oyuncu1,12m; kalıp sonu: merkeze 3,00 m, başlangıçtan 0,00 m, kalıp simülasyonundan 0,00 m"
7-6,"Bağlayıcı Zafiyet","Kılıç","dost_ip",1,1,1,1,1,1,1,1,1,1,"yerinde","yerinde",17200.00,"boss:Root+Slow, boss hız x0,00",3.00,1.35,0.66,0.62,1.13,0.00,0.00,"","vuruş 1: 0,60s@boss0,28m/oyuncu3,28m; kalıp sonu: merkeze 3,00 m, başlangıçtan 0,00 m, kalıp simülasyonundan 0,00 m"
8-4,"Sabit Yükseliş","Kılıç","totem_dikme",1,1,1,1,1,1,1,1,1,1,"yerinde","yerinde",0.00,"",3.00,1.35,0.33,0.30,0.73,0.00,0.00,"","hasarsız skill (base_damage 0): etki hareketin kendisi; vuruş 1: 0,60s@boss3,10m/oyuncu0,00m; kalıp sonu: merkeze 3,11 m, başlangıçtan 0,15 m, kalıp simülasyonundan 0,00 m, kalıp hedefi AllyDummy"
8-5,"Yayılan Yükseliş","Kılıç","savas_narasi",1,1,1,1,1,1,1,1,1,1,"yerinde","yerinde",0.00,"",3.00,1.35,0.40,0.36,0.87,0.00,0.00,"","hasarsız skill (base_damage 0): etki hareketin kendisi; vuruş 1: 0,60s@boss3,00m/oyuncu0,00m; kalıp sonu: merkeze 3,00 m, başlangıçtan 0,00 m, kalıp simülasyonundan 0,00 m"
8-6,"Bağlayıcı Yükseliş","Kılıç","dost_dosta",1,1,1,1,1,1,1,1,1,1,"yan","yan",0.00,"",2.38,1.35,0.53,0.52,1.00,0.00,0.00,"1/4 kare koşu, ayak/gövde hız oranı 0,89","hasarsız skill (base_damage 0): etki hareketin kendisi; vuruş 3: 0,53s@boss4,05m/oyuncu1,22m 0,73s@boss2,84m/oyuncu1,41m 0,87s@boss4,76m/oyuncu2,38m; kalıp sonu: merkeze 2,38 m, başlangıçtan 1,41 m, kalıp simülasyonundan 0,00 m, kalıp hedefi AllyDummy"
9-4,"Sabit Arınma","Kılıç","yer_tuzagi",1,1,1,1,1,1,1,1,1,1,"yerinde","yerinde",0.00,"oyuncu +32000 can",3.00,1.35,0.41,0.28,0.81,0.00,0.00,"","vuruş 1: 0,53s@boss0,62m/oyuncu2,38m; kalıp sonu: merkeze 3,00 m, başlangıçtan 0,00 m, kalıp simülasyonundan 0,00 m"
9-5,"Yayılan Arınma","Kılıç","dagilan_yagmur",1,1,1,1,1,1,1,1,1,1,"yerinde","yerinde",0.00,"oyuncu +32000 can",3.00,1.35,0.60,0.58,1.00,0.00,0.00,"","vuruş 1: 0,80s@boss3,00m/oyuncu0,00m; kalıp sonu: merkeze 3,00 m, başlangıçtan 0,00 m, kalıp simülasyonundan 0,00 m, kalıp hedefi AllyDummy"
9-6,"Bağlayıcı Arınma","Kılıç","iki_uclu",1,1,1,1,1,1,1,1,1,1,"yerinde","yerinde",0.00,"oyuncu +32000 can",3.00,1.35,0.67,0.65,1.07,0.00,0.00,"","vuruş 1: 0,53s@boss6,36m/oyuncu3,87m; kalıp sonu: merkeze 3,00 m, başlangıçtan 0,00 m, kalıp simülasyonundan 0,00 m, kalıp hedefi AllyDummy"
4-10,"Aynalı Kalkan","Kılıç","sirtta_kapi",1,1,1,1,1,1,1,1,1,1,"ön","ön",24000.00,"",1.80,1.35,0.33,0.32,0.73,0.00,0.00,"0/3 kare koşu","vuruş 2: 0,47s@boss0,92m/oyuncu1,19m 0,60s@boss0,55m/oyuncu2,35m; kalıp sonu: merkeze 1,80 m, başlangıçtan 1,20 m, kalıp simülasyonundan 0,00 m"
4-11,"Kopya Kalkan","Kılıç","yem_kopya",1,1,1,1,1,1,1,1,1,1,"yerinde","yerinde",0.00,"",3.00,1.35,0.26,0.24,0.67,0.00,0.00,"","hasarsız skill (base_damage 0): etki hareketin kendisi; vuruş 1: 0,47s@boss2,98m/oyuncu1,29m; kalıp sonu: merkeze 3,00 m, başlangıçtan 0,00 m, kalıp simülasyonundan 0,00 m"
4-12,"Akan Kalkan","Kılıç","basili_siper",1,1,1,1,1,1,1,1,1,1,"geri","geri",0.00,"",3.00,1.35,3.07,3.00,3.47,0.00,0.00,"","hasarsız skill (base_damage 0): etki hareketin kendisi; vuruş 3: 1,14s@boss5,17m/oyuncu2,38m 2,13s@boss5,41m/oyuncu2,38m 3,13s@boss5,66m/oyuncu2,38m; kalıp sonu: merkeze 3,61 m, başlangıçtan 0,80 m, kalıp simülasyonundan 0,00 m, kalıp hedefi AllyDummy"
5-10,"Aynalı Patlama","Kılıç","karsi_darbe",1,1,1,1,1,1,1,1,1,1,"ön","ön",111632.00,"",1.70,1.35,0.40,0.36,0.80,0.00,0.00,"0/3 kare koşu","vuruş 1: 0,67s@boss0,56m/oyuncu1,36m; kalıp sonu: merkeze 1,70 m, başlangıçtan 1,30 m, kalıp simülasyonundan 0,00 m"
5-11,"Kopya Patlama","Kılıç","golge_yankisi",1,1,1,1,1,1,1,1,1,1,"ön","ön",111360.00,"",2.10,1.35,0.53,0.50,0.93,0.00,0.00,"1/3 kare koşu, ayak/gövde hız oranı 1,02","vuruş 2: 0,47s@boss1,11m/oyuncu1,15m 0,80s@boss1,95m/oyuncu1,39m; kalıp sonu: merkeze 2,10 m, başlangıçtan 0,90 m, kalıp simülasyonundan 0,00 m"
5-12,"Akan Patlama","Kılıç","patlayan_iz",1,1,1,1,1,1,1,1,1,1,"ön","ön",85576.00,"",2.95,1.35,3.07,3.00,3.47,0.00,0.00,"","vuruş 6: 0,80s@boss2,14m/oyuncu1,53m 1,34s@boss2,32m/oyuncu1,53m 1,80s@boss2,92m/oyuncu1,53m 2,33s@boss2,75m/oyuncu1,53m 2,80s@boss2,45m/oyuncu1,53m 3,33s@boss2,07m/oyuncu1,53m; kalıp sonu: merkeze 3,60 m, başlangıçtan 2,20 m, kalıp simülasyonundan 0,70 m, boss 2,80 m kaydı"
6-10,"Aynalı Bağ","Kılıç","karsi_darbe",1,1,1,1,1,1,1,1,1,1,"ön","ön",36896.00,"boss:Root, boss hız x0,00",1.70,1.35,0.40,0.36,0.87,0.00,0.00,"0/3 kare koşu","vuruş 1: 0,73s@boss0,56m/oyuncu1,36m; kalıp sonu: merkeze 1,70 m, başlangıçtan 1,30 m, kalıp simülasyonundan 0,00 m"
6-11,"Kopya Bağ","Kılıç","onden_arkadan",1,1,1,1,1,1,1,1,1,1,"ön","ön",32248.00,"boss:Root, boss hız x0,00",2.10,1.35,0.40,0.34,0.87,0.00,0.00,"0/3 kare koşu","vuruş 2: 0,53s@boss1,15m/oyuncu1,11m 0,67s@boss0,60m/oyuncu2,70m; kalıp sonu: merkeze 2,10 m, başlangıçtan 0,90 m, kalıp simülasyonundan 0,00 m"
6-12,"Akan Bağ","Kılıç","cember_sarma",1,1,1,1,1,1,1,1,1,1,"arka","arka",18792.00,"boss:Root, boss hız x0,00",1.50,1.35,0.93,0.90,1.40,0.13,0.00,"0/11 kare koşu","vuruş 1: 1,27s@boss0,00m/oyuncu2,06m; kalıp sonu: merkeze 2,06 m, başlangıçtan 4,59 m, kalıp simülasyonundan 0,00 m"
10-4,"Sabit Yansı","Kılıç","duvar_dikme",1,1,1,1,1,1,1,1,1,1,"yerinde","yerinde",0.00,"",3.00,1.35,0.40,0.32,0.81,0.00,0.00,"","hasarsız skill (base_damage 0): etki hareketin kendisi; vuruş 1: 0,60s@boss0,62m/oyuncu2,38m; kalıp sonu: merkeze 3,00 m, başlangıçtan 0,00 m, kalıp simülasyonundan 0,00 m"
10-5,"Yayılan Yansı","Kılıç","yuruyen_balon",1,1,1,1,1,1,1,1,1,1,"ön","ön",0.00,"",1.80,1.35,4.20,4.20,4.67,0.00,0.00,"","hasarsız skill (base_damage 0): etki hareketin kendisi; vuruş 5: 0,53s@boss3,00m/oyuncu0,00m 1,60s@boss2,70m/oyuncu0,00m 2,67s@boss2,38m/oyuncu0,00m 3,67s@boss2,08m/oyuncu0,00m 4,60s@boss1,80m/oyuncu0,00m; kalıp sonu: merkeze 1,80 m, başlangıçtan 1,20 m, kalıp simülasyonundan 0,00 m"
10-6,"Bağlayıcı Yansı","Kılıç","silaha_kement",1,1,1,1,1,1,1,1,1,1,"yerinde","yerinde",0.00,"boss:Root+Slow, boss hız x0,00",3.00,1.35,1.00,0.94,1.47,0.00,0.00,"","vuruş 1: 0,60s@boss0,40m/oyuncu3,40m; kalıp sonu: merkeze 3,00 m, başlangıçtan 0,00 m, kalıp simülasyonundan 0,00 m"
11-4,"Sabit Çağrı","Kılıç","taret_dikme",1,1,1,1,1,1,1,1,1,1,"ön","ön",0.00,"",2.35,1.35,0.60,0.54,1.07,0.00,0.00,"0/2 kare koşu","hasarsız skill (base_damage 0): etki hareketin kendisi; vuruş 2: 0,67s@boss2,35m/oyuncu0,00m 0,93s@boss0,28m/oyuncu2,63m; kalıp sonu: merkeze 2,35 m, başlangıçtan 0,65 m, kalıp simülasyonundan 0,00 m"
11-5,"Yayılan Çağrı","Kılıç","dagilan_suru",1,1,1,1,1,1,1,1,1,1,"yerinde","yerinde",0.00,"",3.00,1.35,0.44,0.42,0.84,0.00,0.00,"","hasarsız skill (base_damage 0): etki hareketin kendisi; vuruş 3: 0,40s@boss0,35m/oyuncu3,02m 0,57s@boss0,00m/oyuncu3,00m 0,71s@boss0,35m/oyuncu3,02m; kalıp sonu: merkeze 3,00 m, başlangıçtan 0,00 m, kalıp simülasyonundan 0,00 m"
11-6,"Bağlayıcı Çağrı","Kılıç","muhafiz",1,1,1,1,1,1,1,1,1,1,"ön","ön",0.00,"boss:Root+Slow, boss hız x0,00",2.35,1.35,0.67,0.64,1.07,0.00,0.00,"0/2 kare koşu","vuruş 1: 0,60s@boss2,31m/oyuncu1,20m; kalıp sonu: merkeze 2,35 m, başlangıçtan 0,65 m, kalıp simülasyonundan 0,00 m"
12-4,"Sabit Zaman","Kılıç","totem_dikme",1,1,1,1,1,1,1,1,1,1,"yerinde","yerinde",0.00,"boss:Slow+Stun, boss hız x0,00",2.85,1.35,0.33,0.30,0.80,0.00,0.00,"","vuruş 1: 0,67s@boss2,87m/oyuncu0,00m; kalıp sonu: merkeze 2,85 m, başlangıçtan 0,15 m, kalıp simülasyonundan 0,00 m"
12-5,"Yayılan Zaman","Kılıç","genisleyen_halka",1,1,1,1,1,1,1,1,1,1,"yerinde","yerinde",0.00,"boss:Slow, boss hız x0,70",3.00,1.35,0.60,0.58,1.07,0.00,0.00,"","vuruş 1: 0,87s@boss3,00m/oyuncu0,00m; kalıp sonu: merkeze 3,00 m, başlangıçtan 0,00 m, kalıp simülasyonundan 0,00 m"
12-6,"Bağlayıcı Zaman","Kılıç","iki_uclu",1,1,1,1,1,1,1,1,1,1,"yerinde","yerinde",0.00,"oyuncu:Haste, oyuncu hız x1,30",3.00,1.35,0.67,0.65,1.07,0.00,0.00,"","vuruş 1: 0,54s@boss0,28m/oyuncu3,28m; kalıp sonu: merkeze 3,00 m, başlangıçtan 0,00 m, kalıp simülasyonundan 0,00 m"
7-7,"Bulandırıcı Zafiyet","Kılıç","sis_bombasi",1,1,1,1,1,1,1,1,1,1,"yerinde","yerinde",16296.00,"boss:Blind",3.00,1.35,0.27,0.22,0.73,0.00,0.00,"","vuruş 1: 0,60s@boss0,35m/oyuncu3,35m; kalıp sonu: merkeze 3,00 m, başlangıçtan 0,00 m, kalıp simülasyonundan 0,00 m"
7-8,"Yükselen Zafiyet","Kılıç","yerden_fiskirma",1,1,1,1,1,1,1,1,1,1,"ön","ön",18440.00,"boss:Stun, boss hız x0,00",2.60,1.35,0.47,0.44,0.93,0.00,0.00,"","vuruş 1: 0,73s@boss0,00m/oyuncu2,76m; kalıp sonu: merkeze 2,60 m, başlangıçtan 0,40 m, kalıp simülasyonundan 0,00 m"
7-9,"Odaklı Zafiyet","Kılıç","isaret_patlamasi",1,1,1,1,1,1,1,1,1,1,"yerinde","yerinde",38520.00,"",3.00,1.35,1.97,1.92,2.44,0.00,0.00,"","vuruş 1: 2,30s@boss0,00m/oyuncu3,00m; kalıp sonu: merkeze 3,00 m, başlangıçtan 0,00 m, kalıp simülasyonundan 0,00 m"
7-10,"Aynalı Zafiyet","Kılıç","onden_arkadan",1,1,1,1,1,1,1,1,1,1,"ön","ön",27304.00,"",2.10,1.35,0.40,0.34,0.80,0.00,0.00,"0/3 kare koşu","vuruş 2: 0,47s@boss1,15m/oyuncu1,11m 0,60s@boss0,60m/oyuncu2,70m; kalıp sonu: merkeze 2,10 m, başlangıçtan 0,90 m, kalıp simülasyonundan 0,00 m"
7-11,"Kopya Zafiyet","Kılıç","golge_yankisi",1,1,1,1,1,1,1,1,1,1,"ön","ön",20864.00,"",2.10,1.35,0.53,0.50,1.00,0.00,0.00,"1/3 kare koşu, ayak/gövde hız oranı 1,01","vuruş 2: 0,54s@boss1,09m/oyuncu1,15m 0,87s@boss1,95m/oyuncu1,39m; kalıp sonu: merkeze 2,10 m, başlangıçtan 0,90 m, kalıp simülasyonundan 0,00 m"
7-12,"Akan Zafiyet","Kılıç","basili_isik",1,1,1,1,1,1,1,1,1,1,"ön","ön",14888.00,"",1.80,1.35,3.00,3.00,3.47,0.00,0.00,"","vuruş 6: 0,67s@boss0,17m/oyuncu2,72m 1,20s@boss0,04m/oyuncu2,72m 1,67s@boss0,23m/oyuncu2,72m 2,20s@boss0,44m/oyuncu2,72m 2,67s@boss0,63m/oyuncu2,72m 3,20s@boss0,84m/oyuncu2,72m; kalıp sonu: merkeze 1,80 m, başlangıçtan 1,20 m, kalıp simülasyonundan 0,00 m"
8-7,"Bulandırıcı Yükseliş","Kılıç","goz_bagi",1,1,1,1,1,1,1,1,1,1,"yerinde","yerinde",0.00,"",3.00,1.35,0.20,0.20,0.67,0.00,0.00,"","hasarsız skill (base_damage 0): etki hareketin kendisi; vuruş 1: 0,60s@boss0,28m/oyuncu3,28m; kalıp sonu: merkeze 3,00 m, başlangıçtan 0,00 m, kalıp simülasyonundan 0,00 m"
8-8,"Yükselen Yükseliş","Kılıç","buyuten_kemer",1,1,1,1,1,1,1,1,1,1,"yerinde","yerinde",0.00,"",3.00,1.35,0.47,0.42,0.87,0.00,0.00,"","hasarsız skill (base_damage 0): etki hareketin kendisi; vuruş 1: 0,67s@boss5,04m/oyuncu2,21m; kalıp sonu: merkeze 3,22 m, başlangıçtan 0,30 m, kalıp simülasyonundan 0,00 m, kalıp hedefi AllyDummy"
8-9,"Odaklı Yükseliş","Kılıç","gudumlu_top",1,1,1,1,1,1,1,1,1,1,"yerinde","yerinde",0.00,"",3.00,1.35,0.47,0.56,0.95,0.00,0.00,"","hasarsız skill (base_damage 0): etki hareketin kendisi; vuruş 1: 0,82s@boss6,98m/oyuncu4,53m; kalıp sonu: merkeze 3,00 m, başlangıçtan 0,00 m, kalıp simülasyonundan 0,00 m, kalıp hedefi AllyDummy"
8-10,"Aynalı Yükseliş","Kılıç","ters_es",1,1,1,1,1,1,1,1,1,1,"yerinde","yerinde",0.00,"",3.00,1.35,0.46,0.44,0.93,0.00,0.00,"","hasarsız skill (base_damage 0): etki hareketin kendisi; vuruş 2: 0,60s@boss2,60m/oyuncu0,40m 0,80s@boss0,00m/oyuncu3,00m; kalıp sonu: merkeze 3,00 m, başlangıçtan 0,00 m, kalıp simülasyonundan 0,00 m"
8-11,"Kopya Yükseliş","Kılıç","golge_ulak",1,1,1,1,1,1,1,1,1,1,"yan","yan",0.00,"",2.43,1.35,1.40,1.36,1.87,0.00,0.00,"1/3 kare koşu, ayak/gövde hız oranı 1,00","hasarsız skill (base_damage 0): etki hareketin kendisi; vuruş 2: 0,53s@boss3,26m/oyuncu0,35m 1,73s@boss3,05m/oyuncu1,46m; kalıp sonu: merkeze 2,43 m, başlangıçtan 1,41 m, kalıp simülasyonundan 0,00 m, kalıp hedefi AllyDummy"
8-12,"Akan Yükseliş","Kılıç","akinti_yolu",1,1,1,1,1,1,1,1,1,1,"geri","geri",0.00,"",3.00,1.35,1.00,0.94,1.46,0.00,0.00,"0/10 kare koşu","hasarsız skill (base_damage 0): etki hareketin kendisi; vuruş 1: 1,26s@boss6,27m/oyuncu2,38m; kalıp sonu: merkeze 4,11 m, başlangıçtan 1,40 m, kalıp simülasyonundan 0,00 m, kalıp hedefi AllyDummy"
9-7,"Bulandırıcı Arınma","Kılıç","sis_ortusu",1,1,1,1,1,1,1,1,1,1,"yerinde","yerinde",0.00,"oyuncu +32000 can",3.00,1.35,0.33,0.30,0.73,0.00,0.00,"","vuruş 1: 0,53s@boss0,00m/oyuncu3,00m; kalıp sonu: merkeze 3,00 m, başlangıçtan 0,00 m, kalıp simülasyonundan 0,00 m"
9-8,"Yükselen Arınma","Kılıç","isik_sutunu",1,1,1,1,1,1,1,1,1,1,"yerinde","yerinde",0.00,"oyuncu +32000 can",3.00,1.35,0.53,0.48,0.93,0.00,0.00,"","vuruş 1: 0,73s@boss3,06m/oyuncu0,00m; kalıp sonu: merkeze 3,07 m, başlangıçtan 0,10 m, kalıp simülasyonundan 0,00 m, kalıp hedefi AllyDummy"
9-9,"Odaklı Arınma","Kılıç","mermi_sondur",1,1,1,1,1,1,1,1,1,1,"yerinde","yerinde",0.00,"oyuncu +32000 can",3.00,1.35,0.40,0.38,0.80,0.00,0.00,"","vuruş 1: 0,67s@boss6,98m/oyuncu4,53m; kalıp sonu: merkeze 3,00 m, başlangıçtan 0,00 m, kalıp simülasyonundan 0,00 m, kalıp hedefi AllyDummy"
9-10,"Aynalı Arınma","Kılıç","yer_degistir",1,1,1,1,1,1,1,1,1,1,"arka","arka",0.00,"oyuncu +32000 can",1.50,1.35,0.40,0.34,0.80,0.00,0.00,"0/1 kare koşu","vuruş 1: 0,67s@boss0,31m/oyuncu1,19m; kalıp sonu: merkeze 1,50 m, başlangıçtan 4,50 m, kalıp simülasyonundan 0,00 m; tek karede 4,50 m sıçrama (sınır 2,56 m @ 69 ms, t=0,47, faz degis, blink tasarım gereği)"
9-11,"Kopya Arınma","Kılıç","yem_kopya",1,1,1,1,1,1,1,1,1,1,"yerinde","yerinde",0.00,"oyuncu +32000 can",3.00,1.35,0.27,0.24,0.67,0.00,0.00,"","vuruş 1: 0,47s@boss2,98m/oyuncu1,29m; kalıp sonu: merkeze 3,00 m, başlangıçtan 0,00 m, kalıp simülasyonundan 0,00 m"
9-12,"Akan Arınma","Kılıç","nabiz",1,1,1,1,1,1,1,1,1,1,"yerinde","yerinde",0.00,"oyuncu +24000 can, dost +12000 can",3.00,1.35,3.20,3.18,3.60,0.00,0.00,"","vuruş 3: 1,53s@boss3,00m/oyuncu0,00m 2,53s@boss3,00m/oyuncu0,00m 3,53s@boss3,00m/oyuncu0,00m; kalıp sonu: merkeze 3,00 m, başlangıçtan 0,00 m, kalıp simülasyonundan 0,00 m"
10-7,"Bulandırıcı Yansı","Kılıç","sahte_goruntu",1,1,1,1,1,1,1,1,1,1,"geri","geri",0.00,"boss:Blind",3.00,1.35,0.47,0.44,0.93,0.00,0.00,"2/3 kare koşu, ayak/gövde hız oranı 0,93","vuruş 3: 0,53s@boss3,06m/oyuncu1,37m 0,67s@boss3,06m/oyuncu1,37m 0,80s@boss3,67m/oyuncu0,00m; kalıp sonu: merkeze 3,90 m, başlangıçtan 0,90 m, kalıp simülasyonundan 0,00 m"
10-8,"Yükselen Yansı","Kılıç","yerden_buyuyen",1,1,1,1,1,1,1,1,1,1,"yerinde","yerinde",0.00,"",2.75,1.35,0.47,0.42,0.93,0.00,0.00,"","hasarsız skill (base_damage 0): etki hareketin kendisi; vuruş 1: 0,73s@boss0,00m/oyuncu2,80m; kalıp sonu: merkeze 2,75 m, başlangıçtan 0,25 m, kalıp simülasyonundan 0,00 m"
10-9,"Odaklı Yansı","Kılıç","koruyucu_isaret",1,1,1,1,1,1,1,1,1,1,"ön","ön",0.00,"",2.10,1.35,0.33,0.32,0.74,0.00,0.00,"0/3 kare koşu","hasarsız skill (base_damage 0): etki hareketin kendisi; vuruş 1: 0,60s@boss1,97m/oyuncu0,35m; kalıp sonu: merkeze 2,10 m, başlangıçtan 0,90 m, kalıp simülasyonundan 0,00 m"
11-7,"Bulandırıcı Çağrı","Kılıç","sirt_saplama",1,1,1,1,1,1,1,1,1,1,"yerinde","yerinde",0.00,"boss:Blind",2.85,1.35,0.47,0.44,0.93,0.00,0.00,"","vuruş 1: 0,80s@boss0,00m/oyuncu2,85m; kalıp sonu: merkeze 2,85 m, başlangıçtan 0,15 m, kalıp simülasyonundan 0,00 m"
11-8,"Yükselen Çağrı","Kılıç","dostu_yerden",1,1,1,1,1,1,1,1,1,1,"yan","yan",0.00,"",2.47,1.35,0.93,0.90,1.40,0.00,0.00,"0/10 kare koşu","hasarsız skill (base_damage 0): etki hareketin kendisi; vuruş 1: 1,20s@boss2,37m/oyuncu0,95m; kalıp sonu: merkeze 2,52 m, başlangıçtan 1,11 m, kalıp simülasyonundan 0,00 m"
11-9,"Odaklı Çağrı","Kılıç","pesinden_av",1,1,1,1,1,1,1,1,1,1,"ön","ön",0.00,"",1.90,1.35,2.41,2.46,2.95,0.00,0.00,"0/1 kare koşu","hasarsız skill (base_damage 0): etki hareketin kendisi; vuruş 1: 2,82s@boss0,00m/oyuncu1,90m; kalıp sonu: merkeze 1,90 m, başlangıçtan 1,10 m, kalıp simülasyonundan 0,00 m"
12-7,"Bulandırıcı Zaman","Kılıç","kum_saati",1,1,1,1,1,1,1,1,1,1,"yerinde","yerinde",0.00,"boss:Blind+Slow, boss hız x0,70",3.00,1.35,0.67,0.62,1.13,0.00,0.00,"","vuruş 1: 0,60s@boss0,28m/oyuncu3,28m; kalıp sonu: merkeze 3,00 m, başlangıçtan 0,00 m, kalıp simülasyonundan 0,00 m"
12-8,"Yükselen Zaman","Kılıç","isik_sutunu",1,1,1,1,1,1,1,1,1,1,"yerinde","yerinde",0.00,"oyuncu:Haste, oyuncu hız x1,50",2.90,1.35,0.53,0.48,0.93,0.00,0.00,"","vuruş 1: 0,73s@boss2,92m/oyuncu0,00m; kalıp sonu: merkeze 2,90 m, başlangıçtan 0,10 m, kalıp simülasyonundan 0,00 m"
12-9,"Odaklı Zaman","Kılıç","isaret_patlamasi",1,1,1,1,1,1,1,1,1,1,"yerinde","yerinde",0.00,"boss:Slow, boss hız x0,70",3.00,1.35,1.93,1.92,2.40,0.00,0.00,"","vuruş 1: 2,26s@boss0,00m/oyuncu3,00m; kalıp sonu: merkeze 3,00 m, başlangıçtan 0,00 m, kalıp simülasyonundan 0,00 m"
