# mountainside (Poly Haven, CC0) decimated 153472->4999 tris for mobile; origin = base centre
v 2.4550 8.7865 -0.3580
v -3.6083 8.9142 -0.9680
v -3.5027 3.6121 0.7395
v -3.7625 4.1188 1.0969
v -3.9348 4.2027 1.3975
v -4.2328 4.0333 1.5192
v -4.4218 4.0688 1.5124
v -4.2545 3.9176 1.4498
v -5.0795 3.0136 0.8139
v -3.5367 9.3939 -2.4323
v -4.0659 1.0195 0.1632
v -3.6588 8.0502 -1.1447
v -3.8046 7.9581 -0.6156
v -4.1760 7.9648 -0.7559
v -4.0609 8.0466 -1.0551
v -3.6642 7.6368 -0.5687
v -3.9785 7.6436 -0.8931
v -3.8469 7.7648 -0.4968
v -3.3336 9.5495 -2.0651
v 1.0842 7.4052 0.7192
v 0.6086 7.8417 1.0177
v 0.8393 7.9011 0.9604
v -4.7641 4.2761 1.0909
v -4.9628 4.2752 1.2164
v -3.2724 4.4623 1.4859
v -1.9610 4.4233 1.6359
v -1.2845 3.6274 1.6233
v 0.1715 6.1991 1.9426
v 2.1001 5.7307 0.9395
v 3.5671 3.6278 0.2208
v 2.1207 4.9837 0.9505
v 2.1299 4.8972 0.7166
v 2.6064 5.1276 0.8320
v 2.1799 1.5001 1.4069
v 2.5802 1.1134 1.3131
v 2.6083 1.0119 1.0967
v 2.6148 1.3556 1.6649
v 2.5280 1.2702 1.6267
v 2.6440 0.9599 1.4635
v 0.3935 1.9376 1.5068
v 0.2079 1.6689 1.3584
v 0.3346 1.7815 1.4411
v 0.4007 1.6731 1.3823
v 2.0163 8.3131 0.2413
v -0.4747 0.6095 1.0414
v -0.3527 0.9333 1.0728
v -0.2363 0.3897 1.3295
v -2.6508 8.1119 0.5335
v -2.4007 8.0353 1.0155
v -3.5028 8.7066 -2.6041
v -3.9676 8.4849 -2.0466
v -3.7881 8.1903 -1.6489
v -3.5120 8.7773 -0.8009
v -3.4244 8.6189 -1.0334
v -3.1199 9.2957 -1.0384
v -2.8816 9.5280 -0.9932
v -4.2119 5.4693 0.1736
v -3.4092 6.8686 -0.0252
v -3.3276 7.3539 0.2335
v -3.2641 6.8985 0.0431
v 2.7440 0.2363 1.0276
v 3.0611 9.1757 -1.2344
v -0.1253 7.9001 1.9605
v 0.2482 3.7871 1.7846
v 0.6673 8.0926 1.0460
v 3.5556 2.6339 1.0814
v -0.4730 2.5692 1.5829
v 1.1793 5.8629 1.3286
v 0.6596 5.2502 1.2172
v -3.4447 2.2737 0.5293
v -0.5188 5.8992 2.3573
v -0.9157 5.3853 1.7375
v -1.9341 5.6484 1.9521
v -2.8890 1.3429 0.6860
v 1.9844 5.0611 0.8610
v -0.4417 9.3654 0.5873
v -0.7403 8.8052 1.5195
v -2.6875 6.8873 1.6759
v -2.2775 7.7713 1.8323
v 4.6929 0.7497 0.7805
v -2.7140 1.4669 0.8534
v 3.0142 0.2308 1.0701
v 3.2016 4.6226 0.2388
v 3.3453 0.6449 1.4140
v 3.3983 2.3290 1.2885
v 2.7835 2.8652 1.0972
v -0.3241 4.5999 1.3581
v 5.0325 3.2430 -0.6980
v -0.6588 8.3591 1.8186
v 0.7301 6.9339 1.4219
v -0.0993 1.8834 0.9895
v 4.6389 8.2818 -1.6348
v 4.2708 9.8808 -2.4355
v -2.1722 8.7623 1.2074
v -2.6987 8.4678 0.2317
v -3.1062 9.1894 0.1586
v -4.1405 3.6882 1.0274
v -2.7194 6.8165 1.3377
v -3.8956 6.8830 -0.1577
v -0.6547 7.3755 1.7754
v -3.9222 0.5192 0.6526
v -3.7216 1.5611 0.2656
v 3.5543 2.4950 1.0240
v 2.7851 9.6251 -1.2092
v -3.8070 2.1964 0.3932
v -2.1258 2.7343 0.3936
v -0.0971 0.6923 1.2494
v 0.2576 0.7278 1.5842
v 2.5863 1.0076 1.4319
v -3.5561 6.9105 0.0790
v -1.9145 8.8612 1.2431
v 1.4933 4.1481 0.7830
v 1.3712 4.5071 0.5764
v -0.4247 5.6195 2.0071
v -2.4973 5.1857 1.6813
v -1.1726 8.3588 2.1651
v 3.6397 4.9989 -0.2275
v 4.3287 4.8229 -0.6780
v 4.4623 3.1804 -0.0069
v 4.6802 2.2190 0.5326
v -0.4525 6.4158 2.2741
v 0.3231 7.0337 2.3188
v 0.3630 7.4665 1.4474
v -0.1623 7.7707 1.8180
v -0.0187 7.3435 1.8569
v -1.3503 8.7543 1.8051
v -0.9953 8.7036 1.5823
v 2.6772 8.8609 -0.3064
v 3.8114 4.6252 -0.0984
v 1.1771 6.6997 1.4527
v -3.0433 1.9582 0.5331
v -2.5501 10.4210 -0.9346
v -3.6338 6.2511 0.7429
v 0.6325 10.2233 0.1405
v -3.4055 0.9855 0.7327
v 2.8831 6.4586 -0.1133
v 3.9488 0.3153 0.9862
v 1.8893 0.4720 1.2752
v -0.3138 0.0587 1.4847
v -3.6757 7.1546 -0.4593
v -2.5102 7.9633 1.0224
v -3.6013 8.7796 -1.1808
v -2.9848 9.6763 -1.2085
v -3.0373 7.7450 0.4152
v -4.0883 7.8744 -0.5893
v -3.2892 7.9461 -1.0112
v -3.7205 8.1172 -1.2461
v -3.9032 7.8356 -1.2496
v -4.1086 7.6271 -1.1625
v -1.0757 9.4217 0.7585
v 0.8419 9.2091 0.4279
v -3.0970 9.0475 -0.5518
v 1.4212 9.7706 0.0341
v 3.8537 9.8541 -2.2038
v 2.2037 8.7700 -0.1047
v -0.2216 3.0843 1.5350
v -0.8353 5.6992 1.7117
v -1.5192 5.3186 1.7950
v -2.8274 6.3401 1.7493
v -1.5121 6.4772 2.2241
v -0.4562 7.7785 1.8483
v -1.6925 3.4362 1.1333
v -4.6900 4.5508 1.4135
v 0.1876 2.1436 1.7363
v 3.3030 1.0266 1.2995
v -1.7571 2.7801 1.1004
v -3.0394 0.9474 0.8561
v -3.4611 2.1003 0.3953
v -3.0077 4.6055 1.7711
v -0.8033 5.3609 1.6598
v -0.6232 5.9318 2.3352
v 1.4318 5.3084 1.5896
v -1.6180 4.7294 1.9408
v -1.6994 4.7500 1.8046
v -1.7770 4.3954 1.9294
v 2.1409 9.2485 -0.5800
v 1.1759 9.6729 0.3580
v -2.4632 8.2833 0.1092
v -3.9470 7.6065 -1.0396
v 1.9168 0.7249 1.5175
v 1.4504 1.9486 1.9477
v -0.5277 3.6029 2.1091
v -0.6421 5.3377 1.2796
v 1.8232 6.3115 1.1992
v 2.9074 6.2149 -0.5909
v -0.1675 8.3340 1.5503
v 0.9856 2.4195 1.4123
v 5.0175 7.8784 -1.4231
v 3.4288 1.9354 1.5257
v -1.1768 2.4563 1.4403
v -2.9542 2.7251 0.1551
v 3.5621 4.6049 0.1371
v 2.9658 6.5191 -0.3338
v 3.7610 2.5173 0.9122
v -2.8689 2.2961 0.1908
v -4.7617 2.6630 1.1319
v -4.5696 2.6650 1.0506
v -4.5058 2.4749 0.8658
v -2.1593 1.3852 1.1856
v -2.6280 7.7269 1.3569
v -4.2699 5.2582 1.2101
v -5.0586 2.0217 0.7287
v -3.4461 9.0106 -2.5711
v -1.4339 9.0667 1.2834
v -0.0415 10.4544 -0.0792
v -0.8905 9.7791 0.5382
v 0.5300 9.8016 0.3478
v 4.3118 9.2182 -1.8191
v 2.3612 7.8229 -0.0501
v 1.0774 5.6522 1.7750
v 0.8651 0.9974 1.6759
v -0.2214 6.0464 2.0907
v -1.3927 5.9464 2.0189
v -1.2513 6.2026 2.2885
v -1.6287 6.0546 2.0452
v 2.1936 6.5534 0.5008
v 2.0361 5.5078 1.0454
v 0.6238 2.0223 1.6521
v -0.0600 6.5740 2.4656
v -0.4907 6.7394 2.5211
v -0.4782 6.5072 2.3398
v 0.3423 6.0719 1.6692
v 1.1510 5.2365 1.7840
v -1.9584 4.9621 2.1392
v -1.1989 7.9333 1.7711
v 3.0741 0.9129 1.4752
v 2.6016 3.3686 0.9789
v -3.5251 3.8266 0.8171
v 0.9632 4.2565 0.9612
v 4.9799 4.1072 -0.9166
v 3.5331 3.9905 0.6273
v 2.8128 5.0905 0.3930
v 4.0147 1.1965 1.0522
v 3.5865 5.5919 -0.7847
v 3.6083 6.9335 -0.8126
v 4.7320 6.8339 -1.0886
v 2.4187 6.4029 0.3690
v -0.6020 8.3473 1.6022
v -1.1436 6.8908 2.2819
v -2.7873 3.1896 0.1903
v -2.6346 0.9098 1.2765
v -2.5378 0.8289 1.1996
v -0.3411 3.1616 1.9673
v 1.7585 3.7746 0.9545
v 1.9031 3.4421 1.2277
v 1.6943 7.7218 0.4253
v 2.8382 7.5268 -0.1373
v 4.5762 8.1264 -1.6470
v 2.2442 9.1126 -0.3974
v 2.5227 9.0458 -0.3438
v 4.4350 9.8787 -2.3589
v 1.1040 7.6492 0.9392
v 0.6854 9.8090 0.4070
v 0.2381 9.8251 0.1317
v 0.2228 10.3733 -0.0206
v -1.6437 9.2382 1.0962
v -1.6507 8.9147 1.4826
v -3.1104 9.9591 -1.2107
v -2.3939 0.0725 1.1878
v -2.9260 7.4941 0.8313
v 1.5669 5.9002 1.3069
v -0.5689 7.2703 2.0418
v -4.4660 1.6231 0.6746
v -3.3438 1.4141 0.3152
v 3.7511 2.6943 0.5392
v -3.7032 2.4605 0.2781
v -3.6354 2.7019 0.5129
v 3.2179 2.8532 0.8885
v 3.5901 0.5857 1.4198
v -0.2873 0.9796 1.3643
v -0.1697 1.2352 1.4930
v 3.2296 8.2206 -0.2539
v 2.9893 6.9629 -0.7653
v 3.2574 3.0807 0.3855
v 2.9447 3.1951 0.7027
v 2.9090 5.2492 0.2407
v 3.3401 0.2219 1.1334
v 3.4871 0.2557 1.1178
v -3.5188 1.0656 0.5298
v 4.9448 2.3059 -0.1874
v -4.8459 2.4023 0.9659
v -1.7500 1.5010 1.0814
v 2.0818 1.4418 1.2772
v -4.1192 1.7219 0.4707
v -3.9332 0.6951 0.2057
v -0.0284 1.4902 1.4341
v 3.6613 1.6756 1.4469
v -2.4759 1.1018 1.2920
v -0.9847 1.1771 1.1644
v -0.6903 1.3583 1.2692
v -0.4962 1.3913 1.3941
v 1.5458 1.7600 1.6436
v 3.0970 0.4984 1.3060
v 1.3519 0.3413 1.4334
v -4.6208 0.5550 0.7188
v 4.0008 0.5789 0.7678
v 4.7658 0.6696 0.7285
v -1.6707 0.1742 1.2204
v -1.9843 0.2644 1.0725
v 2.1074 0.1759 1.2783
v 2.4372 0.3177 1.0488
v -4.0121 0.0905 0.8329
v -0.8042 7.2559 2.1935
v -2.0709 7.9529 1.7532
v -3.4243 7.4266 0.6113
v -2.7670 4.0849 1.1955
v -3.4555 7.4736 -0.2242
v -3.1336 9.3597 -0.0820
v -1.9483 8.0667 1.7222
v -1.6750 7.5765 1.9140
v -3.7393 5.8746 0.6779
v -3.5131 5.6499 1.1828
v -3.6974 5.0727 1.4796
v -3.4661 6.7194 0.3689
v -2.3429 7.3382 1.4639
v -2.2281 7.3826 1.8599
v -3.5963 0.9195 0.7322
v -4.3606 2.9119 0.6932
v -3.4746 1.3098 0.2824
v -2.6777 8.4283 -0.2321
v -2.8428 8.6383 -0.2155
v -3.6759 8.6150 -2.1299
v -3.3345 7.6833 -0.3140
v -3.1291 9.8647 0.1371
v -2.5667 8.8023 0.7318
v -2.5561 8.4076 0.9585
v -1.8131 9.6557 0.6433
v -1.9899 9.8853 -0.2634
v -2.1199 8.4956 1.1642
v -1.8707 8.6175 1.5545
v 4.5179 8.9922 -1.7519
v -1.1889 9.5980 0.7388
v 1.0056 9.4703 0.2314
v 0.9108 9.6538 0.4324
v -0.3695 10.1468 0.2179
v 0.2669 9.8124 0.3762
v -0.1070 9.7797 0.2024
v 0.8608 8.4874 0.6817
v 0.3819 8.9864 0.7009
v -0.9807 9.5892 0.7803
v -0.6360 8.6488 1.7005
v 4.0325 9.5973 -2.1137
v 4.5405 9.1352 -1.8822
v 2.9943 10.1355 -1.9026
v 3.7069 9.2827 -1.6654
v 3.4998 9.4784 -1.7548
v 1.9614 9.5106 -0.4906
v 2.2447 9.4725 -0.8493
v 2.2052 8.6264 -0.0405
v 1.4006 8.8353 0.1828
v 4.1198 9.1153 -1.7638
v 3.7328 8.5609 -1.2077
v 2.3599 7.9991 0.4245
v 1.1468 8.6520 0.1622
v 4.3244 7.7242 -1.4042
v 2.5821 7.6179 -0.2275
v 2.0378 0.7616 1.4650
v 1.3041 3.4971 1.6517
v 1.9143 4.8997 0.7562
v 1.8967 6.3798 0.6590
v -0.7846 4.1739 1.9445
v -0.3774 5.6106 1.6909
v 1.4572 5.4168 1.2633
v 0.5333 6.5343 1.7454
v -2.7258 5.0520 1.9428
v -3.9778 8.0845 -0.8821
v -2.2230 0.6612 1.3366
v -2.0542 0.4986 1.4893
v -1.6038 0.9210 1.2670
v -2.3240 1.6760 0.7031
v -2.6749 3.0866 0.2747
v -2.0414 2.9794 0.6569
v -3.3320 3.0380 -0.0315
v -3.4926 2.6820 0.3250
v -2.5880 3.2305 0.5935
v -2.2612 3.6899 1.1929
v -2.2288 7.2213 1.8407
v -1.6220 6.6509 1.9871
v -0.7752 8.4893 1.8195
v -3.2175 6.8843 1.1262
v -0.5153 7.5300 1.6775
v -0.5375 7.8972 1.7454
v -0.8216 8.7370 1.5318
v -0.4599 8.1618 1.6598
v -3.9612 5.6069 0.2694
v 0.7137 6.7487 1.6993
v 0.9204 6.5028 1.7037
v 0.9450 6.7554 1.4907
v -0.1417 6.9505 1.8289
v 0.5362 6.8458 1.9246
v 2.0732 6.3086 0.5159
v 1.1914 6.9717 0.9825
v 4.0666 6.6257 -1.1011
v 5.0221 6.5901 -1.2115
v 2.5078 7.0491 0.1345
v 3.0735 5.9120 -0.4478
v 3.7376 5.5230 -0.6360
v -4.0766 3.9302 1.4476
v 4.0198 5.2804 -0.6337
v 3.7660 3.8658 0.5307
v 2.8234 4.7669 0.6698
v 4.6605 5.3164 -0.8661
v -3.1915 8.1865 -0.8050
v 2.4262 4.8040 0.6872
v 0.2888 5.4120 0.6947
v 0.9134 5.1310 0.9324
v 2.5618 4.4688 0.6648
v -2.9604 9.0670 0.0607
v -2.8915 7.9149 0.2416
v 4.6953 3.9761 -0.2986
v -3.4936 4.3494 1.5885
v -4.4106 3.2021 0.3997
v 2.4098 2.9935 1.4189
v 2.5795 3.0342 1.1853
v -1.6003 3.2349 1.0975
v 4.2683 2.2084 0.6943
v 4.5233 2.3016 0.6846
v 0.8726 1.9109 1.8009
v -3.9047 1.7283 0.3746
v -1.0330 0.8011 1.3375
v -1.4101 4.0923 1.9754
v 0.1524 7.8712 1.3210
v 0.1131 6.4548 2.0073
v -1.2625 0.8042 1.2148
v -1.5824 2.7896 1.3144
v -1.3869 5.3788 1.9613
v 0.2175 6.2353 2.0172
v -0.3332 6.9000 2.5148
v 0.0827 6.2481 2.4603
v -0.2615 6.7229 2.3786
v -0.6343 7.0814 2.2648
v 0.9112 5.7261 1.9236
v -4.7865 4.5348 1.3263
v 0.9553 5.1647 1.4752
v 1.1631 5.1299 1.6081
v 0.0811 7.1500 1.7306
v 0.4543 7.3417 1.4610
v -0.1847 7.1272 1.6764
v -0.2090 7.5775 1.7048
v -1.7005 5.1561 1.9152
v -0.9356 8.4264 1.6017
v -1.1485 8.4987 1.7798
v -1.4738 8.6098 1.8009
v -1.3547 8.6115 1.7358
v -1.6008 8.5786 1.6342
v -1.3639 8.8836 1.6260
v -1.2682 9.0340 1.3532
v 2.6008 2.3710 1.6101
v -1.3479 6.7761 2.0885
v 1.8343 5.2037 1.1527
v 4.9524 8.2678 -1.5299
v 1.7252 8.5692 -0.0483
v 2.4034 9.0480 -0.3533
v 3.4331 9.9845 -2.1774
v 3.3207 3.5920 0.3501
v -4.5335 4.1237 1.2173
v -3.4045 9.6830 -2.0942
v 2.4230 6.2788 0.0617
v 4.3478 9.4395 -1.8627
v 4.2213 2.6680 0.3592
v -4.4797 2.7973 0.8740
v -1.8525 4.8745 2.1678
v 4.3546 1.2874 0.8802
v 4.2247 0.5890 0.5724
v 0.7726 0.2397 1.6007
v -3.4326 4.9810 1.8093
v -4.7465 4.9495 1.2640
v -4.7004 2.1018 1.0793
v -3.7738 0.6917 0.4746
v -4.6312 2.8260 0.8238
v -3.4873 8.2689 -1.0716
v -3.0847 8.8079 0.2241
v -2.6570 8.3199 0.8425
v 0.0081 9.6873 0.3123
v -0.7590 9.0626 0.9549
v 0.9751 7.7581 1.0409
v 1.3647 6.8372 0.9328
v -3.6061 3.0614 0.1761
v 4.5009 1.2440 0.9164
v 2.1247 6.0478 0.5549
v 4.8599 3.4665 -0.6970
v 5.0289 3.7952 -0.7142
v -3.8289 3.8621 0.9649
v 2.4688 3.6710 0.9946
v 0.2362 3.3446 2.0470
v 2.6896 1.9267 1.7948
v 0.5134 6.0469 1.8032
v 3.3738 3.9794 0.7434
v 4.4339 0.3862 0.5027
v 3.2872 1.1509 1.3670
v 1.0111 0.2017 1.5229
v 2.6304 0.1582 1.1152
v 3.6277 3.2709 0.2205
v 1.2716 4.2687 0.7993
v 4.4160 3.3137 0.1252
v 3.8141 5.3555 -0.7528
v -0.8628 7.0297 2.2020
v -1.9215 7.6255 1.9481
v -2.3345 6.0388 1.8907
v -1.8977 6.6267 2.0322
v -1.4676 4.6164 1.9300
v -1.8370 4.4731 1.7930
v -0.0473 2.3930 1.8627
v 0.2189 5.4445 1.4392
v 0.2101 2.0502 1.3573
v 2.0606 2.1833 1.7427
v 2.0659 7.8492 -0.1151
v 4.1255 8.2641 -1.5498
v 1.4470 9.6428 0.2321
v 4.8936 8.7981 -2.0648
v -0.1404 9.5710 0.4559
v -0.2264 10.1403 0.1606
v -1.7532 8.7397 1.6758
v -1.3454 9.6405 0.8495
v -3.6266 7.4102 -0.7174
v -3.0973 9.0467 -0.1558
v -2.8585 9.5237 -0.2866
v -3.2866 8.8617 -0.9155
v -3.7729 4.3637 1.6214
v -2.0958 7.7875 1.7582
v -3.7018 9.1882 -1.2023
v 4.7932 0.7108 0.7864
v 4.0274 1.0294 1.3232
v 3.9013 0.9146 1.2619
v -0.4915 8.1373 1.6235
v -4.0773 0.5251 0.3362
v 0.1520 0.6941 1.3899
v -2.3660 1.6020 0.8349
v -4.2058 1.6505 0.5784
v -4.7680 2.7874 0.9523
v -4.8418 2.9353 0.7284
v 2.2318 2.9510 1.4148
v 3.6287 2.3376 1.3240
v 3.0481 0.2231 1.0702
v 3.2996 0.3583 1.2207
v 2.9906 9.7899 -1.4915
v 0.9522 0.4846 1.3419
v -1.1390 0.4120 1.4697
v 0.5694 0.0911 1.5452
v 1.9562 2.3025 1.5514
v -0.3389 3.4087 2.1715
v -4.8717 2.7353 0.9385
v -2.8476 4.6323 1.6970
v 1.0851 4.0062 1.3994
v -0.2557 5.2535 1.1565
v -0.4144 5.2501 1.1652
v -0.0709 5.6969 1.8106
v 1.0252 4.9781 0.3297
v 4.0113 3.6467 0.3687
v 3.7722 0.6883 0.9859
v 5.0990 7.1578 -1.0645
v -2.0654 6.4813 2.0445
v -2.6972 3.4865 0.8115
v -3.1245 5.8027 1.6326
v 0.7232 1.4251 1.6674
v 0.7844 4.3208 1.0572
v 1.1359 6.5828 1.6632
v -3.5267 9.2839 -1.1784
v 1.3337 0.2021 1.5422
v 2.8308 7.5786 0.0130
v 2.3710 8.5898 -0.2541
v 3.8991 8.7427 -1.5148
v 2.6036 9.2423 -0.7182
v 4.0726 9.9738 -2.3292
v 0.6010 9.8966 0.4523
v -0.9072 10.2893 -0.5074
v -3.5588 8.0003 -1.0608
v -2.9252 9.3920 -0.8208
v -3.5474 8.4738 -1.2884
v -3.3364 10.0878 -2.0624
v -3.5265 6.6508 0.5817
v -3.6728 6.0663 0.6298
v -4.5801 0.6185 0.5866
v 1.9977 1.8321 1.8188
v 1.9381 1.6667 1.6868
v -0.4859 1.5995 1.1559
v 4.7842 1.8015 0.8791
v 0.7404 1.8302 1.7447
v -0.0375 2.3114 1.8709
v 2.8869 9.6265 -1.4622
v 3.1500 5.0749 0.1523
v 3.0739 3.7543 0.5540
v 3.1033 2.2421 1.5764
v 3.1503 1.8943 1.7868
v 2.9795 5.4138 -0.0785
v 2.9786 7.5122 -0.6110
v 3.2551 8.2516 -0.4112
v 2.5540 9.8239 -1.1608
v 3.2620 2.4950 1.3836
v -4.2116 2.4770 0.6028
v 4.6695 2.8082 -0.0820
v 4.4823 2.5026 0.2617
v 1.5099 2.9323 1.7899
v -4.8030 2.5424 0.9073
v 2.5159 1.5242 1.6559
v 0.6379 1.3478 1.5931
v -2.1754 0.9875 1.1866
v 1.6849 1.7290 1.4620
v 1.8350 0.1905 1.4030
v 4.1787 0.4025 0.6220
v 2.1247 8.1502 0.3630
v -0.7428 7.3351 2.2619
v -3.9302 6.0159 0.1098
v -2.9101 6.3774 1.5866
v -4.3753 2.1069 1.0269
v -4.3131 1.8924 0.8187
v -2.9396 9.3874 0.3607
v -3.1179 7.9491 -0.7381
v -2.4368 8.9562 1.1379
v -2.1764 9.2510 0.6872
v -2.0871 8.7737 1.3799
v -1.7370 9.2734 1.0910
v -1.3673 9.2838 1.2417
v -1.2075 9.9040 0.1982
v -0.4972 9.6275 0.6636
v 1.1005 8.0200 0.8558
v 0.1601 8.5794 1.1124
v 0.1235 8.0067 1.5322
v -0.2492 8.9662 1.2488
v -0.3357 8.6683 1.2272
v -0.5909 8.7874 1.2259
v 4.0285 9.9220 -2.3711
v 3.4581 9.7282 -1.8581
v 1.9096 9.7821 -0.7213
v 2.3129 8.6216 -0.1289
v 2.4594 8.9591 -0.2942
v 1.5281 8.7229 -0.0133
v 1.4878 8.8015 0.2122
v 1.8414 5.3295 1.1049
v 1.8761 6.8468 0.2993
v -0.6724 4.0101 2.0446
v -0.5209 5.6565 1.2298
v 0.5533 7.5663 1.1499
v 0.4318 6.3502 1.7095
v 0.5225 6.7255 1.7472
v -2.3650 5.1552 1.7123
v -1.4893 4.8091 1.8441
v -2.2294 1.8424 0.6375
v -2.7185 1.7683 0.5625
v -3.3355 3.8819 1.0922
v -2.5411 6.4092 1.6395
v -2.4202 6.2662 1.8330
v -2.5380 6.0635 1.9204
v -0.9269 6.8157 2.2822
v -1.9011 6.0772 1.9993
v -2.1392 5.6962 1.9983
v -1.4052 7.9885 1.6354
v 0.9742 7.1608 1.1651
v 2.3244 6.5912 0.4120
v 3.0751 6.7806 -0.7997
v 3.7362 6.8668 -0.9124
v 4.5499 5.8127 -1.1694
v 3.7511 3.0598 0.2002
v 0.4475 5.2238 0.4341
v 0.1421 5.4204 0.9632
v -1.5560 4.6542 1.8497
v 4.9105 3.6173 -0.3980
v -3.3105 3.7627 0.7692
v 4.6684 3.3870 -0.3603
v -1.4264 3.4212 1.2531
v -1.4717 3.1339 0.9504
v -3.7410 1.8426 0.3905
v -1.5325 0.0973 1.6548
v -1.1323 5.4901 1.8114
v -1.2025 0.6172 1.3728
v -1.1979 5.0815 2.0855
v -0.3114 6.1449 2.1795
v -1.1038 2.0195 1.1495
v -1.2237 4.1653 1.9427
v -1.0348 6.1286 2.3352
v -1.4043 1.4413 1.1877
v -0.2419 6.7884 2.6041
v -0.3982 6.6657 2.5817
v 0.7583 5.6507 1.6543
v 1.3443 5.0987 1.5953
v 0.3017 5.3235 1.2816
v -3.1908 9.1838 -0.2319
v 0.3545 6.9380 2.1807
v -0.0950 7.9930 1.6841
v -1.8131 5.0524 2.0879
v -1.0402 8.3267 2.1301
v -1.2593 9.1499 1.5859
v -2.9446 9.9012 -0.9361
v 1.1727 1.1569 1.7112
v -2.8782 0.6101 1.0080
v 2.7038 2.1777 1.8340
v 2.5224 2.2410 1.6887
v -3.7003 1.9413 0.6454
v -3.3319 9.6893 -1.3865
v 0.9053 1.9752 1.4381
v 4.8081 2.2795 0.1393
v 4.9484 2.0576 0.1498
v -1.1265 3.4125 1.5724
v -3.8003 3.0539 0.2950
v 0.5431 3.2215 2.1681
v 2.7048 4.0393 0.6039
v 2.8033 4.2406 0.6951
v -3.4562 4.0652 1.3658
v 0.8491 4.0008 1.4928
v 0.8977 4.1278 1.0830
v 0.6662 4.0791 1.2976
v -1.0392 4.2741 2.0595
v 1.2396 5.0556 0.8995
v 2.5648 5.3415 0.8192
v 4.5018 5.0120 -0.8931
v 3.1238 4.3097 0.5468
v 3.2712 4.3943 0.6411
v 4.4809 4.3167 -0.3723
v 3.9042 4.1582 0.2634
v 4.1721 3.1889 0.2226
v 3.8346 3.1725 0.3041
v 3.9107 2.2316 1.0933
v 4.2092 1.3120 1.0820
v 1.2710 7.2074 0.5737
v 1.0150 7.2815 0.8001
v 0.2240 7.4022 1.8380
v 1.1597 6.8085 1.3930
v -0.7374 7.7341 1.9551
v -1.9839 6.3112 2.1286
v -1.4175 6.0727 2.3440
v -1.4718 6.2442 2.2539
v -2.5129 6.5536 1.8572
v -1.6954 7.1804 1.9046
v -1.4902 7.3212 2.1118
v -1.9103 3.1012 1.1840
v -2.7610 1.9071 0.4974
v -3.0107 2.0848 0.5653
v -1.8348 5.3426 1.8289
v -2.6113 5.2788 1.6906
v 0.7987 7.3667 1.0316
v -0.3555 4.4077 1.7579
v -0.1387 3.2618 2.0532
v -0.4577 2.1094 1.4141
v 0.1329 1.0495 1.3691
v 1.9561 6.4674 0.5559
v 1.6598 6.6473 0.7034
v 1.7954 6.2082 1.1706
v 2.0114 6.1711 0.9335
v 1.8430 4.9563 1.1574
v 1.5429 4.7388 0.3679
v 1.4280 4.6087 0.4080
v 1.8341 3.9619 0.6696
v 1.6217 2.1945 1.9273
v 2.3955 1.1078 1.0894
v 3.7781 7.5333 -0.6110
v 3.8183 7.6408 -0.6910
v 1.9452 7.5957 0.3973
v 2.4552 7.7520 -0.0762
v 2.3872 7.6727 -0.1171
v 4.5264 7.5999 -1.2925
v 4.3609 7.4796 -1.0086
v 4.4503 8.0773 -1.5011
v 4.8929 8.1351 -1.7164
v 3.7932 8.2732 -1.1283
v 3.7126 8.0363 -0.7434
v 4.7078 9.2106 -1.8280
v 1.7138 8.9968 0.1992
v 2.2980 10.0177 -1.1479
v 1.9732 10.1238 -0.9585
v 4.6147 9.6634 -2.4572
v 0.7461 8.0468 1.2176
v -0.4971 9.1101 0.5106
v -0.1307 8.9983 0.4094
v 1.2630 7.4895 0.8485
v 0.6915 9.7125 0.4339
v 0.1439 9.7760 0.2272
v 0.3048 9.5022 0.2815
v 0.1537 10.3780 0.4994
v -0.3692 10.4627 -0.0137
v -1.5105 9.2678 1.1286
v -1.5851 8.9657 1.3784
v -1.5086 8.1350 1.5717
v -2.7816 8.7287 0.6382
v -2.7743 9.6313 -0.7845
v -3.4183 7.7371 -0.7456
v -3.2625 10.0598 -1.6972
v -2.8395 9.5902 -0.6052
v -4.3480 3.0365 0.7330
v -4.6645 3.2470 0.7245
v -4.1794 2.2352 0.8403
v -4.1710 1.2035 0.3557
v -2.8251 6.6862 1.3625
v -2.9202 6.7958 1.2697
v -2.8886 6.4809 1.3435
v -3.3863 5.5353 1.5745
v -3.3282 5.7803 1.4769
v -3.9231 5.5070 1.2342
v -4.1367 5.3463 1.2469
v -2.0254 8.1874 1.4463
v -2.8661 7.8533 0.4964
v -3.7859 7.3560 -0.7743
v -4.4043 3.9259 1.2687
v -3.3469 7.3525 -0.1297
v -2.7601 7.6307 0.8283
v -2.9250 7.5562 0.4338
v -3.2731 7.5235 0.3990
v 0.2873 6.3764 1.8187
v -1.5776 7.7224 1.6658
v -1.0382 7.4732 1.7635
v -0.3815 7.2212 1.9048
v -0.4279 7.0380 2.2456
v 0.9079 6.1191 1.4674
v 1.0447 6.0121 1.7924
v 2.1671 0.4091 1.3380
v 0.4452 0.3727 1.4214
v 0.4103 0.5298 1.2991
v 0.2456 0.4748 1.1343
v -1.6818 0.1902 1.6029
v 1.4315 0.4727 1.2721
v 2.9347 0.5281 1.0967
v 2.9482 0.4147 1.1748
v -2.0330 1.5554 1.0527
v 4.8872 1.9366 0.6854
v 1.0925 1.7492 1.6741
v 0.9445 1.8146 1.7120
v -3.6576 1.3594 0.2226
v 2.7563 1.5023 1.8840
v 2.6320 1.7113 1.7841
v -1.2618 1.4778 1.2494
v 1.9071 2.8029 1.6807
v 1.5391 2.7678 1.8069
v -2.7260 2.4197 0.1696
v 4.7537 2.7227 -0.3411
v -3.8286 2.6036 0.3521
v 2.6769 2.6270 1.3948
v 3.3197 2.8639 0.6340
v 3.4730 2.7433 0.9896
v 3.2619 1.7514 1.6462
v 3.2474 8.5924 -0.5101
v 3.1308 8.3755 -0.3135
v 3.1063 7.1502 -0.4917
v 3.2023 5.5854 -0.2046
v 3.2935 2.2781 1.4751
v 3.5181 3.1249 0.1264
v 3.1022 4.8696 0.3202
v 3.4805 0.9058 1.2418
v 3.6848 0.8111 1.1286
v 3.7182 4.5455 0.1396
v 2.7262 5.3876 0.2165
v 2.8938 4.3985 0.5738
v 2.8395 3.4541 0.6964
v 2.9978 2.8305 1.0053
v 3.3995 2.9468 0.3727
v 3.0019 2.3109 1.6881
v 2.9088 5.5498 -0.1308
v 2.6526 5.8029 0.0246
v 2.8728 7.0533 -0.2942
v 2.8324 6.6709 -0.1662
v 2.8890 6.8894 -0.4853
v 2.7760 6.1992 -0.3357
v 3.1508 7.2956 -0.5322
v 2.9802 7.6353 -0.6432
v 2.8284 9.2107 -0.6716
v 2.9798 8.6587 -0.2777
v 3.2227 8.9549 -0.5197
v 3.2188 8.8187 -0.3993
v 2.3989 9.9448 -1.3268
v 2.8409 9.4487 -0.9490
v 3.0891 1.6147 1.4484
v 3.1719 2.6013 1.2047
v 3.2436 2.7676 1.0782
v 2.9890 2.7131 1.1803
v 3.0814 2.6395 1.2689
v 3.2177 2.7524 1.5827
v 3.1734 2.5332 1.4944
v 3.4357 2.4847 1.2629
v 3.3454 2.6140 1.1421
v 2.2826 2.8297 1.4905
v 2.2521 2.4091 1.7213
v 2.0360 2.5024 1.7405
v -4.0869 2.4064 0.6202
v -3.6121 2.3052 0.4137
v 4.2335 2.7541 0.3230
v 4.1938 2.5225 0.5310
v 4.9708 2.5512 -0.4284
v -0.9497 7.1444 2.0707
v -3.0664 2.3517 0.1581
v -3.1479 2.1735 0.3794
v -3.0252 2.2233 0.2936
v -2.7043 2.0702 0.4725
v -2.8223 2.2367 0.3298
v -2.5060 2.3508 0.3394
v -2.5924 2.1474 0.4400
v -0.9072 2.9206 1.3959
v 1.3214 2.7606 1.9040
v 1.7392 2.5609 1.8200
v -4.6832 2.4391 0.9257
v 2.0863 1.5698 1.7375
v 2.8423 1.2661 1.3724
v -4.3267 1.4384 0.4889
v -3.9504 1.3972 0.3350
v -4.0951 1.6620 0.3269
v -4.5044 1.3412 0.3846
v 4.3056 1.5653 1.0136
v 4.8304 1.4171 0.7432
v -2.1717 0.1278 1.0183
v 3.6355 1.3562 1.4944
v -3.3303 1.3335 0.4963
v -3.1862 1.3025 0.6400
v -3.0355 1.1777 1.1491
v -2.8376 1.1421 1.2996
v -2.9004 1.2055 1.0963
v -3.0911 1.2614 1.0784
v -3.1219 1.1149 1.0064
v -2.5596 1.3113 1.2151
v -2.3297 1.1550 1.3588
v -0.8925 1.5655 1.0327
v -0.1702 1.3789 1.6388
v -0.1664 1.3467 1.7841
v 1.2117 1.8832 1.9827
v 1.8800 1.2798 1.5320
v -4.9098 1.7247 0.6285
v -4.8803 1.2557 0.3909
v 3.0966 0.2401 1.0757
v 1.1560 0.2014 1.5929
v -0.4513 0.1884 1.4058
v -0.3490 0.0315 1.6622
v -2.9456 0.0554 1.2912
v -3.3024 0.0112 1.0774
v -2.8076 0.4428 1.0136
v 4.7659 0.4237 0.7630
v 4.3935 0.3700 0.8508
v -2.1029 0.4163 1.2204
v 0.7590 0.4563 1.4157
v -0.0255 1.1619 1.3229
v 2.4169 0.1948 1.2909
v 2.8111 0.4120 1.2969
v -4.0443 0.3330 0.7757
v -3.3825 1.3744 0.3503
v 2.3142 5.4071 0.9027
v -1.1088 7.3465 2.2818
v -0.9378 7.3210 2.0382
v -1.0273 7.2870 2.3767
v -0.8331 7.4083 1.9511
v -1.4778 7.5455 1.8513
v 1.3790 5.9337 1.4564
v -2.7468 7.5276 1.0760
v -3.1650 7.5396 -0.1071
v -3.5114 8.9280 -0.8456
v -2.8451 7.7361 0.0735
v -3.0560 7.5742 0.1906
v -2.4215 8.2896 1.2242
v -1.5863 8.3106 1.4312
v -1.6919 7.8830 1.6948
v -3.8927 5.0083 1.6241
v -3.6437 5.4971 1.3183
v -3.4082 5.5699 1.3597
v -3.2490 5.0156 1.7626
v -4.1961 5.4328 0.6284
v -3.3572 7.1301 0.6762
v -2.5349 6.8752 1.6607
v -2.1097 6.9696 1.6901
v -2.3100 7.1653 1.3994
v -4.3093 0.9411 0.4508
v -3.7481 0.7262 0.8242
v -5.0522 2.2578 1.0221
v -5.0020 1.8050 0.5948
v -3.6363 9.3456 -1.5230
v -3.2956 9.8386 -2.1982
v -3.9839 8.0093 -1.1218
v -3.8759 7.9708 -1.2654
v -3.4309 9.2887 -2.0848
v -3.4116 9.4289 -2.1485
v -2.8560 10.1445 -1.3194
v -3.4086 7.8291 -0.6687
v -3.0302 7.6925 -0.2821
v -2.6580 8.5177 0.5548
v -2.2940 8.5257 0.6045
v -2.4223 9.1484 1.1372
v -2.1007 10.2588 -0.7506
v -2.7082 7.8617 -0.0878
v -2.7060 7.7848 -0.4404
v -2.5054 8.9786 0.8324
v -2.0742 9.6486 0.0357
v -1.9878 9.1756 0.9238
v -2.3201 8.8100 1.3110
v -1.6042 9.6272 0.9595
v -1.3977 9.5175 1.0123
v -1.1498 9.2374 1.1392
v -1.5050 9.8721 0.0615
v -1.1583 10.2710 -0.4807
v -1.8674 8.4623 1.5785
v 0.6619 10.3215 0.2693
v 0.7970 9.9663 0.2472
v 0.7894 9.7133 0.3847
v -0.6186 10.0911 0.1194
v -0.6065 9.9465 0.5711
v 0.2212 10.1168 0.1037
v 0.4948 10.4455 0.1409
v 0.3117 10.0794 0.5187
v -0.5011 9.8357 0.4829
v -0.7080 9.5179 0.5612
v -0.5892 9.4948 0.7401
v -0.2350 9.5582 0.5980
v -0.0650 9.3568 0.5780
v 0.3996 9.3557 0.5145
v -0.9762 9.7167 0.7631
v -4.0902 6.1859 0.0047
v 0.4563 9.5873 0.2465
v 0.8823 8.9196 0.4818
v 0.9466 8.2897 0.6853
v -0.6494 9.3468 0.4794
v -0.1510 8.9304 0.9398
v 0.0947 9.0066 0.6742
v -0.1686 9.1390 0.3942
v -0.9298 9.4822 0.9104
v -0.9873 9.2851 0.8943
v -0.9257 9.0247 1.1057
v -0.0142 8.5476 0.9721
v -0.0665 8.8367 1.0692
v -0.0552 8.4140 1.2540
v -0.3226 8.3777 1.4975
v 0.5608 8.3777 1.0269
v 0.3509 7.8954 1.1181
v 1.1747 9.9161 -0.2388
v 1.6076 9.5075 0.2279
v 1.6829 9.7579 -0.3801
v 1.6454 9.6208 -0.1732
v 1.5884 9.8506 -0.1904
v 4.0637 9.2548 -1.8733
v 3.8168 9.4505 -1.6895
v 3.2040 9.9801 -1.6687
v 3.0181 9.9321 -1.6592
v 3.0862 9.6845 -1.6572
v 3.3000 9.6287 -1.8145
v 1.9559 9.9513 -0.6983
v 1.6549 10.2206 -0.5975
v 1.8601 9.9953 -0.2199
v 1.7478 9.8288 -0.5344
v 1.7191 9.5876 -0.4039
v 2.3280 9.2658 -0.5154
v 2.4239 9.6398 -0.7680
v 2.3828 9.8050 -1.0268
v 2.0598 9.5987 -0.6831
v 1.9929 9.2394 -0.5735
v 1.9904 8.8655 0.0799
v 1.3042 9.2892 0.1899
v 1.5790 8.8339 0.3963
v 1.7873 8.7641 0.2769
v 4.3352 8.7253 -1.8647
v 3.7492 9.0945 -1.4925
v 4.2003 8.3346 -1.4745
v 4.1750 8.5037 -1.7054
v 4.4997 8.2731 -1.6516
v 3.3801 8.7860 -1.1991
v 3.4526 8.2430 -0.6825
v 3.4172 7.8878 -0.1770
v 2.2108 8.3784 0.0668
v 2.4957 0.6830 1.4596
v 2.3481 0.8487 1.1038
v 3.4865 7.6031 -0.9904
v 3.3251 7.1519 -0.6459
v 3.6251 7.7791 -0.4998
v 3.6717 7.6155 -0.3979
v 1.7710 7.5084 0.4497
v 1.8801 7.4326 0.3589
v 1.5874 7.9630 0.2754
v 2.1946 7.4835 0.2202
v 2.4395 7.2660 0.0388
v 2.1990 7.8373 0.1656
v 4.3476 7.2080 -1.1520
v 3.9310 7.7444 -0.8618
v 4.2499 7.6167 -1.2014
v 4.8230 7.4389 -1.0944
v 4.8597 7.9058 -1.4430
v 3.8330 7.9601 -0.9966
v 3.9136 8.4582 -1.4394
v 1.6238 8.0773 0.3123
v 1.4654 8.1764 0.3841
v 1.4970 8.5587 0.1087
v 1.9806 8.5150 0.0422
v 1.2587 2.1225 1.8877
v 1.7984 2.0189 1.8960
v 1.1000 4.0787 1.0469
v 1.5309 3.9438 0.9831
v 1.1715 3.7356 1.4523
v 1.5203 3.6291 1.3719
v 1.4875 4.5235 0.5604
v 1.3168 4.5896 0.3224
v 1.8010 4.4134 0.6526
v 1.6367 4.4469 0.6248
v 1.6000 4.9059 0.6099
v 1.4080 5.6221 1.2271
v 1.6424 5.3063 1.3514
v 1.4790 6.3885 1.3009
v 1.2376 6.3049 1.7591
v 1.4393 6.5816 1.5418
v 1.0386 0.7378 1.5434
v 0.5232 0.8443 1.5022
v -0.9080 2.1751 1.4652
v -0.9697 2.2619 1.4147
v -0.7208 1.7013 0.9800
v 2.0787 2.8487 1.5482
v -0.8650 1.9326 1.0353
v -0.2503 1.8414 0.9970
v -0.1872 1.8870 1.1653
v -0.3805 1.8880 0.9779
v -0.8317 3.3945 1.7712
v -0.4584 3.0311 1.8604
v -0.7345 3.5940 2.2922
v -0.8073 3.5615 1.7916
v -0.3029 3.6305 2.0105
v -0.5021 5.0274 1.5119
v -0.5487 4.4731 1.6063
v -0.5700 4.6861 1.5169
v 0.3008 7.6110 1.2912
v 0.4297 7.5853 1.2561
v 0.3507 7.7864 1.4064
v 0.7442 7.0223 1.1808
v 0.1376 6.6145 1.8644
v 0.2649 6.6211 1.7503
v -3.1533 8.4725 -0.8469
v -2.9856 5.4911 1.6820
v -1.6651 5.5841 2.0436
v -1.2813 4.8482 2.2167
v -1.9698 0.5722 1.4740
v -2.2825 0.7293 1.3496
v -1.4482 0.8236 1.3737
v -2.1991 1.6479 0.8518
v -1.9644 1.7475 0.7775
v -2.5961 2.7602 0.3850
v -3.4256 2.8870 0.3429
v -3.1871 2.5707 0.3290
v -2.5048 3.6438 1.1841
v -2.6919 3.7681 1.0531
v -2.7749 3.7011 0.9485
v -1.8573 7.5283 2.0378
v -2.1949 6.8888 2.0187
v -1.5008 7.1348 1.9047
v -1.7298 6.9401 2.0228
v -1.9015 6.8997 2.1228
v -1.1209 6.6723 2.3204
v -1.2553 6.3411 2.3632
v -1.0801 6.5012 2.1795
v -2.1119 6.1029 1.9893
v -1.8513 6.2010 2.1332
v -0.8596 8.6125 1.8216
v 4.4497 5.3787 -0.8802
v -0.5944 7.3390 1.8579
v -0.4960 7.3278 1.6830
v -2.6282 6.1207 1.5392
v -0.4509 7.8829 1.6136
v -0.7224 8.3653 1.5608
v -0.4969 8.0600 1.7091
v 3.3426 6.5520 -0.9770
v 3.2587 6.4345 -0.9702
v 0.5883 6.7931 1.7424
v 0.7738 6.4123 1.8731
v 0.8722 6.2899 1.7795
v 1.1243 6.3178 1.6274
v 0.9371 7.0075 1.3168
v 4.0102 7.1668 -1.3401
v 3.9415 6.6776 -1.0256
v 4.8623 6.6505 -1.1390
v 5.0606 6.3200 -1.0532
v 2.3158 7.0447 0.0873
v 2.4102 7.1817 0.2748
v 2.8264 6.7483 0.0187
v 2.4083 6.7965 0.1162
v 3.1378 7.0459 -0.8478
v 3.3171 5.5696 -0.3767
v 2.2077 5.7834 0.7912
v 2.3400 5.8073 0.6902
v -3.1869 9.5731 -1.0908
v 4.0915 5.5657 -0.8014
v -3.7971 7.9302 -1.3621
v 3.9744 0.8840 1.0777
v -1.5012 8.6428 1.6574
v -1.6450 5.1796 1.6948
v -1.4920 5.2267 2.1909
v 0.0706 7.5181 2.0542
v -3.7321 0.8882 0.4272
v -0.2935 7.7059 1.7834
v -0.1390 7.3656 1.6826
v -0.2711 7.1962 1.7526
v -0.2425 7.1733 1.5804
v 0.0596 7.6094 1.9580
v 0.0125 8.0673 1.4390
v 0.5525 7.3933 1.4413
v -4.1784 0.7304 0.2414
v -3.7452 1.1655 0.2806
v 0.4495 6.9257 2.1606
v 0.3363 7.2918 1.6868
v 0.1996 7.4034 1.9002
v 0.3262 5.7675 1.5691
v 0.5886 5.5133 1.5276
v 0.9940 5.5070 1.8834
v 0.3878 5.3719 1.4448
v -0.3428 6.3811 2.1110
v 0.0078 6.2108 1.8513
v -0.1914 6.3151 2.0142
v -0.6363 6.6001 2.2894
v -0.5906 6.6825 2.5174
v -0.6075 6.8012 2.5337
v -0.7104 6.9975 2.4756
v -0.4250 6.8091 2.4221
v -0.1673 6.3867 2.5897
v -0.0396 6.4248 2.4634
v 0.3546 6.2068 2.0661
v 0.7082 6.0518 1.7283
v -1.3209 4.4878 2.0918
v 0.1401 9.6141 0.3722
v -1.4748 1.5140 1.0263
v -1.4257 2.5895 1.1904
v -1.5700 1.1260 1.2108
v -1.1375 0.2677 1.5532
v -0.0504 10.0075 0.1506
v -1.3505 4.7093 2.0349
v -0.6728 6.4934 2.5392
v -1.0432 5.6012 1.9438
v -0.7604 5.8399 2.3472
v -1.3175 3.0445 0.9920
v 3.9820 2.8506 0.2130
v 2.9413 0.6902 1.4072
v 1.8073 0.9879 1.4509
v 1.6240 0.6715 1.3098
v 1.7319 0.8395 1.5174
v 1.1932 0.6699 1.4785
v 0.8829 1.0927 1.7608
v 1.4951 0.9477 1.5614
v -4.5177 1.0762 0.4161
v -4.6660 0.9889 0.5829
v 2.3048 2.2701 1.8590
v 1.0074 1.8727 1.9401
v 1.1347 2.0061 1.8869
v 1.0669 2.0192 1.5371
v 0.7489 1.8608 1.5954
v 3.9742 2.0012 1.0931
v 4.4175 2.4268 0.4664
v 1.9332 3.2221 1.3861
v 2.1983 3.3902 1.3351
v 2.3376 3.3359 1.3038
v -4.2521 3.0519 0.5412
v -4.1670 3.1359 0.4724
v 0.0579 3.2704 1.8423
v 3.9700 3.3566 0.3851
v 2.8095 3.6938 0.6112
v 2.4057 3.4654 1.1151
v 2.3087 3.5851 1.0300
v -3.6565 3.5204 0.1820
v -3.8570 3.5916 0.8637
v 0.7092 3.7976 1.4634
v 0.2646 3.4839 1.8968
v -2.8895 3.0472 0.0438
v -0.0070 4.4474 1.3709
v -4.9170 3.6309 1.2723
v -1.0261 3.7602 1.8751
v -1.1273 3.5505 1.7581
v -1.4948 3.4594 1.4177
v 0.3083 4.9628 0.7814
v 2.6891 4.3808 0.5151
v 2.2138 4.3237 0.5297
v 2.3730 4.9398 0.8417
v 2.2944 5.0999 1.1178
v 4.7119 5.4968 -1.2496
v 4.6747 5.1017 -1.0116
v 3.0797 4.6875 0.3656
v 4.0303 4.6651 -0.3098
v 4.2162 4.6486 -0.3936
v 4.0502 3.5132 0.4339
v 3.6263 2.2074 1.2738
v 3.7062 1.9675 1.3285
v 4.5440 1.1698 0.7421
v 4.6866 0.8513 0.8646
v -3.4373 7.8259 -0.9613
v -2.2232 10.1662 -0.7762
v -1.7712 9.6852 0.4482
v -1.9910 10.0269 -0.6507
v -2.4513 8.6525 1.1961
v -2.2519 8.9543 1.3413
v -1.6862 9.1367 1.2801
v -1.5167 8.8631 1.7664
v -1.3072 9.1354 1.1267
v 0.8094 10.0908 0.3201
v 1.0180 9.7881 0.2232
v 1.0805 9.0070 0.4114
v -0.3610 10.3362 0.0610
v -0.6828 10.3285 -0.3819
v 0.1982 10.5204 0.0902
v 0.1911 10.4929 0.3235
v 0.1057 10.2965 0.4459
v -0.3116 9.8012 0.4457
v 1.2891 7.3695 0.8176
v -0.4004 9.0043 0.7484
v -0.8194 8.9408 1.1954
v 0.5564 8.2352 1.1307
v 1.6836 10.0395 -0.1764
v 1.3405 10.1048 -0.4762
v 3.2965 9.8811 -1.8689
v 2.0443 9.8898 -0.9927
v 1.9391 10.2224 -1.0464
v 2.2577 10.2080 -1.0718
v 2.3169 9.0582 -0.2139
v 1.6844 9.4333 0.0230
v 1.8629 9.2896 -0.1282
v 4.7246 8.8171 -1.9693
v 3.5895 9.0026 -1.5696
v 3.4755 8.9897 -1.4339
v 3.5916 8.5606 -1.2198
v 2.4240 8.4679 -0.2312
v 2.4055 8.4616 -0.0486
v 2.6204 8.7209 -0.4264
v 2.7911 8.5585 -0.2466
v 2.6378 8.3587 -0.4660
v 1.8297 8.1833 -0.0839
v 1.5054 8.3633 -0.0205
v 1.7018 8.4830 -0.1053
v 4.9271 8.2050 -1.7377
v 5.0002 7.3820 -1.3761
v 2.9279 7.8488 -0.5040
v 2.0130 7.9331 -0.2020
v 1.8425 7.7861 0.4540
v 3.7017 7.5850 -1.0001
v 2.1127 1.1106 1.3100
v 0.7961 3.5066 2.0734
v 1.7966 2.2069 1.7672
v 1.5714 3.1777 1.5955
v 1.6600 4.5782 0.5228
v 1.8253 4.6224 0.5506
v 1.8403 4.9845 1.0046
v 1.6774 5.6526 1.0747
v 1.6727 5.5098 1.0015
v 1.8801 7.0254 0.5705
v -0.0016 1.1870 1.7658
v 0.1690 1.1979 1.7207
v -0.0336 2.1183 1.1949
v -0.4513 2.0339 1.4129
v -0.4695 4.0546 1.7971
v -0.2651 4.1649 1.9549
v -0.3093 5.1225 1.1843
v -0.1574 5.5814 1.7929
v -0.1068 5.5206 1.4923
v 0.7060 6.6075 1.8370
v -2.6096 6.0023 1.6446
v -2.4978 5.2955 1.8107
v -2.0470 5.4386 1.9113
v -1.0067 5.0988 1.7825
v -0.9330 5.2434 1.9250
v -2.5725 0.9832 1.2100
v -2.4972 0.9067 1.3113
v -2.8463 2.0939 0.4543
v -3.0832 2.8371 0.1494
v -2.1022 4.4298 1.6861
v -1.6454 7.3299 1.8640
v -1.5545 7.4498 1.9660
v -2.4625 6.8117 1.8794
v -2.4464 6.6857 1.8242
v -1.8756 6.4782 2.1030
v -0.7775 8.0267 1.8831
v -0.4421 8.2944 1.4856
v 3.5733 6.4947 -1.1689
v 2.5732 6.4604 0.2362
v 4.5872 6.4505 -1.4765
v -0.3810 7.2888 1.7551
v -0.2962 7.2901 1.5421
v -0.4695 2.4336 1.5586
v 1.0028 6.3566 1.6227
v 1.0455 6.4300 1.7686
v 1.2404 7.0505 0.7743
v 5.0531 6.8963 -1.2588
v 5.0909 7.0117 -1.1241
v 2.7554 6.9383 -0.0542
v 3.4393 5.6465 -0.6735
v 3.6170 5.7314 -0.8770
v 2.4662 5.5138 0.6155
v 2.5980 5.5524 0.2069
v 4.3816 5.9131 -1.3289
v 4.1673 1.0213 0.9989
v 4.0381 3.8522 0.3551
v 3.9703 4.4750 -0.1082
v 4.0012 4.2196 0.0355
v 4.9132 4.7612 -1.1186
v 0.7883 5.3060 1.2819
v 0.9538 4.6935 0.5200
v 0.6493 4.7393 0.7645
v -0.9728 4.5029 2.0886
v 4.5992 4.2265 -0.5020
v 2.5345 3.9022 0.7635
v 5.0444 2.8724 -0.5770
v 4.8034 3.1273 -0.3819
v -3.7786 3.1201 0.2245
v 2.3720 3.4087 1.2000
v -3.6080 1.9342 0.3565
v 2.4433 2.4778 1.7343
v 2.6877 2.3060 1.5758
v -3.3133 0.6680 0.8470
v -1.2266 0.9271 1.3643
v -0.6631 1.0775 1.2827
v 1.4177 1.1381 1.6742
v 2.8341 0.9414 1.5308
v 3.0882 1.0927 1.3041
v -0.8560 7.7597 2.0013
v -1.1232 8.8251 1.5951
v -1.2270 9.1174 1.6734
v -4.1445 4.1780 1.6713
v -2.8531 6.5812 1.4232
v -2.6304 6.5983 1.3182
v -2.9207 7.0522 1.0706
v -3.2098 6.4977 0.6908
v -3.2665 5.5617 1.6750
v 0.2416 8.2911 1.1249
v -3.9348 7.5025 -0.8844
v -3.1674 7.5046 0.5819
v -1.8402 7.7249 1.8201
v 1.8229 5.9473 1.1511
v 0.5463 6.1306 1.7942
v -1.6970 1.7031 0.8038
v -4.2037 0.3793 0.4792
v -4.3289 0.3887 0.7098
v 2.1917 0.5345 1.4466
v 2.3065 0.4765 1.3080
v -2.4739 0.2438 1.0735
v -1.8357 0.4406 1.6165
v -3.5813 0.4916 0.8204
v -3.1876 0.1916 0.9051
v -0.9830 0.4551 1.5615
v 0.9366 0.6182 1.3819
v -4.9312 1.6419 0.5708
v -4.6419 1.5159 0.6254
v -0.2385 1.3463 1.5812
v -0.1546 1.4552 1.3459
v -2.1334 1.5169 0.9466
v -3.0039 1.2652 0.9318
v -2.8675 1.3200 0.9998
v -2.7023 1.2619 1.0092
v 4.9263 1.7381 0.7674
v 4.5020 2.0081 1.0413
v 0.8785 1.4763 1.8175
v 1.1036 1.6246 1.7884
v 1.2341 1.7278 1.8793
v 0.6156 1.6519 1.5582
v 2.5718 1.8814 1.7280
v -4.2428 2.6117 0.7816
v 1.6935 2.8190 1.7166
v -0.0998 2.5364 1.7211
v -0.3719 2.6786 1.6469
v -2.9564 2.3574 0.1129
v 0.7528 2.9446 1.7911
v -3.9033 2.5676 0.5914
v -3.4888 2.5324 0.3603
v 2.6319 2.7784 1.0964
v 3.2412 2.8868 1.0228
v 3.3397 1.5232 1.6167
v -2.3621 4.1340 1.3867
v 2.8242 9.9469 -1.6457
v 3.0234 9.0101 -0.8324
v 3.0696 8.1094 -0.4373
v 3.2670 8.4098 -0.5064
v 3.0099 5.6713 -0.0317
v 3.5680 4.3550 0.4264
v 3.3963 4.5197 0.3436
v 3.4045 0.7555 1.5058
v 3.7041 1.1543 1.4619
v 3.8418 1.1409 1.3348
v 3.7716 4.3578 0.2471
v 3.0114 5.0341 0.2457
v 2.9847 4.8624 0.5188
v 3.0185 4.0041 0.6331
v 3.4354 3.3725 0.2657
v 3.0699 2.8945 0.6958
v 2.9482 2.2415 1.6278
v 2.8540 2.0285 1.8705
v 2.8324 2.4179 1.6789
v 3.0426 1.7493 1.7027
v 2.6628 6.1346 0.0879
v 2.7821 5.5427 -0.0091
v 3.1454 5.3115 -0.1534
v 2.8870 6.2582 -0.0707
v 3.1023 6.3873 -0.5500
v 2.9384 7.5691 -0.4792
v 3.0113 7.7452 -0.5822
v 2.9010 7.5026 -0.2654
v 2.9158 7.4382 -0.6317
v 2.8132 7.4728 -0.3294
v 2.9107 7.3347 -0.4276
v 3.6844 7.5261 -0.6965
v 3.2314 7.9101 -0.4634
v 3.2897 8.0743 -0.1673
v 2.7230 8.9499 -0.5282
v 2.8213 9.2235 -0.9144
v -2.2657 4.0771 1.5435
v -4.6502 3.8977 1.2498
v 3.0238 8.4989 -0.2922
v 3.2738 8.8034 -0.8268
v 2.6871 9.9095 -1.2918
v 2.5814 10.2183 -1.6570
v 2.3194 10.2769 -1.2515
v 3.0124 9.4088 -1.2475
v 1.1473 2.5396 1.7681
v 3.1795 1.6722 1.5954
v 3.0569 1.4492 1.6379
v 3.2749 1.5050 1.4827
v 2.8989 1.6909 1.6957
v 3.4895 1.2717 1.5538
v 3.4804 1.1431 1.4985
v 3.4066 1.3288 1.4701
v 3.0050 2.7068 1.3738
v 3.0383 2.4818 1.6710
v 3.0851 2.7695 1.6967
v 0.8570 7.6269 0.8573
v -1.6046 2.4835 0.8395
v -1.8933 2.7608 0.7500
v -1.1875 2.2964 1.1800
v 2.3886 2.6984 1.5647
v 2.4443 2.8140 1.2510
v 2.0475 2.9334 1.5381
v 2.3863 2.6093 1.6897
v 2.1977 2.5878 1.7962
v 2.7004 2.5816 1.7853
v 2.5616 2.7591 1.6882
v -3.9861 2.6673 0.7495
v -3.8017 2.6423 0.6150
v -3.8417 2.1355 0.5744
v -3.9829 2.2787 0.7147
v 4.2799 2.7782 0.1703
v 4.0715 2.3760 0.7564
v 3.9382 2.5098 0.5761
v 4.5831 2.4895 -0.0182
v 4.8291 2.4649 -0.2522
v -3.2431 2.0833 0.4000
v -3.1639 2.2304 0.2980
v -3.2849 2.2217 0.3156
v -3.3957 2.4216 0.2879
v -2.4283 2.5556 0.3663
v -0.9577 2.6147 1.4235
v -0.8650 2.7153 1.3168
v -0.6260 2.8159 1.7005
v -0.6691 2.3276 1.4133
v -0.8860 2.4692 1.3769
v -0.7686 2.3586 1.3383
v -0.7668 2.4896 1.5776
v -0.2543 2.4578 1.7751
v 1.4231 2.5342 2.0434
v 1.4872 2.3078 1.8455
v 1.9312 2.4253 1.4576
v 1.8755 2.6885 1.6743
v 1.8601 2.5593 1.6739
v 1.6957 2.4253 1.8306
v -4.8591 2.6655 0.9269
v -4.8093 2.1869 1.0337
v -5.0349 2.6462 0.9955
v -4.5287 2.3062 1.0546
v -4.2378 2.3836 0.7372
v -4.3131 2.4735 0.7645
v -1.7998 1.3213 1.1452
v -1.4575 1.2843 1.1527
v -1.8680 1.0939 1.2892
v -1.7615 1.4354 1.2561
v -1.8209 1.2052 1.2654
v -1.2426 1.2575 1.1746
v -1.3099 1.1015 1.2092
v 2.4102 1.4241 1.7437
v 3.0305 1.2337 1.3486
v -4.3931 1.2177 0.5690
v 0.0790 1.5391 1.3943
v 0.2034 1.4371 1.5908
v 0.3889 1.6006 1.5664
v 0.0268 1.6701 1.2099
v 0.1647 1.3162 1.5940
v 0.1499 1.2661 1.6856
v 0.3125 1.2078 1.7763
v 0.1178 1.4195 1.4964
v 1.0089 1.2620 1.6164
v 4.0284 1.8381 1.1536
v 4.3326 1.4433 1.0430
v 3.9413 1.5842 1.1918
v 4.5331 1.3832 0.8498
v 4.9780 1.6144 0.9137
v 3.5561 1.8848 1.3033
v 3.9662 1.3642 1.3957
v -3.2464 1.0116 0.9686
v -3.1942 1.1966 0.9073
v -3.3228 1.2611 0.7444
v -3.5060 1.2236 0.5490
v -3.3656 1.1308 0.7550
v -2.8908 0.9921 1.1892
v -2.4777 1.4481 0.9875
v -2.3688 1.3331 1.1733
v -2.6309 1.1688 1.2106
v -2.0500 1.0595 1.3734
v -2.1004 1.2314 1.2707
v -1.0113 1.4380 1.2650
v -0.7126 1.5399 1.2747
v -0.5862 1.2040 1.1988
v -1.0071 1.2631 1.2421
v 1.5889 1.6098 1.7106
v 1.8658 1.5977 1.3840
v -4.7417 1.3994 0.1336
v -5.0953 1.5538 0.4523
v 2.9589 0.2246 1.1821
v 3.0958 0.3362 1.2187
v 3.1020 0.5661 1.4067
v 0.9961 0.3241 1.4666
v 1.1526 0.4479 1.3838
v 1.6259 0.5680 1.3231
v -0.7439 0.2111 1.4795
v -0.9225 0.1426 1.6497
v -1.2192 0.1085 1.5341
v -0.2042 0.2428 1.4273
v -2.9557 0.1525 1.1681
v -2.7260 0.5608 1.0960
v -4.7561 0.7472 0.6492
v 3.8133 0.4346 1.1491
v 4.2779 0.7039 0.8664
v 4.7390 0.9464 0.6850
v 4.4844 0.7403 1.0040
v -1.5281 0.1781 1.6483
v -1.8335 0.0747 1.1009
v -1.3788 0.3283 1.5148
v -1.3454 0.5024 1.5051
v -2.4986 0.5566 1.1263
v 0.2111 0.2412 1.5699
v 0.2200 0.0752 1.4321
v 1.7658 0.4164 1.1634
v 2.6010 0.2241 1.0392
v 2.5326 0.4454 1.2264
v 2.4673 0.5594 1.4387
v 2.5216 0.7387 1.2846
v -4.1880 0.1231 0.7708
v -4.1882 0.3583 0.7309
v -4.5166 0.2512 0.7727
v -4.1553 0.0660 0.9988
v -3.6283 0.1110 0.7576
v -3.7351 0.0000 0.9992
v -2.2707 4.7026 1.7545
v 0.7242 6.3101 1.6259
v 0.2048 2.6790 1.5674
v 3.8810 5.9661 -1.3392
v 0.5789 2.9389 1.4494
v -0.1319 6.8392 2.2709
v -1.1119 7.3569 2.0289
v -1.1630 7.2564 2.0606
v -0.9357 7.3229 2.2027
v -0.9043 7.1541 2.4627
v -0.7739 7.1481 2.3113
v -2.7851 9.8858 -0.6168
v 0.1268 6.5246 1.8458
v 1.3098 5.8319 1.4112
v 1.4977 5.8035 1.2699
v 1.2459 5.9255 1.6838
v -2.1334 7.5750 1.7527
v -3.0027 7.3806 1.0071
v 0.0877 3.6287 1.9488
v -2.6353 7.4211 1.2660
v -2.3412 7.6094 1.7390
v -2.3877 7.7242 1.5386
v -3.2275 7.5232 0.2617
v -3.3889 6.9464 -0.2579
v -3.5161 7.2170 0.4772
v -3.4772 7.5495 -0.6630
v -3.3672 7.4563 -0.5631
v -2.3799 8.0126 1.2919
v -2.5234 7.7083 0.9232
v -2.3704 7.8759 1.3180
v -2.2684 8.0171 1.5348
v -2.1932 8.0972 1.2486
v -1.8459 8.3063 1.7874
v -1.9458 8.3938 1.6789
v -1.7300 8.0910 1.7542
v -4.9613 4.5730 1.3677
v -4.7418 4.7889 1.3831
v -3.9548 5.6514 1.0432
v -4.4780 4.6516 1.2446
v -4.2949 4.9248 1.4976
v -4.4672 4.3705 1.5158
v -4.2555 4.4377 1.5332
v -4.2128 4.6297 1.5479
v -4.2882 5.0468 1.2929
v -3.9747 4.2935 1.6615
v -3.7472 5.3583 1.3537
v -4.0324 5.0969 1.5088
v -3.5331 5.3344 1.5140
v -3.3942 5.9185 1.1510
v -3.8144 5.6021 1.3006
v -3.5017 5.0738 1.5617
v -3.5014 4.8530 1.8318
v -3.8127 6.6576 0.0463
v -3.6836 6.9150 -0.1577
v -3.7910 6.9200 -0.3725
v -3.9746 7.0354 -0.3588
v -3.6972 6.2724 0.3172
v -3.6894 6.6922 0.3198
v -3.2334 6.7873 0.5604
v -3.3270 6.9991 0.3115
v -3.3697 7.1716 0.9305
v -3.6907 5.7754 0.2824
v -3.5786 5.9768 0.7272
v -3.2727 6.1987 1.0473
v -3.1445 6.7828 0.8361
v -3.1481 7.0193 1.0925
v -2.9881 6.9506 1.1243
v -2.7911 7.0544 1.2976
v -2.7364 7.2370 1.3635
v -3.0219 6.2583 1.1840
v -2.9881 6.3378 1.3248
v -3.0910 6.1111 1.5867
v -3.3187 6.1514 1.4426
v -2.7213 6.7760 1.7060
v -2.8125 6.4922 1.5204
v -2.5698 7.1021 1.4569
v -2.7324 6.9242 1.5309
v -2.6322 6.9461 1.5625
v -1.9882 3.0201 1.1054
v -1.2280 2.2437 0.6760
v -4.3387 0.6733 0.3571
v -4.3552 0.6109 0.5571
v 3.3796 5.8505 -0.9902
v -4.9747 1.9183 0.7664
v -4.6430 1.7923 0.7082
v -4.2551 2.9305 0.7895
v -4.2214 2.8948 0.8518
v -4.5932 4.2561 1.4663
v -4.3676 3.7055 0.9832
v -3.8594 7.9952 -1.7557
v -3.3252 9.0138 -2.2845
v -3.3951 9.5396 -1.7280
v -3.4550 9.6980 -2.2719
v -3.4448 9.8156 -1.5742
v -2.9743 8.2490 -0.6879
v -3.1436 9.8113 -1.4251
v -2.8294 10.1589 -0.8558
v -3.0039 9.1807 0.4762
v -3.0415 9.7572 -0.0848
v -2.4794 8.4109 0.4472
v -2.4269 8.5293 1.0440
v -0.0138 3.3950 1.9869
v -2.5680 10.0506 -0.1396
v -2.7298 3.3545 0.4693
v -1.9126 9.3625 0.4386
v -1.9008 9.3920 0.9946
v 2.8020 8.4707 -0.2383
v -1.5359 10.3487 -0.2954
v -1.8193 10.2324 -0.5955
v -1.5069 10.0599 -0.1717
v -2.2291 8.4110 1.2544
v -2.3441 8.4934 1.1930
v -2.0481 8.5613 1.6433
v -2.0861 8.4596 1.3035
v -2.0825 8.4086 1.5398
v -2.0586 8.6451 1.4614
v -2.2525 9.1565 0.9196
v -2.3262 9.0708 1.2418
v -1.8901 9.1141 1.0952
v -1.7546 2.5821 0.4413
v -1.7335 8.9547 1.1672
v -2.0920 8.9659 1.1977
v -1.5188 9.3462 1.0674
v -1.2545 9.1783 1.2528
v -1.2040 9.3922 0.8584
v -1.3279 9.3595 1.2705
v -1.3796 9.5571 0.9307
v -0.9646 8.6983 1.8649
v -1.6529 9.7344 0.7500
v -1.2734 9.7068 0.6628
v -1.0943 9.9354 0.5098
v -1.2406 9.8373 0.4040
v 0.8300 10.2838 -0.0951
v 1.1222 9.3513 0.3913
v 1.0500 9.2696 0.2888
v 0.6831 9.8855 0.5312
v 0.7889 9.5335 0.1758
v 0.1028 8.6974 0.9894
v -0.4165 10.2470 0.1154
v -0.1106 10.2264 -0.1018
v 0.0084 9.8702 0.0713
v 0.1263 9.9325 0.1555
v 0.2375 10.0076 0.0380
v 3.6396 5.1576 -0.4472
v -1.0381 9.9243 0.3056
v 0.3565 10.1484 0.6163
v 0.4361 9.8854 0.1193
v 0.4887 9.9750 0.5415
v -0.5734 9.8192 0.6605
v -0.3805 9.9333 0.2004
v 1.0949 8.4091 0.4314
v 1.3284 8.0176 0.4896
v 0.9467 7.6654 1.0534
v -1.5830 5.2660 1.9857
v 0.7649 8.7683 0.6664
v -0.8040 9.4596 0.6343
v -0.6800 8.9465 0.8649
v -0.8256 9.2869 0.9571
v -0.9915 9.1373 0.9146
v -1.0591 8.9900 1.6008
v -0.5029 8.6160 1.3640
v -0.2295 8.5524 1.4058
v 0.3605 8.0928 1.0380
v 0.5399 7.7769 1.0477
v 1.0584 10.2361 -0.0724
v 0.9798 10.0346 -0.0885
v 3.6854 9.9921 -2.3399
v 3.3262 10.1447 -2.0625
v 3.6886 9.7601 -2.0986
v 4.7118 9.3963 -2.0770
v 4.8898 9.0644 -1.9441
v 4.2249 9.6764 -2.3695
v 3.1637 9.4384 -1.6365
v 1.8024 10.0849 -0.5032
v 2.2110 9.3676 -0.6635
v 2.3766 9.3149 -0.7759
v 2.1924 9.6649 -1.0466
v 1.9808 8.6318 0.0087
v 2.1269 8.6051 -0.0827
v 1.4537 9.1192 0.1411
v 1.2663 9.5219 0.2833
v 1.2827 8.8409 0.3838
v 1.4023 8.9466 0.4352
v 1.9341 8.8280 0.0563
v 1.4884 9.2957 0.3460
v 1.5537 9.0070 0.1077
v 4.4254 8.4528 -1.6552
v 4.9307 8.4417 -1.5132
v 4.9274 8.6111 -1.8546
v 4.6181 8.6963 -1.8303
v 3.2546 9.2253 -1.4584
v 3.5478 8.7776 -1.2899
v 3.7208 7.7969 -0.5028
v 2.2600 8.4133 0.1388
v 2.2153 8.2202 0.3797
v 1.1928 8.2799 0.5254
v 4.1287 8.0713 -1.2900
v 3.9785 7.8126 -1.0792
v 4.0485 7.9130 -1.2914
v 3.8922 8.0500 -1.0032
v 4.5053 7.8046 -1.5504
v 4.6204 7.9137 -1.6040
v 3.8123 7.5926 -0.8827
v 4.5714 7.0244 -1.2194
v 4.2032 7.4274 -0.9441
v 4.6206 7.1742 -1.0401
v 4.8558 7.1547 -0.9918
v 4.5407 7.3131 -0.9372
v 2.0780 7.8089 0.1453
v 2.1517 7.3380 0.3634
v 1.4029 7.7837 0.7220
v 3.5437 7.7536 -0.2863
v 2.1788 0.9130 1.2335
v 2.8202 0.6485 1.2446
v 1.6042 2.0240 2.0178
v 1.4415 2.1970 1.8528
v 1.8798 2.1167 1.9658
v 2.1438 2.0176 1.9344
v 1.3148 3.2125 1.9087
v 1.2806 3.0356 1.8945
v 1.1111 3.1923 1.8523
v 1.2200 4.1376 1.2148
v 1.4553 3.9632 1.2600
v 1.7616 3.5943 1.1931
v 1.9972 3.5414 1.3340
v 1.7991 3.6493 0.9644
v 1.0881 4.3980 0.7921
v 1.3687 4.3270 0.6329
v 1.2142 4.4742 0.5347
v 1.5322 4.2863 0.5515
v 1.4896 5.0016 1.0940
v 1.5378 5.0908 0.9573
v 1.0851 5.1570 0.9748
v 1.8613 5.1891 0.9771
v 1.7442 5.0678 1.2661
v 1.4819 6.6747 1.1027
v 1.4506 6.8541 0.7357
v 1.6452 6.3209 1.1530
v 1.5841 6.0758 1.3544
v 1.7413 6.0969 1.1918
v 1.8388 6.3768 0.8565
v 0.3460 1.0290 1.5773
v 0.7225 0.8466 1.7118
v 0.5354 1.2190 1.6845
v 0.6849 0.9796 1.6214
v -1.0586 2.2113 1.2907
v -0.6320 2.1141 1.5612
v -0.9475 2.0451 1.0342
v -0.7954 2.2637 1.5984
v -0.9668 1.7811 1.1654
v -0.6160 1.9437 1.1027
v -0.7280 1.9522 1.0347
v -0.3935 1.9864 1.3497
v -0.5785 1.9938 1.3619
v -0.5336 1.8337 1.0394
v -0.6902 3.0827 1.8219
v -0.6299 3.1993 1.6332
v -0.8051 3.1392 1.4965
v -1.0604 2.8604 1.2448
v -1.1870 3.2317 1.2615
v -0.0634 3.0615 1.8159
v -0.8188 4.5846 1.7809
v -0.6562 3.8682 2.0430
v -0.9024 4.0005 1.7869
v -0.4246 3.9193 2.1168
v -0.6148 5.0033 1.3895
v -0.9228 5.1426 1.5571
v -0.5621 5.8173 2.2653
v -0.7335 5.7168 1.4551
v -0.2104 5.5024 1.0848
v -0.2621 5.6208 1.2578
v -0.3712 5.7070 2.1780
v 0.5186 7.6468 1.2025
v 0.5673 6.9994 1.4007
v 0.5960 6.2972 1.6820
v -3.0393 5.3154 1.8509
v -2.6859 5.6012 1.7127
v -2.9106 5.1032 1.8534
v -2.2757 5.3284 1.6468
v -2.2925 5.8195 2.0322
v -2.1282 4.9161 1.5015
v -2.2640 5.1293 1.5994
v -2.4286 5.0084 1.6621
v -1.9197 5.0543 1.8297
v -1.8017 4.7656 1.5246
v -1.9632 5.1950 1.6013
v -1.8815 5.5444 1.8800
v -1.5535 5.0559 1.9682
v -1.6772 4.9092 1.9976
v -1.4870 4.8945 2.0175
v -1.0739 4.9116 2.0162
v -2.5271 0.7183 1.2761
v -1.8513 0.7109 1.2691
v -2.1103 0.7505 1.3863
v -2.3905 0.5946 1.2692
v -2.3287 0.8478 1.3694
v 2.9757 8.1128 -0.5929
v -1.7350 0.5716 1.4978
v -1.4363 0.6949 1.3755
v -2.5085 1.9232 0.5660
v -2.1202 1.7823 0.8029
v -2.0084 1.6494 0.8455
v -3.2974 1.9746 0.4216
v -3.0095 1.4660 0.3882
v -3.0882 1.6790 0.3738
v -3.1438 1.2807 0.4862
v -2.4966 3.1108 0.5422
v -2.7248 2.6682 0.3084
v -2.4225 2.9395 0.3005
v -2.8161 2.9906 0.2631
v -2.1629 2.8719 0.5807
v -3.3750 2.7806 0.2362
v -2.6982 3.5610 0.9446
v -2.2033 3.2489 1.1061
v -2.0356 4.1367 1.5963
v -2.9668 3.7546 0.6602
v -2.6182 3.8241 1.1165
v -1.9673 7.3989 1.7688
v -2.8007 6.2101 1.6828
v -2.9049 6.0786 1.6430
v -2.1093 6.2261 1.9432
v -1.4510 6.9706 1.9288
v -1.2352 6.9894 2.0193
v -1.2317 7.4101 1.9206
v -1.6506 6.4731 2.2221
v -0.8176 6.4294 2.4341
v -0.6522 6.0534 2.4005
v -0.4601 6.1172 2.3561
v -1.3661 5.8334 1.8609
v -1.2569 5.7408 1.7917
v -1.1525 5.7220 2.0933
v -1.0450 5.8347 2.2542
v -1.9301 5.8544 1.8541
v -1.7663 5.9384 2.0374
v -1.5856 6.2116 2.0582
v -1.3279 7.8126 1.5789
v -0.8605 8.5160 1.5410
v -0.6320 8.4792 1.5441
v -0.5848 7.4122 1.7431
v -0.6589 7.4591 1.8484
v -0.6745 7.5943 1.8627
v -0.8783 7.5353 1.8537
v -0.4249 7.9030 1.8568
v -0.5537 7.9346 1.7083
v -0.3510 7.9421 1.7799
v 1.9374 6.6126 0.3520
v 2.2077 6.3482 0.5484
v 2.5043 6.3231 0.2045
v 2.7359 6.3405 0.1037
v 4.1427 6.4586 -1.1168
v 0.1300 2.5137 1.6018
v -2.4444 4.3557 1.6796
v 5.0052 6.2849 -1.3918
v 1.2296 6.4841 1.6034
v 1.3056 6.5855 1.5074
v 4.8433 6.4337 -1.4904
v -0.1725 7.0432 1.7048
v 0.2072 7.9161 1.5435
v 1.7404 2.3591 1.6045
v 1.6619 4.1905 0.7031
v 2.9934 6.2512 -0.9892
v -1.5964 2.8751 1.1641
v 2.0433 5.9772 1.0813
v 4.0376 6.5610 -1.0969
v 0.3937 3.0596 1.6725
v 0.8444 6.4970 1.8250
v 1.1519 6.1218 1.7518
v 0.9833 6.1807 1.8036
v 0.7714 7.5475 0.8837
v 4.3789 6.8724 -1.4663
v 3.7615 6.7207 -1.0011
v 2.1167 6.7562 0.4596
v 2.6502 6.6876 0.2834
v 3.5176 7.0364 -0.7423
v 3.7802 6.7751 -0.9839
v 3.4059 6.8631 -1.1570
v 1.1405 5.7331 1.4657
v 1.4587 4.9951 1.3490
v 1.9912 5.2000 0.9905
v 2.1183 5.3216 1.0327
v 3.8644 5.7576 -1.2591
v 3.9747 5.7139 -0.9828
v 4.1260 5.4176 -0.9538
v 3.9580 5.5076 -0.8124
v 4.2753 5.6840 -1.0020
v 4.8633 5.6692 -1.4584
v 4.4957 5.5556 -1.0757
v 4.4107 1.1272 1.0018
v 4.7383 1.2490 0.7247
v 3.7706 2.1355 1.1975
v 3.7838 1.8036 1.3618
v 3.4720 2.0908 1.5042
v -2.7352 3.5195 0.4591
v 3.6346 2.8732 0.2309
v -3.5042 3.5346 0.1684
v 3.7371 3.3541 0.1399
v 3.4021 4.8634 -0.1077
v 3.2583 4.7654 0.0360
v 3.0475 4.5748 0.5036
v 4.4503 5.1257 -1.0491
v 4.9044 5.1095 -1.0757
v 5.0305 5.1054 -1.1411
v 4.9402 5.3435 -1.4223
v 4.5326 4.6048 -0.7392
v 4.0061 4.8435 -0.5199
v 2.4180 5.2832 0.9678
v 2.6504 4.8655 0.6457
v 2.5136 4.9797 0.6492
v 0.5713 5.3098 1.3563
v -0.0849 5.2580 0.9262
v 2.5613 4.6488 0.6327
v 2.1613 4.4719 0.4418
v 0.0993 6.1423 2.1430
v -0.0055 4.9531 1.0988
v 0.2264 4.8030 1.2107
v 0.5312 4.5680 0.9889
v 0.1360 5.0777 0.6848
v -0.1014 5.0929 1.0507
v -0.0945 4.7363 1.3445
v -1.3550 1.7331 0.8437
v 0.8610 4.4016 0.9156
v 0.5036 4.4004 1.1920
v 1.0283 4.3555 0.9243
v 0.5934 4.6409 0.7428
v -1.6271 4.3742 1.9343
v -1.6168 4.5359 1.7644
v 4.2445 3.9081 0.1020
v 4.5455 3.8052 -0.0196
v 4.6106 4.1321 -0.0599
v 4.6317 3.4814 -0.0757
v 4.5644 6.0755 -1.3520
v 4.9528 3.6271 -0.8320
v 0.3414 4.2900 1.4183
v -0.0593 4.2885 1.5608
v 0.3950 3.6633 1.8418
v 0.5691 3.6985 1.7134
v 0.9264 3.6225 1.7478
v -4.1302 3.2297 0.2524
v -4.2103 3.3437 0.5223
v -3.5483 3.5024 0.4311
v -3.9130 3.4839 0.4530
v 2.5029 4.2261 0.6697
v 2.1947 4.1668 0.7276
v 2.1472 3.6994 1.0406
v 2.1841 3.8922 1.0134
v 2.6733 3.4233 0.9240
v -4.8899 3.2324 0.8037
v 4.6007 3.0186 -0.1937
v 4.5418 3.2695 -0.1994
v 4.2946 2.9372 0.1127
v 4.4337 3.0035 0.1742
v 4.0396 2.9275 0.3142
v 4.8480 2.9438 -0.5131
v 0.5539 3.4087 2.1492
v 0.4348 3.1479 1.9578
v -4.3691 3.1620 0.3580
v -3.6012 2.8273 0.3533
v -3.7584 2.8578 0.3203
v 2.2685 3.1809 1.3296
v 2.5447 3.1924 1.2194
v 2.0008 3.0300 1.5556
v -1.3709 2.8740 1.2961
v 4.4602 2.1806 0.6491
v 4.6546 2.0715 0.6292
v 0.3942 2.0995 1.7585
v 0.6788 1.8965 1.4463
v -0.0048 9.2140 0.5771
v -4.1807 1.9262 0.9444
v -3.7740 1.6776 0.2105
v -3.9464 1.8107 0.7153
v 2.4240 2.0968 1.7913
v -2.8193 0.7501 0.9677
v -3.0065 0.5502 0.9886
v -2.7557 0.8432 1.1374
v -0.7816 0.7324 1.1756
v -0.7209 0.4814 1.3656
v 1.3808 0.6346 1.3936
v 1.1217 0.8224 1.5148
v 1.8406 0.6821 1.2976
v 1.7259 1.1509 1.4834
v 1.5678 1.1939 1.4334
v 2.8948 0.7621 1.5276
v 3.2425 0.6384 1.5029
v -1.3558 1.6206 1.3120
v 0.1828 7.7546 1.3574
v 0.0969 6.7909 1.7043
v -0.9642 5.7610 2.4866
v -0.8675 5.6273 2.2585
v -0.9791 5.4536 1.8589
v -0.9422 5.5820 1.9019
v -0.9028 5.4300 1.8312
v -0.9425 5.6152 2.0399
v -0.7161 6.2658 2.3959
v -0.8363 6.3380 2.1781
v -1.3504 5.0289 2.1148
v 0.1209 8.1675 1.2132
v 0.0619 8.9231 0.9520
v 0.0960 9.4696 0.3368
v -1.3732 2.4353 1.0334
v -1.9525 1.7644 0.6530
v 0.0812 10.2583 -0.0342
v -1.2673 5.4057 2.0613
v -1.2911 3.4180 1.4593
v -1.1906 1.7383 1.2067
v 0.8003 5.8462 1.8949
v 0.6847 5.9498 1.8984
v 0.0604 6.3198 2.3397
v -0.4240 6.9192 2.3599
v 0.2895 6.0998 2.0432
v -0.0735 6.3976 2.5213
v -0.2580 6.5094 2.5346
v -0.4158 6.8501 2.4218
v -0.8212 7.0036 2.4493
v -2.3579 5.4250 1.7851
v -0.8758 6.9565 2.3086
v 0.0801 6.1795 2.4166
v 0.0541 6.2287 1.9844
v -0.5591 6.5524 2.3657
v -0.5480 6.3429 2.5464
v -0.2952 6.2381 2.1021
v 0.1985 6.0312 1.6548
v 1.1843 5.5357 1.7416
v 1.3191 5.0482 1.4215
v 1.4107 5.1253 1.5276
v 4.5528 6.6689 -1.4613
v 0.9777 5.3050 1.6568
v 0.8017 5.3171 1.5244
v 0.4600 5.8393 1.5164
v 0.1795 5.7874 1.5635
v 0.5084 6.9596 1.5336
v 0.3501 7.0956 1.7159
v 0.2312 7.2347 1.8808
v 0.4744 6.8411 1.7468
v 0.3280 6.9530 1.7399
v -0.0829 7.0847 1.4441
v 0.3667 6.7566 1.5485
v 0.2812 7.3860 1.7075
v 0.0509 7.6901 1.9726
v 0.0029 7.7620 1.9160
v -0.3177 8.0743 1.5698
v 0.7786 7.2537 1.2805
v 0.0700 7.9339 1.4058
v -0.0722 7.6989 1.9447
v 0.1959 7.1670 1.7800
v -0.2232 7.2015 1.5104
v -0.3027 7.1066 1.7588
v 0.0747 7.1127 1.4557
v 0.1798 6.9939 1.5523
v -0.0733 7.2407 1.5558
v -0.2576 7.5210 1.4889
v 0.0199 7.5695 1.7786
v -1.9045 5.1023 1.9682
v -0.7510 8.2249 1.6347
v -1.0698 8.4223 1.9611
v -1.0819 8.8639 1.7708
v -1.3232 8.5363 1.8888
v -1.4880 8.7533 1.6364
v 2.2869 8.8151 -0.1561
v -1.1560 8.6706 1.7174
v -1.0761 8.5973 1.6748
v -0.9125 8.5699 1.4836
v -1.1828 9.1898 1.2918
v -1.2185 9.0083 1.4340
v -0.9887 7.9071 2.0767
v -1.0334 8.2085 2.1871
v -1.1989 8.1125 1.9609
v -1.4486 8.4272 1.7698
v -1.6813 8.5125 1.4329
v -0.8967 0.9613 1.3110
v 0.9128 2.1513 1.5622
v 4.7252 2.1698 0.2496
v 2.8012 3.0551 1.0027
v -3.9592 3.2125 -0.0091
v 2.4786 4.0145 0.8287
v -4.7953 4.0772 1.1681
v 3.8448 3.9796 0.3613
v 4.7995 7.0263 -1.1230
v 2.1946 4.0263 0.7629
v 3.3322 6.1686 -1.1091
v 1.2828 8.6841 0.2537
v 4.8405 6.3134 -1.4582
v 1.0224 3.5057 1.9671
v 1.1247 3.0801 2.0852
v -1.5279 6.0257 1.9640
v -1.1273 7.0961 2.0995
v -2.5826 6.7740 1.8670
v -2.6378 1.8486 0.6409
v -1.7729 0.8663 1.1302
v -1.9315 0.8156 1.2385
v -2.5304 5.3854 1.6835
v -0.5002 3.3533 2.1327
v 1.8596 7.8450 0.1744
v 2.6305 7.6391 0.2464
v -4.4970 4.7459 1.1274
v 1.8574 8.5105 -0.0035
v 1.9106 8.6004 0.1899
v 3.2730 8.9788 -1.2727
v 1.8349 9.1188 0.1854
v 1.5877 9.3405 0.2212
v -0.1597 6.5610 2.4717
v 2.2512 10.2921 -1.3699
v 1.3649 9.9447 -0.2620
v -1.9829 4.6135 1.8160
v -2.0413 5.0627 1.5027
v -0.1720 8.8057 1.0891
v -2.7657 3.8061 1.2016
v -0.2899 9.4127 0.6701
v -3.0047 3.5417 0.0166
v -2.7648 10.1371 -0.3234
v -0.3208 2.4564 1.7114
v 4.8284 5.9447 -1.5070
v -3.0569 9.3455 -0.4737
v -4.5920 1.8925 1.1164
v -4.4733 2.0285 1.1298
v -3.2429 6.9874 1.0285
v -3.7493 6.8119 0.1205
v -3.2473 5.3820 1.6167
v -3.4642 5.7254 1.3371
v -4.1978 5.2003 0.6538
v 2.5017 8.3294 -0.1705
v 2.7365 8.2788 -0.4489
v -1.3394 7.6416 1.7770
v 1.9876 0.5054 1.4464
v -3.3161 0.2964 0.8408
v -3.1388 0.3266 0.9360
v -0.5903 0.2818 1.2920
v 4.9877 1.7683 0.7753
v 4.7541 1.6757 0.9218
v 0.7486 1.6749 1.8281
v -3.7736 1.4011 0.2409
v -0.3771 2.5080 1.7532
v -2.9175 2.4818 0.1962
v -3.8635 2.5074 0.4721
v -3.6266 2.5700 0.2009
v -1.4094 2.7796 1.3634
v -1.9857 3.3894 1.2647
v 0.6590 9.3593 0.4212
v 2.6323 10.0321 -1.5829
v 2.8221 10.0957 -1.6668
v 1.5229 5.2666 1.2650
v 3.1679 6.4566 -0.4922
v -1.9342 3.6986 1.3838
v 3.2549 2.1585 1.4081
v 0.4341 2.6669 1.4192
v 0.7874 3.0556 2.0577
v 2.7990 3.8957 0.6817
v 3.1341 3.3192 0.4582
v 3.2555 2.0488 1.5935
v -2.2514 1.9710 0.4816
v -1.3658 2.3655 0.4470
v 3.0740 5.4593 -0.2887
v 3.1636 7.4514 -0.6427
v 3.1248 7.9213 -0.6782
v 2.8112 8.7428 -0.3928
v 2.9510 8.8879 -0.4435
v 2.4353 10.1204 -1.5409
v 3.4945 5.1140 -0.4662
v 2.0852 8.0886 -0.1018
v 3.0433 1.2856 1.5763
v 3.1531 2.8969 1.5858
v 3.1546 2.4378 1.4065
v 2.1780 2.7407 1.7825
v 2.6713 2.3693 1.7158
v -3.9889 2.5089 0.6967
v -3.9472 2.8552 0.7509
v -2.8478 3.3392 0.0270
v 0.1235 3.1024 1.8868
v 0.5225 2.2360 1.5077
v 0.0026 2.7076 1.5202
v 1.1302 2.1815 1.7787
v 1.7823 4.3336 0.8626
v -2.3780 2.0010 0.6263
v -1.7856 2.9471 1.2539
v -0.7341 2.6353 1.5087
v -1.1869 2.6560 1.4692
v -4.5555 2.4063 0.9207
v 2.4010 1.6545 1.7334
v -3.6768 3.4693 -0.0148
v -4.1768 1.5447 0.4033
v -3.9226 1.5790 0.1844
v 0.1520 7.3818 1.8620
v 3.9826 1.6590 1.2975
v 4.6731 1.4930 0.6952
v 4.5443 1.6124 0.7579
v -2.4676 5.7843 1.5208
v 3.8707 1.4751 1.4287
v 1.4249 1.7339 1.8345
v 1.4207 1.3000 1.6689
v 1.4918 1.3698 1.8062
v 1.2835 1.4630 1.9265
v 3.3526 0.5076 1.4440
v 1.7453 0.2727 1.2480
v -1.0065 0.2628 1.4836
v -0.5148 0.3301 1.4579
v -0.0415 0.3100 1.3652
v -2.9782 0.3257 1.0520
v 4.5099 0.5008 0.6940
v 0.4761 0.1173 1.4155
v 2.0705 0.2749 1.2729
v 0.5764 2.3705 1.4875
v 4.1758 5.7684 -1.2184
v 0.2242 6.3166 2.0246
v 1.4633 5.8170 1.4326
v -1.9745 7.6414 1.8044
v -3.2787 7.2710 0.8720
v -3.1089 7.3420 0.7446
v 1.5118 7.2963 0.6702
v 0.3809 8.5336 0.8573
v -2.9469 2.9373 0.3243
v -4.8414 3.4752 1.1641
v -1.9777 8.1848 1.6040
v -3.9908 4.7390 1.4173
v -3.7912 4.7746 1.4816
v -3.3144 5.8705 1.3011
v -3.5033 5.7296 0.9931
v -3.2033 4.7688 1.7515
v -3.5786 4.7812 1.6790
v -4.0710 6.8121 -0.2832
v -2.9159 6.8136 1.0780
v -3.1011 6.6433 1.1944
v -3.1426 6.6741 0.6119
v -3.4195 6.0291 1.1709
v -3.1646 6.2327 1.5379
v -1.9514 2.7170 0.4388
v -3.5614 0.7995 0.8851
v -4.8083 2.0695 0.8924
v -4.5803 1.9018 0.9103
v -4.7182 1.9640 0.9901
v -4.4068 1.7821 0.6266
v -5.0674 3.1979 0.7499
v 3.3212 7.7344 -0.7402
v -0.2470 2.0317 1.3344
v -2.9676 9.1853 -0.6725
v -3.6784 3.1742 -0.0953
v 2.6951 8.2093 -0.4448
v -0.0766 3.6286 1.7815
v -1.7245 10.3300 -0.2611
v -3.2677 3.6363 0.3731
v -2.8151 3.4650 0.2581
v -1.3672 9.4299 1.1279
v -1.3269 9.8629 0.6640
v 1.8352 2.9136 1.4922
v 1.0519 9.5288 0.3840
v 0.4160 2.8411 1.6441
v -1.2764 5.6079 1.8555
v 0.6014 9.5582 0.1689
v -0.2251 9.9847 0.2612
v 2.8255 8.2730 -0.5866
v 0.4848 10.1571 0.5253
v 1.6126 7.1065 0.4736
v -3.5267 8.8975 -1.7503
v 3.8779 7.3669 -1.3119
v 2.8501 8.3443 -0.3726
v 4.1688 7.0189 -1.4703
v 0.8360 9.0452 0.4366
v 0.6614 7.9304 1.2509
v 0.2728 8.7515 0.8183
v 0.6997 8.2330 1.1847
v -0.1696 8.6669 1.1612
v 0.2227 8.0271 1.2497
v -0.4331 8.8871 1.3008
v 0.4494 8.4288 1.0987
v 0.3343 8.4089 1.0045
v -3.4726 9.5662 -1.1930
v 4.0594 9.4942 -1.7366
v 3.4455 9.3797 -1.5238
v 2.5085 9.5066 -0.8220
v 1.9599 9.0663 -0.0413
v 2.4679 8.6178 -0.4700
v 1.2652 9.1646 0.3805
v 1.2121 9.3637 0.1791
v 1.2994 8.9854 0.2590
v 1.3897 9.0624 0.4140
v 1.6876 8.6067 0.1970
v 1.8178 8.9992 0.0961
v 4.7511 8.5940 -1.7231
v 3.3894 8.5101 -0.6857
v 3.4382 8.0774 -0.3371
v 2.2673 8.2955 0.2151
v 2.2639 7.9395 -0.1243
v 1.8903 8.3489 -0.0998
v 4.3198 7.9736 -1.5417
v 3.9157 7.5497 -0.9659
v 4.3368 7.0990 -1.1146
v 2.0564 7.7021 0.1556
v 2.3588 7.5635 0.0114
v 2.2652 7.5728 -0.0175
v 2.6311 7.2508 -0.2441
v 1.4516 7.6183 0.6412
v 1.6789 7.5529 0.6377
v 3.5049 7.6670 -0.5928
v 3.6715 7.5137 -1.2179
v 2.6537 0.8032 1.2870
v 1.1074 3.2848 1.8680
v 0.8165 2.7206 1.5345
v 1.5841 3.0170 1.8066
v 1.2011 4.0362 0.8209
v 1.2605 3.9821 1.4789
v 1.4522 3.8078 1.4284
v 1.2166 4.7663 0.2431
v 1.4164 5.0452 0.5786
v 1.6032 7.2193 0.6911
v 1.3935 6.0821 1.5726
v 3.4494 6.9525 -0.9101
v -0.6231 2.3106 1.4757
v -0.2029 1.7564 0.9260
v -0.0748 1.9223 1.2036
v -0.4904 3.2551 1.9810
v -0.4053 2.8933 1.5345
v 0.0408 2.9302 1.7048
v -0.8526 3.8982 2.1307
v -0.9434 4.0768 2.1077
v -0.1632 3.8528 2.0970
v -0.7278 5.2598 1.5079
v -0.6049 5.7002 2.0783
v -0.7828 5.4158 1.5735
v -2.8885 5.8007 1.5139
v -2.7744 5.8887 1.6482
v -3.3809 5.1727 1.7830
v -0.9256 4.7871 1.8678
v -2.1083 0.8881 1.2821
v -3.6689 1.7891 0.2714
v -3.2093 2.9385 0.1207
v -3.1110 3.9379 1.4712
v -2.4304 3.2636 0.7677
v -2.4492 3.8744 1.2341
v -2.4919 3.9287 1.1478
v -1.9273 7.1956 1.9968
v -2.4638 6.9366 1.7431
v -2.9538 6.0141 1.5473
v -2.1682 6.5549 1.9935
v -1.3786 6.5589 2.1475
v -1.4438 6.6360 2.0191
v -1.0204 6.3547 2.1914
v -1.0718 5.6890 2.2303
v -2.0965 5.9388 1.8205
v -0.7319 7.6301 1.9068
v -1.5037 5.8197 1.8526
v -0.2451 7.8719 1.8622
v -0.2724 7.7916 1.7792
v 4.3865 6.5482 -1.3595
v 4.0483 6.2885 -1.2559
v 3.5539 6.6687 -1.1579
v -2.2033 4.2519 1.5549
v -1.8978 2.3853 0.1652
v 2.1763 6.0898 0.2761
v 1.6630 3.3733 1.4965
v 2.2944 7.9548 0.3712
v 3.9166 6.8527 -1.0854
v 3.8284 6.6458 -1.3824
v -1.7408 4.0902 1.6504
v 3.9718 7.6560 -1.0796
v 4.7008 6.6054 -1.4617
v 2.6629 6.5350 0.0160
v 0.6700 8.3714 0.7933
v -1.8024 5.0865 1.7378
v 1.7919 5.5041 0.9388
v -2.8764 9.5062 0.5194
v -3.1441 9.6146 0.0393
v 4.3286 1.0131 1.0663
v 4.4736 0.8743 1.0257
v 3.6968 4.1116 0.4557
v 3.7164 3.6618 0.4608
v 3.8475 3.5592 0.4277
v 3.5275 5.3673 -0.3784
v 3.8035 5.1152 -0.4395
v 3.4599 4.9036 -0.2375
v 4.3317 5.2501 -1.0596
v 0.7690 4.9547 0.3497
v 0.8866 5.2062 0.5362
v 2.2077 4.7190 0.4885
v 1.9721 4.7149 0.6762
v 0.8229 4.5518 0.7946
v -1.7643 4.5936 1.7079
v -1.3899 4.3192 1.8934
v 0.3050 6.0201 2.1767
v 4.3390 4.2289 0.1789
v 4.2595 3.4262 0.1270
v 4.3109 3.6695 0.2302
v 5.0602 3.7922 -0.7900
v 0.3716 3.9146 1.4081
v 0.2732 4.0950 1.5209
v 0.1339 4.5441 1.3303
v 0.9355 3.8223 1.4921
v -3.5483 4.4066 1.7407
v -3.9008 3.3516 -0.0999
v 1.9609 3.8189 0.7700
v 1.0316 2.7721 2.0122
v -4.5354 3.1692 0.6332
v -3.9666 2.9400 0.4483
v 2.2302 3.0882 1.3975
v 4.1962 1.8360 0.9480
v 4.2199 2.1105 1.1193
v 0.5769 1.7940 1.5718
v -4.0179 2.0062 0.9096
v -3.9103 1.9903 0.6066
v 2.4645 2.2771 1.7171
v 2.2344 2.2590 1.7062
v 2.2861 2.0262 1.7506
v 2.3836 1.8264 1.8948
v 2.7018 2.0381 1.8016
v 2.8478 1.9268 1.7844
v -1.8613 1.9535 0.3602
v -4.8333 1.0462 0.6024
v -2.6505 0.9846 1.2640
v -0.0420 0.8492 1.4458
v 3.0812 0.7500 1.6324
v 3.5207 1.0290 1.3688
v -1.5076 1.6914 1.1568
v 0.2547 7.8777 1.4687
v -1.1520 2.2011 0.8684
v 0.1062 10.1059 -0.1444
v -1.4168 1.8327 0.5590
v 0.0608 6.3915 2.4686
v 0.2934 6.0394 2.2995
v -3.4456 6.0541 0.9225
v -2.2363 5.4893 1.6236
v -2.1812 5.6274 1.6631
v 0.5947 5.7671 1.6831
v 0.4824 5.4725 1.4712
v 0.1652 7.2508 2.0305
v 0.1823 7.2237 1.8919
v 0.2174 7.1672 2.2520
v -4.2889 4.9054 1.0588
v -4.5949 4.9946 1.0916
v -4.5876 4.6934 1.3447
v -4.3684 5.1405 0.9818
v -3.1796 3.3886 -0.1838
v -0.4314 8.3875 1.6374
v -0.1377 8.2166 1.3582
v -0.1560 8.0844 1.4633
v 4.2217 6.3305 -1.1367
v -0.9007 8.3301 1.8575
v -1.2778 8.6703 1.7576
v -0.8614 7.8646 2.0566
v -1.6653 8.4213 1.2991
v -2.3106 6.5758 1.9122
v -2.2255 6.7761 2.1136
v -1.9756 7.0584 1.9153
v -2.4106 6.7612 1.9506
v -4.0788 7.0061 -0.3278
v -5.0990 3.1552 0.7657
v -4.5375 5.0268 0.7294
v -5.0581 4.7488 1.3502
v -3.7126 8.3735 -2.3810
vt 0.05834 0.32127
vt 0.04719 0.29199
vt 0.06001 0.30574
vt 0.04719 0.29199
vt 0.05953 0.29721
vt 0.06001 0.30574
vt 0.19070 0.02077
vt 0.15707 0.03765
vt 0.18017 0.01151
vt 0.60591 0.30261
vt 0.60867 0.28261
vt 0.63252 0.28195
vt 0.03942 0.34589
vt 0.02506 0.33457
vt 0.05834 0.32127
vt 0.65383 0.27148
vt 0.63252 0.28195
vt 0.63076 0.26328
vt 0.63076 0.26328
vt 0.60965 0.26815
vt 0.62713 0.24556
vt 0.64062 0.22914
vt 0.62713 0.24556
vt 0.60894 0.22938
vt 0.65820 0.22135
vt 0.64062 0.22914
vt 0.64901 0.21263
vt 0.67083 0.20769
vt 0.65820 0.22135
vt 0.64901 0.21263
vt 0.64062 0.22914
vt 0.65628 0.23738
vt 0.65383 0.27148
vt 0.66557 0.22976
vt 0.66716 0.23764
vt 0.65628 0.23738
vt 0.64062 0.22914
vt 0.65383 0.27148
vt 0.62713 0.24556
vt 0.97274 0.98896
vt 0.96869 0.96933
vt 0.98961 0.98517
vt 0.03566 0.05165
vt 0.01722 0.06014
vt 0.00648 0.04343
vt 0.04748 0.04552
vt 0.04646 0.03819
vt 0.06781 0.04044
vt 0.48430 0.93201
vt 0.47346 0.93033
vt 0.48141 0.92545
vt 0.06781 0.04044
vt 0.07453 0.03224
vt 0.07444 0.04446
vt 0.04750 0.02049
vt 0.06781 0.04044
vt 0.04646 0.03819
vt 0.07453 0.03224
vt 0.06781 0.04044
vt 0.06575 0.01230
vt 0.03566 0.05165
vt 0.04696 0.05943
vt 0.03672 0.07376
vt 0.48430 0.93201
vt 0.48141 0.92545
vt 0.48900 0.91265
vt 0.03566 0.05165
vt 0.03672 0.07376
vt 0.01722 0.06014
vt 0.04748 0.04552
vt 0.06781 0.04044
vt 0.04886 0.05880
vt 0.17518 0.05019
vt 0.19070 0.02077
vt 0.19468 0.04620
vt 0.38270 0.32540
vt 0.39658 0.32641
vt 0.38913 0.34157
vt 0.39658 0.32641
vt 0.40799 0.30702
vt 0.41512 0.31020
vt 0.40799 0.30702
vt 0.39658 0.32641
vt 0.38270 0.32540
vt 0.40581 0.33173
vt 0.39658 0.32641
vt 0.41512 0.31020
vt 0.39808 0.28436
vt 0.39246 0.29288
vt 0.39618 0.27231
vt 0.39808 0.28436
vt 0.40384 0.27162
vt 0.41030 0.28052
vt 0.40799 0.30702
vt 0.41030 0.28052
vt 0.41798 0.28882
vt 0.70814 0.23574
vt 0.71039 0.22203
vt 0.72075 0.23613
vt 0.56178 0.21789
vt 0.54767 0.23582
vt 0.54295 0.22172
vt 0.55663 0.25437
vt 0.55226 0.24358
vt 0.56315 0.23599
vt 0.58671 0.22587
vt 0.59767 0.24986
vt 0.56315 0.23599
vt 0.58671 0.22587
vt 0.56315 0.23599
vt 0.56178 0.21789
vt 0.59914 0.16859
vt 0.59679 0.19655
vt 0.58398 0.17510
vt 0.63682 0.61488
vt 0.64693 0.63954
vt 0.62830 0.63394
vt 0.52487 0.17219
vt 0.52804 0.18769
vt 0.51550 0.17179
vt 0.62654 0.57387
vt 0.63682 0.61488
vt 0.60498 0.58134
vt 0.61772 0.64410
vt 0.60190 0.61459
vt 0.62830 0.63394
vt 0.54652 0.18052
vt 0.57354 0.14251
vt 0.57532 0.17018
vt 0.58545 0.14184
vt 0.60512 0.15395
vt 0.57532 0.17018
vt 0.60512 0.15395
vt 0.59914 0.16859
vt 0.57532 0.17018
vt 0.57532 0.17018
vt 0.59914 0.16859
vt 0.58398 0.17510
vt 0.06681 0.41488
vt 0.05256 0.41326
vt 0.06346 0.40010
vt 0.16863 0.88976
vt 0.14473 0.87888
vt 0.16706 0.85994
vt 0.19468 0.04620
vt 0.19070 0.02077
vt 0.19941 0.02525
vt 0.18017 0.01151
vt 0.19360 0.00861
vt 0.19070 0.02077
vt 0.60702 0.95267
vt 0.61542 0.95737
vt 0.60006 0.97014
vt 0.46129 0.31458
vt 0.46110 0.33806
vt 0.45422 0.31648
vt 0.52702 0.88526
vt 0.49618 0.87304
vt 0.51437 0.87630
vt 0.55888 0.93509
vt 0.54390 0.89951
vt 0.56940 0.89868
vt 0.54390 0.89951
vt 0.55217 0.88538
vt 0.56940 0.89868
vt 0.14442 0.11241
vt 0.15743 0.10446
vt 0.15984 0.11915
vt 0.52702 0.88526
vt 0.54187 0.87598
vt 0.54390 0.89951
vt 0.71039 0.22203
vt 0.70814 0.23574
vt 0.69351 0.23992
vt 0.38913 0.34157
vt 0.39658 0.32641
vt 0.40581 0.33173
vt 0.00799 0.03155
vt 0.03566 0.05165
vt 0.00648 0.04343
vt 0.47568 0.89306
vt 0.48404 0.88688
vt 0.48530 0.90196
vt 0.06271 0.06875
vt 0.04886 0.05880
vt 0.06781 0.04044
vt 0.45531 0.91956
vt 0.47346 0.93033
vt 0.45293 0.93231
vt 0.65628 0.23738
vt 0.65820 0.22135
vt 0.66557 0.22976
vt 0.65820 0.22135
vt 0.65628 0.23738
vt 0.64062 0.22914
vt 0.66557 0.22976
vt 0.67622 0.23142
vt 0.66716 0.23764
vt 0.03566 0.05165
vt 0.00799 0.03155
vt 0.03430 0.03418
vt 0.50780 0.55900
vt 0.49899 0.55491
vt 0.50951 0.54810
vt 0.05256 0.41326
vt 0.06681 0.41488
vt 0.05069 0.42374
vt 0.66716 0.23764
vt 0.67622 0.23142
vt 0.67792 0.24978
vt 0.03566 0.05165
vt 0.04748 0.04552
vt 0.04696 0.05943
vt 0.01582 0.01517
vt 0.03430 0.03418
vt 0.00799 0.03155
vt 0.13528 0.20882
vt 0.12528 0.22076
vt 0.10762 0.21672
vt 0.06781 0.04044
vt 0.04750 0.02049
vt 0.05395 0.01496
vt 0.19468 0.04620
vt 0.18738 0.08122
vt 0.17648 0.06715
vt 0.21541 0.08986
vt 0.20163 0.09148
vt 0.21006 0.06628
vt 0.39246 0.29288
vt 0.39808 0.28436
vt 0.41030 0.28052
vt 0.20594 0.13365
vt 0.21868 0.12113
vt 0.22443 0.12809
vt 0.80799 0.85387
vt 0.80029 0.86658
vt 0.79233 0.85498
vt 0.47960 0.35785
vt 0.48160 0.36782
vt 0.47250 0.35987
vt 0.64693 0.63954
vt 0.62989 0.64682
vt 0.62830 0.63394
vt 0.54767 0.23582
vt 0.56315 0.23599
vt 0.55226 0.24358
vt 0.58866 0.94924
vt 0.55888 0.93509
vt 0.58275 0.91593
vt 0.78495 0.88084
vt 0.77495 0.87733
vt 0.77076 0.86471
vt 0.22509 0.14515
vt 0.20594 0.13365
vt 0.22443 0.12809
vt 0.60498 0.58134
vt 0.63682 0.61488
vt 0.60190 0.61459
vt 0.60867 0.28261
vt 0.60965 0.26815
vt 0.63076 0.26328
vt 0.55715 0.56993
vt 0.57582 0.56301
vt 0.57569 0.56949
vt 0.60884 0.56780
vt 0.62654 0.57387
vt 0.60498 0.58134
vt 0.65999 0.59388
vt 0.63682 0.61488
vt 0.62654 0.57387
vt 0.57515 0.96554
vt 0.55888 0.93509
vt 0.58866 0.94924
vt 0.18738 0.08122
vt 0.21006 0.06628
vt 0.20163 0.09148
vt 0.02506 0.33457
vt 0.03573 0.30820
vt 0.05834 0.32127
vt 0.14442 0.11241
vt 0.12594 0.11339
vt 0.13541 0.09179
vt 0.66716 0.23764
vt 0.67792 0.24978
vt 0.65628 0.23738
vt 0.48404 0.88688
vt 0.47568 0.89306
vt 0.46376 0.88813
vt 0.14532 0.21780
vt 0.12528 0.22076
vt 0.13528 0.20882
vt 0.38057 0.31758
vt 0.38498 0.30323
vt 0.38270 0.32540
vt 0.38270 0.32540
vt 0.37059 0.34051
vt 0.38057 0.31758
vt 0.68930 0.22459
vt 0.71039 0.22203
vt 0.69351 0.23992
vt 0.70814 0.23574
vt 0.71055 0.24830
vt 0.69691 0.25834
vt 0.67083 0.20769
vt 0.66557 0.22976
vt 0.65820 0.22135
vt 0.40799 0.30702
vt 0.38270 0.32540
vt 0.39766 0.29937
vt 0.46337 0.26280
vt 0.45821 0.27912
vt 0.45644 0.26984
vt 0.57532 0.17018
vt 0.58398 0.17510
vt 0.54652 0.18052
vt 0.55056 0.69382
vt 0.54337 0.68541
vt 0.54598 0.68057
vt 0.50780 0.55900
vt 0.51866 0.55117
vt 0.51859 0.55854
vt 0.45717 0.89172
vt 0.46376 0.88813
vt 0.47568 0.89306
vt 0.07924 0.05319
vt 0.06781 0.04044
vt 0.07444 0.04446
vt 0.42464 0.26604
vt 0.41030 0.28052
vt 0.40384 0.27162
vt 0.54767 0.23582
vt 0.56178 0.21789
vt 0.56315 0.23599
vt 0.54598 0.68057
vt 0.56002 0.67650
vt 0.55056 0.69382
vt 0.45293 0.93231
vt 0.44531 0.91081
vt 0.45531 0.91956
vt 0.99306 0.97158
vt 0.98961 0.98517
vt 0.96869 0.96933
vt 0.97274 0.98896
vt 0.98961 0.98517
vt 0.98672 0.98850
vt 0.67792 0.24978
vt 0.65383 0.27148
vt 0.65628 0.23738
vt 0.04646 0.03819
vt 0.04748 0.04552
vt 0.03430 0.03418
vt 0.52702 0.88526
vt 0.54390 0.89951
vt 0.52270 0.91067
vt 0.54390 0.89951
vt 0.54187 0.87598
vt 0.55217 0.88538
vt 0.22377 0.11267
vt 0.22443 0.12809
vt 0.21868 0.12113
vt 0.19070 0.02077
vt 0.17518 0.05019
vt 0.15707 0.03765
vt 0.62713 0.24556
vt 0.60965 0.26815
vt 0.59767 0.24986
vt 0.60867 0.28261
vt 0.63076 0.26328
vt 0.63252 0.28195
vt 0.19468 0.04620
vt 0.17648 0.06715
vt 0.17518 0.05019
vt 0.60965 0.26815
vt 0.59342 0.27250
vt 0.59767 0.24986
vt 0.63076 0.26328
vt 0.62713 0.24556
vt 0.65383 0.27148
vt 0.61084 0.95250
vt 0.61542 0.95737
vt 0.60702 0.95267
vt 0.04748 0.04552
vt 0.03566 0.05165
vt 0.03430 0.03418
vt 0.06781 0.04044
vt 0.05395 0.01496
vt 0.06575 0.01230
vt 0.02571 0.01833
vt 0.03430 0.03418
vt 0.01582 0.01517
vt 0.02571 0.01833
vt 0.01582 0.01517
vt 0.01801 0.00936
vt 0.17273 0.09089
vt 0.17648 0.06715
vt 0.18738 0.08122
vt 0.17518 0.05019
vt 0.17648 0.06715
vt 0.15845 0.06612
vt 0.60702 0.95267
vt 0.60006 0.97014
vt 0.59839 0.95253
vt 0.17273 0.09089
vt 0.18738 0.08122
vt 0.20163 0.09148
vt 0.39618 0.27231
vt 0.40384 0.27162
vt 0.39808 0.28436
vt 0.41030 0.28052
vt 0.39766 0.29937
vt 0.39246 0.29288
vt 0.39766 0.29937
vt 0.38270 0.32540
vt 0.38498 0.30323
vt 0.43376 0.27639
vt 0.42551 0.29029
vt 0.42464 0.26604
vt 0.40797 0.25947
vt 0.42464 0.26604
vt 0.40384 0.27162
vt 0.41798 0.28882
vt 0.41030 0.28052
vt 0.42464 0.26604
vt 0.42551 0.29029
vt 0.41798 0.28882
vt 0.42464 0.26604
vt 0.37059 0.34051
vt 0.38270 0.32540
vt 0.38913 0.34157
vt 0.44033 0.42270
vt 0.43574 0.40533
vt 0.45657 0.41471
vt 0.62830 0.63394
vt 0.60190 0.61459
vt 0.63682 0.61488
vt 0.66109 0.62393
vt 0.64693 0.63954
vt 0.63682 0.61488
vt 0.58275 0.91593
vt 0.55888 0.93509
vt 0.56940 0.89868
vt 0.80678 0.84848
vt 0.81570 0.84900
vt 0.80799 0.85387
vt 0.22377 0.11267
vt 0.21868 0.12113
vt 0.21541 0.08986
vt 0.21868 0.12113
vt 0.20163 0.09148
vt 0.21541 0.08986
vt 0.90870 0.41179
vt 0.90739 0.43502
vt 0.88857 0.43093
vt 0.90870 0.41179
vt 0.88857 0.43093
vt 0.88752 0.41161
vt 0.05510 0.33472
vt 0.03942 0.34589
vt 0.05834 0.32127
vt 0.14746 0.57047
vt 0.14192 0.57368
vt 0.14178 0.56700
vt 0.06562 0.71040
vt 0.07992 0.71434
vt 0.07919 0.72827
vt 0.62749 0.92453
vt 0.63071 0.93635
vt 0.62269 0.93162
vt 0.08963 0.71651
vt 0.11824 0.70025
vt 0.11089 0.73480
vt 0.22920 0.55781
vt 0.22710 0.56552
vt 0.21161 0.56220
vt 0.41437 0.13442
vt 0.42738 0.13152
vt 0.42422 0.14687
vt 0.87750 0.54144
vt 0.88363 0.54178
vt 0.88202 0.54847
vt 0.24516 0.17719
vt 0.24708 0.16688
vt 0.25555 0.17576
vt 0.24112 0.18933
vt 0.25449 0.18576
vt 0.24366 0.19845
vt 0.83775 0.02954
vt 0.82375 0.02715
vt 0.83645 0.01508
vt 0.86539 0.82530
vt 0.87004 0.81187
vt 0.87843 0.81904
vt 0.83961 0.85635
vt 0.84665 0.84066
vt 0.85162 0.85496
vt 0.70567 0.96327
vt 0.68911 0.97223
vt 0.68814 0.95743
vt 0.42024 0.47432
vt 0.40770 0.45994
vt 0.43254 0.46644
vt 0.40770 0.45994
vt 0.40041 0.48652
vt 0.39164 0.46122
vt 0.75033 0.12074
vt 0.76088 0.13368
vt 0.74369 0.12555
vt 0.75033 0.12074
vt 0.76859 0.11405
vt 0.76088 0.13368
vt 0.79347 0.15300
vt 0.79248 0.17465
vt 0.77237 0.16841
vt 0.44791 0.59876
vt 0.46466 0.61025
vt 0.45380 0.63070
vt 0.64357 0.90730
vt 0.65197 0.90184
vt 0.64750 0.91205
vt 0.84075 0.23816
vt 0.85333 0.22067
vt 0.85971 0.24317
vt 0.30427 0.75139
vt 0.29424 0.72877
vt 0.31325 0.71837
vt 0.40640 0.52191
vt 0.41184 0.50562
vt 0.42390 0.51249
vt 0.77321 0.12584
vt 0.76859 0.11405
vt 0.78714 0.12552
vt 0.72707 0.09577
vt 0.73174 0.11761
vt 0.72051 0.10219
vt 0.88152 0.71066
vt 0.87215 0.74685
vt 0.86698 0.71407
vt 0.86199 0.74292
vt 0.84784 0.72531
vt 0.86698 0.71407
vt 0.82387 0.21020
vt 0.81992 0.18436
vt 0.84823 0.19291
vt 0.86291 0.68878
vt 0.87542 0.68811
vt 0.87133 0.70544
vt 0.41184 0.50562
vt 0.43146 0.49485
vt 0.42390 0.51249
vt 0.87133 0.70544
vt 0.87542 0.68811
vt 0.88674 0.70076
vt 0.87133 0.70544
vt 0.88152 0.71066
vt 0.86698 0.71407
vt 0.42024 0.47432
vt 0.43737 0.48073
vt 0.41945 0.48931
vt 0.88152 0.71066
vt 0.87133 0.70544
vt 0.88674 0.70076
vt 0.85960 0.70411
vt 0.86291 0.68878
vt 0.87133 0.70544
vt 0.86094 0.26097
vt 0.85971 0.24317
vt 0.87505 0.25475
vt 0.87542 0.68811
vt 0.86291 0.68878
vt 0.87790 0.67135
vt 0.87133 0.70544
vt 0.86698 0.71407
vt 0.85960 0.70411
vt 0.50365 0.65526
vt 0.48230 0.64108
vt 0.50391 0.63858
vt 0.49719 0.66744
vt 0.47563 0.66606
vt 0.47541 0.64598
vt 0.50365 0.65526
vt 0.50391 0.63858
vt 0.50351 0.65003
vt 0.70725 0.84524
vt 0.71754 0.84586
vt 0.70959 0.85068
vt 0.73037 0.82415
vt 0.71754 0.84586
vt 0.71609 0.83029
vt 0.50455 0.36415
vt 0.50224 0.34927
vt 0.51857 0.34801
vt 0.50872 0.33291
vt 0.51857 0.34801
vt 0.50224 0.34927
vt 0.74306 0.82561
vt 0.73037 0.82415
vt 0.74169 0.81808
vt 0.80173 0.78060
vt 0.79339 0.79705
vt 0.77734 0.78978
vt 0.80720 0.79629
vt 0.79339 0.79705
vt 0.80173 0.78060
vt 0.73026 0.74817
vt 0.71304 0.75019
vt 0.72769 0.71757
vt 0.68069 0.77527
vt 0.68136 0.75111
vt 0.69479 0.76301
vt 0.68136 0.75111
vt 0.68069 0.77527
vt 0.66822 0.76804
vt 0.94155 0.27046
vt 0.95240 0.26020
vt 0.93531 0.28899
vt 0.64261 0.76668
vt 0.63520 0.74584
vt 0.65694 0.75668
vt 0.46466 0.61025
vt 0.47010 0.63251
vt 0.45380 0.63070
vt 0.22920 0.55781
vt 0.21161 0.56220
vt 0.21897 0.55105
vt 0.23047 0.23499
vt 0.21939 0.25362
vt 0.20883 0.23915
vt 0.16969 0.25007
vt 0.14607 0.27867
vt 0.14773 0.25470
vt 0.17513 0.18655
vt 0.18409 0.19865
vt 0.16016 0.20945
vt 0.18409 0.19865
vt 0.20376 0.22441
vt 0.17432 0.22137
vt 0.42024 0.47432
vt 0.40041 0.48652
vt 0.40770 0.45994
vt 0.54452 0.96316
vt 0.56079 0.98699
vt 0.53333 0.98177
vt 0.45261 0.01494
vt 0.44495 0.03306
vt 0.43915 0.01834
vt 0.54452 0.96316
vt 0.53333 0.98177
vt 0.53009 0.96179
vt 0.15418 0.16710
vt 0.14903 0.18833
vt 0.14567 0.17514
vt 0.52702 0.88526
vt 0.50391 0.89739
vt 0.49618 0.87304
vt 0.50792 0.94504
vt 0.49521 0.91814
vt 0.52270 0.91067
vt 0.21350 0.18464
vt 0.17372 0.14851
vt 0.21537 0.16348
vt 0.17513 0.18655
vt 0.17372 0.14851
vt 0.18409 0.19865
vt 0.54452 0.96316
vt 0.53009 0.96179
vt 0.55888 0.93509
vt 0.53333 0.98177
vt 0.50792 0.94504
vt 0.53009 0.96179
vt 0.20163 0.09148
vt 0.17747 0.10927
vt 0.17273 0.09089
vt 0.15252 0.14054
vt 0.16707 0.13414
vt 0.15154 0.15763
vt 0.21897 0.55105
vt 0.21161 0.56220
vt 0.20526 0.54297
vt 0.13541 0.09179
vt 0.15739 0.08499
vt 0.15743 0.10446
vt 0.15743 0.10446
vt 0.17747 0.10927
vt 0.15984 0.11915
vt 0.15739 0.08499
vt 0.17648 0.06715
vt 0.17273 0.09089
vt 0.12594 0.11339
vt 0.14442 0.11241
vt 0.14097 0.12326
vt 0.45293 0.93231
vt 0.47346 0.93033
vt 0.49537 0.95574
vt 0.35510 0.44373
vt 0.37368 0.44092
vt 0.38077 0.46367
vt 0.37368 0.44092
vt 0.36861 0.42086
vt 0.39883 0.42808
vt 0.37368 0.44092
vt 0.39883 0.42808
vt 0.40925 0.44018
vt 0.17156 0.82876
vt 0.15406 0.83764
vt 0.15079 0.82254
vt 0.16390 0.85254
vt 0.15406 0.83764
vt 0.17006 0.84387
vt 0.19457 0.78198
vt 0.21136 0.76420
vt 0.21240 0.78161
vt 0.17006 0.84387
vt 0.20900 0.85962
vt 0.18417 0.86564
vt 0.18417 0.86564
vt 0.16863 0.88976
vt 0.16706 0.85994
vt 0.15406 0.83764
vt 0.17156 0.82876
vt 0.17006 0.84387
vt 0.21240 0.78161
vt 0.20171 0.80313
vt 0.19457 0.78198
vt 0.20171 0.80313
vt 0.21240 0.78161
vt 0.22461 0.80264
vt 0.21240 0.78161
vt 0.21136 0.76420
vt 0.23359 0.79006
vt 0.47030 0.69162
vt 0.47872 0.68005
vt 0.49251 0.68325
vt 0.49251 0.68325
vt 0.47872 0.68005
vt 0.47563 0.66606
vt 0.49251 0.68325
vt 0.47563 0.66606
vt 0.49719 0.66744
vt 0.79909 0.73276
vt 0.78422 0.75952
vt 0.76242 0.76240
vt 0.70261 0.81516
vt 0.68274 0.83067
vt 0.67925 0.80972
vt 0.91249 0.18615
vt 0.88287 0.14216
vt 0.90683 0.15165
vt 0.88579 0.17183
vt 0.91249 0.18615
vt 0.89960 0.18957
vt 0.90683 0.15165
vt 0.89171 0.13049
vt 0.90059 0.13512
vt 0.50074 0.43910
vt 0.51582 0.44627
vt 0.49918 0.45609
vt 0.40563 0.64587
vt 0.40128 0.63365
vt 0.41439 0.64433
vt 0.40563 0.64587
vt 0.39329 0.65941
vt 0.39095 0.64278
vt 0.38397 0.65205
vt 0.38785 0.64270
vt 0.39095 0.64278
vt 0.38785 0.64270
vt 0.38905 0.63727
vt 0.39095 0.64278
vt 0.40128 0.63365
vt 0.38905 0.63727
vt 0.39807 0.62674
vt 0.41535 0.62713
vt 0.40128 0.63365
vt 0.39807 0.62674
vt 0.89256 0.88073
vt 0.90683 0.89617
vt 0.89590 0.89683
vt 0.89256 0.88073
vt 0.91075 0.88765
vt 0.90683 0.89617
vt 0.59988 0.41736
vt 0.60799 0.39595
vt 0.60846 0.41977
vt 0.59013 0.40394
vt 0.59930 0.38831
vt 0.60799 0.39595
vt 0.59013 0.40394
vt 0.60799 0.39595
vt 0.59988 0.41736
vt 0.61897 0.37710
vt 0.60799 0.39595
vt 0.60416 0.38426
vt 0.60799 0.39595
vt 0.62157 0.40419
vt 0.60846 0.41977
vt 0.32437 0.79988
vt 0.31273 0.80005
vt 0.33456 0.78583
vt 0.32324 0.81597
vt 0.31273 0.80005
vt 0.32437 0.79988
vt 0.30004 0.81803
vt 0.31273 0.80005
vt 0.32324 0.81597
vt 0.20277 0.48099
vt 0.18840 0.48360
vt 0.18910 0.47268
vt 0.73066 0.18012
vt 0.74256 0.20431
vt 0.73744 0.20946
vt 0.05510 0.33472
vt 0.05834 0.32127
vt 0.05624 0.34839
vt 0.97388 0.88177
vt 0.98081 0.87942
vt 0.98567 0.89111
vt 0.75261 0.03030
vt 0.76941 0.03812
vt 0.75971 0.05011
vt 0.76373 0.00726
vt 0.76941 0.03812
vt 0.75261 0.03030
vt 0.76373 0.00726
vt 0.75261 0.03030
vt 0.73686 0.01000
vt 0.75971 0.05011
vt 0.75138 0.06223
vt 0.75261 0.03030
vt 0.78121 0.19033
vt 0.79448 0.19711
vt 0.78508 0.21800
vt 0.80472 0.21568
vt 0.79448 0.19711
vt 0.81779 0.19786
vt 0.80688 0.19089
vt 0.81992 0.18436
vt 0.81779 0.19786
vt 0.80472 0.21568
vt 0.81779 0.19786
vt 0.82387 0.21020
vt 0.59679 0.19655
vt 0.62502 0.17372
vt 0.61344 0.20797
vt 0.75396 0.45403
vt 0.77056 0.43846
vt 0.77431 0.47157
vt 0.77056 0.43846
vt 0.78089 0.45103
vt 0.77431 0.47157
vt 0.74569 0.43693
vt 0.77056 0.43846
vt 0.75396 0.45403
vt 0.77526 0.42360
vt 0.77929 0.43707
vt 0.77056 0.43846
vt 0.71055 0.24830
vt 0.70814 0.23574
vt 0.72075 0.23613
vt 0.68168 0.56296
vt 0.69245 0.57386
vt 0.69084 0.59993
vt 0.86604 0.79775
vt 0.85755 0.79454
vt 0.86290 0.78863
vt 0.88982 0.78643
vt 0.89036 0.77754
vt 0.90218 0.77418
vt 0.90008 0.48388
vt 0.89021 0.46781
vt 0.91549 0.46904
vt 0.91549 0.46904
vt 0.90739 0.43502
vt 0.91633 0.44439
vt 0.91549 0.46904
vt 0.91633 0.44439
vt 0.92160 0.46881
vt 0.50644 0.22930
vt 0.49522 0.23902
vt 0.49182 0.22180
vt 0.81583 0.23862
vt 0.82387 0.21020
vt 0.83990 0.21135
vt 0.88699 0.79444
vt 0.89464 0.79363
vt 0.89165 0.79606
vt 0.79347 0.15300
vt 0.77237 0.16841
vt 0.79350 0.14198
vt 0.84568 0.45669
vt 0.84028 0.42817
vt 0.85182 0.42483
vt 0.81392 0.46704
vt 0.81300 0.45792
vt 0.84336 0.46944
vt 0.36423 0.52421
vt 0.38893 0.49915
vt 0.39252 0.51079
vt 0.24926 0.89042
vt 0.23759 0.89023
vt 0.23811 0.88157
vt 0.25259 0.58202
vt 0.24525 0.60128
vt 0.23107 0.57797
vt 0.20061 0.58167
vt 0.20994 0.60237
vt 0.19237 0.58826
vt 0.76088 0.13368
vt 0.76859 0.11405
vt 0.77321 0.12584
vt 0.30768 0.54989
vt 0.30381 0.57924
vt 0.29677 0.55433
vt 0.31734 0.55168
vt 0.30381 0.57924
vt 0.30768 0.54989
vt 0.05624 0.34839
vt 0.06315 0.36397
vt 0.04522 0.37802
vt 0.79887 0.08497
vt 0.81977 0.09828
vt 0.79057 0.10311
vt 0.81118 0.11074
vt 0.81977 0.09828
vt 0.82329 0.11867
vt 0.81118 0.11074
vt 0.82329 0.11867
vt 0.80464 0.12767
vt 0.74202 0.11181
vt 0.73174 0.11761
vt 0.72707 0.09577
vt 0.74202 0.11181
vt 0.74787 0.08798
vt 0.75817 0.10574
vt 0.74202 0.11181
vt 0.74369 0.12555
vt 0.73174 0.11761
vt 0.74202 0.11181
vt 0.72707 0.09577
vt 0.74787 0.08798
vt 0.75817 0.10574
vt 0.75033 0.12074
vt 0.74202 0.11181
vt 0.33873 0.74335
vt 0.34162 0.71570
vt 0.36353 0.72906
vt 0.45669 0.77339
vt 0.44943 0.75043
vt 0.45923 0.76207
vt 0.44519 0.77815
vt 0.43533 0.75875
vt 0.45669 0.77339
vt 0.45669 0.77339
vt 0.43533 0.75875
vt 0.44943 0.75043
vt 0.44943 0.75043
vt 0.45601 0.73257
vt 0.46249 0.74154
vt 0.20526 0.54297
vt 0.18858 0.55231
vt 0.19260 0.52898
vt 0.18858 0.55231
vt 0.16938 0.54474
vt 0.19260 0.52898
vt 0.25838 0.51220
vt 0.25238 0.49057
vt 0.26814 0.50517
vt 0.98659 0.37848
vt 0.97549 0.40431
vt 0.98575 0.37021
vt 0.20587 0.43313
vt 0.21198 0.42348
vt 0.22504 0.43886
vt 0.79864 0.93779
vt 0.82096 0.95457
vt 0.79443 0.96521
vt 0.26861 0.39629
vt 0.28802 0.35082
vt 0.27762 0.37817
vt 0.28895 0.39876
vt 0.27762 0.37817
vt 0.29721 0.37033
vt 0.07287 0.92152
vt 0.05643 0.92939
vt 0.06140 0.91294
vt 0.06534 0.89327
vt 0.06140 0.91294
vt 0.03890 0.89292
vt 0.07767 0.88891
vt 0.08667 0.90746
vt 0.06534 0.89327
vt 0.08667 0.90746
vt 0.07287 0.92152
vt 0.06140 0.91294
vt 0.39972 0.35166
vt 0.40581 0.33173
vt 0.42502 0.32212
vt 0.39972 0.35166
vt 0.38913 0.34157
vt 0.40581 0.33173
vt 0.45919 0.39919
vt 0.46316 0.39028
vt 0.46693 0.39910
vt 0.46693 0.39910
vt 0.46316 0.39028
vt 0.47041 0.39296
vt 0.49194 0.30141
vt 0.48145 0.30685
vt 0.50020 0.28656
vt 0.87849 0.83068
vt 0.89327 0.83066
vt 0.89066 0.83890
vt 0.87849 0.83068
vt 0.89413 0.81880
vt 0.89327 0.83066
vt 0.43896 0.37009
vt 0.45372 0.36524
vt 0.45533 0.38485
vt 0.45533 0.38485
vt 0.44246 0.37720
vt 0.43896 0.37009
vt 0.45533 0.38485
vt 0.44155 0.38936
vt 0.44246 0.37720
vt 0.34069 0.42167
vt 0.33049 0.43357
vt 0.32463 0.42273
vt 0.31215 0.43487
vt 0.30764 0.41992
vt 0.32463 0.42273
vt 0.34069 0.42167
vt 0.32463 0.42273
vt 0.34027 0.40830
vt 0.49182 0.22180
vt 0.49634 0.20436
vt 0.50162 0.21334
vt 0.47154 0.21705
vt 0.46979 0.19563
vt 0.48405 0.21334
vt 0.91571 0.80745
vt 0.91324 0.78947
vt 0.92488 0.79584
vt 0.89413 0.81880
vt 0.91324 0.78947
vt 0.91571 0.80745
vt 0.53915 0.02710
vt 0.55028 0.02286
vt 0.54881 0.03869
vt 0.53030 0.02976
vt 0.53915 0.02710
vt 0.54881 0.03869
vt 0.15056 0.45448
vt 0.14241 0.43759
vt 0.15549 0.44296
vt 0.11664 0.48361
vt 0.11933 0.47158
vt 0.13660 0.47126
vt 0.10362 0.50666
vt 0.11664 0.48361
vt 0.10953 0.51435
vt 0.10559 0.48005
vt 0.11933 0.47158
vt 0.11664 0.48361
vt 0.50354 0.03689
vt 0.51141 0.02835
vt 0.51268 0.03649
vt 0.05069 0.42374
vt 0.06681 0.41488
vt 0.07072 0.43400
vt 0.07072 0.43400
vt 0.08070 0.41566
vt 0.09313 0.42868
vt 0.04993 0.43600
vt 0.05069 0.42374
vt 0.07072 0.43400
vt 0.57071 0.67885
vt 0.55056 0.69382
vt 0.56002 0.67650
vt 0.58174 0.02444
vt 0.57922 0.01632
vt 0.58771 0.01312
vt 0.56999 0.04534
vt 0.58174 0.02444
vt 0.58828 0.04081
vt 0.56808 0.02010
vt 0.57922 0.01632
vt 0.58174 0.02444
vt 0.58174 0.02444
vt 0.58771 0.01312
vt 0.59919 0.01622
vt 0.10338 0.38821
vt 0.08541 0.37612
vt 0.09724 0.37897
vt 0.11546 0.40775
vt 0.10338 0.38821
vt 0.12210 0.37872
vt 0.08541 0.37612
vt 0.09049 0.36167
vt 0.09724 0.37897
vt 0.10338 0.38821
vt 0.09724 0.37897
vt 0.10410 0.36208
vt 0.54020 0.15443
vt 0.57354 0.14251
vt 0.54652 0.18052
vt 0.51044 0.16239
vt 0.51859 0.15726
vt 0.51550 0.17179
vt 0.97035 0.82793
vt 0.96700 0.84242
vt 0.95836 0.83533
vt 0.41854 0.83949
vt 0.43219 0.83641
vt 0.42409 0.85397
vt 0.41854 0.83949
vt 0.42269 0.82097
vt 0.43219 0.83641
vt 0.52865 0.60977
vt 0.55184 0.59780
vt 0.54238 0.63694
vt 0.52865 0.60977
vt 0.54238 0.63694
vt 0.51933 0.61399
vt 0.56054 0.59713
vt 0.56159 0.61772
vt 0.55184 0.59780
vt 0.37750 0.93657
vt 0.38400 0.92817
vt 0.40124 0.93444
vt 0.40124 0.93444
vt 0.38400 0.92817
vt 0.39459 0.91948
vt 0.39459 0.91948
vt 0.40301 0.92767
vt 0.40124 0.93444
vt 0.32963 0.90688
vt 0.35587 0.90174
vt 0.34854 0.91760
vt 0.57163 0.79972
vt 0.58405 0.79958
vt 0.57092 0.81497
vt 0.57092 0.81497
vt 0.55941 0.81593
vt 0.57163 0.79972
vt 0.53166 0.81051
vt 0.53685 0.82151
vt 0.52721 0.81715
vt 0.89140 0.21830
vt 0.88314 0.21385
vt 0.88980 0.20098
vt 0.73276 0.59808
vt 0.75332 0.59344
vt 0.73927 0.61387
vt 0.75332 0.59344
vt 0.76387 0.58337
vt 0.75977 0.60580
vt 0.75977 0.60580
vt 0.77158 0.62356
vt 0.75387 0.62782
vt 0.75977 0.60580
vt 0.75387 0.62782
vt 0.73927 0.61387
vt 0.52132 0.07709
vt 0.54128 0.07135
vt 0.53081 0.08514
vt 0.51702 0.08961
vt 0.52132 0.07709
vt 0.53081 0.08514
vt 0.52132 0.07709
vt 0.50968 0.06567
vt 0.52726 0.06864
vt 0.56574 0.11192
vt 0.56876 0.08701
vt 0.58198 0.10291
vt 0.00978 0.24481
vt 0.01532 0.25280
vt 0.00550 0.25922
vt 0.57354 0.14251
vt 0.56940 0.12192
vt 0.58545 0.14184
vt 0.56940 0.12192
vt 0.56150 0.11708
vt 0.56574 0.11192
vt 0.55170 0.06689
vt 0.56543 0.06143
vt 0.56876 0.08701
vt 0.56876 0.08701
vt 0.56543 0.06143
vt 0.57969 0.07187
vt 0.47250 0.35987
vt 0.47763 0.35333
vt 0.47960 0.35785
vt 0.80029 0.86658
vt 0.78116 0.86117
vt 0.79233 0.85498
vt 0.80029 0.86658
vt 0.82107 0.86238
vt 0.82096 0.87877
vt 0.43656 0.30344
vt 0.42551 0.29029
vt 0.43825 0.29611
vt 0.43656 0.30344
vt 0.44632 0.29780
vt 0.45422 0.31648
vt 0.88752 0.41161
vt 0.86216 0.38782
vt 0.88000 0.37030
vt 0.88000 0.37030
vt 0.86419 0.34866
vt 0.87501 0.34919
vt 0.89072 0.34988
vt 0.87501 0.34919
vt 0.88580 0.33092
vt 0.77410 0.52226
vt 0.77508 0.55743
vt 0.76750 0.56200
vt 0.80259 0.52959
vt 0.80722 0.54745
vt 0.79612 0.54619
vt 0.51545 0.85033
vt 0.50797 0.85192
vt 0.51045 0.84186
vt 0.79612 0.54619
vt 0.80174 0.55652
vt 0.79600 0.57517
vt 0.71181 0.51731
vt 0.72981 0.52902
vt 0.70884 0.53226
vt 0.71121 0.47746
vt 0.72981 0.52902
vt 0.71181 0.51731
vt 0.69123 0.51879
vt 0.71181 0.51731
vt 0.70884 0.53226
vt 0.38710 0.96126
vt 0.37750 0.93657
vt 0.39720 0.95306
vt 0.73198 0.54488
vt 0.72723 0.56651
vt 0.70884 0.53226
vt 0.62497 0.50073
vt 0.63957 0.49750
vt 0.63895 0.51112
vt 0.63957 0.49750
vt 0.65303 0.51325
vt 0.63895 0.51112
vt 0.51327 0.37734
vt 0.51549 0.38718
vt 0.50973 0.38522
vt 0.54224 0.34311
vt 0.55447 0.35655
vt 0.55198 0.37772
vt 0.72322 0.76669
vt 0.72103 0.78504
vt 0.70649 0.77228
vt 0.37750 0.93657
vt 0.38710 0.96126
vt 0.34865 0.93137
vt 0.33093 0.96713
vt 0.32539 0.96831
vt 0.33296 0.96400
vt 0.33571 0.97684
vt 0.31626 0.97574
vt 0.32574 0.96850
vt 0.33296 0.96400
vt 0.32539 0.96831
vt 0.32741 0.95254
vt 0.32741 0.95254
vt 0.32539 0.96831
vt 0.30909 0.95886
vt 0.37750 0.93657
vt 0.34865 0.93137
vt 0.36854 0.92004
vt 0.34351 0.94017
vt 0.34865 0.93137
vt 0.35247 0.96144
vt 0.39661 0.40901
vt 0.41784 0.41057
vt 0.41921 0.41947
vt 0.60980 0.80720
vt 0.59112 0.81436
vt 0.59405 0.78716
vt 0.68069 0.77527
vt 0.69827 0.78867
vt 0.67925 0.80972
vt 0.30515 0.96745
vt 0.30909 0.95886
vt 0.31626 0.97574
vt 0.69479 0.76301
vt 0.69956 0.77787
vt 0.68069 0.77527
vt 0.31914 0.38152
vt 0.33293 0.34660
vt 0.35339 0.36716
vt 0.35339 0.36716
vt 0.36568 0.34847
vt 0.37029 0.36189
vt 0.66696 0.89912
vt 0.67740 0.88701
vt 0.66207 0.90658
vt 0.43254 0.46644
vt 0.43921 0.46407
vt 0.43737 0.48073
vt 0.43254 0.46644
vt 0.43686 0.45488
vt 0.43921 0.46407
vt 0.66207 0.90658
vt 0.66539 0.91784
vt 0.65618 0.92035
vt 0.82451 0.51160
vt 0.81466 0.50908
vt 0.81524 0.49528
vt 0.82451 0.51160
vt 0.81524 0.49528
vt 0.83081 0.48646
vt 0.87539 0.51683
vt 0.86465 0.51648
vt 0.87297 0.50288
vt 0.84727 0.25493
vt 0.86094 0.26097
vt 0.83595 0.26761
vt 0.87539 0.51683
vt 0.87297 0.50288
vt 0.88202 0.50470
vt 0.76934 0.37505
vt 0.77240 0.39355
vt 0.76022 0.40099
vt 0.77302 0.25774
vt 0.78253 0.26495
vt 0.76303 0.27199
vt 0.79604 0.27673
vt 0.80684 0.28818
vt 0.78908 0.29109
vt 0.72368 0.35317
vt 0.72220 0.37637
vt 0.70796 0.34930
vt 0.27521 0.16661
vt 0.26310 0.17822
vt 0.25555 0.17576
vt 0.70692 0.37718
vt 0.72220 0.37637
vt 0.71757 0.40183
vt 0.68580 0.62970
vt 0.68987 0.61876
vt 0.69374 0.63897
vt 0.68987 0.61876
vt 0.70000 0.62954
vt 0.69374 0.63897
vt 0.41579 0.58520
vt 0.40480 0.59167
vt 0.40457 0.58387
vt 0.42432 0.57258
vt 0.40310 0.57585
vt 0.41506 0.56457
vt 0.24122 0.01866
vt 0.23472 0.00989
vt 0.24695 0.01457
vt 0.22836 0.01534
vt 0.23472 0.00989
vt 0.24122 0.01866
vt 0.21030 0.66256
vt 0.20961 0.68123
vt 0.20572 0.66658
vt 0.21885 0.67590
vt 0.21030 0.66256
vt 0.22218 0.66436
vt 0.24122 0.01866
vt 0.24695 0.01457
vt 0.25822 0.02361
vt 0.33466 0.31793
vt 0.31320 0.31374
vt 0.32672 0.30089
vt 0.32386 0.33756
vt 0.30110 0.32843
vt 0.32490 0.32505
vt 0.32386 0.33756
vt 0.30477 0.33620
vt 0.30110 0.32843
vt 0.32490 0.32505
vt 0.30110 0.32843
vt 0.31320 0.31374
vt 0.83501 0.92864
vt 0.82096 0.95457
vt 0.80724 0.93484
vt 0.83342 0.93751
vt 0.82096 0.95457
vt 0.83501 0.92864
vt 0.79443 0.96521
vt 0.78665 0.93627
vt 0.79864 0.93779
vt 0.08735 0.95125
vt 0.07973 0.97448
vt 0.05978 0.96548
vt 0.05978 0.96548
vt 0.07973 0.97448
vt 0.06253 0.98110
vt 0.15412 0.75100
vt 0.14383 0.74503
vt 0.15856 0.73901
vt 0.16824 0.75374
vt 0.15412 0.75100
vt 0.17486 0.74373
vt 0.10712 0.98200
vt 0.11722 0.99139
vt 0.09860 0.99421
vt 0.16824 0.75374
vt 0.15431 0.77142
vt 0.15412 0.75100
vt 0.96873 0.25642
vt 0.97356 0.24579
vt 0.98842 0.26140
vt 0.96057 0.73272
vt 0.96114 0.74782
vt 0.95031 0.73831
vt 0.28013 0.28603
vt 0.28220 0.26475
vt 0.28646 0.27166
vt 0.28646 0.27166
vt 0.28987 0.25137
vt 0.30064 0.25702
vt 0.17587 0.68902
vt 0.16209 0.64519
vt 0.18389 0.66974
vt 0.12470 0.67042
vt 0.11256 0.65227
vt 0.12698 0.65806
vt 0.78495 0.88084
vt 0.80029 0.86658
vt 0.79887 0.88474
vt 0.10105 0.76483
vt 0.09319 0.74341
vt 0.11227 0.75362
vt 0.09319 0.74341
vt 0.10105 0.76483
vt 0.08020 0.74544
vt 0.11944 0.77420
vt 0.10105 0.76483
vt 0.12403 0.76122
vt 0.10125 0.77721
vt 0.10105 0.76483
vt 0.11944 0.77420
vt 0.10125 0.77721
vt 0.07901 0.77122
vt 0.10105 0.76483
vt 0.90396 0.58202
vt 0.90999 0.59771
vt 0.88789 0.59590
vt 0.26108 0.22887
vt 0.26683 0.20549
vt 0.27044 0.22665
vt 0.88692 0.57954
vt 0.90396 0.58202
vt 0.88789 0.59590
vt 0.88789 0.59590
vt 0.90999 0.59771
vt 0.90275 0.60947
vt 0.14192 0.57368
vt 0.12228 0.56270
vt 0.13436 0.56353
vt 0.14192 0.57368
vt 0.10950 0.57239
vt 0.12228 0.56270
vt 0.89537 0.54715
vt 0.90446 0.53837
vt 0.91098 0.54961
vt 0.04285 0.56864
vt 0.04998 0.56309
vt 0.05921 0.56959
vt 0.07540 0.57617
vt 0.07066 0.55418
vt 0.08164 0.56479
vt 0.04998 0.56309
vt 0.03524 0.56801
vt 0.04873 0.54703
vt 0.04998 0.56309
vt 0.04873 0.54703
vt 0.05713 0.54887
vt 0.95323 0.54077
vt 0.97230 0.54127
vt 0.95835 0.55527
vt 0.48035 0.01648
vt 0.47645 0.02826
vt 0.46284 0.02134
vt 0.02552 0.72711
vt 0.02682 0.75721
vt 0.01339 0.74304
vt 0.02552 0.72711
vt 0.01339 0.74304
vt 0.01104 0.72850
vt 0.05715 0.75654
vt 0.02682 0.75721
vt 0.02552 0.72711
vt 0.01104 0.72850
vt 0.00532 0.71344
vt 0.01119 0.71135
vt 0.02552 0.72711
vt 0.01104 0.72850
vt 0.01119 0.71135
vt 0.94429 0.59667
vt 0.95556 0.58676
vt 0.97563 0.60208
vt 0.96020 0.61136
vt 0.94429 0.59667
vt 0.97563 0.60208
vt 0.95556 0.58676
vt 0.96241 0.57399
vt 0.97563 0.60208
vt 0.39618 0.27231
vt 0.39586 0.26591
vt 0.40384 0.27162
vt 0.45493 0.19803
vt 0.44696 0.18619
vt 0.45448 0.18501
vt 0.45493 0.19803
vt 0.43931 0.19268
vt 0.44696 0.18619
vt 0.45793 0.21307
vt 0.44120 0.20565
vt 0.45493 0.19803
vt 0.48622 0.18234
vt 0.46454 0.17834
vt 0.47514 0.16152
vt 0.40957 0.15843
vt 0.42422 0.14687
vt 0.43203 0.16194
vt 0.41437 0.13442
vt 0.41722 0.12384
vt 0.42738 0.13152
vt 0.38057 0.31758
vt 0.36071 0.31897
vt 0.38498 0.30323
vt 0.36307 0.26123
vt 0.34194 0.25691
vt 0.36357 0.24577
vt 0.36307 0.26123
vt 0.34533 0.27033
vt 0.34194 0.25691
vt 0.36307 0.26123
vt 0.34508 0.28998
vt 0.34533 0.27033
vt 0.30870 0.13577
vt 0.30218 0.14838
vt 0.29865 0.14327
vt 0.29865 0.14327
vt 0.29839 0.13541
vt 0.30870 0.13577
vt 0.35409 0.14443
vt 0.35511 0.12167
vt 0.36284 0.13417
vt 0.33537 0.12573
vt 0.34437 0.12174
vt 0.33930 0.14464
vt 0.96665 0.67267
vt 0.97373 0.68638
vt 0.96199 0.67851
vt 0.40749 0.01654
vt 0.37767 0.03720
vt 0.38908 0.02246
vt 0.32649 0.10333
vt 0.30233 0.08656
vt 0.32500 0.08341
vt 0.30233 0.08656
vt 0.31697 0.07711
vt 0.32500 0.08341
vt 0.30024 0.09437
vt 0.29586 0.09125
vt 0.30233 0.08656
vt 0.97170 0.71162
vt 0.97373 0.68638
vt 0.97991 0.70828
vt 0.94357 0.66675
vt 0.93381 0.64965
vt 0.95221 0.66436
vt 0.91816 0.66233
vt 0.93381 0.64965
vt 0.94357 0.66675
vt 0.93381 0.64965
vt 0.96219 0.63837
vt 0.95221 0.66436
vt 0.84924 0.59989
vt 0.86537 0.60791
vt 0.86132 0.61643
vt 0.61584 0.92334
vt 0.61825 0.91647
vt 0.62749 0.92453
vt 0.03807 0.28837
vt 0.05248 0.27822
vt 0.04719 0.29199
vt 0.04719 0.29199
vt 0.06514 0.28218
vt 0.05953 0.29721
vt 0.01183 0.16010
vt 0.02497 0.15062
vt 0.04113 0.18065
vt 0.72769 0.71757
vt 0.71304 0.75019
vt 0.70405 0.73128
vt 0.01183 0.16010
vt 0.04113 0.18065
vt 0.00872 0.17710
vt 0.04558 0.25471
vt 0.05554 0.24723
vt 0.04723 0.26314
vt 0.84924 0.59989
vt 0.83061 0.60663
vt 0.82676 0.58896
vt 0.82676 0.58896
vt 0.83061 0.60663
vt 0.81732 0.59694
vt 0.84924 0.59989
vt 0.84949 0.61318
vt 0.83911 0.60767
vt 0.05554 0.24723
vt 0.06739 0.25210
vt 0.04723 0.26314
vt 0.03119 0.19668
vt 0.03183 0.20945
vt 0.01853 0.21373
vt 0.70096 0.20011
vt 0.69986 0.21394
vt 0.69589 0.19253
vt 0.01853 0.21373
vt 0.03183 0.20945
vt 0.02306 0.21814
vt 0.07610 0.24267
vt 0.09076 0.23764
vt 0.08946 0.24594
vt 0.07876 0.20052
vt 0.10762 0.21672
vt 0.08469 0.22041
vt 0.08379 0.27296
vt 0.09517 0.25780
vt 0.10161 0.26737
vt 0.10944 0.27155
vt 0.11099 0.24961
vt 0.11474 0.26067
vt 0.04568 0.10168
vt 0.06415 0.09375
vt 0.05933 0.10865
vt 0.06415 0.09375
vt 0.07261 0.09800
vt 0.05933 0.10865
vt 0.17432 0.22137
vt 0.16016 0.20945
vt 0.18409 0.19865
vt 0.07261 0.09800
vt 0.10560 0.12026
vt 0.09324 0.13346
vt 0.77405 0.94042
vt 0.78665 0.93627
vt 0.79443 0.96521
vt 0.13528 0.20882
vt 0.12798 0.18321
vt 0.14903 0.18833
vt 0.14532 0.21780
vt 0.13528 0.20882
vt 0.16016 0.20945
vt 0.16707 0.13414
vt 0.17372 0.14851
vt 0.15154 0.15763
vt 0.46597 0.86712
vt 0.47885 0.86881
vt 0.46520 0.87892
vt 0.47885 0.86881
vt 0.46597 0.86712
vt 0.47131 0.86094
vt 0.48404 0.88688
vt 0.46376 0.88813
vt 0.46520 0.87892
vt 0.12723 0.06397
vt 0.15845 0.06612
vt 0.14435 0.07409
vt 0.67600 0.32229
vt 0.66098 0.32779
vt 0.68423 0.31590
vt 0.68423 0.31590
vt 0.66098 0.32779
vt 0.65138 0.31409
vt 0.65138 0.31409
vt 0.67029 0.27634
vt 0.70490 0.28943
vt 0.89381 0.92830
vt 0.90003 0.94665
vt 0.88689 0.94932
vt 0.88428 0.93353
vt 0.89381 0.92830
vt 0.88689 0.94932
vt 0.89763 0.91870
vt 0.90450 0.93961
vt 0.89381 0.92830
vt 0.87773 0.05636
vt 0.88889 0.04876
vt 0.87588 0.07136
vt 0.87255 0.04381
vt 0.87907 0.03137
vt 0.88889 0.04876
vt 0.88889 0.04876
vt 0.90406 0.04505
vt 0.89280 0.06639
vt 0.88392 0.08399
vt 0.87588 0.07136
vt 0.89280 0.06639
vt 0.88945 0.67343
vt 0.88620 0.69003
vt 0.87542 0.68811
vt 0.84936 0.71067
vt 0.86698 0.71407
vt 0.84784 0.72531
vt 0.88620 0.69003
vt 0.88674 0.70076
vt 0.87542 0.68811
vt 0.61186 0.04148
vt 0.60021 0.05258
vt 0.58828 0.04081
vt 0.27600 0.87162
vt 0.27333 0.87830
vt 0.25447 0.86809
vt 0.61235 0.05190
vt 0.62268 0.04223
vt 0.62794 0.05420
vt 0.59919 0.01622
vt 0.61959 0.01926
vt 0.61443 0.02843
vt 0.61959 0.01926
vt 0.62184 0.03001
vt 0.61443 0.02843
vt 0.27284 0.85215
vt 0.27414 0.86395
vt 0.26605 0.84596
vt 0.27414 0.86395
vt 0.25447 0.86809
vt 0.26605 0.84596
vt 0.23759 0.89023
vt 0.21837 0.89459
vt 0.23037 0.88587
vt 0.22112 0.32664
vt 0.22785 0.30704
vt 0.23468 0.31373
vt 0.21050 0.33420
vt 0.22785 0.30704
vt 0.22112 0.32664
vt 0.17496 0.32685
vt 0.20422 0.31091
vt 0.21050 0.33420
vt 0.18633 0.82785
vt 0.17097 0.81673
vt 0.17737 0.78406
vt 0.61929 0.11568
vt 0.63283 0.10021
vt 0.62934 0.11946
vt 0.62934 0.11946
vt 0.63283 0.10021
vt 0.64625 0.10596
vt 0.59782 0.13123
vt 0.61929 0.11568
vt 0.61731 0.12781
vt 0.62934 0.11946
vt 0.64625 0.10596
vt 0.64455 0.11575
vt 0.66688 0.16390
vt 0.65858 0.13970
vt 0.68385 0.14787
vt 0.25780 0.76985
vt 0.25946 0.79749
vt 0.23359 0.79006
vt 0.27041 0.74999
vt 0.26975 0.76648
vt 0.25780 0.76985
vt 0.23699 0.73875
vt 0.20803 0.74760
vt 0.24144 0.71848
vt 0.23438 0.75017
vt 0.20803 0.74760
vt 0.23699 0.73875
vt 0.23438 0.75017
vt 0.23359 0.79006
vt 0.21136 0.76420
vt 0.09701 0.30247
vt 0.09028 0.28698
vt 0.10511 0.29257
vt 0.08267 0.29686
vt 0.08100 0.28495
vt 0.09028 0.28698
vt 0.08267 0.29686
vt 0.07181 0.29378
vt 0.08100 0.28495
vt 0.10511 0.29257
vt 0.10042 0.27633
vt 0.10944 0.27155
vt 0.16969 0.25007
vt 0.19130 0.26001
vt 0.15369 0.28237
vt 0.20303 0.26080
vt 0.19130 0.26001
vt 0.20883 0.23915
vt 0.19130 0.26001
vt 0.16969 0.25007
vt 0.19585 0.24431
vt 0.27127 0.04921
vt 0.24549 0.03314
vt 0.26535 0.03536
vt 0.51102 0.25049
vt 0.49522 0.23902
vt 0.50644 0.22930
vt 0.15373 0.58373
vt 0.14192 0.57368
vt 0.14746 0.57047
vt 0.19521 0.51342
vt 0.21897 0.49558
vt 0.21239 0.51388
vt 0.01635 0.36688
vt 0.03104 0.38145
vt 0.01504 0.38019
vt 0.41685 0.21171
vt 0.41738 0.19564
vt 0.42832 0.21464
vt 0.39274 0.14599
vt 0.40843 0.15441
vt 0.39509 0.15845
vt 0.41738 0.19564
vt 0.43123 0.19629
vt 0.44120 0.20565
vt 0.49354 0.18326
vt 0.49634 0.20436
vt 0.48890 0.19475
vt 0.42832 0.21464
vt 0.41738 0.19564
vt 0.44120 0.20565
vt 0.43612 0.12216
vt 0.45415 0.11881
vt 0.45496 0.13253
vt 0.09752 0.58308
vt 0.09682 0.56583
vt 0.10950 0.57239
vt 0.12908 0.84668
vt 0.15171 0.85443
vt 0.14473 0.87888
vt 0.07540 0.57617
vt 0.09682 0.56583
vt 0.09208 0.57741
vt 0.17382 0.90256
vt 0.16444 0.90155
vt 0.16863 0.88976
vt 0.13863 0.32183
vt 0.13993 0.30157
vt 0.15650 0.31431
vt 0.13863 0.32183
vt 0.12093 0.30766
vt 0.13993 0.30157
vt 0.42422 0.14687
vt 0.40957 0.15843
vt 0.40843 0.15441
vt 0.13863 0.32183
vt 0.11503 0.33232
vt 0.12093 0.30766
vt 0.10634 0.32145
vt 0.09708 0.34529
vt 0.09482 0.31674
vt 0.40925 0.44018
vt 0.42558 0.42575
vt 0.42476 0.43802
vt 0.42476 0.43802
vt 0.42558 0.42575
vt 0.44033 0.42270
vt 0.80872 0.89279
vt 0.78466 0.89740
vt 0.79887 0.88474
vt 0.78466 0.89740
vt 0.78495 0.88084
vt 0.79887 0.88474
vt 0.07456 0.34801
vt 0.08113 0.33455
vt 0.09708 0.34529
vt 0.05624 0.34839
vt 0.04522 0.37802
vt 0.03942 0.34589
vt 0.07523 0.36750
vt 0.07456 0.34801
vt 0.09049 0.36167
vt 0.36185 0.22376
vt 0.34229 0.21836
vt 0.33759 0.20774
vt 0.75111 0.85893
vt 0.76114 0.86032
vt 0.75504 0.88105
vt 0.76989 0.89681
vt 0.73013 0.88394
vt 0.75504 0.88105
vt 0.76114 0.86032
vt 0.77076 0.86471
vt 0.75504 0.88105
vt 0.92134 0.08715
vt 0.92278 0.06202
vt 0.93590 0.08069
vt 0.91673 0.07434
vt 0.92278 0.06202
vt 0.92134 0.08715
vt 0.93530 0.09384
vt 0.93590 0.08069
vt 0.95046 0.09464
vt 0.82225 0.67190
vt 0.81666 0.68675
vt 0.80544 0.68570
vt 0.82931 0.68359
vt 0.81666 0.68675
vt 0.82225 0.67190
vt 0.83513 0.67072
vt 0.82931 0.68359
vt 0.82225 0.67190
vt 0.84850 0.67725
vt 0.82984 0.70332
vt 0.83513 0.67072
vt 0.71304 0.75019
vt 0.69930 0.74791
vt 0.70405 0.73128
vt 0.69930 0.74791
vt 0.69379 0.73316
vt 0.70405 0.73128
vt 0.70477 0.71701
vt 0.69379 0.73316
vt 0.68671 0.71146
vt 0.91720 0.21973
vt 0.91525 0.20056
vt 0.94066 0.21767
vt 0.92580 0.24694
vt 0.91009 0.23224
vt 0.91720 0.21973
vt 0.58416 0.74968
vt 0.56761 0.77300
vt 0.55773 0.76459
vt 0.58416 0.74968
vt 0.58977 0.76062
vt 0.56761 0.77300
vt 0.91307 0.27674
vt 0.91087 0.25694
vt 0.92588 0.28452
vt 0.48520 0.77862
vt 0.49670 0.74369
vt 0.50463 0.76390
vt 0.48520 0.77862
vt 0.47537 0.75143
vt 0.49670 0.74369
vt 0.91743 0.17594
vt 0.90683 0.15165
vt 0.93228 0.16609
vt 0.90683 0.15165
vt 0.91955 0.13507
vt 0.93204 0.15167
vt 0.93204 0.15167
vt 0.94274 0.13218
vt 0.94057 0.15950
vt 0.64566 0.73288
vt 0.63520 0.74584
vt 0.63793 0.73156
vt 0.60643 0.73466
vt 0.60271 0.75049
vt 0.59771 0.73919
vt 0.77810 0.69669
vt 0.74663 0.72221
vt 0.75709 0.70456
vt 0.76747 0.72104
vt 0.75978 0.73189
vt 0.74663 0.72221
vt 0.87635 0.65307
vt 0.87927 0.65983
vt 0.86529 0.65671
vt 0.89313 0.65880
vt 0.88945 0.67343
vt 0.87927 0.65983
vt 0.87255 0.04381
vt 0.86365 0.01595
vt 0.87907 0.03137
vt 0.85845 0.03584
vt 0.86365 0.01595
vt 0.87255 0.04381
vt 0.85910 0.94041
vt 0.86052 0.97016
vt 0.85073 0.94899
vt 0.87907 0.03137
vt 0.86365 0.01595
vt 0.87719 0.01178
vt 0.84922 0.93114
vt 0.85910 0.94041
vt 0.85073 0.94899
vt 0.56143 0.83786
vt 0.57034 0.85028
vt 0.56266 0.85531
vt 0.58533 0.83518
vt 0.57034 0.85028
vt 0.56143 0.83786
vt 0.56143 0.83786
vt 0.56266 0.85531
vt 0.54806 0.83797
vt 0.51545 0.85033
vt 0.52402 0.84457
vt 0.52785 0.85990
vt 0.40927 0.73607
vt 0.40320 0.72239
vt 0.41817 0.73545
vt 0.39509 0.15845
vt 0.38028 0.19518
vt 0.35966 0.16785
vt 0.39557 0.74083
vt 0.39394 0.71636
vt 0.40320 0.72239
vt 0.91476 0.67223
vt 0.91816 0.66233
vt 0.92858 0.68072
vt 0.77734 0.78978
vt 0.77379 0.80374
vt 0.76180 0.78891
vt 0.44605 0.54517
vt 0.44534 0.53342
vt 0.45822 0.54537
vt 0.77437 0.81343
vt 0.75880 0.81706
vt 0.77379 0.80374
vt 0.41859 0.98893
vt 0.40327 0.97458
vt 0.42730 0.98936
vt 0.45008 0.67216
vt 0.43592 0.66000
vt 0.45072 0.65266
vt 0.42782 0.66816
vt 0.42024 0.65441
vt 0.43592 0.66000
vt 0.42980 0.63589
vt 0.43863 0.62223
vt 0.44177 0.64109
vt 0.63872 0.82850
vt 0.62354 0.83434
vt 0.61852 0.81824
vt 0.18288 0.94132
vt 0.18979 0.92048
vt 0.20397 0.92440
vt 0.68300 0.36420
vt 0.68811 0.34951
vt 0.69819 0.35635
vt 0.67173 0.34788
vt 0.67416 0.37226
vt 0.66606 0.35740
vt 0.67173 0.34788
vt 0.68230 0.35016
vt 0.68300 0.36420
vt 0.37723 0.60267
vt 0.37274 0.58627
vt 0.38135 0.58540
vt 0.68811 0.34951
vt 0.69843 0.34391
vt 0.69819 0.35635
vt 0.67416 0.37226
vt 0.68300 0.36420
vt 0.68385 0.37792
vt 0.59454 0.48256
vt 0.60917 0.46084
vt 0.61012 0.48420
vt 0.59962 0.44784
vt 0.59454 0.48256
vt 0.59008 0.46146
vt 0.59962 0.44784
vt 0.60917 0.46084
vt 0.59454 0.48256
vt 0.60917 0.46084
vt 0.62031 0.48115
vt 0.61012 0.48420
vt 0.35037 0.86632
vt 0.37271 0.84959
vt 0.38757 0.86944
vt 0.41052 0.90209
vt 0.40742 0.89102
vt 0.41450 0.89883
vt 0.40742 0.89102
vt 0.41846 0.89210
vt 0.41450 0.89883
vt 0.92453 0.83988
vt 0.93257 0.83042
vt 0.93976 0.84676
vt 0.91610 0.84044
vt 0.92071 0.83318
vt 0.92453 0.83988
vt 0.40105 0.90725
vt 0.40742 0.89102
vt 0.41052 0.90209
vt 0.40742 0.89102
vt 0.41057 0.87316
vt 0.41846 0.89210
vt 0.41057 0.87316
vt 0.42796 0.87656
vt 0.41846 0.89210
vt 0.83143 0.33384
vt 0.81804 0.33589
vt 0.82382 0.32821
vt 0.86351 0.12927
vt 0.85307 0.12518
vt 0.85326 0.11398
vt 0.94841 0.97534
vt 0.97274 0.98896
vt 0.93946 0.98738
vt 0.48470 0.13017
vt 0.46926 0.13567
vt 0.46554 0.12514
vt 0.72283 0.03232
vt 0.72785 0.04869
vt 0.71984 0.07501
vt 0.15707 0.96775
vt 0.14968 0.97115
vt 0.15436 0.95615
vt 0.92944 0.86089
vt 0.93819 0.86681
vt 0.93249 0.87901
vt 0.93249 0.87901
vt 0.93819 0.86681
vt 0.93648 0.87551
vt 0.93648 0.87551
vt 0.94030 0.88418
vt 0.93249 0.87901
vt 0.93819 0.86681
vt 0.94573 0.87423
vt 0.93648 0.87551
vt 0.33459 0.64389
vt 0.34329 0.63560
vt 0.36099 0.63875
vt 0.33239 0.02033
vt 0.32358 0.00718
vt 0.33049 0.00772
vt 0.36099 0.63875
vt 0.34772 0.62433
vt 0.36738 0.61694
vt 0.31114 0.68683
vt 0.32559 0.67747
vt 0.33502 0.69335
vt 0.33502 0.69335
vt 0.33568 0.67932
vt 0.35228 0.67448
vt 0.34920 0.68691
vt 0.34318 0.69815
vt 0.33502 0.69335
vt 0.98526 0.01824
vt 0.97578 0.01377
vt 0.98224 0.01143
vt 0.04371 0.61730
vt 0.03515 0.61698
vt 0.04163 0.60330
vt 0.06618 0.62236
vt 0.04163 0.60330
vt 0.06219 0.59915
vt 0.05574 0.62774
vt 0.04371 0.61730
vt 0.06618 0.62236
vt 0.04276 0.63122
vt 0.04371 0.61730
vt 0.05574 0.62774
vt 0.04276 0.63122
vt 0.02217 0.63115
vt 0.03515 0.61698
vt 0.03515 0.61698
vt 0.02900 0.59876
vt 0.04163 0.60330
vt 0.03515 0.61698
vt 0.02217 0.63115
vt 0.02900 0.59876
vt 0.14622 0.61949
vt 0.12653 0.62242
vt 0.12267 0.60233
vt 0.14133 0.63792
vt 0.12653 0.62242
vt 0.14622 0.61949
vt 0.18598 0.63134
vt 0.17436 0.63303
vt 0.18160 0.61992
vt 0.26850 0.07394
vt 0.26665 0.08480
vt 0.25167 0.07314
vt 0.18160 0.61992
vt 0.16313 0.62771
vt 0.17432 0.61170
vt 0.23285 0.04143
vt 0.25077 0.05589
vt 0.23643 0.05975
vt 0.24549 0.03314
vt 0.25077 0.05589
vt 0.23285 0.04143
vt 0.26758 0.44224
vt 0.27949 0.43448
vt 0.27074 0.44795
vt 0.24768 0.41874
vt 0.23933 0.41863
vt 0.24655 0.39907
vt 0.24833 0.42906
vt 0.24768 0.41874
vt 0.26430 0.41449
vt 0.98922 0.35622
vt 0.99048 0.34192
vt 0.99450 0.34700
vt 0.26430 0.41449
vt 0.24768 0.41874
vt 0.26861 0.39629
vt 0.09028 0.28698
vt 0.08100 0.28495
vt 0.08379 0.27296
vt 0.30224 0.49966
vt 0.29306 0.45769
vt 0.31310 0.48921
vt 0.34451 0.77212
vt 0.33456 0.78583
vt 0.33664 0.77125
vt 0.39086 0.68398
vt 0.39300 0.69625
vt 0.38314 0.68176
vt 0.39086 0.68398
vt 0.39021 0.66982
vt 0.40254 0.68027
vt 0.81956 0.13629
vt 0.81624 0.15900
vt 0.79350 0.14198
vt 0.79347 0.15300
vt 0.81624 0.15900
vt 0.79248 0.17465
vt 0.35524 0.55675
vt 0.34536 0.56291
vt 0.34940 0.54612
vt 0.48796 0.73057
vt 0.47156 0.71129
vt 0.48370 0.71321
vt 0.26241 0.13019
vt 0.25647 0.14545
vt 0.24729 0.13662
vt 0.47019 0.73835
vt 0.47156 0.71129
vt 0.48796 0.73057
vt 0.47537 0.75143
vt 0.47019 0.73835
vt 0.48796 0.73057
vt 0.47537 0.75143
vt 0.48796 0.73057
vt 0.49670 0.74369
vt 0.45601 0.73257
vt 0.43757 0.73141
vt 0.45593 0.71869
vt 0.43757 0.73141
vt 0.44334 0.71254
vt 0.45593 0.71869
vt 0.83662 0.11314
vt 0.82329 0.11867
vt 0.83723 0.09507
vt 0.32068 0.58417
vt 0.29925 0.59351
vt 0.30381 0.57924
vt 0.31734 0.55168
vt 0.32620 0.57440
vt 0.30381 0.57924
vt 0.83340 0.14407
vt 0.81956 0.13629
vt 0.83846 0.13534
vt 0.34774 0.53294
vt 0.33126 0.55341
vt 0.33551 0.53311
vt 0.11474 0.26067
vt 0.13804 0.25507
vt 0.12607 0.27292
vt 0.19585 0.24431
vt 0.16969 0.25007
vt 0.17432 0.22137
vt 0.12454 0.24896
vt 0.11474 0.26067
vt 0.11099 0.24961
vt 0.15612 0.22869
vt 0.16969 0.25007
vt 0.14773 0.25470
vt 0.33551 0.53311
vt 0.31734 0.55168
vt 0.31690 0.51926
vt 0.15612 0.22869
vt 0.17432 0.22137
vt 0.16969 0.25007
vt 0.36423 0.52421
vt 0.34774 0.53294
vt 0.34705 0.51685
vt 0.34948 0.50137
vt 0.36423 0.52421
vt 0.34705 0.51685
vt 0.34705 0.51685
vt 0.34774 0.53294
vt 0.33551 0.53311
vt 0.37970 0.54698
vt 0.36898 0.55525
vt 0.36484 0.54488
vt 0.36484 0.54488
vt 0.35524 0.55675
vt 0.34940 0.54612
vt 0.77237 0.16841
vt 0.79248 0.17465
vt 0.78121 0.19033
vt 0.79248 0.17465
vt 0.81624 0.15900
vt 0.81237 0.16964
vt 0.79248 0.17465
vt 0.81237 0.16964
vt 0.81992 0.18436
vt 0.80688 0.19089
vt 0.79248 0.17465
vt 0.81992 0.18436
vt 0.74223 0.16070
vt 0.77237 0.16841
vt 0.76590 0.18750
vt 0.74223 0.16070
vt 0.76116 0.14715
vt 0.77237 0.16841
vt 0.74729 0.13914
vt 0.76116 0.14715
vt 0.74223 0.16070
vt 0.76088 0.13368
vt 0.76116 0.14715
vt 0.74729 0.13914
vt 0.73066 0.18012
vt 0.74223 0.16070
vt 0.74794 0.18624
vt 0.32559 0.67747
vt 0.31032 0.66973
vt 0.33109 0.66192
vt 0.31032 0.66973
vt 0.29622 0.65264
vt 0.31686 0.64065
vt 0.33109 0.66192
vt 0.31032 0.66973
vt 0.33459 0.64389
vt 0.40254 0.68027
vt 0.39329 0.65941
vt 0.41110 0.65430
vt 0.13541 0.09179
vt 0.12594 0.11339
vt 0.11658 0.09271
vt 0.12347 0.14398
vt 0.14097 0.12326
vt 0.13746 0.13776
vt 0.38314 0.68176
vt 0.37838 0.66673
vt 0.38683 0.66166
vt 0.38683 0.66166
vt 0.38397 0.65205
vt 0.39329 0.65941
vt 0.12594 0.11339
vt 0.14097 0.12326
vt 0.12347 0.14398
vt 0.17747 0.10927
vt 0.20594 0.13365
vt 0.16707 0.13414
vt 0.52270 0.91067
vt 0.53009 0.96179
vt 0.50792 0.94504
vt 0.40735 0.69367
vt 0.40254 0.68027
vt 0.41526 0.67088
vt 0.40735 0.69367
vt 0.39086 0.68398
vt 0.40254 0.68027
vt 0.32117 0.49651
vt 0.33198 0.47315
vt 0.33138 0.49319
vt 0.17747 0.10927
vt 0.16707 0.13414
vt 0.15984 0.11915
vt 0.53333 0.98177
vt 0.49537 0.95574
vt 0.50792 0.94504
vt 0.33138 0.49319
vt 0.33198 0.47315
vt 0.34985 0.48593
vt 0.13181 0.88003
vt 0.12071 0.89143
vt 0.11297 0.87212
vt 0.31690 0.51926
vt 0.30924 0.50879
vt 0.32490 0.50816
vt 0.30924 0.50879
vt 0.29045 0.50872
vt 0.30224 0.49966
vt 0.30924 0.50879
vt 0.32117 0.49651
vt 0.32490 0.50816
vt 0.26430 0.41449
vt 0.26861 0.39629
vt 0.28895 0.39876
vt 0.15743 0.10446
vt 0.15739 0.08499
vt 0.17273 0.09089
vt 0.24655 0.39907
vt 0.25169 0.38195
vt 0.26861 0.39629
vt 0.20163 0.09148
vt 0.20594 0.13365
vt 0.17747 0.10927
vt 0.29471 0.43327
vt 0.30764 0.41992
vt 0.31215 0.43487
vt 0.26430 0.41449
vt 0.28895 0.39876
vt 0.28865 0.41977
vt 0.28865 0.41977
vt 0.28895 0.39876
vt 0.29597 0.40921
vt 0.30764 0.41992
vt 0.29597 0.40921
vt 0.30871 0.40464
vt 0.17513 0.18655
vt 0.15418 0.16710
vt 0.17372 0.14851
vt 0.21537 0.16348
vt 0.17372 0.14851
vt 0.20594 0.13365
vt 0.24710 0.96000
vt 0.24794 0.94149
vt 0.25963 0.96324
vt 0.21535 0.21404
vt 0.22803 0.22416
vt 0.20376 0.22441
vt 0.23663 0.95577
vt 0.24244 0.94870
vt 0.24710 0.96000
vt 0.19585 0.24431
vt 0.17432 0.22137
vt 0.20376 0.22441
vt 0.16707 0.13414
vt 0.20594 0.13365
vt 0.17372 0.14851
vt 0.83418 0.91642
vt 0.83972 0.92071
vt 0.83501 0.92864
vt 0.23790 0.96199
vt 0.23663 0.95577
vt 0.24710 0.96000
vt 0.47346 0.93033
vt 0.48430 0.93201
vt 0.49537 0.95574
vt 0.24655 0.39907
vt 0.24001 0.37745
vt 0.25169 0.38195
vt 0.24655 0.39907
vt 0.23795 0.39310
vt 0.24001 0.37745
vt 0.07910 0.06747
vt 0.06781 0.04044
vt 0.07924 0.05319
vt 0.07910 0.06747
vt 0.07223 0.07370
vt 0.06271 0.06875
vt 0.26503 0.09692
vt 0.25733 0.10449
vt 0.24992 0.09483
vt 0.26665 0.08480
vt 0.26503 0.09692
vt 0.25167 0.07314
vt 0.17268 0.60403
vt 0.17432 0.61170
vt 0.16520 0.60636
vt 0.25733 0.10449
vt 0.26766 0.10708
vt 0.25891 0.10961
vt 0.19900 0.64229
vt 0.18598 0.63134
vt 0.20200 0.62827
vt 0.18598 0.63134
vt 0.19287 0.62483
vt 0.20200 0.62827
vt 0.27025 0.06362
vt 0.26850 0.07394
vt 0.25167 0.07314
vt 0.14869 0.60462
vt 0.12267 0.60233
vt 0.13974 0.59194
vt 0.12267 0.60233
vt 0.09970 0.60550
vt 0.11602 0.58697
vt 0.14869 0.60462
vt 0.13974 0.59194
vt 0.15694 0.59623
vt 0.16520 0.60636
vt 0.14869 0.60462
vt 0.15694 0.59623
vt 0.15396 0.61813
vt 0.14869 0.60462
vt 0.16520 0.60636
vt 0.15694 0.59623
vt 0.13974 0.59194
vt 0.15373 0.58373
vt 0.26546 0.11573
vt 0.26241 0.13019
vt 0.25891 0.10961
vt 0.17432 0.61170
vt 0.16313 0.62771
vt 0.15396 0.61813
vt 0.16313 0.62771
vt 0.14133 0.63792
vt 0.14622 0.61949
vt 0.15154 0.15763
vt 0.17372 0.14851
vt 0.15418 0.16710
vt 0.07039 0.58973
vt 0.05406 0.58444
vt 0.07540 0.57617
vt 0.04163 0.60330
vt 0.02900 0.59876
vt 0.03819 0.58838
vt 0.04285 0.56864
vt 0.03819 0.58838
vt 0.03524 0.56801
vt 0.05406 0.58444
vt 0.03819 0.58838
vt 0.04285 0.56864
vt 0.07830 0.60712
vt 0.07039 0.58973
vt 0.09752 0.58308
vt 0.09970 0.60550
vt 0.09752 0.58308
vt 0.11602 0.58697
vt 0.11188 0.61284
vt 0.08880 0.62630
vt 0.09970 0.60550
vt 0.06618 0.62236
vt 0.06219 0.59915
vt 0.07830 0.60712
vt 0.53337 0.71996
vt 0.51428 0.70387
vt 0.52865 0.70584
vt 0.90019 0.62777
vt 0.89590 0.64039
vt 0.89159 0.63087
vt 0.49670 0.74369
vt 0.48796 0.73057
vt 0.50714 0.71543
vt 0.43996 0.67695
vt 0.43592 0.66000
vt 0.45008 0.67216
vt 0.43996 0.67695
vt 0.42782 0.66816
vt 0.43592 0.66000
vt 0.43001 0.67824
vt 0.42782 0.66816
vt 0.43996 0.67695
vt 0.43001 0.67824
vt 0.42292 0.68319
vt 0.41526 0.67088
vt 0.45015 0.69677
vt 0.45008 0.67216
vt 0.46044 0.67419
vt 0.46093 0.70579
vt 0.45015 0.69677
vt 0.47030 0.69162
vt 0.45015 0.69677
vt 0.43472 0.69040
vt 0.44289 0.68575
vt 0.35323 0.66660
vt 0.34638 0.65978
vt 0.35742 0.65760
vt 0.35228 0.67448
vt 0.34638 0.65978
vt 0.35323 0.66660
vt 0.30654 0.05228
vt 0.28899 0.04611
vt 0.29663 0.04159
vt 0.29379 0.06690
vt 0.28647 0.06576
vt 0.29330 0.05948
vt 0.27250 0.01978
vt 0.28675 0.01599
vt 0.27651 0.02644
vt 0.28675 0.01599
vt 0.28997 0.03830
vt 0.28381 0.03723
vt 0.28675 0.01599
vt 0.29408 0.02189
vt 0.28997 0.03830
vt 0.36253 0.69200
vt 0.35228 0.67448
vt 0.36693 0.67771
vt 0.34967 0.70186
vt 0.34318 0.69815
vt 0.34920 0.68691
vt 0.72707 0.09577
vt 0.72051 0.10219
vt 0.71411 0.08459
vt 0.30826 0.88182
vt 0.32203 0.85391
vt 0.33639 0.88612
vt 0.51582 0.44627
vt 0.53471 0.46160
vt 0.52080 0.46372
vt 0.06315 0.36397
vt 0.05624 0.34839
vt 0.07456 0.34801
vt 0.36738 0.61694
vt 0.36259 0.59644
vt 0.37723 0.60267
vt 0.34772 0.62433
vt 0.34890 0.60356
vt 0.35853 0.60981
vt 0.34890 0.60356
vt 0.35760 0.59543
vt 0.35853 0.60981
vt 0.69843 0.34391
vt 0.70330 0.34421
vt 0.69819 0.35635
vt 0.37803 0.61605
vt 0.37723 0.60267
vt 0.38474 0.60584
vt 0.40480 0.59167
vt 0.39236 0.59761
vt 0.40119 0.58947
vt 0.38662 0.62125
vt 0.37803 0.61605
vt 0.38474 0.60584
vt 0.38474 0.60584
vt 0.38135 0.58540
vt 0.39236 0.59761
vt 0.32133 0.05200
vt 0.32730 0.03646
vt 0.33321 0.04893
vt 0.32133 0.05200
vt 0.30654 0.05228
vt 0.32730 0.03646
vt 0.32730 0.03646
vt 0.29663 0.04159
vt 0.30998 0.02053
vt 0.32730 0.03646
vt 0.30998 0.02053
vt 0.33239 0.02033
vt 0.33964 0.01026
vt 0.33239 0.02033
vt 0.33049 0.00772
vt 0.32730 0.03646
vt 0.33377 0.02117
vt 0.34628 0.02762
vt 0.32730 0.03646
vt 0.34628 0.02762
vt 0.34610 0.03748
vt 0.17020 0.95730
vt 0.16557 0.94784
vt 0.18428 0.95711
vt 0.17020 0.95730
vt 0.16176 0.96086
vt 0.16557 0.94784
vt 0.93453 0.89280
vt 0.93561 0.89721
vt 0.92883 0.91183
vt 0.17218 0.96334
vt 0.16176 0.96086
vt 0.17020 0.95730
vt 0.91568 0.90919
vt 0.92883 0.91183
vt 0.92508 0.92572
vt 0.92883 0.91183
vt 0.91568 0.90919
vt 0.93453 0.89280
vt 0.92883 0.91183
vt 0.93327 0.91951
vt 0.92508 0.92572
vt 0.90445 0.86993
vt 0.91814 0.87700
vt 0.91075 0.88765
vt 0.91814 0.87700
vt 0.92944 0.86089
vt 0.93249 0.87901
vt 0.60846 0.41977
vt 0.61324 0.44842
vt 0.59962 0.44784
vt 0.61885 0.43400
vt 0.62835 0.46552
vt 0.61324 0.44842
vt 0.71984 0.07501
vt 0.71411 0.08459
vt 0.70885 0.08616
vt 0.30427 0.75139
vt 0.31325 0.71837
vt 0.32243 0.73384
vt 0.31957 0.75053
vt 0.32243 0.73384
vt 0.33873 0.74335
vt 0.32186 0.76676
vt 0.31957 0.75053
vt 0.33873 0.74335
vt 0.30738 0.77353
vt 0.30427 0.75139
vt 0.31957 0.75053
vt 0.31273 0.80005
vt 0.30738 0.77353
vt 0.32186 0.76676
vt 0.71227 0.01747
vt 0.72283 0.03232
vt 0.70474 0.03063
vt 0.70352 0.05135
vt 0.71984 0.07501
vt 0.70096 0.06706
vt 0.29457 0.78937
vt 0.30738 0.77353
vt 0.31273 0.80005
vt 0.63520 0.74584
vt 0.66582 0.73345
vt 0.65694 0.75668
vt 0.34162 0.71570
vt 0.34318 0.69815
vt 0.34967 0.70186
vt 0.34967 0.70186
vt 0.36253 0.69200
vt 0.36926 0.70488
vt 0.36353 0.72906
vt 0.34162 0.71570
vt 0.36926 0.70488
vt 0.34162 0.71570
vt 0.34967 0.70186
vt 0.36926 0.70488
vt 0.34162 0.71570
vt 0.33502 0.69335
vt 0.34318 0.69815
vt 0.88767 0.10944
vt 0.88392 0.08399
vt 0.89567 0.09360
vt 0.92453 0.83988
vt 0.93976 0.84676
vt 0.92944 0.86089
vt 0.92944 0.86089
vt 0.94836 0.86427
vt 0.93819 0.86681
vt 0.91548 0.85552
vt 0.92944 0.86089
vt 0.91593 0.86741
vt 0.90445 0.86993
vt 0.90630 0.85852
vt 0.91593 0.86741
vt 0.91548 0.85552
vt 0.91593 0.86741
vt 0.90630 0.85852
vt 0.90630 0.85852
vt 0.90991 0.84876
vt 0.91548 0.85552
vt 0.90991 0.84876
vt 0.91610 0.84044
vt 0.91634 0.84852
vt 0.91634 0.84852
vt 0.92944 0.86089
vt 0.91548 0.85552
vt 0.91593 0.86741
vt 0.92944 0.86089
vt 0.91814 0.87700
vt 0.91593 0.86741
vt 0.91814 0.87700
vt 0.90445 0.86993
vt 0.39459 0.91948
vt 0.40105 0.90725
vt 0.41265 0.91429
vt 0.38618 0.88719
vt 0.41057 0.87316
vt 0.40742 0.89102
vt 0.35587 0.90174
vt 0.38105 0.90511
vt 0.36239 0.91287
vt 0.56857 0.52036
vt 0.57804 0.52373
vt 0.55727 0.53070
vt 0.58010 0.50802
vt 0.58958 0.53131
vt 0.57804 0.52373
vt 0.54409 0.40969
vt 0.54403 0.42590
vt 0.53568 0.42076
vt 0.54409 0.40969
vt 0.55157 0.41120
vt 0.54403 0.42590
vt 0.55304 0.39435
vt 0.55157 0.41120
vt 0.54299 0.39114
vt 0.58448 0.48906
vt 0.60156 0.50357
vt 0.58010 0.50802
vt 0.53129 0.40614
vt 0.54409 0.40969
vt 0.53018 0.41260
vt 0.54409 0.40969
vt 0.53568 0.42076
vt 0.53018 0.41260
vt 0.52049 0.42346
vt 0.53375 0.43816
vt 0.51313 0.43347
vt 0.51313 0.43347
vt 0.53375 0.43816
vt 0.51582 0.44627
vt 0.69452 0.12456
vt 0.70320 0.12052
vt 0.70859 0.12774
vt 0.53268 0.40111
vt 0.54409 0.40969
vt 0.53129 0.40614
vt 0.54299 0.39114
vt 0.55157 0.41120
vt 0.54409 0.40969
vt 0.55742 0.36224
vt 0.55490 0.37214
vt 0.55447 0.35655
vt 0.59008 0.46146
vt 0.58088 0.47549
vt 0.58089 0.46798
vt 0.65482 0.37685
vt 0.66780 0.38554
vt 0.65887 0.40066
vt 0.96088 0.86152
vt 0.97388 0.88177
vt 0.95746 0.87182
vt 0.96088 0.86152
vt 0.99143 0.86065
vt 0.97733 0.86776
vt 0.68385 0.37792
vt 0.68244 0.39261
vt 0.67416 0.37226
vt 0.65887 0.40066
vt 0.68244 0.39261
vt 0.67756 0.40567
vt 0.40480 0.59167
vt 0.40119 0.58947
vt 0.40457 0.58387
vt 0.39236 0.59761
vt 0.39197 0.58385
vt 0.40119 0.58947
vt 0.66606 0.35740
vt 0.67416 0.37226
vt 0.65669 0.35709
vt 0.94253 0.97308
vt 0.94990 0.96506
vt 0.94841 0.97534
vt 0.21278 0.91936
vt 0.20489 0.90952
vt 0.21389 0.90839
vt 0.21278 0.91936
vt 0.20397 0.92440
vt 0.20489 0.90952
vt 0.21278 0.91936
vt 0.22335 0.91755
vt 0.22296 0.92558
vt 0.18979 0.92048
vt 0.20489 0.90952
vt 0.20397 0.92440
vt 0.94841 0.97534
vt 0.94990 0.96506
vt 0.96869 0.96933
vt 0.21090 0.93865
vt 0.20469 0.94090
vt 0.21569 0.93321
vt 0.90828 0.98570
vt 0.92221 0.97141
vt 0.93946 0.98738
vt 0.92508 0.92572
vt 0.92522 0.94847
vt 0.91441 0.94921
vt 0.91364 0.92438
vt 0.92508 0.92572
vt 0.91441 0.94921
vt 0.19272 0.94767
vt 0.18428 0.95711
vt 0.18288 0.94132
vt 0.20469 0.94090
vt 0.19272 0.94767
vt 0.20397 0.92440
vt 0.45261 0.01494
vt 0.46284 0.02134
vt 0.44495 0.03306
vt 0.13418 0.35781
vt 0.11943 0.35908
vt 0.12403 0.34561
vt 0.25288 0.88389
vt 0.23811 0.88157
vt 0.25447 0.86809
vt 0.23811 0.88157
vt 0.22682 0.86752
vt 0.25447 0.86809
vt 0.23811 0.88157
vt 0.25288 0.88389
vt 0.24926 0.89042
vt 0.21879 0.85565
vt 0.19491 0.84181
vt 0.20757 0.83503
vt 0.19491 0.84181
vt 0.20900 0.85962
vt 0.17006 0.84387
vt 0.22461 0.80264
vt 0.20757 0.83503
vt 0.20171 0.80313
vt 0.18633 0.82785
vt 0.20171 0.80313
vt 0.20757 0.83503
vt 0.17156 0.82876
vt 0.17097 0.81673
vt 0.18633 0.82785
vt 0.60324 0.82374
vt 0.58810 0.84661
vt 0.58533 0.83518
vt 0.58405 0.79958
vt 0.57567 0.82109
vt 0.57092 0.81497
vt 0.59112 0.81436
vt 0.57567 0.82109
vt 0.58405 0.79958
vt 0.45380 0.63070
vt 0.43863 0.62223
vt 0.44791 0.59876
vt 0.21136 0.76420
vt 0.19457 0.78198
vt 0.20803 0.74760
vt 0.45380 0.63070
vt 0.44177 0.64109
vt 0.43863 0.62223
vt 0.86698 0.71407
vt 0.87215 0.74685
vt 0.86199 0.74292
vt 0.48230 0.64108
vt 0.46466 0.61025
vt 0.48671 0.61129
vt 0.50391 0.63858
vt 0.48230 0.64108
vt 0.48671 0.61129
vt 0.86199 0.74292
vt 0.85563 0.76395
vt 0.83709 0.74787
vt 0.84784 0.72531
vt 0.86199 0.74292
vt 0.83709 0.74787
vt 0.48230 0.64108
vt 0.50365 0.65526
vt 0.49719 0.66744
vt 0.46044 0.67419
vt 0.46317 0.64121
vt 0.47563 0.66606
vt 0.46044 0.67419
vt 0.45072 0.65266
vt 0.46317 0.64121
vt 0.85526 0.91868
vt 0.86962 0.93514
vt 0.84922 0.93114
vt 0.85526 0.91868
vt 0.86376 0.92368
vt 0.86962 0.93514
vt 0.45391 0.99317
vt 0.45159 0.98391
vt 0.45730 0.98389
vt 0.85755 0.08088
vt 0.85387 0.06349
vt 0.86327 0.05467
vt 0.84922 0.93114
vt 0.86962 0.93514
vt 0.85910 0.94041
vt 0.87588 0.07136
vt 0.86327 0.05467
vt 0.87773 0.05636
vt 0.88392 0.08399
vt 0.86766 0.09871
vt 0.87588 0.07136
vt 0.86766 0.09871
vt 0.87385 0.12566
vt 0.85326 0.11398
vt 0.85515 0.09123
vt 0.85755 0.08088
vt 0.86766 0.09871
vt 0.72774 0.80039
vt 0.74094 0.80734
vt 0.71975 0.81448
vt 0.71979 0.80401
vt 0.72774 0.80039
vt 0.71975 0.81448
vt 0.75633 0.80769
vt 0.74169 0.81808
vt 0.74094 0.80734
vt 0.74169 0.81808
vt 0.73037 0.82415
vt 0.71975 0.81448
vt 0.72228 0.78964
vt 0.72774 0.80039
vt 0.72124 0.79552
vt 0.33571 0.97684
vt 0.33594 0.98432
vt 0.31626 0.97574
vt 0.72856 0.78294
vt 0.72774 0.80039
vt 0.72228 0.78964
vt 0.72856 0.78294
vt 0.74384 0.77911
vt 0.72774 0.80039
vt 0.31626 0.97574
vt 0.33219 0.99204
vt 0.32146 0.99599
vt 0.75282 0.78634
vt 0.74094 0.80734
vt 0.74384 0.77911
vt 0.39981 0.78322
vt 0.39557 0.74083
vt 0.40836 0.76346
vt 0.38601 0.79431
vt 0.37182 0.77024
vt 0.38993 0.75714
vt 0.40836 0.76346
vt 0.39557 0.74083
vt 0.41734 0.76496
vt 0.40509 0.79399
vt 0.40836 0.76346
vt 0.41730 0.78434
vt 0.42152 0.80341
vt 0.40509 0.79399
vt 0.41730 0.78434
vt 0.40509 0.79399
vt 0.42152 0.80341
vt 0.40705 0.80440
vt 0.38742 0.81112
vt 0.38601 0.79431
vt 0.40509 0.79399
vt 0.47645 0.02826
vt 0.47059 0.03399
vt 0.46284 0.02134
vt 0.41817 0.73545
vt 0.42313 0.71123
vt 0.43181 0.72282
vt 0.41817 0.73545
vt 0.40591 0.70831
vt 0.42313 0.71123
vt 0.42313 0.71123
vt 0.40591 0.70831
vt 0.40735 0.69367
vt 0.44334 0.71254
vt 0.45015 0.69677
vt 0.45288 0.70350
vt 0.45593 0.71869
vt 0.44334 0.71254
vt 0.45288 0.70350
vt 0.43181 0.72282
vt 0.42313 0.71123
vt 0.44334 0.71254
vt 0.41817 0.73545
vt 0.43181 0.72282
vt 0.43757 0.73141
vt 0.86816 0.64494
vt 0.87178 0.63790
vt 0.87674 0.63654
vt 0.43757 0.73141
vt 0.43181 0.72282
vt 0.44334 0.71254
vt 0.38448 0.97527
vt 0.39179 0.98418
vt 0.37923 0.98271
vt 0.86351 0.12927
vt 0.85411 0.13611
vt 0.85307 0.12518
vt 0.36714 0.96867
vt 0.37923 0.98271
vt 0.35836 0.98362
vt 0.39179 0.98418
vt 0.38448 0.97527
vt 0.40126 0.98059
vt 0.40740 0.98547
vt 0.40126 0.98059
vt 0.40327 0.97458
vt 0.87422 0.16513
vt 0.86725 0.17306
vt 0.86208 0.16213
vt 0.86208 0.16213
vt 0.85878 0.15567
vt 0.86005 0.14673
vt 0.87060 0.14613
vt 0.86005 0.14673
vt 0.86351 0.12927
vt 0.86351 0.12927
vt 0.86005 0.14673
vt 0.85411 0.13611
vt 0.50213 0.83993
vt 0.51228 0.82802
vt 0.51045 0.84186
vt 0.88579 0.17183
vt 0.86725 0.17306
vt 0.87422 0.16513
vt 0.87472 0.19506
vt 0.86725 0.17306
vt 0.88579 0.17183
vt 0.87472 0.19506
vt 0.86128 0.18516
vt 0.86725 0.17306
vt 0.87472 0.19506
vt 0.86597 0.20321
vt 0.86128 0.18516
vt 0.87472 0.19506
vt 0.87738 0.21254
vt 0.86597 0.20321
vt 0.51228 0.82802
vt 0.52818 0.83039
vt 0.52402 0.84457
vt 0.52402 0.84457
vt 0.51545 0.85033
vt 0.51045 0.84186
vt 0.35279 0.98757
vt 0.35836 0.98362
vt 0.35313 0.99311
vt 0.35313 0.99311
vt 0.35836 0.98362
vt 0.36343 0.99119
vt 0.86725 0.17306
vt 0.85827 0.17448
vt 0.86208 0.16213
vt 0.86725 0.17306
vt 0.86128 0.18516
vt 0.85827 0.17448
vt 0.56266 0.85531
vt 0.54980 0.86384
vt 0.54232 0.85221
vt 0.53571 0.83774
vt 0.54232 0.85221
vt 0.52785 0.85990
vt 0.53685 0.82151
vt 0.52818 0.83039
vt 0.52721 0.81715
vt 0.54715 0.82385
vt 0.53685 0.82151
vt 0.55062 0.81207
vt 0.54806 0.83797
vt 0.53571 0.83774
vt 0.54715 0.82385
vt 0.52818 0.83039
vt 0.53571 0.83774
vt 0.52402 0.84457
vt 0.52721 0.81715
vt 0.52818 0.83039
vt 0.51228 0.82802
vt 0.56088 0.82709
vt 0.54806 0.83797
vt 0.54715 0.82385
vt 0.54715 0.82385
vt 0.55062 0.81207
vt 0.55941 0.81593
vt 0.63545 0.80634
vt 0.61852 0.81824
vt 0.60980 0.80720
vt 0.63545 0.80634
vt 0.66162 0.80154
vt 0.66037 0.81468
vt 0.63622 0.81469
vt 0.66037 0.81468
vt 0.63872 0.82850
vt 0.61852 0.81824
vt 0.63622 0.81469
vt 0.63872 0.82850
vt 0.30845 0.97216
vt 0.30515 0.96745
vt 0.31626 0.97574
vt 0.70261 0.81516
vt 0.67925 0.80972
vt 0.69776 0.80036
vt 0.67925 0.80972
vt 0.66690 0.82555
vt 0.66037 0.81468
vt 0.70099 0.80463
vt 0.71065 0.80937
vt 0.70261 0.81516
vt 0.70099 0.80463
vt 0.70261 0.81516
vt 0.69776 0.80036
vt 0.21939 0.25362
vt 0.20303 0.26080
vt 0.20883 0.23915
vt 0.46780 0.57067
vt 0.44219 0.56095
vt 0.46261 0.55747
vt 0.46261 0.55747
vt 0.44219 0.56095
vt 0.45822 0.54537
vt 0.45822 0.54537
vt 0.44219 0.56095
vt 0.44605 0.54517
vt 0.20883 0.23915
vt 0.19130 0.26001
vt 0.19585 0.24431
vt 0.46328 0.59656
vt 0.43716 0.57159
vt 0.44219 0.56095
vt 0.46328 0.59656
vt 0.44219 0.56095
vt 0.46780 0.57067
vt 0.13181 0.88003
vt 0.12908 0.84668
vt 0.14473 0.87888
vt 0.03430 0.03418
vt 0.02571 0.01833
vt 0.03540 0.02272
vt 0.07910 0.06747
vt 0.06271 0.06875
vt 0.06781 0.04044
vt 0.10253 0.86990
vt 0.10440 0.85679
vt 0.11297 0.87212
vt 0.12071 0.89143
vt 0.09551 0.88096
vt 0.11297 0.87212
vt 0.48671 0.61129
vt 0.46328 0.59656
vt 0.48249 0.58689
vt 0.83709 0.74787
vt 0.82861 0.77949
vt 0.81292 0.76898
vt 0.83709 0.74787
vt 0.81292 0.76898
vt 0.80718 0.75933
vt 0.85193 0.96932
vt 0.86052 0.97016
vt 0.85144 0.98066
vt 0.87907 0.03137
vt 0.87719 0.01178
vt 0.88951 0.02709
vt 0.88951 0.02709
vt 0.87719 0.01178
vt 0.90659 0.03326
vt 0.67225 0.65642
vt 0.65797 0.65169
vt 0.66516 0.65042
vt 0.87635 0.65307
vt 0.86529 0.65671
vt 0.86816 0.64494
vt 0.86816 0.64494
vt 0.86529 0.65671
vt 0.85400 0.64238
vt 0.86529 0.65671
vt 0.84782 0.66213
vt 0.85400 0.64238
vt 0.89159 0.63087
vt 0.88373 0.64512
vt 0.87674 0.63654
vt 0.89590 0.64039
vt 0.89165 0.65453
vt 0.88373 0.64512
vt 0.87674 0.63654
vt 0.87635 0.65307
vt 0.86816 0.64494
vt 0.87178 0.63790
vt 0.86816 0.64494
vt 0.85400 0.64238
vt 0.87674 0.63654
vt 0.87178 0.63790
vt 0.87371 0.63664
vt 0.51428 0.70387
vt 0.50842 0.69400
vt 0.51863 0.68875
vt 0.75709 0.70456
vt 0.74130 0.69885
vt 0.76527 0.68905
vt 0.74475 0.71233
vt 0.74130 0.69885
vt 0.75709 0.70456
vt 0.78714 0.66561
vt 0.76527 0.68905
vt 0.75746 0.67983
vt 0.74130 0.69885
vt 0.73858 0.69048
vt 0.74597 0.68396
vt 0.76527 0.68905
vt 0.74130 0.69885
vt 0.74597 0.68396
vt 0.79515 0.68443
vt 0.77810 0.69669
vt 0.78893 0.67787
vt 0.78893 0.67787
vt 0.77810 0.69669
vt 0.76527 0.68905
vt 0.79603 0.70529
vt 0.79224 0.69966
vt 0.80762 0.69964
vt 0.80762 0.69964
vt 0.79224 0.69966
vt 0.80544 0.68570
vt 0.77810 0.69669
vt 0.79224 0.69966
vt 0.77920 0.71153
vt 0.62470 0.72830
vt 0.60643 0.73466
vt 0.60797 0.72017
vt 0.62470 0.72830
vt 0.60797 0.72017
vt 0.64574 0.70013
vt 0.66392 0.72032
vt 0.64492 0.72325
vt 0.65249 0.71049
vt 0.65249 0.71049
vt 0.64574 0.70013
vt 0.68214 0.70268
vt 0.66582 0.73345
vt 0.69379 0.73316
vt 0.68136 0.75111
vt 0.66582 0.73345
vt 0.63520 0.74584
vt 0.64566 0.73288
vt 0.66582 0.73345
vt 0.64566 0.73288
vt 0.66392 0.72032
vt 0.67602 0.72449
vt 0.66582 0.73345
vt 0.66392 0.72032
vt 0.96068 0.18427
vt 0.94057 0.15950
vt 0.95639 0.15541
vt 0.95005 0.18174
vt 0.94057 0.15950
vt 0.96068 0.18427
vt 0.94057 0.15950
vt 0.94274 0.13218
vt 0.95639 0.15541
vt 0.94274 0.13218
vt 0.95965 0.12928
vt 0.95639 0.15541
vt 0.95553 0.22186
vt 0.94066 0.21767
vt 0.93477 0.18180
vt 0.91249 0.18615
vt 0.91743 0.17594
vt 0.92598 0.19284
vt 0.93590 0.08069
vt 0.92278 0.06202
vt 0.94975 0.07276
vt 0.50463 0.76390
vt 0.51607 0.73654
vt 0.52362 0.74949
vt 0.50463 0.76390
vt 0.49670 0.74369
vt 0.51607 0.73654
vt 0.48787 0.81760
vt 0.48520 0.77862
vt 0.51205 0.79623
vt 0.50717 0.78230
vt 0.52312 0.79171
vt 0.51205 0.79623
vt 0.50717 0.78230
vt 0.51673 0.77723
vt 0.52312 0.79171
vt 0.51205 0.79623
vt 0.52312 0.79171
vt 0.51548 0.80939
vt 0.48787 0.81760
vt 0.51205 0.79623
vt 0.51548 0.80939
vt 0.46658 0.81001
vt 0.46316 0.78656
vt 0.47210 0.79025
vt 0.46647 0.81703
vt 0.46658 0.81001
vt 0.47144 0.81638
vt 0.47144 0.81638
vt 0.46658 0.81001
vt 0.47210 0.79025
vt 0.48787 0.81760
vt 0.47210 0.79025
vt 0.48520 0.77862
vt 0.93531 0.28899
vt 0.92588 0.28452
vt 0.94155 0.27046
vt 0.95553 0.22186
vt 0.94887 0.23843
vt 0.94066 0.21767
vt 0.66582 0.73345
vt 0.67602 0.72449
vt 0.69379 0.73316
vt 0.94028 0.25064
vt 0.94887 0.23843
vt 0.95240 0.26020
vt 0.91720 0.21973
vt 0.94066 0.21767
vt 0.94887 0.23843
vt 0.91720 0.21973
vt 0.94887 0.23843
vt 0.94028 0.25064
vt 0.55332 0.77885
vt 0.54972 0.77302
vt 0.55773 0.76459
vt 0.94028 0.25064
vt 0.92580 0.24694
vt 0.91720 0.21973
vt 0.87060 0.14613
vt 0.88579 0.17183
vt 0.87422 0.16513
vt 0.94155 0.27046
vt 0.92580 0.24694
vt 0.94028 0.25064
vt 0.70025 0.70202
vt 0.68671 0.71146
vt 0.68214 0.70268
vt 0.68671 0.71146
vt 0.70025 0.70202
vt 0.70477 0.71701
vt 0.72230 0.69496
vt 0.70477 0.71701
vt 0.70025 0.70202
vt 0.68671 0.71146
vt 0.66392 0.72032
vt 0.68214 0.70268
vt 0.70025 0.70202
vt 0.68214 0.70268
vt 0.70564 0.69531
vt 0.73858 0.69048
vt 0.74130 0.69885
vt 0.72230 0.69496
vt 0.70564 0.69531
vt 0.72230 0.69496
vt 0.70025 0.70202
vt 0.74663 0.72221
vt 0.73026 0.74817
vt 0.72769 0.71757
vt 0.80745 0.65879
vt 0.80843 0.66699
vt 0.78714 0.66561
vt 0.82497 0.64637
vt 0.80843 0.66699
vt 0.80745 0.65879
vt 0.82497 0.64637
vt 0.82225 0.67190
vt 0.80843 0.66699
vt 0.80544 0.68570
vt 0.79515 0.68443
vt 0.80843 0.66699
vt 0.85400 0.64238
vt 0.84589 0.64563
vt 0.84394 0.63880
vt 0.84589 0.64563
vt 0.83513 0.67072
vt 0.84019 0.65184
vt 0.83513 0.67072
vt 0.82225 0.67190
vt 0.84019 0.65184
vt 0.84019 0.65184
vt 0.82497 0.64637
vt 0.84589 0.64563
vt 0.86529 0.65671
vt 0.85234 0.68300
vt 0.84850 0.67725
vt 0.87927 0.65983
vt 0.87790 0.67135
vt 0.86291 0.68878
vt 0.84589 0.64563
vt 0.84782 0.66213
vt 0.83513 0.67072
vt 0.95056 0.10942
vt 0.95046 0.09464
vt 0.96316 0.10124
vt 0.93499 0.10421
vt 0.93530 0.09384
vt 0.95056 0.10942
vt 0.93530 0.09384
vt 0.95046 0.09464
vt 0.95056 0.10942
vt 0.93590 0.08069
vt 0.94975 0.07276
vt 0.95046 0.09464
vt 0.94274 0.13218
vt 0.95056 0.10942
vt 0.95965 0.12928
vt 0.13746 0.13776
vt 0.14097 0.12326
vt 0.15252 0.14054
vt 0.91927 0.10932
vt 0.93499 0.10421
vt 0.94274 0.13218
vt 0.91955 0.13507
vt 0.91927 0.10932
vt 0.94274 0.13218
vt 0.12347 0.14398
vt 0.13746 0.13776
vt 0.12616 0.15339
vt 0.75504 0.88105
vt 0.77076 0.86471
vt 0.77495 0.87733
vt 0.37368 0.44092
vt 0.40925 0.44018
vt 0.39164 0.46122
vt 0.38077 0.46367
vt 0.34985 0.48593
vt 0.35510 0.44373
vt 0.04522 0.37802
vt 0.06315 0.36397
vt 0.06306 0.38429
vt 0.49761 0.53799
vt 0.50518 0.54206
vt 0.50951 0.54810
vt 0.49761 0.53799
vt 0.50951 0.54810
vt 0.49899 0.55491
vt 0.49761 0.53799
vt 0.49899 0.55491
vt 0.49037 0.54647
vt 0.02263 0.77960
vt 0.00875 0.78451
vt 0.01792 0.77347
vt 0.00875 0.78451
vt 0.00795 0.77215
vt 0.01792 0.77347
vt 0.51866 0.55117
vt 0.50780 0.55900
vt 0.50951 0.54810
vt 0.55930 0.69673
vt 0.55056 0.69382
vt 0.57071 0.67885
vt 0.02021 0.79520
vt 0.00875 0.78451
vt 0.02263 0.77960
vt 0.02021 0.79520
vt 0.02263 0.77960
vt 0.04148 0.79699
vt 0.61186 0.04148
vt 0.58828 0.04081
vt 0.59919 0.01622
vt 0.03104 0.38145
vt 0.03722 0.39638
vt 0.02005 0.39999
vt 0.10906 0.34575
vt 0.11943 0.35908
vt 0.10472 0.35492
vt 0.09724 0.37897
vt 0.09049 0.36167
vt 0.10410 0.36208
vt 0.09049 0.36167
vt 0.07456 0.34801
vt 0.09708 0.34529
vt 0.45429 0.43538
vt 0.44406 0.43400
vt 0.45841 0.42642
vt 0.44406 0.43400
vt 0.45657 0.41471
vt 0.45841 0.42642
vt 0.70401 0.87380
vt 0.71404 0.86722
vt 0.72317 0.87432
vt 0.45841 0.42642
vt 0.47580 0.40931
vt 0.47343 0.42190
vt 0.45841 0.42642
vt 0.45657 0.41471
vt 0.47580 0.40931
vt 0.72317 0.87432
vt 0.73648 0.86005
vt 0.75504 0.88105
vt 0.40770 0.45994
vt 0.42476 0.43802
vt 0.43686 0.45488
vt 0.40770 0.45994
vt 0.40925 0.44018
vt 0.42476 0.43802
vt 0.70222 0.89073
vt 0.70401 0.87380
vt 0.73013 0.88394
vt 0.10906 0.34575
vt 0.11503 0.33232
vt 0.12403 0.34561
vt 0.15650 0.31431
vt 0.16763 0.29049
vt 0.18098 0.30845
vt 0.18098 0.30845
vt 0.16763 0.29049
vt 0.18689 0.28724
vt 0.17496 0.32685
vt 0.18098 0.30845
vt 0.20422 0.31091
vt 0.15650 0.31431
vt 0.18098 0.30845
vt 0.17496 0.32685
vt 0.20422 0.31091
vt 0.19988 0.29505
vt 0.21731 0.29665
vt 0.13863 0.32183
vt 0.15650 0.31431
vt 0.17496 0.32685
vt 0.16863 0.88976
vt 0.13944 0.90016
vt 0.14473 0.87888
vt 0.16444 0.90155
vt 0.13944 0.90016
vt 0.16863 0.88976
vt 0.16390 0.85254
vt 0.16706 0.85994
vt 0.15171 0.85443
vt 0.23840 0.30063
vt 0.22785 0.30704
vt 0.23631 0.28660
vt 0.23468 0.31373
vt 0.22785 0.30704
vt 0.23840 0.30063
vt 0.19988 0.29505
vt 0.21993 0.28245
vt 0.21731 0.29665
vt 0.21731 0.29665
vt 0.21993 0.28245
vt 0.23631 0.28660
vt 0.21993 0.28245
vt 0.22896 0.27224
vt 0.23631 0.28660
vt 0.19121 0.90077
vt 0.17382 0.90256
vt 0.16863 0.88976
vt 0.25104 0.12584
vt 0.24729 0.13662
vt 0.24314 0.12317
vt 0.71754 0.84586
vt 0.70725 0.84524
vt 0.71609 0.83029
vt 0.12908 0.84668
vt 0.10241 0.84422
vt 0.13037 0.82362
vt 0.48530 0.90196
vt 0.48404 0.88688
vt 0.50391 0.89739
vt 0.21879 0.85565
vt 0.20900 0.85962
vt 0.19491 0.84181
vt 0.18417 0.86564
vt 0.16706 0.85994
vt 0.16390 0.85254
vt 0.15171 0.85443
vt 0.16706 0.85994
vt 0.14473 0.87888
vt 0.76573 0.96354
vt 0.74670 0.95557
vt 0.75714 0.94758
vt 0.09708 0.34529
vt 0.10472 0.35492
vt 0.09049 0.36167
vt 0.40770 0.45994
vt 0.39164 0.46122
vt 0.40925 0.44018
vt 0.04646 0.03819
vt 0.03430 0.03418
vt 0.03540 0.02272
vt 0.12908 0.84668
vt 0.10440 0.85679
vt 0.10241 0.84422
vt 0.12908 0.84668
vt 0.13181 0.88003
vt 0.11297 0.87212
vt 0.12071 0.89143
vt 0.13181 0.88003
vt 0.13944 0.90016
vt 0.20883 0.23915
vt 0.22803 0.22416
vt 0.23047 0.23499
vt 0.20883 0.23915
vt 0.20376 0.22441
vt 0.22803 0.22416
vt 0.16444 0.90155
vt 0.14952 0.90769
vt 0.13944 0.90016
vt 0.19130 0.26001
vt 0.20303 0.26080
vt 0.20642 0.27132
vt 0.16763 0.29049
vt 0.15369 0.28237
vt 0.18689 0.28724
vt 0.10511 0.29257
vt 0.10944 0.27155
vt 0.12607 0.27292
vt 0.13383 0.28975
vt 0.12607 0.27292
vt 0.14607 0.27867
vt 0.12019 0.28884
vt 0.12607 0.27292
vt 0.13383 0.28975
vt 0.13993 0.30157
vt 0.15369 0.28237
vt 0.16763 0.29049
vt 0.13383 0.28975
vt 0.14607 0.27867
vt 0.15369 0.28237
vt 0.12093 0.30766
vt 0.10511 0.29257
vt 0.12019 0.28884
vt 0.13993 0.30157
vt 0.13383 0.28975
vt 0.15369 0.28237
vt 0.06001 0.30574
vt 0.07181 0.29378
vt 0.08139 0.30615
vt 0.08139 0.30615
vt 0.07181 0.29378
vt 0.08267 0.29686
vt 0.08139 0.30615
vt 0.08267 0.29686
vt 0.09701 0.30247
vt 0.06001 0.30574
vt 0.08139 0.30615
vt 0.07902 0.31876
vt 0.06049 0.30098
vt 0.07181 0.29378
vt 0.06001 0.30574
vt 0.08113 0.33455
vt 0.07902 0.31876
vt 0.09482 0.31674
vt 0.65694 0.75668
vt 0.66582 0.73345
vt 0.68136 0.75111
vt 0.94887 0.23843
vt 0.95553 0.22186
vt 0.95240 0.26020
vt 0.95240 0.26020
vt 0.94155 0.27046
vt 0.94028 0.25064
vt 0.49288 0.01927
vt 0.48035 0.01648
vt 0.47254 0.00556
vt 0.25599 0.73099
vt 0.25780 0.76985
vt 0.23438 0.75017
vt 0.23438 0.75017
vt 0.25780 0.76985
vt 0.23359 0.79006
vt 0.69589 0.19253
vt 0.67802 0.17879
vt 0.69989 0.17389
vt 0.67802 0.17879
vt 0.68771 0.16933
vt 0.69989 0.17389
vt 0.68437 0.21616
vt 0.69589 0.19253
vt 0.69986 0.21394
vt 0.67083 0.20769
vt 0.69589 0.19253
vt 0.68437 0.21616
vt 0.66557 0.22976
vt 0.67083 0.20769
vt 0.68437 0.21616
vt 0.67083 0.20769
vt 0.65708 0.18384
vt 0.67067 0.19367
vt 0.63513 0.20702
vt 0.64511 0.17799
vt 0.64901 0.21263
vt 0.65708 0.18384
vt 0.65692 0.16587
vt 0.66688 0.16390
vt 0.67802 0.17879
vt 0.66688 0.16390
vt 0.68771 0.16933
vt 0.63890 0.13423
vt 0.65626 0.11183
vt 0.65652 0.12601
vt 0.27463 0.78897
vt 0.27129 0.79582
vt 0.25946 0.79749
vt 0.64455 0.11575
vt 0.64625 0.10596
vt 0.65626 0.11183
vt 0.64625 0.10596
vt 0.64531 0.09331
vt 0.65019 0.09403
vt 0.26441 0.81072
vt 0.27161 0.81889
vt 0.26268 0.81796
vt 0.27129 0.79582
vt 0.26441 0.81072
vt 0.25946 0.79749
vt 0.26268 0.81796
vt 0.24745 0.81646
vt 0.26441 0.81072
vt 0.24745 0.81646
vt 0.23692 0.80282
vt 0.25946 0.79749
vt 0.65858 0.13970
vt 0.65652 0.12601
vt 0.66991 0.12465
vt 0.62502 0.17372
vt 0.64532 0.15741
vt 0.64511 0.17799
vt 0.63199 0.15317
vt 0.64532 0.15741
vt 0.62502 0.17372
vt 0.64532 0.15741
vt 0.63199 0.15317
vt 0.65858 0.13970
vt 0.64511 0.17799
vt 0.64532 0.15741
vt 0.65692 0.16587
vt 0.59914 0.16859
vt 0.60512 0.15395
vt 0.61569 0.15961
vt 0.61344 0.20797
vt 0.62502 0.17372
vt 0.62155 0.20016
vt 0.17156 0.82876
vt 0.15079 0.82254
vt 0.17097 0.81673
vt 0.15406 0.83764
vt 0.13907 0.83263
vt 0.15079 0.82254
vt 0.23438 0.75017
vt 0.21136 0.76420
vt 0.20803 0.74760
vt 0.20171 0.80313
vt 0.18633 0.82785
vt 0.17737 0.78406
vt 0.17737 0.78406
vt 0.17097 0.81673
vt 0.14331 0.81034
vt 0.20757 0.83503
vt 0.19491 0.84181
vt 0.18633 0.82785
vt 0.21837 0.89459
vt 0.20443 0.88669
vt 0.22682 0.86752
vt 0.22682 0.86752
vt 0.20443 0.88669
vt 0.18417 0.86564
vt 0.19491 0.84181
vt 0.17006 0.84387
vt 0.18633 0.82785
vt 0.25398 0.83274
vt 0.22610 0.84599
vt 0.24745 0.81646
vt 0.25447 0.86809
vt 0.21879 0.85565
vt 0.22610 0.84599
vt 0.25447 0.86809
vt 0.22682 0.86752
vt 0.21879 0.85565
vt 0.23811 0.88157
vt 0.23037 0.88587
vt 0.22682 0.86752
vt 0.22610 0.84599
vt 0.21879 0.85565
vt 0.20757 0.83503
vt 0.17936 0.35610
vt 0.18536 0.34025
vt 0.19775 0.34606
vt 0.19775 0.34606
vt 0.17496 0.32685
vt 0.21050 0.33420
vt 0.15751 0.34699
vt 0.17496 0.32685
vt 0.18536 0.34025
vt 0.26268 0.81796
vt 0.25398 0.83274
vt 0.24745 0.81646
vt 0.60310 0.07167
vt 0.61895 0.07683
vt 0.60750 0.07927
vt 0.59946 0.05965
vt 0.61186 0.04148
vt 0.61235 0.05190
vt 0.63283 0.10021
vt 0.63627 0.07802
vt 0.64531 0.09331
vt 0.61895 0.07683
vt 0.63627 0.07802
vt 0.63283 0.10021
vt 0.61186 0.04148
vt 0.59919 0.01622
vt 0.61443 0.02843
vt 0.58771 0.01312
vt 0.59724 0.00766
vt 0.59919 0.01622
vt 0.61186 0.04148
vt 0.61443 0.02843
vt 0.61871 0.03610
vt 0.61186 0.04148
vt 0.61871 0.03610
vt 0.62268 0.04223
vt 0.19267 0.36206
vt 0.17936 0.35610
vt 0.20008 0.35738
vt 0.15196 0.37849
vt 0.15751 0.34699
vt 0.16337 0.35548
vt 0.17302 0.37940
vt 0.16337 0.35548
vt 0.17936 0.35610
vt 0.60232 0.00669
vt 0.60470 0.00574
vt 0.60204 0.01022
vt 0.12403 0.34561
vt 0.11943 0.35908
vt 0.10906 0.34575
vt 0.72075 0.23613
vt 0.71039 0.22203
vt 0.72036 0.22044
vt 0.69956 0.77787
vt 0.69827 0.78867
vt 0.68069 0.77527
vt 0.67925 0.80972
vt 0.65706 0.78984
vt 0.68069 0.77527
vt 0.69827 0.78867
vt 0.69776 0.80036
vt 0.67925 0.80972
vt 0.89800 0.08253
vt 0.90728 0.09042
vt 0.89567 0.09360
vt 0.31626 0.97574
vt 0.30909 0.95886
vt 0.32574 0.96850
vt 0.90596 0.07615
vt 0.92278 0.06202
vt 0.91673 0.07434
vt 0.89999 0.10829
vt 0.91927 0.10932
vt 0.90674 0.12570
vt 0.90059 0.13512
vt 0.90674 0.12570
vt 0.91955 0.13507
vt 0.91927 0.10932
vt 0.89999 0.10829
vt 0.90728 0.09042
vt 0.89171 0.13049
vt 0.90674 0.12570
vt 0.90059 0.13512
vt 0.87385 0.12566
vt 0.89171 0.13049
vt 0.88287 0.14216
vt 0.90674 0.12570
vt 0.88767 0.10944
vt 0.89999 0.10829
vt 0.87669 0.97642
vt 0.89172 0.96831
vt 0.88120 0.98500
vt 0.88689 0.94932
vt 0.89172 0.96831
vt 0.87669 0.97642
vt 0.90048 0.27956
vt 0.89141 0.27070
vt 0.89592 0.26519
vt 0.88922 0.28182
vt 0.88698 0.27208
vt 0.89141 0.27070
vt 0.90132 0.95774
vt 0.89172 0.96831
vt 0.89227 0.95866
vt 0.90003 0.94665
vt 0.90450 0.93961
vt 0.91441 0.94921
vt 0.86983 0.95107
vt 0.87669 0.97642
vt 0.86052 0.97016
vt 0.86983 0.95107
vt 0.88428 0.93353
vt 0.88689 0.94932
vt 0.88689 0.94932
vt 0.87669 0.97642
vt 0.86983 0.95107
vt 0.96310 0.93547
vt 0.96869 0.96933
vt 0.95614 0.95404
vt 0.95614 0.95404
vt 0.95404 0.94181
vt 0.96310 0.93547
vt 0.95404 0.94181
vt 0.95949 0.93667
vt 0.96310 0.93547
vt 0.18288 0.94132
vt 0.16918 0.92736
vt 0.18979 0.92048
vt 0.18979 0.92048
vt 0.16918 0.92736
vt 0.17103 0.92102
vt 0.96310 0.93547
vt 0.96871 0.93157
vt 0.98631 0.95720
vt 0.67622 0.23142
vt 0.68930 0.22459
vt 0.69351 0.23992
vt 0.67622 0.23142
vt 0.68437 0.21616
vt 0.68930 0.22459
vt 0.88392 0.08399
vt 0.88767 0.10944
vt 0.86766 0.09871
vt 0.69351 0.23992
vt 0.70814 0.23574
vt 0.69691 0.25834
vt 0.68930 0.22459
vt 0.68437 0.21616
vt 0.69986 0.21394
vt 0.67029 0.27634
vt 0.67792 0.24978
vt 0.69691 0.25834
vt 0.96175 0.77774
vt 0.95404 0.77024
vt 0.95433 0.76334
vt 0.08687 0.82716
vt 0.08583 0.83741
vt 0.06653 0.84652
vt 0.40327 0.97458
vt 0.41859 0.98893
vt 0.40740 0.98547
vt 0.96439 0.78489
vt 0.96175 0.77774
vt 0.98454 0.77596
vt 0.48653 0.44151
vt 0.48375 0.44567
vt 0.47802 0.43897
vt 0.50391 0.89739
vt 0.48404 0.88688
vt 0.49618 0.87304
vt 0.54390 0.89951
vt 0.55888 0.93509
vt 0.52270 0.91067
vt 0.49537 0.95574
vt 0.48430 0.93201
vt 0.50792 0.94504
vt 0.86290 0.78863
vt 0.87185 0.79122
vt 0.86604 0.79775
vt 0.21868 0.12113
vt 0.20594 0.13365
vt 0.20163 0.09148
vt 0.57515 0.96554
vt 0.57963 0.98178
vt 0.56079 0.98699
vt 0.57515 0.96554
vt 0.56079 0.98699
vt 0.55888 0.93509
vt 0.85491 0.09976
vt 0.86766 0.09871
vt 0.85326 0.11398
vt 0.30024 0.09437
vt 0.32649 0.10333
vt 0.29682 0.11191
vt 0.85515 0.09123
vt 0.86766 0.09871
vt 0.85491 0.09976
vt 0.89171 0.13049
vt 0.87385 0.12566
vt 0.88767 0.10944
vt 0.50391 0.89739
vt 0.48900 0.91265
vt 0.48530 0.90196
vt 0.48430 0.93201
vt 0.48900 0.91265
vt 0.49521 0.91814
vt 0.17513 0.18655
vt 0.14903 0.18833
vt 0.15418 0.16710
vt 0.20594 0.13365
vt 0.22509 0.14515
vt 0.21537 0.16348
vt 0.58866 0.94924
vt 0.60006 0.97014
vt 0.57963 0.98178
vt 0.19941 0.02525
vt 0.20487 0.02342
vt 0.20958 0.03544
vt 0.21350 0.18464
vt 0.22522 0.17652
vt 0.22704 0.19769
vt 0.22522 0.17652
vt 0.21350 0.18464
vt 0.21537 0.16348
vt 0.21350 0.18464
vt 0.20376 0.22441
vt 0.18409 0.19865
vt 0.47541 0.64598
vt 0.48230 0.64108
vt 0.49719 0.66744
vt 0.17372 0.14851
vt 0.21350 0.18464
vt 0.18409 0.19865
vt 0.15252 0.14054
vt 0.15154 0.15763
vt 0.13902 0.15567
vt 0.50792 0.94504
vt 0.48430 0.93201
vt 0.49521 0.91814
vt 0.13759 0.17140
vt 0.13902 0.15567
vt 0.15154 0.15763
vt 0.13759 0.17140
vt 0.15154 0.15763
vt 0.15418 0.16710
vt 0.12616 0.15339
vt 0.13902 0.15567
vt 0.12226 0.17226
vt 0.68930 0.22459
vt 0.69986 0.21394
vt 0.71039 0.22203
vt 0.15845 0.06612
vt 0.17648 0.06715
vt 0.15739 0.08499
vt 0.14442 0.11241
vt 0.13541 0.09179
vt 0.15743 0.10446
vt 0.09551 0.88096
vt 0.09443 0.86770
vt 0.10253 0.86990
vt 0.57163 0.79972
vt 0.56513 0.79106
vt 0.58405 0.79958
vt 0.12071 0.89143
vt 0.09609 0.88833
vt 0.09551 0.88096
vt 0.45951 0.03423
vt 0.46284 0.02134
vt 0.47059 0.03399
vt 0.15369 0.28237
vt 0.14607 0.27867
vt 0.16969 0.25007
vt 0.21535 0.21404
vt 0.21350 0.18464
vt 0.22704 0.19769
vt 0.21535 0.21404
vt 0.22704 0.19769
vt 0.22803 0.22416
vt 0.17513 0.18655
vt 0.16016 0.20945
vt 0.14903 0.18833
vt 0.12798 0.18321
vt 0.13759 0.17140
vt 0.14567 0.17514
vt 0.13759 0.17140
vt 0.15418 0.16710
vt 0.14567 0.17514
vt 0.17273 0.09089
vt 0.17747 0.10927
vt 0.15743 0.10446
vt 0.13902 0.15567
vt 0.12616 0.15339
vt 0.13746 0.13776
vt 0.14532 0.21780
vt 0.16016 0.20945
vt 0.15612 0.22869
vt 0.15612 0.22869
vt 0.16016 0.20945
vt 0.17432 0.22137
vt 0.14199 0.23371
vt 0.12528 0.22076
vt 0.14532 0.21780
vt 0.09292 0.23186
vt 0.10762 0.21672
vt 0.10065 0.23623
vt 0.21198 0.42348
vt 0.22007 0.41427
vt 0.22327 0.42657
vt 0.21198 0.42348
vt 0.22327 0.42657
vt 0.22504 0.43886
vt 0.08946 0.24594
vt 0.09076 0.23764
vt 0.10065 0.23623
vt 0.09076 0.23764
vt 0.09292 0.23186
vt 0.10065 0.23623
vt 0.10065 0.23623
vt 0.10762 0.21672
vt 0.12528 0.22076
vt 0.05933 0.10865
vt 0.09324 0.13346
vt 0.05859 0.13230
vt 0.06415 0.09375
vt 0.09379 0.08120
vt 0.07261 0.09800
vt 0.21350 0.18464
vt 0.21535 0.21404
vt 0.20376 0.22441
vt 0.14607 0.27867
vt 0.13804 0.25507
vt 0.14773 0.25470
vt 0.13804 0.25507
vt 0.11474 0.26067
vt 0.12454 0.24896
vt 0.12607 0.27292
vt 0.13804 0.25507
vt 0.14607 0.27867
vt 0.12454 0.24896
vt 0.14199 0.23371
vt 0.13804 0.25507
vt 0.13804 0.25507
vt 0.15612 0.22869
vt 0.14773 0.25470
vt 0.11290 0.17226
vt 0.12798 0.18321
vt 0.10762 0.21672
vt 0.07876 0.20052
vt 0.06623 0.22068
vt 0.05212 0.21716
vt 0.02497 0.15062
vt 0.05859 0.13230
vt 0.06414 0.15693
vt 0.10944 0.27155
vt 0.11474 0.26067
vt 0.12607 0.27292
vt 0.06514 0.28218
vt 0.08213 0.26027
vt 0.08379 0.27296
vt 0.06514 0.28218
vt 0.08379 0.27296
vt 0.08100 0.28495
vt 0.07610 0.24267
vt 0.08469 0.22041
vt 0.09076 0.23764
vt 0.05969 0.23332
vt 0.06623 0.22068
vt 0.08469 0.22041
vt 0.04571 0.22911
vt 0.05969 0.23332
vt 0.04592 0.24311
vt 0.05554 0.24723
vt 0.05969 0.23332
vt 0.07610 0.24267
vt 0.04113 0.18065
vt 0.04191 0.19215
vt 0.03119 0.19668
vt 0.09517 0.25780
vt 0.08946 0.24594
vt 0.09912 0.24970
vt 0.09912 0.24970
vt 0.08946 0.24594
vt 0.10065 0.23623
vt 0.06739 0.25210
vt 0.08213 0.26027
vt 0.06514 0.28218
vt 0.02306 0.21814
vt 0.03183 0.20945
vt 0.03169 0.22771
vt 0.61584 0.92334
vt 0.61365 0.91113
vt 0.61825 0.91647
vt 0.61584 0.92334
vt 0.60808 0.91459
vt 0.61365 0.91113
vt 0.87220 0.61134
vt 0.86132 0.61643
vt 0.86537 0.60791
vt 0.91849 0.00830
vt 0.92804 0.00972
vt 0.91676 0.02193
vt 0.93685 0.01191
vt 0.91676 0.02193
vt 0.92804 0.00972
vt 0.93315 0.00699
vt 0.93685 0.01191
vt 0.92804 0.00972
vt 0.46532 0.11304
vt 0.46262 0.10119
vt 0.48158 0.09987
vt 0.45415 0.11881
vt 0.46262 0.10119
vt 0.46532 0.11304
vt 0.46554 0.12514
vt 0.46532 0.11304
vt 0.47571 0.11295
vt 0.01377 0.10916
vt 0.02391 0.12696
vt 0.00639 0.12540
vt 0.03579 0.27967
vt 0.04723 0.26314
vt 0.05248 0.27822
vt 0.01303 0.18909
vt 0.03119 0.19668
vt 0.00876 0.19628
vt 0.46309 0.08931
vt 0.46262 0.10119
vt 0.44595 0.10335
vt 0.44606 0.07571
vt 0.46309 0.08931
vt 0.44595 0.10335
vt 0.46262 0.10119
vt 0.46309 0.08931
vt 0.47276 0.09479
vt 0.75714 0.94758
vt 0.77892 0.96707
vt 0.76573 0.96354
vt 0.05953 0.29721
vt 0.07181 0.29378
vt 0.06049 0.30098
vt 0.04592 0.24311
vt 0.05969 0.23332
vt 0.05554 0.24723
vt 0.11089 0.73480
vt 0.09319 0.74341
vt 0.08963 0.71651
vt 0.08020 0.74544
vt 0.06270 0.72882
vt 0.07919 0.72827
vt 0.95221 0.66436
vt 0.96219 0.63837
vt 0.96665 0.67267
vt 0.97373 0.68638
vt 0.96665 0.67267
vt 0.97807 0.65228
vt 0.30552 0.17755
vt 0.29477 0.17665
vt 0.29681 0.16570
vt 0.30552 0.17755
vt 0.30941 0.19266
vt 0.29676 0.18618
vt 0.30941 0.19266
vt 0.30552 0.17755
vt 0.31522 0.16568
vt 0.29676 0.18618
vt 0.28157 0.18657
vt 0.29477 0.17665
vt 0.91268 0.65226
vt 0.91897 0.63970
vt 0.93381 0.64965
vt 0.91268 0.65226
vt 0.93381 0.64965
vt 0.91816 0.66233
vt 0.92004 0.68141
vt 0.91476 0.67223
vt 0.92858 0.68072
vt 0.91647 0.67850
vt 0.91476 0.67223
vt 0.92004 0.68141
vt 0.31522 0.16568
vt 0.30002 0.15545
vt 0.30218 0.14838
vt 0.30002 0.15545
vt 0.30552 0.17755
vt 0.29681 0.16570
vt 0.31522 0.16568
vt 0.30552 0.17755
vt 0.30002 0.15545
vt 0.33759 0.20774
vt 0.33078 0.19349
vt 0.34007 0.17556
vt 0.38355 0.09655
vt 0.40917 0.10215
vt 0.40178 0.10706
vt 0.71411 0.08459
vt 0.72051 0.10219
vt 0.70885 0.08616
vt 0.33464 0.08750
vt 0.33942 0.07368
vt 0.34630 0.08476
vt 0.36365 0.07476
vt 0.34630 0.08476
vt 0.33942 0.07368
vt 0.36365 0.07476
vt 0.33942 0.07368
vt 0.35922 0.06534
vt 0.34790 0.11023
vt 0.34630 0.08476
vt 0.35848 0.10148
vt 0.34437 0.12174
vt 0.33659 0.10620
vt 0.34790 0.11023
vt 0.43594 0.06206
vt 0.37767 0.03720
vt 0.43323 0.04101
vt 0.43323 0.04101
vt 0.37767 0.03720
vt 0.40749 0.01654
vt 0.42844 0.07532
vt 0.39151 0.07561
vt 0.43594 0.06206
vt 0.43594 0.06206
vt 0.39151 0.07561
vt 0.37767 0.03720
vt 0.94364 0.69748
vt 0.95935 0.71698
vt 0.94215 0.70892
vt 0.94364 0.69748
vt 0.97170 0.71162
vt 0.95935 0.71698
vt 0.29682 0.11191
vt 0.32649 0.10333
vt 0.32213 0.12427
vt 0.30870 0.13577
vt 0.29682 0.11191
vt 0.32213 0.12427
vt 0.32213 0.12427
vt 0.32649 0.10333
vt 0.33537 0.12573
vt 0.29020 0.11019
vt 0.30024 0.09437
vt 0.29682 0.11191
vt 0.29020 0.11019
vt 0.29586 0.09125
vt 0.30024 0.09437
vt 0.29839 0.13541
vt 0.29556 0.12570
vt 0.30870 0.13577
vt 0.40860 0.12044
vt 0.39150 0.11312
vt 0.40178 0.10706
vt 0.42738 0.13152
vt 0.42738 0.12152
vt 0.43612 0.12216
vt 0.42738 0.12152
vt 0.42738 0.13152
vt 0.41722 0.12384
vt 0.41437 0.13442
vt 0.40860 0.12044
vt 0.41722 0.12384
vt 0.41437 0.13442
vt 0.40430 0.13382
vt 0.40860 0.12044
vt 0.39682 0.12934
vt 0.40860 0.12044
vt 0.40430 0.13382
vt 0.39682 0.12934
vt 0.39150 0.11312
vt 0.40860 0.12044
vt 0.38511 0.12884
vt 0.36834 0.12566
vt 0.37087 0.11210
vt 0.36834 0.12566
vt 0.36146 0.10887
vt 0.37087 0.11210
vt 0.36146 0.10887
vt 0.36834 0.12566
vt 0.35511 0.12167
vt 0.37075 0.14147
vt 0.36834 0.12566
vt 0.38511 0.12884
vt 0.43612 0.12216
vt 0.42781 0.10104
vt 0.44595 0.10335
vt 0.43612 0.12216
vt 0.42738 0.12152
vt 0.42781 0.10104
vt 0.45006 0.10921
vt 0.43612 0.12216
vt 0.44595 0.10335
vt 0.32525 0.15554
vt 0.32213 0.12427
vt 0.33930 0.14464
vt 0.32213 0.12427
vt 0.33537 0.12573
vt 0.33930 0.14464
vt 0.49634 0.20436
vt 0.48405 0.21334
vt 0.48890 0.19475
vt 0.30870 0.13577
vt 0.32213 0.12427
vt 0.32525 0.15554
vt 0.39586 0.26591
vt 0.39618 0.27231
vt 0.37214 0.28242
vt 0.39246 0.29288
vt 0.37214 0.28242
vt 0.39618 0.27231
vt 0.39586 0.26591
vt 0.36307 0.26123
vt 0.38063 0.24758
vt 0.39246 0.29288
vt 0.39766 0.29937
vt 0.38498 0.30323
vt 0.42422 0.14687
vt 0.43612 0.12216
vt 0.45496 0.13253
vt 0.45045 0.15465
vt 0.42422 0.14687
vt 0.45496 0.13253
vt 0.45045 0.15465
vt 0.43203 0.16194
vt 0.42422 0.14687
vt 0.46317 0.64121
vt 0.45380 0.63070
vt 0.47010 0.63251
vt 0.43931 0.19268
vt 0.42893 0.18299
vt 0.44696 0.18619
vt 0.40957 0.15843
vt 0.39509 0.15845
vt 0.40843 0.15441
vt 0.42893 0.18299
vt 0.39964 0.17925
vt 0.40957 0.15843
vt 0.09682 0.56583
vt 0.09752 0.58308
vt 0.09208 0.57741
vt 0.08164 0.56479
vt 0.09682 0.56583
vt 0.07540 0.57617
vt 0.09682 0.56583
vt 0.08164 0.56479
vt 0.09309 0.55510
vt 0.45496 0.13253
vt 0.45415 0.11881
vt 0.46554 0.12514
vt 0.45415 0.11881
vt 0.43612 0.12216
vt 0.45006 0.10921
vt 0.93885 0.04578
vt 0.93447 0.02683
vt 0.94589 0.02497
vt 0.47573 0.14979
vt 0.45826 0.14596
vt 0.46926 0.13567
vt 0.45826 0.14596
vt 0.46554 0.12514
vt 0.46926 0.13567
vt 0.45826 0.14596
vt 0.45496 0.13253
vt 0.46554 0.12514
vt 0.40430 0.13382
vt 0.41437 0.13442
vt 0.40843 0.15441
vt 0.46903 0.24656
vt 0.44211 0.24619
vt 0.46587 0.22715
vt 0.74194 0.27128
vt 0.72651 0.26605
vt 0.73968 0.26253
vt 0.93885 0.04578
vt 0.94589 0.02497
vt 0.95895 0.02230
vt 0.98080 0.03851
vt 0.98755 0.05677
vt 0.96832 0.03598
vt 0.48890 0.19475
vt 0.46979 0.19563
vt 0.48622 0.18234
vt 0.46979 0.19563
vt 0.45493 0.19803
vt 0.45448 0.18501
vt 0.46979 0.19563
vt 0.46454 0.17834
vt 0.48622 0.18234
vt 0.46587 0.22715
vt 0.45793 0.21307
vt 0.47154 0.21705
vt 0.46587 0.22715
vt 0.44593 0.22580
vt 0.45793 0.21307
vt 0.46979 0.19563
vt 0.47154 0.21705
vt 0.45493 0.19803
vt 0.42573 0.24255
vt 0.40797 0.25947
vt 0.40633 0.24521
vt 0.72634 0.28016
vt 0.72651 0.26605
vt 0.74194 0.27128
vt 0.43656 0.30344
vt 0.41512 0.31020
vt 0.42551 0.29029
vt 0.95765 0.62353
vt 0.96020 0.61136
vt 0.97648 0.63475
vt 0.91632 0.62810
vt 0.91778 0.61988
vt 0.91897 0.63970
vt 0.90927 0.61159
vt 0.90999 0.59771
vt 0.93392 0.61477
vt 0.90927 0.61159
vt 0.93392 0.61477
vt 0.91778 0.61988
vt 0.93381 0.64965
vt 0.93392 0.61477
vt 0.96219 0.63837
vt 0.91897 0.63970
vt 0.93392 0.61477
vt 0.93381 0.64965
vt 0.90396 0.58202
vt 0.92860 0.57504
vt 0.92766 0.59117
vt 0.92766 0.59117
vt 0.94124 0.58083
vt 0.94429 0.59667
vt 0.93392 0.61477
vt 0.94429 0.59667
vt 0.96020 0.61136
vt 0.90999 0.59771
vt 0.92766 0.59117
vt 0.93392 0.61477
vt 0.02265 0.69711
vt 0.01188 0.68609
vt 0.03346 0.68692
vt 0.03346 0.68692
vt 0.04051 0.71164
vt 0.02265 0.69711
vt 0.04051 0.71164
vt 0.02552 0.72711
vt 0.02265 0.69711
vt 0.01119 0.71135
vt 0.01188 0.68609
vt 0.02265 0.69711
vt 0.01945 0.66904
vt 0.01188 0.68609
vt 0.01662 0.65568
vt 0.03346 0.68692
vt 0.01945 0.66904
vt 0.03715 0.65485
vt 0.07992 0.71434
vt 0.06562 0.71040
vt 0.06860 0.69450
vt 0.08963 0.71651
vt 0.07992 0.71434
vt 0.08110 0.68637
vt 0.06562 0.71040
vt 0.06270 0.72882
vt 0.04051 0.71164
vt 0.07621 0.75569
vt 0.07901 0.77122
vt 0.05715 0.75654
vt 0.06270 0.72882
vt 0.05715 0.75654
vt 0.02552 0.72711
vt 0.06270 0.72882
vt 0.02552 0.72711
vt 0.04051 0.71164
vt 0.04276 0.63122
vt 0.03897 0.64098
vt 0.02217 0.63115
vt 0.05738 0.64070
vt 0.04276 0.63122
vt 0.05574 0.62774
vt 0.05738 0.64070
vt 0.03897 0.64098
vt 0.04276 0.63122
vt 0.05738 0.64070
vt 0.03715 0.65485
vt 0.03897 0.64098
vt 0.09160 0.65227
vt 0.07108 0.64893
vt 0.08880 0.62630
vt 0.07108 0.64893
vt 0.06618 0.62236
vt 0.08880 0.62630
vt 0.05738 0.64070
vt 0.06618 0.62236
vt 0.07108 0.64893
vt 0.09160 0.65227
vt 0.08880 0.62630
vt 0.10269 0.63502
vt 0.05738 0.64070
vt 0.05574 0.62774
vt 0.06618 0.62236
vt 0.06549 0.67208
vt 0.05529 0.65769
vt 0.07108 0.64893
vt 0.08110 0.68637
vt 0.06549 0.67208
vt 0.08118 0.66455
vt 0.95835 0.55527
vt 0.96241 0.57399
vt 0.94756 0.56935
vt 0.95835 0.55527
vt 0.97908 0.57542
vt 0.96241 0.57399
vt 0.94124 0.58083
vt 0.94756 0.56935
vt 0.95518 0.58253
vt 0.94758 0.55380
vt 0.95835 0.55527
vt 0.94756 0.56935
vt 0.95323 0.54077
vt 0.95835 0.55527
vt 0.94758 0.55380
vt 0.98374 0.54562
vt 0.97908 0.57542
vt 0.95835 0.55527
vt 0.91139 0.55729
vt 0.92860 0.57504
vt 0.90396 0.58202
vt 0.93494 0.54748
vt 0.94758 0.55380
vt 0.94756 0.56935
vt 0.10950 0.57239
vt 0.09682 0.56583
vt 0.10854 0.56113
vt 0.10950 0.57239
vt 0.10854 0.56113
vt 0.12228 0.56270
vt 0.09752 0.58308
vt 0.07540 0.57617
vt 0.09208 0.57741
vt 0.92671 0.53585
vt 0.93494 0.54748
vt 0.92732 0.55945
vt 0.91139 0.55729
vt 0.88692 0.57954
vt 0.87318 0.55575
vt 0.91139 0.55729
vt 0.90396 0.58202
vt 0.88692 0.57954
vt 0.24496 0.25272
vt 0.25396 0.23949
vt 0.24880 0.25704
vt 0.86093 0.56755
vt 0.88692 0.57954
vt 0.87279 0.57983
vt 0.24880 0.25704
vt 0.25908 0.24105
vt 0.25847 0.25294
vt 0.85839 0.55820
vt 0.87318 0.55575
vt 0.86981 0.56385
vt 0.87279 0.57983
vt 0.88692 0.57954
vt 0.88103 0.58875
vt 0.26241 0.13019
vt 0.24729 0.13662
vt 0.25104 0.12584
vt 0.86602 0.53966
vt 0.87750 0.54144
vt 0.87318 0.55575
vt 0.87750 0.54144
vt 0.88202 0.54847
vt 0.87318 0.55575
vt 0.85557 0.54871
vt 0.86602 0.53966
vt 0.87318 0.55575
vt 0.27525 0.20390
vt 0.28157 0.18657
vt 0.29075 0.19606
vt 0.96439 0.78489
vt 0.97312 0.79669
vt 0.96489 0.79574
vt 0.96489 0.79574
vt 0.97312 0.79669
vt 0.96918 0.79968
vt 0.27525 0.20390
vt 0.26814 0.18875
vt 0.28157 0.18657
vt 0.29676 0.18618
vt 0.29075 0.19606
vt 0.28157 0.18657
vt 0.30941 0.19266
vt 0.29075 0.19606
vt 0.29676 0.18618
vt 0.29969 0.22203
vt 0.31700 0.21493
vt 0.30898 0.22976
vt 0.28987 0.25137
vt 0.29163 0.23712
vt 0.29602 0.23782
vt 0.29969 0.22203
vt 0.30058 0.20778
vt 0.31700 0.21493
vt 0.31700 0.21493
vt 0.30058 0.20778
vt 0.30941 0.19266
vt 0.98262 0.75063
vt 0.98289 0.76280
vt 0.97403 0.75232
vt 0.97403 0.75232
vt 0.96667 0.76452
vt 0.96114 0.74782
vt 0.25908 0.24105
vt 0.25396 0.23949
vt 0.26108 0.22887
vt 0.96114 0.74782
vt 0.96667 0.76452
vt 0.95433 0.76334
vt 0.11824 0.70025
vt 0.08963 0.71651
vt 0.09764 0.68975
vt 0.12744 0.72511
vt 0.11089 0.73480
vt 0.11824 0.70025
vt 0.08963 0.71651
vt 0.08110 0.68637
vt 0.09764 0.68975
vt 0.10254 0.67852
vt 0.09764 0.68975
vt 0.08110 0.68637
vt 0.13926 0.70159
vt 0.14443 0.72205
vt 0.11824 0.70025
vt 0.14443 0.72205
vt 0.12744 0.72511
vt 0.11824 0.70025
vt 0.13926 0.70159
vt 0.14032 0.68179
vt 0.15903 0.68470
vt 0.13926 0.70159
vt 0.12470 0.67042
vt 0.14032 0.68179
vt 0.13926 0.70159
vt 0.11824 0.70025
vt 0.12470 0.67042
vt 0.14383 0.74503
vt 0.13805 0.75429
vt 0.13166 0.73954
vt 0.98842 0.26140
vt 0.97356 0.24579
vt 0.99090 0.23963
vt 0.12403 0.76122
vt 0.11227 0.75362
vt 0.13166 0.73954
vt 0.97356 0.24579
vt 0.98771 0.22603
vt 0.99090 0.23963
vt 0.13166 0.73954
vt 0.11227 0.75362
vt 0.11089 0.73480
vt 0.13166 0.73954
vt 0.11089 0.73480
vt 0.12744 0.72511
vt 0.11256 0.65227
vt 0.10269 0.63502
vt 0.12653 0.62242
vt 0.12698 0.65806
vt 0.11256 0.65227
vt 0.14133 0.63792
vt 0.10640 0.66760
vt 0.09160 0.65227
vt 0.11256 0.65227
vt 0.79350 0.14198
vt 0.76116 0.14715
vt 0.77321 0.12584
vt 0.14032 0.68179
vt 0.12470 0.67042
vt 0.13985 0.67311
vt 0.13985 0.67311
vt 0.12698 0.65806
vt 0.14133 0.63792
vt 0.17764 0.65186
vt 0.17436 0.63303
vt 0.19900 0.64229
vt 0.20572 0.66658
vt 0.19900 0.64229
vt 0.21030 0.66256
vt 0.21030 0.66256
vt 0.19900 0.64229
vt 0.21355 0.63827
vt 0.20572 0.66658
vt 0.17764 0.65186
vt 0.19900 0.64229
vt 0.19864 0.69010
vt 0.18389 0.66974
vt 0.20572 0.66658
vt 0.75849 0.97633
vt 0.74321 0.98051
vt 0.74265 0.97504
vt 0.30097 0.90080
vt 0.28631 0.89991
vt 0.29332 0.88675
vt 0.76852 0.97745
vt 0.75849 0.97633
vt 0.77823 0.97312
vt 0.28631 0.89991
vt 0.30097 0.90080
vt 0.30509 0.90890
vt 0.28276 0.89544
vt 0.28799 0.88911
vt 0.28631 0.89991
vt 0.96501 0.72774
vt 0.96872 0.72996
vt 0.97103 0.73715
vt 0.79443 0.96521
vt 0.77892 0.96707
vt 0.77405 0.94042
vt 0.31249 0.93057
vt 0.31476 0.91865
vt 0.31783 0.92054
vt 0.27654 0.90888
vt 0.30509 0.90890
vt 0.31476 0.91865
vt 0.30574 0.27025
vt 0.31266 0.24144
vt 0.32195 0.24533
vt 0.32953 0.28456
vt 0.30574 0.27025
vt 0.34194 0.25691
vt 0.30574 0.27025
vt 0.30064 0.25702
vt 0.31266 0.24144
vt 0.30064 0.25702
vt 0.28987 0.25137
vt 0.29602 0.23782
vt 0.31266 0.24144
vt 0.29602 0.23782
vt 0.30898 0.22976
vt 0.32953 0.28456
vt 0.34194 0.25691
vt 0.34533 0.27033
vt 0.29117 0.29312
vt 0.30574 0.27025
vt 0.32115 0.29429
vt 0.30574 0.27025
vt 0.32953 0.28456
vt 0.32115 0.29429
vt 0.16792 0.71055
vt 0.15903 0.68470
vt 0.17587 0.68902
vt 0.16670 0.72971
vt 0.15120 0.71928
vt 0.16792 0.71055
vt 0.17855 0.71100
vt 0.17587 0.68902
vt 0.18889 0.70124
vt 0.07494 0.98946
vt 0.06262 0.99192
vt 0.06253 0.98110
vt 0.16670 0.72971
vt 0.16792 0.71055
vt 0.17855 0.71100
vt 0.18257 0.68776
vt 0.18389 0.66974
vt 0.19864 0.69010
vt 0.07973 0.97448
vt 0.10712 0.98200
vt 0.08945 0.98998
vt 0.07973 0.97448
vt 0.08945 0.98998
vt 0.07494 0.98946
vt 0.06253 0.98110
vt 0.07973 0.97448
vt 0.07494 0.98946
vt 0.08735 0.95125
vt 0.11409 0.97549
vt 0.10712 0.98200
vt 0.17486 0.74373
vt 0.16670 0.72971
vt 0.18413 0.73120
vt 0.03441 0.98253
vt 0.02914 0.98984
vt 0.02167 0.98613
vt 0.03441 0.98253
vt 0.04558 0.98752
vt 0.03734 0.98940
vt 0.02164 0.94824
vt 0.04723 0.94615
vt 0.01940 0.96219
vt 0.05643 0.92939
vt 0.04723 0.94615
vt 0.04382 0.93807
vt 0.06591 0.95036
vt 0.05978 0.96548
vt 0.04723 0.94615
vt 0.04723 0.94615
vt 0.05978 0.96548
vt 0.04861 0.96688
vt 0.02167 0.98613
vt 0.04861 0.96688
vt 0.03441 0.98253
vt 0.04723 0.94615
vt 0.02167 0.98613
vt 0.01940 0.96219
vt 0.87669 0.97642
vt 0.86190 0.98033
vt 0.86052 0.97016
vt 0.08089 0.93140
vt 0.06627 0.93940
vt 0.07287 0.92152
vt 0.09518 0.92759
vt 0.08089 0.93140
vt 0.08667 0.90746
vt 0.09518 0.92759
vt 0.08735 0.95125
vt 0.08089 0.93140
vt 0.09518 0.92759
vt 0.10732 0.94782
vt 0.08735 0.95125
vt 0.08735 0.95125
vt 0.06591 0.95036
vt 0.06627 0.93940
vt 0.30110 0.32843
vt 0.29405 0.32986
vt 0.29005 0.31654
vt 0.29435 0.34942
vt 0.30477 0.33620
vt 0.30946 0.35208
vt 0.28802 0.35082
vt 0.30477 0.33620
vt 0.29435 0.34942
vt 0.28802 0.35082
vt 0.28000 0.34442
vt 0.30477 0.33620
vt 0.28000 0.34442
vt 0.27716 0.33885
vt 0.29405 0.32986
vt 0.29405 0.32986
vt 0.27974 0.32295
vt 0.29005 0.31654
vt 0.31039 0.37261
vt 0.30946 0.35208
vt 0.32000 0.35782
vt 0.77237 0.16841
vt 0.76116 0.14715
vt 0.79350 0.14198
vt 0.32386 0.33756
vt 0.30946 0.35208
vt 0.30477 0.33620
vt 0.30946 0.35208
vt 0.32386 0.33756
vt 0.32000 0.35782
vt 0.27762 0.37817
vt 0.28802 0.35082
vt 0.29435 0.34942
vt 0.83418 0.91642
vt 0.83501 0.92864
vt 0.81739 0.92432
vt 0.27762 0.37817
vt 0.29435 0.34942
vt 0.29721 0.37033
vt 0.39964 0.17925
vt 0.39756 0.21081
vt 0.38028 0.19518
vt 0.32672 0.30089
vt 0.34508 0.28998
vt 0.33466 0.31793
vt 0.37059 0.34051
vt 0.33915 0.33562
vt 0.36071 0.31897
vt 0.34949 0.32639
vt 0.33915 0.33562
vt 0.33466 0.31793
vt 0.98575 0.37021
vt 0.95842 0.33632
vt 0.97977 0.33851
vt 0.98575 0.37021
vt 0.97977 0.33851
vt 0.98922 0.35622
vt 0.85960 0.70411
vt 0.84936 0.71067
vt 0.82984 0.70332
vt 0.85960 0.70411
vt 0.82984 0.70332
vt 0.85234 0.68300
vt 0.73174 0.11761
vt 0.73391 0.13065
vt 0.71943 0.12256
vt 0.51568 0.67765
vt 0.50714 0.67452
vt 0.50365 0.65526
vt 0.85960 0.70411
vt 0.86698 0.71407
vt 0.84936 0.71067
vt 0.85234 0.68300
vt 0.86291 0.68878
vt 0.85960 0.70411
vt 0.43644 0.58468
vt 0.42432 0.57258
vt 0.43716 0.57159
vt 0.42432 0.57258
vt 0.41506 0.56457
vt 0.42392 0.55913
vt 0.44219 0.56095
vt 0.42392 0.55913
vt 0.43020 0.54935
vt 0.44219 0.56095
vt 0.42432 0.57258
vt 0.42392 0.55913
vt 0.42896 0.58982
vt 0.43131 0.60572
vt 0.41579 0.58520
vt 0.43644 0.58468
vt 0.42896 0.58982
vt 0.42432 0.57258
vt 0.70692 0.37718
vt 0.71757 0.40183
vt 0.69344 0.39718
vt 0.68244 0.39261
vt 0.68914 0.40757
vt 0.67756 0.40567
vt 0.75135 0.41244
vt 0.76595 0.41565
vt 0.75170 0.42219
vt 0.78908 0.29109
vt 0.79782 0.30928
vt 0.78416 0.30893
vt 0.78416 0.30893
vt 0.79782 0.30928
vt 0.78617 0.32774
vt 0.78617 0.32774
vt 0.79782 0.30928
vt 0.79307 0.31894
vt 0.75170 0.42219
vt 0.76595 0.41565
vt 0.77056 0.43846
vt 0.73917 0.39129
vt 0.73597 0.41348
vt 0.71757 0.40183
vt 0.74706 0.39981
vt 0.75170 0.42219
vt 0.73597 0.41348
vt 0.73917 0.39129
vt 0.74706 0.39981
vt 0.73597 0.41348
vt 0.72220 0.37637
vt 0.73917 0.39129
vt 0.71757 0.40183
vt 0.73581 0.43035
vt 0.75170 0.42219
vt 0.74569 0.43693
vt 0.76505 0.36719
vt 0.76934 0.37505
vt 0.75012 0.37269
vt 0.74068 0.35879
vt 0.74559 0.35019
vt 0.76505 0.36719
vt 0.75012 0.37269
vt 0.76934 0.37505
vt 0.76022 0.40099
vt 0.75012 0.37269
vt 0.74706 0.39981
vt 0.73917 0.39129
vt 0.89850 0.50311
vt 0.89218 0.51116
vt 0.88578 0.49814
vt 0.88539 0.51465
vt 0.88202 0.50470
vt 0.89218 0.51116
vt 0.88202 0.50470
vt 0.88270 0.48949
vt 0.88578 0.49814
vt 0.90008 0.48388
vt 0.88578 0.49814
vt 0.88270 0.48949
vt 0.90008 0.48388
vt 0.88270 0.48949
vt 0.89021 0.46781
vt 0.90287 0.51692
vt 0.91695 0.50189
vt 0.91637 0.51607
vt 0.80684 0.28818
vt 0.80609 0.29963
vt 0.79782 0.30928
vt 0.91695 0.50189
vt 0.89850 0.50311
vt 0.90008 0.48388
vt 0.82576 0.47658
vt 0.81392 0.46704
vt 0.84336 0.46944
vt 0.85846 0.48770
vt 0.87346 0.46004
vt 0.88002 0.47661
vt 0.85531 0.50161
vt 0.85846 0.48770
vt 0.87297 0.50288
vt 0.83065 0.51783
vt 0.82451 0.51160
vt 0.84293 0.51741
vt 0.85531 0.50161
vt 0.83081 0.48646
vt 0.85846 0.48770
vt 0.70222 0.89073
vt 0.73072 0.89813
vt 0.71040 0.92610
vt 0.73013 0.88394
vt 0.73072 0.89813
vt 0.70222 0.89073
vt 0.70222 0.89073
vt 0.71040 0.92610
vt 0.69354 0.90674
vt 0.65197 0.90184
vt 0.65861 0.89856
vt 0.66207 0.90658
vt 0.43146 0.49485
vt 0.41945 0.48931
vt 0.43737 0.48073
vt 0.66539 0.91784
vt 0.66207 0.90658
vt 0.67867 0.91047
vt 0.41547 0.38389
vt 0.43896 0.37009
vt 0.44246 0.37720
vt 0.40786 0.36928
vt 0.41557 0.35729
vt 0.41547 0.38389
vt 0.39374 0.36929
vt 0.39972 0.35166
vt 0.40786 0.36928
vt 0.42691 0.41200
vt 0.43574 0.40533
vt 0.44033 0.42270
vt 0.43574 0.40533
vt 0.41784 0.41057
vt 0.43542 0.39176
vt 0.43574 0.40533
vt 0.45081 0.39247
vt 0.45657 0.41471
vt 0.39883 0.42808
vt 0.41921 0.41947
vt 0.40925 0.44018
vt 0.40925 0.44018
vt 0.41921 0.41947
vt 0.42558 0.42575
vt 0.41921 0.41947
vt 0.42691 0.41200
vt 0.42558 0.42575
vt 0.42558 0.42575
vt 0.42691 0.41200
vt 0.44033 0.42270
vt 0.41784 0.41057
vt 0.41547 0.38389
vt 0.43542 0.39176
vt 0.39661 0.40901
vt 0.38860 0.38741
vt 0.41547 0.38389
vt 0.72322 0.76669
vt 0.69479 0.76301
vt 0.71304 0.75019
vt 0.74464 0.75980
vt 0.72322 0.76669
vt 0.73026 0.74817
vt 0.74464 0.75980
vt 0.73026 0.74817
vt 0.74670 0.74879
vt 0.75978 0.73189
vt 0.74670 0.74879
vt 0.74663 0.72221
vt 0.74663 0.72221
vt 0.74670 0.74879
vt 0.73026 0.74817
vt 0.75678 0.75528
vt 0.74384 0.77911
vt 0.74464 0.75980
vt 0.75678 0.75528
vt 0.74464 0.75980
vt 0.74670 0.74879
vt 0.09242 0.03346
vt 0.09067 0.02191
vt 0.09330 0.00669
vt 0.69749 0.10019
vt 0.70297 0.11483
vt 0.69452 0.12456
vt 0.09626 0.04330
vt 0.09242 0.03346
vt 0.10771 0.04096
vt 0.09242 0.03346
vt 0.08649 0.03300
vt 0.09067 0.02191
vt 0.65425 0.83783
vt 0.63278 0.85335
vt 0.63872 0.82850
vt 0.11443 0.02837
vt 0.09242 0.03346
vt 0.11485 0.01106
vt 0.11485 0.01106
vt 0.09242 0.03346
vt 0.10774 0.00676
vt 0.67157 0.86096
vt 0.66074 0.86938
vt 0.66295 0.86101
vt 0.66295 0.86101
vt 0.66074 0.86938
vt 0.64825 0.87215
vt 0.65155 0.85335
vt 0.64825 0.87215
vt 0.63278 0.85335
vt 0.13929 0.01024
vt 0.12679 0.02874
vt 0.12970 0.00663
vt 0.51327 0.37734
vt 0.50973 0.38522
vt 0.49974 0.37175
vt 0.66690 0.82555
vt 0.68274 0.83067
vt 0.66808 0.84604
vt 0.68274 0.83067
vt 0.69268 0.85189
vt 0.68224 0.85034
vt 0.70148 0.84287
vt 0.70101 0.84902
vt 0.69268 0.85189
vt 0.70148 0.84287
vt 0.69268 0.85189
vt 0.68274 0.83067
vt 0.12679 0.02874
vt 0.11485 0.01106
vt 0.12970 0.00663
vt 0.69268 0.85189
vt 0.67968 0.85860
vt 0.68224 0.85034
vt 0.63895 0.51112
vt 0.64035 0.54102
vt 0.63045 0.53859
vt 0.63895 0.51112
vt 0.63045 0.53859
vt 0.61873 0.52571
vt 0.60721 0.53176
vt 0.63045 0.53859
vt 0.61699 0.55701
vt 0.58958 0.53131
vt 0.60721 0.53176
vt 0.59401 0.55767
vt 0.61012 0.48420
vt 0.60156 0.50357
vt 0.59454 0.48256
vt 0.60917 0.46084
vt 0.62835 0.46552
vt 0.62031 0.48115
vt 0.62497 0.50073
vt 0.62031 0.48115
vt 0.63957 0.49750
vt 0.63649 0.47649
vt 0.63957 0.49750
vt 0.62031 0.48115
vt 0.61012 0.48420
vt 0.62497 0.50073
vt 0.60156 0.50357
vt 0.69245 0.57386
vt 0.69769 0.55408
vt 0.70738 0.58268
vt 0.68168 0.56296
vt 0.69769 0.55408
vt 0.69245 0.57386
vt 0.69769 0.55408
vt 0.72723 0.56651
vt 0.70738 0.58268
vt 0.66186 0.52875
vt 0.65095 0.56055
vt 0.64035 0.54102
vt 0.66186 0.52875
vt 0.67223 0.54598
vt 0.65095 0.56055
vt 0.68083 0.53226
vt 0.67223 0.54598
vt 0.66186 0.52875
vt 0.66824 0.51746
vt 0.68083 0.53226
vt 0.66186 0.52875
vt 0.67223 0.54598
vt 0.69769 0.55408
vt 0.68168 0.56296
vt 0.65095 0.56055
vt 0.67223 0.54598
vt 0.66426 0.56306
vt 0.64035 0.54102
vt 0.65095 0.56055
vt 0.63223 0.56025
vt 0.68291 0.48932
vt 0.69624 0.50379
vt 0.67683 0.50351
vt 0.65933 0.50415
vt 0.66824 0.51746
vt 0.65303 0.51325
vt 0.69249 0.48436
vt 0.71121 0.47746
vt 0.69624 0.50379
vt 0.69123 0.51879
vt 0.68083 0.53226
vt 0.66824 0.51746
vt 0.73424 0.58106
vt 0.76750 0.56200
vt 0.76387 0.58337
vt 0.77508 0.55743
vt 0.77853 0.57749
vt 0.76750 0.56200
vt 0.75977 0.60580
vt 0.77853 0.57749
vt 0.77508 0.59502
vt 0.72723 0.56651
vt 0.73424 0.58106
vt 0.70738 0.58268
vt 0.41817 0.73545
vt 0.41734 0.76496
vt 0.40927 0.73607
vt 0.40327 0.97458
vt 0.38448 0.97527
vt 0.38710 0.96126
vt 0.75771 0.53142
vt 0.75743 0.50766
vt 0.77410 0.52226
vt 0.77410 0.52226
vt 0.76750 0.56200
vt 0.75771 0.53142
vt 0.88580 0.33092
vt 0.89530 0.32182
vt 0.89072 0.34988
vt 0.88580 0.33092
vt 0.87804 0.32193
vt 0.88504 0.30794
vt 0.88504 0.30794
vt 0.87804 0.32193
vt 0.87727 0.30265
vt 0.08232 0.51492
vt 0.07301 0.52413
vt 0.06895 0.51445
vt 0.09566 0.52540
vt 0.07301 0.52413
vt 0.08232 0.51492
vt 0.93696 0.33285
vt 0.93565 0.34115
vt 0.93166 0.32941
vt 0.93054 0.36756
vt 0.91473 0.35259
vt 0.93157 0.34734
vt 0.93054 0.36756
vt 0.91173 0.36820
vt 0.91473 0.35259
vt 0.91473 0.35259
vt 0.89072 0.34988
vt 0.91593 0.33722
vt 0.91593 0.33722
vt 0.89530 0.32182
vt 0.90585 0.30483
vt 0.91593 0.33722
vt 0.92206 0.32380
vt 0.93565 0.34115
vt 0.91173 0.36820
vt 0.89918 0.37646
vt 0.91473 0.35259
vt 0.92623 0.38098
vt 0.92108 0.39669
vt 0.91173 0.36820
vt 0.69827 0.78867
vt 0.69956 0.77787
vt 0.70649 0.77228
vt 0.91473 0.35259
vt 0.88000 0.37030
vt 0.89072 0.34988
vt 0.87804 0.32193
vt 0.85375 0.31904
vt 0.86524 0.30117
vt 0.85375 0.31904
vt 0.85295 0.30593
vt 0.86524 0.30117
vt 0.71040 0.92610
vt 0.70195 0.93539
vt 0.69354 0.90674
vt 0.51267 0.19697
vt 0.51217 0.19282
vt 0.52015 0.20218
vt 0.46272 0.30366
vt 0.44632 0.29780
vt 0.45355 0.29197
vt 0.83674 0.87476
vt 0.82096 0.87877
vt 0.82107 0.86238
vt 0.80872 0.89279
vt 0.82096 0.87877
vt 0.82363 0.89314
vt 0.79887 0.88474
vt 0.82096 0.87877
vt 0.80872 0.89279
vt 0.82096 0.87877
vt 0.83674 0.87476
vt 0.82819 0.88869
vt 0.05120 0.84621
vt 0.03380 0.82996
vt 0.06653 0.84652
vt 0.80029 0.86658
vt 0.80799 0.85387
vt 0.82107 0.86238
vt 0.59947 0.09143
vt 0.61517 0.09679
vt 0.59887 0.11498
vt 0.58545 0.14184
vt 0.59887 0.11498
vt 0.59782 0.13123
vt 0.56940 0.12192
vt 0.59887 0.11498
vt 0.58545 0.14184
vt 0.56940 0.12192
vt 0.58198 0.10291
vt 0.59887 0.11498
vt 0.59887 0.11498
vt 0.61517 0.09679
vt 0.61929 0.11568
vt 0.57354 0.14251
vt 0.58545 0.14184
vt 0.57532 0.17018
vt 0.55119 0.13506
vt 0.55916 0.12546
vt 0.57354 0.14251
vt 0.53081 0.08514
vt 0.54128 0.07135
vt 0.54872 0.09854
vt 0.02582 0.25015
vt 0.01532 0.25280
vt 0.01954 0.23750
vt 0.74663 0.72221
vt 0.74475 0.71233
vt 0.75709 0.70456
vt 0.52751 0.12179
vt 0.54735 0.11081
vt 0.54154 0.12342
vt 0.52751 0.12179
vt 0.51180 0.13987
vt 0.49928 0.13724
vt 0.50300 0.09739
vt 0.49602 0.08668
vt 0.52132 0.07709
vt 0.71277 0.63110
vt 0.70544 0.64301
vt 0.70000 0.62954
vt 0.89918 0.22157
vt 0.91720 0.21973
vt 0.91009 0.23224
vt 0.91720 0.21973
vt 0.89918 0.22157
vt 0.89960 0.18957
vt 0.91009 0.23224
vt 0.89695 0.23488
vt 0.89918 0.22157
vt 0.91720 0.21973
vt 0.89960 0.18957
vt 0.91525 0.20056
vt 0.54917 0.79689
vt 0.54327 0.79261
vt 0.56513 0.79106
vt 0.54917 0.79689
vt 0.55235 0.80562
vt 0.54029 0.79862
vt 0.91087 0.25694
vt 0.90283 0.24120
vt 0.91009 0.23224
vt 0.55941 0.81593
vt 0.55235 0.80562
vt 0.56276 0.79935
vt 0.55235 0.80562
vt 0.55062 0.81207
vt 0.53978 0.80583
vt 0.55235 0.80562
vt 0.53978 0.80583
vt 0.54029 0.79862
vt 0.56276 0.79935
vt 0.54917 0.79689
vt 0.56513 0.79106
vt 0.59093 0.77732
vt 0.56761 0.77300
vt 0.58977 0.76062
vt 0.56761 0.77300
vt 0.56513 0.79106
vt 0.55332 0.77885
vt 0.58405 0.79958
vt 0.56513 0.79106
vt 0.59093 0.77732
vt 0.58405 0.79958
vt 0.59405 0.78716
vt 0.59112 0.81436
vt 0.59405 0.78716
vt 0.58405 0.79958
vt 0.59093 0.77732
vt 0.36854 0.92004
vt 0.34854 0.91760
vt 0.36239 0.91287
vt 0.36854 0.92004
vt 0.36239 0.91287
vt 0.38105 0.90511
vt 0.36854 0.92004
vt 0.38105 0.90511
vt 0.38523 0.91546
vt 0.54232 0.85221
vt 0.54980 0.86384
vt 0.52785 0.85990
vt 0.34351 0.94017
vt 0.33572 0.93023
vt 0.34865 0.93137
vt 0.34865 0.93137
vt 0.34854 0.91760
vt 0.36854 0.92004
vt 0.57157 0.86443
vt 0.56082 0.86583
vt 0.56266 0.85531
vt 0.57157 0.86443
vt 0.56790 0.87062
vt 0.56082 0.86583
vt 0.57461 0.87201
vt 0.56790 0.87062
vt 0.57157 0.86443
vt 0.56266 0.85531
vt 0.56082 0.86583
vt 0.54980 0.86384
vt 0.33041 0.91647
vt 0.34854 0.91760
vt 0.33505 0.92044
vt 0.39720 0.95306
vt 0.40124 0.93444
vt 0.41580 0.94212
vt 0.40124 0.93444
vt 0.41538 0.93375
vt 0.41580 0.94212
vt 0.40301 0.92767
vt 0.41461 0.92432
vt 0.40124 0.93444
vt 0.40124 0.93444
vt 0.41461 0.92432
vt 0.41538 0.93375
vt 0.40327 0.97458
vt 0.39720 0.95306
vt 0.41580 0.94212
vt 0.39720 0.95306
vt 0.37750 0.93657
vt 0.40124 0.93444
vt 0.89999 0.10829
vt 0.88767 0.10944
vt 0.89567 0.09360
vt 0.38448 0.97527
vt 0.40327 0.97458
vt 0.40126 0.98059
vt 0.90728 0.09042
vt 0.89800 0.08253
vt 0.90596 0.07615
vt 0.39179 0.98418
vt 0.37664 0.99151
vt 0.37923 0.98271
vt 0.91673 0.07434
vt 0.90728 0.09042
vt 0.90596 0.07615
vt 0.54238 0.63694
vt 0.53124 0.64824
vt 0.52347 0.63944
vt 0.41338 0.81950
vt 0.42269 0.82097
vt 0.41854 0.83949
vt 0.40165 0.82597
vt 0.41338 0.81950
vt 0.41854 0.83949
vt 0.39788 0.84514
vt 0.41854 0.83949
vt 0.40304 0.86251
vt 0.39788 0.84514
vt 0.40304 0.86251
vt 0.38757 0.86944
vt 0.37703 0.83420
vt 0.40165 0.82597
vt 0.39788 0.84514
vt 0.40304 0.86251
vt 0.42409 0.85397
vt 0.41057 0.87316
vt 0.52511 0.59356
vt 0.55184 0.59780
vt 0.52865 0.60977
vt 0.51933 0.61399
vt 0.54238 0.63694
vt 0.52347 0.63944
vt 0.37703 0.83420
vt 0.39788 0.84514
vt 0.37271 0.84959
vt 0.95836 0.83533
vt 0.96700 0.84242
vt 0.95460 0.85481
vt 0.41057 0.87316
vt 0.42758 0.86247
vt 0.42796 0.87656
vt 0.94777 0.82951
vt 0.95836 0.83533
vt 0.93976 0.84676
vt 0.93976 0.84676
vt 0.95836 0.83533
vt 0.95460 0.85481
vt 0.35848 0.10148
vt 0.36146 0.10887
vt 0.35511 0.12167
vt 0.54238 0.63694
vt 0.55967 0.65758
vt 0.54730 0.65696
vt 0.53124 0.64824
vt 0.54730 0.65696
vt 0.53081 0.65860
vt 0.58718 0.63494
vt 0.59407 0.65074
vt 0.57670 0.64677
vt 0.59407 0.65074
vt 0.59303 0.65752
vt 0.57670 0.64677
vt 0.57670 0.64677
vt 0.56819 0.65781
vt 0.55967 0.65758
vt 0.57670 0.64677
vt 0.58110 0.65631
vt 0.56819 0.65781
vt 0.60190 0.61459
vt 0.61772 0.64410
vt 0.58718 0.63494
vt 0.56159 0.61772
vt 0.57670 0.64677
vt 0.54238 0.63694
vt 0.57756 0.60847
vt 0.58718 0.63494
vt 0.57670 0.64677
vt 0.56955 0.27510
vt 0.59767 0.24986
vt 0.59342 0.27250
vt 0.58596 0.29857
vt 0.59342 0.27250
vt 0.60867 0.28261
vt 0.54281 0.26919
vt 0.56955 0.27510
vt 0.55029 0.28909
vt 0.13418 0.35781
vt 0.12210 0.37872
vt 0.11943 0.35908
vt 0.12210 0.37872
vt 0.10410 0.36208
vt 0.11943 0.35908
vt 0.10410 0.36208
vt 0.10472 0.35492
vt 0.11943 0.35908
vt 0.17421 0.39293
vt 0.17302 0.37940
vt 0.18107 0.37777
vt 0.17421 0.39293
vt 0.15196 0.37849
vt 0.17302 0.37940
vt 0.13529 0.38646
vt 0.13929 0.36505
vt 0.15196 0.37849
vt 0.15535 0.42921
vt 0.14050 0.42479
vt 0.15969 0.41967
vt 0.15383 0.39983
vt 0.13529 0.38646
vt 0.15196 0.37849
vt 0.60310 0.07167
vt 0.58803 0.06519
vt 0.59946 0.05965
vt 0.56543 0.06143
vt 0.58803 0.06519
vt 0.57969 0.07187
vt 0.56543 0.06143
vt 0.56999 0.04534
vt 0.58803 0.06519
vt 0.58828 0.04081
vt 0.59946 0.05965
vt 0.58803 0.06519
vt 0.58828 0.04081
vt 0.60021 0.05258
vt 0.59946 0.05965
vt 0.08113 0.33455
vt 0.09482 0.31674
vt 0.09708 0.34529
vt 0.57969 0.07187
vt 0.58803 0.06519
vt 0.60310 0.07167
vt 0.10634 0.32145
vt 0.11503 0.33232
vt 0.09708 0.34529
vt 0.56999 0.04534
vt 0.56543 0.06143
vt 0.55820 0.05542
vt 0.55028 0.02286
vt 0.55881 0.01887
vt 0.54881 0.03869
vt 0.56808 0.02010
vt 0.56999 0.04534
vt 0.54881 0.03869
vt 0.08070 0.41566
vt 0.08358 0.38851
vt 0.09347 0.40022
vt 0.06681 0.41488
vt 0.08358 0.38851
vt 0.08070 0.41566
vt 0.09431 0.41158
vt 0.09347 0.40022
vt 0.11546 0.40775
vt 0.09313 0.42868
vt 0.08070 0.41566
vt 0.09431 0.41158
vt 0.11730 0.42919
vt 0.11546 0.40775
vt 0.13139 0.40733
vt 0.12771 0.44870
vt 0.11730 0.42919
vt 0.14050 0.42479
vt 0.09313 0.42868
vt 0.09431 0.41158
vt 0.11546 0.40775
vt 0.11730 0.42919
vt 0.10604 0.43456
vt 0.11546 0.40775
vt 0.11619 0.45293
vt 0.10200 0.44712
vt 0.10604 0.43456
vt 0.10200 0.44712
vt 0.09313 0.42868
vt 0.10604 0.43456
vt 0.08370 0.46322
vt 0.07481 0.44995
vt 0.10200 0.44712
vt 0.07481 0.44995
vt 0.07072 0.43400
vt 0.10200 0.44712
vt 0.10101 0.47140
vt 0.08370 0.46322
vt 0.11619 0.45293
vt 0.10559 0.48005
vt 0.11619 0.45293
vt 0.11933 0.47158
vt 0.06643 0.50421
vt 0.06539 0.48821
vt 0.09134 0.48874
vt 0.08232 0.51492
vt 0.06643 0.50421
vt 0.09134 0.48874
vt 0.06141 0.51701
vt 0.06643 0.50421
vt 0.06895 0.51445
vt 0.06141 0.51701
vt 0.04924 0.50500
vt 0.06643 0.50421
vt 0.04924 0.50500
vt 0.05084 0.48447
vt 0.06539 0.48821
vt 0.49629 0.05090
vt 0.50354 0.03689
vt 0.51268 0.03649
vt 0.49629 0.05090
vt 0.48123 0.06241
vt 0.48819 0.04809
vt 0.48819 0.04809
vt 0.49402 0.03857
vt 0.49629 0.05090
vt 0.12074 0.51468
vt 0.11664 0.48361
vt 0.13532 0.49604
vt 0.49629 0.05090
vt 0.51778 0.04779
vt 0.50968 0.06567
vt 0.12446 0.53182
vt 0.12074 0.51468
vt 0.13360 0.51653
vt 0.46923 0.05202
vt 0.48146 0.05337
vt 0.47298 0.05874
vt 0.13360 0.51653
vt 0.12074 0.51468
vt 0.13659 0.50550
vt 0.54231 0.05550
vt 0.55820 0.05542
vt 0.55170 0.06689
vt 0.53480 0.05605
vt 0.53197 0.04270
vt 0.54540 0.04521
vt 0.53197 0.04270
vt 0.54881 0.03869
vt 0.54540 0.04521
vt 0.55820 0.05542
vt 0.56543 0.06143
vt 0.55170 0.06689
vt 0.51778 0.04779
vt 0.53197 0.04270
vt 0.53480 0.05605
vt 0.53480 0.05605
vt 0.54231 0.05550
vt 0.54128 0.07135
vt 0.53480 0.05605
vt 0.54128 0.07135
vt 0.52726 0.06864
vt 0.50968 0.06567
vt 0.51778 0.04779
vt 0.52726 0.06864
vt 0.14324 0.46606
vt 0.12771 0.44870
vt 0.15056 0.45448
vt 0.11933 0.47158
vt 0.11619 0.45293
vt 0.13660 0.47126
vt 0.12771 0.44870
vt 0.14241 0.43759
vt 0.15056 0.45448
vt 0.51778 0.04779
vt 0.51268 0.03649
vt 0.53197 0.04270
vt 0.07456 0.34801
vt 0.05834 0.32127
vt 0.08113 0.33455
vt 0.08113 0.33455
vt 0.05834 0.32127
vt 0.07902 0.31876
vt 0.45261 0.01494
vt 0.47254 0.00556
vt 0.46284 0.02134
vt 0.66770 0.97075
vt 0.65993 0.95489
vt 0.67710 0.97134
vt 0.68814 0.95743
vt 0.67710 0.97134
vt 0.67466 0.95340
vt 0.82312 0.54725
vt 0.82492 0.55927
vt 0.82011 0.55099
vt 0.99069 0.06534
vt 0.99386 0.07667
vt 0.97709 0.07593
vt 0.98231 0.08252
vt 0.97709 0.07593
vt 0.99386 0.07667
vt 0.24926 0.89042
vt 0.25288 0.88389
vt 0.26262 0.88259
vt 0.03104 0.38145
vt 0.03942 0.34589
vt 0.04522 0.37802
vt 0.89327 0.83066
vt 0.90197 0.82978
vt 0.89969 0.83705
vt 0.01642 0.39921
vt 0.01757 0.39317
vt 0.02005 0.39999
vt 0.89066 0.83890
vt 0.89969 0.83705
vt 0.89559 0.84529
vt 0.01757 0.39317
vt 0.01274 0.38559
vt 0.01504 0.38019
vt 0.01757 0.39317
vt 0.01504 0.38019
vt 0.03104 0.38145
vt 0.89413 0.81880
vt 0.89966 0.82612
vt 0.89327 0.83066
vt 0.89413 0.81880
vt 0.90436 0.82151
vt 0.89966 0.82612
vt 0.89413 0.81880
vt 0.90891 0.81497
vt 0.90436 0.82151
vt 0.90891 0.81497
vt 0.89413 0.81880
vt 0.91571 0.80745
vt 0.01274 0.38559
vt 0.00988 0.37379
vt 0.01504 0.38019
vt 0.88810 0.80203
vt 0.89165 0.79606
vt 0.89464 0.79363
vt 0.36011 0.02117
vt 0.35568 0.01244
vt 0.36514 0.01615
vt 0.88982 0.78643
vt 0.89464 0.79363
vt 0.88699 0.79444
vt 0.88810 0.80203
vt 0.89464 0.79363
vt 0.89413 0.81880
vt 0.70567 0.96327
vt 0.70712 0.96665
vt 0.68911 0.97223
vt 0.88263 0.79206
vt 0.88982 0.78643
vt 0.88699 0.79444
vt 0.27074 0.44795
vt 0.24083 0.44945
vt 0.26758 0.44224
vt 0.24491 0.47406
vt 0.22393 0.46144
vt 0.24670 0.45776
vt 0.37238 0.40490
vt 0.35176 0.40760
vt 0.36400 0.39189
vt 0.35176 0.40760
vt 0.34027 0.40830
vt 0.34832 0.39111
vt 0.35903 0.41948
vt 0.37238 0.40490
vt 0.36861 0.42086
vt 0.34069 0.42167
vt 0.35176 0.40760
vt 0.35903 0.41948
vt 0.33601 0.44146
vt 0.33049 0.43357
vt 0.35510 0.44373
vt 0.47012 0.37947
vt 0.45372 0.36524
vt 0.47250 0.35987
vt 0.45533 0.38485
vt 0.46316 0.39028
vt 0.45081 0.39247
vt 0.47012 0.37947
vt 0.47250 0.35987
vt 0.48160 0.36782
vt 0.46316 0.39028
vt 0.45533 0.38485
vt 0.47012 0.37947
vt 0.45533 0.38485
vt 0.45372 0.36524
vt 0.47012 0.37947
vt 0.80799 0.85387
vt 0.81570 0.84900
vt 0.82107 0.86238
vt 0.35510 0.44373
vt 0.34069 0.42167
vt 0.35903 0.41948
vt 0.35903 0.41948
vt 0.36861 0.42086
vt 0.35510 0.44373
vt 0.36861 0.42086
vt 0.38180 0.40947
vt 0.39883 0.42808
vt 0.47041 0.39296
vt 0.47938 0.37730
vt 0.48367 0.38254
vt 0.47012 0.37947
vt 0.47041 0.39296
vt 0.46316 0.39028
vt 0.78116 0.86117
vt 0.78330 0.85656
vt 0.79233 0.85498
vt 0.78495 0.88084
vt 0.77076 0.86471
vt 0.78116 0.86117
vt 0.47580 0.40931
vt 0.46693 0.39910
vt 0.48284 0.40030
vt 0.48284 0.40030
vt 0.47041 0.39296
vt 0.48308 0.39024
vt 0.39972 0.35166
vt 0.42502 0.32212
vt 0.42855 0.34111
vt 0.45372 0.36524
vt 0.44079 0.34738
vt 0.45761 0.34736
vt 0.45761 0.34736
vt 0.44079 0.34738
vt 0.44856 0.33987
vt 0.45372 0.36524
vt 0.43896 0.37009
vt 0.44079 0.34738
vt 0.94889 0.41765
vt 0.95161 0.40392
vt 0.97549 0.40431
vt 0.97549 0.40431
vt 0.95541 0.37865
vt 0.98575 0.37021
vt 0.19179 0.46287
vt 0.19512 0.45152
vt 0.20934 0.46103
vt 0.96987 0.44278
vt 0.94889 0.41765
vt 0.97549 0.40431
vt 0.06534 0.89327
vt 0.03890 0.89292
vt 0.04053 0.87879
vt 0.31039 0.37261
vt 0.32000 0.35782
vt 0.31914 0.38152
vt 0.30764 0.41992
vt 0.31925 0.39724
vt 0.34027 0.40830
vt 0.30871 0.40464
vt 0.31925 0.39724
vt 0.30764 0.41992
vt 0.30871 0.40464
vt 0.30628 0.38705
vt 0.31925 0.39724
vt 0.29597 0.40921
vt 0.30628 0.38705
vt 0.30871 0.40464
vt 0.31925 0.39724
vt 0.30628 0.38705
vt 0.31914 0.38152
vt 0.22504 0.43886
vt 0.22327 0.42657
vt 0.24833 0.42906
vt 0.23933 0.41863
vt 0.24768 0.41874
vt 0.24833 0.42906
vt 0.24083 0.44945
vt 0.24833 0.42906
vt 0.26758 0.44224
vt 0.20578 0.44503
vt 0.20587 0.43313
vt 0.22075 0.44966
vt 0.20347 0.44191
vt 0.20587 0.43313
vt 0.20578 0.44503
vt 0.74126 0.91827
vt 0.73062 0.92310
vt 0.73072 0.89813
vt 0.73072 0.89813
vt 0.76289 0.91368
vt 0.74126 0.91827
vt 0.26814 0.50517
vt 0.28529 0.48089
vt 0.29045 0.50872
vt 0.28504 0.52547
vt 0.29045 0.50872
vt 0.29408 0.53703
vt 0.25892 0.53360
vt 0.26814 0.50517
vt 0.28504 0.52547
vt 0.40041 0.48652
vt 0.41945 0.48931
vt 0.40063 0.49856
vt 0.66207 0.90658
vt 0.64750 0.91205
vt 0.65197 0.90184
vt 0.38893 0.49915
vt 0.40041 0.48652
vt 0.40063 0.49856
vt 0.37831 0.48510
vt 0.39164 0.46122
vt 0.40041 0.48652
vt 0.43737 0.48073
vt 0.42024 0.47432
vt 0.43254 0.46644
vt 0.34948 0.50137
vt 0.34985 0.48593
vt 0.37831 0.48510
vt 0.23083 0.51976
vt 0.22482 0.50408
vt 0.24845 0.50706
vt 0.23083 0.51976
vt 0.21569 0.53023
vt 0.21239 0.51388
vt 0.24339 0.53312
vt 0.23143 0.53468
vt 0.23083 0.51976
vt 0.25601 0.54831
vt 0.24339 0.53312
vt 0.25892 0.53360
vt 0.20526 0.54297
vt 0.21569 0.53023
vt 0.21897 0.55105
vt 0.23143 0.53468
vt 0.21569 0.53023
vt 0.23083 0.51976
vt 0.24339 0.53312
vt 0.24845 0.50706
vt 0.25636 0.52394
vt 0.24339 0.53312
vt 0.23083 0.51976
vt 0.24845 0.50706
vt 0.24339 0.53312
vt 0.25636 0.52394
vt 0.25892 0.53360
vt 0.18858 0.55231
vt 0.20526 0.54297
vt 0.21161 0.56220
vt 0.46249 0.74154
vt 0.47019 0.73835
vt 0.47537 0.75143
vt 0.47210 0.79025
vt 0.47537 0.75143
vt 0.48520 0.77862
vt 0.45669 0.77339
vt 0.47537 0.75143
vt 0.47210 0.79025
vt 0.42152 0.80341
vt 0.43345 0.79601
vt 0.44420 0.81377
vt 0.44420 0.81377
vt 0.43345 0.79601
vt 0.44519 0.77815
vt 0.45822 0.80633
vt 0.46316 0.78656
vt 0.46658 0.81001
vt 0.42152 0.80341
vt 0.42790 0.78534
vt 0.43345 0.79601
vt 0.41730 0.78434
vt 0.42790 0.78534
vt 0.42152 0.80341
vt 0.41730 0.78434
vt 0.41734 0.76496
vt 0.42980 0.77617
vt 0.43345 0.79601
vt 0.42980 0.77617
vt 0.44519 0.77815
vt 0.82375 0.02715
vt 0.83775 0.02954
vt 0.83357 0.03752
vt 0.37721 0.72098
vt 0.36926 0.70488
vt 0.37908 0.70846
vt 0.34865 0.93137
vt 0.36714 0.96867
vt 0.35247 0.96144
vt 0.37253 0.69122
vt 0.36926 0.70488
vt 0.36253 0.69200
vt 0.36926 0.70488
vt 0.37253 0.69122
vt 0.37908 0.70846
vt 0.40320 0.72239
vt 0.39394 0.71636
vt 0.40591 0.70831
vt 0.42738 0.12152
vt 0.41722 0.12384
vt 0.42781 0.10104
vt 0.37721 0.72098
vt 0.37908 0.70846
vt 0.39394 0.71636
vt 0.39394 0.71636
vt 0.39300 0.69625
vt 0.40591 0.70831
vt 0.37056 0.75111
vt 0.36353 0.72906
vt 0.38172 0.73773
vt 0.36353 0.72906
vt 0.37721 0.72098
vt 0.38172 0.73773
vt 0.71943 0.12256
vt 0.73391 0.13065
vt 0.72054 0.13722
vt 0.74202 0.11181
vt 0.75033 0.12074
vt 0.74369 0.12555
vt 0.31325 0.71837
vt 0.29322 0.69410
vt 0.31114 0.68683
vt 0.29424 0.72877
vt 0.29139 0.71728
vt 0.31325 0.71837
vt 0.42390 0.51249
vt 0.43146 0.49485
vt 0.43654 0.50717
vt 0.80464 0.12767
vt 0.79350 0.14198
vt 0.78714 0.12552
vt 0.78714 0.12552
vt 0.79350 0.14198
vt 0.77321 0.12584
vt 0.81118 0.11074
vt 0.80464 0.12767
vt 0.79687 0.11576
vt 0.80464 0.12767
vt 0.81956 0.13629
vt 0.79350 0.14198
vt 0.74369 0.12555
vt 0.74729 0.13914
vt 0.73391 0.13065
vt 0.76938 0.10289
vt 0.77797 0.10400
vt 0.76859 0.11405
vt 0.75817 0.10574
vt 0.76544 0.08384
vt 0.76938 0.10289
vt 0.76544 0.08384
vt 0.77797 0.10400
vt 0.76938 0.10289
vt 0.79057 0.10311
vt 0.79687 0.11576
vt 0.77797 0.10400
vt 0.29408 0.53703
vt 0.30768 0.54989
vt 0.28697 0.54016
vt 0.30768 0.54989
vt 0.29677 0.55433
vt 0.28697 0.54016
vt 0.30924 0.50879
vt 0.31690 0.51926
vt 0.29408 0.53703
vt 0.33126 0.55341
vt 0.32620 0.57440
vt 0.31734 0.55168
vt 0.26129 0.62572
vt 0.24525 0.60128
vt 0.27298 0.59136
vt 0.24525 0.60128
vt 0.23019 0.64028
vt 0.20994 0.60237
vt 0.30381 0.57924
vt 0.29925 0.59351
vt 0.28451 0.58465
vt 0.28451 0.58465
vt 0.27183 0.61677
vt 0.27298 0.59136
vt 0.20303 0.26080
vt 0.21939 0.25362
vt 0.20642 0.27132
vt 0.83675 0.17154
vt 0.81992 0.18436
vt 0.81624 0.15900
vt 0.83675 0.17154
vt 0.81624 0.15900
vt 0.83340 0.14407
vt 0.83675 0.17154
vt 0.83340 0.14407
vt 0.84248 0.15260
vt 0.33126 0.55341
vt 0.34536 0.56291
vt 0.33918 0.57235
vt 0.84823 0.19291
vt 0.81992 0.18436
vt 0.83675 0.17154
vt 0.82647 0.24166
vt 0.83990 0.21135
vt 0.84075 0.23816
vt 0.21161 0.56220
vt 0.20061 0.58167
vt 0.18858 0.55231
vt 0.21161 0.56220
vt 0.21580 0.57607
vt 0.20061 0.58167
vt 0.21897 0.55105
vt 0.23468 0.54539
vt 0.22920 0.55781
vt 0.23107 0.57797
vt 0.21580 0.57607
vt 0.22710 0.56552
vt 0.62736 0.95162
vt 0.62204 0.93613
vt 0.63071 0.93635
vt 0.08963 0.71651
vt 0.09319 0.74341
vt 0.07919 0.72827
vt 0.20061 0.58167
vt 0.19237 0.58826
vt 0.17514 0.56710
vt 0.07919 0.72827
vt 0.07992 0.71434
vt 0.08963 0.71651
vt 0.63599 0.94451
vt 0.62736 0.95162
vt 0.63071 0.93635
vt 0.27758 0.54882
vt 0.27147 0.57069
vt 0.25601 0.54831
vt 0.22920 0.55781
vt 0.23107 0.57797
vt 0.22710 0.56552
vt 0.25601 0.54831
vt 0.22920 0.55781
vt 0.23468 0.54539
vt 0.27298 0.59136
vt 0.25259 0.58202
vt 0.27147 0.57069
vt 0.27147 0.57069
vt 0.25259 0.58202
vt 0.25601 0.54831
vt 0.30381 0.57924
vt 0.28451 0.58465
vt 0.27147 0.57069
vt 0.25259 0.58202
vt 0.27298 0.59136
vt 0.24525 0.60128
vt 0.25601 0.54831
vt 0.25259 0.58202
vt 0.22920 0.55781
vt 0.39252 0.51079
vt 0.40640 0.52191
vt 0.39099 0.52558
vt 0.41184 0.50562
vt 0.41945 0.48931
vt 0.43146 0.49485
vt 0.85333 0.22067
vt 0.86742 0.22510
vt 0.85971 0.24317
vt 0.86742 0.22510
vt 0.87776 0.24103
vt 0.85971 0.24317
vt 0.84823 0.19291
vt 0.85595 0.20728
vt 0.83990 0.21135
vt 0.38625 0.53580
vt 0.39099 0.52558
vt 0.39704 0.53110
vt 0.36484 0.54488
vt 0.38625 0.53580
vt 0.37970 0.54698
vt 0.36484 0.54488
vt 0.36423 0.52421
vt 0.38625 0.53580
vt 0.40640 0.52191
vt 0.39704 0.53110
vt 0.39099 0.52558
vt 0.85182 0.42483
vt 0.84705 0.41396
vt 0.86423 0.40384
vt 0.82167 0.43501
vt 0.82529 0.41835
vt 0.84028 0.42817
vt 0.84028 0.42817
vt 0.82529 0.41835
vt 0.84705 0.41396
vt 0.84705 0.41396
vt 0.84186 0.39819
vt 0.85230 0.39880
vt 0.90739 0.43502
vt 0.89118 0.44665
vt 0.88857 0.43093
vt 0.18417 0.86564
vt 0.16390 0.85254
vt 0.17006 0.84387
vt 0.89021 0.46781
vt 0.88002 0.47661
vt 0.87346 0.46004
vt 0.79916 0.24155
vt 0.81639 0.26696
vt 0.80325 0.26537
vt 0.81779 0.19786
vt 0.81992 0.18436
vt 0.82387 0.21020
vt 0.80148 0.50246
vt 0.79718 0.52050
vt 0.78943 0.50227
vt 0.66162 0.80154
vt 0.67925 0.80972
vt 0.66037 0.81468
vt 0.88287 0.14216
vt 0.91249 0.18615
vt 0.88579 0.17183
vt 0.90739 0.43502
vt 0.90870 0.41179
vt 0.92284 0.41350
vt 0.91633 0.44439
vt 0.92284 0.41350
vt 0.93077 0.42424
vt 0.76768 0.50028
vt 0.77410 0.52226
vt 0.75743 0.50766
vt 0.77431 0.47157
vt 0.78943 0.50227
vt 0.76768 0.50028
vt 0.78943 0.50227
vt 0.79718 0.52050
vt 0.77410 0.52226
vt 0.93017 0.49093
vt 0.92052 0.48294
vt 0.93577 0.46635
vt 0.78803 0.45400
vt 0.79372 0.47310
vt 0.78089 0.45103
vt 0.78089 0.45103
vt 0.79372 0.47310
vt 0.77431 0.47157
vt 0.91695 0.50189
vt 0.92052 0.48294
vt 0.93017 0.49093
vt 0.91695 0.50189
vt 0.90008 0.48388
vt 0.92052 0.48294
vt 0.66109 0.62393
vt 0.67498 0.63129
vt 0.66919 0.63656
vt 0.66566 0.61703
vt 0.68580 0.62970
vt 0.67498 0.63129
vt 0.66566 0.61703
vt 0.68987 0.61876
vt 0.68580 0.62970
vt 0.65896 0.63402
vt 0.66919 0.63656
vt 0.66121 0.63740
vt 0.65095 0.56055
vt 0.62654 0.57387
vt 0.63223 0.56025
vt 0.63223 0.56025
vt 0.62654 0.57387
vt 0.61699 0.55701
vt 0.69691 0.25834
vt 0.71055 0.24830
vt 0.71175 0.27847
vt 0.81147 0.06552
vt 0.81323 0.08107
vt 0.79887 0.08497
vt 0.79307 0.06518
vt 0.81147 0.06552
vt 0.79887 0.08497
vt 0.81323 0.08107
vt 0.81977 0.09828
vt 0.79887 0.08497
vt 0.77529 0.05613
vt 0.79307 0.06518
vt 0.78168 0.08415
vt 0.77529 0.05613
vt 0.78168 0.08415
vt 0.75839 0.07254
vt 0.75971 0.05011
vt 0.76941 0.03812
vt 0.77529 0.05613
vt 0.78859 0.03316
vt 0.79307 0.06518
vt 0.77529 0.05613
vt 0.78168 0.08415
vt 0.79307 0.06518
vt 0.79887 0.08497
vt 0.78168 0.08415
vt 0.79057 0.10311
vt 0.77797 0.10400
vt 0.77843 0.01492
vt 0.79129 0.00574
vt 0.80432 0.01894
vt 0.78859 0.03316
vt 0.80827 0.04954
vt 0.79307 0.06518
vt 0.75539 0.48081
vt 0.75743 0.50766
vt 0.74071 0.50559
vt 0.73494 0.46718
vt 0.73947 0.47965
vt 0.71121 0.47746
vt 0.75396 0.45403
vt 0.75539 0.48081
vt 0.73947 0.47965
vt 0.75743 0.50766
vt 0.75539 0.48081
vt 0.76768 0.50028
vt 0.73947 0.47965
vt 0.74071 0.50559
vt 0.71121 0.47746
vt 0.69249 0.48436
vt 0.70213 0.46040
vt 0.71121 0.47746
vt 0.71371 0.45054
vt 0.73494 0.46718
vt 0.71121 0.47746
vt 0.69479 0.76301
vt 0.68136 0.75111
vt 0.69930 0.74791
vt 0.71575 0.42764
vt 0.73253 0.44504
vt 0.71371 0.45054
vt 0.71575 0.42764
vt 0.73581 0.43035
vt 0.73253 0.44504
vt 0.69467 0.43214
vt 0.70213 0.46040
vt 0.68357 0.44301
vt 0.71757 0.40183
vt 0.73597 0.41348
vt 0.71575 0.42764
vt 0.73597 0.41348
vt 0.73581 0.43035
vt 0.71575 0.42764
vt 0.73581 0.43035
vt 0.74569 0.43693
vt 0.73253 0.44504
vt 0.69467 0.43214
vt 0.71371 0.45054
vt 0.70213 0.46040
vt 0.60894 0.22938
vt 0.61344 0.20797
vt 0.64062 0.22914
vt 0.59405 0.78716
vt 0.60655 0.78055
vt 0.61170 0.79049
vt 0.59767 0.24986
vt 0.60894 0.22938
vt 0.62713 0.24556
vt 0.61344 0.20797
vt 0.63513 0.20702
vt 0.64062 0.22914
vt 0.63513 0.20702
vt 0.64901 0.21263
vt 0.64062 0.22914
vt 0.62891 0.30955
vt 0.63252 0.28195
vt 0.65383 0.27148
vt 0.64259 0.33318
vt 0.62891 0.30955
vt 0.65138 0.31409
vt 0.65138 0.31409
vt 0.62891 0.30955
vt 0.65383 0.27148
vt 0.60749 0.32021
vt 0.60591 0.30261
vt 0.62891 0.30955
vt 0.62825 0.34545
vt 0.61720 0.33756
vt 0.62891 0.30955
vt 0.61720 0.33756
vt 0.60749 0.32021
vt 0.62891 0.30955
vt 0.76116 0.14715
vt 0.76088 0.13368
vt 0.77321 0.12584
vt 0.77748 0.21223
vt 0.78702 0.24140
vt 0.76769 0.23868
vt 0.75627 0.22046
vt 0.77748 0.21223
vt 0.76769 0.23868
vt 0.77748 0.21223
vt 0.78508 0.21800
vt 0.78702 0.24140
vt 0.78702 0.24140
vt 0.78508 0.21800
vt 0.80472 0.21568
vt 0.80472 0.21568
vt 0.81583 0.23862
vt 0.79916 0.24155
vt 0.73775 0.23068
vt 0.74917 0.23091
vt 0.75499 0.24283
vt 0.74917 0.23091
vt 0.75627 0.22046
vt 0.75499 0.24283
vt 0.75627 0.22046
vt 0.76769 0.23868
vt 0.75499 0.24283
vt 0.74561 0.32701
vt 0.74559 0.35019
vt 0.73821 0.34024
vt 0.74561 0.32701
vt 0.75787 0.34430
vt 0.74559 0.35019
vt 0.74227 0.22455
vt 0.73744 0.20946
vt 0.75627 0.22046
vt 0.74227 0.22455
vt 0.75627 0.22046
vt 0.74917 0.23091
vt 0.75499 0.24283
vt 0.76769 0.23868
vt 0.77302 0.25774
vt 0.74559 0.35019
vt 0.75787 0.34430
vt 0.76477 0.36575
vt 0.74256 0.20431
vt 0.74794 0.18624
vt 0.76590 0.18750
vt 0.76590 0.18750
vt 0.78121 0.19033
vt 0.77748 0.21223
vt 0.76590 0.18750
vt 0.77748 0.21223
vt 0.75627 0.22046
vt 0.75839 0.07254
vt 0.76544 0.08384
vt 0.74787 0.08798
vt 0.75839 0.07254
vt 0.74787 0.08798
vt 0.73244 0.07577
vt 0.73244 0.07577
vt 0.74787 0.08798
vt 0.72707 0.09577
vt 0.73898 0.07020
vt 0.75839 0.07254
vt 0.73244 0.07577
vt 0.71984 0.07501
vt 0.72707 0.09577
vt 0.71411 0.08459
vt 0.71984 0.07501
vt 0.72785 0.04869
vt 0.73244 0.07577
vt 0.72785 0.04869
vt 0.73898 0.07020
vt 0.73244 0.07577
vt 0.74252 0.04767
vt 0.75138 0.06223
vt 0.73898 0.07020
vt 0.75033 0.12074
vt 0.75817 0.10574
vt 0.76859 0.11405
vt 0.73971 0.02329
vt 0.74252 0.04767
vt 0.72785 0.04869
vt 0.74369 0.12555
vt 0.73391 0.13065
vt 0.73174 0.11761
vt 0.72283 0.03232
vt 0.73971 0.02329
vt 0.72785 0.04869
vt 0.74252 0.04767
vt 0.73971 0.02329
vt 0.75261 0.03030
vt 0.68357 0.44301
vt 0.67151 0.46053
vt 0.67457 0.43958
vt 0.64293 0.44410
vt 0.63649 0.47649
vt 0.62835 0.46552
vt 0.69302 0.40997
vt 0.67457 0.43958
vt 0.66926 0.42367
vt 0.66926 0.42367
vt 0.67457 0.43958
vt 0.65165 0.42414
vt 0.97388 0.88177
vt 0.97988 0.90994
vt 0.96576 0.89779
vt 0.64259 0.33318
vt 0.65138 0.31409
vt 0.66098 0.32779
vt 0.97436 0.91781
vt 0.97988 0.90994
vt 0.98599 0.93882
vt 0.18288 0.94132
vt 0.16557 0.94784
vt 0.16918 0.92736
vt 0.15599 0.94005
vt 0.13997 0.93238
vt 0.15268 0.92404
vt 0.16918 0.92736
vt 0.15599 0.94005
vt 0.16302 0.92281
vt 0.12967 0.95600
vt 0.13106 0.94586
vt 0.14117 0.95883
vt 0.94836 0.86427
vt 0.96088 0.86152
vt 0.95746 0.87182
vt 0.96088 0.86152
vt 0.97733 0.86776
vt 0.97388 0.88177
vt 0.13106 0.94586
vt 0.13997 0.93238
vt 0.15599 0.94005
vt 0.73146 0.32203
vt 0.73691 0.33029
vt 0.72710 0.33246
vt 0.73821 0.34024
vt 0.74068 0.35879
vt 0.72368 0.35317
vt 0.34051 0.61234
vt 0.34039 0.60171
vt 0.34890 0.60356
vt 0.34051 0.61234
vt 0.33125 0.60288
vt 0.34039 0.60171
vt 0.70330 0.34421
vt 0.70796 0.34930
vt 0.69819 0.35635
vt 0.71176 0.33453
vt 0.70796 0.34930
vt 0.70330 0.34421
vt 0.34772 0.62433
vt 0.32988 0.62566
vt 0.34051 0.61234
vt 0.33459 0.64389
vt 0.32988 0.62566
vt 0.34329 0.63560
vt 0.69379 0.73316
vt 0.69930 0.74791
vt 0.68136 0.75111
vt 0.32988 0.62566
vt 0.31686 0.64065
vt 0.32027 0.61754
vt 0.55677 0.58406
vt 0.56054 0.59713
vt 0.55184 0.59780
vt 0.57569 0.56949
vt 0.58690 0.58988
vt 0.57826 0.58001
vt 0.59600 0.57547
vt 0.60498 0.58134
vt 0.58690 0.58988
vt 0.57826 0.58001
vt 0.57756 0.60847
vt 0.56054 0.59713
vt 0.55715 0.56993
vt 0.55677 0.58406
vt 0.54418 0.57827
vt 0.34451 0.77212
vt 0.33664 0.77125
vt 0.34511 0.75768
vt 0.34511 0.75768
vt 0.33873 0.74335
vt 0.36353 0.72906
vt 0.37182 0.77024
vt 0.37056 0.75111
vt 0.38993 0.75714
vt 0.34814 0.78742
vt 0.34451 0.77212
vt 0.37182 0.77024
vt 0.34451 0.77212
vt 0.34511 0.75768
vt 0.37056 0.75111
vt 0.34511 0.75768
vt 0.36353 0.72906
vt 0.37056 0.75111
vt 0.37557 0.79468
vt 0.34814 0.78742
vt 0.37182 0.77024
vt 0.35840 0.80451
vt 0.34814 0.78742
vt 0.37557 0.79468
vt 0.52023 0.32952
vt 0.54224 0.34311
vt 0.51857 0.34801
vt 0.51857 0.34801
vt 0.50872 0.33291
vt 0.52023 0.32952
vt 0.70261 0.81516
vt 0.71609 0.83029
vt 0.70148 0.84287
vt 0.75633 0.80769
vt 0.75880 0.81706
vt 0.74169 0.81808
vt 0.75880 0.81706
vt 0.74306 0.82561
vt 0.74169 0.81808
vt 0.50922 0.31410
vt 0.52023 0.32952
vt 0.50872 0.33291
vt 0.52023 0.32952
vt 0.50922 0.31410
vt 0.51906 0.31135
vt 0.51857 0.34801
vt 0.51560 0.36301
vt 0.50455 0.36415
vt 0.58803 0.38441
vt 0.59255 0.37267
vt 0.60416 0.38426
vt 0.59130 0.39189
vt 0.59930 0.38831
vt 0.59013 0.40394
vt 0.58803 0.38441
vt 0.60416 0.38426
vt 0.59930 0.38831
vt 0.78732 0.81045
vt 0.77437 0.81343
vt 0.77379 0.80374
vt 0.59255 0.37267
vt 0.58803 0.38441
vt 0.58650 0.37619
vt 0.50922 0.31410
vt 0.51509 0.30309
vt 0.51906 0.31135
vt 0.59491 0.36741
vt 0.59255 0.37267
vt 0.58893 0.36882
vt 0.58893 0.36882
vt 0.59255 0.37267
vt 0.58650 0.37619
vt 0.44534 0.53342
vt 0.44605 0.54517
vt 0.43647 0.53960
vt 0.60149 0.36554
vt 0.60899 0.36705
vt 0.60416 0.38426
vt 0.51906 0.31135
vt 0.53120 0.31521
vt 0.52023 0.32952
vt 0.88448 0.91261
vt 0.89763 0.91870
vt 0.89381 0.92830
vt 0.90683 0.89617
vt 0.91568 0.90919
vt 0.89590 0.89683
vt 0.89590 0.89683
vt 0.91568 0.90919
vt 0.89763 0.91870
vt 0.86611 0.91424
vt 0.88428 0.93353
vt 0.86962 0.93514
vt 0.49182 0.22180
vt 0.48405 0.21334
vt 0.49634 0.20436
vt 0.86611 0.91424
vt 0.86962 0.93514
vt 0.86376 0.92368
vt 0.86539 0.90555
vt 0.86925 0.89803
vt 0.88448 0.91261
vt 0.88448 0.91261
vt 0.89381 0.92830
vt 0.88428 0.93353
vt 0.86842 0.88613
vt 0.87836 0.88062
vt 0.88218 0.89144
vt 0.43944 0.98321
vt 0.44498 0.97415
vt 0.45159 0.98391
vt 0.88218 0.89144
vt 0.89147 0.90439
vt 0.88448 0.91261
vt 0.86925 0.89803
vt 0.88218 0.89144
vt 0.88448 0.91261
vt 0.40471 0.61410
vt 0.41484 0.60173
vt 0.42275 0.61756
vt 0.40471 0.61410
vt 0.39807 0.62674
vt 0.39330 0.61163
vt 0.39330 0.61163
vt 0.38662 0.62125
vt 0.38474 0.60584
vt 0.40471 0.61410
vt 0.39236 0.59761
vt 0.40680 0.60802
vt 0.40680 0.60802
vt 0.39236 0.59761
vt 0.40480 0.59167
vt 0.39330 0.61163
vt 0.39236 0.59761
vt 0.40471 0.61410
vt 0.42980 0.63589
vt 0.42275 0.61756
vt 0.43863 0.62223
vt 0.42264 0.64340
vt 0.42024 0.65441
vt 0.41439 0.64433
vt 0.41526 0.67088
vt 0.41110 0.65430
vt 0.42024 0.65441
vt 0.42264 0.64340
vt 0.41535 0.62713
vt 0.42980 0.63589
vt 0.61415 0.87378
vt 0.63959 0.89263
vt 0.60554 0.89022
vt 0.58810 0.84661
vt 0.57157 0.86443
vt 0.57034 0.85028
vt 0.68136 0.75111
vt 0.66822 0.76804
vt 0.65694 0.75668
vt 0.92278 0.06202
vt 0.90406 0.04505
vt 0.92182 0.04706
vt 0.90406 0.04505
vt 0.90659 0.03326
vt 0.92182 0.04706
vt 0.88980 0.20098
vt 0.88579 0.17183
vt 0.89960 0.18957
vt 0.63520 0.74584
vt 0.62224 0.77555
vt 0.61460 0.74702
vt 0.65694 0.75668
vt 0.65706 0.78984
vt 0.64261 0.76668
vt 0.62224 0.77555
vt 0.60655 0.78055
vt 0.60458 0.76624
vt 0.70649 0.77228
vt 0.69956 0.77787
vt 0.69479 0.76301
vt 0.68069 0.77527
vt 0.65706 0.78984
vt 0.66822 0.76804
vt 0.77920 0.71153
vt 0.76242 0.76240
vt 0.76926 0.73347
vt 0.76926 0.73347
vt 0.75678 0.75528
vt 0.75978 0.73189
vt 0.77920 0.71153
vt 0.76926 0.73347
vt 0.76747 0.72104
vt 0.82041 0.70532
vt 0.81117 0.71883
vt 0.80762 0.69964
vt 0.80762 0.69964
vt 0.79909 0.73276
vt 0.79603 0.70529
vt 0.81117 0.71883
vt 0.82041 0.70532
vt 0.82984 0.70332
vt 0.79603 0.70529
vt 0.79909 0.73276
vt 0.77920 0.71153
vt 0.82299 0.72598
vt 0.82387 0.73905
vt 0.81508 0.74423
vt 0.84784 0.72531
vt 0.82387 0.73905
vt 0.82299 0.72598
vt 0.81508 0.74423
vt 0.79964 0.75032
vt 0.79909 0.73276
vt 0.82299 0.72598
vt 0.79909 0.73276
vt 0.81117 0.71883
vt 0.82984 0.70332
vt 0.82299 0.72598
vt 0.81117 0.71883
vt 0.51568 0.67765
vt 0.50397 0.68505
vt 0.50714 0.67452
vt 0.50397 0.68505
vt 0.49719 0.66744
vt 0.50714 0.67452
vt 0.87927 0.65983
vt 0.88945 0.67343
vt 0.87790 0.67135
vt 0.50692 0.70231
vt 0.49251 0.68325
vt 0.50842 0.69400
vt 0.48370 0.71321
vt 0.47845 0.69676
vt 0.49872 0.70296
vt 0.47156 0.71129
vt 0.47030 0.69162
vt 0.47845 0.69676
vt 0.47845 0.69676
vt 0.47030 0.69162
vt 0.49251 0.68325
vt 0.62103 0.84387
vt 0.61157 0.85136
vt 0.61181 0.83427
vt 0.59401 0.55767
vt 0.57569 0.56949
vt 0.57582 0.56301
vt 0.65095 0.56055
vt 0.65999 0.59388
vt 0.62654 0.57387
vt 0.66907 0.58272
vt 0.69084 0.59993
vt 0.65999 0.59388
vt 0.74464 0.75980
vt 0.72856 0.78294
vt 0.72322 0.76669
vt 0.74464 0.75980
vt 0.74384 0.77911
vt 0.72856 0.78294
vt 0.72856 0.78294
vt 0.72103 0.78504
vt 0.72322 0.76669
vt 0.72856 0.78294
vt 0.72228 0.78964
vt 0.72103 0.78504
vt 0.38180 0.40947
vt 0.37238 0.40490
vt 0.38860 0.38741
vt 0.37238 0.40490
vt 0.36400 0.39189
vt 0.38860 0.38741
vt 0.41921 0.41947
vt 0.39883 0.42808
vt 0.39661 0.40901
vt 0.39883 0.42808
vt 0.38180 0.40947
vt 0.39661 0.40901
vt 0.41921 0.41947
vt 0.41784 0.41057
vt 0.42691 0.41200
vt 0.36568 0.34847
vt 0.35339 0.36716
vt 0.33915 0.33562
vt 0.35339 0.36716
vt 0.33293 0.34660
vt 0.33915 0.33562
vt 0.36568 0.34847
vt 0.33915 0.33562
vt 0.37059 0.34051
vt 0.67740 0.88701
vt 0.70222 0.89073
vt 0.69354 0.90674
vt 0.67867 0.91047
vt 0.66207 0.90658
vt 0.69354 0.90674
vt 0.66207 0.90658
vt 0.67740 0.88701
vt 0.69354 0.90674
vt 0.43254 0.46644
vt 0.40770 0.45994
vt 0.43686 0.45488
vt 0.70222 0.89073
vt 0.67740 0.88701
vt 0.68793 0.88046
vt 0.68793 0.88046
vt 0.70401 0.87380
vt 0.70222 0.89073
vt 0.85531 0.50161
vt 0.82451 0.51160
vt 0.83081 0.48646
vt 0.64750 0.91205
vt 0.66207 0.90658
vt 0.65618 0.92035
vt 0.84293 0.51741
vt 0.82451 0.51160
vt 0.85531 0.50161
vt 0.43146 0.49485
vt 0.43850 0.49524
vt 0.43654 0.50717
vt 0.41184 0.50562
vt 0.40063 0.49856
vt 0.41945 0.48931
vt 0.82291 0.29012
vt 0.81804 0.28003
vt 0.83093 0.27910
vt 0.88539 0.51465
vt 0.87539 0.51683
vt 0.88202 0.50470
vt 0.81804 0.28003
vt 0.83595 0.26761
vt 0.83093 0.27910
vt 0.82647 0.24166
vt 0.84727 0.25493
vt 0.83595 0.26761
vt 0.86465 0.51648
vt 0.85531 0.50161
vt 0.87297 0.50288
vt 0.78253 0.26495
vt 0.79604 0.27673
vt 0.78908 0.29109
vt 0.76303 0.27199
vt 0.78253 0.26495
vt 0.77068 0.28884
vt 0.80325 0.26537
vt 0.79604 0.27673
vt 0.78702 0.24140
vt 0.79604 0.27673
vt 0.78253 0.26495
vt 0.78702 0.24140
vt 0.72368 0.35317
vt 0.74068 0.35879
vt 0.72220 0.37637
vt 0.41579 0.58520
vt 0.41484 0.60173
vt 0.40480 0.59167
vt 0.40457 0.58387
vt 0.40310 0.57585
vt 0.42432 0.57258
vt 0.82984 0.70332
vt 0.84936 0.71067
vt 0.82299 0.72598
vt 0.84936 0.71067
vt 0.84784 0.72531
vt 0.82299 0.72598
vt 0.21885 0.67590
vt 0.20961 0.68123
vt 0.21030 0.66256
vt 0.25733 0.10449
vt 0.24171 0.10779
vt 0.24992 0.09483
vt 0.24695 0.01457
vt 0.23472 0.00989
vt 0.24115 0.00889
vt 0.20572 0.66658
vt 0.20961 0.68123
vt 0.19864 0.69010
vt 0.33466 0.31793
vt 0.32490 0.32505
vt 0.31320 0.31374
vt 0.31320 0.31374
vt 0.29005 0.31654
vt 0.28788 0.31224
vt 0.31320 0.31374
vt 0.32115 0.29429
vt 0.32672 0.30089
vt 0.27807 0.95888
vt 0.24794 0.94149
vt 0.29535 0.95255
vt 0.81739 0.92432
vt 0.83501 0.92864
vt 0.80724 0.93484
vt 0.81739 0.92432
vt 0.80724 0.93484
vt 0.80800 0.92915
vt 0.80724 0.93484
vt 0.82096 0.95457
vt 0.79864 0.93779
vt 0.27716 0.33885
vt 0.27983 0.33275
vt 0.29405 0.32986
vt 0.42422 0.14687
vt 0.40843 0.15441
vt 0.41437 0.13442
vt 0.38028 0.19518
vt 0.39509 0.15845
vt 0.39964 0.17925
vt 0.48123 0.06241
vt 0.48146 0.05337
vt 0.48819 0.04809
vt 0.50579 0.15080
vt 0.51180 0.13987
vt 0.51859 0.15726
vt 0.47514 0.16152
vt 0.45826 0.14596
vt 0.47573 0.14979
vt 0.43931 0.19268
vt 0.44120 0.20565
vt 0.43123 0.19629
vt 0.45493 0.19803
vt 0.44120 0.20565
vt 0.43931 0.19268
vt 0.40384 0.27162
vt 0.39586 0.26591
vt 0.40797 0.25947
vt 0.65706 0.78984
vt 0.67925 0.80972
vt 0.66162 0.80154
vt 0.40797 0.25947
vt 0.39586 0.26591
vt 0.39912 0.24955
vt 0.96020 0.61136
vt 0.97563 0.60208
vt 0.97648 0.63475
vt 0.97563 0.60208
vt 0.96241 0.57399
vt 0.97908 0.57542
vt 0.95556 0.58676
vt 0.95518 0.58253
vt 0.96241 0.57399
vt 0.94124 0.58083
vt 0.95518 0.58253
vt 0.95556 0.58676
vt 0.04998 0.56309
vt 0.04285 0.56864
vt 0.03524 0.56801
vt 0.07066 0.55418
vt 0.04998 0.56309
vt 0.05713 0.54887
vt 0.03715 0.65485
vt 0.01945 0.66904
vt 0.01662 0.65568
vt 0.05921 0.56959
vt 0.05406 0.58444
vt 0.04285 0.56864
vt 0.07540 0.57617
vt 0.05406 0.58444
vt 0.05921 0.56959
vt 0.07540 0.57617
vt 0.05921 0.56959
vt 0.07066 0.55418
vt 0.05921 0.56959
vt 0.04998 0.56309
vt 0.07066 0.55418
vt 0.11602 0.58697
vt 0.10950 0.57239
vt 0.14192 0.57368
vt 0.13974 0.59194
vt 0.11602 0.58697
vt 0.14192 0.57368
vt 0.88202 0.54847
vt 0.88363 0.54178
vt 0.89537 0.54715
vt 0.13436 0.56353
vt 0.14178 0.56700
vt 0.14192 0.57368
vt 0.90275 0.60947
vt 0.90999 0.59771
vt 0.90927 0.61159
vt 0.88789 0.59590
vt 0.88103 0.58875
vt 0.88692 0.57954
vt 0.26108 0.22887
vt 0.25824 0.21950
vt 0.26683 0.20549
vt 0.27044 0.22665
vt 0.26683 0.20549
vt 0.27525 0.20390
vt 0.10105 0.76483
vt 0.07901 0.77122
vt 0.07621 0.75569
vt 0.08020 0.74544
vt 0.10105 0.76483
vt 0.07621 0.75569
vt 0.11227 0.75362
vt 0.12403 0.76122
vt 0.10105 0.76483
vt 0.12470 0.67042
vt 0.10640 0.66760
vt 0.11256 0.65227
vt 0.10640 0.66760
vt 0.10254 0.67852
vt 0.09160 0.65227
vt 0.12470 0.67042
vt 0.10254 0.67852
vt 0.10640 0.66760
vt 0.17587 0.68902
vt 0.15903 0.68470
vt 0.16209 0.64519
vt 0.84766 0.54940
vt 0.85557 0.54871
vt 0.85839 0.55820
vt 0.24171 0.10779
vt 0.25891 0.10961
vt 0.25104 0.12584
vt 0.25104 0.12584
vt 0.24314 0.12317
vt 0.24171 0.10779
vt 0.82980 0.53246
vt 0.83273 0.52878
vt 0.83882 0.53131
vt 0.83882 0.53131
vt 0.85580 0.53505
vt 0.85557 0.54871
vt 0.83882 0.53131
vt 0.85557 0.54871
vt 0.84766 0.54940
vt 0.83893 0.54953
vt 0.84766 0.54940
vt 0.84447 0.55264
vt 0.83893 0.54953
vt 0.83882 0.53131
vt 0.84766 0.54940
vt 0.28646 0.27166
vt 0.28220 0.26475
vt 0.28987 0.25137
vt 0.96057 0.73272
vt 0.97103 0.73715
vt 0.96114 0.74782
vt 0.96057 0.73272
vt 0.96501 0.72774
vt 0.97103 0.73715
vt 0.28013 0.28603
vt 0.27356 0.27386
vt 0.28220 0.26475
vt 0.74670 0.95557
vt 0.76573 0.96354
vt 0.74859 0.96348
vt 0.77405 0.94042
vt 0.77892 0.96707
vt 0.75714 0.94758
vt 0.30574 0.27025
vt 0.29117 0.29312
vt 0.30064 0.25702
vt 0.29117 0.29312
vt 0.28646 0.27166
vt 0.30064 0.25702
vt 0.15856 0.73901
vt 0.14383 0.74503
vt 0.14443 0.72205
vt 0.97006 0.27021
vt 0.96584 0.26937
vt 0.96873 0.25642
vt 0.17486 0.74373
vt 0.15412 0.75100
vt 0.15856 0.73901
vt 0.17486 0.74373
vt 0.15856 0.73901
vt 0.16670 0.72971
vt 0.98826 0.26936
vt 0.96873 0.25642
vt 0.98842 0.26140
vt 0.97006 0.27021
vt 0.96873 0.25642
vt 0.98826 0.26936
vt 0.98826 0.26936
vt 0.98842 0.26140
vt 0.99488 0.26514
vt 0.08735 0.95125
vt 0.10732 0.94782
vt 0.11409 0.97549
vt 0.05978 0.96548
vt 0.06591 0.95036
vt 0.08735 0.95125
vt 0.43203 0.16194
vt 0.42893 0.18299
vt 0.40957 0.15843
vt 0.39274 0.14599
vt 0.40430 0.13382
vt 0.40843 0.15441
vt 0.39852 0.22870
vt 0.36185 0.22376
vt 0.39756 0.21081
vt 0.39246 0.29288
vt 0.38498 0.30323
vt 0.37214 0.28242
vt 0.38498 0.30323
vt 0.36071 0.31897
vt 0.35962 0.30571
vt 0.31522 0.16568
vt 0.30218 0.14838
vt 0.30870 0.13577
vt 0.30870 0.13577
vt 0.32525 0.15554
vt 0.31522 0.16568
vt 0.34007 0.17556
vt 0.32525 0.15554
vt 0.33930 0.14464
vt 0.92004 0.68141
vt 0.92858 0.68072
vt 0.92516 0.68885
vt 0.37029 0.36189
vt 0.36221 0.38168
vt 0.35339 0.36716
vt 0.40178 0.10706
vt 0.39150 0.11312
vt 0.38355 0.09655
vt 0.96199 0.67851
vt 0.97373 0.68638
vt 0.94364 0.69748
vt 0.32649 0.10333
vt 0.30024 0.09437
vt 0.30233 0.08656
vt 0.37767 0.03720
vt 0.37220 0.07735
vt 0.36365 0.07476
vt 0.37220 0.07735
vt 0.36397 0.08998
vt 0.36365 0.07476
vt 0.37767 0.03720
vt 0.36365 0.07476
vt 0.35922 0.06534
vt 0.33078 0.19349
vt 0.31700 0.21493
vt 0.30941 0.19266
vt 0.33759 0.20774
vt 0.35966 0.16785
vt 0.38028 0.19518
vt 0.84924 0.59989
vt 0.86109 0.59434
vt 0.86537 0.60791
vt 0.62269 0.93162
vt 0.63071 0.93635
vt 0.62204 0.93613
vt 0.04592 0.24311
vt 0.04044 0.23263
vt 0.04571 0.22911
vt 0.04719 0.29199
vt 0.05248 0.27822
vt 0.06514 0.28218
vt 0.03807 0.28837
vt 0.03579 0.27967
vt 0.05248 0.27822
vt 0.00872 0.17710
vt 0.04113 0.18065
vt 0.01303 0.18909
vt 0.84924 0.59989
vt 0.83911 0.60767
vt 0.83061 0.60663
vt 0.04558 0.25471
vt 0.04592 0.24311
vt 0.05554 0.24723
vt 0.03174 0.27108
vt 0.04723 0.26314
vt 0.03579 0.27967
vt 0.02391 0.12696
vt 0.01377 0.10916
vt 0.02512 0.10758
vt 0.01545 0.20695
vt 0.03119 0.19668
vt 0.01853 0.21373
vt 0.25891 0.10961
vt 0.24171 0.10779
vt 0.25733 0.10449
vt 0.06623 0.22068
vt 0.07876 0.20052
vt 0.08469 0.22041
vt 0.10161 0.26737
vt 0.09912 0.24970
vt 0.10944 0.27155
vt 0.10944 0.27155
vt 0.09912 0.24970
vt 0.11099 0.24961
vt 0.10161 0.26737
vt 0.09517 0.25780
vt 0.09912 0.24970
vt 0.02391 0.12696
vt 0.05933 0.10865
vt 0.05859 0.13230
vt 0.11290 0.17226
vt 0.11757 0.15150
vt 0.12616 0.15339
vt 0.25822 0.02361
vt 0.26535 0.03536
vt 0.24549 0.03314
vt 0.11290 0.17226
vt 0.12616 0.15339
vt 0.12226 0.17226
vt 0.20883 0.23915
vt 0.19585 0.24431
vt 0.20376 0.22441
vt 0.12723 0.06397
vt 0.11658 0.09271
vt 0.09379 0.08120
vt 0.07261 0.09800
vt 0.09379 0.08120
vt 0.10560 0.12026
vt 0.11290 0.17226
vt 0.07876 0.20052
vt 0.09324 0.13346
vt 0.13528 0.20882
vt 0.10762 0.21672
vt 0.12798 0.18321
vt 0.16016 0.20945
vt 0.13528 0.20882
vt 0.14903 0.18833
vt 0.15739 0.08499
vt 0.14435 0.07409
vt 0.15845 0.06612
vt 0.49521 0.91814
vt 0.48900 0.91265
vt 0.50391 0.89739
vt 0.15984 0.11915
vt 0.14097 0.12326
vt 0.14442 0.11241
vt 0.15252 0.14054
vt 0.15984 0.11915
vt 0.16707 0.13414
vt 0.50391 0.89739
vt 0.52702 0.88526
vt 0.52270 0.91067
vt 0.47885 0.86881
vt 0.48404 0.88688
vt 0.46520 0.87892
vt 0.12723 0.06397
vt 0.15707 0.03765
vt 0.15845 0.06612
vt 0.14097 0.12326
vt 0.15984 0.11915
vt 0.15252 0.14054
vt 0.13746 0.13776
vt 0.15252 0.14054
vt 0.13902 0.15567
vt 0.52270 0.91067
vt 0.55888 0.93509
vt 0.53009 0.96179
vt 0.50391 0.89739
vt 0.52270 0.91067
vt 0.49521 0.91814
vt 0.09566 0.52540
vt 0.09215 0.51016
vt 0.10362 0.50666
vt 0.12016 0.53798
vt 0.12446 0.53182
vt 0.12785 0.54447
vt 0.11241 0.53174
vt 0.12446 0.53182
vt 0.12016 0.53798
vt 0.10953 0.51435
vt 0.12446 0.53182
vt 0.11241 0.53174
vt 0.92206 0.32380
vt 0.92754 0.32482
vt 0.93166 0.32941
vt 0.90585 0.30483
vt 0.91684 0.31573
vt 0.91593 0.33722
vt 0.78289 0.62185
vt 0.77158 0.62356
vt 0.77304 0.61370
vt 0.77348 0.60286
vt 0.77304 0.61370
vt 0.75977 0.60580
vt 0.08232 0.51492
vt 0.09134 0.48874
vt 0.09215 0.51016
vt 0.05084 0.48447
vt 0.06268 0.47421
vt 0.06539 0.48821
vt 0.49872 0.70296
vt 0.49251 0.68325
vt 0.50692 0.70231
vt 0.72051 0.10219
vt 0.73174 0.11761
vt 0.71943 0.12256
vt 0.62224 0.77555
vt 0.61170 0.79049
vt 0.60655 0.78055
vt 0.61170 0.79049
vt 0.60980 0.80720
vt 0.59405 0.78716
vt 0.70246 0.61370
vt 0.70000 0.62954
vt 0.68987 0.61876
vt 0.70738 0.58268
vt 0.71816 0.61006
vt 0.70246 0.61370
vt 0.35511 0.12167
vt 0.34790 0.11023
vt 0.35848 0.10148
vt 0.70490 0.28943
vt 0.68423 0.31590
vt 0.65138 0.31409
vt 0.98631 0.95720
vt 0.96871 0.93157
vt 0.98599 0.93882
vt 0.98599 0.93882
vt 0.96871 0.93157
vt 0.97436 0.91781
vt 0.89381 0.92830
vt 0.90450 0.93961
vt 0.90003 0.94665
vt 0.89763 0.91870
vt 0.91364 0.92438
vt 0.90450 0.93961
vt 0.90450 0.93961
vt 0.91364 0.92438
vt 0.91441 0.94921
vt 0.88922 0.28182
vt 0.90048 0.27956
vt 0.89082 0.28797
vt 0.87588 0.07136
vt 0.88889 0.04876
vt 0.89280 0.06639
vt 0.87773 0.05636
vt 0.87255 0.04381
vt 0.88889 0.04876
vt 0.13418 0.35781
vt 0.13437 0.33751
vt 0.15751 0.34699
vt 0.27414 0.86395
vt 0.27600 0.87162
vt 0.25447 0.86809
vt 0.25447 0.86809
vt 0.27333 0.87830
vt 0.26262 0.88259
vt 0.61871 0.03610
vt 0.61443 0.02843
vt 0.62184 0.03001
vt 0.59919 0.01622
vt 0.61023 0.01121
vt 0.61959 0.01926
vt 0.27333 0.87830
vt 0.27277 0.88935
vt 0.26262 0.88259
vt 0.33659 0.10620
vt 0.33464 0.08750
vt 0.34008 0.09444
vt 0.01925 0.31140
vt 0.02906 0.29781
vt 0.03573 0.30820
vt 0.02506 0.33457
vt 0.01925 0.31140
vt 0.03573 0.30820
vt 0.06001 0.30574
vt 0.07902 0.31876
vt 0.05834 0.32127
vt 0.05783 0.81530
vt 0.07835 0.81851
vt 0.06653 0.84652
vt 0.00619 0.33544
vt 0.00984 0.32264
vt 0.02506 0.33457
vt 0.03942 0.34589
vt 0.01595 0.35329
vt 0.02506 0.33457
vt 0.05624 0.34839
vt 0.03942 0.34589
vt 0.05510 0.33472
vt 0.01595 0.35329
vt 0.01164 0.36031
vt 0.00619 0.33544
vt 0.01635 0.36688
vt 0.00988 0.37379
vt 0.01164 0.36031
vt 0.01635 0.36688
vt 0.03942 0.34589
vt 0.03104 0.38145
vt 0.01164 0.36031
vt 0.01595 0.35329
vt 0.01635 0.36688
vt 0.03942 0.34589
vt 0.01635 0.36688
vt 0.01595 0.35329
vt 0.09319 0.74341
vt 0.08020 0.74544
vt 0.07919 0.72827
vt 0.07919 0.72827
vt 0.06270 0.72882
vt 0.06562 0.71040
vt 0.81392 0.58507
vt 0.82808 0.57248
vt 0.82676 0.58896
vt 0.89788 0.76525
vt 0.90122 0.75447
vt 0.90845 0.75784
vt 0.81343 0.57729
vt 0.81628 0.57121
vt 0.82808 0.57248
vt 0.81343 0.57729
vt 0.82808 0.57248
vt 0.81392 0.58507
vt 0.81628 0.57121
vt 0.82492 0.55927
vt 0.82808 0.57248
vt 0.81605 0.56439
vt 0.82492 0.55927
vt 0.81628 0.57121
vt 0.09319 0.74341
vt 0.11089 0.73480
vt 0.11227 0.75362
vt 0.75030 0.30868
vt 0.74561 0.32701
vt 0.74107 0.31032
vt 0.81605 0.56439
vt 0.82011 0.55099
vt 0.82492 0.55927
vt 0.03807 0.28837
vt 0.02624 0.28907
vt 0.03579 0.27967
vt 0.93484 0.74913
vt 0.92855 0.76435
vt 0.92314 0.75308
vt 0.92314 0.75308
vt 0.92733 0.74167
vt 0.93484 0.74913
vt 0.92314 0.75308
vt 0.91576 0.74778
vt 0.92118 0.74408
vt 0.90845 0.75784
vt 0.91576 0.74778
vt 0.92314 0.75308
vt 0.92855 0.76435
vt 0.91736 0.77049
vt 0.90845 0.75784
vt 0.92855 0.76435
vt 0.90845 0.75784
vt 0.92314 0.75308
vt 0.90218 0.77418
vt 0.89788 0.76525
vt 0.90845 0.75784
vt 0.89464 0.79363
vt 0.88982 0.78643
vt 0.90218 0.77418
vt 0.93430 0.77361
vt 0.92855 0.76435
vt 0.93972 0.76764
vt 0.93614 0.78043
vt 0.93430 0.77361
vt 0.93972 0.76764
vt 0.25555 0.17576
vt 0.25449 0.18576
vt 0.24516 0.17719
vt 0.68580 0.62970
vt 0.69374 0.63897
vt 0.68458 0.64080
vt 0.70000 0.62954
vt 0.70544 0.64301
vt 0.69374 0.63897
vt 0.27521 0.16661
vt 0.25555 0.17576
vt 0.27412 0.15428
vt 0.72832 0.65285
vt 0.71319 0.65625
vt 0.72342 0.63983
vt 0.24516 0.17719
vt 0.25449 0.18576
vt 0.24112 0.18933
vt 0.82375 0.02715
vt 0.82340 0.01535
vt 0.83645 0.01508
vt 0.89800 0.08253
vt 0.89280 0.06639
vt 0.90596 0.07615
vt 0.72769 0.71757
vt 0.74475 0.71233
vt 0.74663 0.72221
vt 0.87004 0.81187
vt 0.85223 0.82132
vt 0.85414 0.80802
vt 0.87849 0.83068
vt 0.86539 0.82530
vt 0.87843 0.81904
vt 0.86328 0.83711
vt 0.85036 0.83388
vt 0.86539 0.82530
vt 0.87079 0.83570
vt 0.86328 0.83711
vt 0.86539 0.82530
vt 0.85036 0.83388
vt 0.85223 0.82132
vt 0.86539 0.82530
vt 0.89464 0.79363
vt 0.91324 0.78947
vt 0.89413 0.81880
vt 0.83961 0.85635
vt 0.85662 0.85870
vt 0.83674 0.87476
vt 0.85662 0.85870
vt 0.85162 0.85496
vt 0.86132 0.84973
vt 0.04148 0.79699
vt 0.02127 0.82214
vt 0.01999 0.81000
vt 0.02217 0.82957
vt 0.02127 0.82214
vt 0.03380 0.82996
vt 0.02127 0.82214
vt 0.04148 0.79699
vt 0.03380 0.82996
vt 0.03380 0.82996
vt 0.04148 0.79699
vt 0.05783 0.81530
vt 0.02127 0.82214
vt 0.01830 0.82021
vt 0.01999 0.81000
vt 0.01860 0.82667
vt 0.01830 0.82021
vt 0.02127 0.82214
vt 0.86539 0.82530
vt 0.87849 0.83068
vt 0.87079 0.83570
vt 0.87079 0.83570
vt 0.87849 0.83068
vt 0.87506 0.83952
vt 0.85662 0.85870
vt 0.86702 0.86175
vt 0.86476 0.86963
vt 0.87506 0.83952
vt 0.88470 0.84468
vt 0.87882 0.84512
vt 0.46587 0.22715
vt 0.47154 0.21705
vt 0.47225 0.23633
vt 0.46903 0.24656
vt 0.47225 0.23633
vt 0.48175 0.23897
vt 0.47154 0.21705
vt 0.48175 0.23897
vt 0.47225 0.23633
vt 0.51236 0.23421
vt 0.51102 0.25049
vt 0.50644 0.22930
vt 0.60980 0.80720
vt 0.60324 0.82374
vt 0.59112 0.81436
vt 0.49522 0.23902
vt 0.51102 0.25049
vt 0.50706 0.26960
vt 0.45821 0.27912
vt 0.48929 0.25991
vt 0.46272 0.30366
vt 0.48929 0.25991
vt 0.48145 0.30685
vt 0.46272 0.30366
vt 0.42502 0.32212
vt 0.43656 0.30344
vt 0.45422 0.31648
vt 0.48929 0.25991
vt 0.49522 0.23902
vt 0.50706 0.26960
vt 0.48175 0.23897
vt 0.49522 0.23902
vt 0.48929 0.25991
vt 0.48929 0.25991
vt 0.50007 0.28084
vt 0.50020 0.28656
vt 0.46337 0.26280
vt 0.48929 0.25991
vt 0.45821 0.27912
vt 0.45422 0.31648
vt 0.46272 0.30366
vt 0.46129 0.31458
vt 0.48145 0.30685
vt 0.48940 0.30628
vt 0.48863 0.30877
vt 0.82750 0.84540
vt 0.83961 0.85635
vt 0.81570 0.84900
vt 0.81570 0.84900
vt 0.83961 0.85635
vt 0.82107 0.86238
vt 0.03503 0.53902
vt 0.02865 0.54734
vt 0.01055 0.52981
vt 0.84665 0.84066
vt 0.82750 0.84540
vt 0.83972 0.83597
vt 0.48191 0.32459
vt 0.46129 0.31458
vt 0.47866 0.31483
vt 0.25157 0.32468
vt 0.26212 0.33409
vt 0.25167 0.34721
vt 0.48191 0.32459
vt 0.46110 0.33806
vt 0.46129 0.31458
vt 0.47763 0.35333
vt 0.47250 0.35987
vt 0.47083 0.33957
vt 0.61852 0.81824
vt 0.61181 0.83427
vt 0.60324 0.82374
vt 0.24061 0.32857
vt 0.25157 0.32468
vt 0.25167 0.34721
vt 0.90379 0.39040
vt 0.90870 0.41179
vt 0.88752 0.41161
vt 0.81695 0.38559
vt 0.82226 0.35907
vt 0.82902 0.37648
vt 0.83189 0.39839
vt 0.81695 0.38559
vt 0.82902 0.37648
vt 0.83189 0.39839
vt 0.82902 0.37648
vt 0.83909 0.37480
vt 0.80755 0.44293
vt 0.79685 0.43361
vt 0.80930 0.42430
vt 0.81300 0.45792
vt 0.80396 0.46129
vt 0.80122 0.45194
vt 0.73062 0.92310
vt 0.72709 0.94078
vt 0.70839 0.94076
vt 0.81227 0.39842
vt 0.79499 0.41243
vt 0.79169 0.39828
vt 0.83192 0.35486
vt 0.82902 0.37648
vt 0.82226 0.35907
vt 0.83192 0.35486
vt 0.83909 0.37480
vt 0.82902 0.37648
vt 0.83143 0.33384
vt 0.84773 0.36737
vt 0.83192 0.35486
vt 0.84322 0.30783
vt 0.85375 0.31904
vt 0.83143 0.33384
vt 0.05084 0.48447
vt 0.04924 0.50500
vt 0.03438 0.50914
vt 0.83533 0.30036
vt 0.84322 0.30783
vt 0.83444 0.31267
vt 0.05237 0.47706
vt 0.05084 0.48447
vt 0.03243 0.48773
vt 0.89567 0.09360
vt 0.90728 0.09042
vt 0.89999 0.10829
vt 0.87385 0.12566
vt 0.86351 0.12927
vt 0.85326 0.11398
vt 0.67225 0.65642
vt 0.66071 0.66214
vt 0.65797 0.65169
vt 0.89800 0.08253
vt 0.88392 0.08399
vt 0.89280 0.06639
vt 0.83444 0.31267
vt 0.83143 0.33384
vt 0.82382 0.32821
vt 0.66071 0.66214
vt 0.64055 0.65346
vt 0.65797 0.65169
vt 0.65817 0.67857
vt 0.66071 0.66214
vt 0.67374 0.67185
vt 0.62942 0.68544
vt 0.66071 0.66214
vt 0.63791 0.68754
vt 0.60554 0.68325
vt 0.61132 0.67475
vt 0.61865 0.67144
vt 0.61802 0.69025
vt 0.61067 0.68878
vt 0.62942 0.68544
vt 0.05237 0.47706
vt 0.05735 0.44585
vt 0.06268 0.47421
vt 0.03817 0.45542
vt 0.04423 0.46469
vt 0.03908 0.47163
vt 0.04423 0.46469
vt 0.03817 0.45542
vt 0.05735 0.44585
vt 0.60554 0.68325
vt 0.60180 0.68892
vt 0.58023 0.68139
vt 0.58268 0.69071
vt 0.58970 0.69464
vt 0.57301 0.69672
vt 0.48494 0.53271
vt 0.49761 0.53799
vt 0.49037 0.54647
vt 0.04148 0.79699
vt 0.02263 0.77960
vt 0.03799 0.78339
vt 0.46816 0.50514
vt 0.48120 0.51065
vt 0.47390 0.51351
vt 0.47463 0.51895
vt 0.48256 0.51865
vt 0.48494 0.53271
vt 0.47390 0.51351
vt 0.48256 0.51865
vt 0.47463 0.51895
vt 0.98874 0.16317
vt 0.97554 0.16579
vt 0.97699 0.15468
vt 0.98874 0.16317
vt 0.98897 0.17525
vt 0.97554 0.16579
vt 0.46411 0.47885
vt 0.46927 0.47633
vt 0.47161 0.48913
vt 0.46411 0.47885
vt 0.46405 0.49353
vt 0.45741 0.48221
vt 0.46082 0.46024
vt 0.46384 0.44416
vt 0.46375 0.46320
vt 0.52080 0.46372
vt 0.53471 0.46160
vt 0.54535 0.48309
vt 0.96667 0.76452
vt 0.98454 0.77596
vt 0.96175 0.77774
vt 0.96667 0.76452
vt 0.96175 0.77774
vt 0.95433 0.76334
vt 0.46375 0.46320
vt 0.47318 0.46316
vt 0.46927 0.47633
vt 0.46375 0.46320
vt 0.47802 0.43897
vt 0.47318 0.46316
vt 0.47802 0.43897
vt 0.48375 0.44567
vt 0.47318 0.46316
vt 0.46384 0.44416
vt 0.47802 0.43897
vt 0.46375 0.46320
vt 0.98647 0.14968
vt 0.98332 0.14604
vt 0.98590 0.13246
vt 0.99212 0.13211
vt 0.98647 0.14968
vt 0.98590 0.13246
vt 0.06653 0.84652
vt 0.07835 0.81851
vt 0.08687 0.82716
vt 0.88392 0.08399
vt 0.89800 0.08253
vt 0.89567 0.09360
vt 0.81804 0.33589
vt 0.82226 0.35907
vt 0.81113 0.33329
vt 0.82226 0.35907
vt 0.80825 0.34572
vt 0.81113 0.33329
vt 0.81695 0.38559
vt 0.80643 0.36282
vt 0.82226 0.35907
vt 0.82226 0.35907
vt 0.80643 0.36282
vt 0.80825 0.34572
vt 0.78056 0.89976
vt 0.76989 0.89681
vt 0.78466 0.89740
vt 0.81227 0.39842
vt 0.79466 0.38626
vt 0.79823 0.37715
vt 0.76989 0.89681
vt 0.78056 0.89976
vt 0.77332 0.90850
vt 0.76289 0.91368
vt 0.73072 0.89813
vt 0.76989 0.89681
vt 0.63278 0.85335
vt 0.63959 0.89263
vt 0.61415 0.87378
vt 0.59401 0.55767
vt 0.60884 0.56780
vt 0.59600 0.57547
vt 0.69084 0.59993
vt 0.70246 0.61370
vt 0.68987 0.61876
vt 0.68168 0.56296
vt 0.69084 0.59993
vt 0.66907 0.58272
vt 0.67337 0.60409
vt 0.66566 0.61703
vt 0.65999 0.59388
vt 0.69084 0.59993
vt 0.68987 0.61876
vt 0.67337 0.60409
vt 0.48958 0.07515
vt 0.48123 0.06241
vt 0.49629 0.05090
vt 0.75387 0.62782
vt 0.77033 0.63546
vt 0.75096 0.63825
vt 0.77158 0.62356
vt 0.77033 0.63546
vt 0.75387 0.62782
vt 0.73927 0.61387
vt 0.75387 0.62782
vt 0.72885 0.62169
vt 0.73680 0.63338
vt 0.75096 0.63825
vt 0.73716 0.64307
vt 0.72885 0.62169
vt 0.75096 0.63825
vt 0.73680 0.63338
vt 0.72885 0.62169
vt 0.73680 0.63338
vt 0.72342 0.63983
vt 0.34437 0.12174
vt 0.35511 0.12167
vt 0.33930 0.14464
vt 0.33464 0.08750
vt 0.32500 0.08341
vt 0.33942 0.07368
vt 0.32500 0.08341
vt 0.31697 0.07711
vt 0.33942 0.07368
vt 0.95556 0.58676
vt 0.94429 0.59667
vt 0.94124 0.58083
vt 0.92052 0.48294
vt 0.91549 0.46904
vt 0.92160 0.46881
vt 0.92052 0.48294
vt 0.90008 0.48388
vt 0.91549 0.46904
vt 0.92650 0.50178
vt 0.91695 0.50189
vt 0.93017 0.49093
vt 0.93577 0.46635
vt 0.92052 0.48294
vt 0.92160 0.46881
vt 0.77431 0.47157
vt 0.79372 0.47310
vt 0.78943 0.50227
vt 0.76768 0.50028
vt 0.78943 0.50227
vt 0.77410 0.52226
vt 0.91633 0.44439
vt 0.90739 0.43502
vt 0.92284 0.41350
vt 0.93577 0.46635
vt 0.92160 0.46881
vt 0.91633 0.44439
vt 0.78943 0.50227
vt 0.79372 0.47310
vt 0.80148 0.50246
vt 0.82647 0.24166
vt 0.81583 0.23862
vt 0.83990 0.21135
vt 0.81583 0.23862
vt 0.80472 0.21568
vt 0.82387 0.21020
vt 0.84727 0.25493
vt 0.82647 0.24166
vt 0.84075 0.23816
vt 0.87346 0.46004
vt 0.85182 0.42483
vt 0.88857 0.43093
vt 0.85458 0.44990
vt 0.87346 0.46004
vt 0.84568 0.45669
vt 0.89021 0.46781
vt 0.88270 0.48949
vt 0.88002 0.47661
vt 0.89118 0.44665
vt 0.89021 0.46781
vt 0.87346 0.46004
vt 0.90739 0.43502
vt 0.89021 0.46781
vt 0.89118 0.44665
vt 0.69362 0.09754
vt 0.69749 0.10019
vt 0.69079 0.11002
vt 0.11443 0.02837
vt 0.12141 0.03401
vt 0.10771 0.04096
vt 0.86423 0.40384
vt 0.88752 0.41161
vt 0.85182 0.42483
vt 0.51857 0.34801
vt 0.54224 0.34311
vt 0.55198 0.37772
vt 0.51549 0.38718
vt 0.51327 0.37734
vt 0.52134 0.38975
vt 0.88857 0.43093
vt 0.89118 0.44665
vt 0.87346 0.46004
vt 0.63957 0.49750
vt 0.65933 0.50415
vt 0.65303 0.51325
vt 0.66186 0.52875
vt 0.65303 0.51325
vt 0.66824 0.51746
vt 0.68291 0.48932
vt 0.68698 0.46724
vt 0.69249 0.48436
vt 0.64775 0.46807
vt 0.65338 0.48688
vt 0.63649 0.47649
vt 0.61906 0.51396
vt 0.62497 0.50073
vt 0.63895 0.51112
vt 0.63957 0.49750
vt 0.63649 0.47649
vt 0.65338 0.48688
vt 0.63957 0.49750
vt 0.65338 0.48688
vt 0.65933 0.50415
vt 0.70884 0.53226
vt 0.72981 0.52902
vt 0.73198 0.54488
vt 0.72981 0.52902
vt 0.74071 0.50559
vt 0.75771 0.53142
vt 0.74071 0.50559
vt 0.75743 0.50766
vt 0.75771 0.53142
vt 0.71121 0.47746
vt 0.74071 0.50559
vt 0.72981 0.52902
vt 0.69624 0.50379
vt 0.71121 0.47746
vt 0.71181 0.51731
vt 0.69624 0.50379
vt 0.71181 0.51731
vt 0.69123 0.51879
vt 0.68978 0.53921
vt 0.69123 0.51879
vt 0.70884 0.53226
vt 0.77410 0.52226
vt 0.79612 0.54619
vt 0.77508 0.55743
vt 0.77853 0.57749
vt 0.77508 0.55743
vt 0.79612 0.54619
vt 0.79612 0.54619
vt 0.80722 0.54745
vt 0.80174 0.55652
vt 0.92284 0.41350
vt 0.90870 0.41179
vt 0.92108 0.39669
vt 0.79718 0.52050
vt 0.80259 0.52959
vt 0.79612 0.54619
vt 0.77410 0.52226
vt 0.79718 0.52050
vt 0.79612 0.54619
vt 0.85375 0.31904
vt 0.87501 0.34919
vt 0.86419 0.34866
vt 0.86419 0.34866
vt 0.88000 0.37030
vt 0.86216 0.38782
vt 0.89072 0.34988
vt 0.88000 0.37030
vt 0.87501 0.34919
vt 0.58198 0.10291
vt 0.56876 0.08701
vt 0.58993 0.08495
vt 0.01954 0.23750
vt 0.01532 0.25280
vt 0.00978 0.24481
vt 0.01401 0.23408
vt 0.01954 0.23750
vt 0.00978 0.24481
vt 0.56940 0.12192
vt 0.55916 0.12546
vt 0.56150 0.11708
vt 0.56940 0.12192
vt 0.56574 0.11192
vt 0.58198 0.10291
vt 0.02086 0.26092
vt 0.01393 0.26287
vt 0.01532 0.25280
vt 0.52132 0.07709
vt 0.52726 0.06864
vt 0.54128 0.07135
vt 0.77158 0.62356
vt 0.75977 0.60580
vt 0.77304 0.61370
vt 0.75977 0.60580
vt 0.77508 0.59502
vt 0.77348 0.60286
vt 0.75977 0.60580
vt 0.73927 0.61387
vt 0.75332 0.59344
vt 0.53166 0.81051
vt 0.53978 0.80583
vt 0.53685 0.82151
vt 0.54029 0.79862
vt 0.53978 0.80583
vt 0.53236 0.80389
vt 0.53978 0.80583
vt 0.53166 0.81051
vt 0.53236 0.80389
vt 0.53166 0.81051
vt 0.52721 0.81715
vt 0.52576 0.81328
vt 0.52576 0.81328
vt 0.52721 0.81715
vt 0.52154 0.81802
vt 0.89140 0.21830
vt 0.88470 0.22019
vt 0.88314 0.21385
vt 0.57163 0.79972
vt 0.55941 0.81593
vt 0.56276 0.79935
vt 0.57163 0.79972
vt 0.56276 0.79935
vt 0.56513 0.79106
vt 0.59113 0.86960
vt 0.57643 0.87838
vt 0.57461 0.87201
vt 0.33041 0.91647
vt 0.32963 0.90688
vt 0.34854 0.91760
vt 0.38400 0.92817
vt 0.36854 0.92004
vt 0.38523 0.91546
vt 0.38400 0.92817
vt 0.37139 0.92918
vt 0.36854 0.92004
vt 0.37750 0.93657
vt 0.37139 0.92918
vt 0.38400 0.92817
vt 0.39459 0.91948
vt 0.38400 0.92817
vt 0.38523 0.91546
vt 0.55184 0.59780
vt 0.56159 0.61772
vt 0.54238 0.63694
vt 0.56054 0.59713
vt 0.57756 0.60847
vt 0.56159 0.61772
vt 0.44206 0.85143
vt 0.42409 0.85397
vt 0.43219 0.83641
vt 0.66109 0.62393
vt 0.65896 0.63402
vt 0.64693 0.63954
vt 0.51550 0.17179
vt 0.51859 0.15726
vt 0.52487 0.17219
vt 0.56178 0.21789
vt 0.53689 0.20251
vt 0.54652 0.18052
vt 0.58398 0.17510
vt 0.59679 0.19655
vt 0.54652 0.18052
vt 0.08358 0.38851
vt 0.06306 0.38429
vt 0.08541 0.37612
vt 0.10338 0.38821
vt 0.08358 0.38851
vt 0.08541 0.37612
vt 0.58828 0.04081
vt 0.58174 0.02444
vt 0.59919 0.01622
vt 0.57922 0.01632
vt 0.58123 0.01259
vt 0.58771 0.01312
vt 0.57071 0.67885
vt 0.57301 0.69672
vt 0.55930 0.69673
vt 0.58268 0.69071
vt 0.57301 0.69672
vt 0.57071 0.67885
vt 0.07072 0.43400
vt 0.06681 0.41488
vt 0.08070 0.41566
vt 0.13532 0.49604
vt 0.11664 0.48361
vt 0.14060 0.48538
vt 0.14060 0.48538
vt 0.11664 0.48361
vt 0.13660 0.47126
vt 0.14241 0.43759
vt 0.14050 0.42479
vt 0.15535 0.42921
vt 0.53197 0.04270
vt 0.53030 0.02976
vt 0.54881 0.03869
vt 0.15549 0.44296
vt 0.14241 0.43759
vt 0.15535 0.42921
vt 0.99386 0.07667
vt 0.98894 0.09473
vt 0.98231 0.08252
vt 0.50379 0.22889
vt 0.49182 0.22180
vt 0.50162 0.21334
vt 0.66780 0.38554
vt 0.65482 0.37685
vt 0.65669 0.35709
vt 0.33049 0.43357
vt 0.31215 0.43487
vt 0.32463 0.42273
vt 0.03614 0.87248
vt 0.04053 0.87879
vt 0.03068 0.88814
vt 0.44155 0.38936
vt 0.43542 0.39176
vt 0.44246 0.37720
vt 0.31914 0.38152
vt 0.35339 0.36716
vt 0.34832 0.39111
vt 0.88470 0.84468
vt 0.87849 0.83068
vt 0.89066 0.83890
vt 0.24491 0.47406
vt 0.24670 0.45776
vt 0.25863 0.46604
vt 0.64249 0.36491
vt 0.61897 0.37710
vt 0.63313 0.36365
vt 0.70796 0.34930
vt 0.70692 0.37718
vt 0.69819 0.35635
vt 0.98283 0.48918
vt 0.96539 0.45796
vt 0.98756 0.46747
vt 0.45919 0.39919
vt 0.45081 0.39247
vt 0.46316 0.39028
vt 0.42855 0.34111
vt 0.41557 0.35729
vt 0.39972 0.35166
vt 0.05643 0.92939
vt 0.07287 0.92152
vt 0.06627 0.93940
vt 0.07287 0.92152
vt 0.08667 0.90746
vt 0.08089 0.93140
vt 0.08667 0.90746
vt 0.09284 0.91774
vt 0.09518 0.92759
vt 0.06534 0.89327
vt 0.08667 0.90746
vt 0.06140 0.91294
vt 0.03890 0.89292
vt 0.06140 0.91294
vt 0.02886 0.91831
vt 0.31039 0.37261
vt 0.31914 0.38152
vt 0.30628 0.38705
vt 0.30628 0.38705
vt 0.29721 0.37033
vt 0.31039 0.37261
vt 0.28895 0.39876
vt 0.26861 0.39629
vt 0.27762 0.37817
vt 0.30628 0.38705
vt 0.28895 0.39876
vt 0.29721 0.37033
vt 0.29597 0.40921
vt 0.28895 0.39876
vt 0.30628 0.38705
vt 0.98494 0.39113
vt 0.97549 0.40431
vt 0.98659 0.37848
vt 0.24845 0.50706
vt 0.25238 0.49057
vt 0.25838 0.51220
vt 0.37831 0.48510
vt 0.34985 0.48593
vt 0.38077 0.46367
vt 0.37831 0.48510
vt 0.38077 0.46367
vt 0.39164 0.46122
vt 0.19260 0.52898
vt 0.16938 0.54474
vt 0.16641 0.53334
vt 0.21569 0.53023
vt 0.20526 0.54297
vt 0.19260 0.52898
vt 0.44943 0.75043
vt 0.43757 0.73141
vt 0.45601 0.73257
vt 0.44943 0.75043
vt 0.43533 0.75875
vt 0.43757 0.73141
vt 0.44519 0.77815
vt 0.42980 0.77617
vt 0.43533 0.75875
vt 0.79687 0.11576
vt 0.79057 0.10311
vt 0.81118 0.11074
vt 0.77797 0.10400
vt 0.79687 0.11576
vt 0.78714 0.12552
vt 0.79057 0.10311
vt 0.81977 0.09828
vt 0.81118 0.11074
vt 0.29677 0.55433
vt 0.30381 0.57924
vt 0.27147 0.57069
vt 0.83086 0.05874
vt 0.83723 0.09507
vt 0.81323 0.08107
vt 0.83723 0.09507
vt 0.81977 0.09828
vt 0.81323 0.08107
vt 0.28451 0.58465
vt 0.29925 0.59351
vt 0.27183 0.61677
vt 0.81992 0.18436
vt 0.81237 0.16964
vt 0.81624 0.15900
vt 0.20061 0.58167
vt 0.21580 0.57607
vt 0.20994 0.60237
vt 0.21580 0.57607
vt 0.23107 0.57797
vt 0.20994 0.60237
vt 0.39252 0.51079
vt 0.38893 0.49915
vt 0.40063 0.49856
vt 0.36423 0.52421
vt 0.34948 0.50137
vt 0.38893 0.49915
vt 0.39099 0.52558
vt 0.36423 0.52421
vt 0.39252 0.51079
vt 0.84028 0.42817
vt 0.84568 0.45669
vt 0.82167 0.43501
vt 0.82167 0.43501
vt 0.81300 0.45792
vt 0.80755 0.44293
vt 0.84336 0.46944
vt 0.81300 0.45792
vt 0.82167 0.43501
vt 0.85458 0.44990
vt 0.84568 0.45669
vt 0.85182 0.42483
vt 0.84568 0.45669
vt 0.84336 0.46944
vt 0.82167 0.43501
vt 0.90739 0.43502
vt 0.91549 0.46904
vt 0.89021 0.46781
vt 0.38625 0.53580
vt 0.36423 0.52421
vt 0.39099 0.52558
vt 0.82387 0.21020
vt 0.84823 0.19291
vt 0.83990 0.21135
vt 0.69084 0.59993
vt 0.69245 0.57386
vt 0.70738 0.58268
vt 0.85333 0.22067
vt 0.83990 0.21135
vt 0.85595 0.20728
vt 0.86094 0.26097
vt 0.84727 0.25493
vt 0.85971 0.24317
vt 0.15383 0.39983
vt 0.17421 0.39293
vt 0.17099 0.39998
vt 0.80432 0.01894
vt 0.82320 0.04327
vt 0.80827 0.04954
vt 0.80827 0.04954
vt 0.82320 0.04327
vt 0.83086 0.05874
vt 0.23019 0.64028
vt 0.24525 0.60128
vt 0.26129 0.62572
vt 0.23876 0.66177
vt 0.23019 0.64028
vt 0.24422 0.65867
vt 0.24422 0.65867
vt 0.23019 0.64028
vt 0.26129 0.62572
vt 0.93404 0.50346
vt 0.93017 0.49093
vt 0.93646 0.49374
vt 0.93404 0.50346
vt 0.92650 0.50178
vt 0.93017 0.49093
vt 0.74569 0.43693
vt 0.75170 0.42219
vt 0.77056 0.43846
vt 0.78089 0.45103
vt 0.77056 0.43846
vt 0.77929 0.43707
vt 0.85971 0.24317
vt 0.87776 0.24103
vt 0.87505 0.25475
vt 0.83990 0.21135
vt 0.85333 0.22067
vt 0.84075 0.23816
vt 0.84727 0.25493
vt 0.84075 0.23816
vt 0.85971 0.24317
vt 0.81779 0.19786
vt 0.79448 0.19711
vt 0.80688 0.19089
vt 0.78121 0.19033
vt 0.79248 0.17465
vt 0.79448 0.19711
vt 0.77748 0.21223
vt 0.78121 0.19033
vt 0.78508 0.21800
vt 0.15383 0.39983
vt 0.16818 0.40876
vt 0.15730 0.40638
vt 0.78508 0.21800
vt 0.79448 0.19711
vt 0.80472 0.21568
vt 0.37271 0.84959
vt 0.36086 0.84481
vt 0.37703 0.83420
vt 0.55715 0.56993
vt 0.54874 0.56007
vt 0.55345 0.54851
vt 0.39252 0.51079
vt 0.40063 0.49856
vt 0.41184 0.50562
vt 0.40640 0.52191
vt 0.39252 0.51079
vt 0.41184 0.50562
vt 0.74252 0.04767
vt 0.75261 0.03030
vt 0.75138 0.06223
vt 0.68357 0.44301
vt 0.67457 0.43958
vt 0.69467 0.43214
vt 0.22920 0.55781
vt 0.25259 0.58202
vt 0.23107 0.57797
vt 0.69302 0.40997
vt 0.69467 0.43214
vt 0.67457 0.43958
vt 0.67509 0.09772
vt 0.66915 0.07764
vt 0.68395 0.08750
vt 0.67509 0.09772
vt 0.66587 0.09022
vt 0.66915 0.07764
vt 0.96067 0.88156
vt 0.97388 0.88177
vt 0.96576 0.89779
vt 0.73066 0.18012
vt 0.74794 0.18624
vt 0.74256 0.20431
vt 0.31686 0.64065
vt 0.29622 0.65264
vt 0.30159 0.62680
vt 0.27147 0.57069
vt 0.28451 0.58465
vt 0.27298 0.59136
vt 0.31686 0.64065
vt 0.30159 0.62680
vt 0.32027 0.61754
vt 0.59401 0.55767
vt 0.61699 0.55701
vt 0.60884 0.56780
vt 0.61699 0.55701
vt 0.63045 0.53859
vt 0.63223 0.56025
vt 0.59401 0.55767
vt 0.60721 0.53176
vt 0.61699 0.55701
vt 0.33456 0.78583
vt 0.32186 0.76676
vt 0.33664 0.77125
vt 0.31273 0.80005
vt 0.30004 0.81803
vt 0.29457 0.78937
vt 0.34814 0.78742
vt 0.32324 0.81597
vt 0.32437 0.79988
vt 0.34814 0.78742
vt 0.32437 0.79988
vt 0.33456 0.78583
vt 0.33456 0.78583
vt 0.31273 0.80005
vt 0.32186 0.76676
vt 0.61897 0.37710
vt 0.62157 0.40419
vt 0.60799 0.39595
vt 0.59930 0.38831
vt 0.60416 0.38426
vt 0.60799 0.39595
vt 0.59013 0.40394
vt 0.59988 0.41736
vt 0.58242 0.41878
vt 0.89256 0.88073
vt 0.90445 0.86993
vt 0.91075 0.88765
vt 0.88218 0.89144
vt 0.89256 0.88073
vt 0.89590 0.89683
vt 0.88218 0.89144
vt 0.87836 0.88062
vt 0.89256 0.88073
vt 0.89147 0.90439
vt 0.88218 0.89144
vt 0.89590 0.89683
vt 0.39330 0.61163
vt 0.39807 0.62674
vt 0.38662 0.62125
vt 0.40128 0.63365
vt 0.39095 0.64278
vt 0.38905 0.63727
vt 0.39095 0.64278
vt 0.39329 0.65941
vt 0.38397 0.65205
vt 0.41110 0.65430
vt 0.39329 0.65941
vt 0.40563 0.64587
vt 0.40563 0.64587
vt 0.39095 0.64278
vt 0.40128 0.63365
vt 0.51582 0.44627
vt 0.50074 0.43910
vt 0.51313 0.43347
vt 0.91743 0.17594
vt 0.91249 0.18615
vt 0.90683 0.15165
vt 0.90683 0.15165
vt 0.88287 0.14216
vt 0.89171 0.13049
vt 0.62224 0.77555
vt 0.63535 0.78844
vt 0.61170 0.79049
vt 0.61170 0.79049
vt 0.63535 0.78844
vt 0.60980 0.80720
vt 0.63535 0.78844
vt 0.63545 0.80634
vt 0.60980 0.80720
vt 0.64261 0.76668
vt 0.65706 0.78984
vt 0.63535 0.78844
vt 0.79964 0.75032
vt 0.78422 0.75952
vt 0.79909 0.73276
vt 0.47872 0.68005
vt 0.47030 0.69162
vt 0.47374 0.67462
vt 0.21050 0.33420
vt 0.20422 0.31091
vt 0.22785 0.30704
vt 0.23037 0.88587
vt 0.21837 0.89459
vt 0.22682 0.86752
vt 0.22559 0.81580
vt 0.20757 0.83503
vt 0.22461 0.80264
vt 0.18633 0.82785
vt 0.17006 0.84387
vt 0.17156 0.82876
vt 0.15406 0.83764
vt 0.16390 0.85254
vt 0.15171 0.85443
vt 0.63199 0.15317
vt 0.61731 0.12781
vt 0.63890 0.13423
vt 0.61731 0.12781
vt 0.62934 0.11946
vt 0.63890 0.13423
vt 0.61731 0.12781
vt 0.61929 0.11568
vt 0.62934 0.11946
vt 0.61547 0.14626
vt 0.59782 0.13123
vt 0.61731 0.12781
vt 0.61929 0.11568
vt 0.61517 0.09679
vt 0.63283 0.10021
vt 0.63283 0.10021
vt 0.61517 0.09679
vt 0.61895 0.07683
vt 0.64625 0.10596
vt 0.63283 0.10021
vt 0.64531 0.09331
vt 0.67578 0.13266
vt 0.66991 0.12465
vt 0.67600 0.12565
vt 0.27414 0.77644
vt 0.25946 0.79749
vt 0.25780 0.76985
vt 0.68385 0.14787
vt 0.65858 0.13970
vt 0.67578 0.13266
vt 0.67578 0.13266
vt 0.65858 0.13970
vt 0.66991 0.12465
vt 0.25946 0.79749
vt 0.23692 0.80282
vt 0.23359 0.79006
vt 0.25599 0.73099
vt 0.23699 0.73875
vt 0.24144 0.71848
vt 0.86109 0.59434
vt 0.84924 0.59989
vt 0.84754 0.58790
vt 0.09701 0.30247
vt 0.08267 0.29686
vt 0.09028 0.28698
vt 0.10511 0.29257
vt 0.09028 0.28698
vt 0.10042 0.27633
vt 0.64849 0.95415
vt 0.64640 0.96400
vt 0.63599 0.94451
vt 0.13944 0.90016
vt 0.12432 0.90918
vt 0.12071 0.89143
vt 0.50968 0.06567
vt 0.48958 0.07515
vt 0.49629 0.05090
vt 0.49928 0.13724
vt 0.50278 0.11693
vt 0.52751 0.12179
vt 0.25892 0.53360
vt 0.27758 0.54882
vt 0.25601 0.54831
vt 0.18858 0.55231
vt 0.20061 0.58167
vt 0.17514 0.56710
vt 0.86604 0.79775
vt 0.87004 0.81187
vt 0.85414 0.80802
vt 0.87336 0.80233
vt 0.87004 0.81187
vt 0.86604 0.79775
vt 0.86604 0.79775
vt 0.87185 0.79122
vt 0.87433 0.79787
vt 0.22710 0.56552
vt 0.21580 0.57607
vt 0.21161 0.56220
vt 0.84322 0.02041
vt 0.83775 0.02954
vt 0.83645 0.01508
vt 0.42464 0.26604
vt 0.40797 0.25947
vt 0.42573 0.24255
vt 0.83715 0.01503
vt 0.85176 0.00672
vt 0.84322 0.02041
vt 0.84205 0.16495
vt 0.83675 0.17154
vt 0.84248 0.15260
vt 0.83340 0.14407
vt 0.81624 0.15900
vt 0.81956 0.13629
vt 0.65343 0.04797
vt 0.65620 0.03038
vt 0.67715 0.04432
vt 0.01851 0.51565
vt 0.01055 0.52981
vt 0.00778 0.51976
vt 0.83773 0.82735
vt 0.83457 0.82628
vt 0.84137 0.81686
vt 0.83972 0.83597
vt 0.85223 0.82132
vt 0.85036 0.83388
vt 0.60591 0.30261
vt 0.58596 0.29857
vt 0.60867 0.28261
vt 0.03675 0.52689
vt 0.03503 0.53902
vt 0.01055 0.52981
vt 0.00583 0.53430
vt 0.00778 0.51976
vt 0.01055 0.52981
vt 0.25167 0.34721
vt 0.21615 0.34589
vt 0.22658 0.33532
vt 0.03071 0.52033
vt 0.03675 0.52689
vt 0.01055 0.52981
vt 0.45876 0.85652
vt 0.44206 0.85143
vt 0.46591 0.84613
vt 0.85223 0.82132
vt 0.83773 0.82735
vt 0.84137 0.81686
vt 0.23107 0.57797
vt 0.24525 0.60128
vt 0.20994 0.60237
vt 0.70428 0.18597
vt 0.69989 0.17389
vt 0.70816 0.16427
vt 0.27298 0.59136
vt 0.27183 0.61677
vt 0.26129 0.62572
vt 0.81227 0.39842
vt 0.81695 0.38559
vt 0.83189 0.39839
vt 0.68838 0.92709
vt 0.69354 0.90674
vt 0.70195 0.93539
vt 0.84705 0.41396
vt 0.82529 0.41835
vt 0.84186 0.39819
vt 0.21993 0.28245
vt 0.19988 0.29505
vt 0.20642 0.27132
vt 0.19988 0.29505
vt 0.18689 0.28724
vt 0.20642 0.27132
vt 0.21993 0.28245
vt 0.20642 0.27132
vt 0.22896 0.27224
vt 0.18689 0.28724
vt 0.19130 0.26001
vt 0.20642 0.27132
vt 0.20642 0.27132
vt 0.21939 0.25362
vt 0.22857 0.26228
vt 0.22896 0.27224
vt 0.20642 0.27132
vt 0.22857 0.26228
vt 0.10906 0.34575
vt 0.09708 0.34529
vt 0.11503 0.33232
vt 0.44040 0.44303
vt 0.42476 0.43802
vt 0.44406 0.43400
vt 0.42476 0.43802
vt 0.44033 0.42270
vt 0.44406 0.43400
vt 0.70401 0.87380
vt 0.70299 0.86895
vt 0.71404 0.86722
vt 0.80083 0.90819
vt 0.78466 0.89740
vt 0.80872 0.89279
vt 0.80083 0.90819
vt 0.80872 0.89279
vt 0.81061 0.90763
vt 0.03722 0.39638
vt 0.03104 0.38145
vt 0.04522 0.37802
vt 0.03722 0.39638
vt 0.04522 0.37802
vt 0.06306 0.38429
vt 0.04148 0.79699
vt 0.01999 0.81000
vt 0.02021 0.79520
vt 0.29408 0.53703
vt 0.31734 0.55168
vt 0.30768 0.54989
vt 0.29408 0.53703
vt 0.31690 0.51926
vt 0.31734 0.55168
vt 0.55198 0.37772
vt 0.55702 0.38282
vt 0.54299 0.39114
vt 0.04053 0.87879
vt 0.03614 0.87248
vt 0.04642 0.86777
vt 0.75504 0.88105
vt 0.73648 0.86005
vt 0.75111 0.85893
vt 0.48342 0.41331
vt 0.47343 0.42190
vt 0.47580 0.40931
vt 0.48284 0.40030
vt 0.48342 0.41331
vt 0.47580 0.40931
vt 0.27758 0.54882
vt 0.29677 0.55433
vt 0.27147 0.57069
vt 0.28697 0.54016
vt 0.29677 0.55433
vt 0.27758 0.54882
vt 0.28697 0.54016
vt 0.28504 0.52547
vt 0.29408 0.53703
vt 0.54872 0.09854
vt 0.55077 0.08880
vt 0.56876 0.08701
vt 0.56876 0.08701
vt 0.55077 0.08880
vt 0.55170 0.06689
vt 0.93530 0.09384
vt 0.92134 0.08715
vt 0.93590 0.08069
vt 0.91927 0.10932
vt 0.92134 0.08715
vt 0.93530 0.09384
vt 0.91927 0.10932
vt 0.93530 0.09384
vt 0.93499 0.10421
vt 0.90728 0.09042
vt 0.91673 0.07434
vt 0.92134 0.08715
vt 0.83513 0.67072
vt 0.82984 0.70332
vt 0.82931 0.68359
vt 0.82931 0.68359
vt 0.82984 0.70332
vt 0.82041 0.70532
vt 0.82931 0.68359
vt 0.82041 0.70532
vt 0.80762 0.69964
vt 0.81666 0.68675
vt 0.80762 0.69964
vt 0.80544 0.68570
vt 0.82931 0.68359
vt 0.80762 0.69964
vt 0.81666 0.68675
vt 0.80843 0.66699
vt 0.82225 0.67190
vt 0.80544 0.68570
vt 0.70405 0.73128
vt 0.69379 0.73316
vt 0.70477 0.71701
vt 0.70477 0.71701
vt 0.72769 0.71757
vt 0.70405 0.73128
vt 0.68671 0.71146
vt 0.69379 0.73316
vt 0.67602 0.72449
vt 0.91525 0.20056
vt 0.92598 0.19284
vt 0.94066 0.21767
vt 0.56761 0.77300
vt 0.55332 0.77885
vt 0.55773 0.76459
vt 0.50717 0.78230
vt 0.48520 0.77862
vt 0.50463 0.76390
vt 0.93228 0.16609
vt 0.90683 0.15165
vt 0.93204 0.15167
vt 0.94057 0.15950
vt 0.95005 0.18174
vt 0.93228 0.16609
vt 0.93204 0.15167
vt 0.91955 0.13507
vt 0.94274 0.13218
vt 0.94057 0.15950
vt 0.93228 0.16609
vt 0.93204 0.15167
vt 0.76859 0.11405
vt 0.77797 0.10400
vt 0.78714 0.12552
vt 0.60643 0.73466
vt 0.61460 0.74702
vt 0.60271 0.75049
vt 0.88752 0.41161
vt 0.88857 0.43093
vt 0.85182 0.42483
vt 0.62470 0.72830
vt 0.63793 0.73156
vt 0.63520 0.74584
vt 0.62470 0.72830
vt 0.63520 0.74584
vt 0.61460 0.74702
vt 0.77810 0.69669
vt 0.76747 0.72104
vt 0.74663 0.72221
vt 0.77920 0.71153
vt 0.76747 0.72104
vt 0.77810 0.69669
vt 0.22559 0.81580
vt 0.22610 0.84599
vt 0.20757 0.83503
vt 0.62103 0.84387
vt 0.62354 0.83434
vt 0.63278 0.85335
vt 0.75817 0.10574
vt 0.76938 0.10289
vt 0.76859 0.11405
vt 0.62354 0.83434
vt 0.63872 0.82850
vt 0.63278 0.85335
vt 0.62354 0.83434
vt 0.62103 0.84387
vt 0.61181 0.83427
vt 0.74369 0.12555
vt 0.76088 0.13368
vt 0.74729 0.13914
vt 0.80464 0.12767
vt 0.82329 0.11867
vt 0.81956 0.13629
vt 0.61415 0.87378
vt 0.61157 0.85136
vt 0.63278 0.85335
vt 0.78714 0.12552
vt 0.79687 0.11576
vt 0.80464 0.12767
vt 0.73716 0.64307
vt 0.75096 0.63825
vt 0.74750 0.64910
vt 0.87255 0.04381
vt 0.86327 0.05467
vt 0.85845 0.03584
vt 0.85910 0.94041
vt 0.86962 0.93514
vt 0.86983 0.95107
vt 0.85910 0.94041
vt 0.86983 0.95107
vt 0.86052 0.97016
vt 0.53186 0.13393
vt 0.52751 0.12179
vt 0.54154 0.12342
vt 0.39972 0.35166
vt 0.37029 0.36189
vt 0.37059 0.34051
vt 0.85193 0.96932
vt 0.85073 0.94899
vt 0.86052 0.97016
vt 0.47473 0.56441
vt 0.47638 0.58002
vt 0.46780 0.57067
vt 0.48249 0.58689
vt 0.46328 0.59656
vt 0.47638 0.58002
vt 0.46328 0.59656
vt 0.46466 0.61025
vt 0.44791 0.59876
vt 0.46328 0.59656
vt 0.44791 0.59876
vt 0.43716 0.57159
vt 0.47638 0.58002
vt 0.46328 0.59656
vt 0.46780 0.57067
vt 0.55727 0.53070
vt 0.57804 0.52373
vt 0.56190 0.55137
vt 0.56190 0.55137
vt 0.55345 0.54851
vt 0.55727 0.53070
vt 0.66690 0.82555
vt 0.67925 0.80972
vt 0.68274 0.83067
vt 0.56088 0.82709
vt 0.57920 0.82954
vt 0.56143 0.83786
vt 0.57920 0.82954
vt 0.58533 0.83518
vt 0.56143 0.83786
vt 0.58533 0.83518
vt 0.58810 0.84661
vt 0.57034 0.85028
vt 0.56266 0.85531
vt 0.57034 0.85028
vt 0.57157 0.86443
vt 0.35836 0.98362
vt 0.35540 0.97449
vt 0.36714 0.96867
vt 0.36714 0.96867
vt 0.35540 0.97449
vt 0.35247 0.96144
vt 0.52402 0.84457
vt 0.53571 0.83774
vt 0.52785 0.85990
vt 0.40927 0.73607
vt 0.39557 0.74083
vt 0.40320 0.72239
vt 0.41817 0.73545
vt 0.40320 0.72239
vt 0.40591 0.70831
vt 0.38742 0.81112
vt 0.37557 0.79468
vt 0.38601 0.79431
vt 0.38742 0.81112
vt 0.37384 0.80912
vt 0.37557 0.79468
vt 0.37121 0.81342
vt 0.35840 0.80451
vt 0.37384 0.80912
vt 0.37384 0.80912
vt 0.35840 0.80451
vt 0.37557 0.79468
vt 0.38601 0.79431
vt 0.37557 0.79468
vt 0.37182 0.77024
vt 0.39981 0.78322
vt 0.38601 0.79431
vt 0.38993 0.75714
vt 0.76180 0.78891
vt 0.77379 0.80374
vt 0.75633 0.80769
vt 0.77734 0.78978
vt 0.79339 0.79705
vt 0.77379 0.80374
vt 0.79339 0.79705
vt 0.79336 0.80516
vt 0.78732 0.81045
vt 0.79339 0.79705
vt 0.78732 0.81045
vt 0.77379 0.80374
vt 0.75282 0.78634
vt 0.75633 0.80769
vt 0.74094 0.80734
vt 0.75633 0.80769
vt 0.75282 0.78634
vt 0.76180 0.78891
vt 0.35409 0.14443
vt 0.33930 0.14464
vt 0.35511 0.12167
vt 0.96987 0.44278
vt 0.95921 0.44225
vt 0.95312 0.43488
vt 0.59679 0.19655
vt 0.61344 0.20797
vt 0.58671 0.22587
vt 0.38063 0.24758
vt 0.39912 0.24955
vt 0.39586 0.26591
vt 0.79339 0.79705
vt 0.80720 0.79629
vt 0.79336 0.80516
vt 0.44211 0.24619
vt 0.42573 0.24255
vt 0.44593 0.22580
vt 0.74004 0.25632
vt 0.73968 0.26253
vt 0.72651 0.26605
vt 0.45813 0.53072
vt 0.45822 0.54537
vt 0.45205 0.52398
vt 0.45822 0.54537
vt 0.44534 0.53342
vt 0.45205 0.52398
vt 0.77379 0.80374
vt 0.75880 0.81706
vt 0.75633 0.80769
vt 0.43944 0.98321
vt 0.42730 0.98936
vt 0.42819 0.97899
vt 0.42730 0.98936
vt 0.40327 0.97458
vt 0.42819 0.97899
vt 0.43965 0.99143
vt 0.42730 0.98936
vt 0.43944 0.98321
vt 0.46317 0.64121
vt 0.45072 0.65266
vt 0.45380 0.63070
vt 0.45072 0.65266
vt 0.43592 0.66000
vt 0.44177 0.64109
vt 0.47541 0.64598
vt 0.46317 0.64121
vt 0.47010 0.63251
vt 0.44177 0.64109
vt 0.43592 0.66000
vt 0.42980 0.63589
vt 0.45380 0.63070
vt 0.45072 0.65266
vt 0.44177 0.64109
vt 0.61852 0.81824
vt 0.62354 0.83434
vt 0.61181 0.83427
vt 0.53375 0.50343
vt 0.51032 0.50637
vt 0.51958 0.48261
vt 0.86035 0.87369
vt 0.83674 0.87476
vt 0.85662 0.85870
vt 0.21278 0.91936
vt 0.20469 0.94090
vt 0.20397 0.92440
vt 0.19272 0.94767
vt 0.18288 0.94132
vt 0.20397 0.92440
vt 0.67173 0.34788
vt 0.68300 0.36420
vt 0.67416 0.37226
vt 0.68230 0.35016
vt 0.68811 0.34951
vt 0.68300 0.36420
vt 0.68300 0.36420
vt 0.69819 0.35635
vt 0.68385 0.37792
vt 0.58810 0.84661
vt 0.61181 0.83427
vt 0.60494 0.84158
vt 0.61324 0.44842
vt 0.62835 0.46552
vt 0.60917 0.46084
vt 0.58448 0.48906
vt 0.59454 0.48256
vt 0.60156 0.50357
vt 0.35037 0.86632
vt 0.35587 0.90174
vt 0.33639 0.88612
vt 0.51003 0.59902
vt 0.52511 0.59356
vt 0.51933 0.61399
vt 0.92465 0.83271
vt 0.93257 0.83042
vt 0.92453 0.83988
vt 0.92453 0.83988
vt 0.92071 0.83318
vt 0.92465 0.83271
vt 0.93257 0.83042
vt 0.94777 0.82951
vt 0.93976 0.84676
vt 0.31325 0.71837
vt 0.29139 0.71728
vt 0.29322 0.69410
vt 0.70474 0.03063
vt 0.72283 0.03232
vt 0.70352 0.05135
vt 0.71227 0.01747
vt 0.73686 0.01000
vt 0.72283 0.03232
vt 0.72283 0.03232
vt 0.73686 0.01000
vt 0.73971 0.02329
vt 0.70352 0.05135
vt 0.72283 0.03232
vt 0.71984 0.07501
vt 0.62157 0.40419
vt 0.63271 0.41712
vt 0.60846 0.41977
vt 0.65887 0.40066
vt 0.66926 0.42367
vt 0.65165 0.42414
vt 0.93453 0.89280
vt 0.93249 0.87901
vt 0.94030 0.88418
vt 0.93453 0.89280
vt 0.91814 0.87700
vt 0.93249 0.87901
vt 0.94573 0.87423
vt 0.93819 0.86681
vt 0.94836 0.86427
vt 0.94030 0.88418
vt 0.93648 0.87551
vt 0.94573 0.87423
vt 0.15436 0.95615
vt 0.14968 0.97115
vt 0.14117 0.95883
vt 0.16176 0.96086
vt 0.15707 0.96775
vt 0.15436 0.95615
vt 0.30998 0.02053
vt 0.29663 0.04159
vt 0.29408 0.02189
vt 0.36099 0.63875
vt 0.35742 0.65760
vt 0.34638 0.65978
vt 0.36099 0.63875
vt 0.34638 0.65978
vt 0.33459 0.64389
vt 0.34638 0.65978
vt 0.33109 0.66192
vt 0.33459 0.64389
vt 0.36099 0.63875
vt 0.34329 0.63560
vt 0.34772 0.62433
vt 0.53375 0.43816
vt 0.53568 0.42076
vt 0.54403 0.42590
vt 0.53471 0.46160
vt 0.53375 0.43816
vt 0.54897 0.45607
vt 0.53375 0.43816
vt 0.54511 0.43988
vt 0.54897 0.45607
vt 0.33502 0.69335
vt 0.32559 0.67747
vt 0.33568 0.67932
vt 0.34920 0.68691
vt 0.33502 0.69335
vt 0.35228 0.67448
vt 0.44289 0.68575
vt 0.43472 0.69040
vt 0.43996 0.67695
vt 0.42292 0.68319
vt 0.40735 0.69367
vt 0.41526 0.67088
vt 0.51428 0.70387
vt 0.50714 0.71543
vt 0.50692 0.70231
vt 0.51607 0.73654
vt 0.50714 0.71543
vt 0.51428 0.70387
vt 0.50714 0.71543
vt 0.48796 0.73057
vt 0.49872 0.70296
vt 0.50714 0.71543
vt 0.49872 0.70296
vt 0.50692 0.70231
vt 0.57756 0.60847
vt 0.58690 0.58988
vt 0.60190 0.61459
vt 0.06618 0.62236
vt 0.04371 0.61730
vt 0.04163 0.60330
vt 0.04371 0.61730
vt 0.04276 0.63122
vt 0.03515 0.61698
vt 0.12653 0.62242
vt 0.10269 0.63502
vt 0.11188 0.61284
vt 0.18160 0.61992
vt 0.17436 0.63303
vt 0.16313 0.62771
vt 0.19287 0.62483
vt 0.18598 0.63134
vt 0.18160 0.61992
vt 0.18598 0.63134
vt 0.19900 0.64229
vt 0.17436 0.63303
vt 0.27074 0.44795
vt 0.27949 0.43448
vt 0.29471 0.43327
vt 0.58690 0.58988
vt 0.60498 0.58134
vt 0.60190 0.61459
vt 0.58718 0.63494
vt 0.61772 0.64410
vt 0.59407 0.65074
vt 0.27617 0.46144
vt 0.25863 0.46604
vt 0.27074 0.44795
vt 0.26861 0.39629
vt 0.24768 0.41874
vt 0.24655 0.39907
vt 0.29045 0.50872
vt 0.28529 0.48089
vt 0.30224 0.49966
vt 0.30224 0.49966
vt 0.28529 0.48089
vt 0.29306 0.45769
vt 0.39300 0.69625
vt 0.37253 0.69122
vt 0.38314 0.68176
vt 0.38314 0.68176
vt 0.37253 0.69122
vt 0.37253 0.67426
vt 0.39086 0.68398
vt 0.38314 0.68176
vt 0.39021 0.66982
vt 0.73391 0.13065
vt 0.74223 0.16070
vt 0.72764 0.15098
vt 0.72054 0.13722
vt 0.73391 0.13065
vt 0.72764 0.15098
vt 0.72764 0.15098
vt 0.74223 0.16070
vt 0.73066 0.18012
vt 0.79347 0.15300
vt 0.79350 0.14198
vt 0.81624 0.15900
vt 0.34774 0.53294
vt 0.34940 0.54612
vt 0.33126 0.55341
vt 0.34940 0.54612
vt 0.34536 0.56291
vt 0.33126 0.55341
vt 0.33551 0.53311
vt 0.33126 0.55341
vt 0.31734 0.55168
vt 0.83446 0.12433
vt 0.81956 0.13629
vt 0.82329 0.11867
vt 0.83446 0.12433
vt 0.83846 0.13534
vt 0.81956 0.13629
vt 0.47019 0.73835
vt 0.45593 0.71869
vt 0.46093 0.70579
vt 0.46093 0.70579
vt 0.45593 0.71869
vt 0.45288 0.70350
vt 0.49872 0.70296
vt 0.48796 0.73057
vt 0.48370 0.71321
vt 0.47019 0.73835
vt 0.46249 0.74154
vt 0.45601 0.73257
vt 0.47156 0.71129
vt 0.47019 0.73835
vt 0.46093 0.70579
vt 0.47019 0.73835
vt 0.45601 0.73257
vt 0.45593 0.71869
vt 0.83723 0.09507
vt 0.82329 0.11867
vt 0.81977 0.09828
vt 0.57804 0.52373
vt 0.57789 0.53874
vt 0.56190 0.55137
vt 0.30381 0.57924
vt 0.32620 0.57440
vt 0.32068 0.58417
vt 0.32620 0.57440
vt 0.33126 0.55341
vt 0.33918 0.57235
vt 0.32490 0.50816
vt 0.33551 0.53311
vt 0.31690 0.51926
vt 0.32490 0.50816
vt 0.34705 0.51685
vt 0.33551 0.53311
vt 0.36484 0.54488
vt 0.36898 0.55525
vt 0.35524 0.55675
vt 0.34774 0.53294
vt 0.36484 0.54488
vt 0.34940 0.54612
vt 0.34774 0.53294
vt 0.36423 0.52421
vt 0.36484 0.54488
vt 0.79248 0.17465
vt 0.80688 0.19089
vt 0.79448 0.19711
vt 0.74794 0.18624
vt 0.74223 0.16070
vt 0.76590 0.18750
vt 0.77237 0.16841
vt 0.78121 0.19033
vt 0.76590 0.18750
vt 0.74223 0.16070
vt 0.73391 0.13065
vt 0.74729 0.13914
vt 0.65165 0.42414
vt 0.66122 0.44453
vt 0.64293 0.44410
vt 0.31032 0.66973
vt 0.29011 0.68138
vt 0.29622 0.65264
vt 0.64775 0.46807
vt 0.65831 0.47050
vt 0.65338 0.48688
vt 0.31114 0.68683
vt 0.29322 0.69410
vt 0.31032 0.66973
vt 0.32559 0.67747
vt 0.31114 0.68683
vt 0.31032 0.66973
vt 0.29322 0.69410
vt 0.29011 0.68138
vt 0.31032 0.66973
vt 0.39329 0.65941
vt 0.39021 0.66982
vt 0.38683 0.66166
vt 0.39021 0.66982
vt 0.38314 0.68176
vt 0.38683 0.66166
vt 0.39329 0.65941
vt 0.40254 0.68027
vt 0.39021 0.66982
vt 0.31051 0.05880
vt 0.29330 0.05948
vt 0.30654 0.05228
vt 0.32133 0.05200
vt 0.31051 0.05880
vt 0.30654 0.05228
vt 0.42782 0.66816
vt 0.41526 0.67088
vt 0.42024 0.65441
vt 0.41526 0.67088
vt 0.40254 0.68027
vt 0.41110 0.65430
vt 0.40591 0.70831
vt 0.39300 0.69625
vt 0.40735 0.69367
vt 0.39086 0.68398
vt 0.40735 0.69367
vt 0.39300 0.69625
vt 0.31310 0.48921
vt 0.32062 0.45370
vt 0.33198 0.47315
vt 0.34948 0.50137
vt 0.33138 0.49319
vt 0.34985 0.48593
vt 0.31310 0.48921
vt 0.29306 0.45769
vt 0.32062 0.45370
vt 0.32490 0.50816
vt 0.33138 0.49319
vt 0.34948 0.50137
vt 0.34705 0.51685
vt 0.32490 0.50816
vt 0.34948 0.50137
vt 0.32490 0.50816
vt 0.32117 0.49651
vt 0.33138 0.49319
vt 0.30924 0.50879
vt 0.30224 0.49966
vt 0.31310 0.48921
vt 0.80325 0.26537
vt 0.78702 0.24140
vt 0.79916 0.24155
vt 0.30764 0.41992
vt 0.29471 0.43327
vt 0.28865 0.41977
vt 0.29471 0.43327
vt 0.27949 0.43448
vt 0.28865 0.41977
vt 0.30764 0.41992
vt 0.28865 0.41977
vt 0.29597 0.40921
vt 0.27949 0.43448
vt 0.26758 0.44224
vt 0.26430 0.41449
vt 0.26758 0.44224
vt 0.24833 0.42906
vt 0.26430 0.41449
vt 0.27949 0.43448
vt 0.26430 0.41449
vt 0.28865 0.41977
vt 0.67683 0.50351
vt 0.65933 0.50415
vt 0.66805 0.47848
vt 0.28529 0.48089
vt 0.27617 0.46144
vt 0.29306 0.45769
vt 0.59407 0.65074
vt 0.61350 0.65450
vt 0.59303 0.65752
vt 0.31215 0.43487
vt 0.29989 0.44371
vt 0.29471 0.43327
vt 0.29989 0.44371
vt 0.29306 0.45769
vt 0.27074 0.44795
vt 0.32062 0.45370
vt 0.29306 0.45769
vt 0.29989 0.44371
vt 0.29989 0.44371
vt 0.27074 0.44795
vt 0.29471 0.43327
vt 0.24710 0.96000
vt 0.24244 0.94870
vt 0.24794 0.94149
vt 0.97055 0.31719
vt 0.97628 0.32198
vt 0.95842 0.33632
vt 0.26968 0.96202
vt 0.25963 0.96324
vt 0.24794 0.94149
vt 0.26968 0.96202
vt 0.24794 0.94149
vt 0.27807 0.95888
vt 0.25169 0.38195
vt 0.24001 0.37745
vt 0.25642 0.36811
vt 0.83418 0.91642
vt 0.84121 0.90063
vt 0.84685 0.90674
vt 0.26861 0.39629
vt 0.25169 0.38195
vt 0.28802 0.35082
vt 0.84619 0.89913
vt 0.84685 0.90674
vt 0.84121 0.90063
vt 0.83418 0.91642
vt 0.84685 0.90674
vt 0.83972 0.92071
vt 0.25169 0.38195
vt 0.25642 0.36811
vt 0.26805 0.35402
vt 0.24001 0.37745
vt 0.23795 0.39310
vt 0.23529 0.38265
vt 0.97977 0.33851
vt 0.97628 0.32198
vt 0.98291 0.32567
vt 0.24001 0.37745
vt 0.23529 0.38265
vt 0.23744 0.37646
vt 0.24992 0.09483
vt 0.25167 0.07314
vt 0.26503 0.09692
vt 0.95743 0.31931
vt 0.95268 0.30412
vt 0.96392 0.30334
vt 0.21355 0.63827
vt 0.19900 0.64229
vt 0.20200 0.62827
vt 0.24549 0.03314
vt 0.27127 0.04921
vt 0.27025 0.06362
vt 0.25167 0.07314
vt 0.25077 0.05589
vt 0.27025 0.06362
vt 0.13974 0.59194
vt 0.12267 0.60233
vt 0.11602 0.58697
vt 0.12267 0.60233
vt 0.12653 0.62242
vt 0.11188 0.61284
vt 0.12267 0.60233
vt 0.11188 0.61284
vt 0.09970 0.60550
vt 0.25891 0.10961
vt 0.26766 0.10708
vt 0.26546 0.11573
vt 0.14622 0.61949
vt 0.12267 0.60233
vt 0.14869 0.60462
vt 0.16520 0.60636
vt 0.17432 0.61170
vt 0.15396 0.61813
vt 0.15396 0.61813
vt 0.16313 0.62771
vt 0.14622 0.61949
vt 0.15396 0.61813
vt 0.14622 0.61949
vt 0.14869 0.60462
vt 0.05406 0.58444
vt 0.06219 0.59915
vt 0.04163 0.60330
vt 0.05406 0.58444
vt 0.04163 0.60330
vt 0.03819 0.58838
vt 0.07039 0.58973
vt 0.06219 0.59915
vt 0.05406 0.58444
vt 0.09970 0.60550
vt 0.07830 0.60712
vt 0.09752 0.58308
vt 0.07830 0.60712
vt 0.06219 0.59915
vt 0.07039 0.58973
vt 0.09752 0.58308
vt 0.07039 0.58973
vt 0.07540 0.57617
vt 0.09970 0.60550
vt 0.08880 0.62630
vt 0.07830 0.60712
vt 0.08880 0.62630
vt 0.06618 0.62236
vt 0.07830 0.60712
vt 0.11188 0.61284
vt 0.10269 0.63502
vt 0.08880 0.62630
vt 0.32117 0.49651
vt 0.31310 0.48921
vt 0.33198 0.47315
vt 0.65482 0.37685
vt 0.64249 0.36491
vt 0.65669 0.35709
vt 0.89537 0.54715
vt 0.91139 0.55729
vt 0.87318 0.55575
vt 0.27758 0.54882
vt 0.28504 0.52547
vt 0.28697 0.54016
vt 0.29005 0.31654
vt 0.27968 0.30857
vt 0.28788 0.31224
vt 0.53337 0.71996
vt 0.51607 0.73654
vt 0.51428 0.70387
vt 0.52362 0.74949
vt 0.51607 0.73654
vt 0.53337 0.71996
vt 0.51607 0.73654
vt 0.49670 0.74369
vt 0.50714 0.71543
vt 0.44289 0.68575
vt 0.43996 0.67695
vt 0.45008 0.67216
vt 0.43996 0.67695
vt 0.43472 0.69040
vt 0.43001 0.67824
vt 0.43472 0.69040
vt 0.42292 0.68319
vt 0.43001 0.67824
vt 0.43001 0.67824
vt 0.41526 0.67088
vt 0.42782 0.66816
vt 0.47872 0.68005
vt 0.47374 0.67462
vt 0.47563 0.66606
vt 0.47030 0.69162
vt 0.46044 0.67419
vt 0.47374 0.67462
vt 0.45015 0.69677
vt 0.44289 0.68575
vt 0.45008 0.67216
vt 0.46044 0.67419
vt 0.45008 0.67216
vt 0.45072 0.65266
vt 0.46093 0.70579
vt 0.45288 0.70350
vt 0.45015 0.69677
vt 0.47030 0.69162
vt 0.45015 0.69677
vt 0.46044 0.67419
vt 0.35228 0.67448
vt 0.34255 0.67192
vt 0.34638 0.65978
vt 0.34255 0.67192
vt 0.33109 0.66192
vt 0.34638 0.65978
vt 0.98526 0.01824
vt 0.98224 0.01143
vt 0.98944 0.00832
vt 0.98224 0.01143
vt 0.97976 0.00531
vt 0.98944 0.00832
vt 0.29663 0.04159
vt 0.28899 0.04611
vt 0.28997 0.03830
vt 0.27651 0.02644
vt 0.28675 0.01599
vt 0.28381 0.03723
vt 0.30654 0.05228
vt 0.29330 0.05948
vt 0.28899 0.04611
vt 0.37838 0.66673
vt 0.38314 0.68176
vt 0.37253 0.67426
vt 0.27250 0.01978
vt 0.28063 0.01332
vt 0.28675 0.01599
vt 0.29663 0.04159
vt 0.28997 0.03830
vt 0.29408 0.02189
vt 0.36253 0.69200
vt 0.34920 0.68691
vt 0.35228 0.67448
vt 0.37253 0.69122
vt 0.36693 0.67771
vt 0.37253 0.67426
vt 0.37253 0.69122
vt 0.36253 0.69200
vt 0.36693 0.67771
vt 0.36253 0.69200
vt 0.34967 0.70186
vt 0.34920 0.68691
vt 0.54897 0.45607
vt 0.55064 0.46686
vt 0.53471 0.46160
vt 0.84028 0.42817
vt 0.84705 0.41396
vt 0.85182 0.42483
vt 0.63959 0.89263
vt 0.63278 0.85335
vt 0.64825 0.87215
vt 0.51032 0.50637
vt 0.53375 0.50343
vt 0.52140 0.51394
vt 0.33639 0.88612
vt 0.32203 0.85391
vt 0.35037 0.86632
vt 0.36738 0.61694
vt 0.35853 0.60981
vt 0.36259 0.59644
vt 0.36738 0.61694
vt 0.34772 0.62433
vt 0.35853 0.60981
vt 0.34772 0.62433
vt 0.34051 0.61234
vt 0.34890 0.60356
vt 0.36259 0.59644
vt 0.35853 0.60981
vt 0.35760 0.59543
vt 0.37723 0.60267
vt 0.36259 0.59644
vt 0.37274 0.58627
vt 0.39236 0.59761
vt 0.39330 0.61163
vt 0.38474 0.60584
vt 0.37803 0.61605
vt 0.36738 0.61694
vt 0.37723 0.60267
vt 0.38474 0.60584
vt 0.37723 0.60267
vt 0.38135 0.58540
vt 0.34610 0.03748
vt 0.34464 0.04651
vt 0.33321 0.04893
vt 0.33321 0.04893
vt 0.32730 0.03646
vt 0.34610 0.03748
vt 0.34464 0.04651
vt 0.33816 0.05012
vt 0.33321 0.04893
vt 0.30654 0.05228
vt 0.29663 0.04159
vt 0.32730 0.03646
vt 0.18428 0.95711
vt 0.16557 0.94784
vt 0.18288 0.94132
vt 0.16557 0.94784
vt 0.16176 0.96086
vt 0.15436 0.95615
vt 0.15436 0.95615
vt 0.14117 0.95883
vt 0.15599 0.94005
vt 0.16557 0.94784
vt 0.15436 0.95615
vt 0.15599 0.94005
vt 0.90683 0.89617
vt 0.91075 0.88765
vt 0.91568 0.90919
vt 0.17820 0.96059
vt 0.17020 0.95730
vt 0.18428 0.95711
vt 0.91364 0.92438
vt 0.91568 0.90919
vt 0.92508 0.92572
vt 0.91568 0.90919
vt 0.91814 0.87700
vt 0.93453 0.89280
vt 0.91568 0.90919
vt 0.91075 0.88765
vt 0.91814 0.87700
vt 0.61324 0.44842
vt 0.60846 0.41977
vt 0.61885 0.43400
vt 0.63578 0.43207
vt 0.63271 0.41712
vt 0.65165 0.42414
vt 0.65165 0.42414
vt 0.64293 0.44410
vt 0.63578 0.43207
vt 0.59988 0.41736
vt 0.58441 0.43132
vt 0.58242 0.41878
vt 0.63578 0.43207
vt 0.63014 0.44093
vt 0.61885 0.43400
vt 0.65831 0.47050
vt 0.67151 0.46053
vt 0.66805 0.47848
vt 0.57981 0.45388
vt 0.58441 0.43132
vt 0.59962 0.44784
vt 0.70096 0.06706
vt 0.71984 0.07501
vt 0.70885 0.08616
vt 0.31957 0.75053
vt 0.30427 0.75139
vt 0.32243 0.73384
vt 0.32186 0.76676
vt 0.30738 0.77353
vt 0.31957 0.75053
vt 0.69121 0.02612
vt 0.70474 0.03063
vt 0.70352 0.05135
vt 0.69121 0.02612
vt 0.71227 0.01747
vt 0.70474 0.03063
vt 0.33502 0.69335
vt 0.31325 0.71837
vt 0.31114 0.68683
vt 0.34162 0.71570
vt 0.31325 0.71837
vt 0.33502 0.69335
vt 0.34162 0.71570
vt 0.32243 0.73384
vt 0.31325 0.71837
vt 0.33873 0.74335
vt 0.32243 0.73384
vt 0.34162 0.71570
vt 0.92944 0.86089
vt 0.93976 0.84676
vt 0.94836 0.86427
vt 0.15730 0.40638
vt 0.15969 0.41967
vt 0.15383 0.39983
vt 0.91548 0.85552
vt 0.90991 0.84876
vt 0.91634 0.84852
vt 0.91634 0.84852
vt 0.91610 0.84044
vt 0.92453 0.83988
vt 0.91634 0.84852
vt 0.92453 0.83988
vt 0.92944 0.86089
vt 0.41461 0.92432
vt 0.40301 0.92767
vt 0.41265 0.91429
vt 0.40301 0.92767
vt 0.39459 0.91948
vt 0.41265 0.91429
vt 0.38523 0.91546
vt 0.38105 0.90511
vt 0.40105 0.90725
vt 0.39459 0.91948
vt 0.38523 0.91546
vt 0.40105 0.90725
vt 0.41265 0.91429
vt 0.40105 0.90725
vt 0.41052 0.90209
vt 0.41057 0.87316
vt 0.38618 0.88719
vt 0.38757 0.86944
vt 0.41057 0.87316
vt 0.38757 0.86944
vt 0.40304 0.86251
vt 0.40105 0.90725
vt 0.38618 0.88719
vt 0.40742 0.89102
vt 0.38757 0.86944
vt 0.38618 0.88719
vt 0.35037 0.86632
vt 0.40105 0.90725
vt 0.38105 0.90511
vt 0.38618 0.88719
vt 0.56930 0.51941
vt 0.58010 0.50802
vt 0.57804 0.52373
vt 0.22482 0.50408
vt 0.25238 0.49057
vt 0.24845 0.50706
vt 0.58010 0.50802
vt 0.60156 0.50357
vt 0.58958 0.53131
vt 0.57804 0.52373
vt 0.58958 0.53131
vt 0.57789 0.53874
vt 0.52049 0.42346
vt 0.53018 0.41260
vt 0.53568 0.42076
vt 0.53268 0.40111
vt 0.54299 0.39114
vt 0.54409 0.40969
vt 0.52049 0.42346
vt 0.53568 0.42076
vt 0.53375 0.43816
vt 0.55447 0.35655
vt 0.55490 0.37214
vt 0.55198 0.37772
vt 0.58089 0.46798
vt 0.57981 0.45388
vt 0.59008 0.46146
vt 0.57981 0.45388
vt 0.59962 0.44784
vt 0.59008 0.46146
vt 0.58088 0.47549
vt 0.59008 0.46146
vt 0.59454 0.48256
vt 0.58088 0.47549
vt 0.59454 0.48256
vt 0.58448 0.48906
vt 0.66780 0.38554
vt 0.67416 0.37226
vt 0.68244 0.39261
vt 0.65887 0.40066
vt 0.66780 0.38554
vt 0.68244 0.39261
vt 0.64249 0.36491
vt 0.63946 0.39347
vt 0.61897 0.37710
vt 0.64249 0.36491
vt 0.65482 0.37685
vt 0.63946 0.39347
vt 0.72220 0.37637
vt 0.70692 0.37718
vt 0.70796 0.34930
vt 0.63946 0.39347
vt 0.65482 0.37685
vt 0.65887 0.40066
vt 0.63946 0.39347
vt 0.62157 0.40419
vt 0.61897 0.37710
vt 0.65669 0.35709
vt 0.67173 0.34788
vt 0.66606 0.35740
vt 0.40457 0.58387
vt 0.40119 0.58947
vt 0.39197 0.58385
vt 0.40457 0.58387
vt 0.39197 0.58385
vt 0.40310 0.57585
vt 0.39236 0.59761
vt 0.38135 0.58540
vt 0.39197 0.58385
vt 0.93315 0.96852
vt 0.94253 0.97308
vt 0.93946 0.98738
vt 0.81804 0.28003
vt 0.80684 0.28818
vt 0.79604 0.27673
vt 0.81804 0.28003
vt 0.79604 0.27673
vt 0.81639 0.26696
vt 0.83081 0.48646
vt 0.81374 0.48363
vt 0.82576 0.47658
vt 0.18979 0.92048
vt 0.19264 0.91387
vt 0.20489 0.90952
vt 0.94253 0.97308
vt 0.94841 0.97534
vt 0.93946 0.98738
vt 0.90631 0.96717
vt 0.91441 0.94921
vt 0.92221 0.97141
vt 0.90631 0.96717
vt 0.92221 0.97141
vt 0.90828 0.98570
vt 0.92221 0.97141
vt 0.91441 0.94921
vt 0.92522 0.94847
vt 0.92221 0.97141
vt 0.92522 0.94847
vt 0.92753 0.96103
vt 0.21569 0.93321
vt 0.20469 0.94090
vt 0.21278 0.91936
vt 0.92753 0.96103
vt 0.93315 0.96852
vt 0.92221 0.97141
vt 0.21569 0.93321
vt 0.21278 0.91936
vt 0.22296 0.92558
vt 0.92221 0.97141
vt 0.93315 0.96852
vt 0.93946 0.98738
vt 0.92508 0.92572
vt 0.93072 0.93041
vt 0.92522 0.94847
vt 0.92508 0.92572
vt 0.93327 0.91951
vt 0.93072 0.93041
vt 0.92522 0.94847
vt 0.93072 0.93041
vt 0.93066 0.93947
vt 0.96987 0.44278
vt 0.98295 0.41953
vt 0.98857 0.43009
vt 0.20277 0.48099
vt 0.20934 0.46103
vt 0.22393 0.46144
vt 0.39394 0.71636
vt 0.38172 0.73773
vt 0.37721 0.72098
vt 0.39557 0.74083
vt 0.38172 0.73773
vt 0.39394 0.71636
vt 0.53375 0.43816
vt 0.54403 0.42590
vt 0.54511 0.43988
vt 0.21897 0.49558
vt 0.20277 0.48099
vt 0.22393 0.46144
vt 0.55198 0.37772
vt 0.55490 0.37214
vt 0.55489 0.37655
vt 0.51958 0.48261
vt 0.49639 0.48672
vt 0.49745 0.47192
vt 0.52804 0.18769
vt 0.54652 0.18052
vt 0.53689 0.20251
vt 0.25863 0.46604
vt 0.28529 0.48089
vt 0.25238 0.49057
vt 0.44495 0.03306
vt 0.46284 0.02134
vt 0.45951 0.03423
vt 0.69218 0.15573
vt 0.69989 0.17389
vt 0.68771 0.16933
vt 0.27555 0.69125
vt 0.27059 0.70724
vt 0.24144 0.71848
vt 0.86035 0.87369
vt 0.85662 0.85870
vt 0.86476 0.86963
vt 0.39394 0.71636
vt 0.37908 0.70846
vt 0.39300 0.69625
vt 0.57567 0.82109
vt 0.59112 0.81436
vt 0.57920 0.82954
vt 0.59112 0.81436
vt 0.60324 0.82374
vt 0.58533 0.83518
vt 0.59112 0.81436
vt 0.58533 0.83518
vt 0.57920 0.82954
vt 0.57092 0.81497
vt 0.57567 0.82109
vt 0.56088 0.82709
vt 0.35037 0.86632
vt 0.34596 0.84760
vt 0.37271 0.84959
vt 0.56869 0.30574
vt 0.58596 0.29857
vt 0.59624 0.31739
vt 0.37908 0.70846
vt 0.37253 0.69122
vt 0.39300 0.69625
vt 0.60980 0.80720
vt 0.61852 0.81824
vt 0.60324 0.82374
vt 0.48671 0.61129
vt 0.46466 0.61025
vt 0.46328 0.59656
vt 0.48230 0.64108
vt 0.47541 0.64598
vt 0.47010 0.63251
vt 0.48230 0.64108
vt 0.47010 0.63251
vt 0.46466 0.61025
vt 0.86199 0.74292
vt 0.87215 0.74685
vt 0.85563 0.76395
vt 0.96366 0.47546
vt 0.96539 0.45796
vt 0.98283 0.48918
vt 0.96539 0.45796
vt 0.96987 0.44278
vt 0.98756 0.46747
vt 0.19512 0.45152
vt 0.20578 0.44503
vt 0.20934 0.46103
vt 0.18840 0.48360
vt 0.19521 0.51342
vt 0.18216 0.51182
vt 0.37721 0.72098
vt 0.36353 0.72906
vt 0.36926 0.70488
vt 0.42790 0.78534
vt 0.41730 0.78434
vt 0.42980 0.77617
vt 0.47374 0.67462
vt 0.46044 0.67419
vt 0.47563 0.66606
vt 0.47563 0.66606
vt 0.46317 0.64121
vt 0.47541 0.64598
vt 0.78253 0.26495
vt 0.77302 0.25774
vt 0.78702 0.24140
vt 0.45391 0.99317
vt 0.43944 0.98321
vt 0.45159 0.98391
vt 0.86376 0.92368
vt 0.85526 0.91868
vt 0.86611 0.91424
vt 0.43965 0.99143
vt 0.43944 0.98321
vt 0.45391 0.99317
vt 0.42790 0.78534
vt 0.42980 0.77617
vt 0.43345 0.79601
vt 0.47210 0.79025
vt 0.46316 0.78656
vt 0.45669 0.77339
vt 0.87255 0.04381
vt 0.87773 0.05636
vt 0.86327 0.05467
vt 0.46316 0.78656
vt 0.44519 0.77815
vt 0.45669 0.77339
vt 0.45822 0.80633
vt 0.44519 0.77815
vt 0.46316 0.78656
vt 0.87588 0.07136
vt 0.85755 0.08088
vt 0.86327 0.05467
vt 0.45822 0.80633
vt 0.44420 0.81377
vt 0.44519 0.77815
vt 0.88767 0.10944
vt 0.87385 0.12566
vt 0.86766 0.09871
vt 0.87060 0.14613
vt 0.86351 0.12927
vt 0.87385 0.12566
vt 0.87588 0.07136
vt 0.86766 0.09871
vt 0.85755 0.08088
vt 0.45923 0.76207
vt 0.44943 0.75043
vt 0.46249 0.74154
vt 0.71065 0.80937
vt 0.71979 0.80401
vt 0.71975 0.81448
vt 0.45923 0.76207
vt 0.46249 0.74154
vt 0.47537 0.75143
vt 0.71975 0.81448
vt 0.74094 0.80734
vt 0.74169 0.81808
vt 0.70261 0.81516
vt 0.71975 0.81448
vt 0.71609 0.83029
vt 0.70261 0.81516
vt 0.71065 0.80937
vt 0.71975 0.81448
vt 0.45669 0.77339
vt 0.45923 0.76207
vt 0.47537 0.75143
vt 0.18858 0.55231
vt 0.17514 0.56710
vt 0.16938 0.54474
vt 0.63271 0.41712
vt 0.62157 0.40419
vt 0.63946 0.39347
vt 0.31626 0.97574
vt 0.33594 0.98432
vt 0.33219 0.99204
vt 0.74384 0.77911
vt 0.74094 0.80734
vt 0.72774 0.80039
vt 0.51102 0.25049
vt 0.51176 0.26076
vt 0.50706 0.26960
vt 0.71979 0.80401
vt 0.72124 0.79552
vt 0.72774 0.80039
vt 0.31380 0.98248
vt 0.31626 0.97574
vt 0.32146 0.99599
vt 0.77342 0.77095
vt 0.77734 0.78978
vt 0.76180 0.78891
vt 0.76242 0.76240
vt 0.76180 0.78891
vt 0.74384 0.77911
vt 0.75282 0.78634
vt 0.74384 0.77911
vt 0.76180 0.78891
vt 0.78422 0.75952
vt 0.77734 0.78978
vt 0.77342 0.77095
vt 0.36011 0.02117
vt 0.36514 0.01615
vt 0.37008 0.02754
vt 0.21897 0.55105
vt 0.21569 0.53023
vt 0.23143 0.53468
vt 0.23468 0.54539
vt 0.23143 0.53468
vt 0.24339 0.53312
vt 0.23468 0.54539
vt 0.21897 0.55105
vt 0.23143 0.53468
vt 0.25601 0.54831
vt 0.23468 0.54539
vt 0.24339 0.53312
vt 0.21569 0.53023
vt 0.19260 0.52898
vt 0.21239 0.51388
vt 0.39981 0.78322
vt 0.38993 0.75714
vt 0.39557 0.74083
vt 0.41734 0.76496
vt 0.39557 0.74083
vt 0.40927 0.73607
vt 0.22482 0.50408
vt 0.23083 0.51976
vt 0.21239 0.51388
vt 0.53471 0.46160
vt 0.51582 0.44627
vt 0.53375 0.43816
vt 0.38893 0.49915
vt 0.34948 0.50137
vt 0.37831 0.48510
vt 0.41945 0.48931
vt 0.40041 0.48652
vt 0.42024 0.47432
vt 0.38893 0.49915
vt 0.37831 0.48510
vt 0.40041 0.48652
vt 0.25636 0.52394
vt 0.24845 0.50706
vt 0.25838 0.51220
vt 0.43533 0.75875
vt 0.41734 0.76496
vt 0.41817 0.73545
vt 0.42980 0.77617
vt 0.41734 0.76496
vt 0.43533 0.75875
vt 0.41030 0.28052
vt 0.40799 0.30702
vt 0.39766 0.29937
vt 0.40705 0.80440
vt 0.38742 0.81112
vt 0.40509 0.79399
vt 0.40509 0.79399
vt 0.38601 0.79431
vt 0.39981 0.78322
vt 0.40836 0.76346
vt 0.40509 0.79399
vt 0.39981 0.78322
vt 0.41730 0.78434
vt 0.40836 0.76346
vt 0.41734 0.76496
vt 0.27758 0.54882
vt 0.25892 0.53360
vt 0.28504 0.52547
vt 0.25892 0.53360
vt 0.25636 0.52394
vt 0.25838 0.51220
vt 0.25892 0.53360
vt 0.25838 0.51220
vt 0.26814 0.50517
vt 0.28504 0.52547
vt 0.26814 0.50517
vt 0.29045 0.50872
vt 0.29408 0.53703
vt 0.29045 0.50872
vt 0.30924 0.50879
vt 0.66539 0.91784
vt 0.67867 0.91047
vt 0.68516 0.91850
vt 0.25077 0.05589
vt 0.25167 0.07314
vt 0.23643 0.05975
vt 0.42292 0.68319
vt 0.42313 0.71123
vt 0.40735 0.69367
vt 0.42313 0.71123
vt 0.43472 0.69040
vt 0.44334 0.71254
vt 0.44334 0.71254
vt 0.43472 0.69040
vt 0.45015 0.69677
vt 0.78253 0.26495
vt 0.78908 0.29109
vt 0.77068 0.28884
vt 0.73072 0.89813
vt 0.73062 0.92310
vt 0.71040 0.92610
vt 0.37923 0.98271
vt 0.36714 0.96867
vt 0.38448 0.97527
vt 0.87060 0.14613
vt 0.87422 0.16513
vt 0.86208 0.16213
vt 0.87060 0.14613
vt 0.86208 0.16213
vt 0.86005 0.14673
vt 0.87385 0.12566
vt 0.88287 0.14216
vt 0.87060 0.14613
vt 0.88287 0.14216
vt 0.88579 0.17183
vt 0.87060 0.14613
vt 0.37923 0.98271
vt 0.36343 0.99119
vt 0.35836 0.98362
vt 0.86597 0.20321
vt 0.87738 0.21254
vt 0.86990 0.20983
vt 0.51045 0.84186
vt 0.51228 0.82802
vt 0.52402 0.84457
vt 0.50213 0.83993
vt 0.51045 0.84186
vt 0.50065 0.84713
vt 0.53571 0.83774
vt 0.54806 0.83797
vt 0.54232 0.85221
vt 0.54806 0.83797
vt 0.56266 0.85531
vt 0.54232 0.85221
vt 0.52818 0.83039
vt 0.53685 0.82151
vt 0.53571 0.83774
vt 0.53685 0.82151
vt 0.54715 0.82385
vt 0.53571 0.83774
vt 0.53978 0.80583
vt 0.55062 0.81207
vt 0.53685 0.82151
vt 0.55941 0.81593
vt 0.57092 0.81497
vt 0.56088 0.82709
vt 0.55941 0.81593
vt 0.56088 0.82709
vt 0.54715 0.82385
vt 0.57567 0.82109
vt 0.57920 0.82954
vt 0.56088 0.82709
vt 0.56088 0.82709
vt 0.56143 0.83786
vt 0.54806 0.83797
vt 0.63872 0.82850
vt 0.66037 0.81468
vt 0.65425 0.83783
vt 0.66037 0.81468
vt 0.66690 0.82555
vt 0.65425 0.83783
vt 0.65425 0.83783
vt 0.66690 0.82555
vt 0.66808 0.84604
vt 0.65706 0.78984
vt 0.63545 0.80634
vt 0.63535 0.78844
vt 0.63545 0.80634
vt 0.65706 0.78984
vt 0.66162 0.80154
vt 0.63622 0.81469
vt 0.63545 0.80634
vt 0.66037 0.81468
vt 0.63545 0.80634
vt 0.63622 0.81469
vt 0.61852 0.81824
vt 0.82861 0.77949
vt 0.82406 0.78557
vt 0.80720 0.79629
vt 0.47473 0.56441
vt 0.46780 0.57067
vt 0.46261 0.55747
vt 0.78422 0.75952
vt 0.79964 0.75032
vt 0.80718 0.75933
vt 0.78422 0.75952
vt 0.80718 0.75933
vt 0.80173 0.78060
vt 0.79964 0.75032
vt 0.81508 0.74423
vt 0.80718 0.75933
vt 0.81292 0.76898
vt 0.82861 0.77949
vt 0.80720 0.79629
vt 0.80718 0.75933
vt 0.81292 0.76898
vt 0.80173 0.78060
vt 0.81292 0.76898
vt 0.80720 0.79629
vt 0.80173 0.78060
vt 0.77734 0.78978
vt 0.78422 0.75952
vt 0.80173 0.78060
vt 0.80718 0.75933
vt 0.82387 0.73905
vt 0.83709 0.74787
vt 0.81508 0.74423
vt 0.82387 0.73905
vt 0.80718 0.75933
vt 0.82387 0.73905
vt 0.84784 0.72531
vt 0.83709 0.74787
vt 0.83709 0.74787
vt 0.85563 0.76395
vt 0.84857 0.77205
vt 0.83709 0.74787
vt 0.84857 0.77205
vt 0.82861 0.77949
vt 0.44206 0.85143
vt 0.42758 0.86247
vt 0.42409 0.85397
vt 0.65343 0.04797
vt 0.68272 0.06342
vt 0.66915 0.07764
vt 0.27617 0.46144
vt 0.28529 0.48089
vt 0.25863 0.46604
vt 0.54652 0.18052
vt 0.59679 0.19655
vt 0.56178 0.21789
vt 0.57826 0.58001
vt 0.58690 0.58988
vt 0.57756 0.60847
vt 0.60190 0.61459
vt 0.58718 0.63494
vt 0.57756 0.60847
vt 0.96700 0.84242
vt 0.98032 0.84587
vt 0.96088 0.86152
vt 0.58596 0.29857
vt 0.60591 0.30261
vt 0.59624 0.31739
vt 0.22075 0.44966
vt 0.22504 0.43886
vt 0.24083 0.44945
vt 0.22075 0.44966
vt 0.20587 0.43313
vt 0.22504 0.43886
vt 0.98578 0.39815
vt 0.97549 0.40431
vt 0.98494 0.39113
vt 0.89159 0.63087
vt 0.89590 0.64039
vt 0.88373 0.64512
vt 0.88373 0.64512
vt 0.89165 0.65453
vt 0.87635 0.65307
vt 0.87674 0.63654
vt 0.88373 0.64512
vt 0.87635 0.65307
vt 0.52365 0.69579
vt 0.51428 0.70387
vt 0.51863 0.68875
vt 0.52865 0.70584
vt 0.51428 0.70387
vt 0.52365 0.69579
vt 0.51428 0.70387
vt 0.50692 0.70231
vt 0.50842 0.69400
vt 0.89165 0.65453
vt 0.89313 0.65880
vt 0.87927 0.65983
vt 0.87635 0.65307
vt 0.89165 0.65453
vt 0.87927 0.65983
vt 0.77810 0.69669
vt 0.75709 0.70456
vt 0.76527 0.68905
vt 0.78714 0.66561
vt 0.78893 0.67787
vt 0.76527 0.68905
vt 0.79224 0.69966
vt 0.77810 0.69669
vt 0.79515 0.68443
vt 0.79515 0.68443
vt 0.80544 0.68570
vt 0.79224 0.69966
vt 0.52319 0.11021
vt 0.50278 0.11693
vt 0.50523 0.10639
vt 0.79224 0.69966
vt 0.79603 0.70529
vt 0.77920 0.71153
vt 0.50523 0.10639
vt 0.51702 0.08961
vt 0.52319 0.11021
vt 0.52319 0.11021
vt 0.51702 0.08961
vt 0.53081 0.08514
vt 0.25368 0.16003
vt 0.25555 0.17576
vt 0.24708 0.16688
vt 0.51702 0.08961
vt 0.50523 0.10639
vt 0.50300 0.09739
vt 0.64492 0.72325
vt 0.62470 0.72830
vt 0.64574 0.70013
vt 0.64492 0.72325
vt 0.64566 0.73288
vt 0.63793 0.73156
vt 0.64492 0.72325
vt 0.63793 0.73156
vt 0.62470 0.72830
vt 0.62470 0.72830
vt 0.61460 0.74702
vt 0.60643 0.73466
vt 0.60797 0.72017
vt 0.60643 0.73466
vt 0.58717 0.73276
vt 0.68214 0.70268
vt 0.66392 0.72032
vt 0.65249 0.71049
vt 0.68671 0.71146
vt 0.67602 0.72449
vt 0.66392 0.72032
vt 0.66392 0.72032
vt 0.64566 0.73288
vt 0.64492 0.72325
vt 0.65249 0.71049
vt 0.64492 0.72325
vt 0.64574 0.70013
vt 0.95553 0.22186
vt 0.93477 0.18180
vt 0.95005 0.18174
vt 0.92598 0.19284
vt 0.91743 0.17594
vt 0.93477 0.18180
vt 0.91743 0.17594
vt 0.93228 0.16609
vt 0.93477 0.18180
vt 0.94066 0.21767
vt 0.92598 0.19284
vt 0.93477 0.18180
vt 0.92598 0.19284
vt 0.91525 0.20056
vt 0.91249 0.18615
vt 0.93477 0.18180
vt 0.93228 0.16609
vt 0.95005 0.18174
vt 0.92278 0.06202
vt 0.92182 0.04706
vt 0.93219 0.05912
vt 0.51673 0.77723
vt 0.50463 0.76390
vt 0.52362 0.74949
vt 0.51673 0.77723
vt 0.50717 0.78230
vt 0.50463 0.76390
vt 0.51205 0.79623
vt 0.48520 0.77862
vt 0.50717 0.78230
vt 0.46658 0.81001
vt 0.44420 0.81377
vt 0.45822 0.80633
vt 0.48787 0.81760
vt 0.47144 0.81638
vt 0.47210 0.79025
vt 0.93531 0.28899
vt 0.92701 0.29399
vt 0.92588 0.28452
vt 0.56881 0.74325
vt 0.58416 0.74968
vt 0.55773 0.76459
vt 0.92701 0.29399
vt 0.91307 0.27674
vt 0.92588 0.28452
vt 0.58717 0.73276
vt 0.58416 0.74968
vt 0.56881 0.74325
vt 0.56706 0.73840
vt 0.58717 0.73276
vt 0.56881 0.74325
vt 0.96068 0.18427
vt 0.95553 0.22186
vt 0.95005 0.18174
vt 0.94155 0.27046
vt 0.91087 0.25694
vt 0.92580 0.24694
vt 0.94155 0.27046
vt 0.92588 0.28452
vt 0.91087 0.25694
vt 0.91087 0.25694
vt 0.91009 0.23224
vt 0.92580 0.24694
vt 0.64574 0.70013
vt 0.70564 0.69531
vt 0.68214 0.70268
vt 0.74130 0.69885
vt 0.72769 0.71757
vt 0.72230 0.69496
vt 0.72230 0.69496
vt 0.72769 0.71757
vt 0.70477 0.71701
vt 0.74130 0.69885
vt 0.74475 0.71233
vt 0.72769 0.71757
vt 0.80843 0.66699
vt 0.79515 0.68443
vt 0.78893 0.67787
vt 0.80843 0.66699
vt 0.78893 0.67787
vt 0.78714 0.66561
vt 0.85400 0.64238
vt 0.84782 0.66213
vt 0.84589 0.64563
vt 0.82497 0.64637
vt 0.84019 0.65184
vt 0.82225 0.67190
vt 0.86529 0.65671
vt 0.87927 0.65983
vt 0.86291 0.68878
vt 0.86529 0.65671
vt 0.86291 0.68878
vt 0.85234 0.68300
vt 0.84782 0.66213
vt 0.84850 0.67725
vt 0.83513 0.67072
vt 0.86529 0.65671
vt 0.84850 0.67725
vt 0.84782 0.66213
vt 0.95046 0.09464
vt 0.94975 0.07276
vt 0.96316 0.10124
vt 0.95965 0.12928
vt 0.95056 0.10942
vt 0.96316 0.10124
vt 0.24083 0.44945
vt 0.22504 0.43886
vt 0.24833 0.42906
vt 0.94274 0.13218
vt 0.93499 0.10421
vt 0.95056 0.10942
vt 0.68516 0.91850
vt 0.67496 0.92631
vt 0.66539 0.91784
vt 0.24833 0.42906
vt 0.22327 0.42657
vt 0.23933 0.41863
vt 0.23933 0.41863
vt 0.22327 0.42657
vt 0.22007 0.41427
vt 0.23933 0.41863
vt 0.22007 0.41427
vt 0.22941 0.40581
vt 0.23933 0.41863
vt 0.22941 0.40581
vt 0.24655 0.39907
vt 0.32463 0.42273
vt 0.30764 0.41992
vt 0.34027 0.40830
vt 0.31914 0.38152
vt 0.34832 0.39111
vt 0.31925 0.39724
vt 0.34027 0.40830
vt 0.31925 0.39724
vt 0.34832 0.39111
vt 0.76989 0.89681
vt 0.75504 0.88105
vt 0.78495 0.88084
vt 0.78466 0.89740
vt 0.76989 0.89681
vt 0.78495 0.88084
vt 0.78495 0.88084
vt 0.75504 0.88105
vt 0.77495 0.87733
vt 0.55702 0.38282
vt 0.55304 0.39435
vt 0.54299 0.39114
vt 0.18840 0.48360
vt 0.20277 0.48099
vt 0.19521 0.51342
vt 0.63271 0.41712
vt 0.63946 0.39347
vt 0.65165 0.42414
vt 0.21239 0.51388
vt 0.19260 0.52898
vt 0.19521 0.51342
vt 0.63313 0.36365
vt 0.61897 0.37710
vt 0.62188 0.36464
vt 0.65887 0.40066
vt 0.67756 0.40567
vt 0.66926 0.42367
vt 0.18738 0.08122
vt 0.19468 0.04620
vt 0.21006 0.06628
vt 0.39164 0.46122
vt 0.38077 0.46367
vt 0.37368 0.44092
vt 0.33601 0.44146
vt 0.35510 0.44373
vt 0.33198 0.47315
vt 0.33198 0.47315
vt 0.35510 0.44373
vt 0.34985 0.48593
vt 0.67416 0.37226
vt 0.66780 0.38554
vt 0.65669 0.35709
vt 0.22105 0.02601
vt 0.24122 0.01866
vt 0.24549 0.03314
vt 0.26814 0.50517
vt 0.25238 0.49057
vt 0.28529 0.48089
vt 0.25863 0.46604
vt 0.25238 0.49057
vt 0.24491 0.47406
vt 0.24549 0.03314
vt 0.23285 0.04143
vt 0.22105 0.02601
vt 0.24122 0.01866
vt 0.25822 0.02361
vt 0.24549 0.03314
vt 0.04703 0.40061
vt 0.03722 0.39638
vt 0.05668 0.39467
vt 0.03722 0.39638
vt 0.06306 0.38429
vt 0.05668 0.39467
vt 0.05668 0.39467
vt 0.06306 0.38429
vt 0.06346 0.40010
vt 0.02422 0.77440
vt 0.02263 0.77960
vt 0.01792 0.77347
vt 0.03172 0.77457
vt 0.02263 0.77960
vt 0.02422 0.77440
vt 0.03799 0.78339
vt 0.02263 0.77960
vt 0.03172 0.77457
vt 0.02745 0.41188
vt 0.02210 0.40688
vt 0.03722 0.39638
vt 0.02210 0.40688
vt 0.02005 0.39999
vt 0.03722 0.39638
vt 0.10410 0.36208
vt 0.09049 0.36167
vt 0.10472 0.35492
vt 0.06306 0.38429
vt 0.07523 0.36750
vt 0.08541 0.37612
vt 0.08541 0.37612
vt 0.07523 0.36750
vt 0.09049 0.36167
vt 0.01940 0.96219
vt 0.02167 0.98613
vt 0.01461 0.97542
vt 0.06306 0.38429
vt 0.06315 0.36397
vt 0.07523 0.36750
vt 0.05736 0.85191
vt 0.06653 0.84652
vt 0.07344 0.85456
vt 0.81061 0.90763
vt 0.80872 0.89279
vt 0.82363 0.89314
vt 0.72317 0.87432
vt 0.72232 0.86763
vt 0.73648 0.86005
vt 0.72317 0.87432
vt 0.71404 0.86722
vt 0.72232 0.86763
vt 0.06253 0.98110
vt 0.05090 0.99231
vt 0.04558 0.98752
vt 0.06253 0.98110
vt 0.04558 0.98752
vt 0.04861 0.96688
vt 0.73013 0.88394
vt 0.70401 0.87380
vt 0.72317 0.87432
vt 0.44406 0.43400
vt 0.44033 0.42270
vt 0.45657 0.41471
vt 0.73013 0.88394
vt 0.72317 0.87432
vt 0.75504 0.88105
vt 0.43686 0.45488
vt 0.42476 0.43802
vt 0.44040 0.44303
vt 0.06823 0.86803
vt 0.07767 0.88891
vt 0.06534 0.89327
vt 0.06823 0.86803
vt 0.06534 0.89327
vt 0.04053 0.87879
vt 0.06253 0.98110
vt 0.06262 0.99192
vt 0.05090 0.99231
vt 0.19755 0.70008
vt 0.18889 0.70124
vt 0.19864 0.69010
vt 0.03890 0.89292
vt 0.03180 0.90186
vt 0.03068 0.88814
vt 0.98492 0.40743
vt 0.97549 0.40431
vt 0.98578 0.39815
vt 0.20578 0.44503
vt 0.19512 0.45152
vt 0.20347 0.44191
vt 0.98596 0.42106
vt 0.98857 0.43009
vt 0.98295 0.41953
vt 0.98295 0.41953
vt 0.97549 0.40431
vt 0.98492 0.40743
vt 0.96987 0.44278
vt 0.97549 0.40431
vt 0.98295 0.41953
vt 0.19512 0.45152
vt 0.19179 0.46287
vt 0.19007 0.45640
vt 0.12403 0.34561
vt 0.11503 0.33232
vt 0.12636 0.33386
vt 0.28013 0.28603
vt 0.29117 0.29312
vt 0.27968 0.30857
vt 0.13437 0.33751
vt 0.12403 0.34561
vt 0.12636 0.33386
vt 0.10906 0.34575
vt 0.10472 0.35492
vt 0.09708 0.34529
vt 0.19988 0.29505
vt 0.18098 0.30845
vt 0.18689 0.28724
vt 0.15650 0.31431
vt 0.13993 0.30157
vt 0.16763 0.29049
vt 0.27654 0.90888
vt 0.24794 0.94149
vt 0.25628 0.91706
vt 0.27654 0.90888
vt 0.29535 0.95255
vt 0.24794 0.94149
vt 0.97549 0.40431
vt 0.95161 0.40392
vt 0.95541 0.37865
vt 0.20422 0.31091
vt 0.18098 0.30845
vt 0.19988 0.29505
vt 0.96987 0.44278
vt 0.96539 0.45796
vt 0.95921 0.44225
vt 0.22785 0.30704
vt 0.20422 0.31091
vt 0.21731 0.29665
vt 0.02167 0.93098
vt 0.04382 0.93807
vt 0.02164 0.94824
vt 0.44079 0.34738
vt 0.41557 0.35729
vt 0.42855 0.34111
vt 0.15751 0.34699
vt 0.13437 0.33751
vt 0.13863 0.32183
vt 0.15751 0.34699
vt 0.13863 0.32183
vt 0.17496 0.32685
vt 0.43896 0.37009
vt 0.41557 0.35729
vt 0.44079 0.34738
vt 0.13437 0.33751
vt 0.12636 0.33386
vt 0.13863 0.32183
vt 0.12636 0.33386
vt 0.11503 0.33232
vt 0.13863 0.32183
vt 0.15406 0.83764
vt 0.15171 0.85443
vt 0.12908 0.84668
vt 0.18417 0.86564
vt 0.18896 0.88691
vt 0.16863 0.88976
vt 0.22785 0.30704
vt 0.21731 0.29665
vt 0.23631 0.28660
vt 0.20443 0.88669
vt 0.19121 0.90077
vt 0.18896 0.88691
vt 0.18896 0.88691
vt 0.19121 0.90077
vt 0.16863 0.88976
vt 0.44856 0.33987
vt 0.44079 0.34738
vt 0.44022 0.33075
vt 0.13907 0.83263
vt 0.12908 0.84668
vt 0.13037 0.82362
vt 0.42855 0.34111
vt 0.42502 0.32212
vt 0.44022 0.33075
vt 0.42502 0.32212
vt 0.40581 0.33173
vt 0.41512 0.31020
vt 0.48284 0.40030
vt 0.46693 0.39910
vt 0.47041 0.39296
vt 0.45657 0.41471
vt 0.45919 0.39919
vt 0.46693 0.39910
vt 0.47580 0.40931
vt 0.45657 0.41471
vt 0.46693 0.39910
vt 0.78495 0.88084
vt 0.78116 0.86117
vt 0.80029 0.86658
vt 0.48308 0.39024
vt 0.47041 0.39296
vt 0.48367 0.38254
vt 0.47041 0.39296
vt 0.47012 0.37947
vt 0.47938 0.37730
vt 0.22482 0.50408
vt 0.21239 0.51388
vt 0.21897 0.49558
vt 0.21897 0.49558
vt 0.19521 0.51342
vt 0.20277 0.48099
vt 0.96987 0.44278
vt 0.98857 0.43009
vt 0.99142 0.44016
vt 0.63946 0.39347
vt 0.65887 0.40066
vt 0.65165 0.42414
vt 0.40633 0.24521
vt 0.41181 0.23711
vt 0.42573 0.24255
vt 0.33601 0.44146
vt 0.32062 0.45370
vt 0.33049 0.43357
vt 0.42573 0.24255
vt 0.44211 0.24619
vt 0.44293 0.26102
vt 0.58671 0.22587
vt 0.61344 0.20797
vt 0.60894 0.22938
vt 0.33759 0.20774
vt 0.34229 0.21836
vt 0.32195 0.24533
vt 0.85182 0.42483
vt 0.87346 0.46004
vt 0.85458 0.44990
vt 0.53186 0.13393
vt 0.55119 0.13506
vt 0.54020 0.15443
vt 0.39852 0.22870
vt 0.39756 0.21081
vt 0.41685 0.21171
vt 0.36185 0.22376
vt 0.38028 0.19518
vt 0.39756 0.21081
vt 0.36185 0.22376
vt 0.34194 0.25691
vt 0.34229 0.21836
vt 0.39756 0.21081
vt 0.41738 0.19564
vt 0.41685 0.21171
vt 0.38063 0.24758
vt 0.39852 0.22870
vt 0.39912 0.24955
vt 0.52487 0.17219
vt 0.51859 0.15726
vt 0.54020 0.15443
vt 0.39972 0.35166
vt 0.37059 0.34051
vt 0.38913 0.34157
vt 0.37368 0.44092
vt 0.35510 0.44373
vt 0.36861 0.42086
vt 0.34229 0.21836
vt 0.34194 0.25691
vt 0.32195 0.24533
vt 0.35966 0.16785
vt 0.34007 0.17556
vt 0.33930 0.14464
vt 0.95812 0.28659
vt 0.94844 0.29276
vt 0.95307 0.28580
vt 0.02886 0.91831
vt 0.03180 0.90186
vt 0.03890 0.89292
vt 0.34832 0.39111
vt 0.36221 0.38168
vt 0.36400 0.39189
vt 0.22105 0.02601
vt 0.22836 0.01534
vt 0.24122 0.01866
vt 0.38063 0.24758
vt 0.36185 0.22376
vt 0.39852 0.22870
vt 0.33078 0.19349
vt 0.32525 0.15554
vt 0.34007 0.17556
vt 0.43842 0.08476
vt 0.42844 0.07532
vt 0.44606 0.07571
vt 0.94844 0.29276
vt 0.95812 0.28659
vt 0.96392 0.30334
vt 0.95541 0.37865
vt 0.95419 0.35529
vt 0.98575 0.37021
vt 0.98575 0.37021
vt 0.95419 0.35529
vt 0.95842 0.33632
vt 0.62989 0.64682
vt 0.61772 0.64410
vt 0.62830 0.63394
vt 0.52891 0.21537
vt 0.52919 0.22323
vt 0.52105 0.22243
vt 0.52105 0.22243
vt 0.51463 0.21567
vt 0.52295 0.21077
vt 0.51560 0.20986
vt 0.52015 0.20218
vt 0.51463 0.21567
vt 0.01106 0.54996
vt 0.02083 0.55569
vt 0.01582 0.56007
vt 0.25167 0.34721
vt 0.22658 0.33532
vt 0.24061 0.32857
vt 0.98835 0.04873
vt 0.98755 0.05677
vt 0.98080 0.03851
vt 0.85162 0.85496
vt 0.85662 0.85870
vt 0.83961 0.85635
vt 0.96392 0.30334
vt 0.97055 0.31719
vt 0.95743 0.31931
vt 0.48158 0.09987
vt 0.46262 0.10119
vt 0.47276 0.09479
vt 0.93685 0.01191
vt 0.94224 0.02117
vt 0.93447 0.02683
vt 0.64175 0.00208
vt 0.64841 0.01412
vt 0.63140 0.01563
vt 0.44206 0.85143
vt 0.43802 0.86859
vt 0.42758 0.86247
vt 0.43533 0.75875
vt 0.41817 0.73545
vt 0.43757 0.73141
vt 0.83674 0.87476
vt 0.86035 0.87369
vt 0.85296 0.88237
vt 0.32117 0.49651
vt 0.30924 0.50879
vt 0.31310 0.48921
vt 0.03183 0.20945
vt 0.03119 0.19668
vt 0.04191 0.19215
vt 0.05212 0.21716
vt 0.03183 0.20945
vt 0.04191 0.19215
vt 0.10560 0.12026
vt 0.11658 0.09271
vt 0.12594 0.11339
vt 0.54081 0.29282
vt 0.55029 0.28909
vt 0.55548 0.29956
vt 0.66805 0.47848
vt 0.65338 0.48688
vt 0.65831 0.47050
vt 0.23956 0.07579
vt 0.25167 0.07314
vt 0.24992 0.09483
vt 0.07876 0.20052
vt 0.11290 0.17226
vt 0.10762 0.21672
vt 0.88202 0.54847
vt 0.89537 0.54715
vt 0.87318 0.55575
vt 0.29306 0.45769
vt 0.27617 0.46144
vt 0.27074 0.44795
vt 0.44155 0.38936
vt 0.43574 0.40533
vt 0.43542 0.39176
vt 0.43574 0.40533
vt 0.44155 0.38936
vt 0.45081 0.39247
vt 0.62989 0.64682
vt 0.61350 0.65450
vt 0.61772 0.64410
vt 0.11757 0.15150
vt 0.11290 0.17226
vt 0.09324 0.13346
vt 0.12616 0.15339
vt 0.11757 0.15150
vt 0.12347 0.14398
vt 0.44206 0.85143
vt 0.43219 0.83641
vt 0.44766 0.83465
vt 0.43472 0.69040
vt 0.42313 0.71123
vt 0.42292 0.68319
vt 0.47938 0.37730
vt 0.47012 0.37947
vt 0.48160 0.36782
vt 0.10560 0.12026
vt 0.12347 0.14398
vt 0.11757 0.15150
vt 0.45761 0.34736
vt 0.47250 0.35987
vt 0.45372 0.36524
vt 0.96366 0.47546
vt 0.98283 0.48918
vt 0.95891 0.48544
vt 0.61885 0.43400
vt 0.60846 0.41977
vt 0.63271 0.41712
vt 0.23643 0.05975
vt 0.25167 0.07314
vt 0.23956 0.07579
vt 0.18910 0.47268
vt 0.20934 0.46103
vt 0.20277 0.48099
vt 0.19179 0.46287
vt 0.20934 0.46103
vt 0.18910 0.47268
vt 0.24491 0.47406
vt 0.21897 0.49558
vt 0.22393 0.46144
vt 0.22075 0.44966
vt 0.22393 0.46144
vt 0.20934 0.46103
vt 0.20578 0.44503
vt 0.22075 0.44966
vt 0.20934 0.46103
vt 0.34069 0.42167
vt 0.35510 0.44373
vt 0.33049 0.43357
vt 0.97628 0.32198
vt 0.97977 0.33851
vt 0.95842 0.33632
vt 0.97055 0.31719
vt 0.95842 0.33632
vt 0.95743 0.31931
vt 0.31215 0.43487
vt 0.32062 0.45370
vt 0.29989 0.44371
vt 0.70490 0.28943
vt 0.69691 0.25834
vt 0.71175 0.27847
vt 0.98631 0.95720
vt 0.99306 0.97158
vt 0.96869 0.96933
vt 0.32203 0.85391
vt 0.30826 0.88182
vt 0.30455 0.85311
vt 0.60554 0.89022
vt 0.57643 0.87838
vt 0.59113 0.86960
vt 0.49639 0.48672
vt 0.51958 0.48261
vt 0.51032 0.50637
vt 0.38180 0.40947
vt 0.36861 0.42086
vt 0.37238 0.40490
vt 0.11297 0.87212
vt 0.09551 0.88096
vt 0.10253 0.86990
vt 0.12908 0.84668
vt 0.11297 0.87212
vt 0.10440 0.85679
vt 0.14473 0.87888
vt 0.13944 0.90016
vt 0.13181 0.88003
vt 0.18689 0.28724
vt 0.15369 0.28237
vt 0.19130 0.26001
vt 0.12019 0.28884
vt 0.10511 0.29257
vt 0.12607 0.27292
vt 0.12093 0.30766
vt 0.09701 0.30247
vt 0.10511 0.29257
vt 0.11503 0.33232
vt 0.10634 0.32145
vt 0.12093 0.30766
vt 0.10634 0.32145
vt 0.09482 0.31674
vt 0.12093 0.30766
vt 0.09482 0.31674
vt 0.09701 0.30247
vt 0.12093 0.30766
vt 0.12093 0.30766
vt 0.12019 0.28884
vt 0.13383 0.28975
vt 0.13993 0.30157
vt 0.12093 0.30766
vt 0.13383 0.28975
vt 0.09482 0.31674
vt 0.08139 0.30615
vt 0.09701 0.30247
vt 0.09482 0.31674
vt 0.07902 0.31876
vt 0.08139 0.30615
vt 0.35903 0.41948
vt 0.35176 0.40760
vt 0.37238 0.40490
vt 0.48035 0.01648
vt 0.46284 0.02134
vt 0.47254 0.00556
vt 0.25599 0.73099
vt 0.26818 0.74199
vt 0.25780 0.76985
vt 0.26818 0.74199
vt 0.27041 0.74999
vt 0.25780 0.76985
vt 0.25599 0.73099
vt 0.23438 0.75017
vt 0.23699 0.73875
vt 0.69589 0.19253
vt 0.67067 0.19367
vt 0.67802 0.17879
vt 0.67083 0.20769
vt 0.67067 0.19367
vt 0.69589 0.19253
vt 0.69218 0.15573
vt 0.68771 0.16933
vt 0.68385 0.14787
vt 0.69989 0.17389
vt 0.69218 0.15573
vt 0.70816 0.16427
vt 0.70096 0.20011
vt 0.69589 0.19253
vt 0.70428 0.18597
vt 0.65708 0.18384
vt 0.64901 0.21263
vt 0.64511 0.17799
vt 0.67802 0.17879
vt 0.65708 0.18384
vt 0.66688 0.16390
vt 0.67083 0.20769
vt 0.64901 0.21263
vt 0.65708 0.18384
vt 0.64511 0.17799
vt 0.65692 0.16587
vt 0.65708 0.18384
vt 0.66688 0.16390
vt 0.65692 0.16587
vt 0.65858 0.13970
vt 0.66688 0.16390
vt 0.68385 0.14787
vt 0.68771 0.16933
vt 0.67067 0.19367
vt 0.65708 0.18384
vt 0.67802 0.17879
vt 0.65626 0.11183
vt 0.63890 0.13423
vt 0.64455 0.11575
vt 0.65858 0.13970
vt 0.63890 0.13423
vt 0.65652 0.12601
vt 0.63199 0.15317
vt 0.63890 0.13423
vt 0.65858 0.13970
vt 0.63890 0.13423
vt 0.62934 0.11946
vt 0.64455 0.11575
vt 0.27129 0.79582
vt 0.27368 0.80495
vt 0.26441 0.81072
vt 0.25946 0.79749
vt 0.26441 0.81072
vt 0.24745 0.81646
vt 0.27414 0.77644
vt 0.27463 0.78897
vt 0.25946 0.79749
vt 0.62155 0.20016
vt 0.64511 0.17799
vt 0.63513 0.20702
vt 0.62155 0.20016
vt 0.62502 0.17372
vt 0.64511 0.17799
vt 0.65692 0.16587
vt 0.64532 0.15741
vt 0.65858 0.13970
vt 0.62502 0.17372
vt 0.59914 0.16859
vt 0.61780 0.16601
vt 0.59914 0.16859
vt 0.61569 0.15961
vt 0.61780 0.16601
vt 0.61569 0.15961
vt 0.61547 0.14626
vt 0.63199 0.15317
vt 0.60512 0.15395
vt 0.61547 0.14626
vt 0.61569 0.15961
vt 0.59679 0.19655
vt 0.59914 0.16859
vt 0.62502 0.17372
vt 0.60512 0.15395
vt 0.58545 0.14184
vt 0.61547 0.14626
vt 0.63199 0.15317
vt 0.61547 0.14626
vt 0.61731 0.12781
vt 0.62502 0.17372
vt 0.61780 0.16601
vt 0.61569 0.15961
vt 0.62502 0.17372
vt 0.61569 0.15961
vt 0.63199 0.15317
vt 0.15079 0.82254
vt 0.13907 0.83263
vt 0.13037 0.82362
vt 0.15079 0.82254
vt 0.13037 0.82362
vt 0.14331 0.81034
vt 0.14331 0.81034
vt 0.13037 0.82362
vt 0.13177 0.81601
vt 0.15406 0.83764
vt 0.12908 0.84668
vt 0.13907 0.83263
vt 0.17097 0.81673
vt 0.15079 0.82254
vt 0.14331 0.81034
vt 0.20803 0.74760
vt 0.19457 0.78198
vt 0.17737 0.78406
vt 0.19457 0.78198
vt 0.20171 0.80313
vt 0.17737 0.78406
vt 0.24144 0.71848
vt 0.27059 0.70724
vt 0.26329 0.71417
vt 0.20900 0.85962
vt 0.22682 0.86752
vt 0.18417 0.86564
vt 0.20443 0.88669
vt 0.18896 0.88691
vt 0.18417 0.86564
vt 0.23359 0.79006
vt 0.22461 0.80264
vt 0.21240 0.78161
vt 0.23359 0.79006
vt 0.23692 0.80282
vt 0.22461 0.80264
vt 0.23692 0.80282
vt 0.22559 0.81580
vt 0.22461 0.80264
vt 0.23692 0.80282
vt 0.24745 0.81646
vt 0.22559 0.81580
vt 0.25398 0.83274
vt 0.25447 0.86809
vt 0.22610 0.84599
vt 0.26262 0.88259
vt 0.25288 0.88389
vt 0.25447 0.86809
vt 0.21879 0.85565
vt 0.22682 0.86752
vt 0.20900 0.85962
vt 0.24926 0.89042
vt 0.24909 0.89945
vt 0.23759 0.89023
vt 0.23811 0.88157
vt 0.23759 0.89023
vt 0.23037 0.88587
vt 0.26262 0.88259
vt 0.26402 0.89930
vt 0.24926 0.89042
vt 0.20008 0.35738
vt 0.17936 0.35610
vt 0.19775 0.34606
vt 0.24926 0.89042
vt 0.26402 0.89930
vt 0.24909 0.89945
vt 0.19775 0.34606
vt 0.18536 0.34025
vt 0.17496 0.32685
vt 0.26268 0.81796
vt 0.26605 0.84596
vt 0.25398 0.83274
vt 0.27161 0.81889
vt 0.27665 0.82858
vt 0.26268 0.81796
vt 0.27665 0.82858
vt 0.26605 0.84596
vt 0.26268 0.81796
vt 0.27665 0.82858
vt 0.27284 0.85215
vt 0.26605 0.84596
vt 0.25398 0.83274
vt 0.26605 0.84596
vt 0.25447 0.86809
vt 0.61895 0.07683
vt 0.61235 0.05190
vt 0.62794 0.05420
vt 0.62706 0.07212
vt 0.61895 0.07683
vt 0.62794 0.05420
vt 0.60310 0.07167
vt 0.59946 0.05965
vt 0.61235 0.05190
vt 0.60310 0.07167
vt 0.61235 0.05190
vt 0.61895 0.07683
vt 0.59946 0.05965
vt 0.60021 0.05258
vt 0.61186 0.04148
vt 0.63627 0.07802
vt 0.62706 0.07212
vt 0.62794 0.05420
vt 0.61895 0.07683
vt 0.62706 0.07212
vt 0.63627 0.07802
vt 0.17421 0.39293
vt 0.18107 0.37777
vt 0.18236 0.39132
vt 0.59919 0.01622
vt 0.59724 0.00766
vt 0.60204 0.01022
vt 0.59919 0.01622
vt 0.60204 0.01022
vt 0.61023 0.01121
vt 0.61235 0.05190
vt 0.61186 0.04148
vt 0.62268 0.04223
vt 0.61023 0.01121
vt 0.60204 0.01022
vt 0.61034 0.00636
vt 0.17936 0.35610
vt 0.16337 0.35548
vt 0.15751 0.34699
vt 0.17936 0.35610
vt 0.15751 0.34699
vt 0.18536 0.34025
vt 0.26262 0.88259
vt 0.27277 0.88935
vt 0.26402 0.89930
vt 0.19267 0.36206
vt 0.18681 0.36868
vt 0.17936 0.35610
vt 0.17302 0.37940
vt 0.15196 0.37849
vt 0.16337 0.35548
vt 0.15196 0.37849
vt 0.13929 0.36505
vt 0.15751 0.34699
vt 0.18107 0.37777
vt 0.17302 0.37940
vt 0.17936 0.35610
vt 0.18681 0.36868
vt 0.18107 0.37777
vt 0.17936 0.35610
vt 0.13418 0.35781
vt 0.12403 0.34561
vt 0.13437 0.33751
vt 0.15751 0.34699
vt 0.13929 0.36505
vt 0.13418 0.35781
vt 0.35176 0.40760
vt 0.34069 0.42167
vt 0.34027 0.40830
vt 0.36400 0.39189
vt 0.35176 0.40760
vt 0.34832 0.39111
vt 0.91927 0.10932
vt 0.90728 0.09042
vt 0.92134 0.08715
vt 0.90596 0.07615
vt 0.89280 0.06639
vt 0.90406 0.04505
vt 0.90683 0.15165
vt 0.90059 0.13512
vt 0.91955 0.13507
vt 0.91927 0.10932
vt 0.91955 0.13507
vt 0.90674 0.12570
vt 0.89171 0.13049
vt 0.88767 0.10944
vt 0.90674 0.12570
vt 0.89172 0.96831
vt 0.90132 0.95774
vt 0.90631 0.96717
vt 0.90048 0.27956
vt 0.88922 0.28182
vt 0.89141 0.27070
vt 0.89658 0.95020
vt 0.90003 0.94665
vt 0.90132 0.95774
vt 0.90132 0.95774
vt 0.90003 0.94665
vt 0.91441 0.94921
vt 0.90132 0.95774
vt 0.91441 0.94921
vt 0.90631 0.96717
vt 0.89172 0.96831
vt 0.90631 0.96717
vt 0.90828 0.98570
vt 0.88120 0.98500
vt 0.89172 0.96831
vt 0.90828 0.98570
vt 0.86962 0.93514
vt 0.88428 0.93353
vt 0.86983 0.95107
vt 0.69936 0.31603
vt 0.68423 0.31590
vt 0.70490 0.28943
vt 0.96869 0.96933
vt 0.94990 0.96506
vt 0.95614 0.95404
vt 0.96310 0.93547
vt 0.96072 0.92790
vt 0.96871 0.93157
vt 0.96869 0.96933
vt 0.96310 0.93547
vt 0.98631 0.95720
vt 0.67792 0.24978
vt 0.67622 0.23142
vt 0.69351 0.23992
vt 0.67622 0.23142
vt 0.66557 0.22976
vt 0.68437 0.21616
vt 0.34596 0.84760
vt 0.36086 0.84481
vt 0.37271 0.84959
vt 0.69351 0.23992
vt 0.69691 0.25834
vt 0.67792 0.24978
vt 0.67029 0.27634
vt 0.65138 0.31409
vt 0.65383 0.27148
vt 0.67029 0.27634
vt 0.65383 0.27148
vt 0.67792 0.24978
vt 0.27074 0.44795
vt 0.25863 0.46604
vt 0.24670 0.45776
vt 0.27074 0.44795
vt 0.24670 0.45776
vt 0.24083 0.44945
vt 0.36973 0.01904
vt 0.37008 0.02754
vt 0.36514 0.01615
vt 0.35815 0.02705
vt 0.36011 0.02117
vt 0.36196 0.03064
vt 0.48175 0.23897
vt 0.48405 0.21334
vt 0.49182 0.22180
vt 0.89036 0.77754
vt 0.89788 0.76525
vt 0.90218 0.77418
vt 0.86981 0.56385
vt 0.87318 0.55575
vt 0.88692 0.57954
vt 0.28646 0.27166
vt 0.29117 0.29312
vt 0.28013 0.28603
vt 0.28788 0.31224
vt 0.27968 0.30857
vt 0.29117 0.29312
vt 0.87336 0.80233
vt 0.88091 0.79653
vt 0.88810 0.80203
vt 0.36514 0.01615
vt 0.36011 0.00819
vt 0.36726 0.00607
vt 0.93430 0.77361
vt 0.91324 0.78947
vt 0.91736 0.77049
vt 0.93430 0.77361
vt 0.91736 0.77049
vt 0.92855 0.76435
vt 0.89066 0.83890
vt 0.89327 0.83066
vt 0.89969 0.83705
vt 0.01934 0.41554
vt 0.02210 0.40688
vt 0.02745 0.41188
vt 0.02005 0.39999
vt 0.01757 0.39317
vt 0.03104 0.38145
vt 0.89327 0.83066
vt 0.89966 0.82612
vt 0.90197 0.82978
vt 0.41512 0.31020
vt 0.40799 0.30702
vt 0.42551 0.29029
vt 0.97709 0.07593
vt 0.98755 0.05677
vt 0.99069 0.06534
vt 0.66770 0.97075
vt 0.65854 0.97162
vt 0.65993 0.95489
vt 0.68814 0.95743
vt 0.68911 0.97223
vt 0.67710 0.97134
vt 0.67710 0.97134
vt 0.65993 0.95489
vt 0.67466 0.95340
vt 0.65993 0.95489
vt 0.65854 0.97162
vt 0.64640 0.96400
vt 0.55888 0.93509
vt 0.56079 0.98699
vt 0.54452 0.96316
vt 0.54418 0.57827
vt 0.55184 0.59780
vt 0.52511 0.59356
vt 0.51958 0.48261
vt 0.52080 0.46372
vt 0.54535 0.48309
vt 0.54535 0.48309
vt 0.53375 0.50343
vt 0.51958 0.48261
vt 0.15707 0.03765
vt 0.16287 0.01354
vt 0.18017 0.01151
vt 0.51268 0.03649
vt 0.53030 0.02976
vt 0.53197 0.04270
vt 0.13660 0.47126
vt 0.11619 0.45293
vt 0.12771 0.44870
vt 0.14324 0.46606
vt 0.13660 0.47126
vt 0.12771 0.44870
vt 0.52726 0.06864
vt 0.51778 0.04779
vt 0.53480 0.05605
vt 0.55170 0.06689
vt 0.54128 0.07135
vt 0.54231 0.05550
vt 0.54231 0.05550
vt 0.54540 0.04521
vt 0.54881 0.03869
vt 0.53480 0.05605
vt 0.54540 0.04521
vt 0.54231 0.05550
vt 0.12074 0.51468
vt 0.10953 0.51435
vt 0.11664 0.48361
vt 0.10362 0.50666
vt 0.10559 0.48005
vt 0.11664 0.48361
vt 0.10559 0.48005
vt 0.10362 0.50666
vt 0.09134 0.48874
vt 0.10362 0.50666
vt 0.09215 0.51016
vt 0.09134 0.48874
vt 0.19468 0.04620
vt 0.20958 0.03544
vt 0.21006 0.06628
vt 0.57515 0.96554
vt 0.58866 0.94924
vt 0.57963 0.98178
vt 0.19468 0.04620
vt 0.19941 0.02525
vt 0.20958 0.03544
vt 0.58866 0.94924
vt 0.59839 0.95253
vt 0.60006 0.97014
vt 0.47885 0.86881
vt 0.49618 0.87304
vt 0.48404 0.88688
vt 0.48958 0.07515
vt 0.50968 0.06567
vt 0.49602 0.08668
vt 0.12798 0.18321
vt 0.12226 0.17226
vt 0.13759 0.17140
vt 0.13759 0.17140
vt 0.12226 0.17226
vt 0.13902 0.15567
vt 0.13541 0.09179
vt 0.14435 0.07409
vt 0.15739 0.08499
vt 0.15845 0.06612
vt 0.15707 0.03765
vt 0.17518 0.05019
vt 0.11658 0.09271
vt 0.12723 0.06397
vt 0.13541 0.09179
vt 0.09379 0.08120
vt 0.11658 0.09271
vt 0.10560 0.12026
vt 0.12723 0.06397
vt 0.14435 0.07409
vt 0.13541 0.09179
vt 0.12798 0.18321
vt 0.14567 0.17514
vt 0.14903 0.18833
vt 0.12798 0.18321
vt 0.11290 0.17226
vt 0.12226 0.17226
vt 0.13659 0.50550
vt 0.12074 0.51468
vt 0.13532 0.49604
vt 0.49629 0.05090
vt 0.49402 0.03857
vt 0.50354 0.03689
vt 0.11099 0.24961
vt 0.10065 0.23623
vt 0.12454 0.24896
vt 0.14199 0.23371
vt 0.12454 0.24896
vt 0.12528 0.22076
vt 0.09912 0.24970
vt 0.10065 0.23623
vt 0.11099 0.24961
vt 0.12454 0.24896
vt 0.10065 0.23623
vt 0.12528 0.22076
vt 0.51778 0.04779
vt 0.49629 0.05090
vt 0.51268 0.03649
vt 0.60846 0.41977
vt 0.59962 0.44784
vt 0.59988 0.41736
vt 0.58441 0.43132
vt 0.59988 0.41736
vt 0.59962 0.44784
vt 0.14199 0.23371
vt 0.14532 0.21780
vt 0.15612 0.22869
vt 0.23956 0.07579
vt 0.24992 0.09483
vt 0.23863 0.08886
vt 0.09324 0.13346
vt 0.07876 0.20052
vt 0.06414 0.15693
vt 0.63980 0.02976
vt 0.63140 0.01563
vt 0.64841 0.01412
vt 0.07261 0.09800
vt 0.09324 0.13346
vt 0.05933 0.10865
vt 0.13804 0.25507
vt 0.14199 0.23371
vt 0.15612 0.22869
vt 0.08469 0.22041
vt 0.10762 0.21672
vt 0.09292 0.23186
vt 0.61885 0.43400
vt 0.63271 0.41712
vt 0.63578 0.43207
vt 0.12594 0.11339
vt 0.12347 0.14398
vt 0.10560 0.12026
vt 0.10560 0.12026
vt 0.11757 0.15150
vt 0.09324 0.13346
vt 0.05859 0.13230
vt 0.09324 0.13346
vt 0.06414 0.15693
vt 0.56869 0.30574
vt 0.55548 0.29956
vt 0.56955 0.27510
vt 0.06079 0.18573
vt 0.06414 0.15693
vt 0.07876 0.20052
vt 0.05212 0.21716
vt 0.06079 0.18573
vt 0.07876 0.20052
vt 0.05212 0.21716
vt 0.04191 0.19215
vt 0.06079 0.18573
vt 0.67151 0.46053
vt 0.68698 0.46724
vt 0.66805 0.47848
vt 0.04191 0.19215
vt 0.04113 0.18065
vt 0.06079 0.18573
vt 0.02391 0.12696
vt 0.05859 0.13230
vt 0.02497 0.15062
vt 0.02391 0.12696
vt 0.02512 0.10758
vt 0.04568 0.10168
vt 0.02391 0.12696
vt 0.04568 0.10168
vt 0.05933 0.10865
vt 0.10042 0.27633
vt 0.10161 0.26737
vt 0.10944 0.27155
vt 0.07181 0.29378
vt 0.06514 0.28218
vt 0.08100 0.28495
vt 0.09028 0.28698
vt 0.08379 0.27296
vt 0.10042 0.27633
vt 0.08379 0.27296
vt 0.08213 0.26027
vt 0.09517 0.25780
vt 0.10042 0.27633
vt 0.08379 0.27296
vt 0.10161 0.26737
vt 0.05969 0.23332
vt 0.08469 0.22041
vt 0.07610 0.24267
vt 0.09076 0.23764
vt 0.08469 0.22041
vt 0.09292 0.23186
vt 0.05969 0.23332
vt 0.05212 0.21716
vt 0.06623 0.22068
vt 0.04571 0.22911
vt 0.05212 0.21716
vt 0.05969 0.23332
vt 0.65193 0.06591
vt 0.65343 0.04797
vt 0.66915 0.07764
vt 0.68698 0.46724
vt 0.67683 0.50351
vt 0.66805 0.47848
vt 0.01545 0.20695
vt 0.00876 0.19628
vt 0.03119 0.19668
vt 0.04113 0.18065
vt 0.02497 0.15062
vt 0.06414 0.15693
vt 0.08213 0.26027
vt 0.08946 0.24594
vt 0.09517 0.25780
vt 0.08213 0.26027
vt 0.07610 0.24267
vt 0.08946 0.24594
vt 0.04723 0.26314
vt 0.06739 0.25210
vt 0.06514 0.28218
vt 0.08213 0.26027
vt 0.06739 0.25210
vt 0.07610 0.24267
vt 0.06739 0.25210
vt 0.05554 0.24723
vt 0.07610 0.24267
vt 0.60808 0.91459
vt 0.60633 0.90791
vt 0.61365 0.91113
vt 0.03169 0.22771
vt 0.03183 0.20945
vt 0.04571 0.22911
vt 0.03169 0.22771
vt 0.04571 0.22911
vt 0.04044 0.23263
vt 0.04571 0.22911
vt 0.03183 0.20945
vt 0.05212 0.21716
vt 0.93685 0.01191
vt 0.93447 0.02683
vt 0.91676 0.02193
vt 0.93447 0.02683
vt 0.94224 0.02117
vt 0.94589 0.02497
vt 0.47571 0.11295
vt 0.48470 0.13017
vt 0.46554 0.12514
vt 0.91454 0.01048
vt 0.91849 0.00830
vt 0.91676 0.02193
vt 0.46554 0.12514
vt 0.45415 0.11881
vt 0.46532 0.11304
vt 0.45415 0.11881
vt 0.45006 0.10921
vt 0.46262 0.10119
vt 0.46532 0.11304
vt 0.48158 0.09987
vt 0.47571 0.11295
vt 0.24992 0.09483
vt 0.24099 0.09740
vt 0.23863 0.08886
vt 0.44606 0.07571
vt 0.42844 0.07532
vt 0.43594 0.06206
vt 0.95268 0.30412
vt 0.94844 0.29276
vt 0.96392 0.30334
vt 0.00639 0.12540
vt 0.02391 0.12696
vt 0.02497 0.15062
vt 0.05248 0.27822
vt 0.04723 0.26314
vt 0.06514 0.28218
vt 0.97026 0.02319
vt 0.98080 0.03851
vt 0.96832 0.03598
vt 0.01303 0.18909
vt 0.04113 0.18065
vt 0.03119 0.19668
vt 0.46262 0.10119
vt 0.45006 0.10921
vt 0.44595 0.10335
vt 0.00876 0.19628
vt 0.00872 0.17710
vt 0.01303 0.18909
vt 0.43842 0.08476
vt 0.44606 0.07571
vt 0.44595 0.10335
vt 0.05953 0.29721
vt 0.06514 0.28218
vt 0.07181 0.29378
vt 0.60917 0.46084
vt 0.59962 0.44784
vt 0.61324 0.44842
vt 0.06539 0.48821
vt 0.06643 0.50421
vt 0.04924 0.50500
vt 0.91324 0.78947
vt 0.90218 0.77418
vt 0.91736 0.77049
vt 0.84924 0.59989
vt 0.86132 0.61643
vt 0.84949 0.61318
vt 0.96665 0.67267
vt 0.96219 0.63837
vt 0.97807 0.65228
vt 0.96665 0.67267
vt 0.96199 0.67851
vt 0.95221 0.66436
vt 0.96199 0.67851
vt 0.94357 0.66675
vt 0.95221 0.66436
vt 0.29477 0.17665
vt 0.30552 0.17755
vt 0.29676 0.18618
vt 0.33078 0.19349
vt 0.30941 0.19266
vt 0.31522 0.16568
vt 0.29477 0.17665
vt 0.28157 0.18657
vt 0.28607 0.17540
vt 0.32525 0.15554
vt 0.33078 0.19349
vt 0.31522 0.16568
vt 0.92858 0.68072
vt 0.91816 0.66233
vt 0.94357 0.66675
vt 0.79443 0.96521
vt 0.82096 0.95457
vt 0.79715 0.97031
vt 0.02167 0.93098
vt 0.02886 0.91831
vt 0.04382 0.93807
vt 0.33759 0.20774
vt 0.38028 0.19518
vt 0.36185 0.22376
vt 0.31700 0.21493
vt 0.33078 0.19349
vt 0.33759 0.20774
vt 0.39151 0.07561
vt 0.37220 0.07735
vt 0.37767 0.03720
vt 0.40917 0.10215
vt 0.38355 0.09655
vt 0.39151 0.07561
vt 0.42844 0.07532
vt 0.40917 0.10215
vt 0.39151 0.07561
vt 0.38355 0.09655
vt 0.37204 0.09830
vt 0.37529 0.08703
vt 0.37529 0.08703
vt 0.36397 0.08998
vt 0.37220 0.07735
vt 0.38355 0.09655
vt 0.37529 0.08703
vt 0.39151 0.07561
vt 0.39151 0.07561
vt 0.37529 0.08703
vt 0.37220 0.07735
vt 0.36397 0.08998
vt 0.34630 0.08476
vt 0.36365 0.07476
vt 0.34008 0.09444
vt 0.33464 0.08750
vt 0.34630 0.08476
vt 0.37204 0.09830
vt 0.36146 0.10887
vt 0.35848 0.10148
vt 0.37204 0.09830
vt 0.35848 0.10148
vt 0.36397 0.08998
vt 0.37087 0.11210
vt 0.36146 0.10887
vt 0.37204 0.09830
vt 0.34790 0.11023
vt 0.34008 0.09444
vt 0.34630 0.08476
vt 0.35848 0.10148
vt 0.34630 0.08476
vt 0.36397 0.08998
vt 0.37204 0.09830
vt 0.36397 0.08998
vt 0.37529 0.08703
vt 0.34437 0.12174
vt 0.33537 0.12573
vt 0.33659 0.10620
vt 0.33537 0.12573
vt 0.32649 0.10333
vt 0.33659 0.10620
vt 0.43842 0.08476
vt 0.42781 0.10104
vt 0.42844 0.07532
vt 0.42781 0.10104
vt 0.40917 0.10215
vt 0.42844 0.07532
vt 0.94364 0.69748
vt 0.97373 0.68638
vt 0.97170 0.71162
vt 0.30870 0.13577
vt 0.29556 0.12570
vt 0.29682 0.11191
vt 0.29556 0.12570
vt 0.29020 0.11019
vt 0.29682 0.11191
vt 0.93011 0.69861
vt 0.92516 0.68885
vt 0.94364 0.69748
vt 0.92516 0.68885
vt 0.92858 0.68072
vt 0.94364 0.69748
vt 0.92858 0.68072
vt 0.94357 0.66675
vt 0.94364 0.69748
vt 0.94357 0.66675
vt 0.96199 0.67851
vt 0.94364 0.69748
vt 0.94215 0.70892
vt 0.93011 0.69861
vt 0.94364 0.69748
vt 0.41106 0.10845
vt 0.40178 0.10706
vt 0.40917 0.10215
vt 0.42781 0.10104
vt 0.41106 0.10845
vt 0.40917 0.10215
vt 0.40860 0.12044
vt 0.41106 0.10845
vt 0.41722 0.12384
vt 0.40860 0.12044
vt 0.40178 0.10706
vt 0.41106 0.10845
vt 0.41722 0.12384
vt 0.41106 0.10845
vt 0.42781 0.10104
vt 0.39682 0.12934
vt 0.38511 0.12884
vt 0.39150 0.11312
vt 0.38355 0.09655
vt 0.37087 0.11210
vt 0.37204 0.09830
vt 0.39150 0.11312
vt 0.37087 0.11210
vt 0.38355 0.09655
vt 0.38511 0.12884
vt 0.37087 0.11210
vt 0.39150 0.11312
vt 0.38511 0.12884
vt 0.39274 0.14599
vt 0.37075 0.14147
vt 0.37029 0.36189
vt 0.39972 0.35166
vt 0.36221 0.38168
vt 0.40430 0.13382
vt 0.38511 0.12884
vt 0.39682 0.12934
vt 0.40430 0.13382
vt 0.39274 0.14599
vt 0.38511 0.12884
vt 0.96987 0.44278
vt 0.95312 0.43488
vt 0.94889 0.41765
vt 0.44595 0.10335
vt 0.42781 0.10104
vt 0.43842 0.08476
vt 0.27654 0.90888
vt 0.31249 0.93057
vt 0.29535 0.95255
vt 0.39509 0.15845
vt 0.37075 0.14147
vt 0.39274 0.14599
vt 0.35966 0.16785
vt 0.33759 0.20774
vt 0.34007 0.17556
vt 0.31266 0.24144
vt 0.31700 0.21493
vt 0.33759 0.20774
vt 0.36357 0.24577
vt 0.34194 0.25691
vt 0.36185 0.22376
vt 0.36357 0.24577
vt 0.38063 0.24758
vt 0.36307 0.26123
vt 0.06140 0.91294
vt 0.04382 0.93807
vt 0.02886 0.91831
vt 0.37214 0.28242
vt 0.35962 0.30571
vt 0.36307 0.26123
vt 0.35962 0.30571
vt 0.34508 0.28998
vt 0.36307 0.26123
vt 0.37214 0.28242
vt 0.38498 0.30323
vt 0.35962 0.30571
vt 0.39586 0.26591
vt 0.37214 0.28242
vt 0.36307 0.26123
vt 0.49602 0.08668
vt 0.50300 0.09739
vt 0.49328 0.09010
vt 0.08232 0.51492
vt 0.06895 0.51445
vt 0.06643 0.50421
vt 0.37029 0.36189
vt 0.36568 0.34847
vt 0.37059 0.34051
vt 0.41181 0.23711
vt 0.41983 0.22251
vt 0.42573 0.24255
vt 0.39912 0.24955
vt 0.39852 0.22870
vt 0.40633 0.24521
vt 0.42422 0.14687
vt 0.42738 0.13152
vt 0.43612 0.12216
vt 0.46454 0.17834
vt 0.44696 0.18619
vt 0.45045 0.15465
vt 0.45045 0.15465
vt 0.44696 0.18619
vt 0.43203 0.16194
vt 0.45826 0.14596
vt 0.45045 0.15465
vt 0.45496 0.13253
vt 0.44696 0.18619
vt 0.42893 0.18299
vt 0.43203 0.16194
vt 0.42893 0.18299
vt 0.41738 0.19564
vt 0.39964 0.17925
vt 0.39964 0.17925
vt 0.39509 0.15845
vt 0.40957 0.15843
vt 0.11619 0.45293
vt 0.08370 0.46322
vt 0.10200 0.44712
vt 0.42893 0.18299
vt 0.43123 0.19629
vt 0.41738 0.19564
vt 0.43931 0.19268
vt 0.43123 0.19629
vt 0.42893 0.18299
vt 0.56178 0.21789
vt 0.59679 0.19655
vt 0.58671 0.22587
vt 0.30898 0.22976
vt 0.31700 0.21493
vt 0.31266 0.24144
vt 0.39964 0.17925
vt 0.41738 0.19564
vt 0.39756 0.21081
vt 0.08370 0.46322
vt 0.06268 0.47421
vt 0.07481 0.44995
vt 0.93885 0.04578
vt 0.93266 0.03989
vt 0.93447 0.02683
vt 0.47514 0.16152
vt 0.45045 0.15465
vt 0.45826 0.14596
vt 0.44120 0.20565
vt 0.44593 0.22580
vt 0.42832 0.21464
vt 0.42832 0.21464
vt 0.41983 0.22251
vt 0.41685 0.21171
vt 0.44593 0.22580
vt 0.46587 0.22715
vt 0.44211 0.24619
vt 0.46903 0.24656
vt 0.46331 0.25359
vt 0.44211 0.24619
vt 0.44293 0.26102
vt 0.42464 0.26604
vt 0.42573 0.24255
vt 0.97026 0.02319
vt 0.96832 0.03598
vt 0.95895 0.02230
vt 0.96832 0.03598
vt 0.93885 0.04578
vt 0.95895 0.02230
vt 0.09134 0.48874
vt 0.08444 0.47394
vt 0.10101 0.47140
vt 0.10559 0.48005
vt 0.09134 0.48874
vt 0.10101 0.47140
vt 0.10559 0.48005
vt 0.10101 0.47140
vt 0.11619 0.45293
vt 0.07718 0.47689
vt 0.06268 0.47421
vt 0.08370 0.46322
vt 0.08444 0.47394
vt 0.07718 0.47689
vt 0.08370 0.46322
vt 0.10101 0.47140
vt 0.08444 0.47394
vt 0.08370 0.46322
vt 0.11730 0.42919
vt 0.11619 0.45293
vt 0.10604 0.43456
vt 0.10200 0.44712
vt 0.07072 0.43400
vt 0.09313 0.42868
vt 0.96832 0.03598
vt 0.98755 0.05677
vt 0.96878 0.05846
vt 0.96878 0.05846
vt 0.95604 0.05040
vt 0.96832 0.03598
vt 0.11730 0.42919
vt 0.12771 0.44870
vt 0.11619 0.45293
vt 0.96832 0.03598
vt 0.95604 0.05040
vt 0.93885 0.04578
vt 0.97709 0.07593
vt 0.96878 0.05846
vt 0.98755 0.05677
vt 0.81061 0.90763
vt 0.80500 0.91203
vt 0.80083 0.90819
vt 0.06653 0.84652
vt 0.08583 0.83741
vt 0.07815 0.85598
vt 0.49354 0.18326
vt 0.48890 0.19475
vt 0.48622 0.18234
vt 0.49354 0.18326
vt 0.48622 0.18234
vt 0.47514 0.16152
vt 0.46979 0.19563
vt 0.45448 0.18501
vt 0.46454 0.17834
vt 0.46454 0.17834
vt 0.45448 0.18501
vt 0.44696 0.18619
vt 0.07523 0.36750
vt 0.06315 0.36397
vt 0.07456 0.34801
vt 0.47514 0.16152
vt 0.46454 0.17834
vt 0.45045 0.15465
vt 0.48890 0.19475
vt 0.48405 0.21334
vt 0.46979 0.19563
vt 0.45793 0.21307
vt 0.44593 0.22580
vt 0.44120 0.20565
vt 0.47154 0.21705
vt 0.45793 0.21307
vt 0.45493 0.19803
vt 0.41181 0.23711
vt 0.40633 0.24521
vt 0.39852 0.22870
vt 0.74194 0.27128
vt 0.74084 0.28773
vt 0.72634 0.28016
vt 0.74084 0.28773
vt 0.73567 0.28983
vt 0.72634 0.28016
vt 0.44293 0.26102
vt 0.43376 0.27639
vt 0.42464 0.26604
vt 0.11546 0.40775
vt 0.09347 0.40022
vt 0.10338 0.38821
vt 0.43656 0.30344
vt 0.42502 0.32212
vt 0.41512 0.31020
vt 0.54299 0.39114
vt 0.51857 0.34801
vt 0.55198 0.37772
vt 0.25238 0.49057
vt 0.21897 0.49558
vt 0.24491 0.47406
vt 0.41798 0.28882
vt 0.42551 0.29029
vt 0.40799 0.30702
vt 0.55345 0.54851
vt 0.56190 0.55137
vt 0.55715 0.56993
vt 0.10604 0.43456
vt 0.09313 0.42868
vt 0.11546 0.40775
vt 0.14241 0.43759
vt 0.12771 0.44870
vt 0.14050 0.42479
vt 0.61350 0.65450
vt 0.59407 0.65074
vt 0.61772 0.64410
vt 0.52804 0.18769
vt 0.52487 0.17219
vt 0.54652 0.18052
vt 0.57569 0.56949
vt 0.55677 0.58406
vt 0.55715 0.56993
vt 0.96219 0.63837
vt 0.95765 0.62353
vt 0.97648 0.63475
vt 0.96219 0.63837
vt 0.97648 0.63475
vt 0.97807 0.65228
vt 0.91897 0.63970
vt 0.91778 0.61988
vt 0.93392 0.61477
vt 0.93392 0.61477
vt 0.96020 0.61136
vt 0.95765 0.62353
vt 0.96219 0.63837
vt 0.93392 0.61477
vt 0.95765 0.62353
vt 0.90999 0.59771
vt 0.90396 0.58202
vt 0.92766 0.59117
vt 0.18216 0.51182
vt 0.19260 0.52898
vt 0.17330 0.51961
vt 0.25238 0.49057
vt 0.22482 0.50408
vt 0.21897 0.49558
vt 0.92766 0.59117
vt 0.92860 0.57504
vt 0.94124 0.58083
vt 0.93392 0.61477
vt 0.92766 0.59117
vt 0.94429 0.59667
vt 0.13139 0.40733
vt 0.14050 0.42479
vt 0.11730 0.42919
vt 0.10338 0.38821
vt 0.09347 0.40022
vt 0.08358 0.38851
vt 0.04663 0.66703
vt 0.06860 0.69450
vt 0.03346 0.68692
vt 0.02265 0.69711
vt 0.02552 0.72711
vt 0.01119 0.71135
vt 0.01945 0.66904
vt 0.03346 0.68692
vt 0.01188 0.68609
vt 0.04663 0.66703
vt 0.03346 0.68692
vt 0.03715 0.65485
vt 0.08110 0.68637
vt 0.07992 0.71434
vt 0.06860 0.69450
vt 0.06860 0.69450
vt 0.06562 0.71040
vt 0.04051 0.71164
vt 0.06860 0.69450
vt 0.04051 0.71164
vt 0.03346 0.68692
vt 0.06549 0.67208
vt 0.06860 0.69450
vt 0.04663 0.66703
vt 0.06549 0.67208
vt 0.08110 0.68637
vt 0.06860 0.69450
vt 0.08020 0.74544
vt 0.07621 0.75569
vt 0.05715 0.75654
vt 0.08020 0.74544
vt 0.05715 0.75654
vt 0.06270 0.72882
vt 0.07901 0.77122
vt 0.02682 0.75721
vt 0.05715 0.75654
vt 0.05738 0.64070
vt 0.05529 0.65769
vt 0.04663 0.66703
vt 0.05738 0.64070
vt 0.04663 0.66703
vt 0.03715 0.65485
vt 0.03715 0.65485
vt 0.01662 0.65568
vt 0.03897 0.64098
vt 0.03897 0.64098
vt 0.01662 0.65568
vt 0.02217 0.63115
vt 0.09160 0.65227
vt 0.08118 0.66455
vt 0.07108 0.64893
vt 0.08358 0.38851
vt 0.06346 0.40010
vt 0.06306 0.38429
vt 0.06681 0.41488
vt 0.06346 0.40010
vt 0.08358 0.38851
vt 0.07108 0.64893
vt 0.05529 0.65769
vt 0.05738 0.64070
vt 0.07108 0.64893
vt 0.08118 0.66455
vt 0.06549 0.67208
vt 0.10254 0.67852
vt 0.08118 0.66455
vt 0.09160 0.65227
vt 0.10254 0.67852
vt 0.08110 0.68637
vt 0.08118 0.66455
vt 0.06549 0.67208
vt 0.04663 0.66703
vt 0.05529 0.65769
vt 0.95835 0.55527
vt 0.97230 0.54127
vt 0.98374 0.54562
vt 0.95518 0.58253
vt 0.94756 0.56935
vt 0.96241 0.57399
vt 0.91139 0.55729
vt 0.92732 0.55945
vt 0.92860 0.57504
vt 0.91098 0.54961
vt 0.92732 0.55945
vt 0.91139 0.55729
vt 0.91098 0.54961
vt 0.91829 0.54136
vt 0.92732 0.55945
vt 0.93494 0.54748
vt 0.95323 0.54077
vt 0.94758 0.55380
vt 0.92732 0.55945
vt 0.93494 0.54748
vt 0.94756 0.56935
vt 0.92860 0.57504
vt 0.92732 0.55945
vt 0.94124 0.58083
vt 0.94124 0.58083
vt 0.92732 0.55945
vt 0.94756 0.56935
vt 0.91098 0.54961
vt 0.90446 0.53837
vt 0.91829 0.54136
vt 0.11602 0.58697
vt 0.09752 0.58308
vt 0.10950 0.57239
vt 0.08164 0.56479
vt 0.07066 0.55418
vt 0.09309 0.55510
vt 0.91829 0.54136
vt 0.92671 0.53585
vt 0.92732 0.55945
vt 0.91139 0.55729
vt 0.89537 0.54715
vt 0.91098 0.54961
vt 0.86093 0.56755
vt 0.86981 0.56385
vt 0.88692 0.57954
vt 0.85839 0.55820
vt 0.86981 0.56385
vt 0.86093 0.56755
vt 0.85839 0.55820
vt 0.85557 0.54871
vt 0.87318 0.55575
vt 0.24880 0.25704
vt 0.25396 0.23949
vt 0.25908 0.24105
vt 0.86602 0.53966
vt 0.85557 0.54871
vt 0.85580 0.53505
vt 0.09431 0.41158
vt 0.08070 0.41566
vt 0.09347 0.40022
vt 0.56999 0.04534
vt 0.56808 0.02010
vt 0.58174 0.02444
vt 0.15373 0.58373
vt 0.13974 0.59194
vt 0.14192 0.57368
vt 0.28439 0.21508
vt 0.27525 0.20390
vt 0.28862 0.20200
vt 0.28862 0.20200
vt 0.27525 0.20390
vt 0.29075 0.19606
vt 0.30941 0.19266
vt 0.30058 0.20778
vt 0.29075 0.19606
vt 0.96439 0.78489
vt 0.98152 0.78581
vt 0.97312 0.79669
vt 0.28112 0.22381
vt 0.27525 0.20390
vt 0.28439 0.21508
vt 0.27525 0.20390
vt 0.26683 0.20549
vt 0.26858 0.19447
vt 0.27525 0.20390
vt 0.26858 0.19447
vt 0.26814 0.18875
vt 0.29602 0.23782
vt 0.29969 0.22203
vt 0.30898 0.22976
vt 0.95404 0.77024
vt 0.96175 0.77774
vt 0.95062 0.78018
vt 0.96175 0.77774
vt 0.96056 0.78454
vt 0.95062 0.78018
vt 0.36357 0.24577
vt 0.36185 0.22376
vt 0.38063 0.24758
vt 0.98454 0.77596
vt 0.98152 0.78581
vt 0.96439 0.78489
vt 0.95062 0.78018
vt 0.96056 0.78454
vt 0.95471 0.79313
vt 0.96667 0.76452
vt 0.97403 0.75232
vt 0.98289 0.76280
vt 0.25908 0.24105
vt 0.26108 0.22887
vt 0.27044 0.22665
vt 0.95031 0.73831
vt 0.96114 0.74782
vt 0.94880 0.75816
vt 0.96114 0.74782
vt 0.95433 0.76334
vt 0.94880 0.75816
vt 0.96114 0.74782
vt 0.97103 0.73715
vt 0.97224 0.75097
vt 0.97415 0.73781
vt 0.98475 0.73314
vt 0.97403 0.75232
vt 0.97403 0.75232
vt 0.98475 0.73314
vt 0.98262 0.75063
vt 0.28112 0.22381
vt 0.27044 0.22665
vt 0.27525 0.20390
vt 0.96667 0.76452
vt 0.98289 0.76280
vt 0.98454 0.77596
vt 0.54881 0.03869
vt 0.55881 0.01887
vt 0.56808 0.02010
vt 0.11824 0.70025
vt 0.09764 0.68975
vt 0.10254 0.67852
vt 0.13926 0.70159
vt 0.15120 0.71928
vt 0.14443 0.72205
vt 0.14443 0.72205
vt 0.13166 0.73954
vt 0.12744 0.72511
vt 0.13805 0.75429
vt 0.12403 0.76122
vt 0.13166 0.73954
vt 0.14443 0.72205
vt 0.14383 0.74503
vt 0.13166 0.73954
vt 0.14133 0.63792
vt 0.11256 0.65227
vt 0.12653 0.62242
vt 0.11256 0.65227
vt 0.09160 0.65227
vt 0.10269 0.63502
vt 0.17436 0.63303
vt 0.16209 0.64519
vt 0.16313 0.62771
vt 0.16209 0.64519
vt 0.14133 0.63792
vt 0.16313 0.62771
vt 0.13985 0.67311
vt 0.12470 0.67042
vt 0.12698 0.65806
vt 0.54231 0.05550
vt 0.54881 0.03869
vt 0.55820 0.05542
vt 0.16209 0.64519
vt 0.13985 0.67311
vt 0.14133 0.63792
vt 0.15903 0.68470
vt 0.13985 0.67311
vt 0.16209 0.64519
vt 0.11824 0.70025
vt 0.10254 0.67852
vt 0.12470 0.67042
vt 0.18389 0.66974
vt 0.16209 0.64519
vt 0.17764 0.65186
vt 0.55820 0.05542
vt 0.54881 0.03869
vt 0.56999 0.04534
vt 0.17764 0.65186
vt 0.16209 0.64519
vt 0.17436 0.63303
vt 0.21829 0.65217
vt 0.21030 0.66256
vt 0.21355 0.63827
vt 0.18257 0.68776
vt 0.17587 0.68902
vt 0.18389 0.66974
vt 0.20572 0.66658
vt 0.18389 0.66974
vt 0.17764 0.65186
vt 0.76573 0.96354
vt 0.75849 0.97633
vt 0.74859 0.96348
vt 0.75849 0.97633
vt 0.74265 0.97504
vt 0.74859 0.96348
vt 0.75849 0.97633
vt 0.75953 0.98128
vt 0.74321 0.98051
vt 0.77892 0.96707
vt 0.77823 0.97312
vt 0.76573 0.96354
vt 0.76852 0.97745
vt 0.75953 0.98128
vt 0.75849 0.97633
vt 0.77823 0.97312
vt 0.75849 0.97633
vt 0.76573 0.96354
vt 0.29332 0.88675
vt 0.28631 0.89991
vt 0.28799 0.88911
vt 0.74859 0.96348
vt 0.74265 0.97504
vt 0.74236 0.96665
vt 0.31610 0.92635
vt 0.31249 0.93057
vt 0.31783 0.92054
vt 0.31249 0.93057
vt 0.27654 0.90888
vt 0.31476 0.91865
vt 0.27654 0.90888
vt 0.28631 0.89991
vt 0.30509 0.90890
vt 0.82980 0.53246
vt 0.83882 0.53131
vt 0.83893 0.54953
vt 0.30574 0.27025
vt 0.32195 0.24533
vt 0.34194 0.25691
vt 0.31266 0.24144
vt 0.30064 0.25702
vt 0.29602 0.23782
vt 0.34508 0.28998
vt 0.32672 0.30089
vt 0.32953 0.28456
vt 0.32953 0.28456
vt 0.32672 0.30089
vt 0.32115 0.29429
vt 0.34508 0.28998
vt 0.32953 0.28456
vt 0.34533 0.27033
vt 0.31320 0.31374
vt 0.29117 0.29312
vt 0.32115 0.29429
vt 0.28788 0.31224
vt 0.29117 0.29312
vt 0.31320 0.31374
vt 0.27968 0.30857
vt 0.29005 0.31654
vt 0.27974 0.32295
vt 0.16792 0.71055
vt 0.13926 0.70159
vt 0.15903 0.68470
vt 0.16792 0.71055
vt 0.15120 0.71928
vt 0.13926 0.70159
vt 0.15856 0.73901
vt 0.15120 0.71928
vt 0.16670 0.72971
vt 0.15856 0.73901
vt 0.14443 0.72205
vt 0.15120 0.71928
vt 0.15903 0.68470
vt 0.14032 0.68179
vt 0.13985 0.67311
vt 0.18413 0.73120
vt 0.16670 0.72971
vt 0.17855 0.71100
vt 0.17587 0.68902
vt 0.17855 0.71100
vt 0.16792 0.71055
vt 0.18257 0.68776
vt 0.18889 0.70124
vt 0.17587 0.68902
vt 0.19864 0.69010
vt 0.18889 0.70124
vt 0.18257 0.68776
vt 0.07973 0.97448
vt 0.08735 0.95125
vt 0.10712 0.98200
vt 0.10712 0.98200
vt 0.11409 0.97549
vt 0.11722 0.99139
vt 0.08945 0.98998
vt 0.10712 0.98200
vt 0.09860 0.99421
vt 0.04861 0.96688
vt 0.05978 0.96548
vt 0.06253 0.98110
vt 0.04558 0.98752
vt 0.03441 0.98253
vt 0.04861 0.96688
vt 0.02914 0.98984
vt 0.03441 0.98253
vt 0.03734 0.98940
vt 0.20961 0.68123
vt 0.21015 0.69342
vt 0.19864 0.69010
vt 0.04723 0.94615
vt 0.04861 0.96688
vt 0.02167 0.98613
vt 0.01940 0.96219
vt 0.01461 0.97542
vt 0.02164 0.94824
vt 0.02164 0.94824
vt 0.04382 0.93807
vt 0.04723 0.94615
vt 0.06627 0.93940
vt 0.08089 0.93140
vt 0.08735 0.95125
vt 0.05643 0.92939
vt 0.06627 0.93940
vt 0.04723 0.94615
vt 0.06627 0.93940
vt 0.06591 0.95036
vt 0.04723 0.94615
vt 0.30477 0.33620
vt 0.28000 0.34442
vt 0.30110 0.32843
vt 0.30110 0.32843
vt 0.28000 0.34442
vt 0.29405 0.32986
vt 0.29405 0.32986
vt 0.27983 0.33275
vt 0.27974 0.32295
vt 0.31320 0.31374
vt 0.30110 0.32843
vt 0.29005 0.31654
vt 0.29721 0.37033
vt 0.29435 0.34942
vt 0.30946 0.35208
vt 0.31039 0.37261
vt 0.29721 0.37033
vt 0.30946 0.35208
vt 0.25169 0.38195
vt 0.26805 0.35402
vt 0.28802 0.35082
vt 0.28802 0.35082
vt 0.26805 0.35402
vt 0.28000 0.34442
vt 0.35962 0.30571
vt 0.33466 0.31793
vt 0.34508 0.28998
vt 0.36071 0.31897
vt 0.34949 0.32639
vt 0.35962 0.30571
vt 0.38057 0.31758
vt 0.37059 0.34051
vt 0.36071 0.31897
vt 0.36071 0.31897
vt 0.33915 0.33562
vt 0.34949 0.32639
vt 0.34949 0.32639
vt 0.33466 0.31793
vt 0.35962 0.30571
vt 0.33293 0.34660
vt 0.32386 0.33756
vt 0.33915 0.33562
vt 0.31914 0.38152
vt 0.32000 0.35782
vt 0.33293 0.34660
vt 0.33293 0.34660
vt 0.32000 0.35782
vt 0.32386 0.33756
vt 0.33915 0.33562
vt 0.32386 0.33756
vt 0.32490 0.32505
vt 0.33915 0.33562
vt 0.32490 0.32505
vt 0.33466 0.31793
vt 0.22218 0.66436
vt 0.21030 0.66256
vt 0.21829 0.65217
vt 0.27025 0.06362
vt 0.25077 0.05589
vt 0.24549 0.03314
vt 0.98922 0.35622
vt 0.97977 0.33851
vt 0.99048 0.34192
vt 0.84850 0.67725
vt 0.85234 0.68300
vt 0.82984 0.70332
vt 0.87790 0.67135
vt 0.88945 0.67343
vt 0.87542 0.68811
vt 0.50714 0.67452
vt 0.49719 0.66744
vt 0.50365 0.65526
vt 0.69302 0.40997
vt 0.71757 0.40183
vt 0.70145 0.42049
vt 0.44605 0.54517
vt 0.44219 0.56095
vt 0.43020 0.54935
vt 0.44219 0.56095
vt 0.43716 0.57159
vt 0.42432 0.57258
vt 0.60899 0.36705
vt 0.62188 0.36464
vt 0.61897 0.37710
vt 0.43647 0.53960
vt 0.44605 0.54517
vt 0.43020 0.54935
vt 0.43716 0.57159
vt 0.44791 0.59876
vt 0.43644 0.58468
vt 0.44791 0.59876
vt 0.42896 0.58982
vt 0.43644 0.58468
vt 0.44791 0.59876
vt 0.43131 0.60572
vt 0.42896 0.58982
vt 0.43131 0.60572
vt 0.41484 0.60173
vt 0.41579 0.58520
vt 0.42432 0.57258
vt 0.42896 0.58982
vt 0.41579 0.58520
vt 0.68244 0.39261
vt 0.69344 0.39718
vt 0.68914 0.40757
vt 0.68244 0.39261
vt 0.69153 0.37747
vt 0.69344 0.39718
vt 0.68385 0.37792
vt 0.69153 0.37747
vt 0.68244 0.39261
vt 0.69153 0.37747
vt 0.70692 0.37718
vt 0.69344 0.39718
vt 0.68914 0.40757
vt 0.69344 0.39718
vt 0.69302 0.40997
vt 0.69153 0.37747
vt 0.69819 0.35635
vt 0.70692 0.37718
vt 0.69819 0.35635
vt 0.69153 0.37747
vt 0.68385 0.37792
vt 0.58803 0.06519
vt 0.56999 0.04534
vt 0.58828 0.04081
vt 0.13529 0.38646
vt 0.13139 0.40733
vt 0.12210 0.37872
vt 0.13139 0.40733
vt 0.11546 0.40775
vt 0.12210 0.37872
vt 0.14050 0.42479
vt 0.13139 0.40733
vt 0.15383 0.39983
vt 0.15383 0.39983
vt 0.13139 0.40733
vt 0.13529 0.38646
vt 0.13529 0.38646
vt 0.12210 0.37872
vt 0.13929 0.36505
vt 0.76022 0.40099
vt 0.77240 0.39355
vt 0.76595 0.41565
vt 0.77068 0.28884
vt 0.78416 0.30893
vt 0.76805 0.30857
vt 0.17421 0.39293
vt 0.15383 0.39983
vt 0.15196 0.37849
vt 0.76805 0.30857
vt 0.78416 0.30893
vt 0.77596 0.31939
vt 0.12210 0.37872
vt 0.10338 0.38821
vt 0.10410 0.36208
vt 0.13929 0.36505
vt 0.12210 0.37872
vt 0.13418 0.35781
vt 0.75135 0.41244
vt 0.76022 0.40099
vt 0.76595 0.41565
vt 0.77068 0.28884
vt 0.78908 0.29109
vt 0.78416 0.30893
vt 0.78908 0.29109
vt 0.80684 0.28818
vt 0.79782 0.30928
vt 0.77596 0.31939
vt 0.78416 0.30893
vt 0.78617 0.32774
vt 0.77056 0.43846
vt 0.76595 0.41565
vt 0.77526 0.42360
vt 0.56955 0.27510
vt 0.55663 0.25437
vt 0.59767 0.24986
vt 0.70145 0.42049
vt 0.71757 0.40183
vt 0.71575 0.42764
vt 0.54445 0.25949
vt 0.55663 0.25437
vt 0.54281 0.26919
vt 0.54281 0.26919
vt 0.55663 0.25437
vt 0.56955 0.27510
vt 0.54081 0.29282
vt 0.54281 0.26919
vt 0.55029 0.28909
vt 0.60867 0.28261
vt 0.59342 0.27250
vt 0.60965 0.26815
vt 0.74706 0.39981
vt 0.76022 0.40099
vt 0.75135 0.41244
vt 0.74706 0.39981
vt 0.75135 0.41244
vt 0.75170 0.42219
vt 0.56955 0.27510
vt 0.55548 0.29956
vt 0.55029 0.28909
vt 0.73581 0.43035
vt 0.73597 0.41348
vt 0.75170 0.42219
vt 0.56869 0.30574
vt 0.56955 0.27510
vt 0.58596 0.29857
vt 0.74068 0.35879
vt 0.76505 0.36719
vt 0.75012 0.37269
vt 0.66915 0.07764
vt 0.68272 0.06342
vt 0.68488 0.07793
vt 0.72220 0.37637
vt 0.75012 0.37269
vt 0.73917 0.39129
vt 0.74068 0.35879
vt 0.75012 0.37269
vt 0.72220 0.37637
vt 0.75736 0.26548
vt 0.77302 0.25774
vt 0.76303 0.27199
vt 0.75012 0.37269
vt 0.76022 0.40099
vt 0.74706 0.39981
vt 0.88578 0.49814
vt 0.89218 0.51116
vt 0.88202 0.50470
vt 0.90008 0.48388
vt 0.89850 0.50311
vt 0.88578 0.49814
vt 0.58671 0.22587
vt 0.60894 0.22938
vt 0.59767 0.24986
vt 0.56159 0.61772
vt 0.57756 0.60847
vt 0.57670 0.64677
vt 0.88202 0.50470
vt 0.87297 0.50288
vt 0.88270 0.48949
vt 0.88270 0.48949
vt 0.87297 0.50288
vt 0.85846 0.48770
vt 0.90165 0.51720
vt 0.89850 0.50311
vt 0.91695 0.50189
vt 0.92650 0.50178
vt 0.91637 0.51607
vt 0.91695 0.50189
vt 0.54445 0.25949
vt 0.55226 0.24358
vt 0.55663 0.25437
vt 0.80684 0.28818
vt 0.81630 0.29393
vt 0.80609 0.29963
vt 0.57670 0.64677
vt 0.59303 0.65752
vt 0.58110 0.65631
vt 0.90165 0.51720
vt 0.89218 0.51116
vt 0.89850 0.50311
vt 0.54238 0.63694
vt 0.57670 0.64677
vt 0.55967 0.65758
vt 0.53124 0.64824
vt 0.54238 0.63694
vt 0.54730 0.65696
vt 0.81583 0.23862
vt 0.82647 0.24166
vt 0.81639 0.26696
vt 0.81639 0.26696
vt 0.82647 0.24166
vt 0.83595 0.26761
vt 0.81639 0.26696
vt 0.83595 0.26761
vt 0.81804 0.28003
vt 0.81630 0.29393
vt 0.81804 0.28003
vt 0.82291 0.29012
vt 0.80684 0.28818
vt 0.81804 0.28003
vt 0.81630 0.29393
vt 0.83081 0.48646
vt 0.82576 0.47658
vt 0.84336 0.46944
vt 0.81374 0.48363
vt 0.81392 0.46704
vt 0.82576 0.47658
vt 0.85846 0.48770
vt 0.84336 0.46944
vt 0.87346 0.46004
vt 0.88270 0.48949
vt 0.85846 0.48770
vt 0.88002 0.47661
vt 0.84336 0.46944
vt 0.85846 0.48770
vt 0.83081 0.48646
vt 0.87346 0.46004
vt 0.84336 0.46944
vt 0.84568 0.45669
vt 0.86465 0.51648
vt 0.84293 0.51741
vt 0.85531 0.50161
vt 0.66207 0.90658
vt 0.65861 0.89856
vt 0.66696 0.89912
vt 0.41547 0.38389
vt 0.41557 0.35729
vt 0.43896 0.37009
vt 0.39374 0.36929
vt 0.36221 0.38168
vt 0.39972 0.35166
vt 0.40786 0.36928
vt 0.39972 0.35166
vt 0.41557 0.35729
vt 0.41547 0.38389
vt 0.38860 0.38741
vt 0.40786 0.36928
vt 0.36400 0.39189
vt 0.36221 0.38168
vt 0.38860 0.38741
vt 0.34832 0.39111
vt 0.35339 0.36716
vt 0.36221 0.38168
vt 0.38860 0.38741
vt 0.39374 0.36929
vt 0.40786 0.36928
vt 0.38860 0.38741
vt 0.36221 0.38168
vt 0.39374 0.36929
vt 0.42691 0.41200
vt 0.41784 0.41057
vt 0.43574 0.40533
vt 0.45657 0.41471
vt 0.45081 0.39247
vt 0.45919 0.39919
vt 0.43542 0.39176
vt 0.41547 0.38389
vt 0.44246 0.37720
vt 0.41784 0.41057
vt 0.39661 0.40901
vt 0.41547 0.38389
vt 0.39661 0.40901
vt 0.38180 0.40947
vt 0.38860 0.38741
vt 0.69930 0.74791
vt 0.71304 0.75019
vt 0.69479 0.76301
vt 0.71304 0.75019
vt 0.73026 0.74817
vt 0.72322 0.76669
vt 0.72322 0.76669
vt 0.70649 0.77228
vt 0.69479 0.76301
vt 0.75978 0.73189
vt 0.75678 0.75528
vt 0.74670 0.74879
vt 0.75678 0.75528
vt 0.76242 0.76240
vt 0.74384 0.77911
vt 0.76242 0.76240
vt 0.78422 0.75952
vt 0.77342 0.77095
vt 0.76242 0.76240
vt 0.77342 0.77095
vt 0.76180 0.78891
vt 0.10774 0.00676
vt 0.09242 0.03346
vt 0.09330 0.00669
vt 0.11443 0.02837
vt 0.10771 0.04096
vt 0.09242 0.03346
vt 0.69079 0.11002
vt 0.69749 0.10019
vt 0.69452 0.12456
vt 0.70297 0.11483
vt 0.70320 0.12052
vt 0.69452 0.12456
vt 0.09242 0.03346
vt 0.09626 0.04330
vt 0.08649 0.03300
vt 0.70041 0.13516
vt 0.69452 0.12456
vt 0.70859 0.12774
vt 0.66808 0.84604
vt 0.66295 0.86101
vt 0.65155 0.85335
vt 0.66808 0.84604
vt 0.67157 0.86096
vt 0.66295 0.86101
vt 0.65425 0.83783
vt 0.65155 0.85335
vt 0.63278 0.85335
vt 0.65425 0.83783
vt 0.66808 0.84604
vt 0.65155 0.85335
vt 0.66808 0.84604
vt 0.68224 0.85034
vt 0.67157 0.86096
vt 0.68224 0.85034
vt 0.67968 0.85860
vt 0.67157 0.86096
vt 0.65155 0.85335
vt 0.66295 0.86101
vt 0.64825 0.87215
vt 0.13929 0.01024
vt 0.14083 0.01917
vt 0.12679 0.02874
vt 0.66808 0.84604
vt 0.68274 0.83067
vt 0.68224 0.85034
vt 0.70261 0.81516
vt 0.70148 0.84287
vt 0.68274 0.83067
vt 0.70148 0.84287
vt 0.70725 0.84524
vt 0.70101 0.84902
vt 0.70101 0.84902
vt 0.70725 0.84524
vt 0.70959 0.85068
vt 0.49974 0.37175
vt 0.50455 0.36415
vt 0.51327 0.37734
vt 0.50455 0.36415
vt 0.51560 0.36301
vt 0.51327 0.37734
vt 0.12679 0.02874
vt 0.12141 0.03401
vt 0.11443 0.02837
vt 0.12679 0.02874
vt 0.11443 0.02837
vt 0.11485 0.01106
vt 0.61873 0.52571
vt 0.63045 0.53859
vt 0.60721 0.53176
vt 0.61906 0.51396
vt 0.63895 0.51112
vt 0.61873 0.52571
vt 0.63895 0.51112
vt 0.65303 0.51325
vt 0.64035 0.54102
vt 0.65303 0.51325
vt 0.66186 0.52875
vt 0.64035 0.54102
vt 0.60156 0.50357
vt 0.61906 0.51396
vt 0.60721 0.53176
vt 0.60156 0.50357
vt 0.60721 0.53176
vt 0.58958 0.53131
vt 0.60156 0.50357
vt 0.62497 0.50073
vt 0.61906 0.51396
vt 0.61906 0.51396
vt 0.61873 0.52571
vt 0.60721 0.53176
vt 0.62497 0.50073
vt 0.61012 0.48420
vt 0.62031 0.48115
vt 0.62835 0.46552
vt 0.63649 0.47649
vt 0.62031 0.48115
vt 0.68978 0.53921
vt 0.70884 0.53226
vt 0.69769 0.55408
vt 0.70884 0.53226
vt 0.72723 0.56651
vt 0.69769 0.55408
vt 0.63045 0.53859
vt 0.64035 0.54102
vt 0.63223 0.56025
vt 0.44766 0.83465
vt 0.46591 0.84613
vt 0.44206 0.85143
vt 0.67223 0.54598
vt 0.68083 0.53226
vt 0.68978 0.53921
vt 0.67223 0.54598
vt 0.68978 0.53921
vt 0.69769 0.55408
vt 0.67223 0.54598
vt 0.68168 0.56296
vt 0.66426 0.56306
vt 0.67683 0.50351
vt 0.69123 0.51879
vt 0.66824 0.51746
vt 0.67683 0.50351
vt 0.69624 0.50379
vt 0.69123 0.51879
vt 0.68083 0.53226
vt 0.69123 0.51879
vt 0.68978 0.53921
vt 0.65933 0.50415
vt 0.67683 0.50351
vt 0.66824 0.51746
vt 0.76387 0.58337
vt 0.76750 0.56200
vt 0.77853 0.57749
vt 0.75332 0.59344
vt 0.73424 0.58106
vt 0.76387 0.58337
vt 0.73424 0.58106
vt 0.74776 0.55006
vt 0.76750 0.56200
vt 0.79612 0.54619
vt 0.79600 0.57517
vt 0.77853 0.57749
vt 0.77853 0.57749
vt 0.79600 0.57517
vt 0.78037 0.58936
vt 0.75977 0.60580
vt 0.76387 0.58337
vt 0.77853 0.57749
vt 0.77508 0.59502
vt 0.77853 0.57749
vt 0.78037 0.58936
vt 0.73198 0.54488
vt 0.74776 0.55006
vt 0.72723 0.56651
vt 0.72723 0.56651
vt 0.74776 0.55006
vt 0.73424 0.58106
vt 0.72981 0.52902
vt 0.74776 0.55006
vt 0.73198 0.54488
vt 0.75771 0.53142
vt 0.76750 0.56200
vt 0.74776 0.55006
vt 0.72981 0.52902
vt 0.75771 0.53142
vt 0.74776 0.55006
vt 0.89530 0.32182
vt 0.88580 0.33092
vt 0.88504 0.30794
vt 0.88580 0.33092
vt 0.87501 0.34919
vt 0.87804 0.32193
vt 0.87804 0.32193
vt 0.87501 0.34919
vt 0.85375 0.31904
vt 0.88345 0.30352
vt 0.88504 0.30794
vt 0.87727 0.30265
vt 0.90585 0.30483
vt 0.89530 0.32182
vt 0.88504 0.30794
vt 0.93157 0.34734
vt 0.91473 0.35259
vt 0.91593 0.33722
vt 0.93565 0.34115
vt 0.93157 0.34734
vt 0.91593 0.33722
vt 0.91593 0.33722
vt 0.89072 0.34988
vt 0.89530 0.32182
vt 0.91173 0.36820
vt 0.90379 0.39040
vt 0.89918 0.37646
vt 0.93054 0.36756
vt 0.92623 0.38098
vt 0.91173 0.36820
vt 0.91173 0.36820
vt 0.92108 0.39669
vt 0.90379 0.39040
vt 0.92108 0.39669
vt 0.90870 0.41179
vt 0.90379 0.39040
vt 0.90379 0.39040
vt 0.88752 0.41161
vt 0.89918 0.37646
vt 0.89918 0.37646
vt 0.88752 0.41161
vt 0.88000 0.37030
vt 0.91473 0.35259
vt 0.89918 0.37646
vt 0.88000 0.37030
vt 0.87804 0.32193
vt 0.86524 0.30117
vt 0.87727 0.30265
vt 0.68516 0.91850
vt 0.67867 0.91047
vt 0.69354 0.90674
vt 0.68516 0.91850
vt 0.69354 0.90674
vt 0.68838 0.92709
vt 0.44632 0.29780
vt 0.43656 0.30344
vt 0.43825 0.29611
vt 0.51217 0.19282
vt 0.51367 0.18825
vt 0.52015 0.20218
vt 0.51300 0.20018
vt 0.51267 0.19697
vt 0.52015 0.20218
vt 0.47083 0.33957
vt 0.45761 0.34736
vt 0.46110 0.33806
vt 0.46110 0.33806
vt 0.44856 0.33987
vt 0.45422 0.31648
vt 0.47250 0.35987
vt 0.45761 0.34736
vt 0.47083 0.33957
vt 0.45761 0.34736
vt 0.44856 0.33987
vt 0.46110 0.33806
vt 0.82363 0.89314
vt 0.82096 0.87877
vt 0.82819 0.88869
vt 0.05783 0.81530
vt 0.06653 0.84652
vt 0.03380 0.82996
vt 0.05736 0.85191
vt 0.05120 0.84621
vt 0.06653 0.84652
vt 0.82819 0.88869
vt 0.83674 0.87476
vt 0.85296 0.88237
vt 0.41057 0.87316
vt 0.42409 0.85397
vt 0.42758 0.86247
vt 0.79887 0.88474
vt 0.80029 0.86658
vt 0.82096 0.87877
vt 0.42796 0.87656
vt 0.42758 0.86247
vt 0.43802 0.86859
vt 0.58198 0.10291
vt 0.59947 0.09143
vt 0.59887 0.11498
vt 0.59947 0.09143
vt 0.60750 0.07927
vt 0.61517 0.09679
vt 0.58198 0.10291
vt 0.58993 0.08495
vt 0.59947 0.09143
vt 0.56876 0.08701
vt 0.57969 0.07187
vt 0.58993 0.08495
vt 0.60310 0.07167
vt 0.58993 0.08495
vt 0.57969 0.07187
vt 0.59947 0.09143
vt 0.58993 0.08495
vt 0.60750 0.07927
vt 0.58993 0.08495
vt 0.60310 0.07167
vt 0.60750 0.07927
vt 0.61517 0.09679
vt 0.60750 0.07927
vt 0.61895 0.07683
vt 0.59782 0.13123
vt 0.59887 0.11498
vt 0.61929 0.11568
vt 0.97388 0.88177
vt 0.97733 0.86776
vt 0.98081 0.87942
vt 0.61547 0.14626
vt 0.58545 0.14184
vt 0.59782 0.13123
vt 0.54020 0.15443
vt 0.55119 0.13506
vt 0.57354 0.14251
vt 0.55119 0.13506
vt 0.54154 0.12342
vt 0.55916 0.12546
vt 0.54154 0.12342
vt 0.55236 0.12292
vt 0.55916 0.12546
vt 0.57354 0.14251
vt 0.55916 0.12546
vt 0.56940 0.12192
vt 0.54735 0.11081
vt 0.52319 0.11021
vt 0.54872 0.09854
vt 0.52319 0.11021
vt 0.53081 0.08514
vt 0.54872 0.09854
vt 0.54872 0.09854
vt 0.56876 0.08701
vt 0.56574 0.11192
vt 0.53186 0.13393
vt 0.54154 0.12342
vt 0.55119 0.13506
vt 0.60324 0.82374
vt 0.61181 0.83427
vt 0.58810 0.84661
vt 0.52751 0.12179
vt 0.52319 0.11021
vt 0.54735 0.11081
vt 0.54154 0.12342
vt 0.54735 0.11081
vt 0.55236 0.12292
vt 0.52751 0.12179
vt 0.50278 0.11693
vt 0.52319 0.11021
vt 0.49710 0.11267
vt 0.50523 0.10639
vt 0.50278 0.11693
vt 0.51702 0.08961
vt 0.50300 0.09739
vt 0.52132 0.07709
vt 0.48123 0.06241
vt 0.47298 0.05874
vt 0.48146 0.05337
vt 0.50300 0.09739
vt 0.50523 0.10639
vt 0.49339 0.10363
vt 0.72832 0.65285
vt 0.72342 0.63983
vt 0.73716 0.64307
vt 0.72342 0.63983
vt 0.73680 0.63338
vt 0.73716 0.64307
vt 0.71277 0.63110
vt 0.72342 0.63983
vt 0.71319 0.65625
vt 0.70630 0.64455
vt 0.71277 0.63110
vt 0.71319 0.65625
vt 0.70738 0.58268
vt 0.73424 0.58106
vt 0.73276 0.59808
vt 0.73276 0.59808
vt 0.73424 0.58106
vt 0.75332 0.59344
vt 0.72885 0.62169
vt 0.73276 0.59808
vt 0.73927 0.61387
vt 0.70738 0.58268
vt 0.73276 0.59808
vt 0.71816 0.61006
vt 0.89918 0.22157
vt 0.89695 0.23488
vt 0.89140 0.21830
vt 0.89960 0.18957
vt 0.89918 0.22157
vt 0.88980 0.20098
vt 0.89140 0.21830
vt 0.88980 0.20098
vt 0.89918 0.22157
vt 0.54917 0.79689
vt 0.54029 0.79862
vt 0.54327 0.79261
vt 0.90283 0.24120
vt 0.89695 0.23488
vt 0.91009 0.23224
vt 0.55332 0.77885
vt 0.56513 0.79106
vt 0.54327 0.79261
vt 0.55332 0.77885
vt 0.54327 0.79261
vt 0.54388 0.78642
vt 0.55235 0.80562
vt 0.55941 0.81593
vt 0.55062 0.81207
vt 0.56276 0.79935
vt 0.55235 0.80562
vt 0.54917 0.79689
vt 0.59093 0.77732
vt 0.56513 0.79106
vt 0.56761 0.77300
vt 0.37750 0.93657
vt 0.36854 0.92004
vt 0.37139 0.92918
vt 0.34854 0.91760
vt 0.35587 0.90174
vt 0.36239 0.91287
vt 0.33572 0.93023
vt 0.33505 0.92044
vt 0.34854 0.91760
vt 0.59113 0.86960
vt 0.61415 0.87378
vt 0.60554 0.89022
vt 0.33572 0.93023
vt 0.34854 0.91760
vt 0.34865 0.93137
vt 0.89930 0.86138
vt 0.90630 0.85852
vt 0.90445 0.86993
vt 0.87836 0.88062
vt 0.89930 0.86138
vt 0.90445 0.86993
vt 0.89256 0.88073
vt 0.87836 0.88062
vt 0.90445 0.86993
vt 0.40327 0.97458
vt 0.38710 0.96126
vt 0.39720 0.95306
vt 0.43181 0.96394
vt 0.40327 0.97458
vt 0.41580 0.94212
vt 0.38710 0.96126
vt 0.36714 0.96867
vt 0.34865 0.93137
vt 0.38448 0.97527
vt 0.36714 0.96867
vt 0.38710 0.96126
vt 0.39788 0.84514
vt 0.40165 0.82597
vt 0.41854 0.83949
vt 0.37271 0.84959
vt 0.39788 0.84514
vt 0.38757 0.86944
vt 0.40304 0.86251
vt 0.41854 0.83949
vt 0.42409 0.85397
vt 0.52511 0.59356
vt 0.52865 0.60977
vt 0.51933 0.61399
vt 0.94836 0.86427
vt 0.93976 0.84676
vt 0.95460 0.85481
vt 0.42432 0.57258
vt 0.41579 0.58520
vt 0.40457 0.58387
vt 0.52134 0.38975
vt 0.51327 0.37734
vt 0.54299 0.39114
vt 0.98032 0.84587
vt 0.99143 0.86065
vt 0.96088 0.86152
vt 0.94836 0.86427
vt 0.95460 0.85481
vt 0.96088 0.86152
vt 0.64841 0.01412
vt 0.65620 0.03038
vt 0.63980 0.02976
vt 0.95460 0.85481
vt 0.96700 0.84242
vt 0.96088 0.86152
vt 0.63682 0.61488
vt 0.65999 0.59388
vt 0.66566 0.61703
vt 0.63682 0.61488
vt 0.66566 0.61703
vt 0.66109 0.62393
vt 0.66907 0.58272
vt 0.66426 0.56306
vt 0.68168 0.56296
vt 0.65095 0.56055
vt 0.66426 0.56306
vt 0.66907 0.58272
vt 0.07718 0.47689
vt 0.06539 0.48821
vt 0.06268 0.47421
vt 0.08444 0.47394
vt 0.09134 0.48874
vt 0.06539 0.48821
vt 0.12446 0.53182
vt 0.10953 0.51435
vt 0.12074 0.51468
vt 0.09566 0.52540
vt 0.10953 0.51435
vt 0.11241 0.53174
vt 0.93565 0.34115
vt 0.92206 0.32380
vt 0.93166 0.32941
vt 0.93166 0.32941
vt 0.93408 0.32659
vt 0.93696 0.33285
vt 0.65896 0.63402
vt 0.66109 0.62393
vt 0.66919 0.63656
vt 0.91593 0.33722
vt 0.91684 0.31573
vt 0.92206 0.32380
vt 0.09566 0.52540
vt 0.10362 0.50666
vt 0.10953 0.51435
vt 0.50579 0.15080
vt 0.49961 0.14654
vt 0.51180 0.13987
vt 0.08232 0.51492
vt 0.09215 0.51016
vt 0.09566 0.52540
vt 0.51180 0.13987
vt 0.49961 0.14654
vt 0.49928 0.13724
vt 0.67498 0.63129
vt 0.68580 0.62970
vt 0.68458 0.64080
vt 0.66566 0.61703
vt 0.67337 0.60409
vt 0.68987 0.61876
vt 0.66109 0.62393
vt 0.66566 0.61703
vt 0.67498 0.63129
vt 0.52891 0.21537
vt 0.52105 0.22243
vt 0.52295 0.21077
vt 0.52295 0.21077
vt 0.51463 0.21567
vt 0.52015 0.20218
vt 0.65999 0.59388
vt 0.69084 0.59993
vt 0.67337 0.60409
vt 0.65095 0.56055
vt 0.66907 0.58272
vt 0.65999 0.59388
vt 0.61699 0.55701
vt 0.62654 0.57387
vt 0.60884 0.56780
vt 0.56190 0.55137
vt 0.57789 0.53874
vt 0.57582 0.56301
vt 0.63278 0.85335
vt 0.61157 0.85136
vt 0.62103 0.84387
vt 0.49872 0.70296
vt 0.47845 0.69676
vt 0.49251 0.68325
vt 0.47156 0.71129
vt 0.46093 0.70579
vt 0.47030 0.69162
vt 0.48370 0.71321
vt 0.47156 0.71129
vt 0.47845 0.69676
vt 0.50842 0.69400
vt 0.49251 0.68325
vt 0.50397 0.68505
vt 0.50397 0.68505
vt 0.49251 0.68325
vt 0.49719 0.66744
vt 0.50842 0.69400
vt 0.50397 0.68505
vt 0.51568 0.67765
vt 0.51863 0.68875
vt 0.50842 0.69400
vt 0.51568 0.67765
vt 0.82299 0.72598
vt 0.81508 0.74423
vt 0.79909 0.73276
vt 0.80762 0.69964
vt 0.81117 0.71883
vt 0.79909 0.73276
vt 0.76747 0.72104
vt 0.76926 0.73347
vt 0.75978 0.73189
vt 0.76926 0.73347
vt 0.76242 0.76240
vt 0.75678 0.75528
vt 0.77920 0.71153
vt 0.79909 0.73276
vt 0.76242 0.76240
vt 0.06268 0.47421
vt 0.05084 0.48447
vt 0.05237 0.47706
vt 0.08444 0.47394
vt 0.06539 0.48821
vt 0.07718 0.47689
vt 0.70490 0.28943
vt 0.67029 0.27634
vt 0.69691 0.25834
vt 0.79307 0.06518
vt 0.80827 0.04954
vt 0.81147 0.06552
vt 0.80827 0.04954
vt 0.83086 0.05874
vt 0.81147 0.06552
vt 0.81147 0.06552
vt 0.83086 0.05874
vt 0.81323 0.08107
vt 0.75839 0.07254
vt 0.78168 0.08415
vt 0.76544 0.08384
vt 0.75839 0.07254
vt 0.75971 0.05011
vt 0.77529 0.05613
vt 0.78168 0.08415
vt 0.79887 0.08497
vt 0.79057 0.10311
vt 0.76544 0.08384
vt 0.78168 0.08415
vt 0.77797 0.10400
vt 0.76941 0.03812
vt 0.77843 0.01492
vt 0.78859 0.03316
vt 0.78859 0.03316
vt 0.77843 0.01492
vt 0.80432 0.01894
vt 0.77529 0.05613
vt 0.76941 0.03812
vt 0.78859 0.03316
vt 0.76373 0.00726
vt 0.77843 0.01492
vt 0.76941 0.03812
vt 0.77843 0.01492
vt 0.76373 0.00726
vt 0.79129 0.00574
vt 0.80432 0.01894
vt 0.79129 0.00574
vt 0.80247 0.00916
vt 0.78859 0.03316
vt 0.80432 0.01894
vt 0.80827 0.04954
vt 0.73947 0.47965
vt 0.75539 0.48081
vt 0.74071 0.50559
vt 0.75539 0.48081
vt 0.75396 0.45403
vt 0.77431 0.47157
vt 0.75539 0.48081
vt 0.77431 0.47157
vt 0.76768 0.50028
vt 0.69249 0.48436
vt 0.68698 0.46724
vt 0.70213 0.46040
vt 0.70213 0.46040
vt 0.71371 0.45054
vt 0.71121 0.47746
vt 0.67151 0.46053
vt 0.68357 0.44301
vt 0.68698 0.46724
vt 0.68698 0.46724
vt 0.68357 0.44301
vt 0.70213 0.46040
vt 0.71371 0.45054
vt 0.73253 0.44504
vt 0.73494 0.46718
vt 0.73253 0.44504
vt 0.75396 0.45403
vt 0.73494 0.46718
vt 0.73494 0.46718
vt 0.75396 0.45403
vt 0.73947 0.47965
vt 0.69467 0.43214
vt 0.71575 0.42764
vt 0.71371 0.45054
vt 0.70145 0.42049
vt 0.71575 0.42764
vt 0.69467 0.43214
vt 0.73253 0.44504
vt 0.74569 0.43693
vt 0.75396 0.45403
vt 0.61344 0.20797
vt 0.62155 0.20016
vt 0.63513 0.20702
vt 0.68975 0.06037
vt 0.68488 0.07793
vt 0.68272 0.06342
vt 0.64259 0.33318
vt 0.62825 0.34545
vt 0.62891 0.30955
vt 0.68395 0.08750
vt 0.66915 0.07764
vt 0.68488 0.07793
vt 0.63252 0.28195
vt 0.62891 0.30955
vt 0.60591 0.30261
vt 0.77302 0.25774
vt 0.76769 0.23868
vt 0.78702 0.24140
vt 0.78702 0.24140
vt 0.80472 0.21568
vt 0.79916 0.24155
vt 0.73775 0.23068
vt 0.74227 0.22455
vt 0.74917 0.23091
vt 0.75736 0.26548
vt 0.75499 0.24283
vt 0.77302 0.25774
vt 0.75627 0.22046
vt 0.74256 0.20431
vt 0.76590 0.18750
vt 0.55715 0.56993
vt 0.54418 0.57827
vt 0.54874 0.56007
vt 0.73744 0.20946
vt 0.74256 0.20431
vt 0.75627 0.22046
vt 0.55715 0.56993
vt 0.56190 0.55137
vt 0.57582 0.56301
vt 0.69936 0.31603
vt 0.70490 0.28943
vt 0.71014 0.32042
vt 0.94841 0.97534
vt 0.96869 0.96933
vt 0.97274 0.98896
vt 0.75138 0.06223
vt 0.75971 0.05011
vt 0.75839 0.07254
vt 0.73898 0.07020
vt 0.75138 0.06223
vt 0.75839 0.07254
vt 0.74787 0.08798
vt 0.76544 0.08384
vt 0.75817 0.10574
vt 0.71984 0.07501
vt 0.73244 0.07577
vt 0.72707 0.09577
vt 0.73971 0.02329
vt 0.73686 0.01000
vt 0.75261 0.03030
vt 0.72785 0.04869
vt 0.74252 0.04767
vt 0.73898 0.07020
vt 0.64775 0.46807
vt 0.67151 0.46053
vt 0.65831 0.47050
vt 0.66122 0.44453
vt 0.67457 0.43958
vt 0.67151 0.46053
vt 0.60271 0.75049
vt 0.61460 0.74702
vt 0.60458 0.76624
vt 0.61460 0.74702
vt 0.62224 0.77555
vt 0.60458 0.76624
vt 0.64261 0.76668
vt 0.63535 0.78844
vt 0.62224 0.77555
vt 0.65694 0.75668
vt 0.66822 0.76804
vt 0.65706 0.78984
vt 0.69344 0.39718
vt 0.71757 0.40183
vt 0.69302 0.40997
vt 0.67683 0.50351
vt 0.68698 0.46724
vt 0.68291 0.48932
vt 0.64293 0.44410
vt 0.64775 0.46807
vt 0.63649 0.47649
vt 0.64293 0.44410
vt 0.67151 0.46053
vt 0.64775 0.46807
vt 0.61885 0.43400
vt 0.63014 0.44093
vt 0.62835 0.46552
vt 0.63014 0.44093
vt 0.63578 0.43207
vt 0.64293 0.44410
vt 0.63014 0.44093
vt 0.64293 0.44410
vt 0.62835 0.46552
vt 0.64293 0.44410
vt 0.66122 0.44453
vt 0.67151 0.46053
vt 0.67756 0.40567
vt 0.69302 0.40997
vt 0.66926 0.42367
vt 0.67756 0.40567
vt 0.68914 0.40757
vt 0.69302 0.40997
vt 0.63520 0.74584
vt 0.64261 0.76668
vt 0.62224 0.77555
vt 0.65165 0.42414
vt 0.67457 0.43958
vt 0.66122 0.44453
vt 0.97988 0.90994
vt 0.99095 0.90213
vt 0.99260 0.91621
vt 0.96576 0.89779
vt 0.97988 0.90994
vt 0.97436 0.91781
vt 0.97988 0.90994
vt 0.97388 0.88177
vt 0.99095 0.90213
vt 0.97388 0.88177
vt 0.98567 0.89111
vt 0.99095 0.90213
vt 0.65891 0.33183
vt 0.64259 0.33318
vt 0.66098 0.32779
vt 0.98599 0.93882
vt 0.97988 0.90994
vt 0.99260 0.91621
vt 0.67600 0.32229
vt 0.65891 0.33183
vt 0.66098 0.32779
vt 0.16557 0.94784
vt 0.15599 0.94005
vt 0.16918 0.92736
vt 0.60458 0.76624
vt 0.60655 0.78055
vt 0.59093 0.77732
vt 0.96871 0.93157
vt 0.96072 0.92790
vt 0.97436 0.91781
vt 0.59093 0.77732
vt 0.60655 0.78055
vt 0.59405 0.78716
vt 0.58977 0.76062
vt 0.60458 0.76624
vt 0.59093 0.77732
vt 0.16302 0.92281
vt 0.15599 0.94005
vt 0.15268 0.92404
vt 0.14117 0.95883
vt 0.12844 0.96715
vt 0.12967 0.95600
vt 0.95746 0.87182
vt 0.97388 0.88177
vt 0.96067 0.88156
vt 0.14117 0.95883
vt 0.13106 0.94586
vt 0.15599 0.94005
vt 0.72710 0.33246
vt 0.73691 0.33029
vt 0.73821 0.34024
vt 0.73691 0.33029
vt 0.74561 0.32701
vt 0.73821 0.34024
vt 0.71977 0.33492
vt 0.72710 0.33246
vt 0.72368 0.35317
vt 0.70246 0.61370
vt 0.71816 0.61006
vt 0.71277 0.63110
vt 0.71277 0.63110
vt 0.71816 0.61006
vt 0.72885 0.62169
vt 0.70246 0.61370
vt 0.71277 0.63110
vt 0.70000 0.62954
vt 0.71816 0.61006
vt 0.73276 0.59808
vt 0.72885 0.62169
vt 0.71277 0.63110
vt 0.72885 0.62169
vt 0.72342 0.63983
vt 0.74107 0.31032
vt 0.74561 0.32701
vt 0.73691 0.33029
vt 0.74561 0.32701
vt 0.75030 0.30868
vt 0.75163 0.32372
vt 0.73821 0.34024
vt 0.74559 0.35019
vt 0.74068 0.35879
vt 0.72368 0.35317
vt 0.72710 0.33246
vt 0.73821 0.34024
vt 0.71176 0.33453
vt 0.71977 0.33492
vt 0.72368 0.35317
vt 0.71176 0.33453
vt 0.72368 0.35317
vt 0.70796 0.34930
vt 0.34051 0.61234
vt 0.32988 0.62566
vt 0.32027 0.61754
vt 0.34051 0.61234
vt 0.32027 0.61754
vt 0.33125 0.60288
vt 0.33459 0.64389
vt 0.31686 0.64065
vt 0.32988 0.62566
vt 0.34772 0.62433
vt 0.34329 0.63560
vt 0.32988 0.62566
vt 0.33459 0.64389
vt 0.31032 0.66973
vt 0.31686 0.64065
vt 0.55677 0.58406
vt 0.57826 0.58001
vt 0.56054 0.59713
vt 0.57569 0.56949
vt 0.57826 0.58001
vt 0.55677 0.58406
vt 0.54418 0.57827
vt 0.55677 0.58406
vt 0.55184 0.59780
vt 0.57582 0.56301
vt 0.57789 0.53874
vt 0.59401 0.55767
vt 0.57789 0.53874
vt 0.58958 0.53131
vt 0.59401 0.55767
vt 0.33664 0.77125
vt 0.32186 0.76676
vt 0.34511 0.75768
vt 0.34511 0.75768
vt 0.32186 0.76676
vt 0.33873 0.74335
vt 0.37182 0.77024
vt 0.34451 0.77212
vt 0.37056 0.75111
vt 0.39557 0.74083
vt 0.38993 0.75714
vt 0.38172 0.73773
vt 0.88980 0.20098
vt 0.88314 0.21385
vt 0.87738 0.21254
vt 0.88980 0.20098
vt 0.87472 0.19506
vt 0.88579 0.17183
vt 0.88980 0.20098
vt 0.87738 0.21254
vt 0.87472 0.19506
vt 0.91525 0.20056
vt 0.89960 0.18957
vt 0.91249 0.18615
vt 0.38993 0.75714
vt 0.37056 0.75111
vt 0.38172 0.73773
vt 0.88889 0.04876
vt 0.88951 0.02709
vt 0.90659 0.03326
vt 0.88889 0.04876
vt 0.87907 0.03137
vt 0.88951 0.02709
vt 0.35840 0.80451
vt 0.32324 0.81597
vt 0.34814 0.78742
vt 0.19521 0.51342
vt 0.19260 0.52898
vt 0.18216 0.51182
vt 0.34814 0.78742
vt 0.33456 0.78583
vt 0.34451 0.77212
vt 0.90406 0.04505
vt 0.88889 0.04876
vt 0.90659 0.03326
vt 0.73365 0.25117
vt 0.72651 0.26605
vt 0.72786 0.25747
vt 0.74004 0.25632
vt 0.72651 0.26605
vt 0.73365 0.25117
vt 0.52487 0.17219
vt 0.54020 0.15443
vt 0.54652 0.18052
vt 0.90596 0.07615
vt 0.90406 0.04505
vt 0.92278 0.06202
vt 0.35409 0.14443
vt 0.37075 0.14147
vt 0.35966 0.16785
vt 0.37075 0.14147
vt 0.35409 0.14443
vt 0.36284 0.13417
vt 0.37075 0.14147
vt 0.36284 0.13417
vt 0.36834 0.12566
vt 0.36834 0.12566
vt 0.36284 0.13417
vt 0.35511 0.12167
vt 0.34790 0.11023
vt 0.33659 0.10620
vt 0.34008 0.09444
vt 0.52023 0.32952
vt 0.53965 0.32983
vt 0.54224 0.34311
vt 0.51560 0.36301
vt 0.51857 0.34801
vt 0.54299 0.39114
vt 0.53120 0.31521
vt 0.53965 0.32983
vt 0.52023 0.32952
vt 0.54224 0.34311
vt 0.55409 0.35125
vt 0.55447 0.35655
vt 0.70148 0.84287
vt 0.71609 0.83029
vt 0.70725 0.84524
vt 0.71975 0.81448
vt 0.73037 0.82415
vt 0.71609 0.83029
vt 0.59130 0.39189
vt 0.58803 0.38441
vt 0.59930 0.38831
vt 0.50922 0.31410
vt 0.50730 0.29912
vt 0.51509 0.30309
vt 0.59255 0.37267
vt 0.60149 0.36554
vt 0.60416 0.38426
vt 0.60416 0.38426
vt 0.60899 0.36705
vt 0.61897 0.37710
vt 0.89147 0.90439
vt 0.89590 0.89683
vt 0.89763 0.91870
vt 0.88448 0.91261
vt 0.89147 0.90439
vt 0.89763 0.91870
vt 0.91364 0.92438
vt 0.89763 0.91870
vt 0.91568 0.90919
vt 0.86611 0.91424
vt 0.88448 0.91261
vt 0.88428 0.93353
vt 0.33659 0.10620
vt 0.32649 0.10333
vt 0.33464 0.08750
vt 0.86611 0.91424
vt 0.86539 0.90555
vt 0.88448 0.91261
vt 0.44498 0.97415
vt 0.43944 0.98321
vt 0.43535 0.97432
vt 0.86925 0.89803
vt 0.86842 0.88613
vt 0.88218 0.89144
vt 0.43535 0.97432
vt 0.42819 0.97899
vt 0.43181 0.96394
vt 0.60271 0.75049
vt 0.60458 0.76624
vt 0.58977 0.76062
vt 0.43944 0.98321
vt 0.42819 0.97899
vt 0.43535 0.97432
vt 0.42819 0.97899
vt 0.40327 0.97458
vt 0.43181 0.96394
vt 0.58416 0.74968
vt 0.60271 0.75049
vt 0.58977 0.76062
vt 0.59771 0.73919
vt 0.58416 0.74968
vt 0.58717 0.73276
vt 0.60643 0.73466
vt 0.59771 0.73919
vt 0.58717 0.73276
vt 0.59771 0.73919
vt 0.60271 0.75049
vt 0.58416 0.74968
vt 0.49918 0.45609
vt 0.51582 0.44627
vt 0.52080 0.46372
vt 0.41484 0.60173
vt 0.40471 0.61410
vt 0.40680 0.60802
vt 0.40471 0.61410
vt 0.41535 0.62713
vt 0.39807 0.62674
vt 0.50074 0.43910
vt 0.50004 0.43421
vt 0.51313 0.43347
vt 0.49918 0.45609
vt 0.52080 0.46372
vt 0.49745 0.47192
vt 0.41484 0.60173
vt 0.40680 0.60802
vt 0.40480 0.59167
vt 0.58810 0.84661
vt 0.61157 0.85136
vt 0.59113 0.86960
vt 0.43863 0.62223
vt 0.43131 0.60572
vt 0.44791 0.59876
vt 0.43863 0.62223
vt 0.42275 0.61756
vt 0.43131 0.60572
vt 0.42275 0.61756
vt 0.41535 0.62713
vt 0.40471 0.61410
vt 0.42275 0.61756
vt 0.41484 0.60173
vt 0.43131 0.60572
vt 0.58810 0.84661
vt 0.59113 0.86960
vt 0.57157 0.86443
vt 0.42024 0.65441
vt 0.41110 0.65430
vt 0.41439 0.64433
vt 0.61157 0.85136
vt 0.61415 0.87378
vt 0.59113 0.86960
vt 0.42980 0.63589
vt 0.41535 0.62713
vt 0.42275 0.61756
vt 0.43592 0.66000
vt 0.42264 0.64340
vt 0.42980 0.63589
vt 0.43592 0.66000
vt 0.42024 0.65441
vt 0.42264 0.64340
vt 0.41110 0.65430
vt 0.40563 0.64587
vt 0.41439 0.64433
vt 0.41535 0.62713
vt 0.41439 0.64433
vt 0.40128 0.63365
vt 0.41535 0.62713
vt 0.42264 0.64340
vt 0.41439 0.64433
vt 0.30826 0.88182
vt 0.33639 0.88612
vt 0.32963 0.90688
vt 0.29566 0.85765
vt 0.30455 0.85311
vt 0.30826 0.88182
vt 0.98897 0.17525
vt 0.98510 0.18118
vt 0.97554 0.16579
vt 0.06079 0.18573
vt 0.04113 0.18065
vt 0.06414 0.15693
vt 0.69624 0.50379
vt 0.68291 0.48932
vt 0.69249 0.48436
vt 0.07292 0.80060
vt 0.07835 0.81851
vt 0.05783 0.81530
vt 0.84186 0.39819
vt 0.82529 0.41835
vt 0.83189 0.39839
vt 0.80930 0.42430
vt 0.81227 0.39842
vt 0.82529 0.41835
vt 0.03799 0.78339
vt 0.05297 0.79206
vt 0.04148 0.79699
vt 0.05297 0.79206
vt 0.06299 0.79541
vt 0.04148 0.79699
vt 0.80755 0.44293
vt 0.80122 0.45194
vt 0.79685 0.43361
vt 0.98874 0.16317
vt 0.97699 0.15468
vt 0.98647 0.14968
vt 0.04148 0.79699
vt 0.06299 0.79541
vt 0.05783 0.81530
vt 0.82167 0.43501
vt 0.80755 0.44293
vt 0.80930 0.42430
vt 0.82529 0.41835
vt 0.82167 0.43501
vt 0.80930 0.42430
vt 0.86423 0.40384
vt 0.84705 0.41396
vt 0.85230 0.39880
vt 0.86423 0.40384
vt 0.85230 0.39880
vt 0.86216 0.38782
vt 0.06653 0.84652
vt 0.07815 0.85598
vt 0.07344 0.85456
vt 0.56955 0.27510
vt 0.59342 0.27250
vt 0.58596 0.29857
vt 0.81392 0.46704
vt 0.80396 0.46129
vt 0.81300 0.45792
vt 0.81300 0.45792
vt 0.80122 0.45194
vt 0.80755 0.44293
vt 0.80825 0.34572
vt 0.80643 0.36282
vt 0.80113 0.35805
vt 0.81695 0.38559
vt 0.79823 0.37715
vt 0.80643 0.36282
vt 0.71040 0.92610
vt 0.70839 0.94076
vt 0.70195 0.93539
vt 0.77332 0.90850
vt 0.76289 0.91368
vt 0.76989 0.89681
vt 0.81227 0.39842
vt 0.79169 0.39828
vt 0.79466 0.38626
vt 0.71040 0.92610
vt 0.73062 0.92310
vt 0.70839 0.94076
vt 0.81695 0.38559
vt 0.81227 0.39842
vt 0.79823 0.37715
vt 0.73072 0.89813
vt 0.73013 0.88394
vt 0.76989 0.89681
vt 0.75510 0.92145
vt 0.74126 0.91827
vt 0.76289 0.91368
vt 0.33639 0.88612
vt 0.35587 0.90174
vt 0.32963 0.90688
vt 0.57569 0.56949
vt 0.59401 0.55767
vt 0.59600 0.57547
vt 0.57569 0.56949
vt 0.59600 0.57547
vt 0.58690 0.58988
vt 0.59600 0.57547
vt 0.60884 0.56780
vt 0.60498 0.58134
vt 0.70246 0.61370
vt 0.69084 0.59993
vt 0.70738 0.58268
vt 0.72885 0.62169
vt 0.75387 0.62782
vt 0.75096 0.63825
vt 0.49339 0.10363
vt 0.49328 0.09010
vt 0.50300 0.09739
vt 0.44593 0.22580
vt 0.42573 0.24255
vt 0.42832 0.21464
vt 0.42573 0.24255
vt 0.41983 0.22251
vt 0.42832 0.21464
vt 0.35409 0.14443
vt 0.35966 0.16785
vt 0.33930 0.14464
vt 0.73062 0.92310
vt 0.74126 0.93242
vt 0.72709 0.94078
vt 0.04382 0.93807
vt 0.06140 0.91294
vt 0.05643 0.92939
vt 0.73062 0.92310
vt 0.75510 0.92145
vt 0.74126 0.93242
vt 0.73062 0.92310
vt 0.74126 0.91827
vt 0.75510 0.92145
vt 0.35511 0.12167
vt 0.34437 0.12174
vt 0.34790 0.11023
vt 0.32649 0.10333
vt 0.32500 0.08341
vt 0.33464 0.08750
vt 0.60494 0.84158
vt 0.61157 0.85136
vt 0.58810 0.84661
vt 0.60494 0.84158
vt 0.61181 0.83427
vt 0.61157 0.85136
vt 0.54535 0.48309
vt 0.53471 0.46160
vt 0.55064 0.46686
vt 0.99051 0.18840
vt 0.99297 0.19635
vt 0.98688 0.19285
vt 0.46411 0.47885
vt 0.46375 0.46320
vt 0.46927 0.47633
vt 0.40797 0.25947
vt 0.39912 0.24955
vt 0.40633 0.24521
vt 0.67461 0.66417
vt 0.67374 0.67185
vt 0.66071 0.66214
vt 0.46411 0.47885
vt 0.46082 0.46024
vt 0.46375 0.46320
vt 0.46082 0.46024
vt 0.46411 0.47885
vt 0.45741 0.48221
vt 0.47161 0.48913
vt 0.46405 0.49353
vt 0.46411 0.47885
vt 0.24745 0.81646
vt 0.22610 0.84599
vt 0.22559 0.81580
vt 0.46405 0.49353
vt 0.47161 0.48913
vt 0.46816 0.50514
vt 0.01532 0.25280
vt 0.02582 0.25015
vt 0.02086 0.26092
vt 0.46816 0.50514
vt 0.47161 0.48913
vt 0.48141 0.50221
vt 0.99051 0.18840
vt 0.98688 0.19285
vt 0.98510 0.18118
vt 0.98897 0.17525
vt 0.99051 0.18840
vt 0.98510 0.18118
vt 0.47390 0.51351
vt 0.48120 0.51065
vt 0.48256 0.51865
vt 0.46816 0.50514
vt 0.48141 0.50221
vt 0.48120 0.51065
vt 0.54128 0.07135
vt 0.55077 0.08880
vt 0.54872 0.09854
vt 0.98859 0.15272
vt 0.98874 0.16317
vt 0.98647 0.14968
vt 0.05783 0.81530
vt 0.06299 0.79541
vt 0.07292 0.80060
vt 0.98647 0.14968
vt 0.97699 0.15468
vt 0.98332 0.14604
vt 0.50968 0.06567
vt 0.52132 0.07709
vt 0.49602 0.08668
vt 0.32195 0.24533
vt 0.31266 0.24144
vt 0.33759 0.20774
vt 0.03841 0.77726
vt 0.03799 0.78339
vt 0.03172 0.77457
vt 0.60180 0.68892
vt 0.58268 0.69071
vt 0.58023 0.68139
vt 0.58268 0.69071
vt 0.60180 0.68892
vt 0.58970 0.69464
vt 0.58023 0.68139
vt 0.58268 0.69071
vt 0.57071 0.67885
vt 0.07481 0.44995
vt 0.05735 0.44585
vt 0.07072 0.43400
vt 0.05735 0.44585
vt 0.04993 0.43600
vt 0.07072 0.43400
vt 0.05735 0.44585
vt 0.03817 0.45542
vt 0.04993 0.43600
vt 0.60180 0.68892
vt 0.60554 0.68325
vt 0.61067 0.68878
vt 0.54128 0.07135
vt 0.55170 0.06689
vt 0.55077 0.08880
vt 0.03908 0.47163
vt 0.04423 0.46469
vt 0.05237 0.47706
vt 0.04423 0.46469
vt 0.05735 0.44585
vt 0.05237 0.47706
vt 0.05735 0.44585
vt 0.07481 0.44995
vt 0.06268 0.47421
vt 0.61067 0.68878
vt 0.61865 0.67144
vt 0.62942 0.68544
vt 0.61067 0.68878
vt 0.60554 0.68325
vt 0.61865 0.67144
vt 0.02066 0.49279
vt 0.03032 0.48420
vt 0.03243 0.48773
vt 0.62942 0.68544
vt 0.61865 0.67144
vt 0.66071 0.66214
vt 0.66071 0.66214
vt 0.61865 0.67144
vt 0.62911 0.66225
vt 0.63791 0.68754
vt 0.66071 0.66214
vt 0.65817 0.67857
vt 0.66071 0.66214
vt 0.62911 0.66225
vt 0.64055 0.65346
vt 0.67225 0.65642
vt 0.67461 0.66417
vt 0.66071 0.66214
vt 0.46384 0.44416
vt 0.46840 0.43911
vt 0.47802 0.43897
vt 0.82226 0.35907
vt 0.83143 0.33384
vt 0.83192 0.35486
vt 0.39852 0.22870
vt 0.41983 0.22251
vt 0.41181 0.23711
vt 0.52751 0.12179
vt 0.53186 0.13393
vt 0.51180 0.13987
vt 0.39852 0.22870
vt 0.41685 0.21171
vt 0.41983 0.22251
vt 0.83143 0.33384
vt 0.82226 0.35907
vt 0.81804 0.33589
vt 0.03908 0.47163
vt 0.05237 0.47706
vt 0.03243 0.48773
vt 0.03032 0.48420
vt 0.03908 0.47163
vt 0.03243 0.48773
vt 0.53186 0.13393
vt 0.51859 0.15726
vt 0.51180 0.13987
vt 0.02262 0.50214
vt 0.03243 0.48773
vt 0.03438 0.50914
vt 0.83444 0.31267
vt 0.84322 0.30783
vt 0.83143 0.33384
vt 0.02066 0.49279
vt 0.03243 0.48773
vt 0.02262 0.50214
vt 0.03243 0.48773
vt 0.05084 0.48447
vt 0.03438 0.50914
vt 0.37075 0.14147
vt 0.39509 0.15845
vt 0.35966 0.16785
vt 0.84322 0.30783
vt 0.85295 0.30593
vt 0.85375 0.31904
vt 0.80930 0.42430
vt 0.79499 0.41243
vt 0.81227 0.39842
vt 0.85230 0.39880
vt 0.83909 0.37480
vt 0.84773 0.36737
vt 0.84186 0.39819
vt 0.83189 0.39839
vt 0.83909 0.37480
vt 0.25104 0.12584
vt 0.25891 0.10961
vt 0.26241 0.13019
vt 0.24099 0.09740
vt 0.24992 0.09483
vt 0.24171 0.10779
vt 0.86419 0.34866
vt 0.86216 0.38782
vt 0.84773 0.36737
vt 0.82053 0.00820
vt 0.82041 0.00711
vt 0.82425 0.00877
vt 0.83909 0.37480
vt 0.83192 0.35486
vt 0.84773 0.36737
vt 0.82340 0.01535
vt 0.82425 0.00877
vt 0.83645 0.01508
vt 0.48191 0.32459
vt 0.47083 0.33957
vt 0.46110 0.33806
vt 0.47866 0.31483
vt 0.46129 0.31458
vt 0.46272 0.30366
vt 0.01055 0.52981
vt 0.01106 0.54996
vt 0.00583 0.53430
vt 0.52134 0.38975
vt 0.54299 0.39114
vt 0.53268 0.40111
vt 0.51327 0.37734
vt 0.51560 0.36301
vt 0.54299 0.39114
vt 0.66805 0.47848
vt 0.65933 0.50415
vt 0.65338 0.48688
vt 0.48863 0.30877
vt 0.48921 0.31587
vt 0.47866 0.31483
vt 0.48921 0.31587
vt 0.48191 0.32459
vt 0.47866 0.31483
vt 0.48145 0.30685
vt 0.48863 0.30877
vt 0.47866 0.31483
vt 0.22060 0.35661
vt 0.25167 0.34721
vt 0.24310 0.35932
vt 0.59624 0.31739
vt 0.60749 0.32021
vt 0.60008 0.32550
vt 0.03581 0.52497
vt 0.03675 0.52689
vt 0.03071 0.52033
vt 0.68272 0.06342
vt 0.65343 0.04797
vt 0.67715 0.04432
vt 0.01055 0.52981
vt 0.01851 0.51565
vt 0.03071 0.52033
vt 0.25167 0.34721
vt 0.22060 0.35661
vt 0.21615 0.34589
vt 0.86419 0.34866
vt 0.84773 0.36737
vt 0.85375 0.31904
vt 0.49339 0.10363
vt 0.50523 0.10639
vt 0.49710 0.11267
vt 0.86216 0.38782
vt 0.88752 0.41161
vt 0.86423 0.40384
vt 0.02167 0.98613
vt 0.00984 0.99111
vt 0.01461 0.97542
vt 0.69989 0.17389
vt 0.70428 0.18597
vt 0.69589 0.19253
vt 0.71515 0.17649
vt 0.70428 0.18597
vt 0.70816 0.16427
vt 0.65620 0.03038
vt 0.65343 0.04797
vt 0.63980 0.02976
vt 0.80930 0.42430
vt 0.79685 0.43361
vt 0.79499 0.41243
vt 0.79916 0.24155
vt 0.81583 0.23862
vt 0.81639 0.26696
vt 0.81227 0.39842
vt 0.83189 0.39839
vt 0.82529 0.41835
vt 0.86216 0.38782
vt 0.85230 0.39880
vt 0.84773 0.36737
vt 0.85230 0.39880
vt 0.84186 0.39819
vt 0.83909 0.37480
vt 0.23278 0.36203
vt 0.22060 0.35661
vt 0.24310 0.35932
vt 0.96700 0.84242
vt 0.97035 0.82793
vt 0.98032 0.84587
vt 0.35587 0.90174
vt 0.35037 0.86632
vt 0.38618 0.88719
vt 0.34596 0.84760
vt 0.35037 0.86632
vt 0.32203 0.85391
vt 0.01106 0.54996
vt 0.01055 0.52981
vt 0.02083 0.55569
vt 0.54020 0.15443
vt 0.51859 0.15726
vt 0.53186 0.13393
vt 0.01055 0.52981
vt 0.02865 0.54734
vt 0.02083 0.55569
vt 0.54295 0.22172
vt 0.53689 0.20251
vt 0.56178 0.21789
vt 0.48145 0.30685
vt 0.48929 0.25991
vt 0.50020 0.28656
vt 0.04642 0.86777
vt 0.06823 0.86803
vt 0.04053 0.87879
vt 0.03068 0.88814
vt 0.04053 0.87879
vt 0.03890 0.89292
vt 0.46903 0.24656
vt 0.48175 0.23897
vt 0.48929 0.25991
vt 0.24083 0.44945
vt 0.24670 0.45776
vt 0.22393 0.46144
vt 0.46337 0.26280
vt 0.46331 0.25359
vt 0.46903 0.24656
vt 0.48929 0.25991
vt 0.46337 0.26280
vt 0.46903 0.24656
vt 0.24083 0.44945
vt 0.22393 0.46144
vt 0.22075 0.44966
vt 0.49182 0.22180
vt 0.49522 0.23902
vt 0.48175 0.23897
vt 0.50644 0.22930
vt 0.49182 0.22180
vt 0.50379 0.22889
vt 0.47225 0.23633
vt 0.46903 0.24656
vt 0.46587 0.22715
vt 0.48175 0.23897
vt 0.47154 0.21705
vt 0.48405 0.21334
vt 0.33601 0.44146
vt 0.33198 0.47315
vt 0.32062 0.45370
vt 0.79604 0.27673
vt 0.80325 0.26537
vt 0.81639 0.26696
vt 0.31215 0.43487
vt 0.33049 0.43357
vt 0.32062 0.45370
vt 0.99142 0.44016
vt 0.98756 0.46747
vt 0.96987 0.44278
vt 0.83961 0.85635
vt 0.83674 0.87476
vt 0.82107 0.86238
vt 0.84665 0.84066
vt 0.83961 0.85635
vt 0.82750 0.84540
vt 0.47866 0.31483
vt 0.46272 0.30366
vt 0.48145 0.30685
vt 0.46272 0.30366
vt 0.45355 0.29197
vt 0.45821 0.27912
vt 0.46272 0.30366
vt 0.45422 0.31648
vt 0.44632 0.29780
vt 0.48929 0.25991
vt 0.50706 0.26960
vt 0.50007 0.28084
vt 0.44022 0.33075
vt 0.42502 0.32212
vt 0.45422 0.31648
vt 0.44856 0.33987
vt 0.44022 0.33075
vt 0.45422 0.31648
vt 0.42855 0.34111
vt 0.44022 0.33075
vt 0.44079 0.34738
vt 0.86132 0.84973
vt 0.85162 0.85496
vt 0.84665 0.84066
vt 0.25599 0.73099
vt 0.24144 0.71848
vt 0.26329 0.71417
vt 0.86409 0.85753
vt 0.85662 0.85870
vt 0.86132 0.84973
vt 0.89413 0.81880
vt 0.87849 0.83068
vt 0.87843 0.81904
vt 0.86539 0.82530
vt 0.85223 0.82132
vt 0.87004 0.81187
vt 0.89559 0.84529
vt 0.88470 0.84468
vt 0.89066 0.83890
vt 0.87004 0.81187
vt 0.88810 0.80203
vt 0.87843 0.81904
vt 0.88810 0.80203
vt 0.89413 0.81880
vt 0.87843 0.81904
vt 0.86604 0.79775
vt 0.87433 0.79787
vt 0.87336 0.80233
vt 0.87336 0.80233
vt 0.87433 0.79787
vt 0.88091 0.79653
vt 0.87336 0.80233
vt 0.88810 0.80203
vt 0.87004 0.81187
vt 0.02127 0.82214
vt 0.02217 0.82957
vt 0.01860 0.82667
vt 0.85662 0.85870
vt 0.86409 0.85753
vt 0.86702 0.86175
vt 0.85223 0.82132
vt 0.84137 0.81686
vt 0.85414 0.80802
vt 0.87506 0.83952
vt 0.87849 0.83068
vt 0.88470 0.84468
vt 0.45081 0.39247
vt 0.44155 0.38936
vt 0.45533 0.38485
vt 0.49787 0.29185
vt 0.49194 0.30141
vt 0.50020 0.28656
vt 0.83715 0.01503
vt 0.84774 0.00654
vt 0.85176 0.00672
vt 0.50306 0.28567
vt 0.50020 0.28656
vt 0.50007 0.28084
vt 0.83775 0.02954
vt 0.84322 0.02041
vt 0.84309 0.02305
vt 0.84119 0.03213
vt 0.83357 0.03752
vt 0.83775 0.02954
vt 0.83773 0.82735
vt 0.85223 0.82132
vt 0.83972 0.83597
vt 0.93972 0.76764
vt 0.92855 0.76435
vt 0.93484 0.74913
vt 0.90218 0.77418
vt 0.91324 0.78947
vt 0.89464 0.79363
vt 0.91736 0.77049
vt 0.90218 0.77418
vt 0.90845 0.75784
vt 0.24516 0.17719
vt 0.23940 0.16790
vt 0.24708 0.16688
vt 0.27412 0.15428
vt 0.25555 0.17576
vt 0.25368 0.16003
vt 0.93614 0.78043
vt 0.91324 0.78947
vt 0.93430 0.77361
vt 0.92488 0.79584
vt 0.91324 0.78947
vt 0.93614 0.78043
vt 0.59113 0.86960
vt 0.57461 0.87201
vt 0.57157 0.86443
vt 0.03807 0.28837
vt 0.04719 0.29199
vt 0.02906 0.29781
vt 0.93484 0.74913
vt 0.92733 0.74167
vt 0.93329 0.74076
vt 0.02624 0.28907
vt 0.02226 0.28519
vt 0.03579 0.27967
vt 0.70145 0.42049
vt 0.69467 0.43214
vt 0.69302 0.40997
vt 0.59624 0.31739
vt 0.60591 0.30261
vt 0.60749 0.32021
vt 0.92314 0.75308
vt 0.92118 0.74408
vt 0.92733 0.74167
vt 0.93873 0.74054
vt 0.93484 0.74913
vt 0.93329 0.74076
vt 0.03807 0.28837
vt 0.02906 0.29781
vt 0.02624 0.28907
vt 0.82676 0.58896
vt 0.82808 0.57248
vt 0.84211 0.58261
vt 0.63599 0.94451
vt 0.63045 0.95730
vt 0.62736 0.95162
vt 0.64640 0.96400
vt 0.63045 0.95730
vt 0.63599 0.94451
vt 0.02363 0.27901
vt 0.03579 0.27967
vt 0.02226 0.28519
vt 0.55663 0.25437
vt 0.56315 0.23599
vt 0.59767 0.24986
vt 0.02363 0.27901
vt 0.03174 0.27108
vt 0.03579 0.27967
vt 0.90122 0.75447
vt 0.90473 0.75034
vt 0.90845 0.75784
vt 0.84924 0.59989
vt 0.82676 0.58896
vt 0.84754 0.58790
vt 0.61584 0.92334
vt 0.62269 0.93162
vt 0.61301 0.92727
vt 0.62269 0.93162
vt 0.61584 0.92334
vt 0.62749 0.92453
vt 0.64849 0.95415
vt 0.65993 0.95489
vt 0.64640 0.96400
vt 0.81392 0.58507
vt 0.82676 0.58896
vt 0.81732 0.59694
vt 0.82676 0.58896
vt 0.84211 0.58261
vt 0.84754 0.58790
vt 0.38105 0.90511
vt 0.35587 0.90174
vt 0.38618 0.88719
vt 0.51958 0.48261
vt 0.49745 0.47192
vt 0.52080 0.46372
vt 0.90845 0.75784
vt 0.90473 0.75034
vt 0.91576 0.74778
vt 0.01635 0.36688
vt 0.01504 0.38019
vt 0.00988 0.37379
vt 0.02506 0.33457
vt 0.01595 0.35329
vt 0.00619 0.33544
vt 0.05834 0.32127
vt 0.03573 0.30820
vt 0.04719 0.29199
vt 0.02506 0.33457
vt 0.00984 0.32264
vt 0.01925 0.31140
vt 0.05953 0.29721
vt 0.06049 0.30098
vt 0.06001 0.30574
vt 0.04719 0.29199
vt 0.03573 0.30820
vt 0.02906 0.29781
vt 0.07456 0.34801
vt 0.05624 0.34839
vt 0.05834 0.32127
vt 0.56808 0.02010
vt 0.57446 0.01250
vt 0.57922 0.01632
vt 0.17741 0.39966
vt 0.17099 0.39998
vt 0.17421 0.39293
vt 0.16818 0.40876
vt 0.15969 0.41967
vt 0.15730 0.40638
vt 0.17099 0.39998
vt 0.16818 0.40876
vt 0.15383 0.39983
vt 0.15969 0.41967
vt 0.14050 0.42479
vt 0.15383 0.39983
vt 0.85375 0.31904
vt 0.84773 0.36737
vt 0.83143 0.33384
f 772/1 445/2 943/3
f 445/4 2192/5 943/6
f 457/7 776/8 959/9
f 2064/10 3/11 1241/12
f 225/13 2190/14 772/15
f 97/16 1241/17 483/18
f 483/19 228/20 4/21
f 5/22 4/23 698/24
f 1395/25 5/26 1669/27
f 1666/28 1395/29 1669/30
f 5/31 398/32 97/33
f 6/34 8/35 398/36
f 5/37 97/38 4/39
f 9/40 531/41 2354/42
f 13/43 1265/44 567/45
f 145/46 14/47 17/48
f 1166/49 148/50 961/51
f 17/52 179/53 1402/54
f 15/55 17/56 14/57
f 179/58 17/59 148/60
f 13/61 18/62 16/63
f 1166/64 961/65 12/66
f 13/67 16/68 1265/69
f 145/70 17/71 18/72
f 1718/73 457/74 1716/75
f 1283/76 20/77 714/78
f 20/79 1500/80 1993/81
f 1500/82 20/83 1283/84
f 715/85 20/86 1993/87
f 22/88 476/89 761/90
f 22/91 65/92 2380/93
f 1500/94 2380/95 21/96
f 23/97 433/98 24/99
f 306/100 1941/101 2451/102
f 1126/103 1125/104 2230/105
f 2448/106 640/107 2230/108
f 2448/109 2230/110 306/111
f 2340/112 25/113 169/114
f 2475/115 26/116 1939/117
f 1343/118 2468/119 26/120
f 27/121 2475/122 1249/123
f 1481/124 2266/125 1939/126
f 1976/127 365/128 543/129
f 1902/130 948/131 543/132
f 948/133 2340/134 543/135
f 543/136 2340/137 169/138
f 2209/139 876/140 1632/141
f 59/142 793/143 60/144
f 1716/145 457/146 19/147
f 959/148 1717/149 457/150
f 19/151 1717/152 10/153
f 437/154 1898/155 1179/156
f 54/157 403/158 1112/159
f 2375/160 142/161 521/162
f 142/163 2/164 521/165
f 774/166 56/167 568/168
f 54/169 53/170 142/171
f 433/172 23/173 456/174
f 714/175 20/176 715/177
f 12/178 13/179 567/180
f 1265/181 146/182 567/183
f 16/184 18/185 17/186
f 179/187 148/188 149/189
f 398/190 1395/191 6/192
f 1395/193 398/194 5/195
f 6/196 7/197 8/198
f 13/199 12/200 366/201
f 931/202 933/203 1633/204
f 876/205 2209/206 497/207
f 8/208 7/209 792/210
f 13/211 145/212 18/213
f 961/214 366/215 12/216
f 773/217 325/218 973/219
f 17/220 15/221 960/222
f 1716/223 2388/224 689/225
f 521/226 558/227 958/228
f 476/229 22/230 2380/231
f 518/232 939/233 53/234
f 635/235 364/236 1333/237
f 635/238 1333/239 386/240
f 26/241 2468/242 1939/243
f 1941/244 2230/245 1125/246
f 962/247 2375/248 958/249
f 1899/250 1626/251 1149/252
f 54/253 518/254 53/255
f 1249/256 2475/257 2266/258
f 3/259 228/260 483/261
f 1986/262 1212/263 661/264
f 2127/265 27/266 1249/267
f 421/268 2475/269 27/270
f 1715/271 2375/272 962/273
f 2388/274 958/275 558/276
f 2190/277 2191/278 772/279
f 774/280 1636/281 683/282
f 8/283 792/284 398/285
f 146/286 1265/287 775/288
f 967/289 325/290 773/291
f 764/292 252/293 1283/294
f 1283/295 2331/296 764/297
f 1712/298 433/299 456/300
f 23/301 2199/302 1482/303
f 1666/304 6/305 1395/306
f 1500/307 1283/308 1777/309
f 2166/310 2109/311 422/312
f 543/313 169/314 1976/315
f 931/316 1631/317 1632/318
f 931/319 932/320 1631/321
f 16/322 775/323 1265/324
f 791/325 17/326 1402/327
f 1787/328 2380/329 65/330
f 1941/331 306/332 2230/333
f 1632/334 876/335 931/336
f 149/337 1402/338 179/339
f 2071/340 2354/341 531/342
f 9/343 2354/344 2566/345
f 792/346 97/347 398/348
f 14/349 145/350 366/351
f 54/352 142/353 569/354
f 142/355 53/356 2/357
f 2/358 53/359 939/360
f 457/361 1718/362 776/363
f 4/364 228/365 640/366
f 3/367 483/368 1241/369
f 1716/370 689/371 1718/372
f 228/373 658/374 640/375
f 483/376 4/377 97/378
f 457/379 1717/380 19/381
f 145/382 13/383 366/384
f 17/385 960/386 148/387
f 960/388 366/389 961/390
f 960/391 961/392 148/393
f 1164/394 689/395 2388/396
f 1718/397 689/398 1720/399
f 19/400 10/401 963/402
f 1164/403 2388/404 558/405
f 761/406 65/407 22/408
f 2380/409 1777/410 476/411
f 1777/412 1283/413 252/414
f 1014/415 1788/416 1787/417
f 1286/418 1787/419 65/420
f 21/421 2380/422 1787/423
f 1788/424 21/425 1787/426
f 2331/427 1283/428 714/429
f 1863/430 1085/431 2427/432
f 1939/433 2266/434 2475/435
f 175/436 26/437 2475/438
f 958/439 2375/440 521/441
f 1147/442 2157/443 635/444
f 2/445 939/446 521/447
f 939/448 558/449 521/450
f 2034/451 2041/452 405/453
f 2034/454 405/455 655/456
f 647/457 225/458 772/459
f 626/460 250/461 453/462
f 2389/463 1020/464 208/465
f 1273/466 447/467 1748/468
f 351/469 562/470 1040/471
f 2492/472 2024/473 402/474
f 76/475 1002/476 762/477
f 626/478 453/479 1293/480
f 680/481 2176/482 224/483
f 1913/484 462/485 173/486
f 2167/487 2175/488 1171/489
f 1174/490 439/491 2174/492
f 2172/493 436/494 2171/495
f 525/496 89/497 1143/498
f 217/499 29/500 2481/501
f 29/502 930/503 1162/504
f 2020/505 30/506 493/507
f 2020/508 2488/509 30/510
f 488/511 1458/512 582/513
f 574/514 888/515 2301/516
f 75/517 1858/518 1320/519
f 2495/520 404/521 32/522
f 460/523 1213/524 265/525
f 1253/526 1254/527 31/528
f 2487/529 2488/530 400/531
f 2076/532 653/533 1213/534
f 35/535 34/536 744/537
f 283/538 1314/539 744/540
f 407/541 840/542 401/543
f 1618/544 2417/545 36/546
f 1254/547 2003/548 31/549
f 36/550 2417/551 109/552
f 36/553 35/554 744/555
f 217/556 629/557 2004/558
f 35/559 36/560 109/561
f 1050/562 1618/563 36/564
f 359/565 32/566 75/567
f 2417/568 1618/569 1838/570
f 36/571 744/572 1050/573
f 39/574 38/575 35/576
f 1390/577 889/578 37/579
f 39/580 35/581 109/582
f 91/583 2431/584 1096/585
f 41/586 2431/587 1558/588
f 2431/589 41/590 505/591
f 42/592 505/593 41/594
f 42/595 41/596 43/597
f 2314/598 1429/599 1428/600
f 1430/601 1429/602 2314/603
f 1089/604 108/605 924/606
f 270/607 107/608 2530/609
f 107/610 270/611 46/612
f 298/613 1608/614 663/615
f 2099/616 2100/617 45/618
f 888/619 1552/620 2301/621
f 2492/622 402/623 1138/624
f 938/625 941/626 940/627
f 48/628 49/629 473/630
f 321/631 320/632 95/633
f 320/634 971/635 178/636
f 217/637 930/638 29/639
f 322/640 50/641 2569/642
f 467/643 2218/644 2549/645
f 322/646 2569/647 51/648
f 516/649 472/650 408/651
f 54/652 471/653 403/654
f 52/655 147/656 569/657
f 1719/658 152/659 1112/660
f 321/661 152/662 320/663
f 322/664 51/665 2375/666
f 2569/667 52/668 51/669
f 558/670 55/671 1164/672
f 2236/673 2357/674 677/675
f 1138/676 402/677 2011/678
f 683/679 143/680 56/681
f 56/682 55/683 568/684
f 143/685 689/686 1164/687
f 1636/688 774/689 777/690
f 149/691 148/692 1714/693
f 2470/694 480/695 1163/696
f 480/697 391/698 738/699
f 480/700 738/701 1987/702
f 2240/703 1678/704 99/705
f 58/706 1678/707 110/708
f 603/709 385/710 1686/711
f 110/712 1683/713 1684/714
f 1684/715 59/716 60/717
f 1678/718 2240/719 110/720
f 1686/721 1681/722 603/723
f 1681/724 1686/725 572/726
f 1686/727 385/728 311/729
f 490/730 1391/731 226/732
f 226/733 1391/734 889/735
f 226/736 889/737 1390/738
f 1220/739 684/740 1219/741
f 1421/742 576/743 291/744
f 685/745 135/746 1386/747
f 167/748 685/749 2096/750
f 1386/751 317/752 2349/753
f 668/754 1503/755 2535/756
f 686/757 687/758 2525/759
f 686/760 1461/761 1385/762
f 1463/763 2287/764 1385/765
f 2287/766 448/767 1385/768
f 687/769 448/770 2521/771
f 2095/772 687/773 2521/774
f 1383/775 1513/776 688/777
f 1383/778 105/779 1513/780
f 2292/781 2194/782 2324/783
f 218/784 690/785 2194/786
f 218/787 2194/788 2292/789
f 2294/790 2194/791 1226/792
f 2194/793 187/794 2324/795
f 2195/796 691/797 120/798
f 692/799 691/800 2195/801
f 280/802 691/803 692/804
f 2466/805 2556/806 1974/807
f 275/808 2070/809 227/810
f 647/811 772/812 1960/813
f 694/814 1381/815 2197/816
f 1380/817 659/818 2073/819
f 88/820 659/821 1380/822
f 88/823 1380/824 1379/825
f 2073/826 119/827 1380/828
f 2270/829 696/830 2198/831
f 2066/832 696/833 1251/834
f 697/835 840/836 1251/837
f 2066/838 1251/839 407/840
f 25/841 2341/842 411/843
f 701/844 700/845 2046/846
f 700/847 556/848 2046/849
f 699/850 700/851 701/852
f 1074/853 229/854 700/855
f 2199/856 23/857 24/858
f 2436/859 702/860 1201/861
f 124/862 2163/863 63/864
f 1144/865 525/866 2177/867
f 1374/868 2493/869 1375/870
f 1375/871 2041/872 1250/873
f 1375/874 1250/875 2048/876
f 525/877 2164/878 1350/879
f 1252/880 407/881 2035/882
f 1967/883 1968/884 382/885
f 488/886 582/887 231/888
f 1857/889 1373/890 69/891
f 2002/892 2147/893 703/894
f 232/895 704/896 33/897
f 1691/898 1690/899 380/900
f 118/901 2028/902 705/903
f 2025/904 1372/905 2026/906
f 30/907 2488/908 2487/909
f 2491/910 129/911 117/912
f 2021/913 129/914 2491/915
f 1960/916 2246/917 799/918
f 2051/919 1371/920 1369/921
f 709/922 1371/923 1455/924
f 709/925 1455/926 2486/927
f 711/928 653/929 2076/930
f 711/931 710/932 1236/933
f 711/934 493/935 653/936
f 711/937 2076/938 710/939
f 1236/940 2020/941 711/942
f 1516/943 194/944 712/945
f 2484/946 233/947 1368/948
f 2012/949 713/950 2484/951
f 2484/952 713/953 233/954
f 233/955 1454/956 523/957
f 2011/958 1255/959 652/960
f 1255/961 2010/962 652/963
f 234/964 1707/965 1363/966
f 235/967 2473/968 1998/969
f 651/970 235/971 2000/972
f 209/973 2217/974 2472/975
f 847/976 2410/977 2412/978
f 1362/979 2412/980 1059/981
f 2201/982 1828/983 236/984
f 1154/985 236/986 2477/987
f 394/988 1360/989 1154/990
f 1360/991 2201/992 236/993
f 1359/994 715/995 730/996
f 1359/997 714/998 715/999
f 1086/1000 1358/1001 1150/1002
f 1150/1003 1358/1004 1357/1005
f 716/1006 2161/1007 2162/1008
f 1355/1009 1140/1010 1354/1011
f 1355/1012 381/1013 1140/1014
f 717/1015 388/1016 557/1017
f 557/1018 130/1019 717/1020
f 557/1021 1979/1022 130/1023
f 237/1024 1972/1025 1352/1026
f 1973/1027 2478/1028 1352/1029
f 237/1030 1352/1031 649/1032
f 1350/1033 1962/1034 238/1035
f 1012/1036 1785/1037 2553/1038
f 718/1039 1349/1040 2559/1041
f 381/1042 1349/1043 718/1044
f 719/1045 552/1046 1945/1047
f 1136/1048 719/1049 1945/1050
f 1136/1051 1348/1052 719/1053
f 720/1054 721/1055 1959/1056
f 1956/1057 720/1058 2459/1059
f 214/1060 721/1061 720/1062
f 2208/1063 1959/1064 215/1065
f 497/1066 2209/1067 239/1068
f 239/1069 1947/1070 449/1071
f 2139/1072 497/1073 239/1074
f 497/1075 931/1076 876/1077
f 722/1078 1347/1079 2210/1080
f 642/1081 722/1082 641/1083
f 2561/1084 1347/1085 722/1086
f 722/1087 2210/1088 1698/1089
f 723/1090 1345/1091 1344/1092
f 1130/1093 723/1094 2452/1095
f 1345/1096 310/1097 1344/1098
f 723/1099 1344/1100 1127/1101
f 1625/1102 365/1103 1976/1104
f 502/1105 2227/1106 26/1107
f 1244/1108 2447/1109 1342/1110
f 371/1111 240/1112 1934/1113
f 371/1114 1728/1115 240/1116
f 372/1117 1703/1118 2449/1119
f 372/1120 2449/1121 1935/1122
f 725/1123 1938/1124 1703/1125
f 639/1126 726/1127 131/1128
f 131/1129 726/1130 1341/1131
f 1341/1132 727/1133 131/1134
f 2124/1135 2273/1136 638/1137
f 2212/1138 369/1139 1547/1140
f 1547/1141 1580/1142 2212/1143
f 1340/1144 288/1145 1339/1146
f 242/1147 241/1148 2098/1149
f 1915/1150 1337/1151 666/1152
f 1337/1153 1891/1154 1338/1155
f 1338/1156 664/1157 2126/1158
f 1338/1159 2126/1160 666/1161
f 1911/1162 646/1163 1336/1164
f 728/1165 1911/1166 1336/1167
f 1911/1168 1114/1169 73/1170
f 2214/1171 2309/1172 1901/1173
f 1335/1174 2138/1175 2214/1176
f 365/1177 729/1178 1902/1179
f 729/1180 1335/1181 2214/1182
f 1904/1183 643/1184 2309/1185
f 2309/1186 643/1187 1334/1188
f 386/1189 1147/1190 635/1191
f 364/1192 1148/1193 1333/1194
f 364/1195 2160/1196 1111/1197
f 633/1198 1788/1199 1897/1200
f 633/1201 1107/1202 1179/1203
f 655/1204 504/1205 1332/1206
f 1332/1207 547/1208 1331/1209
f 362/1210 1331/1211 114/1212
f 2043/1213 1103/1214 1890/1215
f 2042/1216 545/1217 1330/1218
f 1424/1219 1423/1220 902/1221
f 1330/1222 546/1223 183/1224
f 1329/1225 731/1226 1328/1227
f 64/1228 731/1229 1329/1230
f 1889/1231 1329/1232 1328/1233
f 1928/1234 639/1235 1929/1236
f 1104/1237 1886/1238 1328/1239
f 1099/1240 243/1241 2432/1242
f 243/1243 2215/1244 2432/1245
f 2356/1246 1327/1247 1877/1248
f 164/1249 579/1250 2234/1251
f 1866/1252 1325/1253 734/1254
f 639/1255 1928/1256 370/1257
f 1560/1258 1324/1259 1325/1260
f 1560/1261 909/1262 1324/1263
f 1325/1264 1324/1265 734/1266
f 734/1267 1324/1268 271/1269
f 639/1270 370/1271 1924/1272
f 528/1273 370/1274 81/1275
f 1865/1276 184/1277 737/1278
f 1551/1279 1205/1280 1118/1281
f 270/1282 271/1283 291/1284
f 1420/1285 271/1286 909/1287
f 2530/1288 925/1289 270/1290
f 1156/1291 1056/1292 1323/1293
f 1323/1294 2426/1295 2374/1296
f 629/1297 1322/1298 450/1299
f 2481/1300 1322/1301 629/1302
f 2481/1303 1321/1304 1322/1305
f 450/1306 1859/1307 739/1308
f 1320/1309 739/1310 1859/1311
f 1320/1312 1859/1313 1856/1314
f 1318/1315 1319/1316 740/1317
f 2496/1318 359/1319 1319/1320
f 1318/1321 740/1322 741/1323
f 244/1324 1075/1325 1847/1326
f 2511/1327 742/1328 244/1329
f 1984/1330 1854/1331 112/1332
f 1230/1333 2471/1334 2085/1335
f 173/1336 462/1337 224/1338
f 1317/1339 2471/1340 358/1341
f 656/1342 501/1343 173/1344
f 501/1345 637/1346 173/1347
f 1316/1348 540/1349 1983/1350
f 743/1351 1538/1352 1534/1353
f 1476/1354 1827/1355 745/1356
f 1313/1357 1827/1358 1476/1359
f 1053/1360 746/1361 1817/1362
f 745/1363 1053/1364 1054/1365
f 1476/1366 745/1367 1054/1368
f 246/1369 2216/1370 1057/1371
f 747/1372 1833/1373 1312/1374
f 747/1375 2409/1376 1833/1377
f 1312/1378 1833/1379 2216/1380
f 247/1381 2217/1382 748/1383
f 560/1384 2217/1385 247/1386
f 2472/1387 2404/1388 209/1389
f 1064/1390 750/1391 751/1392
f 751/1393 750/1394 1063/1395
f 248/1396 1044/1397 752/1398
f 1826/1399 248/1400 1825/1401
f 1065/1402 753/1403 1826/1404
f 1826/1405 753/1406 248/1407
f 451/1408 1812/1409 92/1410
f 2219/1411 2398/1412 452/1413
f 2405/1414 452/1415 1307/1416
f 1307/1417 627/1418 1070/1419
f 1824/1420 2401/1421 755/1422
f 1816/1423 2221/1424 1045/1425
f 1899/1426 364/1427 634/1428
f 1296/1429 331/1430 1814/1431
f 331/1432 1296/1433 343/1434
f 1813/1435 1296/1436 2400/1437
f 510/1438 1296/1439 1813/1440
f 510/1441 1795/1442 1296/1443
f 1295/1444 1294/1445 2222/1446
f 2399/1447 2223/1448 757/1449
f 2392/1450 1295/1451 2222/1452
f 2222/1453 1294/1454 2223/1455
f 250/1456 1031/1457 249/1458
f 250/1459 1800/1460 1031/1461
f 249/1462 1031/1463 176/1464
f 1487/1465 1292/1466 758/1467
f 1033/1468 1290/1469 1801/1470
f 1292/1471 2225/1472 1291/1473
f 1292/1474 1291/1475 759/1476
f 1290/1477 759/1478 1026/1479
f 1660/1480 433/1481 1661/1482
f 1796/1483 760/1484 251/1485
f 1796/1486 251/1487 93/1488
f 1794/1489 760/1490 1796/1491
f 93/1492 564/1493 622/1494
f 1796/1495 93/1496 622/1497
f 1019/1498 1287/1499 1288/1500
f 2226/1501 1019/1502 1288/1503
f 1287/1504 1798/1505 1288/1506
f 761/1507 2382/1508 65/1509
f 620/1510 619/1511 2385/1512
f 620/1513 2229/1514 619/1515
f 1786/1516 2383/1517 620/1518
f 77/1519 621/1520 1285/1521
f 763/1522 762/1523 1284/1524
f 76/1525 993/1526 1002/1527
f 764/1528 2413/1529 252/1530
f 1001/1531 1775/1532 338/1533
f 1001/1534 1820/1535 1775/1536
f 1001/1537 1776/1538 1820/1539
f 207/1540 765/1541 253/1542
f 253/1543 565/1544 207/1545
f 767/1546 766/1547 1202/1548
f 336/1549 254/1550 999/1551
f 983/1552 989/1553 134/1554
f 981/1555 1278/1556 566/1557
f 988/1558 1280/1559 255/1560
f 1280/1561 1279/1562 255/1563
f 1281/1564 768/1565 1280/1566
f 1280/1567 989/1568 1279/1569
f 984/1570 1275/1571 1274/1572
f 334/1573 1275/1574 984/1575
f 1275/1576 1790/1577 1274/1578
f 204/1579 770/1580 256/1581
f 613/1582 770/1583 1273/1584
f 1168/1585 513/1586 445/1587
f 445/1588 330/1589 2192/1590
f 614/1591 980/1592 1267/1593
f 924/1594 108/1595 806/1596
f 614/1597 1267/1598 1756/1599
f 771/1600 1745/1601 257/1602
f 204/1603 257/1604 446/1605
f 446/1606 257/1607 1272/1608
f 204/1609 1271/1610 771/1611
f 1745/1612 111/1613 257/1614
f 1753/1615 977/1616 1751/1617
f 2550/1618 163/1619 1663/1620
f 1751/1621 977/1622 978/1623
f 1746/1624 1742/1625 1270/1626
f 610/1627 973/1628 1741/1629
f 1740/1630 94/1631 329/1632
f 1735/1633 1269/1634 1736/1635
f 1733/1636 970/1637 1268/1638
f 970/1639 1266/1640 1268/1641
f 178/1642 95/1643 320/1644
f 1266/1645 2233/1646 1727/1647
f 2282/1648 2404/1649 2472/1650
f 773/1651 1722/1652 472/1653
f 967/1654 773/1655 95/1656
f 2357/1657 152/1658 677/1659
f 323/1660 608/1661 965/1662
f 608/1663 323/1664 966/1665
f 146/1666 775/1667 965/1668
f 964/1669 1720/1670 258/1671
f 2513/1672 412/1673 779/1674
f 779/1675 412/1676 2063/1677
f 2063/1678 1713/1679 2334/1680
f 2092/1681 2238/1682 2351/1683
f 606/1684 2092/1685 2351/1686
f 2519/1687 605/1688 2092/1689
f 1554/1690 1221/1691 781/1692
f 893/1693 1588/1694 1221/1695
f 1221/1696 1222/1697 954/1698
f 11/1699 781/1700 954/1701
f 1214/1702 39/1703 2417/1704
f 1837/1705 744/1706 1314/1707
f 39/1708 109/1709 2417/1710
f 1699/1711 159/1712 641/1713
f 1396/1714 782/1715 2344/1716
f 604/1717 784/1718 1695/1719
f 1698/1720 98/1721 1397/1722
f 98/1723 782/1724 1397/1725
f 1695/1726 784/1727 1694/1728
f 784/1729 2344/1730 1694/1731
f 1690/1732 1685/1733 2239/1734
f 1690/1735 2329/1736 1685/1737
f 1398/1738 2329/1739 1690/1740
f 1644/1741 1642/1742 1398/1743
f 1682/1744 1677/1745 998/1746
f 1400/1747 786/1748 785/1749
f 785/1750 786/1751 2242/1752
f 1900/1753 1400/1754 2241/1755
f 785/1756 2242/1757 947/1758
f 1671/1759 1670/1760 788/1761
f 1662/1762 2339/1763 311/1764
f 788/1765 787/1766 1662/1767
f 2243/1768 57/1769 2567/1770
f 949/1771 57/1772 2243/1773
f 949/1774 311/1775 385/1776
f 2335/1777 1739/1778 789/1779
f 1658/1780 1737/1781 1739/1782
f 1658/1783 982/1784 1737/1785
f 789/1786 1738/1787 1735/1788
f 48/1789 790/1790 141/1791
f 144/1792 790/1793 940/1794
f 790/1795 48/1796 409/1797
f 1047/1798 2415/1799 1836/1800
f 1969/1801 2164/1802 525/1803
f 128/1804 250/1805 626/1806
f 1367/1807 1628/1808 2325/1809
f 1392/1810 1966/1811 2461/1812
f 1762/1813 2121/1814 1009/1815
f 995/1816 1005/1817 2091/1818
f 2121/1819 1010/1820 2383/1821
f 383/1822 1962/1823 341/1824
f 1009/1825 2121/1826 2383/1827
f 1780/1828 1006/1829 1782/1830
f 2391/1831 348/1832 1800/1833
f 140/1834 1648/1835 793/1836
f 1033/1837 348/1838 1032/1839
f 796/1840 1647/1841 59/1842
f 1646/1843 1654/1844 200/1845
f 1646/1846 1655/1847 1654/1848
f 762/1849 763/1850 1005/1851
f 1646/1852 520/1853 1655/1854
f 304/1855 1404/1856 309/1857
f 1987/1858 1864/1859 1405/1860
f 1405/1861 1864/1862 1863/1863
f 797/1864 1406/1865 634/1866
f 1406/1867 1899/1868 634/1869
f 798/1870 944/1871 1404/1872
f 1960/1873 799/1874 225/1875
f 935/1876 798/1877 310/1878
f 1779/1879 1000/1880 2379/1881
f 803/1882 1992/1883 802/1884
f 1200/1885 68/1886 802/1887
f 1992/1888 1149/1889 802/1890
f 1408/1891 573/1892 1409/1893
f 1706/1894 573/1895 1408/1896
f 1620/1897 1409/1898 1619/1899
f 804/1900 2247/1901 138/1902
f 1410/1903 2247/1904 804/1905
f 1411/1906 1410/1907 804/1908
f 1617/1909 357/1910 1411/1911
f 108/1912 527/1913 806/1914
f 527/1915 807/1916 806/1917
f 805/1918 807/1919 1612/1920
f 1611/1921 1601/1922 1412/1923
f 923/1924 1919/1925 1611/1926
f 1609/1927 1922/1928 1413/1929
f 1609/1930 1610/1931 1922/1932
f 1413/1933 368/1934 808/1935
f 1604/1936 550/1937 296/1938
f 1604/1939 1167/1940 550/1941
f 2097/1942 1386/1943 2249/1944
f 1386/1945 1414/1946 2248/1947
f 2248/1948 1623/1949 1415/1950
f 2318/1951 2100/1952 2250/1953
f 2317/1954 538/1955 1206/1956
f 809/1957 1417/1958 1594/1959
f 1218/1960 1088/1961 1417/1962
f 811/1963 810/1964 927/1965
f 1592/1966 1214/1967 810/1968
f 893/1969 1418/1970 1588/1971
f 1419/1972 1418/1973 893/1974
f 263/1975 912/1976 1419/1977
f 1588/1978 1418/1979 1589/1980
f 890/1981 263/1982 1419/1983
f 199/1984 812/1985 1422/1986
f 1548/1987 812/1988 199/1989
f 199/1990 1422/1991 1578/1992
f 1424/1993 1425/1994 81/1995
f 2306/1996 2015/1997 1566/1998
f 2091/1999 339/2000 996/2001
f 1564/2002 1262/2003 2015/2004
f 985/2005 334/2006 1760/2007
f 1428/2008 2253/2009 555/2010
f 910/2011 1224/2012 1430/2013
f 578/2014 2518/2015 2253/2016
f 816/2017 264/2018 2254/2019
f 1491/2020 1493/2021 817/2022
f 1464/2023 2526/2024 1493/2025
f 1432/2026 2524/2027 818/2028
f 1582/2029 819/2030 1550/2031
f 1433/2032 461/2033 197/2034
f 1434/2035 820/2036 2366/2037
f 1537/2038 821/2039 886/2040
f 1537/2041 1536/2042 1434/2043
f 2286/2044 820/2045 1536/2046
f 820/2047 1093/2048 2366/2049
f 821/2050 1434/2051 593/2052
f 1436/2053 2293/2054 2433/2055
f 1975/2056 1436/2057 1435/2058
f 1975/2059 2293/2060 1436/2061
f 2293/2062 156/2063 2433/2064
f 2469/2065 106/2066 1524/2067
f 195/2068 822/2069 1437/2070
f 822/2071 2256/2072 1437/2073
f 877/2074 2256/2075 1123/2076
f 879/2077 195/2078 877/2079
f 881/2080 822/2081 195/2082
f 822/2083 1932/2084 2256/2085
f 1932/2086 191/2087 2256/2088
f 1190/2089 28/2090 2141/2091
f 1574/2092 929/2093 319/2094
f 542/2095 9/2096 1541/2097
f 979/2098 1783/2099 1007/2100
f 823/2101 591/2102 1515/2103
f 2257/2104 824/2105 1512/2106
f 1523/2107 1440/2108 266/2109
f 266/2110 1440/2111 2258/2112
f 2258/2113 824/2114 266/2115
f 1440/2116 267/2117 2258/2118
f 86/2119 1441/2120 825/2121
f 1510/2122 825/2123 1504/2124
f 825/2125 1505/2126 1504/2127
f 826/2128 268/2129 827/2130
f 827/2131 861/2132 860/2133
f 867/2134 66/2135 827/2136
f 861/2137 268/2138 1442/2139
f 1445/2140 2263/2141 2262/2142
f 580/2143 2262/2144 1485/2145
f 536/2146 1445/2147 580/2148
f 1023/2149 1445/2150 536/2151
f 1023/2152 344/2153 2263/2154
f 2263/2155 1486/2156 2262/2157
f 2263/2158 344/2159 1486/2160
f 855/2161 1446/2162 853/2163
f 1484/2164 1446/2165 855/2166
f 587/2167 1448/2168 830/2169
f 272/2170 830/2171 1447/2172
f 830/2173 829/2174 1483/2175
f 2355/2176 1477/2177 2277/2178
f 2415/2179 1477/2180 2355/2181
f 2265/2182 193/2183 1469/2184
f 273/2185 1160/2186 831/2187
f 650/2188 273/2189 849/2190
f 1052/2191 851/2192 831/2193
f 849/2194 273/2195 847/2196
f 1739/2197 1737/2198 1740/2199
f 832/2200 850/2201 1449/2202
f 2087/2203 120/2204 417/2205
f 2267/2206 2016/2207 833/2208
f 2267/2209 583/2210 2272/2211
f 1450/2212 707/2213 231/2214
f 488/2215 707/2216 1458/2217
f 1257/2218 83/2219 835/2220
f 837/2221 2532/2222 836/2223
f 128/2224 626/2225 1/2226
f 524/2227 2532/2228 837/2229
f 1167/2230 524/2231 837/2232
f 1167/2233 837/2234 550/2235
f 1454/2236 1570/2237 1453/2238
f 1570/2239 897/2240 1453/2241
f 838/2242 1455/2243 1370/2244
f 838/2245 1370/2246 129/2247
f 2021/2248 192/2249 129/2250
f 1451/2251 1450/2252 192/2253
f 1456/2254 2022/2255 581/2256
f 1736/2257 326/2258 942/2259
f 409/2260 48/2261 178/2262
f 1725/2263 1736/2264 1269/2265
f 1724/2266 48/2267 473/2268
f 581/2269 2021/2270 1467/2271
f 1724/2272 178/2273 48/2274
f 232/2275 1456/2276 276/2277
f 839/2278 232/2279 276/2280
f 276/2281 1456/2282 581/2283
f 401/2284 2023/2285 1457/2286
f 1457/2287 1257/2288 835/2289
f 582/2290 1458/2291 2270/2292
f 1458/2293 707/2294 706/2295
f 1458/2296 706/2297 840/2298
f 697/2299 1458/2300 840/2301
f 2271/2302 582/2303 1237/2304
f 2271/2305 455/2306 582/2307
f 1459/2308 455/2309 2271/2310
f 30/2311 455/2312 1459/2313
f 275/2314 2271/2315 841/2316
f 268/2317 1460/2318 842/2319
f 1460/2320 275/2321 2196/2322
f 842/2323 1460/2324 86/2325
f 2272/2326 1461/2327 1462/2328
f 683/2329 1636/2330 1721/2331
f 1723/2332 777/2333 517/2334
f 833/2335 865/2336 844/2337
f 844/2338 1463/2339 1461/2340
f 1636/2341 777/2342 1723/2343
f 55/2344 518/2345 2357/2346
f 569/2347 51/2348 52/2349
f 189/2350 2272/2351 584/2352
f 189/2353 2267/2354 2272/2355
f 845/2356 846/2357 1466/2358
f 55/2359 2357/2360 568/2361
f 2569/2362 1714/2363 52/2364
f 1466/2365 846/2366 1366/2367
f 307/2368 323/2369 1651/2370
f 1467/2371 2275/2372 585/2373
f 2275/2374 1161/2375 832/2376
f 2275/2377 845/2378 585/2379
f 849/2380 847/2381 1362/2382
f 56/2383 143/2384 1164/2385
f 831/2386 1475/2387 847/2388
f 558/2389 518/2390 55/2391
f 136/2392 2478/2393 1973/2394
f 849/2395 1362/2396 848/2397
f 848/2398 1362/2399 1158/2400
f 2478/2401 1158/2402 1997/2403
f 321/2404 516/2405 152/2406
f 1112/2407 152/2408 518/2409
f 1470/2410 1310/2411 1472/2412
f 972/2413 966/2414 971/2415
f 852/2416 1471/2417 1470/2418
f 409/2419 178/2420 971/2421
f 2357/2422 518/2423 152/2424
f 1474/2425 1472/2426 247/2427
f 586/2428 852/2429 1470/2430
f 148/2431 1166/2432 1714/2433
f 831/2434 1473/2435 1475/2436
f 831/2437 851/2438 1473/2439
f 515/2440 17/2441 791/2442
f 515/2443 1650/2444 16/2445
f 1483/2446 1731/2447 2377/2448
f 830/2449 1483/2450 1447/2451
f 1731/2452 1483/2453 854/2454
f 1731/2455 854/2456 1303/2457
f 2402/2458 587/2459 1478/2460
f 587/2461 272/2462 1478/2463
f 1478/2464 272/2465 1447/2466
f 2279/2467 853/2468 1479/2469
f 853/2470 858/2471 563/2472
f 2279/2473 1479/2474 2278/2475
f 854/2476 2279/2477 2278/2478
f 856/2479 2279/2480 854/2481
f 2278/2482 1479/2483 128/2484
f 2278/2485 128/2486 1303/2487
f 1483/2488 829/2489 856/2490
f 829/2491 1484/2492 855/2493
f 677/2494 152/2495 516/2496
f 588/2497 857/2498 1033/2499
f 2262/2500 1486/2501 2280/2502
f 1487/2503 2280/2504 2225/2505
f 857/2506 2280/2507 1487/2508
f 104/2509 588/2510 2391/2511
f 858/2512 2391/2513 563/2514
f 1480/2515 1488/2516 858/2517
f 580/2518 1485/2519 104/2520
f 278/2521 2315/2522 535/2523
f 278/2524 535/2525 277/2526
f 550/2527 837/2528 269/2529
f 859/2530 1493/2531 1491/2532
f 859/2533 1464/2534 1493/2535
f 1490/2536 1464/2537 859/2538
f 1490/2539 828/2540 584/2541
f 1496/2542 1491/2543 2283/2544
f 1495/2545 1496/2546 490/2547
f 1496/2548 1443/2549 1492/2550
f 863/2551 862/2552 1497/2553
f 860/2554 862/2555 863/2556
f 1498/2557 864/2558 1499/2559
f 2285/2560 589/2561 865/2562
f 589/2563 863/2564 865/2565
f 863/2566 2284/2567 864/2568
f 863/2569 1497/2570 2284/2571
f 866/2572 860/2573 589/2574
f 103/2575 66/2576 867/2577
f 2076/2578 1213/2579 873/2580
f 2537/2581 2274/2582 2527/2583
f 1503/2584 1204/2585 2123/2586
f 2246/2587 1960/2588 798/2589
f 1504/2590 1093/2591 2286/2592
f 1505/2593 532/2594 868/2595
f 532/2596 1506/2597 868/2598
f 1093/2599 1506/2600 2366/2601
f 1507/2602 2286/2603 1508/2604
f 540/2605 870/2606 1535/2607
f 1384/2608 1507/2609 1508/2610
f 1508/2611 1536/2612 870/2613
f 1463/2614 1509/2615 2287/2616
f 1463/2617 1498/2618 1509/2619
f 1509/2620 1499/2621 825/2622
f 1509/2623 825/2624 1510/2625
f 1507/2626 1510/2627 1504/2628
f 1509/2629 1510/2630 1507/2631
f 1509/2632 1507/2633 1384/2634
f 2288/2635 1511/2636 590/2637
f 2288/2638 1439/2639 1511/2640
f 2257/2641 1439/2642 871/2643
f 871/2644 1439/2645 2288/2646
f 1514/2647 871/2648 1543/2649
f 871/2650 1514/2651 2257/2652
f 871/2653 590/2654 1543/2655
f 168/2656 872/2657 105/2658
f 872/2659 1523/2660 266/2661
f 2324/2662 1627/2663 1975/2664
f 2268/2665 2434/2666 1627/2667
f 1515/2668 873/2669 460/2670
f 460/2671 265/2672 1517/2673
f 874/2674 1517/2675 1516/2676
f 1229/2677 874/2678 1516/2679
f 592/2680 460/2681 874/2682
f 691/2683 592/2684 1229/2685
f 875/2686 823/2687 1519/2688
f 1518/2689 1515/2690 592/2691
f 1518/2692 592/2693 691/2694
f 2100/2695 47/2696 45/2697
f 194/2698 66/2699 103/2700
f 103/2701 866/2702 533/2703
f 712/2704 194/2705 533/2706
f 194/2707 103/2708 533/2709
f 194/2710 827/2711 66/2712
f 1172/2713 11/2714 285/2715
f 877/2716 1123/2717 1523/2718
f 1523/2719 374/2720 1440/2721
f 1522/2722 1523/2723 70/2724
f 168/2725 1520/2726 70/2727
f 1522/2728 70/2729 1520/2730
f 1520/2731 878/2732 1522/2733
f 878/2734 879/2735 1521/2736
f 1521/2737 1523/2738 1522/2739
f 70/2740 1523/2741 872/2742
f 70/2743 872/2744 168/2745
f 1341/2746 881/2747 879/2748
f 882/2749 1932/2750 822/2751
f 2273/2752 883/2753 2296/2754
f 1525/2755 1526/2756 2299/2757
f 2298/2758 884/2759 1526/2760
f 1531/2761 1525/2762 1529/2763
f 1531/2764 2298/2765 1525/2766
f 67/2767 2298/2768 1356/2769
f 67/2770 1527/2771 2298/2772
f 1528/2773 1531/2774 1530/2775
f 1531/2776 1529/2777 1530/2778
f 1091/2779 190/2780 1870/2781
f 1870/2782 190/2783 1503/2784
f 1873/2785 1528/2786 1530/2787
f 2429/2788 1531/2789 1528/2790
f 1356/2791 2298/2792 1531/2793
f 503/2794 1532/2795 579/2796
f 1435/2797 2255/2798 1532/2799
f 1533/2800 885/2801 2512/2802
f 1122/2803 694/2804 2081/2805
f 1122/2806 2358/2807 478/2808
f 593/2809 1844/2810 821/2811
f 2512/2812 1844/2813 2207/2814
f 540/2815 1535/2816 1983/2817
f 870/2818 1537/2819 1535/2820
f 886/2821 821/2822 1538/2823
f 1539/2824 530/2825 542/2826
f 196/2827 530/2828 1539/2829
f 196/2830 197/2831 530/2832
f 196/2833 1539/2834 594/2835
f 461/2836 530/2837 197/2838
f 542/2839 530/2840 531/2841
f 2300/2842 198/2843 887/2844
f 956/2845 281/2846 1541/2847
f 1543/2848 2300/2849 1542/2850
f 780/2851 1543/2852 1542/2853
f 1544/2854 590/2855 1433/2856
f 198/2857 1544/2858 197/2859
f 467/2860 1661/2861 2218/2862
f 316/2863 1942/2864 1641/2865
f 2343/2866 380/2867 2344/2868
f 380/2869 1689/2870 2344/2871
f 380/2872 2343/2873 1691/2874
f 2345/2875 314/2876 571/2877
f 314/2878 1683/2879 110/2880
f 572/2881 571/2882 1681/2883
f 1682/2884 1681/2885 571/2886
f 2240/2887 1677/2888 1682/2889
f 1546/2890 282/2891 1548/2892
f 369/2893 1549/2894 1547/2895
f 1205/2896 1549/2897 369/2898
f 2301/2899 2524/2900 574/2901
f 385/2902 603/2903 57/2904
f 2301/2905 818/2906 2524/2907
f 744/2908 34/2909 283/2910
f 38/2911 888/2912 34/2913
f 35/2914 38/2915 34/2916
f 283/2917 1587/2918 911/2919
f 1314/2920 283/2921 911/2922
f 38/2923 39/2924 1390/2925
f 2283/2926 595/2927 889/2928
f 2283/2929 817/2930 595/2931
f 2303/2932 2353/2933 890/2934
f 2303/2935 529/2936 2353/2937
f 2303/2938 892/2939 284/2940
f 891/2941 2303/2942 890/2943
f 890/2944 2353/2945 263/2946
f 781/2947 890/2948 1554/2949
f 11/2950 1181/2951 781/2952
f 1181/2953 279/2954 319/2955
f 2254/2956 891/2957 1181/2958
f 1556/2959 1557/2960 1555/2961
f 1562/2962 1556/2963 1555/2964
f 1431/2965 43/2966 1557/2967
f 43/2968 41/2969 1555/2970
f 1560/2971 1556/2972 1559/2973
f 1560/2974 1559/2975 909/2976
f 1561/2977 1556/2978 1560/2979
f 1561/2980 1868/2981 1556/2982
f 909/2983 1562/2984 286/2985
f 596/2986 1557/2987 1868/2988
f 2308/2989 1564/2990 894/2991
f 2252/2992 1427/2993 2516/2994
f 894/2995 1564/2996 1565/2997
f 2307/2998 894/2999 1567/3000
f 2013/3001 2307/3002 1567/3003
f 2307/3004 2013/3005 895/3006
f 1568/3007 2252/3008 2307/3009
f 433/3010 163/3011 1661/3012
f 1566/3013 287/3014 2310/3015
f 1566/3016 1569/3017 287/3018
f 287/3019 1569/3020 189/3021
f 897/3022 1496/3023 1494/3024
f 1453/3025 897/3026 1494/3027
f 2310/3028 287/3029 897/3030
f 1566/3031 2310/3032 1570/3033
f 1590/3034 82/3035 914/3036
f 1570/3037 2310/3038 897/3039
f 1930/3040 898/3041 899/3042
f 1574/3043 898/3044 929/3045
f 74/3046 899/3047 1423/3048
f 898/3049 1930/3050 929/3051
f 319/3052 929/3053 264/3054
f 1571/3055 904/3056 1572/3057
f 1572/3058 899/3059 1573/3060
f 1575/3061 1573/3062 1574/3063
f 1574/3064 1573/3065 898/3066
f 900/3067 901/3068 902/3069
f 167/3070 904/3071 1571/3072
f 1576/3073 904/3074 167/3075
f 1576/3076 900/3077 904/3078
f 1576/3079 901/3080 900/3081
f 1576/3082 2529/3083 901/3084
f 901/3085 1579/3086 1425/3087
f 1425/3088 1424/3089 902/3090
f 902/3091 1423/3092 903/3093
f 903/3094 1423/3095 1572/3096
f 904/3097 903/3098 1572/3099
f 904/3100 900/3101 903/3102
f 1422/3103 528/3104 1577/3105
f 905/3106 1577/3107 81/3108
f 288/3109 1579/3110 1339/3111
f 906/3112 288/3113 597/3114
f 1578/3115 905/3116 906/3117
f 1579/3118 905/3119 1425/3120
f 1339/3121 1579/3122 901/3123
f 1581/3124 1578/3125 906/3126
f 906/3127 597/3128 1580/3129
f 289/3130 1550/3131 1551/3132
f 289/3133 1584/3134 290/3135
f 1585/3136 290/3137 1582/3138
f 1550/3139 1585/3140 1582/3141
f 908/3142 1420/3143 909/3144
f 1421/3145 291/3146 1420/3147
f 291/3148 1583/3149 290/3150
f 908/3151 286/3152 1421/3153
f 908/3154 1421/3155 1420/3156
f 941/3157 144/3158 940/3159
f 292/3160 181/3161 2311/3162
f 2311/3163 181/3164 1430/3165
f 1430/3166 181/3167 910/3168
f 940/3169 790/3170 409/3171
f 575/3172 1839/3173 181/3174
f 575/3175 181/3176 292/3177
f 307/3178 140/3179 793/3180
f 366/3181 960/3182 15/3183
f 515/3184 16/3185 17/3186
f 1650/3187 515/3188 1651/3189
f 323/3190 775/3191 1651/3192
f 34/3193 575/3194 1587/3195
f 911/3196 1586/3197 2313/3198
f 911/3199 2313/3200 2312/3201
f 1418/3202 912/3203 1589/3204
f 1588/3205 1589/3206 913/3207
f 913/3208 1589/3209 2528/3210
f 2133/3211 2141/3212 28/3213
f 811/3214 927/3215 1590/3216
f 1590/3217 927/3218 61/3219
f 927/3220 1616/3221 61/3222
f 277/3223 1591/3224 914/3225
f 535/3226 293/3227 1591/3228
f 914/3229 811/3230 1590/3231
f 82/3232 1590/3233 61/3234
f 914/3235 82/3236 534/3237
f 2315/3238 2107/3239 1592/3240
f 1594/3241 1593/3242 294/3243
f 537/3244 1593/3245 1594/3246
f 599/3247 294/3248 559/3249
f 1593/3250 491/3251 915/3252
f 294/3253 1593/3254 915/3255
f 1614/3256 809/3257 2316/3258
f 2316/3259 809/3260 294/3261
f 1216/3262 1595/3263 2103/3264
f 2103/3265 1595/3266 138/3267
f 809/3268 1595/3269 2101/3270
f 1596/3271 2317/3272 1597/3273
f 1596/3274 1597/3275 917/3276
f 1599/3277 916/3278 139/3279
f 139/3280 917/3281 1613/3282
f 47/3283 807/3284 107/3285
f 47/3286 2100/3287 2318/3288
f 47/3289 2318/3290 1599/3291
f 2319/3292 47/3293 1599/3294
f 918/3295 1415/3296 919/3297
f 1600/3298 1415/3299 918/3300
f 1415/3301 1623/3302 919/3303
f 1623/3304 1624/3305 919/3306
f 259/3307 1412/3308 2320/3309
f 685/3310 2097/3311 920/3312
f 1409/3313 573/3314 1621/3315
f 296/3316 1603/3317 137/3318
f 296/3319 550/3320 1603/3321
f 921/3322 1604/3323 2321/3324
f 464/3325 922/3326 2321/3327
f 464/3328 600/3329 922/3330
f 2321/3331 922/3332 489/3333
f 921/3334 2321/3335 489/3336
f 80/3337 2485/3338 1606/3339
f 522/3340 80/3341 297/3342
f 297/3343 80/3344 1606/3345
f 921/3346 1606/3347 1604/3348
f 663/3349 808/3350 298/3351
f 259/3352 896/3353 1412/3354
f 47/3355 2319/3356 807/3357
f 299/3358 896/3359 1608/3360
f 1611/3361 1412/3362 896/3363
f 1611/3364 896/3365 299/3366
f 1116/3367 368/3368 1413/3369
f 299/3370 923/3371 1611/3372
f 1575/3373 167/3374 1571/3375
f 298/3376 923/3377 299/3378
f 2322/3379 1612/3380 1613/3381
f 1612/3382 2322/3383 805/3384
f 465/3385 805/3386 2322/3387
f 1612/3388 1599/3389 1613/3390
f 2322/3391 1613/3392 539/3393
f 491/3394 1593/3395 465/3396
f 539/3397 465/3398 2322/3399
f 1417/3400 1089/3401 924/3402
f 300/3403 2323/3404 599/3405
f 926/3406 2323/3407 300/3408
f 926/3409 804/3410 2323/3411
f 138/3412 1614/3413 2323/3414
f 61/3415 1615/3416 492/3417
f 1615/3418 1411/3419 301/3420
f 1411/3421 804/3422 301/3423
f 301/3424 926/3425 1615/3426
f 927/3427 1049/3428 1617/3429
f 810/3430 1838/3431 1618/3432
f 1615/3433 1616/3434 1411/3435
f 302/3436 1619/3437 1622/3438
f 928/3439 1620/3440 302/3441
f 1620/3442 1619/3443 302/3444
f 1409/3445 1621/3446 1619/3447
f 1623/3448 302/3449 1624/3450
f 517/3451 777/3452 2236/3453
f 101/3454 928/3455 1623/3456
f 1414/3457 101/3458 1623/3459
f 1723/3460 517/3461 2483/3462
f 802/3463 1149/3464 1626/3465
f 480/3466 1987/3467 1162/3468
f 1163/3469 1366/3470 2470/3471
f 799/3472 2246/3473 1948/3474
f 1635/3475 303/3476 1633/3477
f 1635/3478 1633/3479 933/3480
f 1635/3481 933/3482 1634/3483
f 602/3484 934/3485 1633/3486
f 934/3487 932/3488 1633/3489
f 932/3490 931/3491 1633/3492
f 933/3493 931/3494 497/3495
f 262/3496 934/3497 602/3498
f 262/3499 602/3500 801/3501
f 1699/3502 641/3503 1698/3504
f 1966/3505 934/3506 100/3507
f 2328/3508 1942/3509 498/3510
f 1344/3511 310/3512 1127/3513
f 310/3514 798/3515 1404/3516
f 2327/3517 261/3518 936/3519
f 261/3520 2427/3521 936/3522
f 1639/3523 2327/3524 1638/3525
f 936/3526 1991/3527 1640/3528
f 936/3529 2427/3530 1991/3531
f 1638/3532 1640/3533 802/3534
f 29/3535 1405/3536 1321/3537
f 29/3538 1987/3539 1405/3540
f 1083/3541 1639/3542 68/3543
f 2328/3544 520/3545 1641/3546
f 200/3547 1653/3548 937/3549
f 937/3550 1653/3551 794/3552
f 1644/3553 937/3554 1642/3555
f 200/3556 937/3557 1644/3558
f 1642/3559 260/3560 2330/3561
f 1646/3562 200/3563 1644/3564
f 59/3565 938/3566 793/3567
f 1647/3568 938/3569 59/3570
f 58/3571 60/3572 1648/3573
f 950/3574 2329/3575 305/3576
f 1685/3577 2329/3578 950/3579
f 260/3580 1403/3581 2330/3582
f 2330/3583 1403/3584 305/3585
f 1403/3586 796/3587 305/3588
f 305/3589 796/3590 59/3591
f 1302/3592 1/3593 2393/3594
f 2431/3595 91/3596 1558/3597
f 140/3598 791/3599 1680/3600
f 567/3601 146/3602 471/3603
f 2345/3604 1683/3605 314/3606
f 1684/3607 60/3608 58/3609
f 1648/3610 60/3611 793/3612
f 44/3613 2219/3614 2405/3615
f 1404/3616 498/3617 310/3618
f 29/3619 1162/3620 1987/3621
f 14/3622 366/3623 15/3624
f 140/3625 515/3626 791/3627
f 140/3628 307/3629 1651/3630
f 323/3631 307/3632 938/3633
f 940/3634 966/3635 938/3636
f 940/3637 971/3638 966/3639
f 1647/3640 941/3641 938/3642
f 790/3643 144/3644 795/3645
f 1653/3646 141/3647 794/3648
f 789/3649 1735/3650 942/3651
f 1652/3652 942/3653 49/3654
f 1656/3655 942/3656 1652/3657
f 1654/3658 141/3659 1653/3660
f 1652/3661 49/3662 141/3663
f 1655/3664 789/3665 1656/3666
f 1654/3667 1652/3668 141/3669
f 943/3670 982/3671 1657/3672
f 1657/3673 982/3674 1658/3675
f 1657/3676 1658/3677 2335/3678
f 943/3679 1657/3680 1659/3681
f 2560/3682 982/3683 943/3684
f 944/3685 1659/3686 309/3687
f 45/3688 47/3689 107/3690
f 896/3691 259/3692 1608/3693
f 1608/3694 298/3695 299/3696
f 24/3697 1660/3698 2568/3699
f 2551/3700 1662/3701 949/3702
f 949/3703 1662/3704 311/3705
f 1663/3706 1664/3707 2548/3708
f 1664/3709 1668/3710 2548/3711
f 1665/3712 1663/3713 163/3714
f 1666/3715 1663/3716 1665/3717
f 6/3718 1666/3719 1665/3720
f 1666/3721 2336/3722 1667/3723
f 519/3724 2337/3725 1669/3726
f 2336/3727 945/3728 1671/3729
f 1664/3730 1671/3731 1668/3732
f 1672/3733 312/3734 946/3735
f 946/3736 312/3737 2339/3738
f 947/3739 2242/3740 312/3741
f 2242/3742 2338/3743 1673/3744
f 1673/3745 2338/3746 2346/3747
f 312/3748 1673/3749 2339/3750
f 2346/3751 2540/3752 1673/3753
f 2540/3754 1687/3755 2339/3756
f 1670/3757 946/3758 1674/3759
f 2341/3760 313/3761 2337/3762
f 1675/3763 313/3764 2341/3765
f 313/3766 1675/3767 1670/3768
f 2337/3769 313/3770 945/3771
f 2340/3772 948/3773 466/3774
f 411/3775 2341/3776 2509/3777
f 2240/3778 99/3779 1677/3780
f 1678/3781 1679/3782 99/3783
f 949/3784 385/3785 57/3786
f 1681/3787 1682/3788 998/3789
f 998/3790 1677/3791 2342/3792
f 571/3793 314/3794 1682/3795
f 1685/3796 950/3797 1689/3798
f 1689/3799 950/3800 1684/3801
f 314/3802 110/3803 1682/3804
f 1688/3805 1399/3806 2540/3807
f 2344/3808 2345/3809 1399/3810
f 2344/3811 1689/3812 2345/3813
f 380/3814 2239/3815 1689/3816
f 1399/3817 2345/3818 571/3819
f 1700/3820 1693/3821 1692/3822
f 1692/3823 1644/3824 1398/3825
f 315/3826 1644/3827 1693/3828
f 2346/3829 1688/3830 2540/3831
f 1944/3832 1696/3833 2454/3834
f 1943/3835 1699/3836 604/3837
f 786/3838 1697/3839 2338/3840
f 1696/3841 1697/3842 786/3843
f 1699/3844 1698/3845 1397/3846
f 2210/3847 951/3848 1698/3849
f 1699/3850 1397/3851 1396/3852
f 1699/3853 1396/3854 784/3855
f 1701/3856 1700/3857 98/3858
f 952/3859 315/3860 953/3861
f 2453/3862 953/3863 1700/3864
f 951/3865 1702/3866 78/3867
f 1641/3868 1942/3869 2328/3870
f 24/3871 433/3872 1660/3873
f 925/3874 271/3875 270/3876
f 291/3877 1388/3878 270/3879
f 271/3880 1420/3881 291/3882
f 1180/3883 526/3884 285/3885
f 909/3886 271/3887 1324/3888
f 1705/3889 573/3890 1706/3891
f 469/3892 101/3893 955/3894
f 2349/3895 955/3896 1414/3897
f 101/3898 469/3899 526/3900
f 317/3901 955/3902 2349/3903
f 279/3904 317/3905 135/3906
f 955/3907 1172/3908 469/3909
f 1708/3910 2350/3911 202/3912
f 2351/3913 2350/3914 1708/3915
f 2351/3916 2352/3917 2350/3918
f 2237/3919 468/3920 2352/3921
f 468/3922 2350/3923 2352/3924
f 2238/3925 605/3926 1542/3927
f 1709/3928 1708/3929 912/3930
f 1709/3931 606/3932 2351/3933
f 2351/3934 1708/3935 1709/3936
f 318/3937 531/3938 470/3939
f 470/3940 461/3941 318/3942
f 461/3943 1710/3944 318/3945
f 1433/3946 1711/3947 461/3948
f 461/3949 1711/3950 1710/3951
f 318/3952 778/3953 779/3954
f 7/3955 1712/3956 456/3957
f 7/3958 1665/3959 1712/3960
f 11/3961 1172/3962 1181/3963
f 456/3964 23/3965 1482/3966
f 1712/3967 1665/3968 163/3969
f 1713/3970 792/3971 1482/3972
f 1807/3973 350/3974 628/3975
f 2538/3976 2131/3977 423/3978
f 264/3979 816/3980 319/3981
f 2397/3982 1807/3983 1810/3984
f 28/3985 427/3986 2133/3987
f 471/3988 146/3989 403/3990
f 142/3991 2375/3992 569/3993
f 1714/3994 1166/3995 52/3996
f 63/3997 2463/3998 124/3999
f 939/4000 518/4001 558/4002
f 1715/4003 203/4004 50/4005
f 1715/4006 50/4007 2375/4008
f 816/4009 1181/4010 319/4011
f 1281/4012 988/4013 990/4014
f 2254/4015 1181/4016 816/4017
f 317/4018 279/4019 1172/4020
f 471/4021 12/4022 567/4023
f 1166/4024 12/4025 147/4026
f 321/4027 472/4028 516/4029
f 518/4030 54/4031 1112/4032
f 962/4033 10/4034 203/4035
f 19/4036 963/4037 962/4038
f 1719/4039 403/4040 608/4041
f 403/4042 1719/4043 1112/4044
f 1719/4045 971/4046 320/4047
f 37/4048 38/4049 1390/4050
f 152/4051 1719/4052 320/4053
f 2236/4054 677/4055 308/4056
f 52/4057 1166/4058 147/4059
f 96/4060 308/4061 677/4062
f 96/4063 677/4064 516/4065
f 2483/4066 308/4067 607/4068
f 1712/4069 163/4070 433/4071
f 1720/4072 689/4073 143/4074
f 774/4075 683/4076 56/4077
f 775/4078 16/4079 1650/4080
f 2212/4081 1917/4082 369/4083
f 323/4084 965/4085 775/4086
f 2550/4087 1661/4088 163/4089
f 141/4090 49/4091 48/4092
f 972/4093 1719/4094 608/4095
f 972/4096 608/4097 966/4098
f 321/4099 95/4100 472/4101
f 1722/4102 96/4103 408/4104
f 96/4105 516/4106 408/4107
f 1164/4108 55/4109 56/4110
f 308/4111 2483/4112 517/4113
f 967/4114 95/4115 1724/4116
f 1724/4117 95/4118 178/4119
f 968/4120 325/4121 967/4122
f 969/4123 973/4124 609/4125
f 235/4126 1998/4127 2428/4128
f 235/4129 2428/4130 2000/4131
f 1270/4132 1742/4133 609/4134
f 1742/4135 969/4136 609/4137
f 609/4138 973/4139 325/4140
f 1268/4141 1727/4142 328/4143
f 970/4144 132/4145 1266/4146
f 1719/4147 972/4148 971/4149
f 49/4150 326/4151 473/4152
f 326/4153 1736/4154 1725/4155
f 942/4156 326/4157 49/4158
f 1725/4159 968/4160 326/4161
f 326/4162 1724/4163 473/4164
f 2482/4165 1722/4166 973/4167
f 610/4168 975/4169 1730/4170
f 980/4171 328/4172 974/4173
f 1735/4174 1736/4175 942/4176
f 330/4177 611/4178 1740/4179
f 330/4180 1740/4181 1737/4182
f 1746/4183 1741/4184 1742/4185
f 1743/4186 975/4187 1741/4188
f 612/4189 1743/4190 1271/4191
f 1745/4192 1743/4193 1746/4194
f 1267/4195 327/4196 1753/4197
f 94/4198 1270/4199 976/4200
f 976/4201 1270/4202 609/4203
f 111/4204 611/4205 330/4206
f 978/4207 977/4208 1747/4209
f 613/4210 1747/4211 770/4212
f 613/4213 2364/4214 1747/4215
f 1747/4216 256/4217 770/4218
f 978/4219 2364/4220 1749/4221
f 1750/4222 1749/4223 2364/4224
f 613/4225 1750/4226 2364/4227
f 150/4228 332/4229 1751/4230
f 1006/4231 332/4232 150/4233
f 1007/4234 150/4235 1749/4236
f 1732/4237 1734/4238 981/4239
f 2181/4240 257/4241 513/4242
f 2365/4243 1753/4244 1754/4245
f 1754/4246 332/4247 997/4248
f 1756/4249 1754/4250 997/4251
f 332/4252 1754/4253 514/4254
f 2405/4255 601/4256 44/4257
f 2192/4258 982/4259 2560/4260
f 1271/4261 1743/4262 1745/4263
f 1040/4264 331/4265 351/4266
f 343/4267 459/4268 208/4269
f 1274/4270 1790/4271 983/4272
f 989/4273 983/4274 1757/4275
f 333/4276 2367/4277 334/4278
f 333/4279 1759/4280 1758/4281
f 1759/4282 333/4283 1761/4284
f 1758/4285 1805/4286 2367/4287
f 2367/4288 177/4289 1275/4290
f 2367/4291 1275/4292 334/4293
f 253/4294 985/4295 1760/4296
f 765/4297 985/4298 253/4299
f 1761/4300 985/4301 765/4302
f 985/4303 333/4304 334/4305
f 1761/4306 333/4307 985/4308
f 2379/4309 151/4310 2261/4311
f 1774/4312 987/4313 991/4314
f 873/4315 1213/4316 460/4317
f 2125/4318 205/4319 1764/4320
f 1277/4321 1764/4322 205/4323
f 1277/4324 205/4325 769/4326
f 1766/4327 1764/4328 1207/4329
f 254/4330 1767/4331 1766/4332
f 614/4333 1278/4334 980/4335
f 980/4336 1278/4337 981/4338
f 1769/4339 986/4340 614/4341
f 614/4342 986/4343 1278/4344
f 2373/4345 768/4346 1770/4347
f 2373/4348 1280/4349 768/4350
f 990/4351 988/4352 1771/4353
f 207/4354 990/4355 1771/4356
f 1771/4357 988/4358 336/4359
f 1770/4360 1281/4361 990/4362
f 1770/4363 768/4364 1281/4365
f 565/4366 1772/4367 207/4368
f 615/4369 1282/4370 991/4371
f 1002/4372 992/4373 1780/4374
f 992/4375 1002/4376 993/4377
f 76/4378 615/4379 993/4380
f 76/4381 2231/4382 615/4383
f 994/4384 615/4385 2231/4386
f 994/4387 1282/4388 615/4389
f 511/4390 474/4391 337/4392
f 474/4393 1765/4394 337/4395
f 1765/4396 474/4397 766/4398
f 2122/4399 474/4400 511/4401
f 1780/4402 206/4403 997/4404
f 1780/4405 992/4406 206/4407
f 340/4408 1780/4409 997/4410
f 2370/4411 1771/4412 999/4413
f 1771/4414 336/4415 999/4416
f 1962/4417 2553/4418 341/4419
f 207/4420 1771/4421 2370/4422
f 2382/4423 761/4424 616/4425
f 476/4426 616/4427 761/4428
f 2382/4429 1001/4430 2479/4431
f 476/4432 1777/4433 252/4434
f 762/4435 1780/4436 1782/4437
f 1781/4438 762/4439 1782/4440
f 1781/4441 1284/4442 762/4443
f 595/4444 2301/4445 1552/4446
f 2229/4447 1003/4448 619/4449
f 763/4450 2091/4451 1005/4452
f 1003/4453 1004/4454 763/4455
f 348/4456 2391/4457 1032/4458
f 1801/4459 348/4460 1033/4461
f 348/4462 1801/4463 1034/4464
f 1782/4465 1006/4466 1007/4467
f 1006/4468 1780/4469 340/4470
f 1008/4471 979/4472 2186/4473
f 1008/4474 475/4475 1783/4476
f 475/4477 1007/4478 1783/4479
f 475/4480 1782/4481 1007/4482
f 2231/4483 76/4484 1005/4485
f 1178/4486 2120/4487 186/4488
f 1108/4489 2384/4490 2534/4491
f 1008/4492 2186/4493 682/4494
f 2179/4495 1137/4496 1784/4497
f 341/4498 1785/4499 77/4500
f 1785/4501 620/4502 2385/4503
f 1785/4504 621/4505 77/4506
f 186/4507 1786/4508 1012/4509
f 186/4510 1011/4511 1786/4512
f 1785/4513 1012/4514 620/4515
f 1401/4516 1286/4517 2386/4518
f 1014/4519 2384/4520 1108/4521
f 633/4522 1993/4523 1788/4524
f 1015/4525 2226/4526 1789/4527
f 1805/4528 509/4529 177/4530
f 1016/4531 1294/4532 153/4533
f 1016/4534 153/4535 509/4536
f 1275/4537 153/4538 1790/4539
f 177/4540 153/4541 1275/4542
f 1295/4543 1030/4544 1018/4545
f 1018/4546 1017/4547 1019/4548
f 153/4549 1019/4550 2226/4551
f 1294/4552 1018/4553 153/4554
f 154/4555 1791/4556 1793/4557
f 1793/4558 342/4559 154/4560
f 342/4561 1796/4562 154/4563
f 622/4564 1791/4565 154/4566
f 454/4567 1791/4568 1792/4569
f 1793/4570 454/4571 1289/4572
f 1020/4573 2389/4574 1021/4575
f 351/4576 1020/4577 345/4578
f 2389/4579 459/4580 342/4581
f 756/4582 1795/4583 1794/4584
f 459/4585 1794/4586 1796/4587
f 459/4588 1796/4589 342/4590
f 1023/4591 1022/4592 344/4593
f 1024/4594 1023/4595 536/4596
f 1024/4597 1022/4598 1023/4599
f 1024/4600 1289/4601 1022/4602
f 1815/4603 1797/4604 1488/4605
f 1797/4606 580/4607 1488/4608
f 1024/4609 580/4610 1797/4611
f 1815/4612 1488/4613 62/4614
f 1024/4615 536/4616 580/4617
f 346/4618 1025/4619 1797/4620
f 345/4621 346/4622 2390/4623
f 1026/4624 1798/4625 1029/4626
f 1026/4627 1027/4628 1798/4629
f 1017/4630 1029/4631 1028/4632
f 624/4633 1026/4634 1029/4635
f 1290/4636 1026/4637 624/4638
f 1291/4639 1027/4640 1026/4641
f 1035/4642 1030/4643 1295/4644
f 1034/4645 624/4646 1029/4647
f 1800/4648 348/4649 1799/4650
f 1800/4651 1799/4652 1031/4653
f 2391/4654 1033/4655 1032/4656
f 348/4657 1034/4658 347/4659
f 1035/4660 2392/4661 2182/4662
f 1035/4663 1295/4664 2392/4665
f 349/4666 1036/4667 1803/4668
f 349/4669 2392/4670 1036/4671
f 1803/4672 1808/4673 1802/4674
f 625/4675 2182/4676 155/4677
f 1036/4678 2392/4679 2399/4680
f 128/4681 1/4682 1302/4683
f 1/4684 626/4685 2182/4686
f 626/4687 1293/4688 2182/4689
f 561/4690 1/4691 2182/4692
f 1809/4693 1805/4694 2395/4695
f 2397/4696 1037/4697 2394/4698
f 2394/4699 1037/4700 2395/4701
f 1809/4702 509/4703 1805/4704
f 1758/4705 2395/4706 1805/4707
f 1759/4708 2395/4709 1758/4710
f 2396/4711 1276/4712 1806/4713
f 627/4714 628/4715 350/4716
f 2396/4717 2394/4718 1276/4719
f 1276/4720 2394/4721 1759/4722
f 1808/4723 757/4724 1039/4725
f 1039/4726 1038/4727 2398/4728
f 1808/4729 1036/4730 2399/4731
f 2398/4732 1038/4733 628/4734
f 562/4735 351/4736 1041/4737
f 1043/4738 1040/4739 562/4740
f 351/4741 345/4742 1041/4743
f 1297/4744 1041/4745 345/4746
f 1067/4747 1042/4748 562/4749
f 1042/4750 1043/4751 562/4752
f 1067/4753 352/4754 754/4755
f 1067/4756 1816/4757 352/4758
f 1067/4759 562/4760 1816/4761
f 1044/4762 92/4763 1811/4764
f 92/4765 1812/4766 2400/4767
f 2400/4768 1814/4769 1811/4770
f 1812/4771 1813/4772 2400/4773
f 1811/4774 1814/4775 1040/4776
f 1811/4777 1040/4778 1043/4779
f 2221/4780 62/4781 1446/4782
f 1045/4783 2221/4784 1484/4785
f 1298/4786 1815/4787 2221/4788
f 231/4789 455/4790 2487/4791
f 352/4792 1816/4793 1299/4794
f 1299/4795 1045/4796 1484/4797
f 1046/4798 1448/4799 2402/4800
f 1817/4801 2402/4802 1053/4803
f 1053/4804 2402/4805 1047/4806
f 1817/4807 1046/4808 2402/4809
f 1062/4810 755/4811 1817/4812
f 1048/4813 349/4814 1803/4815
f 1818/4816 1301/4817 349/4818
f 2403/4819 1048/4820 1819/4821
f 1301/4822 1818/4823 2403/4824
f 1300/4825 625/4826 1301/4827
f 1071/4828 1802/4829 2220/4830
f 2472/4831 601/4832 2282/4833
f 353/4834 1819/4835 601/4836
f 2244/4837 2403/4838 1819/4839
f 1306/4840 2204/4841 354/4842
f 1069/4843 1306/4844 1775/4845
f 1306/4846 1070/4847 2204/4848
f 1070/4849 627/4850 350/4851
f 2204/4852 350/4853 1806/4854
f 1069/4855 1775/4856 1820/4857
f 1305/4858 1306/4859 1068/4860
f 1306/4861 1069/4862 1068/4863
f 1821/4864 754/4865 1824/4866
f 2406/4867 508/4868 1821/4869
f 1823/4870 1824/4871 1822/4872
f 355/4873 1823/4874 1063/4875
f 2406/4876 1821/4877 1823/4878
f 1066/4879 755/4880 1062/4881
f 750/4882 1065/4883 1825/4884
f 750/4885 1825/4886 355/4887
f 1063/4888 750/4889 355/4890
f 1064/4891 188/4892 1065/4893
f 1825/4894 2406/4895 355/4896
f 2407/4897 1827/4898 1313/4899
f 2407/4900 2476/4901 1062/4902
f 1152/4903 1061/4904 2376/4905
f 1828/4906 1061/4907 2408/4908
f 1832/4909 751/4910 1061/4911
f 1061/4912 751/4913 1829/4914
f 1313/4915 1829/4916 2407/4917
f 1061/4918 1313/4919 2376/4920
f 1708/4921 957/4922 912/4923
f 1831/4924 1830/4925 2201/4926
f 551/4927 1831/4928 1360/4929
f 551/4930 1064/4931 1831/4932
f 551/4933 1309/4934 1064/4935
f 1064/4936 1832/4937 1830/4938
f 1833/4939 1060/4940 507/4941
f 2411/4942 2409/4943 1058/4944
f 2410/4945 2409/4946 2411/4947
f 2410/4948 749/4949 2409/4950
f 749/4951 748/4952 1060/4953
f 1060/4954 2404/4955 507/4956
f 1157/4957 1058/4958 1834/4959
f 582/4960 455/4961 231/4962
f 747/4963 1058/4964 2409/4965
f 1058/4966 747/4967 1834/4968
f 2412/4969 2410/4970 2411/4971
f 1474/4972 247/4973 356/4974
f 2412/4975 2411/4976 1059/4977
f 1004/4978 2381/4979 339/4980
f 1057/4981 1776/4982 246/4983
f 2331/4984 1055/4985 2413/4986
f 2414/4987 1055/4988 246/4989
f 1998/4990 2355/4991 2276/4992
f 1998/4993 2276/4994 1052/4995
f 1050/4996 1837/4997 357/4998
f 1050/4999 357/5000 1049/5001
f 653/5002 834/5003 2018/5004
f 1214/5005 2106/5006 39/5007
f 1050/5008 744/5009 1837/5010
f 1049/5011 1618/5012 1050/5013
f 1073/5014 743/5015 1839/5016
f 743/5017 1534/5018 1840/5019
f 181/5020 1840/5021 1072/5022
f 181/5023 743/5024 1840/5025
f 1841/5026 1842/5027 1316/5028
f 1073/5029 1841/5030 743/5031
f 1317/5032 358/5033 1843/5034
f 1844/5035 1845/5036 2207/5037
f 2422/5038 1846/5039 544/5040
f 112/5041 494/5042 2421/5043
f 2421/5044 494/5045 229/5046
f 229/5047 494/5048 2047/5049
f 544/5050 1846/5051 700/5052
f 1077/5053 1076/5054 358/5055
f 2423/5056 544/5057 1076/5058
f 1077/5059 2423/5060 1076/5061
f 2471/5062 1077/5063 358/5064
f 2508/5065 544/5066 699/5067
f 1850/5068 244/5069 1848/5070
f 245/5071 1849/5072 1850/5073
f 1848/5074 244/5075 1847/5076
f 1848/5077 2423/5078 1077/5079
f 1853/5080 113/5081 1079/5082
f 1078/5083 741/5084 113/5085
f 741/5086 2424/5087 1079/5088
f 1374/5089 1079/5090 2424/5091
f 1374/5092 2424/5093 2493/5094
f 1852/5095 1851/5096 494/5097
f 1854/5098 1852/5099 494/5100
f 1851/5101 1853/5102 1374/5103
f 1855/5104 2002/5105 703/5106
f 2425/5107 2494/5108 548/5109
f 1082/5110 2425/5111 740/5112
f 75/5113 1320/5114 359/5115
f 1082/5116 1856/5117 2425/5118
f 1083/5119 2001/5120 172/5121
f 68/5122 2001/5123 1083/5124
f 1083/5125 172/5126 363/5127
f 1858/5128 2003/5129 450/5130
f 2003/5131 2004/5132 629/5133
f 1859/5134 450/5135 1084/5136
f 1860/5137 717/5138 130/5139
f 477/5140 392/5141 1860/5142
f 1861/5143 1359/5144 477/5145
f 1862/5146 1085/5147 1863/5148
f 1085/5149 184/5150 1087/5151
f 1085/5152 1978/5153 2427/5154
f 738/5155 737/5156 1987/5157
f 1987/5158 737/5159 1864/5160
f 737/5161 1862/5162 1864/5163
f 1864/5164 1862/5165 1863/5166
f 184/5167 1860/5168 1087/5169
f 1865/5170 736/5171 1860/5172
f 1866/5173 2530/5174 108/5175
f 1869/5176 1866/5177 1089/5178
f 1869/5179 1089/5180 1867/5181
f 1088/5182 1867/5183 1417/5184
f 1417/5185 1867/5186 1089/5187
f 211/5188 1868/5189 1869/5190
f 211/5191 1869/5192 1867/5193
f 1090/5194 1870/5195 1872/5196
f 733/5197 2429/5198 1873/5199
f 1873/5200 1090/5201 1871/5202
f 1090/5203 1091/5204 1870/5205
f 907/5206 2128/5207 1582/5208
f 1878/5209 1090/5210 1875/5211
f 1875/5212 1090/5213 1876/5214
f 1876/5215 1872/5216 1094/5217
f 1094/5218 1872/5219 668/5220
f 1874/5221 668/5222 2128/5223
f 1095/5224 1877/5225 1097/5226
f 2356/5227 1877/5228 1096/5229
f 1583/5230 576/5231 1092/5232
f 576/5233 1097/5234 1879/5235
f 2430/5236 1095/5237 1097/5238
f 2430/5239 1097/5240 576/5241
f 1877/5242 1875/5243 1097/5244
f 1097/5245 1875/5246 1879/5247
f 2432/5248 1101/5249 1098/5250
f 2432/5251 1098/5252 1881/5253
f 1882/5254 1098/5255 693/5256
f 884/5257 1882/5258 1884/5259
f 2433/5260 1527/5261 1436/5262
f 2293/5263 2434/5264 156/5265
f 1099/5266 156/5267 243/5268
f 1885/5269 243/5270 156/5271
f 2433/5272 1099/5273 1527/5274
f 702/5275 361/5276 1376/5277
f 2436/5278 361/5279 702/5280
f 361/5281 1886/5282 1376/5283
f 1100/5284 1247/5285 1101/5286
f 1100/5287 2435/5288 1247/5289
f 1887/5290 2435/5291 1100/5292
f 182/5293 1887/5294 1100/5295
f 2435/5296 361/5297 2436/5298
f 1247/5299 2435/5300 1888/5301
f 1101/5302 1247/5303 1248/5304
f 2360/5305 2437/5306 1102/5307
f 541/5308 182/5309 2215/5310
f 1643/5311 64/5312 2437/5313
f 1889/5314 1887/5315 182/5316
f 2444/5317 1890/5318 1891/5319
f 1103/5320 2438/5321 1890/5322
f 1338/5323 2438/5324 170/5325
f 1886/5326 2444/5327 1376/5328
f 1566/5329 1565/5330 2306/5331
f 264/5332 1930/5333 1928/5334
f 87/5335 1245/5336 2043/5337
f 2043/5338 1890/5339 87/5340
f 114/5341 2439/5342 362/5343
f 114/5344 1896/5345 1892/5346
f 1892/5347 1896/5348 71/5349
f 1211/5350 1892/5351 171/5352
f 2112/5353 1892/5354 1211/5355
f 72/5356 170/5357 2115/5358
f 183/5359 1893/5360 2440/5361
f 183/5362 632/5363 1893/5364
f 1893/5365 362/5366 157/5367
f 157/5368 2439/5369 2112/5370
f 157/5371 2114/5372 170/5373
f 632/5374 1895/5375 1893/5376
f 546/5377 545/5378 632/5379
f 271/5380 925/5381 734/5382
f 1893/5383 1332/5384 362/5385
f 1896/5386 212/5387 1952/5388
f 212/5389 667/5390 1952/5391
f 172/5392 2148/5393 363/5394
f 1106/5395 1107/5396 1108/5397
f 123/5398 1107/5399 1106/5400
f 2110/5401 1111/5402 2160/5403
f 797/5404 1111/5405 1637/5406
f 634/5407 1111/5408 797/5409
f 1111/5410 2110/5411 1110/5412
f 1110/5413 389/5414 423/5415
f 364/5416 635/5417 2160/5418
f 2441/5419 554/5420 1113/5421
f 1902/5422 1113/5423 1900/5424
f 729/5425 1113/5426 1902/5427
f 729/5428 1901/5429 1113/5430
f 1113/5431 554/5432 1400/5433
f 365/5434 1902/5435 543/5436
f 1907/5437 115/5438 365/5439
f 1336/5440 646/5441 2541/5442
f 1903/5443 2138/5444 636/5445
f 1417/5446 537/5447 1594/5448
f 2228/5449 1903/5450 1906/5451
f 2228/5452 1909/5453 174/5454
f 1169/5455 158/5456 1911/5457
f 1914/5458 1913/5459 637/5460
f 1916/5461 1611/5462 1919/5463
f 1611/5464 1916/5465 2096/5466
f 1919/5467 1117/5468 1916/5469
f 1611/5470 2096/5471 1601/5472
f 1918/5473 367/5474 1917/5475
f 1918/5476 2445/5477 1117/5478
f 368/5479 367/5480 1919/5481
f 1580/5482 2445/5483 2213/5484
f 2445/5485 597/5486 1920/5487
f 2445/5488 1920/5489 1117/5490
f 2213/5491 1918/5492 1917/5493
f 1923/5494 1922/5495 1610/5496
f 1922/5497 1917/5498 1116/5499
f 369/5500 1917/5501 1923/5502
f 369/5503 1118/5504 1205/5505
f 1118/5506 369/5507 1923/5508
f 1924/5509 638/5510 2296/5511
f 1924/5512 2296/5513 883/5514
f 1924/5515 883/5516 880/5517
f 1577/5518 528/5519 81/5520
f 528/5521 1119/5522 370/5523
f 370/5524 638/5525 1924/5526
f 1926/5527 1119/5528 1422/5529
f 1926/5530 1925/5531 1119/5532
f 1120/5533 1925/5534 1926/5535
f 1422/5536 1119/5537 528/5538
f 1120/5539 638/5540 1925/5541
f 1929/5542 131/5543 1927/5544
f 131/5545 1520/5546 1927/5547
f 727/5548 878/5549 131/5550
f 131/5551 878/5552 1520/5553
f 264/5554 1929/5555 1927/5556
f 1929/5557 639/5558 131/5559
f 469/5560 1172/5561 285/5562
f 1930/5563 264/5564 929/5565
f 526/5566 1180/5567 1705/5568
f 898/5569 1573/5570 899/5571
f 1706/5572 526/5573 1705/5574
f 2449/5575 375/5576 1931/5577
f 375/5578 1728/5579 371/5580
f 1931/5581 375/5582 371/5583
f 1933/5584 371/5585 1121/5586
f 1933/5587 1121/5588 1524/5589
f 1935/5590 1931/5591 1933/5592
f 1121/5593 1934/5594 1932/5595
f 1502/5596 1703/5597 372/5598
f 1935/5599 2449/5600 1931/5601
f 1935/5602 1933/5603 106/5604
f 1342/5605 2447/5606 1936/5607
f 1932/5608 2333/5609 191/5610
f 191/5611 1342/5612 1123/5613
f 1123/5614 1342/5615 1936/5616
f 1207/5617 1765/5618 766/5619
f 2449/5620 1937/5621 553/5622
f 375/5623 553/5624 1728/5625
f 376/5626 2450/5627 1124/5628
f 2450/5629 2451/5630 1124/5631
f 1124/5632 1125/5633 1937/5634
f 1124/5635 1941/5636 1125/5637
f 2266/5638 1481/5639 376/5640
f 1938/5641 1124/5642 2449/5643
f 2260/5644 376/5645 1124/5646
f 1940/5647 640/5648 658/5649
f 2362/5650 658/5651 3/5652
f 553/5653 1940/5654 2017/5655
f 316/5656 2452/5657 1942/5658
f 2452/5659 1127/5660 1942/5661
f 1127/5662 498/5663 1942/5664
f 1346/5665 2453/5666 951/5667
f 1346/5668 952/5669 2453/5670
f 2563/5671 377/5672 952/5673
f 552/5674 500/5675 2455/5676
f 1128/5677 2563/5678 952/5679
f 1944/5680 1141/5681 1943/5682
f 643/5683 1141/5684 1334/5685
f 643/5686 642/5687 1141/5688
f 641/5689 1943/5690 1141/5691
f 641/5692 159/5693 1943/5694
f 944/5695 309/5696 1404/5697
f 1334/5698 1141/5699 1944/5700
f 304/5701 520/5702 1404/5703
f 642/5704 643/5705 499/5706
f 552/5707 2455/5708 1945/5709
f 2561/5710 642/5711 1945/5712
f 1947/5713 724/5714 1129/5715
f 2209/5716 724/5717 1947/5718
f 1946/5719 1129/5720 1130/5721
f 449/5722 1947/5723 1946/5724
f 378/5725 1130/5726 1131/5727
f 1949/5728 378/5729 500/5730
f 449/5731 1946/5732 1130/5733
f 378/5734 2457/5735 1130/5736
f 160/5737 2456/5738 2457/5739
f 2456/5740 449/5741 2457/5742
f 1134/5743 1132/5744 2456/5745
f 1132/5746 239/5747 2456/5748
f 1133/5749 1134/5750 160/5751
f 214/5752 160/5753 721/5754
f 1951/5755 2117/5756 670/5757
f 1211/5758 1951/5759 670/5760
f 71/5761 1951/5762 171/5763
f 71/5764 1952/5765 1951/5766
f 1952/5767 2143/5768 2117/5769
f 2462/5770 2208/5771 215/5772
f 2462/5773 2369/5774 1953/5775
f 1953/5776 213/5777 2462/5778
f 1955/5779 720/5780 213/5781
f 2462/5782 1958/5783 1114/5784
f 1210/5785 1955/5786 1954/5787
f 1210/5788 1954/5789 664/5790
f 1954/5791 1955/5792 1953/5793
f 2460/5794 499/5795 1904/5796
f 1957/5797 645/5798 1135/5799
f 645/5800 1945/5801 1135/5802
f 499/5803 643/5804 1904/5805
f 1958/5806 645/5807 1957/5808
f 1957/5809 2460/5810 646/5811
f 1957/5812 646/5813 73/5814
f 1114/5815 1958/5816 73/5817
f 215/5818 1949/5819 1136/5820
f 721/5821 160/5822 1959/5823
f 1949/5824 1348/5825 1136/5826
f 1958/5827 215/5828 645/5829
f 798/5830 772/5831 944/5832
f 944/5833 772/5834 1659/5835
f 467/5836 2568/5837 1661/5838
f 1137/5839 127/5840 379/5841
f 1143/5842 379/5843 1961/5844
f 1961/5845 127/5846 2185/5847
f 379/5848 89/5849 1962/5850
f 238/5851 1962/5852 89/5853
f 1691/5854 2343/5855 783/5856
f 1966/5857 225/5858 799/5859
f 1140/5860 100/5861 1139/5862
f 1963/5863 1964/5864 100/5865
f 1354/5866 1139/5867 800/5868
f 1964/5869 1965/5870 2461/5871
f 1964/5872 2461/5873 1966/5874
f 381/5875 1963/5876 1140/5877
f 381/5878 1964/5879 1963/5880
f 381/5881 1965/5882 1964/5883
f 1965/5884 381/5885 718/5886
f 1965/5887 718/5888 2461/5889
f 1142/5890 382/5891 1968/5892
f 1967/5893 382/5894 161/5895
f 1144/5896 1968/5897 1967/5898
f 1142/5899 1968/5900 381/5901
f 525/5902 384/5903 89/5904
f 1969/5905 1144/5906 1967/5907
f 1469/5908 1145/5909 2265/5910
f 2203/5911 1351/5912 1146/5913
f 735/5914 216/5915 1970/5916
f 216/5917 649/5918 1996/5919
f 1971/5920 735/5921 391/5922
f 237/5923 216/5924 1971/5925
f 458/5926 1972/5927 2470/5928
f 387/5929 388/5930 386/5931
f 557/5932 1358/5933 1978/5934
f 387/5935 386/5936 1333/5937
f 1358/5938 557/5939 387/5940
f 557/5941 388/5942 387/5943
f 635/5944 2157/5945 2160/5946
f 2470/5947 237/5948 1971/5949
f 1971/5950 391/5951 2470/5952
f 391/5953 360/5954 738/5955
f 1357/5956 1990/5957 1148/5958
f 387/5959 1357/5960 1358/5961
f 1148/5962 1990/5963 1333/5964
f 1899/5965 1149/5966 1148/5967
f 1991/5968 1150/5969 1992/5970
f 1992/5971 1357/5972 1149/5973
f 1359/5974 730/5975 648/5976
f 388/5977 1151/5978 90/5979
f 90/5980 1151/5981 1109/5982
f 388/5983 717/5984 1151/5985
f 2378/5986 1152/5987 2473/5988
f 2473/5989 2416/5990 1998/5991
f 1988/5992 1153/5993 2474/5994
f 2465/5995 2378/5996 2473/5997
f 1154/5998 2477/5999 1980/6000
f 1157/6001 1834/6002 1156/6003
f 2478/6004 1159/6005 649/6006
f 1997/6007 1159/6008 2478/6009
f 1997/6010 395/6011 1159/6012
f 1158/6013 395/6014 1997/6015
f 1159/6016 395/6017 1156/6018
f 2000/6019 2428/6020 650/6021
f 1160/6022 273/6023 650/6024
f 1145/6025 650/6026 2265/6027
f 1995/6028 651/6029 2467/6030
f 1999/6031 651/6032 1995/6033
f 210/6034 2146/6035 2001/6036
f 2001/6037 2129/6038 210/6039
f 1363/6040 396/6041 1161/6042
f 2489/6043 1161/6044 2281/6045
f 496/6046 1363/6047 2489/6048
f 930/6049 2004/6050 2030/6051
f 450/6052 1320/6053 1858/6054
f 704/6055 930/6056 2030/6057
f 1365/6058 1162/6059 930/6060
f 629/6061 217/6062 2481/6063
f 839/6064 1366/6065 1365/6066
f 2006/6067 2005/6068 1364/6069
f 2006/6070 2009/6071 2325/6072
f 2008/6073 1165/6074 2006/6075
f 399/6076 2008/6077 496/6078
f 2011/6079 2009/6080 1138/6081
f 1165/6082 2009/6083 2006/6084
f 2008/6085 1364/6086 397/6087
f 2008/6088 2006/6089 1364/6090
f 2008/6091 397/6092 496/6093
f 1255/6094 2011/6095 402/6096
f 523/6097 524/6098 1167/6099
f 1606/6100 1167/6101 1604/6102
f 2484/6103 1167/6104 1606/6105
f 2013/6106 1263/6107 1605/6108
f 1605/6109 1263/6110 2012/6111
f 1264/6112 2485/6113 80/6114
f 2013/6115 479/6116 1263/6117
f 1567/6118 479/6119 2013/6120
f 1567/6121 1565/6122 463/6123
f 1263/6124 463/6125 2012/6126
f 2175/6127 2167/6128 124/6129
f 2014/6130 533/6131 1261/6132
f 370/6133 74/6134 81/6135
f 85/6136 533/6137 866/6138
f 533/6139 85/6140 1261/6141
f 2015/6142 1262/6143 1569/6144
f 992/6145 993/6146 206/6147
f 2014/6148 1261/6149 1262/6150
f 1262/6151 2016/6152 1569/6153
f 2517/6154 712/6155 1228/6156
f 712/6157 2014/6158 1228/6159
f 2018/6160 834/6161 843/6162
f 711/6163 2020/6164 493/6165
f 265/6166 843/6167 826/6168
f 1213/6169 2018/6170 265/6171
f 31/6172 2003/6173 75/6174
f 2486/6175 231/6176 400/6177
f 400/6178 231/6179 2487/6180
f 709/6181 2486/6182 2200/6183
f 2486/6184 1450/6185 231/6186
f 493/6187 1459/6188 834/6189
f 1260/6190 549/6191 2488/6192
f 1236/6193 2502/6194 1260/6195
f 2502/6196 549/6197 1260/6198
f 1369/6199 2200/6200 549/6201
f 2281/6202 2491/6203 1768/6204
f 2491/6205 117/6206 1768/6207
f 2275/6208 1467/6209 2281/6210
f 2022/6211 192/6212 2021/6213
f 1377/6214 2028/6215 1259/6216
f 2028/6217 230/6218 1372/6219
f 129/6220 1370/6221 1258/6222
f 1258/6223 708/6224 1259/6225
f 144/6226 941/6227 795/6228
f 2023/6229 840/6230 707/6231
f 2023/6232 707/6233 1451/6234
f 2023/6235 1451/6236 83/6237
f 2022/6238 83/6239 1451/6240
f 401/6241 840/6242 2023/6243
f 2036/6244 2035/6245 2495/6246
f 402/6247 2025/6248 1255/6249
f 402/6250 1256/6251 2025/6252
f 1138/6253 2007/6254 2492/6255
f 705/6256 1256/6257 2024/6258
f 682/6259 2186/6260 447/6261
f 351/6262 331/6263 208/6264
f 2025/6265 2026/6266 2027/6267
f 208/6268 1020/6269 351/6270
f 2187/6271 682/6272 447/6273
f 2490/6274 2029/6275 399/6276
f 2492/6277 705/6278 2024/6279
f 399/6280 2492/6281 2007/6282
f 1259/6283 118/6284 2029/6285
f 2029/6286 118/6287 399/6288
f 129/6289 1258/6290 2029/6291
f 118/6292 1259/6293 2028/6294
f 399/6295 118/6296 2492/6297
f 33/6298 1253/6299 2032/6300
f 1254/6301 2004/6302 2003/6303
f 404/6304 1253/6305 32/6306
f 1253/6307 31/6308 32/6309
f 401/6310 2031/6311 2035/6312
f 2031/6313 2032/6314 404/6315
f 1457/6316 2031/6317 401/6318
f 1457/6319 232/6320 2031/6321
f 1253/6322 404/6323 2032/6324
f 69/6325 2033/6326 676/6327
f 434/6328 2151/6329 1373/6330
f 1373/6331 2151/6332 2033/6333
f 2033/6334 2544/6335 1188/6336
f 2041/6337 654/6338 405/6339
f 1684/6340 58/6341 110/6342
f 2493/6343 548/6344 2494/6345
f 2067/6346 1080/6347 2295/6348
f 1251/6349 840/6350 407/6351
f 1250/6352 2038/6353 2039/6354
f 1584/6355 291/6356 290/6357
f 135/6358 685/6359 167/6360
f 2041/6361 2034/6362 2042/6363
f 1250/6364 2042/6365 2038/6366
f 2507/6367 2043/6368 1245/6369
f 2046/6370 2039/6371 2507/6372
f 2039/6373 2038/6374 2043/6375
f 2045/6376 2497/6377 2040/6378
f 2045/6379 2040/6380 556/6381
f 556/6382 2040/6383 2046/6384
f 1851/6385 2497/6386 2045/6387
f 1851/6388 1374/6389 2497/6390
f 175/6391 2050/6392 2498/6393
f 2049/6394 656/6395 2050/6396
f 2049/6397 501/6398 656/6399
f 502/6400 2498/6401 2227/6402
f 1247/6403 27/6404 1248/6405
f 1248/6406 27/6407 693/6408
f 1482/6409 2199/6410 1246/6411
f 2053/6412 2501/6413 2051/6414
f 2052/6415 2053/6416 2051/6417
f 2501/6418 1371/6419 2051/6420
f 2054/6421 2052/6422 2503/6423
f 2054/6424 2503/6425 495/6426
f 2073/6427 659/6428 2054/6429
f 657/6430 2052/6431 2054/6432
f 2503/6433 2052/6434 2051/6435
f 2503/6436 1369/6437 549/6438
f 481/6439 2056/6440 482/6441
f 657/6442 410/6443 2052/6444
f 2057/6445 1245/6446 2058/6447
f 2505/6448 2506/6449 64/6450
f 701/6451 2057/6452 2506/6453
f 1245/6454 2057/6455 2507/6456
f 2506/6457 2058/6458 64/6459
f 1643/6460 2059/6461 64/6462
f 2060/6463 2505/6464 64/6465
f 2530/6466 107/6467 527/6468
f 2061/6469 1242/6470 2060/6471
f 2061/6472 2508/6473 1242/6474
f 1315/6475 2059/6476 2078/6477
f 358/6478 1076/6479 2061/6480
f 1076/6481 2508/6482 2061/6483
f 2508/6484 699/6485 1242/6486
f 1315/6487 2060/6488 2059/6489
f 698/6490 411/6491 5/6492
f 1118/6493 424/6494 1387/6495
f 640/6496 698/6497 4/6498
f 411/6499 519/6500 5/6501
f 519/6502 1669/6503 5/6504
f 2065/6505 1241/6506 97/6507
f 2062/6508 2065/6509 2063/6510
f 2063/6511 2065/6512 97/6513
f 1240/6514 2064/6515 2065/6516
f 2197/6517 2510/6518 2065/6519
f 2510/6520 1240/6521 2065/6522
f 455/6523 30/6524 2487/6525
f 1378/6526 2202/6527 2069/6528
f 484/6529 1378/6530 2069/6531
f 1378/6532 2198/6533 2202/6534
f 2202/6535 2198/6536 2066/6537
f 2066/6538 1252/6539 2067/6540
f 1382/6541 1239/6542 2068/6543
f 1239/6544 484/6545 2068/6546
f 484/6547 2069/6548 2068/6549
f 1382/6550 1849/6551 1231/6552
f 1382/6553 2068/6554 1849/6555
f 1238/6556 227/6557 484/6558
f 1238/6559 484/6560 1239/6561
f 2068/6562 2069/6563 2511/6564
f 1849/6565 2068/6566 1850/6567
f 2070/6568 841/6569 1237/6570
f 1237/6571 2270/6572 1378/6573
f 1237/6574 1378/6575 484/6576
f 495/6577 2502/6578 710/6579
f 495/6580 710/6581 2074/6582
f 2074/6583 710/6584 2076/6585
f 2075/6586 495/6587 2074/6588
f 1515/6589 2076/6590 873/6591
f 1515/6592 591/6593 2074/6594
f 591/6595 2075/6596 2074/6597
f 2072/6598 119/6599 2075/6600
f 2020/6601 1236/6602 2488/6603
f 2077/6604 2072/6605 591/6606
f 493/6607 834/6608 653/6609
f 823/6610 2077/6611 591/6612
f 2072/6613 2077/6614 1380/6615
f 2078/6616 485/6617 695/6618
f 1989/6619 1885/6620 2434/6621
f 2418/6622 695/6623 2269/6624
f 2269/6625 695/6626 1438/6627
f 694/6628 1234/6629 2514/6630
f 2062/6631 2063/6632 412/6633
f 1233/6634 1234/6635 2513/6636
f 1433/6637 1511/6638 1711/6639
f 2289/6640 2514/6641 1233/6642
f 1711/6643 2289/6644 1710/6645
f 2081/6646 2082/6647 267/6648
f 374/6649 1122/6650 2081/6651
f 1122/6652 478/6653 694/6654
f 2082/6655 2514/6656 2289/6657
f 2084/6658 1232/6659 2083/6660
f 1231/6661 245/6662 1230/6663
f 413/6664 2515/6665 532/6666
f 413/6667 2083/6668 2515/6669
f 1506/6670 2085/6671 2366/6672
f 532/6673 2085/6674 1506/6675
f 1505/6676 414/6677 413/6678
f 86/6679 414/6680 1441/6681
f 807/6682 527/6683 107/6684
f 414/6685 2196/6686 2084/6687
f 2297/6688 725/6689 1703/6690
f 661/6691 162/6692 415/6693
f 660/6694 1249/6695 162/6696
f 415/6697 2260/6698 725/6699
f 1986/6700 2297/6701 166/6702
f 2087/6703 417/6704 416/6705
f 416/6706 1516/6707 712/6708
f 1427/6709 2517/6710 2516/6711
f 2088/6712 2087/6713 1427/6714
f 2087/6715 416/6716 2517/6717
f 416/6718 712/6719 2517/6720
f 577/6721 2088/6722 1427/6723
f 813/6724 2088/6725 577/6726
f 40/6727 164/6728 505/6729
f 505/6730 42/6731 40/6732
f 1421/6733 1558/6734 2430/6735
f 1431/6736 2518/6737 43/6738
f 2518/6739 42/6740 43/6741
f 2518/6742 40/6743 42/6744
f 40/6745 2518/6746 2090/6747
f 505/6748 1326/6749 2431/6750
f 1227/6751 418/6752 1226/6753
f 2090/6754 690/6755 218/6756
f 1227/6757 1226/6758 690/6759
f 815/6760 578/6761 2253/6762
f 418/6763 1227/6764 578/6765
f 2518/6766 1227/6767 2090/6768
f 1224/6769 418/6770 815/6771
f 815/6772 418/6773 578/6774
f 1224/6775 910/6776 1225/6777
f 1224/6778 1225/6779 1226/6780
f 2090/6781 218/6782 40/6783
f 2094/6784 2519/6785 2092/6786
f 1513/6787 1514/6788 688/6789
f 688/6790 1514/6791 2519/6792
f 284/6793 606/6794 2353/6795
f 1350/6796 2553/6797 1962/6798
f 284/6799 2353/6800 529/6801
f 892/6802 419/6803 2094/6804
f 2094/6805 2092/6806 606/6807
f 2093/6808 2446/6809 662/6810
f 2304/6811 419/6812 892/6813
f 662/6814 2520/6815 2094/6816
f 419/6817 662/6818 2094/6819
f 1223/6820 506/6821 2523/6822
f 1223/6823 2521/6824 869/6825
f 869/6826 1384/6827 1508/6828
f 1223/6829 870/6830 2522/6831
f 2522/6832 870/6833 540/6834
f 869/6835 870/6836 1223/6837
f 1432/6838 2523/6839 2524/6840
f 486/6841 2526/6842 2525/6843
f 584/6844 1462/6845 2526/6846
f 486/6847 2095/6848 1432/6849
f 2044/6850 2535/6851 2537/6852
f 282/6853 1926/6854 812/6855
f 107/6856 46/6857 45/6858
f 573/6859 1222/6860 1602/6861
f 1222/6862 2528/6863 1602/6864
f 2098/6865 167/6866 2096/6867
f 2100/6868 420/6869 1416/6870
f 45/6871 1388/6872 2099/6873
f 420/6874 424/6875 665/6876
f 734/6877 925/6878 2530/6879
f 270/6880 1388/6881 46/6882
f 2101/6883 1219/6884 2102/6885
f 2102/6886 211/6887 1088/6888
f 2101/6889 2102/6890 1218/6891
f 180/6892 1217/6893 2103/6894
f 2103/6895 1220/6896 1216/6897
f 1217/6898 180/6899 357/6900
f 1216/6901 1220/6902 2101/6903
f 1215/6904 2104/6905 2105/6906
f 1314/6907 2104/6908 1215/6909
f 2105/6910 1389/6911 1220/6912
f 1215/6913 1220/6914 1217/6915
f 357/6916 1215/6917 1217/6918
f 1214/6919 2531/6920 2106/6921
f 2531/6922 1390/6923 2106/6924
f 810/6925 1214/6926 1838/6927
f 84/6928 226/6929 2107/6930
f 836/6931 165/6932 1452/6933
f 2532/6934 490/6935 165/6936
f 165/6937 490/6938 226/6939
f 2108/6940 2533/6941 671/6942
f 1884/6943 661/6944 1212/6945
f 1247/6946 421/6947 27/6948
f 669/6949 1201/6950 421/6951
f 1869/6952 1561/6953 1866/6954
f 1869/6955 1868/6956 1561/6957
f 1561/6958 1325/6959 1866/6960
f 1561/6961 1560/6962 1325/6963
f 360/6964 735/6965 736/6966
f 735/6967 1970/6968 736/6969
f 737/6970 738/6971 1865/6972
f 738/6973 360/6974 1865/6975
f 737/6976 184/6977 1862/6978
f 2426/6979 1323/6980 1055/6981
f 1323/6982 1056/6983 1055/6984
f 2426/6985 1055/6986 2331/6987
f 1322/6988 1083/6989 363/6990
f 1084/6991 450/6992 363/6993
f 450/6994 1322/6995 363/6996
f 2481/6997 29/6998 1321/6999
f 1083/7000 1322/7001 1321/7002
f 1321/7003 1639/7004 1083/7005
f 1082/7006 1320/7007 1856/7008
f 1320/7009 450/7010 739/7011
f 359/7012 1320/7013 1082/7014
f 2003/7015 1858/7016 75/7017
f 1254/7018 2030/7019 2004/7020
f 1078/7021 1081/7022 1318/7023
f 1078/7024 1318/7025 741/7026
f 1081/7027 1319/7028 1318/7029
f 2036/7030 2496/7031 1319/7032
f 1319/7033 1082/7034 740/7035
f 742/7036 1984/7037 112/7038
f 244/7039 742/7040 1075/7041
f 2295/7042 1984/7043 2202/7044
f 1984/7045 742/7046 2202/7047
f 1230/7048 245/7049 2471/7050
f 1316/7051 506/7052 540/7053
f 1983/7054 1538/7055 743/7056
f 357/7057 1837/7058 1215/7059
f 1837/7060 1314/7061 1215/7062
f 745/7063 746/7064 1053/7065
f 1731/7066 1304/7067 2377/7068
f 745/7069 1827/7070 746/7071
f 1817/7072 746/7073 1062/7074
f 246/7075 1312/7076 2216/7077
f 2216/7078 507/7079 1311/7080
f 2216/7081 1068/7082 1057/7083
f 560/7084 1310/7085 2217/7086
f 356/7087 247/7088 748/7089
f 356/7090 748/7091 749/7092
f 748/7093 2217/7094 209/7095
f 748/7096 209/7097 1060/7098
f 762/7099 1005/7100 76/7101
f 339/7102 2091/7103 1004/7104
f 2369/7105 1954/7106 1953/7107
f 2498/7108 1909/7109 2227/7110
f 1285/7111 475/7112 1008/7113
f 2229/7114 2383/7115 1010/7116
f 620/7117 2383/7118 2229/7119
f 65/7120 2382/7121 1286/7122
f 1388/7123 291/7124 1584/7125
f 1286/7126 2382/7127 1013/7128
f 2226/7129 1288/7130 1789/7131
f 1288/7132 1798/7133 1027/7134
f 1287/7135 1028/7136 1798/7137
f 1017/7138 1028/7139 1287/7140
f 1292/7141 1487/7142 2225/7143
f 1290/7144 1292/7145 759/7146
f 1289/7147 454/7148 1792/7149
f 758/7150 857/7151 1487/7152
f 1033/7153 857/7154 758/7155
f 1033/7156 758/7157 1290/7158
f 758/7159 1292/7160 1290/7161
f 563/7162 1800/7163 250/7164
f 1479/7165 563/7166 250/7167
f 1293/7168 453/7169 249/7170
f 249/7171 453/7172 250/7173
f 2223/7174 1294/7175 1016/7176
f 2222/7177 2399/7178 2392/7179
f 2399/7180 2222/7181 2223/7182
f 757/7183 2223/7184 1809/7185
f 1296/7186 1795/7187 756/7188
f 343/7189 1296/7190 756/7191
f 1814/7192 2400/7193 1296/7194
f 1816/7195 1298/7196 2221/7197
f 1298/7198 1297/7199 1815/7200
f 1816/7201 1297/7202 1298/7203
f 1824/7204 754/7205 2401/7206
f 1300/7207 561/7208 625/7209
f 1304/7210 1303/7211 1302/7212
f 1302/7213 2393/7214 1304/7215
f 2359/7216 2245/7217 1304/7218
f 1304/7219 2393/7220 561/7221
f 1304/7222 561/7223 1300/7224
f 2244/7225 1300/7226 1301/7227
f 2244/7228 1304/7229 1300/7230
f 1307/7231 452/7232 627/7233
f 2219/7234 2220/7235 2398/7236
f 2219/7237 1071/7238 2220/7239
f 2405/7240 2219/7241 452/7242
f 2219/7243 44/7244 1071/7245
f 2282/7246 601/7247 2405/7248
f 1306/7249 1305/7250 1070/7251
f 1305/7252 1307/7253 1070/7254
f 752/7255 1044/7256 1042/7257
f 753/7258 1308/7259 451/7260
f 1825/7261 248/7262 752/7263
f 1825/7264 752/7265 2406/7266
f 248/7267 451/7268 92/7269
f 753/7270 451/7271 248/7272
f 248/7273 92/7274 1044/7275
f 1064/7276 1309/7277 188/7278
f 751/7279 1832/7280 1064/7281
f 1284/7282 1003/7283 763/7284
f 995/7285 2231/7286 1005/7287
f 2332/7288 1779/7289 2381/7290
f 476/7291 252/7292 616/7293
f 252/7294 2413/7295 1835/7296
f 1761/7297 765/7298 207/7299
f 207/7300 2370/7301 1761/7302
f 2261/7303 2370/7304 999/7305
f 253/7306 1760/7307 565/7308
f 2374/7309 630/7310 1323/7311
f 991/7312 1282/7313 1774/7314
f 134/7315 989/7316 2373/7317
f 988/7318 1281/7319 1280/7320
f 1278/7321 1763/7322 1277/7323
f 1763/7324 512/7325 1277/7326
f 1278/7327 1277/7328 769/7329
f 151/7330 1276/7331 1759/7332
f 2379/7333 996/7334 339/7335
f 204/7336 1273/7337 770/7338
f 1748/7339 447/7340 2186/7341
f 1271/7342 256/7343 612/7344
f 445/7345 513/7346 330/7347
f 1168/7348 2181/7349 513/7350
f 1756/7351 1267/7352 2365/7353
f 204/7354 771/7355 257/7356
f 771/7357 1271/7358 1745/7359
f 1272/7360 257/7361 2181/7362
f 1734/7363 1732/7364 2361/7365
f 514/7366 1753/7367 1751/7368
f 1303/7369 1304/7370 1731/7371
f 975/7372 610/7373 1741/7374
f 329/7375 976/7376 1735/7377
f 1735/7378 976/7379 1269/7380
f 329/7381 94/7382 976/7383
f 1734/7384 1268/7385 328/7386
f 2482/7387 324/7388 2483/7389
f 1054/7390 1836/7391 2415/7392
f 2482/7393 2483/7394 607/7395
f 940/7396 409/7397 971/7398
f 964/7399 1721/7400 132/7401
f 1266/7402 132/7403 2233/7404
f 2482/7405 610/7406 1727/7407
f 773/7408 973/7409 1722/7410
f 95/7411 773/7412 472/7413
f 143/7414 258/7415 1720/7416
f 147/7417 12/7418 471/7419
f 568/7420 777/7421 774/7422
f 2236/7423 568/7424 2357/7425
f 471/7426 54/7427 569/7428
f 608/7429 146/7430 965/7431
f 964/7432 776/7433 1720/7434
f 777/7435 568/7436 2236/7437
f 517/7438 2236/7439 308/7440
f 569/7441 2375/7442 51/7443
f 471/7444 569/7445 147/7446
f 2112/7447 2111/7448 1956/7449
f 2114/7450 1210/7451 2113/7452
f 2116/7453 1210/7454 2114/7455
f 2459/7456 1210/7457 2116/7458
f 2114/7459 2113/7460 2115/7461
f 2112/7462 2116/7463 157/7464
f 1210/7465 664/7466 2113/7467
f 72/7468 2113/7469 1338/7470
f 1211/7471 670/7472 2111/7473
f 2143/7474 1950/7475 2117/7476
f 1452/7477 226/7478 84/7479
f 1213/7480 653/7481 2018/7482
f 420/7483 1387/7484 424/7485
f 1387/7486 1551/7487 1118/7488
f 1208/7489 637/7490 501/7491
f 1376/7492 1115/7493 1208/7494
f 766/7495 1766/7496 1207/7497
f 2334/7498 779/7499 2063/7500
f 779/7501 778/7502 2513/7503
f 2513/7504 778/7505 1233/7506
f 2092/7507 605/7508 2238/7509
f 2519/7510 780/7511 605/7512
f 605/7513 780/7514 1542/7515
f 2237/7516 2351/7517 2238/7518
f 781/7519 1221/7520 954/7521
f 1554/7522 893/7523 1221/7524
f 316/7525 1645/7526 315/7527
f 784/7528 1396/7529 2344/7530
f 2344/7531 782/7532 783/7533
f 1396/7534 1397/7535 782/7536
f 1698/7537 1701/7538 98/7539
f 782/7540 98/7541 783/7542
f 1767/7543 2125/7544 2536/7545
f 2180/7546 443/7547 2191/7548
f 2190/7549 2180/7550 2191/7551
f 943/7552 1659/7553 772/7554
f 1630/7555 219/7556 423/7557
f 2189/7558 116/7559 2190/7560
f 225/7561 2188/7562 2190/7563
f 1960/7564 225/7565 647/7566
f 2188/7567 2559/7568 2189/7569
f 1392/7570 718/7571 2559/7572
f 1392/7573 225/7574 1966/7575
f 2559/7576 2188/7577 1392/7578
f 225/7579 1392/7580 2188/7581
f 331/7582 343/7583 208/7584
f 208/7585 459/7586 2389/7587
f 126/7588 1393/7589 446/7590
f 1143/7591 1961/7592 441/7593
f 2558/7594 2183/7595 1393/7596
f 2558/7597 1393/7598 126/7599
f 2183/7600 127/7601 1393/7602
f 2184/7603 127/7604 2183/7605
f 331/7606 1040/7607 1814/7608
f 227/7609 1382/7610 2084/7611
f 2184/7612 2185/7613 127/7614
f 1168/7615 444/7616 2181/7617
f 2180/7618 2178/7619 442/7620
f 442/7621 2558/7622 2180/7623
f 442/7624 2184/7625 2183/7626
f 441/7627 2184/7628 442/7629
f 2178/7630 2557/7631 441/7632
f 2178/7633 441/7634 442/7635
f 2177/7636 1143/7637 441/7638
f 1968/7639 1144/7640 2177/7641
f 681/7642 2178/7643 116/7644
f 2189/7645 681/7646 116/7647
f 224/7648 462/7649 680/7650
f 656/7651 173/7652 174/7653
f 637/7654 1913/7655 173/7656
f 173/7657 224/7658 174/7659
f 440/7660 680/7661 1912/7662
f 680/7663 462/7664 1913/7665
f 2175/7666 2305/7667 1171/7668
f 1180/7669 954/7670 1705/7671
f 924/7672 537/7673 1417/7674
f 439/7675 125/7676 2175/7677
f 1355/7678 1174/7679 2174/7680
f 2173/7681 436/7682 1174/7683
f 2169/7684 2173/7685 1174/7686
f 436/7687 125/7688 1174/7689
f 1968/7690 1349/7691 381/7692
f 2172/7693 2159/7694 2110/7695
f 2159/7696 2171/7697 2173/7698
f 801/7699 2170/7700 800/7701
f 1981/7702 2170/7703 389/7704
f 2170/7705 801/7706 389/7707
f 389/7708 801/7709 1630/7710
f 2170/7711 1175/7712 800/7713
f 438/7714 1175/7715 2170/7716
f 1174/7717 1355/7718 2169/7719
f 2169/7720 1355/7721 1176/7722
f 2159/7723 1176/7724 438/7725
f 1176/7726 1175/7727 438/7728
f 186/7729 1012/7730 2554/7731
f 1178/7732 2554/7733 2555/7734
f 1012/7735 2555/7736 2554/7737
f 1144/7738 1969/7739 525/7740
f 1551/7741 1546/7742 1205/7743
f 2164/7744 1969/7745 63/7746
f 2109/7747 679/7748 123/7749
f 679/7750 2161/7751 123/7752
f 730/7753 633/7754 1179/7755
f 679/7756 2164/7757 63/7758
f 2555/7759 2164/7760 679/7761
f 679/7762 2163/7763 2162/7764
f 2166/7765 679/7766 2109/7767
f 1179/7768 123/7769 437/7770
f 2161/7771 716/7772 2305/7773
f 2158/7774 2172/7775 2157/7776
f 2157/7777 2172/7778 2160/7779
f 2168/7780 2158/7781 678/7782
f 436/7783 2158/7784 2168/7785
f 2155/7786 437/7787 1183/7788
f 1147/7789 2154/7790 2155/7791
f 2155/7792 1898/7793 437/7794
f 1147/7795 386/7796 2154/7797
f 1550/7798 671/7799 1546/7800
f 390/7801 1147/7802 2155/7803
f 1894/7804 2034/7805 655/7806
f 2543/7807 222/7808 2152/7809
f 1186/7810 2543/7811 2152/7812
f 1186/7813 2152/7814 1185/7815
f 435/7816 223/7817 2150/7818
f 2147/7819 2148/7820 675/7821
f 2146/7822 223/7823 675/7824
f 674/7825 1187/7826 432/7827
f 2145/7828 2152/7829 222/7830
f 2145/7831 1185/7832 2152/7833
f 1190/7834 2153/7835 2145/7836
f 2144/7837 212/7838 1190/7839
f 2143/7840 1952/7841 667/7842
f 1189/7843 2144/7844 1191/7845
f 1209/7846 2143/7847 121/7848
f 285/7849 526/7850 469/7851
f 279/7852 1574/7853 319/7854
f 2133/7855 2037/7856 2141/7857
f 1180/7858 11/7859 954/7860
f 1191/7861 1190/7862 2141/7863
f 2037/7864 1191/7865 2141/7866
f 2140/7867 2037/7868 2539/7869
f 2135/7870 2037/7871 1197/7872
f 1193/7873 2142/7874 221/7875
f 673/7876 220/7877 2135/7878
f 1209/7879 644/7880 1950/7881
f 1193/7882 1192/7883 2142/7884
f 1192/7885 1193/7886 644/7887
f 1193/7888 1194/7889 2139/7890
f 2137/7891 1195/7892 1634/7893
f 1195/7894 1635/7895 1634/7896
f 801/7897 602/7898 431/7899
f 673/7900 1196/7901 220/7902
f 1194/7903 2136/7904 1195/7905
f 220/7906 2136/7907 1194/7908
f 430/7909 672/7910 428/7911
f 430/7912 2224/7913 672/7914
f 2134/7915 1198/7916 2224/7917
f 2134/7918 2135/7919 1197/7920
f 2140/7921 2539/7922 429/7923
f 2123/7924 1204/7925 166/7926
f 1038/7927 1810/7928 1807/7929
f 1038/7930 1807/7931 628/7932
f 429/7933 2131/7934 1198/7935
f 429/7936 2133/7937 2131/7938
f 2133/7939 427/7940 2131/7941
f 2539/7942 2133/7943 429/7944
f 2136/7945 2132/7946 431/7947
f 1195/7948 2136/7949 431/7950
f 423/7951 219/7952 2538/7953
f 11/7954 1180/7955 285/7956
f 28/7957 222/7958 427/7959
f 222/7960 1199/7961 427/7962
f 2543/7963 487/7964 222/7965
f 222/7966 487/7967 1199/7968
f 487/7969 1200/7970 1406/7971
f 674/7972 2129/7973 2130/7974
f 1200/7975 487/7976 2130/7977
f 2129/7978 2001/7979 1200/7980
f 2128/7981 2535/7982 2044/7983
f 1884/7984 2127/7985 660/7986
f 1201/7987 1208/7988 501/7989
f 2436/7990 1201/7991 669/7992
f 2499/7993 2049/7994 421/7995
f 1201/7996 501/7997 2499/7998
f 426/7999 2369/8000 2462/8001
f 2126/8002 2369/8003 426/8004
f 664/8005 2369/8006 2126/8007
f 666/8008 2126/8009 2119/8010
f 1170/8011 426/8012 1778/8013
f 2119/8014 426/8015 1170/8016
f 2119/8017 1170/8018 1912/8019
f 254/8020 766/8021 999/8022
f 2125/8023 255/8024 205/8025
f 255/8026 1279/8027 205/8028
f 1287/8029 1019/8030 1017/8031
f 2497/8032 1375/8033 2048/8034
f 2497/8035 1374/8036 1375/8037
f 2047/8038 1851/8039 2045/8040
f 2040/8041 2497/8042 2048/8043
f 2046/8044 2040/8045 2039/8046
f 2507/8047 2039/8048 2043/8049
f 1250/8050 2041/8051 2042/8052
f 2040/8053 2048/8054 1250/8055
f 2039/8056 2040/8057 1250/8058
f 2036/8059 1252/8060 2035/8061
f 1252/8062 2066/8063 407/8064
f 2496/8065 2036/8066 2495/8067
f 2494/8068 69/8069 405/8070
f 406/8071 2494/8072 1857/8073
f 2493/8074 2424/8075 548/8076
f 654/8077 2493/8078 2494/8079
f 2041/8080 2493/8081 654/8082
f 1327/8083 733/8084 1871/8085
f 1878/8086 1327/8087 1871/8088
f 676/8089 655/8090 69/8091
f 505/8092 164/8093 2234/8094
f 1327/8095 2356/8096 733/8097
f 405/8098 654/8099 2494/8100
f 243/8101 541/8102 2215/8103
f 1100/8104 2215/8105 182/8106
f 2360/8107 1243/8108 1643/8109
f 2291/8110 732/8111 1885/8112
f 1880/8113 1099/8114 2432/8115
f 243/8116 1885/8117 732/8118
f 243/8119 732/8120 541/8121
f 1328/8122 731/8123 1104/8124
f 731/8125 2058/8126 87/8127
f 2058/8128 1245/8129 87/8130
f 64/8131 2058/8132 731/8133
f 2437/8134 64/8135 1329/8136
f 2437/8137 1329/8138 1889/8139
f 631/8140 1889/8141 1328/8142
f 2043/8143 1330/8144 1103/8145
f 2438/8146 1103/8147 1330/8148
f 1330/8149 545/8150 546/8151
f 2042/8152 2034/8153 545/8154
f 2038/8155 2042/8156 1330/8157
f 2043/8158 2038/8159 1330/8160
f 212/8161 1331/8162 547/8163
f 547/8164 1332/8165 504/8166
f 362/8167 1332/8168 1331/8169
f 1901/8170 2309/8171 2442/8172
f 636/8173 2138/8174 1335/8175
f 115/8176 636/8177 1335/8178
f 729/8179 115/8180 1335/8181
f 729/8182 2214/8183 1901/8184
f 2541/8185 2214/8186 2138/8187
f 1911/8188 73/8189 646/8190
f 664/8191 1338/8192 2113/8193
f 1338/8194 170/8195 72/8196
f 1338/8197 666/8198 1337/8199
f 1340/8200 1920/8201 288/8202
f 1117/8203 1920/8204 242/8205
f 1920/8206 1340/8207 242/8208
f 1340/8209 1339/8210 241/8211
f 241/8212 1339/8213 2529/8214
f 242/8215 1340/8216 241/8217
f 2212/8218 1580/8219 2213/8220
f 2212/8221 2213/8222 1917/8223
f 1407/8224 2124/8225 1120/8226
f 1120/8227 2124/8228 638/8229
f 726/8230 1924/8231 880/8232
f 726/8233 2211/8234 1924/8235
f 639/8236 2211/8237 726/8238
f 1341/8239 726/8240 880/8241
f 1703/8242 1938/8243 2449/8244
f 725/8245 2260/8246 1938/8247
f 1244/8248 1934/8249 240/8250
f 175/8251 502/8252 26/8253
f 26/8254 2227/8255 1343/8256
f 306/8257 1444/8258 1976/8259
f 169/8260 25/8261 1976/8262
f 724/8263 1948/8264 1345/8265
f 723/8266 724/8267 1345/8268
f 641/8269 722/8270 1698/8271
f 1347/8272 1346/8273 2210/8274
f 497/8275 1634/8276 933/8277
f 2137/8278 1634/8279 497/8280
f 239/8281 2209/8282 1947/8283
f 213/8284 720/8285 2208/8286
f 2208/8287 720/8288 1959/8289
f 1348/8290 500/8291 552/8292
f 645/8293 1136/8294 1945/8295
f 719/8296 1348/8297 552/8298
f 89/8299 384/8300 238/8301
f 384/8302 1350/8303 238/8304
f 885/8305 1533/8306 1538/8307
f 1972/8308 1973/8309 1352/8310
f 2205/8311 1980/8312 1353/8313
f 1979/8314 1087/8315 130/8316
f 1156/8317 1323/8318 1996/8319
f 1175/8320 1355/8321 1354/8322
f 2203/8323 1146/8324 1985/8325
f 1534/8326 2294/8327 1840/8328
f 2085/8329 1317/8330 2366/8331
f 2235/8332 1353/8333 2055/8334
f 1086/8335 1978/8336 1358/8337
f 648/8338 392/8339 1359/8340
f 1828/8341 2201/8342 1830/8343
f 2201/8344 1360/8345 1831/8346
f 1360/8347 1361/8348 551/8349
f 1154/8350 1360/8351 236/8352
f 2477/8353 236/8354 1994/8355
f 1157/8356 1156/8357 395/8358
f 395/8359 1059/8360 1157/8361
f 1362/8362 847/8363 2412/8364
f 395/8365 1362/8366 1059/8367
f 1158/8368 1362/8369 395/8370
f 651/8371 2473/8372 235/8373
f 1364/8374 1707/8375 234/8376
f 1365/8377 1366/8378 1163/8379
f 1365/8380 1163/8381 1162/8382
f 652/8383 2010/8384 2235/8385
f 2009/8386 2011/8387 652/8388
f 233/8389 1570/8390 1454/8391
f 233/8392 713/8393 1570/8394
f 2012/8395 463/8396 713/8397
f 2200/8398 1369/8399 709/8400
f 549/8401 2200/8402 400/8403
f 1369/8404 1371/8405 709/8406
f 117/8407 129/8408 2029/8409
f 708/8410 1370/8411 2501/8412
f 1370/8413 1371/8414 2501/8415
f 1258/8416 1370/8417 708/8418
f 840/8419 706/8420 707/8421
f 2025/8422 1256/8423 1372/8424
f 1256/8425 705/8426 1372/8427
f 33/8428 704/8429 2030/8430
f 232/8431 839/8432 704/8433
f 2032/8434 232/8435 33/8436
f 1373/8437 1857/8438 434/8439
f 434/8440 2147/8441 435/8442
f 703/8443 2147/8444 434/8445
f 406/8446 1857/8447 69/8448
f 1857/8449 703/8450 434/8451
f 2041/8452 1375/8453 2493/8454
f 2031/8455 232/8456 2032/8457
f 407/8458 401/8459 2035/8460
f 1201/8461 702/8462 1376/8463
f 404/8464 2035/8465 2031/8466
f 359/8467 2496/8468 32/8469
f 1128/8470 1346/8471 2564/8472
f 482/8473 1377/8474 410/8475
f 410/8476 1377/8477 708/8478
f 230/8479 2028/8480 1377/8481
f 2504/8482 230/8483 482/8484
f 482/8485 230/8486 1377/8487
f 229/8488 2045/8489 556/8490
f 229/8491 2047/8492 2045/8493
f 699/8494 544/8495 700/8496
f 556/8497 700/8498 229/8499
f 32/8500 31/8501 75/8502
f 2035/8503 404/8504 2495/8505
f 2496/8506 2495/8507 32/8508
f 1251/8509 696/8510 697/8511
f 2270/8512 1458/8513 696/8514
f 1378/8515 2270/8516 2198/8517
f 1128/8518 2561/8519 2562/8520
f 2198/8521 696/8522 2066/8523
f 106/8524 2348/8525 1935/8526
f 1986/8527 425/8528 2259/8529
f 33/8530 2030/8531 1254/8532
f 1253/8533 33/8534 1254/8535
f 2072/8536 1380/8537 119/8538
f 2078/8539 695/8540 1315/8541
f 2492/8542 118/8543 705/8544
f 2418/8545 1315/8546 695/8547
f 1381/8548 2358/8549 2197/8550
f 1381/8551 478/8552 2358/8553
f 2082/8554 694/8555 2514/8556
f 275/8557 841/8558 2070/8559
f 2196/8560 275/8561 227/8562
f 2029/8563 1258/8564 1259/8565
f 2196/8566 227/8567 2084/8568
f 1884/8569 693/8570 2127/8571
f 693/8572 1098/8573 1248/8574
f 1884/8575 1882/8576 693/8577
f 120/8578 1229/8579 417/8580
f 691/8581 280/8582 1518/8583
f 2088/8584 692/8585 2195/8586
f 2088/8587 2195/8588 120/8589
f 120/8590 691/8591 1229/8592
f 2294/8593 187/8594 2194/8595
f 690/8596 1226/8597 2194/8598
f 218/8599 2292/8600 2089/8601
f 1383/8602 168/8603 105/8604
f 662/8605 1383/8606 688/8607
f 662/8608 2446/8609 1383/8610
f 2520/8611 662/8612 688/8613
f 869/8614 2521/8615 1384/8616
f 687/8617 1385/8618 448/8619
f 1385/8620 1461/8621 1463/8622
f 1462/8623 1461/8624 686/8625
f 686/8626 1385/8627 687/8628
f 1503/8629 668/8630 1870/8631
f 2097/8632 685/8633 1386/8634
f 1386/8635 135/8636 317/8637
f 420/8638 2193/8639 1387/8640
f 1387/8641 2193/8642 1551/8643
f 2193/8644 289/8645 1551/8646
f 2099/8647 1388/8648 2193/8649
f 1389/8650 684/8651 1220/8652
f 1391/8653 490/8654 1553/8655
f 1398/8656 1642/8657 2329/8658
f 2239/8659 1685/8660 1689/8661
f 133/8662 571/8663 572/8664
f 1682/8665 110/8666 2240/8667
f 1678/8668 58/8669 1648/8670
f 1675/8671 2241/8672 1672/8673
f 2241/8674 785/8675 1672/8676
f 2241/8677 1400/8678 785/8679
f 2443/8680 1900/8681 2241/8682
f 1400/8683 554/8684 786/8685
f 786/8686 554/8687 1696/8688
f 2242/8689 786/8690 2338/8691
f 787/8692 1674/8693 1662/8694
f 1674/8695 2339/8696 1662/8697
f 788/8698 1670/8699 787/8700
f 787/8701 1670/8702 1674/8703
f 2339/8704 1687/8705 311/8706
f 2551/8707 2243/8708 2567/8709
f 1273/8710 204/8711 447/8712
f 2335/8713 1658/8714 1739/8715
f 789/8716 1739/8717 1738/8718
f 1393/8719 2179/8720 2187/8721
f 938/8722 966/8723 323/8724
f 1114/8725 426/8726 2462/8727
f 174/8728 1908/8729 2228/8730
f 496/8731 2490/8732 399/8733
f 1255/8734 2025/8735 2027/8736
f 124/8737 439/8738 2175/8739
f 1173/8740 439/8741 124/8742
f 124/8743 2463/8744 2464/8745
f 2024/8746 1256/8747 402/8748
f 1177/8749 2167/8750 1171/8751
f 1787/8752 1286/8753 1401/8754
f 1171/8755 716/8756 1177/8757
f 1257/8758 2023/8759 83/8760
f 1451/8761 707/8762 1450/8763
f 2552/8764 2232/8765 2019/8766
f 2547/8767 678/8768 122/8769
f 2546/8770 2156/8771 2305/8772
f 2168/8773 125/8774 436/8775
f 2064/8776 2362/8777 3/8778
f 2546/8779 2168/8780 678/8781
f 1182/8782 122/8783 678/8784
f 2155/8785 122/8786 1182/8787
f 2545/8788 2546/8789 678/8790
f 373/8791 1244/8792 2552/8793
f 125/8794 2546/8795 2305/8796
f 705/8797 2028/8798 1372/8799
f 2218/8800 2548/8801 2551/8802
f 1259/8803 708/8804 1377/8805
f 674/8806 2543/8807 1186/8808
f 2002/8809 363/8810 2148/8811
f 2033/8812 2151/8813 2544/8814
f 1403/8815 260/8816 795/8817
f 260/8818 794/8819 795/8820
f 1403/8821 795/8822 796/8823
f 794/8824 790/8825 795/8826
f 795/8827 941/8828 1647/8829
f 796/8830 795/8831 1647/8832
f 2328/8833 1404/8834 520/8835
f 1639/8836 1405/8837 261/8838
f 1405/8839 1863/8840 261/8841
f 1639/8842 261/8843 2327/8844
f 1199/8845 1406/8846 797/8847
f 1199/8848 797/8849 2326/8850
f 934/8851 1966/8852 799/8853
f 934/8854 799/8855 1948/8856
f 801/8857 800/8858 262/8859
f 2281/8860 2021/8861 2491/8862
f 2281/8863 1467/8864 2021/8865
f 2234/8866 2255/8867 1356/8868
f 1980/8869 2205/8870 1977/8871
f 802/8872 1640/8873 803/8874
f 803/8875 1640/8876 1991/8877
f 1992/8878 803/8879 1991/8880
f 2490/8881 117/8882 2029/8883
f 1768/8884 117/8885 2490/8886
f 1768/8887 2489/8888 2281/8889
f 2541/8890 2542/8891 2309/8892
f 2309/8893 2542/8894 1904/8895
f 1620/8896 1408/8897 1409/8898
f 101/8899 1408/8900 1620/8901
f 101/8902 1620/8903 928/8904
f 526/8905 1706/8906 1408/8907
f 1411/8908 357/8909 1410/8910
f 1410/8911 357/8912 180/8913
f 1410/8914 180/8915 2103/8916
f 2247/8917 2103/8918 138/8919
f 1410/8920 2103/8921 2247/8922
f 2323/8923 804/8924 138/8925
f 806/8926 807/8927 805/8928
f 805/8929 924/8930 806/8931
f 1612/8932 807/8933 2319/8934
f 1601/8935 920/8936 1412/8937
f 1922/8938 1116/8939 1413/8940
f 464/8941 1604/8942 296/8943
f 2249/8944 1386/8945 2248/8946
f 1415/8947 1600/8948 2249/8949
f 2248/8950 1414/8951 1623/8952
f 1415/8953 2249/8954 2248/8955
f 2488/8956 549/8957 400/8958
f 2317/8959 1416/8960 538/8961
f 655/8962 405/8963 69/8964
f 1596/8965 2250/8966 2100/8967
f 1596/8968 2100/8969 1416/8970
f 809/8971 1218/8972 1417/8973
f 2101/8974 1218/8975 809/8976
f 133/8977 1399/8978 571/8979
f 2108/8980 819/8981 2128/8982
f 1236/8983 1260/8984 2488/8985
f 819/8986 1582/8987 2128/8988
f 819/8989 2108/8990 671/8991
f 493/8992 30/8993 1459/8994
f 2486/8995 1455/8996 1450/8997
f 2044/8998 2533/8999 2128/9000
f 400/9001 2200/9002 2486/9003
f 1778/9004 426/9005 158/9006
f 893/9007 890/9008 1419/9009
f 263/9010 2353/9011 1709/9012
f 263/9013 1709/9014 912/9015
f 1905/9016 2228/9017 1906/9018
f 1359/9019 2374/9020 2331/9021
f 1418/9022 1419/9023 912/9024
f 1586/9025 598/9026 292/9027
f 1587/9028 575/9029 598/9030
f 575/9031 888/9032 574/9033
f 575/9034 574/9035 1839/9036
f 598/9037 575/9038 292/9039
f 2299/9040 1526/9041 2086/9042
f 2086/9043 2259/9044 2299/9045
f 1583/9046 291/9047 576/9048
f 1581/9049 1545/9050 199/9051
f 1545/9052 1548/9053 199/9054
f 1548/9055 282/9056 812/9057
f 1422/9058 812/9059 1926/9060
f 1423/9061 1424/9062 74/9063
f 74/9064 1424/9065 81/9066
f 1425/9067 905/9068 81/9069
f 2306/9070 1564/9071 2015/9072
f 1566/9073 2015/9074 1569/9075
f 1568/9076 577/9077 2252/9078
f 1568/9079 1426/9080 577/9081
f 2251/9082 813/9083 1426/9084
f 1426/9085 813/9086 577/9087
f 2252/9088 577/9089 1427/9090
f 2308/9091 2252/9092 2516/9093
f 555/9094 2253/9095 1431/9096
f 1428/9097 1429/9098 2253/9099
f 1429/9100 814/9101 815/9102
f 1429/9103 815/9104 2253/9105
f 596/9106 1431/9107 1557/9108
f 1431/9109 596/9110 555/9111
f 767/9112 999/9113 766/9114
f 2465/9115 2149/9116 1994/9117
f 25/9118 411/9119 2448/9120
f 2479/9121 1013/9122 2382/9123
f 1429/9124 1430/9125 814/9126
f 2120/9127 1401/9128 1011/9129
f 1982/9130 2534/9131 2384/9132
f 814/9133 1430/9134 815/9135
f 1430/9136 1224/9137 815/9138
f 2253/9139 2518/9140 1431/9141
f 2304/9142 2254/9143 102/9144
f 2254/9145 264/9146 102/9147
f 891/9148 2254/9149 2304/9150
f 595/9151 817/9152 2301/9153
f 817/9154 1493/9155 818/9156
f 37/9157 595/9158 1552/9159
f 818/9160 1493/9161 1432/9162
f 2301/9163 817/9164 818/9165
f 1550/9166 819/9167 671/9168
f 1502/9169 1744/9170 1501/9171
f 1981/9172 2110/9173 2159/9174
f 196/9175 198/9176 197/9177
f 1544/9178 1433/9179 197/9180
f 1537/9181 1434/9182 821/9183
f 1536/9184 820/9185 1434/9186
f 1434/9187 2366/9188 593/9189
f 282/9190 671/9191 1203/9192
f 1627/9193 2434/9194 2293/9195
f 67/9196 1436/9197 1527/9198
f 2469/9199 2273/9200 2527/9201
f 2348/9202 1502/9203 1935/9204
f 1437/9205 2256/9206 877/9207
f 877/9208 195/9209 1437/9210
f 2256/9211 191/9212 1123/9213
f 265/9214 2018/9215 843/9216
f 1519/9217 823/9218 1518/9219
f 875/9220 1379/9221 823/9222
f 823/9223 1379/9224 2077/9225
f 1518/9226 823/9227 1515/9228
f 187/9229 2419/9230 2324/9231
f 2512/9232 2269/9233 1438/9234
f 2257/9235 266/9236 824/9237
f 2257/9238 872/9239 266/9240
f 267/9241 1440/9242 374/9243
f 824/9244 2258/9245 267/9246
f 1512/9247 824/9248 267/9249
f 1439/9250 2257/9251 1512/9252
f 825/9253 1499/9254 1497/9255
f 825/9256 1497/9257 862/9258
f 825/9259 862/9260 86/9261
f 862/9262 842/9263 86/9264
f 825/9265 1441/9266 1505/9267
f 190/9268 1529/9269 1525/9270
f 1204/9271 190/9272 2259/9273
f 190/9274 2299/9275 2259/9276
f 827/9277 268/9278 861/9279
f 867/9280 827/9281 860/9282
f 1492/9283 1443/9284 859/9285
f 828/9286 189/9287 584/9288
f 2315/9289 269/9290 84/9291
f 1603/9292 269/9293 2315/9294
f 269/9295 837/9296 1452/9297
f 269/9298 1452/9299 84/9300
f 2260/9301 162/9302 2266/9303
f 580/9304 1445/9305 2262/9306
f 1445/9307 1023/9308 2263/9309
f 1446/9310 62/9311 1480/9312
f 830/9313 1448/9314 829/9315
f 272/9316 587/9317 830/9318
f 587/9319 2402/9320 1448/9321
f 1469/9322 193/9323 136/9324
f 162/9325 1249/9326 2266/9327
f 376/9328 1481/9329 2450/9330
f 185/9331 1985/9332 1469/9333
f 847/9334 273/9335 831/9336
f 1161/9337 396/9338 832/9339
f 832/9340 396/9341 850/9342
f 2016/9343 85/9344 833/9345
f 833/9346 85/9347 2285/9348
f 2267/9349 833/9350 583/9351
f 834/9352 2271/9353 274/9354
f 843/9355 834/9356 274/9357
f 274/9358 2271/9359 275/9360
f 488/9361 231/9362 707/9363
f 1456/9364 835/9365 2022/9366
f 835/9367 83/9368 2022/9369
f 581/9370 2022/9371 2021/9372
f 838/9373 1450/9374 1455/9375
f 838/9376 192/9377 1450/9378
f 524/9379 1453/9380 1495/9381
f 1495/9382 1453/9383 1494/9384
f 1452/9385 837/9386 836/9387
f 524/9388 523/9389 1454/9390
f 2532/9391 524/9392 1495/9393
f 524/9394 1454/9395 1453/9396
f 1370/9397 1455/9398 1371/9399
f 1526/9400 1883/9401 2086/9402
f 129/9403 192/9404 838/9405
f 192/9406 2022/9407 1451/9408
f 585/9409 581/9410 1467/9411
f 585/9412 276/9413 581/9414
f 1457/9415 2023/9416 1257/9417
f 1456/9418 1457/9419 835/9420
f 1456/9421 232/9422 1457/9423
f 1458/9424 697/9425 696/9426
f 841/9427 2271/9428 1237/9429
f 582/9430 2270/9431 1237/9432
f 2271/9433 834/9434 1459/9435
f 1438/9436 2079/9437 1989/9438
f 1460/9439 274/9440 275/9441
f 2291/9442 1235/9443 732/9444
f 826/9445 843/9446 1460/9447
f 268/9448 826/9449 1460/9450
f 843/9451 274/9452 1460/9453
f 1461/9454 583/9455 844/9456
f 583/9457 833/9458 844/9459
f 1461/9460 2272/9461 583/9462
f 844/9463 865/9464 1498/9465
f 1463/9466 844/9467 1498/9468
f 1464/9469 584/9470 2526/9471
f 584/9472 2272/9473 1462/9474
f 1569/9475 2016/9476 189/9477
f 2267/9478 189/9479 2016/9480
f 1449/9481 1465/9482 846/9483
f 839/9484 1466/9485 1366/9486
f 1449/9487 850/9488 1465/9489
f 585/9490 1466/9491 839/9492
f 276/9493 585/9494 839/9495
f 585/9496 845/9497 1466/9498
f 2275/9499 832/9500 1449/9501
f 2295/9502 2202/9503 2067/9504
f 2478/9505 136/9506 848/9507
f 136/9508 193/9509 848/9510
f 2478/9511 848/9512 1158/9513
f 193/9514 2265/9515 849/9516
f 2265/9517 650/9518 849/9519
f 193/9520 849/9521 848/9522
f 1102/9523 541/9524 1726/9525
f 396/9526 185/9527 850/9528
f 2450/9529 1444/9530 2451/9531
f 1973/9532 1468/9533 136/9534
f 1468/9535 850/9536 1469/9537
f 1465/9538 850/9539 1468/9540
f 1468/9541 1469/9542 136/9543
f 1470/9544 1471/9545 1310/9546
f 1471/9547 852/9548 2355/9549
f 247/9550 1472/9551 1310/9552
f 247/9553 1310/9554 560/9555
f 1475/9556 1473/9557 1474/9558
f 1474/9559 1473/9560 1470/9561
f 847/9562 1475/9563 2410/9564
f 586/9565 1470/9566 1473/9567
f 1474/9568 1470/9569 1472/9570
f 1475/9571 1474/9572 356/9573
f 1473/9574 851/9575 2276/9576
f 2276/9577 852/9578 586/9579
f 1473/9580 2276/9581 586/9582
f 2377/9583 1447/9584 1483/9585
f 2277/9586 1921/9587 1310/9588
f 1047/9589 2402/9590 1478/9591
f 2415/9592 1047/9593 1478/9594
f 1447/9595 1477/9596 1478/9597
f 1479/9598 853/9599 563/9600
f 853/9601 1446/9602 1480/9603
f 853/9604 1480/9605 858/9606
f 1303/9607 854/9608 2278/9609
f 855/9610 853/9611 2279/9612
f 854/9613 1483/9614 856/9615
f 856/9616 829/9617 855/9618
f 856/9619 855/9620 2279/9621
f 857/9622 1485/9623 2262/9624
f 857/9625 2262/9626 2280/9627
f 588/9628 1485/9629 857/9630
f 858/9631 104/9632 2391/9633
f 104/9634 1485/9635 588/9636
f 2391/9637 588/9638 1033/9639
f 858/9640 1488/9641 104/9642
f 1488/9643 580/9644 104/9645
f 1480/9646 62/9647 1488/9648
f 845/9649 1449/9650 846/9651
f 1533/9652 1534/9653 1538/9654
f 249/9655 1035/9656 2182/9657
f 2490/9658 2489/9659 1768/9660
f 507/9661 2282/9662 1311/9663
f 278/9664 1603/9665 2315/9666
f 137/9667 1603/9668 278/9669
f 1603/9670 550/9671 269/9672
f 1492/9673 859/9674 1491/9675
f 859/9676 1443/9677 1490/9678
f 1443/9679 828/9680 1490/9681
f 1490/9682 584/9683 1464/9684
f 1391/9685 1553/9686 889/9687
f 490/9688 2283/9689 1553/9690
f 1496/9691 1492/9692 1491/9693
f 2283/9694 1491/9695 817/9696
f 1495/9697 1494/9698 1496/9699
f 490/9700 1496/9701 2283/9702
f 860/9703 861/9704 862/9705
f 861/9706 842/9707 862/9708
f 861/9709 1442/9710 842/9711
f 1442/9712 268/9713 842/9714
f 1499/9715 864/9716 2284/9717
f 865/9718 863/9719 864/9720
f 1498/9721 865/9722 864/9723
f 865/9724 833/9725 2285/9726
f 589/9727 860/9728 863/9729
f 1499/9730 2284/9731 1497/9732
f 866/9733 867/9734 860/9735
f 85/9736 589/9737 2285/9738
f 85/9739 866/9740 589/9741
f 866/9742 103/9743 867/9744
f 2259/9745 425/9746 1204/9747
f 1373/9748 2033/9749 69/9750
f 2535/9751 2128/9752 668/9753
f 1744/9754 1502/9755 2348/9756
f 2527/9757 2274/9758 2469/9759
f 1504/9760 868/9761 1093/9762
f 1504/9763 1505/9764 868/9765
f 1505/9766 413/9767 532/9768
f 1093/9769 868/9770 1506/9771
f 2286/9772 1093/9773 820/9774
f 870/9775 869/9776 1508/9777
f 1507/9778 1504/9779 2286/9780
f 1508/9781 2286/9782 1536/9783
f 1384/9784 2521/9785 2287/9786
f 2287/9787 1509/9788 1384/9789
f 2521/9790 448/9791 2287/9792
f 1498/9793 1499/9794 1509/9795
f 590/9796 1511/9797 1433/9798
f 1511/9799 1439/9800 1512/9801
f 1512/9802 267/9803 2289/9804
f 1511/9805 1512/9806 2289/9807
f 1513/9808 105/9809 1514/9810
f 871/9811 2288/9812 590/9813
f 780/9814 1514/9815 1543/9816
f 1514/9817 872/9818 2257/9819
f 1514/9820 105/9821 872/9822
f 1627/9823 2324/9824 2268/9825
f 1629/9826 2419/9827 1438/9828
f 1438/9829 1989/9830 1629/9831
f 2292/9832 164/9833 2089/9834
f 1629/9835 2368/9836 2268/9837
f 1235/9838 485/9839 1726/9840
f 503/9841 164/9842 1975/9843
f 592/9844 1515/9845 460/9846
f 874/9847 460/9848 1517/9849
f 1229/9850 592/9851 874/9852
f 280/9853 1519/9854 1518/9855
f 280/9856 875/9857 1519/9858
f 827/9859 265/9860 826/9861
f 194/9862 265/9863 827/9864
f 194/9865 1517/9866 265/9867
f 1516/9868 1517/9869 194/9870
f 1523/9871 1123/9872 374/9873
f 2562/9874 2455/9875 1128/9876
f 1522/9877 878/9878 1521/9879
f 1521/9880 879/9881 877/9882
f 1521/9883 877/9884 1523/9885
f 878/9886 727/9887 879/9888
f 727/9889 1341/9890 879/9891
f 880/9892 883/9893 881/9894
f 1341/9895 880/9896 881/9897
f 879/9898 881/9899 195/9900
f 1932/9901 882/9902 1524/9903
f 1932/9904 1524/9905 1121/9906
f 881/9907 882/9908 822/9909
f 1524/9910 882/9911 2469/9912
f 881/9913 883/9914 882/9915
f 1525/9916 2298/9917 1526/9918
f 2005/9919 1707/9920 1364/9921
f 2298/9922 1527/9923 884/9924
f 1526/9925 884/9926 1883/9927
f 1091/9928 1530/9929 1529/9930
f 2429/9931 1356/9932 1531/9933
f 1091/9934 1529/9935 190/9936
f 579/9937 1532/9938 2234/9939
f 1532/9940 503/9941 1435/9942
f 503/9943 1975/9944 1435/9945
f 2255/9946 1435/9947 1436/9948
f 2255/9949 1436/9950 67/9951
f 885/9952 821/9953 1844/9954
f 2512/9955 885/9956 1844/9957
f 1534/9958 1489/9959 2294/9960
f 1534/9961 1533/9962 1489/9963
f 2471/9964 1317/9965 2085/9966
f 1489/9967 1533/9968 2512/9969
f 1489/9970 187/9971 2294/9972
f 1538/9973 1537/9974 886/9975
f 1983/9976 1535/9977 1537/9978
f 1983/9979 1537/9980 1538/9981
f 870/9982 1536/9983 1537/9984
f 594/9985 1539/9986 1541/9987
f 1081/9988 1854/9989 1984/9990
f 1081/9991 1984/9992 1080/9993
f 1856/9994 2264/9995 1855/9996
f 461/9997 470/9998 530/9999
f 1539/10000 542/10001 1541/10002
f 1540/10003 1542/10004 281/10005
f 1540/10006 281/10007 956/10008
f 281/10009 1542/10010 2300/10011
f 281/10012 2300/10013 887/10014
f 887/10015 198/10016 196/10017
f 887/10018 594/10019 281/10020
f 887/10021 196/10022 594/10023
f 281/10024 594/10025 1541/10026
f 1543/10027 1544/10028 2300/10029
f 1543/10030 590/10031 1544/10032
f 2300/10033 1544/10034 198/10035
f 2465/10036 393/10037 1974/10038
f 2466/10039 2474/10040 1351/10041
f 1262/10042 1228/10043 2014/10044
f 1564/10045 1228/10046 1262/10047
f 190/10048 1525/10049 2299/10050
f 1628/10051 2466/10052 1351/10053
f 2234/10054 1532/10055 2255/10056
f 1501/10057 2274/10058 1704/10059
f 2468/10060 1976/10061 1444/10062
f 1985/10063 396/10064 1707/10065
f 2218/10066 1661/10067 2550/10068
f 201/10069 2548/10070 1668/10071
f 2568/10072 467/10073 2567/10074
f 1981/10075 2159/10076 438/10077
f 1262/10078 1261/10079 2016/10080
f 1549/10081 1205/10082 1545/10083
f 1205/10084 1546/10085 1548/10086
f 1205/10087 1548/10088 1545/10089
f 1547/10090 1549/10091 1581/10092
f 2469/10093 1744/10094 106/10095
f 2232/10096 2362/10097 2019/10098
f 1261/10099 85/10100 2016/10101
f 1551/10102 1550/10103 1546/10104
f 34/10105 888/10106 575/10107
f 38/10108 37/10109 1552/10110
f 38/10111 1552/10112 888/10113
f 283/10114 34/10115 1587/10116
f 2205/10117 1353/10118 2235/10119
f 1353/10120 2465/10121 2055/10122
f 1153/10123 1995/10124 2474/10125
f 2556/10126 1367/10127 2055/10128
f 2014/10129 712/10130 533/10131
f 479/10132 1567/10133 463/10134
f 1553/10135 2283/10136 889/10137
f 889/10138 595/10139 37/10140
f 742/10141 2511/10142 2202/10143
f 2303/10144 2304/10145 892/10146
f 529/10147 2303/10148 284/10149
f 891/10150 2304/10151 2303/10152
f 479/10153 463/10154 1263/10155
f 1606/10156 2485/10157 2484/10158
f 893/10159 1554/10160 890/10161
f 2485/10162 2012/10163 2484/10164
f 1264/10165 2012/10166 2485/10167
f 781/10168 891/10169 890/10170
f 1264/10171 1605/10172 2012/10173
f 1172/10174 279/10175 1181/10176
f 1575/10177 1574/10178 279/10179
f 781/10180 1181/10181 891/10182
f 1368/10183 233/10184 523/10185
f 286/10186 1562/10187 1555/10188
f 1368/10189 523/10190 1167/10191
f 1555/10192 1557/10193 43/10194
f 1421/10195 1555/10196 1558/10197
f 1421/10198 286/10199 1555/10200
f 2484/10201 1368/10202 1167/10203
f 1255/10204 2027/10205 2010/10206
f 2419/10207 187/10208 1489/10209
f 909/10210 1559/10211 1562/10212
f 1868/10213 1557/10214 1556/10215
f 1969/10216 2463/10217 63/10218
f 1562/10219 1559/10220 1556/10221
f 908/10222 909/10223 286/10224
f 1563/10225 1428/10226 555/10227
f 1219/10228 555/10229 1868/10230
f 596/10231 1868/10232 555/10233
f 684/10234 1428/10235 1563/10236
f 1967/10237 161/10238 2463/10239
f 1138/10240 2009/10241 1165/10242
f 2007/10243 1165/10244 2008/10245
f 2007/10246 1138/10247 1165/10248
f 399/10249 2007/10250 2008/10251
f 2009/10252 652/10253 2325/10254
f 2308/10255 2516/10256 1564/10257
f 1565/10258 1564/10259 2306/10260
f 2005/10261 2006/10262 2325/10263
f 1204/10264 1503/10265 190/10266
f 704/10267 839/10268 1365/10269
f 2004/10270 930/10271 217/10272
f 704/10273 1365/10274 930/10275
f 397/10276 1364/10277 234/10278
f 713/10279 1565/10280 1566/10281
f 463/10282 1565/10283 713/10284
f 2380/10285 1500/10286 1777/10287
f 895/10288 1568/10289 2307/10290
f 2307/10291 2252/10292 2308/10293
f 894/10294 2307/10295 2308/10296
f 1567/10297 894/10298 1565/10299
f 2490/10300 496/10301 2489/10302
f 496/10303 397/10304 234/10305
f 496/10306 234/10307 1363/10308
f 2489/10309 1363/10310 1161/10311
f 2281/10312 1161/10313 2275/10314
f 1859/10315 1084/10316 2264/10317
f 1477/10318 1447/10319 2277/10320
f 828/10321 287/10322 189/10323
f 287/10324 1443/10325 897/10326
f 897/10327 1443/10328 1496/10329
f 742/10330 112/10331 1075/10332
f 2001/10333 2146/10334 172/10335
f 899/10336 74/10337 1930/10338
f 1575/10339 1571/10340 1572/10341
f 1575/10342 1572/10343 1573/10344
f 279/10345 135/10346 1575/10347
f 135/10348 167/10349 1575/10350
f 899/10351 1572/10352 1423/10353
f 901/10354 2529/10355 1339/10356
f 902/10357 901/10358 1425/10359
f 900/10360 902/10361 903/10362
f 905/10363 1578/10364 1577/10365
f 1578/10366 1422/10367 1577/10368
f 1579/10369 288/10370 905/10371
f 288/10372 906/10373 905/10374
f 1920/10375 597/10376 288/10377
f 1580/10378 1547/10379 1581/10380
f 1580/10381 1581/10382 906/10383
f 1549/10384 1545/10385 1581/10386
f 1581/10387 199/10388 1578/10389
f 1582/10390 290/10391 907/10392
f 290/10393 1583/10394 907/10395
f 907/10396 1583/10397 1092/10398
f 1388/10399 289/10400 2193/10401
f 289/10402 1388/10403 1584/10404
f 1585/10405 289/10406 290/10407
f 289/10408 1585/10409 1550/10410
f 1586/10411 2311/10412 1430/10413
f 1586/10414 292/10415 2311/10416
f 684/10417 1389/10418 2312/10419
f 684/10420 2312/10421 2314/10422
f 1389/10423 2105/10424 2312/10425
f 2313/10426 1586/10427 1430/10428
f 2312/10429 2313/10430 2314/10431
f 2313/10432 1430/10433 2314/10434
f 1428/10435 684/10436 2314/10437
f 2312/10438 2104/10439 911/10440
f 2105/10441 2104/10442 2312/10443
f 2104/10444 1314/10445 911/10446
f 911/10447 1587/10448 598/10449
f 911/10450 598/10451 1586/10452
f 1244/10453 2333/10454 1934/10455
f 2552/10456 2302/10457 2358/10458
f 185/10459 396/10460 1985/10461
f 1976/10462 25/10463 306/10464
f 415/10465 162/10466 2260/10467
f 2266/10468 376/10469 2260/10470
f 2447/10471 373/10472 1122/10473
f 2362/10474 2064/10475 2019/10476
f 2467/10477 2000/10478 1145/10479
f 2467/10480 651/10481 2000/10482
f 1999/10483 2473/10484 651/10485
f 277/10486 535/10487 1591/10488
f 1591/10489 293/10490 811/10491
f 914/10492 1591/10493 811/10494
f 293/10495 2315/10496 1592/10497
f 535/10498 2315/10499 293/10500
f 2315/10501 84/10502 2107/10503
f 293/10504 1592/10505 810/10506
f 811/10507 293/10508 810/10509
f 809/10510 1594/10511 294/10512
f 599/10513 2316/10514 294/10515
f 1595/10516 809/10517 1614/10518
f 1614/10519 138/10520 1595/10521
f 1910/10522 1908/10523 2480/10524
f 1595/10525 1216/10526 2101/10527
f 2480/10528 728/10529 1910/10530
f 1910/10531 728/10532 1336/10533
f 1908/10534 224/10535 2176/10536
f 728/10537 2480/10538 1169/10539
f 916/10540 1596/10541 917/10542
f 916/10543 2318/10544 2250/10545
f 916/10546 2250/10547 1596/10548
f 1596/10549 1416/10550 2317/10551
f 1597/10552 2317/10553 1598/10554
f 1613/10555 1599/10556 139/10557
f 1612/10558 2319/10559 1599/10560
f 1599/10561 2318/10562 916/10563
f 139/10564 916/10565 917/10566
f 259/10567 2320/10568 1600/10569
f 920/10570 2097/10571 2320/10572
f 2097/10573 2249/10574 2320/10575
f 1412/10576 920/10577 2320/10578
f 920/10579 1601/10580 685/10581
f 2320/10582 2249/10583 1600/10584
f 573/10585 1602/10586 295/10587
f 600/10588 296/10589 137/10590
f 600/10591 464/10592 296/10593
f 2321/10594 1604/10595 464/10596
f 80/10597 1605/10598 1264/10599
f 921/10600 297/10601 1606/10602
f 663/10603 1607/10604 808/10605
f 1607/10606 1609/10607 1413/10608
f 1607/10609 1413/10610 808/10611
f 1598/10612 1609/10613 1607/10614
f 663/10615 1598/10616 1607/10617
f 918/10618 259/10619 1600/10620
f 298/10621 368/10622 923/10623
f 298/10624 808/10625 368/10626
f 368/10627 1919/10628 923/10629
f 917/10630 539/10631 1613/10632
f 1593/10633 924/10634 465/10635
f 465/10636 924/10637 805/10638
f 1593/10639 537/10640 924/10641
f 2323/10642 1614/10643 2316/10644
f 2323/10645 2316/10646 599/10647
f 61/10648 1616/10649 1615/10650
f 926/10651 301/10652 804/10653
f 927/10654 810/10655 1618/10656
f 927/10657 1618/10658 1049/10659
f 1616/10660 1617/10661 1411/10662
f 927/10663 1617/10664 1616/10665
f 1619/10666 1621/10667 1622/10668
f 1624/10669 302/10670 1622/10671
f 1145/10672 2000/10673 650/10674
f 1623/10675 928/10676 302/10677
f 2264/10678 1856/10679 1859/10680
f 650/10681 2428/10682 1160/10683
f 1160/10684 2428/10685 1998/10686
f 1160/10687 1998/10688 1052/10689
f 1160/10690 1052/10691 831/10692
f 1352/10693 2478/10694 649/10695
f 1156/10696 1996/10697 1159/10698
f 649/10699 1159/10700 1996/10701
f 1200/10702 802/10703 1899/10704
f 1406/10705 1200/10706 1899/10707
f 1899/10708 802/10709 1626/10710
f 2255/10711 67/10712 1356/10713
f 2556/10714 2466/10715 1367/10716
f 2419/10717 1489/10718 1438/10719
f 2325/10720 652/10721 1367/10722
f 1840/10723 2294/10724 1072/10725
f 2512/10726 2207/10727 2269/10728
f 2388/10729 1716/10730 958/10731
f 1162/10732 1163/10733 480/10734
f 458/10735 2470/10736 846/10737
f 846/10738 2470/10739 1366/10740
f 821/10741 885/10742 1538/10743
f 1051/10744 1476/10745 2415/10746
f 1363/10747 1707/10748 396/10749
f 1985/10750 1707/10751 2203/10752
f 2415/10753 2355/10754 1051/10755
f 1476/10756 1054/10757 2415/10758
f 932/10759 934/10760 1631/10761
f 934/10762 1948/10763 1631/10764
f 1631/10765 1948/10766 1632/10767
f 303/10768 602/10769 1633/10770
f 1635/10771 602/10772 303/10773
f 431/10774 602/10775 1635/10776
f 262/10777 1139/10778 934/10779
f 1139/10780 100/10781 934/10782
f 1127/10783 310/10784 498/10785
f 1948/10786 935/10787 1345/10788
f 1345/10789 935/10790 310/10791
f 2376/10792 1313/10793 2416/10794
f 1948/10795 2246/10796 935/10797
f 1637/10798 423/10799 2326/10800
f 2326/10801 797/10802 1637/10803
f 1638/10804 936/10805 1640/10806
f 1638/10807 2327/10808 936/10809
f 1063/10810 1822/10811 2476/10812
f 1063/10813 2476/10814 1829/10815
f 68/10816 1639/10817 1638/10818
f 261/10819 1863/10820 2427/10821
f 68/10822 1638/10823 802/10824
f 1321/10825 1405/10826 1639/10827
f 1155/10828 394/10829 1154/10830
f 1155/10831 1154/10832 1980/10833
f 1063/10834 1823/10835 1822/10836
f 2476/10837 1822/10838 1062/10839
f 2477/10840 2149/10841 1353/10842
f 1153/10843 2473/10844 1999/10845
f 1995/10846 1153/10847 1999/10848
f 1988/10849 1974/10850 393/10851
f 393/10852 2473/10853 1153/10854
f 2465/10855 2473/10856 393/10857
f 1153/10858 1988/10859 393/10860
f 1641/10861 520/10862 79/10863
f 2405/10864 1305/10865 2282/10866
f 1645/10867 1641/10868 79/10869
f 2328/10870 498/10871 1404/10872
f 260/10873 937/10874 794/10875
f 200/10876 1654/10877 1653/10878
f 2244/10879 1310/10880 2359/10881
f 2244/10882 2217/10883 1310/10884
f 2473/10885 1152/10886 2416/10887
f 1642/10888 937/10889 260/10890
f 2465/10891 1353/10892 2149/10893
f 2329/10894 1642/10895 2330/10896
f 2378/10897 2408/10898 1152/10899
f 1151/10900 392/10901 648/10902
f 315/10903 1645/10904 1646/10905
f 315/10906 1646/10907 1644/10908
f 717/10909 392/10910 1151/10911
f 1645/10912 79/10913 1646/10914
f 79/10915 520/10916 1646/10917
f 1678/10918 1648/10919 140/10920
f 1684/10921 1649/10922 59/10923
f 2329/10924 2330/10925 305/10926
f 950/10927 305/10928 1649/10929
f 1649/10930 305/10931 59/10932
f 1109/10933 1151/10934 2165/10935
f 1679/10936 140/10937 1680/10938
f 648/10939 730/10940 2165/10941
f 730/10942 715/10943 1993/10944
f 1992/10945 1150/10946 1357/10947
f 2427/10948 1086/10949 1150/10950
f 1991/10951 2427/10952 1150/10953
f 1899/10954 1148/10955 364/10956
f 1149/10957 1357/10958 1148/10959
f 1357/10960 387/10961 1990/10962
f 2005/10963 2325/10964 1628/10965
f 1628/10966 1367/10967 2466/10968
f 2465/10969 1974/10970 2556/10971
f 1489/10972 2512/10973 1438/10974
f 2386/10975 2387/10976 1401/10977
f 458/10978 1465/10979 1972/10980
f 1401/10981 2120/10982 2384/10983
f 2448/10984 411/10985 698/10986
f 2379/10987 1000/10988 354/10989
f 69/10990 2494/10991 406/10992
f 1905/10993 1907/10994 1625/10995
f 2332/10996 2381/10997 1762/10998
f 1779/10999 339/11000 2381/11001
f 1779/11002 1775/11003 1000/11004
f 2381/11005 2121/11006 1762/11007
f 2479/11008 2332/11009 1013/11010
f 1343/11011 2227/11012 1625/11013
f 1359/11014 2331/11015 714/11016
f 480/11017 2470/11018 391/11019
f 1000/11020 1775/11021 354/11022
f 996/11023 2261/11024 999/11025
f 2359/11026 2372/11027 2245/11028
f 1994/11029 2149/11030 2477/11031
f 1996/11032 630/11033 1970/11034
f 1051/11035 1313/11036 1476/11037
f 2479/11038 1779/11039 2332/11040
f 151/11041 2370/11042 2261/11043
f 1755/11044 1769/11045 1756/11046
f 2372/11047 2359/11048 1310/11049
f 2416/11050 1051/11051 1998/11052
f 1998/11053 1051/11054 2355/11055
f 2468/11056 1481/11057 1939/11058
f 1982/11059 618/11060 2166/11061
f 2166/11062 422/11063 2534/11064
f 2109/11065 1108/11066 422/11067
f 390/11068 2157/11069 1147/11070
f 2155/11071 1182/11072 390/11073
f 1752/11074 1137/11075 2179/11076
f 2171/11077 2159/11078 2172/11079
f 1310/11080 1471/11081 2277/11082
f 1751/11083 332/11084 514/11085
f 1750/11086 1748/11087 979/11088
f 1728/11089 2363/11090 240/11091
f 1244/11092 1342/11093 2333/11094
f 713/11095 1566/11096 1570/11097
f 2110/11098 1981/11099 389/11100
f 845/11101 2275/11102 1449/11103
f 977/11104 1753/11105 327/11106
f 1730/11107 977/11108 327/11109
f 2233/11110 1721/11111 1636/11112
f 1728/11113 2017/11114 2363/11115
f 1726/11116 732/11117 1235/11118
f 1921/11119 1447/11120 2377/11121
f 610/11122 2482/11123 973/11124
f 1293/11125 249/11126 2182/11127
f 850/11128 185/11129 1469/11130
f 1979/11131 1085/11132 1087/11133
f 1085/11134 1979/11135 1978/11136
f 2468/11137 1444/11138 1481/11139
f 324/11140 2482/11141 1727/11142
f 2483/11143 324/11144 1723/11145
f 1244/11146 240/11147 2290/11148
f 1443/11149 287/11150 828/11151
f 1990/11152 387/11153 1333/11154
f 2233/11155 1723/11156 324/11157
f 90/11158 386/11159 388/11160
f 2205/11161 2235/11162 1977/11163
f 2268/11164 2324/11165 2419/11166
f 2277/11167 1447/11168 1921/11169
f 1974/11170 2474/11171 2466/11172
f 1988/11173 2474/11174 1974/11175
f 2203/11176 1628/11177 1351/11178
f 2467/11179 1351/11180 2474/11181
f 1995/11182 2467/11183 2474/11184
f 237/11185 2470/11186 1972/11187
f 852/11188 2276/11189 2355/11190
f 1471/11191 2355/11192 2277/11193
f 1973/11194 1465/11195 1468/11196
f 2334/11197 1482/11198 1246/11199
f 779/11200 2071/11201 531/11202
f 2274/11203 2537/11204 1704/11205
f 2537/11206 2124/11207 1407/11208
f 2274/11209 1501/11210 1744/11211
f 360/11212 391/11213 735/11214
f 1651/11215 775/11216 1650/11217
f 140/11218 1651/11219 515/11220
f 793/11221 938/11222 307/11223
f 794/11224 141/11225 790/11226
f 1656/11227 789/11228 942/11229
f 1655/11230 2335/11231 789/11232
f 520/11233 304/11234 1655/11235
f 304/11236 309/11237 1655/11238
f 309/11239 2335/11240 1655/11241
f 1655/11242 1656/11243 1652/11244
f 1654/11245 1655/11246 1652/11247
f 309/11248 1657/11249 2335/11250
f 309/11251 1659/11252 1657/11253
f 1971/11254 216/11255 735/11256
f 1660/11257 1661/11258 2568/11259
f 2551/11260 201/11261 1662/11262
f 201/11263 788/11264 1662/11265
f 2551/11266 949/11267 2243/11268
f 1663/11269 1667/11270 1664/11271
f 1666/11272 1667/11273 1663/11274
f 201/11275 1668/11276 788/11277
f 2548/11278 201/11279 2551/11280
f 2550/11281 1663/11282 2218/11283
f 2336/11284 1669/11285 2337/11286
f 1664/11287 2336/11288 1671/11289
f 1666/11290 1669/11291 2336/11292
f 2337/11293 945/11294 2336/11295
f 1671/11296 945/11297 1670/11298
f 1671/11299 788/11300 1668/11301
f 1667/11302 2336/11303 1664/11304
f 312/11305 1672/11306 947/11307
f 1670/11308 1672/11309 946/11310
f 1675/11311 1672/11312 1670/11313
f 1672/11314 785/11315 947/11316
f 312/11317 2242/11318 1673/11319
f 2339/11320 1673/11321 2540/11322
f 1674/11323 946/11324 2339/11325
f 2509/11326 2337/11327 519/11328
f 2509/11329 2341/11330 2337/11331
f 945/11332 313/11333 1670/11334
f 2341/11335 2340/11336 1676/11337
f 2340/11338 466/11339 1676/11340
f 466/11341 2443/11342 1675/11343
f 948/11344 2443/11345 466/11346
f 25/11347 2340/11348 2341/11349
f 948/11350 1902/11351 2443/11352
f 1675/11353 2443/11354 2241/11355
f 2341/11356 1676/11357 466/11358
f 2341/11359 466/11360 1675/11361
f 99/11362 1679/11363 1680/11364
f 99/11365 1680/11366 2342/11367
f 2342/11368 1680/11369 2565/11370
f 1678/11371 140/11372 1679/11373
f 1677/11374 99/11375 2342/11376
f 57/11377 603/11378 998/11379
f 603/11380 1681/11381 998/11382
f 2567/11383 467/11384 2549/11385
f 1683/11386 1689/11387 1684/11388
f 950/11389 1649/11390 1684/11391
f 311/11392 572/11393 1686/11394
f 311/11395 1687/11396 572/11397
f 1687/11398 133/11399 572/11400
f 1687/11401 2540/11402 133/11403
f 1688/11404 2344/11405 1399/11406
f 783/11407 2343/11408 2344/11409
f 2345/11410 1689/11411 1683/11412
f 1691/11413 1398/11414 1690/11415
f 380/11416 1690/11417 2239/11418
f 783/11419 1692/11420 1691/11421
f 98/11422 1700/11423 1692/11424
f 1691/11425 1692/11426 1398/11427
f 1692/11428 1693/11429 1644/11430
f 2346/11431 1694/11432 1688/11433
f 2338/11434 1697/11435 2346/11436
f 1697/11437 1694/11438 2346/11439
f 1697/11440 1695/11441 1694/11442
f 1688/11443 1694/11444 2344/11445
f 1696/11446 604/11447 1695/11448
f 2347/11449 1696/11450 1695/11451
f 1944/11452 1943/11453 604/11454
f 1944/11455 604/11456 1696/11457
f 1943/11458 159/11459 1699/11460
f 1697/11461 2347/11462 1695/11463
f 1696/11464 2347/11465 1697/11466
f 1346/11467 951/11468 2210/11469
f 1698/11470 951/11471 78/11472
f 1698/11473 78/11474 1701/11475
f 604/11476 1699/11477 784/11478
f 1701/11479 78/11480 1702/11481
f 1700/11482 953/11483 315/11484
f 1700/11485 315/11486 1693/11487
f 783/11488 98/11489 1692/11490
f 1701/11491 1702/11492 1700/11493
f 2453/11494 952/11495 953/11496
f 952/11497 377/11498 315/11499
f 951/11500 2453/11501 1700/11502
f 1702/11503 951/11504 1700/11505
f 316/11506 1641/11507 1645/11508
f 315/11509 377/11510 316/11511
f 216/11512 237/11513 649/11514
f 1970/11515 216/11516 1996/11517
f 101/11518 526/11519 1408/11520
f 1705/11521 954/11522 1222/11523
f 1386/11524 2349/11525 1414/11526
f 101/11527 1414/11528 955/11529
f 317/11530 1172/11531 955/11532
f 2350/11533 468/11534 1540/11535
f 2351/11536 2237/11537 2352/11538
f 2237/11539 2238/11540 468/11541
f 468/11542 2238/11543 1542/11544
f 468/11545 1542/11546 1540/11547
f 2350/11548 1540/11549 956/11550
f 202/11551 2350/11552 956/11553
f 2353/11554 606/11555 1709/11556
f 2071/11557 779/11558 2334/11559
f 531/11560 530/11561 470/11562
f 318/11563 1710/11564 778/11565
f 531/11566 318/11567 779/11568
f 792/11569 7/11570 456/11571
f 7/11572 6/11573 1665/11574
f 1744/11575 2348/11576 106/11577
f 456/11578 1482/11579 792/11580
f 1713/11581 2063/11582 97/11583
f 1713/11584 97/11585 792/11586
f 1469/11587 1985/11588 1146/11589
f 1469/11590 1146/11591 1145/11592
f 2464/11593 2463/11594 161/11595
f 1969/11596 1967/11597 2463/11598
f 2555/11599 2553/11600 1350/11601
f 525/11602 1143/11603 2177/11604
f 155/11605 2182/11606 2392/11607
f 1307/11608 1305/11609 2405/11610
f 1311/11611 2282/11612 1305/11613
f 1173/11614 161/11615 1142/11616
f 161/11617 382/11618 1142/11619
f 681/11620 1349/11621 2557/11622
f 681/11623 2557/11624 2178/11625
f 1354/11626 1140/11627 1139/11628
f 800/11629 1139/11630 262/11631
f 100/11632 1964/11633 1966/11634
f 1140/11635 1963/11636 100/11637
f 1993/11638 1500/11639 1788/11640
f 1962/11641 1137/11642 379/11643
f 1137/11644 1752/11645 127/11646
f 1143/11647 89/11648 379/11649
f 379/11650 127/11651 1961/11652
f 127/11653 1752/11654 2179/11655
f 2375/11656 50/11657 322/11658
f 166/11659 1703/11660 1502/11661
f 1501/11662 2123/11663 166/11664
f 166/11665 1502/11666 1501/11667
f 776/11668 570/11669 959/11670
f 215/11671 1136/11672 645/11673
f 1959/11674 160/11675 1949/11676
f 215/11677 1959/11678 1949/11679
f 73/11680 1958/11681 1957/11682
f 1904/11683 646/11684 2460/11685
f 2460/11686 1135/11687 1945/11688
f 1957/11689 1135/11690 2460/11691
f 1955/11692 2459/11693 720/11694
f 1956/11695 214/11696 720/11697
f 214/11698 1956/11699 670/11700
f 1956/11701 2111/11702 670/11703
f 1716/11704 962/11705 958/11706
f 1715/11707 962/11708 203/11709
f 1716/11710 19/11711 962/11712
f 962/11713 963/11714 10/11715
f 608/11716 403/11717 146/11718
f 426/11719 1114/11720 158/11721
f 1722/11722 607/11723 96/11724
f 96/11725 607/11726 308/11727
f 683/11728 258/11729 143/11730
f 1720/11731 776/11732 1718/11733
f 1721/11734 964/11735 683/11736
f 132/11737 1721/11738 2233/11739
f 964/11740 258/11741 683/11742
f 1722/11743 408/11744 472/11745
f 1722/11746 2482/11747 607/11748
f 1953/11749 1955/11750 213/11751
f 2462/11752 213/11753 2208/11754
f 1269/11755 609/11756 1725/11757
f 968/11758 1725/11759 325/11760
f 976/11761 609/11762 1269/11763
f 1725/11764 609/11765 325/11766
f 1958/11767 2462/11768 215/11769
f 2324/11770 1975/11771 2292/11772
f 164/11773 2292/11774 1975/11775
f 968/11776 967/11777 1724/11778
f 1921/11779 2377/11780 2372/11781
f 1727/11782 610/11783 974/11784
f 2290/11785 240/11786 2363/11787
f 1266/11788 1727/11789 1268/11790
f 326/11791 968/11792 1724/11793
f 1741/11794 973/11795 969/11796
f 2268/11797 2419/11798 1629/11799
f 1636/11800 1723/11801 2233/11802
f 2233/11803 324/11804 1727/11805
f 328/11806 1727/11807 974/11808
f 2232/11809 2363/11810 1940/11811
f 1729/11812 974/11813 610/11814
f 1730/11815 1729/11816 610/11817
f 1730/11818 327/11819 1729/11820
f 485/11821 1243/11822 1726/11823
f 327/11824 1267/11825 1729/11826
f 1734/11827 328/11828 980/11829
f 1734/11830 2361/11831 1733/11832
f 1734/11833 1733/11834 1268/11835
f 1738/11836 329/11837 1735/11838
f 982/11839 330/11840 1737/11841
f 1739/11842 1740/11843 1738/11844
f 1740/11845 611/11846 94/11847
f 1738/11848 1740/11849 329/11850
f 1743/11851 1741/11852 1746/11853
f 1742/11854 1741/11855 969/11856
f 1743/11857 1730/11858 975/11859
f 612/11860 1730/11861 1743/11862
f 373/11863 2552/11864 2358/11865
f 1243/11866 1102/11867 1726/11868
f 514/11869 1754/11870 1753/11871
f 1267/11872 980/11873 974/11874
f 611/11875 1270/11876 94/11877
f 611/11878 1746/11879 1270/11880
f 257/11881 111/11882 330/11883
f 611/11884 111/11885 1746/11886
f 111/11887 1745/11888 1746/11889
f 2364/11890 978/11891 1747/11892
f 1747/11893 977/11894 612/11895
f 1747/11896 612/11897 256/11898
f 612/11899 977/11900 1730/11901
f 1750/11902 979/11903 1749/11904
f 979/11905 1748/11906 2186/11907
f 1749/11908 979/11909 1007/11910
f 1751/11911 978/11912 1749/11913
f 1007/11914 1006/11915 150/11916
f 1006/11917 340/11918 332/11919
f 150/11920 1751/11921 1749/11922
f 2377/11923 2245/11924 2372/11925
f 1756/11926 1769/11927 614/11928
f 1921/11929 2372/11930 1310/11931
f 981/11932 1734/11933 980/11934
f 513/11935 257/11936 330/11937
f 1394/11938 2179/11939 1784/11940
f 2365/11941 1267/11942 1753/11943
f 332/11944 340/11945 997/11946
f 1754/11947 1756/11948 2365/11949
f 1755/11950 1756/11951 997/11952
f 2192/11953 330/11954 982/11955
f 2293/11956 1975/11957 1627/11958
f 2117/11959 1951/11960 1952/11961
f 1349/11962 2177/11963 2557/11964
f 204/11965 256/11966 1271/11967
f 983/11968 1790/11969 1757/11970
f 983/11971 134/11972 1274/11973
f 134/11974 984/11975 1274/11976
f 2367/11977 333/11978 1758/11979
f 151/11980 1759/11981 1761/11982
f 2367/11983 1805/11984 177/11985
f 2370/11986 151/11987 1761/11988
f 1760/11989 334/11990 984/11991
f 2472/11992 2217/11993 353/11994
f 2378/11995 1994/11996 2408/11997
f 2379/11998 339/11999 1779/12000
f 1276/12001 151/12002 2379/12003
f 986/12004 1763/12005 1278/12006
f 987/12007 1774/12008 986/12009
f 1769/12010 987/12011 986/12012
f 1774/12013 2371/12014 335/12015
f 335/12016 512/12017 1763/12018
f 1774/12019 335/12020 986/12021
f 986/12022 335/12023 1763/12024
f 512/12025 1764/12026 1277/12027
f 2536/12028 2125/12029 1764/12030
f 2371/12031 1765/12032 1207/12033
f 2371/12034 1207/12035 512/12036
f 337/12037 1765/12038 2371/12039
f 1766/12040 2536/12041 1764/12042
f 1207/12043 1764/12044 512/12045
f 2371/12046 512/12047 335/12048
f 254/12049 336/12050 1767/12051
f 336/12052 988/12053 1767/12054
f 1755/12055 206/12056 1769/12057
f 206/12058 987/12059 1769/12060
f 2373/12061 989/12062 1280/12063
f 207/12064 1772/12065 990/12066
f 1772/12067 1770/12068 990/12069
f 1772/12070 565/12071 2373/12072
f 565/12073 1760/12074 2373/12075
f 1760/12076 984/12077 2373/12078
f 984/12079 134/12080 2373/12081
f 1770/12082 1772/12083 2373/12084
f 1773/12085 991/12086 987/12087
f 206/12088 1773/12089 987/12090
f 615/12091 1773/12092 993/12093
f 615/12094 991/12095 1773/12096
f 993/12097 1773/12098 206/12099
f 994/12100 511/12101 1282/12102
f 1774/12103 337/12104 2371/12105
f 1282/12106 337/12107 1774/12108
f 511/12109 337/12110 1282/12111
f 511/12112 995/12113 2122/12114
f 2374/12115 1359/12116 630/12117
f 2231/12118 511/12119 994/12120
f 2231/12121 995/12122 511/12123
f 2465/12124 1994/12125 2378/12126
f 997/12127 206/12128 1755/12129
f 2244/12130 353/12131 2217/12132
f 2091/12133 2122/12134 995/12135
f 996/12136 2379/12137 2261/12138
f 2204/12139 1276/12140 2379/12141
f 338/12142 1775/12143 1779/12144
f 338/12145 2479/12146 1001/12147
f 236/12148 2408/12149 1994/12150
f 616/12151 1835/12152 1001/12153
f 1835/12154 1776/12155 1001/12156
f 616/12157 252/12158 1835/12159
f 2382/12160 616/12161 1001/12162
f 158/12163 1169/12164 1778/12165
f 1211/12166 171/12167 1951/12168
f 2374/12169 2426/12170 2331/12171
f 2387/12172 617/12173 1401/12174
f 1013/12175 2332/12176 2386/12177
f 762/12178 1002/12179 1780/12180
f 621/12181 619/12182 1781/12183
f 1781/12184 619/12185 1284/12186
f 475/12187 1781/12188 1782/12189
f 619/12190 1003/12191 1284/12192
f 1003/12193 2121/12194 1004/12195
f 1004/12196 2091/12197 763/12198
f 160/12199 1134/12200 2456/12201
f 1003/12202 1010/12203 2121/12204
f 2229/12205 1010/12206 1003/12207
f 306/12208 25/12209 2448/12210
f 1806/12211 1276/12212 2204/12213
f 1004/12214 2121/12215 2381/12216
f 1134/12217 1950/12218 1132/12219
f 1008/12220 1783/12221 979/12222
f 1285/12223 1781/12224 475/12225
f 2383/12226 1011/12227 1009/12228
f 1009/12229 617/12230 1762/12231
f 1011/12232 186/12233 2120/12234
f 1178/12235 618/12236 2120/12237
f 2384/12238 1787/12239 1401/12240
f 1394/12241 1784/12242 682/12243
f 1784/12244 1008/12245 682/12246
f 670/12247 2458/12248 1133/12249
f 214/12250 670/12251 1133/12252
f 214/12253 1133/12254 160/12255
f 2118/12256 1950/12257 1134/12258
f 2458/12259 2118/12260 1134/12261
f 1133/12262 2458/12263 1134/12264
f 378/12265 160/12266 2457/12267
f 2456/12268 239/12269 449/12270
f 1784/12271 1137/12272 383/12273
f 383/12274 1285/12275 1784/12276
f 378/12277 1949/12278 160/12279
f 1784/12280 1285/12281 1008/12282
f 1962/12283 383/12284 1137/12285
f 2326/12286 427/12287 1199/12288
f 423/12289 2131/12290 427/12291
f 383/12292 341/12293 77/12294
f 383/12295 77/12296 1285/12297
f 1785/12298 2385/12299 621/12300
f 621/12301 2385/12302 619/12303
f 935/12304 2246/12305 798/12306
f 1285/12307 621/12308 1781/12309
f 341/12310 2553/12311 1785/12312
f 1786/12313 1011/12314 2383/12315
f 1012/12316 1786/12317 620/12318
f 2387/12319 2386/12320 2332/12321
f 1108/12322 1897/12323 1014/12324
f 1897/12325 1788/12326 1014/12327
f 2384/12328 1014/12329 1787/12330
f 1130/12331 1129/12332 723/12333
f 633/12334 730/12335 1993/12336
f 1356/12337 505/12338 2234/12339
f 1707/12340 1628/12341 2203/12342
f 21/12343 1788/12344 1500/12345
f 2259/12346 2086/12347 1986/12348
f 2457/12349 449/12350 1130/12351
f 1348/12352 1949/12353 500/12354
f 1444/12355 2450/12356 1481/12357
f 2468/12358 1343/12359 1976/12360
f 661/12361 2297/12362 1986/12363
f 1790/12364 1015/12365 1789/12366
f 1790/12367 1789/12368 1757/12369
f 177/12370 509/12371 153/12372
f 153/12373 2226/12374 1015/12375
f 1790/12376 153/12377 1015/12378
f 1294/12379 1295/12380 1018/12381
f 2055/12382 652/12383 2235/12384
f 1707/12385 2005/12386 1628/12387
f 1018/12388 1030/12389 1017/12390
f 153/12391 1018/12392 1019/12393
f 1131/12394 500/12395 378/12396
f 723/12397 1129/12398 724/12399
f 623/12400 1021/12401 1793/12402
f 154/12403 1796/12404 622/12405
f 454/12406 1793/12407 1791/12408
f 623/12409 1793/12410 1289/12411
f 345/12412 1020/12413 1021/12414
f 1021/12415 2389/12416 342/12417
f 1021/12418 342/12419 1793/12420
f 346/12421 1021/12422 623/12423
f 346/12424 345/12425 1021/12426
f 343/12427 756/12428 1794/12429
f 343/12430 1794/12431 459/12432
f 1795/12433 760/12434 1794/12435
f 1024/12436 1025/12437 623/12438
f 1024/12439 623/12440 1289/12441
f 1289/12442 1792/12443 1022/12444
f 1022/12445 1792/12446 344/12447
f 1815/12448 2390/12449 1797/12450
f 724/12451 1632/12452 1948/12453
f 2209/12454 1632/12455 724/12456
f 1797/12457 1025/12458 1024/12459
f 1797/12460 2390/12461 346/12462
f 1297/12463 2390/12464 1815/12465
f 1297/12466 345/12467 2390/12468
f 346/12469 623/12470 1025/12471
f 1026/12472 759/12473 1291/12474
f 1028/12475 1029/12476 1798/12477
f 1035/12478 347/12479 1030/12480
f 176/12481 347/12482 1035/12483
f 176/12484 1799/12485 347/12486
f 1034/12487 1290/12488 624/12489
f 347/12490 1034/12491 1029/12492
f 1030/12493 347/12494 1017/12495
f 1017/12496 347/12497 1029/12498
f 176/12499 1031/12500 1799/12501
f 563/12502 2391/12503 1800/12504
f 1801/12505 1290/12506 1034/12507
f 1799/12508 348/12509 347/12510
f 1035/12511 249/12512 176/12513
f 349/12514 155/12515 2392/12516
f 625/12517 155/12518 349/12519
f 625/12520 561/12521 2182/12522
f 1803/12523 1036/12524 1808/12525
f 1/12526 561/12527 2393/12528
f 1946/12529 1947/12530 1129/12531
f 642/12532 2561/12533 722/12534
f 128/12535 1479/12536 250/12537
f 1804/12538 1809/12539 1037/12540
f 1037/12541 1809/12542 2395/12543
f 1759/12544 2394/12545 2395/12546
f 2397/12547 1804/12548 1037/12549
f 1810/12550 1809/12551 1804/12552
f 1809/12553 2223/12554 1016/12555
f 1809/12556 1016/12557 509/12558
f 350/12559 2396/12560 1806/12561
f 350/12562 1807/12563 2396/12564
f 1807/12565 2397/12566 2396/12567
f 338/12568 1779/12569 2479/12570
f 1810/12571 1804/12572 2397/12573
f 2396/12574 2397/12575 2394/12576
f 1038/12577 1039/12578 757/12579
f 1808/12580 2399/12581 757/12582
f 452/12583 2398/12584 627/12585
f 2398/12586 628/12587 627/12588
f 2398/12589 2220/12590 1039/12591
f 2220/12592 1802/12593 1039/12594
f 1039/12595 1802/12596 1808/12597
f 1810/12598 757/12599 1809/12600
f 1038/12601 757/12602 1810/12603
f 1945/12604 2455/12605 2561/12606
f 562/12607 1041/12608 1297/12609
f 1067/12610 508/12611 1042/12612
f 1042/12613 1811/12614 1043/12615
f 92/12616 2400/12617 1811/12618
f 1042/12619 1044/12620 1811/12621
f 1484/12622 2221/12623 1446/12624
f 2221/12625 1815/12626 62/12627
f 1448/12628 2401/12629 829/12630
f 2401/12631 1484/12632 829/12633
f 1299/12634 1816/12635 1045/12636
f 2460/12637 1945/12638 499/12639
f 2401/12640 1299/12641 1484/12642
f 754/12643 1299/12644 2401/12645
f 562/12646 1297/12647 1816/12648
f 755/12649 2401/12650 1046/12651
f 499/12652 1945/12653 642/12654
f 1046/12655 2401/12656 1448/12657
f 1836/12658 1053/12659 1047/12660
f 1066/12661 1824/12662 755/12663
f 1817/12664 755/12665 1046/12666
f 44/12667 1048/12668 1071/12669
f 1048/12670 1803/12671 1071/12672
f 1048/12673 1818/12674 349/12675
f 601/12676 1819/12677 44/12678
f 2403/12679 1818/12680 1048/12681
f 1819/12682 1048/12683 44/12684
f 349/12685 1301/12686 625/12687
f 1071/12688 1803/12689 1802/12690
f 2472/12691 353/12692 601/12693
f 353/12694 2244/12695 1819/12696
f 2244/12697 1301/12698 2403/12699
f 2359/12700 1304/12701 2244/12702
f 1306/12703 354/12704 1775/12705
f 2204/12706 1070/12707 350/12708
f 1776/12709 1057/12710 1069/12711
f 1069/12712 1057/12713 1068/12714
f 1776/12715 1069/12716 1820/12717
f 2216/12718 1305/12719 1068/12720
f 1311/12721 1305/12722 2216/12723
f 2282/12724 507/12725 2404/12726
f 1821/12727 1067/12728 754/12729
f 1821/12730 508/12731 1067/12732
f 752/12733 508/12734 2406/12735
f 752/12736 1042/12737 508/12738
f 754/12739 352/12740 1299/12741
f 355/12742 2406/12743 1823/12744
f 1824/12745 1823/12746 1821/12747
f 1066/12748 1822/12749 1824/12750
f 1062/12751 1822/12752 1066/12753
f 750/12754 1064/12755 1065/12756
f 1065/12757 188/12758 753/12759
f 1825/12760 1065/12761 1826/12762
f 1829/12763 751/12764 1063/12765
f 2476/12766 2407/12767 1829/12768
f 1827/12769 2407/12770 1062/12771
f 746/12772 1827/12773 1062/12774
f 1061/12775 1829/12776 1313/12777
f 2376/12778 2416/12779 1152/12780
f 1152/12781 2408/12782 1061/12783
f 1830/12784 1831/12785 1064/12786
f 1828/12787 1830/12788 1061/12789
f 1830/12790 1832/12791 1061/12792
f 2409/12793 749/12794 1833/12795
f 1833/12796 749/12797 1060/12798
f 1060/12799 209/12800 2404/12801
f 2216/12802 1833/12803 507/12804
f 1059/12805 2411/12806 1058/12807
f 1157/12808 1059/12809 1058/12810
f 1475/12811 356/12812 2410/12813
f 2410/12814 356/12815 749/12816
f 1835/12817 246/12818 1776/12819
f 2413/12820 2414/12821 1835/12822
f 764/12823 2331/12824 2413/12825
f 2413/12826 1055/12827 2414/12828
f 2414/12829 246/12830 1835/12831
f 1056/12832 747/12833 1055/12834
f 1156/12835 1834/12836 1056/12837
f 1056/12838 1834/12839 747/12840
f 1055/12841 747/12842 1312/12843
f 1055/12844 1312/12845 246/12846
f 1054/12847 1053/12848 1836/12849
f 1478/12850 1477/12851 2415/12852
f 1052/12853 2276/12854 851/12855
f 1617/12856 1049/12857 357/12858
f 1838/12859 1214/12860 2417/12861
f 2106/12862 1390/12863 39/12864
f 2418/12865 358/12866 2206/12867
f 910/12868 181/12869 1072/12870
f 181/12871 1839/12872 743/12873
f 1225/12874 1072/12875 2294/12876
f 1225/12877 910/12878 1072/12879
f 1839/12880 574/12881 1073/12882
f 574/12883 1841/12884 1073/12885
f 574/12886 1842/12887 1841/12888
f 1842/12889 506/12890 1316/12891
f 743/12892 1841/12893 1316/12894
f 1844/12895 1843/12896 1845/12897
f 1844/12898 2420/12899 1843/12900
f 593/12901 2420/12902 1844/12903
f 2420/12904 1317/12905 1843/12906
f 1845/12907 1843/12908 2418/12909
f 2420/12910 2366/12911 1317/12912
f 2366/12913 2420/12914 593/12915
f 1141/12916 642/12917 641/12918
f 2563/12919 1131/12920 2452/12921
f 1131/12922 1130/12923 2452/12924
f 500/12925 1131/12926 1128/12927
f 1128/12928 1131/12929 2563/12930
f 2563/12931 2452/12932 377/12933
f 1847/12934 1075/12935 1846/12936
f 1075/12937 2421/12938 1846/12939
f 1346/12940 1128/12941 952/12942
f 1846/12943 2421/12944 1074/12945
f 2452/12946 723/12947 1127/12948
f 377/12949 2452/12950 316/12951
f 2422/12952 1847/12953 1846/12954
f 1075/12955 112/12956 2421/12957
f 112/12958 1854/12959 494/12960
f 1074/12961 2421/12962 229/12963
f 700/12964 1846/12965 1074/12966
f 1940/12967 1126/12968 640/12969
f 2206/12970 358/12971 2061/12972
f 1937/12973 1126/12974 553/12975
f 553/12976 1126/12977 1940/12978
f 1728/12979 553/12980 2017/12981
f 3/12982 658/12983 228/12984
f 2423/12985 1847/12986 2422/12987
f 2423/12988 2422/12989 544/12990
f 1940/12991 2363/12992 2017/12993
f 2508/12994 1076/12995 544/12996
f 2232/12997 1940/12998 2362/12999
f 245/13000 1850/13001 1848/13002
f 2358/13003 2302/13004 2510/13005
f 2471/13006 1848/13007 1077/13008
f 245/13009 1848/13010 2471/13011
f 1850/13012 2511/13013 244/13014
f 1848/13015 1847/13016 2423/13017
f 1079/13018 113/13019 741/13020
f 1374/13021 1853/13022 1079/13023
f 2448/13024 698/13025 640/13026
f 1938/13027 2260/13028 1124/13029
f 741/13030 740/13031 2424/13032
f 2424/13033 740/13034 2425/13035
f 1852/13036 1853/13037 1851/13038
f 2047/13039 494/13040 1851/13041
f 1937/13042 1125/13043 1126/13044
f 1854/13045 113/13046 1852/13047
f 1124/13048 2451/13049 1941/13050
f 1852/13051 113/13052 1853/13053
f 2449/13054 1124/13055 1937/13056
f 375/13057 2449/13058 553/13059
f 1252/13060 2036/13061 1080/13062
f 1080/13063 2036/13064 1319/13065
f 1080/13066 1319/13067 1081/13068
f 113/13069 1081/13070 1078/13071
f 1854/13072 1081/13073 113/13074
f 1856/13075 1855/13076 703/13077
f 2264/13078 2002/13079 1855/13080
f 2425/13081 703/13082 2494/13083
f 2424/13084 2425/13085 548/13086
f 703/13087 2425/13088 1856/13089
f 2494/13090 703/13091 1857/13092
f 1319/13093 359/13094 1082/13095
f 450/13096 2003/13097 629/13098
f 1860/13099 392/13100 717/13101
f 1861/13102 630/13103 1359/13104
f 477/13105 1359/13106 392/13107
f 1860/13108 736/13109 477/13110
f 1970/13111 630/13112 736/13113
f 1996/13114 1323/13115 630/13116
f 736/13117 1861/13118 477/13119
f 736/13120 630/13121 1861/13122
f 1862/13123 184/13124 1085/13125
f 2427/13126 1978/13127 1086/13128
f 1087/13129 1860/13130 130/13131
f 184/13132 1865/13133 1860/13134
f 1865/13135 360/13136 736/13137
f 527/13138 108/13139 2530/13140
f 108/13141 1089/13142 1866/13143
f 1866/13144 734/13145 2530/13146
f 1088/13147 211/13148 1867/13149
f 211/13150 1219/13151 1868/13152
f 1219/13153 684/13154 1563/13155
f 1219/13156 1563/13157 555/13158
f 1876/13159 1090/13160 1872/13161
f 1878/13162 1871/13163 1090/13164
f 1871/13165 733/13166 1873/13167
f 2429/13168 1528/13169 1873/13170
f 1090/13171 1873/13172 1091/13173
f 1091/13174 1873/13175 1530/13176
f 1092/13177 1094/13178 1874/13179
f 1092/13180 1876/13181 1094/13182
f 907/13183 1874/13184 2128/13185
f 907/13186 1092/13187 1874/13188
f 1092/13189 1879/13190 1876/13191
f 1879/13192 1875/13193 1876/13194
f 1874/13195 1094/13196 668/13197
f 1095/13198 1096/13199 1877/13200
f 1092/13201 576/13202 1879/13203
f 1421/13204 2430/13205 576/13206
f 2430/13207 91/13208 1095/13209
f 1095/13210 91/13211 1096/13212
f 1096/13213 2431/13214 2356/13215
f 2431/13216 1326/13217 2356/13218
f 1877/13219 1327/13220 1878/13221
f 1877/13222 1878/13223 1875/13224
f 1881/13225 1098/13226 1882/13227
f 1880/13228 2432/13229 1881/13230
f 2432/13231 2215/13232 1101/13233
f 2215/13234 1100/13235 1101/13236
f 1527/13237 1880/13238 1882/13239
f 1527/13240 1882/13241 884/13242
f 1527/13243 1099/13244 1880/13245
f 1880/13246 1881/13247 1882/13248
f 1099/13249 2433/13250 156/13251
f 2434/13252 1885/13253 156/13254
f 631/13255 1328/13256 361/13257
f 1328/13258 1886/13259 361/13260
f 1098/13261 1101/13262 1248/13263
f 2290/13264 2552/13265 1244/13266
f 2435/13267 1887/13268 631/13269
f 2435/13270 631/13271 361/13272
f 2435/13273 2436/13274 1888/13275
f 1102/13276 1889/13277 182/13278
f 1102/13279 2437/13280 1889/13281
f 1887/13282 1889/13283 631/13284
f 541/13285 1102/13286 182/13287
f 1891/13288 1890/13289 2438/13290
f 1337/13291 2444/13292 1891/13293
f 2444/13294 1105/13295 1890/13296
f 1330/13297 183/13298 2438/13299
f 2438/13300 183/13301 2440/13302
f 1338/13303 1891/13304 2438/13305
f 170/13306 2438/13307 2440/13308
f 1104/13309 1105/13310 1886/13311
f 1886/13312 1105/13313 2444/13314
f 731/13315 1105/13316 1104/13317
f 87/13318 1890/13319 1105/13320
f 731/13321 87/13322 1105/13323
f 2439/13324 114/13325 1892/13326
f 114/13327 1331/13328 1896/13329
f 1896/13330 1331/13331 212/13332
f 171/13333 1892/13334 71/13335
f 2112/13336 2439/13337 1892/13338
f 2440/13339 1893/13340 157/13341
f 170/13342 2440/13343 157/13344
f 157/13345 362/13346 2439/13347
f 632/13348 1894/13349 1895/13350
f 183/13351 546/13352 632/13353
f 632/13354 545/13355 1894/13356
f 545/13357 2034/13358 1894/13359
f 1894/13360 655/13361 1895/13362
f 1895/13363 655/13364 1332/13365
f 1893/13366 1895/13367 1332/13368
f 1896/13369 1952/13370 71/13371
f 2264/13372 1084/13373 363/13374
f 2264/13375 363/13376 2002/13377
f 1107/13378 633/13379 1897/13380
f 1107/13381 1897/13382 1108/13383
f 2109/13384 1106/13385 1108/13386
f 2154/13387 90/13388 1898/13389
f 1898/13390 1109/13391 1179/13392
f 386/13393 90/13394 2154/13395
f 90/13396 1109/13397 1898/13398
f 1637/13399 1111/13400 1110/13401
f 1630/13402 423/13403 389/13404
f 1637/13405 1110/13406 423/13407
f 1110/13408 2110/13409 389/13410
f 1932/13411 1934/13412 2333/13413
f 634/13414 364/13415 1111/13416
f 191/13417 2333/13418 1342/13419
f 1901/13420 2441/13421 1113/13422
f 2441/13423 2454/13424 554/13425
f 1901/13426 2442/13427 2441/13428
f 2309/13429 1334/13430 2442/13431
f 1944/13432 2442/13433 1334/13434
f 2441/13435 2442/13436 2454/13437
f 2442/13438 1944/13439 2454/13440
f 554/13441 2454/13442 1696/13443
f 1900/13444 1113/13445 1400/13446
f 694/13447 478/13448 1381/13449
f 2443/13450 1902/13451 1900/13452
f 1625/13453 1907/13454 365/13455
f 1907/13456 1906/13457 115/13458
f 1906/13459 636/13460 115/13461
f 365/13462 115/13463 729/13464
f 1903/13465 1910/13466 2541/13467
f 1910/13468 1336/13469 2541/13470
f 2541/13471 2309/13472 2214/13473
f 1905/13474 1906/13475 1907/13476
f 1546/13477 671/13478 282/13479
f 2228/13480 1910/13481 1903/13482
f 1906/13483 1903/13484 636/13485
f 2228/13486 1908/13487 1910/13488
f 2176/13489 2480/13490 1908/13491
f 728/13492 1169/13493 1911/13494
f 2369/13495 664/13496 1954/13497
f 1169/13498 2480/13499 440/13500
f 440/13501 1912/13502 1778/13503
f 1912/13504 1170/13505 1778/13506
f 1914/13507 1912/13508 680/13509
f 1913/13510 1914/13511 680/13512
f 1376/13513 2444/13514 1915/13515
f 1915/13516 2444/13517 1337/13518
f 2119/13519 1915/13520 666/13521
f 1376/13522 1915/13523 1115/13524
f 1916/13525 1117/13526 242/13527
f 2096/13528 1916/13529 2098/13530
f 242/13531 2098/13532 1916/13533
f 1918/13534 1117/13535 367/13536
f 367/13537 1117/13538 1919/13539
f 1116/13540 1917/13541 367/13542
f 1116/13543 367/13544 368/13545
f 2445/13546 1580/13547 597/13548
f 2213/13549 2445/13550 1918/13551
f 1923/13552 1917/13553 1922/13554
f 639/13555 1924/13556 2211/13557
f 638/13558 2273/13559 2296/13560
f 1119/13561 1925/13562 638/13563
f 1407/13564 2044/13565 2537/13566
f 1119/13567 638/13568 370/13569
f 1927/13570 1520/13571 168/13572
f 2446/13573 1927/13574 168/13575
f 1383/13576 2446/13577 168/13578
f 264/13579 1928/13580 1929/13581
f 2446/13582 264/13583 1927/13584
f 1928/13585 74/13586 370/13587
f 1930/13588 74/13589 1928/13590
f 1933/13591 1931/13592 371/13593
f 106/13594 1933/13595 1524/13596
f 1121/13597 371/13598 1934/13599
f 1502/13600 372/13601 1935/13602
f 374/13603 1123/13604 1936/13605
f 743/13606 1316/13607 1983/13608
f 733/13609 2356/13610 1356/13611
f 373/13612 2358/13613 1122/13614
f 374/13615 1936/13616 1122/13617
f 2363/13618 2232/13619 2290/13620
f 1936/13621 2447/13622 1122/13623
f 2475/13624 421/13625 2049/13626
f 2475/13627 2049/13628 175/13629
f 669/13630 1888/13631 2436/13632
f 1247/13633 1888/13634 669/13635
f 2118/13636 2117/13637 1950/13638
f 2458/13639 670/13640 2117/13641
f 1210/13642 2459/13643 1955/13644
f 2112/13645 2459/13646 2116/13647
f 170/13648 2114/13649 2115/13650
f 2115/13651 2113/13652 72/13653
f 502/13654 175/13655 2498/13656
f 157/13657 2116/13658 2114/13659
f 2112/13660 1956/13661 2459/13662
f 2498/13663 2050/13664 1909/13665
f 1211/13666 2111/13667 2112/13668
f 1909/13669 2050/13670 174/13671
f 2050/13672 656/13673 174/13674
f 2049/13675 2499/13676 501/13677
f 175/13678 2049/13679 2050/13680
f 1982/13681 2166/13682 2534/13683
f 2534/13684 422/13685 1108/13686
f 421/13687 1201/13688 2499/13689
f 1247/13690 669/13691 421/13692
f 693/13693 27/13694 2127/13695
f 2086/13696 1883/13697 1212/13698
f 2128/13699 2533/13700 2108/13701
f 1452/13702 165/13703 226/13704
f 2532/13705 1495/13706 490/13707
f 836/13708 2532/13709 165/13710
f 2107/13711 226/13712 2531/13713
f 2531/13714 226/13715 1390/13716
f 2107/13717 2531/13718 1214/13719
f 1592/13720 2107/13721 1214/13722
f 1215/13723 2105/13724 1220/13725
f 2103/13726 1217/13727 1220/13728
f 1218/13729 2102/13730 1088/13731
f 2102/13732 1219/13733 211/13734
f 2101/13735 1220/13736 1219/13737
f 1950/13738 2143/13739 1209/13740
f 2458/13741 2117/13742 2118/13743
f 2334/13744 1713/13745 1482/13746
f 2052/13747 410/13748 2053/13749
f 410/13750 708/13751 2053/13752
f 2053/13753 708/13754 2501/13755
f 495/13756 2503/13757 2502/13758
f 495/13759 2073/13760 2054/13761
f 2503/13762 2051/13763 1369/13764
f 2502/13765 2503/13766 549/13767
f 659/13768 481/13769 657/13770
f 657/13771 481/13772 482/13773
f 2054/13774 659/13775 657/13776
f 88/13777 481/13778 659/13779
f 481/13780 88/13781 2056/13782
f 482/13783 2056/13784 2504/13785
f 657/13786 482/13787 410/13788
f 2506/13789 2057/13790 2058/13791
f 2057/13792 701/13793 2046/13794
f 2057/13795 2046/13796 2507/13797
f 1643/13798 1243/13799 2059/13800
f 2059/13801 2060/13802 64/13803
f 485/13804 2078/13805 1243/13806
f 1243/13807 2078/13808 2059/13809
f 2060/13810 1242/13811 2505/13812
f 1242/13813 701/13814 2505/13815
f 2505/13816 701/13817 2506/13818
f 1315/13819 2061/13820 2060/13821
f 2206/13822 2061/13823 1315/13824
f 1242/13825 699/13826 701/13827
f 411/13828 2509/13829 519/13830
f 1240/13831 2510/13832 2302/13833
f 2062/13834 2197/13835 2065/13836
f 2197/13837 2358/13838 2510/13839
f 1241/13840 2065/13841 2064/13842
f 2511/13843 2069/13844 2202/13845
f 2202/13846 2066/13847 2067/13848
f 1382/13849 1238/13850 1239/13851
f 1850/13852 2068/13853 2511/13854
f 484/13855 2070/13856 1237/13857
f 1986/13858 166/13859 425/13860
f 227/13861 2070/13862 484/13863
f 1986/13864 2086/13865 1212/13866
f 2071/13867 2334/13868 2354/13869
f 542/13870 531/13871 9/13872
f 119/13873 2073/13874 495/13875
f 2075/13876 119/13877 495/13878
f 710/13879 2502/13880 1236/13881
f 1515/13882 2074/13883 2076/13884
f 2077/13885 1379/13886 1380/13887
f 591/13888 2072/13889 2075/13890
f 2291/13891 485/13892 1235/13893
f 2079/13894 695/13895 485/13896
f 538/13897 1416/13898 665/13899
f 1416/13900 420/13901 665/13902
f 2099/13903 2193/13904 420/13905
f 45/13906 46/13907 1388/13908
f 1843/13909 358/13910 2418/13911
f 1102/13912 1243/13913 2360/13914
f 1989/13915 2291/13916 1885/13917
f 1989/13918 485/13919 2291/13920
f 2268/13921 2368/13922 2434/13923
f 2368/13924 1629/13925 1989/13926
f 2368/13927 1989/13928 2434/13929
f 1989/13930 2079/13931 485/13932
f 2207/13933 2418/13934 2269/13935
f 2207/13936 1845/13937 2418/13938
f 2100/13939 2099/13940 420/13941
f 1438/13942 695/13943 2079/13944
f 1234/13945 2062/13946 2080/13947
f 2514/13948 1234/13949 1233/13950
f 1234/13951 694/13952 2062/13953
f 694/13954 2197/13955 2062/13956
f 2080/13957 2062/13958 412/13959
f 2513/13960 1234/13961 2080/13962
f 2513/13963 2080/13964 412/13965
f 1511/13966 2289/13967 1711/13968
f 665/13969 424/13970 1923/13971
f 778/13972 1710/13973 1233/13974
f 1923/13975 424/13976 1118/13977
f 1610/13978 665/13979 1923/13980
f 1710/13981 2289/13982 1233/13983
f 267/13984 374/13985 2081/13986
f 2081/13987 694/13988 2082/13989
f 267/13990 2082/13991 2289/13992
f 2083/13993 1232/13994 1231/13995
f 1232/13996 1382/13997 1231/13998
f 2515/13999 2083/14000 1230/14001
f 1208/14002 1115/14003 1914/14004
f 1914/14005 1115/14006 2119/14007
f 1208/14008 1914/14009 637/14010
f 1115/14011 1915/14012 2119/14013
f 1914/14014 2119/14015 1912/14016
f 2084/14017 1382/14018 1232/14019
f 1382/14020 227/14021 1238/14022
f 1231/14023 1849/14024 245/14025
f 1230/14026 2083/14027 1231/14028
f 532/14029 2515/14030 1230/14031
f 532/14032 1230/14033 2085/14034
f 413/14035 414/14036 2084/14037
f 413/14038 2084/14039 2083/14040
f 86/14041 2196/14042 414/14043
f 1505/14044 1441/14045 414/14046
f 86/14047 1460/14048 2196/14049
f 2297/14050 415/14051 725/14052
f 661/14053 415/14054 2297/14055
f 166/14056 2297/14057 1703/14058
f 1212/14059 1883/14060 1884/14061
f 1883/14062 884/14063 1884/14064
f 417/14065 1229/14066 416/14067
f 416/14068 1229/14069 1516/14070
f 1427/14071 2087/14072 2517/14073
f 1564/14074 2516/14075 1228/14076
f 2098/14077 241/14078 2529/14079
f 2098/14080 1576/14081 167/14082
f 2098/14083 2529/14084 1576/14085
f 1601/14086 2096/14087 685/14088
f 2516/14089 2517/14090 1228/14091
f 1221/14092 913/14093 2528/14094
f 1221/14095 1588/14096 913/14097
f 813/14098 692/14099 2088/14100
f 1367/14101 652/14102 2055/14103
f 2088/14104 120/14105 2087/14106
f 1222/14107 1221/14108 2528/14109
f 618/14110 2384/14111 2120/14112
f 1982/14113 2384/14114 618/14115
f 1343/14116 1625/14117 1976/14118
f 1705/14119 1222/14120 573/14121
f 767/14122 2122/14123 996/14124
f 2122/14125 767/14126 1202/14127
f 2122/14128 1202/14129 474/14130
f 474/14131 1202/14132 766/14133
f 1766/14134 1767/14135 2536/14136
f 40/14137 2089/14138 164/14139
f 1326/14140 505/14141 1356/14142
f 218/14143 2089/14144 40/14145
f 164/14146 503/14147 579/14148
f 2430/14149 1558/14150 91/14151
f 1555/14152 41/14153 1558/14154
f 2090/14155 1227/14156 690/14157
f 2518/14158 578/14159 1227/14160
f 418/14161 1224/14162 1226/14163
f 1226/14164 1225/14165 2294/14166
f 2520/14167 688/14168 2519/14169
f 2094/14170 2520/14171 2519/14172
f 780/14173 2519/14174 1514/14175
f 284/14176 2094/14177 606/14178
f 1767/14179 988/14180 2125/14181
f 284/14182 892/14183 2094/14184
f 419/14185 2304/14186 2093/14187
f 419/14188 2093/14189 662/14190
f 2093/14191 102/14192 2446/14193
f 538/14194 665/14195 1610/14196
f 2304/14197 102/14198 2093/14199
f 102/14200 264/14201 2446/14202
f 1609/14203 538/14204 1610/14205
f 1206/14206 1609/14207 1598/14208
f 2317/14209 1206/14210 1598/14211
f 1206/14212 538/14213 1609/14214
f 2535/14215 1503/14216 2123/14217
f 506/14218 1223/14219 2522/14220
f 1223/14221 2095/14222 2521/14223
f 668/14224 1872/14225 1870/14226
f 2535/14227 2123/14228 1704/14229
f 506/14230 2522/14231 540/14232
f 282/14233 2533/14234 1407/14235
f 2524/14236 1842/14237 574/14238
f 2524/14239 2523/14240 1842/14241
f 2523/14242 2095/14243 1223/14244
f 2523/14245 506/14246 1842/14247
f 282/14248 1407/14249 1926/14250
f 2526/14251 1462/14252 2525/14253
f 2533/14254 2044/14255 1407/14256
f 1432/14257 2095/14258 2523/14259
f 1493/14260 486/14261 1432/14262
f 1493/14263 2526/14264 486/14265
f 1462/14266 686/14267 2525/14268
f 2095/14269 2525/14270 687/14271
f 2095/14272 486/14273 2525/14274
f 2537/14275 2527/14276 2124/14277
f 2535/14278 1704/14279 2537/14280
f 2224/14281 219/14282 672/14283
f 1729/14284 1267/14285 974/14286
f 2437/14287 2360/14288 1643/14289
f 672/14290 219/14291 1630/14292
f 2544/14293 2151/14294 1186/14295
f 2150/14296 674/14297 2151/14298
f 431/14299 2132/14300 801/14301
f 2132/14302 428/14303 801/14304
f 435/14305 675/14306 223/14307
f 430/14308 428/14309 2136/14310
f 801/14311 428/14312 1630/14313
f 434/14314 435/14315 2150/14316
f 2151/14317 434/14318 2150/14319
f 676/14320 2033/14321 1188/14322
f 676/14323 1188/14324 504/14325
f 423/14326 427/14327 2326/14328
f 1940/14329 658/14330 2362/14331
f 2002/14332 2148/14333 2147/14334
f 2147/14335 675/14336 435/14337
f 1199/14338 487/14339 1406/14340
f 2543/14341 2130/14342 487/14343
f 172/14344 675/14345 2148/14346
f 2130/14347 2129/14348 1200/14349
f 674/14350 432/14351 2129/14352
f 172/14353 2146/14354 675/14355
f 2543/14356 674/14357 2130/14358
f 2001/14359 68/14360 1200/14361
f 432/14362 210/14363 2129/14364
f 2527/14365 2273/14366 2124/14367
f 661/14368 1884/14369 660/14370
f 661/14371 660/14372 162/14373
f 660/14374 2127/14375 1249/14376
f 1208/14377 1201/14378 1376/14379
f 2119/14380 2126/14381 426/14382
f 440/14383 1778/14384 1169/14385
f 1011/14386 1401/14387 1009/14388
f 1401/14389 617/14390 1009/14391
f 767/14392 996/14393 999/14394
f 2146/14395 1187/14396 223/14397
f 2408/14398 236/14399 1828/14400
f 2146/14401 432/14402 1187/14403
f 2146/14404 210/14405 432/14406
f 766/14407 254/14408 1766/14409
f 988/14410 255/14411 2125/14412
f 1203/14413 2533/14414 282/14415
f 1203/14416 671/14417 2533/14418
f 166/14419 1204/14420 425/14421
f 1198/14422 2131/14423 2538/14424
f 2134/14425 429/14426 1198/14427
f 1286/14428 1013/14429 2386/14430
f 2500/14431 2539/14432 2037/14433
f 2134/14434 2140/14435 429/14436
f 2140/14437 2134/14438 1197/14439
f 2224/14440 2135/14441 2134/14442
f 2540/14443 1399/14444 133/14445
f 2135/14446 2224/14447 673/14448
f 2138/14449 1903/14450 2541/14451
f 673/14452 2224/14453 430/14454
f 1198/14455 2538/14456 219/14457
f 2224/14458 1198/14459 219/14460
f 220/14461 1196/14462 2136/14463
f 673/14464 430/14465 1196/14466
f 646/14467 2542/14468 2541/14469
f 1196/14470 430/14471 2136/14472
f 1630/14473 428/14474 672/14475
f 2136/14476 428/14477 2132/14478
f 1114/14479 1911/14480 158/14481
f 354/14482 2204/14483 2379/14484
f 1195/14485 431/14486 1635/14487
f 1194/14488 2137/14489 2139/14490
f 2137/14491 1194/14492 1195/14493
f 2139/14494 2137/14495 497/14496
f 1132/14497 644/14498 239/14499
f 644/14500 2139/14501 239/14502
f 644/14503 1193/14504 2139/14505
f 1194/14506 1193/14507 220/14508
f 646/14509 1904/14510 2542/14511
f 2142/14512 1192/14513 1209/14514
f 1192/14515 644/14516 1209/14517
f 644/14518 1132/14519 1950/14520
f 220/14521 221/14522 2135/14523
f 220/14524 1193/14525 221/14526
f 1189/14527 221/14528 121/14529
f 2135/14530 221/14531 2037/14532
f 2037/14533 221/14534 1189/14535
f 1197/14536 2037/14537 2140/14538
f 2037/14539 1189/14540 1191/14541
f 2133/14542 2500/14543 2037/14544
f 2539/14545 2500/14546 2133/14547
f 222/14548 1190/14549 2145/14550
f 2332/14551 617/14552 2387/14553
f 2228/14554 1905/14555 1909/14556
f 2332/14557 1762/14558 617/14559
f 1190/14560 222/14561 28/14562
f 2142/14563 1209/14564 121/14565
f 221/14566 2142/14567 121/14568
f 1905/14569 2227/14570 1909/14571
f 2144/14572 121/14573 667/14574
f 1191/14575 2144/14576 1190/14577
f 1189/14578 121/14579 2144/14580
f 121/14581 2143/14582 667/14583
f 2122/14584 2091/14585 996/14586
f 2144/14587 667/14588 212/14589
f 2150/14590 1187/14591 674/14592
f 1188/14593 1185/14594 2153/14595
f 2544/14596 1186/14597 1185/14598
f 1302/14599 1303/14600 128/14601
f 2245/14602 2377/14603 1304/14604
f 547/14605 504/14606 2153/14607
f 2305/14608 716/14609 1184/14610
f 1185/14611 2145/14612 2153/14613
f 2305/14614 1184/14615 1171/14616
f 2155/14617 2154/14618 1898/14619
f 1183/14620 437/14621 123/14622
f 678/14623 390/14624 1182/14625
f 733/14626 1356/14627 2429/14628
f 2356/14629 1326/14630 1356/14631
f 1726/14632 541/14633 732/14634
f 2305/14635 2156/14636 1183/14637
f 2156/14638 2155/14639 1183/14640
f 2161/14641 2305/14642 1183/14643
f 2547/14644 2155/14645 2156/14646
f 2019/14647 1240/14648 2302/14649
f 2156/14650 2546/14651 2545/14652
f 2302/14653 2552/14654 2019/14655
f 678/14656 2547/14657 2545/14658
f 2155/14659 2547/14660 122/14661
f 547/14662 2153/14663 212/14664
f 440/14665 2480/14666 2176/14667
f 504/14668 655/14669 676/14670
f 1313/14671 1051/14672 2416/14673
f 2548/14674 2218/14675 1663/14676
f 2549/14677 2218/14678 2551/14679
f 2232/14680 2552/14681 2290/14682
f 2150/14683 223/14684 1187/14685
f 2067/14686 1252/14687 1080/14688
f 674/14689 1186/14690 2151/14691
f 504/14692 1188/14693 2153/14694
f 1188/14695 2544/14696 1185/14697
f 2545/14698 2547/14699 2156/14700
f 2447/14701 1244/14702 373/14703
f 2273/14704 2469/14705 882/14706
f 1744/14707 2469/14708 2274/14709
f 390/14710 678/14711 2157/14712
f 1625/14713 2227/14714 1905/14715
f 678/14716 2158/14717 2157/14718
f 2451/14719 1444/14720 306/14721
f 2161/14722 679/14723 2162/14724
f 1977/14725 1155/14726 1980/14727
f 1353/14728 1980/14729 2477/14730
f 1178/14731 2555/14732 679/14733
f 1145/14734 1146/14735 1351/14736
f 2166/14737 618/14738 1178/14739
f 679/14740 2166/14741 1178/14742
f 1145/14743 1351/14744 2467/14745
f 1350/14746 2164/14747 2555/14748
f 525/14749 1350/14750 384/14751
f 2554/14752 1178/14753 186/14754
f 2555/14755 1012/14756 2553/14757
f 458/14758 846/14759 1465/14760
f 1984/14761 2295/14762 1080/14763
f 1973/14764 1972/14765 1465/14766
f 2556/14767 2055/14768 2465/14769
f 2172/14770 2110/14771 2160/14772
f 436/14773 2172/14774 2158/14775
f 1183/14776 123/14777 2161/14778
f 123/14779 1106/14780 2109/14781
f 123/14782 1179/14783 1107/14784
f 679/14785 63/14786 2163/14787
f 2165/14788 730/14789 1179/14790
f 1109/14791 2165/14792 1179/14793
f 648/14794 2165/14795 1151/14796
f 2173/14797 2171/14798 436/14799
f 2551/14800 2567/14801 2549/14802
f 2169/14803 2159/14804 2173/14805
f 381/14806 1355/14807 2174/14808
f 1174/14809 125/14810 439/14811
f 800/14812 1175/14813 1354/14814
f 439/14815 1142/14816 2174/14817
f 1142/14818 381/14819 2174/14820
f 124/14821 2464/14822 1173/14823
f 1173/14824 2464/14825 161/14826
f 1173/14827 1142/14828 439/14829
f 2170/14830 1981/14831 438/14832
f 2159/14833 2169/14834 1176/14835
f 125/14836 2305/14837 2175/14838
f 1176/14839 1355/14840 1175/14841
f 1978/14842 1979/14843 557/14844
f 1177/14845 716/14846 2162/14847
f 1171/14848 1184/14849 716/14850
f 2167/14851 2162/14852 2163/14853
f 2167/14854 1177/14855 2162/14856
f 2163/14857 124/14858 2167/14859
f 2546/14860 125/14861 2168/14862
f 116/14863 2178/14864 2180/14865
f 2177/14866 1349/14867 1968/14868
f 2557/14869 2177/14870 441/14871
f 680/14872 440/14873 2176/14874
f 174/14875 224/14876 1908/14877
f 2189/14878 1349/14879 681/14880
f 2559/14881 1349/14882 2189/14883
f 1407/14884 1120/14885 1926/14886
f 1168/14887 445/14888 443/14889
f 2180/14890 2558/14891 444/14892
f 444/14893 2558/14894 2181/14895
f 2206/14896 1315/14897 2418/14898
f 2019/14899 2064/14900 1240/14901
f 442/14902 2183/14903 2558/14904
f 443/14905 2180/14906 444/14907
f 1168/14908 443/14909 444/14910
f 446/14911 1393/14912 2187/14913
f 2187/14914 1394/14915 682/14916
f 2179/14917 1394/14918 2187/14919
f 126/14920 2181/14921 2558/14922
f 1126/14923 2230/14924 640/14925
f 126/14926 1272/14927 2181/14928
f 1961/14929 2185/14930 441/14931
f 204/14932 446/14933 447/14934
f 613/14935 1748/14936 1750/14937
f 1748/14938 613/14939 1273/14940
f 1393/14941 127/14942 2179/14943
f 126/14944 446/14945 1272/14946
f 446/14947 2187/14948 447/14949
f 883/14950 2273/14951 882/14952
f 1501/14953 1704/14954 2123/14955
f 441/14956 2185/14957 2184/14958
f 1392/14959 2461/14960 718/14961
f 2190/14962 2188/14963 2189/14964
f 772/14965 2191/14966 445/14967
f 2190/14968 116/14969 2180/14970
f 2192/14971 2560/14972 943/14973
f 445/14974 2191/14975 443/14976
f 798/14977 1960/14978 772/14979
f 2561/14980 2564/14981 1347/14982
f 1347/14983 2564/14984 1346/14985
f 2561/14986 2455/14987 2562/14988
f 2564/14989 2561/14990 1128/14991
f 2455/14992 500/14993 1128/14994
f 212/14995 2153/14996 1190/14997
