# namaqualand_cliff_02 (Poly Haven, CC0) decimated 194080->5999 tris for mobile; origin = base centre
v -5.8585 0.4428 2.5358
v -3.8304 1.6987 1.8550
v -1.1550 3.6425 0.2175
v -0.6310 3.3191 0.6493
v -0.5762 2.9728 0.7788
v -3.5831 4.4649 -0.9870
v -4.2912 4.3455 0.0699
v -3.8838 4.5466 -1.1693
v -0.8182 5.5976 -1.6575
v -4.9689 1.4335 1.2438
v -4.7904 3.1428 0.8533
v -4.0973 4.5294 -0.4328
v 2.8874 2.5552 1.2902
v -6.5875 1.1261 1.3264
v -6.5295 1.2305 1.2472
v -6.8583 1.0463 1.3820
v -7.2611 1.1783 1.4452
v -7.3203 1.0411 1.4609
v -7.1716 1.0258 1.4780
v 8.4413 3.7962 0.4909
v 8.3398 4.0485 0.2734
v 7.8748 3.2987 1.1260
v 7.6564 3.4355 1.0345
v 7.5852 3.8397 0.6580
v 7.8653 3.7208 0.7615
v -9.4945 4.1384 -1.5852
v -10.1006 3.8460 -1.9520
v -9.8296 3.9052 -1.7450
v -8.8459 4.1760 -1.1056
v -9.5276 3.9105 -1.5073
v -8.6482 4.1671 -0.9273
v -9.0615 4.1592 -1.2743
v -8.9732 3.5249 -0.9731
v -9.4516 3.8712 -1.4521
v -9.1189 3.3066 -0.9337
v -8.6884 2.8803 -0.4157
v -9.0045 2.8566 -0.6660
v -8.9224 2.7636 -0.5948
v -9.4547 3.6082 -1.3537
v -9.8391 3.3061 -1.7522
v -9.9601 3.1191 -1.6118
v -9.9730 3.4637 -1.9153
v -9.9036 3.5143 -1.6730
v -9.7184 3.2264 -1.3967
v -9.4675 3.2307 -1.2074
v -9.2712 3.1900 -1.0783
v -9.2281 2.8126 -0.8019
v -9.4196 2.9950 -1.0832
v -9.8073 3.1322 -1.4928
v -9.8099 3.0330 -1.3343
v -9.4645 2.7964 -1.0745
v -9.6534 2.9810 -1.2100
v -9.3903 2.8423 -0.9143
v -9.2497 2.6987 -0.7533
v -9.5264 2.7536 -1.0757
v -8.9617 2.6843 -0.5184
v -9.4451 2.7300 -1.0190
v -9.0104 2.4175 -0.4234
v -9.2712 2.6469 -0.6944
v -8.7039 4.9999 -1.2765
v -8.8221 4.8564 -1.2747
v -8.8953 5.0298 -1.4587
v -8.7982 5.6386 -2.2705
v -8.9638 5.5532 -2.3970
v -8.7371 5.4408 -2.0050
v -8.8289 5.3759 -2.0612
v -8.8876 5.4540 -2.1064
v -8.6710 5.3743 -2.0364
v -9.1335 5.4585 -2.1283
v -9.2678 5.2286 -2.0440
v -9.5323 5.3823 -2.1671
v -9.5336 5.0167 -1.9905
v -9.2171 5.0699 -1.7059
v -8.9857 4.8841 -1.4208
v -9.4010 4.8941 -1.8074
v -9.7288 4.8704 -2.1024
v -8.6813 4.4512 -1.0648
v -9.5116 4.7696 -1.8364
v -8.0732 5.5343 -2.0801
v -9.4438 4.5243 -1.6686
v -8.5626 5.1073 -1.4171
v -8.5400 5.4730 -2.1404
v -8.4661 5.3586 -1.8899
v -8.3974 5.5518 -2.0619
v -9.0749 4.6606 -1.4136
v -9.8438 4.4390 -2.0116
v -7.9062 5.6553 -2.1062
v -8.3613 5.2752 -1.7594
v -8.3393 5.3735 -1.6958
v -8.2414 5.2627 -1.7335
v -8.5118 5.2833 -1.6586
v -8.7343 5.1770 -1.5782
v -3.4081 5.6289 -2.9100
v -3.3449 5.3529 -2.5262
v -3.2916 5.5888 -2.9104
v -3.3681 5.4096 -2.7643
v 6.5075 1.7835 1.7001
v 6.5830 1.7214 1.7613
v 6.7023 1.7619 1.7310
v 6.8298 1.7210 1.7297
v 6.8521 1.8566 1.7201
v 6.6492 2.0909 1.7180
v 7.0839 2.1097 1.7979
v 7.1187 3.0840 1.5111
v 6.8140 3.0925 1.6374
v 6.7865 2.5676 1.7043
v 6.7534 3.2543 1.4029
v 6.8853 3.5178 1.0584
v 6.7869 2.4180 1.7373
v 8.0820 2.9271 1.5269
v 6.8352 2.6325 1.7378
v 7.2960 2.8190 1.6284
v 6.4518 3.0463 1.6800
v 7.2835 2.5573 1.7169
v 7.6303 3.0067 1.5036
v 3.8728 4.5504 0.2415
v 3.9415 4.3959 0.2340
v 3.8690 4.4713 0.2190
v 4.5617 4.2629 0.5159
v 4.0488 4.2579 0.3082
v 4.3229 3.9416 0.4268
v 4.1391 4.1840 0.3176
v 4.1667 4.1667 0.4480
v 6.0126 4.0878 0.6839
v 4.2672 4.5649 0.4950
v 3.7733 4.9270 0.2087
v 3.7356 4.8938 -0.0654
v 3.8409 4.8757 -0.0417
v 3.8180 4.7136 0.2056
v 3.7826 5.0923 -0.0711
v 4.5612 3.9297 0.5597
v 4.1596 4.0570 0.4059
v 4.0051 4.3266 0.4079
v 5.1985 4.1870 0.6861
v 3.6813 4.2840 0.4045
v 4.9473 4.4332 0.5149
v 5.1261 4.2565 0.4844
v 3.8144 5.0618 -0.1887
v 3.2912 4.0866 0.6485
v 3.8506 4.7096 0.0483
v 3.8571 4.5658 0.1534
v 5.5963 4.1863 0.7173
v 3.3918 4.2624 0.5025
v 3.4477 4.0799 0.6020
v 4.0110 5.1360 0.1682
v 3.7097 5.2435 -0.1640
v 4.3358 5.0135 0.1861
v 3.7722 5.1767 -0.2427
v 3.6895 5.4170 -0.1895
v 4.5829 4.4406 0.5522
v 5.0093 4.0912 0.5466
v 5.2336 4.3615 0.4529
v 3.7782 5.3290 -0.0112
v 3.9933 5.6221 -0.1373
v 5.3276 4.4235 0.4286
v 5.4196 4.4197 0.5016
v 3.9250 4.5595 0.4307
v 3.7375 5.7752 -0.3425
v 5.9055 6.7365 -1.3208
v 5.5272 6.8121 -0.9976
v 6.1290 6.7899 -1.4759
v 6.1736 7.1219 -1.5791
v 5.9795 7.0012 -1.5045
v 6.0907 6.8373 -1.3379
v 6.2207 6.8379 -1.5661
v 6.3227 6.9543 -1.5727
v 6.4151 6.8325 -1.5033
v 6.5814 6.8973 -1.6969
v 6.1976 6.9762 -1.6165
v 4.6051 6.7643 -1.9067
v 4.9221 6.7731 -0.7541
v 6.2267 7.0250 -1.5379
v 5.7604 6.7508 -1.0578
v 8.1699 6.0967 -1.0502
v 8.0673 6.3409 -1.2510
v 7.5626 5.9454 -0.8722
v 7.3727 6.4949 -1.2812
v 8.1297 6.4624 -1.4037
v 7.7323 6.4431 -1.3117
v 9.2322 5.6874 -1.1760
v 9.6862 5.3864 -1.3176
v 8.7840 5.7172 -1.0141
v 8.3786 6.0089 -1.0534
v 9.9016 5.4708 -1.2886
v 9.3727 5.3330 -1.1471
v 9.6038 5.2739 -1.2406
v 9.5385 5.1253 -1.2010
v 9.6593 5.2039 -1.1750
v 9.2555 5.4029 -1.1005
v 8.9202 5.3519 -0.9821
v 9.0832 4.9117 -0.9973
v 8.7283 5.4462 -0.9290
v 8.4164 6.2316 -1.2382
v 8.5208 6.3829 -1.4709
v 9.0412 6.3193 -1.7736
v 9.5500 5.0340 -1.1420
v 9.4521 5.8712 -1.4623
v 9.5039 4.8826 -0.7822
v 9.2516 4.8836 -0.8713
v 9.3310 4.9452 -1.0903
v 8.5714 5.2389 -0.8167
v 8.8575 6.1842 -1.3952
v 9.3621 4.7981 -0.6843
v 9.3102 6.0226 -1.5173
v 8.7520 4.8650 -0.8391
v 10.0431 5.6903 -1.4029
v 10.1006 5.8703 -1.4651
v 10.0459 5.8785 -1.5169
v 9.6523 5.9867 -1.5094
v 9.9485 6.0718 -1.6864
v 10.0552 5.9969 -1.5607
v 10.0899 6.0469 -1.6607
v 9.3158 6.2094 -1.6390
v 9.5418 6.1882 -1.6604
v 6.1925 6.3968 -0.9166
v 6.6182 6.2611 -0.9298
v 5.9146 5.8840 -0.4954
v 6.2576 6.0615 -0.6416
v 6.2722 5.5344 -0.3116
v 5.6641 5.6696 -0.2897
v 6.7118 6.0126 -0.7712
v 6.9705 5.6256 -0.5827
v 6.3281 6.6881 -1.2097
v 6.4952 5.6459 -0.5200
v 6.9299 6.4712 -1.1658
v 8.0006 5.7403 -0.7796
v 7.2887 6.3037 -1.0608
v 7.9112 4.7234 -0.0738
v 9.7020 4.5717 -0.2799
v 8.8326 4.0924 0.1771
v 8.5154 4.4517 -0.0133
v 7.7496 4.3612 0.1415
v 8.6967 4.8053 -0.5568
v 7.9486 4.2490 0.2808
v 9.0088 3.8822 0.3414
v 8.0338 5.0721 -0.5954
v 8.1119 3.8968 0.5497
v 7.5242 4.0563 0.4045
v 9.5475 4.2097 0.0656
v 8.3751 4.8337 -0.6838
v 9.2173 4.6246 -0.2569
v 8.0990 4.5148 -0.1947
v 8.2380 5.4919 -0.7396
v 8.5157 4.7864 -0.5494
v 9.7820 4.3843 -0.0843
v 8.1636 4.7952 -0.2578
v 8.5488 5.6682 -0.9080
v 8.0429 4.8776 -0.5405
v 6.0437 6.7486 -1.3660
v 4.8075 6.8527 -2.0185
v 4.9472 6.8136 -1.4576
v 4.9316 6.0050 -0.5206
v 5.3666 5.3517 -0.1122
v 4.5308 5.3777 -0.0067
v 4.6176 5.9527 -0.4854
v 3.8128 5.9868 -0.4881
v 4.2833 5.9302 -0.4669
v 4.3793 5.7878 -0.3560
v 4.3669 6.2783 -0.7546
v 4.2033 6.4731 -0.7067
v 4.0426 6.1181 -0.6735
v 5.1147 5.5645 -0.1916
v 4.4421 6.4635 -0.5655
v 5.4906 5.8829 -0.4200
v 2.9397 0.3432 1.8495
v 5.0042 6.3199 -0.7799
v 4.9115 5.1460 0.0560
v 3.8083 5.5955 -0.2609
v 4.2615 6.2869 -0.8296
v 5.0022 4.7809 0.2160
v 4.3432 6.3942 -0.9705
v 4.1803 6.3909 -0.8270
v 4.3664 6.4154 -0.8539
v 4.3229 6.4404 -0.8694
v 4.5177 6.4381 -0.9263
v 4.8124 6.4998 -0.9252
v 5.1073 6.0433 -0.5783
v 4.2324 5.4300 -0.0119
v 4.3143 6.4368 -0.6602
v 4.1181 5.7335 -0.3201
v 5.9561 6.2037 -0.7458
v 4.5236 6.5162 -0.4356
v 4.4608 6.6171 -0.5948
v 4.3182 6.5057 -0.9211
v 4.2327 6.6404 -0.9085
v 4.2305 6.5751 -0.8354
v 4.3369 6.5664 -1.0147
v 4.7080 6.4787 -0.9205
v 5.0552 6.5962 -0.7351
v 5.3488 6.3182 -0.7846
v 4.6714 6.5475 -0.5410
v 5.1981 5.8789 -0.4110
v 5.1674 6.6880 -0.7429
v 4.8236 6.5650 -0.6078
v 4.9417 6.6453 -0.6172
v 5.1885 6.5753 -0.9934
v 5.3775 6.0724 -0.6043
v 4.7163 6.6663 -0.5422
v 4.3844 6.6295 -1.0947
v 5.5753 6.5867 -0.9928
v 4.7592 5.7002 -0.2765
v 5.3289 6.6140 -1.0341
v 5.5519 6.6642 -1.0270
v 5.3667 6.7283 -0.8581
v 5.8631 6.6308 -1.0456
v 5.8013 6.6972 -1.2121
v 5.7010 6.6896 -1.1927
v 5.7980 5.4121 -0.2005
v 6.1537 5.2222 -0.1904
v 6.4734 4.3847 0.3834
v 3.9708 0.4692 1.9871
v 7.2369 4.4337 0.2095
v 5.2833 5.1469 -0.0207
v 6.3351 4.9968 -0.0857
v 5.8363 5.1102 -0.0703
v 5.7345 4.7947 0.1078
v 6.1806 4.7760 0.0636
v 6.4342 4.6080 0.2350
v 6.2734 4.6301 0.1208
v 6.9070 4.7540 -0.1003
v 6.7975 4.6882 0.1625
v 5.4879 4.6181 0.2668
v 7.2894 4.1603 0.3813
v 5.7804 4.5155 0.2940
v 5.8002 4.4321 0.4345
v 6.9368 4.3957 0.3630
v 5.4647 4.4666 0.3919
v 7.1560 4.7417 0.0366
v 7.4349 4.8043 -0.2910
v 7.3679 4.9702 -0.3061
v 7.7313 4.8008 -0.3907
v 7.5218 4.7839 -0.1678
v 6.6302 5.2676 -0.2511
v 7.0486 4.9614 -0.2162
v 7.0767 5.2445 -0.3207
v 6.9307 4.0765 0.4887
v 7.1755 3.9544 0.4718
v 7.6536 5.2519 -0.4720
v 6.4056 4.1739 0.5719
v 7.7850 4.9872 -0.4539
v 0.2441 4.5575 -0.1290
v 0.3555 4.5558 -0.4836
v 1.2685 4.5331 0.4631
v 0.7717 4.8200 -0.0505
v 0.6234 4.3708 0.2570
v 0.5258 4.7330 -0.1371
v 0.7405 4.7615 0.0684
v 0.8013 4.9023 -0.1160
v 0.7994 4.9715 -0.0505
v 0.8074 4.9907 -0.1973
v 2.5769 4.7683 0.4016
v 0.3453 5.4599 -0.5729
v 0.3669 4.7046 -0.4035
v 0.5365 4.5836 -0.3920
v 0.5256 4.5267 -0.1315
v 1.6452 4.9184 0.4039
v 2.4103 4.5333 0.5819
v 1.8490 5.0298 0.3219
v 2.1106 4.9459 0.3556
v 2.3093 4.9554 0.2830
v 2.4897 4.9501 0.2331
v 0.5204 4.6690 -0.2909
v 0.4988 4.9452 -0.3402
v 0.8224 5.0872 -0.0637
v 0.7507 4.9884 -0.2048
v 1.0128 4.9995 0.1819
v 1.3164 5.0426 0.2789
v 0.9686 5.1932 -0.0399
v 1.1586 5.1676 -0.3565
v 0.8684 5.1929 -0.5632
v 0.7048 5.2329 -0.6380
v 0.3867 5.1561 -0.6033
v 0.4938 5.3267 -0.6499
v -1.3007 3.6360 1.2712
v -1.6551 3.1822 1.3664
v -1.4675 3.1581 1.4307
v -0.9917 2.9585 1.1420
v -1.1448 2.9723 1.1608
v -0.8701 3.0577 1.4186
v -1.3267 3.0930 1.4178
v -1.3695 2.9965 1.2418
v -1.5899 3.1305 1.4136
v -1.6363 3.1550 1.2986
v -1.5042 2.9968 1.2089
v -1.7232 3.1176 1.3918
v -1.5811 3.0260 1.1180
v -1.4517 2.9896 1.3813
v -1.7110 2.9804 1.3469
v -0.8882 3.6229 1.2746
v -1.2094 3.0025 1.3241
v -1.5514 3.6975 1.2516
v -1.0301 2.6601 1.4485
v -1.6827 3.8256 1.2354
v -1.5498 3.9413 1.1809
v -1.5441 4.0225 1.1165
v -2.7000 2.5096 1.4014
v -2.6111 1.9810 1.5989
v -2.6594 2.0458 1.6773
v -3.1577 2.0862 1.6542
v -2.7246 2.4382 1.5469
v -2.6164 2.5185 1.4781
v -2.7948 1.8859 1.6217
v -2.6967 1.8950 1.6858
v -2.5810 2.0097 1.6714
v -2.5940 1.8817 1.6307
v -2.8501 1.9164 1.7198
v -2.8842 1.8543 1.6629
v -2.7791 1.8448 1.7165
v -3.0285 1.8299 1.6687
v -2.5106 1.6568 1.5986
v -2.4122 1.7250 1.7388
v -2.5775 1.7684 1.7420
v -2.6759 2.6952 1.5394
v -2.3569 1.6183 1.6023
v -2.3699 1.5607 1.7011
v -2.3717 1.3919 1.6920
v -2.3246 1.4045 1.8758
v -2.3414 1.3278 1.7684
v -2.5676 2.3845 1.5853
v -2.1219 2.4153 1.5494
v -2.6151 1.7147 1.7408
v -2.5834 1.6219 1.8571
v -2.5205 1.5069 1.6301
v -2.5763 1.5845 1.7082
v -2.5142 1.5430 1.7787
v -2.5543 1.4108 1.6597
v -2.4980 1.2678 1.7684
v -2.6965 2.6279 1.3731
v -2.6218 2.1149 1.5832
v -2.2785 1.1300 2.0283
v -2.6498 2.2103 1.6111
v -2.9300 2.3823 1.6002
v -2.2566 2.6692 1.4983
v -2.4147 2.7890 1.4838
v -2.4646 1.0581 1.9538
v -2.6453 2.4330 1.5631
v -2.5684 2.3668 1.5475
v -2.6539 2.3300 1.5974
v -0.6414 2.8726 0.6252
v -0.5859 2.9727 0.6322
v -0.6008 3.1704 0.5767
v -0.5401 3.3241 1.0304
v -0.4728 3.1666 0.7847
v -0.7435 3.3587 0.4825
v -1.0639 4.0366 0.1822
v -0.7101 3.9500 0.3819
v -0.7548 2.9169 1.1016
v -0.8866 2.9367 1.1089
v -0.6708 3.0496 1.3556
v -0.9197 3.4635 0.3700
v -0.6957 2.9161 1.0526
v -1.4920 3.8052 0.0008
v -1.9278 4.0235 -0.1332
v -0.2724 4.0900 0.4151
v -1.9631 4.3692 -0.2088
v -1.9457 4.0338 0.0757
v -1.4297 3.7615 0.1715
v -1.8056 3.9419 -0.1707
v -1.5925 3.8193 -0.0533
v -1.4085 3.9288 0.8467
v -1.2559 3.8338 1.2108
v -0.8170 3.4952 0.6322
v -2.0332 4.0098 0.2942
v -2.2889 3.9655 0.3773
v -1.5236 3.9088 0.6570
v -1.6746 3.0068 1.1314
v -2.2166 3.8693 0.8902
v -2.0334 3.5672 1.2121
v -1.8740 3.5006 1.2946
v -1.7841 3.3248 1.3603
v -2.2730 3.9000 1.1322
v -2.1579 3.2985 1.3973
v -1.9233 3.4464 1.3092
v -2.6144 3.7140 0.5023
v -2.5308 3.8068 0.8379
v -2.6199 3.5884 0.9875
v -2.5412 3.4911 0.9075
v -2.6677 3.4387 0.9841
v -2.1500 3.8445 1.0706
v -2.5472 3.4096 1.0452
v -2.3449 3.8776 0.9959
v -2.7156 3.3550 0.9756
v -2.6687 3.2846 1.1020
v -2.7470 3.2519 1.0577
v -2.5155 3.3127 0.9591
v -2.4983 3.1588 1.0668
v -2.7173 3.1869 1.0376
v -2.3504 3.9891 0.7741
v -2.1252 3.9091 0.9826
v -2.5176 3.4405 1.3378
v -2.1776 3.6599 1.2481
v -1.7722 3.0778 1.2998
v -2.4312 3.8358 1.0786
v -1.6672 3.1355 1.1756
v -1.7816 3.0132 1.2132
v -1.9655 3.0674 1.4352
v -2.4217 4.0127 0.7356
v -1.8339 3.0469 1.3478
v -1.8514 2.9511 1.3790
v -1.8832 2.9940 1.2602
v -1.9706 2.9698 1.2956
v -2.1741 2.9964 1.3968
v -2.5970 3.6412 0.9503
v -2.0488 3.0037 1.3451
v -2.2830 4.0945 0.7722
v -2.2342 3.8806 0.5529
v -2.2311 3.8066 1.1266
v -2.6702 3.2315 1.2180
v -2.6025 3.1442 1.0822
v -2.5032 3.0817 1.0582
v -2.7179 3.0244 1.1001
v -2.4804 3.8461 0.6709
v -2.3478 2.9851 1.4108
v -2.6993 2.9927 1.1372
v -2.6720 2.9363 1.0386
v -2.4464 2.9455 1.2741
v -2.6731 3.1169 1.1196
v -2.2798 4.0954 0.6060
v -2.5687 2.9855 1.1562
v -2.5507 2.9849 1.2295
v -2.6403 2.8915 1.1494
v -2.1844 3.7837 1.2125
v -2.0939 3.9747 0.8240
v -2.0119 3.6342 1.2588
v -1.7893 3.7589 1.2315
v -2.6047 3.1938 1.4508
v -2.6496 3.0236 1.3334
v -2.6771 2.9394 1.3346
v -2.3808 3.0114 1.4840
v -2.5183 2.9490 1.4402
v -2.6259 2.9504 1.2205
v -2.7453 2.9390 1.2891
v -2.7247 2.8776 1.2618
v -2.6805 2.7331 1.3593
v -2.7192 2.8250 1.2761
v -2.8354 2.9713 1.3736
v -1.9307 3.7871 1.1279
v -1.8270 3.8493 1.1799
v -2.6719 3.6102 1.2120
v -2.3721 3.7355 1.1646
v -2.3358 3.7237 0.6275
v -2.5416 3.6473 0.7433
v -1.7985 3.9946 1.1728
v -2.2899 4.1668 0.8724
v -2.0732 4.1874 1.0434
v -2.2202 3.6975 1.0045
v -2.1661 4.0401 1.1145
v -2.2934 3.7680 0.8906
v -2.5528 3.7993 1.1888
v -2.5830 3.8802 0.9719
v -1.7832 4.1641 1.1066
v -2.3055 3.6711 1.0536
v -1.8538 4.1865 0.8001
v -2.1765 4.1032 0.7748
v -1.9631 2.3147 1.5818
v -0.8212 2.2087 1.5557
v -1.7379 2.2814 1.5797
v -1.1998 1.6002 1.7396
v -1.4016 1.8551 1.6730
v -1.1814 2.1283 1.5943
v -1.6863 1.7185 1.7128
v -2.1263 1.6448 1.7547
v -1.5005 1.6390 1.6674
v -1.5916 1.5981 1.7581
v -1.4907 1.4516 1.8074
v -1.4711 1.4314 1.8791
v -1.7124 1.6545 1.6363
v -1.8160 1.6115 1.7739
v -2.0414 1.5975 1.7798
v -1.9483 1.6823 1.6952
v -2.3119 1.4619 1.8876
v -1.7148 1.5565 1.8191
v -1.9789 1.6076 1.8528
v -1.3541 1.2766 1.8388
v -1.3151 1.2310 1.9290
v -2.1827 1.2906 1.9905
v -2.2236 1.2674 1.8758
v -1.2267 1.2688 1.8385
v -1.2371 1.1473 1.8753
v -2.0891 2.6014 1.5272
v -1.9528 1.3697 1.9696
v -1.7256 2.5758 1.5300
v -1.4534 2.2271 1.5966
v -3.0706 4.7752 -1.0967
v -3.0338 4.8109 -1.0829
v -2.8307 4.8480 -1.0283
v -3.0308 4.2223 -0.1568
v -3.4627 4.4726 0.3170
v -3.3680 4.4634 0.6323
v -3.2319 4.3789 0.6315
v -2.8848 4.3687 -0.8524
v -3.7913 4.4722 -0.9573
v -3.0061 4.0952 0.0102
v -2.9155 4.3417 -0.4394
v -3.3959 4.3824 -0.1745
v -4.3777 4.6173 -1.7990
v -5.2270 4.7593 -1.3144
v -5.7066 5.1918 -1.2056
v -3.3779 4.5017 -0.6702
v -4.6550 4.5872 -1.4178
v -3.1013 4.5350 -0.3495
v -3.6207 4.4790 -1.2771
v -3.7042 4.5956 -1.3950
v -3.4636 4.6718 -1.2460
v -3.3298 4.9879 -1.2634
v -3.1666 4.8794 -1.1616
v -2.7322 5.2899 -1.1658
v -3.6499 5.0698 -1.5187
v -3.3284 5.2580 -1.5441
v -3.1756 5.2418 -1.2987
v -3.7603 4.6223 -0.3055
v -4.0484 4.4657 0.0794
v -3.6963 4.6494 0.1480
v -3.7276 4.4370 0.2542
v -3.6282 4.4732 0.4918
v -3.5318 4.4689 0.6244
v -3.8047 4.4415 0.5303
v -4.3355 4.4298 -0.2059
v -4.2363 4.3400 0.2667
v -3.3577 4.4151 -0.3975
v -3.6179 4.4745 -0.4498
v -4.0258 4.4008 0.3943
v -4.1467 4.3065 0.4271
v -3.0252 4.3163 -0.3584
v -2.8576 4.2182 -0.7822
v -2.2978 4.2457 -0.5895
v -3.3404 5.2471 -2.1701
v -3.4769 4.6431 -0.7292
v -3.2280 4.8626 -0.9621
v -5.6546 4.8710 -1.4763
v -2.7637 4.6408 -0.4770
v -3.2188 4.6448 -0.6114
v -3.4455 4.7950 -1.0045
v -3.4964 5.1158 -1.8250
v -4.2138 4.3217 0.3814
v -4.3517 4.2846 0.2060
v -2.3524 4.6536 -0.9642
v -2.6138 4.2338 -0.7110
v -2.3936 4.3448 -0.7320
v -2.5820 5.4502 -1.5945
v -2.9507 5.3624 -1.4537
v -4.5945 4.7784 -1.7393
v -5.3423 4.8208 -0.9895
v -4.8756 4.6296 -1.1990
v -4.5401 4.4552 -1.0127
v -3.0383 5.3924 -2.0799
v -5.9769 5.1101 -1.1095
v -4.8835 4.8026 -1.0401
v -2.9352 4.4176 -0.5769
v -3.1356 5.3171 -2.2321
v -5.2621 5.5683 -1.3556
v -5.7022 5.1669 -1.2439
v -2.8873 4.6999 -0.5888
v -2.7556 4.5030 -0.6697
v -2.7647 4.6091 -0.8663
v -2.2876 4.7832 -0.8711
v -2.2696 4.6048 -0.9195
v -2.9236 4.7458 -0.9942
v -2.4643 4.6192 -0.7683
v -2.4868 4.8507 -0.8393
v -2.3906 4.8352 -1.0017
v -2.3112 4.7643 -1.0274
v -2.2928 4.8609 -1.0846
v -2.0474 4.7993 -0.8100
v -2.7224 4.4683 -0.8216
v -2.3362 4.5254 -0.9202
v -2.6144 4.8500 -1.0505
v -2.2509 4.9089 -0.9162
v -2.0580 4.9253 -0.7064
v -2.4514 4.8649 -1.1005
v -2.3493 4.8757 -1.0370
v -2.2812 4.9304 -1.0988
v -2.4189 4.9226 -1.0270
v -2.2382 5.0069 -1.1717
v -2.1165 5.0732 -0.8689
v -2.2260 4.9998 -1.0237
v -2.1526 5.0522 -1.3828
v -2.0366 5.0797 -1.3033
v -2.2931 5.1162 -1.1060
v -2.0160 5.0936 -1.0527
v -2.4200 4.3691 -0.7928
v -2.1676 5.2697 -1.3815
v -1.9914 5.1425 -1.4233
v -1.8589 5.1829 -1.4444
v -2.0200 5.3224 -1.4225
v -2.1952 5.4271 -1.3910
v -2.5642 5.3850 -1.2703
v -2.1058 5.4443 -1.5679
v -1.7022 5.3695 -1.4811
v -2.3913 4.5098 -0.9143
v -2.0033 5.4919 -1.8456
v -2.3733 5.3139 -1.1646
v -2.3588 5.4446 -1.4539
v -2.1992 4.5000 -0.5365
v -1.0624 4.7620 -0.4297
v -0.9093 4.7426 -0.2171
v -0.9154 4.7318 -0.3827
v -0.7906 4.7185 -0.3359
v -1.5009 4.8287 -0.6295
v -1.6482 4.8247 -0.7343
v -1.1852 4.7892 -0.4767
v -0.6428 4.6928 -0.3246
v -1.4501 4.7865 -0.6489
v -1.2962 4.8044 -0.5835
v -1.7295 4.8174 -0.7878
v -1.5434 4.7642 -0.5996
v -1.3302 4.7480 -0.4152
v -2.0103 4.5395 -0.4298
v -1.9301 5.1674 -0.7622
v -1.9157 4.8453 -0.8093
v -0.0755 4.5921 -0.1488
v -2.0661 4.6987 -0.8413
v -1.9130 4.7349 -0.8173
v -1.5335 5.2785 -0.7351
v 0.0514 4.5762 -0.5483
v -0.7961 4.4496 0.1471
v -1.1539 4.7130 -0.1639
v -0.6296 4.5939 0.0287
v -1.3352 4.4483 -0.1357
v -1.3203 4.3737 -0.0150
v -0.3580 4.5397 0.1313
v -0.6537 4.2869 0.2461
v -1.0646 4.9806 -0.2598
v -0.9089 4.3145 0.2157
v -0.4938 4.6795 -0.1439
v -0.6344 4.9653 -0.2701
v -0.8351 5.2029 -0.2509
v -1.8290 4.5405 -0.3230
v -1.7956 5.2238 -0.7494
v -1.7050 5.0062 -0.6726
v -1.3517 5.0173 -0.5635
v -1.5987 4.5200 -0.2023
v -1.7867 4.2745 -0.2344
v -0.4857 4.6802 -0.4021
v -1.5237 5.1385 -0.6991
v -1.1845 5.2248 -0.2976
v -1.2987 5.4560 -0.5291
v -0.2936 4.6240 -0.4899
v -1.3568 4.6816 -0.2178
v -0.8172 5.6239 -0.3857
v -2.0747 4.2484 0.9364
v -0.3721 4.8784 -0.3720
v -1.4394 5.3911 -0.9903
v -1.4735 5.3538 -0.7404
v -1.2578 5.4685 -1.1923
v -1.4903 5.3028 -1.5618
v -1.4236 5.3505 -1.5549
v -1.7379 5.2469 -1.0205
v -1.6781 5.2226 -1.4884
v -1.5506 5.3169 -0.7936
v -1.4316 5.3354 -1.3692
v 0.0967 5.2679 -0.5088
v 0.1781 4.8607 -0.5822
v -1.1145 5.5909 -0.6870
v -0.1037 4.7740 -0.4933
v -1.8223 5.1767 -1.2974
v -0.1987 5.1024 -0.4691
v -0.0761 4.5878 -0.5604
v -0.4218 5.2331 -0.3676
v -0.6647 5.6448 -0.3705
v -0.9946 5.6343 -0.5289
v -0.3644 5.6304 -0.3289
v -1.0976 5.5973 -0.8855
v -0.6259 5.7966 -0.5847
v -1.0541 5.5024 -1.5143
v -0.3687 5.6686 -0.3603
v -0.2097 5.6735 -0.3920
v 0.1682 5.6297 -0.4957
v 0.0310 5.6497 -0.4115
v -0.5593 5.7435 -0.4088
v -0.8540 5.7599 -0.7690
v -0.0283 5.6152 -0.4311
v -0.1418 5.8750 -0.6505
v 0.0702 5.7537 -0.8503
v -0.1577 5.0157 -0.4341
v 2.8795 2.1232 1.2978
v 2.4595 2.4921 1.0928
v 2.1138 2.5259 0.9669
v 1.8738 2.5543 1.0470
v 1.3668 2.5877 1.1674
v 1.3070 2.5800 1.2009
v 1.4526 2.4168 1.2240
v 2.5418 2.0523 1.1776
v 2.1360 2.2417 1.0378
v 1.8000 2.2216 1.1621
v 1.9849 2.7099 0.9846
v 2.4125 2.1020 1.1503
v 3.0199 2.4329 1.0997
v 2.9539 2.4374 1.0795
v 2.8636 2.1673 1.2204
v 2.9539 2.1635 1.1053
v 1.6039 2.5970 1.1167
v 2.4234 2.5801 0.9983
v 2.8627 2.4915 1.0915
v 2.6871 2.6099 1.0524
v 2.8754 2.6006 1.0280
v 3.0683 2.5876 1.0732
v 2.8686 2.7655 1.0422
v 2.9422 2.6179 1.1024
v 2.8613 2.6460 1.0576
v 1.2577 2.7245 1.2103
v 2.8726 3.0500 1.0335
v 3.0761 2.8407 1.1293
v 2.7949 2.8434 1.0273
v 2.8944 2.9165 0.9668
v 1.0699 2.7523 1.1750
v -0.3026 2.7564 0.7957
v -0.5436 2.9107 1.3752
v 0.0534 2.7119 1.4636
v -0.1977 2.8619 1.4205
v -0.5463 2.7448 1.4352
v 0.3705 2.5450 1.3610
v -0.4768 2.3722 1.4840
v -0.5083 2.5404 1.4559
v 0.2894 2.4663 1.4681
v 0.5806 2.2474 1.4461
v 0.4575 2.3013 1.4827
v -0.2546 2.4383 1.4995
v 0.4702 2.5276 1.1373
v 0.3578 2.5406 1.2353
v 0.5743 2.1270 1.3091
v 1.0451 2.5847 1.2444
v 0.9918 2.3938 1.3538
v 0.4872 2.4188 1.2797
v 0.2515 2.6242 1.2242
v -0.0566 2.6508 0.9246
v -0.4589 2.8658 0.9392
v -0.0920 2.7531 1.1153
v 0.2207 2.5593 1.0543
v 0.4866 2.7577 1.1127
v 0.5582 2.5653 1.1569
v 0.9163 2.6454 1.2473
v 0.4791 2.7585 1.0492
v 0.3268 2.8737 1.0559
v -0.8598 2.9293 1.3686
v 0.5198 2.8935 0.8229
v 0.5540 2.1479 1.2318
v 0.1284 2.8894 0.8418
v 0.5103 2.8534 0.9368
v 0.6343 2.8506 1.1665
v 0.5578 2.3139 1.1960
v 0.4978 2.2121 1.2028
v 0.4452 2.3919 1.1434
v 0.4228 2.3352 1.1277
v 2.6164 1.5687 1.4132
v 2.8340 1.3626 1.5545
v 2.6690 1.3821 1.4340
v 1.2483 2.1521 1.3401
v 1.8020 1.4567 1.4029
v 2.1643 1.4910 1.3226
v 2.0138 1.0810 1.4285
v 1.3969 1.5083 1.4979
v 1.1945 1.9946 1.4168
v 2.7120 1.8730 1.3018
v 2.1174 1.9143 1.1295
v 1.4140 1.2083 1.5498
v 2.8483 1.6995 1.4617
v 2.8467 1.8349 1.4068
v 2.8151 1.9490 1.2727
v 2.8776 1.9133 1.3913
v 1.9153 1.7302 1.2840
v 2.4061 1.8936 1.2134
v 2.8801 2.0384 1.2910
v 2.2254 1.6340 1.2785
v -0.7668 1.7351 1.6908
v 0.6457 1.5385 1.4000
v 0.6549 1.5252 1.4516
v 1.0897 1.3571 1.5654
v 0.6566 1.3594 1.4659
v 0.6213 1.5309 1.7313
v 0.6444 1.4288 1.4240
v 0.3528 1.5281 1.7497
v -0.0176 1.5644 1.7316
v -0.4821 1.5751 1.7335
v -0.4435 1.3199 1.8093
v -0.6986 1.5592 1.7279
v 0.6631 1.2984 1.5818
v 0.6468 1.2777 1.4550
v 0.6588 1.1445 1.5052
v 0.5894 1.2741 1.8610
v -0.1014 1.9734 1.5883
v 0.5990 1.8300 1.6158
v 0.6445 1.8327 1.4137
v 0.6162 1.7629 1.3293
v 0.5927 1.9820 1.2777
v 0.8624 1.7491 1.4101
v -0.6372 1.7750 1.6810
v -4.4415 2.9071 1.0113
v -4.3173 2.9076 1.3457
v -4.4770 2.8971 1.2335
v -4.4511 2.6868 1.4200
v -4.6488 2.8903 1.2924
v -4.8237 2.8726 1.0512
v -4.7034 2.8904 0.9885
v -4.8087 2.8564 1.2883
v -4.7913 2.7892 0.9773
v -4.8226 2.8369 1.1931
v -4.3898 2.8932 1.3375
v -3.1999 2.5066 1.5635
v -4.3244 2.9163 1.1857
v -4.4045 3.3026 1.2934
v -4.8272 2.7143 1.0898
v -4.8302 2.5665 1.0692
v -4.4242 3.0968 1.3278
v -4.7739 2.7411 0.8435
v -4.8739 2.7580 1.2719
v -4.9019 2.5268 1.4076
v -4.6332 2.9294 0.7921
v -3.6559 2.6079 1.5068
v -3.8627 2.9237 1.3958
v -4.5534 3.3027 1.2455
v -4.3449 2.9170 1.1059
v -4.1141 2.9280 1.3697
v -4.7415 3.7528 0.8916
v -4.7256 3.5419 1.0754
v -4.6910 3.0920 0.9700
v -4.0337 2.8853 1.0419
v -4.2784 3.0339 1.1814
v -3.4916 1.6696 1.8821
v -4.0072 1.6699 1.9029
v -3.4372 1.5362 1.9442
v -3.1230 1.8105 1.6936
v -3.6502 1.5219 1.9655
v -3.8136 1.5699 1.8917
v -3.3298 1.2977 2.0267
v -3.8815 1.3775 1.7530
v -3.9107 1.3901 1.8549
v -3.7132 1.3465 1.8509
v -3.4826 1.3329 1.9707
v -3.5995 1.2175 1.9761
v -3.5762 1.2360 1.8849
v -3.4617 1.2513 2.1710
v -3.7209 1.9787 1.7080
v -3.1829 1.1471 2.2097
v -3.3168 1.1879 2.2584
v -3.3726 1.1735 2.1060
v -3.1364 1.8791 1.7305
v -3.3452 1.1636 1.9593
v -3.7562 1.3207 2.0616
v -3.0968 1.4704 1.9506
v -3.9278 1.4210 2.1195
v -3.6609 1.2862 2.0586
v -3.7360 1.2443 2.1588
v -3.9633 1.2456 2.1007
v -4.1176 1.1545 2.1306
v -3.7574 1.6670 1.8346
v -3.9842 1.9164 1.7500
v -3.6761 1.7460 1.8363
v -3.3852 1.7674 1.8095
v -3.4602 1.9283 1.7049
v -3.4563 2.3678 1.5888
v -2.8931 1.8484 1.7920
v -3.5941 1.7463 1.8227
v -3.4471 1.7831 1.7938
v -3.6765 1.9026 1.6989
v -2.5114 1.2789 1.9783
v -4.9405 1.7266 1.5393
v -4.3816 1.7862 1.8036
v -4.8566 2.1928 1.1298
v -4.1364 1.5378 1.7202
v -4.1807 1.4902 1.6648
v -4.2995 1.4069 1.5587
v -4.6264 1.5934 1.5843
v -4.6615 1.4510 1.4845
v -5.0341 1.6452 1.1726
v -4.9530 1.6190 1.4903
v -4.8689 1.6516 1.1505
v -4.7238 1.5223 1.5164
v -4.9211 1.5284 1.2220
v -4.9606 1.4726 1.3964
v -4.8616 1.5227 1.4590
v -4.9452 1.5320 1.4440
v -4.0652 1.5391 1.7383
v -4.1763 1.3723 1.6066
v -4.0946 1.4145 1.7743
v -4.3291 1.3623 1.6563
v -4.2627 1.4095 1.6877
v -4.8285 1.4457 1.4567
v -4.5290 1.4302 1.5495
v -4.4068 1.4208 1.5625
v -4.4449 2.2610 1.6002
v -4.1415 1.3041 2.0552
v -4.8574 2.1103 1.1577
v -4.9081 2.2159 1.3820
v -4.7606 1.6846 1.5800
v -4.9921 1.4840 1.6237
v -5.2233 1.5294 1.6650
v -4.1530 1.4179 1.9891
v -4.9145 2.3575 1.4590
v -5.2747 1.5664 2.0709
v -4.4124 1.3991 1.8793
v -4.3306 1.3961 1.9022
v -4.8616 1.4444 1.6739
v -4.5725 1.4117 1.7284
v -4.5942 1.4272 2.0127
v -4.8372 1.3855 1.7803
v -4.8740 1.3380 2.0408
v -4.2628 1.2758 1.8444
v -4.2048 1.2757 1.9038
v -4.5394 1.2703 2.0042
v -4.3769 1.3538 2.0692
v -4.2319 1.2510 1.9526
v -4.2134 1.2349 2.0715
v -4.3318 1.2967 1.9604
v -6.6946 3.0313 0.3015
v -4.7865 1.2034 2.1785
v -4.6257 1.3292 2.1365
v -4.6654 1.2629 2.0388
v -4.9988 1.2906 2.0980
v -4.7570 1.2586 2.0647
v -4.9544 1.2562 2.0077
v -5.0246 1.4945 2.0168
v -4.8767 1.4425 1.5173
v -4.9809 1.8995 1.6571
v -4.8716 2.4642 1.3025
v -5.1971 1.2810 1.8142
v -5.1258 1.3368 2.0371
v -5.0779 1.2830 1.9060
v -4.9556 2.0791 1.5516
v -5.2671 1.4059 1.9981
v -5.1580 1.3789 2.0700
v -5.1175 1.4182 2.1695
v -4.9419 2.2208 1.1575
v -4.3667 1.9527 1.7379
v -4.5849 1.9157 1.7335
v -4.8673 1.2398 2.0052
v -4.8551 2.0306 1.1608
v -5.1131 1.1826 1.9500
v -4.0794 2.5450 1.5366
v -4.8838 2.1448 1.5244
v -5.0823 1.2301 1.8789
v -5.2091 1.1534 1.9691
v -4.8273 2.4807 1.0808
v -4.8873 1.7146 1.2876
v -4.8937 1.7558 1.1466
v -4.8479 1.8848 1.1427
v -4.8899 2.4883 1.1004
v -4.1432 1.9217 1.7055
v -3.9522 2.2859 1.6108
v 2.8667 3.3043 0.9797
v 3.0257 3.2644 1.0896
v 2.9014 3.1705 0.8696
v 3.0789 3.0238 1.0961
v 3.0281 4.0018 0.4733
v 2.8183 3.9375 0.4432
v 2.8842 3.7922 0.4847
v 2.9223 3.3152 0.7550
v 2.8315 3.6064 0.7244
v 2.8736 3.4468 0.5903
v 2.8608 3.3423 0.7925
v 2.8284 3.4282 0.9033
v 2.5375 3.3006 0.8873
v 2.8147 3.3371 0.8318
v 2.6976 3.4086 0.8803
v 2.0487 3.4991 0.7491
v 2.0346 3.0647 0.8210
v 1.7509 3.6028 0.6979
v 3.0195 3.3905 0.9161
v 3.0496 3.3906 0.7763
v 1.8524 3.5062 0.7115
v 2.3480 4.2034 0.7044
v 3.0278 3.3235 0.6385
v 2.8271 4.0872 0.3965
v 3.0107 4.1333 0.4374
v 2.7389 4.1689 0.3987
v 2.8040 3.0804 0.9729
v 2.2313 2.5786 0.9637
v 2.8997 4.1438 0.4974
v 2.9908 4.2017 0.5015
v 2.8758 4.2994 0.4292
v 3.0384 3.9037 0.5302
v 1.6943 4.3243 0.5525
v 3.0652 3.6655 0.5887
v 1.7204 3.2231 0.8493
v 2.8160 3.8349 0.4656
v 2.6963 4.0518 0.7516
v 2.7179 3.6919 0.8400
v 2.1416 3.9080 0.7151
v 2.8717 3.6140 0.5312
v 3.0496 3.5330 0.6705
v 3.0135 3.5144 0.9452
v 2.9811 3.6558 0.5804
v 3.2028 3.9177 0.7708
v 3.0012 3.8765 0.7364
v 3.2383 4.0959 0.7287
v 3.0450 4.2009 0.6105
v 2.9888 4.1580 0.6158
v 0.2123 4.5819 -0.6051
v -0.4309 3.0444 0.8197
v 0.0386 3.0475 0.8604
v 1.0046 3.8179 0.8044
v 0.6013 3.8552 0.5576
v 0.6884 3.8061 0.7696
v 0.9500 3.8232 0.6484
v 0.5277 3.1707 0.6236
v 0.5268 3.0399 0.8525
v 0.4966 3.2427 1.0702
v 0.9339 2.9814 1.0812
v 0.4834 2.9577 1.0897
v 0.3099 2.8771 0.7133
v 0.5144 3.6309 0.8794
v -0.0298 2.8400 0.8901
v 0.5229 3.2593 0.7595
v 0.8282 3.3303 0.9710
v 0.5478 3.7914 0.5314
v 0.8410 3.8221 0.6149
v 1.0633 3.9572 0.5630
v 1.5309 3.6742 0.7418
v 1.2499 3.8647 0.7273
v 1.3797 3.8439 0.6694
v -0.4204 3.1611 1.3385
v -0.4271 3.0385 1.0174
v 1.3632 3.4420 0.8757
v 0.3959 4.1375 0.2946
v 0.2685 3.9838 0.4687
v 0.5134 3.5939 0.6476
v 0.5473 3.9462 0.3484
v 0.5179 3.7628 0.6666
v -0.3687 3.0329 0.7141
v 0.0980 4.2241 0.2898
v 0.4670 4.4169 0.0319
v 0.5937 4.3111 0.1978
v -0.5804 3.3997 1.3271
v -0.8464 3.2699 1.3837
v -0.7429 3.1118 1.4215
v -0.5996 2.9724 1.0699
v -0.2256 3.5377 0.6969
v -0.5418 3.8340 0.5068
v 0.6865 4.5547 0.0742
v 0.5957 4.5364 0.0062
v 0.2357 4.3964 0.1323
v 1.4114 4.0135 0.5428
v -2.7981 4.3427 -0.1573
v -4.2351 4.2539 0.5009
v -4.6860 3.3023 0.7405
v -4.7402 3.1806 1.0531
v -4.0470 3.0328 0.7682
v -4.6589 3.1057 0.7989
v -4.1890 2.8955 1.1179
v -4.5472 3.0292 0.6297
v -4.5410 3.0084 0.7313
v -4.0756 3.2787 0.7045
v -4.6471 2.9762 0.6252
v -2.7767 3.6718 0.9760
v -4.5000 2.9347 0.8209
v -4.5101 2.9510 0.9146
v -2.7388 3.4798 0.9352
v -4.0611 3.4541 0.8134
v -2.7387 3.4825 1.0138
v -2.7854 2.9395 1.0614
v -3.9987 2.9280 0.9686
v -3.7073 2.8875 0.8981
v -3.9292 2.8692 0.9402
v -3.9894 2.8632 0.8264
v -2.9062 2.9366 1.0766
v -4.5417 2.9013 0.9731
v -4.7141 3.5150 0.7058
v -4.6624 3.8197 0.7417
v -4.7401 2.8717 0.7933
v -4.1728 3.7183 0.7109
v -4.1887 3.8086 0.5547
v -4.4398 3.7378 0.9683
v -4.7093 3.9933 0.8220
v -4.6204 3.9173 0.7518
v -4.6191 4.1221 0.6209
v -4.6676 4.1532 0.7625
v -4.2649 3.8594 0.8352
v -4.1341 3.5097 0.6389
v -4.2962 3.6665 0.9299
v -4.0993 3.8809 0.6448
v -4.2522 4.0535 0.7512
v -4.1334 4.0182 0.5365
v -4.4308 4.2954 0.7455
v -3.0070 3.2235 1.0157
v -2.8655 2.9822 1.0888
v -2.8426 2.7342 1.4742
v -4.3990 4.2372 0.3202
v -3.8907 3.6369 0.6971
v -3.7326 4.2205 0.6420
v -3.1894 2.9590 1.3931
v -4.1530 4.1858 0.4944
v -3.2237 4.2406 -0.3126
v -2.8905 4.0393 0.4095
v -4.9917 4.4274 -0.4124
v -2.7045 3.5711 0.7999
v -2.7477 3.6809 0.8070
v -2.5597 3.7673 0.3416
v -2.5034 3.7695 0.0773
v -2.7839 3.9423 0.8957
v -2.7938 3.9324 0.6490
v -2.9085 4.1291 0.6770
v -3.3063 3.8603 0.8684
v -2.6967 3.9207 0.6017
v -4.4889 4.4653 -0.4639
v -2.7636 3.9236 -0.0371
v -3.0383 4.1226 -0.2244
v -2.8949 4.0217 -0.1056
v -2.2657 4.0190 0.1942
v -2.7811 3.8324 0.7573
v -3.5359 2.9308 0.9141
v -3.7672 2.9443 1.3636
v -2.9405 4.1202 0.8535
v -2.9089 4.1377 -0.0443
v -2.6492 4.0555 0.1284
v -2.4775 4.2250 -0.1283
v -2.1893 4.1367 -0.2935
v -2.6683 4.2196 -0.6208
v -2.4140 4.1625 -0.3607
v -2.1666 4.1246 0.0152
v -2.2113 4.1872 -0.4522
v -3.5485 2.9260 1.1129
v -3.3012 2.9307 1.0639
v -4.6592 3.2353 0.5990
v -3.5488 2.9582 1.3796
v -2.4281 4.1681 -0.7039
v 1.5950 6.8234 -3.0270
v 2.2807 6.9587 -2.4700
v 4.0985 6.6115 -1.5036
v 1.5214 6.6270 -2.9874
v 2.1476 6.6792 -2.3854
v 2.6394 7.1033 -2.4710
v 2.3358 7.1060 -2.6869
v 1.8095 6.7775 -2.6355
v 1.7117 6.8282 -2.8189
v 1.9180 6.6073 -2.4569
v 3.5846 7.1148 -1.5726
v 4.1220 6.9274 -1.7488
v 4.2824 6.7196 -1.6834
v 4.4317 6.7570 -1.7668
v 4.1242 6.6983 -1.5965
v 1.6432 6.7424 -3.0035
v 4.0674 7.0546 -1.8095
v 0.0266 5.9707 -1.8199
v -0.1872 5.8756 -1.5383
v -2.2436 5.4830 -2.8989
v -1.2755 5.4359 -1.8574
v -2.6483 5.3187 -2.7690
v -3.1765 5.3773 -2.6139
v 1.7135 6.1051 -0.7849
v 1.1619 5.8537 -1.0137
v 0.9493 6.1267 -1.3283
v 1.1078 5.8336 -1.4251
v 1.0457 5.8652 -1.4624
v 0.7981 5.8293 -1.5316
v 0.9799 5.8213 -1.3699
v 1.0724 5.7508 -1.2769
v 0.6525 5.8988 -1.2079
v 0.7347 5.8325 -1.2395
v 0.7860 5.8298 -1.4694
v 0.7348 5.8202 -1.3772
v 1.3999 5.7186 -0.9917
v 1.3818 5.6389 -0.9917
v 1.3085 5.8285 -0.9617
v 1.0578 5.5450 -1.2099
v 0.7317 5.7313 -1.4076
v 1.1977 5.6886 -0.9395
v 0.7424 5.6144 -1.1563
v 0.9617 5.7453 -1.2340
v 0.6644 5.5556 -1.2241
v 1.4417 5.9287 -0.9828
v 1.9450 5.7488 -0.5359
v 1.4651 5.7506 -0.6845
v 3.4064 6.0855 -0.8156
v 3.7291 5.4626 -0.4431
v 3.7294 5.2531 -0.3137
v 3.6315 5.1700 -0.2232
v 1.1088 6.0422 -1.3512
v 1.4899 6.0834 -0.9808
v 1.4998 6.0214 -0.7610
v 1.4146 6.0917 -0.9476
v 1.5302 6.1763 -0.8548
v 2.7234 5.3297 -0.5669
v 2.7280 5.5494 -0.7159
v 2.7462 5.4093 -0.7016
v 2.1689 5.5132 -0.5239
v 2.6744 5.1247 -0.3715
v 2.2528 5.1839 -0.5117
v 2.5572 5.1802 -0.5880
v 2.7436 5.2231 -0.6454
v 1.3476 5.5240 -0.9834
v 1.2194 5.4786 -0.9639
v 1.0690 5.4969 -1.0189
v 1.3512 5.4941 -1.0255
v 1.0134 5.3587 -1.0061
v 1.1937 5.3746 -0.9474
v 1.7903 5.0347 -0.6233
v 3.3175 5.0216 -0.0129
v 2.6728 4.9664 -0.1701
v 2.3079 5.0286 -0.4939
v 2.0337 5.0081 -0.5743
v 2.5724 5.0397 -0.5605
v 3.4563 4.6044 0.2458
v 2.2557 5.6669 -0.5698
v 3.0435 4.9487 0.1053
v 3.2110 5.2947 -0.1929
v 1.6113 5.5754 -0.6703
v 1.7993 5.5522 -0.6029
v 1.4348 5.5358 -0.7812
v 1.4580 5.4880 -0.7910
v 1.5392 5.4591 -0.6941
v 1.4503 5.4772 -0.7002
v 1.8997 5.2849 -0.6031
v 1.4331 5.4794 -0.8467
v 1.0143 5.4657 -1.0548
v 0.6365 5.5221 -0.9882
v 0.5540 5.4166 -0.7693
v 1.2621 5.1519 -0.7442
v 1.1919 5.3191 -0.8050
v 0.9331 5.3134 -0.8025
v 1.0420 5.1793 -0.6275
v 1.2278 6.3393 -1.3170
v 1.7793 6.3331 -1.0064
v 1.9993 6.1420 -0.6893
v 2.6095 5.0702 -0.1262
v 2.3743 5.6745 -0.6061
v 2.7222 5.7068 -0.7522
v 1.6075 6.1943 -1.0583
v 2.5225 5.5041 -0.6305
v 2.6055 5.0429 -0.2699
v 2.4149 4.9741 -0.0546
v 2.2218 4.9738 -0.2844
v 2.0452 5.0542 -0.3559
v 2.5552 5.0323 0.0393
v 2.5555 5.7066 -0.6755
v 2.1145 4.9825 -0.2312
v 1.8594 6.3671 -0.8529
v 1.7780 6.3435 -1.1006
v 1.8563 6.5923 -1.1581
v 1.8890 6.3833 -1.0712
v 2.7074 4.7646 0.0138
v 2.8024 5.8483 -0.7922
v 2.6378 4.6489 0.1962
v 3.2130 4.6685 0.2482
v 3.2605 5.5806 -0.5587
v 2.8371 4.6280 0.2252
v 0.9959 6.4164 -1.6388
v 3.2174 5.6247 -0.7818
v 1.5063 5.1017 -0.7030
v 2.4282 6.2579 -0.7928
v 1.4455 6.3334 -1.0793
v 2.4030 6.0254 -0.7058
v 3.3129 5.6548 -0.6899
v 1.0638 5.5982 -1.0826
v 0.9193 5.8290 -1.2263
v 3.3177 4.1192 0.5248
v 3.1422 4.0944 0.5186
v 2.8393 5.4674 -0.7475
v 3.0768 5.5871 -0.8254
v 2.4572 6.4757 -0.9218
v 2.0888 6.4130 -0.8604
v 3.1860 5.7035 -0.7504
v 2.7775 6.2034 -1.0638
v 2.6682 6.4772 -0.9491
v 2.7527 6.4646 -1.1998
v 2.9995 6.2306 -0.9252
v 3.3794 6.1953 -0.9818
v 3.7570 6.3667 -1.1416
v 3.0922 5.6989 -0.8534
v 3.2178 5.6855 -0.8856
v 2.6939 5.7328 -0.8022
v 3.7672 5.6307 -0.6084
v 3.7449 5.5457 -0.4612
v 3.8157 5.7601 -0.7221
v 3.6677 5.7834 -0.6696
v 3.7963 5.8515 -0.6032
v 3.7335 5.6483 -0.3455
v 3.5191 5.5667 -0.4790
v 2.0595 5.6244 -0.5413
v 3.8259 5.9180 -0.8020
v 3.8305 6.0525 -0.9120
v 3.8152 6.0625 -0.7766
v 3.0140 4.3431 0.3862
v 2.8758 4.3536 0.3346
v 3.4954 5.7191 -0.6001
v 3.0716 4.1911 0.4320
v 3.0207 4.2272 0.4319
v 3.8708 6.1320 -0.9391
v 2.6813 5.8383 -0.7453
v 3.9404 6.1750 -1.0671
v 3.7920 6.1797 -0.9903
v 3.8451 6.1932 -1.0356
v 3.8387 6.2297 -1.1570
v 2.7423 5.8328 -0.8423
v 2.0020 5.9023 -0.6588
v 4.1679 6.2909 -1.0172
v 2.6534 6.0588 -0.7864
v 4.0632 6.2960 -1.1873
v 3.9484 6.3882 -1.2169
v 2.7411 6.0231 -0.8900
v 3.9062 6.4317 -1.0914
v 1.6523 6.5727 -1.2195
v 1.4557 6.4946 -1.2535
v 3.9884 6.3082 -1.0702
v 1.5782 6.5858 -1.3729
v 3.8944 6.2869 -1.1327
v 1.4639 6.5202 -1.7099
v 1.8376 6.6861 -1.7450
v 2.1440 6.7055 -1.4930
v 1.9728 6.6956 -1.5534
v 1.7551 6.7947 -1.4316
v 2.2081 6.6744 -1.4270
v 2.0710 6.7993 -1.2242
v 4.0766 6.4958 -0.9346
v 0.9639 6.4351 -2.5773
v 0.7486 6.3991 -2.1798
v 0.5579 6.1985 -1.7539
v 0.7434 6.1628 -1.5098
v 0.7515 6.3279 -1.7192
v 0.6589 6.1196 -1.2635
v 0.2879 6.1424 -2.0173
v 0.5131 6.1273 -1.3684
v 1.7614 6.8276 -1.7466
v 0.7079 6.0191 -1.4789
v 0.5875 5.9494 -1.3436
v 0.4848 5.9693 -1.2823
v 0.0545 6.0525 -1.5177
v 0.6668 5.9131 -1.3294
v 0.6766 5.8550 -1.3202
v 0.2378 6.1918 -1.6650
v 0.0009 5.9994 -1.6717
v 0.0092 5.9562 -1.6348
v 2.2253 6.8055 -1.2437
v 0.3416 6.0225 -1.2607
v 0.6448 5.9745 -1.1325
v 0.1199 5.9941 -1.3662
v 0.1928 6.0397 -1.3486
v 0.2663 5.9463 -1.2191
v 3.0089 5.7903 -0.8222
v 1.7347 6.8782 -1.4204
v 2.1144 6.5661 -0.9480
v 1.7406 6.9100 -1.5903
v 0.6740 5.5976 -1.3073
v -0.0339 5.7886 -1.3392
v 1.9440 6.8943 -1.2855
v 0.5162 5.8480 -1.2249
v 0.1937 5.5660 -1.3184
v 0.4339 5.4812 -1.2348
v 0.1316 5.6030 -1.2731
v 0.3517 5.4839 -0.8917
v 2.0699 6.5109 -1.1285
v 2.6463 6.5850 -1.0156
v 2.7516 6.5715 -1.2163
v 2.7812 6.5767 -1.3206
v 2.9897 6.5132 -1.1819
v 2.4037 6.6451 -1.4283
v 2.9368 6.6107 -1.3203
v 2.5540 6.6354 -1.3477
v 2.8063 6.6194 -1.3632
v 2.8504 6.6693 -1.3005
v 2.7694 6.6879 -1.3699
v 3.0594 6.6791 -1.2732
v 2.7125 6.6321 -1.2840
v 2.8740 6.7831 -1.3774
v 2.3927 6.9268 -1.2949
v -5.1872 0.3436 2.3430
v -5.2261 0.4768 2.2690
v -4.8890 0.3336 2.4514
v -5.2275 0.5855 2.4378
v -5.2089 0.5983 2.2196
v -5.6955 1.0457 2.2740
v -5.5557 0.9780 2.2274
v -5.6964 1.0756 2.3991
v -5.1909 0.6882 2.3839
v -5.1845 0.4619 2.3127
v -5.0039 0.5235 2.3492
v -4.4686 0.3786 2.5309
v -4.2656 0.6950 2.4496
v -5.1564 1.0870 1.9941
v -5.1567 0.9321 2.1130
v -4.7805 1.0403 2.2167
v -5.0496 1.2011 2.1154
v -5.2391 1.0289 2.0529
v -5.1724 1.2300 2.1849
v -6.2342 1.2257 2.1529
v -6.3155 0.6979 2.3408
v -5.4201 0.4913 2.5233
v -5.4946 0.7445 2.4605
v -5.2656 0.3469 2.4884
v -5.8153 1.0744 2.2749
v -5.8800 0.9764 2.3292
v -5.9464 0.6965 2.4395
v -6.3517 1.2051 2.1120
v -6.3905 0.9964 1.9784
v 4.1196 6.6126 -1.3329
v 3.9953 6.4567 -1.2922
v 3.2732 5.8623 -0.6831
v 3.4027 7.1086 -1.5008
v 3.1927 7.0623 -1.3714
v 3.0087 7.0393 -1.6928
v 3.0608 7.0962 -1.4829
v 2.7910 7.1040 -1.7235
v 2.7750 6.9589 -1.5902
v 2.7103 6.9769 -1.3760
v 2.4820 7.0774 -1.4078
v 2.9840 6.9219 -1.4901
v 2.2382 7.0077 -1.3045
v 1.7511 6.9539 -1.8555
v 3.3904 6.7575 -1.2504
v 3.1234 5.9144 -0.8795
v 3.7301 6.9813 -1.5533
v 3.4451 6.8868 -1.3552
v 2.9909 6.9027 -1.3491
v 2.9138 6.8560 -1.4867
v 2.7586 6.8621 -1.5376
v 3.8591 6.6747 -1.4884
v 3.9823 6.6772 -1.5343
v 3.8302 6.7421 -1.4418
v 2.9951 6.7520 -1.4150
v 3.6592 6.6618 -1.4489
v 3.4249 6.6371 -1.3902
v 3.8486 6.5766 -1.3457
v 3.4472 6.5094 -1.1958
v 1.7522 6.7271 -1.9360
v 1.9078 6.6818 -2.1991
v 2.0242 6.5234 -2.1236
v 1.9965 6.5668 -2.0494
v 3.1237 6.8057 -1.2440
v 1.7588 6.8285 -2.0905
v 2.9490 6.7315 -1.5168
v 3.1327 6.6337 -1.3569
v 3.0960 6.9995 -1.2995
v 1.4242 6.5274 -2.0292
v 2.6628 6.8615 -1.2406
v 2.4511 6.7689 -1.2263
v 2.7632 6.7644 -1.3568
v -4.4210 1.2498 2.1944
v -5.3356 1.0561 2.3508
v -6.3358 1.1143 1.5538
v -6.2041 1.2257 1.5311
v -5.3388 0.6947 2.1061
v -5.0988 0.8091 2.2215
v -4.6372 0.9617 2.3338
v -4.9464 0.9058 2.3037
v -5.5633 0.9292 2.2703
v -5.6402 0.9699 2.3851
v -5.3900 0.7865 2.3585
v -6.5495 4.7461 -0.5609
v -5.4532 0.9819 2.2713
v -5.2992 0.8913 2.0905
v -5.3425 0.7576 2.2657
v -5.4287 0.9245 2.2062
v -5.3422 0.7923 2.0533
v -6.4666 4.7806 -0.4992
v -2.3830 0.7965 2.2442
v -5.2882 0.9105 2.2357
v -4.8260 0.5666 2.4880
v -5.2968 0.9529 2.2228
v -5.2367 0.9583 2.1647
v -2.4490 0.9416 2.0159
v -2.8648 1.0417 2.0961
v -2.2927 0.7967 2.1737
v -2.1109 1.1615 1.9665
v -2.0047 0.9768 1.9861
v -2.7155 0.9220 2.0925
v -1.3187 0.5492 2.2239
v -1.1365 0.5757 2.2679
v -1.1942 0.5840 2.1895
v -1.6228 0.5683 2.1870
v -2.4529 0.8889 2.0936
v -1.2013 0.5485 2.4106
v -1.5407 0.5243 2.2484
v -1.8824 0.5744 2.1364
v -2.0736 0.5864 2.1152
v -1.9729 0.5907 2.1228
v -1.8061 0.5772 2.2107
v -2.4698 1.0742 2.0499
v -1.2735 0.5304 2.6239
v -1.9488 0.5243 2.4530
v -1.6130 0.5609 2.5391
v -1.7465 0.5808 2.3864
v -1.9123 0.5865 2.4263
v 0.7227 6.1235 -1.5887
v 3.2617 7.0846 -2.0363
v -2.1946 0.6697 2.1435
v -2.2597 0.7632 2.1823
v 2.9829 7.1209 -1.5769
v -0.7658 1.3207 1.7884
v -1.1013 1.0303 1.9483
v -1.8605 0.6595 2.1138
v -1.9282 0.8270 2.1022
v -1.9373 0.9627 2.1014
v -1.7916 0.8012 2.1616
v -1.9872 0.7990 2.1314
v -1.2904 0.7646 2.1392
v -2.4570 0.7975 2.0943
v -2.0652 0.5887 2.3739
v -2.4818 0.1851 2.8757
v -2.3855 0.5010 2.3430
v -2.2730 0.5451 2.4414
v -2.5852 0.5584 2.3109
v -2.6489 0.5688 2.4347
v -2.5671 0.5136 2.4005
v -2.3455 0.4783 2.4380
v -2.6195 0.5057 2.4388
v -2.7366 0.5120 2.5051
v -1.3353 0.4559 2.7855
v -1.4205 0.3049 2.9462
v -1.4900 0.3695 2.7910
v -1.5910 0.3801 3.0023
v -1.6123 0.3607 2.8904
v -1.4900 0.2830 3.0364
v -1.5670 0.2698 3.0607
v -2.3207 0.4912 2.6234
v -2.4018 0.5142 2.6986
v -2.5972 0.5196 2.6122
v -1.6315 0.4528 3.2269
v -1.6228 0.3432 3.1680
v -1.8576 0.3316 3.2136
v -2.0965 0.4079 3.0615
v -2.0552 0.3129 3.1895
v -1.6627 0.3296 3.0584
v -1.6325 0.2661 3.0741
v -1.8230 0.2975 3.0994
v -1.9498 0.3172 3.2307
v -2.1759 0.2817 3.0216
v -1.9885 0.2863 3.1143
v -2.3655 0.2361 3.1285
v -2.3395 0.5786 2.7678
v -2.4023 0.4431 2.7260
v -2.4229 0.4690 2.7827
v -2.1495 0.4351 2.8507
v -2.1971 0.4418 2.9238
v -2.1487 0.2909 2.8063
v -2.2307 0.3140 2.8025
v -2.4012 0.3371 2.8067
v -2.3288 0.2491 2.9215
v -2.4193 0.2540 2.8300
v -2.6445 0.2524 3.0824
v -2.4787 0.2292 3.0253
v -2.0370 0.5589 2.8582
v -2.2132 0.5380 2.5800
v -2.8355 0.5011 2.4859
v -2.8631 1.0158 2.3345
v -2.9325 0.4498 2.8894
v -1.6981 0.7759 2.8364
v -1.6515 0.6710 2.7543
v -1.4555 0.8140 2.8881
v -2.5432 0.2886 3.1266
v -1.6439 0.4210 2.7599
v -1.7413 0.4901 3.1484
v -1.5442 0.5242 2.7825
v -1.9373 0.6536 2.8226
v -1.9948 0.7438 2.9119
v -1.9379 0.6905 2.8444
v -1.9672 0.5706 2.9261
v -2.5466 0.1789 3.0959
v -2.4885 0.2283 2.9745
v -2.6876 0.1964 2.9168
v -2.8554 0.2160 2.9714
v -1.4446 0.5625 3.0446
v -2.4217 0.8207 2.3830
v -1.4350 0.6358 2.8468
v -3.0235 0.1654 2.9652
v -2.2485 0.7836 2.3902
v -1.4423 0.7027 3.0183
v 2.6989 4.3969 0.3468
v 2.8383 7.0490 -1.8240
v -2.4296 0.5967 2.4439
v 2.7221 6.9524 -3.1910
v -2.7047 0.7356 2.4204
v 2.6052 7.0360 -2.0743
v 1.9057 6.9271 -2.0356
v -1.3845 0.5667 2.7991
v 2.6094 4.8707 0.0620
v -2.8364 0.8141 2.4321
v 2.0121 7.0970 -1.6941
v -1.5106 0.5080 3.1729
v -3.7615 0.8694 2.3493
v -4.2074 0.9244 2.3637
v -3.6680 0.7967 2.3659
v -4.0063 1.0518 2.1923
v -3.9205 1.0478 2.2989
v -3.7357 1.0694 2.2892
v -3.2694 1.0362 2.3720
v -3.4168 1.1455 2.2148
v -2.9075 0.4969 2.6167
v -3.4816 0.6438 2.3336
v -3.3502 0.7298 2.4370
v -3.5250 0.7129 2.4335
v -3.4519 0.6349 2.4564
v -3.4505 0.5846 2.3939
v -3.2731 0.4814 2.5150
v -2.9764 0.4584 2.4580
v -3.1104 0.4479 2.6244
v -3.3912 0.5284 2.4160
v -3.4566 0.4509 2.4412
v -3.5910 0.7221 2.3743
v -3.6976 0.7601 2.3975
v -3.5554 0.6401 2.3801
v 2.1382 4.9805 0.0778
v 1.2492 6.4023 -1.5584
v -3.6478 0.5148 2.4851
v -3.2673 0.4319 2.3800
v -3.0637 0.4373 2.4592
v -3.4924 0.4015 2.4458
v -3.1926 0.4341 2.4280
v -3.2095 0.4150 2.8990
v -3.1973 0.4077 2.9724
v -3.2475 0.4283 2.8516
v -3.5094 0.4575 2.8444
v -3.2228 0.3439 2.5282
v -3.3522 0.3656 2.5327
v -3.5846 0.3007 2.5475
v -3.7936 0.3981 2.4512
v -3.6526 0.3766 2.4779
v -4.0546 0.3952 2.5124
v -3.7784 0.2828 2.5647
v -3.3614 0.8852 2.3616
v -3.7276 0.4290 2.7762
v -4.2830 0.3744 2.5290
v -4.2981 0.3247 2.5865
v -2.9900 0.9092 2.3887
v -3.1627 1.0222 2.3210
v -3.1312 0.2735 2.8697
v -3.0590 0.1699 2.8809
v -3.0910 0.1584 3.0281
v -3.3541 0.0583 2.9429
v -3.5467 0.2557 2.9116
v -3.9017 0.3133 2.8218
v -3.0395 1.0609 2.2156
v -3.7892 0.1483 2.8868
v -3.8131 0.0142 2.7502
v -3.8613 0.1739 2.6407
v -3.8984 0.1397 2.7944
v -3.8897 0.0869 2.6817
v -2.9963 1.0011 1.9933
v -3.3604 1.0867 2.2083
v -3.7969 0.8881 2.3464
v -3.1481 1.1080 2.0280
v -4.1731 1.1687 2.2306
v -3.0771 1.0089 2.3173
v -3.9095 0.9758 2.3039
v -3.3745 1.0303 2.3083
v 0.5349 0.3124 2.4682
v 0.8028 0.3476 2.2215
v 0.9664 0.3020 2.5010
v 0.6502 0.3533 2.2832
v 1.1227 6.2254 -1.4858
v 0.6510 0.2648 2.6547
v 0.2171 0.2957 2.5816
v 0.8851 0.3684 1.9843
v 0.8684 5.1389 -0.3509
v 0.9151 0.3630 2.1613
v 0.6835 0.3332 2.0627
v 1.0167 6.1869 -1.4027
v 0.9715 0.3554 2.3116
v 1.2796 5.1516 0.1659
v 1.1545 0.3342 2.2675
v 1.2194 0.3062 2.5088
v 1.6029 0.2653 2.2174
v 1.2725 0.3339 2.4147
v 1.0297 0.3598 2.4209
v 1.3440 0.3398 2.2430
v 0.8060 0.3383 2.4234
v -0.3999 0.6378 2.1191
v 0.8170 0.3375 1.7089
v 0.6509 0.3582 1.9017
v 0.4490 0.3739 2.1419
v 0.7100 0.2849 1.6825
v 0.5844 0.4163 2.0222
v 0.2345 0.3998 2.1262
v 0.4429 0.3781 2.3480
v 1.4329 5.1313 0.0155
v 0.1637 0.4008 2.2900
v 0.0989 0.4183 2.0677
v 0.3019 0.3597 2.3546
v -0.0428 0.3843 2.2215
v 1.4270 5.0836 -0.2839
v 1.0108 5.9316 -1.3804
v 1.9319 4.9796 -0.4152
v 1.5198 5.0986 0.2896
v 1.2345 5.2461 -0.7754
v -0.0795 0.4829 2.1772
v -1.4781 5.3477 -1.6829
v -0.4731 5.6821 -1.5360
v 0.5947 0.3510 1.6601
v -0.9660 0.6628 2.1539
v -0.9587 0.8346 2.0750
v -0.7654 0.8599 1.9733
v -0.8276 0.7928 2.0868
v 1.9396 6.6263 -1.5080
v -0.7194 0.9826 1.9171
v -0.5229 0.7728 2.1936
v -0.3717 0.7679 2.0550
v -0.0783 0.5247 2.0643
v -0.5032 0.8428 2.0103
v -0.8935 0.8467 1.9710
v 1.7407 6.9293 -3.2112
v -0.0446 0.3973 2.4564
v 1.6563 6.6593 -2.7484
v -0.3069 0.4119 2.4905
v 0.3349 0.4471 2.0547
v 1.5926 6.6932 -3.2307
v 2.3189 7.0388 -1.7628
v 2.0285 6.6173 -2.2504
v 1.8657 6.7838 -2.2604
v 2.7267 7.1098 -1.6001
v 2.1297 6.8328 -2.2855
v -0.1408 0.3132 2.5469
v -0.1283 0.6353 2.1103
v 0.0734 0.9137 1.9930
v -0.1866 1.1124 1.9025
v -0.4652 1.0480 1.8879
v 0.6792 0.8539 1.6483
v 0.6551 0.9334 1.5470
v 0.6125 0.9801 1.9207
v 0.4544 0.4579 2.0276
v 0.1408 1.1403 1.9282
v 0.6620 0.4818 1.6642
v 0.6614 0.4466 1.7767
v 0.6168 0.7039 2.0571
v 0.1229 0.6707 2.0965
v 0.6612 0.6485 1.6211
v 0.6557 0.2904 1.8285
v -4.4908 4.1951 0.3260
v 2.5587 0.4752 1.5828
v 2.5708 0.8853 1.4656
v 2.6245 0.3122 1.8097
v 2.3737 0.3017 1.7593
v 2.2500 0.6475 1.4879
v 2.4979 0.4777 1.5525
v 2.4450 0.4411 1.5358
v 2.3322 0.4673 1.5179
v 2.1978 0.4626 1.5004
v 2.0073 0.7268 1.4537
v 1.8480 0.4336 1.5362
v 1.6947 0.4952 1.5825
v 1.2483 0.8735 1.6301
v 1.5591 0.3836 1.5940
v 1.4225 0.4783 1.6481
v 1.5356 0.5962 1.7246
v 1.1609 0.4606 1.6324
v 0.8546 0.6652 1.6686
v 2.5164 0.4232 1.6151
v 2.3449 0.3930 1.6242
v 2.2643 0.4240 1.5389
v 2.2042 0.3602 1.6936
v 2.0256 0.3726 1.6827
v 2.0058 0.4116 1.4743
v 2.1515 0.4177 1.5563
v 1.8928 0.3788 1.5653
v 1.7501 0.3822 1.6065
v 1.8591 0.3219 1.7376
v 1.8282 0.3230 1.8833
v 2.0838 0.2902 1.8500
v 1.8174 0.2853 2.1013
v 2.0182 0.2735 2.0294
v 1.6739 0.4037 1.5941
v 1.5282 0.3713 1.5399
v 1.3961 0.3915 1.5574
v 1.6162 0.3487 1.7307
v 1.4512 0.3638 1.7323
v 1.2650 0.4080 1.5529
v 1.1353 0.3784 1.6419
v 1.4181 0.6369 1.5930
v 1.5225 0.9543 1.6113
v 1.1014 0.9755 1.6651
v 2.6550 0.4754 1.6958
v 0.9466 0.3772 1.6677
v 1.4883 0.3281 2.0899
v 1.7017 0.1966 2.3187
v 1.4627 0.2340 2.4395
v 1.5492 0.3201 1.9621
v 1.3284 0.3797 1.6607
v 1.2477 0.3512 1.8691
v 1.3000 0.3344 1.9814
v 0.9686 0.3415 1.7821
v 1.0514 0.3513 2.0423
v 2.2844 0.9560 1.4725
v 2.7492 0.6540 1.6735
v 2.5050 0.2191 2.1093
v 1.7499 0.1515 2.3470
v 2.5492 0.6161 1.5171
v 2.7877 0.7722 1.6500
v 2.5520 1.2128 1.4784
v 1.7758 0.8522 1.6030
v -1.3576 0.2588 2.9635
v 0.1432 0.2914 2.8251
v -1.3762 0.2843 3.1465
v -1.3704 0.4613 2.9858
v -0.5179 0.1848 2.9847
v 0.5027 3.4361 0.5947
v -1.1093 0.2011 3.0465
v -1.2369 0.1438 2.9720
v -1.0458 0.0000 3.0307
v -1.2937 0.1989 3.2229
v -1.0619 0.0679 2.9367
v 0.2345 3.5322 0.5824
v -1.0858 0.5103 2.8750
v -1.1895 0.5003 2.7588
v 0.4726 3.7058 0.4884
v -1.9179 0.5518 2.5910
v 0.5736 4.1045 0.3897
v -1.0622 0.5014 2.6339
v -1.1274 0.5548 2.5933
v -1.4096 0.3908 2.9280
v 0.5157 3.5468 0.5378
v -1.2500 0.3609 3.0719
v -0.7366 0.3573 2.9991
v -1.0790 0.3599 3.1091
v -0.7926 0.4372 2.8788
v -0.7364 0.1717 2.8927
v -0.2682 0.2538 2.8714
v -0.5794 0.2926 2.9064
v -0.5210 0.2414 2.8469
v -8.3032 3.2323 -0.2742
v -8.7089 3.3846 -0.7265
v -7.8258 3.0492 0.1141
v -7.9420 3.0565 -0.0121
v -8.0471 3.0881 -0.0611
v -8.6132 3.2171 -0.4306
v -8.4580 3.1568 -0.2977
v -8.2423 3.0881 -0.0981
v -8.5937 2.9525 -0.4643
v -8.3981 2.9675 -0.1588
v -8.6333 3.0729 -0.4514
v -8.6969 3.0628 -0.5486
v -8.4149 2.9423 -0.3051
v -8.5681 2.9235 -0.2999
v -7.8930 2.8938 0.1538
v -8.2251 3.0019 -0.0697
v -8.3602 3.6230 -0.4674
v -8.8388 2.6562 -0.4288
v -8.4897 2.6820 -0.2403
v -8.5657 3.3136 -0.5279
v -8.3872 2.7763 -0.0820
v -7.8326 3.7971 -0.1858
v -7.7884 3.3832 -0.0339
v -8.3055 2.3238 0.1814
v -8.0266 2.5273 0.2716
v -8.6275 2.4414 -0.1480
v -8.2399 2.8396 0.0259
v -8.4165 2.3144 0.0325
v -6.9697 1.9890 0.7013
v -6.9921 2.0966 0.6502
v -7.1976 2.0347 0.7003
v -7.0815 1.9622 0.8661
v -7.3163 1.9986 0.7167
v -7.4254 2.1891 0.6269
v -7.4301 1.8668 0.9032
v -7.3859 1.9269 0.7528
v -7.5735 1.8591 0.7844
v -7.6462 2.1415 0.6574
v -7.9306 1.9132 0.6548
v -7.7101 1.7595 0.7301
v -7.7052 1.7851 0.8498
v -7.1270 1.9280 1.1185
v -7.4770 1.9327 1.1224
v -7.3326 1.8064 1.1415
v -7.2413 1.5904 1.2741
v -7.5343 1.8264 1.0268
v -8.4345 2.0509 0.1846
v -8.2287 1.8866 0.4976
v -8.3772 1.8276 0.3567
v -7.7531 1.6658 0.7669
v -7.5385 1.6562 1.0097
v -7.6448 1.8203 0.8908
v -7.6817 1.5996 0.8158
v -7.3652 1.3633 1.0791
v -7.4741 1.3217 0.9105
v -7.1856 1.4011 1.3420
v -7.9417 2.3175 0.3795
v -7.7608 1.4387 0.8515
v -7.4438 1.1817 1.1097
v -6.9618 2.4218 0.5449
v -7.5935 1.2115 0.9429
v -6.7708 2.2225 0.6124
v -6.6898 3.4436 -0.0030
v -6.7430 3.2246 0.2232
v -6.7162 3.4344 0.3110
v -6.6864 3.3473 0.0607
v -6.7265 3.2404 0.1055
v -7.0073 3.3068 0.3768
v -6.8628 3.2261 0.2555
v -7.0554 3.2006 0.2875
v -7.3820 3.2320 0.3916
v -7.4832 3.2775 0.2289
v -7.5275 3.3596 0.1164
v -6.5364 3.6031 -0.2045
v -6.6708 3.6027 -0.1263
v -7.3162 3.1604 0.2963
v -7.5006 3.1852 0.2049
v -7.6280 3.1289 0.1383
v -7.7907 3.0943 0.0479
v -7.5675 3.5032 0.1205
v -6.7260 3.0329 0.3598
v -6.9119 2.9696 0.3812
v -7.4630 3.0966 0.3145
v -6.6058 3.3263 0.0399
v -7.1922 3.0049 0.3488
v -7.5819 3.7300 -0.0964
v -7.2778 3.5059 0.3406
v -7.8401 2.5639 0.3775
v -7.5114 2.7989 0.4146
v -7.0641 3.7898 0.2815
v -7.5560 3.4512 0.0340
v -6.7665 1.9894 0.7596
v -6.8736 1.9656 1.0194
v -6.6158 1.7551 0.7568
v -6.6468 1.8963 0.9135
v -6.5090 2.2703 0.6026
v -6.2729 1.9977 0.6387
v -6.7528 1.9743 0.6912
v -6.4942 1.8308 0.7300
v -6.0567 2.0436 0.6340
v -6.0881 2.1321 0.6006
v -6.1183 2.3660 0.5291
v -6.3677 2.2330 0.5590
v -6.1719 1.7592 0.7188
v -6.0806 1.5914 0.7982
v -6.2808 1.5569 0.7921
v -5.9307 1.3983 0.9940
v -6.0499 1.4711 0.8210
v -6.0133 1.3826 0.8536
v -6.5981 1.6432 0.8039
v -6.5821 1.5938 1.0769
v -6.5197 1.7405 0.7394
v -6.4753 1.6082 0.9338
v -6.8085 1.7446 1.1912
v -6.2439 1.5941 1.1618
v -6.4781 1.5701 0.7822
v -6.3235 1.4481 0.8595
v -6.8867 1.5350 1.2609
v -6.1482 1.4391 1.0848
v -6.1113 1.4101 1.2402
v -6.1172 1.3139 1.2870
v -6.3151 1.4676 1.1035
v -6.1260 1.3600 0.8560
v -6.2937 1.1925 1.4685
v -6.4131 1.4835 0.9127
v -6.5708 1.5168 1.1847
v -0.5612 2.1596 1.5462
v -6.3981 1.4433 1.1642
v -6.1900 1.4222 1.4203
v -6.2394 1.2984 1.3132
v -6.3873 1.3274 1.2556
v -5.7435 4.8693 -1.3144
v -6.3266 1.2679 1.4143
v -6.3269 1.1912 1.3672
v -6.4756 1.2418 1.4955
v -6.5285 2.3452 0.5208
v -6.0656 4.8314 -1.2614
v -6.0391 1.8733 0.6705
v -6.0943 1.7269 0.7657
v -6.1313 1.9028 0.6665
v -6.5466 1.1498 1.5123
v -6.7930 1.2164 1.2977
v -6.1392 2.5999 0.5397
v -6.1152 2.4366 0.5092
v -6.1410 1.8166 0.6949
v -6.0977 1.9142 0.7600
v -6.4994 2.0251 0.6616
v -6.4397 1.7947 0.6997
v -6.4237 2.0907 0.6085
v -6.0015 2.2523 0.7193
v -5.5036 1.8471 1.2981
v -5.8350 1.9144 0.9605
v -5.1070 1.4942 1.4062
v -5.1710 1.6043 1.2135
v -5.3028 1.5607 1.2346
v -5.8281 2.3337 0.9219
v -5.1243 1.4787 1.2032
v -5.9053 1.4596 1.0136
v -5.3524 1.6449 1.5806
v -5.4479 1.6061 1.2718
v -5.6942 1.9208 1.3224
v -5.4785 1.6187 1.5463
v -5.1403 1.5369 1.5811
v -5.2764 1.5228 1.5120
v -6.3179 4.7831 -0.6031
v -5.3092 1.5743 1.3137
v -6.1476 4.8254 -0.4908
v -6.3122 4.8217 -0.5950
v -5.3349 1.4893 1.7122
v -5.6183 2.0388 1.3082
v -5.4443 1.4707 1.9208
v -5.6304 1.6746 2.0485
v -5.4445 1.5378 1.7699
v -5.3107 1.4365 1.7697
v -5.2591 1.4529 1.7474
v -5.3970 1.4404 1.7632
v -5.4825 1.5948 1.6159
v -5.3930 1.3747 1.8579
v -5.3565 1.4273 1.8968
v -5.0480 1.8505 1.2063
v -5.4821 1.3944 1.8720
v -5.7022 1.4556 1.9918
v -5.5770 1.3951 2.0457
v -5.6599 1.3770 2.0731
v -5.7139 1.4528 2.1745
v -5.5915 1.4433 2.1650
v -5.8527 1.3456 2.1355
v -5.5036 1.2848 2.2306
v -5.5368 1.6869 1.4961
v -5.8187 1.5729 1.1281
v -5.5949 1.6871 1.2874
v -5.6505 1.6559 1.6613
v -5.7956 1.5800 1.5015
v -5.7094 1.5775 1.6053
v -5.6351 1.7368 1.8489
v -5.8284 1.5370 1.8837
v -5.7691 1.4716 1.5825
v -5.7541 1.3915 1.8088
v -5.9211 1.4699 1.2701
v -5.3884 2.0079 1.2993
v -5.7891 1.4054 1.6783
v -5.9544 1.2745 1.5937
v -5.7617 1.3188 1.6599
v -5.8356 1.2635 1.6532
v -6.0516 1.2975 1.3836
v -5.5146 2.0933 1.3245
v -6.0508 1.2702 1.6310
v -5.7005 1.3071 1.8239
v -5.7674 1.2821 1.7202
v -5.7925 1.3278 1.9168
v -5.9933 1.2461 1.7015
v -5.8329 1.2468 1.7662
v -5.8808 1.2427 2.0112
v -6.1695 1.2927 1.7390
v -6.3657 1.1737 1.7735
v -5.9906 1.2496 2.1989
v -5.6558 2.0481 1.2047
v -5.5171 1.7136 1.8643
v -5.7325 1.7824 1.3067
v -5.8397 1.1606 2.1441
v -5.6364 1.1210 2.4276
v -5.2738 2.4419 1.2650
v -5.8349 2.6542 1.0189
v -5.2699 2.2216 1.2147
v -5.0893 2.1893 1.2187
v -5.0544 2.2821 1.0833
v -6.1227 1.2319 1.5635
v -5.9451 1.2259 2.0296
v -5.4230 2.1491 1.2892
v -5.8375 1.9069 1.1551
v -6.1289 1.2536 1.9780
v -5.3237 2.4843 1.1676
v -5.3347 2.4994 1.0520
v -5.2150 2.4136 1.0481
v -5.0573 2.4070 1.1111
v -5.0884 2.5159 1.0869
v -5.6104 2.2640 1.3014
v -5.7387 2.6158 1.1579
v -5.3659 2.5110 1.2654
v -5.8930 3.3177 0.5365
v -5.4650 3.2259 0.7096
v -5.7297 3.3068 0.7268
v -6.1177 3.4453 0.2536
v -6.1707 3.3167 0.3079
v -4.7027 2.9430 0.6883
v -5.3401 3.2186 0.7847
v -5.4066 3.3046 0.7415
v -4.8638 2.9437 0.8805
v -5.9674 3.4045 0.0161
v -5.1319 3.1035 0.8340
v -5.1631 2.9933 0.8912
v -5.1083 3.0063 0.8570
v -5.0288 2.9191 0.8914
v -5.1675 3.0128 1.1025
v -5.2426 3.0806 1.1166
v -4.8628 2.8038 0.8718
v -4.9629 2.8631 0.8692
v -5.0549 2.7918 1.1124
v -5.8306 3.5181 0.1900
v -5.9058 3.5883 0.1821
v -5.3921 2.6338 1.1990
v -5.2689 3.1299 0.8124
v -5.3490 3.1173 0.8958
v -5.2017 3.0788 0.9061
v -5.3916 3.1820 0.8346
v -5.2791 2.9673 0.8738
v -5.4138 2.9961 0.9253
v -5.3902 3.0515 0.8775
v -5.4565 2.9452 0.8528
v -5.3187 3.0221 0.9688
v -5.7214 3.0850 0.7433
v -5.4015 3.1004 1.0747
v -5.3947 2.8932 1.0015
v -6.1496 3.1601 0.3919
v -6.1196 3.1234 0.2996
v -6.0310 3.0345 0.5222
v -6.0922 2.9561 0.4237
v -5.7764 2.7724 0.7471
v -5.9385 2.8467 0.5951
v -5.3900 2.8872 1.1273
v -5.4486 2.8030 0.9334
v -5.7103 2.7229 0.7625
v -5.3324 2.7547 1.0883
v -5.6017 2.7787 0.8839
v -5.8570 2.8443 0.6809
v -5.7381 2.7486 1.0851
v -5.9196 2.8527 0.8467
v -6.0255 2.7400 0.7196
v -6.1517 2.9319 0.3895
v -6.1540 2.8453 0.5501
v -6.3192 2.9765 0.3613
v -6.1706 2.7994 0.4217
v -6.4565 2.6485 0.4515
v -5.8410 3.5034 0.3096
v -4.9559 2.7225 0.9609
v -5.9568 3.5783 0.1589
v -5.2622 2.5785 1.1330
v -5.7429 3.5672 0.4011
v -5.4029 2.6240 1.2464
v -5.3726 2.5914 1.1893
v -5.2663 2.6083 1.2653
v -5.6620 2.6888 0.8254
v -5.5335 2.6738 0.9610
v -5.6518 2.6865 1.0916
v -5.4407 2.7011 0.9689
v -5.9450 3.3807 0.2731
v -6.1361 2.6329 0.4666
v -6.5950 2.5599 0.4611
v -6.2202 3.7336 0.0963
v -5.1232 3.3596 0.8112
v -5.7750 3.3761 0.2391
v -5.7047 3.3125 0.3699
v -5.6998 3.3743 0.4041
v -4.7907 3.6545 0.7699
v -4.7670 3.4464 0.8291
v -5.0835 3.6673 0.8147
v -5.9517 3.6352 0.4514
v -5.5185 2.6770 1.1476
v -5.8597 3.6389 0.4154
v -5.6597 2.4391 1.2145
v -5.6811 3.6511 0.7735
v -6.0954 3.3031 0.1485
v -6.1043 3.7420 0.3939
v -5.8762 3.3149 0.0672
v -6.0438 3.3445 0.1626
v -5.6310 3.2265 0.8720
v -5.7807 3.2885 0.1253
v -6.0188 3.6101 0.3321
v -5.9345 3.6538 0.1971
v -5.9512 3.7402 0.2944
v -5.4995 3.4830 0.6303
v -5.9273 3.6954 0.1464
v -6.3462 3.7864 -0.0342
v -5.6223 3.5968 0.5934
v -5.6083 3.5420 0.5003
v -5.3773 3.4934 0.7469
v -5.6320 3.7193 0.3072
v -5.3547 3.5835 0.7912
v -5.4220 3.5624 0.8625
v -6.6694 2.6762 0.4694
v -6.6632 2.8449 0.3769
v -5.4569 3.5176 0.7703
v -4.9381 3.7374 0.8008
v -6.3748 3.3111 0.1181
v -4.7353 3.6696 0.7150
v -4.7383 3.7236 0.5932
v -5.1745 3.7357 0.8526
v -5.5165 3.6194 0.8296
v -6.2008 3.5366 -0.1492
v -5.5960 3.5592 0.7635
v -6.1001 3.4647 -0.0609
v -5.8545 3.4245 0.1882
v -4.7293 3.1570 0.6025
v -5.9659 4.6474 -0.4106
v -6.0936 4.8680 -0.4071
v -6.0519 4.9768 -0.1743
v -5.4003 4.7193 -0.3254
v -5.6705 4.8844 -0.2833
v -5.4073 4.8003 -0.5625
v -6.0336 4.9600 -0.2925
v -5.4657 5.0595 -0.9668
v -5.2663 5.0713 -1.2744
v -5.0290 4.8349 -1.0100
v -6.2197 5.4419 -0.7461
v -5.8966 5.3897 -1.3740
v -6.2849 5.5395 -1.0476
v -6.4057 5.3860 -1.0523
v -6.3012 5.3828 -0.9521
v -5.9182 5.2639 -1.4385
v -6.3967 5.1830 -0.6933
v -6.3087 5.1811 -0.3951
v -4.9593 4.7983 -1.1836
v -6.0426 5.0396 -1.4893
v -4.7198 5.0915 -0.8610
v -6.3716 5.1362 -0.4833
v -6.4592 5.1872 -0.8898
v -6.3621 5.0173 -0.6650
v -6.4452 5.0293 -0.7450
v -5.9819 4.8120 -1.4502
v -6.2114 4.7861 -0.5948
v -6.3047 5.0965 -0.4129
v -6.2294 5.0006 -0.4215
v -6.4952 4.9890 -0.2901
v -6.3311 4.9482 -0.5773
v -5.8385 4.9541 -0.2237
v -5.2070 5.0273 -1.1978
v -5.6694 5.0552 -1.3505
v -5.8154 5.2766 -1.3312
v -5.2647 5.2047 -1.1778
v -5.3268 5.1536 -1.2776
v -5.4116 5.2068 -1.1133
v -5.2279 5.3072 -1.1349
v -5.2204 5.1628 -1.0120
v -5.1576 5.3377 -1.1699
v -5.8507 5.3283 -1.6366
v -4.4234 5.4662 -2.6907
v -5.0294 5.3045 -2.3991
v -5.4036 5.4256 -2.1523
v -6.0238 4.8643 -0.1232
v -5.0201 5.2866 -1.0114
v -5.9450 5.4159 -0.9920
v -5.9734 5.4335 -0.8479
v -5.1376 5.3674 -1.0958
v -5.3238 5.5363 -1.1773
v -5.0860 5.4121 -1.1097
v -5.8489 4.8582 -0.2327
v -6.0468 4.8944 -0.3529
v -5.7718 5.3210 -0.9497
v -5.6966 5.3126 -1.2210
v -5.7122 5.2586 -1.9902
v -5.7602 5.3267 -1.8470
v -5.8149 5.5619 -1.6336
v -5.8345 5.4029 -2.1455
v -6.6698 3.8787 -0.4471
v -6.6496 3.9385 -0.4701
v -6.4964 3.8297 -0.3593
v -6.6490 3.7997 -0.4480
v -5.1576 4.4337 0.0383
v -6.4114 3.7119 -0.2754
v -4.1841 4.4957 -1.6729
v -5.0079 4.6935 -1.3004
v -3.9951 4.5578 -1.6087
v -4.1473 4.6116 -1.7722
v -4.6396 4.3421 0.1343
v -5.8257 5.5332 -1.3459
v -4.5254 4.6988 -1.9015
v -4.9947 4.7289 -1.4500
v -4.7931 4.8673 -0.9977
v -4.5377 4.7434 -1.9081
v -5.4773 4.9104 -1.5515
v -4.1151 4.6840 -1.7194
v -5.0770 4.9356 -1.6752
v -4.6370 4.8027 -1.5303
v -4.9889 4.7770 -1.3850
v -4.6374 4.9523 -1.9008
v -4.6373 4.9101 -1.7608
v -4.5556 4.8462 -1.3516
v -4.6568 3.2655 0.4651
v -4.4449 4.8678 -2.1579
v -4.5726 4.9922 -1.5207
v -4.6918 4.9349 -1.1131
v -4.6413 5.0237 -2.2042
v -4.4835 5.0872 -1.3613
v -4.6204 4.9633 -1.3025
v -4.5594 4.7818 -1.1320
v -4.5483 4.8606 -1.7807
v -4.6734 4.2767 0.2404
v -4.6010 4.9207 -1.9697
v -4.2856 4.6964 -1.7712
v -4.5058 4.2423 0.0939
v -4.7487 4.6536 -1.0890
v -4.4607 5.0020 -2.0611
v -4.8775 4.6696 -1.0352
v -3.7908 4.6697 -1.5118
v -4.2767 4.9090 -1.8364
v -5.1807 4.5226 -0.5883
v -5.0786 4.6110 -0.8493
v -5.3813 4.5473 -0.0707
v -4.1943 4.9970 -2.1424
v -3.9298 5.1113 -2.1361
v -4.9557 5.2817 -2.2157
v -5.3704 5.3417 -1.1035
v -5.3119 4.5036 -0.3487
v -4.5968 5.1095 -1.0218
v -5.4149 4.5832 -0.2695
v -5.0204 5.0176 -1.3205
v -4.5937 5.1929 -1.1652
v -4.9003 5.3247 -1.1493
v -4.6760 5.3730 -2.0843
v -5.6429 4.5245 -0.3810
v -4.7734 5.0844 -1.6258
v -4.7469 4.4905 -0.7554
v -4.9477 4.4365 0.1088
v -5.1480 4.4578 -0.1318
v -5.5433 4.6474 -0.2629
v -5.3095 5.3310 -1.5753
v -5.4488 4.5611 -0.2313
v -5.5403 4.4639 -0.3669
v -5.2959 4.8370 -1.5105
v -4.5986 5.1775 -2.1238
v -5.0454 5.3708 -1.2913
v -5.1083 5.1273 -1.6901
v -4.9494 4.9248 -1.5133
v -4.4110 5.2439 -2.0547
v -4.8128 5.2886 -1.8668
v -5.1522 5.1891 -1.3374
v -5.2987 5.1553 -1.4598
v -5.7989 4.5657 -0.3573
v -6.0544 4.7215 -0.5147
v -4.7160 5.0620 -1.5388
v -5.7010 4.4586 -0.4714
v -4.1348 5.1007 -2.1580
v -4.2826 5.0395 -2.0439
v -5.5414 4.4607 -0.2333
v -5.7532 4.3166 -0.3828
v -3.8852 5.1014 -2.4938
v -3.6207 5.2523 -2.2786
v -4.0616 5.1031 -2.3308
v -4.1129 5.3936 -2.2529
v -3.9984 5.2659 -2.4471
v -4.6128 4.8639 -2.1620
v -3.6526 5.2349 -2.4895
v -5.1951 5.2281 -1.7809
v -4.6620 3.0918 0.5781
v -4.7879 4.3046 0.2665
v -3.9868 5.4179 -2.6067
v -4.8271 4.3395 0.5024
v -3.6389 5.5410 -2.6258
v -3.6807 5.6314 -2.7254
v -4.6696 4.2347 0.3706
v -4.8092 4.2780 0.3799
v -4.7931 4.2436 0.4851
v -3.6591 5.1893 -1.8290
v -4.5847 4.2155 0.5133
v -4.0131 5.5260 -2.6772
v -4.6672 4.2243 0.4800
v -4.7229 4.2578 0.5521
v -5.4594 5.6326 -1.4275
v -3.9909 5.0592 -1.7172
v -5.1933 4.6606 0.2801
v -5.3075 4.7531 0.2415
v -5.0249 4.4362 0.3375
v -5.2748 4.4813 0.1795
v -5.3041 4.4283 0.2115
v -6.4684 3.6910 -0.3323
v -6.3154 3.5986 -0.2167
v -5.9310 4.6706 -0.1079
v -6.1430 4.7281 -0.5700
v -6.1359 4.7549 -0.3516
v -6.0444 4.6392 -0.3188
v -5.7772 4.5025 -0.1524
v -5.6505 4.5371 0.2629
v -5.2474 4.3295 0.1944
v -5.3235 4.2364 0.2030
v -5.6849 4.3408 -0.1253
v -4.4805 5.3990 -2.2857
v -5.8395 4.3911 -0.2878
v -5.9576 4.3402 -0.1291
v -6.1111 5.1210 -0.2860
v -6.1285 5.3452 -0.5659
v -5.8626 4.2084 -0.1267
v -4.6114 5.1512 -1.8457
v -5.9831 4.2587 -0.1700
v -6.7136 4.8930 -0.2589
v -8.1020 5.1031 -1.3307
v -8.1083 5.0750 -1.2679
v -8.2523 4.9457 -1.0895
v -6.5708 4.7705 -1.5641
v -6.5435 4.7707 -1.2244
v -7.7491 4.8666 -1.0198
v -7.1401 4.7800 -1.1884
v -6.3020 4.7307 -1.0628
v -6.1962 4.7656 -1.4718
v -6.3997 4.7695 -1.4076
v -7.1749 4.8715 -1.1312
v -6.3836 4.7936 -1.5137
v -6.7901 4.8248 -1.2756
v -7.4013 5.0123 -0.8214
v -7.0336 5.0087 -1.3482
v -7.2810 5.0459 -0.9193
v -7.3976 4.8898 -0.9357
v -6.7770 5.0244 -1.8490
v -7.0349 4.8829 -1.4257
v -7.0960 5.0658 -1.0977
v -7.0509 4.9520 -1.7121
v -6.8404 4.9107 -1.5626
v -6.6385 4.8672 -1.6343
v -6.5541 5.0348 -1.6343
v -6.9076 4.9187 -1.7535
v -6.4437 5.1090 -1.9364
v -6.6956 5.0439 -1.7288
v -6.5341 5.0625 -1.7868
v -6.6119 5.0852 -1.6900
v -6.8731 5.0697 -1.7513
v -8.2747 5.1454 -1.3852
v -6.8244 5.1111 -1.6259
v -6.5188 4.6104 -1.0453
v -6.5652 4.5542 -0.8906
v -6.6933 4.5870 -0.8245
v -6.8214 4.6211 -0.6738
v -6.4887 4.6675 -0.9371
v -6.3673 4.8372 -0.7961
v -6.8828 4.4243 -0.6525
v -7.1555 4.6477 -0.8844
v -6.9678 4.5383 -0.7498
v -7.2504 4.6052 -0.9892
v -6.3001 5.2112 -0.9888
v -5.6526 5.4798 -2.1838
v -7.7329 5.3805 -1.0616
v -7.2595 4.5371 -0.8669
v -7.9588 5.3281 -1.1824
v -7.4887 4.6830 -0.9787
v -5.2526 5.3882 -2.4099
v -2.1928 3.9961 0.6307
v -7.3468 4.4077 -0.6340
v -7.1133 4.8490 -1.2901
v -7.7947 5.4956 -1.1272
v -6.7836 4.5367 -0.4337
v -6.4125 4.7561 -0.8094
v -6.9732 4.4033 -0.6322
v -7.9788 5.5674 -1.0952
v -7.7511 5.6743 -1.2018
v -7.6782 5.5940 -1.1490
v -7.4553 5.1794 -0.7434
v -7.5872 4.8266 -1.1232
v -7.4216 5.2417 -0.8652
v -7.2783 5.2650 -0.8222
v -7.5074 5.0935 -0.7887
v -7.5953 5.1267 -1.0655
v -7.9684 5.2250 -1.3406
v -7.5499 5.4186 -1.0214
v -8.0703 5.1824 -1.3170
v -8.1570 5.2865 -1.6855
v -8.0109 5.2570 -1.5232
v -8.0308 5.3693 -1.5641
v -7.8789 5.6244 -1.2541
v -7.9516 5.4753 -1.4991
v -8.1000 5.5253 -1.2518
v -7.3814 5.4897 -2.1458
v -8.0291 5.2184 -1.8206
v -7.1556 5.2327 -1.1919
v -7.5922 5.5795 -2.1021
v -7.3537 5.3969 -2.0589
v -7.7315 4.9031 -1.2983
v -7.1658 5.2463 -0.8671
v -7.2715 5.4355 -0.9220
v -7.0528 5.2529 -1.7004
v -5.0518 5.3054 -2.5959
v -6.7168 5.1836 -1.8360
v -6.9368 5.1481 -1.6984
v -7.2063 5.2892 -1.7835
v -6.9883 5.3071 -1.9175
v -8.1970 5.1982 -1.7095
v -6.3996 5.1430 -2.3071
v -7.2649 5.3775 -2.3206
v -6.3269 5.1441 -2.1200
v -6.4757 5.2578 -2.3136
v -6.3230 5.2456 -2.3453
v -6.8723 5.2944 -2.2634
v -6.0936 5.1472 -2.1219
v -6.1299 5.2119 -2.0727
v -6.2452 5.2001 -2.1366
v -6.3276 5.3151 -2.2298
v -5.8062 5.3484 -2.3310
v -7.9782 5.0330 -1.3394
v -8.0515 5.4051 -1.6810
v -7.1863 5.3271 -1.3489
v -8.0339 5.4774 -1.4419
v -7.9371 5.0155 -1.4639
v -8.1111 5.1541 -1.4921
v -7.9509 5.6733 -1.1746
v -7.8055 5.1168 -1.2564
v -7.8477 5.0805 -1.4425
v -7.8244 4.9810 -1.3701
v -7.4142 4.6999 -1.0702
v -7.3026 4.7055 -0.9875
v -7.2832 4.6690 -1.0954
v -7.2253 4.6948 -1.0151
v -6.9293 4.7254 -1.0404
v -6.6865 4.6335 -0.3738
v -5.6027 3.8979 0.4992
v -5.6433 3.8210 0.7362
v -5.9436 3.7468 0.2216
v -6.1476 3.6042 0.0335
v -4.8175 3.7568 0.7777
v -4.8054 3.8638 0.6662
v -5.5925 3.6686 0.4618
v -5.5204 3.8574 0.2516
v -4.7257 3.9008 0.7169
v -4.7310 3.8980 0.6042
v -4.9168 4.0280 0.7081
v -6.7157 4.8818 -0.0855
v -6.6940 4.6765 -0.1235
v -6.5177 4.6387 0.0014
v -6.7772 4.7395 -0.2451
v -6.5775 4.9355 -0.0501
v -6.6345 4.7300 0.0964
v -6.6172 4.6062 -0.1354
v -6.6860 4.6125 -0.2500
v -6.6631 4.5100 -0.1971
v -6.6212 4.5181 -0.0305
v -6.6842 4.4094 -0.0566
v -4.8185 4.0339 0.5958
v -6.9202 4.3653 0.1323
v -4.7168 4.0709 0.6323
v -4.6695 4.1188 0.5185
v -6.5686 4.2701 0.0516
v -6.6947 4.3164 -0.0713
v -6.6774 4.3535 -0.0373
v -6.7890 4.4020 -0.2140
v -6.7006 4.3887 -0.1501
v -6.6742 4.1914 -0.0600
v -5.4978 4.1612 0.5537
v -6.2644 4.1986 0.3060
v -6.7525 4.3713 -0.0339
v -6.3357 4.3265 0.1982
v -6.2957 4.1296 0.0588
v -6.6388 4.0992 -0.0772
v -6.5457 4.0596 0.0435
v -6.6340 4.0410 -0.1406
v -6.6605 3.8201 -0.1181
v -6.6502 3.9766 -0.2675
v -6.6716 4.1239 0.0914
v -6.9696 4.0940 0.2293
v -6.0916 4.2174 0.0213
v -6.2818 4.2223 0.1489
v -6.4180 4.2673 0.1293
v -5.6267 3.9954 0.6178
v -6.4261 3.9616 0.0996
v -6.4729 4.0219 0.0825
v -6.0358 3.8527 0.2225
v -6.7072 3.8266 0.2223
v -6.1400 4.2802 0.1953
v -6.0226 4.3432 0.0578
v -5.8488 3.8952 0.3390
v -6.0423 4.2816 -0.0265
v -5.8645 4.2385 0.2461
v -6.4391 4.0818 0.1320
v -6.1974 3.9978 0.0444
v -5.4405 4.1223 0.3668
v -5.3510 4.3154 0.4821
v -5.4065 4.1108 0.2388
v -5.1837 4.2461 0.5672
v -5.3131 4.3247 0.3328
v -5.1502 4.4017 0.4644
v -5.7242 4.2992 0.3855
v -6.2365 4.3768 0.2357
v -5.8780 4.4629 0.0580
v -6.4063 4.6009 0.0669
v -6.0891 4.6054 0.2274
v -5.9078 4.5447 0.1532
v -5.9692 4.4946 0.2604
v -5.7450 4.3248 0.1060
v -5.0584 4.4597 0.4642
v -6.0138 3.9154 0.0614
v -5.2678 4.4444 0.3348
v -5.2081 4.4594 0.4360
v -5.2593 4.4228 0.2750
v -4.7330 4.0729 0.6029
v -5.9195 4.1707 -0.0065
v -6.1528 4.4514 0.2533
v -4.8241 4.1534 0.5879
v -4.9010 4.4174 0.5370
v -6.3961 4.6609 -0.0289
v -6.0620 4.6852 0.1291
v -6.2765 4.6357 0.1359
v -6.3449 4.7081 0.0119
v -5.9980 4.6164 -0.0342
v -6.1967 4.6918 -0.0902
v -6.2860 4.6962 -0.0470
v -6.1876 4.8541 0.0700
v -5.4912 3.9334 0.2257
v -5.4033 4.6390 0.3389
v -6.3511 4.9414 0.0727
v -6.4281 4.8211 0.1829
v -6.3200 4.9692 -0.0991
v -5.9756 4.6834 0.2868
v -5.4770 4.2333 0.2547
v -6.0122 4.0244 0.1232
v -6.7034 4.6157 -0.5334
v -7.1614 4.4579 -0.7044
v -7.8658 4.0356 -0.2680
v -7.6393 4.1531 -0.0930
v -7.5825 3.8723 0.0035
v -7.4133 4.3043 0.0379
v -7.5551 4.3053 -0.0167
v -7.5229 4.2111 -0.0440
v -7.6402 4.0641 -0.1860
v -7.2815 3.9503 0.1667
v -8.3807 4.3287 -0.7835
v -8.3647 4.0377 -0.6409
v -7.5432 4.1638 -0.3427
v -8.2190 4.2099 -0.5759
v -8.5358 3.7046 -0.6726
v -7.3665 4.2388 -0.5050
v -8.6577 3.8261 -0.8248
v -6.8440 4.3862 -0.4162
v -6.6799 4.4080 -0.4012
v -7.5084 4.5015 -0.1572
v -7.1817 4.4610 0.0386
v -7.2820 4.6052 -0.2010
v -8.1622 4.3910 -0.6967
v -7.4049 4.6101 -0.5177
v -7.3074 4.6402 -0.3999
v -7.0180 4.4841 0.0211
v -8.3740 4.4903 -0.8121
v -7.5020 4.4983 -0.7701
v -8.5158 4.6924 -0.9929
v -8.3257 4.7193 -0.9089
v -7.7711 4.5350 -0.7508
v -7.4978 4.3651 -0.5764
v -8.3651 4.9040 -1.0533
v -8.2006 4.7176 -0.8087
v 4.0774 2.2513 1.7922
v 4.1809 1.4889 1.9946
v 3.7909 2.3094 1.8652
v 3.8193 2.0257 1.9458
v 4.2166 2.2774 1.7311
v 4.2348 1.8462 1.8293
v 4.1568 1.6735 2.1019
v 4.1904 1.9713 1.9027
v 4.4700 1.4579 2.0231
v 3.9986 1.4708 2.0452
v 3.9587 1.5194 2.1504
v 4.1241 1.4491 2.0286
v 4.7454 1.1850 2.1042
v 4.2305 1.1156 2.0885
v 4.1228 1.5193 2.1573
v 3.8327 1.1453 2.0595
v 4.9293 0.7693 2.1799
v 4.7840 0.6355 2.3918
v 3.9489 0.7506 2.0912
v 4.5358 0.6306 2.1408
v 4.2656 1.4593 1.7090
v 4.4526 1.4452 1.7785
v 4.7689 0.6519 2.1601
v 4.3108 0.4651 2.1206
v 4.3393 0.5921 2.1220
v 4.6777 0.5350 2.1685
v 3.9480 0.3142 2.1035
v 4.5492 0.4072 2.2240
v 4.4977 0.4439 2.1374
v 4.1347 0.3935 2.1200
v 4.6375 1.4503 1.7808
v 4.2432 1.4760 1.8001
v 4.9922 1.3502 2.1011
v 2.8947 1.3068 1.7501
v 3.6463 1.0564 2.0486
v 3.1426 0.9844 1.9240
v 3.7723 0.9445 2.0553
v 3.2856 1.2332 2.1096
v 3.3568 1.0284 2.1215
v 3.1986 1.1181 1.8676
v 2.8494 1.2296 1.5321
v 2.8138 1.0351 1.7404
v 2.7998 0.9881 1.5926
v 3.6632 0.9253 1.9651
v 3.7272 0.7817 1.9339
v 3.4620 0.6758 2.0119
v 3.3159 0.7335 1.9149
v 3.7268 0.6382 1.8733
v 3.0662 0.9610 1.8111
v 2.9929 0.7657 1.8111
v 2.8641 1.5557 1.5155
v 3.5218 0.5366 1.9165
v 2.9918 0.5511 1.7817
v 3.0315 0.4600 1.8124
v 2.9210 0.4552 1.7899
v 2.8208 0.4787 1.7503
v 3.8546 0.3726 1.9027
v 3.4474 0.3361 1.9415
v 3.3818 0.2948 2.1090
v 3.2788 0.3830 1.8746
v 3.8337 1.4254 2.0158
v 3.6640 1.4852 2.0145
v 3.3955 1.5355 1.8865
v 3.0668 1.5799 1.6566
v 3.6362 1.2646 2.0324
v 3.3777 1.4105 2.0006
v 3.2388 1.4320 1.8101
v 3.1251 2.6335 1.5237
v 2.8506 2.5924 1.5088
v 3.3102 2.2658 1.7687
v 3.0412 2.3624 1.6503
v 3.0461 2.1583 1.7336
v 3.7035 2.7124 1.5148
v 2.8190 2.3479 1.5940
v 3.5329 2.6656 1.4327
v 3.9045 2.6633 1.5155
v 3.5004 2.1304 1.8721
v 3.7006 2.6706 1.4430
v 3.3522 1.9214 1.8525
v 2.8836 2.0782 1.3929
v 3.0097 2.2671 1.7137
v 2.8340 2.0248 1.6719
v 3.7929 2.6085 1.7048
v 2.9223 1.8954 1.5507
v 3.1238 1.9671 1.7829
v 3.5235 1.8555 1.8917
v 3.4596 1.8154 1.6894
v 3.0056 2.3081 1.1120
v 3.0794 1.8729 1.5872
v 3.2922 1.8311 1.7081
v 2.9541 1.8457 1.5180
v 3.0229 1.6900 1.7058
v 3.5410 1.7262 1.8815
v 3.4626 1.5886 1.7996
v 3.5697 1.5857 1.8923
v 3.6742 1.6707 2.1103
v 3.5850 1.5222 2.0009
v 3.1195 2.6368 1.1849
v 3.2127 1.5759 1.7607
v 3.2896 2.6547 1.3011
v 3.0549 2.6459 1.1626
v 2.9323 2.6520 1.3441
v 3.6227 3.0588 1.4024
v 3.7929 2.9141 1.4543
v 9.9401 5.6486 -1.4260
v 3.2751 2.5251 1.6704
v 3.3951 2.9383 1.2985
v 3.4224 2.6142 1.6133
v 5.6958 3.5569 0.8417
v 5.2225 3.3631 0.9622
v 5.9729 3.1799 1.3650
v 5.3809 3.5903 0.8183
v 5.1275 4.0354 0.7971
v 5.6813 3.7996 0.8034
v 6.1841 3.8605 0.6663
v 6.1695 3.6982 0.7231
v 5.9129 3.3462 0.8263
v 6.4450 3.6608 0.6883
v 6.4362 3.9515 0.6335
v 6.8143 3.8186 0.5655
v 6.3500 3.4319 1.0281
v 6.6137 3.6645 0.8120
v 6.1811 3.4915 0.7974
v 6.9916 3.8174 0.7341
v 6.1819 2.6202 1.6129
v 5.5893 3.2089 0.9216
v 5.1005 3.0618 1.0535
v 5.3846 2.9715 1.2763
v 5.5960 2.9963 1.5203
v 5.8660 2.6444 1.5777
v 5.0813 2.8821 1.1948
v 5.5226 2.6943 1.4935
v 5.3557 2.6860 1.2569
v 5.3746 2.6326 1.5111
v 5.1463 2.6589 1.3911
v 4.9686 2.8222 1.1391
v 5.9584 2.8587 1.6360
v 5.1168 2.6801 1.0606
v 5.1674 2.6128 1.2495
v 5.0987 2.6028 1.1657
v 5.1497 2.4462 1.4683
v 5.0909 2.3859 1.3400
v 6.3109 2.3435 1.6632
v 6.0773 2.4053 1.6236
v 6.2228 3.1410 1.5742
v 6.6435 2.5886 1.6770
v 4.8187 3.0975 0.8970
v 4.8260 2.9061 1.0362
v 4.4535 2.9797 1.0965
v 5.0305 2.6797 1.1074
v 4.5506 2.7243 1.1075
v 5.0455 2.6554 0.9883
v 4.7868 2.7220 1.0905
v 4.5786 3.4182 0.7391
v 4.8459 2.6570 0.9468
v 4.3602 2.6915 1.1068
v 4.4940 2.6666 0.9602
v 4.9094 3.5575 0.8084
v 4.0941 3.0153 1.1345
v 4.1633 2.9540 1.0645
v 3.9827 2.8072 1.1935
v 4.1654 3.6862 0.6735
v 4.4845 3.5605 0.6673
v 4.1336 2.7086 1.1561
v 4.4172 3.8050 0.5313
v 4.2269 3.5113 0.7707
v 4.6306 3.6012 0.7892
v 4.6487 3.7941 0.6571
v 5.1125 3.7911 0.8797
v 5.3787 3.9187 0.8266
v 4.6379 4.0830 0.6155
v 5.1939 3.1606 0.9769
v 4.5041 3.2418 0.8585
v 4.7727 3.9797 0.6236
v 4.6932 3.2274 0.8261
v 3.3674 3.2542 0.7253
v 3.4170 3.2831 0.9091
v 3.2914 3.3237 0.9045
v 3.5337 3.2133 0.8156
v 3.4751 3.1874 1.2771
v 3.7476 3.1639 1.1408
v 3.4622 3.1995 1.0040
v 3.4174 3.1190 0.8336
v 3.2768 3.2001 1.1944
v 4.1084 3.2060 0.9941
v 3.7858 3.2456 0.8788
v 3.6001 3.2138 1.1282
v 3.8464 3.0549 1.3000
v 3.8721 3.5937 0.7913
v 3.3289 3.2143 1.0526
v 3.0628 3.6655 0.9343
v 3.5298 3.0321 0.8783
v 3.3218 3.6716 1.0037
v 4.0002 3.3587 0.7944
v 3.6392 3.4572 0.7936
v 3.6770 3.8017 0.7365
v 3.8071 2.8506 1.3060
v 3.8726 3.5919 0.6939
v 3.8081 3.0410 0.9861
v 3.6778 2.8161 0.9912
v 4.1534 3.7176 0.5886
v 3.9238 2.6826 1.1731
v 3.7715 2.6651 1.3167
v 3.5352 3.3390 0.9535
v 3.4810 3.8527 0.8287
v 3.4024 3.3788 0.9769
v 3.4456 3.8031 0.7105
v 3.5166 3.9256 0.6882
v 3.4294 3.9634 0.7176
v 3.2017 3.2388 1.0847
v 7.7944 2.8322 1.5908
v 3.4459 3.3668 0.7582
v 4.1485 3.8714 0.5517
v 3.5532 3.2753 0.7618
v 3.4406 3.5959 0.7379
v 3.4931 3.5660 0.8972
v 4.2626 4.0049 0.4229
v 3.2060 3.3989 0.9460
v 3.6810 2.6309 1.0853
v 4.2856 2.1072 1.5913
v 7.9319 2.5713 1.6257
v 4.2528 2.4686 1.1680
v 4.6148 1.5059 1.7175
v 4.5574 1.4664 1.7401
v 3.7754 2.6486 1.1748
v 4.1646 2.5991 1.3422
v 4.6053 2.2895 1.4645
v 4.4398 1.4659 1.6909
v 4.7367 2.0320 1.5997
v 4.3544 2.5076 1.4804
v 4.2395 2.4080 1.5280
v 4.1495 2.4771 1.3866
v 4.4737 2.5236 1.3743
v 4.2684 2.2945 1.5687
v 4.3788 2.4007 1.2692
v 4.3797 2.1079 1.6426
v 4.2018 2.3819 1.3807
v 4.5863 2.4614 1.3506
v 4.8558 2.5100 1.3604
v 4.4704 2.1380 1.5100
v 4.3515 2.0515 1.5280
v 4.5601 2.2591 1.6249
v 4.2685 1.5940 1.6454
v 3.7036 2.6388 1.0302
v 4.2696 2.0088 1.5378
v 4.0190 2.7031 1.2764
v 4.1221 2.5585 1.5254
v 4.2498 2.6523 1.0361
v 4.4693 2.5790 1.1402
v 4.2624 1.7730 1.6047
v 5.0503 2.6266 1.0527
v 4.6826 2.6691 0.9940
v 4.5555 1.6880 1.6733
v 4.2499 1.8724 1.5441
v 6.0411 1.6319 1.6816
v 5.1948 2.0648 1.5448
v 5.5785 1.2087 1.8649
v 5.8589 1.5625 1.8101
v 5.6027 1.2098 1.7739
v 5.7948 1.4969 1.7208
v 5.3060 1.6123 1.7821
v 4.8505 1.7228 1.7015
v 5.0458 1.6708 1.7361
v 5.0757 1.3667 1.8013
v 4.9491 1.4187 1.7471
v 4.7888 1.4258 1.7438
v 5.7452 1.3748 1.7524
v 4.7989 1.4497 2.0192
v 5.0029 2.0851 1.5515
v 5.5160 1.3511 1.7478
v 5.2618 1.3350 1.8030
v 5.3777 1.2745 1.8177
v 5.3970 1.2364 2.1290
v 4.9919 1.3701 1.7954
v 5.6344 1.7658 1.6139
v 5.9023 1.6417 1.5900
v 6.0668 1.6750 1.6143
v 6.2835 1.7863 1.6448
v 6.2371 1.7270 1.6666
v 5.7257 2.0644 1.5939
v 5.3642 1.9271 1.6103
v 5.6165 2.4922 1.5576
v 6.1818 1.9940 1.6062
v -5.7069 5.3767 -2.1025
v -5.0575 5.4737 -1.3281
v -5.5757 5.5023 -1.8236
v -2.5988 5.4636 -2.3368
v -2.1056 5.4489 -2.1404
v -2.4033 5.4160 -2.6803
v -8.1901 5.6099 -2.0958
v -8.4037 5.5533 -2.4480
v -2.3715 5.5199 -3.0946
v -2.9685 5.4448 -3.1527
v -3.1713 5.4401 -2.8838
v -1.6894 5.3775 -1.9248
v -1.6077 5.4678 -2.1608
v -8.1846 5.4661 -1.7271
v -1.9717 5.3945 -1.7217
v -0.3481 5.6883 -1.4962
v -0.7669 5.7423 -1.2166
v -0.6105 5.8633 -0.8302
v -0.1206 5.6734 -1.1491
v -0.0930 5.6754 -1.3499
v -0.2049 5.8275 -1.8988
v 0.1008 6.0046 -2.0811
v 1.3730 6.5431 -2.2949
v 1.1042 6.4359 -2.5505
v 1.1177 6.4295 -2.1059
v 0.9696 6.3802 -1.9313
v 1.9317 6.6158 -1.7965
v 2.2927 6.5910 -1.2001
v 2.5546 6.6079 -1.2428
v -8.9471 5.5352 -2.2520
v 4.3163 7.0318 -1.9090
v 3.2894 6.9804 -2.7959
v 3.8885 7.0564 -1.6995
v 3.3112 6.9856 -2.3789
v 5.2615 6.9063 -2.4232
v 4.5457 7.0702 -2.2953
v 4.0049 7.0445 -1.9145
v 4.4455 7.0256 -1.9561
v 5.1644 6.9539 -1.3801
v 5.3574 6.8993 -2.2084
v 5.9050 6.9967 -2.1087
v 5.9543 6.8119 -1.1952
v 5.2463 6.8816 -1.6383
v 6.2704 7.1981 -1.7131
v 7.0667 6.6509 -1.3400
v 7.6473 6.6014 -1.4403
v 8.1728 3.6477 0.7958
v 7.5332 6.7267 -1.8336
v 8.9052 6.4377 -2.1821
v 8.5548 6.3970 -1.8769
v 9.3698 6.2696 -1.8162
v 4.6391 6.7523 -1.7879
v 4.5489 6.6996 -1.2953
v 5.0966 6.8303 -0.8736
v 4.7211 6.7635 -0.8749
v 4.6860 6.6763 -0.6343
v 5.7397 6.8534 -1.2158
v 5.3598 6.6530 -0.9004
v 6.0776 6.9021 -1.4935
v -0.4810 0.2767 2.6891
v -0.9429 0.6189 2.3998
v -0.3739 0.3430 2.5416
v -3.0474 0.6498 2.4829
v -5.4281 2.9115 0.9542
v -6.5923 2.4719 0.5335
v -5.7684 5.2192 -2.2401
v -6.0372 5.0347 -1.9283
v -5.8590 5.1878 -2.0050
v -6.0543 5.1386 -1.7527
v -6.0776 5.2437 -2.1789
v -6.2416 5.3288 -2.0536
v -6.1847 5.1838 -2.7537
v -5.9351 5.2226 -2.4819
v -5.2917 1.4002 1.9063
v -6.8274 5.3445 -2.7530
v -6.3518 5.2455 -2.4352
v -6.7033 5.2787 -2.3697
v -7.5460 5.4965 -1.3804
v -7.4583 5.5759 -1.2110
v -7.6778 5.4194 -1.6325
v -7.7817 5.4916 -2.0310
v -7.4570 5.3738 -1.7412
v -7.1966 5.2082 -1.7270
v -7.7223 5.6511 -2.3210
v -7.1551 5.4435 -2.5283
v -7.8852 5.6004 -2.5256
vt 0.47567 0.86645
vt 0.50855 0.87329
vt 0.49742 0.87784
vt 0.09432 0.69695
vt 0.09928 0.70439
vt 0.08827 0.70320
vt 0.23213 0.33244
vt 0.23243 0.34380
vt 0.23024 0.33772
vt 0.53630 0.56168
vt 0.54494 0.55610
vt 0.54698 0.56631
vt 0.72286 0.47135
vt 0.72611 0.49420
vt 0.68170 0.48666
vt 0.68316 0.45496
vt 0.69491 0.44125
vt 0.71988 0.45778
vt 0.68170 0.48666
vt 0.68244 0.51451
vt 0.67086 0.49723
vt 0.78819 0.32508
vt 0.79321 0.32738
vt 0.78067 0.33946
vt 0.72286 0.47135
vt 0.68170 0.48666
vt 0.71988 0.45778
vt 0.65541 0.51031
vt 0.65888 0.49979
vt 0.67086 0.49723
vt 0.66730 0.51079
vt 0.65541 0.51031
vt 0.67086 0.49723
vt 0.66798 0.48624
vt 0.68170 0.48666
vt 0.67086 0.49723
vt 0.40921 0.64877
vt 0.40260 0.62544
vt 0.41602 0.63960
vt 0.02656 0.70842
vt 0.06014 0.73278
vt 0.02210 0.73841
vt 0.08317 0.78635
vt 0.07001 0.76419
vt 0.09166 0.78691
vt 0.05617 0.70680
vt 0.02656 0.70842
vt 0.03095 0.69400
vt 0.07001 0.76419
vt 0.07531 0.78747
vt 0.06666 0.78043
vt 0.07001 0.76419
vt 0.02262 0.75282
vt 0.06014 0.73278
vt 0.07001 0.76419
vt 0.08317 0.78635
vt 0.07531 0.78747
vt 0.01738 0.71379
vt 0.02656 0.70842
vt 0.02210 0.73841
vt 0.40260 0.62544
vt 0.43025 0.61870
vt 0.41602 0.63960
vt 0.54145 0.12093
vt 0.50499 0.10656
vt 0.53796 0.09992
vt 0.56966 0.09716
vt 0.53796 0.09992
vt 0.55108 0.08640
vt 0.50499 0.10656
vt 0.54145 0.12093
vt 0.51932 0.12047
vt 0.07001 0.76419
vt 0.09788 0.75801
vt 0.10099 0.78018
vt 0.41819 0.66753
vt 0.40921 0.64877
vt 0.42852 0.66048
vt 0.91083 0.86633
vt 0.89428 0.86102
vt 0.90802 0.85371
vt 0.00658 0.77528
vt 0.02404 0.78214
vt 0.01061 0.78956
vt 0.07001 0.76419
vt 0.04907 0.77331
vt 0.02262 0.75282
vt 0.02210 0.73841
vt 0.06014 0.73278
vt 0.02262 0.75282
vt 0.40921 0.64877
vt 0.41602 0.63960
vt 0.42852 0.66048
vt 0.42565 0.57766
vt 0.42539 0.57095
vt 0.43325 0.57364
vt 0.58999 0.92058
vt 0.59584 0.92657
vt 0.58589 0.93362
vt 0.81693 0.84433
vt 0.84283 0.83163
vt 0.82632 0.85033
vt 0.82632 0.85033
vt 0.84283 0.83163
vt 0.84353 0.84180
vt 0.84353 0.84180
vt 0.84283 0.83163
vt 0.85142 0.83615
vt 0.56966 0.09716
vt 0.58832 0.08881
vt 0.58946 0.10865
vt 0.62251 0.08720
vt 0.61721 0.10500
vt 0.58832 0.08881
vt 0.53796 0.09992
vt 0.56966 0.09716
vt 0.54145 0.12093
vt 0.55108 0.08640
vt 0.53796 0.09992
vt 0.53302 0.06839
vt 0.51932 0.12047
vt 0.49544 0.11766
vt 0.50499 0.10656
vt 0.23607 0.09543
vt 0.21075 0.12218
vt 0.20631 0.10018
vt 0.20959 0.08299
vt 0.23607 0.09543
vt 0.20631 0.10018
vt 0.20959 0.08299
vt 0.20920 0.06704
vt 0.23607 0.09543
vt 0.20631 0.10018
vt 0.20439 0.08601
vt 0.20959 0.08299
vt 0.16540 0.09193
vt 0.18333 0.09134
vt 0.18118 0.12385
vt 0.20439 0.08601
vt 0.20631 0.10018
vt 0.18333 0.09134
vt 0.24255 0.05431
vt 0.23607 0.09543
vt 0.20920 0.06704
vt 0.16481 0.06924
vt 0.17751 0.07028
vt 0.16540 0.09193
vt 0.26663 0.08920
vt 0.25144 0.09264
vt 0.26602 0.06843
vt 0.20959 0.08299
vt 0.20439 0.08601
vt 0.20920 0.06704
vt 0.26602 0.06843
vt 0.24255 0.05431
vt 0.26192 0.04160
vt 0.26602 0.06843
vt 0.26192 0.04160
vt 0.27605 0.05878
vt 0.26192 0.04160
vt 0.24255 0.05431
vt 0.26354 0.01998
vt 0.24207 0.01183
vt 0.22081 0.03773
vt 0.22613 0.01117
vt 0.24207 0.01183
vt 0.23396 0.04126
vt 0.22081 0.03773
vt 0.23396 0.04126
vt 0.24207 0.01183
vt 0.24255 0.05431
vt 0.26354 0.01998
vt 0.24255 0.05431
vt 0.24207 0.01183
vt 0.26663 0.08920
vt 0.26364 0.10717
vt 0.25144 0.09264
vt 0.26200 0.00848
vt 0.26354 0.01998
vt 0.24207 0.01183
vt 0.23727 0.12413
vt 0.23607 0.09543
vt 0.25144 0.09264
vt 0.25144 0.09264
vt 0.23607 0.09543
vt 0.24255 0.05431
vt 0.26200 0.00848
vt 0.24207 0.01183
vt 0.24559 0.00574
vt 0.59637 0.01619
vt 0.61583 0.02198
vt 0.61157 0.02807
vt 0.24207 0.01183
vt 0.22613 0.01117
vt 0.24559 0.00574
vt 0.61157 0.02807
vt 0.62423 0.02574
vt 0.62242 0.04219
vt 0.17751 0.07028
vt 0.20439 0.08601
vt 0.18333 0.09134
vt 0.20920 0.06704
vt 0.20439 0.08601
vt 0.17751 0.07028
vt 0.20920 0.06704
vt 0.17751 0.07028
vt 0.19044 0.04785
vt 0.20920 0.06704
vt 0.23396 0.04126
vt 0.24255 0.05431
vt 0.17751 0.07028
vt 0.17986 0.04514
vt 0.19044 0.04785
vt 0.17986 0.04514
vt 0.17066 0.05875
vt 0.16824 0.04595
vt 0.23396 0.04126
vt 0.20920 0.06704
vt 0.20759 0.04371
vt 0.17066 0.05875
vt 0.17751 0.07028
vt 0.16481 0.06924
vt 0.17066 0.05875
vt 0.17986 0.04514
vt 0.17751 0.07028
vt 0.20920 0.06704
vt 0.19044 0.04785
vt 0.20759 0.04371
vt 0.19044 0.04785
vt 0.19521 0.03056
vt 0.20759 0.04371
vt 0.23396 0.04126
vt 0.20759 0.04371
vt 0.22081 0.03773
vt 0.22081 0.03773
vt 0.20759 0.04371
vt 0.21033 0.02827
vt 0.22613 0.01117
vt 0.22081 0.03773
vt 0.21510 0.01505
vt 0.21033 0.02827
vt 0.21510 0.01505
vt 0.22081 0.03773
vt 0.19521 0.03056
vt 0.21033 0.02827
vt 0.20759 0.04371
vt 0.19521 0.03056
vt 0.19044 0.04785
vt 0.17986 0.04514
vt 0.20439 0.01776
vt 0.21510 0.01505
vt 0.21033 0.02827
vt 0.19521 0.03056
vt 0.20439 0.01776
vt 0.21033 0.02827
vt 0.21075 0.12218
vt 0.18118 0.12385
vt 0.20631 0.10018
vt 0.58933 0.01012
vt 0.59834 0.01255
vt 0.59637 0.01619
vt 0.21510 0.01505
vt 0.20439 0.01776
vt 0.20624 0.01269
vt 0.58800 0.00707
vt 0.59834 0.01255
vt 0.58933 0.01012
vt 0.20439 0.01776
vt 0.20096 0.01552
vt 0.20624 0.01269
vt 0.20631 0.10018
vt 0.18118 0.12385
vt 0.18333 0.09134
vt 0.47481 0.04643
vt 0.49705 0.02642
vt 0.49243 0.04639
vt 0.59834 0.01255
vt 0.61583 0.02198
vt 0.59637 0.01619
vt 0.61583 0.02198
vt 0.62423 0.02574
vt 0.61157 0.02807
vt 0.59834 0.01255
vt 0.58800 0.00707
vt 0.60109 0.00964
vt 0.25144 0.09264
vt 0.24255 0.05431
vt 0.26602 0.06843
vt 0.64739 0.02407
vt 0.62423 0.02574
vt 0.62623 0.00930
vt 0.26364 0.10717
vt 0.28609 0.10561
vt 0.27552 0.11910
vt 0.01029 0.02925
vt 0.00682 0.02469
vt 0.01231 0.01966
vt 0.27016 0.17648
vt 0.28206 0.15551
vt 0.28231 0.17622
vt 0.27016 0.17648
vt 0.28231 0.17622
vt 0.27654 0.17678
vt 0.26132 0.14020
vt 0.24737 0.14519
vt 0.25470 0.13204
vt 0.25470 0.13204
vt 0.24737 0.14519
vt 0.24285 0.13627
vt 0.25470 0.13204
vt 0.27552 0.11910
vt 0.26132 0.14020
vt 0.20109 0.15591
vt 0.21199 0.14471
vt 0.21510 0.17006
vt 0.23727 0.12413
vt 0.25470 0.13204
vt 0.24285 0.13627
vt 0.26132 0.14020
vt 0.25362 0.15789
vt 0.24737 0.14519
vt 0.24737 0.14519
vt 0.22622 0.15108
vt 0.24285 0.13627
vt 0.11714 0.52915
vt 0.12428 0.53505
vt 0.11069 0.53677
vt 0.11069 0.53677
vt 0.12428 0.53505
vt 0.11945 0.55230
vt 0.12571 0.54270
vt 0.11945 0.55230
vt 0.12428 0.53505
vt 0.12798 0.53976
vt 0.12884 0.54644
vt 0.12571 0.54270
vt 0.12571 0.54270
vt 0.12428 0.53505
vt 0.12798 0.53976
vt 0.23438 0.18741
vt 0.22838 0.19584
vt 0.21977 0.18509
vt 0.24719 0.18502
vt 0.23809 0.18346
vt 0.26373 0.16803
vt 0.23438 0.18741
vt 0.21977 0.18509
vt 0.23809 0.18346
vt 0.23809 0.18346
vt 0.21510 0.17006
vt 0.25362 0.15789
vt 0.21510 0.17006
vt 0.23809 0.18346
vt 0.21977 0.18509
vt 0.26373 0.16803
vt 0.23809 0.18346
vt 0.25362 0.15789
vt 0.25362 0.15789
vt 0.21510 0.17006
vt 0.22622 0.15108
vt 0.19796 0.17753
vt 0.21510 0.17006
vt 0.21977 0.18509
vt 0.19796 0.17753
vt 0.20109 0.15591
vt 0.21510 0.17006
vt 0.21510 0.17006
vt 0.21199 0.14471
vt 0.22622 0.15108
vt 0.25362 0.15789
vt 0.22622 0.15108
vt 0.24737 0.14519
vt 0.23727 0.12413
vt 0.24285 0.13627
vt 0.22622 0.15108
vt 0.23727 0.12413
vt 0.22622 0.15108
vt 0.21199 0.14471
vt 0.21199 0.14471
vt 0.21075 0.12218
vt 0.23727 0.12413
vt 0.20408 0.13860
vt 0.21199 0.14471
vt 0.20109 0.15591
vt 0.27552 0.11910
vt 0.25470 0.13204
vt 0.26364 0.10717
vt 0.23727 0.12413
vt 0.26364 0.10717
vt 0.25470 0.13204
vt 0.26613 0.15178
vt 0.25362 0.15789
vt 0.26132 0.14020
vt 0.26132 0.14020
vt 0.28206 0.15551
vt 0.26613 0.15178
vt 0.25144 0.09264
vt 0.26364 0.10717
vt 0.23727 0.12413
vt 0.21075 0.12218
vt 0.21199 0.14471
vt 0.20408 0.13860
vt 0.00682 0.02469
vt 0.00777 0.01986
vt 0.01231 0.01966
vt 0.12033 0.58273
vt 0.11659 0.57587
vt 0.14050 0.57645
vt 0.18118 0.12385
vt 0.21075 0.12218
vt 0.20408 0.13860
vt 0.11945 0.55230
vt 0.13498 0.55869
vt 0.12116 0.56436
vt 0.12116 0.56436
vt 0.13498 0.55869
vt 0.14050 0.57645
vt 0.12571 0.54270
vt 0.12884 0.54644
vt 0.11945 0.55230
vt 0.23727 0.12413
vt 0.21075 0.12218
vt 0.23607 0.09543
vt 0.11316 0.59112
vt 0.11659 0.57587
vt 0.12033 0.58273
vt 0.11945 0.55230
vt 0.12884 0.54644
vt 0.13498 0.55869
vt 0.26373 0.16803
vt 0.25362 0.15789
vt 0.26613 0.15178
vt 0.13498 0.55869
vt 0.14425 0.56762
vt 0.14050 0.57645
vt 0.11659 0.57587
vt 0.12116 0.56436
vt 0.14050 0.57645
vt 0.28206 0.15551
vt 0.27016 0.17648
vt 0.26373 0.16803
vt 0.26373 0.16803
vt 0.26057 0.18163
vt 0.24719 0.18502
vt 0.26373 0.16803
vt 0.27016 0.17648
vt 0.26057 0.18163
vt 0.26613 0.15178
vt 0.28206 0.15551
vt 0.26373 0.16803
vt 0.68053 0.24220
vt 0.68643 0.23186
vt 0.70460 0.24557
vt 0.66265 0.24223
vt 0.64816 0.25679
vt 0.65647 0.23102
vt 0.68053 0.24220
vt 0.66265 0.24223
vt 0.67199 0.22833
vt 0.66448 0.20635
vt 0.65647 0.23102
vt 0.65518 0.22331
vt 0.68643 0.23186
vt 0.68053 0.24220
vt 0.67199 0.22833
vt 0.65647 0.23102
vt 0.66448 0.20635
vt 0.67210 0.20954
vt 0.67199 0.22833
vt 0.69225 0.21145
vt 0.68643 0.23186
vt 0.67210 0.20954
vt 0.67199 0.22833
vt 0.65647 0.23102
vt 0.66265 0.24223
vt 0.65647 0.23102
vt 0.67199 0.22833
vt 0.40854 0.36822
vt 0.42878 0.36528
vt 0.41326 0.38007
vt 0.41326 0.38007
vt 0.42878 0.36528
vt 0.43358 0.39408
vt 0.40854 0.36822
vt 0.41326 0.38007
vt 0.40460 0.37664
vt 0.42878 0.36528
vt 0.40854 0.36822
vt 0.41158 0.35751
vt 0.41158 0.35751
vt 0.40854 0.36822
vt 0.40371 0.36137
vt 0.42148 0.33920
vt 0.44436 0.35120
vt 0.41158 0.35751
vt 0.44436 0.35120
vt 0.42878 0.36528
vt 0.41158 0.35751
vt 0.47481 0.04643
vt 0.46943 0.02160
vt 0.49705 0.02642
vt 0.46362 0.01962
vt 0.46943 0.02160
vt 0.45637 0.02263
vt 0.47663 0.06256
vt 0.47481 0.04643
vt 0.49243 0.04639
vt 0.47481 0.04643
vt 0.45532 0.04926
vt 0.46943 0.02160
vt 0.49243 0.04639
vt 0.52066 0.03451
vt 0.49121 0.08330
vt 0.45637 0.02263
vt 0.46943 0.02160
vt 0.45532 0.04926
vt 0.45637 0.02263
vt 0.45532 0.04926
vt 0.43322 0.03298
vt 0.49121 0.08330
vt 0.47663 0.06256
vt 0.49243 0.04639
vt 0.52603 0.02027
vt 0.49705 0.02642
vt 0.49392 0.01082
vt 0.47481 0.04643
vt 0.47663 0.06256
vt 0.45532 0.04926
vt 0.49392 0.01082
vt 0.49705 0.02642
vt 0.46943 0.02160
vt 0.44000 0.32276
vt 0.45157 0.34049
vt 0.44436 0.35120
vt 0.44000 0.32276
vt 0.44436 0.35120
vt 0.42148 0.33920
vt 0.45294 0.34833
vt 0.45753 0.35825
vt 0.44436 0.35120
vt 0.45294 0.34833
vt 0.44436 0.35120
vt 0.45157 0.34049
vt 0.53302 0.06839
vt 0.49121 0.08330
vt 0.52066 0.03451
vt 0.52603 0.02027
vt 0.52066 0.03451
vt 0.49705 0.02642
vt 0.49705 0.02642
vt 0.52066 0.03451
vt 0.49243 0.04639
vt 0.53796 0.09992
vt 0.49121 0.08330
vt 0.53302 0.06839
vt 0.53796 0.09992
vt 0.50499 0.10656
vt 0.49121 0.08330
vt 0.03548 0.36440
vt 0.02628 0.37147
vt 0.01418 0.36939
vt 0.04891 0.37751
vt 0.05749 0.39262
vt 0.04569 0.39624
vt 0.03548 0.36440
vt 0.03227 0.39256
vt 0.02628 0.37147
vt 0.04569 0.39624
vt 0.05749 0.39262
vt 0.05117 0.40448
vt 0.04569 0.39624
vt 0.03227 0.39256
vt 0.04891 0.37751
vt 0.05117 0.40448
vt 0.04083 0.40169
vt 0.04569 0.39624
vt 0.02375 0.54584
vt 0.04112 0.55202
vt 0.02081 0.55593
vt 0.02587 0.53291
vt 0.04884 0.52913
vt 0.04112 0.55202
vt 0.05749 0.39262
vt 0.06184 0.40199
vt 0.05117 0.40448
vt 0.02531 0.53819
vt 0.02587 0.53291
vt 0.02614 0.54003
vt 0.02614 0.54003
vt 0.02587 0.53291
vt 0.04112 0.55202
vt 0.05755 0.40393
vt 0.05117 0.40448
vt 0.06184 0.40199
vt 0.02614 0.54003
vt 0.04112 0.55202
vt 0.02375 0.54584
vt 0.03227 0.39256
vt 0.04569 0.39624
vt 0.04083 0.40169
vt 0.03227 0.39256
vt 0.02167 0.39333
vt 0.01691 0.39139
vt 0.03227 0.39256
vt 0.04083 0.40169
vt 0.03499 0.40027
vt 0.03227 0.39256
vt 0.00986 0.37881
vt 0.02628 0.37147
vt 0.03499 0.40027
vt 0.02739 0.39739
vt 0.03227 0.39256
vt 0.03227 0.39256
vt 0.02739 0.39739
vt 0.02167 0.39333
vt 0.02081 0.55593
vt 0.01693 0.56869
vt 0.01613 0.56205
vt 0.07573 0.40623
vt 0.06184 0.40199
vt 0.07136 0.39850
vt 0.45296 0.14505
vt 0.43138 0.15718
vt 0.42921 0.13393
vt 0.42921 0.13393
vt 0.43138 0.15718
vt 0.41457 0.14506
vt 0.05749 0.39262
vt 0.07136 0.39850
vt 0.06184 0.40199
vt 0.39923 0.17173
vt 0.40345 0.15568
vt 0.41061 0.16539
vt 0.01418 0.36939
vt 0.00648 0.36077
vt 0.00821 0.34808
vt 0.08090 0.39226
vt 0.07573 0.40623
vt 0.07136 0.39850
vt 0.04891 0.37751
vt 0.03227 0.39256
vt 0.03548 0.36440
vt 0.07573 0.40623
vt 0.06579 0.40609
vt 0.06184 0.40199
vt 0.04884 0.52913
vt 0.02404 0.52149
vt 0.02715 0.50988
vt 0.02053 0.51348
vt 0.02715 0.50988
vt 0.02404 0.52149
vt 0.05749 0.39262
vt 0.08090 0.39226
vt 0.07136 0.39850
vt 0.41457 0.14506
vt 0.41061 0.16539
vt 0.40345 0.15568
vt 0.40345 0.15568
vt 0.39923 0.17173
vt 0.38301 0.16365
vt 0.07364 0.36295
vt 0.04891 0.37751
vt 0.03548 0.36440
vt 0.07364 0.36295
vt 0.08090 0.39226
vt 0.05749 0.39262
vt 0.02721 0.34525
vt 0.03548 0.36440
vt 0.01418 0.36939
vt 0.39923 0.17173
vt 0.41061 0.16539
vt 0.40809 0.17788
vt 0.08671 0.40444
vt 0.07573 0.40623
vt 0.08090 0.39226
vt 0.08671 0.40444
vt 0.08090 0.39226
vt 0.09690 0.39702
vt 0.01892 0.49915
vt 0.02902 0.48989
vt 0.02715 0.50988
vt 0.08090 0.39226
vt 0.07364 0.36295
vt 0.08587 0.37659
vt 0.00986 0.37881
vt 0.03227 0.39256
vt 0.01691 0.39139
vt 0.41061 0.16539
vt 0.41457 0.14506
vt 0.43138 0.15718
vt 0.00986 0.37881
vt 0.01418 0.36939
vt 0.02628 0.37147
vt 0.00821 0.34808
vt 0.02721 0.34525
vt 0.01418 0.36939
vt 0.03548 0.36440
vt 0.04976 0.33201
vt 0.07364 0.36295
vt 0.03548 0.36440
vt 0.02721 0.34525
vt 0.04976 0.33201
vt 0.03098 0.31087
vt 0.04976 0.33201
vt 0.02721 0.34525
vt 0.10021 0.40335
vt 0.08671 0.40444
vt 0.09690 0.39702
vt 0.04884 0.52913
vt 0.05884 0.55144
vt 0.04112 0.55202
vt 0.01892 0.49915
vt 0.02715 0.50988
vt 0.02053 0.51348
vt 0.04870 0.58314
vt 0.02081 0.55593
vt 0.04112 0.55202
vt 0.04870 0.58314
vt 0.04112 0.55202
vt 0.05884 0.55144
vt 0.05799 0.56407
vt 0.05884 0.55144
vt 0.06552 0.55777
vt 0.95542 0.39307
vt 0.95321 0.40016
vt 0.94710 0.39730
vt 0.94870 0.38499
vt 0.95542 0.39307
vt 0.94710 0.39730
vt 0.10345 0.38347
vt 0.09690 0.39702
vt 0.08090 0.39226
vt 0.02081 0.55593
vt 0.04870 0.58314
vt 0.01693 0.56869
vt 0.02587 0.53291
vt 0.02404 0.52149
vt 0.04884 0.52913
vt 0.10796 0.40020
vt 0.09690 0.39702
vt 0.10770 0.39317
vt 0.09690 0.39702
vt 0.10796 0.40020
vt 0.10021 0.40335
vt 0.01891 0.49051
vt 0.02902 0.48989
vt 0.01892 0.49915
vt 0.95460 0.38165
vt 0.95542 0.39307
vt 0.94870 0.38499
vt 0.05884 0.55144
vt 0.05799 0.56407
vt 0.04870 0.58314
vt 0.93908 0.39584
vt 0.94870 0.38499
vt 0.94710 0.39730
vt 0.04870 0.58314
vt 0.05799 0.56407
vt 0.05658 0.57448
vt 0.41703 0.18097
vt 0.40809 0.17788
vt 0.41061 0.16539
vt 0.10345 0.38347
vt 0.10770 0.39317
vt 0.09690 0.39702
vt 0.02120 0.48351
vt 0.02902 0.48989
vt 0.01891 0.49051
vt 0.08090 0.39226
vt 0.08587 0.37659
vt 0.10345 0.38347
vt 0.42761 0.17702
vt 0.41061 0.16539
vt 0.43138 0.15718
vt 0.01954 0.33045
vt 0.02721 0.34525
vt 0.01481 0.33813
vt 0.41061 0.16539
vt 0.42761 0.17702
vt 0.41703 0.18097
vt 0.43279 0.18267
vt 0.42222 0.18171
vt 0.42761 0.17702
vt 0.11384 0.39698
vt 0.10796 0.40020
vt 0.10770 0.39317
vt 0.10770 0.39317
vt 0.11422 0.38700
vt 0.11384 0.39698
vt 0.08587 0.37659
vt 0.07364 0.36295
vt 0.09972 0.35947
vt 0.09142 0.34489
vt 0.09972 0.35947
vt 0.07364 0.36295
vt 0.41703 0.18097
vt 0.42761 0.17702
vt 0.42222 0.18171
vt 0.07249 0.33024
vt 0.09142 0.34489
vt 0.07364 0.36295
vt 0.10770 0.39317
vt 0.10345 0.38347
vt 0.11422 0.38700
vt 0.11422 0.38700
vt 0.10345 0.38347
vt 0.12161 0.37568
vt 0.08587 0.37659
vt 0.09972 0.35947
vt 0.10345 0.38347
vt 0.12873 0.38069
vt 0.11422 0.38700
vt 0.12161 0.37568
vt 0.02721 0.34525
vt 0.00821 0.34808
vt 0.01481 0.33813
vt 0.01954 0.33045
vt 0.02107 0.32460
vt 0.02721 0.34525
vt 0.02107 0.32460
vt 0.03098 0.31087
vt 0.02721 0.34525
vt 0.03098 0.31087
vt 0.02107 0.32460
vt 0.02023 0.31511
vt 0.09972 0.35947
vt 0.11413 0.36741
vt 0.10345 0.38347
vt 0.10345 0.38347
vt 0.11413 0.36741
vt 0.12161 0.37568
vt 0.13240 0.37527
vt 0.12873 0.38069
vt 0.12161 0.37568
vt 0.11413 0.36741
vt 0.09972 0.35947
vt 0.12327 0.35860
vt 0.12327 0.35860
vt 0.12161 0.37568
vt 0.11413 0.36741
vt 0.45060 0.17241
vt 0.42761 0.17702
vt 0.43138 0.15718
vt 0.05749 0.39262
vt 0.04891 0.37751
vt 0.07364 0.36295
vt 0.13240 0.37527
vt 0.12161 0.37568
vt 0.12327 0.35860
vt 0.68120 0.95954
vt 0.69181 0.95205
vt 0.70467 0.95579
vt 0.73868 0.94022
vt 0.72060 0.94147
vt 0.73146 0.93914
vt 0.39208 0.59448
vt 0.39161 0.60806
vt 0.37942 0.60671
vt 0.72284 0.95180
vt 0.70467 0.95579
vt 0.72060 0.94147
vt 0.38283 0.62042
vt 0.37942 0.60671
vt 0.39161 0.60806
vt 0.92759 0.31676
vt 0.94269 0.31884
vt 0.94255 0.32527
vt 0.92759 0.31676
vt 0.94255 0.32527
vt 0.93020 0.32623
vt 0.72284 0.95180
vt 0.72060 0.94147
vt 0.73868 0.94022
vt 0.40172 0.58539
vt 0.39161 0.60806
vt 0.39208 0.59448
vt 0.70385 0.94608
vt 0.72060 0.94147
vt 0.70467 0.95579
vt 0.73438 0.94744
vt 0.72284 0.95180
vt 0.73868 0.94022
vt 0.17737 0.18430
vt 0.19649 0.19187
vt 0.18518 0.20358
vt 0.73438 0.94744
vt 0.73868 0.94022
vt 0.74546 0.94160
vt 0.35200 0.63967
vt 0.35972 0.62304
vt 0.36410 0.64318
vt 0.18518 0.20358
vt 0.18021 0.21290
vt 0.17229 0.20022
vt 0.74233 0.94863
vt 0.73438 0.94744
vt 0.74546 0.94160
vt 0.36410 0.64318
vt 0.36887 0.63312
vt 0.37222 0.64180
vt 0.90276 0.22651
vt 0.89261 0.21224
vt 0.90900 0.21361
vt 0.89261 0.21224
vt 0.91003 0.20318
vt 0.90900 0.21361
vt 0.18518 0.20358
vt 0.18744 0.21099
vt 0.18021 0.21290
vt 0.18518 0.20358
vt 0.19358 0.20820
vt 0.18744 0.21099
vt 0.35200 0.63967
vt 0.36410 0.64318
vt 0.35874 0.64557
vt 0.19358 0.20820
vt 0.18518 0.20358
vt 0.19859 0.20396
vt 0.41349 0.56353
vt 0.40851 0.57412
vt 0.39776 0.57042
vt 0.39776 0.57042
vt 0.40851 0.57412
vt 0.40172 0.58539
vt 0.08578 0.12374
vt 0.06512 0.14250
vt 0.07752 0.11363
vt 0.06512 0.14250
vt 0.08578 0.12374
vt 0.08565 0.16187
vt 0.08565 0.16187
vt 0.08578 0.12374
vt 0.10432 0.12317
vt 0.12717 0.15739
vt 0.14273 0.17097
vt 0.13204 0.18455
vt 0.13204 0.18455
vt 0.11293 0.16897
vt 0.12717 0.15739
vt 0.11293 0.16897
vt 0.11791 0.13897
vt 0.12717 0.15739
vt 0.10432 0.12317
vt 0.11791 0.13897
vt 0.08565 0.16187
vt 0.11791 0.13897
vt 0.11293 0.16897
vt 0.08565 0.16187
vt 0.10432 0.12317
vt 0.11346 0.11562
vt 0.11791 0.13897
vt 0.09274 0.10610
vt 0.11346 0.11562
vt 0.10432 0.12317
vt 0.12717 0.15739
vt 0.11791 0.13897
vt 0.13186 0.13847
vt 0.13186 0.13847
vt 0.11791 0.13897
vt 0.11346 0.11562
vt 0.14273 0.17097
vt 0.17229 0.20022
vt 0.13204 0.18455
vt 0.05513 0.09580
vt 0.04003 0.10306
vt 0.03279 0.09243
vt 0.05014 0.06861
vt 0.02937 0.04360
vt 0.06144 0.04803
vt 0.05513 0.09580
vt 0.03321 0.07216
vt 0.05014 0.06861
vt 0.05513 0.09580
vt 0.03279 0.09243
vt 0.03321 0.07216
vt 0.05513 0.09580
vt 0.08615 0.08004
vt 0.07752 0.11363
vt 0.05513 0.09580
vt 0.07752 0.11363
vt 0.05467 0.11127
vt 0.09274 0.10610
vt 0.08578 0.12374
vt 0.07752 0.11363
vt 0.08615 0.08004
vt 0.09274 0.10610
vt 0.07752 0.11363
vt 0.05467 0.11127
vt 0.04003 0.10306
vt 0.05513 0.09580
vt 0.09274 0.10610
vt 0.10432 0.12317
vt 0.08578 0.12374
vt 0.02127 0.05023
vt 0.01528 0.04846
vt 0.02740 0.03020
vt 0.07356 0.05330
vt 0.05014 0.06861
vt 0.06144 0.04803
vt 0.02705 0.06516
vt 0.05014 0.06861
vt 0.03321 0.07216
vt 0.02937 0.04360
vt 0.05014 0.06861
vt 0.02705 0.06516
vt 0.02937 0.04360
vt 0.02705 0.06516
vt 0.02127 0.05023
vt 0.02705 0.06516
vt 0.01445 0.05689
vt 0.02127 0.05023
vt 0.00699 0.08724
vt 0.02705 0.06516
vt 0.03321 0.07216
vt 0.01445 0.05689
vt 0.00870 0.05643
vt 0.01528 0.04846
vt 0.02127 0.05023
vt 0.01445 0.05689
vt 0.01528 0.04846
vt 0.02705 0.06516
vt 0.00626 0.07046
vt 0.01445 0.05689
vt 0.03279 0.09243
vt 0.04003 0.10306
vt 0.02934 0.11561
vt 0.03321 0.07216
vt 0.03279 0.09243
vt 0.00699 0.08724
vt 0.03279 0.09243
vt 0.02934 0.11561
vt 0.00699 0.08724
vt 0.05467 0.11127
vt 0.02934 0.11561
vt 0.04003 0.10306
vt 0.05513 0.09580
vt 0.05014 0.06861
vt 0.08615 0.08004
vt 0.10501 0.09442
vt 0.09274 0.10610
vt 0.08615 0.08004
vt 0.07356 0.05330
vt 0.10275 0.05909
vt 0.08615 0.08004
vt 0.08615 0.08004
vt 0.05014 0.06861
vt 0.07356 0.05330
vt 0.06144 0.04803
vt 0.06488 0.03420
vt 0.07356 0.05330
vt 0.06488 0.03420
vt 0.08572 0.04843
vt 0.07356 0.05330
vt 0.03833 0.01754
vt 0.05179 0.01356
vt 0.04014 0.02494
vt 0.03833 0.01754
vt 0.04779 0.00900
vt 0.05179 0.01356
vt 0.00699 0.08724
vt 0.00626 0.07046
vt 0.02705 0.06516
vt 0.66620 0.16945
vt 0.67570 0.17979
vt 0.65967 0.17983
vt 0.00699 0.08724
vt 0.02934 0.11561
vt 0.00701 0.11015
vt 0.65967 0.17983
vt 0.63889 0.17850
vt 0.66620 0.16945
vt 0.66700 0.15537
vt 0.66620 0.16945
vt 0.63084 0.16385
vt 0.08572 0.04843
vt 0.06488 0.03420
vt 0.08099 0.03560
vt 0.66620 0.16945
vt 0.63889 0.17850
vt 0.63084 0.16385
vt 0.66700 0.15537
vt 0.65079 0.13449
vt 0.67605 0.12503
vt 0.06460 0.00515
vt 0.06954 0.01386
vt 0.05832 0.00806
vt 0.06488 0.03420
vt 0.06954 0.01386
vt 0.08099 0.03560
vt 0.05179 0.01356
vt 0.05832 0.00806
vt 0.06954 0.01386
vt 0.05179 0.01356
vt 0.06954 0.01386
vt 0.06488 0.03420
vt 0.05832 0.00806
vt 0.05179 0.01356
vt 0.04779 0.00900
vt 0.08572 0.04843
vt 0.10275 0.05909
vt 0.07356 0.05330
vt 0.39865 0.39284
vt 0.39152 0.39759
vt 0.39034 0.39069
vt 0.08099 0.03560
vt 0.09534 0.04121
vt 0.08572 0.04843
vt 0.13204 0.18455
vt 0.15556 0.21519
vt 0.12111 0.20846
vt 0.12577 0.24896
vt 0.12111 0.20846
vt 0.13585 0.23072
vt 0.13585 0.23072
vt 0.15556 0.21519
vt 0.15587 0.24389
vt 0.15556 0.21519
vt 0.13585 0.23072
vt 0.12111 0.20846
vt 0.15587 0.24389
vt 0.12577 0.24896
vt 0.13585 0.23072
vt 0.12111 0.20846
vt 0.12577 0.24896
vt 0.10918 0.23582
vt 0.10918 0.23582
vt 0.10223 0.20858
vt 0.12111 0.20846
vt 0.17229 0.20022
vt 0.15556 0.21519
vt 0.13204 0.18455
vt 0.12560 0.28438
vt 0.10371 0.25871
vt 0.12577 0.24896
vt 0.04028 0.17184
vt 0.08565 0.16187
vt 0.07384 0.20259
vt 0.08209 0.22918
vt 0.07384 0.20259
vt 0.10223 0.20858
vt 0.10918 0.23582
vt 0.08209 0.22918
vt 0.10223 0.20858
vt 0.10918 0.23582
vt 0.12577 0.24896
vt 0.10371 0.25871
vt 0.08209 0.22918
vt 0.05399 0.23149
vt 0.07384 0.20259
vt 0.10371 0.25871
vt 0.10909 0.28299
vt 0.09202 0.27797
vt 0.10371 0.25871
vt 0.07512 0.24691
vt 0.10918 0.23582
vt 0.10371 0.25871
vt 0.09202 0.27797
vt 0.07512 0.24691
vt 0.07512 0.24691
vt 0.09202 0.27797
vt 0.07518 0.27598
vt 0.10918 0.23582
vt 0.07512 0.24691
vt 0.08209 0.22918
vt 0.08565 0.16187
vt 0.04028 0.17184
vt 0.06512 0.14250
vt 0.04707 0.20606
vt 0.07384 0.20259
vt 0.05399 0.23149
vt 0.05955 0.25921
vt 0.07512 0.24691
vt 0.07518 0.27598
vt 0.08565 0.16187
vt 0.10223 0.20858
vt 0.07384 0.20259
vt 0.08209 0.22918
vt 0.07512 0.24691
vt 0.05399 0.23149
vt 0.04749 0.13253
vt 0.06512 0.14250
vt 0.04028 0.17184
vt 0.07518 0.27598
vt 0.09202 0.27797
vt 0.07820 0.30046
vt 0.11293 0.16897
vt 0.12111 0.20846
vt 0.10223 0.20858
vt 0.10223 0.20858
vt 0.08565 0.16187
vt 0.11293 0.16897
vt 0.11293 0.16897
vt 0.13204 0.18455
vt 0.12111 0.20846
vt 0.00936 0.13262
vt 0.00701 0.11015
vt 0.02934 0.11561
vt 0.55766 0.17437
vt 0.57556 0.16114
vt 0.59264 0.16569
vt 0.65079 0.13449
vt 0.60724 0.13270
vt 0.61721 0.10500
vt 0.61856 0.16696
vt 0.60724 0.13270
vt 0.63084 0.16385
vt 0.57556 0.16114
vt 0.58795 0.14980
vt 0.59264 0.16569
vt 0.57556 0.16114
vt 0.56182 0.14080
vt 0.58795 0.14980
vt 0.65079 0.13449
vt 0.63084 0.16385
vt 0.60724 0.13270
vt 0.66700 0.15537
vt 0.63084 0.16385
vt 0.65079 0.13449
vt 0.61721 0.10500
vt 0.60724 0.13270
vt 0.58946 0.10865
vt 0.58946 0.10865
vt 0.60724 0.13270
vt 0.56903 0.12479
vt 0.56966 0.09716
vt 0.58946 0.10865
vt 0.56903 0.12479
vt 0.58795 0.14980
vt 0.56182 0.14080
vt 0.56903 0.12479
vt 0.56903 0.12479
vt 0.60724 0.13270
vt 0.58795 0.14980
vt 0.63084 0.16385
vt 0.63889 0.17850
vt 0.61856 0.16696
vt 0.56182 0.14080
vt 0.54145 0.12093
vt 0.56903 0.12479
vt 0.65776 0.10107
vt 0.65079 0.13449
vt 0.61721 0.10500
vt 0.00936 0.13262
vt 0.02934 0.11561
vt 0.02584 0.15039
vt 0.54145 0.12093
vt 0.56966 0.09716
vt 0.56903 0.12479
vt 0.58795 0.14980
vt 0.61856 0.16696
vt 0.59264 0.16569
vt 0.65079 0.13449
vt 0.65776 0.10107
vt 0.67605 0.12503
vt 0.04749 0.13253
vt 0.02584 0.15039
vt 0.02934 0.11561
vt 0.02584 0.15039
vt 0.04749 0.13253
vt 0.04028 0.17184
vt 0.61856 0.16696
vt 0.58795 0.14980
vt 0.60724 0.13270
vt 0.05467 0.11127
vt 0.04749 0.13253
vt 0.02934 0.11561
vt 0.06512 0.14250
vt 0.04749 0.13253
vt 0.07752 0.11363
vt 0.04749 0.13253
vt 0.05467 0.11127
vt 0.07752 0.11363
vt 0.61687 0.17973
vt 0.59447 0.18251
vt 0.61856 0.16696
vt 0.59264 0.16569
vt 0.61856 0.16696
vt 0.59447 0.18251
vt 0.61856 0.16696
vt 0.63889 0.17850
vt 0.61687 0.17973
vt 0.02584 0.15039
vt 0.01333 0.15458
vt 0.00936 0.13262
vt 0.01333 0.15458
vt 0.02584 0.15039
vt 0.02252 0.16810
vt 0.55536 0.44918
vt 0.54953 0.44077
vt 0.55585 0.43679
vt 0.11323 0.29914
vt 0.12866 0.29983
vt 0.12775 0.31090
vt 0.07249 0.33024
vt 0.06680 0.30921
vt 0.09409 0.31021
vt 0.09202 0.27797
vt 0.09409 0.31021
vt 0.07820 0.30046
vt 0.07820 0.30046
vt 0.09409 0.31021
vt 0.06680 0.30921
vt 0.05689 0.27974
vt 0.07820 0.30046
vt 0.06680 0.30921
vt 0.09142 0.34489
vt 0.07249 0.33024
vt 0.09409 0.31021
vt 0.11323 0.29914
vt 0.12775 0.31090
vt 0.10942 0.32592
vt 0.10909 0.28299
vt 0.11323 0.29914
vt 0.09202 0.27797
vt 0.09202 0.27797
vt 0.11323 0.29914
vt 0.09409 0.31021
vt 0.12131 0.34381
vt 0.13015 0.32839
vt 0.13379 0.34700
vt 0.13379 0.34700
vt 0.12327 0.35860
vt 0.12131 0.34381
vt 0.12775 0.31090
vt 0.13015 0.32839
vt 0.10942 0.32592
vt 0.10909 0.28299
vt 0.12560 0.28438
vt 0.11323 0.29914
vt 0.11323 0.29914
vt 0.12560 0.28438
vt 0.12866 0.29983
vt 0.12560 0.28438
vt 0.10909 0.28299
vt 0.10371 0.25871
vt 0.15245 0.35634
vt 0.14208 0.36860
vt 0.13379 0.34700
vt 0.15245 0.35634
vt 0.15656 0.33537
vt 0.16250 0.34106
vt 0.16728 0.36548
vt 0.15245 0.35634
vt 0.17285 0.34689
vt 0.15245 0.35634
vt 0.16250 0.34106
vt 0.17285 0.34689
vt 0.10942 0.32592
vt 0.13015 0.32839
vt 0.12131 0.34381
vt 0.13379 0.34700
vt 0.15656 0.33537
vt 0.15245 0.35634
vt 0.15656 0.33537
vt 0.13379 0.34700
vt 0.13015 0.32839
vt 0.42314 0.51716
vt 0.42331 0.52655
vt 0.41902 0.52086
vt 0.42413 0.53491
vt 0.41902 0.52086
vt 0.42331 0.52655
vt 0.63376 0.96191
vt 0.62604 0.96311
vt 0.62458 0.95566
vt 0.12775 0.31090
vt 0.14889 0.30019
vt 0.13015 0.32839
vt 0.14889 0.30019
vt 0.12866 0.29983
vt 0.12560 0.28438
vt 0.13015 0.32839
vt 0.14889 0.30019
vt 0.15656 0.33537
vt 0.14889 0.30019
vt 0.12775 0.31090
vt 0.12866 0.29983
vt 0.07249 0.33024
vt 0.04976 0.33201
vt 0.06680 0.30921
vt 0.12131 0.34381
vt 0.09972 0.35947
vt 0.09142 0.34489
vt 0.54165 0.46564
vt 0.54902 0.46101
vt 0.54496 0.47228
vt 0.54953 0.44077
vt 0.55536 0.44918
vt 0.54470 0.45536
vt 0.54470 0.45536
vt 0.55536 0.44918
vt 0.54902 0.46101
vt 0.12131 0.34381
vt 0.09142 0.34489
vt 0.10942 0.32592
vt 0.12131 0.34381
vt 0.12327 0.35860
vt 0.09972 0.35947
vt 0.54165 0.46564
vt 0.54470 0.45536
vt 0.54902 0.46101
vt 0.15656 0.33537
vt 0.16963 0.33400
vt 0.16250 0.34106
vt 0.54470 0.45536
vt 0.54039 0.44744
vt 0.54953 0.44077
vt 0.42139 0.51238
vt 0.41902 0.52086
vt 0.41333 0.51897
vt 0.99314 0.85127
vt 0.98400 0.85739
vt 0.99097 0.84905
vt 0.54470 0.45536
vt 0.53869 0.46229
vt 0.54039 0.44744
vt 0.63305 0.93859
vt 0.62460 0.93931
vt 0.62675 0.93331
vt 0.42139 0.51238
vt 0.42314 0.51716
vt 0.41902 0.52086
vt 0.09409 0.31021
vt 0.10942 0.32592
vt 0.09142 0.34489
vt 0.16738 0.32363
vt 0.16963 0.33400
vt 0.15656 0.33537
vt 0.07364 0.36295
vt 0.04976 0.33201
vt 0.07249 0.33024
vt 0.62460 0.93931
vt 0.62163 0.93847
vt 0.62675 0.93331
vt 0.16738 0.32363
vt 0.15656 0.33537
vt 0.16563 0.31373
vt 0.14889 0.30019
vt 0.16433 0.28549
vt 0.16578 0.30497
vt 0.64313 0.94163
vt 0.62458 0.95566
vt 0.63305 0.93859
vt 0.64892 0.94402
vt 0.62458 0.95566
vt 0.64313 0.94163
vt 0.16433 0.28549
vt 0.14889 0.30019
vt 0.14298 0.28033
vt 0.16578 0.30497
vt 0.16563 0.31373
vt 0.14889 0.30019
vt 0.15656 0.33537
vt 0.14889 0.30019
vt 0.16563 0.31373
vt 0.53270 0.45638
vt 0.54039 0.44744
vt 0.53869 0.46229
vt 0.99097 0.84905
vt 0.98400 0.85739
vt 0.98826 0.84411
vt 0.98400 0.85739
vt 0.98081 0.84916
vt 0.98826 0.84411
vt 0.15800 0.26178
vt 0.16431 0.27434
vt 0.14298 0.28033
vt 0.10942 0.32592
vt 0.09409 0.31021
vt 0.11323 0.29914
vt 0.14298 0.28033
vt 0.14889 0.30019
vt 0.12560 0.28438
vt 0.12560 0.28438
vt 0.12577 0.24896
vt 0.14298 0.28033
vt 0.41333 0.51897
vt 0.41902 0.52086
vt 0.42413 0.53491
vt 0.42413 0.53491
vt 0.41439 0.53456
vt 0.41333 0.51897
vt 0.41439 0.53456
vt 0.40452 0.52095
vt 0.41333 0.51897
vt 0.94257 0.32545
vt 0.94431 0.33139
vt 0.93592 0.33203
vt 0.94269 0.31884
vt 0.94747 0.32268
vt 0.94255 0.32527
vt 0.40452 0.52095
vt 0.41439 0.53456
vt 0.39930 0.52324
vt 0.97934 0.84404
vt 0.98677 0.83755
vt 0.98826 0.84411
vt 0.97934 0.84404
vt 0.98826 0.84411
vt 0.98081 0.84916
vt 0.52667 0.44675
vt 0.54039 0.44744
vt 0.53270 0.45638
vt 0.64532 0.96078
vt 0.64892 0.94402
vt 0.65940 0.95783
vt 0.98513 0.83198
vt 0.98677 0.83755
vt 0.97934 0.84404
vt 0.38729 0.52711
vt 0.39795 0.54940
vt 0.37510 0.53824
vt 0.39795 0.54940
vt 0.38729 0.52711
vt 0.39930 0.52324
vt 0.38429 0.51802
vt 0.38729 0.52711
vt 0.37195 0.51448
vt 0.64532 0.96078
vt 0.63376 0.96191
vt 0.64892 0.94402
vt 0.64892 0.94402
vt 0.66792 0.94567
vt 0.65940 0.95783
vt 0.64532 0.96078
vt 0.65940 0.95783
vt 0.65513 0.96222
vt 0.42150 0.54469
vt 0.41252 0.54660
vt 0.41439 0.53456
vt 0.93592 0.33203
vt 0.93020 0.32623
vt 0.94255 0.32527
vt 0.16433 0.28549
vt 0.14298 0.28033
vt 0.16431 0.27434
vt 0.66672 0.96148
vt 0.65513 0.96222
vt 0.65940 0.95783
vt 0.68071 0.94583
vt 0.67900 0.95435
vt 0.66792 0.94567
vt 0.65940 0.95783
vt 0.67900 0.95435
vt 0.66672 0.96148
vt 0.15800 0.26178
vt 0.14298 0.28033
vt 0.15587 0.24389
vt 0.15587 0.24389
vt 0.14298 0.28033
vt 0.12577 0.24896
vt 0.37510 0.53824
vt 0.37195 0.51448
vt 0.38729 0.52711
vt 0.70467 0.95579
vt 0.69181 0.95205
vt 0.70385 0.94608
vt 0.68120 0.95954
vt 0.66672 0.96148
vt 0.67900 0.95435
vt 0.14208 0.36860
vt 0.13240 0.37527
vt 0.12327 0.35860
vt 0.12327 0.35860
vt 0.13379 0.34700
vt 0.14208 0.36860
vt 0.15800 0.26178
vt 0.16474 0.25730
vt 0.16431 0.27434
vt 0.70385 0.94608
vt 0.71114 0.94310
vt 0.72060 0.94147
vt 0.68071 0.94583
vt 0.69181 0.95205
vt 0.67900 0.95435
vt 0.15587 0.24389
vt 0.16778 0.25003
vt 0.15800 0.26178
vt 0.69181 0.95205
vt 0.68120 0.95954
vt 0.67900 0.95435
vt 0.16778 0.25003
vt 0.16474 0.25730
vt 0.15800 0.26178
vt 0.63376 0.96191
vt 0.62458 0.95566
vt 0.64892 0.94402
vt 0.42413 0.53491
vt 0.42150 0.54469
vt 0.41439 0.53456
vt 0.15587 0.24389
vt 0.16755 0.24294
vt 0.16778 0.25003
vt 0.54145 0.12093
vt 0.53231 0.15055
vt 0.52885 0.13148
vt 0.51262 0.15016
vt 0.51239 0.17174
vt 0.48630 0.15837
vt 0.52885 0.13148
vt 0.53231 0.15055
vt 0.51262 0.15016
vt 0.05689 0.27974
vt 0.05955 0.25921
vt 0.07518 0.27598
vt 0.54145 0.12093
vt 0.52885 0.13148
vt 0.51932 0.12047
vt 0.05399 0.23149
vt 0.07512 0.24691
vt 0.04232 0.25350
vt 0.07512 0.24691
vt 0.05955 0.25921
vt 0.04232 0.25350
vt 0.04232 0.25350
vt 0.05955 0.25921
vt 0.05689 0.27974
vt 0.59819 0.62467
vt 0.59775 0.64363
vt 0.59128 0.62571
vt 0.54145 0.12093
vt 0.56182 0.14080
vt 0.53231 0.15055
vt 0.56182 0.14080
vt 0.53456 0.17079
vt 0.53231 0.15055
vt 0.58143 0.65424
vt 0.56963 0.60456
vt 0.59128 0.62571
vt 0.05689 0.27974
vt 0.07518 0.27598
vt 0.07820 0.30046
vt 0.49037 0.17363
vt 0.48630 0.15837
vt 0.51239 0.17174
vt 0.56963 0.60456
vt 0.58514 0.60656
vt 0.59516 0.61813
vt 0.57816 0.59822
vt 0.56963 0.60456
vt 0.57110 0.57759
vt 0.57816 0.59822
vt 0.58514 0.60656
vt 0.56963 0.60456
vt 0.06680 0.30921
vt 0.03842 0.29166
vt 0.05689 0.27974
vt 0.57110 0.57759
vt 0.56963 0.60456
vt 0.55974 0.58431
vt 0.83140 0.60151
vt 0.81776 0.60520
vt 0.82405 0.58924
vt 0.05689 0.27974
vt 0.03034 0.26681
vt 0.04232 0.25350
vt 0.05689 0.27974
vt 0.03842 0.29166
vt 0.03034 0.26681
vt 0.01962 0.22606
vt 0.03034 0.26681
vt 0.01993 0.26442
vt 0.03098 0.31087
vt 0.06680 0.30921
vt 0.04976 0.33201
vt 0.51262 0.15016
vt 0.50629 0.13112
vt 0.52885 0.13148
vt 0.53231 0.15055
vt 0.51239 0.17174
vt 0.51262 0.15016
vt 0.06680 0.30921
vt 0.03098 0.31087
vt 0.03842 0.29166
vt 0.51262 0.15016
vt 0.48630 0.15837
vt 0.47794 0.14431
vt 0.59819 0.62467
vt 0.60264 0.63166
vt 0.59775 0.64363
vt 0.48290 0.18325
vt 0.45278 0.18230
vt 0.45060 0.17241
vt 0.53456 0.17079
vt 0.52322 0.18388
vt 0.51239 0.17174
vt 0.51239 0.17174
vt 0.53231 0.15055
vt 0.53456 0.17079
vt 0.03842 0.29166
vt 0.03098 0.31087
vt 0.01920 0.29629
vt 0.03034 0.26681
vt 0.03842 0.29166
vt 0.01993 0.26442
vt 0.01993 0.26442
vt 0.03842 0.29166
vt 0.01920 0.29629
vt 0.81219 0.62294
vt 0.79890 0.60758
vt 0.80901 0.60258
vt 0.56963 0.60456
vt 0.59516 0.61813
vt 0.59128 0.62571
vt 0.80901 0.60258
vt 0.81468 0.59751
vt 0.81776 0.60520
vt 0.49037 0.17363
vt 0.48290 0.18325
vt 0.45060 0.17241
vt 0.49037 0.17363
vt 0.52322 0.18388
vt 0.48290 0.18325
vt 0.51239 0.17174
vt 0.52322 0.18388
vt 0.49037 0.17363
vt 0.81219 0.62294
vt 0.80901 0.60258
vt 0.81776 0.60520
vt 0.49037 0.17363
vt 0.45060 0.17241
vt 0.48630 0.15837
vt 0.52322 0.18388
vt 0.53456 0.17079
vt 0.55279 0.18296
vt 0.45060 0.17241
vt 0.45278 0.18230
vt 0.43279 0.18267
vt 0.45060 0.17241
vt 0.43279 0.18267
vt 0.42761 0.17702
vt 0.02023 0.31511
vt 0.01920 0.29629
vt 0.03098 0.31087
vt 0.53456 0.17079
vt 0.56182 0.14080
vt 0.57556 0.16114
vt 0.57556 0.16114
vt 0.55766 0.17437
vt 0.53456 0.17079
vt 0.04232 0.25350
vt 0.03034 0.26681
vt 0.02984 0.21322
vt 0.02984 0.21322
vt 0.03034 0.26681
vt 0.01962 0.22606
vt 0.47794 0.14431
vt 0.45911 0.13002
vt 0.47537 0.13059
vt 0.45060 0.17241
vt 0.45296 0.14505
vt 0.48630 0.15837
vt 0.47794 0.14431
vt 0.48630 0.15837
vt 0.45296 0.14505
vt 0.01614 0.19484
vt 0.02984 0.21322
vt 0.01962 0.22606
vt 0.45296 0.14505
vt 0.45060 0.17241
vt 0.43138 0.15718
vt 0.55279 0.18296
vt 0.53456 0.17079
vt 0.55766 0.17437
vt 0.02984 0.21322
vt 0.01614 0.19484
vt 0.02676 0.19365
vt 0.55766 0.17437
vt 0.57341 0.18224
vt 0.55279 0.18296
vt 0.02676 0.19365
vt 0.01614 0.19484
vt 0.01248 0.17411
vt 0.02676 0.19365
vt 0.01248 0.17411
vt 0.02252 0.16810
vt 0.59264 0.16569
vt 0.57341 0.18224
vt 0.55766 0.17437
vt 0.02984 0.21322
vt 0.05399 0.23149
vt 0.04232 0.25350
vt 0.04707 0.20606
vt 0.02984 0.21322
vt 0.02676 0.19365
vt 0.02984 0.21322
vt 0.04707 0.20606
vt 0.05399 0.23149
vt 0.47794 0.14431
vt 0.45296 0.14505
vt 0.45911 0.13002
vt 0.50629 0.13112
vt 0.51262 0.15016
vt 0.47794 0.14431
vt 0.02676 0.19365
vt 0.02252 0.16810
vt 0.04028 0.17184
vt 0.04028 0.17184
vt 0.04707 0.20606
vt 0.02676 0.19365
vt 0.52885 0.13148
vt 0.50629 0.13112
vt 0.51932 0.12047
vt 0.47794 0.14431
vt 0.47537 0.13059
vt 0.50629 0.13112
vt 0.04707 0.20606
vt 0.04028 0.17184
vt 0.07384 0.20259
vt 0.50629 0.13112
vt 0.47537 0.13059
vt 0.49544 0.11766
vt 0.02252 0.16810
vt 0.01248 0.17411
vt 0.01333 0.15458
vt 0.02252 0.16810
vt 0.02584 0.15039
vt 0.04028 0.17184
vt 0.59447 0.18251
vt 0.57341 0.18224
vt 0.59264 0.16569
vt 0.19693 0.37415
vt 0.20519 0.37823
vt 0.20659 0.38604
vt 0.82094 0.45692
vt 0.82135 0.47467
vt 0.81050 0.46213
vt 0.56511 0.23990
vt 0.56460 0.25810
vt 0.54240 0.24125
vt 0.54556 0.22420
vt 0.56511 0.23990
vt 0.54240 0.24125
vt 0.56228 0.22797
vt 0.56511 0.23990
vt 0.54556 0.22420
vt 0.54240 0.24125
vt 0.53255 0.22467
vt 0.54556 0.22420
vt 0.20519 0.37823
vt 0.19693 0.37415
vt 0.20153 0.37344
vt 0.82135 0.47467
vt 0.79864 0.47337
vt 0.81050 0.46213
vt 0.19693 0.37415
vt 0.20659 0.38604
vt 0.18478 0.38835
vt 0.83813 0.47719
vt 0.82135 0.47467
vt 0.83026 0.45997
vt 0.83813 0.47719
vt 0.83026 0.45997
vt 0.84361 0.46484
vt 0.19959 0.36640
vt 0.20153 0.37344
vt 0.19693 0.37415
vt 0.20659 0.38604
vt 0.22324 0.40411
vt 0.18478 0.38835
vt 0.81050 0.46213
vt 0.79864 0.47337
vt 0.79573 0.45888
vt 0.84417 0.47133
vt 0.84195 0.47809
vt 0.83813 0.47719
vt 0.80793 0.48960
vt 0.79864 0.47337
vt 0.82135 0.47467
vt 0.81570 0.45216
vt 0.82094 0.45692
vt 0.81050 0.46213
vt 0.84361 0.46484
vt 0.84417 0.47133
vt 0.83813 0.47719
vt 0.19083 0.37108
vt 0.19959 0.36640
vt 0.19693 0.37415
vt 0.18746 0.42218
vt 0.16892 0.39793
vt 0.18478 0.38835
vt 0.19083 0.37108
vt 0.19693 0.37415
vt 0.18478 0.38835
vt 0.15700 0.41755
vt 0.15731 0.40242
vt 0.16892 0.39793
vt 0.15700 0.41755
vt 0.13363 0.45903
vt 0.13336 0.42802
vt 0.82094 0.45692
vt 0.83026 0.45997
vt 0.82135 0.47467
vt 0.53217 0.78213
vt 0.52609 0.79260
vt 0.52218 0.78057
vt 0.79573 0.45888
vt 0.80425 0.45527
vt 0.81050 0.46213
vt 0.83026 0.45997
vt 0.83052 0.45324
vt 0.83608 0.45111
vt 0.84361 0.46484
vt 0.83026 0.45997
vt 0.83608 0.45111
vt 0.43152 0.73265
vt 0.42011 0.73681
vt 0.43635 0.71920
vt 0.41859 0.71498
vt 0.43635 0.71920
vt 0.42011 0.73681
vt 0.11732 0.45102
vt 0.13336 0.42802
vt 0.13363 0.45903
vt 0.82094 0.45692
vt 0.83052 0.45324
vt 0.83026 0.45997
vt 0.80425 0.45527
vt 0.81570 0.45216
vt 0.81050 0.46213
vt 0.43635 0.71920
vt 0.41859 0.71498
vt 0.43081 0.70263
vt 0.20659 0.38604
vt 0.20519 0.37823
vt 0.21746 0.39046
vt 0.51040 0.76730
vt 0.52218 0.78057
vt 0.51237 0.79191
vt 0.84361 0.46484
vt 0.83608 0.45111
vt 0.84368 0.45129
vt 0.56228 0.22797
vt 0.54556 0.22420
vt 0.55833 0.22257
vt 0.41330 0.69187
vt 0.43081 0.70263
vt 0.41859 0.71498
vt 0.18746 0.42218
vt 0.18478 0.38835
vt 0.22324 0.40411
vt 0.51237 0.79191
vt 0.52218 0.78057
vt 0.52609 0.79260
vt 0.14409 0.41440
vt 0.15731 0.40242
vt 0.15700 0.41755
vt 0.35431 0.77784
vt 0.36078 0.79034
vt 0.34172 0.78068
vt 0.15700 0.41755
vt 0.13336 0.42802
vt 0.14409 0.41440
vt 0.12231 0.43161
vt 0.13336 0.42802
vt 0.11732 0.45102
vt 0.12231 0.43161
vt 0.11732 0.45102
vt 0.11207 0.43712
vt 0.53959 0.26128
vt 0.52348 0.23807
vt 0.54240 0.24125
vt 0.54240 0.24125
vt 0.56460 0.25810
vt 0.53959 0.26128
vt 0.82135 0.47467
vt 0.83813 0.47719
vt 0.82362 0.50156
vt 0.82362 0.50156
vt 0.80793 0.48960
vt 0.82135 0.47467
vt 0.83813 0.47719
vt 0.84195 0.47809
vt 0.83957 0.49060
vt 0.28913 0.81516
vt 0.29513 0.82983
vt 0.28730 0.82439
vt 0.29827 0.81155
vt 0.31148 0.82666
vt 0.29513 0.82983
vt 0.29513 0.82983
vt 0.28913 0.81516
vt 0.29827 0.81155
vt 0.19083 0.37108
vt 0.18478 0.38835
vt 0.17518 0.37926
vt 0.16892 0.39793
vt 0.16845 0.38937
vt 0.18478 0.38835
vt 0.29513 0.82983
vt 0.31148 0.82666
vt 0.30180 0.83581
vt 0.16845 0.38937
vt 0.17518 0.37926
vt 0.18478 0.38835
vt 0.83957 0.49060
vt 0.83538 0.50178
vt 0.82362 0.50156
vt 0.83813 0.47719
vt 0.83957 0.49060
vt 0.82362 0.50156
vt 0.44098 0.70729
vt 0.43635 0.71920
vt 0.43081 0.70263
vt 0.81134 0.50260
vt 0.82362 0.50156
vt 0.81018 0.51140
vt 0.23246 0.63058
vt 0.22602 0.64090
vt 0.21520 0.62426
vt 0.81134 0.50260
vt 0.80793 0.48960
vt 0.82362 0.50156
vt 0.22602 0.64090
vt 0.21726 0.63939
vt 0.21520 0.62426
vt 0.13363 0.45903
vt 0.15700 0.41755
vt 0.14753 0.47310
vt 0.73782 0.47492
vt 0.72611 0.49420
vt 0.72286 0.47135
vt 0.32984 0.36859
vt 0.29893 0.36008
vt 0.33464 0.33541
vt 0.35401 0.33885
vt 0.36433 0.35019
vt 0.35987 0.35431
vt 0.76505 0.50683
vt 0.76238 0.51846
vt 0.74613 0.53165
vt 0.34422 0.35968
vt 0.35401 0.33885
vt 0.35402 0.35938
vt 0.71004 0.52960
vt 0.73145 0.50572
vt 0.74613 0.53165
vt 0.74613 0.53165
vt 0.73199 0.53825
vt 0.71004 0.52960
vt 0.74613 0.53165
vt 0.76238 0.51846
vt 0.75815 0.52624
vt 0.90937 0.51947
vt 0.90916 0.53107
vt 0.90421 0.51923
vt 0.92221 0.71697
vt 0.92340 0.71232
vt 0.92733 0.71782
vt 0.93362 0.21578
vt 0.92789 0.22589
vt 0.92621 0.21581
vt 0.74613 0.53165
vt 0.75815 0.52624
vt 0.75274 0.53221
vt 0.94586 0.70687
vt 0.95039 0.70060
vt 0.95917 0.69854
vt 0.96606 0.71255
vt 0.97740 0.70652
vt 0.97047 0.71396
vt 0.69560 0.52331
vt 0.70977 0.50964
vt 0.71004 0.52960
vt 0.97740 0.70652
vt 0.96606 0.71255
vt 0.95917 0.69854
vt 0.71004 0.52960
vt 0.71971 0.54054
vt 0.70466 0.53907
vt 0.35987 0.35431
vt 0.35402 0.35938
vt 0.35401 0.33885
vt 0.71004 0.52960
vt 0.73199 0.53825
vt 0.71971 0.54054
vt 0.94586 0.70687
vt 0.95917 0.69854
vt 0.96606 0.71255
vt 0.96606 0.71255
vt 0.94207 0.71552
vt 0.94586 0.70687
vt 0.94207 0.71552
vt 0.93693 0.71733
vt 0.93156 0.70455
vt 0.93861 0.70519
vt 0.94586 0.70687
vt 0.94207 0.71552
vt 0.32984 0.36859
vt 0.34422 0.35968
vt 0.33962 0.37087
vt 0.32984 0.36859
vt 0.33464 0.33541
vt 0.34422 0.35968
vt 0.92340 0.71232
vt 0.93156 0.70455
vt 0.92733 0.71782
vt 0.93693 0.71733
vt 0.92733 0.71782
vt 0.93156 0.70455
vt 0.90932 0.51534
vt 0.90421 0.51923
vt 0.89995 0.51229
vt 0.92578 0.20758
vt 0.93362 0.21578
vt 0.92621 0.21581
vt 0.90937 0.51947
vt 0.90421 0.51923
vt 0.90932 0.51534
vt 0.91951 0.21190
vt 0.92225 0.20963
vt 0.92621 0.21581
vt 0.94207 0.71552
vt 0.93156 0.70455
vt 0.93861 0.70519
vt 0.92578 0.20758
vt 0.92621 0.21581
vt 0.92225 0.20963
vt 0.33578 0.37856
vt 0.33473 0.38283
vt 0.32093 0.38280
vt 0.73145 0.50572
vt 0.71004 0.52960
vt 0.70977 0.50964
vt 0.32093 0.38280
vt 0.33473 0.38283
vt 0.33201 0.38900
vt 0.32984 0.36859
vt 0.33962 0.37087
vt 0.33578 0.37856
vt 0.32093 0.38280
vt 0.32984 0.36859
vt 0.33578 0.37856
vt 0.30942 0.38714
vt 0.29893 0.36008
vt 0.32093 0.38280
vt 0.35401 0.33885
vt 0.34422 0.35968
vt 0.33464 0.33541
vt 0.74475 0.49902
vt 0.76505 0.50683
vt 0.74613 0.53165
vt 0.74475 0.49902
vt 0.74613 0.53165
vt 0.73145 0.50572
vt 0.74475 0.49902
vt 0.73145 0.50572
vt 0.72611 0.49420
vt 0.29893 0.36008
vt 0.32984 0.36859
vt 0.32093 0.38280
vt 0.72611 0.49420
vt 0.74985 0.48908
vt 0.74475 0.49902
vt 0.75888 0.49214
vt 0.74475 0.49902
vt 0.74985 0.48908
vt 0.72611 0.49420
vt 0.73145 0.50572
vt 0.70977 0.50964
vt 0.52218 0.78057
vt 0.53023 0.77136
vt 0.53217 0.78213
vt 0.73937 0.48385
vt 0.74985 0.48908
vt 0.72611 0.49420
vt 0.97501 0.97556
vt 0.97871 0.99113
vt 0.97107 0.99112
vt 0.73937 0.48385
vt 0.72611 0.49420
vt 0.73782 0.47492
vt 0.74164 0.83375
vt 0.74077 0.82163
vt 0.74696 0.82270
vt 0.63506 0.59141
vt 0.63764 0.58241
vt 0.64374 0.58599
vt 0.63017 0.59662
vt 0.63764 0.58241
vt 0.63506 0.59141
vt 0.61728 0.58814
vt 0.63014 0.56890
vt 0.63764 0.58241
vt 0.24545 0.38239
vt 0.24806 0.38192
vt 0.24743 0.38794
vt 0.25664 0.39970
vt 0.24806 0.38192
vt 0.27193 0.36783
vt 0.65738 0.57044
vt 0.65108 0.57323
vt 0.65573 0.56314
vt 0.65738 0.57044
vt 0.65573 0.56314
vt 0.66221 0.56444
vt 0.63212 0.54575
vt 0.65573 0.56314
vt 0.65108 0.57323
vt 0.22970 0.36548
vt 0.23637 0.36210
vt 0.23540 0.37182
vt 0.65425 0.54998
vt 0.66221 0.56444
vt 0.65573 0.56314
vt 0.66102 0.55601
vt 0.66221 0.56444
vt 0.65425 0.54998
vt 0.65425 0.54998
vt 0.65573 0.56314
vt 0.63212 0.54575
vt 0.66158 0.54981
vt 0.66102 0.55601
vt 0.65425 0.54998
vt 0.25664 0.39970
vt 0.24766 0.39585
vt 0.24743 0.38794
vt 0.64374 0.58599
vt 0.64021 0.59358
vt 0.63506 0.59141
vt 0.73015 0.87172
vt 0.74314 0.85425
vt 0.73940 0.87353
vt 0.23637 0.36210
vt 0.22811 0.35984
vt 0.22716 0.35215
vt 0.73940 0.87353
vt 0.74694 0.87651
vt 0.73969 0.88026
vt 0.66102 0.55601
vt 0.66579 0.55987
vt 0.66221 0.56444
vt 0.23637 0.36210
vt 0.22970 0.36548
vt 0.22811 0.35984
vt 0.75321 0.87352
vt 0.74694 0.87651
vt 0.75045 0.86609
vt 0.73940 0.87353
vt 0.75045 0.86609
vt 0.74694 0.87651
vt 0.65425 0.54998
vt 0.65596 0.54450
vt 0.66158 0.54981
vt 0.65425 0.54998
vt 0.64250 0.53601
vt 0.65596 0.54450
vt 0.73940 0.87353
vt 0.73969 0.88026
vt 0.73237 0.87910
vt 0.65596 0.54450
vt 0.64250 0.53601
vt 0.65168 0.53796
vt 0.73940 0.87353
vt 0.73237 0.87910
vt 0.72472 0.87994
vt 0.23637 0.36210
vt 0.22716 0.35215
vt 0.23243 0.34380
vt 0.75045 0.86609
vt 0.73940 0.87353
vt 0.74855 0.86224
vt 0.53699 0.55305
vt 0.54494 0.55610
vt 0.53630 0.56168
vt 0.53699 0.55305
vt 0.54274 0.55003
vt 0.54494 0.55610
vt 0.63764 0.58241
vt 0.63014 0.56890
vt 0.65108 0.57323
vt 0.74855 0.86224
vt 0.73940 0.87353
vt 0.74314 0.85425
vt 0.63764 0.58241
vt 0.63017 0.59662
vt 0.61728 0.58814
vt 0.24806 0.38192
vt 0.25664 0.39970
vt 0.24743 0.38794
vt 0.63506 0.59141
vt 0.64021 0.59358
vt 0.63017 0.59662
vt 0.27555 0.38481
vt 0.25664 0.39970
vt 0.27193 0.36783
vt 0.27555 0.38481
vt 0.27157 0.39696
vt 0.25664 0.39970
vt 0.24917 0.40535
vt 0.24766 0.39585
vt 0.25664 0.39970
vt 0.27526 0.35667
vt 0.27193 0.36783
vt 0.23637 0.36210
vt 0.08827 0.70320
vt 0.08192 0.69637
vt 0.09432 0.69695
vt 0.24371 0.32907
vt 0.23637 0.36210
vt 0.23243 0.34380
vt 0.64374 0.58599
vt 0.63764 0.58241
vt 0.64768 0.58037
vt 0.23213 0.33244
vt 0.24371 0.32907
vt 0.23243 0.34380
vt 0.24806 0.38192
vt 0.23637 0.36210
vt 0.27193 0.36783
vt 0.09928 0.70439
vt 0.08753 0.70824
vt 0.08827 0.70320
vt 0.87089 0.74586
vt 0.87915 0.75072
vt 0.87261 0.75629
vt 0.09322 0.71466
vt 0.08753 0.70824
vt 0.09928 0.70439
vt 0.88006 0.76258
vt 0.87915 0.75072
vt 0.88385 0.76260
vt 0.09322 0.71466
vt 0.08729 0.71181
vt 0.08753 0.70824
vt 0.38360 0.04471
vt 0.37888 0.04931
vt 0.37387 0.04730
vt 0.63212 0.54575
vt 0.65108 0.57323
vt 0.63014 0.56890
vt 0.87261 0.75629
vt 0.87915 0.75072
vt 0.88006 0.76258
vt 0.27555 0.38481
vt 0.27193 0.36783
vt 0.28231 0.37508
vt 0.74855 0.86224
vt 0.74314 0.85425
vt 0.75194 0.85331
vt 0.54494 0.55610
vt 0.55636 0.55885
vt 0.55057 0.56395
vt 0.37387 0.04730
vt 0.38604 0.03254
vt 0.38360 0.04471
vt 0.09432 0.69695
vt 0.10496 0.70281
vt 0.09928 0.70439
vt 0.54971 0.54958
vt 0.55636 0.55885
vt 0.54494 0.55610
vt 0.24395 0.32219
vt 0.24371 0.32907
vt 0.23213 0.33244
vt 0.63764 0.58241
vt 0.65108 0.57323
vt 0.64768 0.58037
vt 0.54494 0.55610
vt 0.54274 0.55003
vt 0.54971 0.54958
vt 0.09322 0.71466
vt 0.09928 0.70439
vt 0.10207 0.71353
vt 0.74314 0.85425
vt 0.74164 0.83375
vt 0.75194 0.85331
vt 0.10207 0.71353
vt 0.09928 0.70439
vt 0.10496 0.70281
vt 0.35978 0.04921
vt 0.35874 0.05454
vt 0.35471 0.05167
vt 0.23540 0.37182
vt 0.23637 0.36210
vt 0.24088 0.37598
vt 0.36995 0.05169
vt 0.35874 0.05454
vt 0.35978 0.04921
vt 0.74164 0.83375
vt 0.75567 0.84459
vt 0.75194 0.85331
vt 0.37387 0.04730
vt 0.36995 0.05169
vt 0.36659 0.04187
vt 0.36995 0.05169
vt 0.35978 0.04921
vt 0.36659 0.04187
vt 0.74164 0.83375
vt 0.75200 0.83450
vt 0.75567 0.84459
vt 0.74164 0.83375
vt 0.74696 0.82270
vt 0.75200 0.83450
vt 0.25312 0.40815
vt 0.24917 0.40535
vt 0.25664 0.39970
vt 0.62538 0.60144
vt 0.61976 0.60465
vt 0.63017 0.59662
vt 0.23637 0.36210
vt 0.24806 0.38192
vt 0.24088 0.37598
vt 0.37486 0.02758
vt 0.38604 0.03254
vt 0.37387 0.04730
vt 0.24806 0.38192
vt 0.24545 0.38239
vt 0.24088 0.37598
vt 0.37486 0.02758
vt 0.37387 0.04730
vt 0.36659 0.04187
vt 0.17096 0.13149
vt 0.16559 0.13332
vt 0.16412 0.12796
vt 0.16559 0.13332
vt 0.17096 0.13149
vt 0.17027 0.13675
vt 0.68244 0.51451
vt 0.70977 0.50964
vt 0.69560 0.52331
vt 0.74559 0.45125
vt 0.72957 0.42005
vt 0.75440 0.42448
vt 0.74559 0.45125
vt 0.71988 0.45778
vt 0.72957 0.42005
vt 0.74559 0.45125
vt 0.72286 0.47135
vt 0.71988 0.45778
vt 0.37116 0.34397
vt 0.36433 0.35019
vt 0.35401 0.33885
vt 0.96769 0.68332
vt 0.96408 0.66245
vt 0.97436 0.67014
vt 0.97740 0.70652
vt 0.95917 0.69854
vt 0.96426 0.69582
vt 0.42670 0.24991
vt 0.41408 0.26319
vt 0.41133 0.24201
vt 0.68244 0.51451
vt 0.68170 0.48666
vt 0.70977 0.50964
vt 0.42670 0.24991
vt 0.42045 0.26247
vt 0.41408 0.26319
vt 0.98823 0.68414
vt 0.97436 0.67014
vt 0.98266 0.67205
vt 0.66280 0.51589
vt 0.65541 0.51031
vt 0.66730 0.51079
vt 0.96408 0.66245
vt 0.97126 0.65851
vt 0.97436 0.67014
vt 0.42045 0.26247
vt 0.42670 0.24991
vt 0.43267 0.26608
vt 0.47682 0.28249
vt 0.45839 0.30958
vt 0.47067 0.27024
vt 0.67086 0.49723
vt 0.68244 0.51451
vt 0.66730 0.51079
vt 0.42670 0.24991
vt 0.45620 0.24827
vt 0.43267 0.26608
vt 0.46698 0.33144
vt 0.45839 0.30958
vt 0.48070 0.30589
vt 0.49630 0.29817
vt 0.48070 0.30589
vt 0.47682 0.28249
vt 0.49858 0.32587
vt 0.46698 0.33144
vt 0.48070 0.30589
vt 0.97436 0.67014
vt 0.98823 0.68414
vt 0.97795 0.69045
vt 0.67358 0.47203
vt 0.68170 0.48666
vt 0.66798 0.48624
vt 0.97126 0.65851
vt 0.97521 0.65817
vt 0.97436 0.67014
vt 0.45620 0.24827
vt 0.44225 0.27756
vt 0.43267 0.26608
vt 0.65888 0.49979
vt 0.66798 0.48624
vt 0.67086 0.49723
vt 0.97436 0.67014
vt 0.97795 0.69045
vt 0.96769 0.68332
vt 0.97795 0.69045
vt 0.96968 0.68962
vt 0.96769 0.68332
vt 0.97740 0.70652
vt 0.96426 0.69582
vt 0.96968 0.68962
vt 0.49861 0.28290
vt 0.47682 0.28249
vt 0.48942 0.25887
vt 0.36576 0.32488
vt 0.37116 0.34397
vt 0.35401 0.33885
vt 0.36576 0.32488
vt 0.38804 0.33341
vt 0.37695 0.34249
vt 0.36576 0.32488
vt 0.37695 0.34249
vt 0.37116 0.34397
vt 0.97740 0.70652
vt 0.96968 0.68962
vt 0.97795 0.69045
vt 0.68316 0.45496
vt 0.68170 0.48666
vt 0.67358 0.47203
vt 0.44225 0.27756
vt 0.47067 0.27024
vt 0.44749 0.29089
vt 0.47067 0.27024
vt 0.48942 0.25887
vt 0.47682 0.28249
vt 0.45620 0.24827
vt 0.47067 0.27024
vt 0.44225 0.27756
vt 0.47547 0.35923
vt 0.49092 0.35352
vt 0.49280 0.36428
vt 0.45839 0.30958
vt 0.44749 0.29089
vt 0.47067 0.27024
vt 0.46698 0.33144
vt 0.49092 0.35352
vt 0.46773 0.33965
vt 0.49630 0.29817
vt 0.49858 0.32587
vt 0.48070 0.30589
vt 0.48070 0.30589
vt 0.45839 0.30958
vt 0.47682 0.28249
vt 0.49092 0.35352
vt 0.46698 0.33144
vt 0.49858 0.32587
vt 0.75440 0.42448
vt 0.72957 0.42005
vt 0.74721 0.41054
vt 0.69477 0.42307
vt 0.71500 0.41325
vt 0.69491 0.44125
vt 0.70393 0.41281
vt 0.70994 0.41132
vt 0.71500 0.41325
vt 0.72266 0.40309
vt 0.72957 0.42005
vt 0.71500 0.41325
vt 0.49630 0.29817
vt 0.47682 0.28249
vt 0.49861 0.28290
vt 0.58222 0.24529
vt 0.59504 0.25843
vt 0.57783 0.26464
vt 0.72266 0.40309
vt 0.73708 0.40386
vt 0.72957 0.42005
vt 0.72957 0.42005
vt 0.69491 0.44125
vt 0.71500 0.41325
vt 0.47331 0.35150
vt 0.46773 0.33965
vt 0.49092 0.35352
vt 0.69491 0.44125
vt 0.69078 0.43297
vt 0.69477 0.42307
vt 0.69078 0.43297
vt 0.69491 0.44125
vt 0.68316 0.45496
vt 0.69491 0.44125
vt 0.72957 0.42005
vt 0.71988 0.45778
vt 0.47331 0.35150
vt 0.49092 0.35352
vt 0.47547 0.35923
vt 0.69477 0.42307
vt 0.70393 0.41281
vt 0.71500 0.41325
vt 0.72611 0.49420
vt 0.70977 0.50964
vt 0.68170 0.48666
vt 0.68170 0.48666
vt 0.68316 0.45496
vt 0.71988 0.45778
vt 0.72957 0.42005
vt 0.73708 0.40386
vt 0.74721 0.41054
vt 0.57783 0.26464
vt 0.59504 0.25843
vt 0.58810 0.26861
vt 0.48697 0.72257
vt 0.46613 0.71685
vt 0.48141 0.70904
vt 0.94702 0.97639
vt 0.94251 0.95412
vt 0.95454 0.96273
vt 0.80287 0.27947
vt 0.81048 0.28514
vt 0.80104 0.28569
vt 0.89720 0.58706
vt 0.90139 0.58990
vt 0.89027 0.59178
vt 0.77533 0.50112
vt 0.76505 0.50683
vt 0.77207 0.49747
vt 0.77533 0.50112
vt 0.76845 0.50937
vt 0.76505 0.50683
vt 0.78427 0.48582
vt 0.77898 0.48085
vt 0.78551 0.47749
vt 0.90263 0.56308
vt 0.90754 0.54364
vt 0.90996 0.55647
vt 0.80104 0.28569
vt 0.80654 0.29202
vt 0.80267 0.29472
vt 0.89015 0.54469
vt 0.90754 0.54364
vt 0.90263 0.56308
vt 0.90263 0.56308
vt 0.88019 0.56384
vt 0.89015 0.54469
vt 0.76505 0.50683
vt 0.76845 0.50937
vt 0.76238 0.51846
vt 0.74721 0.41054
vt 0.76818 0.41235
vt 0.76518 0.42235
vt 0.97261 0.75112
vt 0.96587 0.74927
vt 0.97241 0.74507
vt 0.64086 0.50341
vt 0.64111 0.49104
vt 0.64411 0.49636
vt 0.97888 0.72803
vt 0.96972 0.72724
vt 0.98119 0.72088
vt 0.48141 0.70904
vt 0.49297 0.70503
vt 0.49222 0.71222
vt 0.97261 0.75112
vt 0.97241 0.74507
vt 0.97626 0.75255
vt 0.98165 0.74281
vt 0.97626 0.75255
vt 0.97241 0.74507
vt 0.90139 0.58990
vt 0.90834 0.59772
vt 0.89027 0.59178
vt 0.90421 0.51923
vt 0.90916 0.53107
vt 0.88893 0.52595
vt 0.63165 0.49870
vt 0.63255 0.49024
vt 0.64086 0.50341
vt 0.88893 0.52595
vt 0.90916 0.53107
vt 0.90754 0.54364
vt 0.80287 0.27947
vt 0.79836 0.27845
vt 0.80546 0.27261
vt 0.89015 0.54469
vt 0.88893 0.52595
vt 0.90754 0.54364
vt 0.51260 0.69830
vt 0.51621 0.70506
vt 0.50719 0.70729
vt 0.80287 0.27947
vt 0.81153 0.27738
vt 0.81048 0.28514
vt 0.65374 0.60547
vt 0.65941 0.60590
vt 0.65926 0.60919
vt 0.88019 0.56384
vt 0.90263 0.56308
vt 0.89832 0.57592
vt 0.65547 0.59878
vt 0.65374 0.60547
vt 0.64426 0.60340
vt 0.40064 0.39664
vt 0.39152 0.39759
vt 0.39865 0.39284
vt 0.87957 0.57749
vt 0.87849 0.59205
vt 0.87401 0.59045
vt 0.87957 0.57749
vt 0.87401 0.59045
vt 0.86339 0.58267
vt 0.64461 0.61193
vt 0.64426 0.60340
vt 0.65374 0.60547
vt 0.39034 0.39069
vt 0.38560 0.38337
vt 0.39279 0.38604
vt 0.65374 0.60547
vt 0.65430 0.61462
vt 0.64461 0.61193
vt 0.07845 0.74265
vt 0.09386 0.73086
vt 0.10450 0.74418
vt 0.39279 0.38604
vt 0.39865 0.39284
vt 0.39034 0.39069
vt 0.70625 0.80813
vt 0.70428 0.80411
vt 0.71103 0.80129
vt 0.69571 0.81144
vt 0.70061 0.78364
vt 0.70428 0.80411
vt 0.89720 0.58706
vt 0.88938 0.58178
vt 0.89832 0.57592
vt 0.96587 0.74927
vt 0.96217 0.74163
vt 0.97241 0.74507
vt 0.64461 0.61193
vt 0.65430 0.61462
vt 0.65173 0.61765
vt 0.77898 0.48085
vt 0.78427 0.48582
vt 0.77952 0.48887
vt 0.80546 0.27261
vt 0.81153 0.27738
vt 0.80287 0.27947
vt 0.86339 0.58267
vt 0.85000 0.57341
vt 0.86176 0.56635
vt 0.96781 0.95786
vt 0.96915 0.94164
vt 0.97568 0.94958
vt 0.38148 0.37704
vt 0.38032 0.37239
vt 0.38560 0.38337
vt 0.89027 0.59178
vt 0.88938 0.58178
vt 0.89720 0.58706
vt 0.86176 0.56635
vt 0.87957 0.57749
vt 0.86339 0.58267
vt 0.38783 0.37401
vt 0.39279 0.38604
vt 0.38560 0.38337
vt 0.70428 0.80411
vt 0.71223 0.79434
vt 0.71103 0.80129
vt 0.70061 0.78364
vt 0.71223 0.79434
vt 0.70428 0.80411
vt 0.38366 0.36553
vt 0.38783 0.37401
vt 0.38560 0.38337
vt 0.64461 0.61193
vt 0.63742 0.61483
vt 0.64426 0.60340
vt 0.38032 0.37239
vt 0.38366 0.36553
vt 0.38560 0.38337
vt 0.72208 0.78581
vt 0.71543 0.79417
vt 0.71223 0.79434
vt 0.63664 0.62193
vt 0.64461 0.61193
vt 0.64222 0.62303
vt 0.63742 0.61483
vt 0.63664 0.62193
vt 0.63173 0.61729
vt 0.64461 0.61193
vt 0.63664 0.62193
vt 0.63742 0.61483
vt 0.38366 0.36553
vt 0.38757 0.36464
vt 0.38783 0.37401
vt 0.95576 0.95002
vt 0.96915 0.94164
vt 0.96781 0.95786
vt 0.96915 0.94164
vt 0.95576 0.95002
vt 0.96013 0.94158
vt 0.86817 0.55568
vt 0.88019 0.56384
vt 0.87957 0.57749
vt 0.88019 0.56384
vt 0.86941 0.54159
vt 0.89015 0.54469
vt 0.88019 0.56384
vt 0.86817 0.55568
vt 0.86941 0.54159
vt 0.87957 0.57749
vt 0.86176 0.56635
vt 0.86817 0.55568
vt 0.07286 0.70982
vt 0.07561 0.72084
vt 0.06014 0.73278
vt 0.64172 0.48467
vt 0.64290 0.48869
vt 0.64111 0.49104
vt 0.92107 0.22483
vt 0.92621 0.21581
vt 0.92789 0.22589
vt 0.86817 0.55568
vt 0.86176 0.56635
vt 0.85791 0.55463
vt 0.92621 0.21581
vt 0.92107 0.22483
vt 0.91936 0.21755
vt 0.88893 0.52595
vt 0.89526 0.51609
vt 0.90421 0.51923
vt 0.89015 0.54469
vt 0.86941 0.54159
vt 0.88893 0.52595
vt 0.87403 0.52940
vt 0.87984 0.52032
vt 0.88893 0.52595
vt 0.57045 0.77687
vt 0.54950 0.76801
vt 0.56081 0.76877
vt 0.90421 0.51923
vt 0.89526 0.51609
vt 0.89995 0.51229
vt 0.89526 0.51609
vt 0.88893 0.52595
vt 0.88985 0.51419
vt 0.21526 0.94632
vt 0.21351 0.93018
vt 0.22192 0.94955
vt 0.81727 0.26276
vt 0.80770 0.23115
vt 0.82065 0.24698
vt 0.74878 0.75673
vt 0.75277 0.75471
vt 0.75147 0.76517
vt 0.87403 0.52940
vt 0.88893 0.52595
vt 0.86941 0.54159
vt 0.22750 0.92416
vt 0.23143 0.94863
vt 0.21351 0.93018
vt 0.21351 0.93018
vt 0.23143 0.94863
vt 0.22192 0.94955
vt 0.27531 0.73673
vt 0.26581 0.74486
vt 0.25968 0.73409
vt 0.33201 0.38900
vt 0.32512 0.39132
vt 0.32093 0.38280
vt 0.32512 0.39132
vt 0.31976 0.39126
vt 0.32093 0.38280
vt 0.31976 0.39126
vt 0.31547 0.39228
vt 0.32093 0.38280
vt 0.30942 0.38714
vt 0.31087 0.39481
vt 0.30630 0.39572
vt 0.29997 0.39741
vt 0.28231 0.37508
vt 0.30942 0.38714
vt 0.63586 0.48194
vt 0.64172 0.48467
vt 0.64111 0.49104
vt 0.31547 0.39228
vt 0.30942 0.38714
vt 0.32093 0.38280
vt 0.05681 0.69165
vt 0.05617 0.70680
vt 0.04620 0.68595
vt 0.88985 0.51419
vt 0.88893 0.52595
vt 0.88339 0.51516
vt 0.07561 0.72084
vt 0.07982 0.72612
vt 0.06014 0.73278
vt 0.16076 0.64164
vt 0.15869 0.62899
vt 0.18001 0.62245
vt 0.30630 0.39572
vt 0.29997 0.39741
vt 0.30942 0.38714
vt 0.77845 0.75562
vt 0.77049 0.77351
vt 0.76285 0.74646
vt 0.88893 0.52595
vt 0.87984 0.52032
vt 0.88339 0.51516
vt 0.18001 0.62245
vt 0.16217 0.62003
vt 0.17321 0.61377
vt 0.54950 0.76801
vt 0.57045 0.77687
vt 0.56153 0.78363
vt 0.43025 0.61870
vt 0.40260 0.62544
vt 0.40903 0.60892
vt 0.31547 0.39228
vt 0.31087 0.39481
vt 0.30942 0.38714
vt 0.75603 0.77156
vt 0.75277 0.75471
vt 0.76285 0.74646
vt 0.28231 0.37508
vt 0.29997 0.39741
vt 0.29168 0.39967
vt 0.37762 0.36156
vt 0.38366 0.36553
vt 0.37741 0.36417
vt 0.04620 0.68595
vt 0.03095 0.69400
vt 0.03391 0.68436
vt 0.63255 0.49024
vt 0.63586 0.48194
vt 0.64111 0.49104
vt 0.76518 0.42235
vt 0.75440 0.42448
vt 0.74721 0.41054
vt 0.27555 0.38481
vt 0.28231 0.37508
vt 0.29168 0.39967
vt 0.29168 0.39967
vt 0.28321 0.40341
vt 0.27555 0.38481
vt 0.86176 0.56635
vt 0.84944 0.55866
vt 0.85791 0.55463
vt 0.38366 0.36553
vt 0.38032 0.37239
vt 0.37741 0.36417
vt 0.62443 0.61838
vt 0.62596 0.61433
vt 0.63173 0.61729
vt 0.62596 0.61433
vt 0.62443 0.61838
vt 0.62082 0.61546
vt 0.63664 0.62193
vt 0.63140 0.62440
vt 0.63173 0.61729
vt 0.86176 0.56635
vt 0.85000 0.57341
vt 0.84944 0.55866
vt 0.75440 0.42448
vt 0.76518 0.42235
vt 0.76171 0.43017
vt 0.64111 0.49104
vt 0.64086 0.50341
vt 0.63255 0.49024
vt 0.37762 0.36156
vt 0.37961 0.35767
vt 0.38366 0.36553
vt 0.85601 0.53977
vt 0.85769 0.55390
vt 0.85123 0.54465
vt 0.86941 0.54159
vt 0.86553 0.53546
vt 0.87403 0.52940
vt 0.63140 0.62440
vt 0.62391 0.62093
vt 0.63173 0.61729
vt 0.37138 0.35985
vt 0.37629 0.35519
vt 0.37762 0.36156
vt 0.61880 0.90666
vt 0.62764 0.90326
vt 0.62581 0.91617
vt 0.72319 0.77788
vt 0.72595 0.78050
vt 0.71661 0.77826
vt 0.72208 0.78581
vt 0.71661 0.77826
vt 0.72488 0.78394
vt 0.37961 0.35767
vt 0.38050 0.35469
vt 0.38454 0.35625
vt 0.61880 0.90666
vt 0.62138 0.90068
vt 0.62764 0.90326
vt 0.37762 0.36156
vt 0.37629 0.35519
vt 0.37961 0.35767
vt 0.37961 0.35767
vt 0.37629 0.35519
vt 0.38050 0.35469
vt 0.77952 0.48887
vt 0.77533 0.50112
vt 0.77207 0.49747
vt 0.71661 0.77826
vt 0.72595 0.78050
vt 0.72488 0.78394
vt 0.62581 0.91617
vt 0.62764 0.90326
vt 0.63567 0.90332
vt 0.77207 0.49747
vt 0.76505 0.50683
vt 0.75888 0.49214
vt 0.77952 0.48887
vt 0.77207 0.49747
vt 0.75888 0.49214
vt 0.88938 0.58178
vt 0.87849 0.59205
vt 0.87957 0.57749
vt 0.74475 0.49902
vt 0.75888 0.49214
vt 0.76505 0.50683
vt 0.77952 0.48887
vt 0.75888 0.49214
vt 0.76679 0.48495
vt 0.76679 0.48495
vt 0.77898 0.48085
vt 0.77952 0.48887
vt 0.88019 0.56384
vt 0.88938 0.58178
vt 0.87957 0.57749
vt 0.75975 0.48620
vt 0.76679 0.48495
vt 0.75888 0.49214
vt 0.88019 0.56384
vt 0.89832 0.57592
vt 0.88938 0.58178
vt 0.77739 0.47470
vt 0.77898 0.48085
vt 0.76679 0.48495
vt 0.98415 0.96748
vt 0.96781 0.95786
vt 0.97568 0.94958
vt 0.86941 0.54159
vt 0.86817 0.55568
vt 0.85769 0.55390
vt 0.85769 0.55390
vt 0.85601 0.53977
vt 0.86941 0.54159
vt 0.27961 0.41189
vt 0.27414 0.41721
vt 0.26599 0.41516
vt 0.27414 0.41721
vt 0.27047 0.42008
vt 0.26599 0.41516
vt 0.86553 0.53546
vt 0.86941 0.54159
vt 0.85601 0.53977
vt 0.26962 0.40757
vt 0.27961 0.41189
vt 0.26599 0.41516
vt 0.25836 0.41784
vt 0.26193 0.41482
vt 0.26127 0.41858
vt 0.61880 0.90666
vt 0.62182 0.91639
vt 0.61604 0.91129
vt 0.61880 0.90666
vt 0.62581 0.91617
vt 0.62182 0.91639
vt 0.74985 0.48908
vt 0.75975 0.48620
vt 0.75888 0.49214
vt 0.25664 0.39970
vt 0.26962 0.40757
vt 0.26193 0.41482
vt 0.62581 0.91617
vt 0.63567 0.90332
vt 0.63233 0.92065
vt 0.26193 0.41482
vt 0.25510 0.41458
vt 0.25664 0.39970
vt 0.25510 0.41458
vt 0.25312 0.40815
vt 0.25664 0.39970
vt 0.27157 0.39696
vt 0.28321 0.40341
vt 0.28008 0.41157
vt 0.26962 0.40757
vt 0.27157 0.39696
vt 0.28008 0.41157
vt 0.26962 0.40757
vt 0.25664 0.39970
vt 0.27157 0.39696
vt 0.89832 0.57592
vt 0.90263 0.56308
vt 0.90618 0.57593
vt 0.25836 0.41784
vt 0.25510 0.41458
vt 0.26193 0.41482
vt 0.61428 0.60220
vt 0.61976 0.60465
vt 0.61679 0.60525
vt 0.60668 0.59916
vt 0.61728 0.58814
vt 0.61428 0.60220
vt 0.61428 0.60220
vt 0.63017 0.59662
vt 0.61976 0.60465
vt 0.61728 0.58814
vt 0.63017 0.59662
vt 0.61428 0.60220
vt 0.77952 0.48887
vt 0.78933 0.49389
vt 0.77533 0.50112
vt 0.80104 0.28569
vt 0.81048 0.28514
vt 0.80654 0.29202
vt 0.98661 0.98259
vt 0.97501 0.97556
vt 0.98401 0.97266
vt 0.97501 0.97556
vt 0.96781 0.95786
vt 0.98415 0.96748
vt 0.98661 0.98259
vt 0.97871 0.99113
vt 0.97501 0.97556
vt 0.89918 0.60933
vt 0.89259 0.60232
vt 0.90834 0.59772
vt 0.88808 0.60009
vt 0.87982 0.60425
vt 0.87849 0.59205
vt 0.89027 0.59178
vt 0.88808 0.60009
vt 0.87849 0.59205
vt 0.97501 0.97556
vt 0.98415 0.96748
vt 0.98401 0.97266
vt 0.89259 0.60232
vt 0.89027 0.59178
vt 0.90834 0.59772
vt 0.78933 0.49389
vt 0.77952 0.48887
vt 0.78427 0.48582
vt 0.90996 0.55647
vt 0.90861 0.56742
vt 0.90263 0.56308
vt 0.96781 0.95786
vt 0.97501 0.97556
vt 0.96092 0.96318
vt 0.96524 0.97752
vt 0.97501 0.97556
vt 0.97107 0.99112
vt 0.72286 0.47135
vt 0.74559 0.45125
vt 0.73782 0.47492
vt 0.94702 0.97639
vt 0.96524 0.97752
vt 0.97107 0.99112
vt 0.96092 0.96318
vt 0.97501 0.97556
vt 0.96524 0.97752
vt 0.90263 0.56308
vt 0.90861 0.56742
vt 0.90618 0.57593
vt 0.87849 0.59205
vt 0.88938 0.58178
vt 0.89027 0.59178
vt 0.95576 0.95002
vt 0.96781 0.95786
vt 0.96092 0.96318
vt 0.94251 0.95412
vt 0.95537 0.95031
vt 0.95454 0.96273
vt 0.95454 0.96273
vt 0.95576 0.95002
vt 0.96092 0.96318
vt 0.76171 0.43017
vt 0.75771 0.43479
vt 0.75440 0.42448
vt 0.03870 0.68248
vt 0.04620 0.68595
vt 0.03391 0.68436
vt 0.74559 0.45125
vt 0.75440 0.42448
vt 0.75771 0.43479
vt 0.15869 0.62899
vt 0.16217 0.62003
vt 0.18001 0.62245
vt 0.95454 0.96273
vt 0.96092 0.96318
vt 0.96524 0.97752
vt 0.75277 0.75471
vt 0.75712 0.73460
vt 0.76285 0.74646
vt 0.95454 0.96273
vt 0.96524 0.97752
vt 0.94702 0.97639
vt 0.76463 0.72605
vt 0.76285 0.74646
vt 0.75712 0.73460
vt 0.40080 0.32914
vt 0.39819 0.34718
vt 0.38804 0.33341
vt 0.27526 0.35667
vt 0.23637 0.36210
vt 0.28482 0.34601
vt 0.93225 0.30728
vt 0.92785 0.29910
vt 0.94502 0.30351
vt 0.82065 0.24698
vt 0.80770 0.23115
vt 0.82496 0.22504
vt 0.21526 0.94632
vt 0.20333 0.95061
vt 0.21351 0.93018
vt 0.28482 0.34601
vt 0.29893 0.36008
vt 0.28231 0.37508
vt 0.77652 0.72330
vt 0.76285 0.74646
vt 0.76463 0.72605
vt 0.28394 0.31287
vt 0.30462 0.31687
vt 0.29776 0.33235
vt 0.28394 0.31287
vt 0.29776 0.33235
vt 0.28482 0.34601
vt 0.81727 0.26276
vt 0.79491 0.24541
vt 0.80770 0.23115
vt 0.30717 0.28367
vt 0.30462 0.31687
vt 0.28245 0.29322
vt 0.07982 0.72612
vt 0.07845 0.74265
vt 0.06014 0.73278
vt 0.17451 0.59719
vt 0.17528 0.60538
vt 0.16810 0.60157
vt 0.26999 0.30792
vt 0.28394 0.31287
vt 0.26574 0.31886
vt 0.28482 0.34601
vt 0.26574 0.31886
vt 0.28394 0.31287
vt 0.26574 0.31886
vt 0.26248 0.31590
vt 0.26999 0.30792
vt 0.26574 0.31886
vt 0.28482 0.34601
vt 0.25265 0.32494
vt 0.25265 0.32494
vt 0.28482 0.34601
vt 0.23637 0.36210
vt 0.26574 0.31886
vt 0.25265 0.32494
vt 0.26248 0.31590
vt 0.24371 0.32907
vt 0.25265 0.32494
vt 0.23637 0.36210
vt 0.28245 0.29322
vt 0.28394 0.31287
vt 0.26999 0.30792
vt 0.28245 0.29322
vt 0.26999 0.30792
vt 0.26283 0.30617
vt 0.29776 0.33235
vt 0.33464 0.33541
vt 0.29893 0.36008
vt 0.34894 0.30956
vt 0.29776 0.33235
vt 0.32350 0.30664
vt 0.26999 0.30792
vt 0.26248 0.31590
vt 0.26283 0.30617
vt 0.26245 0.28286
vt 0.26866 0.27789
vt 0.26179 0.29632
vt 0.26866 0.27789
vt 0.26245 0.28286
vt 0.26372 0.27156
vt 0.90266 0.70844
vt 0.90724 0.70075
vt 0.90929 0.70794
vt 0.90841 0.73866
vt 0.90708 0.72288
vt 0.91154 0.72520
vt 0.25366 0.31391
vt 0.26248 0.31590
vt 0.25265 0.32494
vt 0.26283 0.30617
vt 0.26248 0.31590
vt 0.25366 0.31391
vt 0.90813 0.74620
vt 0.89992 0.75693
vt 0.89917 0.75166
vt 0.26283 0.30617
vt 0.25366 0.31391
vt 0.25564 0.30827
vt 0.90813 0.74620
vt 0.89917 0.75166
vt 0.90841 0.73866
vt 0.25366 0.31391
vt 0.25265 0.32494
vt 0.24395 0.32219
vt 0.24395 0.32219
vt 0.25265 0.32494
vt 0.24371 0.32907
vt 0.90841 0.73866
vt 0.89917 0.75166
vt 0.88833 0.74181
vt 0.89917 0.75166
vt 0.89992 0.75693
vt 0.88385 0.76260
vt 0.26283 0.30617
vt 0.25564 0.30827
vt 0.26179 0.29632
vt 0.87915 0.75072
vt 0.88833 0.74181
vt 0.89917 0.75166
vt 0.88833 0.74181
vt 0.90708 0.72288
vt 0.90841 0.73866
vt 0.88385 0.76260
vt 0.87915 0.75072
vt 0.89917 0.75166
vt 0.90924 0.71458
vt 0.91154 0.72520
vt 0.90708 0.72288
vt 0.90708 0.72288
vt 0.90266 0.70844
vt 0.90924 0.71458
vt 0.90708 0.72288
vt 0.88833 0.74181
vt 0.90266 0.70844
vt 0.29776 0.33235
vt 0.34894 0.30956
vt 0.33464 0.33541
vt 0.87089 0.74586
vt 0.88833 0.74181
vt 0.87915 0.75072
vt 0.27526 0.35667
vt 0.28231 0.37508
vt 0.27193 0.36783
vt 0.28231 0.37508
vt 0.27526 0.35667
vt 0.28482 0.34601
vt 0.26372 0.27156
vt 0.29068 0.26379
vt 0.26866 0.27789
vt 0.90266 0.70844
vt 0.88833 0.74181
vt 0.86727 0.72902
vt 0.86727 0.72902
vt 0.88833 0.74181
vt 0.87089 0.74586
vt 0.39538 0.04040
vt 0.38360 0.04471
vt 0.38604 0.03254
vt 0.29893 0.36008
vt 0.28482 0.34601
vt 0.29776 0.33235
vt 0.38804 0.33341
vt 0.39819 0.34718
vt 0.37695 0.34249
vt 0.90125 0.87004
vt 0.89428 0.86102
vt 0.91083 0.86633
vt 0.42688 0.67597
vt 0.41819 0.66753
vt 0.42852 0.66048
vt 0.62715 0.21859
vt 0.62051 0.20799
vt 0.63332 0.21700
vt 0.61021 0.20629
vt 0.62051 0.20799
vt 0.61494 0.22458
vt 0.68592 0.67697
vt 0.67040 0.68191
vt 0.67717 0.67311
vt 0.62140 0.24535
vt 0.62760 0.22969
vt 0.63512 0.24256
vt 0.86542 0.82455
vt 0.86811 0.81780
vt 0.87794 0.82434
vt 0.78531 0.25539
vt 0.77821 0.24820
vt 0.78631 0.25202
vt 0.65067 0.66917
vt 0.64536 0.66613
vt 0.64827 0.66043
vt 0.86206 0.83422
vt 0.87364 0.85450
vt 0.85622 0.84808
vt 0.86206 0.83422
vt 0.87794 0.82434
vt 0.87364 0.85450
vt 0.86206 0.83422
vt 0.86542 0.82455
vt 0.87794 0.82434
vt 0.64536 0.66613
vt 0.65067 0.66917
vt 0.64324 0.67264
vt 0.65067 0.66917
vt 0.64037 0.68430
vt 0.64324 0.67264
vt 0.60271 0.23796
vt 0.61494 0.22458
vt 0.62140 0.24535
vt 0.62715 0.21859
vt 0.62760 0.22969
vt 0.61494 0.22458
vt 0.42852 0.66048
vt 0.44992 0.68202
vt 0.42688 0.67597
vt 0.44992 0.68202
vt 0.42852 0.66048
vt 0.43715 0.63574
vt 0.65116 0.83150
vt 0.64113 0.82842
vt 0.67256 0.82466
vt 0.64113 0.82842
vt 0.63220 0.82282
vt 0.66550 0.80173
vt 0.76984 0.23830
vt 0.75231 0.22158
vt 0.77747 0.20840
vt 0.04907 0.77331
vt 0.02404 0.78214
vt 0.02262 0.75282
vt 0.00912 0.75633
vt 0.02262 0.75282
vt 0.02404 0.78214
vt 0.02262 0.75282
vt 0.00606 0.73985
vt 0.02210 0.73841
vt 0.42852 0.66048
vt 0.41602 0.63960
vt 0.43715 0.63574
vt 0.89261 0.87693
vt 0.89428 0.86102
vt 0.90125 0.87004
vt 0.87364 0.85450
vt 0.89103 0.84474
vt 0.89428 0.86102
vt 0.88995 0.81769
vt 0.87794 0.82434
vt 0.87545 0.80579
vt 0.61494 0.22458
vt 0.59285 0.20957
vt 0.61021 0.20629
vt 0.66550 0.80173
vt 0.67256 0.82466
vt 0.64113 0.82842
vt 0.90901 0.81802
vt 0.89538 0.80321
vt 0.90850 0.80080
vt 0.88995 0.81769
vt 0.89538 0.80321
vt 0.90901 0.81802
vt 0.90901 0.81802
vt 0.90282 0.83861
vt 0.89818 0.83173
vt 0.89103 0.84474
vt 0.90282 0.83861
vt 0.90802 0.85371
vt 0.07845 0.74265
vt 0.09788 0.75801
vt 0.07001 0.76419
vt 0.16217 0.62003
vt 0.16152 0.60626
vt 0.17321 0.61377
vt 0.47636 0.65153
vt 0.44992 0.68202
vt 0.45291 0.64397
vt 0.02309 0.69811
vt 0.03095 0.69400
vt 0.02656 0.70842
vt 0.05617 0.70680
vt 0.05681 0.69165
vt 0.07286 0.70982
vt 0.87364 0.85450
vt 0.89428 0.86102
vt 0.88263 0.87867
vt 0.75147 0.76517
vt 0.75277 0.75471
vt 0.75603 0.77156
vt 0.05617 0.70680
vt 0.07286 0.70982
vt 0.06014 0.73278
vt 0.87341 0.89178
vt 0.88263 0.87867
vt 0.88737 0.89091
vt 0.68592 0.67697
vt 0.68425 0.69065
vt 0.67040 0.68191
vt 0.89428 0.86102
vt 0.89103 0.84474
vt 0.90802 0.85371
vt 0.42688 0.67597
vt 0.44992 0.68202
vt 0.43513 0.68571
vt 0.16152 0.60626
vt 0.16810 0.60157
vt 0.17321 0.61377
vt 0.05617 0.70680
vt 0.06014 0.73278
vt 0.02656 0.70842
vt 0.04620 0.68595
vt 0.05617 0.70680
vt 0.03095 0.69400
vt 0.46025 0.63101
vt 0.47093 0.64167
vt 0.45291 0.64397
vt 0.70550 0.74139
vt 0.71158 0.75464
vt 0.70259 0.74885
vt 0.70550 0.74139
vt 0.71752 0.74693
vt 0.71158 0.75464
vt 0.78327 0.73102
vt 0.77845 0.75562
vt 0.76285 0.74646
vt 0.23957 0.73125
vt 0.25968 0.73409
vt 0.25411 0.74991
vt 0.00606 0.73985
vt 0.02262 0.75282
vt 0.00912 0.75633
vt 0.00819 0.72858
vt 0.02210 0.73841
vt 0.00606 0.73985
vt 0.59285 0.20957
vt 0.59437 0.19721
vt 0.61021 0.20629
vt 0.87341 0.89178
vt 0.86381 0.88707
vt 0.86989 0.87817
vt 0.66020 0.67971
vt 0.67040 0.68191
vt 0.66077 0.69539
vt 0.78049 0.21584
vt 0.77747 0.20840
vt 0.78607 0.20981
vt 0.88995 0.81769
vt 0.89818 0.83173
vt 0.89103 0.84474
vt 0.75762 0.25174
vt 0.76984 0.23830
vt 0.77821 0.24820
vt 0.76984 0.23830
vt 0.75762 0.25174
vt 0.75231 0.22158
vt 0.78562 0.26833
vt 0.76206 0.27484
vt 0.78531 0.25539
vt 0.87545 0.80579
vt 0.89538 0.80321
vt 0.88995 0.81769
vt 0.76206 0.27484
vt 0.75762 0.25174
vt 0.77821 0.24820
vt 0.76206 0.27484
vt 0.77821 0.24820
vt 0.78531 0.25539
vt 0.75762 0.25174
vt 0.74486 0.24202
vt 0.75231 0.22158
vt 0.89103 0.84474
vt 0.87794 0.82434
vt 0.88995 0.81769
vt 0.87545 0.80579
vt 0.87794 0.82434
vt 0.86811 0.81780
vt 0.76206 0.27484
vt 0.78562 0.26833
vt 0.76117 0.29268
vt 0.74486 0.24202
vt 0.75762 0.25174
vt 0.74711 0.26299
vt 0.76206 0.27484
vt 0.74711 0.26299
vt 0.75762 0.25174
vt 0.76206 0.27484
vt 0.73759 0.28161
vt 0.74711 0.26299
vt 0.73759 0.28161
vt 0.76206 0.27484
vt 0.75482 0.28369
vt 0.73234 0.22720
vt 0.75231 0.22158
vt 0.74486 0.24202
vt 0.43715 0.63574
vt 0.41602 0.63960
vt 0.43025 0.61870
vt 0.45291 0.64397
vt 0.44594 0.62884
vt 0.46025 0.63101
vt 0.44594 0.62884
vt 0.45291 0.64397
vt 0.43715 0.63574
vt 0.47505 0.68122
vt 0.44992 0.68202
vt 0.47636 0.65153
vt 0.44992 0.68202
vt 0.43715 0.63574
vt 0.45291 0.64397
vt 0.45291 0.64397
vt 0.47093 0.64167
vt 0.47636 0.65153
vt 0.43715 0.63574
vt 0.43025 0.61870
vt 0.44594 0.62884
vt 0.44594 0.62884
vt 0.43025 0.61870
vt 0.43759 0.60261
vt 0.46832 0.63326
vt 0.47093 0.64167
vt 0.46025 0.63101
vt 0.44594 0.62884
vt 0.44857 0.61176
vt 0.46025 0.63101
vt 0.46025 0.63101
vt 0.44857 0.61176
vt 0.45861 0.62086
vt 0.46025 0.63101
vt 0.45861 0.62086
vt 0.46352 0.62645
vt 0.61897 0.81221
vt 0.63125 0.80408
vt 0.63220 0.82282
vt 0.44857 0.61176
vt 0.44594 0.62884
vt 0.43759 0.60261
vt 0.45703 0.61217
vt 0.45861 0.62086
vt 0.44857 0.61176
vt 0.43025 0.61870
vt 0.40903 0.60892
vt 0.42562 0.60259
vt 0.43759 0.60261
vt 0.43025 0.61870
vt 0.42562 0.60259
vt 0.73090 0.21744
vt 0.73234 0.22720
vt 0.71051 0.23464
vt 0.70460 0.24557
vt 0.71051 0.23464
vt 0.73234 0.22720
vt 0.62715 0.21859
vt 0.61494 0.22458
vt 0.62051 0.20799
vt 0.63332 0.21700
vt 0.62051 0.20799
vt 0.63113 0.20326
vt 0.44857 0.61176
vt 0.45279 0.60769
vt 0.45703 0.61217
vt 0.45279 0.60769
vt 0.44857 0.61176
vt 0.44403 0.60054
vt 0.73234 0.22720
vt 0.74486 0.24202
vt 0.71391 0.25503
vt 0.50357 0.38468
vt 0.49181 0.39279
vt 0.48645 0.38357
vt 0.87364 0.85450
vt 0.87794 0.82434
vt 0.89103 0.84474
vt 0.71391 0.25503
vt 0.70460 0.24557
vt 0.73234 0.22720
vt 0.23417 0.74372
vt 0.23679 0.73526
vt 0.23957 0.73125
vt 0.22962 0.73452
vt 0.23679 0.73526
vt 0.23417 0.74372
vt 0.09386 0.73086
vt 0.07845 0.74265
vt 0.07982 0.72612
vt 0.94118 0.54219
vt 0.94671 0.52462
vt 0.96180 0.53416
vt 0.89818 0.83173
vt 0.90282 0.83861
vt 0.89103 0.84474
vt 0.00658 0.77528
vt 0.00912 0.75633
vt 0.02404 0.78214
vt 0.90901 0.81802
vt 0.89818 0.83173
vt 0.88995 0.81769
vt 0.27066 0.76867
vt 0.25864 0.76271
vt 0.26308 0.75954
vt 0.42562 0.60259
vt 0.43229 0.59641
vt 0.43759 0.60261
vt 0.44403 0.60054
vt 0.44857 0.61176
vt 0.43759 0.60261
vt 0.44403 0.60054
vt 0.43759 0.60261
vt 0.43229 0.59641
vt 0.43769 0.59120
vt 0.44403 0.60054
vt 0.43229 0.59641
vt 0.82512 0.06714
vt 0.83415 0.06818
vt 0.83800 0.07005
vt 0.43769 0.59120
vt 0.43229 0.59641
vt 0.43637 0.58531
vt 0.51756 0.40150
vt 0.51238 0.40526
vt 0.50357 0.38468
vt 0.66401 0.70574
vt 0.66163 0.70773
vt 0.65476 0.70661
vt 0.82504 0.07312
vt 0.81207 0.07345
vt 0.82512 0.06714
vt 0.68425 0.69065
vt 0.67362 0.70151
vt 0.67040 0.68191
vt 0.68425 0.69065
vt 0.68407 0.69932
vt 0.67362 0.70151
vt 0.68407 0.69932
vt 0.68041 0.70626
vt 0.67362 0.70151
vt 0.74711 0.26299
vt 0.71391 0.25503
vt 0.74486 0.24202
vt 0.73759 0.28161
vt 0.71391 0.25503
vt 0.74711 0.26299
vt 0.58967 0.22932
vt 0.59285 0.20957
vt 0.61494 0.22458
vt 0.76285 0.74646
vt 0.77049 0.77351
vt 0.75603 0.77156
vt 0.16076 0.64164
vt 0.15041 0.63990
vt 0.15869 0.62899
vt 0.06014 0.73278
vt 0.07845 0.74265
vt 0.07001 0.76419
vt 0.89428 0.86102
vt 0.89261 0.87693
vt 0.88263 0.87867
vt 0.25975 0.72635
vt 0.27531 0.73673
vt 0.25968 0.73409
vt 0.69745 0.27971
vt 0.71391 0.25503
vt 0.73759 0.28161
vt 0.77652 0.72330
vt 0.78327 0.73102
vt 0.76285 0.74646
vt 0.75712 0.73460
vt 0.75277 0.75471
vt 0.74669 0.74786
vt 0.94502 0.30351
vt 0.92785 0.29910
vt 0.94380 0.29044
vt 0.94453 0.23899
vt 0.95595 0.23908
vt 0.93862 0.25797
vt 0.87028 0.86445
vt 0.85987 0.85848
vt 0.87364 0.85450
vt 0.72288 0.31335
vt 0.73759 0.28161
vt 0.74519 0.29397
vt 0.93862 0.25797
vt 0.95595 0.23908
vt 0.96103 0.24912
vt 0.25968 0.73409
vt 0.26581 0.74486
vt 0.25411 0.74991
vt 0.91995 0.29970
vt 0.91906 0.29171
vt 0.92561 0.29417
vt 0.59886 0.95738
vt 0.59073 0.95182
vt 0.59790 0.94891
vt 0.94118 0.54219
vt 0.92992 0.54093
vt 0.93862 0.53006
vt 0.94671 0.52462
vt 0.94118 0.54219
vt 0.93862 0.53006
vt 0.77652 0.72330
vt 0.78511 0.71984
vt 0.78327 0.73102
vt 0.59073 0.95182
vt 0.59886 0.95738
vt 0.58621 0.96080
vt 0.87028 0.86445
vt 0.87364 0.85450
vt 0.88263 0.87867
vt 0.75407 0.77349
vt 0.75603 0.77156
vt 0.75180 0.77494
vt 0.86989 0.87817
vt 0.87099 0.86552
vt 0.88263 0.87867
vt 0.85987 0.85848
vt 0.85622 0.84808
vt 0.87364 0.85450
vt 0.87341 0.89178
vt 0.86989 0.87817
vt 0.88263 0.87867
vt 0.66077 0.69539
vt 0.65067 0.66917
vt 0.66020 0.67971
vt 0.64986 0.69328
vt 0.66077 0.69539
vt 0.66401 0.70574
vt 0.65476 0.70661
vt 0.64986 0.69328
vt 0.66401 0.70574
vt 0.50579 0.37267
vt 0.52408 0.38997
vt 0.50357 0.38468
vt 0.51756 0.40150
vt 0.50357 0.38468
vt 0.52408 0.38997
vt 0.27066 0.76867
vt 0.26102 0.77092
vt 0.25864 0.76271
vt 0.28272 0.75827
vt 0.27066 0.76867
vt 0.26308 0.75954
vt 0.28272 0.75827
vt 0.26308 0.75954
vt 0.27676 0.75506
vt 0.28272 0.75827
vt 0.27676 0.75506
vt 0.28160 0.75329
vt 0.65067 0.66917
vt 0.66077 0.69539
vt 0.64986 0.69328
vt 0.64986 0.69328
vt 0.65476 0.70661
vt 0.64467 0.70295
vt 0.64986 0.69328
vt 0.64037 0.68430
vt 0.65067 0.66917
vt 0.28930 0.76643
vt 0.27066 0.76867
vt 0.28272 0.75827
vt 0.64697 0.70865
vt 0.64467 0.70295
vt 0.65476 0.70661
vt 0.26656 0.78180
vt 0.26370 0.77508
vt 0.27066 0.76867
vt 0.64467 0.70295
vt 0.64697 0.70865
vt 0.64178 0.70945
vt 0.26370 0.77508
vt 0.26102 0.77092
vt 0.27066 0.76867
vt 0.86070 0.88421
vt 0.86989 0.87817
vt 0.86381 0.88707
vt 0.50357 0.38468
vt 0.51238 0.40526
vt 0.49808 0.40096
vt 0.64986 0.69328
vt 0.64027 0.69939
vt 0.64037 0.68430
vt 0.28930 0.76643
vt 0.27604 0.77573
vt 0.27066 0.76867
vt 0.64027 0.69939
vt 0.63488 0.69442
vt 0.64037 0.68430
vt 0.78821 0.28962
vt 0.78268 0.29088
vt 0.78739 0.27998
vt 0.63488 0.69442
vt 0.64027 0.69939
vt 0.63518 0.70004
vt 0.64027 0.69939
vt 0.63414 0.70314
vt 0.63518 0.70004
vt 0.78268 0.29088
vt 0.78821 0.28962
vt 0.78427 0.29561
vt 0.78427 0.29561
vt 0.78552 0.29976
vt 0.78127 0.30139
vt 0.78268 0.29088
vt 0.78562 0.26833
vt 0.78739 0.27998
vt 0.78268 0.29088
vt 0.78427 0.29561
vt 0.77074 0.29818
vt 0.78427 0.29561
vt 0.78127 0.30139
vt 0.77074 0.29818
vt 0.26656 0.78180
vt 0.27066 0.76867
vt 0.27604 0.77573
vt 0.27604 0.77573
vt 0.26955 0.78426
vt 0.26656 0.78180
vt 0.27604 0.77573
vt 0.27855 0.78387
vt 0.26955 0.78426
vt 0.28930 0.76643
vt 0.28875 0.77929
vt 0.27604 0.77573
vt 0.77550 0.30535
vt 0.77074 0.29818
vt 0.78127 0.30139
vt 0.27604 0.77573
vt 0.28875 0.77929
vt 0.27855 0.78387
vt 0.24615 0.46023
vt 0.25330 0.45787
vt 0.25484 0.46395
vt 0.25874 0.47418
vt 0.24922 0.47716
vt 0.25484 0.46395
vt 0.28875 0.77929
vt 0.28930 0.76643
vt 0.29502 0.77993
vt 0.51238 0.40526
vt 0.50214 0.40566
vt 0.49808 0.40096
vt 0.49808 0.40096
vt 0.49181 0.39279
vt 0.50357 0.38468
vt 0.23502 0.47087
vt 0.24615 0.46023
vt 0.25484 0.46395
vt 0.24922 0.47716
vt 0.23502 0.47087
vt 0.25484 0.46395
vt 0.24615 0.46023
vt 0.23502 0.47087
vt 0.23292 0.46418
vt 0.76117 0.29268
vt 0.78562 0.26833
vt 0.78268 0.29088
vt 0.75482 0.28369
vt 0.76206 0.27484
vt 0.76117 0.29268
vt 0.75516 0.30992
vt 0.77550 0.30535
vt 0.76513 0.31444
vt 0.23502 0.47087
vt 0.22601 0.47230
vt 0.23292 0.46418
vt 0.77074 0.29818
vt 0.77550 0.30535
vt 0.75516 0.30992
vt 0.21801 0.49003
vt 0.22320 0.48013
vt 0.23138 0.48557
vt 0.23502 0.47087
vt 0.24922 0.47716
vt 0.23138 0.48557
vt 0.23502 0.47087
vt 0.22320 0.48013
vt 0.22601 0.47230
vt 0.23138 0.48557
vt 0.22320 0.48013
vt 0.23502 0.47087
vt 0.74905 0.31770
vt 0.75872 0.32128
vt 0.75370 0.32710
vt 0.76513 0.31444
vt 0.75872 0.32128
vt 0.75516 0.30992
vt 0.75516 0.30992
vt 0.74917 0.30228
vt 0.77074 0.29818
vt 0.74905 0.31770
vt 0.75370 0.32710
vt 0.74849 0.33692
vt 0.74905 0.31770
vt 0.75516 0.30992
vt 0.75872 0.32128
vt 0.74849 0.33692
vt 0.74217 0.33406
vt 0.74905 0.31770
vt 0.66077 0.69539
vt 0.67040 0.68191
vt 0.67362 0.70151
vt 0.74917 0.30228
vt 0.74519 0.29397
vt 0.76117 0.29268
vt 0.76117 0.29268
vt 0.74519 0.29397
vt 0.75482 0.28369
vt 0.73759 0.28161
vt 0.75482 0.28369
vt 0.74519 0.29397
vt 0.74917 0.30228
vt 0.75516 0.30992
vt 0.73911 0.30934
vt 0.77074 0.29818
vt 0.74917 0.30228
vt 0.76117 0.29268
vt 0.74905 0.31770
vt 0.73911 0.30934
vt 0.75516 0.30992
vt 0.73911 0.30934
vt 0.73072 0.31874
vt 0.72288 0.31335
vt 0.66077 0.69539
vt 0.67362 0.70151
vt 0.66401 0.70574
vt 0.74905 0.31770
vt 0.73072 0.31874
vt 0.73911 0.30934
vt 0.74519 0.29397
vt 0.74917 0.30228
vt 0.73911 0.30934
vt 0.74519 0.29397
vt 0.73911 0.30934
vt 0.72288 0.31335
vt 0.51238 0.40526
vt 0.51062 0.40688
vt 0.50214 0.40566
vt 0.77074 0.29818
vt 0.76117 0.29268
vt 0.78268 0.29088
vt 0.24137 0.61724
vt 0.23246 0.63058
vt 0.22550 0.60470
vt 0.56460 0.25810
vt 0.56511 0.23990
vt 0.56973 0.24935
vt 0.26349 0.48697
vt 0.24599 0.49573
vt 0.24922 0.47716
vt 0.37380 0.70202
vt 0.37332 0.72057
vt 0.35984 0.71097
vt 0.35356 0.73223
vt 0.35272 0.71507
vt 0.35984 0.71097
vt 0.35356 0.73223
vt 0.33563 0.72388
vt 0.34449 0.71920
vt 0.53916 0.33325
vt 0.54066 0.34223
vt 0.53067 0.33808
vt 0.53974 0.30379
vt 0.54073 0.31367
vt 0.53072 0.31067
vt 0.54073 0.31367
vt 0.54156 0.32406
vt 0.53072 0.31067
vt 0.35356 0.73223
vt 0.34449 0.71920
vt 0.35272 0.71507
vt 0.54156 0.32406
vt 0.53916 0.33325
vt 0.52266 0.32216
vt 0.53072 0.31067
vt 0.52266 0.32216
vt 0.51948 0.29126
vt 0.51905 0.33331
vt 0.52266 0.32216
vt 0.53067 0.33808
vt 0.53072 0.31067
vt 0.54156 0.32406
vt 0.52266 0.32216
vt 0.52266 0.32216
vt 0.53916 0.33325
vt 0.53067 0.33808
vt 0.53072 0.31067
vt 0.53413 0.28553
vt 0.53974 0.30379
vt 0.54333 0.29738
vt 0.53974 0.30379
vt 0.53413 0.28553
vt 0.54333 0.29738
vt 0.54969 0.28952
vt 0.54634 0.29822
vt 0.32478 0.75909
vt 0.30977 0.75754
vt 0.33196 0.74487
vt 0.30977 0.75754
vt 0.31557 0.73876
vt 0.33196 0.74487
vt 0.30977 0.75754
vt 0.30457 0.74389
vt 0.31557 0.73876
vt 0.33196 0.74487
vt 0.31557 0.73876
vt 0.32702 0.73060
vt 0.29783 0.74636
vt 0.30457 0.74389
vt 0.30977 0.75754
vt 0.28930 0.76643
vt 0.29783 0.74636
vt 0.30977 0.75754
vt 0.29783 0.74636
vt 0.28930 0.76643
vt 0.28979 0.75500
vt 0.53959 0.26128
vt 0.55573 0.27911
vt 0.53413 0.28553
vt 0.53415 0.35515
vt 0.54081 0.35515
vt 0.54019 0.36670
vt 0.28979 0.75500
vt 0.28930 0.76643
vt 0.28272 0.75827
vt 0.51933 0.27308
vt 0.53413 0.28553
vt 0.51948 0.29126
vt 0.30510 0.77520
vt 0.28930 0.76643
vt 0.30977 0.75754
vt 0.31557 0.73876
vt 0.32017 0.73246
vt 0.32702 0.73060
vt 0.54081 0.35515
vt 0.53415 0.35515
vt 0.53920 0.35086
vt 0.30977 0.75754
vt 0.31243 0.77235
vt 0.30510 0.77520
vt 0.54066 0.34223
vt 0.53920 0.35086
vt 0.53415 0.35515
vt 0.52893 0.38234
vt 0.53737 0.37229
vt 0.53339 0.37801
vt 0.53415 0.35515
vt 0.53067 0.33808
vt 0.54066 0.34223
vt 0.54019 0.36670
vt 0.53737 0.37229
vt 0.53415 0.35515
vt 0.53415 0.35515
vt 0.53737 0.37229
vt 0.50579 0.37267
vt 0.28765 0.74923
vt 0.28979 0.75500
vt 0.28272 0.75827
vt 0.53737 0.37229
vt 0.52893 0.38234
vt 0.50579 0.37267
vt 0.50681 0.36017
vt 0.53067 0.33808
vt 0.53415 0.35515
vt 0.51905 0.33331
vt 0.53067 0.33808
vt 0.50655 0.34501
vt 0.50681 0.36017
vt 0.50655 0.34501
vt 0.53067 0.33808
vt 0.53959 0.26128
vt 0.53413 0.28553
vt 0.51933 0.27308
vt 0.50579 0.37267
vt 0.52893 0.38234
vt 0.52408 0.38997
vt 0.50579 0.37267
vt 0.50681 0.36017
vt 0.53415 0.35515
vt 0.53959 0.26128
vt 0.56460 0.25810
vt 0.56377 0.26708
vt 0.56377 0.26708
vt 0.55573 0.27911
vt 0.53959 0.26128
vt 0.53413 0.28553
vt 0.54969 0.28952
vt 0.54333 0.29738
vt 0.26310 0.49660
vt 0.24599 0.49573
vt 0.26349 0.48697
vt 0.30510 0.77520
vt 0.29502 0.77993
vt 0.28930 0.76643
vt 0.35356 0.73223
vt 0.33196 0.74487
vt 0.33563 0.72388
vt 0.55573 0.27911
vt 0.54969 0.28952
vt 0.53413 0.28553
vt 0.52348 0.23807
vt 0.53959 0.26128
vt 0.51933 0.27308
vt 0.50655 0.29464
vt 0.51933 0.27308
vt 0.51948 0.29126
vt 0.52266 0.32216
vt 0.50661 0.32804
vt 0.51948 0.29126
vt 0.32702 0.73060
vt 0.33563 0.72388
vt 0.33196 0.74487
vt 0.35984 0.71097
vt 0.37332 0.72057
vt 0.35356 0.73223
vt 0.50655 0.29464
vt 0.49861 0.28290
vt 0.51933 0.27308
vt 0.26310 0.49660
vt 0.25602 0.51005
vt 0.24599 0.49573
vt 0.52266 0.32216
vt 0.51905 0.33331
vt 0.50661 0.32804
vt 0.49861 0.28290
vt 0.50655 0.29464
vt 0.49630 0.29817
vt 0.49630 0.29817
vt 0.50655 0.29464
vt 0.51948 0.29126
vt 0.50661 0.32804
vt 0.49630 0.29817
vt 0.51948 0.29126
vt 0.51905 0.33331
vt 0.50655 0.34501
vt 0.50661 0.32804
vt 0.49858 0.32587
vt 0.50661 0.32804
vt 0.50655 0.34501
vt 0.49630 0.29817
vt 0.50661 0.32804
vt 0.49858 0.32587
vt 0.32754 0.76797
vt 0.31243 0.77235
vt 0.30977 0.75754
vt 0.35356 0.73223
vt 0.37332 0.72057
vt 0.36941 0.73725
vt 0.32754 0.76797
vt 0.32027 0.77124
vt 0.31243 0.77235
vt 0.53413 0.28553
vt 0.53072 0.31067
vt 0.51948 0.29126
vt 0.33599 0.76765
vt 0.32478 0.75909
vt 0.33196 0.74487
vt 0.37380 0.70202
vt 0.38419 0.70945
vt 0.37332 0.72057
vt 0.33599 0.76765
vt 0.32754 0.76797
vt 0.32478 0.75909
vt 0.32754 0.76797
vt 0.30977 0.75754
vt 0.32478 0.75909
vt 0.24244 0.51577
vt 0.25602 0.51005
vt 0.25681 0.51357
vt 0.25704 0.51831
vt 0.24244 0.51577
vt 0.25681 0.51357
vt 0.49092 0.35352
vt 0.50655 0.34501
vt 0.50681 0.36017
vt 0.49280 0.36428
vt 0.49092 0.35352
vt 0.50681 0.36017
vt 0.50579 0.37267
vt 0.48645 0.38357
vt 0.49280 0.36428
vt 0.50681 0.36017
vt 0.50579 0.37267
vt 0.49280 0.36428
vt 0.26417 0.53442
vt 0.25230 0.54187
vt 0.25704 0.51831
vt 0.49858 0.32587
vt 0.50655 0.34501
vt 0.49092 0.35352
vt 0.48645 0.38357
vt 0.48067 0.37527
vt 0.49280 0.36428
vt 0.48067 0.37527
vt 0.47547 0.35923
vt 0.49280 0.36428
vt 0.33196 0.74487
vt 0.35034 0.76330
vt 0.33599 0.76765
vt 0.39072 0.72795
vt 0.37332 0.72057
vt 0.38419 0.70945
vt 0.39670 0.69635
vt 0.38334 0.69385
vt 0.39295 0.68557
vt 0.41859 0.71498
vt 0.39670 0.69635
vt 0.41330 0.69187
vt 0.40016 0.68108
vt 0.39670 0.69635
vt 0.39295 0.68557
vt 0.41330 0.69187
vt 0.39670 0.69635
vt 0.40636 0.67787
vt 0.50579 0.37267
vt 0.50357 0.38468
vt 0.48645 0.38357
vt 0.37380 0.70202
vt 0.38334 0.69385
vt 0.38419 0.70945
vt 0.35356 0.73223
vt 0.35386 0.74631
vt 0.33196 0.74487
vt 0.38419 0.70945
vt 0.38334 0.69385
vt 0.39670 0.69635
vt 0.37332 0.72057
vt 0.39072 0.72795
vt 0.36941 0.73725
vt 0.35386 0.74631
vt 0.35356 0.73223
vt 0.36941 0.73725
vt 0.35034 0.76330
vt 0.33196 0.74487
vt 0.35386 0.74631
vt 0.35386 0.74631
vt 0.36941 0.73725
vt 0.37880 0.75934
vt 0.35386 0.74631
vt 0.37880 0.75934
vt 0.35034 0.76330
vt 0.25806 0.55227
vt 0.25230 0.54187
vt 0.26417 0.53442
vt 0.37880 0.75934
vt 0.36844 0.76486
vt 0.35034 0.76330
vt 0.39072 0.72795
vt 0.40246 0.74645
vt 0.36941 0.73725
vt 0.36941 0.73725
vt 0.40246 0.74645
vt 0.37880 0.75934
vt 0.37880 0.75934
vt 0.40246 0.74645
vt 0.38889 0.75629
vt 0.24599 0.49573
vt 0.23138 0.48557
vt 0.24922 0.47716
vt 0.21268 0.49957
vt 0.22045 0.50811
vt 0.20890 0.50667
vt 0.21268 0.49957
vt 0.21801 0.49003
vt 0.22045 0.50811
vt 0.39670 0.69635
vt 0.40016 0.68108
vt 0.40636 0.67787
vt 0.25704 0.51831
vt 0.25230 0.54187
vt 0.24244 0.51577
vt 0.22045 0.50811
vt 0.24599 0.49573
vt 0.24244 0.51577
vt 0.22045 0.50811
vt 0.24244 0.51577
vt 0.22770 0.52351
vt 0.22045 0.50811
vt 0.22770 0.52351
vt 0.20620 0.52950
vt 0.20620 0.52950
vt 0.20890 0.50667
vt 0.22045 0.50811
vt 0.38419 0.70945
vt 0.39670 0.69635
vt 0.40014 0.71523
vt 0.74217 0.33406
vt 0.74849 0.33692
vt 0.73970 0.34572
vt 0.24108 0.53966
vt 0.24244 0.51577
vt 0.25230 0.54187
vt 0.22770 0.52351
vt 0.24108 0.53966
vt 0.20620 0.52950
vt 0.24244 0.51577
vt 0.24599 0.49573
vt 0.25602 0.51005
vt 0.24108 0.53966
vt 0.22770 0.52351
vt 0.24244 0.51577
vt 0.22045 0.50811
vt 0.21801 0.49003
vt 0.23138 0.48557
vt 0.73402 0.35103
vt 0.73100 0.34599
vt 0.73970 0.34572
vt 0.38419 0.70945
vt 0.40014 0.71523
vt 0.39072 0.72795
vt 0.24599 0.49573
vt 0.22045 0.50811
vt 0.23138 0.48557
vt 0.39670 0.69635
vt 0.41859 0.71498
vt 0.39985 0.70923
vt 0.41859 0.71498
vt 0.40014 0.71523
vt 0.39985 0.70923
vt 0.42011 0.73681
vt 0.40014 0.71523
vt 0.41859 0.71498
vt 0.40246 0.74645
vt 0.39072 0.72795
vt 0.42011 0.73681
vt 0.39985 0.70923
vt 0.40014 0.71523
vt 0.39670 0.69635
vt 0.22550 0.60470
vt 0.23246 0.63058
vt 0.21520 0.62426
vt 0.25806 0.55227
vt 0.24212 0.55710
vt 0.25230 0.54187
vt 0.42011 0.73681
vt 0.39072 0.72795
vt 0.40014 0.71523
vt 0.26297 0.56202
vt 0.26298 0.57341
vt 0.25657 0.57775
vt 0.25657 0.57775
vt 0.26298 0.57341
vt 0.25970 0.58875
vt 0.25657 0.57775
vt 0.25806 0.55227
vt 0.26297 0.56202
vt 0.40246 0.74645
vt 0.40483 0.74910
vt 0.38889 0.75629
vt 0.25230 0.54187
vt 0.24212 0.55710
vt 0.24108 0.53966
vt 0.20620 0.52950
vt 0.24108 0.53966
vt 0.21765 0.55479
vt 0.24212 0.55710
vt 0.21765 0.55479
vt 0.24108 0.53966
vt 0.25657 0.57775
vt 0.24830 0.57166
vt 0.25806 0.55227
vt 0.25806 0.55227
vt 0.24830 0.57166
vt 0.24212 0.55710
vt 0.21765 0.55479
vt 0.24212 0.55710
vt 0.23478 0.56992
vt 0.41344 0.74444
vt 0.40483 0.74910
vt 0.40246 0.74645
vt 0.40246 0.74645
vt 0.42011 0.73681
vt 0.41344 0.74444
vt 0.42395 0.73845
vt 0.42011 0.73681
vt 0.43152 0.73265
vt 0.41344 0.74444
vt 0.42011 0.73681
vt 0.42395 0.73845
vt 0.25452 0.59778
vt 0.25657 0.57775
vt 0.25970 0.58875
vt 0.23775 0.59539
vt 0.24961 0.61030
vt 0.24137 0.61724
vt 0.23478 0.56992
vt 0.24212 0.55710
vt 0.24830 0.57166
vt 0.25452 0.59778
vt 0.24961 0.61030
vt 0.23775 0.59539
vt 0.21765 0.55479
vt 0.19420 0.54160
vt 0.20620 0.52950
vt 0.23775 0.59539
vt 0.24137 0.61724
vt 0.22550 0.60470
vt 0.24830 0.57166
vt 0.25657 0.57775
vt 0.23478 0.56992
vt 0.25452 0.59778
vt 0.23775 0.59539
vt 0.25657 0.57775
vt 0.25657 0.57775
vt 0.23775 0.59539
vt 0.23478 0.56992
vt 0.28645 0.54828
vt 0.28390 0.54308
vt 0.29651 0.53684
vt 0.64919 0.43669
vt 0.66204 0.45225
vt 0.63349 0.45574
vt 0.29064 0.57496
vt 0.28645 0.54828
vt 0.29551 0.57026
vt 0.28645 0.54828
vt 0.29064 0.57496
vt 0.27478 0.56523
vt 0.61771 0.45412
vt 0.63349 0.45574
vt 0.63037 0.46166
vt 0.27478 0.56523
vt 0.27429 0.55069
vt 0.28645 0.54828
vt 0.65228 0.46758
vt 0.63714 0.46595
vt 0.63349 0.45574
vt 0.63037 0.46166
vt 0.63349 0.45574
vt 0.63714 0.46595
vt 0.45724 0.56052
vt 0.46860 0.57305
vt 0.45806 0.57088
vt 0.63349 0.45574
vt 0.61771 0.45412
vt 0.61446 0.44896
vt 0.46113 0.58197
vt 0.45806 0.57088
vt 0.46860 0.57305
vt 0.60233 0.44357
vt 0.60674 0.42400
vt 0.61446 0.44896
vt 0.46860 0.57305
vt 0.46918 0.59674
vt 0.46113 0.58197
vt 0.60674 0.42400
vt 0.60233 0.44357
vt 0.58825 0.43712
vt 0.58362 0.42395
vt 0.60674 0.42400
vt 0.58825 0.43712
vt 0.58825 0.43712
vt 0.57507 0.43286
vt 0.58362 0.42395
vt 0.48298 0.61492
vt 0.47414 0.61903
vt 0.47120 0.61125
vt 0.57050 0.42957
vt 0.58362 0.42395
vt 0.57507 0.43286
vt 0.48298 0.61492
vt 0.47968 0.62984
vt 0.47414 0.61903
vt 0.55915 0.40918
vt 0.57050 0.42957
vt 0.55696 0.42213
vt 0.57050 0.42957
vt 0.55915 0.40918
vt 0.58362 0.42395
vt 0.63349 0.45574
vt 0.62396 0.43560
vt 0.63980 0.43617
vt 0.63980 0.43617
vt 0.64919 0.43669
vt 0.63349 0.45574
vt 0.63349 0.45574
vt 0.61446 0.44896
vt 0.62396 0.43560
vt 0.61446 0.44896
vt 0.60674 0.42400
vt 0.62396 0.43560
vt 0.62989 0.41852
vt 0.62396 0.43560
vt 0.60674 0.42400
vt 0.57971 0.40488
vt 0.60674 0.42400
vt 0.58362 0.42395
vt 0.58362 0.42395
vt 0.55915 0.40918
vt 0.57971 0.40488
vt 0.60674 0.42400
vt 0.57971 0.40488
vt 0.58147 0.39374
vt 0.64919 0.43669
vt 0.66681 0.43763
vt 0.66204 0.45225
vt 0.50257 0.57636
vt 0.48298 0.61492
vt 0.46918 0.59674
vt 0.66557 0.45768
vt 0.65228 0.46758
vt 0.66204 0.45225
vt 0.66460 0.46402
vt 0.65228 0.46758
vt 0.66557 0.45768
vt 0.66976 0.44874
vt 0.66557 0.45768
vt 0.66204 0.45225
vt 0.66460 0.46402
vt 0.66228 0.46919
vt 0.65886 0.46915
vt 0.30478 0.54723
vt 0.30278 0.54958
vt 0.30373 0.53999
vt 0.66460 0.46402
vt 0.65886 0.46915
vt 0.65228 0.46758
vt 0.63349 0.45574
vt 0.66204 0.45225
vt 0.65228 0.46758
vt 0.63980 0.43617
vt 0.62396 0.43560
vt 0.62989 0.41852
vt 0.64109 0.46896
vt 0.65228 0.46758
vt 0.64772 0.47523
vt 0.48832 0.56110
vt 0.46860 0.57305
vt 0.45724 0.56052
vt 0.64772 0.47523
vt 0.65228 0.46758
vt 0.65028 0.47485
vt 0.65028 0.47485
vt 0.65228 0.46758
vt 0.65886 0.46915
vt 0.48298 0.61492
vt 0.48857 0.62487
vt 0.47968 0.62984
vt 0.30888 0.53998
vt 0.30478 0.54723
vt 0.30373 0.53999
vt 0.46918 0.59674
vt 0.48298 0.61492
vt 0.47120 0.61125
vt 0.55915 0.40918
vt 0.58147 0.39374
vt 0.57971 0.40488
vt 0.48994 0.52861
vt 0.45724 0.56052
vt 0.45269 0.54921
vt 0.27429 0.55069
vt 0.28390 0.54308
vt 0.28645 0.54828
vt 0.65206 0.47970
vt 0.64772 0.47523
vt 0.65028 0.47485
vt 0.14229 0.84840
vt 0.14473 0.84548
vt 0.14768 0.84574
vt 0.15008 0.85319
vt 0.14229 0.84840
vt 0.14768 0.84574
vt 0.14229 0.84840
vt 0.15008 0.85319
vt 0.14671 0.86394
vt 0.44710 0.53490
vt 0.44534 0.52417
vt 0.45761 0.52399
vt 0.13614 0.84825
vt 0.14671 0.86394
vt 0.13341 0.85546
vt 0.14229 0.84840
vt 0.14671 0.86394
vt 0.13614 0.84825
vt 0.45761 0.52399
vt 0.44534 0.52417
vt 0.45221 0.52130
vt 0.13341 0.85546
vt 0.12960 0.87210
vt 0.12726 0.86349
vt 0.12726 0.86349
vt 0.12778 0.85799
vt 0.13341 0.85546
vt 0.12960 0.87210
vt 0.13341 0.85546
vt 0.14671 0.86394
vt 0.45269 0.54921
vt 0.44710 0.53490
vt 0.45761 0.52399
vt 0.39460 0.29011
vt 0.37781 0.29466
vt 0.38863 0.28171
vt 0.39078 0.31061
vt 0.37362 0.30876
vt 0.37781 0.29466
vt 0.39078 0.31061
vt 0.38804 0.33341
vt 0.37362 0.30876
vt 0.37362 0.30876
vt 0.38804 0.33341
vt 0.36576 0.32488
vt 0.35690 0.31773
vt 0.37362 0.30876
vt 0.36576 0.32488
vt 0.35401 0.33885
vt 0.35690 0.31773
vt 0.36576 0.32488
vt 0.39078 0.31061
vt 0.37781 0.29466
vt 0.39460 0.29011
vt 0.38074 0.27664
vt 0.38863 0.28171
vt 0.37781 0.29466
vt 0.38170 0.26354
vt 0.39398 0.26922
vt 0.38952 0.27895
vt 0.38170 0.26354
vt 0.38952 0.27895
vt 0.38074 0.27664
vt 0.37362 0.30876
vt 0.35732 0.29438
vt 0.37781 0.29466
vt 0.37362 0.30876
vt 0.35690 0.31773
vt 0.34613 0.30132
vt 0.33464 0.33541
vt 0.34894 0.30956
vt 0.35690 0.31773
vt 0.35690 0.31773
vt 0.34894 0.30956
vt 0.34613 0.30132
vt 0.35732 0.29438
vt 0.37362 0.30876
vt 0.34613 0.30132
vt 0.35732 0.29438
vt 0.34636 0.26964
vt 0.37781 0.29466
vt 0.38074 0.27664
vt 0.37781 0.29466
vt 0.34636 0.26964
vt 0.38074 0.27664
vt 0.34636 0.26964
vt 0.38170 0.26354
vt 0.34636 0.26964
vt 0.35732 0.29438
vt 0.34613 0.30132
vt 0.34613 0.30132
vt 0.34894 0.30956
vt 0.33361 0.29493
vt 0.33361 0.29493
vt 0.34894 0.30956
vt 0.32350 0.30664
vt 0.34613 0.30132
vt 0.33361 0.29493
vt 0.34636 0.26964
vt 0.39755 0.28155
vt 0.40487 0.29402
vt 0.39460 0.29011
vt 0.39645 0.27738
vt 0.39855 0.25767
vt 0.40409 0.27213
vt 0.40222 0.18948
vt 0.39992 0.19366
vt 0.39253 0.19441
vt 0.40134 0.20895
vt 0.39253 0.19441
vt 0.39992 0.19366
vt 0.40222 0.18948
vt 0.39253 0.19441
vt 0.38810 0.18751
vt 0.38952 0.27895
vt 0.39398 0.26922
vt 0.39645 0.27738
vt 0.38863 0.28171
vt 0.39755 0.28155
vt 0.39460 0.29011
vt 0.41221 0.19446
vt 0.40134 0.20895
vt 0.39992 0.19366
vt 0.55915 0.40918
vt 0.54157 0.38714
vt 0.54823 0.37926
vt 0.39645 0.27738
vt 0.39398 0.26922
vt 0.39855 0.25767
vt 0.55915 0.40918
vt 0.55696 0.42213
vt 0.54784 0.41771
vt 0.39160 0.25159
vt 0.39322 0.24325
vt 0.39634 0.25095
vt 0.55915 0.40918
vt 0.54823 0.37926
vt 0.56814 0.37258
vt 0.55915 0.40918
vt 0.53261 0.40917
vt 0.53713 0.39693
vt 0.54784 0.41771
vt 0.53261 0.40917
vt 0.55915 0.40918
vt 0.40639 0.28300
vt 0.40487 0.29402
vt 0.39755 0.28155
vt 0.40487 0.29402
vt 0.39078 0.31061
vt 0.39460 0.29011
vt 0.40279 0.31295
vt 0.39078 0.31061
vt 0.40487 0.29402
vt 0.56814 0.37258
vt 0.58147 0.39374
vt 0.55915 0.40918
vt 0.40080 0.32914
vt 0.39078 0.31061
vt 0.40279 0.31295
vt 0.40134 0.20895
vt 0.41895 0.22515
vt 0.40682 0.22568
vt 0.41895 0.22515
vt 0.41133 0.24201
vt 0.40682 0.22568
vt 0.41895 0.22515
vt 0.42670 0.24991
vt 0.41133 0.24201
vt 0.40080 0.32914
vt 0.38804 0.33341
vt 0.39078 0.31061
vt 0.41895 0.22515
vt 0.41717 0.20392
vt 0.42678 0.21759
vt 0.43101 0.19750
vt 0.43189 0.20836
vt 0.41717 0.20392
vt 0.39992 0.19366
vt 0.40222 0.18948
vt 0.41221 0.19446
vt 0.43189 0.20836
vt 0.42678 0.21759
vt 0.41717 0.20392
vt 0.40134 0.20895
vt 0.41221 0.19446
vt 0.41717 0.20392
vt 0.49248 0.65519
vt 0.50379 0.64450
vt 0.50398 0.65482
vt 0.47968 0.62984
vt 0.48857 0.62487
vt 0.48624 0.63654
vt 0.49248 0.65519
vt 0.48624 0.63654
vt 0.50379 0.64450
vt 0.50844 0.65524
vt 0.50398 0.65482
vt 0.51447 0.65025
vt 0.51447 0.65025
vt 0.50398 0.65482
vt 0.50379 0.64450
vt 0.41221 0.19446
vt 0.41538 0.19528
vt 0.41717 0.20392
vt 0.41717 0.20392
vt 0.42437 0.19542
vt 0.43101 0.19750
vt 0.41538 0.19528
vt 0.42437 0.19542
vt 0.41717 0.20392
vt 0.35690 0.31773
vt 0.35401 0.33885
vt 0.33464 0.33541
vt 0.51447 0.65025
vt 0.51313 0.65562
vt 0.50844 0.65524
vt 0.50446 0.62604
vt 0.50379 0.64450
vt 0.48624 0.63654
vt 0.55915 0.40918
vt 0.53713 0.39693
vt 0.54157 0.38714
vt 0.39634 0.25095
vt 0.39855 0.25767
vt 0.39160 0.25159
vt 0.38504 0.25742
vt 0.39160 0.25159
vt 0.39855 0.25767
vt 0.40134 0.20895
vt 0.41717 0.20392
vt 0.41895 0.22515
vt 0.38914 0.19536
vt 0.38108 0.19012
vt 0.38810 0.18751
vt 0.38810 0.18751
vt 0.38108 0.19012
vt 0.37859 0.18677
vt 0.42678 0.21759
vt 0.43309 0.22686
vt 0.41895 0.22515
vt 0.48624 0.63654
vt 0.48857 0.62487
vt 0.50446 0.62604
vt 0.38504 0.25742
vt 0.39855 0.25767
vt 0.38170 0.26354
vt 0.50446 0.62604
vt 0.48857 0.62487
vt 0.48298 0.61492
vt 0.38170 0.26354
vt 0.39855 0.25767
vt 0.39398 0.26922
vt 0.38810 0.18751
vt 0.39253 0.19441
vt 0.38914 0.19536
vt 0.40409 0.27213
vt 0.39855 0.25767
vt 0.40298 0.26450
vt 0.64435 0.40531
vt 0.64717 0.42324
vt 0.62989 0.41852
vt 0.66849 0.41006
vt 0.68322 0.41515
vt 0.67868 0.42217
vt 0.69036 0.39700
vt 0.68629 0.40516
vt 0.67661 0.40088
vt 0.66849 0.41006
vt 0.67661 0.40088
vt 0.68629 0.40516
vt 0.68322 0.41515
vt 0.66849 0.41006
vt 0.68629 0.40516
vt 0.67661 0.40088
vt 0.67480 0.38894
vt 0.69036 0.39700
vt 0.60380 0.37348
vt 0.58147 0.39374
vt 0.59110 0.35715
vt 0.58147 0.39374
vt 0.56814 0.37258
vt 0.59110 0.35715
vt 0.62560 0.40135
vt 0.60380 0.37348
vt 0.62668 0.38227
vt 0.64435 0.40531
vt 0.64580 0.39488
vt 0.66849 0.41006
vt 0.64435 0.40531
vt 0.62560 0.40135
vt 0.64580 0.39488
vt 0.64580 0.39488
vt 0.67480 0.38894
vt 0.66849 0.41006
vt 0.64580 0.39488
vt 0.62560 0.40135
vt 0.62668 0.38227
vt 0.67661 0.40088
vt 0.66849 0.41006
vt 0.67480 0.38894
vt 0.59110 0.35715
vt 0.61265 0.35803
vt 0.60380 0.37348
vt 0.64819 0.36884
vt 0.66733 0.36871
vt 0.67480 0.38894
vt 0.67480 0.38894
vt 0.64580 0.39488
vt 0.64819 0.36884
vt 0.64580 0.39488
vt 0.62668 0.38227
vt 0.64819 0.36884
vt 0.62563 0.34604
vt 0.64819 0.36884
vt 0.62668 0.38227
vt 0.60380 0.37348
vt 0.61265 0.35803
vt 0.62668 0.38227
vt 0.61265 0.35803
vt 0.62563 0.34604
vt 0.62668 0.38227
vt 0.61265 0.35803
vt 0.59110 0.35715
vt 0.60177 0.33682
vt 0.62989 0.41852
vt 0.60674 0.42400
vt 0.62560 0.40135
vt 0.62560 0.40135
vt 0.60674 0.42400
vt 0.58147 0.39374
vt 0.66452 0.42915
vt 0.64919 0.43669
vt 0.64717 0.42324
vt 0.62989 0.41852
vt 0.64717 0.42324
vt 0.63980 0.43617
vt 0.64717 0.42324
vt 0.64919 0.43669
vt 0.63980 0.43617
vt 0.58147 0.39374
vt 0.60380 0.37348
vt 0.62560 0.40135
vt 0.67868 0.42217
vt 0.66452 0.42915
vt 0.66849 0.41006
vt 0.67868 0.42217
vt 0.67493 0.43013
vt 0.66452 0.42915
vt 0.64435 0.40531
vt 0.66849 0.41006
vt 0.64717 0.42324
vt 0.66452 0.42915
vt 0.64717 0.42324
vt 0.66849 0.41006
vt 0.67439 0.43529
vt 0.66681 0.43763
vt 0.67493 0.43013
vt 0.67493 0.43013
vt 0.66681 0.43763
vt 0.66452 0.42915
vt 0.67439 0.43529
vt 0.67010 0.44314
vt 0.66681 0.43763
vt 0.64919 0.43669
vt 0.66452 0.42915
vt 0.66681 0.43763
vt 0.29465 0.58374
vt 0.29064 0.57496
vt 0.29571 0.57640
vt 0.62560 0.40135
vt 0.64435 0.40531
vt 0.62989 0.41852
vt 0.37021 0.23894
vt 0.36066 0.22341
vt 0.38314 0.23513
vt 0.59110 0.35715
vt 0.56390 0.35069
vt 0.56499 0.34706
vt 0.55481 0.36866
vt 0.56117 0.35697
vt 0.56814 0.37258
vt 0.38790 0.23045
vt 0.38314 0.23513
vt 0.38134 0.22018
vt 0.34799 0.23253
vt 0.37021 0.23894
vt 0.33355 0.24789
vt 0.56390 0.35069
vt 0.56814 0.37258
vt 0.56117 0.35697
vt 0.59110 0.35715
vt 0.56814 0.37258
vt 0.56390 0.35069
vt 0.37532 0.21174
vt 0.37567 0.21823
vt 0.37171 0.20926
vt 0.37567 0.21823
vt 0.37532 0.21174
vt 0.37807 0.21586
vt 0.59110 0.35715
vt 0.56499 0.34706
vt 0.56758 0.34210
vt 0.57188 0.33523
vt 0.59110 0.35715
vt 0.56758 0.34210
vt 0.37171 0.20926
vt 0.36441 0.20783
vt 0.37111 0.20485
vt 0.36066 0.22341
vt 0.37171 0.20926
vt 0.37567 0.21823
vt 0.57188 0.33523
vt 0.60177 0.33682
vt 0.59110 0.35715
vt 0.33355 0.24789
vt 0.37021 0.23894
vt 0.34636 0.26964
vt 0.37567 0.21823
vt 0.38314 0.23513
vt 0.36066 0.22341
vt 0.36066 0.22341
vt 0.37021 0.23894
vt 0.34799 0.23253
vt 0.34823 0.21277
vt 0.36066 0.22341
vt 0.34799 0.23253
vt 0.34799 0.23253
vt 0.33355 0.24789
vt 0.32467 0.22197
vt 0.30310 0.27257
vt 0.31374 0.26450
vt 0.31524 0.27980
vt 0.31524 0.27980
vt 0.31374 0.26450
vt 0.33355 0.24789
vt 0.31374 0.26450
vt 0.30310 0.27257
vt 0.29068 0.26379
vt 0.31374 0.26450
vt 0.30538 0.25136
vt 0.33355 0.24789
vt 0.36066 0.22341
vt 0.36441 0.20783
vt 0.37171 0.20926
vt 0.36441 0.20783
vt 0.36066 0.22341
vt 0.34823 0.21277
vt 0.37111 0.20485
vt 0.36441 0.20783
vt 0.36531 0.19813
vt 0.32467 0.22197
vt 0.34823 0.21277
vt 0.34799 0.23253
vt 0.32467 0.22197
vt 0.33355 0.24789
vt 0.30934 0.23240
vt 0.30934 0.23240
vt 0.33355 0.24789
vt 0.30538 0.25136
vt 0.31374 0.26450
vt 0.29068 0.26379
vt 0.30538 0.25136
vt 0.29068 0.26379
vt 0.29442 0.24077
vt 0.30538 0.25136
vt 0.36441 0.20783
vt 0.34823 0.21277
vt 0.33885 0.19857
vt 0.37567 0.21823
vt 0.38134 0.22018
vt 0.38314 0.23513
vt 0.33355 0.24789
vt 0.34636 0.26964
vt 0.31524 0.27980
vt 0.38170 0.26354
vt 0.37021 0.23894
vt 0.38504 0.25742
vt 0.34636 0.26964
vt 0.37021 0.23894
vt 0.38170 0.26354
vt 0.38314 0.23513
vt 0.38790 0.23045
vt 0.39322 0.24325
vt 0.38504 0.25742
vt 0.38314 0.23513
vt 0.39160 0.25159
vt 0.38314 0.23513
vt 0.39322 0.24325
vt 0.39160 0.25159
vt 0.56814 0.37258
vt 0.54823 0.37926
vt 0.55481 0.36866
vt 0.37021 0.23894
vt 0.38314 0.23513
vt 0.38504 0.25742
vt 0.82455 0.16139
vt 0.82137 0.15466
vt 0.83493 0.16197
vt 0.82137 0.15466
vt 0.80601 0.14677
vt 0.81983 0.13654
vt 0.72163 0.90310
vt 0.73145 0.90183
vt 0.72477 0.91456
vt 0.87205 0.79431
vt 0.86817 0.79065
vt 0.87828 0.79262
vt 0.71616 0.91032
vt 0.70837 0.90514
vt 0.71672 0.90552
vt 0.72477 0.91456
vt 0.73145 0.90183
vt 0.73346 0.91985
vt 0.86817 0.79065
vt 0.87834 0.78475
vt 0.87828 0.79262
vt 0.61380 0.85320
vt 0.61175 0.84627
vt 0.61856 0.84798
vt 0.70274 0.91971
vt 0.70837 0.90514
vt 0.71409 0.91900
vt 0.71843 0.91948
vt 0.71409 0.91900
vt 0.71616 0.91032
vt 0.70837 0.90514
vt 0.71616 0.91032
vt 0.71409 0.91900
vt 0.71616 0.91032
vt 0.71672 0.90552
vt 0.72163 0.90310
vt 0.72477 0.91456
vt 0.71843 0.91948
vt 0.71616 0.91032
vt 0.72477 0.91456
vt 0.71616 0.91032
vt 0.72163 0.90310
vt 0.72477 0.91456
vt 0.73346 0.91985
vt 0.71843 0.91948
vt 0.54894 0.53747
vt 0.54495 0.53439
vt 0.55120 0.52356
vt 0.54894 0.53747
vt 0.55120 0.52356
vt 0.55865 0.54470
vt 0.53637 0.52748
vt 0.55120 0.52356
vt 0.54495 0.53439
vt 0.57322 0.53053
vt 0.55865 0.54470
vt 0.55120 0.52356
vt 0.53637 0.52748
vt 0.53806 0.50006
vt 0.55120 0.52356
vt 0.73346 0.91985
vt 0.74695 0.91823
vt 0.74317 0.92281
vt 0.74219 0.90337
vt 0.74739 0.90927
vt 0.73346 0.91985
vt 0.73346 0.91985
vt 0.73145 0.90183
vt 0.74219 0.90337
vt 0.74739 0.90927
vt 0.74219 0.90337
vt 0.74677 0.90242
vt 0.73346 0.91985
vt 0.74739 0.90927
vt 0.74695 0.91823
vt 0.09157 0.01680
vt 0.10023 0.01541
vt 0.09545 0.02414
vt 0.10023 0.01541
vt 0.09157 0.01680
vt 0.09416 0.01036
vt 0.10023 0.01541
vt 0.11742 0.02388
vt 0.09545 0.02414
vt 0.04614 0.98516
vt 0.04476 0.98780
vt 0.03840 0.98681
vt 0.74317 0.92281
vt 0.74695 0.91823
vt 0.74928 0.92301
vt 0.80237 0.17534
vt 0.79577 0.15494
vt 0.81635 0.16660
vt 0.52793 0.51788
vt 0.52813 0.51081
vt 0.53806 0.50006
vt 0.52793 0.51788
vt 0.53806 0.50006
vt 0.53637 0.52748
vt 0.09545 0.02414
vt 0.11742 0.02388
vt 0.10161 0.02744
vt 0.81635 0.16660
vt 0.79577 0.15494
vt 0.82137 0.15466
vt 0.78356 0.11563
vt 0.79870 0.14376
vt 0.78190 0.15009
vt 0.60724 0.54719
vt 0.61252 0.56355
vt 0.58869 0.55036
vt 0.70274 0.91971
vt 0.68905 0.91907
vt 0.69845 0.90124
vt 0.79870 0.14376
vt 0.78356 0.11563
vt 0.80276 0.11604
vt 0.79870 0.14376
vt 0.81983 0.13654
vt 0.80601 0.14677
vt 0.79412 0.17155
vt 0.78701 0.17153
vt 0.79134 0.16486
vt 0.81983 0.13654
vt 0.79870 0.14376
vt 0.81333 0.11830
vt 0.81983 0.13654
vt 0.82788 0.12465
vt 0.82137 0.15466
vt 0.55120 0.52356
vt 0.53806 0.50006
vt 0.56845 0.50383
vt 0.04614 0.98516
vt 0.03840 0.98681
vt 0.03927 0.97572
vt 0.79577 0.15494
vt 0.80237 0.17534
vt 0.79412 0.17155
vt 0.04614 0.98516
vt 0.03927 0.97572
vt 0.05096 0.98032
vt 0.79609 0.15512
vt 0.79412 0.17155
vt 0.79134 0.16486
vt 0.56845 0.50383
vt 0.57322 0.53053
vt 0.55120 0.52356
vt 0.10023 0.01541
vt 0.10800 0.01303
vt 0.11742 0.02388
vt 0.79577 0.15494
vt 0.78190 0.15009
vt 0.79870 0.14376
vt 0.03927 0.97572
vt 0.05536 0.97627
vt 0.05096 0.98032
vt 0.11742 0.02388
vt 0.11593 0.03152
vt 0.10161 0.02744
vt 0.10800 0.01303
vt 0.11430 0.01205
vt 0.11742 0.02388
vt 0.05597 0.97959
vt 0.05096 0.98032
vt 0.05536 0.97627
vt 0.79870 0.14376
vt 0.80276 0.11604
vt 0.81333 0.11830
vt 0.80237 0.17534
vt 0.81317 0.17749
vt 0.80602 0.17897
vt 0.56709 0.55517
vt 0.57322 0.53053
vt 0.58869 0.55036
vt 0.86760 0.78046
vt 0.87834 0.78475
vt 0.86817 0.79065
vt 0.58869 0.55036
vt 0.57175 0.56163
vt 0.56709 0.55517
vt 0.56709 0.55517
vt 0.55865 0.54470
vt 0.57322 0.53053
vt 0.82137 0.15466
vt 0.79577 0.15494
vt 0.80601 0.14677
vt 0.81317 0.17749
vt 0.80237 0.17534
vt 0.81635 0.16660
vt 0.58869 0.55036
vt 0.58375 0.57320
vt 0.57175 0.56163
vt 0.70274 0.91971
vt 0.69845 0.90124
vt 0.70837 0.90514
vt 0.82788 0.12465
vt 0.81983 0.13654
vt 0.81333 0.11830
vt 0.61380 0.85320
vt 0.60654 0.84793
vt 0.61175 0.84627
vt 0.79577 0.15494
vt 0.79870 0.14376
vt 0.80601 0.14677
vt 0.69845 0.90124
vt 0.68905 0.91907
vt 0.68358 0.91750
vt 0.96150 0.90782
vt 0.95464 0.91093
vt 0.95658 0.89641
vt 0.94816 0.90383
vt 0.95188 0.89488
vt 0.95658 0.89641
vt 0.66203 0.85874
vt 0.64969 0.85697
vt 0.66334 0.85305
vt 0.72472 0.87994
vt 0.71869 0.88038
vt 0.73015 0.87172
vt 0.73015 0.87172
vt 0.73940 0.87353
vt 0.72472 0.87994
vt 0.71315 0.85279
vt 0.70182 0.87681
vt 0.69410 0.86087
vt 0.64640 0.53280
vt 0.65168 0.53796
vt 0.64250 0.53601
vt 0.69410 0.86087
vt 0.70182 0.87681
vt 0.69294 0.87079
vt 0.68242 0.87757
vt 0.67531 0.87403
vt 0.68722 0.87738
vt 0.69294 0.87079
vt 0.68722 0.87738
vt 0.68183 0.86293
vt 0.67296 0.86783
vt 0.68183 0.86293
vt 0.67531 0.87403
vt 0.68183 0.86293
vt 0.68722 0.87738
vt 0.67531 0.87403
vt 0.68183 0.86293
vt 0.69410 0.86087
vt 0.69294 0.87079
vt 0.61804 0.49954
vt 0.61191 0.49163
vt 0.62286 0.49481
vt 0.65606 0.87091
vt 0.67296 0.86783
vt 0.67531 0.87403
vt 0.67281 0.85368
vt 0.68772 0.84980
vt 0.68183 0.86293
vt 0.61191 0.49163
vt 0.61830 0.48641
vt 0.62286 0.49481
vt 0.68772 0.84980
vt 0.69410 0.86087
vt 0.68183 0.86293
vt 0.68183 0.86293
vt 0.67296 0.86783
vt 0.67281 0.85368
vt 0.67281 0.85368
vt 0.67296 0.86783
vt 0.66203 0.85874
vt 0.71315 0.85279
vt 0.69410 0.86087
vt 0.69727 0.84531
vt 0.65425 0.54998
vt 0.63212 0.54575
vt 0.64250 0.53601
vt 0.98067 0.47830
vt 0.98964 0.48289
vt 0.97723 0.48310
vt 0.70391 0.83210
vt 0.71315 0.85279
vt 0.69727 0.84531
vt 0.61138 0.51907
vt 0.58923 0.52379
vt 0.60242 0.50377
vt 0.69727 0.84531
vt 0.69410 0.86087
vt 0.68772 0.84980
vt 0.98684 0.49019
vt 0.98438 0.50143
vt 0.97300 0.48886
vt 0.97300 0.48886
vt 0.97723 0.48310
vt 0.98684 0.49019
vt 0.68772 0.84980
vt 0.67281 0.85368
vt 0.68105 0.84483
vt 0.98438 0.50143
vt 0.97183 0.49754
vt 0.97300 0.48886
vt 0.66203 0.85874
vt 0.66334 0.85305
vt 0.67281 0.85368
vt 0.98438 0.50143
vt 0.97166 0.51201
vt 0.97183 0.49754
vt 0.71315 0.85279
vt 0.73015 0.87172
vt 0.70182 0.87681
vt 0.98964 0.48289
vt 0.98684 0.49019
vt 0.97723 0.48310
vt 0.19649 0.85531
vt 0.19457 0.85829
vt 0.18950 0.85635
vt 0.69727 0.84531
vt 0.68772 0.84980
vt 0.69214 0.83812
vt 0.96150 0.90782
vt 0.95658 0.89641
vt 0.96447 0.89469
vt 0.68105 0.84483
vt 0.69214 0.83812
vt 0.68772 0.84980
vt 0.63212 0.54575
vt 0.62424 0.52584
vt 0.64250 0.53601
vt 0.64250 0.53601
vt 0.62424 0.52584
vt 0.63668 0.52206
vt 0.96200 0.91361
vt 0.95464 0.91093
vt 0.96150 0.90782
vt 0.62424 0.52584
vt 0.61138 0.51907
vt 0.61715 0.51608
vt 0.70182 0.87681
vt 0.73015 0.87172
vt 0.71869 0.88038
vt 0.19457 0.85829
vt 0.19649 0.85531
vt 0.20389 0.85676
vt 0.69214 0.83812
vt 0.70391 0.83210
vt 0.69727 0.84531
vt 0.58923 0.52379
vt 0.61138 0.51907
vt 0.62424 0.52584
vt 0.96821 0.48585
vt 0.97542 0.48239
vt 0.97300 0.48886
vt 0.96447 0.89469
vt 0.97146 0.89674
vt 0.96150 0.90782
vt 0.97146 0.89674
vt 0.97955 0.90650
vt 0.96150 0.90782
vt 0.97300 0.48886
vt 0.97183 0.49754
vt 0.96421 0.49489
vt 0.97183 0.49754
vt 0.96327 0.50815
vt 0.96421 0.49489
vt 0.96355 0.50136
vt 0.96421 0.49489
vt 0.96327 0.50815
vt 0.96421 0.49489
vt 0.96821 0.48585
vt 0.97300 0.48886
vt 0.61715 0.51608
vt 0.62598 0.51333
vt 0.62424 0.52584
vt 0.60242 0.50377
vt 0.61191 0.49163
vt 0.61804 0.49954
vt 0.97955 0.90650
vt 0.96200 0.91361
vt 0.96150 0.90782
vt 0.97146 0.89674
vt 0.98831 0.89950
vt 0.97955 0.90650
vt 0.96654 0.92126
vt 0.96200 0.91361
vt 0.97955 0.90650
vt 0.62368 0.50695
vt 0.62598 0.51333
vt 0.61715 0.51608
vt 0.98831 0.89950
vt 0.97146 0.89674
vt 0.97925 0.88536
vt 0.97925 0.88536
vt 0.99027 0.88345
vt 0.98831 0.89950
vt 0.69685 0.87933
vt 0.69294 0.87079
vt 0.70182 0.87681
vt 0.63212 0.54575
vt 0.60724 0.54719
vt 0.62424 0.52584
vt 0.60724 0.54719
vt 0.58923 0.52379
vt 0.62424 0.52584
vt 0.60724 0.54719
vt 0.58869 0.55036
vt 0.58923 0.52379
vt 0.61715 0.51608
vt 0.60242 0.50377
vt 0.61804 0.49954
vt 0.63212 0.54575
vt 0.63014 0.56890
vt 0.60724 0.54719
vt 0.63668 0.52206
vt 0.64640 0.53280
vt 0.64250 0.53601
vt 0.69685 0.87933
vt 0.68722 0.87738
vt 0.69294 0.87079
vt 0.60724 0.54719
vt 0.63014 0.56890
vt 0.61252 0.56355
vt 0.63229 0.51836
vt 0.63668 0.52206
vt 0.62424 0.52584
vt 0.62598 0.51333
vt 0.63229 0.51836
vt 0.62424 0.52584
vt 0.71315 0.85279
vt 0.74164 0.83375
vt 0.74314 0.85425
vt 0.71315 0.85279
vt 0.74314 0.85425
vt 0.73015 0.87172
vt 0.74164 0.83375
vt 0.71315 0.85279
vt 0.71967 0.82441
vt 0.71967 0.82441
vt 0.74077 0.82163
vt 0.74164 0.83375
vt 0.70391 0.83210
vt 0.71967 0.82441
vt 0.71315 0.85279
vt 0.39085 0.88966
vt 0.39761 0.89145
vt 0.40381 0.89447
vt 0.97166 0.51201
vt 0.98438 0.50143
vt 0.98510 0.51447
vt 0.57884 0.46240
vt 0.57863 0.48368
vt 0.56239 0.46785
vt 0.58854 0.46260
vt 0.59432 0.48381
vt 0.57863 0.48368
vt 0.58854 0.46260
vt 0.57863 0.48368
vt 0.57884 0.46240
vt 0.15961 0.01230
vt 0.16290 0.02652
vt 0.15635 0.03308
vt 0.57884 0.46240
vt 0.56239 0.46785
vt 0.56898 0.45915
vt 0.13832 0.03060
vt 0.14759 0.00753
vt 0.14477 0.03232
vt 0.13832 0.03060
vt 0.13257 0.02506
vt 0.13979 0.01038
vt 0.14759 0.00753
vt 0.13832 0.03060
vt 0.13979 0.01038
vt 0.61191 0.49163
vt 0.61312 0.47930
vt 0.61830 0.48641
vt 0.13979 0.01038
vt 0.13257 0.02506
vt 0.13548 0.01086
vt 0.67296 0.86783
vt 0.65606 0.87091
vt 0.66203 0.85874
vt 0.57863 0.48368
vt 0.58613 0.49336
vt 0.56845 0.50383
vt 0.12501 0.01225
vt 0.13548 0.01086
vt 0.13257 0.02506
vt 0.27675 0.95104
vt 0.27519 0.94576
vt 0.28218 0.95089
vt 0.61312 0.47930
vt 0.61191 0.49163
vt 0.59432 0.48381
vt 0.59432 0.48381
vt 0.58854 0.46260
vt 0.60396 0.46098
vt 0.64694 0.87023
vt 0.65606 0.87091
vt 0.65378 0.87216
vt 0.61312 0.47930
vt 0.59432 0.48381
vt 0.60955 0.47294
vt 0.59432 0.48381
vt 0.60700 0.46796
vt 0.60955 0.47294
vt 0.58854 0.46260
vt 0.59212 0.45626
vt 0.59914 0.45872
vt 0.59212 0.45626
vt 0.58854 0.46260
vt 0.58605 0.45406
vt 0.60396 0.46098
vt 0.60700 0.46796
vt 0.59432 0.48381
vt 0.59914 0.45872
vt 0.60396 0.46098
vt 0.58854 0.46260
vt 0.98493 0.52567
vt 0.97166 0.51201
vt 0.98510 0.51447
vt 0.31117 0.94954
vt 0.30913 0.95614
vt 0.30236 0.95494
vt 0.16896 0.00771
vt 0.15961 0.01230
vt 0.15961 0.00478
vt 0.57884 0.46240
vt 0.56898 0.45915
vt 0.57295 0.45180
vt 0.58016 0.44888
vt 0.58605 0.45406
vt 0.57295 0.45180
vt 0.58605 0.45406
vt 0.57884 0.46240
vt 0.57295 0.45180
vt 0.57884 0.46240
vt 0.58605 0.45406
vt 0.58854 0.46260
vt 0.15482 0.09821
vt 0.15775 0.10854
vt 0.14839 0.10517
vt 0.17066 0.01436
vt 0.15961 0.01230
vt 0.16896 0.00771
vt 0.17066 0.01436
vt 0.17193 0.01775
vt 0.15961 0.01230
vt 0.15961 0.01230
vt 0.17193 0.01775
vt 0.16811 0.02178
vt 0.37176 0.89103
vt 0.37383 0.88214
vt 0.37934 0.88393
vt 0.57295 0.45180
vt 0.57448 0.44726
vt 0.58016 0.44888
vt 0.35890 0.89294
vt 0.35906 0.88850
vt 0.36780 0.88411
vt 0.35890 0.89294
vt 0.36780 0.88411
vt 0.36782 0.88861
vt 0.10537 0.80904
vt 0.11021 0.80500
vt 0.11697 0.80911
vt 0.64694 0.87023
vt 0.64488 0.86305
vt 0.65606 0.87091
vt 0.37708 0.88229
vt 0.37934 0.88393
vt 0.37383 0.88214
vt 0.37176 0.89103
vt 0.36780 0.88411
vt 0.37383 0.88214
vt 0.37176 0.89103
vt 0.36782 0.88861
vt 0.36780 0.88411
vt 0.64488 0.86305
vt 0.64694 0.87023
vt 0.63765 0.86574
vt 0.66203 0.85874
vt 0.65606 0.87091
vt 0.64488 0.86305
vt 0.98493 0.52567
vt 0.99164 0.52434
vt 0.99104 0.53238
vt 0.98493 0.52567
vt 0.98510 0.51447
vt 0.99164 0.52434
vt 0.33729 0.90785
vt 0.34339 0.90371
vt 0.34151 0.91221
vt 0.99104 0.53238
vt 0.98425 0.53130
vt 0.98493 0.52567
vt 0.34339 0.90371
vt 0.35184 0.89939
vt 0.35826 0.90978
vt 0.98425 0.53130
vt 0.97123 0.52362
vt 0.98493 0.52567
vt 0.15482 0.09821
vt 0.14839 0.10517
vt 0.14596 0.10054
vt 0.99027 0.88345
vt 0.98557 0.87396
vt 0.99107 0.87675
vt 0.37176 0.89103
vt 0.37404 0.90090
vt 0.36782 0.88861
vt 0.35213 0.92206
vt 0.34151 0.91221
vt 0.35826 0.90978
vt 0.66203 0.85874
vt 0.64488 0.86305
vt 0.64969 0.85697
vt 0.35826 0.90978
vt 0.34151 0.91221
vt 0.34339 0.90371
vt 0.35213 0.92206
vt 0.34086 0.92465
vt 0.34151 0.91221
vt 0.35890 0.89294
vt 0.37404 0.90090
vt 0.35184 0.89939
vt 0.35890 0.89294
vt 0.36782 0.88861
vt 0.37404 0.90090
vt 0.11021 0.80500
vt 0.11093 0.79724
vt 0.11697 0.80911
vt 0.59576 0.49977
vt 0.56845 0.50383
vt 0.58613 0.49336
vt 0.97183 0.49754
vt 0.97166 0.51201
vt 0.96327 0.50815
vt 0.18794 0.78054
vt 0.18173 0.77541
vt 0.19083 0.77035
vt 0.56845 0.50383
vt 0.59576 0.49977
vt 0.58923 0.52379
vt 0.55432 0.48249
vt 0.55516 0.47566
vt 0.56239 0.46785
vt 0.37572 0.90902
vt 0.38182 0.89488
vt 0.39315 0.91444
vt 0.12666 0.03208
vt 0.13257 0.02506
vt 0.13832 0.03060
vt 0.55432 0.48249
vt 0.56845 0.50383
vt 0.54723 0.49003
vt 0.37404 0.90090
vt 0.35826 0.90978
vt 0.35184 0.89939
vt 0.38182 0.89488
vt 0.37176 0.89103
vt 0.37934 0.88393
vt 0.37572 0.90902
vt 0.37404 0.90090
vt 0.38182 0.89488
vt 0.39315 0.91444
vt 0.38182 0.89488
vt 0.40483 0.91226
vt 0.37404 0.90090
vt 0.37176 0.89103
vt 0.38182 0.89488
vt 0.38182 0.89488
vt 0.39085 0.88966
vt 0.40483 0.91226
vt 0.37572 0.90902
vt 0.39315 0.91444
vt 0.38165 0.92464
vt 0.39085 0.88966
vt 0.40381 0.89447
vt 0.40483 0.91226
vt 0.41194 0.90883
vt 0.40483 0.91226
vt 0.41125 0.90258
vt 0.40483 0.91226
vt 0.40381 0.89447
vt 0.41125 0.90258
vt 0.11742 0.02388
vt 0.13257 0.02506
vt 0.12666 0.03208
vt 0.39315 0.91444
vt 0.40483 0.91226
vt 0.39966 0.92009
vt 0.97123 0.52362
vt 0.97166 0.51201
vt 0.98493 0.52567
vt 0.40483 0.91226
vt 0.40980 0.92209
vt 0.39966 0.92009
vt 0.11593 0.03152
vt 0.11742 0.02388
vt 0.12666 0.03208
vt 0.13257 0.02506
vt 0.11742 0.02388
vt 0.12501 0.01225
vt 0.53806 0.50006
vt 0.54723 0.49003
vt 0.56845 0.50383
vt 0.97123 0.52362
vt 0.96327 0.50815
vt 0.97166 0.51201
vt 0.35354 0.93323
vt 0.35213 0.92206
vt 0.36433 0.92509
vt 0.35826 0.90978
vt 0.36433 0.92509
vt 0.35213 0.92206
vt 0.34724 0.92923
vt 0.35213 0.92206
vt 0.35354 0.93323
vt 0.37404 0.90090
vt 0.37572 0.90902
vt 0.35826 0.90978
vt 0.37572 0.90902
vt 0.36433 0.92509
vt 0.35826 0.90978
vt 0.35354 0.93323
vt 0.36433 0.92509
vt 0.36917 0.93203
vt 0.36433 0.92509
vt 0.38165 0.92464
vt 0.36917 0.93203
vt 0.37572 0.90902
vt 0.38165 0.92464
vt 0.36433 0.92509
vt 0.14440 0.09294
vt 0.15482 0.09821
vt 0.14596 0.10054
vt 0.39966 0.92009
vt 0.39367 0.92608
vt 0.39315 0.91444
vt 0.99284 0.86837
vt 0.98557 0.87396
vt 0.99018 0.86803
vt 0.39315 0.91444
vt 0.39367 0.92608
vt 0.38165 0.92464
vt 0.35377 0.93376
vt 0.36392 0.93997
vt 0.35341 0.94339
vt 0.34724 0.92923
vt 0.34086 0.92465
vt 0.35213 0.92206
vt 0.99107 0.87675
vt 0.98557 0.87396
vt 0.99284 0.86837
vt 0.19825 0.76354
vt 0.19125 0.76309
vt 0.19310 0.75740
vt 0.19825 0.76354
vt 0.20253 0.77822
vt 0.19083 0.77035
vt 0.14360 0.10120
vt 0.14596 0.10054
vt 0.14839 0.10517
vt 0.19083 0.77035
vt 0.19125 0.76309
vt 0.19825 0.76354
vt 0.20253 0.77822
vt 0.19825 0.76354
vt 0.21073 0.76817
vt 0.35354 0.93323
vt 0.36917 0.93203
vt 0.36392 0.93997
vt 0.20253 0.77822
vt 0.18794 0.78054
vt 0.19083 0.77035
vt 0.38889 0.93144
vt 0.39367 0.92608
vt 0.39703 0.93627
vt 0.21073 0.76817
vt 0.22182 0.78110
vt 0.20253 0.77822
vt 0.38099 0.93373
vt 0.38165 0.92464
vt 0.38889 0.93144
vt 0.36917 0.93203
vt 0.37671 0.93466
vt 0.37229 0.93780
vt 0.38099 0.93373
vt 0.37671 0.93466
vt 0.38165 0.92464
vt 0.21717 0.77134
vt 0.22182 0.78110
vt 0.21073 0.76817
vt 0.37229 0.93780
vt 0.36392 0.93997
vt 0.36917 0.93203
vt 0.22059 0.77289
vt 0.22937 0.77321
vt 0.22182 0.78110
vt 0.21717 0.77134
vt 0.22059 0.77289
vt 0.22182 0.78110
vt 0.36917 0.93203
vt 0.38165 0.92464
vt 0.37671 0.93466
vt 0.38889 0.93144
vt 0.38165 0.92464
vt 0.39367 0.92608
vt 0.23840 0.78256
vt 0.22937 0.77321
vt 0.23575 0.77294
vt 0.39966 0.92009
vt 0.40980 0.92209
vt 0.40304 0.92422
vt 0.40304 0.92422
vt 0.40123 0.92840
vt 0.39966 0.92009
vt 0.40123 0.92840
vt 0.39367 0.92608
vt 0.39966 0.92009
vt 0.13975 0.04606
vt 0.14717 0.04708
vt 0.14109 0.04857
vt 0.39367 0.92608
vt 0.40123 0.92840
vt 0.39703 0.93627
vt 0.39703 0.93627
vt 0.40123 0.92840
vt 0.40372 0.94075
vt 0.24699 0.77387
vt 0.24586 0.77804
vt 0.23840 0.78256
vt 0.14056 0.05420
vt 0.14717 0.04708
vt 0.14568 0.05907
vt 0.23840 0.78256
vt 0.23575 0.77294
vt 0.24699 0.77387
vt 0.77261 0.92600
vt 0.77063 0.93647
vt 0.76164 0.91818
vt 0.23575 0.77294
vt 0.24558 0.77130
vt 0.24699 0.77387
vt 0.77261 0.92600
vt 0.77684 0.92771
vt 0.77063 0.93647
vt 0.26340 0.95113
vt 0.26185 0.94918
vt 0.27519 0.94576
vt 0.78240 0.92728
vt 0.79693 0.94041
vt 0.78653 0.94748
vt 0.78653 0.94748
vt 0.77063 0.93647
vt 0.77684 0.92771
vt 0.27519 0.94576
vt 0.27675 0.95104
vt 0.26340 0.95113
vt 0.78653 0.94748
vt 0.77684 0.92771
vt 0.78240 0.92728
vt 0.11742 0.02388
vt 0.11430 0.01205
vt 0.12501 0.01225
vt 0.75946 0.92928
vt 0.76164 0.91818
vt 0.77063 0.93647
vt 0.55432 0.48249
vt 0.56239 0.46785
vt 0.57863 0.48368
vt 0.76987 0.95215
vt 0.77063 0.93647
vt 0.78653 0.94748
vt 0.55432 0.48249
vt 0.57863 0.48368
vt 0.56845 0.50383
vt 0.22182 0.78110
vt 0.22937 0.77321
vt 0.23840 0.78256
vt 0.29517 0.95466
vt 0.28747 0.95203
vt 0.29998 0.94436
vt 0.73699 0.08689
vt 0.75360 0.08535
vt 0.76262 0.09757
vt 0.49858 0.82406
vt 0.49135 0.83628
vt 0.49149 0.82323
vt 0.83835 0.05530
vt 0.85175 0.05522
vt 0.84174 0.06002
vt 0.85086 0.06958
vt 0.84174 0.06002
vt 0.85175 0.05522
vt 0.47404 0.83664
vt 0.48212 0.84965
vt 0.47051 0.85671
vt 0.77134 0.82998
vt 0.76853 0.82375
vt 0.77699 0.81588
vt 0.50667 0.83826
vt 0.49960 0.84413
vt 0.49135 0.83628
vt 0.77699 0.81588
vt 0.79696 0.81809
vt 0.78853 0.83259
vt 0.76753 0.82783
vt 0.76853 0.82375
vt 0.77134 0.82998
vt 0.77699 0.81588
vt 0.78853 0.83259
vt 0.77134 0.82998
vt 0.77688 0.07132
vt 0.78365 0.07241
vt 0.78110 0.07768
vt 0.79696 0.81809
vt 0.77699 0.81588
vt 0.78719 0.80487
vt 0.77401 0.08737
vt 0.76262 0.09757
vt 0.75360 0.08535
vt 0.78110 0.07768
vt 0.76404 0.07523
vt 0.77688 0.07132
vt 0.49135 0.83628
vt 0.48212 0.84965
vt 0.47404 0.83664
vt 0.76404 0.07523
vt 0.78110 0.07768
vt 0.77401 0.08737
vt 0.83835 0.05530
vt 0.83072 0.04982
vt 0.85175 0.05522
vt 0.77699 0.81588
vt 0.76853 0.82375
vt 0.76724 0.81019
vt 0.79696 0.81809
vt 0.78719 0.80487
vt 0.79995 0.79824
vt 0.77401 0.08737
vt 0.75360 0.08535
vt 0.76404 0.07523
vt 0.77699 0.81588
vt 0.77243 0.80094
vt 0.78719 0.80487
vt 0.49135 0.83628
vt 0.48212 0.82874
vt 0.49149 0.82323
vt 0.77699 0.81588
vt 0.76724 0.81019
vt 0.77366 0.80944
vt 0.49535 0.97458
vt 0.49974 0.96048
vt 0.50738 0.97175
vt 0.58589 0.93362
vt 0.57614 0.93603
vt 0.57742 0.93457
vt 0.61659 0.83253
vt 0.59904 0.83054
vt 0.60800 0.82488
vt 0.86586 0.38868
vt 0.87412 0.39450
vt 0.85778 0.41524
vt 0.24298 0.70732
vt 0.25660 0.69904
vt 0.25799 0.71266
vt 0.27871 0.72570
vt 0.27171 0.72054
vt 0.28982 0.71417
vt 0.27776 0.69404
vt 0.29732 0.68717
vt 0.30857 0.71254
vt 0.73699 0.08689
vt 0.70301 0.10276
vt 0.69866 0.08080
vt 0.29732 0.68717
vt 0.31643 0.69426
vt 0.30857 0.71254
vt 0.27776 0.69404
vt 0.30857 0.71254
vt 0.28982 0.71417
vt 0.70301 0.10276
vt 0.73699 0.08689
vt 0.73798 0.10837
vt 0.67210 0.07228
vt 0.69186 0.05890
vt 0.69866 0.08080
vt 0.68839 0.09566
vt 0.69866 0.08080
vt 0.70301 0.10276
vt 0.27776 0.69404
vt 0.27171 0.72054
vt 0.25660 0.69904
vt 0.66981 0.08258
vt 0.69866 0.08080
vt 0.68839 0.09566
vt 0.31643 0.69426
vt 0.32738 0.70478
vt 0.30857 0.71254
vt 0.71665 0.11238
vt 0.70301 0.10276
vt 0.73798 0.10837
vt 0.71665 0.11238
vt 0.73798 0.10837
vt 0.73498 0.11452
vt 0.72186 0.12221
vt 0.71665 0.11238
vt 0.73498 0.11452
vt 0.33236 0.68088
vt 0.31643 0.69426
vt 0.30339 0.67114
vt 0.59904 0.83054
vt 0.59094 0.81207
vt 0.59839 0.81767
vt 0.32109 0.66054
vt 0.33280 0.66072
vt 0.33236 0.68088
vt 0.34237 0.05038
vt 0.33010 0.02938
vt 0.34558 0.03385
vt 0.33236 0.68088
vt 0.33280 0.66072
vt 0.33896 0.67966
vt 0.66981 0.08258
vt 0.68839 0.09566
vt 0.67583 0.09321
vt 0.68839 0.09566
vt 0.68220 0.09911
vt 0.67583 0.09321
vt 0.66594 0.08611
vt 0.66981 0.08258
vt 0.67583 0.09321
vt 0.68839 0.09566
vt 0.70301 0.10276
vt 0.68220 0.09911
vt 0.70301 0.10276
vt 0.69083 0.10760
vt 0.68220 0.09911
vt 0.35483 0.01651
vt 0.35131 0.01327
vt 0.35874 0.01165
vt 0.55776 0.84590
vt 0.55485 0.84946
vt 0.54523 0.84718
vt 0.70301 0.10276
vt 0.69984 0.11725
vt 0.69083 0.10760
vt 0.70301 0.10276
vt 0.71665 0.11238
vt 0.69984 0.11725
vt 0.72186 0.12221
vt 0.72022 0.12957
vt 0.71265 0.13234
vt 0.70713 0.12623
vt 0.71665 0.11238
vt 0.72186 0.12221
vt 0.71265 0.13234
vt 0.70713 0.12623
vt 0.72186 0.12221
vt 0.57388 0.84556
vt 0.55776 0.84590
vt 0.57943 0.83797
vt 0.33046 0.01064
vt 0.34177 0.01084
vt 0.33010 0.02938
vt 0.57027 0.84874
vt 0.55776 0.84590
vt 0.57388 0.84556
vt 0.59806 0.83943
vt 0.59904 0.83054
vt 0.61659 0.83253
vt 0.57943 0.83797
vt 0.57338 0.82533
vt 0.59904 0.83054
vt 0.32950 0.71151
vt 0.32738 0.70478
vt 0.33551 0.69818
vt 0.29732 0.68717
vt 0.30339 0.67114
vt 0.31643 0.69426
vt 0.34558 0.03385
vt 0.33010 0.02938
vt 0.34939 0.02558
vt 0.35131 0.01327
vt 0.35483 0.01651
vt 0.34939 0.02558
vt 0.35131 0.01327
vt 0.33010 0.02938
vt 0.34177 0.01084
vt 0.32738 0.70478
vt 0.31643 0.69426
vt 0.33551 0.69818
vt 0.33878 0.68835
vt 0.33236 0.68088
vt 0.33896 0.67966
vt 0.58868 0.84186
vt 0.57943 0.83797
vt 0.59806 0.83943
vt 0.33010 0.02938
vt 0.35131 0.01327
vt 0.34939 0.02558
vt 0.31573 0.71875
vt 0.32738 0.70478
vt 0.32950 0.71151
vt 0.33551 0.69818
vt 0.31643 0.69426
vt 0.33236 0.68088
vt 0.33878 0.68835
vt 0.33551 0.69818
vt 0.33236 0.68088
vt 0.30389 0.72442
vt 0.30857 0.71254
vt 0.31573 0.71875
vt 0.70713 0.12623
vt 0.69984 0.11725
vt 0.71665 0.11238
vt 0.31573 0.71875
vt 0.30857 0.71254
vt 0.32738 0.70478
vt 0.30389 0.72442
vt 0.29492 0.72682
vt 0.28982 0.71417
vt 0.58015 0.84308
vt 0.57388 0.84556
vt 0.57943 0.83797
vt 0.30857 0.71254
vt 0.30389 0.72442
vt 0.28982 0.71417
vt 0.27776 0.69404
vt 0.28982 0.71417
vt 0.27171 0.72054
vt 0.27871 0.72570
vt 0.29208 0.72730
vt 0.28514 0.72919
vt 0.57943 0.83797
vt 0.58868 0.84186
vt 0.58015 0.84308
vt 0.28982 0.71417
vt 0.29208 0.72730
vt 0.27871 0.72570
vt 0.25660 0.69904
vt 0.27171 0.72054
vt 0.25799 0.71266
vt 0.57943 0.83797
vt 0.59904 0.83054
vt 0.59806 0.83943
vt 0.25660 0.69904
vt 0.24298 0.70732
vt 0.23883 0.69937
vt 0.69186 0.05890
vt 0.68180 0.05088
vt 0.69550 0.04322
vt 0.84283 0.83163
vt 0.83064 0.82124
vt 0.85200 0.80789
vt 0.85200 0.80789
vt 0.83064 0.82124
vt 0.84113 0.80349
vt 0.67464 0.03148
vt 0.69550 0.04322
vt 0.68180 0.05088
vt 0.83053 0.78506
vt 0.84325 0.77574
vt 0.84928 0.79426
vt 0.83053 0.78506
vt 0.84928 0.79426
vt 0.84113 0.80349
vt 0.82079 0.80747
vt 0.84113 0.80349
vt 0.83064 0.82124
vt 0.83053 0.78506
vt 0.84113 0.80349
vt 0.82079 0.80747
vt 0.72004 0.04672
vt 0.72761 0.05800
vt 0.69866 0.08080
vt 0.83103 0.77267
vt 0.84325 0.77574
vt 0.83053 0.78506
vt 0.84001 0.76685
vt 0.84512 0.76900
vt 0.84325 0.77574
vt 0.73699 0.08689
vt 0.74920 0.07136
vt 0.75360 0.08535
vt 0.67737 0.01417
vt 0.69164 0.00551
vt 0.70097 0.01375
vt 0.72761 0.05800
vt 0.73699 0.08689
vt 0.69866 0.08080
vt 0.67737 0.01417
vt 0.70097 0.01375
vt 0.69550 0.04322
vt 0.69866 0.08080
vt 0.69186 0.05890
vt 0.72004 0.04672
vt 0.83455 0.77022
vt 0.84325 0.77574
vt 0.83103 0.77267
vt 0.66533 0.02609
vt 0.67737 0.01417
vt 0.67464 0.03148
vt 0.82079 0.80747
vt 0.81395 0.79336
vt 0.83053 0.78506
vt 0.80228 0.77556
vt 0.80620 0.76389
vt 0.81118 0.77013
vt 0.83053 0.78506
vt 0.81395 0.79336
vt 0.82175 0.78078
vt 0.81348 0.78275
vt 0.80228 0.77556
vt 0.81214 0.77482
vt 0.81214 0.77482
vt 0.80228 0.77556
vt 0.81118 0.77013
vt 0.81395 0.79336
vt 0.82079 0.80747
vt 0.79995 0.79824
vt 0.81393 0.78275
vt 0.82175 0.78078
vt 0.81395 0.79336
vt 0.84001 0.76685
vt 0.84325 0.77574
vt 0.83455 0.77022
vt 0.79995 0.79824
vt 0.81348 0.78275
vt 0.81395 0.79336
vt 0.73184 0.02145
vt 0.73163 0.02721
vt 0.71619 0.02503
vt 0.80076 0.75813
vt 0.80512 0.76069
vt 0.79977 0.76442
vt 0.79275 0.77220
vt 0.80620 0.76389
vt 0.80228 0.77556
vt 0.72004 0.04672
vt 0.73163 0.02721
vt 0.73586 0.03635
vt 0.79995 0.79824
vt 0.82079 0.80747
vt 0.79696 0.81809
vt 0.72004 0.04672
vt 0.73586 0.03635
vt 0.73989 0.04620
vt 0.79977 0.76442
vt 0.80620 0.76389
vt 0.79275 0.77220
vt 0.78762 0.77463
vt 0.80228 0.77556
vt 0.78718 0.78965
vt 0.78762 0.77463
vt 0.79275 0.77220
vt 0.80228 0.77556
vt 0.79995 0.79824
vt 0.80228 0.77556
vt 0.81348 0.78275
vt 0.80228 0.77556
vt 0.79995 0.79824
vt 0.78718 0.78965
vt 0.80620 0.76389
vt 0.79977 0.76442
vt 0.80512 0.76069
vt 0.79995 0.79824
vt 0.78719 0.80487
vt 0.78718 0.78965
vt 0.69550 0.04322
vt 0.70097 0.01375
vt 0.71619 0.02503
vt 0.71619 0.02503
vt 0.73163 0.02721
vt 0.72004 0.04672
vt 0.69550 0.04322
vt 0.71619 0.02503
vt 0.72004 0.04672
vt 0.72761 0.05800
vt 0.72004 0.04672
vt 0.73989 0.04620
vt 0.74049 0.05260
vt 0.72761 0.05800
vt 0.73989 0.04620
vt 0.72761 0.05800
vt 0.74049 0.05260
vt 0.74409 0.05985
vt 0.72761 0.05800
vt 0.74920 0.07136
vt 0.73699 0.08689
vt 0.78718 0.78965
vt 0.78201 0.77933
vt 0.78762 0.77463
vt 0.77542 0.79031
vt 0.78719 0.80487
vt 0.77243 0.80094
vt 0.76882 0.79918
vt 0.77542 0.79031
vt 0.77243 0.80094
vt 0.78718 0.78965
vt 0.78719 0.80487
vt 0.77542 0.79031
vt 0.74920 0.07136
vt 0.74409 0.05985
vt 0.75489 0.06742
vt 0.76404 0.07523
vt 0.74920 0.07136
vt 0.75489 0.06742
vt 0.77542 0.79031
vt 0.78201 0.77933
vt 0.78718 0.78965
vt 0.75360 0.08535
vt 0.74920 0.07136
vt 0.76404 0.07523
vt 0.72761 0.05800
vt 0.74409 0.05985
vt 0.74920 0.07136
vt 0.69550 0.04322
vt 0.67464 0.03148
vt 0.67737 0.01417
vt 0.67464 0.03148
vt 0.65718 0.05637
vt 0.66533 0.02609
vt 0.72004 0.04672
vt 0.69186 0.05890
vt 0.69550 0.04322
vt 0.64907 0.04810
vt 0.66533 0.02609
vt 0.65718 0.05637
vt 0.64907 0.04810
vt 0.64739 0.02407
vt 0.66533 0.02609
vt 0.64098 0.03903
vt 0.64739 0.02407
vt 0.64907 0.04810
vt 0.65718 0.05637
vt 0.67464 0.03148
vt 0.68180 0.05088
vt 0.29059 0.05019
vt 0.33010 0.02938
vt 0.32621 0.05587
vt 0.64739 0.02407
vt 0.64098 0.03903
vt 0.62423 0.02574
vt 0.27605 0.05878
vt 0.26192 0.04160
vt 0.27446 0.03403
vt 0.65718 0.05637
vt 0.63911 0.05674
vt 0.64907 0.04810
vt 0.65718 0.05637
vt 0.67210 0.07228
vt 0.65484 0.07332
vt 0.65718 0.05637
vt 0.64894 0.06506
vt 0.63911 0.05674
vt 0.64894 0.06506
vt 0.65718 0.05637
vt 0.65484 0.07332
vt 0.68180 0.05088
vt 0.67210 0.07228
vt 0.65718 0.05637
vt 0.69186 0.05890
vt 0.67210 0.07228
vt 0.68180 0.05088
vt 0.29059 0.05019
vt 0.27605 0.05878
vt 0.27446 0.03403
vt 0.69866 0.08080
vt 0.66981 0.08258
vt 0.67210 0.07228
vt 0.33010 0.02938
vt 0.34237 0.05038
vt 0.32621 0.05587
vt 0.99372 0.16476
vt 0.98606 0.17897
vt 0.98733 0.16587
vt 0.99335 0.17440
vt 0.98906 0.18636
vt 0.98606 0.17897
vt 0.26964 0.01879
vt 0.26354 0.01998
vt 0.26895 0.01126
vt 0.64098 0.03903
vt 0.64907 0.04810
vt 0.62242 0.04219
vt 0.62963 0.04919
vt 0.62242 0.04219
vt 0.64907 0.04810
vt 0.26200 0.00848
vt 0.26895 0.01126
vt 0.26354 0.01998
vt 0.27496 0.02506
vt 0.26354 0.01998
vt 0.26964 0.01879
vt 0.27446 0.03403
vt 0.26354 0.01998
vt 0.27496 0.02506
vt 0.97724 0.18119
vt 0.98072 0.16398
vt 0.98606 0.17897
vt 0.97562 0.16715
vt 0.98072 0.16398
vt 0.97724 0.18119
vt 0.98606 0.17897
vt 0.98072 0.16398
vt 0.98733 0.16587
vt 0.98215 0.19587
vt 0.98606 0.17897
vt 0.98906 0.18636
vt 0.63911 0.05674
vt 0.62963 0.04919
vt 0.64907 0.04810
vt 0.97746 0.19094
vt 0.98606 0.17897
vt 0.98215 0.19587
vt 0.30563 0.00618
vt 0.31361 0.01109
vt 0.30130 0.01181
vt 0.98606 0.17897
vt 0.99372 0.16476
vt 0.99335 0.17440
vt 0.98606 0.17897
vt 0.97746 0.19094
vt 0.97724 0.18119
vt 0.31361 0.01109
vt 0.29512 0.02407
vt 0.30130 0.01181
vt 0.66065 0.07909
vt 0.65484 0.07332
vt 0.67210 0.07228
vt 0.66981 0.08258
vt 0.66065 0.07909
vt 0.67210 0.07228
vt 0.66981 0.08258
vt 0.66594 0.08611
vt 0.66065 0.07909
vt 0.30130 0.01181
vt 0.29512 0.02407
vt 0.28626 0.01920
vt 0.32061 0.00911
vt 0.33046 0.01064
vt 0.33010 0.02938
vt 0.33010 0.02938
vt 0.31361 0.01109
vt 0.32061 0.00911
vt 0.26192 0.04160
vt 0.26354 0.01998
vt 0.27446 0.03403
vt 0.62423 0.02574
vt 0.64098 0.03903
vt 0.62242 0.04219
vt 0.27496 0.02506
vt 0.29512 0.02407
vt 0.27446 0.03403
vt 0.27496 0.02506
vt 0.28626 0.01920
vt 0.29512 0.02407
vt 0.33010 0.02938
vt 0.29512 0.02407
vt 0.31361 0.01109
vt 0.33010 0.02938
vt 0.29059 0.05019
vt 0.29512 0.02407
vt 0.27446 0.03403
vt 0.29512 0.02407
vt 0.29059 0.05019
vt 0.81176 0.36201
vt 0.81980 0.35075
vt 0.82032 0.35668
vt 0.44908 0.20074
vt 0.46287 0.20529
vt 0.46498 0.22240
vt 0.55210 0.64871
vt 0.55425 0.63884
vt 0.55844 0.64423
vt 0.54307 0.65951
vt 0.53859 0.65097
vt 0.55210 0.64871
vt 0.82558 0.37108
vt 0.81176 0.36201
vt 0.82032 0.35668
vt 0.55210 0.64871
vt 0.54541 0.63211
vt 0.55425 0.63884
vt 0.82921 0.35605
vt 0.82558 0.37108
vt 0.82032 0.35668
vt 0.81980 0.35075
vt 0.81176 0.36201
vt 0.81157 0.33878
vt 0.49719 0.21156
vt 0.51037 0.21256
vt 0.50642 0.22294
vt 0.23506 0.41712
vt 0.22324 0.40411
vt 0.22767 0.40149
vt 0.50630 0.24279
vt 0.50642 0.22294
vt 0.52348 0.23807
vt 0.51037 0.21256
vt 0.52112 0.21335
vt 0.50642 0.22294
vt 0.52112 0.21335
vt 0.53255 0.22467
vt 0.50642 0.22294
vt 0.47235 0.20862
vt 0.48078 0.21156
vt 0.46498 0.22240
vt 0.56548 0.63208
vt 0.55844 0.64423
vt 0.55425 0.63884
vt 0.88019 0.63967
vt 0.88312 0.65259
vt 0.87750 0.65187
vt 0.88019 0.63967
vt 0.89081 0.64999
vt 0.88312 0.65259
vt 0.55785 0.63115
vt 0.56548 0.63208
vt 0.55425 0.63884
vt 0.52348 0.23807
vt 0.50642 0.22294
vt 0.53255 0.22467
vt 0.49117 0.22792
vt 0.48078 0.21156
vt 0.49719 0.21156
vt 0.48078 0.21156
vt 0.48540 0.20590
vt 0.49719 0.21156
vt 0.47235 0.20862
vt 0.46498 0.22240
vt 0.46287 0.20529
vt 0.48078 0.21156
vt 0.47235 0.20862
vt 0.48540 0.20590
vt 0.80586 0.32251
vt 0.82114 0.32007
vt 0.81157 0.33878
vt 0.82045 0.33927
vt 0.81157 0.33878
vt 0.82114 0.32007
vt 0.88019 0.63967
vt 0.86796 0.64455
vt 0.85914 0.62745
vt 0.82045 0.33927
vt 0.81980 0.35075
vt 0.81157 0.33878
vt 0.69242 0.14618
vt 0.68799 0.15047
vt 0.68973 0.14687
vt 0.70205 0.13976
vt 0.69242 0.14618
vt 0.69164 0.13472
vt 0.08573 0.53613
vt 0.09502 0.52742
vt 0.09074 0.53583
vt 0.87750 0.65187
vt 0.86796 0.64455
vt 0.88019 0.63967
vt 0.03272 0.90421
vt 0.04971 0.91209
vt 0.03130 0.92059
vt 0.80586 0.32251
vt 0.81689 0.31086
vt 0.82114 0.32007
vt 0.84670 0.61192
vt 0.84982 0.60622
vt 0.85478 0.61669
vt 0.01264 0.91542
vt 0.00545 0.91223
vt 0.00950 0.90703
vt 0.85914 0.62745
vt 0.85478 0.61669
vt 0.86570 0.62165
vt 0.80586 0.32251
vt 0.81157 0.33878
vt 0.79321 0.32738
vt 0.79756 0.31779
vt 0.79321 0.32738
vt 0.78900 0.31729
vt 0.01264 0.91542
vt 0.03205 0.92881
vt 0.01467 0.92174
vt 0.01467 0.92174
vt 0.03205 0.92881
vt 0.01885 0.93145
vt 0.55784 0.31660
vt 0.55600 0.31313
vt 0.56060 0.30396
vt 0.87601 0.62135
vt 0.88602 0.62564
vt 0.88019 0.63967
vt 0.87601 0.62135
vt 0.86570 0.62165
vt 0.86810 0.61250
vt 0.55784 0.31660
vt 0.57406 0.29832
vt 0.57528 0.30618
vt 0.55784 0.31660
vt 0.56060 0.30396
vt 0.57406 0.29832
vt 0.88019 0.63967
vt 0.88602 0.62564
vt 0.89081 0.64999
vt 0.88019 0.63967
vt 0.86570 0.62165
vt 0.87601 0.62135
vt 0.85914 0.62745
vt 0.86570 0.62165
vt 0.88019 0.63967
vt 0.80877 0.30514
vt 0.80586 0.32251
vt 0.79756 0.31779
vt 0.79756 0.31779
vt 0.79791 0.30876
vt 0.80877 0.30514
vt 0.80877 0.30514
vt 0.81689 0.31086
vt 0.80586 0.32251
vt 0.01264 0.91542
vt 0.00950 0.90703
vt 0.01137 0.90191
vt 0.82558 0.37108
vt 0.82887 0.39496
vt 0.80933 0.38395
vt 0.80933 0.38395
vt 0.82887 0.39496
vt 0.81727 0.40280
vt 0.80933 0.38395
vt 0.80380 0.36978
vt 0.81176 0.36201
vt 0.82558 0.37108
vt 0.80933 0.38395
vt 0.81176 0.36201
vt 0.85478 0.61669
vt 0.85934 0.60686
vt 0.86810 0.61250
vt 0.57406 0.29832
vt 0.56060 0.30396
vt 0.56453 0.29509
vt 0.86810 0.61250
vt 0.86570 0.62165
vt 0.85478 0.61669
vt 0.85934 0.60686
vt 0.85478 0.61669
vt 0.84982 0.60622
vt 0.56453 0.29509
vt 0.57183 0.28978
vt 0.57406 0.29832
vt 0.80380 0.36978
vt 0.80933 0.38395
vt 0.79919 0.37605
vt 0.01137 0.90191
vt 0.01059 0.89522
vt 0.01155 0.88985
vt 0.69456 0.38506
vt 0.67480 0.38894
vt 0.70055 0.37294
vt 0.70055 0.37294
vt 0.67480 0.38894
vt 0.68330 0.37183
vt 0.58812 0.69426
vt 0.58143 0.65424
vt 0.59063 0.68211
vt 0.63501 0.32993
vt 0.64079 0.34737
vt 0.62563 0.34604
vt 0.70055 0.37294
vt 0.68330 0.37183
vt 0.69008 0.35848
vt 0.64079 0.34737
vt 0.65836 0.34912
vt 0.64819 0.36884
vt 0.69008 0.35848
vt 0.70214 0.36409
vt 0.70055 0.37294
vt 0.68330 0.37183
vt 0.67480 0.38894
vt 0.66733 0.36871
vt 0.59472 0.73974
vt 0.61138 0.74414
vt 0.59846 0.75005
vt 0.59472 0.73974
vt 0.60476 0.72755
vt 0.61138 0.74414
vt 0.61138 0.74414
vt 0.61608 0.75389
vt 0.59846 0.75005
vt 0.59472 0.73974
vt 0.59737 0.72469
vt 0.60476 0.72755
vt 0.61138 0.74414
vt 0.61887 0.74487
vt 0.61608 0.75389
vt 0.58225 0.72362
vt 0.59097 0.71381
vt 0.59737 0.72469
vt 0.59754 0.70910
vt 0.59737 0.72469
vt 0.59097 0.71381
vt 0.59754 0.70910
vt 0.60476 0.72755
vt 0.59737 0.72469
vt 0.60476 0.72755
vt 0.61900 0.73281
vt 0.61138 0.74414
vt 0.57471 0.70146
vt 0.58812 0.69426
vt 0.58246 0.70715
vt 0.58246 0.70715
vt 0.59754 0.70910
vt 0.59097 0.71381
vt 0.58246 0.70715
vt 0.58812 0.69426
vt 0.59754 0.70910
vt 0.58246 0.70715
vt 0.59097 0.71381
vt 0.58225 0.72362
vt 0.65836 0.34912
vt 0.66733 0.36871
vt 0.64819 0.36884
vt 0.62563 0.34604
vt 0.64079 0.34737
vt 0.64819 0.36884
vt 0.61245 0.33530
vt 0.61265 0.35803
vt 0.60177 0.33682
vt 0.61265 0.35803
vt 0.61245 0.33530
vt 0.62563 0.34604
vt 0.60177 0.33682
vt 0.59832 0.31402
vt 0.61245 0.33530
vt 0.63501 0.32993
vt 0.62563 0.34604
vt 0.62655 0.32824
vt 0.66733 0.36871
vt 0.65836 0.34912
vt 0.67391 0.35141
vt 0.61887 0.74487
vt 0.61138 0.74414
vt 0.61900 0.73281
vt 0.62317 0.73582
vt 0.61887 0.74487
vt 0.61900 0.73281
vt 0.61655 0.72169
vt 0.60476 0.72755
vt 0.61146 0.71463
vt 0.60476 0.72755
vt 0.59754 0.70910
vt 0.61146 0.71463
vt 0.62317 0.73582
vt 0.61900 0.73281
vt 0.62364 0.72475
vt 0.61146 0.71463
vt 0.59754 0.70910
vt 0.61122 0.70451
vt 0.61655 0.72169
vt 0.61900 0.73281
vt 0.60476 0.72755
vt 0.63907 0.31702
vt 0.63274 0.32118
vt 0.63458 0.31433
vt 0.62037 0.70787
vt 0.61146 0.71463
vt 0.61122 0.70451
vt 0.62235 0.71731
vt 0.62364 0.72475
vt 0.61655 0.72169
vt 0.62037 0.70787
vt 0.62207 0.71063
vt 0.62235 0.71731
vt 0.62037 0.70787
vt 0.62235 0.71731
vt 0.61655 0.72169
vt 0.62037 0.70787
vt 0.61655 0.72169
vt 0.61146 0.71463
vt 0.62037 0.70787
vt 0.61122 0.70451
vt 0.62074 0.70066
vt 0.61122 0.70451
vt 0.59754 0.70910
vt 0.60077 0.69229
vt 0.63274 0.32118
vt 0.63907 0.31702
vt 0.64188 0.31974
vt 0.58143 0.65424
vt 0.60229 0.65860
vt 0.59063 0.68211
vt 0.60229 0.65860
vt 0.60087 0.67624
vt 0.59063 0.68211
vt 0.58812 0.69426
vt 0.59063 0.68211
vt 0.60077 0.69229
vt 0.60229 0.65860
vt 0.61025 0.66728
vt 0.60087 0.67624
vt 0.60077 0.69229
vt 0.59754 0.70910
vt 0.58812 0.69426
vt 0.61122 0.70451
vt 0.60953 0.68946
vt 0.61864 0.69573
vt 0.60953 0.68946
vt 0.61122 0.70451
vt 0.60077 0.69229
vt 0.60077 0.69229
vt 0.60087 0.67624
vt 0.60953 0.68946
vt 0.59063 0.68211
vt 0.60087 0.67624
vt 0.60077 0.69229
vt 0.61900 0.73281
vt 0.61655 0.72169
vt 0.62364 0.72475
vt 0.61864 0.69573
vt 0.62213 0.69749
vt 0.62074 0.70066
vt 0.62421 0.68930
vt 0.61864 0.69573
vt 0.61997 0.68662
vt 0.61997 0.68662
vt 0.61864 0.69573
vt 0.60953 0.68946
vt 0.62549 0.67883
vt 0.61997 0.68662
vt 0.61262 0.67823
vt 0.61997 0.68662
vt 0.60953 0.68946
vt 0.61262 0.67823
vt 0.62050 0.66921
vt 0.62549 0.67883
vt 0.61262 0.67823
vt 0.61997 0.68662
vt 0.62549 0.67883
vt 0.62421 0.68930
vt 0.60087 0.67624
vt 0.61262 0.67823
vt 0.60953 0.68946
vt 0.58143 0.65424
vt 0.58812 0.69426
vt 0.57471 0.70146
vt 0.60087 0.67624
vt 0.61025 0.66728
vt 0.61262 0.67823
vt 0.62050 0.66921
vt 0.61262 0.67823
vt 0.61025 0.66728
vt 0.61025 0.66728
vt 0.60229 0.65860
vt 0.61350 0.65744
vt 0.61122 0.70451
vt 0.61864 0.69573
vt 0.62074 0.70066
vt 0.61199 0.64739
vt 0.61350 0.65744
vt 0.60229 0.65860
vt 0.62010 0.66131
vt 0.62050 0.66921
vt 0.61025 0.66728
vt 0.61350 0.65744
vt 0.62010 0.66131
vt 0.61025 0.66728
vt 0.61350 0.65744
vt 0.61199 0.64739
vt 0.61725 0.65054
vt 0.59832 0.31402
vt 0.61063 0.30195
vt 0.61982 0.31259
vt 0.63274 0.32118
vt 0.62743 0.31053
vt 0.63458 0.31433
vt 0.62743 0.31053
vt 0.63274 0.32118
vt 0.61982 0.31259
vt 0.63274 0.32118
vt 0.64669 0.32667
vt 0.63501 0.32993
vt 0.64669 0.32667
vt 0.64188 0.31974
vt 0.64702 0.32324
vt 0.63274 0.32118
vt 0.62655 0.32824
vt 0.61982 0.31259
vt 0.64669 0.32667
vt 0.63274 0.32118
vt 0.64188 0.31974
vt 0.59832 0.31402
vt 0.61982 0.31259
vt 0.61245 0.33530
vt 0.62655 0.32824
vt 0.61245 0.33530
vt 0.61982 0.31259
vt 0.64669 0.32667
vt 0.65231 0.32463
vt 0.65730 0.32897
vt 0.64079 0.34737
vt 0.64669 0.32667
vt 0.65730 0.32897
vt 0.65730 0.32897
vt 0.65836 0.34912
vt 0.64079 0.34737
vt 0.65836 0.34912
vt 0.65730 0.32897
vt 0.66641 0.33360
vt 0.64079 0.34737
vt 0.63501 0.32993
vt 0.64669 0.32667
vt 0.62050 0.66921
vt 0.62469 0.66592
vt 0.62549 0.67883
vt 0.67599 0.33971
vt 0.67391 0.35141
vt 0.66641 0.33360
vt 0.62115 0.65462
vt 0.62010 0.66131
vt 0.61350 0.65744
vt 0.62050 0.66921
vt 0.62010 0.66131
vt 0.62469 0.66592
vt 0.62115 0.65462
vt 0.61350 0.65744
vt 0.61725 0.65054
vt 0.62010 0.66131
vt 0.62261 0.66103
vt 0.62469 0.66592
vt 0.82504 0.07312
vt 0.83800 0.07005
vt 0.84245 0.07560
vt 0.43416 0.91797
vt 0.42407 0.94585
vt 0.42384 0.91812
vt 0.68390 0.34428
vt 0.67391 0.35141
vt 0.67599 0.33971
vt 0.63125 0.80408
vt 0.64540 0.77151
vt 0.66550 0.80173
vt 0.68977 0.34637
vt 0.69008 0.35848
vt 0.68390 0.34428
vt 0.69242 0.34981
vt 0.69008 0.35848
vt 0.68977 0.34637
vt 0.67391 0.35141
vt 0.65836 0.34912
vt 0.66641 0.33360
vt 0.69008 0.35848
vt 0.67391 0.35141
vt 0.68390 0.34428
vt 0.60229 0.65860
vt 0.58143 0.65424
vt 0.59775 0.64363
vt 0.61199 0.64739
vt 0.60229 0.65860
vt 0.59775 0.64363
vt 0.62655 0.32824
vt 0.62563 0.34604
vt 0.61245 0.33530
vt 0.61444 0.64349
vt 0.61199 0.64739
vt 0.60841 0.63830
vt 0.61444 0.64349
vt 0.61555 0.64723
vt 0.61199 0.64739
vt 0.59775 0.64363
vt 0.60841 0.63830
vt 0.61199 0.64739
vt 0.61555 0.64723
vt 0.61725 0.65054
vt 0.61199 0.64739
vt 0.63274 0.32118
vt 0.63501 0.32993
vt 0.62655 0.32824
vt 0.60264 0.63166
vt 0.60779 0.63772
vt 0.59775 0.64363
vt 0.69242 0.34981
vt 0.69612 0.35157
vt 0.69008 0.35848
vt 0.68330 0.37183
vt 0.66733 0.36871
vt 0.67391 0.35141
vt 0.67391 0.35141
vt 0.69008 0.35848
vt 0.68330 0.37183
vt 0.69008 0.35848
vt 0.69612 0.35157
vt 0.70309 0.35598
vt 0.70214 0.36409
vt 0.69008 0.35848
vt 0.70309 0.35598
vt 0.77670 0.63913
vt 0.76970 0.63307
vt 0.77589 0.62672
vt 0.35081 0.18531
vt 0.32815 0.18668
vt 0.33424 0.16743
vt 0.33424 0.16743
vt 0.34367 0.16761
vt 0.34879 0.17404
vt 0.78230 0.57038
vt 0.78358 0.58866
vt 0.76586 0.58677
vt 0.76586 0.58677
vt 0.75352 0.57549
vt 0.78230 0.57038
vt 0.58719 0.30831
vt 0.59318 0.29922
vt 0.59832 0.31402
vt 0.75352 0.57549
vt 0.78540 0.55447
vt 0.78230 0.57038
vt 0.78358 0.58866
vt 0.77741 0.59920
vt 0.76586 0.58677
vt 0.28251 0.51319
vt 0.30810 0.48388
vt 0.29779 0.51386
vt 0.31057 0.18510
vt 0.31485 0.17949
vt 0.32815 0.18668
vt 0.61063 0.30195
vt 0.59318 0.29922
vt 0.60560 0.29455
vt 0.33424 0.16743
vt 0.33729 0.15848
vt 0.34367 0.16761
vt 0.60055 0.28999
vt 0.59318 0.29922
vt 0.59257 0.29157
vt 0.00724 0.60906
vt 0.00881 0.61704
vt 0.00402 0.60976
vt 0.04504 0.66199
vt 0.03041 0.66814
vt 0.02169 0.64674
vt 0.61063 0.30195
vt 0.59832 0.31402
vt 0.59318 0.29922
vt 0.32815 0.18668
vt 0.32158 0.17347
vt 0.33424 0.16743
vt 0.32815 0.18668
vt 0.31485 0.17949
vt 0.32158 0.17347
vt 0.27283 0.52435
vt 0.28251 0.51319
vt 0.28473 0.52298
vt 0.78375 0.52686
vt 0.78628 0.53394
vt 0.77227 0.53746
vt 0.38032 0.48603
vt 0.37364 0.48728
vt 0.36476 0.47836
vt 0.35081 0.18531
vt 0.36531 0.19813
vt 0.36441 0.20783
vt 0.34823 0.21277
vt 0.32467 0.22197
vt 0.33885 0.19857
vt 0.32156 0.51340
vt 0.31023 0.52116
vt 0.29779 0.51386
vt 0.35081 0.18531
vt 0.36441 0.20783
vt 0.33885 0.19857
vt 0.33826 0.46529
vt 0.35747 0.45829
vt 0.36476 0.47836
vt 0.31057 0.18510
vt 0.32815 0.18668
vt 0.30641 0.19980
vt 0.32156 0.51340
vt 0.29779 0.51386
vt 0.30810 0.48388
vt 0.60177 0.33682
vt 0.57188 0.33523
vt 0.57885 0.32334
vt 0.67625 0.65591
vt 0.67913 0.64778
vt 0.69125 0.65789
vt 0.75352 0.57549
vt 0.74321 0.59507
vt 0.72461 0.55858
vt 0.78628 0.53394
vt 0.78549 0.54130
vt 0.77227 0.53746
vt 0.59832 0.31402
vt 0.60177 0.33682
vt 0.57885 0.32334
vt 0.36531 0.19813
vt 0.35081 0.18531
vt 0.35886 0.18738
vt 0.00881 0.61704
vt 0.00724 0.60906
vt 0.01021 0.60726
vt 0.32156 0.51340
vt 0.32363 0.52471
vt 0.31023 0.52116
vt 0.36476 0.47836
vt 0.35747 0.45829
vt 0.37649 0.46072
vt 0.32467 0.22197
vt 0.31340 0.21344
vt 0.33885 0.19857
vt 0.41926 0.86725
vt 0.40801 0.86914
vt 0.40419 0.86516
vt 0.33190 0.52248
vt 0.32156 0.51340
vt 0.33543 0.51286
vt 0.75348 0.61579
vt 0.76586 0.58677
vt 0.77741 0.59920
vt 0.32467 0.22197
vt 0.30934 0.23240
vt 0.31340 0.21344
vt 0.30669 0.45031
vt 0.32245 0.47577
vt 0.30506 0.46434
vt 0.97035 0.02334
vt 0.95873 0.02838
vt 0.94969 0.02129
vt 0.97657 0.32456
vt 0.99106 0.33874
vt 0.97507 0.34650
vt 0.30538 0.25136
vt 0.29442 0.24077
vt 0.30934 0.23240
vt 0.96478 0.36357
vt 0.97852 0.37432
vt 0.96655 0.37791
vt 0.97852 0.37432
vt 0.96478 0.36357
vt 0.98785 0.36161
vt 0.98357 0.01816
vt 0.95787 0.00733
vt 0.98092 0.01234
vt 0.19417 0.56345
vt 0.21765 0.55479
vt 0.20967 0.59067
vt 0.74217 0.33406
vt 0.73100 0.34599
vt 0.71777 0.33304
vt 0.28021 0.24632
vt 0.29442 0.24077
vt 0.29068 0.26379
vt 0.64816 0.25679
vt 0.67137 0.27355
vt 0.66310 0.29831
vt 0.73100 0.34599
vt 0.73402 0.35103
vt 0.72018 0.35691
vt 0.20620 0.52950
vt 0.19039 0.51172
vt 0.20890 0.50667
vt 0.66310 0.29831
vt 0.65086 0.29050
vt 0.64816 0.25679
vt 0.21765 0.55479
vt 0.23478 0.56992
vt 0.20967 0.59067
vt 0.70460 0.24557
vt 0.69745 0.27971
vt 0.68053 0.24220
vt 0.69745 0.27971
vt 0.70460 0.24557
vt 0.71391 0.25503
vt 0.28516 0.23056
vt 0.30934 0.23240
vt 0.29442 0.24077
vt 0.28516 0.23056
vt 0.29442 0.24077
vt 0.28021 0.24632
vt 0.68799 0.15047
vt 0.69242 0.14618
vt 0.69300 0.15827
vt 0.59832 0.31402
vt 0.57885 0.32334
vt 0.58719 0.30831
vt 0.35081 0.18531
vt 0.34879 0.17404
vt 0.35886 0.18738
vt 0.34116 0.41469
vt 0.33054 0.42270
vt 0.33332 0.41372
vt 0.33885 0.19857
vt 0.32815 0.18668
vt 0.35081 0.18531
vt 0.33332 0.41372
vt 0.33521 0.40784
vt 0.34116 0.41469
vt 0.55705 0.70084
vt 0.55804 0.69500
vt 0.56018 0.69805
vt 0.32682 0.81997
vt 0.36078 0.79034
vt 0.35632 0.82002
vt 0.33729 0.39999
vt 0.34706 0.39693
vt 0.34116 0.41469
vt 0.31180 0.79609
vt 0.32284 0.80214
vt 0.29827 0.81155
vt 0.34116 0.41469
vt 0.33521 0.40784
vt 0.33729 0.39999
vt 0.33424 0.16743
vt 0.34879 0.17404
vt 0.35081 0.18531
vt 0.31340 0.21344
vt 0.30641 0.19980
vt 0.33885 0.19857
vt 0.81957 0.56699
vt 0.81568 0.56840
vt 0.81133 0.56199
vt 0.30641 0.19980
vt 0.30934 0.23240
vt 0.28776 0.22106
vt 0.30641 0.19980
vt 0.32815 0.18668
vt 0.33885 0.19857
vt 0.31340 0.21344
vt 0.30934 0.23240
vt 0.30641 0.19980
vt 0.33443 0.40264
vt 0.33729 0.39999
vt 0.33521 0.40784
vt 0.37903 0.79280
vt 0.36529 0.80652
vt 0.36078 0.79034
vt 0.29397 0.19963
vt 0.30107 0.18912
vt 0.30641 0.19980
vt 0.30641 0.19980
vt 0.29327 0.20849
vt 0.29397 0.19963
vt 0.30641 0.19980
vt 0.30107 0.18912
vt 0.31057 0.18510
vt 0.80933 0.38395
vt 0.80383 0.39096
vt 0.79919 0.37605
vt 0.77485 0.39155
vt 0.77353 0.37746
vt 0.78468 0.39418
vt 0.27351 0.24153
vt 0.28021 0.24632
vt 0.26702 0.24673
vt 0.77353 0.37746
vt 0.77485 0.39155
vt 0.76650 0.37830
vt 0.76650 0.37830
vt 0.76311 0.37007
vt 0.77076 0.36679
vt 0.30934 0.23240
vt 0.28516 0.23056
vt 0.28776 0.22106
vt 0.30641 0.19980
vt 0.28776 0.22106
vt 0.29327 0.20849
vt 0.28021 0.24632
vt 0.27351 0.24153
vt 0.28516 0.23056
vt 0.89975 0.66718
vt 0.90096 0.67492
vt 0.89574 0.66885
vt 0.89574 0.66885
vt 0.90096 0.67492
vt 0.89346 0.67627
vt 0.75697 0.34908
vt 0.76448 0.34084
vt 0.76035 0.35209
vt 0.78859 0.41897
vt 0.78637 0.40629
vt 0.79150 0.41235
vt 0.33424 0.16743
vt 0.32900 0.15998
vt 0.33729 0.15848
vt 0.77485 0.39155
vt 0.78468 0.39418
vt 0.77971 0.39782
vt 0.77076 0.36679
vt 0.76035 0.35209
vt 0.76448 0.34084
vt 0.81727 0.40280
vt 0.80383 0.39096
vt 0.80933 0.38395
vt 0.78637 0.40629
vt 0.77971 0.39782
vt 0.78468 0.39418
vt 0.81581 0.42221
vt 0.80539 0.41153
vt 0.81727 0.40280
vt 0.52808 0.71297
vt 0.54222 0.70537
vt 0.54269 0.71552
vt 0.32284 0.80214
vt 0.32277 0.78612
vt 0.34172 0.78068
vt 0.30954 0.84171
vt 0.30180 0.83581
vt 0.31148 0.82666
vt 0.79115 0.39632
vt 0.80383 0.39096
vt 0.79901 0.40550
vt 0.36529 0.80652
vt 0.37903 0.79280
vt 0.37379 0.80965
vt 0.31180 0.79609
vt 0.32277 0.78612
vt 0.32284 0.80214
vt 0.55705 0.70084
vt 0.54542 0.70728
vt 0.55074 0.68927
vt 0.33294 0.43128
vt 0.34705 0.43559
vt 0.33522 0.44642
vt 0.36078 0.79034
vt 0.37916 0.77660
vt 0.37903 0.79280
vt 0.31148 0.82666
vt 0.32173 0.84614
vt 0.30954 0.84171
vt 0.74321 0.59507
vt 0.76586 0.58677
vt 0.75348 0.61579
vt 0.81727 0.40280
vt 0.80539 0.41153
vt 0.80383 0.39096
vt 0.33054 0.42270
vt 0.34116 0.41469
vt 0.33294 0.43128
vt 0.33294 0.43128
vt 0.30608 0.43306
vt 0.31507 0.42025
vt 0.80539 0.41153
vt 0.79901 0.40550
vt 0.80383 0.39096
vt 0.79150 0.41235
vt 0.79115 0.39632
vt 0.79901 0.40550
vt 0.78637 0.40629
vt 0.79115 0.39632
vt 0.79150 0.41235
vt 0.78468 0.39418
vt 0.79115 0.39632
vt 0.78637 0.40629
vt 0.79598 0.42326
vt 0.80719 0.41946
vt 0.80792 0.43204
vt 0.79150 0.41235
vt 0.80539 0.41153
vt 0.79598 0.42326
vt 0.79150 0.41235
vt 0.79901 0.40550
vt 0.80539 0.41153
vt 0.34116 0.41469
vt 0.34705 0.43559
vt 0.33294 0.43128
vt 0.80539 0.41153
vt 0.81581 0.42221
vt 0.80719 0.41946
vt 0.80383 0.39096
vt 0.79115 0.39632
vt 0.79919 0.37605
vt 0.78859 0.41897
vt 0.79598 0.42326
vt 0.78877 0.42536
vt 0.79598 0.42326
vt 0.78859 0.41897
vt 0.79150 0.41235
vt 0.79110 0.43305
vt 0.79598 0.42326
vt 0.80792 0.43204
vt 0.59951 0.28237
vt 0.60055 0.28999
vt 0.59257 0.29157
vt 0.78877 0.42536
vt 0.79598 0.42326
vt 0.79110 0.43305
vt 0.32666 0.16568
vt 0.32900 0.15998
vt 0.33424 0.16743
vt 0.32158 0.17347
vt 0.32666 0.16568
vt 0.33424 0.16743
vt 0.78769 0.44212
vt 0.79110 0.43305
vt 0.79671 0.43880
vt 0.79598 0.42326
vt 0.80539 0.41153
vt 0.80719 0.41946
vt 0.60560 0.29455
vt 0.59318 0.29922
vt 0.60055 0.28999
vt 0.77076 0.36679
vt 0.78468 0.39418
vt 0.77353 0.37746
vt 0.60792 0.76433
vt 0.61608 0.75389
vt 0.61604 0.75899
vt 0.78769 0.44212
vt 0.79671 0.43880
vt 0.78862 0.44552
vt 0.82633 0.44264
vt 0.81845 0.43757
vt 0.82807 0.42470
vt 0.57471 0.70146
vt 0.58246 0.70715
vt 0.56947 0.71568
vt 0.57280 0.72852
vt 0.56947 0.71568
vt 0.58225 0.72362
vt 0.56947 0.71568
vt 0.58246 0.70715
vt 0.58225 0.72362
vt 0.58807 0.74851
vt 0.57915 0.74577
vt 0.58138 0.73514
vt 0.57280 0.72852
vt 0.56708 0.73131
vt 0.56947 0.71568
vt 0.57471 0.70146
vt 0.56947 0.71568
vt 0.57166 0.69852
vt 0.80735 0.44108
vt 0.79671 0.43880
vt 0.80792 0.43204
vt 0.59472 0.73974
vt 0.58807 0.74851
vt 0.58138 0.73514
vt 0.58138 0.73514
vt 0.57280 0.72852
vt 0.58225 0.72362
vt 0.57259 0.74228
vt 0.56679 0.74673
vt 0.56708 0.73131
vt 0.58807 0.74851
vt 0.59472 0.73974
vt 0.59846 0.75005
vt 0.59846 0.75005
vt 0.61608 0.75389
vt 0.59385 0.76124
vt 0.56679 0.74673
vt 0.57915 0.74577
vt 0.57516 0.75446
vt 0.58480 0.75535
vt 0.58807 0.74851
vt 0.59846 0.75005
vt 0.81581 0.42221
vt 0.82807 0.42470
vt 0.81845 0.43757
vt 0.81727 0.40280
vt 0.82887 0.39496
vt 0.82807 0.42470
vt 0.58480 0.75535
vt 0.59846 0.75005
vt 0.59385 0.76124
vt 0.57915 0.74577
vt 0.58807 0.74851
vt 0.58480 0.75535
vt 0.58138 0.73514
vt 0.57259 0.74228
vt 0.57280 0.72852
vt 0.80792 0.43204
vt 0.79671 0.43880
vt 0.79110 0.43305
vt 0.57280 0.72852
vt 0.57259 0.74228
vt 0.56708 0.73131
vt 0.57259 0.74228
vt 0.58138 0.73514
vt 0.57915 0.74577
vt 0.57259 0.74228
vt 0.57915 0.74577
vt 0.56679 0.74673
vt 0.81845 0.43757
vt 0.80735 0.44108
vt 0.80792 0.43204
vt 0.80792 0.43204
vt 0.81581 0.42221
vt 0.81845 0.43757
vt 0.57915 0.74577
vt 0.58480 0.75535
vt 0.57516 0.75446
vt 0.80792 0.43204
vt 0.80719 0.41946
vt 0.81581 0.42221
vt 0.81727 0.40280
vt 0.82807 0.42470
vt 0.81581 0.42221
vt 0.59385 0.76124
vt 0.61608 0.75389
vt 0.60792 0.76433
vt 0.59472 0.73974
vt 0.58138 0.73514
vt 0.59737 0.72469
vt 0.58225 0.72362
vt 0.59737 0.72469
vt 0.58138 0.73514
vt 0.93057 0.01575
vt 0.93880 0.03120
vt 0.93010 0.05533
vt 0.19649 0.85531
vt 0.20982 0.84512
vt 0.21419 0.85179
vt 0.93010 0.05533
vt 0.93880 0.03120
vt 0.94361 0.04836
vt 0.17016 0.78963
vt 0.17568 0.78168
vt 0.18794 0.78054
vt 0.99140 0.90312
vt 0.98831 0.89950
vt 0.99191 0.89303
vt 0.18173 0.77541
vt 0.18794 0.78054
vt 0.17568 0.78168
vt 0.18717 0.79628
vt 0.17016 0.78963
vt 0.18794 0.78054
vt 0.21419 0.85179
vt 0.20389 0.85676
vt 0.19649 0.85531
vt 0.18950 0.85635
vt 0.19189 0.85107
vt 0.19649 0.85531
vt 0.85973 0.09658
vt 0.85608 0.09874
vt 0.85663 0.09478
vt 0.19189 0.85107
vt 0.20358 0.84570
vt 0.19649 0.85531
vt 0.92901 0.90663
vt 0.92311 0.90499
vt 0.93418 0.89727
vt 0.70391 0.83210
vt 0.71397 0.82135
vt 0.71967 0.82441
vt 0.11283 0.95292
vt 0.12089 0.95414
vt 0.11816 0.96262
vt 0.12702 0.95983
vt 0.12597 0.96308
vt 0.11816 0.96262
vt 0.11816 0.96262
vt 0.12089 0.95414
vt 0.12702 0.95983
vt 0.93705 0.92251
vt 0.92901 0.90663
vt 0.93685 0.91224
vt 0.12038 0.94451
vt 0.12089 0.95414
vt 0.11283 0.95292
vt 0.90430 0.91123
vt 0.89074 0.90198
vt 0.91169 0.90048
vt 0.90177 0.89104
vt 0.91465 0.88413
vt 0.91169 0.90048
vt 0.11283 0.95292
vt 0.08770 0.95504
vt 0.10074 0.94626
vt 0.08770 0.95504
vt 0.11283 0.95292
vt 0.11816 0.96262
vt 0.32173 0.84614
vt 0.31148 0.82666
vt 0.32682 0.81997
vt 0.11283 0.95292
vt 0.10074 0.94626
vt 0.12038 0.94451
vt 0.71782 0.63073
vt 0.75348 0.61579
vt 0.74522 0.63511
vt 0.32030 0.44123
vt 0.30608 0.43306
vt 0.33294 0.43128
vt 0.34172 0.78068
vt 0.36078 0.79034
vt 0.32284 0.80214
vt 0.10074 0.94626
vt 0.08770 0.95504
vt 0.07823 0.94005
vt 0.71967 0.82441
vt 0.71397 0.82135
vt 0.72639 0.81571
vt 0.19649 0.85531
vt 0.20358 0.84570
vt 0.20982 0.84512
vt 0.91169 0.90048
vt 0.91659 0.90612
vt 0.90430 0.91123
vt 0.93705 0.92251
vt 0.90717 0.92422
vt 0.91478 0.91541
vt 0.91659 0.90612
vt 0.91478 0.91541
vt 0.90430 0.91123
vt 0.91478 0.91541
vt 0.91659 0.90612
vt 0.92311 0.90499
vt 0.92096 0.89471
vt 0.91169 0.90048
vt 0.91465 0.88413
vt 0.90177 0.89104
vt 0.91169 0.90048
vt 0.89074 0.90198
vt 0.17493 0.82921
vt 0.18810 0.83055
vt 0.16805 0.84579
vt 0.18937 0.83704
vt 0.18810 0.83055
vt 0.19911 0.83053
vt 0.11243 0.93711
vt 0.13265 0.93219
vt 0.12792 0.94088
vt 0.11243 0.93711
vt 0.12792 0.94088
vt 0.12038 0.94451
vt 0.10074 0.94626
vt 0.11243 0.93711
vt 0.12038 0.94451
vt 0.95429 0.09631
vt 0.96263 0.09543
vt 0.95586 0.10467
vt 0.10093 0.93523
vt 0.11243 0.93711
vt 0.10074 0.94626
vt 0.15814 0.82689
vt 0.17493 0.82921
vt 0.15878 0.83650
vt 0.12636 0.92284
vt 0.13265 0.93219
vt 0.11433 0.91942
vt 0.90563 0.94311
vt 0.89848 0.94195
vt 0.92096 0.93216
vt 0.15878 0.83650
vt 0.15005 0.82949
vt 0.15814 0.82689
vt 0.92096 0.93216
vt 0.89848 0.94195
vt 0.89870 0.92945
vt 0.89870 0.92945
vt 0.89848 0.94195
vt 0.89425 0.93652
vt 0.11433 0.91942
vt 0.11932 0.91563
vt 0.12636 0.92284
vt 0.31507 0.42025
vt 0.33054 0.42270
vt 0.33294 0.43128
vt 0.15170 0.81827
vt 0.17493 0.82921
vt 0.15814 0.82689
vt 0.08353 0.51836
vt 0.09594 0.51498
vt 0.09502 0.52742
vt 0.13888 0.82208
vt 0.15814 0.82689
vt 0.15005 0.82949
vt 0.17493 0.82921
vt 0.16805 0.84579
vt 0.15878 0.83650
vt 0.75348 0.61579
vt 0.76570 0.61891
vt 0.75220 0.63751
vt 0.76570 0.61891
vt 0.75348 0.61579
vt 0.77741 0.59920
vt 0.10093 0.93523
vt 0.10073 0.91434
vt 0.11433 0.91942
vt 0.10093 0.93523
vt 0.11433 0.91942
vt 0.13265 0.93219
vt 0.10093 0.93523
vt 0.13265 0.93219
vt 0.11243 0.93711
vt 0.01264 0.91542
vt 0.03272 0.90421
vt 0.03130 0.92059
vt 0.36697 0.77587
vt 0.37916 0.77660
vt 0.36078 0.79034
vt 0.08353 0.51836
vt 0.08936 0.50241
vt 0.09594 0.51498
vt 0.10093 0.93523
vt 0.10074 0.94626
vt 0.07823 0.94005
vt 0.01137 0.90191
vt 0.01155 0.88985
vt 0.03066 0.88661
vt 0.00881 0.61704
vt 0.02008 0.60586
vt 0.02760 0.61865
vt 0.00881 0.61704
vt 0.02760 0.61865
vt 0.02169 0.64674
vt 0.09291 0.50591
vt 0.09594 0.51498
vt 0.08936 0.50241
vt 0.74522 0.63511
vt 0.73429 0.64510
vt 0.71782 0.63073
vt 0.01304 0.66962
vt 0.00571 0.66509
vt 0.02169 0.64674
vt 0.08353 0.51836
vt 0.08573 0.53613
vt 0.06216 0.52209
vt 0.11732 0.45102
vt 0.10478 0.45677
vt 0.09898 0.44237
vt 0.88279 0.96608
vt 0.87550 0.94877
vt 0.88393 0.95436
vt 0.03772 0.63790
vt 0.02760 0.61865
vt 0.04237 0.62004
vt 0.07823 0.94005
vt 0.08665 0.93224
vt 0.10093 0.93523
vt 0.05243 0.89898
vt 0.04183 0.89620
vt 0.04565 0.88499
vt 0.36529 0.80652
vt 0.35632 0.82002
vt 0.36078 0.79034
vt 0.01137 0.90191
vt 0.03272 0.90421
vt 0.01264 0.91542
vt 0.30810 0.48388
vt 0.30506 0.46434
vt 0.32245 0.47577
vt 0.03066 0.88661
vt 0.04183 0.89620
vt 0.03272 0.90421
vt 0.15005 0.82949
vt 0.13937 0.82662
vt 0.13888 0.82208
vt 0.03066 0.88661
vt 0.03272 0.90421
vt 0.01137 0.90191
vt 0.01155 0.88985
vt 0.01250 0.88165
vt 0.01866 0.88320
vt 0.11433 0.91942
vt 0.10796 0.90909
vt 0.11932 0.91563
vt 0.36697 0.77587
vt 0.36078 0.79034
vt 0.35431 0.77784
vt 0.10093 0.93523
vt 0.08993 0.92173
vt 0.10073 0.91434
vt 0.10073 0.91434
vt 0.10796 0.90909
vt 0.11433 0.91942
vt 0.88393 0.95436
vt 0.87997 0.94637
vt 0.88259 0.94502
vt 0.35131 0.83316
vt 0.33575 0.84162
vt 0.32682 0.81997
vt 0.32682 0.81997
vt 0.33575 0.84162
vt 0.32173 0.84614
vt 0.87550 0.94877
vt 0.87997 0.94637
vt 0.88393 0.95436
vt 0.76448 0.34084
vt 0.76641 0.33106
vt 0.76985 0.32877
vt 0.76448 0.34084
vt 0.76985 0.32877
vt 0.78067 0.33946
vt 0.08665 0.93224
vt 0.08993 0.92173
vt 0.10093 0.93523
vt 0.85615 0.94225
vt 0.87010 0.94258
vt 0.87181 0.94597
vt 0.91478 0.91541
vt 0.90717 0.92422
vt 0.90430 0.91123
vt 0.85615 0.94225
vt 0.87181 0.94597
vt 0.86308 0.95965
vt 0.85805 0.93049
vt 0.85615 0.94225
vt 0.85488 0.93259
vt 0.87550 0.94877
vt 0.86308 0.95965
vt 0.87181 0.94597
vt 0.09655 0.90377
vt 0.10073 0.91434
vt 0.09292 0.90572
vt 0.09292 0.90572
vt 0.10073 0.91434
vt 0.09485 0.91299
vt 0.10073 0.91434
vt 0.09655 0.90377
vt 0.10796 0.90909
vt 0.13888 0.82208
vt 0.13937 0.82662
vt 0.12910 0.82091
vt 0.85615 0.94225
vt 0.84673 0.93823
vt 0.85488 0.93259
vt 0.84673 0.93823
vt 0.84774 0.93073
vt 0.85488 0.93259
vt 0.84418 0.94304
vt 0.84673 0.93823
vt 0.85615 0.94225
vt 0.17493 0.82921
vt 0.18883 0.81099
vt 0.18810 0.83055
vt 0.15622 0.80283
vt 0.17493 0.82921
vt 0.15170 0.81827
vt 0.94192 0.94232
vt 0.93547 0.94425
vt 0.93598 0.93739
vt 0.15170 0.81827
vt 0.15814 0.82689
vt 0.13888 0.82208
vt 0.17493 0.82921
vt 0.15622 0.80283
vt 0.18883 0.81099
vt 0.15622 0.80283
vt 0.15170 0.81827
vt 0.14440 0.80771
vt 0.14440 0.80771
vt 0.14763 0.80256
vt 0.15622 0.80283
vt 0.12910 0.82091
vt 0.13504 0.81703
vt 0.13888 0.82208
vt 0.13751 0.81224
vt 0.13888 0.82208
vt 0.13504 0.81703
vt 0.93598 0.93739
vt 0.94469 0.93532
vt 0.94192 0.94232
vt 0.93598 0.93739
vt 0.94358 0.92872
vt 0.94469 0.93532
vt 0.84868 0.95172
vt 0.84418 0.94304
vt 0.85615 0.94225
vt 0.14440 0.80771
vt 0.15170 0.81827
vt 0.13888 0.82208
vt 0.13888 0.82208
vt 0.13751 0.81224
vt 0.14440 0.80771
vt 0.92682 0.94558
vt 0.93598 0.93739
vt 0.93547 0.94425
vt 0.91748 0.94515
vt 0.91189 0.94326
vt 0.93598 0.93739
vt 0.94602 0.93127
vt 0.94469 0.93532
vt 0.94358 0.92872
vt 0.93598 0.93739
vt 0.92682 0.94558
vt 0.91748 0.94515
vt 0.94358 0.92872
vt 0.94619 0.92961
vt 0.94602 0.93127
vt 0.98600 0.93641
vt 0.98608 0.93073
vt 0.99167 0.93518
vt 0.93705 0.92251
vt 0.94358 0.92872
vt 0.93598 0.93739
vt 0.97896 0.93598
vt 0.98608 0.93073
vt 0.98600 0.93641
vt 0.93598 0.93739
vt 0.92096 0.93216
vt 0.93705 0.92251
vt 0.92311 0.90499
vt 0.92901 0.90663
vt 0.91478 0.91541
vt 0.91478 0.91541
vt 0.92901 0.90663
vt 0.93705 0.92251
vt 0.93561 0.90481
vt 0.92901 0.90663
vt 0.93418 0.89727
vt 0.41612 0.85765
vt 0.41926 0.86725
vt 0.40419 0.86516
vt 0.93705 0.92251
vt 0.92096 0.93216
vt 0.90717 0.92422
vt 0.97955 0.90650
vt 0.97312 0.92818
vt 0.96654 0.92126
vt 0.93685 0.91224
vt 0.92901 0.90663
vt 0.93561 0.90481
vt 0.97312 0.92818
vt 0.98608 0.93073
vt 0.97896 0.93598
vt 0.98831 0.89950
vt 0.99027 0.88345
vt 0.99191 0.89303
vt 0.13977 0.80530
vt 0.14440 0.80771
vt 0.13751 0.81224
vt 0.98608 0.93073
vt 0.99033 0.92818
vt 0.99167 0.93518
vt 0.98831 0.89950
vt 0.99024 0.91401
vt 0.97955 0.90650
vt 0.15622 0.80283
vt 0.18717 0.79628
vt 0.18883 0.81099
vt 0.13977 0.80530
vt 0.14763 0.80256
vt 0.14440 0.80771
vt 0.14763 0.80256
vt 0.15281 0.79943
vt 0.15622 0.80283
vt 0.98981 0.92113
vt 0.99033 0.92818
vt 0.98608 0.93073
vt 0.15622 0.80283
vt 0.15281 0.79943
vt 0.15866 0.79610
vt 0.15622 0.80283
vt 0.16296 0.79464
vt 0.18717 0.79628
vt 0.16296 0.79464
vt 0.17016 0.78963
vt 0.18717 0.79628
vt 0.15622 0.80283
vt 0.15866 0.79610
vt 0.16296 0.79464
vt 0.97312 0.92818
vt 0.97955 0.90650
vt 0.98608 0.93073
vt 0.98831 0.89950
vt 0.99083 0.91097
vt 0.99024 0.91401
vt 0.99024 0.91401
vt 0.98981 0.92113
vt 0.97955 0.90650
vt 0.98981 0.92113
vt 0.98608 0.93073
vt 0.97955 0.90650
vt 0.98831 0.89950
vt 0.99140 0.90312
vt 0.99083 0.91097
vt 0.94816 0.90383
vt 0.95658 0.89641
vt 0.95464 0.91093
vt 0.91465 0.88413
vt 0.92169 0.87632
vt 0.92748 0.88327
vt 0.91465 0.88413
vt 0.92748 0.88327
vt 0.92096 0.89471
vt 0.07771 0.53965
vt 0.06216 0.52209
vt 0.08573 0.53613
vt 0.08353 0.51836
vt 0.09502 0.52742
vt 0.08573 0.53613
vt 0.03205 0.92881
vt 0.01264 0.91542
vt 0.03130 0.92059
vt 0.89870 0.92945
vt 0.90717 0.92422
vt 0.92096 0.93216
vt 0.85490 0.60484
vt 0.85934 0.60686
vt 0.84982 0.60622
vt 0.07410 0.89563
vt 0.06130 0.89361
vt 0.07240 0.88437
vt 0.07059 0.95467
vt 0.06762 0.94909
vt 0.07268 0.94521
vt 0.08345 0.89429
vt 0.08262 0.90056
vt 0.07410 0.89563
vt 0.01645 0.42320
vt 0.01998 0.41420
vt 0.02650 0.41748
vt 0.88279 0.96608
vt 0.88011 0.98029
vt 0.87295 0.97522
vt 0.87295 0.97522
vt 0.86937 0.99057
vt 0.86390 0.98158
vt 0.87504 0.50436
vt 0.86919 0.50286
vt 0.87193 0.49694
vt 0.87295 0.97522
vt 0.88011 0.98029
vt 0.86937 0.99057
vt 0.87012 0.50934
vt 0.86919 0.50286
vt 0.87504 0.50436
vt 0.86390 0.98158
vt 0.86937 0.99057
vt 0.85897 0.99239
vt 0.27704 0.98856
vt 0.27485 0.98920
vt 0.27728 0.97956
vt 0.07410 0.89563
vt 0.08096 0.88821
vt 0.08345 0.89429
vt 0.88692 0.96105
vt 0.88279 0.96608
vt 0.88393 0.95436
vt 0.97042 0.59107
vt 0.97675 0.58954
vt 0.96446 0.59750
vt 0.97675 0.58954
vt 0.99187 0.60000
vt 0.96935 0.61049
vt 0.99258 0.61563
vt 0.99178 0.61922
vt 0.98964 0.62460
vt 0.02055 0.43218
vt 0.01645 0.42320
vt 0.02650 0.41748
vt 0.86308 0.95965
vt 0.87550 0.94877
vt 0.88279 0.96608
vt 0.21894 0.96560
vt 0.22241 0.97075
vt 0.21527 0.96753
vt 0.21527 0.96753
vt 0.20669 0.96238
vt 0.21635 0.96225
vt 0.03611 0.42751
vt 0.02735 0.43395
vt 0.02055 0.43218
vt 0.05410 0.90416
vt 0.04971 0.91209
vt 0.03272 0.90421
vt 0.98557 0.62025
vt 0.99258 0.61563
vt 0.98964 0.62460
vt 0.99258 0.61563
vt 0.98557 0.62025
vt 0.96935 0.61049
vt 0.01645 0.42320
vt 0.01240 0.41456
vt 0.01998 0.41420
vt 0.88283 0.92402
vt 0.89870 0.92945
vt 0.88100 0.93386
vt 0.99188 0.75942
vt 0.99254 0.76831
vt 0.98748 0.75945
vt 0.04971 0.91209
vt 0.06696 0.91536
vt 0.04785 0.92574
vt 0.99187 0.60000
vt 0.97675 0.58954
vt 0.98557 0.58675
vt 0.99187 0.60000
vt 0.99258 0.61563
vt 0.96935 0.61049
vt 0.04971 0.91209
vt 0.04785 0.92574
vt 0.03130 0.92059
vt 0.98459 0.77121
vt 0.99254 0.76831
vt 0.99006 0.77411
vt 0.99254 0.76831
vt 0.98459 0.77121
vt 0.98161 0.76334
vt 0.03205 0.92881
vt 0.03130 0.92059
vt 0.04785 0.92574
vt 0.86308 0.95965
vt 0.84868 0.95172
vt 0.85615 0.94225
vt 0.98748 0.75945
vt 0.99254 0.76831
vt 0.98161 0.76334
vt 0.03481 0.41446
vt 0.03611 0.42751
vt 0.02650 0.41748
vt 0.06696 0.91536
vt 0.04971 0.91209
vt 0.05410 0.90416
vt 0.48976 0.96974
vt 0.48510 0.96536
vt 0.49974 0.96048
vt 0.84049 0.95015
vt 0.84868 0.95172
vt 0.83815 0.95505
vt 0.87955 0.91943
vt 0.90430 0.91123
vt 0.88283 0.92402
vt 0.98557 0.62025
vt 0.98964 0.62460
vt 0.97651 0.63009
vt 0.90430 0.91123
vt 0.90717 0.92422
vt 0.89870 0.92945
vt 0.89870 0.92945
vt 0.88283 0.92402
vt 0.90430 0.91123
vt 0.02055 0.43218
vt 0.02650 0.41748
vt 0.03611 0.42751
vt 0.24202 0.83463
vt 0.22259 0.83255
vt 0.23277 0.82291
vt 0.86390 0.98158
vt 0.86308 0.95965
vt 0.87295 0.97522
vt 0.33989 0.50528
vt 0.32245 0.47577
vt 0.35209 0.48909
vt 0.88279 0.96608
vt 0.87295 0.97522
vt 0.86308 0.95965
vt 0.86919 0.50286
vt 0.86017 0.50715
vt 0.86311 0.49713
vt 0.85897 0.99239
vt 0.85012 0.98884
vt 0.85456 0.98882
vt 0.85012 0.98884
vt 0.84497 0.98544
vt 0.86390 0.98158
vt 0.28301 0.98948
vt 0.27728 0.97956
vt 0.29134 0.99093
vt 0.27728 0.97956
vt 0.29191 0.98159
vt 0.29134 0.99093
vt 0.85012 0.98884
vt 0.86390 0.98158
vt 0.85456 0.98882
vt 0.85897 0.99239
vt 0.85456 0.98882
vt 0.86390 0.98158
vt 0.29191 0.98159
vt 0.27728 0.97956
vt 0.28599 0.97136
vt 0.27704 0.98856
vt 0.27728 0.97956
vt 0.28301 0.98948
vt 0.86390 0.98158
vt 0.84099 0.97907
vt 0.86308 0.95965
vt 0.29502 0.97206
vt 0.29704 0.97525
vt 0.29191 0.98159
vt 0.86390 0.98158
vt 0.84497 0.98544
vt 0.84099 0.97907
vt 0.29357 0.98629
vt 0.29134 0.99093
vt 0.29191 0.98159
vt 0.18921 0.96638
vt 0.19811 0.97059
vt 0.18432 0.97410
vt 0.18432 0.97410
vt 0.20491 0.98411
vt 0.18788 0.98344
vt 0.83770 0.98191
vt 0.84099 0.97907
vt 0.84497 0.98544
vt 0.20491 0.98411
vt 0.19569 0.98919
vt 0.18788 0.98344
vt 0.19825 0.96510
vt 0.19811 0.97059
vt 0.18921 0.96638
vt 0.19811 0.97059
vt 0.20491 0.98411
vt 0.18432 0.97410
vt 0.36476 0.47836
vt 0.35209 0.48909
vt 0.33826 0.46529
vt 0.35209 0.48909
vt 0.32245 0.47577
vt 0.33826 0.46529
vt 0.96546 0.63514
vt 0.96578 0.63074
vt 0.96803 0.63073
vt 0.05921 0.42869
vt 0.05602 0.42104
vt 0.06192 0.42222
vt 0.96546 0.63514
vt 0.96803 0.63073
vt 0.97648 0.63865
vt 0.97651 0.63009
vt 0.97648 0.63865
vt 0.96803 0.63073
vt 0.28599 0.97136
vt 0.29502 0.97206
vt 0.29191 0.98159
vt 0.30608 0.43306
vt 0.32030 0.44123
vt 0.30669 0.45031
vt 0.75348 0.61579
vt 0.71782 0.63073
vt 0.74321 0.59507
vt 0.30669 0.45031
vt 0.28861 0.45260
vt 0.30608 0.43306
vt 0.72088 0.65380
vt 0.70664 0.65981
vt 0.71782 0.63073
vt 0.74321 0.59507
vt 0.70707 0.61265
vt 0.70169 0.59108
vt 0.05602 0.42104
vt 0.05473 0.42729
vt 0.04393 0.42713
vt 0.70707 0.61265
vt 0.74321 0.59507
vt 0.71782 0.63073
vt 0.97865 0.79338
vt 0.98397 0.79191
vt 0.98853 0.80092
vt 0.28269 0.96549
vt 0.28599 0.97136
vt 0.27728 0.97956
vt 0.28105 0.42932
vt 0.30608 0.43306
vt 0.28861 0.45260
vt 0.72088 0.65380
vt 0.71782 0.63073
vt 0.73429 0.64510
vt 0.70664 0.65981
vt 0.67913 0.64778
vt 0.71782 0.63073
vt 0.32682 0.81997
vt 0.32284 0.80214
vt 0.36078 0.79034
vt 0.99106 0.33874
vt 0.98785 0.36161
vt 0.97507 0.34650
vt 0.48976 0.96974
vt 0.49974 0.96048
vt 0.49535 0.97458
vt 0.14753 0.47310
vt 0.15700 0.41755
vt 0.17447 0.44664
vt 0.44505 0.87252
vt 0.46117 0.89550
vt 0.43556 0.90142
vt 0.04360 0.42015
vt 0.05602 0.42104
vt 0.04393 0.42713
vt 0.42913 0.89760
vt 0.44505 0.87252
vt 0.43556 0.90142
vt 0.87661 0.14500
vt 0.85667 0.13317
vt 0.86173 0.12803
vt 0.31148 0.82666
vt 0.32284 0.80214
vt 0.32682 0.81997
vt 0.49742 0.87784
vt 0.46540 0.87860
vt 0.47567 0.86645
vt 0.31319 0.41671
vt 0.31507 0.42025
vt 0.30826 0.42010
vt 0.05473 0.42729
vt 0.05602 0.42104
vt 0.05921 0.42869
vt 0.97648 0.63865
vt 0.98829 0.63365
vt 0.98733 0.64205
vt 0.97651 0.63009
vt 0.98829 0.63365
vt 0.97648 0.63865
vt 0.97651 0.63009
vt 0.96803 0.63073
vt 0.96439 0.62382
vt 0.96439 0.62382
vt 0.96935 0.61049
vt 0.97651 0.63009
vt 0.42295 0.88696
vt 0.44505 0.87252
vt 0.42913 0.89760
vt 0.96935 0.61049
vt 0.96439 0.62382
vt 0.96167 0.61990
vt 0.96201 0.60599
vt 0.96935 0.61049
vt 0.96167 0.61990
vt 0.47567 0.86645
vt 0.46540 0.87860
vt 0.44505 0.87252
vt 0.95705 0.60798
vt 0.96201 0.60599
vt 0.96167 0.61990
vt 0.86308 0.95965
vt 0.83876 0.96497
vt 0.84868 0.95172
vt 0.83876 0.96497
vt 0.83815 0.95505
vt 0.84868 0.95172
vt 0.83876 0.96497
vt 0.86308 0.95965
vt 0.84099 0.97907
vt 0.83770 0.98191
vt 0.83508 0.97591
vt 0.84099 0.97907
vt 0.83876 0.96497
vt 0.84099 0.97907
vt 0.83508 0.97591
vt 0.04360 0.42015
vt 0.03611 0.42751
vt 0.03481 0.41446
vt 0.98253 0.78427
vt 0.97648 0.78876
vt 0.97452 0.78370
vt 0.02735 0.43395
vt 0.03611 0.42751
vt 0.03238 0.43189
vt 0.98253 0.78427
vt 0.98397 0.79191
vt 0.97648 0.78876
vt 0.97844 0.77993
vt 0.98685 0.77913
vt 0.98253 0.78427
vt 0.98685 0.77913
vt 0.98459 0.77121
vt 0.99006 0.77411
vt 0.97452 0.78370
vt 0.97844 0.77993
vt 0.98253 0.78427
vt 0.98983 0.63890
vt 0.98733 0.64205
vt 0.98829 0.63365
vt 0.98397 0.79191
vt 0.97865 0.79338
vt 0.97648 0.78876
vt 0.57406 0.29832
vt 0.57183 0.28978
vt 0.57564 0.28846
vt 0.57406 0.29832
vt 0.57564 0.28846
vt 0.57993 0.28775
vt 0.84049 0.95015
vt 0.84418 0.94304
vt 0.84868 0.95172
vt 0.21527 0.96753
vt 0.19811 0.97059
vt 0.20669 0.96238
vt 0.96935 0.61049
vt 0.96446 0.59750
vt 0.97675 0.58954
vt 0.96935 0.61049
vt 0.96201 0.60599
vt 0.96446 0.59750
vt 0.03481 0.41446
vt 0.04202 0.41376
vt 0.04360 0.42015
vt 0.96935 0.61049
vt 0.98557 0.62025
vt 0.97651 0.63009
vt 0.19811 0.97059
vt 0.19825 0.96510
vt 0.20669 0.96238
vt 0.98964 0.62460
vt 0.98829 0.63365
vt 0.97651 0.63009
vt 0.21527 0.96753
vt 0.20491 0.98411
vt 0.19811 0.97059
vt 0.20491 0.98411
vt 0.21269 0.99267
vt 0.20311 0.99131
vt 0.20311 0.99131
vt 0.19569 0.98919
vt 0.20491 0.98411
vt 0.65090 0.19515
vt 0.64729 0.20171
vt 0.64313 0.19555
vt 0.89777 0.13572
vt 0.89233 0.12389
vt 0.89648 0.11881
vt 0.89233 0.12389
vt 0.88444 0.11781
vt 0.89648 0.11881
vt 0.88211 0.12527
vt 0.88444 0.11781
vt 0.89233 0.12389
vt 0.98459 0.77121
vt 0.97622 0.76930
vt 0.98161 0.76334
vt 0.54659 0.73423
vt 0.54651 0.74179
vt 0.54291 0.74018
vt 0.83815 0.95505
vt 0.83876 0.96497
vt 0.83291 0.95847
vt 0.97844 0.77993
vt 0.98459 0.77121
vt 0.98685 0.77913
vt 0.03611 0.42751
vt 0.04360 0.42015
vt 0.04393 0.42713
vt 0.84982 0.60622
vt 0.85235 0.60194
vt 0.85490 0.60484
vt 0.56453 0.29509
vt 0.56489 0.29013
vt 0.57183 0.28978
vt 0.33430 0.87865
vt 0.32941 0.88817
vt 0.32493 0.87767
vt 0.89648 0.11881
vt 0.88444 0.11781
vt 0.89015 0.11118
vt 0.73467 0.37432
vt 0.72962 0.37791
vt 0.73248 0.36696
vt 0.72962 0.37791
vt 0.72493 0.36958
vt 0.73248 0.36696
vt 0.32941 0.88817
vt 0.32122 0.88658
vt 0.32493 0.87767
vt 0.33430 0.87865
vt 0.33894 0.86432
vt 0.34462 0.87366
vt 0.34462 0.87366
vt 0.33894 0.86432
vt 0.35073 0.86073
vt 0.32941 0.88817
vt 0.33430 0.87865
vt 0.33576 0.88908
vt 0.73920 0.38397
vt 0.74888 0.37548
vt 0.75164 0.38408
vt 0.73920 0.38397
vt 0.73601 0.37938
vt 0.74888 0.37548
vt 0.83500 0.32766
vt 0.84238 0.31550
vt 0.85297 0.33927
vt 0.33430 0.87865
vt 0.34066 0.88876
vt 0.33576 0.88908
vt 0.64729 0.20171
vt 0.65090 0.19515
vt 0.65376 0.19873
vt 0.73467 0.37432
vt 0.73753 0.37371
vt 0.73601 0.37938
vt 0.65295 0.20213
vt 0.64729 0.20171
vt 0.65376 0.19873
vt 0.40145 0.49359
vt 0.38914 0.49318
vt 0.39292 0.47938
vt 0.35822 0.87708
vt 0.35343 0.88085
vt 0.34462 0.87366
vt 0.35822 0.87708
vt 0.34462 0.87366
vt 0.36244 0.86674
vt 0.34462 0.87366
vt 0.34547 0.88396
vt 0.34066 0.88876
vt 0.65295 0.20213
vt 0.65021 0.20568
vt 0.64729 0.20171
vt 0.64165 0.20322
vt 0.64729 0.20171
vt 0.64563 0.20573
vt 0.75164 0.38408
vt 0.74888 0.37548
vt 0.75926 0.38451
vt 0.74434 0.36699
vt 0.74332 0.36281
vt 0.74716 0.36400
vt 0.34066 0.88876
vt 0.33430 0.87865
vt 0.34462 0.87366
vt 0.24780 0.22203
vt 0.25275 0.21766
vt 0.25464 0.22360
vt 0.86919 0.50286
vt 0.87012 0.50934
vt 0.86017 0.50715
vt 0.54659 0.73423
vt 0.54291 0.74018
vt 0.53273 0.73675
vt 0.06696 0.91536
vt 0.05410 0.90416
vt 0.07252 0.90826
vt 0.92096 0.93216
vt 0.91189 0.94326
vt 0.90563 0.94311
vt 0.53206 0.73327
vt 0.52825 0.72837
vt 0.53019 0.72722
vt 0.25327 0.23388
vt 0.23922 0.23276
vt 0.24780 0.22203
vt 0.25464 0.22360
vt 0.25327 0.23388
vt 0.24780 0.22203
vt 0.25099 0.26709
vt 0.24155 0.26185
vt 0.25360 0.24831
vt 0.38032 0.48603
vt 0.39292 0.47938
vt 0.38914 0.49318
vt 0.53273 0.73675
vt 0.54291 0.74018
vt 0.53096 0.74230
vt 0.83044 0.96771
vt 0.83211 0.96141
vt 0.83876 0.96497
vt 0.83044 0.96771
vt 0.83876 0.96497
vt 0.83508 0.97591
vt 0.89732 0.94602
vt 0.89848 0.94195
vt 0.90169 0.94487
vt 0.07659 0.91209
vt 0.07682 0.92301
vt 0.07200 0.91998
vt 0.54659 0.73423
vt 0.55073 0.74378
vt 0.54651 0.74179
vt 0.20491 0.98411
vt 0.21751 0.98899
vt 0.21269 0.99267
vt 0.83876 0.96497
vt 0.83211 0.96141
vt 0.83291 0.95847
vt 0.07252 0.90826
vt 0.07659 0.91209
vt 0.06696 0.91536
vt 0.07200 0.91998
vt 0.06696 0.91536
vt 0.07659 0.91209
vt 0.33430 0.87865
vt 0.32695 0.86322
vt 0.33894 0.86432
vt 0.32493 0.87767
vt 0.32122 0.88658
vt 0.31303 0.88316
vt 0.35209 0.48909
vt 0.36476 0.47836
vt 0.36416 0.48391
vt 0.41612 0.85765
vt 0.40028 0.84789
vt 0.40978 0.84439
vt 0.02008 0.60586
vt 0.00881 0.61704
vt 0.01504 0.60531
vt 0.89777 0.13572
vt 0.87866 0.13147
vt 0.88211 0.12527
vt 0.88211 0.12527
vt 0.89233 0.12389
vt 0.89777 0.13572
vt 0.33543 0.51286
vt 0.32156 0.51340
vt 0.33989 0.50528
vt 0.40978 0.84439
vt 0.41970 0.85035
vt 0.41612 0.85765
vt 0.40419 0.86516
vt 0.40028 0.84789
vt 0.41612 0.85765
vt 0.02008 0.60586
vt 0.03470 0.61079
vt 0.02760 0.61865
vt 0.85370 0.36516
vt 0.85297 0.33927
vt 0.86862 0.35295
vt 0.83986 0.34333
vt 0.83500 0.32766
vt 0.85297 0.33927
vt 0.83986 0.34333
vt 0.85297 0.33927
vt 0.84305 0.35827
vt 0.90743 0.13646
vt 0.90875 0.15145
vt 0.89777 0.13572
vt 0.85370 0.36516
vt 0.84485 0.36928
vt 0.84305 0.35827
vt 0.90506 0.16215
vt 0.90875 0.15145
vt 0.90734 0.16093
vt 0.90506 0.16215
vt 0.89777 0.13572
vt 0.90875 0.15145
vt 0.88444 0.11781
vt 0.87964 0.11198
vt 0.89015 0.11118
vt 0.73920 0.38397
vt 0.72696 0.38407
vt 0.73601 0.37938
vt 0.72962 0.37791
vt 0.73467 0.37432
vt 0.73601 0.37938
vt 0.73601 0.37938
vt 0.72696 0.38407
vt 0.72962 0.37791
vt 0.71974 0.37226
vt 0.72493 0.36958
vt 0.72962 0.37791
vt 0.71379 0.38636
vt 0.71078 0.37632
vt 0.72696 0.38407
vt 0.85297 0.33927
vt 0.85370 0.36516
vt 0.84305 0.35827
vt 0.91046 0.17170
vt 0.90506 0.16215
vt 0.90866 0.16537
vt 0.88444 0.11781
vt 0.86763 0.11365
vt 0.87964 0.11198
vt 0.89777 0.13572
vt 0.90422 0.12209
vt 0.90743 0.13646
vt 0.71974 0.37226
vt 0.72962 0.37791
vt 0.72696 0.38407
vt 0.89495 0.31427
vt 0.88272 0.30750
vt 0.88846 0.29845
vt 0.89648 0.11881
vt 0.90422 0.12209
vt 0.89777 0.13572
vt 0.89095 0.14227
vt 0.89777 0.13572
vt 0.88852 0.16211
vt 0.87866 0.13147
vt 0.89777 0.13572
vt 0.89095 0.14227
vt 0.86695 0.12842
vt 0.87866 0.13147
vt 0.87661 0.14500
vt 0.89777 0.13572
vt 0.90506 0.16215
vt 0.88852 0.16211
vt 0.34111 0.85381
vt 0.33894 0.86432
vt 0.32695 0.86322
vt 0.32695 0.86322
vt 0.33430 0.87865
vt 0.32493 0.87767
vt 0.88444 0.11781
vt 0.87136 0.11982
vt 0.86763 0.11365
vt 0.71159 0.37099
vt 0.71974 0.37226
vt 0.71078 0.37632
vt 0.32493 0.87767
vt 0.31211 0.87357
vt 0.32695 0.86322
vt 0.03772 0.63790
vt 0.04504 0.66199
vt 0.02169 0.64674
vt 0.32493 0.87767
vt 0.31303 0.88316
vt 0.31211 0.87357
vt 0.01304 0.66962
vt 0.02169 0.64674
vt 0.03041 0.66814
vt 0.86695 0.12842
vt 0.87661 0.14500
vt 0.86173 0.12803
vt 0.30360 0.87705
vt 0.31211 0.87357
vt 0.31303 0.88316
vt 0.71974 0.37226
vt 0.72696 0.38407
vt 0.71078 0.37632
vt 0.87661 0.14500
vt 0.89095 0.14227
vt 0.87836 0.15679
vt 0.87136 0.11982
vt 0.88211 0.12527
vt 0.87259 0.12408
vt 0.89095 0.14227
vt 0.87661 0.14500
vt 0.87866 0.13147
vt 0.88444 0.11781
vt 0.88211 0.12527
vt 0.87136 0.11982
vt 0.86865 0.10633
vt 0.87964 0.11198
vt 0.86763 0.11365
vt 0.52648 0.42641
vt 0.54448 0.43857
vt 0.54039 0.44744
vt 0.36221 0.51148
vt 0.36633 0.49801
vt 0.37442 0.50236
vt 0.87836 0.15679
vt 0.89095 0.14227
vt 0.88852 0.16211
vt 0.46117 0.89550
vt 0.44721 0.90814
vt 0.43556 0.90142
vt 0.48815 0.89010
vt 0.49742 0.87784
vt 0.50596 0.88775
vt 0.46540 0.87860
vt 0.47572 0.89948
vt 0.46117 0.89550
vt 0.48815 0.89010
vt 0.49333 0.89772
vt 0.47572 0.89948
vt 0.46540 0.87860
vt 0.48815 0.89010
vt 0.47572 0.89948
vt 0.47572 0.89948
vt 0.47017 0.90602
vt 0.46221 0.90545
vt 0.48139 0.90552
vt 0.47017 0.90602
vt 0.47572 0.89948
vt 0.46117 0.89550
vt 0.47572 0.89948
vt 0.46221 0.90545
vt 0.78506 0.96789
vt 0.79634 0.96989
vt 0.79038 0.97408
vt 0.76987 0.95215
vt 0.78163 0.96342
vt 0.77860 0.96795
vt 0.80485 0.95643
vt 0.79634 0.96989
vt 0.78163 0.96342
vt 0.44721 0.90814
vt 0.46221 0.90545
vt 0.45627 0.91278
vt 0.79634 0.96989
vt 0.78506 0.96789
vt 0.78163 0.96342
vt 0.48815 0.89010
vt 0.46540 0.87860
vt 0.49742 0.87784
vt 0.46117 0.89550
vt 0.44505 0.87252
vt 0.46540 0.87860
vt 0.46117 0.89550
vt 0.46221 0.90545
vt 0.44721 0.90814
vt 0.76678 0.96725
vt 0.77860 0.96795
vt 0.77338 0.97147
vt 0.76987 0.95215
vt 0.76090 0.95019
vt 0.77063 0.93647
vt 0.75779 0.94047
vt 0.75946 0.92928
vt 0.77063 0.93647
vt 0.22206 0.79035
vt 0.23840 0.78256
vt 0.22854 0.80158
vt 0.21140 0.79773
vt 0.22206 0.79035
vt 0.22854 0.80158
vt 0.79239 0.69445
vt 0.79558 0.70105
vt 0.77951 0.69830
vt 0.14102 0.06209
vt 0.14568 0.05907
vt 0.14434 0.06868
vt 0.14102 0.06209
vt 0.14434 0.06868
vt 0.13738 0.07307
vt 0.75813 0.94579
vt 0.75779 0.94047
vt 0.77063 0.93647
vt 0.14192 0.07558
vt 0.13738 0.07307
vt 0.14434 0.06868
vt 0.21140 0.79773
vt 0.20253 0.77822
vt 0.22206 0.79035
vt 0.77063 0.93647
vt 0.76090 0.95019
vt 0.75813 0.94579
vt 0.24015 0.80589
vt 0.23277 0.82291
vt 0.22854 0.80158
vt 0.21844 0.82092
vt 0.22854 0.80158
vt 0.23277 0.82291
vt 0.24385 0.82607
vt 0.23277 0.82291
vt 0.24015 0.80589
vt 0.19911 0.83053
vt 0.18810 0.83055
vt 0.18883 0.81099
vt 0.19911 0.83053
vt 0.18883 0.81099
vt 0.21844 0.82092
vt 0.25698 0.80473
vt 0.25507 0.81105
vt 0.24015 0.80589
vt 0.22259 0.83255
vt 0.21844 0.82092
vt 0.23277 0.82291
vt 0.24718 0.81796
vt 0.24385 0.82607
vt 0.24015 0.80589
vt 0.24718 0.81796
vt 0.24015 0.80589
vt 0.25507 0.81105
vt 0.49700 0.90407
vt 0.50596 0.89534
vt 0.50743 0.90474
vt 0.51867 0.89620
vt 0.50606 0.89515
vt 0.50596 0.88775
vt 0.49700 0.90407
vt 0.50743 0.90474
vt 0.50085 0.91305
vt 0.22182 0.78110
vt 0.23840 0.78256
vt 0.22206 0.79035
vt 0.76414 0.96122
vt 0.77860 0.96795
vt 0.76678 0.96725
vt 0.76414 0.96122
vt 0.76987 0.95215
vt 0.77860 0.96795
vt 0.76414 0.96122
vt 0.76190 0.95430
vt 0.76987 0.95215
vt 0.47880 0.91007
vt 0.47017 0.90602
vt 0.48139 0.90552
vt 0.24385 0.82607
vt 0.24718 0.81796
vt 0.24658 0.82360
vt 0.51867 0.89620
vt 0.50596 0.88775
vt 0.51826 0.88802
vt 0.21140 0.79773
vt 0.18883 0.81099
vt 0.18717 0.79628
vt 0.50150 0.94965
vt 0.51336 0.95099
vt 0.49974 0.96048
vt 0.22259 0.83255
vt 0.19911 0.83053
vt 0.21844 0.82092
vt 0.23277 0.82291
vt 0.24385 0.82607
vt 0.24202 0.83463
vt 0.07268 0.94521
vt 0.07823 0.94005
vt 0.08770 0.95504
vt 0.20253 0.77822
vt 0.21140 0.79773
vt 0.18717 0.79628
vt 0.50596 0.88775
vt 0.49742 0.87784
vt 0.50855 0.87329
vt 0.50596 0.88775
vt 0.50855 0.87329
vt 0.51874 0.87841
vt 0.50596 0.88775
vt 0.51874 0.87841
vt 0.51826 0.88802
vt 0.51864 0.88439
vt 0.51826 0.88802
vt 0.51874 0.87841
vt 0.20253 0.77822
vt 0.22182 0.78110
vt 0.22206 0.79035
vt 0.18717 0.79628
vt 0.18794 0.78054
vt 0.20253 0.77822
vt 0.24015 0.80589
vt 0.22854 0.80158
vt 0.23840 0.78256
vt 0.21844 0.82092
vt 0.18883 0.81099
vt 0.21140 0.79773
vt 0.57943 0.94245
vt 0.58589 0.93362
vt 0.58992 0.93864
vt 0.57943 0.94245
vt 0.57045 0.93838
vt 0.57614 0.93603
vt 0.57614 0.93603
vt 0.58589 0.93362
vt 0.57943 0.94245
vt 0.50596 0.88775
vt 0.50606 0.89515
vt 0.49333 0.89772
vt 0.50596 0.88775
vt 0.49333 0.89772
vt 0.48815 0.89010
vt 0.49700 0.90407
vt 0.49333 0.89772
vt 0.50606 0.89515
vt 0.26889 0.21937
vt 0.27688 0.21035
vt 0.27332 0.21967
vt 0.26789 0.20275
vt 0.28032 0.20266
vt 0.27688 0.21035
vt 0.13738 0.07307
vt 0.14192 0.07558
vt 0.14046 0.08139
vt 0.98788 0.40687
vt 0.98995 0.39687
vt 0.99323 0.40025
vt 0.22854 0.80158
vt 0.21844 0.82092
vt 0.21140 0.79773
vt 0.49333 0.89772
vt 0.48139 0.90552
vt 0.47572 0.89948
vt 0.27269 0.19358
vt 0.28032 0.20266
vt 0.26789 0.20275
vt 0.27849 0.19010
vt 0.28032 0.20266
vt 0.27269 0.19358
vt 0.27269 0.19358
vt 0.27504 0.18775
vt 0.27849 0.19010
vt 0.95835 0.21698
vt 0.96782 0.22091
vt 0.96969 0.23068
vt 0.26377 0.20056
vt 0.26262 0.19730
vt 0.26789 0.20275
vt 0.14192 0.07558
vt 0.14502 0.07837
vt 0.14046 0.08139
vt 0.23840 0.78256
vt 0.24614 0.79671
vt 0.24015 0.80589
vt 0.26262 0.19730
vt 0.26899 0.19502
vt 0.26789 0.20275
vt 0.25356 0.79975
vt 0.25698 0.80473
vt 0.24614 0.79671
vt 0.26889 0.21937
vt 0.26377 0.21451
vt 0.27688 0.21035
vt 0.26377 0.21451
vt 0.26910 0.20484
vt 0.27688 0.21035
vt 0.27269 0.19358
vt 0.26789 0.20275
vt 0.26899 0.19502
vt 0.76190 0.95430
vt 0.76414 0.96122
vt 0.76046 0.96056
vt 0.97706 0.23004
vt 0.97944 0.24444
vt 0.96969 0.23068
vt 0.24015 0.80589
vt 0.24614 0.79671
vt 0.25698 0.80473
vt 0.23840 0.78256
vt 0.24764 0.78545
vt 0.24614 0.79671
vt 0.05243 0.89898
vt 0.05385 0.88259
vt 0.06130 0.89361
vt 0.05385 0.88259
vt 0.06195 0.88118
vt 0.06130 0.89361
vt 0.06898 0.88324
vt 0.06130 0.89361
vt 0.06195 0.88118
vt 0.06898 0.88324
vt 0.07240 0.88437
vt 0.06130 0.89361
vt 0.89074 0.90198
vt 0.90430 0.91123
vt 0.87818 0.90850
vt 0.08096 0.88821
vt 0.07410 0.89563
vt 0.07240 0.88437
vt 0.37886 0.02019
vt 0.38604 0.03254
vt 0.37486 0.02758
vt 0.08096 0.88821
vt 0.07685 0.88378
vt 0.08405 0.88084
vt 0.07685 0.88378
vt 0.08096 0.88821
vt 0.07240 0.88437
vt 0.40452 0.03275
vt 0.38604 0.03254
vt 0.40804 0.01948
vt 0.73863 0.80697
vt 0.74349 0.81347
vt 0.73977 0.81140
vt 0.39207 0.01348
vt 0.38604 0.03254
vt 0.37886 0.02019
vt 0.39207 0.01348
vt 0.37886 0.02019
vt 0.38357 0.01233
vt 0.73863 0.80697
vt 0.73977 0.81140
vt 0.72639 0.81571
vt 0.71967 0.82441
vt 0.72639 0.81571
vt 0.74077 0.82163
vt 0.87089 0.74586
vt 0.86346 0.73611
vt 0.86727 0.72902
vt 0.38604 0.03254
vt 0.40452 0.03275
vt 0.39538 0.04040
vt 0.40804 0.01948
vt 0.39207 0.01348
vt 0.39498 0.01219
vt 0.86727 0.72902
vt 0.87878 0.69060
vt 0.90266 0.70844
vt 0.74077 0.82163
vt 0.73977 0.81140
vt 0.74349 0.81347
vt 0.86323 0.69114
vt 0.86591 0.68424
vt 0.87878 0.69060
vt 0.87878 0.69060
vt 0.86591 0.68424
vt 0.87194 0.67901
vt 0.87194 0.67901
vt 0.88249 0.67198
vt 0.87878 0.69060
vt 0.86912 0.67626
vt 0.87194 0.67901
vt 0.86591 0.68424
vt 0.85740 0.70093
vt 0.86367 0.71560
vt 0.85175 0.71009
vt 0.86323 0.69114
vt 0.86367 0.71560
vt 0.85740 0.70093
vt 0.90266 0.70844
vt 0.87878 0.69060
vt 0.90107 0.69041
vt 0.41946 0.01063
vt 0.42377 0.01210
vt 0.41879 0.01535
vt 0.01155 0.88985
vt 0.01866 0.88320
vt 0.03066 0.88661
vt 0.40804 0.01948
vt 0.41946 0.01063
vt 0.41879 0.01535
vt 0.03581 0.88410
vt 0.04183 0.89620
vt 0.03066 0.88661
vt 0.04183 0.89620
vt 0.03581 0.88410
vt 0.04565 0.88499
vt 0.04565 0.88499
vt 0.04884 0.88329
vt 0.05243 0.89898
vt 0.41462 0.00884
vt 0.41946 0.01063
vt 0.40804 0.01948
vt 0.40066 0.00925
vt 0.40861 0.00655
vt 0.40804 0.01948
vt 0.40804 0.01948
vt 0.40861 0.00655
vt 0.41462 0.00884
vt 0.73977 0.81140
vt 0.74077 0.82163
vt 0.72639 0.81571
vt 0.04884 0.88329
vt 0.05385 0.88259
vt 0.05243 0.89898
vt 0.74077 0.82163
vt 0.74349 0.81347
vt 0.74696 0.82270
vt 0.87878 0.69060
vt 0.89346 0.67627
vt 0.90107 0.69041
vt 0.26531 0.25840
vt 0.26702 0.24673
vt 0.28021 0.24632
vt 0.29068 0.26379
vt 0.26531 0.25840
vt 0.28021 0.24632
vt 0.26531 0.25840
vt 0.29068 0.26379
vt 0.26372 0.27156
vt 0.03272 0.90421
vt 0.04183 0.89620
vt 0.05410 0.90416
vt 0.90107 0.69041
vt 0.89346 0.67627
vt 0.90096 0.67492
vt 0.05410 0.90416
vt 0.04183 0.89620
vt 0.05243 0.89898
vt 0.90724 0.70075
vt 0.90266 0.70844
vt 0.90107 0.69041
vt 0.40804 0.01948
vt 0.39498 0.01219
vt 0.40066 0.00925
vt 0.85175 0.71009
vt 0.86367 0.71560
vt 0.85944 0.72479
vt 0.41248 0.02252
vt 0.40804 0.01948
vt 0.41879 0.01535
vt 0.86367 0.71560
vt 0.86727 0.72902
vt 0.85944 0.72479
vt 0.40452 0.03275
vt 0.40804 0.01948
vt 0.41248 0.02252
vt 0.85944 0.72479
vt 0.86727 0.72902
vt 0.86346 0.73611
vt 0.85175 0.71009
vt 0.85944 0.72479
vt 0.85260 0.71771
vt 0.86367 0.71560
vt 0.86323 0.69114
vt 0.87878 0.69060
vt 0.40804 0.01948
vt 0.38604 0.03254
vt 0.39207 0.01348
vt 0.88249 0.67198
vt 0.89346 0.67627
vt 0.87878 0.69060
vt 0.87878 0.69060
vt 0.86727 0.72902
vt 0.86367 0.71560
vt 0.87818 0.90850
vt 0.90430 0.91123
vt 0.87955 0.91943
vt 0.97622 0.76930
vt 0.97150 0.76437
vt 0.98161 0.76334
vt 0.05410 0.90416
vt 0.07410 0.89563
vt 0.07252 0.90826
vt 0.05243 0.89898
vt 0.06130 0.89361
vt 0.07410 0.89563
vt 0.07410 0.89563
vt 0.08262 0.90056
vt 0.07252 0.90826
vt 0.05410 0.90416
vt 0.05243 0.89898
vt 0.07410 0.89563
vt 0.22241 0.97075
vt 0.20491 0.98411
vt 0.21527 0.96753
vt 0.21751 0.98899
vt 0.20491 0.98411
vt 0.22241 0.97075
vt 0.54623 0.72480
vt 0.54659 0.73423
vt 0.53834 0.72611
vt 0.53019 0.72722
vt 0.53834 0.72611
vt 0.53206 0.73327
vt 0.53206 0.73327
vt 0.53834 0.72611
vt 0.54659 0.73423
vt 0.84238 0.31550
vt 0.83500 0.32766
vt 0.83376 0.31760
vt 0.64729 0.20171
vt 0.65021 0.20568
vt 0.64563 0.20573
vt 0.23929 0.21585
vt 0.23647 0.22312
vt 0.23245 0.21672
vt 0.74434 0.36699
vt 0.75150 0.36838
vt 0.74888 0.37548
vt 0.25327 0.23388
vt 0.24155 0.26185
vt 0.23922 0.23276
vt 0.23233 0.24473
vt 0.23050 0.23250
vt 0.23922 0.23276
vt 0.84064 0.30220
vt 0.84238 0.31550
vt 0.83170 0.30753
vt 0.37016 0.84138
vt 0.37557 0.85644
vt 0.36736 0.86330
vt 0.75150 0.36838
vt 0.74434 0.36699
vt 0.74716 0.36400
vt 0.23922 0.23276
vt 0.24155 0.26185
vt 0.23233 0.24473
vt 0.23245 0.21672
vt 0.23923 0.21047
vt 0.23929 0.21585
vt 0.23245 0.21672
vt 0.23647 0.22312
vt 0.23050 0.23250
vt 0.20346 0.63817
vt 0.19374 0.62274
vt 0.21520 0.62426
vt 0.99195 0.06734
vt 0.97221 0.06828
vt 0.98979 0.05225
vt 0.37950 0.83458
vt 0.38594 0.83282
vt 0.38866 0.84075
vt 0.98600 0.04884
vt 0.98979 0.05225
vt 0.97221 0.06828
vt 0.96806 0.05486
vt 0.98600 0.04884
vt 0.97221 0.06828
vt 0.96806 0.05486
vt 0.97791 0.03748
vt 0.98600 0.04884
vt 0.06115 0.63634
vt 0.03772 0.63790
vt 0.05381 0.63042
vt 0.89495 0.31427
vt 0.90792 0.32069
vt 0.88450 0.32579
vt 0.97791 0.03748
vt 0.96806 0.05486
vt 0.96333 0.04348
vt 0.97035 0.02334
vt 0.97791 0.03748
vt 0.96333 0.04348
vt 0.97035 0.02334
vt 0.96333 0.04348
vt 0.95873 0.02838
vt 0.97977 0.21507
vt 0.97706 0.23004
vt 0.96782 0.22091
vt 0.96806 0.05486
vt 0.96113 0.04854
vt 0.96333 0.04348
vt 0.97706 0.23004
vt 0.98577 0.23722
vt 0.97944 0.24444
vt 0.90921 0.76766
vt 0.91760 0.75065
vt 0.93078 0.76271
vt 0.95760 0.03641
vt 0.96333 0.04348
vt 0.96113 0.04854
vt 0.97221 0.06828
vt 0.96464 0.06081
vt 0.96806 0.05486
vt 0.96806 0.05486
vt 0.96464 0.06081
vt 0.96113 0.04854
vt 0.97657 0.32456
vt 0.96505 0.32218
vt 0.97116 0.31620
vt 0.97657 0.32456
vt 0.96085 0.33363
vt 0.96291 0.32358
vt 0.35073 0.86073
vt 0.33894 0.86432
vt 0.34111 0.85381
vt 0.38866 0.84075
vt 0.40028 0.84789
vt 0.38858 0.85153
vt 0.05381 0.63042
vt 0.03772 0.63790
vt 0.04237 0.62004
vt 0.98911 0.07761
vt 0.98453 0.08078
vt 0.99195 0.06734
vt 0.99195 0.06734
vt 0.98453 0.08078
vt 0.97221 0.06828
vt 0.97118 0.08501
vt 0.97221 0.06828
vt 0.98453 0.08078
vt 0.98453 0.08078
vt 0.97668 0.08619
vt 0.97118 0.08501
vt 0.38866 0.84075
vt 0.39806 0.83566
vt 0.40028 0.84789
vt 0.06115 0.63634
vt 0.05859 0.65036
vt 0.03772 0.63790
vt 0.35073 0.86073
vt 0.34111 0.85381
vt 0.35501 0.85429
vt 0.97507 0.34650
vt 0.96478 0.36357
vt 0.96052 0.35434
vt 0.97507 0.34650
vt 0.98785 0.36161
vt 0.96478 0.36357
vt 0.97221 0.06828
vt 0.97118 0.08501
vt 0.96855 0.08008
vt 0.97221 0.06828
vt 0.96855 0.08008
vt 0.96554 0.07761
vt 0.95873 0.02838
vt 0.95760 0.03641
vt 0.95564 0.02752
vt 0.95873 0.02838
vt 0.96333 0.04348
vt 0.95760 0.03641
vt 0.96395 0.07119
vt 0.96382 0.06645
vt 0.97221 0.06828
vt 0.08770 0.95504
vt 0.07059 0.95467
vt 0.07268 0.94521
vt 0.96554 0.07761
vt 0.96395 0.07119
vt 0.97221 0.06828
vt 0.97221 0.06828
vt 0.96382 0.06645
vt 0.96464 0.06081
vt 0.98083 0.31039
vt 0.98789 0.31771
vt 0.97782 0.31414
vt 0.53557 0.68410
vt 0.53514 0.69022
vt 0.52358 0.68693
vt 0.97116 0.31620
vt 0.97782 0.31414
vt 0.97657 0.32456
vt 0.98789 0.31771
vt 0.97657 0.32456
vt 0.97782 0.31414
vt 0.34111 0.85381
vt 0.35613 0.84603
vt 0.35501 0.85429
vt 0.04504 0.66199
vt 0.03772 0.63790
vt 0.05859 0.65036
vt 0.96052 0.35434
vt 0.96057 0.34598
vt 0.97507 0.34650
vt 0.96085 0.33363
vt 0.97507 0.34650
vt 0.96057 0.34598
vt 0.96085 0.33363
vt 0.97657 0.32456
vt 0.97507 0.34650
vt 0.52358 0.68693
vt 0.51445 0.67456
vt 0.52293 0.67380
vt 0.30826 0.42010
vt 0.31507 0.42025
vt 0.30608 0.43306
vt 0.29626 0.42441
vt 0.30826 0.42010
vt 0.30608 0.43306
vt 0.87806 0.28696
vt 0.88846 0.29845
vt 0.88272 0.30750
vt 0.37016 0.84138
vt 0.36902 0.83709
vt 0.37950 0.83458
vt 0.36902 0.83709
vt 0.37016 0.84138
vt 0.35613 0.84603
vt 0.37950 0.83458
vt 0.38866 0.84075
vt 0.37016 0.84138
vt 0.35073 0.86073
vt 0.35501 0.85429
vt 0.36244 0.86674
vt 0.36736 0.86330
vt 0.36244 0.86674
vt 0.35501 0.85429
vt 0.35501 0.85429
vt 0.35613 0.84603
vt 0.37016 0.84138
vt 0.37016 0.84138
vt 0.36736 0.86330
vt 0.35501 0.85429
vt 0.37557 0.85644
vt 0.37016 0.84138
vt 0.38866 0.84075
vt 0.39806 0.83566
vt 0.40978 0.84439
vt 0.40028 0.84789
vt 0.16728 0.36548
vt 0.17595 0.36104
vt 0.17319 0.36551
vt 0.37557 0.85644
vt 0.38858 0.85153
vt 0.38845 0.85855
vt 0.88731 0.35197
vt 0.88119 0.35477
vt 0.88204 0.35031
vt 0.38858 0.85153
vt 0.37557 0.85644
vt 0.38866 0.84075
vt 0.36244 0.86674
vt 0.34462 0.87366
vt 0.35073 0.86073
vt 0.35747 0.45829
vt 0.36641 0.45499
vt 0.37649 0.46072
vt 0.38845 0.85855
vt 0.38858 0.85153
vt 0.40419 0.86516
vt 0.40419 0.86516
vt 0.38858 0.85153
vt 0.40028 0.84789
vt 0.15775 0.36880
vt 0.15576 0.37467
vt 0.14545 0.37683
vt 0.90724 0.33254
vt 0.88450 0.32579
vt 0.90792 0.32069
vt 0.53907 0.42716
vt 0.54672 0.43253
vt 0.54448 0.43857
vt 0.87806 0.28696
vt 0.86547 0.28818
vt 0.87598 0.28235
vt 0.35747 0.45829
vt 0.35800 0.44686
vt 0.36641 0.45499
vt 0.52648 0.42641
vt 0.53907 0.42716
vt 0.54448 0.43857
vt 0.19283 0.23837
vt 0.20552 0.23828
vt 0.20532 0.25347
vt 0.18344 0.35257
vt 0.19077 0.35692
vt 0.18359 0.36193
vt 0.54448 0.43857
vt 0.54953 0.44077
vt 0.54039 0.44744
vt 0.54953 0.44077
vt 0.54448 0.43857
vt 0.54672 0.43253
vt 0.55585 0.43679
vt 0.54953 0.44077
vt 0.54672 0.43253
vt 0.90792 0.32069
vt 0.89495 0.31427
vt 0.90538 0.31030
vt 0.17595 0.36104
vt 0.17285 0.34689
vt 0.18344 0.35257
vt 0.19283 0.23837
vt 0.19199 0.23201
vt 0.20409 0.22899
vt 0.15775 0.36880
vt 0.14545 0.37683
vt 0.14208 0.36860
vt 0.17595 0.36104
vt 0.18344 0.35257
vt 0.18359 0.36193
vt 0.07954 0.54596
vt 0.07712 0.54843
vt 0.07771 0.53965
vt 0.17285 0.34689
vt 0.17595 0.36104
vt 0.16728 0.36548
vt 0.88090 0.35896
vt 0.87829 0.36195
vt 0.87794 0.35925
vt 0.70710 0.17054
vt 0.70405 0.17357
vt 0.70261 0.16993
vt 0.15245 0.35634
vt 0.16728 0.36548
vt 0.15775 0.36880
vt 0.16728 0.36548
vt 0.16359 0.37000
vt 0.15775 0.36880
vt 0.14545 0.37683
vt 0.13240 0.37527
vt 0.14208 0.36860
vt 0.90142 0.34654
vt 0.90724 0.33254
vt 0.90728 0.34375
vt 0.14999 0.38360
vt 0.14545 0.37683
vt 0.15576 0.37467
vt 0.90724 0.33254
vt 0.90142 0.34654
vt 0.89155 0.34959
vt 0.18507 0.26599
vt 0.18463 0.25873
vt 0.20532 0.25347
vt 0.89705 0.35023
vt 0.89155 0.34959
vt 0.90142 0.34654
vt 0.19260 0.28349
vt 0.18507 0.26599
vt 0.20290 0.27735
vt 0.18507 0.26599
vt 0.20532 0.25347
vt 0.20290 0.27735
vt 0.15775 0.36880
vt 0.14208 0.36860
vt 0.15245 0.35634
vt 0.89155 0.34959
vt 0.88731 0.35197
vt 0.88204 0.35031
vt 0.01007 0.44743
vt 0.01841 0.44708
vt 0.01464 0.45700
vt 0.14545 0.37683
vt 0.14999 0.38360
vt 0.14080 0.38687
vt 0.14545 0.37683
vt 0.12873 0.38069
vt 0.13240 0.37527
vt 0.12873 0.38069
vt 0.13149 0.38893
vt 0.12680 0.39179
vt 0.01841 0.44708
vt 0.03054 0.46179
vt 0.01464 0.45700
vt 0.12873 0.38069
vt 0.14080 0.38687
vt 0.13149 0.38893
vt 0.14545 0.37683
vt 0.14080 0.38687
vt 0.12873 0.38069
vt 0.89916 0.30479
vt 0.89495 0.31427
vt 0.88846 0.29845
vt 0.01581 0.46401
vt 0.01464 0.45700
vt 0.01880 0.46993
vt 0.03038 0.45007
vt 0.03054 0.46179
vt 0.01841 0.44708
vt 0.84238 0.31550
vt 0.86187 0.30777
vt 0.85297 0.33927
vt 0.89916 0.30479
vt 0.90538 0.31030
vt 0.89495 0.31427
vt 0.86706 0.36581
vt 0.86862 0.35295
vt 0.87498 0.36164
vt 0.88846 0.29845
vt 0.87806 0.28696
vt 0.89527 0.29632
vt 0.88204 0.35031
vt 0.86862 0.35295
vt 0.87317 0.32696
vt 0.87498 0.36164
vt 0.86862 0.35295
vt 0.87403 0.35746
vt 0.86706 0.36581
vt 0.86325 0.36756
vt 0.85370 0.36516
vt 0.86706 0.36581
vt 0.85370 0.36516
vt 0.86862 0.35295
vt 0.86862 0.35295
vt 0.88204 0.35031
vt 0.87403 0.35746
vt 0.70710 0.17054
vt 0.70805 0.17554
vt 0.70405 0.17357
vt 0.87317 0.32696
vt 0.85297 0.33927
vt 0.86187 0.30777
vt 0.87317 0.32696
vt 0.86862 0.35295
vt 0.85297 0.33927
vt 0.88824 0.37429
vt 0.88671 0.38263
vt 0.88246 0.37794
vt 0.86187 0.30777
vt 0.84064 0.30220
vt 0.85326 0.29599
vt 0.86187 0.30777
vt 0.84238 0.31550
vt 0.84064 0.30220
vt 0.23233 0.24473
vt 0.24155 0.26185
vt 0.23183 0.26579
vt 0.04456 0.45423
vt 0.03054 0.46179
vt 0.03038 0.45007
vt 0.88246 0.37794
vt 0.88671 0.38263
vt 0.88223 0.38530
vt 0.89916 0.30479
vt 0.88846 0.29845
vt 0.89527 0.29632
vt 0.07343 0.55573
vt 0.06552 0.55777
vt 0.07696 0.54856
vt 0.03038 0.45007
vt 0.04045 0.44610
vt 0.04456 0.45423
vt 0.23183 0.26579
vt 0.21870 0.24950
vt 0.23233 0.24473
vt 0.88450 0.32579
vt 0.88204 0.35031
vt 0.87317 0.32696
vt 0.88450 0.32579
vt 0.89155 0.34959
vt 0.88204 0.35031
vt 0.07771 0.53965
vt 0.07712 0.54843
vt 0.06552 0.55777
vt 0.06552 0.55777
vt 0.05884 0.55144
vt 0.07771 0.53965
vt 0.88824 0.37429
vt 0.88246 0.37794
vt 0.88054 0.37244
vt 0.90337 0.30307
vt 0.90538 0.31030
vt 0.89916 0.30479
vt 0.04045 0.44610
vt 0.04661 0.44126
vt 0.04456 0.45423
vt 0.05884 0.55144
vt 0.04884 0.52913
vt 0.06216 0.52209
vt 0.87806 0.28696
vt 0.88272 0.30750
vt 0.86187 0.30777
vt 0.86187 0.30777
vt 0.88272 0.30750
vt 0.87317 0.32696
vt 0.07771 0.53965
vt 0.05884 0.55144
vt 0.06216 0.52209
vt 0.87806 0.28696
vt 0.89941 0.28862
vt 0.89527 0.29632
vt 0.88450 0.32579
vt 0.90724 0.33254
vt 0.89155 0.34959
vt 0.23050 0.23250
vt 0.20552 0.23828
vt 0.20409 0.22899
vt 0.86547 0.28818
vt 0.86187 0.30777
vt 0.85326 0.29599
vt 0.23245 0.21672
vt 0.23050 0.23250
vt 0.21630 0.22169
vt 0.20409 0.22899
vt 0.21630 0.22169
vt 0.23050 0.23250
vt 0.21870 0.24950
vt 0.23050 0.23250
vt 0.23233 0.24473
vt 0.23183 0.26579
vt 0.21597 0.27435
vt 0.21870 0.24950
vt 0.86547 0.28818
vt 0.87806 0.28696
vt 0.86187 0.30777
vt 0.36496 0.43624
vt 0.36641 0.45499
vt 0.35800 0.44686
vt 0.23050 0.23250
vt 0.21870 0.24950
vt 0.20552 0.23828
vt 0.20552 0.23828
vt 0.21870 0.24950
vt 0.20532 0.25347
vt 0.21870 0.24950
vt 0.21597 0.27435
vt 0.20532 0.25347
vt 0.35747 0.45829
vt 0.33826 0.46529
vt 0.33522 0.44642
vt 0.19283 0.23837
vt 0.20409 0.22899
vt 0.20552 0.23828
vt 0.20532 0.25347
vt 0.21597 0.27435
vt 0.20290 0.27735
vt 0.04661 0.44126
vt 0.05530 0.43914
vt 0.04456 0.45423
vt 0.33522 0.44642
vt 0.32030 0.44123
vt 0.33294 0.43128
vt 0.25099 0.26709
vt 0.24674 0.27855
vt 0.24155 0.26185
vt 0.23307 0.27935
vt 0.24155 0.26185
vt 0.24674 0.27855
vt 0.19283 0.23837
vt 0.18547 0.24698
vt 0.18624 0.23622
vt 0.08353 0.51836
vt 0.06216 0.52209
vt 0.06693 0.50238
vt 0.24155 0.26185
vt 0.23307 0.27935
vt 0.23183 0.26579
vt 0.38131 0.44648
vt 0.38524 0.45276
vt 0.37649 0.46072
vt 0.38885 0.46520
vt 0.37649 0.46072
vt 0.38524 0.45276
vt 0.37649 0.46072
vt 0.36641 0.45499
vt 0.36496 0.43624
vt 0.38131 0.44648
vt 0.37649 0.46072
vt 0.36496 0.43624
vt 0.87598 0.28235
vt 0.87986 0.27915
vt 0.87806 0.28696
vt 0.95586 0.10467
vt 0.95099 0.10318
vt 0.95429 0.09631
vt 0.36932 0.81713
vt 0.36408 0.82727
vt 0.35632 0.82002
vt 0.37379 0.80965
vt 0.38026 0.82070
vt 0.36932 0.81713
vt 0.37903 0.79280
vt 0.39364 0.80249
vt 0.37379 0.80965
vt 0.38578 0.78568
vt 0.39199 0.79361
vt 0.37903 0.79280
vt 0.39364 0.80249
vt 0.37903 0.79280
vt 0.39199 0.79361
vt 0.23307 0.27935
vt 0.24674 0.27855
vt 0.24177 0.28645
vt 0.36496 0.43624
vt 0.37738 0.43423
vt 0.38131 0.44648
vt 0.87806 0.28696
vt 0.89734 0.27800
vt 0.89941 0.28862
vt 0.34705 0.43559
vt 0.35747 0.45829
vt 0.33522 0.44642
vt 0.24782 0.28934
vt 0.24177 0.28645
vt 0.24674 0.27855
vt 0.19199 0.23201
vt 0.19283 0.23837
vt 0.18624 0.23622
vt 0.09898 0.44237
vt 0.09414 0.44685
vt 0.08793 0.43681
vt 0.06693 0.50238
vt 0.08936 0.50241
vt 0.08353 0.51836
vt 0.11207 0.43712
vt 0.09898 0.44237
vt 0.10057 0.43284
vt 0.37903 0.79280
vt 0.37916 0.77660
vt 0.38578 0.78568
vt 0.09898 0.44237
vt 0.08793 0.43681
vt 0.10057 0.43284
vt 0.09049 0.42901
vt 0.10057 0.43284
vt 0.08793 0.43681
vt 0.08882 0.47911
vt 0.09180 0.48158
vt 0.08887 0.48647
vt 0.06693 0.50238
vt 0.05255 0.47959
vt 0.08936 0.50241
vt 0.04993 0.49938
vt 0.06693 0.50238
vt 0.06216 0.52209
vt 0.23307 0.27935
vt 0.21597 0.27435
vt 0.23183 0.26579
vt 0.22858 0.30216
vt 0.23307 0.27935
vt 0.24177 0.28645
vt 0.35800 0.44686
vt 0.35747 0.45829
vt 0.34705 0.43559
vt 0.36496 0.43624
vt 0.35800 0.44686
vt 0.34705 0.43559
vt 0.90934 0.09752
vt 0.91041 0.08624
vt 0.92081 0.09408
vt 0.88236 0.27813
vt 0.87806 0.28696
vt 0.87986 0.27915
vt 0.18547 0.24698
vt 0.19283 0.23837
vt 0.20532 0.25347
vt 0.90934 0.09752
vt 0.91063 0.10737
vt 0.90780 0.10679
vt 0.18463 0.25873
vt 0.18547 0.24698
vt 0.20532 0.25347
vt 0.84283 0.50901
vt 0.83155 0.51757
vt 0.83538 0.50178
vt 0.83538 0.50178
vt 0.83155 0.51757
vt 0.82362 0.50156
vt 0.84283 0.50901
vt 0.84556 0.52416
vt 0.83155 0.51757
vt 0.85236 0.51543
vt 0.84967 0.52008
vt 0.84283 0.50901
vt 0.84967 0.52008
vt 0.84556 0.52416
vt 0.84283 0.50901
vt 0.84134 0.53174
vt 0.83286 0.53055
vt 0.84556 0.52416
vt 0.35131 0.83316
vt 0.32682 0.81997
vt 0.35632 0.82002
vt 0.93880 0.03120
vt 0.93057 0.01575
vt 0.93579 0.01729
vt 0.93010 0.05533
vt 0.91686 0.03412
vt 0.93057 0.01575
vt 0.83155 0.51757
vt 0.82895 0.53518
vt 0.82362 0.50156
vt 0.82362 0.50156
vt 0.82895 0.53518
vt 0.81018 0.51140
vt 0.83155 0.51757
vt 0.83286 0.53055
vt 0.82895 0.53518
vt 0.91360 0.02078
vt 0.91875 0.00777
vt 0.92552 0.01214
vt 0.20346 0.63817
vt 0.21520 0.62426
vt 0.21726 0.63939
vt 0.81018 0.51140
vt 0.82895 0.53518
vt 0.80875 0.52465
vt 0.20346 0.63817
vt 0.19189 0.63244
vt 0.19374 0.62274
vt 0.82895 0.53518
vt 0.80959 0.53916
vt 0.80875 0.52465
vt 0.91360 0.02078
vt 0.92552 0.01214
vt 0.93057 0.01575
vt 0.91360 0.02078
vt 0.93057 0.01575
vt 0.91686 0.03412
vt 0.91686 0.03412
vt 0.91318 0.02451
vt 0.91360 0.02078
vt 0.91686 0.03412
vt 0.93010 0.05533
vt 0.91393 0.05207
vt 0.91382 0.02945
vt 0.91318 0.02451
vt 0.91686 0.03412
vt 0.19141 0.31765
vt 0.18951 0.31952
vt 0.18596 0.31529
vt 0.19141 0.31765
vt 0.18596 0.31529
vt 0.18487 0.31108
vt 0.18918 0.30659
vt 0.19141 0.31765
vt 0.18487 0.31108
vt 0.18918 0.30659
vt 0.18487 0.31108
vt 0.18489 0.29353
vt 0.36408 0.82727
vt 0.35131 0.83316
vt 0.35632 0.82002
vt 0.36932 0.81713
vt 0.38026 0.82070
vt 0.36408 0.82727
vt 0.94692 0.07856
vt 0.93762 0.07557
vt 0.94645 0.06176
vt 0.37379 0.80965
vt 0.39364 0.80249
vt 0.38026 0.82070
vt 0.39364 0.80249
vt 0.39481 0.81876
vt 0.38026 0.82070
vt 0.40030 0.80759
vt 0.39481 0.81876
vt 0.39364 0.80249
vt 0.08887 0.48647
vt 0.08434 0.47164
vt 0.08882 0.47911
vt 0.08936 0.50241
vt 0.05255 0.47959
vt 0.08887 0.48647
vt 0.83286 0.53055
vt 0.83155 0.51757
vt 0.84556 0.52416
vt 0.83286 0.53055
vt 0.84134 0.53174
vt 0.82895 0.53518
vt 0.84134 0.53174
vt 0.84062 0.53552
vt 0.83480 0.53737
vt 0.82698 0.54669
vt 0.80959 0.53916
vt 0.82895 0.53518
vt 0.84134 0.53174
vt 0.83480 0.53737
vt 0.82895 0.53518
vt 0.91287 0.00719
vt 0.91875 0.00777
vt 0.91072 0.01276
vt 0.82895 0.53518
vt 0.83480 0.53737
vt 0.83215 0.54186
vt 0.82698 0.54669
vt 0.82895 0.53518
vt 0.83215 0.54186
vt 0.91287 0.00719
vt 0.91072 0.01276
vt 0.90851 0.01432
vt 0.91360 0.02078
vt 0.91072 0.01276
vt 0.91875 0.00777
vt 0.91360 0.02078
vt 0.91318 0.02451
vt 0.90851 0.01432
vt 0.19141 0.31765
vt 0.19500 0.33022
vt 0.18951 0.31952
vt 0.90851 0.01432
vt 0.91072 0.01276
vt 0.91360 0.02078
vt 0.20097 0.32786
vt 0.19500 0.33022
vt 0.19141 0.31765
vt 0.93762 0.07557
vt 0.94361 0.04836
vt 0.94645 0.06176
vt 0.93762 0.07557
vt 0.93010 0.05533
vt 0.94361 0.04836
vt 0.39792 0.82449
vt 0.38026 0.82070
vt 0.39481 0.81876
vt 0.93957 0.09379
vt 0.93762 0.07557
vt 0.94692 0.07856
vt 0.08887 0.48647
vt 0.05255 0.47959
vt 0.08434 0.47164
vt 0.39792 0.82449
vt 0.39481 0.81876
vt 0.40688 0.82217
vt 0.40030 0.80759
vt 0.40688 0.82217
vt 0.39481 0.81876
vt 0.08434 0.47164
vt 0.07805 0.45691
vt 0.08406 0.45461
vt 0.05255 0.47959
vt 0.07805 0.45691
vt 0.08434 0.47164
vt 0.93501 0.10503
vt 0.92081 0.09408
vt 0.93957 0.09379
vt 0.92081 0.09408
vt 0.93762 0.07557
vt 0.93957 0.09379
vt 0.07535 0.44809
vt 0.08406 0.45461
vt 0.07805 0.45691
vt 0.93501 0.10503
vt 0.92624 0.10757
vt 0.92081 0.09408
vt 0.91900 0.07343
vt 0.93010 0.05533
vt 0.93762 0.07557
vt 0.93762 0.07557
vt 0.92081 0.09408
vt 0.91900 0.07343
vt 0.91872 0.10700
vt 0.92081 0.09408
vt 0.92624 0.10757
vt 0.88886 0.27480
vt 0.89696 0.27226
vt 0.89734 0.27800
vt 0.07805 0.45691
vt 0.05255 0.47959
vt 0.06926 0.44515
vt 0.02902 0.48989
vt 0.03054 0.46179
vt 0.05255 0.47959
vt 0.07535 0.44809
vt 0.07805 0.45691
vt 0.06926 0.44515
vt 0.05255 0.47959
vt 0.04456 0.45423
vt 0.06926 0.44515
vt 0.06926 0.44515
vt 0.04456 0.45423
vt 0.05530 0.43914
vt 0.21846 0.29075
vt 0.21597 0.27435
vt 0.23307 0.27935
vt 0.24309 0.30001
vt 0.24177 0.28645
vt 0.24782 0.28934
vt 0.04456 0.45423
vt 0.05255 0.47959
vt 0.03054 0.46179
vt 0.22858 0.30216
vt 0.24177 0.28645
vt 0.24309 0.30001
vt 0.87806 0.28696
vt 0.88886 0.27480
vt 0.89734 0.27800
vt 0.36496 0.43624
vt 0.37043 0.42236
vt 0.37738 0.43423
vt 0.02715 0.50988
vt 0.06216 0.52209
vt 0.04884 0.52913
vt 0.88246 0.37794
vt 0.87505 0.37600
vt 0.88054 0.37244
vt 0.23307 0.27935
vt 0.22858 0.30216
vt 0.21846 0.29075
vt 0.23572 0.30896
vt 0.22858 0.30216
vt 0.24309 0.30001
vt 0.37444 0.42396
vt 0.37738 0.43423
vt 0.37043 0.42236
vt 0.02715 0.50988
vt 0.04993 0.49938
vt 0.06216 0.52209
vt 0.21597 0.27435
vt 0.21846 0.29075
vt 0.20290 0.27735
vt 0.04993 0.49938
vt 0.05255 0.47959
vt 0.06693 0.50238
vt 0.21846 0.29075
vt 0.22858 0.30216
vt 0.21524 0.30448
vt 0.91063 0.10737
vt 0.92081 0.09408
vt 0.91872 0.10700
vt 0.88886 0.27480
vt 0.87806 0.28696
vt 0.88236 0.27813
vt 0.04993 0.49938
vt 0.02715 0.50988
vt 0.02902 0.48989
vt 0.36496 0.43624
vt 0.34705 0.43559
vt 0.36133 0.40581
vt 0.52808 0.71297
vt 0.53013 0.69855
vt 0.54222 0.70537
vt 0.05255 0.47959
vt 0.04993 0.49938
vt 0.02902 0.48989
vt 0.36133 0.40581
vt 0.37043 0.42236
vt 0.36496 0.43624
vt 0.12680 0.39179
vt 0.11384 0.39698
vt 0.11422 0.38700
vt 0.53013 0.69855
vt 0.53514 0.69022
vt 0.54542 0.70728
vt 0.92081 0.09408
vt 0.91063 0.10737
vt 0.90934 0.09752
vt 0.02902 0.48989
vt 0.02120 0.48351
vt 0.03054 0.46179
vt 0.02120 0.48351
vt 0.01880 0.46993
vt 0.03054 0.46179
vt 0.34705 0.43559
vt 0.34116 0.41469
vt 0.36133 0.40581
vt 0.91041 0.08624
vt 0.91104 0.07761
vt 0.91900 0.07343
vt 0.91104 0.07761
vt 0.91162 0.06776
vt 0.91900 0.07343
vt 0.18507 0.26599
vt 0.19260 0.28349
vt 0.18418 0.27747
vt 0.12680 0.39179
vt 0.11422 0.38700
vt 0.12873 0.38069
vt 0.88272 0.30750
vt 0.88450 0.32579
vt 0.87317 0.32696
vt 0.80875 0.52465
vt 0.80959 0.53916
vt 0.80287 0.53667
vt 0.01880 0.46993
vt 0.01464 0.45700
vt 0.03054 0.46179
vt 0.88272 0.30750
vt 0.89495 0.31427
vt 0.88450 0.32579
vt 0.91041 0.08624
vt 0.91900 0.07343
vt 0.92081 0.09408
vt 0.18918 0.30659
vt 0.20088 0.30896
vt 0.19141 0.31765
vt 0.18918 0.30659
vt 0.18489 0.29353
vt 0.19260 0.28349
vt 0.20088 0.30896
vt 0.18918 0.30659
vt 0.19260 0.28349
vt 0.21524 0.30448
vt 0.19260 0.28349
vt 0.21846 0.29075
vt 0.19260 0.28349
vt 0.21524 0.30448
vt 0.20088 0.30896
vt 0.19260 0.28349
vt 0.18489 0.29353
vt 0.18418 0.27747
vt 0.82698 0.54669
vt 0.81525 0.55302
vt 0.80959 0.53916
vt 0.79990 0.54181
vt 0.80287 0.53667
vt 0.80959 0.53916
vt 0.79924 0.55085
vt 0.79990 0.54181
vt 0.80959 0.53916
vt 0.37772 0.39503
vt 0.37646 0.39853
vt 0.36772 0.39764
vt 0.82203 0.55680
vt 0.81525 0.55302
vt 0.82698 0.54669
vt 0.37250 0.38791
vt 0.36772 0.39764
vt 0.36382 0.38609
vt 0.37081 0.40673
vt 0.36772 0.39764
vt 0.37646 0.39853
vt 0.35876 0.39024
vt 0.36382 0.38609
vt 0.36772 0.39764
vt 0.37250 0.38791
vt 0.37772 0.39503
vt 0.36772 0.39764
vt 0.35876 0.39024
vt 0.34706 0.39693
vt 0.35182 0.38671
vt 0.35876 0.39024
vt 0.36133 0.40581
vt 0.34706 0.39693
vt 0.37081 0.40673
vt 0.37646 0.39853
vt 0.37616 0.40351
vt 0.79924 0.55085
vt 0.80959 0.53916
vt 0.81525 0.55302
vt 0.79868 0.55543
vt 0.79924 0.55085
vt 0.81525 0.55302
vt 0.82203 0.55680
vt 0.81133 0.56199
vt 0.81525 0.55302
vt 0.36772 0.39764
vt 0.36133 0.40581
vt 0.35876 0.39024
vt 0.81957 0.56699
vt 0.81133 0.56199
vt 0.82203 0.55680
vt 0.20578 0.32617
vt 0.19141 0.31765
vt 0.21732 0.31938
vt 0.55033 0.67142
vt 0.55074 0.68927
vt 0.54262 0.68377
vt 0.37616 0.40351
vt 0.37550 0.41408
vt 0.37081 0.40673
vt 0.55033 0.67142
vt 0.55912 0.68238
vt 0.55074 0.68927
vt 0.53667 0.68520
vt 0.54262 0.68377
vt 0.53514 0.69022
vt 0.53514 0.69022
vt 0.54262 0.68377
vt 0.55074 0.68927
vt 0.20578 0.32617
vt 0.20097 0.32786
vt 0.19141 0.31765
vt 0.19141 0.31765
vt 0.20088 0.30896
vt 0.21732 0.31938
vt 0.97118 0.08501
vt 0.97668 0.08619
vt 0.97294 0.08863
vt 0.54130 0.67908
vt 0.54543 0.67546
vt 0.54262 0.68377
vt 0.54262 0.68377
vt 0.54543 0.67546
vt 0.55033 0.67142
vt 0.54262 0.68377
vt 0.53931 0.68072
vt 0.54130 0.67908
vt 0.53667 0.68520
vt 0.53931 0.68072
vt 0.54262 0.68377
vt 0.34116 0.41469
vt 0.34706 0.39693
vt 0.36133 0.40581
vt 0.55705 0.70084
vt 0.55206 0.69192
vt 0.55804 0.69500
vt 0.81525 0.55302
vt 0.79722 0.56121
vt 0.79868 0.55543
vt 0.37081 0.40673
vt 0.36133 0.40581
vt 0.36772 0.39764
vt 0.81133 0.56199
vt 0.79722 0.56121
vt 0.81525 0.55302
vt 0.55912 0.68238
vt 0.55033 0.67142
vt 0.55356 0.66764
vt 0.53557 0.68410
vt 0.52358 0.68693
vt 0.52293 0.67380
vt 0.52293 0.67380
vt 0.53343 0.67860
vt 0.53557 0.68410
vt 0.20290 0.27735
vt 0.21846 0.29075
vt 0.19260 0.28349
vt 0.37550 0.41408
vt 0.37043 0.42236
vt 0.37081 0.40673
vt 0.21732 0.31938
vt 0.20088 0.30896
vt 0.21524 0.30448
vt 0.37081 0.40673
vt 0.37043 0.42236
vt 0.36133 0.40581
vt 0.22677 0.30270
vt 0.21732 0.31938
vt 0.21524 0.30448
vt 0.37444 0.42396
vt 0.37043 0.42236
vt 0.37550 0.41408
vt 0.22677 0.30270
vt 0.22622 0.31371
vt 0.21732 0.31938
vt 0.91162 0.06776
vt 0.91393 0.05207
vt 0.93010 0.05533
vt 0.53514 0.69022
vt 0.55074 0.68927
vt 0.54542 0.70728
vt 0.91162 0.06776
vt 0.93010 0.05533
vt 0.91900 0.07343
vt 0.11207 0.43712
vt 0.11732 0.45102
vt 0.09898 0.44237
vt 0.95321 0.40016
vt 0.94384 0.40838
vt 0.94710 0.39730
vt 0.52648 0.42641
vt 0.54039 0.44744
vt 0.52667 0.44675
vt 0.19039 0.51172
vt 0.20620 0.52950
vt 0.19420 0.54160
vt 0.97791 0.03748
vt 0.97035 0.02334
vt 0.98357 0.01816
vt 0.95564 0.02752
vt 0.94969 0.02129
vt 0.95873 0.02838
vt 0.89519 0.18699
vt 0.89086 0.20311
vt 0.88610 0.18823
vt 0.91003 0.20318
vt 0.89261 0.21224
vt 0.89086 0.20311
vt 0.89086 0.20311
vt 0.89519 0.18699
vt 0.91034 0.19221
vt 0.91034 0.19221
vt 0.91003 0.20318
vt 0.89086 0.20311
vt 0.89519 0.18699
vt 0.91049 0.18085
vt 0.91034 0.19221
vt 0.35347 0.52244
vt 0.35542 0.51469
vt 0.36221 0.51148
vt 0.69125 0.65789
vt 0.67913 0.64778
vt 0.70664 0.65981
vt 0.88418 0.17484
vt 0.87836 0.15679
vt 0.88852 0.16211
vt 0.35542 0.51469
vt 0.35677 0.50557
vt 0.36221 0.51148
vt 0.89519 0.18699
vt 0.88610 0.18823
vt 0.88418 0.17484
vt 0.75352 0.57549
vt 0.76586 0.58677
vt 0.74321 0.59507
vt 0.89519 0.18699
vt 0.88418 0.17484
vt 0.88852 0.16211
vt 0.89519 0.18699
vt 0.90506 0.16215
vt 0.91049 0.18085
vt 0.89519 0.18699
vt 0.88852 0.16211
vt 0.90506 0.16215
vt 0.29779 0.51386
vt 0.29820 0.52487
vt 0.28562 0.52755
vt 0.28251 0.51319
vt 0.29779 0.51386
vt 0.28473 0.52298
vt 0.28473 0.52298
vt 0.29779 0.51386
vt 0.28562 0.52755
vt 0.35857 0.50078
vt 0.36221 0.51148
vt 0.35677 0.50557
vt 0.90506 0.16215
vt 0.91046 0.17170
vt 0.91049 0.18085
vt 0.29779 0.51386
vt 0.31023 0.52116
vt 0.29820 0.52487
vt 0.78549 0.54130
vt 0.78540 0.55447
vt 0.77227 0.53746
vt 0.36221 0.51148
vt 0.35857 0.50078
vt 0.36633 0.49801
vt 0.37195 0.51448
vt 0.36221 0.51148
vt 0.37442 0.50236
vt 0.68041 0.70626
vt 0.68407 0.69932
vt 0.68644 0.70784
vt 0.58007 0.21516
vt 0.59285 0.20957
vt 0.58967 0.22932
vt 0.68081 0.89279
vt 0.67143 0.90452
vt 0.66825 0.89442
vt 0.67143 0.90452
vt 0.65716 0.90221
vt 0.66825 0.89442
vt 0.58222 0.24529
vt 0.58967 0.22932
vt 0.60271 0.23796
vt 0.58222 0.24529
vt 0.57727 0.23379
vt 0.58967 0.22932
vt 0.58967 0.22932
vt 0.57523 0.22343
vt 0.58007 0.21516
vt 0.57727 0.23379
vt 0.57523 0.22343
vt 0.58967 0.22932
vt 0.84025 0.17082
vt 0.83954 0.15005
vt 0.84704 0.15555
vt 0.60271 0.23796
vt 0.62140 0.24535
vt 0.59504 0.25843
vt 0.88737 0.89091
vt 0.88263 0.87867
vt 0.89261 0.87693
vt 0.60271 0.23796
vt 0.58967 0.22932
vt 0.61494 0.22458
vt 0.59285 0.20957
vt 0.58007 0.21516
vt 0.58601 0.20782
vt 0.84025 0.17082
vt 0.83493 0.16197
vt 0.83954 0.15005
vt 0.62140 0.24535
vt 0.60837 0.26337
vt 0.59504 0.25843
vt 0.67143 0.90452
vt 0.67107 0.91909
vt 0.65131 0.92092
vt 0.44992 0.68202
vt 0.44566 0.69291
vt 0.43513 0.68571
vt 0.62715 0.21859
vt 0.63332 0.21700
vt 0.62760 0.22969
vt 0.65116 0.83150
vt 0.67256 0.82466
vt 0.67264 0.83432
vt 0.68358 0.91750
vt 0.67107 0.91909
vt 0.67143 0.90452
vt 0.65716 0.90221
vt 0.67143 0.90452
vt 0.65131 0.92092
vt 0.50220 0.68642
vt 0.51398 0.68773
vt 0.50863 0.69264
vt 0.65131 0.92092
vt 0.63567 0.90332
vt 0.65716 0.90221
vt 0.09788 0.75801
vt 0.10766 0.76887
vt 0.10099 0.78018
vt 0.63143 0.26069
vt 0.62140 0.24535
vt 0.63512 0.24256
vt 0.63143 0.26069
vt 0.60837 0.26337
vt 0.62140 0.24535
vt 0.45401 0.70089
vt 0.44566 0.69291
vt 0.44992 0.68202
vt 0.63474 0.23071
vt 0.62760 0.22969
vt 0.63332 0.21700
vt 0.63512 0.24256
vt 0.62760 0.22969
vt 0.63474 0.23071
vt 0.07001 0.76419
vt 0.06666 0.78043
vt 0.04907 0.77331
vt 0.61494 0.22458
vt 0.62760 0.22969
vt 0.62140 0.24535
vt 0.68517 0.82300
vt 0.68219 0.83036
vt 0.67256 0.82466
vt 0.47505 0.68122
vt 0.48877 0.67109
vt 0.49226 0.68399
vt 0.67256 0.82466
vt 0.68219 0.83036
vt 0.67264 0.83432
vt 0.50220 0.68642
vt 0.49073 0.69067
vt 0.49226 0.68399
vt 0.49073 0.69067
vt 0.47505 0.68122
vt 0.49226 0.68399
vt 0.50220 0.68642
vt 0.49226 0.68399
vt 0.50192 0.67773
vt 0.68517 0.82300
vt 0.67256 0.82466
vt 0.66550 0.80173
vt 0.49073 0.69067
vt 0.50220 0.68642
vt 0.50863 0.69264
vt 0.49073 0.69067
vt 0.49297 0.70503
vt 0.48141 0.70904
vt 0.46613 0.71685
vt 0.45401 0.70089
vt 0.48141 0.70904
vt 0.63143 0.26069
vt 0.62166 0.26802
vt 0.60837 0.26337
vt 0.48141 0.70904
vt 0.45401 0.70089
vt 0.44992 0.68202
vt 0.76818 0.41235
vt 0.74721 0.41054
vt 0.76758 0.40559
vt 0.49073 0.69067
vt 0.48141 0.70904
vt 0.47505 0.68122
vt 0.69571 0.81144
vt 0.69149 0.82106
vt 0.68517 0.82300
vt 0.68517 0.82300
vt 0.66550 0.80173
vt 0.69571 0.81144
vt 0.50863 0.69264
vt 0.51398 0.68773
vt 0.51260 0.69830
vt 0.66550 0.80173
vt 0.70061 0.78364
vt 0.69571 0.81144
vt 0.65716 0.90221
vt 0.63567 0.90332
vt 0.66825 0.89442
vt 0.64540 0.77151
vt 0.68857 0.75220
vt 0.70061 0.78364
vt 0.65131 0.92092
vt 0.63233 0.92065
vt 0.63567 0.90332
vt 0.59338 0.58345
vt 0.58375 0.57320
vt 0.58869 0.55036
vt 0.61014 0.78805
vt 0.64540 0.77151
vt 0.60658 0.79454
vt 0.59338 0.58345
vt 0.58869 0.55036
vt 0.61728 0.58814
vt 0.64540 0.77151
vt 0.61014 0.78805
vt 0.61713 0.78025
vt 0.83800 0.07005
vt 0.82504 0.07312
vt 0.82512 0.06714
vt 0.61728 0.58814
vt 0.58869 0.55036
vt 0.61252 0.56355
vt 0.81207 0.07345
vt 0.82770 0.08865
vt 0.81483 0.09282
vt 0.68857 0.75220
vt 0.71534 0.77377
vt 0.70061 0.78364
vt 0.83824 0.09627
vt 0.82770 0.08865
vt 0.84080 0.08733
vt 0.71661 0.77826
vt 0.70061 0.78364
vt 0.71534 0.77377
vt 0.84479 0.09333
vt 0.83824 0.09627
vt 0.84080 0.08733
vt 0.79538 0.10169
vt 0.80276 0.11604
vt 0.78356 0.11563
vt 0.78280 0.10385
vt 0.79538 0.10169
vt 0.78356 0.11563
vt 0.60658 0.79454
vt 0.64540 0.77151
vt 0.63125 0.80408
vt 0.61713 0.78025
vt 0.62349 0.76943
vt 0.64540 0.77151
vt 0.63014 0.56890
vt 0.61728 0.58814
vt 0.61252 0.56355
vt 0.80382 0.08262
vt 0.81207 0.07345
vt 0.81483 0.09282
vt 0.80885 0.10326
vt 0.80165 0.09201
vt 0.81483 0.09282
vt 0.80382 0.08262
vt 0.81483 0.09282
vt 0.80165 0.09201
vt 0.80165 0.09201
vt 0.79408 0.09121
vt 0.80382 0.08262
vt 0.81483 0.09282
vt 0.81333 0.11830
vt 0.80885 0.10326
vt 0.97659 0.29251
vt 0.97313 0.28704
vt 0.97596 0.28281
vt 0.82770 0.08865
vt 0.83824 0.09627
vt 0.83070 0.10833
vt 0.83070 0.10833
vt 0.81483 0.09282
vt 0.82770 0.08865
vt 0.97287 0.29834
vt 0.98473 0.29139
vt 0.98825 0.29710
vt 0.97659 0.29251
vt 0.98473 0.29139
vt 0.97287 0.29834
vt 0.83070 0.10833
vt 0.81333 0.11830
vt 0.81483 0.09282
vt 0.78280 0.10385
vt 0.78356 0.11563
vt 0.77190 0.11382
vt 0.98473 0.29139
vt 0.99228 0.29364
vt 0.98825 0.29710
vt 0.64540 0.77151
vt 0.62349 0.76943
vt 0.63705 0.75789
vt 0.80165 0.09201
vt 0.80885 0.10326
vt 0.79538 0.10169
vt 0.79538 0.10169
vt 0.80885 0.10326
vt 0.80276 0.11604
vt 0.80165 0.09201
vt 0.79538 0.10169
vt 0.79408 0.09121
vt 0.83866 0.12576
vt 0.84113 0.13575
vt 0.82788 0.12465
vt 0.80276 0.11604
vt 0.80885 0.10326
vt 0.81333 0.11830
vt 0.87581 0.77811
vt 0.86760 0.78046
vt 0.87114 0.77696
vt 0.82788 0.12465
vt 0.84113 0.13575
vt 0.82137 0.15466
vt 0.79538 0.10169
vt 0.78280 0.10385
vt 0.79408 0.09121
vt 0.69845 0.90124
vt 0.69307 0.89495
vt 0.69747 0.89809
vt 0.69845 0.90124
vt 0.68358 0.91750
vt 0.67143 0.90452
vt 0.69845 0.90124
vt 0.67143 0.90452
vt 0.69307 0.89495
vt 0.69307 0.89495
vt 0.67143 0.90452
vt 0.68081 0.89279
vt 0.68081 0.89279
vt 0.68997 0.89086
vt 0.69307 0.89495
vt 0.76245 0.13847
vt 0.75858 0.13914
vt 0.75565 0.13156
vt 0.71661 0.77826
vt 0.71534 0.77377
vt 0.72319 0.77788
vt 0.81333 0.11830
vt 0.83070 0.10833
vt 0.83357 0.11586
vt 0.83357 0.11586
vt 0.83070 0.10833
vt 0.83618 0.11025
vt 0.81333 0.11830
vt 0.83357 0.11586
vt 0.82788 0.12465
vt 0.61728 0.58814
vt 0.60668 0.59916
vt 0.59338 0.58345
vt 0.83357 0.11586
vt 0.83866 0.12576
vt 0.82788 0.12465
vt 0.69571 0.81144
vt 0.70428 0.80411
vt 0.70473 0.81360
vt 0.70625 0.80813
vt 0.70473 0.81360
vt 0.70428 0.80411
vt 0.60493 0.85523
vt 0.61380 0.85320
vt 0.61764 0.85971
vt 0.79321 0.32738
vt 0.78819 0.32508
vt 0.78900 0.31729
vt 0.86760 0.78046
vt 0.87581 0.77811
vt 0.87834 0.78475
vt 0.87834 0.78475
vt 0.87581 0.77811
vt 0.88173 0.77806
vt 0.81659 0.18246
vt 0.81317 0.17749
vt 0.82314 0.18252
vt 0.88173 0.77806
vt 0.88531 0.78722
vt 0.87834 0.78475
vt 0.87828 0.79262
vt 0.87834 0.78475
vt 0.88531 0.78722
vt 0.82345 0.17147
vt 0.81317 0.17749
vt 0.81635 0.16660
vt 0.23381 0.66430
vt 0.23746 0.67043
vt 0.23135 0.67199
vt 0.83493 0.16852
vt 0.83493 0.16197
vt 0.84025 0.17082
vt 0.23463 0.67828
vt 0.23746 0.67043
vt 0.24079 0.67190
vt 0.79321 0.32738
vt 0.79756 0.31779
vt 0.80586 0.32251
vt 0.23463 0.67828
vt 0.23135 0.67199
vt 0.23746 0.67043
vt 0.77761 0.32361
vt 0.78819 0.32508
vt 0.78067 0.33946
vt 0.79321 0.32738
vt 0.81157 0.33878
vt 0.78067 0.33946
vt 0.84025 0.17082
vt 0.84704 0.15555
vt 0.84646 0.16763
vt 0.22599 0.65938
vt 0.23381 0.66430
vt 0.23135 0.67199
vt 0.64794 0.74859
vt 0.64540 0.77151
vt 0.63705 0.75789
vt 0.76214 0.12347
vt 0.76245 0.13847
vt 0.75565 0.13156
vt 0.76393 0.14428
vt 0.76245 0.13847
vt 0.77118 0.15052
vt 0.77118 0.15052
vt 0.76245 0.13847
vt 0.78356 0.11563
vt 0.68101 0.74272
vt 0.64540 0.77151
vt 0.65868 0.73817
vt 0.64540 0.77151
vt 0.68101 0.74272
vt 0.68857 0.75220
vt 0.61156 0.87942
vt 0.60164 0.88417
vt 0.60537 0.86823
vt 0.78356 0.11563
vt 0.78190 0.15009
vt 0.77118 0.15052
vt 0.64540 0.77151
vt 0.70061 0.78364
vt 0.66550 0.80173
vt 0.70061 0.78364
vt 0.71661 0.77826
vt 0.72208 0.78581
vt 0.76214 0.12347
vt 0.77190 0.11382
vt 0.76245 0.13847
vt 0.66797 0.73302
vt 0.68101 0.74272
vt 0.65868 0.73817
vt 0.64794 0.74859
vt 0.65868 0.73817
vt 0.64540 0.77151
vt 0.71223 0.79434
vt 0.70061 0.78364
vt 0.72208 0.78581
vt 0.83493 0.16197
vt 0.82137 0.15466
vt 0.83954 0.15005
vt 0.78356 0.11563
vt 0.76245 0.13847
vt 0.77190 0.11382
vt 0.60723 0.89121
vt 0.60164 0.88417
vt 0.61156 0.87942
vt 0.82137 0.15466
vt 0.84113 0.13575
vt 0.83954 0.15005
vt 0.22599 0.65938
vt 0.23021 0.65331
vt 0.23381 0.66430
vt 0.66550 0.80173
vt 0.63220 0.82282
vt 0.63125 0.80408
vt 0.48141 0.70904
vt 0.44992 0.68202
vt 0.47505 0.68122
vt 0.47505 0.68122
vt 0.47636 0.65153
vt 0.48877 0.67109
vt 0.58222 0.24529
vt 0.60271 0.23796
vt 0.59504 0.25843
vt 0.59285 0.20957
vt 0.58601 0.20782
vt 0.59437 0.19721
vt 0.50630 0.24279
vt 0.49861 0.28290
vt 0.48942 0.25887
vt 0.49861 0.28290
vt 0.50630 0.24279
vt 0.51933 0.27308
vt 0.46498 0.22240
vt 0.47067 0.27024
vt 0.45620 0.24827
vt 0.48942 0.25887
vt 0.47067 0.27024
vt 0.46498 0.22240
vt 0.48942 0.25887
vt 0.46498 0.22240
vt 0.49117 0.22792
vt 0.54541 0.63211
vt 0.55785 0.63115
vt 0.55425 0.63884
vt 0.53783 0.20946
vt 0.54002 0.21596
vt 0.52112 0.21335
vt 0.55285 0.62155
vt 0.55785 0.63115
vt 0.54541 0.63211
vt 0.54002 0.21596
vt 0.54556 0.22420
vt 0.53255 0.22467
vt 0.49117 0.22792
vt 0.46498 0.22240
vt 0.48078 0.21156
vt 0.68244 0.51451
vt 0.66878 0.52536
vt 0.66730 0.51079
vt 0.21762 0.44296
vt 0.18746 0.42218
vt 0.22324 0.40411
vt 0.22324 0.40411
vt 0.20659 0.38604
vt 0.21746 0.39046
vt 0.52112 0.21335
vt 0.54002 0.21596
vt 0.53255 0.22467
vt 0.22324 0.40411
vt 0.21746 0.39046
vt 0.22767 0.40149
vt 0.53255 0.22467
vt 0.54240 0.24125
vt 0.52348 0.23807
vt 0.66878 0.52536
vt 0.66280 0.51589
vt 0.66730 0.51079
vt 0.51933 0.27308
vt 0.50630 0.24279
vt 0.52348 0.23807
vt 0.18746 0.42218
vt 0.21762 0.44296
vt 0.19785 0.45299
vt 0.21762 0.44296
vt 0.22324 0.40411
vt 0.23506 0.41712
vt 0.19785 0.45299
vt 0.21762 0.44296
vt 0.20709 0.46191
vt 0.49117 0.22792
vt 0.50630 0.24279
vt 0.48942 0.25887
vt 0.50642 0.22294
vt 0.50630 0.24279
vt 0.49117 0.22792
vt 0.99268 0.70127
vt 0.97795 0.69045
vt 0.98823 0.68414
vt 0.68665 0.53388
vt 0.71004 0.52960
vt 0.70466 0.53907
vt 0.69591 0.54130
vt 0.68665 0.53388
vt 0.70466 0.53907
vt 0.68665 0.53388
vt 0.66878 0.52536
vt 0.68244 0.51451
vt 0.68665 0.53388
vt 0.68244 0.51451
vt 0.69560 0.52331
vt 0.71004 0.52960
vt 0.68665 0.53388
vt 0.69560 0.52331
vt 0.20404 0.47364
vt 0.19343 0.48346
vt 0.19785 0.45299
vt 0.20709 0.46191
vt 0.20404 0.47364
vt 0.19785 0.45299
vt 0.53992 0.58295
vt 0.54475 0.58958
vt 0.52129 0.59214
vt 0.53992 0.58295
vt 0.52129 0.59214
vt 0.53169 0.57730
vt 0.23385 0.44309
vt 0.21762 0.44296
vt 0.23506 0.41712
vt 0.20709 0.46191
vt 0.21762 0.44296
vt 0.21506 0.45966
vt 0.21762 0.44296
vt 0.23385 0.44309
vt 0.22951 0.44798
vt 0.21506 0.45966
vt 0.21762 0.44296
vt 0.22744 0.45711
vt 0.23385 0.44309
vt 0.23506 0.41712
vt 0.24388 0.43302
vt 0.97740 0.70652
vt 0.97795 0.69045
vt 0.99268 0.70127
vt 0.22744 0.45711
vt 0.21762 0.44296
vt 0.22951 0.44798
vt 0.52129 0.59214
vt 0.54475 0.58958
vt 0.54889 0.60452
vt 0.23506 0.41712
vt 0.24266 0.41681
vt 0.24388 0.43302
vt 0.52548 0.62258
vt 0.54541 0.63211
vt 0.52654 0.64093
vt 0.52548 0.62258
vt 0.55285 0.62155
vt 0.54541 0.63211
vt 0.42670 0.24991
vt 0.41895 0.22515
vt 0.43309 0.22686
vt 0.44908 0.20074
vt 0.42678 0.21759
vt 0.43189 0.20836
vt 0.46498 0.22240
vt 0.42678 0.21759
vt 0.44908 0.20074
vt 0.52654 0.64093
vt 0.51447 0.65025
vt 0.50379 0.64450
vt 0.42833 0.19204
vt 0.43101 0.19750
vt 0.42437 0.19542
vt 0.51447 0.65025
vt 0.52655 0.65612
vt 0.52474 0.66174
vt 0.54541 0.63211
vt 0.55210 0.64871
vt 0.52654 0.64093
vt 0.52654 0.64093
vt 0.52655 0.65612
vt 0.51447 0.65025
vt 0.52654 0.64093
vt 0.50379 0.64450
vt 0.50446 0.62604
vt 0.44908 0.20074
vt 0.43189 0.20836
vt 0.43101 0.19750
vt 0.52655 0.65612
vt 0.54307 0.65951
vt 0.53122 0.66153
vt 0.50642 0.22294
vt 0.49117 0.22792
vt 0.49719 0.21156
vt 0.24388 0.43302
vt 0.24266 0.41681
vt 0.24705 0.42892
vt 0.55285 0.62155
vt 0.52548 0.62258
vt 0.54889 0.60452
vt 0.55785 0.63115
vt 0.56437 0.62407
vt 0.56548 0.63208
vt 0.54889 0.60452
vt 0.55477 0.60827
vt 0.55679 0.61306
vt 0.23385 0.44309
vt 0.24388 0.43302
vt 0.24033 0.44250
vt 0.53859 0.65097
vt 0.52654 0.64093
vt 0.55210 0.64871
vt 0.55285 0.62155
vt 0.56437 0.62407
vt 0.55785 0.63115
vt 0.54889 0.60452
vt 0.55679 0.61306
vt 0.55285 0.62155
vt 0.52129 0.59214
vt 0.48298 0.61492
vt 0.50257 0.57636
vt 0.52129 0.59214
vt 0.54889 0.60452
vt 0.52548 0.62258
vt 0.43309 0.22686
vt 0.42678 0.21759
vt 0.46498 0.22240
vt 0.52654 0.64093
vt 0.50446 0.62604
vt 0.52548 0.62258
vt 0.53859 0.65097
vt 0.52655 0.65612
vt 0.52654 0.64093
vt 0.48298 0.61492
vt 0.52129 0.59214
vt 0.50446 0.62604
vt 0.50446 0.62604
vt 0.52129 0.59214
vt 0.52548 0.62258
vt 0.54307 0.65951
vt 0.52655 0.65612
vt 0.53859 0.65097
vt 0.45620 0.24827
vt 0.42670 0.24991
vt 0.43309 0.22686
vt 0.43309 0.22686
vt 0.46498 0.22240
vt 0.45620 0.24827
vt 0.67737 0.01417
vt 0.64739 0.02407
vt 0.62623 0.00930
vt 0.93461 0.40940
vt 0.94384 0.40838
vt 0.94252 0.41501
vt 0.94710 0.39730
vt 0.94384 0.40838
vt 0.93908 0.39584
vt 0.93908 0.39584
vt 0.94384 0.40838
vt 0.93461 0.40940
vt 0.92995 0.40930
vt 0.91761 0.41130
vt 0.91461 0.40398
vt 0.92071 0.39178
vt 0.93908 0.39584
vt 0.92995 0.40930
vt 0.93461 0.40940
vt 0.92995 0.40930
vt 0.93908 0.39584
vt 0.91461 0.40398
vt 0.92071 0.39178
vt 0.92995 0.40930
vt 0.93187 0.38791
vt 0.93908 0.39584
vt 0.92071 0.39178
vt 0.92071 0.39178
vt 0.91911 0.37540
vt 0.93187 0.38791
vt 0.91461 0.40398
vt 0.90779 0.39513
vt 0.92071 0.39178
vt 0.91911 0.37540
vt 0.92071 0.39178
vt 0.91112 0.36843
vt 0.90218 0.38183
vt 0.92071 0.39178
vt 0.90779 0.39513
vt 0.91112 0.36843
vt 0.92071 0.39178
vt 0.90218 0.38183
vt 0.15906 0.53922
vt 0.16878 0.54821
vt 0.16174 0.54977
vt 0.11732 0.45102
vt 0.13463 0.49058
vt 0.11207 0.47223
vt 0.11732 0.45102
vt 0.13363 0.45903
vt 0.13463 0.49058
vt 0.13463 0.49058
vt 0.13363 0.45903
vt 0.14753 0.47310
vt 0.14425 0.50902
vt 0.13645 0.51693
vt 0.13463 0.49058
vt 0.16659 0.55898
vt 0.16174 0.54977
vt 0.16878 0.54821
vt 0.13463 0.49058
vt 0.13645 0.51693
vt 0.12076 0.50602
vt 0.12076 0.50602
vt 0.13645 0.51693
vt 0.12510 0.51759
vt 0.16878 0.54821
vt 0.17336 0.54698
vt 0.16659 0.55898
vt 0.46860 0.57305
vt 0.50257 0.57636
vt 0.46918 0.59674
vt 0.19785 0.45299
vt 0.19343 0.48346
vt 0.16536 0.48225
vt 0.16327 0.56228
vt 0.16174 0.54977
vt 0.16659 0.55898
vt 0.48832 0.56110
vt 0.50257 0.57636
vt 0.46860 0.57305
vt 0.16536 0.48225
vt 0.17447 0.44664
vt 0.19785 0.45299
vt 0.17715 0.56045
vt 0.16659 0.55898
vt 0.17336 0.54698
vt 0.69242 0.14618
vt 0.69814 0.15614
vt 0.69300 0.15827
vt 0.93461 0.40940
vt 0.93865 0.41647
vt 0.93671 0.41659
vt 0.91911 0.37540
vt 0.91112 0.36843
vt 0.91817 0.35789
vt 0.69814 0.15614
vt 0.69242 0.14618
vt 0.70107 0.15105
vt 0.70205 0.13976
vt 0.70518 0.14843
vt 0.70107 0.15105
vt 0.64739 0.02407
vt 0.67737 0.01417
vt 0.66533 0.02609
vt 0.17298 0.53854
vt 0.17336 0.54698
vt 0.16878 0.54821
vt 0.15906 0.53922
vt 0.17298 0.53854
vt 0.16878 0.54821
vt 0.17298 0.53854
vt 0.15906 0.53922
vt 0.16431 0.52861
vt 0.48832 0.56110
vt 0.45724 0.56052
vt 0.48994 0.52861
vt 0.45761 0.52399
vt 0.48994 0.52861
vt 0.45269 0.54921
vt 0.73180 0.01319
vt 0.71619 0.02503
vt 0.70097 0.01375
vt 0.73180 0.01319
vt 0.73184 0.02145
vt 0.71619 0.02503
vt 0.69814 0.15614
vt 0.70107 0.15105
vt 0.70389 0.15679
vt 0.70205 0.13976
vt 0.70107 0.15105
vt 0.69242 0.14618
vt 0.93139 0.41428
vt 0.92815 0.41656
vt 0.92995 0.40930
vt 0.84325 0.77574
vt 0.84512 0.76900
vt 0.85357 0.77859
vt 0.92815 0.41656
vt 0.92229 0.41617
vt 0.92995 0.40930
vt 0.11207 0.47223
vt 0.13463 0.49058
vt 0.11627 0.48647
vt 0.56294 0.90778
vt 0.55103 0.90287
vt 0.56026 0.89501
vt 0.70518 0.14843
vt 0.70389 0.15679
vt 0.70107 0.15105
vt 0.92995 0.40930
vt 0.92229 0.41617
vt 0.91761 0.41130
vt 0.84928 0.79426
vt 0.84325 0.77574
vt 0.85357 0.77859
vt 0.50257 0.57636
vt 0.48832 0.56110
vt 0.51648 0.56168
vt 0.52455 0.56602
vt 0.53169 0.57730
vt 0.52129 0.59214
vt 0.91112 0.36843
vt 0.90807 0.35822
vt 0.91817 0.35789
vt 0.14425 0.50902
vt 0.14753 0.47310
vt 0.16536 0.48225
vt 0.89916 0.37180
vt 0.91112 0.36843
vt 0.90218 0.38183
vt 0.52455 0.56602
vt 0.50257 0.57636
vt 0.51648 0.56168
vt 0.17298 0.53854
vt 0.16431 0.52861
vt 0.17417 0.52878
vt 0.50257 0.57636
vt 0.52455 0.56602
vt 0.52129 0.59214
vt 0.85772 0.79416
vt 0.85200 0.80789
vt 0.84928 0.79426
vt 0.11464 0.89457
vt 0.11234 0.88486
vt 0.12277 0.89279
vt 0.47007 0.51773
vt 0.48994 0.52861
vt 0.45761 0.52399
vt 0.48608 0.51081
vt 0.48994 0.52861
vt 0.47007 0.51773
vt 0.48608 0.51081
vt 0.47007 0.51773
vt 0.47732 0.51046
vt 0.10531 0.89202
vt 0.10688 0.88299
vt 0.11234 0.88486
vt 0.10688 0.88299
vt 0.10531 0.89202
vt 0.10134 0.88528
vt 0.11234 0.88486
vt 0.10894 0.88008
vt 0.11832 0.87622
vt 0.51648 0.56168
vt 0.48832 0.56110
vt 0.51200 0.55087
vt 0.48608 0.51081
vt 0.47732 0.51046
vt 0.48570 0.50610
vt 0.18776 0.49289
vt 0.16536 0.48225
vt 0.19343 0.48346
vt 0.16536 0.48225
vt 0.18776 0.49289
vt 0.18035 0.49956
vt 0.49162 0.51650
vt 0.48994 0.52861
vt 0.48608 0.51081
vt 0.14734 0.52614
vt 0.14670 0.52364
vt 0.15238 0.52269
vt 0.14670 0.52364
vt 0.14384 0.52944
vt 0.13645 0.51693
vt 0.14425 0.50902
vt 0.15238 0.52269
vt 0.14670 0.52364
vt 0.14734 0.52614
vt 0.14384 0.52944
vt 0.14670 0.52364
vt 0.14384 0.52944
vt 0.13126 0.52660
vt 0.13645 0.51693
vt 0.14425 0.50902
vt 0.16447 0.51312
vt 0.15238 0.52269
vt 0.16447 0.51312
vt 0.16536 0.48225
vt 0.18035 0.49956
vt 0.16536 0.48225
vt 0.16447 0.51312
vt 0.14425 0.50902
vt 0.14425 0.50902
vt 0.14670 0.52364
vt 0.13645 0.51693
vt 0.13126 0.52660
vt 0.12510 0.51759
vt 0.13645 0.51693
vt 0.51200 0.55087
vt 0.48832 0.56110
vt 0.48994 0.52861
vt 0.89916 0.37180
vt 0.90430 0.36549
vt 0.91112 0.36843
vt 0.12420 0.88316
vt 0.13308 0.88566
vt 0.12277 0.89279
vt 0.11464 0.89457
vt 0.10531 0.89202
vt 0.11234 0.88486
vt 0.14753 0.47310
vt 0.17447 0.44664
vt 0.16536 0.48225
vt 0.12277 0.89279
vt 0.11234 0.88486
vt 0.12420 0.88316
vt 0.12277 0.89279
vt 0.13308 0.88566
vt 0.14148 0.89177
vt 0.17822 0.56756
vt 0.18000 0.57525
vt 0.16496 0.56917
vt 0.16592 0.58201
vt 0.16496 0.56917
vt 0.16919 0.57660
vt 0.16659 0.55898
vt 0.17715 0.56045
vt 0.17822 0.56756
vt 0.18000 0.57525
vt 0.16919 0.57660
vt 0.16496 0.56917
vt 0.11931 0.49943
vt 0.11627 0.48647
vt 0.13463 0.49058
vt 0.13463 0.49058
vt 0.14753 0.47310
vt 0.14425 0.50902
vt 0.14192 0.87434
vt 0.12960 0.87210
vt 0.14671 0.86394
vt 0.45761 0.52399
vt 0.46046 0.51694
vt 0.47007 0.51773
vt 0.17822 0.56756
vt 0.16496 0.56917
vt 0.16659 0.55898
vt 0.11931 0.49943
vt 0.13463 0.49058
vt 0.12076 0.50602
vt 0.16496 0.56917
vt 0.16371 0.56308
vt 0.16659 0.55898
vt 0.11832 0.87622
vt 0.12726 0.86349
vt 0.12960 0.87210
vt 0.14148 0.89177
vt 0.13308 0.88566
vt 0.14192 0.87434
vt 0.11832 0.87622
vt 0.11979 0.87039
vt 0.12726 0.86349
vt 0.12420 0.88316
vt 0.12960 0.87210
vt 0.13308 0.88566
vt 0.12960 0.87210
vt 0.14192 0.87434
vt 0.13308 0.88566
vt 0.11234 0.88486
vt 0.11832 0.87622
vt 0.12420 0.88316
vt 0.12960 0.87210
vt 0.12420 0.88316
vt 0.11832 0.87622
vt 0.93461 0.40940
vt 0.94252 0.41501
vt 0.93865 0.41647
vt 0.59576 0.49977
vt 0.58613 0.49336
vt 0.59432 0.48381
vt 0.57322 0.53053
vt 0.58923 0.52379
vt 0.58869 0.55036
vt 0.61191 0.49163
vt 0.60242 0.50377
vt 0.59432 0.48381
vt 0.14759 0.00753
vt 0.15356 0.00577
vt 0.15961 0.01230
vt 0.59432 0.48381
vt 0.58613 0.49336
vt 0.57863 0.48368
vt 0.29998 0.94436
vt 0.30236 0.95494
vt 0.29517 0.95466
vt 0.78163 0.96342
vt 0.76987 0.95215
vt 0.78653 0.94748
vt 0.15961 0.00478
vt 0.15961 0.01230
vt 0.15356 0.00577
vt 0.14477 0.03232
vt 0.14759 0.00753
vt 0.15961 0.01230
vt 0.15635 0.03308
vt 0.14477 0.03232
vt 0.15961 0.01230
vt 0.16290 0.02652
vt 0.15961 0.01230
vt 0.16811 0.02178
vt 0.60242 0.50377
vt 0.59576 0.49977
vt 0.59432 0.48381
vt 0.14568 0.05907
vt 0.14102 0.06209
vt 0.14056 0.05420
vt 0.24764 0.78545
vt 0.23840 0.78256
vt 0.24586 0.77804
vt 0.14109 0.04857
vt 0.14717 0.04708
vt 0.14056 0.05420
vt 0.58923 0.52379
vt 0.57322 0.53053
vt 0.56845 0.50383
vt 0.59576 0.49977
vt 0.60242 0.50377
vt 0.58923 0.52379
vt 0.46857 0.83248
vt 0.47608 0.83246
vt 0.47404 0.83664
vt 0.75973 0.10295
vt 0.76262 0.09757
vt 0.76906 0.09759
vt 0.78110 0.07768
vt 0.78365 0.07241
vt 0.78494 0.07856
vt 0.50667 0.83826
vt 0.51498 0.84545
vt 0.49960 0.84413
vt 0.49858 0.82406
vt 0.50699 0.82353
vt 0.49135 0.83628
vt 0.81962 0.03744
vt 0.82796 0.04335
vt 0.82240 0.04247
vt 0.50699 0.82353
vt 0.50667 0.83826
vt 0.49135 0.83628
vt 0.50699 0.82353
vt 0.51503 0.82248
vt 0.50667 0.83826
vt 0.81136 0.01728
vt 0.81511 0.01569
vt 0.80934 0.02733
vt 0.82506 0.01119
vt 0.84176 0.02042
vt 0.81511 0.01569
vt 0.81511 0.01569
vt 0.84176 0.02042
vt 0.81962 0.03744
vt 0.46447 0.84650
vt 0.45857 0.83573
vt 0.46421 0.83557
vt 0.81962 0.03744
vt 0.81409 0.03238
vt 0.81511 0.01569
vt 0.81511 0.01569
vt 0.81409 0.03238
vt 0.80934 0.02733
vt 0.47404 0.83664
vt 0.47051 0.85671
vt 0.46447 0.84650
vt 0.47846 0.85633
vt 0.47051 0.85671
vt 0.48212 0.84965
vt 0.90759 0.78517
vt 0.92628 0.77563
vt 0.91845 0.79308
vt 0.46421 0.83557
vt 0.46857 0.83248
vt 0.47404 0.83664
vt 0.46421 0.83557
vt 0.47404 0.83664
vt 0.46447 0.84650
vt 0.45967 0.85229
vt 0.46447 0.84650
vt 0.47051 0.85671
vt 0.55103 0.90287
vt 0.55283 0.89550
vt 0.55434 0.89612
vt 0.55103 0.90287
vt 0.55434 0.89612
vt 0.56026 0.89501
vt 0.43554 0.81953
vt 0.42479 0.80766
vt 0.43619 0.80655
vt 0.78110 0.07768
vt 0.78494 0.07856
vt 0.77401 0.08737
vt 0.45085 0.84263
vt 0.46447 0.84650
vt 0.45967 0.85229
vt 0.45857 0.83573
vt 0.45085 0.84263
vt 0.45023 0.83609
vt 0.43619 0.80655
vt 0.44334 0.81314
vt 0.43554 0.81953
vt 0.45857 0.83573
vt 0.46447 0.84650
vt 0.45085 0.84263
vt 0.49135 0.83628
vt 0.47404 0.83664
vt 0.47608 0.83246
vt 0.47846 0.85633
vt 0.47279 0.85870
vt 0.47051 0.85671
vt 0.77134 0.82998
vt 0.78853 0.83259
vt 0.77759 0.83785
vt 0.77759 0.83785
vt 0.76903 0.83880
vt 0.77134 0.82998
vt 0.78853 0.83259
vt 0.79696 0.81809
vt 0.80885 0.82637
vt 0.77551 0.84583
vt 0.76903 0.83880
vt 0.77759 0.83785
vt 0.43548 0.81946
vt 0.44334 0.81314
vt 0.44233 0.82223
vt 0.42587 0.82619
vt 0.43554 0.81953
vt 0.43196 0.82809
vt 0.47051 0.85671
vt 0.46179 0.85862
vt 0.45967 0.85229
vt 0.77759 0.83785
vt 0.79508 0.83930
vt 0.79109 0.84948
vt 0.77759 0.83785
vt 0.78853 0.83259
vt 0.79508 0.83930
vt 0.96180 0.53416
vt 0.96028 0.55222
vt 0.94118 0.54219
vt 0.79508 0.83930
vt 0.78853 0.83259
vt 0.80885 0.82637
vt 0.79508 0.83930
vt 0.80885 0.82637
vt 0.81693 0.84433
vt 0.80885 0.82637
vt 0.79696 0.81809
vt 0.82079 0.80747
vt 0.75005 0.10393
vt 0.76262 0.09757
vt 0.75973 0.10295
vt 0.54727 0.91992
vt 0.56431 0.92411
vt 0.56012 0.93025
vt 0.56945 0.92548
vt 0.56012 0.93025
vt 0.56431 0.92411
vt 0.54727 0.91992
vt 0.56294 0.90778
vt 0.55855 0.91528
vt 0.56527 0.94110
vt 0.56012 0.93025
vt 0.57045 0.93838
vt 0.41704 0.81062
vt 0.41379 0.80382
vt 0.42479 0.80766
vt 0.56431 0.92411
vt 0.54727 0.91992
vt 0.55855 0.91528
vt 0.82542 0.04627
vt 0.82240 0.04247
vt 0.82796 0.04335
vt 0.81693 0.84433
vt 0.81350 0.85638
vt 0.80420 0.85350
vt 0.82542 0.04627
vt 0.82796 0.04335
vt 0.83072 0.04982
vt 0.52020 0.84761
vt 0.51498 0.84545
vt 0.53129 0.83762
vt 0.76262 0.09757
vt 0.75005 0.10393
vt 0.73699 0.08689
vt 0.42479 0.80766
vt 0.43216 0.80274
vt 0.43619 0.80655
vt 0.56012 0.93025
vt 0.57629 0.93050
vt 0.57614 0.93603
vt 0.56012 0.93025
vt 0.56945 0.92548
vt 0.57629 0.93050
vt 0.57081 0.89720
vt 0.57261 0.90762
vt 0.56026 0.89501
vt 0.57756 0.90419
vt 0.57777 0.90947
vt 0.57261 0.90762
vt 0.57756 0.90419
vt 0.57261 0.90762
vt 0.57081 0.89720
vt 0.57045 0.93838
vt 0.56012 0.93025
vt 0.57614 0.93603
vt 0.42587 0.82619
vt 0.42479 0.80766
vt 0.43554 0.81953
vt 0.56294 0.90778
vt 0.56026 0.89501
vt 0.57261 0.90762
vt 0.57878 0.91949
vt 0.57629 0.93050
vt 0.56970 0.92550
vt 0.79109 0.84948
vt 0.77551 0.84583
vt 0.77759 0.83785
vt 0.42587 0.82619
vt 0.41816 0.81777
vt 0.42479 0.80766
vt 0.57629 0.93050
vt 0.57878 0.91949
vt 0.58589 0.93362
vt 0.96028 0.55222
vt 0.93569 0.57213
vt 0.94118 0.54219
vt 0.79508 0.83930
vt 0.80420 0.85350
vt 0.79109 0.84948
vt 0.96934 0.54136
vt 0.96028 0.55222
vt 0.96180 0.53416
vt 0.57878 0.91949
vt 0.58999 0.92058
vt 0.58589 0.93362
vt 0.58999 0.92058
vt 0.57878 0.91949
vt 0.57964 0.91318
vt 0.41704 0.81062
vt 0.42479 0.80766
vt 0.41816 0.81777
vt 0.95670 0.57216
vt 0.93569 0.57213
vt 0.96028 0.55222
vt 0.80420 0.85350
vt 0.79508 0.83930
vt 0.81693 0.84433
vt 0.96028 0.55222
vt 0.97482 0.56732
vt 0.95670 0.57216
vt 0.95670 0.57216
vt 0.96735 0.57705
vt 0.95605 0.58661
vt 0.51498 0.84545
vt 0.50667 0.83826
vt 0.51503 0.82248
vt 0.83064 0.82124
vt 0.81693 0.84433
vt 0.80885 0.82637
vt 0.49135 0.83628
vt 0.47608 0.83246
vt 0.48212 0.82874
vt 0.51413 0.20075
vt 0.51246 0.19559
vt 0.51685 0.19569
vt 0.13005 0.80018
vt 0.12831 0.80219
vt 0.12139 0.80076
vt 0.89991 0.77943
vt 0.90921 0.76766
vt 0.90759 0.78517
vt 0.13196 0.79367
vt 0.13005 0.80018
vt 0.12139 0.80076
vt 0.58589 0.93362
vt 0.57742 0.93457
vt 0.57629 0.93050
vt 0.73699 0.08689
vt 0.75005 0.10393
vt 0.73798 0.10837
vt 0.82796 0.04335
vt 0.81962 0.03744
vt 0.84176 0.02042
vt 0.52020 0.84761
vt 0.53129 0.83762
vt 0.52912 0.84648
vt 0.84283 0.83163
vt 0.81693 0.84433
vt 0.83064 0.82124
vt 0.51498 0.84545
vt 0.51503 0.82248
vt 0.53129 0.83762
vt 0.12139 0.80076
vt 0.11697 0.80911
vt 0.11093 0.79724
vt 0.87754 0.07040
vt 0.86337 0.07720
vt 0.85175 0.05522
vt 0.86337 0.07720
vt 0.85086 0.06958
vt 0.85175 0.05522
vt 0.86337 0.07720
vt 0.85339 0.07330
vt 0.85086 0.06958
vt 0.86337 0.07720
vt 0.86156 0.08188
vt 0.85339 0.07330
vt 0.80885 0.82637
vt 0.82079 0.80747
vt 0.83064 0.82124
vt 0.53129 0.83762
vt 0.51503 0.82248
vt 0.52633 0.82055
vt 0.84176 0.02042
vt 0.84234 0.03180
vt 0.82796 0.04335
vt 0.32350 0.30664
vt 0.31524 0.27980
vt 0.33361 0.29493
vt 0.83072 0.04982
vt 0.82796 0.04335
vt 0.84234 0.03180
vt 0.49960 0.84413
vt 0.49489 0.84786
vt 0.49135 0.83628
vt 0.49135 0.83628
vt 0.49489 0.84786
vt 0.48212 0.84965
vt 0.85175 0.05522
vt 0.83072 0.04982
vt 0.84234 0.03180
vt 0.49970 0.84695
vt 0.49489 0.84786
vt 0.49960 0.84413
vt 0.86311 0.04404
vt 0.87754 0.07040
vt 0.85175 0.05522
vt 0.78702 0.69328
vt 0.79239 0.69445
vt 0.77951 0.69830
vt 0.49149 0.82323
vt 0.48212 0.82874
vt 0.48202 0.82217
vt 0.88229 0.04875
vt 0.87754 0.07040
vt 0.86311 0.04404
vt 0.73798 0.10837
vt 0.75005 0.10393
vt 0.74625 0.10965
vt 0.26245 0.92271
vt 0.25884 0.92159
vt 0.26536 0.91917
vt 0.79693 0.94041
vt 0.78240 0.92728
vt 0.79629 0.92569
vt 0.31397 0.97101
vt 0.32260 0.96790
vt 0.31545 0.97462
vt 0.79629 0.92569
vt 0.78240 0.92728
vt 0.78763 0.92356
vt 0.39085 0.88966
vt 0.38182 0.89488
vt 0.37934 0.88393
vt 0.10205 0.80303
vt 0.11021 0.80500
vt 0.10537 0.80904
vt 0.11093 0.79724
vt 0.11021 0.80500
vt 0.10205 0.80303
vt 0.77951 0.69830
vt 0.79558 0.70105
vt 0.79290 0.71021
vt 0.31789 0.90756
vt 0.32062 0.91707
vt 0.31003 0.91868
vt 0.84176 0.02042
vt 0.82506 0.01119
vt 0.84066 0.00767
vt 0.31789 0.90756
vt 0.31003 0.91868
vt 0.30972 0.90559
vt 0.26866 0.27789
vt 0.29068 0.26379
vt 0.30310 0.27257
vt 0.97706 0.23004
vt 0.96969 0.23068
vt 0.96782 0.22091
vt 0.31117 0.94954
vt 0.31653 0.94186
vt 0.32128 0.94840
vt 0.84066 0.00767
vt 0.85075 0.01252
vt 0.84176 0.02042
vt 0.86311 0.04404
vt 0.85175 0.05522
vt 0.84234 0.03180
vt 0.31003 0.91868
vt 0.32130 0.92654
vt 0.32044 0.93207
vt 0.11445 0.78626
vt 0.11881 0.77798
vt 0.11996 0.78618
vt 0.86311 0.04404
vt 0.84234 0.03180
vt 0.85729 0.01995
vt 0.11093 0.79724
vt 0.11445 0.78626
vt 0.12139 0.80076
vt 0.11445 0.78626
vt 0.11093 0.79724
vt 0.11092 0.78976
vt 0.12139 0.80076
vt 0.11445 0.78626
vt 0.11996 0.78618
vt 0.13609 0.78543
vt 0.13196 0.79367
vt 0.11996 0.78618
vt 0.34100 0.96799
vt 0.33802 0.97419
vt 0.33988 0.96711
vt 0.31653 0.94186
vt 0.29779 0.92175
vt 0.31003 0.91868
vt 0.32979 0.96805
vt 0.33882 0.95913
vt 0.33988 0.96711
vt 0.13503 0.77731
vt 0.13609 0.78543
vt 0.11881 0.77798
vt 0.33988 0.96711
vt 0.33802 0.97419
vt 0.32979 0.96805
vt 0.37429 0.96054
vt 0.37701 0.94839
vt 0.37923 0.96576
vt 0.37701 0.94839
vt 0.39087 0.95984
vt 0.37923 0.96576
vt 0.12139 0.80076
vt 0.11996 0.78618
vt 0.13196 0.79367
vt 0.11881 0.77798
vt 0.13609 0.78543
vt 0.11996 0.78618
vt 0.84176 0.02042
vt 0.85075 0.01252
vt 0.85729 0.01995
vt 0.13778 0.76907
vt 0.13846 0.77802
vt 0.13503 0.77731
vt 0.29998 0.94436
vt 0.31653 0.94186
vt 0.31117 0.94954
vt 0.32979 0.96805
vt 0.33032 0.95961
vt 0.33882 0.95913
vt 0.37078 0.96356
vt 0.35807 0.97119
vt 0.35767 0.96126
vt 0.79239 0.69445
vt 0.78702 0.69328
vt 0.79025 0.69319
vt 0.95128 0.22645
vt 0.95835 0.21698
vt 0.96969 0.23068
vt 0.37078 0.96356
vt 0.37351 0.97442
vt 0.35807 0.97119
vt 0.32898 0.97858
vt 0.32549 0.97404
vt 0.33802 0.97419
vt 0.39087 0.95984
vt 0.37701 0.94839
vt 0.38719 0.94795
vt 0.96028 0.55222
vt 0.96934 0.54136
vt 0.97471 0.54895
vt 0.37923 0.96576
vt 0.38626 0.97730
vt 0.37351 0.97442
vt 0.32979 0.96805
vt 0.32506 0.96466
vt 0.33032 0.95961
vt 0.32549 0.97404
vt 0.31545 0.97462
vt 0.32260 0.96790
vt 0.35227 0.96459
vt 0.35767 0.96126
vt 0.35807 0.97119
vt 0.67010 0.44314
vt 0.66204 0.45225
vt 0.66681 0.43763
vt 0.29998 0.94436
vt 0.29779 0.92175
vt 0.31653 0.94186
vt 0.35807 0.97119
vt 0.37351 0.97442
vt 0.36471 0.98439
vt 0.92628 0.77563
vt 0.90921 0.76766
vt 0.93078 0.76271
vt 0.29998 0.94436
vt 0.31117 0.94954
vt 0.30236 0.95494
vt 0.84176 0.02042
vt 0.85729 0.01995
vt 0.84234 0.03180
vt 0.38000 0.98518
vt 0.37351 0.97442
vt 0.38626 0.97730
vt 0.38000 0.98518
vt 0.36974 0.98850
vt 0.37351 0.97442
vt 0.32979 0.96805
vt 0.32260 0.96790
vt 0.32506 0.96466
vt 0.30152 0.90786
vt 0.30972 0.90559
vt 0.31003 0.91868
vt 0.32549 0.97404
vt 0.31838 0.97711
vt 0.31545 0.97462
vt 0.32979 0.96805
vt 0.32549 0.97404
vt 0.32260 0.96790
vt 0.35204 0.97220
vt 0.35227 0.96459
vt 0.35807 0.97119
vt 0.40689 0.89220
vt 0.41125 0.90258
vt 0.40381 0.89447
vt 0.32549 0.97404
vt 0.32979 0.96805
vt 0.33802 0.97419
vt 0.32549 0.97404
vt 0.32080 0.98109
vt 0.31838 0.97711
vt 0.79271 0.92438
vt 0.79629 0.92569
vt 0.78763 0.92356
vt 0.36974 0.98850
vt 0.36471 0.98439
vt 0.37351 0.97442
vt 0.35830 0.98277
vt 0.35204 0.97220
vt 0.35807 0.97119
vt 0.85885 0.01395
vt 0.85729 0.01995
vt 0.85075 0.01252
vt 0.36471 0.98439
vt 0.35830 0.98277
vt 0.35807 0.97119
vt 0.37637 0.99207
vt 0.36974 0.98850
vt 0.38000 0.98518
vt 0.80161 0.94607
vt 0.81376 0.94831
vt 0.80485 0.95643
vt 0.79693 0.94041
vt 0.79629 0.92569
vt 0.79899 0.92959
vt 0.35830 0.98277
vt 0.36471 0.98439
vt 0.36017 0.98817
vt 0.37637 0.99207
vt 0.38000 0.98518
vt 0.38528 0.99063
vt 0.78653 0.94748
vt 0.79693 0.94041
vt 0.80161 0.94607
vt 0.80485 0.95643
vt 0.78653 0.94748
vt 0.80161 0.94607
vt 0.36929 0.98868
vt 0.36017 0.98817
vt 0.36471 0.98439
vt 0.31003 0.91868
vt 0.29779 0.92175
vt 0.30152 0.90786
vt 0.28236 0.93606
vt 0.29998 0.94436
vt 0.28747 0.95203
vt 0.78163 0.96342
vt 0.78653 0.94748
vt 0.80485 0.95643
vt 0.53273 0.93227
vt 0.52046 0.92589
vt 0.52317 0.91953
vt 0.31003 0.91868
vt 0.32062 0.91707
vt 0.32130 0.92654
vt 0.11881 0.77798
vt 0.12051 0.76822
vt 0.13137 0.77204
vt 0.11881 0.77798
vt 0.13137 0.77204
vt 0.13503 0.77731
vt 0.53273 0.93227
vt 0.52317 0.91953
vt 0.52620 0.91739
vt 0.52620 0.91739
vt 0.53867 0.91061
vt 0.53273 0.93227
vt 0.54727 0.91992
vt 0.53273 0.93227
vt 0.53867 0.91061
vt 0.52046 0.92589
vt 0.53273 0.93227
vt 0.52031 0.93681
vt 0.54783 0.90478
vt 0.54727 0.91992
vt 0.53867 0.91061
vt 0.53273 0.93227
vt 0.52635 0.93887
vt 0.52031 0.93681
vt 0.13503 0.77731
vt 0.13137 0.77204
vt 0.13778 0.76907
vt 0.39826 0.97193
vt 0.38626 0.97730
vt 0.39555 0.96524
vt 0.38626 0.97730
vt 0.37923 0.96576
vt 0.39555 0.96524
vt 0.39555 0.96524
vt 0.37923 0.96576
vt 0.39087 0.95984
vt 0.39410 0.98521
vt 0.38626 0.97730
vt 0.39826 0.97193
vt 0.53273 0.93227
vt 0.53567 0.94289
vt 0.52635 0.93887
vt 0.54104 0.94752
vt 0.55416 0.94485
vt 0.54869 0.94964
vt 0.30152 0.90786
vt 0.29779 0.92175
vt 0.29477 0.91231
vt 0.38626 0.97730
vt 0.39410 0.98521
vt 0.38000 0.98518
vt 0.54783 0.90478
vt 0.55103 0.90287
vt 0.54727 0.91992
vt 0.56012 0.93025
vt 0.56527 0.94110
vt 0.56043 0.94519
vt 0.53567 0.94289
vt 0.54104 0.94752
vt 0.53615 0.95073
vt 0.85885 0.01395
vt 0.86579 0.01313
vt 0.85729 0.01995
vt 0.31524 0.27980
vt 0.32350 0.30664
vt 0.30717 0.28367
vt 0.53567 0.94289
vt 0.53273 0.93227
vt 0.54104 0.94752
vt 0.29779 0.92175
vt 0.29998 0.94436
vt 0.28236 0.93606
vt 0.54104 0.94752
vt 0.54869 0.94964
vt 0.54340 0.95111
vt 0.51465 0.98969
vt 0.51971 0.98589
vt 0.51871 0.99004
vt 0.39410 0.98521
vt 0.40098 0.98463
vt 0.40208 0.98865
vt 0.39410 0.98521
vt 0.39910 0.99071
vt 0.39456 0.99154
vt 0.55416 0.94485
vt 0.54104 0.94752
vt 0.53273 0.93227
vt 0.55416 0.94485
vt 0.53273 0.93227
vt 0.56012 0.93025
vt 0.54340 0.95111
vt 0.54869 0.94964
vt 0.54599 0.95265
vt 0.56012 0.93025
vt 0.56043 0.94519
vt 0.55416 0.94485
vt 0.28236 0.93606
vt 0.28747 0.95203
vt 0.28218 0.95089
vt 0.56012 0.93025
vt 0.53273 0.93227
vt 0.54727 0.91992
vt 0.55564 0.94920
vt 0.55416 0.94485
vt 0.56043 0.94519
vt 0.28226 0.92589
vt 0.29779 0.92175
vt 0.28236 0.93606
vt 0.55103 0.90287
vt 0.56294 0.90778
vt 0.54727 0.91992
vt 0.51152 0.98152
vt 0.51971 0.98589
vt 0.51465 0.98969
vt 0.39910 0.99071
vt 0.39410 0.98521
vt 0.40208 0.98865
vt 0.82429 0.94913
vt 0.81941 0.94156
vt 0.82710 0.94374
vt 0.55416 0.94485
vt 0.55564 0.94920
vt 0.54869 0.94964
vt 0.81315 0.95885
vt 0.81376 0.94831
vt 0.82429 0.94913
vt 0.39456 0.99154
vt 0.38528 0.99063
vt 0.39410 0.98521
vt 0.38528 0.99063
vt 0.38000 0.98518
vt 0.39410 0.98521
vt 0.50738 0.97175
vt 0.51848 0.96426
vt 0.52866 0.97198
vt 0.51152 0.98152
vt 0.50738 0.97175
vt 0.52866 0.97198
vt 0.51971 0.98589
vt 0.51152 0.98152
vt 0.52866 0.97198
vt 0.50698 0.97944
vt 0.50738 0.97175
vt 0.51152 0.98152
vt 0.80485 0.95643
vt 0.81376 0.94831
vt 0.81315 0.95885
vt 0.81941 0.94156
vt 0.82429 0.94913
vt 0.81376 0.94831
vt 0.52866 0.97198
vt 0.52989 0.97532
vt 0.51971 0.98589
vt 0.50738 0.97175
vt 0.49974 0.96048
vt 0.51848 0.96426
vt 0.50058 0.97838
vt 0.50738 0.97175
vt 0.50698 0.97944
vt 0.53269 0.96288
vt 0.52866 0.97198
vt 0.51848 0.96426
vt 0.80485 0.95643
vt 0.81315 0.95885
vt 0.80575 0.96518
vt 0.52166 0.95303
vt 0.53269 0.96288
vt 0.51848 0.96426
vt 0.87144 0.02154
vt 0.86311 0.04404
vt 0.85729 0.01995
vt 0.87144 0.02154
vt 0.85729 0.01995
vt 0.86579 0.01313
vt 0.37923 0.96576
vt 0.37351 0.97442
vt 0.37078 0.96356
vt 0.87742 0.03035
vt 0.86311 0.04404
vt 0.87144 0.02154
vt 0.80575 0.96518
vt 0.79634 0.96989
vt 0.80485 0.95643
vt 0.88229 0.04875
vt 0.86311 0.04404
vt 0.88363 0.03942
vt 0.88928 0.01247
vt 0.89057 0.01856
vt 0.87144 0.02154
vt 0.29040 0.91772
vt 0.27287 0.91673
vt 0.28643 0.91392
vt 0.27287 0.91673
vt 0.29040 0.91772
vt 0.28226 0.92589
vt 0.09642 0.81058
vt 0.10205 0.80303
vt 0.10537 0.80904
vt 0.87742 0.03035
vt 0.88363 0.03942
vt 0.86311 0.04404
vt 0.86579 0.01313
vt 0.87365 0.01299
vt 0.87144 0.02154
vt 0.27519 0.94576
vt 0.28236 0.93606
vt 0.28218 0.95089
vt 0.28236 0.93606
vt 0.27519 0.94576
vt 0.27208 0.93881
vt 0.28236 0.93606
vt 0.26774 0.93140
vt 0.28226 0.92589
vt 0.28236 0.93606
vt 0.27208 0.93881
vt 0.26774 0.93140
vt 0.53269 0.96288
vt 0.53740 0.97171
vt 0.52866 0.97198
vt 0.49535 0.97458
vt 0.50738 0.97175
vt 0.50058 0.97838
vt 0.27287 0.91673
vt 0.28226 0.92589
vt 0.26536 0.91917
vt 0.26536 0.91917
vt 0.28226 0.92589
vt 0.26774 0.93140
vt 0.52866 0.97198
vt 0.53740 0.97171
vt 0.52989 0.97532
vt 0.29779 0.92175
vt 0.29040 0.91772
vt 0.29477 0.91231
vt 0.28226 0.92589
vt 0.29040 0.91772
vt 0.29779 0.92175
vt 0.86425 0.17253
vt 0.85919 0.17072
vt 0.86121 0.16277
vt 0.49974 0.96048
vt 0.51336 0.95099
vt 0.51848 0.96426
vt 0.51848 0.96426
vt 0.51336 0.95099
vt 0.52166 0.95303
vt 0.27519 0.94576
vt 0.26542 0.93870
vt 0.27208 0.93881
vt 0.26542 0.93870
vt 0.25994 0.93537
vt 0.26149 0.92621
vt 0.85900 0.15501
vt 0.86255 0.15424
vt 0.86121 0.16277
vt 0.26149 0.92621
vt 0.25884 0.92159
vt 0.26245 0.92271
vt 0.05690 0.97263
vt 0.05536 0.97627
vt 0.05239 0.96528
vt 0.26542 0.93870
vt 0.27519 0.94576
vt 0.26185 0.94918
vt 0.88928 0.01247
vt 0.89597 0.01902
vt 0.89057 0.01856
vt 0.87742 0.03035
vt 0.87144 0.02154
vt 0.89057 0.01856
vt 0.31003 0.91868
vt 0.32044 0.93207
vt 0.31653 0.94186
vt 0.05239 0.96528
vt 0.05237 0.95359
vt 0.05416 0.95580
vt 0.89385 0.03276
vt 0.87742 0.03035
vt 0.89057 0.01856
vt 0.26398 0.82743
vt 0.26569 0.83778
vt 0.25798 0.83181
vt 0.61156 0.87942
vt 0.61803 0.87062
vt 0.61710 0.87663
vt 0.61156 0.87942
vt 0.60537 0.86823
vt 0.61803 0.87062
vt 0.88334 0.26533
vt 0.87898 0.26584
vt 0.87938 0.25979
vt 0.88519 0.25692
vt 0.88334 0.26533
vt 0.87938 0.25979
vt 0.56725 0.86569
vt 0.54160 0.86501
vt 0.56229 0.86067
vt 0.91393 0.48440
vt 0.91375 0.46059
vt 0.92809 0.46215
vt 0.57346 0.86190
vt 0.57962 0.85883
vt 0.58360 0.87378
vt 0.91393 0.48440
vt 0.92477 0.47563
vt 0.92521 0.48439
vt 0.91225 0.49982
vt 0.91290 0.49316
vt 0.91693 0.49437
vt 0.91393 0.48440
vt 0.92809 0.46215
vt 0.92477 0.47563
vt 0.92477 0.47563
vt 0.92809 0.46215
vt 0.93521 0.48204
vt 0.93591 0.44325
vt 0.92259 0.44686
vt 0.93032 0.43966
vt 0.92477 0.47563
vt 0.93521 0.48204
vt 0.92521 0.48439
vt 0.03927 0.97572
vt 0.03447 0.98178
vt 0.03112 0.97878
vt 0.92809 0.46215
vt 0.94357 0.44989
vt 0.94666 0.46270
vt 0.92809 0.46215
vt 0.93591 0.44325
vt 0.94357 0.44989
vt 0.62847 0.29064
vt 0.62604 0.29717
vt 0.61987 0.29436
vt 0.88663 0.41731
vt 0.90107 0.41633
vt 0.89515 0.42654
vt 0.56690 0.87644
vt 0.57346 0.86190
vt 0.58360 0.87378
vt 0.90496 0.42586
vt 0.90163 0.43005
vt 0.89641 0.42937
vt 0.60493 0.85523
vt 0.60537 0.86823
vt 0.58830 0.85990
vt 0.61803 0.87062
vt 0.60537 0.86823
vt 0.61764 0.85971
vt 0.89641 0.42937
vt 0.89515 0.42654
vt 0.90496 0.42586
vt 0.90496 0.42586
vt 0.89515 0.42654
vt 0.90107 0.41633
vt 0.60537 0.86823
vt 0.60493 0.85523
vt 0.61764 0.85971
vt 0.89403 0.41091
vt 0.88663 0.41731
vt 0.87710 0.41852
vt 0.62880 0.29814
vt 0.62604 0.29717
vt 0.62847 0.29064
vt 0.92164 0.12036
vt 0.92992 0.12365
vt 0.92213 0.12603
vt 0.02311 0.95948
vt 0.01074 0.96336
vt 0.01673 0.95572
vt 0.59429 0.85434
vt 0.60493 0.85523
vt 0.58830 0.85990
vt 0.92164 0.12036
vt 0.92213 0.12603
vt 0.91654 0.12497
vt 0.01771 0.97204
vt 0.02671 0.97635
vt 0.01942 0.97659
vt 0.01771 0.97204
vt 0.02311 0.95948
vt 0.02671 0.97635
vt 0.91654 0.12497
vt 0.91550 0.12170
vt 0.92164 0.12036
vt 0.91784 0.13220
vt 0.91654 0.12497
vt 0.92213 0.12603
vt 0.01771 0.97204
vt 0.01074 0.96336
vt 0.02311 0.95948
vt 0.60654 0.84793
vt 0.61380 0.85320
vt 0.60493 0.85523
vt 0.01771 0.97204
vt 0.01143 0.97100
vt 0.01074 0.96336
vt 0.59429 0.85434
vt 0.59776 0.85140
vt 0.60493 0.85523
vt 0.66204 0.45225
vt 0.67010 0.44314
vt 0.66976 0.44874
vt 0.02311 0.95948
vt 0.03927 0.97572
vt 0.02671 0.97635
vt 0.29551 0.57026
vt 0.29571 0.57640
vt 0.29064 0.57496
vt 0.01915 0.95421
vt 0.01560 0.94668
vt 0.02645 0.94412
vt 0.01915 0.95421
vt 0.02645 0.94412
vt 0.02311 0.95948
vt 0.87710 0.41852
vt 0.88881 0.40554
vt 0.89403 0.41091
vt 0.87710 0.41852
vt 0.87109 0.40979
vt 0.88881 0.40554
vt 0.60654 0.84793
vt 0.60493 0.85523
vt 0.60160 0.84954
vt 0.56725 0.86569
vt 0.57346 0.86190
vt 0.56690 0.87644
vt 0.76797 0.46676
vt 0.76267 0.46954
vt 0.76262 0.46281
vt 0.62847 0.29064
vt 0.63741 0.29386
vt 0.63323 0.29935
vt 0.63703 0.29969
vt 0.63323 0.29935
vt 0.63741 0.29386
vt 0.60160 0.84954
vt 0.60493 0.85523
vt 0.59776 0.85140
vt 0.03665 0.96405
vt 0.03927 0.97572
vt 0.02311 0.95948
vt 0.23478 0.56992
vt 0.23775 0.59539
vt 0.20967 0.59067
vt 0.02671 0.97635
vt 0.03927 0.97572
vt 0.03112 0.97878
vt 0.63497 0.28390
vt 0.62847 0.29064
vt 0.62837 0.28054
vt 0.89372 0.42971
vt 0.89515 0.42654
vt 0.89641 0.42937
vt 0.88881 0.40554
vt 0.87109 0.40979
vt 0.88204 0.39914
vt 0.02311 0.95948
vt 0.02645 0.94412
vt 0.04572 0.94926
vt 0.88956 0.43159
vt 0.89515 0.42654
vt 0.89372 0.42971
vt 0.62847 0.29064
vt 0.63323 0.29935
vt 0.62880 0.29814
vt 0.02311 0.95948
vt 0.04572 0.94926
vt 0.03665 0.96405
vt 0.75457 0.46133
vt 0.76227 0.45571
vt 0.76262 0.46281
vt 0.04572 0.94926
vt 0.02645 0.94412
vt 0.03687 0.94457
vt 0.03447 0.98178
vt 0.03927 0.97572
vt 0.03840 0.98681
vt 0.24982 0.96477
vt 0.24986 0.95586
vt 0.25560 0.96935
vt 0.03687 0.94457
vt 0.04384 0.94381
vt 0.04572 0.94926
vt 0.89515 0.42654
vt 0.88956 0.43159
vt 0.88663 0.41731
vt 0.92521 0.48439
vt 0.91693 0.49437
vt 0.91393 0.48440
vt 0.53669 0.87685
vt 0.54160 0.86501
vt 0.54668 0.87611
vt 0.91693 0.49437
vt 0.93191 0.50102
vt 0.92285 0.50150
vt 0.92213 0.12603
vt 0.92992 0.12365
vt 0.92797 0.13131
vt 0.92213 0.12603
vt 0.92436 0.13484
vt 0.91784 0.13220
vt 0.91225 0.49982
vt 0.91693 0.49437
vt 0.91812 0.50369
vt 0.92285 0.50150
vt 0.93191 0.50102
vt 0.92674 0.50400
vt 0.91693 0.49437
vt 0.92521 0.48439
vt 0.93191 0.50102
vt 0.91693 0.49437
vt 0.92285 0.50150
vt 0.91812 0.50369
vt 0.01074 0.96336
vt 0.00975 0.95692
vt 0.01673 0.95572
vt 0.25867 0.98276
vt 0.25019 0.98377
vt 0.24939 0.97471
vt 0.92797 0.13131
vt 0.92436 0.13484
vt 0.92213 0.12603
vt 0.92521 0.48439
vt 0.93521 0.48204
vt 0.93191 0.50102
vt 0.24763 0.98253
vt 0.24750 0.97820
vt 0.25019 0.98377
vt 0.24626 0.98677
vt 0.24763 0.98253
vt 0.25019 0.98377
vt 0.25019 0.98377
vt 0.24750 0.97820
vt 0.24939 0.97471
vt 0.93191 0.50102
vt 0.93521 0.48204
vt 0.94510 0.50136
vt 0.93064 0.50762
vt 0.92674 0.50400
vt 0.93191 0.50102
vt 0.93191 0.50102
vt 0.94510 0.50136
vt 0.93835 0.50848
vt 0.91784 0.13220
vt 0.92436 0.13484
vt 0.92234 0.13752
vt 0.93521 0.48204
vt 0.94666 0.46270
vt 0.95224 0.48048
vt 0.25867 0.98276
vt 0.24939 0.97471
vt 0.25588 0.97117
vt 0.93521 0.48204
vt 0.92809 0.46215
vt 0.94666 0.46270
vt 0.95398 0.45813
vt 0.94357 0.44989
vt 0.95537 0.45448
vt 0.55776 0.84590
vt 0.54906 0.82667
vt 0.57943 0.83797
vt 0.57338 0.82533
vt 0.57943 0.83797
vt 0.54906 0.82667
vt 0.94357 0.44989
vt 0.95398 0.45813
vt 0.94666 0.46270
vt 0.55630 0.81399
vt 0.54906 0.82667
vt 0.54445 0.81744
vt 0.54906 0.82667
vt 0.55630 0.81399
vt 0.57338 0.82533
vt 0.95537 0.45448
vt 0.94357 0.44989
vt 0.94782 0.44549
vt 0.95315 0.48938
vt 0.93521 0.48204
vt 0.95224 0.48048
vt 0.94510 0.50136
vt 0.93521 0.48204
vt 0.95315 0.48938
vt 0.95315 0.48938
vt 0.95318 0.49498
vt 0.94510 0.50136
vt 0.89284 0.07266
vt 0.88620 0.07945
vt 0.88826 0.06491
vt 0.93835 0.50848
vt 0.93064 0.50762
vt 0.93191 0.50102
vt 0.24939 0.97471
vt 0.24210 0.97291
vt 0.24077 0.96604
vt 0.88620 0.07945
vt 0.87754 0.07040
vt 0.88826 0.06491
vt 0.24982 0.96477
vt 0.25588 0.97117
vt 0.24939 0.97471
vt 0.24939 0.97471
vt 0.24077 0.96604
vt 0.24982 0.96477
vt 0.94302 0.50926
vt 0.93835 0.50848
vt 0.94510 0.50136
vt 0.89976 0.05124
vt 0.88826 0.06491
vt 0.88229 0.04875
vt 0.95072 0.50292
vt 0.94510 0.50136
vt 0.95318 0.49498
vt 0.94510 0.50136
vt 0.94797 0.50897
vt 0.94302 0.50926
vt 0.88831 0.06472
vt 0.89791 0.06097
vt 0.89789 0.06490
vt 0.94797 0.50897
vt 0.94510 0.50136
vt 0.95072 0.50292
vt 0.88831 0.06472
vt 0.89976 0.05124
vt 0.89791 0.06097
vt 0.93064 0.50762
vt 0.93835 0.50848
vt 0.93364 0.51084
vt 0.89791 0.06097
vt 0.89976 0.05124
vt 0.90112 0.05439
vt 0.88229 0.04875
vt 0.88707 0.04662
vt 0.89976 0.05124
vt 0.88620 0.07945
vt 0.87472 0.08534
vt 0.87754 0.07040
vt 0.88826 0.06491
vt 0.87754 0.07040
vt 0.88229 0.04875
vt 0.89066 0.04054
vt 0.89976 0.05124
vt 0.88707 0.04662
vt 0.94666 0.46270
vt 0.95398 0.45813
vt 0.95499 0.47182
vt 0.87552 0.09524
vt 0.87472 0.08534
vt 0.87999 0.09121
vt 0.95499 0.47182
vt 0.95224 0.48048
vt 0.94666 0.46270
vt 0.87472 0.08534
vt 0.88620 0.07945
vt 0.87999 0.09121
vt 0.87472 0.08534
vt 0.87552 0.09524
vt 0.86887 0.09036
vt 0.52912 0.84648
vt 0.53129 0.83762
vt 0.54906 0.82667
vt 0.53129 0.83762
vt 0.54445 0.81744
vt 0.54906 0.82667
vt 0.55776 0.84590
vt 0.54523 0.84718
vt 0.54906 0.82667
vt 0.53704 0.81984
vt 0.53129 0.83762
vt 0.52633 0.82055
vt 0.53704 0.81984
vt 0.54445 0.81744
vt 0.53129 0.83762
vt 0.86156 0.08188
vt 0.87472 0.08534
vt 0.86887 0.09036
vt 0.87754 0.07040
vt 0.87472 0.08534
vt 0.86337 0.07720
vt 0.73798 0.10837
vt 0.74625 0.10965
vt 0.73498 0.11452
vt 0.52912 0.84648
vt 0.54906 0.82667
vt 0.54523 0.84718
vt 0.91393 0.48440
vt 0.91693 0.49437
vt 0.91290 0.49316
vt 0.03927 0.97572
vt 0.05239 0.96528
vt 0.05536 0.97627
vt 0.61776 0.28426
vt 0.62837 0.28054
vt 0.62847 0.29064
vt 0.03927 0.97572
vt 0.03665 0.96405
vt 0.05239 0.96528
vt 0.03665 0.96405
vt 0.04572 0.94926
vt 0.05237 0.95359
vt 0.05237 0.95359
vt 0.05239 0.96528
vt 0.03665 0.96405
vt 0.04967 0.94315
vt 0.05280 0.94629
vt 0.04572 0.94926
vt 0.05280 0.94629
vt 0.05237 0.95359
vt 0.04572 0.94926
vt 0.54348 0.88483
vt 0.53669 0.87685
vt 0.54668 0.87611
vt 0.26536 0.91917
vt 0.25884 0.92159
vt 0.25955 0.91703
vt 0.54348 0.88483
vt 0.53530 0.88668
vt 0.53669 0.87685
vt 0.93402 0.43638
vt 0.94049 0.43496
vt 0.93591 0.44325
vt 0.58830 0.85990
vt 0.58360 0.87378
vt 0.57962 0.85883
vt 0.56801 0.81022
vt 0.58285 0.80619
vt 0.59094 0.81207
vt 0.60537 0.86823
vt 0.58360 0.87378
vt 0.58830 0.85990
vt 0.90032 0.03362
vt 0.90027 0.04107
vt 0.89385 0.03276
vt 0.90496 0.42586
vt 0.91137 0.42457
vt 0.90950 0.42848
vt 0.58360 0.87378
vt 0.60537 0.86823
vt 0.60164 0.88417
vt 0.56229 0.86067
vt 0.57346 0.86190
vt 0.56725 0.86569
vt 0.89976 0.05124
vt 0.89066 0.04054
vt 0.90027 0.04107
vt 0.24986 0.95586
vt 0.24982 0.96477
vt 0.24077 0.96604
vt 0.89693 0.02659
vt 0.90032 0.03362
vt 0.89385 0.03276
vt 0.89693 0.02659
vt 0.89385 0.03276
vt 0.89057 0.01856
vt 0.89693 0.02293
vt 0.89693 0.02659
vt 0.89057 0.01856
vt 0.89066 0.04054
vt 0.89385 0.03276
vt 0.90027 0.04107
vt 0.89597 0.01902
vt 0.89693 0.02293
vt 0.89057 0.01856
vt 0.24699 0.95356
vt 0.25148 0.95345
vt 0.24986 0.95586
vt 0.89385 0.03276
vt 0.89066 0.04054
vt 0.88363 0.03942
vt 0.56801 0.81022
vt 0.56803 0.80485
vt 0.58285 0.80619
vt 0.57776 0.80146
vt 0.58285 0.80619
vt 0.56803 0.80485
vt 0.92259 0.44686
vt 0.91125 0.44641
vt 0.91417 0.43993
vt 0.92259 0.44686
vt 0.91417 0.43993
vt 0.92245 0.43775
vt 0.87472 0.08534
vt 0.86156 0.08188
vt 0.86337 0.07720
vt 0.93032 0.43966
vt 0.93402 0.43638
vt 0.93591 0.44325
vt 0.56803 0.80485
vt 0.57207 0.79772
vt 0.57776 0.80146
vt 0.92809 0.46215
vt 0.92259 0.44686
vt 0.93591 0.44325
vt 0.92809 0.46215
vt 0.91447 0.45381
vt 0.92259 0.44686
vt 0.56801 0.81022
vt 0.57338 0.82533
vt 0.55630 0.81399
vt 0.63010 0.06696
vt 0.63465 0.07339
vt 0.62775 0.07276
vt 0.92259 0.44686
vt 0.91447 0.45381
vt 0.91125 0.44641
vt 0.90496 0.42586
vt 0.90107 0.41633
vt 0.90600 0.41656
vt 0.92245 0.43775
vt 0.93020 0.43968
vt 0.92259 0.44686
vt 0.58360 0.87378
vt 0.60164 0.88417
vt 0.58787 0.89710
vt 0.58787 0.89710
vt 0.58062 0.89084
vt 0.58360 0.87378
vt 0.61776 0.28426
vt 0.62847 0.29064
vt 0.61987 0.29436
vt 0.59774 0.89682
vt 0.58787 0.89710
vt 0.60164 0.88417
vt 0.91447 0.45381
vt 0.92809 0.46215
vt 0.91375 0.46059
vt 0.61987 0.29436
vt 0.61436 0.28722
vt 0.61776 0.28426
vt 0.75631 0.45346
vt 0.76227 0.45571
vt 0.75457 0.46133
vt 0.57338 0.82533
vt 0.56801 0.81022
vt 0.59094 0.81207
vt 0.54160 0.86501
vt 0.54316 0.86072
vt 0.56229 0.86067
vt 0.60723 0.89121
vt 0.59774 0.89682
vt 0.60164 0.88417
vt 0.60723 0.89121
vt 0.60215 0.89902
vt 0.59774 0.89682
vt 0.85778 0.41524
vt 0.87412 0.39450
vt 0.87109 0.40979
vt 0.22771 0.89137
vt 0.23070 0.88118
vt 0.24533 0.89312
vt 0.24533 0.89312
vt 0.23565 0.89801
vt 0.22771 0.89137
vt 0.76797 0.46676
vt 0.76262 0.46281
vt 0.77011 0.46080
vt 0.77011 0.46080
vt 0.76355 0.45473
vt 0.77757 0.45658
vt 0.89692 0.09660
vt 0.89076 0.09862
vt 0.89181 0.09286
vt 0.88363 0.03942
vt 0.88707 0.04662
vt 0.88229 0.04875
vt 0.93465 0.68374
vt 0.92785 0.69041
vt 0.92432 0.68886
vt 0.89385 0.03276
vt 0.88363 0.03942
vt 0.87742 0.03035
vt 0.23070 0.88118
vt 0.23172 0.87120
vt 0.23945 0.88140
vt 0.54160 0.86501
vt 0.55739 0.87401
vt 0.54668 0.87611
vt 0.76227 0.45571
vt 0.77011 0.46080
vt 0.76262 0.46281
vt 0.23070 0.88118
vt 0.23945 0.88140
vt 0.24533 0.89312
vt 0.55739 0.87401
vt 0.54160 0.86501
vt 0.56725 0.86569
vt 0.23090 0.86054
vt 0.22623 0.86608
vt 0.22506 0.86083
vt 0.55739 0.87401
vt 0.56725 0.86569
vt 0.56690 0.87644
vt 0.59904 0.83054
vt 0.57338 0.82533
vt 0.59094 0.81207
vt 0.94049 0.43496
vt 0.94782 0.44549
vt 0.94357 0.44989
vt 0.21761 0.86787
vt 0.22506 0.86083
vt 0.22623 0.86608
vt 0.94049 0.43496
vt 0.94357 0.44989
vt 0.93591 0.44325
vt 0.24428 0.85600
vt 0.23945 0.88140
vt 0.23172 0.87120
vt 0.58360 0.87378
vt 0.57094 0.88372
vt 0.56690 0.87644
vt 0.93465 0.68374
vt 0.94242 0.67722
vt 0.93976 0.68550
vt 0.93976 0.68550
vt 0.94553 0.68978
vt 0.94004 0.69198
vt 0.77757 0.45658
vt 0.78031 0.45649
vt 0.78141 0.45969
vt 0.92432 0.68886
vt 0.93009 0.67369
vt 0.93465 0.68374
vt 0.22593 0.87432
vt 0.21761 0.86787
vt 0.22623 0.86608
vt 0.21806 0.87471
vt 0.21298 0.87484
vt 0.21761 0.86787
vt 0.21806 0.87471
vt 0.21761 0.86787
vt 0.22593 0.87432
vt 0.23070 0.88118
vt 0.22593 0.87432
vt 0.23172 0.87120
vt 0.22554 0.88388
vt 0.23070 0.88118
vt 0.22771 0.89137
vt 0.93976 0.68550
vt 0.95151 0.67882
vt 0.94553 0.68978
vt 0.23077 0.86623
vt 0.23172 0.87120
vt 0.22623 0.86608
vt 0.54919 0.88264
vt 0.54348 0.88483
vt 0.54668 0.87611
vt 0.92432 0.68886
vt 0.91655 0.68627
vt 0.93009 0.67369
vt 0.22593 0.87432
vt 0.22623 0.86608
vt 0.23172 0.87120
vt 0.91655 0.68627
vt 0.91372 0.67969
vt 0.93009 0.67369
vt 0.91372 0.67969
vt 0.91393 0.67353
vt 0.93009 0.67369
vt 0.23249 0.86401
vt 0.24428 0.85600
vt 0.23172 0.87120
vt 0.23249 0.86401
vt 0.23090 0.86054
vt 0.24428 0.85600
vt 0.53530 0.88668
vt 0.54348 0.88483
vt 0.53368 0.89713
vt 0.24325 0.19743
vt 0.24482 0.19601
vt 0.24783 0.19544
vt 0.58062 0.89084
vt 0.57094 0.88372
vt 0.58360 0.87378
vt 0.24428 0.85600
vt 0.23090 0.86054
vt 0.24296 0.84798
vt 0.59774 0.89682
vt 0.60215 0.89902
vt 0.60330 0.90251
vt 0.58787 0.89710
vt 0.59774 0.89682
vt 0.59342 0.90065
vt 0.25578 0.83798
vt 0.25798 0.83181
vt 0.26569 0.83778
vt 0.26772 0.85126
vt 0.25073 0.84244
vt 0.25578 0.83798
vt 0.84496 0.11919
vt 0.83866 0.12576
vt 0.83357 0.11586
vt 0.25073 0.84244
vt 0.26772 0.85126
vt 0.24428 0.85600
vt 0.90107 0.41633
vt 0.88663 0.41731
vt 0.89403 0.41091
vt 0.24428 0.85600
vt 0.24296 0.84798
vt 0.25073 0.84244
vt 0.27739 0.89425
vt 0.26490 0.90405
vt 0.26247 0.89662
vt 0.84649 0.08776
vt 0.84479 0.09333
vt 0.84080 0.08733
vt 0.90847 0.97508
vt 0.90076 0.97385
vt 0.90029 0.96363
vt 0.90360 0.95941
vt 0.90847 0.97508
vt 0.90029 0.96363
vt 0.87938 0.25979
vt 0.88051 0.24750
vt 0.88519 0.25692
vt 0.88711 0.24962
vt 0.88519 0.25692
vt 0.88051 0.24750
vt 0.42290 0.59004
vt 0.43229 0.59641
vt 0.42562 0.60259
vt 0.42290 0.59004
vt 0.42565 0.57766
vt 0.43229 0.59641
vt 0.42565 0.57766
vt 0.43637 0.58531
vt 0.43229 0.59641
vt 0.94351 0.79725
vt 0.95421 0.79534
vt 0.94806 0.81152
vt 0.16936 0.95063
vt 0.16338 0.95189
vt 0.15619 0.94496
vt 0.93837 0.79644
vt 0.93765 0.78371
vt 0.94351 0.79725
vt 0.96626 0.40374
vt 0.97019 0.40964
vt 0.95949 0.41494
vt 0.86771 0.24060
vt 0.85123 0.21307
vt 0.86735 0.22251
vt 0.67137 0.27355
vt 0.69745 0.27971
vt 0.67615 0.28991
vt 0.96536 0.42216
vt 0.96090 0.43055
vt 0.95949 0.41494
vt 0.93837 0.79644
vt 0.93176 0.80278
vt 0.93765 0.78371
vt 0.96536 0.42216
vt 0.96593 0.43502
vt 0.96090 0.43055
vt 0.98220 0.43118
vt 0.97434 0.42013
vt 0.98415 0.42271
vt 0.16418 0.96513
vt 0.17239 0.96173
vt 0.16617 0.97265
vt 0.97234 0.45587
vt 0.98240 0.44167
vt 0.98337 0.45245
vt 0.97234 0.45587
vt 0.96385 0.44623
vt 0.98240 0.44167
vt 0.98240 0.44167
vt 0.96593 0.43502
vt 0.97077 0.42293
vt 0.98220 0.43118
vt 0.97077 0.42293
vt 0.97434 0.42013
vt 0.98415 0.42271
vt 0.97434 0.42013
vt 0.97903 0.41662
vt 0.96385 0.44623
vt 0.96593 0.43502
vt 0.98240 0.44167
vt 0.98505 0.40624
vt 0.97900 0.40265
vt 0.98995 0.39687
vt 0.98762 0.41631
vt 0.98415 0.42271
vt 0.97903 0.41662
vt 0.96385 0.44623
vt 0.97234 0.45587
vt 0.96674 0.45930
vt 0.97293 0.46423
vt 0.96674 0.45930
vt 0.97234 0.45587
vt 0.84303 0.26315
vt 0.86169 0.24998
vt 0.85724 0.26736
vt 0.85682 0.28071
vt 0.85724 0.26736
vt 0.86267 0.27427
vt 0.59811 0.03436
vt 0.59713 0.03928
vt 0.59240 0.02676
vt 0.86771 0.24060
vt 0.86875 0.24431
vt 0.86169 0.24998
vt 0.74217 0.33406
vt 0.73072 0.31874
vt 0.74905 0.31770
vt 0.84303 0.26315
vt 0.82496 0.22504
vt 0.86169 0.24998
vt 0.85682 0.28071
vt 0.84303 0.26315
vt 0.85724 0.26736
vt 0.82496 0.22504
vt 0.84303 0.26315
vt 0.82065 0.24698
vt 0.54950 0.76801
vt 0.55151 0.78624
vt 0.54241 0.77616
vt 0.82065 0.24698
vt 0.84303 0.26315
vt 0.81727 0.26276
vt 0.55696 0.79189
vt 0.55151 0.78624
vt 0.56153 0.78363
vt 0.85999 0.19341
vt 0.86770 0.20355
vt 0.84586 0.20236
vt 0.93586 0.80835
vt 0.93837 0.79644
vt 0.94351 0.79725
vt 0.93176 0.80278
vt 0.93837 0.79644
vt 0.93586 0.80835
vt 0.59713 0.03928
vt 0.58614 0.04506
vt 0.59240 0.02676
vt 0.85123 0.21307
vt 0.86771 0.24060
vt 0.86169 0.24998
vt 0.58614 0.04506
vt 0.59713 0.03928
vt 0.60055 0.04752
vt 0.84586 0.20236
vt 0.85123 0.21307
vt 0.83383 0.21181
vt 0.83250 0.19070
vt 0.84586 0.20236
vt 0.83383 0.21181
vt 0.83250 0.19070
vt 0.83383 0.21181
vt 0.82419 0.21138
vt 0.94380 0.29044
vt 0.92785 0.29910
vt 0.93065 0.28659
vt 0.84586 0.20236
vt 0.83250 0.19070
vt 0.84239 0.19051
vt 0.84239 0.19051
vt 0.83250 0.19070
vt 0.84053 0.18316
vt 0.92561 0.29417
vt 0.91729 0.28170
vt 0.93065 0.28659
vt 0.96536 0.42216
vt 0.95949 0.41494
vt 0.97019 0.40964
vt 0.84239 0.19051
vt 0.85363 0.18349
vt 0.85999 0.19341
vt 0.84239 0.19051
vt 0.84053 0.18316
vt 0.85363 0.18349
vt 0.84586 0.20236
vt 0.86611 0.20983
vt 0.85123 0.21307
vt 0.85999 0.19341
vt 0.84586 0.20236
vt 0.84239 0.19051
vt 0.84586 0.20236
vt 0.86770 0.20355
vt 0.86611 0.20983
vt 0.86611 0.20983
vt 0.86852 0.21207
vt 0.86735 0.22251
vt 0.86468 0.18572
vt 0.85999 0.19341
vt 0.85363 0.18349
vt 0.56862 0.02503
vt 0.59240 0.02676
vt 0.58614 0.04506
vt 0.56153 0.78363
vt 0.55151 0.78624
vt 0.54950 0.76801
vt 0.60055 0.04752
vt 0.58911 0.05312
vt 0.58614 0.04506
vt 0.92122 0.54884
vt 0.92992 0.54093
vt 0.92292 0.56069
vt 0.93765 0.78371
vt 0.93176 0.80278
vt 0.91845 0.79308
vt 0.96626 0.40374
vt 0.97977 0.39575
vt 0.97900 0.40265
vt 0.85999 0.19341
vt 0.86833 0.19147
vt 0.86770 0.20355
vt 0.86468 0.18572
vt 0.86833 0.19147
vt 0.85999 0.19341
vt 0.21931 0.91315
vt 0.22750 0.92416
vt 0.21351 0.93018
vt 0.97977 0.39575
vt 0.96626 0.40374
vt 0.96883 0.39773
vt 0.96626 0.40374
vt 0.97900 0.40265
vt 0.97019 0.40964
vt 0.98207 0.39028
vt 0.98995 0.39687
vt 0.97977 0.39575
vt 0.92118 0.56724
vt 0.92292 0.56069
vt 0.93569 0.57213
vt 0.93569 0.57213
vt 0.95670 0.57216
vt 0.95605 0.58661
vt 0.86611 0.20983
vt 0.86735 0.22251
vt 0.85123 0.21307
vt 0.98609 0.41235
vt 0.98762 0.41631
vt 0.97903 0.41662
vt 0.99264 0.21779
vt 0.98577 0.23722
vt 0.97706 0.23004
vt 0.86169 0.24998
vt 0.82496 0.22504
vt 0.85123 0.21307
vt 0.96298 0.40267
vt 0.96883 0.39773
vt 0.96626 0.40374
vt 0.93765 0.78371
vt 0.91845 0.79308
vt 0.92628 0.77563
vt 0.92068 0.62580
vt 0.91036 0.61839
vt 0.91459 0.61824
vt 0.83383 0.21181
vt 0.85123 0.21307
vt 0.82496 0.22504
vt 0.24323 0.72170
vt 0.25968 0.73409
vt 0.23957 0.73125
vt 0.82419 0.21138
vt 0.83383 0.21181
vt 0.82496 0.22504
vt 0.55959 0.01184
vt 0.56749 0.01578
vt 0.55890 0.01987
vt 0.91063 0.28329
vt 0.90796 0.27395
vt 0.91729 0.28170
vt 0.24323 0.72170
vt 0.25975 0.72635
vt 0.25968 0.73409
vt 0.55959 0.01184
vt 0.55890 0.01987
vt 0.55619 0.01302
vt 0.90694 0.25259
vt 0.90725 0.26417
vt 0.90060 0.25568
vt 0.90725 0.26417
vt 0.91475 0.26196
vt 0.91729 0.28170
vt 0.92068 0.62580
vt 0.92150 0.61601
vt 0.93130 0.63605
vt 0.92561 0.29417
vt 0.91906 0.29171
vt 0.91729 0.28170
vt 0.97944 0.24444
vt 0.98577 0.23722
vt 0.99029 0.25082
vt 0.91082 0.25138
vt 0.90725 0.26417
vt 0.90694 0.25259
vt 0.56862 0.02503
vt 0.56728 0.03985
vt 0.55861 0.02923
vt 0.92251 0.60918
vt 0.93580 0.60715
vt 0.92149 0.61589
vt 0.55654 0.03640
vt 0.55295 0.03220
vt 0.55861 0.02923
vt 0.91286 0.24670
vt 0.91922 0.24641
vt 0.91475 0.26196
vt 0.91475 0.26196
vt 0.91082 0.25138
vt 0.91286 0.24670
vt 0.56728 0.03985
vt 0.55654 0.03640
vt 0.55861 0.02923
vt 0.56862 0.02503
vt 0.55890 0.01987
vt 0.56749 0.01578
vt 0.56728 0.03985
vt 0.56862 0.02503
vt 0.58614 0.04506
vt 0.85076 0.90683
vt 0.85556 0.91031
vt 0.84370 0.91067
vt 0.82770 0.08865
vt 0.84245 0.07560
vt 0.84080 0.08733
vt 0.96536 0.42216
vt 0.97077 0.42293
vt 0.96593 0.43502
vt 0.58614 0.04506
vt 0.58911 0.05312
vt 0.56728 0.03985
vt 0.56728 0.03985
vt 0.58911 0.05312
vt 0.56631 0.05181
vt 0.43637 0.58531
vt 0.43325 0.57364
vt 0.43860 0.57910
vt 0.56728 0.03985
vt 0.55648 0.04109
vt 0.55654 0.03640
vt 0.86711 0.44858
vt 0.85784 0.44146
vt 0.87571 0.43491
vt 0.91475 0.26196
vt 0.92741 0.26014
vt 0.91729 0.28170
vt 0.55861 0.02923
vt 0.55890 0.01987
vt 0.56862 0.02503
vt 0.91082 0.25138
vt 0.91475 0.26196
vt 0.90725 0.26417
vt 0.82504 0.07312
vt 0.82770 0.08865
vt 0.81207 0.07345
vt 0.82770 0.08865
vt 0.82504 0.07312
vt 0.84245 0.07560
vt 0.74252 0.71142
vt 0.71778 0.69376
vt 0.74345 0.68450
vt 0.91475 0.26196
vt 0.91922 0.24641
vt 0.92741 0.26014
vt 0.92741 0.26014
vt 0.93065 0.28659
vt 0.91729 0.28170
vt 0.91922 0.24641
vt 0.92430 0.24290
vt 0.92741 0.26014
vt 0.61600 0.82378
vt 0.62155 0.82778
vt 0.62078 0.83159
vt 0.92430 0.24290
vt 0.93481 0.23879
vt 0.93724 0.24451
vt 0.93065 0.28659
vt 0.92741 0.26014
vt 0.94058 0.27046
vt 0.85294 0.39118
vt 0.85442 0.38078
vt 0.85737 0.38076
vt 0.93724 0.24451
vt 0.92741 0.26014
vt 0.92430 0.24290
vt 0.93586 0.80835
vt 0.94351 0.79725
vt 0.94037 0.81046
vt 0.79558 0.70105
vt 0.79960 0.70792
vt 0.79290 0.71021
vt 0.56728 0.03985
vt 0.56631 0.05181
vt 0.55648 0.04109
vt 0.60357 0.97835
vt 0.60606 0.96686
vt 0.61163 0.97241
vt 0.93724 0.24451
vt 0.93862 0.25797
vt 0.92741 0.26014
vt 0.94351 0.79725
vt 0.94806 0.81152
vt 0.94037 0.81046
vt 0.95765 0.30128
vt 0.94502 0.30351
vt 0.94380 0.29044
vt 0.85737 0.38076
vt 0.86586 0.38868
vt 0.85294 0.39118
vt 0.75493 0.67434
vt 0.75822 0.65969
vt 0.76206 0.66892
vt 0.94794 0.78792
vt 0.95421 0.79534
vt 0.94351 0.79725
vt 0.75493 0.67434
vt 0.76206 0.66892
vt 0.76531 0.67416
vt 0.76531 0.67416
vt 0.77398 0.67632
vt 0.77727 0.68676
vt 0.76886 0.66576
vt 0.76206 0.66892
vt 0.75822 0.65969
vt 0.77398 0.67632
vt 0.76531 0.67416
vt 0.76886 0.66576
vt 0.15598 0.97973
vt 0.15375 0.96380
vt 0.16617 0.97265
vt 0.76531 0.67416
vt 0.76206 0.66892
vt 0.76886 0.66576
vt 0.95765 0.30128
vt 0.94380 0.29044
vt 0.95934 0.28446
vt 0.61600 0.82378
vt 0.62078 0.83159
vt 0.61659 0.83253
vt 0.15598 0.97973
vt 0.16617 0.97265
vt 0.15521 0.98602
vt 0.16739 0.98762
vt 0.15521 0.98602
vt 0.16617 0.97265
vt 0.16739 0.98762
vt 0.16617 0.97265
vt 0.17362 0.97467
vt 0.86586 0.38868
vt 0.87147 0.39084
vt 0.87412 0.39450
vt 0.60614 0.81967
vt 0.60800 0.82488
vt 0.59839 0.81767
vt 0.61600 0.82378
vt 0.61659 0.83253
vt 0.60800 0.82488
vt 0.88924 0.49171
vt 0.88497 0.48529
vt 0.89266 0.47610
vt 0.90131 0.48539
vt 0.89266 0.47610
vt 0.90453 0.47815
vt 0.89266 0.47610
vt 0.90131 0.48539
vt 0.88924 0.49171
vt 0.91729 0.28170
vt 0.91906 0.29171
vt 0.91063 0.28329
vt 0.87412 0.39450
vt 0.88204 0.39914
vt 0.87109 0.40979
vt 0.02035 0.70355
vt 0.02309 0.69811
vt 0.02656 0.70842
vt 0.41942 0.58225
vt 0.42565 0.57766
vt 0.42290 0.59004
vt 0.84231 0.28490
vt 0.82616 0.28268
vt 0.84303 0.26315
vt 0.01738 0.71379
vt 0.02210 0.73841
vt 0.00819 0.72858
vt 0.76828 0.18776
vt 0.77747 0.20840
vt 0.76881 0.20209
vt 0.01738 0.71379
vt 0.02035 0.70355
vt 0.02656 0.70842
vt 0.15869 0.62899
vt 0.15111 0.62530
vt 0.16217 0.62003
vt 0.16217 0.62003
vt 0.15506 0.61403
vt 0.16152 0.60626
vt 0.75277 0.75471
vt 0.74878 0.75673
vt 0.74669 0.74786
vt 0.01709 0.70210
vt 0.02309 0.69811
vt 0.02035 0.70355
vt 0.75004 0.17352
vt 0.75770 0.18208
vt 0.73914 0.17932
vt 0.92269 0.97472
vt 0.92066 0.95869
vt 0.92925 0.96093
vt 0.10450 0.74418
vt 0.09788 0.75801
vt 0.07845 0.74265
vt 0.03391 0.68436
vt 0.03095 0.69400
vt 0.02836 0.68584
vt 0.74090 0.15819
vt 0.74476 0.14499
vt 0.75122 0.14754
vt 0.02035 0.70355
vt 0.01738 0.71379
vt 0.01709 0.70210
vt 0.72250 0.74068
vt 0.71752 0.74693
vt 0.70550 0.74139
vt 0.74339 0.73254
vt 0.75712 0.73460
vt 0.74669 0.74786
vt 0.73914 0.17932
vt 0.75770 0.18208
vt 0.76881 0.20209
vt 0.75004 0.17352
vt 0.74090 0.15819
vt 0.74961 0.16922
vt 0.69919 0.74290
vt 0.70024 0.73281
vt 0.70550 0.74139
vt 0.70550 0.74139
vt 0.70024 0.73281
vt 0.70824 0.72528
vt 0.15111 0.62530
vt 0.15869 0.62899
vt 0.15041 0.63990
vt 0.58911 0.05312
vt 0.60055 0.07010
vt 0.58698 0.05997
vt 0.61197 0.07411
vt 0.60055 0.07010
vt 0.60639 0.06234
vt 0.69867 0.72895
vt 0.69856 0.71585
vt 0.70824 0.72528
vt 0.15506 0.61403
vt 0.16217 0.62003
vt 0.15111 0.62530
vt 0.47710 0.94862
vt 0.47122 0.93623
vt 0.48133 0.93797
vt 0.74090 0.15819
vt 0.75004 0.17352
vt 0.73914 0.17932
vt 0.72130 0.15439
vt 0.72154 0.16460
vt 0.71616 0.14975
vt 0.70259 0.74885
vt 0.69919 0.74290
vt 0.70550 0.74139
vt 0.60639 0.06234
vt 0.58911 0.05312
vt 0.60055 0.04752
vt 0.58621 0.96080
vt 0.59225 0.99152
vt 0.57420 0.97892
vt 0.58621 0.96080
vt 0.60606 0.96686
vt 0.60357 0.97835
vt 0.48485 0.95226
vt 0.47710 0.94862
vt 0.48133 0.93797
vt 0.58911 0.05312
vt 0.60639 0.06234
vt 0.60055 0.07010
vt 0.69867 0.72895
vt 0.70824 0.72528
vt 0.70024 0.73281
vt 0.74090 0.15819
vt 0.73112 0.14777
vt 0.74476 0.14499
vt 0.71947 0.18188
vt 0.72154 0.16460
vt 0.73914 0.17932
vt 0.47226 0.95677
vt 0.48485 0.95226
vt 0.47297 0.96415
vt 0.47226 0.95677
vt 0.47710 0.94862
vt 0.48485 0.95226
vt 0.77399 0.22622
vt 0.76984 0.23830
vt 0.77747 0.20840
vt 0.74090 0.15819
vt 0.73914 0.17932
vt 0.72154 0.16460
vt 0.47226 0.95677
vt 0.47297 0.96415
vt 0.46503 0.96545
vt 0.47226 0.95677
vt 0.46380 0.94675
vt 0.47710 0.94862
vt 0.71704 0.19897
vt 0.71947 0.18188
vt 0.74051 0.19908
vt 0.76881 0.20209
vt 0.77747 0.20840
vt 0.75231 0.22158
vt 0.82616 0.28268
vt 0.81727 0.26276
vt 0.84303 0.26315
vt 0.73914 0.17932
vt 0.76881 0.20209
vt 0.74051 0.19908
vt 0.88420 0.48158
vt 0.87879 0.47669
vt 0.89266 0.47610
vt 0.97234 0.45587
vt 0.97606 0.46339
vt 0.97293 0.46423
vt 0.74051 0.19908
vt 0.76881 0.20209
vt 0.75231 0.22158
vt 0.88497 0.48529
vt 0.88420 0.48158
vt 0.89266 0.47610
vt 0.84231 0.28490
vt 0.84303 0.26315
vt 0.85682 0.28071
vt 0.90429 0.47415
vt 0.90453 0.47815
vt 0.89266 0.47610
vt 0.75231 0.22158
vt 0.73234 0.22720
vt 0.74051 0.19908
vt 0.74051 0.19908
vt 0.73234 0.22720
vt 0.73090 0.21744
vt 0.71133 0.18877
vt 0.71947 0.18188
vt 0.71704 0.19897
vt 0.71704 0.19897
vt 0.70460 0.19001
vt 0.71133 0.18877
vt 0.10450 0.74418
vt 0.11348 0.75401
vt 0.09788 0.75801
vt 0.76881 0.20209
vt 0.75770 0.18208
vt 0.76828 0.18776
vt 0.58621 0.96080
vt 0.57416 0.96487
vt 0.57559 0.95750
vt 0.90131 0.48539
vt 0.89653 0.49417
vt 0.88924 0.49171
vt 0.71791 0.71546
vt 0.74037 0.72163
vt 0.72417 0.73413
vt 0.98337 0.45245
vt 0.98399 0.45949
vt 0.97234 0.45587
vt 0.71654 0.68242
vt 0.72847 0.67587
vt 0.74345 0.68450
vt 0.94058 0.27046
vt 0.93862 0.25797
vt 0.95848 0.25951
vt 0.43416 0.91797
vt 0.44725 0.92206
vt 0.42407 0.94585
vt 0.71778 0.69376
vt 0.71654 0.68242
vt 0.74345 0.68450
vt 0.58911 0.05312
vt 0.58698 0.05997
vt 0.56631 0.05181
vt 0.74037 0.72163
vt 0.71791 0.71546
vt 0.74252 0.71142
vt 0.97077 0.42293
vt 0.98220 0.43118
vt 0.98240 0.44167
vt 0.72250 0.74068
vt 0.72417 0.73413
vt 0.73717 0.74227
vt 0.46380 0.94675
vt 0.47226 0.95677
vt 0.46503 0.96545
vt 0.44674 0.94202
vt 0.44725 0.92206
vt 0.45829 0.93059
vt 0.59225 0.99152
vt 0.58123 0.99183
vt 0.57420 0.97892
vt 0.24700 0.75497
vt 0.23395 0.75760
vt 0.25411 0.74991
vt 0.23417 0.74372
vt 0.23395 0.75760
vt 0.22468 0.74930
vt 0.15375 0.96380
vt 0.14129 0.96543
vt 0.14732 0.95420
vt 0.72417 0.73413
vt 0.74037 0.72163
vt 0.74339 0.73254
vt 0.75639 0.71625
vt 0.74037 0.72163
vt 0.74252 0.71142
vt 0.69856 0.71585
vt 0.70487 0.70629
vt 0.70824 0.72528
vt 0.71778 0.69376
vt 0.74252 0.71142
vt 0.71791 0.71546
vt 0.86161 0.48051
vt 0.85671 0.46586
vt 0.86296 0.47214
vt 0.86296 0.47214
vt 0.85671 0.46586
vt 0.85838 0.45538
vt 0.10099 0.78018
vt 0.09166 0.78691
vt 0.07001 0.76419
vt 0.76316 0.69582
vt 0.74252 0.71142
vt 0.74345 0.68450
vt 0.92269 0.97472
vt 0.93310 0.98953
vt 0.92333 0.98739
vt 0.74051 0.19908
vt 0.73090 0.21744
vt 0.71704 0.19897
vt 0.98399 0.45949
vt 0.97606 0.46339
vt 0.97234 0.45587
vt 0.94058 0.27046
vt 0.95848 0.25951
vt 0.95934 0.28446
vt 0.44963 0.96177
vt 0.46380 0.94675
vt 0.46503 0.96545
vt 0.72417 0.73413
vt 0.74339 0.73254
vt 0.73717 0.74227
vt 0.46380 0.94675
vt 0.47122 0.93623
vt 0.47710 0.94862
vt 0.86296 0.47214
vt 0.87260 0.48253
vt 0.86161 0.48051
vt 0.87260 0.48253
vt 0.87879 0.47669
vt 0.88420 0.48158
vt 0.71791 0.71546
vt 0.70824 0.72528
vt 0.70487 0.70629
vt 0.23395 0.75760
vt 0.23417 0.74372
vt 0.25411 0.74991
vt 0.44674 0.94202
vt 0.45829 0.93059
vt 0.46380 0.94675
vt 0.99006 0.44963
vt 0.98399 0.45949
vt 0.98337 0.45245
vt 0.72417 0.73413
vt 0.70824 0.72528
vt 0.71791 0.71546
vt 0.45829 0.93059
vt 0.47122 0.93623
vt 0.46380 0.94675
vt 0.74339 0.73254
vt 0.74669 0.74786
vt 0.73717 0.74227
vt 0.57416 0.96487
vt 0.57041 0.95753
vt 0.57559 0.95750
vt 0.70487 0.70629
vt 0.71778 0.69376
vt 0.71791 0.71546
vt 0.60606 0.96686
vt 0.58621 0.96080
vt 0.59886 0.95738
vt 0.57416 0.96487
vt 0.58621 0.96080
vt 0.57420 0.97892
vt 0.46380 0.94675
vt 0.44963 0.96177
vt 0.44674 0.94202
vt 0.75712 0.73460
vt 0.74339 0.73254
vt 0.74037 0.72163
vt 0.14681 0.97417
vt 0.14129 0.96543
vt 0.15375 0.96380
vt 0.17239 0.96173
vt 0.17551 0.96170
vt 0.16617 0.97265
vt 0.70824 0.72528
vt 0.72417 0.73413
vt 0.72250 0.74068
vt 0.99006 0.44963
vt 0.98337 0.45245
vt 0.98240 0.44167
vt 0.23417 0.74372
vt 0.23957 0.73125
vt 0.25411 0.74991
vt 0.57157 0.98652
vt 0.57420 0.97892
vt 0.58123 0.99183
vt 0.71704 0.19897
vt 0.70559 0.21646
vt 0.70460 0.19001
vt 0.75639 0.71625
vt 0.74252 0.71142
vt 0.76316 0.69582
vt 0.87879 0.47669
vt 0.87260 0.48253
vt 0.86296 0.47214
vt 0.87594 0.46423
vt 0.87879 0.47669
vt 0.86296 0.47214
vt 0.69392 0.19062
vt 0.70460 0.19001
vt 0.69908 0.19804
vt 0.74051 0.19908
vt 0.71947 0.18188
vt 0.73914 0.17932
vt 0.73112 0.14777
vt 0.72130 0.15439
vt 0.71616 0.14975
vt 0.70559 0.21646
vt 0.69908 0.19804
vt 0.70460 0.19001
vt 0.69908 0.19804
vt 0.70559 0.21646
vt 0.69225 0.21145
vt 0.69392 0.19062
vt 0.69908 0.19804
vt 0.69225 0.21145
vt 0.69867 0.72895
vt 0.68989 0.72027
vt 0.69856 0.71585
vt 0.44400 0.97410
vt 0.44963 0.96177
vt 0.45407 0.97314
vt 0.72130 0.15439
vt 0.74090 0.15819
vt 0.72154 0.16460
vt 0.44725 0.92206
vt 0.44674 0.94202
vt 0.42407 0.94585
vt 0.70550 0.74139
vt 0.70824 0.72528
vt 0.72250 0.74068
vt 0.44400 0.97410
vt 0.43365 0.97426
vt 0.44963 0.96177
vt 0.46503 0.96545
vt 0.45407 0.97314
vt 0.44963 0.96177
vt 0.42407 0.94585
vt 0.44674 0.94202
vt 0.42693 0.97107
vt 0.42693 0.97107
vt 0.44963 0.96177
vt 0.43365 0.97426
vt 0.69225 0.21145
vt 0.67199 0.22833
vt 0.67210 0.20954
vt 0.44963 0.96177
vt 0.42693 0.97107
vt 0.44674 0.94202
vt 0.29195 0.85649
vt 0.28085 0.85000
vt 0.28957 0.84996
vt 0.42899 0.56632
vt 0.43325 0.57364
vt 0.42539 0.57095
vt 0.90847 0.97508
vt 0.91705 0.96020
vt 0.92269 0.97472
vt 0.90360 0.95941
vt 0.91705 0.96020
vt 0.90847 0.97508
vt 0.67178 0.19037
vt 0.68081 0.19081
vt 0.67210 0.20954
vt 0.71704 0.19897
vt 0.73090 0.21744
vt 0.70559 0.21646
vt 0.67178 0.19037
vt 0.67210 0.20954
vt 0.66448 0.20635
vt 0.92269 0.97472
vt 0.91705 0.96020
vt 0.92066 0.95869
vt 0.71051 0.23464
vt 0.70559 0.21646
vt 0.73090 0.21744
vt 0.91125 0.95755
vt 0.91705 0.96020
vt 0.90360 0.95941
vt 0.91125 0.95755
vt 0.90360 0.95941
vt 0.90629 0.95457
vt 0.43637 0.58531
vt 0.42565 0.57766
vt 0.43325 0.57364
vt 0.43669 0.56385
vt 0.43325 0.57364
vt 0.42899 0.56632
vt 0.43816 0.56593
vt 0.43325 0.57364
vt 0.43669 0.56385
vt 0.68643 0.23186
vt 0.69225 0.21145
vt 0.70559 0.21646
vt 0.70460 0.24557
vt 0.68643 0.23186
vt 0.70559 0.21646
vt 0.68081 0.19081
vt 0.69225 0.21145
vt 0.67210 0.20954
vt 0.84639 0.08372
vt 0.84649 0.08776
vt 0.84080 0.08733
vt 0.43915 0.57127
vt 0.43325 0.57364
vt 0.43816 0.56593
vt 0.77057 0.17484
vt 0.76304 0.16923
vt 0.76885 0.16429
vt 0.70460 0.24557
vt 0.70559 0.21646
vt 0.71051 0.23464
vt 0.76885 0.16429
vt 0.77271 0.16116
vt 0.77497 0.16975
vt 0.76885 0.16429
vt 0.76304 0.16923
vt 0.76371 0.16322
vt 0.74476 0.14499
vt 0.73112 0.14777
vt 0.73401 0.14558
vt 0.72130 0.15439
vt 0.73112 0.14777
vt 0.74090 0.15819
vt 0.93065 0.28659
vt 0.94058 0.27046
vt 0.94380 0.29044
vt 0.92741 0.26014
vt 0.93862 0.25797
vt 0.94058 0.27046
vt 0.90601 0.62910
vt 0.92068 0.62580
vt 0.90655 0.63479
vt 0.69392 0.19062
vt 0.69225 0.21145
vt 0.68081 0.19081
vt 0.90601 0.62910
vt 0.91036 0.61839
vt 0.92068 0.62580
vt 0.92150 0.61601
vt 0.94232 0.62051
vt 0.93130 0.63605
vt 0.92150 0.61601
vt 0.93580 0.60715
vt 0.94232 0.62051
vt 0.14278 0.98588
vt 0.15598 0.97973
vt 0.15521 0.98602
vt 0.90768 0.98997
vt 0.90847 0.97508
vt 0.92333 0.98739
vt 0.90768 0.98997
vt 0.92333 0.98739
vt 0.91528 0.99271
vt 0.28214 0.90385
vt 0.28655 0.89660
vt 0.28818 0.90053
vt 0.90847 0.97508
vt 0.90768 0.98997
vt 0.90288 0.98785
vt 0.90847 0.97508
vt 0.90288 0.98785
vt 0.90179 0.98289
vt 0.28214 0.90385
vt 0.27739 0.89425
vt 0.28655 0.89660
vt 0.27739 0.89425
vt 0.28533 0.89016
vt 0.28655 0.89660
vt 0.94293 0.64378
vt 0.93130 0.63605
vt 0.94232 0.62051
vt 0.90768 0.98997
vt 0.91528 0.99271
vt 0.91050 0.99306
vt 0.92269 0.97472
vt 0.92333 0.98739
vt 0.90847 0.97508
vt 0.60800 0.82488
vt 0.59904 0.83054
vt 0.59839 0.81767
vt 0.14681 0.97417
vt 0.15375 0.96380
vt 0.15598 0.97973
vt 0.14278 0.98588
vt 0.14681 0.97417
vt 0.15598 0.97973
vt 0.16418 0.96513
vt 0.16617 0.97265
vt 0.15375 0.96380
vt 0.16617 0.97265
vt 0.17551 0.96170
vt 0.17362 0.97467
vt 0.89266 0.47610
vt 0.87879 0.47669
vt 0.87594 0.46423
vt 0.14278 0.98588
vt 0.13399 0.97577
vt 0.14681 0.97417
vt 0.14681 0.97417
vt 0.13399 0.97577
vt 0.14129 0.96543
vt 0.94293 0.64378
vt 0.94232 0.62051
vt 0.94987 0.63625
vt 0.26179 0.29632
vt 0.26866 0.27789
vt 0.26283 0.30617
vt 0.90655 0.63479
vt 0.90505 0.64647
vt 0.90162 0.64050
vt 0.28245 0.29322
vt 0.26866 0.27789
vt 0.30310 0.27257
vt 0.28214 0.90385
vt 0.27540 0.90255
vt 0.27739 0.89425
vt 0.90655 0.63479
vt 0.91382 0.64896
vt 0.90505 0.64647
vt 0.27540 0.90255
vt 0.26490 0.90405
vt 0.27739 0.89425
vt 0.91382 0.64896
vt 0.90738 0.65435
vt 0.90505 0.64647
vt 0.85838 0.45538
vt 0.85405 0.45454
vt 0.85556 0.44701
vt 0.26866 0.27789
vt 0.28245 0.29322
vt 0.26283 0.30617
vt 0.94987 0.63625
vt 0.95225 0.64451
vt 0.94293 0.64378
vt 0.87594 0.46423
vt 0.86296 0.47214
vt 0.86566 0.45616
vt 0.14129 0.96543
vt 0.13399 0.97577
vt 0.13382 0.97133
vt 0.14278 0.98588
vt 0.13490 0.98625
vt 0.13399 0.97577
vt 0.95225 0.64451
vt 0.95137 0.65535
vt 0.94293 0.64378
vt 0.86566 0.45616
vt 0.85838 0.45538
vt 0.86711 0.44858
vt 0.85784 0.44146
vt 0.86711 0.44858
vt 0.85838 0.45538
vt 0.86296 0.47214
vt 0.85838 0.45538
vt 0.86566 0.45616
vt 0.28231 0.17622
vt 0.28206 0.15551
vt 0.28976 0.16340
vt 0.28621 0.60808
vt 0.29441 0.60892
vt 0.28722 0.62330
vt 0.94454 0.83977
vt 0.92703 0.83807
vt 0.93243 0.82276
vt 0.83258 0.74734
vt 0.81863 0.75540
vt 0.81621 0.74216
vt 0.92005 0.82657
vt 0.92125 0.82017
vt 0.93243 0.82276
vt 0.81863 0.75540
vt 0.83258 0.74734
vt 0.82354 0.75654
vt 0.29347 0.15480
vt 0.28976 0.16340
vt 0.28206 0.15551
vt 0.29381 0.15004
vt 0.31658 0.13601
vt 0.31748 0.15295
vt 0.29381 0.15004
vt 0.30151 0.15712
vt 0.29347 0.15480
vt 0.31748 0.15295
vt 0.30151 0.15712
vt 0.29381 0.15004
vt 0.28206 0.15551
vt 0.29381 0.15004
vt 0.29347 0.15480
vt 0.29381 0.15004
vt 0.28206 0.15551
vt 0.28836 0.13656
vt 0.93243 0.82276
vt 0.92703 0.83807
vt 0.92005 0.82657
vt 0.28245 0.29322
vt 0.30310 0.27257
vt 0.30717 0.28367
vt 0.28206 0.15551
vt 0.28297 0.13233
vt 0.28836 0.13656
vt 0.31658 0.13601
vt 0.29381 0.15004
vt 0.28836 0.13656
vt 0.81934 0.88633
vt 0.80256 0.88909
vt 0.80800 0.87165
vt 0.30717 0.28367
vt 0.30310 0.27257
vt 0.31524 0.27980
vt 0.83181 0.73495
vt 0.83258 0.74734
vt 0.81621 0.74216
vt 0.28394 0.31287
vt 0.28245 0.29322
vt 0.30462 0.31687
vt 0.33361 0.29493
vt 0.31524 0.27980
vt 0.34636 0.26964
vt 0.78170 0.89721
vt 0.78661 0.88035
vt 0.80256 0.88909
vt 0.32350 0.30664
vt 0.30462 0.31687
vt 0.30717 0.28367
vt 0.90921 0.76766
vt 0.92628 0.77563
vt 0.90759 0.78517
vt 0.30462 0.31687
vt 0.32350 0.30664
vt 0.29776 0.33235
vt 0.93569 0.57213
vt 0.93065 0.58212
vt 0.92488 0.57682
vt 0.92280 0.58185
vt 0.92488 0.57682
vt 0.93065 0.58212
vt 0.26132 0.14020
vt 0.28297 0.13233
vt 0.28206 0.15551
vt 0.80800 0.87165
vt 0.81671 0.87231
vt 0.81934 0.88633
vt 0.81934 0.88633
vt 0.82869 0.90478
vt 0.80256 0.88909
vt 0.78170 0.89721
vt 0.77681 0.87357
vt 0.78661 0.88035
vt 0.80563 0.74003
vt 0.81621 0.74216
vt 0.80977 0.74614
vt 0.77701 0.89153
vt 0.77681 0.87357
vt 0.78170 0.89721
vt 0.80132 0.90566
vt 0.78170 0.89721
vt 0.80256 0.88909
vt 0.80800 0.87165
vt 0.80256 0.88909
vt 0.79844 0.87200
vt 0.80256 0.88909
vt 0.82869 0.90478
vt 0.81385 0.91128
vt 0.80256 0.88909
vt 0.81385 0.91128
vt 0.80132 0.90566
vt 0.32541 0.14382
vt 0.31748 0.15295
vt 0.31658 0.13601
vt 0.95605 0.58661
vt 0.95093 0.59376
vt 0.94571 0.58792
vt 0.21931 0.91315
vt 0.21351 0.93018
vt 0.21345 0.90522
vt 0.80132 0.90566
vt 0.79734 0.91144
vt 0.78718 0.90977
vt 0.95605 0.58661
vt 0.94571 0.58792
vt 0.93569 0.57213
vt 0.78718 0.90977
vt 0.78170 0.89721
vt 0.80132 0.90566
vt 0.78170 0.89721
vt 0.78718 0.90977
vt 0.77988 0.90872
vt 0.80306 0.73004
vt 0.81621 0.74216
vt 0.80563 0.74003
vt 0.80306 0.73004
vt 0.80563 0.74003
vt 0.79953 0.73621
vt 0.81815 0.72892
vt 0.83181 0.73495
vt 0.81621 0.74216
vt 0.80306 0.73004
vt 0.81815 0.72892
vt 0.81621 0.74216
vt 0.31658 0.13601
vt 0.32053 0.11264
vt 0.33562 0.13109
vt 0.83232 0.72274
vt 0.83181 0.73495
vt 0.81815 0.72892
vt 0.94702 0.12381
vt 0.94114 0.14989
vt 0.94036 0.13051
vt 0.93788 0.13711
vt 0.94036 0.13051
vt 0.94114 0.14989
vt 0.97888 0.72803
vt 0.97241 0.74507
vt 0.96972 0.72724
vt 0.94781 0.82267
vt 0.93243 0.82276
vt 0.93991 0.82122
vt 0.19771 0.90242
vt 0.21017 0.89697
vt 0.21345 0.90522
vt 0.50719 0.70729
vt 0.50863 0.69264
vt 0.51260 0.69830
vt 0.94454 0.83977
vt 0.93243 0.82276
vt 0.94781 0.82267
vt 0.50719 0.70729
vt 0.49073 0.69067
vt 0.50863 0.69264
vt 0.99130 0.72648
vt 0.97888 0.72803
vt 0.98119 0.72088
vt 0.50719 0.70729
vt 0.49297 0.70503
vt 0.49073 0.69067
vt 0.43483 0.30410
vt 0.42320 0.29860
vt 0.43533 0.29783
vt 0.78441 0.86738
vt 0.79844 0.87200
vt 0.78661 0.88035
vt 0.43483 0.30410
vt 0.42527 0.30634
vt 0.42320 0.29860
vt 0.78661 0.88035
vt 0.79844 0.87200
vt 0.80256 0.88909
vt 0.77681 0.87357
vt 0.76557 0.87662
vt 0.77291 0.87124
vt 0.76557 0.87662
vt 0.77681 0.87357
vt 0.76734 0.88498
vt 0.96182 0.12766
vt 0.94114 0.14989
vt 0.94702 0.12381
vt 0.77701 0.89153
vt 0.76688 0.89480
vt 0.76734 0.88498
vt 0.19771 0.90242
vt 0.20370 0.89692
vt 0.21017 0.89697
vt 0.77681 0.87357
vt 0.78441 0.86738
vt 0.78661 0.88035
vt 0.41566 0.30570
vt 0.42320 0.29860
vt 0.42527 0.30634
vt 0.76734 0.88498
vt 0.77681 0.87357
vt 0.77701 0.89153
vt 0.41566 0.30570
vt 0.42527 0.30634
vt 0.42620 0.31466
vt 0.18921 0.90722
vt 0.19613 0.93308
vt 0.18089 0.91161
vt 0.11781 0.68378
vt 0.12550 0.66728
vt 0.12799 0.68231
vt 0.21351 0.93018
vt 0.19771 0.90242
vt 0.21345 0.90522
vt 0.76688 0.89480
vt 0.76034 0.88998
vt 0.76734 0.88498
vt 0.41473 0.32310
vt 0.41274 0.31775
vt 0.41773 0.31716
vt 0.41773 0.31716
vt 0.41566 0.30570
vt 0.42620 0.31466
vt 0.12550 0.66728
vt 0.13330 0.67602
vt 0.12799 0.68231
vt 0.41274 0.31775
vt 0.41566 0.30570
vt 0.41773 0.31716
vt 0.84482 0.74035
vt 0.84039 0.74021
vt 0.84864 0.73350
vt 0.13330 0.67602
vt 0.12550 0.66728
vt 0.13896 0.66496
vt 0.19613 0.93308
vt 0.18921 0.90722
vt 0.19771 0.90242
vt 0.19613 0.93308
vt 0.19771 0.90242
vt 0.21351 0.93018
vt 0.83181 0.73495
vt 0.84864 0.73350
vt 0.84039 0.74021
vt 0.95922 0.85106
vt 0.94032 0.85727
vt 0.94454 0.83977
vt 0.82386 0.91192
vt 0.81385 0.91128
vt 0.82869 0.90478
vt 0.99264 0.21779
vt 0.98907 0.21150
vt 0.99394 0.20891
vt 0.84370 0.91067
vt 0.82869 0.90478
vt 0.83997 0.90233
vt 0.83172 0.86805
vt 0.83275 0.87705
vt 0.82671 0.87004
vt 0.82869 0.90478
vt 0.84370 0.91067
vt 0.82386 0.91192
vt 0.83972 0.88962
vt 0.82869 0.90478
vt 0.81934 0.88633
vt 0.97706 0.23004
vt 0.97977 0.21507
vt 0.99264 0.21779
vt 0.82671 0.87004
vt 0.82759 0.86697
vt 0.83172 0.86805
vt 0.95922 0.85106
vt 0.94454 0.83977
vt 0.96512 0.84108
vt 0.93569 0.57213
vt 0.92488 0.57682
vt 0.92118 0.56724
vt 0.98762 0.41631
vt 0.98609 0.41235
vt 0.98788 0.40687
vt 0.98788 0.40687
vt 0.98505 0.40624
vt 0.98995 0.39687
vt 0.95376 0.86556
vt 0.94032 0.85727
vt 0.95922 0.85106
vt 0.82869 0.90478
vt 0.83972 0.88962
vt 0.83997 0.90233
vt 0.33995 0.13827
vt 0.33562 0.13109
vt 0.35106 0.13149
vt 0.92292 0.56069
vt 0.92992 0.54093
vt 0.94118 0.54219
vt 0.84370 0.91067
vt 0.83997 0.90233
vt 0.85076 0.90683
vt 0.83908 0.87084
vt 0.83275 0.87705
vt 0.83172 0.86805
vt 0.85556 0.91031
vt 0.85076 0.90683
vt 0.85560 0.90118
vt 0.99264 0.21779
vt 0.97977 0.21507
vt 0.98907 0.21150
vt 0.85076 0.90683
vt 0.83997 0.90233
vt 0.84743 0.89515
vt 0.85560 0.90118
vt 0.85076 0.90683
vt 0.84743 0.89515
vt 0.95376 0.86556
vt 0.96507 0.86742
vt 0.96104 0.87417
vt 0.83972 0.88962
vt 0.83275 0.87705
vt 0.84645 0.88077
vt 0.84743 0.89515
vt 0.83997 0.90233
vt 0.83972 0.88962
vt 0.33562 0.13109
vt 0.35043 0.12211
vt 0.35106 0.13149
vt 0.33562 0.13109
vt 0.32053 0.11264
vt 0.33767 0.11410
vt 0.96377 0.72903
vt 0.96972 0.72724
vt 0.96217 0.74163
vt 0.95376 0.86556
vt 0.95922 0.85106
vt 0.96498 0.85741
vt 0.35043 0.12211
vt 0.33562 0.13109
vt 0.33767 0.11410
vt 0.84645 0.88077
vt 0.84942 0.89052
vt 0.83972 0.88962
vt 0.83908 0.87084
vt 0.84645 0.88077
vt 0.83275 0.87705
vt 0.84607 0.87147
vt 0.84645 0.88077
vt 0.83908 0.87084
vt 0.83972 0.88962
vt 0.84942 0.89052
vt 0.84743 0.89515
vt 0.34841 0.10626
vt 0.35043 0.12211
vt 0.33767 0.11410
vt 0.84942 0.89052
vt 0.85560 0.90118
vt 0.84743 0.89515
vt 0.98995 0.39687
vt 0.97900 0.40265
vt 0.97977 0.39575
vt 0.72847 0.67587
vt 0.75493 0.67434
vt 0.74345 0.68450
vt 0.96722 0.85136
vt 0.95922 0.85106
vt 0.96512 0.84108
vt 0.96498 0.85741
vt 0.95922 0.85106
vt 0.96722 0.85136
vt 0.96992 0.86414
vt 0.97036 0.86994
vt 0.96507 0.86742
vt 0.97036 0.86994
vt 0.96104 0.87417
vt 0.96507 0.86742
vt 0.94055 0.19233
vt 0.93016 0.18843
vt 0.93711 0.18579
vt 0.96498 0.85741
vt 0.96507 0.86742
vt 0.95376 0.86556
vt 0.93016 0.18843
vt 0.94055 0.19233
vt 0.93160 0.19202
vt 0.93711 0.18579
vt 0.93016 0.18843
vt 0.93238 0.18281
vt 0.83232 0.72274
vt 0.83844 0.72278
vt 0.83181 0.73495
vt 0.94781 0.82267
vt 0.95861 0.82455
vt 0.94454 0.83977
vt 0.83181 0.73495
vt 0.84462 0.72745
vt 0.84864 0.73350
vt 0.84039 0.74021
vt 0.83258 0.74734
vt 0.83181 0.73495
vt 0.95257 0.82088
vt 0.95861 0.82455
vt 0.94781 0.82267
vt 0.83844 0.72278
vt 0.84462 0.72745
vt 0.83181 0.73495
vt 0.31235 0.16002
vt 0.30151 0.15712
vt 0.31748 0.15295
vt 0.31235 0.16002
vt 0.30416 0.16342
vt 0.30151 0.15712
vt 0.96512 0.84108
vt 0.95861 0.82455
vt 0.96782 0.82246
vt 0.96512 0.84108
vt 0.94454 0.83977
vt 0.95861 0.82455
vt 0.83844 0.72278
vt 0.83232 0.72274
vt 0.83312 0.71253
vt 0.81621 0.74216
vt 0.81863 0.75540
vt 0.80977 0.74614
vt 0.96377 0.72903
vt 0.96217 0.74163
vt 0.95726 0.73449
vt 0.32541 0.14382
vt 0.31658 0.13601
vt 0.33562 0.13109
vt 0.96512 0.84108
vt 0.96782 0.82246
vt 0.97398 0.82706
vt 0.96972 0.72724
vt 0.97241 0.74507
vt 0.96217 0.74163
vt 0.94032 0.85727
vt 0.92695 0.85202
vt 0.92703 0.83807
vt 0.33562 0.13109
vt 0.33995 0.13827
vt 0.32541 0.14382
vt 0.10971 0.41043
vt 0.12170 0.41513
vt 0.11174 0.41672
vt 0.09742 0.41422
vt 0.11174 0.41672
vt 0.10386 0.42099
vt 0.10971 0.41043
vt 0.12094 0.40624
vt 0.12170 0.41513
vt 0.94425 0.88284
vt 0.95376 0.86556
vt 0.95111 0.88204
vt 0.02026 0.01587
vt 0.02875 0.00666
vt 0.02851 0.01256
vt 0.94032 0.85727
vt 0.94433 0.86937
vt 0.93290 0.86619
vt 0.58621 0.96080
vt 0.60357 0.97835
vt 0.59225 0.99152
vt 0.94433 0.86937
vt 0.94032 0.85727
vt 0.95376 0.86556
vt 0.02026 0.01587
vt 0.01167 0.00862
vt 0.02875 0.00666
vt 0.10048 0.63130
vt 0.13082 0.63742
vt 0.12170 0.64978
vt 0.95612 0.19828
vt 0.95813 0.19315
vt 0.96418 0.19544
vt 0.98165 0.74281
vt 0.97888 0.72803
vt 0.99130 0.72648
vt 0.42404 0.27833
vt 0.42649 0.28346
vt 0.42150 0.28806
vt 0.11174 0.41672
vt 0.09742 0.41422
vt 0.10971 0.41043
vt 0.10048 0.63130
vt 0.11589 0.62476
vt 0.13082 0.63742
vt 0.93711 0.18579
vt 0.93463 0.17038
vt 0.94707 0.17216
vt 0.94707 0.17216
vt 0.93463 0.17038
vt 0.94114 0.14989
vt 0.96687 0.16044
vt 0.94707 0.17216
vt 0.96373 0.14426
vt 0.95376 0.86556
vt 0.94425 0.88284
vt 0.94247 0.87545
vt 0.15570 0.59749
vt 0.12243 0.60067
vt 0.14815 0.58441
vt 0.94247 0.87545
vt 0.94433 0.86937
vt 0.95376 0.86556
vt 0.15611 0.58965
vt 0.15570 0.59749
vt 0.14815 0.58441
vt 0.12243 0.60067
vt 0.12033 0.58273
vt 0.14050 0.57645
vt 0.01167 0.00862
vt 0.01231 0.01966
vt 0.00777 0.01986
vt 0.11316 0.59112
vt 0.12033 0.58273
vt 0.12243 0.60067
vt 0.95111 0.88204
vt 0.95376 0.86556
vt 0.96104 0.87417
vt 0.12243 0.60067
vt 0.11255 0.60863
vt 0.11316 0.59112
vt 0.92333 0.17422
vt 0.93463 0.17038
vt 0.93238 0.18281
vt 0.93181 0.14479
vt 0.93788 0.13711
vt 0.94114 0.14989
vt 0.11589 0.62476
vt 0.13486 0.62315
vt 0.13082 0.63742
vt 0.10986 0.61979
vt 0.11255 0.60863
vt 0.12243 0.60067
vt 0.81725 0.71776
vt 0.83312 0.71253
vt 0.83232 0.72274
vt 0.91848 0.15948
vt 0.93181 0.14479
vt 0.94114 0.14989
vt 0.10018 0.60029
vt 0.11316 0.59112
vt 0.11255 0.60863
vt 0.10048 0.63130
vt 0.10986 0.61979
vt 0.11589 0.62476
vt 0.83232 0.72274
vt 0.81815 0.72892
vt 0.81725 0.71776
vt 0.42150 0.28806
vt 0.42649 0.28346
vt 0.42320 0.29860
vt 0.42649 0.28346
vt 0.43533 0.29783
vt 0.42320 0.29860
vt 0.12550 0.66728
vt 0.13583 0.65600
vt 0.13896 0.66496
vt 0.91848 0.15948
vt 0.93463 0.17038
vt 0.92333 0.17422
vt 0.13522 0.64692
vt 0.13583 0.65600
vt 0.13082 0.63742
vt 0.91848 0.15948
vt 0.94114 0.14989
vt 0.93463 0.17038
vt 0.13583 0.65600
vt 0.12170 0.64978
vt 0.13082 0.63742
vt 0.13583 0.65600
vt 0.12550 0.66728
vt 0.12170 0.64978
vt 0.94032 0.85727
vt 0.92967 0.85943
vt 0.92695 0.85202
vt 0.10048 0.63130
vt 0.12170 0.64978
vt 0.09902 0.65298
vt 0.11781 0.68378
vt 0.09056 0.66251
vt 0.12550 0.66728
vt 0.11781 0.68378
vt 0.10375 0.68652
vt 0.09056 0.66251
vt 0.17293 0.93175
vt 0.18089 0.91161
vt 0.19613 0.93308
vt 0.17293 0.93175
vt 0.17112 0.91880
vt 0.18089 0.91161
vt 0.10375 0.68652
vt 0.09533 0.68268
vt 0.09056 0.66251
vt 0.17293 0.93175
vt 0.19613 0.93308
vt 0.18495 0.93280
vt 0.10048 0.63130
vt 0.10018 0.60029
vt 0.10986 0.61979
vt 0.10018 0.60029
vt 0.10048 0.63130
vt 0.08658 0.63347
vt 0.28231 0.17622
vt 0.28976 0.16340
vt 0.28904 0.18124
vt 0.09902 0.65298
vt 0.08658 0.63347
vt 0.10048 0.63130
vt 0.09533 0.68268
vt 0.09087 0.67681
vt 0.09056 0.66251
vt 0.93862 0.25797
vt 0.96103 0.24912
vt 0.95848 0.25951
vt 0.09533 0.68268
vt 0.08801 0.68488
vt 0.09087 0.67681
vt 0.97888 0.72803
vt 0.98165 0.74281
vt 0.97241 0.74507
vt 0.99130 0.72648
vt 0.98119 0.72088
vt 0.98790 0.71720
vt 0.79922 0.19961
vt 0.80091 0.19094
vt 0.80872 0.19700
vt 0.79254 0.19252
vt 0.80091 0.19094
vt 0.79922 0.19961
vt 0.79804 0.20586
vt 0.78945 0.19633
vt 0.79922 0.19961
vt 0.79922 0.19961
vt 0.80786 0.20896
vt 0.79804 0.20586
vt 0.09087 0.67681
vt 0.08801 0.68488
vt 0.08110 0.68140
vt 0.80872 0.19700
vt 0.81298 0.20230
vt 0.81174 0.20395
vt 0.79922 0.19961
vt 0.81174 0.20395
vt 0.80786 0.20896
vt 0.79922 0.19961
vt 0.78945 0.19633
vt 0.79254 0.19252
vt 0.69647 0.55644
vt 0.69794 0.56496
vt 0.69316 0.56324
vt 0.69794 0.56496
vt 0.69388 0.58143
vt 0.69316 0.56324
vt 0.67311 0.57007
vt 0.69388 0.58143
vt 0.67300 0.58888
vt 0.68783 0.55201
vt 0.69647 0.55644
vt 0.69316 0.56324
vt 0.92703 0.83807
vt 0.94454 0.83977
vt 0.94032 0.85727
vt 0.80872 0.19700
vt 0.81174 0.20395
vt 0.79922 0.19961
vt 0.10386 0.42099
vt 0.09699 0.41962
vt 0.09742 0.41422
vt 0.30416 0.16342
vt 0.31235 0.16002
vt 0.30981 0.16633
vt 0.72847 0.67587
vt 0.71654 0.68242
vt 0.71231 0.67235
vt 0.02026 0.01587
vt 0.01231 0.01966
vt 0.01167 0.00862
vt 0.11174 0.41672
vt 0.11126 0.42177
vt 0.10386 0.42099
vt 0.93711 0.20047
vt 0.94055 0.19233
vt 0.94700 0.20152
vt 0.92967 0.85943
vt 0.94032 0.85727
vt 0.93290 0.86619
vt 0.35106 0.13149
vt 0.34693 0.13695
vt 0.33995 0.13827
vt 0.74431 0.12654
vt 0.74102 0.12324
vt 0.74403 0.12135
vt 0.28904 0.18124
vt 0.28976 0.16340
vt 0.29607 0.17037
vt 0.12550 0.66728
vt 0.09056 0.66251
vt 0.09902 0.65298
vt 0.12170 0.64978
vt 0.12550 0.66728
vt 0.09902 0.65298
vt 0.82354 0.75654
vt 0.82466 0.75998
vt 0.82259 0.76032
vt 0.83275 0.87705
vt 0.83972 0.88962
vt 0.81934 0.88633
vt 0.11126 0.42177
vt 0.11174 0.41672
vt 0.12170 0.41513
vt 0.81934 0.88633
vt 0.82671 0.87004
vt 0.83275 0.87705
vt 0.81934 0.88633
vt 0.81671 0.87231
vt 0.82671 0.87004
vt 0.25660 0.69904
vt 0.23883 0.69937
vt 0.24497 0.69041
vt 0.25608 0.64957
vt 0.24492 0.64260
vt 0.25332 0.63657
vt 0.93414 0.75257
vt 0.91760 0.75065
vt 0.92355 0.74352
vt 0.93078 0.76271
vt 0.91760 0.75065
vt 0.93414 0.75257
vt 0.95151 0.67882
vt 0.93976 0.68550
vt 0.94242 0.67722
vt 0.24533 0.89312
vt 0.23945 0.88140
vt 0.24818 0.88560
vt 0.23945 0.88140
vt 0.24428 0.85600
vt 0.24818 0.88560
vt 0.27555 0.38481
vt 0.28321 0.40341
vt 0.27157 0.39696
vt 0.87710 0.41852
vt 0.88663 0.41731
vt 0.87571 0.43491
vt 0.87710 0.41852
vt 0.86431 0.42850
vt 0.87109 0.40979
vt 0.87571 0.43491
vt 0.88663 0.41731
vt 0.88956 0.43159
vt 0.86431 0.42850
vt 0.87710 0.41852
vt 0.87571 0.43491
vt 0.28231 0.37508
vt 0.29893 0.36008
vt 0.30942 0.38714
vt 0.45730 0.00994
vt 0.45111 0.00987
vt 0.45349 0.00548
vt 0.26772 0.85126
vt 0.25578 0.83798
vt 0.26569 0.83778
vt 0.76405 0.05231
vt 0.76407 0.04747
vt 0.76806 0.05218
vt 0.27083 0.83035
vt 0.26569 0.83778
vt 0.26398 0.82743
vt 0.83357 0.11586
vt 0.84196 0.10955
vt 0.84496 0.11919
vt 0.83357 0.11586
vt 0.83618 0.11025
vt 0.84196 0.10955
vt 0.24533 0.89312
vt 0.24950 0.90508
vt 0.23565 0.89801
vt 0.27470 0.84412
vt 0.26772 0.85126
vt 0.26569 0.83778
vt 0.85778 0.41524
vt 0.87109 0.40979
vt 0.86431 0.42850
vt 0.27470 0.84412
vt 0.28085 0.85000
vt 0.26772 0.85126
vt 0.95010 0.77684
vt 0.94517 0.78082
vt 0.93969 0.77114
vt 0.44133 0.00744
vt 0.45349 0.00548
vt 0.45111 0.00987
vt 0.92628 0.77563
vt 0.93078 0.76271
vt 0.93969 0.77114
vt 0.92628 0.77563
vt 0.93969 0.77114
vt 0.93765 0.78371
vt 0.93969 0.77114
vt 0.93078 0.76271
vt 0.93952 0.76447
vt 0.93969 0.77114
vt 0.94517 0.78082
vt 0.93765 0.78371
vt 0.93952 0.76447
vt 0.94525 0.75417
vt 0.95115 0.76599
vt 0.93078 0.76271
vt 0.93414 0.75257
vt 0.93952 0.76447
vt 0.93952 0.76447
vt 0.93414 0.75257
vt 0.94525 0.75417
vt 0.95010 0.77684
vt 0.93969 0.77114
vt 0.95115 0.76599
vt 0.79307 0.03079
vt 0.78611 0.02563
vt 0.79209 0.02360
vt 0.94314 0.74440
vt 0.95124 0.74923
vt 0.94525 0.75417
vt 0.96376 0.77860
vt 0.95010 0.77684
vt 0.96285 0.77119
vt 0.94525 0.75417
vt 0.93439 0.75248
vt 0.94314 0.74440
vt 0.95115 0.76599
vt 0.93969 0.77114
vt 0.93952 0.76447
vt 0.44133 0.00744
vt 0.45111 0.00987
vt 0.44211 0.01411
vt 0.95010 0.77684
vt 0.95115 0.76599
vt 0.96285 0.77119
vt 0.97944 0.24444
vt 0.97940 0.25701
vt 0.97598 0.25091
vt 0.79145 0.03952
vt 0.79307 0.03079
vt 0.79647 0.03613
vt 0.98820 0.28311
vt 0.98473 0.29139
vt 0.97596 0.28281
vt 0.97940 0.25701
vt 0.97199 0.25606
vt 0.97598 0.25091
vt 0.95989 0.75880
vt 0.95115 0.76599
vt 0.95124 0.74923
vt 0.95124 0.74923
vt 0.95115 0.76599
vt 0.94525 0.75417
vt 0.79307 0.03079
vt 0.79145 0.03952
vt 0.78611 0.02563
vt 0.97199 0.25606
vt 0.97940 0.25701
vt 0.97233 0.26521
vt 0.24428 0.85600
vt 0.25946 0.88542
vt 0.24818 0.88560
vt 0.79145 0.03952
vt 0.77714 0.04594
vt 0.78611 0.02563
vt 0.98445 0.26211
vt 0.97940 0.25701
vt 0.99029 0.25082
vt 0.24492 0.64260
vt 0.25608 0.64957
vt 0.25406 0.65591
vt 0.18132 0.01266
vt 0.18771 0.00892
vt 0.18744 0.01236
vt 0.77714 0.04594
vt 0.79145 0.03952
vt 0.78891 0.04650
vt 0.97233 0.26521
vt 0.97940 0.25701
vt 0.97924 0.26810
vt 0.44211 0.01411
vt 0.43974 0.01193
vt 0.44133 0.00744
vt 0.27358 0.87315
vt 0.24428 0.85600
vt 0.26772 0.85126
vt 0.97924 0.26810
vt 0.97940 0.25701
vt 0.98445 0.26211
vt 0.77497 0.16975
vt 0.77611 0.17437
vt 0.77057 0.17484
vt 0.97596 0.28281
vt 0.98473 0.29139
vt 0.97659 0.29251
vt 0.76304 0.16923
vt 0.77057 0.17484
vt 0.76775 0.17395
vt 0.84281 0.09824
vt 0.83824 0.09627
vt 0.84479 0.09333
vt 0.18771 0.00892
vt 0.18320 0.00805
vt 0.18640 0.00580
vt 0.77714 0.04594
vt 0.78891 0.04650
vt 0.78546 0.04897
vt 0.18744 0.01236
vt 0.18299 0.01693
vt 0.18132 0.01266
vt 0.26644 0.67753
vt 0.25837 0.66491
vt 0.26278 0.66140
vt 0.21374 0.34471
vt 0.21191 0.35037
vt 0.20653 0.34635
vt 0.26278 0.66140
vt 0.27628 0.65267
vt 0.27558 0.66181
vt 0.27628 0.65267
vt 0.25406 0.65591
vt 0.25608 0.64957
vt 0.25406 0.65591
vt 0.27628 0.65267
vt 0.26278 0.66140
vt 0.77714 0.04594
vt 0.78312 0.05158
vt 0.78100 0.05486
vt 0.26644 0.67753
vt 0.25750 0.67354
vt 0.25837 0.66491
vt 0.77714 0.04594
vt 0.78546 0.04897
vt 0.78312 0.05158
vt 0.26644 0.67753
vt 0.25649 0.68167
vt 0.25750 0.67354
vt 0.26644 0.67753
vt 0.26278 0.66140
vt 0.27558 0.66181
vt 0.92292 0.56069
vt 0.94118 0.54219
vt 0.93569 0.57213
vt 0.21535 0.33591
vt 0.21935 0.34218
vt 0.21429 0.34377
vt 0.77714 0.04594
vt 0.76407 0.04747
vt 0.76897 0.03882
vt 0.20933 0.33895
vt 0.21535 0.33591
vt 0.21374 0.34471
vt 0.20653 0.34635
vt 0.20933 0.33895
vt 0.21374 0.34471
vt 0.76799 0.03067
vt 0.77714 0.04594
vt 0.76897 0.03882
vt 0.75732 0.01998
vt 0.76813 0.01722
vt 0.76700 0.02397
vt 0.74740 0.01767
vt 0.75198 0.02805
vt 0.74509 0.02837
vt 0.85784 0.44146
vt 0.85568 0.42883
vt 0.86431 0.42850
vt 0.76806 0.05218
vt 0.76407 0.04747
vt 0.77714 0.04594
vt 0.76897 0.03882
vt 0.75897 0.04068
vt 0.76161 0.03489
vt 0.77714 0.04594
vt 0.78100 0.05486
vt 0.77630 0.05869
vt 0.76806 0.05218
vt 0.77714 0.04594
vt 0.77630 0.05869
vt 0.84952 0.41076
vt 0.84443 0.40278
vt 0.84947 0.39982
vt 0.84952 0.41076
vt 0.84947 0.39982
vt 0.85778 0.41524
vt 0.85327 0.41481
vt 0.84952 0.41076
vt 0.85778 0.41524
vt 0.84947 0.39982
vt 0.85294 0.39118
vt 0.85778 0.41524
vt 0.25135 0.68436
vt 0.25649 0.68167
vt 0.25660 0.69904
vt 0.25135 0.68436
vt 0.25660 0.69904
vt 0.24497 0.69041
vt 0.25649 0.68167
vt 0.27776 0.69404
vt 0.25660 0.69904
vt 0.28460 0.67407
vt 0.27776 0.69404
vt 0.26644 0.67753
vt 0.27558 0.66181
vt 0.28460 0.67407
vt 0.26644 0.67753
vt 0.74740 0.01767
vt 0.75732 0.01998
vt 0.75198 0.02805
vt 0.76161 0.03489
vt 0.76799 0.03067
vt 0.76897 0.03882
vt 0.25649 0.68167
vt 0.26644 0.67753
vt 0.27776 0.69404
vt 0.85778 0.41524
vt 0.85294 0.39118
vt 0.86586 0.38868
vt 0.75732 0.01998
vt 0.74740 0.01767
vt 0.75334 0.00957
vt 0.85327 0.41481
vt 0.85778 0.41524
vt 0.85500 0.41972
vt 0.94293 0.64378
vt 0.95137 0.65535
vt 0.93663 0.65299
vt 0.74747 0.00959
vt 0.75334 0.00957
vt 0.74740 0.01767
vt 0.95151 0.67882
vt 0.94242 0.67722
vt 0.94746 0.67258
vt 0.75877 0.00494
vt 0.76217 0.00865
vt 0.75334 0.00957
vt 0.93009 0.67369
vt 0.93663 0.65299
vt 0.94669 0.66777
vt 0.76813 0.01722
vt 0.75732 0.01998
vt 0.76217 0.00865
vt 0.76217 0.00865
vt 0.75732 0.01998
vt 0.75334 0.00957
vt 0.85568 0.42883
vt 0.85500 0.41972
vt 0.85778 0.41524
vt 0.27776 0.69404
vt 0.28460 0.67407
vt 0.29732 0.68717
vt 0.85838 0.45538
vt 0.85556 0.44701
vt 0.85784 0.44146
vt 0.93009 0.67369
vt 0.94242 0.67722
vt 0.93465 0.68374
vt 0.85778 0.41524
vt 0.86431 0.42850
vt 0.85568 0.42883
vt 0.75334 0.00957
vt 0.74747 0.00959
vt 0.74694 0.00484
vt 0.26247 0.89662
vt 0.25946 0.88542
vt 0.27272 0.88558
vt 0.85784 0.44146
vt 0.86431 0.42850
vt 0.87571 0.43491
vt 0.76897 0.03882
vt 0.76407 0.04747
vt 0.75897 0.04068
vt 0.25946 0.88542
vt 0.27358 0.87315
vt 0.27272 0.88558
vt 0.26247 0.89662
vt 0.27272 0.88558
vt 0.27739 0.89425
vt 0.28436 0.87757
vt 0.27358 0.87315
vt 0.29160 0.86344
vt 0.27272 0.88558
vt 0.27358 0.87315
vt 0.28450 0.88366
vt 0.28450 0.88366
vt 0.27358 0.87315
vt 0.28436 0.87757
vt 0.76799 0.03067
vt 0.76700 0.02397
vt 0.78611 0.02563
vt 0.78611 0.02563
vt 0.77714 0.04594
vt 0.76799 0.03067
vt 0.76813 0.01722
vt 0.78189 0.01778
vt 0.76700 0.02397
vt 0.78189 0.01778
vt 0.78611 0.02563
vt 0.76700 0.02397
vt 0.93663 0.65299
vt 0.95137 0.65535
vt 0.94669 0.66777
vt 0.76217 0.00865
vt 0.75877 0.00494
vt 0.76104 0.00491
vt 0.55553 0.19559
vt 0.56562 0.19316
vt 0.55775 0.20295
vt 0.76217 0.00865
vt 0.77343 0.01040
vt 0.76813 0.01722
vt 0.77343 0.01040
vt 0.78189 0.01778
vt 0.76813 0.01722
vt 0.80853 0.05532
vt 0.80091 0.05160
vt 0.80818 0.04554
vt 0.55775 0.20295
vt 0.56525 0.21049
vt 0.55369 0.20921
vt 0.55775 0.20295
vt 0.56562 0.19316
vt 0.57054 0.20147
vt 0.93663 0.65299
vt 0.92852 0.64880
vt 0.93130 0.63605
vt 0.94242 0.67722
vt 0.93009 0.67369
vt 0.94669 0.66777
vt 0.94293 0.64378
vt 0.93663 0.65299
vt 0.93130 0.63605
vt 0.92852 0.64880
vt 0.91382 0.64896
vt 0.92068 0.62580
vt 0.92068 0.62580
vt 0.93130 0.63605
vt 0.92852 0.64880
vt 0.27272 0.88558
vt 0.28450 0.88366
vt 0.28533 0.89016
vt 0.28533 0.89016
vt 0.27739 0.89425
vt 0.27272 0.88558
vt 0.90847 0.97508
vt 0.90030 0.97965
vt 0.90076 0.97385
vt 0.29160 0.86344
vt 0.29076 0.87394
vt 0.28436 0.87757
vt 0.92852 0.64880
vt 0.93663 0.65299
vt 0.93009 0.67369
vt 0.90847 0.97508
vt 0.90179 0.98289
vt 0.90030 0.97965
vt 0.91382 0.64896
vt 0.90655 0.63479
vt 0.92068 0.62580
vt 0.95137 0.65535
vt 0.95284 0.66897
vt 0.94669 0.66777
vt 0.24533 0.89312
vt 0.26247 0.89662
vt 0.24950 0.90508
vt 0.26490 0.90405
vt 0.25409 0.90751
vt 0.26247 0.89662
vt 0.29160 0.86344
vt 0.27358 0.87315
vt 0.26772 0.85126
vt 0.77497 0.16975
vt 0.77057 0.17484
vt 0.76885 0.16429
vt 0.29160 0.86344
vt 0.26772 0.85126
vt 0.28085 0.85000
vt 0.26247 0.89662
vt 0.25409 0.90751
vt 0.24950 0.90508
vt 0.91007 0.66519
vt 0.93009 0.67369
vt 0.91393 0.67353
vt 0.90738 0.65435
vt 0.91382 0.64896
vt 0.91007 0.66519
vt 0.26247 0.89662
vt 0.24533 0.89312
vt 0.24818 0.88560
vt 0.29160 0.86344
vt 0.28085 0.85000
vt 0.29195 0.85649
vt 0.25946 0.88542
vt 0.26247 0.89662
vt 0.24818 0.88560
vt 0.91382 0.64896
vt 0.93009 0.67369
vt 0.91007 0.66519
vt 0.97482 0.56732
vt 0.96735 0.57705
vt 0.95670 0.57216
vt 0.79117 0.01921
vt 0.78611 0.02563
vt 0.78189 0.01778
vt 0.78035 0.00763
vt 0.78189 0.01778
vt 0.77343 0.01040
vt 0.79531 0.00945
vt 0.78189 0.01778
vt 0.78845 0.00526
vt 0.78845 0.00526
vt 0.78189 0.01778
vt 0.78035 0.00763
vt 0.95010 0.77684
vt 0.96376 0.77860
vt 0.95931 0.78308
vt 0.79117 0.01921
vt 0.79209 0.02360
vt 0.78611 0.02563
vt 0.94794 0.78792
vt 0.95010 0.77684
vt 0.95931 0.78308
vt 0.78189 0.01778
vt 0.79355 0.01426
vt 0.79117 0.01921
vt 0.79531 0.00945
vt 0.79355 0.01426
vt 0.78189 0.01778
vt 0.80853 0.05532
vt 0.79982 0.05971
vt 0.80091 0.05160
vt 0.95010 0.77684
vt 0.94794 0.78792
vt 0.94517 0.78082
vt 0.94794 0.78792
vt 0.95913 0.78880
vt 0.95421 0.79534
vt 0.94794 0.78792
vt 0.95931 0.78308
vt 0.95913 0.78880
vt 0.24428 0.85600
vt 0.27358 0.87315
vt 0.25946 0.88542
vt 0.91382 0.64896
vt 0.92852 0.64880
vt 0.93009 0.67369
vt 0.94351 0.79725
vt 0.93765 0.78371
vt 0.94794 0.78792
vt 0.56525 0.21049
vt 0.55775 0.20295
vt 0.57054 0.20147
vt 0.94794 0.78792
vt 0.93765 0.78371
vt 0.94517 0.78082
vt 0.28440 0.62008
vt 0.28321 0.62843
vt 0.26694 0.61112
vt 0.28321 0.62843
vt 0.25611 0.62039
vt 0.26694 0.61112
vt 0.28384 0.63732
vt 0.27628 0.65267
vt 0.25611 0.62039
vt 0.25332 0.63657
vt 0.25611 0.62039
vt 0.27628 0.65267
vt 0.30339 0.67114
vt 0.29732 0.68717
vt 0.28460 0.67407
vt 0.28460 0.67407
vt 0.29701 0.65074
vt 0.30339 0.67114
vt 0.31438 0.63374
vt 0.31982 0.64375
vt 0.31239 0.64618
vt 0.32490 0.07058
vt 0.33858 0.07067
vt 0.34063 0.08272
vt 0.29701 0.65074
vt 0.30587 0.64857
vt 0.30339 0.67114
vt 0.31239 0.64618
vt 0.32109 0.66054
vt 0.30587 0.64857
vt 0.32621 0.05587
vt 0.33858 0.07067
vt 0.32490 0.07058
vt 0.30339 0.67114
vt 0.30587 0.64857
vt 0.32109 0.66054
vt 0.32109 0.66054
vt 0.31239 0.64618
vt 0.31982 0.64375
vt 0.30587 0.64857
vt 0.29701 0.65074
vt 0.30031 0.64457
vt 0.31438 0.63374
vt 0.31239 0.64618
vt 0.30587 0.64857
vt 0.30587 0.64857
vt 0.29422 0.63746
vt 0.31438 0.63374
vt 0.30031 0.64457
vt 0.29701 0.65074
vt 0.29422 0.63746
vt 0.30587 0.64857
vt 0.30031 0.64457
vt 0.29422 0.63746
vt 0.29701 0.65074
vt 0.28460 0.67407
vt 0.27558 0.66181
vt 0.97471 0.54895
vt 0.97482 0.56732
vt 0.96028 0.55222
vt 0.31982 0.64375
vt 0.33280 0.66072
vt 0.32109 0.66054
vt 0.32621 0.05587
vt 0.34237 0.05038
vt 0.33858 0.07067
vt 0.32109 0.66054
vt 0.33236 0.68088
vt 0.30339 0.67114
vt 0.29572 0.11798
vt 0.30121 0.09858
vt 0.32053 0.11264
vt 0.29995 0.08496
vt 0.28561 0.09565
vt 0.28854 0.07671
vt 0.30121 0.09858
vt 0.29995 0.08496
vt 0.34063 0.08272
vt 0.28417 0.65039
vt 0.27558 0.66181
vt 0.27628 0.65267
vt 0.26602 0.06843
vt 0.28854 0.07671
vt 0.28561 0.09565
vt 0.34063 0.08272
vt 0.29995 0.08496
vt 0.32490 0.07058
vt 0.28854 0.07671
vt 0.29059 0.05019
vt 0.29995 0.08496
vt 0.32621 0.05587
vt 0.32490 0.07058
vt 0.29995 0.08496
vt 0.26663 0.08920
vt 0.26602 0.06843
vt 0.28561 0.09565
vt 0.29701 0.65074
vt 0.27558 0.66181
vt 0.28417 0.65039
vt 0.31438 0.63374
vt 0.29422 0.63746
vt 0.30660 0.61463
vt 0.28561 0.09565
vt 0.29995 0.08496
vt 0.30121 0.09858
vt 0.33960 0.10064
vt 0.34799 0.09483
vt 0.34841 0.10626
vt 0.29995 0.08496
vt 0.29059 0.05019
vt 0.32621 0.05587
vt 0.28854 0.07671
vt 0.26602 0.06843
vt 0.27605 0.05878
vt 0.29059 0.05019
vt 0.28854 0.07671
vt 0.27605 0.05878
vt 0.34799 0.09483
vt 0.33960 0.10064
vt 0.34063 0.08272
vt 0.29441 0.60892
vt 0.30660 0.61463
vt 0.29422 0.63746
vt 0.25608 0.64957
vt 0.25332 0.63657
vt 0.27628 0.65267
vt 0.97944 0.24444
vt 0.99029 0.25082
vt 0.97940 0.25701
vt 0.29422 0.63746
vt 0.29701 0.65074
vt 0.28417 0.65039
vt 0.30121 0.09858
vt 0.34063 0.08272
vt 0.33960 0.10064
vt 0.29422 0.63746
vt 0.28384 0.63732
vt 0.28321 0.62843
vt 0.34841 0.10626
vt 0.33767 0.11410
vt 0.33960 0.10064
vt 0.28384 0.63732
vt 0.28417 0.65039
vt 0.27628 0.65267
vt 0.32277 0.78612
vt 0.31180 0.79609
vt 0.31313 0.78994
vt 0.28722 0.62330
vt 0.29441 0.60892
vt 0.29422 0.63746
vt 0.28384 0.63732
vt 0.25611 0.62039
vt 0.28321 0.62843
vt 0.28321 0.62843
vt 0.28722 0.62330
vt 0.29422 0.63746
vt 0.29422 0.63746
vt 0.28417 0.65039
vt 0.28384 0.63732
vt 0.31148 0.82666
vt 0.29827 0.81155
vt 0.32284 0.80214
vt 0.26663 0.08920
vt 0.28561 0.09565
vt 0.28609 0.10561
vt 0.26364 0.10717
vt 0.26663 0.08920
vt 0.28609 0.10561
vt 0.27552 0.11910
vt 0.28736 0.11958
vt 0.28297 0.13233
vt 0.28609 0.10561
vt 0.29572 0.11798
vt 0.28736 0.11958
vt 0.74321 0.59507
vt 0.70169 0.59108
vt 0.72461 0.55858
vt 0.29572 0.11798
vt 0.32053 0.11264
vt 0.31658 0.13601
vt 0.74522 0.63511
vt 0.75348 0.61579
vt 0.75220 0.63751
vt 0.04237 0.62004
vt 0.02760 0.61865
vt 0.03470 0.61079
vt 0.11732 0.45102
vt 0.11207 0.47223
vt 0.10478 0.45677
vt 0.29572 0.11798
vt 0.28836 0.13656
vt 0.28736 0.11958
vt 0.29572 0.11798
vt 0.31658 0.13601
vt 0.28836 0.13656
vt 0.28297 0.13233
vt 0.28736 0.11958
vt 0.28836 0.13656
vt 0.32053 0.11264
vt 0.33960 0.10064
vt 0.33767 0.11410
vt 0.27552 0.11910
vt 0.28297 0.13233
vt 0.26132 0.14020
vt 0.28609 0.10561
vt 0.28561 0.09565
vt 0.30121 0.09858
vt 0.30121 0.09858
vt 0.33960 0.10064
vt 0.32053 0.11264
vt 0.03772 0.63790
vt 0.02169 0.64674
vt 0.02760 0.61865
vt 0.28609 0.10561
vt 0.30121 0.09858
vt 0.29572 0.11798
vt 0.27552 0.11910
vt 0.28609 0.10561
vt 0.28736 0.11958
vt 0.20024 0.67407
vt 0.21036 0.65912
vt 0.21359 0.66973
vt 0.18746 0.42218
vt 0.17447 0.44664
vt 0.15700 0.41755
vt 0.19486 0.68148
vt 0.19574 0.70055
vt 0.17493 0.69201
vt 0.16892 0.39793
vt 0.18746 0.42218
vt 0.15700 0.41755
vt 0.20024 0.67407
vt 0.19022 0.65321
vt 0.21036 0.65912
vt 0.18163 0.70918
vt 0.17493 0.69201
vt 0.19574 0.70055
vt 0.18373 0.66427
vt 0.19022 0.65321
vt 0.20024 0.67407
vt 0.18373 0.66427
vt 0.17493 0.69201
vt 0.16023 0.67412
vt 0.21036 0.65912
vt 0.19022 0.65321
vt 0.20179 0.65243
vt 0.17928 0.65558
vt 0.19022 0.65321
vt 0.18373 0.66427
vt 0.19574 0.70055
vt 0.20929 0.71951
vt 0.18163 0.70918
vt 0.16023 0.67412
vt 0.17010 0.65936
vt 0.18373 0.66427
vt 0.17010 0.65936
vt 0.17928 0.65558
vt 0.18373 0.66427
vt 0.19037 0.72465
vt 0.18163 0.70918
vt 0.20929 0.71951
vt 0.19037 0.72465
vt 0.20929 0.71951
vt 0.20134 0.72950
vt 0.17447 0.44664
vt 0.18746 0.42218
vt 0.19785 0.45299
vt 0.20024 0.67407
vt 0.21400 0.69008
vt 0.20498 0.69936
vt 0.20024 0.67407
vt 0.20498 0.69936
vt 0.19486 0.68148
vt 0.38426 0.65266
vt 0.37065 0.65542
vt 0.38181 0.64736
vt 0.38426 0.65266
vt 0.38220 0.66544
vt 0.37065 0.65542
vt 0.20498 0.69936
vt 0.19574 0.70055
vt 0.19486 0.68148
vt 0.16023 0.67412
vt 0.15187 0.66669
vt 0.15815 0.65753
vt 0.17010 0.65936
vt 0.16023 0.67412
vt 0.15815 0.65753
vt 0.17493 0.69201
vt 0.18373 0.66427
vt 0.19486 0.68148
vt 0.19486 0.68148
vt 0.18373 0.66427
vt 0.20024 0.67407
vt 0.20498 0.69936
vt 0.21488 0.70904
vt 0.19574 0.70055
vt 0.20929 0.71951
vt 0.19574 0.70055
vt 0.21488 0.70904
vt 0.20724 0.65203
vt 0.21036 0.65912
vt 0.20179 0.65243
vt 0.16814 0.65258
vt 0.17531 0.64644
vt 0.17826 0.65500
vt 0.46193 0.74883
vt 0.46509 0.73271
vt 0.47436 0.73647
vt 0.46193 0.74883
vt 0.47436 0.73647
vt 0.47969 0.73809
vt 0.48478 0.73326
vt 0.49468 0.72997
vt 0.47969 0.73809
vt 0.47436 0.73647
vt 0.48478 0.73326
vt 0.47969 0.73809
vt 0.16814 0.65258
vt 0.17010 0.65936
vt 0.15815 0.65753
vt 0.46193 0.74883
vt 0.47969 0.73809
vt 0.48476 0.75840
vt 0.45781 0.77154
vt 0.46193 0.74883
vt 0.48476 0.75840
vt 0.48476 0.75840
vt 0.47969 0.73809
vt 0.49468 0.72997
vt 0.48476 0.75840
vt 0.49468 0.72997
vt 0.50387 0.74418
vt 0.50080 0.72370
vt 0.50953 0.73229
vt 0.49468 0.72997
vt 0.16814 0.65258
vt 0.17826 0.65500
vt 0.17010 0.65936
vt 0.46509 0.73271
vt 0.45468 0.73580
vt 0.45898 0.72746
vt 0.44141 0.77161
vt 0.45781 0.77154
vt 0.46164 0.79867
vt 0.44141 0.77161
vt 0.46164 0.79867
vt 0.42504 0.78760
vt 0.46164 0.79867
vt 0.45781 0.77154
vt 0.47350 0.79777
vt 0.48514 0.79158
vt 0.47350 0.79777
vt 0.45781 0.77154
vt 0.48476 0.75840
vt 0.48514 0.79158
vt 0.45781 0.77154
vt 0.48476 0.75840
vt 0.50387 0.74418
vt 0.51040 0.76730
vt 0.50387 0.74418
vt 0.51336 0.75168
vt 0.51040 0.76730
vt 0.48476 0.75840
vt 0.49590 0.78767
vt 0.48514 0.79158
vt 0.45269 0.73104
vt 0.45898 0.72746
vt 0.45468 0.73580
vt 0.48476 0.75840
vt 0.51040 0.76730
vt 0.49590 0.78767
vt 0.50103 0.79300
vt 0.51040 0.76730
vt 0.51237 0.79191
vt 0.45368 0.50713
vt 0.44628 0.50957
vt 0.44311 0.50220
vt 0.44717 0.73690
vt 0.45269 0.73104
vt 0.45468 0.73580
vt 0.45468 0.73580
vt 0.46193 0.74883
vt 0.44447 0.74281
vt 0.44621 0.75937
vt 0.46193 0.74883
vt 0.45781 0.77154
vt 0.45468 0.73580
vt 0.44447 0.74281
vt 0.44717 0.73690
vt 0.45468 0.73580
vt 0.46509 0.73271
vt 0.46193 0.74883
vt 0.51040 0.76730
vt 0.51336 0.75168
vt 0.52409 0.75821
vt 0.47350 0.79777
vt 0.47104 0.81272
vt 0.46164 0.79867
vt 0.44447 0.74281
vt 0.46193 0.74883
vt 0.44621 0.75937
vt 0.52409 0.75821
vt 0.52218 0.78057
vt 0.51040 0.76730
vt 0.47104 0.81272
vt 0.47350 0.79777
vt 0.48184 0.80100
vt 0.48514 0.79158
vt 0.48184 0.80100
vt 0.47350 0.79777
vt 0.48184 0.80100
vt 0.48514 0.79158
vt 0.49276 0.79919
vt 0.50103 0.79300
vt 0.49590 0.78767
vt 0.51040 0.76730
vt 0.49590 0.78767
vt 0.49276 0.79919
vt 0.48514 0.79158
vt 0.50103 0.79300
vt 0.49276 0.79919
vt 0.49590 0.78767
vt 0.49163 0.80473
vt 0.48184 0.80100
vt 0.49276 0.79919
vt 0.49276 0.79919
vt 0.51237 0.79191
vt 0.49163 0.80473
vt 0.50103 0.79300
vt 0.51237 0.79191
vt 0.49276 0.79919
vt 0.44141 0.77161
vt 0.44621 0.75937
vt 0.45781 0.77154
vt 0.82940 0.64458
vt 0.84655 0.63950
vt 0.83605 0.65292
vt 0.34721 0.53213
vt 0.34798 0.54273
vt 0.34113 0.54120
vt 0.79990 0.67798
vt 0.79250 0.67186
vt 0.80617 0.66599
vt 0.80755 0.68584
vt 0.80617 0.66599
vt 0.82007 0.67941
vt 0.80617 0.66599
vt 0.81759 0.64959
vt 0.82677 0.66422
vt 0.84939 0.65482
vt 0.83605 0.65292
vt 0.84655 0.63950
vt 0.79990 0.67798
vt 0.80617 0.66599
vt 0.80755 0.68584
vt 0.51336 0.75168
vt 0.50387 0.74418
vt 0.51519 0.74189
vt 0.51336 0.75168
vt 0.51519 0.74189
vt 0.52117 0.74893
vt 0.82940 0.64458
vt 0.81759 0.64959
vt 0.81319 0.64081
vt 0.82940 0.64458
vt 0.81319 0.64081
vt 0.82732 0.63546
vt 0.80617 0.66599
vt 0.79469 0.65507
vt 0.80524 0.64353
vt 0.82091 0.61622
vt 0.84047 0.62820
vt 0.82732 0.63546
vt 0.82732 0.63546
vt 0.81319 0.64081
vt 0.81219 0.62294
vt 0.80617 0.66599
vt 0.80524 0.64353
vt 0.81759 0.64959
vt 0.67480 0.38894
vt 0.69456 0.38506
vt 0.69036 0.39700
vt 0.79250 0.67186
vt 0.78593 0.65872
vt 0.79469 0.65507
vt 0.80617 0.66599
vt 0.79250 0.67186
vt 0.79469 0.65507
vt 0.81759 0.64959
vt 0.80524 0.64353
vt 0.81319 0.64081
vt 0.80524 0.64353
vt 0.79469 0.65507
vt 0.79500 0.63548
vt 0.82007 0.67941
vt 0.80617 0.66599
vt 0.82677 0.66422
vt 0.83049 0.67333
vt 0.82007 0.67941
vt 0.82677 0.66422
vt 0.78593 0.65872
vt 0.78220 0.64595
vt 0.79469 0.65507
vt 0.52117 0.74893
vt 0.52409 0.75821
vt 0.51336 0.75168
vt 0.82940 0.64458
vt 0.82732 0.63546
vt 0.84655 0.63950
vt 0.83908 0.61959
vt 0.82091 0.61622
vt 0.83614 0.60926
vt 0.82091 0.61622
vt 0.83908 0.61959
vt 0.84047 0.62820
vt 0.81219 0.62294
vt 0.82091 0.61622
vt 0.82732 0.63546
vt 0.81219 0.62294
vt 0.81319 0.64081
vt 0.80524 0.64353
vt 0.83614 0.60926
vt 0.82091 0.61622
vt 0.83140 0.60151
vt 0.81219 0.62294
vt 0.80524 0.64353
vt 0.79500 0.63548
vt 0.84655 0.63950
vt 0.82732 0.63546
vt 0.84047 0.62820
vt 0.83605 0.65292
vt 0.83928 0.66250
vt 0.82677 0.66422
vt 0.78220 0.64595
vt 0.79500 0.63548
vt 0.79469 0.65507
vt 0.84939 0.65482
vt 0.83928 0.66250
vt 0.83605 0.65292
vt 0.77670 0.63913
vt 0.79500 0.63548
vt 0.78220 0.64595
vt 0.52218 0.78057
vt 0.52409 0.75821
vt 0.53023 0.77136
vt 0.79890 0.60758
vt 0.81219 0.62294
vt 0.79500 0.63548
vt 0.83140 0.60151
vt 0.82091 0.61622
vt 0.81776 0.60520
vt 0.81219 0.62294
vt 0.81776 0.60520
vt 0.82091 0.61622
vt 0.78770 0.62425
vt 0.78712 0.61809
vt 0.79890 0.60758
vt 0.78770 0.62425
vt 0.79890 0.60758
vt 0.79500 0.63548
vt 0.77589 0.62672
vt 0.79500 0.63548
vt 0.77670 0.63913
vt 0.77589 0.62672
vt 0.78770 0.62425
vt 0.79500 0.63548
vt 0.78054 0.62124
vt 0.78770 0.62425
vt 0.77589 0.62672
vt 0.78054 0.62124
vt 0.78712 0.61809
vt 0.78770 0.62425
vt 0.59516 0.61813
vt 0.59819 0.62467
vt 0.59128 0.62571
vt 0.36221 0.51148
vt 0.34798 0.54273
vt 0.35347 0.52244
vt 0.17473 0.21655
vt 0.17088 0.22671
vt 0.15556 0.21519
vt 0.59775 0.64363
vt 0.58143 0.65424
vt 0.59128 0.62571
vt 0.83605 0.65292
vt 0.81759 0.64959
vt 0.82940 0.64458
vt 0.83928 0.66250
vt 0.83049 0.67333
vt 0.82677 0.66422
vt 0.50387 0.74418
vt 0.50953 0.73229
vt 0.51519 0.74189
vt 0.50387 0.74418
vt 0.49468 0.72997
vt 0.50953 0.73229
vt 0.67582 0.10837
vt 0.67605 0.12503
vt 0.65776 0.10107
vt 0.85414 0.65104
vt 0.84939 0.65482
vt 0.84655 0.63950
vt 0.14756 0.67636
vt 0.15187 0.66669
vt 0.16023 0.67412
vt 0.81759 0.64959
vt 0.83605 0.65292
vt 0.82677 0.66422
vt 0.30278 0.54958
vt 0.28645 0.54828
vt 0.29651 0.53684
vt 0.30278 0.54958
vt 0.30317 0.55736
vt 0.28645 0.54828
vt 0.30317 0.55736
vt 0.30139 0.56457
vt 0.29551 0.57026
vt 0.30317 0.55736
vt 0.29551 0.57026
vt 0.28645 0.54828
vt 0.19250 0.73994
vt 0.20134 0.72950
vt 0.20173 0.74347
vt 0.16496 0.87667
vt 0.14671 0.86394
vt 0.16595 0.85840
vt 0.16507 0.73631
vt 0.17537 0.73876
vt 0.16303 0.75086
vt 0.16303 0.75086
vt 0.14864 0.73764
vt 0.16507 0.73631
vt 0.14803 0.75630
vt 0.14864 0.73764
vt 0.16303 0.75086
vt 0.15677 0.72323
vt 0.16507 0.73631
vt 0.14864 0.73764
vt 0.14864 0.73764
vt 0.14803 0.75630
vt 0.13868 0.74551
vt 0.17537 0.73876
vt 0.19037 0.72465
vt 0.19250 0.73994
vt 0.16303 0.75086
vt 0.17537 0.73876
vt 0.18580 0.74549
vt 0.19037 0.72465
vt 0.20134 0.72950
vt 0.19250 0.73994
vt 0.17537 0.73876
vt 0.19250 0.73994
vt 0.18580 0.74549
vt 0.16507 0.73631
vt 0.15677 0.72323
vt 0.18163 0.70918
vt 0.19037 0.72465
vt 0.17537 0.73876
vt 0.16507 0.73631
vt 0.15677 0.72323
vt 0.14310 0.73245
vt 0.14045 0.72620
vt 0.61721 0.10500
vt 0.58946 0.10865
vt 0.58832 0.08881
vt 0.16047 0.70836
vt 0.18163 0.70918
vt 0.15677 0.72323
vt 0.16047 0.70836
vt 0.17493 0.69201
vt 0.18163 0.70918
vt 0.16047 0.70836
vt 0.15677 0.72323
vt 0.14045 0.72620
vt 0.14310 0.73245
vt 0.15677 0.72323
vt 0.14864 0.73764
vt 0.14310 0.73245
vt 0.14864 0.73764
vt 0.13868 0.74551
vt 0.14310 0.73245
vt 0.13868 0.74551
vt 0.12664 0.73068
vt 0.29064 0.57496
vt 0.27777 0.58276
vt 0.27478 0.56523
vt 0.18209 0.86694
vt 0.18994 0.87240
vt 0.18686 0.87476
vt 0.16047 0.70836
vt 0.14045 0.72620
vt 0.14564 0.70360
vt 0.13661 0.71449
vt 0.14564 0.70360
vt 0.14045 0.72620
vt 0.18163 0.70918
vt 0.19037 0.72465
vt 0.16507 0.73631
vt 0.17493 0.69201
vt 0.16047 0.70836
vt 0.15265 0.69294
vt 0.14843 0.68511
vt 0.15265 0.69294
vt 0.13865 0.69337
vt 0.16047 0.70836
vt 0.14564 0.70360
vt 0.15265 0.69294
vt 0.14564 0.70360
vt 0.13865 0.69337
vt 0.15265 0.69294
vt 0.14045 0.72620
vt 0.14310 0.73245
vt 0.12664 0.73068
vt 0.14045 0.72620
vt 0.12664 0.73068
vt 0.13661 0.71449
vt 0.16496 0.87667
vt 0.18209 0.86694
vt 0.18686 0.87476
vt 0.13661 0.71449
vt 0.12934 0.70929
vt 0.13397 0.70211
vt 0.18994 0.87240
vt 0.18597 0.88382
vt 0.18686 0.87476
vt 0.11783 0.71987
vt 0.11154 0.72002
vt 0.11587 0.71724
vt 0.29064 0.57496
vt 0.29465 0.58374
vt 0.28992 0.58591
vt 0.28992 0.58591
vt 0.27777 0.58276
vt 0.29064 0.57496
vt 0.12664 0.73068
vt 0.11783 0.71987
vt 0.13661 0.71449
vt 0.11783 0.71987
vt 0.12229 0.71285
vt 0.13661 0.71449
vt 0.16023 0.67412
vt 0.15265 0.69294
vt 0.14843 0.68511
vt 0.14564 0.70360
vt 0.13661 0.71449
vt 0.13397 0.70211
vt 0.15265 0.69294
vt 0.16023 0.67412
vt 0.17493 0.69201
vt 0.84424 0.66814
vt 0.85107 0.67245
vt 0.84959 0.68084
vt 0.85107 0.67245
vt 0.84424 0.66814
vt 0.84831 0.66410
vt 0.18686 0.87476
vt 0.18597 0.88382
vt 0.17583 0.88667
vt 0.84424 0.66814
vt 0.84137 0.68522
vt 0.83049 0.67333
vt 0.19318 0.88551
vt 0.18597 0.88382
vt 0.18994 0.87240
vt 0.16023 0.67412
vt 0.14843 0.68511
vt 0.14756 0.67636
vt 0.13865 0.69337
vt 0.14564 0.70360
vt 0.13397 0.70211
vt 0.15008 0.85319
vt 0.15430 0.85402
vt 0.14671 0.86394
vt 0.84137 0.68522
vt 0.83161 0.69615
vt 0.82495 0.68602
vt 0.11587 0.71724
vt 0.12229 0.71285
vt 0.11783 0.71987
vt 0.14671 0.86394
vt 0.15430 0.85402
vt 0.16595 0.85840
vt 0.82298 0.69995
vt 0.81947 0.70604
vt 0.81498 0.70265
vt 0.81173 0.69511
vt 0.82007 0.67941
vt 0.82495 0.68602
vt 0.82495 0.68602
vt 0.82298 0.69995
vt 0.81498 0.70265
vt 0.83161 0.69615
vt 0.82298 0.69995
vt 0.82495 0.68602
vt 0.81498 0.70265
vt 0.81173 0.69511
vt 0.82495 0.68602
vt 0.16496 0.87667
vt 0.14192 0.87434
vt 0.14671 0.86394
vt 0.83049 0.67333
vt 0.84137 0.68522
vt 0.82495 0.68602
vt 0.84424 0.66814
vt 0.84959 0.68084
vt 0.84137 0.68522
vt 0.83928 0.66250
vt 0.84424 0.66814
vt 0.83049 0.67333
vt 0.84939 0.65482
vt 0.84831 0.66410
vt 0.83928 0.66250
vt 0.30373 0.53999
vt 0.30278 0.54958
vt 0.29651 0.53684
vt 0.14788 0.67223
vt 0.15187 0.66669
vt 0.14756 0.67636
vt 0.84831 0.66410
vt 0.84424 0.66814
vt 0.83928 0.66250
vt 0.16496 0.87667
vt 0.16595 0.85840
vt 0.18209 0.86694
vt 0.16496 0.87667
vt 0.15270 0.88899
vt 0.14192 0.87434
vt 0.17118 0.76886
vt 0.15751 0.76435
vt 0.17773 0.75840
vt 0.16303 0.75086
vt 0.18580 0.74549
vt 0.17773 0.75840
vt 0.16303 0.75086
vt 0.17773 0.75840
vt 0.15751 0.76435
vt 0.17583 0.88667
vt 0.16496 0.87667
vt 0.18686 0.87476
vt 0.30071 0.53679
vt 0.30373 0.53999
vt 0.29651 0.53684
vt 0.80755 0.68584
vt 0.82007 0.67941
vt 0.81173 0.69511
vt 0.82495 0.68602
vt 0.82007 0.67941
vt 0.83049 0.67333
vt 0.02740 0.03020
vt 0.04014 0.02494
vt 0.02937 0.04360
vt 0.16496 0.87667
vt 0.17583 0.88667
vt 0.16456 0.89139
vt 0.16303 0.75086
vt 0.15751 0.76435
vt 0.14803 0.75630
vt 0.15270 0.88899
vt 0.14148 0.89177
vt 0.14192 0.87434
vt 0.16456 0.89139
vt 0.15270 0.88899
vt 0.16496 0.87667
vt 0.67867 0.16017
vt 0.68861 0.17917
vt 0.66620 0.16945
vt 0.42711 0.11973
vt 0.41046 0.12780
vt 0.39626 0.11570
vt 0.41046 0.12780
vt 0.39814 0.14207
vt 0.39626 0.11570
vt 0.41046 0.12780
vt 0.42711 0.11973
vt 0.42921 0.13393
vt 0.43471 0.07447
vt 0.43646 0.10516
vt 0.41615 0.10103
vt 0.67605 0.12503
vt 0.67867 0.16017
vt 0.66700 0.15537
vt 0.41267 0.06615
vt 0.43471 0.07447
vt 0.41615 0.10103
vt 0.46114 0.09087
vt 0.44514 0.06041
vt 0.47663 0.06256
vt 0.41615 0.10103
vt 0.42711 0.11973
vt 0.39626 0.11570
vt 0.67867 0.16017
vt 0.66620 0.16945
vt 0.66700 0.15537
vt 0.41457 0.14506
vt 0.41046 0.12780
vt 0.42921 0.13393
vt 0.39814 0.14207
vt 0.41046 0.12780
vt 0.41457 0.14506
vt 0.44514 0.06041
vt 0.45532 0.04926
vt 0.47663 0.06256
vt 0.09534 0.04121
vt 0.10275 0.05909
vt 0.08572 0.04843
vt 0.10501 0.09442
vt 0.08615 0.08004
vt 0.10275 0.05909
vt 0.44514 0.06041
vt 0.46114 0.09087
vt 0.43471 0.07447
vt 0.06488 0.03420
vt 0.04014 0.02494
vt 0.05179 0.01356
vt 0.45579 0.11973
vt 0.45911 0.13002
vt 0.42711 0.11973
vt 0.45911 0.13002
vt 0.42921 0.13393
vt 0.42711 0.11973
vt 0.11346 0.11562
vt 0.09274 0.10610
vt 0.10501 0.09442
vt 0.10501 0.09442
vt 0.10275 0.05909
vt 0.12235 0.08023
vt 0.45911 0.13002
vt 0.45296 0.14505
vt 0.42921 0.13393
vt 0.43471 0.07447
vt 0.45412 0.10674
vt 0.43646 0.10516
vt 0.46114 0.09087
vt 0.45412 0.10674
vt 0.43471 0.07447
vt 0.43646 0.10516
vt 0.45579 0.11973
vt 0.42711 0.11973
vt 0.48075 0.10395
vt 0.49544 0.11766
vt 0.47161 0.11331
vt 0.41615 0.10103
vt 0.43646 0.10516
vt 0.42711 0.11973
vt 0.67570 0.17979
vt 0.66620 0.16945
vt 0.68861 0.17917
vt 0.45579 0.11973
vt 0.47161 0.11331
vt 0.47537 0.13059
vt 0.47663 0.06256
vt 0.49121 0.08330
vt 0.46114 0.09087
vt 0.50499 0.10656
vt 0.48075 0.10395
vt 0.49121 0.08330
vt 0.48075 0.10395
vt 0.50499 0.10656
vt 0.49544 0.11766
vt 0.47537 0.13059
vt 0.45911 0.13002
vt 0.45579 0.11973
vt 0.47161 0.11331
vt 0.45412 0.10674
vt 0.46114 0.09087
vt 0.06488 0.03420
vt 0.06144 0.04803
vt 0.04014 0.02494
vt 0.47537 0.13059
vt 0.47161 0.11331
vt 0.49544 0.11766
vt 0.00870 0.05643
vt 0.01445 0.05689
vt 0.00626 0.07046
vt 0.49121 0.08330
vt 0.48075 0.10395
vt 0.46114 0.09087
vt 0.45579 0.11973
vt 0.43646 0.10516
vt 0.45412 0.10674
vt 0.49544 0.11766
vt 0.51932 0.12047
vt 0.50629 0.13112
vt 0.45412 0.10674
vt 0.47161 0.11331
vt 0.45579 0.11973
vt 0.47161 0.11331
vt 0.46114 0.09087
vt 0.48075 0.10395
vt 0.45017 0.37973
vt 0.42878 0.36528
vt 0.44436 0.35120
vt 0.42878 0.36528
vt 0.45017 0.37973
vt 0.43358 0.39408
vt 0.45017 0.37973
vt 0.45764 0.39171
vt 0.43358 0.39408
vt 0.45017 0.37973
vt 0.45753 0.35825
vt 0.46734 0.38343
vt 0.02127 0.05023
vt 0.02740 0.03020
vt 0.02937 0.04360
vt 0.42696 0.05016
vt 0.41628 0.04286
vt 0.43322 0.03298
vt 0.39626 0.11570
vt 0.39039 0.10418
vt 0.41615 0.10103
vt 0.41615 0.10103
vt 0.39819 0.07659
vt 0.41267 0.06615
vt 0.41615 0.10103
vt 0.38535 0.09708
vt 0.39819 0.07659
vt 0.41615 0.10103
vt 0.39039 0.10418
vt 0.38535 0.09708
vt 0.44514 0.06041
vt 0.43471 0.07447
vt 0.41267 0.06615
vt 0.39819 0.07659
vt 0.38535 0.09708
vt 0.38014 0.08400
vt 0.41628 0.04286
vt 0.42696 0.05016
vt 0.41267 0.06615
vt 0.43322 0.03298
vt 0.45532 0.04926
vt 0.42696 0.05016
vt 0.38014 0.08400
vt 0.37125 0.09653
vt 0.37205 0.08617
vt 0.39819 0.07659
vt 0.38014 0.08400
vt 0.38557 0.06543
vt 0.41628 0.04286
vt 0.41267 0.06615
vt 0.40078 0.05429
vt 0.40078 0.05429
vt 0.41267 0.06615
vt 0.39819 0.07659
vt 0.48495 0.41407
vt 0.49793 0.42498
vt 0.48352 0.42354
vt 0.47183 0.41358
vt 0.47351 0.39717
vt 0.48495 0.41407
vt 0.40078 0.05429
vt 0.39819 0.07659
vt 0.38557 0.06543
vt 0.49793 0.42498
vt 0.49653 0.43593
vt 0.49003 0.43240
vt 0.49793 0.42498
vt 0.49003 0.43240
vt 0.48352 0.42354
vt 0.47183 0.41358
vt 0.48495 0.41407
vt 0.48352 0.42354
vt 0.48114 0.43731
vt 0.48352 0.42354
vt 0.49003 0.43240
vt 0.37488 0.06842
vt 0.38014 0.08400
vt 0.36927 0.07161
vt 0.37488 0.06842
vt 0.38557 0.06543
vt 0.38014 0.08400
vt 0.38014 0.08400
vt 0.37205 0.08617
vt 0.36759 0.07825
vt 0.36927 0.07161
vt 0.38014 0.08400
vt 0.36759 0.07825
vt 0.02937 0.04360
vt 0.04014 0.02494
vt 0.06144 0.04803
vt 0.36077 0.07846
vt 0.36361 0.07411
vt 0.36759 0.07825
vt 0.36927 0.07161
vt 0.36759 0.07825
vt 0.36361 0.07411
vt 0.50796 0.43696
vt 0.51306 0.44261
vt 0.50860 0.44277
vt 0.50796 0.43696
vt 0.50860 0.44277
vt 0.50081 0.44099
vt 0.48473 0.44576
vt 0.48114 0.43731
vt 0.49653 0.43593
vt 0.02740 0.03020
vt 0.03833 0.01754
vt 0.04014 0.02494
vt 0.48473 0.44576
vt 0.49653 0.43593
vt 0.50081 0.44099
vt 0.49003 0.43240
vt 0.49653 0.43593
vt 0.48114 0.43731
vt 0.15556 0.21519
vt 0.17229 0.20022
vt 0.17473 0.21655
vt 0.47183 0.41358
vt 0.48352 0.42354
vt 0.44753 0.41793
vt 0.49206 0.45838
vt 0.48473 0.44576
vt 0.50081 0.44099
vt 0.41267 0.06615
vt 0.42696 0.05016
vt 0.44514 0.06041
vt 0.44753 0.41793
vt 0.48352 0.42354
vt 0.48114 0.43731
vt 0.48473 0.44576
vt 0.49206 0.45838
vt 0.46447 0.45745
vt 0.48473 0.44576
vt 0.45963 0.44650
vt 0.48114 0.43731
vt 0.46734 0.38343
vt 0.47351 0.39717
vt 0.45764 0.39171
vt 0.42696 0.05016
vt 0.45532 0.04926
vt 0.44514 0.06041
vt 0.45017 0.37973
vt 0.46734 0.38343
vt 0.45764 0.39171
vt 0.44436 0.35120
vt 0.45753 0.35825
vt 0.45017 0.37973
vt 0.47183 0.41358
vt 0.45764 0.39171
vt 0.47351 0.39717
vt 0.03478 0.83379
vt 0.04957 0.83254
vt 0.05405 0.85587
vt 0.07133 0.84344
vt 0.05405 0.85587
vt 0.04957 0.83254
vt 0.36961 0.14223
vt 0.36536 0.12012
vt 0.38333 0.13432
vt 0.39626 0.11570
vt 0.38333 0.13432
vt 0.36536 0.12012
vt 0.40552 0.55992
vt 0.39776 0.57042
vt 0.39795 0.54940
vt 0.36128 0.13330
vt 0.36536 0.12012
vt 0.36961 0.14223
vt 0.39039 0.10418
vt 0.36941 0.10938
vt 0.38535 0.09708
vt 0.38535 0.09708
vt 0.36941 0.10938
vt 0.37125 0.09653
vt 0.38535 0.09708
vt 0.37125 0.09653
vt 0.38014 0.08400
vt 0.36961 0.14223
vt 0.35814 0.14556
vt 0.36128 0.13330
vt 0.07033 0.86813
vt 0.07133 0.84344
vt 0.08409 0.86325
vt 0.19649 0.19187
vt 0.19859 0.20396
vt 0.18518 0.20358
vt 0.35972 0.62304
vt 0.36887 0.63312
vt 0.36410 0.64318
vt 0.07133 0.84344
vt 0.09452 0.85540
vt 0.08409 0.86325
vt 0.36887 0.63312
vt 0.35972 0.62304
vt 0.37088 0.62887
vt 0.09452 0.85540
vt 0.08744 0.84175
vt 0.09809 0.84620
vt 0.16755 0.24294
vt 0.17088 0.22671
vt 0.17226 0.23281
vt 0.03180 0.84958
vt 0.05405 0.85587
vt 0.04519 0.86590
vt 0.08744 0.84175
vt 0.09452 0.85540
vt 0.07133 0.84344
vt 0.37942 0.60671
vt 0.38283 0.62042
vt 0.35972 0.62304
vt 0.10259 0.86653
vt 0.08409 0.86325
vt 0.09452 0.85540
vt 0.10259 0.86653
vt 0.09425 0.86827
vt 0.08409 0.86325
vt 0.37030 0.57477
vt 0.37942 0.60671
vt 0.35417 0.57852
vt 0.37088 0.62887
vt 0.35972 0.62304
vt 0.38283 0.62042
vt 0.07133 0.84344
vt 0.08356 0.83016
vt 0.08744 0.84175
vt 0.10259 0.86653
vt 0.10516 0.85338
vt 0.10893 0.86315
vt 0.08356 0.83016
vt 0.09460 0.83415
vt 0.08744 0.84175
vt 0.09452 0.85540
vt 0.10516 0.85338
vt 0.10259 0.86653
vt 0.09809 0.84620
vt 0.10516 0.85338
vt 0.09452 0.85540
vt 0.36553 0.56081
vt 0.39776 0.57042
vt 0.37030 0.57477
vt 0.34798 0.54273
vt 0.35417 0.57852
vt 0.33344 0.55305
vt 0.09809 0.84620
vt 0.08744 0.84175
vt 0.09460 0.83415
vt 0.17737 0.18430
vt 0.14273 0.17097
vt 0.13186 0.13847
vt 0.07133 0.84344
vt 0.04957 0.83254
vt 0.06471 0.82787
vt 0.05950 0.82388
vt 0.06471 0.82787
vt 0.04957 0.83254
vt 0.07133 0.84344
vt 0.06471 0.82787
vt 0.08356 0.83016
vt 0.39626 0.11570
vt 0.39814 0.14207
vt 0.38333 0.13432
vt 0.03180 0.84958
vt 0.04519 0.86590
vt 0.03299 0.86604
vt 0.07033 0.86813
vt 0.05405 0.85587
vt 0.07133 0.84344
vt 0.35814 0.14556
vt 0.36961 0.14223
vt 0.37124 0.15520
vt 0.07453 0.81658
vt 0.06471 0.82787
vt 0.05950 0.82388
vt 0.07453 0.81658
vt 0.08456 0.82177
vt 0.06471 0.82787
vt 0.09460 0.83415
vt 0.08356 0.83016
vt 0.08456 0.82177
vt 0.08356 0.83016
vt 0.06471 0.82787
vt 0.08456 0.82177
vt 0.51946 0.49023
vt 0.51842 0.50008
vt 0.50814 0.50231
vt 0.07453 0.81658
vt 0.05950 0.82388
vt 0.06490 0.81263
vt 0.05405 0.85587
vt 0.03180 0.84958
vt 0.03478 0.83379
vt 0.03299 0.86604
vt 0.01985 0.85183
vt 0.03180 0.84958
vt 0.01368 0.59333
vt 0.00722 0.58786
vt 0.00925 0.58160
vt 0.03299 0.86604
vt 0.01949 0.86893
vt 0.01985 0.85183
vt 0.06490 0.81263
vt 0.06801 0.80502
vt 0.07453 0.81658
vt 0.51842 0.50008
vt 0.51893 0.50759
vt 0.51355 0.50596
vt 0.00986 0.37881
vt 0.01691 0.39139
vt 0.00663 0.38881
vt 0.20173 0.74347
vt 0.20134 0.72950
vt 0.21422 0.73498
vt 0.35814 0.14556
vt 0.36649 0.15982
vt 0.35802 0.16128
vt 0.37124 0.15520
vt 0.36649 0.15982
vt 0.35814 0.14556
vt 0.01368 0.59333
vt 0.00925 0.58160
vt 0.02249 0.59089
vt 0.36941 0.10938
vt 0.39039 0.10418
vt 0.36536 0.12012
vt 0.39814 0.14207
vt 0.36961 0.14223
vt 0.38333 0.13432
vt 0.38301 0.16365
vt 0.37124 0.15520
vt 0.36961 0.14223
vt 0.37196 0.16442
vt 0.36649 0.15982
vt 0.37124 0.15520
vt 0.39814 0.14207
vt 0.38301 0.16365
vt 0.36961 0.14223
vt 0.38301 0.16365
vt 0.37196 0.16442
vt 0.37124 0.15520
vt 0.40345 0.15568
vt 0.39814 0.14207
vt 0.41457 0.14506
vt 0.40345 0.15568
vt 0.38301 0.16365
vt 0.39814 0.14207
vt 0.05542 0.86697
vt 0.04519 0.86590
vt 0.05405 0.85587
vt 0.07033 0.86813
vt 0.05542 0.86697
vt 0.05405 0.85587
vt 0.36536 0.12012
vt 0.39039 0.10418
vt 0.39626 0.11570
vt 0.05942 0.79611
vt 0.06633 0.79650
vt 0.06801 0.80502
vt 0.96934 0.11549
vt 0.97644 0.10671
vt 0.97067 0.12379
vt 0.01827 0.82047
vt 0.02623 0.80641
vt 0.03371 0.82022
vt 0.02183 0.80906
vt 0.01770 0.80006
vt 0.02623 0.80641
vt 0.01770 0.80006
vt 0.02634 0.79762
vt 0.02623 0.80641
vt 0.16764 0.90206
vt 0.16456 0.89139
vt 0.17583 0.88667
vt 0.17583 0.88667
vt 0.17690 0.90260
vt 0.16764 0.90206
vt 0.18500 0.89452
vt 0.17690 0.90260
vt 0.17583 0.88667
vt 0.97067 0.12379
vt 0.97644 0.10671
vt 0.97540 0.13193
vt 0.92791 0.35156
vt 0.92442 0.34181
vt 0.93275 0.34603
vt 0.94471 0.34725
vt 0.93275 0.34603
vt 0.94042 0.34368
vt 0.94471 0.34725
vt 0.94042 0.34368
vt 0.94569 0.34338
vt 0.92442 0.34181
vt 0.92791 0.35156
vt 0.91920 0.34836
vt 0.98408 0.14605
vt 0.99325 0.14202
vt 0.99240 0.15150
vt 0.14836 0.89922
vt 0.13855 0.90774
vt 0.14148 0.89177
vt 0.16456 0.89139
vt 0.15554 0.90674
vt 0.15270 0.88899
vt 0.14836 0.89922
vt 0.15554 0.90674
vt 0.14844 0.91058
vt 0.15554 0.90674
vt 0.16456 0.89139
vt 0.16764 0.90206
vt 0.02183 0.80906
vt 0.02623 0.80641
vt 0.01827 0.82047
vt 0.15554 0.90674
vt 0.14836 0.89922
vt 0.15270 0.88899
vt 0.98408 0.14605
vt 0.98392 0.13780
vt 0.99325 0.14202
vt 0.98392 0.13780
vt 0.97540 0.13193
vt 0.99328 0.13238
vt 0.98392 0.13780
vt 0.99328 0.13238
vt 0.99325 0.14202
vt 0.05950 0.82388
vt 0.04957 0.83254
vt 0.04608 0.81247
vt 0.14148 0.89177
vt 0.15270 0.88899
vt 0.14836 0.89922
vt 0.04608 0.81247
vt 0.04957 0.83254
vt 0.03371 0.82022
vt 0.03371 0.82022
vt 0.02623 0.80641
vt 0.04608 0.81247
vt 0.04870 0.58314
vt 0.06436 0.59204
vt 0.05443 0.60130
vt 0.02028 0.83390
vt 0.03371 0.82022
vt 0.03478 0.83379
vt 0.97540 0.13193
vt 0.97644 0.10671
vt 0.99328 0.13238
vt 0.02028 0.83390
vt 0.01827 0.82047
vt 0.03371 0.82022
vt 0.04608 0.81247
vt 0.02623 0.80641
vt 0.03545 0.80062
vt 0.06490 0.81263
vt 0.05950 0.82388
vt 0.04608 0.81247
vt 0.01827 0.82047
vt 0.02028 0.83390
vt 0.01545 0.83472
vt 0.18597 0.88382
vt 0.19318 0.88551
vt 0.18500 0.89452
vt 0.18500 0.89452
vt 0.17583 0.88667
vt 0.18597 0.88382
vt 0.03180 0.84958
vt 0.02028 0.83390
vt 0.03478 0.83379
vt 0.14844 0.91058
vt 0.13855 0.90774
vt 0.14836 0.89922
vt 0.03478 0.83379
vt 0.03371 0.82022
vt 0.04957 0.83254
vt 0.93060 0.36905
vt 0.91911 0.37540
vt 0.91817 0.35789
vt 0.97644 0.10671
vt 0.99425 0.10653
vt 0.99069 0.11919
vt 0.04608 0.81247
vt 0.03545 0.80062
vt 0.05022 0.79870
vt 0.06436 0.59204
vt 0.06600 0.60427
vt 0.05443 0.60130
vt 0.94811 0.35967
vt 0.93275 0.34603
vt 0.94471 0.34725
vt 0.01827 0.82047
vt 0.02130 0.81367
vt 0.02183 0.80906
vt 0.93187 0.38791
vt 0.91911 0.37540
vt 0.93060 0.36905
vt 0.93060 0.36905
vt 0.93835 0.36076
vt 0.94496 0.37670
vt 0.93835 0.36076
vt 0.93275 0.34603
vt 0.94811 0.35967
vt 0.97644 0.10671
vt 0.99069 0.11919
vt 0.99328 0.13238
vt 0.94496 0.37670
vt 0.93835 0.36076
vt 0.95240 0.37196
vt 0.94811 0.35967
vt 0.95240 0.37196
vt 0.93835 0.36076
vt 0.06162 0.58056
vt 0.06436 0.59204
vt 0.05658 0.57448
vt 0.05658 0.57448
vt 0.06436 0.59204
vt 0.04870 0.58314
vt 0.01545 0.83472
vt 0.02028 0.83390
vt 0.01427 0.85189
vt 0.04870 0.58314
vt 0.03895 0.59446
vt 0.02249 0.59089
vt 0.03895 0.59446
vt 0.04870 0.58314
vt 0.05443 0.60130
vt 0.03545 0.80062
vt 0.02623 0.80641
vt 0.02634 0.79762
vt 0.06600 0.60427
vt 0.07249 0.60897
vt 0.06226 0.61047
vt 0.01985 0.85183
vt 0.01427 0.85189
vt 0.02028 0.83390
vt 0.01985 0.85183
vt 0.02028 0.83390
vt 0.03180 0.84958
vt 0.06801 0.80502
vt 0.06490 0.81263
vt 0.04608 0.81247
vt 0.06801 0.80502
vt 0.04608 0.81247
vt 0.05942 0.79611
vt 0.14148 0.89177
vt 0.13855 0.90774
vt 0.13187 0.90002
vt 0.05942 0.79611
vt 0.04608 0.81247
vt 0.05022 0.79870
vt 0.92791 0.35156
vt 0.91817 0.35789
vt 0.91920 0.34836
vt 0.18994 0.87240
vt 0.19477 0.87555
vt 0.19318 0.88551
vt 0.04870 0.58314
vt 0.02249 0.59089
vt 0.02068 0.58177
vt 0.14148 0.89177
vt 0.13187 0.90002
vt 0.12277 0.89279
vt 0.93060 0.36905
vt 0.94496 0.37670
vt 0.93187 0.38791
vt 0.61696 0.05397
vt 0.62173 0.05726
vt 0.61350 0.05631
vt 0.97644 0.10671
vt 0.98101 0.10027
vt 0.98565 0.10176
vt 0.99425 0.10653
vt 0.97644 0.10671
vt 0.98565 0.10176
vt 0.21556 0.74387
vt 0.20173 0.74347
vt 0.21422 0.73498
vt 0.93908 0.39584
vt 0.93187 0.38791
vt 0.94496 0.37670
vt 0.95460 0.38165
vt 0.94496 0.37670
vt 0.95240 0.37196
vt 0.94496 0.37670
vt 0.95460 0.38165
vt 0.94870 0.38499
vt 0.00925 0.58160
vt 0.02068 0.58177
vt 0.02249 0.59089
vt 0.93908 0.39584
vt 0.94496 0.37670
vt 0.94870 0.38499
vt 0.01693 0.56869
vt 0.04870 0.58314
vt 0.02068 0.58177
vt 0.02068 0.58177
vt 0.01167 0.57273
vt 0.01693 0.56869
vt 0.91817 0.35789
vt 0.92791 0.35156
vt 0.93060 0.36905
vt 0.93835 0.36076
vt 0.93060 0.36905
vt 0.92791 0.35156
vt 0.02068 0.58177
vt 0.00925 0.58160
vt 0.01167 0.57273
vt 0.93835 0.36076
vt 0.92791 0.35156
vt 0.93275 0.34603
vt 0.21737 0.68340
vt 0.20024 0.67407
vt 0.21770 0.67628
vt 0.21770 0.67628
vt 0.20024 0.67407
vt 0.21359 0.66973
vt 0.21400 0.69008
vt 0.20024 0.67407
vt 0.21737 0.68340
vt 0.20498 0.69936
vt 0.21400 0.69008
vt 0.21474 0.70144
vt 0.39198 0.66216
vt 0.38220 0.66544
vt 0.38883 0.65524
vt 0.38349 0.67395
vt 0.38220 0.66544
vt 0.39198 0.66216
vt 0.49392 0.01082
vt 0.53008 0.00488
vt 0.52603 0.02027
vt 0.21474 0.70144
vt 0.21488 0.70904
vt 0.20498 0.69936
vt 0.45181 0.49019
vt 0.44311 0.50220
vt 0.44083 0.49792
vt 0.38220 0.66544
vt 0.36496 0.66859
vt 0.37065 0.65542
vt 0.52603 0.02027
vt 0.54327 0.02286
vt 0.52066 0.03451
vt 0.45181 0.49019
vt 0.44083 0.49792
vt 0.43901 0.49171
vt 0.46621 0.47289
vt 0.48152 0.47696
vt 0.47780 0.48477
vt 0.44447 0.74281
vt 0.44351 0.74015
vt 0.44717 0.73690
vt 0.54203 0.05514
vt 0.53302 0.06839
vt 0.52066 0.03451
vt 0.54203 0.05514
vt 0.52066 0.03451
vt 0.54327 0.02286
vt 0.35124 0.67198
vt 0.35522 0.65967
vt 0.36332 0.65999
vt 0.53008 0.00488
vt 0.54327 0.02286
vt 0.52603 0.02027
vt 0.49876 0.49853
vt 0.50806 0.49153
vt 0.50814 0.50231
vt 0.46621 0.47289
vt 0.49206 0.45838
vt 0.48152 0.47696
vt 0.45181 0.49019
vt 0.46621 0.47289
vt 0.47780 0.48477
vt 0.38818 0.64643
vt 0.38181 0.64736
vt 0.38555 0.64207
vt 0.21841 0.71947
vt 0.21488 0.70904
vt 0.22214 0.71465
vt 0.36496 0.66859
vt 0.36332 0.65999
vt 0.37065 0.65542
vt 0.38220 0.66544
vt 0.38349 0.67395
vt 0.36496 0.66859
vt 0.38349 0.67395
vt 0.36552 0.67810
vt 0.36496 0.66859
vt 0.48152 0.47696
vt 0.49206 0.45838
vt 0.49479 0.47359
vt 0.21488 0.70904
vt 0.21841 0.71947
vt 0.20929 0.71951
vt 0.35124 0.67198
vt 0.36496 0.66859
vt 0.36009 0.67748
vt 0.36332 0.65999
vt 0.36496 0.66859
vt 0.35124 0.67198
vt 0.38349 0.67395
vt 0.37344 0.68210
vt 0.36552 0.67810
vt 0.50977 0.47834
vt 0.50806 0.49153
vt 0.49967 0.48670
vt 0.34947 0.66367
vt 0.35522 0.65967
vt 0.35124 0.67198
vt 0.38426 0.65266
vt 0.38181 0.64736
vt 0.38818 0.64643
vt 0.39198 0.66216
vt 0.38883 0.65524
vt 0.39644 0.65603
vt 0.49967 0.48670
vt 0.49479 0.47359
vt 0.50977 0.47834
vt 0.35691 0.68059
vt 0.35124 0.67198
vt 0.36009 0.67748
vt 0.49206 0.45838
vt 0.50977 0.47834
vt 0.49479 0.47359
vt 0.47596 0.49245
vt 0.46939 0.50156
vt 0.47780 0.48477
vt 0.44311 0.50220
vt 0.46294 0.50363
vt 0.45368 0.50713
vt 0.45181 0.49019
vt 0.46294 0.50363
vt 0.44311 0.50220
vt 0.47574 0.49715
vt 0.46939 0.50156
vt 0.47596 0.49245
vt 0.20173 0.74347
vt 0.21556 0.74387
vt 0.20905 0.75044
vt 0.05942 0.79611
vt 0.06191 0.79196
vt 0.06633 0.79650
vt 0.21422 0.73498
vt 0.20134 0.72950
vt 0.20929 0.71951
vt 0.51355 0.50596
vt 0.50594 0.50436
vt 0.50814 0.50231
vt 0.51842 0.50008
vt 0.51355 0.50596
vt 0.50814 0.50231
vt 0.20929 0.71951
vt 0.21841 0.71947
vt 0.21422 0.73498
vt 0.46939 0.50156
vt 0.46294 0.50363
vt 0.45181 0.49019
vt 0.50814 0.50231
vt 0.50806 0.49153
vt 0.51946 0.49023
vt 0.50977 0.47834
vt 0.51946 0.49023
vt 0.50806 0.49153
vt 0.50977 0.47834
vt 0.52157 0.47480
vt 0.51946 0.49023
vt 0.52157 0.47480
vt 0.50977 0.47834
vt 0.51883 0.46237
vt 0.49206 0.45838
vt 0.51883 0.46237
vt 0.50977 0.47834
vt 0.50081 0.44099
vt 0.50860 0.44277
vt 0.49206 0.45838
vt 0.50860 0.44277
vt 0.51736 0.45199
vt 0.51883 0.46237
vt 0.50860 0.44277
vt 0.51306 0.44261
vt 0.51736 0.45199
vt 0.47780 0.48477
vt 0.46939 0.50156
vt 0.45181 0.49019
vt 0.46621 0.47289
vt 0.45181 0.49019
vt 0.44635 0.47371
vt 0.51883 0.46237
vt 0.49206 0.45838
vt 0.50860 0.44277
vt 0.45963 0.44650
vt 0.43898 0.46378
vt 0.42947 0.45188
vt 0.43274 0.42871
vt 0.44753 0.41793
vt 0.44754 0.43964
vt 0.41432 0.41004
vt 0.41260 0.42853
vt 0.40639 0.42173
vt 0.40639 0.42173
vt 0.41260 0.42853
vt 0.40737 0.43523
vt 0.41432 0.41004
vt 0.42119 0.41712
vt 0.41260 0.42853
vt 0.40737 0.43523
vt 0.39940 0.44218
vt 0.40639 0.42173
vt 0.41215 0.44641
vt 0.40413 0.44559
vt 0.40737 0.43523
vt 0.40413 0.44559
vt 0.39940 0.44218
vt 0.40737 0.43523
vt 0.44753 0.41793
vt 0.45963 0.44650
vt 0.44754 0.43964
vt 0.46447 0.45745
vt 0.49206 0.45838
vt 0.46621 0.47289
vt 0.40737 0.43523
vt 0.41260 0.42853
vt 0.41215 0.44641
vt 0.41215 0.44641
vt 0.41260 0.42853
vt 0.42947 0.45188
vt 0.49876 0.49853
vt 0.50814 0.50231
vt 0.50594 0.50436
vt 0.42261 0.46850
vt 0.43898 0.46378
vt 0.44635 0.47371
vt 0.42261 0.46850
vt 0.42947 0.45188
vt 0.43898 0.46378
vt 0.67137 0.27355
vt 0.64816 0.25679
vt 0.66265 0.24223
vt 0.44635 0.47371
vt 0.42770 0.47472
vt 0.42261 0.46850
vt 0.42947 0.45188
vt 0.42261 0.46850
vt 0.41636 0.46007
vt 0.42261 0.46850
vt 0.42770 0.47472
vt 0.42489 0.47313
vt 0.43106 0.48300
vt 0.42770 0.47472
vt 0.44635 0.47371
vt 0.44621 0.75937
vt 0.42963 0.75849
vt 0.43607 0.74797
vt 0.42963 0.75849
vt 0.42974 0.75439
vt 0.43607 0.74797
vt 0.44621 0.75937
vt 0.44141 0.77161
vt 0.42963 0.75849
vt 0.43901 0.49171
vt 0.44635 0.47371
vt 0.45181 0.49019
vt 0.43106 0.48300
vt 0.44635 0.47371
vt 0.43901 0.49171
vt 0.48473 0.44576
vt 0.46447 0.45745
vt 0.45963 0.44650
vt 0.43106 0.48300
vt 0.43901 0.49171
vt 0.43477 0.49093
vt 0.43607 0.74797
vt 0.44447 0.74281
vt 0.44621 0.75937
vt 0.45963 0.44650
vt 0.44753 0.41793
vt 0.48114 0.43731
vt 0.41047 0.45530
vt 0.40413 0.44559
vt 0.41215 0.44641
vt 0.40413 0.44559
vt 0.41047 0.45530
vt 0.40278 0.44811
vt 0.42947 0.45188
vt 0.41047 0.45530
vt 0.41215 0.44641
vt 0.41047 0.45530
vt 0.42947 0.45188
vt 0.41636 0.46007
vt 0.44141 0.77161
vt 0.42547 0.76255
vt 0.42963 0.75849
vt 0.41945 0.76910
vt 0.44141 0.77161
vt 0.42504 0.78760
vt 0.41446 0.77494
vt 0.41945 0.76910
vt 0.42504 0.78760
vt 0.43274 0.42871
vt 0.42947 0.45188
vt 0.41260 0.42853
vt 0.46447 0.45745
vt 0.44635 0.47371
vt 0.43898 0.46378
vt 0.41945 0.76910
vt 0.42547 0.76255
vt 0.44141 0.77161
vt 0.41446 0.77494
vt 0.42504 0.78760
vt 0.40740 0.78530
vt 0.43274 0.42871
vt 0.44754 0.43964
vt 0.42947 0.45188
vt 0.41260 0.42853
vt 0.42119 0.41712
vt 0.43274 0.42871
vt 0.41432 0.41004
vt 0.41956 0.40813
vt 0.42119 0.41712
vt 0.41698 0.39773
vt 0.41963 0.39381
vt 0.41956 0.40813
vt 0.41698 0.39773
vt 0.41956 0.40813
vt 0.41432 0.41004
vt 0.43274 0.42871
vt 0.42119 0.41712
vt 0.44753 0.41793
vt 0.42119 0.41712
vt 0.41956 0.40813
vt 0.44753 0.41793
vt 0.43358 0.39408
vt 0.41956 0.40813
vt 0.41963 0.39381
vt 0.41326 0.38007
vt 0.41963 0.39381
vt 0.41698 0.39773
vt 0.44753 0.41793
vt 0.41956 0.40813
vt 0.43358 0.39408
vt 0.41326 0.38007
vt 0.43358 0.39408
vt 0.41963 0.39381
vt 0.44635 0.47371
vt 0.46447 0.45745
vt 0.46621 0.47289
vt 0.45764 0.39171
vt 0.44753 0.41793
vt 0.43358 0.39408
vt 0.47183 0.41358
vt 0.44753 0.41793
vt 0.45764 0.39171
vt 0.44754 0.43964
vt 0.45963 0.44650
vt 0.42947 0.45188
vt 0.43898 0.46378
vt 0.45963 0.44650
vt 0.46447 0.45745
vt 0.94058 0.27046
vt 0.95934 0.28446
vt 0.94380 0.29044
vt 0.76316 0.69582
vt 0.74345 0.68450
vt 0.75493 0.67434
vt 0.77727 0.68676
vt 0.76316 0.69582
vt 0.76531 0.67416
vt 0.76316 0.69582
vt 0.75493 0.67434
vt 0.76531 0.67416
vt 0.94453 0.23899
vt 0.93862 0.25797
vt 0.93724 0.24451
vt 0.69745 0.27971
vt 0.73759 0.28161
vt 0.72288 0.31335
vt 0.69745 0.27971
vt 0.70568 0.30725
vt 0.67615 0.28991
vt 0.69745 0.27971
vt 0.72288 0.31335
vt 0.70568 0.30725
vt 0.69745 0.27971
vt 0.67137 0.27355
vt 0.68053 0.24220
vt 0.67615 0.28991
vt 0.70275 0.33523
vt 0.66310 0.29831
vt 0.70275 0.33523
vt 0.67615 0.28991
vt 0.70568 0.30725
vt 0.66310 0.29831
vt 0.67137 0.27355
vt 0.67615 0.28991
vt 0.67137 0.27355
vt 0.66265 0.24223
vt 0.68053 0.24220
vt 0.73072 0.31874
vt 0.74217 0.33406
vt 0.71777 0.33304
vt 0.71777 0.33304
vt 0.70275 0.33523
vt 0.70568 0.30725
vt 0.73970 0.34572
vt 0.73100 0.34599
vt 0.74217 0.33406
vt 0.73072 0.31874
vt 0.71777 0.33304
vt 0.72288 0.31335
vt 0.72018 0.35691
vt 0.70275 0.33523
vt 0.73100 0.34599
vt 0.71777 0.33304
vt 0.70568 0.30725
vt 0.72288 0.31335
vt 0.70275 0.33523
vt 0.71777 0.33304
vt 0.73100 0.34599
vt 0.19677 0.60352
vt 0.21520 0.62426
vt 0.19374 0.62274
vt 0.21520 0.62426
vt 0.19677 0.60352
vt 0.20967 0.59067
vt 0.19800 0.58890
vt 0.19452 0.57364
vt 0.20967 0.59067
vt 0.98357 0.01816
vt 0.98532 0.03497
vt 0.97791 0.03748
vt 0.20967 0.59067
vt 0.22550 0.60470
vt 0.21520 0.62426
vt 0.22550 0.60470
vt 0.20967 0.59067
vt 0.23775 0.59539
vt 0.19677 0.60352
vt 0.19374 0.62274
vt 0.19303 0.60830
vt 0.98532 0.03497
vt 0.98600 0.04884
vt 0.97791 0.03748
vt 0.19417 0.56345
vt 0.20967 0.59067
vt 0.19452 0.57364
vt 0.21765 0.55479
vt 0.19417 0.56345
vt 0.19420 0.54160
vt 0.11659 0.57587
vt 0.11316 0.59112
vt 0.09915 0.56025
vt 0.11659 0.57587
vt 0.09915 0.56025
vt 0.12116 0.56436
vt 0.14484 0.56098
vt 0.14425 0.56762
vt 0.13498 0.55869
vt 0.00556 0.03199
vt 0.00682 0.02469
vt 0.01029 0.02925
vt 0.14050 0.57645
vt 0.14856 0.57329
vt 0.14815 0.58441
vt 0.20967 0.59067
vt 0.19677 0.60352
vt 0.19800 0.58890
vt 0.95787 0.00733
vt 0.98357 0.01816
vt 0.97035 0.02334
vt 0.18751 0.14848
vt 0.18118 0.12385
vt 0.20408 0.13860
vt 0.97035 0.02334
vt 0.94969 0.02129
vt 0.95787 0.00733
vt 0.14050 0.57645
vt 0.14425 0.56762
vt 0.14856 0.57329
vt 0.30608 0.43306
vt 0.28105 0.42932
vt 0.29626 0.42441
vt 0.97657 0.32456
vt 0.99321 0.32580
vt 0.99106 0.33874
vt 0.99321 0.32580
vt 0.97657 0.32456
vt 0.98789 0.31771
vt 0.11069 0.53677
vt 0.11945 0.55230
vt 0.09915 0.56025
vt 0.71782 0.63073
vt 0.67913 0.64778
vt 0.70707 0.61265
vt 0.67625 0.65591
vt 0.66311 0.65397
vt 0.67913 0.64778
vt 0.75352 0.57549
vt 0.72461 0.55858
vt 0.77227 0.53746
vt 0.77227 0.53746
vt 0.78540 0.55447
vt 0.75352 0.57549
vt 0.28251 0.51319
vt 0.28679 0.48048
vt 0.30810 0.48388
vt 0.30506 0.46434
vt 0.28679 0.48048
vt 0.28861 0.45260
vt 0.28861 0.45260
vt 0.30669 0.45031
vt 0.30506 0.46434
vt 0.28861 0.45260
vt 0.28679 0.48048
vt 0.28039 0.47548
vt 0.28679 0.48048
vt 0.30506 0.46434
vt 0.30810 0.48388
vt 0.33989 0.50528
vt 0.35209 0.48909
vt 0.34726 0.49533
vt 0.32245 0.47577
vt 0.32030 0.44123
vt 0.33522 0.44642
vt 0.32245 0.47577
vt 0.33522 0.44642
vt 0.33826 0.46529
vt 0.32245 0.47577
vt 0.30669 0.45031
vt 0.32030 0.44123
vt 0.20408 0.13860
vt 0.20109 0.15591
vt 0.18751 0.14848
vt 0.32156 0.51340
vt 0.30810 0.48388
vt 0.32245 0.47577
vt 0.32156 0.51340
vt 0.32245 0.47577
vt 0.33989 0.50528
vt 0.19796 0.17753
vt 0.18751 0.14848
vt 0.20109 0.15591
vt 0.36476 0.47836
vt 0.37649 0.46072
vt 0.38032 0.48603
vt 0.37649 0.46072
vt 0.39292 0.47938
vt 0.38032 0.48603
vt 0.36476 0.47836
vt 0.37364 0.48728
vt 0.36416 0.48391
vt 0.39292 0.47938
vt 0.37649 0.46072
vt 0.38885 0.46520
vt 0.40427 0.49876
vt 0.39703 0.49682
vt 0.40145 0.49359
vt 0.25360 0.24831
vt 0.24155 0.26185
vt 0.25327 0.23388
vt 0.17751 0.07028
vt 0.18333 0.09134
vt 0.16540 0.09193
vt 0.38914 0.49318
vt 0.40145 0.49359
vt 0.39703 0.49682
vt 0.66311 0.65397
vt 0.65354 0.65203
vt 0.67913 0.64778
vt 0.70169 0.59108
vt 0.70707 0.61265
vt 0.67913 0.64778
vt 0.64492 0.63728
vt 0.70169 0.59108
vt 0.67913 0.64778
vt 0.22838 0.19584
vt 0.22441 0.20340
vt 0.21977 0.18509
vt 0.10983 0.52500
vt 0.11714 0.52915
vt 0.11069 0.53677
vt 0.88298 0.23061
vt 0.90276 0.22651
vt 0.89787 0.24052
vt 0.67913 0.64778
vt 0.65354 0.65203
vt 0.64492 0.63728
vt 0.89261 0.21224
vt 0.90276 0.22651
vt 0.88298 0.23061
vt 0.33344 0.55305
vt 0.32271 0.58429
vt 0.31170 0.57530
vt 0.35417 0.57852
vt 0.32271 0.58429
vt 0.33344 0.55305
vt 0.34113 0.54120
vt 0.34798 0.54273
vt 0.33344 0.55305
vt 0.37030 0.57477
vt 0.35417 0.57852
vt 0.36553 0.56081
vt 0.32271 0.58429
vt 0.32507 0.61445
vt 0.31170 0.57530
vt 0.32271 0.58429
vt 0.35972 0.62304
vt 0.32507 0.61445
vt 0.35417 0.57852
vt 0.35972 0.62304
vt 0.32271 0.58429
vt 0.62423 0.02574
vt 0.61583 0.02198
vt 0.62623 0.00930
vt 0.62623 0.00930
vt 0.61583 0.02198
vt 0.60109 0.00964
vt 0.36553 0.56081
vt 0.35417 0.57852
vt 0.34798 0.54273
vt 0.35972 0.62304
vt 0.35417 0.57852
vt 0.37942 0.60671
vt 0.61583 0.02198
vt 0.59834 0.01255
vt 0.60109 0.00964
vt 0.17229 0.20022
vt 0.17737 0.18430
vt 0.18518 0.20358
vt 0.16824 0.04595
vt 0.18422 0.03459
vt 0.17986 0.04514
vt 0.34137 0.64298
vt 0.35972 0.62304
vt 0.35200 0.63967
vt 0.32507 0.61445
vt 0.35972 0.62304
vt 0.34137 0.64298
vt 0.18422 0.03459
vt 0.20439 0.01776
vt 0.19521 0.03056
vt 0.19521 0.03056
vt 0.17986 0.04514
vt 0.18422 0.03459
vt 0.17737 0.18430
vt 0.17229 0.20022
vt 0.14273 0.17097
vt 0.17737 0.18430
vt 0.13186 0.13847
vt 0.15455 0.13310
vt 0.12717 0.15739
vt 0.13186 0.13847
vt 0.14273 0.17097
vt 0.12235 0.08023
vt 0.13186 0.13847
vt 0.11346 0.11562
vt 0.12235 0.08023
vt 0.15455 0.13310
vt 0.13186 0.13847
vt 0.11346 0.11562
vt 0.10501 0.09442
vt 0.12235 0.08023
vt 0.16481 0.06924
vt 0.16824 0.04595
vt 0.17066 0.05875
vt 0.65776 0.10107
vt 0.61721 0.10500
vt 0.62251 0.08720
vt 0.12235 0.08023
vt 0.10275 0.05909
vt 0.12717 0.05433
vt 0.53302 0.06839
vt 0.54203 0.05514
vt 0.56605 0.07604
vt 0.56966 0.09716
vt 0.56605 0.07604
vt 0.58832 0.08881
vt 0.10275 0.05909
vt 0.09534 0.04121
vt 0.12717 0.05433
vt 0.53302 0.06839
vt 0.56605 0.07604
vt 0.55108 0.08640
vt 0.34798 0.54273
vt 0.37510 0.53824
vt 0.36553 0.56081
vt 0.55108 0.08640
vt 0.56605 0.07604
vt 0.56966 0.09716
vt 0.34798 0.54273
vt 0.37195 0.51448
vt 0.37510 0.53824
vt 0.34798 0.54273
vt 0.36221 0.51148
vt 0.37195 0.51448
vt 0.34798 0.54273
vt 0.34721 0.53213
vt 0.35347 0.52244
vt 0.39795 0.54940
vt 0.41439 0.53456
vt 0.41252 0.54660
vt 0.37510 0.53824
vt 0.39795 0.54940
vt 0.36553 0.56081
vt 0.39776 0.57042
vt 0.40552 0.55992
vt 0.41349 0.56353
vt 0.39795 0.54940
vt 0.39930 0.52324
vt 0.41439 0.53456
vt 0.40552 0.55992
vt 0.39795 0.54940
vt 0.41252 0.54660
vt 0.39776 0.57042
vt 0.36553 0.56081
vt 0.39795 0.54940
vt 0.39776 0.57042
vt 0.40172 0.58539
vt 0.39208 0.59448
vt 0.39208 0.59448
vt 0.37942 0.60671
vt 0.37030 0.57477
vt 0.39776 0.57042
vt 0.39208 0.59448
vt 0.37030 0.57477
vt 0.65940 0.95783
vt 0.66792 0.94567
vt 0.67900 0.95435
vt 0.16755 0.24294
vt 0.15556 0.21519
vt 0.17088 0.22671
vt 0.17473 0.21655
vt 0.17229 0.20022
vt 0.18021 0.21290
vt 0.15556 0.21519
vt 0.16755 0.24294
vt 0.15587 0.24389
vt 0.79919 0.37605
vt 0.79115 0.39632
vt 0.78468 0.39418
vt 0.77076 0.36679
vt 0.79919 0.37605
vt 0.78468 0.39418
vt 0.78067 0.33946
vt 0.77076 0.36679
vt 0.76448 0.34084
vt 0.76650 0.37830
vt 0.77076 0.36679
vt 0.77353 0.37746
vt 0.81157 0.33878
vt 0.81176 0.36201
vt 0.78067 0.33946
vt 0.77076 0.36679
vt 0.76311 0.37007
vt 0.75806 0.35793
vt 0.79919 0.37605
vt 0.77076 0.36679
vt 0.80380 0.36978
vt 0.78067 0.33946
vt 0.81176 0.36201
vt 0.80380 0.36978
vt 0.77076 0.36679
vt 0.78067 0.33946
vt 0.80380 0.36978
vt 0.78067 0.33946
vt 0.76985 0.32877
vt 0.77761 0.32361
vt 0.75806 0.35793
vt 0.76035 0.35209
vt 0.77076 0.36679
vt 0.91189 0.94326
vt 0.92096 0.93216
vt 0.93598 0.93739
vt 0.68242 0.87757
vt 0.67566 0.87534
vt 0.67531 0.87403
vt 0.61804 0.49954
vt 0.62368 0.50695
vt 0.61715 0.51608
vt 0.60242 0.50377
vt 0.61715 0.51608
vt 0.61138 0.51907
vt 0.19613 0.93308
vt 0.21351 0.93018
vt 0.20333 0.95061
vt 0.19116 0.95155
vt 0.19613 0.93308
vt 0.20333 0.95061
vt 0.18177 0.94492
vt 0.19613 0.93308
vt 0.19116 0.95155
vt 0.18177 0.94492
vt 0.18253 0.95369
vt 0.16936 0.95063
vt 0.17293 0.93175
vt 0.18177 0.94492
vt 0.16936 0.95063
vt 0.18253 0.95369
vt 0.18177 0.94492
vt 0.19116 0.95155
vt 0.68783 0.55201
vt 0.69316 0.56324
vt 0.67971 0.55878
vt 0.18495 0.93280
vt 0.18177 0.94492
vt 0.17293 0.93175
vt 0.18177 0.94492
vt 0.18495 0.93280
vt 0.19613 0.93308
vt 0.69316 0.56324
vt 0.67311 0.57007
vt 0.67971 0.55878
vt 0.67311 0.57007
vt 0.69316 0.56324
vt 0.69388 0.58143
vt 0.59584 0.92657
vt 0.60892 0.93281
vt 0.58992 0.93864
vt 0.15619 0.94496
vt 0.17293 0.93175
vt 0.16936 0.95063
vt 0.08110 0.68140
vt 0.09056 0.66251
vt 0.09087 0.67681
vt 0.08110 0.68140
vt 0.07090 0.65165
vt 0.09056 0.66251
vt 0.07090 0.65165
vt 0.08110 0.68140
vt 0.06331 0.68016
vt 0.81350 0.85638
vt 0.81693 0.84433
vt 0.82632 0.85033
vt 0.85200 0.80789
vt 0.84113 0.80349
vt 0.84928 0.79426
vt 0.58589 0.93362
vt 0.59584 0.92657
vt 0.58992 0.93864
vt 0.09056 0.66251
vt 0.08658 0.63347
vt 0.09902 0.65298
vt 0.09056 0.66251
vt 0.07090 0.65165
vt 0.08658 0.63347
vt 0.96792 0.14993
vt 0.96687 0.16044
vt 0.96373 0.14426
vt 0.14815 0.58441
vt 0.12243 0.60067
vt 0.14050 0.57645
vt 0.15570 0.59749
vt 0.14382 0.61065
vt 0.12243 0.60067
vt 0.96373 0.14426
vt 0.94114 0.14989
vt 0.96182 0.12766
vt 0.94707 0.17216
vt 0.95813 0.19315
vt 0.94055 0.19233
vt 0.95612 0.19828
vt 0.94055 0.19233
vt 0.95813 0.19315
vt 0.94055 0.19233
vt 0.93711 0.18579
vt 0.94707 0.17216
vt 0.94707 0.17216
vt 0.94114 0.14989
vt 0.96373 0.14426
vt 0.93711 0.18579
vt 0.93238 0.18281
vt 0.93463 0.17038
vt 0.13486 0.62315
vt 0.12243 0.60067
vt 0.14382 0.61065
vt 0.11589 0.62476
vt 0.10986 0.61979
vt 0.12243 0.60067
vt 0.94707 0.17216
vt 0.96687 0.16044
vt 0.96222 0.17565
vt 0.12243 0.60067
vt 0.13486 0.62315
vt 0.11589 0.62476
vt 0.95813 0.19315
vt 0.94707 0.17216
vt 0.96222 0.17565
vt 0.95612 0.19828
vt 0.94700 0.20152
vt 0.94055 0.19233
vt 0.11316 0.59112
vt 0.10018 0.60029
vt 0.09915 0.56025
vt 0.09915 0.56025
vt 0.10018 0.60029
vt 0.08983 0.58970
vt 0.08983 0.58970
vt 0.10018 0.60029
vt 0.08658 0.63347
vt 0.10018 0.60029
vt 0.11255 0.60863
vt 0.10986 0.61979
vt 0.12116 0.56436
vt 0.09915 0.56025
vt 0.11945 0.55230
f 1/1 1478/2 1476/3
f 415/4 425/5 571/6
f 415/7 411/8 414/9
f 411/10 410/11 414/12
f 460/13 461/14 462/15
f 3/16 457/17 465/18
f 462/19 442/20 4/21
f 1895/22 1894/23 3042/24
f 460/25 462/26 465/27
f 5/28 441/29 4/30
f 443/31 5/32 4/33
f 444/34 462/35 4/36
f 621/37 12/38 611/39
f 2325/40 645/41 8/42
f 2355/43 1194/44 2329/45
f 600/46 2325/47 596/48
f 1194/49 7/50 618/51
f 1194/52 592/53 645/54
f 1194/55 2355/56 7/57
f 2327/58 2325/59 8/60
f 12/61 612/62 611/63
f 238/64 2822/65 24/66
f 237/67 24/68 25/69
f 2822/70 238/71 337/72
f 1194/73 1184/74 2378/75
f 620/76 621/77 595/78
f 1182/79 601/80 620/81
f 599/82 621/83 620/84
f 1194/85 12/86 592/87
f 8/88 645/89 592/90
f 621/91 611/92 595/93
f 2352/94 2410/95 2415/96
f 15/97 14/98 2040/99
f 2047/100 17/101 16/102
f 16/103 17/104 19/105
f 19/106 17/107 18/108
f 237/109 20/110 21/111
f 235/112 230/113 20/114
f 24/115 237/116 238/117
f 25/118 24/119 23/120
f 337/121 2818/122 2822/123
f 32/124 80/125 26/126
f 34/127 32/128 26/129
f 34/130 39/131 32/132
f 26/133 30/134 34/135
f 27/136 28/137 86/138
f 30/139 26/140 28/141
f 33/142 32/143 39/144
f 42/145 43/146 27/147
f 31/148 29/149 2681/150
f 34/151 30/152 39/153
f 2681/154 33/155 1907/156
f 2681/157 1907/158 2679/159
f 1907/160 33/161 1917/162
f 37/163 46/164 47/165
f 37/166 35/167 46/168
f 35/169 37/170 33/171
f 1917/172 33/173 37/174
f 31/175 77/176 29/177
f 36/178 1917/179 37/180
f 85/181 32/182 29/183
f 29/184 32/185 33/186
f 36/187 37/188 38/189
f 47/190 56/191 38/192
f 37/193 47/194 38/195
f 38/196 1923/197 36/198
f 43/199 30/200 28/201
f 39/202 30/203 43/204
f 39/205 43/206 44/207
f 39/208 35/209 33/210
f 43/211 49/212 44/213
f 49/214 40/215 41/216
f 35/217 39/218 45/219
f 40/220 43/221 42/222
f 40/223 49/224 43/225
f 39/226 44/227 45/228
f 44/229 52/230 45/231
f 35/232 45/233 46/234
f 46/235 45/236 48/237
f 47/238 46/239 53/240
f 48/241 53/242 46/243
f 52/244 48/245 45/246
f 52/247 44/248 49/249
f 51/250 53/251 48/252
f 52/253 51/254 48/255
f 80/256 86/257 26/258
f 53/259 54/260 47/261
f 53/262 51/263 57/264
f 57/265 54/266 53/267
f 51/268 55/269 57/270
f 26/271 86/272 28/273
f 105/274 112/275 104/276
f 54/277 56/278 47/279
f 56/280 1923/281 38/282
f 54/283 57/284 59/285
f 29/286 33/287 2681/288
f 1931/289 1923/290 58/291
f 77/292 2691/293 2693/294
f 89/295 90/296 2518/297
f 88/298 2480/299 2538/300
f 88/301 2538/302 90/303
f 60/304 62/305 61/306
f 61/307 62/308 74/309
f 61/310 2693/311 60/312
f 72/313 75/314 70/315
f 85/316 61/317 74/318
f 60/319 92/320 62/321
f 62/322 73/323 74/324
f 3011/325 67/326 63/327
f 63/328 67/329 82/330
f 65/331 82/332 67/333
f 66/334 68/335 65/336
f 65/337 67/338 66/339
f 67/340 3011/341 69/342
f 68/343 66/344 91/345
f 67/346 69/347 66/348
f 66/349 70/350 92/351
f 70/352 66/353 69/354
f 91/355 66/356 92/357
f 92/358 70/359 73/360
f 71/361 70/362 69/363
f 71/364 72/365 70/366
f 70/367 75/368 73/369
f 92/370 73/371 62/372
f 85/373 74/374 73/375
f 85/376 73/377 75/378
f 75/379 80/380 85/381
f 78/382 75/383 72/384
f 2693/385 61/386 77/387
f 85/388 77/389 61/390
f 81/391 92/392 60/393
f 60/394 2480/395 81/396
f 29/397 77/398 85/399
f 80/400 75/401 78/402
f 90/403 2538/404 2518/405
f 79/406 2988/407 2995/408
f 86/409 80/410 78/411
f 82/412 83/413 84/414
f 84/415 83/416 2995/417
f 65/418 68/419 82/420
f 85/421 80/422 32/423
f 87/424 2988/425 79/426
f 82/427 68/428 83/429
f 91/430 92/431 81/432
f 83/433 89/434 2995/435
f 2988/436 84/437 2995/438
f 2480/439 88/440 91/441
f 91/442 83/443 68/444
f 91/445 88/446 83/447
f 81/448 2480/449 91/450
f 1238/451 94/452 650/453
f 2992/454 2991/455 95/456
f 1238/457 2992/458 96/459
f 2414/460 95/461 93/462
f 94/463 1238/464 96/465
f 95/466 2414/467 2413/468
f 96/469 2407/470 94/471
f 2413/472 96/473 95/474
f 2992/475 95/476 96/477
f 99/478 102/479 97/480
f 97/481 102/482 2981/483
f 99/484 97/485 98/486
f 102/487 99/488 101/489
f 101/490 99/491 100/492
f 103/493 109/494 101/495
f 109/496 102/497 101/498
f 105/499 111/500 112/501
f 106/502 111/503 2844/504
f 107/505 105/506 104/507
f 105/508 113/509 111/510
f 104/511 115/512 108/513
f 2844/514 111/515 113/516
f 2844/517 113/518 2823/519
f 108/520 107/521 104/522
f 2909/523 112/524 114/525
f 105/526 107/527 113/528
f 114/529 112/530 111/531
f 114/532 111/533 109/534
f 114/535 109/536 103/537
f 106/538 2844/539 109/540
f 106/541 109/542 111/543
f 23/544 108/545 115/546
f 2909/547 115/548 112/549
f 112/550 115/551 104/552
f 24/553 108/554 23/555
f 24/556 2822/557 108/558
f 150/559 119/560 2869/561
f 125/562 157/563 133/564
f 150/565 123/566 119/567
f 133/568 157/569 117/570
f 133/571 123/572 125/573
f 117/574 120/575 133/576
f 117/577 135/578 120/579
f 141/580 1292/581 135/582
f 157/583 116/584 117/585
f 116/586 141/587 118/588
f 118/589 141/590 135/591
f 118/592 117/593 116/594
f 118/595 135/596 117/597
f 123/598 133/599 120/600
f 123/601 2915/602 121/603
f 123/604 120/605 122/606
f 123/607 131/608 119/609
f 122/610 132/611 123/612
f 123/613 132/614 2915/615
f 120/616 132/617 122/618
f 140/619 116/620 129/621
f 124/622 142/623 2812/624
f 2812/625 142/626 2868/627
f 157/628 129/629 116/630
f 151/631 2811/632 134/633
f 2869/634 2872/635 151/636
f 126/637 140/638 129/639
f 125/640 123/641 150/642
f 140/643 141/644 116/645
f 1292/646 140/647 127/648
f 128/649 127/650 140/651
f 157/652 126/653 129/654
f 2868/655 134/656 2811/657
f 2811/658 151/659 2872/660
f 147/661 125/662 150/663
f 147/664 126/665 157/666
f 136/667 150/668 2869/669
f 151/670 134/671 137/672
f 128/673 140/674 126/675
f 128/676 126/677 130/678
f 138/679 1266/680 127/681
f 126/682 147/683 145/684
f 131/685 123/686 121/687
f 134/688 2868/689 142/690
f 131/691 2869/692 119/693
f 151/694 136/695 2869/696
f 150/697 270/698 147/699
f 150/700 136/701 270/702
f 322/703 270/704 136/705
f 138/706 128/707 130/708
f 1292/709 143/710 135/711
f 138/712 127/713 128/714
f 2894/715 120/716 135/717
f 2894/718 135/719 143/720
f 144/721 143/722 1345/723
f 144/724 1345/725 139/726
f 2907/727 144/728 139/729
f 153/730 130/731 126/732
f 120/733 2894/734 132/735
f 141/736 140/737 1292/738
f 148/739 130/740 146/741
f 130/742 148/743 138/744
f 148/745 1266/746 138/747
f 2906/748 144/749 2907/750
f 143/751 144/752 2894/753
f 1085/754 2907/755 139/756
f 2894/757 144/758 2906/759
f 152/760 137/761 134/762
f 153/763 146/764 130/765
f 1265/766 1266/767 148/768
f 126/769 145/770 153/771
f 156/772 134/773 142/774
f 152/775 136/776 137/777
f 134/778 156/779 152/780
f 327/781 155/782 156/783
f 1265/784 148/785 146/786
f 146/787 149/788 1265/789
f 145/790 147/791 278/792
f 254/793 278/794 147/795
f 152/796 156/797 155/798
f 267/799 254/800 147/801
f 146/802 153/803 149/804
f 149/805 153/806 268/807
f 145/808 278/809 153/810
f 1366/811 149/812 268/813
f 136/814 151/815 137/816
f 152/817 155/818 136/819
f 155/820 322/821 136/822
f 322/823 155/824 327/825
f 278/826 154/827 153/828
f 153/829 154/830 268/831
f 158/832 1366/833 268/834
f 154/835 278/836 280/837
f 280/838 268/839 154/840
f 325/841 156/842 142/843
f 157/844 125/845 147/846
f 158/847 268/848 280/849
f 304/850 303/851 173/852
f 161/853 159/854 249/855
f 160/856 173/857 3038/858
f 3023/859 173/860 159/861
f 3023/862 3038/863 173/864
f 171/865 3037/866 298/867
f 171/868 298/869 295/870
f 3023/871 159/872 161/873
f 304/874 173/875 160/876
f 307/877 159/878 173/879
f 164/880 3023/881 161/882
f 168/883 3025/884 166/885
f 164/886 161/887 165/888
f 162/889 163/890 169/891
f 166/892 165/893 167/894
f 3040/895 164/896 165/897
f 169/898 3040/899 165/900
f 250/901 3019/902 170/903
f 3019/904 1229/905 170/906
f 166/907 169/908 165/909
f 166/910 172/911 169/912
f 162/913 169/914 172/915
f 172/916 166/917 162/918
f 295/919 293/920 3035/921
f 3035/922 293/923 304/924
f 174/925 226/926 183/927
f 226/928 174/929 176/930
f 176/931 174/932 175/933
f 177/934 3026/935 225/936
f 225/937 227/938 177/939
f 227/940 179/941 177/942
f 175/943 179/944 176/945
f 179/946 227/947 176/948
f 175/949 178/950 179/951
f 193/952 178/953 175/954
f 177/955 179/956 3027/957
f 3027/958 179/959 178/960
f 3026/961 167/962 225/963
f 182/964 192/965 190/966
f 180/967 181/968 197/969
f 182/970 189/971 180/972
f 182/973 190/974 189/975
f 182/976 202/977 183/978
f 182/979 183/980 247/981
f 193/982 174/983 183/984
f 202/985 193/986 183/987
f 247/988 192/989 182/990
f 193/991 175/992 174/993
f 186/994 188/995 184/996
f 204/997 180/998 197/999
f 185/1000 180/1001 189/1002
f 181/1003 180/1004 185/1005
f 181/1006 185/1007 186/1008
f 185/1009 187/1010 186/1011
f 191/1012 185/1013 189/1014
f 187/1015 196/1016 188/1017
f 186/1018 187/1019 188/1020
f 185/1021 200/1022 187/1023
f 190/1024 192/1025 201/1026
f 189/1027 190/1028 191/1029
f 190/1030 201/1031 191/1032
f 247/1033 201/1034 192/1035
f 182/1036 180/1037 202/1038
f 194/1039 193/1040 202/1041
f 204/1042 195/1043 202/1044
f 202/1045 180/1046 204/1047
f 197/1048 209/1049 204/1050
f 209/1051 213/1052 204/1053
f 206/1054 208/1055 2803/1056
f 206/1057 207/1058 208/1059
f 191/1060 200/1061 185/1062
f 199/1063 200/1064 191/1065
f 191/1066 201/1067 205/1068
f 191/1069 205/1070 199/1071
f 203/1072 199/1073 233/1074
f 213/1075 209/1076 214/1077
f 199/1078 205/1079 233/1080
f 203/1081 241/1082 229/1083
f 212/1084 210/1085 211/1086
f 209/1087 210/1088 214/1089
f 208/1090 211/1091 210/1092
f 208/1093 210/1094 209/1095
f 211/1096 208/1097 207/1098
f 213/1099 195/1100 204/1101
f 476/1102 1185/1103 1147/1104
f 214/1105 3032/1106 213/1107
f 225/1108 223/1109 216/1110
f 281/1111 216/1112 215/1113
f 215/1114 223/1115 305/1116
f 223/1117 215/1118 216/1119
f 305/1120 281/1121 215/1122
f 216/1123 281/1124 218/1125
f 218/1126 221/1127 216/1128
f 167/1129 223/1130 225/1131
f 297/1132 217/1133 281/1134
f 338/1135 176/1136 222/1137
f 224/1138 222/1139 221/1140
f 218/1141 224/1142 221/1143
f 218/1144 281/1145 217/1146
f 224/1147 333/1148 222/1149
f 217/1150 264/1151 220/1152
f 217/1153 219/1154 218/1155
f 217/1156 220/1157 219/1158
f 219/1159 220/1160 308/1161
f 218/1162 219/1163 224/1164
f 176/1165 338/1166 226/1167
f 335/1168 222/1169 333/1170
f 309/1171 219/1172 308/1173
f 176/1174 221/1175 222/1176
f 224/1177 219/1178 333/1179
f 243/1180 226/1181 338/1182
f 308/1183 220/1184 253/1185
f 227/1186 216/1187 221/1188
f 221/1189 176/1190 227/1191
f 227/1192 225/1193 216/1194
f 240/1195 205/1196 201/1197
f 332/1198 228/1199 246/1200
f 241/1201 231/1202 230/1203
f 244/1204 231/1205 233/1206
f 228/1207 242/1208 246/1209
f 228/1210 232/1211 242/1212
f 241/1213 233/1214 231/1215
f 203/1216 233/1217 241/1218
f 230/1219 231/1220 21/1221
f 21/1222 231/1223 234/1224
f 237/1225 21/1226 234/1227
f 242/1228 232/1229 234/1230
f 234/1231 231/1232 242/1233
f 233/1234 205/1235 244/1236
f 232/1237 238/1238 234/1239
f 239/1240 241/1241 230/1242
f 240/1243 201/1244 236/1245
f 238/1246 237/1247 234/1248
f 242/1249 244/1250 246/1251
f 241/1252 239/1253 229/1254
f 243/1255 236/1256 201/1257
f 236/1258 243/1259 338/1260
f 244/1261 242/1262 231/1263
f 247/1264 243/1265 201/1266
f 226/1267 243/1268 183/1269
f 243/1270 247/1271 183/1272
f 240/1273 248/1274 244/1275
f 246/1276 244/1277 248/1278
f 244/1279 205/1280 240/1281
f 236/1282 248/1283 240/1284
f 248/1285 236/1286 340/1287
f 1385/1288 1393/1289 1387/1290
f 292/1291 277/1292 252/1293
f 267/1294 313/1295 262/1296
f 220/1297 262/1298 253/1299
f 253/1300 262/1301 313/1302
f 315/1303 253/1304 313/1305
f 254/1306 267/1307 262/1308
f 292/1309 252/1310 301/1311
f 264/1312 292/1313 220/1314
f 220/1315 292/1316 262/1317
f 258/1318 255/1319 257/1320
f 257/1321 280/1322 258/1323
f 252/1324 255/1325 301/1326
f 264/1327 297/1328 292/1329
f 292/1330 297/1331 277/1332
f 297/1333 264/1334 217/1335
f 261/1336 256/1337 257/1338
f 261/1339 259/1340 269/1341
f 1377/1342 261/1343 1385/1344
f 261/1345 269/1346 1385/1347
f 301/1348 255/1349 258/1350
f 257/1351 259/1352 261/1353
f 259/1354 257/1355 255/1356
f 275/1357 263/1358 279/1359
f 282/1360 279/1361 263/1362
f 291/1363 282/1364 263/1365
f 252/1366 266/1367 255/1368
f 266/1369 277/1370 297/1371
f 255/1372 266/1373 259/1374
f 266/1375 252/1376 277/1377
f 267/1378 270/1379 313/1380
f 258/1381 278/1382 254/1383
f 274/1384 269/1385 271/1386
f 1393/1387 1385/1388 272/1389
f 272/1390 1385/1391 269/1392
f 258/1393 254/1394 301/1395
f 258/1396 280/1397 278/1398
f 274/1399 272/1400 269/1401
f 259/1402 271/1403 269/1404
f 272/1405 1403/1406 1393/1407
f 273/1408 279/1409 260/1410
f 273/1411 260/1412 274/1413
f 272/1414 274/1415 1403/1416
f 275/1417 273/1418 271/1419
f 273/1420 275/1421 279/1422
f 262/1423 301/1424 254/1425
f 275/1426 271/1427 259/1428
f 147/1429 270/1430 267/1431
f 273/1432 274/1433 271/1434
f 275/1435 259/1436 288/1437
f 266/1438 296/1439 276/1440
f 288/1441 263/1442 275/1443
f 276/1444 263/1445 288/1446
f 296/1447 266/1448 290/1449
f 276/1450 288/1451 266/1452
f 259/1453 266/1454 288/1455
f 284/1456 1403/1457 274/1458
f 274/1459 260/1460 284/1461
f 260/1462 286/1463 284/1464
f 300/1465 302/1466 290/1467
f 301/1468 262/1469 292/1470
f 290/1471 266/1472 297/1473
f 297/1474 281/1475 290/1476
f 260/1477 279/1478 282/1479
f 282/1480 283/1481 260/1482
f 283/1483 286/1484 260/1485
f 298/1486 291/1487 294/1488
f 3037/1489 291/1490 298/1491
f 286/1492 283/1493 285/1494
f 285/1495 287/1496 284/1497
f 285/1498 284/1499 286/1500
f 287/1501 1403/1502 284/1503
f 294/1504 276/1505 289/1506
f 299/1507 287/1508 285/1509
f 299/1510 3036/1511 3034/1512
f 3036/1513 299/1514 285/1515
f 287/1516 299/1517 1484/1518
f 294/1519 291/1520 276/1521
f 276/1522 296/1523 289/1524
f 294/1525 289/1526 295/1527
f 291/1528 3037/1529 283/1530
f 294/1531 295/1532 298/1533
f 296/1534 290/1535 302/1536
f 293/1537 295/1538 289/1539
f 302/1540 3039/1541 296/1542
f 289/1543 3039/1544 293/1545
f 300/1546 290/1547 305/1548
f 305/1549 290/1550 281/1551
f 3034/1552 1484/1553 299/1554
f 173/1555 303/1556 307/1557
f 304/1558 293/1559 3039/1560
f 256/1561 158/1562 280/1563
f 280/1564 257/1565 256/1566
f 300/1567 303/1568 302/1569
f 307/1570 306/1571 159/1572
f 302/1573 303/1574 3039/1575
f 305/1576 307/1577 300/1578
f 303/1579 304/1580 3039/1581
f 307/1582 303/1583 300/1584
f 291/1585 263/1586 276/1587
f 282/1588 291/1589 283/1590
f 305/1591 306/1592 307/1593
f 238/1594 312/1595 323/1596
f 326/1597 321/1598 310/1599
f 323/1600 312/1601 326/1602
f 315/1603 309/1604 308/1605
f 238/1606 323/1607 337/1608
f 333/1609 219/1610 314/1611
f 219/1612 309/1613 314/1614
f 314/1615 309/1616 315/1617
f 2753/1618 1818/1619 265/1620
f 238/1621 232/1622 312/1623
f 232/1624 328/1625 312/1626
f 1871/1627 2757/1628 265/1629
f 315/1630 308/1631 253/1632
f 318/1633 310/1634 321/1635
f 2757/1636 2758/1637 2752/1638
f 2756/1639 2757/1640 2755/1641
f 2756/1642 2758/1643 2757/1644
f 313/1645 316/1646 315/1647
f 2755/1648 2757/1649 2725/1650
f 2746/1651 2750/1652 2755/1653
f 315/1654 317/1655 314/1656
f 315/1657 316/1658 317/1659
f 320/1660 317/1661 319/1662
f 322/1663 313/1664 270/1665
f 326/1666 336/1667 323/1668
f 312/1669 321/1670 326/1671
f 313/1672 322/1673 316/1674
f 326/1675 310/1676 339/1677
f 2753/1678 2754/1679 1818/1680
f 319/1681 324/1682 325/1683
f 328/1684 320/1685 321/1686
f 321/1687 312/1688 328/1689
f 316/1690 322/1691 324/1692
f 317/1693 316/1694 319/1695
f 319/1696 316/1697 324/1698
f 2745/1699 2758/1700 2756/1701
f 2757/1702 2752/1703 265/1704
f 2756/1705 2755/1706 2750/1707
f 318/1708 319/1709 325/1710
f 318/1711 320/1712 319/1713
f 321/1714 320/1715 318/1716
f 2745/1717 2756/1718 2750/1719
f 318/1720 325/1721 310/1722
f 320/1723 328/1724 329/1725
f 325/1726 324/1727 327/1728
f 325/1729 327/1730 156/1731
f 327/1732 324/1733 322/1734
f 328/1735 232/1736 228/1737
f 228/1738 332/1739 328/1740
f 314/1741 317/1742 334/1743
f 334/1744 317/1745 320/1746
f 339/1747 2813/1748 2817/1749
f 325/1750 124/1751 310/1752
f 339/1753 310/1754 124/1755
f 329/1756 334/1757 320/1758
f 124/1759 325/1760 142/1761
f 329/1762 328/1763 332/1764
f 334/1765 329/1766 330/1767
f 332/1768 331/1769 329/1770
f 330/1771 329/1772 331/1773
f 330/1774 331/1775 340/1776
f 246/1777 331/1778 332/1779
f 334/1780 333/1781 314/1782
f 335/1783 334/1784 330/1785
f 334/1786 335/1787 333/1788
f 339/1789 124/1790 2813/1791
f 336/1792 326/1793 339/1794
f 330/1795 340/1796 338/1797
f 338/1798 335/1799 330/1800
f 323/1801 336/1802 337/1803
f 339/1804 2817/1805 336/1806
f 335/1807 338/1808 222/1809
f 336/1810 2817/1811 2818/1812
f 340/1813 331/1814 248/1815
f 340/1816 236/1817 338/1818
f 248/1819 331/1820 246/1821
f 349/1822 344/1823 347/1824
f 362/1825 363/1826 353/1827
f 342/1828 715/1829 341/1830
f 355/1831 342/1832 341/1833
f 354/1834 342/1835 355/1836
f 341/1837 1121/1838 355/1839
f 344/1840 349/1841 348/1842
f 363/1843 753/1844 353/1845
f 349/1846 347/1847 366/1848
f 365/1849 363/1850 346/1851
f 365/1852 346/1853 344/1854
f 350/1855 348/1856 349/1857
f 347/1858 345/1859 366/1860
f 353/1861 753/1862 1088/1863
f 348/1864 350/1865 365/1866
f 372/1867 753/1868 363/1869
f 354/1870 362/1871 353/1872
f 344/1873 348/1874 365/1875
f 364/1876 350/1877 349/1878
f 343/1879 367/1880 366/1881
f 364/1882 349/1883 366/1884
f 356/1885 1771/1886 367/1887
f 356/1888 357/1889 359/1890
f 362/1891 346/1892 363/1893
f 2755/1894 2725/1895 311/1896
f 1088/1897 342/1898 353/1899
f 346/1900 355/1901 1130/1902
f 344/1903 346/1904 1130/1905
f 768/1906 772/1907 352/1908
f 752/1909 352/1910 772/1911
f 351/1912 359/1913 357/1914
f 362/1915 355/1916 346/1917
f 342/1918 354/1919 353/1920
f 352/1921 752/1922 372/1923
f 347/1924 344/1925 1129/1926
f 2717/1927 311/1928 2728/1929
f 344/1930 1130/1931 1129/1932
f 354/1933 355/1934 362/1935
f 753/1936 372/1937 752/1938
f 343/1939 366/1940 345/1941
f 2728/1942 311/1943 2725/1944
f 358/1945 1771/1946 356/1947
f 359/1948 1690/1949 358/1950
f 356/1951 359/1952 358/1953
f 360/1954 359/1955 351/1956
f 360/1957 351/1958 361/1959
f 711/1960 1131/1961 341/1962
f 341/1963 715/1964 711/1965
f 363/1966 365/1967 371/1968
f 371/1969 372/1970 363/1971
f 365/1972 350/1973 1742/1974
f 364/1975 1742/1976 350/1977
f 368/1978 369/1979 1742/1980
f 1742/1981 364/1982 368/1983
f 364/1984 366/1985 368/1986
f 367/1987 1747/1988 366/1989
f 1742/1990 369/1991 370/1992
f 1747/1993 368/1994 366/1995
f 1742/1996 370/1997 371/1998
f 365/1999 1742/2000 371/2001
f 373/2002 352/2003 372/2004
f 373/2005 371/2006 1306/2007
f 352/2008 373/2009 1439/2010
f 373/2011 372/2012 371/2013
f 373/2014 1306/2015 1439/2016
f 357/2017 356/2018 1061/2019
f 395/2020 461/2021 460/2022
f 387/2023 582/2024 392/2025
f 835/2026 448/2027 377/2028
f 469/2029 470/2030 376/2031
f 390/2032 835/2033 378/2034
f 1124/2035 374/2036 376/2037
f 376/2038 380/2039 1124/2040
f 376/2041 470/2042 375/2043
f 375/2044 470/2045 385/2046
f 375/2047 383/2048 382/2049
f 383/2050 492/2051 494/2052
f 376/2053 375/2054 382/2055
f 390/2056 378/2057 377/2058
f 379/2059 449/2060 1125/2061
f 1123/2062 389/2063 1124/2064
f 449/2065 379/2066 377/2067
f 1124/2068 379/2069 1125/2070
f 377/2071 378/2072 835/2073
f 1124/2074 380/2075 379/2076
f 390/2077 377/2078 379/2079
f 379/2080 380/2081 390/2082
f 380/2083 376/2084 384/2085
f 381/2086 390/2087 380/2088
f 387/2089 390/2090 381/2091
f 387/2092 392/2093 390/2094
f 383/2095 384/2096 382/2097
f 376/2098 382/2099 384/2100
f 383/2101 385/2102 492/2103
f 384/2104 383/2105 494/2106
f 375/2107 385/2108 383/2109
f 466/2110 386/2111 494/2112
f 380/2113 384/2114 381/2115
f 384/2116 494/2117 386/2118
f 384/2119 386/2120 388/2121
f 374/2122 1124/2123 389/2124
f 388/2125 386/2126 466/2127
f 387/2128 381/2129 384/2130
f 388/2131 387/2132 384/2133
f 499/2134 582/2135 388/2136
f 835/2137 390/2138 392/2139
f 391/2140 469/2141 376/2142
f 391/2143 376/2144 374/2145
f 391/2146 374/2147 461/2148
f 582/2149 387/2150 388/2151
f 461/2152 393/2153 391/2154
f 525/2155 391/2156 393/2157
f 461/2158 374/2159 389/2160
f 311/2161 2746/2162 2755/2163
f 394/2164 393/2165 461/2166
f 543/2167 394/2168 395/2169
f 394/2170 461/2171 395/2172
f 956/2173 1566/2174 435/2175
f 396/2176 400/2177 436/2178
f 428/2179 400/2180 396/2181
f 1176/2182 432/2183 400/2184
f 437/2185 419/2186 436/2187
f 413/2188 419/2189 420/2190
f 429/2191 431/2192 398/2193
f 429/2194 398/2195 397/2196
f 399/2197 398/2198 431/2199
f 397/2200 404/2201 429/2202
f 406/2203 397/2204 398/2205
f 403/2206 397/2207 406/2208
f 406/2209 398/2210 399/2211
f 402/2212 403/2213 406/2214
f 413/2215 401/2216 436/2217
f 436/2218 401/2219 396/2220
f 952/2221 422/2222 408/2223
f 404/2224 405/2225 412/2226
f 408/2227 403/2228 402/2229
f 403/2230 405/2231 397/2232
f 404/2233 397/2234 405/2235
f 405/2236 403/2237 412/2238
f 408/2239 412/2240 403/2241
f 406/2242 407/2243 402/2244
f 406/2245 937/2246 407/2247
f 408/2248 402/2249 407/2250
f 407/2251 937/2252 409/2253
f 408/2254 407/2255 409/2256
f 404/2257 412/2258 411/2259
f 412/2260 408/2261 421/2262
f 412/2263 410/2264 411/2265
f 412/2266 421/2267 410/2268
f 400/2269 432/2270 431/2271
f 421/2272 408/2273 422/2274
f 400/2275 428/2276 1176/2277
f 419/2278 413/2279 436/2280
f 396/2281 401/2282 428/2283
f 433/2284 413/2285 420/2286
f 433/2287 434/2288 413/2289
f 428/2290 401/2291 413/2292
f 555/2293 420/2294 404/2295
f 571/2296 569/2297 415/2298
f 562/2299 404/2300 411/2301
f 436/2302 400/2303 438/2304
f 415/2305 562/2306 411/2307
f 419/2308 404/2309 420/2310
f 425/2311 417/2312 571/2313
f 1552/2314 576/2315 577/2316
f 416/2317 417/2318 425/2319
f 417/2320 576/2321 571/2322
f 416/2323 418/2324 417/2325
f 577/2326 417/2327 418/2328
f 399/2329 431/2330 432/2331
f 577/2332 576/2333 417/2334
f 433/2335 420/2336 580/2337
f 421/2338 422/2339 424/2340
f 410/2341 415/2342 414/2343
f 418/2344 430/2345 577/2346
f 415/2347 424/2348 425/2349
f 424/2350 415/2351 410/2352
f 569/2353 562/2354 415/2355
f 400/2356 431/2357 438/2358
f 410/2359 421/2360 424/2361
f 416/2362 425/2363 423/2364
f 422/2365 956/2366 424/2367
f 423/2368 425/2369 424/2370
f 426/2371 423/2372 424/2373
f 429/2374 404/2375 431/2376
f 416/2377 423/2378 426/2379
f 956/2380 426/2381 424/2382
f 418/2383 416/2384 427/2385
f 416/2386 426/2387 427/2388
f 956/2389 427/2390 426/2391
f 956/2392 435/2393 427/2394
f 534/2395 428/2396 413/2397
f 534/2398 535/2399 428/2400
f 404/2401 419/2402 431/2403
f 435/2404 430/2405 418/2406
f 419/2407 437/2408 431/2409
f 435/2410 418/2411 427/2412
f 437/2413 438/2414 431/2415
f 438/2416 437/2417 436/2418
f 442/2419 389/2420 1123/2421
f 553/2422 463/2423 518/2424
f 553/2425 465/2426 463/2427
f 553/2428 460/2429 465/2430
f 447/2431 448/2432 835/2433
f 451/2434 439/2435 5/2436
f 449/2437 377/2438 448/2439
f 1119/2440 439/2441 807/2442
f 442/2443 462/2444 389/2445
f 1119/2446 440/2447 439/2448
f 1112/2449 5/2450 1089/2451
f 1089/2452 5/2453 443/2454
f 439/2455 440/2456 5/2457
f 440/2458 1119/2459 441/2460
f 446/2461 3/2462 1128/2463
f 4/2464 442/2465 443/2466
f 1119/2467 1127/2468 441/2469
f 452/2470 3/2471 445/2472
f 724/2473 445/2474 446/2475
f 720/2476 452/2477 445/2478
f 5/2479 1112/2480 1126/2481
f 450/2482 462/2483 444/2484
f 440/2485 441/2486 5/2487
f 1127/2488 444/2489 441/2490
f 441/2491 444/2492 4/2493
f 5/2494 1126/2495 451/2496
f 1126/2497 447/2498 451/2499
f 449/2500 448/2501 447/2502
f 722/2503 446/2504 454/2505
f 808/2506 447/2507 835/2508
f 808/2509 827/2510 451/2511
f 808/2512 451/2513 447/2514
f 449/2515 447/2516 1126/2517
f 3/2518 462/2519 450/2520
f 444/2521 1128/2522 450/2523
f 1128/2524 454/2525 446/2526
f 1127/2527 1128/2528 444/2529
f 453/2530 733/2531 455/2532
f 3/2533 450/2534 1128/2535
f 452/2536 733/2537 459/2538
f 724/2539 720/2540 445/2541
f 445/2542 3/2543 446/2544
f 733/2545 452/2546 720/2547
f 518/2548 463/2549 464/2550
f 459/2551 456/2552 457/2553
f 458/2554 453/2555 456/2556
f 1209/2557 463/2558 456/2559
f 724/2560 446/2561 722/2562
f 1206/2563 1209/2564 453/2565
f 1209/2566 1198/2567 463/2568
f 463/2569 457/2570 456/2571
f 458/2572 459/2573 733/2574
f 457/2575 452/2576 459/2577
f 452/2578 457/2579 3/2580
f 457/2581 463/2582 465/2583
f 458/2584 733/2585 453/2586
f 459/2587 458/2588 456/2589
f 461/2590 389/2591 462/2592
f 462/2593 3/2594 465/2595
f 463/2596 1198/2597 464/2598
f 453/2599 1209/2600 456/2601
f 464/2602 1188/2603 1187/2604
f 553/2605 554/2606 741/2607
f 471/2608 540/2609 507/2610
f 493/2611 481/2612 550/2613
f 468/2614 469/2615 524/2616
f 468/2617 473/2618 469/2619
f 507/2620 479/2621 481/2622
f 491/2623 473/2624 468/2625
f 507/2626 552/2627 546/2628
f 472/2629 473/2630 491/2631
f 491/2632 490/2633 472/2634
f 469/2635 473/2636 470/2637
f 464/2638 512/2639 497/2640
f 479/2641 489/2642 467/2643
f 512/2644 488/2645 497/2646
f 541/2647 506/2648 512/2649
f 1187/2650 474/2651 464/2652
f 479/2653 467/2654 481/2655
f 548/2656 481/2657 467/2658
f 481/2659 548/2660 550/2661
f 385/2662 470/2663 496/2664
f 506/2665 2499/2666 512/2667
f 496/2668 470/2669 473/2670
f 471/2671 507/2672 481/2673
f 472/2674 496/2675 473/2676
f 1185/2677 503/2678 542/2679
f 471/2680 493/2681 540/2682
f 477/2683 476/2684 478/2685
f 490/2686 491/2687 540/2688
f 476/2689 477/2690 480/2691
f 503/2692 1185/2693 476/2694
f 539/2695 503/2696 476/2697
f 539/2698 476/2699 480/2700
f 485/2701 480/2702 477/2703
f 1147/2704 482/2705 478/2706
f 477/2707 478/2708 485/2709
f 2377/2710 2362/2711 2361/2712
f 478/2713 476/2714 1147/2715
f 1147/2716 1149/2717 482/2718
f 1144/2719 1174/2720 1149/2721
f 493/2722 549/2723 540/2724
f 489/2725 523/2726 467/2727
f 485/2728 478/2729 483/2730
f 479/2731 507/2732 522/2733
f 481/2734 493/2735 471/2736
f 480/2737 486/2738 508/2739
f 547/2740 523/2741 489/2742
f 484/2743 487/2744 482/2745
f 550/2746 549/2747 493/2748
f 508/2749 539/2750 480/2751
f 483/2752 478/2753 482/2754
f 1149/2755 484/2756 482/2757
f 1174/2758 484/2759 1149/2760
f 517/2761 483/2762 482/2763
f 485/2764 486/2765 480/2766
f 487/2767 517/2768 482/2769
f 511/2770 487/2771 484/2772
f 509/2773 485/2774 483/2775
f 486/2776 509/2777 510/2778
f 485/2779 509/2780 486/2781
f 517/2782 509/2783 483/2784
f 544/2785 523/2786 547/2787
f 523/2788 544/2789 554/2790
f 526/2791 490/2792 539/2793
f 490/2794 529/2795 472/2796
f 490/2797 526/2798 529/2799
f 539/2800 508/2801 526/2802
f 644/2803 2356/2804 645/2805
f 505/2806 497/2807 488/2808
f 495/2809 494/2810 492/2811
f 526/2812 508/2813 527/2814
f 494/2815 495/2816 466/2817
f 496/2818 498/2819 385/2820
f 472/2821 529/2822 496/2823
f 502/2824 504/2825 496/2826
f 2339/2827 2291/2828 2371/2829
f 385/2830 498/2831 492/2832
f 498/2833 496/2834 500/2835
f 2274/2836 2278/2837 2293/2838
f 643/2839 598/2840 2266/2841
f 2339/2842 2326/2843 2277/2844
f 502/2845 496/2846 529/2847
f 2284/2848 652/2849 2278/2850
f 2278/2851 652/2852 2293/2853
f 2284/2854 630/2855 2292/2856
f 466/2857 495/2858 388/2859
f 495/2860 492/2861 388/2862
f 492/2863 498/2864 388/2865
f 499/2866 500/2867 501/2868
f 504/2869 580/2870 499/2871
f 554/2872 505/2873 488/2874
f 498/2875 499/2876 388/2877
f 2338/2878 600/2879 642/2880
f 500/2881 496/2882 501/2883
f 2356/2884 2358/2885 645/2886
f 2338/2887 2342/2888 644/2889
f 501/2890 504/2891 499/2892
f 643/2893 2362/2894 597/2895
f 496/2896 504/2897 501/2898
f 644/2899 2350/2900 2356/2901
f 2291/2902 2339/2903 2277/2904
f 612/2905 12/2906 618/2907
f 498/2908 500/2909 499/2910
f 2358/2911 2326/2912 597/2913
f 580/2914 504/2915 502/2916
f 514/2917 517/2918 511/2919
f 642/2920 596/2921 2331/2922
f 2499/2923 554/2924 488/2925
f 497/2926 518/2927 464/2928
f 433/2929 580/2930 502/2931
f 502/2932 513/2933 433/2934
f 508/2935 520/2936 527/2937
f 517/2938 487/2939 511/2940
f 519/2941 486/2942 510/2943
f 486/2944 519/2945 520/2946
f 509/2947 517/2948 510/2949
f 508/2950 486/2951 520/2952
f 518/2953 497/2954 505/2955
f 488/2956 512/2957 2499/2958
f 514/2959 519/2960 517/2961
f 516/2962 527/2963 520/2964
f 529/2965 513/2966 502/2967
f 517/2968 519/2969 510/2970
f 515/2971 521/2972 514/2973
f 521/2974 1150/2975 532/2976
f 1150/2977 515/2978 1175/2979
f 511/2980 1175/2981 514/2982
f 519/2983 531/2984 520/2985
f 521/2986 515/2987 1150/2988
f 514/2989 521/2990 519/2991
f 519/2992 521/2993 531/2994
f 522/2995 468/2996 524/2997
f 1175/2998 515/2999 514/3000
f 532/3001 1150/3002 1155/3003
f 524/3004 469/3005 525/3006
f 522/3007 524/3008 525/3009
f 549/3010 503/3011 539/3012
f 391/3013 525/3014 469/3015
f 522/3016 525/3017 537/3018
f 537/3019 479/3020 522/3021
f 490/3022 549/3023 539/3024
f 538/3025 537/3026 525/3027
f 490/3028 540/3029 549/3030
f 489/3031 479/3032 537/3033
f 537/3034 547/3035 489/3036
f 529/3037 526/3038 527/3039
f 527/3040 516/3041 529/3042
f 516/3043 520/3044 528/3045
f 520/3046 531/3047 528/3048
f 513/3049 529/3050 516/3051
f 530/3052 516/3053 528/3054
f 533/3055 528/3056 531/3057
f 521/3058 533/3059 531/3060
f 521/3061 532/3062 533/3063
f 393/3064 538/3065 525/3066
f 413/3067 530/3068 528/3069
f 532/3070 1155/3071 536/3072
f 528/3073 535/3074 413/3075
f 535/3076 534/3077 413/3078
f 434/3079 513/3080 516/3081
f 530/3082 434/3083 516/3084
f 530/3085 413/3086 434/3087
f 540/3088 491/3089 552/3090
f 533/3091 535/3092 528/3093
f 532/3094 535/3095 533/3096
f 536/3097 1176/3098 532/3099
f 532/3100 428/3101 535/3102
f 1176/3103 428/3104 532/3105
f 522/3106 546/3107 468/3108
f 507/3109 540/3110 552/3111
f 393/3112 543/3113 538/3114
f 543/3115 547/3116 537/3117
f 393/3118 394/3119 543/3120
f 542/3121 475/3122 548/3123
f 475/3124 542/3125 503/3126
f 550/3127 475/3128 503/3129
f 543/3130 537/3131 538/3132
f 475/3133 550/3134 548/3135
f 546/3136 522/3137 507/3138
f 468/3139 546/3140 491/3141
f 547/3142 543/3143 545/3144
f 551/3145 543/3146 395/3147
f 460/3148 553/3149 395/3150
f 553/3151 551/3152 395/3153
f 545/3154 543/3155 551/3156
f 491/3157 546/3158 552/3159
f 503/3160 549/3161 550/3162
f 544/3163 547/3164 545/3165
f 554/3166 544/3167 741/3168
f 741/3169 544/3170 545/3171
f 505/3172 554/3173 518/3174
f 2334/3175 642/3176 2331/3177
f 553/3178 518/3179 554/3180
f 2342/3181 2350/3182 644/3183
f 741/3184 545/3185 551/3186
f 2326/3187 2384/3188 597/3189
f 741/3190 551/3191 553/3192
f 2335/3193 597/3194 2384/3195
f 807/3196 439/3197 827/3198
f 555/3199 404/3200 557/3201
f 2274/3202 2270/3203 2300/3204
f 2266/3205 598/3206 2313/3207
f 2274/3208 2300/3209 2278/3210
f 557/3211 582/3212 580/3213
f 630/3214 597/3215 2335/3216
f 559/3217 560/3218 583/3219
f 559/3220 583/3221 557/3222
f 643/3223 2037/3224 598/3225
f 865/3226 560/3227 558/3228
f 2358/3229 2377/3230 645/3231
f 2277/3232 2358/3233 648/3234
f 563/3235 559/3236 561/3237
f 557/3238 561/3239 559/3240
f 561/3241 567/3242 563/3243
f 561/3244 557/3245 570/3246
f 570/3247 557/3248 404/3249
f 561/3250 570/3251 567/3252
f 562/3253 570/3254 404/3255
f 558/3256 559/3257 563/3258
f 558/3259 563/3260 564/3261
f 583/3262 392/3263 582/3264
f 814/3265 583/3266 556/3267
f 563/3268 567/3269 564/3270
f 574/3271 578/3272 565/3273
f 578/3274 574/3275 579/3276
f 575/3277 579/3278 574/3279
f 572/3280 566/3281 565/3282
f 568/3283 567/3284 570/3285
f 564/3286 567/3287 568/3288
f 568/3289 569/3290 573/3291
f 564/3292 568/3293 572/3294
f 568/3295 573/3296 572/3297
f 568/3298 570/3299 569/3300
f 569/3301 570/3302 562/3303
f 572/3304 573/3305 581/3306
f 573/3307 569/3308 571/3309
f 564/3310 572/3311 565/3312
f 576/3313 581/3314 573/3315
f 581/3316 566/3317 572/3318
f 571/3319 576/3320 573/3321
f 574/3322 565/3323 566/3324
f 566/3325 575/3326 574/3327
f 566/3328 581/3329 575/3330
f 583/3331 814/3332 392/3333
f 1552/3334 581/3335 576/3336
f 555/3337 580/3338 420/3339
f 580/3340 555/3341 557/3342
f 579/3343 1577/3344 578/3345
f 575/3346 581/3347 1581/3348
f 1581/3349 581/3350 1552/3351
f 1552/3352 577/3353 430/3354
f 582/3355 557/3356 583/3357
f 827/3358 439/3359 451/3360
f 624/3361 601/3362 1182/3363
f 1182/3364 620/3365 595/3366
f 587/3367 624/3368 1196/3369
f 594/3370 624/3371 1133/3372
f 625/3373 665/3374 591/3375
f 1204/3376 1203/3377 1195/3378
f 584/3379 606/3380 629/3381
f 585/3382 606/3383 584/3384
f 658/3385 585/3386 584/3387
f 658/3388 653/3389 655/3390
f 658/3391 629/3392 653/3393
f 658/3394 584/3395 629/3396
f 585/3397 658/3398 586/3399
f 658/3400 667/3401 586/3402
f 1205/3403 1133/3404 1204/3405
f 587/3406 1203/3407 1133/3408
f 595/3409 593/3410 1182/3411
f 593/3412 595/3413 613/3414
f 590/3415 589/3416 1202/3417
f 589/3418 616/3419 1192/3420
f 605/3421 608/3422 603/3423
f 12/3424 621/3425 592/3426
f 6/3427 592/3428 621/3429
f 592/3430 602/3431 8/3432
f 595/3433 611/3434 613/3435
f 594/3436 601/3437 624/3438
f 653/3439 632/3440 601/3441
f 633/3442 629/3443 605/3444
f 1133/3445 1207/3446 594/3447
f 1192/3448 1202/3449 589/3450
f 6/3451 604/3452 602/3453
f 633/3454 604/3455 6/3456
f 6/3457 599/3458 628/3459
f 632/3460 599/3461 620/3462
f 2377/3463 1184/3464 1194/3465
f 2350/3466 2333/3467 2356/3468
f 590/3469 593/3470 588/3471
f 2354/3472 596/3473 2325/3474
f 600/3475 2338/3476 644/3477
f 653/3478 601/3479 649/3480
f 2277/3481 2326/3482 2358/3483
f 600/3484 644/3485 645/3486
f 591/3487 649/3488 625/3489
f 625/3490 638/3491 665/3492
f 601/3493 632/3494 620/3495
f 1182/3496 593/3497 1196/3498
f 2333/3499 648/3500 2356/3501
f 600/3502 645/3503 2325/3504
f 642/3505 600/3506 596/3507
f 615/3508 589/3509 588/3510
f 2341/3511 2338/3512 642/3513
f 2341/3514 2345/3515 2338/3516
f 2037/3517 643/3518 597/3519
f 2295/3520 2292/3521 2335/3522
f 602/3523 592/3524 6/3525
f 603/3526 8/3527 602/3528
f 1207/3529 625/3530 594/3531
f 591/3532 665/3533 654/3534
f 655/3535 665/3536 659/3537
f 604/3538 603/3539 602/3540
f 633/3541 628/3542 632/3543
f 610/3544 605/3545 606/3546
f 605/3547 610/3548 608/3549
f 586/3550 607/3551 585/3552
f 605/3553 604/3554 633/3555
f 607/3556 610/3557 606/3558
f 607/3559 606/3560 585/3561
f 610/3562 609/3563 608/3564
f 632/3565 629/3566 633/3567
f 605/3568 629/3569 606/3570
f 607/3571 586/3572 692/3573
f 609/3574 610/3575 641/3576
f 607/3577 641/3578 610/3579
f 607/3580 640/3581 641/3582
f 640/3583 607/3584 687/3585
f 634/3586 608/3587 609/3588
f 613/3589 611/3590 612/3591
f 588/3592 614/3593 615/3594
f 614/3595 588/3596 613/3597
f 1183/3598 593/3599 590/3600
f 593/3601 613/3602 588/3603
f 588/3604 589/3605 590/3606
f 613/3607 612/3608 614/3609
f 614/3610 612/3611 619/3612
f 616/3613 589/3614 615/3615
f 614/3616 622/3617 615/3618
f 615/3619 622/3620 617/3621
f 615/3622 617/3623 616/3624
f 617/3625 1179/3626 616/3627
f 622/3628 614/3629 619/3630
f 1179/3631 617/3632 622/3633
f 612/3634 618/3635 7/3636
f 619/3637 612/3638 7/3639
f 2418/3640 634/3641 627/3642
f 650/3643 627/3644 634/3645
f 587/3646 1133/3647 624/3648
f 1196/3649 624/3650 1182/3651
f 622/3652 623/3653 1179/3654
f 623/3655 622/3656 635/3657
f 634/3658 609/3659 646/3660
f 694/3661 626/3662 1210/3663
f 653/3664 629/3665 632/3666
f 646/3667 650/3668 634/3669
f 2392/3670 2267/3671 2295/3672
f 2391/3673 2267/3674 2392/3675
f 2362/3676 2377/3677 2358/3678
f 2492/3679 2271/3680 2306/3681
f 628/3682 599/3683 632/3684
f 599/3685 6/3686 621/3687
f 6/3688 628/3689 633/3690
f 656/3691 666/3692 657/3693
f 7/3694 636/3695 619/3696
f 635/3697 622/3698 619/3699
f 635/3700 619/3701 636/3702
f 1177/3703 635/3704 636/3705
f 623/3706 635/3707 1177/3708
f 1177/3709 636/3710 1815/3711
f 657/3712 666/3713 694/3714
f 690/3715 666/3716 637/3717
f 1134/3718 1181/3719 623/3720
f 638/3721 681/3722 665/3723
f 638/3724 1215/3725 681/3726
f 1215/3727 639/3728 681/3729
f 641/3730 646/3731 609/3732
f 640/3733 646/3734 641/3735
f 1208/3736 1207/3737 1133/3738
f 597/3739 2362/3740 2358/3741
f 2338/3742 2345/3743 2342/3744
f 645/3745 2377/3746 1194/3747
f 601/3748 594/3749 649/3750
f 652/3751 2284/3752 2292/3753
f 2985/3754 646/3755 640/3756
f 630/3757 2037/3758 597/3759
f 2384/3760 2326/3761 2332/3762
f 2300/3763 2270/3764 2317/3765
f 2386/3766 2391/3767 651/3768
f 631/3769 654/3770 653/3771
f 691/3772 640/3773 693/3774
f 651/3775 2391/3776 2392/3777
f 2292/3778 630/3779 2335/3780
f 2274/3781 2293/3782 2270/3783
f 2391/3784 2291/3785 2267/3786
f 2492/3787 2281/3788 2272/3789
f 2271/3790 2492/3791 2272/3792
f 630/3793 2284/3794 2037/3795
f 2291/3796 2391/3797 2371/3798
f 631/3799 653/3800 649/3801
f 648/3802 2358/3803 2356/3804
f 654/3805 631/3806 649/3807
f 654/3808 655/3809 653/3810
f 591/3811 654/3812 649/3813
f 659/3814 658/3815 655/3816
f 660/3817 659/3818 690/3819
f 637/3820 660/3821 690/3822
f 708/3823 712/3824 694/3825
f 657/3826 694/3827 712/3828
f 656/3829 637/3830 666/3831
f 664/3832 656/3833 657/3834
f 664/3835 657/3836 712/3837
f 664/3838 712/3839 713/3840
f 658/3841 659/3842 660/3843
f 660/3844 637/3845 661/3846
f 660/3847 667/3848 658/3849
f 669/3850 656/3851 664/3852
f 662/3853 661/3854 637/3855
f 663/3856 662/3857 656/3858
f 661/3859 662/3860 663/3861
f 662/3862 637/3863 656/3864
f 655/3865 654/3866 665/3867
f 694/3868 666/3869 639/3870
f 660/3871 661/3872 667/3873
f 669/3874 668/3875 656/3876
f 661/3877 670/3878 667/3879
f 670/3880 673/3881 667/3882
f 670/3883 661/3884 671/3885
f 661/3886 663/3887 671/3888
f 673/3889 670/3890 671/3891
f 671/3892 663/3893 672/3894
f 673/3895 586/3896 667/3897
f 673/3898 671/3899 679/3900
f 671/3901 672/3902 679/3903
f 663/3904 656/3905 668/3906
f 668/3907 672/3908 663/3909
f 668/3910 676/3911 672/3912
f 669/3913 675/3914 668/3915
f 674/3916 679/3917 672/3918
f 668/3919 675/3920 676/3921
f 674/3922 672/3923 676/3924
f 675/3925 680/3926 676/3927
f 675/3928 669/3929 680/3930
f 666/3931 681/3932 639/3933
f 639/3934 626/3935 694/3936
f 678/3937 674/3938 676/3939
f 680/3940 678/3941 676/3942
f 674/3943 678/3944 677/3945
f 692/3946 586/3947 673/3948
f 687/3949 607/3950 692/3951
f 682/3952 674/3953 677/3954
f 678/3955 683/3956 677/3957
f 679/3958 674/3959 682/3960
f 749/3961 684/3962 756/3963
f 678/3964 680/3965 756/3966
f 678/3967 684/3968 683/3969
f 756/3970 684/3971 678/3972
f 685/3973 683/3974 684/3975
f 677/3976 683/3977 682/3978
f 682/3979 686/3980 679/3981
f 685/3982 684/3983 749/3984
f 685/3985 682/3986 683/3987
f 749/3988 689/3989 685/3990
f 659/3991 665/3992 681/3993
f 686/3994 693/3995 692/3996
f 692/3997 693/3998 687/3999
f 640/4000 687/4001 693/4002
f 686/4003 682/4004 688/4005
f 679/4006 686/4007 692/4008
f 685/4009 688/4010 682/4011
f 688/4012 2996/4013 691/4014
f 659/4015 681/4016 690/4017
f 685/4018 2996/4019 688/4020
f 693/4021 686/4022 688/4023
f 693/4024 688/4025 691/4026
f 666/4027 690/4028 681/4029
f 679/4030 692/4031 673/4032
f 768/4033 352/4034 774/4035
f 715/4036 342/4037 1088/4038
f 709/4039 748/4040 680/4041
f 734/4042 726/4043 698/4044
f 723/4045 697/4046 698/4047
f 723/4048 701/4049 695/4050
f 701/4051 704/4052 707/4053
f 698/4054 697/4055 696/4056
f 697/4057 695/4058 696/4059
f 723/4060 695/4061 697/4062
f 695/4063 701/4064 717/4065
f 696/4066 717/4067 718/4068
f 739/4069 717/4070 707/4071
f 696/4072 695/4073 717/4074
f 717/4075 701/4076 707/4077
f 696/4078 725/4079 698/4080
f 702/4081 698/4082 725/4083
f 702/4084 734/4085 698/4086
f 735/4087 730/4088 731/4089
f 730/4090 699/4091 731/4092
f 730/4093 700/4094 699/4095
f 731/4096 699/4097 704/4098
f 705/4099 700/4100 730/4101
f 669/4102 705/4103 730/4104
f 705/4105 669/4106 710/4107
f 711/4108 738/4109 725/4110
f 706/4111 699/4112 700/4113
f 710/4114 669/4115 664/4116
f 721/4117 725/4118 718/4119
f 709/4120 669/4121 730/4122
f 699/4123 703/4124 704/4125
f 699/4126 706/4127 703/4128
f 730/4129 729/4130 709/4131
f 704/4132 703/4133 706/4134
f 713/4135 705/4136 710/4137
f 706/4138 707/4139 704/4140
f 700/4141 705/4142 706/4143
f 706/4144 705/4145 708/4146
f 713/4147 710/4148 664/4149
f 705/4150 713/4151 708/4152
f 728/4153 707/4154 706/4155
f 739/4156 707/4157 732/4158
f 728/4159 732/4160 707/4161
f 711/4162 725/4163 721/4164
f 708/4165 713/4166 712/4167
f 708/4168 728/4169 706/4170
f 711/4171 715/4172 758/4173
f 758/4174 738/4175 711/4176
f 725/4177 734/4178 702/4179
f 729/4180 748/4181 709/4182
f 709/4183 680/4184 669/4185
f 723/4186 731/4187 701/4188
f 738/4189 734/4190 725/4191
f 1131/4192 711/4193 721/4194
f 716/4195 721/4196 718/4197
f 717/4198 719/4199 718/4200
f 704/4201 701/4202 731/4203
f 698/4204 726/4205 723/4206
f 716/4207 722/4208 721/4209
f 729/4210 750/4211 748/4212
f 717/4213 739/4214 719/4215
f 722/4216 716/4217 724/4218
f 724/4219 716/4220 718/4221
f 719/4222 724/4223 718/4224
f 739/4225 732/4226 719/4227
f 720/4228 719/4229 732/4230
f 724/4231 719/4232 720/4233
f 714/4234 729/4235 730/4236
f 723/4237 726/4238 727/4239
f 714/4240 750/4241 729/4242
f 725/4243 696/4244 718/4245
f 744/4246 735/4247 731/4248
f 734/4249 742/4250 726/4251
f 744/4252 714/4253 735/4254
f 714/4255 730/4256 735/4257
f 743/4258 750/4259 714/4260
f 744/4261 743/4262 714/4263
f 733/4264 732/4265 728/4266
f 455/4267 733/4268 728/4269
f 708/4270 1210/4271 455/4272
f 728/4273 708/4274 455/4275
f 737/4276 754/4277 744/4278
f 720/4279 732/4280 733/4281
f 1210/4282 1206/4283 455/4284
f 1206/4285 453/4286 455/4287
f 731/4288 737/4289 744/4290
f 759/4291 726/4292 742/4293
f 755/4294 738/4295 758/4296
f 752/4297 755/4298 753/4299
f 715/4300 755/4301 758/4302
f 753/4303 755/4304 1088/4305
f 708/4306 694/4307 1210/4308
f 734/4309 738/4310 742/4311
f 723/4312 736/4313 731/4314
f 742/4315 738/4316 755/4317
f 726/4318 759/4319 727/4320
f 736/4321 723/4322 727/4323
f 737/4324 731/4325 736/4326
f 736/4327 727/4328 740/4329
f 736/4330 740/4331 737/4332
f 761/4333 754/4334 737/4335
f 740/4336 761/4337 737/4338
f 759/4339 762/4340 727/4341
f 727/4342 762/4343 740/4344
f 740/4345 762/4346 760/4347
f 748/4348 756/4349 680/4350
f 746/4351 751/4352 747/4353
f 746/4354 749/4355 751/4356
f 755/4357 715/4358 1088/4359
f 744/4360 754/4361 743/4362
f 751/4363 748/4364 743/4365
f 751/4366 743/4367 745/4368
f 751/4369 745/4370 765/4371
f 765/4372 747/4373 751/4374
f 742/4375 755/4376 757/4377
f 689/4378 749/4379 746/4380
f 763/4381 743/4382 754/4383
f 745/4384 763/4385 765/4386
f 743/4387 748/4388 750/4389
f 763/4390 745/4391 743/4392
f 751/4393 749/4394 756/4395
f 747/4396 1774/4397 746/4398
f 742/4399 757/4400 759/4401
f 748/4402 751/4403 756/4404
f 755/4405 752/4406 775/4407
f 752/4408 757/4409 775/4410
f 772/4411 757/4412 752/4413
f 762/4414 759/4415 772/4416
f 775/4417 757/4418 755/4419
f 774/4420 352/4421 1439/4422
f 761/4423 771/4424 754/4425
f 772/4426 759/4427 757/4428
f 740/4429 760/4430 770/4431
f 770/4432 760/4433 766/4434
f 770/4435 761/4436 740/4437
f 762/4438 766/4439 760/4440
f 754/4441 771/4442 763/4443
f 765/4444 763/4445 2998/4446
f 771/4447 2998/4448 763/4449
f 770/4450 764/4451 761/4452
f 761/4453 764/4454 771/4455
f 2998/4456 771/4457 2999/4458
f 767/4459 766/4460 762/4461
f 762/4462 772/4463 767/4464
f 769/4465 772/4466 768/4467
f 767/4468 772/4469 769/4470
f 767/4471 770/4472 766/4473
f 773/4474 769/4475 768/4476
f 2999/4477 771/4478 764/4479
f 767/4480 769/4481 773/4482
f 2998/4483 9/4484 765/4485
f 773/4486 768/4487 774/4488
f 764/4489 770/4490 2999/4491
f 767/4492 773/4493 770/4494
f 770/4495 773/4496 2999/4497
f 13/4498 2800/4499 2796/4500
f 783/4501 790/4502 777/4503
f 2778/4504 13/4505 776/4506
f 13/4507 2778/4508 2772/4509
f 1067/4510 777/4511 793/4512
f 2772/4513 2767/4514 13/4515
f 794/4516 795/4517 777/4518
f 793/4519 777/4520 795/4521
f 1067/4522 786/4523 778/4524
f 777/4525 1067/4526 778/4527
f 779/4528 778/4529 786/4530
f 779/4531 785/4532 778/4533
f 786/4534 792/4535 779/4536
f 785/4537 779/4538 792/4539
f 782/4540 785/4541 792/4542
f 792/4543 780/4544 782/4545
f 801/4546 781/4547 780/4548
f 781/4549 782/4550 780/4551
f 801/4552 822/4553 781/4554
f 823/4555 781/4556 822/4557
f 781/4558 823/4559 782/4560
f 777/4561 784/4562 787/4563
f 787/4564 783/4565 777/4566
f 777/4567 778/4568 784/4569
f 778/4570 785/4571 784/4572
f 855/4573 784/4574 785/4575
f 848/4576 785/4577 782/4578
f 782/4579 823/4580 848/4581
f 785/4582 848/4583 853/4584
f 783/4585 859/4586 790/4587
f 1074/4588 801/4589 792/4590
f 791/4591 794/4592 790/4593
f 2786/4594 794/4595 791/4596
f 776/4597 791/4598 790/4599
f 2786/4600 788/4601 789/4602
f 789/4603 788/4604 797/4605
f 2786/4606 789/4607 794/4608
f 777/4609 790/4610 794/4611
f 787/4612 784/4613 855/4614
f 795/4615 794/4616 800/4617
f 1056/4618 786/4619 1067/4620
f 800/4621 794/4622 796/4623
f 796/4624 794/4625 789/4626
f 801/4627 806/4628 822/4629
f 796/4630 789/4631 797/4632
f 792/4633 801/4634 780/4635
f 823/4636 853/4637 848/4638
f 1052/4639 1067/4640 793/4641
f 2767/4642 2800/4643 13/4644
f 799/4645 800/4646 796/4647
f 799/4648 796/4649 797/4650
f 2799/4651 799/4652 797/4653
f 799/4654 2799/4655 803/4656
f 795/4657 800/4658 804/4659
f 800/4660 803/4661 798/4662
f 799/4663 803/4664 800/4665
f 804/4666 800/4667 798/4668
f 798/4669 802/4670 805/4671
f 805/4672 804/4673 798/4674
f 802/4675 798/4676 803/4677
f 793/4678 795/4679 804/4680
f 825/4681 809/4682 812/4683
f 828/4684 810/4685 809/4686
f 828/4687 827/4688 810/4689
f 810/4690 827/4691 808/4692
f 811/4693 810/4694 808/4695
f 835/4696 811/4697 808/4698
f 828/4699 809/4700 825/4701
f 815/4702 812/4703 809/4704
f 817/4705 824/4706 812/4707
f 817/4708 812/4709 815/4710
f 810/4711 818/4712 809/4713
f 810/4714 811/4715 813/4716
f 392/4717 814/4718 811/4719
f 811/4720 814/4721 813/4722
f 818/4723 810/4724 813/4725
f 818/4726 881/4727 809/4728
f 815/4729 809/4730 881/4731
f 815/4732 881/4733 817/4734
f 881/4735 818/4736 813/4737
f 813/4738 814/4739 2032/4740
f 2032/4741 814/4742 556/4743
f 813/4744 2032/4745 881/4746
f 820/4747 829/4748 825/4749
f 820/4750 842/4751 843/4752
f 831/4753 819/4754 843/4755
f 829/4756 843/4757 819/4758
f 831/4759 843/4760 841/4761
f 812/4762 824/4763 820/4764
f 812/4765 820/4766 825/4767
f 830/4768 829/4769 819/4770
f 823/4771 837/4772 885/4773
f 820/4774 824/4775 842/4776
f 823/4777 822/4778 832/4779
f 821/4780 885/4781 837/4782
f 823/4783 885/4784 886/4785
f 823/4786 831/4787 841/4788
f 832/4789 831/4790 823/4791
f 843/4792 829/4793 820/4794
f 829/4795 828/4796 825/4797
f 826/4798 828/4799 829/4800
f 886/4801 853/4802 823/4803
f 807/4804 828/4805 826/4806
f 829/4807 1102/4808 826/4809
f 1102/4810 807/4811 826/4812
f 1102/4813 1119/4814 807/4815
f 807/4816 827/4817 828/4818
f 1102/4819 834/4820 838/4821
f 836/4822 1100/4823 834/4824
f 819/4825 831/4826 830/4827
f 1100/4828 838/4829 834/4830
f 829/4831 830/4832 834/4833
f 831/4834 840/4835 830/4836
f 822/4837 806/4838 832/4839
f 831/4840 832/4841 840/4842
f 833/4843 830/4844 1099/4845
f 1099/4846 830/4847 840/4848
f 830/4849 833/4850 834/4851
f 834/4852 839/4853 836/4854
f 833/4855 839/4856 834/4857
f 811/4858 835/4859 392/4860
f 1099/4861 839/4862 833/4863
f 1098/4864 840/4865 832/4866
f 823/4867 841/4868 837/4869
f 837/4870 842/4871 821/4872
f 816/4873 821/4874 842/4875
f 829/4876 834/4877 1102/4878
f 844/4879 842/4880 841/4881
f 841/4882 842/4883 837/4884
f 838/4885 1090/4886 1102/4887
f 832/4888 806/4889 1098/4890
f 816/4891 842/4892 817/4893
f 1098/4894 806/4895 801/4896
f 817/4897 842/4898 824/4899
f 841/4900 843/4901 844/4902
f 843/4903 842/4904 844/4905
f 864/4906 862/4907 855/4908
f 845/4909 2749/4910 857/4911
f 2739/4912 846/4913 847/4914
f 845/4915 847/4916 846/4917
f 2749/4918 845/4919 846/4920
f 847/4921 1875/4922 2739/4923
f 852/4924 853/4925 868/4926
f 853/4927 886/4928 868/4929
f 861/4930 852/4931 849/4932
f 864/4933 850/4934 845/4935
f 864/4936 861/4937 850/4938
f 850/4939 1875/4940 845/4941
f 850/4942 861/4943 849/4944
f 847/4945 845/4946 1875/4947
f 868/4948 856/4949 852/4950
f 851/4951 1869/4952 1875/4953
f 1875/4954 850/4955 851/4956
f 850/4957 849/4958 851/4959
f 1856/4960 851/4961 849/4962
f 852/4963 856/4964 849/4965
f 856/4966 1856/4967 849/4968
f 856/4969 868/4970 1857/4971
f 855/4972 785/4973 861/4974
f 861/4975 785/4976 853/4977
f 854/4978 783/4979 862/4980
f 855/4981 862/4982 787/4983
f 862/4984 783/4985 787/4986
f 853/4987 852/4988 861/4989
f 857/4990 854/4991 845/4992
f 857/4993 858/4994 854/4995
f 864/4996 845/4997 862/4998
f 854/4999 862/5000 845/5001
f 860/5002 859/5003 858/5004
f 858/5005 859/5006 854/5007
f 860/5008 863/5009 859/5010
f 783/5011 854/5012 859/5013
f 860/5014 2778/5015 863/5016
f 861/5017 864/5018 855/5019
f 882/5020 870/5021 883/5022
f 868/5023 871/5024 869/5025
f 884/5026 866/5027 886/5028
f 884/5029 883/5030 866/5031
f 872/5032 882/5033 873/5034
f 871/5035 886/5036 866/5037
f 868/5038 886/5039 871/5040
f 871/5041 867/5042 869/5043
f 867/5044 871/5045 866/5046
f 868/5047 869/5048 878/5049
f 879/5050 868/5051 878/5052
f 869/5053 877/5054 878/5055
f 870/5056 869/5057 867/5058
f 879/5059 1857/5060 868/5061
f 873/5062 882/5063 881/5064
f 867/5065 883/5066 870/5067
f 870/5068 882/5069 872/5070
f 880/5071 870/5072 872/5073
f 872/5074 873/5075 1808/5076
f 876/5077 874/5078 887/5079
f 887/5080 874/5081 873/5082
f 874/5083 876/5084 1577/5085
f 874/5086 875/5087 873/5088
f 870/5089 877/5090 869/5091
f 877/5092 870/5093 880/5094
f 878/5095 877/5096 879/5097
f 1808/5098 880/5099 872/5100
f 1808/5101 873/5102 1802/5103
f 1802/5104 873/5105 875/5106
f 874/5107 1577/5108 875/5109
f 1577/5110 1803/5111 875/5112
f 877/5113 880/5114 1806/5115
f 867/5116 866/5117 883/5118
f 873/5119 881/5120 887/5121
f 817/5122 882/5123 816/5124
f 881/5125 882/5126 817/5127
f 883/5128 884/5129 885/5130
f 816/5131 883/5132 821/5133
f 883/5134 885/5135 821/5136
f 886/5137 885/5138 884/5139
f 882/5140 883/5141 816/5142
f 916/5143 1136/5144 1138/5145
f 1136/5146 911/5147 915/5148
f 888/5149 1156/5150 890/5151
f 896/5152 894/5153 1159/5154
f 900/5155 1139/5156 912/5157
f 890/5158 1156/5159 892/5160
f 894/5161 908/5162 1159/5163
f 1159/5164 905/5165 896/5166
f 913/5167 1139/5168 889/5169
f 898/5170 889/5171 900/5172
f 1139/5173 900/5174 889/5175
f 900/5176 912/5177 888/5178
f 890/5179 898/5180 900/5181
f 890/5182 900/5183 888/5184
f 890/5185 892/5186 898/5187
f 889/5188 898/5189 891/5190
f 889/5191 891/5192 913/5193
f 892/5194 891/5195 898/5196
f 1029/5197 913/5198 891/5199
f 892/5200 907/5201 891/5202
f 892/5203 897/5204 895/5205
f 894/5206 893/5207 892/5208
f 892/5209 1156/5210 894/5211
f 893/5212 894/5213 896/5214
f 892/5215 893/5216 897/5217
f 893/5218 902/5219 897/5220
f 902/5221 893/5222 896/5223
f 902/5224 1015/5225 897/5226
f 902/5227 896/5228 905/5229
f 895/5230 897/5231 906/5232
f 888/5233 904/5234 916/5235
f 895/5236 906/5237 907/5238
f 895/5239 907/5240 892/5241
f 897/5242 1015/5243 906/5244
f 916/5245 904/5246 1136/5247
f 1148/5248 901/5249 918/5250
f 951/5251 899/5252 909/5253
f 913/5254 910/5255 917/5256
f 901/5257 1148/5258 1169/5259
f 901/5260 915/5261 911/5262
f 912/5263 1139/5264 918/5265
f 915/5266 901/5267 1162/5268
f 915/5269 914/5270 1136/5271
f 891/5272 907/5273 981/5274
f 902/5275 905/5276 2200/5277
f 904/5278 888/5279 912/5280
f 902/5281 2200/5282 903/5283
f 904/5284 912/5285 918/5286
f 981/5287 1029/5288 891/5289
f 902/5290 903/5291 1015/5292
f 904/5293 918/5294 901/5295
f 2200/5296 1037/5297 903/5298
f 1015/5299 907/5300 906/5301
f 903/5302 1033/5303 1015/5304
f 1033/5305 903/5306 1037/5307
f 901/5308 1169/5309 1162/5310
f 888/5311 1146/5312 1156/5313
f 910/5314 1029/5315 909/5316
f 1156/5317 908/5318 894/5319
f 909/5320 1201/5321 910/5322
f 910/5323 913/5324 1029/5325
f 1136/5326 904/5327 911/5328
f 1146/5329 888/5330 916/5331
f 909/5332 1214/5333 1201/5334
f 913/5335 917/5336 1139/5337
f 914/5338 915/5339 1162/5340
f 1159/5341 2161/5342 905/5343
f 904/5344 901/5345 911/5346
f 917/5347 910/5348 1201/5349
f 932/5350 936/5351 930/5352
f 938/5353 931/5354 930/5355
f 926/5356 975/5357 927/5358
f 409/5359 922/5360 952/5361
f 952/5362 408/5363 409/5364
f 940/5365 949/5366 921/5367
f 922/5368 409/5369 937/5370
f 921/5371 949/5372 919/5373
f 948/5374 946/5375 953/5376
f 919/5377 953/5378 923/5379
f 924/5380 923/5381 946/5382
f 923/5383 953/5384 946/5385
f 923/5386 921/5387 919/5388
f 2/5389 920/5390 946/5391
f 973/5392 924/5393 946/5394
f 928/5395 929/5396 923/5397
f 920/5398 973/5399 946/5400
f 929/5401 921/5402 923/5403
f 923/5404 924/5405 928/5406
f 928/5407 924/5408 926/5409
f 940/5410 921/5411 925/5412
f 406/5413 399/5414 937/5415
f 930/5416 931/5417 942/5418
f 1729/5419 940/5420 925/5421
f 933/5422 1039/5423 947/5424
f 925/5425 921/5426 929/5427
f 928/5428 927/5429 939/5430
f 939/5431 942/5432 928/5433
f 929/5434 928/5435 931/5436
f 927/5437 941/5438 939/5439
f 926/5440 927/5441 928/5442
f 927/5443 988/5444 941/5445
f 940/5446 952/5447 949/5448
f 931/5449 928/5450 942/5451
f 935/5452 936/5453 1675/5454
f 925/5455 929/5456 938/5457
f 932/5458 930/5459 942/5460
f 931/5461 938/5462 929/5463
f 399/5464 950/5465 937/5466
f 937/5467 950/5468 949/5469
f 1675/5470 936/5471 932/5472
f 950/5473 933/5474 955/5475
f 949/5476 952/5477 922/5478
f 936/5479 935/5480 934/5481
f 938/5482 1729/5483 925/5484
f 1039/5485 933/5486 950/5487
f 943/5488 942/5489 939/5490
f 942/5491 943/5492 932/5493
f 943/5494 1673/5495 932/5496
f 939/5497 941/5498 944/5499
f 941/5500 982/5501 944/5502
f 945/5503 944/5504 982/5505
f 944/5506 943/5507 939/5508
f 955/5509 953/5510 950/5511
f 947/5512 920/5513 2/5514
f 1673/5515 1675/5516 932/5517
f 943/5518 1672/5519 1673/5520
f 1733/5521 1675/5522 1673/5523
f 948/5524 953/5525 955/5526
f 1672/5527 943/5528 944/5529
f 944/5530 945/5531 1672/5532
f 954/5533 919/5534 949/5535
f 399/5536 951/5537 950/5538
f 951/5539 1039/5540 950/5541
f 951/5542 909/5543 1039/5544
f 955/5545 947/5546 2/5547
f 399/5548 432/5549 951/5550
f 949/5551 922/5552 937/5553
f 954/5554 953/5555 919/5556
f 951/5557 432/5558 899/5559
f 954/5560 949/5561 950/5562
f 953/5563 954/5564 950/5565
f 940/5566 956/5567 422/5568
f 940/5569 422/5570 952/5571
f 956/5572 940/5573 1550/5574
f 1550/5575 1566/5576 956/5577
f 1729/5578 1550/5579 940/5580
f 2068/5581 987/5582 2080/5583
f 988/5584 927/5585 975/5586
f 985/5587 1025/5588 1014/5589
f 963/5590 958/5591 1025/5592
f 963/5593 1025/5594 985/5595
f 1034/5596 957/5597 1014/5598
f 985/5599 1014/5600 957/5601
f 1030/5602 1036/5603 1019/5604
f 1030/5605 984/5606 1027/5607
f 1036/5608 1030/5609 1027/5610
f 920/5611 960/5612 973/5613
f 1027/5614 984/5615 983/5616
f 924/5617 973/5618 926/5619
f 1025/5620 1024/5621 981/5622
f 959/5623 983/5624 984/5625
f 959/5626 1023/5627 983/5628
f 960/5629 920/5630 958/5631
f 958/5632 963/5633 980/5634
f 961/5635 973/5636 960/5637
f 960/5638 958/5639 961/5640
f 958/5641 962/5642 961/5643
f 963/5644 964/5645 979/5646
f 964/5647 963/5648 968/5649
f 980/5650 962/5651 958/5652
f 979/5653 980/5654 963/5655
f 977/5656 988/5657 975/5658
f 965/5659 967/5660 1035/5661
f 969/5662 1034/5663 967/5664
f 985/5665 957/5666 966/5667
f 971/5668 968/5669 966/5670
f 968/5671 985/5672 966/5673
f 985/5674 968/5675 963/5676
f 992/5677 976/5678 998/5679
f 970/5680 1034/5681 969/5682
f 970/5683 972/5684 1034/5685
f 1034/5686 972/5687 966/5688
f 1013/5689 972/5690 2058/5691
f 966/5692 972/5693 971/5694
f 964/5695 968/5696 971/5697
f 964/5698 971/5699 978/5700
f 969/5701 10/5702 970/5703
f 961/5704 974/5705 973/5706
f 970/5707 2058/5708 972/5709
f 1013/5710 971/5711 972/5712
f 1013/5713 978/5714 971/5715
f 974/5716 961/5717 962/5718
f 926/5719 973/5720 974/5721
f 977/5722 974/5723 962/5724
f 977/5725 975/5726 974/5727
f 962/5728 980/5729 976/5730
f 962/5731 976/5732 977/5733
f 980/5734 979/5735 994/5736
f 976/5737 992/5738 977/5739
f 992/5740 998/5741 999/5742
f 945/5743 982/5744 1003/5745
f 1013/5746 993/5747 978/5748
f 991/5749 976/5750 994/5751
f 926/5752 974/5753 975/5754
f 994/5755 976/5756 980/5757
f 991/5758 998/5759 976/5760
f 964/5761 993/5762 979/5763
f 964/5764 978/5765 993/5766
f 10/5767 2062/5768 970/5769
f 1038/5770 981/5771 1024/5772
f 941/5773 988/5774 982/5775
f 1730/5776 945/5777 1003/5778
f 981/5779 1038/5780 1039/5781
f 1030/5782 1019/5783 1014/5784
f 996/5785 986/5786 1012/5787
f 989/5788 984/5789 1030/5790
f 1030/5791 981/5792 989/5793
f 993/5794 994/5795 979/5796
f 986/5797 1013/5798 2058/5799
f 996/5800 993/5801 986/5802
f 1012/5803 986/5804 990/5805
f 993/5806 1013/5807 986/5808
f 986/5809 2068/5810 990/5811
f 996/5812 1012/5813 997/5814
f 2068/5815 2080/5816 990/5817
f 1020/5818 990/5819 3055/5820
f 990/5821 2080/5822 3055/5823
f 1015/5824 984/5825 989/5826
f 1012/5827 990/5828 1022/5829
f 992/5830 988/5831 977/5832
f 990/5833 1020/5834 1022/5835
f 907/5836 1015/5837 989/5838
f 984/5839 1015/5840 959/5841
f 907/5842 989/5843 981/5844
f 992/5845 982/5846 988/5847
f 1001/5848 991/5849 995/5850
f 994/5851 995/5852 991/5853
f 1004/5854 991/5855 1001/5856
f 993/5857 996/5858 994/5859
f 996/5860 995/5861 994/5862
f 1001/5863 995/5864 1007/5865
f 995/5866 997/5867 1007/5868
f 996/5869 997/5870 995/5871
f 982/5872 992/5873 999/5874
f 1022/5875 1009/5876 1012/5877
f 1002/5878 982/5879 999/5880
f 1012/5881 1009/5882 997/5883
f 1001/5884 1000/5885 1004/5886
f 1004/5887 998/5888 991/5889
f 1003/5890 982/5891 1002/5892
f 1004/5893 1002/5894 998/5895
f 1004/5896 1526/5897 1003/5898
f 1002/5899 999/5900 998/5901
f 1003/5902 1002/5903 1004/5904
f 1526/5905 1004/5906 1000/5907
f 1001/5908 1007/5909 1000/5910
f 1526/5911 1730/5912 1003/5913
f 1011/5914 1009/5915 1018/5916
f 1000/5917 1006/5918 1526/5919
f 1026/5920 997/5921 1011/5922
f 1007/5923 1010/5924 1008/5925
f 1026/5926 1010/5927 997/5928
f 1008/5929 1006/5930 1000/5931
f 1008/5932 1000/5933 1007/5934
f 1010/5935 1026/5936 1006/5937
f 1008/5938 1010/5939 1006/5940
f 1007/5941 997/5942 1010/5943
f 1011/5944 997/5945 1009/5946
f 1471/5947 1026/5948 1011/5949
f 1022/5950 1020/5951 1021/5952
f 1021/5953 1017/5954 1022/5955
f 1017/5956 1009/5957 1022/5958
f 1018/5959 1016/5960 1031/5961
f 1009/5962 1017/5963 1018/5964
f 1018/5965 1017/5966 1016/5967
f 1031/5968 1028/5969 1471/5970
f 1028/5971 1016/5972 1032/5973
f 1471/5974 1011/5975 1031/5976
f 1017/5977 1473/5978 1016/5979
f 1011/5980 1018/5981 1031/5982
f 1017/5983 1021/5984 1473/5985
f 1033/5986 1037/5987 1023/5988
f 1020/5989 2088/5990 2093/5991
f 2093/5992 1473/5993 1021/5994
f 1023/5995 959/5996 1033/5997
f 2093/5998 1021/5999 1020/6000
f 1015/6001 1033/6002 959/6003
f 1032/6004 1016/6005 1473/6006
f 1030/6007 1014/6008 1025/6009
f 1527/6010 1473/6011 2093/6012
f 1030/6013 1025/6014 981/6015
f 1006/6016 1026/6017 1471/6018
f 1036/6019 1027/6020 2085/6021
f 1965/6022 1967/6023 2001/6024
f 2006/6025 2002/6026 2005/6027
f 2005/6028 2055/6029 2006/6030
f 2007/6031 2006/6032 2055/6033
f 2009/6034 2053/6035 2021/6036
f 2015/6037 1999/6038 2000/6039
f 2008/6040 2054/6041 2002/6042
f 2000/6043 2019/6044 2016/6045
f 2017/6046 1999/6047 2015/6048
f 2000/6049 2016/6050 2015/6051
f 1999/6052 2017/6053 2004/6054
f 2019/6055 2000/6056 1998/6057
f 2052/6058 2001/6059 1967/6060
f 2004/6061 2003/6062 1999/6063
f 2002/6064 2053/6065 2009/6066
f 2003/6067 2004/6068 2052/6069
f 2005/6070 2043/6071 2055/6072
f 2000/6073 1999/6074 2003/6075
f 2019/6076 1998/6077 1947/6078
f 2052/6079 1967/6080 2003/6081
f 2000/6082 1997/6083 1998/6084
f 2002/6085 2045/6086 2005/6087
f 2000/6088 2003/6089 1997/6090
f 1529/6091 2120/6092 2119/6093
f 2040/6094 2029/6095 2039/6096
f 2322/6097 1979/6098 2430/6099
f 2321/6100 2324/6101 2614/6102
f 2322/6103 2606/6104 1980/6105
f 1971/6106 1968/6107 1970/6108
f 2617/6109 1995/6110 1973/6111
f 1965/6112 1990/6113 1994/6114
f 1995/6115 1992/6116 1973/6117
f 2617/6118 1973/6119 1970/6120
f 1990/6121 1965/6122 2245/6123
f 1920/6124 1993/6125 1994/6126
f 1988/6127 1994/6128 1990/6129
f 2617/6130 1968/6131 2606/6132
f 1908/6133 1994/6134 1988/6135
f 1992/6136 1976/6137 1973/6138
f 1987/6139 1990/6140 2245/6141
f 1987/6142 2245/6143 2246/6144
f 1986/6145 1987/6146 2246/6147
f 1985/6148 1992/6149 2674/6150
f 1979/6151 2254/6152 2431/6153
f 2669/6154 1991/6155 1985/6156
f 1991/6157 1928/6158 1996/6159
f 1985/6160 1991/6161 1996/6162
f 1908/6163 1988/6164 1983/6165
f 1988/6166 1982/6167 1983/6168
f 1984/6169 1908/6170 1983/6171
f 1988/6172 1990/6173 1982/6174
f 1990/6175 1981/6176 1982/6177
f 1977/6178 1982/6179 1981/6180
f 1005/6181 1986/6182 2246/6183
f 1990/6184 1975/6185 1981/6186
f 1990/6187 1987/6188 1975/6189
f 1986/6190 1005/6191 1969/6192
f 1974/6193 1987/6194 1986/6195
f 1969/6196 1974/6197 1986/6198
f 1972/6199 1005/6200 1989/6201
f 1984/6202 1983/6203 1928/6204
f 1969/6205 1005/6206 1972/6207
f 1980/6208 1979/6209 2322/6210
f 1989/6211 2249/6212 1979/6213
f 1981/6214 1976/6215 1977/6216
f 1995/6217 2674/6218 1992/6219
f 1996/6220 1928/6221 1978/6222
f 1982/6223 1977/6224 1978/6225
f 1982/6226 1928/6227 1983/6228
f 1976/6229 1992/6230 1977/6231
f 1978/6232 1985/6233 1996/6234
f 1968/6235 1989/6236 1980/6237
f 1928/6238 1982/6239 1978/6240
f 1975/6241 1976/6242 1981/6243
f 1977/6244 1992/6245 1985/6246
f 1978/6247 1977/6248 1985/6249
f 1974/6250 1973/6251 1975/6252
f 1974/6253 1975/6254 1987/6255
f 1975/6256 1973/6257 1976/6258
f 1974/6259 1969/6260 1970/6261
f 1971/6262 1972/6263 1989/6264
f 1973/6265 1974/6266 1970/6267
f 2617/6268 1970/6269 1968/6270
f 1971/6271 1969/6272 1972/6273
f 1989/6274 1968/6275 1971/6276
f 1970/6277 1969/6278 1971/6279
f 2606/6280 1968/6281 1980/6282
f 1989/6283 1979/6284 1980/6285
f 2606/6286 2322/6287 2319/6288
f 1993/6289 1930/6290 1962/6291
f 17/6292 1961/6293 1964/6294
f 1964/6295 1961/6296 1959/6297
f 1929/6298 1962/6299 1930/6300
f 1956/6301 1958/6302 1960/6303
f 1956/6304 1960/6305 1959/6306
f 1950/6307 1959/6308 1961/6309
f 1956/6310 1959/6311 1950/6312
f 1943/6313 1939/6314 1994/6315
f 1957/6316 1958/6317 1956/6318
f 1945/6319 1955/6320 1958/6321
f 1965/6322 1935/6323 1967/6324
f 1952/6325 1954/6326 1953/6327
f 1939/6328 1965/6329 1994/6330
f 1952/6331 1953/6332 1962/6333
f 1994/6334 1993/6335 1943/6336
f 1946/6337 1958/6338 1957/6339
f 1933/6340 1952/6341 1929/6342
f 1950/6343 1949/6344 1956/6345
f 1940/6346 1957/6347 1956/6348
f 1956/6349 1949/6350 1951/6351
f 1948/6352 1940/6353 1951/6354
f 1951/6355 1940/6356 1956/6357
f 1949/6358 1950/6359 1947/6360
f 1948/6361 1951/6362 1949/6363
f 1945/6364 1958/6365 1946/6366
f 1947/6367 1948/6368 1949/6369
f 1955/6370 1945/6371 1944/6372
f 1945/6373 1946/6374 1942/6375
f 1941/6376 1957/6377 1940/6378
f 1943/6379 1945/6380 1942/6381
f 1947/6382 1950/6383 2019/6384
f 1943/6385 1942/6386 1941/6387
f 1942/6388 1957/6389 1941/6390
f 1938/6391 1940/6392 1937/6393
f 1938/6394 1941/6395 1940/6396
f 1947/6397 1940/6398 1948/6399
f 1940/6400 1947/6401 1937/6402
f 1957/6403 1942/6404 1946/6405
f 1947/6406 1998/6407 1937/6408
f 1962/6409 1953/6410 1944/6411
f 1944/6412 1945/6413 1943/6414
f 1962/6415 1944/6416 1943/6417
f 1939/6418 1943/6419 1941/6420
f 1938/6421 1939/6422 1941/6423
f 1939/6424 1938/6425 1936/6426
f 1939/6427 1935/6428 1965/6429
f 1937/6430 1936/6431 1938/6432
f 1934/6433 1998/6434 1997/6435
f 2003/6436 1934/6437 1997/6438
f 1937/6439 1998/6440 1934/6441
f 1935/6442 1936/6443 1934/6444
f 2003/6445 1935/6446 1934/6447
f 1934/6448 1936/6449 1937/6450
f 1967/6451 1935/6452 2003/6453
f 1939/6454 1936/6455 1935/6456
f 1962/6457 1929/6458 1952/6459
f 1929/6460 1932/6461 1933/6462
f 1943/6463 1993/6464 1962/6465
f 1926/6466 1933/6467 1932/6468
f 1926/6469 1931/6470 1933/6471
f 1924/6472 1931/6473 1926/6474
f 1932/6475 1929/6476 1930/6477
f 1922/6478 1928/6479 1927/6480
f 1931/6481 1924/6482 1923/6483
f 2679/6484 1907/6485 1925/6486
f 1932/6487 1915/6488 1926/6489
f 1932/6490 1920/6491 1910/6492
f 1932/6493 1921/6494 1915/6495
f 1921/6496 1932/6497 1910/6498
f 1930/6499 1920/6500 1932/6501
f 1993/6502 1920/6503 1930/6504
f 1922/6505 2679/6506 1925/6507
f 1994/6508 1908/6509 1920/6510
f 1928/6511 1991/6512 1927/6513
f 36/6514 1918/6515 1914/6516
f 1919/6517 1915/6518 1918/6519
f 1916/6520 1917/6521 1914/6522
f 1924/6523 1926/6524 36/6525
f 1919/6526 36/6527 1926/6528
f 36/6529 1914/6530 1917/6531
f 1911/6532 1917/6533 1916/6534
f 1925/6535 1917/6536 1911/6537
f 1912/6538 1916/6539 1918/6540
f 1911/6541 1916/6542 1912/6543
f 1918/6544 1916/6545 1914/6546
f 1921/6547 1918/6548 1915/6549
f 1915/6550 1919/6551 1926/6552
f 1913/6553 1918/6554 1921/6555
f 1921/6556 1910/6557 1913/6558
f 1918/6559 36/6560 1919/6561
f 1918/6562 1913/6563 1912/6564
f 1910/6565 1906/6566 1913/6567
f 1909/6568 1910/6569 1920/6570
f 1908/6571 1909/6572 1920/6573
f 1908/6574 1984/6575 1909/6576
f 1913/6577 1906/6578 1912/6579
f 1909/6580 1984/6581 1928/6582
f 1928/6583 1910/6584 1909/6585
f 1907/6586 1917/6587 1925/6588
f 1923/6589 1924/6590 36/6591
f 1911/6592 1906/6593 1925/6594
f 1911/6595 1912/6596 1906/6597
f 1928/6598 1906/6599 1910/6600
f 1928/6601 1922/6602 1906/6603
f 1925/6604 1906/6605 1922/6606
f 3041/6607 1904/6608 1905/6609
f 1095/6610 1882/6611 1888/6612
f 1882/6613 1116/6614 1897/6615
f 1095/6616 1103/6617 1882/6618
f 1903/6619 3041/6620 1905/6621
f 1882/6622 1101/6623 1116/6624
f 1881/6625 1903/6626 1905/6627
f 1904/6628 3041/6629 1901/6630
f 1117/6631 1893/6632 1114/6633
f 1893/6634 345/6635 1122/6636
f 1120/6637 1114/6638 1131/6639
f 1893/6640 1122/6641 1114/6642
f 1122/6643 1121/6644 1114/6645
f 1897/6646 1891/6647 1888/6648
f 1105/6649 1897/6650 1116/6651
f 1902/6652 1905/6653 1904/6654
f 1902/6655 1881/6656 1905/6657
f 1118/6658 1105/6659 1116/6660
f 1131/6661 1114/6662 1121/6663
f 1115/6664 1891/6665 1117/6666
f 1891/6667 1105/6668 1117/6669
f 1897/6670 1888/6671 1882/6672
f 1891/6673 1897/6674 1105/6675
f 1889/6676 1900/6677 1901/6678
f 1899/6679 1901/6680 1900/6681
f 1902/6682 1899/6683 1900/6684
f 1899/6685 1904/6686 1901/6687
f 1070/6688 1372/6689 1373/6690
f 1065/6691 1070/6692 1656/6693
f 1373/6694 1656/6695 1070/6696
f 1904/6697 1899/6698 1902/6699
f 1569/6700 1892/6701 1636/6702
f 1889/6703 1898/6704 1900/6705
f 1880/6706 1896/6707 1898/6708
f 1663/6709 1596/6710 1890/6711
f 1900/6712 1898/6713 1883/6714
f 1889/6715 1901/6716 1894/6717
f 1890/6718 1894/6719 1567/6720
f 1663/6721 1635/6722 1652/6723
f 1652/6724 1635/6725 1637/6726
f 1885/6727 1887/6728 1884/6729
f 1887/6730 1885/6731 1902/6732
f 1887/6733 1883/6734 1884/6735
f 1885/6736 1879/6737 1886/6738
f 1885/6739 1884/6740 1879/6741
f 1902/6742 1885/6743 1881/6744
f 1902/6745 1883/6746 1887/6747
f 1900/6748 1883/6749 1902/6750
f 1880/6751 1889/6752 1890/6753
f 1890/6754 1596/6755 1880/6756
f 1880/6757 1898/6758 1889/6759
f 1663/6760 1890/6761 1567/6762
f 1903/6763 1878/6764 1799/6765
f 1799/6766 1878/6767 1740/6768
f 1799/6769 3043/6770 3041/6771
f 1903/6772 1799/6773 3041/6774
f 1898/6775 1877/6776 1884/6777
f 1879/6778 1884/6779 1877/6780
f 1884/6781 1883/6782 1898/6783
f 1877/6784 1898/6785 1896/6786
f 1877/6787 1601/6788 1879/6789
f 3043/6790 1799/6791 1791/6792
f 1567/6793 1895/6794 1560/6795
f 2741/6796 1875/6797 1874/6798
f 1874/6799 1875/6800 1817/6801
f 1846/6802 1871/6803 1847/6804
f 1831/6805 1876/6806 1856/6807
f 1874/6808 1817/6809 1873/6810
f 1876/6811 1825/6812 851/6813
f 1873/6814 1870/6815 1874/6816
f 1817/6817 1875/6818 1869/6819
f 1868/6820 1867/6821 1741/6822
f 1868/6823 1865/6824 1867/6825
f 1867/6826 1756/6827 1741/6828
f 1868/6829 1866/6830 1865/6831
f 1867/6832 1859/6833 1756/6834
f 1753/6835 1860/6836 1866/6837
f 1863/6838 1866/6839 1860/6840
f 1863/6841 1865/6842 1866/6843
f 1865/6844 1854/6845 1867/6846
f 1861/6847 1846/6848 1750/6849
f 1750/6850 1863/6851 1860/6852
f 1750/6853 1846/6854 1863/6855
f 1750/6856 1860/6857 1753/6858
f 1825/6859 1869/6860 851/6861
f 1856/6862 1876/6863 851/6864
f 1828/6865 856/6866 1857/6867
f 856/6868 1828/6869 1856/6870
f 1857/6871 1833/6872 1828/6873
f 1831/6874 1856/6875 1855/6876
f 1869/6877 1825/6878 1820/6879
f 1859/6880 1867/6881 1854/6882
f 1832/6883 1859/6884 1854/6885
f 1864/6886 1865/6887 1852/6888
f 1865/6889 1863/6890 1852/6891
f 1832/6892 1854/6893 1853/6894
f 1852/6895 1863/6896 1851/6897
f 1864/6898 1854/6899 1865/6900
f 1849/6901 1830/6902 1850/6903
f 1829/6904 1852/6905 1851/6906
f 1850/6907 1853/6908 1864/6909
f 1829/6910 1849/6911 1850/6912
f 1829/6913 1850/6914 1864/6915
f 1829/6916 1864/6917 1852/6918
f 1829/6919 1851/6920 1848/6921
f 1851/6922 1863/6923 1844/6924
f 1830/6925 1849/6926 1829/6927
f 1871/6928 1819/6929 1847/6930
f 1819/6931 1845/6932 1847/6933
f 1846/6934 1847/6935 1844/6936
f 1819/6937 1837/6938 1845/6939
f 1844/6940 1863/6941 1846/6942
f 1851/6943 1843/6944 1842/6945
f 1843/6946 1851/6947 1844/6948
f 1844/6949 1845/6950 1843/6951
f 1847/6952 1845/6953 1844/6954
f 1854/6955 1864/6956 1853/6957
f 1842/6958 1827/6959 1848/6960
f 1826/6961 1842/6962 1841/6963
f 1841/6964 1842/6965 1843/6966
f 1839/6967 1841/6968 1838/6969
f 1841/6970 1843/6971 1838/6972
f 1840/6973 1839/6974 1838/6975
f 1841/6976 1839/6977 1826/6978
f 1845/6979 1838/6980 1843/6981
f 1871/6982 1846/6983 1861/6984
f 1845/6985 1837/6986 1838/6987
f 1840/6988 1838/6989 1837/6990
f 1837/6991 1819/6992 1835/6993
f 1851/6994 1842/6995 1848/6996
f 1834/6997 1835/6998 1819/6999
f 1836/7000 1840/7001 1837/7002
f 1835/7003 1836/7004 1837/7005
f 1835/7006 1834/7007 1822/7008
f 1833/7009 1859/7010 1832/7011
f 1830/7012 1853/7013 1850/7014
f 1853/7015 1830/7016 1832/7017
f 1830/7018 1827/7019 1831/7020
f 1827/7021 1829/7022 1848/7023
f 1830/7024 1855/7025 1832/7026
f 1827/7027 1830/7028 1829/7029
f 1833/7030 1832/7031 1828/7032
f 1855/7033 1828/7034 1832/7035
f 1827/7036 1842/7037 1826/7038
f 1876/7039 1827/7040 1826/7041
f 1826/7042 1825/7043 1876/7044
f 1825/7045 1826/7046 1839/7047
f 1876/7048 1831/7049 1827/7050
f 1840/7051 1824/7052 1839/7053
f 1824/7054 1820/7055 1839/7056
f 1823/7057 1836/7058 1835/7059
f 1840/7060 1836/7061 1824/7062
f 1823/7063 1835/7064 1822/7065
f 1836/7066 1823/7067 1824/7068
f 1134/7069 1177/7070 1815/7071
f 2302/7072 2301/7073 2533/7074
f 1823/7075 1820/7076 1824/7077
f 1179/7078 1178/7079 1192/7080
f 1822/7081 1873/7082 1823/7083
f 1821/7084 1873/7085 1822/7086
f 1820/7087 1825/7088 1839/7089
f 1873/7090 1820/7091 1823/7092
f 1819/7093 1871/7094 1818/7095
f 1834/7096 1819/7097 1818/7098
f 1855/7099 1856/7100 1828/7101
f 1816/7102 1834/7103 1858/7104
f 1816/7105 1821/7106 1834/7107
f 1818/7108 1858/7109 1834/7110
f 1821/7111 1822/7112 1834/7113
f 1830/7114 1831/7115 1855/7116
f 2754/7117 1858/7118 1818/7119
f 1821/7120 1816/7121 1873/7122
f 1817/7123 1869/7124 1820/7125
f 1820/7126 1873/7127 1817/7128
f 1873/7129 1816/7130 1858/7131
f 1870/7132 1873/7133 1858/7134
f 1870/7135 1858/7136 2754/7137
f 1804/7138 1811/7139 1810/7140
f 1810/7141 1809/7142 1813/7143
f 1223/7144 1220/7145 1217/7146
f 1217/7147 1222/7148 1223/7149
f 1813/7150 1809/7151 1833/7152
f 1222/7153 1224/7154 1223/7155
f 1220/7156 1798/7157 1217/7158
f 1219/7159 3004/7160 1790/7161
f 1792/7162 1807/7163 1811/7164
f 1859/7165 1809/7166 1756/7167
f 1810/7168 1776/7169 1809/7170
f 1759/7171 1809/7172 1776/7173
f 1795/7174 1798/7175 1220/7176
f 1496/7177 1494/7178 1794/7179
f 1859/7180 1833/7181 1809/7182
f 1811/7183 1760/7184 1810/7185
f 1811/7186 1807/7187 1760/7188
f 1793/7189 1219/7190 1231/7191
f 1793/7192 1231/7193 1788/7194
f 1401/7195 1398/7196 1781/7197
f 1804/7198 879/7199 877/7200
f 880/7201 1808/7202 1806/7203
f 1225/7204 1223/7205 1790/7206
f 1804/7207 877/7208 1806/7209
f 1396/7210 1394/7211 1781/7212
f 1792/7213 1811/7214 1812/7215
f 1225/7216 1790/7217 3004/7218
f 1857/7219 879/7220 1805/7221
f 1232/7222 3018/7223 3014/7224
f 1222/7225 1221/7226 1659/7227
f 1231/7228 1216/7229 1788/7230
f 1833/7231 1857/7232 1805/7233
f 879/7234 1804/7235 1805/7236
f 1798/7237 1795/7238 1514/7239
f 1225/7240 1220/7241 1223/7242
f 1781/7243 1394/7244 1328/7245
f 1808/7246 1801/7247 1806/7248
f 1795/7249 1515/7250 1516/7251
f 1220/7252 1225/7253 1795/7254
f 1661/7255 1217/7256 1798/7257
f 1808/7258 1802/7259 1801/7260
f 3007/7261 1522/7262 3006/7263
f 1234/7264 1421/7265 1233/7266
f 1411/7267 1406/7268 1419/7269
f 875/7270 1803/7271 1802/7272
f 1233/7273 3003/7274 3002/7275
f 3003/7276 1233/7277 1410/7278
f 2997/7279 3002/7280 1775/7281
f 1775/7282 2998/7283 3000/7284
f 689/7285 1774/7286 2993/7287
f 1782/7288 1803/7289 1577/7290
f 2991/7291 1237/7292 1235/7293
f 1774/7294 747/7295 1236/7296
f 765/7297 1236/7298 747/7299
f 1235/7300 2990/7301 2991/7302
f 2998/7303 2999/7304 3000/7305
f 650/7306 2985/7307 1238/7308
f 2985/7309 650/7310 646/7311
f 1786/7312 1802/7313 1803/7314
f 1786/7315 1803/7316 1782/7317
f 1372/7318 1070/7319 1376/7320
f 1833/7321 1805/7322 1813/7323
f 1804/7324 1813/7325 1805/7326
f 1267/7327 1745/7328 1241/7329
f 1806/7330 1811/7331 1804/7332
f 1241/7333 1769/7334 1267/7335
f 1769/7336 1245/7337 1243/7338
f 1768/7339 1690/7340 1770/7341
f 1242/7342 1246/7343 1267/7344
f 1747/7345 1763/7346 368/7347
f 1267/7348 1769/7349 1242/7350
f 1810/7351 1813/7352 1804/7353
f 1801/7354 1812/7355 1806/7356
f 1242/7357 1243/7358 1245/7359
f 1812/7360 1802/7361 1784/7362
f 1812/7363 1811/7364 1806/7365
f 1801/7366 1802/7367 1812/7368
f 1243/7369 1242/7370 1769/7371
f 1320/7372 1325/7373 1690/7374
f 1785/7375 1765/7376 1812/7377
f 1812/7378 1800/7379 1785/7380
f 1812/7381 1765/7382 1792/7383
f 1799/7384 1789/7385 1791/7386
f 1800/7387 1755/7388 1773/7389
f 1779/7390 1782/7391 1787/7392
f 1755/7393 1800/7394 1784/7395
f 1784/7396 1786/7397 1783/7398
f 1802/7399 1786/7400 1784/7401
f 1812/7402 1784/7403 1800/7404
f 1782/7405 1779/7406 1786/7407
f 1779/7408 1787/7409 1780/7410
f 1780/7411 1787/7412 1778/7413
f 1778/7414 1777/7415 1780/7416
f 1792/7417 1765/7418 1761/7419
f 1810/7420 1814/7421 1776/7422
f 1800/7423 1773/7424 1785/7425
f 1783/7426 1780/7427 1777/7428
f 1740/7429 1789/7430 1799/7431
f 1765/7432 1785/7433 1773/7434
f 1734/7435 1766/7436 1740/7437
f 1407/7438 1241/7439 1745/7440
f 1763/7441 1771/7442 358/7443
f 1310/7444 370/7445 369/7446
f 1767/7447 1789/7448 1764/7449
f 1325/7450 1320/7451 1321/7452
f 1747/7453 1771/7454 1763/7455
f 1769/7456 1241/7457 1344/7458
f 1738/7459 1311/7460 1691/7461
f 1690/7462 361/7463 1320/7464
f 369/7465 1307/7466 1310/7467
f 1221/7468 1217/7469 1661/7470
f 1740/7471 1766/7472 1789/7473
f 1745/7474 1267/7475 1738/7476
f 1738/7477 1408/7478 1407/7479
f 1766/7480 1764/7481 1789/7482
f 1761/7483 1767/7484 1764/7485
f 1765/7486 1767/7487 1761/7488
f 1773/7489 1767/7490 1765/7491
f 1758/7492 1762/7493 1737/7494
f 1761/7495 1766/7496 1758/7497
f 1761/7498 1764/7499 1766/7500
f 1267/7501 1311/7502 1738/7503
f 1766/7504 1734/7505 1762/7506
f 1789/7507 1767/7508 1791/7509
f 1792/7510 1758/7511 1807/7512
f 1758/7513 1792/7514 1761/7515
f 1760/7516 1758/7517 1737/7518
f 1814/7519 1759/7520 1776/7521
f 1807/7522 1758/7523 1760/7524
f 1757/7525 1814/7526 1810/7527
f 1760/7528 1757/7529 1810/7530
f 1757/7531 1760/7532 1744/7533
f 1758/7534 1766/7535 1762/7536
f 1756/7537 1809/7538 1759/7539
f 1783/7540 1773/7541 1755/7542
f 1814/7543 1756/7544 1759/7545
f 1757/7546 1744/7547 1814/7548
f 1736/7549 1754/7550 1739/7551
f 1861/7552 1750/7553 1862/7554
f 1751/7555 1862/7556 1753/7557
f 1862/7558 1750/7559 1753/7560
f 1743/7561 1746/7562 1748/7563
f 1751/7564 1749/7565 1862/7566
f 1861/7567 1862/7568 1872/7569
f 1735/7570 1744/7571 1737/7572
f 1868/7573 1743/7574 1748/7575
f 1748/7576 1751/7577 1753/7578
f 1752/7579 1736/7580 1749/7581
f 1743/7582 1868/7583 1741/7584
f 1741/7585 1756/7586 1744/7587
f 1736/7588 1746/7589 1754/7590
f 1735/7591 1743/7592 1741/7593
f 1734/7594 1739/7595 1754/7596
f 1740/7597 1878/7598 1739/7599
f 1735/7600 1741/7601 1744/7602
f 1746/7603 1743/7604 1735/7605
f 1748/7606 1752/7607 1751/7608
f 1737/7609 1744/7610 1760/7611
f 1751/7612 1752/7613 1749/7614
f 1752/7615 1748/7616 1746/7617
f 1752/7618 1746/7619 1736/7620
f 1754/7621 1735/7622 1737/7623
f 1737/7624 1734/7625 1754/7626
f 1746/7627 1735/7628 1754/7629
f 1737/7630 1762/7631 1734/7632
f 1740/7633 1739/7634 1734/7635
f 1744/7636 1756/7637 1814/7638
f 1868/7639 1748/7640 1866/7641
f 1753/7642 1866/7643 1748/7644
f 1772/7645 1338/7646 1302/7647
f 935/7648 1731/7649 1720/7650
f 1302/7651 1338/7652 1286/7653
f 1732/7654 1671/7655 1730/7656
f 1732/7657 1672/7658 1671/7659
f 945/7660 1730/7661 1671/7662
f 1669/7663 1732/7664 1730/7665
f 1720/7666 934/7667 935/7668
f 1675/7669 1727/7670 935/7671
f 1733/7672 1727/7673 1675/7674
f 1727/7675 1713/7676 935/7677
f 1674/7678 1713/7679 1727/7680
f 1729/7681 1726/7682 1550/7683
f 1721/7684 1724/7685 1722/7686
f 1723/7687 1725/7688 1722/7689
f 1722/7690 1724/7691 1723/7692
f 1678/7693 1674/7694 1708/7695
f 1719/7696 1724/7697 1721/7698
f 1633/7699 1554/7700 1720/7701
f 1726/7702 1729/7703 1720/7704
f 1721/7705 1717/7706 1718/7707
f 1717/7708 1721/7709 1722/7710
f 1307/7711 369/7712 1768/7713
f 1721/7714 1718/7715 1719/7716
f 1573/7717 1661/7718 1657/7719
f 1336/7720 1408/7721 1738/7722
f 358/7723 1690/7724 1763/7725
f 1718/7726 1717/7727 1714/7728
f 1550/7729 1726/7730 1554/7731
f 935/7732 1713/7733 1731/7734
f 1720/7735 1731/7736 1633/7737
f 1678/7738 1665/7739 1712/7740
f 1731/7741 1712/7742 1633/7743
f 1712/7744 1731/7745 1713/7746
f 934/7747 1720/7748 1729/7749
f 1726/7750 1720/7751 1554/7752
f 1706/7753 1710/7754 1723/7755
f 1711/7756 1710/7757 1466/7758
f 1709/7759 1723/7760 1724/7761
f 1709/7762 1724/7763 1719/7764
f 1718/7765 1709/7766 1719/7767
f 1325/7768 1321/7769 1322/7770
f 1700/7771 1709/7772 1718/7773
f 1704/7774 1706/7775 1707/7776
f 1707/7777 1723/7778 1703/7779
f 1595/7780 1591/7781 3044/7782
f 1707/7783 1705/7784 1704/7785
f 3044/7786 1591/7787 1660/7788
f 1660/7789 1591/7790 1590/7791
f 1703/7792 1705/7793 1707/7794
f 1407/7795 1745/7796 1738/7797
f 1692/7798 1706/7799 1704/7800
f 1335/7801 1332/7802 1656/7803
f 1686/7804 1704/7805 1705/7806
f 1706/7807 1723/7808 1707/7809
f 1661/7810 1794/7811 1491/7812
f 1794/7813 1661/7814 1798/7815
f 1700/7816 1702/7817 1703/7818
f 1700/7819 1703/7820 1723/7821
f 1700/7822 1723/7823 1709/7824
f 1663/7825 1569/7826 1636/7827
f 360/7828 361/7829 1690/7830
f 1335/7831 1330/7832 1332/7833
f 1700/7834 1718/7835 1714/7836
f 1567/7837 1560/7838 1561/7839
f 1798/7840 1796/7841 1662/7842
f 1798/7843 1662/7844 1794/7845
f 1664/7846 1332/7847 1330/7848
f 1657/7849 1489/7850 1573/7851
f 1797/7852 1491/7853 1794/7854
f 1335/7855 1373/7856 1333/7857
f 351/7858 1332/7859 1664/7860
f 1653/7861 1698/7862 1714/7863
f 1666/7864 1662/7865 1497/7866
f 1714/7867 1699/7868 1700/7869
f 1571/7870 1570/7871 1565/7872
f 1325/7873 1770/7874 1690/7875
f 1567/7876 1569/7877 1663/7878
f 3004/7879 3006/7880 1522/7881
f 1561/7882 1570/7883 1569/7884
f 1705/7885 1695/7886 1686/7887
f 1561/7888 1569/7889 1567/7890
f 1560/7891 1556/7892 1555/7893
f 1703/7894 1695/7895 1705/7896
f 360/7897 1690/7898 359/7899
f 1700/7900 1684/7901 1702/7902
f 1702/7903 1695/7904 1703/7905
f 1714/7906 1697/7907 1699/7908
f 1286/7909 1338/7910 1768/7911
f 1768/7912 1338/7913 1307/7914
f 1698/7915 1697/7916 1714/7917
f 1777/7918 1557/7919 1556/7920
f 1777/7921 1556/7922 3042/7923
f 1699/7924 1684/7925 1700/7926
f 1684/7927 1699/7928 1697/7929
f 1712/7930 1665/7931 1633/7932
f 1684/7933 1697/7934 1634/7935
f 1702/7936 1684/7937 1701/7938
f 1698/7939 1634/7940 1697/7941
f 1693/7942 1702/7943 1696/7944
f 1696/7945 1702/7946 1701/7947
f 1702/7948 1693/7949 1695/7950
f 1686/7951 1695/7952 1693/7953
f 1684/7954 1694/7955 1701/7956
f 1694/7957 1696/7958 1701/7959
f 1683/7960 1694/7961 1684/7962
f 1706/7963 1467/7964 1710/7965
f 1688/7966 1706/7967 1692/7968
f 1693/7969 1696/7970 1682/7971
f 1692/7972 1704/7973 1686/7974
f 1706/7975 1688/7976 1467/7977
f 1688/7978 1692/7979 1689/7980
f 1689/7981 1687/7982 1688/7983
f 1693/7984 1685/7985 1686/7986
f 1681/7987 1686/7988 1685/7989
f 1682/7990 1685/7991 1693/7992
f 1682/7993 1680/7994 1685/7995
f 1676/7996 1683/7997 1684/7998
f 1689/7999 1692/8000 1686/8001
f 1686/8002 1681/8003 1689/8004
f 1694/8005 1682/8006 1696/8007
f 1683/8008 1632/8009 1682/8010
f 1681/8011 1685/8012 1680/8013
f 1682/8014 1694/8015 1683/8016
f 1680/8017 1677/8018 1681/8019
f 1680/8020 1679/8021 1677/8022
f 1678/8023 1680/8024 1682/8025
f 1678/8026 1679/8027 1680/8028
f 1682/8029 3044/8030 1678/8031
f 1713/8032 1674/8033 1712/8034
f 1712/8035 1674/8036 1678/8037
f 1733/8038 1674/8039 1727/8040
f 1514/8041 1795/8042 1516/8043
f 1678/8044 3044/8045 1665/8046
f 1673/8047 1708/8048 1733/8049
f 1708/8050 1674/8051 1733/8052
f 1708/8053 1679/8054 1678/8055
f 1672/8056 945/8057 1671/8058
f 1677/8059 1689/8060 1681/8061
f 1679/8062 1687/8063 1677/8064
f 1672/8065 1668/8066 1673/8067
f 1688/8068 1669/8069 1467/8070
f 1677/8071 1687/8072 1689/8073
f 1687/8074 1670/8075 1688/8076
f 1670/8077 1687/8078 1679/8079
f 1688/8080 1670/8081 1668/8082
f 1688/8083 1728/8084 1669/8085
f 1728/8086 1732/8087 1669/8088
f 1688/8089 1668/8090 1728/8091
f 1708/8092 1673/8093 1679/8094
f 1672/8095 1728/8096 1668/8097
f 1668/8098 1670/8099 1673/8100
f 1670/8101 1679/8102 1673/8103
f 1672/8104 1732/8105 1728/8106
f 938/8107 930/8108 936/8109
f 1729/8110 938/8111 936/8112
f 1729/8113 936/8114 934/8115
f 1372/8116 1333/8117 1373/8118
f 1335/8119 1656/8120 1373/8121
f 1635/8122 1663/8123 1636/8124
f 1660/8125 1665/8126 3044/8127
f 1597/8128 1877/8129 1896/8130
f 1654/8131 1586/8132 1575/8133
f 1716/8134 1653/8135 1715/8136
f 1651/8137 1658/8138 1654/8139
f 1652/8140 1655/8141 1650/8142
f 1653/8143 1716/8144 1649/8145
f 1649/8146 1628/8147 1648/8148
f 1646/8149 1638/8150 1628/8151
f 1649/8152 1716/8153 1628/8154
f 1629/8155 1638/8156 1646/8157
f 1648/8158 1628/8159 1647/8160
f 1629/8161 1646/8162 1617/8163
f 1654/8164 1544/8165 1651/8166
f 1715/8167 1653/8168 1714/8169
f 1650/8170 1655/8171 1667/8172
f 1655/8173 1635/8174 1640/8175
f 1642/8176 1644/8177 1630/8178
f 1641/8179 1652/8180 1650/8181
f 1634/8182 1698/8183 1653/8184
f 1644/8185 1642/8186 1643/8187
f 1643/8188 1630/8189 1644/8190
f 1599/8191 1639/8192 1641/8193
f 1568/8194 1892/8195 1569/8196
f 1645/8197 1642/8198 1630/8199
f 1642/8200 1645/8201 1640/8202
f 1652/8203 1637/8204 1655/8205
f 1651/8206 1660/8207 1658/8208
f 1652/8209 1641/8210 1663/8211
f 1892/8212 1631/8213 1642/8214
f 1635/8215 1655/8216 1637/8217
f 1635/8218 1642/8219 1640/8220
f 1892/8221 1642/8222 1636/8223
f 1598/8224 1641/8225 1639/8226
f 1641/8227 1598/8228 1596/8229
f 1635/8230 1636/8231 1642/8232
f 1634/8233 1676/8234 1684/8235
f 1663/8236 1641/8237 1596/8238
f 1667/8239 1599/8240 1650/8241
f 1631/8242 1892/8243 1568/8244
f 1528/8245 2046/8246 2120/8247
f 1632/8248 1676/8249 1595/8250
f 1544/8251 1633/8252 1651/8253
f 1645/8254 1630/8255 1609/8256
f 1633/8257 1665/8258 1660/8259
f 1660/8260 1651/8261 1633/8262
f 1641/8263 1650/8264 1599/8265
f 1455/8266 1457/8267 1465/8268
f 1648/8269 1634/8270 1649/8271
f 1515/8272 1522/8273 3008/8274
f 1653/8275 1649/8276 1634/8277
f 1638/8278 1647/8279 1628/8280
f 1647/8281 1627/8282 1587/8283
f 1627/8284 1625/8285 1648/8286
f 1647/8287 1617/8288 1627/8289
f 1617/8290 1626/8291 1627/8292
f 1627/8293 1648/8294 1587/8295
f 1647/8296 1587/8297 1648/8298
f 1626/8299 1617/8300 1615/8301
f 1629/8302 1617/8303 1647/8304
f 1648/8305 1620/8306 1634/8307
f 1623/8308 1624/8309 1626/8310
f 1648/8311 1625/8312 1620/8313
f 1625/8314 1627/8315 1626/8316
f 1624/8317 1622/8318 1626/8319
f 1626/8320 1618/8321 1625/8322
f 1619/8323 1620/8324 1625/8325
f 1618/8326 1619/8327 1625/8328
f 1621/8329 1622/8330 1624/8331
f 1622/8332 1618/8333 1626/8334
f 1781/8335 3008/8336 1396/8337
f 3008/8338 1522/8339 1396/8340
f 1616/8341 1614/8342 1610/8343
f 1616/8344 1608/8345 1614/8346
f 1616/8347 1610/8348 1615/8349
f 1609/8350 1615/8351 1610/8352
f 1615/8353 1623/8354 1626/8355
f 1408/8356 1336/8357 3007/8358
f 1661/8359 1573/8360 1221/8361
f 3007/8362 1405/8363 1408/8364
f 1487/8365 1226/8366 1573/8367
f 1221/8368 3015/8369 3013/8370
f 1608/8371 1613/8372 1611/8373
f 3015/8374 1221/8375 1573/8376
f 1612/8377 1611/8378 1613/8379
f 1616/8380 1615/8381 1617/8382
f 1410/8383 1408/8384 1405/8385
f 1487/8386 1573/8387 1489/8388
f 1226/8389 3018/8390 1573/8391
f 1768/8392 1763/8393 1690/8394
f 1406/8395 1410/8396 1419/8397
f 1528/8398 2120/8399 1529/8400
f 1061/8401 356/8402 1072/8403
f 1475/8404 1480/8405 1474/8406
f 1607/8407 1608/8408 1611/8409
f 1482/8410 1475/8411 1474/8412
f 1487/8413 1489/8414 1576/8415
f 369/8416 1763/8417 1768/8418
f 1476/8419 1481/8420 1/8421
f 1413/8422 1407/8423 1572/8424
f 1613/8425 1608/8426 1616/8427
f 1615/8428 1621/8429 1623/8430
f 1609/8431 1621/8432 1615/8433
f 1609/8434 1610/8435 1614/8436
f 1614/8437 1640/8438 1609/8439
f 1483/8440 1475/8441 1482/8442
f 1640/8443 1614/8444 1608/8445
f 1606/8446 1640/8447 1608/8448
f 1/8449 1481/8450 1475/8451
f 1607/8452 1606/8453 1608/8454
f 1634/8455 1605/8456 1676/8457
f 1605/8458 1595/8459 1676/8460
f 1605/8461 1634/8462 1620/8463
f 1619/8464 1604/8465 1620/8466
f 1605/8467 1620/8468 1604/8469
f 1607/8470 1599/8471 1667/8472
f 1599/8473 1602/8474 1601/8475
f 1639/8476 1599/8477 1600/8478
f 1599/8479 1611/8480 1602/8481
f 1597/8482 1600/8483 1599/8484
f 1600/8485 1598/8486 1639/8487
f 1601/8488 1597/8489 1599/8490
f 1624/8491 1623/8492 1621/8493
f 1611/8494 1612/8495 1602/8496
f 1879/8497 1601/8498 1602/8499
f 1879/8500 1602/8501 1612/8502
f 1632/8503 1683/8504 1676/8505
f 1643/8506 1622/8507 1630/8508
f 1640/8509 1667/8510 1655/8511
f 1640/8512 1606/8513 1667/8514
f 1667/8515 1606/8516 1607/8517
f 1640/8518 1645/8519 1609/8520
f 1622/8521 1621/8522 1630/8523
f 1630/8524 1621/8525 1609/8526
f 1643/8527 1618/8528 1622/8529
f 1618/8530 1603/8531 1604/8532
f 1604/8533 1619/8534 1618/8535
f 1525/8536 1449/8537 1453/8538
f 1498/8539 1517/8540 1451/8541
f 1517/8542 1502/8543 1451/8544
f 1521/8545 1502/8546 1517/8547
f 1598/8548 1896/8549 1596/8550
f 1590/8551 1594/8552 1592/8553
f 1595/8554 1605/8555 1594/8556
f 1597/8557 1598/8558 1600/8559
f 1599/8560 1607/8561 1611/8562
f 1896/8563 1598/8564 1597/8565
f 1877/8566 1597/8567 1601/8568
f 1523/8569 1525/8570 1493/8571
f 1451/8572 1502/8573 1508/8574
f 1453/8575 1503/8576 1525/8577
f 1503/8578 1504/8579 1525/8580
f 1525/8581 1504/8582 1493/8583
f 1523/8584 1454/8585 1524/8586
f 1524/8587 1454/8588 1422/8589
f 1525/8590 1523/8591 1450/8592
f 1508/8593 1446/8594 1451/8595
f 1508/8596 1519/8597 1446/8598
f 1520/8599 1444/8600 1512/8601
f 1523/8602 1452/8603 1450/8604
f 1449/8605 1525/8606 1450/8607
f 1453/8608 1449/8609 1519/8610
f 1452/8611 1449/8612 1450/8613
f 3010/8614 1445/8615 3009/8616
f 1445/8617 1447/8618 1524/8619
f 1445/8620 1524/8621 1401/8622
f 1524/8623 1447/8624 1452/8625
f 1452/8626 1448/8627 1449/8628
f 1519/8629 1449/8630 1446/8631
f 1451/8632 1446/8633 1520/8634
f 1448/8635 1452/8636 1443/8637
f 1452/8638 1523/8639 1524/8640
f 1442/8641 1443/8642 1452/8643
f 1638/8644 1629/8645 1647/8646
f 1590/8647 1592/8648 1588/8649
f 1631/8650 1568/8651 1589/8652
f 3044/8653 1632/8654 1595/8655
f 1588/8656 1593/8657 1589/8658
f 3010/8659 1441/8660 1442/8661
f 1452/8662 3010/8663 1442/8664
f 1440/8665 1430/8666 3009/8667
f 1401/8668 3009/8669 1445/8670
f 1588/8671 1592/8672 1593/8673
f 1593/8674 1592/8675 1605/8676
f 1593/8677 1605/8678 1604/8679
f 1594/8680 1591/8681 1595/8682
f 1593/8683 1604/8684 1603/8685
f 1590/8686 1591/8687 1594/8688
f 1618/8689 1631/8690 1603/8691
f 1605/8692 1592/8693 1594/8694
f 1589/8695 1593/8696 1631/8697
f 1603/8698 1631/8699 1593/8700
f 1523/8701 1494/8702 1454/8703
f 1493/8704 1504/8705 1492/8706
f 3008/8707 1781/8708 1399/8709
f 1514/8710 1513/8711 1518/8712
f 1796/8713 1798/8714 1514/8715
f 1498/8716 1488/8717 1521/8718
f 1521/8719 1517/8720 1498/8721
f 1795/8722 1225/8723 1515/8724
f 1518/8725 1796/8726 1514/8727
f 1516/8728 1513/8729 1514/8730
f 1796/8731 1518/8732 1662/8733
f 1511/8734 1512/8735 1357/8736
f 1510/8737 1520/8738 1512/8739
f 1510/8740 1512/8741 1509/8742
f 1510/8743 1509/8744 1498/8745
f 1511/8746 1505/8747 1509/8748
f 1507/8749 1509/8750 1505/8751
f 1507/8752 1498/8753 1509/8754
f 1502/8755 1495/8756 1508/8757
f 1508/8758 1495/8759 1519/8760
f 1503/8761 1453/8762 1519/8763
f 1519/8764 1495/8765 1503/8766
f 1492/8767 1504/8768 1503/8769
f 1489/8770 1657/8771 1495/8772
f 1512/8773 1511/8774 1509/8775
f 1506/8776 1507/8777 1505/8778
f 1502/8779 1576/8780 1495/8781
f 1498/8782 1520/8783 1510/8784
f 1492/8785 1503/8786 1495/8787
f 1486/8788 1499/8789 1428/8790
f 1451/8791 1520/8792 1498/8793
f 1501/8794 1498/8795 1500/8796
f 1488/8797 1498/8798 1501/8799
f 1490/8800 1488/8801 1487/8802
f 1498/8803 1507/8804 1500/8805
f 1496/8806 1454/8807 1494/8808
f 1494/8809 1523/8810 1493/8811
f 1502/8812 1490/8813 1576/8814
f 1491/8815 1492/8816 1657/8817
f 1493/8818 1797/8819 1494/8820
f 1666/8821 1496/8822 1794/8823
f 1493/8824 1492/8825 1797/8826
f 1797/8827 1794/8828 1494/8829
f 1490/8830 1487/8831 1576/8832
f 1491/8833 1797/8834 1492/8835
f 1492/8836 1495/8837 1657/8838
f 1487/8839 1501/8840 1226/8841
f 1490/8842 1521/8843 1488/8844
f 1501/8845 1487/8846 1488/8847
f 1502/8848 1521/8849 1490/8850
f 1489/8851 1495/8852 1576/8853
f 1484/8854 1390/8855 1403/8856
f 1218/8857 1511/8858 1485/8859
f 1226/8860 1501/8861 1500/8862
f 1480/8863 2121/8864 1474/8865
f 1477/8866 1476/8867 1458/8868
f 1481/8869 1535/8870 1480/8871
f 1477/8872 1536/8873 1535/8874
f 1481/8875 1477/8876 1535/8877
f 1535/8878 1460/8879 1479/8880
f 1534/8881 1460/8882 1535/8883
f 1480/8884 1535/8885 1479/8886
f 1462/8887 1479/8888 1460/8889
f 1527/8890 2126/8891 1462/8892
f 2092/8893 1479/8894 2126/8895
f 2121/8896 1479/8897 2125/8898
f 1479/8899 1462/8900 2126/8901
f 1477/8902 1481/8903 1476/8904
f 1480/8905 1475/8906 1481/8907
f 1480/8908 1479/8909 2121/8910
f 1461/8911 1462/8912 1460/8913
f 1527/8914 1547/8915 1473/8916
f 1472/8917 1032/8918 1473/8919
f 1470/8920 1471/8921 1533/8922
f 1532/8923 1470/8924 1533/8925
f 2285/8926 2072/8927 1543/8928
f 1468/8929 1032/8930 1472/8931
f 1468/8932 1472/8933 1469/8934
f 1548/8935 1472/8936 1473/8937
f 1548/8938 1469/8939 1472/8940
f 1532/8941 1526/8942 1470/8943
f 1473/8944 1547/8945 1548/8946
f 1531/8947 1465/8948 1533/8949
f 1546/8950 1533/8951 1465/8952
f 1464/8953 1465/8954 1531/8955
f 1466/8956 1710/8957 1467/8958
f 1466/8959 1467/8960 1546/8961
f 1542/8962 1530/8963 1531/8964
f 1457/8965 1546/8966 1465/8967
f 1459/8968 1464/8969 1531/8970
f 1459/8971 1531/8972 1530/8973
f 1540/8974 1463/8975 1459/8976
f 1459/8977 1463/8978 1458/8979
f 1540/8980 1459/8981 1530/8982
f 1006/8983 1471/8984 1470/8985
f 1538/8986 1462/8987 1461/8988
f 1538/8989 1527/8990 1462/8991
f 1538/8992 1547/8993 1527/8994
f 1461/8995 1460/8996 1534/8997
f 1464/8998 1459/8999 1456/9000
f 1459/9001 1458/9002 1456/9003
f 1532/9004 1467/9005 1669/9006
f 1483/9007 1482/9008 2120/9009
f 1457/9010 1466/9011 1546/9012
f 1465/9013 1464/9014 1455/9015
f 1715/9016 1714/9017 1717/9018
f 1526/9019 1532/9020 1669/9021
f 1458/9022 1476/9023 1478/9024
f 1458/9025 1478/9026 1455/9027
f 1458/9028 1455/9029 1456/9030
f 1464/9031 1456/9032 1455/9033
f 1526/9034 1006/9035 1470/9036
f 1669/9037 1730/9038 1526/9039
f 1531/9040 1533/9041 1471/9042
f 1546/9043 1467/9044 1532/9045
f 1528/9046 2040/9047 2046/9048
f 1528/9049 1529/9050 2029/9051
f 2029/9052 2040/9053 1528/9054
f 1458/9055 1463/9056 1536/9057
f 1458/9058 1536/9059 1477/9060
f 1540/9061 1536/9062 1463/9063
f 1542/9064 1540/9065 1530/9066
f 1545/9067 1536/9068 1540/9069
f 1469/9070 1548/9071 1539/9072
f 2070/9073 2487/9074 2504/9075
f 1533/9076 1546/9077 1532/9078
f 1536/9079 1534/9080 1535/9081
f 1538/9082 1536/9083 1545/9084
f 1534/9085 1536/9086 1538/9087
f 1538/9088 1461/9089 1534/9090
f 2433/9091 2070/9092 1543/9093
f 1539/9094 1547/9095 1545/9096
f 1548/9097 1547/9098 1539/9099
f 1471/9100 1469/9101 1531/9102
f 1547/9103 1541/9104 1545/9105
f 1539/9106 1542/9107 1469/9108
f 1542/9109 1539/9110 1540/9111
f 1539/9112 1545/9113 1540/9114
f 1538/9115 1545/9116 1541/9117
f 1547/9118 1538/9119 1541/9120
f 1537/9121 2565/9122 1543/9123
f 1531/9124 1469/9125 1542/9126
f 1471/9127 1468/9128 1469/9129
f 1571/9130 1564/9131 1586/9132
f 1564/9133 1563/9134 1586/9135
f 1574/9136 1586/9137 1563/9138
f 1574/9139 1575/9140 1586/9141
f 1554/9142 1633/9143 1585/9144
f 1544/9145 1654/9146 1575/9147
f 1549/9148 430/9149 435/9150
f 1544/9151 1551/9152 1585/9153
f 1551/9154 1544/9155 1575/9156
f 1553/9157 430/9158 1583/9159
f 1585/9160 1549/9161 1559/9162
f 1551/9163 430/9164 1549/9165
f 1551/9166 1549/9167 1585/9168
f 1585/9169 1559/9170 1554/9171
f 1550/9172 1554/9173 1566/9174
f 1552/9175 1553/9176 1581/9177
f 430/9178 1553/9179 1552/9180
f 1583/9181 1551/9182 1575/9183
f 1581/9184 1584/9185 575/9186
f 1566/9187 1559/9188 1549/9189
f 1561/9190 1555/9191 1584/9192
f 1584/9193 1555/9194 1557/9195
f 1557/9196 1777/9197 1584/9198
f 1556/9199 1557/9200 1555/9201
f 1558/9202 1582/9203 1565/9204
f 1561/9205 1582/9206 1558/9207
f 575/9208 1584/9209 1578/9210
f 1562/9211 1565/9212 1579/9213
f 1560/9214 1555/9215 1561/9216
f 1583/9217 1562/9218 1579/9219
f 1558/9220 1570/9221 1561/9222
f 1570/9223 1558/9224 1565/9225
f 1565/9226 1562/9227 1571/9228
f 1564/9229 1562/9230 1583/9231
f 1574/9232 1563/9233 1583/9234
f 1583/9235 1563/9236 1564/9237
f 1559/9238 1566/9239 1554/9240
f 1562/9241 1564/9242 1571/9243
f 1566/9244 1549/9245 435/9246
f 1584/9247 1778/9248 1578/9249
f 1578/9250 1787/9251 1782/9252
f 1577/9253 1578/9254 1782/9255
f 1578/9256 1577/9257 579/9258
f 1569/9259 1570/9260 1568/9261
f 1578/9262 1778/9263 1787/9264
f 1568/9265 1570/9266 1571/9267
f 579/9268 575/9269 1578/9270
f 1583/9271 1575/9272 1574/9273
f 1565/9274 1582/9275 1580/9276
f 1580/9277 1583/9278 1579/9279
f 1582/9280 1581/9281 1580/9282
f 1553/9283 1583/9284 1580/9285
f 1580/9286 1581/9287 1553/9288
f 1565/9289 1580/9290 1579/9291
f 1582/9292 1561/9293 1584/9294
f 1583/9295 430/9296 1551/9297
f 1777/9298 1778/9299 1584/9300
f 1584/9301 1581/9302 1582/9303
f 1585/9304 1633/9305 1544/9306
f 1896/9307 1880/9308 1596/9309
f 1568/9310 1654/9311 1589/9312
f 1571/9313 1586/9314 1654/9315
f 1654/9316 1658/9317 1589/9318
f 1568/9319 1571/9320 1654/9321
f 1642/9322 1618/9323 1643/9324
f 1631/9325 1618/9326 1642/9327
f 1660/9328 1590/9329 1658/9330
f 1589/9331 1658/9332 1588/9333
f 1588/9334 1658/9335 1590/9336
f 1444/9337 1520/9338 1446/9339
f 1449/9340 1448/9341 1446/9342
f 1442/9343 1441/9344 1354/9345
f 1448/9346 1444/9347 1446/9348
f 3010/9349 1430/9350 1441/9351
f 1349/9352 1353/9353 1441/9354
f 1354/9355 1444/9356 1443/9357
f 1400/9358 1399/9359 1398/9360
f 1444/9361 1448/9362 1443/9363
f 1441/9364 1430/9365 1349/9366
f 1354/9367 1443/9368 1442/9369
f 1354/9370 1441/9371 1353/9372
f 1305/9373 1437/9374 1439/9375
f 1437/9376 1435/9377 1436/9378
f 1431/9379 1497/9380 1412/9381
f 1438/9382 1436/9383 1435/9384
f 1427/9385 1438/9386 1435/9387
f 1427/9388 1433/9389 1438/9390
f 1429/9391 1666/9392 1431/9393
f 1486/9394 1374/9395 1263/9396
f 1433/9397 1427/9398 1425/9399
f 1234/9400 1433/9401 1425/9402
f 1234/9403 1425/9404 1421/9405
f 2504/9406 1537/9407 2070/9408
f 1427/9409 1426/9410 1425/9411
f 1537/9412 2665/9413 2565/9414
f 1543/9415 2565/9416 2449/9417
f 1416/9418 1425/9419 1426/9420
f 1435/9421 1423/9422 1427/9423
f 1427/9424 1423/9425 1426/9426
f 1411/9427 1423/9428 1415/9429
f 1411/9430 1426/9431 1423/9432
f 1422/9433 1454/9434 1496/9435
f 1412/9436 1513/9437 1397/9438
f 1431/9439 1666/9440 1497/9441
f 1259/9442 1432/9443 1437/9444
f 1437/9445 1432/9446 1435/9447
f 1250/9448 1435/9449 1432/9450
f 1432/9451 1255/9452 1250/9453
f 1412/9454 1497/9455 1513/9456
f 1429/9457 1434/9458 1666/9459
f 1422/9460 1496/9461 1402/9462
f 1419/9463 1233/9464 1420/9465
f 1419/9466 1410/9467 1233/9468
f 1435/9469 1250/9470 1418/9471
f 1435/9472 1418/9473 1417/9474
f 1421/9475 1416/9476 1420/9477
f 1421/9478 1425/9479 1416/9480
f 1414/9481 1415/9482 1435/9483
f 1717/9484 1716/9485 1715/9486
f 1417/9487 1414/9488 1435/9489
f 1435/9490 1415/9491 1423/9492
f 1417/9493 1413/9494 1414/9495
f 1247/9496 1424/9497 1409/9498
f 1415/9499 1414/9500 1411/9501
f 1413/9502 1411/9503 1414/9504
f 1496/9505 1434/9506 1402/9507
f 1496/9508 1666/9509 1434/9510
f 1420/9511 1416/9512 1419/9513
f 1426/9514 1419/9515 1416/9516
f 1426/9517 1411/9518 1419/9519
f 1409/9520 1407/9521 1413/9522
f 1572/9523 1407/9524 1408/9525
f 1406/9526 1572/9527 1408/9528
f 1331/9529 1428/9530 1499/9531
f 1400/9532 1429/9533 1431/9534
f 1429/9535 1400/9536 1434/9537
f 1431/9538 1412/9539 1400/9540
f 1422/9541 1402/9542 1401/9543
f 1398/9544 1401/9545 1402/9546
f 1402/9547 1434/9548 1400/9549
f 1400/9550 1398/9551 1402/9552
f 1399/9553 1400/9554 1412/9555
f 1497/9556 1518/9557 1513/9558
f 1377/9559 1379/9560 1381/9561
f 1399/9562 1397/9563 3008/9564
f 1377/9565 1381/9566 1380/9567
f 1397/9568 1399/9569 1412/9570
f 1401/9571 1524/9572 1422/9573
f 1394/9574 1391/9575 1328/9576
f 3008/9577 1397/9578 1516/9579
f 1516/9580 1397/9581 1513/9582
f 1371/9583 1369/9584 1365/9585
f 1364/9586 1263/9587 1374/9588
f 1485/9589 1388/9590 1390/9591
f 1331/9592 1389/9593 1383/9594
f 1394/9595 1392/9596 1391/9597
f 1484/9598 1485/9599 1390/9600
f 1378/9601 1386/9602 1341/9603
f 1387/9604 1388/9605 1395/9606
f 1390/9607 1393/9608 1403/9609
f 1393/9610 1390/9611 1388/9612
f 1387/9613 1393/9614 1388/9615
f 1374/9616 1486/9617 1342/9618
f 1379/9619 1385/9620 1387/9621
f 1378/9622 1383/9623 1389/9624
f 1371/9625 1365/9626 256/9627
f 1379/9628 1387/9629 1395/9630
f 1376/9631 1375/9632 1372/9633
f 1385/9634 1379/9635 1377/9636
f 1379/9637 1395/9638 1382/9639
f 1382/9640 1381/9641 1379/9642
f 261/9643 1377/9644 1371/9645
f 1377/9646 1370/9647 1371/9648
f 1365/9649 158/9650 256/9651
f 1369/9652 1364/9653 1363/9654
f 1363/9655 1365/9656 1369/9657
f 1364/9658 1369/9659 1370/9660
f 1293/9661 1315/9662 1341/9663
f 1371/9664 1370/9665 1369/9666
f 1261/9667 1293/9668 1384/9669
f 1293/9670 1341/9671 1384/9672
f 1371/9673 256/9674 261/9675
f 1370/9676 1377/9677 1380/9678
f 1363/9679 1364/9680 1361/9681
f 1365/9682 1363/9683 1361/9684
f 1365/9685 1366/9686 158/9687
f 1366/9688 1362/9689 1264/9690
f 1364/9691 1367/9692 1361/9693
f 1366/9694 1361/9695 1362/9696
f 1365/9697 1361/9698 1366/9699
f 1351/9700 1486/9701 1428/9702
f 1362/9703 1361/9704 1264/9705
f 1374/9706 1367/9707 1364/9708
f 1444/9709 1355/9710 1512/9711
f 1351/9712 1342/9713 1486/9714
f 1388/9715 1357/9716 1395/9717
f 1428/9718 1331/9719 1358/9720
f 1380/9721 1357/9722 1356/9723
f 1395/9724 1357/9725 1382/9726
f 1388/9727 1485/9728 1511/9729
f 1388/9730 1511/9731 1357/9732
f 1357/9733 1380/9734 1382/9735
f 1382/9736 1380/9737 1381/9738
f 1356/9739 1512/9740 1355/9741
f 1356/9742 1357/9743 1512/9744
f 1351/9745 1358/9746 1359/9747
f 1355/9748 1354/9749 1352/9750
f 1355/9751 1444/9752 1354/9753
f 1349/9754 1430/9755 1350/9756
f 1334/9757 1367/9758 1374/9759
f 1359/9760 1358/9761 1348/9762
f 1351/9763 1428/9764 1358/9765
f 1346/9766 1345/9767 1375/9768
f 1374/9769 1342/9770 1334/9771
f 1350/9772 1339/9773 1349/9774
f 1263/9775 1380/9776 1356/9777
f 1263/9778 1370/9779 1380/9780
f 1372/9781 1375/9782 1345/9783
f 1345/9784 143/9785 1372/9786
f 1351/9787 1359/9788 1337/9789
f 1337/9790 1342/9791 1351/9792
f 1342/9793 1337/9794 1334/9795
f 143/9796 1292/9797 1333/9798
f 1331/9799 1499/9800 1355/9801
f 1355/9802 1499/9803 1356/9804
f 1372/9805 143/9806 1333/9807
f 1331/9808 1348/9809 1358/9810
f 1263/9811 1364/9812 1370/9813
f 1353/9814 1386/9815 1389/9816
f 1389/9817 1355/9818 1352/9819
f 1354/9820 1353/9821 1352/9822
f 1389/9823 1352/9824 1353/9825
f 1339/9826 1353/9827 1349/9828
f 1350/9829 1313/9830 1339/9831
f 1389/9832 1331/9833 1355/9834
f 1340/9835 1391/9836 1392/9837
f 1353/9838 1339/9839 1386/9840
f 1386/9841 1339/9842 1341/9843
f 1339/9844 1313/9845 1341/9846
f 1394/9847 1396/9848 1691/9849
f 1378/9850 1389/9851 1386/9852
f 1341/9853 1313/9854 1384/9855
f 1337/9856 1348/9857 1334/9858
f 1691/9859 1336/9860 1738/9861
f 1440/9862 1329/9863 1430/9864
f 1326/9865 1430/9866 1329/9867
f 1378/9868 1324/9869 1360/9870
f 1335/9871 1333/9872 1294/9873
f 1430/9874 1326/9875 1350/9876
f 1327/9877 1329/9878 1328/9879
f 1440/9880 1328/9881 1329/9882
f 1328/9883 1391/9884 1340/9885
f 1327/9886 1328/9887 1340/9888
f 1383/9889 1360/9890 1331/9891
f 1322/9892 1770/9893 1325/9894
f 1322/9895 1290/9896 1770/9897
f 1321/9898 1289/9899 1322/9900
f 1320/9901 1319/9902 1321/9903
f 1323/9904 1314/9905 1320/9906
f 1319/9907 1320/9908 1314/9909
f 1326/9910 1329/9911 1312/9912
f 1340/9913 1317/9914 1327/9915
f 1331/9916 1347/9917 1348/9918
f 1311/9919 1394/9920 1691/9921
f 1327/9922 1312/9923 1329/9924
f 1383/9925 1378/9926 1360/9927
f 1664/9928 1330/9929 1288/9930
f 1294/9931 1330/9932 1335/9933
f 361/9934 1664/9935 1323/9936
f 1320/9937 361/9938 1323/9939
f 1664/9940 1288/9941 1323/9942
f 1314/9943 1323/9944 1288/9945
f 1319/9946 1314/9947 1288/9948
f 1294/9949 1295/9950 1330/9951
f 1287/9952 1294/9953 1333/9954
f 1326/9955 1313/9956 1350/9957
f 1271/9958 1326/9959 1312/9960
f 1392/9961 1394/9962 1311/9963
f 1340/9964 1392/9965 1311/9966
f 1324/9967 1315/9968 1318/9969
f 1316/9970 1331/9971 1360/9972
f 1324/9973 1378/9974 1341/9975
f 1324/9976 1316/9977 1360/9978
f 1315/9979 1324/9980 1341/9981
f 1310/9982 1309/9983 370/9984
f 370/9985 1309/9986 371/9987
f 1310/9988 1308/9989 1309/9990
f 1307/9991 1772/9992 1310/9993
f 1772/9994 1308/9995 1310/9996
f 1285/9997 1284/9998 1308/9999
f 1286/10000 1768/10001 1770/10002
f 1338/10003 1772/10004 1307/10005
f 1302/10006 1300/10007 1772/10008
f 1309/10009 1304/10010 371/10011
f 371/10012 1304/10013 1306/10014
f 1309/10015 1284/10016 1304/10017
f 1303/10018 1285/10019 1308/10020
f 1305/10021 1439/10022 1306/10023
f 1306/10024 1304/10025 1305/10026
f 1305/10027 1259/10028 1437/10029
f 1304/10030 1257/10031 1305/10032
f 1303/10033 1308/10034 1772/10035
f 1303/10036 1772/10037 1300/10038
f 1300/10039 1299/10040 1303/10041
f 1300/10042 1302/10043 1297/10044
f 1301/10045 1299/10046 1300/10047
f 1298/10048 1299/10049 1301/10050
f 1298/10051 1301/10052 1300/10053
f 1296/10054 1298/10055 1300/10056
f 1296/10057 1300/10058 1297/10059
f 1290/10060 1286/10061 1770/10062
f 1322/10063 1289/10064 1290/10065
f 1289/10066 1277/10067 1290/10068
f 1321/10069 1319/10070 1289/10071
f 1319/10072 1291/10073 1289/10074
f 1276/10075 1291/10076 1319/10077
f 1288/10078 1276/10079 1319/10080
f 1330/10081 1295/10082 1288/10083
f 1284/10084 1309/10085 1308/10086
f 1284/10087 1285/10088 1304/10089
f 1285/10090 1281/10091 1282/10092
f 1254/10093 1257/10094 1304/10095
f 1285/10096 1282/10097 1304/10098
f 1281/10099 1285/10100 1283/10101
f 1304/10102 1282/10103 1343/10104
f 1254/10105 1304/10106 1343/10107
f 1281/10108 1283/10109 1280/10110
f 1303/10111 1283/10112 1285/10113
f 1303/10114 1299/10115 1280/10116
f 1298/10117 1280/10118 1299/10119
f 1280/10120 1283/10121 1303/10122
f 1252/10123 1280/10124 1298/10125
f 1277/10126 1286/10127 1290/10128
f 1277/10129 1302/10130 1286/10131
f 1278/10132 1289/10133 1291/10134
f 1278/10135 1277/10136 1289/10137
f 1288/10138 1295/10139 1276/10140
f 1278/10141 1291/10142 1279/10143
f 1276/10144 1279/10145 1291/10146
f 1276/10147 1272/10148 1279/10149
f 1295/10150 1272/10151 1276/10152
f 1279/10153 1318/10154 1278/10155
f 1318/10156 1277/10157 1278/10158
f 1274/10159 1279/10160 1272/10161
f 1279/10162 1274/10163 1318/10164
f 1275/10165 1302/10166 1277/10167
f 1277/10168 1318/10169 1275/10170
f 1273/10171 1318/10172 1274/10173
f 1273/10174 1274/10175 1347/10176
f 1272/10177 1295/10178 1347/10179
f 1266/10180 1367/10181 1295/10182
f 1274/10183 1272/10184 1347/10185
f 1295/10186 1334/10187 1347/10188
f 1347/10189 1334/10190 1348/10191
f 1239/10192 1313/10193 1326/10194
f 1317/10195 1312/10196 1327/10197
f 1334/10198 1295/10199 1367/10200
f 1271/10201 1312/10202 1317/10203
f 1331/10204 1273/10205 1347/10206
f 1340/10207 1270/10208 1317/10209
f 127/10210 1333/10211 1292/10212
f 1359/10213 1348/10214 1337/10215
f 1326/10216 1271/10217 1239/10218
f 1268/10219 1271/10220 1317/10221
f 1268/10222 1317/10223 1270/10224
f 127/10225 1287/10226 1333/10227
f 1313/10228 1239/10229 1384/10230
f 1287/10231 1295/10232 1294/10233
f 1239/10234 1271/10235 1269/10236
f 1316/10237 1318/10238 1273/10239
f 1273/10240 1331/10241 1316/10242
f 1287/10243 127/10244 1266/10245
f 1340/10246 1311/10247 1240/10248
f 1407/10249 1409/10250 1241/10251
f 1295/10252 1287/10253 1266/10254
f 1240/10255 1270/10256 1340/10257
f 1264/10258 1265/10259 149/10260
f 1409/10261 1424/10262 1241/10263
f 1318/10264 1316/10265 1324/10266
f 1266/10267 1265/10268 1367/10269
f 1265/10270 1264/10271 1367/10272
f 1311/10273 1267/10274 1240/10275
f 1315/10276 1293/10277 1275/10278
f 1293/10279 1368/10280 1275/10281
f 1293/10282 1261/10283 1368/10284
f 1264/10285 149/10286 1366/10287
f 1499/10288 1263/10289 1356/10290
f 1305/10291 1257/10292 1259/10293
f 1264/10294 1361/10295 1367/10296
f 1499/10297 1486/10298 1263/10299
f 1315/10300 1275/10301 1318/10302
f 1296/10303 1262/10304 1298/10305
f 1296/10306 1297/10307 1261/10308
f 1262/10309 1296/10310 1261/10311
f 1269/10312 1261/10313 1239/10314
f 1261/10315 1269/10316 1262/10317
f 1261/10318 1297/10319 1368/10320
f 1254/10321 1258/10322 1257/10323
f 1432/10324 1259/10325 1257/10326
f 1255/10327 1432/10328 1257/10329
f 1280/10330 1252/10331 1256/10332
f 1246/10333 1258/10334 1254/10335
f 1281/10336 1256/10337 1282/10338
f 1253/10339 1256/10340 1252/10341
f 1343/10342 1282/10343 1256/10344
f 1281/10345 1280/10346 1256/10347
f 1343/10348 1246/10349 1254/10350
f 1343/10351 1240/10352 1246/10353
f 1253/10354 1252/10355 1251/10356
f 1255/10357 1257/10358 1258/10359
f 1249/10360 1255/10361 1258/10362
f 1246/10363 1245/10364 1258/10365
f 1256/10366 1240/10367 1343/10368
f 1242/10369 1245/10370 1246/10371
f 1251/10372 1298/10373 1260/10374
f 1249/10375 1344/10376 1248/10377
f 1251/10378 1260/10379 1253/10380
f 1249/10381 1245/10382 1344/10383
f 1247/10384 1248/10385 1424/10386
f 1424/10387 1248/10388 1344/10389
f 1251/10390 1252/10391 1298/10392
f 1298/10393 1262/10394 1260/10395
f 1250/10396 1255/10397 1249/10398
f 1418/10399 1250/10400 1248/10401
f 1248/10402 1250/10403 1249/10404
f 1248/10405 1417/10406 1418/10407
f 1247/10408 1417/10409 1248/10410
f 1267/10411 1246/10412 1240/10413
f 1769/10414 1344/10415 1245/10416
f 1258/10417 1244/10418 1249/10419
f 1253/10420 1240/10421 1256/10422
f 1245/10423 1244/10424 1258/10425
f 1245/10426 1249/10427 1244/10428
f 1247/10429 1409/10430 1413/10431
f 1413/10432 1417/10433 1247/10434
f 1384/10435 1239/10436 1261/10437
f 1260/10438 1270/10439 1253/10440
f 1260/10441 1262/10442 1269/10443
f 1253/10444 1270/10445 1240/10446
f 1271/10447 1260/10448 1269/10449
f 1268/10450 1270/10451 1260/10452
f 1271/10453 1268/10454 1260/10455
f 1368/10456 1297/10457 1302/10458
f 1424/10459 1344/10460 1241/10461
f 1368/10462 1302/10463 1275/10464
f 361/10465 351/10466 1664/10467
f 1345/10468 1346/10469 139/10470
f 1484/10471 1403/10472 287/10473
f 1236/10474 765/10475 9/10476
f 1433/10477 1234/10478 2997/10479
f 1420/10480 1233/10481 1421/10482
f 1227/10483 3012/10484 1232/10485
f 1229/10486 3019/10487 3012/10488
f 3012/10489 1227/10490 1228/10491
f 1228/10492 1229/10493 3012/10494
f 1227/10495 1230/10496 1228/10497
f 1228/10498 1230/10499 1218/10500
f 3014/10501 3018/10502 1226/10503
f 3014/10504 1226/10505 1500/10506
f 1230/10507 1506/10508 1218/10509
f 1227/10510 1232/10511 3014/10512
f 1222/10513 1217/10514 1221/10515
f 1227/10516 3014/10517 1500/10518
f 1227/10519 1507/10520 1230/10521
f 1227/10522 1500/10523 1507/10524
f 1790/10525 1224/10526 1216/10527
f 1219/10528 1790/10529 1231/10530
f 1231/10531 1790/10532 1216/10533
f 1505/10534 1218/10535 1506/10536
f 1507/10537 1506/10538 1230/10539
f 1790/10540 1223/10541 1224/10542
f 1216/10543 1224/10544 1788/10545
f 1218/10546 1505/10547 1511/10548
f 1484/10549 1218/10550 1485/10551
f 639/10552 1215/10553 626/10554
f 1215/10555 1207/10556 1208/10557
f 1152/10558 1211/10559 1200/10560
f 1211/10561 1212/10562 1200/10563
f 1206/10564 1208/10565 1205/10566
f 1206/10567 1210/10568 1208/10569
f 1208/10570 626/10571 1215/10572
f 1210/10573 626/10574 1208/10575
f 1141/10576 1135/10577 1213/10578
f 1205/10579 1204/10580 1209/10581
f 625/10582 649/10583 594/10584
f 1205/10585 1208/10586 1133/10587
f 1207/10588 1215/10589 638/10590
f 1141/10591 1138/10592 1135/10593
f 1204/10594 1198/10595 1209/10596
f 1211/10597 1214/10598 1180/10599
f 593/10600 1197/10601 1196/10602
f 587/10603 1196/10604 1203/10605
f 590/10606 1202/10607 1191/10608
f 1201/10609 1214/10610 1211/10611
f 1212/10612 1211/10613 1180/10614
f 1199/10615 1144/10616 1186/10617
f 1180/10618 1155/10619 1212/10620
f 1184/10621 2379/10622 2378/10623
f 1188/10624 1204/10625 1195/10626
f 1188/10627 1198/10628 1204/10629
f 1195/10630 1197/10631 593/10632
f 1197/10633 1203/10634 1196/10635
f 1195/10636 1203/10637 1197/10638
f 1194/10639 618/10640 12/10641
f 1133/10642 1203/10643 1204/10644
f 1189/10645 1190/10646 1202/10647
f 1183/10648 1191/10649 1190/10650
f 1202/10651 1190/10652 1191/10653
f 1199/10654 1193/10655 1190/10656
f 1193/10657 1183/10658 1190/10659
f 1199/10660 1190/10661 1189/10662
f 1189/10663 1202/10664 1192/10665
f 1193/10666 1199/10667 1186/10668
f 1193/10669 474/10670 1187/10671
f 1188/10672 1195/10673 1187/10674
f 1188/10675 464/10676 1198/10677
f 1187/10678 1195/10679 593/10680
f 512/10681 464/10682 474/10683
f 1193/10684 1187/10685 1183/10686
f 1144/10687 1199/10688 1189/10689
f 1189/10690 1192/10691 1144/10692
f 1186/10693 1144/10694 1185/10695
f 1192/10696 1174/10697 1144/10698
f 1212/10699 1155/10700 1200/10701
f 1178/10702 1200/10703 1174/10704
f 1180/10705 536/10706 1155/10707
f 1180/10708 1214/10709 909/10710
f 1181/10711 1178/10712 623/10713
f 1180/10714 909/10715 1176/10716
f 1178/10717 1181/10718 1172/10719
f 1177/10720 1134/10721 623/10722
f 1176/10723 909/10724 899/10725
f 1181/10726 1173/10727 1171/10728
f 1200/10729 1155/10730 1174/10731
f 1165/10732 1173/10733 2419/10734
f 1175/10735 1174/10736 1155/10737
f 2591/10738 1165/10739 2419/10740
f 1160/10741 1169/10742 1148/10743
f 1168/10744 1160/10745 1148/10746
f 623/10747 1178/10748 1179/10749
f 1172/10750 1161/10751 1178/10752
f 432/10753 1176/10754 899/10755
f 1172/10756 1181/10757 1171/10758
f 1167/10759 1170/10760 1171/10761
f 1172/10762 1171/10763 1170/10764
f 1170/10765 1161/10766 1172/10767
f 1171/10768 1162/10769 1167/10770
f 1166/10771 1165/10772 2590/10773
f 1173/10774 1165/10775 1164/10776
f 1164/10777 1171/10778 1173/10779
f 1165/10780 1163/10781 1164/10782
f 1166/10783 1163/10784 1165/10785
f 1164/10786 1162/10787 1171/10788
f 1168/10789 1148/10790 1142/10791
f 1163/10792 2574/10793 1164/10794
f 1178/10795 1161/10796 1168/10797
f 1170/10798 1167/10799 1160/10800
f 1160/10801 1167/10802 1169/10803
f 1170/10804 1160/10805 1161/10806
f 2250/10807 1157/10808 914/10809
f 1169/10810 1167/10811 1162/10812
f 1145/10813 1156/10814 1146/10815
f 914/10816 1157/10817 1136/10818
f 1160/10819 1168/10820 1161/10821
f 917/10822 1153/10823 1151/10824
f 917/10825 1201/10826 1211/10827
f 917/10828 1211/10829 1153/10830
f 1153/10831 1211/10832 1152/10833
f 1152/10834 1154/10835 1153/10836
f 1151/10837 1153/10838 1154/10839
f 1175/10840 1155/10841 1150/10842
f 1162/10843 1164/10844 1158/10845
f 1158/10846 1164/10847 2574/10848
f 1162/10849 1158/10850 914/10851
f 1176/10852 536/10853 1180/10854
f 1158/10855 2250/10856 914/10857
f 1144/10858 1149/10859 1185/10860
f 1147/10861 1185/10862 1149/10863
f 2153/10864 1159/10865 2150/10866
f 1894/10867 1895/10868 1567/10869
f 1156/10870 1145/10871 908/10872
f 908/10873 1145/10874 1141/10875
f 1145/10876 1146/10877 1141/10878
f 1141/10879 2150/10880 908/10881
f 1159/10882 908/10883 2150/10884
f 1138/10885 1146/10886 916/10887
f 2409/10888 1143/10889 1140/10890
f 1146/10891 1138/10892 1141/10893
f 1141/10894 1143/10895 2150/10896
f 1894/10897 1890/10898 1889/10899
f 1141/10900 1140/10901 1143/10902
f 1560/10903 1895/10904 3042/10905
f 1894/10906 1901/10907 3042/10908
f 1141/10909 1213/10910 1140/10911
f 1213/10912 2409/10913 1140/10914
f 1142/10915 1178/10916 1168/10917
f 1137/10918 1151/10919 1154/10920
f 917/10921 1151/10922 1139/10923
f 1139/10924 1151/10925 1148/10926
f 1152/10927 1178/10928 1137/10929
f 1178/10930 1152/10931 1200/10932
f 1135/10933 2220/10934 11/10935
f 1148/10936 918/10937 1139/10938
f 1178/10939 1174/10940 1192/10941
f 1174/10942 1175/10943 511/10944
f 1137/10945 1142/10946 1151/10947
f 1154/10948 1152/10949 1137/10950
f 1142/10951 1137/10952 1178/10953
f 484/10954 1174/10955 511/10956
f 1138/10957 1136/10958 1135/10959
f 1148/10960 1151/10961 1142/10962
f 1157/10963 2220/10964 1135/10965
f 1136/10966 1157/10967 1135/10968
f 1213/10969 2343/10970 2409/10971
f 1192/10972 616/10973 1179/10974
f 1187/10975 593/10976 1183/10977
f 1183/10978 590/10979 1191/10980
f 1206/10981 1205/10982 1209/10983
f 1207/10984 638/10985 625/10986
f 1120/10987 722/10988 454/10989
f 722/10990 1120/10991 721/10992
f 1888/10993 1128/10994 1127/10995
f 454/10996 1128/10997 1888/10998
f 454/10999 1888/11000 1115/11001
f 1101/11002 1118/11003 1116/11004
f 1129/11005 1130/11006 1122/11007
f 1093/11008 1118/11009 1101/11010
f 1130/11011 355/11012 1121/11013
f 1115/11014 1888/11015 1891/11016
f 442/11017 1112/11018 443/11019
f 1107/11020 343/11021 345/11022
f 345/11023 347/11024 1129/11025
f 1122/11026 1130/11027 1121/11028
f 345/11029 1129/11030 1122/11031
f 1121/11032 341/11033 1131/11034
f 1112/11035 1089/11036 443/11037
f 721/11038 1120/11039 1131/11040
f 343/11041 1107/11042 1132/11043
f 1107/11044 345/11045 1893/11046
f 1132/11047 1107/11048 1110/11049
f 1115/11050 1120/11051 454/11052
f 1114/11053 1120/11054 1115/11055
f 1111/11056 1126/11057 1112/11058
f 1111/11059 1124/11060 1125/11061
f 449/11062 1111/11063 1125/11064
f 1111/11065 1112/11066 442/11067
f 1111/11068 442/11069 1123/11070
f 1124/11071 1111/11072 1123/11073
f 1108/11074 1057/11075 1132/11076
f 1110/11077 1108/11078 1132/11079
f 1110/11080 1109/11081 1113/11082
f 1110/11083 1113/11084 1108/11085
f 1106/11086 1107/11087 1893/11088
f 1110/11089 1107/11090 1109/11091
f 1107/11092 1106/11093 1094/11094
f 1109/11095 1107/11096 1091/11097
f 1106/11098 1893/11099 1092/11100
f 449/11101 1126/11102 1111/11103
f 1091/11104 1107/11105 1094/11106
f 1113/11107 1109/11108 1091/11109
f 1893/11110 1117/11111 1092/11112
f 1104/11113 1101/11114 1097/11115
f 1104/11116 1093/11117 1101/11118
f 1119/11119 1102/11120 1090/11121
f 1095/11122 838/11123 1100/11124
f 1888/11125 838/11126 1095/11127
f 1097/11128 1099/11129 840/11130
f 1099/11131 836/11132 839/11133
f 1099/11134 1096/11135 836/11136
f 1101/11137 1882/11138 1097/11139
f 1097/11140 1096/11141 1099/11142
f 1097/11143 840/11144 1098/11145
f 1095/11146 1100/11147 836/11148
f 1096/11149 1095/11150 836/11151
f 1114/11152 1115/11153 1117/11154
f 1092/11155 1117/11156 1105/11157
f 1093/11158 1104/11159 1091/11160
f 1118/11161 1092/11162 1105/11163
f 1091/11164 1094/11165 1106/11166
f 1106/11167 1092/11168 1093/11169
f 1103/11170 1097/11171 1882/11172
f 1093/11173 1092/11174 1118/11175
f 1091/11176 1106/11177 1093/11178
f 1113/11179 801/11180 1074/11181
f 1113/11182 1091/11183 1104/11184
f 1090/11185 838/11186 1888/11187
f 1097/11188 1098/11189 1104/11190
f 1103/11191 1096/11192 1097/11193
f 801/11194 1113/11195 1098/11196
f 1098/11197 1113/11198 1104/11199
f 1095/11200 1096/11201 1103/11202
f 1127/11203 1119/11204 1090/11205
f 1090/11206 1888/11207 1127/11208
f 1952/11209 1931/11210 58/11211
f 1086/11212 1346/11213 1375/11214
f 139/11215 1346/11216 1085/11217
f 1085/11218 1346/11219 1086/11220
f 1087/11221 1044/11222 1071/11223
f 1084/11224 1085/11225 1087/11226
f 1086/11227 1087/11228 1085/11229
f 1071/11230 1084/11231 1087/11232
f 1083/11233 1085/11234 1084/11235
f 1084/11236 2889/11237 1083/11238
f 1071/11239 1073/11240 1084/11241
f 2889/11242 1084/11243 1081/11244
f 1080/11245 1084/11246 1073/11247
f 1081/11248 1084/11249 1080/11250
f 1049/11251 1082/11252 1079/11253
f 351/11254 1076/11255 1656/11256
f 351/11257 357/11258 1076/11259
f 1076/11260 357/11261 1061/11262
f 1077/11263 1048/11264 1076/11265
f 1046/11266 1079/11267 1082/11268
f 1076/11269 1048/11270 1075/11271
f 1075/11272 1048/11273 1079/11274
f 1082/11275 1073/11276 1046/11277
f 786/11278 1074/11279 792/11280
f 1132/11281 1057/11282 1078/11283
f 1075/11284 1079/11285 1046/11286
f 1056/11287 1074/11288 786/11289
f 1078/11290 1072/11291 1132/11292
f 1071/11293 1046/11294 1073/11295
f 1070/11296 1069/11297 1376/11298
f 1086/11299 1376/11300 1069/11301
f 2889/11302 1081/11303 2916/11304
f 1069/11305 1070/11306 1068/11307
f 1065/11308 1063/11309 1068/11310
f 1931/11311 1952/11312 1933/11313
f 1080/11314 1073/11315 1082/11316
f 1049/11317 1080/11318 1082/11319
f 1080/11320 1049/11321 1062/11322
f 1056/11323 1067/11324 1052/11325
f 804/11326 1052/11327 793/11328
f 1963/11329 1944/11330 1953/11331
f 1963/11332 1955/11333 1944/11334
f 1069/11335 1068/11336 1064/11337
f 1065/11338 1068/11339 1070/11340
f 1086/11341 1069/11342 1087/11343
f 1958/11344 1955/11345 1963/11346
f 1069/11347 1064/11348 1087/11349
f 1656/11350 1076/11351 1065/11352
f 2024/11353 2012/11354 2028/11355
f 1063/11356 1064/11357 1068/11358
f 1087/11359 1064/11360 1044/11361
f 1960/11362 1958/11363 1963/11364
f 1074/11365 1056/11366 1060/11367
f 1057/11368 1108/11369 1113/11370
f 1081/11371 1058/11372 2916/11373
f 1077/11374 1061/11375 1078/11376
f 1059/11377 1081/11378 1080/11379
f 1057/11380 1074/11381 1060/11382
f 1080/11383 1062/11384 1059/11385
f 1074/11386 1057/11387 1113/11388
f 1966/11389 1964/11390 1960/11391
f 1059/11392 1047/11393 1058/11394
f 1066/11395 1052/11396 804/11397
f 1053/11398 1052/11399 1066/11400
f 1053/11401 1066/11402 1042/11403
f 1062/11404 1050/11405 1047/11406
f 1050/11407 1062/11408 1049/11409
f 1047/11410 1050/11411 1042/11412
f 1060/11413 1056/11414 1055/11415
f 1053/11416 1042/11417 1050/11418
f 1060/11419 1078/11420 1057/11421
f 1078/11422 1060/11423 1055/11424
f 1054/11425 1052/11426 1053/11427
f 1053/11428 1051/11429 1054/11430
f 1051/11431 1050/11432 1048/11433
f 1077/11434 1054/11435 1051/11436
f 1053/11437 1050/11438 1051/11439
f 1050/11440 1049/11441 1048/11442
f 1077/11443 1052/11444 1054/11445
f 1052/11446 1078/11447 1055/11448
f 1078/11449 1052/11450 1077/11451
f 1077/11452 1051/11453 1048/11454
f 1049/11455 1079/11456 1048/11457
f 1055/11458 1056/11459 1052/11460
f 1059/11461 1058/11462 1081/11463
f 1040/11464 1041/11465 1058/11466
f 1059/11467 1062/11468 1047/11469
f 1061/11470 1072/11471 1078/11472
f 1058/11473 1047/11474 1040/11475
f 1058/11476 1041/11477 2908/11478
f 1044/11479 1064/11480 1045/11481
f 1065/11482 1045/11483 1063/11484
f 1046/11485 1071/11486 1044/11487
f 1064/11488 1063/11489 1045/11490
f 1045/11491 1065/11492 1076/11493
f 1076/11494 1061/11495 1077/11496
f 1043/11497 802/11498 803/11499
f 804/11500 805/11501 1066/11502
f 1044/11503 1045/11504 1046/11505
f 1045/11506 1076/11507 1075/11508
f 1045/11509 1075/11510 1046/11511
f 1042/11512 805/11513 802/11514
f 2908/11515 1041/11516 1043/11517
f 1042/11518 1066/11519 805/11520
f 1040/11521 802/11522 1041/11523
f 802/11524 1043/11525 1041/11526
f 1047/11527 1042/11528 1040/11529
f 802/11530 1040/11531 1042/11532
f 1086/11533 1375/11534 1376/11535
f 1038/11536 1024/11537 958/11538
f 1029/11539 1039/11540 909/11541
f 920/11542 947/11543 958/11544
f 1036/11545 1035/11546 1034/11547
f 958/11548 1024/11549 1025/11550
f 2085/11551 1035/11552 1036/11553
f 2126/11554 1527/11555 2093/11556
f 967/11557 1034/11558 1035/11559
f 1019/11560 1036/11561 1034/11562
f 1014/11563 1019/11564 1034/11565
f 957/11566 1034/11567 966/11568
f 947/11569 1038/11570 958/11571
f 1032/11572 1468/11573 1028/11574
f 1468/11575 1471/11576 1028/11577
f 1031/11578 1016/11579 1028/11580
f 1039/11581 1029/11582 981/11583
f 1038/11584 947/11585 1039/11586
f 2044/11587 2050/11588 2009/11589
f 2041/11590 2001/11591 2054/11592
f 2004/11593 2017/11594 2053/11595
f 2008/11596 2041/11597 2054/11598
f 2006/11599 2007/11600 2002/11601
f 2044/11602 2051/11603 2050/11604
f 2007/11605 2008/11606 2002/11607
f 2007/11608 2049/11609 2008/11610
f 2012/11611 2063/11612 2013/11613
f 2095/11614 2135/11615 2063/11616
f 2063/11617 2135/11618 2044/11619
f 2011/11620 2013/11621 2010/11622
f 2044/11623 2010/11624 2063/11625
f 2063/11626 2010/11627 2013/11628
f 2009/11629 2021/11630 2011/11631
f 2017/11632 2021/11633 2053/11634
f 2289/11635 2288/11636 2287/11637
f 2010/11638 2044/11639 2009/11640
f 2010/11641 2009/11642 2011/11643
f 2022/11644 2011/11645 2021/11646
f 2012/11647 2013/11648 2014/11649
f 2012/11650 2014/11651 2028/11652
f 2020/11653 2034/11654 2025/11655
f 2004/11656 2053/11657 2052/11658
f 2028/11659 2011/11660 2022/11661
f 2013/11662 2028/11663 2014/11664
f 2025/11665 2024/11666 2020/11667
f 2013/11668 2011/11669 2028/11670
f 2002/11671 2009/11672 2050/11673
f 2017/11674 2015/11675 2021/11676
f 2015/11677 2016/11678 2018/11679
f 2018/11680 2021/11681 2015/11682
f 2016/11683 2019/11684 2023/11685
f 2030/11686 2021/11687 2018/11688
f 2020/11689 2024/11690 2027/11691
f 2033/11692 2020/11693 2027/11694
f 2021/11695 2030/11696 2022/11697
f 2018/11698 2031/11699 2033/11700
f 2018/11701 2016/11702 2031/11703
f 2306/11704 647/11705 2492/11706
f 2031/11707 2016/11708 2023/11709
f 2031/11710 2023/11711 2047/11712
f 2023/11713 2019/11714 1950/11715
f 3046/11716 2001/11717 2041/11718
f 2104/11719 2026/11720 2110/11721
f 2035/11722 2110/11723 2026/11724
f 2104/11725 2024/11726 2025/11727
f 2132/11728 2110/11729 1529/11730
f 2035/11731 2026/11732 2034/11733
f 2026/11734 2104/11735 2025/11736
f 2045/11737 2050/11738 2051/11739
f 2047/11740 14/11741 15/11742
f 2045/11743 2051/11744 2043/11745
f 3046/11746 2041/11747 2198/11748
f 2001/11749 3046/11750 1965/11751
f 2034/11752 2026/11753 2025/11754
f 2110/11755 2038/11756 2029/11757
f 2110/11758 2035/11759 2038/11760
f 2022/11761 2027/11762 2028/11763
f 2030/11764 2033/11765 2027/11766
f 2030/11767 2027/11768 2022/11769
f 1529/11770 2110/11771 2029/11772
f 2033/11773 2034/11774 2020/11775
f 2024/11776 2028/11777 2027/11778
f 2036/11779 2038/11780 2035/11781
f 2033/11782 2030/11783 2018/11784
f 2033/11785 2036/11786 2034/11787
f 2038/11788 2036/11789 2040/11790
f 647/11791 2457/11792 2492/11793
f 2031/11794 15/11795 2033/11796
f 2313/11797 647/11798 2306/11799
f 2036/11800 15/11801 2040/11802
f 15/11803 2036/11804 2033/11805
f 2035/11806 2034/11807 2036/11808
f 2042/11809 2457/11810 647/11811
f 15/11812 2031/11813 2047/11814
f 647/11815 2037/11816 2042/11817
f 2042/11818 2284/11819 2458/11820
f 2041/11821 2008/11822 2049/11823
f 1961/11824 2047/11825 2023/11826
f 2002/11827 2050/11828 2045/11829
f 2029/11830 2038/11831 2039/11832
f 987/11833 2068/11834 2058/11835
f 2073/11836 1543/11837 2289/11838
f 2069/11839 987/11840 2058/11841
f 2040/11842 2039/11843 2038/11844
f 1965/11845 3046/11846 2245/11847
f 2051/11848 2044/11849 2135/11850
f 3046/11851 2198/11852 2213/11853
f 17/11854 2047/11855 1961/11856
f 2041/11857 2049/11858 2198/11859
f 2058/11860 970/11861 2062/11862
f 2193/11863 2048/11864 2055/11865
f 2048/11866 2007/11867 2055/11868
f 2048/11869 2049/11870 2007/11871
f 2048/11872 2212/11873 2049/11874
f 2023/11875 1950/11876 1961/11877
f 2198/11878 2049/11879 2212/11880
f 2135/11881 2057/11882 2051/11883
f 556/11884 887/11885 2032/11886
f 2043/11887 2051/11888 2057/11889
f 2054/11890 2052/11891 2002/11892
f 2002/11893 2052/11894 2053/11895
f 2055/11896 2043/11897 2057/11898
f 2001/11899 2052/11900 2054/11901
f 2061/11902 2193/11903 2055/11904
f 2073/11905 2285/11906 1543/11907
f 2005/11908 2045/11909 2043/11910
f 2128/11911 2193/11912 2061/11913
f 2245/11914 3046/11915 2213/11916
f 2138/11917 2202/11918 2137/11919
f 2088/11920 1020/11921 2083/11922
f 3055/11923 2079/11924 2084/11925
f 2083/11926 1020/11927 3055/11928
f 2068/11929 986/11930 2058/11931
f 965/11932 10/11933 969/11934
f 2062/11935 10/11936 965/11937
f 1543/11938 2072/11939 2434/11940
f 2124/11941 2096/11942 2056/11943
f 2135/11944 2095/11945 2124/11946
f 2124/11947 2056/11948 2066/11949
f 578/11950 1577/11951 876/11952
f 1537/11953 1543/11954 2070/11955
f 965/11956 2059/11957 2062/11958
f 2124/11959 2066/11960 2135/11961
f 2061/11962 2055/11963 2057/11964
f 2056/11965 2065/11966 2060/11967
f 2060/11968 2065/11969 2071/11970
f 2061/11971 2057/11972 2122/11973
f 2062/11974 2060/11975 2058/11976
f 2060/11977 2062/11978 2059/11979
f 2058/11980 2060/11981 2071/11982
f 2064/11983 2069/11984 2071/11985
f 2067/11986 2082/11987 2064/11988
f 2059/11989 2105/11990 2056/11991
f 2074/11992 2069/11993 2064/11994
f 2067/11995 2064/11996 2065/11997
f 2064/11998 2082/11999 2074/12000
f 2123/12001 2078/12002 2100/12003
f 2078/12004 2097/12005 2100/12006
f 2058/12007 2071/12008 2069/12009
f 2065/12010 2064/12011 2071/12012
f 2135/12013 2066/12014 2122/12015
f 2097/12016 2082/12017 2067/12018
f 2085/12019 2059/12020 965/12021
f 2074/12022 987/12023 2069/12024
f 2123/12025 2076/12026 2078/12027
f 2285/12028 2073/12029 2070/12030
f 2434/12031 2433/12032 1543/12033
f 2123/12034 2077/12035 2076/12036
f 2078/12037 2081/12038 2082/12039
f 2097/12040 2078/12041 2082/12042
f 647/12043 2313/12044 598/12045
f 2100/12046 2101/12047 2077/12048
f 2074/12049 2080/12050 987/12051
f 2081/12052 2084/12053 2079/12054
f 2081/12055 2078/12056 2076/12057
f 863/12058 790/12059 859/12060
f 2085/12061 2105/12062 2059/12063
f 2076/12064 2077/12065 2091/12066
f 2288/12067 1543/12068 2449/12069
f 2085/12070 965/12071 1035/12072
f 2135/12073 2122/12074 2057/12075
f 2087/12076 2077/12077 2101/12078
f 2087/12079 2090/12080 2077/12081
f 2074/12082 2079/12083 2080/12084
f 2075/12085 2066/12086 2056/12087
f 2081/12088 2083/12089 2084/12090
f 2074/12091 2081/12092 2079/12093
f 2086/12094 2081/12095 2076/12096
f 2079/12097 3055/12098 2080/12099
f 2081/12100 2074/12101 2082/12102
f 2081/12103 2086/12104 2083/12105
f 2084/12106 2083/12107 3055/12108
f 2090/12109 2091/12110 2077/12111
f 2088/12112 2086/12113 2076/12114
f 2075/12115 2122/12116 2066/12117
f 2091/12118 2088/12119 2076/12120
f 2089/12121 2090/12122 2087/12123
f 2089/12124 2115/12125 2092/12126
f 2088/12127 2083/12128 2086/12129
f 2088/12130 2091/12131 2089/12132
f 2089/12133 2087/12134 2115/12135
f 2093/12136 2088/12137 2089/12138
f 2092/12139 2093/12140 2089/12141
f 2090/12142 2089/12143 2091/12144
f 2056/12145 2105/12146 2075/12147
f 2130/12148 2085/12149 1027/12150
f 2126/12151 2093/12152 2092/12153
f 2098/12154 2094/12155 2096/12156
f 2056/12157 2096/12158 2065/12159
f 2065/12160 2096/12161 2094/12162
f 2065/12163 2094/12164 2067/12165
f 2098/12166 2096/12167 2124/12168
f 2124/12169 2095/12170 2098/12171
f 2104/12172 2098/12173 2095/12174
f 2094/12175 2098/12176 2097/12177
f 2063/12178 2104/12179 2095/12180
f 2098/12181 2099/12182 2097/12183
f 2067/12184 2094/12185 2097/12186
f 2102/12187 2101/12188 2099/12189
f 2101/12190 2100/12191 2099/12192
f 2099/12193 2100/12194 2097/12195
f 2103/12196 2101/12197 2102/12198
f 2098/12199 2102/12200 2099/12201
f 2106/12202 2107/12203 2109/12204
f 2075/12205 2105/12206 2111/12207
f 2101/12208 2103/12209 2087/12210
f 2063/12211 2012/12212 2104/12213
f 2110/12214 2132/12215 2112/12216
f 2102/12217 2106/12218 2103/12219
f 2075/12220 2111/12221 2122/12222
f 887/12223 556/12224 865/12225
f 2102/12226 2098/12227 2106/12228
f 2105/12229 2085/12230 2130/12231
f 2106/12232 2109/12233 2108/12234
f 2109/12235 2117/12236 2114/12237
f 2103/12238 2106/12239 2108/12240
f 2103/12241 2114/12242 2113/12243
f 2107/12244 2106/12245 2098/12246
f 2107/12247 2098/12248 2110/12249
f 2108/12250 2109/12251 2114/12252
f 2110/12253 2112/12254 2107/12255
f 2130/12256 1027/12257 983/12258
f 2110/12259 2098/12260 2104/12261
f 2116/12262 2107/12263 2112/12264
f 2129/12265 2105/12266 2130/12267
f 2012/12268 2024/12269 2104/12270
f 2116/12271 2117/12272 2109/12273
f 2114/12274 2103/12275 2108/12276
f 2117/12277 2113/12278 2114/12279
f 2107/12280 2116/12281 2109/12282
f 2118/12283 2115/12284 2117/12285
f 2113/12286 2115/12287 2103/12288
f 2115/12289 2087/12290 2103/12291
f 2119/12292 2136/12293 2133/12294
f 2116/12295 2119/12296 2133/12297
f 2117/12298 2116/12299 2133/12300
f 2112/12301 2119/12302 2116/12303
f 2092/12304 2115/12305 2118/12306
f 2113/12307 2117/12308 2115/12309
f 2133/12310 2118/12311 2117/12312
f 2119/12313 2120/12314 2136/12315
f 2132/12316 2119/12317 2112/12318
f 2121/12319 2133/12320 2136/12321
f 2092/12322 2118/12323 2125/12324
f 1474/12325 2121/12326 2136/12327
f 2142/12328 2061/12329 2122/12330
f 2142/12331 2122/12332 2111/12333
f 2100/12334 2077/12335 2123/12336
f 2225/12337 2061/12338 2142/12339
f 2125/12340 1479/12341 2092/12342
f 2128/12343 2061/12344 2143/12345
f 2127/12346 2144/12347 2142/12348
f 2134/12349 2127/12350 2142/12351
f 2127/12352 2134/12353 2129/12354
f 967/12355 965/12356 969/12357
f 2225/12358 2143/12359 2061/12360
f 2111/12361 2134/12362 2142/12363
f 1023/12364 2130/12365 983/12366
f 2130/12367 1023/12368 2131/12369
f 2130/12370 2139/12371 2129/12372
f 2130/12373 2131/12374 2139/12375
f 2121/12376 2125/12377 2133/12378
f 1529/12379 2119/12380 2132/12381
f 2127/12382 2129/12383 2137/12384
f 2137/12385 2129/12386 2139/12387
f 2133/12388 2125/12389 2118/12390
f 2105/12391 2134/12392 2111/12393
f 2129/12394 2134/12395 2105/12396
f 2131/12397 2140/12398 2139/12399
f 2120/12400 1482/12401 2136/12402
f 2136/12403 1482/12404 1474/12405
f 1023/12406 2140/12407 2131/12408
f 2140/12409 2141/12410 2139/12411
f 2138/12412 2137/12413 2139/12414
f 2139/12415 2202/12416 2138/12417
f 2140/12418 1037/12419 2141/12420
f 2140/12421 1023/12422 1037/12423
f 2127/12424 2137/12425 2144/12426
f 2225/12427 2142/12428 2144/12429
f 2056/12430 2060/12431 2059/12432
f 2141/12433 2202/12434 2139/12435
f 2223/12436 2225/12437 2144/12438
f 2251/12439 2571/12440 2219/12441
f 1135/12442 2258/12443 1213/12444
f 1135/12445 11/12446 2258/12447
f 2150/12448 1143/12449 2409/12450
f 2258/12451 2150/12452 2409/12453
f 2152/12454 2218/12455 2146/12456
f 2146/12457 2217/12458 2145/12459
f 2151/12460 2167/12461 2215/12462
f 2146/12463 2147/12464 2231/12465
f 2167/12466 2151/12467 2170/12468
f 2146/12469 2145/12470 2147/12471
f 2147/12472 2145/12473 2176/12474
f 2149/12475 2211/12476 2148/12477
f 2147/12478 2176/12479 2231/12480
f 2200/12481 2161/12482 2162/12483
f 2145/12484 2179/12485 2181/12486
f 2145/12487 2149/12488 2179/12489
f 2199/12490 2257/12491 2216/12492
f 2569/12493 2154/12494 2201/12495
f 2241/12496 2151/12497 2215/12498
f 2257/12499 2164/12500 2165/12501
f 2153/12502 11/12503 2155/12504
f 2258/12505 11/12506 2150/12507
f 2165/12508 2201/12509 2257/12510
f 2257/12511 2201/12512 2154/12513
f 11/12514 2153/12515 2150/12516
f 2256/12517 2569/12518 2214/12519
f 2164/12520 2257/12521 2199/12522
f 2155/12523 2167/12524 2169/12525
f 2159/12526 2175/12527 2160/12528
f 2157/12529 2153/12530 2155/12531
f 2155/12532 2169/12533 2156/12534
f 2156/12535 2158/12536 2157/12537
f 2156/12538 2159/12539 2158/12540
f 2156/12541 2157/12542 2155/12543
f 2171/12544 2156/12545 2169/12546
f 2156/12547 2175/12548 2159/12549
f 2161/12550 1159/12551 2153/12552
f 2156/12553 2171/12554 2175/12555
f 2157/12556 2158/12557 2153/12558
f 790/12559 863/12560 776/12561
f 2159/12562 2200/12563 2158/12564
f 776/12565 863/12566 2778/12567
f 2160/12568 2177/12569 2185/12570
f 2160/12571 2185/12572 2159/12573
f 2214/12574 2254/12575 2256/12576
f 2214/12577 2238/12578 2254/12579
f 2161/12580 2153/12581 2162/12582
f 2152/12583 2151/12584 2241/12585
f 2235/12586 2234/12587 2233/12588
f 2199/12589 2233/12590 2165/12591
f 2234/12592 2165/12593 2233/12594
f 2162/12595 2153/12596 2158/12597
f 2163/12598 2200/12599 2159/12600
f 2999/12601 773/12602 3000/12603
f 2158/12604 2200/12605 2162/12606
f 2224/12607 2199/12608 2203/12609
f 2234/12610 2201/12611 2165/12612
f 2254/12613 2238/12614 2431/12615
f 2159/12616 2185/12617 2206/12618
f 2237/12619 2201/12620 2234/12621
f 2199/12622 2165/12623 2164/12624
f 2159/12625 2206/12626 2163/12627
f 2199/12628 2222/12629 2233/12630
f 2206/12631 2185/12632 2166/12633
f 2161/12634 2200/12635 905/12636
f 2188/12637 2166/12638 2185/12639
f 2166/12640 2204/12641 2206/12642
f 2201/12643 2237/12644 2569/12645
f 2231/12646 2170/12647 2146/12648
f 2203/12649 2218/12650 2240/12651
f 2170/12652 2174/12653 2173/12654
f 2169/12655 2167/12656 2168/12657
f 2169/12658 2173/12659 2171/12660
f 2167/12661 2170/12662 2168/12663
f 2173/12664 2174/12665 2172/12666
f 2170/12667 2231/12668 2174/12669
f 2170/12670 2173/12671 2168/12672
f 2175/12673 2177/12674 2160/12675
f 2177/12676 2175/12677 2178/12678
f 2168/12679 2173/12680 2169/12681
f 2231/12682 2176/12683 2174/12684
f 2172/12685 3045/12686 2175/12687
f 2171/12688 2172/12689 2175/12690
f 2175/12691 3045/12692 2178/12693
f 2174/12694 2176/12695 2189/12696
f 3045/12697 2172/12698 2174/12699
f 2174/12700 2189/12701 2186/12702
f 2171/12703 2173/12704 2172/12705
f 2176/12706 2181/12707 2190/12708
f 2177/12709 2178/12710 2185/12711
f 2176/12712 2145/12713 2181/12714
f 2182/12715 2179/12716 2194/12717
f 1005/12718 2196/12719 1989/12720
f 2249/12721 1989/12722 2196/12723
f 2179/12724 2182/12725 2181/12726
f 2180/12727 2196/12728 2194/12729
f 2196/12730 2180/12731 2249/12732
f 2194/12733 2179/12734 2180/12735
f 2183/12736 2176/12737 2190/12738
f 2189/12739 2176/12740 2183/12741
f 2183/12742 2187/12743 2189/12744
f 2190/12745 2184/12746 2192/12747
f 2186/12748 3045/12749 2174/12750
f 2178/12751 2186/12752 2210/12753
f 2184/12754 2193/12755 2192/12756
f 2188/12757 2185/12758 2178/12759
f 2178/12760 2210/12761 2188/12762
f 2210/12763 2186/12764 2189/12765
f 2207/12766 2192/12767 2128/12768
f 2207/12769 2189/12770 2187/12771
f 2189/12772 2208/12773 2210/12774
f 2192/12775 2183/12776 2190/12777
f 2208/12778 2189/12779 2207/12780
f 2192/12781 2207/12782 2183/12783
f 3045/12784 2186/12785 2178/12786
f 2183/12787 2207/12788 2187/12789
f 2128/12790 2191/12791 2207/12792
f 2184/12793 2195/12794 2193/12795
f 2192/12796 2193/12797 2128/12798
f 2209/12799 2207/12800 2191/12801
f 2181/12802 2182/12803 2184/12804
f 2194/12805 2195/12806 2182/12807
f 2184/12808 2190/12809 2181/12810
f 2195/12811 2184/12812 2182/12813
f 2195/12814 2194/12815 2197/12816
f 2213/12817 2198/12818 2196/12819
f 2198/12820 2194/12821 2196/12822
f 1005/12823 2246/12824 2196/12825
f 2197/12826 2198/12827 2212/12828
f 2197/12829 2194/12830 2198/12831
f 2212/12832 2195/12833 2197/12834
f 2193/12835 2195/12836 2048/12837
f 2245/12838 2213/12839 2246/12840
f 2213/12841 2196/12842 2246/12843
f 2146/12844 2170/12845 2151/12846
f 2200/12847 2141/12848 1037/12849
f 2218/12850 2203/12851 2199/12852
f 2200/12853 2163/12854 2141/12855
f 2163/12856 2206/12857 2202/12858
f 2202/12859 2141/12860 2163/12861
f 2204/12862 2205/12863 2206/12864
f 2205/12865 2202/12866 2206/12867
f 2572/12868 2203/12869 2240/12870
f 2137/12871 2202/12872 2205/12873
f 2572/12874 2242/12875 2203/12876
f 2230/12877 2227/12878 2149/12879
f 2155/12880 2215/12881 2167/12882
f 2227/12883 2256/12884 2254/12885
f 11/12886 2215/12887 2155/12888
f 2210/12889 2208/12890 2223/12891
f 2257/12892 2232/12893 2216/12894
f 2215/12895 11/12896 2220/12897
f 2146/12898 2151/12899 2152/12900
f 2207/12901 2209/12902 2208/12903
f 2166/12904 2188/12905 2210/12906
f 2166/12907 2210/12908 2223/12909
f 2166/12910 2223/12911 2144/12912
f 2205/12913 2166/12914 2144/12915
f 2209/12916 2223/12917 2208/12918
f 2137/12919 2205/12920 2144/12921
f 2205/12922 2204/12923 2166/12924
f 2223/12925 2209/12926 2143/12927
f 2227/12928 2230/12929 2256/12930
f 2154/12931 2256/12932 2230/12933
f 2211/12934 2232/12935 2229/12936
f 2211/12937 2229/12938 2230/12939
f 2195/12940 2212/12941 2048/12942
f 2148/12943 2230/12944 2149/12945
f 2230/12946 2229/12947 2154/12948
f 2145/12949 2211/12950 2149/12951
f 2145/12952 2216/12953 2211/12954
f 2227/12955 2249/12956 2180/12957
f 2229/12958 2232/12959 2257/12960
f 2211/12961 2216/12962 2232/12963
f 2257/12964 2154/12965 2229/12966
f 2230/12967 2148/12968 2211/12969
f 2215/12970 2220/12971 2248/12972
f 2248/12973 2221/12974 2215/12975
f 2218/12976 2199/12977 2216/12978
f 2219/12979 2248/12980 2220/12981
f 2216/12982 2145/12983 2217/12984
f 2216/12985 2217/12986 2218/12987
f 2224/12988 2222/12989 2199/12990
f 2249/12991 2227/12992 2254/12993
f 2218/12994 2217/12995 2146/12996
f 1157/12997 2219/12998 2220/12999
f 1157/13000 2250/13001 2219/13002
f 2614/13003 2324/13004 2238/13005
f 2239/13006 2226/13007 2566/13008
f 2566/13009 2572/13010 2239/13011
f 2235/13012 2233/13013 2228/13014
f 2228/13015 2222/13016 2235/13017
f 2191/13018 2143/13019 2209/13020
f 2143/13021 2191/13022 2128/13023
f 2235/13024 2222/13025 2224/13026
f 2223/13027 2143/13028 2225/13029
f 2226/13030 2253/13031 2567/13032
f 2218/13033 2236/13034 2240/13035
f 2222/13036 2228/13037 2233/13038
f 2226/13039 2567/13040 2566/13041
f 2236/13042 2218/13043 2152/13044
f 2243/13045 2247/13046 2241/13047
f 2236/13048 2152/13049 2241/13050
f 1979/13051 2249/13052 2254/13053
f 2227/13054 2180/13055 2179/13056
f 2236/13057 2241/13058 2247/13059
f 2227/13060 2179/13061 2149/13062
f 2252/13063 2567/13064 2253/13065
f 2215/13066 2243/13067 2241/13068
f 2235/13069 2616/13070 2568/13071
f 2568/13072 2237/13073 2234/13074
f 2235/13075 2568/13076 2234/13077
f 2224/13078 2620/13079 2235/13080
f 2255/13081 2236/13082 2247/13083
f 2239/13084 2240/13085 2236/13086
f 2239/13087 2236/13088 2255/13089
f 2226/13090 2255/13091 2253/13092
f 2255/13093 2226/13094 2239/13095
f 2568/13096 2640/13097 2237/13098
f 2244/13099 2253/13100 2247/13101
f 2239/13102 2572/13103 2240/13104
f 2224/13105 2203/13106 2620/13107
f 2255/13108 2247/13109 2253/13110
f 2203/13111 2242/13112 2620/13113
f 2242/13114 2573/13115 2620/13116
f 2244/13117 2252/13118 2253/13119
f 2244/13120 2243/13121 2252/13122
f 2242/13123 2572/13124 2573/13125
f 2244/13126 2247/13127 2243/13128
f 2221/13129 2243/13130 2215/13131
f 2252/13132 2243/13133 2221/13134
f 2219/13135 2250/13136 2251/13137
f 2248/13138 2219/13139 2570/13140
f 2570/13141 2219/13142 2571/13143
f 2576/13144 2248/13145 2570/13146
f 2251/13147 2250/13148 1158/13149
f 2248/13150 2576/13151 2252/13152
f 2154/13153 2569/13154 2256/13155
f 2252/13156 2221/13157 2248/13158
f 2629/13159 2627/13160 2625/13161
f 2421/13162 2591/13163 2419/13164
f 2427/13165 2639/13166 2648/13167
f 2412/13168 2427/13169 2648/13170
f 2409/13171 2343/13172 2258/13173
f 1213/13174 2258/13175 2343/13176
f 2355/13177 636/13178 7/13179
f 2355/13180 2352/13181 636/13182
f 2352/13183 1815/13184 636/13185
f 2304/13186 2654/13187 2434/13188
f 3047/13189 2549/13190 3054/13191
f 2261/13192 2661/13193 2304/13194
f 2286/13195 2287/13196 2444/13197
f 2290/13198 2445/13199 2444/13200
f 1237/13201 2985/13202 2987/13203
f 2265/13204 2290/13205 2444/13206
f 2261/13207 2265/13208 2661/13209
f 2265/13210 2311/13211 2290/13212
f 2259/13213 2260/13214 2394/13215
f 2259/13216 2394/13217 2435/13218
f 2380/13219 2393/13220 2375/13221
f 2380/13222 2263/13223 2393/13224
f 2393/13225 2311/13226 2312/13227
f 2259/13228 2312/13229 2260/13230
f 2394/13231 2260/13232 2072/13233
f 2263/13234 2311/13235 2393/13236
f 2073/13237 2289/13238 2487/13239
f 2433/13240 2394/13241 2072/13242
f 2263/13243 2380/13244 2262/13245
f 2370/13246 2262/13247 2380/13248
f 2264/13249 2263/13250 2262/13251
f 2368/13252 2262/13253 2370/13254
f 648/13255 2333/13256 2268/13257
f 2290/13258 2311/13259 2263/13260
f 689/13261 2996/13262 685/13263
f 2264/13264 2313/13265 2263/13266
f 2368/13267 2264/13268 2262/13269
f 2313/13270 2264/13271 2266/13272
f 2291/13273 2268/13274 2298/13275
f 2266/13276 2264/13277 643/13278
f 648/13279 2268/13280 2277/13281
f 2275/13282 2280/13283 2269/13284
f 2312/13285 2261/13286 2304/13287
f 2265/13288 2261/13289 2312/13290
f 2333/13291 2279/13292 2268/13293
f 2445/13294 2290/13295 2263/13296
f 2279/13297 2333/13298 2346/13299
f 2269/13300 2445/13301 2307/13302
f 2271/13303 2269/13304 2307/13305
f 2271/13306 2307/13307 2306/13308
f 2317/13309 2270/13310 2330/13311
f 2269/13312 2271/13313 2273/13314
f 2273/13315 2271/13316 2272/13317
f 2270/13318 2314/13319 2330/13320
f 2265/13321 2444/13322 2287/13323
f 2273/13324 2281/13325 2275/13326
f 2273/13327 2272/13328 2281/13329
f 2269/13330 2276/13331 2445/13332
f 2275/13333 2269/13334 2273/13335
f 2269/13336 2280/13337 2276/13338
f 2276/13339 2286/13340 2444/13341
f 2283/13342 2275/13343 2281/13344
f 2298/13345 2268/13346 2279/13347
f 2277/13348 2268/13349 2291/13350
f 2346/13351 2369/13352 2279/13353
f 2283/13354 2281/13355 2487/13356
f 2661/13357 2265/13358 2287/13359
f 2286/13360 2282/13361 2289/13362
f 2275/13363 2282/13364 2280/13365
f 2283/13366 2282/13367 2275/13368
f 2458/13369 2284/13370 2278/13371
f 2282/13372 2286/13373 2280/13374
f 2286/13375 2289/13376 2287/13377
f 2283/13378 2487/13379 2282/13380
f 2504/13381 2487/13382 2457/13383
f 2457/13384 2042/13385 2458/13386
f 2276/13387 2444/13388 2445/13389
f 2285/13390 2433/13391 2072/13392
f 2483/13393 2665/13394 1537/13395
f 2263/13396 2313/13397 2445/13398
f 2276/13399 2280/13400 2286/13401
f 2661/13402 2287/13403 2288/13404
f 2658/13405 2425/13406 2426/13407
f 2307/13408 2445/13409 2313/13410
f 2296/13411 2292/13412 2295/13413
f 2306/13414 2307/13415 2313/13416
f 2267/13417 2291/13418 2294/13419
f 652/13420 2296/13421 2314/13422
f 2296/13423 652/13424 2292/13425
f 2267/13426 2294/13427 2295/13428
f 2294/13429 2296/13430 2295/13431
f 2296/13432 2367/13433 2314/13434
f 2658/13435 2426/13436 2437/13437
f 2270/13438 2293/13439 2314/13440
f 2565/13441 2665/13442 2683/13443
f 2297/13444 2296/13445 2294/13446
f 2298/13447 2305/13448 2297/13449
f 2425/13450 2428/13451 2426/13452
f 2308/13453 2299/13454 2297/13455
f 2299/13456 2308/13457 2367/13458
f 2367/13459 2297/13460 2299/13461
f 2305/13462 2308/13463 2297/13464
f 2298/13465 2294/13466 2291/13467
f 2305/13468 2298/13469 2279/13470
f 2503/13471 2683/13472 2665/13473
f 1173/13474 1815/13475 2419/13476
f 2265/13477 2312/13478 2311/13479
f 2279/13480 2369/13481 2305/13482
f 2305/13483 2369/13484 2373/13485
f 1815/13486 2415/13487 2419/13488
f 2305/13489 2310/13490 2308/13491
f 2645/13492 2610/13493 2640/13494
f 2367/13495 2309/13496 2314/13497
f 2297/13498 2294/13499 2298/13500
f 2297/13501 2367/13502 2296/13503
f 1134/13504 1173/13505 1181/13506
f 1173/13507 1134/13508 1815/13509
f 2408/13510 2366/13511 2303/13512
f 2367/13513 2308/13514 2309/13515
f 2309/13516 2330/13517 2314/13518
f 2308/13519 2310/13520 2309/13521
f 2321/13522 2320/13523 2319/13524
f 2310/13525 2386/13526 2983/13527
f 2330/13528 2309/13529 2423/13530
f 2607/13531 2319/13532 2320/13533
f 2983/13534 2309/13535 2310/13536
f 2312/13537 2304/13538 2260/13539
f 2072/13540 2260/13541 2434/13542
f 2305/13543 2373/13544 2310/13545
f 2373/13546 2386/13547 2310/13548
f 2983/13549 651/13550 2309/13551
f 2304/13552 2434/13553 2260/13554
f 2316/13555 2300/13556 2317/13557
f 2320/13558 2321/13559 2607/13560
f 2493/13561 2549/13562 2318/13563
f 2656/13564 2654/13565 2304/13566
f 2493/13567 2318/13568 2982/13569
f 2982/13570 2315/13571 2316/13572
f 3047/13573 2318/13574 2549/13575
f 2315/13576 2982/13577 3047/13578
f 2432/13579 2393/13580 2435/13581
f 2982/13582 2318/13583 3047/13584
f 2316/13585 2317/13586 2984/13587
f 2321/13588 2319/13589 2322/13590
f 2432/13591 2435/13592 2653/13593
f 2654/13594 2653/13595 2435/13596
f 2654/13597 2435/13598 2434/13599
f 2321/13600 2430/13601 2324/13602
f 2324/13603 2430/13604 2431/13605
f 2321/13606 2322/13607 2430/13608
f 2368/13609 2370/13610 2363/13611
f 2379/13612 2363/13613 2323/13614
f 2363/13615 2379/13616 2368/13617
f 2314/13618 2293/13619 652/13620
f 2324/13621 2431/13622 2238/13623
f 2328/13624 2354/13625 2325/13626
f 2329/13627 2352/13628 2355/13629
f 2361/13630 2362/13631 2264/13632
f 2327/13633 8/13634 603/13635
f 2327/13636 603/13637 2359/13638
f 2327/13639 2328/13640 2325/13641
f 2342/13642 2349/13643 2350/13644
f 2350/13645 2346/13646 2333/13647
f 2326/13648 2339/13649 2332/13650
f 2336/13651 2354/13652 2328/13653
f 2354/13654 2336/13655 2360/13656
f 2378/13657 2352/13658 2329/13659
f 2361/13660 1184/13661 2377/13662
f 2331/13663 596/13664 2334/13665
f 2334/13666 2351/13667 642/13668
f 2328/13669 2327/13670 2336/13671
f 2395/13672 2345/13673 2341/13674
f 2337/13675 2384/13676 2332/13677
f 2360/13678 2336/13679 2359/13680
f 2354/13681 2334/13682 596/13683
f 2351/13684 2340/13685 2341/13686
f 2341/13687 2340/13688 2447/13689
f 2349/13690 2342/13691 2345/13692
f 2369/13693 2348/13694 2372/13695
f 2345/13696 2348/13697 2349/13698
f 2353/13699 2385/13700 2447/13701
f 2346/13702 2350/13703 2349/13704
f 2357/13705 2385/13706 2347/13707
f 2334/13708 2354/13709 2360/13710
f 2406/13711 2344/13712 2347/13713
f 642/13714 2351/13715 2341/13716
f 2349/13717 2369/13718 2346/13719
f 2371/13720 2372/13721 2395/13722
f 2371/13723 2386/13724 2373/13725
f 2344/13726 2357/13727 2347/13728
f 2369/13729 2349/13730 2348/13731
f 2353/13732 2447/13733 2340/13734
f 2334/13735 2353/13736 2351/13737
f 2364/13738 2344/13739 2360/13740
f 2398/13741 2344/13742 2364/13743
f 2398/13744 2357/13745 2344/13746
f 604/13747 605/13748 603/13749
f 2334/13750 2360/13751 2344/13752
f 2398/13753 2364/13754 2397/13755
f 2398/13756 2389/13757 2357/13758
f 2365/13759 2364/13760 2424/13761
f 2359/13762 603/13763 608/13764
f 2362/13765 643/13766 2264/13767
f 2360/13768 2359/13769 2424/13770
f 2382/13771 2399/13772 2363/13773
f 2380/13774 2382/13775 2370/13776
f 2424/13777 2359/13778 608/13779
f 2370/13780 2382/13781 2363/13782
f 2361/13783 2264/13784 2368/13785
f 2428/13786 2323/13787 2363/13788
f 608/13789 634/13790 2424/13791
f 2424/13792 634/13793 2418/13794
f 2397/13795 2364/13796 2365/13797
f 2365/13798 2403/13799 2397/13800
f 2361/13801 2368/13802 1184/13803
f 2359/13804 2336/13805 2327/13806
f 2371/13807 2388/13808 2339/13809
f 2379/13810 1184/13811 2368/13812
f 2390/13813 2387/13814 2376/13815
f 2375/13816 2383/13817 2380/13818
f 2302/13819 2498/13820 2303/13821
f 2423/13822 651/13823 2381/13824
f 2302/13825 2366/13826 2301/13827
f 2366/13828 2302/13829 2303/13830
f 2369/13831 2372/13832 2373/13833
f 2387/13834 2390/13835 2408/13836
f 2312/13837 2259/13838 2393/13839
f 2395/13840 2376/13841 2388/13842
f 2389/13843 2398/13844 2397/13845
f 2441/13846 2366/13847 2374/13848
f 2372/13849 2348/13850 2395/13851
f 2384/13852 2387/13853 2335/13854
f 2392/13855 2387/13856 2381/13857
f 2393/13858 2442/13859 2396/13860
f 2376/13861 2387/13862 2337/13863
f 2381/13864 2387/13865 2408/13866
f 2385/13867 2374/13868 2447/13869
f 2366/13870 2408/13871 2390/13872
f 2396/13873 2442/13874 2400/13875
f 2400/13876 2442/13877 2448/13878
f 2378/13879 2329/13880 1194/13881
f 2984/13882 2408/13883 2303/13884
f 2378/13885 2379/13886 2323/13887
f 2424/13888 2418/13889 2365/13890
f 2383/13891 2382/13892 2380/13893
f 2423/13894 2381/13895 2984/13896
f 2404/13897 2389/13898 2397/13899
f 2376/13900 2337/13901 2388/13902
f 2389/13903 2385/13904 2357/13905
f 2400/13906 2383/13907 2396/13908
f 2383/13909 2399/13910 2382/13911
f 2390/13912 2447/13913 2374/13914
f 2387/13915 2392/13916 2335/13917
f 2441/13918 2374/13919 2389/13920
f 2396/13921 2383/13922 2375/13923
f 2376/13924 2447/13925 2390/13926
f 2374/13927 2385/13928 2389/13929
f 2337/13930 2332/13931 2388/13932
f 2388/13933 2332/13934 2339/13935
f 2374/13936 2366/13937 2390/13938
f 2386/13939 2371/13940 2391/13941
f 2388/13942 2371/13943 2395/13944
f 2389/13945 2404/13946 2441/13947
f 2384/13948 2337/13949 2387/13950
f 2436/13951 2442/13952 2393/13953
f 2394/13954 2433/13955 2435/13956
f 2447/13957 2376/13958 2395/13959
f 2396/13960 2375/13961 2393/13962
f 2392/13963 2295/13964 2335/13965
f 2345/13966 2395/13967 2348/13968
f 2365/13969 2402/13970 2403/13971
f 2381/13972 2408/13973 2984/13974
f 2399/13975 2383/13976 2400/13977
f 2440/13978 2399/13979 2400/13980
f 2405/13981 2403/13982 2401/13983
f 2424/13984 2364/13985 2360/13986
f 2353/13987 2406/13988 2347/13989
f 2402/13990 2401/13991 2403/13992
f 2401/13993 2402/13994 2407/13995
f 2405/13996 2401/13997 2407/13998
f 2353/13999 2347/14000 2385/14001
f 2405/14002 2404/14003 2403/14004
f 2406/14005 2334/14006 2344/14007
f 2366/14008 2441/14009 2301/14010
f 2341/14011 2447/14012 2395/14013
f 2405/14014 2411/14015 2404/14016
f 2397/14017 2403/14018 2404/14019
f 2301/14020 2441/14021 2420/14022
f 2420/14023 2404/14024 2411/14025
f 2407/14026 96/14027 2413/14028
f 2404/14029 2420/14030 2441/14031
f 2412/14032 2647/14033 2417/14034
f 2416/14035 2415/14036 2410/14037
f 2427/14038 2410/14039 2378/14040
f 2412/14041 2410/14042 2427/14043
f 2420/14044 2411/14045 2413/14046
f 2365/14047 2418/14048 2402/14049
f 2420/14050 2413/14051 2414/14052
f 2378/14053 2410/14054 2352/14055
f 627/14056 2402/14057 2418/14058
f 2416/14059 2410/14060 2412/14061
f 2416/14062 2412/14063 2417/14064
f 1815/14065 2352/14066 2415/14067
f 2417/14068 2415/14069 2416/14070
f 2422/14071 2415/14072 2417/14073
f 94/14074 2407/14075 2402/14076
f 650/14077 94/14078 2402/14079
f 2411/14080 2407/14081 2413/14082
f 2415/14083 2421/14084 2419/14085
f 2421/14086 2415/14087 2422/14088
f 2644/14089 2591/14090 2422/14091
f 650/14092 2402/14093 627/14094
f 2422/14095 2417/14096 2647/14097
f 2422/14098 2591/14099 2421/14100
f 2351/14101 2353/14102 2340/14103
f 2406/14104 2353/14105 2334/14106
f 2330/14107 2423/14108 2317/14109
f 2309/14110 651/14111 2423/14112
f 2428/14113 2658/14114 2429/14115
f 2405/14116 2407/14117 2411/14118
f 2428/14119 2425/14120 2658/14121
f 2426/14122 2363/14123 2437/14124
f 2426/14125 2428/14126 2363/14127
f 2633/14128 2432/14129 2653/14130
f 2643/14131 2427/14132 2323/14133
f 2643/14134 2323/14135 2428/14136
f 2438/14137 2643/14138 2429/14139
f 2427/14140 2643/14141 2641/14142
f 2427/14143 2641/14144 2642/14145
f 2438/14146 2629/14147 2643/14148
f 2629/14149 2641/14150 2643/14151
f 2638/14152 2437/14153 2363/14154
f 2643/14155 2428/14156 2429/14157
f 2378/14158 2323/14159 2427/14160
f 2430/14161 1979/14162 2431/14163
f 2436/14164 2393/14165 2432/14166
f 2633/14167 2436/14168 2432/14169
f 2259/14170 2435/14171 2393/14172
f 2435/14173 2433/14174 2434/14175
f 2363/14176 2399/14177 2440/14178
f 2633/14179 2443/14180 2436/14181
f 2436/14182 2443/14183 2442/14184
f 2638/14185 2363/14186 2440/14187
f 565/14188 578/14189 564/14190
f 2429/14191 2439/14192 2438/14193
f 558/14194 578/14195 876/14196
f 2438/14197 2439/14198 2629/14199
f 2429/14200 2663/14201 2439/14202
f 2439/14203 2627/14204 2629/14205
f 2663/14206 2627/14207 2439/14208
f 2448/14209 2443/14210 2621/14211
f 578/14212 558/14213 564/14214
f 2440/14215 2446/14216 2638/14217
f 2440/14218 2400/14219 2446/14220
f 2442/14221 2443/14222 2448/14223
f 2633/14224 2619/14225 2443/14226
f 2446/14227 2645/14228 2638/14229
f 2446/14230 2448/14231 2645/14232
f 2610/14233 2645/14234 2448/14235
f 2400/14236 2448/14237 2446/14238
f 2538/14239 2480/14240 2555/14241
f 2666/14242 2500/14243 2688/14244
f 2514/14245 2510/14246 2466/14247
f 2466/14248 2563/14249 2460/14250
f 2560/14251 2561/14252 2466/14253
f 2563/14254 2466/14255 2561/14256
f 2450/14257 2555/14258 2480/14259
f 2451/14260 2455/14261 2529/14262
f 2451/14263 2550/14264 2450/14265
f 2529/14266 2550/14267 2451/14268
f 2480/14269 2451/14270 2450/14271
f 2451/14272 2480/14273 2452/14274
f 2466/14275 2510/14276 2560/14277
f 558/14278 876/14279 865/14280
f 2480/14281 2697/14282 2452/14283
f 2455/14284 2451/14285 2452/14286
f 2564/14287 2462/14288 2501/14289
f 865/14290 876/14291 887/14292
f 2465/14293 2466/14294 2460/14295
f 559/14296 558/14297 560/14298
f 2032/14299 887/14300 881/14301
f 2453/14302 2471/14303 2462/14304
f 556/14305 560/14306 865/14307
f 1543/14308 2288/14309 2289/14310
f 560/14311 556/14312 583/14313
f 2457/14314 2454/14315 2486/14316
f 2482/14317 2486/14318 2454/14319
f 60/14320 2697/14321 2480/14322
f 2501/14323 2456/14324 2564/14325
f 2564/14326 2484/14327 2462/14328
f 2453/14329 2474/14330 2471/14331
f 2501/14332 2460/14333 2456/14334
f 2472/14335 2474/14336 2453/14337
f 2454/14338 2453/14339 2462/14340
f 2501/14341 2462/14342 2468/14343
f 2462/14344 2484/14345 2482/14346
f 2462/14347 2482/14348 2454/14349
f 2510/14350 2529/14351 2455/14352
f 2458/14353 2461/14354 2459/14355
f 2458/14356 2278/14357 2461/14358
f 2454/14359 2457/14360 2459/14361
f 2458/14362 2459/14363 2457/14364
f 2459/14365 2453/14366 2454/14367
f 2453/14368 2459/14369 2461/14370
f 2464/14371 2460/14372 2501/14373
f 2464/14374 2501/14375 2468/14376
f 2469/14377 2465/14378 2460/14379
f 2464/14380 2469/14381 2460/14382
f 2455/14383 2695/14384 2497/14385
f 2530/14386 2465/14387 2469/14388
f 2468/14389 2552/14390 2464/14391
f 2469/14392 2464/14393 2552/14394
f 541/14395 467/14396 506/14397
f 2513/14398 2466/14399 2463/14400
f 2473/14401 2453/14402 2461/14403
f 542/14404 1186/14405 1185/14406
f 2514/14407 2466/14408 2513/14409
f 542/14410 1193/14411 1186/14412
f 542/14413 541/14414 512/14415
f 542/14416 474/14417 1193/14418
f 2474/14419 2535/14420 2470/14421
f 2470/14422 2468/14423 2471/14424
f 2474/14425 2479/14426 2535/14427
f 2471/14428 2468/14429 2462/14430
f 2474/14431 2467/14432 2479/14433
f 2467/14434 2474/14435 2476/14436
f 2470/14437 2552/14438 2468/14439
f 2472/14440 2473/14441 2476/14442
f 2473/14443 2472/14444 2453/14445
f 2474/14446 2470/14447 2471/14448
f 2481/14449 2535/14450 2479/14451
f 2476/14452 2474/14453 2472/14454
f 2481/14455 2479/14456 2467/14457
f 2477/14458 3050/14459 2475/14460
f 2475/14461 2534/14462 2477/14463
f 2278/14464 2473/14465 2461/14466
f 2473/14467 2477/14468 2476/14469
f 2477/14470 2478/14471 2476/14472
f 2476/14473 2481/14474 2467/14475
f 2534/14476 2478/14477 2477/14478
f 2478/14479 2481/14480 2476/14481
f 2513/14482 2463/14483 2509/14484
f 2478/14485 2534/14486 2481/14487
f 3050/14488 2477/14489 2473/14490
f 3050/14491 2473/14492 2278/14493
f 2465/14494 2509/14495 2463/14496
f 2494/14497 2557/14498 2514/14499
f 2483/14500 2482/14501 2484/14502
f 2483/14503 2486/14504 2482/14505
f 2665/14506 2484/14507 2485/14508
f 2491/14509 2489/14510 2563/14511
f 2484/14512 2665/14513 2483/14514
f 2490/14515 2484/14516 2564/14517
f 1537/14518 2504/14519 2483/14520
f 2563/14521 2562/14522 2491/14523
f 2494/14524 2514/14525 2516/14526
f 2457/14527 2486/14528 2504/14529
f 2433/14530 2285/14531 2070/14532
f 2070/14533 2073/14534 2487/14535
f 2496/14536 2557/14537 2494/14538
f 2484/14539 2490/14540 2485/14541
f 2560/14542 2497/14543 2491/14544
f 2487/14545 2281/14546 2492/14547
f 2665/14548 2485/14549 2503/14550
f 2495/14551 2489/14552 2491/14553
f 2683/14554 2503/14555 2682/14556
f 2483/14557 2504/14558 2486/14559
f 2503/14560 2485/14561 2488/14562
f 2682/14563 2503/14564 2488/14565
f 2496/14566 2506/14567 2523/14568
f 2490/14569 2489/14570 2666/14571
f 2488/14572 2485/14573 2490/14574
f 2497/14575 2495/14576 2491/14577
f 2497/14578 2695/14579 2692/14580
f 2499/14581 506/14582 523/14583
f 2496/14584 2494/14585 2502/14586
f 2495/14587 2497/14588 2692/14589
f 2666/14590 2505/14591 2490/14592
f 2495/14593 2666/14594 2489/14595
f 2500/14596 2666/14597 2495/14598
f 2490/14599 2505/14600 2488/14601
f 2500/14602 2495/14603 2692/14604
f 2505/14605 2682/14606 2488/14607
f 2487/14608 2289/14609 2282/14610
f 2498/14611 2493/14612 2303/14613
f 2508/14614 2494/14615 2516/14616
f 2502/14617 2494/14618 2508/14619
f 2521/14620 2556/14621 2506/14622
f 2556/14623 2523/14624 2506/14625
f 2521/14626 2502/14627 2507/14628
f 2502/14629 2506/14630 2496/14631
f 2502/14632 2521/14633 2506/14634
f 2507/14635 2502/14636 2508/14637
f 2530/14638 2512/14639 2465/14640
f 2513/14641 2511/14642 2514/14643
f 2465/14644 2511/14645 2509/14646
f 2463/14647 2466/14648 2465/14649
f 2509/14650 2511/14651 2513/14652
f 2512/14653 2511/14654 2465/14655
f 2559/14656 2550/14657 2529/14658
f 2559/14659 2554/14660 2550/14661
f 2516/14662 2511/14663 2512/14664
f 2516/14665 2514/14666 2511/14667
f 2512/14668 2530/14669 2531/14670
f 2460/14671 2563/14672 2456/14673
f 2499/14674 523/14675 554/14676
f 2510/14677 2455/14678 2497/14679
f 2516/14680 2512/14681 2531/14682
f 506/14683 467/14684 523/14685
f 2557/14686 2529/14687 2510/14688
f 2497/14689 2560/14690 2510/14691
f 2515/14692 2555/14693 2517/14694
f 2558/14695 2517/14696 2550/14697
f 2515/14698 2519/14699 2555/14700
f 2520/14701 2496/14702 2553/14703
f 2551/14704 2519/14705 2520/14706
f 2557/14707 2515/14708 2558/14709
f 2371/14710 2373/14711 2372/14712
f 2515/14713 2557/14714 2496/14715
f 2551/14716 2525/14717 2519/14718
f 2540/14719 2536/14720 2537/14721
f 2553/14722 2522/14723 2520/14724
f 548/14725 541/14726 542/14727
f 2536/14728 3064/14729 2532/14730
f 2517/14731 2558/14732 2515/14733
f 2540/14734 2528/14735 2536/14736
f 2507/14737 3060/14738 3059/14739
f 3059/14740 3060/14741 2552/14742
f 3063/14743 3059/14744 3064/14745
f 2496/14746 2520/14747 2519/14748
f 2522/14749 3062/14750 2551/14751
f 2519/14752 2515/14753 2496/14754
f 2520/14755 2522/14756 2551/14757
f 3062/14758 79/14759 2995/14760
f 2525/14761 2518/14762 2538/14763
f 87/14764 79/14765 3062/14766
f 2553/14767 2496/14768 2523/14769
f 3062/14770 2527/14771 87/14772
f 2516/14773 3060/14774 2508/14775
f 2526/14776 2469/14777 2552/14778
f 2528/14779 3063/14780 2536/14781
f 2524/14782 2527/14783 3062/14784
f 2526/14785 2531/14786 2530/14787
f 2531/14788 2526/14789 2552/14790
f 3065/14791 87/14792 2527/14793
f 2540/14794 2524/14795 2528/14796
f 2530/14797 2469/14798 2526/14799
f 2532/14800 3064/14801 2535/14802
f 3064/14803 2470/14804 2535/14805
f 2534/14806 2535/14807 2481/14808
f 2531/14809 3060/14810 2516/14811
f 2532/14812 2535/14813 2536/14814
f 2531/14815 2552/14816 3060/14817
f 2535/14818 2537/14819 2536/14820
f 2535/14821 2534/14822 2537/14823
f 2557/14824 2559/14825 2529/14826
f 2540/14827 2537/14828 2544/14829
f 2475/14830 3058/14831 2534/14832
f 2475/14833 2541/14834 3058/14835
f 2545/14836 2475/14837 3050/14838
f 2545/14839 2541/14840 2475/14841
f 2541/14842 2539/14843 3058/14844
f 2545/14845 3050/14846 3048/14847
f 2540/14848 3065/14849 2524/14850
f 3065/14851 2540/14852 3066/14853
f 2538/14854 2555/14855 2525/14856
f 2544/14857 3066/14858 2540/14859
f 2539/14860 2542/14861 3058/14862
f 651/14863 2392/14864 2381/14865
f 2539/14866 2543/14867 2542/14868
f 541/14869 548/14870 467/14871
f 542/14872 512/14873 474/14874
f 2547/14875 3052/14876 2548/14877
f 2546/14878 3052/14879 2547/14880
f 2541/14881 2545/14882 2547/14883
f 2547/14884 2539/14885 2541/14886
f 2542/14887 2543/14888 3057/14889
f 2548/14890 3057/14891 2543/14892
f 2547/14893 2543/14894 2539/14895
f 2547/14896 2545/14897 2546/14898
f 2546/14899 2545/14900 3051/14901
f 2545/14902 3054/14903 3051/14904
f 3057/14905 3054/14906 3053/14907
f 3052/14908 2546/14909 3051/14910
f 2510/14911 2514/14912 2557/14913
f 2548/14914 2543/14915 2547/14916
f 2550/14917 2554/14918 2558/14919
f 2554/14920 2559/14921 2558/14922
f 2498/14923 2302/14924 2533/14925
f 2551/14926 2518/14927 2525/14928
f 2517/14929 2450/14930 2550/14931
f 2556/14932 2521/14933 2523/14934
f 2559/14935 2557/14936 2558/14937
f 2491/14938 2562/14939 2560/14940
f 2562/14941 2563/14942 2561/14943
f 2525/14944 2555/14945 2519/14946
f 2534/14947 3058/14948 2544/14949
f 2537/14950 2534/14951 2544/14952
f 2561/14953 2560/14954 2562/14955
f 2489/14956 2490/14957 2564/14958
f 2450/14959 2517/14960 2555/14961
f 2564/14962 2563/14963 2489/14964
f 2564/14965 2456/14966 2563/14967
f 2606/14968 2319/14969 2607/14970
f 2595/14971 2683/14972 2682/14973
f 2580/14974 2565/14975 2584/14976
f 2449/14977 2565/14978 2580/14979
f 2640/14980 2568/14981 2616/14982
f 2566/14983 2567/14984 2613/14985
f 2567/14986 2252/14987 2613/14988
f 433/14989 513/14990 434/14991
f 2214/14992 2569/14993 2640/14994
f 2214/14995 2624/14996 2238/14997
f 2640/14998 2569/14999 2237/15000
f 2624/15001 2214/15002 2640/15003
f 580/15004 582/15005 499/15006
f 2575/15007 2574/15008 2571/15009
f 2576/15010 2570/15011 2571/15012
f 2615/15013 2623/15014 2604/15015
f 2575/15016 2571/15017 2251/15018
f 1158/15019 2575/15020 2251/15021
f 1158/15022 2574/15023 2575/15024
f 2566/15025 2573/15026 2572/15027
f 2588/15028 2576/15029 2571/15030
f 2614/15031 2238/15032 2624/15033
f 2588/15034 2647/15035 2576/15036
f 2660/15037 2659/15038 2581/15039
f 2588/15040 2571/15041 2574/15042
f 2288/15043 2449/15044 2581/15045
f 2288/15046 2581/15047 2661/15048
f 2581/15049 2449/15050 2577/15051
f 2581/15052 2659/15053 2661/15054
f 2577/15055 2578/15056 2582/15057
f 2449/15058 2580/15059 2577/15060
f 2577/15061 2580/15062 2578/15063
f 2660/15064 2581/15065 2582/15066
f 2579/15067 2634/15068 2649/15069
f 2584/15070 2583/15071 2578/15072
f 2649/15073 2660/15074 2579/15075
f 2578/15076 2580/15077 2584/15078
f 2582/15079 2581/15080 2577/15081
f 2588/15082 2574/15083 2590/15084
f 2660/15085 2582/15086 2579/15087
f 2565/15088 2585/15089 2584/15090
f 2586/15091 2579/15092 2583/15093
f 2574/15094 1163/15095 2590/15096
f 2585/15097 2583/15098 2584/15099
f 2579/15100 2582/15101 2583/15102
f 2583/15103 2582/15104 2578/15105
f 2579/15106 2586/15107 2634/15108
f 2583/15109 2585/15110 2586/15111
f 2252/15112 2598/15113 2613/15114
f 2586/15115 2592/15116 2634/15117
f 2596/15118 2585/15119 2683/15120
f 2683/15121 2595/15122 2596/15123
f 2600/15124 2594/15125 2587/15126
f 2592/15127 2586/15128 2587/15129
f 2586/15130 2585/15131 2587/15132
f 2590/15133 2644/15134 2588/15135
f 2628/15136 2252/15137 2576/15138
f 2587/15139 2585/15140 2596/15141
f 2647/15142 2588/15143 2644/15144
f 2590/15145 1163/15146 1166/15147
f 2591/15148 2644/15149 2590/15150
f 2590/15151 1165/15152 2591/15153
f 2594/15154 2600/15155 2593/15156
f 2592/15157 2587/15158 2594/15159
f 2587/15160 2596/15161 2600/15162
f 2608/15163 2593/15164 2600/15165
f 2599/15166 2611/15167 2618/15168
f 2600/15169 2690/15170 2589/15171
f 2690/15172 2596/15173 2595/15174
f 2596/15175 2690/15176 2600/15177
f 2592/15178 2593/15179 2597/15180
f 2608/15181 2597/15182 2593/15183
f 2592/15184 2594/15185 2593/15186
f 2608/15187 2603/15188 2597/15189
f 2608/15190 2600/15191 2589/15192
f 2487/15193 2492/15194 2457/15195
f 2601/15196 2611/15197 2599/15198
f 2592/15199 2623/15200 2612/15201
f 2632/15202 2601/15203 2599/15204
f 2618/15205 2632/15206 2599/15207
f 2601/15208 2592/15209 2612/15210
f 2618/15211 2646/15212 2632/15213
f 2610/15214 2611/15215 2602/15216
f 2610/15217 2602/15218 2624/15219
f 2604/15220 2623/15221 2592/15222
f 2612/15223 2602/15224 2611/15225
f 2592/15226 2597/15227 2603/15228
f 2604/15229 2592/15230 2603/15231
f 2604/15232 2603/15233 2605/15234
f 2604/15235 2605/15236 2614/15237
f 2615/15238 2604/15239 2614/15240
f 2605/15241 2607/15242 2614/15243
f 2605/15244 2603/15245 2606/15246
f 2605/15247 2606/15248 2607/15249
f 2603/15250 2617/15251 2606/15252
f 2609/15253 2617/15254 2608/15255
f 2589/15256 2609/15257 2608/15258
f 2610/15259 2618/15260 2611/15261
f 2611/15262 2601/15263 2612/15264
f 2603/15265 2608/15266 2617/15267
f 2614/15268 2607/15269 2321/15270
f 2618/15271 2610/15272 2619/15273
f 2615/15274 2614/15275 2623/15276
f 2638/15277 2645/15278 2622/15279
f 2621/15280 2619/15281 2610/15282
f 2640/15283 2616/15284 2664/15285
f 2633/15286 2637/15287 2619/15288
f 2620/15289 2622/15290 2664/15291
f 2646/15292 2618/15293 2637/15294
f 2637/15295 2618/15296 2619/15297
f 2602/15298 2623/15299 2614/15300
f 2617/15301 2609/15302 1995/15303
f 2448/15304 2621/15305 2610/15306
f 2620/15307 2616/15308 2235/15309
f 2614/15310 2624/15311 2602/15312
f 2619/15313 2621/15314 2443/15315
f 2625/15316 2598/15317 2626/15318
f 2610/15319 2624/15320 2640/15321
f 2612/15322 2623/15323 2602/15324
f 2598/15325 2628/15326 2626/15327
f 2625/15328 2626/15329 2629/15330
f 2630/15331 2628/15332 2648/15333
f 2626/15334 2628/15335 2642/15336
f 2642/15337 2628/15338 2630/15339
f 2601/15340 2632/15341 2634/15342
f 2634/15343 2592/15344 2601/15345
f 2646/15346 2651/15347 2632/15348
f 2651/15349 2634/15350 2632/15351
f 2622/15352 2645/15353 2664/15354
f 2637/15355 2633/15356 2636/15357
f 2633/15358 2653/15359 2636/15360
f 2637/15361 2635/15362 2646/15363
f 2635/15364 2651/15365 2646/15366
f 2662/15367 2635/15368 2637/15369
f 2636/15370 2662/15371 2637/15372
f 2636/15373 2653/15374 2650/15375
f 2622/15376 2631/15377 2437/15378
f 2616/15379 2620/15380 2664/15381
f 2638/15382 2622/15383 2437/15384
f 2631/15385 2663/15386 2658/15387
f 2658/15388 2437/15389 2631/15390
f 2626/15391 2642/15392 2641/15393
f 2641/15394 2629/15395 2626/15396
f 2427/15397 2630/15398 2639/15399
f 2648/15400 2639/15401 2630/15402
f 2631/15403 2622/15404 2620/15405
f 2427/15406 2642/15407 2630/15408
f 2663/15409 2429/15410 2658/15411
f 2645/15412 2640/15413 2664/15414
f 2566/15415 2625/15416 2573/15417
f 2627/15418 2657/15419 2625/15420
f 2648/15421 2628/15422 2576/15423
f 2647/15424 2644/15425 2422/15426
f 2648/15427 2576/15428 2647/15429
f 2625/15430 2657/15431 2573/15432
f 2657/15433 2620/15434 2573/15435
f 2627/15436 2663/15437 2657/15438
f 2625/15439 2566/15440 2613/15441
f 2648/15442 2647/15443 2412/15444
f 2598/15445 2625/15446 2613/15447
f 2663/15448 2620/15449 2657/15450
f 2037/15451 2284/15452 2042/15453
f 2652/15454 2634/15455 2651/15456
f 2650/15457 2651/15458 2635/15459
f 2654/15460 2651/15461 2653/15462
f 2653/15463 2651/15464 2650/15465
f 2660/15466 2649/15467 2652/15468
f 2652/15469 2649/15470 2634/15471
f 2656/15472 2660/15473 2652/15474
f 2651/15475 2655/15476 2652/15477
f 2654/15478 2655/15479 2651/15480
f 2662/15481 2650/15482 2635/15483
f 2660/15484 2656/15485 2659/15486
f 2656/15487 2655/15488 2654/15489
f 2656/15490 2652/15491 2655/15492
f 2252/15493 2628/15494 2598/15495
f 2663/15496 2631/15497 2620/15498
f 2304/15499 2661/15500 2656/15501
f 2662/15502 2636/15503 2650/15504
f 2656/15505 2661/15506 2659/15507
f 2688/15508 2689/15509 2666/15510
f 2689/15511 2505/15512 2666/15513
f 2686/15514 2690/15515 2505/15516
f 2682/15517 2505/15518 2690/15519
f 2674/15520 1995/15521 2609/15522
f 2609/15523 2670/15524 2674/15525
f 2677/15526 2673/15527 2668/15528
f 2667/15529 2673/15530 2677/15531
f 2670/15532 2672/15533 2674/15534
f 2668/15535 2669/15536 2672/15537
f 1927/15538 2673/15539 2667/15540
f 2674/15541 2672/15542 2669/15543
f 2669/15544 2668/15545 2673/15546
f 2672/15547 2670/15548 2671/15549
f 2677/15550 2668/15551 2672/15552
f 2672/15553 2684/15554 2677/15555
f 2671/15556 2670/15557 2684/15558
f 2672/15559 2671/15560 2684/15561
f 2670/15562 2609/15563 2589/15564
f 598/15565 2037/15566 647/15567
f 2673/15568 1991/15569 2669/15570
f 1927/15571 1991/15572 2673/15573
f 2669/15574 1985/15575 2674/15576
f 2698/15577 2687/15578 2695/15579
f 2678/15580 2675/15581 2676/15582
f 2687/15583 2678/15584 2677/15585
f 2685/15586 2589/15587 2690/15588
f 2681/15589 2676/15590 2675/15591
f 2677/15592 2678/15593 2667/15594
f 2676/15595 1922/15596 2678/15597
f 1927/15598 2667/15599 2678/15600
f 31/15601 2681/15602 2675/15603
f 2670/15604 2589/15605 2685/15606
f 2677/15607 2684/15608 2680/15609
f 2675/15610 2678/15611 2687/15612
f 2696/15613 2680/15614 2500/15615
f 2678/15616 1922/15617 1927/15618
f 2676/15619 2681/15620 2679/15621
f 1922/15622 2676/15623 2679/15624
f 2680/15625 2696/15626 2677/15627
f 2500/15628 2680/15629 2684/15630
f 2595/15631 2682/15632 2690/15633
f 2565/15634 2683/15635 2585/15636
f 2684/15637 2670/15638 2685/15639
f 2687/15640 2677/15641 2696/15642
f 2684/15643 2686/15644 2689/15645
f 2500/15646 2692/15647 2696/15648
f 2686/15649 2685/15650 2690/15651
f 1771/15652 1747/15653 367/15654
f 2688/15655 2500/15656 2684/15657
f 2686/15658 2505/15659 2689/15660
f 2689/15661 2688/15662 2684/15663
f 2684/15664 2685/15665 2686/15666
f 369/15667 368/15668 1763/15669
f 31/15670 2675/15671 2691/15672
f 77/15673 31/15674 2691/15675
f 2693/15676 2694/15677 2697/15678
f 2691/15679 2698/15680 2694/15681
f 1221/15682 3013/15683 1659/15684
f 2698/15685 2695/15686 2455/15687
f 1657/15688 1661/15689 1491/15690
f 1497/15691 1662/15692 1518/15693
f 351/15694 1656/15695 1332/15696
f 2698/15697 2452/15698 2694/15699
f 2698/15700 2455/15701 2452/15702
f 2697/15703 2694/15704 2452/15705
f 2695/15706 2696/15707 2692/15708
f 2693/15709 2697/15710 60/15711
f 2691/15712 2675/15713 2687/15714
f 2687/15715 2696/15716 2695/15717
f 1666/15718 1794/15719 1662/15720
f 2691/15721 2687/15722 2698/15723
f 2693/15724 2691/15725 2694/15726
f 2704/15727 2941/15728 2948/15729
f 343/15730 1072/15731 356/15732
f 2706/15733 2699/15734 2702/15735
f 367/15736 343/15737 356/15738
f 2704/15739 2700/15740 2941/15741
f 2701/15742 2702/15743 2699/15744
f 2705/15745 2700/15746 2704/15747
f 2705/15748 2702/15749 2794/15750
f 2941/15751 2700/15752 2730/15753
f 2713/15754 2700/15755 2705/15756
f 2699/15757 2945/15758 2701/15759
f 2794/15760 2709/15761 2705/15762
f 2709/15763 2713/15764 2705/15765
f 2781/15766 2701/15767 2945/15768
f 2781/15769 2945/15770 2774/15771
f 1072/15772 343/15773 1132/15774
f 2704/15775 2918/15776 2703/15777
f 2704/15778 2703/15779 2706/15780
f 2934/15781 2932/15782 2918/15783
f 2934/15784 2940/15785 2932/15786
f 2703/15787 2699/15788 2706/15789
f 2794/15790 2760/15791 2759/15792
f 2709/15793 2794/15794 2759/15795
f 2702/15796 2705/15797 2706/15798
f 2706/15799 2705/15800 2704/15801
f 2703/15802 2929/15803 2699/15804
f 2945/15805 2699/15806 2929/15807
f 2719/15808 2941/15809 2730/15810
f 2708/15811 2700/15812 2713/15813
f 2707/15814 2730/15815 2700/15816
f 2707/15817 2700/15818 2710/15819
f 2708/15820 2759/15821 2710/15822
f 2700/15823 2708/15824 2710/15825
f 2708/15826 2709/15827 2759/15828
f 2707/15829 2710/15830 2712/15831
f 2711/15832 2707/15833 2712/15834
f 2712/15835 2710/15836 2759/15837
f 2712/15838 2759/15839 2714/15840
f 2760/15841 2763/15842 2759/15843
f 2708/15844 2713/15845 2709/15846
f 2730/15847 2720/15848 2719/15849
f 2731/15850 2711/15851 2715/15852
f 2731/15853 2715/15854 2971/15855
f 2715/15856 2711/15857 2721/15858
f 2718/15859 2721/15860 2711/15861
f 2712/15862 2718/15863 2711/15864
f 2712/15865 2714/15866 2717/15867
f 2714/15868 2735/15869 2717/15870
f 2712/15871 2723/15872 2718/15873
f 2926/15874 2719/15875 2720/15876
f 2712/15877 2717/15878 2723/15879
f 2722/15880 2717/15881 2728/15882
f 2941/15883 2719/15884 2926/15885
f 2922/15886 2926/15887 2720/15888
f 2720/15889 2707/15890 2729/15891
f 2966/15892 2707/15893 2711/15894
f 2720/15895 2729/15896 2922/15897
f 2720/15898 2730/15899 2707/15900
f 2717/15901 2735/15902 2743/15903
f 2721/15904 2716/15905 2715/15906
f 2729/15907 2707/15908 2966/15909
f 2743/15910 311/15911 2717/15912
f 2716/15913 2721/15914 2724/15915
f 2718/15916 2724/15917 2721/15918
f 2724/15919 2718/15920 2727/15921
f 2722/15922 2723/15923 2717/15924
f 2723/15925 2727/15926 2718/15927
f 2722/15928 2727/15929 2723/15930
f 2726/15931 2724/15932 2727/15933
f 2727/15934 2728/15935 2726/15936
f 2722/15937 2728/15938 2727/15939
f 2731/15940 2966/15941 2711/15942
f 2736/15943 2763/15944 2764/15945
f 1229/15946 3033/15947 170/15948
f 846/15949 2739/15950 2732/15951
f 2749/15952 2732/15953 2762/15954
f 2732/15955 2738/15956 2765/15957
f 2795/15958 2764/15959 2763/15960
f 846/15961 2732/15962 2749/15963
f 2735/15964 2714/15965 2733/15966
f 2735/15967 2733/15968 2742/15969
f 2736/15970 2738/15971 2734/15972
f 2736/15973 2734/15974 2737/15975
f 2732/15976 2740/15977 2747/15978
f 2744/15979 2733/15980 2737/15981
f 2737/15982 2734/15983 2745/15984
f 2732/15985 2747/15986 2738/15987
f 1875/15988 2741/15989 2739/15990
f 2739/15991 2741/15992 2740/15993
f 2732/15994 2739/15995 2740/15996
f 2738/15997 2747/15998 2734/15999
f 2747/16000 2740/16001 2748/16002
f 2762/16003 2732/16004 2765/16005
f 2797/16006 2762/16007 2765/16008
f 2741/16009 1874/16010 2740/16011
f 2742/16012 2743/16013 2735/16014
f 2736/16015 2737/16016 2763/16017
f 2742/16018 2744/16019 2743/16020
f 2744/16021 2742/16022 2733/16023
f 2745/16024 2744/16025 2737/16026
f 2745/16027 2734/16028 2747/16029
f 2743/16030 2744/16031 2746/16032
f 2745/16033 2747/16034 2748/16035
f 2763/16036 2737/16037 2733/16038
f 2764/16039 2761/16040 2765/16041
f 1874/16042 2748/16043 2740/16044
f 2795/16045 2761/16046 2764/16047
f 1870/16048 2748/16049 1874/16050
f 311/16051 2743/16052 2746/16053
f 2758/16054 2745/16055 2748/16056
f 2746/16057 2744/16058 2750/16059
f 2745/16060 2750/16061 2744/16062
f 2751/16063 2752/16064 2758/16065
f 2751/16066 2758/16067 2748/16068
f 2754/16069 2748/16070 1870/16071
f 2754/16072 2751/16073 2748/16074
f 2753/16075 2751/16076 2754/16077
f 2753/16078 2752/16079 2751/16080
f 2752/16081 2753/16082 265/16083
f 1218/16084 3033/16085 1228/16086
f 161/16087 249/16088 223/16089
f 1818/16090 1871/16091 265/16092
f 2764/16093 2738/16094 2736/16095
f 2761/16096 2797/16097 2765/16098
f 2714/16099 2763/16100 2733/16101
f 2714/16102 2759/16103 2763/16104
f 245/16105 229/16106 239/16107
f 2760/16108 2795/16109 2763/16110
f 2793/16111 2760/16112 2794/16113
f 2738/16114 2764/16115 2765/16116
f 788/16117 13/16118 2796/16119
f 788/16120 2786/16121 13/16122
f 2786/16123 791/16124 776/16125
f 2786/16126 776/16127 13/16128
f 2776/16129 2774/16130 2901/16131
f 2805/16132 803/16133 2798/16134
f 2804/16135 2806/16136 2766/16137
f 2766/16138 2769/16139 2804/16140
f 2767/16141 2769/16142 2766/16143
f 2768/16144 2804/16145 2769/16146
f 2769/16147 2767/16148 2772/16149
f 2806/16150 2781/16151 2776/16152
f 2766/16153 2806/16154 2773/16155
f 2781/16156 2774/16157 2776/16158
f 2806/16159 2776/16160 2773/16161
f 2804/16162 2768/16163 2701/16164
f 2781/16165 2806/16166 2804/16167
f 2768/16168 2779/16169 2770/16170
f 230/16171 21/16172 20/16173
f 2775/16174 2701/16175 2768/16176
f 2775/16177 2702/16178 2701/16179
f 2775/16180 2768/16181 2770/16182
f 2779/16183 2768/16184 2769/16185
f 2779/16186 2769/16187 2772/16188
f 2779/16189 2772/16190 2780/16191
f 2778/16192 2780/16193 2772/16194
f 2773/16195 2776/16196 2771/16197
f 2775/16198 2770/16199 2777/16200
f 2783/16201 2777/16202 2770/16203
f 2701/16204 2781/16205 2804/16206
f 2702/16207 2775/16208 2784/16209
f 2791/16210 2784/16211 2785/16212
f 2775/16213 2777/16214 2784/16215
f 2777/16216 2785/16217 2784/16218
f 2770/16219 2779/16220 2780/16221
f 2770/16222 2780/16223 2783/16224
f 2805/16225 2773/16226 2771/16227
f 2783/16228 2787/16229 2788/16230
f 2776/16231 2802/16232 2771/16233
f 2782/16234 860/16235 2789/16236
f 2778/16237 860/16238 2782/16239
f 2782/16240 2780/16241 2778/16242
f 2780/16243 2782/16244 2783/16245
f 2782/16246 2787/16247 2783/16248
f 2794/16249 2784/16250 2791/16251
f 2777/16252 2783/16253 2788/16254
f 2784/16255 2794/16256 2702/16257
f 2792/16258 2791/16259 2785/16260
f 2791/16261 2792/16262 2793/16263
f 2771/16264 2802/16265 2801/16266
f 2792/16267 2788/16268 2797/16269
f 2895/16270 2802/16271 2776/16272
f 2794/16273 2791/16274 2793/16275
f 2785/16276 2777/16277 2788/16278
f 2799/16279 2796/16280 803/16281
f 2788/16282 2787/16283 2790/16284
f 2789/16285 2787/16286 2782/16287
f 803/16288 2796/16289 2798/16290
f 2789/16291 860/16292 858/16293
f 857/16294 2762/16295 2790/16296
f 2790/16297 2789/16298 858/16299
f 2787/16300 2789/16301 2790/16302
f 858/16303 857/16304 2790/16305
f 2805/16306 1043/16307 803/16308
f 2797/16309 2788/16310 2790/16311
f 2792/16312 2785/16313 2788/16314
f 2761/16315 2792/16316 2797/16317
f 2795/16318 2793/16319 2761/16320
f 797/16321 788/16322 2796/16323
f 2795/16324 2760/16325 2793/16326
f 2793/16327 2792/16328 2761/16329
f 2805/16330 2798/16331 2773/16332
f 2805/16333 2882/16334 1043/16335
f 2796/16336 2800/16337 2798/16338
f 2766/16339 2773/16340 2798/16341
f 2766/16342 2798/16343 2800/16344
f 2801/16345 2805/16346 2771/16347
f 2799/16348 797/16349 2796/16350
f 2749/16351 2762/16352 857/16353
f 2790/16354 2762/16355 2797/16356
f 184/16357 2803/16358 181/16359
f 2805/16360 2801/16361 2878/16362
f 2766/16363 2800/16364 2767/16365
f 2882/16366 2908/16367 1043/16368
f 2878/16369 2882/16370 2805/16371
f 198/16372 196/16373 199/16374
f 2807/16375 2810/16376 2808/16377
f 2810/16378 2867/16379 2808/16380
f 2810/16381 2807/16382 2812/16383
f 2809/16384 2815/16385 2824/16386
f 229/16387 198/16388 203/16389
f 2827/16390 2809/16391 2824/16392
f 2819/16393 2843/16394 107/16395
f 2824/16396 2807/16397 2808/16398
f 198/16399 199/16400 203/16401
f 2868/16402 2810/16403 2812/16404
f 2867/16405 2810/16406 2868/16407
f 2843/16408 113/16409 107/16410
f 3032/16411 195/16412 213/16413
f 194/16414 202/16415 195/16416
f 2843/16417 2819/16418 2809/16419
f 209/16420 2803/16421 208/16422
f 2814/16423 2813/16424 2807/16425
f 2813/16426 2812/16427 2807/16428
f 178/16429 193/16430 194/16431
f 194/16432 195/16433 3031/16434
f 2813/16435 124/16436 2812/16437
f 2809/16438 2821/16439 2815/16440
f 2819/16441 2821/16442 2809/16443
f 2815/16444 2814/16445 2807/16446
f 2820/16447 2818/16448 2816/16449
f 2824/16450 2815/16451 2807/16452
f 200/16453 199/16454 196/16455
f 2814/16456 2816/16457 2817/16458
f 107/16459 108/16460 2819/16461
f 2822/16462 2820/16463 108/16464
f 2820/16465 2822/16466 2818/16467
f 2817/16468 2813/16469 2814/16470
f 2816/16471 2821/16472 2819/16473
f 209/16474 197/16475 2803/16476
f 2817/16477 2816/16478 2818/16479
f 196/16480 187/16481 200/16482
f 108/16483 2820/16484 2819/16485
f 2814/16486 2815/16487 2821/16488
f 2818/16489 337/16490 336/16491
f 2821/16492 2816/16493 2814/16494
f 2816/16495 2819/16496 2820/16497
f 2841/16498 102/16499 109/16500
f 102/16501 2841/16502 2981/16503
f 2841/16504 2842/16505 2981/16506
f 2841/16507 2844/16508 2823/16509
f 186/16510 184/16511 181/16512
f 2835/16513 2828/16514 2823/16515
f 2808/16516 2870/16517 2824/16518
f 2824/16519 2826/16520 2827/16521
f 2824/16522 2825/16523 2826/16524
f 2824/16525 2870/16526 2825/16527
f 2843/16528 2809/16529 2827/16530
f 2826/16531 2825/16532 2829/16533
f 2828/16534 2835/16535 2827/16536
f 2823/16537 113/16538 2835/16539
f 2829/16540 2846/16541 2834/16542
f 2826/16543 2829/16544 2831/16545
f 2828/16546 2827/16547 2830/16548
f 2830/16549 2827/16550 2826/16551
f 2830/16552 2831/16553 2832/16554
f 2980/16555 2828/16556 2830/16557
f 2830/16558 2826/16559 2831/16560
f 2831/16561 2837/16562 2833/16563
f 2831/16564 2833/16565 2832/16566
f 2980/16567 2830/16568 2832/16569
f 2839/16570 2832/16571 2833/16572
f 2837/16573 2829/16574 2838/16575
f 2837/16576 2831/16577 2829/16578
f 2829/16579 2834/16580 2848/16581
f 2838/16582 2829/16583 2848/16584
f 181/16585 2803/16586 197/16587
f 2850/16588 2836/16589 2848/16590
f 2838/16591 2848/16592 2836/16593
f 2836/16594 2850/16595 2949/16596
f 2836/16597 2949/16598 2838/16599
f 2840/16600 2839/16601 2837/16602
f 184/16603 206/16604 2803/16605
f 2840/16606 2837/16607 2838/16608
f 2833/16609 2837/16610 2839/16611
f 223/16612 167/16613 161/16614
f 2980/16615 2832/16616 2978/16617
f 2937/16618 2840/16619 2838/16620
f 2827/16621 2835/16622 2843/16623
f 2978/16624 2832/16625 2839/16626
f 2840/16627 2937/16628 2967/16629
f 2840/16630 2954/16631 2839/16632
f 2823/16633 2828/16634 2842/16635
f 2835/16636 113/16637 2843/16638
f 2841/16639 2823/16640 2842/16641
f 109/16642 2844/16643 2841/16644
f 2980/16645 2842/16646 2828/16647
f 2892/16648 2883/16649 2871/16650
f 2847/16651 2871/16652 2883/16653
f 2865/16654 2873/16655 2856/16656
f 2808/16657 2856/16658 2873/16659
f 171/16660 3035/16661 3036/16662
f 2852/16663 2873/16664 2865/16665
f 2870/16666 2845/16667 2825/16668
f 2825/16669 2845/16670 2846/16671
f 2825/16672 2846/16673 2829/16674
f 2865/16675 2861/16676 2852/16677
f 2845/16678 2847/16679 2846/16680
f 3025/16681 162/16682 166/16683
f 163/16684 3040/16685 169/16686
f 2847/16687 2851/16688 2846/16689
f 3040/16690 163/16691 164/16692
f 2851/16693 2849/16694 2950/16695
f 306/16696 249/16697 159/16698
f 2864/16699 2871/16700 2852/16701
f 2849/16702 2851/16703 2847/16704
f 3038/16705 3023/16706 163/16707
f 2848/16708 2846/16709 2851/16710
f 2848/16711 2834/16712 2846/16713
f 3020/16714 3038/16715 3024/16716
f 164/16717 163/16718 3023/16719
f 2847/16720 2854/16721 2849/16722
f 2848/16723 2853/16724 2850/16725
f 2854/16726 2855/16727 2849/16728
f 2851/16729 2853/16730 2848/16731
f 2950/16732 2853/16733 2851/16734
f 251/16735 3035/16736 3020/16737
f 3033/16738 3024/16739 250/16740
f 2950/16741 2849/16742 2855/16743
f 168/16744 3026/16745 3027/16746
f 2847/16747 2883/16748 2858/16749
f 2857/16750 2858/16751 2883/16752
f 2847/16753 2858/16754 2854/16755
f 2808/16756 2867/16757 2856/16758
f 2864/16759 2852/16760 2861/16761
f 2845/16762 2871/16763 2847/16764
f 2861/16765 2865/16766 2866/16767
f 2862/16768 2858/16769 2857/16770
f 2862/16771 2946/16772 2858/16773
f 2855/16774 2854/16775 2946/16776
f 2854/16777 2858/16778 2946/16779
f 2946/16780 2862/16781 2924/16782
f 2862/16783 2857/16784 2859/16785
f 2871/16786 2864/16787 2892/16788
f 2861/16789 2860/16790 2864/16791
f 2860/16792 2863/16793 121/16794
f 2861/16795 2863/16796 2860/16797
f 2859/16798 2900/16799 2862/16800
f 2862/16801 2900/16802 2944/16803
f 131/16804 121/16805 2863/16806
f 2901/16807 2774/16808 2944/16809
f 2861/16810 131/16811 2863/16812
f 2866/16813 131/16814 2861/16815
f 2860/16816 121/16817 2899/16818
f 2845/16819 2870/16820 2873/16821
f 2867/16822 2865/16823 2856/16824
f 2872/16825 2866/16826 2865/16827
f 2869/16828 131/16829 2866/16830
f 2867/16831 2872/16832 2865/16833
f 2872/16834 2869/16835 2866/16836
f 2811/16837 2867/16838 2868/16839
f 2811/16840 2872/16841 2867/16842
f 2873/16843 2852/16844 2871/16845
f 2845/16846 2873/16847 2871/16848
f 2873/16849 2870/16850 2808/16851
f 2942/16852 2923/16853 2900/16854
f 2886/16855 2895/16856 2879/16857
f 2893/16858 2877/16859 2884/16860
f 2912/16861 2874/16862 2877/16863
f 2874/16864 2881/16865 2877/16866
f 2885/16867 2878/16868 2801/16869
f 2801/16870 2879/16871 2885/16872
f 2886/16873 2879/16874 2801/16875
f 2879/16876 2895/16877 2885/16878
f 2904/16879 2875/16880 2902/16881
f 2910/16882 2902/16883 2875/16884
f 2910/16885 2875/16886 2874/16887
f 2875/16888 2904/16889 2876/16890
f 2875/16891 2881/16892 2874/16893
f 2888/16894 2876/16895 2908/16896
f 2878/16897 2880/16898 2882/16899
f 2888/16900 2880/16901 2875/16902
f 2880/16903 2878/16904 2885/16905
f 2912/16906 2877/16907 2893/16908
f 2880/16909 2888/16910 2882/16911
f 2875/16912 2880/16913 2881/16914
f 2880/16915 2885/16916 2890/16917
f 2880/16918 2890/16919 2881/16920
f 2857/16921 2883/16922 2897/16923
f 2908/16924 2882/16925 2888/16926
f 2897/16927 2883/16928 2884/16929
f 2884/16930 2877/16931 2897/16932
f 2894/16933 2913/16934 2893/16935
f 2887/16936 2884/16937 2892/16938
f 2885/16939 2895/16940 2890/16941
f 2887/16942 2893/16943 2884/16944
f 2897/16945 2877/16946 2890/16947
f 2859/16948 2857/16949 2897/16950
f 2893/16951 2887/16952 2896/16953
f 2802/16954 2895/16955 2886/16956
f 2886/16957 2801/16958 2802/16959
f 2864/16960 2887/16961 2892/16962
f 2875/16963 2876/16964 2888/16965
f 2892/16966 2884/16967 2883/16968
f 2891/16969 2889/16970 2916/16971
f 2895/16972 2917/16973 2898/16974
f 2897/16975 2890/16976 2898/16977
f 2913/16978 2910/16979 2893/16980
f 2913/16981 2902/16982 2910/16983
f 2893/16984 2910/16985 2912/16986
f 1083/16987 2889/16988 2891/16989
f 2891/16990 2914/16991 2903/16992
f 2914/16993 2902/16994 2913/16995
f 2895/16996 2898/16997 2890/16998
f 2903/16999 2914/17000 2905/17001
f 2913/17002 2905/17003 2914/17004
f 2905/17005 2913/17006 2906/17007
f 2906/17008 2913/17009 2894/17010
f 2896/17011 2887/17012 2899/17013
f 2894/17014 2896/17015 2899/17016
f 2896/17017 2894/17018 2893/17019
f 2890/17020 2877/17021 2881/17022
f 2910/17023 2874/17024 2912/17025
f 2860/17026 2899/17027 2887/17028
f 2860/17029 2887/17030 2864/17031
f 2900/17032 2859/17033 2897/17034
f 2900/17035 2897/17036 2942/17037
f 2908/17038 2876/17039 2916/17040
f 2942/17041 2897/17042 2898/17043
f 2904/17044 2916/17045 2876/17046
f 2776/17047 2901/17048 2895/17049
f 2894/17050 2899/17051 2911/17052
f 2908/17053 2916/17054 1058/17055
f 2891/17056 2903/17057 1083/17058
f 2942/17059 2898/17060 2917/17061
f 2895/17062 2901/17063 2923/17064
f 2917/17065 2895/17066 2923/17067
f 2900/17068 2901/17069 2944/17070
f 1085/17071 1083/17072 2903/17073
f 2906/17074 2903/17075 2905/17076
f 2903/17077 2906/17078 2907/17079
f 121/17080 2911/17081 2899/17082
f 1085/17083 2903/17084 2907/17085
f 132/17086 2894/17087 2911/17088
f 2911/17089 2915/17090 132/17091
f 2916/17092 2904/17093 2891/17094
f 2914/17095 2891/17096 2904/17097
f 2911/17098 121/17099 2915/17100
f 2914/17101 2904/17102 2902/17103
f 2943/17104 2704/17105 2952/17106
f 2952/17107 2704/17108 2948/17109
f 2918/17110 2704/17111 2943/17112
f 2703/17113 2918/17114 2932/17115
f 2938/17116 2940/17117 2934/17118
f 2925/17119 2940/17120 2938/17121
f 114/17122 2919/17123 2909/17124
f 2932/17125 2929/17126 2703/17127
f 2951/17128 2926/17129 2922/17130
f 2940/17131 2928/17132 2932/17133
f 2909/17134 110/17135 115/17136
f 2951/17137 2922/17138 2921/17139
f 2927/17140 2925/17141 2938/17142
f 2729/17143 2921/17144 2922/17145
f 22/17146 23/17147 115/17148
f 22/17149 115/17150 110/17151
f 2933/17152 2935/17153 2929/17154
f 2919/17155 110/17156 2909/17157
f 2935/17158 2920/17159 2924/17160
f 2927/17161 2937/17162 2925/17163
f 2951/17164 2927/17165 2938/17166
f 2939/17167 2918/17168 2943/17169
f 2930/17170 2929/17171 2935/17172
f 2928/17173 2929/17174 2932/17175
f 2940/17176 2925/17177 2928/17178
f 2925/17179 2931/17180 2928/17181
f 2925/17182 2937/17183 2936/17184
f 2929/17185 2930/17186 2945/17187
f 2933/17188 2928/17189 2931/17190
f 2929/17191 2928/17192 2933/17193
f 2925/17194 2936/17195 2931/17196
f 2947/17197 2920/17198 2933/17199
f 2920/17200 2935/17201 2933/17202
f 2934/17203 2918/17204 2939/17205
f 2938/17206 2934/17207 2939/17208
f 2933/17209 2936/17210 2947/17211
f 2936/17212 2933/17213 2931/17214
f 2937/17215 2947/17216 2936/17217
f 2939/17218 2952/17219 2938/17220
f 2926/17221 2948/17222 2941/17223
f 2951/17224 2948/17225 2926/17226
f 2943/17227 2952/17228 2939/17229
f 2901/17230 2900/17231 2923/17232
f 2942/17233 2917/17234 2923/17235
f 2944/17236 2774/17237 2945/17238
f 2944/17239 2930/17240 2924/17241
f 2862/17242 2944/17243 2924/17244
f 2945/17245 2930/17246 2944/17247
f 2952/17248 2948/17249 2951/17250
f 2924/17251 2920/17252 2946/17253
f 2947/17254 2946/17255 2920/17256
f 2947/17257 2855/17258 2946/17259
f 2855/17260 2947/17261 2950/17262
f 2937/17263 2950/17264 2947/17265
f 2838/17266 2949/17267 2937/17268
f 2949/17269 2853/17270 2950/17271
f 2949/17272 2850/17273 2853/17274
f 2938/17275 2952/17276 2951/17277
f 2927/17278 2951/17279 2960/17280
f 2950/17281 2937/17282 2949/17283
f 2954/17284 2961/17285 2959/17286
f 2973/17287 2978/17288 2979/17289
f 2953/17290 2958/17291 2956/17292
f 2956/17293 2958/17294 2965/17295
f 2953/17296 2974/17297 2958/17298
f 2965/17299 2955/17300 2956/17301
f 2968/17302 2957/17303 2965/17304
f 2957/17305 2955/17306 2965/17307
f 2978/17308 2954/17309 2979/17310
f 2967/17311 2937/17312 2927/17313
f 2965/17314 2958/17315 2968/17316
f 2968/17317 2958/17318 2959/17319
f 2935/17320 2924/17321 2930/17322
f 2962/17323 2961/17324 2960/17325
f 2962/17326 2959/17327 2961/17328
f 1237/17329 2991/17330 2992/17331
f 2960/17332 2963/17333 2962/17334
f 2959/17335 2962/17336 2969/17337
f 2962/17338 2963/17339 2972/17340
f 2964/17341 2963/17342 2960/17343
f 2966/17344 2972/17345 2964/17346
f 2972/17347 2963/17348 2964/17349
f 2966/17350 2731/17351 2972/17352
f 2921/17353 2960/17354 2951/17355
f 2964/17356 2960/17357 2921/17358
f 2840/17359 2967/17360 2954/17361
f 2964/17362 2921/17363 2729/17364
f 2964/17365 2729/17366 2966/17367
f 2954/17368 2978/17369 2839/17370
f 2970/17371 2957/17372 2968/17373
f 2957/17374 2970/17375 2955/17376
f 2959/17377 2970/17378 2968/17379
f 2970/17380 2959/17381 2969/17382
f 2731/17383 2962/17384 2972/17385
f 2969/17386 2731/17387 2971/17388
f 2970/17389 2969/17390 2971/17391
f 2973/17392 2959/17393 2958/17394
f 2967/17395 2960/17396 2961/17397
f 2969/17398 2962/17399 2731/17400
f 2970/17401 2971/17402 2955/17403
f 2973/17404 2979/17405 2959/17406
f 2958/17407 2974/17408 2973/17409
f 2953/17410 2975/17411 2974/17412
f 2977/17413 2976/17414 2975/17415
f 2977/17416 2975/17417 2953/17418
f 2973/17419 2974/17420 2978/17421
f 2974/17422 2975/17423 2978/17424
f 2981/17425 2975/17426 2976/17427
f 97/17428 2976/17429 2977/17430
f 2978/17431 2975/17432 2981/17433
f 97/17434 2981/17435 2976/17436
f 2960/17437 2967/17438 2927/17439
f 2842/17440 2978/17441 2981/17442
f 2980/17443 2978/17444 2842/17445
f 2979/17446 2954/17447 2959/17448
f 2961/17449 2954/17450 2967/17451
f 2423/17452 2984/17453 2317/17454
f 2984/17455 2303/17456 2493/17457
f 2316/17458 2984/17459 2982/17460
f 2984/17461 2493/17462 2982/17463
f 2386/17464 651/17465 2983/17466
f 2985/17467 640/17468 691/17469
f 2985/17470 2986/17471 2987/17472
f 2985/17473 691/17474 2986/17475
f 2985/17476 1237/17477 1238/17478
f 2987/17479 2994/17480 1235/17481
f 2994/17482 2987/17483 2986/17484
f 1235/17485 1237/17486 2987/17487
f 1237/17488 2992/17489 1238/17490
f 2996/17491 689/17492 2993/17493
f 2993/17494 2994/17495 2986/17496
f 746/17497 1774/17498 689/17499
f 2996/17500 2993/17501 691/17502
f 1236/17503 2994/17504 1774/17505
f 2993/17506 2986/17507 691/17508
f 2994/17509 2993/17510 1774/17511
f 1438/17512 1439/17513 1437/17514
f 1439/17515 1438/17516 3000/17517
f 3001/17518 2997/17519 3000/17520
f 2997/17521 3001/17522 1433/17523
f 3000/17524 774/17525 1439/17526
f 774/17527 3000/17528 773/17529
f 1438/17530 1437/17531 1436/17532
f 3001/17533 1438/17534 1433/17535
f 1775/17536 3000/17537 2997/17538
f 2998/17539 1775/17540 9/17541
f 2988/17542 87/17543 2989/17544
f 2988/17545 2989/17546 84/17547
f 88/17548 89/17549 83/17550
f 88/17551 90/17552 89/17553
f 2995/17554 2518/17555 2551/17556
f 3000/17557 1438/17558 3001/17559
f 3002/17560 2997/17561 1234/17562
f 76/17563 86/17564 78/17565
f 1234/17566 1233/17567 3002/17568
f 2995/17569 89/17570 2518/17571
f 1408/17572 1410/17573 1406/17574
f 1411/17575 1572/17576 1406/17577
f 1572/17578 1411/17579 1413/17580
f 63/17581 82/17582 2989/17583
f 1573/17584 3018/17585 3015/17586
f 1232/17587 3012/17588 3018/17589
f 1222/17590 1659/17591 1788/17592
f 1788/17593 1224/17594 1222/17595
f 1219/17596 3005/17597 3004/17598
f 3006/17599 3005/17600 1405/17601
f 1405/17602 3007/17603 3006/17604
f 1405/17605 3005/17606 1404/17607
f 3005/17608 3006/17609 3004/17610
f 1515/17611 3008/17612 1516/17613
f 1522/17614 1336/17615 1691/17616
f 1522/17617 1691/17618 1396/17619
f 1522/17620 3007/17621 1336/17622
f 78/17623 72/17624 76/17625
f 1225/17626 3004/17627 1522/17628
f 1225/17629 1522/17630 1515/17631
f 71/17632 76/17633 72/17634
f 1781/17635 1328/17636 1401/17637
f 1328/17638 3009/17639 1401/17640
f 1781/17641 1398/17642 1399/17643
f 3009/17644 1328/17645 1440/17646
f 1452/17647 1447/17648 3010/17649
f 3009/17650 1430/17651 3010/17652
f 43/17653 28/17654 27/17655
f 1445/17656 3010/17657 1447/17658
f 3012/17659 3019/17660 3018/17661
f 3013/17662 3015/17663 3018/17664
f 3017/17665 3013/17666 3018/17667
f 3011/17668 64/17669 69/17670
f 64/17671 3011/17672 63/17673
f 3017/17674 250/17675 3016/17676
f 3018/17677 3019/17678 3017/17679
f 3019/17680 250/17681 3017/17682
f 250/17683 3021/17684 3016/17685
f 3024/17686 3021/17687 250/17688
f 170/17689 3033/17690 250/17691
f 3020/17692 3024/17693 251/17694
f 3021/17695 3022/17696 3016/17697
f 3021/17698 163/17699 3022/17700
f 3024/17701 163/17702 3021/17703
f 1923/17704 56/17705 58/17706
f 58/17707 56/17708 59/17709
f 251/17710 3024/17711 3033/17712
f 163/17713 3024/17714 3038/17715
f 56/17716 54/17717 59/17718
f 167/17719 168/17720 166/17721
f 41/17722 50/17723 49/17724
f 3025/17725 163/17726 162/17727
f 3022/17728 163/17729 3025/17730
f 50/17731 51/17732 52/17733
f 52/17734 49/17735 50/17736
f 168/17737 167/17738 3026/17739
f 168/17740 3027/17741 3029/17742
f 177/17743 3027/17744 3026/17745
f 3031/17746 3027/17747 178/17748
f 3031/17749 3029/17750 3027/17751
f 178/17752 194/17753 3031/17754
f 42/17755 41/17756 40/17757
f 239/17758 230/17759 235/17760
f 3031/17761 195/17762 3030/17763
f 23/17764 22/17765 3028/17766
f 237/17767 3028/17768 20/17769
f 195/17770 3032/17771 3030/17772
f 23/17773 3028/17774 25/17775
f 3033/17776 3034/17777 251/17778
f 25/17779 3028/17780 237/17781
f 3033/17782 1484/17783 3034/17784
f 3033/17785 1218/17786 1484/17787
f 3033/17788 1229/17789 1228/17790
f 3036/17791 283/17792 3037/17793
f 3034/17794 3036/17795 251/17796
f 3035/17797 171/17798 295/17799
f 3036/17800 285/17801 283/17802
f 171/17803 3036/17804 3037/17805
f 3035/17806 251/17807 3036/17808
f 3035/17809 304/17810 160/17811
f 160/17812 3038/17813 3020/17814
f 3035/17815 160/17816 3020/17817
f 289/17818 296/17819 3039/17820
f 306/17821 223/17822 249/17823
f 161/17824 167/17825 165/17826
f 223/17827 306/17828 305/17829
f 1791/17830 1767/17831 1773/17832
f 1783/17833 1791/17834 1773/17835
f 3042/17836 1783/17837 1777/17838
f 1784/17839 1783/17840 1755/17841
f 1901/17842 3041/17843 3042/17844
f 1783/17845 1786/17846 1779/17847
f 1791/17848 1783/17849 3043/17850
f 3042/17851 3041/17852 3043/17853
f 1783/17854 3042/17855 3043/17856
f 3042/17857 1556/17858 1560/17859
f 1779/17860 1780/17861 1783/17862
f 1632/17863 3044/17864 1682/17865
f 948/17866 2/17867 946/17868
f 2/17869 948/17870 955/17871
f 947/17872 955/17873 933/17874
f 3050/17875 2278/17876 2300/17877
f 2316/17878 3050/17879 2300/17880
f 3049/17881 3050/17882 2316/17883
f 3049/17884 2315/17885 3047/17886
f 2545/17887 3049/17888 3047/17889
f 2315/17890 3049/17891 2316/17892
f 3052/17893 3051/17894 2548/17895
f 3048/17896 3049/17897 2545/17898
f 3049/17899 3048/17900 3050/17901
f 3051/17902 3057/17903 2548/17904
f 3057/17905 3051/17906 3054/17907
f 14/17908 16/17909 2046/17910
f 3054/17911 2545/17912 3047/17913
f 3057/17914 3058/17915 2542/17916
f 3057/17917 3056/17918 3058/17919
f 3056/17920 3057/17921 3053/17922
f 14/17923 2047/17924 16/17925
f 1964/17926 1959/17927 1960/17928
f 2040/17929 14/17930 2046/17931
f 3058/17932 3066/17933 2544/17934
f 3058/17935 3056/17936 3066/17937
f 2536/17938 3063/17939 3064/17940
f 2551/17941 3062/17942 2995/17943
f 2522/17944 3061/17945 3062/17946
f 3064/17947 2552/17948 2470/17949
f 3059/17950 2522/17951 2521/17952
f 2553/17953 2521/17954 2522/17955
f 2521/17956 2507/17957 3059/17958
f 3059/17959 2552/17960 3064/17961
f 2507/17962 2508/17963 3060/17964
f 3063/17965 3062/17966 3061/17967
f 2528/17968 2524/17969 3062/17970
f 3059/17971 3063/17972 3061/17973
f 3062/17974 3063/17975 2528/17976
f 2522/17977 3059/17978 3061/17979
f 2553/17980 2523/17981 2521/17982
f 87/17983 3065/17984 2989/17985
f 2989/17986 3065/17987 3067/17988
f 3067/17989 3065/17990 3066/17991
f 3065/17992 2527/17993 2524/17994
f 84/17995 2989/17996 82/17997
