# https://github.com/mikedh/trimesh
mtllib Talisman_Necklace_Quaternius.mtl

o Necklace3
usemtl DarkBrown
v 0.05336799 0.74768951 -0.81034055
v -0.03125586 0.72827950 -0.80972214
v 0.05490357 0.73993006 -0.81644555
v -0.03330738 0.73627965 -0.80416848
v 0.13041965 0.74309060 -0.80097861
v 0.05490357 0.73993006 -0.81644555
v 0.13121367 0.73571620 -0.80770769
v 0.05336799 0.74768951 -0.81034055
v 0.13041965 0.74309060 -0.80097861
v 0.05409413 0.75729862 -0.80977374
v 0.05336799 0.74768951 -0.81034055
v 0.13241553 0.75252518 -0.79957418
v -0.03330738 0.73627965 -0.80416848
v 0.05336799 0.74768951 -0.81034055
v -0.03386530 0.74603949 -0.80431321
v 0.05409413 0.75729862 -0.80977374
v -0.11449243 0.71538929 -0.79590802
v -0.02733302 0.74331844 -0.82696130
v -0.02710976 0.73354114 -0.82691166
v -0.11325494 0.70550838 -0.79535379
v -0.19726763 0.68574642 -0.75057659
v -0.11325494 0.70550838 -0.79535379
v -0.19526620 0.67589964 -0.74967697
v -0.11449243 0.71538929 -0.79590802
v -0.19800609 0.69408940 -0.74560063
v -0.11449243 0.71538929 -0.79590802
v -0.19726763 0.68574642 -0.75057659
v -0.11598048 0.72354521 -0.79060712
v -0.02733302 0.74331844 -0.82696130
v -0.11598048 0.72354521 -0.79060712
v -0.02904987 0.75133606 -0.82131255
v -0.11449243 0.71538929 -0.79590802
v 0.29240383 0.67737350 -0.75962611
v 0.23102094 0.69895290 -0.76876350
v 0.23215390 0.69273553 -0.77636747
v 0.28997862 0.68335483 -0.75227802
v 0.28997862 0.68335483 -0.75227802
v 0.34914454 0.66427064 -0.73113974
v 0.34544107 0.67022985 -0.72421028
v 0.29240383 0.67737350 -0.75962611
v 0.34629446 0.67994787 -0.72124621
v 0.29177656 0.69279747 -0.74922552
v 0.28997862 0.68335483 -0.75227802
v 0.34544107 0.67022985 -0.72421028
v 0.23102094 0.69895290 -0.76876350
v 0.29177656 0.69279747 -0.74922552
v 0.23368888 0.70812182 -0.76580390
v 0.28997862 0.68335483 -0.75227802
v 0.19427720 0.72350530 -0.80849364
v 0.24622430 0.71075913 -0.78734088
v 0.24365247 0.70160218 -0.79034346
v 0.19698797 0.73267855 -0.80608654
v 0.19698797 0.73267855 -0.80608654
v 0.13938987 0.74197124 -0.82382405
v 0.14157912 0.75133089 -0.82227731
v 0.19427720 0.72350530 -0.80849364
v 0.19698797 0.73267855 -0.80608654
v 0.14157912 0.75133089 -0.82227731
v 0.14097851 0.75863032 -0.81540592
v 0.19638573 0.73939595 -0.79867247
v 0.24622430 0.71075913 -0.78734088
v 0.19638573 0.73939595 -0.79867247
v 0.24499528 0.71696454 -0.77969407
v 0.19698797 0.73267855 -0.80608654
v 0.40631862 0.63044684 -0.61094748
v 0.42728479 0.59073875 -0.56236289
v 0.42361813 0.59686922 -0.55533937
v 0.41039330 0.62430705 -0.61770898
v 0.43498199 0.55561346 -0.50075301
v 0.42361813 0.59686922 -0.55533937
v 0.43836529 0.54950962 -0.50794212
v 0.42728479 0.59073875 -0.56236289
v 0.42361813 0.59686922 -0.55533937
v 0.43640337 0.56441451 -0.49659778
v 0.42479769 0.60593626 -0.55156602
v 0.43498199 0.55561346 -0.50075301
v 0.40631862 0.63044684 -0.61094748
v 0.42479769 0.60593626 -0.55156602
v 0.40712324 0.63985334 -0.60759454
v 0.42361813 0.59686922 -0.55533937
v 0.40101036 0.65849882 -0.68967847
v 0.42583579 0.64351343 -0.62458205
v 0.42541754 0.63402312 -0.62763385
v 0.40135728 0.66821619 -0.68680255
v 0.40135728 0.66821619 -0.68680255
v 0.36290411 0.67553275 -0.74298808
v 0.36366868 0.68526479 -0.74007183
v 0.40101036 0.65849882 -0.68967847
v 0.40135728 0.66821619 -0.68680255
v 0.36366868 0.68526479 -0.74007183
v 0.35987627 0.69123802 -0.73319024
v 0.39692493 0.67431636 -0.68026820
v 0.39692493 0.67431636 -0.68026820
v 0.42583579 0.64351343 -0.62458205
v 0.40135728 0.66821619 -0.68680255
v 0.42137471 0.64973718 -0.61812156
v 0.44318913 0.46400510 -0.38529507
v 0.44619949 0.41951191 -0.33902992
v 0.44154571 0.42593003 -0.33327290
v 0.44737835 0.45775508 -0.39169526
v 0.43887468 0.38703494 -0.29145840
v 0.44154571 0.42593003 -0.33327290
v 0.44619949 0.41951191 -0.33902992
v 0.43402435 0.39369780 -0.28626946
v 0.44154571 0.42593003 -0.33327290
v 0.43452433 0.40254914 -0.28171611
v 0.44220542 0.43495110 -0.32900845
v 0.43402435 0.39369780 -0.28626946
v 0.44318913 0.46400510 -0.38529507
v 0.44220542 0.43495110 -0.32900845
v 0.44405386 0.47287050 -0.38096256
v 0.44154571 0.42593003 -0.33327290
v 0.46340469 0.47446650 -0.39356610
v 0.45936173 0.51100386 -0.45742983
v 0.46076989 0.51975275 -0.45303916
v 0.46227411 0.46566322 -0.39806127
v 0.46076989 0.51975275 -0.45303916
v 0.45277751 0.55756434 -0.51698033
v 0.45420085 0.56640204 -0.51288838
v 0.45936173 0.51100386 -0.45742983
v 0.46076989 0.51975275 -0.45303916
v 0.45420085 0.56640204 -0.51288838
v 0.45081950 0.57254257 -0.50576255
v 0.45729904 0.52588337 -0.44603794
v 0.46340469 0.47446650 -0.39356610
v 0.45729904 0.52588337 -0.44603794
v 0.45948136 0.48065454 -0.38700328
v 0.46076989 0.51975275 -0.45303916
v 0.32873615 0.18752634 -0.08997844
v 0.35282117 0.23737506 -0.13083086
v 0.35593279 0.23077528 -0.13746262
v 0.33127023 0.18111093 -0.09702062
v 0.29506364 0.14090811 -0.05143100
v 0.33127023 0.18111093 -0.09702062
v 0.29690652 0.13459422 -0.05872793
v 0.32873615 0.18752634 -0.08997844
v 0.33151051 0.19179248 -0.08156766
v 0.29506364 0.14090811 -0.05143100
v 0.29808921 0.14415532 -0.04260523
v 0.32873615 0.18752634 -0.08997844
v 0.35282117 0.23737506 -0.13083086
v 0.32873615 0.18752634 -0.08997844
v 0.35479297 0.24245880 -0.12284337
v 0.33151051 0.19179248 -0.08156766
v 0.31154349 0.12535128 -0.05411166
v 0.34719869 0.17461868 -0.09288908
v 0.34996986 0.17892911 -0.08450401
v 0.31453732 0.12864155 -0.04531565
v 0.37315502 0.23131077 -0.12540791
v 0.34719869 0.17461868 -0.09288908
v 0.37116983 0.22623399 -0.13341303
v 0.34996986 0.17892911 -0.08450401
v 0.37315502 0.23131077 -0.12540791
v 0.34743261 0.18538887 -0.07748755
v 0.34996986 0.17892911 -0.08450401
v 0.37005667 0.23790365 -0.11875852
v 0.31453732 0.12864155 -0.04531565
v 0.34996986 0.17892911 -0.08450401
v 0.31266275 0.13499841 -0.03804848
v 0.34743261 0.18538887 -0.07748755
v 0.29690652 0.13459422 -0.05872793
v 0.24319668 0.09940008 -0.02084490
v 0.29506364 0.14090811 -0.05143100
v 0.24420328 0.09318641 -0.02852401
v 0.17533036 0.06401550 0.00024711
v 0.24319668 0.09940008 -0.02084490
v 0.17554974 0.05798460 -0.00780331
v 0.24420328 0.09318641 -0.02852401
v 0.24550264 0.10121276 -0.01161225
v 0.17533036 0.06401550 0.00024711
v 0.17645941 0.06449625 0.00981135
v 0.24319668 0.09940008 -0.02084490
v 0.24319668 0.09940008 -0.02084490
v 0.29808921 0.14415532 -0.04260523
v 0.29506364 0.14090811 -0.05143100
v 0.24550264 0.10121276 -0.01161225
v 0.25644663 0.08179612 -0.01463078
v 0.18072418 0.04181487 0.00630239
v 0.17970486 0.04145443 -0.00330561
v 0.25422256 0.08002778 -0.02387148
v 0.25422256 0.08002778 -0.02387148
v 0.31453732 0.12864155 -0.04531565
v 0.25644663 0.08179612 -0.01463078
v 0.31154349 0.12535128 -0.05411166
v 0.25535817 0.08796544 -0.00694361
v 0.31453732 0.12864155 -0.04531565
v 0.31266275 0.13499841 -0.03804848
v 0.25644663 0.08179612 -0.01463078
v 0.18072418 0.04181487 0.00630239
v 0.25535817 0.08796544 -0.00694361
v 0.18039509 0.04772550 0.01439655
v 0.25644663 0.08179612 -0.01463078
v 0.17533036 0.06401550 0.00024711
v 0.09333508 0.03008585 0.00203985
v 0.09365951 0.03576757 0.01031228
v 0.17554974 0.05798460 -0.00780331
v 0.00751047 0.02199631 0.01216688
v 0.09333508 0.03008585 0.00203985
v 0.00664168 0.01687186 0.00372277
v 0.09365951 0.03576757 0.01031228
v 0.09366819 0.03553737 0.02006555
v 0.00751047 0.02199631 0.01216688
v 0.00640604 0.02176183 0.02192778
v 0.09365951 0.03576757 0.01031228
v 0.17533036 0.06401550 0.00024711
v 0.09365951 0.03576757 0.01031228
v 0.17645941 0.06449625 0.00981135
v 0.09366819 0.03553737 0.02006555
v 0.09239650 0.01211985 0.01623560
v -0.00038254 0.00056061 0.01743410
v 0.00077224 0.00078635 0.00767597
v 0.09245921 0.01243741 0.00644894
v 0.18072418 0.04181487 0.00630239
v 0.09245921 0.01243741 0.00644894
v 0.17970486 0.04145443 -0.00330561
v 0.09239650 0.01211985 0.01623560
v 0.18039509 0.04772550 0.01439655
v 0.09264953 0.01771425 0.02454146
v 0.09239650 0.01211985 0.01623560
v 0.18072418 0.04181487 0.00630239
v 0.09239650 0.01211985 0.01623560
v 0.00043594 0.00569381 0.02587542
v -0.00038254 0.00056061 0.01743410
v 0.09264953 0.01771425 0.02454146
v 0.00664168 0.01687186 0.00372277
v -0.07544805 0.02572461 -0.00003709
v -0.07379047 0.03004193 0.00862718
v 0.00751047 0.02199631 0.01216688
v -0.14503004 0.05403827 -0.00040947
v -0.07544805 0.02572461 -0.00003709
v -0.14732644 0.05030045 -0.00926038
v -0.07379047 0.03004193 0.00862718
v -0.07605000 0.03059539 0.01817539
v -0.14503004 0.05403827 -0.00040947
v -0.14823605 0.05559436 0.00880583
v -0.07379047 0.03004193 0.00862718
v 0.00751047 0.02199631 0.01216688
v -0.07379047 0.03004193 0.00862718
v 0.00640604 0.02176183 0.02192778
v -0.07605000 0.03059539 0.01817539
v -0.08945899 0.01498674 0.01216305
v -0.16364127 0.04354233 -0.00808834
v -0.08706952 0.01431109 0.00265937
v -0.16703948 0.04531117 0.00104810
v -0.00038254 0.00056061 0.01743410
v -0.08706952 0.01431109 0.00265937
v 0.00077224 0.00078635 0.00767597
v -0.08945899 0.01498674 0.01216305
v -0.00038254 0.00056061 0.01743410
v -0.08793133 0.01942620 0.02078278
v -0.08945899 0.01498674 0.01216305
v 0.00043594 0.00569381 0.02587542
v -0.16703948 0.04531117 0.00104810
v -0.08945899 0.01498674 0.01216305
v -0.16493524 0.04926175 0.00982016
v -0.08793133 0.01942620 0.02078278
v -0.20099503 0.08811942 -0.01504570
v -0.14503004 0.05403827 -0.00040947
v -0.14732644 0.05030045 -0.00926038
v -0.20338574 0.08425568 -0.02396769
v -0.24932204 0.13609572 -0.03883745
v -0.20338574 0.08425568 -0.02396769
v -0.25163807 0.13171482 -0.04759967
v -0.20099503 0.08811942 -0.01504570
v -0.20099503 0.08811942 -0.01504570
v -0.24932204 0.13609572 -0.03883745
v -0.25317210 0.13894115 -0.03031995
v -0.20468822 0.09031499 -0.00618354
v -0.14503004 0.05403827 -0.00040947
v -0.20099503 0.08811942 -0.01504570
v -0.14823605 0.05559436 0.00880583
v -0.20468822 0.09031499 -0.00618354
v -0.22151833 0.07901119 -0.02405456
v -0.27398684 0.12995347 -0.03981632
v -0.27012827 0.12687422 -0.04823220
v -0.22533052 0.08144693 -0.01528511
v -0.16703948 0.04531117 0.00104810
v -0.22151833 0.07901119 -0.02405456
v -0.16364127 0.04354233 -0.00808834
v -0.22533052 0.08144693 -0.01528511
v -0.16703948 0.04531117 0.00104810
v -0.22305883 0.08555085 -0.00645581
v -0.22533052 0.08144693 -0.01528511
v -0.16493524 0.04926175 0.00982016
v -0.27398684 0.12995347 -0.03981632
v -0.22533052 0.08144693 -0.01528511
v -0.27167930 0.13456831 -0.03115574
v -0.22305883 0.08555085 -0.00645581
v -0.25163807 0.13171482 -0.04759967
v -0.29764755 0.20177759 -0.07534067
v -0.24932204 0.13609572 -0.03883745
v -0.30009556 0.19680202 -0.08359687
v -0.29764755 0.20177759 -0.07534067
v -0.33765621 0.26435221 -0.12711354
v -0.33510227 0.27002876 -0.11957149
v -0.30009556 0.19680202 -0.08359687
v -0.29764755 0.20177759 -0.07534067
v -0.33510227 0.27002876 -0.11957149
v -0.33869317 0.27478005 -0.11150878
v -0.30145347 0.20565627 -0.06713062
v -0.24932204 0.13609572 -0.03883745
v -0.30145347 0.20565627 -0.06713062
v -0.25317210 0.13894115 -0.03031995
v -0.29764755 0.20177759 -0.07534067
v -0.35968178 0.26632746 -0.11748875
v -0.31889854 0.19328833 -0.08361416
v -0.32266325 0.19739008 -0.07552520
v -0.35615144 0.26136176 -0.12540677
v -0.32266325 0.19739008 -0.07552520
v -0.27012827 0.12687422 -0.04823220
v -0.27398684 0.12995347 -0.03981632
v -0.31889854 0.19328833 -0.08361416
v -0.32266325 0.19739008 -0.07552520
v -0.27398684 0.12995347 -0.03981632
v -0.27167930 0.13456831 -0.03115574
v -0.32017394 0.20258880 -0.06739012
v -0.35968178 0.26632746 -0.11748875
v -0.32017394 0.20258880 -0.06739012
v -0.35706717 0.27221849 -0.11009142
v -0.32266325 0.19739008 -0.07552520
v -0.33510227 0.27002876 -0.11957149
v -0.35321820 0.31920021 -0.17330381
v -0.35081659 0.32571330 -0.16654598
v -0.33765621 0.26435221 -0.12711354
v -0.35081659 0.32571330 -0.16654598
v -0.35467185 0.37672572 -0.22479919
v -0.35258543 0.38392468 -0.21859144
v -0.35321820 0.31920021 -0.17330381
v -0.35081659 0.32571330 -0.16654598
v -0.35258543 0.38392468 -0.21859144
v -0.35575281 0.38879703 -0.21039436
v -0.35405208 0.33063208 -0.15834764
v -0.33510227 0.27002876 -0.11957149
v -0.35405208 0.33063208 -0.15834764
v -0.33869317 0.27478005 -0.11150878
v -0.35081659 0.32571330 -0.16654598
v -0.37360084 0.37461816 -0.21063415
v -0.37020915 0.31420297 -0.16881634
v -0.37336468 0.31933602 -0.16078396
v -0.37053905 0.36956767 -0.21869083
v -0.35968178 0.26632746 -0.11748875
v -0.37336468 0.31933602 -0.16078396
v -0.35615144 0.26136176 -0.12540677
v -0.37020915 0.31420297 -0.16881634
v -0.37336468 0.31933602 -0.16078396
v -0.35706717 0.27221849 -0.11009142
v -0.37088320 0.32606339 -0.15419206
v -0.35968178 0.26632746 -0.11748875
v -0.37360084 0.37461816 -0.21063415
v -0.37088320 0.32606339 -0.15419206
v -0.37140870 0.38199533 -0.20456677
v -0.37336468 0.31933602 -0.16078396
v -0.35258543 0.38392468 -0.21859144
v -0.34990758 0.45230836 -0.28423113
v -0.34820342 0.45975633 -0.27803514
v -0.35467185 0.37672572 -0.22479919
v -0.34820342 0.45975633 -0.27803514
v -0.34840845 0.52692521 -0.34680031
v -0.34707177 0.53456783 -0.34059328
v -0.34990758 0.45230836 -0.28423113
v -0.34820342 0.45975633 -0.27803514
v -0.34707177 0.53456783 -0.34059328
v -0.35172063 0.54023740 -0.33411190
v -0.35201812 0.46485928 -0.27039604
v -0.35258543 0.38392468 -0.21859144
v -0.35201812 0.46485928 -0.27039604
v -0.35575281 0.38879703 -0.21039436
v -0.34820342 0.45975633 -0.27803514
v -0.37101381 0.52667538 -0.33949611
v -0.36660847 0.44521163 -0.27987818
v -0.37027898 0.45037633 -0.27226264
v -0.36653946 0.52101327 -0.34598167
v -0.37360084 0.37461816 -0.21063415
v -0.37027898 0.45037633 -0.27226264
v -0.37053905 0.36956767 -0.21869083
v -0.36660847 0.44521163 -0.27987818
v -0.37027898 0.45037633 -0.27226264
v -0.37140870 0.38199533 -0.20456677
v -0.36843058 0.45788586 -0.26609028
v -0.37360084 0.37461816 -0.21063415
v -0.37101381 0.52667538 -0.33949611
v -0.36843058 0.45788586 -0.26609028
v -0.36950274 0.53431069 -0.33328482
v -0.37027898 0.45037633 -0.27226264
v -0.34707177 0.53456783 -0.34059328
v -0.35965769 0.58155337 -0.40770765
v -0.35859181 0.58971874 -0.40198197
v -0.34840845 0.52692521 -0.34680031
v -0.36611466 0.62662085 -0.46865760
v -0.35965769 0.58155337 -0.40770765
v -0.36707642 0.61788164 -0.47368841
v -0.35859181 0.58971874 -0.40198197
v -0.36611466 0.62662085 -0.46865760
v -0.36373299 0.59634957 -0.39730105
v -0.35859181 0.58971874 -0.40198197
v -0.37120287 0.63431106 -0.46606731
v -0.34707177 0.53456783 -0.34059328
v -0.36373299 0.59634957 -0.39730105
v -0.35172063 0.54023740 -0.33411190
v -0.35859181 0.58971874 -0.40198197
v -0.38341999 0.58358077 -0.40616105
v -0.39031464 0.62242464 -0.47841949
v -0.38538896 0.61452553 -0.48057443
v -0.37845385 0.57685061 -0.41060481
v -0.36653946 0.52101327 -0.34598167
v -0.38341999 0.58358077 -0.40616105
v -0.37845385 0.57685061 -0.41060481
v -0.37101381 0.52667538 -0.33949611
v -0.38341999 0.58358077 -0.40616105
v -0.36950274 0.53431069 -0.33328482
v -0.38217914 0.59184537 -0.40067249
v -0.37101381 0.52667538 -0.33949611
v -0.38341999 0.58358077 -0.40616105
v -0.38919027 0.63137288 -0.47382411
v -0.39031464 0.62242464 -0.47841949
v -0.38217914 0.59184537 -0.40067249
v -0.35299137 0.64668604 -0.54707668
v -0.36707642 0.61788164 -0.47368841
v -0.35408561 0.63759871 -0.55147807
v -0.36611466 0.62662085 -0.46865760
v -0.31864319 0.65719302 -0.62237998
v -0.35408561 0.63759871 -0.55147807
v -0.31969184 0.64805619 -0.62647268
v -0.35299137 0.64668604 -0.54707668
v -0.31864319 0.65719302 -0.62237998
v -0.35727802 0.65523679 -0.54651445
v -0.35299137 0.64668604 -0.54707668
v -0.32187840 0.66640371 -0.62327322
v -0.36611466 0.62662085 -0.46865760
v -0.35299137 0.64668604 -0.54707668
v -0.37120287 0.63431106 -0.46606731
v -0.35727802 0.65523679 -0.54651445
v -0.37451505 0.64453962 -0.56243336
v -0.33577867 0.65748876 -0.64232319
v -0.33262898 0.64824809 -0.64141510
v -0.37038240 0.63583935 -0.56271722
v -0.39031464 0.62242464 -0.47841949
v -0.37038240 0.63583935 -0.56271722
v -0.38538896 0.61452553 -0.48057443
v -0.37451505 0.64453962 -0.56243336
v -0.39031464 0.62242464 -0.47841949
v -0.37326680 0.65377648 -0.55831025
v -0.37451505 0.64453962 -0.56243336
v -0.38919027 0.63137288 -0.47382411
v -0.37451505 0.64453962 -0.56243336
v -0.33464448 0.66665559 -0.63824562
v -0.33577867 0.65748876 -0.64232319
v -0.37326680 0.65377648 -0.55831025
v -0.26249157 0.66542046 -0.67970880
v -0.31969184 0.64805619 -0.62647268
v -0.26290161 0.65660596 -0.68406846
v -0.31864319 0.65719302 -0.62237998
v -0.19221567 0.67973143 -0.72707420
v -0.26249157 0.66542046 -0.67970880
v -0.19166962 0.67133188 -0.73191814
v -0.26290161 0.65660596 -0.68406846
v -0.19402467 0.68963465 -0.72810568
v -0.26492437 0.67508861 -0.68097443
v -0.26249157 0.66542046 -0.67970880
v -0.19221567 0.67973143 -0.72707420
v -0.26492437 0.67508861 -0.68097443
v -0.31864319 0.65719302 -0.62237998
v -0.26249157 0.66542046 -0.67970880
v -0.32187840 0.66640371 -0.62327322
v -0.19726763 0.68574642 -0.75057659
v -0.27132391 0.65920714 -0.70104955
v -0.27386295 0.66883534 -0.70220965
v -0.19526620 0.67589964 -0.74967697
v -0.33577867 0.65748876 -0.64232319
v -0.27386295 0.66883534 -0.70220965
v -0.33262898 0.64824809 -0.64141510
v -0.27132391 0.65920714 -0.70104955
v -0.33577867 0.65748876 -0.64232319
v -0.27355915 0.67760975 -0.69774452
v -0.27386295 0.66883534 -0.70220965
v -0.33464448 0.66665559 -0.63824562
v -0.19726763 0.68574642 -0.75057659
v -0.27355915 0.67760975 -0.69774452
v -0.19800609 0.69408940 -0.74560063
v -0.27386295 0.66883534 -0.70220965
v -0.11395067 0.70031826 -0.77767440
v -0.19221567 0.67973143 -0.72707420
v -0.19166962 0.67133188 -0.73191814
v -0.11549477 0.70848908 -0.77248689
v -0.11549477 0.70848908 -0.77248689
v -0.03125586 0.72827950 -0.80972214
v -0.03330738 0.73627965 -0.80416848
v -0.11395067 0.70031826 -0.77767440
v -0.03330738 0.73627965 -0.80416848
v -0.11678829 0.71838485 -0.77315455
v -0.11549477 0.70848908 -0.77248689
v -0.03386530 0.74603949 -0.80431321
v -0.19221567 0.67973143 -0.72707420
v -0.11549477 0.70848908 -0.77248689
v -0.19402467 0.68963465 -0.72810568
v -0.11678829 0.71838485 -0.77315455
v 0.06241482 0.75508822 -0.83249326
v 0.13938987 0.74197124 -0.82382405
v 0.06134970 0.74550593 -0.83318254
v 0.14157912 0.75133089 -0.82227731
v -0.02733302 0.74331844 -0.82696130
v 0.06134970 0.74550593 -0.83318254
v -0.02710976 0.73354114 -0.82691166
v 0.06241482 0.75508822 -0.83249326
v -0.02733302 0.74331844 -0.82696130
v 0.06121823 0.76282076 -0.82626579
v 0.06241482 0.75508822 -0.83249326
v -0.02904987 0.75133606 -0.82131255
v 0.06241482 0.75508822 -0.83249326
v 0.14097851 0.75863032 -0.81540592
v 0.14157912 0.75133089 -0.82227731
v 0.06121823 0.76282076 -0.82626579
v 0.18436048 0.71608392 -0.79337156
v 0.13041965 0.74309060 -0.80097861
v 0.13121367 0.73571620 -0.80770769
v 0.18373597 0.72285501 -0.78605835
v 0.23102094 0.69895290 -0.76876350
v 0.18373597 0.72285501 -0.78605835
v 0.23215390 0.69273553 -0.77636747
v 0.18436048 0.71608392 -0.79337156
v 0.23368888 0.70812182 -0.76580390
v 0.18373597 0.72285501 -0.78605835
v 0.23102094 0.69895290 -0.76876350
v 0.18642446 0.73208200 -0.78375212
v 0.13041965 0.74309060 -0.80097861
v 0.18642446 0.73208200 -0.78375212
v 0.13241553 0.75252518 -0.79957418
v 0.18373597 0.72285501 -0.78605835
v 0.30515653 0.68775598 -0.77252572
v 0.36366868 0.68526479 -0.74007183
v 0.36290411 0.67553275 -0.74298808
v 0.30687111 0.69720015 -0.76946032
v 0.24622430 0.71075913 -0.78734088
v 0.30515653 0.68775598 -0.77252572
v 0.24365247 0.70160218 -0.79034346
v 0.30687111 0.69720015 -0.76946032
v 0.30687111 0.69720015 -0.76946032
v 0.24622430 0.71075913 -0.78734088
v 0.24499528 0.71696454 -0.77969407
v 0.30436264 0.70318301 -0.76209938
v 0.30436264 0.70318301 -0.76209938
v 0.36366868 0.68526479 -0.74007183
v 0.30687111 0.69720015 -0.76946032
v 0.35987627 0.69123802 -0.73319024
v 0.34544107 0.67022985 -0.72421028
v 0.38641046 0.64769972 -0.67890106
v 0.38224033 0.65374712 -0.67216891
v 0.34914454 0.66427064 -0.73113974
v 0.40631862 0.63044684 -0.61094748
v 0.38224033 0.65374712 -0.67216891
v 0.41039330 0.62430705 -0.61770898
v 0.38641046 0.64769972 -0.67890106
v 0.40712324 0.63985334 -0.60759454
v 0.38224033 0.65374712 -0.67216891
v 0.40631862 0.63044684 -0.61094748
v 0.38284939 0.66341183 -0.66909522
v 0.34544107 0.67022985 -0.72421028
v 0.38284939 0.66341183 -0.66909522
v 0.34629446 0.67994787 -0.72124621
v 0.38224033 0.65374712 -0.67216891
v 0.45420085 0.56640204 -0.51288838
v 0.44206805 0.59947446 -0.57189144
v 0.44300328 0.60861548 -0.56833994
v 0.45277751 0.55756434 -0.51698033
v 0.44300328 0.60861548 -0.56833994
v 0.42541754 0.63402312 -0.62763385
v 0.42583579 0.64351343 -0.62458205
v 0.44206805 0.59947446 -0.57189144
v 0.44300328 0.60861548 -0.56833994
v 0.42583579 0.64351343 -0.62458205
v 0.42137471 0.64973718 -0.61812156
v 0.43909224 0.61481991 -0.56153835
v 0.43909224 0.61481991 -0.56153835
v 0.45420085 0.56640204 -0.51288838
v 0.44300328 0.60861548 -0.56833994
v 0.45081950 0.57254257 -0.50576255
v 0.43498199 0.55561346 -0.50075301
v 0.44491505 0.50313465 -0.44952616
v 0.44125346 0.50927924 -0.44259670
v 0.43836529 0.54950962 -0.50794212
v 0.44318913 0.46400510 -0.38529507
v 0.44125346 0.50927924 -0.44259670
v 0.44737835 0.45775508 -0.39169526
v 0.44491505 0.50313465 -0.44952616
v 0.44125346 0.50927924 -0.44259670
v 0.44405386 0.47287050 -0.38096256
v 0.44247094 0.51804210 -0.43827788
v 0.44318913 0.46400510 -0.38529507
v 0.43498199 0.55561346 -0.50075301
v 0.44247094 0.51804210 -0.43827788
v 0.43640337 0.56441451 -0.49659778
v 0.44125346 0.50927924 -0.44259670
v 0.45542554 0.40245158 -0.28881188
v 0.46196827 0.42741218 -0.34369619
v 0.46279947 0.43634189 -0.33924303
v 0.45488253 0.39371242 -0.29355092
v 0.46279947 0.43634189 -0.33924303
v 0.46227411 0.46566322 -0.39806127
v 0.46340469 0.47446650 -0.39356610
v 0.46196827 0.42741218 -0.34369619
v 0.46279947 0.43634189 -0.33924303
v 0.46340469 0.47446650 -0.39356610
v 0.45948136 0.48065454 -0.38700328
v 0.45831725 0.44266860 -0.33329735
v 0.45831725 0.44266860 -0.33329735
v 0.45542554 0.40245158 -0.28881188
v 0.46279947 0.43634189 -0.33924303
v 0.45061829 0.40900241 -0.28343724
v 0.43402435 0.39369780 -0.28626946
v 0.42290008 0.35895340 -0.24890915
v 0.41832617 0.36595194 -0.24402388
v 0.43887468 0.38703494 -0.29145840
v 0.42290008 0.35895340 -0.24890915
v 0.39783265 0.33385627 -0.20516758
v 0.41832617 0.36595194 -0.24402388
v 0.40190844 0.32667966 -0.21019141
v 0.41860915 0.37392963 -0.23838635
v 0.39783265 0.33385627 -0.20516758
v 0.39818152 0.34070535 -0.19830960
v 0.41832617 0.36595194 -0.24402388
v 0.43402435 0.39369780 -0.28626946
v 0.41860915 0.37392963 -0.23838635
v 0.43452433 0.40254914 -0.28171611
v 0.41832617 0.36595194 -0.24402388
v 0.41515175 0.32582890 -0.20485887
v 0.43775407 0.36986853 -0.24101480
v 0.41553122 0.33254622 -0.19783095
v 0.43745497 0.36202528 -0.24684171
v 0.43775407 0.36986853 -0.24101480
v 0.45488253 0.39371242 -0.29355092
v 0.45542554 0.40245158 -0.28881188
v 0.43745497 0.36202528 -0.24684171
v 0.43775407 0.36986853 -0.24101480
v 0.45542554 0.40245158 -0.28881188
v 0.45061829 0.40900241 -0.28343724
v 0.43319613 0.37673261 -0.23594021
v 0.41553122 0.33254622 -0.19783095
v 0.43775407 0.36986853 -0.24101480
v 0.41148616 0.33959107 -0.19263717
v 0.43319613 0.37673261 -0.23594021
v 0.37592545 0.28857449 -0.16833190
v 0.39783265 0.33385627 -0.20516758
v 0.40190844 0.32667966 -0.21019141
v 0.37953237 0.28162589 -0.17411439
v 0.37953237 0.28162589 -0.17411439
v 0.35282117 0.23737506 -0.13083086
v 0.37592545 0.28857449 -0.16833190
v 0.35593279 0.23077528 -0.13746262
v 0.37696303 0.29448911 -0.16077631
v 0.35282117 0.23737506 -0.13083086
v 0.35479297 0.24245880 -0.12284337
v 0.37592545 0.28857449 -0.16833190
v 0.39783265 0.33385627 -0.20516758
v 0.37696303 0.29448911 -0.16077631
v 0.39818152 0.34070535 -0.19830960
v 0.37592545 0.28857449 -0.16833190
v 0.37315502 0.23131077 -0.12540791
v 0.39343876 0.27860128 -0.16889283
v 0.39450354 0.28443839 -0.16123945
v 0.37116983 0.22623399 -0.13341303
v 0.39450354 0.28443839 -0.16123945
v 0.41515175 0.32582890 -0.20485887
v 0.41553122 0.33254622 -0.19783095
v 0.39343876 0.27860128 -0.16889283
v 0.39092372 0.29130960 -0.15535918
v 0.41553122 0.33254622 -0.19783095
v 0.41148616 0.33959107 -0.19263717
v 0.39450354 0.28443839 -0.16123945
v 0.37315502 0.23131077 -0.12540791
v 0.39450354 0.28443839 -0.16123945
v 0.37005667 0.23790365 -0.11875852
v 0.39092372 0.29130960 -0.15535918
v -0.19304332 0.67057471 -0.74145498
v -0.11395067 0.70031826 -0.77767440
v -0.19166962 0.67133188 -0.73191814
v -0.11313921 0.69990466 -0.78728630
v -0.11313921 0.69990466 -0.78728630
v -0.19304332 0.67057471 -0.74145498
v -0.19526620 0.67589964 -0.74967697
v -0.11325494 0.70550838 -0.79535379
v -0.02880368 0.72794738 -0.81923421
v -0.11325494 0.70550838 -0.79535379
v -0.02710976 0.73354114 -0.82691166
v -0.11313921 0.69990466 -0.78728630
v -0.11313921 0.69990466 -0.78728630
v -0.02880368 0.72794738 -0.81923421
v -0.03125586 0.72827950 -0.80972214
v -0.11395067 0.70031826 -0.77767440
v -0.36244288 0.37110512 -0.22412244
v -0.35793029 0.44665788 -0.28435654
v -0.35467185 0.37672572 -0.22479919
v -0.34990758 0.45230836 -0.28423113
v -0.36244288 0.37110512 -0.22412244
v -0.36660847 0.44521163 -0.27987818
v -0.35793029 0.44665788 -0.28435654
v -0.37053905 0.36956767 -0.21869083
v -0.36653946 0.52101327 -0.34598167
v -0.35793029 0.44665788 -0.28435654
v -0.36660847 0.44521163 -0.27987818
v -0.35695096 0.52175181 -0.34850647
v -0.34990758 0.45230836 -0.28423113
v -0.35695096 0.52175181 -0.34850647
v -0.34840845 0.52692521 -0.34680031
v -0.35793029 0.44665788 -0.28435654
v 0.05820504 0.73982766 -0.82594644
v 0.13506924 0.73605469 -0.81714525
v 0.13121367 0.73571620 -0.80770769
v 0.05490357 0.73993006 -0.81644555
v 0.05490357 0.73993006 -0.81644555
v -0.02880368 0.72794738 -0.81923421
v 0.05820504 0.73982766 -0.82594644
v -0.03125586 0.72827950 -0.80972214
v 0.05820504 0.73982766 -0.82594644
v -0.02880368 0.72794738 -0.81923421
v -0.02710976 0.73354114 -0.82691166
v 0.06134970 0.74550593 -0.83318254
v 0.13506924 0.73605469 -0.81714525
v 0.06134970 0.74550593 -0.83318254
v 0.13938987 0.74197124 -0.82382405
v 0.05820504 0.73982766 -0.82594644
v 0.29889860 0.67999378 -0.76781150
v 0.35651422 0.66728645 -0.73870483
v 0.34914454 0.66427064 -0.73113974
v 0.29240383 0.67737350 -0.75962611
v 0.29240383 0.67737350 -0.75962611
v 0.23766339 0.69460651 -0.78512312
v 0.29889860 0.67999378 -0.76781150
v 0.23215390 0.69273553 -0.77636747
v 0.29889860 0.67999378 -0.76781150
v 0.23766339 0.69460651 -0.78512312
v 0.24365247 0.70160218 -0.79034346
v 0.30515653 0.68775598 -0.77252572
v 0.30515653 0.68775598 -0.77252572
v 0.35651422 0.66728645 -0.73870483
v 0.29889860 0.67999378 -0.76781150
v 0.36290411 0.67553275 -0.74298808
v 0.42728479 0.59073875 -0.56236289
v 0.44589806 0.55104667 -0.51434142
v 0.43836529 0.54950962 -0.50794212
v 0.43513165 0.59256139 -0.56888965
v 0.41851480 0.62656001 -0.62430693
v 0.43513165 0.59256139 -0.56888965
v 0.41039330 0.62430705 -0.61770898
v 0.42728479 0.59073875 -0.56236289
v 0.41851480 0.62656001 -0.62430693
v 0.44206805 0.59947446 -0.57189144
v 0.43513165 0.59256139 -0.56888965
v 0.42541754 0.63402312 -0.62763385
v 0.45277751 0.55756434 -0.51698033
v 0.43513165 0.59256139 -0.56888965
v 0.44206805 0.59947446 -0.57189144
v 0.44589806 0.55104667 -0.51434142
v 0.44759647 0.38780665 -0.29415933
v 0.44619949 0.41951191 -0.33902992
v 0.45472099 0.42090410 -0.34306476
v 0.43887468 0.38703494 -0.29145840
v 0.45533599 0.45920022 -0.39669418
v 0.45472099 0.42090410 -0.34306476
v 0.44737835 0.45775508 -0.39169526
v 0.44619949 0.41951191 -0.33902992
v 0.45533599 0.45920022 -0.39669418
v 0.46196827 0.42741218 -0.34369619
v 0.45472099 0.42090410 -0.34306476
v 0.46227411 0.46566322 -0.39806127
v 0.45472099 0.42090410 -0.34306476
v 0.46196827 0.42741218 -0.34369619
v 0.45488253 0.39371242 -0.29355092
v 0.44759647 0.38780665 -0.29415933
v 0.30403319 0.12837207 -0.05910195
v 0.33919495 0.17607717 -0.09752606
v 0.31154349 0.12535128 -0.05411166
v 0.34719869 0.17461868 -0.09288908
v 0.33919495 0.17607717 -0.09752606
v 0.29690652 0.13459422 -0.05872793
v 0.33127023 0.18111093 -0.09702062
v 0.30403319 0.12837207 -0.05910195
v 0.36373904 0.22655851 -0.13787730
v 0.33127023 0.18111093 -0.09702062
v 0.35593279 0.23077528 -0.13746262
v 0.33919495 0.17607717 -0.09752606
v 0.34719869 0.17461868 -0.09288908
v 0.36373904 0.22655851 -0.13787730
v 0.37116983 0.22623399 -0.13341303
v 0.33919495 0.17607717 -0.09752606
v 0.17554974 0.05798460 -0.00780331
v 0.24901005 0.08527679 -0.02901772
v 0.17749397 0.04865427 -0.00849752
v 0.24420328 0.09318641 -0.02852401
v 0.30403319 0.12837207 -0.05910195
v 0.24901005 0.08527679 -0.02901772
v 0.29690652 0.13459422 -0.05872793
v 0.24420328 0.09318641 -0.02852401
v 0.30403319 0.12837207 -0.05910195
v 0.25422256 0.08002778 -0.02387148
v 0.24901005 0.08527679 -0.02901772
v 0.31154349 0.12535128 -0.05411166
v 0.24901005 0.08527679 -0.02901772
v 0.25422256 0.08002778 -0.02387148
v 0.17970486 0.04145443 -0.00330561
v 0.17749397 0.04865427 -0.00849752
v 0.09285352 0.02036756 0.00123454
v 0.00375462 0.00801272 0.00266569
v 0.00664168 0.01687186 0.00372277
v 0.09333508 0.03008585 0.00203985
v 0.17749397 0.04865427 -0.00849752
v 0.09333508 0.03008585 0.00203985
v 0.17554974 0.05798460 -0.00780331
v 0.09285352 0.02036756 0.00123454
v 0.09285352 0.02036756 0.00123454
v 0.17749397 0.04865427 -0.00849752
v 0.17970486 0.04145443 -0.00330561
v 0.09245921 0.01243741 0.00644894
v 0.00375462 0.00801272 0.00266569
v 0.09245921 0.01243741 0.00644894
v 0.00077224 0.00078635 0.00767597
v 0.09285352 0.02036756 0.00123454
v -0.08113682 0.01918567 -0.00171684
v -0.15530024 0.04600357 -0.01167224
v -0.14732644 0.05030045 -0.00926038
v -0.07544805 0.02572461 -0.00003709
v -0.07544805 0.02572461 -0.00003709
v 0.00375462 0.00801272 0.00266569
v -0.08113682 0.01918567 -0.00171684
v 0.00664168 0.01687186 0.00372277
v 0.00077224 0.00078635 0.00767597
v -0.08113682 0.01918567 -0.00171684
v 0.00375462 0.00801272 0.00266569
v -0.08706952 0.01431109 0.00265937
v -0.15530024 0.04600357 -0.01167224
v -0.08706952 0.01431109 0.00265937
v -0.16364127 0.04354233 -0.00808834
v -0.08113682 0.01918567 -0.00171684
v -0.21221510 0.08058354 -0.02695970
v -0.26062611 0.12805118 -0.05077894
v -0.25163807 0.13171482 -0.04759967
v -0.20338574 0.08425568 -0.02396769
v -0.20338574 0.08425568 -0.02396769
v -0.15530024 0.04600357 -0.01167224
v -0.21221510 0.08058354 -0.02695970
v -0.14732644 0.05030045 -0.00926038
v -0.21221510 0.08058354 -0.02695970
v -0.15530024 0.04600357 -0.01167224
v -0.16364127 0.04354233 -0.00808834
v -0.22151833 0.07901119 -0.02405456
v -0.22151833 0.07901119 -0.02405456
v -0.26062611 0.12805118 -0.05077894
v -0.21221510 0.08058354 -0.02695970
v -0.27012827 0.12687422 -0.04823220
v -0.30927763 0.19353227 -0.08632970
v -0.33765621 0.26435221 -0.12711354
v -0.30009556 0.19680202 -0.08359687
v -0.34674113 0.26108327 -0.12883681
v -0.26062611 0.12805118 -0.05077894
v -0.30009556 0.19680202 -0.08359687
v -0.25163807 0.13171482 -0.04759967
v -0.30927763 0.19353227 -0.08632970
v -0.30927763 0.19353227 -0.08632970
v -0.26062611 0.12805118 -0.05077894
v -0.27012827 0.12687422 -0.04823220
v -0.31889854 0.19328833 -0.08361416
v -0.31889854 0.19328833 -0.08361416
v -0.34674113 0.26108327 -0.12883681
v -0.30927763 0.19353227 -0.08632970
v -0.35615144 0.26136176 -0.12540677
v -0.35321820 0.31920021 -0.17330381
v -0.36244288 0.37110512 -0.22412244
v -0.35467185 0.37672572 -0.22479919
v -0.36158806 0.31476055 -0.17352511
v -0.34674113 0.26108327 -0.12883681
v -0.36158806 0.31476055 -0.17352511
v -0.33765621 0.26435221 -0.12711354
v -0.35321820 0.31920021 -0.17330381
v -0.36158806 0.31476055 -0.17352511
v -0.34674113 0.26108327 -0.12883681
v -0.35615144 0.26136176 -0.12540677
v -0.37020915 0.31420297 -0.16881634
v -0.37053905 0.36956767 -0.21869083
v -0.36158806 0.31476055 -0.17352511
v -0.37020915 0.31420297 -0.16881634
v -0.36244288 0.37110512 -0.22412244
v -0.36840576 0.57671943 -0.41085119
v -0.37557206 0.61343039 -0.47832905
v -0.36707642 0.61788164 -0.47368841
v -0.35965769 0.58155337 -0.40770765
v -0.35695096 0.52175181 -0.34850647
v -0.36840576 0.57671943 -0.41085119
v -0.34840845 0.52692521 -0.34680031
v -0.35965769 0.58155337 -0.40770765
v -0.36840576 0.57671943 -0.41085119
v -0.36653946 0.52101327 -0.34598167
v -0.37845385 0.57685061 -0.41060481
v -0.35695096 0.52175181 -0.34850647
v -0.37557206 0.61343039 -0.47832905
v -0.37845385 0.57685061 -0.41060481
v -0.38538896 0.61452553 -0.48057443
v -0.36840576 0.57671943 -0.41085119
v -0.36172762 0.63375439 -0.55787858
v -0.32581021 0.64508923 -0.63447460
v -0.31969184 0.64805619 -0.62647268
v -0.35408561 0.63759871 -0.55147807
v -0.37557206 0.61343039 -0.47832905
v -0.35408561 0.63759871 -0.55147807
v -0.36707642 0.61788164 -0.47368841
v -0.36172762 0.63375439 -0.55787858
v -0.38538896 0.61452553 -0.48057443
v -0.37038240 0.63583935 -0.56271722
v -0.36172762 0.63375439 -0.55787858
v -0.37557206 0.61343039 -0.47832905
v -0.32581021 0.64508923 -0.63447460
v -0.37038240 0.63583935 -0.56271722
v -0.33262898 0.64824809 -0.64141510
v -0.36172762 0.63375439 -0.55787858
v -0.26675791 0.65483276 -0.69309219
v -0.19166962 0.67133188 -0.73191814
v -0.26290161 0.65660596 -0.68406846
v -0.19304332 0.67057471 -0.74145498
v -0.32581021 0.64508923 -0.63447460
v -0.26290161 0.65660596 -0.68406846
v -0.31969184 0.64805619 -0.62647268
v -0.26675791 0.65483276 -0.69309219
v -0.26675791 0.65483276 -0.69309219
v -0.32581021 0.64508923 -0.63447460
v -0.33262898 0.64824809 -0.64141510
v -0.27132391 0.65920714 -0.70104955
v -0.27132391 0.65920714 -0.70104955
v -0.19304332 0.67057471 -0.74145498
v -0.26675791 0.65483276 -0.69309219
v -0.19526620 0.67589964 -0.74967697
v 0.18897112 0.71713720 -0.80255273
v 0.23766339 0.69460651 -0.78512312
v 0.23215390 0.69273553 -0.77636747
v 0.18436048 0.71608392 -0.79337156
v 0.18436048 0.71608392 -0.79337156
v 0.13506924 0.73605469 -0.81714525
v 0.18897112 0.71713720 -0.80255273
v 0.13121367 0.73571620 -0.80770769
v 0.18897112 0.71713720 -0.80255273
v 0.13506924 0.73605469 -0.81714525
v 0.13938987 0.74197124 -0.82382405
v 0.19427720 0.72350530 -0.80849364
v 0.19427720 0.72350530 -0.80849364
v 0.23766339 0.69460651 -0.78512312
v 0.18897112 0.71713720 -0.80255273
v 0.24365247 0.70160218 -0.79034346
v 0.38641046 0.64769972 -0.67890106
v 0.41851480 0.62656001 -0.62430693
v 0.41039330 0.62430705 -0.61770898
v 0.39434759 0.65047175 -0.68589106
v 0.35651422 0.66728645 -0.73870483
v 0.39434759 0.65047175 -0.68589106
v 0.34914454 0.66427064 -0.73113974
v 0.38641046 0.64769972 -0.67890106
v 0.36290411 0.67553275 -0.74298808
v 0.40101036 0.65849882 -0.68967847
v 0.39434759 0.65047175 -0.68589106
v 0.35651422 0.66728645 -0.73870483
v 0.42541754 0.63402312 -0.62763385
v 0.39434759 0.65047175 -0.68589106
v 0.40101036 0.65849882 -0.68967847
v 0.41851480 0.62656001 -0.62430693
v 0.44491505 0.50313465 -0.44952616
v 0.45533599 0.45920022 -0.39669418
v 0.44737835 0.45775508 -0.39169526
v 0.45251395 0.50458705 -0.45536462
v 0.44589806 0.55104667 -0.51434142
v 0.45251395 0.50458705 -0.45536462
v 0.43836529 0.54950962 -0.50794212
v 0.44491505 0.50313465 -0.44952616
v 0.44589806 0.55104667 -0.51434142
v 0.45936173 0.51100386 -0.45742983
v 0.45251395 0.50458705 -0.45536462
v 0.45277751 0.55756434 -0.51698033
v 0.46227411 0.46566322 -0.39806127
v 0.45251395 0.50458705 -0.45536462
v 0.45936173 0.51100386 -0.45742983
v 0.45533599 0.45920022 -0.39669418
v 0.40914612 0.32393864 -0.20953378
v 0.42290008 0.35895340 -0.24890915
v 0.43088999 0.35801570 -0.24966077
v 0.40190844 0.32667966 -0.21019141
v 0.43088999 0.35801570 -0.24966077
v 0.43887468 0.38703494 -0.29145840
v 0.44759647 0.38780665 -0.29415933
v 0.42290008 0.35895340 -0.24890915
v 0.44759647 0.38780665 -0.29415933
v 0.43745497 0.36202528 -0.24684171
v 0.43088999 0.35801570 -0.24966077
v 0.45488253 0.39371242 -0.29355092
v 0.40914612 0.32393864 -0.20953378
v 0.43745497 0.36202528 -0.24684171
v 0.41515175 0.32582890 -0.20485887
v 0.43088999 0.35801570 -0.24966077
v 0.38690928 0.27798265 -0.17374292
v 0.36373904 0.22655851 -0.13787730
v 0.35593279 0.23077528 -0.13746262
v 0.37953237 0.28162589 -0.17411439
v 0.40914612 0.32393864 -0.20953378
v 0.38690928 0.27798265 -0.17374292
v 0.40190844 0.32667966 -0.21019141
v 0.37953237 0.28162589 -0.17411439
v 0.38690928 0.27798265 -0.17374292
v 0.41515175 0.32582890 -0.20485887
v 0.39343876 0.27860128 -0.16889283
v 0.40914612 0.32393864 -0.20953378
v 0.38690928 0.27798265 -0.17374292
v 0.37116983 0.22623399 -0.13341303
v 0.36373904 0.22655851 -0.13787730
v 0.39343876 0.27860128 -0.16889283
v -0.03183672 0.75165071 -0.81189539
v -0.11598048 0.72354521 -0.79060712
v -0.11684798 0.72397367 -0.78110861
v -0.02904987 0.75133606 -0.82131255
v -0.19643991 0.69490305 -0.73619571
v -0.11684798 0.72397367 -0.78110861
v -0.19800609 0.69408940 -0.74560063
v -0.11598048 0.72354521 -0.79060712
v -0.11678829 0.71838485 -0.77315455
v -0.19643991 0.69490305 -0.73619571
v -0.19402467 0.68963465 -0.72810568
v -0.11684798 0.72397367 -0.78110861
v -0.03183672 0.75165071 -0.81189539
v -0.11684798 0.72397367 -0.78110861
v -0.03386530 0.74603949 -0.80431321
v -0.11678829 0.71838485 -0.77315455
v -0.36950274 0.53431069 -0.33328482
v -0.36055211 0.46347468 -0.26594126
v -0.36113465 0.53949155 -0.33158292
v -0.36843058 0.45788586 -0.26609028
v -0.36374335 0.38743775 -0.20510316
v -0.36843058 0.45788586 -0.26609028
v -0.37140870 0.38199533 -0.20456677
v -0.36055211 0.46347468 -0.26594126
v -0.36055211 0.46347468 -0.26594126
v -0.36374335 0.38743775 -0.20510316
v -0.35575281 0.38879703 -0.21039436
v -0.35201812 0.46485928 -0.27039604
v -0.35201812 0.46485928 -0.27039604
v -0.36113465 0.53949155 -0.33158292
v -0.36055211 0.46347468 -0.26594126
v -0.35172063 0.54023740 -0.33411190
v 0.05757776 0.76294989 -0.81688737
v -0.02904987 0.75133606 -0.82131255
v -0.03183672 0.75165071 -0.81189539
v 0.06121823 0.76282076 -0.82626579
v 0.05409413 0.75729862 -0.80977374
v -0.03183672 0.75165071 -0.81189539
v -0.03386530 0.74603949 -0.80431321
v 0.05757776 0.76294989 -0.81688737
v 0.13692956 0.75836680 -0.80611076
v 0.05757776 0.76294989 -0.81688737
v 0.13241553 0.75252518 -0.79957418
v 0.05409413 0.75729862 -0.80977374
v 0.13692956 0.75836680 -0.80611076
v 0.06121823 0.76282076 -0.82626579
v 0.05757776 0.76294989 -0.81688737
v 0.14097851 0.75863032 -0.81540592
v 0.29795112 0.70056120 -0.75392693
v 0.24499528 0.71696454 -0.77969407
v 0.23958189 0.71510552 -0.77098117
v 0.30436264 0.70318301 -0.76209938
v 0.23958189 0.71510552 -0.77098117
v 0.29177656 0.69279747 -0.74922552
v 0.29795112 0.70056120 -0.75392693
v 0.23368888 0.70812182 -0.76580390
v 0.35259554 0.68820828 -0.72557728
v 0.29795112 0.70056120 -0.75392693
v 0.34629446 0.67994787 -0.72124621
v 0.29177656 0.69279747 -0.74922552
v 0.35259554 0.68820828 -0.72557728
v 0.30436264 0.70318301 -0.76209938
v 0.29795112 0.70056120 -0.75392693
v 0.35987627 0.69123802 -0.73319024
v 0.41363961 0.64740031 -0.61122241
v 0.43909224 0.61481991 -0.56153835
v 0.42137471 0.64973718 -0.61812156
v 0.43148971 0.61292332 -0.55478971
v 0.40712324 0.63985334 -0.60759454
v 0.42479769 0.60593626 -0.55156602
v 0.43148971 0.61292332 -0.55478971
v 0.41363961 0.64740031 -0.61122241
v 0.44328482 0.57096883 -0.49930001
v 0.42479769 0.60593626 -0.55156602
v 0.43640337 0.56441451 -0.49659778
v 0.43148971 0.61292332 -0.55478971
v 0.43148971 0.61292332 -0.55478971
v 0.44328482 0.57096883 -0.49930001
v 0.45081950 0.57254257 -0.50576255
v 0.43909224 0.61481991 -0.56153835
v 0.45831725 0.44266860 -0.33329735
v 0.45125782 0.47927138 -0.38216702
v 0.44962424 0.44136782 -0.32945117
v 0.45948136 0.48065454 -0.38700328
v 0.44962424 0.44136782 -0.32945117
v 0.44405386 0.47287050 -0.38096256
v 0.44220542 0.43495110 -0.32900845
v 0.45125782 0.47927138 -0.38216702
v 0.44185342 0.40834276 -0.28092202
v 0.44220542 0.43495110 -0.32900845
v 0.43452433 0.40254914 -0.28171611
v 0.44962424 0.44136782 -0.32945117
v 0.44962424 0.44136782 -0.32945117
v 0.44185342 0.40834276 -0.28092202
v 0.45061829 0.40900241 -0.28343724
v 0.45831725 0.44266860 -0.33329735
v 0.33151051 0.19179248 -0.08156766
v 0.36223705 0.24212730 -0.11836148
v 0.35479297 0.24245880 -0.12284337
v 0.33951113 0.19037828 -0.07695639
v 0.30556777 0.14117759 -0.03764472
v 0.33151051 0.19179248 -0.08156766
v 0.29808921 0.14415532 -0.04260523
v 0.33951113 0.19037828 -0.07695639
v 0.30556777 0.14117759 -0.03764472
v 0.34743261 0.18538887 -0.07748755
v 0.33951113 0.19037828 -0.07695639
v 0.31266275 0.13499841 -0.03804848
v 0.33951113 0.19037828 -0.07695639
v 0.37005667 0.23790365 -0.11875852
v 0.36223705 0.24212730 -0.11836148
v 0.34743261 0.18538887 -0.07748755
v 0.30556777 0.14117759 -0.03764472
v 0.25535817 0.08796544 -0.00694361
v 0.31266275 0.13499841 -0.03804848
v 0.25063329 0.09591942 -0.00645796
v 0.25063329 0.09591942 -0.00645796
v 0.30556777 0.14117759 -0.03764472
v 0.29808921 0.14415532 -0.04260523
v 0.24550264 0.10121276 -0.01161225
v 0.24550264 0.10121276 -0.01161225
v 0.17856057 0.05717610 0.01504703
v 0.25063329 0.09591942 -0.00645796
v 0.17645941 0.06449625 0.00981135
v 0.25535817 0.08796544 -0.00694361
v 0.17856057 0.05717610 0.01504703
v 0.18039509 0.04772550 0.01439655
v 0.25063329 0.09591942 -0.00645796
v 0.17856057 0.05717610 0.01504703
v 0.09320249 0.02751985 0.02531335
v 0.18039509 0.04772550 0.01439655
v 0.09264953 0.01771425 0.02454146
v 0.17856057 0.05717610 0.01504703
v 0.09366819 0.03553737 0.02006555
v 0.09320249 0.02751985 0.02531335
v 0.17645941 0.06449625 0.00981135
v 0.00337332 0.01454425 0.02693529
v 0.09320249 0.02751985 0.02531335
v 0.00640604 0.02176183 0.02192778
v 0.09366819 0.03553737 0.02006555
v 0.09264953 0.01771425 0.02454146
v 0.00337332 0.01454425 0.02693529
v 0.00043594 0.00569381 0.02587542
v 0.09320249 0.02751985 0.02531335
v 0.00337332 0.01454425 0.02693529
v -0.08211265 0.02584291 0.02250706
v 0.00043594 0.00569381 0.02587542
v -0.08793133 0.01942620 0.02078278
v 0.00337332 0.01454425 0.02693529
v -0.07605000 0.03059539 0.01817539
v -0.08211265 0.02584291 0.02250706
v 0.00640604 0.02176183 0.02192778
v -0.15676927 0.05334579 0.01231088
v -0.08211265 0.02584291 0.02250706
v -0.14823605 0.05559436 0.00880583
v -0.07605000 0.03059539 0.01817539
v -0.15676927 0.05334579 0.01231088
v -0.08793133 0.01942620 0.02078278
v -0.08211265 0.02584291 0.02250706
v -0.16493524 0.04926175 0.00982016
v -0.15676927 0.05334579 0.01231088
v -0.21411041 0.08898285 -0.00337111
v -0.16493524 0.04926175 0.00982016
v -0.22305883 0.08555085 -0.00645581
v -0.20468822 0.09031499 -0.00618354
v -0.15676927 0.05334579 0.01231088
v -0.14823605 0.05559436 0.00880583
v -0.21411041 0.08898285 -0.00337111
v -0.26268277 0.13799808 -0.02787483
v -0.21411041 0.08898285 -0.00337111
v -0.25317210 0.13894115 -0.03031995
v -0.20468822 0.09031499 -0.00618354
v -0.26268277 0.13799808 -0.02787483
v -0.22305883 0.08555085 -0.00645581
v -0.21411041 0.08898285 -0.00337111
v -0.27167930 0.13456831 -0.03115574
v -0.31103313 0.20563543 -0.06453617
v -0.27167930 0.13456831 -0.03115574
v -0.26268277 0.13799808 -0.02787483
v -0.32017394 0.20258880 -0.06739012
v -0.30145347 0.20565627 -0.06713062
v -0.26268277 0.13799808 -0.02787483
v -0.25317210 0.13894115 -0.03031995
v -0.31103313 0.20563543 -0.06453617
v -0.34804281 0.27527297 -0.10822344
v -0.31103313 0.20563543 -0.06453617
v -0.33869317 0.27478005 -0.11150878
v -0.30145347 0.20565627 -0.06713062
v -0.34804281 0.27527297 -0.10822344
v -0.32017394 0.20258880 -0.06739012
v -0.31103313 0.20563543 -0.06453617
v -0.35706717 0.27221849 -0.11009142
v -0.34804281 0.27527297 -0.10822344
v -0.37088320 0.32606339 -0.15419206
v -0.35706717 0.27221849 -0.11009142
v -0.36259326 0.33028878 -0.15380481
v -0.34804281 0.27527297 -0.10822344
v -0.35405208 0.33063208 -0.15834764
v -0.36259326 0.33028878 -0.15380481
v -0.33869317 0.27478005 -0.11150878
v -0.35405208 0.33063208 -0.15834764
v -0.36374335 0.38743775 -0.20510316
v -0.36259326 0.33028878 -0.15380481
v -0.35575281 0.38879703 -0.21039436
v -0.37140870 0.38199533 -0.20456677
v -0.36259326 0.33028878 -0.15380481
v -0.36374335 0.38743775 -0.20510316
v -0.37088320 0.32606339 -0.15419206
v -0.36113465 0.53949155 -0.33158292
v -0.38217914 0.59184537 -0.40067249
v -0.36950274 0.53431069 -0.33328482
v -0.37360610 0.59658008 -0.39729188
v -0.36113465 0.53949155 -0.33158292
v -0.36373299 0.59634957 -0.39730105
v -0.37360610 0.59658008 -0.39729188
v -0.35172063 0.54023740 -0.33411190
v -0.37360610 0.59658008 -0.39729188
v -0.36373299 0.59634957 -0.39730105
v -0.37120287 0.63431106 -0.46606731
v -0.38085722 0.63561501 -0.46874808
v -0.38085722 0.63561501 -0.46874808
v -0.38217914 0.59184537 -0.40067249
v -0.37360610 0.59658008 -0.39729188
v -0.38919027 0.63137288 -0.47382411
v -0.38085722 0.63561501 -0.46874808
v -0.36577883 0.65747127 -0.55163141
v -0.38919027 0.63137288 -0.47382411
v -0.37326680 0.65377648 -0.55831025
v -0.38085722 0.63561501 -0.46874808
v -0.35727802 0.65523679 -0.54651445
v -0.36577883 0.65747127 -0.55163141
v -0.37120287 0.63431106 -0.46606731
v -0.36577883 0.65747127 -0.55163141
v -0.32187840 0.66640371 -0.62327322
v -0.32861163 0.66959256 -0.63022861
v -0.35727802 0.65523679 -0.54651445
v -0.37326680 0.65377648 -0.55831025
v -0.32861163 0.66959256 -0.63022861
v -0.33464448 0.66665559 -0.63824562
v -0.36577883 0.65747127 -0.55163141
v -0.32861163 0.66959256 -0.63022861
v -0.26959658 0.67942299 -0.68882622
v -0.33464448 0.66665559 -0.63824562
v -0.27355915 0.67760975 -0.69774452
v -0.32861163 0.66959256 -0.63022861
v -0.26492437 0.67508861 -0.68097443
v -0.26959658 0.67942299 -0.68882622
v -0.32187840 0.66640371 -0.62327322
v -0.26959658 0.67942299 -0.68882622
v -0.19402467 0.68963465 -0.72810568
v -0.19643991 0.69490305 -0.73619571
v -0.26492437 0.67508861 -0.68097443
v -0.19643991 0.69490305 -0.73619571
v -0.27355915 0.67760975 -0.69774452
v -0.26959658 0.67942299 -0.68882622
v -0.19800609 0.69408940 -0.74560063
v 0.19175280 0.73839627 -0.78959217
v 0.14097851 0.75863032 -0.81540592
v 0.13692956 0.75836680 -0.80611076
v 0.19638573 0.73939595 -0.79867247
v 0.13692956 0.75836680 -0.80611076
v 0.18642446 0.73208200 -0.78375212
v 0.19175280 0.73839627 -0.78959217
v 0.13241553 0.75252518 -0.79957418
v 0.19175280 0.73839627 -0.78959217
v 0.18642446 0.73208200 -0.78375212
v 0.23368888 0.70812182 -0.76580390
v 0.23958189 0.71510552 -0.77098117
v 0.23958189 0.71510552 -0.77098117
v 0.19638573 0.73939595 -0.79867247
v 0.19175280 0.73839627 -0.78959217
v 0.24499528 0.71696454 -0.77969407
v 0.35259554 0.68820828 -0.72557728
v 0.39692493 0.67431636 -0.68026820
v 0.35987627 0.69123802 -0.73319024
v 0.38924995 0.67149157 -0.67308035
v 0.35259554 0.68820828 -0.72557728
v 0.38284939 0.66341183 -0.66909522
v 0.38924995 0.67149157 -0.67308035
v 0.34629446 0.67994787 -0.72124621
v 0.41363961 0.64740031 -0.61122241
v 0.38284939 0.66341183 -0.66909522
v 0.40712324 0.63985334 -0.60759454
v 0.38924995 0.67149157 -0.67308035
v 0.38924995 0.67149157 -0.67308035
v 0.42137471 0.64973718 -0.61812156
v 0.39692493 0.67431636 -0.68026820
v 0.41363961 0.64740031 -0.61122241
v 0.44328482 0.57096883 -0.49930001
v 0.45729904 0.52588337 -0.44603794
v 0.45081950 0.57254257 -0.50576255
v 0.44950941 0.52444499 -0.44027124
v 0.43640337 0.56441451 -0.49659778
v 0.44950941 0.52444499 -0.44027124
v 0.44328482 0.57096883 -0.49930001
v 0.44247094 0.51804210 -0.43827788
v 0.45125782 0.47927138 -0.38216702
v 0.44247094 0.51804210 -0.43827788
v 0.44405386 0.47287050 -0.38096256
v 0.44950941 0.52444499 -0.44027124
v 0.44950941 0.52444499 -0.44027124
v 0.45125782 0.47927138 -0.38216702
v 0.45948136 0.48065454 -0.38700328
v 0.45729904 0.52588337 -0.44603794
v 0.43319613 0.37673261 -0.23594021
v 0.44185342 0.40834276 -0.28092202
v 0.42519015 0.37780475 -0.23537790
v 0.45061829 0.40900241 -0.28343724
v 0.42519015 0.37780475 -0.23537790
v 0.43452433 0.40254914 -0.28171611
v 0.41860915 0.37392963 -0.23838635
v 0.44185342 0.40834276 -0.28092202
v 0.40421784 0.34246388 -0.19346477
v 0.42519015 0.37780475 -0.23537790
v 0.39818152 0.34070535 -0.19830960
v 0.41860915 0.37392963 -0.23838635
v 0.42519015 0.37780475 -0.23537790
v 0.40421784 0.34246388 -0.19346477
v 0.41148616 0.33959107 -0.19263717
v 0.43319613 0.37673261 -0.23594021
v 0.38351973 0.29503030 -0.15582843
v 0.41148616 0.33959107 -0.19263717
v 0.40421784 0.34246388 -0.19346477
v 0.39092372 0.29130960 -0.15535918
v 0.37696303 0.29448911 -0.16077631
v 0.40421784 0.34246388 -0.19346477
v 0.39818152 0.34070535 -0.19830960
v 0.38351973 0.29503030 -0.15582843
v 0.36223705 0.24212730 -0.11836148
v 0.38351973 0.29503030 -0.15582843
v 0.35479297 0.24245880 -0.12284337
v 0.37696303 0.29448911 -0.16077631
v 0.36223705 0.24212730 -0.11836148
v 0.39092372 0.29130960 -0.15535918
v 0.38351973 0.29503030 -0.15582843
v 0.37005667 0.23790365 -0.11875852
vt 0.00000000 0.00000000
vt 0.00000000 0.00000000
vt 0.00000000 0.00000000
vt 0.00000000 0.00000000
vt 0.00000000 0.00000000
vt 0.00000000 0.00000000
vt 0.00000000 0.00000000
vt 0.00000000 0.00000000
vt 0.00000000 0.00000000
vt 0.00000000 0.00000000
vt 0.00000000 0.00000000
vt 0.00000000 0.00000000
vt 0.00000000 0.00000000
vt 0.00000000 0.00000000
vt 0.00000000 0.00000000
vt 0.00000000 0.00000000
vt 0.00000000 0.00000000
vt 0.00000000 0.00000000
vt 0.00000000 0.00000000
vt 0.00000000 0.00000000
vt 0.00000000 0.00000000
vt 0.00000000 0.00000000
vt 0.00000000 0.00000000
vt 0.00000000 0.00000000
vt 0.00000000 0.00000000
vt 0.00000000 0.00000000
vt 0.00000000 0.00000000
vt 0.00000000 0.00000000
vt 0.00000000 0.00000000
vt 0.00000000 0.00000000
vt 0.00000000 0.00000000
vt 0.00000000 0.00000000
vt 0.00000000 0.00000000
vt 0.00000000 0.00000000
vt 0.00000000 0.00000000
vt 0.00000000 0.00000000
vt 0.00000000 0.00000000
vt 0.00000000 0.00000000
vt 0.00000000 0.00000000
vt 0.00000000 0.00000000
vt 0.00000000 0.00000000
vt 0.00000000 0.00000000
vt 0.00000000 0.00000000
vt 0.00000000 0.00000000
vt 0.00000000 0.00000000
vt 0.00000000 0.00000000
vt 0.00000000 0.00000000
vt 0.00000000 0.00000000
vt 0.00000000 0.00000000
vt 0.00000000 0.00000000
vt 0.00000000 0.00000000
vt 0.00000000 0.00000000
vt 0.00000000 0.00000000
vt 0.00000000 0.00000000
vt 0.00000000 0.00000000
vt 0.00000000 0.00000000
vt 0.00000000 0.00000000
vt 0.00000000 0.00000000
vt 0.00000000 0.00000000
vt 0.00000000 0.00000000
vt 0.00000000 0.00000000
vt 0.00000000 0.00000000
vt 0.00000000 0.00000000
vt 0.00000000 0.00000000
vt 0.00000000 0.00000000
vt 0.00000000 0.00000000
vt 0.00000000 0.00000000
vt 0.00000000 0.00000000
vt 0.00000000 0.00000000
vt 0.00000000 0.00000000
vt 0.00000000 0.00000000
vt 0.00000000 0.00000000
vt 0.00000000 0.00000000
vt 0.00000000 0.00000000
vt 0.00000000 0.00000000
vt 0.00000000 0.00000000
vt 0.00000000 0.00000000
vt 0.00000000 0.00000000
vt 0.00000000 0.00000000
vt 0.00000000 0.00000000
vt 0.00000000 0.00000000
vt 0.00000000 0.00000000
vt 0.00000000 0.00000000
vt 0.00000000 0.00000000
vt 0.00000000 0.00000000
vt 0.00000000 0.00000000
vt 0.00000000 0.00000000
vt 0.00000000 0.00000000
vt 0.00000000 0.00000000
vt 0.00000000 0.00000000
vt 0.00000000 0.00000000
vt 0.00000000 0.00000000
vt 0.00000000 0.00000000
vt 0.00000000 0.00000000
vt 0.00000000 0.00000000
vt 0.00000000 0.00000000
vt 0.00000000 0.00000000
vt 0.00000000 0.00000000
vt 0.00000000 0.00000000
vt 0.00000000 0.00000000
vt 0.00000000 0.00000000
vt 0.00000000 0.00000000
vt 0.00000000 0.00000000
vt 0.00000000 0.00000000
vt 0.00000000 0.00000000
vt 0.00000000 0.00000000
vt 0.00000000 0.00000000
vt 0.00000000 0.00000000
vt 0.00000000 0.00000000
vt 0.00000000 0.00000000
vt 0.00000000 0.00000000
vt 0.00000000 0.00000000
vt 0.00000000 0.00000000
vt 0.00000000 0.00000000
vt 0.00000000 0.00000000
vt 0.00000000 0.00000000
vt 0.00000000 0.00000000
vt 0.00000000 0.00000000
vt 0.00000000 0.00000000
vt 0.00000000 0.00000000
vt 0.00000000 0.00000000
vt 0.00000000 0.00000000
vt 0.00000000 0.00000000
vt 0.00000000 0.00000000
vt 0.00000000 0.00000000
vt 0.00000000 0.00000000
vt 0.00000000 0.00000000
vt 0.00000000 0.00000000
vt 0.00000000 0.00000000
vt 0.00000000 0.00000000
vt 0.00000000 0.00000000
vt 0.00000000 0.00000000
vt 0.00000000 0.00000000
vt 0.00000000 0.00000000
vt 0.00000000 0.00000000
vt 0.00000000 0.00000000
vt 0.00000000 0.00000000
vt 0.00000000 0.00000000
vt 0.00000000 0.00000000
vt 0.00000000 0.00000000
vt 0.00000000 0.00000000
vt 0.00000000 0.00000000
vt 0.00000000 0.00000000
vt 0.00000000 0.00000000
vt 0.00000000 0.00000000
vt 0.00000000 0.00000000
vt 0.00000000 0.00000000
vt 0.00000000 0.00000000
vt 0.00000000 0.00000000
vt 0.00000000 0.00000000
vt 0.00000000 0.00000000
vt 0.00000000 0.00000000
vt 0.00000000 0.00000000
vt 0.00000000 0.00000000
vt 0.00000000 0.00000000
vt 0.00000000 0.00000000
vt 0.00000000 0.00000000
vt 0.00000000 0.00000000
vt 0.00000000 0.00000000
vt 0.00000000 0.00000000
vt 0.00000000 0.00000000
vt 0.00000000 0.00000000
vt 0.00000000 0.00000000
vt 0.00000000 0.00000000
vt 0.00000000 0.00000000
vt 0.00000000 0.00000000
vt 0.00000000 0.00000000
vt 0.00000000 0.00000000
vt 0.00000000 0.00000000
vt 0.00000000 0.00000000
vt 0.00000000 0.00000000
vt 0.00000000 0.00000000
vt 0.00000000 0.00000000
vt 0.00000000 0.00000000
vt 0.00000000 0.00000000
vt 0.00000000 0.00000000
vt 0.00000000 0.00000000
vt 0.00000000 0.00000000
vt 0.00000000 0.00000000
vt 0.00000000 0.00000000
vt 0.00000000 0.00000000
vt 0.00000000 0.00000000
vt 0.00000000 0.00000000
vt 0.00000000 0.00000000
vt 0.00000000 0.00000000
vt 0.00000000 0.00000000
vt 0.00000000 0.00000000
vt 0.00000000 0.00000000
vt 0.00000000 0.00000000
vt 0.00000000 0.00000000
vt 0.00000000 0.00000000
vt 0.00000000 0.00000000
vt 0.00000000 0.00000000
vt 0.00000000 0.00000000
vt 0.00000000 0.00000000
vt 0.00000000 0.00000000
vt 0.00000000 0.00000000
vt 0.00000000 0.00000000
vt 0.00000000 0.00000000
vt 0.00000000 0.00000000
vt 0.00000000 0.00000000
vt 0.00000000 0.00000000
vt 0.00000000 0.00000000
vt 0.00000000 0.00000000
vt 0.00000000 0.00000000
vt 0.00000000 0.00000000
vt 0.00000000 0.00000000
vt 0.00000000 0.00000000
vt 0.00000000 0.00000000
vt 0.00000000 0.00000000
vt 0.00000000 0.00000000
vt 0.00000000 0.00000000
vt 0.00000000 0.00000000
vt 0.00000000 0.00000000
vt 0.00000000 0.00000000
vt 0.00000000 0.00000000
vt 0.00000000 0.00000000
vt 0.00000000 0.00000000
vt 0.00000000 0.00000000
vt 0.00000000 0.00000000
vt 0.00000000 0.00000000
vt 0.00000000 0.00000000
vt 0.00000000 0.00000000
vt 0.00000000 0.00000000
vt 0.00000000 0.00000000
vt 0.00000000 0.00000000
vt 0.00000000 0.00000000
vt 0.00000000 0.00000000
vt 0.00000000 0.00000000
vt 0.00000000 0.00000000
vt 0.00000000 0.00000000
vt 0.00000000 0.00000000
vt 0.00000000 0.00000000
vt 0.00000000 0.00000000
vt 0.00000000 0.00000000
vt 0.00000000 0.00000000
vt 0.00000000 0.00000000
vt 0.00000000 0.00000000
vt 0.00000000 0.00000000
vt 0.00000000 0.00000000
vt 0.00000000 0.00000000
vt 0.00000000 0.00000000
vt 0.00000000 0.00000000
vt 0.00000000 0.00000000
vt 0.00000000 0.00000000
vt 0.00000000 0.00000000
vt 0.00000000 0.00000000
vt 0.00000000 0.00000000
vt 0.00000000 0.00000000
vt 0.00000000 0.00000000
vt 0.00000000 0.00000000
vt 0.00000000 0.00000000
vt 0.00000000 0.00000000
vt 0.00000000 0.00000000
vt 0.00000000 0.00000000
vt 0.00000000 0.00000000
vt 0.00000000 0.00000000
vt 0.00000000 0.00000000
vt 0.00000000 0.00000000
vt 0.00000000 0.00000000
vt 0.00000000 0.00000000
vt 0.00000000 0.00000000
vt 0.00000000 0.00000000
vt 0.00000000 0.00000000
vt 0.00000000 0.00000000
vt 0.00000000 0.00000000
vt 0.00000000 0.00000000
vt 0.00000000 0.00000000
vt 0.00000000 0.00000000
vt 0.00000000 0.00000000
vt 0.00000000 0.00000000
vt 0.00000000 0.00000000
vt 0.00000000 0.00000000
vt 0.00000000 0.00000000
vt 0.00000000 0.00000000
vt 0.00000000 0.00000000
vt 0.00000000 0.00000000
vt 0.00000000 0.00000000
vt 0.00000000 0.00000000
vt 0.00000000 0.00000000
vt 0.00000000 0.00000000
vt 0.00000000 0.00000000
vt 0.00000000 0.00000000
vt 0.00000000 0.00000000
vt 0.00000000 0.00000000
vt 0.00000000 0.00000000
vt 0.00000000 0.00000000
vt 0.00000000 0.00000000
vt 0.00000000 0.00000000
vt 0.00000000 0.00000000
vt 0.00000000 0.00000000
vt 0.00000000 0.00000000
vt 0.00000000 0.00000000
vt 0.00000000 0.00000000
vt 0.00000000 0.00000000
vt 0.00000000 0.00000000
vt 0.00000000 0.00000000
vt 0.00000000 0.00000000
vt 0.00000000 0.00000000
vt 0.00000000 0.00000000
vt 0.00000000 0.00000000
vt 0.00000000 0.00000000
vt 0.00000000 0.00000000
vt 0.00000000 0.00000000
vt 0.00000000 0.00000000
vt 0.00000000 0.00000000
vt 0.00000000 0.00000000
vt 0.00000000 0.00000000
vt 0.00000000 0.00000000
vt 0.00000000 0.00000000
vt 0.00000000 0.00000000
vt 0.00000000 0.00000000
vt 0.00000000 0.00000000
vt 0.00000000 0.00000000
vt 0.00000000 0.00000000
vt 0.00000000 0.00000000
vt 0.00000000 0.00000000
vt 0.00000000 0.00000000
vt 0.00000000 0.00000000
vt 0.00000000 0.00000000
vt 0.00000000 0.00000000
vt 0.00000000 0.00000000
vt 0.00000000 0.00000000
vt 0.00000000 0.00000000
vt 0.00000000 0.00000000
vt 0.00000000 0.00000000
vt 0.00000000 0.00000000
vt 0.00000000 0.00000000
vt 0.00000000 0.00000000
vt 0.00000000 0.00000000
vt 0.00000000 0.00000000
vt 0.00000000 0.00000000
vt 0.00000000 0.00000000
vt 0.00000000 0.00000000
vt 0.00000000 0.00000000
vt 0.00000000 0.00000000
vt 0.00000000 0.00000000
vt 0.00000000 0.00000000
vt 0.00000000 0.00000000
vt 0.00000000 0.00000000
vt 0.00000000 0.00000000
vt 0.00000000 0.00000000
vt 0.00000000 0.00000000
vt 0.00000000 0.00000000
vt 0.00000000 0.00000000
vt 0.00000000 0.00000000
vt 0.00000000 0.00000000
vt 0.00000000 0.00000000
vt 0.00000000 0.00000000
vt 0.00000000 0.00000000
vt 0.00000000 0.00000000
vt 0.00000000 0.00000000
vt 0.00000000 0.00000000
vt 0.00000000 0.00000000
vt 0.00000000 0.00000000
vt 0.00000000 0.00000000
vt 0.00000000 0.00000000
vt 0.00000000 0.00000000
vt 0.00000000 0.00000000
vt 0.00000000 0.00000000
vt 0.00000000 0.00000000
vt 0.00000000 0.00000000
vt 0.00000000 0.00000000
vt 0.00000000 0.00000000
vt 0.00000000 0.00000000
vt 0.00000000 0.00000000
vt 0.00000000 0.00000000
vt 0.00000000 0.00000000
vt 0.00000000 0.00000000
vt 0.00000000 0.00000000
vt 0.00000000 0.00000000
vt 0.00000000 0.00000000
vt 0.00000000 0.00000000
vt 0.00000000 0.00000000
vt 0.00000000 0.00000000
vt 0.00000000 0.00000000
vt 0.00000000 0.00000000
vt 0.00000000 0.00000000
vt 0.00000000 0.00000000
vt 0.00000000 0.00000000
vt 0.00000000 0.00000000
vt 0.00000000 0.00000000
vt 0.00000000 0.00000000
vt 0.00000000 0.00000000
vt 0.00000000 0.00000000
vt 0.00000000 0.00000000
vt 0.00000000 0.00000000
vt 0.00000000 0.00000000
vt 0.00000000 0.00000000
vt 0.00000000 0.00000000
vt 0.00000000 0.00000000
vt 0.00000000 0.00000000
vt 0.00000000 0.00000000
vt 0.00000000 0.00000000
vt 0.00000000 0.00000000
vt 0.00000000 0.00000000
vt 0.00000000 0.00000000
vt 0.00000000 0.00000000
vt 0.00000000 0.00000000
vt 0.00000000 0.00000000
vt 0.00000000 0.00000000
vt 0.00000000 0.00000000
vt 0.00000000 0.00000000
vt 0.00000000 0.00000000
vt 0.00000000 0.00000000
vt 0.00000000 0.00000000
vt 0.00000000 0.00000000
vt 0.00000000 0.00000000
vt 0.00000000 0.00000000
vt 0.00000000 0.00000000
vt 0.00000000 0.00000000
vt 0.00000000 0.00000000
vt 0.00000000 0.00000000
vt 0.00000000 0.00000000
vt 0.00000000 0.00000000
vt 0.00000000 0.00000000
vt 0.00000000 0.00000000
vt 0.00000000 0.00000000
vt 0.00000000 0.00000000
vt 0.00000000 0.00000000
vt 0.00000000 0.00000000
vt 0.00000000 0.00000000
vt 0.00000000 0.00000000
vt 0.00000000 0.00000000
vt 0.00000000 0.00000000
vt 0.00000000 0.00000000
vt 0.00000000 0.00000000
vt 0.00000000 0.00000000
vt 0.00000000 0.00000000
vt 0.00000000 0.00000000
vt 0.00000000 0.00000000
vt 0.00000000 0.00000000
vt 0.00000000 0.00000000
vt 0.00000000 0.00000000
vt 0.00000000 0.00000000
vt 0.00000000 0.00000000
vt 0.00000000 0.00000000
vt 0.00000000 0.00000000
vt 0.00000000 0.00000000
vt 0.00000000 0.00000000
vt 0.00000000 0.00000000
vt 0.00000000 0.00000000
vt 0.00000000 0.00000000
vt 0.00000000 0.00000000
vt 0.00000000 0.00000000
vt 0.00000000 0.00000000
vt 0.00000000 0.00000000
vt 0.00000000 0.00000000
vt 0.00000000 0.00000000
vt 0.00000000 0.00000000
vt 0.00000000 0.00000000
vt 0.00000000 0.00000000
vt 0.00000000 0.00000000
vt 0.00000000 0.00000000
vt 0.00000000 0.00000000
vt 0.00000000 0.00000000
vt 0.00000000 0.00000000
vt 0.00000000 0.00000000
vt 0.00000000 0.00000000
vt 0.00000000 0.00000000
vt 0.00000000 0.00000000
vt 0.00000000 0.00000000
vt 0.00000000 0.00000000
vt 0.00000000 0.00000000
vt 0.00000000 0.00000000
vt 0.00000000 0.00000000
vt 0.00000000 0.00000000
vt 0.00000000 0.00000000
vt 0.00000000 0.00000000
vt 0.00000000 0.00000000
vt 0.00000000 0.00000000
vt 0.00000000 0.00000000
vt 0.00000000 0.00000000
vt 0.00000000 0.00000000
vt 0.00000000 0.00000000
vt 0.00000000 0.00000000
vt 0.00000000 0.00000000
vt 0.00000000 0.00000000
vt 0.00000000 0.00000000
vt 0.00000000 0.00000000
vt 0.00000000 0.00000000
vt 0.00000000 0.00000000
vt 0.00000000 0.00000000
vt 0.00000000 0.00000000
vt 0.00000000 0.00000000
vt 0.00000000 0.00000000
vt 0.00000000 0.00000000
vt 0.00000000 0.00000000
vt 0.00000000 0.00000000
vt 0.00000000 0.00000000
vt 0.00000000 0.00000000
vt 0.00000000 0.00000000
vt 0.00000000 0.00000000
vt 0.00000000 0.00000000
vt 0.00000000 0.00000000
vt 0.00000000 0.00000000
vt 0.00000000 0.00000000
vt 0.00000000 0.00000000
vt 0.00000000 0.00000000
vt 0.00000000 0.00000000
vt 0.00000000 0.00000000
vt 0.00000000 0.00000000
vt 0.00000000 0.00000000
vt 0.00000000 0.00000000
vt 0.00000000 0.00000000
vt 0.00000000 0.00000000
vt 0.00000000 0.00000000
vt 0.00000000 0.00000000
vt 0.00000000 0.00000000
vt 0.00000000 0.00000000
vt 0.00000000 0.00000000
vt 0.00000000 0.00000000
vt 0.00000000 0.00000000
vt 0.00000000 0.00000000
vt 0.00000000 0.00000000
vt 0.00000000 0.00000000
vt 0.00000000 0.00000000
vt 0.00000000 0.00000000
vt 0.00000000 0.00000000
vt 0.00000000 0.00000000
vt 0.00000000 0.00000000
vt 0.00000000 0.00000000
vt 0.00000000 0.00000000
vt 0.00000000 0.00000000
vt 0.00000000 0.00000000
vt 0.00000000 0.00000000
vt 0.00000000 0.00000000
vt 0.00000000 0.00000000
vt 0.00000000 0.00000000
vt 0.00000000 0.00000000
vt 0.00000000 0.00000000
vt 0.00000000 0.00000000
vt 0.00000000 0.00000000
vt 0.00000000 0.00000000
vt 0.00000000 0.00000000
vt 0.00000000 0.00000000
vt 0.00000000 0.00000000
vt 0.00000000 0.00000000
vt 0.00000000 0.00000000
vt 0.00000000 0.00000000
vt 0.00000000 0.00000000
vt 0.00000000 0.00000000
vt 0.00000000 0.00000000
vt 0.00000000 0.00000000
vt 0.00000000 0.00000000
vt 0.00000000 0.00000000
vt 0.00000000 0.00000000
vt 0.00000000 0.00000000
vt 0.00000000 0.00000000
vt 0.00000000 0.00000000
vt 0.00000000 0.00000000
vt 0.00000000 0.00000000
vt 0.00000000 0.00000000
vt 0.00000000 0.00000000
vt 0.00000000 0.00000000
vt 0.00000000 0.00000000
vt 0.00000000 0.00000000
vt 0.00000000 0.00000000
vt 0.00000000 0.00000000
vt 0.00000000 0.00000000
vt 0.00000000 0.00000000
vt 0.00000000 0.00000000
vt 0.00000000 0.00000000
vt 0.00000000 0.00000000
vt 0.00000000 0.00000000
vt 0.00000000 0.00000000
vt 0.00000000 0.00000000
vt 0.00000000 0.00000000
vt 0.00000000 0.00000000
vt 0.00000000 0.00000000
vt 0.00000000 0.00000000
vt 0.00000000 0.00000000
vt 0.00000000 0.00000000
vt 0.00000000 0.00000000
vt 0.00000000 0.00000000
vt 0.00000000 0.00000000
vt 0.00000000 0.00000000
vt 0.00000000 0.00000000
vt 0.00000000 0.00000000
vt 0.00000000 0.00000000
vt 0.00000000 0.00000000
vt 0.00000000 0.00000000
vt 0.00000000 0.00000000
vt 0.00000000 0.00000000
vt 0.00000000 0.00000000
vt 0.00000000 0.00000000
vt 0.00000000 0.00000000
vt 0.00000000 0.00000000
vt 0.00000000 0.00000000
vt 0.00000000 0.00000000
vt 0.00000000 0.00000000
vt 0.00000000 0.00000000
vt 0.00000000 0.00000000
vt 0.00000000 0.00000000
vt 0.00000000 0.00000000
vt 0.00000000 0.00000000
vt 0.00000000 0.00000000
vt 0.00000000 0.00000000
vt 0.00000000 0.00000000
vt 0.00000000 0.00000000
vt 0.00000000 0.00000000
vt 0.00000000 0.00000000
vt 0.00000000 0.00000000
vt 0.00000000 0.00000000
vt 0.00000000 0.00000000
vt 0.00000000 0.00000000
vt 0.00000000 0.00000000
vt 0.00000000 0.00000000
vt 0.00000000 0.00000000
vt 0.00000000 0.00000000
vt 0.00000000 0.00000000
vt 0.00000000 0.00000000
vt 0.00000000 0.00000000
vt 0.00000000 0.00000000
vt 0.00000000 0.00000000
vt 0.00000000 0.00000000
vt 0.00000000 0.00000000
vt 0.00000000 0.00000000
vt 0.00000000 0.00000000
vt 0.00000000 0.00000000
vt 0.00000000 0.00000000
vt 0.00000000 0.00000000
vt 0.00000000 0.00000000
vt 0.00000000 0.00000000
vt 0.00000000 0.00000000
vt 0.00000000 0.00000000
vt 0.00000000 0.00000000
vt 0.00000000 0.00000000
vt 0.00000000 0.00000000
vt 0.00000000 0.00000000
vt 0.00000000 0.00000000
vt 0.00000000 0.00000000
vt 0.00000000 0.00000000
vt 0.00000000 0.00000000
vt 0.00000000 0.00000000
vt 0.00000000 0.00000000
vt 0.00000000 0.00000000
vt 0.00000000 0.00000000
vt 0.00000000 0.00000000
vt 0.00000000 0.00000000
vt 0.00000000 0.00000000
vt 0.00000000 0.00000000
vt 0.00000000 0.00000000
vt 0.00000000 0.00000000
vt 0.00000000 0.00000000
vt 0.00000000 0.00000000
vt 0.00000000 0.00000000
vt 0.00000000 0.00000000
vt 0.00000000 0.00000000
vt 0.00000000 0.00000000
vt 0.00000000 0.00000000
vt 0.00000000 0.00000000
vt 0.00000000 0.00000000
vt 0.00000000 0.00000000
vt 0.00000000 0.00000000
vt 0.00000000 0.00000000
vt 0.00000000 0.00000000
vt 0.00000000 0.00000000
vt 0.00000000 0.00000000
vt 0.00000000 0.00000000
vt 0.00000000 0.00000000
vt 0.00000000 0.00000000
vt 0.00000000 0.00000000
vt 0.00000000 0.00000000
vt 0.00000000 0.00000000
vt 0.00000000 0.00000000
vt 0.00000000 0.00000000
vt 0.00000000 0.00000000
vt 0.00000000 0.00000000
vt 0.00000000 0.00000000
vt 0.00000000 0.00000000
vt 0.00000000 0.00000000
vt 0.00000000 0.00000000
vt 0.00000000 0.00000000
vt 0.00000000 0.00000000
vt 0.00000000 0.00000000
vt 0.00000000 0.00000000
vt 0.00000000 0.00000000
vt 0.00000000 0.00000000
vt 0.00000000 0.00000000
vt 0.00000000 0.00000000
vt 0.00000000 0.00000000
vt 0.00000000 0.00000000
vt 0.00000000 0.00000000
vt 0.00000000 0.00000000
vt 0.00000000 0.00000000
vt 0.00000000 0.00000000
vt 0.00000000 0.00000000
vt 0.00000000 0.00000000
vt 0.00000000 0.00000000
vt 0.00000000 0.00000000
vt 0.00000000 0.00000000
vt 0.00000000 0.00000000
vt 0.00000000 0.00000000
vt 0.00000000 0.00000000
vt 0.00000000 0.00000000
vt 0.00000000 0.00000000
vt 0.00000000 0.00000000
vt 0.00000000 0.00000000
vt 0.00000000 0.00000000
vt 0.00000000 0.00000000
vt 0.00000000 0.00000000
vt 0.00000000 0.00000000
vt 0.00000000 0.00000000
vt 0.00000000 0.00000000
vt 0.00000000 0.00000000
vt 0.00000000 0.00000000
vt 0.00000000 0.00000000
vt 0.00000000 0.00000000
vt 0.00000000 0.00000000
vt 0.00000000 0.00000000
vt 0.00000000 0.00000000
vt 0.00000000 0.00000000
vt 0.00000000 0.00000000
vt 0.00000000 0.00000000
vt 0.00000000 0.00000000
vt 0.00000000 0.00000000
vt 0.00000000 0.00000000
vt 0.00000000 0.00000000
vt 0.00000000 0.00000000
vt 0.00000000 0.00000000
vt 0.00000000 0.00000000
vt 0.00000000 0.00000000
vt 0.00000000 0.00000000
vt 0.00000000 0.00000000
vt 0.00000000 0.00000000
vt 0.00000000 0.00000000
vt 0.00000000 0.00000000
vt 0.00000000 0.00000000
vt 0.00000000 0.00000000
vt 0.00000000 0.00000000
vt 0.00000000 0.00000000
vt 0.00000000 0.00000000
vt 0.00000000 0.00000000
vt 0.00000000 0.00000000
vt 0.00000000 0.00000000
vt 0.00000000 0.00000000
vt 0.00000000 0.00000000
vt 0.00000000 0.00000000
vt 0.00000000 0.00000000
vt 0.00000000 0.00000000
vt 0.00000000 0.00000000
vt 0.00000000 0.00000000
vt 0.00000000 0.00000000
vt 0.00000000 0.00000000
vt 0.00000000 0.00000000
vt 0.00000000 0.00000000
vt 0.00000000 0.00000000
vt 0.00000000 0.00000000
vt 0.00000000 0.00000000
vt 0.00000000 0.00000000
vt 0.00000000 0.00000000
vt 0.00000000 0.00000000
vt 0.00000000 0.00000000
vt 0.00000000 0.00000000
vt 0.00000000 0.00000000
vt 0.00000000 0.00000000
vt 0.00000000 0.00000000
vt 0.00000000 0.00000000
vt 0.00000000 0.00000000
vt 0.00000000 0.00000000
vt 0.00000000 0.00000000
vt 0.00000000 0.00000000
vt 0.00000000 0.00000000
vt 0.00000000 0.00000000
vt 0.00000000 0.00000000
vt 0.00000000 0.00000000
vt 0.00000000 0.00000000
vt 0.00000000 0.00000000
vt 0.00000000 0.00000000
vt 0.00000000 0.00000000
vt 0.00000000 0.00000000
vt 0.00000000 0.00000000
vt 0.00000000 0.00000000
vt 0.00000000 0.00000000
vt 0.00000000 0.00000000
vt 0.00000000 0.00000000
vt 0.00000000 0.00000000
vt 0.00000000 0.00000000
vt 0.00000000 0.00000000
vt 0.00000000 0.00000000
vt 0.00000000 0.00000000
vt 0.00000000 0.00000000
vt 0.00000000 0.00000000
vt 0.00000000 0.00000000
vt 0.00000000 0.00000000
vt 0.00000000 0.00000000
vt 0.00000000 0.00000000
vt 0.00000000 0.00000000
vt 0.00000000 0.00000000
vt 0.00000000 0.00000000
vt 0.00000000 0.00000000
vt 0.00000000 0.00000000
vt 0.00000000 0.00000000
vt 0.00000000 0.00000000
vt 0.00000000 0.00000000
vt 0.00000000 0.00000000
vt 0.00000000 0.00000000
vt 0.00000000 0.00000000
vt 0.00000000 0.00000000
vt 0.00000000 0.00000000
vt 0.00000000 0.00000000
vt 0.00000000 0.00000000
vt 0.00000000 0.00000000
vt 0.00000000 0.00000000
vt 0.00000000 0.00000000
vt 0.00000000 0.00000000
vt 0.00000000 0.00000000
vt 0.00000000 0.00000000
vt 0.00000000 0.00000000
vt 0.00000000 0.00000000
vt 0.00000000 0.00000000
vt 0.00000000 0.00000000
vt 0.00000000 0.00000000
vt 0.00000000 0.00000000
vt 0.00000000 0.00000000
vt 0.00000000 0.00000000
vt 0.00000000 0.00000000
vt 0.00000000 0.00000000
vt 0.00000000 0.00000000
vt 0.00000000 0.00000000
vt 0.00000000 0.00000000
vt 0.00000000 0.00000000
vt 0.00000000 0.00000000
vt 0.00000000 0.00000000
vt 0.00000000 0.00000000
vt 0.00000000 0.00000000
vt 0.00000000 0.00000000
vt 0.00000000 0.00000000
vt 0.00000000 0.00000000
vt 0.00000000 0.00000000
vt 0.00000000 0.00000000
vt 0.00000000 0.00000000
vt 0.00000000 0.00000000
vt 0.00000000 0.00000000
vt 0.00000000 0.00000000
vt 0.00000000 0.00000000
vt 0.00000000 0.00000000
vt 0.00000000 0.00000000
vt 0.00000000 0.00000000
vt 0.00000000 0.00000000
vt 0.00000000 0.00000000
vt 0.00000000 0.00000000
vt 0.00000000 0.00000000
vt 0.00000000 0.00000000
vt 0.00000000 0.00000000
vt 0.00000000 0.00000000
vt 0.00000000 0.00000000
vt 0.00000000 0.00000000
vt 0.00000000 0.00000000
vt 0.00000000 0.00000000
vt 0.00000000 0.00000000
vt 0.00000000 0.00000000
vt 0.00000000 0.00000000
vt 0.00000000 0.00000000
vt 0.00000000 0.00000000
vt 0.00000000 0.00000000
vt 0.00000000 0.00000000
vt 0.00000000 0.00000000
vt 0.00000000 0.00000000
vt 0.00000000 0.00000000
vt 0.00000000 0.00000000
vt 0.00000000 0.00000000
vt 0.00000000 0.00000000
vt 0.00000000 0.00000000
vt 0.00000000 0.00000000
vt 0.00000000 0.00000000
vt 0.00000000 0.00000000
vt 0.00000000 0.00000000
vt 0.00000000 0.00000000
vt 0.00000000 0.00000000
vt 0.00000000 0.00000000
vt 0.00000000 0.00000000
vt 0.00000000 0.00000000
vt 0.00000000 0.00000000
vt 0.00000000 0.00000000
vt 0.00000000 0.00000000
vt 0.00000000 0.00000000
vt 0.00000000 0.00000000
vt 0.00000000 0.00000000
vt 0.00000000 0.00000000
vt 0.00000000 0.00000000
vt 0.00000000 0.00000000
vt 0.00000000 0.00000000
vt 0.00000000 0.00000000
vt 0.00000000 0.00000000
vt 0.00000000 0.00000000
vt 0.00000000 0.00000000
vt 0.00000000 0.00000000
vt 0.00000000 0.00000000
vt 0.00000000 0.00000000
vt 0.00000000 0.00000000
vt 0.00000000 0.00000000
vt 0.00000000 0.00000000
vt 0.00000000 0.00000000
vt 0.00000000 0.00000000
vt 0.00000000 0.00000000
vt 0.00000000 0.00000000
vt 0.00000000 0.00000000
vt 0.00000000 0.00000000
vt 0.00000000 0.00000000
vt 0.00000000 0.00000000
vt 0.00000000 0.00000000
vt 0.00000000 0.00000000
vt 0.00000000 0.00000000
vt 0.00000000 0.00000000
vt 0.00000000 0.00000000
vt 0.00000000 0.00000000
vt 0.00000000 0.00000000
vt 0.00000000 0.00000000
vt 0.00000000 0.00000000
vt 0.00000000 0.00000000
vt 0.00000000 0.00000000
vt 0.00000000 0.00000000
vt 0.00000000 0.00000000
vt 0.00000000 0.00000000
vt 0.00000000 0.00000000
vt 0.00000000 0.00000000
vt 0.00000000 0.00000000
vt 0.00000000 0.00000000
vt 0.00000000 0.00000000
vt 0.00000000 0.00000000
vt 0.00000000 0.00000000
vt 0.00000000 0.00000000
vt 0.00000000 0.00000000
vt 0.00000000 0.00000000
vt 0.00000000 0.00000000
vt 0.00000000 0.00000000
vt 0.00000000 0.00000000
vt 0.00000000 0.00000000
vt 0.00000000 0.00000000
vt 0.00000000 0.00000000
vt 0.00000000 0.00000000
vt 0.00000000 0.00000000
vt 0.00000000 0.00000000
vt 0.00000000 0.00000000
vt 0.00000000 0.00000000
vt 0.00000000 0.00000000
vt 0.00000000 0.00000000
vt 0.00000000 0.00000000
vt 0.00000000 0.00000000
vt 0.00000000 0.00000000
vt 0.00000000 0.00000000
vt 0.00000000 0.00000000
vt 0.00000000 0.00000000
vt 0.00000000 0.00000000
vt 0.00000000 0.00000000
vt 0.00000000 0.00000000
vt 0.00000000 0.00000000
vt 0.00000000 0.00000000
vt 0.00000000 0.00000000
vt 0.00000000 0.00000000
vt 0.00000000 0.00000000
vt 0.00000000 0.00000000
vt 0.00000000 0.00000000
vt 0.00000000 0.00000000
vt 0.00000000 0.00000000
vt 0.00000000 0.00000000
vt 0.00000000 0.00000000
vt 0.00000000 0.00000000
vt 0.00000000 0.00000000
vt 0.00000000 0.00000000
vt 0.00000000 0.00000000
vt 0.00000000 0.00000000
vt 0.00000000 0.00000000
vt 0.00000000 0.00000000
vt 0.00000000 0.00000000
vt 0.00000000 0.00000000
vt 0.00000000 0.00000000
vt 0.00000000 0.00000000
vt 0.00000000 0.00000000
vt 0.00000000 0.00000000
vt 0.00000000 0.00000000
vt 0.00000000 0.00000000
vt 0.00000000 0.00000000
vt 0.00000000 0.00000000
vt 0.00000000 0.00000000
vt 0.00000000 0.00000000
vt 0.00000000 0.00000000
vt 0.00000000 0.00000000
vt 0.00000000 0.00000000
vt 0.00000000 0.00000000
vt 0.00000000 0.00000000
vt 0.00000000 0.00000000
vt 0.00000000 0.00000000
vt 0.00000000 0.00000000
vt 0.00000000 0.00000000
vt 0.00000000 0.00000000
vt 0.00000000 0.00000000
vt 0.00000000 0.00000000
vt 0.00000000 0.00000000
vt 0.00000000 0.00000000
vt 0.00000000 0.00000000
vt 0.00000000 0.00000000
vt 0.00000000 0.00000000
vt 0.00000000 0.00000000
vt 0.00000000 0.00000000
vt 0.00000000 0.00000000
vt 0.00000000 0.00000000
vt 0.00000000 0.00000000
vt 0.00000000 0.00000000
vt 0.00000000 0.00000000
vt 0.00000000 0.00000000
vt 0.00000000 0.00000000
vt 0.00000000 0.00000000
vt 0.00000000 0.00000000
vt 0.00000000 0.00000000
vt 0.00000000 0.00000000
vt 0.00000000 0.00000000
vt 0.00000000 0.00000000
vt 0.00000000 0.00000000
vt 0.00000000 0.00000000
vt 0.00000000 0.00000000
vt 0.00000000 0.00000000
vt 0.00000000 0.00000000
vt 0.00000000 0.00000000
vt 0.00000000 0.00000000
vt 0.00000000 0.00000000
vt 0.00000000 0.00000000
vt 0.00000000 0.00000000
vt 0.00000000 0.00000000
vt 0.00000000 0.00000000
vt 0.00000000 0.00000000
vt 0.00000000 0.00000000
vt 0.00000000 0.00000000
vt 0.00000000 0.00000000
vt 0.00000000 0.00000000
vt 0.00000000 0.00000000
vt 0.00000000 0.00000000
vt 0.00000000 0.00000000
vt 0.00000000 0.00000000
vt 0.00000000 0.00000000
vt 0.00000000 0.00000000
vt 0.00000000 0.00000000
vt 0.00000000 0.00000000
vt 0.00000000 0.00000000
vt 0.00000000 0.00000000
vt 0.00000000 0.00000000
vt 0.00000000 0.00000000
vt 0.00000000 0.00000000
vt 0.00000000 0.00000000
vt 0.00000000 0.00000000
vt 0.00000000 0.00000000
vt 0.00000000 0.00000000
vt 0.00000000 0.00000000
vt 0.00000000 0.00000000
vt 0.00000000 0.00000000
vt 0.00000000 0.00000000
vt 0.00000000 0.00000000
vt 0.00000000 0.00000000
vt 0.00000000 0.00000000
vt 0.00000000 0.00000000
vt 0.00000000 0.00000000
vt 0.00000000 0.00000000
vt 0.00000000 0.00000000
vt 0.00000000 0.00000000
vt 0.00000000 0.00000000
vt 0.00000000 0.00000000
vt 0.00000000 0.00000000
vt 0.00000000 0.00000000
vt 0.00000000 0.00000000
vt 0.00000000 0.00000000
vt 0.00000000 0.00000000
vt 0.00000000 0.00000000
vt 0.00000000 0.00000000
vt 0.00000000 0.00000000
vt 0.00000000 0.00000000
vt 0.00000000 0.00000000
vt 0.00000000 0.00000000
vt 0.00000000 0.00000000
vt 0.00000000 0.00000000
vt 0.00000000 0.00000000
vt 0.00000000 0.00000000
vt 0.00000000 0.00000000
vt 0.00000000 0.00000000
vt 0.00000000 0.00000000
vt 0.00000000 0.00000000
vt 0.00000000 0.00000000
vt 0.00000000 0.00000000
vt 0.00000000 0.00000000
vt 0.00000000 0.00000000
vt 0.00000000 0.00000000
vt 0.00000000 0.00000000
vt 0.00000000 0.00000000
vt 0.00000000 0.00000000
vt 0.00000000 0.00000000
vt 0.00000000 0.00000000
vt 0.00000000 0.00000000
vt 0.00000000 0.00000000
vt 0.00000000 0.00000000
vt 0.00000000 0.00000000
vt 0.00000000 0.00000000
vt 0.00000000 0.00000000
vt 0.00000000 0.00000000
vt 0.00000000 0.00000000
vt 0.00000000 0.00000000
vt 0.00000000 0.00000000
vt 0.00000000 0.00000000
vt 0.00000000 0.00000000
vt 0.00000000 0.00000000
vt 0.00000000 0.00000000
vt 0.00000000 0.00000000
vt 0.00000000 0.00000000
vt 0.00000000 0.00000000
vt 0.00000000 0.00000000
vt 0.00000000 0.00000000
vt 0.00000000 0.00000000
vt 0.00000000 0.00000000
vt 0.00000000 0.00000000
vt 0.00000000 0.00000000
vt 0.00000000 0.00000000
vt 0.00000000 0.00000000
vt 0.00000000 0.00000000
vt 0.00000000 0.00000000
vt 0.00000000 0.00000000
vt 0.00000000 0.00000000
vt 0.00000000 0.00000000
vt 0.00000000 0.00000000
vt 0.00000000 0.00000000
vt 0.00000000 0.00000000
vt 0.00000000 0.00000000
vt 0.00000000 0.00000000
vt 0.00000000 0.00000000
vt 0.00000000 0.00000000
vt 0.00000000 0.00000000
vt 0.00000000 0.00000000
vt 0.00000000 0.00000000
vt 0.00000000 0.00000000
vt 0.00000000 0.00000000
vt 0.00000000 0.00000000
vt 0.00000000 0.00000000
vt 0.00000000 0.00000000
vt 0.00000000 0.00000000
vt 0.00000000 0.00000000
vt 0.00000000 0.00000000
vt 0.00000000 0.00000000
vt 0.00000000 0.00000000
vt 0.00000000 0.00000000
vt 0.00000000 0.00000000
vt 0.00000000 0.00000000
vt 0.00000000 0.00000000
vt 0.00000000 0.00000000
vt 0.00000000 0.00000000
vt 0.00000000 0.00000000
vt 0.00000000 0.00000000
vt 0.00000000 0.00000000
vt 0.00000000 0.00000000
vt 0.00000000 0.00000000
vt 0.00000000 0.00000000
vt 0.00000000 0.00000000
vt 0.00000000 0.00000000
vt 0.00000000 0.00000000
vt 0.00000000 0.00000000
vt 0.00000000 0.00000000
vt 0.00000000 0.00000000
vt 0.00000000 0.00000000
vt 0.00000000 0.00000000
vt 0.00000000 0.00000000
vt 0.00000000 0.00000000
vt 0.00000000 0.00000000
vt 0.00000000 0.00000000
vt 0.00000000 0.00000000
vt 0.00000000 0.00000000
vt 0.00000000 0.00000000
vt 0.00000000 0.00000000
vt 0.00000000 0.00000000
vt 0.00000000 0.00000000
vt 0.00000000 0.00000000
vt 0.00000000 0.00000000
vt 0.00000000 0.00000000
vt 0.00000000 0.00000000
vt 0.00000000 0.00000000
vt 0.00000000 0.00000000
vt 0.00000000 0.00000000
vt 0.00000000 0.00000000
vt 0.00000000 0.00000000
vt 0.00000000 0.00000000
vt 0.00000000 0.00000000
vt 0.00000000 0.00000000
vt 0.00000000 0.00000000
vt 0.00000000 0.00000000
vt 0.00000000 0.00000000
vt 0.00000000 0.00000000
vt 0.00000000 0.00000000
vt 0.00000000 0.00000000
vt 0.00000000 0.00000000
vt 0.00000000 0.00000000
vt 0.00000000 0.00000000
vt 0.00000000 0.00000000
vt 0.00000000 0.00000000
vt 0.00000000 0.00000000
vt 0.00000000 0.00000000
vt 0.00000000 0.00000000
vt 0.00000000 0.00000000
vt 0.00000000 0.00000000
vt 0.00000000 0.00000000
vt 0.00000000 0.00000000
vt 0.00000000 0.00000000
vt 0.00000000 0.00000000
vt 0.00000000 0.00000000
vt 0.00000000 0.00000000
vt 0.00000000 0.00000000
vt 0.00000000 0.00000000
vt 0.00000000 0.00000000
vt 0.00000000 0.00000000
vt 0.00000000 0.00000000
vt 0.00000000 0.00000000
vt 0.00000000 0.00000000
vt 0.00000000 0.00000000
vt 0.00000000 0.00000000
vt 0.00000000 0.00000000
vt 0.00000000 0.00000000
vt 0.00000000 0.00000000
vt 0.00000000 0.00000000
vt 0.00000000 0.00000000
vt 0.00000000 0.00000000
vt 0.00000000 0.00000000
vt 0.00000000 0.00000000
vt 0.00000000 0.00000000
vt 0.00000000 0.00000000
vt 0.00000000 0.00000000
vt 0.00000000 0.00000000
vt 0.00000000 0.00000000
vt 0.00000000 0.00000000
vt 0.00000000 0.00000000
vt 0.00000000 0.00000000
vt 0.00000000 0.00000000
vt 0.00000000 0.00000000
vt 0.00000000 0.00000000
vt 0.00000000 0.00000000
vt 0.00000000 0.00000000
vt 0.00000000 0.00000000
vt 0.00000000 0.00000000
vt 0.00000000 0.00000000
vt 0.00000000 0.00000000
vt 0.00000000 0.00000000
vt 0.00000000 0.00000000
vt 0.00000000 0.00000000
vt 0.00000000 0.00000000
vt 0.00000000 0.00000000
vt 0.00000000 0.00000000
vt 0.00000000 0.00000000
vt 0.00000000 0.00000000
vt 0.00000000 0.00000000
vt 0.00000000 0.00000000
vt 0.00000000 0.00000000
vt 0.00000000 0.00000000
vt 0.00000000 0.00000000
vt 0.00000000 0.00000000
vt 0.00000000 0.00000000
vt 0.00000000 0.00000000
vt 0.00000000 0.00000000
vt 0.00000000 0.00000000
vt 0.00000000 0.00000000
vt 0.00000000 0.00000000
vt 0.00000000 0.00000000
vt 0.00000000 0.00000000
vt 0.00000000 0.00000000
vt 0.00000000 0.00000000
vt 0.00000000 0.00000000
vt 0.00000000 0.00000000
vt 0.00000000 0.00000000
vt 0.00000000 0.00000000
vt 0.00000000 0.00000000
vt 0.00000000 0.00000000
vt 0.00000000 0.00000000
vt 0.00000000 0.00000000
vt 0.00000000 0.00000000
vt 0.00000000 0.00000000
vt 0.00000000 0.00000000
vt 0.00000000 0.00000000
vt 0.00000000 0.00000000
vt 0.00000000 0.00000000
vt 0.00000000 0.00000000
vt 0.00000000 0.00000000
vt 0.00000000 0.00000000
vt 0.00000000 0.00000000
vt 0.00000000 0.00000000
vt 0.00000000 0.00000000
vt 0.00000000 0.00000000
vt 0.00000000 0.00000000
vt 0.00000000 0.00000000
vt 0.00000000 0.00000000
vt 0.00000000 0.00000000
vt 0.00000000 0.00000000
vt 0.00000000 0.00000000
vt 0.00000000 0.00000000
vt 0.00000000 0.00000000
vt 0.00000000 0.00000000
vt 0.00000000 0.00000000
vt 0.00000000 0.00000000
vt 0.00000000 0.00000000
vt 0.00000000 0.00000000
vt 0.00000000 0.00000000
vt 0.00000000 0.00000000
vt 0.00000000 0.00000000
vt 0.00000000 0.00000000
vt 0.00000000 0.00000000
vt 0.00000000 0.00000000
vt 0.00000000 0.00000000
vt 0.00000000 0.00000000
vt 0.00000000 0.00000000
vt 0.00000000 0.00000000
vt 0.00000000 0.00000000
vt 0.00000000 0.00000000
vt 0.00000000 0.00000000
vt 0.00000000 0.00000000
vt 0.00000000 0.00000000
vt 0.00000000 0.00000000
vt 0.00000000 0.00000000
vt 0.00000000 0.00000000
vt 0.00000000 0.00000000
vt 0.00000000 0.00000000
vt 0.00000000 0.00000000
vt 0.00000000 0.00000000
vt 0.00000000 0.00000000
vt 0.00000000 0.00000000
vt 0.00000000 0.00000000
vt 0.00000000 0.00000000
vt 0.00000000 0.00000000
vt 0.00000000 0.00000000
vt 0.00000000 0.00000000
vt 0.00000000 0.00000000
vt 0.00000000 0.00000000
vt 0.00000000 0.00000000
vt 0.00000000 0.00000000
vt 0.00000000 0.00000000
vt 0.00000000 0.00000000
vt 0.00000000 0.00000000
vt 0.00000000 0.00000000
vt 0.00000000 0.00000000
vt 0.00000000 0.00000000
vt 0.00000000 0.00000000
vt 0.00000000 0.00000000
vt 0.00000000 0.00000000
vt 0.00000000 0.00000000
vt 0.00000000 0.00000000
vt 0.00000000 0.00000000
vt 0.00000000 0.00000000
vt 0.00000000 0.00000000
vt 0.00000000 0.00000000
vt 0.00000000 0.00000000
vt 0.00000000 0.00000000
vt 0.00000000 0.00000000
f 1/1 2/2 3/3
f 2/2 1/1 4/4
f 5/5 6/6 7/7
f 6/6 5/5 8/8
f 9/9 10/10 11/11
f 10/10 9/9 12/12
f 13/13 14/14 15/15
f 15/15 14/14 16/16
f 17/17 18/18 19/19
f 19/19 20/20 17/17
f 21/21 22/22 23/23
f 22/22 21/21 24/24
f 25/25 26/26 27/27
f 25/25 28/28 26/26
f 29/29 30/30 31/31
f 30/30 29/29 32/32
f 33/33 34/34 35/35
f 34/34 33/33 36/36
f 37/37 38/38 39/39
f 40/40 38/38 37/37
f 41/41 42/42 43/43
f 41/41 43/43 44/44
f 45/45 46/46 47/47
f 46/46 45/45 48/48
f 49/49 50/50 51/51
f 50/50 49/49 52/52
f 53/53 54/54 55/55
f 56/56 54/54 53/53
f 57/57 58/58 59/59
f 59/59 60/60 57/57
f 61/61 62/62 63/63
f 62/62 61/61 64/64
f 65/65 66/66 67/67
f 66/66 65/65 68/68
f 69/69 70/70 71/71
f 71/71 70/70 72/72
f 73/73 74/74 75/75
f 74/74 73/73 76/76
f 77/77 78/78 79/79
f 78/78 77/77 80/80
f 81/81 82/82 83/83
f 82/82 81/81 84/84
f 85/85 86/86 87/87
f 88/88 86/86 85/85
f 89/89 90/90 91/91
f 91/91 92/92 89/89
f 93/93 94/94 95/95
f 94/94 93/93 96/96
f 97/97 98/98 99/99
f 98/98 97/97 100/100
f 101/101 102/102 103/103
f 104/104 102/102 101/101
f 105/105 106/106 107/107
f 106/106 105/105 108/108
f 109/109 110/110 111/111
f 110/110 109/109 112/112
f 113/113 114/114 115/115
f 114/114 113/113 116/116
f 117/117 118/118 119/119
f 120/120 118/118 117/117
f 121/121 122/122 123/123
f 123/123 124/124 121/121
f 125/125 126/126 127/127
f 126/126 125/125 128/128
f 129/129 130/130 131/131
f 131/131 132/132 129/129
f 133/133 134/134 135/135
f 134/134 133/133 136/136
f 137/137 138/138 139/139
f 138/138 137/137 140/140
f 141/141 142/142 143/143
f 144/144 143/143 142/142
f 145/145 146/146 147/147
f 145/145 147/147 148/148
f 149/149 150/150 151/151
f 150/150 149/149 152/152
f 153/153 154/154 155/155
f 154/154 153/153 156/156
f 157/157 158/158 159/159
f 160/160 159/159 158/158
f 161/161 162/162 163/163
f 161/161 164/164 162/162
f 165/165 166/166 167/167
f 167/167 166/166 168/168
f 169/169 170/170 171/171
f 170/170 169/169 172/172
f 173/173 174/174 175/175
f 176/176 174/174 173/173
f 177/177 178/178 179/179
f 179/179 180/180 177/177
f 181/181 182/182 183/183
f 182/182 181/181 184/184
f 185/185 186/186 187/187
f 186/186 185/185 188/188
f 189/189 190/190 191/191
f 190/190 189/189 192/192
f 193/193 194/194 195/195
f 194/194 193/193 196/196
f 197/197 198/198 199/199
f 198/198 197/197 200/200
f 201/201 202/202 203/203
f 202/202 201/201 204/204
f 205/205 206/206 207/207
f 208/208 207/207 206/206
f 209/209 210/210 211/211
f 209/209 211/211 212/212
f 213/213 214/214 215/215
f 214/214 213/213 216/216
f 217/217 218/218 219/219
f 217/217 219/219 220/220
f 221/221 222/222 223/223
f 222/222 221/221 224/224
f 225/225 226/226 227/227
f 225/225 227/227 228/228
f 229/229 230/230 231/231
f 230/230 229/229 232/232
f 233/233 234/234 235/235
f 234/234 233/233 236/236
f 237/237 238/238 239/239
f 240/240 239/239 238/238
f 241/241 242/242 243/243
f 242/242 241/241 244/244
f 245/245 246/246 247/247
f 246/246 245/245 248/248
f 249/249 250/250 251/251
f 250/250 249/249 252/252
f 253/253 254/254 255/255
f 255/255 254/254 256/256
f 257/257 258/258 259/259
f 259/259 260/260 257/257
f 261/261 262/262 263/263
f 262/262 261/261 264/264
f 265/265 266/266 267/267
f 267/267 268/268 265/265
f 269/269 270/270 271/271
f 272/272 271/271 270/270
f 273/273 274/274 275/275
f 274/274 273/273 276/276
f 277/277 278/278 279/279
f 278/278 277/277 280/280
f 281/281 282/282 283/283
f 282/282 281/281 284/284
f 285/285 286/286 287/287
f 288/288 287/287 286/286
f 289/289 290/290 291/291
f 289/289 292/292 290/290
f 293/293 294/294 295/295
f 294/294 293/293 296/296
f 297/297 298/298 299/299
f 297/297 299/299 300/300
f 301/301 302/302 303/303
f 302/302 301/301 304/304
f 305/305 306/306 307/307
f 306/306 305/305 308/308
f 309/309 310/310 311/311
f 310/310 309/309 312/312
f 313/313 314/314 315/315
f 313/313 315/315 316/316
f 317/317 318/318 319/319
f 318/318 317/317 320/320
f 321/321 322/322 323/323
f 322/322 321/321 324/324
f 325/325 326/326 327/327
f 326/326 325/325 328/328
f 329/329 330/330 331/331
f 331/331 332/332 329/329
f 333/333 334/334 335/335
f 334/334 333/333 336/336
f 337/337 338/338 339/339
f 338/338 337/337 340/340
f 341/341 342/342 343/343
f 343/343 342/342 344/344
f 345/345 346/346 347/347
f 346/346 345/345 348/348
f 349/349 350/350 351/351
f 350/350 349/349 352/352
f 353/353 354/354 355/355
f 354/354 353/353 356/356
f 357/357 358/358 359/359
f 358/358 357/357 360/360
f 361/361 362/362 363/363
f 363/363 364/364 361/361
f 365/365 366/366 367/367
f 366/366 365/365 368/368
f 369/369 370/370 371/371
f 370/370 369/369 372/372
f 373/373 374/374 375/375
f 375/375 374/374 376/376
f 377/377 378/378 379/379
f 378/378 377/377 380/380
f 381/381 382/382 383/383
f 382/382 381/381 384/384
f 385/385 386/386 387/387
f 386/386 385/385 388/388
f 389/389 390/390 391/391
f 390/390 389/389 392/392
f 393/393 394/394 395/395
f 394/394 393/393 396/396
f 397/397 398/398 399/399
f 398/398 397/397 400/400
f 401/401 402/402 403/403
f 403/403 404/404 401/401
f 405/405 406/406 407/407
f 408/408 406/406 405/405
f 409/409 410/410 411/411
f 410/410 409/409 412/412
f 413/413 414/414 415/415
f 416/416 414/414 413/413
f 417/417 418/418 419/419
f 418/418 417/417 420/420
f 421/421 422/422 423/423
f 422/422 421/421 424/424
f 425/425 426/426 427/427
f 426/426 425/425 428/428
f 429/429 430/430 431/431
f 431/431 430/430 432/432
f 433/433 434/434 435/435
f 435/435 436/436 433/433
f 437/437 438/438 439/439
f 438/438 437/437 440/440
f 441/441 442/442 443/443
f 442/442 441/441 444/444
f 445/445 446/446 447/447
f 446/446 445/445 448/448
f 449/449 450/450 451/451
f 450/450 449/449 452/452
f 453/453 454/454 455/455
f 456/456 455/455 454/454
f 457/457 458/458 459/459
f 457/457 459/459 460/460
f 461/461 462/462 463/463
f 462/462 461/461 464/464
f 465/465 466/466 467/467
f 466/466 465/465 468/468
f 469/469 470/470 471/471
f 472/472 471/471 470/470
f 473/473 474/474 475/475
f 474/474 473/473 476/476
f 477/477 478/478 479/479
f 478/478 477/477 480/480
f 481/481 482/482 483/483
f 482/482 481/481 484/484
f 485/485 486/486 487/487
f 488/488 486/486 485/485
f 489/489 490/490 491/491
f 490/490 489/489 492/492
f 493/493 494/494 495/495
f 495/495 494/494 496/496
f 497/497 498/498 499/499
f 498/498 497/497 500/500
f 501/501 502/502 503/503
f 502/502 501/501 504/504
f 505/505 506/506 507/507
f 506/506 505/505 508/508
f 509/509 510/510 511/511
f 510/510 509/509 512/512
f 513/513 514/514 515/515
f 514/514 513/513 516/516
f 517/517 518/518 519/519
f 520/520 519/519 518/518
f 521/521 522/522 523/523
f 522/522 521/521 524/524
f 525/525 526/526 527/527
f 526/526 525/525 528/528
f 529/529 530/530 531/531
f 530/530 529/529 532/532
f 533/533 534/534 535/535
f 534/534 533/533 536/536
f 537/537 538/538 539/539
f 539/539 540/540 537/537
f 541/541 542/542 543/543
f 542/542 541/541 544/544
f 545/545 546/546 547/547
f 546/546 545/545 548/548
f 549/549 550/550 551/551
f 552/552 551/551 550/550
f 553/553 554/554 555/555
f 554/554 553/553 556/556
f 557/557 558/558 559/559
f 558/558 557/557 560/560
f 561/561 562/562 563/563
f 562/562 561/561 564/564
f 565/565 566/566 567/567
f 568/568 566/566 565/565
f 569/569 570/570 571/571
f 571/571 572/572 569/569
f 573/573 574/574 575/575
f 574/574 573/573 576/576
f 577/577 578/578 579/579
f 578/578 577/577 580/580
f 581/581 582/582 583/583
f 583/583 582/582 584/584
f 585/585 586/586 587/587
f 586/586 585/585 588/588
f 589/589 590/590 591/591
f 590/590 589/589 592/592
f 593/593 594/594 595/595
f 594/594 593/593 596/596
f 597/597 598/598 599/599
f 600/600 598/598 597/597
f 601/601 602/602 603/603
f 603/603 604/604 601/601
f 605/605 606/606 607/607
f 606/606 605/605 608/608
f 609/609 610/610 611/611
f 610/610 609/609 612/612
f 613/613 614/614 615/615
f 614/614 613/613 616/616
f 617/617 618/618 619/619
f 618/618 617/617 620/620
f 621/621 622/622 623/623
f 622/622 621/621 624/624
f 625/625 626/626 627/627
f 626/626 625/625 628/628
f 629/629 630/630 631/631
f 630/630 629/629 632/632
f 633/633 634/634 635/635
f 635/635 636/636 633/633
f 637/637 638/638 639/639
f 640/640 639/639 638/638
f 641/641 642/642 643/643
f 643/643 644/644 641/641
f 645/645 646/646 647/647
f 646/646 645/645 648/648
f 649/649 650/650 651/651
f 650/650 649/649 652/652
f 653/653 654/654 655/655
f 654/654 653/653 656/656
f 657/657 658/658 659/659
f 658/658 657/657 660/660
f 661/661 662/662 663/663
f 662/662 661/661 664/664
f 665/665 666/666 667/667
f 666/666 665/665 668/668
f 669/669 670/670 671/671
f 672/672 671/671 670/670
f 673/673 674/674 675/675
f 674/674 673/673 676/676
f 677/677 678/678 679/679
f 679/679 680/680 677/677
f 681/681 682/682 683/683
f 682/682 681/681 684/684
f 685/685 686/686 687/687
f 687/687 688/688 685/685
f 689/689 690/690 691/691
f 692/692 691/691 690/690
f 693/693 694/694 695/695
f 694/694 693/693 696/696
f 697/697 698/698 699/699
f 700/700 698/698 697/697
f 701/701 702/702 703/703
f 702/702 701/701 704/704
f 705/705 706/706 707/707
f 707/707 708/708 705/705
f 709/709 710/710 711/711
f 710/710 709/709 712/712
f 713/713 714/714 715/715
f 713/713 715/715 716/716
f 717/717 718/718 719/719
f 718/718 717/717 720/720
f 721/721 722/722 723/723
f 723/723 724/724 721/721
f 725/725 726/726 727/727
f 726/726 725/725 728/728
f 729/729 730/730 731/731
f 731/731 732/732 729/729
f 733/733 734/734 735/735
f 734/734 733/733 736/736
f 737/737 738/738 739/739
f 738/738 737/737 740/740
f 741/741 742/742 743/743
f 744/744 743/743 742/742
f 745/745 746/746 747/747
f 746/746 745/745 748/748
f 749/749 750/750 751/751
f 752/752 750/750 749/749
f 753/753 754/754 755/755
f 754/754 753/753 756/756
f 757/757 758/758 759/759
f 760/760 759/759 758/758
f 761/761 762/762 763/763
f 762/762 761/761 764/764
f 765/765 766/766 767/767
f 768/768 765/765 767/767
f 769/769 770/770 771/771
f 772/772 771/771 770/770
f 773/773 774/774 775/775
f 774/774 773/773 776/776
f 777/777 778/778 779/779
f 778/778 777/777 780/780
f 781/781 782/782 783/783
f 782/782 781/781 784/784
f 785/785 786/786 787/787
f 786/786 785/785 788/788
f 789/789 790/790 791/791
f 791/791 790/790 792/792
f 793/793 794/794 795/795
f 794/794 793/793 796/796
f 797/797 798/798 799/799
f 800/800 797/797 799/799
f 801/801 802/802 803/803
f 803/803 804/804 801/801
f 805/805 806/806 807/807
f 806/806 805/805 808/808
f 809/809 810/810 811/811
f 811/811 812/812 809/809
f 813/813 814/814 815/815
f 814/814 813/813 816/816
f 817/817 818/818 819/819
f 819/819 820/820 817/817
f 821/821 822/822 823/823
f 822/822 821/821 824/824
f 825/825 826/826 827/827
f 825/825 828/828 826/826
f 829/829 830/830 831/831
f 830/830 829/829 832/832
f 833/833 834/834 835/835
f 835/835 836/836 833/833
f 837/837 838/838 839/839
f 838/838 837/837 840/840
f 841/841 842/842 843/843
f 843/843 844/844 841/841
f 845/845 846/846 847/847
f 846/846 845/845 848/848
f 849/849 850/850 851/851
f 850/850 849/849 852/852
f 853/853 854/854 855/855
f 854/854 853/853 856/856
f 857/857 858/858 859/859
f 859/859 860/860 857/857
f 861/861 862/862 863/863
f 862/862 861/861 864/864
f 865/865 866/866 867/867
f 866/866 865/865 868/868
f 869/869 870/870 871/871
f 872/872 871/871 870/870
f 873/873 874/874 875/875
f 875/875 876/876 873/873
f 877/877 878/878 879/879
f 880/880 878/878 877/877
f 881/881 882/882 883/883
f 883/883 884/884 881/881
f 885/885 886/886 887/887
f 888/888 887/887 886/886
f 889/889 890/890 891/891
f 890/890 889/889 892/892
f 893/893 894/894 895/895
f 894/894 893/893 896/896
f 897/897 898/898 899/899
f 897/897 899/899 900/900
f 901/901 902/902 903/903
f 902/902 901/901 904/904
f 905/905 906/906 907/907
f 905/905 907/907 908/908
f 909/909 910/910 911/911
f 910/910 909/909 912/912
f 913/913 914/914 915/915
f 914/914 913/913 916/916
f 917/917 918/918 919/919
f 918/918 917/917 920/920
f 921/921 922/922 923/923
f 923/923 924/924 921/921
f 925/925 926/926 927/927
f 926/926 925/925 928/928
f 929/929 930/930 931/931
f 931/931 932/932 929/929
f 933/933 934/934 935/935
f 934/934 933/933 936/936
f 937/937 938/938 939/939
f 939/939 940/940 937/937
f 941/941 942/942 943/943
f 942/942 941/941 944/944
f 945/945 946/946 947/947
f 946/946 945/945 948/948
f 949/949 950/950 951/951
f 952/952 951/951 950/950
f 953/953 954/954 955/955
f 953/953 955/955 956/956
f 957/957 958/958 959/959
f 960/960 958/958 957/957
f 961/961 962/962 963/963
f 962/962 961/961 964/964
f 965/965 966/966 967/967
f 968/968 967/967 966/966
f 969/969 970/970 971/971
f 970/970 969/969 972/972
f 973/973 974/974 975/975
f 976/976 974/974 973/973
f 977/977 978/978 979/979
f 978/978 977/977 980/980
f 981/981 982/982 983/983
f 984/984 982/982 981/981
f 985/985 986/986 987/987
f 986/986 985/985 988/988
f 989/989 990/990 991/991
f 990/990 989/989 992/992
f 993/993 994/994 995/995
f 993/993 995/995 996/996
f 997/997 998/998 999/999
f 1000/1000 999/999 998/998
f 1001/1001 1002/1002 1003/1003
f 1002/1002 1001/1001 1004/1004
f 1005/1005 1006/1006 1007/1007
f 1008/1008 1006/1006 1005/1005
f 1009/1009 1010/1010 1011/1011
f 1010/1010 1009/1009 1012/1012
f 1013/1013 1014/1014 1015/1015
f 1015/1015 1014/1014 1016/1016
f 1017/1017 1018/1018 1019/1019
f 1018/1018 1017/1017 1020/1020
f 1021/1021 1022/1022 1023/1023
f 1024/1024 1023/1023 1022/1022
f 1025/1025 1026/1026 1027/1027
f 1025/1025 1028/1028 1026/1026
f 1029/1029 1030/1030 1031/1031
f 1030/1030 1029/1029 1032/1032
f 1033/1033 1034/1034 1035/1035
f 1035/1035 1036/1036 1033/1033
f 1037/1037 1038/1038 1039/1039
f 1038/1038 1037/1037 1040/1040
f 1041/1041 1042/1042 1043/1043
f 1042/1042 1041/1041 1044/1044
f 1045/1045 1046/1046 1047/1047
f 1046/1046 1045/1045 1048/1048
f 1049/1049 1050/1050 1051/1051
f 1052/1052 1051/1051 1050/1050
f 1053/1053 1054/1054 1055/1055
f 1054/1054 1053/1053 1056/1056
f 1057/1057 1058/1058 1059/1059
f 1060/1060 1058/1058 1057/1057
f 1061/1061 1062/1062 1063/1063
f 1062/1062 1061/1061 1064/1064
f 1065/1065 1066/1066 1067/1067
f 1068/1068 1067/1067 1066/1066
f 1069/1069 1070/1070 1071/1071
f 1070/1070 1069/1069 1072/1072
f 1073/1073 1074/1074 1075/1075
f 1074/1074 1073/1073 1076/1076
f 1077/1077 1078/1078 1079/1079
f 1077/1077 1079/1079 1080/1080
f 1081/1081 1082/1082 1083/1083
f 1082/1082 1081/1081 1084/1084
f 1085/1085 1086/1086 1087/1087
f 1087/1087 1088/1088 1085/1085
f 1089/1089 1090/1090 1091/1091
f 1090/1090 1089/1089 1092/1092
f 1093/1093 1094/1094 1095/1095
f 1094/1094 1093/1093 1096/1096
f 1097/1097 1098/1098 1099/1099
f 1098/1098 1097/1097 1100/1100
f 1101/1101 1102/1102 1103/1103
f 1103/1103 1104/1104 1101/1101
f 1105/1105 1106/1106 1107/1107
f 1106/1106 1105/1105 1108/1108
f 1109/1109 1110/1110 1111/1111
f 1110/1110 1109/1109 1112/1112
f 1113/1113 1114/1114 1115/1115
f 1114/1114 1113/1113 1116/1116
f 1117/1117 1118/1118 1119/1119
f 1118/1118 1117/1117 1120/1120
f 1121/1121 1122/1122 1123/1123
f 1122/1122 1121/1121 1124/1124
f 1125/1125 1126/1126 1127/1127
f 1127/1127 1128/1128 1125/1125
f 1129/1129 1130/1130 1131/1131
f 1130/1130 1129/1129 1132/1132
f 1133/1133 1134/1134 1135/1135
f 1134/1134 1133/1133 1136/1136
f 1137/1137 1138/1138 1139/1139
f 1140/1140 1139/1139 1138/1138
f 1141/1141 1142/1142 1143/1143
f 1142/1142 1141/1141 1144/1144
f 1145/1145 1146/1146 1147/1147
f 1147/1147 1146/1146 1148/1148
f 1149/1149 1150/1150 1151/1151
f 1150/1150 1149/1149 1152/1152
f 1153/1153 1154/1154 1155/1155
f 1156/1156 1155/1155 1154/1154
f 1157/1157 1158/1158 1159/1159
f 1158/1158 1157/1157 1160/1160
f 1161/1161 1162/1162 1163/1163
f 1164/1164 1163/1163 1162/1162
f 1165/1165 1166/1166 1167/1167
f 1166/1166 1165/1165 1168/1168
f 1169/1169 1170/1170 1171/1171
f 1171/1171 1170/1170 1172/1172
f 1173/1173 1174/1174 1175/1175
f 1174/1174 1173/1173 1176/1176
f 1177/1177 1178/1178 1179/1179
f 1180/1180 1179/1179 1178/1178
f 1181/1181 1182/1182 1183/1183
f 1182/1182 1181/1181 1184/1184
f 1185/1185 1186/1186 1187/1187
f 1186/1186 1185/1185 1188/1188
f 1189/1189 1190/1190 1191/1191
f 1190/1190 1189/1189 1192/1192
f 1193/1193 1194/1194 1195/1195
f 1196/1196 1195/1195 1194/1194
f 1197/1197 1198/1198 1199/1199
f 1198/1198 1197/1197 1200/1200
f 1201/1201 1202/1202 1203/1203
f 1202/1202 1201/1201 1204/1204
f 1205/1205 1206/1206 1207/1207
f 1206/1206 1205/1205 1208/1208
f 1209/1209 1210/1210 1211/1211
f 1210/1210 1209/1209 1212/1212
f 1213/1213 1214/1214 1215/1215
f 1213/1213 1216/1216 1214/1214
f 1217/1217 1218/1218 1219/1219
f 1218/1218 1217/1217 1220/1220
f 1221/1221 1222/1222 1223/1223
f 1222/1222 1221/1221 1224/1224
f 1225/1225 1226/1226 1227/1227
f 1228/1228 1225/1225 1227/1227
f 1229/1229 1230/1230 1231/1231
f 1230/1230 1229/1229 1232/1232
f 1233/1233 1234/1234 1235/1235
f 1236/1236 1235/1235 1234/1234
f 1237/1237 1238/1238 1239/1239
f 1238/1238 1237/1237 1240/1240
f 1241/1241 1242/1242 1243/1243
f 1242/1242 1241/1241 1244/1244
f 1245/1245 1246/1246 1247/1247
f 1246/1246 1245/1245 1248/1248
f 1249/1249 1250/1250 1251/1251
f 1252/1252 1251/1251 1250/1250
f 1253/1253 1254/1254 1255/1255
f 1254/1254 1253/1253 1256/1256
f 1257/1257 1258/1258 1259/1259
f 1260/1260 1258/1258 1257/1257
f 1261/1261 1262/1262 1263/1263
f 1262/1262 1261/1261 1264/1264
f 1265/1265 1266/1266 1267/1267
f 1268/1268 1266/1266 1265/1265
f 1269/1269 1270/1270 1271/1271
f 1270/1270 1269/1269 1272/1272
f 1273/1273 1274/1274 1275/1275
f 1276/1276 1273/1273 1275/1275
f 1277/1277 1278/1278 1279/1279
f 1278/1278 1277/1277 1280/1280
f 1281/1281 1282/1282 1283/1283
f 1282/1282 1281/1281 1284/1284
f 1285/1285 1286/1286 1287/1287
f 1286/1286 1285/1285 1288/1288
f 1289/1289 1290/1290 1291/1291
f 1290/1290 1289/1289 1292/1292
f 1293/1293 1294/1294 1295/1295
f 1293/1293 1296/1296 1294/1294
f 1297/1297 1298/1298 1299/1299
f 1298/1298 1297/1297 1300/1300
f 1301/1301 1302/1302 1303/1303
f 1302/1302 1301/1301 1304/1304
f 1305/1305 1306/1306 1307/1307
f 1306/1306 1305/1305 1308/1308
f 1309/1309 1310/1310 1311/1311
f 1311/1311 1312/1312 1309/1309
f 1313/1313 1314/1314 1315/1315
f 1314/1314 1313/1313 1316/1316
f 1317/1317 1318/1318 1319/1319
f 1318/1318 1317/1317 1320/1320
f 1321/1321 1322/1322 1323/1323
f 1324/1324 1323/1323 1322/1322
f 1325/1325 1326/1326 1327/1327
f 1327/1327 1328/1328 1325/1325
f 1329/1329 1330/1330 1331/1331
f 1330/1330 1329/1329 1332/1332
f 1333/1333 1334/1334 1335/1335
f 1334/1334 1333/1333 1336/1336
f 1337/1337 1338/1338 1339/1339
f 1340/1340 1339/1339 1338/1338
f 1341/1341 1342/1342 1343/1343
f 1342/1342 1341/1341 1344/1344

o Necklace3_1
usemtl Golden
v 0.01243079 0.03305744 -0.02460183
v 0.01121436 0.05355594 0.01078196
v 0.01243079 0.05320389 0.01017426
v 0.02362723 0.04277860 -0.00782149
v -0.02359141 0.04277860 -0.00782149
v -0.01239496 0.05320389 0.01017426
v -0.01239496 0.03305744 -0.02460185
v -0.02359141 0.04348269 -0.00660610
v -0.01117853 0.03270539 -0.02520955
v 0.02362723 0.04348269 -0.00660608
v -0.01117853 0.05355594 0.01078196
v 0.01121436 0.03270539 -0.02520953
v 0.01121436 0.05355594 0.01078196
v 0.02444568 0.05277756 0.03290028
v 0.01243079 0.05320389 0.01017426
v 0.02205182 0.05347038 0.03409618
v 0.02205183 0.01243783 -0.03673281
v 0.01243079 0.03305744 -0.02460183
v 0.02444569 0.01313065 -0.03553692
v 0.01121436 0.03270539 -0.02520953
v 0.01121436 0.03270539 -0.02520953
v -0.02201599 0.01243783 -0.03673283
v -0.01117853 0.03270539 -0.02520955
v 0.02205183 0.01243783 -0.03673281
v -0.02440986 0.05277756 0.03290028
v -0.01117853 0.05355594 0.01078196
v -0.01239496 0.05320389 0.01017426
v -0.02201600 0.05347034 0.03409618
v -0.01117853 0.05355594 0.01078196
v 0.02205182 0.05347038 0.03409618
v 0.01121436 0.05355594 0.01078196
v -0.02201600 0.05347034 0.03409618
v 0.02362723 0.04348269 -0.00660608
v 0.04647959 0.03226128 -0.00251422
v 0.02362723 0.04277860 -0.00782149
v 0.04647960 0.03364689 -0.00012241
v 0.02362723 0.04277860 -0.00782149
v 0.02444569 0.01313065 -0.03553692
v 0.01243079 0.03305744 -0.02460183
v 0.04647959 0.03226128 -0.00251422
v -0.02359141 0.04277860 -0.00782149
v -0.04644377 0.03226128 -0.00251422
v -0.02359141 0.04348269 -0.00660610
v -0.04644377 0.03364689 -0.00012241
v -0.04644377 0.03364689 -0.00012241
v -0.01239496 0.05320389 0.01017426
v -0.02359141 0.04348269 -0.00660610
v -0.02440986 0.05277756 0.03290028
v 0.01243079 0.05320389 0.01017426
v 0.04647960 0.03364689 -0.00012241
v 0.02362723 0.04348269 -0.00660608
v 0.02444568 0.05277756 0.03290028
v -0.01117853 0.03270539 -0.02520955
v -0.02201599 0.01243783 -0.03673283
v -0.01239496 0.03305744 -0.02460185
v -0.02440985 0.01313065 -0.03553692
v -0.04644377 -0.02114414 0.03161906
v -0.03718927 -0.03020203 0.03399007
v -0.03718927 -0.02909242 0.03590548
v -0.04644377 -0.02252975 0.02922722
v -0.02201600 -0.00132069 0.06583764
v -0.01954420 -0.01377232 0.06235051
v -0.01762716 -0.01321749 0.06330820
v -0.02440986 -0.00201347 0.06464175
v 0.01958001 -0.01377232 0.06235051
v 0.02205182 -0.00132069 0.06583764
v 0.01766297 -0.01321749 0.06330820
v 0.02444568 -0.00201347 0.06464175
v 0.03722509 -0.03020203 0.03399007
v 0.04647959 -0.02252975 0.02922722
v 0.04647960 -0.02114414 0.03161906
v 0.03722509 -0.02909242 0.03590548
v 0.01766298 -0.04607696 0.00658734
v 0.02444569 -0.04166042 -0.00379545
v 0.01958002 -0.04552214 0.00754504
v 0.02205183 -0.04235325 -0.00499137
v -0.02440985 -0.04166042 -0.00379545
v -0.01762716 -0.04607696 0.00658734
v -0.01954419 -0.04552214 0.00754504
v -0.02201599 -0.04235325 -0.00499137
v 0.01766298 -0.04607696 0.00658734
v -0.02201599 -0.04235325 -0.00499137
v 0.02205183 -0.04235325 -0.00499137
v -0.01762716 -0.04607696 0.00658734
v 0.01958001 -0.01377232 0.06235051
v 0.04647960 -0.02114414 0.03161906
v 0.02444568 -0.00201347 0.06464175
v 0.03722509 -0.02909242 0.03590548
v -0.04644377 -0.02252975 0.02922722
v -0.01954419 -0.04552214 0.00754504
v -0.03718927 -0.03020203 0.03399007
v -0.02440985 -0.04166042 -0.00379545
v -0.04644377 -0.02114414 0.03161906
v -0.01954420 -0.01377232 0.06235051
v -0.02440986 -0.00201347 0.06464175
v -0.03718927 -0.02909242 0.03590548
v 0.02444569 -0.04166042 -0.00379545
v 0.04647959 -0.02252975 0.02922722
v 0.01958002 -0.04552214 0.00754504
v 0.03722509 -0.03020203 0.03399007
v 0.02205182 -0.00132069 0.06583764
v -0.02201600 -0.00132069 0.06583764
v 0.01766297 -0.01321749 0.06330820
v -0.01762716 -0.01321749 0.06330820
v -0.02201599 0.01243783 -0.03673283
v 0.02205183 -0.04235325 -0.00499137
v -0.02201599 -0.04235325 -0.00499137
v 0.02205183 0.01243783 -0.03673281
v -0.02201600 -0.00132069 0.06583764
v -0.02440986 0.05277756 0.03290028
v -0.02440986 -0.00201347 0.06464175
v -0.02201600 0.05347034 0.03409618
v 0.02444568 -0.00201347 0.06464175
v 0.04647960 0.03364689 -0.00012241
v 0.02444568 0.05277756 0.03290028
v 0.04647960 -0.02114414 0.03161906
v -0.04644377 0.03226128 -0.00251422
v -0.04644377 -0.02252975 0.02922722
v -0.04644377 0.03364689 -0.00012241
v -0.04644377 -0.02114414 0.03161906
v -0.02440986 -0.00201347 0.06464175
v -0.04644377 0.03364689 -0.00012241
v -0.04644377 -0.02114414 0.03161906
v -0.02440986 0.05277756 0.03290028
v 0.02205183 0.01243783 -0.03673281
v 0.02444569 -0.04166042 -0.00379545
v 0.02205183 -0.04235325 -0.00499137
v 0.02444569 0.01313065 -0.03553692
v 0.04647959 -0.02252975 0.02922722
v 0.02444569 0.01313065 -0.03553692
v 0.04647959 0.03226128 -0.00251422
v 0.02444569 -0.04166042 -0.00379545
v -0.02440985 -0.04166042 -0.00379545
v -0.02201599 0.01243783 -0.03673283
v -0.02201599 -0.04235325 -0.00499137
v -0.02440985 0.01313065 -0.03553692
v 0.04647960 0.03364689 -0.00012241
v 0.04647959 -0.02252975 0.02922722
v 0.04647959 0.03226128 -0.00251422
v 0.04647960 -0.02114414 0.03161906
v 0.02205182 -0.00132069 0.06583764
v -0.02201600 0.05347034 0.03409618
v -0.02201600 -0.00132069 0.06583764
v 0.02205182 0.05347038 0.03409618
v 0.02444568 0.05277756 0.03290028
v 0.02205182 -0.00132069 0.06583764
v 0.02444568 -0.00201347 0.06464175
v 0.02205182 0.05347038 0.03409618
v -0.04644377 -0.02252975 0.02922722
v -0.02440985 0.01313065 -0.03553692
v -0.02440985 -0.04166042 -0.00379545
v -0.04644377 0.03226128 -0.00251422
v -0.02440985 0.01313065 -0.03553692
v -0.02359141 0.04277860 -0.00782149
v -0.01239496 0.03305744 -0.02460185
v -0.04644377 0.03226128 -0.00251422
vt 0.14479180 0.74651486
vt 0.84334660 0.74651474
vt 0.85520816 0.74651474
vt 0.03561468 0.74651480
vt 0.49604610 0.74651486
vt 0.61313105 0.74651486
vt 0.38686898 0.74651480
vt 0.50395393 0.74651480
vt 0.37500754 0.74651486
vt 0.03166085 0.74651480
vt 0.62499249 0.74651480
vt 0.15665324 0.74651474
vt 0.84334660 0.74651474
vt 0.85520816 0.74651474
vt 0.85520816 0.74651474
vt 0.84334660 0.74651474
vt 0.15665324 0.74651474
vt 0.14479180 0.74651486
vt 0.14479180 0.74651486
vt 0.15665324 0.74651474
vt 0.15665324 0.74651474
vt 0.37500754 0.74651486
vt 0.37500754 0.74651486
vt 0.15665324 0.74651474
vt 0.61313105 0.74651486
vt 0.62499249 0.74651480
vt 0.61313105 0.74651486
vt 0.62499249 0.74651480
vt 0.62499249 0.74651480
vt 0.84334660 0.74651474
vt 0.84334660 0.74651474
vt 0.62499249 0.74651480
vt 0.03166085 0.74651480
vt 0.03561468 0.74651480
vt 0.03561468 0.74651480
vt 0.03166085 0.74651480
vt 0.03561468 0.74651480
vt 0.14479180 0.74651486
vt 0.14479180 0.74651486
vt 0.03561468 0.74651480
vt 0.49604610 0.74651486
vt 0.49604610 0.74651486
vt 0.50395393 0.74651480
vt 0.50395393 0.74651480
vt 0.50395393 0.74651480
vt 0.61313105 0.74651486
vt 0.50395393 0.74651480
vt 0.61313105 0.74651486
vt 0.85520816 0.74651474
vt 0.96438521 0.74651474
vt 0.96438521 0.74651474
vt 0.85520816 0.74651474
vt 0.37500754 0.74651486
vt 0.37500754 0.74651486
vt 0.38686898 0.74651480
vt 0.38686898 0.74651480
vt 0.50395393 0.74651480
vt 0.49604613 0.50000000
vt 0.50395387 0.50000000
vt 0.49604610 0.74651486
vt 0.62499249 0.74651480
vt 0.61313099 0.50000000
vt 0.62499243 0.49999994
vt 0.61313105 0.74651486
vt 0.85520816 0.49999994
vt 0.84334660 0.74651474
vt 0.84334660 0.49999994
vt 0.85520816 0.74651474
vt 0.03561470 0.50000000
vt 0.03561468 0.74651480
vt 0.03166085 0.74651480
vt 0.03166087 0.50000000
vt 0.15665326 0.49999988
vt 0.14479180 0.74651486
vt 0.14479181 0.50000000
vt 0.15665324 0.74651474
vt 0.38686898 0.74651480
vt 0.37500754 0.50000000
vt 0.38686901 0.50000000
vt 0.37500754 0.74651486
vt 0.15665326 0.49999988
vt 0.37500754 0.74651486
vt 0.15665324 0.74651474
vt 0.37500754 0.50000000
vt 0.85520816 0.49999994
vt 0.96438521 0.74651474
vt 0.85520816 0.74651474
vt 0.96438521 0.49999994
vt 0.49604610 0.74651486
vt 0.38686901 0.50000000
vt 0.49604613 0.50000000
vt 0.38686898 0.74651480
vt 0.50395393 0.74651480
vt 0.61313099 0.50000000
vt 0.61313105 0.74651486
vt 0.50395387 0.50000000
vt 0.14479180 0.74651486
vt 0.03561468 0.74651480
vt 0.14479181 0.50000000
vt 0.03561470 0.50000000
vt 0.84334660 0.74651474
vt 0.62499249 0.74651480
vt 0.84334660 0.49999994
vt 0.62499243 0.49999994
vt 0.37500754 0.74651486
vt 0.15665324 0.74651474
vt 0.37500754 0.74651486
vt 0.15665324 0.74651474
vt 0.62499249 0.74651480
vt 0.61313105 0.74651486
vt 0.61313105 0.74651486
vt 0.62499249 0.74651480
vt 0.85520816 0.74651474
vt 0.96438521 0.74651474
vt 0.85520816 0.74651474
vt 0.96438521 0.74651474
vt 0.49604610 0.74651486
vt 0.49604610 0.74651486
vt 0.50395393 0.74651480
vt 0.50395393 0.74651480
vt 0.61313105 0.74651486
vt 0.50395393 0.74651480
vt 0.50395393 0.74651480
vt 0.61313105 0.74651486
vt 0.15665324 0.74651474
vt 0.14479180 0.74651486
vt 0.15665324 0.74651474
vt 0.14479180 0.74651486
vt 0.03561468 0.74651480
vt 0.14479180 0.74651486
vt 0.03561468 0.74651480
vt 0.14479180 0.74651486
vt 0.38686898 0.74651480
vt 0.37500754 0.74651486
vt 0.37500754 0.74651486
vt 0.38686898 0.74651480
vt 0.03166085 0.74651480
vt 0.03561468 0.74651480
vt 0.03561468 0.74651480
vt 0.03166085 0.74651480
vt 0.84334660 0.74651474
vt 0.62499249 0.74651480
vt 0.62499249 0.74651480
vt 0.84334660 0.74651474
vt 0.85520816 0.74651474
vt 0.84334660 0.74651474
vt 0.85520816 0.74651474
vt 0.84334660 0.74651474
vt 0.49604610 0.74651486
vt 0.38686898 0.74651480
vt 0.38686898 0.74651480
vt 0.49604610 0.74651486
vt 0.38686898 0.74651480
vt 0.49604610 0.74651486
vt 0.38686898 0.74651480
vt 0.49604610 0.74651486
f 1345/1345 1346/1346 1347/1347
f 1345/1345 1347/1347 1348/1348
f 1349/1349 1350/1350 1351/1351
f 1350/1350 1349/1349 1352/1352
f 1350/1350 1353/1353 1351/1351
f 1348/1348 1347/1347 1354/1354
f 1353/1353 1355/1355 1356/1356
f 1353/1353 1350/1350 1355/1355
f 1346/1346 1345/1345 1356/1356
f 1356/1356 1355/1355 1346/1346
f 1357/1357 1358/1358 1359/1359
f 1358/1358 1357/1357 1360/1360
f 1361/1361 1362/1362 1363/1363
f 1362/1362 1361/1361 1364/1364
f 1365/1365 1366/1366 1367/1367
f 1366/1366 1365/1365 1368/1368
f 1369/1369 1370/1370 1371/1371
f 1370/1370 1369/1369 1372/1372
f 1373/1373 1374/1374 1375/1375
f 1374/1374 1373/1373 1376/1376
f 1377/1377 1378/1378 1379/1379
f 1378/1378 1377/1377 1380/1380
f 1381/1381 1382/1382 1383/1383
f 1382/1382 1381/1381 1384/1384
f 1385/1385 1386/1386 1387/1387
f 1388/1388 1387/1387 1386/1386
f 1389/1389 1390/1390 1391/1391
f 1390/1390 1389/1389 1392/1392
f 1393/1393 1394/1394 1395/1395
f 1394/1394 1393/1393 1396/1396
f 1397/1397 1398/1398 1399/1399
f 1400/1400 1399/1399 1398/1398
f 1401/1401 1402/1402 1403/1403
f 1402/1402 1401/1401 1404/1404
f 1405/1405 1406/1406 1407/1407
f 1406/1406 1405/1405 1408/1408
f 1409/1409 1410/1410 1411/1411
f 1410/1410 1409/1409 1412/1412
f 1413/1413 1414/1414 1415/1415
f 1413/1413 1415/1415 1416/1416
f 1417/1417 1418/1418 1419/1419
f 1417/1417 1420/1420 1418/1418
f 1421/1421 1422/1422 1423/1423
f 1422/1422 1421/1421 1424/1424
f 1425/1425 1426/1426 1427/1427
f 1426/1426 1425/1425 1428/1428
f 1429/1429 1430/1430 1431/1431
f 1430/1430 1429/1429 1432/1432
f 1433/1433 1434/1434 1435/1435
f 1434/1434 1433/1433 1436/1436
f 1437/1437 1438/1438 1439/1439
f 1438/1438 1437/1437 1440/1440
f 1441/1441 1442/1442 1443/1443
f 1444/1444 1443/1443 1442/1442
f 1445/1445 1446/1446 1447/1447
f 1448/1448 1447/1447 1446/1446
f 1449/1449 1450/1450 1451/1451
f 1449/1449 1452/1452 1450/1450
f 1453/1453 1454/1454 1455/1455
f 1454/1454 1453/1453 1456/1456
f 1457/1457 1458/1458 1459/1459
f 1458/1458 1457/1457 1460/1460
f 1461/1461 1462/1462 1463/1463
f 1464/1464 1463/1463 1462/1462
f 1465/1465 1466/1466 1467/1467
f 1466/1466 1465/1465 1468/1468
f 1469/1469 1470/1470 1471/1471
f 1472/1472 1470/1470 1469/1469
f 1473/1473 1474/1474 1475/1475
f 1474/1474 1473/1473 1476/1476
f 1477/1477 1478/1478 1479/1479
f 1478/1478 1477/1477 1480/1480
f 1481/1481 1482/1482 1483/1483
f 1482/1482 1481/1481 1484/1484
f 1485/1485 1486/1486 1487/1487
f 1486/1486 1485/1485 1488/1488
f 1489/1489 1490/1490 1491/1491
f 1492/1492 1490/1490 1489/1489
f 1493/1493 1494/1494 1495/1495
f 1494/1494 1493/1493 1496/1496
f 1497/1497 1498/1498 1499/1499
f 1500/1500 1498/1498 1497/1497

o Necklace3_2
usemtl Cyan
v -0.03718927 -0.03020203 0.03399007
v -0.03718927 -0.20440233 0.13490745
v -0.03718927 -0.20329268 0.13682282
v -0.03718927 -0.02909242 0.03590548
v -0.01916293 -0.22358639 0.11159490
v 0.00001791 -0.25119129 0.16060321
v -0.00199717 -0.25060807 0.16160990
v -0.01714785 -0.22416967 0.11058825
v -0.03632871 -0.20868252 0.13732163
v -0.00199718 -0.24944169 0.16362326
v -0.03632871 -0.20751613 0.13933496
v -0.00199717 -0.25060807 0.16160990
v 0.00203299 -0.24944169 0.16362326
v 0.03636453 -0.20868252 0.13732163
v 0.03636453 -0.20751613 0.13933501
v 0.00203299 -0.25060807 0.16160990
v -0.01714785 -0.19202897 0.16606837
v -0.00199718 -0.24944169 0.16362326
v 0.00001791 -0.24885851 0.16462996
v -0.01916294 -0.19261215 0.16506166
v 0.00203299 -0.24944169 0.16362326
v 0.01919876 -0.19261215 0.16506166
v 0.01718368 -0.19202897 0.16606837
v 0.00001791 -0.24885851 0.16462996
v 0.00001791 -0.25119129 0.16060321
v 0.01718368 -0.22416958 0.11058825
v 0.01919877 -0.22358639 0.11159490
v 0.00203299 -0.25060807 0.16160990
v -0.01916293 -0.22358639 0.11159490
v -0.03632871 -0.20868252 0.13732163
v -0.03718927 -0.20440233 0.13490745
v -0.01954419 -0.21972240 0.10846242
v -0.01916294 -0.19261215 0.16506166
v -0.03718927 -0.20329268 0.13682282
v -0.03632871 -0.20751613 0.13933496
v -0.01954420 -0.18797261 0.16326785
v 0.01766297 -0.18741780 0.16422558
v -0.01714785 -0.19202897 0.16606837
v 0.01718368 -0.19202897 0.16606837
v -0.01762716 -0.18741780 0.16422558
v 0.01919876 -0.19261215 0.16506166
v 0.03722509 -0.20329268 0.13682282
v 0.01958001 -0.18797261 0.16326790
v 0.03636453 -0.20751613 0.13933501
v 0.03722509 -0.20440233 0.13490745
v 0.01919877 -0.22358639 0.11159490
v 0.01958002 -0.21972240 0.10846242
v 0.03636453 -0.20868252 0.13732163
v -0.01762716 -0.04607696 0.00658734
v -0.01762716 -0.22027724 0.10750470
v -0.01954419 -0.21972240 0.10846242
v -0.01954419 -0.04552214 0.00754504
v -0.01762716 -0.22027724 0.10750470
v 0.01766298 -0.22027724 0.10750470
v 0.01718368 -0.22416958 0.11058825
v -0.01714785 -0.22416967 0.11058825
v -0.01762716 -0.18741780 0.16422558
v -0.01954420 -0.01377232 0.06235051
v -0.01954420 -0.18797261 0.16326785
v -0.01762716 -0.01321749 0.06330820
v 0.01766297 -0.18741780 0.16422558
v 0.01958001 -0.01377232 0.06235051
v 0.01766297 -0.01321749 0.06330820
v 0.01958001 -0.18797261 0.16326790
v 0.03722509 -0.20329268 0.13682282
v 0.03722509 -0.03020203 0.03399007
v 0.03722509 -0.02909242 0.03590548
v 0.03722509 -0.20440233 0.13490745
v 0.01958002 -0.21972240 0.10846242
v 0.01766298 -0.04607696 0.00658734
v 0.01958002 -0.04552214 0.00754504
v 0.01766298 -0.22027724 0.10750470
v 0.00203299 -0.24944169 0.16362326
v 0.00001791 -0.25119129 0.16060321
v 0.00203299 -0.25060807 0.16160990
v 0.00001791 -0.24885851 0.16462996
v -0.00199717 -0.25060807 0.16160990
v -0.00199718 -0.24944169 0.16362326
v -0.03632871 -0.20751613 0.13933496
v -0.03718927 -0.20440233 0.13490745
v -0.03632871 -0.20868252 0.13732163
v -0.03718927 -0.20329268 0.13682282
v -0.01714785 -0.19202897 0.16606837
v -0.01954420 -0.18797261 0.16326785
v -0.01916294 -0.19261215 0.16506166
v -0.01762716 -0.18741780 0.16422558
v 0.01958001 -0.18797261 0.16326790
v 0.01718368 -0.19202897 0.16606837
v 0.01919876 -0.19261215 0.16506166
v 0.01766297 -0.18741780 0.16422558
v 0.03636453 -0.20868252 0.13732163
v 0.03722509 -0.20440233 0.13490745
v 0.03636453 -0.20751613 0.13933501
v 0.03722509 -0.20329268 0.13682282
v 0.01766298 -0.22027724 0.10750470
v 0.01919877 -0.22358639 0.11159490
v 0.01718368 -0.22416958 0.11058825
v 0.01958002 -0.21972240 0.10846242
v -0.01916293 -0.22358639 0.11159490
v -0.01762716 -0.22027724 0.10750470
v -0.01714785 -0.22416967 0.11058825
v -0.01954419 -0.21972240 0.10846242
v 0.01766298 -0.04607696 0.00658734
v 0.01766298 -0.22027724 0.10750470
v -0.01762716 -0.22027724 0.10750470
v -0.01762716 -0.04607696 0.00658734
v 0.03636453 -0.20868252 0.13732163
v 0.00203299 -0.25060807 0.16160990
v 0.01919877 -0.22358639 0.11159490
v -0.01714785 -0.19202897 0.16606837
v 0.00001791 -0.24885851 0.16462996
v 0.01718368 -0.19202897 0.16606837
v -0.01916293 -0.22358639 0.11159490
v -0.00199717 -0.25060807 0.16160990
v -0.03632871 -0.20868252 0.13732163
v 0.01919876 -0.19261215 0.16506166
v 0.00203299 -0.24944169 0.16362326
v 0.03636453 -0.20751613 0.13933501
v -0.03632871 -0.20751613 0.13933496
v -0.00199718 -0.24944169 0.16362326
v -0.01916294 -0.19261215 0.16506166
v 0.03722509 -0.20329268 0.13682282
v 0.01958001 -0.01377232 0.06235051
v 0.01958001 -0.18797261 0.16326790
v 0.03722509 -0.02909242 0.03590548
v -0.01954419 -0.04552214 0.00754504
v -0.03718927 -0.20440233 0.13490745
v -0.03718927 -0.03020203 0.03399007
v -0.01954419 -0.21972240 0.10846242
v -0.03718927 -0.02909242 0.03590548
v -0.01954420 -0.18797261 0.16326785
v -0.01954420 -0.01377232 0.06235051
v -0.03718927 -0.20329268 0.13682282
v 0.03722509 -0.20440233 0.13490745
v 0.01958002 -0.04552214 0.00754504
v 0.03722509 -0.03020203 0.03399007
v 0.01958002 -0.21972240 0.10846242
v 0.01718368 -0.22416958 0.11058825
v 0.00001791 -0.25119129 0.16060321
v -0.01714785 -0.22416967 0.11058825
v -0.01762716 -0.01321749 0.06330820
v -0.01762716 -0.18741780 0.16422558
v 0.01766297 -0.18741780 0.16422558
v 0.01766297 -0.01321749 0.06330820
vt 0.49604613 0.50000000
vt 0.49604616 0.25348508
vt 0.50395381 0.25348514
vt 0.50395387 0.50000000
vt 0.38451004 0.24304700
vt 0.26583046 0.04700321
vt 0.27829862 0.04700321
vt 0.37204191 0.24304700
vt 0.50670075 0.24159038
vt 0.72170132 0.04700321
vt 0.50927842 0.24304706
vt 0.71912366 0.04554659
vt 0.25078461 0.04554659
vt 0.04093932 0.24304700
vt 0.03836165 0.24159038
vt 0.25336233 0.04700321
vt 0.62795806 0.24304706
vt 0.72170132 0.04700321
vt 0.73416948 0.04700321
vt 0.61548984 0.24304700
vt 0.74663764 0.04700321
vt 0.85284925 0.24304706
vt 0.84038103 0.24304700
vt 0.73416948 0.04700321
vt 0.26583046 0.04700321
vt 0.15961893 0.24304700
vt 0.14715081 0.24304700
vt 0.25336233 0.04700321
vt 0.38451004 0.24304700
vt 0.49072152 0.24304700
vt 0.49604616 0.25348508
vt 0.38686901 0.25348514
vt 0.61548984 0.24304700
vt 0.50395381 0.25348514
vt 0.50927842 0.24304706
vt 0.61313093 0.25348514
vt 0.84334660 0.25348508
vt 0.62795806 0.24304706
vt 0.84038103 0.24304700
vt 0.62499237 0.25348508
vt 0.85284925 0.24304706
vt 0.96438521 0.25348508
vt 0.85520816 0.25348514
vt 0.95906055 0.24304700
vt 0.03561471 0.25348514
vt 0.14715081 0.24304700
vt 0.14479183 0.25348508
vt 0.04093932 0.24304700
vt 0.37500754 0.50000000
vt 0.37500754 0.25348508
vt 0.38686901 0.25348514
vt 0.38686901 0.50000000
vt 0.37500754 0.25348508
vt 0.15665327 0.25348508
vt 0.15961893 0.24304700
vt 0.37204191 0.24304700
vt 0.62499237 0.25348508
vt 0.61313099 0.50000000
vt 0.61313093 0.25348514
vt 0.62499243 0.49999994
vt 0.84334660 0.25348508
vt 0.85520816 0.49999994
vt 0.84334660 0.49999994
vt 0.85520816 0.25348514
vt 0.03166088 0.25348514
vt 0.03561470 0.50000000
vt 0.03166087 0.50000000
vt 0.03561471 0.25348514
vt 0.14479183 0.25348508
vt 0.15665326 0.49999988
vt 0.14479181 0.50000000
vt 0.15665327 0.25348508
vt 0.26067507 0.04117656
vt 0.26583046 0.04700321
vt 0.25830755 0.04554653
vt 0.26304263 0.03680658
vt 0.27335337 0.04554659
vt 0.27098581 0.04117656
vt 0.50543666 0.24777448
vt 0.50000000 0.25348514
vt 0.50000000 0.24777448
vt 0.50395381 0.25348514
vt 0.62795806 0.24304706
vt 0.61313093 0.25348514
vt 0.61548984 0.24304700
vt 0.62499237 0.25348508
vt 0.85520816 0.25348514
vt 0.84038103 0.24304700
vt 0.85284925 0.24304706
vt 0.84334660 0.25348508
vt 0.03709753 0.24777448
vt 0.03561471 0.25348514
vt 0.03166088 0.24777448
vt 0.03166088 0.25348514
vt 0.15665327 0.25348508
vt 0.14715081 0.24304700
vt 0.15961893 0.24304700
vt 0.14479183 0.25348508
vt 0.38451004 0.24304700
vt 0.37500754 0.25348508
vt 0.37204191 0.24304700
vt 0.38686901 0.25348514
vt 0.15665326 0.49999988
vt 0.15665327 0.25348508
vt 0.37500754 0.25348508
vt 0.37500754 0.50000000
vt 0.04093932 0.24304700
vt 0.25336233 0.04700321
vt 0.14715081 0.24304700
vt 0.62795806 0.24304706
vt 0.73416948 0.04700321
vt 0.84038103 0.24304700
vt 0.38451004 0.24304700
vt 0.27829862 0.04700321
vt 0.49072152 0.24304700
vt 0.85284925 0.24304706
vt 0.74663764 0.04700321
vt 0.95906055 0.24304700
vt 0.50927842 0.24304706
vt 0.72170132 0.04700321
vt 0.61548984 0.24304700
vt 0.96438521 0.25348508
vt 0.85520816 0.49999994
vt 0.85520816 0.25348514
vt 0.96438521 0.49999994
vt 0.38686901 0.50000000
vt 0.49604616 0.25348508
vt 0.49604613 0.50000000
vt 0.38686901 0.25348514
vt 0.50395387 0.50000000
vt 0.61313093 0.25348514
vt 0.61313099 0.50000000
vt 0.50395381 0.25348514
vt 0.03561471 0.25348514
vt 0.14479181 0.50000000
vt 0.03561470 0.50000000
vt 0.14479183 0.25348508
vt 0.15961893 0.24304700
vt 0.26583046 0.04700321
vt 0.37204191 0.24304700
vt 0.62499243 0.49999994
vt 0.62499237 0.25348508
vt 0.84334660 0.25348508
vt 0.84334660 0.49999994
f 1501/1501 1502/1502 1503/1503
f 1501/1501 1503/1503 1504/1504
f 1505/1505 1506/1506 1507/1507
f 1506/1506 1505/1505 1508/1508
f 1509/1509 1510/1510 1511/1511
f 1509/1509 1512/1512 1510/1510
f 1513/1513 1514/1514 1515/1515
f 1514/1514 1513/1513 1516/1516
f 1517/1517 1518/1518 1519/1519
f 1518/1518 1517/1517 1520/1520
f 1521/1521 1522/1522 1523/1523
f 1521/1521 1523/1523 1524/1524
f 1525/1525 1526/1526 1527/1527
f 1525/1525 1527/1527 1528/1528
f 1529/1529 1530/1530 1531/1531
f 1531/1531 1532/1532 1529/1529
f 1533/1533 1534/1534 1535/1535
f 1534/1534 1533/1533 1536/1536
f 1537/1537 1538/1538 1539/1539
f 1537/1537 1540/1540 1538/1538
f 1541/1541 1542/1542 1543/1543
f 1542/1542 1541/1541 1544/1544
f 1545/1545 1546/1546 1547/1547
f 1546/1546 1545/1545 1548/1548
f 1549/1549 1550/1550 1551/1551
f 1551/1551 1552/1552 1549/1549
f 1553/1553 1554/1554 1555/1555
f 1553/1553 1555/1555 1556/1556
f 1557/1557 1558/1558 1559/1559
f 1558/1558 1557/1557 1560/1560
f 1561/1561 1562/1562 1563/1563
f 1562/1562 1561/1561 1564/1564
f 1565/1565 1566/1566 1567/1567
f 1566/1566 1565/1565 1568/1568
f 1569/1569 1570/1570 1571/1571
f 1570/1570 1569/1569 1572/1572
f 1573/1573 1574/1574 1575/1575
f 1574/1574 1576/1576 1577/1577
f 1576/1576 1578/1578 1577/1577
f 1576/1576 1574/1574 1573/1573
f 1579/1579 1580/1580 1581/1581
f 1580/1580 1579/1579 1582/1582
f 1583/1583 1584/1584 1585/1585
f 1584/1584 1583/1583 1586/1586
f 1587/1587 1588/1588 1589/1589
f 1590/1590 1588/1588 1587/1587
f 1591/1591 1592/1592 1593/1593
f 1594/1594 1593/1593 1592/1592
f 1595/1595 1596/1596 1597/1597
f 1598/1598 1596/1596 1595/1595
f 1599/1599 1600/1600 1601/1601
f 1600/1600 1599/1599 1602/1602
f 1603/1603 1604/1604 1605/1605
f 1605/1605 1606/1606 1603/1603
f 1607/1607 1608/1608 1609/1609
f 1610/1610 1611/1611 1612/1612
f 1613/1613 1614/1614 1615/1615
f 1616/1616 1617/1617 1618/1618
f 1619/1619 1620/1620 1621/1621
f 1622/1622 1623/1623 1624/1624
f 1622/1622 1625/1625 1623/1623
f 1626/1626 1627/1627 1628/1628
f 1627/1627 1626/1626 1629/1629
f 1630/1630 1631/1631 1632/1632
f 1631/1631 1630/1630 1633/1633
f 1634/1634 1635/1635 1636/1636
f 1635/1635 1634/1634 1637/1637
f 1638/1638 1639/1639 1640/1640
f 1641/1641 1642/1642 1643/1643
f 1643/1643 1644/1644 1641/1641

