kombo,isim,silah,kalip,cast,isabet,konum,govdeye_girmedi,tek_sistem,hata_yok,sure,sicrama_yok,yerde,etki_kontrol,gecti,beklenen_konum,gercek_konum,hasar,etki,min_merkez_m,temas_m,kalip_sn,beklenen_sn,toplam_sn,ayak_m,inis_m,bacak,notlar
1-1,"Yoğun Vuruş","Yumruk","yukle_birak",1,1,1,1,1,1,1,1,1,1,1,"ön","ön",272944.00,"boss:Burn",1.56,1.35,0.53,0.52,0.87,0.00,0.00,"0/3 kare koşu","vuruş 1: 0,73s@boss0,37m/oyuncu1,53m; kalıp sonu: merkeze 1,77 m, başlangıçtan 1,70 m, kalıp simülasyonundan 0,20 m, boss 0,47 m kaydı; uyarı: [PlaceholderFactory] VFX asset missing (trail/straight); using element_color primitive placeholder. | [PlaceholderFactory] VFX asset missing (impact/burst_soft); using element_color primitive placeholder."
1-2,"Emici Vuruş","Yumruk","kan_ceken_pence",1,1,1,1,1,1,1,1,1,1,1,"yerinde","yerinde",133456.00,"boss:Burn, oyuncu +58997 can, mermi sil 0 yut 3 dön 0 perde 0 bağ 0",1.34,1.35,0.40,0.38,0.73,0.00,0.00,"","vuruş 3: 0,40s@boss1,75m/oyuncu1,02m 0,53s@boss1,18m/oyuncu1,02m 0,67s@boss0,61m/oyuncu1,02m; kalıp sonu: merkeze 1,34 m, başlangıçtan 0,00 m, kalıp simülasyonundan 0,00 m, boss 1,66 m kaydı"
1-3,"Sıçrayan Vuruş","Yumruk","yan_yan_sekme",1,1,1,1,1,1,1,1,1,1,1,"geri","geri",309800.00,"boss:Burn",2.67,1.35,0.60,0.58,0.93,0.00,0.00,"0/8 kare koşu","vuruş 2: 0,53s@boss0,74m/oyuncu3,34m 0,80s@boss0,74m/oyuncu4,53m; kalıp sonu: merkeze 4,25 m, başlangıçtan 1,24 m, kalıp simülasyonundan 0,11 m, boss 0,98 m kaydı"
1-4,"Sabit Vuruş","Yumruk","yere_cakilan",1,1,1,1,1,1,1,1,1,1,1,"ön","ön",203456.00,"boss:Burn",2.11,1.35,0.60,0.54,0.93,0.00,0.00,"0/2 kare koşu","vuruş 1: 0,80s@boss2,11m/oyuncu0,00m; kalıp sonu: merkeze 2,58 m, başlangıçtan 0,92 m, kalıp simülasyonundan 0,02 m, boss 0,50 m kaydı"
1-5,"Yayılan Vuruş","Yumruk","donen_kesik",1,1,1,1,1,1,1,1,1,1,1,"yerinde","yerinde",178016.00,"boss:Burn",3.00,1.35,0.60,0.55,0.93,0.00,0.00,"","vuruş 1: 0,53s@boss3,00m/oyuncu0,00m; kalıp sonu: merkeze 3,97 m, başlangıçtan 0,00 m, kalıp simülasyonundan 0,00 m, boss 0,97 m kaydı"
1-6,"Bağlayıcı Vuruş","Yumruk","zincirli_firlatma",1,1,1,1,1,1,1,1,1,1,1,"ön","ön",278520.00,"boss:Root+Slow+Burn, boss hız x0,00",2.64,1.35,0.73,0.70,1.07,0.00,0.00,"0/4 kare koşu","vuruş 2: 0,47s@boss0,45m/oyuncu3,48m 0,93s@boss1,56m/oyuncu1,28m; kalıp sonu: merkeze 2,69 m, başlangıçtan 1,50 m, kalıp simülasyonundan 0,00 m, boss 1,19 m kaydı"
2-1,"Yoğun Şifa","Yumruk","tek_dokunus",1,1,1,1,1,1,1,1,1,1,1,"geri","geri",0.00,"oyuncu +88000 can",3.00,1.35,0.20,0.16,0.60,0.00,0.00,"0/2 kare koşu","vuruş 1: 0,47s@boss3,90m/oyuncu0,68m; kalıp sonu: merkeze 3,42 m, başlangıçtan 0,55 m, kalıp simülasyonundan 0,00 m, kalıp hedefi AllyDummy; uyarı: [PlaceholderFactory] VFX asset missing (trail/blink_line); using element_color primitive placeholder. | [PlaceholderFactory] VFX asset missing (impact/pierce_hit); using element_color primitive placeholder."
2-2,"Emici Şifa","Yumruk","uzaktan_emme",1,1,1,1,1,1,1,1,1,1,1,"yerinde","yerinde",53184.00,"oyuncu +112801 can, dost +28000 can, mermi sil 0 yut 4 dön 0 perde 0 bağ 0",2.65,1.35,2.20,2.16,2.60,0.00,0.00,"","vuruş 4: 1,00s@boss0,19m/oyuncu2,72m 1,53s@boss0,10m/oyuncu2,72m 2,00s@boss0,02m/oyuncu2,72m 2,53s@boss0,07m/oyuncu2,72m; kalıp sonu: merkeze 2,65 m, başlangıçtan 0,35 m, kalıp simülasyonundan 0,00 m"
2-3,"Sıçrayan Şifa","Yumruk","dosttan_dosta",1,1,1,1,1,1,1,1,1,1,1,"yerinde","yerinde",0.00,"oyuncu +104000 can, dost +28000 can",3.00,1.35,0.60,0.54,1.00,0.00,0.00,"","vuruş 3: 0,53s@boss6,43m/oyuncu3,95m 0,60s@boss6,98m/oyuncu4,53m 0,80s@boss6,88m/oyuncu4,54m; kalıp sonu: merkeze 3,00 m, başlangıçtan 0,00 m, kalıp simülasyonundan 0,00 m, kalıp hedefi AllyDummy"
2-4,"Sabit Şifa","Yumruk","totem_dikme",1,1,1,1,1,1,1,1,1,1,1,"yerinde","yerinde",0.00,"oyuncu +88000 can, dost +28000 can",3.00,1.35,0.33,0.30,0.73,0.00,0.00,"","vuruş 1: 0,60s@boss3,10m/oyuncu0,00m; kalıp sonu: merkeze 3,11 m, başlangıçtan 0,15 m, kalıp simülasyonundan 0,00 m, kalıp hedefi AllyDummy"
2-5,"Yayılan Şifa","Yumruk","genisleyen_halka",1,1,1,1,1,1,1,1,1,1,1,"yerinde","yerinde",0.00,"oyuncu +88000 can, dost +88000 can",3.00,1.35,0.60,0.58,1.00,0.00,0.00,"","vuruş 1: 0,80s@boss3,00m/oyuncu0,00m; kalıp sonu: merkeze 3,00 m, başlangıçtan 0,00 m, kalıp simülasyonundan 0,00 m"
2-6,"Bağlayıcı Şifa","Yumruk","dostu_kanca",1,1,1,1,1,1,1,1,1,1,1,"geri","geri",0.00,"oyuncu +88000 can",3.00,1.35,0.53,0.52,0.93,0.00,0.00,"0/6 kare koşu","vuruş 1: 0,80s@boss5,79m/oyuncu0,40m; kalıp sonu: merkeze 5,92 m, başlangıçtan 3,40 m, kalıp simülasyonundan 0,00 m, kalıp hedefi AllyDummy"
3-1,"Yoğun Adım","Yumruk","kisa_dash",1,1,1,1,1,1,1,1,1,1,1,"ön","ön",8800.00,"boss:Burn",2.17,1.35,0.20,0.16,0.53,0.00,0.00,"0/3 kare koşu","kalıp sonu: merkeze 2,17 m, başlangıçtan 0,83 m, kalıp simülasyonundan 0,00 m"
3-2,"Emici Adım","Yumruk","icinden_emme",1,1,1,1,1,1,1,1,1,1,1,"arka","arka",8800.00,"boss:Burn, oyuncu +28801 can, mermi sil 0 yut 4 dön 0 perde 0 bağ 0",0.17,1.35,0.33,0.28,0.67,0.00,0.00,"0/5 kare koşu","vuruş 1: 0,47s@boss0,24m/oyuncu1,36m; kalıp sonu: merkeze 2,61 m, başlangıçtan 5,27 m, kalıp simülasyonundan 0,38 m, boss 0,34 m kaydı; gövdeye girdi: merkeze 0,17 m (t=0,40, temas 1,35) geçiş tasarım gereği"
3-3,"Sıçrayan Adım","Yumruk","sekmeli_ziplama",1,1,1,1,1,1,1,1,1,1,1,"arka","arka",9600.00,"boss:Burn",1.50,1.35,0.40,0.40,0.73,0.00,0.00,"0/6 kare koşu","vuruş 2: 0,47s@boss1,79m/oyuncu0,00m 0,67s@boss1,50m/oyuncu0,00m; kalıp sonu: merkeze 1,50 m, başlangıçtan 4,50 m, kalıp simülasyonundan 0,00 m"
3-4,"Sabit Adım","Yumruk","geri_sarma",1,1,1,1,1,1,1,1,1,1,1,"başlangıç","başlangıç",38400.00,"boss:Burn",1.50,1.35,2.67,2.66,3.00,0.00,0.00,"0/9 kare koşu","kalıp sonu: merkeze 3,00 m, başlangıçtan 0,00 m, kalıp simülasyonundan 0,00 m; uyarı: Hareket kalıbı konumu yönetiyor; gramer konum adımı atlandı: 3-4 isaret_geri_don"
3-5,"Yayılan Adım","Yumruk","dalis_patlamasi",1,1,1,1,1,1,1,1,1,1,1,"ön","ön",8800.00,"boss:Burn",1.50,1.35,0.47,0.42,0.80,0.00,0.00,"0/4 kare koşu","vuruş 1: 0,60s@boss1,50m/oyuncu0,00m; kalıp sonu: merkeze 2,45 m, başlangıçtan 1,50 m, kalıp simülasyonundan 0,00 m, boss 0,95 m kaydı"
3-6,"Bağlayıcı Adım","Yumruk","kanca_cekis",1,1,1,1,1,1,1,1,1,1,1,"arka","arka",8000.00,"boss:Root+Slow+Burn, boss hız x0,00",1.50,1.35,0.80,0.74,1.13,0.00,0.00,"0/10 kare koşu","vuruş 1: 0,93s@boss0,00m/oyuncu1,50m; kalıp sonu: merkeze 1,50 m, başlangıçtan 4,60 m, kalıp simülasyonundan 0,10 m; uyarı: Hareket kalıbı konumu yönetiyor; gramer konum adımı atlandı: 3-6 yer_degistir"
4-1,"Yoğun Kalkan","Yumruk","tam_zamanli",1,1,1,1,1,1,1,1,1,1,1,"yerinde","yerinde",0.00,"",3.00,1.35,0.53,0.50,0.93,0.00,0.00,"","hasarsız skill (base_damage 0): etki hareketin kendisi; vuruş 1: 0,73s@boss0,62m/oyuncu2,38m; kalıp sonu: merkeze 3,00 m, başlangıçtan 0,00 m, kalıp simülasyonundan 0,00 m"
4-2,"Emici Kalkan","Yumruk","kalkan_calma",1,1,1,1,1,1,1,1,1,1,1,"yerinde","yerinde",76000.00,"oyuncu +21600 can, mermi sil 0 yut 3 dön 0 perde 0 bağ 0",3.00,1.35,0.20,0.20,0.60,0.00,0.00,"","vuruş 1: 0,47s@boss1,73m/oyuncu1,28m; kalıp sonu: merkeze 3,00 m, başlangıçtan 0,00 m, kalıp simülasyonundan 0,00 m"
4-3,"Sıçrayan Kalkan","Yumruk","seken_disk",1,1,1,1,1,1,1,1,1,1,1,"yerinde","yerinde",0.00,"oyuncu:Shield, kalkan 25",3.00,1.35,0.47,0.42,0.87,0.00,0.00,"","vuruş 2: 0,53s@boss0,30m/oyuncu3,30m 0,67s@boss3,04m/oyuncu1,43m; kalıp sonu: merkeze 3,00 m, başlangıçtan 0,00 m, kalıp simülasyonundan 0,00 m"
5-1,"Yoğun Patlama","Yumruk","saplanan_fitil",1,1,1,1,1,1,1,1,1,1,1,"geri","geri",192664.00,"boss:Burn",2.38,1.35,1.67,1.62,2.00,0.00,0.00,"0/6 kare koşu","vuruş 2: 0,40s@boss0,85m/oyuncu1,53m 1,93s@boss0,85m/oyuncu2,95m; kalıp sonu: merkeze 4,27 m, başlangıçtan 0,80 m, kalıp simülasyonundan 0,00 m, boss 0,47 m kaydı; uyarı: [PlaceholderFactory] VFX asset missing (trail/ground_marker); using element_color primitive placeholder."
5-2,"Emici Patlama","Yumruk","ceken_girdap",1,1,1,1,1,1,1,1,1,1,1,"yerinde","yerinde",146768.00,"boss:Burn, oyuncu +75709 can, mermi sil 0 yut 5 dön 0 perde 0 bağ 0",1.35,1.35,1.33,1.32,1.67,0.00,0.00,"","vuruş 3: 1,00s@boss0,00m/oyuncu3,19m 1,47s@boss0,00m/oyuncu1,35m 1,53s@boss0,00m/oyuncu1,35m; kalıp sonu: merkeze 1,35 m, başlangıçtan 0,00 m, kalıp simülasyonundan 0,00 m, boss 1,65 m kaydı"
5-3,"Sıçrayan Patlama","Yumruk","seken_bomba",1,1,1,1,1,1,1,1,1,1,1,"yerinde","yerinde",220216.00,"boss:Burn",3.00,1.35,0.60,0.58,0.93,0.00,0.00,"","vuruş 3: 0,47s@boss0,40m/oyuncu3,40m 0,60s@boss0,00m/oyuncu3,69m 0,80s@boss0,35m/oyuncu4,33m; kalıp sonu: merkeze 4,55 m, başlangıçtan 0,00 m, kalıp simülasyonundan 0,00 m, boss 1,55 m kaydı"
6-1,"Yoğun Bağ","Yumruk","sinir_noktasi",1,1,1,1,1,1,1,1,1,1,1,"ön","ön",60192.00,"boss:Burn+Stun, boss hız x0,00",1.50,1.35,0.40,0.34,0.73,0.00,0.00,"0/5 kare koşu","vuruş 1: 0,60s@boss0,91m/oyuncu0,60m; kalıp sonu: merkeze 1,72 m, başlangıçtan 1,79 m, kalıp simülasyonundan 0,29 m, boss 0,51 m kaydı"
6-2,"Emici Bağ","Yumruk","bossu_cek",1,1,1,1,1,1,1,1,1,1,1,"geri","geri",46088.00,"boss:Burn+Root, boss hız x0,00, oyuncu +54387 can, mermi sil 0 yut 6 dön 0 perde 0 bağ 0",1.35,1.35,0.47,0.44,0.80,0.00,0.00,"0/5 kare koşu","vuruş 1: 0,60s@boss2,72m/oyuncu1,36m; kalıp sonu: merkeze 3,32 m, başlangıçtan 1,60 m, kalıp simülasyonundan 0,00 m, boss 1,28 m kaydı"
6-3,"Sıçrayan Bağ","Yumruk","basip_sekme",1,1,1,1,1,1,1,1,1,1,1,"başlangıç","başlangıç",69496.00,"boss:Burn+Root, boss hız x0,00",1.67,1.35,0.53,0.52,0.87,0.00,0.00,"0/7 kare koşu","vuruş 1: 0,60s@boss1,50m/oyuncu0,26m; kalıp sonu: merkeze 3,97 m, başlangıçtan 0,20 m, kalıp simülasyonundan 0,00 m, boss 0,78 m kaydı"
1-7,"Bulandırıcı Vuruş","Yumruk","dumandan_cikis",1,1,1,1,1,1,1,1,1,1,1,"ön","ön",205056.00,"boss:Blind+Burn",1.62,1.35,0.53,0.48,0.87,0.00,0.00,"0/4 kare koşu","vuruş 1: 0,67s@boss0,76m/oyuncu1,36m; kalıp sonu: merkeze 1,89 m, başlangıçtan 1,80 m, kalıp simülasyonundan 0,30 m, boss 0,69 m kaydı"
1-8,"Yükselen Vuruş","Yumruk","havaya_kaldirma",1,1,1,1,1,1,1,1,1,1,1,"ön","ön",222280.00,"boss:Burn+Stun, boss hız x0,00",1.90,1.35,0.40,0.34,0.73,0.00,0.00,"0/5 kare koşu","vuruş 1: 0,47s@boss1,08m/oyuncu1,28m; kalıp sonu: merkeze 1,90 m, başlangıçtan 1,10 m, kalıp simülasyonundan 0,00 m"
1-9,"Odaklı Vuruş","Yumruk","isarete_vur",1,1,1,1,1,1,1,1,1,1,1,"ön","ön",504528.00,"boss:Burn",2.03,1.35,0.40,0.38,0.73,0.00,0.00,"0/3 kare koşu","vuruş 1: 0,60s@boss0,88m/oyuncu1,28m; kalıp sonu: merkeze 2,24 m, başlangıçtan 1,35 m, kalıp simülasyonundan 0,00 m, boss 0,59 m kaydı"
2-7,"Bulandırıcı Şifa","Yumruk","sis_ortusu",1,1,1,1,1,1,1,1,1,1,1,"yerinde","yerinde",0.00,"oyuncu +88000 can, dost +28000 can",3.02,1.35,0.33,0.30,0.73,0.00,0.00,"","vuruş 1: 0,53s@boss0,00m/oyuncu3,07m; kalıp sonu: merkeze 3,08 m, başlangıçtan 0,00 m, kalıp simülasyonundan 0,00 m"
2-8,"Yükselen Şifa","Yumruk","yerden_buyuyen",1,1,1,1,1,1,1,1,1,1,1,"yerinde","yerinde",0.00,"oyuncu +88000 can, dost +64000 can",3.00,1.35,0.47,0.42,0.87,0.00,0.00,"","vuruş 1: 0,67s@boss6,98m/oyuncu4,33m; kalıp sonu: merkeze 3,18 m, başlangıçtan 0,25 m, kalıp simülasyonundan 0,00 m, kalıp hedefi AllyDummy"
2-9,"Odaklı Şifa","Yumruk","koruyucu_isaret",1,1,1,1,1,1,1,1,1,1,1,"geri","geri",0.00,"dost +128000 can",3.00,1.35,0.20,0.20,0.60,0.00,0.00,"0/3 kare koşu","vuruş 1: 0,53s@boss3,90m/oyuncu0,35m; kalıp sonu: merkeze 3,61 m, başlangıçtan 0,80 m, kalıp simülasyonundan 0,00 m, kalıp hedefi AllyDummy"
3-7,"Bulandırıcı Adım","Yumruk","duman_kaybolma",1,1,1,1,1,1,1,1,1,1,1,"ön","ön",12000.00,"boss:Blind+Burn, oyuncu:Stealth",1.50,1.35,0.60,0.59,0.93,0.00,0.00,"0/4 kare koşu","vuruş 1: 0,47s@boss1,75m/oyuncu0,00m; kalıp sonu: merkeze 1,50 m, başlangıçtan 1,50 m, kalıp simülasyonundan 0,00 m"
3-8,"Yükselen Adım","Yumruk","sicrayip_cakilma",1,1,1,1,1,1,1,1,1,1,1,"ön","ön",9600.00,"boss:Burn, oyuncu:Haste, oyuncu hız x1,10",1.50,1.35,0.87,0.82,1.20,0.00,0.00,"0/5 kare koşu","vuruş 1: 1,07s@boss1,50m/oyuncu0,00m; kalıp sonu: merkeze 1,50 m, başlangıçtan 1,50 m, kalıp simülasyonundan 0,00 m"
3-9,"Odaklı Adım","Yumruk","kilitli_adim",1,1,1,1,1,1,1,1,1,1,1,"arka","arka",8000.00,"boss:Burn",1.50,1.35,0.53,0.48,0.87,0.00,0.00,"0/1 kare koşu","vuruş 1: 0,73s@boss0,00m/oyuncu1,50m; kalıp sonu: merkeze 1,50 m, başlangıçtan 4,50 m, kalıp simülasyonundan 0,00 m; tek karede 4,50 m sıçrama (sınır 2,47 m @ 67 ms, t=0,60, faz adim, blink tasarım gereği); uyarı: Hareket kalıbı konumu yönetiyor; gramer konum adımı atlandı: 3-9 hedefin_arkasina"
7-1,"Yoğun Zafiyet","Yumruk","diken_firlatma",1,1,1,1,1,1,1,1,1,1,1,"yerinde","yerinde",24064.00,"boss:Burn",3.00,1.35,0.40,0.40,0.80,0.00,0.00,"","vuruş 1: 0,73s@boss0,30m/oyuncu3,30m; kalıp sonu: merkeze 3,25 m, başlangıçtan 0,00 m, kalıp simülasyonundan 0,00 m, boss 0,25 m kaydı"
7-2,"Emici Zafiyet","Yumruk","sokup_cekme",1,1,1,1,1,1,1,1,1,1,1,"geri","geri",16504.00,"boss:Burn, oyuncu +38072 can, mermi sil 0 yut 5 dön 0 perde 0 bağ 0",3.02,1.35,0.47,0.44,0.87,0.00,0.00,"0/5 kare koşu","vuruş 2: 0,53s@boss0,35m/oyuncu3,56m 0,67s@boss2,69m/oyuncu1,19m; kalıp sonu: merkeze 4,42 m, başlangıçtan 1,30 m, kalıp simülasyonundan 0,00 m, boss 0,12 m kaydı"
7-3,"Sıçrayan Zafiyet","Yumruk","seken_yaratik",1,1,1,1,1,1,1,1,1,1,1,"yerinde","yerinde",33176.00,"boss:Burn",3.00,1.35,0.67,0.64,1.07,0.00,0.00,"","vuruş 3: 0,60s@boss0,00m/oyuncu3,00m 0,73s@boss0,35m/oyuncu3,49m 0,93s@boss0,35m/oyuncu3,90m; kalıp sonu: merkeze 4,05 m, başlangıçtan 0,00 m, kalıp simülasyonundan 0,00 m, boss 1,05 m kaydı"
8-1,"Yoğun Yükseliş","Yumruk","kuculten_kapi",1,1,1,1,1,1,1,1,1,1,1,"yerinde","yerinde",0.00,"",3.01,1.35,0.33,0.28,0.73,0.00,0.00,"","hasarsız skill (base_damage 0): etki hareketin kendisi; vuruş 1: 0,53s@boss0,65m/oyuncu2,38m; kalıp sonu: merkeze 3,03 m, başlangıçtan 0,00 m, kalıp simülasyonundan 0,00 m"
8-2,"Emici Yükseliş","Yumruk","kan_muhru",1,1,1,1,1,1,1,1,1,1,1,"yerinde","yerinde",0.00,"oyuncu +28801 can, mermi sil 0 yut 4 dön 0 perde 0 bağ 0",3.00,1.35,0.33,0.32,0.73,0.00,0.00,"","vuruş 1: 0,53s@boss3,00m/oyuncu0,00m; kalıp sonu: merkeze 3,00 m, başlangıçtan 0,00 m, kalıp simülasyonundan 0,00 m"
8-3,"Sıçrayan Yükseliş","Yumruk","pas_verme",1,1,1,1,1,1,1,1,1,1,1,"yerinde","yerinde",0.00,"",3.00,1.35,0.27,0.24,0.67,0.00,0.00,"","hasarsız skill (base_damage 0): etki hareketin kendisi; vuruş 1: 0,60s@boss6,38m/oyuncu3,90m; kalıp sonu: merkeze 3,00 m, başlangıçtan 0,00 m, kalıp simülasyonundan 0,00 m, kalıp hedefi AllyDummy"
9-1,"Yoğun Arınma","Yumruk","tek_dokunus",1,1,1,1,1,1,1,1,1,1,1,"geri","geri",0.00,"oyuncu +20000 can, mermi sil 3 yut 0 dön 0 perde 0 bağ 0",3.00,1.35,0.20,0.16,0.60,0.00,0.00,"0/2 kare koşu","vuruş 1: 0,47s@boss3,89m/oyuncu0,68m; kalıp sonu: merkeze 3,41 m, başlangıçtan 0,55 m, kalıp simülasyonundan 0,00 m, kalıp hedefi AllyDummy"
9-2,"Emici Arınma","Yumruk","cekip_firlat",1,1,1,1,1,1,1,1,1,1,1,"yerinde","yerinde",0.00,"oyuncu +48000 can, dost +8000 can, mermi sil 0 yut 5 dön 0 perde 0 bağ 0",3.00,1.35,0.53,0.50,0.93,0.00,0.00,"","vuruş 2: 0,53s@boss2,65m/oyuncu0,35m 0,87s@boss0,30m/oyuncu3,30m; kalıp sonu: merkeze 3,00 m, başlangıçtan 0,00 m, kalıp simülasyonundan 0,00 m"
9-3,"Sıçrayan Arınma","Yumruk","dosttan_dosta",1,1,1,1,1,1,1,1,1,1,1,"yerinde","yerinde",0.00,"oyuncu +16000 can, dost +8000 can, mermi sil 5 yut 0 dön 0 perde 0 bağ 0",3.00,1.35,0.60,0.54,1.00,0.00,0.00,"","vuruş 3: 0,53s@boss6,43m/oyuncu3,95m 0,60s@boss6,98m/oyuncu4,53m 0,80s@boss6,88m/oyuncu4,54m; kalıp sonu: merkeze 3,00 m, başlangıçtan 0,00 m, kalıp simülasyonundan 0,00 m, kalıp hedefi AllyDummy"
1-10,"Aynalı Vuruş","Yumruk","sirtta_kapi",1,1,1,1,1,1,1,1,1,1,1,"ön","ön",208416.00,"boss:Burn",2.05,1.35,0.33,0.32,0.67,0.00,0.00,"0/3 kare koşu","vuruş 2: 0,40s@boss0,92m/oyuncu1,19m 0,53s@boss0,55m/oyuncu2,82m; kalıp sonu: merkeze 2,57 m, başlangıçtan 1,20 m, kalıp simülasyonundan 0,00 m, boss 0,77 m kaydı"
1-11,"Kopya Vuruş","Yumruk","golge_yankisi",1,1,1,1,1,1,1,1,1,1,1,"ön","ön",119944.00,"boss:Burn",2.29,1.35,0.53,0.50,0.87,0.00,0.00,"0/3 kare koşu","vuruş 2: 0,40s@boss1,14m/oyuncu1,15m 0,73s@boss2,74m/oyuncu1,39m; kalıp sonu: merkeze 3,20 m, başlangıçtan 0,90 m, kalıp simülasyonundan 0,00 m, boss 1,10 m kaydı"
1-12,"Akan Vuruş","Yumruk","basili_seri",1,1,1,1,1,1,1,1,1,1,1,"ön","ön",62896.00,"boss:Burn",2.90,1.35,3.00,3.00,3.33,0.00,0.00,"","vuruş 6: 0,53s@boss1,75m/oyuncu1,15m 1,07s@boss2,61m/oyuncu1,15m 1,53s@boss2,59m/oyuncu1,15m 2,07s@boss2,38m/oyuncu1,15m 2,53s@boss2,17m/oyuncu1,15m 3,07s@boss1,92m/oyuncu1,15m; kalıp sonu: merkeze 2,98 m, başlangıçtan 1,40 m, kalıp simülasyonundan 0,00 m, boss 1,38 m kaydı"
2-10,"Aynalı Şifa","Yumruk","ters_es",1,1,1,1,1,1,1,1,1,1,1,"yerinde","yerinde",0.00,"oyuncu +112000 can",3.00,1.35,0.47,0.44,0.87,0.00,0.00,"","vuruş 2: 0,53s@boss2,60m/oyuncu0,40m 0,73s@boss0,00m/oyuncu3,00m; kalıp sonu: merkeze 3,00 m, başlangıçtan 0,00 m, kalıp simülasyonundan 0,00 m"
2-11,"Kopya Şifa","Yumruk","golge_ulak",1,1,1,1,1,1,1,1,1,1,1,"yan","yan",0.00,"oyuncu +88000 can, dost +88000 can",2.43,1.35,1.40,1.36,1.80,0.00,0.00,"0/3 kare koşu","vuruş 2: 0,47s@boss3,26m/oyuncu0,35m 1,67s@boss3,05m/oyuncu1,46m; kalıp sonu: merkeze 2,43 m, başlangıçtan 1,41 m, kalıp simülasyonundan 0,00 m, kalıp hedefi AllyDummy"
2-12,"Akan Şifa","Yumruk","basili_isik",1,1,1,1,1,1,1,1,1,1,1,"geri","geri",0.00,"oyuncu +80000 can, dost +16000 can",3.00,1.35,3.00,3.00,3.40,0.00,0.00,"","vuruş 6: 0,60s@boss5,38m/oyuncu2,72m 1,13s@boss5,58m/oyuncu2,72m 1,60s@boss5,75m/oyuncu2,72m 2,13s@boss5,95m/oyuncu2,72m 2,60s@boss6,13m/oyuncu2,72m 3,13s@boss6,33m/oyuncu2,72m; kalıp sonu: merkeze 3,94 m, başlangıçtan 1,20 m, kalıp simülasyonundan 0,00 m, kalıp hedefi AllyDummy"
3-10,"Aynalı Adım","Yumruk","iki_kapi",1,1,1,1,1,1,1,1,1,1,1,"ön","ön",0.00,"",1.50,1.35,0.60,0.54,0.93,0.00,0.00,"0/4 kare koşu","hasarsız skill (base_damage 0): etki hareketin kendisi; vuruş 2: 0,33s@boss3,00m/oyuncu0,00m 0,73s@boss1,50m/oyuncu0,00m; kalıp sonu: merkeze 1,50 m, başlangıçtan 1,50 m, kalıp simülasyonundan 0,00 m"
3-11,"Kopya Adım","Yumruk","yem_kac",1,1,1,1,1,1,1,1,1,1,1,"geri","geri",0.00,"yem boss aggro",3.00,1.35,0.40,0.40,0.73,0.00,0.00,"0/5 kare koşu","vuruş 1: 0,33s@boss3,00m/oyuncu0,00m; kalıp sonu: merkeze 5,80 m, başlangıçtan 2,80 m, kalıp simülasyonundan 0,00 m"
3-12,"Akan Adım","Yumruk","suzulme",1,1,1,1,1,1,1,1,1,1,1,"ön","ön",42400.00,"boss:Burn, oyuncu:Haste, oyuncu hız x1,50",1.90,1.35,3.00,3.00,3.33,0.00,0.00,"","kalıp sonu: merkeze 1,90 m, başlangıçtan 1,10 m, kalıp simülasyonundan 0,00 m"
10-1,"Yoğun Yansı","Yumruk","tam_zamanli",1,1,1,1,1,1,1,1,1,1,1,"yerinde","yerinde",8000.00,"boss:Burn",3.00,1.35,0.53,0.50,0.93,0.00,0.00,"","vuruş 1: 0,73s@boss0,62m/oyuncu2,38m; kalıp sonu: merkeze 3,00 m, başlangıçtan 0,00 m, kalıp simülasyonundan 0,00 m"
10-2,"Emici Yansı","Yumruk","yutan_girdap",1,1,1,1,1,1,1,1,1,1,1,"yerinde","yerinde",33600.00,"boss:Burn, oyuncu +21600 can, mermi sil 0 yut 3 dön 0 perde 0 bağ 0",3.00,1.35,3.20,3.18,3.60,0.00,0.00,"","vuruş 4: 1,27s@boss0,62m/oyuncu2,38m 2,07s@boss0,62m/oyuncu2,38m 2,80s@boss0,62m/oyuncu2,38m 3,53s@boss0,62m/oyuncu2,38m; kalıp sonu: merkeze 3,00 m, başlangıçtan 0,00 m, kalıp simülasyonundan 0,00 m"
10-3,"Sıçrayan Yansı","Yumruk","seken_geri",1,1,1,1,1,1,1,1,1,1,1,"ön","ön",9600.00,"boss:Burn",1.90,1.35,0.40,0.36,0.80,0.00,0.00,"0/3 kare koşu","vuruş 2: 0,47s@boss0,55m/oyuncu1,53m 0,60s@boss0,00m/oyuncu1,90m; kalıp sonu: merkeze 1,90 m, başlangıçtan 1,10 m, kalıp simülasyonundan 0,00 m"
10-10,"Aynalı Yansı","Yumruk","iki_kapi",1,1,1,1,1,1,1,1,1,1,1,"ön","ön",0.00,"",1.50,1.35,0.60,0.54,1.00,0.00,0.00,"0/4 kare koşu","hasarsız skill (base_damage 0): etki hareketin kendisi; vuruş 2: 0,40s@boss3,00m/oyuncu0,00m 0,80s@boss1,50m/oyuncu0,00m; kalıp sonu: merkeze 1,50 m, başlangıçtan 1,50 m, kalıp simülasyonundan 0,00 m"
10-11,"Kopya Yansı","Yumruk","yem_kopya",1,1,1,1,1,1,1,1,1,1,1,"ön","ön",8000.00,"boss:Burn, yem boss aggro",2.10,1.35,0.40,0.36,0.80,0.00,0.00,"0/2 kare koşu","vuruş 1: 0,60s@boss2,19m/oyuncu1,29m; kalıp sonu: merkeze 2,10 m, başlangıçtan 0,90 m, kalıp simülasyonundan 0,00 m"
10-12,"Akan Yansı","Yumruk","basili_siper",1,1,1,1,1,1,1,1,1,1,1,"ön","ön",32800.00,"boss:Burn",2.20,1.35,3.00,3.00,3.40,0.00,0.00,"","vuruş 3: 1,13s@boss0,41m/oyuncu2,38m 2,13s@boss0,14m/oyuncu2,38m 3,13s@boss0,13m/oyuncu2,38m; kalıp sonu: merkeze 2,20 m, başlangıçtan 0,80 m, kalıp simülasyonundan 0,00 m"
11-1,"Yoğun Çağrı","Yumruk","sirt_saplama",1,1,1,1,1,1,1,1,1,1,1,"ön","ön",44384.00,"boss:Burn",1.82,1.35,0.53,0.47,0.93,0.00,0.00,"0/3 kare koşu","vuruş 1: 0,80s@boss0,00m/oyuncu1,87m; kalıp sonu: merkeze 1,88 m, başlangıçtan 1,20 m, kalıp simülasyonundan 0,00 m; uyarı: [PlaceholderFactory] VFX asset missing (impact/tick); using element_color primitive placeholder."
11-2,"Emici Çağrı","Yumruk","yapisan",1,1,1,1,1,1,1,1,1,1,1,"yerinde","yerinde",275432.00,"boss:Burn, oyuncu +170056 can, mermi sil 0 yut 3 dön 0 perde 0 bağ 0",3.00,1.35,5.20,5.18,5.60,0.00,0.00,"","vuruş 6: 0,53s@boss0,20m/oyuncu3,23m 1,53s@boss0,00m/oyuncu3,11m 2,53s@boss0,00m/oyuncu3,11m 3,53s@boss0,00m/oyuncu3,11m 4,53s@boss0,00m/oyuncu3,11m 5,53s@boss0,00m/oyuncu3,11m; kalıp sonu: merkeze 3,11 m, başlangıçtan 0,00 m, kalıp simülasyonundan 0,00 m, boss 0,11 m kaydı"
11-3,"Sıçrayan Çağrı","Yumruk","seken_yaratik",1,1,1,1,1,1,1,1,1,1,1,"yerinde","yerinde",60768.00,"boss:Burn",3.00,1.35,0.67,0.64,1.07,0.00,0.00,"","vuruş 3: 0,60s@boss0,00m/oyuncu3,04m 0,73s@boss0,35m/oyuncu3,08m 0,93s@boss0,35m/oyuncu3,10m; kalıp sonu: merkeze 3,09 m, başlangıçtan 0,00 m, kalıp simülasyonundan 0,00 m"
11-10,"Aynalı Çağrı","Yumruk","takim_kapisi",1,1,1,1,1,1,1,1,1,1,1,"ön","ön",69312.00,"boss:Burn",1.85,1.35,1.40,1.38,1.80,0.00,0.00,"0/2 kare koşu","vuruş 1: 0,67s@boss1,85m/oyuncu0,00m; kalıp sonu: merkeze 1,85 m, başlangıçtan 1,15 m, kalıp simülasyonundan 0,00 m"
11-11,"Kopya Çağrı","Yumruk","ayna_klonlar",1,1,1,1,1,1,1,1,1,1,1,"ön","ön",86600.00,"boss:Burn",1.87,1.35,0.67,0.64,1.07,0.00,0.00,"0/2 kare koşu","vuruş 2: 0,73s@boss2,03m/oyuncu1,41m 0,93s@boss2,04m/oyuncu1,41m; kalıp sonu: merkeze 1,94 m, başlangıçtan 1,15 m, kalıp simülasyonundan 0,00 m"
11-12,"Akan Çağrı","Yumruk","kapidan_akin",1,1,1,1,1,1,1,1,1,1,1,"ön","ön",265112.00,"boss:Burn",1.85,1.35,4.40,4.34,4.80,0.00,0.00,"0/2 kare koşu","vuruş 6: 0,73s@boss0,85m/oyuncu1,04m 1,53s@boss0,00m/oyuncu1,95m 2,33s@boss0,00m/oyuncu1,96m 3,13s@boss0,00m/oyuncu1,96m 3,93s@boss0,00m/oyuncu1,96m 4,73s@boss0,00m/oyuncu1,96m; kalıp sonu: merkeze 1,96 m, başlangıçtan 1,15 m, kalıp simülasyonundan 0,00 m, boss 0,11 m kaydı"
12-1,"Yoğun Zaman","Yumruk","zamanli_donma",1,1,1,1,1,1,1,1,1,1,1,"ön","ön",7200.00,"boss:Burn+Slow, boss hız x0,70",1.66,1.35,0.53,0.50,0.93,0.00,0.00,"0/3 kare koşu","vuruş 1: 0,80s@boss0,54m/oyuncu1,28m; kalıp sonu: merkeze 1,87 m, başlangıçtan 1,60 m, kalıp simülasyonundan 0,10 m, boss 0,47 m kaydı"
12-2,"Emici Zaman","Yumruk","ceken_girdap",1,1,1,1,1,1,1,1,1,1,1,"yerinde","yerinde",13600.00,"boss:Burn+Slow, oyuncu:Haste, boss hız x0,70, oyuncu hız x1,30, oyuncu +43200 can, mermi sil 0 yut 6 dön 0 perde 0 bağ 0",3.02,1.35,1.33,1.32,1.73,0.00,0.00,"","vuruş 3: 1,07s@boss0,00m/oyuncu3,10m 1,53s@boss0,00m/oyuncu4,15m 1,60s@boss0,00m/oyuncu4,21m; kalıp sonu: merkeze 4,29 m, başlangıçtan 0,00 m, kalıp simülasyonundan 0,00 m, boss 1,29 m kaydı"
12-3,"Sıçrayan Zaman","Yumruk","geri_donen_kure",1,1,1,1,1,1,1,1,1,1,1,"yerinde","yerinde",10400.00,"boss:Burn+Slow, boss hız x0,70",3.00,1.35,0.53,0.50,0.93,0.00,0.00,"","vuruş 2: 0,53s@boss0,30m/oyuncu3,32m 0,80s@boss1,75m/oyuncu2,04m; kalıp sonu: merkeze 3,99 m, başlangıçtan 0,00 m, kalıp simülasyonundan 0,00 m, boss 0,99 m kaydı"
12-10,"Aynalı Zaman","Yumruk","boss_geri",1,1,1,1,1,1,1,1,1,1,1,"yerinde","yerinde",9600.00,"boss:Burn+Slow, boss hız x0,70",3.01,1.35,0.47,0.46,0.87,0.00,0.00,"","vuruş 1: 0,53s@boss0,29m/oyuncu3,34m; kalıp sonu: merkeze 3,04 m, başlangıçtan 0,00 m, kalıp simülasyonundan 0,00 m"
12-11,"Kopya Zaman","Yumruk","geri_sarma",1,1,1,1,1,1,1,1,1,1,1,"başlangıç","başlangıç",37600.00,"boss:Burn+Slow, boss hız x0,70",1.50,1.35,2.67,2.66,3.07,0.00,0.00,"0/9 kare koşu","kalıp sonu: merkeze 3,18 m, başlangıçtan 0,00 m, kalıp simülasyonundan 0,00 m, boss 0,18 m kaydı"
12-12,"Akan Zaman","Yumruk","yuruyen_balon",1,1,1,1,1,1,1,1,1,1,1,"ön","ön",48000.00,"boss:Burn+Slow, boss hız x0,70",3.00,1.35,4.20,4.20,4.60,0.00,0.00,"","vuruş 5: 0,47s@boss3,00m/oyuncu0,00m 1,53s@boss4,01m/oyuncu0,00m 2,53s@boss3,75m/oyuncu0,00m 3,53s@boss3,45m/oyuncu0,00m 4,53s@boss3,15m/oyuncu0,00m; kalıp sonu: merkeze 3,15 m, başlangıçtan 1,20 m, kalıp simülasyonundan 0,00 m, boss 1,35 m kaydı"
4-4,"Sabit Kalkan","Yumruk","duvar_dikme",1,1,1,1,1,1,1,1,1,1,1,"yerinde","yerinde",0.00,"",3.00,1.35,0.33,0.32,0.73,0.00,0.00,"","hasarsız skill (base_damage 0): etki hareketin kendisi; vuruş 1: 0,60s@boss0,62m/oyuncu2,38m; kalıp sonu: merkeze 3,00 m, başlangıçtan 0,00 m, kalıp simülasyonundan 0,00 m"
4-5,"Yayılan Kalkan","Yumruk","onde_yelpaze",1,1,1,1,1,1,1,1,1,1,1,"yerinde","yerinde",0.00,"",3.00,1.35,0.67,0.63,1.07,0.00,0.00,"","hasarsız skill (base_damage 0): etki hareketin kendisi; vuruş 1: 0,80s@boss1,88m/oyuncu1,12m; kalıp sonu: merkeze 3,00 m, başlangıçtan 0,00 m, kalıp simülasyonundan 0,00 m"
4-6,"Bağlayıcı Kalkan","Yumruk","zincirli_firlatma",1,1,1,1,1,1,1,1,1,1,1,"ön","ön",0.00,"",1.50,1.35,0.73,0.70,1.13,0.00,0.00,"0/4 kare koşu","hasarsız skill (base_damage 0): etki hareketin kendisi; vuruş 2: 0,53s@boss0,45m/oyuncu3,45m 1,00s@boss0,47m/oyuncu1,28m; kalıp sonu: merkeze 1,50 m, başlangıçtan 1,50 m, kalıp simülasyonundan 0,00 m"
4-7,"Bulandırıcı Kalkan","Yumruk","duman_duvari",1,1,1,1,1,1,1,1,1,1,1,"yerinde","yerinde",0.00,"",2.80,1.35,0.53,0.52,0.93,0.00,0.00,"","hasarsız skill (base_damage 0): etki hareketin kendisi; vuruş 1: 0,60s@boss0,42m/oyuncu2,38m; kalıp sonu: merkeze 2,80 m, başlangıçtan 0,20 m, kalıp simülasyonundan 0,00 m"
4-8,"Yükselen Kalkan","Yumruk","yerden_buyuyen",1,1,1,1,1,1,1,1,1,1,1,"yerinde","yerinde",0.00,"",3.00,1.35,0.47,0.42,0.87,0.00,0.00,"","hasarsız skill (base_damage 0): etki hareketin kendisi; vuruş 1: 0,67s@boss6,98m/oyuncu4,33m; kalıp sonu: merkeze 3,18 m, başlangıçtan 0,25 m, kalıp simülasyonundan 0,00 m, kalıp hedefi AllyDummy"
4-9,"Odaklı Kalkan","Yumruk","koruyucu_isaret",1,1,1,1,1,1,1,1,1,1,1,"geri","geri",0.00,"",3.00,1.35,0.20,0.20,0.60,0.00,0.00,"0/3 kare koşu","hasarsız skill (base_damage 0): etki hareketin kendisi; vuruş 1: 0,53s@boss3,90m/oyuncu0,35m; kalıp sonu: merkeze 3,61 m, başlangıçtan 0,80 m, kalıp simülasyonundan 0,00 m, kalıp hedefi AllyDummy"
5-4,"Sabit Patlama","Yumruk","mayin_cakma",1,1,1,1,1,1,1,1,1,1,1,"yerinde","yerinde",145384.00,"boss:Burn",2.85,1.35,0.60,0.54,0.93,0.00,0.00,"","vuruş 2: 0,67s@boss0,85m/oyuncu2,00m 0,73s@boss0,85m/oyuncu2,00m; kalıp sonu: merkeze 3,49 m, başlangıçtan 0,15 m, kalıp simülasyonundan 0,00 m, boss 0,64 m kaydı"
5-5,"Yayılan Patlama","Yumruk","yer_yarigi",1,1,1,1,1,1,1,1,1,1,1,"ön","ön",128824.00,"boss:Burn",1.50,1.35,0.60,0.56,0.93,0.00,0.00,"0/9 kare koşu","vuruş 3: 0,60s@boss0,25m/oyuncu1,27m 0,67s@boss0,21m/oyuncu1,36m 0,80s@boss0,22m/oyuncu1,28m; kalıp sonu: merkeze 1,62 m, başlangıçtan 2,74 m, kalıp simülasyonundan 0,73 m, boss 1,31 m kaydı"
5-6,"Bağlayıcı Patlama","Yumruk","gerilip_kopan",1,1,1,1,1,1,1,1,1,1,1,"geri","geri",191904.00,"boss:Root+Slow+Burn, boss hız x0,00",1.35,1.35,0.60,0.58,0.93,0.00,0.00,"0/6 kare koşu","vuruş 2: 0,47s@boss0,85m/oyuncu1,15m 0,80s@boss0,86m/oyuncu2,70m; kalıp sonu: merkeze 2,82 m, başlangıçtan 0,50 m, kalıp simülasyonundan 0,01 m, boss 0,68 m kaydı"
5-7,"Bulandırıcı Patlama","Yumruk","sis_bombasi",1,1,1,1,1,1,1,1,1,1,1,"yerinde","yerinde",145384.00,"boss:Blind+Burn",3.00,1.35,0.27,0.22,0.60,0.00,0.00,"","vuruş 1: 0,47s@boss0,35m/oyuncu3,35m; kalıp sonu: merkeze 3,69 m, başlangıçtan 0,00 m, kalıp simülasyonundan 0,00 m, boss 0,69 m kaydı"
5-8,"Yükselen Patlama","Yumruk","yerden_fiskirma",1,1,1,1,1,1,1,1,1,1,1,"ön","ön",157520.00,"boss:Burn+Stun, boss hız x0,00",2.60,1.35,0.47,0.44,0.80,0.00,0.00,"","vuruş 1: 0,60s@boss0,00m/oyuncu2,75m; kalıp sonu: merkeze 2,60 m, başlangıçtan 0,40 m, kalıp simülasyonundan 0,00 m"
5-9,"Odaklı Patlama","Yumruk","gudumlu_top",1,1,1,1,1,1,1,1,1,1,1,"yerinde","yerinde",355568.00,"boss:Burn",3.02,1.35,0.60,0.56,0.93,0.00,0.00,"","vuruş 1: 0,80s@boss0,00m/oyuncu3,12m; kalıp sonu: merkeze 3,99 m, başlangıçtan 0,00 m, kalıp simülasyonundan 0,00 m, boss 0,99 m kaydı"
6-4,"Sabit Bağ","Yumruk","karsilikli_kilit",1,1,1,1,1,1,1,1,1,1,1,"ön","ön",79248.00,"boss:Burn+Root, boss hız x0,00",1.50,1.35,3.27,3.24,3.60,0.00,0.00,"0/4 kare koşu","vuruş 1: 0,80s@boss0,41m/oyuncu1,11m; kalıp sonu: merkeze 2,88 m, başlangıçtan 1,63 m, kalıp simülasyonundan 0,13 m, boss 1,51 m kaydı"
6-5,"Yayılan Bağ","Yumruk","yer_tuzagi",1,1,1,1,1,1,1,1,1,1,1,"yerinde","yerinde",42160.00,"boss:Burn+Root, boss hız x0,00",3.00,1.35,0.33,0.28,0.67,0.00,0.00,"","vuruş 1: 0,47s@boss0,62m/oyuncu2,38m; kalıp sonu: merkeze 3,64 m, başlangıçtan 0,00 m, kalıp simülasyonundan 0,00 m, boss 0,64 m kaydı"
6-6,"Bağlayıcı Bağ","Yumruk","iki_uclu",1,1,1,1,1,1,1,1,1,1,1,"yerinde","yerinde",65336.00,"boss:Root+Slow+Burn, boss hız x0,00",3.01,1.35,0.67,0.65,1.00,0.00,0.00,"","vuruş 1: 0,47s@boss0,28m/oyuncu3,33m; kalıp sonu: merkeze 4,17 m, başlangıçtan 0,00 m, kalıp simülasyonundan 0,00 m, boss 1,17 m kaydı"
6-7,"Bulandırıcı Bağ","Yumruk","goz_bagi",1,1,1,1,1,1,1,1,1,1,1,"yerinde","yerinde",46448.00,"boss:Blind+Burn+Root, boss hız x0,00",3.00,1.35,0.20,0.20,0.53,0.00,0.00,"","vuruş 1: 0,47s@boss0,28m/oyuncu3,28m; kalıp sonu: merkeze 3,26 m, başlangıçtan 0,00 m, kalıp simülasyonundan 0,00 m, boss 0,26 m kaydı"
6-8,"Yükselen Bağ","Yumruk","havada_asma",1,1,1,1,1,1,1,1,1,1,1,"ön","ön",55976.00,"boss:Stun+Burn+Root, boss hız x0,00",1.50,1.35,1.20,1.14,1.53,0.00,0.00,"0/5 kare koşu","vuruş 1: 0,80s@boss1,50m/oyuncu0,00m; kalıp sonu: merkeze 2,65 m, başlangıçtan 1,50 m, kalıp simülasyonundan 0,00 m, boss 1,15 m kaydı"
6-9,"Odaklı Bağ","Yumruk","zamanli_donma",1,1,1,1,1,1,1,1,1,1,1,"ön","ön",96680.00,"boss:Burn+Root, boss hız x0,00",1.50,1.35,0.53,0.50,0.87,0.00,0.00,"0/3 kare koşu","vuruş 1: 0,73s@boss0,54m/oyuncu1,27m; kalıp sonu: merkeze 1,50 m, başlangıçtan 1,52 m, kalıp simülasyonundan 0,02 m"
7-4,"Sabit Zafiyet","Yumruk","mayin_cakma",1,1,1,1,1,1,1,1,1,1,1,"yerinde","yerinde",20280.00,"boss:Burn",2.86,1.35,0.60,0.54,1.00,0.00,0.00,"0/2 kare koşu","vuruş 2: 0,73s@boss0,85m/oyuncu2,02m 0,80s@boss0,85m/oyuncu2,02m; kalıp sonu: merkeze 3,52 m, başlangıçtan 0,24 m, kalıp simülasyonundan 0,09 m, boss 0,76 m kaydı"
7-5,"Yayılan Zafiyet","Yumruk","onde_yelpaze",1,1,1,1,1,1,1,1,1,1,1,"yerinde","yerinde",21160.00,"boss:Burn",3.00,1.35,0.67,0.63,1.07,0.00,0.00,"","vuruş 1: 0,80s@boss1,88m/oyuncu1,12m; kalıp sonu: merkeze 3,78 m, başlangıçtan 0,00 m, kalıp simülasyonundan 0,00 m, boss 0,78 m kaydı"
7-6,"Bağlayıcı Zafiyet","Yumruk","dost_ip",1,1,1,1,1,1,1,1,1,1,1,"yerinde","yerinde",31752.00,"boss:Root+Slow+Burn, boss hız x0,00",3.01,1.35,0.67,0.62,1.07,0.00,0.00,"","vuruş 1: 0,53s@boss0,28m/oyuncu3,33m; kalıp sonu: merkeze 4,17 m, başlangıçtan 0,00 m, kalıp simülasyonundan 0,00 m, boss 1,17 m kaydı"
8-4,"Sabit Yükseliş","Yumruk","totem_dikme",1,1,1,1,1,1,1,1,1,1,1,"yerinde","yerinde",0.00,"",3.00,1.35,0.33,0.30,0.73,0.00,0.00,"","hasarsız skill (base_damage 0): etki hareketin kendisi; vuruş 1: 0,60s@boss3,10m/oyuncu0,00m; kalıp sonu: merkeze 3,12 m, başlangıçtan 0,15 m, kalıp simülasyonundan 0,00 m, kalıp hedefi AllyDummy"
8-5,"Yayılan Yükseliş","Yumruk","savas_narasi",1,1,1,1,1,1,1,1,1,1,1,"yerinde","yerinde",0.00,"",3.00,1.35,0.40,0.36,0.80,0.00,0.00,"","hasarsız skill (base_damage 0): etki hareketin kendisi; vuruş 1: 0,53s@boss3,00m/oyuncu0,00m; kalıp sonu: merkeze 3,00 m, başlangıçtan 0,00 m, kalıp simülasyonundan 0,00 m"
8-6,"Bağlayıcı Yükseliş","Yumruk","dost_dosta",1,1,1,1,1,1,1,1,1,1,1,"yan","yan",0.00,"",2.38,1.35,0.53,0.52,0.93,0.00,0.00,"0/4 kare koşu","hasarsız skill (base_damage 0): etki hareketin kendisi; vuruş 3: 0,47s@boss4,05m/oyuncu1,22m 0,67s@boss2,84m/oyuncu1,41m 0,80s@boss4,76m/oyuncu2,38m; kalıp sonu: merkeze 2,38 m, başlangıçtan 1,41 m, kalıp simülasyonundan 0,00 m, kalıp hedefi AllyDummy"
9-4,"Sabit Arınma","Yumruk","yer_tuzagi",1,1,1,1,1,1,1,1,1,1,1,"yerinde","yerinde",0.00,"oyuncu +20000 can, mermi sil 5 yut 0 dön 0 perde 0 bağ 0",3.00,1.35,0.33,0.28,0.73,0.00,0.00,"","vuruş 1: 0,53s@boss0,62m/oyuncu2,38m; kalıp sonu: merkeze 3,00 m, başlangıçtan 0,00 m, kalıp simülasyonundan 0,00 m"
9-5,"Yayılan Arınma","Yumruk","dagilan_yagmur",1,1,1,1,1,1,1,1,1,1,1,"yerinde","yerinde",0.00,"oyuncu +20000 can, dost +20000 can, mermi sil 6 yut 0 dön 0 perde 0 bağ 0",3.00,1.35,0.60,0.58,1.00,0.00,0.00,"","vuruş 1: 0,73s@boss3,00m/oyuncu0,00m; kalıp sonu: merkeze 3,00 m, başlangıçtan 0,00 m, kalıp simülasyonundan 0,00 m, kalıp hedefi AllyDummy"
9-6,"Bağlayıcı Arınma","Yumruk","iki_uclu",1,1,1,1,1,1,1,1,1,1,1,"yerinde","yerinde",0.00,"oyuncu +20000 can, mermi sil 0 yut 0 dön 0 perde 0 bağ 3",3.00,1.35,0.67,0.65,1.07,0.00,0.00,"","vuruş 1: 0,53s@boss6,36m/oyuncu3,87m; kalıp sonu: merkeze 3,00 m, başlangıçtan 0,00 m, kalıp simülasyonundan 0,00 m, kalıp hedefi AllyDummy"
4-10,"Aynalı Kalkan","Yumruk","sirtta_kapi",1,1,1,1,1,1,1,1,1,1,1,"ön","ön",24000.00,"",1.80,1.35,0.33,0.32,0.73,0.00,0.00,"0/3 kare koşu","vuruş 2: 0,47s@boss0,92m/oyuncu1,19m 0,60s@boss0,55m/oyuncu2,35m; kalıp sonu: merkeze 1,80 m, başlangıçtan 1,20 m, kalıp simülasyonundan 0,00 m"
4-11,"Kopya Kalkan","Yumruk","yem_kopya",1,1,1,1,1,1,1,1,1,1,1,"yerinde","yerinde",0.00,"yem boss aggro",3.00,1.35,0.27,0.24,0.67,0.00,0.00,"","vuruş 1: 0,47s@boss2,98m/oyuncu1,29m; kalıp sonu: merkeze 3,00 m, başlangıçtan 0,00 m, kalıp simülasyonundan 0,00 m"
4-12,"Akan Kalkan","Yumruk","basili_siper",1,1,1,1,1,1,1,1,1,1,1,"geri","geri",0.00,"",3.00,1.35,3.00,3.00,3.40,0.00,0.00,"","hasarsız skill (base_damage 0): etki hareketin kendisi; vuruş 3: 1,13s@boss5,17m/oyuncu2,38m 2,13s@boss5,41m/oyuncu2,38m 3,13s@boss5,66m/oyuncu2,38m; kalıp sonu: merkeze 3,61 m, başlangıçtan 0,80 m, kalıp simülasyonundan 0,00 m, kalıp hedefi AllyDummy"
5-10,"Aynalı Patlama","Yumruk","karsi_darbe",1,1,1,1,1,1,1,1,1,1,1,"ön","ön",215864.00,"boss:Burn",1.92,1.35,0.40,0.36,0.73,0.00,0.00,"0/3 kare koşu","vuruş 1: 0,60s@boss0,56m/oyuncu1,36m; kalıp sonu: merkeze 2,39 m, başlangıçtan 1,30 m, kalıp simülasyonundan 0,00 m, boss 0,69 m kaydı"
5-11,"Kopya Patlama","Yumruk","golge_yankisi",1,1,1,1,1,1,1,1,1,1,1,"ön","ön",150992.00,"boss:Burn",2.34,1.35,0.53,0.50,0.87,0.00,0.00,"0/3 kare koşu","vuruş 2: 0,40s@boss1,19m/oyuncu1,15m 0,73s@boss3,18m/oyuncu1,39m; kalıp sonu: merkeze 3,77 m, başlangıçtan 0,90 m, kalıp simülasyonundan 0,00 m, boss 1,67 m kaydı"
5-12,"Akan Patlama","Yumruk","patlayan_iz",1,1,1,1,1,1,1,1,1,1,1,"ön","ön",134008.00,"boss:Burn",2.19,1.35,3.00,3.00,3.33,0.00,0.00,"","vuruş 6: 0,73s@boss1,17m/oyuncu1,53m 1,27s@boss1,88m/oyuncu1,53m 1,73s@boss1,73m/oyuncu1,53m 2,27s@boss1,39m/oyuncu1,53m 2,73s@boss1,05m/oyuncu1,53m 3,27s@boss0,66m/oyuncu1,53m; kalıp sonu: merkeze 2,19 m, başlangıçtan 2,20 m, kalıp simülasyonundan 0,70 m, boss 1,39 m kaydı"
6-10,"Aynalı Bağ","Yumruk","karsi_darbe",1,1,1,1,1,1,1,1,1,1,1,"ön","ön",67384.00,"boss:Burn+Root, boss hız x0,00, boss ters kontrol",1.92,1.35,0.40,0.36,0.73,0.00,0.00,"0/3 kare koşu","vuruş 1: 0,60s@boss0,56m/oyuncu1,36m; kalıp sonu: merkeze 2,17 m, başlangıçtan 1,30 m, kalıp simülasyonundan 0,00 m, boss 0,47 m kaydı"
6-11,"Kopya Bağ","Yumruk","onden_arkadan",1,1,1,1,1,1,1,1,1,1,1,"ön","ön",89272.00,"boss:Burn+Root, boss hız x0,00",2.31,1.35,0.40,0.34,0.73,0.00,0.00,"0/3 kare koşu","vuruş 2: 0,40s@boss1,21m/oyuncu1,11m 0,53s@boss0,60m/oyuncu3,24m; kalıp sonu: merkeze 3,06 m, başlangıçtan 0,90 m, kalıp simülasyonundan 0,00 m, boss 0,96 m kaydı"
6-12,"Akan Bağ","Yumruk","cember_sarma",1,1,1,1,1,1,1,1,1,1,1,"arka","arka",32520.00,"boss:Burn+Root, boss hız x0,00",1.50,1.35,0.93,0.90,1.27,0.00,0.00,"0/11 kare koşu","vuruş 1: 1,13s@boss0,00m/oyuncu2,06m; kalıp sonu: merkeze 2,53 m, başlangıçtan 4,64 m, kalıp simülasyonundan 0,05 m, boss 0,44 m kaydı"
10-4,"Sabit Yansı","Yumruk","duvar_dikme",1,1,1,1,1,1,1,1,1,1,1,"yerinde","yerinde",7200.00,"boss:Burn",3.00,1.35,0.33,0.32,0.73,0.00,0.00,"","vuruş 1: 0,60s@boss0,62m/oyuncu2,38m; kalıp sonu: merkeze 3,00 m, başlangıçtan 0,00 m, kalıp simülasyonundan 0,00 m"
10-5,"Yayılan Yansı","Yumruk","yuruyen_balon",1,1,1,1,1,1,1,1,1,1,1,"ön","ön",48000.00,"boss:Burn",1.80,1.35,4.20,4.20,4.60,0.00,0.00,"","vuruş 5: 0,47s@boss3,00m/oyuncu0,00m 1,53s@boss2,70m/oyuncu0,00m 2,53s@boss2,40m/oyuncu0,00m 3,53s@boss2,10m/oyuncu0,00m 4,53s@boss1,80m/oyuncu0,00m; kalıp sonu: merkeze 1,80 m, başlangıçtan 1,20 m, kalıp simülasyonundan 0,00 m"
10-6,"Bağlayıcı Yansı","Yumruk","silaha_kement",1,1,1,1,1,1,1,1,1,1,1,"yerinde","yerinde",15200.00,"boss:Root+Slow+Burn, boss hız x0,00",3.00,1.35,1.00,0.94,1.40,0.00,0.00,"","vuruş 1: 0,53s@boss0,40m/oyuncu3,40m; kalıp sonu: merkeze 3,00 m, başlangıçtan 0,00 m, kalıp simülasyonundan 0,00 m"
11-4,"Sabit Çağrı","Yumruk","taret_dikme",1,1,1,1,1,1,1,1,1,1,1,"ön","ön",61480.00,"boss:Burn",1.92,1.35,0.60,0.56,1.00,0.00,0.00,"0/2 kare koşu","vuruş 2: 0,60s@boss1,94m/oyuncu0,00m 0,87s@boss0,28m/oyuncu2,25m; kalıp sonu: merkeze 1,99 m, başlangıçtan 1,10 m, kalıp simülasyonundan 0,00 m"
11-5,"Yayılan Çağrı","Yumruk","dagilan_suru",1,1,1,1,1,1,1,1,1,1,1,"ön","ön",96768.00,"boss:Burn",2.60,1.35,0.60,0.54,1.00,0.00,0.00,"0/2 kare koşu","vuruş 3: 0,53s@boss0,35m/oyuncu2,65m 0,67s@boss0,00m/oyuncu2,65m 0,87s@boss0,35m/oyuncu2,70m; kalıp sonu: merkeze 2,69 m, başlangıçtan 0,40 m, kalıp simülasyonundan 0,00 m"
11-6,"Bağlayıcı Çağrı","Yumruk","muhafiz",1,1,1,1,1,1,1,1,1,1,1,"ön","ön",214328.00,"boss:Burn+Root+Slow, boss hız x0,00",1.87,1.35,0.67,0.66,1.07,0.00,0.00,"0/2 kare koşu","vuruş 1: 0,67s@boss1,93m/oyuncu1,20m; kalıp sonu: merkeze 1,94 m, başlangıçtan 1,15 m, kalıp simülasyonundan 0,00 m"
12-4,"Sabit Zaman","Yumruk","totem_dikme",1,1,1,1,1,1,1,1,1,1,1,"yerinde","yerinde",119416.00,"boss:Burn+Slow+Stun, boss hız x0,00",2.87,1.35,0.33,0.30,0.73,0.00,0.00,"","vuruş 1: 0,60s@boss2,87m/oyuncu0,00m; kalıp sonu: merkeze 3,32 m, başlangıçtan 0,15 m, kalıp simülasyonundan 0,00 m, boss 0,47 m kaydı"
12-5,"Yayılan Zaman","Yumruk","genisleyen_halka",1,1,1,1,1,1,1,1,1,1,1,"yerinde","yerinde",75032.00,"boss:Burn+Slow, boss hız x0,70",3.02,1.35,0.60,0.58,1.00,0.00,0.00,"","vuruş 1: 0,80s@boss3,10m/oyuncu0,00m; kalıp sonu: merkeze 3,74 m, başlangıçtan 0,00 m, kalıp simülasyonundan 0,00 m, boss 0,74 m kaydı"
12-6,"Bağlayıcı Zaman","Yumruk","iki_uclu",1,1,1,1,1,1,1,1,1,1,1,"yerinde","yerinde",12000.00,"boss:Burn, oyuncu:Haste, oyuncu hız x1,30",3.02,1.35,0.67,0.65,1.07,0.00,0.00,"","vuruş 1: 0,53s@boss0,28m/oyuncu3,34m; kalıp sonu: merkeze 4,19 m, başlangıçtan 0,00 m, kalıp simülasyonundan 0,00 m, boss 1,19 m kaydı; uyarı: 12-6 hızı element-sistemi.json self_haste 0; yedek +%50 kullanıldı."
7-7,"Bulandırıcı Zafiyet","Yumruk","sis_bombasi",1,1,1,1,1,1,1,1,1,1,1,"yerinde","yerinde",20280.00,"boss:Blind+Burn",3.00,1.35,0.27,0.22,0.67,0.00,0.00,"","vuruş 1: 0,53s@boss0,35m/oyuncu3,36m; kalıp sonu: merkeze 3,48 m, başlangıçtan 0,00 m, kalıp simülasyonundan 0,00 m, boss 0,48 m kaydı"
7-8,"Yükselen Zafiyet","Yumruk","yerden_fiskirma",1,1,1,1,1,1,1,1,1,1,1,"ön","ön",19992.00,"boss:Burn+Stun, boss hız x0,00",2.60,1.35,0.47,0.44,0.87,0.00,0.00,"","vuruş 1: 0,67s@boss0,00m/oyuncu2,75m; kalıp sonu: merkeze 2,60 m, başlangıçtan 0,40 m, kalıp simülasyonundan 0,00 m"
7-9,"Odaklı Zafiyet","Yumruk","isaret_patlamasi",1,1,1,1,1,1,1,1,1,1,1,"yerinde","yerinde",44720.00,"boss:Burn",3.03,1.35,1.93,1.92,2.33,0.00,0.00,"","vuruş 1: 2,20s@boss0,00m/oyuncu3,16m; kalıp sonu: merkeze 3,16 m, başlangıçtan 0,00 m, kalıp simülasyonundan 0,00 m, boss 0,16 m kaydı"
7-10,"Aynalı Zafiyet","Yumruk","onden_arkadan",1,1,1,1,1,1,1,1,1,1,1,"ön","ön",26472.00,"boss:Burn",2.37,1.35,0.40,0.34,0.80,0.00,0.00,"0/3 kare koşu","vuruş 2: 0,47s@boss1,27m/oyuncu1,11m 0,60s@boss0,60m/oyuncu3,31m; kalıp sonu: merkeze 3,13 m, başlangıçtan 0,90 m, kalıp simülasyonundan 0,00 m, boss 1,03 m kaydı"
7-11,"Kopya Zafiyet","Yumruk","golge_yankisi",1,1,1,1,1,1,1,1,1,1,1,"ön","ön",20792.00,"boss:Burn",2.30,1.35,0.53,0.50,0.93,0.00,0.00,"0/3 kare koşu","vuruş 2: 0,47s@boss1,16m/oyuncu1,15m 0,80s@boss2,75m/oyuncu1,39m; kalıp sonu: merkeze 3,21 m, başlangıçtan 0,90 m, kalıp simülasyonundan 0,00 m, boss 1,11 m kaydı"
7-12,"Akan Zafiyet","Yumruk","basili_isik",1,1,1,1,1,1,1,1,1,1,1,"ön","ön",51440.00,"boss:Burn",2.92,1.35,3.00,3.00,3.40,0.00,0.00,"","vuruş 6: 0,60s@boss0,20m/oyuncu2,72m 1,13s@boss1,10m/oyuncu2,72m 1,60s@boss1,10m/oyuncu2,72m 2,13s@boss0,94m/oyuncu2,72m 2,60s@boss0,76m/oyuncu2,72m 3,13s@boss0,55m/oyuncu2,72m; kalıp sonu: merkeze 3,19 m, başlangıçtan 1,20 m, kalıp simülasyonundan 0,00 m, boss 1,39 m kaydı"
8-7,"Bulandırıcı Yükseliş","Yumruk","goz_bagi",1,1,1,1,1,1,1,1,1,1,1,"yerinde","yerinde",0.00,"",3.00,1.35,0.20,0.20,0.60,0.00,0.00,"","hasarsız skill (base_damage 0): etki hareketin kendisi; vuruş 1: 0,53s@boss0,28m/oyuncu3,28m; kalıp sonu: merkeze 3,00 m, başlangıçtan 0,00 m, kalıp simülasyonundan 0,00 m"
8-8,"Yükselen Yükseliş","Yumruk","buyuten_kemer",1,1,1,1,1,1,1,1,1,1,1,"yerinde","yerinde",0.00,"",3.00,1.35,0.47,0.42,0.87,0.00,0.00,"","hasarsız skill (base_damage 0): etki hareketin kendisi; vuruş 1: 0,67s@boss5,04m/oyuncu2,21m; kalıp sonu: merkeze 3,22 m, başlangıçtan 0,30 m, kalıp simülasyonundan 0,00 m, kalıp hedefi AllyDummy"
8-9,"Odaklı Yükseliş","Yumruk","gudumlu_top",1,1,1,1,1,1,1,1,1,1,1,"yerinde","yerinde",0.00,"",3.00,1.35,0.60,0.56,1.00,0.00,0.00,"","hasarsız skill (base_damage 0): etki hareketin kendisi; vuruş 1: 0,87s@boss6,98m/oyuncu4,53m; kalıp sonu: merkeze 3,00 m, başlangıçtan 0,00 m, kalıp simülasyonundan 0,00 m, kalıp hedefi AllyDummy"
8-10,"Aynalı Yükseliş","Yumruk","ters_es",1,1,1,1,1,1,1,1,1,1,1,"yerinde","yerinde",0.00,"boss:Weaken",3.00,1.35,0.47,0.44,0.87,0.00,0.00,"","vuruş 2: 0,53s@boss2,60m/oyuncu0,40m 0,73s@boss0,00m/oyuncu3,00m; kalıp sonu: merkeze 3,00 m, başlangıçtan 0,00 m, kalıp simülasyonundan 0,00 m"
8-11,"Kopya Yükseliş","Yumruk","golge_ulak",1,1,1,1,1,1,1,1,1,1,1,"yan","yan",0.00,"",2.43,1.35,1.40,1.36,1.80,0.00,0.00,"0/3 kare koşu","hasarsız skill (base_damage 0): etki hareketin kendisi; vuruş 2: 0,47s@boss3,26m/oyuncu0,35m 1,67s@boss3,05m/oyuncu1,46m; kalıp sonu: merkeze 2,43 m, başlangıçtan 1,41 m, kalıp simülasyonundan 0,00 m, kalıp hedefi AllyDummy"
8-12,"Akan Yükseliş","Yumruk","akinti_yolu",1,1,1,1,1,1,1,1,1,1,1,"geri","geri",0.00,"",3.00,1.35,1.00,0.94,1.40,0.00,0.00,"0/10 kare koşu","hasarsız skill (base_damage 0): etki hareketin kendisi; vuruş 1: 1,20s@boss6,27m/oyuncu2,38m; kalıp sonu: merkeze 4,11 m, başlangıçtan 1,40 m, kalıp simülasyonundan 0,00 m, kalıp hedefi AllyDummy"
9-7,"Bulandırıcı Arınma","Yumruk","sis_ortusu",1,1,1,1,1,1,1,1,1,1,1,"yerinde","yerinde",0.00,"oyuncu:Stealth, oyuncu +20000 can, mermi sil 0 yut 0 dön 0 perde 5 bağ 0",3.00,1.35,0.33,0.30,0.73,0.00,0.00,"","vuruş 1: 0,53s@boss0,00m/oyuncu3,00m; kalıp sonu: merkeze 3,00 m, başlangıçtan 0,00 m, kalıp simülasyonundan 0,00 m"
9-8,"Yükselen Arınma","Yumruk","isik_sutunu",1,1,1,1,1,1,1,1,1,1,1,"yerinde","yerinde",0.00,"oyuncu +20000 can, mermi sil 5 yut 0 dön 0 perde 0 bağ 0",3.00,1.35,0.53,0.48,0.93,0.00,0.00,"","vuruş 1: 0,73s@boss3,06m/oyuncu0,00m; kalıp sonu: merkeze 3,07 m, başlangıçtan 0,10 m, kalıp simülasyonundan 0,00 m, kalıp hedefi AllyDummy"
9-9,"Odaklı Arınma","Yumruk","mermi_sondur",1,1,1,1,1,1,1,1,1,1,1,"yerinde","yerinde",0.00,"oyuncu +20000 can, mermi sil 1 yut 0 dön 0 perde 0 bağ 0",3.00,1.35,0.40,0.38,0.80,0.00,0.00,"","vuruş 1: 0,67s@boss6,98m/oyuncu4,53m; kalıp sonu: merkeze 3,00 m, başlangıçtan 0,00 m, kalıp simülasyonundan 0,00 m, kalıp hedefi AllyDummy"
9-10,"Aynalı Arınma","Yumruk","yer_degistir",1,1,1,1,1,1,1,1,1,1,1,"arka","arka",40.00,"oyuncu +20000 can, mermi sil 0 yut 0 dön 5 perde 0 bağ 0",1.50,1.35,0.40,0.34,0.80,0.00,0.00,"0/1 kare koşu","vuruş 1: 0,67s@boss0,31m/oyuncu1,19m; kalıp sonu: merkeze 1,50 m, başlangıçtan 4,50 m, kalıp simülasyonundan 0,00 m, ışın 8,34 m konumdan çıkarıldı; tek karede 8,34 m sıçrama (sınır 2,47 m @ 67 ms, t=0,80, ışın tasarım gereği)"
9-11,"Kopya Arınma","Yumruk","yem_kopya",1,1,1,1,1,1,1,1,1,1,1,"yerinde","yerinde",0.00,"oyuncu +20000 can, dost +20000 can, yem boss aggro, mermi sil 5 yut 0 dön 0 perde 0 bağ 0",3.00,1.35,0.27,0.24,0.67,0.00,0.00,"","vuruş 1: 0,47s@boss2,98m/oyuncu1,29m; kalıp sonu: merkeze 3,00 m, başlangıçtan 0,00 m, kalıp simülasyonundan 0,00 m"
9-12,"Akan Arınma","Yumruk","nabiz",1,1,1,1,1,1,1,1,1,1,1,"yerinde","yerinde",0.00,"oyuncu +16000 can, dost +8000 can, mermi sil 4 yut 0 dön 0 perde 0 bağ 0",3.00,1.35,3.20,3.18,3.60,0.00,0.00,"","vuruş 3: 1,53s@boss3,00m/oyuncu0,00m 2,53s@boss3,00m/oyuncu0,00m 3,53s@boss3,00m/oyuncu0,00m; kalıp sonu: merkeze 3,00 m, başlangıçtan 0,00 m, kalıp simülasyonundan 0,00 m"
10-7,"Bulandırıcı Yansı","Yumruk","sahte_goruntu",1,1,1,1,1,1,1,1,1,1,1,"geri","geri",11200.00,"boss:Blind+Burn, oyuncu:Stealth, yem boss aggro",2.47,1.35,0.60,0.56,1.00,0.00,0.00,"0/5 kare koşu","vuruş 3: 0,53s@boss2,60m/oyuncu1,37m 0,67s@boss2,60m/oyuncu1,37m 0,87s@boss3,22m/oyuncu0,00m; kalıp sonu: merkeze 3,38 m, başlangıçtan 0,37 m, kalıp simülasyonundan 0,00 m"
10-8,"Yükselen Yansı","Yumruk","yerden_buyuyen",1,1,1,1,1,1,1,1,1,1,1,"ön","ön",5600.00,"boss:Burn",2.35,1.35,0.60,0.54,1.00,0.00,0.00,"0/2 kare koşu","vuruş 1: 0,80s@boss0,00m/oyuncu2,39m; kalıp sonu: merkeze 2,35 m, başlangıçtan 0,65 m, kalıp simülasyonundan 0,00 m"
10-9,"Odaklı Yansı","Yumruk","koruyucu_isaret",1,1,1,1,1,1,1,1,1,1,1,"ön","ön",0.00,"",1.73,1.35,0.33,0.32,0.73,0.00,0.00,"0/5 kare koşu","hasarsız skill (base_damage 0): etki hareketin kendisi; vuruş 1: 0,60s@boss1,59m/oyuncu0,35m; kalıp sonu: merkeze 1,73 m, başlangıçtan 1,27 m, kalıp simülasyonundan 0,00 m"
11-7,"Bulandırıcı Çağrı","Yumruk","sirt_saplama",1,1,1,1,1,1,1,1,1,1,1,"ön","ön",35568.00,"boss:Blind+Burn",2.10,1.35,0.47,0.44,0.87,0.00,0.00,"0/2 kare koşu","vuruş 1: 0,73s@boss0,00m/oyuncu2,16m; kalıp sonu: merkeze 2,18 m, başlangıçtan 0,90 m, kalıp simülasyonundan 0,00 m"
11-8,"Yükselen Çağrı","Yumruk","dostu_yerden",1,1,1,1,1,1,1,1,1,1,1,"ön","ön",36584.00,"boss:Burn",2.02,1.35,0.93,0.90,1.33,0.00,0.00,"0/10 kare koşu","vuruş 1: 1,13s@boss1,98m/oyuncu0,95m; kalıp sonu: merkeze 2,10 m, başlangıçtan 1,42 m, kalıp simülasyonundan 0,00 m"
11-9,"Odaklı Çağrı","Yumruk","pesinden_av",1,1,1,1,1,1,1,1,1,1,1,"ön","ön",261632.00,"boss:Burn",1.92,1.35,2.47,2.46,2.87,0.00,0.00,"0/2 kare koşu","vuruş 1: 2,73s@boss0,00m/oyuncu2,01m; kalıp sonu: merkeze 2,01 m, başlangıçtan 1,10 m, kalıp simülasyonundan 0,00 m, boss 0,11 m kaydı"
12-7,"Bulandırıcı Zaman","Yumruk","kum_saati",1,1,1,1,1,1,1,1,1,1,1,"yerinde","yerinde",69376.00,"boss:Blind+Burn+Slow, boss hız x0,70",3.00,1.35,0.67,0.62,1.07,0.00,0.00,"","vuruş 1: 0,53s@boss0,28m/oyuncu3,28m; kalıp sonu: merkeze 4,11 m, başlangıçtan 0,00 m, kalıp simülasyonundan 0,00 m, boss 1,11 m kaydı"
12-8,"Yükselen Zaman","Yumruk","isik_sutunu",1,1,1,1,1,1,1,1,1,1,1,"yerinde","yerinde",5600.00,"boss:Burn, oyuncu:Haste, oyuncu hız x1,50",2.90,1.35,0.53,0.48,0.93,0.00,0.00,"","vuruş 1: 0,73s@boss2,92m/oyuncu0,00m; kalıp sonu: merkeze 2,90 m, başlangıçtan 0,10 m, kalıp simülasyonundan 0,00 m"
12-9,"Odaklı Zaman","Yumruk","isaret_patlamasi",1,1,1,1,1,1,1,1,1,1,1,"yerinde","yerinde",5600.00,"boss:Burn+Slow, boss hız x0,70",3.00,1.35,1.93,1.92,2.33,0.00,0.00,"","vuruş 1: 2,20s@boss0,00m/oyuncu3,00m; kalıp sonu: merkeze 3,00 m, başlangıçtan 0,00 m, kalıp simülasyonundan 0,00 m"
1-1,"Yoğun Vuruş","Yay","yukle_birak",1,1,1,1,1,1,1,1,1,1,1,"ön","ön",184632.00,"boss:Burn",1.70,1.35,0.53,0.52,0.87,0.00,0.00,"0/3 kare koşu","vuruş 1: 0,73s@boss0,41m/oyuncu1,53m; kalıp sonu: merkeze 1,92 m, başlangıçtan 1,70 m, kalıp simülasyonundan 0,20 m, boss 0,62 m kaydı"
1-2,"Emici Vuruş","Yay","kan_ceken_pence",1,1,1,1,1,1,1,1,1,1,1,"yerinde","yerinde",136464.00,"boss:Burn, oyuncu +59417 can, mermi sil 0 yut 3 dön 0 perde 0 bağ 0",1.34,1.35,0.40,0.38,0.73,0.00,0.00,"","vuruş 3: 0,40s@boss1,75m/oyuncu1,02m 0,53s@boss1,18m/oyuncu1,02m 0,67s@boss0,61m/oyuncu1,02m; kalıp sonu: merkeze 1,34 m, başlangıçtan 0,00 m, kalıp simülasyonundan 0,00 m, boss 1,66 m kaydı"
1-3,"Sıçrayan Vuruş","Yay","yan_yan_sekme",1,1,1,1,1,1,1,1,1,1,1,"geri","geri",210264.00,"boss:Burn",2.85,1.35,0.47,0.46,0.80,0.00,0.00,"0/7 kare koşu","vuruş 2: 0,40s@boss0,74m/oyuncu3,52m 0,73s@boss0,74m/oyuncu4,99m; kalıp sonu: merkeze 4,40 m, başlangıçtan 1,30 m, kalıp simülasyonundan 0,12 m, boss 0,98 m kaydı"
1-4,"Sabit Vuruş","Yay","yere_cakilan",1,1,1,1,1,1,1,1,1,1,1,"yerinde","yerinde",138840.00,"boss:Burn",2.84,1.35,0.47,0.42,0.80,0.00,0.00,"","vuruş 1: 0,67s@boss2,84m/oyuncu0,00m; kalıp sonu: merkeze 3,30 m, başlangıçtan 0,20 m, kalıp simülasyonundan 0,00 m, boss 0,50 m kaydı"
1-5,"Yayılan Vuruş","Yay","donen_kesik",1,1,1,1,1,1,1,1,1,1,1,"yerinde","yerinde",122416.00,"boss:Burn",3.00,1.35,0.60,0.55,0.93,0.00,0.00,"","vuruş 1: 0,53s@boss3,00m/oyuncu0,00m; kalıp sonu: merkeze 3,98 m, başlangıçtan 0,00 m, kalıp simülasyonundan 0,00 m, boss 0,98 m kaydı"
1-6,"Bağlayıcı Vuruş","Yay","zincirli_firlatma",1,1,1,1,1,1,1,1,1,1,1,"ön","ön",190224.00,"boss:Root+Slow+Burn, boss hız x0,00",2.64,1.35,0.73,0.70,1.07,0.00,0.00,"0/4 kare koşu","vuruş 2: 0,47s@boss0,45m/oyuncu3,48m 0,93s@boss1,56m/oyuncu1,28m; kalıp sonu: merkeze 2,69 m, başlangıçtan 1,50 m, kalıp simülasyonundan 0,00 m, boss 1,19 m kaydı"
2-1,"Yoğun Şifa","Yay","tek_dokunus",1,1,1,1,1,1,1,1,1,1,1,"geri","geri",0.00,"oyuncu +88000 can",3.00,1.35,0.20,0.16,0.60,0.00,0.00,"0/2 kare koşu","vuruş 1: 0,47s@boss3,90m/oyuncu0,68m; kalıp sonu: merkeze 3,42 m, başlangıçtan 0,55 m, kalıp simülasyonundan 0,00 m, kalıp hedefi AllyDummy"
2-2,"Emici Şifa","Yay","uzaktan_emme",1,1,1,1,1,1,1,1,1,1,1,"yerinde","yerinde",53192.00,"oyuncu +112801 can, dost +28000 can, mermi sil 0 yut 4 dön 0 perde 0 bağ 0",2.65,1.35,2.20,2.16,2.60,0.00,0.00,"","vuruş 4: 1,00s@boss0,19m/oyuncu2,72m 1,53s@boss0,10m/oyuncu2,72m 2,00s@boss0,02m/oyuncu2,72m 2,53s@boss0,07m/oyuncu2,72m; kalıp sonu: merkeze 2,65 m, başlangıçtan 0,35 m, kalıp simülasyonundan 0,00 m"
2-3,"Sıçrayan Şifa","Yay","dosttan_dosta",1,1,1,1,1,1,1,1,1,1,1,"yerinde","yerinde",0.00,"oyuncu +104000 can, dost +28000 can",3.00,1.35,0.60,0.54,1.00,0.00,0.00,"","vuruş 3: 0,53s@boss6,43m/oyuncu3,95m 0,60s@boss6,98m/oyuncu4,53m 0,80s@boss6,88m/oyuncu4,54m; kalıp sonu: merkeze 3,00 m, başlangıçtan 0,00 m, kalıp simülasyonundan 0,00 m, kalıp hedefi AllyDummy"
2-4,"Sabit Şifa","Yay","totem_dikme",1,1,1,1,1,1,1,1,1,1,1,"yerinde","yerinde",0.00,"oyuncu +88000 can, dost +28000 can",3.00,1.35,0.33,0.30,0.73,0.00,0.00,"","vuruş 1: 0,60s@boss3,10m/oyuncu0,00m; kalıp sonu: merkeze 3,11 m, başlangıçtan 0,15 m, kalıp simülasyonundan 0,00 m, kalıp hedefi AllyDummy"
2-5,"Yayılan Şifa","Yay","genisleyen_halka",1,1,1,1,1,1,1,1,1,1,1,"yerinde","yerinde",0.00,"oyuncu +88000 can, dost +88000 can",3.00,1.35,0.60,0.58,1.00,0.00,0.00,"","vuruş 1: 0,80s@boss3,00m/oyuncu0,00m; kalıp sonu: merkeze 3,00 m, başlangıçtan 0,00 m, kalıp simülasyonundan 0,00 m"
2-6,"Bağlayıcı Şifa","Yay","dostu_kanca",1,1,1,1,1,1,1,1,1,1,1,"geri","geri",0.00,"oyuncu +88000 can",3.00,1.35,0.53,0.52,0.93,0.00,0.00,"0/6 kare koşu","vuruş 1: 0,80s@boss5,79m/oyuncu0,40m; kalıp sonu: merkeze 5,92 m, başlangıçtan 3,40 m, kalıp simülasyonundan 0,00 m, kalıp hedefi AllyDummy"
3-1,"Yoğun Adım","Yay","kisa_dash",1,1,1,1,1,1,1,1,1,1,1,"ön","ön",8800.00,"boss:Burn",1.50,1.35,0.20,0.16,0.53,0.00,0.00,"0/3 kare koşu","kalıp sonu: merkeze 1,50 m, başlangıçtan 1,50 m, kalıp simülasyonundan 0,00 m"
3-2,"Emici Adım","Yay","icinden_emme",1,1,1,1,1,1,1,1,1,1,1,"arka","arka",8800.00,"boss:Burn, oyuncu +28801 can, mermi sil 0 yut 4 dön 0 perde 0 bağ 0",0.17,1.35,0.33,0.28,0.67,0.00,0.00,"0/5 kare koşu","vuruş 1: 0,47s@boss0,24m/oyuncu1,36m; kalıp sonu: merkeze 2,61 m, başlangıçtan 5,27 m, kalıp simülasyonundan 0,38 m, boss 0,34 m kaydı; gövdeye girdi: merkeze 0,17 m (t=0,40, temas 1,35) geçiş tasarım gereği"
3-3,"Sıçrayan Adım","Yay","sekmeli_ziplama",1,1,1,1,1,1,1,1,1,1,1,"arka","arka",9600.00,"boss:Burn",1.50,1.35,0.40,0.40,0.73,0.00,0.00,"0/6 kare koşu","vuruş 2: 0,47s@boss1,79m/oyuncu0,00m 0,67s@boss1,50m/oyuncu0,00m; kalıp sonu: merkeze 1,50 m, başlangıçtan 4,50 m, kalıp simülasyonundan 0,00 m"
3-4,"Sabit Adım","Yay","geri_sarma",1,1,1,1,1,1,1,1,1,1,1,"başlangıç","başlangıç",38400.00,"boss:Burn",1.50,1.35,2.67,2.66,3.00,0.00,0.00,"0/9 kare koşu","kalıp sonu: merkeze 3,00 m, başlangıçtan 0,00 m, kalıp simülasyonundan 0,00 m"
3-5,"Yayılan Adım","Yay","dalis_patlamasi",1,1,1,1,1,1,1,1,1,1,1,"ön","ön",8800.00,"boss:Burn",1.50,1.35,0.47,0.42,0.80,0.00,0.00,"0/4 kare koşu","vuruş 1: 0,60s@boss1,50m/oyuncu0,00m; kalıp sonu: merkeze 2,45 m, başlangıçtan 1,50 m, kalıp simülasyonundan 0,00 m, boss 0,95 m kaydı"
3-6,"Bağlayıcı Adım","Yay","kanca_cekis",1,1,1,1,1,1,1,1,1,1,1,"arka","arka",8000.00,"boss:Root+Slow+Burn, boss hız x0,00",1.50,1.35,0.80,0.74,1.13,0.00,0.00,"0/10 kare koşu","vuruş 1: 0,93s@boss0,00m/oyuncu1,50m; kalıp sonu: merkeze 1,50 m, başlangıçtan 4,60 m, kalıp simülasyonundan 0,10 m"
4-1,"Yoğun Kalkan","Yay","tam_zamanli",1,1,1,1,1,1,1,1,1,1,1,"yerinde","yerinde",0.00,"",3.00,1.35,0.53,0.50,0.93,0.00,0.00,"","hasarsız skill (base_damage 0): etki hareketin kendisi; vuruş 1: 0,73s@boss0,62m/oyuncu2,38m; kalıp sonu: merkeze 3,00 m, başlangıçtan 0,00 m, kalıp simülasyonundan 0,00 m"
4-2,"Emici Kalkan","Yay","kalkan_calma",1,1,1,1,1,1,1,1,1,1,1,"yerinde","yerinde",76000.00,"oyuncu +21602 can, mermi sil 0 yut 3 dön 0 perde 0 bağ 0",3.00,1.35,0.20,0.20,0.60,0.00,0.00,"","vuruş 1: 0,47s@boss1,73m/oyuncu1,28m; kalıp sonu: merkeze 3,00 m, başlangıçtan 0,00 m, kalıp simülasyonundan 0,00 m"
4-3,"Sıçrayan Kalkan","Yay","seken_disk",1,1,1,1,1,1,1,1,1,1,1,"yerinde","yerinde",0.00,"oyuncu:Shield, kalkan 25",3.00,1.35,0.47,0.42,0.87,0.00,0.00,"","vuruş 2: 0,53s@boss0,30m/oyuncu3,30m 0,67s@boss3,04m/oyuncu1,43m; kalıp sonu: merkeze 3,00 m, başlangıçtan 0,00 m, kalıp simülasyonundan 0,00 m"
5-1,"Yoğun Patlama","Yay","saplanan_fitil",1,1,1,1,1,1,1,1,1,1,1,"geri","geri",105312.00,"boss:Burn",2.38,1.35,1.67,1.62,2.07,0.00,0.00,"0/6 kare koşu","vuruş 2: 0,47s@boss0,85m/oyuncu1,53m 2,00s@boss0,85m/oyuncu2,95m; kalıp sonu: merkeze 4,29 m, başlangıçtan 0,80 m, kalıp simülasyonundan 0,00 m, boss 0,49 m kaydı"
5-2,"Emici Patlama","Yay","ceken_girdap",1,1,1,1,1,1,1,1,1,1,1,"yerinde","yerinde",84192.00,"boss:Burn, oyuncu +42778 can, mermi sil 0 yut 3 dön 0 perde 0 bağ 0",1.33,1.35,1.33,1.32,1.73,0.00,0.00,"","vuruş 3: 1,07s@boss0,00m/oyuncu1,34m 1,53s@boss0,00m/oyuncu1,35m 1,60s@boss0,00m/oyuncu1,35m; kalıp sonu: merkeze 1,35 m, başlangıçtan 0,00 m, kalıp simülasyonundan 0,00 m, boss 1,65 m kaydı"
5-3,"Sıçrayan Patlama","Yay","seken_bomba",1,1,1,1,1,1,1,1,1,1,1,"yerinde","yerinde",122248.00,"boss:Burn",3.00,1.35,0.60,0.58,1.00,0.00,0.00,"","vuruş 3: 0,53s@boss0,40m/oyuncu3,40m 0,67s@boss0,00m/oyuncu3,69m 0,87s@boss0,35m/oyuncu4,33m; kalıp sonu: merkeze 4,55 m, başlangıçtan 0,00 m, kalıp simülasyonundan 0,00 m, boss 1,55 m kaydı"
6-1,"Yoğun Bağ","Yay","sinir_noktasi",1,1,1,1,1,1,1,1,1,1,1,"ön","ön",34664.00,"boss:Burn+Stun, boss hız x0,00",1.50,1.35,0.40,0.34,0.80,0.00,0.00,"0/5 kare koşu","vuruş 1: 0,67s@boss0,91m/oyuncu0,60m; kalıp sonu: merkeze 1,71 m, başlangıçtan 1,81 m, kalıp simülasyonundan 0,31 m, boss 0,52 m kaydı"
6-2,"Emici Bağ","Yay","bossu_cek",1,1,1,1,1,1,1,1,1,1,1,"geri","geri",27888.00,"boss:Burn+Root, boss hız x0,00, oyuncu +34767 can, mermi sil 0 yut 4 dön 0 perde 0 bağ 0",1.35,1.35,0.47,0.44,0.87,0.00,0.00,"0/5 kare koşu","vuruş 1: 0,67s@boss1,56m/oyuncu1,36m; kalıp sonu: merkeze 2,65 m, başlangıçtan 1,60 m, kalıp simülasyonundan 0,00 m, boss 1,95 m kaydı"
6-3,"Sıçrayan Bağ","Yay","basip_sekme",1,1,1,1,1,1,1,1,1,1,1,"başlangıç","başlangıç",40744.00,"boss:Burn+Root, boss hız x0,00",1.67,1.35,0.53,0.52,0.93,0.00,0.00,"0/7 kare koşu","vuruş 1: 0,67s@boss1,50m/oyuncu0,26m; kalıp sonu: merkeze 3,97 m, başlangıçtan 0,20 m, kalıp simülasyonundan 0,00 m, boss 0,78 m kaydı"
1-7,"Bulandırıcı Vuruş","Yay","dumandan_cikis",1,1,1,1,1,1,1,1,1,1,1,"ön","ön",139640.00,"boss:Blind+Burn",1.65,1.35,0.53,0.48,0.87,0.00,0.00,"0/4 kare koşu","vuruş 1: 0,67s@boss0,76m/oyuncu1,36m; kalıp sonu: merkeze 1,90 m, başlangıçtan 1,80 m, kalıp simülasyonundan 0,30 m, boss 0,70 m kaydı"
1-8,"Yükselen Vuruş","Yay","havaya_kaldirma",1,1,1,1,1,1,1,1,1,1,1,"ön","ön",150320.00,"boss:Burn+Stun, boss hız x0,00",1.90,1.35,0.40,0.34,0.73,0.00,0.00,"0/5 kare koşu","vuruş 1: 0,47s@boss1,08m/oyuncu1,28m; kalıp sonu: merkeze 1,90 m, başlangıçtan 1,10 m, kalıp simülasyonundan 0,00 m"
1-9,"Odaklı Vuruş","Yay","isarete_vur",1,1,1,1,1,1,1,1,1,1,1,"ön","ön",339024.00,"boss:Burn",2.03,1.35,0.40,0.38,0.73,0.00,0.00,"0/3 kare koşu","vuruş 1: 0,60s@boss0,88m/oyuncu1,28m; kalıp sonu: merkeze 2,24 m, başlangıçtan 1,35 m, kalıp simülasyonundan 0,00 m, boss 0,59 m kaydı"
2-7,"Bulandırıcı Şifa","Yay","sis_ortusu",1,1,1,1,1,1,1,1,1,1,1,"yerinde","yerinde",0.00,"oyuncu +88000 can, dost +28000 can",3.02,1.35,0.33,0.30,0.73,0.00,0.00,"","vuruş 1: 0,53s@boss0,00m/oyuncu3,07m; kalıp sonu: merkeze 3,08 m, başlangıçtan 0,00 m, kalıp simülasyonundan 0,00 m"
2-8,"Yükselen Şifa","Yay","yerden_buyuyen",1,1,1,1,1,1,1,1,1,1,1,"yerinde","yerinde",0.00,"oyuncu +88000 can, dost +64000 can",3.00,1.35,0.47,0.42,0.87,0.00,0.00,"","vuruş 1: 0,67s@boss6,98m/oyuncu4,33m; kalıp sonu: merkeze 3,18 m, başlangıçtan 0,25 m, kalıp simülasyonundan 0,00 m, kalıp hedefi AllyDummy"
2-9,"Odaklı Şifa","Yay","koruyucu_isaret",1,1,1,1,1,1,1,1,1,1,1,"geri","geri",0.00,"dost +128000 can",3.00,1.35,0.20,0.20,0.60,0.00,0.00,"0/3 kare koşu","vuruş 1: 0,53s@boss3,90m/oyuncu0,35m; kalıp sonu: merkeze 3,61 m, başlangıçtan 0,80 m, kalıp simülasyonundan 0,00 m, kalıp hedefi AllyDummy"
3-7,"Bulandırıcı Adım","Yay","duman_kaybolma",1,1,1,1,1,1,1,1,1,1,1,"ön","ön",12000.00,"boss:Blind+Burn, oyuncu:Stealth",1.50,1.35,0.60,0.59,0.93,0.00,0.00,"0/4 kare koşu","vuruş 1: 0,47s@boss1,75m/oyuncu0,00m; kalıp sonu: merkeze 1,50 m, başlangıçtan 1,50 m, kalıp simülasyonundan 0,00 m"
3-8,"Yükselen Adım","Yay","sicrayip_cakilma",1,1,1,1,1,1,1,1,1,1,1,"ön","ön",9600.00,"boss:Burn, oyuncu:Haste, oyuncu hız x1,10",1.50,1.35,0.87,0.82,1.20,0.00,0.00,"0/5 kare koşu","vuruş 1: 1,07s@boss1,50m/oyuncu0,00m; kalıp sonu: merkeze 1,50 m, başlangıçtan 1,50 m, kalıp simülasyonundan 0,00 m"
3-9,"Odaklı Adım","Yay","kilitli_adim",1,1,1,1,1,1,1,1,1,1,1,"arka","arka",8000.00,"boss:Burn",1.50,1.35,0.53,0.48,0.87,0.00,0.00,"0/1 kare koşu","vuruş 1: 0,73s@boss0,00m/oyuncu1,50m; kalıp sonu: merkeze 1,50 m, başlangıçtan 4,50 m, kalıp simülasyonundan 0,00 m; tek karede 4,50 m sıçrama (sınır 2,47 m @ 67 ms, t=0,60, faz adim, blink tasarım gereği)"
7-1,"Yoğun Zafiyet","Yay","diken_firlatma",1,1,1,1,1,1,1,1,1,1,1,"yerinde","yerinde",29280.00,"boss:Burn",3.00,1.35,0.40,0.40,0.73,0.00,0.00,"","vuruş 1: 0,67s@boss0,30m/oyuncu3,30m; kalıp sonu: merkeze 3,26 m, başlangıçtan 0,00 m, kalıp simülasyonundan 0,00 m, boss 0,26 m kaydı"
7-2,"Emici Zafiyet","Yay","sokup_cekme",1,1,1,1,1,1,1,1,1,1,1,"geri","geri",27888.00,"boss:Burn, oyuncu +26847 can, mermi sil 0 yut 3 dön 0 perde 0 bağ 0",1.35,1.35,0.47,0.44,0.80,0.00,0.00,"0/5 kare koşu","vuruş 2: 0,47s@boss0,35m/oyuncu2,95m 0,60s@boss1,50m/oyuncu1,19m; kalıp sonu: merkeze 2,35 m, başlangıçtan 1,30 m, kalıp simülasyonundan 0,00 m, boss 1,95 m kaydı"
7-3,"Sıçrayan Zafiyet","Yay","seken_yaratik",1,1,1,1,1,1,1,1,1,1,1,"yerinde","yerinde",39464.00,"boss:Burn",3.00,1.35,0.67,0.64,1.00,0.00,0.00,"","vuruş 3: 0,53s@boss0,00m/oyuncu3,00m 0,67s@boss0,35m/oyuncu3,49m 0,87s@boss0,35m/oyuncu3,90m; kalıp sonu: merkeze 4,05 m, başlangıçtan 0,00 m, kalıp simülasyonundan 0,00 m, boss 1,05 m kaydı"
8-1,"Yoğun Yükseliş","Yay","kuculten_kapi",1,1,1,1,1,1,1,1,1,1,1,"yerinde","yerinde",0.00,"",3.01,1.35,0.33,0.28,0.73,0.00,0.00,"","hasarsız skill (base_damage 0): etki hareketin kendisi; vuruş 1: 0,53s@boss0,64m/oyuncu2,38m; kalıp sonu: merkeze 3,03 m, başlangıçtan 0,00 m, kalıp simülasyonundan 0,00 m"
8-2,"Emici Yükseliş","Yay","kan_muhru",1,1,1,1,1,1,1,1,1,1,1,"yerinde","yerinde",0.00,"oyuncu +28801 can, mermi sil 0 yut 4 dön 0 perde 0 bağ 0",3.00,1.35,0.33,0.32,0.73,0.00,0.00,"","vuruş 1: 0,53s@boss3,00m/oyuncu0,00m; kalıp sonu: merkeze 3,00 m, başlangıçtan 0,00 m, kalıp simülasyonundan 0,00 m"
8-3,"Sıçrayan Yükseliş","Yay","pas_verme",1,1,1,1,1,1,1,1,1,1,1,"yerinde","yerinde",0.00,"",3.00,1.35,0.27,0.24,0.67,0.00,0.00,"","hasarsız skill (base_damage 0): etki hareketin kendisi; vuruş 1: 0,60s@boss6,38m/oyuncu3,90m; kalıp sonu: merkeze 3,00 m, başlangıçtan 0,00 m, kalıp simülasyonundan 0,00 m, kalıp hedefi AllyDummy"
9-1,"Yoğun Arınma","Yay","tek_dokunus",1,1,1,1,1,1,1,1,1,1,1,"geri","geri",0.00,"oyuncu +28000 can, mermi sil 3 yut 0 dön 0 perde 0 bağ 0",3.00,1.35,0.20,0.16,0.53,0.00,0.00,"0/2 kare koşu","vuruş 1: 0,40s@boss3,89m/oyuncu0,68m; kalıp sonu: merkeze 3,41 m, başlangıçtan 0,55 m, kalıp simülasyonundan 0,00 m, kalıp hedefi AllyDummy"
9-2,"Emici Arınma","Yay","cekip_firlat",1,1,1,1,1,1,1,1,1,1,1,"yerinde","yerinde",0.00,"oyuncu +52000 can, dost +12000 can, mermi sil 0 yut 5 dön 0 perde 0 bağ 0",3.00,1.35,0.53,0.50,0.87,0.00,0.00,"","vuruş 2: 0,47s@boss2,65m/oyuncu0,35m 0,80s@boss0,30m/oyuncu3,30m; kalıp sonu: merkeze 3,00 m, başlangıçtan 0,00 m, kalıp simülasyonundan 0,00 m"
9-3,"Sıçrayan Arınma","Yay","dosttan_dosta",1,1,1,1,1,1,1,1,1,1,1,"yerinde","yerinde",0.00,"oyuncu +16000 can, dost +8000 can, mermi sil 5 yut 0 dön 0 perde 0 bağ 0",3.00,1.35,0.60,0.54,0.93,0.00,0.00,"","vuruş 3: 0,47s@boss6,43m/oyuncu3,95m 0,53s@boss6,98m/oyuncu4,53m 0,73s@boss6,88m/oyuncu4,54m; kalıp sonu: merkeze 3,00 m, başlangıçtan 0,00 m, kalıp simülasyonundan 0,00 m, kalıp hedefi AllyDummy"
1-10,"Aynalı Vuruş","Yay","sirtta_kapi",1,1,1,1,1,1,1,1,1,1,1,"ön","ön",142144.00,"boss:Burn",2.07,1.35,0.33,0.32,0.67,0.00,0.00,"0/3 kare koşu","vuruş 2: 0,40s@boss0,92m/oyuncu1,19m 0,53s@boss0,55m/oyuncu2,82m; kalıp sonu: merkeze 2,57 m, başlangıçtan 1,20 m, kalıp simülasyonundan 0,00 m, boss 0,77 m kaydı"
1-11,"Kopya Vuruş","Yay","golge_yankisi",1,1,1,1,1,1,1,1,1,1,1,"ön","ön",144376.00,"boss:Burn",2.29,1.35,0.53,0.50,0.87,0.00,0.00,"0/3 kare koşu","vuruş 2: 0,40s@boss1,14m/oyuncu1,15m 0,73s@boss2,74m/oyuncu1,39m; kalıp sonu: merkeze 3,20 m, başlangıçtan 0,90 m, kalıp simülasyonundan 0,00 m, boss 1,10 m kaydı"
1-12,"Akan Vuruş","Yay","basili_seri",1,1,1,1,1,1,1,1,1,1,1,"ön","ön",131816.00,"boss:Burn",2.90,1.35,3.00,3.00,3.33,0.00,0.00,"","vuruş 6: 0,53s@boss1,75m/oyuncu1,15m 1,07s@boss2,61m/oyuncu1,15m 1,53s@boss2,59m/oyuncu1,15m 2,07s@boss2,38m/oyuncu1,15m 2,53s@boss2,17m/oyuncu1,15m 3,07s@boss1,92m/oyuncu1,15m; kalıp sonu: merkeze 2,98 m, başlangıçtan 1,40 m, kalıp simülasyonundan 0,00 m, boss 1,38 m kaydı"
2-10,"Aynalı Şifa","Yay","ters_es",1,1,1,1,1,1,1,1,1,1,1,"yerinde","yerinde",16800.00,"oyuncu +112000 can",3.00,1.35,0.47,0.44,0.87,0.00,0.00,"","vuruş 2: 0,53s@boss2,60m/oyuncu0,40m 0,73s@boss0,00m/oyuncu3,00m; kalıp sonu: merkeze 3,00 m, başlangıçtan 0,00 m, kalıp simülasyonundan 0,00 m"
2-11,"Kopya Şifa","Yay","golge_ulak",1,1,1,1,1,1,1,1,1,1,1,"yan","yan",0.00,"oyuncu +88000 can, dost +88000 can",2.43,1.35,1.40,1.36,1.80,0.00,0.00,"0/3 kare koşu","vuruş 2: 0,47s@boss3,26m/oyuncu0,35m 1,67s@boss3,05m/oyuncu1,46m; kalıp sonu: merkeze 2,43 m, başlangıçtan 1,41 m, kalıp simülasyonundan 0,00 m, kalıp hedefi AllyDummy"
2-12,"Akan Şifa","Yay","basili_isik",1,1,1,1,1,1,1,1,1,1,1,"geri","geri",0.00,"oyuncu +80000 can, dost +16000 can",3.00,1.35,3.00,3.00,3.40,0.00,0.00,"","vuruş 6: 0,60s@boss5,38m/oyuncu2,72m 1,13s@boss5,58m/oyuncu2,72m 1,60s@boss5,75m/oyuncu2,72m 2,13s@boss5,95m/oyuncu2,72m 2,60s@boss6,13m/oyuncu2,72m 3,13s@boss6,33m/oyuncu2,72m; kalıp sonu: merkeze 3,94 m, başlangıçtan 1,20 m, kalıp simülasyonundan 0,00 m, kalıp hedefi AllyDummy"
3-10,"Aynalı Adım","Yay","iki_kapi",1,1,1,1,1,1,1,1,1,1,1,"ön","ön",12800.00,"boss:Burn",1.50,1.35,0.60,0.54,0.93,0.00,0.00,"0/4 kare koşu","vuruş 2: 0,33s@boss3,00m/oyuncu0,00m 0,73s@boss1,50m/oyuncu0,00m; kalıp sonu: merkeze 1,50 m, başlangıçtan 1,50 m, kalıp simülasyonundan 0,00 m"
3-11,"Kopya Adım","Yay","yem_kac",1,1,1,1,1,1,1,1,1,1,1,"geri","geri",11200.00,"boss:Burn, yem boss aggro",3.00,1.35,0.40,0.40,0.73,0.00,0.00,"0/5 kare koşu","vuruş 1: 0,33s@boss3,00m/oyuncu0,00m; kalıp sonu: merkeze 5,80 m, başlangıçtan 2,80 m, kalıp simülasyonundan 0,00 m"
3-12,"Akan Adım","Yay","suzulme",1,1,1,1,1,1,1,1,1,1,1,"ön","ön",42400.00,"boss:Burn, oyuncu:Haste, oyuncu hız x1,50",1.90,1.35,3.00,3.00,3.33,0.00,0.00,"","kalıp sonu: merkeze 1,90 m, başlangıçtan 1,10 m, kalıp simülasyonundan 0,00 m"
10-1,"Yoğun Yansı","Yay","tam_zamanli",1,1,1,1,1,1,1,1,1,1,1,"yerinde","yerinde",8000.00,"boss:Burn",3.00,1.35,0.53,0.50,0.93,0.00,0.00,"","vuruş 1: 0,73s@boss0,62m/oyuncu2,38m; kalıp sonu: merkeze 3,00 m, başlangıçtan 0,00 m, kalıp simülasyonundan 0,00 m"
10-2,"Emici Yansı","Yay","yutan_girdap",1,1,1,1,1,1,1,1,1,1,1,"yerinde","yerinde",33600.00,"boss:Burn, oyuncu +21600 can, mermi sil 0 yut 3 dön 0 perde 0 bağ 0",3.00,1.35,3.20,3.18,3.60,0.00,0.00,"","vuruş 4: 1,27s@boss0,62m/oyuncu2,38m 2,07s@boss0,62m/oyuncu2,38m 2,80s@boss0,62m/oyuncu2,38m 3,53s@boss0,62m/oyuncu2,38m; kalıp sonu: merkeze 3,00 m, başlangıçtan 0,00 m, kalıp simülasyonundan 0,00 m"
10-3,"Sıçrayan Yansı","Yay","seken_geri",1,1,1,1,1,1,1,1,1,1,1,"ön","ön",9600.00,"boss:Burn",1.90,1.35,0.40,0.36,0.80,0.00,0.00,"0/3 kare koşu","vuruş 2: 0,47s@boss0,55m/oyuncu1,53m 0,60s@boss0,00m/oyuncu1,90m; kalıp sonu: merkeze 1,90 m, başlangıçtan 1,10 m, kalıp simülasyonundan 0,00 m"
10-10,"Aynalı Yansı","Yay","iki_kapi",1,1,1,1,1,1,1,1,1,1,1,"ön","ön",12000.00,"boss:Burn",1.50,1.35,0.60,0.54,1.00,0.00,0.00,"0/4 kare koşu","vuruş 2: 0,40s@boss3,00m/oyuncu0,00m 0,80s@boss1,50m/oyuncu0,00m; kalıp sonu: merkeze 1,50 m, başlangıçtan 1,50 m, kalıp simülasyonundan 0,00 m"
10-11,"Kopya Yansı","Yay","yem_kopya",1,1,1,1,1,1,1,1,1,1,1,"yerinde","yerinde",8000.00,"boss:Burn, yem boss aggro",3.00,1.35,0.27,0.24,0.67,0.00,0.00,"","vuruş 1: 0,47s@boss2,98m/oyuncu1,29m; kalıp sonu: merkeze 3,00 m, başlangıçtan 0,00 m, kalıp simülasyonundan 0,00 m"
10-12,"Akan Yansı","Yay","basili_siper",1,1,1,1,1,1,1,1,1,1,1,"ön","ön",32800.00,"boss:Burn",2.20,1.35,3.00,3.00,3.40,0.00,0.00,"","vuruş 3: 1,13s@boss0,41m/oyuncu2,38m 2,13s@boss0,14m/oyuncu2,38m 3,13s@boss0,13m/oyuncu2,38m; kalıp sonu: merkeze 2,20 m, başlangıçtan 0,80 m, kalıp simülasyonundan 0,00 m"
11-1,"Yoğun Çağrı","Yay","sirt_saplama",1,1,1,1,1,1,1,1,1,1,1,"ön","ön",44384.00,"boss:Burn",2.64,1.35,0.47,0.44,0.87,0.00,0.00,"0/2 kare koşu","vuruş 1: 0,73s@boss0,00m/oyuncu2,71m; kalıp sonu: merkeze 2,72 m, başlangıçtan 0,36 m, kalıp simülasyonundan 0,00 m"
11-2,"Emici Çağrı","Yay","yapisan",1,1,1,1,1,1,1,1,1,1,1,"yerinde","yerinde",275432.00,"boss:Burn, oyuncu +170056 can, mermi sil 0 yut 3 dön 0 perde 0 bağ 0",3.00,1.35,5.20,5.18,5.60,0.00,0.00,"","vuruş 6: 0,53s@boss0,20m/oyuncu3,22m 1,53s@boss0,00m/oyuncu3,11m 2,53s@boss0,00m/oyuncu3,11m 3,53s@boss0,00m/oyuncu3,11m 4,53s@boss0,00m/oyuncu3,11m 5,53s@boss0,00m/oyuncu3,11m; kalıp sonu: merkeze 3,11 m, başlangıçtan 0,00 m, kalıp simülasyonundan 0,00 m, boss 0,11 m kaydı"
11-3,"Sıçrayan Çağrı","Yay","seken_yaratik",1,1,1,1,1,1,1,1,1,1,1,"yerinde","yerinde",60768.00,"boss:Burn",3.00,1.35,0.67,0.64,1.07,0.00,0.00,"","vuruş 3: 0,60s@boss0,00m/oyuncu3,04m 0,73s@boss0,35m/oyuncu3,08m 0,93s@boss0,35m/oyuncu3,10m; kalıp sonu: merkeze 3,09 m, başlangıçtan 0,00 m, kalıp simülasyonundan 0,00 m"
11-10,"Aynalı Çağrı","Yay","takim_kapisi",1,1,1,1,1,1,1,1,1,1,1,"yerinde","yerinde",70112.00,"boss:Burn",3.00,1.35,1.27,1.24,1.67,0.00,0.00,"","vuruş 1: 0,47s@boss3,00m/oyuncu0,00m; kalıp sonu: merkeze 3,00 m, başlangıçtan 0,00 m, kalıp simülasyonundan 0,00 m"
11-11,"Kopya Çağrı","Yay","ayna_klonlar",1,1,1,1,1,1,1,1,1,1,1,"yerinde","yerinde",61312.00,"boss:Burn",3.00,1.35,0.53,0.50,0.93,0.00,0.00,"","vuruş 2: 0,60s@boss2,96m/oyuncu1,41m 0,80s@boss2,99m/oyuncu1,41m; kalıp sonu: merkeze 3,08 m, başlangıçtan 0,00 m, kalıp simülasyonundan 0,00 m"
11-12,"Akan Çağrı","Yay","kapidan_akin",1,1,1,1,1,1,1,1,1,1,1,"yerinde","yerinde",328608.00,"boss:Burn",3.00,1.35,4.20,4.20,4.60,0.00,0.00,"","vuruş 6: 0,53s@boss0,85m/oyuncu2,15m 1,33s@boss0,00m/oyuncu3,09m 2,13s@boss0,00m/oyuncu3,11m 2,93s@boss0,00m/oyuncu3,11m 3,73s@boss0,00m/oyuncu3,11m 4,53s@boss0,00m/oyuncu3,11m; kalıp sonu: merkeze 3,11 m, başlangıçtan 0,00 m, kalıp simülasyonundan 0,00 m, boss 0,11 m kaydı"
12-1,"Yoğun Zaman","Yay","zamanli_donma",1,1,1,1,1,1,1,1,1,1,1,"ön","ön",7200.00,"boss:Burn+Slow, boss hız x0,70",1.66,1.35,0.53,0.50,0.93,0.00,0.00,"0/3 kare koşu","vuruş 1: 0,80s@boss0,54m/oyuncu1,28m; kalıp sonu: merkeze 1,87 m, başlangıçtan 1,60 m, kalıp simülasyonundan 0,10 m, boss 0,47 m kaydı"
12-2,"Emici Zaman","Yay","ceken_girdap",1,1,1,1,1,1,1,1,1,1,1,"yerinde","yerinde",13600.00,"boss:Burn+Slow, oyuncu:Haste, boss hız x0,70, oyuncu hız x1,30, oyuncu +28801 can, mermi sil 0 yut 4 dön 0 perde 0 bağ 0",3.02,1.35,1.33,1.32,1.73,0.00,0.00,"","vuruş 3: 1,07s@boss0,00m/oyuncu3,10m 1,53s@boss0,00m/oyuncu4,15m 1,60s@boss0,00m/oyuncu4,21m; kalıp sonu: merkeze 4,29 m, başlangıçtan 0,00 m, kalıp simülasyonundan 0,00 m, boss 1,29 m kaydı"
12-3,"Sıçrayan Zaman","Yay","geri_donen_kure",1,1,1,1,1,1,1,1,1,1,1,"yerinde","yerinde",10400.00,"boss:Burn+Slow, boss hız x0,70",3.00,1.35,0.53,0.50,0.93,0.00,0.00,"","vuruş 2: 0,53s@boss0,30m/oyuncu3,32m 0,80s@boss1,75m/oyuncu2,04m; kalıp sonu: merkeze 3,99 m, başlangıçtan 0,00 m, kalıp simülasyonundan 0,00 m, boss 0,99 m kaydı"
12-10,"Aynalı Zaman","Yay","boss_geri",1,1,1,1,1,1,1,1,1,1,1,"yerinde","yerinde",9600.00,"boss:Burn+Slow, boss hız x0,70",3.01,1.35,0.47,0.46,0.87,0.00,0.00,"","vuruş 1: 0,53s@boss0,29m/oyuncu3,34m; kalıp sonu: merkeze 3,04 m, başlangıçtan 0,00 m, kalıp simülasyonundan 0,00 m"
12-11,"Kopya Zaman","Yay","geri_sarma",1,1,1,1,1,1,1,1,1,1,1,"başlangıç","başlangıç",37600.00,"boss:Burn+Slow, boss hız x0,70",1.50,1.35,2.67,2.66,3.07,0.00,0.00,"0/9 kare koşu","kalıp sonu: merkeze 3,18 m, başlangıçtan 0,00 m, kalıp simülasyonundan 0,00 m, boss 0,18 m kaydı"
12-12,"Akan Zaman","Yay","yuruyen_balon",1,1,1,1,1,1,1,1,1,1,1,"ön","ön",48000.00,"boss:Slow+Burn, boss hız x0,70",3.00,1.35,4.20,4.20,4.60,0.00,0.00,"","vuruş 5: 0,47s@boss3,00m/oyuncu0,00m 1,53s@boss4,01m/oyuncu0,00m 2,53s@boss3,75m/oyuncu0,00m 3,53s@boss3,45m/oyuncu0,00m 4,53s@boss3,15m/oyuncu0,00m; kalıp sonu: merkeze 3,15 m, başlangıçtan 1,20 m, kalıp simülasyonundan 0,00 m, boss 1,35 m kaydı"
4-4,"Sabit Kalkan","Yay","duvar_dikme",1,1,1,1,1,1,1,1,1,1,1,"yerinde","yerinde",0.00,"",3.00,1.35,0.33,0.32,0.73,0.00,0.00,"","hasarsız skill (base_damage 0): etki hareketin kendisi; vuruş 1: 0,60s@boss0,62m/oyuncu2,38m; kalıp sonu: merkeze 3,00 m, başlangıçtan 0,00 m, kalıp simülasyonundan 0,00 m"
4-5,"Yayılan Kalkan","Yay","onde_yelpaze",1,1,1,1,1,1,1,1,1,1,1,"yerinde","yerinde",0.00,"",3.00,1.35,0.67,0.63,1.07,0.00,0.00,"","hasarsız skill (base_damage 0): etki hareketin kendisi; vuruş 1: 0,80s@boss1,88m/oyuncu1,12m; kalıp sonu: merkeze 3,00 m, başlangıçtan 0,00 m, kalıp simülasyonundan 0,00 m"
4-6,"Bağlayıcı Kalkan","Yay","zincirli_firlatma",1,1,1,1,1,1,1,1,1,1,1,"ön","ön",0.00,"",1.50,1.35,0.73,0.70,1.13,0.00,0.00,"0/4 kare koşu","hasarsız skill (base_damage 0): etki hareketin kendisi; vuruş 2: 0,53s@boss0,45m/oyuncu3,45m 1,00s@boss0,47m/oyuncu1,28m; kalıp sonu: merkeze 1,50 m, başlangıçtan 1,50 m, kalıp simülasyonundan 0,00 m"
4-7,"Bulandırıcı Kalkan","Yay","duman_duvari",1,1,1,1,1,1,1,1,1,1,1,"yerinde","yerinde",0.00,"",2.80,1.35,0.53,0.52,0.93,0.00,0.00,"","hasarsız skill (base_damage 0): etki hareketin kendisi; vuruş 1: 0,60s@boss0,42m/oyuncu2,38m; kalıp sonu: merkeze 2,80 m, başlangıçtan 0,20 m, kalıp simülasyonundan 0,00 m"
4-8,"Yükselen Kalkan","Yay","yerden_buyuyen",1,1,1,1,1,1,1,1,1,1,1,"yerinde","yerinde",0.00,"",3.00,1.35,0.47,0.42,0.87,0.00,0.00,"","hasarsız skill (base_damage 0): etki hareketin kendisi; vuruş 1: 0,67s@boss6,98m/oyuncu4,33m; kalıp sonu: merkeze 3,18 m, başlangıçtan 0,25 m, kalıp simülasyonundan 0,00 m, kalıp hedefi AllyDummy"
4-9,"Odaklı Kalkan","Yay","koruyucu_isaret",1,1,1,1,1,1,1,1,1,1,1,"geri","geri",0.00,"",3.00,1.35,0.20,0.20,0.60,0.00,0.00,"0/3 kare koşu","hasarsız skill (base_damage 0): etki hareketin kendisi; vuruş 1: 0,53s@boss3,90m/oyuncu0,35m; kalıp sonu: merkeze 3,61 m, başlangıçtan 0,80 m, kalıp simülasyonundan 0,00 m, kalıp hedefi AllyDummy"
5-4,"Sabit Patlama","Yay","mayin_cakma",1,1,1,1,1,1,1,1,1,1,1,"yerinde","yerinde",81272.00,"boss:Burn",3.00,1.35,0.47,0.42,0.87,0.00,0.00,"","vuruş 2: 0,60s@boss0,85m/oyuncu2,15m 0,67s@boss0,85m/oyuncu2,15m; kalıp sonu: merkeze 3,64 m, başlangıçtan 0,00 m, kalıp simülasyonundan 0,00 m, boss 0,64 m kaydı"
5-5,"Yayılan Patlama","Yay","yer_yarigi",1,1,1,1,1,1,1,1,1,1,1,"ön","ön",72760.00,"boss:Burn",1.50,1.35,0.60,0.56,1.00,0.00,0.00,"0/9 kare koşu","vuruş 3: 0,67s@boss0,72m/oyuncu1,14m 0,73s@boss0,29m/oyuncu1,36m 0,87s@boss0,23m/oyuncu1,27m; kalıp sonu: merkeze 1,63 m, başlangıçtan 3,39 m, kalıp simülasyonundan 1,42 m, boss 1,86 m kaydı"
5-6,"Bağlayıcı Patlama","Yay","gerilip_kopan",1,1,1,1,1,1,1,1,1,1,1,"geri","geri",105280.00,"boss:Root+Slow+Burn, boss hız x0,00",1.35,1.35,0.60,0.58,1.00,0.00,0.00,"0/6 kare koşu","vuruş 2: 0,53s@boss0,85m/oyuncu1,17m 0,87s@boss0,86m/oyuncu2,72m; kalıp sonu: merkeze 2,83 m, başlangıçtan 0,50 m, kalıp simülasyonundan 0,01 m, boss 0,67 m kaydı"
5-7,"Bulandırıcı Patlama","Yay","sis_bombasi",1,1,1,1,1,1,1,1,1,1,1,"yerinde","yerinde",106552.00,"boss:Blind+Burn, oyuncu:Stealth",3.00,1.35,0.27,0.22,0.67,0.00,0.00,"","vuruş 1: 0,53s@boss0,35m/oyuncu3,35m; kalıp sonu: merkeze 3,69 m, başlangıçtan 0,00 m, kalıp simülasyonundan 0,00 m, boss 0,69 m kaydı"
5-8,"Yükselen Patlama","Yay","yerden_fiskirma",1,1,1,1,1,1,1,1,1,1,1,"ön","ön",86200.00,"boss:Burn+Stun, boss hız x0,00",2.60,1.35,0.47,0.44,0.87,0.00,0.00,"","vuruş 1: 0,67s@boss0,00m/oyuncu2,75m; kalıp sonu: merkeze 2,60 m, başlangıçtan 0,40 m, kalıp simülasyonundan 0,00 m"
5-9,"Odaklı Patlama","Yay","gudumlu_top",1,1,1,1,1,1,1,1,1,1,1,"yerinde","yerinde",192568.00,"boss:Burn",3.03,1.35,0.60,0.56,1.00,0.00,0.00,"","vuruş 1: 0,87s@boss0,00m/oyuncu3,15m; kalıp sonu: merkeze 4,02 m, başlangıçtan 0,00 m, kalıp simülasyonundan 0,00 m, boss 1,02 m kaydı"
6-4,"Sabit Bağ","Yay","karsilikli_kilit",1,1,1,1,1,1,1,1,1,1,1,"ön","ön",70872.00,"boss:Burn+Root, boss hız x0,00",1.50,1.35,3.27,3.24,3.67,0.00,0.00,"0/4 kare koşu","vuruş 1: 0,87s@boss0,41m/oyuncu1,11m; kalıp sonu: merkeze 2,88 m, başlangıçtan 1,67 m, kalıp simülasyonundan 0,17 m, boss 1,54 m kaydı"
6-5,"Yayılan Bağ","Yay","yer_tuzagi",1,1,1,1,1,1,1,1,1,1,1,"yerinde","yerinde",25792.00,"boss:Burn+Root, boss hız x0,00",3.00,1.35,0.33,0.28,0.73,0.00,0.00,"","vuruş 1: 0,53s@boss0,62m/oyuncu2,38m; kalıp sonu: merkeze 3,64 m, başlangıçtan 0,00 m, kalıp simülasyonundan 0,00 m, boss 0,64 m kaydı"
6-6,"Bağlayıcı Bağ","Yay","iki_uclu",1,1,1,1,1,1,1,1,1,1,1,"yerinde","yerinde",40024.00,"boss:Root+Slow+Burn, boss hız x0,00",3.02,1.35,0.67,0.65,1.07,0.00,0.00,"","vuruş 1: 0,53s@boss0,28m/oyuncu3,34m; kalıp sonu: merkeze 4,19 m, başlangıçtan 0,00 m, kalıp simülasyonundan 0,00 m, boss 1,19 m kaydı"
6-7,"Bulandırıcı Bağ","Yay","goz_bagi",1,1,1,1,1,1,1,1,1,1,1,"yerinde","yerinde",34792.00,"boss:Blind+Root+Burn, boss hız x0,00",3.00,1.35,0.20,0.20,0.60,0.00,0.00,"","vuruş 1: 0,53s@boss0,28m/oyuncu3,28m; kalıp sonu: merkeze 3,27 m, başlangıçtan 0,00 m, kalıp simülasyonundan 0,00 m, boss 0,27 m kaydı"
6-8,"Yükselen Bağ","Yay","havada_asma",1,1,1,1,1,1,1,1,1,1,1,"ön","ön",35024.00,"boss:Stun+Burn+Root, boss hız x0,00",1.50,1.35,1.20,1.14,1.60,0.00,0.00,"0/5 kare koşu","vuruş 1: 0,87s@boss1,50m/oyuncu0,00m; kalıp sonu: merkeze 2,65 m, başlangıçtan 1,50 m, kalıp simülasyonundan 0,00 m, boss 1,15 m kaydı"
6-9,"Odaklı Bağ","Yay","zamanli_donma",1,1,1,1,1,1,1,1,1,1,1,"ön","ön",53752.00,"boss:Burn+Root, boss hız x0,00",1.50,1.35,0.53,0.50,0.93,0.00,0.00,"0/3 kare koşu","vuruş 1: 0,80s@boss0,54m/oyuncu1,28m; kalıp sonu: merkeze 1,50 m, başlangıçtan 1,53 m, kalıp simülasyonundan 0,03 m"
7-4,"Sabit Zafiyet","Yay","mayin_cakma",1,1,1,1,1,1,1,1,1,1,1,"yerinde","yerinde",34472.00,"boss:Burn",3.03,1.35,0.47,0.42,0.80,0.00,0.00,"","vuruş 2: 0,53s@boss0,85m/oyuncu2,28m 0,60s@boss0,86m/oyuncu2,28m; kalıp sonu: merkeze 3,79 m, başlangıçtan 0,00 m, kalıp simülasyonundan 0,00 m, boss 0,79 m kaydı"
7-5,"Yayılan Zafiyet","Yay","onde_yelpaze",1,1,1,1,1,1,1,1,1,1,1,"yerinde","yerinde",25048.00,"boss:Burn",3.01,1.35,0.67,0.63,1.00,0.00,0.00,"","vuruş 1: 0,73s@boss1,91m/oyuncu1,12m; kalıp sonu: merkeze 3,81 m, başlangıçtan 0,00 m, kalıp simülasyonundan 0,00 m, boss 0,81 m kaydı"
7-6,"Bağlayıcı Zafiyet","Yay","dost_ip",1,1,1,1,1,1,1,1,1,1,1,"yerinde","yerinde",37480.00,"boss:Root+Slow+Burn, boss hız x0,00",3.01,1.35,0.67,0.62,1.00,0.00,0.00,"","vuruş 1: 0,47s@boss0,28m/oyuncu3,32m; kalıp sonu: merkeze 4,16 m, başlangıçtan 0,00 m, kalıp simülasyonundan 0,00 m, boss 1,16 m kaydı"
8-4,"Sabit Yükseliş","Yay","totem_dikme",1,1,1,1,1,1,1,1,1,1,1,"yerinde","yerinde",0.00,"",3.00,1.35,0.33,0.30,0.73,0.00,0.00,"","hasarsız skill (base_damage 0): etki hareketin kendisi; vuruş 1: 0,60s@boss3,10m/oyuncu0,00m; kalıp sonu: merkeze 3,12 m, başlangıçtan 0,15 m, kalıp simülasyonundan 0,00 m, kalıp hedefi AllyDummy"
8-5,"Yayılan Yükseliş","Yay","savas_narasi",1,1,1,1,1,1,1,1,1,1,1,"yerinde","yerinde",0.00,"",3.00,1.35,0.40,0.36,0.80,0.00,0.00,"","hasarsız skill (base_damage 0): etki hareketin kendisi; vuruş 1: 0,53s@boss3,00m/oyuncu0,00m; kalıp sonu: merkeze 3,00 m, başlangıçtan 0,00 m, kalıp simülasyonundan 0,00 m"
8-6,"Bağlayıcı Yükseliş","Yay","dost_dosta",1,1,1,1,1,1,1,1,1,1,1,"yan","yan",0.00,"",2.38,1.35,0.53,0.52,0.93,0.00,0.00,"0/4 kare koşu","hasarsız skill (base_damage 0): etki hareketin kendisi; vuruş 3: 0,47s@boss4,05m/oyuncu1,22m 0,67s@boss2,84m/oyuncu1,41m 0,80s@boss4,76m/oyuncu2,38m; kalıp sonu: merkeze 2,38 m, başlangıçtan 1,41 m, kalıp simülasyonundan 0,00 m, kalıp hedefi AllyDummy"
9-4,"Sabit Arınma","Yay","yer_tuzagi",1,1,1,1,1,1,1,1,1,1,1,"yerinde","yerinde",0.00,"oyuncu +28000 can, mermi sil 5 yut 0 dön 0 perde 0 bağ 0",3.00,1.35,0.33,0.28,0.67,0.00,0.00,"","vuruş 1: 0,47s@boss0,62m/oyuncu2,38m; kalıp sonu: merkeze 3,00 m, başlangıçtan 0,00 m, kalıp simülasyonundan 0,00 m"
9-5,"Yayılan Arınma","Yay","dagilan_yagmur",1,1,1,1,1,1,1,1,1,1,1,"yerinde","yerinde",0.00,"oyuncu +28000 can, dost +28000 can, mermi sil 6 yut 0 dön 0 perde 0 bağ 0",3.00,1.35,0.60,0.58,0.93,0.00,0.00,"","vuruş 1: 0,67s@boss3,00m/oyuncu0,00m; kalıp sonu: merkeze 3,00 m, başlangıçtan 0,00 m, kalıp simülasyonundan 0,00 m, kalıp hedefi AllyDummy"
9-6,"Bağlayıcı Arınma","Yay","iki_uclu",1,1,1,1,1,1,1,1,1,1,1,"yerinde","yerinde",0.00,"oyuncu +28000 can, mermi sil 0 yut 0 dön 0 perde 0 bağ 3",3.00,1.35,0.67,0.65,1.00,0.00,0.00,"","vuruş 1: 0,47s@boss6,36m/oyuncu3,87m; kalıp sonu: merkeze 3,00 m, başlangıçtan 0,00 m, kalıp simülasyonundan 0,00 m, kalıp hedefi AllyDummy"
4-10,"Aynalı Kalkan","Yay","sirtta_kapi",1,1,1,1,1,1,1,1,1,1,1,"ön","ön",24000.00,"",1.80,1.35,0.33,0.32,0.73,0.00,0.00,"0/3 kare koşu","vuruş 2: 0,47s@boss0,92m/oyuncu1,19m 0,60s@boss0,55m/oyuncu2,35m; kalıp sonu: merkeze 1,80 m, başlangıçtan 1,20 m, kalıp simülasyonundan 0,00 m"
4-11,"Kopya Kalkan","Yay","yem_kopya",1,1,1,1,1,1,1,1,1,1,1,"yerinde","yerinde",0.00,"yem boss aggro",3.00,1.35,0.27,0.24,0.67,0.00,0.00,"","vuruş 1: 0,47s@boss2,98m/oyuncu1,29m; kalıp sonu: merkeze 3,00 m, başlangıçtan 0,00 m, kalıp simülasyonundan 0,00 m"
4-12,"Akan Kalkan","Yay","basili_siper",1,1,1,1,1,1,1,1,1,1,1,"geri","geri",0.00,"",3.00,1.35,3.00,3.00,3.40,0.00,0.00,"","hasarsız skill (base_damage 0): etki hareketin kendisi; vuruş 3: 1,13s@boss5,17m/oyuncu2,38m 2,13s@boss5,41m/oyuncu2,38m 3,13s@boss5,66m/oyuncu2,38m; kalıp sonu: merkeze 3,61 m, başlangıçtan 0,80 m, kalıp simülasyonundan 0,00 m, kalıp hedefi AllyDummy"
5-10,"Aynalı Patlama","Yay","karsi_darbe",1,1,1,1,1,1,1,1,1,1,1,"ön","ön",118064.00,"boss:Burn",1.92,1.35,0.40,0.36,0.80,0.00,0.00,"0/3 kare koşu","vuruş 1: 0,67s@boss0,56m/oyuncu1,36m; kalıp sonu: merkeze 2,39 m, başlangıçtan 1,30 m, kalıp simülasyonundan 0,00 m, boss 0,69 m kaydı"
5-11,"Kopya Patlama","Yay","golge_yankisi",1,1,1,1,1,1,1,1,1,1,1,"ön","ön",85328.00,"boss:Burn",2.37,1.35,0.53,0.50,0.93,0.00,0.00,"0/3 kare koşu","vuruş 2: 0,47s@boss1,22m/oyuncu1,15m 0,80s@boss3,21m/oyuncu1,39m; kalıp sonu: merkeze 3,80 m, başlangıçtan 0,90 m, kalıp simülasyonundan 0,00 m, boss 1,70 m kaydı"
5-12,"Akan Patlama","Yay","patlayan_iz",1,1,1,1,1,1,1,1,1,1,1,"ön","ön",88224.00,"boss:Burn",2.99,1.35,3.00,3.00,3.40,0.00,0.00,"","vuruş 6: 0,80s@boss2,19m/oyuncu1,53m 1,33s@boss3,22m/oyuncu1,53m 1,80s@boss3,13m/oyuncu1,53m 2,33s@boss2,79m/oyuncu1,53m 2,80s@boss2,46m/oyuncu1,53m 3,33s@boss2,07m/oyuncu1,53m; kalıp sonu: merkeze 3,60 m, başlangıçtan 2,20 m, kalıp simülasyonundan 0,70 m, boss 2,80 m kaydı"
6-10,"Aynalı Bağ","Yay","karsi_darbe",1,1,1,1,1,1,1,1,1,1,1,"ön","ön",38872.00,"boss:Burn+Root, boss hız x0,00, boss ters kontrol",1.92,1.35,0.40,0.36,0.80,0.00,0.00,"0/3 kare koşu","vuruş 1: 0,67s@boss0,56m/oyuncu1,36m; kalıp sonu: merkeze 2,17 m, başlangıçtan 1,30 m, kalıp simülasyonundan 0,00 m, boss 0,47 m kaydı"
6-11,"Kopya Bağ","Yay","onden_arkadan",1,1,1,1,1,1,1,1,1,1,1,"ön","ön",51288.00,"boss:Burn+Root, boss hız x0,00",2.33,1.35,0.40,0.34,0.80,0.00,0.00,"0/3 kare koşu","vuruş 2: 0,47s@boss1,23m/oyuncu1,11m 0,60s@boss0,60m/oyuncu3,26m; kalıp sonu: merkeze 3,08 m, başlangıçtan 0,90 m, kalıp simülasyonundan 0,00 m, boss 0,98 m kaydı"
6-12,"Akan Bağ","Yay","cember_sarma",1,1,1,1,1,1,1,1,1,1,1,"arka","arka",26816.00,"boss:Root+Burn, boss hız x0,00",1.50,1.35,0.93,0.90,1.33,0.00,0.00,"0/11 kare koşu","vuruş 1: 1,20s@boss0,00m/oyuncu2,06m; kalıp sonu: merkeze 2,53 m, başlangıçtan 4,65 m, kalıp simülasyonundan 0,06 m, boss 0,43 m kaydı"
10-4,"Sabit Yansı","Yay","duvar_dikme",1,1,1,1,1,1,1,1,1,1,1,"yerinde","yerinde",7200.00,"boss:Burn",3.00,1.35,0.33,0.32,0.73,0.00,0.00,"","vuruş 1: 0,60s@boss0,62m/oyuncu2,38m; kalıp sonu: merkeze 3,00 m, başlangıçtan 0,00 m, kalıp simülasyonundan 0,00 m"
10-5,"Yayılan Yansı","Yay","yuruyen_balon",1,1,1,1,1,1,1,1,1,1,1,"ön","ön",48000.00,"boss:Burn",1.80,1.35,4.20,4.20,4.60,0.00,0.00,"","vuruş 5: 0,47s@boss3,00m/oyuncu0,00m 1,53s@boss2,70m/oyuncu0,00m 2,53s@boss2,40m/oyuncu0,00m 3,53s@boss2,10m/oyuncu0,00m 4,53s@boss1,80m/oyuncu0,00m; kalıp sonu: merkeze 1,80 m, başlangıçtan 1,20 m, kalıp simülasyonundan 0,00 m"
10-6,"Bağlayıcı Yansı","Yay","silaha_kement",1,1,1,1,1,1,1,1,1,1,1,"yerinde","yerinde",15200.00,"boss:Root+Slow+Burn, boss hız x0,00",3.00,1.35,1.00,0.94,1.40,0.00,0.00,"","vuruş 1: 0,53s@boss0,40m/oyuncu3,40m; kalıp sonu: merkeze 3,00 m, başlangıçtan 0,00 m, kalıp simülasyonundan 0,00 m"
11-4,"Sabit Çağrı","Yay","taret_dikme",1,1,1,1,1,1,1,1,1,1,1,"yerinde","yerinde",35568.00,"boss:Burn",3.00,1.35,0.47,0.42,0.87,0.00,0.00,"","vuruş 2: 0,47s@boss3,00m/oyuncu0,00m 0,73s@boss0,28m/oyuncu3,34m; kalıp sonu: merkeze 3,08 m, başlangıçtan 0,00 m, kalıp simülasyonundan 0,00 m"
11-5,"Yayılan Çağrı","Yay","dagilan_suru",1,1,1,1,1,1,1,1,1,1,1,"yerinde","yerinde",95944.00,"boss:Burn",3.00,1.35,0.47,0.42,0.87,0.00,0.00,"","vuruş 3: 0,47s@boss0,35m/oyuncu3,02m 0,60s@boss0,00m/oyuncu3,04m 0,73s@boss0,35m/oyuncu3,09m; kalıp sonu: merkeze 3,08 m, başlangıçtan 0,00 m, kalıp simülasyonundan 0,00 m"
11-6,"Bağlayıcı Çağrı","Yay","muhafiz",1,1,1,1,1,1,1,1,1,1,1,"yerinde","yerinde",122096.00,"boss:Burn+Root+Slow, boss hız x0,00",3.00,1.35,0.53,0.52,0.93,0.00,0.00,"","vuruş 1: 0,53s@boss2,91m/oyuncu1,20m; kalıp sonu: merkeze 3,09 m, başlangıçtan 0,00 m, kalıp simülasyonundan 0,00 m"
12-4,"Sabit Zaman","Yay","totem_dikme",1,1,1,1,1,1,1,1,1,1,1,"yerinde","yerinde",94752.00,"boss:Burn+Slow+Stun, boss hız x0,00",2.87,1.35,0.33,0.30,0.73,0.00,0.00,"","vuruş 1: 0,60s@boss2,87m/oyuncu0,00m; kalıp sonu: merkeze 3,32 m, başlangıçtan 0,15 m, kalıp simülasyonundan 0,00 m, boss 0,47 m kaydı"
12-5,"Yayılan Zaman","Yay","genisleyen_halka",1,1,1,1,1,1,1,1,1,1,1,"yerinde","yerinde",74904.00,"boss:Burn+Slow, boss hız x0,70",3.02,1.35,0.60,0.58,1.00,0.00,0.00,"","vuruş 1: 0,80s@boss3,10m/oyuncu0,00m; kalıp sonu: merkeze 3,74 m, başlangıçtan 0,00 m, kalıp simülasyonundan 0,00 m, boss 0,74 m kaydı"
12-6,"Bağlayıcı Zaman","Yay","iki_uclu",1,1,1,1,1,1,1,1,1,1,1,"yerinde","yerinde",12000.00,"boss:Burn, oyuncu:Haste, oyuncu hız x1,30",3.02,1.35,0.67,0.65,1.07,0.00,0.00,"","vuruş 1: 0,53s@boss0,28m/oyuncu3,34m; kalıp sonu: merkeze 4,19 m, başlangıçtan 0,00 m, kalıp simülasyonundan 0,00 m, boss 1,19 m kaydı"
7-7,"Bulandırıcı Zafiyet","Yay","sis_bombasi",1,1,1,1,1,1,1,1,1,1,1,"yerinde","yerinde",32648.00,"boss:Blind+Burn",3.00,1.35,0.27,0.22,0.60,0.00,0.00,"","vuruş 1: 0,47s@boss0,35m/oyuncu3,36m; kalıp sonu: merkeze 3,48 m, başlangıçtan 0,00 m, kalıp simülasyonundan 0,00 m, boss 0,48 m kaydı"
7-8,"Yükselen Zafiyet","Yay","yerden_fiskirma",1,1,1,1,1,1,1,1,1,1,1,"ön","ön",26392.00,"boss:Burn+Stun, boss hız x0,00",2.60,1.35,0.47,0.44,0.80,0.00,0.00,"","vuruş 1: 0,60s@boss0,00m/oyuncu2,75m; kalıp sonu: merkeze 2,60 m, başlangıçtan 0,40 m, kalıp simülasyonundan 0,00 m"
7-9,"Odaklı Zafiyet","Yay","isaret_patlamasi",1,1,1,1,1,1,1,1,1,1,1,"yerinde","yerinde",55304.00,"boss:Burn",3.02,1.35,1.93,1.92,2.27,0.00,0.00,"","vuruş 1: 2,13s@boss0,00m/oyuncu3,13m; kalıp sonu: merkeze 3,13 m, başlangıçtan 0,00 m, kalıp simülasyonundan 0,00 m, boss 0,13 m kaydı"
7-10,"Aynalı Zafiyet","Yay","onden_arkadan",1,1,1,1,1,1,1,1,1,1,1,"ön","ön",31688.00,"boss:Burn",2.34,1.35,0.40,0.34,0.73,0.00,0.00,"0/3 kare koşu","vuruş 2: 0,40s@boss1,24m/oyuncu1,11m 0,53s@boss0,60m/oyuncu3,27m; kalıp sonu: merkeze 3,10 m, başlangıçtan 0,90 m, kalıp simülasyonundan 0,00 m, boss 1,00 m kaydı"
7-11,"Kopya Zafiyet","Yay","golge_yankisi",1,1,1,1,1,1,1,1,1,1,1,"ön","ön",34064.00,"boss:Burn",2.29,1.35,0.53,0.50,0.87,0.00,0.00,"0/3 kare koşu","vuruş 2: 0,40s@boss1,14m/oyuncu1,15m 0,73s@boss2,74m/oyuncu1,39m; kalıp sonu: merkeze 3,20 m, başlangıçtan 0,90 m, kalıp simülasyonundan 0,00 m, boss 1,10 m kaydı"
7-12,"Akan Zafiyet","Yay","basili_isik",1,1,1,1,1,1,1,1,1,1,1,"ön","ön",55296.00,"boss:Burn",2.92,1.35,3.00,3.00,3.33,0.00,0.00,"","vuruş 6: 0,53s@boss0,20m/oyuncu2,72m 1,07s@boss1,09m/oyuncu2,72m 1,53s@boss1,10m/oyuncu2,72m 2,07s@boss0,93m/oyuncu2,72m 2,53s@boss0,75m/oyuncu2,72m 3,07s@boss0,54m/oyuncu2,72m; kalıp sonu: merkeze 3,18 m, başlangıçtan 1,20 m, kalıp simülasyonundan 0,00 m, boss 1,38 m kaydı"
8-7,"Bulandırıcı Yükseliş","Yay","goz_bagi",1,1,1,1,1,1,1,1,1,1,1,"yerinde","yerinde",0.00,"",3.00,1.35,0.20,0.20,0.60,0.00,0.00,"","hasarsız skill (base_damage 0): etki hareketin kendisi; vuruş 1: 0,53s@boss0,28m/oyuncu3,28m; kalıp sonu: merkeze 3,00 m, başlangıçtan 0,00 m, kalıp simülasyonundan 0,00 m"
8-8,"Yükselen Yükseliş","Yay","buyuten_kemer",1,1,1,1,1,1,1,1,1,1,1,"yerinde","yerinde",0.00,"",3.00,1.35,0.47,0.42,0.87,0.00,0.00,"","hasarsız skill (base_damage 0): etki hareketin kendisi; vuruş 1: 0,67s@boss5,04m/oyuncu2,21m; kalıp sonu: merkeze 3,22 m, başlangıçtan 0,30 m, kalıp simülasyonundan 0,00 m, kalıp hedefi AllyDummy"
8-9,"Odaklı Yükseliş","Yay","gudumlu_top",1,1,1,1,1,1,1,1,1,1,1,"yerinde","yerinde",0.00,"",3.00,1.35,0.60,0.56,1.00,0.00,0.00,"","hasarsız skill (base_damage 0): etki hareketin kendisi; vuruş 1: 0,87s@boss6,98m/oyuncu4,53m; kalıp sonu: merkeze 3,00 m, başlangıçtan 0,00 m, kalıp simülasyonundan 0,00 m, kalıp hedefi AllyDummy"
8-10,"Aynalı Yükseliş","Yay","ters_es",1,1,1,1,1,1,1,1,1,1,1,"yerinde","yerinde",0.00,"boss:Weaken",3.00,1.35,0.47,0.44,0.87,0.00,0.00,"","vuruş 2: 0,53s@boss2,60m/oyuncu0,40m 0,73s@boss0,00m/oyuncu3,00m; kalıp sonu: merkeze 3,00 m, başlangıçtan 0,00 m, kalıp simülasyonundan 0,00 m"
8-11,"Kopya Yükseliş","Yay","golge_ulak",1,1,1,1,1,1,1,1,1,1,1,"yan","yan",0.00,"",2.43,1.35,1.40,1.36,1.80,0.00,0.00,"0/3 kare koşu","hasarsız skill (base_damage 0): etki hareketin kendisi; vuruş 2: 0,47s@boss3,26m/oyuncu0,35m 1,67s@boss3,05m/oyuncu1,46m; kalıp sonu: merkeze 2,43 m, başlangıçtan 1,41 m, kalıp simülasyonundan 0,00 m, kalıp hedefi AllyDummy"
8-12,"Akan Yükseliş","Yay","akinti_yolu",1,1,1,1,1,1,1,1,1,1,1,"geri","geri",0.00,"",3.00,1.35,1.00,0.94,1.40,0.00,0.00,"0/10 kare koşu","hasarsız skill (base_damage 0): etki hareketin kendisi; vuruş 1: 1,20s@boss6,27m/oyuncu2,38m; kalıp sonu: merkeze 4,11 m, başlangıçtan 1,40 m, kalıp simülasyonundan 0,00 m, kalıp hedefi AllyDummy"
9-7,"Bulandırıcı Arınma","Yay","sis_ortusu",1,1,1,1,1,1,1,1,1,1,1,"yerinde","yerinde",0.00,"oyuncu:Stealth, oyuncu +28000 can, mermi sil 0 yut 0 dön 0 perde 5 bağ 0",3.00,1.35,0.33,0.30,0.67,0.00,0.00,"","vuruş 1: 0,47s@boss0,00m/oyuncu3,00m; kalıp sonu: merkeze 3,00 m, başlangıçtan 0,00 m, kalıp simülasyonundan 0,00 m"
9-8,"Yükselen Arınma","Yay","isik_sutunu",1,1,1,1,1,1,1,1,1,1,1,"yerinde","yerinde",0.00,"oyuncu +28000 can, mermi sil 5 yut 0 dön 0 perde 0 bağ 0",3.00,1.35,0.53,0.48,0.87,0.00,0.00,"","vuruş 1: 0,67s@boss3,06m/oyuncu0,00m; kalıp sonu: merkeze 3,07 m, başlangıçtan 0,10 m, kalıp simülasyonundan 0,00 m, kalıp hedefi AllyDummy"
9-9,"Odaklı Arınma","Yay","mermi_sondur",1,1,1,1,1,1,1,1,1,1,1,"yerinde","yerinde",0.00,"oyuncu +28000 can, mermi sil 1 yut 0 dön 0 perde 0 bağ 0",3.00,1.35,0.40,0.38,0.73,0.00,0.00,"","vuruş 1: 0,60s@boss6,98m/oyuncu4,53m; kalıp sonu: merkeze 3,00 m, başlangıçtan 0,00 m, kalıp simülasyonundan 0,00 m, kalıp hedefi AllyDummy"
9-10,"Aynalı Arınma","Yay","yer_degistir",1,1,1,1,1,1,1,1,1,1,1,"arka","arka",40.00,"oyuncu +28000 can, mermi sil 0 yut 0 dön 5 perde 0 bağ 0",1.50,1.35,0.40,0.34,0.73,0.00,0.00,"0/1 kare koşu","vuruş 1: 0,60s@boss0,31m/oyuncu1,19m; kalıp sonu: merkeze 1,50 m, başlangıçtan 4,50 m, kalıp simülasyonundan 0,00 m, ışın 8,34 m konumdan çıkarıldı; tek karede 8,34 m sıçrama (sınır 2,47 m @ 67 ms, t=0,73, ışın tasarım gereği)"
9-11,"Kopya Arınma","Yay","yem_kopya",1,1,1,1,1,1,1,1,1,1,1,"yerinde","yerinde",0.00,"oyuncu +28000 can, dost +28000 can, yem boss aggro, mermi sil 5 yut 0 dön 0 perde 0 bağ 0",3.00,1.35,0.27,0.24,0.60,0.00,0.00,"","vuruş 1: 0,40s@boss2,98m/oyuncu1,29m; kalıp sonu: merkeze 3,00 m, başlangıçtan 0,00 m, kalıp simülasyonundan 0,00 m"
9-12,"Akan Arınma","Yay","nabiz",1,1,1,1,1,1,1,1,1,1,1,"yerinde","yerinde",0.00,"oyuncu +16000 can, dost +8000 can, mermi sil 4 yut 0 dön 0 perde 0 bağ 0",3.00,1.35,3.20,3.18,3.53,0.00,0.00,"","vuruş 3: 1,47s@boss3,00m/oyuncu0,00m 2,47s@boss3,00m/oyuncu0,00m 3,47s@boss3,00m/oyuncu0,00m; kalıp sonu: merkeze 3,00 m, başlangıçtan 0,00 m, kalıp simülasyonundan 0,00 m"
10-7,"Bulandırıcı Yansı","Yay","sahte_goruntu",1,1,1,1,1,1,1,1,1,1,1,"geri","geri",10400.00,"boss:Blind+Burn, oyuncu:Stealth, yem boss aggro",3.00,1.35,0.47,0.44,0.87,0.00,0.00,"0/3 kare koşu","vuruş 3: 0,47s@boss3,06m/oyuncu1,37m 0,60s@boss3,06m/oyuncu1,37m 0,73s@boss3,68m/oyuncu0,00m; kalıp sonu: merkeze 3,90 m, başlangıçtan 0,90 m, kalıp simülasyonundan 0,00 m"
10-8,"Yükselen Yansı","Yay","yerden_buyuyen",1,1,1,1,1,1,1,1,1,1,1,"yerinde","yerinde",5600.00,"boss:Burn",2.75,1.35,0.47,0.42,0.87,0.00,0.00,"","vuruş 1: 0,67s@boss0,00m/oyuncu2,80m; kalıp sonu: merkeze 2,75 m, başlangıçtan 0,25 m, kalıp simülasyonundan 0,00 m"
10-9,"Odaklı Yansı","Yay","koruyucu_isaret",1,1,1,1,1,1,1,1,1,1,1,"ön","ön",6400.00,"boss:Burn",2.20,1.35,0.20,0.20,0.60,0.00,0.00,"0/3 kare koşu","vuruş 1: 0,53s@boss1,85m/oyuncu0,35m; kalıp sonu: merkeze 2,20 m, başlangıçtan 0,80 m, kalıp simülasyonundan 0,00 m"
11-7,"Bulandırıcı Çağrı","Yay","sirt_saplama",1,1,1,1,1,1,1,1,1,1,1,"yerinde","yerinde",33968.00,"boss:Blind+Burn",3.00,1.35,0.33,0.32,0.73,0.00,0.00,"","vuruş 1: 0,60s@boss0,00m/oyuncu3,04m; kalıp sonu: merkeze 3,06 m, başlangıçtan 0,00 m, kalıp simülasyonundan 0,00 m"
11-8,"Yükselen Çağrı","Yay","dostu_yerden",1,1,1,1,1,1,1,1,1,1,1,"yan","yan",34984.00,"boss:Burn",2.96,1.35,0.80,0.78,1.20,0.00,0.00,"0/8 kare koşu","vuruş 1: 1,00s@boss2,82m/oyuncu0,95m; kalıp sonu: merkeze 2,99 m, başlangıçtan 0,91 m, kalıp simülasyonundan 0,00 m"
11-9,"Odaklı Çağrı","Yay","pesinden_av",1,1,1,1,1,1,1,1,1,1,1,"ön","ön",289496.00,"boss:Burn",2.53,1.35,2.47,2.44,2.87,0.00,0.00,"0/2 kare koşu","vuruş 1: 2,73s@boss0,00m/oyuncu2,63m; kalıp sonu: merkeze 2,63 m, başlangıçtan 0,47 m, kalıp simülasyonundan 0,00 m, boss 0,11 m kaydı"
12-7,"Bulandırıcı Zaman","Yay","kum_saati",1,1,1,1,1,1,1,1,1,1,1,"yerinde","yerinde",69376.00,"boss:Blind+Burn+Slow, boss hız x0,70",3.00,1.35,0.67,0.62,1.07,0.00,0.00,"","vuruş 1: 0,53s@boss0,28m/oyuncu3,28m; kalıp sonu: merkeze 4,11 m, başlangıçtan 0,00 m, kalıp simülasyonundan 0,00 m, boss 1,11 m kaydı"
12-8,"Yükselen Zaman","Yay","isik_sutunu",1,1,1,1,1,1,1,1,1,1,1,"yerinde","yerinde",5600.00,"boss:Burn, oyuncu:Haste, oyuncu hız x1,50",2.90,1.35,0.53,0.48,0.93,0.00,0.00,"","vuruş 1: 0,73s@boss2,92m/oyuncu0,00m; kalıp sonu: merkeze 2,90 m, başlangıçtan 0,10 m, kalıp simülasyonundan 0,00 m"
12-9,"Odaklı Zaman","Yay","isaret_patlamasi",1,1,1,1,1,1,1,1,1,1,1,"yerinde","yerinde",5600.00,"boss:Burn+Slow, boss hız x0,70",3.00,1.35,1.93,1.92,2.33,0.00,0.00,"","vuruş 1: 2,20s@boss0,00m/oyuncu3,00m; kalıp sonu: merkeze 3,00 m, başlangıçtan 0,00 m, kalıp simülasyonundan 0,00 m"
1-1,"Yoğun Vuruş","Büyü Kitabı","yukle_birak",1,1,1,1,1,1,1,1,1,1,1,"ön","ön",113976.00,"boss:Burn",1.71,1.35,0.53,0.52,0.87,0.00,0.00,"0/3 kare koşu","vuruş 1: 0,73s@boss0,41m/oyuncu1,53m; kalıp sonu: merkeze 1,92 m, başlangıçtan 1,70 m, kalıp simülasyonundan 0,20 m, boss 0,62 m kaydı"
1-2,"Emici Vuruş","Büyü Kitabı","kan_ceken_pence",1,1,1,1,1,1,1,1,1,1,1,"yerinde","yerinde",86040.00,"boss:Burn, oyuncu +44291 can, mermi sil 0 yut 3 dön 0 perde 0 bağ 0",1.34,1.35,0.40,0.38,0.73,0.00,0.00,"","vuruş 3: 0,40s@boss1,75m/oyuncu1,02m 0,53s@boss1,18m/oyuncu1,02m 0,67s@boss0,61m/oyuncu1,02m; kalıp sonu: merkeze 1,34 m, başlangıçtan 0,00 m, kalıp simülasyonundan 0,00 m, boss 1,66 m kaydı"
1-3,"Sıçrayan Vuruş","Büyü Kitabı","yan_yan_sekme",1,1,1,1,1,1,1,1,1,1,1,"geri","geri",130632.00,"boss:Burn",2.85,1.35,0.47,0.46,0.80,0.00,0.00,"0/7 kare koşu","vuruş 2: 0,40s@boss0,74m/oyuncu3,52m 0,73s@boss0,74m/oyuncu4,99m; kalıp sonu: merkeze 4,40 m, başlangıçtan 1,30 m, kalıp simülasyonundan 0,12 m, boss 0,98 m kaydı"
1-4,"Sabit Vuruş","Büyü Kitabı","yere_cakilan",1,1,1,1,1,1,1,1,1,1,1,"yerinde","yerinde",86504.00,"boss:Burn",2.84,1.35,0.47,0.42,0.80,0.00,0.00,"","vuruş 1: 0,67s@boss2,84m/oyuncu0,00m; kalıp sonu: merkeze 3,30 m, başlangıçtan 0,20 m, kalıp simülasyonundan 0,00 m, boss 0,50 m kaydı"
1-5,"Yayılan Vuruş","Büyü Kitabı","donen_kesik",1,1,1,1,1,1,1,1,1,1,1,"yerinde","yerinde",77928.00,"boss:Burn",3.00,1.35,0.60,0.55,0.93,0.00,0.00,"","vuruş 1: 0,53s@boss3,00m/oyuncu0,00m; kalıp sonu: merkeze 3,98 m, başlangıçtan 0,00 m, kalıp simülasyonundan 0,00 m, boss 0,98 m kaydı"
1-6,"Bağlayıcı Vuruş","Büyü Kitabı","zincirli_firlatma",1,1,1,1,1,1,1,1,1,1,1,"ön","ön",119576.00,"boss:Root+Slow+Burn, boss hız x0,00",2.64,1.35,0.73,0.70,1.07,0.00,0.00,"0/4 kare koşu","vuruş 2: 0,47s@boss0,45m/oyuncu3,48m 0,93s@boss1,56m/oyuncu1,28m; kalıp sonu: merkeze 2,69 m, başlangıçtan 1,50 m, kalıp simülasyonundan 0,00 m, boss 1,19 m kaydı"
2-1,"Yoğun Şifa","Büyü Kitabı","tek_dokunus",1,1,1,1,1,1,1,1,1,1,1,"geri","geri",0.00,"oyuncu +68000 can",3.00,1.35,0.20,0.16,0.53,0.00,0.00,"0/2 kare koşu","vuruş 1: 0,40s@boss3,90m/oyuncu0,68m; kalıp sonu: merkeze 3,42 m, başlangıçtan 0,55 m, kalıp simülasyonundan 0,00 m, kalıp hedefi AllyDummy"
2-2,"Emici Şifa","Büyü Kitabı","uzaktan_emme",1,1,1,1,1,1,1,1,1,1,1,"yerinde","yerinde",53184.00,"oyuncu +112801 can, dost +28000 can, mermi sil 0 yut 4 dön 0 perde 0 bağ 0",2.65,1.35,2.20,2.16,2.53,0.00,0.00,"","vuruş 4: 0,93s@boss0,19m/oyuncu2,72m 1,47s@boss0,10m/oyuncu2,72m 1,93s@boss0,02m/oyuncu2,72m 2,47s@boss0,07m/oyuncu2,72m; kalıp sonu: merkeze 2,65 m, başlangıçtan 0,35 m, kalıp simülasyonundan 0,00 m"
2-3,"Sıçrayan Şifa","Büyü Kitabı","dosttan_dosta",1,1,1,1,1,1,1,1,1,1,1,"yerinde","yerinde",0.00,"oyuncu +80000 can, dost +24000 can",3.00,1.35,0.60,0.54,0.93,0.00,0.00,"","vuruş 3: 0,47s@boss6,43m/oyuncu3,95m 0,53s@boss6,98m/oyuncu4,53m 0,73s@boss6,88m/oyuncu4,54m; kalıp sonu: merkeze 3,00 m, başlangıçtan 0,00 m, kalıp simülasyonundan 0,00 m, kalıp hedefi AllyDummy"
2-4,"Sabit Şifa","Büyü Kitabı","totem_dikme",1,1,1,1,1,1,1,1,1,1,1,"yerinde","yerinde",0.00,"oyuncu +68000 can, dost +24000 can",3.00,1.35,0.33,0.30,0.67,0.00,0.00,"","vuruş 1: 0,53s@boss3,10m/oyuncu0,00m; kalıp sonu: merkeze 3,11 m, başlangıçtan 0,15 m, kalıp simülasyonundan 0,00 m, kalıp hedefi AllyDummy"
2-5,"Yayılan Şifa","Büyü Kitabı","genisleyen_halka",1,1,1,1,1,1,1,1,1,1,1,"yerinde","yerinde",0.00,"oyuncu +68000 can, dost +68000 can",3.00,1.35,0.60,0.58,0.93,0.00,0.00,"","vuruş 1: 0,73s@boss3,00m/oyuncu0,00m; kalıp sonu: merkeze 3,00 m, başlangıçtan 0,00 m, kalıp simülasyonundan 0,00 m"
2-6,"Bağlayıcı Şifa","Büyü Kitabı","dostu_kanca",1,1,1,1,1,1,1,1,1,1,1,"geri","geri",0.00,"oyuncu +68000 can",3.00,1.35,0.53,0.52,0.87,0.00,0.00,"0/6 kare koşu","vuruş 1: 0,73s@boss5,79m/oyuncu0,40m; kalıp sonu: merkeze 5,92 m, başlangıçtan 3,40 m, kalıp simülasyonundan 0,00 m, kalıp hedefi AllyDummy"
3-1,"Yoğun Adım","Büyü Kitabı","kisa_dash",1,1,1,1,1,1,1,1,1,1,1,"ön","ön",8800.00,"boss:Burn",1.50,1.35,0.20,0.16,0.53,0.00,0.00,"0/3 kare koşu","kalıp sonu: merkeze 1,50 m, başlangıçtan 1,50 m, kalıp simülasyonundan 0,00 m"
3-2,"Emici Adım","Büyü Kitabı","icinden_emme",1,1,1,1,1,1,1,1,1,1,1,"arka","arka",8800.00,"boss:Burn, oyuncu +28801 can, mermi sil 0 yut 4 dön 0 perde 0 bağ 0",0.17,1.35,0.33,0.28,0.67,0.00,0.00,"0/5 kare koşu","vuruş 1: 0,47s@boss0,24m/oyuncu1,36m; kalıp sonu: merkeze 2,61 m, başlangıçtan 5,27 m, kalıp simülasyonundan 0,38 m, boss 0,34 m kaydı; gövdeye girdi: merkeze 0,17 m (t=0,40, temas 1,35) geçiş tasarım gereği"
3-3,"Sıçrayan Adım","Büyü Kitabı","sekmeli_ziplama",1,1,1,1,1,1,1,1,1,1,1,"arka","arka",9600.00,"boss:Burn",1.50,1.35,0.40,0.40,0.73,0.00,0.00,"0/6 kare koşu","vuruş 2: 0,47s@boss1,79m/oyuncu0,00m 0,67s@boss1,50m/oyuncu0,00m; kalıp sonu: merkeze 1,50 m, başlangıçtan 4,50 m, kalıp simülasyonundan 0,00 m"
3-4,"Sabit Adım","Büyü Kitabı","geri_sarma",1,1,1,1,1,1,1,1,1,1,1,"başlangıç","başlangıç",38400.00,"boss:Burn",1.50,1.35,2.67,2.66,3.00,0.00,0.00,"0/9 kare koşu","kalıp sonu: merkeze 3,00 m, başlangıçtan 0,00 m, kalıp simülasyonundan 0,00 m"
3-5,"Yayılan Adım","Büyü Kitabı","dalis_patlamasi",1,1,1,1,1,1,1,1,1,1,1,"ön","ön",8800.00,"boss:Burn",1.50,1.35,0.47,0.42,0.80,0.00,0.00,"0/4 kare koşu","vuruş 1: 0,60s@boss1,50m/oyuncu0,00m; kalıp sonu: merkeze 2,45 m, başlangıçtan 1,50 m, kalıp simülasyonundan 0,00 m, boss 0,95 m kaydı"
3-6,"Bağlayıcı Adım","Büyü Kitabı","kanca_cekis",1,1,1,1,1,1,1,1,1,1,1,"arka","arka",8000.00,"boss:Root+Slow+Burn, boss hız x0,00",1.50,1.35,0.80,0.74,1.13,0.00,0.00,"0/10 kare koşu","vuruş 1: 0,93s@boss0,00m/oyuncu1,50m; kalıp sonu: merkeze 1,50 m, başlangıçtan 4,60 m, kalıp simülasyonundan 0,10 m"
4-1,"Yoğun Kalkan","Büyü Kitabı","tam_zamanli",1,1,1,1,1,1,1,1,1,1,1,"yerinde","yerinde",0.00,"",3.00,1.35,0.53,0.50,0.87,0.00,0.00,"","hasarsız skill (base_damage 0): etki hareketin kendisi; vuruş 1: 0,67s@boss0,62m/oyuncu2,38m; kalıp sonu: merkeze 3,00 m, başlangıçtan 0,00 m, kalıp simülasyonundan 0,00 m"
4-2,"Emici Kalkan","Büyü Kitabı","kalkan_calma",1,1,1,1,1,1,1,1,1,1,1,"yerinde","yerinde",76000.00,"oyuncu +21602 can, mermi sil 0 yut 3 dön 0 perde 0 bağ 0",3.00,1.35,0.20,0.20,0.53,0.00,0.00,"","vuruş 1: 0,40s@boss1,73m/oyuncu1,28m; kalıp sonu: merkeze 3,00 m, başlangıçtan 0,00 m, kalıp simülasyonundan 0,00 m"
4-3,"Sıçrayan Kalkan","Büyü Kitabı","seken_disk",1,1,1,1,1,1,1,1,1,1,1,"yerinde","yerinde",0.00,"oyuncu:Shield, kalkan 25",3.00,1.35,0.47,0.42,0.80,0.00,0.00,"","vuruş 2: 0,47s@boss0,30m/oyuncu3,30m 0,60s@boss3,04m/oyuncu1,43m; kalıp sonu: merkeze 3,00 m, başlangıçtan 0,00 m, kalıp simülasyonundan 0,00 m"
5-1,"Yoğun Patlama","Büyü Kitabı","saplanan_fitil",1,1,1,1,1,1,1,1,1,1,1,"geri","geri",81384.00,"boss:Burn",2.38,1.35,1.67,1.62,2.00,0.00,0.00,"0/6 kare koşu","vuruş 2: 0,40s@boss0,85m/oyuncu1,53m 1,93s@boss0,85m/oyuncu2,95m; kalıp sonu: merkeze 4,27 m, başlangıçtan 0,80 m, kalıp simülasyonundan 0,00 m, boss 0,47 m kaydı"
5-2,"Emici Patlama","Büyü Kitabı","ceken_girdap",1,1,1,1,1,1,1,1,1,1,1,"yerinde","yerinde",67344.00,"boss:Burn, oyuncu +37483 can, mermi sil 0 yut 3 dön 0 perde 0 bağ 0",1.33,1.35,1.33,1.32,1.67,0.00,0.00,"","vuruş 3: 1,00s@boss0,00m/oyuncu1,34m 1,47s@boss0,00m/oyuncu1,35m 1,53s@boss0,00m/oyuncu1,35m; kalıp sonu: merkeze 1,35 m, başlangıçtan 0,00 m, kalıp simülasyonundan 0,00 m, boss 1,65 m kaydı"
5-3,"Sıçrayan Patlama","Büyü Kitabı","seken_bomba",1,1,1,1,1,1,1,1,1,1,1,"yerinde","yerinde",95280.00,"boss:Burn",3.00,1.35,0.60,0.58,0.93,0.00,0.00,"","vuruş 3: 0,47s@boss0,40m/oyuncu3,40m 0,60s@boss0,00m/oyuncu3,69m 0,80s@boss0,35m/oyuncu4,33m; kalıp sonu: merkeze 4,55 m, başlangıçtan 0,00 m, kalıp simülasyonundan 0,00 m, boss 1,55 m kaydı"
6-1,"Yoğun Bağ","Büyü Kitabı","sinir_noktasi",1,1,1,1,1,1,1,1,1,1,1,"ön","ön",28392.00,"boss:Burn+Stun, boss hız x0,00",1.50,1.35,0.40,0.34,0.73,0.00,0.00,"0/5 kare koşu","vuruş 1: 0,60s@boss0,91m/oyuncu0,60m; kalıp sonu: merkeze 1,71 m, başlangıçtan 1,80 m, kalıp simülasyonundan 0,30 m, boss 0,51 m kaydı"
6-2,"Emici Bağ","Büyü Kitabı","bossu_cek",1,1,1,1,1,1,1,1,1,1,1,"geri","geri",23712.00,"boss:Burn+Root, boss hız x0,00, oyuncu +33276 can, mermi sil 0 yut 4 dön 0 perde 0 bağ 0",1.35,1.35,0.47,0.44,0.80,0.00,0.00,"0/5 kare koşu","vuruş 1: 0,60s@boss1,55m/oyuncu1,36m; kalıp sonu: merkeze 2,65 m, başlangıçtan 1,60 m, kalıp simülasyonundan 0,00 m, boss 1,95 m kaydı"
6-3,"Sıçrayan Bağ","Büyü Kitabı","basip_sekme",1,1,1,1,1,1,1,1,1,1,1,"başlangıç","başlangıç",33560.00,"boss:Burn+Root, boss hız x0,00",1.67,1.35,0.53,0.52,0.87,0.00,0.00,"0/7 kare koşu","vuruş 1: 0,60s@boss1,50m/oyuncu0,26m; kalıp sonu: merkeze 3,97 m, başlangıçtan 0,20 m, kalıp simülasyonundan 0,00 m, boss 0,78 m kaydı"
1-7,"Bulandırıcı Vuruş","Büyü Kitabı","dumandan_cikis",1,1,1,1,1,1,1,1,1,1,1,"ön","ön",87304.00,"boss:Blind+Burn",1.64,1.35,0.53,0.48,0.87,0.00,0.00,"0/4 kare koşu","vuruş 1: 0,67s@boss0,76m/oyuncu1,36m; kalıp sonu: merkeze 1,89 m, başlangıçtan 1,80 m, kalıp simülasyonundan 0,30 m, boss 0,69 m kaydı"
1-8,"Yükselen Vuruş","Büyü Kitabı","havaya_kaldirma",1,1,1,1,1,1,1,1,1,1,1,"ön","ön",92752.00,"boss:Burn+Stun, boss hız x0,00",1.90,1.35,0.40,0.34,0.73,0.00,0.00,"0/5 kare koşu","vuruş 1: 0,47s@boss1,08m/oyuncu1,28m; kalıp sonu: merkeze 1,90 m, başlangıçtan 1,10 m, kalıp simülasyonundan 0,00 m"
1-9,"Odaklı Vuruş","Büyü Kitabı","isarete_vur",1,1,1,1,1,1,1,1,1,1,1,"ön","ön",206616.00,"boss:Burn",2.02,1.35,0.40,0.38,0.73,0.00,0.00,"0/3 kare koşu","vuruş 1: 0,60s@boss0,88m/oyuncu1,28m; kalıp sonu: merkeze 2,24 m, başlangıçtan 1,35 m, kalıp simülasyonundan 0,00 m, boss 0,59 m kaydı"
2-7,"Bulandırıcı Şifa","Büyü Kitabı","sis_ortusu",1,1,1,1,1,1,1,1,1,1,1,"yerinde","yerinde",0.00,"oyuncu +68000 can, dost +24000 can",3.02,1.35,0.33,0.30,0.67,0.00,0.00,"","vuruş 1: 0,47s@boss0,00m/oyuncu3,07m; kalıp sonu: merkeze 3,08 m, başlangıçtan 0,00 m, kalıp simülasyonundan 0,00 m"
2-8,"Yükselen Şifa","Büyü Kitabı","yerden_buyuyen",1,1,1,1,1,1,1,1,1,1,1,"yerinde","yerinde",0.00,"oyuncu +68000 can, dost +48000 can",3.00,1.35,0.47,0.42,0.80,0.00,0.00,"","vuruş 1: 0,60s@boss6,98m/oyuncu4,33m; kalıp sonu: merkeze 3,18 m, başlangıçtan 0,25 m, kalıp simülasyonundan 0,00 m, kalıp hedefi AllyDummy"
2-9,"Odaklı Şifa","Büyü Kitabı","koruyucu_isaret",1,1,1,1,1,1,1,1,1,1,1,"geri","geri",0.00,"dost +128000 can",3.00,1.35,0.20,0.20,0.53,0.00,0.00,"0/3 kare koşu","vuruş 1: 0,47s@boss3,90m/oyuncu0,35m; kalıp sonu: merkeze 3,61 m, başlangıçtan 0,80 m, kalıp simülasyonundan 0,00 m, kalıp hedefi AllyDummy"
3-7,"Bulandırıcı Adım","Büyü Kitabı","duman_kaybolma",1,1,1,1,1,1,1,1,1,1,1,"ön","ön",12000.00,"boss:Blind+Burn, oyuncu:Stealth",1.50,1.35,0.60,0.59,0.93,0.00,0.00,"0/4 kare koşu","vuruş 1: 0,47s@boss1,75m/oyuncu0,00m; kalıp sonu: merkeze 1,50 m, başlangıçtan 1,50 m, kalıp simülasyonundan 0,00 m"
3-8,"Yükselen Adım","Büyü Kitabı","sicrayip_cakilma",1,1,1,1,1,1,1,1,1,1,1,"ön","ön",9600.00,"boss:Burn, oyuncu:Haste, oyuncu hız x1,10",1.50,1.35,0.87,0.82,1.20,0.00,0.00,"0/5 kare koşu","vuruş 1: 1,07s@boss1,50m/oyuncu0,00m; kalıp sonu: merkeze 1,50 m, başlangıçtan 1,50 m, kalıp simülasyonundan 0,00 m"
3-9,"Odaklı Adım","Büyü Kitabı","kilitli_adim",1,1,1,1,1,1,1,1,1,1,1,"arka","arka",8000.00,"boss:Burn",1.50,1.35,0.53,0.48,0.87,0.00,0.00,"0/1 kare koşu","vuruş 1: 0,73s@boss0,00m/oyuncu1,50m; kalıp sonu: merkeze 1,50 m, başlangıçtan 4,50 m, kalıp simülasyonundan 0,00 m; tek karede 4,50 m sıçrama (sınır 2,47 m @ 67 ms, t=0,60, faz adim, blink tasarım gereği)"
7-1,"Yoğun Zafiyet","Büyü Kitabı","diken_firlatma",1,1,1,1,1,1,1,1,1,1,1,"yerinde","yerinde",28728.00,"boss:Burn",3.00,1.35,0.40,0.40,0.73,0.00,0.00,"","vuruş 1: 0,67s@boss0,30m/oyuncu3,30m; kalıp sonu: merkeze 3,26 m, başlangıçtan 0,00 m, kalıp simülasyonundan 0,00 m, boss 0,26 m kaydı"
7-2,"Emici Zafiyet","Büyü Kitabı","sokup_cekme",1,1,1,1,1,1,1,1,1,1,1,"geri","geri",23512.00,"boss:Burn, oyuncu +25535 can, mermi sil 0 yut 3 dön 0 perde 0 bağ 0",1.35,1.35,0.47,0.44,0.80,0.00,0.00,"0/5 kare koşu","vuruş 2: 0,47s@boss0,35m/oyuncu2,95m 0,60s@boss1,50m/oyuncu1,19m; kalıp sonu: merkeze 2,35 m, başlangıçtan 1,30 m, kalıp simülasyonundan 0,00 m, boss 1,95 m kaydı"
7-3,"Sıçrayan Zafiyet","Büyü Kitabı","seken_yaratik",1,1,1,1,1,1,1,1,1,1,1,"yerinde","yerinde",32600.00,"boss:Burn",3.00,1.35,0.67,0.64,1.00,0.00,0.00,"","vuruş 3: 0,53s@boss0,00m/oyuncu3,00m 0,67s@boss0,35m/oyuncu3,49m 0,87s@boss0,35m/oyuncu3,90m; kalıp sonu: merkeze 4,05 m, başlangıçtan 0,00 m, kalıp simülasyonundan 0,00 m, boss 1,05 m kaydı"
8-1,"Yoğun Yükseliş","Büyü Kitabı","kuculten_kapi",1,1,1,1,1,1,1,1,1,1,1,"yerinde","yerinde",0.00,"",3.01,1.35,0.33,0.28,0.67,0.00,0.00,"","hasarsız skill (base_damage 0): etki hareketin kendisi; vuruş 1: 0,47s@boss0,64m/oyuncu2,38m; kalıp sonu: merkeze 3,03 m, başlangıçtan 0,00 m, kalıp simülasyonundan 0,00 m"
8-2,"Emici Yükseliş","Büyü Kitabı","kan_muhru",1,1,1,1,1,1,1,1,1,1,1,"yerinde","yerinde",0.00,"oyuncu +28801 can, mermi sil 0 yut 4 dön 0 perde 0 bağ 0",3.00,1.35,0.33,0.32,0.67,0.00,0.00,"","vuruş 1: 0,47s@boss3,00m/oyuncu0,00m; kalıp sonu: merkeze 3,00 m, başlangıçtan 0,00 m, kalıp simülasyonundan 0,00 m"
8-3,"Sıçrayan Yükseliş","Büyü Kitabı","pas_verme",1,1,1,1,1,1,1,1,1,1,1,"yerinde","yerinde",0.00,"",3.00,1.35,0.27,0.24,0.60,0.00,0.00,"","hasarsız skill (base_damage 0): etki hareketin kendisi; vuruş 1: 0,53s@boss6,38m/oyuncu3,90m; kalıp sonu: merkeze 3,00 m, başlangıçtan 0,00 m, kalıp simülasyonundan 0,00 m, kalıp hedefi AllyDummy"
9-1,"Yoğun Arınma","Büyü Kitabı","tek_dokunus",1,1,1,1,1,1,1,1,1,1,1,"geri","geri",0.00,"oyuncu +16000 can, mermi sil 3 yut 0 dön 0 perde 0 bağ 0",3.00,1.35,0.20,0.16,0.53,0.00,0.00,"0/2 kare koşu","vuruş 1: 0,40s@boss3,89m/oyuncu0,68m; kalıp sonu: merkeze 3,41 m, başlangıçtan 0,55 m, kalıp simülasyonundan 0,00 m, kalıp hedefi AllyDummy"
9-2,"Emici Arınma","Büyü Kitabı","cekip_firlat",1,1,1,1,1,1,1,1,1,1,1,"yerinde","yerinde",0.00,"oyuncu +44000 can, dost +8000 can, mermi sil 0 yut 5 dön 0 perde 0 bağ 0",3.00,1.35,0.53,0.50,0.87,0.00,0.00,"","vuruş 2: 0,47s@boss2,65m/oyuncu0,35m 0,80s@boss0,30m/oyuncu3,30m; kalıp sonu: merkeze 3,00 m, başlangıçtan 0,00 m, kalıp simülasyonundan 0,00 m"
9-3,"Sıçrayan Arınma","Büyü Kitabı","dosttan_dosta",1,1,1,1,1,1,1,1,1,1,1,"yerinde","yerinde",0.00,"oyuncu +8000 can, dost +4000 can, mermi sil 5 yut 0 dön 0 perde 0 bağ 0",3.00,1.35,0.60,0.54,0.93,0.00,0.00,"","vuruş 3: 0,47s@boss6,43m/oyuncu3,95m 0,53s@boss6,98m/oyuncu4,53m 0,73s@boss6,88m/oyuncu4,54m; kalıp sonu: merkeze 3,00 m, başlangıçtan 0,00 m, kalıp simülasyonundan 0,00 m, kalıp hedefi AllyDummy"
1-10,"Aynalı Vuruş","Büyü Kitabı","sirtta_kapi",1,1,1,1,1,1,1,1,1,1,1,"ön","ön",89120.00,"boss:Burn",2.06,1.35,0.33,0.32,0.67,0.00,0.00,"0/3 kare koşu","vuruş 2: 0,40s@boss0,92m/oyuncu1,19m 0,53s@boss0,55m/oyuncu2,82m; kalıp sonu: merkeze 2,57 m, başlangıçtan 1,20 m, kalıp simülasyonundan 0,00 m, boss 0,77 m kaydı"
1-11,"Kopya Vuruş","Büyü Kitabı","golge_yankisi",1,1,1,1,1,1,1,1,1,1,1,"ön","ön",91424.00,"boss:Burn",2.29,1.35,0.53,0.50,0.87,0.00,0.00,"0/3 kare koşu","vuruş 2: 0,40s@boss1,14m/oyuncu1,15m 0,73s@boss2,74m/oyuncu1,39m; kalıp sonu: merkeze 3,20 m, başlangıçtan 0,90 m, kalıp simülasyonundan 0,00 m, boss 1,10 m kaydı"
1-12,"Akan Vuruş","Büyü Kitabı","basili_seri",1,1,1,1,1,1,1,1,1,1,1,"ön","ön",95096.00,"boss:Burn",2.90,1.35,3.00,3.00,3.33,0.00,0.00,"","vuruş 6: 0,53s@boss1,75m/oyuncu1,15m 1,07s@boss2,61m/oyuncu1,15m 1,53s@boss2,59m/oyuncu1,15m 2,07s@boss2,38m/oyuncu1,15m 2,53s@boss2,17m/oyuncu1,15m 3,07s@boss1,92m/oyuncu1,15m; kalıp sonu: merkeze 2,98 m, başlangıçtan 1,40 m, kalıp simülasyonundan 0,00 m, boss 1,38 m kaydı"
2-10,"Aynalı Şifa","Büyü Kitabı","ters_es",1,1,1,1,1,1,1,1,1,1,1,"yerinde","yerinde",16800.00,"oyuncu +112000 can",3.00,1.35,0.47,0.44,0.80,0.00,0.00,"","vuruş 2: 0,47s@boss2,60m/oyuncu0,40m 0,67s@boss0,00m/oyuncu3,00m; kalıp sonu: merkeze 3,00 m, başlangıçtan 0,00 m, kalıp simülasyonundan 0,00 m"
2-11,"Kopya Şifa","Büyü Kitabı","golge_ulak",1,1,1,1,1,1,1,1,1,1,1,"yan","yan",0.00,"oyuncu +68000 can, dost +68000 can",2.43,1.35,1.40,1.36,1.73,0.00,0.00,"0/3 kare koşu","vuruş 2: 0,40s@boss3,26m/oyuncu0,35m 1,60s@boss3,05m/oyuncu1,46m; kalıp sonu: merkeze 2,43 m, başlangıçtan 1,41 m, kalıp simülasyonundan 0,00 m, kalıp hedefi AllyDummy"
2-12,"Akan Şifa","Büyü Kitabı","basili_isik",1,1,1,1,1,1,1,1,1,1,1,"geri","geri",0.00,"oyuncu +60000 can, dost +12000 can",3.00,1.35,3.00,3.00,3.33,0.00,0.00,"","vuruş 6: 0,53s@boss5,38m/oyuncu2,72m 1,07s@boss5,58m/oyuncu2,72m 1,53s@boss5,75m/oyuncu2,72m 2,07s@boss5,95m/oyuncu2,72m 2,53s@boss6,13m/oyuncu2,72m 3,07s@boss6,33m/oyuncu2,72m; kalıp sonu: merkeze 3,94 m, başlangıçtan 1,20 m, kalıp simülasyonundan 0,00 m, kalıp hedefi AllyDummy"
3-10,"Aynalı Adım","Büyü Kitabı","iki_kapi",1,1,1,1,1,1,1,1,1,1,1,"ön","ön",12800.00,"boss:Burn",1.50,1.35,0.60,0.54,0.93,0.00,0.00,"0/4 kare koşu","vuruş 2: 0,33s@boss3,00m/oyuncu0,00m 0,73s@boss1,50m/oyuncu0,00m; kalıp sonu: merkeze 1,50 m, başlangıçtan 1,50 m, kalıp simülasyonundan 0,00 m"
3-11,"Kopya Adım","Büyü Kitabı","yem_kac",1,1,1,1,1,1,1,1,1,1,1,"geri","geri",11200.00,"boss:Burn, yem boss aggro",3.00,1.35,0.40,0.40,0.73,0.00,0.00,"0/5 kare koşu","vuruş 1: 0,33s@boss3,00m/oyuncu0,00m; kalıp sonu: merkeze 5,80 m, başlangıçtan 2,80 m, kalıp simülasyonundan 0,00 m"
3-12,"Akan Adım","Büyü Kitabı","suzulme",1,1,1,1,1,1,1,1,1,1,1,"ön","ön",42400.00,"boss:Burn, oyuncu:Haste, oyuncu hız x1,50",1.90,1.35,3.00,3.00,3.33,0.00,0.00,"","kalıp sonu: merkeze 1,90 m, başlangıçtan 1,10 m, kalıp simülasyonundan 0,00 m"
10-1,"Yoğun Yansı","Büyü Kitabı","tam_zamanli",1,1,1,1,1,1,1,1,1,1,1,"yerinde","yerinde",8800.00,"boss:Burn",3.00,1.35,0.53,0.50,0.87,0.00,0.00,"","vuruş 1: 0,67s@boss0,62m/oyuncu2,38m; kalıp sonu: merkeze 3,00 m, başlangıçtan 0,00 m, kalıp simülasyonundan 0,00 m"
10-2,"Emici Yansı","Büyü Kitabı","yutan_girdap",1,1,1,1,1,1,1,1,1,1,1,"yerinde","yerinde",34400.00,"boss:Burn, oyuncu +21600 can, mermi sil 0 yut 3 dön 0 perde 0 bağ 0",3.00,1.35,3.20,3.18,3.53,0.00,0.00,"","vuruş 4: 1,20s@boss0,62m/oyuncu2,38m 2,00s@boss0,62m/oyuncu2,38m 2,73s@boss0,62m/oyuncu2,38m 3,47s@boss0,62m/oyuncu2,38m; kalıp sonu: merkeze 3,00 m, başlangıçtan 0,00 m, kalıp simülasyonundan 0,00 m"
10-3,"Sıçrayan Yansı","Büyü Kitabı","seken_geri",1,1,1,1,1,1,1,1,1,1,1,"ön","ön",10400.00,"boss:Burn",1.90,1.35,0.40,0.36,0.73,0.00,0.00,"0/3 kare koşu","vuruş 2: 0,40s@boss0,55m/oyuncu1,53m 0,53s@boss0,00m/oyuncu1,90m; kalıp sonu: merkeze 1,90 m, başlangıçtan 1,10 m, kalıp simülasyonundan 0,00 m"
10-10,"Aynalı Yansı","Büyü Kitabı","iki_kapi",1,1,1,1,1,1,1,1,1,1,1,"ön","ön",12800.00,"boss:Burn",1.50,1.35,0.60,0.54,0.93,0.00,0.00,"0/4 kare koşu","vuruş 2: 0,33s@boss3,00m/oyuncu0,00m 0,73s@boss1,50m/oyuncu0,00m; kalıp sonu: merkeze 1,50 m, başlangıçtan 1,50 m, kalıp simülasyonundan 0,00 m"
10-11,"Kopya Yansı","Büyü Kitabı","yem_kopya",1,1,1,1,1,1,1,1,1,1,1,"yerinde","yerinde",8800.00,"boss:Burn, yem boss aggro",3.00,1.35,0.27,0.24,0.60,0.00,0.00,"","vuruş 1: 0,40s@boss2,98m/oyuncu1,29m; kalıp sonu: merkeze 3,00 m, başlangıçtan 0,00 m, kalıp simülasyonundan 0,00 m"
10-12,"Akan Yansı","Büyü Kitabı","basili_siper",1,1,1,1,1,1,1,1,1,1,1,"ön","ön",33600.00,"boss:Burn",2.20,1.35,3.00,3.00,3.33,0.00,0.00,"","vuruş 3: 1,07s@boss0,41m/oyuncu2,38m 2,07s@boss0,14m/oyuncu2,38m 3,07s@boss0,13m/oyuncu2,38m; kalıp sonu: merkeze 2,20 m, başlangıçtan 0,80 m, kalıp simülasyonundan 0,00 m"
11-1,"Yoğun Çağrı","Büyü Kitabı","sirt_saplama",1,1,1,1,1,1,1,1,1,1,1,"ön","ön",45184.00,"boss:Burn",2.19,1.35,0.47,0.44,0.80,0.00,0.00,"0/2 kare koşu","vuruş 1: 0,67s@boss0,00m/oyuncu2,25m; kalıp sonu: merkeze 2,27 m, başlangıçtan 0,81 m, kalıp simülasyonundan 0,00 m"
11-2,"Emici Çağrı","Büyü Kitabı","yapisan",1,1,1,1,1,1,1,1,1,1,1,"yerinde","yerinde",275432.00,"boss:Burn, oyuncu +170056 can, mermi sil 0 yut 3 dön 0 perde 0 bağ 0",3.00,1.35,5.20,5.18,5.53,0.00,0.00,"","vuruş 6: 0,47s@boss0,20m/oyuncu3,22m 1,47s@boss0,00m/oyuncu3,11m 2,47s@boss0,00m/oyuncu3,11m 3,47s@boss0,00m/oyuncu3,11m 4,47s@boss0,00m/oyuncu3,11m 5,47s@boss0,00m/oyuncu3,11m; kalıp sonu: merkeze 3,11 m, başlangıçtan 0,00 m, kalıp simülasyonundan 0,00 m, boss 0,11 m kaydı"
11-3,"Sıçrayan Çağrı","Büyü Kitabı","seken_yaratik",1,1,1,1,1,1,1,1,1,1,1,"yerinde","yerinde",61568.00,"boss:Burn",3.00,1.35,0.67,0.64,1.00,0.00,0.00,"","vuruş 3: 0,53s@boss0,00m/oyuncu3,04m 0,67s@boss0,35m/oyuncu3,08m 0,87s@boss0,35m/oyuncu3,10m; kalıp sonu: merkeze 3,09 m, başlangıçtan 0,00 m, kalıp simülasyonundan 0,00 m"
11-10,"Aynalı Çağrı","Büyü Kitabı","takim_kapisi",1,1,1,1,1,1,1,1,1,1,1,"yerinde","yerinde",70912.00,"boss:Burn",2.88,1.35,1.40,1.36,1.73,0.00,0.00,"","vuruş 1: 0,53s@boss2,88m/oyuncu0,00m; kalıp sonu: merkeze 2,88 m, başlangıçtan 0,12 m, kalıp simülasyonundan 0,00 m"
11-11,"Kopya Çağrı","Büyü Kitabı","ayna_klonlar",1,1,1,1,1,1,1,1,1,1,1,"yerinde","yerinde",87400.00,"boss:Burn",2.88,1.35,0.67,0.62,1.00,0.00,0.00,"","vuruş 2: 0,67s@boss2,88m/oyuncu1,41m 0,80s@boss2,89m/oyuncu1,41m; kalıp sonu: merkeze 2,97 m, başlangıçtan 0,12 m, kalıp simülasyonundan 0,00 m"
11-12,"Akan Çağrı","Büyü Kitabı","kapidan_akin",1,1,1,1,1,1,1,1,1,1,1,"yerinde","yerinde",331072.00,"boss:Burn",2.88,1.35,4.33,4.32,4.67,0.00,0.00,"","vuruş 6: 0,60s@boss0,85m/oyuncu2,03m 1,40s@boss0,00m/oyuncu2,98m 2,20s@boss0,00m/oyuncu2,99m 3,00s@boss0,00m/oyuncu2,99m 3,80s@boss0,00m/oyuncu2,99m 4,60s@boss0,00m/oyuncu2,99m; kalıp sonu: merkeze 2,99 m, başlangıçtan 0,12 m, kalıp simülasyonundan 0,00 m, boss 0,11 m kaydı"
12-1,"Yoğun Zaman","Büyü Kitabı","zamanli_donma",1,1,1,1,1,1,1,1,1,1,1,"ön","ön",8000.00,"boss:Burn+Slow, boss hız x0,70",1.67,1.35,0.53,0.50,0.87,0.00,0.00,"0/3 kare koşu","vuruş 1: 0,73s@boss0,54m/oyuncu1,28m; kalıp sonu: merkeze 1,87 m, başlangıçtan 1,60 m, kalıp simülasyonundan 0,10 m, boss 0,47 m kaydı"
12-2,"Emici Zaman","Büyü Kitabı","ceken_girdap",1,1,1,1,1,1,1,1,1,1,1,"yerinde","yerinde",14400.00,"boss:Burn+Slow, oyuncu:Haste, boss hız x0,70, oyuncu hız x1,30, oyuncu +28801 can, mermi sil 0 yut 4 dön 0 perde 0 bağ 0",3.02,1.35,1.33,1.32,1.67,0.00,0.00,"","vuruş 3: 1,00s@boss0,00m/oyuncu3,08m 1,47s@boss0,00m/oyuncu4,13m 1,53s@boss0,00m/oyuncu4,19m; kalıp sonu: merkeze 4,27 m, başlangıçtan 0,00 m, kalıp simülasyonundan 0,00 m, boss 1,27 m kaydı"
12-3,"Sıçrayan Zaman","Büyü Kitabı","geri_donen_kure",1,1,1,1,1,1,1,1,1,1,1,"yerinde","yerinde",11200.00,"boss:Burn+Slow, boss hız x0,70",3.00,1.35,0.53,0.50,0.87,0.00,0.00,"","vuruş 2: 0,47s@boss0,30m/oyuncu3,31m 0,73s@boss1,75m/oyuncu2,04m; kalıp sonu: merkeze 3,99 m, başlangıçtan 0,00 m, kalıp simülasyonundan 0,00 m, boss 0,99 m kaydı"
12-10,"Aynalı Zaman","Büyü Kitabı","boss_geri",1,1,1,1,1,1,1,1,1,1,1,"yerinde","yerinde",10400.00,"boss:Burn+Slow, boss hız x0,70",3.01,1.35,0.47,0.46,0.80,0.00,0.00,"","vuruş 1: 0,47s@boss0,29m/oyuncu3,33m; kalıp sonu: merkeze 3,04 m, başlangıçtan 0,00 m, kalıp simülasyonundan 0,00 m"
12-11,"Kopya Zaman","Büyü Kitabı","geri_sarma",1,1,1,1,1,1,1,1,1,1,1,"başlangıç","başlangıç",38400.00,"boss:Burn+Slow, boss hız x0,70",1.50,1.35,2.67,2.66,3.00,0.00,0.00,"0/9 kare koşu","kalıp sonu: merkeze 3,18 m, başlangıçtan 0,00 m, kalıp simülasyonundan 0,00 m, boss 0,18 m kaydı"
12-12,"Akan Zaman","Büyü Kitabı","yuruyen_balon",1,1,1,1,1,1,1,1,1,1,1,"ön","ön",48000.00,"boss:Slow+Burn, boss hız x0,70",3.00,1.35,4.20,4.20,4.53,0.00,0.00,"","vuruş 5: 0,40s@boss3,00m/oyuncu0,00m 1,47s@boss4,01m/oyuncu0,00m 2,47s@boss3,75m/oyuncu0,00m 3,47s@boss3,45m/oyuncu0,00m 4,47s@boss3,15m/oyuncu0,00m; kalıp sonu: merkeze 3,15 m, başlangıçtan 1,20 m, kalıp simülasyonundan 0,00 m, boss 1,35 m kaydı"
4-4,"Sabit Kalkan","Büyü Kitabı","duvar_dikme",1,1,1,1,1,1,1,1,1,1,1,"yerinde","yerinde",0.00,"",3.00,1.35,0.33,0.32,0.67,0.00,0.00,"","hasarsız skill (base_damage 0): etki hareketin kendisi; vuruş 1: 0,53s@boss0,62m/oyuncu2,38m; kalıp sonu: merkeze 3,00 m, başlangıçtan 0,00 m, kalıp simülasyonundan 0,00 m"
4-5,"Yayılan Kalkan","Büyü Kitabı","onde_yelpaze",1,1,1,1,1,1,1,1,1,1,1,"yerinde","yerinde",0.00,"",3.00,1.35,0.67,0.63,1.00,0.00,0.00,"","hasarsız skill (base_damage 0): etki hareketin kendisi; vuruş 1: 0,73s@boss1,88m/oyuncu1,12m; kalıp sonu: merkeze 3,00 m, başlangıçtan 0,00 m, kalıp simülasyonundan 0,00 m"
4-6,"Bağlayıcı Kalkan","Büyü Kitabı","zincirli_firlatma",1,1,1,1,1,1,1,1,1,1,1,"ön","ön",0.00,"",1.50,1.35,0.73,0.70,1.07,0.00,0.00,"0/4 kare koşu","hasarsız skill (base_damage 0): etki hareketin kendisi; vuruş 2: 0,47s@boss0,45m/oyuncu3,45m 0,93s@boss0,47m/oyuncu1,28m; kalıp sonu: merkeze 1,50 m, başlangıçtan 1,50 m, kalıp simülasyonundan 0,00 m"
4-7,"Bulandırıcı Kalkan","Büyü Kitabı","duman_duvari",1,1,1,1,1,1,1,1,1,1,1,"yerinde","yerinde",0.00,"",2.80,1.35,0.53,0.52,0.87,0.00,0.00,"","hasarsız skill (base_damage 0): etki hareketin kendisi; vuruş 1: 0,53s@boss0,42m/oyuncu2,38m; kalıp sonu: merkeze 2,80 m, başlangıçtan 0,20 m, kalıp simülasyonundan 0,00 m"
4-8,"Yükselen Kalkan","Büyü Kitabı","yerden_buyuyen",1,1,1,1,1,1,1,1,1,1,1,"yerinde","yerinde",0.00,"",3.00,1.35,0.47,0.42,0.80,0.00,0.00,"","hasarsız skill (base_damage 0): etki hareketin kendisi; vuruş 1: 0,60s@boss6,98m/oyuncu4,33m; kalıp sonu: merkeze 3,18 m, başlangıçtan 0,25 m, kalıp simülasyonundan 0,00 m, kalıp hedefi AllyDummy"
4-9,"Odaklı Kalkan","Büyü Kitabı","koruyucu_isaret",1,1,1,1,1,1,1,1,1,1,1,"geri","geri",0.00,"",3.00,1.35,0.20,0.20,0.53,0.00,0.00,"0/3 kare koşu","hasarsız skill (base_damage 0): etki hareketin kendisi; vuruş 1: 0,47s@boss3,90m/oyuncu0,35m; kalıp sonu: merkeze 3,61 m, başlangıçtan 0,80 m, kalıp simülasyonundan 0,00 m, kalıp hedefi AllyDummy"
5-4,"Sabit Patlama","Büyü Kitabı","mayin_cakma",1,1,1,1,1,1,1,1,1,1,1,"yerinde","yerinde",91944.00,"boss:Burn",3.00,1.35,0.47,0.42,0.80,0.00,0.00,"","vuruş 2: 0,53s@boss0,85m/oyuncu2,15m 0,60s@boss0,85m/oyuncu2,15m; kalıp sonu: merkeze 3,64 m, başlangıçtan 0,00 m, kalıp simülasyonundan 0,00 m, boss 0,64 m kaydı"
5-5,"Yayılan Patlama","Büyü Kitabı","yer_yarigi",1,1,1,1,1,1,1,1,1,1,1,"ön","ön",57768.00,"boss:Burn",1.50,1.35,0.60,0.56,0.93,0.00,0.00,"0/9 kare koşu","vuruş 3: 0,60s@boss0,71m/oyuncu1,14m 0,67s@boss0,29m/oyuncu1,36m 0,80s@boss0,23m/oyuncu1,27m; kalıp sonu: merkeze 1,63 m, başlangıçtan 3,39 m, kalıp simülasyonundan 1,41 m, boss 1,85 m kaydı"
5-6,"Bağlayıcı Patlama","Büyü Kitabı","gerilip_kopan",1,1,1,1,1,1,1,1,1,1,1,"geri","geri",81560.00,"boss:Root+Slow+Burn, boss hız x0,00",1.35,1.35,0.60,0.58,0.93,0.00,0.00,"0/6 kare koşu","vuruş 2: 0,47s@boss0,85m/oyuncu1,16m 0,80s@boss0,86m/oyuncu2,70m; kalıp sonu: merkeze 2,82 m, başlangıçtan 0,50 m, kalıp simülasyonundan 0,01 m, boss 0,68 m kaydı"
5-7,"Bulandırıcı Patlama","Büyü Kitabı","sis_bombasi",1,1,1,1,1,1,1,1,1,1,1,"yerinde","yerinde",82520.00,"boss:Blind+Burn, oyuncu:Stealth",3.00,1.35,0.27,0.22,0.60,0.00,0.00,"","vuruş 1: 0,47s@boss0,35m/oyuncu3,35m; kalıp sonu: merkeze 3,69 m, başlangıçtan 0,00 m, kalıp simülasyonundan 0,00 m, boss 0,69 m kaydı"
5-8,"Yükselen Patlama","Büyü Kitabı","yerden_fiskirma",1,1,1,1,1,1,1,1,1,1,1,"ön","ön",66848.00,"boss:Burn+Stun, boss hız x0,00",2.60,1.35,0.47,0.44,0.80,0.00,0.00,"","vuruş 1: 0,60s@boss0,00m/oyuncu2,75m; kalıp sonu: merkeze 2,60 m, başlangıçtan 0,40 m, kalıp simülasyonundan 0,00 m"
5-9,"Odaklı Patlama","Büyü Kitabı","gudumlu_top",1,1,1,1,1,1,1,1,1,1,1,"yerinde","yerinde",147028.00,"boss:Burn",3.02,1.35,0.60,0.56,0.93,0.00,0.00,"","vuruş 1: 0,80s@boss0,00m/oyuncu3,12m; kalıp sonu: merkeze 3,99 m, başlangıçtan 0,00 m, kalıp simülasyonundan 0,00 m, boss 0,99 m kaydı"
6-4,"Sabit Bağ","Büyü Kitabı","karsilikli_kilit",1,1,1,1,1,1,1,1,1,1,1,"ön","ön",63756.00,"boss:Burn+Root, boss hız x0,00",1.50,1.35,3.27,3.24,3.60,0.00,0.00,"0/4 kare koşu","vuruş 1: 0,80s@boss0,41m/oyuncu1,11m; kalıp sonu: merkeze 2,88 m, başlangıçtan 1,63 m, kalıp simülasyonundan 0,13 m, boss 1,51 m kaydı"
6-5,"Yayılan Bağ","Büyü Kitabı","yer_tuzagi",1,1,1,1,1,1,1,1,1,1,1,"yerinde","yerinde",22144.00,"boss:Burn+Root, boss hız x0,00",3.00,1.35,0.33,0.28,0.67,0.00,0.00,"","vuruş 1: 0,47s@boss0,62m/oyuncu2,38m; kalıp sonu: merkeze 3,64 m, başlangıçtan 0,00 m, kalıp simülasyonundan 0,00 m, boss 0,64 m kaydı"
6-6,"Bağlayıcı Bağ","Büyü Kitabı","iki_uclu",1,1,1,1,1,1,1,1,1,1,1,"yerinde","yerinde",33816.00,"boss:Root+Slow+Burn, boss hız x0,00",3.01,1.35,0.67,0.65,1.00,0.00,0.00,"","vuruş 1: 0,47s@boss0,28m/oyuncu3,33m; kalıp sonu: merkeze 4,17 m, başlangıçtan 0,00 m, kalıp simülasyonundan 0,00 m, boss 1,17 m kaydı"
6-7,"Bulandırıcı Bağ","Büyü Kitabı","goz_bagi",1,1,1,1,1,1,1,1,1,1,1,"yerinde","yerinde",28488.00,"boss:Blind+Root+Burn, boss hız x0,00",3.00,1.35,0.20,0.20,0.53,0.00,0.00,"","vuruş 1: 0,47s@boss0,28m/oyuncu3,28m; kalıp sonu: merkeze 3,27 m, başlangıçtan 0,00 m, kalıp simülasyonundan 0,00 m, boss 0,27 m kaydı"
6-8,"Yükselen Bağ","Büyü Kitabı","havada_asma",1,1,1,1,1,1,1,1,1,1,1,"ön","ön",30072.00,"boss:Stun+Burn+Root, boss hız x0,00",1.50,1.35,1.20,1.14,1.53,0.00,0.00,"0/5 kare koşu","vuruş 1: 0,80s@boss1,50m/oyuncu0,00m; kalıp sonu: merkeze 2,65 m, başlangıçtan 1,50 m, kalıp simülasyonundan 0,00 m, boss 1,15 m kaydı"
6-9,"Odaklı Bağ","Büyü Kitabı","zamanli_donma",1,1,1,1,1,1,1,1,1,1,1,"ön","ön",42512.00,"boss:Burn+Root, boss hız x0,00",1.50,1.35,0.53,0.50,0.87,0.00,0.00,"0/3 kare koşu","vuruş 1: 0,73s@boss0,54m/oyuncu1,27m; kalıp sonu: merkeze 1,50 m, başlangıçtan 1,52 m, kalıp simülasyonundan 0,02 m"
7-4,"Sabit Zafiyet","Büyü Kitabı","mayin_cakma",1,1,1,1,1,1,1,1,1,1,1,"yerinde","yerinde",28060.00,"boss:Burn",3.02,1.35,0.47,0.42,0.80,0.00,0.00,"","vuruş 2: 0,53s@boss0,85m/oyuncu2,26m 0,60s@boss0,85m/oyuncu2,26m; kalıp sonu: merkeze 3,76 m, başlangıçtan 0,00 m, kalıp simülasyonundan 0,00 m, boss 0,76 m kaydı"
7-5,"Yayılan Zafiyet","Büyü Kitabı","onde_yelpaze",1,1,1,1,1,1,1,1,1,1,1,"yerinde","yerinde",21184.00,"boss:Burn",3.01,1.35,0.67,0.63,1.00,0.00,0.00,"","vuruş 1: 0,73s@boss1,91m/oyuncu1,12m; kalıp sonu: merkeze 3,81 m, başlangıçtan 0,00 m, kalıp simülasyonundan 0,00 m, boss 0,81 m kaydı"
7-6,"Bağlayıcı Zafiyet","Büyü Kitabı","dost_ip",1,1,1,1,1,1,1,1,1,1,1,"yerinde","yerinde",36868.00,"boss:Root+Slow+Burn, boss hız x0,00",3.01,1.35,0.67,0.62,1.00,0.00,0.00,"","vuruş 1: 0,47s@boss0,28m/oyuncu3,32m; kalıp sonu: merkeze 4,16 m, başlangıçtan 0,00 m, kalıp simülasyonundan 0,00 m, boss 1,16 m kaydı"
8-4,"Sabit Yükseliş","Büyü Kitabı","totem_dikme",1,1,1,1,1,1,1,1,1,1,1,"yerinde","yerinde",0.00,"",3.00,1.35,0.33,0.30,0.67,0.00,0.00,"","hasarsız skill (base_damage 0): etki hareketin kendisi; vuruş 1: 0,53s@boss3,10m/oyuncu0,00m; kalıp sonu: merkeze 3,12 m, başlangıçtan 0,15 m, kalıp simülasyonundan 0,00 m, kalıp hedefi AllyDummy"
8-5,"Yayılan Yükseliş","Büyü Kitabı","savas_narasi",1,1,1,1,1,1,1,1,1,1,1,"yerinde","yerinde",0.00,"",3.00,1.35,0.40,0.36,0.73,0.00,0.00,"","hasarsız skill (base_damage 0): etki hareketin kendisi; vuruş 1: 0,47s@boss3,00m/oyuncu0,00m; kalıp sonu: merkeze 3,00 m, başlangıçtan 0,00 m, kalıp simülasyonundan 0,00 m"
8-6,"Bağlayıcı Yükseliş","Büyü Kitabı","dost_dosta",1,1,1,1,1,1,1,1,1,1,1,"yan","yan",0.00,"",2.38,1.35,0.53,0.52,0.87,0.00,0.00,"0/4 kare koşu","hasarsız skill (base_damage 0): etki hareketin kendisi; vuruş 3: 0,40s@boss4,05m/oyuncu1,22m 0,60s@boss2,84m/oyuncu1,41m 0,73s@boss4,76m/oyuncu2,38m; kalıp sonu: merkeze 2,38 m, başlangıçtan 1,41 m, kalıp simülasyonundan 0,00 m, kalıp hedefi AllyDummy"
9-4,"Sabit Arınma","Büyü Kitabı","yer_tuzagi",1,1,1,1,1,1,1,1,1,1,1,"yerinde","yerinde",0.00,"oyuncu +16000 can, mermi sil 5 yut 0 dön 0 perde 0 bağ 0",3.00,1.35,0.33,0.28,0.67,0.00,0.00,"","vuruş 1: 0,47s@boss0,62m/oyuncu2,38m; kalıp sonu: merkeze 3,00 m, başlangıçtan 0,00 m, kalıp simülasyonundan 0,00 m"
9-5,"Yayılan Arınma","Büyü Kitabı","dagilan_yagmur",1,1,1,1,1,1,1,1,1,1,1,"yerinde","yerinde",0.00,"oyuncu +16000 can, dost +16000 can, mermi sil 6 yut 0 dön 0 perde 0 bağ 0",3.00,1.35,0.60,0.58,0.93,0.00,0.00,"","vuruş 1: 0,67s@boss3,00m/oyuncu0,00m; kalıp sonu: merkeze 3,00 m, başlangıçtan 0,00 m, kalıp simülasyonundan 0,00 m, kalıp hedefi AllyDummy"
9-6,"Bağlayıcı Arınma","Büyü Kitabı","iki_uclu",1,1,1,1,1,1,1,1,1,1,1,"yerinde","yerinde",0.00,"oyuncu +16000 can, mermi sil 0 yut 0 dön 0 perde 0 bağ 3",3.00,1.35,0.67,0.65,1.00,0.00,0.00,"","vuruş 1: 0,47s@boss6,36m/oyuncu3,87m; kalıp sonu: merkeze 3,00 m, başlangıçtan 0,00 m, kalıp simülasyonundan 0,00 m, kalıp hedefi AllyDummy"
4-10,"Aynalı Kalkan","Büyü Kitabı","sirtta_kapi",1,1,1,1,1,1,1,1,1,1,1,"ön","ön",24000.00,"",1.80,1.35,0.33,0.32,0.67,0.00,0.00,"0/3 kare koşu","vuruş 2: 0,40s@boss0,92m/oyuncu1,19m 0,53s@boss0,55m/oyuncu2,35m; kalıp sonu: merkeze 1,80 m, başlangıçtan 1,20 m, kalıp simülasyonundan 0,00 m"
4-11,"Kopya Kalkan","Büyü Kitabı","yem_kopya",1,1,1,1,1,1,1,1,1,1,1,"yerinde","yerinde",0.00,"yem boss aggro",3.00,1.35,0.27,0.24,0.60,0.00,0.00,"","vuruş 1: 0,40s@boss2,98m/oyuncu1,29m; kalıp sonu: merkeze 3,00 m, başlangıçtan 0,00 m, kalıp simülasyonundan 0,00 m"
4-12,"Akan Kalkan","Büyü Kitabı","basili_siper",1,1,1,1,1,1,1,1,1,1,1,"geri","geri",0.00,"",3.00,1.35,3.00,3.00,3.33,0.00,0.00,"","hasarsız skill (base_damage 0): etki hareketin kendisi; vuruş 3: 1,07s@boss5,17m/oyuncu2,38m 2,07s@boss5,41m/oyuncu2,38m 3,07s@boss5,66m/oyuncu2,38m; kalıp sonu: merkeze 3,61 m, başlangıçtan 0,80 m, kalıp simülasyonundan 0,00 m, kalıp hedefi AllyDummy"
5-10,"Aynalı Patlama","Büyü Kitabı","karsi_darbe",1,1,1,1,1,1,1,1,1,1,1,"ön","ön",91144.00,"boss:Burn",1.92,1.35,0.40,0.36,0.73,0.00,0.00,"0/3 kare koşu","vuruş 1: 0,60s@boss0,56m/oyuncu1,36m; kalıp sonu: merkeze 2,39 m, başlangıçtan 1,30 m, kalıp simülasyonundan 0,00 m, boss 0,69 m kaydı"
5-11,"Kopya Patlama","Büyü Kitabı","golge_yankisi",1,1,1,1,1,1,1,1,1,1,1,"ön","ön",67596.00,"boss:Burn",2.34,1.35,0.53,0.50,0.87,0.00,0.00,"0/3 kare koşu","vuruş 2: 0,40s@boss1,19m/oyuncu1,15m 0,73s@boss3,18m/oyuncu1,39m; kalıp sonu: merkeze 3,77 m, başlangıçtan 0,90 m, kalıp simülasyonundan 0,00 m, boss 1,67 m kaydı"
5-12,"Akan Patlama","Büyü Kitabı","patlayan_iz",1,1,1,1,1,1,1,1,1,1,1,"ön","ön",76168.00,"boss:Burn",2.98,1.35,3.00,3.00,3.33,0.00,0.00,"","vuruş 6: 0,73s@boss2,18m/oyuncu1,53m 1,27s@boss3,21m/oyuncu1,53m 1,73s@boss3,12m/oyuncu1,53m 2,27s@boss2,78m/oyuncu1,53m 2,73s@boss2,45m/oyuncu1,53m 3,27s@boss2,06m/oyuncu1,53m; kalıp sonu: merkeze 3,59 m, başlangıçtan 2,20 m, kalıp simülasyonundan 0,70 m, boss 2,79 m kaydı"
6-10,"Aynalı Bağ","Büyü Kitabı","karsi_darbe",1,1,1,1,1,1,1,1,1,1,1,"ön","ön",31756.00,"boss:Burn+Root, boss hız x0,00, boss ters kontrol",1.92,1.35,0.40,0.36,0.73,0.00,0.00,"0/3 kare koşu","vuruş 1: 0,60s@boss0,56m/oyuncu1,36m; kalıp sonu: merkeze 2,17 m, başlangıçtan 1,30 m, kalıp simülasyonundan 0,00 m, boss 0,47 m kaydı"
6-11,"Kopya Bağ","Büyü Kitabı","onden_arkadan",1,1,1,1,1,1,1,1,1,1,1,"ön","ön",41472.00,"boss:Burn+Root, boss hız x0,00",2.31,1.35,0.40,0.34,0.73,0.00,0.00,"0/3 kare koşu","vuruş 2: 0,40s@boss1,21m/oyuncu1,11m 0,53s@boss0,60m/oyuncu3,24m; kalıp sonu: merkeze 3,06 m, başlangıçtan 0,90 m, kalıp simülasyonundan 0,00 m, boss 0,96 m kaydı"
6-12,"Akan Bağ","Büyü Kitabı","cember_sarma",1,1,1,1,1,1,1,1,1,1,1,"arka","arka",22712.00,"boss:Root+Burn, boss hız x0,00",1.50,1.35,0.93,0.90,1.27,0.00,0.00,"0/11 kare koşu","vuruş 1: 1,13s@boss0,00m/oyuncu2,06m; kalıp sonu: merkeze 2,53 m, başlangıçtan 4,64 m, kalıp simülasyonundan 0,05 m, boss 0,44 m kaydı"
10-4,"Sabit Yansı","Büyü Kitabı","duvar_dikme",1,1,1,1,1,1,1,1,1,1,1,"yerinde","yerinde",8000.00,"boss:Burn",3.00,1.35,0.33,0.32,0.67,0.00,0.00,"","vuruş 1: 0,53s@boss0,62m/oyuncu2,38m; kalıp sonu: merkeze 3,00 m, başlangıçtan 0,00 m, kalıp simülasyonundan 0,00 m"
10-5,"Yayılan Yansı","Büyü Kitabı","yuruyen_balon",1,1,1,1,1,1,1,1,1,1,1,"ön","ön",48000.00,"boss:Burn",1.80,1.35,4.20,4.20,4.53,0.00,0.00,"","vuruş 5: 0,40s@boss3,00m/oyuncu0,00m 1,47s@boss2,70m/oyuncu0,00m 2,47s@boss2,40m/oyuncu0,00m 3,47s@boss2,10m/oyuncu0,00m 4,47s@boss1,80m/oyuncu0,00m; kalıp sonu: merkeze 1,80 m, başlangıçtan 1,20 m, kalıp simülasyonundan 0,00 m"
10-6,"Bağlayıcı Yansı","Büyü Kitabı","silaha_kement",1,1,1,1,1,1,1,1,1,1,1,"yerinde","yerinde",16000.00,"boss:Root+Slow+Burn, boss hız x0,00",3.00,1.35,1.00,0.94,1.33,0.00,0.00,"","vuruş 1: 0,47s@boss0,40m/oyuncu3,40m; kalıp sonu: merkeze 3,00 m, başlangıçtan 0,00 m, kalıp simülasyonundan 0,00 m"
11-4,"Sabit Çağrı","Büyü Kitabı","taret_dikme",1,1,1,1,1,1,1,1,1,1,1,"yerinde","yerinde",61484.00,"boss:Burn",2.88,1.35,0.60,0.54,0.93,0.00,0.00,"","vuruş 2: 0,53s@boss2,92m/oyuncu0,00m 0,80s@boss0,28m/oyuncu3,23m; kalıp sonu: merkeze 2,97 m, başlangıçtan 0,12 m, kalıp simülasyonundan 0,00 m"
11-5,"Yayılan Çağrı","Büyü Kitabı","dagilan_suru",1,1,1,1,1,1,1,1,1,1,1,"yerinde","yerinde",96740.00,"boss:Burn",3.00,1.35,0.47,0.42,0.80,0.00,0.00,"","vuruş 3: 0,40s@boss0,35m/oyuncu3,02m 0,53s@boss0,00m/oyuncu3,04m 0,67s@boss0,35m/oyuncu3,08m; kalıp sonu: merkeze 3,08 m, başlangıçtan 0,00 m, kalıp simülasyonundan 0,00 m"
11-6,"Bağlayıcı Çağrı","Büyü Kitabı","muhafiz",1,1,1,1,1,1,1,1,1,1,1,"yerinde","yerinde",215128.00,"boss:Burn+Root+Slow, boss hız x0,00",2.88,1.35,0.67,0.64,1.00,0.00,0.00,"","vuruş 1: 0,53s@boss2,81m/oyuncu1,20m; kalıp sonu: merkeze 2,97 m, başlangıçtan 0,12 m, kalıp simülasyonundan 0,00 m"
12-4,"Sabit Zaman","Büyü Kitabı","totem_dikme",1,1,1,1,1,1,1,1,1,1,1,"yerinde","yerinde",120220.00,"boss:Burn+Slow+Stun, boss hız x0,00",2.87,1.35,0.33,0.30,0.67,0.00,0.00,"","vuruş 1: 0,53s@boss2,87m/oyuncu0,00m; kalıp sonu: merkeze 3,32 m, başlangıçtan 0,15 m, kalıp simülasyonundan 0,00 m, boss 0,47 m kaydı"
12-5,"Yayılan Zaman","Büyü Kitabı","genisleyen_halka",1,1,1,1,1,1,1,1,1,1,1,"yerinde","yerinde",100372.00,"boss:Burn+Slow, boss hız x0,70",3.02,1.35,0.60,0.58,0.93,0.00,0.00,"","vuruş 1: 0,73s@boss3,08m/oyuncu0,00m; kalıp sonu: merkeze 3,72 m, başlangıçtan 0,00 m, kalıp simülasyonundan 0,00 m, boss 0,72 m kaydı"
12-6,"Bağlayıcı Zaman","Büyü Kitabı","iki_uclu",1,1,1,1,1,1,1,1,1,1,1,"yerinde","yerinde",12800.00,"boss:Burn, oyuncu:Haste, oyuncu hız x1,30",3.01,1.35,0.67,0.65,1.00,0.00,0.00,"","vuruş 1: 0,47s@boss0,28m/oyuncu3,33m; kalıp sonu: merkeze 4,17 m, başlangıçtan 0,00 m, kalıp simülasyonundan 0,00 m, boss 1,17 m kaydı"
7-7,"Bulandırıcı Zafiyet","Büyü Kitabı","sis_bombasi",1,1,1,1,1,1,1,1,1,1,1,"yerinde","yerinde",26480.00,"boss:Blind+Burn",3.00,1.35,0.27,0.22,0.60,0.00,0.00,"","vuruş 1: 0,47s@boss0,35m/oyuncu3,36m; kalıp sonu: merkeze 3,48 m, başlangıçtan 0,00 m, kalıp simülasyonundan 0,00 m, boss 0,48 m kaydı"
7-8,"Yükselen Zafiyet","Büyü Kitabı","yerden_fiskirma",1,1,1,1,1,1,1,1,1,1,1,"ön","ön",21392.00,"boss:Burn+Stun, boss hız x0,00",2.60,1.35,0.47,0.44,0.80,0.00,0.00,"","vuruş 1: 0,60s@boss0,00m/oyuncu2,75m; kalıp sonu: merkeze 2,60 m, başlangıçtan 0,40 m, kalıp simülasyonundan 0,00 m"
7-9,"Odaklı Zafiyet","Büyü Kitabı","isaret_patlamasi",1,1,1,1,1,1,1,1,1,1,1,"yerinde","yerinde",43076.00,"boss:Burn",3.02,1.35,1.93,1.92,2.27,0.00,0.00,"","vuruş 1: 2,13s@boss0,00m/oyuncu3,13m; kalıp sonu: merkeze 3,13 m, başlangıçtan 0,00 m, kalıp simülasyonundan 0,00 m, boss 0,13 m kaydı"
7-10,"Aynalı Zafiyet","Büyü Kitabı","onden_arkadan",1,1,1,1,1,1,1,1,1,1,1,"ön","ön",26168.00,"boss:Burn",2.34,1.35,0.40,0.34,0.73,0.00,0.00,"0/3 kare koşu","vuruş 2: 0,40s@boss1,24m/oyuncu1,11m 0,53s@boss0,60m/oyuncu3,27m; kalıp sonu: merkeze 3,10 m, başlangıçtan 0,90 m, kalıp simülasyonundan 0,00 m, boss 1,00 m kaydı"
7-11,"Kopya Zafiyet","Büyü Kitabı","golge_yankisi",1,1,1,1,1,1,1,1,1,1,1,"ön","ön",28548.00,"boss:Burn",2.29,1.35,0.53,0.50,0.87,0.00,0.00,"0/3 kare koşu","vuruş 2: 0,40s@boss1,14m/oyuncu1,15m 0,73s@boss2,74m/oyuncu1,39m; kalıp sonu: merkeze 3,20 m, başlangıçtan 0,90 m, kalıp simülasyonundan 0,00 m, boss 1,10 m kaydı"
7-12,"Akan Zafiyet","Büyü Kitabı","basili_isik",1,1,1,1,1,1,1,1,1,1,1,"ön","ön",53788.00,"boss:Burn",2.92,1.35,3.00,3.00,3.33,0.00,0.00,"","vuruş 6: 0,53s@boss0,20m/oyuncu2,72m 1,07s@boss1,09m/oyuncu2,72m 1,53s@boss1,10m/oyuncu2,72m 2,07s@boss0,93m/oyuncu2,72m 2,53s@boss0,75m/oyuncu2,72m 3,07s@boss0,54m/oyuncu2,72m; kalıp sonu: merkeze 3,18 m, başlangıçtan 1,20 m, kalıp simülasyonundan 0,00 m, boss 1,38 m kaydı"
8-7,"Bulandırıcı Yükseliş","Büyü Kitabı","goz_bagi",1,1,1,1,1,1,1,1,1,1,1,"yerinde","yerinde",0.00,"",3.00,1.35,0.20,0.20,0.53,0.00,0.00,"","hasarsız skill (base_damage 0): etki hareketin kendisi; vuruş 1: 0,47s@boss0,28m/oyuncu3,28m; kalıp sonu: merkeze 3,00 m, başlangıçtan 0,00 m, kalıp simülasyonundan 0,00 m"
8-8,"Yükselen Yükseliş","Büyü Kitabı","buyuten_kemer",1,1,1,1,1,1,1,1,1,1,1,"yerinde","yerinde",0.00,"",3.00,1.35,0.47,0.42,0.80,0.00,0.00,"","hasarsız skill (base_damage 0): etki hareketin kendisi; vuruş 1: 0,60s@boss5,04m/oyuncu2,21m; kalıp sonu: merkeze 3,22 m, başlangıçtan 0,30 m, kalıp simülasyonundan 0,00 m, kalıp hedefi AllyDummy"
8-9,"Odaklı Yükseliş","Büyü Kitabı","gudumlu_top",1,1,1,1,1,1,1,1,1,1,1,"yerinde","yerinde",0.00,"",3.00,1.35,0.60,0.56,0.93,0.00,0.00,"","hasarsız skill (base_damage 0): etki hareketin kendisi; vuruş 1: 0,80s@boss6,98m/oyuncu4,53m; kalıp sonu: merkeze 3,00 m, başlangıçtan 0,00 m, kalıp simülasyonundan 0,00 m, kalıp hedefi AllyDummy"
8-10,"Aynalı Yükseliş","Büyü Kitabı","ters_es",1,1,1,1,1,1,1,1,1,1,1,"yerinde","yerinde",0.00,"boss:Weaken",3.00,1.35,0.47,0.44,0.80,0.00,0.00,"","vuruş 2: 0,47s@boss2,60m/oyuncu0,40m 0,67s@boss0,00m/oyuncu3,00m; kalıp sonu: merkeze 3,00 m, başlangıçtan 0,00 m, kalıp simülasyonundan 0,00 m"
8-11,"Kopya Yükseliş","Büyü Kitabı","golge_ulak",1,1,1,1,1,1,1,1,1,1,1,"yan","yan",0.00,"",2.43,1.35,1.40,1.36,1.73,0.00,0.00,"0/3 kare koşu","hasarsız skill (base_damage 0): etki hareketin kendisi; vuruş 2: 0,40s@boss3,26m/oyuncu0,35m 1,60s@boss3,05m/oyuncu1,46m; kalıp sonu: merkeze 2,43 m, başlangıçtan 1,41 m, kalıp simülasyonundan 0,00 m, kalıp hedefi AllyDummy"
8-12,"Akan Yükseliş","Büyü Kitabı","akinti_yolu",1,1,1,1,1,1,1,1,1,1,1,"geri","geri",0.00,"",3.00,1.35,1.00,0.94,1.33,0.00,0.00,"0/10 kare koşu","hasarsız skill (base_damage 0): etki hareketin kendisi; vuruş 1: 1,13s@boss6,27m/oyuncu2,38m; kalıp sonu: merkeze 4,11 m, başlangıçtan 1,40 m, kalıp simülasyonundan 0,00 m, kalıp hedefi AllyDummy"
9-7,"Bulandırıcı Arınma","Büyü Kitabı","sis_ortusu",1,1,1,1,1,1,1,1,1,1,1,"yerinde","yerinde",0.00,"oyuncu:Stealth, oyuncu +16000 can, mermi sil 0 yut 0 dön 0 perde 5 bağ 0",3.00,1.35,0.33,0.30,0.67,0.00,0.00,"","vuruş 1: 0,47s@boss0,00m/oyuncu3,00m; kalıp sonu: merkeze 3,00 m, başlangıçtan 0,00 m, kalıp simülasyonundan 0,00 m"
9-8,"Yükselen Arınma","Büyü Kitabı","isik_sutunu",1,1,1,1,1,1,1,1,1,1,1,"yerinde","yerinde",0.00,"oyuncu +16000 can, mermi sil 5 yut 0 dön 0 perde 0 bağ 0",3.00,1.35,0.53,0.48,0.87,0.00,0.00,"","vuruş 1: 0,67s@boss3,06m/oyuncu0,00m; kalıp sonu: merkeze 3,07 m, başlangıçtan 0,10 m, kalıp simülasyonundan 0,00 m, kalıp hedefi AllyDummy"
9-9,"Odaklı Arınma","Büyü Kitabı","mermi_sondur",1,1,1,1,1,1,1,1,1,1,1,"yerinde","yerinde",0.00,"oyuncu +16000 can, mermi sil 1 yut 0 dön 0 perde 0 bağ 0",3.00,1.35,0.40,0.38,0.73,0.00,0.00,"","vuruş 1: 0,60s@boss6,98m/oyuncu4,53m; kalıp sonu: merkeze 3,00 m, başlangıçtan 0,00 m, kalıp simülasyonundan 0,00 m, kalıp hedefi AllyDummy"
9-10,"Aynalı Arınma","Büyü Kitabı","yer_degistir",1,1,1,1,1,1,1,1,1,1,1,"arka","arka",36.00,"oyuncu +16000 can, mermi sil 0 yut 0 dön 5 perde 0 bağ 0",1.50,1.35,0.40,0.34,0.73,0.00,0.00,"0/1 kare koşu","vuruş 1: 0,60s@boss0,31m/oyuncu1,19m; kalıp sonu: merkeze 1,50 m, başlangıçtan 4,50 m, kalıp simülasyonundan 0,00 m, ışın 8,34 m konumdan çıkarıldı; tek karede 8,34 m sıçrama (sınır 2,47 m @ 67 ms, t=0,73, ışın tasarım gereği)"
9-11,"Kopya Arınma","Büyü Kitabı","yem_kopya",1,1,1,1,1,1,1,1,1,1,1,"yerinde","yerinde",0.00,"oyuncu +16000 can, dost +16000 can, yem boss aggro, mermi sil 5 yut 0 dön 0 perde 0 bağ 0",3.00,1.35,0.27,0.24,0.60,0.00,0.00,"","vuruş 1: 0,40s@boss2,98m/oyuncu1,29m; kalıp sonu: merkeze 3,00 m, başlangıçtan 0,00 m, kalıp simülasyonundan 0,00 m"
9-12,"Akan Arınma","Büyü Kitabı","nabiz",1,1,1,1,1,1,1,1,1,1,1,"yerinde","yerinde",0.00,"oyuncu +8000 can, dost +4000 can, mermi sil 4 yut 0 dön 0 perde 0 bağ 0",3.00,1.35,3.20,3.18,3.53,0.00,0.00,"","vuruş 3: 1,47s@boss3,00m/oyuncu0,00m 2,47s@boss3,00m/oyuncu0,00m 3,47s@boss3,00m/oyuncu0,00m; kalıp sonu: merkeze 3,00 m, başlangıçtan 0,00 m, kalıp simülasyonundan 0,00 m"
10-7,"Bulandırıcı Yansı","Büyü Kitabı","sahte_goruntu",1,1,1,1,1,1,1,1,1,1,1,"geri","geri",11200.00,"boss:Blind+Burn, oyuncu:Stealth, yem boss aggro",3.00,1.35,0.47,0.44,0.80,0.00,0.00,"0/3 kare koşu","vuruş 3: 0,40s@boss3,06m/oyuncu1,37m 0,53s@boss3,06m/oyuncu1,37m 0,67s@boss3,68m/oyuncu0,00m; kalıp sonu: merkeze 3,90 m, başlangıçtan 0,90 m, kalıp simülasyonundan 0,00 m"
10-8,"Yükselen Yansı","Büyü Kitabı","yerden_buyuyen",1,1,1,1,1,1,1,1,1,1,1,"yerinde","yerinde",6400.00,"boss:Burn",2.75,1.35,0.47,0.42,0.80,0.00,0.00,"","vuruş 1: 0,60s@boss0,00m/oyuncu2,80m; kalıp sonu: merkeze 2,75 m, başlangıçtan 0,25 m, kalıp simülasyonundan 0,00 m"
10-9,"Odaklı Yansı","Büyü Kitabı","koruyucu_isaret",1,1,1,1,1,1,1,1,1,1,1,"ön","ön",7200.00,"boss:Burn",2.20,1.35,0.20,0.20,0.53,0.00,0.00,"0/3 kare koşu","vuruş 1: 0,47s@boss1,85m/oyuncu0,35m; kalıp sonu: merkeze 2,20 m, başlangıçtan 0,80 m, kalıp simülasyonundan 0,00 m"
11-7,"Bulandırıcı Çağrı","Büyü Kitabı","sirt_saplama",1,1,1,1,1,1,1,1,1,1,1,"yerinde","yerinde",34772.00,"boss:Blind+Burn",3.00,1.35,0.33,0.32,0.67,0.00,0.00,"","vuruş 1: 0,53s@boss0,00m/oyuncu3,04m; kalıp sonu: merkeze 3,06 m, başlangıçtan 0,00 m, kalıp simülasyonundan 0,00 m"
11-8,"Yükselen Çağrı","Büyü Kitabı","dostu_yerden",1,1,1,1,1,1,1,1,1,1,1,"yan","yan",35784.00,"boss:Burn",2.96,1.35,0.80,0.78,1.13,0.00,0.00,"0/8 kare koşu","vuruş 1: 0,93s@boss2,82m/oyuncu0,95m; kalıp sonu: merkeze 2,99 m, başlangıçtan 0,91 m, kalıp simülasyonundan 0,00 m"
11-9,"Odaklı Çağrı","Büyü Kitabı","pesinden_av",1,1,1,1,1,1,1,1,1,1,1,"ön","ön",290288.00,"boss:Burn",2.11,1.35,2.47,2.44,2.80,0.00,0.00,"0/2 kare koşu","vuruş 1: 2,67s@boss0,00m/oyuncu2,22m; kalıp sonu: merkeze 2,22 m, başlangıçtan 0,89 m, kalıp simülasyonundan 0,00 m, boss 0,11 m kaydı"
12-7,"Bulandırıcı Zaman","Büyü Kitabı","kum_saati",1,1,1,1,1,1,1,1,1,1,1,"yerinde","yerinde",70696.00,"boss:Blind+Burn+Slow, boss hız x0,70",3.00,1.35,0.67,0.62,1.00,0.00,0.00,"","vuruş 1: 0,47s@boss0,28m/oyuncu3,28m; kalıp sonu: merkeze 4,11 m, başlangıçtan 0,00 m, kalıp simülasyonundan 0,00 m, boss 1,11 m kaydı"
12-8,"Yükselen Zaman","Büyü Kitabı","isik_sutunu",1,1,1,1,1,1,1,1,1,1,1,"yerinde","yerinde",6400.00,"boss:Burn, oyuncu:Haste, oyuncu hız x1,50",2.90,1.35,0.53,0.48,0.87,0.00,0.00,"","vuruş 1: 0,67s@boss2,92m/oyuncu0,00m; kalıp sonu: merkeze 2,90 m, başlangıçtan 0,10 m, kalıp simülasyonundan 0,00 m"
12-9,"Odaklı Zaman","Büyü Kitabı","isaret_patlamasi",1,1,1,1,1,1,1,1,1,1,1,"yerinde","yerinde",6400.00,"boss:Burn+Slow, boss hız x0,70",3.00,1.35,1.93,1.92,2.27,0.00,0.00,"","vuruş 1: 2,13s@boss0,00m/oyuncu3,00m; kalıp sonu: merkeze 3,00 m, başlangıçtan 0,00 m, kalıp simülasyonundan 0,00 m"
1-1,"Yoğun Vuruş","Kılıç","yukle_birak",1,1,1,1,1,1,1,1,1,1,1,"ön","ön",227988.00,"boss:Burn",1.69,1.35,0.53,0.52,0.93,0.00,0.00,"0/3 kare koşu","vuruş 1: 0,80s@boss0,40m/oyuncu1,53m; kalıp sonu: merkeze 1,89 m, başlangıçtan 1,70 m, kalıp simülasyonundan 0,20 m, boss 0,59 m kaydı"
1-2,"Emici Vuruş","Kılıç","kan_ceken_pence",1,1,1,1,1,1,1,1,1,1,1,"yerinde","yerinde",167168.00,"boss:Burn, oyuncu +68872 can, mermi sil 0 yut 3 dön 0 perde 0 bağ 0",1.34,1.35,0.40,0.38,0.80,0.00,0.00,"","vuruş 3: 0,47s@boss1,77m/oyuncu1,02m 0,60s@boss1,19m/oyuncu1,02m 0,73s@boss0,61m/oyuncu1,02m; kalıp sonu: merkeze 1,34 m, başlangıçtan 0,00 m, kalıp simülasyonundan 0,00 m, boss 1,66 m kaydı"
1-3,"Sıçrayan Vuruş","Kılıç","yan_yan_sekme",1,1,1,1,1,1,1,1,1,1,1,"geri","geri",259228.00,"boss:Burn",2.85,1.35,0.47,0.46,0.87,0.00,0.00,"0/7 kare koşu","vuruş 2: 0,47s@boss0,74m/oyuncu3,52m 0,80s@boss0,74m/oyuncu4,99m; kalıp sonu: merkeze 4,40 m, başlangıçtan 1,30 m, kalıp simülasyonundan 0,11 m, boss 0,98 m kaydı"
1-4,"Sabit Vuruş","Kılıç","yere_cakilan",1,1,1,1,1,1,1,1,1,1,1,"yerinde","yerinde",170748.00,"boss:Burn",2.85,1.35,0.47,0.42,0.87,0.00,0.00,"","vuruş 1: 0,73s@boss2,85m/oyuncu0,00m; kalıp sonu: merkeze 3,31 m, başlangıçtan 0,20 m, kalıp simülasyonundan 0,00 m, boss 0,51 m kaydı"
1-5,"Yayılan Vuruş","Kılıç","donen_kesik",1,1,1,1,1,1,1,1,1,1,1,"yerinde","yerinde",149416.00,"boss:Burn",3.00,1.35,0.60,0.55,1.00,0.00,0.00,"","vuruş 1: 0,60s@boss3,00m/oyuncu0,00m; kalıp sonu: merkeze 3,97 m, başlangıçtan 0,00 m, kalıp simülasyonundan 0,00 m, boss 0,97 m kaydı"
1-6,"Bağlayıcı Vuruş","Kılıç","zincirli_firlatma",1,1,1,1,1,1,1,1,1,1,1,"ön","ön",233572.00,"boss:Root+Slow+Burn, boss hız x0,00",2.65,1.35,0.73,0.70,1.13,0.00,0.00,"0/4 kare koşu","vuruş 2: 0,53s@boss0,45m/oyuncu3,49m 1,00s@boss1,56m/oyuncu1,28m; kalıp sonu: merkeze 2,70 m, başlangıçtan 1,50 m, kalıp simülasyonundan 0,00 m, boss 1,20 m kaydı"
2-1,"Yoğun Şifa","Kılıç","tek_dokunus",1,1,1,1,1,1,1,1,1,1,1,"geri","geri",0.00,"oyuncu +112000 can",3.00,1.35,0.20,0.16,0.67,0.00,0.00,"0/2 kare koşu","vuruş 1: 0,53s@boss3,90m/oyuncu0,68m; kalıp sonu: merkeze 3,42 m, başlangıçtan 0,55 m, kalıp simülasyonundan 0,00 m, kalıp hedefi AllyDummy"
2-2,"Emici Şifa","Kılıç","uzaktan_emme",1,1,1,1,1,1,1,1,1,1,1,"yerinde","yerinde",53200.00,"oyuncu +112801 can, dost +28000 can, mermi sil 0 yut 4 dön 0 perde 0 bağ 0",2.65,1.35,2.20,2.16,2.67,0.00,0.00,"","vuruş 4: 1,07s@boss0,19m/oyuncu2,72m 1,60s@boss0,10m/oyuncu2,72m 2,07s@boss0,02m/oyuncu2,72m 2,60s@boss0,07m/oyuncu2,72m; kalıp sonu: merkeze 2,65 m, başlangıçtan 0,35 m, kalıp simülasyonundan 0,00 m"
2-3,"Sıçrayan Şifa","Kılıç","dosttan_dosta",1,1,1,1,1,1,1,1,1,1,1,"yerinde","yerinde",0.00,"oyuncu +132000 can, dost +36000 can",3.00,1.35,0.60,0.54,1.07,0.00,0.00,"","vuruş 3: 0,60s@boss6,43m/oyuncu3,95m 0,67s@boss6,98m/oyuncu4,53m 0,87s@boss6,88m/oyuncu4,54m; kalıp sonu: merkeze 3,00 m, başlangıçtan 0,00 m, kalıp simülasyonundan 0,00 m, kalıp hedefi AllyDummy"
2-4,"Sabit Şifa","Kılıç","totem_dikme",1,1,1,1,1,1,1,1,1,1,1,"yerinde","yerinde",0.00,"oyuncu +112000 can, dost +36000 can",3.00,1.35,0.33,0.30,0.80,0.00,0.00,"","vuruş 1: 0,67s@boss3,10m/oyuncu0,00m; kalıp sonu: merkeze 3,11 m, başlangıçtan 0,15 m, kalıp simülasyonundan 0,00 m, kalıp hedefi AllyDummy"
2-5,"Yayılan Şifa","Kılıç","genisleyen_halka",1,1,1,1,1,1,1,1,1,1,1,"yerinde","yerinde",0.00,"oyuncu +112000 can, dost +112000 can",3.00,1.35,0.60,0.58,1.07,0.00,0.00,"","vuruş 1: 0,87s@boss3,00m/oyuncu0,00m; kalıp sonu: merkeze 3,00 m, başlangıçtan 0,00 m, kalıp simülasyonundan 0,00 m"
2-6,"Bağlayıcı Şifa","Kılıç","dostu_kanca",1,1,1,1,1,1,1,1,1,1,1,"geri","geri",0.00,"oyuncu +112000 can",3.00,1.35,0.53,0.52,1.00,0.00,0.00,"0/6 kare koşu","vuruş 1: 0,87s@boss5,79m/oyuncu0,40m; kalıp sonu: merkeze 5,92 m, başlangıçtan 3,40 m, kalıp simülasyonundan 0,00 m, kalıp hedefi AllyDummy"
3-1,"Yoğun Adım","Kılıç","kisa_dash",1,1,1,1,1,1,1,1,1,1,1,"ön","ön",8000.00,"boss:Burn",1.50,1.35,0.20,0.16,0.60,0.00,0.00,"0/3 kare koşu","kalıp sonu: merkeze 1,50 m, başlangıçtan 1,50 m, kalıp simülasyonundan 0,00 m"
3-2,"Emici Adım","Kılıç","icinden_emme",1,1,1,1,1,1,1,1,1,1,1,"arka","arka",8000.00,"boss:Burn, oyuncu +28801 can, mermi sil 0 yut 4 dön 0 perde 0 bağ 0",0.17,1.35,0.33,0.28,0.73,0.00,0.00,"0/5 kare koşu","vuruş 1: 0,53s@boss0,24m/oyuncu1,36m; kalıp sonu: merkeze 2,61 m, başlangıçtan 5,27 m, kalıp simülasyonundan 0,38 m, boss 0,34 m kaydı; gövdeye girdi: merkeze 0,17 m (t=0,47, temas 1,35) geçiş tasarım gereği"
3-3,"Sıçrayan Adım","Kılıç","sekmeli_ziplama",1,1,1,1,1,1,1,1,1,1,1,"arka","arka",8800.00,"boss:Burn",1.50,1.35,0.40,0.40,0.80,0.00,0.00,"0/6 kare koşu","vuruş 2: 0,53s@boss1,79m/oyuncu0,00m 0,73s@boss1,50m/oyuncu0,00m; kalıp sonu: merkeze 1,50 m, başlangıçtan 4,50 m, kalıp simülasyonundan 0,00 m"
3-4,"Sabit Adım","Kılıç","geri_sarma",1,1,1,1,1,1,1,1,1,1,1,"başlangıç","başlangıç",37600.00,"boss:Burn",1.50,1.35,2.67,2.66,3.07,0.00,0.00,"0/9 kare koşu","kalıp sonu: merkeze 3,00 m, başlangıçtan 0,00 m, kalıp simülasyonundan 0,00 m"
3-5,"Yayılan Adım","Kılıç","dalis_patlamasi",1,1,1,1,1,1,1,1,1,1,1,"ön","ön",8000.00,"boss:Burn",1.50,1.35,0.47,0.42,0.87,0.00,0.00,"0/4 kare koşu","vuruş 1: 0,67s@boss1,50m/oyuncu0,00m; kalıp sonu: merkeze 2,45 m, başlangıçtan 1,50 m, kalıp simülasyonundan 0,00 m, boss 0,95 m kaydı"
3-6,"Bağlayıcı Adım","Kılıç","kanca_cekis",1,1,1,1,1,1,1,1,1,1,1,"arka","arka",7200.00,"boss:Root+Slow+Burn, boss hız x0,00",1.50,1.35,0.80,0.74,1.20,0.00,0.00,"0/10 kare koşu","vuruş 1: 1,00s@boss0,00m/oyuncu1,50m; kalıp sonu: merkeze 1,50 m, başlangıçtan 4,62 m, kalıp simülasyonundan 0,12 m, boss 0,12 m kaydı"
4-1,"Yoğun Kalkan","Kılıç","tam_zamanli",1,1,1,1,1,1,1,1,1,1,1,"yerinde","yerinde",0.00,"",3.00,1.35,0.53,0.50,1.00,0.00,0.00,"","hasarsız skill (base_damage 0): etki hareketin kendisi; vuruş 1: 0,80s@boss0,62m/oyuncu2,38m; kalıp sonu: merkeze 3,00 m, başlangıçtan 0,00 m, kalıp simülasyonundan 0,00 m"
4-2,"Emici Kalkan","Kılıç","kalkan_calma",1,1,1,1,1,1,1,1,1,1,1,"yerinde","yerinde",76000.00,"oyuncu +28801 can, mermi sil 0 yut 4 dön 0 perde 0 bağ 0",3.00,1.35,0.20,0.20,0.67,0.00,0.00,"","vuruş 1: 0,53s@boss1,73m/oyuncu1,28m; kalıp sonu: merkeze 3,00 m, başlangıçtan 0,00 m, kalıp simülasyonundan 0,00 m"
4-3,"Sıçrayan Kalkan","Kılıç","seken_disk",1,1,1,1,1,1,1,1,1,1,1,"yerinde","yerinde",0.00,"oyuncu:Shield, kalkan 25",3.00,1.35,0.47,0.42,0.93,0.00,0.00,"","vuruş 2: 0,60s@boss0,30m/oyuncu3,30m 0,73s@boss3,04m/oyuncu1,43m; kalıp sonu: merkeze 3,00 m, başlangıçtan 0,00 m, kalıp simülasyonundan 0,00 m"
5-1,"Yoğun Patlama","Kılıç","saplanan_fitil",1,1,1,1,1,1,1,1,1,1,1,"geri","geri",160952.00,"boss:Burn",2.38,1.35,1.67,1.62,2.07,0.00,0.00,"0/6 kare koşu","vuruş 2: 0,47s@boss0,85m/oyuncu1,53m 2,00s@boss0,85m/oyuncu2,95m; kalıp sonu: merkeze 4,28 m, başlangıçtan 0,80 m, kalıp simülasyonundan 0,00 m, boss 0,48 m kaydı"
5-2,"Emici Patlama","Kılıç","ceken_girdap",1,1,1,1,1,1,1,1,1,1,1,"yerinde","yerinde",123900.00,"boss:Burn, oyuncu +61891 can, mermi sil 0 yut 4 dön 0 perde 0 bağ 0",1.33,1.35,1.33,1.32,1.73,0.00,0.00,"","vuruş 3: 1,07s@boss0,00m/oyuncu1,34m 1,53s@boss0,00m/oyuncu1,35m 1,60s@boss0,00m/oyuncu1,35m; kalıp sonu: merkeze 1,35 m, başlangıçtan 0,00 m, kalıp simülasyonundan 0,00 m, boss 1,65 m kaydı"
5-3,"Sıçrayan Patlama","Kılıç","seken_bomba",1,1,1,1,1,1,1,1,1,1,1,"yerinde","yerinde",184708.00,"boss:Burn",3.00,1.35,0.60,0.58,1.00,0.00,0.00,"","vuruş 3: 0,53s@boss0,40m/oyuncu3,40m 0,67s@boss0,00m/oyuncu3,69m 0,87s@boss0,35m/oyuncu4,33m; kalıp sonu: merkeze 4,55 m, başlangıçtan 0,00 m, kalıp simülasyonundan 0,00 m, boss 1,55 m kaydı"
6-1,"Yoğun Bağ","Kılıç","sinir_noktasi",1,1,1,1,1,1,1,1,1,1,1,"ön","ön",40928.00,"boss:Burn+Stun, boss hız x0,00",1.50,1.35,0.40,0.34,0.87,0.00,0.00,"0/5 kare koşu","vuruş 1: 0,73s@boss0,91m/oyuncu0,59m; kalıp sonu: merkeze 1,71 m, başlangıçtan 1,81 m, kalıp simülasyonundan 0,31 m, boss 0,52 m kaydı"
6-2,"Emici Bağ","Kılıç","bossu_cek",1,1,1,1,1,1,1,1,1,1,1,"geri","geri",32060.00,"boss:Burn+Root, boss hız x0,00, oyuncu +36259 can, mermi sil 0 yut 4 dön 0 perde 0 bağ 0",1.35,1.35,0.47,0.44,0.93,0.00,0.00,"0/5 kare koşu","vuruş 1: 0,73s@boss1,57m/oyuncu1,36m; kalıp sonu: merkeze 2,64 m, başlangıçtan 1,60 m, kalıp simülasyonundan 0,00 m, boss 1,96 m kaydı"
6-3,"Sıçrayan Bağ","Kılıç","basip_sekme",1,1,1,1,1,1,1,1,1,1,1,"başlangıç","başlangıç",47932.00,"boss:Burn+Root, boss hız x0,00",1.67,1.35,0.53,0.52,1.00,0.00,0.00,"0/7 kare koşu","vuruş 1: 0,73s@boss1,50m/oyuncu0,26m; kalıp sonu: merkeze 3,97 m, başlangıçtan 0,20 m, kalıp simülasyonundan 0,00 m, boss 0,78 m kaydı"
1-7,"Bulandırıcı Vuruş","Kılıç","dumandan_cikis",1,1,1,1,1,1,1,1,1,1,1,"ön","ön",171548.00,"boss:Blind+Burn",1.66,1.35,0.53,0.48,0.93,0.00,0.00,"0/4 kare koşu","vuruş 1: 0,73s@boss0,77m/oyuncu1,36m; kalıp sonu: merkeze 1,92 m, başlangıçtan 1,80 m, kalıp simülasyonundan 0,30 m, boss 0,72 m kaydı"
1-8,"Yükselen Vuruş","Kılıç","havaya_kaldirma",1,1,1,1,1,1,1,1,1,1,1,"ön","ön",185504.00,"boss:Burn+Stun, boss hız x0,00",1.90,1.35,0.40,0.34,0.80,0.00,0.00,"0/5 kare koşu","vuruş 1: 0,53s@boss1,08m/oyuncu1,28m; kalıp sonu: merkeze 1,90 m, başlangıçtan 1,10 m, kalıp simülasyonundan 0,00 m"
1-9,"Odaklı Vuruş","Kılıç","isarete_vur",1,1,1,1,1,1,1,1,1,1,1,"ön","ön",420976.00,"boss:Burn",2.06,1.35,0.40,0.38,0.80,0.00,0.00,"0/3 kare koşu","vuruş 1: 0,67s@boss0,91m/oyuncu1,28m; kalıp sonu: merkeze 2,27 m, başlangıçtan 1,35 m, kalıp simülasyonundan 0,00 m, boss 0,62 m kaydı"
2-7,"Bulandırıcı Şifa","Kılıç","sis_ortusu",1,1,1,1,1,1,1,1,1,1,1,"yerinde","yerinde",0.00,"oyuncu +112000 can, dost +36000 can",3.02,1.35,0.33,0.30,0.80,0.00,0.00,"","vuruş 1: 0,60s@boss0,00m/oyuncu3,09m; kalıp sonu: merkeze 3,10 m, başlangıçtan 0,00 m, kalıp simülasyonundan 0,00 m"
2-8,"Yükselen Şifa","Kılıç","yerden_buyuyen",1,1,1,1,1,1,1,1,1,1,1,"yerinde","yerinde",0.00,"oyuncu +112000 can, dost +80000 can",3.00,1.35,0.47,0.42,0.93,0.00,0.00,"","vuruş 1: 0,73s@boss6,98m/oyuncu4,33m; kalıp sonu: merkeze 3,18 m, başlangıçtan 0,25 m, kalıp simülasyonundan 0,00 m, kalıp hedefi AllyDummy"
2-9,"Odaklı Şifa","Kılıç","koruyucu_isaret",1,1,1,1,1,1,1,1,1,1,1,"geri","geri",0.00,"dost +128000 can",3.00,1.35,0.20,0.20,0.67,0.00,0.00,"0/3 kare koşu","vuruş 1: 0,60s@boss3,90m/oyuncu0,35m; kalıp sonu: merkeze 3,61 m, başlangıçtan 0,80 m, kalıp simülasyonundan 0,00 m, kalıp hedefi AllyDummy"
3-7,"Bulandırıcı Adım","Kılıç","duman_kaybolma",1,1,1,1,1,1,1,1,1,1,1,"ön","ön",11200.00,"boss:Blind+Burn, oyuncu:Stealth",1.50,1.35,0.60,0.59,1.00,0.00,0.00,"0/4 kare koşu","vuruş 1: 0,53s@boss1,75m/oyuncu0,00m; kalıp sonu: merkeze 1,50 m, başlangıçtan 1,50 m, kalıp simülasyonundan 0,00 m"
3-8,"Yükselen Adım","Kılıç","sicrayip_cakilma",1,1,1,1,1,1,1,1,1,1,1,"ön","ön",8800.00,"boss:Burn, oyuncu:Haste, oyuncu hız x1,10",1.50,1.35,0.87,0.82,1.27,0.00,0.00,"0/5 kare koşu","vuruş 1: 1,13s@boss1,50m/oyuncu0,00m; kalıp sonu: merkeze 1,50 m, başlangıçtan 1,50 m, kalıp simülasyonundan 0,00 m"
3-9,"Odaklı Adım","Kılıç","kilitli_adim",1,1,1,1,1,1,1,1,1,1,1,"arka","arka",7200.00,"boss:Burn",1.50,1.35,0.53,0.48,0.93,0.00,0.00,"0/1 kare koşu","vuruş 1: 0,80s@boss0,00m/oyuncu1,50m; kalıp sonu: merkeze 1,50 m, başlangıçtan 4,50 m, kalıp simülasyonundan 0,00 m; tek karede 4,50 m sıçrama (sınır 2,47 m @ 67 ms, t=0,67, faz adim, blink tasarım gereği)"
7-1,"Yoğun Zafiyet","Kılıç","diken_firlatma",1,1,1,1,1,1,1,1,1,1,1,"yerinde","yerinde",27680.00,"boss:Burn",3.00,1.35,0.40,0.40,0.87,0.00,0.00,"","vuruş 1: 0,80s@boss0,30m/oyuncu3,30m; kalıp sonu: merkeze 3,26 m, başlangıçtan 0,00 m, kalıp simülasyonundan 0,00 m, boss 0,26 m kaydı"
7-2,"Emici Zafiyet","Kılıç","sokup_cekme",1,1,1,1,1,1,1,1,1,1,1,"geri","geri",26288.00,"boss:Burn, oyuncu +26847 can, mermi sil 0 yut 3 dön 0 perde 0 bağ 0",3.03,1.35,0.47,0.44,0.93,0.00,0.00,"0/5 kare koşu","vuruş 2: 0,60s@boss0,35m/oyuncu3,59m 0,73s@boss2,72m/oyuncu1,19m; kalıp sonu: merkeze 4,45 m, başlangıçtan 1,30 m, kalıp simülasyonundan 0,00 m, boss 0,15 m kaydı"
7-3,"Sıçrayan Zafiyet","Kılıç","seken_yaratik",1,1,1,1,1,1,1,1,1,1,1,"yerinde","yerinde",37864.00,"boss:Burn",3.00,1.35,0.67,0.64,1.13,0.00,0.00,"","vuruş 3: 0,67s@boss0,00m/oyuncu3,00m 0,80s@boss0,35m/oyuncu3,49m 1,00s@boss0,35m/oyuncu3,90m; kalıp sonu: merkeze 4,05 m, başlangıçtan 0,00 m, kalıp simülasyonundan 0,00 m, boss 1,05 m kaydı"
8-1,"Yoğun Yükseliş","Kılıç","kuculten_kapi",1,1,1,1,1,1,1,1,1,1,1,"yerinde","yerinde",0.00,"",3.01,1.35,0.33,0.28,0.80,0.00,0.00,"","hasarsız skill (base_damage 0): etki hareketin kendisi; vuruş 1: 0,60s@boss0,66m/oyuncu2,38m; kalıp sonu: merkeze 3,04 m, başlangıçtan 0,00 m, kalıp simülasyonundan 0,00 m"
8-2,"Emici Yükseliş","Kılıç","kan_muhru",1,1,1,1,1,1,1,1,1,1,1,"yerinde","yerinde",0.00,"oyuncu +28801 can, mermi sil 0 yut 4 dön 0 perde 0 bağ 0",3.00,1.35,0.33,0.32,0.80,0.00,0.00,"","vuruş 1: 0,60s@boss3,00m/oyuncu0,00m; kalıp sonu: merkeze 3,00 m, başlangıçtan 0,00 m, kalıp simülasyonundan 0,00 m"
8-3,"Sıçrayan Yükseliş","Kılıç","pas_verme",1,1,1,1,1,1,1,1,1,1,1,"yerinde","yerinde",0.00,"",3.00,1.35,0.27,0.24,0.73,0.00,0.00,"","hasarsız skill (base_damage 0): etki hareketin kendisi; vuruş 1: 0,67s@boss6,38m/oyuncu3,90m; kalıp sonu: merkeze 3,00 m, başlangıçtan 0,00 m, kalıp simülasyonundan 0,00 m, kalıp hedefi AllyDummy"
9-1,"Yoğun Arınma","Kılıç","tek_dokunus",1,1,1,1,1,1,1,1,1,1,1,"geri","geri",0.00,"oyuncu +32000 can, mermi sil 3 yut 0 dön 0 perde 0 bağ 0",3.00,1.35,0.20,0.16,0.60,0.00,0.00,"0/2 kare koşu","vuruş 1: 0,47s@boss3,89m/oyuncu0,68m; kalıp sonu: merkeze 3,41 m, başlangıçtan 0,55 m, kalıp simülasyonundan 0,00 m, kalıp hedefi AllyDummy"
9-2,"Emici Arınma","Kılıç","cekip_firlat",1,1,1,1,1,1,1,1,1,1,1,"yerinde","yerinde",0.00,"oyuncu +56000 can, dost +12000 can, mermi sil 0 yut 5 dön 0 perde 0 bağ 0",3.00,1.35,0.53,0.50,0.93,0.00,0.00,"","vuruş 2: 0,53s@boss2,65m/oyuncu0,35m 0,87s@boss0,30m/oyuncu3,30m; kalıp sonu: merkeze 3,00 m, başlangıçtan 0,00 m, kalıp simülasyonundan 0,00 m"
9-3,"Sıçrayan Arınma","Kılıç","dosttan_dosta",1,1,1,1,1,1,1,1,1,1,1,"yerinde","yerinde",0.00,"oyuncu +24000 can, dost +12000 can, mermi sil 5 yut 0 dön 0 perde 0 bağ 0",3.00,1.35,0.60,0.54,1.00,0.00,0.00,"","vuruş 3: 0,53s@boss6,43m/oyuncu3,95m 0,60s@boss6,98m/oyuncu4,53m 0,80s@boss6,88m/oyuncu4,54m; kalıp sonu: merkeze 3,00 m, başlangıçtan 0,00 m, kalıp simülasyonundan 0,00 m, kalıp hedefi AllyDummy"
1-10,"Aynalı Vuruş","Kılıç","sirtta_kapi",1,1,1,1,1,1,1,1,1,1,1,"ön","ön",174476.00,"boss:Burn",2.07,1.35,0.33,0.32,0.73,0.00,0.00,"0/3 kare koşu","vuruş 2: 0,47s@boss0,92m/oyuncu1,19m 0,60s@boss0,55m/oyuncu2,82m; kalıp sonu: merkeze 2,57 m, başlangıçtan 1,20 m, kalıp simülasyonundan 0,00 m, boss 0,77 m kaydı"
1-11,"Kopya Vuruş","Kılıç","golge_yankisi",1,1,1,1,1,1,1,1,1,1,1,"ön","ön",101152.00,"boss:Burn",2.30,1.35,0.53,0.50,0.93,0.00,0.00,"0/3 kare koşu","vuruş 2: 0,47s@boss1,16m/oyuncu1,15m 0,80s@boss2,75m/oyuncu1,39m; kalıp sonu: merkeze 3,21 m, başlangıçtan 0,90 m, kalıp simülasyonundan 0,00 m, boss 1,11 m kaydı"
1-12,"Akan Vuruş","Kılıç","basili_seri",1,1,1,1,1,1,1,1,1,1,1,"ön","ön",58280.00,"boss:Burn",2.91,1.35,3.00,3.00,3.40,0.00,0.00,"","vuruş 6: 0,60s@boss1,76m/oyuncu1,15m 1,13s@boss2,62m/oyuncu1,15m 1,60s@boss2,59m/oyuncu1,15m 2,13s@boss2,39m/oyuncu1,15m 2,60s@boss2,18m/oyuncu1,15m 3,13s@boss1,93m/oyuncu1,15m; kalıp sonu: merkeze 2,99 m, başlangıçtan 1,40 m, kalıp simülasyonundan 0,00 m, boss 1,39 m kaydı"
2-10,"Aynalı Şifa","Kılıç","ters_es",1,1,1,1,1,1,1,1,1,1,1,"yerinde","yerinde",16800.00,"oyuncu +112000 can",3.00,1.35,0.47,0.44,0.93,0.00,0.00,"","vuruş 2: 0,60s@boss2,60m/oyuncu0,40m 0,80s@boss0,00m/oyuncu3,00m; kalıp sonu: merkeze 3,00 m, başlangıçtan 0,00 m, kalıp simülasyonundan 0,00 m"
2-11,"Kopya Şifa","Kılıç","golge_ulak",1,1,1,1,1,1,1,1,1,1,1,"yan","yan",0.00,"oyuncu +112000 can, dost +112000 can",2.43,1.35,1.40,1.36,1.87,0.00,0.00,"0/3 kare koşu","vuruş 2: 0,53s@boss3,26m/oyuncu0,35m 1,73s@boss3,05m/oyuncu1,46m; kalıp sonu: merkeze 2,43 m, başlangıçtan 1,41 m, kalıp simülasyonundan 0,00 m, kalıp hedefi AllyDummy"
2-12,"Akan Şifa","Kılıç","basili_isik",1,1,1,1,1,1,1,1,1,1,1,"geri","geri",0.00,"oyuncu +100000 can, dost +20000 can",3.00,1.35,3.00,3.00,3.47,0.00,0.00,"","vuruş 6: 0,67s@boss5,38m/oyuncu2,72m 1,20s@boss5,58m/oyuncu2,72m 1,67s@boss5,75m/oyuncu2,72m 2,20s@boss5,95m/oyuncu2,72m 2,67s@boss6,13m/oyuncu2,72m 3,20s@boss6,33m/oyuncu2,72m; kalıp sonu: merkeze 3,94 m, başlangıçtan 1,20 m, kalıp simülasyonundan 0,00 m, kalıp hedefi AllyDummy"
3-10,"Aynalı Adım","Kılıç","iki_kapi",1,1,1,1,1,1,1,1,1,1,1,"ön","ön",12000.00,"boss:Burn",1.50,1.35,0.60,0.54,1.00,0.00,0.00,"0/4 kare koşu","vuruş 2: 0,40s@boss3,00m/oyuncu0,00m 0,80s@boss1,50m/oyuncu0,00m; kalıp sonu: merkeze 1,50 m, başlangıçtan 1,50 m, kalıp simülasyonundan 0,00 m"
3-11,"Kopya Adım","Kılıç","yem_kac",1,1,1,1,1,1,1,1,1,1,1,"geri","geri",10400.00,"boss:Burn, yem boss aggro",3.00,1.35,0.40,0.40,0.80,0.00,0.00,"0/5 kare koşu","vuruş 1: 0,40s@boss3,00m/oyuncu0,00m; kalıp sonu: merkeze 5,80 m, başlangıçtan 2,80 m, kalıp simülasyonundan 0,00 m"
3-12,"Akan Adım","Kılıç","suzulme",1,1,1,1,1,1,1,1,1,1,1,"ön","ön",41600.00,"boss:Burn, oyuncu:Haste, oyuncu hız x1,50",1.90,1.35,3.00,3.00,3.40,0.00,0.00,"","kalıp sonu: merkeze 1,90 m, başlangıçtan 1,10 m, kalıp simülasyonundan 0,00 m"
10-1,"Yoğun Yansı","Kılıç","tam_zamanli",1,1,1,1,1,1,1,1,1,1,1,"yerinde","yerinde",7200.00,"boss:Burn",3.00,1.35,0.53,0.50,1.00,0.00,0.00,"","vuruş 1: 0,80s@boss0,62m/oyuncu2,38m; kalıp sonu: merkeze 3,00 m, başlangıçtan 0,00 m, kalıp simülasyonundan 0,00 m"
10-2,"Emici Yansı","Kılıç","yutan_girdap",1,1,1,1,1,1,1,1,1,1,1,"yerinde","yerinde",32800.00,"boss:Burn, oyuncu +21600 can, mermi sil 0 yut 3 dön 0 perde 0 bağ 0",3.00,1.35,3.20,3.18,3.67,0.00,0.00,"","vuruş 4: 1,33s@boss0,62m/oyuncu2,38m 2,13s@boss0,62m/oyuncu2,38m 2,87s@boss0,62m/oyuncu2,38m 3,60s@boss0,62m/oyuncu2,38m; kalıp sonu: merkeze 3,00 m, başlangıçtan 0,00 m, kalıp simülasyonundan 0,00 m"
10-3,"Sıçrayan Yansı","Kılıç","seken_geri",1,1,1,1,1,1,1,1,1,1,1,"ön","ön",8800.00,"boss:Burn",1.90,1.35,0.40,0.36,0.87,0.00,0.00,"0/3 kare koşu","vuruş 2: 0,53s@boss0,55m/oyuncu1,53m 0,67s@boss0,00m/oyuncu1,90m; kalıp sonu: merkeze 1,90 m, başlangıçtan 1,10 m, kalıp simülasyonundan 0,00 m"
10-10,"Aynalı Yansı","Kılıç","iki_kapi",1,1,1,1,1,1,1,1,1,1,1,"ön","ön",0.00,"",1.50,1.35,0.60,0.54,1.07,0.00,0.00,"0/4 kare koşu","hasarsız skill (base_damage 0): etki hareketin kendisi; vuruş 2: 0,47s@boss3,00m/oyuncu0,00m 0,87s@boss1,50m/oyuncu0,00m; kalıp sonu: merkeze 1,50 m, başlangıçtan 1,50 m, kalıp simülasyonundan 0,00 m"
10-11,"Kopya Yansı","Kılıç","yem_kopya",1,1,1,1,1,1,1,1,1,1,1,"yerinde","yerinde",7200.00,"boss:Burn, yem boss aggro",2.85,1.35,0.40,0.36,0.87,0.00,0.00,"","vuruş 1: 0,67s@boss2,84m/oyuncu1,29m; kalıp sonu: merkeze 2,85 m, başlangıçtan 0,15 m, kalıp simülasyonundan 0,00 m"
10-12,"Akan Yansı","Kılıç","basili_siper",1,1,1,1,1,1,1,1,1,1,1,"ön","ön",32000.00,"boss:Burn",2.20,1.35,3.00,3.00,3.47,0.00,0.00,"","vuruş 3: 1,20s@boss0,41m/oyuncu2,38m 2,20s@boss0,14m/oyuncu2,38m 3,20s@boss0,13m/oyuncu2,38m; kalıp sonu: merkeze 2,20 m, başlangıçtan 0,80 m, kalıp simülasyonundan 0,00 m"
11-1,"Yoğun Çağrı","Kılıç","sirt_saplama",1,1,1,1,1,1,1,1,1,1,1,"ön","ön",43580.00,"boss:Burn",1.92,1.35,0.47,0.46,0.93,0.00,0.00,"0/2 kare koşu","vuruş 1: 0,80s@boss0,00m/oyuncu1,96m; kalıp sonu: merkeze 1,98 m, başlangıçtan 1,10 m, kalıp simülasyonundan 0,00 m"
11-2,"Emici Çağrı","Kılıç","yapisan",1,1,1,1,1,1,1,1,1,1,1,"yerinde","yerinde",273364.00,"boss:Burn, oyuncu +171759 can, mermi sil 0 yut 3 dön 0 perde 0 bağ 0",3.00,1.35,5.20,5.18,5.67,0.00,0.00,"","vuruş 6: 0,60s@boss0,20m/oyuncu3,22m 1,60s@boss0,00m/oyuncu3,11m 2,60s@boss0,00m/oyuncu3,11m 3,60s@boss0,00m/oyuncu3,11m 4,60s@boss0,00m/oyuncu3,11m 5,60s@boss0,00m/oyuncu3,11m; kalıp sonu: merkeze 3,11 m, başlangıçtan 0,00 m, kalıp simülasyonundan 0,00 m, boss 0,11 m kaydı"
11-3,"Sıçrayan Çağrı","Kılıç","seken_yaratik",1,1,1,1,1,1,1,1,1,1,1,"yerinde","yerinde",59972.00,"boss:Burn",3.00,1.35,0.67,0.64,1.13,0.00,0.00,"","vuruş 3: 0,67s@boss0,00m/oyuncu3,04m 0,80s@boss0,35m/oyuncu3,08m 1,00s@boss0,35m/oyuncu3,10m; kalıp sonu: merkeze 3,09 m, başlangıçtan 0,00 m, kalıp simülasyonundan 0,00 m"
11-10,"Aynalı Çağrı","Kılıç","takim_kapisi",1,1,1,1,1,1,1,1,1,1,1,"ön","ön",69316.00,"boss:Burn",2.35,1.35,1.40,1.36,1.87,0.00,0.00,"0/2 kare koşu","vuruş 1: 0,67s@boss2,35m/oyuncu0,00m; kalıp sonu: merkeze 2,35 m, başlangıçtan 0,65 m, kalıp simülasyonundan 0,00 m"
11-11,"Kopya Çağrı","Kılıç","ayna_klonlar",1,1,1,1,1,1,1,1,1,1,1,"ön","ön",85792.00,"boss:Burn",2.35,1.35,0.67,0.62,1.13,0.00,0.00,"0/2 kare koşu","vuruş 2: 0,80s@boss2,42m/oyuncu1,41m 0,93s@boss2,44m/oyuncu1,41m; kalıp sonu: merkeze 2,44 m, başlangıçtan 0,65 m, kalıp simülasyonundan 0,00 m"
11-12,"Akan Çağrı","Kılıç","kapidan_akin",1,1,1,1,1,1,1,1,1,1,1,"ön","ön",331620.00,"boss:Burn",2.35,1.35,4.33,4.32,4.80,0.00,0.00,"0/2 kare koşu","vuruş 6: 0,73s@boss0,85m/oyuncu1,55m 1,53s@boss0,00m/oyuncu2,45m 2,33s@boss0,00m/oyuncu2,46m 3,13s@boss0,00m/oyuncu2,46m 3,93s@boss0,00m/oyuncu2,46m 4,73s@boss0,00m/oyuncu2,46m; kalıp sonu: merkeze 2,46 m, başlangıçtan 0,65 m, kalıp simülasyonundan 0,00 m, boss 0,11 m kaydı"
12-1,"Yoğun Zaman","Kılıç","zamanli_donma",1,1,1,1,1,1,1,1,1,1,1,"ön","ön",6400.00,"boss:Burn+Slow, boss hız x0,70",1.66,1.35,0.53,0.50,1.00,0.00,0.00,"0/3 kare koşu","vuruş 1: 0,87s@boss0,54m/oyuncu1,28m; kalıp sonu: merkeze 1,87 m, başlangıçtan 1,60 m, kalıp simülasyonundan 0,10 m, boss 0,47 m kaydı"
12-2,"Emici Zaman","Kılıç","ceken_girdap",1,1,1,1,1,1,1,1,1,1,1,"yerinde","yerinde",12800.00,"boss:Burn+Slow, oyuncu:Haste, boss hız x0,70, oyuncu hız x1,30, oyuncu +28801 can, mermi sil 0 yut 4 dön 0 perde 0 bağ 0",3.02,1.35,1.33,1.32,1.80,0.00,0.00,"","vuruş 3: 1,13s@boss0,00m/oyuncu3,13m 1,60s@boss0,00m/oyuncu4,18m 1,67s@boss0,00m/oyuncu4,23m; kalıp sonu: merkeze 4,32 m, başlangıçtan 0,00 m, kalıp simülasyonundan 0,00 m, boss 1,32 m kaydı"
12-3,"Sıçrayan Zaman","Kılıç","geri_donen_kure",1,1,1,1,1,1,1,1,1,1,1,"yerinde","yerinde",9600.00,"boss:Burn+Slow, boss hız x0,70",3.00,1.35,0.53,0.50,1.00,0.00,0.00,"","vuruş 2: 0,60s@boss0,30m/oyuncu3,32m 0,87s@boss1,76m/oyuncu2,04m; kalıp sonu: merkeze 4,00 m, başlangıçtan 0,00 m, kalıp simülasyonundan 0,00 m, boss 1,00 m kaydı"
12-10,"Aynalı Zaman","Kılıç","boss_geri",1,1,1,1,1,1,1,1,1,1,1,"yerinde","yerinde",8800.00,"boss:Burn+Slow, boss hız x0,70",3.01,1.35,0.47,0.46,0.93,0.00,0.00,"","vuruş 1: 0,60s@boss0,29m/oyuncu3,35m; kalıp sonu: merkeze 3,06 m, başlangıçtan 0,00 m, kalıp simülasyonundan 0,00 m"
12-11,"Kopya Zaman","Kılıç","geri_sarma",1,1,1,1,1,1,1,1,1,1,1,"başlangıç","başlangıç",36800.00,"boss:Burn+Slow, boss hız x0,70",1.50,1.35,2.67,2.66,3.13,0.00,0.00,"0/9 kare koşu","kalıp sonu: merkeze 3,18 m, başlangıçtan 0,00 m, kalıp simülasyonundan 0,00 m, boss 0,18 m kaydı"
12-12,"Akan Zaman","Kılıç","yuruyen_balon",1,1,1,1,1,1,1,1,1,1,1,"ön","ön",48000.00,"boss:Burn+Slow, boss hız x0,70",3.00,1.35,4.20,4.20,4.67,0.00,0.00,"","vuruş 5: 0,53s@boss3,00m/oyuncu0,00m 1,60s@boss4,01m/oyuncu0,00m 2,60s@boss3,75m/oyuncu0,00m 3,60s@boss3,45m/oyuncu0,00m 4,60s@boss3,15m/oyuncu0,00m; kalıp sonu: merkeze 3,15 m, başlangıçtan 1,20 m, kalıp simülasyonundan 0,00 m, boss 1,35 m kaydı"
4-4,"Sabit Kalkan","Kılıç","duvar_dikme",1,1,1,1,1,1,1,1,1,1,1,"yerinde","yerinde",0.00,"",3.00,1.35,0.33,0.32,0.80,0.00,0.00,"","hasarsız skill (base_damage 0): etki hareketin kendisi; vuruş 1: 0,67s@boss0,62m/oyuncu2,38m; kalıp sonu: merkeze 3,00 m, başlangıçtan 0,00 m, kalıp simülasyonundan 0,00 m"
4-5,"Yayılan Kalkan","Kılıç","onde_yelpaze",1,1,1,1,1,1,1,1,1,1,1,"yerinde","yerinde",0.00,"",3.00,1.35,0.67,0.63,1.13,0.00,0.00,"","hasarsız skill (base_damage 0): etki hareketin kendisi; vuruş 1: 0,87s@boss1,88m/oyuncu1,12m; kalıp sonu: merkeze 3,00 m, başlangıçtan 0,00 m, kalıp simülasyonundan 0,00 m"
4-6,"Bağlayıcı Kalkan","Kılıç","zincirli_firlatma",1,1,1,1,1,1,1,1,1,1,1,"ön","ön",0.00,"",1.50,1.35,0.73,0.70,1.20,0.00,0.00,"0/4 kare koşu","hasarsız skill (base_damage 0): etki hareketin kendisi; vuruş 2: 0,60s@boss0,45m/oyuncu3,45m 1,07s@boss0,47m/oyuncu1,28m; kalıp sonu: merkeze 1,50 m, başlangıçtan 1,50 m, kalıp simülasyonundan 0,00 m"
4-7,"Bulandırıcı Kalkan","Kılıç","duman_duvari",1,1,1,1,1,1,1,1,1,1,1,"yerinde","yerinde",0.00,"",2.80,1.35,0.53,0.52,1.00,0.00,0.00,"","hasarsız skill (base_damage 0): etki hareketin kendisi; vuruş 1: 0,67s@boss0,42m/oyuncu2,38m; kalıp sonu: merkeze 2,80 m, başlangıçtan 0,20 m, kalıp simülasyonundan 0,00 m"
4-8,"Yükselen Kalkan","Kılıç","yerden_buyuyen",1,1,1,1,1,1,1,1,1,1,1,"yerinde","yerinde",0.00,"",3.00,1.35,0.47,0.42,0.93,0.00,0.00,"","hasarsız skill (base_damage 0): etki hareketin kendisi; vuruş 1: 0,73s@boss6,98m/oyuncu4,33m; kalıp sonu: merkeze 3,18 m, başlangıçtan 0,25 m, kalıp simülasyonundan 0,00 m, kalıp hedefi AllyDummy"
4-9,"Odaklı Kalkan","Kılıç","koruyucu_isaret",1,1,1,1,1,1,1,1,1,1,1,"geri","geri",0.00,"",3.00,1.35,0.20,0.20,0.67,0.00,0.00,"0/3 kare koşu","hasarsız skill (base_damage 0): etki hareketin kendisi; vuruş 1: 0,60s@boss3,90m/oyuncu0,35m; kalıp sonu: merkeze 3,61 m, başlangıçtan 0,80 m, kalıp simülasyonundan 0,00 m, kalıp hedefi AllyDummy"
5-4,"Sabit Patlama","Kılıç","mayin_cakma",1,1,1,1,1,1,1,1,1,1,1,"yerinde","yerinde",122484.00,"boss:Burn",3.00,1.35,0.47,0.42,0.87,0.00,0.00,"","vuruş 2: 0,60s@boss0,85m/oyuncu2,15m 0,67s@boss0,85m/oyuncu2,15m; kalıp sonu: merkeze 3,64 m, başlangıçtan 0,00 m, kalıp simülasyonundan 0,00 m, boss 0,64 m kaydı"
5-5,"Yayılan Patlama","Kılıç","yer_yarigi",1,1,1,1,1,1,1,1,1,1,1,"ön","ön",108284.00,"boss:Burn",1.50,1.35,0.60,0.56,1.00,0.00,0.00,"0/9 kare koşu","vuruş 3: 0,67s@boss0,72m/oyuncu1,14m 0,73s@boss0,29m/oyuncu1,36m 0,87s@boss0,23m/oyuncu1,27m; kalıp sonu: merkeze 1,63 m, başlangıçtan 3,39 m, kalıp simülasyonundan 1,42 m, boss 1,86 m kaydı"
5-6,"Bağlayıcı Patlama","Kılıç","gerilip_kopan",1,1,1,1,1,1,1,1,1,1,1,"geri","geri",160448.00,"boss:Root+Slow+Burn, boss hız x0,00",1.35,1.35,0.60,0.58,1.00,0.00,0.00,"0/6 kare koşu","vuruş 2: 0,53s@boss0,85m/oyuncu1,17m 0,87s@boss0,86m/oyuncu2,72m; kalıp sonu: merkeze 2,83 m, başlangıçtan 0,50 m, kalıp simülasyonundan 0,01 m, boss 0,67 m kaydı"
5-7,"Bulandırıcı Patlama","Kılıç","sis_bombasi",1,1,1,1,1,1,1,1,1,1,1,"yerinde","yerinde",162448.00,"boss:Blind+Burn, oyuncu:Stealth",3.00,1.35,0.27,0.22,0.67,0.00,0.00,"","vuruş 1: 0,53s@boss0,35m/oyuncu3,35m; kalıp sonu: merkeze 3,69 m, başlangıçtan 0,00 m, kalıp simülasyonundan 0,00 m, boss 0,69 m kaydı"
5-8,"Yükselen Patlama","Kılıç","yerden_fiskirma",1,1,1,1,1,1,1,1,1,1,1,"ön","ön",131532.00,"boss:Burn+Stun, boss hız x0,00",2.60,1.35,0.47,0.44,0.87,0.00,0.00,"","vuruş 1: 0,67s@boss0,00m/oyuncu2,75m; kalıp sonu: merkeze 2,60 m, başlangıçtan 0,40 m, kalıp simülasyonundan 0,00 m"
5-9,"Odaklı Patlama","Kılıç","gudumlu_top",1,1,1,1,1,1,1,1,1,1,1,"yerinde","yerinde",296844.00,"boss:Burn",3.03,1.35,0.60,0.56,1.00,0.00,0.00,"","vuruş 1: 0,87s@boss0,00m/oyuncu3,15m; kalıp sonu: merkeze 4,02 m, başlangıçtan 0,00 m, kalıp simülasyonundan 0,00 m, boss 1,02 m kaydı"
6-4,"Sabit Bağ","Kılıç","karsilikli_kilit",1,1,1,1,1,1,1,1,1,1,1,"ön","ön",77992.00,"boss:Burn+Root, boss hız x0,00",1.50,1.35,3.27,3.24,3.73,0.00,0.00,"0/4 kare koşu","vuruş 1: 0,93s@boss0,41m/oyuncu1,11m; kalıp sonu: merkeze 2,87 m, başlangıçtan 1,67 m, kalıp simülasyonundan 0,17 m, boss 1,54 m kaydı"
6-5,"Yayılan Bağ","Kılıç","yer_tuzagi",1,1,1,1,1,1,1,1,1,1,1,"yerinde","yerinde",29444.00,"boss:Burn+Root, boss hız x0,00",3.00,1.35,0.33,0.28,0.80,0.00,0.00,"","vuruş 1: 0,60s@boss0,62m/oyuncu2,38m; kalıp sonu: merkeze 3,64 m, başlangıçtan 0,00 m, kalıp simülasyonundan 0,00 m, boss 0,64 m kaydı"
6-6,"Bağlayıcı Bağ","Kılıç","iki_uclu",1,1,1,1,1,1,1,1,1,1,1,"yerinde","yerinde",46228.00,"boss:Root+Slow+Burn, boss hız x0,00",3.02,1.35,0.67,0.65,1.13,0.00,0.00,"","vuruş 1: 0,60s@boss0,28m/oyuncu3,36m; kalıp sonu: merkeze 4,21 m, başlangıçtan 0,00 m, kalıp simülasyonundan 0,00 m, boss 1,21 m kaydı"
6-7,"Bulandırıcı Bağ","Kılıç","goz_bagi",1,1,1,1,1,1,1,1,1,1,1,"yerinde","yerinde",41084.00,"boss:Blind+Root+Burn, boss hız x0,00",3.00,1.35,0.20,0.20,0.67,0.00,0.00,"","vuruş 1: 0,60s@boss0,28m/oyuncu3,28m; kalıp sonu: merkeze 3,28 m, başlangıçtan 0,00 m, kalıp simülasyonundan 0,00 m, boss 0,28 m kaydı"
6-8,"Yükselen Bağ","Kılıç","havada_asma",1,1,1,1,1,1,1,1,1,1,1,"ön","ön",39984.00,"boss:Stun+Burn+Root, boss hız x0,00",1.50,1.35,1.20,1.14,1.67,0.00,0.00,"0/5 kare koşu","vuruş 1: 0,93s@boss1,50m/oyuncu0,00m; kalıp sonu: merkeze 2,65 m, başlangıçtan 1,50 m, kalıp simülasyonundan 0,00 m, boss 1,15 m kaydı"
6-9,"Odaklı Bağ","Kılıç","zamanli_donma",1,1,1,1,1,1,1,1,1,1,1,"ön","ön",64984.00,"boss:Burn+Root, boss hız x0,00",1.50,1.35,0.53,0.50,1.00,0.00,0.00,"0/3 kare koşu","vuruş 1: 0,87s@boss0,54m/oyuncu1,28m; kalıp sonu: merkeze 1,50 m, başlangıçtan 1,53 m, kalıp simülasyonundan 0,03 m"
7-4,"Sabit Zafiyet","Kılıç","mayin_cakma",1,1,1,1,1,1,1,1,1,1,1,"yerinde","yerinde",23556.00,"boss:Burn",3.04,1.35,0.47,0.42,0.93,0.00,0.00,"","vuruş 2: 0,67s@boss0,85m/oyuncu2,32m 0,73s@boss0,85m/oyuncu2,32m; kalıp sonu: merkeze 3,83 m, başlangıçtan 0,00 m, kalıp simülasyonundan 0,00 m, boss 0,83 m kaydı"
7-5,"Yayılan Zafiyet","Kılıç","onde_yelpaze",1,1,1,1,1,1,1,1,1,1,1,"yerinde","yerinde",23448.00,"boss:Burn",3.01,1.35,0.67,0.63,1.13,0.00,0.00,"","vuruş 1: 0,87s@boss1,91m/oyuncu1,12m; kalıp sonu: merkeze 3,81 m, başlangıçtan 0,00 m, kalıp simülasyonundan 0,00 m, boss 0,81 m kaydı"
7-6,"Bağlayıcı Zafiyet","Kılıç","dost_ip",1,1,1,1,1,1,1,1,1,1,1,"yerinde","yerinde",35888.00,"boss:Root+Slow+Burn, boss hız x0,00",3.02,1.35,0.67,0.62,1.13,0.00,0.00,"","vuruş 1: 0,60s@boss0,28m/oyuncu3,35m; kalıp sonu: merkeze 4,19 m, başlangıçtan 0,00 m, kalıp simülasyonundan 0,00 m, boss 1,19 m kaydı"
8-4,"Sabit Yükseliş","Kılıç","totem_dikme",1,1,1,1,1,1,1,1,1,1,1,"yerinde","yerinde",0.00,"",3.00,1.35,0.33,0.30,0.80,0.00,0.00,"","hasarsız skill (base_damage 0): etki hareketin kendisi; vuruş 1: 0,67s@boss3,10m/oyuncu0,00m; kalıp sonu: merkeze 3,12 m, başlangıçtan 0,15 m, kalıp simülasyonundan 0,00 m, kalıp hedefi AllyDummy"
8-5,"Yayılan Yükseliş","Kılıç","savas_narasi",1,1,1,1,1,1,1,1,1,1,1,"yerinde","yerinde",0.00,"",3.00,1.35,0.40,0.36,0.87,0.00,0.00,"","hasarsız skill (base_damage 0): etki hareketin kendisi; vuruş 1: 0,60s@boss3,00m/oyuncu0,00m; kalıp sonu: merkeze 3,00 m, başlangıçtan 0,00 m, kalıp simülasyonundan 0,00 m"
8-6,"Bağlayıcı Yükseliş","Kılıç","dost_dosta",1,1,1,1,1,1,1,1,1,1,1,"yan","yan",0.00,"",2.38,1.35,0.53,0.52,1.00,0.00,0.00,"0/4 kare koşu","hasarsız skill (base_damage 0): etki hareketin kendisi; vuruş 3: 0,53s@boss4,05m/oyuncu1,22m 0,73s@boss2,84m/oyuncu1,41m 0,87s@boss4,76m/oyuncu2,38m; kalıp sonu: merkeze 2,38 m, başlangıçtan 1,41 m, kalıp simülasyonundan 0,00 m, kalıp hedefi AllyDummy"
9-4,"Sabit Arınma","Kılıç","yer_tuzagi",1,1,1,1,1,1,1,1,1,1,1,"yerinde","yerinde",0.00,"oyuncu +32000 can, mermi sil 5 yut 0 dön 0 perde 0 bağ 0",3.00,1.35,0.33,0.28,0.73,0.00,0.00,"","vuruş 1: 0,53s@boss0,62m/oyuncu2,38m; kalıp sonu: merkeze 3,00 m, başlangıçtan 0,00 m, kalıp simülasyonundan 0,00 m"
9-5,"Yayılan Arınma","Kılıç","dagilan_yagmur",1,1,1,1,1,1,1,1,1,1,1,"yerinde","yerinde",0.00,"oyuncu +32000 can, dost +32000 can, mermi sil 6 yut 0 dön 0 perde 0 bağ 0",3.00,1.35,0.60,0.58,1.00,0.00,0.00,"","vuruş 1: 0,73s@boss3,00m/oyuncu0,00m; kalıp sonu: merkeze 3,00 m, başlangıçtan 0,00 m, kalıp simülasyonundan 0,00 m, kalıp hedefi AllyDummy"
9-6,"Bağlayıcı Arınma","Kılıç","iki_uclu",1,1,1,1,1,1,1,1,1,1,1,"yerinde","yerinde",0.00,"oyuncu +32000 can, mermi sil 0 yut 0 dön 0 perde 0 bağ 3",3.00,1.35,0.67,0.65,1.07,0.00,0.00,"","vuruş 1: 0,53s@boss6,36m/oyuncu3,87m; kalıp sonu: merkeze 3,00 m, başlangıçtan 0,00 m, kalıp simülasyonundan 0,00 m, kalıp hedefi AllyDummy"
4-10,"Aynalı Kalkan","Kılıç","sirtta_kapi",1,1,1,1,1,1,1,1,1,1,1,"ön","ön",24000.00,"",1.80,1.35,0.33,0.32,0.80,0.00,0.00,"0/3 kare koşu","vuruş 2: 0,53s@boss0,92m/oyuncu1,19m 0,67s@boss0,55m/oyuncu2,35m; kalıp sonu: merkeze 1,80 m, başlangıçtan 1,20 m, kalıp simülasyonundan 0,00 m"
4-11,"Kopya Kalkan","Kılıç","yem_kopya",1,1,1,1,1,1,1,1,1,1,1,"yerinde","yerinde",0.00,"yem boss aggro",3.00,1.35,0.27,0.24,0.73,0.00,0.00,"","vuruş 1: 0,53s@boss2,98m/oyuncu1,29m; kalıp sonu: merkeze 3,00 m, başlangıçtan 0,00 m, kalıp simülasyonundan 0,00 m"
4-12,"Akan Kalkan","Kılıç","basili_siper",1,1,1,1,1,1,1,1,1,1,1,"geri","geri",0.00,"",3.00,1.35,3.00,3.00,3.47,0.00,0.00,"","hasarsız skill (base_damage 0): etki hareketin kendisi; vuruş 3: 1,20s@boss5,17m/oyuncu2,38m 2,20s@boss5,41m/oyuncu2,38m 3,20s@boss5,66m/oyuncu2,38m; kalıp sonu: merkeze 3,61 m, başlangıçtan 0,80 m, kalıp simülasyonundan 0,00 m, kalıp hedefi AllyDummy"
5-10,"Aynalı Patlama","Kılıç","karsi_darbe",1,1,1,1,1,1,1,1,1,1,1,"ön","ön",180416.00,"boss:Burn",1.92,1.35,0.40,0.36,0.80,0.00,0.00,"0/3 kare koşu","vuruş 1: 0,67s@boss0,56m/oyuncu1,36m; kalıp sonu: merkeze 2,39 m, başlangıçtan 1,30 m, kalıp simülasyonundan 0,00 m, boss 0,69 m kaydı"
5-11,"Kopya Patlama","Kılıç","golge_yankisi",1,1,1,1,1,1,1,1,1,1,1,"ön","ön",127024.00,"boss:Burn",2.37,1.35,0.53,0.50,0.93,0.00,0.00,"0/3 kare koşu","vuruş 2: 0,47s@boss1,22m/oyuncu1,15m 0,80s@boss3,21m/oyuncu1,39m; kalıp sonu: merkeze 3,80 m, başlangıçtan 0,90 m, kalıp simülasyonundan 0,00 m, boss 1,70 m kaydı"
5-12,"Akan Patlama","Kılıç","patlayan_iz",1,1,1,1,1,1,1,1,1,1,1,"ön","ön",117140.00,"boss:Burn",2.99,1.35,3.00,3.00,3.40,0.00,0.00,"","vuruş 6: 0,80s@boss2,19m/oyuncu1,53m 1,33s@boss3,50m/oyuncu1,53m 1,80s@boss4,27m/oyuncu1,53m 2,33s@boss4,15m/oyuncu1,53m 2,80s@boss3,85m/oyuncu1,53m 3,33s@boss3,47m/oyuncu1,53m; kalıp sonu: merkeze 5,00 m, başlangıçtan 2,20 m, kalıp simülasyonundan 0,70 m, boss 4,20 m kaydı"
6-10,"Aynalı Bağ","Kılıç","karsi_darbe",1,1,1,1,1,1,1,1,1,1,1,"ön","ön",45992.00,"boss:Burn+Root, boss hız x0,00, boss ters kontrol",1.92,1.35,0.40,0.36,0.87,0.00,0.00,"0/3 kare koşu","vuruş 1: 0,73s@boss0,56m/oyuncu1,36m; kalıp sonu: merkeze 2,17 m, başlangıçtan 1,30 m, kalıp simülasyonundan 0,00 m, boss 0,47 m kaydı"
6-11,"Kopya Bağ","Kılıç","onden_arkadan",1,1,1,1,1,1,1,1,1,1,1,"ön","ön",61116.00,"boss:Burn+Root, boss hız x0,00",2.36,1.35,0.40,0.34,0.87,0.00,0.00,"0/3 kare koşu","vuruş 2: 0,53s@boss1,25m/oyuncu1,11m 0,67s@boss0,60m/oyuncu3,28m; kalıp sonu: merkeze 3,11 m, başlangıçtan 0,90 m, kalıp simülasyonundan 0,00 m, boss 1,01 m kaydı"
6-12,"Akan Bağ","Kılıç","cember_sarma",1,1,1,1,1,1,1,1,1,1,1,"arka","arka",30920.00,"boss:Root+Burn, boss hız x0,00",1.50,1.35,0.93,0.90,1.40,0.00,0.00,"0/11 kare koşu","vuruş 1: 1,27s@boss0,00m/oyuncu2,06m; kalıp sonu: merkeze 2,53 m, başlangıçtan 4,66 m, kalıp simülasyonundan 0,08 m, boss 0,42 m kaydı"
10-4,"Sabit Yansı","Kılıç","duvar_dikme",1,1,1,1,1,1,1,1,1,1,1,"yerinde","yerinde",6400.00,"boss:Burn",3.00,1.35,0.33,0.32,0.80,0.00,0.00,"","vuruş 1: 0,67s@boss0,62m/oyuncu2,38m; kalıp sonu: merkeze 3,00 m, başlangıçtan 0,00 m, kalıp simülasyonundan 0,00 m"
10-5,"Yayılan Yansı","Kılıç","yuruyen_balon",1,1,1,1,1,1,1,1,1,1,1,"ön","ön",48000.00,"boss:Burn",1.80,1.35,4.20,4.20,4.67,0.00,0.00,"","vuruş 5: 0,53s@boss3,00m/oyuncu0,00m 1,60s@boss2,70m/oyuncu0,00m 2,60s@boss2,40m/oyuncu0,00m 3,60s@boss2,10m/oyuncu0,00m 4,60s@boss1,80m/oyuncu0,00m; kalıp sonu: merkeze 1,80 m, başlangıçtan 1,20 m, kalıp simülasyonundan 0,00 m"
10-6,"Bağlayıcı Yansı","Kılıç","silaha_kement",1,1,1,1,1,1,1,1,1,1,1,"yerinde","yerinde",14400.00,"boss:Root+Slow+Burn, boss hız x0,00",3.00,1.35,1.00,0.94,1.47,0.00,0.00,"","vuruş 1: 0,60s@boss0,40m/oyuncu3,40m; kalıp sonu: merkeze 3,00 m, başlangıçtan 0,00 m, kalıp simülasyonundan 0,00 m"
11-4,"Sabit Çağrı","Kılıç","taret_dikme",1,1,1,1,1,1,1,1,1,1,1,"ön","ön",35572.00,"boss:Burn",2.35,1.35,0.60,0.54,1.07,0.00,0.00,"0/2 kare koşu","vuruş 2: 0,67s@boss2,39m/oyuncu0,00m 0,93s@boss0,28m/oyuncu2,70m; kalıp sonu: merkeze 2,44 m, başlangıçtan 0,65 m, kalıp simülasyonundan 0,00 m"
11-5,"Yayılan Çağrı","Kılıç","dagilan_suru",1,1,1,1,1,1,1,1,1,1,1,"yerinde","yerinde",95140.00,"boss:Burn",3.00,1.35,0.47,0.42,0.93,0.00,0.00,"","vuruş 3: 0,53s@boss0,35m/oyuncu3,02m 0,67s@boss0,00m/oyuncu3,04m 0,80s@boss0,35m/oyuncu3,09m; kalıp sonu: merkeze 3,08 m, başlangıçtan 0,00 m, kalıp simülasyonundan 0,00 m"
11-6,"Bağlayıcı Çağrı","Kılıç","muhafiz",1,1,1,1,1,1,1,1,1,1,1,"ön","ön",171416.00,"boss:Burn+Root+Slow, boss hız x0,00",2.35,1.35,0.67,0.64,1.13,0.00,0.00,"0/2 kare koşu","vuruş 1: 0,67s@boss2,34m/oyuncu1,20m; kalıp sonu: merkeze 2,44 m, başlangıçtan 0,65 m, kalıp simülasyonundan 0,00 m"
12-4,"Sabit Zaman","Kılıç","totem_dikme",1,1,1,1,1,1,1,1,1,1,1,"yerinde","yerinde",118084.00,"boss:Burn+Slow+Stun, boss hız x0,00",2.87,1.35,0.33,0.30,0.80,0.00,0.00,"","vuruş 1: 0,67s@boss2,87m/oyuncu0,00m; kalıp sonu: merkeze 3,32 m, başlangıçtan 0,15 m, kalıp simülasyonundan 0,00 m, boss 0,47 m kaydı"
12-5,"Yayılan Zaman","Kılıç","genisleyen_halka",1,1,1,1,1,1,1,1,1,1,1,"yerinde","yerinde",56904.00,"boss:Burn+Slow, boss hız x0,70",3.02,1.35,0.60,0.58,1.07,0.00,0.00,"","vuruş 1: 0,87s@boss3,12m/oyuncu0,00m; kalıp sonu: merkeze 3,76 m, başlangıçtan 0,00 m, kalıp simülasyonundan 0,00 m, boss 0,76 m kaydı"
12-6,"Bağlayıcı Zaman","Kılıç","iki_uclu",1,1,1,1,1,1,1,1,1,1,1,"yerinde","yerinde",11200.00,"boss:Burn, oyuncu:Haste, oyuncu hız x1,30",3.02,1.35,0.67,0.65,1.13,0.00,0.00,"","vuruş 1: 0,60s@boss0,28m/oyuncu3,36m; kalıp sonu: merkeze 4,21 m, başlangıçtan 0,00 m, kalıp simülasyonundan 0,00 m, boss 1,21 m kaydı"
7-7,"Bulandırıcı Zafiyet","Kılıç","sis_bombasi",1,1,1,1,1,1,1,1,1,1,1,"yerinde","yerinde",22756.00,"boss:Blind+Burn",3.00,1.35,0.27,0.22,0.73,0.00,0.00,"","vuruş 1: 0,60s@boss0,35m/oyuncu3,36m; kalıp sonu: merkeze 3,48 m, başlangıçtan 0,00 m, kalıp simülasyonundan 0,00 m, boss 0,48 m kaydı"
7-8,"Yükselen Zafiyet","Kılıç","yerden_fiskirma",1,1,1,1,1,1,1,1,1,1,1,"ön","ön",24788.00,"boss:Burn+Stun, boss hız x0,00",2.60,1.35,0.47,0.44,0.93,0.00,0.00,"","vuruş 1: 0,73s@boss0,00m/oyuncu2,75m; kalıp sonu: merkeze 2,60 m, başlangıçtan 0,40 m, kalıp simülasyonundan 0,00 m"
7-9,"Odaklı Zafiyet","Kılıç","isaret_patlamasi",1,1,1,1,1,1,1,1,1,1,1,"yerinde","yerinde",53700.00,"boss:Burn",3.04,1.35,1.93,1.92,2.40,0.00,0.00,"","vuruş 1: 2,27s@boss0,00m/oyuncu3,20m; kalıp sonu: merkeze 3,20 m, başlangıçtan 0,00 m, kalıp simülasyonundan 0,00 m, boss 0,20 m kaydı"
7-10,"Aynalı Zafiyet","Kılıç","onden_arkadan",1,1,1,1,1,1,1,1,1,1,1,"ön","ön",30092.00,"boss:Burn",2.41,1.35,0.40,0.34,0.87,0.00,0.00,"0/3 kare koşu","vuruş 2: 0,53s@boss1,31m/oyuncu1,11m 0,67s@boss0,60m/oyuncu3,34m; kalıp sonu: merkeze 3,17 m, başlangıçtan 0,90 m, kalıp simülasyonundan 0,00 m, boss 1,07 m kaydı"
7-11,"Kopya Zafiyet","Kılıç","golge_yankisi",1,1,1,1,1,1,1,1,1,1,1,"ön","ön",32460.00,"boss:Burn",2.32,1.35,0.53,0.50,1.00,0.00,0.00,"0/3 kare koşu","vuruş 2: 0,53s@boss1,17m/oyuncu1,15m 0,87s@boss2,77m/oyuncu1,39m; kalıp sonu: merkeze 3,23 m, başlangıçtan 0,90 m, kalıp simülasyonundan 0,00 m, boss 1,13 m kaydı"
7-12,"Akan Zafiyet","Kılıç","basili_isik",1,1,1,1,1,1,1,1,1,1,1,"ön","ön",53704.00,"boss:Burn",2.93,1.35,3.00,3.00,3.47,0.00,0.00,"","vuruş 6: 0,67s@boss0,21m/oyuncu2,72m 1,20s@boss1,11m/oyuncu2,72m 1,67s@boss1,11m/oyuncu2,72m 2,20s@boss0,94m/oyuncu2,72m 2,67s@boss0,77m/oyuncu2,72m 3,20s@boss0,55m/oyuncu2,72m; kalıp sonu: merkeze 3,19 m, başlangıçtan 1,20 m, kalıp simülasyonundan 0,00 m, boss 1,39 m kaydı"
8-7,"Bulandırıcı Yükseliş","Kılıç","goz_bagi",1,1,1,1,1,1,1,1,1,1,1,"yerinde","yerinde",0.00,"",3.00,1.35,0.20,0.20,0.67,0.00,0.00,"","hasarsız skill (base_damage 0): etki hareketin kendisi; vuruş 1: 0,60s@boss0,28m/oyuncu3,28m; kalıp sonu: merkeze 3,00 m, başlangıçtan 0,00 m, kalıp simülasyonundan 0,00 m"
8-8,"Yükselen Yükseliş","Kılıç","buyuten_kemer",1,1,1,1,1,1,1,1,1,1,1,"yerinde","yerinde",0.00,"",3.00,1.35,0.47,0.42,0.93,0.00,0.00,"","hasarsız skill (base_damage 0): etki hareketin kendisi; vuruş 1: 0,73s@boss5,04m/oyuncu2,21m; kalıp sonu: merkeze 3,22 m, başlangıçtan 0,30 m, kalıp simülasyonundan 0,00 m, kalıp hedefi AllyDummy"
8-9,"Odaklı Yükseliş","Kılıç","gudumlu_top",1,1,1,1,1,1,1,1,1,1,1,"yerinde","yerinde",0.00,"",3.00,1.35,0.60,0.56,1.07,0.00,0.00,"","hasarsız skill (base_damage 0): etki hareketin kendisi; vuruş 1: 0,93s@boss6,98m/oyuncu4,53m; kalıp sonu: merkeze 3,00 m, başlangıçtan 0,00 m, kalıp simülasyonundan 0,00 m, kalıp hedefi AllyDummy"
8-10,"Aynalı Yükseliş","Kılıç","ters_es",1,1,1,1,1,1,1,1,1,1,1,"yerinde","yerinde",0.00,"boss:Weaken",3.00,1.35,0.47,0.44,0.93,0.00,0.00,"","vuruş 2: 0,60s@boss2,60m/oyuncu0,40m 0,80s@boss0,00m/oyuncu3,00m; kalıp sonu: merkeze 3,00 m, başlangıçtan 0,00 m, kalıp simülasyonundan 0,00 m"
8-11,"Kopya Yükseliş","Kılıç","golge_ulak",1,1,1,1,1,1,1,1,1,1,1,"yan","yan",0.00,"",2.43,1.35,1.40,1.36,1.87,0.00,0.00,"0/3 kare koşu","hasarsız skill (base_damage 0): etki hareketin kendisi; vuruş 2: 0,53s@boss3,26m/oyuncu0,35m 1,73s@boss3,05m/oyuncu1,46m; kalıp sonu: merkeze 2,43 m, başlangıçtan 1,41 m, kalıp simülasyonundan 0,00 m, kalıp hedefi AllyDummy"
8-12,"Akan Yükseliş","Kılıç","akinti_yolu",1,1,1,1,1,1,1,1,1,1,1,"geri","geri",0.00,"",3.00,1.35,1.00,0.94,1.47,0.00,0.00,"0/10 kare koşu","hasarsız skill (base_damage 0): etki hareketin kendisi; vuruş 1: 1,27s@boss6,27m/oyuncu2,38m; kalıp sonu: merkeze 4,11 m, başlangıçtan 1,40 m, kalıp simülasyonundan 0,00 m, kalıp hedefi AllyDummy"
9-7,"Bulandırıcı Arınma","Kılıç","sis_ortusu",1,1,1,1,1,1,1,1,1,1,1,"yerinde","yerinde",0.00,"oyuncu:Stealth, oyuncu +32000 can, mermi sil 0 yut 0 dön 0 perde 5 bağ 0",3.00,1.35,0.33,0.30,0.73,0.00,0.00,"","vuruş 1: 0,53s@boss0,00m/oyuncu3,00m; kalıp sonu: merkeze 3,00 m, başlangıçtan 0,00 m, kalıp simülasyonundan 0,00 m"
9-8,"Yükselen Arınma","Kılıç","isik_sutunu",1,1,1,1,1,1,1,1,1,1,1,"yerinde","yerinde",0.00,"oyuncu +32000 can, mermi sil 5 yut 0 dön 0 perde 0 bağ 0",3.00,1.35,0.53,0.48,0.93,0.00,0.00,"","vuruş 1: 0,73s@boss3,06m/oyuncu0,00m; kalıp sonu: merkeze 3,07 m, başlangıçtan 0,10 m, kalıp simülasyonundan 0,00 m, kalıp hedefi AllyDummy"
9-9,"Odaklı Arınma","Kılıç","mermi_sondur",1,1,1,1,1,1,1,1,1,1,1,"yerinde","yerinde",0.00,"oyuncu +32000 can, mermi sil 1 yut 0 dön 0 perde 0 bağ 0",3.00,1.35,0.40,0.38,0.80,0.00,0.00,"","vuruş 1: 0,67s@boss6,98m/oyuncu4,53m; kalıp sonu: merkeze 3,00 m, başlangıçtan 0,00 m, kalıp simülasyonundan 0,00 m, kalıp hedefi AllyDummy"
9-10,"Aynalı Arınma","Kılıç","yer_degistir",1,1,1,1,1,1,1,1,1,1,1,"arka","arka",40.00,"oyuncu +32000 can, mermi sil 0 yut 0 dön 5 perde 0 bağ 0",1.50,1.35,0.40,0.34,0.80,0.00,0.00,"0/1 kare koşu","vuruş 1: 0,67s@boss0,31m/oyuncu1,19m; kalıp sonu: merkeze 1,50 m, başlangıçtan 4,50 m, kalıp simülasyonundan 0,00 m, ışın 8,34 m konumdan çıkarıldı; tek karede 8,34 m sıçrama (sınır 2,47 m @ 67 ms, t=0,80, ışın tasarım gereği)"
9-11,"Kopya Arınma","Kılıç","yem_kopya",1,1,1,1,1,1,1,1,1,1,1,"yerinde","yerinde",0.00,"oyuncu +32000 can, dost +32000 can, yem boss aggro, mermi sil 5 yut 0 dön 0 perde 0 bağ 0",3.00,1.35,0.27,0.24,0.67,0.00,0.00,"","vuruş 1: 0,47s@boss2,98m/oyuncu1,29m; kalıp sonu: merkeze 3,00 m, başlangıçtan 0,00 m, kalıp simülasyonundan 0,00 m"
9-12,"Akan Arınma","Kılıç","nabiz",1,1,1,1,1,1,1,1,1,1,1,"yerinde","yerinde",0.00,"oyuncu +24000 can, dost +12000 can, mermi sil 4 yut 0 dön 0 perde 0 bağ 0",3.00,1.35,3.20,3.18,3.60,0.00,0.00,"","vuruş 3: 1,53s@boss3,00m/oyuncu0,00m 2,53s@boss3,00m/oyuncu0,00m 3,53s@boss3,00m/oyuncu0,00m; kalıp sonu: merkeze 3,00 m, başlangıçtan 0,00 m, kalıp simülasyonundan 0,00 m"
10-7,"Bulandırıcı Yansı","Kılıç","sahte_goruntu",1,1,1,1,1,1,1,1,1,1,1,"geri","geri",9600.00,"boss:Blind+Burn, oyuncu:Stealth, yem boss aggro",3.00,1.35,0.47,0.44,0.93,0.00,0.00,"0/3 kare koşu","vuruş 3: 0,53s@boss3,06m/oyuncu1,37m 0,67s@boss3,06m/oyuncu1,37m 0,80s@boss3,68m/oyuncu0,00m; kalıp sonu: merkeze 3,90 m, başlangıçtan 0,90 m, kalıp simülasyonundan 0,00 m"
10-8,"Yükselen Yansı","Kılıç","yerden_buyuyen",1,1,1,1,1,1,1,1,1,1,1,"yerinde","yerinde",4800.00,"boss:Burn",2.75,1.35,0.47,0.42,0.93,0.00,0.00,"","vuruş 1: 0,73s@boss0,00m/oyuncu2,80m; kalıp sonu: merkeze 2,75 m, başlangıçtan 0,25 m, kalıp simülasyonundan 0,00 m"
10-9,"Odaklı Yansı","Kılıç","koruyucu_isaret",1,1,1,1,1,1,1,1,1,1,1,"ön","ön",0.00,"",2.10,1.35,0.33,0.32,0.80,0.00,0.00,"0/3 kare koşu","hasarsız skill (base_damage 0): etki hareketin kendisi; vuruş 1: 0,67s@boss1,96m/oyuncu0,35m; kalıp sonu: merkeze 2,10 m, başlangıçtan 0,90 m, kalıp simülasyonundan 0,00 m"
11-7,"Bulandırıcı Çağrı","Kılıç","sirt_saplama",1,1,1,1,1,1,1,1,1,1,1,"yerinde","yerinde",34772.00,"boss:Blind+Burn",2.85,1.35,0.47,0.44,0.93,0.00,0.00,"","vuruş 1: 0,80s@boss0,00m/oyuncu2,91m; kalıp sonu: merkeze 2,93 m, başlangıçtan 0,15 m, kalıp simülasyonundan 0,00 m"
11-8,"Yükselen Çağrı","Kılıç","dostu_yerden",1,1,1,1,1,1,1,1,1,1,1,"yan","yan",35784.00,"boss:Burn",2.47,1.35,0.93,0.90,1.40,0.00,0.00,"0/10 kare koşu","vuruş 1: 1,20s@boss2,37m/oyuncu0,95m; kalıp sonu: merkeze 2,52 m, başlangıçtan 1,11 m, kalıp simülasyonundan 0,00 m"
11-9,"Odaklı Çağrı","Kılıç","pesinden_av",1,1,1,1,1,1,1,1,1,1,1,"ön","ön",260824.00,"boss:Burn",1.92,1.35,2.47,2.46,2.93,0.00,0.00,"0/2 kare koşu","vuruş 1: 2,80s@boss0,00m/oyuncu2,01m; kalıp sonu: merkeze 2,01 m, başlangıçtan 1,10 m, kalıp simülasyonundan 0,00 m, boss 0,11 m kaydı"
12-7,"Bulandırıcı Zaman","Kılıç","kum_saati",1,1,1,1,1,1,1,1,1,1,1,"yerinde","yerinde",125000.00,"boss:Blind+Burn+Slow, boss hız x0,70",3.00,1.35,0.67,0.62,1.13,0.00,0.00,"","vuruş 1: 0,60s@boss0,28m/oyuncu3,28m; kalıp sonu: merkeze 4,11 m, başlangıçtan 0,00 m, kalıp simülasyonundan 0,00 m, boss 1,11 m kaydı"
12-8,"Yükselen Zaman","Kılıç","isik_sutunu",1,1,1,1,1,1,1,1,1,1,1,"yerinde","yerinde",4800.00,"boss:Burn, oyuncu:Haste, oyuncu hız x1,50",2.90,1.35,0.53,0.48,1.00,0.00,0.00,"","vuruş 1: 0,80s@boss2,92m/oyuncu0,00m; kalıp sonu: merkeze 2,90 m, başlangıçtan 0,10 m, kalıp simülasyonundan 0,00 m"
12-9,"Odaklı Zaman","Kılıç","isaret_patlamasi",1,1,1,1,1,1,1,1,1,1,1,"yerinde","yerinde",4800.00,"boss:Burn+Slow, boss hız x0,70",3.00,1.35,1.93,1.92,2.40,0.00,0.00,"","vuruş 1: 2,27s@boss0,00m/oyuncu3,00m; kalıp sonu: merkeze 3,00 m, başlangıçtan 0,00 m, kalıp simülasyonundan 0,00 m"
1-1,"Yoğun Vuruş","Küre","yukle_birak",1,1,1,1,1,1,1,1,1,1,1,"ön","ön",183032.00,"boss:Burn",1.76,1.35,0.53,0.52,1.00,0.00,0.00,"0/3 kare koşu","vuruş 1: 0,87s@boss0,42m/oyuncu1,53m; kalıp sonu: merkeze 1,96 m, başlangıçtan 1,70 m, kalıp simülasyonundan 0,20 m, boss 0,66 m kaydı; toparlanma 0,43 sn (tablo 0,26)"
1-2,"Emici Vuruş","Küre","kan_ceken_pence",1,1,1,1,1,1,1,1,1,1,1,"yerinde","yerinde",134856.00,"boss:Burn, oyuncu +59417 can, mermi sil 0 yut 3 dön 0 perde 0 bağ 0",1.34,1.35,0.40,0.38,0.87,0.00,0.00,"","vuruş 3: 0,53s@boss1,79m/oyuncu1,02m 0,67s@boss1,20m/oyuncu1,02m 0,80s@boss0,62m/oyuncu1,02m; kalıp sonu: merkeze 1,34 m, başlangıçtan 0,00 m, kalıp simülasyonundan 0,00 m, boss 1,66 m kaydı; toparlanma 0,43 sn (tablo 0,26)"
1-3,"Sıçrayan Vuruş","Küre","yan_yan_sekme",1,1,1,1,1,1,1,1,1,1,1,"geri","geri",208664.00,"boss:Burn",2.85,1.35,0.47,0.46,0.93,0.00,0.00,"0/7 kare koşu","vuruş 2: 0,53s@boss0,74m/oyuncu3,52m 0,87s@boss0,74m/oyuncu4,98m; kalıp sonu: merkeze 4,39 m, başlangıçtan 1,30 m, kalıp simülasyonundan 0,12 m, boss 0,98 m kaydı; toparlanma 0,43 sn (tablo 0,26)"
1-4,"Sabit Vuruş","Küre","yere_cakilan",1,1,1,1,1,1,1,1,1,1,1,"yerinde","yerinde",137240.00,"boss:Burn",2.86,1.35,0.47,0.42,0.93,0.00,0.00,"","vuruş 1: 0,80s@boss2,86m/oyuncu0,00m; kalıp sonu: merkeze 3,32 m, başlangıçtan 0,20 m, kalıp simülasyonundan 0,00 m, boss 0,52 m kaydı; toparlanma 0,43 sn (tablo 0,26)"
1-5,"Yayılan Vuruş","Küre","donen_kesik",1,1,1,1,1,1,1,1,1,1,1,"yerinde","yerinde",120812.00,"boss:Burn",3.00,1.35,0.60,0.55,1.07,0.00,0.00,"","vuruş 1: 0,67s@boss3,00m/oyuncu0,00m; kalıp sonu: merkeze 3,97 m, başlangıçtan 0,00 m, kalıp simülasyonundan 0,00 m, boss 0,97 m kaydı; toparlanma 0,43 sn (tablo 0,26)"
1-6,"Bağlayıcı Vuruş","Küre","zincirli_firlatma",1,1,1,1,1,1,1,1,1,1,1,"ön","ön",188616.00,"boss:Root+Slow+Burn, boss hız x0,00",2.66,1.35,0.73,0.70,1.20,0.00,0.00,"0/4 kare koşu","vuruş 2: 0,60s@boss0,45m/oyuncu3,50m 1,07s@boss1,57m/oyuncu1,28m; kalıp sonu: merkeze 2,71 m, başlangıçtan 1,50 m, kalıp simülasyonundan 0,00 m, boss 1,21 m kaydı; toparlanma 0,43 sn (tablo 0,26)"
2-1,"Yoğun Şifa","Küre","tek_dokunus",1,1,1,1,1,1,1,1,1,1,1,"geri","geri",0.00,"oyuncu +112000 can",3.00,1.35,0.20,0.16,0.67,0.00,0.00,"0/2 kare koşu","vuruş 1: 0,53s@boss3,90m/oyuncu0,68m; kalıp sonu: merkeze 3,42 m, başlangıçtan 0,55 m, kalıp simülasyonundan 0,00 m, kalıp hedefi AllyDummy; toparlanma 0,43 sn (tablo 0,26)"
2-2,"Emici Şifa","Küre","uzaktan_emme",1,1,1,1,1,1,1,1,1,1,1,"yerinde","yerinde",53200.00,"oyuncu +112801 can, dost +28000 can, mermi sil 0 yut 4 dön 0 perde 0 bağ 0",2.65,1.35,2.20,2.16,2.67,0.00,0.00,"","vuruş 4: 1,07s@boss0,19m/oyuncu2,72m 1,60s@boss0,10m/oyuncu2,72m 2,07s@boss0,02m/oyuncu2,72m 2,60s@boss0,07m/oyuncu2,72m; kalıp sonu: merkeze 2,65 m, başlangıçtan 0,35 m, kalıp simülasyonundan 0,00 m; toparlanma 0,43 sn (tablo 0,26)"
2-3,"Sıçrayan Şifa","Küre","dosttan_dosta",1,1,1,1,1,1,1,1,1,1,1,"yerinde","yerinde",0.00,"oyuncu +132000 can, dost +36000 can",3.00,1.35,0.60,0.54,1.07,0.00,0.00,"","vuruş 3: 0,60s@boss6,43m/oyuncu3,95m 0,67s@boss6,98m/oyuncu4,53m 0,87s@boss6,88m/oyuncu4,54m; kalıp sonu: merkeze 3,00 m, başlangıçtan 0,00 m, kalıp simülasyonundan 0,00 m, kalıp hedefi AllyDummy; toparlanma 0,43 sn (tablo 0,26)"
2-4,"Sabit Şifa","Küre","totem_dikme",1,1,1,1,1,1,1,1,1,1,1,"yerinde","yerinde",0.00,"oyuncu +112000 can, dost +36000 can",3.00,1.35,0.33,0.30,0.80,0.00,0.00,"","vuruş 1: 0,67s@boss3,10m/oyuncu0,00m; kalıp sonu: merkeze 3,11 m, başlangıçtan 0,15 m, kalıp simülasyonundan 0,00 m, kalıp hedefi AllyDummy; toparlanma 0,43 sn (tablo 0,26)"
2-5,"Yayılan Şifa","Küre","genisleyen_halka",1,1,1,1,1,1,1,1,1,1,1,"yerinde","yerinde",0.00,"oyuncu +112000 can, dost +112000 can",3.00,1.35,0.60,0.58,1.07,0.00,0.00,"","vuruş 1: 0,87s@boss3,00m/oyuncu0,00m; kalıp sonu: merkeze 3,00 m, başlangıçtan 0,00 m, kalıp simülasyonundan 0,00 m; toparlanma 0,43 sn (tablo 0,26)"
2-6,"Bağlayıcı Şifa","Küre","dostu_kanca",1,1,1,1,1,1,1,1,1,1,1,"geri","geri",0.00,"oyuncu +112000 can",3.00,1.35,0.53,0.52,1.00,0.00,0.00,"0/6 kare koşu","vuruş 1: 0,87s@boss5,79m/oyuncu0,40m; kalıp sonu: merkeze 5,92 m, başlangıçtan 3,40 m, kalıp simülasyonundan 0,00 m, kalıp hedefi AllyDummy; toparlanma 0,43 sn (tablo 0,26)"
3-1,"Yoğun Adım","Küre","kisa_dash",1,1,1,1,1,1,1,1,1,1,1,"ön","ön",8000.00,"boss:Burn",1.50,1.35,0.20,0.16,0.60,0.00,0.00,"0/3 kare koşu","kalıp sonu: merkeze 1,50 m, başlangıçtan 1,50 m, kalıp simülasyonundan 0,00 m"
3-2,"Emici Adım","Küre","icinden_emme",1,1,1,1,1,1,1,1,1,1,1,"arka","arka",8000.00,"boss:Burn, oyuncu +28801 can, mermi sil 0 yut 4 dön 0 perde 0 bağ 0",0.17,1.35,0.33,0.28,0.73,0.00,0.00,"0/5 kare koşu","vuruş 1: 0,53s@boss0,24m/oyuncu1,36m; kalıp sonu: merkeze 2,61 m, başlangıçtan 5,27 m, kalıp simülasyonundan 0,38 m, boss 0,34 m kaydı; gövdeye girdi: merkeze 0,17 m (t=0,47, temas 1,35) geçiş tasarım gereği"
3-3,"Sıçrayan Adım","Küre","sekmeli_ziplama",1,1,1,1,1,1,1,1,1,1,1,"arka","arka",8800.00,"boss:Burn",1.50,1.35,0.40,0.40,0.80,0.00,0.00,"0/6 kare koşu","vuruş 2: 0,53s@boss1,79m/oyuncu0,00m 0,73s@boss1,50m/oyuncu0,00m; kalıp sonu: merkeze 1,50 m, başlangıçtan 4,50 m, kalıp simülasyonundan 0,00 m"
3-4,"Sabit Adım","Küre","geri_sarma",1,1,1,1,1,1,1,1,1,1,1,"başlangıç","başlangıç",37600.00,"boss:Burn",1.50,1.35,2.67,2.66,3.07,0.00,0.00,"0/9 kare koşu","kalıp sonu: merkeze 3,00 m, başlangıçtan 0,00 m, kalıp simülasyonundan 0,00 m"
3-5,"Yayılan Adım","Küre","dalis_patlamasi",1,1,1,1,1,1,1,1,1,1,1,"ön","ön",8000.00,"boss:Burn",1.50,1.35,0.47,0.42,0.87,0.00,0.00,"0/4 kare koşu","vuruş 1: 0,67s@boss1,50m/oyuncu0,00m; kalıp sonu: merkeze 2,45 m, başlangıçtan 1,50 m, kalıp simülasyonundan 0,00 m, boss 0,95 m kaydı"
3-6,"Bağlayıcı Adım","Küre","kanca_cekis",1,1,1,1,1,1,1,1,1,1,1,"arka","arka",7200.00,"boss:Root+Slow+Burn, boss hız x0,00",1.50,1.35,0.80,0.74,1.20,0.00,0.00,"0/10 kare koşu","vuruş 1: 1,00s@boss0,00m/oyuncu1,50m; kalıp sonu: merkeze 1,50 m, başlangıçtan 4,62 m, kalıp simülasyonundan 0,12 m, boss 0,12 m kaydı"
4-1,"Yoğun Kalkan","Küre","tam_zamanli",1,1,1,1,1,1,1,1,1,1,1,"yerinde","yerinde",0.00,"",3.00,1.35,0.53,0.50,0.93,0.00,0.00,"","hasarsız skill (base_damage 0): etki hareketin kendisi; vuruş 1: 0,73s@boss0,62m/oyuncu2,38m; kalıp sonu: merkeze 3,00 m, başlangıçtan 0,00 m, kalıp simülasyonundan 0,00 m"
4-2,"Emici Kalkan","Küre","kalkan_calma",1,1,1,1,1,1,1,1,1,1,1,"yerinde","yerinde",95000.00,"oyuncu +21602 can, mermi sil 0 yut 3 dön 0 perde 0 bağ 0",3.00,1.35,0.20,0.20,0.60,0.00,0.00,"","vuruş 1: 0,47s@boss1,73m/oyuncu1,28m; kalıp sonu: merkeze 3,00 m, başlangıçtan 0,00 m, kalıp simülasyonundan 0,00 m"
4-3,"Sıçrayan Kalkan","Küre","seken_disk",1,1,1,1,1,1,1,1,1,1,1,"yerinde","yerinde",0.00,"oyuncu:Shield, kalkan 25",3.00,1.35,0.47,0.42,0.87,0.00,0.00,"","vuruş 2: 0,53s@boss0,30m/oyuncu3,30m 0,67s@boss3,04m/oyuncu1,43m; kalıp sonu: merkeze 3,00 m, başlangıçtan 0,00 m, kalıp simülasyonundan 0,00 m"
5-1,"Yoğun Patlama","Küre","saplanan_fitil",1,1,1,1,1,1,1,1,1,1,1,"geri","geri",129244.00,"boss:Burn",2.38,1.35,1.67,1.62,2.13,0.00,0.00,"0/6 kare koşu","vuruş 2: 0,53s@boss0,85m/oyuncu1,53m 2,07s@boss0,85m/oyuncu2,95m; kalıp sonu: merkeze 4,29 m, başlangıçtan 0,80 m, kalıp simülasyonundan 0,00 m, boss 0,49 m kaydı; toparlanma 0,43 sn (tablo 0,26)"
5-2,"Emici Patlama","Küre","ceken_girdap",1,1,1,1,1,1,1,1,1,1,1,"yerinde","yerinde",101044.00,"boss:Burn, oyuncu +48073 can, mermi sil 0 yut 3 dön 0 perde 0 bağ 0",1.33,1.35,1.33,1.32,1.80,0.00,0.00,"","vuruş 3: 1,13s@boss0,00m/oyuncu1,34m 1,60s@boss0,00m/oyuncu1,35m 1,67s@boss0,00m/oyuncu1,35m; kalıp sonu: merkeze 1,35 m, başlangıçtan 0,00 m, kalıp simülasyonundan 0,00 m, boss 1,65 m kaydı; toparlanma 0,43 sn (tablo 0,26)"
5-3,"Sıçrayan Patlama","Küre","seken_bomba",1,1,1,1,1,1,1,1,1,1,1,"yerinde","yerinde",149212.00,"boss:Burn",3.00,1.35,0.60,0.58,1.07,0.00,0.00,"","vuruş 3: 0,60s@boss0,40m/oyuncu3,40m 0,73s@boss0,00m/oyuncu3,69m 0,93s@boss0,35m/oyuncu4,33m; kalıp sonu: merkeze 4,55 m, başlangıçtan 0,00 m, kalıp simülasyonundan 0,00 m, boss 1,55 m kaydı; toparlanma 0,43 sn (tablo 0,26)"
6-1,"Yoğun Bağ","Küre","sinir_noktasi",1,1,1,1,1,1,1,1,1,1,1,"ön","ön",40928.00,"boss:Burn+Stun, boss hız x0,00",1.50,1.35,0.40,0.34,0.87,0.00,0.00,"0/5 kare koşu","vuruş 1: 0,73s@boss0,91m/oyuncu0,60m; kalıp sonu: merkeze 1,71 m, başlangıçtan 1,82 m, kalıp simülasyonundan 0,32 m, boss 0,53 m kaydı; toparlanma 0,43 sn (tablo 0,26)"
6-2,"Emici Bağ","Küre","bossu_cek",1,1,1,1,1,1,1,1,1,1,1,"geri","geri",32060.00,"boss:Burn+Root, boss hız x0,00, oyuncu +36259 can, mermi sil 0 yut 4 dön 0 perde 0 bağ 0",1.35,1.35,0.47,0.44,0.93,0.00,0.00,"0/5 kare koşu","vuruş 1: 0,73s@boss1,57m/oyuncu1,36m; kalıp sonu: merkeze 2,64 m, başlangıçtan 1,60 m, kalıp simülasyonundan 0,00 m, boss 1,96 m kaydı; toparlanma 0,43 sn (tablo 0,26)"
6-3,"Sıçrayan Bağ","Küre","basip_sekme",1,1,1,1,1,1,1,1,1,1,1,"başlangıç","başlangıç",47932.00,"boss:Burn+Root, boss hız x0,00",1.67,1.35,0.53,0.52,1.00,0.00,0.00,"0/7 kare koşu","vuruş 1: 0,73s@boss1,50m/oyuncu0,26m; kalıp sonu: merkeze 3,97 m, başlangıçtan 0,20 m, kalıp simülasyonundan 0,00 m, boss 0,78 m kaydı; toparlanma 0,43 sn (tablo 0,26)"
1-7,"Bulandırıcı Vuruş","Küre","dumandan_cikis",1,1,1,1,1,1,1,1,1,1,1,"ön","ön",138040.00,"boss:Blind+Burn",1.65,1.35,0.53,0.48,1.00,0.00,0.00,"0/4 kare koşu","vuruş 1: 0,80s@boss0,77m/oyuncu1,36m; kalıp sonu: merkeze 1,92 m, başlangıçtan 1,80 m, kalıp simülasyonundan 0,30 m, boss 0,72 m kaydı; toparlanma 0,43 sn (tablo 0,26)"
1-8,"Yükselen Vuruş","Küre","havaya_kaldirma",1,1,1,1,1,1,1,1,1,1,1,"ön","ön",148724.00,"boss:Burn+Stun, boss hız x0,00",1.90,1.35,0.40,0.34,0.87,0.00,0.00,"0/5 kare koşu","vuruş 1: 0,60s@boss1,08m/oyuncu1,28m; kalıp sonu: merkeze 1,90 m, başlangıçtan 1,10 m, kalıp simülasyonundan 0,00 m; toparlanma 0,43 sn (tablo 0,26)"
1-9,"Odaklı Vuruş","Küre","isarete_vur",1,1,1,1,1,1,1,1,1,1,1,"ön","ön",337420.00,"boss:Burn",2.09,1.35,0.40,0.38,0.87,0.00,0.00,"0/3 kare koşu","vuruş 1: 0,73s@boss0,95m/oyuncu1,28m; kalıp sonu: merkeze 2,30 m, başlangıçtan 1,35 m, kalıp simülasyonundan 0,00 m, boss 0,65 m kaydı; toparlanma 0,43 sn (tablo 0,26)"
2-7,"Bulandırıcı Şifa","Küre","sis_ortusu",1,1,1,1,1,1,1,1,1,1,1,"yerinde","yerinde",0.00,"oyuncu +112000 can, dost +36000 can",3.03,1.35,0.33,0.30,0.80,0.00,0.00,"","vuruş 1: 0,60s@boss0,00m/oyuncu3,11m; kalıp sonu: merkeze 3,12 m, başlangıçtan 0,00 m, kalıp simülasyonundan 0,00 m, boss 0,12 m kaydı; toparlanma 0,43 sn (tablo 0,26)"
2-8,"Yükselen Şifa","Küre","yerden_buyuyen",1,1,1,1,1,1,1,1,1,1,1,"yerinde","yerinde",0.00,"oyuncu +112000 can, dost +80000 can",3.00,1.35,0.47,0.42,0.93,0.00,0.00,"","vuruş 1: 0,73s@boss6,98m/oyuncu4,33m; kalıp sonu: merkeze 3,18 m, başlangıçtan 0,25 m, kalıp simülasyonundan 0,00 m, kalıp hedefi AllyDummy; toparlanma 0,43 sn (tablo 0,26)"
2-9,"Odaklı Şifa","Küre","koruyucu_isaret",1,1,1,1,1,1,1,1,1,1,1,"geri","geri",0.00,"dost +128000 can",3.00,1.35,0.20,0.20,0.67,0.00,0.00,"0/3 kare koşu","vuruş 1: 0,60s@boss3,90m/oyuncu0,35m; kalıp sonu: merkeze 3,61 m, başlangıçtan 0,80 m, kalıp simülasyonundan 0,00 m, kalıp hedefi AllyDummy; toparlanma 0,43 sn (tablo 0,26)"
3-7,"Bulandırıcı Adım","Küre","duman_kaybolma",1,1,1,1,1,1,1,1,1,1,1,"ön","ön",11200.00,"boss:Blind+Burn, oyuncu:Stealth",1.50,1.35,0.60,0.59,1.00,0.00,0.00,"0/4 kare koşu","vuruş 1: 0,53s@boss1,75m/oyuncu0,00m; kalıp sonu: merkeze 1,50 m, başlangıçtan 1,50 m, kalıp simülasyonundan 0,00 m"
3-8,"Yükselen Adım","Küre","sicrayip_cakilma",1,1,1,1,1,1,1,1,1,1,1,"ön","ön",8800.00,"boss:Burn, oyuncu:Haste, oyuncu hız x1,10",1.50,1.35,0.87,0.82,1.27,0.00,0.00,"0/5 kare koşu","vuruş 1: 1,13s@boss1,50m/oyuncu0,00m; kalıp sonu: merkeze 1,50 m, başlangıçtan 1,50 m, kalıp simülasyonundan 0,00 m"
3-9,"Odaklı Adım","Küre","kilitli_adim",1,1,1,1,1,1,1,1,1,1,1,"arka","arka",7200.00,"boss:Burn",1.50,1.35,0.53,0.48,0.93,0.00,0.00,"0/1 kare koşu","vuruş 1: 0,80s@boss0,00m/oyuncu1,50m; kalıp sonu: merkeze 1,50 m, başlangıçtan 4,50 m, kalıp simülasyonundan 0,00 m; tek karede 4,50 m sıçrama (sınır 2,47 m @ 67 ms, t=0,67, faz adim, blink tasarım gereği)"
7-1,"Yoğun Zafiyet","Küre","diken_firlatma",1,1,1,1,1,1,1,1,1,1,1,"yerinde","yerinde",27680.00,"boss:Burn",3.00,1.35,0.40,0.40,0.87,0.00,0.00,"","vuruş 1: 0,80s@boss0,30m/oyuncu3,30m; kalıp sonu: merkeze 3,26 m, başlangıçtan 0,00 m, kalıp simülasyonundan 0,00 m, boss 0,26 m kaydı; toparlanma 0,43 sn (tablo 0,26)"
7-2,"Emici Zafiyet","Küre","sokup_cekme",1,1,1,1,1,1,1,1,1,1,1,"geri","geri",26288.00,"boss:Burn, oyuncu +26847 can, mermi sil 0 yut 3 dön 0 perde 0 bağ 0",3.03,1.35,0.47,0.44,0.93,0.00,0.00,"0/5 kare koşu","vuruş 2: 0,60s@boss0,35m/oyuncu3,59m 0,73s@boss2,72m/oyuncu1,19m; kalıp sonu: merkeze 4,45 m, başlangıçtan 1,30 m, kalıp simülasyonundan 0,00 m, boss 0,15 m kaydı; toparlanma 0,43 sn (tablo 0,26)"
7-3,"Sıçrayan Zafiyet","Küre","seken_yaratik",1,1,1,1,1,1,1,1,1,1,1,"yerinde","yerinde",37864.00,"boss:Burn",3.00,1.35,0.67,0.64,1.13,0.00,0.00,"","vuruş 3: 0,67s@boss0,00m/oyuncu3,00m 0,80s@boss0,35m/oyuncu3,49m 1,00s@boss0,35m/oyuncu3,90m; kalıp sonu: merkeze 4,05 m, başlangıçtan 0,00 m, kalıp simülasyonundan 0,00 m, boss 1,05 m kaydı; toparlanma 0,43 sn (tablo 0,26)"
8-1,"Yoğun Yükseliş","Küre","kuculten_kapi",1,1,1,1,1,1,1,1,1,1,1,"yerinde","yerinde",0.00,"",3.01,1.35,0.33,0.28,0.80,0.00,0.00,"","hasarsız skill (base_damage 0): etki hareketin kendisi; vuruş 1: 0,60s@boss0,66m/oyuncu2,38m; kalıp sonu: merkeze 3,04 m, başlangıçtan 0,00 m, kalıp simülasyonundan 0,00 m; toparlanma 0,43 sn (tablo 0,26)"
8-2,"Emici Yükseliş","Küre","kan_muhru",1,1,1,1,1,1,1,1,1,1,1,"yerinde","yerinde",0.00,"oyuncu +28801 can, mermi sil 0 yut 4 dön 0 perde 0 bağ 0",3.00,1.35,0.33,0.32,0.80,0.00,0.00,"","vuruş 1: 0,60s@boss3,00m/oyuncu0,00m; kalıp sonu: merkeze 3,00 m, başlangıçtan 0,00 m, kalıp simülasyonundan 0,00 m; toparlanma 0,43 sn (tablo 0,26)"
8-3,"Sıçrayan Yükseliş","Küre","pas_verme",1,1,1,1,1,1,1,1,1,1,1,"yerinde","yerinde",0.00,"",3.00,1.35,0.27,0.24,0.73,0.00,0.00,"","hasarsız skill (base_damage 0): etki hareketin kendisi; vuruş 1: 0,67s@boss6,38m/oyuncu3,90m; kalıp sonu: merkeze 3,00 m, başlangıçtan 0,00 m, kalıp simülasyonundan 0,00 m, kalıp hedefi AllyDummy; toparlanma 0,43 sn (tablo 0,26)"
9-1,"Yoğun Arınma","Küre","tek_dokunus",1,1,1,1,1,1,1,1,1,1,1,"geri","geri",0.00,"oyuncu +28000 can, mermi sil 3 yut 0 dön 0 perde 0 bağ 0",3.00,1.35,0.20,0.16,0.67,0.00,0.00,"0/2 kare koşu","vuruş 1: 0,53s@boss3,89m/oyuncu0,68m; kalıp sonu: merkeze 3,41 m, başlangıçtan 0,55 m, kalıp simülasyonundan 0,00 m, kalıp hedefi AllyDummy; toparlanma 0,43 sn (tablo 0,26)"
9-2,"Emici Arınma","Küre","cekip_firlat",1,1,1,1,1,1,1,1,1,1,1,"yerinde","yerinde",0.00,"oyuncu +52000 can, dost +12000 can, mermi sil 0 yut 5 dön 0 perde 0 bağ 0",3.00,1.35,0.53,0.50,1.00,0.00,0.00,"","vuruş 2: 0,60s@boss2,65m/oyuncu0,35m 0,93s@boss0,30m/oyuncu3,30m; kalıp sonu: merkeze 3,00 m, başlangıçtan 0,00 m, kalıp simülasyonundan 0,00 m; toparlanma 0,43 sn (tablo 0,26)"
9-3,"Sıçrayan Arınma","Küre","dosttan_dosta",1,1,1,1,1,1,1,1,1,1,1,"yerinde","yerinde",0.00,"oyuncu +16000 can, dost +8000 can, mermi sil 5 yut 0 dön 0 perde 0 bağ 0",3.00,1.35,0.60,0.54,1.07,0.00,0.00,"","vuruş 3: 0,60s@boss6,43m/oyuncu3,95m 0,67s@boss6,98m/oyuncu4,53m 0,87s@boss6,88m/oyuncu4,54m; kalıp sonu: merkeze 3,00 m, başlangıçtan 0,00 m, kalıp simülasyonundan 0,00 m, kalıp hedefi AllyDummy; toparlanma 0,43 sn (tablo 0,26)"
1-10,"Aynalı Vuruş","Küre","sirtta_kapi",1,1,1,1,1,1,1,1,1,1,1,"ön","ön",140544.00,"boss:Burn",2.06,1.35,0.33,0.32,0.80,0.00,0.00,"0/3 kare koşu","vuruş 2: 0,53s@boss0,92m/oyuncu1,19m 0,67s@boss0,55m/oyuncu2,82m; kalıp sonu: merkeze 2,57 m, başlangıçtan 1,20 m, kalıp simülasyonundan 0,00 m, boss 0,77 m kaydı; toparlanma 0,43 sn (tablo 0,26)"
1-11,"Kopya Vuruş","Küre","golge_yankisi",1,1,1,1,1,1,1,1,1,1,1,"ön","ön",142772.00,"boss:Burn",2.32,1.35,0.53,0.50,1.00,0.00,0.00,"0/3 kare koşu","vuruş 2: 0,53s@boss1,17m/oyuncu1,15m 0,87s@boss2,76m/oyuncu1,39m; kalıp sonu: merkeze 3,23 m, başlangıçtan 0,90 m, kalıp simülasyonundan 0,00 m, boss 1,13 m kaydı; toparlanma 0,43 sn (tablo 0,26)"
1-12,"Akan Vuruş","Küre","basili_seri",1,1,1,1,1,1,1,1,1,1,1,"ön","ön",130216.00,"boss:Burn",2.92,1.35,3.00,3.00,3.47,0.00,0.00,"","vuruş 6: 0,67s@boss1,77m/oyuncu1,15m 1,20s@boss2,63m/oyuncu1,15m 1,67s@boss2,60m/oyuncu1,15m 2,20s@boss2,40m/oyuncu1,15m 2,67s@boss2,19m/oyuncu1,15m 3,20s@boss1,94m/oyuncu1,15m; kalıp sonu: merkeze 2,99 m, başlangıçtan 1,40 m, kalıp simülasyonundan 0,00 m, boss 1,39 m kaydı; toparlanma 0,43 sn (tablo 0,26)"
2-10,"Aynalı Şifa","Küre","ters_es",1,1,1,1,1,1,1,1,1,1,1,"yerinde","yerinde",16800.00,"oyuncu +112000 can",3.00,1.35,0.47,0.44,0.93,0.00,0.00,"","vuruş 2: 0,60s@boss2,60m/oyuncu0,40m 0,80s@boss0,00m/oyuncu3,00m; kalıp sonu: merkeze 3,00 m, başlangıçtan 0,00 m, kalıp simülasyonundan 0,00 m; toparlanma 0,43 sn (tablo 0,26)"
2-11,"Kopya Şifa","Küre","golge_ulak",1,1,1,1,1,1,1,1,1,1,1,"yan","yan",0.00,"oyuncu +112000 can, dost +112000 can",2.43,1.35,1.40,1.36,1.87,0.00,0.00,"0/3 kare koşu","vuruş 2: 0,53s@boss3,26m/oyuncu0,35m 1,73s@boss3,05m/oyuncu1,46m; kalıp sonu: merkeze 2,43 m, başlangıçtan 1,41 m, kalıp simülasyonundan 0,00 m, kalıp hedefi AllyDummy; toparlanma 0,43 sn (tablo 0,26)"
2-12,"Akan Şifa","Küre","basili_isik",1,1,1,1,1,1,1,1,1,1,1,"geri","geri",0.00,"oyuncu +100000 can, dost +20000 can",3.00,1.35,3.00,3.00,3.47,0.00,0.00,"","vuruş 6: 0,67s@boss5,38m/oyuncu2,72m 1,20s@boss5,58m/oyuncu2,72m 1,67s@boss5,75m/oyuncu2,72m 2,20s@boss5,95m/oyuncu2,72m 2,67s@boss6,13m/oyuncu2,72m 3,20s@boss6,33m/oyuncu2,72m; kalıp sonu: merkeze 3,94 m, başlangıçtan 1,20 m, kalıp simülasyonundan 0,00 m, kalıp hedefi AllyDummy; toparlanma 0,43 sn (tablo 0,26)"
3-10,"Aynalı Adım","Küre","iki_kapi",1,1,1,1,1,1,1,1,1,1,1,"ön","ön",12000.00,"boss:Burn",1.50,1.35,0.60,0.54,1.00,0.00,0.00,"0/4 kare koşu","vuruş 2: 0,40s@boss3,00m/oyuncu0,00m 0,80s@boss1,50m/oyuncu0,00m; kalıp sonu: merkeze 1,50 m, başlangıçtan 1,50 m, kalıp simülasyonundan 0,00 m"
3-11,"Kopya Adım","Küre","yem_kac",1,1,1,1,1,1,1,1,1,1,1,"geri","geri",10400.00,"boss:Burn, yem boss aggro",3.00,1.35,0.40,0.40,0.80,0.00,0.00,"0/5 kare koşu","vuruş 1: 0,40s@boss3,00m/oyuncu0,00m; kalıp sonu: merkeze 5,80 m, başlangıçtan 2,80 m, kalıp simülasyonundan 0,00 m"
3-12,"Akan Adım","Küre","suzulme",1,1,1,1,1,1,1,1,1,1,1,"ön","ön",41600.00,"boss:Burn, oyuncu:Haste, oyuncu hız x1,50",1.90,1.35,3.00,3.00,3.40,0.00,0.00,"","kalıp sonu: merkeze 1,90 m, başlangıçtan 1,10 m, kalıp simülasyonundan 0,00 m"
10-1,"Yoğun Yansı","Küre","tam_zamanli",1,1,1,1,1,1,1,1,1,1,1,"yerinde","yerinde",8000.00,"boss:Burn",3.00,1.35,0.53,0.50,0.93,0.00,0.00,"","vuruş 1: 0,73s@boss0,62m/oyuncu2,38m; kalıp sonu: merkeze 3,00 m, başlangıçtan 0,00 m, kalıp simülasyonundan 0,00 m"
10-2,"Emici Yansı","Küre","yutan_girdap",1,1,1,1,1,1,1,1,1,1,1,"yerinde","yerinde",33600.00,"boss:Burn, oyuncu +21600 can, mermi sil 0 yut 3 dön 0 perde 0 bağ 0",3.00,1.35,3.20,3.18,3.60,0.00,0.00,"","vuruş 4: 1,27s@boss0,62m/oyuncu2,38m 2,07s@boss0,62m/oyuncu2,38m 2,80s@boss0,62m/oyuncu2,38m 3,53s@boss0,62m/oyuncu2,38m; kalıp sonu: merkeze 3,00 m, başlangıçtan 0,00 m, kalıp simülasyonundan 0,00 m"
10-3,"Sıçrayan Yansı","Küre","seken_geri",1,1,1,1,1,1,1,1,1,1,1,"ön","ön",9600.00,"boss:Burn",1.90,1.35,0.40,0.36,0.80,0.00,0.00,"0/3 kare koşu","vuruş 2: 0,47s@boss0,55m/oyuncu1,53m 0,60s@boss0,00m/oyuncu1,90m; kalıp sonu: merkeze 1,90 m, başlangıçtan 1,10 m, kalıp simülasyonundan 0,00 m"
10-10,"Aynalı Yansı","Küre","iki_kapi",1,1,1,1,1,1,1,1,1,1,1,"ön","ön",12000.00,"boss:Burn",1.50,1.35,0.60,0.54,1.00,0.00,0.00,"0/4 kare koşu","vuruş 2: 0,40s@boss3,00m/oyuncu0,00m 0,80s@boss1,50m/oyuncu0,00m; kalıp sonu: merkeze 1,50 m, başlangıçtan 1,50 m, kalıp simülasyonundan 0,00 m"
10-11,"Kopya Yansı","Küre","yem_kopya",1,1,1,1,1,1,1,1,1,1,1,"yerinde","yerinde",8000.00,"boss:Burn, yem boss aggro",3.00,1.35,0.27,0.24,0.67,0.00,0.00,"","vuruş 1: 0,47s@boss2,98m/oyuncu1,29m; kalıp sonu: merkeze 3,00 m, başlangıçtan 0,00 m, kalıp simülasyonundan 0,00 m"
10-12,"Akan Yansı","Küre","basili_siper",1,1,1,1,1,1,1,1,1,1,1,"ön","ön",32800.00,"boss:Burn",2.20,1.35,3.00,3.00,3.40,0.00,0.00,"","vuruş 3: 1,13s@boss0,41m/oyuncu2,38m 2,13s@boss0,14m/oyuncu2,38m 3,13s@boss0,13m/oyuncu2,38m; kalıp sonu: merkeze 2,20 m, başlangıçtan 0,80 m, kalıp simülasyonundan 0,00 m"
11-1,"Yoğun Çağrı","Küre","sirt_saplama",1,1,1,1,1,1,1,1,1,1,1,"ön","ön",44384.00,"boss:Burn",2.00,1.35,0.47,0.45,0.87,0.00,0.00,"0/2 kare koşu","vuruş 1: 0,73s@boss0,00m/oyuncu2,06m; kalıp sonu: merkeze 2,07 m, başlangıçtan 1,00 m, kalıp simülasyonundan 0,00 m"
11-2,"Emici Çağrı","Küre","yapisan",1,1,1,1,1,1,1,1,1,1,1,"yerinde","yerinde",275432.00,"boss:Burn, oyuncu +170056 can, mermi sil 0 yut 3 dön 0 perde 0 bağ 0",3.00,1.35,5.20,5.18,5.60,0.00,0.00,"","vuruş 6: 0,53s@boss0,20m/oyuncu3,22m 1,53s@boss0,00m/oyuncu3,11m 2,53s@boss0,00m/oyuncu3,11m 3,53s@boss0,00m/oyuncu3,11m 4,53s@boss0,00m/oyuncu3,11m 5,53s@boss0,00m/oyuncu3,11m; kalıp sonu: merkeze 3,11 m, başlangıçtan 0,00 m, kalıp simülasyonundan 0,00 m, boss 0,11 m kaydı"
11-3,"Sıçrayan Çağrı","Küre","seken_yaratik",1,1,1,1,1,1,1,1,1,1,1,"yerinde","yerinde",60768.00,"boss:Burn",3.00,1.35,0.67,0.64,1.07,0.00,0.00,"","vuruş 3: 0,60s@boss0,00m/oyuncu3,04m 0,73s@boss0,35m/oyuncu3,08m 0,93s@boss0,35m/oyuncu3,10m; kalıp sonu: merkeze 3,09 m, başlangıçtan 0,00 m, kalıp simülasyonundan 0,00 m"
11-10,"Aynalı Çağrı","Küre","takim_kapisi",1,1,1,1,1,1,1,1,1,1,1,"ön","ön",70112.00,"boss:Burn",2.53,1.35,1.40,1.36,1.80,0.00,0.00,"0/2 kare koşu","vuruş 1: 0,60s@boss2,53m/oyuncu0,00m; kalıp sonu: merkeze 2,53 m, başlangıçtan 0,48 m, kalıp simülasyonundan 0,00 m"
11-11,"Kopya Çağrı","Küre","ayna_klonlar",1,1,1,1,1,1,1,1,1,1,1,"ön","ön",86600.00,"boss:Burn",2.53,1.35,0.67,0.62,1.07,0.00,0.00,"0/2 kare koşu","vuruş 2: 0,73s@boss2,57m/oyuncu1,41m 0,87s@boss2,58m/oyuncu1,41m; kalıp sonu: merkeze 2,62 m, başlangıçtan 0,47 m, kalıp simülasyonundan 0,00 m"
11-12,"Akan Çağrı","Küre","kapidan_akin",1,1,1,1,1,1,1,1,1,1,1,"ön","ön",332432.00,"boss:Burn",2.53,1.35,4.33,4.32,4.73,0.00,0.00,"0/2 kare koşu","vuruş 6: 0,67s@boss0,85m/oyuncu1,73m 1,47s@boss0,00m/oyuncu2,63m 2,27s@boss0,00m/oyuncu2,63m 3,07s@boss0,00m/oyuncu2,63m 3,87s@boss0,00m/oyuncu2,63m 4,67s@boss0,00m/oyuncu2,63m; kalıp sonu: merkeze 2,63 m, başlangıçtan 0,48 m, kalıp simülasyonundan 0,00 m, boss 0,11 m kaydı"
12-1,"Yoğun Zaman","Küre","zamanli_donma",1,1,1,1,1,1,1,1,1,1,1,"ön","ön",6400.00,"boss:Burn+Slow, boss hız x0,70",1.66,1.35,0.53,0.50,1.00,0.00,0.00,"0/3 kare koşu","vuruş 1: 0,87s@boss0,54m/oyuncu1,28m; kalıp sonu: merkeze 1,87 m, başlangıçtan 1,60 m, kalıp simülasyonundan 0,10 m, boss 0,47 m kaydı; toparlanma 0,43 sn (tablo 0,26)"
12-2,"Emici Zaman","Küre","ceken_girdap",1,1,1,1,1,1,1,1,1,1,1,"yerinde","yerinde",12800.00,"boss:Burn+Slow, oyuncu:Haste, boss hız x0,70, oyuncu hız x1,30, oyuncu +28801 can, mermi sil 0 yut 4 dön 0 perde 0 bağ 0",3.02,1.35,1.33,1.32,1.80,0.00,0.00,"","vuruş 3: 1,13s@boss0,00m/oyuncu3,13m 1,60s@boss0,00m/oyuncu4,18m 1,67s@boss0,00m/oyuncu4,23m; kalıp sonu: merkeze 4,32 m, başlangıçtan 0,00 m, kalıp simülasyonundan 0,00 m, boss 1,32 m kaydı; toparlanma 0,43 sn (tablo 0,26)"
12-3,"Sıçrayan Zaman","Küre","geri_donen_kure",1,1,1,1,1,1,1,1,1,1,1,"yerinde","yerinde",9600.00,"boss:Burn+Slow, boss hız x0,70",3.00,1.35,0.53,0.50,1.00,0.00,0.00,"","vuruş 2: 0,60s@boss0,30m/oyuncu3,32m 0,87s@boss1,76m/oyuncu2,04m; kalıp sonu: merkeze 4,00 m, başlangıçtan 0,00 m, kalıp simülasyonundan 0,00 m, boss 1,00 m kaydı; toparlanma 0,43 sn (tablo 0,26)"
12-10,"Aynalı Zaman","Küre","boss_geri",1,1,1,1,1,1,1,1,1,1,1,"yerinde","yerinde",8800.00,"boss:Burn+Slow, boss hız x0,70",3.01,1.35,0.47,0.46,0.93,0.00,0.00,"","vuruş 1: 0,60s@boss0,29m/oyuncu3,35m; kalıp sonu: merkeze 3,06 m, başlangıçtan 0,00 m, kalıp simülasyonundan 0,00 m; toparlanma 0,43 sn (tablo 0,26)"
12-11,"Kopya Zaman","Küre","geri_sarma",1,1,1,1,1,1,1,1,1,1,1,"başlangıç","başlangıç",36800.00,"boss:Burn+Slow, boss hız x0,70",1.50,1.35,2.67,2.66,3.13,0.00,0.00,"0/9 kare koşu","kalıp sonu: merkeze 3,18 m, başlangıçtan 0,00 m, kalıp simülasyonundan 0,00 m, boss 0,18 m kaydı; toparlanma 0,43 sn (tablo 0,26)"
12-12,"Akan Zaman","Küre","yuruyen_balon",1,1,1,1,1,1,1,1,1,1,1,"ön","ön",48000.00,"boss:Burn+Slow, boss hız x0,70",3.00,1.35,4.20,4.20,4.67,0.00,0.00,"","vuruş 5: 0,53s@boss3,00m/oyuncu0,00m 1,60s@boss4,01m/oyuncu0,00m 2,60s@boss3,75m/oyuncu0,00m 3,60s@boss3,45m/oyuncu0,00m 4,60s@boss3,15m/oyuncu0,00m; kalıp sonu: merkeze 3,15 m, başlangıçtan 1,20 m, kalıp simülasyonundan 0,00 m, boss 1,35 m kaydı; toparlanma 0,43 sn (tablo 0,26)"
4-4,"Sabit Kalkan","Küre","duvar_dikme",1,1,1,1,1,1,1,1,1,1,1,"yerinde","yerinde",0.00,"",3.00,1.35,0.33,0.32,0.73,0.00,0.00,"","hasarsız skill (base_damage 0): etki hareketin kendisi; vuruş 1: 0,60s@boss0,62m/oyuncu2,38m; kalıp sonu: merkeze 3,00 m, başlangıçtan 0,00 m, kalıp simülasyonundan 0,00 m"
4-5,"Yayılan Kalkan","Küre","onde_yelpaze",1,1,1,1,1,1,1,1,1,1,1,"yerinde","yerinde",0.00,"",3.00,1.35,0.67,0.63,1.07,0.00,0.00,"","hasarsız skill (base_damage 0): etki hareketin kendisi; vuruş 1: 0,80s@boss1,88m/oyuncu1,12m; kalıp sonu: merkeze 3,00 m, başlangıçtan 0,00 m, kalıp simülasyonundan 0,00 m"
4-6,"Bağlayıcı Kalkan","Küre","zincirli_firlatma",1,1,1,1,1,1,1,1,1,1,1,"ön","ön",0.00,"",1.50,1.35,0.73,0.70,1.13,0.00,0.00,"0/4 kare koşu","hasarsız skill (base_damage 0): etki hareketin kendisi; vuruş 2: 0,53s@boss0,45m/oyuncu3,45m 1,00s@boss0,47m/oyuncu1,28m; kalıp sonu: merkeze 1,50 m, başlangıçtan 1,50 m, kalıp simülasyonundan 0,00 m"
4-7,"Bulandırıcı Kalkan","Küre","duman_duvari",1,1,1,1,1,1,1,1,1,1,1,"yerinde","yerinde",0.00,"",2.80,1.35,0.53,0.52,0.93,0.00,0.00,"","hasarsız skill (base_damage 0): etki hareketin kendisi; vuruş 1: 0,60s@boss0,42m/oyuncu2,38m; kalıp sonu: merkeze 2,80 m, başlangıçtan 0,20 m, kalıp simülasyonundan 0,00 m"
4-8,"Yükselen Kalkan","Küre","yerden_buyuyen",1,1,1,1,1,1,1,1,1,1,1,"yerinde","yerinde",0.00,"",3.00,1.35,0.47,0.42,0.87,0.00,0.00,"","hasarsız skill (base_damage 0): etki hareketin kendisi; vuruş 1: 0,67s@boss6,98m/oyuncu4,33m; kalıp sonu: merkeze 3,18 m, başlangıçtan 0,25 m, kalıp simülasyonundan 0,00 m, kalıp hedefi AllyDummy"
4-9,"Odaklı Kalkan","Küre","koruyucu_isaret",1,1,1,1,1,1,1,1,1,1,1,"geri","geri",0.00,"",3.00,1.35,0.20,0.20,0.60,0.00,0.00,"0/3 kare koşu","hasarsız skill (base_damage 0): etki hareketin kendisi; vuruş 1: 0,53s@boss3,90m/oyuncu0,35m; kalıp sonu: merkeze 3,61 m, başlangıçtan 0,80 m, kalıp simülasyonundan 0,00 m, kalıp hedefi AllyDummy"
5-4,"Sabit Patlama","Küre","mayin_cakma",1,1,1,1,1,1,1,1,1,1,1,"yerinde","yerinde",98784.00,"boss:Burn",3.00,1.35,0.47,0.42,0.93,0.00,0.00,"","vuruş 2: 0,67s@boss0,85m/oyuncu2,15m 0,73s@boss0,85m/oyuncu2,15m; kalıp sonu: merkeze 3,64 m, başlangıçtan 0,00 m, kalıp simülasyonundan 0,00 m, boss 0,64 m kaydı; toparlanma 0,43 sn (tablo 0,26)"
5-5,"Yayılan Patlama","Küre","yer_yarigi",1,1,1,1,1,1,1,1,1,1,1,"ön","ön",87752.00,"boss:Burn",1.50,1.35,0.60,0.56,1.07,0.00,0.00,"0/9 kare koşu","vuruş 3: 0,73s@boss0,74m/oyuncu1,13m 0,80s@boss0,29m/oyuncu1,36m 0,93s@boss0,23m/oyuncu1,27m; kalıp sonu: merkeze 1,63 m, başlangıçtan 3,40 m, kalıp simülasyonundan 1,42 m, boss 1,86 m kaydı; toparlanma 0,43 sn (tablo 0,26)"
5-6,"Bağlayıcı Patlama","Küre","gerilip_kopan",1,1,1,1,1,1,1,1,1,1,1,"geri","geri",128992.00,"boss:Root+Slow+Burn, boss hız x0,00",1.35,1.35,0.60,0.58,1.07,0.00,0.00,"0/6 kare koşu","vuruş 2: 0,60s@boss0,85m/oyuncu1,19m 0,93s@boss0,86m/oyuncu2,73m; kalıp sonu: merkeze 2,85 m, başlangıçtan 0,50 m, kalıp simülasyonundan 0,01 m, boss 0,66 m kaydı; toparlanma 0,43 sn (tablo 0,26)"
5-7,"Bulandırıcı Patlama","Küre","sis_bombasi",1,1,1,1,1,1,1,1,1,1,1,"yerinde","yerinde",130600.00,"boss:Blind+Burn, oyuncu:Stealth",3.00,1.35,0.27,0.22,0.73,0.00,0.00,"","vuruş 1: 0,60s@boss0,35m/oyuncu3,35m; kalıp sonu: merkeze 3,69 m, başlangıçtan 0,00 m, kalıp simülasyonundan 0,00 m, boss 0,69 m kaydı; toparlanma 0,43 sn (tablo 0,26)"
5-8,"Yükselen Patlama","Küre","yerden_fiskirma",1,1,1,1,1,1,1,1,1,1,1,"ön","ön",105544.00,"boss:Burn+Stun, boss hız x0,00",2.60,1.35,0.47,0.44,0.93,0.00,0.00,"","vuruş 1: 0,73s@boss0,00m/oyuncu2,75m; kalıp sonu: merkeze 2,60 m, başlangıçtan 0,40 m, kalıp simülasyonundan 0,00 m; toparlanma 0,43 sn (tablo 0,26)"
5-9,"Odaklı Patlama","Küre","gudumlu_top",1,1,1,1,1,1,1,1,1,1,1,"yerinde","yerinde",238112.00,"boss:Burn",3.04,1.35,0.60,0.56,1.07,0.00,0.00,"","vuruş 1: 0,93s@boss0,00m/oyuncu3,19m; kalıp sonu: merkeze 4,06 m, başlangıçtan 0,00 m, kalıp simülasyonundan 0,00 m, boss 1,06 m kaydı; toparlanma 0,43 sn (tablo 0,26)"
6-4,"Sabit Bağ","Küre","karsilikli_kilit",1,1,1,1,1,1,1,1,1,1,1,"ön","ön",77992.00,"boss:Burn+Root, boss hız x0,00",1.50,1.35,3.27,3.24,3.73,0.00,0.00,"0/4 kare koşu","vuruş 1: 0,93s@boss0,41m/oyuncu1,11m; kalıp sonu: merkeze 2,88 m, başlangıçtan 1,71 m, kalıp simülasyonundan 0,21 m, boss 1,59 m kaydı; toparlanma 0,43 sn (tablo 0,26)"
6-5,"Yayılan Bağ","Küre","yer_tuzagi",1,1,1,1,1,1,1,1,1,1,1,"yerinde","yerinde",29440.00,"boss:Burn+Root, boss hız x0,00",3.00,1.35,0.33,0.28,0.80,0.00,0.00,"","vuruş 1: 0,60s@boss0,62m/oyuncu2,38m; kalıp sonu: merkeze 3,64 m, başlangıçtan 0,00 m, kalıp simülasyonundan 0,00 m, boss 0,64 m kaydı; toparlanma 0,43 sn (tablo 0,26)"
6-6,"Bağlayıcı Bağ","Küre","iki_uclu",1,1,1,1,1,1,1,1,1,1,1,"yerinde","yerinde",46232.00,"boss:Root+Slow+Burn, boss hız x0,00",3.02,1.35,0.67,0.65,1.13,0.00,0.00,"","vuruş 1: 0,60s@boss0,28m/oyuncu3,36m; kalıp sonu: merkeze 4,21 m, başlangıçtan 0,00 m, kalıp simülasyonundan 0,00 m, boss 1,21 m kaydı; toparlanma 0,43 sn (tablo 0,26)"
6-7,"Bulandırıcı Bağ","Küre","goz_bagi",1,1,1,1,1,1,1,1,1,1,1,"yerinde","yerinde",41080.00,"boss:Blind+Root+Burn, boss hız x0,00",3.00,1.35,0.20,0.20,0.67,0.00,0.00,"","vuruş 1: 0,60s@boss0,28m/oyuncu3,28m; kalıp sonu: merkeze 3,26 m, başlangıçtan 0,00 m, kalıp simülasyonundan 0,00 m, boss 0,26 m kaydı; toparlanma 0,43 sn (tablo 0,26)"
6-8,"Yükselen Bağ","Küre","havada_asma",1,1,1,1,1,1,1,1,1,1,1,"ön","ön",39984.00,"boss:Stun+Burn+Root, boss hız x0,00",1.50,1.35,1.20,1.14,1.67,0.00,0.00,"0/5 kare koşu","vuruş 1: 0,93s@boss1,50m/oyuncu0,00m; kalıp sonu: merkeze 2,65 m, başlangıçtan 1,50 m, kalıp simülasyonundan 0,00 m, boss 1,15 m kaydı; toparlanma 0,43 sn (tablo 0,26)"
6-9,"Odaklı Bağ","Küre","zamanli_donma",1,1,1,1,1,1,1,1,1,1,1,"ön","ön",64984.00,"boss:Burn+Root, boss hız x0,00",1.50,1.35,0.53,0.50,1.00,0.00,0.00,"0/3 kare koşu","vuruş 1: 0,87s@boss0,54m/oyuncu1,28m; kalıp sonu: merkeze 1,50 m, başlangıçtan 1,53 m, kalıp simülasyonundan 0,03 m; toparlanma 0,43 sn (tablo 0,26)"
7-4,"Sabit Zafiyet","Küre","mayin_cakma",1,1,1,1,1,1,1,1,1,1,1,"yerinde","yerinde",23552.00,"boss:Burn",3.04,1.35,0.47,0.42,0.93,0.00,0.00,"","vuruş 2: 0,67s@boss0,85m/oyuncu2,32m 0,73s@boss0,85m/oyuncu2,32m; kalıp sonu: merkeze 3,83 m, başlangıçtan 0,00 m, kalıp simülasyonundan 0,00 m, boss 0,83 m kaydı; toparlanma 0,43 sn (tablo 0,26)"
7-5,"Yayılan Zafiyet","Küre","onde_yelpaze",1,1,1,1,1,1,1,1,1,1,1,"yerinde","yerinde",23448.00,"boss:Burn",3.01,1.35,0.67,0.63,1.13,0.00,0.00,"","vuruş 1: 0,87s@boss1,91m/oyuncu1,12m; kalıp sonu: merkeze 3,81 m, başlangıçtan 0,00 m, kalıp simülasyonundan 0,00 m, boss 0,81 m kaydı; toparlanma 0,43 sn (tablo 0,26)"
7-6,"Bağlayıcı Zafiyet","Küre","dost_ip",1,1,1,1,1,1,1,1,1,1,1,"yerinde","yerinde",35880.00,"boss:Root+Slow+Burn, boss hız x0,00",3.02,1.35,0.67,0.62,1.13,0.00,0.00,"","vuruş 1: 0,60s@boss0,28m/oyuncu3,35m; kalıp sonu: merkeze 4,19 m, başlangıçtan 0,00 m, kalıp simülasyonundan 0,00 m, boss 1,19 m kaydı; toparlanma 0,43 sn (tablo 0,26)"
8-4,"Sabit Yükseliş","Küre","totem_dikme",1,1,1,1,1,1,1,1,1,1,1,"yerinde","yerinde",0.00,"",3.00,1.35,0.33,0.30,0.80,0.00,0.00,"","hasarsız skill (base_damage 0): etki hareketin kendisi; vuruş 1: 0,67s@boss3,10m/oyuncu0,00m; kalıp sonu: merkeze 3,12 m, başlangıçtan 0,15 m, kalıp simülasyonundan 0,00 m, kalıp hedefi AllyDummy; toparlanma 0,43 sn (tablo 0,26)"
8-5,"Yayılan Yükseliş","Küre","savas_narasi",1,1,1,1,1,1,1,1,1,1,1,"yerinde","yerinde",0.00,"",3.00,1.35,0.40,0.36,0.87,0.00,0.00,"","hasarsız skill (base_damage 0): etki hareketin kendisi; vuruş 1: 0,60s@boss3,00m/oyuncu0,00m; kalıp sonu: merkeze 3,00 m, başlangıçtan 0,00 m, kalıp simülasyonundan 0,00 m; toparlanma 0,43 sn (tablo 0,26)"
8-6,"Bağlayıcı Yükseliş","Küre","dost_dosta",1,1,1,1,1,1,1,1,1,1,1,"yan","yan",0.00,"",2.38,1.35,0.53,0.52,1.00,0.00,0.00,"0/4 kare koşu","hasarsız skill (base_damage 0): etki hareketin kendisi; vuruş 3: 0,53s@boss4,05m/oyuncu1,22m 0,73s@boss2,84m/oyuncu1,41m 0,87s@boss4,76m/oyuncu2,38m; kalıp sonu: merkeze 2,38 m, başlangıçtan 1,41 m, kalıp simülasyonundan 0,00 m, kalıp hedefi AllyDummy; toparlanma 0,43 sn (tablo 0,26)"
9-4,"Sabit Arınma","Küre","yer_tuzagi",1,1,1,1,1,1,1,1,1,1,1,"yerinde","yerinde",0.00,"oyuncu +28000 can, mermi sil 5 yut 0 dön 0 perde 0 bağ 0",3.00,1.35,0.33,0.28,0.80,0.00,0.00,"","vuruş 1: 0,60s@boss0,62m/oyuncu2,38m; kalıp sonu: merkeze 3,00 m, başlangıçtan 0,00 m, kalıp simülasyonundan 0,00 m; toparlanma 0,43 sn (tablo 0,26)"
9-5,"Yayılan Arınma","Küre","dagilan_yagmur",1,1,1,1,1,1,1,1,1,1,1,"yerinde","yerinde",0.00,"oyuncu +28000 can, dost +28000 can, mermi sil 6 yut 0 dön 0 perde 0 bağ 0",3.00,1.35,0.60,0.58,1.07,0.00,0.00,"","vuruş 1: 0,80s@boss3,00m/oyuncu0,00m; kalıp sonu: merkeze 3,00 m, başlangıçtan 0,00 m, kalıp simülasyonundan 0,00 m, kalıp hedefi AllyDummy; toparlanma 0,43 sn (tablo 0,26)"
9-6,"Bağlayıcı Arınma","Küre","iki_uclu",1,1,1,1,1,1,1,1,1,1,1,"yerinde","yerinde",0.00,"oyuncu +28000 can, mermi sil 0 yut 0 dön 0 perde 0 bağ 3",3.00,1.35,0.67,0.65,1.13,0.00,0.00,"","vuruş 1: 0,60s@boss6,36m/oyuncu3,87m; kalıp sonu: merkeze 3,00 m, başlangıçtan 0,00 m, kalıp simülasyonundan 0,00 m, kalıp hedefi AllyDummy; toparlanma 0,43 sn (tablo 0,26)"
4-10,"Aynalı Kalkan","Küre","sirtta_kapi",1,1,1,1,1,1,1,1,1,1,1,"ön","ön",30000.00,"",1.80,1.35,0.33,0.32,0.73,0.00,0.00,"0/3 kare koşu","vuruş 2: 0,47s@boss0,92m/oyuncu1,19m 0,60s@boss0,55m/oyuncu2,35m; kalıp sonu: merkeze 1,80 m, başlangıçtan 1,20 m, kalıp simülasyonundan 0,00 m"
4-11,"Kopya Kalkan","Küre","yem_kopya",1,1,1,1,1,1,1,1,1,1,1,"yerinde","yerinde",0.00,"yem boss aggro",3.00,1.35,0.27,0.24,0.67,0.00,0.00,"","vuruş 1: 0,47s@boss2,98m/oyuncu1,29m; kalıp sonu: merkeze 3,00 m, başlangıçtan 0,00 m, kalıp simülasyonundan 0,00 m"
4-12,"Akan Kalkan","Küre","basili_siper",1,1,1,1,1,1,1,1,1,1,1,"geri","geri",0.00,"",3.00,1.35,3.00,3.00,3.40,0.00,0.00,"","hasarsız skill (base_damage 0): etki hareketin kendisi; vuruş 3: 1,13s@boss5,17m/oyuncu2,38m 2,13s@boss5,41m/oyuncu2,38m 3,13s@boss5,66m/oyuncu2,38m; kalıp sonu: merkeze 3,61 m, başlangıçtan 0,80 m, kalıp simülasyonundan 0,00 m, kalıp hedefi AllyDummy"
5-10,"Aynalı Patlama","Küre","karsi_darbe",1,1,1,1,1,1,1,1,1,1,1,"ön","ön",144968.00,"boss:Burn",1.92,1.35,0.40,0.36,0.87,0.00,0.00,"0/3 kare koşu","vuruş 1: 0,73s@boss0,56m/oyuncu1,36m; kalıp sonu: merkeze 2,39 m, başlangıçtan 1,30 m, kalıp simülasyonundan 0,00 m, boss 0,69 m kaydı; toparlanma 0,43 sn (tablo 0,26)"
5-11,"Kopya Patlama","Küre","golge_yankisi",1,1,1,1,1,1,1,1,1,1,1,"ön","ön",103064.00,"boss:Burn",2.41,1.35,0.53,0.50,1.00,0.00,0.00,"0/3 kare koşu","vuruş 2: 0,53s@boss1,26m/oyuncu1,15m 0,87s@boss3,24m/oyuncu1,39m; kalıp sonu: merkeze 3,83 m, başlangıçtan 0,90 m, kalıp simülasyonundan 0,00 m, boss 1,73 m kaydı; toparlanma 0,43 sn (tablo 0,26)"
5-12,"Akan Patlama","Küre","patlayan_iz",1,1,1,1,1,1,1,1,1,1,1,"ön","ön",100280.00,"boss:Burn",3.00,1.35,3.00,3.00,3.47,0.00,0.00,"","vuruş 6: 0,87s@boss2,20m/oyuncu1,53m 1,40s@boss3,24m/oyuncu1,53m 1,87s@boss3,14m/oyuncu1,53m 2,40s@boss2,81m/oyuncu1,53m 2,87s@boss2,48m/oyuncu1,53m 3,40s@boss2,09m/oyuncu1,53m; kalıp sonu: merkeze 3,62 m, başlangıçtan 2,20 m, kalıp simülasyonundan 0,70 m, boss 2,82 m kaydı; toparlanma 0,43 sn (tablo 0,26)"
6-10,"Aynalı Bağ","Küre","karsi_darbe",1,1,1,1,1,1,1,1,1,1,1,"ön","ön",45992.00,"boss:Burn+Root, boss hız x0,00, boss ters kontrol",1.92,1.35,0.40,0.36,0.87,0.00,0.00,"0/3 kare koşu","vuruş 1: 0,73s@boss0,56m/oyuncu1,36m; kalıp sonu: merkeze 2,17 m, başlangıçtan 1,30 m, kalıp simülasyonundan 0,00 m, boss 0,47 m kaydı; toparlanma 0,43 sn (tablo 0,26)"
6-11,"Kopya Bağ","Küre","onden_arkadan",1,1,1,1,1,1,1,1,1,1,1,"ön","ön",61112.00,"boss:Burn+Root, boss hız x0,00",2.36,1.35,0.40,0.34,0.87,0.00,0.00,"0/3 kare koşu","vuruş 2: 0,53s@boss1,25m/oyuncu1,11m 0,67s@boss0,60m/oyuncu3,28m; kalıp sonu: merkeze 3,11 m, başlangıçtan 0,90 m, kalıp simülasyonundan 0,00 m, boss 1,01 m kaydı; toparlanma 0,43 sn (tablo 0,26)"
6-12,"Akan Bağ","Küre","cember_sarma",1,1,1,1,1,1,1,1,1,1,1,"arka","arka",30920.00,"boss:Root+Burn, boss hız x0,00",1.50,1.35,0.93,0.90,1.40,0.00,0.00,"0/11 kare koşu","vuruş 1: 1,27s@boss0,00m/oyuncu2,06m; kalıp sonu: merkeze 2,53 m, başlangıçtan 4,66 m, kalıp simülasyonundan 0,08 m, boss 0,42 m kaydı; toparlanma 0,43 sn (tablo 0,26)"
10-4,"Sabit Yansı","Küre","duvar_dikme",1,1,1,1,1,1,1,1,1,1,1,"yerinde","yerinde",7200.00,"boss:Burn",3.00,1.35,0.33,0.32,0.73,0.00,0.00,"","vuruş 1: 0,60s@boss0,62m/oyuncu2,38m; kalıp sonu: merkeze 3,00 m, başlangıçtan 0,00 m, kalıp simülasyonundan 0,00 m"
10-5,"Yayılan Yansı","Küre","yuruyen_balon",1,1,1,1,1,1,1,1,1,1,1,"ön","ön",48000.00,"boss:Burn",1.80,1.35,4.20,4.20,4.60,0.00,0.00,"","vuruş 5: 0,47s@boss3,00m/oyuncu0,00m 1,53s@boss2,70m/oyuncu0,00m 2,53s@boss2,40m/oyuncu0,00m 3,53s@boss2,10m/oyuncu0,00m 4,53s@boss1,80m/oyuncu0,00m; kalıp sonu: merkeze 1,80 m, başlangıçtan 1,20 m, kalıp simülasyonundan 0,00 m"
10-6,"Bağlayıcı Yansı","Küre","silaha_kement",1,1,1,1,1,1,1,1,1,1,1,"yerinde","yerinde",15200.00,"boss:Root+Slow+Burn, boss hız x0,00",3.00,1.35,1.00,0.94,1.40,0.00,0.00,"","vuruş 1: 0,53s@boss0,40m/oyuncu3,40m; kalıp sonu: merkeze 3,00 m, başlangıçtan 0,00 m, kalıp simülasyonundan 0,00 m"
11-4,"Sabit Çağrı","Küre","taret_dikme",1,1,1,1,1,1,1,1,1,1,1,"ön","ön",36368.00,"boss:Burn",2.53,1.35,0.60,0.54,1.00,0.00,0.00,"0/2 kare koşu","vuruş 2: 0,60s@boss2,56m/oyuncu0,00m 0,87s@boss0,28m/oyuncu2,88m; kalıp sonu: merkeze 2,61 m, başlangıçtan 0,47 m, kalıp simülasyonundan 0,00 m"
11-5,"Yayılan Çağrı","Küre","dagilan_suru",1,1,1,1,1,1,1,1,1,1,1,"yerinde","yerinde",95944.00,"boss:Burn",3.00,1.35,0.47,0.42,0.87,0.00,0.00,"","vuruş 3: 0,47s@boss0,35m/oyuncu3,02m 0,60s@boss0,00m/oyuncu3,04m 0,73s@boss0,35m/oyuncu3,08m; kalıp sonu: merkeze 3,08 m, başlangıçtan 0,00 m, kalıp simülasyonundan 0,00 m"
11-6,"Bağlayıcı Çağrı","Küre","muhafiz",1,1,1,1,1,1,1,1,1,1,1,"ön","ön",171144.00,"boss:Burn+Root+Slow, boss hız x0,00",2.53,1.35,0.67,0.64,1.07,0.00,0.00,"0/2 kare koşu","vuruş 1: 0,60s@boss2,49m/oyuncu1,20m; kalıp sonu: merkeze 2,62 m, başlangıçtan 0,48 m, kalıp simülasyonundan 0,00 m"
12-4,"Sabit Zaman","Küre","totem_dikme",1,1,1,1,1,1,1,1,1,1,1,"yerinde","yerinde",118088.00,"boss:Burn+Slow+Stun, boss hız x0,00",2.87,1.35,0.33,0.30,0.80,0.00,0.00,"","vuruş 1: 0,67s@boss2,87m/oyuncu0,00m; kalıp sonu: merkeze 3,32 m, başlangıçtan 0,15 m, kalıp simülasyonundan 0,00 m, boss 0,47 m kaydı; toparlanma 0,43 sn (tablo 0,26)"
12-5,"Yayılan Zaman","Küre","genisleyen_halka",1,1,1,1,1,1,1,1,1,1,1,"yerinde","yerinde",56904.00,"boss:Burn+Slow, boss hız x0,70",3.02,1.35,0.60,0.58,1.07,0.00,0.00,"","vuruş 1: 0,87s@boss3,12m/oyuncu0,00m; kalıp sonu: merkeze 3,76 m, başlangıçtan 0,00 m, kalıp simülasyonundan 0,00 m, boss 0,76 m kaydı; toparlanma 0,43 sn (tablo 0,26)"
12-6,"Bağlayıcı Zaman","Küre","iki_uclu",1,1,1,1,1,1,1,1,1,1,1,"yerinde","yerinde",11200.00,"boss:Burn, oyuncu:Haste, oyuncu hız x1,30",3.02,1.35,0.67,0.65,1.13,0.00,0.00,"","vuruş 1: 0,60s@boss0,28m/oyuncu3,36m; kalıp sonu: merkeze 4,21 m, başlangıçtan 0,00 m, kalıp simülasyonundan 0,00 m, boss 1,21 m kaydı; toparlanma 0,43 sn (tablo 0,26)"
7-7,"Bulandırıcı Zafiyet","Küre","sis_bombasi",1,1,1,1,1,1,1,1,1,1,1,"yerinde","yerinde",22752.00,"boss:Blind+Burn",3.00,1.35,0.27,0.22,0.73,0.00,0.00,"","vuruş 1: 0,60s@boss0,35m/oyuncu3,36m; kalıp sonu: merkeze 3,48 m, başlangıçtan 0,00 m, kalıp simülasyonundan 0,00 m, boss 0,48 m kaydı; toparlanma 0,43 sn (tablo 0,26)"
7-8,"Yükselen Zafiyet","Küre","yerden_fiskirma",1,1,1,1,1,1,1,1,1,1,1,"ön","ön",24792.00,"boss:Burn+Stun, boss hız x0,00",2.60,1.35,0.47,0.44,0.93,0.00,0.00,"","vuruş 1: 0,73s@boss0,00m/oyuncu2,75m; kalıp sonu: merkeze 2,60 m, başlangıçtan 0,40 m, kalıp simülasyonundan 0,00 m; toparlanma 0,43 sn (tablo 0,26)"
7-9,"Odaklı Zafiyet","Küre","isaret_patlamasi",1,1,1,1,1,1,1,1,1,1,1,"yerinde","yerinde",53704.00,"boss:Burn",3.04,1.35,1.93,1.92,2.40,0.00,0.00,"","vuruş 1: 2,27s@boss0,00m/oyuncu3,20m; kalıp sonu: merkeze 3,20 m, başlangıçtan 0,00 m, kalıp simülasyonundan 0,00 m, boss 0,20 m kaydı; toparlanma 0,43 sn (tablo 0,26)"
7-10,"Aynalı Zafiyet","Küre","onden_arkadan",1,1,1,1,1,1,1,1,1,1,1,"ön","ön",30088.00,"boss:Burn",2.41,1.35,0.40,0.34,0.87,0.00,0.00,"0/3 kare koşu","vuruş 2: 0,53s@boss1,31m/oyuncu1,11m 0,67s@boss0,60m/oyuncu3,34m; kalıp sonu: merkeze 3,17 m, başlangıçtan 0,90 m, kalıp simülasyonundan 0,00 m, boss 1,07 m kaydı; toparlanma 0,43 sn (tablo 0,26)"
7-11,"Kopya Zafiyet","Küre","golge_yankisi",1,1,1,1,1,1,1,1,1,1,1,"ön","ön",32464.00,"boss:Burn",2.32,1.35,0.53,0.50,1.00,0.00,0.00,"0/3 kare koşu","vuruş 2: 0,53s@boss1,17m/oyuncu1,15m 0,87s@boss2,77m/oyuncu1,39m; kalıp sonu: merkeze 3,23 m, başlangıçtan 0,90 m, kalıp simülasyonundan 0,00 m, boss 1,13 m kaydı; toparlanma 0,43 sn (tablo 0,26)"
7-12,"Akan Zafiyet","Küre","basili_isik",1,1,1,1,1,1,1,1,1,1,1,"ön","ön",53696.00,"boss:Burn",2.93,1.35,3.00,3.00,3.47,0.00,0.00,"","vuruş 6: 0,67s@boss0,21m/oyuncu2,72m 1,20s@boss1,11m/oyuncu2,72m 1,67s@boss1,11m/oyuncu2,72m 2,20s@boss0,94m/oyuncu2,72m 2,67s@boss0,77m/oyuncu2,72m 3,20s@boss0,55m/oyuncu2,72m; kalıp sonu: merkeze 3,19 m, başlangıçtan 1,20 m, kalıp simülasyonundan 0,00 m, boss 1,39 m kaydı; toparlanma 0,43 sn (tablo 0,26)"
8-7,"Bulandırıcı Yükseliş","Küre","goz_bagi",1,1,1,1,1,1,1,1,1,1,1,"yerinde","yerinde",0.00,"",3.00,1.35,0.20,0.20,0.67,0.00,0.00,"","hasarsız skill (base_damage 0): etki hareketin kendisi; vuruş 1: 0,60s@boss0,28m/oyuncu3,28m; kalıp sonu: merkeze 3,00 m, başlangıçtan 0,00 m, kalıp simülasyonundan 0,00 m; toparlanma 0,43 sn (tablo 0,26)"
8-8,"Yükselen Yükseliş","Küre","buyuten_kemer",1,1,1,1,1,1,1,1,1,1,1,"yerinde","yerinde",0.00,"",3.00,1.35,0.47,0.42,0.93,0.00,0.00,"","hasarsız skill (base_damage 0): etki hareketin kendisi; vuruş 1: 0,73s@boss5,04m/oyuncu2,21m; kalıp sonu: merkeze 3,22 m, başlangıçtan 0,30 m, kalıp simülasyonundan 0,00 m, kalıp hedefi AllyDummy; toparlanma 0,43 sn (tablo 0,26)"
8-9,"Odaklı Yükseliş","Küre","gudumlu_top",1,1,1,1,1,1,1,1,1,1,1,"yerinde","yerinde",0.00,"",3.00,1.35,0.60,0.56,1.07,0.00,0.00,"","hasarsız skill (base_damage 0): etki hareketin kendisi; vuruş 1: 0,93s@boss6,98m/oyuncu4,53m; kalıp sonu: merkeze 3,00 m, başlangıçtan 0,00 m, kalıp simülasyonundan 0,00 m, kalıp hedefi AllyDummy; toparlanma 0,43 sn (tablo 0,26)"
8-10,"Aynalı Yükseliş","Küre","ters_es",1,1,1,1,1,1,1,1,1,1,1,"yerinde","yerinde",0.00,"boss:Weaken",3.00,1.35,0.47,0.44,0.93,0.00,0.00,"","vuruş 2: 0,60s@boss2,60m/oyuncu0,40m 0,80s@boss0,00m/oyuncu3,00m; kalıp sonu: merkeze 3,00 m, başlangıçtan 0,00 m, kalıp simülasyonundan 0,00 m; toparlanma 0,43 sn (tablo 0,26)"
8-11,"Kopya Yükseliş","Küre","golge_ulak",1,1,1,1,1,1,1,1,1,1,1,"yan","yan",0.00,"",2.43,1.35,1.40,1.36,1.87,0.00,0.00,"0/3 kare koşu","hasarsız skill (base_damage 0): etki hareketin kendisi; vuruş 2: 0,53s@boss3,26m/oyuncu0,35m 1,73s@boss3,05m/oyuncu1,46m; kalıp sonu: merkeze 2,43 m, başlangıçtan 1,41 m, kalıp simülasyonundan 0,00 m, kalıp hedefi AllyDummy; toparlanma 0,43 sn (tablo 0,26)"
8-12,"Akan Yükseliş","Küre","akinti_yolu",1,1,1,1,1,1,1,1,1,1,1,"geri","geri",0.00,"",3.00,1.35,1.00,0.94,1.47,0.00,0.00,"0/10 kare koşu","hasarsız skill (base_damage 0): etki hareketin kendisi; vuruş 1: 1,27s@boss6,27m/oyuncu2,38m; kalıp sonu: merkeze 4,11 m, başlangıçtan 1,40 m, kalıp simülasyonundan 0,00 m, kalıp hedefi AllyDummy; toparlanma 0,43 sn (tablo 0,26)"
9-7,"Bulandırıcı Arınma","Küre","sis_ortusu",1,1,1,1,1,1,1,1,1,1,1,"yerinde","yerinde",0.00,"oyuncu:Stealth, oyuncu +28000 can, mermi sil 0 yut 0 dön 0 perde 5 bağ 0",3.00,1.35,0.33,0.30,0.80,0.00,0.00,"","vuruş 1: 0,60s@boss0,00m/oyuncu3,00m; kalıp sonu: merkeze 3,00 m, başlangıçtan 0,00 m, kalıp simülasyonundan 0,00 m; toparlanma 0,43 sn (tablo 0,26)"
9-8,"Yükselen Arınma","Küre","isik_sutunu",1,1,1,1,1,1,1,1,1,1,1,"yerinde","yerinde",0.00,"oyuncu +28000 can, mermi sil 5 yut 0 dön 0 perde 0 bağ 0",3.00,1.35,0.53,0.48,1.00,0.00,0.00,"","vuruş 1: 0,80s@boss3,06m/oyuncu0,00m; kalıp sonu: merkeze 3,07 m, başlangıçtan 0,10 m, kalıp simülasyonundan 0,00 m, kalıp hedefi AllyDummy; toparlanma 0,43 sn (tablo 0,26)"
9-9,"Odaklı Arınma","Küre","mermi_sondur",1,1,1,1,1,1,1,1,1,1,1,"yerinde","yerinde",0.00,"oyuncu +28000 can, mermi sil 1 yut 0 dön 0 perde 0 bağ 0",3.00,1.35,0.40,0.38,0.87,0.00,0.00,"","vuruş 1: 0,73s@boss6,98m/oyuncu4,53m; kalıp sonu: merkeze 3,00 m, başlangıçtan 0,00 m, kalıp simülasyonundan 0,00 m, kalıp hedefi AllyDummy; toparlanma 0,43 sn (tablo 0,26)"
9-10,"Aynalı Arınma","Küre","yer_degistir",1,1,1,1,1,1,1,1,1,1,1,"arka","arka",40.00,"oyuncu +28000 can, mermi sil 0 yut 0 dön 5 perde 0 bağ 0",1.50,1.35,0.40,0.34,0.87,0.00,0.00,"0/1 kare koşu","vuruş 1: 0,73s@boss0,31m/oyuncu1,19m; kalıp sonu: merkeze 1,50 m, başlangıçtan 4,50 m, kalıp simülasyonundan 0,00 m, ışın 8,34 m konumdan çıkarıldı; tek karede 8,34 m sıçrama (sınır 2,47 m @ 67 ms, t=0,87, ışın tasarım gereği); toparlanma 0,43 sn (tablo 0,26)"
9-11,"Kopya Arınma","Küre","yem_kopya",1,1,1,1,1,1,1,1,1,1,1,"yerinde","yerinde",0.00,"oyuncu +28000 can, dost +28000 can, yem boss aggro, mermi sil 5 yut 0 dön 0 perde 0 bağ 0",3.00,1.35,0.27,0.24,0.73,0.00,0.00,"","vuruş 1: 0,53s@boss2,98m/oyuncu1,29m; kalıp sonu: merkeze 3,00 m, başlangıçtan 0,00 m, kalıp simülasyonundan 0,00 m; toparlanma 0,43 sn (tablo 0,26)"
9-12,"Akan Arınma","Küre","nabiz",1,1,1,1,1,1,1,1,1,1,1,"yerinde","yerinde",0.00,"oyuncu +16000 can, dost +8000 can, mermi sil 4 yut 0 dön 0 perde 0 bağ 0",3.00,1.35,3.20,3.18,3.67,0.00,0.00,"","vuruş 3: 1,60s@boss3,00m/oyuncu0,00m 2,60s@boss3,00m/oyuncu0,00m 3,60s@boss3,00m/oyuncu0,00m; kalıp sonu: merkeze 3,00 m, başlangıçtan 0,00 m, kalıp simülasyonundan 0,00 m; toparlanma 0,43 sn (tablo 0,26)"
10-7,"Bulandırıcı Yansı","Küre","sahte_goruntu",1,1,1,1,1,1,1,1,1,1,1,"geri","geri",10400.00,"boss:Blind+Burn, oyuncu:Stealth, yem boss aggro",3.00,1.35,0.47,0.44,0.87,0.00,0.00,"0/3 kare koşu","vuruş 3: 0,47s@boss3,06m/oyuncu1,37m 0,60s@boss3,06m/oyuncu1,37m 0,73s@boss3,68m/oyuncu0,00m; kalıp sonu: merkeze 3,90 m, başlangıçtan 0,90 m, kalıp simülasyonundan 0,00 m"
10-8,"Yükselen Yansı","Küre","yerden_buyuyen",1,1,1,1,1,1,1,1,1,1,1,"yerinde","yerinde",5600.00,"boss:Burn",2.75,1.35,0.47,0.42,0.87,0.00,0.00,"","vuruş 1: 0,67s@boss0,00m/oyuncu2,80m; kalıp sonu: merkeze 2,75 m, başlangıçtan 0,25 m, kalıp simülasyonundan 0,00 m"
10-9,"Odaklı Yansı","Küre","koruyucu_isaret",1,1,1,1,1,1,1,1,1,1,1,"ön","ön",6400.00,"boss:Burn",2.20,1.35,0.20,0.20,0.60,0.00,0.00,"0/3 kare koşu","vuruş 1: 0,53s@boss1,85m/oyuncu0,35m; kalıp sonu: merkeze 2,20 m, başlangıçtan 0,80 m, kalıp simülasyonundan 0,00 m"
11-7,"Bulandırıcı Çağrı","Küre","sirt_saplama",1,1,1,1,1,1,1,1,1,1,1,"yerinde","yerinde",33968.00,"boss:Blind+Burn",3.00,1.35,0.33,0.32,0.73,0.00,0.00,"","vuruş 1: 0,60s@boss0,00m/oyuncu3,04m; kalıp sonu: merkeze 3,06 m, başlangıçtan 0,00 m, kalıp simülasyonundan 0,00 m"
11-8,"Yükselen Çağrı","Küre","dostu_yerden",1,1,1,1,1,1,1,1,1,1,1,"yan","yan",36584.00,"boss:Burn",2.64,1.35,0.93,0.90,1.33,0.00,0.00,"0/10 kare koşu","vuruş 1: 1,13s@boss2,52m/oyuncu0,95m; kalıp sonu: merkeze 2,68 m, başlangıçtan 1,02 m, kalıp simülasyonundan 0,00 m"
11-9,"Odaklı Çağrı","Küre","pesinden_av",1,1,1,1,1,1,1,1,1,1,1,"ön","ön",261632.00,"boss:Burn",1.94,1.35,2.47,2.45,2.87,0.00,0.00,"0/2 kare koşu","vuruş 1: 2,73s@boss0,00m/oyuncu2,05m; kalıp sonu: merkeze 2,05 m, başlangıçtan 1,06 m, kalıp simülasyonundan 0,00 m, boss 0,11 m kaydı"
12-7,"Bulandırıcı Zaman","Küre","kum_saati",1,1,1,1,1,1,1,1,1,1,1,"yerinde","yerinde",68576.00,"boss:Blind+Burn+Slow, boss hız x0,70",3.00,1.35,0.67,0.62,1.13,0.00,0.00,"","vuruş 1: 0,60s@boss0,28m/oyuncu3,28m; kalıp sonu: merkeze 4,11 m, başlangıçtan 0,00 m, kalıp simülasyonundan 0,00 m, boss 1,11 m kaydı; toparlanma 0,43 sn (tablo 0,26)"
12-8,"Yükselen Zaman","Küre","isik_sutunu",1,1,1,1,1,1,1,1,1,1,1,"yerinde","yerinde",4800.00,"boss:Burn, oyuncu:Haste, oyuncu hız x1,50",2.90,1.35,0.53,0.48,1.00,0.00,0.00,"","vuruş 1: 0,80s@boss2,92m/oyuncu0,00m; kalıp sonu: merkeze 2,90 m, başlangıçtan 0,10 m, kalıp simülasyonundan 0,00 m; toparlanma 0,43 sn (tablo 0,26)"
12-9,"Odaklı Zaman","Küre","isaret_patlamasi",1,1,1,1,1,1,1,1,1,1,1,"yerinde","yerinde",4800.00,"boss:Burn+Slow, boss hız x0,70",3.00,1.35,1.93,1.92,2.40,0.00,0.00,"","vuruş 1: 2,27s@boss0,00m/oyuncu3,00m; kalıp sonu: merkeze 3,00 m, başlangıçtan 0,00 m, kalıp simülasyonundan 0,00 m; toparlanma 0,43 sn (tablo 0,26)"
1-1,"Yoğun Vuruş","Çekiç","yukle_birak",1,1,1,1,1,1,1,1,1,1,1,"ön","ön",336784.00,"boss:Burn+Stun, boss hız x0,00",1.76,1.35,0.53,0.52,1.07,0.00,0.00,"0/3 kare koşu","vuruş 1: 0,93s@boss0,42m/oyuncu1,53m; kalıp sonu: merkeze 1,96 m, başlangıçtan 1,70 m, kalıp simülasyonundan 0,20 m, boss 0,66 m kaydı; toparlanma 0,51 sn (tablo 0,26)"
1-2,"Emici Vuruş","Çekiç","kan_ceken_pence",1,1,1,1,1,1,1,1,1,1,1,"yerinde","yerinde",244360.00,"boss:Burn, oyuncu +92507 can, mermi sil 0 yut 3 dön 0 perde 0 bağ 0",1.34,1.35,0.40,0.38,0.93,0.00,0.00,"","vuruş 3: 0,60s@boss1,82m/oyuncu1,02m 0,73s@boss1,22m/oyuncu1,02m 0,87s@boss0,62m/oyuncu1,02m; kalıp sonu: merkeze 1,34 m, başlangıçtan 0,00 m, kalıp simülasyonundan 0,00 m, boss 1,66 m kaydı; toparlanma 0,51 sn (tablo 0,26)"
1-3,"Sıçrayan Vuruş","Çekiç","yan_yan_sekme",1,1,1,1,1,1,1,1,1,1,1,"geri","geri",382048.00,"boss:Burn",2.85,1.35,0.47,0.46,1.00,0.00,0.00,"0/7 kare koşu","vuruş 2: 0,60s@boss0,74m/oyuncu3,52m 0,93s@boss0,74m/oyuncu4,98m; kalıp sonu: merkeze 4,40 m, başlangıçtan 1,30 m, kalıp simülasyonundan 0,12 m, boss 0,98 m kaydı; toparlanma 0,51 sn (tablo 0,26)"
1-4,"Sabit Vuruş","Çekiç","yere_cakilan",1,1,1,1,1,1,1,1,1,1,1,"yerinde","yerinde",250920.00,"boss:Burn+Stun, boss hız x0,00",2.87,1.35,0.47,0.42,1.00,0.00,0.00,"","vuruş 1: 0,87s@boss2,87m/oyuncu0,00m; kalıp sonu: merkeze 3,33 m, başlangıçtan 0,20 m, kalıp simülasyonundan 0,00 m, boss 0,53 m kaydı; toparlanma 0,51 sn (tablo 0,26)"
1-5,"Yayılan Vuruş","Çekiç","donen_kesik",1,1,1,1,1,1,1,1,1,1,1,"yerinde","yerinde",217320.00,"boss:Burn",3.00,1.35,0.60,0.55,1.13,0.00,0.00,"","vuruş 1: 0,73s@boss3,00m/oyuncu0,00m; kalıp sonu: merkeze 3,97 m, başlangıçtan 0,00 m, kalıp simülasyonundan 0,00 m, boss 0,97 m kaydı; toparlanma 0,51 sn (tablo 0,26)"
1-6,"Bağlayıcı Vuruş","Çekiç","zincirli_firlatma",1,1,1,1,1,1,1,1,1,1,1,"ön","ön",342360.00,"boss:Root+Slow+Burn+Stun, boss hız x0,00",2.67,1.35,0.73,0.70,1.27,0.00,0.00,"0/4 kare koşu","vuruş 2: 0,67s@boss0,45m/oyuncu3,51m 1,13s@boss1,59m/oyuncu1,28m; kalıp sonu: merkeze 2,72 m, başlangıçtan 1,50 m, kalıp simülasyonundan 0,00 m, boss 1,22 m kaydı; toparlanma 0,51 sn (tablo 0,26)"
2-1,"Yoğun Şifa","Çekiç","tek_dokunus",1,1,1,1,1,1,1,1,1,1,1,"geri","geri",0.00,"oyuncu +168000 can",3.00,1.35,0.20,0.16,0.80,0.00,0.00,"0/2 kare koşu","vuruş 1: 0,67s@boss3,90m/oyuncu0,68m; kalıp sonu: merkeze 3,42 m, başlangıçtan 0,55 m, kalıp simülasyonundan 0,00 m, kalıp hedefi AllyDummy; toparlanma 0,59 sn (tablo 0,26)"
2-2,"Emici Şifa","Çekiç","uzaktan_emme",1,1,1,1,1,1,1,1,1,1,1,"yerinde","yerinde",53192.00,"oyuncu +120000 can, dost +28000 can, mermi sil 0 yut 5 dön 0 perde 0 bağ 0",2.65,1.35,2.20,2.16,2.80,0.00,0.00,"","vuruş 4: 1,20s@boss0,19m/oyuncu2,72m 1,73s@boss0,10m/oyuncu2,72m 2,20s@boss0,02m/oyuncu2,72m 2,73s@boss0,07m/oyuncu2,72m; kalıp sonu: merkeze 2,65 m, başlangıçtan 0,35 m, kalıp simülasyonundan 0,00 m; toparlanma 0,59 sn (tablo 0,26)"
2-3,"Sıçrayan Şifa","Çekiç","dosttan_dosta",1,1,1,1,1,1,1,1,1,1,1,"yerinde","yerinde",0.00,"oyuncu +196000 can, dost +56000 can",3.00,1.35,0.60,0.54,1.20,0.00,0.00,"","vuruş 3: 0,73s@boss6,43m/oyuncu3,95m 0,80s@boss6,98m/oyuncu4,53m 1,00s@boss6,88m/oyuncu4,54m; kalıp sonu: merkeze 3,00 m, başlangıçtan 0,00 m, kalıp simülasyonundan 0,00 m, kalıp hedefi AllyDummy; toparlanma 0,59 sn (tablo 0,26)"
2-4,"Sabit Şifa","Çekiç","totem_dikme",1,1,1,1,1,1,1,1,1,1,1,"yerinde","yerinde",0.00,"oyuncu +168000 can, dost +56000 can",3.00,1.35,0.33,0.30,0.93,0.00,0.00,"","vuruş 1: 0,80s@boss3,10m/oyuncu0,00m; kalıp sonu: merkeze 3,11 m, başlangıçtan 0,15 m, kalıp simülasyonundan 0,00 m, kalıp hedefi AllyDummy; toparlanma 0,59 sn (tablo 0,26)"
2-5,"Yayılan Şifa","Çekiç","genisleyen_halka",1,1,1,1,1,1,1,1,1,1,1,"yerinde","yerinde",0.00,"oyuncu +168000 can, dost +168000 can",3.00,1.35,0.60,0.58,1.20,0.00,0.00,"","vuruş 1: 1,00s@boss3,00m/oyuncu0,00m; kalıp sonu: merkeze 3,00 m, başlangıçtan 0,00 m, kalıp simülasyonundan 0,00 m; toparlanma 0,59 sn (tablo 0,26)"
2-6,"Bağlayıcı Şifa","Çekiç","dostu_kanca",1,1,1,1,1,1,1,1,1,1,1,"geri","geri",0.00,"oyuncu +168000 can",3.00,1.35,0.53,0.52,1.13,0.00,0.00,"0/6 kare koşu","vuruş 1: 1,00s@boss5,79m/oyuncu0,40m; kalıp sonu: merkeze 5,92 m, başlangıçtan 3,40 m, kalıp simülasyonundan 0,00 m, kalıp hedefi AllyDummy; toparlanma 0,59 sn (tablo 0,26)"
3-1,"Yoğun Adım","Çekiç","kisa_dash",1,1,1,1,1,1,1,1,1,1,1,"ön","ön",5600.00,"boss:Burn",1.50,1.35,0.20,0.16,0.80,0.00,0.00,"0/3 kare koşu","kalıp sonu: merkeze 1,50 m, başlangıçtan 1,50 m, kalıp simülasyonundan 0,00 m; toparlanma 0,59 sn (tablo 0,26)"
3-2,"Emici Adım","Çekiç","icinden_emme",1,1,1,1,1,1,1,1,1,1,1,"arka","arka",5600.00,"boss:Burn, oyuncu +28801 can, mermi sil 0 yut 4 dön 0 perde 0 bağ 0",0.17,1.35,0.33,0.28,0.93,0.00,0.00,"0/5 kare koşu","vuruş 1: 0,73s@boss0,24m/oyuncu1,36m; kalıp sonu: merkeze 2,61 m, başlangıçtan 5,27 m, kalıp simülasyonundan 0,38 m, boss 0,34 m kaydı; gövdeye girdi: merkeze 0,17 m (t=0,67, temas 1,35) geçiş tasarım gereği; toparlanma 0,59 sn (tablo 0,26)"
3-3,"Sıçrayan Adım","Çekiç","sekmeli_ziplama",1,1,1,1,1,1,1,1,1,1,1,"arka","arka",6400.00,"boss:Burn",1.50,1.35,0.40,0.40,1.00,0.00,0.00,"0/6 kare koşu","vuruş 2: 0,73s@boss1,79m/oyuncu0,00m 0,93s@boss1,50m/oyuncu0,00m; kalıp sonu: merkeze 1,50 m, başlangıçtan 4,50 m, kalıp simülasyonundan 0,00 m; toparlanma 0,59 sn (tablo 0,26)"
3-4,"Sabit Adım","Çekiç","geri_sarma",1,1,1,1,1,1,1,1,1,1,1,"başlangıç","başlangıç",35200.00,"boss:Burn",1.50,1.35,2.67,2.66,3.27,0.00,0.00,"0/9 kare koşu","kalıp sonu: merkeze 3,00 m, başlangıçtan 0,00 m, kalıp simülasyonundan 0,00 m; toparlanma 0,59 sn (tablo 0,26)"
3-5,"Yayılan Adım","Çekiç","dalis_patlamasi",1,1,1,1,1,1,1,1,1,1,1,"ön","ön",5600.00,"boss:Burn",1.50,1.35,0.47,0.42,1.07,0.00,0.00,"0/4 kare koşu","vuruş 1: 0,87s@boss1,50m/oyuncu0,00m; kalıp sonu: merkeze 2,45 m, başlangıçtan 1,50 m, kalıp simülasyonundan 0,00 m, boss 0,95 m kaydı; toparlanma 0,59 sn (tablo 0,26)"
3-6,"Bağlayıcı Adım","Çekiç","kanca_cekis",1,1,1,1,1,1,1,1,1,1,1,"arka","arka",5600.00,"boss:Root+Slow+Burn, boss hız x0,00",1.50,1.35,0.80,0.74,1.40,0.00,0.00,"0/10 kare koşu","vuruş 1: 1,20s@boss0,00m/oyuncu1,50m; kalıp sonu: merkeze 1,50 m, başlangıçtan 4,73 m, kalıp simülasyonundan 0,23 m, boss 0,23 m kaydı; toparlanma 0,59 sn (tablo 0,26)"
4-1,"Yoğun Kalkan","Çekiç","tam_zamanli",1,1,1,1,1,1,1,1,1,1,1,"yerinde","yerinde",0.00,"",3.00,1.35,0.53,0.50,1.07,0.00,0.00,"","hasarsız skill (base_damage 0): etki hareketin kendisi; vuruş 1: 0,87s@boss0,62m/oyuncu2,38m; kalıp sonu: merkeze 3,00 m, başlangıçtan 0,00 m, kalıp simülasyonundan 0,00 m; toparlanma 0,51 sn (tablo 0,26)"
4-2,"Emici Kalkan","Çekiç","kalkan_calma",1,1,1,1,1,1,1,1,1,1,1,"yerinde","yerinde",95000.00,"oyuncu +28801 can, mermi sil 0 yut 4 dön 0 perde 0 bağ 0",3.00,1.35,0.20,0.20,0.73,0.00,0.00,"","vuruş 1: 0,60s@boss1,73m/oyuncu1,28m; kalıp sonu: merkeze 3,00 m, başlangıçtan 0,00 m, kalıp simülasyonundan 0,00 m; toparlanma 0,51 sn (tablo 0,26)"
4-3,"Sıçrayan Kalkan","Çekiç","seken_disk",1,1,1,1,1,1,1,1,1,1,1,"yerinde","yerinde",0.00,"oyuncu:Shield, kalkan 25",3.00,1.35,0.47,0.42,1.00,0.00,0.00,"","vuruş 2: 0,67s@boss0,30m/oyuncu3,30m 0,80s@boss3,04m/oyuncu1,43m; kalıp sonu: merkeze 3,00 m, başlangıçtan 0,00 m, kalıp simülasyonundan 0,00 m; toparlanma 0,51 sn (tablo 0,26)"
5-1,"Yoğun Patlama","Çekiç","saplanan_fitil",1,1,1,1,1,1,1,1,1,1,1,"geri","geri",236632.00,"boss:Burn+Stun, boss hız x0,00",2.38,1.35,1.67,1.62,2.20,0.00,0.00,"0/6 kare koşu","vuruş 2: 0,60s@boss0,85m/oyuncu1,53m 2,13s@boss0,85m/oyuncu2,95m; kalıp sonu: merkeze 4,29 m, başlangıçtan 0,80 m, kalıp simülasyonundan 0,00 m, boss 0,49 m kaydı; toparlanma 0,51 sn (tablo 0,26)"
5-2,"Emici Patlama","Çekiç","ceken_girdap",1,1,1,1,1,1,1,1,1,1,1,"yerinde","yerinde",177448.00,"boss:Burn, oyuncu +71236 can, mermi sil 0 yut 3 dön 0 perde 0 bağ 0",1.33,1.35,1.33,1.32,1.87,0.00,0.00,"","vuruş 3: 1,20s@boss0,00m/oyuncu1,34m 1,67s@boss0,00m/oyuncu1,35m 1,73s@boss0,00m/oyuncu1,35m; kalıp sonu: merkeze 1,35 m, başlangıçtan 0,00 m, kalıp simülasyonundan 0,00 m, boss 1,65 m kaydı; toparlanma 0,51 sn (tablo 0,26)"
5-3,"Sıçrayan Patlama","Çekiç","seken_bomba",1,1,1,1,1,1,1,1,1,1,1,"yerinde","yerinde",269872.00,"boss:Burn",3.00,1.35,0.60,0.58,1.13,0.00,0.00,"","vuruş 3: 0,67s@boss0,40m/oyuncu3,40m 0,80s@boss0,00m/oyuncu3,69m 1,00s@boss0,35m/oyuncu4,33m; kalıp sonu: merkeze 4,55 m, başlangıçtan 0,00 m, kalıp simülasyonundan 0,00 m, boss 1,55 m kaydı; toparlanma 0,51 sn (tablo 0,26)"
6-1,"Yoğun Bağ","Çekiç","sinir_noktasi",1,1,1,1,1,1,1,1,1,1,1,"ön","ön",71040.00,"boss:Burn+Stun, boss hız x0,00",1.50,1.35,0.40,0.34,0.93,0.00,0.00,"0/5 kare koşu","vuruş 1: 0,80s@boss0,91m/oyuncu0,60m; kalıp sonu: merkeze 1,71 m, başlangıçtan 1,83 m, kalıp simülasyonundan 0,33 m, boss 0,55 m kaydı; toparlanma 0,51 sn (tablo 0,26)"
6-2,"Emici Bağ","Çekiç","bossu_cek",1,1,1,1,1,1,1,1,1,1,1,"geri","geri",53008.00,"boss:Burn+Root+Stun, boss hız x0,00, oyuncu +42784 can, mermi sil 0 yut 4 dön 0 perde 0 bağ 0",1.35,1.35,0.47,0.44,1.00,0.00,0.00,"0/5 kare koşu","vuruş 1: 0,80s@boss2,81m/oyuncu1,36m; kalıp sonu: merkeze 3,37 m, başlangıçtan 1,60 m, kalıp simülasyonundan 0,00 m, boss 1,23 m kaydı; toparlanma 0,51 sn (tablo 0,26)"
6-3,"Sıçrayan Bağ","Çekiç","basip_sekme",1,1,1,1,1,1,1,1,1,1,1,"başlangıç","başlangıç",82080.00,"boss:Burn+Root, boss hız x0,00",1.67,1.35,0.53,0.52,1.07,0.00,0.00,"0/7 kare koşu","vuruş 1: 0,80s@boss1,50m/oyuncu0,26m; kalıp sonu: merkeze 3,97 m, başlangıçtan 0,20 m, kalıp simülasyonundan 0,00 m, boss 0,78 m kaydı; toparlanma 0,51 sn (tablo 0,26)"
1-7,"Bulandırıcı Vuruş","Çekiç","dumandan_cikis",1,1,1,1,1,1,1,1,1,1,1,"ön","ön",251720.00,"boss:Blind+Burn",1.68,1.35,0.53,0.48,1.07,0.00,0.00,"0/4 kare koşu","vuruş 1: 0,87s@boss0,78m/oyuncu1,36m; kalıp sonu: merkeze 1,94 m, başlangıçtan 1,80 m, kalıp simülasyonundan 0,30 m, boss 0,74 m kaydı; toparlanma 0,51 sn (tablo 0,26)"
1-8,"Yükselen Vuruş","Çekiç","havaya_kaldirma",1,1,1,1,1,1,1,1,1,1,1,"ön","ön",273856.00,"boss:Burn+Stun, boss hız x0,00",1.90,1.35,0.40,0.34,0.93,0.00,0.00,"0/5 kare koşu","vuruş 1: 0,67s@boss1,08m/oyuncu1,28m; kalıp sonu: merkeze 1,90 m, başlangıçtan 1,10 m, kalıp simülasyonundan 0,00 m; toparlanma 0,51 sn (tablo 0,26)"
1-9,"Odaklı Vuruş","Çekiç","isarete_vur",1,1,1,1,1,1,1,1,1,1,1,"ön","ön",568240.00,"boss:Burn",1.88,1.35,0.40,0.38,0.93,0.00,0.00,"0/3 kare koşu","vuruş 1: 0,80s@boss0,99m/oyuncu1,28m; kalıp sonu: merkeze 1,88 m, başlangıçtan 1,35 m, kalıp simülasyonundan 0,00 m, boss 0,23 m kaydı; toparlanma 0,51 sn (tablo 0,26)"
2-7,"Bulandırıcı Şifa","Çekiç","sis_ortusu",1,1,1,1,1,1,1,1,1,1,1,"yerinde","yerinde",0.00,"oyuncu +168000 can, dost +56000 can",3.05,1.35,0.33,0.30,0.93,0.00,0.00,"","vuruş 1: 0,73s@boss0,00m/oyuncu3,22m; kalıp sonu: merkeze 3,23 m, başlangıçtan 0,00 m, kalıp simülasyonundan 0,00 m, boss 0,23 m kaydı; toparlanma 0,59 sn (tablo 0,26)"
2-8,"Yükselen Şifa","Çekiç","yerden_buyuyen",1,1,1,1,1,1,1,1,1,1,1,"yerinde","yerinde",0.00,"oyuncu +168000 can, dost +56000 can",3.00,1.35,0.47,0.42,1.07,0.00,0.00,"","vuruş 1: 0,87s@boss6,98m/oyuncu4,33m; kalıp sonu: merkeze 3,18 m, başlangıçtan 0,25 m, kalıp simülasyonundan 0,00 m, kalıp hedefi AllyDummy; toparlanma 0,59 sn (tablo 0,26)"
2-9,"Odaklı Şifa","Çekiç","koruyucu_isaret",1,1,1,1,1,1,1,1,1,1,1,"geri","geri",0.00,"dost +128000 can",3.00,1.35,0.20,0.20,0.80,0.00,0.00,"0/3 kare koşu","vuruş 1: 0,73s@boss3,90m/oyuncu0,35m; kalıp sonu: merkeze 3,61 m, başlangıçtan 0,80 m, kalıp simülasyonundan 0,00 m, kalıp hedefi AllyDummy; toparlanma 0,59 sn (tablo 0,26)"
3-7,"Bulandırıcı Adım","Çekiç","duman_kaybolma",1,1,1,1,1,1,1,1,1,1,1,"ön","ön",8800.00,"boss:Blind+Burn, oyuncu:Stealth",1.50,1.35,0.60,0.59,1.20,0.00,0.00,"0/4 kare koşu","vuruş 1: 0,73s@boss1,75m/oyuncu0,00m; kalıp sonu: merkeze 1,50 m, başlangıçtan 1,50 m, kalıp simülasyonundan 0,00 m; toparlanma 0,59 sn (tablo 0,26)"
3-8,"Yükselen Adım","Çekiç","sicrayip_cakilma",1,1,1,1,1,1,1,1,1,1,1,"ön","ön",6400.00,"boss:Burn, oyuncu:Haste, oyuncu hız x1,10",1.50,1.35,0.87,0.82,1.47,0.00,0.00,"0/5 kare koşu","vuruş 1: 1,33s@boss1,50m/oyuncu0,00m; kalıp sonu: merkeze 1,50 m, başlangıçtan 1,50 m, kalıp simülasyonundan 0,00 m; toparlanma 0,59 sn (tablo 0,26)"
3-9,"Odaklı Adım","Çekiç","kilitli_adim",1,1,1,1,1,1,1,1,1,1,1,"arka","arka",4800.00,"boss:Burn",1.50,1.35,0.53,0.48,1.13,0.00,0.00,"0/1 kare koşu","vuruş 1: 1,00s@boss0,00m/oyuncu1,50m; kalıp sonu: merkeze 1,50 m, başlangıçtan 4,50 m, kalıp simülasyonundan 0,00 m; tek karede 4,50 m sıçrama (sınır 2,47 m @ 67 ms, t=0,87, faz adim, blink tasarım gereği); toparlanma 0,59 sn (tablo 0,26)"
7-1,"Yoğun Zafiyet","Çekiç","diken_firlatma",1,1,1,1,1,1,1,1,1,1,1,"yerinde","yerinde",37120.00,"boss:Burn",3.00,1.35,0.40,0.40,1.00,0.00,0.00,"","vuruş 1: 0,93s@boss0,30m/oyuncu3,30m; kalıp sonu: merkeze 3,26 m, başlangıçtan 0,00 m, kalıp simülasyonundan 0,00 m, boss 0,26 m kaydı; toparlanma 0,59 sn (tablo 0,26)"
7-2,"Emici Zafiyet","Çekiç","sokup_cekme",1,1,1,1,1,1,1,1,1,1,1,"geri","geri",33432.00,"boss:Burn, oyuncu +29470 can, mermi sil 0 yut 3 dön 0 perde 0 bağ 0",3.05,1.35,0.47,0.44,1.07,0.00,0.00,"0/5 kare koşu","vuruş 2: 0,73s@boss0,35m/oyuncu3,67m 0,87s@boss2,81m/oyuncu1,19m; kalıp sonu: merkeze 4,54 m, başlangıçtan 1,30 m, kalıp simülasyonundan 0,00 m, boss 0,24 m kaydı; toparlanma 0,59 sn (tablo 0,26)"
7-3,"Sıçrayan Zafiyet","Çekiç","seken_yaratik",1,1,1,1,1,1,1,1,1,1,1,"yerinde","yerinde",50000.00,"boss:Burn",3.00,1.35,0.67,0.64,1.27,0.00,0.00,"","vuruş 3: 0,80s@boss0,00m/oyuncu3,00m 0,93s@boss0,35m/oyuncu3,49m 1,13s@boss0,35m/oyuncu3,90m; kalıp sonu: merkeze 4,05 m, başlangıçtan 0,00 m, kalıp simülasyonundan 0,00 m, boss 1,05 m kaydı; toparlanma 0,59 sn (tablo 0,26)"
8-1,"Yoğun Yükseliş","Çekiç","kuculten_kapi",1,1,1,1,1,1,1,1,1,1,1,"yerinde","yerinde",0.00,"",3.01,1.35,0.33,0.28,0.93,0.00,0.00,"","hasarsız skill (base_damage 0): etki hareketin kendisi; vuruş 1: 0,73s@boss0,68m/oyuncu2,38m; kalıp sonu: merkeze 3,06 m, başlangıçtan 0,00 m, kalıp simülasyonundan 0,00 m; toparlanma 0,59 sn (tablo 0,26)"
8-2,"Emici Yükseliş","Çekiç","kan_muhru",1,1,1,1,1,1,1,1,1,1,1,"yerinde","yerinde",0.00,"oyuncu +36000 can, mermi sil 0 yut 5 dön 0 perde 0 bağ 0",3.00,1.35,0.33,0.32,0.93,0.00,0.00,"","vuruş 1: 0,73s@boss3,00m/oyuncu0,00m; kalıp sonu: merkeze 3,00 m, başlangıçtan 0,00 m, kalıp simülasyonundan 0,00 m; toparlanma 0,59 sn (tablo 0,26)"
8-3,"Sıçrayan Yükseliş","Çekiç","pas_verme",1,1,1,1,1,1,1,1,1,1,1,"yerinde","yerinde",0.00,"",3.00,1.35,0.27,0.24,0.87,0.00,0.00,"","hasarsız skill (base_damage 0): etki hareketin kendisi; vuruş 1: 0,80s@boss6,38m/oyuncu3,90m; kalıp sonu: merkeze 3,00 m, başlangıçtan 0,00 m, kalıp simülasyonundan 0,00 m, kalıp hedefi AllyDummy; toparlanma 0,59 sn (tablo 0,26)"
9-1,"Yoğun Arınma","Çekiç","tek_dokunus",1,1,1,1,1,1,1,1,1,1,1,"geri","geri",0.00,"oyuncu +40000 can, mermi sil 3 yut 0 dön 0 perde 0 bağ 0",3.00,1.35,0.20,0.16,0.80,0.00,0.00,"0/2 kare koşu","vuruş 1: 0,67s@boss3,89m/oyuncu0,68m; kalıp sonu: merkeze 3,41 m, başlangıçtan 0,55 m, kalıp simülasyonundan 0,00 m, kalıp hedefi AllyDummy; toparlanma 0,59 sn (tablo 0,26)"
9-2,"Emici Arınma","Çekiç","cekip_firlat",1,1,1,1,1,1,1,1,1,1,1,"yerinde","yerinde",0.00,"oyuncu +60000 can, dost +16000 can, mermi sil 0 yut 5 dön 0 perde 0 bağ 0",3.00,1.35,0.53,0.50,1.13,0.00,0.00,"","vuruş 2: 0,73s@boss2,65m/oyuncu0,35m 1,07s@boss0,30m/oyuncu3,30m; kalıp sonu: merkeze 3,00 m, başlangıçtan 0,00 m, kalıp simülasyonundan 0,00 m; toparlanma 0,59 sn (tablo 0,26)"
9-3,"Sıçrayan Arınma","Çekiç","dosttan_dosta",1,1,1,1,1,1,1,1,1,1,1,"yerinde","yerinde",0.00,"oyuncu +24000 can, dost +12000 can, mermi sil 5 yut 0 dön 0 perde 0 bağ 0",3.00,1.35,0.60,0.54,1.20,0.00,0.00,"","vuruş 3: 0,73s@boss6,43m/oyuncu3,95m 0,80s@boss6,98m/oyuncu4,53m 1,00s@boss6,88m/oyuncu4,54m; kalıp sonu: merkeze 3,00 m, başlangıçtan 0,00 m, kalıp simülasyonundan 0,00 m, kalıp hedefi AllyDummy; toparlanma 0,59 sn (tablo 0,26)"
1-10,"Aynalı Vuruş","Çekiç","sirtta_kapi",1,1,1,1,1,1,1,1,1,1,1,"ön","ön",255720.00,"boss:Burn+Stun, boss hız x0,00, boss ters kontrol",2.06,1.35,0.33,0.32,0.87,0.00,0.00,"0/3 kare koşu","vuruş 2: 0,60s@boss0,92m/oyuncu1,19m 0,73s@boss0,55m/oyuncu2,82m; kalıp sonu: merkeze 2,57 m, başlangıçtan 1,20 m, kalıp simülasyonundan 0,00 m, boss 0,77 m kaydı; toparlanma 0,51 sn (tablo 0,26)"
1-11,"Kopya Vuruş","Çekiç","golge_yankisi",1,1,1,1,1,1,1,1,1,1,1,"ön","ön",144528.00,"boss:Burn",2.34,1.35,0.53,0.50,1.07,0.00,0.00,"0/3 kare koşu","vuruş 2: 0,60s@boss1,19m/oyuncu1,15m 0,93s@boss2,78m/oyuncu1,39m; kalıp sonu: merkeze 3,25 m, başlangıçtan 0,90 m, kalıp simülasyonundan 0,00 m, boss 1,15 m kaydı; toparlanma 0,51 sn (tablo 0,26)"
1-12,"Akan Vuruş","Çekiç","basili_seri",1,1,1,1,1,1,1,1,1,1,1,"ön","ön",66224.00,"boss:Burn",2.93,1.35,3.00,3.00,3.53,0.00,0.00,"","vuruş 6: 0,73s@boss1,78m/oyuncu1,15m 1,27s@boss2,64m/oyuncu1,15m 1,73s@boss2,61m/oyuncu1,15m 2,27s@boss2,41m/oyuncu1,15m 2,73s@boss2,20m/oyuncu1,15m 3,27s@boss1,95m/oyuncu1,15m; kalıp sonu: merkeze 3,01 m, başlangıçtan 1,40 m, kalıp simülasyonundan 0,00 m, boss 1,41 m kaydı; toparlanma 0,51 sn (tablo 0,26)"
2-10,"Aynalı Şifa","Çekiç","ters_es",1,1,1,1,1,1,1,1,1,1,1,"yerinde","yerinde",16800.00,"oyuncu +112000 can",3.00,1.35,0.47,0.44,1.07,0.00,0.00,"","vuruş 2: 0,73s@boss2,60m/oyuncu0,40m 0,93s@boss0,00m/oyuncu3,00m; kalıp sonu: merkeze 3,00 m, başlangıçtan 0,00 m, kalıp simülasyonundan 0,00 m; toparlanma 0,59 sn (tablo 0,26)"
2-11,"Kopya Şifa","Çekiç","golge_ulak",1,1,1,1,1,1,1,1,1,1,1,"yan","yan",0.00,"oyuncu +168000 can, dost +168000 can",2.43,1.35,1.40,1.36,2.00,0.00,0.00,"0/3 kare koşu","vuruş 2: 0,67s@boss3,26m/oyuncu0,35m 1,87s@boss3,05m/oyuncu1,46m; kalıp sonu: merkeze 2,43 m, başlangıçtan 1,41 m, kalıp simülasyonundan 0,00 m, kalıp hedefi AllyDummy; toparlanma 0,59 sn (tablo 0,26)"
2-12,"Akan Şifa","Çekiç","basili_isik",1,1,1,1,1,1,1,1,1,1,1,"geri","geri",0.00,"oyuncu +140000 can, dost +28000 can",3.00,1.35,3.00,3.00,3.60,0.00,0.00,"","vuruş 6: 0,80s@boss5,38m/oyuncu2,72m 1,33s@boss5,58m/oyuncu2,72m 1,80s@boss5,75m/oyuncu2,72m 2,33s@boss5,95m/oyuncu2,72m 2,80s@boss6,13m/oyuncu2,72m 3,33s@boss6,33m/oyuncu2,72m; kalıp sonu: merkeze 3,94 m, başlangıçtan 1,20 m, kalıp simülasyonundan 0,00 m, kalıp hedefi AllyDummy; toparlanma 0,59 sn (tablo 0,26)"
3-10,"Aynalı Adım","Çekiç","iki_kapi",1,1,1,1,1,1,1,1,1,1,1,"ön","ön",10400.00,"boss:Burn",1.50,1.35,0.60,0.54,1.20,0.00,0.00,"0/4 kare koşu","vuruş 2: 0,60s@boss3,00m/oyuncu0,00m 1,00s@boss1,50m/oyuncu0,00m; kalıp sonu: merkeze 1,50 m, başlangıçtan 1,50 m, kalıp simülasyonundan 0,00 m; toparlanma 0,59 sn (tablo 0,26)"
3-11,"Kopya Adım","Çekiç","yem_kac",1,1,1,1,1,1,1,1,1,1,1,"geri","geri",8000.00,"boss:Burn, yem boss aggro",3.00,1.35,0.40,0.40,1.00,0.00,0.00,"0/5 kare koşu","vuruş 1: 0,60s@boss3,00m/oyuncu0,00m; kalıp sonu: merkeze 5,80 m, başlangıçtan 2,80 m, kalıp simülasyonundan 0,00 m; toparlanma 0,59 sn (tablo 0,26)"
3-12,"Akan Adım","Çekiç","suzulme",1,1,1,1,1,1,1,1,1,1,1,"ön","ön",39200.00,"boss:Burn, oyuncu:Haste, oyuncu hız x1,50",1.90,1.35,3.00,3.00,3.60,0.00,0.00,"","kalıp sonu: merkeze 1,90 m, başlangıçtan 1,10 m, kalıp simülasyonundan 0,00 m; toparlanma 0,59 sn (tablo 0,26)"
10-1,"Yoğun Yansı","Çekiç","tam_zamanli",1,1,1,1,1,1,1,1,1,1,1,"yerinde","yerinde",5600.00,"boss:Burn",3.00,1.35,0.53,0.50,1.13,0.00,0.00,"","vuruş 1: 0,93s@boss0,62m/oyuncu2,38m; kalıp sonu: merkeze 3,00 m, başlangıçtan 0,00 m, kalıp simülasyonundan 0,00 m; toparlanma 0,59 sn (tablo 0,26)"
10-2,"Emici Yansı","Çekiç","yutan_girdap",1,1,1,1,1,1,1,1,1,1,1,"yerinde","yerinde",31200.00,"boss:Burn, oyuncu +21600 can, mermi sil 0 yut 3 dön 0 perde 0 bağ 0",3.00,1.35,3.20,3.18,3.80,0.00,0.00,"","vuruş 4: 1,47s@boss0,62m/oyuncu2,38m 2,27s@boss0,62m/oyuncu2,38m 3,00s@boss0,62m/oyuncu2,38m 3,73s@boss0,62m/oyuncu2,38m; kalıp sonu: merkeze 3,00 m, başlangıçtan 0,00 m, kalıp simülasyonundan 0,00 m; toparlanma 0,59 sn (tablo 0,26)"
10-3,"Sıçrayan Yansı","Çekiç","seken_geri",1,1,1,1,1,1,1,1,1,1,1,"ön","ön",7200.00,"boss:Burn",1.90,1.35,0.40,0.36,1.00,0.00,0.00,"0/3 kare koşu","vuruş 2: 0,67s@boss0,55m/oyuncu1,53m 0,80s@boss0,00m/oyuncu1,90m; kalıp sonu: merkeze 1,90 m, başlangıçtan 1,10 m, kalıp simülasyonundan 0,00 m; toparlanma 0,59 sn (tablo 0,26)"
10-10,"Aynalı Yansı","Çekiç","iki_kapi",1,1,1,1,1,1,1,1,1,1,1,"ön","ön",0.00,"",1.50,1.35,0.60,0.54,1.20,0.00,0.00,"0/4 kare koşu","hasarsız skill (base_damage 0): etki hareketin kendisi; vuruş 2: 0,60s@boss3,00m/oyuncu0,00m 1,00s@boss1,50m/oyuncu0,00m; kalıp sonu: merkeze 1,50 m, başlangıçtan 1,50 m, kalıp simülasyonundan 0,00 m; toparlanma 0,59 sn (tablo 0,26)"
10-11,"Kopya Yansı","Çekiç","yem_kopya",1,1,1,1,1,1,1,1,1,1,1,"yerinde","yerinde",5600.00,"boss:Burn, yem boss aggro",2.85,1.35,0.40,0.36,1.00,0.00,0.00,"","vuruş 1: 0,80s@boss2,84m/oyuncu1,29m; kalıp sonu: merkeze 2,85 m, başlangıçtan 0,15 m, kalıp simülasyonundan 0,00 m; toparlanma 0,59 sn (tablo 0,26)"
10-12,"Akan Yansı","Çekiç","basili_siper",1,1,1,1,1,1,1,1,1,1,1,"ön","ön",30400.00,"boss:Burn",2.20,1.35,3.00,3.00,3.60,0.00,0.00,"","vuruş 3: 1,33s@boss0,41m/oyuncu2,38m 2,33s@boss0,14m/oyuncu2,38m 3,33s@boss0,13m/oyuncu2,38m; kalıp sonu: merkeze 2,20 m, başlangıçtan 0,80 m, kalıp simülasyonundan 0,00 m; toparlanma 0,59 sn (tablo 0,26)"
11-1,"Yoğun Çağrı","Çekiç","sirt_saplama",1,1,1,1,1,1,1,1,1,1,1,"ön","ön",41984.00,"boss:Burn",1.92,1.35,0.47,0.46,1.07,0.00,0.00,"0/2 kare koşu","vuruş 1: 0,93s@boss0,00m/oyuncu1,96m; kalıp sonu: merkeze 1,98 m, başlangıçtan 1,10 m, kalıp simülasyonundan 0,00 m; toparlanma 0,59 sn (tablo 0,26)"
11-2,"Emici Çağrı","Çekiç","yapisan",1,1,1,1,1,1,1,1,1,1,1,"yerinde","yerinde",306472.00,"boss:Burn, oyuncu +171759 can, mermi sil 0 yut 3 dön 0 perde 0 bağ 0",3.00,1.35,5.20,5.18,5.80,0.00,0.00,"","vuruş 6: 0,73s@boss0,20m/oyuncu3,23m 1,73s@boss0,00m/oyuncu3,11m 2,73s@boss0,00m/oyuncu3,11m 3,73s@boss0,00m/oyuncu3,11m 4,73s@boss0,00m/oyuncu3,11m 5,73s@boss0,00m/oyuncu3,11m; kalıp sonu: merkeze 3,11 m, başlangıçtan 0,00 m, kalıp simülasyonundan 0,00 m, boss 0,11 m kaydı; toparlanma 0,59 sn (tablo 0,26)"
11-3,"Sıçrayan Çağrı","Çekiç","seken_yaratik",1,1,1,1,1,1,1,1,1,1,1,"yerinde","yerinde",35568.00,"boss:Burn",3.00,1.35,0.67,0.64,1.27,0.00,0.00,"","vuruş 3: 0,80s@boss0,00m/oyuncu3,04m 0,93s@boss0,35m/oyuncu3,08m 1,13s@boss0,35m/oyuncu3,10m; kalıp sonu: merkeze 3,09 m, başlangıçtan 0,00 m, kalıp simülasyonundan 0,00 m; toparlanma 0,59 sn (tablo 0,26)"
11-10,"Aynalı Çağrı","Çekiç","takim_kapisi",1,1,1,1,1,1,1,1,1,1,1,"ön","ön",67712.00,"boss:Burn",2.35,1.35,1.40,1.36,2.00,0.00,0.00,"0/2 kare koşu","vuruş 1: 0,80s@boss2,35m/oyuncu0,00m; kalıp sonu: merkeze 2,35 m, başlangıçtan 0,65 m, kalıp simülasyonundan 0,00 m; toparlanma 0,59 sn (tablo 0,26)"
11-11,"Kopya Çağrı","Çekiç","ayna_klonlar",1,1,1,1,1,1,1,1,1,1,1,"ön","ön",59880.00,"boss:Burn",2.35,1.35,0.67,0.62,1.27,0.00,0.00,"0/2 kare koşu","vuruş 2: 0,93s@boss2,42m/oyuncu1,41m 1,07s@boss2,44m/oyuncu1,41m; kalıp sonu: merkeze 2,44 m, başlangıçtan 0,65 m, kalıp simülasyonundan 0,00 m; toparlanma 0,59 sn (tablo 0,26)"
11-12,"Akan Çağrı","Çekiç","kapidan_akin",1,1,1,1,1,1,1,1,1,1,1,"ön","ön",330032.00,"boss:Burn",2.35,1.35,4.33,4.32,4.93,0.00,0.00,"0/2 kare koşu","vuruş 6: 0,87s@boss0,85m/oyuncu1,55m 1,67s@boss0,00m/oyuncu2,45m 2,47s@boss0,00m/oyuncu2,46m 3,27s@boss0,00m/oyuncu2,46m 4,07s@boss0,00m/oyuncu2,46m 4,87s@boss0,00m/oyuncu2,46m; kalıp sonu: merkeze 2,46 m, başlangıçtan 0,65 m, kalıp simülasyonundan 0,00 m, boss 0,11 m kaydı; toparlanma 0,59 sn (tablo 0,26)"
12-1,"Yoğun Zaman","Çekiç","zamanli_donma",1,1,1,1,1,1,1,1,1,1,1,"ön","ön",4800.00,"boss:Burn+Slow, boss hız x0,70",1.67,1.35,0.53,0.50,1.13,0.00,0.00,"0/3 kare koşu","vuruş 1: 1,00s@boss0,54m/oyuncu1,28m; kalıp sonu: merkeze 1,87 m, başlangıçtan 1,60 m, kalıp simülasyonundan 0,10 m, boss 0,47 m kaydı; toparlanma 0,59 sn (tablo 0,26)"
12-2,"Emici Zaman","Çekiç","ceken_girdap",1,1,1,1,1,1,1,1,1,1,1,"yerinde","yerinde",11200.00,"boss:Burn+Slow, oyuncu:Haste, boss hız x0,70, oyuncu hız x1,30, oyuncu +21600 can, mermi sil 0 yut 3 dön 0 perde 0 bağ 0",3.04,1.35,1.33,1.32,1.93,0.00,0.00,"","vuruş 3: 1,27s@boss0,00m/oyuncu3,19m 1,73s@boss0,00m/oyuncu4,24m 1,80s@boss0,00m/oyuncu4,30m; kalıp sonu: merkeze 4,39 m, başlangıçtan 0,00 m, kalıp simülasyonundan 0,00 m, boss 1,39 m kaydı; toparlanma 0,59 sn (tablo 0,26)"
12-3,"Sıçrayan Zaman","Çekiç","geri_donen_kure",1,1,1,1,1,1,1,1,1,1,1,"yerinde","yerinde",8000.00,"boss:Burn+Slow, boss hız x0,70",3.01,1.35,0.53,0.50,1.13,0.00,0.00,"","vuruş 2: 0,73s@boss0,30m/oyuncu3,33m 1,00s@boss1,77m/oyuncu2,04m; kalıp sonu: merkeze 4,01 m, başlangıçtan 0,00 m, kalıp simülasyonundan 0,00 m, boss 1,01 m kaydı; toparlanma 0,59 sn (tablo 0,26)"
12-10,"Aynalı Zaman","Çekiç","boss_geri",1,1,1,1,1,1,1,1,1,1,1,"yerinde","yerinde",7200.00,"boss:Burn+Slow, boss hız x0,70",3.02,1.35,0.47,0.46,1.07,0.00,0.00,"","vuruş 1: 0,73s@boss0,29m/oyuncu3,38m; kalıp sonu: merkeze 3,08 m, başlangıçtan 0,00 m, kalıp simülasyonundan 0,00 m; toparlanma 0,59 sn (tablo 0,26)"
12-11,"Kopya Zaman","Çekiç","geri_sarma",1,1,1,1,1,1,1,1,1,1,1,"başlangıç","başlangıç",35200.00,"boss:Burn+Slow, boss hız x0,70",1.50,1.35,2.67,2.66,3.27,0.00,0.00,"0/9 kare koşu","kalıp sonu: merkeze 3,18 m, başlangıçtan 0,00 m, kalıp simülasyonundan 0,00 m, boss 0,18 m kaydı; toparlanma 0,59 sn (tablo 0,26)"
12-12,"Akan Zaman","Çekiç","yuruyen_balon",1,1,1,1,1,1,1,1,1,1,1,"ön","ön",48000.00,"boss:Burn+Slow, boss hız x0,70",3.00,1.35,4.20,4.20,4.80,0.00,0.00,"","vuruş 5: 0,67s@boss3,00m/oyuncu0,00m 1,73s@boss4,01m/oyuncu0,00m 2,73s@boss3,75m/oyuncu0,00m 3,73s@boss3,45m/oyuncu0,00m 4,73s@boss3,15m/oyuncu0,00m; kalıp sonu: merkeze 3,15 m, başlangıçtan 1,20 m, kalıp simülasyonundan 0,00 m, boss 1,35 m kaydı; toparlanma 0,59 sn (tablo 0,26)"
4-4,"Sabit Kalkan","Çekiç","duvar_dikme",1,1,1,1,1,1,1,1,1,1,1,"yerinde","yerinde",0.00,"",3.00,1.35,0.33,0.32,0.87,0.00,0.00,"","hasarsız skill (base_damage 0): etki hareketin kendisi; vuruş 1: 0,73s@boss0,62m/oyuncu2,38m; kalıp sonu: merkeze 3,00 m, başlangıçtan 0,00 m, kalıp simülasyonundan 0,00 m; toparlanma 0,51 sn (tablo 0,26)"
4-5,"Yayılan Kalkan","Çekiç","onde_yelpaze",1,1,1,1,1,1,1,1,1,1,1,"yerinde","yerinde",0.00,"",3.00,1.35,0.67,0.63,1.20,0.00,0.00,"","hasarsız skill (base_damage 0): etki hareketin kendisi; vuruş 1: 0,93s@boss1,88m/oyuncu1,12m; kalıp sonu: merkeze 3,00 m, başlangıçtan 0,00 m, kalıp simülasyonundan 0,00 m; toparlanma 0,51 sn (tablo 0,26)"
4-6,"Bağlayıcı Kalkan","Çekiç","zincirli_firlatma",1,1,1,1,1,1,1,1,1,1,1,"ön","ön",0.00,"",1.50,1.35,0.73,0.70,1.27,0.00,0.00,"0/4 kare koşu","hasarsız skill (base_damage 0): etki hareketin kendisi; vuruş 2: 0,67s@boss0,45m/oyuncu3,45m 1,13s@boss0,47m/oyuncu1,28m; kalıp sonu: merkeze 1,50 m, başlangıçtan 1,50 m, kalıp simülasyonundan 0,00 m; toparlanma 0,51 sn (tablo 0,26)"
4-7,"Bulandırıcı Kalkan","Çekiç","duman_duvari",1,1,1,1,1,1,1,1,1,1,1,"yerinde","yerinde",0.00,"",2.80,1.35,0.53,0.52,1.07,0.00,0.00,"","hasarsız skill (base_damage 0): etki hareketin kendisi; vuruş 1: 0,73s@boss0,42m/oyuncu2,38m; kalıp sonu: merkeze 2,80 m, başlangıçtan 0,20 m, kalıp simülasyonundan 0,00 m; toparlanma 0,51 sn (tablo 0,26)"
4-8,"Yükselen Kalkan","Çekiç","yerden_buyuyen",1,1,1,1,1,1,1,1,1,1,1,"yerinde","yerinde",0.00,"",3.00,1.35,0.47,0.42,1.00,0.00,0.00,"","hasarsız skill (base_damage 0): etki hareketin kendisi; vuruş 1: 0,80s@boss6,98m/oyuncu4,33m; kalıp sonu: merkeze 3,18 m, başlangıçtan 0,25 m, kalıp simülasyonundan 0,00 m, kalıp hedefi AllyDummy; toparlanma 0,51 sn (tablo 0,26)"
4-9,"Odaklı Kalkan","Çekiç","koruyucu_isaret",1,1,1,1,1,1,1,1,1,1,1,"geri","geri",0.00,"",3.00,1.35,0.20,0.20,0.73,0.00,0.00,"0/3 kare koşu","hasarsız skill (base_damage 0): etki hareketin kendisi; vuruş 1: 0,67s@boss3,90m/oyuncu0,35m; kalıp sonu: merkeze 3,61 m, başlangıçtan 0,80 m, kalıp simülasyonundan 0,00 m, kalıp hedefi AllyDummy; toparlanma 0,51 sn (tablo 0,26)"
5-4,"Sabit Patlama","Çekiç","mayin_cakma",1,1,1,1,1,1,1,1,1,1,1,"yerinde","yerinde",178128.00,"boss:Burn+Stun, boss hız x0,00",3.00,1.35,0.47,0.42,1.00,0.00,0.00,"","vuruş 2: 0,73s@boss0,85m/oyuncu2,15m 0,80s@boss0,85m/oyuncu2,15m; kalıp sonu: merkeze 3,64 m, başlangıçtan 0,00 m, kalıp simülasyonundan 0,00 m, boss 0,64 m kaydı; toparlanma 0,51 sn (tablo 0,26)"
5-5,"Yayılan Patlama","Çekiç","yer_yarigi",1,1,1,1,1,1,1,1,1,1,1,"ön","ön",156040.00,"boss:Burn",1.50,1.35,0.60,0.56,1.13,0.00,0.00,"0/9 kare koşu","vuruş 3: 0,80s@boss0,75m/oyuncu1,13m 0,87s@boss0,29m/oyuncu1,36m 1,00s@boss0,23m/oyuncu1,27m; kalıp sonu: merkeze 1,63 m, başlangıçtan 3,41 m, kalıp simülasyonundan 1,43 m, boss 1,86 m kaydı; toparlanma 0,51 sn (tablo 0,26)"
5-6,"Bağlayıcı Patlama","Çekiç","gerilip_kopan",1,1,1,1,1,1,1,1,1,1,1,"geri","geri",177328.00,"boss:Root+Slow+Burn, boss hız x0,00",1.35,1.35,0.60,0.58,1.13,0.00,0.00,"0/6 kare koşu","vuruş 2: 0,67s@boss0,85m/oyuncu1,21m 1,00s@boss0,86m/oyuncu2,76m; kalıp sonu: merkeze 2,86 m, başlangıçtan 0,50 m, kalıp simülasyonundan 0,01 m, boss 0,64 m kaydı; toparlanma 0,51 sn (tablo 0,26)"
5-7,"Bulandırıcı Patlama","Çekiç","sis_bombasi",1,1,1,1,1,1,1,1,1,1,1,"yerinde","yerinde",238472.00,"boss:Blind+Root+Burn+Stun, oyuncu:Stealth, boss hız x0,00",3.00,1.35,0.27,0.22,0.80,0.00,0.00,"","vuruş 1: 0,67s@boss0,35m/oyuncu3,35m; kalıp sonu: merkeze 3,69 m, başlangıçtan 0,00 m, kalıp simülasyonundan 0,00 m, boss 0,69 m kaydı; toparlanma 0,51 sn (tablo 0,26)"
5-8,"Yükselen Patlama","Çekiç","yerden_fiskirma",1,1,1,1,1,1,1,1,1,1,1,"ön","ön",192896.00,"boss:Burn+Stun, boss hız x0,00",2.60,1.35,0.47,0.44,1.00,0.00,0.00,"","vuruş 1: 0,80s@boss0,00m/oyuncu2,75m; kalıp sonu: merkeze 2,60 m, başlangıçtan 0,40 m, kalıp simülasyonundan 0,00 m; toparlanma 0,51 sn (tablo 0,26)"
5-9,"Odaklı Patlama","Çekiç","gudumlu_top",1,1,1,1,1,1,1,1,1,1,1,"yerinde","yerinde",398968.00,"boss:Burn+Stun, boss hız x0,00",3.05,1.35,0.60,0.56,1.13,0.00,0.00,"","vuruş 1: 1,00s@boss0,00m/oyuncu3,23m; kalıp sonu: merkeze 3,24 m, başlangıçtan 0,00 m, kalıp simülasyonundan 0,00 m, boss 0,24 m kaydı; toparlanma 0,51 sn (tablo 0,26)"
6-4,"Sabit Bağ","Çekiç","karsilikli_kilit",1,1,1,1,1,1,1,1,1,1,1,"ön","ön",111832.00,"boss:Burn+Root, boss hız x0,00",1.50,1.35,3.27,3.24,3.80,0.00,0.00,"0/4 kare koşu","vuruş 1: 1,00s@boss0,42m/oyuncu1,11m; kalıp sonu: merkeze 2,89 m, başlangıçtan 1,91 m, kalıp simülasyonundan 0,41 m, boss 1,80 m kaydı; toparlanma 0,51 sn (tablo 0,26)"
6-5,"Yayılan Bağ","Çekiç","yer_tuzagi",1,1,1,1,1,1,1,1,1,1,1,"yerinde","yerinde",48104.00,"boss:Burn+Root+Stun, boss hız x0,00",3.00,1.35,0.33,0.28,0.87,0.00,0.00,"","vuruş 1: 0,67s@boss0,62m/oyuncu2,38m; kalıp sonu: merkeze 3,64 m, başlangıçtan 0,00 m, kalıp simülasyonundan 0,00 m, boss 0,64 m kaydı; toparlanma 0,51 sn (tablo 0,26)"
6-6,"Bağlayıcı Bağ","Çekiç","iki_uclu",1,1,1,1,1,1,1,1,1,1,1,"yerinde","yerinde",76080.00,"boss:Root+Slow+Burn, boss hız x0,00",3.02,1.35,0.67,0.65,1.20,0.00,0.00,"","vuruş 1: 0,67s@boss0,28m/oyuncu3,39m; kalıp sonu: merkeze 4,23 m, başlangıçtan 0,00 m, kalıp simülasyonundan 0,00 m, boss 1,23 m kaydı; toparlanma 0,51 sn (tablo 0,26)"
6-7,"Bulandırıcı Bağ","Çekiç","goz_bagi",1,1,1,1,1,1,1,1,1,1,1,"yerinde","yerinde",53864.00,"boss:Blind+Burn+Root, boss hız x0,00",3.00,1.35,0.20,0.20,0.73,0.00,0.00,"","vuruş 1: 0,67s@boss0,28m/oyuncu3,28m; kalıp sonu: merkeze 3,28 m, başlangıçtan 0,00 m, kalıp simülasyonundan 0,00 m, boss 0,28 m kaydı; toparlanma 0,51 sn (tablo 0,26)"
6-8,"Yükselen Bağ","Çekiç","havada_asma",1,1,1,1,1,1,1,1,1,1,1,"ön","ön",64368.00,"boss:Stun+Burn+Root, boss hız x0,00",1.50,1.35,1.20,1.14,1.73,0.00,0.00,"0/5 kare koşu","vuruş 1: 1,00s@boss1,50m/oyuncu0,00m; kalıp sonu: merkeze 2,65 m, başlangıçtan 1,50 m, kalıp simülasyonundan 0,00 m, boss 1,15 m kaydı; toparlanma 0,51 sn (tablo 0,26)"
6-9,"Odaklı Bağ","Çekiç","zamanli_donma",1,1,1,1,1,1,1,1,1,1,1,"ön","ön",116848.00,"boss:Burn+Root+Stun, boss hız x0,00",1.50,1.35,0.53,0.50,1.07,0.00,0.00,"0/3 kare koşu","vuruş 1: 0,93s@boss0,55m/oyuncu1,27m; kalıp sonu: merkeze 1,50 m, başlangıçtan 1,54 m, kalıp simülasyonundan 0,04 m; toparlanma 0,51 sn (tablo 0,26)"
7-4,"Sabit Zafiyet","Çekiç","mayin_cakma",1,1,1,1,1,1,1,1,1,1,1,"yerinde","yerinde",30136.00,"boss:Burn",3.05,1.35,0.47,0.42,1.07,0.00,0.00,"","vuruş 2: 0,80s@boss0,85m/oyuncu2,38m 0,87s@boss0,85m/oyuncu2,38m; kalıp sonu: merkeze 3,88 m, başlangıçtan 0,00 m, kalıp simülasyonundan 0,00 m, boss 0,88 m kaydı; toparlanma 0,59 sn (tablo 0,26)"
7-5,"Yayılan Zafiyet","Çekiç","onde_yelpaze",1,1,1,1,1,1,1,1,1,1,1,"yerinde","yerinde",29568.00,"boss:Burn",3.00,1.35,0.67,0.63,1.27,0.00,0.00,"","vuruş 1: 1,00s@boss1,88m/oyuncu1,12m; kalıp sonu: merkeze 3,78 m, başlangıçtan 0,00 m, kalıp simülasyonundan 0,00 m, boss 0,78 m kaydı; toparlanma 0,59 sn (tablo 0,26)"
7-6,"Bağlayıcı Zafiyet","Çekiç","dost_ip",1,1,1,1,1,1,1,1,1,1,1,"yerinde","yerinde",36856.00,"boss:Root+Slow+Burn, boss hız x0,00",3.02,1.35,0.67,0.62,1.27,0.00,0.00,"","vuruş 1: 0,73s@boss0,28m/oyuncu3,39m; kalıp sonu: merkeze 4,23 m, başlangıçtan 0,00 m, kalıp simülasyonundan 0,00 m, boss 1,23 m kaydı; toparlanma 0,59 sn (tablo 0,26)"
8-4,"Sabit Yükseliş","Çekiç","totem_dikme",1,1,1,1,1,1,1,1,1,1,1,"yerinde","yerinde",0.00,"",3.00,1.35,0.33,0.30,0.93,0.00,0.00,"","hasarsız skill (base_damage 0): etki hareketin kendisi; vuruş 1: 0,80s@boss3,10m/oyuncu0,00m; kalıp sonu: merkeze 3,12 m, başlangıçtan 0,15 m, kalıp simülasyonundan 0,00 m, kalıp hedefi AllyDummy; toparlanma 0,59 sn (tablo 0,26)"
8-5,"Yayılan Yükseliş","Çekiç","savas_narasi",1,1,1,1,1,1,1,1,1,1,1,"yerinde","yerinde",0.00,"",3.00,1.35,0.40,0.36,1.00,0.00,0.00,"","hasarsız skill (base_damage 0): etki hareketin kendisi; vuruş 1: 0,73s@boss3,00m/oyuncu0,00m; kalıp sonu: merkeze 3,00 m, başlangıçtan 0,00 m, kalıp simülasyonundan 0,00 m; toparlanma 0,59 sn (tablo 0,26)"
8-6,"Bağlayıcı Yükseliş","Çekiç","dost_dosta",1,1,1,1,1,1,1,1,1,1,1,"yan","yan",0.00,"",2.38,1.35,0.53,0.52,1.13,0.00,0.00,"0/4 kare koşu","hasarsız skill (base_damage 0): etki hareketin kendisi; vuruş 3: 0,67s@boss4,05m/oyuncu1,22m 0,87s@boss2,84m/oyuncu1,41m 1,00s@boss4,76m/oyuncu2,38m; kalıp sonu: merkeze 2,38 m, başlangıçtan 1,41 m, kalıp simülasyonundan 0,00 m, kalıp hedefi AllyDummy; toparlanma 0,59 sn (tablo 0,26)"
9-4,"Sabit Arınma","Çekiç","yer_tuzagi",1,1,1,1,1,1,1,1,1,1,1,"yerinde","yerinde",0.00,"oyuncu +40000 can, mermi sil 5 yut 0 dön 0 perde 0 bağ 0",3.00,1.35,0.33,0.28,0.93,0.00,0.00,"","vuruş 1: 0,73s@boss0,62m/oyuncu2,38m; kalıp sonu: merkeze 3,00 m, başlangıçtan 0,00 m, kalıp simülasyonundan 0,00 m; toparlanma 0,59 sn (tablo 0,26)"
9-5,"Yayılan Arınma","Çekiç","dagilan_yagmur",1,1,1,1,1,1,1,1,1,1,1,"yerinde","yerinde",0.00,"oyuncu +40000 can, dost +40000 can, mermi sil 6 yut 0 dön 0 perde 0 bağ 0",3.00,1.35,0.60,0.58,1.20,0.00,0.00,"","vuruş 1: 0,93s@boss3,00m/oyuncu0,00m; kalıp sonu: merkeze 3,00 m, başlangıçtan 0,00 m, kalıp simülasyonundan 0,00 m, kalıp hedefi AllyDummy; toparlanma 0,59 sn (tablo 0,26)"
9-6,"Bağlayıcı Arınma","Çekiç","iki_uclu",1,1,1,1,1,1,1,1,1,1,1,"yerinde","yerinde",0.00,"oyuncu +40000 can, mermi sil 0 yut 0 dön 0 perde 0 bağ 3",3.00,1.35,0.67,0.65,1.27,0.00,0.00,"","vuruş 1: 0,73s@boss6,36m/oyuncu3,87m; kalıp sonu: merkeze 3,00 m, başlangıçtan 0,00 m, kalıp simülasyonundan 0,00 m, kalıp hedefi AllyDummy; toparlanma 0,59 sn (tablo 0,26)"
4-10,"Aynalı Kalkan","Çekiç","sirtta_kapi",1,1,1,1,1,1,1,1,1,1,1,"ön","ön",30000.00,"",1.80,1.35,0.33,0.32,0.87,0.00,0.00,"0/3 kare koşu","vuruş 2: 0,60s@boss0,92m/oyuncu1,19m 0,73s@boss0,55m/oyuncu2,35m; kalıp sonu: merkeze 1,80 m, başlangıçtan 1,20 m, kalıp simülasyonundan 0,00 m; toparlanma 0,51 sn (tablo 0,26)"
4-11,"Kopya Kalkan","Çekiç","yem_kopya",1,1,1,1,1,1,1,1,1,1,1,"yerinde","yerinde",0.00,"yem boss aggro",3.00,1.35,0.27,0.24,0.80,0.00,0.00,"","vuruş 1: 0,60s@boss2,98m/oyuncu1,29m; kalıp sonu: merkeze 3,00 m, başlangıçtan 0,00 m, kalıp simülasyonundan 0,00 m; toparlanma 0,51 sn (tablo 0,26)"
4-12,"Akan Kalkan","Çekiç","basili_siper",1,1,1,1,1,1,1,1,1,1,1,"geri","geri",0.00,"",3.00,1.35,3.00,3.00,3.53,0.00,0.00,"","hasarsız skill (base_damage 0): etki hareketin kendisi; vuruş 3: 1,27s@boss5,17m/oyuncu2,38m 2,27s@boss5,41m/oyuncu2,38m 3,27s@boss5,66m/oyuncu2,38m; kalıp sonu: merkeze 3,61 m, başlangıçtan 0,80 m, kalıp simülasyonundan 0,00 m, kalıp hedefi AllyDummy; toparlanma 0,51 sn (tablo 0,26)"
5-10,"Aynalı Patlama","Çekiç","karsi_darbe",1,1,1,1,1,1,1,1,1,1,1,"ön","ön",265432.00,"boss:Burn+Stun, boss hız x0,00, boss ters kontrol",1.92,1.35,0.40,0.36,0.93,0.00,0.00,"0/3 kare koşu","vuruş 1: 0,80s@boss0,56m/oyuncu1,36m; kalıp sonu: merkeze 2,39 m, başlangıçtan 1,30 m, kalıp simülasyonundan 0,00 m, boss 0,69 m kaydı; toparlanma 0,51 sn (tablo 0,26)"
5-11,"Kopya Patlama","Çekiç","golge_yankisi",1,1,1,1,1,1,1,1,1,1,1,"ön","ön",183336.00,"boss:Burn",2.45,1.35,0.53,0.50,1.07,0.00,0.00,"0/3 kare koşu","vuruş 2: 0,60s@boss1,30m/oyuncu1,15m 0,93s@boss3,28m/oyuncu1,39m; kalıp sonu: merkeze 3,88 m, başlangıçtan 0,90 m, kalıp simülasyonundan 0,00 m, boss 1,78 m kaydı; toparlanma 0,51 sn (tablo 0,26)"
5-12,"Akan Patlama","Çekiç","patlayan_iz",1,1,1,1,1,1,1,1,1,1,1,"ön","ön",155720.00,"boss:Root+Burn, boss hız x0,00",3.02,1.35,3.00,3.00,3.53,0.00,0.00,"","vuruş 6: 0,93s@boss2,22m/oyuncu1,53m 1,47s@boss3,51m/oyuncu1,53m 1,93s@boss4,30m/oyuncu1,53m 2,47s@boss4,18m/oyuncu1,53m 2,93s@boss3,88m/oyuncu1,53m 3,47s@boss3,50m/oyuncu1,53m; kalıp sonu: merkeze 5,03 m, başlangıçtan 2,20 m, kalıp simülasyonundan 0,70 m, boss 4,23 m kaydı; toparlanma 0,51 sn (tablo 0,26)"
6-10,"Aynalı Bağ","Çekiç","karsi_darbe",1,1,1,1,1,1,1,1,1,1,1,"ön","ön",79832.00,"boss:Burn+Root+Stun, boss hız x0,00, boss ters kontrol",1.92,1.35,0.40,0.36,0.93,0.00,0.00,"0/3 kare koşu","vuruş 1: 0,80s@boss0,56m/oyuncu1,36m; kalıp sonu: merkeze 2,17 m, başlangıçtan 1,30 m, kalıp simülasyonundan 0,00 m, boss 0,47 m kaydı; toparlanma 0,51 sn (tablo 0,26)"
6-11,"Kopya Bağ","Çekiç","onden_arkadan",1,1,1,1,1,1,1,1,1,1,1,"ön","ön",106792.00,"boss:Burn+Root, boss hız x0,00",2.39,1.35,0.40,0.34,0.93,0.00,0.00,"0/3 kare koşu","vuruş 2: 0,60s@boss1,28m/oyuncu1,11m 0,73s@boss0,60m/oyuncu3,31m; kalıp sonu: merkeze 3,14 m, başlangıçtan 0,90 m, kalıp simülasyonundan 0,00 m, boss 1,04 m kaydı; toparlanma 0,51 sn (tablo 0,26)"
6-12,"Akan Bağ","Çekiç","cember_sarma",1,1,1,1,1,1,1,1,1,1,1,"arka","arka",51576.00,"boss:Burn+Root, boss hız x0,00",1.50,1.35,0.93,0.90,1.47,0.00,0.00,"0/11 kare koşu","vuruş 1: 1,33s@boss0,00m/oyuncu2,06m; kalıp sonu: merkeze 2,53 m, başlangıçtan 4,68 m, kalıp simülasyonundan 0,10 m, boss 0,41 m kaydı; toparlanma 0,51 sn (tablo 0,26)"
10-4,"Sabit Yansı","Çekiç","duvar_dikme",1,1,1,1,1,1,1,1,1,1,1,"yerinde","yerinde",4800.00,"boss:Burn",3.00,1.35,0.33,0.32,0.93,0.00,0.00,"","vuruş 1: 0,80s@boss0,62m/oyuncu2,38m; kalıp sonu: merkeze 3,00 m, başlangıçtan 0,00 m, kalıp simülasyonundan 0,00 m; toparlanma 0,59 sn (tablo 0,26)"
10-5,"Yayılan Yansı","Çekiç","yuruyen_balon",1,1,1,1,1,1,1,1,1,1,1,"ön","ön",48000.00,"boss:Burn",1.80,1.35,4.20,4.20,4.80,0.00,0.00,"","vuruş 5: 0,67s@boss3,00m/oyuncu0,00m 1,73s@boss2,70m/oyuncu0,00m 2,73s@boss2,40m/oyuncu0,00m 3,73s@boss2,10m/oyuncu0,00m 4,73s@boss1,80m/oyuncu0,00m; kalıp sonu: merkeze 1,80 m, başlangıçtan 1,20 m, kalıp simülasyonundan 0,00 m; toparlanma 0,59 sn (tablo 0,26)"
10-6,"Bağlayıcı Yansı","Çekiç","silaha_kement",1,1,1,1,1,1,1,1,1,1,1,"yerinde","yerinde",13600.00,"boss:Root+Slow+Burn, boss hız x0,00",3.00,1.35,1.00,0.94,1.60,0.00,0.00,"","vuruş 1: 0,73s@boss0,40m/oyuncu3,40m; kalıp sonu: merkeze 3,00 m, başlangıçtan 0,00 m, kalıp simülasyonundan 0,00 m; toparlanma 0,59 sn (tablo 0,26)"
11-4,"Sabit Çağrı","Çekiç","taret_dikme",1,1,1,1,1,1,1,1,1,1,1,"ön","ön",34768.00,"boss:Burn",2.35,1.35,0.60,0.54,1.20,0.00,0.00,"0/2 kare koşu","vuruş 2: 0,80s@boss2,39m/oyuncu0,00m 1,07s@boss0,28m/oyuncu2,70m; kalıp sonu: merkeze 2,44 m, başlangıçtan 0,65 m, kalıp simülasyonundan 0,00 m; toparlanma 0,59 sn (tablo 0,26)"
11-5,"Yayılan Çağrı","Çekiç","dagilan_suru",1,1,1,1,1,1,1,1,1,1,1,"yerinde","yerinde",52000.00,"boss:Burn",3.00,1.35,0.47,0.42,1.07,0.00,0.00,"","vuruş 3: 0,67s@boss0,35m/oyuncu3,02m 0,80s@boss0,00m/oyuncu3,04m 0,93s@boss0,35m/oyuncu3,09m; kalıp sonu: merkeze 3,08 m, başlangıçtan 0,00 m, kalıp simülasyonundan 0,00 m; toparlanma 0,59 sn (tablo 0,26)"
11-6,"Bağlayıcı Çağrı","Çekiç","muhafiz",1,1,1,1,1,1,1,1,1,1,1,"ön","ön",141440.00,"boss:Burn+Root+Slow, boss hız x0,00",2.35,1.35,0.67,0.64,1.27,0.00,0.00,"0/2 kare koşu","vuruş 1: 0,80s@boss2,34m/oyuncu1,20m; kalıp sonu: merkeze 2,44 m, başlangıçtan 0,66 m, kalıp simülasyonundan 0,01 m; toparlanma 0,59 sn (tablo 0,26)"
12-4,"Sabit Zaman","Çekiç","totem_dikme",1,1,1,1,1,1,1,1,1,1,1,"yerinde","yerinde",117016.00,"boss:Burn+Slow+Stun, boss hız x0,00",2.87,1.35,0.33,0.30,0.93,0.00,0.00,"","vuruş 1: 0,80s@boss2,87m/oyuncu0,00m; kalıp sonu: merkeze 3,32 m, başlangıçtan 0,15 m, kalıp simülasyonundan 0,00 m, boss 0,47 m kaydı; toparlanma 0,59 sn (tablo 0,26)"
12-5,"Yayılan Zaman","Çekiç","genisleyen_halka",1,1,1,1,1,1,1,1,1,1,1,"yerinde","yerinde",97168.00,"boss:Burn+Slow, boss hız x0,70",3.04,1.35,0.60,0.58,1.20,0.00,0.00,"","vuruş 1: 1,00s@boss3,19m/oyuncu0,00m; kalıp sonu: merkeze 3,83 m, başlangıçtan 0,00 m, kalıp simülasyonundan 0,00 m, boss 0,83 m kaydı; toparlanma 0,59 sn (tablo 0,26)"
12-6,"Bağlayıcı Zaman","Çekiç","iki_uclu",1,1,1,1,1,1,1,1,1,1,1,"yerinde","yerinde",9600.00,"boss:Burn, oyuncu:Haste, oyuncu hız x1,30",3.03,1.35,0.67,0.65,1.27,0.00,0.00,"","vuruş 1: 0,73s@boss0,28m/oyuncu3,42m; kalıp sonu: merkeze 4,26 m, başlangıçtan 0,00 m, kalıp simülasyonundan 0,00 m, boss 1,26 m kaydı; toparlanma 0,59 sn (tablo 0,26)"
7-7,"Bulandırıcı Zafiyet","Çekiç","sis_bombasi",1,1,1,1,1,1,1,1,1,1,1,"yerinde","yerinde",29336.00,"boss:Blind+Burn",3.00,1.35,0.27,0.22,0.87,0.00,0.00,"","vuruş 1: 0,73s@boss0,35m/oyuncu3,36m; kalıp sonu: merkeze 3,48 m, başlangıçtan 0,00 m, kalıp simülasyonundan 0,00 m, boss 0,48 m kaydı; toparlanma 0,59 sn (tablo 0,26)"
7-8,"Yükselen Zafiyet","Çekiç","yerden_fiskirma",1,1,1,1,1,1,1,1,1,1,1,"ön","ön",30184.00,"boss:Burn+Stun, boss hız x0,00",2.60,1.35,0.47,0.44,1.07,0.00,0.00,"","vuruş 1: 0,87s@boss0,00m/oyuncu2,75m; kalıp sonu: merkeze 2,60 m, başlangıçtan 0,40 m, kalıp simülasyonundan 0,00 m; toparlanma 0,59 sn (tablo 0,26)"
7-9,"Odaklı Zafiyet","Çekiç","isaret_patlamasi",1,1,1,1,1,1,1,1,1,1,1,"yerinde","yerinde",76552.00,"boss:Burn",3.06,1.35,1.93,1.92,2.53,0.00,0.00,"","vuruş 1: 2,40s@boss0,00m/oyuncu3,30m; kalıp sonu: merkeze 3,30 m, başlangıçtan 0,00 m, kalıp simülasyonundan 0,00 m, boss 0,30 m kaydı; toparlanma 0,59 sn (tablo 0,26)"
7-10,"Aynalı Zafiyet","Çekiç","onden_arkadan",1,1,1,1,1,1,1,1,1,1,1,"ön","ön",40336.00,"boss:Burn",2.52,1.35,0.40,0.34,1.00,0.00,0.00,"0/3 kare koşu","vuruş 2: 0,67s@boss1,41m/oyuncu1,11m 0,80s@boss0,60m/oyuncu3,45m; kalıp sonu: merkeze 3,28 m, başlangıçtan 0,90 m, kalıp simülasyonundan 0,00 m, boss 1,18 m kaydı; toparlanma 0,59 sn (tablo 0,26)"
7-11,"Kopya Zafiyet","Çekiç","golge_yankisi",1,1,1,1,1,1,1,1,1,1,1,"ön","ön",41896.00,"boss:Burn",2.34,1.35,0.53,0.50,1.13,0.00,0.00,"0/3 kare koşu","vuruş 2: 0,67s@boss1,20m/oyuncu1,15m 1,00s@boss2,78m/oyuncu1,39m; kalıp sonu: merkeze 3,25 m, başlangıçtan 0,90 m, kalıp simülasyonundan 0,00 m, boss 1,15 m kaydı; toparlanma 0,59 sn (tablo 0,26)"
7-12,"Akan Zafiyet","Çekiç","basili_isik",1,1,1,1,1,1,1,1,1,1,1,"ön","ön",59752.00,"boss:Burn",2.96,1.35,3.00,3.00,3.60,0.00,0.00,"","vuruş 6: 0,80s@boss0,24m/oyuncu2,72m 1,33s@boss1,13m/oyuncu2,72m 1,80s@boss1,14m/oyuncu2,72m 2,33s@boss0,97m/oyuncu2,72m 2,80s@boss0,79m/oyuncu2,72m 3,33s@boss0,58m/oyuncu2,72m; kalıp sonu: merkeze 3,22 m, başlangıçtan 1,20 m, kalıp simülasyonundan 0,00 m, boss 1,42 m kaydı; toparlanma 0,59 sn (tablo 0,26)"
8-7,"Bulandırıcı Yükseliş","Çekiç","goz_bagi",1,1,1,1,1,1,1,1,1,1,1,"yerinde","yerinde",0.00,"",3.00,1.35,0.20,0.20,0.80,0.00,0.00,"","hasarsız skill (base_damage 0): etki hareketin kendisi; vuruş 1: 0,73s@boss0,28m/oyuncu3,28m; kalıp sonu: merkeze 3,00 m, başlangıçtan 0,00 m, kalıp simülasyonundan 0,00 m; toparlanma 0,59 sn (tablo 0,26)"
8-8,"Yükselen Yükseliş","Çekiç","buyuten_kemer",1,1,1,1,1,1,1,1,1,1,1,"yerinde","yerinde",0.00,"",3.00,1.35,0.47,0.42,1.07,0.00,0.00,"","hasarsız skill (base_damage 0): etki hareketin kendisi; vuruş 1: 0,87s@boss5,04m/oyuncu2,21m; kalıp sonu: merkeze 3,22 m, başlangıçtan 0,30 m, kalıp simülasyonundan 0,00 m, kalıp hedefi AllyDummy; toparlanma 0,59 sn (tablo 0,26)"
8-9,"Odaklı Yükseliş","Çekiç","gudumlu_top",1,1,1,1,1,1,1,1,1,1,1,"yerinde","yerinde",0.00,"",3.00,1.35,0.60,0.56,1.20,0.00,0.00,"","hasarsız skill (base_damage 0): etki hareketin kendisi; vuruş 1: 1,07s@boss6,98m/oyuncu4,53m; kalıp sonu: merkeze 3,00 m, başlangıçtan 0,00 m, kalıp simülasyonundan 0,00 m, kalıp hedefi AllyDummy; toparlanma 0,59 sn (tablo 0,26)"
8-10,"Aynalı Yükseliş","Çekiç","ters_es",1,1,1,1,1,1,1,1,1,1,1,"yerinde","yerinde",0.00,"boss:Weaken",3.00,1.35,0.47,0.44,1.07,0.00,0.00,"","vuruş 2: 0,73s@boss2,60m/oyuncu0,40m 0,93s@boss0,00m/oyuncu3,00m; kalıp sonu: merkeze 3,00 m, başlangıçtan 0,00 m, kalıp simülasyonundan 0,00 m; toparlanma 0,59 sn (tablo 0,26)"
8-11,"Kopya Yükseliş","Çekiç","golge_ulak",1,1,1,1,1,1,1,1,1,1,1,"yan","yan",0.00,"",2.43,1.35,1.40,1.36,2.00,0.00,0.00,"0/3 kare koşu","hasarsız skill (base_damage 0): etki hareketin kendisi; vuruş 2: 0,67s@boss3,26m/oyuncu0,35m 1,87s@boss3,05m/oyuncu1,46m; kalıp sonu: merkeze 2,43 m, başlangıçtan 1,41 m, kalıp simülasyonundan 0,00 m, kalıp hedefi AllyDummy; toparlanma 0,59 sn (tablo 0,26)"
8-12,"Akan Yükseliş","Çekiç","akinti_yolu",1,1,1,1,1,1,1,1,1,1,1,"geri","geri",0.00,"",3.00,1.35,1.00,0.94,1.60,0.00,0.00,"0/10 kare koşu","hasarsız skill (base_damage 0): etki hareketin kendisi; vuruş 1: 1,40s@boss6,27m/oyuncu2,38m; kalıp sonu: merkeze 4,11 m, başlangıçtan 1,40 m, kalıp simülasyonundan 0,00 m, kalıp hedefi AllyDummy; toparlanma 0,59 sn (tablo 0,26)"
9-7,"Bulandırıcı Arınma","Çekiç","sis_ortusu",1,1,1,1,1,1,1,1,1,1,1,"yerinde","yerinde",0.00,"oyuncu:Stealth, oyuncu +40000 can, mermi sil 0 yut 0 dön 0 perde 5 bağ 0",3.00,1.35,0.33,0.30,0.93,0.00,0.00,"","vuruş 1: 0,73s@boss0,00m/oyuncu3,00m; kalıp sonu: merkeze 3,00 m, başlangıçtan 0,00 m, kalıp simülasyonundan 0,00 m; toparlanma 0,59 sn (tablo 0,26)"
9-8,"Yükselen Arınma","Çekiç","isik_sutunu",1,1,1,1,1,1,1,1,1,1,1,"yerinde","yerinde",0.00,"oyuncu +40000 can, mermi sil 5 yut 0 dön 0 perde 0 bağ 0",3.00,1.35,0.53,0.48,1.13,0.00,0.00,"","vuruş 1: 0,93s@boss3,06m/oyuncu0,00m; kalıp sonu: merkeze 3,07 m, başlangıçtan 0,10 m, kalıp simülasyonundan 0,00 m, kalıp hedefi AllyDummy; toparlanma 0,59 sn (tablo 0,26)"
9-9,"Odaklı Arınma","Çekiç","mermi_sondur",1,1,1,1,1,1,1,1,1,1,1,"yerinde","yerinde",0.00,"oyuncu +40000 can, mermi sil 1 yut 0 dön 0 perde 0 bağ 0",3.00,1.35,0.40,0.38,1.00,0.00,0.00,"","vuruş 1: 0,87s@boss6,98m/oyuncu4,53m; kalıp sonu: merkeze 3,00 m, başlangıçtan 0,00 m, kalıp simülasyonundan 0,00 m, kalıp hedefi AllyDummy; toparlanma 0,59 sn (tablo 0,26)"
9-10,"Aynalı Arınma","Çekiç","yer_degistir",1,1,1,1,1,1,1,1,1,1,1,"arka","arka",40.00,"oyuncu +40000 can, mermi sil 0 yut 0 dön 5 perde 0 bağ 0",1.50,1.35,0.40,0.34,1.00,0.00,0.00,"0/1 kare koşu","vuruş 1: 0,87s@boss0,31m/oyuncu1,19m; kalıp sonu: merkeze 1,50 m, başlangıçtan 4,50 m, kalıp simülasyonundan 0,00 m, ışın 8,34 m konumdan çıkarıldı; tek karede 8,34 m sıçrama (sınır 2,47 m @ 67 ms, t=1,00, ışın tasarım gereği); toparlanma 0,59 sn (tablo 0,26)"
9-11,"Kopya Arınma","Çekiç","yem_kopya",1,1,1,1,1,1,1,1,1,1,1,"yerinde","yerinde",0.00,"oyuncu +40000 can, dost +40000 can, yem boss aggro, mermi sil 5 yut 0 dön 0 perde 0 bağ 0",3.00,1.35,0.27,0.24,0.87,0.00,0.00,"","vuruş 1: 0,67s@boss2,98m/oyuncu1,29m; kalıp sonu: merkeze 3,00 m, başlangıçtan 0,00 m, kalıp simülasyonundan 0,00 m; toparlanma 0,59 sn (tablo 0,26)"
9-12,"Akan Arınma","Çekiç","nabiz",1,1,1,1,1,1,1,1,1,1,1,"yerinde","yerinde",0.00,"oyuncu +24000 can, dost +12000 can, mermi sil 4 yut 0 dön 0 perde 0 bağ 0",3.00,1.35,3.20,3.18,3.80,0.00,0.00,"","vuruş 3: 1,73s@boss3,00m/oyuncu0,00m 2,73s@boss3,00m/oyuncu0,00m 3,73s@boss3,00m/oyuncu0,00m; kalıp sonu: merkeze 3,00 m, başlangıçtan 0,00 m, kalıp simülasyonundan 0,00 m; toparlanma 0,59 sn (tablo 0,26)"
10-7,"Bulandırıcı Yansı","Çekiç","sahte_goruntu",1,1,1,1,1,1,1,1,1,1,1,"geri","geri",8000.00,"boss:Blind+Burn, oyuncu:Stealth, yem boss aggro",3.00,1.35,0.47,0.44,1.07,0.00,0.00,"0/3 kare koşu","vuruş 3: 0,67s@boss3,06m/oyuncu1,37m 0,80s@boss3,06m/oyuncu1,37m 0,93s@boss3,68m/oyuncu0,00m; kalıp sonu: merkeze 3,90 m, başlangıçtan 0,90 m, kalıp simülasyonundan 0,00 m; toparlanma 0,59 sn (tablo 0,26)"
10-8,"Yükselen Yansı","Çekiç","yerden_buyuyen",1,1,1,1,1,1,1,1,1,1,1,"yerinde","yerinde",3200.00,"boss:Burn",2.75,1.35,0.47,0.42,1.07,0.00,0.00,"","vuruş 1: 0,87s@boss0,00m/oyuncu2,80m; kalıp sonu: merkeze 2,75 m, başlangıçtan 0,25 m, kalıp simülasyonundan 0,00 m; toparlanma 0,59 sn (tablo 0,26)"
10-9,"Odaklı Yansı","Çekiç","koruyucu_isaret",1,1,1,1,1,1,1,1,1,1,1,"ön","ön",0.00,"",2.10,1.35,0.33,0.32,0.93,0.00,0.00,"0/3 kare koşu","hasarsız skill (base_damage 0): etki hareketin kendisi; vuruş 1: 0,80s@boss1,96m/oyuncu0,35m; kalıp sonu: merkeze 2,10 m, başlangıçtan 0,90 m, kalıp simülasyonundan 0,00 m; toparlanma 0,59 sn (tablo 0,26)"
11-7,"Bulandırıcı Çağrı","Çekiç","sirt_saplama",1,1,1,1,1,1,1,1,1,1,1,"yerinde","yerinde",33168.00,"boss:Blind+Burn",2.85,1.35,0.47,0.44,1.07,0.00,0.00,"","vuruş 1: 0,93s@boss0,00m/oyuncu2,91m; kalıp sonu: merkeze 2,93 m, başlangıçtan 0,15 m, kalıp simülasyonundan 0,00 m; toparlanma 0,59 sn (tablo 0,26)"
11-8,"Yükselen Çağrı","Çekiç","dostu_yerden",1,1,1,1,1,1,1,1,1,1,1,"yan","yan",34184.00,"boss:Burn",2.47,1.35,0.93,0.90,1.53,0.00,0.00,"0/10 kare koşu","vuruş 1: 1,33s@boss2,37m/oyuncu0,95m; kalıp sonu: merkeze 2,52 m, başlangıçtan 1,11 m, kalıp simülasyonundan 0,00 m; toparlanma 0,59 sn (tablo 0,26)"
11-9,"Odaklı Çağrı","Çekiç","pesinden_av",1,1,1,1,1,1,1,1,1,1,1,"ön","ön",259232.00,"boss:Burn",1.92,1.35,2.47,2.46,3.07,0.00,0.00,"0/2 kare koşu","vuruş 1: 2,93s@boss0,00m/oyuncu2,01m; kalıp sonu: merkeze 2,01 m, başlangıçtan 1,10 m, kalıp simülasyonundan 0,00 m, boss 0,11 m kaydı; toparlanma 0,59 sn (tablo 0,26)"
12-7,"Bulandırıcı Zaman","Çekiç","kum_saati",1,1,1,1,1,1,1,1,1,1,1,"yerinde","yerinde",123400.00,"boss:Blind+Burn+Slow, boss hız x0,70",3.00,1.35,0.67,0.62,1.27,0.00,0.00,"","vuruş 1: 0,73s@boss0,28m/oyuncu3,28m; kalıp sonu: merkeze 4,11 m, başlangıçtan 0,00 m, kalıp simülasyonundan 0,00 m, boss 1,11 m kaydı; toparlanma 0,59 sn (tablo 0,26)"
12-8,"Yükselen Zaman","Çekiç","isik_sutunu",1,1,1,1,1,1,1,1,1,1,1,"yerinde","yerinde",3200.00,"boss:Burn, oyuncu:Haste, oyuncu hız x1,50",2.90,1.35,0.53,0.48,1.13,0.00,0.00,"","vuruş 1: 0,93s@boss2,92m/oyuncu0,00m; kalıp sonu: merkeze 2,90 m, başlangıçtan 0,10 m, kalıp simülasyonundan 0,00 m; toparlanma 0,59 sn (tablo 0,26)"
12-9,"Odaklı Zaman","Çekiç","isaret_patlamasi",1,1,1,1,1,1,1,1,1,1,1,"yerinde","yerinde",3200.00,"boss:Burn+Slow, boss hız x0,70",3.00,1.35,1.93,1.92,2.53,0.00,0.00,"","vuruş 1: 2,40s@boss0,00m/oyuncu3,00m; kalıp sonu: merkeze 3,00 m, başlangıçtan 0,00 m, kalıp simülasyonundan 0,00 m; toparlanma 0,59 sn (tablo 0,26)"
1-1,"Yoğun Vuruş","Top","yukle_birak",1,1,1,1,1,1,1,1,1,1,1,"ön","ön",324336.00,"boss:Burn",1.92,1.35,0.67,0.64,1.47,0.00,0.00,"0/5 kare koşu","vuruş 1: 1,20s@boss0,52m/oyuncu1,53m; kalıp sonu: merkeze 2,88 m, başlangıçtan 1,20 m, kalıp simülasyonundan 0,20 m, boss 1,08 m kaydı; toparlanma 0,74 sn (tablo 0,26)"
1-2,"Emici Vuruş","Top","kan_ceken_pence",1,1,1,1,1,1,1,1,1,1,1,"yerinde","yerinde",234112.00,"boss:Burn, oyuncu +89671 can, mermi sil 0 yut 3 dön 0 perde 0 bağ 0",1.34,1.35,0.40,0.38,1.20,0.00,0.00,"","vuruş 3: 0,87s@boss1,89m/oyuncu1,02m 1,00s@boss1,27m/oyuncu1,02m 1,13s@boss0,64m/oyuncu1,02m; kalıp sonu: merkeze 1,34 m, başlangıçtan 0,00 m, kalıp simülasyonundan 0,00 m, boss 1,66 m kaydı; yer değiştiren: kalıp 0,00 m, başka 0,50 m, dodge 0 kare; toparlanma 0,74 sn (tablo 0,26)"
1-3,"Sıçrayan Vuruş","Top","yan_yan_sekme",1,1,1,1,1,1,1,1,1,1,1,"geri","geri",367912.00,"boss:Burn",2.95,1.35,0.60,0.58,1.40,0.00,0.00,"0/9 kare koşu","vuruş 2: 0,87s@boss0,74m/oyuncu3,61m 1,20s@boss0,74m/oyuncu5,09m; kalıp sonu: merkeze 5,09 m, başlangıçtan 1,60 m, kalıp simülasyonundan 0,14 m, boss 1,21 m kaydı; toparlanma 0,74 sn (tablo 0,26)"
1-4,"Sabit Vuruş","Top","yere_cakilan",1,1,1,1,1,1,1,1,1,1,1,"yerinde","yerinde",241912.00,"boss:Burn",2.97,1.35,0.60,0.54,1.40,0.00,0.00,"0/2 kare koşu","vuruş 1: 1,13s@boss2,97m/oyuncu0,00m; kalıp sonu: merkeze 4,24 m, başlangıçtan 0,30 m, kalıp simülasyonundan 0,00 m, boss 0,94 m kaydı; toparlanma 0,74 sn (tablo 0,26)"
1-5,"Yayılan Vuruş","Top","donen_kesik",1,1,1,1,1,1,1,1,1,1,1,"geri","geri",209784.00,"boss:Burn",3.00,1.35,0.73,0.67,1.53,0.00,0.00,"0/2 kare koşu","vuruş 1: 1,00s@boss3,00m/oyuncu0,00m; kalıp sonu: merkeze 4,61 m, başlangıçtan 0,50 m, kalıp simülasyonundan 0,00 m, boss 1,11 m kaydı; toparlanma 0,74 sn (tablo 0,26)"
1-6,"Bağlayıcı Vuruş","Top","zincirli_firlatma",1,1,1,1,1,1,1,1,1,1,1,"ön","ön",329904.00,"boss:Root+Slow+Burn, boss hız x0,00",2.91,1.35,0.87,0.82,1.67,0.00,0.00,"0/5 kare koşu","vuruş 2: 0,93s@boss0,45m/oyuncu3,61m 1,40s@boss1,69m/oyuncu1,28m; kalıp sonu: merkeze 3,39 m, başlangıçtan 1,00 m, kalıp simülasyonundan 0,00 m, boss 1,39 m kaydı; toparlanma 0,74 sn (tablo 0,26)"
2-1,"Yoğun Şifa","Top","tek_dokunus",1,1,1,1,1,1,1,1,1,1,1,"geri","geri",0.00,"oyuncu +200000 can",3.01,1.35,0.20,0.16,1.00,0.00,0.00,"0/2 kare koşu","vuruş 1: 0,87s@boss3,93m/oyuncu0,68m; kalıp sonu: merkeze 3,45 m, başlangıçtan 0,55 m, kalıp simülasyonundan 0,00 m, kalıp hedefi AllyDummy; toparlanma 0,74 sn (tablo 0,26)"
2-2,"Emici Şifa","Top","uzaktan_emme",1,1,1,1,1,1,1,1,1,1,1,"yerinde","yerinde",53184.00,"oyuncu +120000 can, dost +28000 can, mermi sil 0 yut 5 dön 0 perde 0 bağ 0",2.65,1.35,2.20,2.16,3.00,0.00,0.00,"","vuruş 4: 1,40s@boss0,19m/oyuncu2,72m 1,93s@boss0,10m/oyuncu2,72m 2,40s@boss0,02m/oyuncu2,72m 2,93s@boss0,07m/oyuncu2,72m; kalıp sonu: merkeze 2,65 m, başlangıçtan 0,35 m, kalıp simülasyonundan 0,00 m; toparlanma 0,74 sn (tablo 0,26)"
2-3,"Sıçrayan Şifa","Top","dosttan_dosta",1,1,1,1,1,1,1,1,1,1,1,"yerinde","yerinde",0.00,"oyuncu +236000 can, dost +68000 can",3.00,1.35,0.60,0.54,1.40,0.00,0.00,"","vuruş 3: 0,93s@boss6,43m/oyuncu3,95m 1,00s@boss6,98m/oyuncu4,53m 1,20s@boss6,88m/oyuncu4,54m; kalıp sonu: merkeze 3,00 m, başlangıçtan 0,00 m, kalıp simülasyonundan 0,00 m, kalıp hedefi AllyDummy; toparlanma 0,74 sn (tablo 0,26)"
2-4,"Sabit Şifa","Top","totem_dikme",1,1,1,1,1,1,1,1,1,1,1,"yerinde","yerinde",0.00,"oyuncu +200000 can, dost +68000 can",3.00,1.35,0.33,0.30,1.13,0.00,0.00,"","vuruş 1: 1,00s@boss3,10m/oyuncu0,00m; kalıp sonu: merkeze 3,11 m, başlangıçtan 0,15 m, kalıp simülasyonundan 0,00 m, kalıp hedefi AllyDummy; toparlanma 0,74 sn (tablo 0,26)"
2-5,"Yayılan Şifa","Top","genisleyen_halka",1,1,1,1,1,1,1,1,1,1,1,"yerinde","yerinde",0.00,"oyuncu +200000 can, dost +200000 can",3.00,1.35,0.60,0.58,1.40,0.00,0.00,"","vuruş 1: 1,20s@boss3,00m/oyuncu0,00m; kalıp sonu: merkeze 3,00 m, başlangıçtan 0,00 m, kalıp simülasyonundan 0,00 m; toparlanma 0,74 sn (tablo 0,26)"
2-6,"Bağlayıcı Şifa","Top","dostu_kanca",1,1,1,1,1,1,1,1,1,1,1,"geri","geri",0.00,"oyuncu +200000 can",3.00,1.35,0.53,0.52,1.33,0.00,0.00,"0/6 kare koşu","vuruş 1: 1,20s@boss5,79m/oyuncu0,40m; kalıp sonu: merkeze 5,92 m, başlangıçtan 3,40 m, kalıp simülasyonundan 0,00 m, kalıp hedefi AllyDummy; toparlanma 0,74 sn (tablo 0,26)"
3-1,"Yoğun Adım","Top","kisa_dash",1,1,1,1,1,1,1,1,1,1,1,"ön","ön",5600.00,"boss:Burn",1.50,1.35,0.20,0.16,1.00,0.00,0.00,"0/3 kare koşu","kalıp sonu: merkeze 1,50 m, başlangıçtan 1,50 m, kalıp simülasyonundan 0,00 m; toparlanma 0,74 sn (tablo 0,26)"
3-2,"Emici Adım","Top","icinden_emme",1,1,1,1,1,1,1,1,1,1,1,"arka","arka",5600.00,"boss:Burn, oyuncu +28801 can, mermi sil 0 yut 4 dön 0 perde 0 bağ 0",0.17,1.35,0.33,0.28,1.13,0.00,0.00,"0/5 kare koşu","vuruş 1: 0,93s@boss0,24m/oyuncu1,36m; kalıp sonu: merkeze 2,61 m, başlangıçtan 5,27 m, kalıp simülasyonundan 0,38 m, boss 0,34 m kaydı; gövdeye girdi: merkeze 0,17 m (t=0,87, temas 1,35) geçiş tasarım gereği; toparlanma 0,74 sn (tablo 0,26)"
3-3,"Sıçrayan Adım","Top","sekmeli_ziplama",1,1,1,1,1,1,1,1,1,1,1,"arka","arka",6400.00,"boss:Burn",1.50,1.35,0.40,0.40,1.20,0.00,0.00,"0/6 kare koşu","vuruş 2: 0,93s@boss1,79m/oyuncu0,00m 1,13s@boss1,50m/oyuncu0,00m; kalıp sonu: merkeze 1,50 m, başlangıçtan 4,50 m, kalıp simülasyonundan 0,00 m; toparlanma 0,74 sn (tablo 0,26)"
3-4,"Sabit Adım","Top","geri_sarma",1,1,1,1,1,1,1,1,1,1,1,"başlangıç","başlangıç",35200.00,"boss:Burn",1.50,1.35,2.67,2.66,3.47,0.00,0.00,"0/9 kare koşu","kalıp sonu: merkeze 3,00 m, başlangıçtan 0,00 m, kalıp simülasyonundan 0,00 m; toparlanma 0,74 sn (tablo 0,26)"
3-5,"Yayılan Adım","Top","dalis_patlamasi",1,1,1,1,1,1,1,1,1,1,1,"ön","ön",5600.00,"boss:Burn",1.50,1.35,0.47,0.42,1.27,0.00,0.00,"0/4 kare koşu","vuruş 1: 1,07s@boss1,50m/oyuncu0,00m; kalıp sonu: merkeze 2,45 m, başlangıçtan 1,50 m, kalıp simülasyonundan 0,00 m, boss 0,95 m kaydı; toparlanma 0,74 sn (tablo 0,26)"
3-6,"Bağlayıcı Adım","Top","kanca_cekis",1,1,1,1,1,1,1,1,1,1,1,"arka","arka",5600.00,"boss:Root+Slow+Burn, boss hız x0,00",1.50,1.35,0.80,0.74,1.60,0.00,0.00,"0/10 kare koşu","vuruş 1: 1,40s@boss0,00m/oyuncu1,50m; kalıp sonu: merkeze 1,50 m, başlangıçtan 4,74 m, kalıp simülasyonundan 0,24 m, boss 0,24 m kaydı; toparlanma 0,74 sn (tablo 0,26)"
4-1,"Yoğun Kalkan","Top","tam_zamanli",1,1,1,1,1,1,1,1,1,1,1,"yerinde","yerinde",0.00,"",3.00,1.35,0.53,0.50,1.33,0.00,0.00,"","hasarsız skill (base_damage 0): etki hareketin kendisi; vuruş 1: 1,13s@boss0,62m/oyuncu2,38m; kalıp sonu: merkeze 3,00 m, başlangıçtan 0,00 m, kalıp simülasyonundan 0,00 m; toparlanma 0,74 sn (tablo 0,26)"
4-2,"Emici Kalkan","Top","kalkan_calma",1,1,1,1,1,1,1,1,1,1,1,"yerinde","yerinde",76000.00,"oyuncu +28801 can, mermi sil 0 yut 4 dön 0 perde 0 bağ 0",3.00,1.35,0.20,0.20,1.00,0.00,0.00,"","vuruş 1: 0,87s@boss1,73m/oyuncu1,28m; kalıp sonu: merkeze 3,00 m, başlangıçtan 0,00 m, kalıp simülasyonundan 0,00 m; toparlanma 0,74 sn (tablo 0,26)"
4-3,"Sıçrayan Kalkan","Top","seken_disk",1,1,1,1,1,1,1,1,1,1,1,"yerinde","yerinde",0.00,"oyuncu:Shield, kalkan 25",3.00,1.35,0.47,0.42,1.27,0.00,0.00,"","vuruş 2: 0,93s@boss0,30m/oyuncu3,30m 1,07s@boss3,04m/oyuncu1,43m; kalıp sonu: merkeze 3,00 m, başlangıçtan 0,00 m, kalıp simülasyonundan 0,00 m; toparlanma 0,74 sn (tablo 0,26)"
5-1,"Yoğun Patlama","Top","saplanan_fitil",1,1,1,1,1,1,1,1,1,1,1,"geri","geri",422896.00,"boss:Burn",2.38,1.35,1.80,1.74,2.47,0.00,0.00,"0/8 kare koşu","vuruş 2: 0,73s@boss0,85m/oyuncu1,53m 2,27s@boss0,85m/oyuncu3,14m; kalıp sonu: merkeze 5,48 m, başlangıçtan 1,30 m, kalıp simülasyonundan 0,00 m, boss 1,18 m kaydı; toparlanma 0,64 sn (tablo 0,26)"
5-2,"Emici Patlama","Top","ceken_girdap",1,1,1,1,1,1,1,1,1,1,1,"geri","geri",310608.00,"boss:Burn, oyuncu +110944 can, mermi sil 0 yut 3 dön 0 perde 0 bağ 0",1.34,1.35,1.47,1.44,2.13,0.00,0.00,"0/3 kare koşu","vuruş 3: 1,33s@boss0,00m/oyuncu1,34m 1,80s@boss0,00m/oyuncu1,35m 1,87s@boss0,00m/oyuncu1,35m; kalıp sonu: merkeze 1,85 m, başlangıçtan 0,50 m, kalıp simülasyonundan 0,00 m, boss 1,65 m kaydı; toparlanma 0,64 sn (tablo 0,26)"
5-3,"Sıçrayan Patlama","Top","seken_bomba",1,1,1,1,1,1,1,1,1,1,1,"geri","geri",478880.00,"boss:Burn",3.02,1.35,0.73,0.70,1.40,0.00,0.00,"0/2 kare koşu","vuruş 3: 0,80s@boss0,40m/oyuncu3,50m 0,93s@boss0,00m/oyuncu3,80m 1,13s@boss0,35m/oyuncu4,43m; kalıp sonu: merkeze 5,32 m, başlangıçtan 0,50 m, kalıp simülasyonundan 0,00 m, boss 1,82 m kaydı; toparlanma 0,64 sn (tablo 0,26)"
6-1,"Yoğun Bağ","Top","sinir_noktasi",1,1,1,1,1,1,1,1,1,1,1,"ön","ön",124824.00,"boss:Burn+Stun, boss hız x0,00",1.50,1.35,0.47,0.46,1.13,0.00,0.00,"0/5 kare koşu","vuruş 1: 0,93s@boss0,91m/oyuncu0,60m; kalıp sonu: merkeze 2,38 m, başlangıçtan 1,44 m, kalıp simülasyonundan 0,44 m, boss 0,81 m kaydı; toparlanma 0,64 sn (tablo 0,26)"
6-2,"Emici Bağ","Top","bossu_cek",1,1,1,1,1,1,1,1,1,1,1,"geri","geri",91104.00,"boss:Burn+Root, boss hız x0,00, oyuncu +53971 can, mermi sil 0 yut 4 dön 0 perde 0 bağ 0",1.56,1.35,0.60,0.56,1.27,0.00,0.00,"0/7 kare koşu","vuruş 1: 0,93s@boss2,89m/oyuncu1,36m; kalıp sonu: merkeze 2,94 m, başlangıçtan 2,10 m, kalıp simülasyonundan 0,00 m, boss 2,16 m kaydı; toparlanma 0,64 sn (tablo 0,26)"
6-3,"Sıçrayan Bağ","Top","basip_sekme",1,1,1,1,1,1,1,1,1,1,1,"başlangıç","başlangıç",142776.00,"boss:Burn+Root, boss hız x0,00",1.66,1.35,0.67,0.64,1.33,0.00,0.00,"0/10 kare koşu","vuruş 1: 0,93s@boss1,50m/oyuncu0,26m; kalıp sonu: merkeze 3,67 m, başlangıçtan 0,19 m, kalıp simülasyonundan 0,11 m, boss 0,86 m kaydı; toparlanma 0,64 sn (tablo 0,26)"
1-7,"Bulandırıcı Vuruş","Top","dumandan_cikis",1,1,1,1,1,1,1,1,1,1,1,"ön","ön",241912.00,"boss:Blind+Burn",1.78,1.35,0.60,0.60,1.40,0.00,0.00,"0/5 kare koşu","vuruş 1: 1,13s@boss0,82m/oyuncu1,36m; kalıp sonu: merkeze 2,67 m, başlangıçtan 1,30 m, kalıp simülasyonundan 0,30 m, boss 0,97 m kaydı; toparlanma 0,74 sn (tablo 0,26)"
1-8,"Yükselen Vuruş","Top","havaya_kaldirma",1,1,1,1,1,1,1,1,1,1,1,"ön","ön",260656.00,"boss:Burn+Stun, boss hız x0,00",1.92,1.35,0.47,0.46,1.27,0.00,0.00,"0/7 kare koşu","vuruş 1: 0,93s@boss1,08m/oyuncu1,28m; kalıp sonu: merkeze 2,40 m, başlangıçtan 0,60 m, kalıp simülasyonundan 0,00 m; toparlanma 0,74 sn (tablo 0,26)"
1-9,"Odaklı Vuruş","Top","isarete_vur",1,1,1,1,1,1,1,1,1,1,1,"ön","ön",602236.00,"boss:Burn",2.62,1.35,0.53,0.50,1.33,0.00,0.00,"0/5 kare koşu","vuruş 1: 1,07s@boss1,38m/oyuncu1,28m; kalıp sonu: merkeze 3,55 m, başlangıçtan 0,85 m, kalıp simülasyonundan 0,00 m, boss 1,40 m kaydı; toparlanma 0,74 sn (tablo 0,26)"
2-7,"Bulandırıcı Şifa","Top","sis_ortusu",1,1,1,1,1,1,1,1,1,1,1,"yerinde","yerinde",0.00,"oyuncu +200000 can, dost +68000 can",3.05,1.35,0.33,0.30,1.13,0.00,0.00,"","vuruş 1: 0,93s@boss0,00m/oyuncu3,23m; kalıp sonu: merkeze 3,24 m, başlangıçtan 0,00 m, kalıp simülasyonundan 0,00 m, boss 0,24 m kaydı; toparlanma 0,74 sn (tablo 0,26)"
2-8,"Yükselen Şifa","Top","yerden_buyuyen",1,1,1,1,1,1,1,1,1,1,1,"yerinde","yerinde",0.00,"oyuncu +200000 can, dost +68000 can",3.00,1.35,0.47,0.42,1.27,0.00,0.00,"","vuruş 1: 1,07s@boss6,98m/oyuncu4,33m; kalıp sonu: merkeze 3,18 m, başlangıçtan 0,25 m, kalıp simülasyonundan 0,00 m, kalıp hedefi AllyDummy; toparlanma 0,74 sn (tablo 0,26)"
2-9,"Odaklı Şifa","Top","koruyucu_isaret",1,1,1,1,1,1,1,1,1,1,1,"geri","geri",0.00,"dost +128000 can",3.00,1.35,0.20,0.20,1.00,0.00,0.00,"0/3 kare koşu","vuruş 1: 0,93s@boss3,90m/oyuncu0,35m; kalıp sonu: merkeze 3,61 m, başlangıçtan 0,80 m, kalıp simülasyonundan 0,00 m, kalıp hedefi AllyDummy; toparlanma 0,74 sn (tablo 0,26)"
3-7,"Bulandırıcı Adım","Top","duman_kaybolma",1,1,1,1,1,1,1,1,1,1,1,"ön","ön",8800.00,"boss:Blind+Burn, oyuncu:Stealth",1.50,1.35,0.60,0.59,1.40,0.00,0.00,"0/4 kare koşu","vuruş 1: 0,93s@boss1,75m/oyuncu0,00m; kalıp sonu: merkeze 1,50 m, başlangıçtan 1,50 m, kalıp simülasyonundan 0,00 m; toparlanma 0,74 sn (tablo 0,26)"
3-8,"Yükselen Adım","Top","sicrayip_cakilma",1,1,1,1,1,1,1,1,1,1,1,"ön","ön",6400.00,"boss:Burn, oyuncu:Haste, oyuncu hız x1,10",1.50,1.35,0.87,0.82,1.67,0.00,0.00,"0/5 kare koşu","vuruş 1: 1,53s@boss1,50m/oyuncu0,00m; kalıp sonu: merkeze 1,50 m, başlangıçtan 1,50 m, kalıp simülasyonundan 0,00 m; toparlanma 0,74 sn (tablo 0,26)"
3-9,"Odaklı Adım","Top","kilitli_adim",1,1,1,1,1,1,1,1,1,1,1,"arka","arka",4800.00,"boss:Burn",1.50,1.35,0.53,0.48,1.33,0.00,0.00,"0/1 kare koşu","vuruş 1: 1,20s@boss0,00m/oyuncu1,50m; kalıp sonu: merkeze 1,50 m, başlangıçtan 4,50 m, kalıp simülasyonundan 0,00 m; tek karede 4,50 m sıçrama (sınır 2,47 m @ 67 ms, t=1,07, faz adim, blink tasarım gereği); toparlanma 0,74 sn (tablo 0,26)"
7-1,"Yoğun Zafiyet","Top","diken_firlatma",1,1,1,1,1,1,1,1,1,1,1,"geri","geri",80116.00,"boss:Burn",3.00,1.35,0.53,0.52,1.20,0.00,0.00,"0/2 kare koşu","vuruş 1: 1,00s@boss0,30m/oyuncu3,30m; kalıp sonu: merkeze 4,14 m, başlangıçtan 0,50 m, kalıp simülasyonundan 0,00 m, boss 0,64 m kaydı; toparlanma 0,64 sn (tablo 0,26)"
7-2,"Emici Zafiyet","Top","sokup_cekme",1,1,1,1,1,1,1,1,1,1,1,"geri","geri",67824.00,"boss:Burn, oyuncu +39307 can, mermi sil 0 yut 3 dön 0 perde 0 bağ 0",3.05,1.35,0.60,0.56,1.27,0.00,0.00,"0/6 kare koşu","vuruş 2: 0,80s@boss0,35m/oyuncu3,70m 0,93s@boss2,84m/oyuncu1,19m; kalıp sonu: merkeze 5,07 m, başlangıçtan 1,80 m, kalıp simülasyonundan 0,00 m, boss 0,27 m kaydı; toparlanma 0,64 sn (tablo 0,26)"
7-3,"Sıçrayan Zafiyet","Top","seken_yaratik",1,1,1,1,1,1,1,1,1,1,1,"geri","geri",103096.00,"boss:Burn",3.02,1.35,0.80,0.76,1.47,0.00,0.00,"0/3 kare koşu","vuruş 3: 0,87s@boss0,00m/oyuncu3,11m 1,00s@boss0,35m/oyuncu3,59m 1,20s@boss0,35m/oyuncu4,01m; kalıp sonu: merkeze 4,76 m, başlangıçtan 0,50 m, kalıp simülasyonundan 0,00 m, boss 1,26 m kaydı; toparlanma 0,64 sn (tablo 0,26)"
8-1,"Yoğun Yükseliş","Top","kuculten_kapi",1,1,1,1,1,1,1,1,1,1,1,"yerinde","yerinde",0.00,"",3.03,1.35,0.33,0.28,1.13,0.00,0.00,"","hasarsız skill (base_damage 0): etki hareketin kendisi; vuruş 1: 0,93s@boss0,77m/oyuncu2,38m; kalıp sonu: merkeze 3,15 m, başlangıçtan 0,00 m, kalıp simülasyonundan 0,00 m, boss 0,15 m kaydı; toparlanma 0,74 sn (tablo 0,26)"
8-2,"Emici Yükseliş","Top","kan_muhru",1,1,1,1,1,1,1,1,1,1,1,"yerinde","yerinde",0.00,"oyuncu +36000 can, mermi sil 0 yut 5 dön 0 perde 0 bağ 0",3.00,1.35,0.33,0.32,1.13,0.00,0.00,"","vuruş 1: 0,93s@boss3,00m/oyuncu0,00m; kalıp sonu: merkeze 3,00 m, başlangıçtan 0,00 m, kalıp simülasyonundan 0,00 m; toparlanma 0,74 sn (tablo 0,26)"
8-3,"Sıçrayan Yükseliş","Top","pas_verme",1,1,1,1,1,1,1,1,1,1,1,"yerinde","yerinde",0.00,"",3.00,1.35,0.27,0.24,1.07,0.00,0.00,"","hasarsız skill (base_damage 0): etki hareketin kendisi; vuruş 1: 1,00s@boss6,38m/oyuncu3,90m; kalıp sonu: merkeze 3,00 m, başlangıçtan 0,00 m, kalıp simülasyonundan 0,00 m, kalıp hedefi AllyDummy; toparlanma 0,74 sn (tablo 0,26)"
9-1,"Yoğun Arınma","Top","tek_dokunus",1,1,1,1,1,1,1,1,1,1,1,"geri","geri",0.00,"oyuncu +48000 can, mermi sil 3 yut 0 dön 0 perde 0 bağ 0",3.00,1.35,0.20,0.16,1.00,0.00,0.00,"0/2 kare koşu","vuruş 1: 0,87s@boss3,89m/oyuncu0,68m; kalıp sonu: merkeze 3,41 m, başlangıçtan 0,55 m, kalıp simülasyonundan 0,00 m, kalıp hedefi AllyDummy; toparlanma 0,74 sn (tablo 0,26)"
9-2,"Emici Arınma","Top","cekip_firlat",1,1,1,1,1,1,1,1,1,1,1,"yerinde","yerinde",0.00,"oyuncu +64000 can, dost +20000 can, mermi sil 0 yut 5 dön 0 perde 0 bağ 0",3.00,1.35,0.53,0.50,1.33,0.00,0.00,"","vuruş 2: 0,93s@boss2,65m/oyuncu0,35m 1,27s@boss0,30m/oyuncu3,30m; kalıp sonu: merkeze 3,00 m, başlangıçtan 0,00 m, kalıp simülasyonundan 0,00 m; toparlanma 0,74 sn (tablo 0,26)"
9-3,"Sıçrayan Arınma","Top","dosttan_dosta",1,1,1,1,1,1,1,1,1,1,1,"yerinde","yerinde",0.00,"oyuncu +32000 can, dost +16000 can, mermi sil 5 yut 0 dön 0 perde 0 bağ 0",3.00,1.35,0.60,0.54,1.40,0.00,0.00,"","vuruş 3: 0,93s@boss6,43m/oyuncu3,95m 1,00s@boss6,98m/oyuncu4,53m 1,20s@boss6,88m/oyuncu4,54m; kalıp sonu: merkeze 3,00 m, başlangıçtan 0,00 m, kalıp simülasyonundan 0,00 m, kalıp hedefi AllyDummy; toparlanma 0,74 sn (tablo 0,26)"
1-10,"Aynalı Vuruş","Top","sirtta_kapi",1,1,1,1,1,1,1,1,1,1,1,"ön","ön",246580.00,"boss:Burn",2.06,1.35,0.47,0.44,1.27,0.00,0.00,"0/5 kare koşu","vuruş 2: 0,87s@boss0,92m/oyuncu1,19m 1,00s@boss0,55m/oyuncu2,82m; kalıp sonu: merkeze 3,27 m, başlangıçtan 0,70 m, kalıp simülasyonundan 0,00 m, boss 0,97 m kaydı; toparlanma 0,74 sn (tablo 0,26)"
1-11,"Kopya Vuruş","Top","golge_yankisi",1,1,1,1,1,1,1,1,1,1,1,"başlangıç","başlangıç",248668.00,"boss:Burn",2.43,1.35,0.67,0.62,1.47,0.00,0.00,"0/5 kare koşu","vuruş 2: 0,87s@boss1,29m/oyuncu1,15m 1,20s@boss2,86m/oyuncu1,39m; kalıp sonu: merkeze 3,95 m, başlangıçtan 0,40 m, kalıp simülasyonundan 0,00 m, boss 1,35 m kaydı; toparlanma 0,74 sn (tablo 0,26)"
1-12,"Akan Vuruş","Top","basili_seri",1,1,1,1,1,1,1,1,1,1,1,"ön","ön",203680.00,"boss:Burn",3.03,1.35,3.13,3.12,3.93,0.00,0.00,"0/2 kare koşu","vuruş 6: 1,00s@boss1,88m/oyuncu1,15m 1,53s@boss2,74m/oyuncu1,15m 2,00s@boss2,71m/oyuncu1,15m 2,53s@boss2,51m/oyuncu1,15m 3,00s@boss2,30m/oyuncu1,15m 3,53s@boss2,05m/oyuncu1,15m; kalıp sonu: merkeze 3,61 m, başlangıçtan 0,90 m, kalıp simülasyonundan 0,00 m, boss 1,51 m kaydı; toparlanma 0,74 sn (tablo 0,26)"
2-10,"Aynalı Şifa","Top","ters_es",1,1,1,1,1,1,1,1,1,1,1,"yerinde","yerinde",16800.00,"oyuncu +112000 can",3.02,1.35,0.47,0.44,1.27,0.00,0.00,"","vuruş 2: 0,93s@boss2,71m/oyuncu0,40m 1,13s@boss0,00m/oyuncu3,11m; kalıp sonu: merkeze 3,11 m, başlangıçtan 0,00 m, kalıp simülasyonundan 0,00 m, boss 0,11 m kaydı; toparlanma 0,74 sn (tablo 0,26)"
2-11,"Kopya Şifa","Top","golge_ulak",1,1,1,1,1,1,1,1,1,1,1,"yan","yan",0.00,"oyuncu +200000 can, dost +200000 can",2.43,1.35,1.40,1.36,2.20,0.00,0.00,"0/3 kare koşu","vuruş 2: 0,87s@boss3,26m/oyuncu0,35m 2,07s@boss3,05m/oyuncu1,46m; kalıp sonu: merkeze 2,43 m, başlangıçtan 1,41 m, kalıp simülasyonundan 0,00 m, kalıp hedefi AllyDummy; toparlanma 0,74 sn (tablo 0,26)"
2-12,"Akan Şifa","Top","basili_isik",1,1,1,1,1,1,1,1,1,1,1,"geri","geri",0.00,"oyuncu +160000 can, dost +32000 can",3.00,1.35,3.00,3.00,3.80,0.00,0.00,"","vuruş 6: 1,00s@boss5,38m/oyuncu2,72m 1,53s@boss5,58m/oyuncu2,72m 2,00s@boss5,75m/oyuncu2,72m 2,53s@boss5,95m/oyuncu2,72m 3,00s@boss6,13m/oyuncu2,72m 3,53s@boss6,33m/oyuncu2,72m; kalıp sonu: merkeze 3,94 m, başlangıçtan 1,20 m, kalıp simülasyonundan 0,00 m, kalıp hedefi AllyDummy; toparlanma 0,74 sn (tablo 0,26)"
3-10,"Aynalı Adım","Top","iki_kapi",1,1,1,1,1,1,1,1,1,1,1,"ön","ön",10400.00,"boss:Burn",1.50,1.35,0.60,0.54,1.40,0.00,0.00,"0/4 kare koşu","vuruş 2: 0,80s@boss3,00m/oyuncu0,00m 1,20s@boss1,50m/oyuncu0,00m; kalıp sonu: merkeze 1,50 m, başlangıçtan 1,50 m, kalıp simülasyonundan 0,00 m; toparlanma 0,74 sn (tablo 0,26)"
3-11,"Kopya Adım","Top","yem_kac",1,1,1,1,1,1,1,1,1,1,1,"geri","geri",8000.00,"boss:Burn, yem boss aggro",3.00,1.35,0.40,0.40,1.20,0.00,0.00,"0/5 kare koşu","vuruş 1: 0,80s@boss3,00m/oyuncu0,00m; kalıp sonu: merkeze 5,80 m, başlangıçtan 2,80 m, kalıp simülasyonundan 0,00 m; toparlanma 0,74 sn (tablo 0,26)"
3-12,"Akan Adım","Top","suzulme",1,1,1,1,1,1,1,1,1,1,1,"ön","ön",39200.00,"boss:Burn, oyuncu:Haste, oyuncu hız x1,50",1.90,1.35,3.00,3.00,3.80,0.00,0.00,"","kalıp sonu: merkeze 1,90 m, başlangıçtan 1,10 m, kalıp simülasyonundan 0,00 m; toparlanma 0,74 sn (tablo 0,26)"
10-1,"Yoğun Yansı","Top","tam_zamanli",1,1,1,1,1,1,1,1,1,1,1,"yerinde","yerinde",5600.00,"boss:Burn",3.00,1.35,0.53,0.50,1.33,0.00,0.00,"","vuruş 1: 1,13s@boss0,62m/oyuncu2,38m; kalıp sonu: merkeze 3,00 m, başlangıçtan 0,00 m, kalıp simülasyonundan 0,00 m; toparlanma 0,74 sn (tablo 0,26)"
10-2,"Emici Yansı","Top","yutan_girdap",1,1,1,1,1,1,1,1,1,1,1,"yerinde","yerinde",31200.00,"boss:Burn, oyuncu +21600 can, mermi sil 0 yut 3 dön 0 perde 0 bağ 0",3.00,1.35,3.20,3.18,4.00,0.00,0.00,"","vuruş 4: 1,67s@boss0,62m/oyuncu2,38m 2,47s@boss0,62m/oyuncu2,38m 3,20s@boss0,62m/oyuncu2,38m 3,93s@boss0,62m/oyuncu2,38m; kalıp sonu: merkeze 3,00 m, başlangıçtan 0,00 m, kalıp simülasyonundan 0,00 m; toparlanma 0,74 sn (tablo 0,26)"
10-3,"Sıçrayan Yansı","Top","seken_geri",1,1,1,1,1,1,1,1,1,1,1,"ön","ön",7200.00,"boss:Burn",1.90,1.35,0.40,0.36,1.20,0.00,0.00,"0/3 kare koşu","vuruş 2: 0,87s@boss0,55m/oyuncu1,53m 1,00s@boss0,00m/oyuncu1,90m; kalıp sonu: merkeze 1,90 m, başlangıçtan 1,10 m, kalıp simülasyonundan 0,00 m; toparlanma 0,74 sn (tablo 0,26)"
10-10,"Aynalı Yansı","Top","iki_kapi",1,1,1,1,1,1,1,1,1,1,1,"ön","ön",10400.00,"boss:Burn",1.50,1.35,0.60,0.54,1.40,0.00,0.00,"0/4 kare koşu","vuruş 2: 0,80s@boss3,00m/oyuncu0,00m 1,20s@boss1,50m/oyuncu0,00m; kalıp sonu: merkeze 1,50 m, başlangıçtan 1,50 m, kalıp simülasyonundan 0,00 m; toparlanma 0,74 sn (tablo 0,26)"
10-11,"Kopya Yansı","Top","yem_kopya",1,1,1,1,1,1,1,1,1,1,1,"yerinde","yerinde",5600.00,"boss:Burn, yem boss aggro",3.00,1.35,0.27,0.24,1.07,0.00,0.00,"","vuruş 1: 0,87s@boss2,98m/oyuncu1,29m; kalıp sonu: merkeze 3,00 m, başlangıçtan 0,00 m, kalıp simülasyonundan 0,00 m; toparlanma 0,74 sn (tablo 0,26)"
10-12,"Akan Yansı","Top","basili_siper",1,1,1,1,1,1,1,1,1,1,1,"ön","ön",30400.00,"boss:Burn",2.20,1.35,3.00,3.00,3.80,0.00,0.00,"","vuruş 3: 1,53s@boss0,41m/oyuncu2,38m 2,53s@boss0,14m/oyuncu2,38m 3,53s@boss0,13m/oyuncu2,38m; kalıp sonu: merkeze 2,20 m, başlangıçtan 0,80 m, kalıp simülasyonundan 0,00 m; toparlanma 0,74 sn (tablo 0,26)"
11-1,"Yoğun Çağrı","Top","sirt_saplama",1,1,1,1,1,1,1,1,1,1,1,"yerinde","yerinde",40380.00,"boss:Burn",3.00,1.35,0.33,0.32,1.13,0.00,0.00,"","vuruş 1: 1,00s@boss0,00m/oyuncu3,04m; kalıp sonu: merkeze 3,06 m, başlangıçtan 0,00 m, kalıp simülasyonundan 0,00 m; toparlanma 0,74 sn (tablo 0,26)"
11-2,"Emici Çağrı","Top","yapisan",1,1,1,1,1,1,1,1,1,1,1,"yerinde","yerinde",141208.00,"boss:Burn, oyuncu +83494 can, mermi sil 0 yut 3 dön 0 perde 0 bağ 0",3.00,1.35,5.20,5.18,6.00,0.00,0.00,"","vuruş 6: 0,93s@boss0,20m/oyuncu3,23m 1,93s@boss0,00m/oyuncu3,11m 2,93s@boss0,00m/oyuncu3,12m 3,93s@boss0,00m/oyuncu3,12m 4,93s@boss0,00m/oyuncu3,12m 5,93s@boss0,00m/oyuncu3,12m; kalıp sonu: merkeze 3,12 m, başlangıçtan 0,00 m, kalıp simülasyonundan 0,00 m, boss 0,12 m kaydı; toparlanma 0,74 sn (tablo 0,26)"
11-3,"Sıçrayan Çağrı","Top","seken_yaratik",1,1,1,1,1,1,1,1,1,1,1,"yerinde","yerinde",35572.00,"boss:Burn",3.00,1.35,0.67,0.64,1.47,0.00,0.00,"","vuruş 3: 1,00s@boss0,00m/oyuncu3,04m 1,13s@boss0,35m/oyuncu3,08m 1,33s@boss0,35m/oyuncu3,10m; kalıp sonu: merkeze 3,09 m, başlangıçtan 0,00 m, kalıp simülasyonundan 0,00 m; toparlanma 0,74 sn (tablo 0,26)"
11-10,"Aynalı Çağrı","Top","takim_kapisi",1,1,1,1,1,1,1,1,1,1,1,"yerinde","yerinde",67716.00,"boss:Burn",3.00,1.35,1.27,1.24,2.07,0.00,0.00,"","vuruş 1: 0,87s@boss3,00m/oyuncu0,00m; kalıp sonu: merkeze 3,00 m, başlangıçtan 0,00 m, kalıp simülasyonundan 0,00 m; toparlanma 0,74 sn (tablo 0,26)"
11-11,"Kopya Çağrı","Top","ayna_klonlar",1,1,1,1,1,1,1,1,1,1,1,"yerinde","yerinde",58276.00,"boss:Burn",3.00,1.35,0.53,0.50,1.33,0.00,0.00,"","vuruş 2: 1,00s@boss2,96m/oyuncu1,41m 1,20s@boss2,99m/oyuncu1,41m; kalıp sonu: merkeze 3,08 m, başlangıçtan 0,00 m, kalıp simülasyonundan 0,00 m; toparlanma 0,74 sn (tablo 0,26)"
11-12,"Akan Çağrı","Top","kapidan_akin",1,1,1,1,1,1,1,1,1,1,1,"yerinde","yerinde",334144.00,"boss:Burn",3.00,1.35,4.20,4.20,5.00,0.00,0.00,"","vuruş 6: 0,93s@boss0,85m/oyuncu2,17m 1,73s@boss0,00m/oyuncu3,11m 2,53s@boss0,00m/oyuncu3,11m 3,33s@boss0,00m/oyuncu3,11m 4,13s@boss0,00m/oyuncu3,11m 4,93s@boss0,00m/oyuncu3,11m; kalıp sonu: merkeze 3,11 m, başlangıçtan 0,00 m, kalıp simülasyonundan 0,00 m, boss 0,11 m kaydı; toparlanma 0,74 sn (tablo 0,26)"
12-1,"Yoğun Zaman","Top","zamanli_donma",1,1,1,1,1,1,1,1,1,1,1,"ön","ön",21972.00,"boss:Burn+Slow, boss hız x0,70",1.66,1.35,0.53,0.50,1.20,0.00,0.00,"0/3 kare koşu","vuruş 1: 1,07s@boss0,54m/oyuncu1,28m; kalıp sonu: merkeze 1,87 m, başlangıçtan 1,60 m, kalıp simülasyonundan 0,10 m, boss 0,47 m kaydı; toparlanma 0,64 sn (tablo 0,26)"
12-2,"Emici Zaman","Top","ceken_girdap",1,1,1,1,1,1,1,1,1,1,1,"yerinde","yerinde",11200.00,"boss:Burn+Slow, oyuncu:Haste, boss hız x0,70, oyuncu hız x1,30, oyuncu +21600 can, mermi sil 0 yut 3 dön 0 perde 0 bağ 0",3.04,1.35,1.33,1.32,2.00,0.00,0.00,"","vuruş 3: 1,33s@boss0,00m/oyuncu3,20m 1,80s@boss0,00m/oyuncu4,24m 1,87s@boss0,00m/oyuncu4,30m; kalıp sonu: merkeze 4,39 m, başlangıçtan 0,00 m, kalıp simülasyonundan 0,00 m, boss 1,39 m kaydı; toparlanma 0,64 sn (tablo 0,26)"
12-3,"Sıçrayan Zaman","Top","geri_donen_kure",1,1,1,1,1,1,1,1,1,1,1,"yerinde","yerinde",8000.00,"boss:Burn+Slow, boss hız x0,70",3.01,1.35,0.53,0.50,1.20,0.00,0.00,"","vuruş 2: 0,80s@boss0,30m/oyuncu3,33m 1,07s@boss1,77m/oyuncu2,04m; kalıp sonu: merkeze 4,01 m, başlangıçtan 0,00 m, kalıp simülasyonundan 0,00 m, boss 1,01 m kaydı; toparlanma 0,64 sn (tablo 0,26)"
12-10,"Aynalı Zaman","Top","boss_geri",1,1,1,1,1,1,1,1,1,1,1,"yerinde","yerinde",7200.00,"boss:Burn+Slow, boss hız x0,70",3.02,1.35,0.47,0.46,1.13,0.00,0.00,"","vuruş 1: 0,80s@boss0,29m/oyuncu3,38m; kalıp sonu: merkeze 3,08 m, başlangıçtan 0,00 m, kalıp simülasyonundan 0,00 m; toparlanma 0,64 sn (tablo 0,26)"
12-11,"Kopya Zaman","Top","geri_sarma",1,1,1,1,1,1,1,1,1,1,1,"başlangıç","başlangıç",35200.00,"boss:Burn+Slow, boss hız x0,70",1.50,1.35,2.67,2.66,3.33,0.00,0.00,"0/9 kare koşu","kalıp sonu: merkeze 3,18 m, başlangıçtan 0,00 m, kalıp simülasyonundan 0,00 m, boss 0,18 m kaydı; toparlanma 0,64 sn (tablo 0,26)"
12-12,"Akan Zaman","Top","yuruyen_balon",1,1,1,1,1,1,1,1,1,1,1,"ön","ön",48000.00,"boss:Burn+Slow, boss hız x0,70",3.00,1.35,4.20,4.20,4.87,0.00,0.00,"","vuruş 5: 0,73s@boss3,00m/oyuncu0,00m 1,80s@boss4,01m/oyuncu0,00m 2,80s@boss3,75m/oyuncu0,00m 3,80s@boss3,45m/oyuncu0,00m 4,80s@boss3,15m/oyuncu0,00m; kalıp sonu: merkeze 3,15 m, başlangıçtan 1,20 m, kalıp simülasyonundan 0,00 m, boss 1,35 m kaydı; toparlanma 0,64 sn (tablo 0,26)"
4-4,"Sabit Kalkan","Top","duvar_dikme",1,1,1,1,1,1,1,1,1,1,1,"yerinde","yerinde",0.00,"",3.00,1.35,0.33,0.32,1.13,0.00,0.00,"","hasarsız skill (base_damage 0): etki hareketin kendisi; vuruş 1: 1,00s@boss0,62m/oyuncu2,38m; kalıp sonu: merkeze 3,00 m, başlangıçtan 0,00 m, kalıp simülasyonundan 0,00 m; toparlanma 0,74 sn (tablo 0,26)"
4-5,"Yayılan Kalkan","Top","onde_yelpaze",1,1,1,1,1,1,1,1,1,1,1,"yerinde","yerinde",0.00,"",3.00,1.35,0.67,0.63,1.47,0.00,0.00,"","hasarsız skill (base_damage 0): etki hareketin kendisi; vuruş 1: 1,20s@boss1,88m/oyuncu1,12m; kalıp sonu: merkeze 3,00 m, başlangıçtan 0,00 m, kalıp simülasyonundan 0,00 m; toparlanma 0,74 sn (tablo 0,26)"
4-6,"Bağlayıcı Kalkan","Top","zincirli_firlatma",1,1,1,1,1,1,1,1,1,1,1,"ön","ön",0.00,"",1.50,1.35,0.73,0.70,1.53,0.00,0.00,"0/4 kare koşu","hasarsız skill (base_damage 0): etki hareketin kendisi; vuruş 2: 0,93s@boss0,45m/oyuncu3,45m 1,40s@boss0,47m/oyuncu1,28m; kalıp sonu: merkeze 1,50 m, başlangıçtan 1,50 m, kalıp simülasyonundan 0,00 m; toparlanma 0,74 sn (tablo 0,26)"
4-7,"Bulandırıcı Kalkan","Top","duman_duvari",1,1,1,1,1,1,1,1,1,1,1,"yerinde","yerinde",0.00,"",2.80,1.35,0.53,0.52,1.33,0.00,0.00,"","hasarsız skill (base_damage 0): etki hareketin kendisi; vuruş 1: 1,00s@boss0,42m/oyuncu2,38m; kalıp sonu: merkeze 2,80 m, başlangıçtan 0,20 m, kalıp simülasyonundan 0,00 m; toparlanma 0,74 sn (tablo 0,26)"
4-8,"Yükselen Kalkan","Top","yerden_buyuyen",1,1,1,1,1,1,1,1,1,1,1,"yerinde","yerinde",0.00,"",3.00,1.35,0.47,0.42,1.27,0.00,0.00,"","hasarsız skill (base_damage 0): etki hareketin kendisi; vuruş 1: 1,07s@boss6,98m/oyuncu4,33m; kalıp sonu: merkeze 3,18 m, başlangıçtan 0,25 m, kalıp simülasyonundan 0,00 m, kalıp hedefi AllyDummy; toparlanma 0,74 sn (tablo 0,26)"
4-9,"Odaklı Kalkan","Top","koruyucu_isaret",1,1,1,1,1,1,1,1,1,1,1,"geri","geri",0.00,"",3.00,1.35,0.20,0.20,1.00,0.00,0.00,"0/3 kare koşu","hasarsız skill (base_damage 0): etki hareketin kendisi; vuruş 1: 0,93s@boss3,90m/oyuncu0,35m; kalıp sonu: merkeze 3,61 m, başlangıçtan 0,80 m, kalıp simülasyonundan 0,00 m, kalıp hedefi AllyDummy; toparlanma 0,74 sn (tablo 0,26)"
5-4,"Sabit Patlama","Top","mayin_cakma",1,1,1,1,1,1,1,1,1,1,1,"geri","geri",316304.00,"boss:Burn",3.00,1.35,0.60,0.54,1.27,0.00,0.00,"0/2 kare koşu","vuruş 2: 0,87s@boss0,85m/oyuncu2,15m 0,93s@boss0,85m/oyuncu2,15m; kalıp sonu: merkeze 4,39 m, başlangıçtan 0,50 m, kalıp simülasyonundan 0,00 m, boss 0,89 m kaydı; toparlanma 0,64 sn (tablo 0,26)"
5-5,"Yayılan Patlama","Top","yer_yarigi",1,1,1,1,1,1,1,1,1,1,1,"ön","ön",275260.00,"boss:Burn",1.50,1.35,0.73,0.68,1.40,0.00,0.00,"0/10 kare koşu","vuruş 3: 0,93s@boss0,80m/oyuncu1,12m 1,00s@boss0,30m/oyuncu1,36m 1,13s@boss0,23m/oyuncu1,28m; kalıp sonu: merkeze 2,32 m, başlangıçtan 3,09 m, kalıp simülasyonundan 1,41 m, boss 2,15 m kaydı; toparlanma 0,64 sn (tablo 0,26)"
5-6,"Bağlayıcı Patlama","Top","gerilip_kopan",1,1,1,1,1,1,1,1,1,1,1,"geri","geri",420168.00,"boss:Root+Slow+Burn, boss hız x0,00",1.56,1.35,0.73,0.70,1.40,0.00,0.00,"0/8 kare koşu","vuruş 2: 0,80s@boss0,85m/oyuncu1,30m 1,13s@boss0,86m/oyuncu2,84m; kalıp sonu: merkeze 2,63 m, başlangıçtan 1,00 m, kalıp simülasyonundan 0,02 m, boss 1,37 m kaydı; toparlanma 0,64 sn (tablo 0,26)"
5-7,"Bulandırıcı Patlama","Top","sis_bombasi",1,1,1,1,1,1,1,1,1,1,1,"geri","geri",425568.00,"boss:Blind+Burn",2.98,1.35,0.40,0.34,1.07,0.00,0.00,"0/2 kare koşu","vuruş 1: 0,80s@boss0,35m/oyuncu3,33m; kalıp sonu: merkeze 4,62 m, başlangıçtan 0,50 m, kalıp simülasyonundan 0,00 m, boss 1,12 m kaydı; toparlanma 0,64 sn (tablo 0,26)"
5-8,"Yükselen Patlama","Top","yerden_fiskirma",1,1,1,1,1,1,1,1,1,1,1,"yerinde","yerinde",343216.00,"boss:Burn+Stun, boss hız x0,00",2.66,1.35,0.60,0.56,1.27,0.00,0.00,"0/2 kare koşu","vuruş 1: 0,93s@boss0,00m/oyuncu2,75m; kalıp sonu: merkeze 3,10 m, başlangıçtan 0,10 m, kalıp simülasyonundan 0,00 m; toparlanma 0,64 sn (tablo 0,26)"
5-9,"Odaklı Patlama","Top","gudumlu_top",1,1,1,1,1,1,1,1,1,1,1,"geri","geri",788436.00,"boss:Burn",3.08,1.35,0.73,0.68,1.40,0.00,0.00,"0/2 kare koşu","vuruş 1: 1,13s@boss0,00m/oyuncu3,40m; kalıp sonu: merkeze 5,35 m, başlangıçtan 0,50 m, kalıp simülasyonundan 0,00 m, boss 1,85 m kaydı; toparlanma 0,64 sn (tablo 0,26)"
6-4,"Sabit Bağ","Top","karsilikli_kilit",1,1,1,1,1,1,1,1,1,1,1,"ön","ön",172024.00,"boss:Burn+Root, boss hız x0,00",1.50,1.35,3.40,3.36,4.07,0.00,0.00,"0/7 kare koşu","vuruş 1: 1,13s@boss0,41m/oyuncu1,11m; kalıp sonu: merkeze 3,37 m, başlangıçtan 1,33 m, kalıp simülasyonundan 0,33 m, boss 1,70 m kaydı; toparlanma 0,64 sn (tablo 0,26)"
6-5,"Yayılan Bağ","Top","yer_tuzagi",1,1,1,1,1,1,1,1,1,1,1,"geri","geri",81468.00,"boss:Burn+Root, boss hız x0,00",3.02,1.35,0.40,0.40,1.07,0.00,0.00,"0/2 kare koşu","vuruş 1: 0,80s@boss0,72m/oyuncu2,38m; kalıp sonu: merkeze 4,38 m, başlangıçtan 0,50 m, kalıp simülasyonundan 0,00 m, boss 0,88 m kaydı; toparlanma 0,64 sn (tablo 0,26)"
6-6,"Bağlayıcı Bağ","Top","iki_uclu",1,1,1,1,1,1,1,1,1,1,1,"geri","geri",129420.00,"boss:Root+Slow+Burn, boss hız x0,00",3.05,1.35,0.80,0.77,1.47,0.00,0.00,"0/2 kare koşu","vuruş 1: 0,80s@boss0,28m/oyuncu3,50m; kalıp sonu: merkeze 4,93 m, başlangıçtan 0,50 m, kalıp simülasyonundan 0,00 m, boss 1,43 m kaydı; toparlanma 0,64 sn (tablo 0,26)"
6-7,"Bulandırıcı Bağ","Top","goz_bagi",1,1,1,1,1,1,1,1,1,1,1,"geri","geri",93916.00,"boss:Blind+Burn+Root, boss hız x0,00",3.01,1.35,0.33,0.32,1.00,0.00,0.00,"0/2 kare koşu","vuruş 1: 0,80s@boss0,28m/oyuncu3,31m; kalıp sonu: merkeze 4,18 m, başlangıçtan 0,50 m, kalıp simülasyonundan 0,00 m, boss 0,68 m kaydı; toparlanma 0,64 sn (tablo 0,26)"
6-8,"Yükselen Bağ","Top","havada_asma",1,1,1,1,1,1,1,1,1,1,1,"ön","ön",108348.00,"boss:Stun+Burn+Root, boss hız x0,00",1.50,1.35,1.27,1.26,1.93,0.00,0.00,"0/7 kare koşu","vuruş 1: 1,13s@boss1,50m/oyuncu0,00m; kalıp sonu: merkeze 3,19 m, başlangıçtan 1,00 m, kalıp simülasyonundan 0,00 m, boss 1,19 m kaydı; toparlanma 0,64 sn (tablo 0,26)"
6-9,"Odaklı Bağ","Top","zamanli_donma",1,1,1,1,1,1,1,1,1,1,1,"ön","ön",205528.00,"boss:Burn+Root, boss hız x0,00",1.68,1.35,0.67,0.62,1.33,0.00,0.00,"0/4 kare koşu","vuruş 1: 1,07s@boss0,60m/oyuncu1,28m; kalıp sonu: merkeze 2,05 m, başlangıçtan 1,10 m, kalıp simülasyonundan 0,10 m, boss 0,15 m kaydı; toparlanma 0,64 sn (tablo 0,26)"
7-4,"Sabit Zafiyet","Top","mayin_cakma",1,1,1,1,1,1,1,1,1,1,1,"geri","geri",62396.00,"boss:Burn",3.10,1.35,0.60,0.54,1.27,0.00,0.00,"0/2 kare koşu","vuruş 2: 0,87s@boss0,85m/oyuncu2,63m 0,93s@boss0,86m/oyuncu2,63m; kalıp sonu: merkeze 4,89 m, başlangıçtan 0,50 m, kalıp simülasyonundan 0,00 m, boss 1,39 m kaydı; toparlanma 0,64 sn (tablo 0,26)"
7-5,"Yayılan Zafiyet","Top","onde_yelpaze",1,1,1,1,1,1,1,1,1,1,1,"ön","ön",60132.00,"boss:Burn",3.00,1.35,0.80,0.75,1.47,0.00,0.00,"0/2 kare koşu","vuruş 1: 1,07s@boss1,88m/oyuncu1,12m; kalıp sonu: merkeze 4,17 m, başlangıçtan 0,50 m, kalıp simülasyonundan 0,00 m, boss 0,97 m kaydı; toparlanma 0,64 sn (tablo 0,26)"
7-6,"Bağlayıcı Zafiyet","Top","dost_ip",1,1,1,1,1,1,1,1,1,1,1,"geri","geri",94520.00,"boss:Root+Slow+Burn, boss hız x0,00",3.04,1.35,0.80,0.74,1.47,0.00,0.00,"0/2 kare koşu","vuruş 1: 0,80s@boss0,28m/oyuncu3,46m; kalıp sonu: merkeze 4,88 m, başlangıçtan 0,50 m, kalıp simülasyonundan 0,00 m, boss 1,38 m kaydı; toparlanma 0,64 sn (tablo 0,26)"
8-4,"Sabit Yükseliş","Top","totem_dikme",1,1,1,1,1,1,1,1,1,1,1,"yerinde","yerinde",0.00,"",3.01,1.35,0.33,0.30,1.13,0.00,0.00,"","hasarsız skill (base_damage 0): etki hareketin kendisi; vuruş 1: 1,00s@boss3,13m/oyuncu0,00m; kalıp sonu: merkeze 3,15 m, başlangıçtan 0,15 m, kalıp simülasyonundan 0,00 m, kalıp hedefi AllyDummy; toparlanma 0,74 sn (tablo 0,26)"
8-5,"Yayılan Yükseliş","Top","savas_narasi",1,1,1,1,1,1,1,1,1,1,1,"yerinde","yerinde",0.00,"",3.00,1.35,0.40,0.36,1.20,0.00,0.00,"","hasarsız skill (base_damage 0): etki hareketin kendisi; vuruş 1: 0,93s@boss3,00m/oyuncu0,00m; kalıp sonu: merkeze 3,00 m, başlangıçtan 0,00 m, kalıp simülasyonundan 0,00 m; toparlanma 0,74 sn (tablo 0,26)"
8-6,"Bağlayıcı Yükseliş","Top","dost_dosta",1,1,1,1,1,1,1,1,1,1,1,"yan","yan",0.00,"",2.38,1.35,0.53,0.52,1.33,0.00,0.00,"0/4 kare koşu","hasarsız skill (base_damage 0): etki hareketin kendisi; vuruş 3: 0,87s@boss4,05m/oyuncu1,22m 1,07s@boss2,84m/oyuncu1,41m 1,20s@boss4,76m/oyuncu2,38m; kalıp sonu: merkeze 2,38 m, başlangıçtan 1,41 m, kalıp simülasyonundan 0,00 m, kalıp hedefi AllyDummy; toparlanma 0,74 sn (tablo 0,26)"
9-4,"Sabit Arınma","Top","yer_tuzagi",1,1,1,1,1,1,1,1,1,1,1,"yerinde","yerinde",0.00,"oyuncu +48000 can, mermi sil 5 yut 0 dön 0 perde 0 bağ 0",3.00,1.35,0.33,0.28,1.13,0.00,0.00,"","vuruş 1: 0,93s@boss0,62m/oyuncu2,38m; kalıp sonu: merkeze 3,00 m, başlangıçtan 0,00 m, kalıp simülasyonundan 0,00 m; toparlanma 0,74 sn (tablo 0,26)"
9-5,"Yayılan Arınma","Top","dagilan_yagmur",1,1,1,1,1,1,1,1,1,1,1,"yerinde","yerinde",0.00,"oyuncu +48000 can, dost +48000 can, mermi sil 6 yut 0 dön 0 perde 0 bağ 0",3.00,1.35,0.60,0.58,1.40,0.00,0.00,"","vuruş 1: 1,13s@boss3,00m/oyuncu0,00m; kalıp sonu: merkeze 3,00 m, başlangıçtan 0,00 m, kalıp simülasyonundan 0,00 m, kalıp hedefi AllyDummy; toparlanma 0,74 sn (tablo 0,26)"
9-6,"Bağlayıcı Arınma","Top","iki_uclu",1,1,1,1,1,1,1,1,1,1,1,"yerinde","yerinde",0.00,"oyuncu +48000 can, mermi sil 0 yut 0 dön 0 perde 0 bağ 3",3.00,1.35,0.67,0.65,1.47,0.00,0.00,"","vuruş 1: 0,93s@boss6,36m/oyuncu3,87m; kalıp sonu: merkeze 3,00 m, başlangıçtan 0,00 m, kalıp simülasyonundan 0,00 m, kalıp hedefi AllyDummy; toparlanma 0,74 sn (tablo 0,26)"
4-10,"Aynalı Kalkan","Top","sirtta_kapi",1,1,1,1,1,1,1,1,1,1,1,"ön","ön",24000.00,"",1.80,1.35,0.33,0.32,1.13,0.00,0.00,"0/3 kare koşu","vuruş 2: 0,87s@boss0,92m/oyuncu1,19m 1,00s@boss0,55m/oyuncu2,35m; kalıp sonu: merkeze 1,80 m, başlangıçtan 1,20 m, kalıp simülasyonundan 0,00 m; toparlanma 0,74 sn (tablo 0,26)"
4-11,"Kopya Kalkan","Top","yem_kopya",1,1,1,1,1,1,1,1,1,1,1,"yerinde","yerinde",0.00,"yem boss aggro",3.00,1.35,0.27,0.24,1.07,0.00,0.00,"","vuruş 1: 0,87s@boss2,98m/oyuncu1,29m; kalıp sonu: merkeze 3,00 m, başlangıçtan 0,00 m, kalıp simülasyonundan 0,00 m; toparlanma 0,74 sn (tablo 0,26)"
4-12,"Akan Kalkan","Top","basili_siper",1,1,1,1,1,1,1,1,1,1,1,"geri","geri",0.00,"",3.00,1.35,3.00,3.00,3.80,0.00,0.00,"","hasarsız skill (base_damage 0): etki hareketin kendisi; vuruş 3: 1,53s@boss5,17m/oyuncu2,38m 2,53s@boss5,41m/oyuncu2,38m 3,53s@boss5,66m/oyuncu2,38m; kalıp sonu: merkeze 3,61 m, başlangıçtan 0,80 m, kalıp simülasyonundan 0,00 m, kalıp hedefi AllyDummy; toparlanma 0,74 sn (tablo 0,26)"
5-10,"Aynalı Patlama","Top","karsi_darbe",1,1,1,1,1,1,1,1,1,1,1,"ön","ön",474084.00,"boss:Burn",1.92,1.35,0.53,0.48,1.20,0.00,0.00,"0/3 kare koşu","vuruş 1: 0,93s@boss0,56m/oyuncu1,36m; kalıp sonu: merkeze 3,35 m, başlangıçtan 0,80 m, kalıp simülasyonundan 0,00 m, boss 1,15 m kaydı; toparlanma 0,64 sn (tablo 0,26)"
5-11,"Kopya Patlama","Top","golge_yankisi",1,1,1,1,1,1,1,1,1,1,1,"başlangıç","başlangıç",323132.00,"boss:Burn",2.52,1.35,0.67,0.62,1.33,0.00,0.00,"0/5 kare koşu","vuruş 2: 0,73s@boss1,38m/oyuncu1,15m 1,07s@boss3,35m/oyuncu1,39m; kalıp sonu: merkeze 4,61 m, başlangıçtan 0,40 m, kalıp simülasyonundan 0,00 m, boss 2,01 m kaydı; toparlanma 0,64 sn (tablo 0,26)"
5-12,"Akan Patlama","Top","patlayan_iz",1,1,1,1,1,1,1,1,1,1,1,"ön","ön",252924.00,"boss:Burn",3.03,1.35,3.13,3.12,3.80,0.00,0.00,"0/2 kare koşu","vuruş 6: 1,07s@boss2,31m/oyuncu1,53m 1,60s@boss3,63m/oyuncu1,53m 2,07s@boss4,40m/oyuncu1,53m 2,60s@boss4,27m/oyuncu1,53m 3,07s@boss3,98m/oyuncu1,53m 3,60s@boss3,60m/oyuncu1,53m; kalıp sonu: merkeze 5,63 m, başlangıçtan 1,70 m, kalıp simülasyonundan 0,70 m, boss 4,33 m kaydı; toparlanma 0,64 sn (tablo 0,26)"
6-10,"Aynalı Bağ","Top","karsi_darbe",1,1,1,1,1,1,1,1,1,1,1,"ön","ön",140024.00,"boss:Burn+Root, boss hız x0,00, boss ters kontrol",2.02,1.35,0.53,0.48,1.20,0.00,0.00,"0/3 kare koşu","vuruş 1: 0,93s@boss0,66m/oyuncu1,36m; kalıp sonu: merkeze 3,09 m, başlangıçtan 0,80 m, kalıp simülasyonundan 0,00 m, boss 0,89 m kaydı; toparlanma 0,64 sn (tablo 0,26)"
6-11,"Kopya Bağ","Top","onden_arkadan",1,1,1,1,1,1,1,1,1,1,1,"başlangıç","başlangıç",187268.00,"boss:Burn+Root, boss hız x0,00",2.47,1.35,0.47,0.46,1.13,0.00,0.00,"0/5 kare koşu","vuruş 2: 0,73s@boss1,36m/oyuncu1,11m 0,87s@boss0,60m/oyuncu3,40m; kalıp sonu: merkeze 3,81 m, başlangıçtan 0,40 m, kalıp simülasyonundan 0,00 m, boss 1,21 m kaydı; toparlanma 0,64 sn (tablo 0,26)"
6-12,"Akan Bağ","Top","cember_sarma",1,1,1,1,1,1,1,1,1,1,1,"arka","arka",68220.00,"boss:Burn+Root, boss hız x0,00",1.50,1.35,1.07,1.02,1.73,0.00,0.00,"0/13 kare koşu","vuruş 1: 1,47s@boss0,00m/oyuncu2,06m; kalıp sonu: merkeze 3,33 m, başlangıçtan 5,20 m, kalıp simülasyonundan 0,19 m, boss 0,67 m kaydı; toparlanma 0,64 sn (tablo 0,26)"
10-4,"Sabit Yansı","Top","duvar_dikme",1,1,1,1,1,1,1,1,1,1,1,"yerinde","yerinde",4800.00,"boss:Burn",3.00,1.35,0.33,0.32,1.13,0.00,0.00,"","vuruş 1: 1,00s@boss0,62m/oyuncu2,38m; kalıp sonu: merkeze 3,00 m, başlangıçtan 0,00 m, kalıp simülasyonundan 0,00 m; toparlanma 0,74 sn (tablo 0,26)"
10-5,"Yayılan Yansı","Top","yuruyen_balon",1,1,1,1,1,1,1,1,1,1,1,"ön","ön",48000.00,"boss:Burn",1.80,1.35,4.20,4.20,5.00,0.00,0.00,"","vuruş 5: 0,87s@boss3,00m/oyuncu0,00m 1,93s@boss2,70m/oyuncu0,00m 2,93s@boss2,40m/oyuncu0,00m 3,93s@boss2,10m/oyuncu0,00m 4,93s@boss1,80m/oyuncu0,00m; kalıp sonu: merkeze 1,80 m, başlangıçtan 1,20 m, kalıp simülasyonundan 0,00 m; toparlanma 0,74 sn (tablo 0,26)"
10-6,"Bağlayıcı Yansı","Top","silaha_kement",1,1,1,1,1,1,1,1,1,1,1,"yerinde","yerinde",13600.00,"boss:Root+Slow+Burn, boss hız x0,00",3.00,1.35,1.00,0.94,1.80,0.00,0.00,"","vuruş 1: 0,93s@boss0,40m/oyuncu3,40m; kalıp sonu: merkeze 3,00 m, başlangıçtan 0,00 m, kalıp simülasyonundan 0,00 m; toparlanma 0,74 sn (tablo 0,26)"
11-4,"Sabit Çağrı","Top","taret_dikme",1,1,1,1,1,1,1,1,1,1,1,"yerinde","yerinde",4800.00,"boss:Burn",3.00,1.35,0.47,0.42,1.27,0.00,0.00,"","vuruş 2: 0,87s@boss3,00m/oyuncu0,00m 1,13s@boss0,28m/oyuncu3,28m; kalıp sonu: merkeze 3,00 m, başlangıçtan 0,00 m, kalıp simülasyonundan 0,00 m; toparlanma 0,74 sn (tablo 0,26)"
11-5,"Yayılan Çağrı","Top","dagilan_suru",1,1,1,1,1,1,1,1,1,1,1,"yerinde","yerinde",28668.00,"boss:Burn",3.00,1.35,0.47,0.42,1.27,0.00,0.00,"","vuruş 3: 0,87s@boss0,35m/oyuncu3,02m 1,00s@boss0,00m/oyuncu3,00m 1,13s@boss0,35m/oyuncu3,02m; kalıp sonu: merkeze 3,00 m, başlangıçtan 0,00 m, kalıp simülasyonundan 0,00 m; toparlanma 0,74 sn (tablo 0,26)"
11-6,"Bağlayıcı Çağrı","Top","muhafiz",1,1,1,1,1,1,1,1,1,1,1,"yerinde","yerinde",95912.00,"boss:Burn+Root+Slow, boss hız x0,00",3.01,1.35,0.53,0.52,1.33,0.00,0.00,"","vuruş 1: 0,93s@boss2,96m/oyuncu1,20m; kalıp sonu: merkeze 3,14 m, başlangıçtan 0,00 m, kalıp simülasyonundan 0,00 m, boss 0,14 m kaydı; toparlanma 0,74 sn (tablo 0,26)"
12-4,"Sabit Zaman","Top","totem_dikme",1,1,1,1,1,1,1,1,1,1,1,"yerinde","yerinde",113344.00,"boss:Burn+Slow+Stun, boss hız x0,00",2.87,1.35,0.33,0.30,1.00,0.00,0.00,"","vuruş 1: 0,87s@boss2,87m/oyuncu0,00m; kalıp sonu: merkeze 3,32 m, başlangıçtan 0,15 m, kalıp simülasyonundan 0,00 m, boss 0,47 m kaydı; toparlanma 0,64 sn (tablo 0,26)"
12-5,"Yayılan Zaman","Top","genisleyen_halka",1,1,1,1,1,1,1,1,1,1,1,"yerinde","yerinde",51940.00,"boss:Burn+Slow, boss hız x0,70",3.04,1.35,0.60,0.58,1.27,0.00,0.00,"","vuruş 1: 1,07s@boss3,19m/oyuncu0,00m; kalıp sonu: merkeze 3,83 m, başlangıçtan 0,00 m, kalıp simülasyonundan 0,00 m, boss 0,83 m kaydı; toparlanma 0,64 sn (tablo 0,26)"
12-6,"Bağlayıcı Zaman","Top","iki_uclu",1,1,1,1,1,1,1,1,1,1,1,"yerinde","yerinde",9600.00,"boss:Burn, oyuncu:Haste, oyuncu hız x1,30",3.03,1.35,0.67,0.65,1.33,0.00,0.00,"","vuruş 1: 0,80s@boss0,28m/oyuncu3,42m; kalıp sonu: merkeze 4,26 m, başlangıçtan 0,00 m, kalıp simülasyonundan 0,00 m, boss 1,26 m kaydı; toparlanma 0,64 sn (tablo 0,26)"
7-7,"Bulandırıcı Zafiyet","Top","sis_bombasi",1,1,1,1,1,1,1,1,1,1,1,"geri","geri",61596.00,"boss:Blind+Burn",3.00,1.35,0.40,0.34,1.07,0.00,0.00,"0/2 kare koşu","vuruş 1: 0,80s@boss0,35m/oyuncu3,36m; kalıp sonu: merkeze 4,28 m, başlangıçtan 0,50 m, kalıp simülasyonundan 0,00 m, boss 0,78 m kaydı; toparlanma 0,64 sn (tablo 0,26)"
7-8,"Yükselen Zafiyet","Top","yerden_fiskirma",1,1,1,1,1,1,1,1,1,1,1,"yerinde","yerinde",63916.00,"boss:Burn+Stun, boss hız x0,00",2.66,1.35,0.60,0.56,1.27,0.00,0.00,"0/2 kare koşu","vuruş 1: 0,93s@boss0,00m/oyuncu2,75m; kalıp sonu: merkeze 3,10 m, başlangıçtan 0,10 m, kalıp simülasyonundan 0,00 m; toparlanma 0,64 sn (tablo 0,26)"
7-9,"Odaklı Zafiyet","Top","isaret_patlamasi",1,1,1,1,1,1,1,1,1,1,1,"geri","geri",169040.00,"boss:Burn",3.08,1.35,2.07,2.04,2.73,0.00,0.00,"0/2 kare koşu","vuruş 1: 2,47s@boss0,00m/oyuncu3,42m; kalıp sonu: merkeze 4,18 m, başlangıçtan 0,50 m, kalıp simülasyonundan 0,00 m, boss 0,68 m kaydı; toparlanma 0,64 sn (tablo 0,26)"
7-10,"Aynalı Zafiyet","Top","onden_arkadan",1,1,1,1,1,1,1,1,1,1,1,"başlangıç","başlangıç",82556.00,"boss:Burn",2.57,1.35,0.47,0.46,1.13,0.00,0.00,"0/5 kare koşu","vuruş 2: 0,73s@boss1,47m/oyuncu1,11m 0,87s@boss0,60m/oyuncu3,50m; kalıp sonu: merkeze 3,92 m, başlangıçtan 0,40 m, kalıp simülasyonundan 0,00 m, boss 1,32 m kaydı; toparlanma 0,64 sn (tablo 0,26)"
7-11,"Kopya Zafiyet","Top","golge_yankisi",1,1,1,1,1,1,1,1,1,1,1,"başlangıç","başlangıç",84860.00,"boss:Burn",2.43,1.35,0.67,0.62,1.33,0.00,0.00,"0/5 kare koşu","vuruş 2: 0,73s@boss1,28m/oyuncu1,15m 1,07s@boss2,86m/oyuncu1,39m; kalıp sonu: merkeze 3,95 m, başlangıçtan 0,40 m, kalıp simülasyonundan 0,00 m, boss 1,35 m kaydı; toparlanma 0,64 sn (tablo 0,26)"
7-12,"Akan Zafiyet","Top","basili_isik",1,1,1,1,1,1,1,1,1,1,1,"ön","ön",90056.00,"boss:Burn",3.03,1.35,3.13,3.12,3.80,0.00,0.00,"0/2 kare koşu","vuruş 6: 0,87s@boss0,32m/oyuncu2,72m 1,40s@boss1,22m/oyuncu2,72m 1,87s@boss1,23m/oyuncu2,72m 2,40s@boss1,06m/oyuncu2,72m 2,87s@boss0,88m/oyuncu2,72m 3,40s@boss0,67m/oyuncu2,72m; kalıp sonu: merkeze 3,81 m, başlangıçtan 0,70 m, kalıp simülasyonundan 0,00 m, boss 1,51 m kaydı; toparlanma 0,64 sn (tablo 0,26)"
8-7,"Bulandırıcı Yükseliş","Top","goz_bagi",1,1,1,1,1,1,1,1,1,1,1,"yerinde","yerinde",0.00,"",3.02,1.35,0.20,0.20,1.00,0.00,0.00,"","hasarsız skill (base_damage 0): etki hareketin kendisi; vuruş 1: 0,93s@boss0,28m/oyuncu3,38m; kalıp sonu: merkeze 3,11 m, başlangıçtan 0,00 m, kalıp simülasyonundan 0,00 m, boss 0,11 m kaydı; toparlanma 0,74 sn (tablo 0,26)"
8-8,"Yükselen Yükseliş","Top","buyuten_kemer",1,1,1,1,1,1,1,1,1,1,1,"yerinde","yerinde",0.00,"",3.00,1.35,0.47,0.42,1.27,0.00,0.00,"","hasarsız skill (base_damage 0): etki hareketin kendisi; vuruş 1: 1,07s@boss5,04m/oyuncu2,21m; kalıp sonu: merkeze 3,22 m, başlangıçtan 0,30 m, kalıp simülasyonundan 0,00 m, kalıp hedefi AllyDummy; toparlanma 0,74 sn (tablo 0,26)"
8-9,"Odaklı Yükseliş","Top","gudumlu_top",1,1,1,1,1,1,1,1,1,1,1,"yerinde","yerinde",0.00,"",3.00,1.35,0.60,0.56,1.40,0.00,0.00,"","hasarsız skill (base_damage 0): etki hareketin kendisi; vuruş 1: 1,27s@boss6,98m/oyuncu4,53m; kalıp sonu: merkeze 3,00 m, başlangıçtan 0,00 m, kalıp simülasyonundan 0,00 m, kalıp hedefi AllyDummy; toparlanma 0,74 sn (tablo 0,26)"
8-10,"Aynalı Yükseliş","Top","ters_es",1,1,1,1,1,1,1,1,1,1,1,"yerinde","yerinde",0.00,"boss:Weaken",3.00,1.35,0.47,0.44,1.27,0.00,0.00,"","vuruş 2: 0,93s@boss2,60m/oyuncu0,40m 1,13s@boss0,00m/oyuncu3,00m; kalıp sonu: merkeze 3,00 m, başlangıçtan 0,00 m, kalıp simülasyonundan 0,00 m; toparlanma 0,74 sn (tablo 0,26)"
8-11,"Kopya Yükseliş","Top","golge_ulak",1,1,1,1,1,1,1,1,1,1,1,"yan","yan",0.00,"",2.43,1.35,1.40,1.36,2.20,0.00,0.00,"0/3 kare koşu","hasarsız skill (base_damage 0): etki hareketin kendisi; vuruş 2: 0,87s@boss3,26m/oyuncu0,35m 2,07s@boss3,05m/oyuncu1,46m; kalıp sonu: merkeze 2,43 m, başlangıçtan 1,41 m, kalıp simülasyonundan 0,00 m, kalıp hedefi AllyDummy; toparlanma 0,74 sn (tablo 0,26)"
8-12,"Akan Yükseliş","Top","akinti_yolu",1,1,1,1,1,1,1,1,1,1,1,"geri","geri",0.00,"",3.00,1.35,1.00,0.94,1.80,0.00,0.00,"0/10 kare koşu","hasarsız skill (base_damage 0): etki hareketin kendisi; vuruş 1: 1,60s@boss6,27m/oyuncu2,38m; kalıp sonu: merkeze 4,11 m, başlangıçtan 1,40 m, kalıp simülasyonundan 0,00 m, kalıp hedefi AllyDummy; toparlanma 0,74 sn (tablo 0,26)"
9-7,"Bulandırıcı Arınma","Top","sis_ortusu",1,1,1,1,1,1,1,1,1,1,1,"yerinde","yerinde",0.00,"oyuncu:Stealth, oyuncu +48000 can, mermi sil 0 yut 0 dön 0 perde 5 bağ 0",3.00,1.35,0.33,0.30,1.13,0.00,0.00,"","vuruş 1: 0,93s@boss0,00m/oyuncu3,00m; kalıp sonu: merkeze 3,00 m, başlangıçtan 0,00 m, kalıp simülasyonundan 0,00 m; toparlanma 0,74 sn (tablo 0,26)"
9-8,"Yükselen Arınma","Top","isik_sutunu",1,1,1,1,1,1,1,1,1,1,1,"yerinde","yerinde",0.00,"oyuncu +48000 can, mermi sil 5 yut 0 dön 0 perde 0 bağ 0",3.00,1.35,0.53,0.48,1.33,0.00,0.00,"","vuruş 1: 1,13s@boss3,06m/oyuncu0,00m; kalıp sonu: merkeze 3,07 m, başlangıçtan 0,10 m, kalıp simülasyonundan 0,00 m, kalıp hedefi AllyDummy; toparlanma 0,74 sn (tablo 0,26)"
9-9,"Odaklı Arınma","Top","mermi_sondur",1,1,1,1,1,1,1,1,1,1,1,"yerinde","yerinde",0.00,"oyuncu +48000 can, mermi sil 1 yut 0 dön 0 perde 0 bağ 0",3.00,1.35,0.40,0.38,1.20,0.00,0.00,"","vuruş 1: 1,07s@boss6,98m/oyuncu4,53m; kalıp sonu: merkeze 3,00 m, başlangıçtan 0,00 m, kalıp simülasyonundan 0,00 m, kalıp hedefi AllyDummy; toparlanma 0,74 sn (tablo 0,26)"
9-10,"Aynalı Arınma","Top","yer_degistir",1,1,1,1,1,1,1,1,1,1,1,"arka","arka",36.00,"oyuncu +48000 can, mermi sil 0 yut 0 dön 5 perde 0 bağ 0",1.50,1.35,0.40,0.34,1.20,0.00,0.00,"0/1 kare koşu","vuruş 1: 1,07s@boss0,31m/oyuncu1,19m; kalıp sonu: merkeze 1,50 m, başlangıçtan 4,50 m, kalıp simülasyonundan 0,00 m, ışın 8,34 m konumdan çıkarıldı; tek karede 8,34 m sıçrama (sınır 2,47 m @ 67 ms, t=1,20, ışın tasarım gereği); toparlanma 0,74 sn (tablo 0,26)"
9-11,"Kopya Arınma","Top","yem_kopya",1,1,1,1,1,1,1,1,1,1,1,"yerinde","yerinde",0.00,"oyuncu +48000 can, dost +48000 can, yem boss aggro, mermi sil 5 yut 0 dön 0 perde 0 bağ 0",3.00,1.35,0.27,0.24,1.07,0.00,0.00,"","vuruş 1: 0,87s@boss2,98m/oyuncu1,29m; kalıp sonu: merkeze 3,00 m, başlangıçtan 0,00 m, kalıp simülasyonundan 0,00 m; toparlanma 0,74 sn (tablo 0,26)"
9-12,"Akan Arınma","Top","nabiz",1,1,1,1,1,1,1,1,1,1,1,"yerinde","yerinde",0.00,"oyuncu +32000 can, dost +16000 can, mermi sil 4 yut 0 dön 0 perde 0 bağ 0",3.00,1.35,3.20,3.18,4.00,0.00,0.00,"","vuruş 3: 1,93s@boss3,00m/oyuncu0,00m 2,93s@boss3,00m/oyuncu0,00m 3,93s@boss3,00m/oyuncu0,00m; kalıp sonu: merkeze 3,00 m, başlangıçtan 0,00 m, kalıp simülasyonundan 0,00 m; toparlanma 0,74 sn (tablo 0,26)"
10-7,"Bulandırıcı Yansı","Top","sahte_goruntu",1,1,1,1,1,1,1,1,1,1,1,"geri","geri",8000.00,"boss:Blind+Burn, oyuncu:Stealth, yem boss aggro",3.00,1.35,0.47,0.44,1.27,0.00,0.00,"0/3 kare koşu","vuruş 3: 0,87s@boss3,06m/oyuncu1,37m 1,00s@boss3,06m/oyuncu1,37m 1,13s@boss3,68m/oyuncu0,00m; kalıp sonu: merkeze 3,90 m, başlangıçtan 0,90 m, kalıp simülasyonundan 0,00 m; toparlanma 0,74 sn (tablo 0,26)"
10-8,"Yükselen Yansı","Top","yerden_buyuyen",1,1,1,1,1,1,1,1,1,1,1,"yerinde","yerinde",1600.00,"boss:Burn",2.75,1.35,0.47,0.42,1.27,0.00,0.00,"","vuruş 1: 1,07s@boss0,00m/oyuncu2,80m; kalıp sonu: merkeze 2,75 m, başlangıçtan 0,25 m, kalıp simülasyonundan 0,00 m; toparlanma 0,74 sn (tablo 0,26)"
10-9,"Odaklı Yansı","Top","koruyucu_isaret",1,1,1,1,1,1,1,1,1,1,1,"ön","ön",4000.00,"boss:Burn",2.20,1.35,0.20,0.20,1.00,0.00,0.00,"0/3 kare koşu","vuruş 1: 0,93s@boss1,85m/oyuncu0,35m; kalıp sonu: merkeze 2,20 m, başlangıçtan 0,80 m, kalıp simülasyonundan 0,00 m; toparlanma 0,74 sn (tablo 0,26)"
11-7,"Bulandırıcı Çağrı","Top","sirt_saplama",1,1,1,1,1,1,1,1,1,1,1,"yerinde","yerinde",31572.00,"boss:Blind+Burn",3.00,1.35,0.33,0.32,1.13,0.00,0.00,"","vuruş 1: 1,00s@boss0,00m/oyuncu3,04m; kalıp sonu: merkeze 3,06 m, başlangıçtan 0,00 m, kalıp simülasyonundan 0,00 m; toparlanma 0,74 sn (tablo 0,26)"
11-8,"Yükselen Çağrı","Top","dostu_yerden",1,1,1,1,1,1,1,1,1,1,1,"yan","yan",32584.00,"boss:Burn",2.96,1.35,0.80,0.78,1.60,0.00,0.00,"0/8 kare koşu","vuruş 1: 1,40s@boss2,82m/oyuncu0,95m; kalıp sonu: merkeze 2,99 m, başlangıçtan 0,91 m, kalıp simülasyonundan 0,00 m; toparlanma 0,74 sn (tablo 0,26)"
11-9,"Odaklı Çağrı","Top","pesinden_av",1,1,1,1,1,1,1,1,1,1,1,"yerinde","yerinde",259224.00,"boss:Burn",2.85,1.35,2.47,2.44,3.27,0.00,0.00,"","vuruş 1: 3,13s@boss0,00m/oyuncu2,96m; kalıp sonu: merkeze 2,96 m, başlangıçtan 0,15 m, kalıp simülasyonundan 0,00 m, boss 0,11 m kaydı; toparlanma 0,74 sn (tablo 0,26)"
12-7,"Bulandırıcı Zaman","Top","kum_saati",1,1,1,1,1,1,1,1,1,1,1,"yerinde","yerinde",9600.00,"boss:Blind+Burn+Slow, boss hız x0,70",3.00,1.35,0.67,0.62,1.33,0.00,0.00,"","vuruş 1: 0,80s@boss0,28m/oyuncu3,28m; kalıp sonu: merkeze 4,11 m, başlangıçtan 0,00 m, kalıp simülasyonundan 0,00 m, boss 1,11 m kaydı; toparlanma 0,64 sn (tablo 0,26)"
12-8,"Yükselen Zaman","Top","isik_sutunu",1,1,1,1,1,1,1,1,1,1,1,"yerinde","yerinde",2400.00,"boss:Burn, oyuncu:Haste, oyuncu hız x1,50",2.90,1.35,0.53,0.48,1.20,0.00,0.00,"","vuruş 1: 1,00s@boss2,92m/oyuncu0,00m; kalıp sonu: merkeze 2,90 m, başlangıçtan 0,10 m, kalıp simülasyonundan 0,00 m; toparlanma 0,64 sn (tablo 0,26)"
12-9,"Odaklı Zaman","Top","isaret_patlamasi",1,1,1,1,1,1,1,1,1,1,1,"yerinde","yerinde",2400.00,"boss:Burn+Slow, boss hız x0,70",3.00,1.35,1.93,1.92,2.60,0.00,0.00,"","vuruş 1: 2,47s@boss0,00m/oyuncu3,00m; kalıp sonu: merkeze 3,00 m, başlangıçtan 0,00 m, kalıp simülasyonundan 0,00 m; toparlanma 0,64 sn (tablo 0,26)"
1-1,"Yoğun Vuruş","Asa","yukle_birak",1,1,1,1,1,1,1,1,1,1,1,"ön","ön",164568.00,"boss:Burn",1.91,1.35,0.53,0.52,1.07,0.00,0.00,"0/3 kare koşu","vuruş 1: 0,93s@boss0,58m/oyuncu1,53m; kalıp sonu: merkeze 2,13 m, başlangıçtan 1,70 m, kalıp simülasyonundan 0,20 m, boss 0,83 m kaydı; toparlanma 0,53 sn (tablo 0,26)"
1-2,"Emici Vuruş","Asa","kan_ceken_pence",1,1,1,1,1,1,1,1,1,1,1,"yerinde","yerinde",121456.00,"boss:Burn, oyuncu +55634 can, mermi sil 0 yut 3 dön 0 perde 0 bağ 0",1.34,1.35,0.40,0.38,0.93,0.00,0.00,"","vuruş 3: 0,60s@boss1,82m/oyuncu1,02m 0,73s@boss1,22m/oyuncu1,02m 0,87s@boss0,62m/oyuncu1,02m; kalıp sonu: merkeze 1,34 m, başlangıçtan 0,00 m, kalıp simülasyonundan 0,00 m, boss 1,66 m kaydı; toparlanma 0,53 sn (tablo 0,26)"
1-3,"Sıçrayan Vuruş","Asa","yan_yan_sekme",1,1,1,1,1,1,1,1,1,1,1,"geri","geri",187956.00,"boss:Burn",2.85,1.35,0.47,0.46,1.00,0.00,0.00,"0/7 kare koşu","vuruş 2: 0,60s@boss0,74m/oyuncu3,52m 0,93s@boss0,74m/oyuncu4,98m; kalıp sonu: merkeze 4,40 m, başlangıçtan 1,30 m, kalıp simülasyonundan 0,12 m, boss 0,98 m kaydı; toparlanma 0,53 sn (tablo 0,26)"
1-4,"Sabit Vuruş","Asa","yere_cakilan",1,1,1,1,1,1,1,1,1,1,1,"yerinde","yerinde",123356.00,"boss:Burn",2.87,1.35,0.47,0.42,1.00,0.00,0.00,"","vuruş 1: 0,87s@boss2,87m/oyuncu0,00m; kalıp sonu: merkeze 3,33 m, başlangıçtan 0,20 m, kalıp simülasyonundan 0,00 m, boss 0,53 m kaydı; toparlanma 0,53 sn (tablo 0,26)"
1-5,"Yayılan Vuruş","Asa","donen_kesik",1,1,1,1,1,1,1,1,1,1,1,"yerinde","yerinde",108892.00,"boss:Burn",3.00,1.35,0.60,0.55,1.13,0.00,0.00,"","vuruş 1: 0,73s@boss3,00m/oyuncu0,00m; kalıp sonu: merkeze 3,97 m, başlangıçtan 0,00 m, kalıp simülasyonundan 0,00 m, boss 0,97 m kaydı; toparlanma 0,53 sn (tablo 0,26)"
1-6,"Bağlayıcı Vuruş","Asa","zincirli_firlatma",1,1,1,1,1,1,1,1,1,1,1,"ön","ön",170152.00,"boss:Root+Slow+Burn, boss hız x0,00",2.67,1.35,0.73,0.70,1.27,0.00,0.00,"0/4 kare koşu","vuruş 2: 0,67s@boss0,45m/oyuncu3,51m 1,13s@boss1,59m/oyuncu1,28m; kalıp sonu: merkeze 2,72 m, başlangıçtan 1,50 m, kalıp simülasyonundan 0,00 m, boss 1,22 m kaydı; toparlanma 0,53 sn (tablo 0,26)"
2-1,"Yoğun Şifa","Asa","tek_dokunus",1,1,1,1,1,1,1,1,1,1,1,"geri","geri",0.00,"oyuncu +128000 can",3.00,1.35,0.20,0.16,0.67,0.00,0.00,"0/2 kare koşu","vuruş 1: 0,53s@boss3,90m/oyuncu0,68m; kalıp sonu: merkeze 3,42 m, başlangıçtan 0,55 m, kalıp simülasyonundan 0,00 m, kalıp hedefi AllyDummy; toparlanma 0,46 sn (tablo 0,26)"
2-2,"Emici Şifa","Asa","uzaktan_emme",1,1,1,1,1,1,1,1,1,1,1,"yerinde","yerinde",66496.00,"oyuncu +124801 can, dost +32000 can, mermi sil 0 yut 4 dön 0 perde 0 bağ 0",2.65,1.35,2.20,2.16,2.67,0.00,0.00,"","vuruş 4: 1,07s@boss0,19m/oyuncu2,72m 1,60s@boss0,10m/oyuncu2,72m 2,07s@boss0,02m/oyuncu2,72m 2,60s@boss0,07m/oyuncu2,72m; kalıp sonu: merkeze 2,65 m, başlangıçtan 0,35 m, kalıp simülasyonundan 0,00 m; toparlanma 0,46 sn (tablo 0,26)"
2-3,"Sıçrayan Şifa","Asa","dosttan_dosta",1,1,1,1,1,1,1,1,1,1,1,"yerinde","yerinde",0.00,"oyuncu +148000 can, dost +40000 can",3.00,1.35,0.60,0.54,1.07,0.00,0.00,"","vuruş 3: 0,60s@boss6,43m/oyuncu3,95m 0,67s@boss6,98m/oyuncu4,53m 0,87s@boss6,88m/oyuncu4,54m; kalıp sonu: merkeze 3,00 m, başlangıçtan 0,00 m, kalıp simülasyonundan 0,00 m, kalıp hedefi AllyDummy; toparlanma 0,46 sn (tablo 0,26)"
2-4,"Sabit Şifa","Asa","totem_dikme",1,1,1,1,1,1,1,1,1,1,1,"yerinde","yerinde",0.00,"oyuncu +128000 can, dost +40000 can",3.00,1.35,0.33,0.30,0.80,0.00,0.00,"","vuruş 1: 0,67s@boss3,10m/oyuncu0,00m; kalıp sonu: merkeze 3,11 m, başlangıçtan 0,15 m, kalıp simülasyonundan 0,00 m, kalıp hedefi AllyDummy; toparlanma 0,46 sn (tablo 0,26)"
2-5,"Yayılan Şifa","Asa","genisleyen_halka",1,1,1,1,1,1,1,1,1,1,1,"yerinde","yerinde",0.00,"oyuncu +128000 can, dost +128000 can",3.00,1.35,0.60,0.58,1.07,0.00,0.00,"","vuruş 1: 0,87s@boss3,00m/oyuncu0,00m; kalıp sonu: merkeze 3,00 m, başlangıçtan 0,00 m, kalıp simülasyonundan 0,00 m; toparlanma 0,46 sn (tablo 0,26)"
2-6,"Bağlayıcı Şifa","Asa","dostu_kanca",1,1,1,1,1,1,1,1,1,1,1,"geri","geri",0.00,"oyuncu +128000 can",3.00,1.35,0.53,0.52,1.00,0.00,0.00,"0/6 kare koşu","vuruş 1: 0,87s@boss5,79m/oyuncu0,40m; kalıp sonu: merkeze 5,92 m, başlangıçtan 3,40 m, kalıp simülasyonundan 0,00 m, kalıp hedefi AllyDummy; toparlanma 0,46 sn (tablo 0,26)"
3-1,"Yoğun Adım","Asa","kisa_dash",1,1,1,1,1,1,1,1,1,1,1,"ön","ön",6400.00,"boss:Burn",1.50,1.35,0.20,0.16,0.73,0.00,0.00,"0/3 kare koşu","kalıp sonu: merkeze 1,50 m, başlangıçtan 1,50 m, kalıp simülasyonundan 0,00 m; toparlanma 0,53 sn (tablo 0,26)"
3-2,"Emici Adım","Asa","icinden_emme",1,1,1,1,1,1,1,1,1,1,1,"arka","arka",6400.00,"boss:Burn, oyuncu +28801 can, mermi sil 0 yut 4 dön 0 perde 0 bağ 0",0.17,1.35,0.33,0.28,0.87,0.00,0.00,"0/5 kare koşu","vuruş 1: 0,67s@boss0,24m/oyuncu1,36m; kalıp sonu: merkeze 2,61 m, başlangıçtan 5,27 m, kalıp simülasyonundan 0,38 m, boss 0,34 m kaydı; gövdeye girdi: merkeze 0,17 m (t=0,60, temas 1,35) geçiş tasarım gereği; toparlanma 0,53 sn (tablo 0,26)"
3-3,"Sıçrayan Adım","Asa","sekmeli_ziplama",1,1,1,1,1,1,1,1,1,1,1,"arka","arka",7200.00,"boss:Burn",1.50,1.35,0.40,0.40,0.93,0.00,0.00,"0/6 kare koşu","vuruş 2: 0,67s@boss1,79m/oyuncu0,00m 0,87s@boss1,50m/oyuncu0,00m; kalıp sonu: merkeze 1,50 m, başlangıçtan 4,50 m, kalıp simülasyonundan 0,00 m; toparlanma 0,53 sn (tablo 0,26)"
3-4,"Sabit Adım","Asa","geri_sarma",1,1,1,1,1,1,1,1,1,1,1,"başlangıç","başlangıç",36000.00,"boss:Burn",1.50,1.35,2.67,2.66,3.20,0.00,0.00,"0/9 kare koşu","kalıp sonu: merkeze 3,00 m, başlangıçtan 0,00 m, kalıp simülasyonundan 0,00 m; toparlanma 0,53 sn (tablo 0,26)"
3-5,"Yayılan Adım","Asa","dalis_patlamasi",1,1,1,1,1,1,1,1,1,1,1,"ön","ön",6400.00,"boss:Burn",1.50,1.35,0.47,0.42,1.00,0.00,0.00,"0/4 kare koşu","vuruş 1: 0,80s@boss1,50m/oyuncu0,00m; kalıp sonu: merkeze 2,45 m, başlangıçtan 1,50 m, kalıp simülasyonundan 0,00 m, boss 0,95 m kaydı; toparlanma 0,53 sn (tablo 0,26)"
3-6,"Bağlayıcı Adım","Asa","kanca_cekis",1,1,1,1,1,1,1,1,1,1,1,"arka","arka",5600.00,"boss:Root+Slow+Burn, boss hız x0,00",1.50,1.35,0.80,0.74,1.33,0.00,0.00,"0/10 kare koşu","vuruş 1: 1,13s@boss0,00m/oyuncu1,50m; kalıp sonu: merkeze 1,50 m, başlangıçtan 4,69 m, kalıp simülasyonundan 0,19 m, boss 0,19 m kaydı; toparlanma 0,53 sn (tablo 0,26)"
4-1,"Yoğun Kalkan","Asa","tam_zamanli",1,1,1,1,1,1,1,1,1,1,1,"yerinde","yerinde",0.00,"",3.00,1.35,0.53,0.50,1.07,0.00,0.00,"","hasarsız skill (base_damage 0): etki hareketin kendisi; vuruş 1: 0,87s@boss0,62m/oyuncu2,38m; kalıp sonu: merkeze 3,00 m, başlangıçtan 0,00 m, kalıp simülasyonundan 0,00 m; toparlanma 0,53 sn (tablo 0,26)"
4-2,"Emici Kalkan","Asa","kalkan_calma",1,1,1,1,1,1,1,1,1,1,1,"yerinde","yerinde",76000.00,"oyuncu +28801 can, mermi sil 0 yut 4 dön 0 perde 0 bağ 0",3.00,1.35,0.20,0.20,0.73,0.00,0.00,"","vuruş 1: 0,60s@boss1,73m/oyuncu1,28m; kalıp sonu: merkeze 3,00 m, başlangıçtan 0,00 m, kalıp simülasyonundan 0,00 m; toparlanma 0,53 sn (tablo 0,26)"
4-3,"Sıçrayan Kalkan","Asa","seken_disk",1,1,1,1,1,1,1,1,1,1,1,"yerinde","yerinde",0.00,"oyuncu:Shield, kalkan 25",3.00,1.35,0.47,0.42,1.00,0.00,0.00,"","vuruş 2: 0,67s@boss0,30m/oyuncu3,30m 0,80s@boss3,04m/oyuncu1,43m; kalıp sonu: merkeze 3,00 m, başlangıçtan 0,00 m, kalıp simülasyonundan 0,00 m; toparlanma 0,53 sn (tablo 0,26)"
5-1,"Yoğun Patlama","Asa","saplanan_fitil",1,1,1,1,1,1,1,1,1,1,1,"geri","geri",144696.00,"boss:Burn",2.38,1.35,1.67,1.62,2.13,0.00,0.00,"0/6 kare koşu","vuruş 2: 0,53s@boss0,85m/oyuncu1,53m 2,07s@boss0,85m/oyuncu2,95m; kalıp sonu: merkeze 4,27 m, başlangıçtan 0,80 m, kalıp simülasyonundan 0,00 m, boss 0,47 m kaydı; toparlanma 0,46 sn (tablo 0,26)"
5-2,"Emici Patlama","Asa","ceken_girdap",1,1,1,1,1,1,1,1,1,1,1,"yerinde","yerinde",112072.00,"boss:Burn, oyuncu +51382 can, mermi sil 0 yut 3 dön 0 perde 0 bağ 0",1.33,1.35,1.33,1.32,1.80,0.00,0.00,"","vuruş 3: 1,13s@boss0,00m/oyuncu1,34m 1,60s@boss0,00m/oyuncu1,35m 1,67s@boss0,00m/oyuncu1,35m; kalıp sonu: merkeze 1,35 m, başlangıçtan 0,00 m, kalıp simülasyonundan 0,00 m, boss 1,65 m kaydı; toparlanma 0,46 sn (tablo 0,26)"
5-3,"Sıçrayan Patlama","Asa","seken_bomba",1,1,1,1,1,1,1,1,1,1,1,"yerinde","yerinde",166564.00,"boss:Burn",3.00,1.35,0.60,0.58,1.07,0.00,0.00,"","vuruş 3: 0,60s@boss0,40m/oyuncu3,40m 0,73s@boss0,00m/oyuncu3,69m 0,93s@boss0,35m/oyuncu4,33m; kalıp sonu: merkeze 4,55 m, başlangıçtan 0,00 m, kalıp simülasyonundan 0,00 m, boss 1,55 m kaydı; toparlanma 0,46 sn (tablo 0,26)"
6-1,"Yoğun Bağ","Asa","sinir_noktasi",1,1,1,1,1,1,1,1,1,1,1,"ön","ön",36592.00,"boss:Burn+Stun, boss hız x0,00",1.50,1.35,0.40,0.34,0.93,0.00,0.00,"0/5 kare koşu","vuruş 1: 0,80s@boss0,91m/oyuncu0,59m; kalıp sonu: merkeze 1,70 m, başlangıçtan 1,83 m, kalıp simülasyonundan 0,33 m, boss 0,53 m kaydı; toparlanma 0,53 sn (tablo 0,26)"
6-2,"Emici Bağ","Asa","bossu_cek",1,1,1,1,1,1,1,1,1,1,1,"geri","geri",28772.00,"boss:Burn+Root, boss hız x0,00, oyuncu +35513 can, mermi sil 0 yut 4 dön 0 perde 0 bağ 0",1.35,1.35,0.47,0.44,1.00,0.00,0.00,"0/5 kare koşu","vuruş 1: 0,80s@boss2,81m/oyuncu1,36m; kalıp sonu: merkeze 3,37 m, başlangıçtan 1,60 m, kalıp simülasyonundan 0,00 m, boss 1,23 m kaydı; toparlanma 0,53 sn (tablo 0,26)"
6-3,"Sıçrayan Bağ","Asa","basip_sekme",1,1,1,1,1,1,1,1,1,1,1,"başlangıç","başlangıç",43140.00,"boss:Burn+Root, boss hız x0,00",1.67,1.35,0.53,0.52,1.07,0.00,0.00,"0/7 kare koşu","vuruş 1: 0,80s@boss1,50m/oyuncu0,26m; kalıp sonu: merkeze 3,97 m, başlangıçtan 0,20 m, kalıp simülasyonundan 0,00 m, boss 0,78 m kaydı; toparlanma 0,53 sn (tablo 0,26)"
1-7,"Bulandırıcı Vuruş","Asa","dumandan_cikis",1,1,1,1,1,1,1,1,1,1,1,"ön","ön",124156.00,"boss:Blind+Burn",1.67,1.35,0.53,0.48,1.07,0.00,0.00,"0/4 kare koşu","vuruş 1: 0,87s@boss0,78m/oyuncu1,36m; kalıp sonu: merkeze 1,94 m, başlangıçtan 1,80 m, kalıp simülasyonundan 0,30 m, boss 0,74 m kaydı; toparlanma 0,53 sn (tablo 0,26)"
1-8,"Yükselen Vuruş","Asa","havaya_kaldirma",1,1,1,1,1,1,1,1,1,1,1,"ön","ön",133528.00,"boss:Burn+Stun, boss hız x0,00",1.90,1.35,0.40,0.34,0.93,0.00,0.00,"0/5 kare koşu","vuruş 1: 0,67s@boss1,08m/oyuncu1,28m; kalıp sonu: merkeze 1,90 m, başlangıçtan 1,10 m, kalıp simülasyonundan 0,00 m; toparlanma 0,53 sn (tablo 0,26)"
1-9,"Odaklı Vuruş","Asa","isarete_vur",1,1,1,1,1,1,1,1,1,1,1,"ön","ön",303520.00,"boss:Burn",2.13,1.35,0.40,0.38,0.93,0.00,0.00,"0/3 kare koşu","vuruş 1: 0,80s@boss0,99m/oyuncu1,28m; kalıp sonu: merkeze 2,35 m, başlangıçtan 1,35 m, kalıp simülasyonundan 0,00 m, boss 0,70 m kaydı; toparlanma 0,53 sn (tablo 0,26)"
2-7,"Bulandırıcı Şifa","Asa","sis_ortusu",1,1,1,1,1,1,1,1,1,1,1,"yerinde","yerinde",0.00,"oyuncu +128000 can, dost +40000 can",3.03,1.35,0.33,0.30,0.80,0.00,0.00,"","vuruş 1: 0,60s@boss0,00m/oyuncu3,14m; kalıp sonu: merkeze 3,15 m, başlangıçtan 0,00 m, kalıp simülasyonundan 0,00 m, boss 0,15 m kaydı; toparlanma 0,46 sn (tablo 0,26)"
2-8,"Yükselen Şifa","Asa","yerden_buyuyen",1,1,1,1,1,1,1,1,1,1,1,"yerinde","yerinde",0.00,"oyuncu +128000 can, dost +88000 can",3.00,1.35,0.47,0.42,0.93,0.00,0.00,"","vuruş 1: 0,73s@boss6,98m/oyuncu4,33m; kalıp sonu: merkeze 3,18 m, başlangıçtan 0,25 m, kalıp simülasyonundan 0,00 m, kalıp hedefi AllyDummy; toparlanma 0,46 sn (tablo 0,26)"
2-9,"Odaklı Şifa","Asa","koruyucu_isaret",1,1,1,1,1,1,1,1,1,1,1,"geri","geri",0.00,"dost +160000 can",3.00,1.35,0.20,0.20,0.67,0.00,0.00,"0/3 kare koşu","vuruş 1: 0,60s@boss3,90m/oyuncu0,35m; kalıp sonu: merkeze 3,61 m, başlangıçtan 0,80 m, kalıp simülasyonundan 0,00 m, kalıp hedefi AllyDummy; toparlanma 0,46 sn (tablo 0,26)"
3-7,"Bulandırıcı Adım","Asa","duman_kaybolma",1,1,1,1,1,1,1,1,1,1,1,"ön","ön",9600.00,"boss:Blind+Burn, oyuncu:Stealth",1.50,1.35,0.60,0.59,1.13,0.00,0.00,"0/4 kare koşu","vuruş 1: 0,67s@boss1,75m/oyuncu0,00m; kalıp sonu: merkeze 1,50 m, başlangıçtan 1,50 m, kalıp simülasyonundan 0,00 m; toparlanma 0,53 sn (tablo 0,26)"
3-8,"Yükselen Adım","Asa","sicrayip_cakilma",1,1,1,1,1,1,1,1,1,1,1,"ön","ön",7200.00,"boss:Burn, oyuncu:Haste, oyuncu hız x1,10",1.50,1.35,0.87,0.82,1.40,0.00,0.00,"0/5 kare koşu","vuruş 1: 1,27s@boss1,50m/oyuncu0,00m; kalıp sonu: merkeze 1,50 m, başlangıçtan 1,50 m, kalıp simülasyonundan 0,00 m; toparlanma 0,53 sn (tablo 0,26)"
3-9,"Odaklı Adım","Asa","kilitli_adim",1,1,1,1,1,1,1,1,1,1,1,"arka","arka",5600.00,"boss:Burn",1.50,1.35,0.53,0.48,1.07,0.00,0.00,"0/1 kare koşu","vuruş 1: 0,93s@boss0,00m/oyuncu1,50m; kalıp sonu: merkeze 1,50 m, başlangıçtan 4,50 m, kalıp simülasyonundan 0,00 m; tek karede 4,50 m sıçrama (sınır 2,47 m @ 67 ms, t=0,80, faz adim, blink tasarım gereği); toparlanma 0,53 sn (tablo 0,26)"
7-1,"Yoğun Zafiyet","Asa","diken_firlatma",1,1,1,1,1,1,1,1,1,1,1,"yerinde","yerinde",24672.00,"boss:Burn",3.00,1.35,0.40,0.40,0.93,0.00,0.00,"","vuruş 1: 0,87s@boss0,30m/oyuncu3,30m; kalıp sonu: merkeze 3,26 m, başlangıçtan 0,00 m, kalıp simülasyonundan 0,00 m, boss 0,26 m kaydı; toparlanma 0,53 sn (tablo 0,26)"
7-2,"Emici Zafiyet","Asa","sokup_cekme",1,1,1,1,1,1,1,1,1,1,1,"geri","geri",23740.00,"boss:Burn, oyuncu +26322 can, mermi sil 0 yut 3 dön 0 perde 0 bağ 0",3.04,1.35,0.47,0.44,1.00,0.00,0.00,"0/5 kare koşu","vuruş 2: 0,67s@boss0,35m/oyuncu3,62m 0,80s@boss2,76m/oyuncu1,19m; kalıp sonu: merkeze 4,49 m, başlangıçtan 1,30 m, kalıp simülasyonundan 0,00 m, boss 0,19 m kaydı; toparlanma 0,53 sn (tablo 0,26)"
7-3,"Sıçrayan Zafiyet","Asa","seken_yaratik",1,1,1,1,1,1,1,1,1,1,1,"yerinde","yerinde",34316.00,"boss:Burn",3.00,1.35,0.67,0.64,1.20,0.00,0.00,"","vuruş 3: 0,73s@boss0,00m/oyuncu3,00m 0,87s@boss0,35m/oyuncu3,49m 1,07s@boss0,35m/oyuncu3,90m; kalıp sonu: merkeze 4,05 m, başlangıçtan 0,00 m, kalıp simülasyonundan 0,00 m, boss 1,05 m kaydı; toparlanma 0,53 sn (tablo 0,26)"
8-1,"Yoğun Yükseliş","Asa","kuculten_kapi",1,1,1,1,1,1,1,1,1,1,1,"yerinde","yerinde",0.00,"",3.01,1.35,0.33,0.28,0.80,0.00,0.00,"","hasarsız skill (base_damage 0): etki hareketin kendisi; vuruş 1: 0,60s@boss0,67m/oyuncu2,38m; kalıp sonu: merkeze 3,05 m, başlangıçtan 0,00 m, kalıp simülasyonundan 0,00 m; toparlanma 0,46 sn (tablo 0,26)"
8-2,"Emici Yükseliş","Asa","kan_muhru",1,1,1,1,1,1,1,1,1,1,1,"yerinde","yerinde",0.00,"oyuncu +28801 can, mermi sil 0 yut 4 dön 0 perde 0 bağ 0",3.00,1.35,0.33,0.32,0.80,0.00,0.00,"","vuruş 1: 0,60s@boss3,00m/oyuncu0,00m; kalıp sonu: merkeze 3,00 m, başlangıçtan 0,00 m, kalıp simülasyonundan 0,00 m; toparlanma 0,46 sn (tablo 0,26)"
8-3,"Sıçrayan Yükseliş","Asa","pas_verme",1,1,1,1,1,1,1,1,1,1,1,"yerinde","yerinde",0.00,"",3.00,1.35,0.27,0.24,0.73,0.00,0.00,"","hasarsız skill (base_damage 0): etki hareketin kendisi; vuruş 1: 0,67s@boss6,38m/oyuncu3,90m; kalıp sonu: merkeze 3,00 m, başlangıçtan 0,00 m, kalıp simülasyonundan 0,00 m, kalıp hedefi AllyDummy; toparlanma 0,46 sn (tablo 0,26)"
9-1,"Yoğun Arınma","Asa","tek_dokunus",1,1,1,1,1,1,1,1,1,1,1,"geri","geri",0.00,"oyuncu +24000 can, mermi sil 3 yut 0 dön 0 perde 0 bağ 0",3.00,1.35,0.20,0.16,0.73,0.00,0.00,"0/2 kare koşu","vuruş 1: 0,60s@boss3,89m/oyuncu0,68m; kalıp sonu: merkeze 3,41 m, başlangıçtan 0,55 m, kalıp simülasyonundan 0,00 m, kalıp hedefi AllyDummy; toparlanma 0,53 sn (tablo 0,26)"
9-2,"Emici Arınma","Asa","cekip_firlat",1,1,1,1,1,1,1,1,1,1,1,"yerinde","yerinde",0.00,"oyuncu +52000 can, dost +8000 can, mermi sil 0 yut 5 dön 0 perde 0 bağ 0",3.00,1.35,0.53,0.50,1.07,0.00,0.00,"","vuruş 2: 0,67s@boss2,65m/oyuncu0,35m 1,00s@boss0,30m/oyuncu3,30m; kalıp sonu: merkeze 3,00 m, başlangıçtan 0,00 m, kalıp simülasyonundan 0,00 m; toparlanma 0,53 sn (tablo 0,26)"
9-3,"Sıçrayan Arınma","Asa","dosttan_dosta",1,1,1,1,1,1,1,1,1,1,1,"yerinde","yerinde",0.00,"oyuncu +16000 can, dost +8000 can, mermi sil 5 yut 0 dön 0 perde 0 bağ 0",3.00,1.35,0.60,0.54,1.13,0.00,0.00,"","vuruş 3: 0,67s@boss6,43m/oyuncu3,95m 0,73s@boss6,98m/oyuncu4,53m 0,93s@boss6,88m/oyuncu4,54m; kalıp sonu: merkeze 3,00 m, başlangıçtan 0,00 m, kalıp simülasyonundan 0,00 m, kalıp hedefi AllyDummy; toparlanma 0,53 sn (tablo 0,26)"
1-10,"Aynalı Vuruş","Asa","sirtta_kapi",1,1,1,1,1,1,1,1,1,1,1,"ön","ön",126488.00,"boss:Burn",2.06,1.35,0.33,0.32,0.87,0.00,0.00,"0/3 kare koşu","vuruş 2: 0,60s@boss0,92m/oyuncu1,19m 0,73s@boss0,55m/oyuncu2,82m; kalıp sonu: merkeze 2,57 m, başlangıçtan 1,20 m, kalıp simülasyonundan 0,00 m, boss 0,77 m kaydı; toparlanma 0,53 sn (tablo 0,26)"
1-11,"Kopya Vuruş","Asa","golge_yankisi",1,1,1,1,1,1,1,1,1,1,1,"ön","ön",128736.00,"boss:Burn",2.34,1.35,0.53,0.50,1.07,0.00,0.00,"0/3 kare koşu","vuruş 2: 0,60s@boss1,19m/oyuncu1,15m 0,93s@boss2,78m/oyuncu1,39m; kalıp sonu: merkeze 3,25 m, başlangıçtan 0,90 m, kalıp simülasyonundan 0,00 m, boss 1,15 m kaydı; toparlanma 0,53 sn (tablo 0,26)"
1-12,"Akan Vuruş","Asa","basili_seri",1,1,1,1,1,1,1,1,1,1,1,"ön","ön",120236.00,"boss:Burn",2.93,1.35,3.00,3.00,3.53,0.00,0.00,"","vuruş 6: 0,73s@boss1,78m/oyuncu1,15m 1,27s@boss2,64m/oyuncu1,15m 1,73s@boss2,61m/oyuncu1,15m 2,27s@boss2,41m/oyuncu1,15m 2,73s@boss2,20m/oyuncu1,15m 3,27s@boss1,95m/oyuncu1,15m; kalıp sonu: merkeze 3,01 m, başlangıçtan 1,40 m, kalıp simülasyonundan 0,00 m, boss 1,41 m kaydı; toparlanma 0,53 sn (tablo 0,26)"
2-10,"Aynalı Şifa","Asa","ters_es",1,1,1,1,1,1,1,1,1,1,1,"yerinde","yerinde",21000.00,"oyuncu +140000 can",3.00,1.35,0.47,0.44,0.93,0.00,0.00,"","vuruş 2: 0,60s@boss2,60m/oyuncu0,40m 0,80s@boss0,00m/oyuncu3,00m; kalıp sonu: merkeze 3,00 m, başlangıçtan 0,00 m, kalıp simülasyonundan 0,00 m; toparlanma 0,46 sn (tablo 0,26)"
2-11,"Kopya Şifa","Asa","golge_ulak",1,1,1,1,1,1,1,1,1,1,1,"yan","yan",0.00,"oyuncu +128000 can, dost +128000 can",2.43,1.35,1.40,1.36,1.87,0.00,0.00,"0/3 kare koşu","vuruş 2: 0,53s@boss3,26m/oyuncu0,35m 1,73s@boss3,05m/oyuncu1,46m; kalıp sonu: merkeze 2,43 m, başlangıçtan 1,41 m, kalıp simülasyonundan 0,00 m, kalıp hedefi AllyDummy; toparlanma 0,46 sn (tablo 0,26)"
2-12,"Akan Şifa","Asa","basili_isik",1,1,1,1,1,1,1,1,1,1,1,"geri","geri",0.00,"oyuncu +100000 can, dost +20000 can",3.00,1.35,3.00,3.00,3.47,0.00,0.00,"","vuruş 6: 0,67s@boss5,38m/oyuncu2,72m 1,20s@boss5,58m/oyuncu2,72m 1,67s@boss5,75m/oyuncu2,72m 2,20s@boss5,95m/oyuncu2,72m 2,67s@boss6,13m/oyuncu2,72m 3,20s@boss6,33m/oyuncu2,72m; kalıp sonu: merkeze 3,94 m, başlangıçtan 1,20 m, kalıp simülasyonundan 0,00 m, kalıp hedefi AllyDummy; toparlanma 0,46 sn (tablo 0,26)"
3-10,"Aynalı Adım","Asa","iki_kapi",1,1,1,1,1,1,1,1,1,1,1,"ön","ön",10400.00,"boss:Burn",1.50,1.35,0.60,0.54,1.13,0.00,0.00,"0/4 kare koşu","vuruş 2: 0,53s@boss3,00m/oyuncu0,00m 0,93s@boss1,50m/oyuncu0,00m; kalıp sonu: merkeze 1,50 m, başlangıçtan 1,50 m, kalıp simülasyonundan 0,00 m; toparlanma 0,53 sn (tablo 0,26)"
3-11,"Kopya Adım","Asa","yem_kac",1,1,1,1,1,1,1,1,1,1,1,"geri","geri",8800.00,"boss:Burn, yem boss aggro",3.00,1.35,0.40,0.40,0.93,0.00,0.00,"0/5 kare koşu","vuruş 1: 0,53s@boss3,00m/oyuncu0,00m; kalıp sonu: merkeze 5,80 m, başlangıçtan 2,80 m, kalıp simülasyonundan 0,00 m; toparlanma 0,53 sn (tablo 0,26)"
3-12,"Akan Adım","Asa","suzulme",1,1,1,1,1,1,1,1,1,1,1,"ön","ön",40000.00,"boss:Burn, oyuncu:Haste, oyuncu hız x1,50",1.90,1.35,3.00,3.00,3.53,0.00,0.00,"","kalıp sonu: merkeze 1,90 m, başlangıçtan 1,10 m, kalıp simülasyonundan 0,00 m; toparlanma 0,53 sn (tablo 0,26)"
10-1,"Yoğun Yansı","Asa","tam_zamanli",1,1,1,1,1,1,1,1,1,1,1,"yerinde","yerinde",6400.00,"boss:Burn",3.00,1.35,0.53,0.50,1.07,0.00,0.00,"","vuruş 1: 0,87s@boss0,62m/oyuncu2,38m; kalıp sonu: merkeze 3,00 m, başlangıçtan 0,00 m, kalıp simülasyonundan 0,00 m; toparlanma 0,53 sn (tablo 0,26)"
10-2,"Emici Yansı","Asa","yutan_girdap",1,1,1,1,1,1,1,1,1,1,1,"yerinde","yerinde",32000.00,"boss:Burn, oyuncu +21600 can, mermi sil 0 yut 3 dön 0 perde 0 bağ 0",3.00,1.35,3.20,3.18,3.73,0.00,0.00,"","vuruş 4: 1,40s@boss0,62m/oyuncu2,38m 2,20s@boss0,62m/oyuncu2,38m 2,93s@boss0,62m/oyuncu2,38m 3,67s@boss0,62m/oyuncu2,38m; kalıp sonu: merkeze 3,00 m, başlangıçtan 0,00 m, kalıp simülasyonundan 0,00 m; toparlanma 0,53 sn (tablo 0,26)"
10-3,"Sıçrayan Yansı","Asa","seken_geri",1,1,1,1,1,1,1,1,1,1,1,"ön","ön",8000.00,"boss:Burn",1.90,1.35,0.40,0.36,0.93,0.00,0.00,"0/3 kare koşu","vuruş 2: 0,60s@boss0,55m/oyuncu1,53m 0,73s@boss0,00m/oyuncu1,90m; kalıp sonu: merkeze 1,90 m, başlangıçtan 1,10 m, kalıp simülasyonundan 0,00 m; toparlanma 0,53 sn (tablo 0,26)"
10-10,"Aynalı Yansı","Asa","iki_kapi",1,1,1,1,1,1,1,1,1,1,1,"ön","ön",10400.00,"boss:Burn",1.50,1.35,0.60,0.54,1.13,0.00,0.00,"0/4 kare koşu","vuruş 2: 0,53s@boss3,00m/oyuncu0,00m 0,93s@boss1,50m/oyuncu0,00m; kalıp sonu: merkeze 1,50 m, başlangıçtan 1,50 m, kalıp simülasyonundan 0,00 m; toparlanma 0,53 sn (tablo 0,26)"
10-11,"Kopya Yansı","Asa","yem_kopya",1,1,1,1,1,1,1,1,1,1,1,"yerinde","yerinde",6400.00,"boss:Burn, yem boss aggro",3.00,1.35,0.27,0.24,0.80,0.00,0.00,"","vuruş 1: 0,60s@boss2,98m/oyuncu1,29m; kalıp sonu: merkeze 3,00 m, başlangıçtan 0,00 m, kalıp simülasyonundan 0,00 m; toparlanma 0,53 sn (tablo 0,26)"
10-12,"Akan Yansı","Asa","basili_siper",1,1,1,1,1,1,1,1,1,1,1,"ön","ön",31200.00,"boss:Burn",2.20,1.35,3.00,3.00,3.53,0.00,0.00,"","vuruş 3: 1,27s@boss0,41m/oyuncu2,38m 2,27s@boss0,14m/oyuncu2,38m 3,27s@boss0,13m/oyuncu2,38m; kalıp sonu: merkeze 2,20 m, başlangıçtan 0,80 m, kalıp simülasyonundan 0,00 m; toparlanma 0,53 sn (tablo 0,26)"
11-1,"Yoğun Çağrı","Asa","sirt_saplama",1,1,1,1,1,1,1,1,1,1,1,"yerinde","yerinde",42780.00,"boss:Burn",2.72,1.35,0.47,0.44,1.00,0.00,0.00,"0/2 kare koşu","vuruş 1: 0,87s@boss0,00m/oyuncu2,79m; kalıp sonu: merkeze 2,80 m, başlangıçtan 0,28 m, kalıp simülasyonundan 0,00 m; uyarı: [PlaceholderFactory] VFX asset missing (trail/beam); using element_color primitive placeholder.; toparlanma 0,53 sn (tablo 0,26)"
11-2,"Emici Çağrı","Asa","yapisan",1,1,1,1,1,1,1,1,1,1,1,"yerinde","yerinde",306484.00,"boss:Burn, oyuncu +171759 can, mermi sil 0 yut 3 dön 0 perde 0 bağ 0",3.00,1.35,5.20,5.18,5.73,0.00,0.00,"","vuruş 6: 0,67s@boss0,20m/oyuncu3,23m 1,67s@boss0,00m/oyuncu3,11m 2,67s@boss0,00m/oyuncu3,11m 3,67s@boss0,00m/oyuncu3,11m 4,67s@boss0,00m/oyuncu3,11m 5,67s@boss0,00m/oyuncu3,11m; kalıp sonu: merkeze 3,11 m, başlangıçtan 0,00 m, kalıp simülasyonundan 0,00 m, boss 0,11 m kaydı; toparlanma 0,53 sn (tablo 0,26)"
11-3,"Sıçrayan Çağrı","Asa","seken_yaratik",1,1,1,1,1,1,1,1,1,1,1,"yerinde","yerinde",36372.00,"boss:Burn",3.00,1.35,0.67,0.64,1.20,0.00,0.00,"","vuruş 3: 0,73s@boss0,00m/oyuncu3,04m 0,87s@boss0,35m/oyuncu3,08m 1,07s@boss0,35m/oyuncu3,10m; kalıp sonu: merkeze 3,09 m, başlangıçtan 0,00 m, kalıp simülasyonundan 0,00 m; toparlanma 0,53 sn (tablo 0,26)"
11-10,"Aynalı Çağrı","Asa","takim_kapisi",1,1,1,1,1,1,1,1,1,1,1,"yerinde","yerinde",68516.00,"boss:Burn",3.00,1.35,1.27,1.24,1.80,0.00,0.00,"","vuruş 1: 0,60s@boss3,00m/oyuncu0,00m; kalıp sonu: merkeze 3,00 m, başlangıçtan 0,00 m, kalıp simülasyonundan 0,00 m; toparlanma 0,53 sn (tablo 0,26)"
11-11,"Kopya Çağrı","Asa","ayna_klonlar",1,1,1,1,1,1,1,1,1,1,1,"yerinde","yerinde",59716.00,"boss:Burn",3.00,1.35,0.53,0.50,1.07,0.00,0.00,"","vuruş 2: 0,73s@boss2,96m/oyuncu1,41m 0,93s@boss2,99m/oyuncu1,41m; kalıp sonu: merkeze 3,08 m, başlangıçtan 0,00 m, kalıp simülasyonundan 0,00 m; toparlanma 0,53 sn (tablo 0,26)"
11-12,"Akan Çağrı","Asa","kapidan_akin",1,1,1,1,1,1,1,1,1,1,1,"yerinde","yerinde",328220.00,"boss:Burn",3.00,1.35,4.20,4.20,4.73,0.00,0.00,"","vuruş 6: 0,67s@boss0,85m/oyuncu2,17m 1,47s@boss0,00m/oyuncu3,11m 2,27s@boss0,00m/oyuncu3,11m 3,07s@boss0,00m/oyuncu3,11m 3,87s@boss0,00m/oyuncu3,11m 4,67s@boss0,00m/oyuncu3,11m; kalıp sonu: merkeze 3,11 m, başlangıçtan 0,00 m, kalıp simülasyonundan 0,00 m, boss 0,11 m kaydı; toparlanma 0,53 sn (tablo 0,26)"
12-1,"Yoğun Zaman","Asa","zamanli_donma",1,1,1,1,1,1,1,1,1,1,1,"ön","ön",6400.00,"boss:Burn+Slow, boss hız x0,70",1.66,1.35,0.53,0.50,1.00,0.00,0.00,"0/3 kare koşu","vuruş 1: 0,87s@boss0,54m/oyuncu1,28m; kalıp sonu: merkeze 1,87 m, başlangıçtan 1,60 m, kalıp simülasyonundan 0,10 m, boss 0,47 m kaydı; toparlanma 0,46 sn (tablo 0,26)"
12-2,"Emici Zaman","Asa","ceken_girdap",1,1,1,1,1,1,1,1,1,1,1,"yerinde","yerinde",12800.00,"boss:Burn+Slow, oyuncu:Haste, boss hız x0,70, oyuncu hız x1,30, oyuncu +28801 can, mermi sil 0 yut 4 dön 0 perde 0 bağ 0",3.02,1.35,1.33,1.32,1.80,0.00,0.00,"","vuruş 3: 1,13s@boss0,00m/oyuncu3,13m 1,60s@boss0,00m/oyuncu4,18m 1,67s@boss0,00m/oyuncu4,23m; kalıp sonu: merkeze 4,32 m, başlangıçtan 0,00 m, kalıp simülasyonundan 0,00 m, boss 1,32 m kaydı; toparlanma 0,46 sn (tablo 0,26)"
12-3,"Sıçrayan Zaman","Asa","geri_donen_kure",1,1,1,1,1,1,1,1,1,1,1,"yerinde","yerinde",9600.00,"boss:Burn+Slow, boss hız x0,70",3.00,1.35,0.53,0.50,1.00,0.00,0.00,"","vuruş 2: 0,60s@boss0,30m/oyuncu3,32m 0,87s@boss1,76m/oyuncu2,04m; kalıp sonu: merkeze 4,00 m, başlangıçtan 0,00 m, kalıp simülasyonundan 0,00 m, boss 1,00 m kaydı; toparlanma 0,46 sn (tablo 0,26)"
12-10,"Aynalı Zaman","Asa","boss_geri",1,1,1,1,1,1,1,1,1,1,1,"yerinde","yerinde",8800.00,"boss:Burn+Slow, boss hız x0,70",3.01,1.35,0.47,0.46,0.93,0.00,0.00,"","vuruş 1: 0,60s@boss0,29m/oyuncu3,35m; kalıp sonu: merkeze 3,06 m, başlangıçtan 0,00 m, kalıp simülasyonundan 0,00 m; toparlanma 0,46 sn (tablo 0,26)"
12-11,"Kopya Zaman","Asa","geri_sarma",1,1,1,1,1,1,1,1,1,1,1,"başlangıç","başlangıç",36800.00,"boss:Burn+Slow, boss hız x0,70",1.50,1.35,2.67,2.66,3.13,0.00,0.00,"0/9 kare koşu","kalıp sonu: merkeze 3,18 m, başlangıçtan 0,00 m, kalıp simülasyonundan 0,00 m, boss 0,18 m kaydı; toparlanma 0,46 sn (tablo 0,26)"
12-12,"Akan Zaman","Asa","yuruyen_balon",1,1,1,1,1,1,1,1,1,1,1,"ön","ön",48000.00,"boss:Burn+Slow, boss hız x0,70",3.00,1.35,4.20,4.20,4.67,0.00,0.00,"","vuruş 5: 0,53s@boss3,00m/oyuncu0,00m 1,60s@boss4,01m/oyuncu0,00m 2,60s@boss3,75m/oyuncu0,00m 3,60s@boss3,45m/oyuncu0,00m 4,60s@boss3,15m/oyuncu0,00m; kalıp sonu: merkeze 3,15 m, başlangıçtan 1,20 m, kalıp simülasyonundan 0,00 m, boss 1,35 m kaydı; toparlanma 0,46 sn (tablo 0,26)"
4-4,"Sabit Kalkan","Asa","duvar_dikme",1,1,1,1,1,1,1,1,1,1,1,"yerinde","yerinde",0.00,"",3.00,1.35,0.33,0.32,0.87,0.00,0.00,"","hasarsız skill (base_damage 0): etki hareketin kendisi; vuruş 1: 0,73s@boss0,62m/oyuncu2,38m; kalıp sonu: merkeze 3,00 m, başlangıçtan 0,00 m, kalıp simülasyonundan 0,00 m; toparlanma 0,53 sn (tablo 0,26)"
4-5,"Yayılan Kalkan","Asa","onde_yelpaze",1,1,1,1,1,1,1,1,1,1,1,"yerinde","yerinde",0.00,"",3.00,1.35,0.67,0.63,1.20,0.00,0.00,"","hasarsız skill (base_damage 0): etki hareketin kendisi; vuruş 1: 0,93s@boss1,88m/oyuncu1,12m; kalıp sonu: merkeze 3,00 m, başlangıçtan 0,00 m, kalıp simülasyonundan 0,00 m; toparlanma 0,53 sn (tablo 0,26)"
4-6,"Bağlayıcı Kalkan","Asa","zincirli_firlatma",1,1,1,1,1,1,1,1,1,1,1,"ön","ön",0.00,"",1.50,1.35,0.73,0.70,1.27,0.00,0.00,"0/4 kare koşu","hasarsız skill (base_damage 0): etki hareketin kendisi; vuruş 2: 0,67s@boss0,45m/oyuncu3,45m 1,13s@boss0,47m/oyuncu1,28m; kalıp sonu: merkeze 1,50 m, başlangıçtan 1,50 m, kalıp simülasyonundan 0,00 m; toparlanma 0,53 sn (tablo 0,26)"
4-7,"Bulandırıcı Kalkan","Asa","duman_duvari",1,1,1,1,1,1,1,1,1,1,1,"yerinde","yerinde",0.00,"",2.80,1.35,0.53,0.52,1.07,0.00,0.00,"","hasarsız skill (base_damage 0): etki hareketin kendisi; vuruş 1: 0,73s@boss0,42m/oyuncu2,38m; kalıp sonu: merkeze 2,80 m, başlangıçtan 0,20 m, kalıp simülasyonundan 0,00 m; toparlanma 0,53 sn (tablo 0,26)"
4-8,"Yükselen Kalkan","Asa","yerden_buyuyen",1,1,1,1,1,1,1,1,1,1,1,"yerinde","yerinde",0.00,"",3.00,1.35,0.47,0.42,1.00,0.00,0.00,"","hasarsız skill (base_damage 0): etki hareketin kendisi; vuruş 1: 0,80s@boss6,98m/oyuncu4,33m; kalıp sonu: merkeze 3,18 m, başlangıçtan 0,25 m, kalıp simülasyonundan 0,00 m, kalıp hedefi AllyDummy; toparlanma 0,53 sn (tablo 0,26)"
4-9,"Odaklı Kalkan","Asa","koruyucu_isaret",1,1,1,1,1,1,1,1,1,1,1,"geri","geri",0.00,"",3.00,1.35,0.20,0.20,0.73,0.00,0.00,"0/3 kare koşu","hasarsız skill (base_damage 0): etki hareketin kendisi; vuruş 1: 0,67s@boss3,90m/oyuncu0,35m; kalıp sonu: merkeze 3,61 m, başlangıçtan 0,80 m, kalıp simülasyonundan 0,00 m, kalıp hedefi AllyDummy; toparlanma 0,53 sn (tablo 0,26)"
5-4,"Sabit Patlama","Asa","mayin_cakma",1,1,1,1,1,1,1,1,1,1,1,"yerinde","yerinde",110236.00,"boss:Burn",3.00,1.35,0.47,0.42,0.93,0.00,0.00,"","vuruş 2: 0,67s@boss0,85m/oyuncu2,15m 0,73s@boss0,85m/oyuncu2,15m; kalıp sonu: merkeze 3,64 m, başlangıçtan 0,00 m, kalıp simülasyonundan 0,00 m, boss 0,64 m kaydı; toparlanma 0,46 sn (tablo 0,26)"
5-5,"Yayılan Patlama","Asa","yer_yarigi",1,1,1,1,1,1,1,1,1,1,1,"ön","ön",97620.00,"boss:Burn",1.50,1.35,0.60,0.56,1.07,0.00,0.00,"0/9 kare koşu","vuruş 3: 0,73s@boss0,25m/oyuncu1,27m 0,80s@boss0,21m/oyuncu1,36m 0,93s@boss0,22m/oyuncu1,27m; kalıp sonu: merkeze 1,62 m, başlangıçtan 2,74 m, kalıp simülasyonundan 0,73 m, boss 1,31 m kaydı; toparlanma 0,46 sn (tablo 0,26)"
5-6,"Bağlayıcı Patlama","Asa","gerilip_kopan",1,1,1,1,1,1,1,1,1,1,1,"geri","geri",144324.00,"boss:Root+Slow+Burn, boss hız x0,00",1.35,1.35,0.60,0.58,1.07,0.00,0.00,"0/6 kare koşu","vuruş 2: 0,60s@boss0,85m/oyuncu1,18m 0,93s@boss0,86m/oyuncu2,73m; kalıp sonu: merkeze 2,84 m, başlangıçtan 0,50 m, kalıp simülasyonundan 0,01 m, boss 0,66 m kaydı; toparlanma 0,46 sn (tablo 0,26)"
5-7,"Bulandırıcı Patlama","Asa","sis_bombasi",1,1,1,1,1,1,1,1,1,1,1,"yerinde","yerinde",146120.00,"boss:Blind+Burn, oyuncu:Stealth",3.00,1.35,0.27,0.22,0.73,0.00,0.00,"","vuruş 1: 0,60s@boss0,35m/oyuncu3,35m; kalıp sonu: merkeze 3,69 m, başlangıçtan 0,00 m, kalıp simülasyonundan 0,00 m, boss 0,69 m kaydı; toparlanma 0,46 sn (tablo 0,26)"
5-8,"Yükselen Patlama","Asa","yerden_fiskirma",1,1,1,1,1,1,1,1,1,1,1,"ön","ön",118136.00,"boss:Burn+Stun, boss hız x0,00",2.60,1.35,0.47,0.44,0.93,0.00,0.00,"","vuruş 1: 0,73s@boss0,00m/oyuncu2,75m; kalıp sonu: merkeze 2,60 m, başlangıçtan 0,40 m, kalıp simülasyonundan 0,00 m; toparlanma 0,46 sn (tablo 0,26)"
5-9,"Odaklı Patlama","Asa","gudumlu_top",1,1,1,1,1,1,1,1,1,1,1,"yerinde","yerinde",267080.00,"boss:Burn",3.04,1.35,0.60,0.56,1.07,0.00,0.00,"","vuruş 1: 0,93s@boss0,00m/oyuncu3,19m; kalıp sonu: merkeze 4,06 m, başlangıçtan 0,00 m, kalıp simülasyonundan 0,00 m, boss 1,06 m kaydı; toparlanma 0,46 sn (tablo 0,26)"
6-4,"Sabit Bağ","Asa","karsilikli_kilit",1,1,1,1,1,1,1,1,1,1,1,"ön","ön",77184.00,"boss:Burn+Root, boss hız x0,00",1.50,1.35,3.27,3.24,3.80,0.00,0.00,"0/4 kare koşu","vuruş 1: 1,00s@boss0,41m/oyuncu1,11m; kalıp sonu: merkeze 2,87 m, başlangıçtan 1,72 m, kalıp simülasyonundan 0,22 m, boss 1,59 m kaydı; toparlanma 0,53 sn (tablo 0,26)"
6-5,"Yayılan Bağ","Asa","yer_tuzagi",1,1,1,1,1,1,1,1,1,1,1,"yerinde","yerinde",26416.00,"boss:Burn+Root, boss hız x0,00",3.00,1.35,0.33,0.28,0.87,0.00,0.00,"","vuruş 1: 0,67s@boss0,62m/oyuncu2,38m; kalıp sonu: merkeze 3,64 m, başlangıçtan 0,00 m, kalıp simülasyonundan 0,00 m, boss 0,64 m kaydı; toparlanma 0,53 sn (tablo 0,26)"
6-6,"Bağlayıcı Bağ","Asa","iki_uclu",1,1,1,1,1,1,1,1,1,1,1,"yerinde","yerinde",41928.00,"boss:Root+Slow+Burn, boss hız x0,00",3.02,1.35,0.67,0.65,1.20,0.00,0.00,"","vuruş 1: 0,67s@boss0,28m/oyuncu3,39m; kalıp sonu: merkeze 4,23 m, başlangıçtan 0,00 m, kalıp simülasyonundan 0,00 m, boss 1,23 m kaydı; toparlanma 0,53 sn (tablo 0,26)"
6-7,"Bulandırıcı Bağ","Asa","goz_bagi",1,1,1,1,1,1,1,1,1,1,1,"yerinde","yerinde",28352.00,"boss:Blind+Burn+Root, boss hız x0,00",3.00,1.35,0.20,0.20,0.73,0.00,0.00,"","vuruş 1: 0,67s@boss0,28m/oyuncu3,28m; kalıp sonu: merkeze 3,26 m, başlangıçtan 0,00 m, kalıp simülasyonundan 0,00 m, boss 0,26 m kaydı; toparlanma 0,53 sn (tablo 0,26)"
6-8,"Yükselen Bağ","Asa","havada_asma",1,1,1,1,1,1,1,1,1,1,1,"ön","ön",36304.00,"boss:Stun+Burn+Root, boss hız x0,00",1.50,1.35,1.20,1.14,1.73,0.00,0.00,"0/5 kare koşu","vuruş 1: 1,00s@boss1,50m/oyuncu0,00m; kalıp sonu: merkeze 2,65 m, başlangıçtan 1,50 m, kalıp simülasyonundan 0,00 m, boss 1,15 m kaydı; toparlanma 0,53 sn (tablo 0,26)"
6-9,"Odaklı Bağ","Asa","zamanli_donma",1,1,1,1,1,1,1,1,1,1,1,"ön","ön",58168.00,"boss:Burn+Root, boss hız x0,00",1.50,1.35,0.53,0.50,1.07,0.00,0.00,"0/3 kare koşu","vuruş 1: 0,93s@boss0,55m/oyuncu1,28m; kalıp sonu: merkeze 1,50 m, başlangıçtan 1,54 m, kalıp simülasyonundan 0,04 m; toparlanma 0,53 sn (tablo 0,26)"
7-4,"Sabit Zafiyet","Asa","mayin_cakma",1,1,1,1,1,1,1,1,1,1,1,"yerinde","yerinde",21120.00,"boss:Burn",3.05,1.35,0.47,0.42,1.00,0.00,0.00,"","vuruş 2: 0,73s@boss0,85m/oyuncu2,37m 0,80s@boss0,85m/oyuncu2,37m; kalıp sonu: merkeze 3,87 m, başlangıçtan 0,00 m, kalıp simülasyonundan 0,00 m, boss 0,87 m kaydı; toparlanma 0,53 sn (tablo 0,26)"
7-5,"Yayılan Zafiyet","Asa","onde_yelpaze",1,1,1,1,1,1,1,1,1,1,1,"yerinde","yerinde",21104.00,"boss:Burn",3.00,1.35,0.67,0.63,1.20,0.00,0.00,"","vuruş 1: 0,93s@boss1,88m/oyuncu1,12m; kalıp sonu: merkeze 3,78 m, başlangıçtan 0,00 m, kalıp simülasyonundan 0,00 m, boss 0,78 m kaydı; toparlanma 0,53 sn (tablo 0,26)"
7-6,"Bağlayıcı Zafiyet","Asa","dost_ip",1,1,1,1,1,1,1,1,1,1,1,"yerinde","yerinde",32616.00,"boss:Root+Slow+Burn, boss hız x0,00",3.02,1.35,0.67,0.62,1.20,0.00,0.00,"","vuruş 1: 0,67s@boss0,28m/oyuncu3,37m; kalıp sonu: merkeze 4,21 m, başlangıçtan 0,00 m, kalıp simülasyonundan 0,00 m, boss 1,21 m kaydı; toparlanma 0,53 sn (tablo 0,26)"
8-4,"Sabit Yükseliş","Asa","totem_dikme",1,1,1,1,1,1,1,1,1,1,1,"yerinde","yerinde",0.00,"",3.00,1.35,0.33,0.30,0.80,0.00,0.00,"","hasarsız skill (base_damage 0): etki hareketin kendisi; vuruş 1: 0,67s@boss3,10m/oyuncu0,00m; kalıp sonu: merkeze 3,12 m, başlangıçtan 0,15 m, kalıp simülasyonundan 0,00 m, kalıp hedefi AllyDummy; toparlanma 0,46 sn (tablo 0,26)"
8-5,"Yayılan Yükseliş","Asa","savas_narasi",1,1,1,1,1,1,1,1,1,1,1,"yerinde","yerinde",0.00,"",3.00,1.35,0.40,0.36,0.87,0.00,0.00,"","hasarsız skill (base_damage 0): etki hareketin kendisi; vuruş 1: 0,60s@boss3,00m/oyuncu0,00m; kalıp sonu: merkeze 3,00 m, başlangıçtan 0,00 m, kalıp simülasyonundan 0,00 m; toparlanma 0,46 sn (tablo 0,26)"
8-6,"Bağlayıcı Yükseliş","Asa","dost_dosta",1,1,1,1,1,1,1,1,1,1,1,"yan","yan",0.00,"",2.38,1.35,0.53,0.52,1.00,0.00,0.00,"0/4 kare koşu","hasarsız skill (base_damage 0): etki hareketin kendisi; vuruş 3: 0,53s@boss4,05m/oyuncu1,22m 0,73s@boss2,84m/oyuncu1,41m 0,87s@boss4,76m/oyuncu2,38m; kalıp sonu: merkeze 2,38 m, başlangıçtan 1,41 m, kalıp simülasyonundan 0,00 m, kalıp hedefi AllyDummy; toparlanma 0,46 sn (tablo 0,26)"
9-4,"Sabit Arınma","Asa","yer_tuzagi",1,1,1,1,1,1,1,1,1,1,1,"yerinde","yerinde",0.00,"oyuncu +24000 can, mermi sil 5 yut 0 dön 0 perde 0 bağ 0",3.00,1.35,0.33,0.28,0.87,0.00,0.00,"","vuruş 1: 0,67s@boss0,62m/oyuncu2,38m; kalıp sonu: merkeze 3,00 m, başlangıçtan 0,00 m, kalıp simülasyonundan 0,00 m; toparlanma 0,53 sn (tablo 0,26)"
9-5,"Yayılan Arınma","Asa","dagilan_yagmur",1,1,1,1,1,1,1,1,1,1,1,"yerinde","yerinde",0.00,"oyuncu +24000 can, dost +24000 can, mermi sil 6 yut 0 dön 0 perde 0 bağ 0",3.00,1.35,0.60,0.58,1.13,0.00,0.00,"","vuruş 1: 0,87s@boss3,00m/oyuncu0,00m; kalıp sonu: merkeze 3,00 m, başlangıçtan 0,00 m, kalıp simülasyonundan 0,00 m, kalıp hedefi AllyDummy; toparlanma 0,53 sn (tablo 0,26)"
9-6,"Bağlayıcı Arınma","Asa","iki_uclu",1,1,1,1,1,1,1,1,1,1,1,"yerinde","yerinde",0.00,"oyuncu +24000 can, mermi sil 0 yut 0 dön 0 perde 0 bağ 3",3.00,1.35,0.67,0.65,1.20,0.00,0.00,"","vuruş 1: 0,67s@boss6,36m/oyuncu3,87m; kalıp sonu: merkeze 3,00 m, başlangıçtan 0,00 m, kalıp simülasyonundan 0,00 m, kalıp hedefi AllyDummy; toparlanma 0,53 sn (tablo 0,26)"
4-10,"Aynalı Kalkan","Asa","sirtta_kapi",1,1,1,1,1,1,1,1,1,1,1,"ön","ön",24000.00,"",1.80,1.35,0.33,0.32,0.87,0.00,0.00,"0/3 kare koşu","vuruş 2: 0,60s@boss0,92m/oyuncu1,19m 0,73s@boss0,55m/oyuncu2,35m; kalıp sonu: merkeze 1,80 m, başlangıçtan 1,20 m, kalıp simülasyonundan 0,00 m; toparlanma 0,53 sn (tablo 0,26)"
4-11,"Kopya Kalkan","Asa","yem_kopya",1,1,1,1,1,1,1,1,1,1,1,"yerinde","yerinde",0.00,"yem boss aggro",3.00,1.35,0.27,0.24,0.80,0.00,0.00,"","vuruş 1: 0,60s@boss2,98m/oyuncu1,29m; kalıp sonu: merkeze 3,00 m, başlangıçtan 0,00 m, kalıp simülasyonundan 0,00 m; toparlanma 0,53 sn (tablo 0,26)"
4-12,"Akan Kalkan","Asa","basili_siper",1,1,1,1,1,1,1,1,1,1,1,"geri","geri",0.00,"",3.00,1.35,3.00,3.00,3.53,0.00,0.00,"","hasarsız skill (base_damage 0): etki hareketin kendisi; vuruş 3: 1,27s@boss5,17m/oyuncu2,38m 2,27s@boss5,41m/oyuncu2,38m 3,27s@boss5,66m/oyuncu2,38m; kalıp sonu: merkeze 3,61 m, başlangıçtan 0,80 m, kalıp simülasyonundan 0,00 m, kalıp hedefi AllyDummy; toparlanma 0,53 sn (tablo 0,26)"
5-10,"Aynalı Patlama","Asa","karsi_darbe",1,1,1,1,1,1,1,1,1,1,1,"ön","ön",162296.00,"boss:Burn",1.92,1.35,0.40,0.36,0.87,0.00,0.00,"0/3 kare koşu","vuruş 1: 0,73s@boss0,56m/oyuncu1,36m; kalıp sonu: merkeze 2,39 m, başlangıçtan 1,30 m, kalıp simülasyonundan 0,00 m, boss 0,69 m kaydı; toparlanma 0,46 sn (tablo 0,26)"
5-11,"Kopya Patlama","Asa","golge_yankisi",1,1,1,1,1,1,1,1,1,1,1,"ön","ön",114648.00,"boss:Burn",2.41,1.35,0.53,0.50,1.00,0.00,0.00,"0/3 kare koşu","vuruş 2: 0,53s@boss1,26m/oyuncu1,15m 0,87s@boss3,24m/oyuncu1,39m; kalıp sonu: merkeze 3,83 m, başlangıçtan 0,90 m, kalıp simülasyonundan 0,00 m, boss 1,73 m kaydı; toparlanma 0,46 sn (tablo 0,26)"
5-12,"Akan Patlama","Asa","patlayan_iz",1,1,1,1,1,1,1,1,1,1,1,"ön","ön",108312.00,"boss:Burn",3.00,1.35,3.00,3.00,3.47,0.00,0.00,"","vuruş 6: 0,87s@boss2,20m/oyuncu1,53m 1,40s@boss3,24m/oyuncu1,53m 1,87s@boss3,14m/oyuncu1,53m 2,40s@boss2,81m/oyuncu1,53m 2,87s@boss2,48m/oyuncu1,53m 3,40s@boss2,09m/oyuncu1,53m; kalıp sonu: merkeze 3,62 m, başlangıçtan 2,20 m, kalıp simülasyonundan 0,70 m, boss 2,82 m kaydı; toparlanma 0,46 sn (tablo 0,26)"
6-10,"Aynalı Bağ","Asa","karsi_darbe",1,1,1,1,1,1,1,1,1,1,1,"ön","ön",41232.00,"boss:Burn+Root, boss hız x0,00, boss ters kontrol",1.92,1.35,0.40,0.36,0.93,0.00,0.00,"0/3 kare koşu","vuruş 1: 0,80s@boss0,56m/oyuncu1,36m; kalıp sonu: merkeze 2,17 m, başlangıçtan 1,30 m, kalıp simülasyonundan 0,00 m, boss 0,47 m kaydı; toparlanma 0,53 sn (tablo 0,26)"
6-11,"Kopya Bağ","Asa","onden_arkadan",1,1,1,1,1,1,1,1,1,1,1,"ön","ön",55000.00,"boss:Burn+Root, boss hız x0,00",2.39,1.35,0.40,0.34,0.93,0.00,0.00,"0/3 kare koşu","vuruş 2: 0,60s@boss1,28m/oyuncu1,11m 0,73s@boss0,60m/oyuncu3,31m; kalıp sonu: merkeze 3,14 m, başlangıçtan 0,90 m, kalıp simülasyonundan 0,00 m, boss 1,04 m kaydı; toparlanma 0,53 sn (tablo 0,26)"
6-12,"Akan Bağ","Asa","cember_sarma",1,1,1,1,1,1,1,1,1,1,1,"arka","arka",27672.00,"boss:Burn+Root, boss hız x0,00",1.50,1.35,0.93,0.90,1.47,0.00,0.00,"0/11 kare koşu","vuruş 1: 1,33s@boss0,00m/oyuncu2,06m; kalıp sonu: merkeze 2,53 m, başlangıçtan 4,68 m, kalıp simülasyonundan 0,10 m, boss 0,41 m kaydı; toparlanma 0,53 sn (tablo 0,26)"
10-4,"Sabit Yansı","Asa","duvar_dikme",1,1,1,1,1,1,1,1,1,1,1,"yerinde","yerinde",5600.00,"boss:Burn",3.00,1.35,0.33,0.32,0.87,0.00,0.00,"","vuruş 1: 0,73s@boss0,62m/oyuncu2,38m; kalıp sonu: merkeze 3,00 m, başlangıçtan 0,00 m, kalıp simülasyonundan 0,00 m; toparlanma 0,53 sn (tablo 0,26)"
10-5,"Yayılan Yansı","Asa","yuruyen_balon",1,1,1,1,1,1,1,1,1,1,1,"ön","ön",48000.00,"boss:Burn",1.80,1.35,4.20,4.20,4.73,0.00,0.00,"","vuruş 5: 0,60s@boss3,00m/oyuncu0,00m 1,67s@boss2,70m/oyuncu0,00m 2,67s@boss2,40m/oyuncu0,00m 3,67s@boss2,10m/oyuncu0,00m 4,67s@boss1,80m/oyuncu0,00m; kalıp sonu: merkeze 1,80 m, başlangıçtan 1,20 m, kalıp simülasyonundan 0,00 m; toparlanma 0,53 sn (tablo 0,26)"
10-6,"Bağlayıcı Yansı","Asa","silaha_kement",1,1,1,1,1,1,1,1,1,1,1,"yerinde","yerinde",13600.00,"boss:Root+Slow+Burn, boss hız x0,00",3.00,1.35,1.00,0.94,1.53,0.00,0.00,"","vuruş 1: 0,67s@boss0,40m/oyuncu3,40m; kalıp sonu: merkeze 3,00 m, başlangıçtan 0,00 m, kalıp simülasyonundan 0,00 m; toparlanma 0,53 sn (tablo 0,26)"
11-4,"Sabit Çağrı","Asa","taret_dikme",1,1,1,1,1,1,1,1,1,1,1,"yerinde","yerinde",33968.00,"boss:Burn",3.00,1.35,0.47,0.42,1.00,0.00,0.00,"","vuruş 2: 0,60s@boss3,00m/oyuncu0,00m 0,87s@boss0,28m/oyuncu3,34m; kalıp sonu: merkeze 3,08 m, başlangıçtan 0,00 m, kalıp simülasyonundan 0,00 m; toparlanma 0,53 sn (tablo 0,26)"
11-5,"Yayılan Çağrı","Asa","dagilan_suru",1,1,1,1,1,1,1,1,1,1,1,"yerinde","yerinde",76784.00,"boss:Burn",3.00,1.35,0.47,0.42,1.00,0.00,0.00,"","vuruş 3: 0,60s@boss0,35m/oyuncu3,02m 0,73s@boss0,00m/oyuncu3,00m 0,87s@boss0,35m/oyuncu3,03m; kalıp sonu: merkeze 3,03 m, başlangıçtan 0,00 m, kalıp simülasyonundan 0,00 m; toparlanma 0,53 sn (tablo 0,26)"
11-6,"Bağlayıcı Çağrı","Asa","muhafiz",1,1,1,1,1,1,1,1,1,1,1,"yerinde","yerinde",140440.00,"boss:Burn+Root+Slow, boss hız x0,00",3.00,1.35,0.53,0.52,1.07,0.00,0.00,"","vuruş 1: 0,67s@boss2,92m/oyuncu1,20m; kalıp sonu: merkeze 3,10 m, başlangıçtan 0,00 m, kalıp simülasyonundan 0,00 m; toparlanma 0,53 sn (tablo 0,26)"
12-4,"Sabit Zaman","Asa","totem_dikme",1,1,1,1,1,1,1,1,1,1,1,"yerinde","yerinde",118688.00,"boss:Burn+Slow+Stun, boss hız x0,00",2.87,1.35,0.33,0.30,0.80,0.00,0.00,"","vuruş 1: 0,67s@boss2,87m/oyuncu0,00m; kalıp sonu: merkeze 3,32 m, başlangıçtan 0,15 m, kalıp simülasyonundan 0,00 m, boss 0,47 m kaydı; toparlanma 0,46 sn (tablo 0,26)"
12-5,"Yayılan Zaman","Asa","genisleyen_halka",1,1,1,1,1,1,1,1,1,1,1,"yerinde","yerinde",123064.00,"boss:Burn+Slow, boss hız x0,70",3.02,1.35,0.60,0.58,1.07,0.00,0.00,"","vuruş 1: 0,87s@boss3,12m/oyuncu0,00m; kalıp sonu: merkeze 3,76 m, başlangıçtan 0,00 m, kalıp simülasyonundan 0,00 m, boss 0,76 m kaydı; toparlanma 0,46 sn (tablo 0,26)"
12-6,"Bağlayıcı Zaman","Asa","iki_uclu",1,1,1,1,1,1,1,1,1,1,1,"yerinde","yerinde",11200.00,"boss:Burn, oyuncu:Haste, oyuncu hız x1,30",3.02,1.35,0.67,0.65,1.13,0.00,0.00,"","vuruş 1: 0,60s@boss0,28m/oyuncu3,36m; kalıp sonu: merkeze 4,21 m, başlangıçtan 0,00 m, kalıp simülasyonundan 0,00 m, boss 1,21 m kaydı; toparlanma 0,46 sn (tablo 0,26)"
7-7,"Bulandırıcı Zafiyet","Asa","sis_bombasi",1,1,1,1,1,1,1,1,1,1,1,"yerinde","yerinde",20320.00,"boss:Blind+Burn",3.00,1.35,0.27,0.22,0.80,0.00,0.00,"","vuruş 1: 0,67s@boss0,35m/oyuncu3,36m; kalıp sonu: merkeze 3,48 m, başlangıçtan 0,00 m, kalıp simülasyonundan 0,00 m, boss 0,48 m kaydı; toparlanma 0,53 sn (tablo 0,26)"
7-8,"Yükselen Zafiyet","Asa","yerden_fiskirma",1,1,1,1,1,1,1,1,1,1,1,"ön","ön",20192.00,"boss:Burn+Stun, boss hız x0,00",2.60,1.35,0.47,0.44,1.00,0.00,0.00,"","vuruş 1: 0,80s@boss0,00m/oyuncu2,75m; kalıp sonu: merkeze 2,60 m, başlangıçtan 0,40 m, kalıp simülasyonundan 0,00 m; toparlanma 0,53 sn (tablo 0,26)"
7-9,"Odaklı Zafiyet","Asa","isaret_patlamasi",1,1,1,1,1,1,1,1,1,1,1,"yerinde","yerinde",48008.00,"boss:Burn",3.05,1.35,1.93,1.92,2.47,0.00,0.00,"","vuruş 1: 2,33s@boss0,00m/oyuncu3,24m; kalıp sonu: merkeze 3,24 m, başlangıçtan 0,00 m, kalıp simülasyonundan 0,00 m, boss 0,24 m kaydı; toparlanma 0,53 sn (tablo 0,26)"
7-10,"Aynalı Zafiyet","Asa","onden_arkadan",1,1,1,1,1,1,1,1,1,1,1,"ön","ön",27088.00,"boss:Burn",2.46,1.35,0.40,0.34,0.93,0.00,0.00,"0/3 kare koşu","vuruş 2: 0,60s@boss1,35m/oyuncu1,11m 0,73s@boss0,60m/oyuncu3,39m; kalıp sonu: merkeze 3,22 m, başlangıçtan 0,90 m, kalıp simülasyonundan 0,00 m, boss 1,12 m kaydı; toparlanma 0,53 sn (tablo 0,26)"
7-11,"Kopya Zafiyet","Asa","golge_yankisi",1,1,1,1,1,1,1,1,1,1,1,"ön","ön",29456.00,"boss:Burn",2.34,1.35,0.53,0.50,1.07,0.00,0.00,"0/3 kare koşu","vuruş 2: 0,60s@boss1,19m/oyuncu1,15m 0,93s@boss2,78m/oyuncu1,39m; kalıp sonu: merkeze 3,25 m, başlangıçtan 0,90 m, kalıp simülasyonundan 0,00 m, boss 1,15 m kaydı; toparlanma 0,53 sn (tablo 0,26)"
7-12,"Akan Zafiyet","Asa","basili_isik",1,1,1,1,1,1,1,1,1,1,1,"ön","ön",51376.00,"boss:Burn",2.94,1.35,3.00,3.00,3.53,0.00,0.00,"","vuruş 6: 0,73s@boss0,22m/oyuncu2,72m 1,27s@boss1,12m/oyuncu2,72m 1,73s@boss1,12m/oyuncu2,72m 2,27s@boss0,96m/oyuncu2,72m 2,73s@boss0,78m/oyuncu2,72m 3,27s@boss0,57m/oyuncu2,72m; kalıp sonu: merkeze 3,21 m, başlangıçtan 1,20 m, kalıp simülasyonundan 0,00 m, boss 1,41 m kaydı; toparlanma 0,53 sn (tablo 0,26)"
8-7,"Bulandırıcı Yükseliş","Asa","goz_bagi",1,1,1,1,1,1,1,1,1,1,1,"yerinde","yerinde",0.00,"",3.00,1.35,0.20,0.20,0.67,0.00,0.00,"","hasarsız skill (base_damage 0): etki hareketin kendisi; vuruş 1: 0,60s@boss0,28m/oyuncu3,28m; kalıp sonu: merkeze 3,00 m, başlangıçtan 0,00 m, kalıp simülasyonundan 0,00 m; toparlanma 0,46 sn (tablo 0,26)"
8-8,"Yükselen Yükseliş","Asa","buyuten_kemer",1,1,1,1,1,1,1,1,1,1,1,"yerinde","yerinde",0.00,"",3.00,1.35,0.47,0.42,0.93,0.00,0.00,"","hasarsız skill (base_damage 0): etki hareketin kendisi; vuruş 1: 0,73s@boss5,04m/oyuncu2,21m; kalıp sonu: merkeze 3,22 m, başlangıçtan 0,30 m, kalıp simülasyonundan 0,00 m, kalıp hedefi AllyDummy; toparlanma 0,46 sn (tablo 0,26)"
8-9,"Odaklı Yükseliş","Asa","gudumlu_top",1,1,1,1,1,1,1,1,1,1,1,"yerinde","yerinde",0.00,"",3.00,1.35,0.60,0.56,1.07,0.00,0.00,"","hasarsız skill (base_damage 0): etki hareketin kendisi; vuruş 1: 0,93s@boss6,98m/oyuncu4,53m; kalıp sonu: merkeze 3,00 m, başlangıçtan 0,00 m, kalıp simülasyonundan 0,00 m, kalıp hedefi AllyDummy; toparlanma 0,46 sn (tablo 0,26)"
8-10,"Aynalı Yükseliş","Asa","ters_es",1,1,1,1,1,1,1,1,1,1,1,"yerinde","yerinde",0.00,"boss:Weaken",3.00,1.35,0.47,0.44,0.93,0.00,0.00,"","vuruş 2: 0,60s@boss2,60m/oyuncu0,40m 0,80s@boss0,00m/oyuncu3,00m; kalıp sonu: merkeze 3,00 m, başlangıçtan 0,00 m, kalıp simülasyonundan 0,00 m; toparlanma 0,46 sn (tablo 0,26)"
8-11,"Kopya Yükseliş","Asa","golge_ulak",1,1,1,1,1,1,1,1,1,1,1,"yan","yan",0.00,"",2.43,1.35,1.40,1.36,1.87,0.00,0.00,"0/3 kare koşu","hasarsız skill (base_damage 0): etki hareketin kendisi; vuruş 2: 0,53s@boss3,26m/oyuncu0,35m 1,73s@boss3,05m/oyuncu1,46m; kalıp sonu: merkeze 2,43 m, başlangıçtan 1,41 m, kalıp simülasyonundan 0,00 m, kalıp hedefi AllyDummy; toparlanma 0,46 sn (tablo 0,26)"
8-12,"Akan Yükseliş","Asa","akinti_yolu",1,1,1,1,1,1,1,1,1,1,1,"geri","geri",0.00,"",3.00,1.35,1.00,0.94,1.47,0.00,0.00,"0/10 kare koşu","hasarsız skill (base_damage 0): etki hareketin kendisi; vuruş 1: 1,27s@boss6,27m/oyuncu2,38m; kalıp sonu: merkeze 4,11 m, başlangıçtan 1,40 m, kalıp simülasyonundan 0,00 m, kalıp hedefi AllyDummy; toparlanma 0,46 sn (tablo 0,26)"
9-7,"Bulandırıcı Arınma","Asa","sis_ortusu",1,1,1,1,1,1,1,1,1,1,1,"yerinde","yerinde",0.00,"oyuncu:Stealth, oyuncu +24000 can, mermi sil 0 yut 0 dön 0 perde 5 bağ 0",3.00,1.35,0.33,0.30,0.87,0.00,0.00,"","vuruş 1: 0,67s@boss0,00m/oyuncu3,00m; kalıp sonu: merkeze 3,00 m, başlangıçtan 0,00 m, kalıp simülasyonundan 0,00 m; toparlanma 0,53 sn (tablo 0,26)"
9-8,"Yükselen Arınma","Asa","isik_sutunu",1,1,1,1,1,1,1,1,1,1,1,"yerinde","yerinde",0.00,"oyuncu +24000 can, mermi sil 5 yut 0 dön 0 perde 0 bağ 0",3.00,1.35,0.53,0.48,1.07,0.00,0.00,"","vuruş 1: 0,87s@boss3,06m/oyuncu0,00m; kalıp sonu: merkeze 3,07 m, başlangıçtan 0,10 m, kalıp simülasyonundan 0,00 m, kalıp hedefi AllyDummy; toparlanma 0,53 sn (tablo 0,26)"
9-9,"Odaklı Arınma","Asa","mermi_sondur",1,1,1,1,1,1,1,1,1,1,1,"yerinde","yerinde",0.00,"oyuncu +24000 can, mermi sil 2 yut 0 dön 0 perde 0 bağ 0",3.00,1.35,0.40,0.38,0.93,0.00,0.00,"","vuruş 1: 0,80s@boss6,98m/oyuncu4,53m; kalıp sonu: merkeze 3,00 m, başlangıçtan 0,00 m, kalıp simülasyonundan 0,00 m, kalıp hedefi AllyDummy; toparlanma 0,53 sn (tablo 0,26)"
9-10,"Aynalı Arınma","Asa","yer_degistir",1,1,1,1,1,1,1,1,1,1,1,"arka","arka",40.00,"oyuncu +24000 can, mermi sil 0 yut 0 dön 5 perde 0 bağ 0",1.50,1.35,0.40,0.34,0.93,0.00,0.00,"0/1 kare koşu","vuruş 1: 0,80s@boss0,31m/oyuncu1,19m; kalıp sonu: merkeze 1,50 m, başlangıçtan 4,50 m, kalıp simülasyonundan 0,00 m, ışın 8,34 m konumdan çıkarıldı; tek karede 8,34 m sıçrama (sınır 2,47 m @ 67 ms, t=0,93, ışın tasarım gereği); toparlanma 0,53 sn (tablo 0,26)"
9-11,"Kopya Arınma","Asa","yem_kopya",1,1,1,1,1,1,1,1,1,1,1,"yerinde","yerinde",0.00,"oyuncu +24000 can, dost +24000 can, yem boss aggro, mermi sil 5 yut 0 dön 0 perde 0 bağ 0",3.00,1.35,0.27,0.24,0.80,0.00,0.00,"","vuruş 1: 0,60s@boss2,98m/oyuncu1,29m; kalıp sonu: merkeze 3,00 m, başlangıçtan 0,00 m, kalıp simülasyonundan 0,00 m; toparlanma 0,53 sn (tablo 0,26)"
9-12,"Akan Arınma","Asa","nabiz",1,1,1,1,1,1,1,1,1,1,1,"yerinde","yerinde",0.00,"oyuncu +16000 can, dost +8000 can, mermi sil 4 yut 0 dön 0 perde 0 bağ 0",3.00,1.35,3.20,3.18,3.73,0.00,0.00,"","vuruş 3: 1,67s@boss3,00m/oyuncu0,00m 2,67s@boss3,00m/oyuncu0,00m 3,67s@boss3,00m/oyuncu0,00m; kalıp sonu: merkeze 3,00 m, başlangıçtan 0,00 m, kalıp simülasyonundan 0,00 m; toparlanma 0,53 sn (tablo 0,26)"
10-7,"Bulandırıcı Yansı","Asa","sahte_goruntu",1,1,1,1,1,1,1,1,1,1,1,"geri","geri",8800.00,"boss:Blind+Burn, oyuncu:Stealth, yem boss aggro",3.00,1.35,0.47,0.44,1.00,0.00,0.00,"0/3 kare koşu","vuruş 3: 0,60s@boss3,06m/oyuncu1,37m 0,73s@boss3,06m/oyuncu1,37m 0,87s@boss3,68m/oyuncu0,00m; kalıp sonu: merkeze 3,90 m, başlangıçtan 0,90 m, kalıp simülasyonundan 0,00 m; toparlanma 0,53 sn (tablo 0,26)"
10-8,"Yükselen Yansı","Asa","yerden_buyuyen",1,1,1,1,1,1,1,1,1,1,1,"yerinde","yerinde",4000.00,"boss:Burn",2.75,1.35,0.47,0.42,1.00,0.00,0.00,"","vuruş 1: 0,80s@boss0,00m/oyuncu2,80m; kalıp sonu: merkeze 2,75 m, başlangıçtan 0,25 m, kalıp simülasyonundan 0,00 m; toparlanma 0,53 sn (tablo 0,26)"
10-9,"Odaklı Yansı","Asa","koruyucu_isaret",1,1,1,1,1,1,1,1,1,1,1,"ön","ön",4800.00,"boss:Burn",2.20,1.35,0.20,0.20,0.73,0.00,0.00,"0/3 kare koşu","vuruş 1: 0,67s@boss1,85m/oyuncu0,35m; kalıp sonu: merkeze 2,20 m, başlangıçtan 0,80 m, kalıp simülasyonundan 0,00 m; toparlanma 0,53 sn (tablo 0,26)"
11-7,"Bulandırıcı Çağrı","Asa","sirt_saplama",1,1,1,1,1,1,1,1,1,1,1,"yerinde","yerinde",32368.00,"boss:Blind+Burn",3.00,1.35,0.33,0.32,0.87,0.00,0.00,"","vuruş 1: 0,73s@boss0,00m/oyuncu3,04m; kalıp sonu: merkeze 3,06 m, başlangıçtan 0,00 m, kalıp simülasyonundan 0,00 m; toparlanma 0,53 sn (tablo 0,26)"
11-8,"Yükselen Çağrı","Asa","dostu_yerden",1,1,1,1,1,1,1,1,1,1,1,"yan","yan",58376.00,"boss:Burn",2.96,1.35,0.80,0.78,1.33,0.00,0.00,"0/8 kare koşu","vuruş 1: 1,13s@boss2,82m/oyuncu0,95m; kalıp sonu: merkeze 2,99 m, başlangıçtan 0,91 m, kalıp simülasyonundan 0,00 m; toparlanma 0,53 sn (tablo 0,26)"
11-9,"Odaklı Çağrı","Asa","pesinden_av",1,1,1,1,1,1,1,1,1,1,1,"ön","ön",267032.00,"boss:Burn",2.60,1.35,2.47,2.44,3.00,0.00,0.00,"0/2 kare koşu","vuruş 1: 2,87s@boss0,00m/oyuncu2,71m; kalıp sonu: merkeze 2,71 m, başlangıçtan 0,40 m, kalıp simülasyonundan 0,00 m, boss 0,11 m kaydı; toparlanma 0,53 sn (tablo 0,26)"
12-7,"Bulandırıcı Zaman","Asa","kum_saati",1,1,1,1,1,1,1,1,1,1,1,"yerinde","yerinde",125000.00,"boss:Blind+Burn+Slow, boss hız x0,70",3.00,1.35,0.67,0.62,1.13,0.00,0.00,"","vuruş 1: 0,60s@boss0,28m/oyuncu3,28m; kalıp sonu: merkeze 4,11 m, başlangıçtan 0,00 m, kalıp simülasyonundan 0,00 m, boss 1,11 m kaydı; toparlanma 0,46 sn (tablo 0,26)"
12-8,"Yükselen Zaman","Asa","isik_sutunu",1,1,1,1,1,1,1,1,1,1,1,"yerinde","yerinde",4800.00,"boss:Burn, oyuncu:Haste, oyuncu hız x1,50",2.90,1.35,0.53,0.48,1.00,0.00,0.00,"","vuruş 1: 0,80s@boss2,92m/oyuncu0,00m; kalıp sonu: merkeze 2,90 m, başlangıçtan 0,10 m, kalıp simülasyonundan 0,00 m; toparlanma 0,46 sn (tablo 0,26)"
12-9,"Odaklı Zaman","Asa","isaret_patlamasi",1,1,1,1,1,1,1,1,1,1,1,"yerinde","yerinde",4800.00,"boss:Burn+Slow, boss hız x0,70",3.00,1.35,1.93,1.92,2.40,0.00,0.00,"","vuruş 1: 2,27s@boss0,00m/oyuncu3,00m; kalıp sonu: merkeze 3,00 m, başlangıçtan 0,00 m, kalıp simülasyonundan 0,00 m; toparlanma 0,46 sn (tablo 0,26)"
1-1,"Yoğun Vuruş","Tılsım","yukle_birak",1,1,1,1,1,1,1,1,1,1,1,"ön","ön",112376.00,"boss:Burn",1.75,1.35,0.53,0.52,1.00,0.00,0.00,"0/3 kare koşu","vuruş 1: 0,87s@boss0,42m/oyuncu1,53m; kalıp sonu: merkeze 1,96 m, başlangıçtan 1,70 m, kalıp simülasyonundan 0,20 m, boss 0,66 m kaydı; toparlanma 0,46 sn (tablo 0,26)"
1-2,"Emici Vuruş","Tılsım","kan_ceken_pence",1,1,1,1,1,1,1,1,1,1,1,"yerinde","yerinde",84440.00,"boss:Burn, oyuncu +44291 can, mermi sil 0 yut 3 dön 0 perde 0 bağ 0",1.34,1.35,0.40,0.38,0.87,0.00,0.00,"","vuruş 3: 0,53s@boss1,79m/oyuncu1,02m 0,67s@boss1,20m/oyuncu1,02m 0,80s@boss0,62m/oyuncu1,02m; kalıp sonu: merkeze 1,34 m, başlangıçtan 0,00 m, kalıp simülasyonundan 0,00 m, boss 1,66 m kaydı; toparlanma 0,46 sn (tablo 0,26)"
1-3,"Sıçrayan Vuruş","Tılsım","yan_yan_sekme",1,1,1,1,1,1,1,1,1,1,1,"geri","geri",129032.00,"boss:Burn",2.85,1.35,0.47,0.46,0.93,0.00,0.00,"0/7 kare koşu","vuruş 2: 0,53s@boss0,74m/oyuncu3,52m 0,87s@boss0,74m/oyuncu4,98m; kalıp sonu: merkeze 4,40 m, başlangıçtan 1,30 m, kalıp simülasyonundan 0,12 m, boss 0,98 m kaydı; toparlanma 0,46 sn (tablo 0,26)"
1-4,"Sabit Vuruş","Tılsım","yere_cakilan",1,1,1,1,1,1,1,1,1,1,1,"yerinde","yerinde",84904.00,"boss:Burn",2.86,1.35,0.47,0.42,0.93,0.00,0.00,"","vuruş 1: 0,80s@boss2,86m/oyuncu0,00m; kalıp sonu: merkeze 3,32 m, başlangıçtan 0,20 m, kalıp simülasyonundan 0,00 m, boss 0,52 m kaydı; toparlanma 0,46 sn (tablo 0,26)"
1-5,"Yayılan Vuruş","Tılsım","donen_kesik",1,1,1,1,1,1,1,1,1,1,1,"yerinde","yerinde",76328.00,"boss:Burn",3.00,1.35,0.60,0.55,1.07,0.00,0.00,"","vuruş 1: 0,67s@boss3,00m/oyuncu0,00m; kalıp sonu: merkeze 3,97 m, başlangıçtan 0,00 m, kalıp simülasyonundan 0,00 m, boss 0,97 m kaydı; toparlanma 0,46 sn (tablo 0,26)"
1-6,"Bağlayıcı Vuruş","Tılsım","zincirli_firlatma",1,1,1,1,1,1,1,1,1,1,1,"ön","ön",117976.00,"boss:Root+Slow+Burn, boss hız x0,00",2.66,1.35,0.73,0.70,1.20,0.00,0.00,"0/4 kare koşu","vuruş 2: 0,60s@boss0,45m/oyuncu3,50m 1,07s@boss1,57m/oyuncu1,28m; kalıp sonu: merkeze 2,71 m, başlangıçtan 1,50 m, kalıp simülasyonundan 0,00 m, boss 1,21 m kaydı; toparlanma 0,46 sn (tablo 0,26)"
2-1,"Yoğun Şifa","Tılsım","tek_dokunus",1,1,1,1,1,1,1,1,1,1,1,"geri","geri",0.00,"oyuncu +168000 can",3.00,1.35,0.20,0.16,0.67,0.00,0.00,"0/2 kare koşu","vuruş 1: 0,53s@boss3,90m/oyuncu0,68m; kalıp sonu: merkeze 3,42 m, başlangıçtan 0,55 m, kalıp simülasyonundan 0,00 m, kalıp hedefi AllyDummy"
2-2,"Emici Şifa","Tılsım","uzaktan_emme",1,1,1,1,1,1,1,1,1,1,1,"yerinde","yerinde",79808.00,"oyuncu +148801 can, dost +40000 can, mermi sil 0 yut 4 dön 0 perde 0 bağ 0",2.65,1.35,2.20,2.16,2.67,0.00,0.00,"","vuruş 4: 1,07s@boss0,19m/oyuncu2,72m 1,60s@boss0,10m/oyuncu2,72m 2,07s@boss0,02m/oyuncu2,72m 2,60s@boss0,07m/oyuncu2,72m; kalıp sonu: merkeze 2,65 m, başlangıçtan 0,35 m, kalıp simülasyonundan 0,00 m"
2-3,"Sıçrayan Şifa","Tılsım","dosttan_dosta",1,1,1,1,1,1,1,1,1,1,1,"yerinde","yerinde",0.00,"oyuncu +196000 can, dost +56000 can",3.00,1.35,0.60,0.54,1.07,0.00,0.00,"","vuruş 3: 0,60s@boss6,43m/oyuncu3,95m 0,67s@boss6,98m/oyuncu4,53m 0,87s@boss6,88m/oyuncu4,54m; kalıp sonu: merkeze 3,00 m, başlangıçtan 0,00 m, kalıp simülasyonundan 0,00 m, kalıp hedefi AllyDummy"
2-4,"Sabit Şifa","Tılsım","totem_dikme",1,1,1,1,1,1,1,1,1,1,1,"yerinde","yerinde",0.00,"oyuncu +168000 can, dost +56000 can",3.00,1.35,0.33,0.30,0.80,0.00,0.00,"","vuruş 1: 0,67s@boss3,10m/oyuncu0,00m; kalıp sonu: merkeze 3,11 m, başlangıçtan 0,15 m, kalıp simülasyonundan 0,00 m, kalıp hedefi AllyDummy"
2-5,"Yayılan Şifa","Tılsım","genisleyen_halka",1,1,1,1,1,1,1,1,1,1,1,"yerinde","yerinde",0.00,"oyuncu +168000 can, dost +168000 can",3.00,1.35,0.60,0.58,1.07,0.00,0.00,"","vuruş 1: 0,87s@boss3,00m/oyuncu0,00m; kalıp sonu: merkeze 3,00 m, başlangıçtan 0,00 m, kalıp simülasyonundan 0,00 m"
2-6,"Bağlayıcı Şifa","Tılsım","dostu_kanca",1,1,1,1,1,1,1,1,1,1,1,"geri","geri",0.00,"oyuncu +168000 can",3.00,1.35,0.53,0.52,1.00,0.00,0.00,"0/6 kare koşu","vuruş 1: 0,87s@boss5,79m/oyuncu0,40m; kalıp sonu: merkeze 5,92 m, başlangıçtan 3,40 m, kalıp simülasyonundan 0,00 m, kalıp hedefi AllyDummy"
3-1,"Yoğun Adım","Tılsım","kisa_dash",1,1,1,1,1,1,1,1,1,1,1,"ön","ön",7200.00,"boss:Burn",1.50,1.35,0.20,0.16,0.67,0.00,0.00,"0/3 kare koşu","kalıp sonu: merkeze 1,50 m, başlangıçtan 1,50 m, kalıp simülasyonundan 0,00 m; toparlanma 0,46 sn (tablo 0,26)"
3-2,"Emici Adım","Tılsım","icinden_emme",1,1,1,1,1,1,1,1,1,1,1,"arka","arka",7200.00,"boss:Burn, oyuncu +28801 can, mermi sil 0 yut 4 dön 0 perde 0 bağ 0",0.17,1.35,0.33,0.28,0.80,0.00,0.00,"0/5 kare koşu","vuruş 1: 0,60s@boss0,24m/oyuncu1,36m; kalıp sonu: merkeze 2,61 m, başlangıçtan 5,27 m, kalıp simülasyonundan 0,38 m, boss 0,34 m kaydı; gövdeye girdi: merkeze 0,17 m (t=0,53, temas 1,35) geçiş tasarım gereği; toparlanma 0,46 sn (tablo 0,26)"
3-3,"Sıçrayan Adım","Tılsım","sekmeli_ziplama",1,1,1,1,1,1,1,1,1,1,1,"arka","arka",8000.00,"boss:Burn",1.50,1.35,0.40,0.40,0.87,0.00,0.00,"0/6 kare koşu","vuruş 2: 0,60s@boss1,79m/oyuncu0,00m 0,80s@boss1,50m/oyuncu0,00m; kalıp sonu: merkeze 1,50 m, başlangıçtan 4,50 m, kalıp simülasyonundan 0,00 m; toparlanma 0,46 sn (tablo 0,26)"
3-4,"Sabit Adım","Tılsım","geri_sarma",1,1,1,1,1,1,1,1,1,1,1,"başlangıç","başlangıç",36800.00,"boss:Burn",1.50,1.35,2.67,2.66,3.13,0.00,0.00,"0/9 kare koşu","kalıp sonu: merkeze 3,00 m, başlangıçtan 0,00 m, kalıp simülasyonundan 0,00 m; toparlanma 0,46 sn (tablo 0,26)"
3-5,"Yayılan Adım","Tılsım","dalis_patlamasi",1,1,1,1,1,1,1,1,1,1,1,"ön","ön",7200.00,"boss:Burn",1.50,1.35,0.47,0.42,0.93,0.00,0.00,"0/4 kare koşu","vuruş 1: 0,73s@boss1,50m/oyuncu0,00m; kalıp sonu: merkeze 2,45 m, başlangıçtan 1,50 m, kalıp simülasyonundan 0,00 m, boss 0,95 m kaydı; toparlanma 0,46 sn (tablo 0,26)"
3-6,"Bağlayıcı Adım","Tılsım","kanca_cekis",1,1,1,1,1,1,1,1,1,1,1,"arka","arka",6400.00,"boss:Root+Slow+Burn, boss hız x0,00",1.50,1.35,0.80,0.74,1.27,0.00,0.00,"0/10 kare koşu","vuruş 1: 1,07s@boss0,00m/oyuncu1,50m; kalıp sonu: merkeze 1,50 m, başlangıçtan 4,65 m, kalıp simülasyonundan 0,15 m, boss 0,15 m kaydı; toparlanma 0,46 sn (tablo 0,26)"
4-1,"Yoğun Kalkan","Tılsım","tam_zamanli",1,1,1,1,1,1,1,1,1,1,1,"yerinde","yerinde",0.00,"",3.00,1.35,0.53,0.50,1.00,0.00,0.00,"","hasarsız skill (base_damage 0): etki hareketin kendisi; vuruş 1: 0,80s@boss0,62m/oyuncu2,38m; kalıp sonu: merkeze 3,00 m, başlangıçtan 0,00 m, kalıp simülasyonundan 0,00 m; toparlanma 0,46 sn (tablo 0,26)"
4-2,"Emici Kalkan","Tılsım","kalkan_calma",1,1,1,1,1,1,1,1,1,1,1,"yerinde","yerinde",76000.00,"oyuncu +28801 can, mermi sil 0 yut 4 dön 0 perde 0 bağ 0",3.00,1.35,0.20,0.20,0.67,0.00,0.00,"","vuruş 1: 0,53s@boss1,73m/oyuncu1,28m; kalıp sonu: merkeze 3,00 m, başlangıçtan 0,00 m, kalıp simülasyonundan 0,00 m; toparlanma 0,46 sn (tablo 0,26)"
4-3,"Sıçrayan Kalkan","Tılsım","seken_disk",1,1,1,1,1,1,1,1,1,1,1,"yerinde","yerinde",0.00,"oyuncu:Shield, kalkan 30",3.00,1.35,0.47,0.42,0.93,0.00,0.00,"","vuruş 2: 0,60s@boss0,30m/oyuncu3,30m 0,73s@boss3,04m/oyuncu1,43m; kalıp sonu: merkeze 3,00 m, başlangıçtan 0,00 m, kalıp simülasyonundan 0,00 m; toparlanma 0,46 sn (tablo 0,26)"
5-1,"Yoğun Patlama","Tılsım","saplanan_fitil",1,1,1,1,1,1,1,1,1,1,1,"geri","geri",79784.00,"boss:Burn",2.38,1.35,1.67,1.62,2.13,0.00,0.00,"0/6 kare koşu","vuruş 2: 0,53s@boss0,85m/oyuncu1,53m 2,07s@boss0,85m/oyuncu2,95m; kalıp sonu: merkeze 4,29 m, başlangıçtan 0,80 m, kalıp simülasyonundan 0,00 m, boss 0,49 m kaydı; toparlanma 0,46 sn (tablo 0,26)"
5-2,"Emici Patlama","Tılsım","ceken_girdap",1,1,1,1,1,1,1,1,1,1,1,"yerinde","yerinde",65744.00,"boss:Burn, oyuncu +37483 can, mermi sil 0 yut 3 dön 0 perde 0 bağ 0",1.33,1.35,1.33,1.32,1.80,0.00,0.00,"","vuruş 3: 1,13s@boss0,00m/oyuncu1,34m 1,60s@boss0,00m/oyuncu1,35m 1,67s@boss0,00m/oyuncu1,35m; kalıp sonu: merkeze 1,35 m, başlangıçtan 0,00 m, kalıp simülasyonundan 0,00 m, boss 1,65 m kaydı; toparlanma 0,46 sn (tablo 0,26)"
5-3,"Sıçrayan Patlama","Tılsım","seken_bomba",1,1,1,1,1,1,1,1,1,1,1,"yerinde","yerinde",93680.00,"boss:Burn",3.00,1.35,0.60,0.58,1.07,0.00,0.00,"","vuruş 3: 0,60s@boss0,40m/oyuncu3,40m 0,73s@boss0,00m/oyuncu3,69m 0,93s@boss0,35m/oyuncu4,33m; kalıp sonu: merkeze 4,55 m, başlangıçtan 0,00 m, kalıp simülasyonundan 0,00 m, boss 1,55 m kaydı; toparlanma 0,46 sn (tablo 0,26)"
6-1,"Yoğun Bağ","Tılsım","sinir_noktasi",1,1,1,1,1,1,1,1,1,1,1,"ön","ön",26792.00,"boss:Burn+Stun, boss hız x0,00",1.50,1.35,0.40,0.34,0.87,0.00,0.00,"0/5 kare koşu","vuruş 1: 0,73s@boss0,91m/oyuncu0,60m; kalıp sonu: merkeze 1,71 m, başlangıçtan 1,82 m, kalıp simülasyonundan 0,32 m, boss 0,53 m kaydı; toparlanma 0,46 sn (tablo 0,26)"
6-2,"Emici Bağ","Tılsım","bossu_cek",1,1,1,1,1,1,1,1,1,1,1,"geri","geri",22112.00,"boss:Burn+Root, boss hız x0,00, oyuncu +33276 can, mermi sil 0 yut 4 dön 0 perde 0 bağ 0",1.35,1.35,0.47,0.44,0.93,0.00,0.00,"0/5 kare koşu","vuruş 1: 0,73s@boss1,57m/oyuncu1,36m; kalıp sonu: merkeze 2,64 m, başlangıçtan 1,60 m, kalıp simülasyonundan 0,00 m, boss 1,96 m kaydı; toparlanma 0,46 sn (tablo 0,26)"
6-3,"Sıçrayan Bağ","Tılsım","basip_sekme",1,1,1,1,1,1,1,1,1,1,1,"başlangıç","başlangıç",31960.00,"boss:Burn+Root, boss hız x0,00",1.67,1.35,0.53,0.52,1.00,0.00,0.00,"0/7 kare koşu","vuruş 1: 0,73s@boss1,50m/oyuncu0,26m; kalıp sonu: merkeze 3,97 m, başlangıçtan 0,20 m, kalıp simülasyonundan 0,00 m, boss 0,78 m kaydı; toparlanma 0,46 sn (tablo 0,26)"
1-7,"Bulandırıcı Vuruş","Tılsım","dumandan_cikis",1,1,1,1,1,1,1,1,1,1,1,"ön","ön",85704.00,"boss:Blind+Burn",1.67,1.35,0.53,0.48,1.00,0.00,0.00,"0/4 kare koşu","vuruş 1: 0,80s@boss0,77m/oyuncu1,36m; kalıp sonu: merkeze 1,92 m, başlangıçtan 1,80 m, kalıp simülasyonundan 0,30 m, boss 0,72 m kaydı; toparlanma 0,46 sn (tablo 0,26)"
1-8,"Yükselen Vuruş","Tılsım","havaya_kaldirma",1,1,1,1,1,1,1,1,1,1,1,"ön","ön",92720.00,"boss:Burn+Stun, boss hız x0,00",1.90,1.35,0.40,0.34,0.87,0.00,0.00,"0/5 kare koşu","vuruş 1: 0,60s@boss1,08m/oyuncu1,28m; kalıp sonu: merkeze 1,90 m, başlangıçtan 1,10 m, kalıp simülasyonundan 0,00 m; toparlanma 0,46 sn (tablo 0,26)"
1-9,"Odaklı Vuruş","Tılsım","isarete_vur",1,1,1,1,1,1,1,1,1,1,1,"ön","ön",208624.00,"boss:Burn",2.10,1.35,0.40,0.38,0.87,0.00,0.00,"0/3 kare koşu","vuruş 1: 0,73s@boss0,95m/oyuncu1,28m; kalıp sonu: merkeze 2,30 m, başlangıçtan 1,35 m, kalıp simülasyonundan 0,00 m, boss 0,65 m kaydı; toparlanma 0,46 sn (tablo 0,26)"
2-7,"Bulandırıcı Şifa","Tılsım","sis_ortusu",1,1,1,1,1,1,1,1,1,1,1,"yerinde","yerinde",0.00,"oyuncu +168000 can, dost +56000 can",3.03,1.35,0.33,0.30,0.80,0.00,0.00,"","vuruş 1: 0,60s@boss0,00m/oyuncu3,11m; kalıp sonu: merkeze 3,12 m, başlangıçtan 0,00 m, kalıp simülasyonundan 0,00 m, boss 0,12 m kaydı"
2-8,"Yükselen Şifa","Tılsım","yerden_buyuyen",1,1,1,1,1,1,1,1,1,1,1,"yerinde","yerinde",0.00,"oyuncu +168000 can, dost +120000 can",3.00,1.35,0.47,0.42,0.93,0.00,0.00,"","vuruş 1: 0,73s@boss6,98m/oyuncu4,33m; kalıp sonu: merkeze 3,18 m, başlangıçtan 0,25 m, kalıp simülasyonundan 0,00 m, kalıp hedefi AllyDummy"
2-9,"Odaklı Şifa","Tılsım","koruyucu_isaret",1,1,1,1,1,1,1,1,1,1,1,"geri","geri",0.00,"dost +192000 can",3.00,1.35,0.20,0.20,0.67,0.00,0.00,"0/3 kare koşu","vuruş 1: 0,60s@boss3,90m/oyuncu0,35m; kalıp sonu: merkeze 3,61 m, başlangıçtan 0,80 m, kalıp simülasyonundan 0,00 m, kalıp hedefi AllyDummy"
3-7,"Bulandırıcı Adım","Tılsım","duman_kaybolma",1,1,1,1,1,1,1,1,1,1,1,"ön","ön",10400.00,"boss:Blind+Burn, oyuncu:Stealth",1.50,1.35,0.60,0.59,1.07,0.00,0.00,"0/4 kare koşu","vuruş 1: 0,60s@boss1,75m/oyuncu0,00m; kalıp sonu: merkeze 1,50 m, başlangıçtan 1,50 m, kalıp simülasyonundan 0,00 m; toparlanma 0,46 sn (tablo 0,26)"
3-8,"Yükselen Adım","Tılsım","sicrayip_cakilma",1,1,1,1,1,1,1,1,1,1,1,"ön","ön",8000.00,"boss:Burn, oyuncu:Haste, oyuncu hız x1,32",1.50,1.35,0.87,0.82,1.33,0.00,0.00,"0/5 kare koşu","vuruş 1: 1,20s@boss1,50m/oyuncu0,00m; kalıp sonu: merkeze 1,50 m, başlangıçtan 1,50 m, kalıp simülasyonundan 0,00 m; toparlanma 0,46 sn (tablo 0,26)"
3-9,"Odaklı Adım","Tılsım","kilitli_adim",1,1,1,1,1,1,1,1,1,1,1,"arka","arka",6400.00,"boss:Burn",1.50,1.35,0.53,0.48,1.00,0.00,0.00,"0/1 kare koşu","vuruş 1: 0,87s@boss0,00m/oyuncu1,50m; kalıp sonu: merkeze 1,50 m, başlangıçtan 4,50 m, kalıp simülasyonundan 0,00 m; tek karede 4,50 m sıçrama (sınır 2,47 m @ 67 ms, t=0,73, faz adim, blink tasarım gereği); toparlanma 0,46 sn (tablo 0,26)"
7-1,"Yoğun Zafiyet","Tılsım","diken_firlatma",1,1,1,1,1,1,1,1,1,1,1,"yerinde","yerinde",18848.00,"boss:Burn",3.00,1.35,0.40,0.40,0.87,0.00,0.00,"","vuruş 1: 0,80s@boss0,30m/oyuncu3,30m; kalıp sonu: merkeze 3,26 m, başlangıçtan 0,00 m, kalıp simülasyonundan 0,00 m, boss 0,26 m kaydı; toparlanma 0,46 sn (tablo 0,26)"
7-2,"Emici Zafiyet","Tılsım","sokup_cekme",1,1,1,1,1,1,1,1,1,1,1,"geri","geri",19288.00,"boss:Burn, oyuncu +24748 can, mermi sil 0 yut 3 dön 0 perde 0 bağ 0",3.03,1.35,0.47,0.44,0.93,0.00,0.00,"0/5 kare koşu","vuruş 2: 0,60s@boss0,35m/oyuncu3,59m 0,73s@boss2,72m/oyuncu1,19m; kalıp sonu: merkeze 4,45 m, başlangıçtan 1,30 m, kalıp simülasyonundan 0,00 m, boss 0,15 m kaydı; toparlanma 0,46 sn (tablo 0,26)"
7-3,"Sıçrayan Zafiyet","Tılsım","seken_yaratik",1,1,1,1,1,1,1,1,1,1,1,"yerinde","yerinde",26872.00,"boss:Burn",3.00,1.35,0.67,0.64,1.13,0.00,0.00,"","vuruş 3: 0,67s@boss0,00m/oyuncu3,00m 0,80s@boss0,35m/oyuncu3,49m 1,00s@boss0,35m/oyuncu3,90m; kalıp sonu: merkeze 4,05 m, başlangıçtan 0,00 m, kalıp simülasyonundan 0,00 m, boss 1,05 m kaydı; toparlanma 0,46 sn (tablo 0,26)"
8-1,"Yoğun Yükseliş","Tılsım","kuculten_kapi",1,1,1,1,1,1,1,1,1,1,1,"yerinde","yerinde",0.00,"",3.01,1.35,0.33,0.28,0.80,0.00,0.00,"","hasarsız skill (base_damage 0): etki hareketin kendisi; vuruş 1: 0,60s@boss0,66m/oyuncu2,38m; kalıp sonu: merkeze 3,04 m, başlangıçtan 0,00 m, kalıp simülasyonundan 0,00 m"
8-2,"Emici Yükseliş","Tılsım","kan_muhru",1,1,1,1,1,1,1,1,1,1,1,"yerinde","yerinde",0.00,"oyuncu +28801 can, mermi sil 0 yut 4 dön 0 perde 0 bağ 0",3.00,1.35,0.33,0.32,0.80,0.00,0.00,"","vuruş 1: 0,60s@boss3,00m/oyuncu0,00m; kalıp sonu: merkeze 3,00 m, başlangıçtan 0,00 m, kalıp simülasyonundan 0,00 m"
8-3,"Sıçrayan Yükseliş","Tılsım","pas_verme",1,1,1,1,1,1,1,1,1,1,1,"yerinde","yerinde",0.00,"",3.00,1.35,0.27,0.24,0.73,0.00,0.00,"","hasarsız skill (base_damage 0): etki hareketin kendisi; vuruş 1: 0,67s@boss6,38m/oyuncu3,90m; kalıp sonu: merkeze 3,00 m, başlangıçtan 0,00 m, kalıp simülasyonundan 0,00 m, kalıp hedefi AllyDummy"
9-1,"Yoğun Arınma","Tılsım","tek_dokunus",1,1,1,1,1,1,1,1,1,1,1,"geri","geri",0.00,"oyuncu +40000 can, mermi sil 3 yut 0 dön 0 perde 0 bağ 0",3.00,1.35,0.20,0.16,0.67,0.00,0.00,"0/2 kare koşu","vuruş 1: 0,53s@boss3,89m/oyuncu0,68m; kalıp sonu: merkeze 3,41 m, başlangıçtan 0,55 m, kalıp simülasyonundan 0,00 m, kalıp hedefi AllyDummy"
9-2,"Emici Arınma","Tılsım","cekip_firlat",1,1,1,1,1,1,1,1,1,1,1,"yerinde","yerinde",0.00,"oyuncu +60000 can, dost +16000 can, mermi sil 0 yut 5 dön 0 perde 0 bağ 0",3.00,1.35,0.53,0.50,1.00,0.00,0.00,"","vuruş 2: 0,60s@boss2,65m/oyuncu0,35m 0,93s@boss0,30m/oyuncu3,30m; kalıp sonu: merkeze 3,00 m, başlangıçtan 0,00 m, kalıp simülasyonundan 0,00 m"
9-3,"Sıçrayan Arınma","Tılsım","dosttan_dosta",1,1,1,1,1,1,1,1,1,1,1,"yerinde","yerinde",0.00,"oyuncu +24000 can, dost +12000 can, mermi sil 5 yut 0 dön 0 perde 0 bağ 0",3.00,1.35,0.60,0.54,1.07,0.00,0.00,"","vuruş 3: 0,60s@boss6,43m/oyuncu3,95m 0,67s@boss6,98m/oyuncu4,53m 0,87s@boss6,88m/oyuncu4,54m; kalıp sonu: merkeze 3,00 m, başlangıçtan 0,00 m, kalıp simülasyonundan 0,00 m, kalıp hedefi AllyDummy"
1-10,"Aynalı Vuruş","Tılsım","sirtta_kapi",1,1,1,1,1,1,1,1,1,1,1,"ön","ön",87520.00,"boss:Burn",2.06,1.35,0.33,0.32,0.80,0.00,0.00,"0/3 kare koşu","vuruş 2: 0,53s@boss0,92m/oyuncu1,19m 0,67s@boss0,55m/oyuncu2,82m; kalıp sonu: merkeze 2,57 m, başlangıçtan 1,20 m, kalıp simülasyonundan 0,00 m, boss 0,77 m kaydı; toparlanma 0,46 sn (tablo 0,26)"
1-11,"Kopya Vuruş","Tılsım","golge_yankisi",1,1,1,1,1,1,1,1,1,1,1,"ön","ön",89824.00,"boss:Burn",2.32,1.35,0.53,0.50,1.00,0.00,0.00,"0/3 kare koşu","vuruş 2: 0,53s@boss1,17m/oyuncu1,15m 0,87s@boss2,76m/oyuncu1,39m; kalıp sonu: merkeze 3,23 m, başlangıçtan 0,90 m, kalıp simülasyonundan 0,00 m, boss 1,13 m kaydı; toparlanma 0,46 sn (tablo 0,26)"
1-12,"Akan Vuruş","Tılsım","basili_seri",1,1,1,1,1,1,1,1,1,1,1,"ön","ön",93496.00,"boss:Burn",2.92,1.35,3.00,3.00,3.47,0.00,0.00,"","vuruş 6: 0,67s@boss1,77m/oyuncu1,15m 1,20s@boss2,63m/oyuncu1,15m 1,67s@boss2,60m/oyuncu1,15m 2,20s@boss2,40m/oyuncu1,15m 2,67s@boss2,19m/oyuncu1,15m 3,20s@boss1,94m/oyuncu1,15m; kalıp sonu: merkeze 2,99 m, başlangıçtan 1,40 m, kalıp simülasyonundan 0,00 m, boss 1,39 m kaydı; toparlanma 0,46 sn (tablo 0,26)"
2-10,"Aynalı Şifa","Tılsım","ters_es",1,1,1,1,1,1,1,1,1,1,1,"yerinde","yerinde",25200.00,"oyuncu +168000 can",3.00,1.35,0.47,0.44,0.93,0.00,0.00,"","vuruş 2: 0,60s@boss2,60m/oyuncu0,40m 0,80s@boss0,00m/oyuncu3,00m; kalıp sonu: merkeze 3,00 m, başlangıçtan 0,00 m, kalıp simülasyonundan 0,00 m"
2-11,"Kopya Şifa","Tılsım","golge_ulak",1,1,1,1,1,1,1,1,1,1,1,"yan","yan",0.00,"oyuncu +168000 can, dost +168000 can",2.43,1.35,1.40,1.36,1.87,0.00,0.00,"0/3 kare koşu","vuruş 2: 0,53s@boss3,26m/oyuncu0,35m 1,73s@boss3,05m/oyuncu1,46m; kalıp sonu: merkeze 2,43 m, başlangıçtan 1,41 m, kalıp simülasyonundan 0,00 m, kalıp hedefi AllyDummy"
2-12,"Akan Şifa","Tılsım","basili_isik",1,1,1,1,1,1,1,1,1,1,1,"geri","geri",0.00,"oyuncu +140000 can, dost +28000 can",3.00,1.35,3.00,3.00,3.47,0.00,0.00,"","vuruş 6: 0,67s@boss5,38m/oyuncu2,72m 1,20s@boss5,58m/oyuncu2,72m 1,67s@boss5,75m/oyuncu2,72m 2,20s@boss5,95m/oyuncu2,72m 2,67s@boss6,13m/oyuncu2,72m 3,20s@boss6,33m/oyuncu2,72m; kalıp sonu: merkeze 3,94 m, başlangıçtan 1,20 m, kalıp simülasyonundan 0,00 m, kalıp hedefi AllyDummy"
3-10,"Aynalı Adım","Tılsım","iki_kapi",1,1,1,1,1,1,1,1,1,1,1,"ön","ön",11200.00,"boss:Burn",1.50,1.35,0.60,0.54,1.07,0.00,0.00,"0/4 kare koşu","vuruş 2: 0,47s@boss3,00m/oyuncu0,00m 0,87s@boss1,50m/oyuncu0,00m; kalıp sonu: merkeze 1,50 m, başlangıçtan 1,50 m, kalıp simülasyonundan 0,00 m; toparlanma 0,46 sn (tablo 0,26)"
3-11,"Kopya Adım","Tılsım","yem_kac",1,1,1,1,1,1,1,1,1,1,1,"geri","geri",9600.00,"boss:Burn, yem boss aggro",3.00,1.35,0.40,0.40,0.87,0.00,0.00,"0/5 kare koşu","vuruş 1: 0,47s@boss3,00m/oyuncu0,00m; kalıp sonu: merkeze 5,80 m, başlangıçtan 2,80 m, kalıp simülasyonundan 0,00 m; toparlanma 0,46 sn (tablo 0,26)"
3-12,"Akan Adım","Tılsım","suzulme",1,1,1,1,1,1,1,1,1,1,1,"ön","ön",40800.00,"boss:Burn, oyuncu:Haste, oyuncu hız x1,50",1.90,1.35,3.00,3.00,3.47,0.00,0.00,"","kalıp sonu: merkeze 1,90 m, başlangıçtan 1,10 m, kalıp simülasyonundan 0,00 m; toparlanma 0,46 sn (tablo 0,26)"
10-1,"Yoğun Yansı","Tılsım","tam_zamanli",1,1,1,1,1,1,1,1,1,1,1,"yerinde","yerinde",7200.00,"boss:Burn",3.00,1.35,0.53,0.50,1.00,0.00,0.00,"","vuruş 1: 0,80s@boss0,62m/oyuncu2,38m; kalıp sonu: merkeze 3,00 m, başlangıçtan 0,00 m, kalıp simülasyonundan 0,00 m; toparlanma 0,46 sn (tablo 0,26)"
10-2,"Emici Yansı","Tılsım","yutan_girdap",1,1,1,1,1,1,1,1,1,1,1,"yerinde","yerinde",32800.00,"boss:Burn, oyuncu +21600 can, mermi sil 0 yut 3 dön 0 perde 0 bağ 0",3.00,1.35,3.20,3.18,3.67,0.00,0.00,"","vuruş 4: 1,33s@boss0,62m/oyuncu2,38m 2,13s@boss0,62m/oyuncu2,38m 2,87s@boss0,62m/oyuncu2,38m 3,60s@boss0,62m/oyuncu2,38m; kalıp sonu: merkeze 3,00 m, başlangıçtan 0,00 m, kalıp simülasyonundan 0,00 m; toparlanma 0,46 sn (tablo 0,26)"
10-3,"Sıçrayan Yansı","Tılsım","seken_geri",1,1,1,1,1,1,1,1,1,1,1,"ön","ön",8800.00,"boss:Burn",1.90,1.35,0.40,0.36,0.87,0.00,0.00,"0/3 kare koşu","vuruş 2: 0,53s@boss0,55m/oyuncu1,53m 0,67s@boss0,00m/oyuncu1,90m; kalıp sonu: merkeze 1,90 m, başlangıçtan 1,10 m, kalıp simülasyonundan 0,00 m; toparlanma 0,46 sn (tablo 0,26)"
10-10,"Aynalı Yansı","Tılsım","iki_kapi",1,1,1,1,1,1,1,1,1,1,1,"ön","ön",11200.00,"boss:Burn",1.50,1.35,0.60,0.54,1.07,0.00,0.00,"0/4 kare koşu","vuruş 2: 0,47s@boss3,00m/oyuncu0,00m 0,87s@boss1,50m/oyuncu0,00m; kalıp sonu: merkeze 1,50 m, başlangıçtan 1,50 m, kalıp simülasyonundan 0,00 m; toparlanma 0,46 sn (tablo 0,26)"
10-11,"Kopya Yansı","Tılsım","yem_kopya",1,1,1,1,1,1,1,1,1,1,1,"yerinde","yerinde",7200.00,"boss:Burn, yem boss aggro",3.00,1.35,0.27,0.24,0.73,0.00,0.00,"","vuruş 1: 0,53s@boss2,98m/oyuncu1,29m; kalıp sonu: merkeze 3,00 m, başlangıçtan 0,00 m, kalıp simülasyonundan 0,00 m; toparlanma 0,46 sn (tablo 0,26)"
10-12,"Akan Yansı","Tılsım","basili_siper",1,1,1,1,1,1,1,1,1,1,1,"ön","ön",32000.00,"boss:Burn",2.20,1.35,3.00,3.00,3.47,0.00,0.00,"","vuruş 3: 1,20s@boss0,41m/oyuncu2,38m 2,20s@boss0,14m/oyuncu2,38m 3,20s@boss0,13m/oyuncu2,38m; kalıp sonu: merkeze 2,20 m, başlangıçtan 0,80 m, kalıp simülasyonundan 0,00 m; toparlanma 0,46 sn (tablo 0,26)"
11-1,"Yoğun Çağrı","Tılsım","sirt_saplama",1,1,1,1,1,1,1,1,1,1,1,"yerinde","yerinde",43584.00,"boss:Burn",2.89,1.35,0.47,0.44,0.93,0.00,0.00,"","vuruş 1: 0,80s@boss0,00m/oyuncu2,95m; kalıp sonu: merkeze 2,97 m, başlangıçtan 0,11 m, kalıp simülasyonundan 0,00 m"
11-2,"Emici Çağrı","Tılsım","yapisan",1,1,1,1,1,1,1,1,1,1,1,"yerinde","yerinde",273352.00,"boss:Burn, oyuncu +171759 can, mermi sil 0 yut 3 dön 0 perde 0 bağ 0",3.00,1.35,5.20,5.18,5.67,0.00,0.00,"","vuruş 6: 0,60s@boss0,20m/oyuncu3,22m 1,60s@boss0,00m/oyuncu3,11m 2,60s@boss0,00m/oyuncu3,11m 3,60s@boss0,00m/oyuncu3,11m 4,60s@boss0,00m/oyuncu3,11m 5,60s@boss0,00m/oyuncu3,11m; kalıp sonu: merkeze 3,11 m, başlangıçtan 0,00 m, kalıp simülasyonundan 0,00 m, boss 0,11 m kaydı"
11-3,"Sıçrayan Çağrı","Tılsım","seken_yaratik",1,1,1,1,1,1,1,1,1,1,1,"yerinde","yerinde",59968.00,"boss:Burn",3.00,1.35,0.67,0.64,1.13,0.00,0.00,"","vuruş 3: 0,67s@boss0,00m/oyuncu3,04m 0,80s@boss0,35m/oyuncu3,08m 1,00s@boss0,35m/oyuncu3,10m; kalıp sonu: merkeze 3,09 m, başlangıçtan 0,00 m, kalıp simülasyonundan 0,00 m"
11-10,"Aynalı Çağrı","Tılsım","takim_kapisi",1,1,1,1,1,1,1,1,1,1,1,"yerinde","yerinde",69312.00,"boss:Burn",3.00,1.35,1.27,1.24,1.73,0.00,0.00,"","vuruş 1: 0,53s@boss3,00m/oyuncu0,00m; kalıp sonu: merkeze 3,00 m, başlangıçtan 0,00 m, kalıp simülasyonundan 0,00 m"
11-11,"Kopya Çağrı","Tılsım","ayna_klonlar",1,1,1,1,1,1,1,1,1,1,1,"yerinde","yerinde",60512.00,"boss:Burn",3.00,1.35,0.53,0.50,1.00,0.00,0.00,"","vuruş 2: 0,67s@boss2,96m/oyuncu1,41m 0,87s@boss2,99m/oyuncu1,41m; kalıp sonu: merkeze 3,08 m, başlangıçtan 0,00 m, kalıp simülasyonundan 0,00 m"
11-12,"Akan Çağrı","Tılsım","kapidan_akin",1,1,1,1,1,1,1,1,1,1,1,"yerinde","yerinde",329896.00,"boss:Burn",3.00,1.35,4.20,4.20,4.67,0.00,0.00,"","vuruş 6: 0,60s@boss0,85m/oyuncu2,17m 1,40s@boss0,00m/oyuncu3,10m 2,20s@boss0,00m/oyuncu3,11m 3,00s@boss0,00m/oyuncu3,11m 3,80s@boss0,00m/oyuncu3,11m 4,60s@boss0,00m/oyuncu3,11m; kalıp sonu: merkeze 3,11 m, başlangıçtan 0,00 m, kalıp simülasyonundan 0,00 m, boss 0,11 m kaydı"
12-1,"Yoğun Zaman","Tılsım","zamanli_donma",1,1,1,1,1,1,1,1,1,1,1,"ön","ön",6400.00,"boss:Burn+Slow, boss hız x0,70",1.65,1.35,0.53,0.50,1.00,0.00,0.00,"0/3 kare koşu","vuruş 1: 0,87s@boss0,54m/oyuncu1,28m; kalıp sonu: merkeze 1,87 m, başlangıçtan 1,60 m, kalıp simülasyonundan 0,10 m, boss 0,47 m kaydı; toparlanma 0,46 sn (tablo 0,26)"
12-2,"Emici Zaman","Tılsım","ceken_girdap",1,1,1,1,1,1,1,1,1,1,1,"yerinde","yerinde",12800.00,"boss:Burn+Slow, oyuncu:Haste, boss hız x0,70, oyuncu hız x1,56, oyuncu +28801 can, mermi sil 0 yut 4 dön 0 perde 0 bağ 0",3.02,1.35,1.33,1.32,1.80,0.00,0.00,"","vuruş 3: 1,13s@boss0,00m/oyuncu3,13m 1,60s@boss0,00m/oyuncu4,18m 1,67s@boss0,00m/oyuncu4,23m; kalıp sonu: merkeze 4,32 m, başlangıçtan 0,00 m, kalıp simülasyonundan 0,00 m, boss 1,32 m kaydı; toparlanma 0,46 sn (tablo 0,26)"
12-3,"Sıçrayan Zaman","Tılsım","geri_donen_kure",1,1,1,1,1,1,1,1,1,1,1,"yerinde","yerinde",9600.00,"boss:Burn+Slow, boss hız x0,70",3.00,1.35,0.53,0.50,1.00,0.00,0.00,"","vuruş 2: 0,60s@boss0,30m/oyuncu3,32m 0,87s@boss1,76m/oyuncu2,04m; kalıp sonu: merkeze 4,00 m, başlangıçtan 0,00 m, kalıp simülasyonundan 0,00 m, boss 1,00 m kaydı; toparlanma 0,46 sn (tablo 0,26)"
12-10,"Aynalı Zaman","Tılsım","boss_geri",1,1,1,1,1,1,1,1,1,1,1,"yerinde","yerinde",8800.00,"boss:Burn+Slow, boss hız x0,70",3.01,1.35,0.47,0.46,0.93,0.00,0.00,"","vuruş 1: 0,60s@boss0,29m/oyuncu3,35m; kalıp sonu: merkeze 3,06 m, başlangıçtan 0,00 m, kalıp simülasyonundan 0,00 m; toparlanma 0,46 sn (tablo 0,26)"
12-11,"Kopya Zaman","Tılsım","geri_sarma",1,1,1,1,1,1,1,1,1,1,1,"başlangıç","başlangıç",36800.00,"boss:Burn+Slow, boss hız x0,70",1.50,1.35,2.67,2.66,3.13,0.00,0.00,"0/9 kare koşu","kalıp sonu: merkeze 3,18 m, başlangıçtan 0,00 m, kalıp simülasyonundan 0,00 m, boss 0,18 m kaydı; toparlanma 0,46 sn (tablo 0,26)"
12-12,"Akan Zaman","Tılsım","yuruyen_balon",1,1,1,1,1,1,1,1,1,1,1,"ön","ön",48000.00,"boss:Burn+Slow, boss hız x0,70",3.00,1.35,4.20,4.20,4.67,0.00,0.00,"","vuruş 5: 0,53s@boss3,00m/oyuncu0,00m 1,60s@boss4,01m/oyuncu0,00m 2,60s@boss3,75m/oyuncu0,00m 3,60s@boss3,45m/oyuncu0,00m 4,60s@boss3,15m/oyuncu0,00m; kalıp sonu: merkeze 3,15 m, başlangıçtan 1,20 m, kalıp simülasyonundan 0,00 m, boss 1,35 m kaydı; toparlanma 0,46 sn (tablo 0,26)"
4-4,"Sabit Kalkan","Tılsım","duvar_dikme",1,1,1,1,1,1,1,1,1,1,1,"yerinde","yerinde",0.00,"",3.00,1.35,0.33,0.32,0.80,0.00,0.00,"","hasarsız skill (base_damage 0): etki hareketin kendisi; vuruş 1: 0,67s@boss0,62m/oyuncu2,38m; kalıp sonu: merkeze 3,00 m, başlangıçtan 0,00 m, kalıp simülasyonundan 0,00 m; toparlanma 0,46 sn (tablo 0,26)"
4-5,"Yayılan Kalkan","Tılsım","onde_yelpaze",1,1,1,1,1,1,1,1,1,1,1,"yerinde","yerinde",0.00,"",3.00,1.35,0.67,0.63,1.13,0.00,0.00,"","hasarsız skill (base_damage 0): etki hareketin kendisi; vuruş 1: 0,87s@boss1,88m/oyuncu1,12m; kalıp sonu: merkeze 3,00 m, başlangıçtan 0,00 m, kalıp simülasyonundan 0,00 m; toparlanma 0,46 sn (tablo 0,26)"
4-6,"Bağlayıcı Kalkan","Tılsım","zincirli_firlatma",1,1,1,1,1,1,1,1,1,1,1,"ön","ön",0.00,"",1.50,1.35,0.73,0.70,1.20,0.00,0.00,"0/4 kare koşu","hasarsız skill (base_damage 0): etki hareketin kendisi; vuruş 2: 0,60s@boss0,45m/oyuncu3,45m 1,07s@boss0,47m/oyuncu1,28m; kalıp sonu: merkeze 1,50 m, başlangıçtan 1,50 m, kalıp simülasyonundan 0,00 m; toparlanma 0,46 sn (tablo 0,26)"
4-7,"Bulandırıcı Kalkan","Tılsım","duman_duvari",1,1,1,1,1,1,1,1,1,1,1,"yerinde","yerinde",0.00,"",2.80,1.35,0.53,0.52,1.00,0.00,0.00,"","hasarsız skill (base_damage 0): etki hareketin kendisi; vuruş 1: 0,67s@boss0,42m/oyuncu2,38m; kalıp sonu: merkeze 2,80 m, başlangıçtan 0,20 m, kalıp simülasyonundan 0,00 m; toparlanma 0,46 sn (tablo 0,26)"
4-8,"Yükselen Kalkan","Tılsım","yerden_buyuyen",1,1,1,1,1,1,1,1,1,1,1,"yerinde","yerinde",0.00,"",3.00,1.35,0.47,0.42,0.93,0.00,0.00,"","hasarsız skill (base_damage 0): etki hareketin kendisi; vuruş 1: 0,73s@boss6,98m/oyuncu4,33m; kalıp sonu: merkeze 3,18 m, başlangıçtan 0,25 m, kalıp simülasyonundan 0,00 m, kalıp hedefi AllyDummy; toparlanma 0,46 sn (tablo 0,26)"
4-9,"Odaklı Kalkan","Tılsım","koruyucu_isaret",1,1,1,1,1,1,1,1,1,1,1,"geri","geri",0.00,"",3.00,1.35,0.20,0.20,0.67,0.00,0.00,"0/3 kare koşu","hasarsız skill (base_damage 0): etki hareketin kendisi; vuruş 1: 0,60s@boss3,90m/oyuncu0,35m; kalıp sonu: merkeze 3,61 m, başlangıçtan 0,80 m, kalıp simülasyonundan 0,00 m, kalıp hedefi AllyDummy; toparlanma 0,46 sn (tablo 0,26)"
5-4,"Sabit Patlama","Tılsım","mayin_cakma",1,1,1,1,1,1,1,1,1,1,1,"yerinde","yerinde",62152.00,"boss:Burn",3.00,1.35,0.47,0.42,0.93,0.00,0.00,"","vuruş 2: 0,67s@boss0,85m/oyuncu2,15m 0,73s@boss0,85m/oyuncu2,15m; kalıp sonu: merkeze 3,64 m, başlangıçtan 0,00 m, kalıp simülasyonundan 0,00 m, boss 0,64 m kaydı; toparlanma 0,46 sn (tablo 0,26)"
5-5,"Yayılan Patlama","Tılsım","yer_yarigi",1,1,1,1,1,1,1,1,1,1,1,"ön","ön",56168.00,"boss:Burn",1.50,1.35,0.60,0.56,1.07,0.00,0.00,"0/9 kare koşu","vuruş 3: 0,73s@boss0,74m/oyuncu1,13m 0,80s@boss0,29m/oyuncu1,36m 0,93s@boss0,23m/oyuncu1,27m; kalıp sonu: merkeze 1,63 m, başlangıçtan 3,40 m, kalıp simülasyonundan 1,42 m, boss 1,86 m kaydı; toparlanma 0,46 sn (tablo 0,26)"
5-6,"Bağlayıcı Patlama","Tılsım","gerilip_kopan",1,1,1,1,1,1,1,1,1,1,1,"geri","geri",79960.00,"boss:Root+Slow+Burn, boss hız x0,00",1.35,1.35,0.60,0.58,1.07,0.00,0.00,"0/6 kare koşu","vuruş 2: 0,60s@boss0,85m/oyuncu1,19m 0,93s@boss0,86m/oyuncu2,73m; kalıp sonu: merkeze 2,85 m, başlangıçtan 0,50 m, kalıp simülasyonundan 0,01 m, boss 0,66 m kaydı; toparlanma 0,46 sn (tablo 0,26)"
5-7,"Bulandırıcı Patlama","Tılsım","sis_bombasi",1,1,1,1,1,1,1,1,1,1,1,"yerinde","yerinde",80920.00,"boss:Blind+Burn, oyuncu:Stealth",3.00,1.35,0.27,0.22,0.73,0.00,0.00,"","vuruş 1: 0,60s@boss0,35m/oyuncu3,35m; kalıp sonu: merkeze 3,69 m, başlangıçtan 0,00 m, kalıp simülasyonundan 0,00 m, boss 0,69 m kaydı; toparlanma 0,46 sn (tablo 0,26)"
5-8,"Yükselen Patlama","Tılsım","yerden_fiskirma",1,1,1,1,1,1,1,1,1,1,1,"ön","ön",66344.00,"boss:Burn+Stun, boss hız x0,00",2.60,1.35,0.47,0.44,0.93,0.00,0.00,"","vuruş 1: 0,73s@boss0,00m/oyuncu2,75m; kalıp sonu: merkeze 2,60 m, başlangıçtan 0,40 m, kalıp simülasyonundan 0,00 m; toparlanma 0,46 sn (tablo 0,26)"
5-9,"Odaklı Patlama","Tılsım","gudumlu_top",1,1,1,1,1,1,1,1,1,1,1,"yerinde","yerinde",147960.00,"boss:Burn",3.04,1.35,0.60,0.56,1.07,0.00,0.00,"","vuruş 1: 0,93s@boss0,00m/oyuncu3,19m; kalıp sonu: merkeze 4,06 m, başlangıçtan 0,00 m, kalıp simülasyonundan 0,00 m, boss 1,06 m kaydı; toparlanma 0,46 sn (tablo 0,26)"
6-4,"Sabit Bağ","Tılsım","karsilikli_kilit",1,1,1,1,1,1,1,1,1,1,1,"ön","ön",62160.00,"boss:Burn+Root, boss hız x0,00",1.50,1.35,3.27,3.24,3.73,0.00,0.00,"0/4 kare koşu","vuruş 1: 0,93s@boss0,41m/oyuncu1,11m; kalıp sonu: merkeze 2,88 m, başlangıçtan 1,71 m, kalıp simülasyonundan 0,21 m, boss 1,59 m kaydı; toparlanma 0,46 sn (tablo 0,26)"
6-5,"Yayılan Bağ","Tılsım","yer_tuzagi",1,1,1,1,1,1,1,1,1,1,1,"yerinde","yerinde",20544.00,"boss:Burn+Root, boss hız x0,00",3.00,1.35,0.33,0.28,0.80,0.00,0.00,"","vuruş 1: 0,60s@boss0,62m/oyuncu2,38m; kalıp sonu: merkeze 3,64 m, başlangıçtan 0,00 m, kalıp simülasyonundan 0,00 m, boss 0,64 m kaydı; toparlanma 0,46 sn (tablo 0,26)"
6-6,"Bağlayıcı Bağ","Tılsım","iki_uclu",1,1,1,1,1,1,1,1,1,1,1,"yerinde","yerinde",32224.00,"boss:Root+Slow+Burn, boss hız x0,00",3.02,1.35,0.67,0.65,1.13,0.00,0.00,"","vuruş 1: 0,60s@boss0,28m/oyuncu3,36m; kalıp sonu: merkeze 4,21 m, başlangıçtan 0,00 m, kalıp simülasyonundan 0,00 m, boss 1,21 m kaydı; toparlanma 0,46 sn (tablo 0,26)"
6-7,"Bulandırıcı Bağ","Tılsım","goz_bagi",1,1,1,1,1,1,1,1,1,1,1,"yerinde","yerinde",26896.00,"boss:Blind+Root+Burn, boss hız x0,00",3.00,1.35,0.20,0.20,0.67,0.00,0.00,"","vuruş 1: 0,60s@boss0,28m/oyuncu3,28m; kalıp sonu: merkeze 3,26 m, başlangıçtan 0,00 m, kalıp simülasyonundan 0,00 m, boss 0,26 m kaydı; toparlanma 0,46 sn (tablo 0,26)"
6-8,"Yükselen Bağ","Tılsım","havada_asma",1,1,1,1,1,1,1,1,1,1,1,"ön","ön",28784.00,"boss:Stun+Burn+Root, boss hız x0,00",1.50,1.35,1.20,1.14,1.67,0.00,0.00,"0/5 kare koşu","vuruş 1: 0,93s@boss1,50m/oyuncu0,00m; kalıp sonu: merkeze 2,65 m, başlangıçtan 1,50 m, kalıp simülasyonundan 0,00 m, boss 1,15 m kaydı; toparlanma 0,46 sn (tablo 0,26)"
6-9,"Odaklı Bağ","Tılsım","zamanli_donma",1,1,1,1,1,1,1,1,1,1,1,"ön","ön",40912.00,"boss:Burn+Root, boss hız x0,00",1.50,1.35,0.53,0.50,1.00,0.00,0.00,"0/3 kare koşu","vuruş 1: 0,87s@boss0,54m/oyuncu1,28m; kalıp sonu: merkeze 1,50 m, başlangıçtan 1,53 m, kalıp simülasyonundan 0,03 m; toparlanma 0,46 sn (tablo 0,26)"
7-4,"Sabit Zafiyet","Tılsım","mayin_cakma",1,1,1,1,1,1,1,1,1,1,1,"yerinde","yerinde",17016.00,"boss:Burn",3.04,1.35,0.47,0.42,0.93,0.00,0.00,"","vuruş 2: 0,67s@boss0,85m/oyuncu2,32m 0,73s@boss0,85m/oyuncu2,32m; kalıp sonu: merkeze 3,83 m, başlangıçtan 0,00 m, kalıp simülasyonundan 0,00 m, boss 0,83 m kaydı; toparlanma 0,46 sn (tablo 0,26)"
7-5,"Yayılan Zafiyet","Tılsım","onde_yelpaze",1,1,1,1,1,1,1,1,1,1,1,"yerinde","yerinde",17264.00,"boss:Burn",3.01,1.35,0.67,0.63,1.13,0.00,0.00,"","vuruş 1: 0,87s@boss1,91m/oyuncu1,12m; kalıp sonu: merkeze 3,81 m, başlangıçtan 0,00 m, kalıp simülasyonundan 0,00 m, boss 0,81 m kaydı; toparlanma 0,46 sn (tablo 0,26)"
7-6,"Bağlayıcı Zafiyet","Tılsım","dost_ip",1,1,1,1,1,1,1,1,1,1,1,"yerinde","yerinde",26016.00,"boss:Root+Slow+Burn, boss hız x0,00",3.02,1.35,0.67,0.62,1.13,0.00,0.00,"","vuruş 1: 0,60s@boss0,28m/oyuncu3,35m; kalıp sonu: merkeze 4,19 m, başlangıçtan 0,00 m, kalıp simülasyonundan 0,00 m, boss 1,19 m kaydı; toparlanma 0,46 sn (tablo 0,26)"
8-4,"Sabit Yükseliş","Tılsım","totem_dikme",1,1,1,1,1,1,1,1,1,1,1,"yerinde","yerinde",0.00,"",3.00,1.35,0.33,0.30,0.80,0.00,0.00,"","hasarsız skill (base_damage 0): etki hareketin kendisi; vuruş 1: 0,67s@boss3,10m/oyuncu0,00m; kalıp sonu: merkeze 3,12 m, başlangıçtan 0,15 m, kalıp simülasyonundan 0,00 m, kalıp hedefi AllyDummy"
8-5,"Yayılan Yükseliş","Tılsım","savas_narasi",1,1,1,1,1,1,1,1,1,1,1,"yerinde","yerinde",0.00,"",3.00,1.35,0.40,0.36,0.87,0.00,0.00,"","hasarsız skill (base_damage 0): etki hareketin kendisi; vuruş 1: 0,60s@boss3,00m/oyuncu0,00m; kalıp sonu: merkeze 3,00 m, başlangıçtan 0,00 m, kalıp simülasyonundan 0,00 m"
8-6,"Bağlayıcı Yükseliş","Tılsım","dost_dosta",1,1,1,1,1,1,1,1,1,1,1,"yan","yan",0.00,"",2.38,1.35,0.53,0.52,1.00,0.00,0.00,"0/4 kare koşu","hasarsız skill (base_damage 0): etki hareketin kendisi; vuruş 3: 0,53s@boss4,05m/oyuncu1,22m 0,73s@boss2,84m/oyuncu1,41m 0,87s@boss4,76m/oyuncu2,38m; kalıp sonu: merkeze 2,38 m, başlangıçtan 1,41 m, kalıp simülasyonundan 0,00 m, kalıp hedefi AllyDummy"
9-4,"Sabit Arınma","Tılsım","yer_tuzagi",1,1,1,1,1,1,1,1,1,1,1,"yerinde","yerinde",0.00,"oyuncu +40000 can, mermi sil 5 yut 0 dön 0 perde 0 bağ 0",3.00,1.35,0.33,0.28,0.80,0.00,0.00,"","vuruş 1: 0,60s@boss0,62m/oyuncu2,38m; kalıp sonu: merkeze 3,00 m, başlangıçtan 0,00 m, kalıp simülasyonundan 0,00 m"
9-5,"Yayılan Arınma","Tılsım","dagilan_yagmur",1,1,1,1,1,1,1,1,1,1,1,"yerinde","yerinde",0.00,"oyuncu +40000 can, dost +40000 can, mermi sil 6 yut 0 dön 0 perde 0 bağ 0",3.00,1.35,0.60,0.58,1.07,0.00,0.00,"","vuruş 1: 0,80s@boss3,00m/oyuncu0,00m; kalıp sonu: merkeze 3,00 m, başlangıçtan 0,00 m, kalıp simülasyonundan 0,00 m, kalıp hedefi AllyDummy"
9-6,"Bağlayıcı Arınma","Tılsım","iki_uclu",1,1,1,1,1,1,1,1,1,1,1,"yerinde","yerinde",0.00,"oyuncu +40000 can, mermi sil 0 yut 0 dön 0 perde 0 bağ 3",3.00,1.35,0.67,0.65,1.13,0.00,0.00,"","vuruş 1: 0,60s@boss6,36m/oyuncu3,87m; kalıp sonu: merkeze 3,00 m, başlangıçtan 0,00 m, kalıp simülasyonundan 0,00 m, kalıp hedefi AllyDummy"
4-10,"Aynalı Kalkan","Tılsım","sirtta_kapi",1,1,1,1,1,1,1,1,1,1,1,"ön","ön",24000.00,"",1.80,1.35,0.33,0.32,0.80,0.00,0.00,"0/3 kare koşu","vuruş 2: 0,53s@boss0,92m/oyuncu1,19m 0,67s@boss0,55m/oyuncu2,35m; kalıp sonu: merkeze 1,80 m, başlangıçtan 1,20 m, kalıp simülasyonundan 0,00 m; toparlanma 0,46 sn (tablo 0,26)"
4-11,"Kopya Kalkan","Tılsım","yem_kopya",1,1,1,1,1,1,1,1,1,1,1,"yerinde","yerinde",0.00,"yem boss aggro",3.00,1.35,0.27,0.24,0.73,0.00,0.00,"","vuruş 1: 0,53s@boss2,98m/oyuncu1,29m; kalıp sonu: merkeze 3,00 m, başlangıçtan 0,00 m, kalıp simülasyonundan 0,00 m; toparlanma 0,46 sn (tablo 0,26)"
4-12,"Akan Kalkan","Tılsım","basili_siper",1,1,1,1,1,1,1,1,1,1,1,"geri","geri",0.00,"",3.00,1.35,3.00,3.00,3.47,0.00,0.00,"","hasarsız skill (base_damage 0): etki hareketin kendisi; vuruş 3: 1,20s@boss5,17m/oyuncu2,38m 2,20s@boss5,41m/oyuncu2,38m 3,20s@boss5,66m/oyuncu2,38m; kalıp sonu: merkeze 3,61 m, başlangıçtan 0,80 m, kalıp simülasyonundan 0,00 m, kalıp hedefi AllyDummy; toparlanma 0,46 sn (tablo 0,26)"
5-10,"Aynalı Patlama","Tılsım","karsi_darbe",1,1,1,1,1,1,1,1,1,1,1,"ön","ön",89544.00,"boss:Burn",1.92,1.35,0.40,0.36,0.87,0.00,0.00,"0/3 kare koşu","vuruş 1: 0,73s@boss0,56m/oyuncu1,36m; kalıp sonu: merkeze 2,39 m, başlangıçtan 1,30 m, kalıp simülasyonundan 0,00 m, boss 0,69 m kaydı; toparlanma 0,46 sn (tablo 0,26)"
5-11,"Kopya Patlama","Tılsım","golge_yankisi",1,1,1,1,1,1,1,1,1,1,1,"ön","ön",66000.00,"boss:Burn",2.41,1.35,0.53,0.50,1.00,0.00,0.00,"0/3 kare koşu","vuruş 2: 0,53s@boss1,26m/oyuncu1,15m 0,87s@boss3,24m/oyuncu1,39m; kalıp sonu: merkeze 3,83 m, başlangıçtan 0,90 m, kalıp simülasyonundan 0,00 m, boss 1,73 m kaydı; toparlanma 0,46 sn (tablo 0,26)"
5-12,"Akan Patlama","Tılsım","patlayan_iz",1,1,1,1,1,1,1,1,1,1,1,"ön","ön",74560.00,"boss:Burn",3.00,1.35,3.00,3.00,3.47,0.00,0.00,"","vuruş 6: 0,87s@boss2,20m/oyuncu1,53m 1,40s@boss3,24m/oyuncu1,53m 1,87s@boss3,14m/oyuncu1,53m 2,40s@boss2,81m/oyuncu1,53m 2,87s@boss2,48m/oyuncu1,53m 3,40s@boss2,09m/oyuncu1,53m; kalıp sonu: merkeze 3,62 m, başlangıçtan 2,20 m, kalıp simülasyonundan 0,70 m, boss 2,82 m kaydı; toparlanma 0,46 sn (tablo 0,26)"
6-10,"Aynalı Bağ","Tılsım","karsi_darbe",1,1,1,1,1,1,1,1,1,1,1,"ön","ön",30160.00,"boss:Burn+Root, boss hız x0,00, boss ters kontrol",1.92,1.35,0.40,0.36,0.87,0.00,0.00,"0/3 kare koşu","vuruş 1: 0,73s@boss0,56m/oyuncu1,36m; kalıp sonu: merkeze 2,17 m, başlangıçtan 1,30 m, kalıp simülasyonundan 0,00 m, boss 0,47 m kaydı; toparlanma 0,46 sn (tablo 0,26)"
6-11,"Kopya Bağ","Tılsım","onden_arkadan",1,1,1,1,1,1,1,1,1,1,1,"ön","ön",39872.00,"boss:Burn+Root, boss hız x0,00",2.36,1.35,0.40,0.34,0.87,0.00,0.00,"0/3 kare koşu","vuruş 2: 0,53s@boss1,25m/oyuncu1,11m 0,67s@boss0,60m/oyuncu3,28m; kalıp sonu: merkeze 3,11 m, başlangıçtan 0,90 m, kalıp simülasyonundan 0,00 m, boss 1,01 m kaydı; toparlanma 0,46 sn (tablo 0,26)"
6-12,"Akan Bağ","Tılsım","cember_sarma",1,1,1,1,1,1,1,1,1,1,1,"arka","arka",21112.00,"boss:Root+Burn, boss hız x0,00",1.50,1.35,0.93,0.90,1.40,0.00,0.00,"0/11 kare koşu","vuruş 1: 1,27s@boss0,00m/oyuncu2,06m; kalıp sonu: merkeze 2,53 m, başlangıçtan 4,66 m, kalıp simülasyonundan 0,08 m, boss 0,42 m kaydı; toparlanma 0,46 sn (tablo 0,26)"
10-4,"Sabit Yansı","Tılsım","duvar_dikme",1,1,1,1,1,1,1,1,1,1,1,"yerinde","yerinde",6400.00,"boss:Burn",3.00,1.35,0.33,0.32,0.80,0.00,0.00,"","vuruş 1: 0,67s@boss0,62m/oyuncu2,38m; kalıp sonu: merkeze 3,00 m, başlangıçtan 0,00 m, kalıp simülasyonundan 0,00 m; toparlanma 0,46 sn (tablo 0,26)"
10-5,"Yayılan Yansı","Tılsım","yuruyen_balon",1,1,1,1,1,1,1,1,1,1,1,"ön","ön",48000.00,"boss:Burn",1.80,1.35,4.20,4.20,4.67,0.00,0.00,"","vuruş 5: 0,53s@boss3,00m/oyuncu0,00m 1,60s@boss2,70m/oyuncu0,00m 2,60s@boss2,40m/oyuncu0,00m 3,60s@boss2,10m/oyuncu0,00m 4,60s@boss1,80m/oyuncu0,00m; kalıp sonu: merkeze 1,80 m, başlangıçtan 1,20 m, kalıp simülasyonundan 0,00 m; toparlanma 0,46 sn (tablo 0,26)"
10-6,"Bağlayıcı Yansı","Tılsım","silaha_kement",1,1,1,1,1,1,1,1,1,1,1,"yerinde","yerinde",14400.00,"boss:Root+Slow+Burn, boss hız x0,00",3.00,1.35,1.00,0.94,1.47,0.00,0.00,"","vuruş 1: 0,60s@boss0,40m/oyuncu3,40m; kalıp sonu: merkeze 3,00 m, başlangıçtan 0,00 m, kalıp simülasyonundan 0,00 m; toparlanma 0,46 sn (tablo 0,26)"
11-4,"Sabit Çağrı","Tılsım","taret_dikme",1,1,1,1,1,1,1,1,1,1,1,"yerinde","yerinde",6400.00,"boss:Burn",3.00,1.35,0.47,0.42,0.93,0.00,0.00,"","vuruş 2: 0,53s@boss3,00m/oyuncu0,00m 0,80s@boss0,28m/oyuncu3,28m; kalıp sonu: merkeze 3,00 m, başlangıçtan 0,00 m, kalıp simülasyonundan 0,00 m"
11-5,"Yayılan Çağrı","Tılsım","dagilan_suru",1,1,1,1,1,1,1,1,1,1,1,"yerinde","yerinde",30272.00,"boss:Burn",3.00,1.35,0.47,0.42,0.93,0.00,0.00,"","vuruş 3: 0,53s@boss0,35m/oyuncu3,02m 0,67s@boss0,00m/oyuncu3,00m 0,80s@boss0,35m/oyuncu3,02m; kalıp sonu: merkeze 3,00 m, başlangıçtan 0,00 m, kalıp simülasyonundan 0,00 m"
11-6,"Bağlayıcı Çağrı","Tılsım","muhafiz",1,1,1,1,1,1,1,1,1,1,1,"yerinde","yerinde",97520.00,"boss:Burn+Root+Slow, boss hız x0,00",3.00,1.35,0.53,0.52,1.00,0.00,0.00,"","vuruş 1: 0,60s@boss2,93m/oyuncu1,20m; kalıp sonu: merkeze 3,11 m, başlangıçtan 0,00 m, kalıp simülasyonundan 0,00 m, boss 0,11 m kaydı"
12-4,"Sabit Zaman","Tılsım","totem_dikme",1,1,1,1,1,1,1,1,1,1,1,"yerinde","yerinde",93664.00,"boss:Burn+Slow+Stun, boss hız x0,00",2.87,1.35,0.33,0.30,0.80,0.00,0.00,"","vuruş 1: 0,67s@boss2,87m/oyuncu0,00m; kalıp sonu: merkeze 3,32 m, başlangıçtan 0,15 m, kalıp simülasyonundan 0,00 m, boss 0,47 m kaydı; toparlanma 0,46 sn (tablo 0,26)"
12-5,"Yayılan Zaman","Tılsım","genisleyen_halka",1,1,1,1,1,1,1,1,1,1,1,"yerinde","yerinde",77440.00,"boss:Burn+Slow, boss hız x0,70",3.02,1.35,0.60,0.58,1.07,0.00,0.00,"","vuruş 1: 0,87s@boss3,12m/oyuncu0,00m; kalıp sonu: merkeze 3,76 m, başlangıçtan 0,00 m, kalıp simülasyonundan 0,00 m, boss 0,76 m kaydı; toparlanma 0,46 sn (tablo 0,26)"
12-6,"Bağlayıcı Zaman","Tılsım","iki_uclu",1,1,1,1,1,1,1,1,1,1,1,"yerinde","yerinde",11200.00,"boss:Burn, oyuncu:Haste, oyuncu hız x1,56",3.02,1.35,0.67,0.65,1.13,0.00,0.00,"","vuruş 1: 0,60s@boss0,28m/oyuncu3,36m; kalıp sonu: merkeze 4,21 m, başlangıçtan 0,00 m, kalıp simülasyonundan 0,00 m, boss 1,21 m kaydı; toparlanma 0,46 sn (tablo 0,26)"
7-7,"Bulandırıcı Zafiyet","Tılsım","sis_bombasi",1,1,1,1,1,1,1,1,1,1,1,"yerinde","yerinde",16216.00,"boss:Blind+Burn",3.00,1.35,0.27,0.22,0.73,0.00,0.00,"","vuruş 1: 0,60s@boss0,35m/oyuncu3,36m; kalıp sonu: merkeze 3,48 m, başlangıçtan 0,00 m, kalıp simülasyonundan 0,00 m, boss 0,48 m kaydı; toparlanma 0,46 sn (tablo 0,26)"
7-8,"Yükselen Zafiyet","Tılsım","yerden_fiskirma",1,1,1,1,1,1,1,1,1,1,1,"ön","ön",17008.00,"boss:Burn+Stun, boss hız x0,00",2.60,1.35,0.47,0.44,0.93,0.00,0.00,"","vuruş 1: 0,73s@boss0,00m/oyuncu2,75m; kalıp sonu: merkeze 2,60 m, başlangıçtan 0,40 m, kalıp simülasyonundan 0,00 m; toparlanma 0,46 sn (tablo 0,26)"
7-9,"Odaklı Zafiyet","Tılsım","isaret_patlamasi",1,1,1,1,1,1,1,1,1,1,1,"yerinde","yerinde",34144.00,"boss:Burn",3.04,1.35,1.93,1.92,2.40,0.00,0.00,"","vuruş 1: 2,27s@boss0,00m/oyuncu3,20m; kalıp sonu: merkeze 3,20 m, başlangıçtan 0,00 m, kalıp simülasyonundan 0,00 m, boss 0,20 m kaydı; toparlanma 0,46 sn (tablo 0,26)"
7-10,"Aynalı Zafiyet","Tılsım","onden_arkadan",1,1,1,1,1,1,1,1,1,1,1,"ön","ön",21256.00,"boss:Burn",2.41,1.35,0.40,0.34,0.87,0.00,0.00,"0/3 kare koşu","vuruş 2: 0,53s@boss1,31m/oyuncu1,11m 0,67s@boss0,60m/oyuncu3,34m; kalıp sonu: merkeze 3,17 m, başlangıçtan 0,90 m, kalıp simülasyonundan 0,00 m, boss 1,07 m kaydı; toparlanma 0,46 sn (tablo 0,26)"
7-11,"Kopya Zafiyet","Tılsım","golge_yankisi",1,1,1,1,1,1,1,1,1,1,1,"ön","ön",23640.00,"boss:Burn",2.32,1.35,0.53,0.50,1.00,0.00,0.00,"0/3 kare koşu","vuruş 2: 0,53s@boss1,17m/oyuncu1,15m 0,87s@boss2,77m/oyuncu1,39m; kalıp sonu: merkeze 3,23 m, başlangıçtan 0,90 m, kalıp simülasyonundan 0,00 m, boss 1,13 m kaydı; toparlanma 0,46 sn (tablo 0,26)"
7-12,"Akan Zafiyet","Tılsım","basili_isik",1,1,1,1,1,1,1,1,1,1,1,"ön","ön",47584.00,"boss:Burn",2.93,1.35,3.00,3.00,3.47,0.00,0.00,"","vuruş 6: 0,67s@boss0,21m/oyuncu2,72m 1,20s@boss1,11m/oyuncu2,72m 1,67s@boss1,11m/oyuncu2,72m 2,20s@boss0,94m/oyuncu2,72m 2,67s@boss0,77m/oyuncu2,72m 3,20s@boss0,55m/oyuncu2,72m; kalıp sonu: merkeze 3,19 m, başlangıçtan 1,20 m, kalıp simülasyonundan 0,00 m, boss 1,39 m kaydı; toparlanma 0,46 sn (tablo 0,26)"
8-7,"Bulandırıcı Yükseliş","Tılsım","goz_bagi",1,1,1,1,1,1,1,1,1,1,1,"yerinde","yerinde",0.00,"",3.00,1.35,0.20,0.20,0.67,0.00,0.00,"","hasarsız skill (base_damage 0): etki hareketin kendisi; vuruş 1: 0,60s@boss0,28m/oyuncu3,28m; kalıp sonu: merkeze 3,00 m, başlangıçtan 0,00 m, kalıp simülasyonundan 0,00 m"
8-8,"Yükselen Yükseliş","Tılsım","buyuten_kemer",1,1,1,1,1,1,1,1,1,1,1,"yerinde","yerinde",0.00,"",3.00,1.35,0.47,0.42,0.93,0.00,0.00,"","hasarsız skill (base_damage 0): etki hareketin kendisi; vuruş 1: 0,73s@boss5,04m/oyuncu2,21m; kalıp sonu: merkeze 3,22 m, başlangıçtan 0,30 m, kalıp simülasyonundan 0,00 m, kalıp hedefi AllyDummy"
8-9,"Odaklı Yükseliş","Tılsım","gudumlu_top",1,1,1,1,1,1,1,1,1,1,1,"yerinde","yerinde",0.00,"",3.00,1.35,0.60,0.56,1.07,0.00,0.00,"","hasarsız skill (base_damage 0): etki hareketin kendisi; vuruş 1: 0,93s@boss6,98m/oyuncu4,53m; kalıp sonu: merkeze 3,00 m, başlangıçtan 0,00 m, kalıp simülasyonundan 0,00 m, kalıp hedefi AllyDummy"
8-10,"Aynalı Yükseliş","Tılsım","ters_es",1,1,1,1,1,1,1,1,1,1,1,"yerinde","yerinde",0.00,"boss:Weaken",3.00,1.35,0.47,0.44,0.93,0.00,0.00,"","vuruş 2: 0,60s@boss2,60m/oyuncu0,40m 0,80s@boss0,00m/oyuncu3,00m; kalıp sonu: merkeze 3,00 m, başlangıçtan 0,00 m, kalıp simülasyonundan 0,00 m"
8-11,"Kopya Yükseliş","Tılsım","golge_ulak",1,1,1,1,1,1,1,1,1,1,1,"yan","yan",0.00,"",2.43,1.35,1.40,1.36,1.87,0.00,0.00,"0/3 kare koşu","hasarsız skill (base_damage 0): etki hareketin kendisi; vuruş 2: 0,53s@boss3,26m/oyuncu0,35m 1,73s@boss3,05m/oyuncu1,46m; kalıp sonu: merkeze 2,43 m, başlangıçtan 1,41 m, kalıp simülasyonundan 0,00 m, kalıp hedefi AllyDummy"
8-12,"Akan Yükseliş","Tılsım","akinti_yolu",1,1,1,1,1,1,1,1,1,1,1,"geri","geri",0.00,"",3.00,1.35,1.00,0.94,1.47,0.00,0.00,"0/10 kare koşu","hasarsız skill (base_damage 0): etki hareketin kendisi; vuruş 1: 1,27s@boss6,27m/oyuncu2,38m; kalıp sonu: merkeze 4,11 m, başlangıçtan 1,40 m, kalıp simülasyonundan 0,00 m, kalıp hedefi AllyDummy"
9-7,"Bulandırıcı Arınma","Tılsım","sis_ortusu",1,1,1,1,1,1,1,1,1,1,1,"yerinde","yerinde",0.00,"oyuncu:Stealth, oyuncu +40000 can, mermi sil 0 yut 0 dön 0 perde 5 bağ 0",3.00,1.35,0.33,0.30,0.80,0.00,0.00,"","vuruş 1: 0,60s@boss0,00m/oyuncu3,00m; kalıp sonu: merkeze 3,00 m, başlangıçtan 0,00 m, kalıp simülasyonundan 0,00 m"
9-8,"Yükselen Arınma","Tılsım","isik_sutunu",1,1,1,1,1,1,1,1,1,1,1,"yerinde","yerinde",0.00,"oyuncu +40000 can, mermi sil 5 yut 0 dön 0 perde 0 bağ 0",3.00,1.35,0.53,0.48,1.00,0.00,0.00,"","vuruş 1: 0,80s@boss3,06m/oyuncu0,00m; kalıp sonu: merkeze 3,07 m, başlangıçtan 0,10 m, kalıp simülasyonundan 0,00 m, kalıp hedefi AllyDummy"
9-9,"Odaklı Arınma","Tılsım","mermi_sondur",1,1,1,1,1,1,1,1,1,1,1,"yerinde","yerinde",0.00,"oyuncu +40000 can, mermi sil 1 yut 0 dön 0 perde 0 bağ 0",3.00,1.35,0.40,0.38,0.87,0.00,0.00,"","vuruş 1: 0,73s@boss6,98m/oyuncu4,53m; kalıp sonu: merkeze 3,00 m, başlangıçtan 0,00 m, kalıp simülasyonundan 0,00 m, kalıp hedefi AllyDummy"
9-10,"Aynalı Arınma","Tılsım","yer_degistir",1,1,1,1,1,1,1,1,1,1,1,"arka","arka",40.00,"oyuncu +40000 can, mermi sil 0 yut 0 dön 5 perde 0 bağ 0",1.50,1.35,0.40,0.34,0.87,0.00,0.00,"0/1 kare koşu","vuruş 1: 0,73s@boss0,31m/oyuncu1,19m; kalıp sonu: merkeze 1,50 m, başlangıçtan 4,50 m, kalıp simülasyonundan 0,00 m, ışın 8,34 m konumdan çıkarıldı; tek karede 8,34 m sıçrama (sınır 2,47 m @ 67 ms, t=0,87, ışın tasarım gereği)"
9-11,"Kopya Arınma","Tılsım","yem_kopya",1,1,1,1,1,1,1,1,1,1,1,"yerinde","yerinde",0.00,"oyuncu +40000 can, dost +40000 can, yem boss aggro, mermi sil 5 yut 0 dön 0 perde 0 bağ 0",3.00,1.35,0.27,0.24,0.73,0.00,0.00,"","vuruş 1: 0,53s@boss2,98m/oyuncu1,29m; kalıp sonu: merkeze 3,00 m, başlangıçtan 0,00 m, kalıp simülasyonundan 0,00 m"
9-12,"Akan Arınma","Tılsım","nabiz",1,1,1,1,1,1,1,1,1,1,1,"yerinde","yerinde",0.00,"oyuncu +24000 can, dost +12000 can, mermi sil 4 yut 0 dön 0 perde 0 bağ 0",3.00,1.35,3.20,3.18,3.67,0.00,0.00,"","vuruş 3: 1,60s@boss3,00m/oyuncu0,00m 2,60s@boss3,00m/oyuncu0,00m 3,60s@boss3,00m/oyuncu0,00m; kalıp sonu: merkeze 3,00 m, başlangıçtan 0,00 m, kalıp simülasyonundan 0,00 m"
10-7,"Bulandırıcı Yansı","Tılsım","sahte_goruntu",1,1,1,1,1,1,1,1,1,1,1,"geri","geri",9600.00,"boss:Blind+Burn, oyuncu:Stealth, yem boss aggro",3.00,1.35,0.47,0.44,0.93,0.00,0.00,"0/3 kare koşu","vuruş 3: 0,53s@boss3,06m/oyuncu1,37m 0,67s@boss3,06m/oyuncu1,37m 0,80s@boss3,68m/oyuncu0,00m; kalıp sonu: merkeze 3,90 m, başlangıçtan 0,90 m, kalıp simülasyonundan 0,00 m; toparlanma 0,46 sn (tablo 0,26)"
10-8,"Yükselen Yansı","Tılsım","yerden_buyuyen",1,1,1,1,1,1,1,1,1,1,1,"yerinde","yerinde",4800.00,"boss:Burn",2.75,1.35,0.47,0.42,0.93,0.00,0.00,"","vuruş 1: 0,73s@boss0,00m/oyuncu2,80m; kalıp sonu: merkeze 2,75 m, başlangıçtan 0,25 m, kalıp simülasyonundan 0,00 m; toparlanma 0,46 sn (tablo 0,26)"
10-9,"Odaklı Yansı","Tılsım","koruyucu_isaret",1,1,1,1,1,1,1,1,1,1,1,"ön","ön",5600.00,"boss:Burn",2.20,1.35,0.20,0.20,0.67,0.00,0.00,"0/3 kare koşu","vuruş 1: 0,60s@boss1,85m/oyuncu0,35m; kalıp sonu: merkeze 2,20 m, başlangıçtan 0,80 m, kalıp simülasyonundan 0,00 m; toparlanma 0,46 sn (tablo 0,26)"
11-7,"Bulandırıcı Çağrı","Tılsım","sirt_saplama",1,1,1,1,1,1,1,1,1,1,1,"yerinde","yerinde",33168.00,"boss:Blind+Burn",3.00,1.35,0.33,0.32,0.80,0.00,0.00,"","vuruş 1: 0,67s@boss0,00m/oyuncu3,04m; kalıp sonu: merkeze 3,06 m, başlangıçtan 0,00 m, kalıp simülasyonundan 0,00 m"
11-8,"Yükselen Çağrı","Tılsım","dostu_yerden",1,1,1,1,1,1,1,1,1,1,1,"yan","yan",34680.00,"boss:Burn",2.96,1.35,0.80,0.78,1.27,0.00,0.00,"0/8 kare koşu","vuruş 1: 1,07s@boss2,82m/oyuncu0,95m; kalıp sonu: merkeze 2,99 m, başlangıçtan 0,91 m, kalıp simülasyonundan 0,00 m"
11-9,"Odaklı Çağrı","Tılsım","pesinden_av",1,1,1,1,1,1,1,1,1,1,1,"yerinde","yerinde",291936.00,"boss:Burn",2.75,1.35,2.47,2.44,2.93,0.00,0.00,"0/2 kare koşu","vuruş 1: 2,80s@boss0,00m/oyuncu2,86m; kalıp sonu: merkeze 2,86 m, başlangıçtan 0,25 m, kalıp simülasyonundan 0,00 m, boss 0,11 m kaydı"
12-7,"Bulandırıcı Zaman","Tılsım","kum_saati",1,1,1,1,1,1,1,1,1,1,1,"yerinde","yerinde",125000.00,"boss:Blind+Burn+Slow, boss hız x0,70",3.00,1.35,0.67,0.62,1.13,0.00,0.00,"","vuruş 1: 0,60s@boss0,28m/oyuncu3,28m; kalıp sonu: merkeze 4,11 m, başlangıçtan 0,00 m, kalıp simülasyonundan 0,00 m, boss 1,11 m kaydı; toparlanma 0,46 sn (tablo 0,26)"
12-8,"Yükselen Zaman","Tılsım","isik_sutunu",1,1,1,1,1,1,1,1,1,1,1,"yerinde","yerinde",4800.00,"boss:Burn, oyuncu:Haste, oyuncu hız x1,80",2.90,1.35,0.53,0.48,1.00,0.00,0.00,"","vuruş 1: 0,80s@boss2,92m/oyuncu0,00m; kalıp sonu: merkeze 2,90 m, başlangıçtan 0,10 m, kalıp simülasyonundan 0,00 m; toparlanma 0,46 sn (tablo 0,26)"
12-9,"Odaklı Zaman","Tılsım","isaret_patlamasi",1,1,1,1,1,1,1,1,1,1,1,"yerinde","yerinde",4800.00,"boss:Burn+Slow, boss hız x0,70",3.00,1.35,1.93,1.92,2.40,0.00,0.00,"","vuruş 1: 2,27s@boss0,00m/oyuncu3,00m; kalıp sonu: merkeze 3,00 m, başlangıçtan 0,00 m, kalıp simülasyonundan 0,00 m; toparlanma 0,46 sn (tablo 0,26)"
1-1,"Yoğun Vuruş","Kalkan","yukle_birak",1,1,1,1,1,1,1,1,1,1,1,"ön","ön",95512.00,"boss:Burn",1.75,1.35,0.53,0.52,0.93,0.00,0.00,"0/3 kare koşu","vuruş 1: 0,80s@boss0,42m/oyuncu1,53m; kalıp sonu: merkeze 1,96 m, başlangıçtan 1,70 m, kalıp simülasyonundan 0,20 m, boss 0,66 m kaydı"
1-2,"Emici Vuruş","Kalkan","kan_ceken_pence",1,1,1,1,1,1,1,1,1,1,1,"yerinde","yerinde",49552.00,"boss:Burn, oyuncu +26867 can, mermi sil 0 yut 2 dön 0 perde 0 bağ 0",1.34,1.35,0.40,0.38,0.80,0.00,0.00,"","vuruş 3: 0,47s@boss1,77m/oyuncu1,02m 0,60s@boss1,19m/oyuncu1,02m 0,73s@boss0,61m/oyuncu1,02m; kalıp sonu: merkeze 1,34 m, başlangıçtan 0,00 m, kalıp simülasyonundan 0,00 m, boss 1,66 m kaydı"
1-3,"Sıçrayan Vuruş","Kalkan","yan_yan_sekme",1,1,1,1,1,1,1,1,1,1,1,"geri","geri",109936.00,"boss:Burn",2.67,1.35,0.60,0.58,1.00,0.00,0.00,"0/8 kare koşu","vuruş 2: 0,60s@boss0,74m/oyuncu3,34m 0,87s@boss0,74m/oyuncu4,52m; kalıp sonu: merkeze 4,25 m, başlangıçtan 1,24 m, kalıp simülasyonundan 0,11 m, boss 0,98 m kaydı"
1-4,"Sabit Vuruş","Kalkan","yere_cakilan",1,1,1,1,1,1,1,1,1,1,1,"ön","ön",71816.00,"boss:Burn",2.11,1.35,0.60,0.54,1.00,0.00,0.00,"0/2 kare koşu","vuruş 1: 0,87s@boss2,11m/oyuncu0,00m; kalıp sonu: merkeze 2,58 m, başlangıçtan 0,93 m, kalıp simülasyonundan 0,03 m, boss 0,51 m kaydı"
1-5,"Yayılan Vuruş","Kalkan","donen_kesik",1,1,1,1,1,1,1,1,1,1,1,"yerinde","yerinde",66008.00,"boss:Burn",3.00,1.35,0.60,0.55,1.00,0.00,0.00,"","vuruş 1: 0,60s@boss3,00m/oyuncu0,00m; kalıp sonu: merkeze 3,97 m, başlangıçtan 0,00 m, kalıp simülasyonundan 0,00 m, boss 0,97 m kaydı"
1-6,"Bağlayıcı Vuruş","Kalkan","zincirli_firlatma",1,1,1,1,1,1,1,1,1,1,1,"ön","ön",101112.00,"boss:Root+Slow+Burn, boss hız x0,00",2.65,1.35,0.73,0.70,1.13,0.00,0.00,"0/4 kare koşu","vuruş 2: 0,53s@boss0,45m/oyuncu3,49m 1,00s@boss1,56m/oyuncu1,28m; kalıp sonu: merkeze 2,70 m, başlangıçtan 1,50 m, kalıp simülasyonundan 0,00 m, boss 1,20 m kaydı"
2-1,"Yoğun Şifa","Kalkan","tek_dokunus",1,1,1,1,1,1,1,1,1,1,1,"geri","geri",0.00,"oyuncu +56000 can",3.00,1.35,0.20,0.16,0.60,0.00,0.00,"0/2 kare koşu","vuruş 1: 0,47s@boss3,90m/oyuncu0,68m; kalıp sonu: merkeze 3,42 m, başlangıçtan 0,55 m, kalıp simülasyonundan 0,00 m, kalıp hedefi AllyDummy"
2-2,"Emici Şifa","Kalkan","uzaktan_emme",1,1,1,1,1,1,1,1,1,1,1,"yerinde","yerinde",53192.00,"oyuncu +105600 can, dost +28000 can, mermi sil 0 yut 3 dön 0 perde 0 bağ 0",2.65,1.35,2.20,2.16,2.60,0.00,0.00,"","vuruş 4: 1,00s@boss0,19m/oyuncu2,72m 1,53s@boss0,10m/oyuncu2,72m 2,00s@boss0,02m/oyuncu2,72m 2,53s@boss0,07m/oyuncu2,72m; kalıp sonu: merkeze 2,65 m, başlangıçtan 0,35 m, kalıp simülasyonundan 0,00 m"
2-3,"Sıçrayan Şifa","Kalkan","dosttan_dosta",1,1,1,1,1,1,1,1,1,1,1,"yerinde","yerinde",0.00,"oyuncu +68000 can, dost +20000 can",3.00,1.35,0.60,0.54,1.00,0.00,0.00,"","vuruş 3: 0,53s@boss6,43m/oyuncu3,95m 0,60s@boss6,98m/oyuncu4,53m 0,80s@boss6,88m/oyuncu4,54m; kalıp sonu: merkeze 3,00 m, başlangıçtan 0,00 m, kalıp simülasyonundan 0,00 m, kalıp hedefi AllyDummy"
2-4,"Sabit Şifa","Kalkan","totem_dikme",1,1,1,1,1,1,1,1,1,1,1,"yerinde","yerinde",0.00,"oyuncu +20000 can, dost +56000 can",3.00,1.35,0.33,0.30,0.73,0.00,0.00,"","vuruş 1: 0,60s@boss3,10m/oyuncu0,00m; kalıp sonu: merkeze 3,11 m, başlangıçtan 0,15 m, kalıp simülasyonundan 0,00 m, kalıp hedefi AllyDummy"
2-5,"Yayılan Şifa","Kalkan","genisleyen_halka",1,1,1,1,1,1,1,1,1,1,1,"yerinde","yerinde",0.00,"oyuncu +56000 can, dost +56000 can",3.00,1.35,0.60,0.58,1.00,0.00,0.00,"","vuruş 1: 0,80s@boss3,00m/oyuncu0,00m; kalıp sonu: merkeze 3,00 m, başlangıçtan 0,00 m, kalıp simülasyonundan 0,00 m"
2-6,"Bağlayıcı Şifa","Kalkan","dostu_kanca",1,1,1,1,1,1,1,1,1,1,1,"geri","geri",0.00,"oyuncu +56000 can",3.00,1.35,0.53,0.52,0.93,0.00,0.00,"0/6 kare koşu","vuruş 1: 0,80s@boss5,79m/oyuncu0,40m; kalıp sonu: merkeze 5,92 m, başlangıçtan 3,40 m, kalıp simülasyonundan 0,00 m, kalıp hedefi AllyDummy"
3-1,"Yoğun Adım","Kalkan","kisa_dash",1,1,1,1,1,1,1,1,1,1,1,"ön","ön",8000.00,"boss:Burn",2.17,1.35,0.20,0.16,0.60,0.00,0.00,"0/3 kare koşu","kalıp sonu: merkeze 2,17 m, başlangıçtan 0,83 m, kalıp simülasyonundan 0,00 m"
3-2,"Emici Adım","Kalkan","icinden_emme",1,1,1,1,1,1,1,1,1,1,1,"arka","arka",8000.00,"boss:Burn, oyuncu +28801 can, mermi sil 0 yut 4 dön 0 perde 0 bağ 0",0.17,1.35,0.33,0.28,0.73,0.00,0.00,"0/5 kare koşu","vuruş 1: 0,53s@boss0,24m/oyuncu1,36m; kalıp sonu: merkeze 2,61 m, başlangıçtan 5,27 m, kalıp simülasyonundan 0,38 m, boss 0,34 m kaydı; gövdeye girdi: merkeze 0,17 m (t=0,47, temas 1,35) geçiş tasarım gereği"
3-3,"Sıçrayan Adım","Kalkan","sekmeli_ziplama",1,1,1,1,1,1,1,1,1,1,1,"arka","arka",8800.00,"boss:Burn",1.50,1.35,0.40,0.40,0.80,0.00,0.00,"0/6 kare koşu","vuruş 2: 0,53s@boss1,79m/oyuncu0,00m 0,73s@boss1,50m/oyuncu0,00m; kalıp sonu: merkeze 1,50 m, başlangıçtan 4,50 m, kalıp simülasyonundan 0,00 m"
3-4,"Sabit Adım","Kalkan","geri_sarma",1,1,1,1,1,1,1,1,1,1,1,"başlangıç","başlangıç",37600.00,"boss:Burn",1.50,1.35,2.67,2.66,3.07,0.00,0.00,"0/9 kare koşu","kalıp sonu: merkeze 3,00 m, başlangıçtan 0,00 m, kalıp simülasyonundan 0,00 m"
3-5,"Yayılan Adım","Kalkan","dalis_patlamasi",1,1,1,1,1,1,1,1,1,1,1,"ön","ön",8000.00,"boss:Burn",1.50,1.35,0.47,0.42,0.87,0.00,0.00,"0/4 kare koşu","vuruş 1: 0,67s@boss1,50m/oyuncu0,00m; kalıp sonu: merkeze 2,45 m, başlangıçtan 1,50 m, kalıp simülasyonundan 0,00 m, boss 0,95 m kaydı"
3-6,"Bağlayıcı Adım","Kalkan","kanca_cekis",1,1,1,1,1,1,1,1,1,1,1,"arka","arka",7200.00,"boss:Root+Slow+Burn, boss hız x0,00",1.50,1.35,0.80,0.74,1.20,0.00,0.00,"0/10 kare koşu","vuruş 1: 1,00s@boss0,00m/oyuncu1,50m; kalıp sonu: merkeze 1,50 m, başlangıçtan 4,62 m, kalıp simülasyonundan 0,12 m, boss 0,12 m kaydı"
4-1,"Yoğun Kalkan","Kalkan","tam_zamanli",1,1,1,1,1,1,1,1,1,1,1,"yerinde","yerinde",0.00,"",3.00,1.35,0.53,0.50,0.87,0.00,0.00,"","hasarsız skill (base_damage 0): etki hareketin kendisi; vuruş 1: 0,67s@boss0,62m/oyuncu2,38m; kalıp sonu: merkeze 3,00 m, başlangıçtan 0,00 m, kalıp simülasyonundan 0,00 m"
4-2,"Emici Kalkan","Kalkan","kalkan_calma",1,1,1,1,1,1,1,1,1,1,1,"yerinde","yerinde",95000.00,"oyuncu +14401 can, mermi sil 0 yut 2 dön 0 perde 0 bağ 0",3.00,1.35,0.20,0.20,0.53,0.00,0.00,"","vuruş 1: 0,40s@boss1,73m/oyuncu1,28m; kalıp sonu: merkeze 3,00 m, başlangıçtan 0,00 m, kalıp simülasyonundan 0,00 m"
4-3,"Sıçrayan Kalkan","Kalkan","seken_disk",1,1,1,1,1,1,1,1,1,1,1,"yerinde","yerinde",0.00,"oyuncu:Shield, kalkan 25",3.00,1.35,0.47,0.42,0.80,0.00,0.00,"","vuruş 2: 0,47s@boss0,30m/oyuncu3,30m 0,60s@boss3,04m/oyuncu1,43m; kalıp sonu: merkeze 3,00 m, başlangıçtan 0,00 m, kalıp simülasyonundan 0,00 m"
5-1,"Yoğun Patlama","Kalkan","saplanan_fitil",1,1,1,1,1,1,1,1,1,1,1,"geri","geri",68224.00,"boss:Burn",2.38,1.35,1.67,1.62,2.07,0.00,0.00,"0/6 kare koşu","vuruş 2: 0,47s@boss0,85m/oyuncu1,53m 2,00s@boss0,85m/oyuncu2,95m; kalıp sonu: merkeze 4,28 m, başlangıçtan 0,80 m, kalıp simülasyonundan 0,00 m, boss 0,48 m kaydı"
5-2,"Emici Patlama","Kalkan","ceken_girdap",1,1,1,1,1,1,1,1,1,1,1,"yerinde","yerinde",57720.00,"boss:Burn, oyuncu +42037 can, mermi sil 0 yut 4 dön 0 perde 0 bağ 0",1.35,1.35,1.33,1.32,1.73,0.00,0.00,"","vuruş 3: 1,07s@boss0,00m/oyuncu3,23m 1,53s@boss0,00m/oyuncu1,35m 1,60s@boss0,00m/oyuncu1,35m; kalıp sonu: merkeze 1,35 m, başlangıçtan 0,00 m, kalıp simülasyonundan 0,00 m, boss 1,65 m kaydı"
5-3,"Sıçrayan Patlama","Kalkan","seken_bomba",1,1,1,1,1,1,1,1,1,1,1,"yerinde","yerinde",80608.00,"boss:Burn",3.00,1.35,0.60,0.58,1.00,0.00,0.00,"","vuruş 3: 0,53s@boss0,40m/oyuncu3,40m 0,67s@boss0,00m/oyuncu3,69m 0,87s@boss0,35m/oyuncu4,33m; kalıp sonu: merkeze 4,55 m, başlangıçtan 0,00 m, kalıp simülasyonundan 0,00 m, boss 1,55 m kaydı"
6-1,"Yoğun Bağ","Kalkan","sinir_noktasi",1,1,1,1,1,1,1,1,1,1,1,"ön","ön",29280.00,"boss:Burn+Stun, boss hız x0,00",1.50,1.35,0.40,0.34,0.73,0.00,0.00,"0/5 kare koşu","vuruş 1: 0,60s@boss0,91m/oyuncu0,59m; kalıp sonu: merkeze 1,71 m, başlangıçtan 1,81 m, kalıp simülasyonundan 0,31 m, boss 0,52 m kaydı"
6-2,"Emici Bağ","Kalkan","bossu_cek",1,1,1,1,1,1,1,1,1,1,1,"geri","geri",24336.00,"boss:Burn+Root, boss hız x0,00, oyuncu +40661 can, mermi sil 0 yut 5 dön 0 perde 0 bağ 0",1.35,1.35,0.47,0.44,0.80,0.00,0.00,"0/5 kare koşu","vuruş 1: 0,60s@boss1,55m/oyuncu1,36m; kalıp sonu: merkeze 2,65 m, başlangıçtan 1,60 m, kalıp simülasyonundan 0,00 m, boss 1,95 m kaydı"
6-3,"Sıçrayan Bağ","Kalkan","basip_sekme",1,1,1,1,1,1,1,1,1,1,1,"başlangıç","başlangıç",34560.00,"boss:Burn+Root, boss hız x0,00",1.67,1.35,0.53,0.52,0.87,0.00,0.00,"0/7 kare koşu","vuruş 1: 0,60s@boss1,50m/oyuncu0,26m; kalıp sonu: merkeze 3,97 m, başlangıçtan 0,20 m, kalıp simülasyonundan 0,00 m, boss 0,78 m kaydı"
1-7,"Bulandırıcı Vuruş","Kalkan","dumandan_cikis",1,1,1,1,1,1,1,1,1,1,1,"ön","ön",73416.00,"boss:Blind+Burn, oyuncu:Stealth",1.63,1.35,0.53,0.48,0.93,0.00,0.00,"0/4 kare koşu","vuruş 1: 0,73s@boss0,76m/oyuncu1,36m; kalıp sonu: merkeze 1,89 m, başlangıçtan 1,80 m, kalıp simülasyonundan 0,30 m, boss 0,69 m kaydı"
1-8,"Yükselen Vuruş","Kalkan","havaya_kaldirma",1,1,1,1,1,1,1,1,1,1,1,"ön","ön",77560.00,"boss:Burn+Stun, boss hız x0,00",1.90,1.35,0.40,0.34,0.80,0.00,0.00,"0/5 kare koşu","vuruş 1: 0,53s@boss1,08m/oyuncu1,28m; kalıp sonu: merkeze 1,90 m, başlangıçtan 1,10 m, kalıp simülasyonundan 0,00 m"
1-9,"Odaklı Vuruş","Kalkan","isarete_vur",1,1,1,1,1,1,1,1,1,1,1,"ön","ön",172712.00,"boss:Burn",2.05,1.35,0.40,0.38,0.80,0.00,0.00,"0/3 kare koşu","vuruş 1: 0,67s@boss0,91m/oyuncu1,28m; kalıp sonu: merkeze 2,27 m, başlangıçtan 1,35 m, kalıp simülasyonundan 0,00 m, boss 0,62 m kaydı"
2-7,"Bulandırıcı Şifa","Kalkan","sis_ortusu",1,1,1,1,1,1,1,1,1,1,1,"yerinde","yerinde",0.00,"oyuncu:Stealth, oyuncu +20000 can, dost +56000 can",3.02,1.35,0.33,0.30,0.73,0.00,0.00,"","vuruş 1: 0,53s@boss0,00m/oyuncu3,09m; kalıp sonu: merkeze 3,10 m, başlangıçtan 0,00 m, kalıp simülasyonundan 0,00 m"
2-8,"Yükselen Şifa","Kalkan","yerden_buyuyen",1,1,1,1,1,1,1,1,1,1,1,"yerinde","yerinde",0.00,"oyuncu +40000 can, dost +56000 can",3.00,1.35,0.47,0.42,0.87,0.00,0.00,"","vuruş 1: 0,67s@boss6,98m/oyuncu4,33m; kalıp sonu: merkeze 3,18 m, başlangıçtan 0,25 m, kalıp simülasyonundan 0,00 m, kalıp hedefi AllyDummy"
2-9,"Odaklı Şifa","Kalkan","koruyucu_isaret",1,1,1,1,1,1,1,1,1,1,1,"geri","geri",0.00,"dost +128000 can",3.00,1.35,0.20,0.20,0.60,0.00,0.00,"0/3 kare koşu","vuruş 1: 0,53s@boss3,90m/oyuncu0,35m; kalıp sonu: merkeze 3,61 m, başlangıçtan 0,80 m, kalıp simülasyonundan 0,00 m, kalıp hedefi AllyDummy"
3-7,"Bulandırıcı Adım","Kalkan","duman_kaybolma",1,1,1,1,1,1,1,1,1,1,1,"ön","ön",11200.00,"boss:Blind+Burn, oyuncu:Stealth",1.50,1.35,0.60,0.59,1.00,0.00,0.00,"0/4 kare koşu","vuruş 1: 0,53s@boss1,75m/oyuncu0,00m; kalıp sonu: merkeze 1,50 m, başlangıçtan 1,50 m, kalıp simülasyonundan 0,00 m"
3-8,"Yükselen Adım","Kalkan","sicrayip_cakilma",1,1,1,1,1,1,1,1,1,1,1,"ön","ön",8800.00,"boss:Burn, oyuncu:Haste, oyuncu hız x1,10",1.50,1.35,0.87,0.82,1.27,0.00,0.00,"0/5 kare koşu","vuruş 1: 1,13s@boss1,50m/oyuncu0,00m; kalıp sonu: merkeze 1,50 m, başlangıçtan 1,50 m, kalıp simülasyonundan 0,00 m"
3-9,"Odaklı Adım","Kalkan","kilitli_adim",1,1,1,1,1,1,1,1,1,1,1,"arka","arka",7200.00,"boss:Burn",1.50,1.35,0.53,0.48,0.93,0.00,0.00,"0/1 kare koşu","vuruş 1: 0,80s@boss0,00m/oyuncu1,50m; kalıp sonu: merkeze 1,50 m, başlangıçtan 4,50 m, kalıp simülasyonundan 0,00 m; tek karede 4,50 m sıçrama (sınır 2,47 m @ 67 ms, t=0,67, faz adim, blink tasarım gereği)"
7-1,"Yoğun Zafiyet","Kalkan","diken_firlatma",1,1,1,1,1,1,1,1,1,1,1,"yerinde","yerinde",17440.00,"boss:Burn",3.00,1.35,0.40,0.40,0.80,0.00,0.00,"","vuruş 1: 0,73s@boss0,30m/oyuncu3,30m; kalıp sonu: merkeze 3,25 m, başlangıçtan 0,00 m, kalıp simülasyonundan 0,00 m, boss 0,25 m kaydı"
7-2,"Emici Zafiyet","Kalkan","sokup_cekme",1,1,1,1,1,1,1,1,1,1,1,"geri","geri",13912.00,"boss:Burn, oyuncu +30096 can, mermi sil 0 yut 4 dön 0 perde 0 bağ 0",3.02,1.35,0.47,0.44,0.87,0.00,0.00,"0/5 kare koşu","vuruş 2: 0,53s@boss0,35m/oyuncu3,56m 0,67s@boss2,69m/oyuncu1,19m; kalıp sonu: merkeze 4,42 m, başlangıçtan 1,30 m, kalıp simülasyonundan 0,00 m, boss 0,12 m kaydı"
7-3,"Sıçrayan Zafiyet","Kalkan","seken_yaratik",1,1,1,1,1,1,1,1,1,1,1,"yerinde","yerinde",24928.00,"boss:Burn",3.00,1.35,0.67,0.64,1.07,0.00,0.00,"","vuruş 3: 0,60s@boss0,00m/oyuncu3,00m 0,73s@boss0,35m/oyuncu3,49m 0,93s@boss0,35m/oyuncu3,90m; kalıp sonu: merkeze 4,05 m, başlangıçtan 0,00 m, kalıp simülasyonundan 0,00 m, boss 1,05 m kaydı"
8-1,"Yoğun Yükseliş","Kalkan","kuculten_kapi",1,1,1,1,1,1,1,1,1,1,1,"yerinde","yerinde",0.00,"",3.01,1.35,0.33,0.28,0.67,0.00,0.00,"","hasarsız skill (base_damage 0): etki hareketin kendisi; vuruş 1: 0,47s@boss0,65m/oyuncu2,38m; kalıp sonu: merkeze 3,03 m, başlangıçtan 0,00 m, kalıp simülasyonundan 0,00 m"
8-2,"Emici Yükseliş","Kalkan","kan_muhru",1,1,1,1,1,1,1,1,1,1,1,"yerinde","yerinde",0.00,"oyuncu +28801 can, mermi sil 0 yut 4 dön 0 perde 0 bağ 0",3.00,1.35,0.33,0.32,0.67,0.00,0.00,"","vuruş 1: 0,47s@boss3,00m/oyuncu0,00m; kalıp sonu: merkeze 3,00 m, başlangıçtan 0,00 m, kalıp simülasyonundan 0,00 m"
8-3,"Sıçrayan Yükseliş","Kalkan","pas_verme",1,1,1,1,1,1,1,1,1,1,1,"yerinde","yerinde",0.00,"",3.00,1.35,0.27,0.24,0.60,0.00,0.00,"","hasarsız skill (base_damage 0): etki hareketin kendisi; vuruş 1: 0,53s@boss6,38m/oyuncu3,90m; kalıp sonu: merkeze 3,00 m, başlangıçtan 0,00 m, kalıp simülasyonundan 0,00 m, kalıp hedefi AllyDummy"
9-1,"Yoğun Arınma","Kalkan","tek_dokunus",1,1,1,1,1,1,1,1,1,1,1,"geri","geri",0.00,"oyuncu +12000 can, mermi sil 2 yut 0 dön 0 perde 0 bağ 0",3.00,1.35,0.20,0.16,0.60,0.00,0.00,"0/2 kare koşu","vuruş 1: 0,47s@boss3,89m/oyuncu0,68m; kalıp sonu: merkeze 3,41 m, başlangıçtan 0,55 m, kalıp simülasyonundan 0,00 m, kalıp hedefi AllyDummy"
9-2,"Emici Arınma","Kalkan","cekip_firlat",1,1,1,1,1,1,1,1,1,1,1,"yerinde","yerinde",0.00,"oyuncu +36801 can, dost +4000 can, mermi sil 0 yut 4 dön 0 perde 0 bağ 0",3.00,1.35,0.53,0.50,0.93,0.00,0.00,"","vuruş 2: 0,53s@boss2,65m/oyuncu0,35m 0,87s@boss0,30m/oyuncu3,30m; kalıp sonu: merkeze 3,00 m, başlangıçtan 0,00 m, kalıp simülasyonundan 0,00 m"
9-3,"Sıçrayan Arınma","Kalkan","dosttan_dosta",1,1,1,1,1,1,1,1,1,1,1,"yerinde","yerinde",0.00,"oyuncu +8000 can, dost +4000 can, mermi sil 4 yut 0 dön 0 perde 0 bağ 0",3.00,1.35,0.60,0.54,1.00,0.00,0.00,"","vuruş 3: 0,53s@boss6,43m/oyuncu3,95m 0,60s@boss6,98m/oyuncu4,53m 0,80s@boss6,88m/oyuncu4,54m; kalıp sonu: merkeze 3,00 m, başlangıçtan 0,00 m, kalıp simülasyonundan 0,00 m, kalıp hedefi AllyDummy"
1-10,"Aynalı Vuruş","Kalkan","sirtta_kapi",1,1,1,1,1,1,1,1,1,1,1,"ön","ön",75072.00,"boss:Burn",2.06,1.35,0.33,0.32,0.73,0.00,0.00,"0/3 kare koşu","vuruş 2: 0,47s@boss0,92m/oyuncu1,19m 0,60s@boss0,55m/oyuncu2,82m; kalıp sonu: merkeze 2,57 m, başlangıçtan 1,20 m, kalıp simülasyonundan 0,00 m, boss 0,77 m kaydı"
1-11,"Kopya Vuruş","Kalkan","golge_yankisi",1,1,1,1,1,1,1,1,1,1,1,"ön","ön",47184.00,"boss:Burn",2.30,1.35,0.53,0.50,0.93,0.00,0.00,"0/3 kare koşu","vuruş 2: 0,47s@boss1,16m/oyuncu1,15m 0,80s@boss2,75m/oyuncu1,39m; kalıp sonu: merkeze 3,21 m, başlangıçtan 0,90 m, kalıp simülasyonundan 0,00 m, boss 1,11 m kaydı"
1-12,"Akan Vuruş","Kalkan","basili_seri",1,1,1,1,1,1,1,1,1,1,1,"ön","ön",46832.00,"boss:Burn",2.91,1.35,3.00,3.00,3.40,0.00,0.00,"","vuruş 6: 0,60s@boss1,76m/oyuncu1,15m 1,13s@boss2,62m/oyuncu1,15m 1,60s@boss2,59m/oyuncu1,15m 2,13s@boss2,39m/oyuncu1,15m 2,60s@boss2,18m/oyuncu1,15m 3,13s@boss1,93m/oyuncu1,15m; kalıp sonu: merkeze 2,99 m, başlangıçtan 1,40 m, kalıp simülasyonundan 0,00 m, boss 1,39 m kaydı"
2-10,"Aynalı Şifa","Kalkan","ters_es",1,1,1,1,1,1,1,1,1,1,1,"yerinde","yerinde",0.00,"oyuncu +112000 can",3.00,1.35,0.47,0.44,0.87,0.00,0.00,"","vuruş 2: 0,53s@boss2,60m/oyuncu0,40m 0,73s@boss0,00m/oyuncu3,00m; kalıp sonu: merkeze 3,00 m, başlangıçtan 0,00 m, kalıp simülasyonundan 0,00 m"
2-11,"Kopya Şifa","Kalkan","golge_ulak",1,1,1,1,1,1,1,1,1,1,1,"yan","yan",0.00,"oyuncu +56000 can, dost +56000 can",2.43,1.35,1.40,1.36,1.80,0.00,0.00,"0/3 kare koşu","vuruş 2: 0,47s@boss3,26m/oyuncu0,35m 1,67s@boss3,05m/oyuncu1,46m; kalıp sonu: merkeze 2,43 m, başlangıçtan 1,41 m, kalıp simülasyonundan 0,00 m, kalıp hedefi AllyDummy"
2-12,"Akan Şifa","Kalkan","basili_isik",1,1,1,1,1,1,1,1,1,1,1,"geri","geri",0.00,"oyuncu +40000 can, dost +8000 can",3.00,1.35,3.00,3.00,3.40,0.00,0.00,"","vuruş 6: 0,60s@boss5,38m/oyuncu2,72m 1,13s@boss5,58m/oyuncu2,72m 1,60s@boss5,75m/oyuncu2,72m 2,13s@boss5,95m/oyuncu2,72m 2,60s@boss6,13m/oyuncu2,72m 3,13s@boss6,33m/oyuncu2,72m; kalıp sonu: merkeze 3,94 m, başlangıçtan 1,20 m, kalıp simülasyonundan 0,00 m, kalıp hedefi AllyDummy"
3-10,"Aynalı Adım","Kalkan","iki_kapi",1,1,1,1,1,1,1,1,1,1,1,"ön","ön",0.00,"",1.50,1.35,0.60,0.54,1.00,0.00,0.00,"0/4 kare koşu","hasarsız skill (base_damage 0): etki hareketin kendisi; vuruş 2: 0,40s@boss3,00m/oyuncu0,00m 0,80s@boss1,50m/oyuncu0,00m; kalıp sonu: merkeze 1,50 m, başlangıçtan 1,50 m, kalıp simülasyonundan 0,00 m"
3-11,"Kopya Adım","Kalkan","yem_kac",1,1,1,1,1,1,1,1,1,1,1,"geri","geri",0.00,"yem boss aggro",3.00,1.35,0.40,0.40,0.80,0.00,0.00,"0/5 kare koşu","vuruş 1: 0,40s@boss3,00m/oyuncu0,00m; kalıp sonu: merkeze 5,80 m, başlangıçtan 2,80 m, kalıp simülasyonundan 0,00 m"
3-12,"Akan Adım","Kalkan","suzulme",1,1,1,1,1,1,1,1,1,1,1,"ön","ön",41600.00,"boss:Burn, oyuncu:Haste, oyuncu hız x1,50",1.90,1.35,3.00,3.00,3.40,0.00,0.00,"","kalıp sonu: merkeze 1,90 m, başlangıçtan 1,10 m, kalıp simülasyonundan 0,00 m"
10-1,"Yoğun Yansı","Kalkan","tam_zamanli",1,1,1,1,1,1,1,1,1,1,1,"yerinde","yerinde",8800.00,"boss:Burn",3.00,1.35,0.53,0.50,0.87,0.00,0.00,"","vuruş 1: 0,67s@boss0,62m/oyuncu2,38m; kalıp sonu: merkeze 3,00 m, başlangıçtan 0,00 m, kalıp simülasyonundan 0,00 m"
10-2,"Emici Yansı","Kalkan","yutan_girdap",1,1,1,1,1,1,1,1,1,1,1,"yerinde","yerinde",34400.00,"boss:Burn, oyuncu +21602 can, mermi sil 0 yut 3 dön 0 perde 0 bağ 0",3.00,1.35,3.20,3.18,3.53,0.00,0.00,"","vuruş 4: 1,20s@boss0,62m/oyuncu2,38m 2,00s@boss0,62m/oyuncu2,38m 2,73s@boss0,62m/oyuncu2,38m 3,47s@boss0,62m/oyuncu2,38m; kalıp sonu: merkeze 3,00 m, başlangıçtan 0,00 m, kalıp simülasyonundan 0,00 m"
10-3,"Sıçrayan Yansı","Kalkan","seken_geri",1,1,1,1,1,1,1,1,1,1,1,"ön","ön",10400.00,"boss:Burn",1.90,1.35,0.40,0.36,0.73,0.00,0.00,"0/3 kare koşu","vuruş 2: 0,40s@boss0,55m/oyuncu1,53m 0,53s@boss0,00m/oyuncu1,90m; kalıp sonu: merkeze 1,90 m, başlangıçtan 1,10 m, kalıp simülasyonundan 0,00 m"
10-10,"Aynalı Yansı","Kalkan","iki_kapi",1,1,1,1,1,1,1,1,1,1,1,"ön","ön",0.00,"",1.50,1.35,0.60,0.54,0.93,0.00,0.00,"0/4 kare koşu","hasarsız skill (base_damage 0): etki hareketin kendisi; vuruş 2: 0,33s@boss3,00m/oyuncu0,00m 0,73s@boss1,50m/oyuncu0,00m; kalıp sonu: merkeze 1,50 m, başlangıçtan 1,50 m, kalıp simülasyonundan 0,00 m"
10-11,"Kopya Yansı","Kalkan","yem_kopya",1,1,1,1,1,1,1,1,1,1,1,"ön","ön",8800.00,"boss:Burn, yem boss aggro",2.10,1.35,0.40,0.36,0.73,0.00,0.00,"0/2 kare koşu","vuruş 1: 0,53s@boss2,19m/oyuncu1,29m; kalıp sonu: merkeze 2,10 m, başlangıçtan 0,90 m, kalıp simülasyonundan 0,00 m"
10-12,"Akan Yansı","Kalkan","basili_siper",1,1,1,1,1,1,1,1,1,1,1,"ön","ön",33600.00,"boss:Burn",2.20,1.35,3.00,3.00,3.33,0.00,0.00,"","vuruş 3: 1,07s@boss0,41m/oyuncu2,38m 2,07s@boss0,14m/oyuncu2,38m 3,07s@boss0,13m/oyuncu2,38m; kalıp sonu: merkeze 2,20 m, başlangıçtan 0,80 m, kalıp simülasyonundan 0,00 m"
11-1,"Yoğun Çağrı","Kalkan","sirt_saplama",1,1,1,1,1,1,1,1,1,1,1,"ön","ön",44384.00,"boss:Burn",1.82,1.35,0.53,0.47,0.93,0.00,0.00,"0/3 kare koşu","vuruş 1: 0,80s@boss0,00m/oyuncu1,87m; kalıp sonu: merkeze 1,88 m, başlangıçtan 1,20 m, kalıp simülasyonundan 0,00 m"
11-2,"Emici Çağrı","Kalkan","yapisan",1,1,1,1,1,1,1,1,1,1,1,"yerinde","yerinde",275432.00,"boss:Burn, oyuncu +162858 can, mermi sil 0 yut 2 dön 0 perde 0 bağ 0",3.00,1.35,5.20,5.18,5.60,0.00,0.00,"","vuruş 6: 0,53s@boss0,20m/oyuncu3,23m 1,53s@boss0,00m/oyuncu3,11m 2,53s@boss0,00m/oyuncu3,11m 3,53s@boss0,00m/oyuncu3,11m 4,53s@boss0,00m/oyuncu3,11m 5,53s@boss0,00m/oyuncu3,11m; kalıp sonu: merkeze 3,11 m, başlangıçtan 0,00 m, kalıp simülasyonundan 0,00 m, boss 0,11 m kaydı"
11-3,"Sıçrayan Çağrı","Kalkan","seken_yaratik",1,1,1,1,1,1,1,1,1,1,1,"yerinde","yerinde",60768.00,"boss:Burn",3.00,1.35,0.67,0.64,1.07,0.00,0.00,"","vuruş 3: 0,60s@boss0,00m/oyuncu3,04m 0,73s@boss0,35m/oyuncu3,08m 0,93s@boss0,35m/oyuncu3,10m; kalıp sonu: merkeze 3,09 m, başlangıçtan 0,00 m, kalıp simülasyonundan 0,00 m"
11-10,"Aynalı Çağrı","Kalkan","takim_kapisi",1,1,1,1,1,1,1,1,1,1,1,"ön","ön",69312.00,"boss:Burn",1.85,1.35,1.40,1.38,1.80,0.00,0.00,"0/2 kare koşu","vuruş 1: 0,67s@boss1,85m/oyuncu0,00m; kalıp sonu: merkeze 1,85 m, başlangıçtan 1,15 m, kalıp simülasyonundan 0,00 m"
11-11,"Kopya Çağrı","Kalkan","ayna_klonlar",1,1,1,1,1,1,1,1,1,1,1,"ön","ön",86600.00,"boss:Burn",1.87,1.35,0.67,0.64,1.07,0.00,0.00,"0/2 kare koşu","vuruş 2: 0,73s@boss2,03m/oyuncu1,41m 0,93s@boss2,04m/oyuncu1,41m; kalıp sonu: merkeze 1,94 m, başlangıçtan 1,15 m, kalıp simülasyonundan 0,00 m"
11-12,"Akan Çağrı","Kalkan","kapidan_akin",1,1,1,1,1,1,1,1,1,1,1,"ön","ön",265112.00,"boss:Burn",1.85,1.35,4.40,4.34,4.80,0.00,0.00,"0/2 kare koşu","vuruş 6: 0,73s@boss0,85m/oyuncu1,04m 1,53s@boss0,00m/oyuncu1,95m 2,33s@boss0,00m/oyuncu1,96m 3,13s@boss0,00m/oyuncu1,96m 3,93s@boss0,00m/oyuncu1,96m 4,73s@boss0,00m/oyuncu1,96m; kalıp sonu: merkeze 1,96 m, başlangıçtan 1,15 m, kalıp simülasyonundan 0,00 m, boss 0,11 m kaydı"
12-1,"Yoğun Zaman","Kalkan","zamanli_donma",1,1,1,1,1,1,1,1,1,1,1,"ön","ön",7200.00,"boss:Burn+Slow, boss hız x0,70",1.67,1.35,0.53,0.50,0.93,0.00,0.00,"0/3 kare koşu","vuruş 1: 0,80s@boss0,54m/oyuncu1,28m; kalıp sonu: merkeze 1,87 m, başlangıçtan 1,60 m, kalıp simülasyonundan 0,10 m, boss 0,47 m kaydı"
12-2,"Emici Zaman","Kalkan","ceken_girdap",1,1,1,1,1,1,1,1,1,1,1,"yerinde","yerinde",13600.00,"boss:Burn+Slow, oyuncu:Haste, boss hız x0,70, oyuncu hız x1,30, oyuncu +36000 can, mermi sil 0 yut 5 dön 0 perde 0 bağ 0",3.02,1.35,1.33,1.32,1.73,0.00,0.00,"","vuruş 3: 1,07s@boss0,00m/oyuncu3,10m 1,53s@boss0,00m/oyuncu4,15m 1,60s@boss0,00m/oyuncu4,21m; kalıp sonu: merkeze 4,29 m, başlangıçtan 0,00 m, kalıp simülasyonundan 0,00 m, boss 1,29 m kaydı"
12-3,"Sıçrayan Zaman","Kalkan","geri_donen_kure",1,1,1,1,1,1,1,1,1,1,1,"yerinde","yerinde",10400.00,"boss:Burn+Slow, boss hız x0,70",3.00,1.35,0.53,0.50,0.93,0.00,0.00,"","vuruş 2: 0,53s@boss0,30m/oyuncu3,32m 0,80s@boss1,75m/oyuncu2,04m; kalıp sonu: merkeze 3,99 m, başlangıçtan 0,00 m, kalıp simülasyonundan 0,00 m, boss 0,99 m kaydı"
12-10,"Aynalı Zaman","Kalkan","boss_geri",1,1,1,1,1,1,1,1,1,1,1,"yerinde","yerinde",9600.00,"boss:Burn+Slow, boss hız x0,70",3.01,1.35,0.47,0.46,0.87,0.00,0.00,"","vuruş 1: 0,53s@boss0,29m/oyuncu3,34m; kalıp sonu: merkeze 3,04 m, başlangıçtan 0,00 m, kalıp simülasyonundan 0,00 m"
12-11,"Kopya Zaman","Kalkan","geri_sarma",1,1,1,1,1,1,1,1,1,1,1,"başlangıç","başlangıç",37600.00,"boss:Burn+Slow, boss hız x0,70",1.50,1.35,2.67,2.66,3.07,0.00,0.00,"0/9 kare koşu","kalıp sonu: merkeze 3,18 m, başlangıçtan 0,00 m, kalıp simülasyonundan 0,00 m, boss 0,18 m kaydı"
12-12,"Akan Zaman","Kalkan","yuruyen_balon",1,1,1,1,1,1,1,1,1,1,1,"ön","ön",48000.00,"boss:Slow+Burn, oyuncu:Haste, boss hız x0,70, oyuncu hız x1,30",3.00,1.35,4.20,4.20,4.60,0.00,0.00,"","vuruş 5: 0,47s@boss3,00m/oyuncu0,00m 1,53s@boss4,01m/oyuncu0,00m 2,53s@boss3,75m/oyuncu0,00m 3,53s@boss3,45m/oyuncu0,00m 4,53s@boss3,15m/oyuncu0,00m; kalıp sonu: merkeze 3,15 m, başlangıçtan 1,20 m, kalıp simülasyonundan 0,00 m, boss 1,35 m kaydı"
4-4,"Sabit Kalkan","Kalkan","duvar_dikme",1,1,1,1,1,1,1,1,1,1,1,"yerinde","yerinde",0.00,"oyuncu:Shield, kalkan 16",3.00,1.35,0.33,0.32,0.67,0.00,0.00,"","vuruş 1: 0,53s@boss0,62m/oyuncu2,38m; kalıp sonu: merkeze 3,00 m, başlangıçtan 0,00 m, kalıp simülasyonundan 0,00 m; yer değiştiren: kalıp 0,00 m, başka 1,73 m, dodge 0 kare"
4-5,"Yayılan Kalkan","Kalkan","onde_yelpaze",1,1,1,1,1,1,1,1,1,1,1,"yerinde","yerinde",0.00,"",3.00,1.35,0.67,0.63,1.00,0.00,0.00,"","hasarsız skill (base_damage 0): etki hareketin kendisi; vuruş 1: 0,73s@boss1,88m/oyuncu1,12m; kalıp sonu: merkeze 3,00 m, başlangıçtan 0,00 m, kalıp simülasyonundan 0,00 m"
4-6,"Bağlayıcı Kalkan","Kalkan","zincirli_firlatma",1,1,1,1,1,1,1,1,1,1,1,"ön","ön",0.00,"",1.50,1.35,0.73,0.70,1.07,0.00,0.00,"0/4 kare koşu","hasarsız skill (base_damage 0): etki hareketin kendisi; vuruş 2: 0,47s@boss0,45m/oyuncu3,45m 0,93s@boss0,47m/oyuncu1,28m; kalıp sonu: merkeze 1,50 m, başlangıçtan 1,50 m, kalıp simülasyonundan 0,00 m"
4-7,"Bulandırıcı Kalkan","Kalkan","duman_duvari",1,1,1,1,1,1,1,1,1,1,1,"yerinde","yerinde",0.00,"oyuncu:Shield+Stealth, kalkan 33",2.80,1.35,0.53,0.52,0.87,0.00,0.00,"","vuruş 1: 0,53s@boss0,42m/oyuncu2,38m; kalıp sonu: merkeze 2,80 m, başlangıçtan 0,20 m, kalıp simülasyonundan 0,00 m"
4-8,"Yükselen Kalkan","Kalkan","yerden_buyuyen",1,1,1,1,1,1,1,1,1,1,1,"yerinde","yerinde",0.00,"oyuncu:Shield, kalkan 36",3.00,1.35,0.47,0.42,0.80,0.00,0.00,"","vuruş 1: 0,60s@boss6,98m/oyuncu4,33m; kalıp sonu: merkeze 3,18 m, başlangıçtan 0,25 m, kalıp simülasyonundan 0,00 m, kalıp hedefi AllyDummy"
4-9,"Odaklı Kalkan","Kalkan","koruyucu_isaret",1,1,1,1,1,1,1,1,1,1,1,"geri","geri",0.00,"",3.00,1.35,0.20,0.20,0.53,0.00,0.00,"0/3 kare koşu","hasarsız skill (base_damage 0): etki hareketin kendisi; vuruş 1: 0,47s@boss3,90m/oyuncu0,35m; kalıp sonu: merkeze 3,61 m, başlangıçtan 0,80 m, kalıp simülasyonundan 0,00 m, kalıp hedefi AllyDummy"
5-4,"Sabit Patlama","Kalkan","mayin_cakma",1,1,1,1,1,1,1,1,1,1,1,"yerinde","yerinde",52992.00,"boss:Burn",2.85,1.35,0.60,0.54,1.00,0.00,0.00,"","vuruş 2: 0,73s@boss0,85m/oyuncu2,00m 0,80s@boss0,85m/oyuncu2,00m; kalıp sonu: merkeze 3,49 m, başlangıçtan 0,15 m, kalıp simülasyonundan 0,00 m, boss 0,64 m kaydı"
5-5,"Yayılan Patlama","Kalkan","yer_yarigi",1,1,1,1,1,1,1,1,1,1,1,"ön","ön",49072.00,"boss:Burn",1.50,1.35,0.60,0.56,1.00,0.00,0.00,"0/9 kare koşu","vuruş 3: 0,67s@boss0,25m/oyuncu1,27m 0,73s@boss0,21m/oyuncu1,36m 0,87s@boss0,22m/oyuncu1,28m; kalıp sonu: merkeze 1,62 m, başlangıçtan 2,74 m, kalıp simülasyonundan 0,73 m, boss 1,31 m kaydı"
5-6,"Bağlayıcı Patlama","Kalkan","gerilip_kopan",1,1,1,1,1,1,1,1,1,1,1,"geri","geri",68496.00,"boss:Root+Slow+Burn, boss hız x0,00",1.35,1.35,0.60,0.58,1.00,0.00,0.00,"0/6 kare koşu","vuruş 2: 0,53s@boss0,85m/oyuncu1,17m 0,87s@boss0,86m/oyuncu2,71m; kalıp sonu: merkeze 2,83 m, başlangıçtan 0,50 m, kalıp simülasyonundan 0,01 m, boss 0,67 m kaydı"
5-7,"Bulandırıcı Patlama","Kalkan","sis_bombasi",1,1,1,1,1,1,1,1,1,1,1,"yerinde","yerinde",52992.00,"boss:Blind+Burn, oyuncu:Stealth",3.00,1.35,0.27,0.22,0.67,0.00,0.00,"","vuruş 1: 0,53s@boss0,35m/oyuncu3,35m; kalıp sonu: merkeze 3,69 m, başlangıçtan 0,00 m, kalıp simülasyonundan 0,00 m, boss 0,69 m kaydı"
5-8,"Yükselen Patlama","Kalkan","yerden_fiskirma",1,1,1,1,1,1,1,1,1,1,1,"ön","ön",55976.00,"boss:Burn+Stun, boss hız x0,00",2.60,1.35,0.47,0.44,0.87,0.00,0.00,"","vuruş 1: 0,67s@boss0,00m/oyuncu2,75m; kalıp sonu: merkeze 2,60 m, başlangıçtan 0,40 m, kalıp simülasyonundan 0,00 m"
5-9,"Odaklı Patlama","Kalkan","gudumlu_top",1,1,1,1,1,1,1,1,1,1,1,"yerinde","yerinde",123056.00,"boss:Burn",3.03,1.35,0.60,0.56,1.00,0.00,0.00,"","vuruş 1: 0,87s@boss0,00m/oyuncu3,15m; kalıp sonu: merkeze 4,02 m, başlangıçtan 0,00 m, kalıp simülasyonundan 0,00 m, boss 1,02 m kaydı"
6-4,"Sabit Bağ","Kalkan","karsilikli_kilit",1,1,1,1,1,1,1,1,1,1,1,"ön","ön",56352.00,"boss:Burn+Root, boss hız x0,00",1.50,1.35,3.27,3.24,3.60,0.00,0.00,"0/4 kare koşu","vuruş 1: 0,80s@boss0,42m/oyuncu1,11m; kalıp sonu: merkeze 2,89 m, başlangıçtan 1,66 m, kalıp simülasyonundan 0,16 m, boss 1,54 m kaydı"
6-5,"Yayılan Bağ","Kalkan","yer_tuzagi",1,1,1,1,1,1,1,1,1,1,1,"yerinde","yerinde",22704.00,"boss:Burn+Root, boss hız x0,00",3.00,1.35,0.33,0.28,0.67,0.00,0.00,"","vuruş 1: 0,47s@boss0,62m/oyuncu2,38m; kalıp sonu: merkeze 3,64 m, başlangıçtan 0,00 m, kalıp simülasyonundan 0,00 m, boss 0,64 m kaydı"
6-6,"Bağlayıcı Bağ","Kalkan","iki_uclu",1,1,1,1,1,1,1,1,1,1,1,"yerinde","yerinde",34688.00,"boss:Root+Slow+Burn, boss hız x0,00",3.01,1.35,0.67,0.65,1.00,0.00,0.00,"","vuruş 1: 0,47s@boss0,28m/oyuncu3,33m; kalıp sonu: merkeze 4,17 m, başlangıçtan 0,00 m, kalıp simülasyonundan 0,00 m, boss 1,17 m kaydı"
6-7,"Bulandırıcı Bağ","Kalkan","goz_bagi",1,1,1,1,1,1,1,1,1,1,1,"yerinde","yerinde",29384.00,"boss:Blind+Root+Burn, oyuncu:Stealth, boss hız x0,00",3.00,1.35,0.20,0.20,0.53,0.00,0.00,"","vuruş 1: 0,47s@boss0,28m/oyuncu3,28m; kalıp sonu: merkeze 3,26 m, başlangıçtan 0,00 m, kalıp simülasyonundan 0,00 m, boss 0,26 m kaydı"
6-8,"Yükselen Bağ","Kalkan","havada_asma",1,1,1,1,1,1,1,1,1,1,1,"ön","ön",30792.00,"boss:Stun+Burn+Root, boss hız x0,00",1.50,1.35,1.20,1.14,1.53,0.00,0.00,"0/5 kare koşu","vuruş 1: 0,80s@boss1,50m/oyuncu0,00m; kalıp sonu: merkeze 2,65 m, başlangıçtan 1,50 m, kalıp simülasyonundan 0,00 m, boss 1,15 m kaydı"
6-9,"Odaklı Bağ","Kalkan","zamanli_donma",1,1,1,1,1,1,1,1,1,1,1,"ön","ön",44016.00,"boss:Burn+Root, boss hız x0,00",1.50,1.35,0.53,0.50,0.87,0.00,0.00,"0/3 kare koşu","vuruş 1: 0,73s@boss0,54m/oyuncu1,27m; kalıp sonu: merkeze 1,50 m, başlangıçtan 1,52 m, kalıp simülasyonundan 0,02 m"
7-4,"Sabit Zafiyet","Kalkan","mayin_cakma",1,1,1,1,1,1,1,1,1,1,1,"yerinde","yerinde",15376.00,"boss:Burn",2.86,1.35,0.60,0.54,1.00,0.00,0.00,"0/2 kare koşu","vuruş 2: 0,73s@boss0,85m/oyuncu2,02m 0,80s@boss0,85m/oyuncu2,02m; kalıp sonu: merkeze 3,52 m, başlangıçtan 0,24 m, kalıp simülasyonundan 0,09 m, boss 0,76 m kaydı"
7-5,"Yayılan Zafiyet","Kalkan","onde_yelpaze",1,1,1,1,1,1,1,1,1,1,1,"yerinde","yerinde",16520.00,"boss:Burn",3.00,1.35,0.67,0.63,1.07,0.00,0.00,"","vuruş 1: 0,80s@boss1,88m/oyuncu1,12m; kalıp sonu: merkeze 3,78 m, başlangıçtan 0,00 m, kalıp simülasyonundan 0,00 m, boss 0,78 m kaydı"
7-6,"Bağlayıcı Zafiyet","Kalkan","dost_ip",1,1,1,1,1,1,1,1,1,1,1,"yerinde","yerinde",24344.00,"boss:Root+Slow+Burn, boss hız x0,00",3.01,1.35,0.67,0.62,1.07,0.00,0.00,"","vuruş 1: 0,53s@boss0,28m/oyuncu3,33m; kalıp sonu: merkeze 4,17 m, başlangıçtan 0,00 m, kalıp simülasyonundan 0,00 m, boss 1,17 m kaydı"
8-4,"Sabit Yükseliş","Kalkan","totem_dikme",1,1,1,1,1,1,1,1,1,1,1,"yerinde","yerinde",0.00,"",3.00,1.35,0.33,0.30,0.67,0.00,0.00,"","hasarsız skill (base_damage 0): etki hareketin kendisi; vuruş 1: 0,53s@boss3,10m/oyuncu0,00m; kalıp sonu: merkeze 3,12 m, başlangıçtan 0,15 m, kalıp simülasyonundan 0,00 m, kalıp hedefi AllyDummy"
8-5,"Yayılan Yükseliş","Kalkan","savas_narasi",1,1,1,1,1,1,1,1,1,1,1,"yerinde","yerinde",0.00,"",3.00,1.35,0.40,0.36,0.73,0.00,0.00,"","hasarsız skill (base_damage 0): etki hareketin kendisi; vuruş 1: 0,47s@boss3,00m/oyuncu0,00m; kalıp sonu: merkeze 3,00 m, başlangıçtan 0,00 m, kalıp simülasyonundan 0,00 m"
8-6,"Bağlayıcı Yükseliş","Kalkan","dost_dosta",1,1,1,1,1,1,1,1,1,1,1,"yan","yan",0.00,"",2.38,1.35,0.53,0.52,0.87,0.00,0.00,"0/4 kare koşu","hasarsız skill (base_damage 0): etki hareketin kendisi; vuruş 3: 0,40s@boss4,05m/oyuncu1,22m 0,60s@boss2,84m/oyuncu1,41m 0,73s@boss4,76m/oyuncu2,38m; kalıp sonu: merkeze 2,38 m, başlangıçtan 1,41 m, kalıp simülasyonundan 0,00 m, kalıp hedefi AllyDummy"
9-4,"Sabit Arınma","Kalkan","yer_tuzagi",1,1,1,1,1,1,1,1,1,1,1,"yerinde","yerinde",0.00,"oyuncu +12000 can, mermi sil 4 yut 0 dön 0 perde 0 bağ 0",3.00,1.35,0.33,0.28,0.73,0.00,0.00,"","vuruş 1: 0,53s@boss0,62m/oyuncu2,38m; kalıp sonu: merkeze 3,00 m, başlangıçtan 0,00 m, kalıp simülasyonundan 0,00 m"
9-5,"Yayılan Arınma","Kalkan","dagilan_yagmur",1,1,1,1,1,1,1,1,1,1,1,"yerinde","yerinde",0.00,"oyuncu +12000 can, dost +12000 can, mermi sil 6 yut 0 dön 0 perde 0 bağ 0",3.00,1.35,0.60,0.58,1.00,0.00,0.00,"","vuruş 1: 0,73s@boss3,00m/oyuncu0,00m; kalıp sonu: merkeze 3,00 m, başlangıçtan 0,00 m, kalıp simülasyonundan 0,00 m, kalıp hedefi AllyDummy"
9-6,"Bağlayıcı Arınma","Kalkan","iki_uclu",1,1,1,1,1,1,1,1,1,1,1,"yerinde","yerinde",0.00,"oyuncu +12000 can, mermi sil 0 yut 0 dön 0 perde 0 bağ 3",3.00,1.35,0.67,0.65,1.07,0.00,0.00,"","vuruş 1: 0,53s@boss6,36m/oyuncu3,87m; kalıp sonu: merkeze 3,00 m, başlangıçtan 0,00 m, kalıp simülasyonundan 0,00 m, kalıp hedefi AllyDummy"
4-10,"Aynalı Kalkan","Kalkan","sirtta_kapi",1,1,1,1,1,1,1,1,1,1,1,"ön","ön",30000.00,"",1.80,1.35,0.33,0.32,0.67,0.00,0.00,"0/3 kare koşu","vuruş 2: 0,40s@boss0,92m/oyuncu1,19m 0,53s@boss0,55m/oyuncu2,35m; kalıp sonu: merkeze 1,80 m, başlangıçtan 1,20 m, kalıp simülasyonundan 0,00 m"
4-11,"Kopya Kalkan","Kalkan","yem_kopya",1,1,1,1,1,1,1,1,1,1,1,"yerinde","yerinde",0.00,"yem boss aggro",3.00,1.35,0.27,0.24,0.60,0.00,0.00,"","vuruş 1: 0,40s@boss2,98m/oyuncu1,29m; kalıp sonu: merkeze 3,00 m, başlangıçtan 0,00 m, kalıp simülasyonundan 0,00 m"
4-12,"Akan Kalkan","Kalkan","basili_siper",1,1,1,1,1,1,1,1,1,1,1,"geri","geri",0.00,"",3.00,1.35,3.00,3.00,3.33,0.00,0.00,"","hasarsız skill (base_damage 0): etki hareketin kendisi; vuruş 3: 1,07s@boss5,17m/oyuncu2,38m 2,07s@boss5,41m/oyuncu2,38m 3,07s@boss5,66m/oyuncu2,38m; kalıp sonu: merkeze 3,61 m, başlangıçtan 0,80 m, kalıp simülasyonundan 0,00 m, kalıp hedefi AllyDummy"
5-10,"Aynalı Patlama","Kalkan","karsi_darbe",1,1,1,1,1,1,1,1,1,1,1,"ön","ön",76488.00,"boss:Burn",1.92,1.35,0.40,0.36,0.80,0.00,0.00,"0/3 kare koşu","vuruş 1: 0,67s@boss0,56m/oyuncu1,36m; kalıp sonu: merkeze 2,39 m, başlangıçtan 1,30 m, kalıp simülasyonundan 0,00 m, boss 0,69 m kaydı"
5-11,"Kopya Patlama","Kalkan","golge_yankisi",1,1,1,1,1,1,1,1,1,1,1,"ön","ön",57528.00,"boss:Burn",2.37,1.35,0.53,0.50,0.93,0.00,0.00,"0/3 kare koşu","vuruş 2: 0,47s@boss1,22m/oyuncu1,15m 0,80s@boss3,21m/oyuncu1,39m; kalıp sonu: merkeze 3,80 m, başlangıçtan 0,90 m, kalıp simülasyonundan 0,00 m, boss 1,70 m kaydı"
5-12,"Akan Patlama","Kalkan","patlayan_iz",1,1,1,1,1,1,1,1,1,1,1,"ön","ön",68936.00,"boss:Burn",2.20,1.35,3.00,3.00,3.40,0.00,0.00,"","vuruş 6: 0,80s@boss1,18m/oyuncu1,53m 1,33s@boss1,90m/oyuncu1,53m 1,80s@boss1,74m/oyuncu1,53m 2,33s@boss1,40m/oyuncu1,53m 2,80s@boss1,06m/oyuncu1,53m 3,33s@boss0,67m/oyuncu1,53m; kalıp sonu: merkeze 2,20 m, başlangıçtan 2,20 m, kalıp simülasyonundan 0,70 m, boss 1,40 m kaydı"
6-10,"Aynalı Bağ","Kalkan","karsi_darbe",1,1,1,1,1,1,1,1,1,1,1,"ön","ön",32744.00,"boss:Burn+Root, boss hız x0,00, boss ters kontrol",1.92,1.35,0.40,0.36,0.73,0.00,0.00,"0/3 kare koşu","vuruş 1: 0,60s@boss0,56m/oyuncu1,36m; kalıp sonu: merkeze 2,17 m, başlangıçtan 1,30 m, kalıp simülasyonundan 0,00 m, boss 0,47 m kaydı"
6-11,"Kopya Bağ","Kalkan","onden_arkadan",1,1,1,1,1,1,1,1,1,1,1,"ön","ön",42800.00,"boss:Burn+Root, boss hız x0,00",2.31,1.35,0.40,0.34,0.73,0.00,0.00,"0/3 kare koşu","vuruş 2: 0,40s@boss1,21m/oyuncu1,11m 0,53s@boss0,60m/oyuncu3,24m; kalıp sonu: merkeze 3,06 m, başlangıçtan 0,90 m, kalıp simülasyonundan 0,00 m, boss 0,96 m kaydı"
6-12,"Akan Bağ","Kalkan","cember_sarma",1,1,1,1,1,1,1,1,1,1,1,"arka","arka",23328.00,"boss:Root+Burn, boss hız x0,00",1.50,1.35,0.93,0.90,1.27,0.00,0.00,"0/11 kare koşu","vuruş 1: 1,13s@boss0,00m/oyuncu2,06m; kalıp sonu: merkeze 2,53 m, başlangıçtan 4,64 m, kalıp simülasyonundan 0,05 m, boss 0,44 m kaydı"
10-4,"Sabit Yansı","Kalkan","duvar_dikme",1,1,1,1,1,1,1,1,1,1,1,"yerinde","yerinde",8000.00,"boss:Burn",3.00,1.35,0.33,0.32,0.67,0.00,0.00,"","vuruş 1: 0,53s@boss0,62m/oyuncu2,38m; kalıp sonu: merkeze 3,00 m, başlangıçtan 0,00 m, kalıp simülasyonundan 0,00 m"
10-5,"Yayılan Yansı","Kalkan","yuruyen_balon",1,1,1,1,1,1,1,1,1,1,1,"ön","ön",48000.00,"boss:Burn",1.80,1.35,4.20,4.20,4.53,0.00,0.00,"","vuruş 5: 0,40s@boss3,00m/oyuncu0,00m 1,47s@boss2,70m/oyuncu0,00m 2,47s@boss2,40m/oyuncu0,00m 3,47s@boss2,10m/oyuncu0,00m 4,47s@boss1,80m/oyuncu0,00m; kalıp sonu: merkeze 1,80 m, başlangıçtan 1,20 m, kalıp simülasyonundan 0,00 m"
10-6,"Bağlayıcı Yansı","Kalkan","silaha_kement",1,1,1,1,1,1,1,1,1,1,1,"yerinde","yerinde",16000.00,"boss:Root+Slow+Burn, boss hız x0,00",3.00,1.35,1.00,0.94,1.33,0.00,0.00,"","vuruş 1: 0,47s@boss0,40m/oyuncu3,40m; kalıp sonu: merkeze 3,00 m, başlangıçtan 0,00 m, kalıp simülasyonundan 0,00 m"
11-4,"Sabit Çağrı","Kalkan","taret_dikme",1,1,1,1,1,1,1,1,1,1,1,"ön","ön",61480.00,"boss:Burn",1.92,1.35,0.60,0.56,1.00,0.00,0.00,"0/2 kare koşu","vuruş 2: 0,60s@boss1,94m/oyuncu0,00m 0,87s@boss0,28m/oyuncu2,25m; kalıp sonu: merkeze 1,99 m, başlangıçtan 1,10 m, kalıp simülasyonundan 0,00 m"
11-5,"Yayılan Çağrı","Kalkan","dagilan_suru",1,1,1,1,1,1,1,1,1,1,1,"ön","ön",96768.00,"boss:Burn",2.60,1.35,0.60,0.54,1.00,0.00,0.00,"0/2 kare koşu","vuruş 3: 0,53s@boss0,35m/oyuncu2,65m 0,67s@boss0,00m/oyuncu2,65m 0,87s@boss0,35m/oyuncu2,70m; kalıp sonu: merkeze 2,69 m, başlangıçtan 0,40 m, kalıp simülasyonundan 0,00 m"
11-6,"Bağlayıcı Çağrı","Kalkan","muhafiz",1,1,1,1,1,1,1,1,1,1,1,"ön","ön",214328.00,"boss:Burn+Root+Slow, boss hız x0,00",1.87,1.35,0.67,0.66,1.07,0.00,0.00,"0/2 kare koşu","vuruş 1: 0,67s@boss1,93m/oyuncu1,20m; kalıp sonu: merkeze 1,94 m, başlangıçtan 1,15 m, kalıp simülasyonundan 0,00 m"
12-4,"Sabit Zaman","Kalkan","totem_dikme",1,1,1,1,1,1,1,1,1,1,1,"yerinde","yerinde",119416.00,"boss:Burn+Slow+Stun, boss hız x0,00",2.87,1.35,0.33,0.30,0.73,0.00,0.00,"","vuruş 1: 0,60s@boss2,87m/oyuncu0,00m; kalıp sonu: merkeze 3,32 m, başlangıçtan 0,15 m, kalıp simülasyonundan 0,00 m, boss 0,47 m kaydı"
12-5,"Yayılan Zaman","Kalkan","genisleyen_halka",1,1,1,1,1,1,1,1,1,1,1,"yerinde","yerinde",75032.00,"boss:Burn+Slow, boss hız x0,70",3.02,1.35,0.60,0.58,1.00,0.00,0.00,"","vuruş 1: 0,80s@boss3,10m/oyuncu0,00m; kalıp sonu: merkeze 3,74 m, başlangıçtan 0,00 m, kalıp simülasyonundan 0,00 m, boss 0,74 m kaydı"
12-6,"Bağlayıcı Zaman","Kalkan","iki_uclu",1,1,1,1,1,1,1,1,1,1,1,"yerinde","yerinde",12000.00,"boss:Burn, oyuncu:Haste, oyuncu hız x1,30",3.02,1.35,0.67,0.65,1.07,0.00,0.00,"","vuruş 1: 0,53s@boss0,28m/oyuncu3,34m; kalıp sonu: merkeze 4,19 m, başlangıçtan 0,00 m, kalıp simülasyonundan 0,00 m, boss 1,19 m kaydı"
7-7,"Bulandırıcı Zafiyet","Kalkan","sis_bombasi",1,1,1,1,1,1,1,1,1,1,1,"yerinde","yerinde",15376.00,"boss:Blind+Burn, oyuncu:Stealth",3.00,1.35,0.27,0.22,0.67,0.00,0.00,"","vuruş 1: 0,53s@boss0,35m/oyuncu3,36m; kalıp sonu: merkeze 3,48 m, başlangıçtan 0,00 m, kalıp simülasyonundan 0,00 m, boss 0,48 m kaydı"
7-8,"Yükselen Zafiyet","Kalkan","yerden_fiskirma",1,1,1,1,1,1,1,1,1,1,1,"ön","ön",14592.00,"boss:Burn+Stun, boss hız x0,00",2.60,1.35,0.47,0.44,0.87,0.00,0.00,"","vuruş 1: 0,67s@boss0,00m/oyuncu2,75m; kalıp sonu: merkeze 2,60 m, başlangıçtan 0,40 m, kalıp simülasyonundan 0,00 m"
7-9,"Odaklı Zafiyet","Kalkan","isaret_patlamasi",1,1,1,1,1,1,1,1,1,1,1,"yerinde","yerinde",30048.00,"boss:Burn",3.03,1.35,1.93,1.92,2.33,0.00,0.00,"","vuruş 1: 2,20s@boss0,00m/oyuncu3,16m; kalıp sonu: merkeze 3,16 m, başlangıçtan 0,00 m, kalıp simülasyonundan 0,00 m, boss 0,16 m kaydı"
7-10,"Aynalı Zafiyet","Kalkan","onden_arkadan",1,1,1,1,1,1,1,1,1,1,1,"ön","ön",19840.00,"boss:Burn",2.37,1.35,0.40,0.34,0.80,0.00,0.00,"0/3 kare koşu","vuruş 2: 0,47s@boss1,27m/oyuncu1,11m 0,60s@boss0,60m/oyuncu3,31m; kalıp sonu: merkeze 3,13 m, başlangıçtan 0,90 m, kalıp simülasyonundan 0,00 m, boss 1,03 m kaydı"
7-11,"Kopya Zafiyet","Kalkan","golge_yankisi",1,1,1,1,1,1,1,1,1,1,1,"ön","ön",17200.00,"boss:Burn",2.30,1.35,0.53,0.50,0.93,0.00,0.00,"0/3 kare koşu","vuruş 2: 0,47s@boss1,16m/oyuncu1,15m 0,80s@boss2,75m/oyuncu1,39m; kalıp sonu: merkeze 3,21 m, başlangıçtan 0,90 m, kalıp simülasyonundan 0,00 m, boss 1,11 m kaydı"
7-12,"Akan Zafiyet","Kalkan","basili_isik",1,1,1,1,1,1,1,1,1,1,1,"ön","ön",46856.00,"boss:Burn",2.92,1.35,3.00,3.00,3.40,0.00,0.00,"","vuruş 6: 0,60s@boss0,20m/oyuncu2,72m 1,13s@boss1,10m/oyuncu2,72m 1,60s@boss1,10m/oyuncu2,72m 2,13s@boss0,94m/oyuncu2,72m 2,60s@boss0,76m/oyuncu2,72m 3,13s@boss0,55m/oyuncu2,72m; kalıp sonu: merkeze 3,19 m, başlangıçtan 1,20 m, kalıp simülasyonundan 0,00 m, boss 1,39 m kaydı"
8-7,"Bulandırıcı Yükseliş","Kalkan","goz_bagi",1,1,1,1,1,1,1,1,1,1,1,"yerinde","yerinde",0.00,"oyuncu:Stealth",3.00,1.35,0.20,0.20,0.53,0.00,0.00,"","vuruş 1: 0,47s@boss0,28m/oyuncu3,28m; kalıp sonu: merkeze 3,00 m, başlangıçtan 0,00 m, kalıp simülasyonundan 0,00 m"
8-8,"Yükselen Yükseliş","Kalkan","buyuten_kemer",1,1,1,1,1,1,1,1,1,1,1,"yerinde","yerinde",0.00,"",3.00,1.35,0.47,0.42,0.80,0.00,0.00,"","hasarsız skill (base_damage 0): etki hareketin kendisi; vuruş 1: 0,60s@boss5,04m/oyuncu2,21m; kalıp sonu: merkeze 3,22 m, başlangıçtan 0,30 m, kalıp simülasyonundan 0,00 m, kalıp hedefi AllyDummy"
8-9,"Odaklı Yükseliş","Kalkan","gudumlu_top",1,1,1,1,1,1,1,1,1,1,1,"yerinde","yerinde",0.00,"",3.00,1.35,0.60,0.56,0.93,0.00,0.00,"","hasarsız skill (base_damage 0): etki hareketin kendisi; vuruş 1: 0,80s@boss6,98m/oyuncu4,53m; kalıp sonu: merkeze 3,00 m, başlangıçtan 0,00 m, kalıp simülasyonundan 0,00 m, kalıp hedefi AllyDummy"
8-10,"Aynalı Yükseliş","Kalkan","ters_es",1,1,1,1,1,1,1,1,1,1,1,"yerinde","yerinde",0.00,"boss:Weaken",3.00,1.35,0.47,0.44,0.80,0.00,0.00,"","vuruş 2: 0,47s@boss2,60m/oyuncu0,40m 0,67s@boss0,00m/oyuncu3,00m; kalıp sonu: merkeze 3,00 m, başlangıçtan 0,00 m, kalıp simülasyonundan 0,00 m"
8-11,"Kopya Yükseliş","Kalkan","golge_ulak",1,1,1,1,1,1,1,1,1,1,1,"yan","yan",0.00,"",2.43,1.35,1.40,1.36,1.73,0.00,0.00,"0/3 kare koşu","hasarsız skill (base_damage 0): etki hareketin kendisi; vuruş 2: 0,40s@boss3,26m/oyuncu0,35m 1,60s@boss3,05m/oyuncu1,46m; kalıp sonu: merkeze 2,43 m, başlangıçtan 1,41 m, kalıp simülasyonundan 0,00 m, kalıp hedefi AllyDummy"
8-12,"Akan Yükseliş","Kalkan","akinti_yolu",1,1,1,1,1,1,1,1,1,1,1,"geri","geri",0.00,"",3.00,1.35,1.00,0.94,1.33,0.00,0.00,"0/10 kare koşu","hasarsız skill (base_damage 0): etki hareketin kendisi; vuruş 1: 1,13s@boss6,27m/oyuncu2,38m; kalıp sonu: merkeze 4,11 m, başlangıçtan 1,40 m, kalıp simülasyonundan 0,00 m, kalıp hedefi AllyDummy"
9-7,"Bulandırıcı Arınma","Kalkan","sis_ortusu",1,1,1,1,1,1,1,1,1,1,1,"yerinde","yerinde",0.00,"oyuncu:Stealth, oyuncu +12000 can, mermi sil 0 yut 0 dön 0 perde 4 bağ 0",3.00,1.35,0.33,0.30,0.73,0.00,0.00,"","vuruş 1: 0,53s@boss0,00m/oyuncu3,00m; kalıp sonu: merkeze 3,00 m, başlangıçtan 0,00 m, kalıp simülasyonundan 0,00 m"
9-8,"Yükselen Arınma","Kalkan","isik_sutunu",1,1,1,1,1,1,1,1,1,1,1,"yerinde","yerinde",0.00,"oyuncu +12000 can, mermi sil 4 yut 0 dön 0 perde 0 bağ 0",3.00,1.35,0.53,0.48,0.93,0.00,0.00,"","vuruş 1: 0,73s@boss3,06m/oyuncu0,00m; kalıp sonu: merkeze 3,07 m, başlangıçtan 0,10 m, kalıp simülasyonundan 0,00 m, kalıp hedefi AllyDummy"
9-9,"Odaklı Arınma","Kalkan","mermi_sondur",1,1,1,1,1,1,1,1,1,1,1,"yerinde","yerinde",0.00,"oyuncu +12000 can, mermi sil 2 yut 0 dön 0 perde 0 bağ 0",3.00,1.35,0.40,0.38,0.80,0.00,0.00,"","vuruş 1: 0,67s@boss6,98m/oyuncu4,53m; kalıp sonu: merkeze 3,00 m, başlangıçtan 0,00 m, kalıp simülasyonundan 0,00 m, kalıp hedefi AllyDummy"
9-10,"Aynalı Arınma","Kalkan","yer_degistir",1,1,1,1,1,1,1,1,1,1,1,"arka","arka",32.00,"oyuncu +12000 can, mermi sil 0 yut 0 dön 4 perde 0 bağ 0",1.50,1.35,0.40,0.34,0.80,0.00,0.00,"0/1 kare koşu","vuruş 1: 0,67s@boss0,31m/oyuncu1,19m; kalıp sonu: merkeze 1,50 m, başlangıçtan 4,50 m, kalıp simülasyonundan 0,00 m, ışın 8,34 m konumdan çıkarıldı; tek karede 8,34 m sıçrama (sınır 2,47 m @ 67 ms, t=0,80, ışın tasarım gereği)"
9-11,"Kopya Arınma","Kalkan","yem_kopya",1,1,1,1,1,1,1,1,1,1,1,"yerinde","yerinde",0.00,"oyuncu +12000 can, dost +12000 can, yem boss aggro, mermi sil 4 yut 0 dön 0 perde 0 bağ 0",3.00,1.35,0.27,0.24,0.67,0.00,0.00,"","vuruş 1: 0,47s@boss2,98m/oyuncu1,29m; kalıp sonu: merkeze 3,00 m, başlangıçtan 0,00 m, kalıp simülasyonundan 0,00 m"
9-12,"Akan Arınma","Kalkan","nabiz",1,1,1,1,1,1,1,1,1,1,1,"yerinde","yerinde",0.00,"oyuncu +8000 can, dost +4000 can, mermi sil 4 yut 0 dön 0 perde 0 bağ 0",3.00,1.35,3.20,3.18,3.60,0.00,0.00,"","vuruş 3: 1,53s@boss3,00m/oyuncu0,00m 2,53s@boss3,00m/oyuncu0,00m 3,53s@boss3,00m/oyuncu0,00m; kalıp sonu: merkeze 3,00 m, başlangıçtan 0,00 m, kalıp simülasyonundan 0,00 m"
10-7,"Bulandırıcı Yansı","Kalkan","sahte_goruntu",1,1,1,1,1,1,1,1,1,1,1,"geri","geri",12000.00,"boss:Blind+Burn, oyuncu:Stealth, yem boss aggro",2.47,1.35,0.60,0.56,0.93,0.00,0.00,"0/5 kare koşu","vuruş 3: 0,47s@boss2,60m/oyuncu1,37m 0,60s@boss2,60m/oyuncu1,37m 0,80s@boss3,22m/oyuncu0,00m; kalıp sonu: merkeze 3,38 m, başlangıçtan 0,37 m, kalıp simülasyonundan 0,00 m"
10-8,"Yükselen Yansı","Kalkan","yerden_buyuyen",1,1,1,1,1,1,1,1,1,1,1,"ön","ön",6400.00,"boss:Burn",2.35,1.35,0.60,0.54,0.93,0.00,0.00,"0/2 kare koşu","vuruş 1: 0,73s@boss0,00m/oyuncu2,39m; kalıp sonu: merkeze 2,35 m, başlangıçtan 0,65 m, kalıp simülasyonundan 0,00 m"
10-9,"Odaklı Yansı","Kalkan","koruyucu_isaret",1,1,1,1,1,1,1,1,1,1,1,"ön","ön",0.00,"",1.73,1.35,0.33,0.32,0.67,0.00,0.00,"0/5 kare koşu","hasarsız skill (base_damage 0): etki hareketin kendisi; vuruş 1: 0,53s@boss1,59m/oyuncu0,35m; kalıp sonu: merkeze 1,73 m, başlangıçtan 1,27 m, kalıp simülasyonundan 0,00 m"
11-7,"Bulandırıcı Çağrı","Kalkan","sirt_saplama",1,1,1,1,1,1,1,1,1,1,1,"ön","ön",35568.00,"boss:Blind+Burn, oyuncu:Stealth",2.10,1.35,0.47,0.44,0.87,0.00,0.00,"0/2 kare koşu","vuruş 1: 0,73s@boss0,00m/oyuncu2,16m; kalıp sonu: merkeze 2,18 m, başlangıçtan 0,90 m, kalıp simülasyonundan 0,00 m"
11-8,"Yükselen Çağrı","Kalkan","dostu_yerden",1,1,1,1,1,1,1,1,1,1,1,"ön","ön",61576.00,"boss:Burn",2.02,1.35,0.93,0.90,1.33,0.00,0.00,"0/10 kare koşu","vuruş 1: 1,13s@boss1,98m/oyuncu0,95m; kalıp sonu: merkeze 2,10 m, başlangıçtan 1,42 m, kalıp simülasyonundan 0,00 m"
11-9,"Odaklı Çağrı","Kalkan","pesinden_av",1,1,1,1,1,1,1,1,1,1,1,"ön","ön",263040.00,"boss:Burn",1.92,1.35,2.47,2.46,2.87,0.00,0.00,"0/2 kare koşu","vuruş 1: 2,73s@boss0,00m/oyuncu2,01m; kalıp sonu: merkeze 2,01 m, başlangıçtan 1,10 m, kalıp simülasyonundan 0,00 m, boss 0,11 m kaydı"
12-7,"Bulandırıcı Zaman","Kalkan","kum_saati",1,1,1,1,1,1,1,1,1,1,1,"yerinde","yerinde",69376.00,"boss:Blind+Burn+Slow, oyuncu:Stealth, boss hız x0,70",3.00,1.35,0.67,0.62,1.07,0.00,0.00,"","vuruş 1: 0,53s@boss0,28m/oyuncu3,28m; kalıp sonu: merkeze 4,11 m, başlangıçtan 0,00 m, kalıp simülasyonundan 0,00 m, boss 1,11 m kaydı"
12-8,"Yükselen Zaman","Kalkan","isik_sutunu",1,1,1,1,1,1,1,1,1,1,1,"yerinde","yerinde",5600.00,"boss:Burn, oyuncu:Haste, oyuncu hız x1,50",2.90,1.35,0.53,0.48,0.93,0.00,0.00,"","vuruş 1: 0,73s@boss2,92m/oyuncu0,00m; kalıp sonu: merkeze 2,90 m, başlangıçtan 0,10 m, kalıp simülasyonundan 0,00 m"
12-9,"Odaklı Zaman","Kalkan","isaret_patlamasi",1,1,1,1,1,1,1,1,1,1,1,"yerinde","yerinde",5600.00,"boss:Burn+Slow, boss hız x0,70",3.00,1.35,1.93,1.92,2.33,0.00,0.00,"","vuruş 1: 2,20s@boss0,00m/oyuncu3,00m; kalıp sonu: merkeze 3,00 m, başlangıçtan 0,00 m, kalıp simülasyonundan 0,00 m"
