kombo,isim,silah,kalip,cast,isabet,konum,govdeye_girmedi,tek_sistem,hata_yok,sure,sicrama_yok,gecti,beklenen_konum,gercek_konum,hasar,etki,min_merkez_m,temas_m,kalip_sn,beklenen_sn,toplam_sn,bacak,notlar
1-1,"Yoğun Vuruş","Yumruk","yukle_birak",1,1,1,1,1,1,1,1,1,"ön","ön",267424.00,"",1.50,1.35,0.52,0.52,0.82,"0/11 kare koşu","vuruş 1: 0,74s@boss0,53m/oyuncu1,53m; kalıp sonu: merkeze 1,50 m, başlangıçtan 1,50 m, kalıp simülasyonundan 0,00 m; uyarı: [PlaceholderFactory] VFX asset missing (trail/straight); using element_color primitive placeholder."
1-2,"Emici Vuruş","Yumruk","kan_ceken_pence",1,1,1,1,1,1,1,1,1,"yerinde","yerinde",180600.00,"oyuncu +54180 can",1.35,1.35,0.37,0.38,0.69,"","vuruş 3: 0,40s@boss1,64m/oyuncu1,02m 0,52s@boss1,16m/oyuncu1,02m 0,65s@boss0,60m/oyuncu1,02m; kalıp sonu: merkeze 1,45 m, başlangıçtan 0,00 m, kalıp simülasyonundan 1,50 m, boss 1,55 m kaydı"
1-3,"Sıçrayan Vuruş","Yumruk","",0,0,0,0,0,0,0,0,0,"","",0.00,"",0.00,0.00,0.00,0.00,0.00,"","cast reddedildi: hedef/menzil kapısı"
1-4,"Sabit Vuruş","Yumruk","",0,0,0,0,0,0,0,0,0,"","",0.00,"",0.00,0.00,0.00,0.00,0.00,"","cast reddedildi: hedef/menzil kapısı"
1-5,"Yayılan Vuruş","Yumruk","donen_kesik",1,1,1,1,1,1,1,1,1,"yerinde","yerinde",171216.00,"",3.00,1.35,0.55,0.55,0.87,"","vuruş 1: 0,55s@boss3,00m/oyuncu0,00m; kalıp sonu: merkeze 3,00 m, başlangıçtan 0,00 m, kalıp simülasyonundan 0,00 m"
1-6,"Bağlayıcı Vuruş","Yumruk","zincirli_firlatma",1,1,1,1,1,1,1,1,1,"ön","ön",190960.00,"boss:Root+Slow, boss hız x0,00",1.50,1.35,0.69,0.70,0.99,"1/12 kare koşu, ayak/gövde hız oranı 1,00","vuruş 2: 0,47s@boss0,45m/oyuncu3,45m 0,91s@boss0,82m/oyuncu1,28m; kalıp sonu: merkeze 1,50 m, başlangıçtan 1,50 m, kalıp simülasyonundan 0,00 m"
2-1,"Yoğun Şifa","Yumruk","tek_dokunus",1,1,1,1,1,1,1,1,1,"geri","geri",0.00,"oyuncu +88000 can",3.00,1.35,0.15,0.16,0.50,"0/9 kare koşu","vuruş 1: 0,45s@boss3,84m/oyuncu0,68m; kalıp sonu: merkeze 3,41 m, başlangıçtan 0,55 m, kalıp simülasyonundan 0,00 m, kalıp hedefi AllyDummy; uyarı: [PlaceholderFactory] VFX asset missing (trail/blink_line); using element_color primitive placeholder."
2-2,"Emici Şifa","Yumruk","uzaktan_emme",1,1,1,1,1,1,1,1,1,"yerinde","yerinde",53192.00,"oyuncu +56000 can, dost +56000 can",2.65,1.35,2.15,2.16,2.50,"","vuruş 4: 1,00s@boss0,19m/oyuncu2,72m 1,50s@boss0,10m/oyuncu2,72m 2,00s@boss0,02m/oyuncu2,72m 2,50s@boss0,07m/oyuncu2,72m; kalıp sonu: merkeze 2,65 m, başlangıçtan 0,35 m, kalıp simülasyonundan 0,00 m; uyarı: Account API did not become accessible within 30 seconds. This may be due to network issues or editor focus."
2-3,"Sıçrayan Şifa","Yumruk","dosttan_dosta",1,1,1,1,1,1,1,1,1,"yerinde","yerinde",0.00,"oyuncu +32000 can, dost +56000 can",3.00,1.35,0.53,0.54,0.87,"","vuruş 3: 0,49s@boss6,19m/oyuncu3,69m 0,59s@boss6,98m/oyuncu4,53m 0,77s@boss6,88m/oyuncu4,54m; kalıp sonu: merkeze 3,00 m, başlangıçtan 0,00 m, kalıp simülasyonundan 0,00 m, kalıp hedefi AllyDummy"
2-4,"Sabit Şifa","Yumruk","totem_dikme",1,1,1,1,1,1,1,1,1,"yerinde","yerinde",0.00,"oyuncu +88000 can",3.00,1.35,0.28,0.30,0.63,"","vuruş 1: 0,60s@boss3,10m/oyuncu0,00m; kalıp sonu: merkeze 3,11 m, başlangıçtan 0,15 m, kalıp simülasyonundan 0,00 m, kalıp hedefi AllyDummy"
2-5,"Yayılan Şifa","Yumruk","genisleyen_halka",1,1,1,1,1,1,1,1,1,"yerinde","yerinde",0.00,"oyuncu +88000 can",3.00,1.35,0.57,0.58,0.92,"","vuruş 1: 0,79s@boss3,00m/oyuncu0,00m; kalıp sonu: merkeze 3,00 m, başlangıçtan 0,00 m, kalıp simülasyonundan 0,00 m"
2-6,"Bağlayıcı Şifa","Yumruk","dostu_kanca",1,1,1,1,1,1,0,1,0,"geri","geri",0.00,"oyuncu +88000 can",3.00,1.35,0.52,0.52,0.87,"0/21 kare koşu","zaman aşımı 9,6 sn; vuruş 1: 0,80s@boss5,79m/oyuncu0,40m; kalıp sonu: merkeze 5,92 m, başlangıçtan 3,40 m, kalıp simülasyonundan 0,00 m, kalıp hedefi AllyDummy"
3-1,"Yoğun Adım","Yumruk","isinlan_kes",1,1,1,1,1,1,1,1,1,"arka","arka",0.00,"",1.50,1.35,0.48,0.48,0.79,"0/1 kare koşu","hasarsız skill (base_damage 0): etki hareketin kendisi; vuruş 1: 0,74s@boss0,00m/oyuncu1,50m; kalıp sonu: merkeze 1,50 m, başlangıçtan 4,50 m, kalıp simülasyonundan 0,00 m; tek karede 4,50 m sıçrama (sınır 0,62 m @ 17 ms, t=0,69, faz isin, blink tasarım gereği)"
3-2,"Emici Adım","Yumruk","icinden_emme",1,1,1,1,1,1,1,1,1,"arka","arka",0.00,"",0.08,1.35,0.27,0.28,0.58,"0/16 kare koşu","hasarsız skill (base_damage 0): etki hareketin kendisi; vuruş 1: 0,47s@boss0,97m/oyuncu1,36m; kalıp sonu: merkeze 2,65 m, başlangıçtan 5,51 m, kalıp simülasyonundan 0,14 m, boss 0,14 m kaydı; gövdeye girdi: merkeze 0,08 m (t=0,45, temas 1,35) geçiş tasarım gereği"
3-3,"Sıçrayan Adım","Yumruk","sekmeli_ziplama",1,1,1,1,1,1,1,1,1,"arka","arka",0.00,"",1.50,1.35,0.59,0.60,0.91,"0/33 kare koşu","hasarsız skill (base_damage 0): etki hareketin kendisi; vuruş 3: 0,45s@boss2,06m/oyuncu0,00m 0,65s@boss1,50m/oyuncu0,00m 0,86s@boss1,50m/oyuncu0,00m; kalıp sonu: merkeze 1,50 m, başlangıçtan 4,50 m, kalıp simülasyonundan 0,00 m"
3-4,"Sabit Adım","Yumruk","geri_sarma",1,1,1,1,1,1,1,1,1,"başlangıç","başlangıç",0.00,"",1.50,1.35,2.66,2.66,2.97,"0/31 kare koşu","hasarsız skill (base_damage 0): etki hareketin kendisi; kalıp sonu: merkeze 3,00 m, başlangıçtan 0,00 m, kalıp simülasyonundan 0,00 m; uyarı: Hareket kalıbı konumu yönetiyor; gramer konum adımı atlandı: 3-4 isaret_geri_don"
3-5,"Yayılan Adım","Yumruk","dalis_patlamasi",1,1,1,1,1,1,1,1,1,"ön","ön",0.00,"",1.50,1.35,0.42,0.42,0.73,"0/16 kare koşu","hasarsız skill (base_damage 0): etki hareketin kendisi; vuruş 1: 0,62s@boss1,50m/oyuncu0,00m; kalıp sonu: merkeze 1,50 m, başlangıçtan 1,50 m, kalıp simülasyonundan 0,00 m"
3-6,"Bağlayıcı Adım","Yumruk","kanca_cekis",1,1,1,1,1,1,1,1,1,"arka","arka",0.00,"boss:Root+Slow, boss hız x0,00",1.50,1.35,0.74,0.74,1.06,"0/35 kare koşu","vuruş 1: 0,97s@boss0,00m/oyuncu1,50m; kalıp sonu: merkeze 1,50 m, başlangıçtan 4,50 m, kalıp simülasyonundan 0,00 m; uyarı: Hareket kalıbı konumu yönetiyor; gramer konum adımı atlandı: 3-6 yer_degistir"
4-1,"Yoğun Kalkan","Yumruk","tam_zamanli",1,1,1,1,1,1,1,1,1,"yerinde","yerinde",0.00,"",3.00,1.35,0.50,0.50,0.85,"","hasarsız skill (base_damage 0): etki hareketin kendisi; vuruş 1: 0,70s@boss0,62m/oyuncu2,38m; kalıp sonu: merkeze 3,00 m, başlangıçtan 0,00 m, kalıp simülasyonundan 0,00 m"
4-2,"Emici Kalkan","Yumruk","kalkan_calma",1,1,1,1,1,1,1,1,1,"yerinde","yerinde",76000.00,"",1.35,1.35,0.18,0.20,0.53,"","vuruş 1: 0,47s@boss1,24m/oyuncu1,28m; kalıp sonu: merkeze 2,24 m, başlangıçtan 0,00 m, kalıp simülasyonundan 1,50 m, boss 0,76 m kaydı"
4-3,"Sıçrayan Kalkan","Yumruk","seken_disk",1,1,1,1,1,1,1,1,1,"yerinde","yerinde",0.00,"",3.00,1.35,0.42,0.42,0.77,"","hasarsız skill (base_damage 0): etki hareketin kendisi; vuruş 2: 0,52s@boss0,30m/oyuncu3,30m 0,65s@boss3,04m/oyuncu1,43m; kalıp sonu: merkeze 3,00 m, başlangıçtan 0,00 m, kalıp simülasyonundan 0,00 m"
5-1,"Yoğun Patlama","Yumruk","",0,0,0,0,0,0,0,0,0,"","",0.00,"",0.00,0.00,0.00,0.00,0.00,"","cast reddedildi: hedef/menzil kapısı"
5-2,"Emici Patlama","Yumruk","ceken_girdap",1,1,1,1,1,1,1,1,1,"yerinde","yerinde",170840.00,"oyuncu +51252 can",1.35,1.35,1.31,1.32,1.63,"","vuruş 3: 0,99s@boss0,00m/oyuncu3,00m 1,49s@boss0,00m/oyuncu1,35m 1,54s@boss0,00m/oyuncu1,35m; kalıp sonu: merkeze 1,35 m, başlangıçtan 0,00 m, kalıp simülasyonundan 0,00 m, boss 1,65 m kaydı; uyarı: [PlaceholderFactory] VFX asset missing (trail/ground_marker); using element_color primitive placeholder."
5-3,"Sıçrayan Patlama","Yumruk","seken_bomba",1,1,1,1,1,1,1,1,1,"yerinde","yerinde",133536.00,"",3.00,1.35,0.57,0.58,0.88,"","vuruş 3: 0,47s@boss0,40m/oyuncu3,40m 0,58s@boss0,00m/oyuncu3,00m 0,78s@boss0,35m/oyuncu3,02m; kalıp sonu: merkeze 3,00 m, başlangıçtan 0,00 m, kalıp simülasyonundan 0,00 m"
6-1,"Yoğun Bağ","Yumruk","sinir_noktasi",1,1,1,1,1,1,1,1,1,"ön","ön",52800.00,"boss:Stun, boss hız x0,00",1.50,1.35,0.32,0.34,0.65,"0/13 kare koşu","vuruş 1: 0,60s@boss0,91m/oyuncu0,59m; kalıp sonu: merkeze 1,50 m, başlangıçtan 1,50 m, kalıp simülasyonundan 0,00 m"
6-2,"Emici Bağ","Yumruk","bossu_cek",1,0,1,1,1,1,1,1,0,"geri","geri",0.00,"",3.00,1.35,0.43,0.44,0.75,"0/17 kare koşu","hasar yok, etki görülmedi; vuruş 1: 0,60s@boss2,44m/oyuncu1,36m; kalıp sonu: merkeze 4,60 m, başlangıçtan 1,60 m, kalıp simülasyonundan 0,00 m"
6-3,"Sıçrayan Bağ","Yumruk","basip_sekme",1,1,1,1,1,1,1,1,1,"başlangıç","başlangıç",40240.00,"boss:Root, boss hız x0,00",1.51,1.35,0.51,0.52,0.82,"0/30 kare koşu","vuruş 1: 0,58s@boss1,58m/oyuncu0,00m; kalıp sonu: merkeze 3,20 m, başlangıçtan 0,20 m, kalıp simülasyonundan 0,00 m"
1-7,"Bulandırıcı Vuruş","Yumruk","dumandan_cikis",1,1,1,1,1,1,1,1,1,"ön","ön",187632.00,"boss:Blind",1.50,1.35,0.47,0.48,0.78,"0/12 kare koşu","vuruş 1: 0,70s@boss0,74m/oyuncu1,36m; kalıp sonu: merkeze 1,50 m, başlangıçtan 1,50 m, kalıp simülasyonundan 0,00 m"
1-8,"Yükselen Vuruş","Yumruk","havaya_kaldirma",1,1,1,1,1,1,1,1,1,"ön","ön",212592.00,"boss:Stun, boss hız x0,00",1.90,1.35,0.33,0.34,0.65,"0/20 kare koşu","vuruş 1: 0,45s@boss1,24m/oyuncu1,28m; kalıp sonu: merkeze 1,90 m, başlangıçtan 1,10 m, kalıp simülasyonundan 0,00 m"
1-9,"Odaklı Vuruş","Yumruk","isarete_vur",1,1,1,1,1,1,1,1,1,"ön","ön",335480.00,"",1.65,1.35,0.37,0.38,0.69,"0/9 kare koşu","vuruş 1: 0,62s@boss0,91m/oyuncu1,28m; kalıp sonu: merkeze 1,65 m, başlangıçtan 1,35 m, kalıp simülasyonundan 0,00 m"
2-7,"Bulandırıcı Şifa","Yumruk","sis_ortusu",1,1,1,1,1,1,1,1,1,"yerinde","yerinde",0.00,"oyuncu +88000 can",3.00,1.35,0.30,0.30,0.65,"","vuruş 1: 0,52s@boss0,00m/oyuncu3,00m; kalıp sonu: merkeze 3,00 m, başlangıçtan 0,00 m, kalıp simülasyonundan 0,00 m"
2-8,"Yükselen Şifa","Yumruk","yerden_buyuyen",1,1,1,1,1,1,1,1,1,"yerinde","yerinde",0.00,"oyuncu +88000 can",3.00,1.35,0.42,0.42,0.77,"","vuruş 1: 0,63s@boss6,98m/oyuncu4,35m; kalıp sonu: merkeze 3,18 m, başlangıçtan 0,25 m, kalıp simülasyonundan 0,00 m, kalıp hedefi AllyDummy"
2-9,"Odaklı Şifa","Yumruk","koruyucu_isaret",1,1,1,1,1,1,0,1,0,"geri","geri",0.00,"oyuncu +88000 can",3.00,1.35,0.51,0.20,0.86,"0/7 kare koşu","vuruş 1: 0,86s@boss3,90m/oyuncu0,35m; kalıp sonu: merkeze 3,61 m, başlangıçtan 0,80 m, kalıp simülasyonundan 0,00 m, kalıp hedefi AllyDummy; kalıp 0,51 sn (beklenen 0,20)"
3-7,"Bulandırıcı Adım","Yumruk","duman_kaybolma",1,1,1,1,1,1,1,1,1,"ön","ön",0.00,"boss:Blind, oyuncu:Stealth",1.50,1.35,0.58,0.59,0.90,"0/8 kare koşu","vuruş 1: 0,45s@boss1,50m/oyuncu0,00m; kalıp sonu: merkeze 1,50 m, başlangıçtan 1,50 m, kalıp simülasyonundan 0,00 m"
3-8,"Yükselen Adım","Yumruk","sicrayip_cakilma",1,1,1,1,1,1,1,1,1,"ön","ön",0.00,"oyuncu:Haste, oyuncu hız x1,10",1.50,1.35,0.82,0.82,1.13,"0/21 kare koşu","vuruş 1: 1,07s@boss1,50m/oyuncu0,00m; kalıp sonu: merkeze 1,50 m, başlangıçtan 1,50 m, kalıp simülasyonundan 0,00 m"
3-9,"Odaklı Adım","Yumruk","isinlan_kes",1,1,1,1,1,1,1,1,1,"arka","arka",0.00,"",1.50,1.35,0.49,0.48,0.81,"0/1 kare koşu","hasarsız skill (base_damage 0): etki hareketin kendisi; vuruş 1: 0,73s@boss0,00m/oyuncu1,50m; kalıp sonu: merkeze 1,50 m, başlangıçtan 4,50 m, kalıp simülasyonundan 0,00 m; tek karede 4,50 m sıçrama (sınır 0,62 m @ 15 ms, t=0,68, faz isin, blink tasarım gereği); uyarı: Hareket kalıbı konumu yönetiyor; gramer konum adımı atlandı: 3-9 hedefin_arkasina"
7-1,"Yoğun Zafiyet","Yumruk","diken_firlatma",1,1,1,1,1,1,1,1,1,"yerinde","yerinde",16472.00,"",3.00,1.35,0.40,0.40,0.75,"","vuruş 1: 0,70s@boss0,30m/oyuncu3,30m; kalıp sonu: merkeze 3,00 m, başlangıçtan 0,00 m, kalıp simülasyonundan 0,00 m"
7-2,"Emici Zafiyet","Yumruk","sokup_cekme",1,1,1,1,1,1,1,1,1,"geri","geri",6640.00,"oyuncu +1991 can",3.00,1.35,0.43,0.44,0.78,"0/15 kare koşu","vuruş 2: 0,48s@boss0,35m/oyuncu3,35m 0,65s@boss2,49m/oyuncu1,19m; kalıp sonu: merkeze 4,30 m, başlangıçtan 1,30 m, kalıp simülasyonundan 0,00 m"
7-3,"Sıçrayan Zafiyet","Yumruk","seken_yaratik",1,1,1,1,1,1,1,1,1,"yerinde","yerinde",14336.00,"",3.00,1.35,0.63,0.64,0.98,"","vuruş 3: 0,58s@boss0,00m/oyuncu3,00m 0,75s@boss0,35m/oyuncu3,02m 0,90s@boss0,35m/oyuncu3,02m; kalıp sonu: merkeze 3,00 m, başlangıçtan 0,00 m, kalıp simülasyonundan 0,00 m"
8-1,"Yoğun Yükseliş","Yumruk","kuculten_kapi",1,1,1,1,1,1,1,1,1,"yerinde","yerinde",0.00,"",3.00,1.35,0.27,0.28,0.62,"","hasarsız skill (base_damage 0): etki hareketin kendisi; vuruş 1: 0,52s@boss0,62m/oyuncu2,38m; kalıp sonu: merkeze 3,00 m, başlangıçtan 0,00 m, kalıp simülasyonundan 0,00 m"
8-2,"Emici Yükseliş","Yumruk","kan_muhru",1,1,1,1,1,1,1,1,1,"yerinde","yerinde",0.00,"",3.00,1.35,0.32,0.32,0.67,"","hasarsız skill (base_damage 0): etki hareketin kendisi; vuruş 1: 0,53s@boss3,00m/oyuncu0,00m; kalıp sonu: merkeze 3,00 m, başlangıçtan 0,00 m, kalıp simülasyonundan 0,00 m"
8-3,"Sıçrayan Yükseliş","Yumruk","pas_verme",1,1,1,1,1,1,1,1,1,"yerinde","yerinde",0.00,"",3.00,1.35,0.23,0.24,0.58,"","hasarsız skill (base_damage 0): etki hareketin kendisi; vuruş 1: 0,55s@boss6,06m/oyuncu3,56m; kalıp sonu: merkeze 3,00 m, başlangıçtan 0,00 m, kalıp simülasyonundan 0,00 m, kalıp hedefi AllyDummy"
9-1,"Yoğun Arınma","Yumruk","tek_dokunus",1,1,1,1,1,1,1,1,1,"geri","geri",0.00,"oyuncu +20000 can",3.00,1.35,0.15,0.16,0.50,"3/9 kare koşu, ayak/gövde hız oranı 1,01","vuruş 1: 0,45s@boss3,84m/oyuncu0,68m; kalıp sonu: merkeze 3,41 m, başlangıçtan 0,55 m, kalıp simülasyonundan 0,00 m, kalıp hedefi AllyDummy"
9-2,"Emici Arınma","Yumruk","cekip_firlat",1,1,1,1,1,1,1,1,1,"yerinde","yerinde",0.00,"oyuncu +8000 can, dost +12000 can",3.00,1.35,0.50,0.50,0.85,"","vuruş 2: 0,52s@boss2,65m/oyuncu0,35m 0,82s@boss0,30m/oyuncu3,30m; kalıp sonu: merkeze 3,00 m, başlangıçtan 0,00 m, kalıp simülasyonundan 0,00 m"
9-3,"Sıçrayan Arınma","Yumruk","dosttan_dosta",1,1,1,1,1,1,1,1,1,"yerinde","yerinde",0.00,"oyuncu +16000 can, dost +8000 can",3.00,1.35,0.54,0.54,0.89,"","vuruş 3: 0,50s@boss6,20m/oyuncu3,70m 0,60s@boss6,98m/oyuncu4,53m 0,79s@boss6,88m/oyuncu4,54m; kalıp sonu: merkeze 3,00 m, başlangıçtan 0,00 m, kalıp simülasyonundan 0,00 m, kalıp hedefi AllyDummy"
1-10,"Aynalı Vuruş","Yumruk","sirtta_kapi",1,1,1,1,1,1,1,1,1,"ön","ön",194816.00,"",1.80,1.35,0.32,0.32,0.63,"0/11 kare koşu","vuruş 2: 0,43s@boss0,92m/oyuncu1,19m 0,55s@boss0,55m/oyuncu2,35m; kalıp sonu: merkeze 1,80 m, başlangıçtan 1,20 m, kalıp simülasyonundan 0,00 m"
1-11,"Kopya Vuruş","Yumruk","golge_yankisi",1,1,1,1,1,1,1,1,1,"ön","ön",237224.00,"",2.10,1.35,0.49,0.50,0.81,"0/10 kare koşu","vuruş 2: 0,42s@boss1,20m/oyuncu1,15m 0,73s@boss1,95m/oyuncu1,39m; kalıp sonu: merkeze 2,10 m, başlangıçtan 0,90 m, kalıp simülasyonundan 0,00 m"
1-12,"Akan Vuruş","Yumruk","basili_seri",1,1,1,1,1,1,1,1,1,"ön","ön",146784.00,"",1.60,1.35,2.98,3.00,3.30,"","vuruş 6: 0,55s@boss1,74m/oyuncu1,15m 1,05s@boss1,50m/oyuncu1,15m 1,55s@boss1,27m/oyuncu1,15m 2,05s@boss1,04m/oyuncu1,15m 2,55s@boss0,80m/oyuncu1,15m 3,05s@boss0,57m/oyuncu1,15m; kalıp sonu: merkeze 1,60 m, başlangıçtan 1,40 m, kalıp simülasyonundan 0,00 m"
2-10,"Aynalı Şifa","Yumruk","ters_es",1,1,1,1,1,1,1,1,1,"yerinde","yerinde",0.00,"oyuncu +112000 can",3.00,1.35,0.43,0.44,0.78,"","vuruş 2: 0,48s@boss2,60m/oyuncu0,40m 0,68s@boss0,00m/oyuncu3,00m; kalıp sonu: merkeze 3,00 m, başlangıçtan 0,00 m, kalıp simülasyonundan 0,00 m"
2-11,"Kopya Şifa","Yumruk","golge_ulak",1,1,1,1,1,1,1,1,1,"yan","yan",0.00,"oyuncu +52000 can, dost +36000 can",2.43,1.35,1.35,1.36,1.70,"0/9 kare koşu","vuruş 2: 0,47s@boss3,26m/oyuncu0,35m 1,62s@boss2,85m/oyuncu1,46m; kalıp sonu: merkeze 2,43 m, başlangıçtan 1,41 m, kalıp simülasyonundan 0,00 m, kalıp hedefi AllyDummy"
2-12,"Akan Şifa","Yumruk","basili_isik",1,1,1,1,1,1,1,1,1,"geri","geri",0.00,"oyuncu +48000 can, dost +48000 can",3.00,1.35,2.99,3.00,3.34,"","vuruş 6: 0,60s@boss5,38m/oyuncu2,72m 1,09s@boss5,56m/oyuncu2,72m 1,59s@boss5,75m/oyuncu2,72m 2,09s@boss5,93m/oyuncu2,72m 2,59s@boss6,12m/oyuncu2,72m 3,09s@boss6,31m/oyuncu2,72m; kalıp sonu: merkeze 3,94 m, başlangıçtan 1,20 m, kalıp simülasyonundan 0,00 m, kalıp hedefi AllyDummy"
3-10,"Aynalı Adım","Yumruk","iki_kapi",1,1,1,1,1,1,1,1,1,"ön","ön",0.00,"",1.50,1.35,0.54,0.54,0.86,"0/16 kare koşu","hasarsız skill (base_damage 0): etki hareketin kendisi; vuruş 2: 0,37s@boss3,00m/oyuncu0,00m 0,77s@boss1,50m/oyuncu0,00m; kalıp sonu: merkeze 1,50 m, başlangıçtan 1,50 m, kalıp simülasyonundan 0,00 m"
3-11,"Kopya Adım","Yumruk","yem_kac",1,1,1,1,1,1,1,1,1,"geri","geri",0.00,"",3.00,1.35,0.40,0.40,0.72,"0/17 kare koşu","hasarsız skill (base_damage 0): etki hareketin kendisi; vuruş 1: 0,37s@boss3,00m/oyuncu0,00m; kalıp sonu: merkeze 5,80 m, başlangıçtan 2,80 m, kalıp simülasyonundan 0,00 m"
3-12,"Akan Adım","Yumruk","suzulme",1,1,1,1,1,1,1,1,1,"ön","ön",0.00,"",1.90,1.35,2.98,3.00,3.29,"","hasarsız skill (base_damage 0): etki hareketin kendisi; kalıp sonu: merkeze 1,90 m, başlangıçtan 1,10 m, kalıp simülasyonundan 0,00 m"
10-1,"Yoğun Yansı","Yumruk","tam_zamanli",1,1,1,1,1,1,1,1,1,"yerinde","yerinde",0.00,"",3.00,1.35,0.50,0.50,0.85,"","hasarsız skill (base_damage 0): etki hareketin kendisi; vuruş 1: 0,70s@boss0,62m/oyuncu2,38m; kalıp sonu: merkeze 3,00 m, başlangıçtan 0,00 m, kalıp simülasyonundan 0,00 m"
10-2,"Emici Yansı","Yumruk","yutan_girdap",1,1,1,1,1,1,1,1,1,"yerinde","yerinde",0.00,"",3.00,1.35,3.16,3.18,3.51,"","hasarsız skill (base_damage 0): etki hareketin kendisi; vuruş 4: 1,27s@boss0,62m/oyuncu2,38m 2,02s@boss0,62m/oyuncu2,38m 2,77s@boss0,62m/oyuncu2,38m 3,51s@boss0,62m/oyuncu2,38m; kalıp sonu: merkeze 3,00 m, başlangıçtan 0,00 m, kalıp simülasyonundan 0,00 m"
10-3,"Sıçrayan Yansı","Yumruk","seken_geri",1,1,1,1,1,1,1,1,1,"ön","ön",0.00,"",1.90,1.35,0.35,0.36,0.70,"0/10 kare koşu","hasarsız skill (base_damage 0): etki hareketin kendisi; vuruş 2: 0,43s@boss0,78m/oyuncu1,53m 0,60s@boss0,00m/oyuncu1,90m; kalıp sonu: merkeze 1,90 m, başlangıçtan 1,10 m, kalıp simülasyonundan 0,00 m"
10-10,"Aynalı Yansı","Yumruk","iki_kapi",1,1,1,1,1,1,1,1,1,"ön","ön",0.00,"",1.50,1.35,0.53,0.54,0.88,"0/16 kare koşu","hasarsız skill (base_damage 0): etki hareketin kendisi; vuruş 2: 0,40s@boss3,00m/oyuncu0,00m 0,80s@boss1,50m/oyuncu0,00m; kalıp sonu: merkeze 1,50 m, başlangıçtan 1,50 m, kalıp simülasyonundan 0,00 m"
10-11,"Kopya Yansı","Yumruk","yem_kopya",1,1,1,1,1,1,1,1,1,"yerinde","yerinde",0.00,"",3.00,1.35,0.23,0.24,0.58,"","hasarsız skill (base_damage 0): etki hareketin kendisi; vuruş 1: 0,47s@boss2,98m/oyuncu1,29m; kalıp sonu: merkeze 3,00 m, başlangıçtan 0,00 m, kalıp simülasyonundan 0,00 m"
10-12,"Akan Yansı","Yumruk","basili_siper",1,1,1,1,1,1,1,1,1,"ön","ön",0.00,"",2.20,1.35,2.99,3.00,3.34,"","hasarsız skill (base_damage 0): etki hareketin kendisi; vuruş 3: 1,09s@boss0,42m/oyuncu2,38m 2,09s@boss0,15m/oyuncu2,38m 3,09s@boss0,11m/oyuncu2,38m; kalıp sonu: merkeze 2,20 m, başlangıçtan 0,80 m, kalıp simülasyonundan 0,00 m"
11-1,"Yoğun Çağrı","Yumruk","sirt_saplama",1,1,1,1,1,1,1,1,1,"yerinde","yerinde",0.00,"",3.00,1.35,0.32,0.32,0.67,"","hasarsız skill (base_damage 0): etki hareketin kendisi; vuruş 1: 0,60s@boss0,00m/oyuncu3,00m; kalıp sonu: merkeze 3,00 m, başlangıçtan 0,00 m, kalıp simülasyonundan 0,00 m"
11-2,"Emici Çağrı","Yumruk","yapisan",1,1,1,1,1,1,1,1,1,"yerinde","yerinde",0.00,"",3.00,1.35,5.17,5.18,5.52,"","hasarsız skill (base_damage 0): etki hareketin kendisi; vuruş 6: 0,50s@boss0,20m/oyuncu3,20m 1,52s@boss0,00m/oyuncu3,00m 2,52s@boss0,00m/oyuncu3,00m 3,52s@boss0,00m/oyuncu3,00m 4,52s@boss0,00m/oyuncu3,00m 5,52s@boss0,00m/oyuncu3,00m; kalıp sonu: merkeze 3,00 m, başlangıçtan 0,00 m, kalıp simülasyonundan 0,00 m"
11-3,"Sıçrayan Çağrı","Yumruk","seken_yaratik",1,1,1,1,1,1,1,1,1,"yerinde","yerinde",0.00,"",3.00,1.35,0.63,0.64,0.98,"","hasarsız skill (base_damage 0): etki hareketin kendisi; vuruş 3: 0,58s@boss0,00m/oyuncu3,00m 0,73s@boss0,35m/oyuncu3,02m 0,90s@boss0,35m/oyuncu3,02m; kalıp sonu: merkeze 3,00 m, başlangıçtan 0,00 m, kalıp simülasyonundan 0,00 m"
11-10,"Aynalı Çağrı","Yumruk","takim_kapisi",1,1,1,1,1,1,1,1,1,"yerinde","yerinde",0.00,"",3.00,1.35,1.24,1.24,1.59,"","hasarsız skill (base_damage 0): etki hareketin kendisi; vuruş 1: 0,47s@boss3,00m/oyuncu0,00m; kalıp sonu: merkeze 3,00 m, başlangıçtan 0,00 m, kalıp simülasyonundan 0,00 m"
11-11,"Kopya Çağrı","Yumruk","ayna_klonlar",1,1,1,1,1,1,1,1,1,"yerinde","yerinde",0.00,"",3.00,1.35,0.48,0.50,0.83,"","hasarsız skill (base_damage 0): etki hareketin kendisi; vuruş 2: 0,58s@boss2,93m/oyuncu1,41m 0,75s@boss2,93m/oyuncu1,41m; kalıp sonu: merkeze 3,00 m, başlangıçtan 0,00 m, kalıp simülasyonundan 0,00 m"
11-12,"Akan Çağrı","Yumruk","kapidan_akin",1,1,1,1,1,1,1,1,1,"yerinde","yerinde",0.00,"",3.00,1.35,4.19,4.20,4.54,"","hasarsız skill (base_damage 0): etki hareketin kendisi; vuruş 6: 0,54s@boss0,85m/oyuncu2,15m 1,34s@boss0,00m/oyuncu3,00m 2,14s@boss0,00m/oyuncu3,00m 2,94s@boss0,00m/oyuncu3,00m 3,74s@boss0,00m/oyuncu3,00m 4,54s@boss0,00m/oyuncu3,00m; kalıp sonu: merkeze 3,00 m, başlangıçtan 0,00 m, kalıp simülasyonundan 0,00 m"
12-1,"Yoğun Zaman","Yumruk","zamanli_donma",1,1,1,1,1,1,1,1,1,"ön","ön",0.00,"boss:Slow, boss hız x0,70",1.50,1.35,0.50,0.50,0.85,"0/10 kare koşu","vuruş 1: 0,78s@boss0,70m/oyuncu1,28m; kalıp sonu: merkeze 1,50 m, başlangıçtan 1,50 m, kalıp simülasyonundan 0,00 m"
12-2,"Emici Zaman","Yumruk","ceken_girdap",1,1,1,1,1,1,1,1,1,"yerinde","yerinde",0.00,"boss:Slow, oyuncu:Haste, boss hız x0,70, oyuncu hız x1,30",3.00,1.35,1.31,1.32,1.66,"","vuruş 3: 1,02s@boss0,00m/oyuncu3,00m 1,52s@boss0,00m/oyuncu3,00m 1,57s@boss0,00m/oyuncu3,00m; kalıp sonu: merkeze 3,00 m, başlangıçtan 0,00 m, kalıp simülasyonundan 0,00 m"
12-3,"Sıçrayan Zaman","Yumruk","geri_donen_kure",1,1,1,1,1,1,1,1,1,"yerinde","yerinde",0.00,"boss:Slow, boss hız x0,70",3.00,1.35,0.48,0.50,0.83,"","vuruş 2: 0,52s@boss0,30m/oyuncu3,30m 0,75s@boss0,96m/oyuncu2,04m; kalıp sonu: merkeze 3,00 m, başlangıçtan 0,00 m, kalıp simülasyonundan 0,00 m"
12-10,"Aynalı Zaman","Yumruk","boss_geri",1,1,1,1,1,1,1,1,1,"yerinde","yerinde",0.00,"boss:Slow, boss hız x0,70",3.00,1.35,0.45,0.46,0.80,"","vuruş 1: 0,53s@boss0,30m/oyuncu3,30m; kalıp sonu: merkeze 3,00 m, başlangıçtan 0,00 m, kalıp simülasyonundan 0,00 m"
12-11,"Kopya Zaman","Yumruk","geri_sarma",1,1,1,1,1,1,1,1,1,"başlangıç","başlangıç",0.00,"",1.50,1.35,2.65,2.66,3.00,"1/32 kare koşu, ayak/gövde hız oranı 1,00","hasarsız skill (base_damage 0): etki hareketin kendisi; kalıp sonu: merkeze 3,00 m, başlangıçtan 0,00 m, kalıp simülasyonundan 0,00 m"
12-12,"Akan Zaman","Yumruk","yuruyen_balon",1,1,1,1,1,1,1,1,1,"ön","ön",0.00,"boss:Slow, boss hız x0,70",1.80,1.35,4.19,4.20,4.54,"","vuruş 5: 0,43s@boss3,00m/oyuncu0,00m 1,53s@boss2,70m/oyuncu0,00m 2,54s@boss2,40m/oyuncu0,00m 3,54s@boss2,10m/oyuncu0,00m 4,54s@boss1,80m/oyuncu0,00m; kalıp sonu: merkeze 1,80 m, başlangıçtan 1,20 m, kalıp simülasyonundan 0,00 m"
4-4,"Sabit Kalkan","Yumruk","duvar_dikme",1,1,1,1,1,1,1,1,1,"yerinde","yerinde",0.00,"",3.00,1.35,0.32,0.32,0.67,"","hasarsız skill (base_damage 0): etki hareketin kendisi; vuruş 1: 0,55s@boss0,62m/oyuncu2,38m; kalıp sonu: merkeze 3,00 m, başlangıçtan 0,00 m, kalıp simülasyonundan 0,00 m"
4-5,"Yayılan Kalkan","Yumruk","onde_yelpaze",1,1,1,1,1,1,1,1,1,"yerinde","yerinde",0.00,"",3.00,1.35,0.62,0.63,0.97,"","hasarsız skill (base_damage 0): etki hareketin kendisi; vuruş 1: 0,79s@boss1,88m/oyuncu1,12m; kalıp sonu: merkeze 3,00 m, başlangıçtan 0,00 m, kalıp simülasyonundan 0,00 m"
4-6,"Bağlayıcı Kalkan","Yumruk","zincirli_firlatma",1,1,1,1,1,1,1,1,1,"ön","ön",0.00,"",1.50,1.35,0.68,0.70,1.03,"0/11 kare koşu","hasarsız skill (base_damage 0): etki hareketin kendisi; vuruş 2: 0,53s@boss0,45m/oyuncu3,45m 0,97s@boss0,73m/oyuncu1,28m; kalıp sonu: merkeze 1,50 m, başlangıçtan 1,50 m, kalıp simülasyonundan 0,00 m"
4-7,"Bulandırıcı Kalkan","Yumruk","duman_duvari",1,1,1,1,1,1,1,1,1,"yerinde","yerinde",0.00,"",2.80,1.35,0.52,0.52,0.87,"","hasarsız skill (base_damage 0): etki hareketin kendisi; vuruş 1: 0,55s@boss0,42m/oyuncu2,38m; kalıp sonu: merkeze 2,80 m, başlangıçtan 0,20 m, kalıp simülasyonundan 0,00 m"
4-8,"Yükselen Kalkan","Yumruk","yerden_buyuyen",1,1,1,1,1,1,1,1,1,"yerinde","yerinde",0.00,"",3.00,1.35,0.42,0.42,0.77,"","hasarsız skill (base_damage 0): etki hareketin kendisi; vuruş 1: 0,63s@boss6,98m/oyuncu4,35m; kalıp sonu: merkeze 3,18 m, başlangıçtan 0,25 m, kalıp simülasyonundan 0,00 m, kalıp hedefi AllyDummy"
4-9,"Odaklı Kalkan","Yumruk","koruyucu_isaret",1,1,1,1,1,1,1,1,1,"geri","geri",0.00,"",3.00,1.35,0.20,0.20,0.55,"0/12 kare koşu","hasarsız skill (base_damage 0): etki hareketin kendisi; vuruş 1: 0,48s@boss3,73m/oyuncu0,35m; kalıp sonu: merkeze 3,61 m, başlangıçtan 0,80 m, kalıp simülasyonundan 0,00 m, kalıp hedefi AllyDummy"
5-4,"Sabit Patlama","Yumruk","",0,0,0,0,0,0,0,0,0,"","",0.00,"",0.00,0.00,0.00,0.00,0.00,"","cast reddedildi: hedef/menzil kapısı"
5-5,"Yayılan Patlama","Yumruk","yer_yarigi",1,1,1,1,1,1,1,1,1,"ön","ön",152560.00,"",1.50,1.35,0.55,0.56,0.87,"0/26 kare koşu","vuruş 3: 0,58s@boss0,35m/oyuncu1,28m 0,70s@boss0,14m/oyuncu1,36m 0,83s@boss0,23m/oyuncu1,28m; kalıp sonu: merkeze 1,50 m, başlangıçtan 2,07 m, kalıp simülasyonundan 0,00 m"
5-6,"Bağlayıcı Patlama","Yumruk","gerilip_kopan",1,1,1,1,1,1,1,1,1,"geri","geri",133920.00,"boss:Root+Slow, boss hız x0,00",1.35,1.35,0.57,0.58,0.88,"0/27 kare koşu","vuruş 2: 0,47s@boss0,85m/oyuncu0,89m 0,82s@boss0,85m/oyuncu2,65m; kalıp sonu: merkeze 3,14 m, başlangıçtan 0,50 m, kalıp simülasyonundan 0,00 m, boss 0,36 m kaydı"
5-7,"Bulandırıcı Patlama","Yumruk","sis_bombasi",1,1,1,1,1,1,1,1,1,"yerinde","yerinde",137864.00,"boss:Blind",3.00,1.35,0.22,0.22,0.53,"","vuruş 1: 0,50s@boss0,35m/oyuncu3,35m; kalıp sonu: merkeze 3,00 m, başlangıçtan 0,00 m, kalıp simülasyonundan 0,00 m"
5-8,"Yükselen Patlama","Yumruk","yerden_fiskirma",1,1,1,1,1,1,1,1,1,"ön","ön",141208.00,"boss:Stun, boss hız x0,00",2.60,1.35,0.43,0.44,0.75,"","vuruş 1: 0,62s@boss0,00m/oyuncu2,78m; kalıp sonu: merkeze 2,60 m, başlangıçtan 0,40 m, kalıp simülasyonundan 0,00 m"
5-9,"Odaklı Patlama","Yumruk","gudumlu_top",1,1,1,1,1,1,1,1,1,"yerinde","yerinde",223168.00,"",3.00,1.35,0.55,0.56,0.87,"","vuruş 1: 0,78s@boss0,00m/oyuncu3,00m; kalıp sonu: merkeze 3,00 m, başlangıçtan 0,00 m, kalıp simülasyonundan 0,00 m"
6-4,"Sabit Bağ","Yumruk","karsilikli_kilit",1,1,1,1,1,1,1,1,1,"ön","ön",38928.00,"boss:Root, boss hız x0,00",1.50,1.35,3.23,3.24,3.54,"0/15 kare koşu","vuruş 1: 0,77s@boss0,40m/oyuncu1,11m; kalıp sonu: merkeze 1,50 m, başlangıçtan 1,50 m, kalıp simülasyonundan 0,00 m"
6-5,"Yayılan Bağ","Yumruk","yer_tuzagi",1,1,1,1,1,1,1,1,1,"yerinde","yerinde",34048.00,"boss:Root, boss hız x0,00",3.00,1.35,0.27,0.28,0.58,"","vuruş 1: 0,48s@boss0,62m/oyuncu2,38m; kalıp sonu: merkeze 3,00 m, başlangıçtan 0,00 m, kalıp simülasyonundan 0,00 m"
6-6,"Bağlayıcı Bağ","Yumruk","iki_uclu",1,1,1,1,1,1,1,1,1,"yerinde","yerinde",37344.00,"boss:Root+Slow, boss hız x0,00",3.00,1.35,0.63,0.65,0.95,"","vuruş 1: 0,48s@boss0,28m/oyuncu3,28m; kalıp sonu: merkeze 3,00 m, başlangıçtan 0,00 m, kalıp simülasyonundan 0,00 m"
6-7,"Bulandırıcı Bağ","Yumruk","goz_bagi",1,1,1,1,1,1,1,1,1,"yerinde","yerinde",38472.00,"boss:Blind+Root, boss hız x0,00",3.00,1.35,0.18,0.20,0.50,"","vuruş 1: 0,48s@boss0,28m/oyuncu3,28m; kalıp sonu: merkeze 3,00 m, başlangıçtan 0,00 m, kalıp simülasyonundan 0,00 m"
6-8,"Yükselen Bağ","Yumruk","havada_asma",1,1,1,1,1,1,1,1,1,"ön","ön",43560.00,"boss:Root, boss hız x0,00",1.50,1.35,1.14,1.14,1.44,"0/21 kare koşu","vuruş 1: 0,79s@boss1,50m/oyuncu0,00m; kalıp sonu: merkeze 1,50 m, başlangıçtan 1,50 m, kalıp simülasyonundan 0,00 m"
6-9,"Odaklı Bağ","Yumruk","zamanli_donma",1,1,1,1,1,1,1,1,1,"ön","ön",62208.00,"boss:Root, boss hız x0,00",1.50,1.35,0.50,0.50,0.82,"0/10 kare koşu","vuruş 1: 0,75s@boss0,70m/oyuncu1,28m; kalıp sonu: merkeze 1,50 m, başlangıçtan 1,50 m, kalıp simülasyonundan 0,00 m"
7-4,"Sabit Zafiyet","Yumruk","",0,0,0,0,0,0,0,0,0,"","",0.00,"",0.00,0.00,0.00,0.00,0.00,"","cast reddedildi: hedef/menzil kapısı"
7-5,"Yayılan Zafiyet","Yumruk","onde_yelpaze",1,1,1,1,1,1,1,1,1,"yerinde","yerinde",10768.00,"",3.00,1.35,0.62,0.63,0.97,"","vuruş 1: 0,80s@boss1,88m/oyuncu1,12m; kalıp sonu: merkeze 3,00 m, başlangıçtan 0,00 m, kalıp simülasyonundan 0,00 m"
7-6,"Bağlayıcı Zafiyet","Yumruk","dost_ip",1,1,1,1,1,1,1,1,1,"yerinde","yerinde",14496.00,"boss:Root+Slow, boss hız x0,00",3.00,1.35,0.60,0.62,0.95,"","vuruş 1: 0,53s@boss0,28m/oyuncu3,28m; kalıp sonu: merkeze 3,00 m, başlangıçtan 0,00 m, kalıp simülasyonundan 0,00 m"
8-4,"Sabit Yükseliş","Yumruk","totem_dikme",1,1,1,1,1,1,1,1,1,"yerinde","yerinde",0.00,"",3.00,1.35,0.28,0.30,0.63,"","hasarsız skill (base_damage 0): etki hareketin kendisi; vuruş 1: 0,60s@boss3,10m/oyuncu0,00m; kalıp sonu: merkeze 3,11 m, başlangıçtan 0,15 m, kalıp simülasyonundan 0,00 m, kalıp hedefi AllyDummy"
8-5,"Yayılan Yükseliş","Yumruk","savas_narasi",1,1,1,1,1,1,1,1,1,"yerinde","yerinde",0.00,"",3.00,1.35,0.35,0.36,0.70,"","hasarsız skill (base_damage 0): etki hareketin kendisi; vuruş 1: 0,53s@boss3,00m/oyuncu0,00m; kalıp sonu: merkeze 3,00 m, başlangıçtan 0,00 m, kalıp simülasyonundan 0,00 m"
8-6,"Bağlayıcı Yükseliş","Yumruk","dost_dosta",1,1,1,1,1,1,1,1,1,"yan","yan",0.00,"",2.38,1.35,0.52,0.52,0.87,"0/13 kare koşu","hasarsız skill (base_damage 0): etki hareketin kendisi; vuruş 3: 0,42s@boss4,05m/oyuncu1,22m 0,62s@boss2,68m/oyuncu1,41m 0,78s@boss4,76m/oyuncu2,38m; kalıp sonu: merkeze 2,38 m, başlangıçtan 1,41 m, kalıp simülasyonundan 0,00 m, kalıp hedefi AllyDummy"
9-4,"Sabit Arınma","Yumruk","yer_tuzagi",1,1,1,1,1,1,1,1,1,"yerinde","yerinde",0.00,"oyuncu +20000 can",3.00,1.35,0.27,0.28,0.62,"","vuruş 1: 0,54s@boss0,62m/oyuncu2,38m; kalıp sonu: merkeze 3,00 m, başlangıçtan 0,00 m, kalıp simülasyonundan 0,00 m"
9-5,"Yayılan Arınma","Yumruk","dagilan_yagmur",1,1,1,1,1,1,1,1,1,"yerinde","yerinde",0.00,"oyuncu +20000 can",3.00,1.35,0.57,0.58,0.92,"","vuruş 1: 0,75s@boss3,00m/oyuncu0,00m; kalıp sonu: merkeze 3,00 m, başlangıçtan 0,00 m, kalıp simülasyonundan 0,00 m, kalıp hedefi AllyDummy"
9-6,"Bağlayıcı Arınma","Yumruk","iki_uclu",1,1,1,1,1,1,1,1,1,"yerinde","yerinde",0.00,"oyuncu +20000 can",3.00,1.35,0.63,0.65,0.98,"","vuruş 1: 0,52s@boss6,11m/oyuncu3,61m; kalıp sonu: merkeze 3,00 m, başlangıçtan 0,00 m, kalıp simülasyonundan 0,00 m, kalıp hedefi AllyDummy"
4-10,"Aynalı Kalkan","Yumruk","sirtta_kapi",1,1,1,1,1,1,1,1,1,"ön","ön",24000.00,"",1.80,1.35,0.32,0.32,0.67,"0/11 kare koşu","vuruş 2: 0,46s@boss0,95m/oyuncu1,19m 0,58s@boss0,55m/oyuncu2,35m; kalıp sonu: merkeze 1,80 m, başlangıçtan 1,20 m, kalıp simülasyonundan 0,00 m"
4-11,"Kopya Kalkan","Yumruk","yem_kopya",1,1,1,1,1,1,1,1,1,"yerinde","yerinde",0.00,"",3.00,1.35,0.23,0.24,0.58,"","hasarsız skill (base_damage 0): etki hareketin kendisi; vuruş 1: 0,47s@boss2,98m/oyuncu1,29m; kalıp sonu: merkeze 3,00 m, başlangıçtan 0,00 m, kalıp simülasyonundan 0,00 m"
4-12,"Akan Kalkan","Yumruk","basili_siper",1,1,1,1,1,1,1,1,1,"geri","geri",0.00,"",3.00,1.35,2.99,3.00,3.34,"","hasarsız skill (base_damage 0): etki hareketin kendisi; vuruş 3: 1,10s@boss5,16m/oyuncu2,38m 2,08s@boss5,40m/oyuncu2,38m 3,09s@boss5,65m/oyuncu2,38m; kalıp sonu: merkeze 3,61 m, başlangıçtan 0,80 m, kalıp simülasyonundan 0,00 m, kalıp hedefi AllyDummy"
5-10,"Aynalı Patlama","Yumruk","karsi_darbe",1,1,1,1,1,1,1,1,1,"ön","ön",140928.00,"",1.70,1.35,0.35,0.36,0.67,"0/9 kare koşu","vuruş 1: 0,60s@boss0,83m/oyuncu1,36m; kalıp sonu: merkeze 1,70 m, başlangıçtan 1,30 m, kalıp simülasyonundan 0,00 m"
5-11,"Kopya Patlama","Yumruk","golge_yankisi",1,1,1,1,1,1,1,1,1,"ön","ön",133208.00,"",2.10,1.35,0.50,0.50,0.81,"0/10 kare koşu","vuruş 2: 0,41s@boss1,20m/oyuncu1,15m 0,72s@boss1,95m/oyuncu1,39m; kalıp sonu: merkeze 2,10 m, başlangıçtan 0,90 m, kalıp simülasyonundan 0,00 m"
5-12,"Akan Patlama","Yumruk","patlayan_iz",1,1,1,1,1,1,1,1,1,"ön","ön",109192.00,"",1.50,1.35,2.99,3.00,3.31,"","vuruş 6: 0,77s@boss1,13m/oyuncu1,53m 1,27s@boss0,76m/oyuncu1,53m 1,76s@boss0,40m/oyuncu1,53m 2,26s@boss0,03m/oyuncu1,53m 2,76s@boss0,03m/oyuncu1,53m 3,27s@boss0,03m/oyuncu1,53m; kalıp sonu: merkeze 1,50 m, başlangıçtan 1,50 m, kalıp simülasyonundan 0,00 m"
6-10,"Aynalı Bağ","Yumruk","karsi_darbe",1,1,1,1,1,1,1,1,1,"ön","ön",38888.00,"boss:Root, boss hız x0,00",1.70,1.35,0.35,0.36,0.67,"0/9 kare koşu","vuruş 1: 0,60s@boss0,81m/oyuncu1,36m; kalıp sonu: merkeze 1,70 m, başlangıçtan 1,30 m, kalıp simülasyonundan 0,00 m"
6-11,"Kopya Bağ","Yumruk","onden_arkadan",1,1,1,1,1,1,1,1,1,"ön","ön",38656.00,"boss:Root, boss hız x0,00",2.10,1.35,0.33,0.34,0.64,"0/10 kare koşu","vuruş 2: 0,42s@boss1,18m/oyuncu1,11m 0,52s@boss0,60m/oyuncu2,70m; kalıp sonu: merkeze 2,10 m, başlangıçtan 0,90 m, kalıp simülasyonundan 0,00 m"
6-12,"Akan Bağ","Yumruk","cember_sarma",1,1,1,1,1,1,1,1,1,"arka","arka",17928.00,"boss:Root, boss hız x0,00",1.50,1.35,0.88,0.90,1.20,"0/45 kare koşu","vuruş 1: 1,12s@boss0,00m/oyuncu2,06m; kalıp sonu: merkeze 2,06 m, başlangıçtan 4,59 m, kalıp simülasyonundan 0,00 m"
10-4,"Sabit Yansı","Yumruk","duvar_dikme",1,1,1,1,1,1,1,1,1,"yerinde","yerinde",0.00,"",3.00,1.35,0.31,0.32,0.66,"","hasarsız skill (base_damage 0): etki hareketin kendisi; vuruş 1: 0,55s@boss0,62m/oyuncu2,38m; kalıp sonu: merkeze 3,00 m, başlangıçtan 0,00 m, kalıp simülasyonundan 0,00 m"
10-5,"Yayılan Yansı","Yumruk","yuruyen_balon",1,1,1,1,1,1,1,1,1,"ön","ön",0.00,"",1.80,1.35,4.19,4.20,4.54,"","hasarsız skill (base_damage 0): etki hareketin kendisi; vuruş 5: 0,43s@boss3,00m/oyuncu0,00m 1,55s@boss2,69m/oyuncu0,00m 2,55s@boss2,39m/oyuncu0,00m 3,54s@boss2,10m/oyuncu0,00m 4,54s@boss1,80m/oyuncu0,00m; kalıp sonu: merkeze 1,80 m, başlangıçtan 1,20 m, kalıp simülasyonundan 0,00 m"
10-6,"Bağlayıcı Yansı","Yumruk","silaha_kement",1,1,1,1,1,1,1,1,1,"yerinde","yerinde",0.00,"boss:Root+Slow, boss hız x0,00",3.00,1.35,0.94,0.94,1.29,"","vuruş 1: 0,53s@boss0,40m/oyuncu3,40m; kalıp sonu: merkeze 3,00 m, başlangıçtan 0,00 m, kalıp simülasyonundan 0,00 m"
11-4,"Sabit Çağrı","Yumruk","taret_dikme",1,1,1,1,1,1,1,1,1,"yerinde","yerinde",0.00,"",3.00,1.35,0.42,0.42,0.77,"","hasarsız skill (base_damage 0): etki hareketin kendisi; vuruş 2: 0,47s@boss3,00m/oyuncu0,00m 0,72s@boss0,21m/oyuncu3,21m; kalıp sonu: merkeze 3,00 m, başlangıçtan 0,00 m, kalıp simülasyonundan 0,00 m"
11-5,"Yayılan Çağrı","Yumruk","dagilan_suru",1,1,1,1,1,1,1,1,1,"yerinde","yerinde",0.00,"",3.00,1.35,0.42,0.42,0.77,"","hasarsız skill (base_damage 0): etki hareketin kendisi; vuruş 3: 0,42s@boss0,35m/oyuncu3,02m 0,55s@boss0,00m/oyuncu3,00m 0,70s@boss0,35m/oyuncu3,02m; kalıp sonu: merkeze 3,00 m, başlangıçtan 0,00 m, kalıp simülasyonundan 0,00 m"
11-6,"Bağlayıcı Çağrı","Yumruk","muhafiz",1,1,1,1,1,1,1,1,1,"yerinde","yerinde",0.00,"",3.00,1.35,0.52,0.52,0.87,"","hasarsız skill (base_damage 0): etki hareketin kendisi; vuruş 1: 0,48s@boss2,89m/oyuncu1,20m; kalıp sonu: merkeze 3,00 m, başlangıçtan 0,00 m, kalıp simülasyonundan 0,00 m"
12-4,"Sabit Zaman","Yumruk","totem_dikme",1,1,1,1,1,1,1,1,1,"yerinde","yerinde",0.00,"boss:Slow+Stun, boss hız x0,00",2.85,1.35,0.30,0.30,0.65,"","vuruş 1: 0,60s@boss2,87m/oyuncu0,00m; kalıp sonu: merkeze 2,85 m, başlangıçtan 0,15 m, kalıp simülasyonundan 0,00 m"
12-5,"Yayılan Zaman","Yumruk","genisleyen_halka",1,1,1,1,1,1,1,1,1,"yerinde","yerinde",0.00,"boss:Slow, boss hız x0,70",3.00,1.35,0.57,0.58,0.90,"","vuruş 1: 0,79s@boss3,00m/oyuncu0,00m; kalıp sonu: merkeze 3,00 m, başlangıçtan 0,00 m, kalıp simülasyonundan 0,00 m"
12-6,"Bağlayıcı Zaman","Yumruk","iki_uclu",1,1,1,1,1,1,1,1,1,"yerinde","yerinde",0.00,"oyuncu:Haste, oyuncu hız x1,30",3.00,1.35,0.65,0.65,1.00,"","vuruş 1: 0,52s@boss0,28m/oyuncu3,28m; kalıp sonu: merkeze 3,00 m, başlangıçtan 0,00 m, kalıp simülasyonundan 0,00 m"
7-7,"Bulandırıcı Zafiyet","Yumruk","sis_bombasi",1,1,1,1,1,1,1,1,1,"yerinde","yerinde",13320.00,"boss:Blind",3.00,1.35,0.22,0.22,0.57,"","vuruş 1: 0,53s@boss0,35m/oyuncu3,35m; kalıp sonu: merkeze 3,00 m, başlangıçtan 0,00 m, kalıp simülasyonundan 0,00 m"
7-8,"Yükselen Zafiyet","Yumruk","yerden_fiskirma",1,1,1,1,1,1,1,1,1,"ön","ön",13656.00,"boss:Stun, boss hız x0,00",2.60,1.35,0.43,0.44,0.78,"","vuruş 1: 0,65s@boss0,00m/oyuncu2,78m; kalıp sonu: merkeze 2,60 m, başlangıçtan 0,40 m, kalıp simülasyonundan 0,00 m"
7-9,"Odaklı Zafiyet","Yumruk","isaret_patlamasi",1,1,1,1,1,1,1,1,1,"yerinde","yerinde",31528.00,"",3.00,1.35,1.90,1.92,2.25,"","vuruş 1: 2,20s@boss0,00m/oyuncu3,00m; kalıp sonu: merkeze 3,00 m, başlangıçtan 0,00 m, kalıp simülasyonundan 0,00 m"
7-10,"Aynalı Zafiyet","Yumruk","onden_arkadan",1,1,1,1,1,1,1,1,1,"ön","ön",21040.00,"",2.10,1.35,0.33,0.34,0.68,"0/10 kare koşu","vuruş 2: 0,45s@boss1,24m/oyuncu1,11m 0,57s@boss0,60m/oyuncu2,70m; kalıp sonu: merkeze 2,10 m, başlangıçtan 0,90 m, kalıp simülasyonundan 0,00 m"
7-11,"Kopya Zafiyet","Yumruk","golge_yankisi",1,1,1,1,1,1,1,1,1,"ön","ön",17080.00,"",2.10,1.35,0.48,0.50,0.83,"0/10 kare koşu","vuruş 2: 0,45s@boss1,20m/oyuncu1,15m 0,77s@boss1,95m/oyuncu1,39m; kalıp sonu: merkeze 2,10 m, başlangıçtan 0,90 m, kalıp simülasyonundan 0,00 m"
7-12,"Akan Zafiyet","Yumruk","basili_isik",1,1,1,1,1,1,1,1,1,"ön","ön",11976.00,"",1.80,1.35,3.00,3.00,3.35,"","vuruş 6: 0,58s@boss0,18m/oyuncu2,72m 1,08s@boss0,02m/oyuncu2,72m 1,58s@boss0,22m/oyuncu2,72m 2,08s@boss0,42m/oyuncu2,72m 2,58s@boss0,62m/oyuncu2,72m 3,10s@boss0,83m/oyuncu2,72m; kalıp sonu: merkeze 1,80 m, başlangıçtan 1,20 m, kalıp simülasyonundan 0,00 m"
8-7,"Bulandırıcı Yükseliş","Yumruk","goz_bagi",1,1,1,1,1,1,1,1,1,"yerinde","yerinde",0.00,"",3.00,1.35,0.18,0.20,0.53,"","hasarsız skill (base_damage 0): etki hareketin kendisi; vuruş 1: 0,52s@boss0,28m/oyuncu3,28m; kalıp sonu: merkeze 3,00 m, başlangıçtan 0,00 m, kalıp simülasyonundan 0,00 m"
8-8,"Yükselen Yükseliş","Yumruk","buyuten_kemer",1,1,1,1,1,1,1,1,1,"yerinde","yerinde",0.00,"",3.00,1.35,0.42,0.42,0.77,"","hasarsız skill (base_damage 0): etki hareketin kendisi; vuruş 1: 0,63s@boss5,02m/oyuncu2,21m; kalıp sonu: merkeze 3,22 m, başlangıçtan 0,30 m, kalıp simülasyonundan 0,00 m, kalıp hedefi AllyDummy"
8-9,"Odaklı Yükseliş","Yumruk","gudumlu_top",1,1,1,1,1,1,1,1,1,"yerinde","yerinde",0.00,"",3.00,1.35,0.55,0.56,0.90,"","hasarsız skill (base_damage 0): etki hareketin kendisi; vuruş 1: 0,82s@boss6,98m/oyuncu4,53m; kalıp sonu: merkeze 3,00 m, başlangıçtan 0,00 m, kalıp simülasyonundan 0,00 m, kalıp hedefi AllyDummy"
8-10,"Aynalı Yükseliş","Yumruk","ters_es",1,1,1,1,1,1,1,1,1,"yerinde","yerinde",0.00,"",3.00,1.35,0.43,0.44,0.78,"","hasarsız skill (base_damage 0): etki hareketin kendisi; vuruş 2: 0,48s@boss2,60m/oyuncu0,40m 0,68s@boss0,00m/oyuncu3,00m; kalıp sonu: merkeze 3,00 m, başlangıçtan 0,00 m, kalıp simülasyonundan 0,00 m"
8-11,"Kopya Yükseliş","Yumruk","golge_ulak",1,1,1,1,1,1,1,1,1,"yan","yan",0.00,"",2.43,1.35,1.36,1.36,1.71,"1/10 kare koşu, ayak/gövde hız oranı 1,00","hasarsız skill (base_damage 0): etki hareketin kendisi; vuruş 2: 0,47s@boss3,26m/oyuncu0,35m 1,62s@boss2,87m/oyuncu1,46m; kalıp sonu: merkeze 2,43 m, başlangıçtan 1,41 m, kalıp simülasyonundan 0,00 m, kalıp hedefi AllyDummy"
8-12,"Akan Yükseliş","Yumruk","akinti_yolu",1,1,1,1,1,1,1,1,1,"geri","geri",0.00,"",3.00,1.35,0.93,0.94,1.28,"3/42 kare koşu, ayak/gövde hız oranı 1,01","hasarsız skill (base_damage 0): etki hareketin kendisi; vuruş 1: 1,15s@boss6,27m/oyuncu2,38m; kalıp sonu: merkeze 4,11 m, başlangıçtan 1,40 m, kalıp simülasyonundan 0,00 m, kalıp hedefi AllyDummy"
9-7,"Bulandırıcı Arınma","Yumruk","sis_ortusu",1,1,1,1,1,1,1,1,1,"yerinde","yerinde",0.00,"oyuncu +20000 can",3.00,1.35,0.28,0.30,0.63,"","vuruş 1: 0,52s@boss0,00m/oyuncu3,00m; kalıp sonu: merkeze 3,00 m, başlangıçtan 0,00 m, kalıp simülasyonundan 0,00 m"
9-8,"Yükselen Arınma","Yumruk","isik_sutunu",1,1,1,1,1,1,1,1,1,"yerinde","yerinde",0.00,"oyuncu +20000 can",3.00,1.35,0.47,0.48,0.82,"","vuruş 1: 0,68s@boss3,05m/oyuncu0,00m; kalıp sonu: merkeze 3,07 m, başlangıçtan 0,10 m, kalıp simülasyonundan 0,00 m, kalıp hedefi AllyDummy"
9-9,"Odaklı Arınma","Yumruk","mermi_sondur",1,1,1,1,1,1,1,1,1,"yerinde","yerinde",0.00,"oyuncu +20000 can",3.00,1.35,0.37,0.38,0.71,"","vuruş 1: 0,64s@boss6,98m/oyuncu4,53m; kalıp sonu: merkeze 3,00 m, başlangıçtan 0,00 m, kalıp simülasyonundan 0,00 m, kalıp hedefi AllyDummy"
9-10,"Aynalı Arınma","Yumruk","yer_degistir",1,1,1,1,1,1,1,1,1,"arka","arka",0.00,"oyuncu +20000 can",1.50,1.35,0.33,0.34,0.68,"0/1 kare koşu","vuruş 1: 0,62s@boss0,31m/oyuncu1,19m; kalıp sonu: merkeze 1,50 m, başlangıçtan 4,50 m, kalıp simülasyonundan 0,00 m; tek karede 4,50 m sıçrama (sınır 0,62 m @ 16 ms, t=0,45, faz degis, blink tasarım gereği)"
9-11,"Kopya Arınma","Yumruk","yem_kopya",1,1,1,1,1,1,1,1,1,"yerinde","yerinde",0.00,"oyuncu +20000 can",3.00,1.35,0.23,0.24,0.58,"","vuruş 1: 0,47s@boss2,98m/oyuncu1,29m; kalıp sonu: merkeze 3,00 m, başlangıçtan 0,00 m, kalıp simülasyonundan 0,00 m"
9-12,"Akan Arınma","Yumruk","nabiz",1,1,1,1,1,1,1,1,1,"yerinde","yerinde",0.00,"oyuncu +16000 can, dost +8000 can",3.00,1.35,3.18,3.18,3.53,"","vuruş 3: 1,52s@boss3,00m/oyuncu0,00m 2,53s@boss3,00m/oyuncu0,00m 3,53s@boss3,00m/oyuncu0,00m; kalıp sonu: merkeze 3,00 m, başlangıçtan 0,00 m, kalıp simülasyonundan 0,00 m"
10-7,"Bulandırıcı Yansı","Yumruk","sahte_goruntu",1,1,1,1,1,1,1,1,1,"geri","geri",0.00,"boss:Blind",3.00,1.35,0.43,0.44,0.78,"0/9 kare koşu","vuruş 3: 0,42s@boss3,06m/oyuncu1,37m 0,55s@boss3,06m/oyuncu1,37m 0,72s@boss3,58m/oyuncu0,00m; kalıp sonu: merkeze 3,90 m, başlangıçtan 0,90 m, kalıp simülasyonundan 0,00 m"
10-8,"Yükselen Yansı","Yumruk","yerden_buyuyen",1,1,1,1,1,1,1,1,1,"yerinde","yerinde",0.00,"",2.75,1.35,0.42,0.42,0.77,"","hasarsız skill (base_damage 0): etki hareketin kendisi; vuruş 1: 0,63s@boss0,00m/oyuncu2,82m; kalıp sonu: merkeze 2,75 m, başlangıçtan 0,25 m, kalıp simülasyonundan 0,00 m"
10-9,"Odaklı Yansı","Yumruk","koruyucu_isaret",1,1,1,1,1,1,1,1,1,"ön","ön",0.00,"",2.20,1.35,0.20,0.20,0.55,"3/12 kare koşu, ayak/gövde hız oranı 0,93","hasarsız skill (base_damage 0): etki hareketin kendisi; vuruş 1: 0,48s@boss2,05m/oyuncu0,35m; kalıp sonu: merkeze 2,20 m, başlangıçtan 0,80 m, kalıp simülasyonundan 0,00 m"
11-7,"Bulandırıcı Çağrı","Yumruk","sirt_saplama",1,1,1,1,1,1,1,1,1,"yerinde","yerinde",0.00,"boss:Blind",3.00,1.35,0.32,0.32,0.67,"","vuruş 1: 0,60s@boss0,00m/oyuncu3,00m; kalıp sonu: merkeze 3,00 m, başlangıçtan 0,00 m, kalıp simülasyonundan 0,00 m"
11-8,"Yükselen Çağrı","Yumruk","dostu_yerden",1,1,1,1,1,1,1,1,1,"yan","yan",0.00,"",2.96,1.35,0.77,0.78,1.12,"0/35 kare koşu","hasarsız skill (base_damage 0): etki hareketin kendisi; vuruş 1: 0,97s@boss2,81m/oyuncu0,95m; kalıp sonu: merkeze 2,99 m, başlangıçtan 0,91 m, kalıp simülasyonundan 0,00 m"
11-9,"Odaklı Çağrı","Yumruk","pesinden_av",1,1,1,1,1,1,1,1,1,"yerinde","yerinde",0.00,"",3.00,1.35,2.32,2.32,2.67,"","hasarsız skill (base_damage 0): etki hareketin kendisi; vuruş 1: 2,58s@boss0,00m/oyuncu3,00m; kalıp sonu: merkeze 3,00 m, başlangıçtan 0,00 m, kalıp simülasyonundan 0,00 m"
12-7,"Bulandırıcı Zaman","Yumruk","kum_saati",1,1,1,1,1,1,1,1,1,"yerinde","yerinde",0.00,"boss:Blind+Slow, boss hız x0,70",3.00,1.35,0.62,0.62,0.97,"","vuruş 1: 0,53s@boss0,28m/oyuncu3,28m; kalıp sonu: merkeze 3,00 m, başlangıçtan 0,00 m, kalıp simülasyonundan 0,00 m"
12-8,"Yükselen Zaman","Yumruk","isik_sutunu",1,1,1,1,1,1,1,1,1,"yerinde","yerinde",0.00,"oyuncu:Haste, oyuncu hız x1,50",2.90,1.35,0.47,0.48,0.82,"","vuruş 1: 0,68s@boss2,93m/oyuncu0,00m; kalıp sonu: merkeze 2,90 m, başlangıçtan 0,10 m, kalıp simülasyonundan 0,00 m"
12-9,"Odaklı Zaman","Yumruk","isaret_patlamasi",1,1,1,1,1,1,1,1,1,"yerinde","yerinde",0.00,"boss:Slow, boss hız x0,70",3.00,1.35,1.92,1.92,2.26,"","vuruş 1: 2,20s@boss0,00m/oyuncu3,00m; kalıp sonu: merkeze 3,00 m, başlangıçtan 0,00 m, kalıp simülasyonundan 0,00 m"
1-1,"Yoğun Vuruş","Kılıç","yukle_birak",1,1,1,1,1,1,1,1,1,"ön","ön",215624.00,"",1.50,1.35,0.52,0.52,0.88,"0/11 kare koşu","vuruş 1: 0,82s@boss0,38m/oyuncu1,53m; kalıp sonu: merkeze 1,50 m, başlangıçtan 1,50 m, kalıp simülasyonundan 0,00 m"
1-2,"Emici Vuruş","Kılıç","kan_ceken_pence",1,1,1,1,1,1,1,1,1,"yerinde","yerinde",150576.00,"oyuncu +45174 can",1.35,1.35,0.37,0.38,0.73,"","vuruş 3: 0,45s@boss1,65m/oyuncu1,02m 0,57s@boss1,16m/oyuncu1,02m 0,70s@boss0,61m/oyuncu1,02m; kalıp sonu: merkeze 1,49 m, başlangıçtan 0,00 m, kalıp simülasyonundan 1,50 m, boss 1,51 m kaydı"
1-3,"Sıçrayan Vuruş","Kılıç","yan_yan_sekme",1,1,1,1,1,1,1,1,1,"geri","geri",205480.00,"",2.85,1.35,0.45,0.46,0.82,"0/27 kare koşu","vuruş 2: 0,48s@boss0,74m/oyuncu3,52m 0,77s@boss0,74m/oyuncu4,12m; kalıp sonu: merkeze 3,70 m, başlangıçtan 1,30 m, kalıp simülasyonundan 0,00 m"
1-4,"Sabit Vuruş","Kılıç","yere_cakilan",1,1,1,1,1,1,1,1,1,"yerinde","yerinde",233840.00,"",2.80,1.35,0.42,0.42,0.78,"","vuruş 1: 0,73s@boss2,82m/oyuncu0,00m; kalıp sonu: merkeze 2,80 m, başlangıçtan 0,20 m, kalıp simülasyonundan 0,00 m"
1-5,"Yayılan Vuruş","Kılıç","donen_kesik",1,1,1,1,1,1,1,1,1,"yerinde","yerinde",136496.00,"",3.00,1.35,0.53,0.55,0.90,"","vuruş 1: 0,60s@boss3,00m/oyuncu0,00m; kalıp sonu: merkeze 3,00 m, başlangıçtan 0,00 m, kalıp simülasyonundan 0,00 m"
1-6,"Bağlayıcı Vuruş","Kılıç","zincirli_firlatma",1,1,1,1,1,1,1,1,1,"ön","ön",196256.00,"boss:Root+Slow, boss hız x0,00",1.50,1.35,0.68,0.70,1.05,"0/11 kare koşu","vuruş 2: 0,55s@boss0,45m/oyuncu3,45m 0,98s@boss0,72m/oyuncu1,28m; kalıp sonu: merkeze 1,50 m, başlangıçtan 1,50 m, kalıp simülasyonundan 0,00 m"
2-1,"Yoğun Şifa","Kılıç","tek_dokunus",1,1,1,1,1,1,1,1,1,"geri","geri",0.00,"oyuncu +112000 can",3.00,1.35,0.15,0.16,0.57,"0/9 kare koşu","vuruş 1: 0,52s@boss3,84m/oyuncu0,68m; kalıp sonu: merkeze 3,41 m, başlangıçtan 0,55 m, kalıp simülasyonundan 0,00 m, kalıp hedefi AllyDummy"
2-2,"Emici Şifa","Kılıç","uzaktan_emme",1,1,1,1,1,1,1,1,1,"yerinde","yerinde",53192.00,"oyuncu +56000 can, dost +56000 can",2.65,1.35,2.16,2.16,2.57,"","vuruş 4: 1,07s@boss0,19m/oyuncu2,72m 1,57s@boss0,10m/oyuncu2,72m 2,07s@boss0,02m/oyuncu2,72m 2,57s@boss0,07m/oyuncu2,72m; kalıp sonu: merkeze 2,65 m, başlangıçtan 0,35 m, kalıp simülasyonundan 0,00 m"
2-3,"Sıçrayan Şifa","Kılıç","dosttan_dosta",1,1,1,1,1,1,1,1,1,"yerinde","yerinde",0.00,"oyuncu +40000 can, dost +72000 can",3.00,1.35,0.53,0.54,0.95,"","vuruş 3: 0,57s@boss6,17m/oyuncu3,68m 0,67s@boss6,98m/oyuncu4,53m 0,87s@boss6,88m/oyuncu4,54m; kalıp sonu: merkeze 3,00 m, başlangıçtan 0,00 m, kalıp simülasyonundan 0,00 m, kalıp hedefi AllyDummy"
2-4,"Sabit Şifa","Kılıç","totem_dikme",1,1,1,1,1,1,1,1,1,"yerinde","yerinde",0.00,"oyuncu +112000 can",3.00,1.35,0.30,0.30,0.72,"","vuruş 1: 0,67s@boss3,10m/oyuncu0,00m; kalıp sonu: merkeze 3,11 m, başlangıçtan 0,15 m, kalıp simülasyonundan 0,00 m, kalıp hedefi AllyDummy"
2-5,"Yayılan Şifa","Kılıç","genisleyen_halka",1,1,1,1,1,1,1,1,1,"yerinde","yerinde",0.00,"oyuncu +112000 can",3.00,1.35,0.56,0.58,0.98,"","vuruş 1: 0,87s@boss3,00m/oyuncu0,00m; kalıp sonu: merkeze 3,00 m, başlangıçtan 0,00 m, kalıp simülasyonundan 0,00 m"
2-6,"Bağlayıcı Şifa","Kılıç","dostu_kanca",1,1,1,1,1,1,1,1,1,"geri","geri",0.00,"oyuncu +112000 can",3.00,1.35,0.52,0.52,0.93,"0/21 kare koşu","vuruş 1: 0,87s@boss5,79m/oyuncu0,40m; kalıp sonu: merkeze 5,92 m, başlangıçtan 3,40 m, kalıp simülasyonundan 0,00 m, kalıp hedefi AllyDummy"
3-1,"Yoğun Adım","Kılıç","isinlan_kes",1,1,1,1,1,1,1,1,1,"arka","arka",0.00,"",1.50,1.35,0.47,0.48,0.83,"0/1 kare koşu","hasarsız skill (base_damage 0): etki hareketin kendisi; vuruş 1: 0,78s@boss0,00m/oyuncu1,50m; kalıp sonu: merkeze 1,50 m, başlangıçtan 4,50 m, kalıp simülasyonundan 0,00 m; tek karede 4,50 m sıçrama (sınır 0,62 m @ 16 ms, t=0,73, faz isin, blink tasarım gereği)"
3-2,"Emici Adım","Kılıç","icinden_emme",1,1,1,1,1,1,1,1,1,"arka","arka",0.00,"",0.10,1.35,0.27,0.28,0.63,"0/16 kare koşu","hasarsız skill (base_damage 0): etki hareketin kendisi; vuruş 1: 0,52s@boss0,98m/oyuncu1,36m; kalıp sonu: merkeze 2,65 m, başlangıçtan 5,51 m, kalıp simülasyonundan 0,14 m, boss 0,14 m kaydı; gövdeye girdi: merkeze 0,10 m (t=0,50, temas 1,35) geçiş tasarım gereği"
3-3,"Sıçrayan Adım","Kılıç","sekmeli_ziplama",1,1,1,1,1,1,1,1,1,"arka","arka",0.00,"",1.50,1.35,0.58,0.60,0.95,"0/33 kare koşu","hasarsız skill (base_damage 0): etki hareketin kendisi; vuruş 3: 0,50s@boss2,06m/oyuncu0,00m 0,70s@boss1,50m/oyuncu0,00m 0,90s@boss1,50m/oyuncu0,00m; kalıp sonu: merkeze 1,50 m, başlangıçtan 4,50 m, kalıp simülasyonundan 0,00 m"
3-4,"Sabit Adım","Kılıç","geri_sarma",1,1,1,1,1,1,1,1,1,"başlangıç","başlangıç",0.00,"",1.50,1.35,2.66,2.66,3.02,"1/32 kare koşu, ayak/gövde hız oranı 1,00","hasarsız skill (base_damage 0): etki hareketin kendisi; kalıp sonu: merkeze 3,00 m, başlangıçtan 0,00 m, kalıp simülasyonundan 0,00 m"
3-5,"Yayılan Adım","Kılıç","dalis_patlamasi",1,1,1,1,1,1,1,1,1,"ön","ön",0.00,"",1.50,1.35,0.42,0.42,0.78,"0/16 kare koşu","hasarsız skill (base_damage 0): etki hareketin kendisi; vuruş 1: 0,67s@boss1,50m/oyuncu0,00m; kalıp sonu: merkeze 1,50 m, başlangıçtan 1,50 m, kalıp simülasyonundan 0,00 m"
3-6,"Bağlayıcı Adım","Kılıç","kanca_cekis",1,1,1,1,1,1,1,1,1,"arka","arka",0.00,"boss:Root+Slow, boss hız x0,00",1.50,1.35,0.73,0.74,1.11,"0/35 kare koşu","vuruş 1: 1,02s@boss0,00m/oyuncu1,50m; kalıp sonu: merkeze 1,50 m, başlangıçtan 4,50 m, kalıp simülasyonundan 0,00 m"
4-1,"Yoğun Kalkan","Kılıç","tam_zamanli",1,1,1,1,1,1,1,1,1,"yerinde","yerinde",0.00,"",3.00,1.35,0.50,0.50,0.92,"","hasarsız skill (base_damage 0): etki hareketin kendisi; vuruş 1: 0,77s@boss0,62m/oyuncu2,38m; kalıp sonu: merkeze 3,00 m, başlangıçtan 0,00 m, kalıp simülasyonundan 0,00 m"
4-2,"Emici Kalkan","Kılıç","kalkan_calma",1,1,1,1,1,1,1,1,1,"yerinde","yerinde",76000.00,"",1.35,1.35,0.18,0.20,0.59,"","vuruş 1: 0,52s@boss1,24m/oyuncu1,28m; kalıp sonu: merkeze 2,24 m, başlangıçtan 0,00 m, kalıp simülasyonundan 1,50 m, boss 0,76 m kaydı"
4-3,"Sıçrayan Kalkan","Kılıç","seken_disk",1,1,1,1,1,1,1,1,1,"yerinde","yerinde",0.00,"",3.00,1.35,0.42,0.42,0.83,"","hasarsız skill (base_damage 0): etki hareketin kendisi; vuruş 2: 0,58s@boss0,30m/oyuncu3,30m 0,72s@boss3,04m/oyuncu1,43m; kalıp sonu: merkeze 3,00 m, başlangıçtan 0,00 m, kalıp simülasyonundan 0,00 m"
5-1,"Yoğun Patlama","Kılıç","saplanan_fitil",1,1,1,1,1,1,1,1,1,"geri","geri",150760.00,"",2.32,1.35,1.61,1.62,1.97,"0/23 kare koşu","vuruş 2: 0,48s@boss0,85m/oyuncu1,52m 1,97s@boss0,85m/oyuncu2,95m; kalıp sonu: merkeze 3,80 m, başlangıçtan 0,80 m, kalıp simülasyonundan 0,00 m"
5-2,"Emici Patlama","Kılıç","ceken_girdap",1,1,1,1,1,1,1,1,1,"yerinde","yerinde",105264.00,"oyuncu +31578 can",1.35,1.35,1.32,1.32,1.68,"","vuruş 3: 1,03s@boss0,00m/oyuncu1,35m 1,53s@boss0,00m/oyuncu1,35m 1,60s@boss0,00m/oyuncu1,35m; kalıp sonu: merkeze 1,35 m, başlangıçtan 0,00 m, kalıp simülasyonundan 0,00 m, boss 1,65 m kaydı"
5-3,"Sıçrayan Patlama","Kılıç","seken_bomba",1,1,1,1,1,1,1,1,1,"yerinde","yerinde",113176.00,"",3.00,1.35,0.57,0.58,0.93,"","vuruş 3: 0,52s@boss0,40m/oyuncu3,40m 0,63s@boss0,00m/oyuncu3,00m 0,83s@boss0,35m/oyuncu3,02m; kalıp sonu: merkeze 3,00 m, başlangıçtan 0,00 m, kalıp simülasyonundan 0,00 m"
6-1,"Yoğun Bağ","Kılıç","sinir_noktasi",1,1,1,1,1,1,1,1,1,"ön","ön",34648.00,"boss:Stun, boss hız x0,00",1.50,1.35,0.33,0.34,0.75,"0/13 kare koşu","vuruş 1: 0,70s@boss0,91m/oyuncu0,59m; kalıp sonu: merkeze 1,50 m, başlangıçtan 1,50 m, kalıp simülasyonundan 0,00 m"
6-2,"Emici Bağ","Kılıç","bossu_cek",1,1,1,1,1,1,1,1,1,"geri","geri",25096.00,"boss:Root, boss hız x0,00, oyuncu +7528 can",1.35,1.35,0.43,0.44,0.85,"0/17 kare koşu","vuruş 1: 0,70s@boss1,27m/oyuncu1,36m; kalıp sonu: merkeze 2,81 m, başlangıçtan 1,60 m, kalıp simülasyonundan 0,00 m, boss 1,79 m kaydı"
6-3,"Sıçrayan Bağ","Kılıç","basip_sekme",1,1,1,1,1,1,1,1,1,"başlangıç","başlangıç",24608.00,"boss:Root, boss hız x0,00",1.51,1.35,0.52,0.52,0.93,"0/31 kare koşu","vuruş 1: 0,68s@boss1,58m/oyuncu0,00m; kalıp sonu: merkeze 3,20 m, başlangıçtan 0,20 m, kalıp simülasyonundan 0,00 m"
1-7,"Bulandırıcı Vuruş","Kılıç","dumandan_cikis",1,1,1,1,1,1,1,1,1,"ön","ön",237720.00,"boss:Blind",1.50,1.35,0.47,0.48,0.83,"0/12 kare koşu","vuruş 1: 0,75s@boss0,74m/oyuncu1,36m; kalıp sonu: merkeze 1,50 m, başlangıçtan 1,50 m, kalıp simülasyonundan 0,00 m"
1-8,"Yükselen Vuruş","Kılıç","havaya_kaldirma",1,1,1,1,1,1,1,1,1,"ön","ön",179496.00,"boss:Stun, boss hız x0,00",1.90,1.35,0.33,0.34,0.69,"0/20 kare koşu","vuruş 1: 0,49s@boss1,24m/oyuncu1,28m; kalıp sonu: merkeze 1,90 m, başlangıçtan 1,10 m, kalıp simülasyonundan 0,00 m"
1-9,"Odaklı Vuruş","Kılıç","isarete_vur",1,1,1,1,1,1,1,1,1,"ön","ön",424712.00,"",1.65,1.35,0.37,0.38,0.73,"0/9 kare koşu","vuruş 1: 0,67s@boss0,91m/oyuncu1,28m; kalıp sonu: merkeze 1,65 m, başlangıçtan 1,35 m, kalıp simülasyonundan 0,00 m"
2-7,"Bulandırıcı Şifa","Kılıç","sis_ortusu",1,1,1,1,1,1,1,1,1,"yerinde","yerinde",0.00,"oyuncu +112000 can",3.00,1.35,0.27,0.30,0.69,"","vuruş 1: 0,57s@boss0,00m/oyuncu3,00m; kalıp sonu: merkeze 3,00 m, başlangıçtan 0,00 m, kalıp simülasyonundan 0,00 m"
2-8,"Yükselen Şifa","Kılıç","yerden_buyuyen",1,1,1,1,1,1,1,1,1,"yerinde","yerinde",0.00,"oyuncu +112000 can",3.00,1.35,0.42,0.42,0.82,"","vuruş 1: 0,69s@boss6,98m/oyuncu4,35m; kalıp sonu: merkeze 3,18 m, başlangıçtan 0,25 m, kalıp simülasyonundan 0,00 m, kalıp hedefi AllyDummy"
2-9,"Odaklı Şifa","Kılıç","koruyucu_isaret",1,1,1,1,1,1,1,1,1,"geri","geri",0.00,"oyuncu +112000 can",3.00,1.35,0.20,0.20,0.62,"0/12 kare koşu","vuruş 1: 0,55s@boss3,73m/oyuncu0,35m; kalıp sonu: merkeze 3,61 m, başlangıçtan 0,80 m, kalıp simülasyonundan 0,00 m, kalıp hedefi AllyDummy"
3-7,"Bulandırıcı Adım","Kılıç","duman_kaybolma",1,1,1,1,1,1,1,1,1,"ön","ön",0.00,"boss:Blind, oyuncu:Stealth",1.50,1.35,0.58,0.59,0.95,"0/8 kare koşu","vuruş 1: 0,50s@boss1,50m/oyuncu0,00m; kalıp sonu: merkeze 1,50 m, başlangıçtan 1,50 m, kalıp simülasyonundan 0,00 m"
3-8,"Yükselen Adım","Kılıç","sicrayip_cakilma",1,1,1,1,1,1,1,1,1,"ön","ön",0.00,"oyuncu:Haste, oyuncu hız x1,10",1.50,1.35,0.82,0.82,1.18,"0/21 kare koşu","vuruş 1: 1,12s@boss1,50m/oyuncu0,00m; kalıp sonu: merkeze 1,50 m, başlangıçtan 1,50 m, kalıp simülasyonundan 0,00 m"
3-9,"Odaklı Adım","Kılıç","isinlan_kes",1,1,1,1,1,1,1,1,1,"arka","arka",0.00,"",1.50,1.35,0.47,0.48,0.84,"0/1 kare koşu","hasarsız skill (base_damage 0): etki hareketin kendisi; vuruş 1: 0,79s@boss0,00m/oyuncu1,50m; kalıp sonu: merkeze 1,50 m, başlangıçtan 4,50 m, kalıp simülasyonundan 0,00 m; tek karede 4,50 m sıçrama (sınır 0,62 m @ 17 ms, t=0,72, faz isin, blink tasarım gereği)"
7-1,"Yoğun Zafiyet","Kılıç","diken_firlatma",1,1,1,1,1,1,1,1,1,"yerinde","yerinde",20880.00,"",3.00,1.35,0.38,0.40,0.80,"","vuruş 1: 0,77s@boss0,30m/oyuncu3,30m; kalıp sonu: merkeze 3,00 m, başlangıçtan 0,00 m, kalıp simülasyonundan 0,00 m"
7-2,"Emici Zafiyet","Kılıç","sokup_cekme",1,1,1,1,1,1,1,1,1,"geri","geri",17064.00,"oyuncu +5120 can",3.00,1.35,0.44,0.44,0.86,"0/15 kare koşu","vuruş 2: 0,55s@boss0,35m/oyuncu3,35m 0,72s@boss2,52m/oyuncu1,19m; kalıp sonu: merkeze 4,30 m, başlangıçtan 1,30 m, kalıp simülasyonundan 0,00 m"
7-3,"Sıçrayan Zafiyet","Kılıç","seken_yaratik",1,1,1,1,1,1,1,1,1,"yerinde","yerinde",17488.00,"",3.00,1.35,0.63,0.64,1.05,"","vuruş 3: 0,65s@boss0,00m/oyuncu3,00m 0,80s@boss0,35m/oyuncu3,02m 0,97s@boss0,35m/oyuncu3,02m; kalıp sonu: merkeze 3,00 m, başlangıçtan 0,00 m, kalıp simülasyonundan 0,00 m"
8-1,"Yoğun Yükseliş","Kılıç","kuculten_kapi",1,1,1,1,1,1,1,1,1,"yerinde","yerinde",0.00,"",3.00,1.35,0.27,0.28,0.67,"","hasarsız skill (base_damage 0): etki hareketin kendisi; vuruş 1: 0,57s@boss0,62m/oyuncu2,38m; kalıp sonu: merkeze 3,00 m, başlangıçtan 0,00 m, kalıp simülasyonundan 0,00 m"
8-2,"Emici Yükseliş","Kılıç","kan_muhru",1,1,1,1,1,1,1,1,1,"yerinde","yerinde",0.00,"",3.00,1.35,0.32,0.32,0.73,"","hasarsız skill (base_damage 0): etki hareketin kendisi; vuruş 1: 0,60s@boss3,00m/oyuncu0,00m; kalıp sonu: merkeze 3,00 m, başlangıçtan 0,00 m, kalıp simülasyonundan 0,00 m"
8-3,"Sıçrayan Yükseliş","Kılıç","pas_verme",1,1,1,1,1,1,1,1,1,"yerinde","yerinde",0.00,"",3.00,1.35,0.23,0.24,0.64,"","hasarsız skill (base_damage 0): etki hareketin kendisi; vuruş 1: 0,60s@boss6,06m/oyuncu3,56m; kalıp sonu: merkeze 3,00 m, başlangıçtan 0,00 m, kalıp simülasyonundan 0,00 m, kalıp hedefi AllyDummy"
9-1,"Yoğun Arınma","Kılıç","tek_dokunus",1,1,1,1,1,1,1,1,1,"geri","geri",0.00,"oyuncu +32000 can",3.00,1.35,0.15,0.16,0.52,"3/9 kare koşu, ayak/gövde hız oranı 1,01","vuruş 1: 0,47s@boss3,84m/oyuncu0,68m; kalıp sonu: merkeze 3,41 m, başlangıçtan 0,55 m, kalıp simülasyonundan 0,00 m, kalıp hedefi AllyDummy"
9-2,"Emici Arınma","Kılıç","cekip_firlat",1,1,1,1,1,1,1,1,1,"yerinde","yerinde",0.00,"oyuncu +12000 can, dost +20000 can",3.00,1.35,0.49,0.50,0.85,"","vuruş 2: 0,53s@boss2,65m/oyuncu0,35m 0,82s@boss0,30m/oyuncu3,30m; kalıp sonu: merkeze 3,00 m, başlangıçtan 0,00 m, kalıp simülasyonundan 0,00 m"
9-3,"Sıçrayan Arınma","Kılıç","dosttan_dosta",1,1,1,1,1,1,1,1,1,"yerinde","yerinde",0.00,"oyuncu +24000 can, dost +12000 can",3.00,1.35,0.53,0.54,0.90,"","vuruş 3: 0,52s@boss6,19m/oyuncu3,69m 0,62s@boss6,98m/oyuncu4,53m 0,80s@boss6,88m/oyuncu4,54m; kalıp sonu: merkeze 3,00 m, başlangıçtan 0,00 m, kalıp simülasyonundan 0,00 m, kalıp hedefi AllyDummy"
1-10,"Aynalı Vuruş","Kılıç","sirtta_kapi",1,1,1,1,1,1,1,1,1,"ön","ön",161168.00,"",1.80,1.35,0.31,0.32,0.68,"0/11 kare koşu","vuruş 2: 0,48s@boss0,92m/oyuncu1,19m 0,60s@boss0,55m/oyuncu2,35m; kalıp sonu: merkeze 1,80 m, başlangıçtan 1,20 m, kalıp simülasyonundan 0,00 m"
1-11,"Kopya Vuruş","Kılıç","golge_yankisi",1,1,1,1,1,1,1,1,1,"ön","ön",162320.00,"",2.10,1.35,0.50,0.50,0.87,"0/10 kare koşu","vuruş 2: 0,47s@boss1,20m/oyuncu1,15m 0,78s@boss1,95m/oyuncu1,39m; kalıp sonu: merkeze 2,10 m, başlangıçtan 0,90 m, kalıp simülasyonundan 0,00 m"
1-12,"Akan Vuruş","Kılıç","basili_seri",1,1,1,1,1,1,1,1,1,"ön","ön",111992.00,"",1.60,1.35,2.99,3.00,3.34,"","vuruş 6: 0,59s@boss1,74m/oyuncu1,15m 1,09s@boss1,50m/oyuncu1,15m 1,59s@boss1,27m/oyuncu1,15m 2,09s@boss1,04m/oyuncu1,15m 2,59s@boss0,80m/oyuncu1,15m 3,09s@boss0,57m/oyuncu1,15m; kalıp sonu: merkeze 1,60 m, başlangıçtan 1,40 m, kalıp simülasyonundan 0,00 m"
2-10,"Aynalı Şifa","Kılıç","ters_es",1,1,1,1,1,1,1,1,1,"yerinde","yerinde",16800.00,"oyuncu +112000 can",3.00,1.35,0.43,0.44,0.85,"","vuruş 2: 0,55s@boss2,60m/oyuncu0,40m 0,75s@boss0,00m/oyuncu3,00m; kalıp sonu: merkeze 3,00 m, başlangıçtan 0,00 m, kalıp simülasyonundan 0,00 m"
2-11,"Kopya Şifa","Kılıç","golge_ulak",1,1,1,1,1,1,1,1,1,"yan","yan",0.00,"oyuncu +68000 can, dost +44000 can",2.43,1.35,1.35,1.36,1.77,"1/10 kare koşu, ayak/gövde hız oranı 1,00","vuruş 2: 0,52s@boss3,26m/oyuncu0,35m 1,69s@boss2,86m/oyuncu1,46m; kalıp sonu: merkeze 2,43 m, başlangıçtan 1,41 m, kalıp simülasyonundan 0,00 m, kalıp hedefi AllyDummy"
2-12,"Akan Şifa","Kılıç","basili_isik",1,1,1,1,1,1,1,1,1,"geri","geri",0.00,"oyuncu +60000 can, dost +60000 can",3.00,1.35,2.99,3.00,3.40,"","vuruş 6: 0,67s@boss5,38m/oyuncu2,72m 1,15s@boss5,56m/oyuncu2,72m 1,65s@boss5,75m/oyuncu2,72m 2,15s@boss5,93m/oyuncu2,72m 2,65s@boss6,12m/oyuncu2,72m 3,15s@boss6,31m/oyuncu2,72m; kalıp sonu: merkeze 3,94 m, başlangıçtan 1,20 m, kalıp simülasyonundan 0,00 m, kalıp hedefi AllyDummy"
3-10,"Aynalı Adım","Kılıç","iki_kapi",1,1,1,1,1,1,1,1,1,"ön","ön",0.00,"",1.50,1.35,0.54,0.54,0.90,"0/16 kare koşu","hasarsız skill (base_damage 0): etki hareketin kendisi; vuruş 2: 0,42s@boss3,00m/oyuncu0,00m 0,82s@boss1,50m/oyuncu0,00m; kalıp sonu: merkeze 1,50 m, başlangıçtan 1,50 m, kalıp simülasyonundan 0,00 m"
3-11,"Kopya Adım","Kılıç","yem_kac",1,1,1,1,1,1,1,1,1,"geri","geri",0.00,"",3.00,1.35,0.38,0.40,0.75,"0/16 kare koşu","hasarsız skill (base_damage 0): etki hareketin kendisi; vuruş 1: 0,42s@boss3,00m/oyuncu0,00m; kalıp sonu: merkeze 5,80 m, başlangıçtan 2,80 m, kalıp simülasyonundan 0,00 m"
3-12,"Akan Adım","Kılıç","suzulme",1,1,1,1,1,1,1,1,1,"ön","ön",0.00,"",1.90,1.35,2.99,3.00,3.35,"","hasarsız skill (base_damage 0): etki hareketin kendisi; kalıp sonu: merkeze 1,90 m, başlangıçtan 1,10 m, kalıp simülasyonundan 0,00 m"
10-1,"Yoğun Yansı","Kılıç","tam_zamanli",1,1,1,1,1,1,1,1,1,"yerinde","yerinde",0.00,"",3.00,1.35,0.48,0.50,0.90,"","hasarsız skill (base_damage 0): etki hareketin kendisi; vuruş 1: 0,77s@boss0,62m/oyuncu2,38m; kalıp sonu: merkeze 3,00 m, başlangıçtan 0,00 m, kalıp simülasyonundan 0,00 m"
10-2,"Emici Yansı","Kılıç","yutan_girdap",1,1,1,1,1,1,1,1,1,"yerinde","yerinde",0.00,"",1.35,1.35,3.17,3.18,3.59,"","hasarsız skill (base_damage 0): etki hareketin kendisi; vuruş 4: 1,34s@boss1,03m/oyuncu2,38m 2,09s@boss1,03m/oyuncu2,38m 2,84s@boss1,03m/oyuncu2,38m 3,59s@boss1,03m/oyuncu2,38m; kalıp sonu: merkeze 1,35 m, başlangıçtan 0,00 m, kalıp simülasyonundan 0,00 m, boss 1,65 m kaydı"
10-3,"Sıçrayan Yansı","Kılıç","seken_geri",1,1,1,1,1,1,1,1,1,"ön","ön",0.00,"",1.90,1.35,0.35,0.36,0.75,"0/10 kare koşu","hasarsız skill (base_damage 0): etki hareketin kendisi; vuruş 2: 0,49s@boss0,78m/oyuncu1,53m 0,65s@boss0,00m/oyuncu1,90m; kalıp sonu: merkeze 1,90 m, başlangıçtan 1,10 m, kalıp simülasyonundan 0,00 m"
10-10,"Aynalı Yansı","Kılıç","iki_kapi",1,1,1,1,1,1,1,1,1,"ön","ön",0.00,"",1.50,1.35,0.54,0.54,0.95,"0/16 kare koşu","hasarsız skill (base_damage 0): etki hareketin kendisi; vuruş 2: 0,47s@boss3,00m/oyuncu0,00m 0,87s@boss1,50m/oyuncu0,00m; kalıp sonu: merkeze 1,50 m, başlangıçtan 1,50 m, kalıp simülasyonundan 0,00 m"
10-11,"Kopya Yansı","Kılıç","yem_kopya",1,1,1,1,1,1,1,1,1,"yerinde","yerinde",0.00,"",3.00,1.35,0.23,0.24,0.65,"","hasarsız skill (base_damage 0): etki hareketin kendisi; vuruş 1: 0,53s@boss2,98m/oyuncu1,29m; kalıp sonu: merkeze 3,00 m, başlangıçtan 0,00 m, kalıp simülasyonundan 0,00 m"
10-12,"Akan Yansı","Kılıç","basili_siper",1,1,1,1,1,1,1,1,1,"ön","ön",0.00,"",2.20,1.35,2.99,3.00,3.41,"","hasarsız skill (base_damage 0): etki hareketin kendisi; vuruş 3: 1,15s@boss0,42m/oyuncu2,38m 2,15s@boss0,15m/oyuncu2,38m 3,16s@boss0,12m/oyuncu2,38m; kalıp sonu: merkeze 2,20 m, başlangıçtan 0,80 m, kalıp simülasyonundan 0,00 m"
11-1,"Yoğun Çağrı","Kılıç","sirt_saplama",1,1,1,1,1,1,1,1,1,"yerinde","yerinde",0.00,"",3.00,1.35,0.32,0.32,0.73,"","hasarsız skill (base_damage 0): etki hareketin kendisi; vuruş 1: 0,67s@boss0,00m/oyuncu3,00m; kalıp sonu: merkeze 3,00 m, başlangıçtan 0,00 m, kalıp simülasyonundan 0,00 m"
11-2,"Emici Çağrı","Kılıç","yapisan",1,1,1,1,1,1,1,1,1,"yerinde","yerinde",0.00,"",1.35,1.35,5.18,5.18,5.59,"","hasarsız skill (base_damage 0): etki hareketin kendisi; vuruş 6: 0,55s@boss0,20m/oyuncu2,64m 1,59s@boss0,00m/oyuncu1,35m 2,59s@boss0,00m/oyuncu1,35m 3,59s@boss0,00m/oyuncu1,35m 4,59s@boss0,00m/oyuncu1,35m 5,59s@boss0,00m/oyuncu1,35m; kalıp sonu: merkeze 1,35 m, başlangıçtan 0,00 m, kalıp simülasyonundan 0,00 m, boss 1,65 m kaydı"
11-3,"Sıçrayan Çağrı","Kılıç","seken_yaratik",1,1,1,1,1,1,1,1,1,"yerinde","yerinde",0.00,"",3.00,1.35,0.63,0.64,1.03,"","hasarsız skill (base_damage 0): etki hareketin kendisi; vuruş 3: 0,64s@boss0,00m/oyuncu3,00m 0,80s@boss0,35m/oyuncu3,02m 0,95s@boss0,35m/oyuncu3,02m; kalıp sonu: merkeze 3,00 m, başlangıçtan 0,00 m, kalıp simülasyonundan 0,00 m"
11-10,"Aynalı Çağrı","Kılıç","takim_kapisi",1,1,1,1,1,1,1,1,1,"yerinde","yerinde",0.00,"",3.00,1.35,1.23,1.24,1.64,"","hasarsız skill (base_damage 0): etki hareketin kendisi; vuruş 1: 0,52s@boss3,00m/oyuncu0,00m; kalıp sonu: merkeze 3,00 m, başlangıçtan 0,00 m, kalıp simülasyonundan 0,00 m"
11-11,"Kopya Çağrı","Kılıç","ayna_klonlar",1,1,1,1,1,1,1,1,1,"yerinde","yerinde",0.00,"",3.00,1.35,0.48,0.50,0.90,"","hasarsız skill (base_damage 0): etki hareketin kendisi; vuruş 2: 0,65s@boss2,93m/oyuncu1,41m 0,82s@boss2,93m/oyuncu1,41m; kalıp sonu: merkeze 3,00 m, başlangıçtan 0,00 m, kalıp simülasyonundan 0,00 m"
11-12,"Akan Çağrı","Kılıç","kapidan_akin",1,1,1,1,1,1,1,1,1,"yerinde","yerinde",0.00,"",3.00,1.35,4.19,4.20,4.60,"","hasarsız skill (base_damage 0): etki hareketin kendisi; vuruş 6: 0,60s@boss0,85m/oyuncu2,15m 1,40s@boss0,00m/oyuncu3,00m 2,20s@boss0,00m/oyuncu3,00m 3,00s@boss0,00m/oyuncu3,00m 3,80s@boss0,00m/oyuncu3,00m 4,60s@boss0,00m/oyuncu3,00m; kalıp sonu: merkeze 3,00 m, başlangıçtan 0,00 m, kalıp simülasyonundan 0,00 m"
12-1,"Yoğun Zaman","Kılıç","zamanli_donma",1,1,1,1,1,1,1,1,1,"ön","ön",0.00,"boss:Slow, boss hız x0,70",1.50,1.35,0.48,0.50,0.90,"0/9 kare koşu","vuruş 1: 0,85s@boss0,69m/oyuncu1,28m; kalıp sonu: merkeze 1,50 m, başlangıçtan 1,50 m, kalıp simülasyonundan 0,00 m"
12-2,"Emici Zaman","Kılıç","ceken_girdap",1,1,1,1,1,1,1,1,1,"yerinde","yerinde",0.00,"boss:Slow, oyuncu:Haste, boss hız x0,70, oyuncu hız x1,30",1.35,1.35,1.32,1.32,1.73,"","vuruş 3: 1,08s@boss0,00m/oyuncu1,35m 1,58s@boss0,00m/oyuncu1,35m 1,65s@boss0,00m/oyuncu1,35m; kalıp sonu: merkeze 1,35 m, başlangıçtan 0,00 m, kalıp simülasyonundan 0,00 m, boss 1,65 m kaydı"
12-3,"Sıçrayan Zaman","Kılıç","geri_donen_kure",1,1,1,1,1,1,1,1,1,"yerinde","yerinde",0.00,"boss:Slow, boss hız x0,70",3.00,1.35,0.49,0.50,0.90,"","vuruş 2: 0,58s@boss0,30m/oyuncu3,30m 0,82s@boss0,96m/oyuncu2,04m; kalıp sonu: merkeze 3,00 m, başlangıçtan 0,00 m, kalıp simülasyonundan 0,00 m"
12-10,"Aynalı Zaman","Kılıç","boss_geri",1,1,1,1,1,1,1,1,1,"yerinde","yerinde",0.00,"boss:Slow, boss hız x0,70",3.00,1.35,0.45,0.46,0.87,"","vuruş 1: 0,60s@boss0,30m/oyuncu3,30m; kalıp sonu: merkeze 3,00 m, başlangıçtan 0,00 m, kalıp simülasyonundan 0,00 m"
12-11,"Kopya Zaman","Kılıç","geri_sarma",1,1,1,1,1,1,1,1,1,"başlangıç","başlangıç",0.00,"",1.50,1.35,2.65,2.66,3.07,"1/32 kare koşu, ayak/gövde hız oranı 1,00","hasarsız skill (base_damage 0): etki hareketin kendisi; kalıp sonu: merkeze 3,00 m, başlangıçtan 0,00 m, kalıp simülasyonundan 0,00 m"
12-12,"Akan Zaman","Kılıç","yuruyen_balon",1,1,1,1,1,1,1,1,1,"ön","ön",0.00,"boss:Slow, boss hız x0,70",1.80,1.35,4.19,4.20,4.59,"","vuruş 5: 0,49s@boss3,00m/oyuncu0,00m 1,60s@boss2,69m/oyuncu0,00m 2,60s@boss2,39m/oyuncu0,00m 3,59s@boss2,10m/oyuncu0,00m 4,59s@boss1,80m/oyuncu0,00m; kalıp sonu: merkeze 1,80 m, başlangıçtan 1,20 m, kalıp simülasyonundan 0,00 m"
4-4,"Sabit Kalkan","Kılıç","duvar_dikme",1,1,1,1,1,1,1,1,1,"yerinde","yerinde",0.00,"",3.00,1.35,0.32,0.32,0.73,"","hasarsız skill (base_damage 0): etki hareketin kendisi; vuruş 1: 0,62s@boss0,62m/oyuncu2,38m; kalıp sonu: merkeze 3,00 m, başlangıçtan 0,00 m, kalıp simülasyonundan 0,00 m"
4-5,"Yayılan Kalkan","Kılıç","onde_yelpaze",1,1,1,1,1,1,1,1,1,"yerinde","yerinde",0.00,"",3.00,1.35,0.62,0.63,1.03,"","hasarsız skill (base_damage 0): etki hareketin kendisi; vuruş 1: 0,85s@boss1,88m/oyuncu1,12m; kalıp sonu: merkeze 3,00 m, başlangıçtan 0,00 m, kalıp simülasyonundan 0,00 m"
4-6,"Bağlayıcı Kalkan","Kılıç","zincirli_firlatma",1,1,1,1,1,1,1,1,1,"ön","ön",0.00,"",1.50,1.35,0.69,0.70,1.10,"1/12 kare koşu, ayak/gövde hız oranı 1,00","hasarsız skill (base_damage 0): etki hareketin kendisi; vuruş 2: 0,60s@boss0,45m/oyuncu3,45m 1,02s@boss0,82m/oyuncu1,28m; kalıp sonu: merkeze 1,50 m, başlangıçtan 1,50 m, kalıp simülasyonundan 0,00 m"
4-7,"Bulandırıcı Kalkan","Kılıç","duman_duvari",1,1,1,1,1,1,1,1,1,"yerinde","yerinde",0.00,"",2.80,1.35,0.52,0.52,0.93,"","hasarsız skill (base_damage 0): etki hareketin kendisi; vuruş 1: 0,62s@boss0,42m/oyuncu2,38m; kalıp sonu: merkeze 2,80 m, başlangıçtan 0,20 m, kalıp simülasyonundan 0,00 m"
4-8,"Yükselen Kalkan","Kılıç","yerden_buyuyen",1,1,1,1,1,1,1,1,1,"yerinde","yerinde",0.00,"",3.00,1.35,0.42,0.42,0.83,"","hasarsız skill (base_damage 0): etki hareketin kendisi; vuruş 1: 0,70s@boss6,98m/oyuncu4,35m; kalıp sonu: merkeze 3,18 m, başlangıçtan 0,25 m, kalıp simülasyonundan 0,00 m, kalıp hedefi AllyDummy"
4-9,"Odaklı Kalkan","Kılıç","koruyucu_isaret",1,1,1,1,1,1,1,1,1,"geri","geri",0.00,"",3.00,1.35,0.20,0.20,0.62,"0/12 kare koşu","hasarsız skill (base_damage 0): etki hareketin kendisi; vuruş 1: 0,55s@boss3,73m/oyuncu0,35m; kalıp sonu: merkeze 3,61 m, başlangıçtan 0,80 m, kalıp simülasyonundan 0,00 m, kalıp hedefi AllyDummy"
5-4,"Sabit Patlama","Kılıç","mayin_cakma",1,1,1,1,1,1,1,1,1,"yerinde","yerinde",113088.00,"",3.00,1.35,0.42,0.42,0.78,"","vuruş 2: 0,58s@boss0,85m/oyuncu2,15m 0,65s@boss0,85m/oyuncu2,15m; kalıp sonu: merkeze 3,00 m, başlangıçtan 0,00 m, kalıp simülasyonundan 0,00 m"
5-5,"Yayılan Patlama","Kılıç","yer_yarigi",1,1,1,1,1,1,1,1,1,"ön","ön",95400.00,"",1.50,1.35,0.55,0.56,0.92,"0/26 kare koşu","vuruş 3: 0,63s@boss0,35m/oyuncu1,28m 0,75s@boss0,14m/oyuncu1,36m 0,88s@boss0,23m/oyuncu1,28m; kalıp sonu: merkeze 1,50 m, başlangıçtan 2,07 m, kalıp simülasyonundan 0,00 m"
5-6,"Bağlayıcı Patlama","Kılıç","gerilip_kopan",1,1,1,1,1,1,1,1,1,"geri","geri",115032.00,"boss:Root+Slow, boss hız x0,00",1.35,1.35,0.57,0.58,0.93,"0/27 kare koşu","vuruş 2: 0,52s@boss0,85m/oyuncu0,89m 0,87s@boss0,85m/oyuncu2,65m; kalıp sonu: merkeze 3,14 m, başlangıçtan 0,50 m, kalıp simülasyonundan 0,00 m, boss 0,36 m kaydı"
5-7,"Bulandırıcı Patlama","Kılıç","sis_bombasi",1,1,1,1,1,1,1,1,1,"yerinde","yerinde",160680.00,"boss:Blind, oyuncu:Stealth",3.00,1.35,0.22,0.22,0.58,"","vuruş 1: 0,55s@boss0,35m/oyuncu3,35m; kalıp sonu: merkeze 3,00 m, başlangıçtan 0,00 m, kalıp simülasyonundan 0,00 m"
5-8,"Yükselen Patlama","Kılıç","yerden_fiskirma",1,1,1,1,1,1,1,1,1,"ön","ön",121448.00,"boss:Stun, boss hız x0,00",2.60,1.35,0.43,0.44,0.80,"","vuruş 1: 0,67s@boss0,00m/oyuncu2,78m; kalıp sonu: merkeze 2,60 m, başlangıçtan 0,40 m, kalıp simülasyonundan 0,00 m"
5-9,"Odaklı Patlama","Kılıç","gudumlu_top",1,1,1,1,1,1,1,1,1,"yerinde","yerinde",287640.00,"",3.00,1.35,0.55,0.56,0.92,"","vuruş 1: 0,84s@boss0,00m/oyuncu3,00m; kalıp sonu: merkeze 3,00 m, başlangıçtan 0,00 m, kalıp simülasyonundan 0,00 m"
6-4,"Sabit Bağ","Kılıç","karsilikli_kilit",1,1,1,1,1,1,1,1,1,"ön","ön",26736.00,"boss:Root, boss hız x0,00",1.50,1.35,3.24,3.24,3.65,"0/15 kare koşu","vuruş 1: 0,88s@boss0,40m/oyuncu1,11m; kalıp sonu: merkeze 1,50 m, başlangıçtan 1,50 m, kalıp simülasyonundan 0,00 m"
6-5,"Yayılan Bağ","Kılıç","yer_tuzagi",1,1,1,1,1,1,1,1,1,"yerinde","yerinde",21192.00,"boss:Root, boss hız x0,00",3.00,1.35,0.27,0.28,0.68,"","vuruş 1: 0,58s@boss0,62m/oyuncu2,38m; kalıp sonu: merkeze 3,00 m, başlangıçtan 0,00 m, kalıp simülasyonundan 0,00 m"
6-6,"Bağlayıcı Bağ","Kılıç","iki_uclu",1,1,1,1,1,1,1,1,1,"yerinde","yerinde",25680.00,"boss:Root+Slow, boss hız x0,00",3.00,1.35,0.63,0.65,1.05,"","vuruş 1: 0,58s@boss0,28m/oyuncu3,28m; kalıp sonu: merkeze 3,00 m, başlangıçtan 0,00 m, kalıp simülasyonundan 0,00 m"
6-7,"Bulandırıcı Bağ","Kılıç","goz_bagi",1,1,1,1,1,1,1,1,1,"yerinde","yerinde",26432.00,"boss:Blind+Root, boss hız x0,00",3.00,1.35,0.20,0.20,0.62,"","vuruş 1: 0,58s@boss0,28m/oyuncu3,28m; kalıp sonu: merkeze 3,00 m, başlangıçtan 0,00 m, kalıp simülasyonundan 0,00 m"
6-8,"Yükselen Bağ","Kılıç","havada_asma",1,1,1,1,1,1,1,1,1,"ön","ön",27088.00,"boss:Root, boss hız x0,00",1.50,1.35,1.13,1.14,1.54,"0/21 kare koşu","vuruş 1: 0,90s@boss1,50m/oyuncu0,00m; kalıp sonu: merkeze 1,50 m, başlangıçtan 1,50 m, kalıp simülasyonundan 0,00 m"
6-9,"Odaklı Bağ","Kılıç","zamanli_donma",1,1,1,1,1,1,1,1,1,"ön","ön",42800.00,"boss:Root, boss hız x0,00",1.50,1.35,0.50,0.50,0.92,"0/10 kare koşu","vuruş 1: 0,85s@boss0,70m/oyuncu1,28m; kalıp sonu: merkeze 1,50 m, başlangıçtan 1,50 m, kalıp simülasyonundan 0,00 m"
7-4,"Sabit Zafiyet","Kılıç","mayin_cakma",1,1,1,1,1,1,1,1,1,"yerinde","yerinde",16328.00,"",3.00,1.35,0.42,0.42,0.83,"","vuruş 2: 0,63s@boss0,85m/oyuncu2,15m 0,70s@boss0,85m/oyuncu2,15m; kalıp sonu: merkeze 3,00 m, başlangıçtan 0,00 m, kalıp simülasyonundan 0,00 m"
7-5,"Yayılan Zafiyet","Kılıç","onde_yelpaze",1,1,1,1,1,1,1,1,1,"yerinde","yerinde",15864.00,"",3.00,1.35,0.62,0.63,1.03,"","vuruş 1: 0,87s@boss1,88m/oyuncu1,12m; kalıp sonu: merkeze 3,00 m, başlangıçtan 0,00 m, kalıp simülasyonundan 0,00 m"
7-6,"Bağlayıcı Zafiyet","Kılıç","dost_ip",1,1,1,1,1,1,1,1,1,"yerinde","yerinde",17408.00,"boss:Root+Slow, boss hız x0,00",3.00,1.35,0.62,0.62,1.03,"","vuruş 1: 0,60s@boss0,28m/oyuncu3,28m; kalıp sonu: merkeze 3,00 m, başlangıçtan 0,00 m, kalıp simülasyonundan 0,00 m"
8-4,"Sabit Yükseliş","Kılıç","totem_dikme",1,1,1,1,1,1,1,1,1,"yerinde","yerinde",0.00,"",3.00,1.35,0.28,0.30,0.70,"","hasarsız skill (base_damage 0): etki hareketin kendisi; vuruş 1: 0,67s@boss3,10m/oyuncu0,00m; kalıp sonu: merkeze 3,11 m, başlangıçtan 0,15 m, kalıp simülasyonundan 0,00 m, kalıp hedefi AllyDummy"
8-5,"Yayılan Yükseliş","Kılıç","savas_narasi",1,1,1,1,1,1,1,1,1,"yerinde","yerinde",0.00,"",3.00,1.35,0.35,0.36,0.77,"","hasarsız skill (base_damage 0): etki hareketin kendisi; vuruş 1: 0,60s@boss3,00m/oyuncu0,00m; kalıp sonu: merkeze 3,00 m, başlangıçtan 0,00 m, kalıp simülasyonundan 0,00 m"
8-6,"Bağlayıcı Yükseliş","Kılıç","dost_dosta",1,1,1,1,1,1,1,1,1,"yan","yan",0.00,"",2.38,1.35,0.52,0.52,0.93,"0/13 kare koşu","hasarsız skill (base_damage 0): etki hareketin kendisi; vuruş 3: 0,48s@boss4,05m/oyuncu1,22m 0,68s@boss2,68m/oyuncu1,41m 0,85s@boss4,76m/oyuncu2,38m; kalıp sonu: merkeze 2,38 m, başlangıçtan 1,41 m, kalıp simülasyonundan 0,00 m, kalıp hedefi AllyDummy"
9-4,"Sabit Arınma","Kılıç","yer_tuzagi",1,1,1,1,1,1,1,1,1,"yerinde","yerinde",0.00,"oyuncu +32000 can",3.00,1.35,0.27,0.28,0.63,"","vuruş 1: 0,53s@boss0,62m/oyuncu2,38m; kalıp sonu: merkeze 3,00 m, başlangıçtan 0,00 m, kalıp simülasyonundan 0,00 m"
9-5,"Yayılan Arınma","Kılıç","dagilan_yagmur",1,1,1,1,1,1,1,1,1,"yerinde","yerinde",0.00,"oyuncu +32000 can",3.00,1.35,0.57,0.58,0.93,"","vuruş 1: 0,77s@boss3,00m/oyuncu0,00m; kalıp sonu: merkeze 3,00 m, başlangıçtan 0,00 m, kalıp simülasyonundan 0,00 m, kalıp hedefi AllyDummy"
9-6,"Bağlayıcı Arınma","Kılıç","iki_uclu",1,1,1,1,1,1,1,1,1,"yerinde","yerinde",0.00,"oyuncu +32000 can",3.00,1.35,0.63,0.65,1.00,"","vuruş 1: 0,53s@boss6,08m/oyuncu3,58m; kalıp sonu: merkeze 3,00 m, başlangıçtan 0,00 m, kalıp simülasyonundan 0,00 m, kalıp hedefi AllyDummy"
4-10,"Aynalı Kalkan","Kılıç","sirtta_kapi",1,1,1,1,1,1,1,1,1,"ön","ön",24000.00,"",1.80,1.35,0.32,0.32,0.73,"0/11 kare koşu","vuruş 2: 0,53s@boss0,92m/oyuncu1,19m 0,65s@boss0,55m/oyuncu2,35m; kalıp sonu: merkeze 1,80 m, başlangıçtan 1,20 m, kalıp simülasyonundan 0,00 m"
4-11,"Kopya Kalkan","Kılıç","yem_kopya",1,1,1,1,1,1,1,1,1,"yerinde","yerinde",0.00,"",3.00,1.35,0.23,0.24,0.65,"","hasarsız skill (base_damage 0): etki hareketin kendisi; vuruş 1: 0,53s@boss2,98m/oyuncu1,29m; kalıp sonu: merkeze 3,00 m, başlangıçtan 0,00 m, kalıp simülasyonundan 0,00 m"
4-12,"Akan Kalkan","Kılıç","basili_siper",1,1,1,1,1,1,1,1,1,"geri","geri",0.00,"",3.00,1.35,2.98,3.00,3.39,"","hasarsız skill (base_damage 0): etki hareketin kendisi; vuruş 3: 1,15s@boss5,16m/oyuncu2,38m 2,14s@boss5,40m/oyuncu2,38m 3,14s@boss5,65m/oyuncu2,38m; kalıp sonu: merkeze 3,61 m, başlangıçtan 0,80 m, kalıp simülasyonundan 0,00 m, kalıp hedefi AllyDummy"
5-10,"Aynalı Patlama","Kılıç","karsi_darbe",1,1,1,1,1,1,1,1,1,"ön","ön",112952.00,"",1.70,1.35,0.35,0.36,0.72,"0/9 kare koşu","vuruş 1: 0,65s@boss0,83m/oyuncu1,36m; kalıp sonu: merkeze 1,70 m, başlangıçtan 1,30 m, kalıp simülasyonundan 0,00 m"
5-11,"Kopya Patlama","Kılıç","golge_yankisi",1,1,1,1,1,1,1,1,1,"ön","ön",112672.00,"",2.10,1.35,0.48,0.50,0.85,"0/10 kare koşu","vuruş 2: 0,47s@boss1,19m/oyuncu1,15m 0,78s@boss1,95m/oyuncu1,39m; kalıp sonu: merkeze 2,10 m, başlangıçtan 0,90 m, kalıp simülasyonundan 0,00 m"
5-12,"Akan Patlama","Kılıç","patlayan_iz",1,1,1,1,1,1,1,1,1,"ön","ön",65024.00,"",2.99,1.35,2.99,3.00,3.36,"","vuruş 6: 0,80s@boss2,19m/oyuncu1,53m 1,30s@boss2,49m/oyuncu1,53m 1,80s@boss2,99m/oyuncu1,53m 2,30s@boss2,79m/oyuncu1,53m 2,80s@boss2,46m/oyuncu1,53m 3,31s@boss2,10m/oyuncu1,53m; kalıp sonu: merkeze 3,60 m, başlangıçtan 2,20 m, kalıp simülasyonundan 0,70 m, boss 2,80 m kaydı"
6-10,"Aynalı Bağ","Kılıç","karsi_darbe",1,1,1,1,1,1,1,1,1,"ön","ön",26704.00,"boss:Root, boss hız x0,00",1.70,1.35,0.35,0.36,0.77,"0/9 kare koşu","vuruş 1: 0,70s@boss0,83m/oyuncu1,36m; kalıp sonu: merkeze 1,70 m, başlangıçtan 1,30 m, kalıp simülasyonundan 0,00 m"
6-11,"Kopya Bağ","Kılıç","onden_arkadan",1,1,1,1,1,1,1,1,1,"ön","ön",25272.00,"boss:Root, boss hız x0,00",2.10,1.35,0.34,0.34,0.75,"0/10 kare koşu","vuruş 2: 0,52s@boss1,24m/oyuncu1,11m 0,64s@boss0,60m/oyuncu2,70m; kalıp sonu: merkeze 2,10 m, başlangıçtan 0,90 m, kalıp simülasyonundan 0,00 m"
6-12,"Akan Bağ","Kılıç","cember_sarma",1,1,1,1,1,1,1,1,1,"arka","arka",27720.00,"boss:Root, boss hız x0,00",1.50,1.35,0.90,0.90,1.32,"0/45 kare koşu","vuruş 1: 1,22s@boss0,00m/oyuncu2,06m; kalıp sonu: merkeze 2,06 m, başlangıçtan 4,59 m, kalıp simülasyonundan 0,00 m"
10-4,"Sabit Yansı","Kılıç","duvar_dikme",1,1,1,1,1,1,1,1,1,"yerinde","yerinde",0.00,"",3.00,1.35,0.32,0.32,0.73,"","hasarsız skill (base_damage 0): etki hareketin kendisi; vuruş 1: 0,62s@boss0,62m/oyuncu2,38m; kalıp sonu: merkeze 3,00 m, başlangıçtan 0,00 m, kalıp simülasyonundan 0,00 m"
10-5,"Yayılan Yansı","Kılıç","yuruyen_balon",1,1,1,1,1,1,1,1,1,"ön","ön",0.00,"",1.80,1.35,4.20,4.20,4.61,"","hasarsız skill (base_damage 0): etki hareketin kendisi; vuruş 5: 0,50s@boss3,00m/oyuncu0,00m 1,62s@boss2,70m/oyuncu0,00m 2,61s@boss2,40m/oyuncu0,00m 3,61s@boss2,10m/oyuncu0,00m 4,61s@boss1,80m/oyuncu0,00m; kalıp sonu: merkeze 1,80 m, başlangıçtan 1,20 m, kalıp simülasyonundan 0,00 m"
10-6,"Bağlayıcı Yansı","Kılıç","silaha_kement",1,1,1,1,1,1,1,1,1,"yerinde","yerinde",0.00,"boss:Root+Slow, boss hız x0,00",3.00,1.35,0.93,0.94,1.33,"","vuruş 1: 0,59s@boss0,40m/oyuncu3,40m; kalıp sonu: merkeze 3,00 m, başlangıçtan 0,00 m, kalıp simülasyonundan 0,00 m"
11-4,"Sabit Çağrı","Kılıç","taret_dikme",1,1,1,1,1,1,1,1,1,"yerinde","yerinde",0.00,"",3.00,1.35,0.42,0.42,0.83,"","hasarsız skill (base_damage 0): etki hareketin kendisi; vuruş 2: 0,53s@boss3,00m/oyuncu0,00m 0,78s@boss0,21m/oyuncu3,21m; kalıp sonu: merkeze 3,00 m, başlangıçtan 0,00 m, kalıp simülasyonundan 0,00 m"
11-5,"Yayılan Çağrı","Kılıç","dagilan_suru",1,1,1,1,1,1,1,1,1,"yerinde","yerinde",0.00,"",3.00,1.35,0.42,0.42,0.83,"","hasarsız skill (base_damage 0): etki hareketin kendisi; vuruş 3: 0,48s@boss0,35m/oyuncu3,02m 0,62s@boss0,00m/oyuncu3,00m 0,75s@boss0,35m/oyuncu3,02m; kalıp sonu: merkeze 3,00 m, başlangıçtan 0,00 m, kalıp simülasyonundan 0,00 m"
11-6,"Bağlayıcı Çağrı","Kılıç","muhafiz",1,1,1,1,1,1,1,1,1,"yerinde","yerinde",0.00,"",3.00,1.35,0.52,0.52,0.93,"","hasarsız skill (base_damage 0): etki hareketin kendisi; vuruş 1: 0,55s@boss2,89m/oyuncu1,20m; kalıp sonu: merkeze 3,00 m, başlangıçtan 0,00 m, kalıp simülasyonundan 0,00 m"
12-4,"Sabit Zaman","Kılıç","totem_dikme",1,1,1,1,1,1,1,1,1,"yerinde","yerinde",0.00,"boss:Slow+Stun, boss hız x0,00",2.85,1.35,0.28,0.30,0.70,"","vuruş 1: 0,67s@boss2,87m/oyuncu0,00m; kalıp sonu: merkeze 2,85 m, başlangıçtan 0,15 m, kalıp simülasyonundan 0,00 m"
12-5,"Yayılan Zaman","Kılıç","genisleyen_halka",1,1,1,1,1,1,1,1,1,"yerinde","yerinde",0.00,"boss:Slow, boss hız x0,70",3.00,1.35,0.57,0.58,0.98,"","vuruş 1: 0,87s@boss3,00m/oyuncu0,00m; kalıp sonu: merkeze 3,00 m, başlangıçtan 0,00 m, kalıp simülasyonundan 0,00 m"
12-6,"Bağlayıcı Zaman","Kılıç","iki_uclu",1,1,1,1,1,1,1,1,1,"yerinde","yerinde",0.00,"oyuncu:Haste, oyuncu hız x1,30",3.00,1.35,0.63,0.65,1.05,"","vuruş 1: 0,58s@boss0,28m/oyuncu3,28m; kalıp sonu: merkeze 3,00 m, başlangıçtan 0,00 m, kalıp simülasyonundan 0,00 m"
7-7,"Bulandırıcı Zafiyet","Kılıç","sis_bombasi",1,1,1,1,1,1,1,1,1,"yerinde","yerinde",15544.00,"boss:Blind",3.00,1.35,0.22,0.22,0.62,"","vuruş 1: 0,58s@boss0,35m/oyuncu3,35m; kalıp sonu: merkeze 3,00 m, başlangıçtan 0,00 m, kalıp simülasyonundan 0,00 m"
7-8,"Yükselen Zafiyet","Kılıç","yerden_fiskirma",1,1,1,1,1,1,1,1,1,"ön","ön",17616.00,"boss:Stun, boss hız x0,00",2.60,1.35,0.43,0.44,0.85,"","vuruş 1: 0,71s@boss0,00m/oyuncu2,78m; kalıp sonu: merkeze 2,60 m, başlangıçtan 0,40 m, kalıp simülasyonundan 0,00 m"
7-9,"Odaklı Zafiyet","Kılıç","isaret_patlamasi",1,1,1,1,1,1,1,1,1,"yerinde","yerinde",27080.00,"",3.00,1.35,1.90,1.92,2.32,"","vuruş 1: 2,27s@boss0,00m/oyuncu3,00m; kalıp sonu: merkeze 3,00 m, başlangıçtan 0,00 m, kalıp simülasyonundan 0,00 m"
7-10,"Aynalı Zafiyet","Kılıç","onden_arkadan",1,1,1,1,1,1,1,1,1,"ön","ön",20776.00,"",2.10,1.35,0.33,0.34,0.75,"0/10 kare koşu","vuruş 2: 0,52s@boss1,24m/oyuncu1,11m 0,63s@boss0,60m/oyuncu2,70m; kalıp sonu: merkeze 2,10 m, başlangıçtan 0,90 m, kalıp simülasyonundan 0,00 m"
7-11,"Kopya Zafiyet","Kılıç","golge_yankisi",1,1,1,1,1,1,1,1,1,"ön","ön",27024.00,"",2.10,1.35,0.48,0.50,0.90,"0/10 kare koşu","vuruş 2: 0,52s@boss1,20m/oyuncu1,15m 0,83s@boss1,95m/oyuncu1,39m; kalıp sonu: merkeze 2,10 m, başlangıçtan 0,90 m, kalıp simülasyonundan 0,00 m"
7-12,"Akan Zafiyet","Kılıç","basili_isik",1,1,1,1,1,1,1,1,1,"ön","ön",17384.00,"",1.80,1.35,2.99,3.00,3.41,"","vuruş 6: 0,65s@boss0,18m/oyuncu2,72m 1,15s@boss0,02m/oyuncu2,72m 1,67s@boss0,23m/oyuncu2,72m 2,17s@boss0,43m/oyuncu2,72m 2,66s@boss0,62m/oyuncu2,72m 3,16s@boss0,82m/oyuncu2,72m; kalıp sonu: merkeze 1,80 m, başlangıçtan 1,20 m, kalıp simülasyonundan 0,00 m"
8-7,"Bulandırıcı Yükseliş","Kılıç","goz_bagi",1,1,1,1,1,1,1,1,1,"yerinde","yerinde",0.00,"",3.00,1.35,0.20,0.20,0.62,"","hasarsız skill (base_damage 0): etki hareketin kendisi; vuruş 1: 0,58s@boss0,28m/oyuncu3,28m; kalıp sonu: merkeze 3,00 m, başlangıçtan 0,00 m, kalıp simülasyonundan 0,00 m"
8-8,"Yükselen Yükseliş","Kılıç","buyuten_kemer",1,1,1,1,1,1,1,1,1,"yerinde","yerinde",0.00,"",3.00,1.35,0.42,0.42,0.83,"","hasarsız skill (base_damage 0): etki hareketin kendisi; vuruş 1: 0,70s@boss5,02m/oyuncu2,21m; kalıp sonu: merkeze 3,22 m, başlangıçtan 0,30 m, kalıp simülasyonundan 0,00 m, kalıp hedefi AllyDummy"
8-9,"Odaklı Yükseliş","Kılıç","gudumlu_top",1,1,1,1,1,1,1,1,1,"yerinde","yerinde",0.00,"",3.00,1.35,0.55,0.56,0.97,"","hasarsız skill (base_damage 0): etki hareketin kendisi; vuruş 1: 0,88s@boss6,98m/oyuncu4,53m; kalıp sonu: merkeze 3,00 m, başlangıçtan 0,00 m, kalıp simülasyonundan 0,00 m, kalıp hedefi AllyDummy"
8-10,"Aynalı Yükseliş","Kılıç","ters_es",1,1,1,1,1,1,1,1,1,"yerinde","yerinde",0.00,"",3.00,1.35,0.43,0.44,0.85,"","hasarsız skill (base_damage 0): etki hareketin kendisi; vuruş 2: 0,55s@boss2,60m/oyuncu0,40m 0,75s@boss0,00m/oyuncu3,00m; kalıp sonu: merkeze 3,00 m, başlangıçtan 0,00 m, kalıp simülasyonundan 0,00 m"
8-11,"Kopya Yükseliş","Kılıç","golge_ulak",1,1,1,1,1,1,1,1,1,"yan","yan",0.00,"",2.43,1.35,1.35,1.36,1.77,"0/9 kare koşu","hasarsız skill (base_damage 0): etki hareketin kendisi; vuruş 2: 0,53s@boss3,26m/oyuncu0,35m 1,68s@boss2,85m/oyuncu1,46m; kalıp sonu: merkeze 2,43 m, başlangıçtan 1,41 m, kalıp simülasyonundan 0,00 m, kalıp hedefi AllyDummy"
8-12,"Akan Yükseliş","Kılıç","akinti_yolu",1,1,1,1,1,1,1,1,1,"geri","geri",0.00,"",3.00,1.35,0.92,0.94,1.34,"3/41 kare koşu, ayak/gövde hız oranı 1,01","hasarsız skill (base_damage 0): etki hareketin kendisi; vuruş 1: 1,22s@boss6,27m/oyuncu2,38m; kalıp sonu: merkeze 4,11 m, başlangıçtan 1,40 m, kalıp simülasyonundan 0,00 m, kalıp hedefi AllyDummy"
9-7,"Bulandırıcı Arınma","Kılıç","sis_ortusu",1,1,1,1,1,1,1,1,1,"yerinde","yerinde",0.00,"oyuncu +32000 can",3.00,1.35,0.30,0.30,0.67,"","vuruş 1: 0,53s@boss0,00m/oyuncu3,00m; kalıp sonu: merkeze 3,00 m, başlangıçtan 0,00 m, kalıp simülasyonundan 0,00 m"
9-8,"Yükselen Arınma","Kılıç","isik_sutunu",1,1,1,1,1,1,1,1,1,"yerinde","yerinde",0.00,"oyuncu +32000 can",3.00,1.35,0.47,0.48,0.83,"","vuruş 1: 0,70s@boss3,05m/oyuncu0,00m; kalıp sonu: merkeze 3,07 m, başlangıçtan 0,10 m, kalıp simülasyonundan 0,00 m, kalıp hedefi AllyDummy"
9-9,"Odaklı Arınma","Kılıç","mermi_sondur",1,1,1,1,1,1,1,1,1,"yerinde","yerinde",0.00,"oyuncu +32000 can",3.00,1.35,0.37,0.38,0.73,"","vuruş 1: 0,67s@boss6,98m/oyuncu4,53m; kalıp sonu: merkeze 3,00 m, başlangıçtan 0,00 m, kalıp simülasyonundan 0,00 m, kalıp hedefi AllyDummy"
9-10,"Aynalı Arınma","Kılıç","yer_degistir",1,1,1,1,1,1,1,1,1,"arka","arka",0.00,"oyuncu +32000 can",1.50,1.35,0.33,0.34,0.70,"0/1 kare koşu","vuruş 1: 0,63s@boss0,31m/oyuncu1,19m; kalıp sonu: merkeze 1,50 m, başlangıçtan 4,50 m, kalıp simülasyonundan 0,00 m; tek karede 4,50 m sıçrama (sınır 0,62 m @ 16 ms, t=0,47, faz degis, blink tasarım gereği)"
9-11,"Kopya Arınma","Kılıç","yem_kopya",1,1,1,1,1,1,1,1,1,"yerinde","yerinde",0.00,"oyuncu +32000 can",3.00,1.35,0.23,0.24,0.60,"","vuruş 1: 0,48s@boss2,98m/oyuncu1,29m; kalıp sonu: merkeze 3,00 m, başlangıçtan 0,00 m, kalıp simülasyonundan 0,00 m"
9-12,"Akan Arınma","Kılıç","nabiz",1,1,1,1,1,1,1,1,1,"yerinde","yerinde",0.00,"oyuncu +24000 can, dost +12000 can",3.00,1.35,3.17,3.18,3.54,"","vuruş 3: 1,53s@boss3,00m/oyuncu0,00m 2,54s@boss3,00m/oyuncu0,00m 3,54s@boss3,00m/oyuncu0,00m; kalıp sonu: merkeze 3,00 m, başlangıçtan 0,00 m, kalıp simülasyonundan 0,00 m"
10-7,"Bulandırıcı Yansı","Kılıç","sahte_goruntu",1,1,1,1,1,1,1,1,1,"geri","geri",0.00,"boss:Blind",3.00,1.35,0.43,0.44,0.85,"0/9 kare koşu","vuruş 3: 0,48s@boss3,06m/oyuncu1,37m 0,62s@boss3,06m/oyuncu1,37m 0,78s@boss3,58m/oyuncu0,00m; kalıp sonu: merkeze 3,90 m, başlangıçtan 0,90 m, kalıp simülasyonundan 0,00 m"
10-8,"Yükselen Yansı","Kılıç","yerden_buyuyen",1,1,1,1,1,1,1,1,1,"yerinde","yerinde",0.00,"",2.75,1.35,0.42,0.42,0.83,"","hasarsız skill (base_damage 0): etki hareketin kendisi; vuruş 1: 0,70s@boss0,00m/oyuncu2,82m; kalıp sonu: merkeze 2,75 m, başlangıçtan 0,25 m, kalıp simülasyonundan 0,00 m"
10-9,"Odaklı Yansı","Kılıç","koruyucu_isaret",1,1,1,1,1,1,1,1,1,"ön","ön",0.00,"",2.20,1.35,0.18,0.20,0.59,"3/11 kare koşu, ayak/gövde hız oranı 0,93","hasarsız skill (base_damage 0): etki hareketin kendisi; vuruş 1: 0,54s@boss2,05m/oyuncu0,35m; kalıp sonu: merkeze 2,20 m, başlangıçtan 0,80 m, kalıp simülasyonundan 0,00 m"
11-7,"Bulandırıcı Çağrı","Kılıç","sirt_saplama",1,1,1,1,1,1,1,1,1,"yerinde","yerinde",0.00,"boss:Blind",3.00,1.35,0.32,0.32,0.73,"","vuruş 1: 0,67s@boss0,00m/oyuncu3,00m; kalıp sonu: merkeze 3,00 m, başlangıçtan 0,00 m, kalıp simülasyonundan 0,00 m"
11-8,"Yükselen Çağrı","Kılıç","dostu_yerden",1,1,1,1,1,1,1,1,1,"yan","yan",0.00,"",2.96,1.35,0.76,0.78,1.18,"0/35 kare koşu","hasarsız skill (base_damage 0): etki hareketin kendisi; vuruş 1: 1,03s@boss2,81m/oyuncu0,95m; kalıp sonu: merkeze 2,99 m, başlangıçtan 0,91 m, kalıp simülasyonundan 0,00 m"
11-9,"Odaklı Çağrı","Kılıç","pesinden_av",1,1,1,1,1,1,1,1,1,"yerinde","yerinde",0.00,"",3.00,1.35,2.32,2.32,2.73,"","hasarsız skill (base_damage 0): etki hareketin kendisi; vuruş 1: 2,65s@boss0,00m/oyuncu3,00m; kalıp sonu: merkeze 3,00 m, başlangıçtan 0,00 m, kalıp simülasyonundan 0,00 m"
12-7,"Bulandırıcı Zaman","Kılıç","kum_saati",1,1,1,1,1,1,1,1,1,"yerinde","yerinde",0.00,"boss:Blind+Slow, boss hız x0,70",3.00,1.35,0.62,0.62,1.03,"","vuruş 1: 0,60s@boss0,28m/oyuncu3,28m; kalıp sonu: merkeze 3,00 m, başlangıçtan 0,00 m, kalıp simülasyonundan 0,00 m"
12-8,"Yükselen Zaman","Kılıç","isik_sutunu",1,1,1,1,1,1,1,1,1,"yerinde","yerinde",0.00,"oyuncu:Haste, oyuncu hız x1,50",2.90,1.35,0.47,0.48,0.88,"","vuruş 1: 0,75s@boss2,93m/oyuncu0,00m; kalıp sonu: merkeze 2,90 m, başlangıçtan 0,10 m, kalıp simülasyonundan 0,00 m"
12-9,"Odaklı Zaman","Kılıç","isaret_patlamasi",1,1,1,1,1,1,1,1,1,"yerinde","yerinde",0.00,"boss:Slow, boss hız x0,70",3.00,1.35,1.90,1.92,2.32,"","vuruş 1: 2,27s@boss0,00m/oyuncu3,00m; kalıp sonu: merkeze 3,00 m, başlangıçtan 0,00 m, kalıp simülasyonundan 0,00 m"
1-1,"Yoğun Vuruş","Çekiç","yukle_birak",1,1,1,1,1,1,1,1,1,"ön","ön",329480.00,"boss:Stun, boss hız x0,00",1.50,1.35,0.52,0.52,1.03,"0/11 kare koşu","vuruş 1: 0,97s@boss0,36m/oyuncu1,53m; kalıp sonu: merkeze 1,50 m, başlangıçtan 1,50 m, kalıp simülasyonundan 0,00 m; toparlanma 0,51 sn (tablo 0,26)"
1-2,"Emici Vuruş","Çekiç","kan_ceken_pence",1,1,1,1,1,1,1,1,1,"yerinde","yerinde",230128.00,"oyuncu +69037 can",1.35,1.35,0.37,0.38,0.88,"","vuruş 3: 0,60s@boss1,64m/oyuncu1,02m 0,72s@boss1,16m/oyuncu1,02m 0,85s@boss0,61m/oyuncu1,02m; kalıp sonu: merkeze 1,49 m, başlangıçtan 0,00 m, kalıp simülasyonundan 1,50 m, boss 1,51 m kaydı; toparlanma 0,51 sn (tablo 0,26)"
1-3,"Sıçrayan Vuruş","Çekiç","yan_yan_sekme",1,1,1,1,1,1,1,1,1,"geri","geri",239744.00,"",2.85,1.35,0.45,0.46,0.97,"0/27 kare koşu","vuruş 2: 0,63s@boss0,74m/oyuncu3,52m 0,92s@boss0,74m/oyuncu4,12m; kalıp sonu: merkeze 3,70 m, başlangıçtan 1,30 m, kalıp simülasyonundan 0,00 m; toparlanma 0,51 sn (tablo 0,26)"
1-4,"Sabit Vuruş","Çekiç","yere_cakilan",1,1,1,1,1,1,1,1,1,"yerinde","yerinde",238312.00,"boss:Stun, boss hız x0,00",2.80,1.35,0.42,0.42,0.93,"","vuruş 1: 0,88s@boss2,82m/oyuncu0,00m; kalıp sonu: merkeze 2,80 m, başlangıçtan 0,20 m, kalıp simülasyonundan 0,00 m; toparlanma 0,51 sn (tablo 0,26)"
1-5,"Yayılan Vuruş","Çekiç","donen_kesik",1,1,1,1,1,1,1,1,1,"yerinde","yerinde",312832.00,"",3.00,1.35,0.55,0.55,1.06,"","vuruş 1: 0,75s@boss3,00m/oyuncu0,00m; kalıp sonu: merkeze 3,00 m, başlangıçtan 0,00 m, kalıp simülasyonundan 0,00 m; toparlanma 0,51 sn (tablo 0,26)"
1-6,"Bağlayıcı Vuruş","Çekiç","zincirli_firlatma",1,1,1,1,1,1,1,1,1,"ön","ön",297016.00,"boss:Root+Slow, boss hız x0,00",1.50,1.35,0.70,0.70,1.22,"0/12 kare koşu","vuruş 2: 0,70s@boss0,45m/oyuncu3,45m 1,13s@boss0,73m/oyuncu1,28m; kalıp sonu: merkeze 1,50 m, başlangıçtan 1,50 m, kalıp simülasyonundan 0,00 m; toparlanma 0,51 sn (tablo 0,26)"
2-1,"Yoğun Şifa","Çekiç","tek_dokunus",1,1,1,1,1,1,1,1,1,"geri","geri",0.00,"oyuncu +168000 can",3.00,1.35,0.15,0.16,0.75,"0/9 kare koşu","vuruş 1: 0,70s@boss3,84m/oyuncu0,68m; kalıp sonu: merkeze 3,41 m, başlangıçtan 0,55 m, kalıp simülasyonundan 0,00 m, kalıp hedefi AllyDummy; toparlanma 0,59 sn (tablo 0,26)"
2-2,"Emici Şifa","Çekiç","uzaktan_emme",1,1,1,1,1,1,1,1,1,"yerinde","yerinde",53192.00,"oyuncu +56000 can, dost +56000 can",2.65,1.35,2.16,2.16,2.76,"","vuruş 4: 1,25s@boss0,19m/oyuncu2,72m 1,75s@boss0,10m/oyuncu2,72m 2,25s@boss0,02m/oyuncu2,72m 2,76s@boss0,07m/oyuncu2,72m; kalıp sonu: merkeze 2,65 m, başlangıçtan 0,35 m, kalıp simülasyonundan 0,00 m; toparlanma 0,59 sn (tablo 0,26)"
2-3,"Sıçrayan Şifa","Çekiç","dosttan_dosta",1,1,1,1,1,1,1,1,1,"yerinde","yerinde",0.00,"oyuncu +112000 can, dost +56000 can",3.00,1.35,0.53,0.54,1.13,"","vuruş 3: 0,75s@boss6,15m/oyuncu3,65m 0,85s@boss6,98m/oyuncu4,53m 1,05s@boss6,88m/oyuncu4,54m; kalıp sonu: merkeze 3,00 m, başlangıçtan 0,00 m, kalıp simülasyonundan 0,00 m, kalıp hedefi AllyDummy; toparlanma 0,59 sn (tablo 0,26)"
2-4,"Sabit Şifa","Çekiç","totem_dikme",1,1,1,1,1,1,1,1,1,"yerinde","yerinde",0.00,"oyuncu +168000 can",3.00,1.35,0.28,0.30,0.88,"","vuruş 1: 0,85s@boss3,10m/oyuncu0,00m; kalıp sonu: merkeze 3,11 m, başlangıçtan 0,15 m, kalıp simülasyonundan 0,00 m, kalıp hedefi AllyDummy; toparlanma 0,59 sn (tablo 0,26)"
2-5,"Yayılan Şifa","Çekiç","genisleyen_halka",1,1,1,1,1,1,1,1,1,"yerinde","yerinde",0.00,"oyuncu +168000 can",3.00,1.35,0.57,0.58,1.17,"","vuruş 1: 1,05s@boss3,00m/oyuncu0,00m; kalıp sonu: merkeze 3,00 m, başlangıçtan 0,00 m, kalıp simülasyonundan 0,00 m; toparlanma 0,59 sn (tablo 0,26)"
2-6,"Bağlayıcı Şifa","Çekiç","dostu_kanca",1,1,1,1,1,1,1,1,1,"geri","geri",0.00,"oyuncu +168000 can",3.00,1.35,0.52,0.52,1.12,"0/21 kare koşu","vuruş 1: 1,05s@boss5,79m/oyuncu0,40m; kalıp sonu: merkeze 5,92 m, başlangıçtan 3,40 m, kalıp simülasyonundan 0,00 m, kalıp hedefi AllyDummy; toparlanma 0,59 sn (tablo 0,26)"
3-1,"Yoğun Adım","Çekiç","isinlan_kes",1,1,1,1,1,1,1,1,1,"arka","arka",0.00,"",1.50,1.35,0.47,0.48,1.07,"0/1 kare koşu","hasarsız skill (base_damage 0): etki hareketin kendisi; vuruş 1: 1,02s@boss0,00m/oyuncu1,50m; kalıp sonu: merkeze 1,50 m, başlangıçtan 4,50 m, kalıp simülasyonundan 0,00 m; tek karede 4,50 m sıçrama (sınır 0,62 m @ 17 ms, t=0,97, faz isin, blink tasarım gereği); toparlanma 0,59 sn (tablo 0,26)"
3-2,"Emici Adım","Çekiç","icinden_emme",1,1,1,1,1,1,1,1,1,"arka","arka",0.00,"",0.10,1.35,0.28,0.28,0.88,"0/16 kare koşu","hasarsız skill (base_damage 0): etki hareketin kendisi; vuruş 1: 0,75s@boss0,98m/oyuncu1,36m; kalıp sonu: merkeze 2,65 m, başlangıçtan 5,57 m, kalıp simülasyonundan 0,08 m; gövdeye girdi: merkeze 0,10 m (t=0,73, temas 1,35) geçiş tasarım gereği; toparlanma 0,59 sn (tablo 0,26)"
3-3,"Sıçrayan Adım","Çekiç","sekmeli_ziplama",1,1,1,1,1,1,1,1,1,"arka","arka",0.00,"",1.50,1.35,0.60,0.60,1.20,"0/34 kare koşu","hasarsız skill (base_damage 0): etki hareketin kendisi; vuruş 3: 0,73s@boss2,05m/oyuncu0,00m 0,93s@boss1,50m/oyuncu0,00m 1,13s@boss1,50m/oyuncu0,00m; kalıp sonu: merkeze 1,50 m, başlangıçtan 4,50 m, kalıp simülasyonundan 0,00 m; toparlanma 0,59 sn (tablo 0,26)"
3-4,"Sabit Adım","Çekiç","geri_sarma",1,1,1,1,1,1,1,1,1,"başlangıç","başlangıç",0.00,"",1.50,1.35,2.65,2.66,3.25,"1/32 kare koşu, ayak/gövde hız oranı 1,00","hasarsız skill (base_damage 0): etki hareketin kendisi; kalıp sonu: merkeze 3,00 m, başlangıçtan 0,00 m, kalıp simülasyonundan 0,00 m; toparlanma 0,59 sn (tablo 0,26)"
3-5,"Yayılan Adım","Çekiç","dalis_patlamasi",1,1,1,1,1,1,1,1,1,"ön","ön",0.00,"",1.50,1.35,0.42,0.42,1.02,"0/16 kare koşu","hasarsız skill (base_damage 0): etki hareketin kendisi; vuruş 1: 0,90s@boss1,50m/oyuncu0,00m; kalıp sonu: merkeze 1,50 m, başlangıçtan 1,50 m, kalıp simülasyonundan 0,00 m; toparlanma 0,59 sn (tablo 0,26)"
3-6,"Bağlayıcı Adım","Çekiç","kanca_cekis",1,1,1,1,1,1,1,1,1,"arka","arka",0.00,"boss:Root+Slow, boss hız x0,00",1.50,1.35,0.73,0.74,1.33,"0/35 kare koşu","vuruş 1: 1,25s@boss0,00m/oyuncu1,50m; kalıp sonu: merkeze 1,50 m, başlangıçtan 4,50 m, kalıp simülasyonundan 0,00 m; toparlanma 0,59 sn (tablo 0,26)"
4-1,"Yoğun Kalkan","Çekiç","tam_zamanli",1,1,1,1,1,1,1,1,1,"yerinde","yerinde",0.00,"",3.00,1.35,0.48,0.50,1.01,"","hasarsız skill (base_damage 0): etki hareketin kendisi; vuruş 1: 0,86s@boss0,62m/oyuncu2,38m; kalıp sonu: merkeze 3,00 m, başlangıçtan 0,00 m, kalıp simülasyonundan 0,00 m; toparlanma 0,51 sn (tablo 0,26)"
4-2,"Emici Kalkan","Çekiç","kalkan_calma",1,1,1,1,1,1,1,1,1,"yerinde","yerinde",95000.00,"",1.35,1.35,0.18,0.20,0.70,"","vuruş 1: 0,63s@boss1,24m/oyuncu1,28m; kalıp sonu: merkeze 2,24 m, başlangıçtan 0,00 m, kalıp simülasyonundan 1,50 m, boss 0,76 m kaydı; toparlanma 0,51 sn (tablo 0,26)"
4-3,"Sıçrayan Kalkan","Çekiç","seken_disk",1,1,1,1,1,1,1,1,1,"yerinde","yerinde",0.00,"",3.00,1.35,0.42,0.42,0.93,"","hasarsız skill (base_damage 0): etki hareketin kendisi; vuruş 2: 0,68s@boss0,30m/oyuncu3,30m 0,82s@boss3,04m/oyuncu1,43m; kalıp sonu: merkeze 3,00 m, başlangıçtan 0,00 m, kalıp simülasyonundan 0,00 m; toparlanma 0,51 sn (tablo 0,26)"
5-1,"Yoğun Patlama","Çekiç","saplanan_fitil",1,1,1,1,1,1,1,1,1,"geri","geri",230368.00,"boss:Stun, boss hız x0,00",2.31,1.35,1.62,1.62,2.13,"0/23 kare koşu","vuruş 2: 0,63s@boss0,85m/oyuncu1,54m 2,12s@boss0,85m/oyuncu2,95m; kalıp sonu: merkeze 3,80 m, başlangıçtan 0,80 m, kalıp simülasyonundan 0,00 m; toparlanma 0,51 sn (tablo 0,26)"
5-2,"Emici Patlama","Çekiç","ceken_girdap",1,1,1,1,1,1,1,1,1,"yerinde","yerinde",160872.00,"oyuncu +48260 can",1.35,1.35,1.32,1.32,1.84,"","vuruş 3: 1,19s@boss0,00m/oyuncu1,35m 1,69s@boss0,00m/oyuncu1,35m 1,76s@boss0,00m/oyuncu1,35m; kalıp sonu: merkeze 1,35 m, başlangıçtan 0,00 m, kalıp simülasyonundan 0,00 m, boss 1,65 m kaydı; toparlanma 0,51 sn (tablo 0,26)"
5-3,"Sıçrayan Patlama","Çekiç","seken_bomba",1,1,1,1,1,1,1,1,1,"yerinde","yerinde",167352.00,"boss:Stun, boss hız x0,00",3.00,1.35,0.58,0.58,1.10,"","vuruş 3: 0,67s@boss0,40m/oyuncu3,40m 0,78s@boss0,00m/oyuncu3,00m 0,98s@boss0,35m/oyuncu3,02m; kalıp sonu: merkeze 3,00 m, başlangıçtan 0,00 m, kalıp simülasyonundan 0,00 m; toparlanma 0,51 sn (tablo 0,26)"
6-1,"Yoğun Bağ","Çekiç","sinir_noktasi",1,1,1,1,1,1,1,1,1,"ön","ön",66168.00,"boss:Stun, boss hız x0,00",1.50,1.35,0.33,0.34,0.85,"0/14 kare koşu","vuruş 1: 0,80s@boss0,91m/oyuncu0,59m; kalıp sonu: merkeze 1,50 m, başlangıçtan 1,50 m, kalıp simülasyonundan 0,00 m; toparlanma 0,51 sn (tablo 0,26)"
6-2,"Emici Bağ","Çekiç","bossu_cek",1,1,1,1,1,1,1,1,1,"geri","geri",43344.00,"boss:Root, boss hız x0,00, oyuncu +13002 can",1.43,1.35,0.43,0.44,0.95,"0/17 kare koşu","vuruş 1: 0,80s@boss2,44m/oyuncu1,36m; kalıp sonu: merkeze 3,68 m, başlangıçtan 1,60 m, kalıp simülasyonundan 0,00 m, boss 0,92 m kaydı; toparlanma 0,51 sn (tablo 0,26)"
6-3,"Sıçrayan Bağ","Çekiç","basip_sekme",1,1,1,1,1,1,1,1,1,"başlangıç","başlangıç",47032.00,"boss:Root+Stun, boss hız x0,00",1.50,1.35,0.52,0.52,1.03,"0/31 kare koşu","vuruş 1: 0,78s@boss1,59m/oyuncu0,00m; kalıp sonu: merkeze 3,20 m, başlangıçtan 0,20 m, kalıp simülasyonundan 0,00 m; toparlanma 0,51 sn (tablo 0,26)"
1-7,"Bulandırıcı Vuruş","Çekiç","dumandan_cikis",1,1,1,1,1,1,1,1,1,"ön","ön",242200.00,"boss:Blind",1.50,1.35,0.47,0.48,0.98,"0/11 kare koşu","vuruş 1: 0,90s@boss0,74m/oyuncu1,36m; kalıp sonu: merkeze 1,50 m, başlangıçtan 1,50 m, kalıp simülasyonundan 0,00 m; toparlanma 0,51 sn (tablo 0,26)"
1-8,"Yükselen Vuruş","Çekiç","havaya_kaldirma",1,1,1,1,1,1,1,1,1,"ön","ön",274160.00,"boss:Stun, boss hız x0,00",1.90,1.35,0.33,0.34,0.86,"0/19 kare koşu","vuruş 1: 0,67s@boss1,18m/oyuncu1,28m; kalıp sonu: merkeze 1,90 m, başlangıçtan 1,10 m, kalıp simülasyonundan 0,00 m; toparlanma 0,51 sn (tablo 0,26)"
1-9,"Odaklı Vuruş","Çekiç","isarete_vur",1,1,1,1,1,1,1,1,1,"ön","ön",391784.00,"",1.65,1.35,0.37,0.38,0.88,"0/9 kare koşu","vuruş 1: 0,82s@boss0,91m/oyuncu1,28m; kalıp sonu: merkeze 1,65 m, başlangıçtan 1,35 m, kalıp simülasyonundan 0,00 m; toparlanma 0,51 sn (tablo 0,26)"
2-7,"Bulandırıcı Şifa","Çekiç","sis_ortusu",1,1,1,1,1,1,1,1,1,"yerinde","yerinde",0.00,"oyuncu +168000 can",3.00,1.35,0.28,0.30,0.88,"","vuruş 1: 0,77s@boss0,00m/oyuncu3,00m; kalıp sonu: merkeze 3,00 m, başlangıçtan 0,00 m, kalıp simülasyonundan 0,00 m; toparlanma 0,59 sn (tablo 0,26)"
2-8,"Yükselen Şifa","Çekiç","yerden_buyuyen",1,1,1,1,1,1,1,1,1,"yerinde","yerinde",0.00,"oyuncu +168000 can",3.00,1.35,0.42,0.42,1.02,"","vuruş 1: 0,88s@boss6,98m/oyuncu4,35m; kalıp sonu: merkeze 3,18 m, başlangıçtan 0,25 m, kalıp simülasyonundan 0,00 m, kalıp hedefi AllyDummy; toparlanma 0,59 sn (tablo 0,26)"
2-9,"Odaklı Şifa","Çekiç","koruyucu_isaret",1,1,1,1,1,1,1,1,1,"geri","geri",0.00,"oyuncu +168000 can",3.00,1.35,0.18,0.20,0.78,"0/11 kare koşu","vuruş 1: 0,73s@boss3,73m/oyuncu0,35m; kalıp sonu: merkeze 3,61 m, başlangıçtan 0,80 m, kalıp simülasyonundan 0,00 m, kalıp hedefi AllyDummy; toparlanma 0,59 sn (tablo 0,26)"
3-7,"Bulandırıcı Adım","Çekiç","duman_kaybolma",1,1,1,1,1,1,1,1,1,"ön","ön",0.00,"boss:Blind, oyuncu:Stealth",1.50,1.35,0.57,0.59,1.17,"0/8 kare koşu","vuruş 1: 0,73s@boss1,50m/oyuncu0,00m; kalıp sonu: merkeze 1,50 m, başlangıçtan 1,50 m, kalıp simülasyonundan 0,00 m; toparlanma 0,59 sn (tablo 0,26)"
3-8,"Yükselen Adım","Çekiç","sicrayip_cakilma",1,1,1,1,1,1,1,1,1,"ön","ön",0.00,"oyuncu:Haste, oyuncu hız x1,10",1.50,1.35,0.81,0.82,1.41,"0/20 kare koşu","vuruş 1: 1,36s@boss1,50m/oyuncu0,00m; kalıp sonu: merkeze 1,50 m, başlangıçtan 1,50 m, kalıp simülasyonundan 0,00 m; toparlanma 0,59 sn (tablo 0,26)"
3-9,"Odaklı Adım","Çekiç","isinlan_kes",1,1,1,1,1,1,1,1,1,"arka","arka",0.00,"",1.50,1.35,0.47,0.48,1.07,"0/1 kare koşu","hasarsız skill (base_damage 0): etki hareketin kendisi; vuruş 1: 1,02s@boss0,00m/oyuncu1,50m; kalıp sonu: merkeze 1,50 m, başlangıçtan 4,50 m, kalıp simülasyonundan 0,00 m; tek karede 4,50 m sıçrama (sınır 0,62 m @ 17 ms, t=0,97, faz isin, blink tasarım gereği); toparlanma 0,59 sn (tablo 0,26)"
7-1,"Yoğun Zafiyet","Çekiç","diken_firlatma",1,1,1,1,1,1,1,1,1,"yerinde","yerinde",31920.00,"",3.00,1.35,0.38,0.40,0.97,"","vuruş 1: 0,94s@boss0,30m/oyuncu3,30m; kalıp sonu: merkeze 3,00 m, başlangıçtan 0,00 m, kalıp simülasyonundan 0,00 m; toparlanma 0,59 sn (tablo 0,26)"
7-2,"Emici Zafiyet","Çekiç","sokup_cekme",1,1,1,1,1,1,1,1,1,"geri","geri",26072.00,"oyuncu +7822 can",3.00,1.35,0.43,0.44,1.03,"0/15 kare koşu","vuruş 2: 0,73s@boss0,35m/oyuncu3,35m 0,90s@boss2,49m/oyuncu1,19m; kalıp sonu: merkeze 4,30 m, başlangıçtan 1,30 m, kalıp simülasyonundan 0,00 m; toparlanma 0,59 sn (tablo 0,26)"
7-3,"Sıçrayan Zafiyet","Çekiç","seken_yaratik",1,1,1,1,1,1,1,1,1,"yerinde","yerinde",26728.00,"",3.00,1.35,0.64,0.64,1.24,"","vuruş 3: 0,84s@boss0,00m/oyuncu3,00m 0,99s@boss0,35m/oyuncu3,02m 1,16s@boss0,35m/oyuncu3,02m; kalıp sonu: merkeze 3,00 m, başlangıçtan 0,00 m, kalıp simülasyonundan 0,00 m; toparlanma 0,59 sn (tablo 0,26)"
8-1,"Yoğun Yükseliş","Çekiç","kuculten_kapi",1,1,1,1,1,1,1,1,1,"yerinde","yerinde",0.00,"",3.00,1.35,0.27,0.28,0.87,"","hasarsız skill (base_damage 0): etki hareketin kendisi; vuruş 1: 0,77s@boss0,62m/oyuncu2,38m; kalıp sonu: merkeze 3,00 m, başlangıçtan 0,00 m, kalıp simülasyonundan 0,00 m; toparlanma 0,59 sn (tablo 0,26)"
8-2,"Emici Yükseliş","Çekiç","kan_muhru",1,1,1,1,1,1,1,1,1,"yerinde","yerinde",0.00,"",3.00,1.35,0.32,0.32,0.90,"","hasarsız skill (base_damage 0): etki hareketin kendisi; vuruş 1: 0,77s@boss3,00m/oyuncu0,00m; kalıp sonu: merkeze 3,00 m, başlangıçtan 0,00 m, kalıp simülasyonundan 0,00 m; toparlanma 0,59 sn (tablo 0,26)"
8-3,"Sıçrayan Yükseliş","Çekiç","pas_verme",1,1,1,1,1,1,1,1,1,"yerinde","yerinde",0.00,"",3.00,1.35,0.23,0.24,0.83,"","hasarsız skill (base_damage 0): etki hareketin kendisi; vuruş 1: 0,80s@boss6,06m/oyuncu3,55m; kalıp sonu: merkeze 3,00 m, başlangıçtan 0,00 m, kalıp simülasyonundan 0,00 m, kalıp hedefi AllyDummy; toparlanma 0,59 sn (tablo 0,26)"
9-1,"Yoğun Arınma","Çekiç","tek_dokunus",1,1,1,1,1,1,1,1,1,"geri","geri",0.00,"oyuncu +40000 can",3.00,1.35,0.17,0.16,0.77,"3/9 kare koşu, ayak/gövde hız oranı 1,00","vuruş 1: 0,70s@boss3,84m/oyuncu0,68m; kalıp sonu: merkeze 3,41 m, başlangıçtan 0,55 m, kalıp simülasyonundan 0,00 m, kalıp hedefi AllyDummy; toparlanma 0,59 sn (tablo 0,26)"
9-2,"Emici Arınma","Çekiç","cekip_firlat",1,1,1,1,1,1,1,1,1,"yerinde","yerinde",0.00,"oyuncu +16000 can, dost +24000 can",3.00,1.35,0.48,0.50,1.08,"","vuruş 2: 0,77s@boss2,65m/oyuncu0,35m 1,07s@boss0,30m/oyuncu3,30m; kalıp sonu: merkeze 3,00 m, başlangıçtan 0,00 m, kalıp simülasyonundan 0,00 m; toparlanma 0,59 sn (tablo 0,26)"
9-3,"Sıçrayan Arınma","Çekiç","dosttan_dosta",1,1,1,1,1,1,1,1,1,"yerinde","yerinde",0.00,"oyuncu +24000 can, dost +12000 can",3.00,1.35,0.52,0.54,1.12,"","vuruş 3: 0,77s@boss6,43m/oyuncu3,95m 0,86s@boss6,98m/oyuncu4,53m 1,04s@boss6,88m/oyuncu4,54m; kalıp sonu: merkeze 3,00 m, başlangıçtan 0,00 m, kalıp simülasyonundan 0,00 m, kalıp hedefi AllyDummy; toparlanma 0,59 sn (tablo 0,26)"
1-10,"Aynalı Vuruş","Çekiç","sirtta_kapi",1,1,1,1,1,1,1,1,1,"ön","ön",234224.00,"boss:Stun, boss hız x0,00",1.80,1.35,0.32,0.32,0.83,"0/11 kare koşu","vuruş 2: 0,63s@boss0,92m/oyuncu1,19m 0,75s@boss0,55m/oyuncu2,35m; kalıp sonu: merkeze 1,80 m, başlangıçtan 1,20 m, kalıp simülasyonundan 0,00 m; toparlanma 0,51 sn (tablo 0,26)"
1-11,"Kopya Vuruş","Çekiç","golge_yankisi",1,1,1,1,1,1,1,1,1,"ön","ön",247952.00,"",2.10,1.35,0.47,0.50,1.00,"0/10 kare koşu","vuruş 2: 0,62s@boss1,17m/oyuncu1,15m 0,92s@boss1,95m/oyuncu1,39m; kalıp sonu: merkeze 2,10 m, başlangıçtan 0,90 m, kalıp simülasyonundan 0,00 m; toparlanma 0,51 sn (tablo 0,26)"
1-12,"Akan Vuruş","Çekiç","basili_seri",1,1,1,1,1,1,1,1,1,"ön","ön",168336.00,"boss:Stun, boss hız x0,00",1.60,1.35,2.99,3.00,3.51,"","vuruş 6: 0,75s@boss1,74m/oyuncu1,15m 1,25s@boss1,50m/oyuncu1,15m 1,76s@boss1,26m/oyuncu1,15m 2,26s@boss1,03m/oyuncu1,15m 2,76s@boss0,80m/oyuncu1,15m 3,26s@boss0,56m/oyuncu1,15m; kalıp sonu: merkeze 1,60 m, başlangıçtan 1,40 m, kalıp simülasyonundan 0,00 m; toparlanma 0,51 sn (tablo 0,26)"
2-10,"Aynalı Şifa","Çekiç","ters_es",1,1,1,1,1,1,1,1,1,"yerinde","yerinde",16800.00,"oyuncu +112000 can",3.00,1.35,0.43,0.44,1.03,"","vuruş 2: 0,73s@boss2,60m/oyuncu0,40m 0,93s@boss0,00m/oyuncu3,00m; kalıp sonu: merkeze 3,00 m, başlangıçtan 0,00 m, kalıp simülasyonundan 0,00 m; toparlanma 0,59 sn (tablo 0,26)"
2-11,"Kopya Şifa","Çekiç","golge_ulak",1,1,1,1,1,1,1,1,1,"yan","yan",0.00,"oyuncu +100000 can, dost +68000 can",2.43,1.35,1.35,1.36,1.95,"0/9 kare koşu","vuruş 2: 0,72s@boss3,26m/oyuncu0,35m 1,87s@boss2,85m/oyuncu1,46m; kalıp sonu: merkeze 2,43 m, başlangıçtan 1,41 m, kalıp simülasyonundan 0,00 m, kalıp hedefi AllyDummy; toparlanma 0,59 sn (tablo 0,26)"
2-12,"Akan Şifa","Çekiç","basili_isik",1,1,1,1,1,1,1,1,1,"geri","geri",0.00,"oyuncu +84000 can, dost +84000 can",3.00,1.35,3.00,3.00,3.59,"","vuruş 6: 0,84s@boss5,38m/oyuncu2,72m 1,34s@boss5,56m/oyuncu2,72m 1,84s@boss5,75m/oyuncu2,72m 2,34s@boss5,93m/oyuncu2,72m 2,84s@boss6,12m/oyuncu2,72m 3,34s@boss6,31m/oyuncu2,72m; kalıp sonu: merkeze 3,94 m, başlangıçtan 1,20 m, kalıp simülasyonundan 0,00 m, kalıp hedefi AllyDummy; toparlanma 0,59 sn (tablo 0,26)"
3-10,"Aynalı Adım","Çekiç","iki_kapi",1,1,1,1,1,1,1,1,1,"ön","ön",0.00,"",1.50,1.35,0.53,0.54,1.12,"0/16 kare koşu","hasarsız skill (base_damage 0): etki hareketin kendisi; vuruş 2: 0,64s@boss3,00m/oyuncu0,00m 1,04s@boss1,50m/oyuncu0,00m; kalıp sonu: merkeze 1,50 m, başlangıçtan 1,50 m, kalıp simülasyonundan 0,00 m; toparlanma 0,59 sn (tablo 0,26)"
3-11,"Kopya Adım","Çekiç","yem_kac",1,1,1,1,1,1,1,1,1,"geri","geri",0.00,"",3.00,1.35,0.40,0.40,1.00,"0/17 kare koşu","hasarsız skill (base_damage 0): etki hareketin kendisi; vuruş 1: 0,65s@boss3,00m/oyuncu0,00m; kalıp sonu: merkeze 5,80 m, başlangıçtan 2,80 m, kalıp simülasyonundan 0,00 m; toparlanma 0,59 sn (tablo 0,26)"
3-12,"Akan Adım","Çekiç","suzulme",1,1,1,1,1,1,1,1,1,"ön","ön",0.00,"",1.90,1.35,2.99,3.00,3.59,"","hasarsız skill (base_damage 0): etki hareketin kendisi; kalıp sonu: merkeze 1,90 m, başlangıçtan 1,10 m, kalıp simülasyonundan 0,00 m; toparlanma 0,59 sn (tablo 0,26)"
10-1,"Yoğun Yansı","Çekiç","tam_zamanli",1,1,1,1,1,1,1,1,1,"yerinde","yerinde",0.00,"",3.00,1.35,0.48,0.50,1.08,"","hasarsız skill (base_damage 0): etki hareketin kendisi; vuruş 1: 0,93s@boss0,62m/oyuncu2,38m; kalıp sonu: merkeze 3,00 m, başlangıçtan 0,00 m, kalıp simülasyonundan 0,00 m; toparlanma 0,59 sn (tablo 0,26)"
10-2,"Emici Yansı","Çekiç","yutan_girdap",1,1,1,1,1,1,1,1,1,"yerinde","yerinde",0.00,"",1.35,1.35,3.17,3.18,3.77,"","hasarsız skill (base_damage 0): etki hareketin kendisi; vuruş 4: 1,52s@boss1,03m/oyuncu2,38m 2,27s@boss1,03m/oyuncu2,38m 3,02s@boss1,03m/oyuncu2,38m 3,77s@boss1,03m/oyuncu2,38m; kalıp sonu: merkeze 1,35 m, başlangıçtan 0,00 m, kalıp simülasyonundan 0,00 m, boss 1,65 m kaydı; toparlanma 0,59 sn (tablo 0,26)"
10-3,"Sıçrayan Yansı","Çekiç","seken_geri",1,1,1,1,1,1,1,1,1,"ön","ön",0.00,"",1.90,1.35,0.35,0.36,0.95,"0/10 kare koşu","hasarsız skill (base_damage 0): etki hareketin kendisi; vuruş 2: 0,68s@boss0,78m/oyuncu1,53m 0,83s@boss0,00m/oyuncu1,90m; kalıp sonu: merkeze 1,90 m, başlangıçtan 1,10 m, kalıp simülasyonundan 0,00 m; toparlanma 0,59 sn (tablo 0,26)"
10-10,"Aynalı Yansı","Çekiç","iki_kapi",1,1,1,1,1,1,1,1,1,"ön","ön",0.00,"",1.50,1.35,0.53,0.54,1.13,"0/17 kare koşu","hasarsız skill (base_damage 0): etki hareketin kendisi; vuruş 2: 0,64s@boss3,00m/oyuncu0,00m 1,04s@boss1,50m/oyuncu0,00m; kalıp sonu: merkeze 1,50 m, başlangıçtan 1,50 m, kalıp simülasyonundan 0,00 m; toparlanma 0,59 sn (tablo 0,26)"
10-11,"Kopya Yansı","Çekiç","yem_kopya",1,1,1,1,1,1,1,1,1,"yerinde","yerinde",0.00,"",3.00,1.35,0.23,0.24,0.83,"","hasarsız skill (base_damage 0): etki hareketin kendisi; vuruş 1: 0,72s@boss2,98m/oyuncu1,29m; kalıp sonu: merkeze 3,00 m, başlangıçtan 0,00 m, kalıp simülasyonundan 0,00 m; toparlanma 0,59 sn (tablo 0,26)"
10-12,"Akan Yansı","Çekiç","basili_siper",1,1,1,1,1,1,1,1,1,"ön","ön",0.00,"",2.20,1.35,2.99,3.00,3.59,"","hasarsız skill (base_damage 0): etki hareketin kendisi; vuruş 3: 1,35s@boss0,42m/oyuncu2,38m 2,34s@boss0,15m/oyuncu2,38m 3,34s@boss0,12m/oyuncu2,38m; kalıp sonu: merkeze 2,20 m, başlangıçtan 0,80 m, kalıp simülasyonundan 0,00 m; toparlanma 0,59 sn (tablo 0,26)"
11-1,"Yoğun Çağrı","Çekiç","sirt_saplama",1,1,1,1,1,1,1,1,1,"yerinde","yerinde",0.00,"",3.00,1.35,0.32,0.32,0.92,"","hasarsız skill (base_damage 0): etki hareketin kendisi; vuruş 1: 0,85s@boss0,00m/oyuncu3,00m; kalıp sonu: merkeze 3,00 m, başlangıçtan 0,00 m, kalıp simülasyonundan 0,00 m; toparlanma 0,59 sn (tablo 0,26)"
11-2,"Emici Çağrı","Çekiç","yapisan",1,1,1,1,1,1,1,1,1,"yerinde","yerinde",0.00,"",1.35,1.35,5.17,5.18,5.76,"","hasarsız skill (base_damage 0): etki hareketin kendisi; vuruş 6: 0,74s@boss0,20m/oyuncu2,58m 1,76s@boss0,00m/oyuncu1,35m 2,76s@boss0,00m/oyuncu1,35m 3,76s@boss0,00m/oyuncu1,35m 4,76s@boss0,00m/oyuncu1,35m 5,76s@boss0,00m/oyuncu1,35m; kalıp sonu: merkeze 1,35 m, başlangıçtan 0,00 m, kalıp simülasyonundan 0,00 m, boss 1,65 m kaydı; toparlanma 0,59 sn (tablo 0,26)"
11-3,"Sıçrayan Çağrı","Çekiç","seken_yaratik",1,1,1,1,1,1,1,1,1,"yerinde","yerinde",0.00,"",3.00,1.35,0.63,0.64,1.23,"","hasarsız skill (base_damage 0): etki hareketin kendisi; vuruş 3: 0,83s@boss0,00m/oyuncu3,00m 0,98s@boss0,35m/oyuncu3,02m 1,15s@boss0,35m/oyuncu3,02m; kalıp sonu: merkeze 3,00 m, başlangıçtan 0,00 m, kalıp simülasyonundan 0,00 m; toparlanma 0,59 sn (tablo 0,26)"
11-10,"Aynalı Çağrı","Çekiç","takim_kapisi",1,1,1,1,1,1,1,1,1,"yerinde","yerinde",0.00,"",3.00,1.35,1.23,1.24,1.83,"","hasarsız skill (base_damage 0): etki hareketin kendisi; vuruş 1: 0,73s@boss3,00m/oyuncu0,00m; kalıp sonu: merkeze 3,00 m, başlangıçtan 0,00 m, kalıp simülasyonundan 0,00 m; toparlanma 0,59 sn (tablo 0,26)"
11-11,"Kopya Çağrı","Çekiç","ayna_klonlar",1,1,1,1,1,1,1,1,1,"yerinde","yerinde",0.00,"",3.00,1.35,0.49,0.50,1.09,"","hasarsız skill (base_damage 0): etki hareketin kendisi; vuruş 2: 0,83s@boss2,93m/oyuncu1,41m 1,00s@boss2,93m/oyuncu1,41m; kalıp sonu: merkeze 3,00 m, başlangıçtan 0,00 m, kalıp simülasyonundan 0,00 m; toparlanma 0,59 sn (tablo 0,26)"
11-12,"Akan Çağrı","Çekiç","kapidan_akin",1,1,1,1,1,1,1,1,1,"yerinde","yerinde",0.00,"",3.00,1.35,4.19,4.20,4.79,"","hasarsız skill (base_damage 0): etki hareketin kendisi; vuruş 6: 0,80s@boss0,85m/oyuncu2,15m 1,58s@boss0,00m/oyuncu3,00m 2,38s@boss0,00m/oyuncu3,00m 3,19s@boss0,00m/oyuncu3,00m 3,99s@boss0,00m/oyuncu3,00m 4,79s@boss0,00m/oyuncu3,00m; kalıp sonu: merkeze 3,00 m, başlangıçtan 0,00 m, kalıp simülasyonundan 0,00 m; toparlanma 0,59 sn (tablo 0,26)"
12-1,"Yoğun Zaman","Çekiç","zamanli_donma",1,1,1,1,1,1,1,1,1,"ön","ön",0.00,"boss:Slow, boss hız x0,70",1.50,1.35,0.49,0.50,1.09,"0/9 kare koşu","vuruş 1: 1,04s@boss0,62m/oyuncu1,28m; kalıp sonu: merkeze 1,50 m, başlangıçtan 1,50 m, kalıp simülasyonundan 0,00 m; toparlanma 0,59 sn (tablo 0,26)"
12-2,"Emici Zaman","Çekiç","ceken_girdap",1,1,1,1,1,1,1,1,1,"yerinde","yerinde",0.00,"boss:Slow, oyuncu:Haste, boss hız x0,70, oyuncu hız x1,30",3.00,1.35,1.32,1.32,1.92,"","vuruş 3: 1,27s@boss0,00m/oyuncu3,00m 1,77s@boss0,00m/oyuncu3,00m 1,83s@boss0,00m/oyuncu3,00m; kalıp sonu: merkeze 3,00 m, başlangıçtan 0,00 m, kalıp simülasyonundan 0,00 m; toparlanma 0,59 sn (tablo 0,26)"
12-3,"Sıçrayan Zaman","Çekiç","geri_donen_kure",1,1,1,1,1,1,1,1,1,"yerinde","yerinde",0.00,"boss:Slow, boss hız x0,70",3.00,1.35,0.48,0.50,1.07,"","vuruş 2: 0,75s@boss0,30m/oyuncu3,30m 0,99s@boss0,96m/oyuncu2,04m; kalıp sonu: merkeze 3,00 m, başlangıçtan 0,00 m, kalıp simülasyonundan 0,00 m; toparlanma 0,59 sn (tablo 0,26)"
12-10,"Aynalı Zaman","Çekiç","boss_geri",1,1,1,1,1,1,1,1,1,"yerinde","yerinde",0.00,"boss:Slow, boss hız x0,70",3.00,1.35,0.45,0.46,1.05,"","vuruş 1: 0,78s@boss0,30m/oyuncu3,30m; kalıp sonu: merkeze 3,00 m, başlangıçtan 0,00 m, kalıp simülasyonundan 0,00 m; toparlanma 0,59 sn (tablo 0,26)"
12-11,"Kopya Zaman","Çekiç","geri_sarma",1,1,1,1,1,1,1,1,1,"başlangıç","başlangıç",0.00,"",1.50,1.35,2.66,2.66,3.26,"0/31 kare koşu","hasarsız skill (base_damage 0): etki hareketin kendisi; kalıp sonu: merkeze 3,00 m, başlangıçtan 0,00 m, kalıp simülasyonundan 0,00 m; toparlanma 0,59 sn (tablo 0,26)"
12-12,"Akan Zaman","Çekiç","yuruyen_balon",1,1,1,1,1,1,1,1,1,"ön","ön",0.00,"boss:Slow, boss hız x0,70",1.80,1.35,4.19,4.20,4.79,"","vuruş 5: 0,68s@boss3,00m/oyuncu0,00m 1,81s@boss2,69m/oyuncu0,00m 2,78s@boss2,40m/oyuncu0,00m 3,79s@boss2,10m/oyuncu0,00m 4,79s@boss1,80m/oyuncu0,00m; kalıp sonu: merkeze 1,80 m, başlangıçtan 1,20 m, kalıp simülasyonundan 0,00 m; toparlanma 0,59 sn (tablo 0,26)"
4-4,"Sabit Kalkan","Çekiç","duvar_dikme",1,1,1,1,1,1,1,1,1,"yerinde","yerinde",0.00,"",3.00,1.35,0.32,0.32,0.83,"","hasarsız skill (base_damage 0): etki hareketin kendisi; vuruş 1: 0,72s@boss0,62m/oyuncu2,38m; kalıp sonu: merkeze 3,00 m, başlangıçtan 0,00 m, kalıp simülasyonundan 0,00 m; toparlanma 0,51 sn (tablo 0,26)"
4-5,"Yayılan Kalkan","Çekiç","onde_yelpaze",1,1,1,1,1,1,1,1,1,"yerinde","yerinde",0.00,"",3.00,1.35,0.62,0.63,1.13,"","hasarsız skill (base_damage 0): etki hareketin kendisi; vuruş 1: 0,95s@boss1,88m/oyuncu1,12m; kalıp sonu: merkeze 3,00 m, başlangıçtan 0,00 m, kalıp simülasyonundan 0,00 m; toparlanma 0,51 sn (tablo 0,26)"
4-6,"Bağlayıcı Kalkan","Çekiç","zincirli_firlatma",1,1,1,1,1,1,1,1,1,"ön","ön",0.00,"",1.50,1.35,0.68,0.70,1.20,"0/11 kare koşu","hasarsız skill (base_damage 0): etki hareketin kendisi; vuruş 2: 0,70s@boss0,45m/oyuncu3,45m 1,13s@boss0,72m/oyuncu1,28m; kalıp sonu: merkeze 1,50 m, başlangıçtan 1,50 m, kalıp simülasyonundan 0,00 m; toparlanma 0,51 sn (tablo 0,26)"
4-7,"Bulandırıcı Kalkan","Çekiç","duman_duvari",1,1,1,1,1,1,1,1,1,"yerinde","yerinde",0.00,"",2.80,1.35,0.50,0.52,1.02,"","hasarsız skill (base_damage 0): etki hareketin kendisi; vuruş 1: 0,70s@boss0,42m/oyuncu2,38m; kalıp sonu: merkeze 2,80 m, başlangıçtan 0,20 m, kalıp simülasyonundan 0,00 m; toparlanma 0,51 sn (tablo 0,26)"
4-8,"Yükselen Kalkan","Çekiç","yerden_buyuyen",1,1,1,1,1,1,1,1,1,"yerinde","yerinde",0.00,"",3.00,1.35,0.42,0.42,0.93,"","hasarsız skill (base_damage 0): etki hareketin kendisi; vuruş 1: 0,80s@boss6,98m/oyuncu4,35m; kalıp sonu: merkeze 3,18 m, başlangıçtan 0,25 m, kalıp simülasyonundan 0,00 m, kalıp hedefi AllyDummy; toparlanma 0,51 sn (tablo 0,26)"
4-9,"Odaklı Kalkan","Çekiç","koruyucu_isaret",1,1,1,1,1,1,1,1,1,"geri","geri",0.00,"",3.00,1.35,0.18,0.20,0.70,"0/11 kare koşu","hasarsız skill (base_damage 0): etki hareketin kendisi; vuruş 1: 0,65s@boss3,73m/oyuncu0,35m; kalıp sonu: merkeze 3,61 m, başlangıçtan 0,80 m, kalıp simülasyonundan 0,00 m, kalıp hedefi AllyDummy; toparlanma 0,51 sn (tablo 0,26)"
5-4,"Sabit Patlama","Çekiç","mayin_cakma",1,1,1,1,1,1,1,1,1,"yerinde","yerinde",172760.00,"boss:Stun, boss hız x0,00",3.00,1.35,0.42,0.42,0.93,"","vuruş 2: 0,73s@boss0,85m/oyuncu2,15m 0,82s@boss0,85m/oyuncu2,15m; kalıp sonu: merkeze 3,00 m, başlangıçtan 0,00 m, kalıp simülasyonundan 0,00 m; toparlanma 0,51 sn (tablo 0,26)"
5-5,"Yayılan Patlama","Çekiç","yer_yarigi",1,1,1,1,1,1,1,1,1,"ön","ön",140904.00,"",1.50,1.35,0.55,0.56,1.07,"0/26 kare koşu","vuruş 3: 0,78s@boss0,35m/oyuncu1,28m 0,90s@boss0,14m/oyuncu1,36m 1,03s@boss0,23m/oyuncu1,28m; kalıp sonu: merkeze 1,50 m, başlangıçtan 2,07 m, kalıp simülasyonundan 0,00 m; toparlanma 0,51 sn (tablo 0,26)"
5-6,"Bağlayıcı Patlama","Çekiç","gerilip_kopan",1,1,1,1,1,1,1,1,1,"geri","geri",175680.00,"boss:Root+Slow, boss hız x0,00",1.35,1.35,0.57,0.58,1.08,"0/27 kare koşu","vuruş 2: 0,67s@boss0,85m/oyuncu0,89m 1,02s@boss0,85m/oyuncu2,65m; kalıp sonu: merkeze 3,14 m, başlangıçtan 0,50 m, kalıp simülasyonundan 0,00 m, boss 0,36 m kaydı; toparlanma 0,51 sn (tablo 0,26)"
5-7,"Bulandırıcı Patlama","Çekiç","sis_bombasi",1,1,1,1,1,1,1,1,1,"yerinde","yerinde",163808.00,"boss:Blind+Stun, oyuncu:Stealth, boss hız x0,00",3.00,1.35,0.22,0.22,0.74,"","vuruş 1: 0,71s@boss0,35m/oyuncu3,35m; kalıp sonu: merkeze 3,00 m, başlangıçtan 0,00 m, kalıp simülasyonundan 0,00 m; toparlanma 0,51 sn (tablo 0,26)"
5-8,"Yükselen Patlama","Çekiç","yerden_fiskirma",1,1,1,1,1,1,1,1,1,"ön","ön",185616.00,"boss:Stun, boss hız x0,00",2.60,1.35,0.43,0.44,0.95,"","vuruş 1: 0,82s@boss0,00m/oyuncu2,78m; kalıp sonu: merkeze 2,60 m, başlangıçtan 0,40 m, kalıp simülasyonundan 0,00 m; toparlanma 0,51 sn (tablo 0,26)"
5-9,"Odaklı Patlama","Çekiç","gudumlu_top",1,1,1,1,1,1,1,1,1,"yerinde","yerinde",292920.00,"",3.00,1.35,0.55,0.56,1.07,"","vuruş 1: 0,98s@boss0,00m/oyuncu3,00m; kalıp sonu: merkeze 3,00 m, başlangıçtan 0,00 m, kalıp simülasyonundan 0,00 m; toparlanma 0,51 sn (tablo 0,26)"
6-4,"Sabit Bağ","Çekiç","karsilikli_kilit",1,1,1,1,1,1,1,1,1,"ön","ön",69344.00,"boss:Root, boss hız x0,00",1.50,1.35,3.24,3.24,3.75,"0/15 kare koşu","vuruş 1: 0,98s@boss0,40m/oyuncu1,11m; kalıp sonu: merkeze 1,50 m, başlangıçtan 1,50 m, kalıp simülasyonundan 0,00 m; toparlanma 0,51 sn (tablo 0,26)"
6-5,"Yayılan Bağ","Çekiç","yer_tuzagi",1,1,1,1,1,1,1,1,1,"yerinde","yerinde",40488.00,"boss:Root+Stun, boss hız x0,00",3.00,1.35,0.27,0.28,0.78,"","vuruş 1: 0,68s@boss0,62m/oyuncu2,38m; kalıp sonu: merkeze 3,00 m, başlangıçtan 0,00 m, kalıp simülasyonundan 0,00 m; toparlanma 0,51 sn (tablo 0,26)"
6-6,"Bağlayıcı Bağ","Çekiç","iki_uclu",1,1,1,1,1,1,1,1,1,"yerinde","yerinde",73568.00,"boss:Root+Slow, boss hız x0,00",3.00,1.35,0.63,0.65,1.15,"","vuruş 1: 0,68s@boss0,28m/oyuncu3,28m; kalıp sonu: merkeze 3,00 m, başlangıçtan 0,00 m, kalıp simülasyonundan 0,00 m; toparlanma 0,51 sn (tablo 0,26)"
6-7,"Bulandırıcı Bağ","Çekiç","goz_bagi",1,1,1,1,1,1,1,1,1,"yerinde","yerinde",45656.00,"boss:Blind+Root+Stun, boss hız x0,00",3.00,1.35,0.19,0.20,0.71,"","vuruş 1: 0,68s@boss0,28m/oyuncu3,28m; kalıp sonu: merkeze 3,00 m, başlangıçtan 0,00 m, kalıp simülasyonundan 0,00 m; toparlanma 0,51 sn (tablo 0,26)"
6-8,"Yükselen Bağ","Çekiç","havada_asma",1,1,1,1,1,1,1,1,1,"ön","ön",51768.00,"boss:Root+Stun, boss hız x0,00",1.50,1.35,1.13,1.14,1.65,"0/21 kare koşu","vuruş 1: 1,02s@boss1,50m/oyuncu0,00m; kalıp sonu: merkeze 1,50 m, başlangıçtan 1,50 m, kalıp simülasyonundan 0,00 m; toparlanma 0,51 sn (tablo 0,26)"
6-9,"Odaklı Bağ","Çekiç","zamanli_donma",1,1,1,1,1,1,1,1,1,"ön","ön",81752.00,"boss:Root, boss hız x0,00",1.50,1.35,0.50,0.50,1.02,"0/10 kare koşu","vuruş 1: 0,95s@boss0,70m/oyuncu1,28m; kalıp sonu: merkeze 1,50 m, başlangıçtan 1,50 m, kalıp simülasyonundan 0,00 m; toparlanma 0,51 sn (tablo 0,26)"
7-4,"Sabit Zafiyet","Çekiç","mayin_cakma",1,1,1,1,1,1,1,1,1,"yerinde","yerinde",24936.00,"",3.00,1.35,0.42,0.42,1.01,"","vuruş 2: 0,81s@boss0,85m/oyuncu2,15m 0,87s@boss0,85m/oyuncu2,15m; kalıp sonu: merkeze 3,00 m, başlangıçtan 0,00 m, kalıp simülasyonundan 0,00 m; toparlanma 0,59 sn (tablo 0,26)"
7-5,"Yayılan Zafiyet","Çekiç","onde_yelpaze",1,1,1,1,1,1,1,1,1,"yerinde","yerinde",21952.00,"",3.00,1.35,0.62,0.63,1.22,"","vuruş 1: 1,03s@boss1,88m/oyuncu1,12m; kalıp sonu: merkeze 3,00 m, başlangıçtan 0,00 m, kalıp simülasyonundan 0,00 m; toparlanma 0,59 sn (tablo 0,26)"
7-6,"Bağlayıcı Zafiyet","Çekiç","dost_ip",1,1,1,1,1,1,1,1,1,"yerinde","yerinde",26608.00,"boss:Root+Slow, boss hız x0,00",3.00,1.35,0.62,0.62,1.22,"","vuruş 1: 0,79s@boss0,28m/oyuncu3,28m; kalıp sonu: merkeze 3,00 m, başlangıçtan 0,00 m, kalıp simülasyonundan 0,00 m; toparlanma 0,59 sn (tablo 0,26)"
8-4,"Sabit Yükseliş","Çekiç","totem_dikme",1,1,1,1,1,1,1,1,1,"yerinde","yerinde",0.00,"",3.00,1.35,0.28,0.30,0.88,"","hasarsız skill (base_damage 0): etki hareketin kendisi; vuruş 1: 0,85s@boss3,10m/oyuncu0,00m; kalıp sonu: merkeze 3,11 m, başlangıçtan 0,15 m, kalıp simülasyonundan 0,00 m, kalıp hedefi AllyDummy; toparlanma 0,59 sn (tablo 0,26)"
8-5,"Yayılan Yükseliş","Çekiç","savas_narasi",1,1,1,1,1,1,1,1,1,"yerinde","yerinde",0.00,"",3.00,1.35,0.35,0.36,0.95,"","hasarsız skill (base_damage 0): etki hareketin kendisi; vuruş 1: 0,78s@boss3,00m/oyuncu0,00m; kalıp sonu: merkeze 3,00 m, başlangıçtan 0,00 m, kalıp simülasyonundan 0,00 m; toparlanma 0,59 sn (tablo 0,26)"
8-6,"Bağlayıcı Yükseliş","Çekiç","dost_dosta",1,1,1,1,1,1,1,1,1,"yan","yan",0.00,"",2.38,1.35,0.50,0.52,1.10,"0/13 kare koşu","hasarsız skill (base_damage 0): etki hareketin kendisi; vuruş 3: 0,67s@boss4,05m/oyuncu1,22m 0,87s@boss2,68m/oyuncu1,41m 1,04s@boss4,76m/oyuncu2,38m; kalıp sonu: merkeze 2,38 m, başlangıçtan 1,41 m, kalıp simülasyonundan 0,00 m, kalıp hedefi AllyDummy; toparlanma 0,59 sn (tablo 0,26)"
9-4,"Sabit Arınma","Çekiç","yer_tuzagi",1,1,1,1,1,1,1,1,1,"yerinde","yerinde",0.00,"oyuncu +40000 can",3.00,1.35,0.27,0.28,0.87,"","vuruş 1: 0,77s@boss0,62m/oyuncu2,38m; kalıp sonu: merkeze 3,00 m, başlangıçtan 0,00 m, kalıp simülasyonundan 0,00 m; toparlanma 0,59 sn (tablo 0,26)"
9-5,"Yayılan Arınma","Çekiç","dagilan_yagmur",1,1,1,1,1,1,1,1,1,"yerinde","yerinde",0.00,"oyuncu +40000 can",3.00,1.35,0.57,0.58,1.17,"","vuruş 1: 1,00s@boss3,00m/oyuncu0,00m; kalıp sonu: merkeze 3,00 m, başlangıçtan 0,00 m, kalıp simülasyonundan 0,00 m, kalıp hedefi AllyDummy; toparlanma 0,59 sn (tablo 0,26)"
9-6,"Bağlayıcı Arınma","Çekiç","iki_uclu",1,1,1,1,1,1,1,1,1,"yerinde","yerinde",0.00,"oyuncu +40000 can",3.00,1.35,0.64,0.65,1.24,"","vuruş 1: 0,76s@boss5,89m/oyuncu3,38m; kalıp sonu: merkeze 3,00 m, başlangıçtan 0,00 m, kalıp simülasyonundan 0,00 m, kalıp hedefi AllyDummy; toparlanma 0,59 sn (tablo 0,26)"
4-10,"Aynalı Kalkan","Çekiç","sirtta_kapi",1,1,1,1,1,1,1,1,1,"ön","ön",30000.00,"",1.80,1.35,0.32,0.32,0.83,"0/11 kare koşu","vuruş 2: 0,62s@boss1,03m/oyuncu1,19m 0,75s@boss0,55m/oyuncu2,35m; kalıp sonu: merkeze 1,80 m, başlangıçtan 1,20 m, kalıp simülasyonundan 0,00 m; toparlanma 0,51 sn (tablo 0,26)"
4-11,"Kopya Kalkan","Çekiç","yem_kopya",1,1,1,1,1,1,1,1,1,"yerinde","yerinde",0.00,"",3.00,1.35,0.24,0.24,0.75,"","hasarsız skill (base_damage 0): etki hareketin kendisi; vuruş 1: 0,63s@boss2,98m/oyuncu1,29m; kalıp sonu: merkeze 3,00 m, başlangıçtan 0,00 m, kalıp simülasyonundan 0,00 m; toparlanma 0,51 sn (tablo 0,26)"
4-12,"Akan Kalkan","Çekiç","basili_siper",1,1,1,1,1,1,1,1,1,"geri","geri",0.00,"",3.00,1.35,2.99,3.00,3.51,"","hasarsız skill (base_damage 0): etki hareketin kendisi; vuruş 3: 1,25s@boss5,16m/oyuncu2,38m 2,25s@boss5,40m/oyuncu2,38m 3,26s@boss5,65m/oyuncu2,38m; kalıp sonu: merkeze 3,61 m, başlangıçtan 0,80 m, kalıp simülasyonundan 0,00 m, kalıp hedefi AllyDummy; toparlanma 0,51 sn (tablo 0,26)"
5-10,"Aynalı Patlama","Çekiç","karsi_darbe",1,1,1,1,1,1,1,1,1,"ön","ön",172560.00,"boss:Stun, boss hız x0,00",1.70,1.35,0.35,0.36,0.86,"0/9 kare koşu","vuruş 1: 0,80s@boss0,83m/oyuncu1,36m; kalıp sonu: merkeze 1,70 m, başlangıçtan 1,30 m, kalıp simülasyonundan 0,00 m; toparlanma 0,51 sn (tablo 0,26)"
5-11,"Kopya Patlama","Çekiç","golge_yankisi",1,1,1,1,1,1,1,1,1,"ön","ön",162912.00,"",2.10,1.35,0.50,0.50,1.02,"0/10 kare koşu","vuruş 2: 0,62s@boss1,20m/oyuncu1,15m 0,94s@boss1,95m/oyuncu1,39m; kalıp sonu: merkeze 2,10 m, başlangıçtan 0,90 m, kalıp simülasyonundan 0,00 m; toparlanma 0,51 sn (tablo 0,26)"
5-12,"Akan Patlama","Çekiç","patlayan_iz",1,1,1,1,1,1,1,1,1,"ön","ön",99360.00,"boss:Root, boss hız x0,00",2.99,1.35,2.99,3.00,3.50,"","vuruş 6: 0,97s@boss2,20m/oyuncu1,53m 1,47s@boss2,47m/oyuncu1,53m 1,95s@boss2,97m/oyuncu1,53m 2,45s@boss2,79m/oyuncu1,53m 2,95s@boss2,46m/oyuncu1,53m 3,45s@boss2,10m/oyuncu1,53m; kalıp sonu: merkeze 3,60 m, başlangıçtan 2,20 m, kalıp simülasyonundan 0,70 m, boss 2,80 m kaydı; toparlanma 0,51 sn (tablo 0,26)"
6-10,"Aynalı Bağ","Çekiç","karsi_darbe",1,1,1,1,1,1,1,1,1,"ön","ön",46168.00,"boss:Root+Stun, boss hız x0,00",1.70,1.35,0.35,0.36,0.87,"0/9 kare koşu","vuruş 1: 0,80s@boss0,83m/oyuncu1,36m; kalıp sonu: merkeze 1,70 m, başlangıçtan 1,30 m, kalıp simülasyonundan 0,00 m; toparlanma 0,51 sn (tablo 0,26)"
6-11,"Kopya Bağ","Çekiç","onden_arkadan",1,1,1,1,1,1,1,1,1,"ön","ön",48288.00,"boss:Root, boss hız x0,00",2.10,1.35,0.33,0.34,0.85,"0/10 kare koşu","vuruş 2: 0,62s@boss1,24m/oyuncu1,11m 0,73s@boss0,60m/oyuncu2,70m; kalıp sonu: merkeze 2,10 m, başlangıçtan 0,90 m, kalıp simülasyonundan 0,00 m; toparlanma 0,51 sn (tablo 0,26)"
6-12,"Akan Bağ","Çekiç","cember_sarma",1,1,1,1,1,1,1,1,1,"arka","arka",35280.00,"boss:Root+Stun, boss hız x0,00",1.50,1.35,0.89,0.90,1.41,"0/45 kare koşu","vuruş 1: 1,32s@boss0,00m/oyuncu2,06m; kalıp sonu: merkeze 2,06 m, başlangıçtan 4,59 m, kalıp simülasyonundan 0,00 m; toparlanma 0,51 sn (tablo 0,26)"
10-4,"Sabit Yansı","Çekiç","duvar_dikme",1,1,1,1,1,1,1,1,1,"yerinde","yerinde",0.00,"",3.00,1.35,0.31,0.32,0.91,"","hasarsız skill (base_damage 0): etki hareketin kendisi; vuruş 1: 0,80s@boss0,62m/oyuncu2,38m; kalıp sonu: merkeze 3,00 m, başlangıçtan 0,00 m, kalıp simülasyonundan 0,00 m; toparlanma 0,59 sn (tablo 0,26)"
10-5,"Yayılan Yansı","Çekiç","yuruyen_balon",1,1,1,1,1,1,1,1,1,"ön","ön",0.00,"",1.80,1.35,4.19,4.20,4.78,"","hasarsız skill (base_damage 0): etki hareketin kendisi; vuruş 5: 0,68s@boss3,00m/oyuncu0,00m 1,78s@boss2,70m/oyuncu0,00m 2,79s@boss2,40m/oyuncu0,00m 3,78s@boss2,10m/oyuncu0,00m 4,78s@boss1,80m/oyuncu0,00m; kalıp sonu: merkeze 1,80 m, başlangıçtan 1,20 m, kalıp simülasyonundan 0,00 m; toparlanma 0,59 sn (tablo 0,26)"
10-6,"Bağlayıcı Yansı","Çekiç","silaha_kement",1,1,1,1,1,1,1,1,1,"yerinde","yerinde",0.00,"boss:Root+Slow, boss hız x0,00",3.00,1.35,0.93,0.94,1.53,"","vuruş 1: 0,78s@boss0,40m/oyuncu3,40m; kalıp sonu: merkeze 3,00 m, başlangıçtan 0,00 m, kalıp simülasyonundan 0,00 m; toparlanma 0,59 sn (tablo 0,26)"
11-4,"Sabit Çağrı","Çekiç","taret_dikme",1,1,1,1,1,1,1,1,1,"yerinde","yerinde",0.00,"",3.00,1.35,0.42,0.42,1.02,"","hasarsız skill (base_damage 0): etki hareketin kendisi; vuruş 2: 0,72s@boss3,00m/oyuncu0,00m 0,97s@boss0,21m/oyuncu3,21m; kalıp sonu: merkeze 3,00 m, başlangıçtan 0,00 m, kalıp simülasyonundan 0,00 m; toparlanma 0,59 sn (tablo 0,26)"
11-5,"Yayılan Çağrı","Çekiç","dagilan_suru",1,1,1,1,1,1,1,1,1,"yerinde","yerinde",0.00,"",3.00,1.35,0.42,0.42,1.02,"","hasarsız skill (base_damage 0): etki hareketin kendisi; vuruş 3: 0,67s@boss0,35m/oyuncu3,02m 0,80s@boss0,00m/oyuncu3,00m 0,95s@boss0,35m/oyuncu3,02m; kalıp sonu: merkeze 3,00 m, başlangıçtan 0,00 m, kalıp simülasyonundan 0,00 m; toparlanma 0,59 sn (tablo 0,26)"
11-6,"Bağlayıcı Çağrı","Çekiç","muhafiz",1,1,1,1,1,1,1,1,1,"yerinde","yerinde",0.00,"",3.00,1.35,0.52,0.52,1.12,"","hasarsız skill (base_damage 0): etki hareketin kendisi; vuruş 1: 0,73s@boss2,89m/oyuncu1,20m; kalıp sonu: merkeze 3,00 m, başlangıçtan 0,00 m, kalıp simülasyonundan 0,00 m; toparlanma 0,59 sn (tablo 0,26)"
12-4,"Sabit Zaman","Çekiç","totem_dikme",1,1,1,1,1,1,1,1,1,"yerinde","yerinde",0.00,"boss:Slow+Stun, boss hız x0,00",2.85,1.35,0.28,0.30,0.87,"","vuruş 1: 0,84s@boss2,87m/oyuncu0,00m; kalıp sonu: merkeze 2,85 m, başlangıçtan 0,15 m, kalıp simülasyonundan 0,00 m; toparlanma 0,59 sn (tablo 0,26)"
12-5,"Yayılan Zaman","Çekiç","genisleyen_halka",1,1,1,1,1,1,1,1,1,"yerinde","yerinde",0.00,"boss:Slow, boss hız x0,70",3.00,1.35,0.57,0.58,1.17,"","vuruş 1: 1,05s@boss3,00m/oyuncu0,00m; kalıp sonu: merkeze 3,00 m, başlangıçtan 0,00 m, kalıp simülasyonundan 0,00 m; toparlanma 0,59 sn (tablo 0,26)"
12-6,"Bağlayıcı Zaman","Çekiç","iki_uclu",1,1,1,1,1,1,1,1,1,"yerinde","yerinde",0.00,"oyuncu:Haste, oyuncu hız x1,30",3.00,1.35,0.65,0.65,1.25,"","vuruş 1: 0,77s@boss0,28m/oyuncu3,28m; kalıp sonu: merkeze 3,00 m, başlangıçtan 0,00 m, kalıp simülasyonundan 0,00 m; toparlanma 0,59 sn (tablo 0,26)"
7-7,"Bulandırıcı Zafiyet","Çekiç","sis_bombasi",1,1,1,1,1,1,1,1,1,"yerinde","yerinde",23760.00,"boss:Blind",3.00,1.35,0.22,0.22,0.82,"","vuruş 1: 0,78s@boss0,35m/oyuncu3,35m; kalıp sonu: merkeze 3,00 m, başlangıçtan 0,00 m, kalıp simülasyonundan 0,00 m; toparlanma 0,59 sn (tablo 0,26)"
7-8,"Yükselen Zafiyet","Çekiç","yerden_fiskirma",1,1,1,1,1,1,1,1,1,"ön","ön",26912.00,"boss:Stun, boss hız x0,00",2.60,1.35,0.43,0.44,1.03,"","vuruş 1: 0,90s@boss0,00m/oyuncu2,78m; kalıp sonu: merkeze 2,60 m, başlangıçtan 0,40 m, kalıp simülasyonundan 0,00 m; toparlanma 0,59 sn (tablo 0,26)"
7-9,"Odaklı Zafiyet","Çekiç","isaret_patlamasi",1,1,1,1,1,1,1,1,1,"yerinde","yerinde",41352.00,"",3.00,1.35,1.92,1.92,2.51,"","vuruş 1: 2,44s@boss0,00m/oyuncu3,00m; kalıp sonu: merkeze 3,00 m, başlangıçtan 0,00 m, kalıp simülasyonundan 0,00 m; toparlanma 0,59 sn (tablo 0,26)"
7-10,"Aynalı Zafiyet","Çekiç","onden_arkadan",1,1,1,1,1,1,1,1,1,"ön","ön",31768.00,"",2.10,1.35,0.33,0.34,0.92,"0/10 kare koşu","vuruş 2: 0,69s@boss1,24m/oyuncu1,11m 0,81s@boss0,60m/oyuncu2,70m; kalıp sonu: merkeze 2,10 m, başlangıçtan 0,90 m, kalıp simülasyonundan 0,00 m; toparlanma 0,59 sn (tablo 0,26)"
7-11,"Kopya Zafiyet","Çekiç","golge_yankisi",1,1,1,1,1,1,1,1,1,"ön","ön",32160.00,"",2.10,1.35,0.50,0.50,1.10,"0/10 kare koşu","vuruş 2: 0,70s@boss1,20m/oyuncu1,15m 1,02s@boss1,95m/oyuncu1,39m; kalıp sonu: merkeze 2,10 m, başlangıçtan 0,90 m, kalıp simülasyonundan 0,00 m; toparlanma 0,59 sn (tablo 0,26)"
7-12,"Akan Zafiyet","Çekiç","basili_isik",1,1,1,1,1,1,1,1,1,"ön","ön",26120.00,"",1.80,1.35,3.00,3.00,3.60,"","vuruş 6: 0,85s@boss0,17m/oyuncu2,72m 1,33s@boss0,02m/oyuncu2,72m 1,83s@boss0,22m/oyuncu2,72m 2,33s@boss0,42m/oyuncu2,72m 2,83s@boss0,62m/oyuncu2,72m 3,35s@boss0,83m/oyuncu2,72m; kalıp sonu: merkeze 1,80 m, başlangıçtan 1,20 m, kalıp simülasyonundan 0,00 m; toparlanma 0,59 sn (tablo 0,26)"
8-7,"Bulandırıcı Yükseliş","Çekiç","goz_bagi",1,1,1,1,1,1,1,1,1,"yerinde","yerinde",0.00,"",3.00,1.35,0.20,0.20,0.80,"","hasarsız skill (base_damage 0): etki hareketin kendisi; vuruş 1: 0,77s@boss0,28m/oyuncu3,28m; kalıp sonu: merkeze 3,00 m, başlangıçtan 0,00 m, kalıp simülasyonundan 0,00 m; toparlanma 0,59 sn (tablo 0,26)"
8-8,"Yükselen Yükseliş","Çekiç","buyuten_kemer",1,1,1,1,1,1,1,1,1,"yerinde","yerinde",0.00,"",3.00,1.35,0.42,0.42,1.02,"","hasarsız skill (base_damage 0): etki hareketin kendisi; vuruş 1: 0,88s@boss5,02m/oyuncu2,21m; kalıp sonu: merkeze 3,22 m, başlangıçtan 0,30 m, kalıp simülasyonundan 0,00 m, kalıp hedefi AllyDummy; toparlanma 0,59 sn (tablo 0,26)"
8-9,"Odaklı Yükseliş","Çekiç","gudumlu_top",1,1,1,1,1,1,1,1,1,"yerinde","yerinde",0.00,"",3.00,1.35,0.56,0.56,1.16,"","hasarsız skill (base_damage 0): etki hareketin kendisi; vuruş 1: 1,06s@boss6,98m/oyuncu4,53m; kalıp sonu: merkeze 3,00 m, başlangıçtan 0,00 m, kalıp simülasyonundan 0,00 m, kalıp hedefi AllyDummy; toparlanma 0,59 sn (tablo 0,26)"
8-10,"Aynalı Yükseliş","Çekiç","ters_es",1,1,1,1,1,1,1,1,1,"yerinde","yerinde",0.00,"",3.00,1.35,0.43,0.44,1.03,"","hasarsız skill (base_damage 0): etki hareketin kendisi; vuruş 2: 0,73s@boss2,60m/oyuncu0,40m 0,93s@boss0,00m/oyuncu3,00m; kalıp sonu: merkeze 3,00 m, başlangıçtan 0,00 m, kalıp simülasyonundan 0,00 m; toparlanma 0,59 sn (tablo 0,26)"
8-11,"Kopya Yükseliş","Çekiç","golge_ulak",1,1,1,1,1,1,1,1,1,"yan","yan",0.00,"",2.43,1.35,1.36,1.36,1.96,"1/10 kare koşu, ayak/gövde hız oranı 0,96","hasarsız skill (base_damage 0): etki hareketin kendisi; vuruş 2: 0,72s@boss3,26m/oyuncu0,35m 1,87s@boss2,88m/oyuncu1,46m; kalıp sonu: merkeze 2,43 m, başlangıçtan 1,41 m, kalıp simülasyonundan 0,00 m, kalıp hedefi AllyDummy; toparlanma 0,59 sn (tablo 0,26)"
8-12,"Akan Yükseliş","Çekiç","akinti_yolu",1,1,1,1,1,1,1,1,1,"geri","geri",0.00,"",3.00,1.35,0.93,0.94,1.53,"3/42 kare koşu, ayak/gövde hız oranı 1,00","hasarsız skill (base_damage 0): etki hareketin kendisi; vuruş 1: 1,40s@boss6,27m/oyuncu2,38m; kalıp sonu: merkeze 4,11 m, başlangıçtan 1,40 m, kalıp simülasyonundan 0,00 m, kalıp hedefi AllyDummy; toparlanma 0,59 sn (tablo 0,26)"
9-7,"Bulandırıcı Arınma","Çekiç","sis_ortusu",1,1,1,1,1,1,1,1,1,"yerinde","yerinde",0.00,"oyuncu +40000 can",3.00,1.35,0.28,0.30,0.88,"","vuruş 1: 0,77s@boss0,00m/oyuncu3,00m; kalıp sonu: merkeze 3,00 m, başlangıçtan 0,00 m, kalıp simülasyonundan 0,00 m; toparlanma 0,59 sn (tablo 0,26)"
9-8,"Yükselen Arınma","Çekiç","isik_sutunu",1,1,1,1,1,1,1,1,1,"yerinde","yerinde",0.00,"oyuncu +40000 can",3.00,1.35,0.44,0.48,1.06,"","vuruş 1: 0,93s@boss3,05m/oyuncu0,00m; kalıp sonu: merkeze 3,07 m, başlangıçtan 0,10 m, kalıp simülasyonundan 0,00 m, kalıp hedefi AllyDummy; toparlanma 0,59 sn (tablo 0,26)"
9-9,"Odaklı Arınma","Çekiç","mermi_sondur",1,1,1,1,1,1,1,1,1,"yerinde","yerinde",0.00,"oyuncu +40000 can",3.00,1.35,0.37,0.38,0.97,"","vuruş 1: 0,90s@boss6,98m/oyuncu4,53m; kalıp sonu: merkeze 3,00 m, başlangıçtan 0,00 m, kalıp simülasyonundan 0,00 m, kalıp hedefi AllyDummy; toparlanma 0,59 sn (tablo 0,26)"
9-10,"Aynalı Arınma","Çekiç","yer_degistir",1,1,1,1,1,1,1,1,1,"arka","arka",0.00,"oyuncu +40000 can",1.50,1.35,0.33,0.34,0.93,"0/1 kare koşu","vuruş 1: 0,87s@boss0,31m/oyuncu1,19m; kalıp sonu: merkeze 1,50 m, başlangıçtan 4,50 m, kalıp simülasyonundan 0,00 m; tek karede 4,50 m sıçrama (sınır 0,62 m @ 17 ms, t=0,70, faz degis, blink tasarım gereği); toparlanma 0,59 sn (tablo 0,26)"
9-11,"Kopya Arınma","Çekiç","yem_kopya",1,1,1,1,1,1,1,1,1,"yerinde","yerinde",0.00,"oyuncu +40000 can",3.00,1.35,0.23,0.24,0.82,"","vuruş 1: 0,71s@boss2,98m/oyuncu1,29m; kalıp sonu: merkeze 3,00 m, başlangıçtan 0,00 m, kalıp simülasyonundan 0,00 m; toparlanma 0,59 sn (tablo 0,26)"
9-12,"Akan Arınma","Çekiç","nabiz",1,1,1,1,1,1,1,1,1,"yerinde","yerinde",0.00,"oyuncu +24000 can, dost +12000 can",3.00,1.35,3.17,3.18,3.77,"","vuruş 3: 1,77s@boss3,00m/oyuncu0,00m 2,77s@boss3,00m/oyuncu0,00m 3,77s@boss3,00m/oyuncu0,00m; kalıp sonu: merkeze 3,00 m, başlangıçtan 0,00 m, kalıp simülasyonundan 0,00 m; toparlanma 0,59 sn (tablo 0,26)"
10-7,"Bulandırıcı Yansı","Çekiç","sahte_goruntu",1,1,1,1,1,1,1,1,1,"geri","geri",0.00,"boss:Blind",3.00,1.35,0.43,0.44,1.03,"0/9 kare koşu","vuruş 3: 0,67s@boss3,06m/oyuncu1,37m 0,80s@boss3,06m/oyuncu1,37m 0,97s@boss3,58m/oyuncu0,00m; kalıp sonu: merkeze 3,90 m, başlangıçtan 0,90 m, kalıp simülasyonundan 0,00 m; toparlanma 0,59 sn (tablo 0,26)"
10-8,"Yükselen Yansı","Çekiç","yerden_buyuyen",1,1,1,1,1,1,1,1,1,"yerinde","yerinde",0.00,"",2.75,1.35,0.42,0.42,1.02,"","hasarsız skill (base_damage 0): etki hareketin kendisi; vuruş 1: 0,88s@boss0,00m/oyuncu2,82m; kalıp sonu: merkeze 2,75 m, başlangıçtan 0,25 m, kalıp simülasyonundan 0,00 m; toparlanma 0,59 sn (tablo 0,26)"
10-9,"Odaklı Yansı","Çekiç","koruyucu_isaret",1,1,1,1,1,1,1,1,1,"ön","ön",0.00,"",2.20,1.35,0.18,0.20,0.78,"3/11 kare koşu, ayak/gövde hız oranı 0,93","hasarsız skill (base_damage 0): etki hareketin kendisi; vuruş 1: 0,73s@boss2,04m/oyuncu0,35m; kalıp sonu: merkeze 2,20 m, başlangıçtan 0,80 m, kalıp simülasyonundan 0,00 m; toparlanma 0,59 sn (tablo 0,26)"
11-7,"Bulandırıcı Çağrı","Çekiç","sirt_saplama",1,1,1,1,1,1,1,1,1,"yerinde","yerinde",0.00,"boss:Blind",3.00,1.35,0.32,0.32,0.92,"","vuruş 1: 0,85s@boss0,00m/oyuncu3,00m; kalıp sonu: merkeze 3,00 m, başlangıçtan 0,00 m, kalıp simülasyonundan 0,00 m; toparlanma 0,59 sn (tablo 0,26)"
11-8,"Yükselen Çağrı","Çekiç","dostu_yerden",1,1,1,1,1,1,1,1,1,"yan","yan",0.00,"",2.96,1.35,0.77,0.78,1.37,"0/35 kare koşu","hasarsız skill (base_damage 0): etki hareketin kendisi; vuruş 1: 1,22s@boss2,81m/oyuncu0,95m; kalıp sonu: merkeze 2,99 m, başlangıçtan 0,91 m, kalıp simülasyonundan 0,00 m; toparlanma 0,59 sn (tablo 0,26)"
11-9,"Odaklı Çağrı","Çekiç","pesinden_av",1,1,1,1,1,1,1,1,1,"yerinde","yerinde",0.00,"",3.00,1.35,2.30,2.32,2.91,"","hasarsız skill (base_damage 0): etki hareketin kendisi; vuruş 1: 2,83s@boss0,00m/oyuncu3,00m; kalıp sonu: merkeze 3,00 m, başlangıçtan 0,00 m, kalıp simülasyonundan 0,00 m; toparlanma 0,59 sn (tablo 0,26)"
12-7,"Bulandırıcı Zaman","Çekiç","kum_saati",1,1,1,1,1,1,1,1,1,"yerinde","yerinde",0.00,"boss:Blind+Slow, boss hız x0,70",3.00,1.35,0.62,0.62,1.22,"","vuruş 1: 0,78s@boss0,28m/oyuncu3,28m; kalıp sonu: merkeze 3,00 m, başlangıçtan 0,00 m, kalıp simülasyonundan 0,00 m; toparlanma 0,59 sn (tablo 0,26)"
12-8,"Yükselen Zaman","Çekiç","isik_sutunu",1,1,1,1,1,1,1,1,1,"yerinde","yerinde",0.00,"oyuncu:Haste, oyuncu hız x1,50",2.90,1.35,0.47,0.48,1.07,"","vuruş 1: 0,93s@boss2,93m/oyuncu0,00m; kalıp sonu: merkeze 2,90 m, başlangıçtan 0,10 m, kalıp simülasyonundan 0,00 m; toparlanma 0,59 sn (tablo 0,26)"
12-9,"Odaklı Zaman","Çekiç","isaret_patlamasi",1,1,1,1,1,1,1,1,1,"yerinde","yerinde",0.00,"boss:Slow, boss hız x0,70",3.00,1.35,1.91,1.92,2.51,"","vuruş 1: 2,44s@boss0,00m/oyuncu3,00m; kalıp sonu: merkeze 3,00 m, başlangıçtan 0,00 m, kalıp simülasyonundan 0,00 m; toparlanma 0,59 sn (tablo 0,26)"
1-1,"Yoğun Vuruş","Kalkan","yukle_birak",1,1,1,1,1,1,1,1,1,"ön","ön",89472.00,"",1.50,1.35,0.52,0.52,0.90,"0/11 kare koşu","vuruş 1: 0,83s@boss0,37m/oyuncu1,53m; kalıp sonu: merkeze 1,50 m, başlangıçtan 1,50 m, kalıp simülasyonundan 0,00 m"
1-2,"Emici Vuruş","Kalkan","kan_ceken_pence",1,1,1,1,1,1,1,1,1,"yerinde","yerinde",60432.00,"oyuncu +18130 can",1.35,1.35,0.37,0.38,0.76,"","vuruş 3: 0,46s@boss1,65m/oyuncu1,02m 0,57s@boss1,20m/oyuncu1,02m 0,71s@boss0,65m/oyuncu1,02m; kalıp sonu: merkeze 1,46 m, başlangıçtan 0,00 m, kalıp simülasyonundan 1,50 m, boss 1,54 m kaydı"
1-3,"Sıçrayan Vuruş","Kalkan","",0,0,0,0,0,0,0,0,0,"","",0.00,"",0.00,0.00,0.00,0.00,0.00,"","cast reddedildi: hedef/menzil kapısı"
1-4,"Sabit Vuruş","Kalkan","",0,0,0,0,0,0,0,0,0,"","",0.00,"",0.00,0.00,0.00,0.00,0.00,"","cast reddedildi: hedef/menzil kapısı"
1-5,"Yayılan Vuruş","Kalkan","donen_kesik",1,1,1,1,1,1,1,1,1,"yerinde","yerinde",51840.00,"",3.00,1.35,0.55,0.55,0.93,"","vuruş 1: 0,62s@boss3,00m/oyuncu0,00m; kalıp sonu: merkeze 3,00 m, başlangıçtan 0,00 m, kalıp simülasyonundan 0,00 m"
1-6,"Bağlayıcı Vuruş","Kalkan","zincirli_firlatma",1,1,1,1,1,1,1,1,1,"ön","ön",63896.00,"boss:Root+Slow, boss hız x0,00",1.50,1.35,0.69,0.70,1.07,"1/12 kare koşu, ayak/gövde hız oranı 1,00","vuruş 2: 0,57s@boss0,45m/oyuncu3,45m 0,99s@boss0,82m/oyuncu1,28m; kalıp sonu: merkeze 1,50 m, başlangıçtan 1,50 m, kalıp simülasyonundan 0,00 m"
2-1,"Yoğun Şifa","Kalkan","tek_dokunus",1,1,1,1,1,1,1,1,1,"geri","geri",0.00,"oyuncu +56000 can",3.00,1.35,0.15,0.16,0.53,"0/9 kare koşu","vuruş 1: 0,48s@boss3,84m/oyuncu0,68m; kalıp sonu: merkeze 3,41 m, başlangıçtan 0,55 m, kalıp simülasyonundan 0,00 m, kalıp hedefi AllyDummy"
2-2,"Emici Şifa","Kalkan","uzaktan_emme",1,1,1,1,1,1,1,1,1,"yerinde","yerinde",53184.00,"oyuncu +56000 can, dost +56000 can",2.65,1.35,2.16,2.16,2.54,"","vuruş 4: 1,03s@boss0,19m/oyuncu2,72m 1,53s@boss0,10m/oyuncu2,72m 2,04s@boss0,02m/oyuncu2,72m 2,54s@boss0,07m/oyuncu2,72m; kalıp sonu: merkeze 2,65 m, başlangıçtan 0,35 m, kalıp simülasyonundan 0,00 m"
2-3,"Sıçrayan Şifa","Kalkan","dosttan_dosta",1,1,1,1,1,1,1,1,1,"yerinde","yerinde",0.00,"oyuncu +40000 can, dost +20000 can",3.00,1.35,0.53,0.54,0.92,"","vuruş 3: 0,53s@boss6,18m/oyuncu3,68m 0,63s@boss6,98m/oyuncu4,53m 0,82s@boss6,88m/oyuncu4,54m; kalıp sonu: merkeze 3,00 m, başlangıçtan 0,00 m, kalıp simülasyonundan 0,00 m, kalıp hedefi AllyDummy"
2-4,"Sabit Şifa","Kalkan","totem_dikme",1,1,1,1,1,1,1,1,1,"yerinde","yerinde",0.00,"oyuncu +56000 can",3.00,1.35,0.30,0.30,0.68,"","vuruş 1: 0,63s@boss3,10m/oyuncu0,00m; kalıp sonu: merkeze 3,11 m, başlangıçtan 0,15 m, kalıp simülasyonundan 0,00 m, kalıp hedefi AllyDummy"
2-5,"Yayılan Şifa","Kalkan","genisleyen_halka",1,1,1,1,1,1,1,1,1,"yerinde","yerinde",0.00,"oyuncu +56000 can",3.00,1.35,0.57,0.58,0.94,"","vuruş 1: 0,82s@boss3,00m/oyuncu0,00m; kalıp sonu: merkeze 3,00 m, başlangıçtan 0,00 m, kalıp simülasyonundan 0,00 m"
2-6,"Bağlayıcı Şifa","Kalkan","dostu_kanca",1,1,1,1,1,1,1,1,1,"geri","geri",0.00,"oyuncu +56000 can",3.00,1.35,0.52,0.52,0.90,"0/21 kare koşu","vuruş 1: 0,83s@boss5,79m/oyuncu0,40m; kalıp sonu: merkeze 5,92 m, başlangıçtan 3,40 m, kalıp simülasyonundan 0,00 m, kalıp hedefi AllyDummy"
3-1,"Yoğun Adım","Kalkan","isinlan_kes",1,1,1,1,1,1,1,1,1,"arka","arka",0.00,"",1.50,1.35,0.47,0.48,0.85,"0/1 kare koşu","hasarsız skill (base_damage 0): etki hareketin kendisi; vuruş 1: 0,80s@boss0,00m/oyuncu1,50m; kalıp sonu: merkeze 1,50 m, başlangıçtan 4,50 m, kalıp simülasyonundan 0,00 m; tek karede 4,50 m sıçrama (sınır 0,62 m @ 14 ms, t=0,75, faz isin, blink tasarım gereği)"
3-2,"Emici Adım","Kalkan","icinden_emme",1,1,1,1,1,1,1,1,1,"arka","arka",0.00,"",0.09,1.35,0.27,0.28,0.65,"0/16 kare koşu","hasarsız skill (base_damage 0): etki hareketin kendisi; vuruş 1: 0,53s@boss0,97m/oyuncu1,36m; kalıp sonu: merkeze 2,65 m, başlangıçtan 5,52 m, kalıp simülasyonundan 0,13 m, boss 0,13 m kaydı; gövdeye girdi: merkeze 0,09 m (t=0,52, temas 1,35) geçiş tasarım gereği"
3-3,"Sıçrayan Adım","Kalkan","sekmeli_ziplama",1,1,1,1,1,1,1,1,1,"arka","arka",0.00,"",1.50,1.35,0.60,0.60,0.98,"0/34 kare koşu","hasarsız skill (base_damage 0): etki hareketin kendisi; vuruş 3: 0,52s@boss2,06m/oyuncu0,00m 0,72s@boss1,50m/oyuncu0,00m 0,92s@boss1,50m/oyuncu0,00m; kalıp sonu: merkeze 1,50 m, başlangıçtan 4,50 m, kalıp simülasyonundan 0,00 m"
3-4,"Sabit Adım","Kalkan","geri_sarma",1,1,1,1,1,1,1,1,1,"başlangıç","başlangıç",0.00,"",1.50,1.35,2.64,2.66,3.03,"0/31 kare koşu","hasarsız skill (base_damage 0): etki hareketin kendisi; kalıp sonu: merkeze 3,00 m, başlangıçtan 0,00 m, kalıp simülasyonundan 0,00 m"
3-5,"Yayılan Adım","Kalkan","dalis_patlamasi",1,1,1,1,1,1,1,1,1,"ön","ön",0.00,"",1.50,1.35,0.42,0.42,0.80,"0/16 kare koşu","hasarsız skill (base_damage 0): etki hareketin kendisi; vuruş 1: 0,68s@boss1,50m/oyuncu0,00m; kalıp sonu: merkeze 1,50 m, başlangıçtan 1,50 m, kalıp simülasyonundan 0,00 m"
3-6,"Bağlayıcı Adım","Kalkan","kanca_cekis",1,1,1,1,1,1,1,1,1,"arka","arka",0.00,"boss:Root+Slow, boss hız x0,00",1.50,1.35,0.73,0.74,1.11,"0/35 kare koşu","vuruş 1: 1,02s@boss0,00m/oyuncu1,50m; kalıp sonu: merkeze 1,50 m, başlangıçtan 4,50 m, kalıp simülasyonundan 0,00 m"
4-1,"Yoğun Kalkan","Kalkan","tam_zamanli",1,1,1,1,1,1,1,1,1,"yerinde","yerinde",0.00,"",3.00,1.35,0.50,0.50,0.84,"","hasarsız skill (base_damage 0): etki hareketin kendisi; vuruş 1: 0,67s@boss0,62m/oyuncu2,38m; kalıp sonu: merkeze 3,00 m, başlangıçtan 0,00 m, kalıp simülasyonundan 0,00 m"
4-2,"Emici Kalkan","Kalkan","kalkan_calma",1,1,1,1,1,1,1,1,1,"yerinde","yerinde",95000.00,"",1.35,1.35,0.19,0.20,0.52,"","vuruş 1: 0,45s@boss1,23m/oyuncu1,28m; kalıp sonu: merkeze 2,23 m, başlangıçtan 0,00 m, kalıp simülasyonundan 1,50 m, boss 0,77 m kaydı"
4-3,"Sıçrayan Kalkan","Kalkan","seken_disk",1,1,1,1,1,1,1,1,1,"yerinde","yerinde",0.00,"",3.00,1.35,0.42,0.42,0.75,"","hasarsız skill (base_damage 0): etki hareketin kendisi; vuruş 2: 0,50s@boss0,30m/oyuncu3,30m 0,63s@boss3,04m/oyuncu1,43m; kalıp sonu: merkeze 3,00 m, başlangıçtan 0,00 m, kalıp simülasyonundan 0,00 m"
5-1,"Yoğun Patlama","Kalkan","",0,0,0,0,0,0,0,0,0,"","",0.00,"",0.00,0.00,0.00,0.00,0.00,"","cast reddedildi: hedef/menzil kapısı"
5-2,"Emici Patlama","Kalkan","ceken_girdap",1,1,1,1,1,1,1,1,1,"yerinde","yerinde",42952.00,"oyuncu +12886 can",1.35,1.35,1.32,1.32,1.70,"","vuruş 3: 1,05s@boss0,00m/oyuncu1,35m 1,55s@boss0,00m/oyuncu1,35m 1,62s@boss0,00m/oyuncu1,35m; kalıp sonu: merkeze 1,35 m, başlangıçtan 0,00 m, kalıp simülasyonundan 0,00 m, boss 1,65 m kaydı"
5-3,"Sıçrayan Patlama","Kalkan","seken_bomba",1,1,1,1,1,1,1,1,1,"yerinde","yerinde",44680.00,"",3.00,1.35,0.57,0.58,0.95,"","vuruş 3: 0,53s@boss0,40m/oyuncu3,40m 0,65s@boss0,00m/oyuncu3,00m 0,85s@boss0,35m/oyuncu3,02m; kalıp sonu: merkeze 3,00 m, başlangıçtan 0,00 m, kalıp simülasyonundan 0,00 m"
6-1,"Yoğun Bağ","Kalkan","sinir_noktasi",1,1,1,1,1,1,1,1,1,"ön","ön",22088.00,"boss:Stun, boss hız x0,00",1.50,1.35,0.33,0.34,0.67,"0/13 kare koşu","vuruş 1: 0,62s@boss0,91m/oyuncu0,59m; kalıp sonu: merkeze 1,50 m, başlangıçtan 1,50 m, kalıp simülasyonundan 0,00 m"
6-2,"Emici Bağ","Kalkan","bossu_cek",1,1,1,1,1,1,1,1,1,"geri","geri",14464.00,"boss:Root, boss hız x0,00, oyuncu +4340 can",1.35,1.35,0.43,0.44,0.77,"0/17 kare koşu","vuruş 1: 0,62s@boss1,27m/oyuncu1,36m; kalıp sonu: merkeze 2,81 m, başlangıçtan 1,60 m, kalıp simülasyonundan 0,00 m, boss 1,79 m kaydı"
6-3,"Sıçrayan Bağ","Kalkan","basip_sekme",1,1,1,1,1,1,1,1,1,"başlangıç","başlangıç",15696.00,"boss:Root, boss hız x0,00",1.50,1.35,0.52,0.52,0.85,"0/31 kare koşu","vuruş 1: 0,60s@boss1,58m/oyuncu0,00m; kalıp sonu: merkeze 3,20 m, başlangıçtan 0,20 m, kalıp simülasyonundan 0,00 m"
1-7,"Bulandırıcı Vuruş","Kalkan","dumandan_cikis",1,1,1,1,1,1,1,1,1,"ön","ön",64664.00,"boss:Blind, oyuncu:Stealth",1.50,1.35,0.47,0.48,0.85,"0/11 kare koşu","vuruş 1: 0,77s@boss0,74m/oyuncu1,36m; kalıp sonu: merkeze 1,50 m, başlangıçtan 1,50 m, kalıp simülasyonundan 0,00 m"
1-8,"Yükselen Vuruş","Kalkan","havaya_kaldirma",1,1,1,1,1,1,1,1,1,"ön","ön",73200.00,"boss:Stun, boss hız x0,00",1.90,1.35,0.34,0.34,0.72,"0/20 kare koşu","vuruş 1: 0,52s@boss1,24m/oyuncu1,28m; kalıp sonu: merkeze 1,90 m, başlangıçtan 1,10 m, kalıp simülasyonundan 0,00 m"
1-9,"Odaklı Vuruş","Kalkan","isarete_vur",1,1,1,1,1,1,1,1,1,"ön","ön",104616.00,"",1.65,1.35,0.37,0.38,0.75,"0/9 kare koşu","vuruş 1: 0,68s@boss0,91m/oyuncu1,28m; kalıp sonu: merkeze 1,65 m, başlangıçtan 1,35 m, kalıp simülasyonundan 0,00 m"
2-7,"Bulandırıcı Şifa","Kalkan","sis_ortusu",1,1,1,1,1,1,1,1,1,"yerinde","yerinde",0.00,"oyuncu:Stealth, oyuncu +56000 can",3.00,1.35,0.28,0.30,0.67,"","vuruş 1: 0,55s@boss0,00m/oyuncu3,00m; kalıp sonu: merkeze 3,00 m, başlangıçtan 0,00 m, kalıp simülasyonundan 0,00 m"
2-8,"Yükselen Şifa","Kalkan","yerden_buyuyen",1,1,1,1,1,1,1,1,1,"yerinde","yerinde",0.00,"oyuncu +56000 can",3.00,1.35,0.42,0.42,0.80,"","vuruş 1: 0,67s@boss6,98m/oyuncu4,35m; kalıp sonu: merkeze 3,18 m, başlangıçtan 0,25 m, kalıp simülasyonundan 0,00 m, kalıp hedefi AllyDummy"
2-9,"Odaklı Şifa","Kalkan","koruyucu_isaret",1,1,1,1,1,1,1,1,1,"geri","geri",0.00,"oyuncu +56000 can",3.00,1.35,0.18,0.20,0.57,"0/11 kare koşu","vuruş 1: 0,52s@boss3,73m/oyuncu0,35m; kalıp sonu: merkeze 3,61 m, başlangıçtan 0,80 m, kalıp simülasyonundan 0,00 m, kalıp hedefi AllyDummy"
3-7,"Bulandırıcı Adım","Kalkan","duman_kaybolma",1,1,1,1,1,1,1,1,1,"ön","ön",0.00,"boss:Blind, oyuncu:Stealth",1.50,1.35,0.58,0.59,0.97,"0/8 kare koşu","vuruş 1: 0,52s@boss1,50m/oyuncu0,00m; kalıp sonu: merkeze 1,50 m, başlangıçtan 1,50 m, kalıp simülasyonundan 0,00 m"
3-8,"Yükselen Adım","Kalkan","sicrayip_cakilma",1,1,1,1,1,1,1,1,1,"ön","ön",0.00,"oyuncu:Haste, oyuncu hız x1,10",1.50,1.35,0.82,0.82,1.20,"0/21 kare koşu","vuruş 1: 1,14s@boss1,50m/oyuncu0,00m; kalıp sonu: merkeze 1,50 m, başlangıçtan 1,50 m, kalıp simülasyonundan 0,00 m"
3-9,"Odaklı Adım","Kalkan","isinlan_kes",1,1,1,1,1,1,1,1,1,"arka","arka",0.00,"",1.50,1.35,0.47,0.48,0.85,"0/1 kare koşu","hasarsız skill (base_damage 0): etki hareketin kendisi; vuruş 1: 0,80s@boss0,00m/oyuncu1,50m; kalıp sonu: merkeze 1,50 m, başlangıçtan 4,50 m, kalıp simülasyonundan 0,00 m; tek karede 4,50 m sıçrama (sınır 0,62 m @ 17 ms, t=0,75, faz isin, blink tasarım gereği)"
7-1,"Yoğun Zafiyet","Kalkan","diken_firlatma",1,1,1,1,1,1,1,1,1,"yerinde","yerinde",10656.00,"",3.00,1.35,0.38,0.40,0.77,"","vuruş 1: 0,74s@boss0,30m/oyuncu3,30m; kalıp sonu: merkeze 3,00 m, başlangıçtan 0,00 m, kalıp simülasyonundan 0,00 m"
7-2,"Emici Zafiyet","Kalkan","sokup_cekme",1,1,1,1,1,1,1,1,1,"geri","geri",10904.00,"oyuncu +3273 can",1.35,1.35,0.43,0.44,0.82,"0/15 kare koşu","vuruş 2: 0,52s@boss0,35m/oyuncu2,81m 0,69s@boss1,27m/oyuncu1,19m; kalıp sonu: merkeze 2,52 m, başlangıçtan 1,30 m, kalıp simülasyonundan 0,00 m, boss 1,78 m kaydı"
7-3,"Sıçrayan Zafiyet","Kalkan","seken_yaratik",1,1,1,1,1,1,1,1,1,"yerinde","yerinde",10392.00,"",3.00,1.35,0.63,0.64,1.01,"","vuruş 3: 0,62s@boss0,00m/oyuncu3,00m 0,77s@boss0,35m/oyuncu3,02m 0,93s@boss0,35m/oyuncu3,02m; kalıp sonu: merkeze 3,00 m, başlangıçtan 0,00 m, kalıp simülasyonundan 0,00 m"
8-1,"Yoğun Yükseliş","Kalkan","kuculten_kapi",1,1,1,1,1,1,1,1,1,"yerinde","yerinde",0.00,"",3.00,1.35,0.27,0.28,0.60,"","hasarsız skill (base_damage 0): etki hareketin kendisi; vuruş 1: 0,50s@boss0,62m/oyuncu2,38m; kalıp sonu: merkeze 3,00 m, başlangıçtan 0,00 m, kalıp simülasyonundan 0,00 m"
8-2,"Emici Yükseliş","Kalkan","kan_muhru",1,1,1,1,1,1,1,1,1,"yerinde","yerinde",0.00,"",3.00,1.35,0.32,0.32,0.65,"","hasarsız skill (base_damage 0): etki hareketin kendisi; vuruş 1: 0,52s@boss3,00m/oyuncu0,00m; kalıp sonu: merkeze 3,00 m, başlangıçtan 0,00 m, kalıp simülasyonundan 0,00 m"
8-3,"Sıçrayan Yükseliş","Kalkan","pas_verme",1,1,1,1,1,1,1,1,1,"yerinde","yerinde",0.00,"",3.00,1.35,0.23,0.24,0.57,"","hasarsız skill (base_damage 0): etki hareketin kendisi; vuruş 1: 0,53s@boss6,05m/oyuncu3,54m; kalıp sonu: merkeze 3,00 m, başlangıçtan 0,00 m, kalıp simülasyonundan 0,00 m, kalıp hedefi AllyDummy"
9-1,"Yoğun Arınma","Kalkan","tek_dokunus",1,1,1,1,1,1,1,1,1,"geri","geri",0.00,"oyuncu +12000 can",3.00,1.35,0.15,0.16,0.53,"3/9 kare koşu, ayak/gövde hız oranı 1,01","vuruş 1: 0,48s@boss3,84m/oyuncu0,68m; kalıp sonu: merkeze 3,41 m, başlangıçtan 0,55 m, kalıp simülasyonundan 0,00 m, kalıp hedefi AllyDummy"
9-2,"Emici Arınma","Kalkan","cekip_firlat",1,1,1,1,1,1,1,1,1,"yerinde","yerinde",0.00,"oyuncu +4000 can, dost +8000 can",3.00,1.35,0.50,0.50,0.88,"","vuruş 2: 0,55s@boss2,65m/oyuncu0,35m 0,84s@boss0,30m/oyuncu3,30m; kalıp sonu: merkeze 3,00 m, başlangıçtan 0,00 m, kalıp simülasyonundan 0,00 m"
9-3,"Sıçrayan Arınma","Kalkan","dosttan_dosta",1,1,1,1,1,1,1,1,1,"yerinde","yerinde",0.00,"oyuncu +8000 can, dost +4000 can",3.00,1.35,0.52,0.54,0.91,"","vuruş 3: 0,54s@boss6,25m/oyuncu3,76m 0,63s@boss6,98m/oyuncu4,53m 0,82s@boss6,88m/oyuncu4,54m; kalıp sonu: merkeze 3,00 m, başlangıçtan 0,00 m, kalıp simülasyonundan 0,00 m, kalıp hedefi AllyDummy"
1-10,"Aynalı Vuruş","Kalkan","sirtta_kapi",1,1,1,1,1,1,1,1,1,"ön","ön",62544.00,"",1.80,1.35,0.32,0.32,0.70,"0/11 kare koşu","vuruş 2: 0,50s@boss0,92m/oyuncu1,19m 0,62s@boss0,55m/oyuncu2,35m; kalıp sonu: merkeze 1,80 m, başlangıçtan 1,20 m, kalıp simülasyonundan 0,00 m"
1-11,"Kopya Vuruş","Kalkan","golge_yankisi",1,1,1,1,1,1,1,1,1,"ön","ön",63320.00,"",2.10,1.35,0.48,0.50,0.87,"0/10 kare koşu","vuruş 2: 0,48s@boss1,19m/oyuncu1,15m 0,80s@boss1,95m/oyuncu1,39m; kalıp sonu: merkeze 2,10 m, başlangıçtan 0,90 m, kalıp simülasyonundan 0,00 m"
1-12,"Akan Vuruş","Kalkan","basili_seri",1,1,1,1,1,1,1,1,1,"ön","ön",44944.00,"",1.60,1.35,3.00,3.00,3.38,"","vuruş 6: 0,62s@boss1,74m/oyuncu1,15m 1,13s@boss1,50m/oyuncu1,15m 1,62s@boss1,27m/oyuncu1,15m 2,12s@boss1,04m/oyuncu1,15m 2,62s@boss0,80m/oyuncu1,15m 3,13s@boss0,56m/oyuncu1,15m; kalıp sonu: merkeze 1,60 m, başlangıçtan 1,40 m, kalıp simülasyonundan 0,00 m"
2-10,"Aynalı Şifa","Kalkan","ters_es",1,1,1,1,1,1,1,1,1,"yerinde","yerinde",0.00,"oyuncu +112000 can",3.00,1.35,0.42,0.44,0.81,"","vuruş 2: 0,51s@boss2,60m/oyuncu0,40m 0,72s@boss0,00m/oyuncu3,00m; kalıp sonu: merkeze 3,00 m, başlangıçtan 0,00 m, kalıp simülasyonundan 0,00 m"
2-11,"Kopya Şifa","Kalkan","golge_ulak",1,1,1,1,1,1,1,1,1,"yan","yan",0.00,"oyuncu +32000 can, dost +24000 can",2.43,1.35,1.35,1.36,1.74,"0/9 kare koşu","vuruş 2: 0,50s@boss3,26m/oyuncu0,35m 1,65s@boss2,84m/oyuncu1,46m; kalıp sonu: merkeze 2,43 m, başlangıçtan 1,41 m, kalıp simülasyonundan 0,00 m, kalıp hedefi AllyDummy"
2-12,"Akan Şifa","Kalkan","basili_isik",1,1,1,1,1,1,1,1,1,"geri","geri",0.00,"oyuncu +24000 can, dost +24000 can",3.00,1.35,2.99,3.00,3.37,"","vuruş 6: 0,62s@boss5,38m/oyuncu2,72m 1,12s@boss5,56m/oyuncu2,72m 1,62s@boss5,75m/oyuncu2,72m 2,12s@boss5,94m/oyuncu2,72m 2,62s@boss6,12m/oyuncu2,72m 3,12s@boss6,31m/oyuncu2,72m; kalıp sonu: merkeze 3,94 m, başlangıçtan 1,20 m, kalıp simülasyonundan 0,00 m, kalıp hedefi AllyDummy"
3-10,"Aynalı Adım","Kalkan","iki_kapi",1,1,1,1,1,1,1,1,1,"ön","ön",0.00,"",1.50,1.35,0.53,0.54,0.92,"0/16 kare koşu","hasarsız skill (base_damage 0): etki hareketin kendisi; vuruş 2: 0,43s@boss3,00m/oyuncu0,00m 0,83s@boss1,50m/oyuncu0,00m; kalıp sonu: merkeze 1,50 m, başlangıçtan 1,50 m, kalıp simülasyonundan 0,00 m"
3-11,"Kopya Adım","Kalkan","yem_kac",1,1,1,1,1,1,1,1,1,"geri","geri",0.00,"",3.00,1.35,0.40,0.40,0.78,"0/17 kare koşu","hasarsız skill (base_damage 0): etki hareketin kendisi; vuruş 1: 0,43s@boss3,00m/oyuncu0,00m; kalıp sonu: merkeze 5,80 m, başlangıçtan 2,80 m, kalıp simülasyonundan 0,00 m"
3-12,"Akan Adım","Kalkan","suzulme",1,1,1,1,1,1,1,1,1,"ön","ön",0.00,"",1.90,1.35,2.99,3.00,3.38,"","hasarsız skill (base_damage 0): etki hareketin kendisi; kalıp sonu: merkeze 1,90 m, başlangıçtan 1,10 m, kalıp simülasyonundan 0,00 m"
10-1,"Yoğun Yansı","Kalkan","tam_zamanli",1,1,1,1,1,1,1,1,1,"yerinde","yerinde",0.00,"",3.00,1.35,0.50,0.50,0.83,"","hasarsız skill (base_damage 0): etki hareketin kendisi; vuruş 1: 0,69s@boss0,62m/oyuncu2,38m; kalıp sonu: merkeze 3,00 m, başlangıçtan 0,00 m, kalıp simülasyonundan 0,00 m"
10-2,"Emici Yansı","Kalkan","yutan_girdap",1,1,1,1,1,1,1,1,1,"yerinde","yerinde",0.00,"",3.00,1.35,3.17,3.18,3.51,"","hasarsız skill (base_damage 0): etki hareketin kendisi; vuruş 4: 1,25s@boss0,62m/oyuncu2,38m 2,01s@boss0,62m/oyuncu2,38m 2,76s@boss0,62m/oyuncu2,38m 3,51s@boss0,62m/oyuncu2,38m; kalıp sonu: merkeze 3,00 m, başlangıçtan 0,00 m, kalıp simülasyonundan 0,00 m"
10-3,"Sıçrayan Yansı","Kalkan","seken_geri",1,1,1,1,1,1,1,1,1,"ön","ön",0.00,"",1.90,1.35,0.35,0.36,0.68,"0/10 kare koşu","hasarsız skill (base_damage 0): etki hareketin kendisi; vuruş 2: 0,42s@boss0,78m/oyuncu1,53m 0,57s@boss0,00m/oyuncu1,90m; kalıp sonu: merkeze 1,90 m, başlangıçtan 1,10 m, kalıp simülasyonundan 0,00 m"
10-10,"Aynalı Yansı","Kalkan","iki_kapi",1,1,1,1,1,1,1,1,1,"ön","ön",0.00,"",1.50,1.35,0.53,0.54,0.86,"0/16 kare koşu","hasarsız skill (base_damage 0): etki hareketin kendisi; vuruş 2: 0,38s@boss3,00m/oyuncu0,00m 0,78s@boss1,50m/oyuncu0,00m; kalıp sonu: merkeze 1,50 m, başlangıçtan 1,50 m, kalıp simülasyonundan 0,00 m"
10-11,"Kopya Yansı","Kalkan","yem_kopya",1,1,1,1,1,1,1,1,1,"yerinde","yerinde",0.00,"",3.00,1.35,0.23,0.24,0.57,"","hasarsız skill (base_damage 0): etki hareketin kendisi; vuruş 1: 0,45s@boss2,98m/oyuncu1,29m; kalıp sonu: merkeze 3,00 m, başlangıçtan 0,00 m, kalıp simülasyonundan 0,00 m"
10-12,"Akan Yansı","Kalkan","basili_siper",1,1,1,1,1,1,1,1,1,"ön","ön",0.00,"",2.20,1.35,2.99,3.00,3.32,"","hasarsız skill (base_damage 0): etki hareketin kendisi; vuruş 3: 1,08s@boss0,42m/oyuncu2,38m 2,07s@boss0,15m/oyuncu2,38m 3,07s@boss0,12m/oyuncu2,38m; kalıp sonu: merkeze 2,20 m, başlangıçtan 0,80 m, kalıp simülasyonundan 0,00 m"
11-1,"Yoğun Çağrı","Kalkan","sirt_saplama",1,1,1,1,1,1,1,1,1,"yerinde","yerinde",0.00,"",3.00,1.35,0.32,0.32,0.70,"","hasarsız skill (base_damage 0): etki hareketin kendisi; vuruş 1: 0,63s@boss0,00m/oyuncu3,00m; kalıp sonu: merkeze 3,00 m, başlangıçtan 0,00 m, kalıp simülasyonundan 0,00 m"
11-2,"Emici Çağrı","Kalkan","yapisan",1,1,1,1,1,1,1,1,1,"yerinde","yerinde",0.00,"",3.00,1.35,5.17,5.18,5.56,"","hasarsız skill (base_damage 0): etki hareketin kendisi; vuruş 6: 0,54s@boss0,20m/oyuncu3,20m 1,56s@boss0,00m/oyuncu3,00m 2,56s@boss0,00m/oyuncu3,00m 3,56s@boss0,00m/oyuncu3,00m 4,56s@boss0,00m/oyuncu3,00m 5,56s@boss0,00m/oyuncu3,00m; kalıp sonu: merkeze 3,00 m, başlangıçtan 0,00 m, kalıp simülasyonundan 0,00 m"
11-3,"Sıçrayan Çağrı","Kalkan","seken_yaratik",1,1,1,1,1,1,1,1,1,"yerinde","yerinde",0.00,"",3.00,1.35,0.63,0.64,1.02,"","hasarsız skill (base_damage 0): etki hareketin kendisi; vuruş 3: 0,62s@boss0,00m/oyuncu3,00m 0,77s@boss0,35m/oyuncu3,02m 0,94s@boss0,35m/oyuncu3,02m; kalıp sonu: merkeze 3,00 m, başlangıçtan 0,00 m, kalıp simülasyonundan 0,00 m"
11-10,"Aynalı Çağrı","Kalkan","takim_kapisi",1,1,1,1,1,1,1,1,1,"yerinde","yerinde",0.00,"",3.00,1.35,1.23,1.24,1.62,"","hasarsız skill (base_damage 0): etki hareketin kendisi; vuruş 1: 0,50s@boss3,00m/oyuncu0,00m; kalıp sonu: merkeze 3,00 m, başlangıçtan 0,00 m, kalıp simülasyonundan 0,00 m"
11-11,"Kopya Çağrı","Kalkan","ayna_klonlar",1,1,1,1,1,1,1,1,1,"yerinde","yerinde",0.00,"",3.00,1.35,0.49,0.50,0.87,"","hasarsız skill (base_damage 0): etki hareketin kendisi; vuruş 2: 0,62s@boss2,93m/oyuncu1,41m 0,77s@boss2,93m/oyuncu1,41m; kalıp sonu: merkeze 3,00 m, başlangıçtan 0,00 m, kalıp simülasyonundan 0,00 m"
11-12,"Akan Çağrı","Kalkan","kapidan_akin",1,1,1,1,1,1,1,1,1,"yerinde","yerinde",0.00,"",3.00,1.35,4.19,4.20,4.58,"","hasarsız skill (base_damage 0): etki hareketin kendisi; vuruş 6: 0,57s@boss0,85m/oyuncu2,15m 1,38s@boss0,00m/oyuncu3,00m 2,18s@boss0,00m/oyuncu3,00m 2,98s@boss0,00m/oyuncu3,00m 3,78s@boss0,00m/oyuncu3,00m 4,58s@boss0,00m/oyuncu3,00m; kalıp sonu: merkeze 3,00 m, başlangıçtan 0,00 m, kalıp simülasyonundan 0,00 m"
12-1,"Yoğun Zaman","Kalkan","zamanli_donma",1,1,1,1,1,1,1,1,1,"ön","ön",0.00,"boss:Slow, boss hız x0,70",1.50,1.35,0.50,0.50,0.88,"0/10 kare koşu","vuruş 1: 0,82s@boss0,70m/oyuncu1,28m; kalıp sonu: merkeze 1,50 m, başlangıçtan 1,50 m, kalıp simülasyonundan 0,00 m"
12-2,"Emici Zaman","Kalkan","ceken_girdap",1,1,1,1,1,1,1,1,1,"yerinde","yerinde",0.00,"boss:Slow, oyuncu:Haste, boss hız x0,70, oyuncu hız x1,30",1.35,1.35,1.32,1.32,1.70,"","vuruş 3: 1,05s@boss0,00m/oyuncu1,35m 1,55s@boss0,00m/oyuncu1,35m 1,62s@boss0,00m/oyuncu1,35m; kalıp sonu: merkeze 1,35 m, başlangıçtan 0,00 m, kalıp simülasyonundan 0,00 m, boss 1,65 m kaydı"
12-3,"Sıçrayan Zaman","Kalkan","geri_donen_kure",1,1,1,1,1,1,1,1,1,"yerinde","yerinde",0.00,"boss:Slow, boss hız x0,70",3.00,1.35,0.50,0.50,0.88,"","vuruş 2: 0,55s@boss0,30m/oyuncu3,30m 0,78s@boss0,96m/oyuncu2,04m; kalıp sonu: merkeze 3,00 m, başlangıçtan 0,00 m, kalıp simülasyonundan 0,00 m"
12-10,"Aynalı Zaman","Kalkan","boss_geri",1,1,1,1,1,1,1,1,1,"yerinde","yerinde",0.00,"boss:Slow, boss hız x0,70",3.00,1.35,0.45,0.46,0.83,"","vuruş 1: 0,57s@boss0,30m/oyuncu3,30m; kalıp sonu: merkeze 3,00 m, başlangıçtan 0,00 m, kalıp simülasyonundan 0,00 m"
12-11,"Kopya Zaman","Kalkan","geri_sarma",1,1,1,1,1,1,1,1,1,"başlangıç","başlangıç",0.00,"",1.50,1.35,2.66,2.66,3.04,"1/32 kare koşu, ayak/gövde hız oranı 0,95","hasarsız skill (base_damage 0): etki hareketin kendisi; kalıp sonu: merkeze 3,00 m, başlangıçtan 0,00 m, kalıp simülasyonundan 0,00 m"
12-12,"Akan Zaman","Kalkan","yuruyen_balon",1,1,1,1,1,1,1,1,1,"ön","ön",0.00,"boss:Slow, oyuncu:Haste, boss hız x0,70, oyuncu hız x1,30",1.80,1.35,4.19,4.20,4.57,"","vuruş 5: 0,47s@boss3,00m/oyuncu0,00m 1,58s@boss2,70m/oyuncu0,00m 2,57s@boss2,40m/oyuncu0,00m 3,57s@boss2,10m/oyuncu0,00m 4,57s@boss1,80m/oyuncu0,00m; kalıp sonu: merkeze 1,80 m, başlangıçtan 1,20 m, kalıp simülasyonundan 0,00 m"
4-4,"Sabit Kalkan","Kalkan","duvar_dikme",1,1,1,1,1,1,1,1,1,"yerinde","yerinde",0.00,"",3.00,1.35,0.32,0.32,0.65,"","hasarsız skill (base_damage 0): etki hareketin kendisi; vuruş 1: 0,53s@boss0,62m/oyuncu2,38m; kalıp sonu: merkeze 3,00 m, başlangıçtan 0,00 m, kalıp simülasyonundan 0,00 m; yer değiştiren: kalıp 0,00 m, başka 1,73 m, SkillMotionDriver 0 kare, dodge 0 kare"
4-5,"Yayılan Kalkan","Kalkan","onde_yelpaze",1,1,1,1,1,1,1,1,1,"yerinde","yerinde",0.00,"",3.00,1.35,0.62,0.63,0.95,"","hasarsız skill (base_damage 0): etki hareketin kendisi; vuruş 1: 0,78s@boss1,88m/oyuncu1,12m; kalıp sonu: merkeze 3,00 m, başlangıçtan 0,00 m, kalıp simülasyonundan 0,00 m"
4-6,"Bağlayıcı Kalkan","Kalkan","zincirli_firlatma",1,1,1,1,1,1,1,1,1,"ön","ön",0.00,"",1.50,1.35,0.70,0.70,1.03,"0/12 kare koşu","hasarsız skill (base_damage 0): etki hareketin kendisi; vuruş 2: 0,52s@boss0,45m/oyuncu3,45m 0,95s@boss0,73m/oyuncu1,28m; kalıp sonu: merkeze 1,50 m, başlangıçtan 1,50 m, kalıp simülasyonundan 0,00 m"
4-7,"Bulandırıcı Kalkan","Kalkan","duman_duvari",1,1,1,1,1,1,1,1,1,"yerinde","yerinde",0.00,"oyuncu:Stealth",2.80,1.35,0.52,0.52,0.85,"","vuruş 1: 0,53s@boss0,42m/oyuncu2,38m; kalıp sonu: merkeze 2,80 m, başlangıçtan 0,20 m, kalıp simülasyonundan 0,00 m"
4-8,"Yükselen Kalkan","Kalkan","yerden_buyuyen",1,1,1,1,1,1,1,1,1,"yerinde","yerinde",0.00,"",3.00,1.35,0.42,0.42,0.75,"","hasarsız skill (base_damage 0): etki hareketin kendisi; vuruş 1: 0,62s@boss6,98m/oyuncu4,35m; kalıp sonu: merkeze 3,18 m, başlangıçtan 0,25 m, kalıp simülasyonundan 0,00 m, kalıp hedefi AllyDummy"
4-9,"Odaklı Kalkan","Kalkan","koruyucu_isaret",1,1,1,1,1,1,1,1,1,"geri","geri",0.00,"",3.00,1.35,0.18,0.20,0.52,"0/11 kare koşu","hasarsız skill (base_damage 0): etki hareketin kendisi; vuruş 1: 0,47s@boss3,73m/oyuncu0,35m; kalıp sonu: merkeze 3,61 m, başlangıçtan 0,80 m, kalıp simülasyonundan 0,00 m, kalıp hedefi AllyDummy"
5-4,"Sabit Patlama","Kalkan","",0,0,0,0,0,0,0,0,0,"","",0.00,"",0.00,0.00,0.00,0.00,0.00,"","cast reddedildi: hedef/menzil kapısı"
5-5,"Yayılan Patlama","Kalkan","yer_yarigi",1,1,1,1,1,1,1,1,1,"ön","ön",38072.00,"",1.50,1.35,0.55,0.56,0.93,"0/26 kare koşu","vuruş 3: 0,65s@boss0,35m/oyuncu1,28m 0,77s@boss0,14m/oyuncu1,36m 0,90s@boss0,22m/oyuncu1,28m; kalıp sonu: merkeze 1,50 m, başlangıçtan 2,07 m, kalıp simülasyonundan 0,00 m"
5-6,"Bağlayıcı Patlama","Kalkan","gerilip_kopan",1,1,1,1,1,1,1,1,1,"geri","geri",42960.00,"boss:Root+Slow, boss hız x0,00",1.35,1.35,0.57,0.58,0.94,"0/27 kare koşu","vuruş 2: 0,53s@boss0,85m/oyuncu0,89m 0,87s@boss0,85m/oyuncu2,65m; kalıp sonu: merkeze 3,14 m, başlangıçtan 0,50 m, kalıp simülasyonundan 0,00 m, boss 0,36 m kaydı"
5-7,"Bulandırıcı Patlama","Kalkan","sis_bombasi",1,1,1,1,1,1,1,1,1,"yerinde","yerinde",44280.00,"boss:Blind, oyuncu:Stealth",3.00,1.35,0.22,0.22,0.60,"","vuruş 1: 0,57s@boss0,35m/oyuncu3,35m; kalıp sonu: merkeze 3,00 m, başlangıçtan 0,00 m, kalıp simülasyonundan 0,00 m"
5-8,"Yükselen Patlama","Kalkan","yerden_fiskirma",1,1,1,1,1,1,1,1,1,"ön","ön",50152.00,"boss:Stun, boss hız x0,00",2.60,1.35,0.44,0.44,0.82,"","vuruş 1: 0,68s@boss0,00m/oyuncu2,78m; kalıp sonu: merkeze 2,60 m, başlangıçtan 0,40 m, kalıp simülasyonundan 0,00 m"
5-9,"Odaklı Patlama","Kalkan","gudumlu_top",1,1,1,1,1,1,1,1,1,"yerinde","yerinde",79112.00,"",3.00,1.35,0.55,0.56,0.93,"","vuruş 1: 0,85s@boss0,00m/oyuncu3,00m; kalıp sonu: merkeze 3,00 m, başlangıçtan 0,00 m, kalıp simülasyonundan 0,00 m"
6-4,"Sabit Bağ","Kalkan","karsilikli_kilit",1,1,1,1,1,1,1,1,1,"ön","ön",15624.00,"boss:Root, boss hız x0,00",1.50,1.35,3.23,3.24,3.57,"0/15 kare koşu","vuruş 1: 0,80s@boss0,40m/oyuncu1,11m; kalıp sonu: merkeze 1,50 m, başlangıçtan 1,50 m, kalıp simülasyonundan 0,00 m"
6-5,"Yayılan Bağ","Kalkan","yer_tuzagi",1,1,1,1,1,1,1,1,1,"yerinde","yerinde",13680.00,"boss:Root, boss hız x0,00",3.00,1.35,0.27,0.28,0.60,"","vuruş 1: 0,50s@boss0,62m/oyuncu2,38m; kalıp sonu: merkeze 3,00 m, başlangıçtan 0,00 m, kalıp simülasyonundan 0,00 m"
6-6,"Bağlayıcı Bağ","Kalkan","iki_uclu",1,1,1,1,1,1,1,1,1,"yerinde","yerinde",16560.00,"boss:Root+Slow, boss hız x0,00",3.00,1.35,0.63,0.65,0.97,"","vuruş 1: 0,50s@boss0,28m/oyuncu3,28m; kalıp sonu: merkeze 3,00 m, başlangıçtan 0,00 m, kalıp simülasyonundan 0,00 m"
6-7,"Bulandırıcı Bağ","Kalkan","goz_bagi",1,1,1,1,1,1,1,1,1,"yerinde","yerinde",15432.00,"boss:Blind+Root, oyuncu:Stealth, boss hız x0,00",3.00,1.35,0.18,0.20,0.52,"","vuruş 1: 0,50s@boss0,28m/oyuncu3,28m; kalıp sonu: merkeze 3,00 m, başlangıçtan 0,00 m, kalıp simülasyonundan 0,00 m"
6-8,"Yükselen Bağ","Kalkan","havada_asma",1,1,1,1,1,1,1,1,1,"ön","ön",17488.00,"boss:Root, boss hız x0,00",1.50,1.35,1.14,1.14,1.47,"0/21 kare koşu","vuruş 1: 0,82s@boss1,50m/oyuncu0,00m; kalıp sonu: merkeze 1,50 m, başlangıçtan 1,50 m, kalıp simülasyonundan 0,00 m"
6-9,"Odaklı Bağ","Kalkan","zamanli_donma",1,1,1,1,1,1,1,1,1,"ön","ön",27608.00,"boss:Root, boss hız x0,00",1.50,1.35,0.50,0.50,0.83,"0/10 kare koşu","vuruş 1: 0,77s@boss0,70m/oyuncu1,28m; kalıp sonu: merkeze 1,50 m, başlangıçtan 1,50 m, kalıp simülasyonundan 0,00 m"
7-4,"Sabit Zafiyet","Kalkan","",0,0,0,0,0,0,0,0,0,"","",0.00,"",0.00,0.00,0.00,0.00,0.00,"","cast reddedildi: hedef/menzil kapısı"
7-5,"Yayılan Zafiyet","Kalkan","onde_yelpaze",1,1,1,1,1,1,1,1,1,"yerinde","yerinde",6480.00,"",3.00,1.35,0.62,0.63,1.00,"","vuruş 1: 0,82s@boss1,88m/oyuncu1,12m; kalıp sonu: merkeze 3,00 m, başlangıçtan 0,00 m, kalıp simülasyonundan 0,00 m"
7-6,"Bağlayıcı Zafiyet","Kalkan","dost_ip",1,1,1,1,1,1,1,1,1,"yerinde","yerinde",8728.00,"boss:Root+Slow, boss hız x0,00",3.00,1.35,0.62,0.62,1.00,"","vuruş 1: 0,57s@boss0,28m/oyuncu3,28m; kalıp sonu: merkeze 3,00 m, başlangıçtan 0,00 m, kalıp simülasyonundan 0,00 m"
8-4,"Sabit Yükseliş","Kalkan","totem_dikme",1,1,1,1,1,1,1,1,1,"yerinde","yerinde",0.00,"",3.00,1.35,0.30,0.30,0.63,"","hasarsız skill (base_damage 0): etki hareketin kendisi; vuruş 1: 0,58s@boss3,10m/oyuncu0,00m; kalıp sonu: merkeze 3,11 m, başlangıçtan 0,15 m, kalıp simülasyonundan 0,00 m, kalıp hedefi AllyDummy"
8-5,"Yayılan Yükseliş","Kalkan","savas_narasi",1,1,1,1,1,1,1,1,1,"yerinde","yerinde",0.00,"",3.00,1.35,0.35,0.36,0.68,"","hasarsız skill (base_damage 0): etki hareketin kendisi; vuruş 1: 0,52s@boss3,00m/oyuncu0,00m; kalıp sonu: merkeze 3,00 m, başlangıçtan 0,00 m, kalıp simülasyonundan 0,00 m"
8-6,"Bağlayıcı Yükseliş","Kalkan","dost_dosta",1,1,1,1,1,1,1,1,1,"yan","yan",0.00,"",2.38,1.35,0.52,0.52,0.85,"0/13 kare koşu","hasarsız skill (base_damage 0): etki hareketin kendisi; vuruş 3: 0,40s@boss4,05m/oyuncu1,22m 0,60s@boss2,68m/oyuncu1,41m 0,77s@boss4,76m/oyuncu2,38m; kalıp sonu: merkeze 2,38 m, başlangıçtan 1,41 m, kalıp simülasyonundan 0,00 m, kalıp hedefi AllyDummy"
9-4,"Sabit Arınma","Kalkan","yer_tuzagi",1,1,1,1,1,1,1,1,1,"yerinde","yerinde",0.00,"oyuncu +12000 can",3.00,1.35,0.27,0.28,0.65,"","vuruş 1: 0,55s@boss0,62m/oyuncu2,38m; kalıp sonu: merkeze 3,00 m, başlangıçtan 0,00 m, kalıp simülasyonundan 0,00 m"
9-5,"Yayılan Arınma","Kalkan","dagilan_yagmur",1,1,1,1,1,1,1,1,1,"yerinde","yerinde",0.00,"oyuncu +12000 can",3.00,1.35,0.57,0.58,0.95,"","vuruş 1: 0,77s@boss3,00m/oyuncu0,00m; kalıp sonu: merkeze 3,00 m, başlangıçtan 0,00 m, kalıp simülasyonundan 0,00 m, kalıp hedefi AllyDummy"
9-6,"Bağlayıcı Arınma","Kalkan","iki_uclu",1,1,1,1,1,1,1,1,1,"yerinde","yerinde",0.00,"oyuncu +12000 can",3.00,1.35,0.65,0.65,1.03,"","vuruş 1: 0,55s@boss6,08m/oyuncu3,58m; kalıp sonu: merkeze 3,00 m, başlangıçtan 0,00 m, kalıp simülasyonundan 0,00 m, kalıp hedefi AllyDummy"
4-10,"Aynalı Kalkan","Kalkan","sirtta_kapi",1,1,1,1,1,1,1,1,1,"ön","ön",30000.00,"",1.80,1.35,0.32,0.32,0.65,"0/11 kare koşu","vuruş 2: 0,45s@boss0,92m/oyuncu1,19m 0,57s@boss0,55m/oyuncu2,35m; kalıp sonu: merkeze 1,80 m, başlangıçtan 1,20 m, kalıp simülasyonundan 0,00 m"
4-11,"Kopya Kalkan","Kalkan","yem_kopya",1,1,1,1,1,1,1,1,1,"yerinde","yerinde",0.00,"",3.00,1.35,0.23,0.24,0.57,"","hasarsız skill (base_damage 0): etki hareketin kendisi; vuruş 1: 0,45s@boss2,98m/oyuncu1,29m; kalıp sonu: merkeze 3,00 m, başlangıçtan 0,00 m, kalıp simülasyonundan 0,00 m"
4-12,"Akan Kalkan","Kalkan","basili_siper",1,1,1,1,1,1,1,1,1,"geri","geri",0.00,"",3.00,1.35,2.99,3.00,3.33,"","hasarsız skill (base_damage 0): etki hareketin kendisi; vuruş 3: 1,07s@boss5,16m/oyuncu2,38m 2,08s@boss5,40m/oyuncu2,38m 3,08s@boss5,65m/oyuncu2,38m; kalıp sonu: merkeze 3,61 m, başlangıçtan 0,80 m, kalıp simülasyonundan 0,00 m, kalıp hedefi AllyDummy"
5-10,"Aynalı Patlama","Kalkan","karsi_darbe",1,1,1,1,1,1,1,1,1,"ön","ön",67944.00,"",1.70,1.35,0.35,0.36,0.73,"0/9 kare koşu","vuruş 1: 0,67s@boss0,83m/oyuncu1,36m; kalıp sonu: merkeze 1,70 m, başlangıçtan 1,30 m, kalıp simülasyonundan 0,00 m"
5-11,"Kopya Patlama","Kalkan","golge_yankisi",1,1,1,1,1,1,1,1,1,"ön","ön",54960.00,"",2.10,1.35,0.49,0.50,0.88,"0/10 kare koşu","vuruş 2: 0,48s@boss1,20m/oyuncu1,15m 0,80s@boss1,95m/oyuncu1,39m; kalıp sonu: merkeze 2,10 m, başlangıçtan 0,90 m, kalıp simülasyonundan 0,00 m"
5-12,"Akan Patlama","Kalkan","patlayan_iz",1,1,1,1,1,1,1,1,1,"ön","ön",31544.00,"",2.20,1.35,2.99,3.00,3.37,"","vuruş 6: 0,83s@boss2,20m/oyuncu1,53m 1,32s@boss2,10m/oyuncu1,53m 1,82s@boss1,79m/oyuncu1,53m 2,32s@boss1,44m/oyuncu1,53m 2,82s@boss1,07m/oyuncu1,53m 3,32s@boss0,71m/oyuncu1,53m; kalıp sonu: merkeze 2,20 m, başlangıçtan 2,20 m, kalıp simülasyonundan 0,70 m, boss 1,40 m kaydı"
6-10,"Aynalı Bağ","Kalkan","karsi_darbe",1,1,1,1,1,1,1,1,1,"ön","ön",15600.00,"boss:Root, boss hız x0,00",1.70,1.35,0.35,0.36,0.68,"0/9 kare koşu","vuruş 1: 0,62s@boss0,83m/oyuncu1,36m; kalıp sonu: merkeze 1,70 m, başlangıçtan 1,30 m, kalıp simülasyonundan 0,00 m"
6-11,"Kopya Bağ","Kalkan","onden_arkadan",1,1,1,1,1,1,1,1,1,"ön","ön",16304.00,"boss:Root, boss hız x0,00",2.10,1.35,0.33,0.34,0.67,"0/10 kare koşu","vuruş 2: 0,43s@boss1,24m/oyuncu1,11m 0,55s@boss0,60m/oyuncu2,70m; kalıp sonu: merkeze 2,10 m, başlangıçtan 0,90 m, kalıp simülasyonundan 0,00 m"
6-12,"Akan Bağ","Kalkan","cember_sarma",1,1,1,1,1,1,1,1,1,"arka","arka",10784.00,"boss:Root, boss hız x0,00",1.50,1.35,0.89,0.90,1.22,"0/44 kare koşu","vuruş 1: 1,12s@boss0,00m/oyuncu2,06m; kalıp sonu: merkeze 2,06 m, başlangıçtan 4,59 m, kalıp simülasyonundan 0,00 m"
10-4,"Sabit Yansı","Kalkan","duvar_dikme",1,1,1,1,1,1,1,1,1,"yerinde","yerinde",0.00,"",3.00,1.35,0.32,0.32,0.65,"","hasarsız skill (base_damage 0): etki hareketin kendisi; vuruş 1: 0,53s@boss0,62m/oyuncu2,38m; kalıp sonu: merkeze 3,00 m, başlangıçtan 0,00 m, kalıp simülasyonundan 0,00 m"
10-5,"Yayılan Yansı","Kalkan","yuruyen_balon",1,1,1,1,1,1,1,1,1,"ön","ön",0.00,"",1.80,1.35,4.19,4.20,4.53,"","hasarsız skill (base_damage 0): etki hareketin kendisi; vuruş 5: 0,42s@boss3,00m/oyuncu0,00m 1,53s@boss2,70m/oyuncu0,00m 2,53s@boss2,40m/oyuncu0,00m 3,53s@boss2,10m/oyuncu0,00m 4,53s@boss1,80m/oyuncu0,00m; kalıp sonu: merkeze 1,80 m, başlangıçtan 1,20 m, kalıp simülasyonundan 0,00 m"
10-6,"Bağlayıcı Yansı","Kalkan","silaha_kement",1,1,1,1,1,1,1,1,1,"yerinde","yerinde",0.00,"boss:Root+Slow, boss hız x0,00",3.00,1.35,0.92,0.94,1.26,"","vuruş 1: 0,52s@boss0,40m/oyuncu3,40m; kalıp sonu: merkeze 3,00 m, başlangıçtan 0,00 m, kalıp simülasyonundan 0,00 m"
11-4,"Sabit Çağrı","Kalkan","taret_dikme",1,1,1,1,1,1,1,1,1,"yerinde","yerinde",0.00,"",3.00,1.35,0.42,0.42,0.80,"","hasarsız skill (base_damage 0): etki hareketin kendisi; vuruş 2: 0,50s@boss3,00m/oyuncu0,00m 0,75s@boss0,21m/oyuncu3,21m; kalıp sonu: merkeze 3,00 m, başlangıçtan 0,00 m, kalıp simülasyonundan 0,00 m"
11-5,"Yayılan Çağrı","Kalkan","dagilan_suru",1,1,1,1,1,1,1,1,1,"yerinde","yerinde",0.00,"",3.00,1.35,0.42,0.42,0.80,"","hasarsız skill (base_damage 0): etki hareketin kendisi; vuruş 3: 0,45s@boss0,35m/oyuncu3,02m 0,58s@boss0,00m/oyuncu3,00m 0,72s@boss0,35m/oyuncu3,02m; kalıp sonu: merkeze 3,00 m, başlangıçtan 0,00 m, kalıp simülasyonundan 0,00 m"
11-6,"Bağlayıcı Çağrı","Kalkan","muhafiz",1,1,1,1,1,1,1,1,1,"yerinde","yerinde",0.00,"",3.00,1.35,0.51,0.52,0.90,"","hasarsız skill (base_damage 0): etki hareketin kendisi; vuruş 1: 0,52s@boss2,89m/oyuncu1,20m; kalıp sonu: merkeze 3,00 m, başlangıçtan 0,00 m, kalıp simülasyonundan 0,00 m"
12-4,"Sabit Zaman","Kalkan","totem_dikme",1,1,1,1,1,1,1,1,1,"yerinde","yerinde",0.00,"boss:Slow+Stun, boss hız x0,00",2.85,1.35,0.28,0.30,0.67,"","vuruş 1: 0,63s@boss2,87m/oyuncu0,00m; kalıp sonu: merkeze 2,85 m, başlangıçtan 0,15 m, kalıp simülasyonundan 0,00 m"
12-5,"Yayılan Zaman","Kalkan","genisleyen_halka",1,1,1,1,1,1,1,1,1,"yerinde","yerinde",0.00,"boss:Slow, boss hız x0,70",3.00,1.35,0.57,0.58,0.94,"","vuruş 1: 0,82s@boss3,00m/oyuncu0,00m; kalıp sonu: merkeze 3,00 m, başlangıçtan 0,00 m, kalıp simülasyonundan 0,00 m"
12-6,"Bağlayıcı Zaman","Kalkan","iki_uclu",1,1,1,1,1,1,1,1,1,"yerinde","yerinde",0.00,"oyuncu:Haste, oyuncu hız x1,30",3.00,1.35,0.65,0.65,1.03,"","vuruş 1: 0,55s@boss0,28m/oyuncu3,28m; kalıp sonu: merkeze 3,00 m, başlangıçtan 0,00 m, kalıp simülasyonundan 0,00 m"
7-7,"Bulandırıcı Zafiyet","Kalkan","sis_bombasi",1,1,1,1,1,1,1,1,1,"yerinde","yerinde",8024.00,"boss:Blind, oyuncu:Stealth",3.00,1.35,0.22,0.22,0.60,"","vuruş 1: 0,57s@boss0,35m/oyuncu3,35m; kalıp sonu: merkeze 3,00 m, başlangıçtan 0,00 m, kalıp simülasyonundan 0,00 m"
7-8,"Yükselen Zafiyet","Kalkan","yerden_fiskirma",1,1,1,1,1,1,1,1,1,"ön","ön",9088.00,"boss:Stun, boss hız x0,00",2.60,1.35,0.43,0.44,0.81,"","vuruş 1: 0,68s@boss0,00m/oyuncu2,78m; kalıp sonu: merkeze 2,60 m, başlangıçtan 0,40 m, kalıp simülasyonundan 0,00 m"
7-9,"Odaklı Zafiyet","Kalkan","isaret_patlamasi",1,1,1,1,1,1,1,1,1,"yerinde","yerinde",12640.00,"",3.00,1.35,1.92,1.92,2.30,"","vuruş 1: 2,23s@boss0,00m/oyuncu3,00m; kalıp sonu: merkeze 3,00 m, başlangıçtan 0,00 m, kalıp simülasyonundan 0,00 m"
7-10,"Aynalı Zafiyet","Kalkan","onden_arkadan",1,1,1,1,1,1,1,1,1,"ön","ön",10728.00,"",2.10,1.35,0.33,0.34,0.72,"0/10 kare koşu","vuruş 2: 0,48s@boss1,24m/oyuncu1,11m 0,60s@boss0,60m/oyuncu2,70m; kalıp sonu: merkeze 2,10 m, başlangıçtan 0,90 m, kalıp simülasyonundan 0,00 m"
7-11,"Kopya Zafiyet","Kalkan","golge_yankisi",1,1,1,1,1,1,1,1,1,"ön","ön",10280.00,"",2.10,1.35,0.50,0.50,0.88,"0/10 kare koşu","vuruş 2: 0,48s@boss1,20m/oyuncu1,15m 0,80s@boss1,95m/oyuncu1,39m; kalıp sonu: merkeze 2,10 m, başlangıçtan 0,90 m, kalıp simülasyonundan 0,00 m"
7-12,"Akan Zafiyet","Kalkan","basili_isik",1,1,1,1,1,1,1,1,1,"ön","ön",7456.00,"",1.80,1.35,2.99,3.00,3.37,"","vuruş 6: 0,63s@boss0,17m/oyuncu2,72m 1,12s@boss0,02m/oyuncu2,72m 1,62s@boss0,22m/oyuncu2,72m 2,12s@boss0,42m/oyuncu2,72m 2,62s@boss0,62m/oyuncu2,72m 3,12s@boss0,82m/oyuncu2,72m; kalıp sonu: merkeze 1,80 m, başlangıçtan 1,20 m, kalıp simülasyonundan 0,00 m"
8-7,"Bulandırıcı Yükseliş","Kalkan","goz_bagi",1,1,1,1,1,1,1,1,1,"yerinde","yerinde",0.00,"oyuncu:Stealth",3.00,1.35,0.18,0.20,0.52,"","vuruş 1: 0,50s@boss0,28m/oyuncu3,28m; kalıp sonu: merkeze 3,00 m, başlangıçtan 0,00 m, kalıp simülasyonundan 0,00 m"
8-8,"Yükselen Yükseliş","Kalkan","buyuten_kemer",1,1,1,1,1,1,1,1,1,"yerinde","yerinde",0.00,"",3.00,1.35,0.42,0.42,0.75,"","hasarsız skill (base_damage 0): etki hareketin kendisi; vuruş 1: 0,62s@boss5,02m/oyuncu2,21m; kalıp sonu: merkeze 3,22 m, başlangıçtan 0,30 m, kalıp simülasyonundan 0,00 m, kalıp hedefi AllyDummy"
8-9,"Odaklı Yükseliş","Kalkan","gudumlu_top",1,1,1,1,1,1,1,1,1,"yerinde","yerinde",0.00,"",3.00,1.35,0.55,0.56,0.88,"","hasarsız skill (base_damage 0): etki hareketin kendisi; vuruş 1: 0,80s@boss6,98m/oyuncu4,53m; kalıp sonu: merkeze 3,00 m, başlangıçtan 0,00 m, kalıp simülasyonundan 0,00 m, kalıp hedefi AllyDummy"
8-10,"Aynalı Yükseliş","Kalkan","ters_es",1,1,1,1,1,1,1,1,1,"yerinde","yerinde",0.00,"",3.00,1.35,0.42,0.44,0.76,"","hasarsız skill (base_damage 0): etki hareketin kendisi; vuruş 2: 0,46s@boss2,60m/oyuncu0,40m 0,67s@boss0,00m/oyuncu3,00m; kalıp sonu: merkeze 3,00 m, başlangıçtan 0,00 m, kalıp simülasyonundan 0,00 m"
8-11,"Kopya Yükseliş","Kalkan","golge_ulak",1,1,1,1,1,1,1,1,1,"yan","yan",0.00,"",2.43,1.35,1.35,1.36,1.68,"0/9 kare koşu","hasarsız skill (base_damage 0): etki hareketin kendisi; vuruş 2: 0,45s@boss3,26m/oyuncu0,35m 1,60s@boss2,85m/oyuncu1,46m; kalıp sonu: merkeze 2,43 m, başlangıçtan 1,41 m, kalıp simülasyonundan 0,00 m, kalıp hedefi AllyDummy"
8-12,"Akan Yükseliş","Kalkan","akinti_yolu",1,1,1,1,1,1,1,1,1,"geri","geri",0.00,"",3.00,1.35,0.93,0.94,1.27,"3/42 kare koşu, ayak/gövde hız oranı 1,01","hasarsız skill (base_damage 0): etki hareketin kendisi; vuruş 1: 1,13s@boss6,27m/oyuncu2,38m; kalıp sonu: merkeze 4,11 m, başlangıçtan 1,40 m, kalıp simülasyonundan 0,00 m, kalıp hedefi AllyDummy"
9-7,"Bulandırıcı Arınma","Kalkan","sis_ortusu",1,1,1,1,1,1,1,1,1,"yerinde","yerinde",0.00,"oyuncu:Stealth, oyuncu +12000 can",3.00,1.35,0.28,0.30,0.67,"","vuruş 1: 0,55s@boss0,00m/oyuncu3,00m; kalıp sonu: merkeze 3,00 m, başlangıçtan 0,00 m, kalıp simülasyonundan 0,00 m"
9-8,"Yükselen Arınma","Kalkan","isik_sutunu",1,1,1,1,1,1,1,1,1,"yerinde","yerinde",0.00,"oyuncu +12000 can",3.00,1.35,0.47,0.48,0.85,"","vuruş 1: 0,72s@boss3,05m/oyuncu0,00m; kalıp sonu: merkeze 3,07 m, başlangıçtan 0,10 m, kalıp simülasyonundan 0,00 m, kalıp hedefi AllyDummy"
9-9,"Odaklı Arınma","Kalkan","mermi_sondur",1,1,1,1,1,1,1,1,1,"yerinde","yerinde",0.00,"oyuncu +12000 can",3.00,1.35,0.37,0.38,0.76,"","vuruş 1: 0,69s@boss6,98m/oyuncu4,53m; kalıp sonu: merkeze 3,00 m, başlangıçtan 0,00 m, kalıp simülasyonundan 0,00 m, kalıp hedefi AllyDummy"
9-10,"Aynalı Arınma","Kalkan","yer_degistir",1,1,1,1,1,1,1,1,1,"arka","arka",0.00,"oyuncu +12000 can",1.50,1.35,0.33,0.34,0.72,"0/1 kare koşu","vuruş 1: 0,65s@boss0,31m/oyuncu1,19m; kalıp sonu: merkeze 1,50 m, başlangıçtan 4,50 m, kalıp simülasyonundan 0,00 m; tek karede 4,50 m sıçrama (sınır 0,62 m @ 17 ms, t=0,48, faz degis, blink tasarım gereği)"
9-11,"Kopya Arınma","Kalkan","yem_kopya",1,1,1,1,1,1,1,1,1,"yerinde","yerinde",0.00,"oyuncu +12000 can",3.00,1.35,0.23,0.24,0.62,"","vuruş 1: 0,50s@boss2,98m/oyuncu1,29m; kalıp sonu: merkeze 3,00 m, başlangıçtan 0,00 m, kalıp simülasyonundan 0,00 m"
9-12,"Akan Arınma","Kalkan","nabiz",1,1,1,1,1,1,1,1,1,"yerinde","yerinde",0.00,"oyuncu +8000 can, dost +4000 can",3.00,1.35,3.17,3.18,3.56,"","vuruş 3: 1,55s@boss3,00m/oyuncu0,00m 2,56s@boss3,00m/oyuncu0,00m 3,56s@boss3,00m/oyuncu0,00m; kalıp sonu: merkeze 3,00 m, başlangıçtan 0,00 m, kalıp simülasyonundan 0,00 m"
10-7,"Bulandırıcı Yansı","Kalkan","sahte_goruntu",1,1,1,1,1,1,1,1,1,"geri","geri",0.00,"boss:Blind, oyuncu:Stealth",3.00,1.35,0.43,0.44,0.77,"0/9 kare koşu","vuruş 3: 0,40s@boss3,06m/oyuncu1,37m 0,53s@boss3,06m/oyuncu1,37m 0,70s@boss3,58m/oyuncu0,00m; kalıp sonu: merkeze 3,90 m, başlangıçtan 0,90 m, kalıp simülasyonundan 0,00 m"
10-8,"Yükselen Yansı","Kalkan","yerden_buyuyen",1,1,1,1,1,1,1,1,1,"yerinde","yerinde",0.00,"",2.75,1.35,0.42,0.42,0.75,"","hasarsız skill (base_damage 0): etki hareketin kendisi; vuruş 1: 0,62s@boss0,00m/oyuncu2,82m; kalıp sonu: merkeze 2,75 m, başlangıçtan 0,25 m, kalıp simülasyonundan 0,00 m"
10-9,"Odaklı Yansı","Kalkan","koruyucu_isaret",1,1,1,1,1,1,1,1,1,"ön","ön",0.00,"",2.20,1.35,0.18,0.20,0.52,"3/11 kare koşu, ayak/gövde hız oranı 0,93","hasarsız skill (base_damage 0): etki hareketin kendisi; vuruş 1: 0,47s@boss2,05m/oyuncu0,35m; kalıp sonu: merkeze 2,20 m, başlangıçtan 0,80 m, kalıp simülasyonundan 0,00 m"
11-7,"Bulandırıcı Çağrı","Kalkan","sirt_saplama",1,1,1,1,1,1,1,1,1,"yerinde","yerinde",0.00,"boss:Blind, oyuncu:Stealth",3.00,1.35,0.32,0.32,0.70,"","vuruş 1: 0,63s@boss0,00m/oyuncu3,00m; kalıp sonu: merkeze 3,00 m, başlangıçtan 0,00 m, kalıp simülasyonundan 0,00 m"
11-8,"Yükselen Çağrı","Kalkan","dostu_yerden",1,1,1,1,1,1,1,1,1,"yan","yan",0.00,"",2.96,1.35,0.77,0.78,1.15,"0/35 kare koşu","hasarsız skill (base_damage 0): etki hareketin kendisi; vuruş 1: 1,00s@boss2,81m/oyuncu0,95m; kalıp sonu: merkeze 2,99 m, başlangıçtan 0,91 m, kalıp simülasyonundan 0,00 m"
11-9,"Odaklı Çağrı","Kalkan","pesinden_av",1,1,1,1,1,1,1,1,1,"yerinde","yerinde",0.00,"",3.00,1.35,2.32,2.32,2.69,"","hasarsız skill (base_damage 0): etki hareketin kendisi; vuruş 1: 2,62s@boss0,00m/oyuncu3,00m; kalıp sonu: merkeze 3,00 m, başlangıçtan 0,00 m, kalıp simülasyonundan 0,00 m"
12-7,"Bulandırıcı Zaman","Kalkan","kum_saati",1,1,1,1,1,1,1,1,1,"yerinde","yerinde",0.00,"boss:Blind+Slow, oyuncu:Stealth, boss hız x0,70",3.00,1.35,0.62,0.62,1.00,"","vuruş 1: 0,57s@boss0,28m/oyuncu3,28m; kalıp sonu: merkeze 3,00 m, başlangıçtan 0,00 m, kalıp simülasyonundan 0,00 m"
12-8,"Yükselen Zaman","Kalkan","isik_sutunu",1,1,1,1,1,1,1,1,1,"yerinde","yerinde",0.00,"oyuncu:Haste, oyuncu hız x1,50",2.90,1.35,0.47,0.48,0.85,"","vuruş 1: 0,72s@boss2,93m/oyuncu0,00m; kalıp sonu: merkeze 2,90 m, başlangıçtan 0,10 m, kalıp simülasyonundan 0,00 m"
12-9,"Odaklı Zaman","Kalkan","isaret_patlamasi",1,1,1,1,1,1,1,1,1,"yerinde","yerinde",0.00,"boss:Slow, boss hız x0,70",3.00,1.35,1.90,1.92,2.29,"","vuruş 1: 2,24s@boss0,00m/oyuncu3,00m; kalıp sonu: merkeze 3,00 m, başlangıçtan 0,00 m, kalıp simülasyonundan 0,00 m"
1-1,"Yoğun Vuruş","Yay","yukle_birak",1,1,1,1,1,1,1,1,1,"ön","ön",249040.00,"",1.50,1.35,0.52,0.52,0.83,"0/11 kare koşu","vuruş 1: 0,77s@boss0,37m/oyuncu1,53m; kalıp sonu: merkeze 1,50 m, başlangıçtan 1,50 m, kalıp simülasyonundan 0,00 m"
1-2,"Emici Vuruş","Yay","kan_ceken_pence",1,1,1,1,1,1,1,1,1,"yerinde","yerinde",144392.00,"oyuncu +43316 can",1.35,1.35,0.37,0.38,0.68,"","vuruş 3: 0,40s@boss1,64m/oyuncu1,02m 0,52s@boss1,16m/oyuncu1,02m 0,65s@boss0,60m/oyuncu1,02m; kalıp sonu: merkeze 1,49 m, başlangıçtan 0,00 m, kalıp simülasyonundan 1,50 m, boss 1,51 m kaydı"
1-3,"Sıçrayan Vuruş","Yay","yan_yan_sekme",1,1,1,1,1,1,1,1,1,"geri","geri",127080.00,"",2.85,1.35,0.45,0.46,0.76,"0/27 kare koşu","vuruş 2: 0,43s@boss0,74m/oyuncu3,52m 0,71s@boss0,74m/oyuncu4,11m; kalıp sonu: merkeze 3,70 m, başlangıçtan 1,30 m, kalıp simülasyonundan 0,00 m"
1-4,"Sabit Vuruş","Yay","yere_cakilan",1,1,1,1,1,1,1,1,1,"yerinde","yerinde",132720.00,"",2.80,1.35,0.40,0.42,0.71,"","vuruş 1: 0,67s@boss2,81m/oyuncu0,00m; kalıp sonu: merkeze 2,80 m, başlangıçtan 0,20 m, kalıp simülasyonundan 0,00 m"
1-5,"Yayılan Vuruş","Yay","donen_kesik",1,1,1,1,1,1,1,1,1,"yerinde","yerinde",105120.00,"",3.00,1.35,0.53,0.55,0.83,"","vuruş 1: 0,53s@boss3,00m/oyuncu0,00m; kalıp sonu: merkeze 3,00 m, başlangıçtan 0,00 m, kalıp simülasyonundan 0,00 m"
1-6,"Bağlayıcı Vuruş","Yay","zincirli_firlatma",1,1,1,1,1,1,1,1,1,"ön","ön",129496.00,"boss:Root+Slow, boss hız x0,00",1.50,1.35,0.69,0.70,1.00,"0/11 kare koşu","vuruş 2: 0,50s@boss0,45m/oyuncu3,45m 0,94s@boss0,71m/oyuncu1,28m; kalıp sonu: merkeze 1,50 m, başlangıçtan 1,50 m, kalıp simülasyonundan 0,00 m"
2-1,"Yoğun Şifa","Yay","tek_dokunus",1,1,1,1,1,1,1,1,1,"geri","geri",0.00,"oyuncu +88000 can",3.00,1.35,0.15,0.16,0.50,"0/9 kare koşu","vuruş 1: 0,45s@boss3,84m/oyuncu0,68m; kalıp sonu: merkeze 3,41 m, başlangıçtan 0,55 m, kalıp simülasyonundan 0,00 m, kalıp hedefi AllyDummy"
2-2,"Emici Şifa","Yay","uzaktan_emme",1,1,1,1,1,1,1,1,1,"yerinde","yerinde",53192.00,"oyuncu +56000 can, dost +56000 can",2.65,1.35,2.15,2.16,2.49,"","vuruş 4: 1,00s@boss0,19m/oyuncu2,72m 1,49s@boss0,10m/oyuncu2,72m 1,99s@boss0,02m/oyuncu2,72m 2,49s@boss0,07m/oyuncu2,72m; kalıp sonu: merkeze 2,65 m, başlangıçtan 0,35 m, kalıp simülasyonundan 0,00 m"
2-3,"Sıçrayan Şifa","Yay","dosttan_dosta",1,1,1,1,1,1,1,1,1,"yerinde","yerinde",0.00,"oyuncu +32000 can, dost +56000 can",3.00,1.35,0.53,0.54,0.88,"","vuruş 3: 0,50s@boss6,18m/oyuncu3,68m 0,60s@boss6,98m/oyuncu4,53m 0,78s@boss6,88m/oyuncu4,54m; kalıp sonu: merkeze 3,00 m, başlangıçtan 0,00 m, kalıp simülasyonundan 0,00 m, kalıp hedefi AllyDummy"
2-4,"Sabit Şifa","Yay","totem_dikme",1,1,1,1,1,1,1,1,1,"yerinde","yerinde",0.00,"oyuncu +88000 can",3.00,1.35,0.28,0.30,0.63,"","vuruş 1: 0,60s@boss3,10m/oyuncu0,00m; kalıp sonu: merkeze 3,11 m, başlangıçtan 0,15 m, kalıp simülasyonundan 0,00 m, kalıp hedefi AllyDummy"
2-5,"Yayılan Şifa","Yay","genisleyen_halka",1,1,1,1,1,1,1,1,1,"yerinde","yerinde",0.00,"oyuncu +88000 can",3.00,1.35,0.57,0.58,0.92,"","vuruş 1: 0,80s@boss3,00m/oyuncu0,00m; kalıp sonu: merkeze 3,00 m, başlangıçtan 0,00 m, kalıp simülasyonundan 0,00 m"
2-6,"Bağlayıcı Şifa","Yay","dostu_kanca",1,1,1,1,1,1,1,1,1,"geri","geri",0.00,"oyuncu +88000 can",3.00,1.35,0.52,0.52,0.87,"0/21 kare koşu","vuruş 1: 0,80s@boss5,79m/oyuncu0,40m; kalıp sonu: merkeze 5,92 m, başlangıçtan 3,40 m, kalıp simülasyonundan 0,00 m, kalıp hedefi AllyDummy"
3-1,"Yoğun Adım","Yay","isinlan_kes",1,1,1,1,1,1,1,1,1,"arka","arka",0.00,"",1.50,1.35,0.47,0.48,0.78,"0/1 kare koşu","hasarsız skill (base_damage 0): etki hareketin kendisi; vuruş 1: 0,73s@boss0,00m/oyuncu1,50m; kalıp sonu: merkeze 1,50 m, başlangıçtan 4,50 m, kalıp simülasyonundan 0,00 m; tek karede 4,50 m sıçrama (sınır 0,63 m @ 17 ms, t=0,68, faz isin, blink tasarım gereği)"
3-2,"Emici Adım","Yay","icinden_emme",1,1,1,1,1,1,1,1,1,"arka","arka",0.00,"",0.09,1.35,0.27,0.28,0.58,"0/16 kare koşu","hasarsız skill (base_damage 0): etki hareketin kendisi; vuruş 1: 0,47s@boss0,97m/oyuncu1,36m; kalıp sonu: merkeze 2,65 m, başlangıçtan 5,51 m, kalıp simülasyonundan 0,14 m, boss 0,14 m kaydı; gövdeye girdi: merkeze 0,09 m (t=0,45, temas 1,35) geçiş tasarım gereği"
3-3,"Sıçrayan Adım","Yay","sekmeli_ziplama",1,1,1,1,1,1,1,1,1,"arka","arka",0.00,"",1.50,1.35,0.59,0.60,0.91,"0/31 kare koşu","hasarsız skill (base_damage 0): etki hareketin kendisi; vuruş 3: 0,45s@boss2,05m/oyuncu0,00m 0,66s@boss1,50m/oyuncu0,00m 0,86s@boss1,50m/oyuncu0,00m; kalıp sonu: merkeze 1,50 m, başlangıçtan 4,50 m, kalıp simülasyonundan 0,00 m"
3-4,"Sabit Adım","Yay","geri_sarma",1,1,1,1,1,1,1,1,1,"başlangıç","başlangıç",0.00,"",1.50,1.35,2.66,2.66,2.97,"1/32 kare koşu, ayak/gövde hız oranı 1,00","hasarsız skill (base_damage 0): etki hareketin kendisi; kalıp sonu: merkeze 3,00 m, başlangıçtan 0,00 m, kalıp simülasyonundan 0,00 m"
3-5,"Yayılan Adım","Yay","dalis_patlamasi",1,1,1,1,1,1,1,1,1,"ön","ön",0.00,"",1.50,1.35,0.42,0.42,0.73,"0/16 kare koşu","hasarsız skill (base_damage 0): etki hareketin kendisi; vuruş 1: 0,62s@boss1,50m/oyuncu0,00m; kalıp sonu: merkeze 1,50 m, başlangıçtan 1,50 m, kalıp simülasyonundan 0,00 m"
3-6,"Bağlayıcı Adım","Yay","kanca_cekis",1,1,1,1,1,1,1,1,1,"arka","arka",0.00,"boss:Root+Slow, boss hız x0,00",1.50,1.35,0.74,0.74,1.06,"0/35 kare koşu","vuruş 1: 0,97s@boss0,00m/oyuncu1,50m; kalıp sonu: merkeze 1,50 m, başlangıçtan 4,50 m, kalıp simülasyonundan 0,00 m"
4-1,"Yoğun Kalkan","Yay","tam_zamanli",1,1,1,1,1,1,1,1,1,"yerinde","yerinde",0.00,"",3.00,1.35,0.50,0.50,0.85,"","hasarsız skill (base_damage 0): etki hareketin kendisi; vuruş 1: 0,70s@boss0,62m/oyuncu2,38m; kalıp sonu: merkeze 3,00 m, başlangıçtan 0,00 m, kalıp simülasyonundan 0,00 m"
4-2,"Emici Kalkan","Yay","kalkan_calma",1,1,1,1,1,1,1,1,1,"yerinde","yerinde",76000.00,"",1.35,1.35,0.19,0.20,0.54,"","vuruş 1: 0,47s@boss1,22m/oyuncu1,28m; kalıp sonu: merkeze 2,22 m, başlangıçtan 0,00 m, kalıp simülasyonundan 1,50 m, boss 0,78 m kaydı"
4-3,"Sıçrayan Kalkan","Yay","seken_disk",1,1,1,1,1,1,1,1,1,"yerinde","yerinde",0.00,"",3.00,1.35,0.42,0.42,0.77,"","hasarsız skill (base_damage 0): etki hareketin kendisi; vuruş 2: 0,52s@boss0,30m/oyuncu3,30m 0,65s@boss3,04m/oyuncu1,43m; kalıp sonu: merkeze 3,00 m, başlangıçtan 0,00 m, kalıp simülasyonundan 0,00 m"
5-1,"Yoğun Patlama","Yay","saplanan_fitil",1,1,1,1,1,1,1,1,1,"geri","geri",92856.00,"",2.32,1.35,1.61,1.62,1.96,"0/23 kare koşu","vuruş 2: 0,47s@boss0,85m/oyuncu1,53m 1,95s@boss0,85m/oyuncu2,95m; kalıp sonu: merkeze 3,80 m, başlangıçtan 0,80 m, kalıp simülasyonundan 0,00 m"
5-2,"Emici Patlama","Yay","ceken_girdap",1,1,1,1,1,1,1,1,1,"yerinde","yerinde",69240.00,"oyuncu +20773 can",1.35,1.35,1.32,1.32,1.67,"","vuruş 3: 1,02s@boss0,00m/oyuncu1,35m 1,52s@boss0,00m/oyuncu1,35m 1,58s@boss0,00m/oyuncu1,35m; kalıp sonu: merkeze 1,35 m, başlangıçtan 0,00 m, kalıp simülasyonundan 0,00 m, boss 1,65 m kaydı"
5-3,"Sıçrayan Patlama","Yay","seken_bomba",1,1,1,1,1,1,1,1,1,"yerinde","yerinde",96256.00,"",3.00,1.35,0.57,0.58,0.92,"","vuruş 3: 0,50s@boss0,40m/oyuncu3,40m 0,62s@boss0,00m/oyuncu3,00m 0,82s@boss0,35m/oyuncu3,02m; kalıp sonu: merkeze 3,00 m, başlangıçtan 0,00 m, kalıp simülasyonundan 0,00 m"
6-1,"Yoğun Bağ","Yay","sinir_noktasi",1,1,1,1,1,1,1,1,1,"ön","ön",26680.00,"boss:Stun, boss hız x0,00",1.50,1.35,0.33,0.34,0.68,"0/14 kare koşu","vuruş 1: 0,63s@boss0,91m/oyuncu0,59m; kalıp sonu: merkeze 1,50 m, başlangıçtan 1,50 m, kalıp simülasyonundan 0,00 m"
6-2,"Emici Bağ","Yay","bossu_cek",1,1,1,1,1,1,1,1,1,"geri","geri",19344.00,"boss:Root, boss hız x0,00, oyuncu +5804 can",1.35,1.35,0.43,0.44,0.78,"0/17 kare koşu","vuruş 1: 0,63s@boss1,27m/oyuncu1,36m; kalıp sonu: merkeze 2,82 m, başlangıçtan 1,60 m, kalıp simülasyonundan 0,00 m, boss 1,78 m kaydı"
6-3,"Sıçrayan Bağ","Yay","basip_sekme",1,1,1,1,1,1,1,1,1,"başlangıç","başlangıç",20968.00,"boss:Root, boss hız x0,00",1.51,1.35,0.50,0.52,0.85,"0/30 kare koşu","vuruş 1: 0,61s@boss1,58m/oyuncu0,00m; kalıp sonu: merkeze 3,20 m, başlangıçtan 0,20 m, kalıp simülasyonundan 0,00 m"
1-7,"Bulandırıcı Vuruş","Yay","dumandan_cikis",1,1,1,1,1,1,1,1,1,"ön","ön",121984.00,"boss:Blind",1.50,1.35,0.47,0.48,0.78,"0/11 kare koşu","vuruş 1: 0,70s@boss0,74m/oyuncu1,36m; kalıp sonu: merkeze 1,50 m, başlangıçtan 1,50 m, kalıp simülasyonundan 0,00 m"
1-8,"Yükselen Vuruş","Yay","havaya_kaldirma",1,1,1,1,1,1,1,1,1,"ön","ön",138320.00,"boss:Stun, boss hız x0,00",1.90,1.35,0.33,0.34,0.65,"0/20 kare koşu","vuruş 1: 0,45s@boss1,24m/oyuncu1,28m; kalıp sonu: merkeze 1,90 m, başlangıçtan 1,10 m, kalıp simülasyonundan 0,00 m"
1-9,"Odaklı Vuruş","Yay","isarete_vur",1,1,1,1,1,1,1,1,1,"ön","ön",218424.00,"",1.65,1.35,0.37,0.38,0.68,"0/9 kare koşu","vuruş 1: 0,62s@boss0,91m/oyuncu1,28m; kalıp sonu: merkeze 1,65 m, başlangıçtan 1,35 m, kalıp simülasyonundan 0,00 m"
2-7,"Bulandırıcı Şifa","Yay","sis_ortusu",1,1,1,1,1,1,1,1,1,"yerinde","yerinde",0.00,"oyuncu +88000 can",3.00,1.35,0.28,0.30,0.63,"","vuruş 1: 0,52s@boss0,00m/oyuncu3,00m; kalıp sonu: merkeze 3,00 m, başlangıçtan 0,00 m, kalıp simülasyonundan 0,00 m"
2-8,"Yükselen Şifa","Yay","yerden_buyuyen",1,1,1,1,1,1,1,1,1,"yerinde","yerinde",0.00,"oyuncu +88000 can",3.00,1.35,0.42,0.42,0.77,"","vuruş 1: 0,63s@boss6,98m/oyuncu4,35m; kalıp sonu: merkeze 3,18 m, başlangıçtan 0,25 m, kalıp simülasyonundan 0,00 m, kalıp hedefi AllyDummy"
2-9,"Odaklı Şifa","Yay","koruyucu_isaret",1,1,1,1,1,1,1,1,1,"geri","geri",0.00,"oyuncu +88000 can",3.00,1.35,0.20,0.20,0.55,"0/12 kare koşu","vuruş 1: 0,48s@boss3,73m/oyuncu0,35m; kalıp sonu: merkeze 3,61 m, başlangıçtan 0,80 m, kalıp simülasyonundan 0,00 m, kalıp hedefi AllyDummy"
3-7,"Bulandırıcı Adım","Yay","duman_kaybolma",1,1,1,1,1,1,1,1,1,"ön","ön",0.00,"boss:Blind, oyuncu:Stealth",1.50,1.35,0.59,0.59,0.90,"0/8 kare koşu","vuruş 1: 0,45s@boss1,50m/oyuncu0,00m; kalıp sonu: merkeze 1,50 m, başlangıçtan 1,50 m, kalıp simülasyonundan 0,00 m"
3-8,"Yükselen Adım","Yay","sicrayip_cakilma",1,1,1,1,1,1,1,1,1,"ön","ön",0.00,"oyuncu:Haste, oyuncu hız x1,10",1.50,1.35,0.82,0.82,1.13,"0/21 kare koşu","vuruş 1: 1,07s@boss1,50m/oyuncu0,00m; kalıp sonu: merkeze 1,50 m, başlangıçtan 1,50 m, kalıp simülasyonundan 0,00 m"
3-9,"Odaklı Adım","Yay","isinlan_kes",1,1,1,1,1,1,1,1,1,"arka","arka",0.00,"",1.50,1.35,0.47,0.48,0.79,"0/1 kare koşu","hasarsız skill (base_damage 0): etki hareketin kendisi; vuruş 1: 0,73s@boss0,00m/oyuncu1,50m; kalıp sonu: merkeze 1,50 m, başlangıçtan 4,50 m, kalıp simülasyonundan 0,00 m; tek karede 4,50 m sıçrama (sınır 0,62 m @ 17 ms, t=0,68, faz isin, blink tasarım gereği)"
7-1,"Yoğun Zafiyet","Yay","diken_firlatma",1,1,1,1,1,1,1,1,1,"yerinde","yerinde",22232.00,"",3.00,1.35,0.39,0.40,0.71,"","vuruş 1: 0,67s@boss0,30m/oyuncu3,30m; kalıp sonu: merkeze 3,00 m, başlangıçtan 0,00 m, kalıp simülasyonundan 0,00 m"
7-2,"Emici Zafiyet","Yay","sokup_cekme",1,1,1,1,1,1,1,1,1,"geri","geri",16440.00,"oyuncu +4930 can",1.35,1.35,0.43,0.44,0.74,"0/15 kare koşu","vuruş 2: 0,45s@boss0,35m/oyuncu2,79m 0,61s@boss1,23m/oyuncu1,19m; kalıp sonu: merkeze 2,52 m, başlangıçtan 1,30 m, kalıp simülasyonundan 0,00 m, boss 1,78 m kaydı"
7-3,"Sıçrayan Zafiyet","Yay","seken_yaratik",1,1,1,1,1,1,1,1,1,"yerinde","yerinde",18008.00,"",3.00,1.35,0.63,0.64,0.95,"","vuruş 3: 0,55s@boss0,00m/oyuncu3,00m 0,70s@boss0,35m/oyuncu3,02m 0,87s@boss0,35m/oyuncu3,02m; kalıp sonu: merkeze 3,00 m, başlangıçtan 0,00 m, kalıp simülasyonundan 0,00 m"
8-1,"Yoğun Yükseliş","Yay","kuculten_kapi",1,1,1,1,1,1,1,1,1,"yerinde","yerinde",0.00,"",3.00,1.35,0.27,0.28,0.62,"","hasarsız skill (base_damage 0): etki hareketin kendisi; vuruş 1: 0,52s@boss0,62m/oyuncu2,38m; kalıp sonu: merkeze 3,00 m, başlangıçtan 0,00 m, kalıp simülasyonundan 0,00 m"
8-2,"Emici Yükseliş","Yay","kan_muhru",1,1,1,1,1,1,1,1,1,"yerinde","yerinde",0.00,"",3.00,1.35,0.32,0.32,0.67,"","hasarsız skill (base_damage 0): etki hareketin kendisi; vuruş 1: 0,53s@boss3,00m/oyuncu0,00m; kalıp sonu: merkeze 3,00 m, başlangıçtan 0,00 m, kalıp simülasyonundan 0,00 m"
8-3,"Sıçrayan Yükseliş","Yay","pas_verme",1,1,1,1,1,1,1,1,1,"yerinde","yerinde",0.00,"",3.00,1.35,0.23,0.24,0.58,"","hasarsız skill (base_damage 0): etki hareketin kendisi; vuruş 1: 0,55s@boss6,05m/oyuncu3,55m; kalıp sonu: merkeze 3,00 m, başlangıçtan 0,00 m, kalıp simülasyonundan 0,00 m, kalıp hedefi AllyDummy"
9-1,"Yoğun Arınma","Yay","tek_dokunus",1,1,1,1,1,1,1,1,1,"geri","geri",0.00,"oyuncu +28000 can",3.00,1.35,0.15,0.16,0.47,"3/9 kare koşu, ayak/gövde hız oranı 1,01","vuruş 1: 0,42s@boss3,84m/oyuncu0,68m; kalıp sonu: merkeze 3,41 m, başlangıçtan 0,55 m, kalıp simülasyonundan 0,00 m, kalıp hedefi AllyDummy"
9-2,"Emici Arınma","Yay","cekip_firlat",1,1,1,1,1,1,1,1,1,"yerinde","yerinde",0.00,"oyuncu +12000 can, dost +16000 can",3.00,1.35,0.49,0.50,0.80,"","vuruş 2: 0,47s@boss2,65m/oyuncu0,35m 0,77s@boss0,30m/oyuncu3,30m; kalıp sonu: merkeze 3,00 m, başlangıçtan 0,00 m, kalıp simülasyonundan 0,00 m"
9-3,"Sıçrayan Arınma","Yay","dosttan_dosta",1,1,1,1,1,1,1,1,1,"yerinde","yerinde",0.00,"oyuncu +16000 can, dost +8000 can",3.00,1.35,0.53,0.54,0.85,"","vuruş 3: 0,47s@boss6,18m/oyuncu3,69m 0,57s@boss6,98m/oyuncu4,53m 0,75s@boss6,88m/oyuncu4,54m; kalıp sonu: merkeze 3,00 m, başlangıçtan 0,00 m, kalıp simülasyonundan 0,00 m, kalıp hedefi AllyDummy"
1-10,"Aynalı Vuruş","Yay","sirtta_kapi",1,1,1,1,1,1,1,1,1,"ön","ön",130536.00,"",1.80,1.35,0.32,0.32,0.63,"0/11 kare koşu","vuruş 2: 0,42s@boss1,03m/oyuncu1,19m 0,55s@boss0,55m/oyuncu2,35m; kalıp sonu: merkeze 1,80 m, başlangıçtan 1,20 m, kalıp simülasyonundan 0,00 m"
1-11,"Kopya Vuruş","Yay","golge_yankisi",1,1,1,1,1,1,1,1,1,"ön","ön",125064.00,"",2.10,1.35,0.49,0.50,0.80,"0/10 kare koşu","vuruş 2: 0,42s@boss1,19m/oyuncu1,15m 0,73s@boss1,95m/oyuncu1,39m; kalıp sonu: merkeze 2,10 m, başlangıçtan 0,90 m, kalıp simülasyonundan 0,00 m"
1-12,"Akan Vuruş","Yay","basili_seri",1,1,1,1,1,1,1,1,1,"ön","ön",103880.00,"",1.60,1.35,2.99,3.00,3.30,"","vuruş 6: 0,55s@boss1,74m/oyuncu1,15m 1,06s@boss1,50m/oyuncu1,15m 1,55s@boss1,27m/oyuncu1,15m 2,05s@boss1,03m/oyuncu1,15m 2,55s@boss0,80m/oyuncu1,15m 3,05s@boss0,57m/oyuncu1,15m; kalıp sonu: merkeze 1,60 m, başlangıçtan 1,40 m, kalıp simülasyonundan 0,00 m"
2-10,"Aynalı Şifa","Yay","ters_es",1,1,1,1,1,1,1,1,1,"yerinde","yerinde",16800.00,"oyuncu +112000 can",3.00,1.35,0.43,0.44,0.79,"","vuruş 2: 0,49s@boss2,60m/oyuncu0,40m 0,69s@boss0,00m/oyuncu3,00m; kalıp sonu: merkeze 3,00 m, başlangıçtan 0,00 m, kalıp simülasyonundan 0,00 m"
2-11,"Kopya Şifa","Yay","golge_ulak",1,1,1,1,1,1,1,1,1,"yan","yan",0.00,"oyuncu +52000 can, dost +36000 can",2.43,1.35,1.35,1.36,1.70,"0/9 kare koşu","vuruş 2: 0,47s@boss3,26m/oyuncu0,35m 1,62s@boss2,85m/oyuncu1,46m; kalıp sonu: merkeze 2,43 m, başlangıçtan 1,41 m, kalıp simülasyonundan 0,00 m, kalıp hedefi AllyDummy"
2-12,"Akan Şifa","Yay","basili_isik",1,1,1,1,1,1,1,1,1,"geri","geri",0.00,"oyuncu +48000 can, dost +48000 can",3.00,1.35,2.99,3.00,3.34,"","vuruş 6: 0,58s@boss5,38m/oyuncu2,72m 1,10s@boss5,57m/oyuncu2,72m 1,60s@boss5,75m/oyuncu2,72m 2,10s@boss5,94m/oyuncu2,72m 2,60s@boss6,13m/oyuncu2,72m 3,10s@boss6,31m/oyuncu2,72m; kalıp sonu: merkeze 3,94 m, başlangıçtan 1,20 m, kalıp simülasyonundan 0,00 m, kalıp hedefi AllyDummy"
3-10,"Aynalı Adım","Yay","iki_kapi",1,1,1,1,1,1,1,1,1,"ön","ön",0.00,"",1.50,1.35,0.53,0.54,0.85,"0/16 kare koşu","hasarsız skill (base_damage 0): etki hareketin kendisi; vuruş 2: 0,37s@boss3,00m/oyuncu0,00m 0,77s@boss1,50m/oyuncu0,00m; kalıp sonu: merkeze 1,50 m, başlangıçtan 1,50 m, kalıp simülasyonundan 0,00 m"
3-11,"Kopya Adım","Yay","yem_kac",1,1,1,1,1,1,1,1,1,"geri","geri",0.00,"",3.00,1.35,0.39,0.40,0.70,"0/16 kare koşu","hasarsız skill (base_damage 0): etki hareketin kendisi; vuruş 1: 0,37s@boss3,00m/oyuncu0,00m; kalıp sonu: merkeze 5,80 m, başlangıçtan 2,80 m, kalıp simülasyonundan 0,00 m"
3-12,"Akan Adım","Yay","suzulme",1,1,1,1,1,1,1,1,1,"ön","ön",0.00,"",1.90,1.35,2.99,3.00,3.31,"","hasarsız skill (base_damage 0): etki hareketin kendisi; kalıp sonu: merkeze 1,90 m, başlangıçtan 1,10 m, kalıp simülasyonundan 0,00 m"
10-1,"Yoğun Yansı","Yay","tam_zamanli",1,1,1,1,1,1,1,1,1,"yerinde","yerinde",0.00,"",3.00,1.35,0.48,0.50,0.83,"","hasarsız skill (base_damage 0): etki hareketin kendisi; vuruş 1: 0,68s@boss0,62m/oyuncu2,38m; kalıp sonu: merkeze 3,00 m, başlangıçtan 0,00 m, kalıp simülasyonundan 0,00 m"
10-2,"Emici Yansı","Yay","yutan_girdap",1,1,1,1,1,1,1,1,1,"yerinde","yerinde",0.00,"",1.35,1.35,3.17,3.18,3.52,"","hasarsız skill (base_damage 0): etki hareketin kendisi; vuruş 4: 1,27s@boss1,03m/oyuncu2,38m 2,02s@boss1,03m/oyuncu2,38m 2,77s@boss1,03m/oyuncu2,38m 3,52s@boss1,03m/oyuncu2,38m; kalıp sonu: merkeze 1,35 m, başlangıçtan 0,00 m, kalıp simülasyonundan 0,00 m, boss 1,65 m kaydı"
10-3,"Sıçrayan Yansı","Yay","seken_geri",1,1,1,1,1,1,1,1,1,"ön","ön",0.00,"",1.90,1.35,0.35,0.36,0.70,"0/10 kare koşu","hasarsız skill (base_damage 0): etki hareketin kendisi; vuruş 2: 0,43s@boss0,78m/oyuncu1,53m 0,58s@boss0,00m/oyuncu1,90m; kalıp sonu: merkeze 1,90 m, başlangıçtan 1,10 m, kalıp simülasyonundan 0,00 m"
10-10,"Aynalı Yansı","Yay","iki_kapi",1,1,1,1,1,1,1,1,1,"ön","ön",0.00,"",1.50,1.35,0.53,0.54,0.88,"0/16 kare koşu","hasarsız skill (base_damage 0): etki hareketin kendisi; vuruş 2: 0,40s@boss3,00m/oyuncu0,00m 0,80s@boss1,50m/oyuncu0,00m; kalıp sonu: merkeze 1,50 m, başlangıçtan 1,50 m, kalıp simülasyonundan 0,00 m"
10-11,"Kopya Yansı","Yay","yem_kopya",1,1,1,1,1,1,1,1,1,"yerinde","yerinde",0.00,"",3.00,1.35,0.23,0.24,0.59,"","hasarsız skill (base_damage 0): etki hareketin kendisi; vuruş 1: 0,47s@boss2,98m/oyuncu1,29m; kalıp sonu: merkeze 3,00 m, başlangıçtan 0,00 m, kalıp simülasyonundan 0,00 m"
10-12,"Akan Yansı","Yay","basili_siper",1,1,1,1,1,1,1,1,1,"ön","ön",0.00,"",2.20,1.35,2.99,3.00,3.34,"","hasarsız skill (base_damage 0): etki hareketin kendisi; vuruş 3: 1,08s@boss0,42m/oyuncu2,38m 2,09s@boss0,15m/oyuncu2,38m 3,09s@boss0,11m/oyuncu2,38m; kalıp sonu: merkeze 2,20 m, başlangıçtan 0,80 m, kalıp simülasyonundan 0,00 m"
11-1,"Yoğun Çağrı","Yay","sirt_saplama",1,1,1,1,1,1,1,1,1,"yerinde","yerinde",0.00,"",3.00,1.35,0.32,0.32,0.67,"","hasarsız skill (base_damage 0): etki hareketin kendisi; vuruş 1: 0,60s@boss0,00m/oyuncu3,00m; kalıp sonu: merkeze 3,00 m, başlangıçtan 0,00 m, kalıp simülasyonundan 0,00 m"
11-2,"Emici Çağrı","Yay","yapisan",1,1,1,1,1,1,1,1,1,"yerinde","yerinde",0.00,"",1.35,1.35,5.17,5.18,5.52,"","hasarsız skill (base_damage 0): etki hareketin kendisi; vuruş 6: 0,50s@boss0,20m/oyuncu2,58m 1,52s@boss0,00m/oyuncu1,35m 2,52s@boss0,00m/oyuncu1,35m 3,52s@boss0,00m/oyuncu1,35m 4,52s@boss0,00m/oyuncu1,35m 5,52s@boss0,00m/oyuncu1,35m; kalıp sonu: merkeze 1,35 m, başlangıçtan 0,00 m, kalıp simülasyonundan 0,00 m, boss 1,65 m kaydı"
11-3,"Sıçrayan Çağrı","Yay","seken_yaratik",1,1,1,1,1,1,1,1,1,"yerinde","yerinde",0.00,"",3.00,1.35,0.63,0.64,0.99,"","hasarsız skill (base_damage 0): etki hareketin kendisi; vuruş 3: 0,59s@boss0,00m/oyuncu3,00m 0,74s@boss0,35m/oyuncu3,02m 0,90s@boss0,35m/oyuncu3,02m; kalıp sonu: merkeze 3,00 m, başlangıçtan 0,00 m, kalıp simülasyonundan 0,00 m"
11-10,"Aynalı Çağrı","Yay","takim_kapisi",1,1,1,1,1,1,1,1,1,"yerinde","yerinde",0.00,"",3.00,1.35,1.24,1.24,1.59,"","hasarsız skill (base_damage 0): etki hareketin kendisi; vuruş 1: 0,47s@boss3,00m/oyuncu0,00m; kalıp sonu: merkeze 3,00 m, başlangıçtan 0,00 m, kalıp simülasyonundan 0,00 m"
11-11,"Kopya Çağrı","Yay","ayna_klonlar",1,1,1,1,1,1,1,1,1,"yerinde","yerinde",0.00,"",3.00,1.35,0.50,0.50,0.85,"","hasarsız skill (base_damage 0): etki hareketin kendisi; vuruş 2: 0,58s@boss2,93m/oyuncu1,41m 0,75s@boss2,93m/oyuncu1,41m; kalıp sonu: merkeze 3,00 m, başlangıçtan 0,00 m, kalıp simülasyonundan 0,00 m"
11-12,"Akan Çağrı","Yay","kapidan_akin",1,1,1,1,1,1,1,1,1,"yerinde","yerinde",0.00,"",3.00,1.35,4.19,4.20,4.54,"","hasarsız skill (base_damage 0): etki hareketin kendisi; vuruş 6: 0,53s@boss0,85m/oyuncu2,15m 1,34s@boss0,00m/oyuncu3,00m 2,14s@boss0,00m/oyuncu3,00m 2,94s@boss0,00m/oyuncu3,00m 3,74s@boss0,00m/oyuncu3,00m 4,54s@boss0,00m/oyuncu3,00m; kalıp sonu: merkeze 3,00 m, başlangıçtan 0,00 m, kalıp simülasyonundan 0,00 m"
12-1,"Yoğun Zaman","Yay","zamanli_donma",1,1,1,1,1,1,1,1,1,"ön","ön",0.00,"boss:Slow, boss hız x0,70",1.50,1.35,0.50,0.50,0.85,"0/10 kare koşu","vuruş 1: 0,78s@boss0,70m/oyuncu1,28m; kalıp sonu: merkeze 1,50 m, başlangıçtan 1,50 m, kalıp simülasyonundan 0,00 m"
12-2,"Emici Zaman","Yay","ceken_girdap",1,1,1,1,1,1,1,1,1,"yerinde","yerinde",0.00,"boss:Slow, oyuncu:Haste, boss hız x0,70, oyuncu hız x1,30",1.35,1.35,1.30,1.32,1.65,"","vuruş 3: 1,02s@boss0,00m/oyuncu1,35m 1,52s@boss0,00m/oyuncu1,35m 1,57s@boss0,00m/oyuncu1,35m; kalıp sonu: merkeze 1,35 m, başlangıçtan 0,00 m, kalıp simülasyonundan 0,00 m, boss 1,65 m kaydı"
12-3,"Sıçrayan Zaman","Yay","geri_donen_kure",1,1,1,1,1,1,1,1,1,"yerinde","yerinde",0.00,"boss:Slow, boss hız x0,70",3.00,1.35,0.48,0.50,0.83,"","vuruş 2: 0,52s@boss0,30m/oyuncu3,30m 0,75s@boss0,96m/oyuncu2,04m; kalıp sonu: merkeze 3,00 m, başlangıçtan 0,00 m, kalıp simülasyonundan 0,00 m"
12-10,"Aynalı Zaman","Yay","boss_geri",1,1,1,1,1,1,1,1,1,"yerinde","yerinde",0.00,"boss:Slow, boss hız x0,70",3.00,1.35,0.45,0.46,0.80,"","vuruş 1: 0,53s@boss0,30m/oyuncu3,30m; kalıp sonu: merkeze 3,00 m, başlangıçtan 0,00 m, kalıp simülasyonundan 0,00 m"
12-11,"Kopya Zaman","Yay","geri_sarma",1,1,1,1,1,1,1,1,1,"başlangıç","başlangıç",0.00,"",1.50,1.35,2.65,2.66,3.00,"1/32 kare koşu, ayak/gövde hız oranı 1,00","hasarsız skill (base_damage 0): etki hareketin kendisi; kalıp sonu: merkeze 3,00 m, başlangıçtan 0,00 m, kalıp simülasyonundan 0,00 m"
12-12,"Akan Zaman","Yay","yuruyen_balon",1,1,1,1,1,1,1,1,1,"ön","ön",0.00,"boss:Slow, boss hız x0,70",1.80,1.35,4.19,4.20,4.54,"","vuruş 5: 0,43s@boss3,00m/oyuncu0,00m 1,54s@boss2,70m/oyuncu0,00m 2,54s@boss2,40m/oyuncu0,00m 3,54s@boss2,10m/oyuncu0,00m 4,54s@boss1,80m/oyuncu0,00m; kalıp sonu: merkeze 1,80 m, başlangıçtan 1,20 m, kalıp simülasyonundan 0,00 m"
4-4,"Sabit Kalkan","Yay","duvar_dikme",1,1,1,1,1,1,1,1,1,"yerinde","yerinde",0.00,"",3.00,1.35,0.32,0.32,0.67,"","hasarsız skill (base_damage 0): etki hareketin kendisi; vuruş 1: 0,55s@boss0,62m/oyuncu2,38m; kalıp sonu: merkeze 3,00 m, başlangıçtan 0,00 m, kalıp simülasyonundan 0,00 m"
4-5,"Yayılan Kalkan","Yay","onde_yelpaze",1,1,1,1,1,1,1,1,1,"yerinde","yerinde",0.00,"",3.00,1.35,0.62,0.63,0.97,"","hasarsız skill (base_damage 0): etki hareketin kendisi; vuruş 1: 0,78s@boss1,88m/oyuncu1,12m; kalıp sonu: merkeze 3,00 m, başlangıçtan 0,00 m, kalıp simülasyonundan 0,00 m"
4-6,"Bağlayıcı Kalkan","Yay","zincirli_firlatma",1,1,1,1,1,1,1,1,1,"ön","ön",0.00,"",1.50,1.35,0.68,0.70,1.03,"0/11 kare koşu","hasarsız skill (base_damage 0): etki hareketin kendisi; vuruş 2: 0,53s@boss0,45m/oyuncu3,45m 0,97s@boss0,72m/oyuncu1,28m; kalıp sonu: merkeze 1,50 m, başlangıçtan 1,50 m, kalıp simülasyonundan 0,00 m"
4-7,"Bulandırıcı Kalkan","Yay","duman_duvari",1,1,1,1,1,1,1,1,1,"yerinde","yerinde",0.00,"",2.80,1.35,0.52,0.52,0.87,"","hasarsız skill (base_damage 0): etki hareketin kendisi; vuruş 1: 0,55s@boss0,42m/oyuncu2,38m; kalıp sonu: merkeze 2,80 m, başlangıçtan 0,20 m, kalıp simülasyonundan 0,00 m"
4-8,"Yükselen Kalkan","Yay","yerden_buyuyen",1,1,1,1,1,1,1,1,1,"yerinde","yerinde",0.00,"",3.00,1.35,0.42,0.42,0.77,"","hasarsız skill (base_damage 0): etki hareketin kendisi; vuruş 1: 0,63s@boss6,98m/oyuncu4,35m; kalıp sonu: merkeze 3,18 m, başlangıçtan 0,25 m, kalıp simülasyonundan 0,00 m, kalıp hedefi AllyDummy"
4-9,"Odaklı Kalkan","Yay","koruyucu_isaret",1,1,1,1,1,1,1,1,1,"geri","geri",0.00,"",3.00,1.35,0.18,0.20,0.53,"0/11 kare koşu","hasarsız skill (base_damage 0): etki hareketin kendisi; vuruş 1: 0,48s@boss3,73m/oyuncu0,35m; kalıp sonu: merkeze 3,61 m, başlangıçtan 0,80 m, kalıp simülasyonundan 0,00 m, kalıp hedefi AllyDummy"
5-4,"Sabit Patlama","Yay","mayin_cakma",1,1,1,1,1,1,1,1,1,"yerinde","yerinde",73040.00,"",3.00,1.35,0.42,0.42,0.77,"","vuruş 2: 0,57s@boss0,85m/oyuncu2,15m 0,65s@boss0,85m/oyuncu2,15m; kalıp sonu: merkeze 3,00 m, başlangıçtan 0,00 m, kalıp simülasyonundan 0,00 m"
5-5,"Yayılan Patlama","Yay","yer_yarigi",1,1,1,1,1,1,1,1,1,"ön","ön",61616.00,"",1.50,1.35,0.56,0.56,0.91,"0/26 kare koşu","vuruş 3: 0,62s@boss0,35m/oyuncu1,28m 0,74s@boss0,14m/oyuncu1,36m 0,87s@boss0,23m/oyuncu1,28m; kalıp sonu: merkeze 1,50 m, başlangıçtan 2,07 m, kalıp simülasyonundan 0,00 m"
5-6,"Bağlayıcı Patlama","Yay","gerilip_kopan",1,1,1,1,1,1,1,1,1,"geri","geri",74280.00,"boss:Root+Slow, boss hız x0,00",1.35,1.35,0.57,0.58,0.92,"0/27 kare koşu","vuruş 2: 0,50s@boss0,85m/oyuncu0,89m 0,85s@boss0,85m/oyuncu2,65m; kalıp sonu: merkeze 3,14 m, başlangıçtan 0,50 m, kalıp simülasyonundan 0,00 m, boss 0,36 m kaydı"
5-7,"Bulandırıcı Patlama","Yay","sis_bombasi",1,1,1,1,1,1,1,1,1,"yerinde","yerinde",69216.00,"boss:Blind, oyuncu:Stealth",3.00,1.35,0.22,0.22,0.57,"","vuruş 1: 0,54s@boss0,35m/oyuncu3,35m; kalıp sonu: merkeze 3,00 m, başlangıçtan 0,00 m, kalıp simülasyonundan 0,00 m"
5-8,"Yükselen Patlama","Yay","yerden_fiskirma",1,1,1,1,1,1,1,1,1,"ön","ön",78456.00,"boss:Stun, boss hız x0,00",2.60,1.35,0.43,0.44,0.78,"","vuruş 1: 0,65s@boss0,00m/oyuncu2,78m; kalıp sonu: merkeze 2,60 m, başlangıçtan 0,40 m, kalıp simülasyonundan 0,00 m"
5-9,"Odaklı Patlama","Yay","gudumlu_top",1,1,1,1,1,1,1,1,1,"yerinde","yerinde",123840.00,"",3.00,1.35,0.55,0.56,0.90,"","vuruş 1: 0,82s@boss0,00m/oyuncu3,00m; kalıp sonu: merkeze 3,00 m, başlangıçtan 0,00 m, kalıp simülasyonundan 0,00 m"
6-4,"Sabit Bağ","Yay","karsilikli_kilit",1,1,1,1,1,1,1,1,1,"ön","ön",19528.00,"boss:Root, boss hız x0,00",1.50,1.35,3.24,3.24,3.59,"0/15 kare koşu","vuruş 1: 0,82s@boss0,40m/oyuncu1,11m; kalıp sonu: merkeze 1,50 m, başlangıçtan 1,50 m, kalıp simülasyonundan 0,00 m"
6-5,"Yayılan Bağ","Yay","yer_tuzagi",1,1,1,1,1,1,1,1,1,"yerinde","yerinde",17112.00,"boss:Root, boss hız x0,00",3.00,1.35,0.27,0.28,0.62,"","vuruş 1: 0,52s@boss0,62m/oyuncu2,38m; kalıp sonu: merkeze 3,00 m, başlangıçtan 0,00 m, kalıp simülasyonundan 0,00 m"
6-6,"Bağlayıcı Bağ","Yay","iki_uclu",1,1,1,1,1,1,1,1,1,"yerinde","yerinde",20736.00,"boss:Root+Slow, boss hız x0,00",3.00,1.35,0.65,0.65,1.00,"","vuruş 1: 0,52s@boss0,28m/oyuncu3,28m; kalıp sonu: merkeze 3,00 m, başlangıçtan 0,00 m, kalıp simülasyonundan 0,00 m"
6-7,"Bulandırıcı Bağ","Yay","goz_bagi",1,1,1,1,1,1,1,1,1,"yerinde","yerinde",21336.00,"boss:Blind+Root, boss hız x0,00",3.00,1.35,0.18,0.20,0.53,"","vuruş 1: 0,52s@boss0,28m/oyuncu3,28m; kalıp sonu: merkeze 3,00 m, başlangıçtan 0,00 m, kalıp simülasyonundan 0,00 m"
6-8,"Yükselen Bağ","Yay","havada_asma",1,1,1,1,1,1,1,1,1,"ön","ön",21872.00,"boss:Root, boss hız x0,00",1.50,1.35,1.13,1.14,1.48,"0/21 kare koşu","vuruş 1: 0,83s@boss1,50m/oyuncu0,00m; kalıp sonu: merkeze 1,50 m, başlangıçtan 1,50 m, kalıp simülasyonundan 0,00 m"
6-9,"Odaklı Bağ","Yay","zamanli_donma",1,1,1,1,1,1,1,1,1,"ön","ön",34552.00,"boss:Root, boss hız x0,00",1.50,1.35,0.48,0.50,0.83,"0/9 kare koşu","vuruş 1: 0,78s@boss0,69m/oyuncu1,28m; kalıp sonu: merkeze 1,50 m, başlangıçtan 1,50 m, kalıp simülasyonundan 0,00 m"
7-4,"Sabit Zafiyet","Yay","mayin_cakma",1,1,1,1,1,1,1,1,1,"yerinde","yerinde",16472.00,"",3.00,1.35,0.42,0.42,0.73,"","vuruş 2: 0,53s@boss0,85m/oyuncu2,15m 0,60s@boss0,85m/oyuncu2,15m; kalıp sonu: merkeze 3,00 m, başlangıçtan 0,00 m, kalıp simülasyonundan 0,00 m"
7-5,"Yayılan Zafiyet","Yay","onde_yelpaze",1,1,1,1,1,1,1,1,1,"yerinde","yerinde",14496.00,"",3.00,1.35,0.62,0.63,0.93,"","vuruş 1: 0,75s@boss1,88m/oyuncu1,12m; kalıp sonu: merkeze 3,00 m, başlangıçtan 0,00 m, kalıp simülasyonundan 0,00 m"
7-6,"Bağlayıcı Zafiyet","Yay","dost_ip",1,1,1,1,1,1,1,1,1,"yerinde","yerinde",17568.00,"boss:Root+Slow, boss hız x0,00",3.00,1.35,0.62,0.62,0.93,"","vuruş 1: 0,50s@boss0,28m/oyuncu3,28m; kalıp sonu: merkeze 3,00 m, başlangıçtan 0,00 m, kalıp simülasyonundan 0,00 m"
8-4,"Sabit Yükseliş","Yay","totem_dikme",1,1,1,1,1,1,1,1,1,"yerinde","yerinde",0.00,"",3.00,1.35,0.28,0.30,0.63,"","hasarsız skill (base_damage 0): etki hareketin kendisi; vuruş 1: 0,60s@boss3,10m/oyuncu0,00m; kalıp sonu: merkeze 3,11 m, başlangıçtan 0,15 m, kalıp simülasyonundan 0,00 m, kalıp hedefi AllyDummy"
8-5,"Yayılan Yükseliş","Yay","savas_narasi",1,1,1,1,1,1,1,1,1,"yerinde","yerinde",0.00,"",3.00,1.35,0.35,0.36,0.70,"","hasarsız skill (base_damage 0): etki hareketin kendisi; vuruş 1: 0,53s@boss3,00m/oyuncu0,00m; kalıp sonu: merkeze 3,00 m, başlangıçtan 0,00 m, kalıp simülasyonundan 0,00 m"
8-6,"Bağlayıcı Yükseliş","Yay","dost_dosta",1,1,1,1,1,1,1,1,1,"yan","yan",0.00,"",2.38,1.35,0.52,0.52,0.87,"0/13 kare koşu","hasarsız skill (base_damage 0): etki hareketin kendisi; vuruş 3: 0,42s@boss4,05m/oyuncu1,22m 0,62s@boss2,68m/oyuncu1,41m 0,78s@boss4,76m/oyuncu2,38m; kalıp sonu: merkeze 2,38 m, başlangıçtan 1,41 m, kalıp simülasyonundan 0,00 m, kalıp hedefi AllyDummy"
9-4,"Sabit Arınma","Yay","yer_tuzagi",1,1,1,1,1,1,1,1,1,"yerinde","yerinde",0.00,"oyuncu +28000 can",3.00,1.35,0.27,0.28,0.58,"","vuruş 1: 0,48s@boss0,62m/oyuncu2,38m; kalıp sonu: merkeze 3,00 m, başlangıçtan 0,00 m, kalıp simülasyonundan 0,00 m"
9-5,"Yayılan Arınma","Yay","dagilan_yagmur",1,1,1,1,1,1,1,1,1,"yerinde","yerinde",0.00,"oyuncu +28000 can",3.00,1.35,0.57,0.58,0.88,"","vuruş 1: 0,72s@boss3,00m/oyuncu0,00m; kalıp sonu: merkeze 3,00 m, başlangıçtan 0,00 m, kalıp simülasyonundan 0,00 m, kalıp hedefi AllyDummy"
9-6,"Bağlayıcı Arınma","Yay","iki_uclu",1,1,1,1,1,1,1,1,1,"yerinde","yerinde",0.00,"oyuncu +28000 can",3.00,1.35,0.65,0.65,0.97,"","vuruş 1: 0,48s@boss6,08m/oyuncu3,58m; kalıp sonu: merkeze 3,00 m, başlangıçtan 0,00 m, kalıp simülasyonundan 0,00 m, kalıp hedefi AllyDummy"
4-10,"Aynalı Kalkan","Yay","sirtta_kapi",1,1,1,1,1,1,1,1,1,"ön","ön",24000.00,"",1.80,1.35,0.32,0.32,0.67,"0/11 kare koşu","vuruş 2: 0,47s@boss0,92m/oyuncu1,19m 0,58s@boss0,55m/oyuncu2,35m; kalıp sonu: merkeze 1,80 m, başlangıçtan 1,20 m, kalıp simülasyonundan 0,00 m"
4-11,"Kopya Kalkan","Yay","yem_kopya",1,1,1,1,1,1,1,1,1,"yerinde","yerinde",0.00,"",3.00,1.35,0.23,0.24,0.58,"","hasarsız skill (base_damage 0): etki hareketin kendisi; vuruş 1: 0,47s@boss2,98m/oyuncu1,29m; kalıp sonu: merkeze 3,00 m, başlangıçtan 0,00 m, kalıp simülasyonundan 0,00 m"
4-12,"Akan Kalkan","Yay","basili_siper",1,1,1,1,1,1,1,1,1,"geri","geri",0.00,"",3.00,1.35,2.99,3.00,3.34,"","hasarsız skill (base_damage 0): etki hareketin kendisi; vuruş 3: 1,08s@boss5,16m/oyuncu2,38m 2,09s@boss5,40m/oyuncu2,38m 3,09s@boss5,65m/oyuncu2,38m; kalıp sonu: merkeze 3,61 m, başlangıçtan 0,80 m, kalıp simülasyonundan 0,00 m, kalıp hedefi AllyDummy"
5-10,"Aynalı Patlama","Yay","karsi_darbe",1,1,1,1,1,1,1,1,1,"ön","ön",109424.00,"",1.70,1.35,0.36,0.36,0.71,"0/9 kare koşu","vuruş 1: 0,63s@boss0,82m/oyuncu1,36m; kalıp sonu: merkeze 1,70 m, başlangıçtan 1,30 m, kalıp simülasyonundan 0,00 m"
5-11,"Kopya Patlama","Yay","golge_yankisi",1,1,1,1,1,1,1,1,1,"ön","ön",88520.00,"",2.10,1.35,0.50,0.50,0.85,"0/2 kare koşu","vuruş 2: 0,52s@boss0,95m/oyuncu1,15m 0,76s@boss1,95m/oyuncu1,39m; kalıp sonu: merkeze 2,10 m, başlangıçtan 0,90 m, kalıp simülasyonundan 0,00 m"
5-12,"Akan Patlama","Yay","patlayan_iz",1,1,1,1,1,1,1,1,1,"ön","ön",49968.00,"",2.99,1.35,3.00,3.00,3.35,"","vuruş 6: 0,80s@boss2,20m/oyuncu1,53m 1,29s@boss2,48m/oyuncu1,53m 1,80s@boss2,98m/oyuncu1,53m 2,30s@boss2,79m/oyuncu1,53m 2,80s@boss2,46m/oyuncu1,53m 3,30s@boss2,10m/oyuncu1,53m; kalıp sonu: merkeze 3,60 m, başlangıçtan 2,20 m, kalıp simülasyonundan 0,70 m, boss 2,80 m kaydı"
6-10,"Aynalı Bağ","Yay","karsi_darbe",1,1,1,1,1,1,1,1,1,"ön","ön",20104.00,"boss:Root, boss hız x0,00",1.70,1.35,0.35,0.36,0.70,"0/9 kare koşu","vuruş 1: 0,63s@boss0,83m/oyuncu1,36m; kalıp sonu: merkeze 1,70 m, başlangıçtan 1,30 m, kalıp simülasyonundan 0,00 m"
6-11,"Kopya Bağ","Yay","onden_arkadan",1,1,1,1,1,1,1,1,1,"ön","ön",21008.00,"boss:Root, boss hız x0,00",2.10,1.35,0.34,0.34,0.69,"0/10 kare koşu","vuruş 2: 0,45s@boss1,24m/oyuncu1,11m 0,57s@boss0,60m/oyuncu2,70m; kalıp sonu: merkeze 2,10 m, başlangıçtan 0,90 m, kalıp simülasyonundan 0,00 m"
6-12,"Akan Bağ","Yay","cember_sarma",1,1,1,1,1,1,1,1,1,"arka","arka",13904.00,"boss:Root, boss hız x0,00",1.50,1.35,0.88,0.90,1.23,"0/45 kare koşu","vuruş 1: 1,14s@boss0,00m/oyuncu2,06m; kalıp sonu: merkeze 2,06 m, başlangıçtan 4,59 m, kalıp simülasyonundan 0,00 m"
10-4,"Sabit Yansı","Yay","duvar_dikme",1,1,1,1,1,1,1,1,1,"yerinde","yerinde",0.00,"",3.00,1.35,0.32,0.32,0.67,"","hasarsız skill (base_damage 0): etki hareketin kendisi; vuruş 1: 0,55s@boss0,62m/oyuncu2,38m; kalıp sonu: merkeze 3,00 m, başlangıçtan 0,00 m, kalıp simülasyonundan 0,00 m"
10-5,"Yayılan Yansı","Yay","yuruyen_balon",1,1,1,1,1,1,1,1,1,"ön","ön",0.00,"",1.80,1.35,4.19,4.20,4.54,"","hasarsız skill (base_damage 0): etki hareketin kendisi; vuruş 5: 0,43s@boss3,00m/oyuncu0,00m 1,53s@boss2,70m/oyuncu0,00m 2,54s@boss2,40m/oyuncu0,00m 3,54s@boss2,10m/oyuncu0,00m 4,54s@boss1,80m/oyuncu0,00m; kalıp sonu: merkeze 1,80 m, başlangıçtan 1,20 m, kalıp simülasyonundan 0,00 m"
10-6,"Bağlayıcı Yansı","Yay","silaha_kement",1,1,1,1,1,1,1,1,1,"yerinde","yerinde",0.00,"boss:Root+Slow, boss hız x0,00",3.00,1.35,0.93,0.94,1.28,"","vuruş 1: 0,53s@boss0,40m/oyuncu3,40m; kalıp sonu: merkeze 3,00 m, başlangıçtan 0,00 m, kalıp simülasyonundan 0,00 m"
11-4,"Sabit Çağrı","Yay","taret_dikme",1,1,1,1,1,1,1,1,1,"yerinde","yerinde",0.00,"",3.00,1.35,0.42,0.42,0.77,"","hasarsız skill (base_damage 0): etki hareketin kendisi; vuruş 2: 0,47s@boss3,00m/oyuncu0,00m 0,72s@boss0,27m/oyuncu3,27m; kalıp sonu: merkeze 3,00 m, başlangıçtan 0,00 m, kalıp simülasyonundan 0,00 m"
11-5,"Yayılan Çağrı","Yay","dagilan_suru",1,1,1,1,1,1,1,1,1,"yerinde","yerinde",0.00,"",3.00,1.35,0.41,0.42,0.76,"","hasarsız skill (base_damage 0): etki hareketin kendisi; vuruş 3: 0,42s@boss0,35m/oyuncu3,02m 0,55s@boss0,00m/oyuncu3,00m 0,70s@boss0,35m/oyuncu3,02m; kalıp sonu: merkeze 3,00 m, başlangıçtan 0,00 m, kalıp simülasyonundan 0,00 m"
11-6,"Bağlayıcı Çağrı","Yay","muhafiz",1,1,1,1,1,1,1,1,1,"yerinde","yerinde",0.00,"boss:Root+Slow, boss hız x0,00",3.00,1.35,0.51,0.52,0.86,"","vuruş 1: 0,48s@boss2,89m/oyuncu1,20m; kalıp sonu: merkeze 3,00 m, başlangıçtan 0,00 m, kalıp simülasyonundan 0,00 m"
12-4,"Sabit Zaman","Yay","totem_dikme",1,1,1,1,1,1,1,1,1,"yerinde","yerinde",0.00,"boss:Slow+Stun, boss hız x0,00",2.85,1.35,0.28,0.30,0.63,"","vuruş 1: 0,60s@boss2,87m/oyuncu0,00m; kalıp sonu: merkeze 2,85 m, başlangıçtan 0,15 m, kalıp simülasyonundan 0,00 m"
12-5,"Yayılan Zaman","Yay","genisleyen_halka",1,1,1,1,1,1,1,1,1,"yerinde","yerinde",0.00,"boss:Slow, boss hız x0,70",3.00,1.35,0.57,0.58,0.92,"","vuruş 1: 0,80s@boss3,00m/oyuncu0,00m; kalıp sonu: merkeze 3,00 m, başlangıçtan 0,00 m, kalıp simülasyonundan 0,00 m"
12-6,"Bağlayıcı Zaman","Yay","iki_uclu",1,1,1,1,1,1,1,1,1,"yerinde","yerinde",0.00,"oyuncu:Haste, oyuncu hız x1,30",3.00,1.35,0.63,0.65,0.98,"","vuruş 1: 0,52s@boss0,28m/oyuncu3,28m; kalıp sonu: merkeze 3,00 m, başlangıçtan 0,00 m, kalıp simülasyonundan 0,00 m"
7-7,"Bulandırıcı Zafiyet","Yay","sis_bombasi",1,1,1,1,1,1,1,1,1,"yerinde","yerinde",16632.00,"boss:Blind",3.00,1.35,0.22,0.22,0.53,"","vuruş 1: 0,50s@boss0,35m/oyuncu3,35m; kalıp sonu: merkeze 3,00 m, başlangıçtan 0,00 m, kalıp simülasyonundan 0,00 m"
7-8,"Yükselen Zafiyet","Yay","yerden_fiskirma",1,1,1,1,1,1,1,1,1,"ön","ön",17048.00,"boss:Stun, boss hız x0,00",2.60,1.35,0.43,0.44,0.75,"","vuruş 1: 0,62s@boss0,00m/oyuncu2,78m; kalıp sonu: merkeze 2,60 m, başlangıçtan 0,40 m, kalıp simülasyonundan 0,00 m"
7-9,"Odaklı Zafiyet","Yay","isaret_patlamasi",1,1,1,1,1,1,1,1,1,"yerinde","yerinde",26232.00,"",3.00,1.35,1.91,1.92,2.22,"","vuruş 1: 2,17s@boss0,00m/oyuncu3,00m; kalıp sonu: merkeze 3,00 m, başlangıçtan 0,00 m, kalıp simülasyonundan 0,00 m"
7-10,"Aynalı Zafiyet","Yay","onden_arkadan",1,1,1,1,1,1,1,1,1,"ön","ön",21168.00,"",2.10,1.35,0.33,0.34,0.65,"0/10 kare koşu","vuruş 2: 0,41s@boss1,26m/oyuncu1,11m 0,53s@boss0,60m/oyuncu2,70m; kalıp sonu: merkeze 2,10 m, başlangıçtan 0,90 m, kalıp simülasyonundan 0,00 m"
7-11,"Kopya Zafiyet","Yay","golge_yankisi",1,1,1,1,1,1,1,1,1,"ön","ön",21312.00,"",2.10,1.35,0.48,0.50,0.80,"0/10 kare koşu","vuruş 2: 0,42s@boss1,19m/oyuncu1,15m 0,73s@boss1,95m/oyuncu1,39m; kalıp sonu: merkeze 2,10 m, başlangıçtan 0,90 m, kalıp simülasyonundan 0,00 m"
7-12,"Akan Zafiyet","Yay","basili_isik",1,1,1,1,1,1,1,1,1,"ön","ön",14944.00,"",1.80,1.35,2.99,3.00,3.30,"","vuruş 6: 0,56s@boss0,18m/oyuncu2,72m 1,06s@boss0,02m/oyuncu2,72m 1,56s@boss0,22m/oyuncu2,72m 2,05s@boss0,42m/oyuncu2,72m 2,55s@boss0,62m/oyuncu2,72m 3,06s@boss0,82m/oyuncu2,72m; kalıp sonu: merkeze 1,80 m, başlangıçtan 1,20 m, kalıp simülasyonundan 0,00 m"
8-7,"Bulandırıcı Yükseliş","Yay","goz_bagi",1,1,1,1,1,1,1,1,1,"yerinde","yerinde",0.00,"",3.00,1.35,0.19,0.20,0.54,"","hasarsız skill (base_damage 0): etki hareketin kendisi; vuruş 1: 0,50s@boss0,28m/oyuncu3,28m; kalıp sonu: merkeze 3,00 m, başlangıçtan 0,00 m, kalıp simülasyonundan 0,00 m"
8-8,"Yükselen Yükseliş","Yay","buyuten_kemer",1,1,1,1,1,1,1,1,1,"yerinde","yerinde",0.00,"",3.00,1.35,0.42,0.42,0.77,"","hasarsız skill (base_damage 0): etki hareketin kendisi; vuruş 1: 0,63s@boss5,02m/oyuncu2,21m; kalıp sonu: merkeze 3,22 m, başlangıçtan 0,30 m, kalıp simülasyonundan 0,00 m, kalıp hedefi AllyDummy"
8-9,"Odaklı Yükseliş","Yay","gudumlu_top",1,1,1,1,1,1,1,1,1,"yerinde","yerinde",0.00,"",3.00,1.35,0.55,0.56,0.89,"","hasarsız skill (base_damage 0): etki hareketin kendisi; vuruş 1: 0,81s@boss6,98m/oyuncu4,53m; kalıp sonu: merkeze 3,00 m, başlangıçtan 0,00 m, kalıp simülasyonundan 0,00 m, kalıp hedefi AllyDummy"
8-10,"Aynalı Yükseliş","Yay","ters_es",1,1,1,1,1,1,1,1,1,"yerinde","yerinde",0.00,"",3.00,1.35,0.44,0.44,0.79,"","hasarsız skill (base_damage 0): etki hareketin kendisi; vuruş 2: 0,48s@boss2,60m/oyuncu0,40m 0,68s@boss0,00m/oyuncu3,00m; kalıp sonu: merkeze 3,00 m, başlangıçtan 0,00 m, kalıp simülasyonundan 0,00 m"
8-11,"Kopya Yükseliş","Yay","golge_ulak",1,1,1,1,1,1,1,1,1,"yan","yan",0.00,"",2.43,1.35,1.35,1.36,1.70,"0/9 kare koşu","hasarsız skill (base_damage 0): etki hareketin kendisi; vuruş 2: 0,47s@boss3,26m/oyuncu0,35m 1,62s@boss2,85m/oyuncu1,46m; kalıp sonu: merkeze 2,43 m, başlangıçtan 1,41 m, kalıp simülasyonundan 0,00 m, kalıp hedefi AllyDummy"
8-12,"Akan Yükseliş","Yay","akinti_yolu",1,1,1,1,1,1,1,1,1,"geri","geri",0.00,"",3.00,1.35,0.93,0.94,1.27,"3/42 kare koşu, ayak/gövde hız oranı 1,01","hasarsız skill (base_damage 0): etki hareketin kendisi; vuruş 1: 1,14s@boss6,27m/oyuncu2,38m; kalıp sonu: merkeze 4,11 m, başlangıçtan 1,40 m, kalıp simülasyonundan 0,00 m, kalıp hedefi AllyDummy"
9-7,"Bulandırıcı Arınma","Yay","sis_ortusu",1,1,1,1,1,1,1,1,1,"yerinde","yerinde",0.00,"oyuncu +28000 can",3.00,1.35,0.28,0.30,0.59,"","vuruş 1: 0,47s@boss0,00m/oyuncu3,00m; kalıp sonu: merkeze 3,00 m, başlangıçtan 0,00 m, kalıp simülasyonundan 0,00 m"
9-8,"Yükselen Arınma","Yay","isik_sutunu",1,1,1,1,1,1,1,1,1,"yerinde","yerinde",0.00,"oyuncu +28000 can",3.00,1.35,0.47,0.48,0.79,"","vuruş 1: 0,66s@boss3,05m/oyuncu0,00m; kalıp sonu: merkeze 3,07 m, başlangıçtan 0,10 m, kalıp simülasyonundan 0,00 m, kalıp hedefi AllyDummy"
9-9,"Odaklı Arınma","Yay","mermi_sondur",1,1,1,1,1,1,1,1,1,"yerinde","yerinde",0.00,"oyuncu +28000 can",3.00,1.35,0.37,0.38,0.68,"","vuruş 1: 0,62s@boss6,98m/oyuncu4,53m; kalıp sonu: merkeze 3,00 m, başlangıçtan 0,00 m, kalıp simülasyonundan 0,00 m, kalıp hedefi AllyDummy"
9-10,"Aynalı Arınma","Yay","yer_degistir",1,1,1,1,1,1,1,1,1,"arka","arka",0.00,"oyuncu +28000 can",1.50,1.35,0.33,0.34,0.65,"0/1 kare koşu","vuruş 1: 0,58s@boss0,31m/oyuncu1,19m; kalıp sonu: merkeze 1,50 m, başlangıçtan 4,50 m, kalıp simülasyonundan 0,00 m; tek karede 4,50 m sıçrama (sınır 0,63 m @ 17 ms, t=0,42, faz degis, blink tasarım gereği)"
9-11,"Kopya Arınma","Yay","yem_kopya",1,1,1,1,1,1,1,1,1,"yerinde","yerinde",0.00,"oyuncu +28000 can",3.00,1.35,0.23,0.24,0.55,"","vuruş 1: 0,43s@boss2,98m/oyuncu1,29m; kalıp sonu: merkeze 3,00 m, başlangıçtan 0,00 m, kalıp simülasyonundan 0,00 m"
9-12,"Akan Arınma","Yay","nabiz",1,1,1,1,1,1,1,1,1,"yerinde","yerinde",0.00,"oyuncu +16000 can, dost +8000 can",3.00,1.35,3.17,3.18,3.49,"","vuruş 3: 1,49s@boss3,00m/oyuncu0,00m 2,49s@boss3,00m/oyuncu0,00m 3,49s@boss3,00m/oyuncu0,00m; kalıp sonu: merkeze 3,00 m, başlangıçtan 0,00 m, kalıp simülasyonundan 0,00 m"
10-7,"Bulandırıcı Yansı","Yay","sahte_goruntu",1,1,1,1,1,1,1,1,1,"geri","geri",0.00,"boss:Blind",3.00,1.35,0.43,0.44,0.78,"0/9 kare koşu","vuruş 3: 0,42s@boss3,06m/oyuncu1,37m 0,55s@boss3,06m/oyuncu1,37m 0,72s@boss3,58m/oyuncu0,00m; kalıp sonu: merkeze 3,90 m, başlangıçtan 0,90 m, kalıp simülasyonundan 0,00 m"
10-8,"Yükselen Yansı","Yay","yerden_buyuyen",1,1,1,1,1,1,1,1,1,"yerinde","yerinde",0.00,"",2.75,1.35,0.42,0.42,0.77,"","hasarsız skill (base_damage 0): etki hareketin kendisi; vuruş 1: 0,63s@boss0,00m/oyuncu2,82m; kalıp sonu: merkeze 2,75 m, başlangıçtan 0,25 m, kalıp simülasyonundan 0,00 m"
10-9,"Odaklı Yansı","Yay","koruyucu_isaret",1,1,1,1,1,1,1,1,1,"ön","ön",0.00,"",2.20,1.35,0.18,0.20,0.53,"3/11 kare koşu, ayak/gövde hız oranı 0,93","hasarsız skill (base_damage 0): etki hareketin kendisi; vuruş 1: 0,48s@boss2,05m/oyuncu0,35m; kalıp sonu: merkeze 2,20 m, başlangıçtan 0,80 m, kalıp simülasyonundan 0,00 m"
11-7,"Bulandırıcı Çağrı","Yay","sirt_saplama",1,1,1,1,1,1,1,1,1,"yerinde","yerinde",0.00,"boss:Blind",3.00,1.35,0.32,0.32,0.67,"","vuruş 1: 0,60s@boss0,00m/oyuncu3,00m; kalıp sonu: merkeze 3,00 m, başlangıçtan 0,00 m, kalıp simülasyonundan 0,00 m"
11-8,"Yükselen Çağrı","Yay","dostu_yerden",1,1,1,1,1,1,1,1,1,"yan","yan",0.00,"",2.96,1.35,0.77,0.78,1.12,"0/35 kare koşu","hasarsız skill (base_damage 0): etki hareketin kendisi; vuruş 1: 0,97s@boss2,81m/oyuncu0,95m; kalıp sonu: merkeze 2,99 m, başlangıçtan 0,91 m, kalıp simülasyonundan 0,00 m"
11-9,"Odaklı Çağrı","Yay","pesinden_av",1,1,1,1,1,1,1,1,1,"yerinde","yerinde",0.00,"",3.00,1.35,2.30,2.32,2.65,"","hasarsız skill (base_damage 0): etki hareketin kendisi; vuruş 1: 2,59s@boss0,00m/oyuncu3,00m; kalıp sonu: merkeze 3,00 m, başlangıçtan 0,00 m, kalıp simülasyonundan 0,00 m"
12-7,"Bulandırıcı Zaman","Yay","kum_saati",1,1,1,1,1,1,1,1,1,"yerinde","yerinde",0.00,"boss:Blind+Slow, boss hız x0,70",3.00,1.35,0.61,0.62,0.96,"","vuruş 1: 0,53s@boss0,28m/oyuncu3,28m; kalıp sonu: merkeze 3,00 m, başlangıçtan 0,00 m, kalıp simülasyonundan 0,00 m"
12-8,"Yükselen Zaman","Yay","isik_sutunu",1,1,1,1,1,1,1,1,1,"yerinde","yerinde",0.00,"oyuncu:Haste, oyuncu hız x1,50",2.90,1.35,0.47,0.48,0.82,"","vuruş 1: 0,68s@boss2,93m/oyuncu0,00m; kalıp sonu: merkeze 2,90 m, başlangıçtan 0,10 m, kalıp simülasyonundan 0,00 m"
12-9,"Odaklı Zaman","Yay","isaret_patlamasi",1,1,1,1,1,1,1,1,1,"yerinde","yerinde",0.00,"boss:Slow, boss hız x0,70",3.00,1.35,1.91,1.92,2.26,"","vuruş 1: 2,21s@boss0,00m/oyuncu3,00m; kalıp sonu: merkeze 3,00 m, başlangıçtan 0,00 m, kalıp simülasyonundan 0,00 m"
1-1,"Yoğun Vuruş","Top","yukle_birak",1,1,1,1,0,1,1,1,0,"ön","ön",324576.00,"",1.50,1.35,0.52,0.52,1.27,"0/11 kare koşu","vuruş 1: 1,20s@boss0,37m/oyuncu1,53m; kalıp sonu: merkeze 1,50 m, başlangıçtan 1,50 m, kalıp simülasyonundan 0,00 m; yer değiştiren: kalıp 1,50 m, başka 0,50 m, SkillMotionDriver 0 kare, dodge 0 kare; toparlanma 0,74 sn (tablo 0,26)"
1-2,"Emici Vuruş","Top","kan_ceken_pence",1,1,1,1,1,1,1,1,1,"yerinde","yerinde",219296.00,"oyuncu +65790 can",1.20,1.35,0.37,0.38,1.13,"","vuruş 3: 0,83s@boss1,74m/oyuncu1,02m 0,96s@boss1,17m/oyuncu1,02m 1,09s@boss0,61m/oyuncu1,02m; kalıp sonu: merkeze 1,49 m, başlangıçtan 0,00 m, kalıp simülasyonundan 1,50 m, boss 1,51 m kaydı; yer değiştiren: kalıp 0,00 m, başka 0,50 m, SkillMotionDriver 0 kare, dodge 0 kare; toparlanma 0,74 sn (tablo 0,26)"
1-3,"Sıçrayan Vuruş","Top","yan_yan_sekme",1,1,1,1,0,1,1,1,0,"geri","geri",224772.00,"",2.90,1.35,0.45,0.46,1.20,"0/27 kare koşu","vuruş 2: 0,87s@boss0,74m/oyuncu3,57m 1,15s@boss0,74m/oyuncu4,17m; kalıp sonu: merkeze 3,74 m, başlangıçtan 1,30 m, kalıp simülasyonundan 0,03 m; yer değiştiren: kalıp 4,06 m, başka 0,50 m, SkillMotionDriver 0 kare, dodge 0 kare; toparlanma 0,74 sn (tablo 0,26)"
1-4,"Sabit Vuruş","Top","yere_cakilan",1,1,1,1,0,1,1,1,0,"yerinde","yerinde",234908.00,"",2.83,1.35,0.41,0.42,1.16,"","vuruş 1: 1,12s@boss2,84m/oyuncu0,00m; kalıp sonu: merkeze 2,83 m, başlangıçtan 0,20 m, kalıp simülasyonundan 0,00 m; yer değiştiren: kalıp 0,20 m, başka 0,50 m, SkillMotionDriver 0 kare, dodge 0 kare; toparlanma 0,74 sn (tablo 0,26)"
1-5,"Yayılan Vuruş","Top","donen_kesik",1,1,1,1,1,1,1,1,1,"yerinde","yerinde",205420.00,"",3.00,1.35,0.53,0.55,1.28,"","vuruş 1: 0,98s@boss3,04m/oyuncu0,00m; kalıp sonu: merkeze 3,04 m, başlangıçtan 0,00 m, kalıp simülasyonundan 0,00 m; yer değiştiren: kalıp 0,00 m, başka 0,50 m, SkillMotionDriver 0 kare, dodge 0 kare; toparlanma 0,74 sn (tablo 0,26)"
1-6,"Bağlayıcı Vuruş","Top","zincirli_firlatma",1,1,1,1,0,1,1,1,0,"ön","ön",229108.00,"boss:Root+Slow, boss hız x0,00",1.57,1.35,0.69,0.70,1.44,"1/12 kare koşu, ayak/gövde hız oranı 1,00","vuruş 2: 0,92s@boss0,45m/oyuncu3,51m 1,36s@boss0,87m/oyuncu1,28m; kalıp sonu: merkeze 1,57 m, başlangıçtan 1,50 m, kalıp simülasyonundan 0,00 m; yer değiştiren: kalıp 1,50 m, başka 0,50 m, SkillMotionDriver 0 kare, dodge 0 kare; toparlanma 0,74 sn (tablo 0,26)"
2-1,"Yoğun Şifa","Top","tek_dokunus",1,1,1,1,1,1,1,1,1,"geri","geri",0.00,"oyuncu +200000 can",3.00,1.35,0.15,0.16,0.90,"0/9 kare koşu","vuruş 1: 0,85s@boss3,85m/oyuncu0,68m; kalıp sonu: merkeze 3,42 m, başlangıçtan 0,55 m, kalıp simülasyonundan 0,00 m, kalıp hedefi AllyDummy; toparlanma 0,74 sn (tablo 0,26)"
2-2,"Emici Şifa","Top","uzaktan_emme",1,1,1,1,1,1,1,1,1,"yerinde","yerinde",53200.00,"oyuncu +56000 can, dost +56000 can",2.65,1.35,2.15,2.16,2.90,"","vuruş 4: 1,40s@boss0,19m/oyuncu2,72m 1,90s@boss0,10m/oyuncu2,72m 2,40s@boss0,02m/oyuncu2,72m 2,90s@boss0,07m/oyuncu2,72m; kalıp sonu: merkeze 2,65 m, başlangıçtan 0,35 m, kalıp simülasyonundan 0,00 m; toparlanma 0,74 sn (tablo 0,26)"
2-3,"Sıçrayan Şifa","Top","dosttan_dosta",1,1,1,1,1,1,1,1,1,"yerinde","yerinde",0.00,"oyuncu +136000 can, dost +68000 can",3.00,1.35,0.53,0.54,1.28,"","vuruş 3: 0,90s@boss6,19m/oyuncu3,69m 1,00s@boss6,98m/oyuncu4,53m 1,18s@boss6,88m/oyuncu4,54m; kalıp sonu: merkeze 3,00 m, başlangıçtan 0,00 m, kalıp simülasyonundan 0,00 m, kalıp hedefi AllyDummy; toparlanma 0,74 sn (tablo 0,26)"
2-4,"Sabit Şifa","Top","totem_dikme",1,1,1,1,1,1,1,1,1,"yerinde","yerinde",0.00,"oyuncu +200000 can",3.00,1.35,0.29,0.30,1.04,"","vuruş 1: 1,00s@boss3,10m/oyuncu0,00m; kalıp sonu: merkeze 3,11 m, başlangıçtan 0,15 m, kalıp simülasyonundan 0,00 m, kalıp hedefi AllyDummy; toparlanma 0,74 sn (tablo 0,26)"
2-5,"Yayılan Şifa","Top","genisleyen_halka",1,1,1,1,1,1,1,1,1,"yerinde","yerinde",0.00,"oyuncu +200000 can",3.00,1.35,0.57,0.58,1.32,"","vuruş 1: 1,20s@boss3,00m/oyuncu0,00m; kalıp sonu: merkeze 3,00 m, başlangıçtan 0,00 m, kalıp simülasyonundan 0,00 m; toparlanma 0,74 sn (tablo 0,26)"
2-6,"Bağlayıcı Şifa","Top","dostu_kanca",1,1,1,1,1,1,1,1,1,"geri","geri",0.00,"oyuncu +200000 can",3.00,1.35,0.52,0.52,1.27,"0/21 kare koşu","vuruş 1: 1,20s@boss5,79m/oyuncu0,40m; kalıp sonu: merkeze 5,92 m, başlangıçtan 3,40 m, kalıp simülasyonundan 0,00 m, kalıp hedefi AllyDummy; toparlanma 0,74 sn (tablo 0,26)"
3-1,"Yoğun Adım","Top","isinlan_kes",1,1,1,1,1,1,1,1,1,"arka","arka",0.00,"",1.50,1.35,0.47,0.48,1.22,"0/1 kare koşu","hasarsız skill (base_damage 0): etki hareketin kendisi; vuruş 1: 1,17s@boss0,00m/oyuncu1,50m; kalıp sonu: merkeze 1,50 m, başlangıçtan 4,50 m, kalıp simülasyonundan 0,00 m; tek karede 4,50 m sıçrama (sınır 0,62 m @ 16 ms, t=1,12, faz isin, blink tasarım gereği); toparlanma 0,74 sn (tablo 0,26)"
3-2,"Emici Adım","Top","icinden_emme",1,1,1,1,1,1,1,1,1,"arka","arka",0.00,"",0.09,1.35,0.27,0.28,1.02,"0/16 kare koşu","hasarsız skill (base_damage 0): etki hareketin kendisi; vuruş 1: 0,90s@boss0,97m/oyuncu1,36m; kalıp sonu: merkeze 2,65 m, başlangıçtan 5,51 m, kalıp simülasyonundan 0,14 m, boss 0,14 m kaydı; gövdeye girdi: merkeze 0,09 m (t=0,88, temas 1,35) geçiş tasarım gereği; toparlanma 0,74 sn (tablo 0,26)"
3-3,"Sıçrayan Adım","Top","sekmeli_ziplama",1,1,1,1,1,1,1,1,1,"arka","arka",0.00,"",1.50,1.35,0.59,0.60,1.34,"0/33 kare koşu","hasarsız skill (base_damage 0): etki hareketin kendisi; vuruş 3: 0,88s@boss2,06m/oyuncu0,00m 1,08s@boss1,50m/oyuncu0,00m 1,29s@boss1,50m/oyuncu0,00m; kalıp sonu: merkeze 1,50 m, başlangıçtan 4,50 m, kalıp simülasyonundan 0,00 m; toparlanma 0,74 sn (tablo 0,26)"
3-4,"Sabit Adım","Top","geri_sarma",1,1,1,1,1,1,1,1,1,"başlangıç","başlangıç",0.00,"",1.50,1.35,2.65,2.66,3.40,"1/32 kare koşu, ayak/gövde hız oranı 1,00","hasarsız skill (base_damage 0): etki hareketin kendisi; kalıp sonu: merkeze 3,00 m, başlangıçtan 0,00 m, kalıp simülasyonundan 0,00 m; toparlanma 0,74 sn (tablo 0,26)"
3-5,"Yayılan Adım","Top","dalis_patlamasi",1,1,1,1,1,1,1,1,1,"ön","ön",0.00,"",1.50,1.35,0.42,0.42,1.17,"0/16 kare koşu","hasarsız skill (base_damage 0): etki hareketin kendisi; vuruş 1: 1,05s@boss1,50m/oyuncu0,00m; kalıp sonu: merkeze 1,50 m, başlangıçtan 1,50 m, kalıp simülasyonundan 0,00 m; toparlanma 0,74 sn (tablo 0,26)"
3-6,"Bağlayıcı Adım","Top","kanca_cekis",1,1,1,1,1,1,1,1,1,"arka","arka",0.00,"boss:Root+Slow, boss hız x0,00",1.50,1.35,0.73,0.74,1.48,"0/35 kare koşu","vuruş 1: 1,39s@boss0,00m/oyuncu1,50m; kalıp sonu: merkeze 1,50 m, başlangıçtan 4,50 m, kalıp simülasyonundan 0,00 m; toparlanma 0,74 sn (tablo 0,26)"
4-1,"Yoğun Kalkan","Top","tam_zamanli",1,1,1,1,1,1,1,1,1,"yerinde","yerinde",0.00,"",3.00,1.35,0.48,0.50,1.23,"","hasarsız skill (base_damage 0): etki hareketin kendisi; vuruş 1: 1,08s@boss0,62m/oyuncu2,38m; kalıp sonu: merkeze 3,00 m, başlangıçtan 0,00 m, kalıp simülasyonundan 0,00 m; toparlanma 0,74 sn (tablo 0,26)"
4-2,"Emici Kalkan","Top","kalkan_calma",1,1,1,1,1,1,1,1,1,"yerinde","yerinde",76000.00,"",1.35,1.35,0.20,0.20,0.95,"","vuruş 1: 0,87s@boss1,24m/oyuncu1,28m; kalıp sonu: merkeze 2,17 m, başlangıçtan 0,00 m, kalıp simülasyonundan 1,50 m, boss 0,83 m kaydı; toparlanma 0,74 sn (tablo 0,26)"
4-3,"Sıçrayan Kalkan","Top","seken_disk",1,1,1,1,1,1,1,1,1,"yerinde","yerinde",0.00,"",3.00,1.35,0.42,0.42,1.17,"","hasarsız skill (base_damage 0): etki hareketin kendisi; vuruş 2: 0,92s@boss0,30m/oyuncu3,30m 1,05s@boss3,04m/oyuncu1,43m; kalıp sonu: merkeze 3,00 m, başlangıçtan 0,00 m, kalıp simülasyonundan 0,00 m; toparlanma 0,74 sn (tablo 0,26)"
5-1,"Yoğun Patlama","Top","saplanan_fitil",1,1,1,1,0,1,1,1,0,"geri","geri",638284.00,"",2.32,1.35,1.62,1.62,2.27,"0/23 kare koşu","vuruş 2: 0,77s@boss0,85m/oyuncu1,53m 2,25s@boss0,85m/oyuncu2,95m; kalıp sonu: merkeze 3,80 m, başlangıçtan 0,80 m, kalıp simülasyonundan 0,00 m; yer değiştiren: kalıp 2,17 m, başka 0,50 m, SkillMotionDriver 0 kare, dodge 0 kare; toparlanma 0,64 sn (tablo 0,26)"
5-2,"Emici Patlama","Top","ceken_girdap",1,1,1,1,1,1,1,1,1,"yerinde","yerinde",287152.00,"oyuncu +86145 can",1.35,1.35,1.32,1.32,1.97,"","vuruş 3: 1,32s@boss0,00m/oyuncu1,35m 1,82s@boss0,00m/oyuncu1,35m 1,89s@boss0,00m/oyuncu1,35m; kalıp sonu: merkeze 1,35 m, başlangıçtan 0,00 m, kalıp simülasyonundan 0,00 m, boss 1,65 m kaydı; yer değiştiren: kalıp 0,00 m, başka 0,52 m, SkillMotionDriver 0 kare, dodge 0 kare; toparlanma 0,64 sn (tablo 0,26)"
5-3,"Sıçrayan Patlama","Top","seken_bomba",1,1,1,1,1,1,1,1,1,"yerinde","yerinde",299000.00,"",3.00,1.35,0.57,0.58,1.22,"","vuruş 3: 0,80s@boss0,40m/oyuncu3,46m 0,92s@boss0,00m/oyuncu3,07m 1,12s@boss0,35m/oyuncu3,09m; kalıp sonu: merkeze 3,07 m, başlangıçtan 0,00 m, kalıp simülasyonundan 0,00 m; yer değiştiren: kalıp 0,00 m, başka 0,50 m, SkillMotionDriver 0 kare, dodge 0 kare; toparlanma 0,64 sn (tablo 0,26)"
6-1,"Yoğun Bağ","Top","sinir_noktasi",1,1,1,1,0,1,1,1,0,"ön","ön",122208.00,"boss:Stun, boss hız x0,00",1.50,1.35,0.33,0.34,0.98,"0/14 kare koşu","vuruş 1: 0,93s@boss0,91m/oyuncu0,59m; kalıp sonu: merkeze 1,50 m, başlangıçtan 1,54 m, kalıp simülasyonundan 0,04 m; yer değiştiren: kalıp 1,54 m, başka 0,50 m, SkillMotionDriver 0 kare, dodge 0 kare; toparlanma 0,64 sn (tablo 0,26)"
6-2,"Emici Bağ","Top","bossu_cek",1,1,1,1,0,1,1,1,0,"geri","geri",80196.00,"boss:Root, boss hız x0,00, oyuncu +24059 can",2.49,1.35,0.43,0.44,1.09,"0/17 kare koşu","vuruş 1: 0,94s@boss2,48m/oyuncu1,36m; kalıp sonu: merkeze 3,70 m, başlangıçtan 1,60 m, kalıp simülasyonundan 0,00 m, boss 0,90 m kaydı; yer değiştiren: kalıp 1,60 m, başka 0,50 m, SkillMotionDriver 0 kare, dodge 0 kare; toparlanma 0,64 sn (tablo 0,26)"
6-3,"Sıçrayan Bağ","Top","basip_sekme",1,1,1,1,0,1,1,1,0,"başlangıç","başlangıç",86952.00,"boss:Root, boss hız x0,00",1.50,1.35,0.52,0.52,1.17,"0/31 kare koşu","vuruş 1: 0,92s@boss1,58m/oyuncu0,00m; kalıp sonu: merkeze 3,20 m, başlangıçtan 0,24 m, kalıp simülasyonundan 0,04 m; yer değiştiren: kalıp 3,16 m, başka 0,50 m, SkillMotionDriver 0 kare, dodge 0 kare; toparlanma 0,64 sn (tablo 0,26)"
1-7,"Bulandırıcı Vuruş","Top","dumandan_cikis",1,1,1,1,0,1,1,1,0,"ön","ön",238636.00,"boss:Blind",1.50,1.35,0.47,0.48,1.21,"0/12 kare koşu","vuruş 1: 1,13s@boss0,76m/oyuncu1,36m; kalıp sonu: merkeze 1,50 m, başlangıçtan 1,56 m, kalıp simülasyonundan 0,06 m; yer değiştiren: kalıp 1,56 m, başka 0,50 m, SkillMotionDriver 0 kare, dodge 0 kare; toparlanma 0,74 sn (tablo 0,26)"
1-8,"Yükselen Vuruş","Top","havaya_kaldirma",1,1,1,1,0,1,1,1,0,"ön","ön",244592.00,"boss:Stun, boss hız x0,00",1.90,1.35,0.33,0.34,1.08,"0/20 kare koşu","vuruş 1: 0,88s@boss1,24m/oyuncu1,28m; kalıp sonu: merkeze 1,90 m, başlangıçtan 1,10 m, kalıp simülasyonundan 0,00 m; yer değiştiren: kalıp 1,10 m, başka 0,50 m, SkillMotionDriver 0 kare, dodge 0 kare; toparlanma 0,74 sn (tablo 0,26)"
1-9,"Odaklı Vuruş","Top","isarete_vur",1,1,1,1,0,1,1,1,0,"ön","ön",386444.00,"",1.68,1.35,0.37,0.38,1.12,"0/9 kare koşu","vuruş 1: 1,05s@boss0,94m/oyuncu1,28m; kalıp sonu: merkeze 1,68 m, başlangıçtan 1,35 m, kalıp simülasyonundan 0,00 m; yer değiştiren: kalıp 1,35 m, başka 0,50 m, SkillMotionDriver 0 kare, dodge 0 kare; toparlanma 0,74 sn (tablo 0,26)"
2-7,"Bulandırıcı Şifa","Top","sis_ortusu",1,1,1,1,1,1,1,1,1,"yerinde","yerinde",0.00,"oyuncu +200000 can",3.00,1.35,0.28,0.30,1.03,"","vuruş 1: 0,92s@boss0,00m/oyuncu3,05m; kalıp sonu: merkeze 3,05 m, başlangıçtan 0,00 m, kalıp simülasyonundan 0,00 m; toparlanma 0,74 sn (tablo 0,26)"
2-8,"Yükselen Şifa","Top","yerden_buyuyen",1,1,1,1,1,1,1,1,1,"yerinde","yerinde",0.00,"oyuncu +200000 can",3.00,1.35,0.42,0.42,1.17,"","vuruş 1: 1,03s@boss6,98m/oyuncu4,35m; kalıp sonu: merkeze 3,18 m, başlangıçtan 0,25 m, kalıp simülasyonundan 0,00 m, kalıp hedefi AllyDummy; toparlanma 0,74 sn (tablo 0,26)"
2-9,"Odaklı Şifa","Top","koruyucu_isaret",1,1,1,1,1,1,1,1,1,"geri","geri",0.00,"oyuncu +200000 can",3.00,1.35,0.18,0.20,0.93,"0/11 kare koşu","vuruş 1: 0,88s@boss3,73m/oyuncu0,35m; kalıp sonu: merkeze 3,61 m, başlangıçtan 0,80 m, kalıp simülasyonundan 0,00 m, kalıp hedefi AllyDummy; toparlanma 0,74 sn (tablo 0,26)"
3-7,"Bulandırıcı Adım","Top","duman_kaybolma",1,1,1,1,1,1,1,1,1,"ön","ön",0.00,"boss:Blind, oyuncu:Stealth",1.50,1.35,0.57,0.59,1.34,"0/8 kare koşu","vuruş 1: 0,89s@boss1,50m/oyuncu0,00m; kalıp sonu: merkeze 1,50 m, başlangıçtan 1,50 m, kalıp simülasyonundan 0,00 m; toparlanma 0,74 sn (tablo 0,26)"
3-8,"Yükselen Adım","Top","sicrayip_cakilma",1,1,1,1,1,1,1,1,1,"ön","ön",0.00,"oyuncu:Haste, oyuncu hız x1,10",1.50,1.35,0.82,0.82,1.57,"0/21 kare koşu","vuruş 1: 1,50s@boss1,50m/oyuncu0,00m; kalıp sonu: merkeze 1,50 m, başlangıçtan 1,50 m, kalıp simülasyonundan 0,00 m; toparlanma 0,74 sn (tablo 0,26)"
3-9,"Odaklı Adım","Top","isinlan_kes",1,1,1,1,1,1,1,1,1,"arka","arka",0.00,"",1.50,1.35,0.47,0.48,1.22,"0/1 kare koşu","hasarsız skill (base_damage 0): etki hareketin kendisi; vuruş 1: 1,17s@boss0,00m/oyuncu1,50m; kalıp sonu: merkeze 1,50 m, başlangıçtan 4,50 m, kalıp simülasyonundan 0,00 m; tek karede 4,50 m sıçrama (sınır 0,62 m @ 16 ms, t=1,11, faz isin, blink tasarım gereği); toparlanma 0,74 sn (tablo 0,26)"
7-1,"Yoğun Zafiyet","Top","diken_firlatma",1,1,1,1,1,1,1,1,1,"yerinde","yerinde",73760.00,"",3.00,1.35,0.40,0.40,1.05,"","vuruş 1: 1,00s@boss0,30m/oyuncu3,30m; kalıp sonu: merkeze 3,00 m, başlangıçtan 0,00 m, kalıp simülasyonundan 0,00 m; yer değiştiren: kalıp 0,00 m, başka 0,50 m, SkillMotionDriver 0 kare, dodge 0 kare; toparlanma 0,64 sn (tablo 0,26)"
7-2,"Emici Zafiyet","Top","sokup_cekme",1,1,1,1,0,1,1,1,0,"geri","geri",57332.00,"oyuncu +17200 can",3.00,1.35,0.43,0.44,1.09,"0/15 kare koşu","vuruş 2: 0,79s@boss0,31m/oyuncu3,35m 0,95s@boss2,53m/oyuncu1,19m; kalıp sonu: merkeze 4,34 m, başlangıçtan 1,30 m, kalıp simülasyonundan 0,00 m; yer değiştiren: kalıp 1,30 m, başka 0,50 m, SkillMotionDriver 0 kare, dodge 0 kare; toparlanma 0,64 sn (tablo 0,26)"
7-3,"Sıçrayan Zafiyet","Top","seken_yaratik",1,1,1,1,1,1,1,1,1,"yerinde","yerinde",79440.00,"",3.00,1.35,0.63,0.64,1.28,"","vuruş 3: 0,88s@boss0,00m/oyuncu3,06m 1,03s@boss0,35m/oyuncu3,08m 1,20s@boss0,35m/oyuncu3,08m; kalıp sonu: merkeze 3,07 m, başlangıçtan 0,00 m, kalıp simülasyonundan 0,00 m; yer değiştiren: kalıp 0,00 m, başka 0,50 m, SkillMotionDriver 0 kare, dodge 0 kare; toparlanma 0,64 sn (tablo 0,26)"
8-1,"Yoğun Yükseliş","Top","kuculten_kapi",1,1,1,1,1,1,1,1,1,"yerinde","yerinde",0.00,"",3.00,1.35,0.27,0.28,1.02,"","hasarsız skill (base_damage 0): etki hareketin kendisi; vuruş 1: 0,92s@boss0,69m/oyuncu2,38m; kalıp sonu: merkeze 3,07 m, başlangıçtan 0,00 m, kalıp simülasyonundan 0,00 m; toparlanma 0,74 sn (tablo 0,26)"
8-2,"Emici Yükseliş","Top","kan_muhru",1,1,1,1,1,1,1,1,1,"yerinde","yerinde",0.00,"",3.00,1.35,0.32,0.32,1.07,"","hasarsız skill (base_damage 0): etki hareketin kendisi; vuruş 1: 0,93s@boss3,00m/oyuncu0,00m; kalıp sonu: merkeze 3,00 m, başlangıçtan 0,00 m, kalıp simülasyonundan 0,00 m; toparlanma 0,74 sn (tablo 0,26)"
8-3,"Sıçrayan Yükseliş","Top","pas_verme",1,1,1,1,1,1,1,1,1,"yerinde","yerinde",0.00,"",3.00,1.35,0.23,0.24,0.98,"","hasarsız skill (base_damage 0): etki hareketin kendisi; vuruş 1: 0,95s@boss6,06m/oyuncu3,55m; kalıp sonu: merkeze 3,00 m, başlangıçtan 0,00 m, kalıp simülasyonundan 0,00 m, kalıp hedefi AllyDummy; toparlanma 0,74 sn (tablo 0,26)"
9-1,"Yoğun Arınma","Top","tek_dokunus",1,1,1,1,1,1,1,1,1,"geri","geri",0.00,"oyuncu +48000 can",3.00,1.35,0.15,0.16,0.90,"3/9 kare koşu, ayak/gövde hız oranı 1,00","vuruş 1: 0,85s@boss3,84m/oyuncu0,68m; kalıp sonu: merkeze 3,41 m, başlangıçtan 0,55 m, kalıp simülasyonundan 0,00 m, kalıp hedefi AllyDummy; toparlanma 0,74 sn (tablo 0,26)"
9-2,"Emici Arınma","Top","cekip_firlat",1,1,1,1,1,1,1,1,1,"yerinde","yerinde",0.00,"oyuncu +20000 can, dost +28000 can",3.00,1.35,0.50,0.50,1.25,"","vuruş 2: 0,92s@boss2,65m/oyuncu0,35m 1,22s@boss0,30m/oyuncu3,30m; kalıp sonu: merkeze 3,00 m, başlangıçtan 0,00 m, kalıp simülasyonundan 0,00 m; toparlanma 0,74 sn (tablo 0,26)"
9-3,"Sıçrayan Arınma","Top","dosttan_dosta",1,1,1,1,1,1,1,1,1,"yerinde","yerinde",0.00,"oyuncu +32000 can, dost +16000 can",3.00,1.35,0.53,0.54,1.29,"","vuruş 3: 0,91s@boss6,18m/oyuncu3,69m 1,01s@boss6,98m/oyuncu4,53m 1,21s@boss6,88m/oyuncu4,54m; kalıp sonu: merkeze 3,00 m, başlangıçtan 0,00 m, kalıp simülasyonundan 0,00 m, kalıp hedefi AllyDummy; toparlanma 0,74 sn (tablo 0,26)"
1-10,"Aynalı Vuruş","Top","sirtta_kapi",1,1,1,1,0,1,1,1,0,"ön","ön",289572.00,"",1.80,1.35,0.33,0.32,1.08,"0/11 kare koşu","vuruş 2: 0,87s@boss0,92m/oyuncu1,19m 0,98s@boss0,55m/oyuncu2,35m; kalıp sonu: merkeze 1,80 m, başlangıçtan 1,20 m, kalıp simülasyonundan 0,00 m; yer değiştiren: kalıp 1,20 m, başka 0,50 m, SkillMotionDriver 0 kare, dodge 0 kare; toparlanma 0,74 sn (tablo 0,26)"
1-11,"Kopya Vuruş","Top","golge_yankisi",1,1,1,1,0,1,1,1,0,"ön","ön",233796.00,"",2.12,1.35,0.48,0.50,1.23,"0/10 kare koşu","vuruş 2: 0,85s@boss1,21m/oyuncu1,15m 1,17s@boss1,97m/oyuncu1,39m; kalıp sonu: merkeze 2,12 m, başlangıçtan 0,90 m, kalıp simülasyonundan 0,00 m; yer değiştiren: kalıp 0,90 m, başka 0,50 m, SkillMotionDriver 0 kare, dodge 0 kare; toparlanma 0,74 sn (tablo 0,26)"
1-12,"Akan Vuruş","Top","basili_seri",1,1,1,1,0,1,1,1,0,"ön","ön",160512.00,"",1.61,1.35,2.98,3.00,3.73,"","vuruş 6: 0,98s@boss1,75m/oyuncu1,15m 1,48s@boss1,52m/oyuncu1,15m 1,98s@boss1,28m/oyuncu1,15m 2,48s@boss1,05m/oyuncu1,15m 2,98s@boss0,82m/oyuncu1,15m 3,48s@boss0,58m/oyuncu1,15m; kalıp sonu: merkeze 1,61 m, başlangıçtan 1,40 m, kalıp simülasyonundan 0,00 m; yer değiştiren: kalıp 1,40 m, başka 0,50 m, SkillMotionDriver 0 kare, dodge 0 kare; toparlanma 0,74 sn (tablo 0,26)"
2-10,"Aynalı Şifa","Top","ters_es",1,1,1,1,1,1,1,1,1,"yerinde","yerinde",16800.00,"oyuncu +112000 can",3.00,1.35,0.43,0.44,1.18,"","vuruş 2: 0,88s@boss2,66m/oyuncu0,40m 1,08s@boss0,00m/oyuncu3,06m; kalıp sonu: merkeze 3,06 m, başlangıçtan 0,00 m, kalıp simülasyonundan 0,00 m; toparlanma 0,74 sn (tablo 0,26)"
2-11,"Kopya Şifa","Top","golge_ulak",1,1,1,1,1,1,1,1,1,"yan","yan",0.00,"oyuncu +120000 can, dost +80000 can",2.43,1.35,1.35,1.36,2.10,"0/9 kare koşu","vuruş 2: 0,87s@boss3,26m/oyuncu0,35m 2,02s@boss2,85m/oyuncu1,46m; kalıp sonu: merkeze 2,43 m, başlangıçtan 1,41 m, kalıp simülasyonundan 0,00 m, kalıp hedefi AllyDummy; toparlanma 0,74 sn (tablo 0,26)"
2-12,"Akan Şifa","Top","basili_isik",1,1,1,1,1,1,1,1,1,"geri","geri",0.00,"oyuncu +96000 can, dost +96000 can",3.00,1.35,2.98,3.00,3.74,"","vuruş 6: 1,01s@boss5,38m/oyuncu2,72m 1,49s@boss5,56m/oyuncu2,72m 2,01s@boss5,75m/oyuncu2,72m 2,51s@boss5,94m/oyuncu2,72m 3,01s@boss6,13m/oyuncu2,72m 3,49s@boss6,31m/oyuncu2,72m; kalıp sonu: merkeze 3,94 m, başlangıçtan 1,20 m, kalıp simülasyonundan 0,00 m, kalıp hedefi AllyDummy; toparlanma 0,74 sn (tablo 0,26)"
3-10,"Aynalı Adım","Top","iki_kapi",1,1,1,1,1,1,1,1,1,"ön","ön",0.00,"",1.50,1.35,0.53,0.54,1.28,"0/16 kare koşu","hasarsız skill (base_damage 0): etki hareketin kendisi; vuruş 2: 0,80s@boss3,00m/oyuncu0,00m 1,20s@boss1,50m/oyuncu0,00m; kalıp sonu: merkeze 1,50 m, başlangıçtan 1,50 m, kalıp simülasyonundan 0,00 m; toparlanma 0,74 sn (tablo 0,26)"
3-11,"Kopya Adım","Top","yem_kac",1,1,1,1,1,1,1,1,1,"geri","geri",0.00,"",3.00,1.35,0.40,0.40,1.15,"0/17 kare koşu","hasarsız skill (base_damage 0): etki hareketin kendisi; vuruş 1: 0,80s@boss3,00m/oyuncu0,00m; kalıp sonu: merkeze 5,80 m, başlangıçtan 2,80 m, kalıp simülasyonundan 0,00 m; toparlanma 0,74 sn (tablo 0,26)"
3-12,"Akan Adım","Top","suzulme",1,1,1,1,1,1,1,1,1,"ön","ön",0.00,"",1.90,1.35,2.99,3.00,3.74,"","hasarsız skill (base_damage 0): etki hareketin kendisi; kalıp sonu: merkeze 1,90 m, başlangıçtan 1,10 m, kalıp simülasyonundan 0,00 m; toparlanma 0,74 sn (tablo 0,26)"
10-1,"Yoğun Yansı","Top","tam_zamanli",1,1,1,1,1,1,1,1,1,"yerinde","yerinde",0.00,"",3.00,1.35,0.48,0.50,1.24,"","hasarsız skill (base_damage 0): etki hareketin kendisi; vuruş 1: 1,09s@boss0,62m/oyuncu2,38m; kalıp sonu: merkeze 3,00 m, başlangıçtan 0,00 m, kalıp simülasyonundan 0,00 m; toparlanma 0,74 sn (tablo 0,26)"
10-2,"Emici Yansı","Top","yutan_girdap",1,1,1,1,1,1,1,1,1,"yerinde","yerinde",0.00,"",1.35,1.35,3.17,3.18,3.92,"","hasarsız skill (base_damage 0): etki hareketin kendisi; vuruş 4: 1,67s@boss1,03m/oyuncu2,38m 2,42s@boss1,03m/oyuncu2,38m 3,17s@boss1,03m/oyuncu2,38m 3,92s@boss1,03m/oyuncu2,38m; kalıp sonu: merkeze 1,35 m, başlangıçtan 0,00 m, kalıp simülasyonundan 0,00 m, boss 1,65 m kaydı; toparlanma 0,74 sn (tablo 0,26)"
10-3,"Sıçrayan Yansı","Top","seken_geri",1,1,1,1,1,1,1,1,1,"ön","ön",0.00,"",1.90,1.35,0.35,0.36,1.10,"0/10 kare koşu","hasarsız skill (base_damage 0): etki hareketin kendisi; vuruş 2: 0,83s@boss0,79m/oyuncu1,53m 1,00s@boss0,00m/oyuncu1,90m; kalıp sonu: merkeze 1,90 m, başlangıçtan 1,10 m, kalıp simülasyonundan 0,00 m; toparlanma 0,74 sn (tablo 0,26)"
10-10,"Aynalı Yansı","Top","iki_kapi",1,1,1,1,1,1,1,1,1,"ön","ön",0.00,"",1.50,1.35,0.53,0.54,1.28,"0/16 kare koşu","hasarsız skill (base_damage 0): etki hareketin kendisi; vuruş 2: 0,80s@boss3,00m/oyuncu0,00m 1,20s@boss1,50m/oyuncu0,00m; kalıp sonu: merkeze 1,50 m, başlangıçtan 1,50 m, kalıp simülasyonundan 0,00 m; toparlanma 0,74 sn (tablo 0,26)"
10-11,"Kopya Yansı","Top","yem_kopya",1,1,1,1,1,1,1,1,1,"yerinde","yerinde",0.00,"",3.00,1.35,0.23,0.24,0.98,"","hasarsız skill (base_damage 0): etki hareketin kendisi; vuruş 1: 0,87s@boss2,98m/oyuncu1,29m; kalıp sonu: merkeze 3,00 m, başlangıçtan 0,00 m, kalıp simülasyonundan 0,00 m; toparlanma 0,74 sn (tablo 0,26)"
10-12,"Akan Yansı","Top","basili_siper",1,1,1,1,1,1,1,1,1,"ön","ön",0.00,"",2.20,1.35,2.99,3.00,3.74,"","hasarsız skill (base_damage 0): etki hareketin kendisi; vuruş 3: 1,50s@boss0,42m/oyuncu2,38m 2,50s@boss0,15m/oyuncu2,38m 3,49s@boss0,11m/oyuncu2,38m; kalıp sonu: merkeze 2,20 m, başlangıçtan 0,80 m, kalıp simülasyonundan 0,00 m; toparlanma 0,74 sn (tablo 0,26)"
11-1,"Yoğun Çağrı","Top","sirt_saplama",1,1,1,1,1,1,1,1,1,"yerinde","yerinde",0.00,"",3.00,1.35,0.32,0.32,1.07,"","hasarsız skill (base_damage 0): etki hareketin kendisi; vuruş 1: 1,00s@boss0,00m/oyuncu3,00m; kalıp sonu: merkeze 3,00 m, başlangıçtan 0,00 m, kalıp simülasyonundan 0,00 m; toparlanma 0,74 sn (tablo 0,26)"
11-2,"Emici Çağrı","Top","yapisan",1,1,1,1,1,1,1,1,1,"yerinde","yerinde",0.00,"",1.35,1.35,5.17,5.18,5.92,"","hasarsız skill (base_damage 0): etki hareketin kendisi; vuruş 6: 0,90s@boss0,20m/oyuncu2,58m 1,92s@boss0,00m/oyuncu1,35m 2,92s@boss0,00m/oyuncu1,35m 3,92s@boss0,00m/oyuncu1,35m 4,92s@boss0,00m/oyuncu1,35m 5,92s@boss0,00m/oyuncu1,35m; kalıp sonu: merkeze 1,35 m, başlangıçtan 0,00 m, kalıp simülasyonundan 0,00 m, boss 1,65 m kaydı; toparlanma 0,74 sn (tablo 0,26)"
11-3,"Sıçrayan Çağrı","Top","seken_yaratik",1,1,1,1,1,1,1,1,1,"yerinde","yerinde",0.00,"",3.00,1.35,0.64,0.64,1.39,"","hasarsız skill (base_damage 0): etki hareketin kendisi; vuruş 3: 0,99s@boss0,00m/oyuncu3,00m 1,14s@boss0,35m/oyuncu3,02m 1,30s@boss0,35m/oyuncu3,02m; kalıp sonu: merkeze 3,00 m, başlangıçtan 0,00 m, kalıp simülasyonundan 0,00 m; toparlanma 0,74 sn (tablo 0,26)"
11-10,"Aynalı Çağrı","Top","takim_kapisi",1,1,1,1,1,1,1,1,1,"yerinde","yerinde",0.00,"",3.00,1.35,1.23,1.24,1.98,"","hasarsız skill (base_damage 0): etki hareketin kendisi; vuruş 1: 0,86s@boss3,00m/oyuncu0,00m; kalıp sonu: merkeze 3,00 m, başlangıçtan 0,00 m, kalıp simülasyonundan 0,00 m; toparlanma 0,74 sn (tablo 0,26)"
11-11,"Kopya Çağrı","Top","ayna_klonlar",1,1,1,1,1,1,1,1,1,"yerinde","yerinde",0.00,"",3.00,1.35,0.48,0.50,1.24,"","hasarsız skill (base_damage 0): etki hareketin kendisi; vuruş 2: 0,99s@boss2,93m/oyuncu1,41m 1,16s@boss2,93m/oyuncu1,41m; kalıp sonu: merkeze 3,00 m, başlangıçtan 0,00 m, kalıp simülasyonundan 0,00 m; toparlanma 0,74 sn (tablo 0,26)"
11-12,"Akan Çağrı","Top","kapidan_akin",1,1,1,1,1,1,1,1,1,"yerinde","yerinde",0.00,"",3.00,1.35,4.19,4.20,4.94,"","hasarsız skill (base_damage 0): etki hareketin kendisi; vuruş 6: 0,93s@boss0,85m/oyuncu2,15m 1,73s@boss0,00m/oyuncu3,00m 2,54s@boss0,00m/oyuncu3,00m 3,34s@boss0,00m/oyuncu3,00m 4,14s@boss0,00m/oyuncu3,00m 4,94s@boss0,00m/oyuncu3,00m; kalıp sonu: merkeze 3,00 m, başlangıçtan 0,00 m, kalıp simülasyonundan 0,00 m; toparlanma 0,74 sn (tablo 0,26)"
12-1,"Yoğun Zaman","Top","zamanli_donma",1,1,1,1,1,1,1,1,1,"ön","ön",0.00,"boss:Slow, boss hız x0,70",1.50,1.35,0.50,0.50,1.15,"0/10 kare koşu","vuruş 1: 1,08s@boss0,69m/oyuncu1,28m; kalıp sonu: merkeze 1,50 m, başlangıçtan 1,50 m, kalıp simülasyonundan 0,00 m; toparlanma 0,64 sn (tablo 0,26)"
12-2,"Emici Zaman","Top","ceken_girdap",1,1,1,1,1,1,1,1,1,"yerinde","yerinde",0.00,"boss:Slow, oyuncu:Haste, boss hız x0,70, oyuncu hız x1,30",3.00,1.35,1.30,1.32,1.95,"","vuruş 3: 1,32s@boss0,00m/oyuncu3,00m 1,82s@boss0,00m/oyuncu3,00m 1,87s@boss0,00m/oyuncu3,00m; kalıp sonu: merkeze 3,00 m, başlangıçtan 0,00 m, kalıp simülasyonundan 0,00 m; toparlanma 0,64 sn (tablo 0,26)"
12-3,"Sıçrayan Zaman","Top","geri_donen_kure",1,1,1,1,1,1,1,1,1,"yerinde","yerinde",0.00,"boss:Slow, boss hız x0,70",3.00,1.35,0.48,0.50,1.13,"","vuruş 2: 0,82s@boss0,30m/oyuncu3,30m 1,05s@boss0,96m/oyuncu2,04m; kalıp sonu: merkeze 3,00 m, başlangıçtan 0,00 m, kalıp simülasyonundan 0,00 m; toparlanma 0,64 sn (tablo 0,26)"
12-10,"Aynalı Zaman","Top","boss_geri",1,1,1,1,1,1,1,1,1,"yerinde","yerinde",0.00,"boss:Slow, boss hız x0,70",3.00,1.35,0.45,0.46,1.11,"","vuruş 1: 0,84s@boss0,30m/oyuncu3,30m; kalıp sonu: merkeze 3,00 m, başlangıçtan 0,00 m, kalıp simülasyonundan 0,00 m; toparlanma 0,64 sn (tablo 0,26)"
12-11,"Kopya Zaman","Top","geri_sarma",1,1,1,1,1,1,1,1,1,"başlangıç","başlangıç",0.00,"",1.50,1.35,2.65,2.66,3.30,"1/32 kare koşu, ayak/gövde hız oranı 1,00","hasarsız skill (base_damage 0): etki hareketin kendisi; kalıp sonu: merkeze 3,00 m, başlangıçtan 0,00 m, kalıp simülasyonundan 0,00 m; toparlanma 0,64 sn (tablo 0,26)"
12-12,"Akan Zaman","Top","yuruyen_balon",1,1,1,1,1,1,1,1,1,"ön","ön",0.00,"boss:Slow, boss hız x0,70",1.80,1.35,4.19,4.20,4.84,"","vuruş 5: 0,73s@boss3,00m/oyuncu0,00m 1,84s@boss2,70m/oyuncu0,00m 2,84s@boss2,40m/oyuncu0,00m 3,84s@boss2,10m/oyuncu0,00m 4,84s@boss1,80m/oyuncu0,00m; kalıp sonu: merkeze 1,80 m, başlangıçtan 1,20 m, kalıp simülasyonundan 0,00 m; toparlanma 0,64 sn (tablo 0,26)"
4-4,"Sabit Kalkan","Top","duvar_dikme",1,1,1,1,1,1,1,1,1,"yerinde","yerinde",0.00,"",3.00,1.35,0.32,0.32,1.07,"","hasarsız skill (base_damage 0): etki hareketin kendisi; vuruş 1: 0,95s@boss0,62m/oyuncu2,38m; kalıp sonu: merkeze 3,00 m, başlangıçtan 0,00 m, kalıp simülasyonundan 0,00 m; toparlanma 0,74 sn (tablo 0,26)"
4-5,"Yayılan Kalkan","Top","onde_yelpaze",1,1,1,1,1,1,1,1,1,"yerinde","yerinde",0.00,"",3.00,1.35,0.62,0.63,1.37,"","hasarsız skill (base_damage 0): etki hareketin kendisi; vuruş 1: 1,18s@boss1,88m/oyuncu1,12m; kalıp sonu: merkeze 3,00 m, başlangıçtan 0,00 m, kalıp simülasyonundan 0,00 m; toparlanma 0,74 sn (tablo 0,26)"
4-6,"Bağlayıcı Kalkan","Top","zincirli_firlatma",1,1,1,1,1,1,1,1,1,"ön","ön",0.00,"",1.50,1.35,0.69,0.70,1.44,"1/12 kare koşu, ayak/gövde hız oranı 1,00","hasarsız skill (base_damage 0): etki hareketin kendisi; vuruş 2: 0,93s@boss0,45m/oyuncu3,45m 1,36s@boss0,80m/oyuncu1,28m; kalıp sonu: merkeze 1,50 m, başlangıçtan 1,50 m, kalıp simülasyonundan 0,00 m; toparlanma 0,74 sn (tablo 0,26)"
4-7,"Bulandırıcı Kalkan","Top","duman_duvari",1,1,1,1,1,1,1,1,1,"yerinde","yerinde",0.00,"",2.80,1.35,0.52,0.52,1.27,"","hasarsız skill (base_damage 0): etki hareketin kendisi; vuruş 1: 0,95s@boss0,42m/oyuncu2,38m; kalıp sonu: merkeze 2,80 m, başlangıçtan 0,20 m, kalıp simülasyonundan 0,00 m; toparlanma 0,74 sn (tablo 0,26)"
4-8,"Yükselen Kalkan","Top","yerden_buyuyen",1,1,1,1,1,1,1,1,1,"yerinde","yerinde",0.00,"",3.00,1.35,0.42,0.42,1.17,"","hasarsız skill (base_damage 0): etki hareketin kendisi; vuruş 1: 1,03s@boss6,98m/oyuncu4,35m; kalıp sonu: merkeze 3,18 m, başlangıçtan 0,25 m, kalıp simülasyonundan 0,00 m, kalıp hedefi AllyDummy; toparlanma 0,74 sn (tablo 0,26)"
4-9,"Odaklı Kalkan","Top","koruyucu_isaret",1,1,1,1,1,1,1,1,1,"geri","geri",0.00,"",3.00,1.35,0.20,0.20,0.96,"3/12 kare koşu, ayak/gövde hız oranı 0,93","hasarsız skill (base_damage 0): etki hareketin kendisi; vuruş 1: 0,89s@boss3,73m/oyuncu0,35m; kalıp sonu: merkeze 3,61 m, başlangıçtan 0,80 m, kalıp simülasyonundan 0,00 m, kalıp hedefi AllyDummy; toparlanma 0,74 sn (tablo 0,26)"
5-4,"Sabit Patlama","Top","mayin_cakma",1,1,1,1,1,1,1,1,1,"yerinde","yerinde",302900.00,"",3.00,1.35,0.42,0.42,1.07,"","vuruş 2: 0,87s@boss0,85m/oyuncu2,15m 0,95s@boss0,85m/oyuncu2,15m; kalıp sonu: merkeze 3,00 m, başlangıçtan 0,00 m, kalıp simülasyonundan 0,00 m; yer değiştiren: kalıp 0,00 m, başka 0,50 m, SkillMotionDriver 0 kare, dodge 0 kare; toparlanma 0,64 sn (tablo 0,26)"
5-5,"Yayılan Patlama","Top","yer_yarigi",1,1,1,1,0,1,1,1,0,"ön","ön",255512.00,"",1.50,1.35,0.55,0.56,1.20,"0/26 kare koşu","vuruş 3: 0,92s@boss0,41m/oyuncu1,28m 1,04s@boss0,15m/oyuncu1,36m 1,17s@boss0,22m/oyuncu1,28m; kalıp sonu: merkeze 1,50 m, başlangıçtan 2,15 m, kalıp simülasyonundan 0,08 m; yer değiştiren: kalıp 3,65 m, başka 0,50 m, SkillMotionDriver 0 kare, dodge 0 kare; toparlanma 0,64 sn (tablo 0,26)"
5-6,"Bağlayıcı Patlama","Top","gerilip_kopan",1,1,1,1,0,1,1,1,0,"geri","geri",308152.00,"boss:Root+Slow, boss hız x0,00",1.76,1.35,0.57,0.58,1.22,"0/27 kare koşu","vuruş 2: 0,80s@boss0,85m/oyuncu0,91m 1,15s@boss0,85m/oyuncu2,67m; kalıp sonu: merkeze 3,16 m, başlangıçtan 0,50 m, kalıp simülasyonundan 0,00 m, boss 0,34 m kaydı; yer değiştiren: kalıp 3,02 m, başka 0,50 m, SkillMotionDriver 0 kare, dodge 0 kare; toparlanma 0,64 sn (tablo 0,26)"
5-7,"Bulandırıcı Patlama","Top","sis_bombasi",1,1,1,1,1,1,1,1,1,"yerinde","yerinde",317024.00,"boss:Blind",3.00,1.35,0.22,0.22,0.87,"","vuruş 1: 0,83s@boss0,35m/oyuncu3,36m; kalıp sonu: merkeze 3,01 m, başlangıçtan 0,00 m, kalıp simülasyonundan 0,00 m; yer değiştiren: kalıp 0,00 m, başka 0,50 m, SkillMotionDriver 0 kare, dodge 0 kare; toparlanma 0,64 sn (tablo 0,26)"
5-8,"Yükselen Patlama","Top","yerden_fiskirma",1,1,1,1,0,1,1,1,0,"ön","ön",325224.00,"boss:Stun, boss hız x0,00",2.60,1.35,0.43,0.44,1.08,"","vuruş 1: 0,95s@boss0,00m/oyuncu2,78m; kalıp sonu: merkeze 2,60 m, başlangıçtan 0,40 m, kalıp simülasyonundan 0,00 m; yer değiştiren: kalıp 0,40 m, başka 0,50 m, SkillMotionDriver 0 kare, dodge 0 kare; toparlanma 0,64 sn (tablo 0,26)"
5-9,"Odaklı Patlama","Top","gudumlu_top",1,1,1,1,1,1,1,1,1,"yerinde","yerinde",513644.00,"",3.00,1.35,0.55,0.56,1.20,"","vuruş 1: 1,12s@boss0,00m/oyuncu3,03m; kalıp sonu: merkeze 3,03 m, başlangıçtan 0,00 m, kalıp simülasyonundan 0,00 m; yer değiştiren: kalıp 0,00 m, başka 0,50 m, SkillMotionDriver 0 kare, dodge 0 kare; toparlanma 0,64 sn (tablo 0,26)"
6-4,"Sabit Bağ","Top","karsilikli_kilit",1,1,1,1,0,1,1,1,0,"ön","ön",89544.00,"boss:Root, boss hız x0,00",1.50,1.35,3.24,3.24,3.89,"0/15 kare koşu","vuruş 1: 1,12s@boss0,40m/oyuncu1,11m; kalıp sonu: merkeze 1,50 m, başlangıçtan 1,52 m, kalıp simülasyonundan 0,02 m; yer değiştiren: kalıp 1,52 m, başka 0,50 m, SkillMotionDriver 0 kare, dodge 0 kare; toparlanma 0,64 sn (tablo 0,26)"
6-5,"Yayılan Bağ","Top","yer_tuzagi",1,1,1,1,1,1,1,1,1,"yerinde","yerinde",106384.00,"boss:Root, boss hız x0,00",3.00,1.35,0.27,0.28,0.92,"","vuruş 1: 0,82s@boss0,68m/oyuncu2,38m; kalıp sonu: merkeze 3,07 m, başlangıçtan 0,00 m, kalıp simülasyonundan 0,00 m; yer değiştiren: kalıp 0,00 m, başka 0,50 m, SkillMotionDriver 0 kare, dodge 0 kare; toparlanma 0,64 sn (tablo 0,26)"
6-6,"Bağlayıcı Bağ","Top","iki_uclu",1,1,1,1,1,1,1,1,1,"yerinde","yerinde",85976.00,"boss:Root+Slow, boss hız x0,00",3.00,1.35,0.64,0.65,1.29,"","vuruş 1: 0,82s@boss0,28m/oyuncu3,30m; kalıp sonu: merkeze 3,02 m, başlangıçtan 0,00 m, kalıp simülasyonundan 0,00 m; yer değiştiren: kalıp 0,00 m, başka 0,50 m, SkillMotionDriver 0 kare, dodge 0 kare; toparlanma 0,64 sn (tablo 0,26)"
6-7,"Bulandırıcı Bağ","Top","goz_bagi",1,1,1,1,1,1,1,1,1,"yerinde","yerinde",132764.00,"boss:Blind+Root, boss hız x0,00",3.00,1.35,0.20,0.20,0.85,"","vuruş 1: 0,82s@boss0,28m/oyuncu3,28m; kalıp sonu: merkeze 3,01 m, başlangıçtan 0,00 m, kalıp simülasyonundan 0,00 m; yer değiştiren: kalıp 0,00 m, başka 0,50 m, SkillMotionDriver 0 kare, dodge 0 kare; toparlanma 0,64 sn (tablo 0,26)"
6-8,"Yükselen Bağ","Top","havada_asma",1,1,1,1,0,1,1,1,0,"ön","ön",90644.00,"boss:Root, boss hız x0,00",1.50,1.35,1.14,1.14,1.79,"0/20 kare koşu","vuruş 1: 1,14s@boss1,50m/oyuncu0,00m; kalıp sonu: merkeze 1,50 m, başlangıçtan 1,50 m, kalıp simülasyonundan 0,00 m; yer değiştiren: kalıp 1,50 m, başka 0,50 m, SkillMotionDriver 0 kare, dodge 0 kare; toparlanma 0,64 sn (tablo 0,26)"
6-9,"Odaklı Bağ","Top","zamanli_donma",1,1,1,1,0,1,1,1,0,"ön","ön",143264.00,"boss:Root, boss hız x0,00",1.50,1.35,0.48,0.50,1.13,"0/9 kare koşu","vuruş 1: 1,08s@boss0,72m/oyuncu1,28m; kalıp sonu: merkeze 1,50 m, başlangıçtan 1,57 m, kalıp simülasyonundan 0,07 m; yer değiştiren: kalıp 1,57 m, başka 0,50 m, SkillMotionDriver 0 kare, dodge 0 kare; toparlanma 0,64 sn (tablo 0,26)"
7-4,"Sabit Zafiyet","Top","mayin_cakma",1,1,1,1,1,1,1,1,1,"yerinde","yerinde",54672.00,"",3.00,1.35,0.42,0.42,1.07,"","vuruş 2: 0,87s@boss0,85m/oyuncu2,20m 0,95s@boss0,85m/oyuncu2,20m; kalıp sonu: merkeze 3,05 m, başlangıçtan 0,00 m, kalıp simülasyonundan 0,00 m; yer değiştiren: kalıp 0,00 m, başka 0,50 m, SkillMotionDriver 0 kare, dodge 0 kare; toparlanma 0,64 sn (tablo 0,26)"
7-5,"Yayılan Zafiyet","Top","onde_yelpaze",1,1,1,1,1,1,1,1,1,"yerinde","yerinde",53132.00,"",3.00,1.35,0.62,0.63,1.27,"","vuruş 1: 1,08s@boss1,94m/oyuncu1,12m; kalıp sonu: merkeze 3,07 m, başlangıçtan 0,00 m, kalıp simülasyonundan 0,00 m; yer değiştiren: kalıp 0,00 m, başka 0,50 m, SkillMotionDriver 0 kare, dodge 0 kare; toparlanma 0,64 sn (tablo 0,26)"
7-6,"Bağlayıcı Zafiyet","Top","dost_ip",1,1,1,1,1,1,1,1,1,"yerinde","yerinde",58268.00,"boss:Root+Slow, boss hız x0,00",3.00,1.35,0.62,0.62,1.27,"","vuruş 1: 0,83s@boss0,28m/oyuncu3,33m; kalıp sonu: merkeze 3,06 m, başlangıçtan 0,00 m, kalıp simülasyonundan 0,00 m; yer değiştiren: kalıp 0,00 m, başka 0,50 m, SkillMotionDriver 0 kare, dodge 0 kare; toparlanma 0,64 sn (tablo 0,26)"
8-4,"Sabit Yükseliş","Top","totem_dikme",1,1,1,1,1,1,1,1,1,"yerinde","yerinde",0.00,"",3.00,1.35,0.30,0.30,1.05,"","hasarsız skill (base_damage 0): etki hareketin kendisi; vuruş 1: 1,00s@boss3,10m/oyuncu0,00m; kalıp sonu: merkeze 3,12 m, başlangıçtan 0,15 m, kalıp simülasyonundan 0,00 m, kalıp hedefi AllyDummy; toparlanma 0,74 sn (tablo 0,26)"
8-5,"Yayılan Yükseliş","Top","savas_narasi",1,1,1,1,1,1,1,1,1,"yerinde","yerinde",0.00,"",3.00,1.35,0.35,0.36,1.10,"","hasarsız skill (base_damage 0): etki hareketin kendisi; vuruş 1: 0,93s@boss3,00m/oyuncu0,00m; kalıp sonu: merkeze 3,00 m, başlangıçtan 0,00 m, kalıp simülasyonundan 0,00 m; toparlanma 0,74 sn (tablo 0,26)"
8-6,"Bağlayıcı Yükseliş","Top","dost_dosta",1,1,1,1,1,1,1,1,1,"yan","yan",0.00,"",2.38,1.35,0.52,0.52,1.27,"0/13 kare koşu","hasarsız skill (base_damage 0): etki hareketin kendisi; vuruş 3: 0,82s@boss4,05m/oyuncu1,22m 1,02s@boss2,68m/oyuncu1,41m 1,18s@boss4,76m/oyuncu2,38m; kalıp sonu: merkeze 2,38 m, başlangıçtan 1,41 m, kalıp simülasyonundan 0,00 m, kalıp hedefi AllyDummy; toparlanma 0,74 sn (tablo 0,26)"
9-4,"Sabit Arınma","Top","yer_tuzagi",1,1,1,1,1,1,1,1,1,"yerinde","yerinde",0.00,"oyuncu +48000 can",3.00,1.35,0.27,0.28,1.02,"","vuruş 1: 0,90s@boss0,62m/oyuncu2,38m; kalıp sonu: merkeze 3,00 m, başlangıçtan 0,00 m, kalıp simülasyonundan 0,00 m; toparlanma 0,74 sn (tablo 0,26)"
9-5,"Yayılan Arınma","Top","dagilan_yagmur",1,1,1,1,1,1,1,1,1,"yerinde","yerinde",0.00,"oyuncu +48000 can",3.00,1.35,0.57,0.58,1.32,"","vuruş 1: 1,13s@boss3,00m/oyuncu0,00m; kalıp sonu: merkeze 3,00 m, başlangıçtan 0,00 m, kalıp simülasyonundan 0,00 m, kalıp hedefi AllyDummy; toparlanma 0,74 sn (tablo 0,26)"
9-6,"Bağlayıcı Arınma","Top","iki_uclu",1,1,1,1,1,1,1,1,1,"yerinde","yerinde",0.00,"oyuncu +48000 can",3.00,1.35,0.65,0.65,1.40,"","vuruş 1: 0,92s@boss6,08m/oyuncu3,58m; kalıp sonu: merkeze 3,00 m, başlangıçtan 0,00 m, kalıp simülasyonundan 0,00 m, kalıp hedefi AllyDummy; toparlanma 0,74 sn (tablo 0,26)"
4-10,"Aynalı Kalkan","Top","sirtta_kapi",1,1,1,1,1,1,1,1,1,"ön","ön",24000.00,"",1.80,1.35,0.32,0.32,1.07,"0/11 kare koşu","vuruş 2: 0,87s@boss0,92m/oyuncu1,19m 0,98s@boss0,55m/oyuncu2,35m; kalıp sonu: merkeze 1,80 m, başlangıçtan 1,20 m, kalıp simülasyonundan 0,00 m; toparlanma 0,74 sn (tablo 0,26)"
4-11,"Kopya Kalkan","Top","yem_kopya",1,1,1,1,1,1,1,1,1,"yerinde","yerinde",0.00,"",3.00,1.35,0.23,0.24,0.98,"","hasarsız skill (base_damage 0): etki hareketin kendisi; vuruş 1: 0,87s@boss2,98m/oyuncu1,29m; kalıp sonu: merkeze 3,00 m, başlangıçtan 0,00 m, kalıp simülasyonundan 0,00 m; toparlanma 0,74 sn (tablo 0,26)"
4-12,"Akan Kalkan","Top","basili_siper",1,1,1,1,1,1,1,1,1,"geri","geri",0.00,"",3.00,1.35,2.98,3.00,3.74,"","hasarsız skill (base_damage 0): etki hareketin kendisi; vuruş 3: 1,49s@boss5,16m/oyuncu2,38m 2,49s@boss5,40m/oyuncu2,38m 3,51s@boss5,65m/oyuncu2,38m; kalıp sonu: merkeze 3,61 m, başlangıçtan 0,80 m, kalıp simülasyonundan 0,00 m, kalıp hedefi AllyDummy; toparlanma 0,74 sn (tablo 0,26)"
5-10,"Aynalı Patlama","Top","karsi_darbe",1,1,1,1,0,1,1,1,0,"ön","ön",302540.00,"",1.70,1.35,0.35,0.36,0.99,"0/9 kare koşu","vuruş 1: 0,93s@boss0,83m/oyuncu1,36m; kalıp sonu: merkeze 1,70 m, başlangıçtan 1,30 m, kalıp simülasyonundan 0,00 m; yer değiştiren: kalıp 1,30 m, başka 0,50 m, SkillMotionDriver 0 kare, dodge 0 kare; toparlanma 0,64 sn (tablo 0,26)"
5-11,"Kopya Patlama","Top","golge_yankisi",1,1,1,1,0,1,1,1,0,"ön","ön",301800.00,"",2.15,1.35,0.48,0.50,1.13,"0/10 kare koşu","vuruş 2: 0,75s@boss1,25m/oyuncu1,15m 1,07s@boss1,99m/oyuncu1,39m; kalıp sonu: merkeze 2,15 m, başlangıçtan 0,90 m, kalıp simülasyonundan 0,00 m; yer değiştiren: kalıp 0,90 m, başka 0,50 m, SkillMotionDriver 0 kare, dodge 0 kare; toparlanma 0,64 sn (tablo 0,26)"
5-12,"Akan Patlama","Top","patlayan_iz",1,1,1,1,0,1,1,1,0,"ön","ön",214188.00,"",3.00,1.35,2.99,3.00,3.64,"","vuruş 6: 1,08s@boss2,20m/oyuncu1,53m 1,58s@boss2,50m/oyuncu1,53m 2,10s@boss3,00m/oyuncu1,53m 2,58s@boss3,61m/oyuncu1,53m 3,08s@boss3,76m/oyuncu1,53m 3,59s@boss3,49m/oyuncu1,53m; kalıp sonu: merkeze 4,99 m, başlangıçtan 2,20 m, kalıp simülasyonundan 0,70 m, boss 4,19 m kaydı; yer değiştiren: kalıp 2,20 m, başka 0,50 m, SkillMotionDriver 0 kare, dodge 0 kare; toparlanma 0,64 sn (tablo 0,26)"
6-10,"Aynalı Bağ","Top","karsi_darbe",1,1,1,1,0,1,1,1,0,"ön","ön",83336.00,"boss:Root, boss hız x0,00",1.77,1.35,0.34,0.36,0.99,"0/8 kare koşu","vuruş 1: 0,93s@boss0,89m/oyuncu1,36m; kalıp sonu: merkeze 1,77 m, başlangıçtan 1,30 m, kalıp simülasyonundan 0,00 m; yer değiştiren: kalıp 1,30 m, başka 0,50 m, SkillMotionDriver 0 kare, dodge 0 kare; toparlanma 0,64 sn (tablo 0,26)"
6-11,"Kopya Bağ","Top","onden_arkadan",1,1,1,1,0,1,1,1,0,"ön","ön",87140.00,"boss:Root, boss hız x0,00",2.15,1.35,0.32,0.34,0.97,"0/10 kare koşu","vuruş 2: 0,74s@boss1,27m/oyuncu1,11m 0,85s@boss0,60m/oyuncu2,75m; kalıp sonu: merkeze 2,15 m, başlangıçtan 0,90 m, kalıp simülasyonundan 0,00 m; yer değiştiren: kalıp 0,90 m, başka 0,50 m, SkillMotionDriver 0 kare, dodge 0 kare; toparlanma 0,64 sn (tablo 0,26)"
6-12,"Akan Bağ","Top","cember_sarma",1,1,1,1,0,1,1,1,0,"arka","arka",57612.00,"boss:Root, boss hız x0,00",1.50,1.35,0.88,0.90,1.53,"0/45 kare koşu","vuruş 1: 1,45s@boss0,00m/oyuncu2,06m; kalıp sonu: merkeze 2,06 m, başlangıçtan 4,60 m, kalıp simülasyonundan 0,01 m; yer değiştiren: kalıp 8,51 m, başka 0,50 m, SkillMotionDriver 0 kare, dodge 0 kare; toparlanma 0,64 sn (tablo 0,26)"
10-4,"Sabit Yansı","Top","duvar_dikme",1,1,1,1,1,1,1,1,1,"yerinde","yerinde",0.00,"",3.00,1.35,0.32,0.32,1.07,"","hasarsız skill (base_damage 0): etki hareketin kendisi; vuruş 1: 0,95s@boss0,62m/oyuncu2,38m; kalıp sonu: merkeze 3,00 m, başlangıçtan 0,00 m, kalıp simülasyonundan 0,00 m; toparlanma 0,74 sn (tablo 0,26)"
10-5,"Yayılan Yansı","Top","yuruyen_balon",1,1,1,1,1,1,1,1,1,"ön","ön",0.00,"",1.80,1.35,4.20,4.20,4.95,"","hasarsız skill (base_damage 0): etki hareketin kendisi; vuruş 5: 0,85s@boss3,00m/oyuncu0,00m 1,93s@boss2,70m/oyuncu0,00m 2,94s@boss2,40m/oyuncu0,00m 3,94s@boss2,10m/oyuncu0,00m 4,95s@boss1,80m/oyuncu0,00m; kalıp sonu: merkeze 1,80 m, başlangıçtan 1,20 m, kalıp simülasyonundan 0,00 m; toparlanma 0,74 sn (tablo 0,26)"
10-6,"Bağlayıcı Yansı","Top","silaha_kement",1,1,1,1,1,1,1,1,1,"yerinde","yerinde",0.00,"boss:Root+Slow, boss hız x0,00",3.00,1.35,0.93,0.94,1.69,"","vuruş 1: 0,94s@boss0,40m/oyuncu3,40m; kalıp sonu: merkeze 3,00 m, başlangıçtan 0,00 m, kalıp simülasyonundan 0,00 m; toparlanma 0,74 sn (tablo 0,26)"
11-4,"Sabit Çağrı","Top","taret_dikme",1,1,1,1,1,1,1,1,1,"yerinde","yerinde",0.00,"",3.00,1.35,0.42,0.42,1.17,"","hasarsız skill (base_damage 0): etki hareketin kendisi; vuruş 2: 0,87s@boss3,00m/oyuncu0,00m 1,12s@boss0,22m/oyuncu3,22m; kalıp sonu: merkeze 3,00 m, başlangıçtan 0,00 m, kalıp simülasyonundan 0,00 m; toparlanma 0,74 sn (tablo 0,26)"
11-5,"Yayılan Çağrı","Top","dagilan_suru",1,1,1,1,1,1,1,1,1,"yerinde","yerinde",0.00,"",3.00,1.35,0.41,0.42,1.17,"","hasarsız skill (base_damage 0): etki hareketin kendisi; vuruş 3: 0,82s@boss0,35m/oyuncu3,02m 0,95s@boss0,00m/oyuncu3,00m 1,08s@boss0,35m/oyuncu3,02m; kalıp sonu: merkeze 3,00 m, başlangıçtan 0,00 m, kalıp simülasyonundan 0,00 m; toparlanma 0,74 sn (tablo 0,26)"
11-6,"Bağlayıcı Çağrı","Top","muhafiz",1,1,1,1,1,1,1,1,1,"yerinde","yerinde",0.00,"boss:Root+Slow, boss hız x0,00",3.00,1.35,0.52,0.52,1.27,"","vuruş 1: 0,88s@boss2,89m/oyuncu1,20m; kalıp sonu: merkeze 3,00 m, başlangıçtan 0,00 m, kalıp simülasyonundan 0,00 m; toparlanma 0,74 sn (tablo 0,26)"
12-4,"Sabit Zaman","Top","totem_dikme",1,1,1,1,1,1,1,1,1,"yerinde","yerinde",0.00,"boss:Slow+Stun, boss hız x0,00",2.85,1.35,0.30,0.30,0.95,"","vuruş 1: 0,90s@boss2,87m/oyuncu0,00m; kalıp sonu: merkeze 2,85 m, başlangıçtan 0,15 m, kalıp simülasyonundan 0,00 m; toparlanma 0,64 sn (tablo 0,26)"
12-5,"Yayılan Zaman","Top","genisleyen_halka",1,1,1,1,1,1,1,1,1,"yerinde","yerinde",0.00,"boss:Slow, boss hız x0,70",3.00,1.35,0.57,0.58,1.22,"","vuruş 1: 1,10s@boss3,00m/oyuncu0,00m; kalıp sonu: merkeze 3,00 m, başlangıçtan 0,00 m, kalıp simülasyonundan 0,00 m; toparlanma 0,64 sn (tablo 0,26)"
12-6,"Bağlayıcı Zaman","Top","iki_uclu",1,1,1,1,1,1,1,1,1,"yerinde","yerinde",0.00,"oyuncu:Haste, oyuncu hız x1,30",3.00,1.35,0.63,0.65,1.28,"","vuruş 1: 0,82s@boss0,28m/oyuncu3,28m; kalıp sonu: merkeze 3,00 m, başlangıçtan 0,00 m, kalıp simülasyonundan 0,00 m; toparlanma 0,64 sn (tablo 0,26)"
7-7,"Bulandırıcı Zafiyet","Top","sis_bombasi",1,1,1,1,1,1,1,1,1,"yerinde","yerinde",55192.00,"boss:Blind",3.00,1.35,0.22,0.22,0.87,"","vuruş 1: 0,83s@boss0,35m/oyuncu3,35m; kalıp sonu: merkeze 3,00 m, başlangıçtan 0,00 m, kalıp simülasyonundan 0,00 m; yer değiştiren: kalıp 0,00 m, başka 0,50 m, SkillMotionDriver 0 kare, dodge 0 kare; toparlanma 0,64 sn (tablo 0,26)"
7-8,"Yükselen Zafiyet","Top","yerden_fiskirma",1,1,1,1,0,1,1,1,0,"ön","ön",56512.00,"boss:Stun, boss hız x0,00",2.60,1.35,0.43,0.44,1.08,"","vuruş 1: 0,95s@boss0,00m/oyuncu2,78m; kalıp sonu: merkeze 2,60 m, başlangıçtan 0,40 m, kalıp simülasyonundan 0,00 m; yer değiştiren: kalıp 0,40 m, başka 0,50 m, SkillMotionDriver 0 kare, dodge 0 kare; toparlanma 0,64 sn (tablo 0,26)"
7-9,"Odaklı Zafiyet","Top","isaret_patlamasi",1,1,1,1,1,1,1,1,1,"yerinde","yerinde",87004.00,"",3.00,1.35,1.92,1.92,2.56,"","vuruş 1: 2,49s@boss0,00m/oyuncu3,03m; kalıp sonu: merkeze 3,03 m, başlangıçtan 0,00 m, kalıp simülasyonundan 0,00 m; yer değiştiren: kalıp 0,00 m, başka 0,50 m, SkillMotionDriver 0 kare, dodge 0 kare; toparlanma 0,64 sn (tablo 0,26)"
7-10,"Aynalı Zafiyet","Top","onden_arkadan",1,1,1,1,0,1,1,1,0,"ön","ön",73784.00,"",2.11,1.35,0.33,0.34,0.98,"0/10 kare koşu","vuruş 2: 0,74s@boss1,25m/oyuncu1,11m 0,86s@boss0,60m/oyuncu2,71m; kalıp sonu: merkeze 2,11 m, başlangıçtan 0,90 m, kalıp simülasyonundan 0,00 m; yer değiştiren: kalıp 0,90 m, başka 0,50 m, SkillMotionDriver 0 kare, dodge 0 kare; toparlanma 0,64 sn (tablo 0,26)"
7-11,"Kopya Zafiyet","Top","golge_yankisi",1,1,1,1,0,1,1,1,0,"ön","ön",70704.00,"",2.11,1.35,0.50,0.50,1.15,"0/10 kare koşu","vuruş 2: 0,75s@boss1,20m/oyuncu1,15m 1,06s@boss1,96m/oyuncu1,39m; kalıp sonu: merkeze 2,12 m, başlangıçtan 0,90 m, kalıp simülasyonundan 0,00 m; yer değiştiren: kalıp 0,90 m, başka 0,50 m, SkillMotionDriver 0 kare, dodge 0 kare; toparlanma 0,64 sn (tablo 0,26)"
7-12,"Akan Zafiyet","Top","basili_isik",1,1,1,1,0,1,1,1,0,"ön","ön",58800.00,"",1.81,1.35,2.99,3.00,3.65,"","vuruş 6: 0,89s@boss0,19m/oyuncu2,72m 1,39s@boss0,01m/oyuncu2,72m 1,90s@boss0,21m/oyuncu2,72m 2,40s@boss0,41m/oyuncu2,72m 2,90s@boss0,61m/oyuncu2,72m 3,40s@boss0,81m/oyuncu2,72m; kalıp sonu: merkeze 1,81 m, başlangıçtan 1,20 m, kalıp simülasyonundan 0,00 m; yer değiştiren: kalıp 1,20 m, başka 0,50 m, SkillMotionDriver 0 kare, dodge 0 kare; toparlanma 0,64 sn (tablo 0,26)"
8-7,"Bulandırıcı Yükseliş","Top","goz_bagi",1,1,1,1,1,1,1,1,1,"yerinde","yerinde",0.00,"",3.00,1.35,0.20,0.20,0.95,"","hasarsız skill (base_damage 0): etki hareketin kendisi; vuruş 1: 0,92s@boss0,28m/oyuncu3,34m; kalıp sonu: merkeze 3,07 m, başlangıçtan 0,00 m, kalıp simülasyonundan 0,00 m; toparlanma 0,74 sn (tablo 0,26)"
8-8,"Yükselen Yükseliş","Top","buyuten_kemer",1,1,1,1,1,1,1,1,1,"yerinde","yerinde",0.00,"",3.00,1.35,0.42,0.42,1.17,"","hasarsız skill (base_damage 0): etki hareketin kendisi; vuruş 1: 1,04s@boss5,02m/oyuncu2,21m; kalıp sonu: merkeze 3,22 m, başlangıçtan 0,30 m, kalıp simülasyonundan 0,00 m, kalıp hedefi AllyDummy; toparlanma 0,74 sn (tablo 0,26)"
8-9,"Odaklı Yükseliş","Top","gudumlu_top",1,1,1,1,1,1,1,1,1,"yerinde","yerinde",0.00,"",3.00,1.35,0.55,0.56,1.30,"","hasarsız skill (base_damage 0): etki hareketin kendisi; vuruş 1: 1,21s@boss6,98m/oyuncu4,53m; kalıp sonu: merkeze 3,00 m, başlangıçtan 0,00 m, kalıp simülasyonundan 0,00 m, kalıp hedefi AllyDummy; toparlanma 0,74 sn (tablo 0,26)"
8-10,"Aynalı Yükseliş","Top","ters_es",1,1,1,1,1,1,1,1,1,"yerinde","yerinde",0.00,"",3.00,1.35,0.42,0.44,1.17,"","hasarsız skill (base_damage 0): etki hareketin kendisi; vuruş 2: 0,88s@boss2,60m/oyuncu0,40m 1,08s@boss0,00m/oyuncu3,00m; kalıp sonu: merkeze 3,00 m, başlangıçtan 0,00 m, kalıp simülasyonundan 0,00 m; toparlanma 0,74 sn (tablo 0,26)"
8-11,"Kopya Yükseliş","Top","golge_ulak",1,1,1,1,1,1,1,1,1,"yan","yan",0.00,"",2.43,1.35,1.35,1.36,2.10,"0/8 kare koşu","hasarsız skill (base_damage 0): etki hareketin kendisi; vuruş 2: 0,87s@boss3,26m/oyuncu0,35m 2,02s@boss2,85m/oyuncu1,46m; kalıp sonu: merkeze 2,43 m, başlangıçtan 1,41 m, kalıp simülasyonundan 0,00 m, kalıp hedefi AllyDummy; toparlanma 0,74 sn (tablo 0,26)"
8-12,"Akan Yükseliş","Top","akinti_yolu",1,1,1,1,1,1,1,1,1,"geri","geri",0.00,"",3.00,1.35,0.93,0.94,1.68,"3/42 kare koşu, ayak/gövde hız oranı 1,00","hasarsız skill (base_damage 0): etki hareketin kendisi; vuruş 1: 1,55s@boss6,27m/oyuncu2,38m; kalıp sonu: merkeze 4,11 m, başlangıçtan 1,40 m, kalıp simülasyonundan 0,00 m, kalıp hedefi AllyDummy; toparlanma 0,74 sn (tablo 0,26)"
9-7,"Bulandırıcı Arınma","Top","sis_ortusu",1,1,1,1,1,1,1,1,1,"yerinde","yerinde",0.00,"oyuncu +48000 can",3.00,1.35,0.28,0.30,1.03,"","vuruş 1: 0,92s@boss0,00m/oyuncu3,00m; kalıp sonu: merkeze 3,00 m, başlangıçtan 0,00 m, kalıp simülasyonundan 0,00 m; toparlanma 0,74 sn (tablo 0,26)"
9-8,"Yükselen Arınma","Top","isik_sutunu",1,1,1,1,1,1,1,1,1,"yerinde","yerinde",0.00,"oyuncu +48000 can",3.00,1.35,0.47,0.48,1.22,"","vuruş 1: 1,08s@boss3,05m/oyuncu0,00m; kalıp sonu: merkeze 3,07 m, başlangıçtan 0,10 m, kalıp simülasyonundan 0,00 m, kalıp hedefi AllyDummy; toparlanma 0,74 sn (tablo 0,26)"
9-9,"Odaklı Arınma","Top","mermi_sondur",1,1,1,1,1,1,1,1,1,"yerinde","yerinde",0.00,"oyuncu +48000 can",3.00,1.35,0.38,0.38,1.13,"","vuruş 1: 1,06s@boss6,98m/oyuncu4,53m; kalıp sonu: merkeze 3,00 m, başlangıçtan 0,00 m, kalıp simülasyonundan 0,00 m, kalıp hedefi AllyDummy; toparlanma 0,74 sn (tablo 0,26)"
9-10,"Aynalı Arınma","Top","yer_degistir",1,1,1,1,1,1,1,1,1,"arka","arka",0.00,"oyuncu +48000 can",1.50,1.35,0.33,0.34,1.08,"0/1 kare koşu","vuruş 1: 1,02s@boss0,31m/oyuncu1,19m; kalıp sonu: merkeze 1,50 m, başlangıçtan 4,50 m, kalıp simülasyonundan 0,00 m; tek karede 4,50 m sıçrama (sınır 0,62 m @ 17 ms, t=0,85, faz degis, blink tasarım gereği); toparlanma 0,74 sn (tablo 0,26)"
9-11,"Kopya Arınma","Top","yem_kopya",1,1,1,1,1,1,1,1,1,"yerinde","yerinde",0.00,"oyuncu +48000 can",3.00,1.35,0.23,0.24,0.99,"","vuruş 1: 0,87s@boss2,98m/oyuncu1,29m; kalıp sonu: merkeze 3,00 m, başlangıçtan 0,00 m, kalıp simülasyonundan 0,00 m; toparlanma 0,74 sn (tablo 0,26)"
9-12,"Akan Arınma","Top","nabiz",1,1,1,1,1,1,1,1,1,"yerinde","yerinde",0.00,"oyuncu +32000 can, dost +16000 can",3.00,1.35,3.17,3.18,3.92,"","vuruş 3: 1,92s@boss3,00m/oyuncu0,00m 2,92s@boss3,00m/oyuncu0,00m 3,92s@boss3,00m/oyuncu0,00m; kalıp sonu: merkeze 3,00 m, başlangıçtan 0,00 m, kalıp simülasyonundan 0,00 m; toparlanma 0,74 sn (tablo 0,26)"
10-7,"Bulandırıcı Yansı","Top","sahte_goruntu",1,1,1,1,1,1,1,1,1,"geri","geri",0.00,"boss:Blind",3.00,1.35,0.43,0.44,1.18,"0/9 kare koşu","vuruş 3: 0,82s@boss3,06m/oyuncu1,37m 0,94s@boss3,06m/oyuncu1,37m 1,11s@boss3,55m/oyuncu0,00m; kalıp sonu: merkeze 3,90 m, başlangıçtan 0,90 m, kalıp simülasyonundan 0,00 m; toparlanma 0,74 sn (tablo 0,26)"
10-8,"Yükselen Yansı","Top","yerden_buyuyen",1,1,1,1,1,1,1,1,1,"yerinde","yerinde",0.00,"",2.75,1.35,0.42,0.42,1.17,"","hasarsız skill (base_damage 0): etki hareketin kendisi; vuruş 1: 1,03s@boss0,00m/oyuncu2,82m; kalıp sonu: merkeze 2,75 m, başlangıçtan 0,25 m, kalıp simülasyonundan 0,00 m; toparlanma 0,74 sn (tablo 0,26)"
10-9,"Odaklı Yansı","Top","koruyucu_isaret",1,1,1,1,1,1,1,1,1,"ön","ön",0.00,"",2.20,1.35,0.18,0.20,0.93,"3/11 kare koşu, ayak/gövde hız oranı 0,93","hasarsız skill (base_damage 0): etki hareketin kendisi; vuruş 1: 0,88s@boss2,05m/oyuncu0,35m; kalıp sonu: merkeze 2,20 m, başlangıçtan 0,80 m, kalıp simülasyonundan 0,00 m; toparlanma 0,74 sn (tablo 0,26)"
11-7,"Bulandırıcı Çağrı","Top","sirt_saplama",1,1,1,1,1,1,1,1,1,"yerinde","yerinde",0.00,"boss:Blind",3.00,1.35,0.32,0.32,1.07,"","vuruş 1: 1,00s@boss0,00m/oyuncu3,00m; kalıp sonu: merkeze 3,00 m, başlangıçtan 0,00 m, kalıp simülasyonundan 0,00 m; toparlanma 0,74 sn (tablo 0,26)"
11-8,"Yükselen Çağrı","Top","dostu_yerden",1,1,1,1,1,1,1,1,1,"yan","yan",0.00,"",2.96,1.35,0.77,0.78,1.52,"0/35 kare koşu","hasarsız skill (base_damage 0): etki hareketin kendisi; vuruş 1: 1,37s@boss2,81m/oyuncu0,95m; kalıp sonu: merkeze 2,99 m, başlangıçtan 0,91 m, kalıp simülasyonundan 0,00 m; toparlanma 0,74 sn (tablo 0,26)"
11-9,"Odaklı Çağrı","Top","pesinden_av",1,1,1,1,1,1,1,1,1,"yerinde","yerinde",0.00,"",3.00,1.35,2.31,2.32,3.06,"","hasarsız skill (base_damage 0): etki hareketin kendisi; vuruş 1: 2,99s@boss0,00m/oyuncu3,00m; kalıp sonu: merkeze 3,00 m, başlangıçtan 0,00 m, kalıp simülasyonundan 0,00 m; toparlanma 0,74 sn (tablo 0,26)"
12-7,"Bulandırıcı Zaman","Top","kum_saati",1,1,1,1,1,1,1,1,1,"yerinde","yerinde",0.00,"boss:Blind+Slow, boss hız x0,70",3.00,1.35,0.62,0.62,1.27,"","vuruş 1: 0,83s@boss0,28m/oyuncu3,28m; kalıp sonu: merkeze 3,00 m, başlangıçtan 0,00 m, kalıp simülasyonundan 0,00 m; toparlanma 0,64 sn (tablo 0,26)"
12-8,"Yükselen Zaman","Top","isik_sutunu",1,1,1,1,1,1,1,1,1,"yerinde","yerinde",0.00,"oyuncu:Haste, oyuncu hız x1,50",2.90,1.35,0.47,0.48,1.12,"","vuruş 1: 0,98s@boss2,93m/oyuncu0,00m; kalıp sonu: merkeze 2,90 m, başlangıçtan 0,10 m, kalıp simülasyonundan 0,00 m; toparlanma 0,64 sn (tablo 0,26)"
12-9,"Odaklı Zaman","Top","isaret_patlamasi",1,1,1,1,1,1,1,1,1,"yerinde","yerinde",0.00,"boss:Slow, boss hız x0,70",3.00,1.35,1.92,1.92,2.57,"","vuruş 1: 2,50s@boss0,00m/oyuncu3,00m; kalıp sonu: merkeze 3,00 m, başlangıçtan 0,00 m, kalıp simülasyonundan 0,00 m; toparlanma 0,64 sn (tablo 0,26)"
1-1,"Yoğun Vuruş","Asa","yukle_birak",1,1,1,1,1,1,1,1,1,"ön","ön",159600.00,"",1.50,1.35,0.52,0.52,1.06,"0/11 kare koşu","vuruş 1: 0,98s@boss0,51m/oyuncu1,53m; kalıp sonu: merkeze 1,50 m, başlangıçtan 1,50 m, kalıp simülasyonundan 0,00 m; toparlanma 0,53 sn (tablo 0,26)"
1-2,"Emici Vuruş","Asa","kan_ceken_pence",1,1,1,1,1,1,1,1,1,"yerinde","yerinde",107760.00,"oyuncu +32327 can",1.35,1.35,0.37,0.38,0.90,"","vuruş 3: 0,62s@boss1,64m/oyuncu1,02m 0,73s@boss1,16m/oyuncu1,02m 0,87s@boss0,61m/oyuncu1,02m; kalıp sonu: merkeze 1,49 m, başlangıçtan 0,00 m, kalıp simülasyonundan 1,50 m, boss 1,51 m kaydı; toparlanma 0,53 sn (tablo 0,26)"
1-3,"Sıçrayan Vuruş","Asa","yan_yan_sekme",1,1,1,1,1,1,1,1,1,"geri","geri",116156.00,"",2.85,1.35,0.46,0.46,1.01,"0/27 kare koşu","vuruş 2: 0,66s@boss0,74m/oyuncu3,52m 0,94s@boss0,74m/oyuncu4,12m; kalıp sonu: merkeze 3,70 m, başlangıçtan 1,30 m, kalıp simülasyonundan 0,00 m; toparlanma 0,53 sn (tablo 0,26)"
1-4,"Sabit Vuruş","Asa","yere_cakilan",1,1,1,1,1,1,1,1,1,"yerinde","yerinde",115464.00,"",2.80,1.35,0.41,0.42,0.95,"","vuruş 1: 0,91s@boss2,81m/oyuncu0,00m; kalıp sonu: merkeze 2,80 m, başlangıçtan 0,20 m, kalıp simülasyonundan 0,00 m; toparlanma 0,53 sn (tablo 0,26)"
1-5,"Yayılan Vuruş","Asa","donen_kesik",1,1,1,1,1,1,1,1,1,"yerinde","yerinde",151528.00,"",3.00,1.35,0.55,0.55,1.08,"","vuruş 1: 0,77s@boss3,00m/oyuncu0,00m; kalıp sonu: merkeze 3,00 m, başlangıçtan 0,00 m, kalıp simülasyonundan 0,00 m; toparlanma 0,53 sn (tablo 0,26)"
1-6,"Bağlayıcı Vuruş","Asa","zincirli_firlatma",1,1,1,1,1,1,1,1,1,"ön","ön",143936.00,"boss:Root+Slow, boss hız x0,00",1.50,1.35,0.70,0.70,1.23,"0/12 kare koşu","vuruş 2: 0,72s@boss0,45m/oyuncu3,45m 1,15s@boss0,73m/oyuncu1,28m; kalıp sonu: merkeze 1,50 m, başlangıçtan 1,50 m, kalıp simülasyonundan 0,00 m; toparlanma 0,53 sn (tablo 0,26)"
2-1,"Yoğun Şifa","Asa","tek_dokunus",1,1,1,1,1,1,1,1,1,"geri","geri",0.00,"oyuncu +128000 can",3.00,1.35,0.15,0.16,0.62,"0/9 kare koşu","vuruş 1: 0,57s@boss3,84m/oyuncu0,68m; kalıp sonu: merkeze 3,41 m, başlangıçtan 0,55 m, kalıp simülasyonundan 0,00 m, kalıp hedefi AllyDummy; toparlanma 0,46 sn (tablo 0,26)"
2-2,"Emici Şifa","Asa","uzaktan_emme",1,1,1,1,1,1,1,1,1,"yerinde","yerinde",66496.00,"oyuncu +64000 can, dost +64000 can",2.65,1.35,2.16,2.16,2.62,"","vuruş 4: 1,12s@boss0,19m/oyuncu2,72m 1,62s@boss0,10m/oyuncu2,72m 2,12s@boss0,02m/oyuncu2,72m 2,62s@boss0,07m/oyuncu2,72m; kalıp sonu: merkeze 2,65 m, başlangıçtan 0,35 m, kalıp simülasyonundan 0,00 m; toparlanma 0,46 sn (tablo 0,26)"
2-3,"Sıçrayan Şifa","Asa","dosttan_dosta",1,1,1,1,1,1,1,1,1,"yerinde","yerinde",0.00,"oyuncu +44000 can, dost +80000 can",3.00,1.35,0.53,0.54,1.00,"","vuruş 3: 0,62s@boss6,18m/oyuncu3,68m 0,72s@boss6,98m/oyuncu4,53m 0,90s@boss6,88m/oyuncu4,54m; kalıp sonu: merkeze 3,00 m, başlangıçtan 0,00 m, kalıp simülasyonundan 0,00 m, kalıp hedefi AllyDummy; toparlanma 0,46 sn (tablo 0,26)"
2-4,"Sabit Şifa","Asa","totem_dikme",1,1,1,1,1,1,1,1,1,"yerinde","yerinde",0.00,"oyuncu +128000 can",3.00,1.35,0.30,0.30,0.77,"","vuruş 1: 0,72s@boss3,10m/oyuncu0,00m; kalıp sonu: merkeze 3,11 m, başlangıçtan 0,15 m, kalıp simülasyonundan 0,00 m, kalıp hedefi AllyDummy; toparlanma 0,46 sn (tablo 0,26)"
2-5,"Yayılan Şifa","Asa","genisleyen_halka",1,1,1,1,1,1,1,1,1,"yerinde","yerinde",0.00,"oyuncu +128000 can",3.00,1.35,0.57,0.58,1.03,"","vuruş 1: 0,92s@boss3,00m/oyuncu0,00m; kalıp sonu: merkeze 3,00 m, başlangıçtan 0,00 m, kalıp simülasyonundan 0,00 m; toparlanma 0,46 sn (tablo 0,26)"
2-6,"Bağlayıcı Şifa","Asa","dostu_kanca",1,1,1,1,1,1,1,1,1,"geri","geri",0.00,"oyuncu +128000 can",3.00,1.35,0.52,0.52,0.99,"0/21 kare koşu","vuruş 1: 0,92s@boss5,79m/oyuncu0,40m; kalıp sonu: merkeze 5,92 m, başlangıçtan 3,40 m, kalıp simülasyonundan 0,00 m, kalıp hedefi AllyDummy; toparlanma 0,46 sn (tablo 0,26)"
3-1,"Yoğun Adım","Asa","isinlan_kes",1,1,1,1,1,1,1,1,1,"arka","arka",0.00,"",1.50,1.35,0.47,0.48,1.00,"0/1 kare koşu","hasarsız skill (base_damage 0): etki hareketin kendisi; vuruş 1: 0,95s@boss0,00m/oyuncu1,50m; kalıp sonu: merkeze 1,50 m, başlangıçtan 4,50 m, kalıp simülasyonundan 0,00 m; tek karede 4,50 m sıçrama (sınır 0,62 m @ 16 ms, t=0,90, faz isin, blink tasarım gereği); toparlanma 0,53 sn (tablo 0,26)"
3-2,"Emici Adım","Asa","icinden_emme",1,1,1,1,1,1,1,1,1,"arka","arka",0.00,"",0.09,1.35,0.27,0.28,0.80,"0/16 kare koşu","hasarsız skill (base_damage 0): etki hareketin kendisi; vuruş 1: 0,68s@boss0,98m/oyuncu1,36m; kalıp sonu: merkeze 2,65 m, başlangıçtan 5,51 m, kalıp simülasyonundan 0,14 m, boss 0,14 m kaydı; gövdeye girdi: merkeze 0,09 m (t=0,67, temas 1,35) geçiş tasarım gereği; toparlanma 0,53 sn (tablo 0,26)"
3-3,"Sıçrayan Adım","Asa","sekmeli_ziplama",1,1,1,1,1,1,1,1,1,"arka","arka",0.00,"",1.50,1.35,0.58,0.60,1.12,"0/33 kare koşu","hasarsız skill (base_damage 0): etki hareketin kendisi; vuruş 3: 0,67s@boss2,06m/oyuncu0,00m 0,87s@boss1,50m/oyuncu0,00m 1,07s@boss1,50m/oyuncu0,00m; kalıp sonu: merkeze 1,50 m, başlangıçtan 4,50 m, kalıp simülasyonundan 0,00 m; toparlanma 0,53 sn (tablo 0,26)"
3-4,"Sabit Adım","Asa","geri_sarma",1,1,1,1,1,1,1,1,1,"başlangıç","başlangıç",0.00,"",1.50,1.35,2.65,2.66,3.18,"0/31 kare koşu","hasarsız skill (base_damage 0): etki hareketin kendisi; kalıp sonu: merkeze 3,00 m, başlangıçtan 0,00 m, kalıp simülasyonundan 0,00 m; toparlanma 0,53 sn (tablo 0,26)"
3-5,"Yayılan Adım","Asa","dalis_patlamasi",1,1,1,1,1,1,1,1,1,"ön","ön",0.00,"",1.50,1.35,0.42,0.42,0.95,"0/16 kare koşu","hasarsız skill (base_damage 0): etki hareketin kendisi; vuruş 1: 0,85s@boss1,50m/oyuncu0,00m; kalıp sonu: merkeze 1,50 m, başlangıçtan 1,50 m, kalıp simülasyonundan 0,00 m; toparlanma 0,53 sn (tablo 0,26)"
3-6,"Bağlayıcı Adım","Asa","kanca_cekis",1,1,1,1,1,1,1,1,1,"arka","arka",0.00,"boss:Root+Slow, boss hız x0,00",1.50,1.35,0.73,0.74,1.27,"0/35 kare koşu","vuruş 1: 1,18s@boss0,00m/oyuncu1,50m; kalıp sonu: merkeze 1,50 m, başlangıçtan 4,50 m, kalıp simülasyonundan 0,00 m; toparlanma 0,53 sn (tablo 0,26)"
4-1,"Yoğun Kalkan","Asa","tam_zamanli",1,1,1,1,1,1,1,1,1,"yerinde","yerinde",0.00,"",3.00,1.35,0.50,0.50,1.03,"","hasarsız skill (base_damage 0): etki hareketin kendisi; vuruş 1: 0,88s@boss0,62m/oyuncu2,38m; kalıp sonu: merkeze 3,00 m, başlangıçtan 0,00 m, kalıp simülasyonundan 0,00 m; toparlanma 0,53 sn (tablo 0,26)"
4-2,"Emici Kalkan","Asa","kalkan_calma",1,1,1,1,1,1,1,1,1,"yerinde","yerinde",76000.00,"",1.35,1.35,0.18,0.20,0.72,"","vuruş 1: 0,65s@boss1,24m/oyuncu1,28m; kalıp sonu: merkeze 2,24 m, başlangıçtan 0,00 m, kalıp simülasyonundan 1,50 m, boss 0,76 m kaydı; toparlanma 0,53 sn (tablo 0,26)"
4-3,"Sıçrayan Kalkan","Asa","seken_disk",1,1,1,1,1,1,1,1,1,"yerinde","yerinde",0.00,"",3.00,1.35,0.42,0.42,0.95,"","hasarsız skill (base_damage 0): etki hareketin kendisi; vuruş 2: 0,70s@boss0,30m/oyuncu3,30m 0,83s@boss3,04m/oyuncu1,43m; kalıp sonu: merkeze 3,00 m, başlangıçtan 0,00 m, kalıp simülasyonundan 0,00 m; toparlanma 0,53 sn (tablo 0,26)"
5-1,"Yoğun Patlama","Asa","saplanan_fitil",1,1,1,1,1,1,1,1,1,"geri","geri",139488.00,"",2.32,1.35,1.61,1.62,2.07,"0/23 kare koşu","vuruş 2: 0,58s@boss0,85m/oyuncu1,53m 2,07s@boss0,85m/oyuncu2,95m; kalıp sonu: merkeze 3,80 m, başlangıçtan 0,80 m, kalıp simülasyonundan 0,00 m; toparlanma 0,46 sn (tablo 0,26)"
5-2,"Emici Patlama","Asa","ceken_girdap",1,1,1,1,1,1,1,1,1,"yerinde","yerinde",94064.00,"oyuncu +28218 can",1.35,1.35,1.30,1.32,1.77,"","vuruş 3: 1,13s@boss0,00m/oyuncu1,35m 1,63s@boss0,00m/oyuncu1,35m 1,70s@boss0,00m/oyuncu1,35m; kalıp sonu: merkeze 1,35 m, başlangıçtan 0,00 m, kalıp simülasyonundan 0,00 m, boss 1,65 m kaydı; toparlanma 0,46 sn (tablo 0,26)"
5-3,"Sıçrayan Patlama","Asa","seken_bomba",1,1,1,1,1,1,1,1,1,"yerinde","yerinde",101348.00,"",3.00,1.35,0.57,0.58,1.03,"","vuruş 3: 0,62s@boss0,40m/oyuncu3,40m 0,73s@boss0,00m/oyuncu3,00m 0,93s@boss0,35m/oyuncu3,02m; kalıp sonu: merkeze 3,00 m, başlangıçtan 0,00 m, kalıp simülasyonundan 0,00 m; toparlanma 0,46 sn (tablo 0,26)"
6-1,"Yoğun Bağ","Asa","sinir_noktasi",1,1,1,1,1,1,1,1,1,"ön","ön",32052.00,"boss:Stun, boss hız x0,00",1.50,1.35,0.33,0.34,0.86,"0/14 kare koşu","vuruş 1: 0,83s@boss0,91m/oyuncu0,59m; kalıp sonu: merkeze 1,50 m, başlangıçtan 1,50 m, kalıp simülasyonundan 0,00 m; toparlanma 0,53 sn (tablo 0,26)"
6-2,"Emici Bağ","Asa","bossu_cek",1,1,1,1,1,1,1,1,1,"geri","geri",21008.00,"boss:Root, boss hız x0,00, oyuncu +6302 can",1.54,1.35,0.43,0.44,0.97,"0/17 kare koşu","vuruş 1: 0,82s@boss2,44m/oyuncu1,36m; kalıp sonu: merkeze 3,68 m, başlangıçtan 1,60 m, kalıp simülasyonundan 0,00 m, boss 0,92 m kaydı; toparlanma 0,53 sn (tablo 0,26)"
6-3,"Sıçrayan Bağ","Asa","basip_sekme",1,1,1,1,1,1,1,1,1,"başlangıç","başlangıç",22788.00,"boss:Root, boss hız x0,00",1.52,1.35,0.52,0.52,1.05,"0/31 kare koşu","vuruş 1: 0,80s@boss1,58m/oyuncu0,00m; kalıp sonu: merkeze 3,20 m, başlangıçtan 0,20 m, kalıp simülasyonundan 0,00 m; toparlanma 0,53 sn (tablo 0,26)"
1-7,"Bulandırıcı Vuruş","Asa","dumandan_cikis",1,1,1,1,1,1,1,1,1,"ön","ön",117328.00,"boss:Blind",1.50,1.35,0.46,0.48,1.00,"0/12 kare koşu","vuruş 1: 0,92s@boss0,72m/oyuncu1,36m; kalıp sonu: merkeze 1,50 m, başlangıçtan 1,50 m, kalıp simülasyonundan 0,00 m; toparlanma 0,53 sn (tablo 0,26)"
1-8,"Yükselen Vuruş","Asa","havaya_kaldirma",1,1,1,1,1,1,1,1,1,"ön","ön",132780.00,"boss:Stun, boss hız x0,00",1.90,1.35,0.33,0.34,0.87,"0/20 kare koşu","vuruş 1: 0,67s@boss1,24m/oyuncu1,28m; kalıp sonu: merkeze 1,90 m, başlangıçtan 1,10 m, kalıp simülasyonundan 0,00 m; toparlanma 0,53 sn (tablo 0,26)"
1-9,"Odaklı Vuruş","Asa","isarete_vur",1,1,1,1,1,1,1,1,1,"ön","ön",189864.00,"",1.65,1.35,0.37,0.38,0.90,"0/9 kare koşu","vuruş 1: 0,84s@boss0,89m/oyuncu1,28m; kalıp sonu: merkeze 1,65 m, başlangıçtan 1,35 m, kalıp simülasyonundan 0,00 m; toparlanma 0,53 sn (tablo 0,26)"
2-7,"Bulandırıcı Şifa","Asa","sis_ortusu",1,1,1,1,1,1,1,1,1,"yerinde","yerinde",0.00,"oyuncu +128000 can",3.00,1.35,0.28,0.30,0.75,"","vuruş 1: 0,63s@boss0,00m/oyuncu3,00m; kalıp sonu: merkeze 3,00 m, başlangıçtan 0,00 m, kalıp simülasyonundan 0,00 m; toparlanma 0,46 sn (tablo 0,26)"
2-8,"Yükselen Şifa","Asa","yerden_buyuyen",1,1,1,1,1,1,1,1,1,"yerinde","yerinde",0.00,"oyuncu +128000 can",3.00,1.35,0.42,0.42,0.88,"","vuruş 1: 0,75s@boss6,98m/oyuncu4,35m; kalıp sonu: merkeze 3,18 m, başlangıçtan 0,25 m, kalıp simülasyonundan 0,00 m, kalıp hedefi AllyDummy; toparlanma 0,46 sn (tablo 0,26)"
2-9,"Odaklı Şifa","Asa","koruyucu_isaret",1,1,1,1,1,1,1,1,1,"geri","geri",0.00,"oyuncu +128000 can",3.00,1.35,0.18,0.20,0.65,"0/11 kare koşu","vuruş 1: 0,60s@boss3,73m/oyuncu0,35m; kalıp sonu: merkeze 3,61 m, başlangıçtan 0,80 m, kalıp simülasyonundan 0,00 m, kalıp hedefi AllyDummy; toparlanma 0,46 sn (tablo 0,26)"
3-7,"Bulandırıcı Adım","Asa","duman_kaybolma",1,1,1,1,1,1,1,1,1,"ön","ön",0.00,"boss:Blind, oyuncu:Stealth",1.50,1.35,0.58,0.59,1.12,"0/8 kare koşu","vuruş 1: 0,67s@boss1,50m/oyuncu0,00m; kalıp sonu: merkeze 1,50 m, başlangıçtan 1,50 m, kalıp simülasyonundan 0,00 m; toparlanma 0,53 sn (tablo 0,26)"
3-8,"Yükselen Adım","Asa","sicrayip_cakilma",1,1,1,1,1,1,1,1,1,"ön","ön",0.00,"oyuncu:Haste, oyuncu hız x1,10",1.50,1.35,0.80,0.82,1.34,"0/21 kare koşu","vuruş 1: 1,29s@boss1,50m/oyuncu0,00m; kalıp sonu: merkeze 1,50 m, başlangıçtan 1,50 m, kalıp simülasyonundan 0,00 m; toparlanma 0,53 sn (tablo 0,26)"
3-9,"Odaklı Adım","Asa","isinlan_kes",1,1,1,1,1,1,1,1,1,"arka","arka",0.00,"",1.50,1.35,0.47,0.48,1.00,"0/1 kare koşu","hasarsız skill (base_damage 0): etki hareketin kendisi; vuruş 1: 0,95s@boss0,00m/oyuncu1,50m; kalıp sonu: merkeze 1,50 m, başlangıçtan 4,50 m, kalıp simülasyonundan 0,00 m; tek karede 4,50 m sıçrama (sınır 0,62 m @ 17 ms, t=0,90, faz isin, blink tasarım gereği); toparlanma 0,53 sn (tablo 0,26)"
7-1,"Yoğun Zafiyet","Asa","diken_firlatma",1,1,1,1,1,1,1,1,1,"yerinde","yerinde",19332.00,"",3.00,1.35,0.40,0.40,0.94,"","vuruş 1: 0,89s@boss0,30m/oyuncu3,30m; kalıp sonu: merkeze 3,00 m, başlangıçtan 0,00 m, kalıp simülasyonundan 0,00 m; toparlanma 0,53 sn (tablo 0,26)"
7-2,"Emici Zafiyet","Asa","sokup_cekme",1,1,1,1,1,1,1,1,1,"geri","geri",15024.00,"oyuncu +4507 can",3.00,1.35,0.43,0.44,0.97,"0/15 kare koşu","vuruş 2: 0,67s@boss0,35m/oyuncu3,35m 0,84s@boss2,49m/oyuncu1,19m; kalıp sonu: merkeze 4,30 m, başlangıçtan 1,30 m, kalıp simülasyonundan 0,00 m; toparlanma 0,53 sn (tablo 0,26)"
7-3,"Sıçrayan Zafiyet","Asa","seken_yaratik",1,1,1,1,1,1,1,1,1,"yerinde","yerinde",16184.00,"",3.00,1.35,0.63,0.64,1.17,"","vuruş 3: 0,77s@boss0,00m/oyuncu3,00m 0,92s@boss0,35m/oyuncu3,02m 1,09s@boss0,35m/oyuncu3,02m; kalıp sonu: merkeze 3,00 m, başlangıçtan 0,00 m, kalıp simülasyonundan 0,00 m; toparlanma 0,53 sn (tablo 0,26)"
8-1,"Yoğun Yükseliş","Asa","kuculten_kapi",1,1,1,1,1,1,1,1,1,"yerinde","yerinde",0.00,"",3.00,1.35,0.27,0.28,0.73,"","hasarsız skill (base_damage 0): etki hareketin kendisi; vuruş 1: 0,63s@boss0,62m/oyuncu2,38m; kalıp sonu: merkeze 3,00 m, başlangıçtan 0,00 m, kalıp simülasyonundan 0,00 m; toparlanma 0,46 sn (tablo 0,26)"
8-2,"Emici Yükseliş","Asa","kan_muhru",1,1,1,1,1,1,1,1,1,"yerinde","yerinde",0.00,"",3.00,1.35,0.32,0.32,0.79,"","hasarsız skill (base_damage 0): etki hareketin kendisi; vuruş 1: 0,65s@boss3,00m/oyuncu0,00m; kalıp sonu: merkeze 3,00 m, başlangıçtan 0,00 m, kalıp simülasyonundan 0,00 m; toparlanma 0,46 sn (tablo 0,26)"
8-3,"Sıçrayan Yükseliş","Asa","pas_verme",1,1,1,1,1,1,1,1,1,"yerinde","yerinde",0.00,"",3.00,1.35,0.23,0.24,0.70,"","hasarsız skill (base_damage 0): etki hareketin kendisi; vuruş 1: 0,67s@boss6,06m/oyuncu3,55m; kalıp sonu: merkeze 3,00 m, başlangıçtan 0,00 m, kalıp simülasyonundan 0,00 m, kalıp hedefi AllyDummy; toparlanma 0,46 sn (tablo 0,26)"
9-1,"Yoğun Arınma","Asa","tek_dokunus",1,1,1,1,1,1,1,1,1,"geri","geri",0.00,"oyuncu +24000 can",3.00,1.35,0.15,0.16,0.69,"3/9 kare koşu, ayak/gövde hız oranı 1,00","vuruş 1: 0,64s@boss3,84m/oyuncu0,68m; kalıp sonu: merkeze 3,41 m, başlangıçtan 0,55 m, kalıp simülasyonundan 0,00 m, kalıp hedefi AllyDummy; toparlanma 0,53 sn (tablo 0,26)"
9-2,"Emici Arınma","Asa","cekip_firlat",1,1,1,1,1,1,1,1,1,"yerinde","yerinde",0.00,"oyuncu +8000 can, dost +16000 can",3.00,1.35,0.50,0.50,1.03,"","vuruş 2: 0,70s@boss2,65m/oyuncu0,35m 1,00s@boss0,30m/oyuncu3,30m; kalıp sonu: merkeze 3,00 m, başlangıçtan 0,00 m, kalıp simülasyonundan 0,00 m; toparlanma 0,53 sn (tablo 0,26)"
9-3,"Sıçrayan Arınma","Asa","dosttan_dosta",1,1,1,1,1,1,1,1,1,"yerinde","yerinde",0.00,"oyuncu +16000 can, dost +8000 can",3.00,1.35,0.53,0.54,1.07,"","vuruş 3: 0,69s@boss6,18m/oyuncu3,68m 0,79s@boss6,98m/oyuncu4,53m 0,99s@boss6,88m/oyuncu4,54m; kalıp sonu: merkeze 3,00 m, başlangıçtan 0,00 m, kalıp simülasyonundan 0,00 m, kalıp hedefi AllyDummy; toparlanma 0,53 sn (tablo 0,26)"
1-10,"Aynalı Vuruş","Asa","sirtta_kapi",1,1,1,1,1,1,1,1,1,"ön","ön",113500.00,"",1.80,1.35,0.32,0.32,0.85,"0/11 kare koşu","vuruş 2: 0,65s@boss0,92m/oyuncu1,19m 0,77s@boss0,55m/oyuncu2,35m; kalıp sonu: merkeze 1,80 m, başlangıçtan 1,20 m, kalıp simülasyonundan 0,00 m; toparlanma 0,53 sn (tablo 0,26)"
1-11,"Kopya Vuruş","Asa","golge_yankisi",1,1,1,1,1,1,1,1,1,"ön","ön",114912.00,"",2.10,1.35,0.48,0.50,1.02,"0/10 kare koşu","vuruş 2: 0,63s@boss1,20m/oyuncu1,15m 0,95s@boss1,95m/oyuncu1,39m; kalıp sonu: merkeze 2,10 m, başlangıçtan 0,90 m, kalıp simülasyonundan 0,00 m; toparlanma 0,53 sn (tablo 0,26)"
1-12,"Akan Vuruş","Asa","basili_seri",1,1,1,1,1,1,1,1,1,"ön","ön",81548.00,"",1.60,1.35,2.99,3.00,3.52,"","vuruş 6: 0,77s@boss1,74m/oyuncu1,15m 1,27s@boss1,50m/oyuncu1,15m 1,77s@boss1,27m/oyuncu1,15m 2,27s@boss1,03m/oyuncu1,15m 2,77s@boss0,80m/oyuncu1,15m 3,27s@boss0,57m/oyuncu1,15m; kalıp sonu: merkeze 1,60 m, başlangıçtan 1,40 m, kalıp simülasyonundan 0,00 m; toparlanma 0,53 sn (tablo 0,26)"
2-10,"Aynalı Şifa","Asa","ters_es",1,1,1,1,1,1,1,1,1,"yerinde","yerinde",21000.00,"oyuncu +140000 can",3.00,1.35,0.43,0.44,0.90,"","vuruş 2: 0,61s@boss2,60m/oyuncu0,40m 0,80s@boss0,00m/oyuncu3,00m; kalıp sonu: merkeze 3,00 m, başlangıçtan 0,00 m, kalıp simülasyonundan 0,00 m; toparlanma 0,46 sn (tablo 0,26)"
2-11,"Kopya Şifa","Asa","golge_ulak",1,1,1,1,1,1,1,1,1,"yan","yan",0.00,"oyuncu +76000 can, dost +52000 can",2.43,1.35,1.35,1.36,1.82,"0/9 kare koşu","vuruş 2: 0,58s@boss3,26m/oyuncu0,35m 1,73s@boss2,85m/oyuncu1,46m; kalıp sonu: merkeze 2,43 m, başlangıçtan 1,41 m, kalıp simülasyonundan 0,00 m, kalıp hedefi AllyDummy; toparlanma 0,46 sn (tablo 0,26)"
2-12,"Akan Şifa","Asa","basili_isik",1,1,1,1,1,1,1,1,1,"geri","geri",0.00,"oyuncu +60000 can, dost +60000 can",3.00,1.35,2.98,3.00,3.45,"","vuruş 6: 0,72s@boss5,38m/oyuncu2,72m 1,20s@boss5,56m/oyuncu2,72m 1,70s@boss5,75m/oyuncu2,72m 2,22s@boss5,94m/oyuncu2,72m 2,70s@boss6,12m/oyuncu2,72m 3,20s@boss6,31m/oyuncu2,72m; kalıp sonu: merkeze 3,94 m, başlangıçtan 1,20 m, kalıp simülasyonundan 0,00 m, kalıp hedefi AllyDummy; toparlanma 0,46 sn (tablo 0,26)"
3-10,"Aynalı Adım","Asa","iki_kapi",1,1,1,1,1,1,1,1,1,"ön","ön",0.00,"",1.50,1.35,0.53,0.54,1.07,"0/16 kare koşu","hasarsız skill (base_damage 0): etki hareketin kendisi; vuruş 2: 0,58s@boss3,00m/oyuncu0,00m 0,98s@boss1,50m/oyuncu0,00m; kalıp sonu: merkeze 1,50 m, başlangıçtan 1,50 m, kalıp simülasyonundan 0,00 m; toparlanma 0,53 sn (tablo 0,26)"
3-11,"Kopya Adım","Asa","yem_kac",1,1,1,1,1,1,1,1,1,"geri","geri",0.00,"",3.00,1.35,0.38,0.40,0.92,"0/16 kare koşu","hasarsız skill (base_damage 0): etki hareketin kendisi; vuruş 1: 0,58s@boss3,00m/oyuncu0,00m; kalıp sonu: merkeze 5,80 m, başlangıçtan 2,80 m, kalıp simülasyonundan 0,00 m; toparlanma 0,53 sn (tablo 0,26)"
3-12,"Akan Adım","Asa","suzulme",1,1,1,1,1,1,1,1,1,"ön","ön",0.00,"",1.90,1.35,3.00,3.00,3.53,"","hasarsız skill (base_damage 0): etki hareketin kendisi; kalıp sonu: merkeze 1,90 m, başlangıçtan 1,10 m, kalıp simülasyonundan 0,00 m; toparlanma 0,53 sn (tablo 0,26)"
10-1,"Yoğun Yansı","Asa","tam_zamanli",1,1,1,1,1,1,1,1,1,"yerinde","yerinde",0.00,"",3.00,1.35,0.50,0.50,1.03,"","hasarsız skill (base_damage 0): etki hareketin kendisi; vuruş 1: 0,88s@boss0,62m/oyuncu2,38m; kalıp sonu: merkeze 3,00 m, başlangıçtan 0,00 m, kalıp simülasyonundan 0,00 m; toparlanma 0,53 sn (tablo 0,26)"
10-2,"Emici Yansı","Asa","yutan_girdap",1,1,1,1,1,1,1,1,1,"yerinde","yerinde",0.00,"",1.35,1.35,3.15,3.18,3.71,"","hasarsız skill (base_damage 0): etki hareketin kendisi; vuruş 4: 1,46s@boss1,03m/oyuncu2,38m 2,21s@boss1,03m/oyuncu2,38m 2,96s@boss1,03m/oyuncu2,38m 3,71s@boss1,03m/oyuncu2,38m; kalıp sonu: merkeze 1,35 m, başlangıçtan 0,00 m, kalıp simülasyonundan 0,00 m, boss 1,65 m kaydı; toparlanma 0,53 sn (tablo 0,26)"
10-3,"Sıçrayan Yansı","Asa","seken_geri",1,1,1,1,1,1,1,1,1,"ön","ön",0.00,"",1.90,1.35,0.35,0.36,0.88,"0/10 kare koşu","hasarsız skill (base_damage 0): etki hareketin kendisi; vuruş 2: 0,61s@boss0,78m/oyuncu1,53m 0,76s@boss0,00m/oyuncu1,90m; kalıp sonu: merkeze 1,90 m, başlangıçtan 1,10 m, kalıp simülasyonundan 0,00 m; toparlanma 0,53 sn (tablo 0,26)"
10-10,"Aynalı Yansı","Asa","iki_kapi",1,1,1,1,1,1,1,1,1,"ön","ön",0.00,"",1.50,1.35,0.54,0.54,1.07,"0/16 kare koşu","hasarsız skill (base_damage 0): etki hareketin kendisi; vuruş 2: 0,58s@boss3,00m/oyuncu0,00m 0,97s@boss1,50m/oyuncu0,00m; kalıp sonu: merkeze 1,50 m, başlangıçtan 1,50 m, kalıp simülasyonundan 0,00 m; toparlanma 0,53 sn (tablo 0,26)"
10-11,"Kopya Yansı","Asa","yem_kopya",1,1,1,1,1,1,1,1,1,"yerinde","yerinde",0.00,"",3.00,1.35,0.23,0.24,0.77,"","hasarsız skill (base_damage 0): etki hareketin kendisi; vuruş 1: 0,65s@boss2,98m/oyuncu1,29m; kalıp sonu: merkeze 3,00 m, başlangıçtan 0,00 m, kalıp simülasyonundan 0,00 m; toparlanma 0,53 sn (tablo 0,26)"
10-12,"Akan Yansı","Asa","basili_siper",1,1,1,1,1,1,1,1,1,"ön","ön",0.00,"",2.20,1.35,2.99,3.00,3.52,"","hasarsız skill (base_damage 0): etki hareketin kendisi; vuruş 3: 1,28s@boss0,42m/oyuncu2,38m 2,28s@boss0,15m/oyuncu2,38m 3,27s@boss0,11m/oyuncu2,38m; kalıp sonu: merkeze 2,20 m, başlangıçtan 0,80 m, kalıp simülasyonundan 0,00 m; toparlanma 0,53 sn (tablo 0,26)"
11-1,"Yoğun Çağrı","Asa","sirt_saplama",1,1,1,1,1,1,1,1,1,"yerinde","yerinde",0.00,"",3.00,1.35,0.32,0.32,0.85,"","hasarsız skill (base_damage 0): etki hareketin kendisi; vuruş 1: 0,78s@boss0,00m/oyuncu3,00m; kalıp sonu: merkeze 3,00 m, başlangıçtan 0,00 m, kalıp simülasyonundan 0,00 m; toparlanma 0,53 sn (tablo 0,26)"
11-2,"Emici Çağrı","Asa","yapisan",1,1,1,1,1,1,1,1,1,"yerinde","yerinde",0.00,"",1.35,1.35,5.17,5.18,5.70,"","hasarsız skill (base_damage 0): etki hareketin kendisi; vuruş 6: 0,68s@boss0,20m/oyuncu2,58m 1,69s@boss0,00m/oyuncu1,35m 2,69s@boss0,00m/oyuncu1,35m 3,69s@boss0,00m/oyuncu1,35m 4,70s@boss0,00m/oyuncu1,35m 5,70s@boss0,00m/oyuncu1,35m; kalıp sonu: merkeze 1,35 m, başlangıçtan 0,00 m, kalıp simülasyonundan 0,00 m, boss 1,65 m kaydı; toparlanma 0,53 sn (tablo 0,26)"
11-3,"Sıçrayan Çağrı","Asa","seken_yaratik",1,1,1,1,1,1,1,1,1,"yerinde","yerinde",0.00,"",3.00,1.35,0.63,0.64,1.17,"","hasarsız skill (base_damage 0): etki hareketin kendisi; vuruş 3: 0,77s@boss0,00m/oyuncu3,00m 0,92s@boss0,35m/oyuncu3,02m 1,08s@boss0,35m/oyuncu3,02m; kalıp sonu: merkeze 3,00 m, başlangıçtan 0,00 m, kalıp simülasyonundan 0,00 m; toparlanma 0,53 sn (tablo 0,26)"
11-10,"Aynalı Çağrı","Asa","takim_kapisi",1,1,1,1,1,1,1,1,1,"yerinde","yerinde",0.00,"",3.00,1.35,1.23,1.24,1.77,"","hasarsız skill (base_damage 0): etki hareketin kendisi; vuruş 1: 0,65s@boss3,00m/oyuncu0,00m; kalıp sonu: merkeze 3,00 m, başlangıçtan 0,00 m, kalıp simülasyonundan 0,00 m; toparlanma 0,53 sn (tablo 0,26)"
11-11,"Kopya Çağrı","Asa","ayna_klonlar",1,1,1,1,1,1,1,1,1,"yerinde","yerinde",0.00,"",3.00,1.35,0.49,0.50,1.03,"","hasarsız skill (base_damage 0): etki hareketin kendisi; vuruş 2: 0,77s@boss2,93m/oyuncu1,41m 0,93s@boss2,93m/oyuncu1,41m; kalıp sonu: merkeze 3,00 m, başlangıçtan 0,00 m, kalıp simülasyonundan 0,00 m; toparlanma 0,53 sn (tablo 0,26)"
11-12,"Akan Çağrı","Asa","kapidan_akin",1,1,1,1,1,1,1,1,1,"yerinde","yerinde",0.00,"",3.00,1.35,4.19,4.20,4.72,"","hasarsız skill (base_damage 0): etki hareketin kendisi; vuruş 6: 0,73s@boss0,85m/oyuncu2,15m 1,53s@boss0,00m/oyuncu3,00m 2,33s@boss0,00m/oyuncu3,00m 3,12s@boss0,00m/oyuncu3,00m 3,92s@boss0,00m/oyuncu3,00m 4,72s@boss0,00m/oyuncu3,00m; kalıp sonu: merkeze 3,00 m, başlangıçtan 0,00 m, kalıp simülasyonundan 0,00 m; toparlanma 0,53 sn (tablo 0,26)"
12-1,"Yoğun Zaman","Asa","zamanli_donma",1,1,1,1,1,1,1,1,1,"ön","ön",0.00,"boss:Slow, boss hız x0,70",1.50,1.35,0.50,0.50,0.97,"0/10 kare koşu","vuruş 1: 0,90s@boss0,69m/oyuncu1,28m; kalıp sonu: merkeze 1,50 m, başlangıçtan 1,50 m, kalıp simülasyonundan 0,00 m; toparlanma 0,46 sn (tablo 0,26)"
12-2,"Emici Zaman","Asa","ceken_girdap",1,1,1,1,1,1,1,1,1,"yerinde","yerinde",0.00,"boss:Slow, oyuncu:Haste, boss hız x0,70, oyuncu hız x1,30",3.00,1.35,1.32,1.32,1.78,"","vuruş 3: 1,13s@boss0,00m/oyuncu3,00m 1,63s@boss0,00m/oyuncu3,00m 1,70s@boss0,00m/oyuncu3,00m; kalıp sonu: merkeze 3,00 m, başlangıçtan 0,00 m, kalıp simülasyonundan 0,00 m; toparlanma 0,46 sn (tablo 0,26)"
12-3,"Sıçrayan Zaman","Asa","geri_donen_kure",1,1,1,1,1,1,1,1,1,"yerinde","yerinde",0.00,"boss:Slow, boss hız x0,70",3.00,1.35,0.49,0.50,0.95,"","vuruş 2: 0,63s@boss0,30m/oyuncu3,30m 0,87s@boss0,96m/oyuncu2,04m; kalıp sonu: merkeze 3,00 m, başlangıçtan 0,00 m, kalıp simülasyonundan 0,00 m; toparlanma 0,46 sn (tablo 0,26)"
12-10,"Aynalı Zaman","Asa","boss_geri",1,1,1,1,1,1,1,1,1,"yerinde","yerinde",0.00,"boss:Slow, boss hız x0,70",3.00,1.35,0.45,0.46,0.92,"","vuruş 1: 0,65s@boss0,30m/oyuncu3,30m; kalıp sonu: merkeze 3,00 m, başlangıçtan 0,00 m, kalıp simülasyonundan 0,00 m; toparlanma 0,46 sn (tablo 0,26)"
12-11,"Kopya Zaman","Asa","geri_sarma",1,1,1,1,1,1,1,1,1,"başlangıç","başlangıç",0.00,"",1.50,1.35,2.66,2.66,3.12,"1/32 kare koşu, ayak/gövde hız oranı 1,00","hasarsız skill (base_damage 0): etki hareketin kendisi; kalıp sonu: merkeze 3,00 m, başlangıçtan 0,00 m, kalıp simülasyonundan 0,00 m; toparlanma 0,46 sn (tablo 0,26)"
12-12,"Akan Zaman","Asa","yuruyen_balon",1,1,1,1,1,1,1,1,1,"ön","ön",0.00,"boss:Slow, boss hız x0,70",1.80,1.35,4.20,4.20,4.66,"","vuruş 5: 0,55s@boss3,00m/oyuncu0,00m 1,66s@boss2,70m/oyuncu0,00m 2,66s@boss2,40m/oyuncu0,00m 3,66s@boss2,10m/oyuncu0,00m 4,66s@boss1,80m/oyuncu0,00m; kalıp sonu: merkeze 1,80 m, başlangıçtan 1,20 m, kalıp simülasyonundan 0,00 m; toparlanma 0,46 sn (tablo 0,26)"
4-4,"Sabit Kalkan","Asa","duvar_dikme",1,1,1,1,1,1,1,1,1,"yerinde","yerinde",0.00,"",3.00,1.35,0.32,0.32,0.85,"","hasarsız skill (base_damage 0): etki hareketin kendisi; vuruş 1: 0,73s@boss0,62m/oyuncu2,38m; kalıp sonu: merkeze 3,00 m, başlangıçtan 0,00 m, kalıp simülasyonundan 0,00 m; toparlanma 0,53 sn (tablo 0,26)"
4-5,"Yayılan Kalkan","Asa","onde_yelpaze",1,1,1,1,1,1,1,1,1,"yerinde","yerinde",0.00,"",3.00,1.35,0.62,0.63,1.15,"","hasarsız skill (base_damage 0): etki hareketin kendisi; vuruş 1: 0,97s@boss1,88m/oyuncu1,12m; kalıp sonu: merkeze 3,00 m, başlangıçtan 0,00 m, kalıp simülasyonundan 0,00 m; toparlanma 0,53 sn (tablo 0,26)"
4-6,"Bağlayıcı Kalkan","Asa","zincirli_firlatma",1,1,1,1,1,1,1,1,1,"ön","ön",0.00,"",1.50,1.35,0.68,0.70,1.22,"0/11 kare koşu","hasarsız skill (base_damage 0): etki hareketin kendisi; vuruş 2: 0,72s@boss0,45m/oyuncu3,45m 1,15s@boss0,73m/oyuncu1,28m; kalıp sonu: merkeze 1,50 m, başlangıçtan 1,50 m, kalıp simülasyonundan 0,00 m; toparlanma 0,53 sn (tablo 0,26)"
4-7,"Bulandırıcı Kalkan","Asa","duman_duvari",1,1,1,1,1,1,1,1,1,"yerinde","yerinde",0.00,"",2.80,1.35,0.52,0.52,1.05,"","hasarsız skill (base_damage 0): etki hareketin kendisi; vuruş 1: 0,73s@boss0,42m/oyuncu2,38m; kalıp sonu: merkeze 2,80 m, başlangıçtan 0,20 m, kalıp simülasyonundan 0,00 m; toparlanma 0,53 sn (tablo 0,26)"
4-8,"Yükselen Kalkan","Asa","yerden_buyuyen",1,1,1,1,1,1,1,1,1,"yerinde","yerinde",0.00,"",3.00,1.35,0.42,0.42,0.95,"","hasarsız skill (base_damage 0): etki hareketin kendisi; vuruş 1: 0,82s@boss6,98m/oyuncu4,35m; kalıp sonu: merkeze 3,18 m, başlangıçtan 0,25 m, kalıp simülasyonundan 0,00 m, kalıp hedefi AllyDummy; toparlanma 0,53 sn (tablo 0,26)"
4-9,"Odaklı Kalkan","Asa","koruyucu_isaret",1,1,1,1,1,1,1,1,1,"geri","geri",0.00,"",3.00,1.35,0.18,0.20,0.72,"0/11 kare koşu","hasarsız skill (base_damage 0): etki hareketin kendisi; vuruş 1: 0,67s@boss3,73m/oyuncu0,35m; kalıp sonu: merkeze 3,61 m, başlangıçtan 0,80 m, kalıp simülasyonundan 0,00 m, kalıp hedefi AllyDummy; toparlanma 0,53 sn (tablo 0,26)"
5-4,"Sabit Patlama","Asa","mayin_cakma",1,1,1,1,1,1,1,1,1,"yerinde","yerinde",99224.00,"",3.00,1.35,0.42,0.42,0.88,"","vuruş 2: 0,68s@boss0,85m/oyuncu2,15m 0,75s@boss0,85m/oyuncu2,15m; kalıp sonu: merkeze 3,00 m, başlangıçtan 0,00 m, kalıp simülasyonundan 0,00 m; toparlanma 0,46 sn (tablo 0,26)"
5-5,"Yayılan Patlama","Asa","yer_yarigi",1,1,1,1,1,1,1,1,1,"ön","ön",100264.00,"",1.50,1.35,0.55,0.56,1.02,"0/26 kare koşu","vuruş 3: 0,73s@boss0,35m/oyuncu1,28m 0,85s@boss0,14m/oyuncu1,36m 0,98s@boss0,23m/oyuncu1,28m; kalıp sonu: merkeze 1,50 m, başlangıçtan 2,07 m, kalıp simülasyonundan 0,00 m; toparlanma 0,46 sn (tablo 0,26)"
5-6,"Bağlayıcı Patlama","Asa","gerilip_kopan",1,1,1,1,1,1,1,1,1,"geri","geri",100976.00,"boss:Root+Slow, boss hız x0,00",1.35,1.35,0.57,0.58,1.03,"0/26 kare koşu","vuruş 2: 0,62s@boss0,85m/oyuncu0,89m 0,97s@boss0,85m/oyuncu2,65m; kalıp sonu: merkeze 3,14 m, başlangıçtan 0,50 m, kalıp simülasyonundan 0,00 m, boss 0,36 m kaydı; toparlanma 0,46 sn (tablo 0,26)"
5-7,"Bulandırıcı Patlama","Asa","sis_bombasi",1,1,1,1,1,1,1,1,1,"yerinde","yerinde",155900.00,"boss:Blind, oyuncu:Stealth",3.00,1.35,0.21,0.22,0.68,"","vuruş 1: 0,65s@boss0,35m/oyuncu3,35m; kalıp sonu: merkeze 3,00 m, başlangıçtan 0,00 m, kalıp simülasyonundan 0,00 m; toparlanma 0,46 sn (tablo 0,26)"
5-8,"Yükselen Patlama","Asa","yerden_fiskirma",1,1,1,1,1,1,1,1,1,"ön","ön",106492.00,"boss:Stun, boss hız x0,00",2.60,1.35,0.43,0.44,0.90,"","vuruş 1: 0,77s@boss0,00m/oyuncu2,78m; kalıp sonu: merkeze 2,60 m, başlangıçtan 0,40 m, kalıp simülasyonundan 0,00 m; toparlanma 0,46 sn (tablo 0,26)"
5-9,"Odaklı Patlama","Asa","gudumlu_top",1,1,1,1,1,1,1,1,1,"yerinde","yerinde",168276.00,"",3.00,1.35,0.55,0.56,1.02,"","vuruş 1: 0,93s@boss0,00m/oyuncu3,00m; kalıp sonu: merkeze 3,00 m, başlangıçtan 0,00 m, kalıp simülasyonundan 0,00 m; toparlanma 0,46 sn (tablo 0,26)"
6-4,"Sabit Bağ","Asa","karsilikli_kilit",1,1,1,1,1,1,1,1,1,"ön","ön",23480.00,"boss:Root, boss hız x0,00",1.50,1.35,3.24,3.24,3.77,"0/15 kare koşu","vuruş 1: 1,00s@boss0,40m/oyuncu1,11m; kalıp sonu: merkeze 1,50 m, başlangıçtan 1,50 m, kalıp simülasyonundan 0,00 m; toparlanma 0,53 sn (tablo 0,26)"
6-5,"Yayılan Bağ","Asa","yer_tuzagi",1,1,1,1,1,1,1,1,1,"yerinde","yerinde",20532.00,"boss:Root, boss hız x0,00",3.00,1.35,0.27,0.28,0.80,"","vuruş 1: 0,70s@boss0,62m/oyuncu2,38m; kalıp sonu: merkeze 3,00 m, başlangıçtan 0,00 m, kalıp simülasyonundan 0,00 m; toparlanma 0,53 sn (tablo 0,26)"
6-6,"Bağlayıcı Bağ","Asa","iki_uclu",1,1,1,1,1,1,1,1,1,"yerinde","yerinde",22528.00,"boss:Root+Slow, boss hız x0,00",3.00,1.35,0.64,0.65,1.17,"","vuruş 1: 0,70s@boss0,28m/oyuncu3,28m; kalıp sonu: merkeze 3,00 m, başlangıçtan 0,00 m, kalıp simülasyonundan 0,00 m; toparlanma 0,53 sn (tablo 0,26)"
6-7,"Bulandırıcı Bağ","Asa","goz_bagi",1,1,1,1,1,1,1,1,1,"yerinde","yerinde",23204.00,"boss:Blind+Root, boss hız x0,00",3.00,1.35,0.19,0.20,0.72,"","vuruş 1: 0,72s@boss0,28m/oyuncu3,28m; kalıp sonu: merkeze 3,00 m, başlangıçtan 0,00 m, kalıp simülasyonundan 0,00 m; toparlanma 0,53 sn (tablo 0,26)"
6-8,"Yükselen Bağ","Asa","havada_asma",1,1,1,1,1,1,1,1,1,"ön","ön",26268.00,"boss:Root, boss hız x0,00",1.50,1.35,1.13,1.14,1.66,"0/21 kare koşu","vuruş 1: 1,03s@boss1,50m/oyuncu0,00m; kalıp sonu: merkeze 1,50 m, başlangıçtan 1,50 m, kalıp simülasyonundan 0,00 m; toparlanma 0,53 sn (tablo 0,26)"
6-9,"Odaklı Bağ","Asa","zamanli_donma",1,1,1,1,1,1,1,1,1,"ön","ön",37532.00,"boss:Root, boss hız x0,00",1.50,1.35,0.49,0.50,1.02,"0/9 kare koşu","vuruş 1: 0,96s@boss0,78m/oyuncu1,28m; kalıp sonu: merkeze 1,50 m, başlangıçtan 1,50 m, kalıp simülasyonundan 0,00 m; toparlanma 0,53 sn (tablo 0,26)"
7-4,"Sabit Zafiyet","Asa","mayin_cakma",1,1,1,1,1,1,1,1,1,"yerinde","yerinde",14332.00,"",3.00,1.35,0.42,0.42,0.95,"","vuruş 2: 0,75s@boss0,85m/oyuncu2,15m 0,83s@boss0,85m/oyuncu2,15m; kalıp sonu: merkeze 3,00 m, başlangıçtan 0,00 m, kalıp simülasyonundan 0,00 m; toparlanma 0,53 sn (tablo 0,26)"
7-5,"Yayılan Zafiyet","Asa","onde_yelpaze",1,1,1,1,1,1,1,1,1,"yerinde","yerinde",13932.00,"",3.00,1.35,0.63,0.63,1.16,"","vuruş 1: 0,98s@boss1,88m/oyuncu1,12m; kalıp sonu: merkeze 3,00 m, başlangıçtan 0,00 m, kalıp simülasyonundan 0,00 m; toparlanma 0,53 sn (tablo 0,26)"
7-6,"Bağlayıcı Zafiyet","Asa","dost_ip",1,1,1,1,1,1,1,1,1,"yerinde","yerinde",15260.00,"boss:Root+Slow, boss hız x0,00",3.00,1.35,0.61,0.62,1.14,"","vuruş 1: 0,72s@boss0,28m/oyuncu3,28m; kalıp sonu: merkeze 3,00 m, başlangıçtan 0,00 m, kalıp simülasyonundan 0,00 m; toparlanma 0,53 sn (tablo 0,26)"
8-4,"Sabit Yükseliş","Asa","totem_dikme",1,1,1,1,1,1,1,1,1,"yerinde","yerinde",0.00,"",3.00,1.35,0.28,0.30,0.75,"","hasarsız skill (base_damage 0): etki hareketin kendisi; vuruş 1: 0,72s@boss3,10m/oyuncu0,00m; kalıp sonu: merkeze 3,11 m, başlangıçtan 0,15 m, kalıp simülasyonundan 0,00 m, kalıp hedefi AllyDummy; toparlanma 0,46 sn (tablo 0,26)"
8-5,"Yayılan Yükseliş","Asa","savas_narasi",1,1,1,1,1,1,1,1,1,"yerinde","yerinde",0.00,"",3.00,1.35,0.35,0.36,0.82,"","hasarsız skill (base_damage 0): etki hareketin kendisi; vuruş 1: 0,65s@boss3,00m/oyuncu0,00m; kalıp sonu: merkeze 3,00 m, başlangıçtan 0,00 m, kalıp simülasyonundan 0,00 m; toparlanma 0,46 sn (tablo 0,26)"
8-6,"Bağlayıcı Yükseliş","Asa","dost_dosta",1,1,1,1,1,1,1,1,1,"yan","yan",0.00,"",2.38,1.35,0.52,0.52,0.98,"0/13 kare koşu","hasarsız skill (base_damage 0): etki hareketin kendisi; vuruş 3: 0,53s@boss4,05m/oyuncu1,22m 0,73s@boss2,68m/oyuncu1,41m 0,90s@boss4,76m/oyuncu2,38m; kalıp sonu: merkeze 2,38 m, başlangıçtan 1,41 m, kalıp simülasyonundan 0,00 m, kalıp hedefi AllyDummy; toparlanma 0,46 sn (tablo 0,26)"
9-4,"Sabit Arınma","Asa","yer_tuzagi",1,1,1,1,1,1,1,1,1,"yerinde","yerinde",0.00,"oyuncu +24000 can",3.00,1.35,0.27,0.28,0.80,"","vuruş 1: 0,70s@boss0,62m/oyuncu2,38m; kalıp sonu: merkeze 3,00 m, başlangıçtan 0,00 m, kalıp simülasyonundan 0,00 m; toparlanma 0,53 sn (tablo 0,26)"
9-5,"Yayılan Arınma","Asa","dagilan_yagmur",1,1,1,1,1,1,1,1,1,"yerinde","yerinde",0.00,"oyuncu +24000 can",3.00,1.35,0.57,0.58,1.10,"","vuruş 1: 0,92s@boss3,00m/oyuncu0,00m; kalıp sonu: merkeze 3,00 m, başlangıçtan 0,00 m, kalıp simülasyonundan 0,00 m, kalıp hedefi AllyDummy; toparlanma 0,53 sn (tablo 0,26)"
9-6,"Bağlayıcı Arınma","Asa","iki_uclu",1,1,1,1,1,1,1,1,1,"yerinde","yerinde",0.00,"oyuncu +24000 can",3.00,1.35,0.65,0.65,1.18,"","vuruş 1: 0,70s@boss6,07m/oyuncu3,56m; kalıp sonu: merkeze 3,00 m, başlangıçtan 0,00 m, kalıp simülasyonundan 0,00 m, kalıp hedefi AllyDummy; toparlanma 0,53 sn (tablo 0,26)"
4-10,"Aynalı Kalkan","Asa","sirtta_kapi",1,1,1,1,1,1,1,1,1,"ön","ön",24000.00,"",1.80,1.35,0.32,0.32,0.85,"0/11 kare koşu","vuruş 2: 0,63s@boss1,03m/oyuncu1,19m 0,77s@boss0,55m/oyuncu2,35m; kalıp sonu: merkeze 1,80 m, başlangıçtan 1,20 m, kalıp simülasyonundan 0,00 m; toparlanma 0,53 sn (tablo 0,26)"
4-11,"Kopya Kalkan","Asa","yem_kopya",1,1,1,1,1,1,1,1,1,"yerinde","yerinde",0.00,"",3.00,1.35,0.23,0.24,0.77,"","hasarsız skill (base_damage 0): etki hareketin kendisi; vuruş 1: 0,65s@boss2,98m/oyuncu1,29m; kalıp sonu: merkeze 3,00 m, başlangıçtan 0,00 m, kalıp simülasyonundan 0,00 m; toparlanma 0,53 sn (tablo 0,26)"
4-12,"Akan Kalkan","Asa","basili_siper",1,1,1,1,1,1,1,1,1,"geri","geri",0.00,"",3.00,1.35,2.98,3.00,3.52,"","hasarsız skill (base_damage 0): etki hareketin kendisi; vuruş 3: 1,29s@boss5,16m/oyuncu2,38m 2,29s@boss5,41m/oyuncu2,38m 3,27s@boss5,65m/oyuncu2,38m; kalıp sonu: merkeze 3,61 m, başlangıçtan 0,80 m, kalıp simülasyonundan 0,00 m, kalıp hedefi AllyDummy; toparlanma 0,53 sn (tablo 0,26)"
5-10,"Aynalı Patlama","Asa","karsi_darbe",1,1,1,1,1,1,1,1,1,"ön","ön",99104.00,"",1.70,1.35,0.35,0.36,0.81,"0/9 kare koşu","vuruş 1: 0,74s@boss0,83m/oyuncu1,36m; kalıp sonu: merkeze 1,70 m, başlangıçtan 1,30 m, kalıp simülasyonundan 0,00 m; toparlanma 0,46 sn (tablo 0,26)"
5-11,"Kopya Patlama","Asa","golge_yankisi",1,1,1,1,1,1,1,1,1,"ön","ön",103396.00,"",2.10,1.35,0.50,0.50,0.97,"0/10 kare koşu","vuruş 2: 0,57s@boss1,20m/oyuncu1,15m 0,88s@boss1,95m/oyuncu1,39m; kalıp sonu: merkeze 2,10 m, başlangıçtan 0,90 m, kalıp simülasyonundan 0,00 m; toparlanma 0,46 sn (tablo 0,26)"
5-12,"Akan Patlama","Asa","patlayan_iz",1,1,1,1,1,1,1,1,1,"ön","ön",75992.00,"",2.99,1.35,2.99,3.00,3.46,"","vuruş 6: 0,92s@boss2,20m/oyuncu1,53m 1,41s@boss2,48m/oyuncu1,53m 1,91s@boss2,98m/oyuncu1,53m 2,41s@boss2,79m/oyuncu1,53m 2,91s@boss2,46m/oyuncu1,53m 3,41s@boss2,10m/oyuncu1,53m; kalıp sonu: merkeze 3,60 m, başlangıçtan 2,20 m, kalıp simülasyonundan 0,70 m, boss 2,80 m kaydı; toparlanma 0,46 sn (tablo 0,26)"
6-10,"Aynalı Bağ","Asa","karsi_darbe",1,1,1,1,1,1,1,1,1,"ön","ön",36192.00,"boss:Root, boss hız x0,00",1.70,1.35,0.35,0.36,0.89,"0/9 kare koşu","vuruş 1: 0,82s@boss0,83m/oyuncu1,36m; kalıp sonu: merkeze 1,70 m, başlangıçtan 1,30 m, kalıp simülasyonundan 0,00 m; toparlanma 0,53 sn (tablo 0,26)"
6-11,"Kopya Bağ","Asa","onden_arkadan",1,1,1,1,1,1,1,1,1,"ön","ön",28636.00,"boss:Root, boss hız x0,00",2.10,1.35,0.33,0.34,0.87,"0/10 kare koşu","vuruş 2: 0,63s@boss1,25m/oyuncu1,11m 0,75s@boss0,60m/oyuncu2,70m; kalıp sonu: merkeze 2,10 m, başlangıçtan 0,90 m, kalıp simülasyonundan 0,00 m; toparlanma 0,53 sn (tablo 0,26)"
6-12,"Akan Bağ","Asa","cember_sarma",1,1,1,1,1,1,1,1,1,"arka","arka",16696.00,"boss:Root, boss hız x0,00",1.50,1.35,0.88,0.90,1.42,"0/45 kare koşu","vuruş 1: 1,34s@boss0,00m/oyuncu2,06m; kalıp sonu: merkeze 2,06 m, başlangıçtan 4,59 m, kalıp simülasyonundan 0,00 m; toparlanma 0,53 sn (tablo 0,26)"
10-4,"Sabit Yansı","Asa","duvar_dikme",1,1,1,1,1,1,1,1,1,"yerinde","yerinde",0.00,"",3.00,1.35,0.32,0.32,0.86,"","hasarsız skill (base_damage 0): etki hareketin kendisi; vuruş 1: 0,74s@boss0,62m/oyuncu2,38m; kalıp sonu: merkeze 3,00 m, başlangıçtan 0,00 m, kalıp simülasyonundan 0,00 m; toparlanma 0,53 sn (tablo 0,26)"
10-5,"Yayılan Yansı","Asa","yuruyen_balon",1,1,1,1,1,1,1,1,1,"ön","ön",0.00,"",1.80,1.35,4.19,4.20,4.72,"","hasarsız skill (base_damage 0): etki hareketin kendisi; vuruş 5: 0,62s@boss3,00m/oyuncu0,00m 1,73s@boss2,69m/oyuncu0,00m 2,72s@boss2,40m/oyuncu0,00m 3,72s@boss2,10m/oyuncu0,00m 4,72s@boss1,80m/oyuncu0,00m; kalıp sonu: merkeze 1,80 m, başlangıçtan 1,20 m, kalıp simülasyonundan 0,00 m; toparlanma 0,53 sn (tablo 0,26)"
10-6,"Bağlayıcı Yansı","Asa","silaha_kement",1,1,1,1,1,1,1,1,1,"yerinde","yerinde",0.00,"boss:Root+Slow, boss hız x0,00",3.00,1.35,0.93,0.94,1.47,"","vuruş 1: 0,72s@boss0,40m/oyuncu3,40m; kalıp sonu: merkeze 3,00 m, başlangıçtan 0,00 m, kalıp simülasyonundan 0,00 m; toparlanma 0,53 sn (tablo 0,26)"
11-4,"Sabit Çağrı","Asa","taret_dikme",1,1,1,1,1,1,1,1,1,"yerinde","yerinde",0.00,"",3.00,1.35,0.42,0.42,0.95,"","hasarsız skill (base_damage 0): etki hareketin kendisi; vuruş 2: 0,65s@boss3,00m/oyuncu0,00m 0,90s@boss0,20m/oyuncu3,20m; kalıp sonu: merkeze 3,00 m, başlangıçtan 0,00 m, kalıp simülasyonundan 0,00 m; toparlanma 0,53 sn (tablo 0,26)"
11-5,"Yayılan Çağrı","Asa","dagilan_suru",1,1,1,1,1,1,1,1,1,"yerinde","yerinde",0.00,"",3.00,1.35,0.42,0.42,0.95,"","hasarsız skill (base_damage 0): etki hareketin kendisi; vuruş 3: 0,60s@boss0,35m/oyuncu3,02m 0,73s@boss0,00m/oyuncu3,00m 0,88s@boss0,35m/oyuncu3,02m; kalıp sonu: merkeze 3,00 m, başlangıçtan 0,00 m, kalıp simülasyonundan 0,00 m; toparlanma 0,53 sn (tablo 0,26)"
11-6,"Bağlayıcı Çağrı","Asa","muhafiz",1,1,1,1,1,1,1,1,1,"yerinde","yerinde",0.00,"boss:Root+Slow, boss hız x0,00",3.00,1.35,0.50,0.52,1.04,"","vuruş 1: 0,67s@boss2,89m/oyuncu1,20m; kalıp sonu: merkeze 3,00 m, başlangıçtan 0,00 m, kalıp simülasyonundan 0,00 m; toparlanma 0,53 sn (tablo 0,26)"
12-4,"Sabit Zaman","Asa","totem_dikme",1,1,1,1,1,1,1,1,1,"yerinde","yerinde",0.00,"boss:Slow+Stun, boss hız x0,00",2.85,1.35,0.28,0.30,0.75,"","vuruş 1: 0,72s@boss2,87m/oyuncu0,00m; kalıp sonu: merkeze 2,85 m, başlangıçtan 0,15 m, kalıp simülasyonundan 0,00 m; toparlanma 0,46 sn (tablo 0,26)"
12-5,"Yayılan Zaman","Asa","genisleyen_halka",1,1,1,1,1,1,1,1,1,"yerinde","yerinde",0.00,"boss:Slow, boss hız x0,70",3.00,1.35,0.57,0.58,1.04,"","vuruş 1: 0,92s@boss3,00m/oyuncu0,00m; kalıp sonu: merkeze 3,00 m, başlangıçtan 0,00 m, kalıp simülasyonundan 0,00 m; toparlanma 0,46 sn (tablo 0,26)"
12-6,"Bağlayıcı Zaman","Asa","iki_uclu",1,1,1,1,1,1,1,1,1,"yerinde","yerinde",0.00,"oyuncu:Haste, oyuncu hız x1,30",3.00,1.35,0.63,0.65,1.10,"","vuruş 1: 0,63s@boss0,28m/oyuncu3,28m; kalıp sonu: merkeze 3,00 m, başlangıçtan 0,00 m, kalıp simülasyonundan 0,00 m; toparlanma 0,46 sn (tablo 0,26)"
7-7,"Bulandırıcı Zafiyet","Asa","sis_bombasi",1,1,1,1,1,1,1,1,1,"yerinde","yerinde",14468.00,"boss:Blind",3.00,1.35,0.22,0.22,0.75,"","vuruş 1: 0,72s@boss0,35m/oyuncu3,35m; kalıp sonu: merkeze 3,00 m, başlangıçtan 0,00 m, kalıp simülasyonundan 0,00 m; toparlanma 0,53 sn (tablo 0,26)"
7-8,"Yükselen Zafiyet","Asa","yerden_fiskirma",1,1,1,1,1,1,1,1,1,"ön","ön",16380.00,"boss:Stun, boss hız x0,00",2.60,1.35,0.43,0.44,0.97,"","vuruş 1: 0,83s@boss0,00m/oyuncu2,78m; kalıp sonu: merkeze 2,60 m, başlangıçtan 0,40 m, kalıp simülasyonundan 0,00 m; toparlanma 0,53 sn (tablo 0,26)"
7-9,"Odaklı Zafiyet","Asa","isaret_patlamasi",1,1,1,1,1,1,1,1,1,"yerinde","yerinde",34188.00,"",3.00,1.35,1.92,1.92,2.46,"","vuruş 1: 2,39s@boss0,00m/oyuncu3,00m; kalıp sonu: merkeze 3,00 m, başlangıçtan 0,00 m, kalıp simülasyonundan 0,00 m; toparlanma 0,53 sn (tablo 0,26)"
7-10,"Aynalı Zafiyet","Asa","onden_arkadan",1,1,1,1,1,1,1,1,1,"ön","ön",24252.00,"",2.10,1.35,0.33,0.34,0.87,"0/10 kare koşu","vuruş 2: 0,64s@boss1,24m/oyuncu1,11m 0,76s@boss0,60m/oyuncu2,70m; kalıp sonu: merkeze 2,10 m, başlangıçtan 0,90 m, kalıp simülasyonundan 0,00 m; toparlanma 0,53 sn (tablo 0,26)"
7-11,"Kopya Zafiyet","Asa","golge_yankisi",1,1,1,1,1,1,1,1,1,"ön","ön",18524.00,"",2.10,1.35,0.48,0.50,1.02,"0/10 kare koşu","vuruş 2: 0,63s@boss1,20m/oyuncu1,15m 0,95s@boss1,95m/oyuncu1,39m; kalıp sonu: merkeze 2,10 m, başlangıçtan 0,90 m, kalıp simülasyonundan 0,00 m; toparlanma 0,53 sn (tablo 0,26)"
7-12,"Akan Zafiyet","Asa","basili_isik",1,1,1,1,1,1,1,1,1,"ön","ön",13444.00,"",1.80,1.35,2.99,3.00,3.52,"","vuruş 6: 0,78s@boss0,17m/oyuncu2,72m 1,28s@boss0,03m/oyuncu2,72m 1,78s@boss0,23m/oyuncu2,72m 2,28s@boss0,43m/oyuncu2,72m 2,77s@boss0,62m/oyuncu2,72m 3,27s@boss0,82m/oyuncu2,72m; kalıp sonu: merkeze 1,80 m, başlangıçtan 1,20 m, kalıp simülasyonundan 0,00 m; toparlanma 0,53 sn (tablo 0,26)"
8-7,"Bulandırıcı Yükseliş","Asa","goz_bagi",1,1,1,1,1,1,1,1,1,"yerinde","yerinde",0.00,"",3.00,1.35,0.20,0.20,0.66,"","hasarsız skill (base_damage 0): etki hareketin kendisi; vuruş 1: 0,63s@boss0,28m/oyuncu3,28m; kalıp sonu: merkeze 3,00 m, başlangıçtan 0,00 m, kalıp simülasyonundan 0,00 m; toparlanma 0,46 sn (tablo 0,26)"
8-8,"Yükselen Yükseliş","Asa","buyuten_kemer",1,1,1,1,1,1,1,1,1,"yerinde","yerinde",0.00,"",3.00,1.35,0.40,0.42,0.87,"","hasarsız skill (base_damage 0): etki hareketin kendisi; vuruş 1: 0,75s@boss5,02m/oyuncu2,21m; kalıp sonu: merkeze 3,22 m, başlangıçtan 0,30 m, kalıp simülasyonundan 0,00 m, kalıp hedefi AllyDummy; toparlanma 0,46 sn (tablo 0,26)"
8-9,"Odaklı Yükseliş","Asa","gudumlu_top",1,1,1,1,1,1,1,1,1,"yerinde","yerinde",0.00,"",3.00,1.35,0.55,0.56,1.02,"","hasarsız skill (base_damage 0): etki hareketin kendisi; vuruş 1: 0,93s@boss6,98m/oyuncu4,53m; kalıp sonu: merkeze 3,00 m, başlangıçtan 0,00 m, kalıp simülasyonundan 0,00 m, kalıp hedefi AllyDummy; toparlanma 0,46 sn (tablo 0,26)"
8-10,"Aynalı Yükseliş","Asa","ters_es",1,1,1,1,1,1,1,1,1,"yerinde","yerinde",0.00,"",3.00,1.35,0.42,0.44,0.91,"","hasarsız skill (base_damage 0): etki hareketin kendisi; vuruş 2: 0,61s@boss2,60m/oyuncu0,40m 0,81s@boss0,00m/oyuncu3,00m; kalıp sonu: merkeze 3,00 m, başlangıçtan 0,00 m, kalıp simülasyonundan 0,00 m; toparlanma 0,46 sn (tablo 0,26)"
8-11,"Kopya Yükseliş","Asa","golge_ulak",1,1,1,1,1,1,1,1,1,"yan","yan",0.00,"",2.43,1.35,1.35,1.36,1.81,"0/9 kare koşu","hasarsız skill (base_damage 0): etki hareketin kendisi; vuruş 2: 0,59s@boss3,26m/oyuncu0,35m 1,73s@boss2,85m/oyuncu1,46m; kalıp sonu: merkeze 2,43 m, başlangıçtan 1,41 m, kalıp simülasyonundan 0,00 m, kalıp hedefi AllyDummy; toparlanma 0,46 sn (tablo 0,26)"
8-12,"Akan Yükseliş","Asa","akinti_yolu",1,1,1,1,1,1,1,1,1,"geri","geri",0.00,"",3.00,1.35,0.93,0.94,1.40,"3/41 kare koşu, ayak/gövde hız oranı 1,00","hasarsız skill (base_damage 0): etki hareketin kendisi; vuruş 1: 1,27s@boss6,27m/oyuncu2,38m; kalıp sonu: merkeze 4,11 m, başlangıçtan 1,40 m, kalıp simülasyonundan 0,00 m, kalıp hedefi AllyDummy; toparlanma 0,46 sn (tablo 0,26)"
9-7,"Bulandırıcı Arınma","Asa","sis_ortusu",1,1,1,1,1,1,1,1,1,"yerinde","yerinde",0.00,"oyuncu +24000 can",3.00,1.35,0.28,0.30,0.82,"","vuruş 1: 0,70s@boss0,00m/oyuncu3,00m; kalıp sonu: merkeze 3,00 m, başlangıçtan 0,00 m, kalıp simülasyonundan 0,00 m; toparlanma 0,53 sn (tablo 0,26)"
9-8,"Yükselen Arınma","Asa","isik_sutunu",1,1,1,1,1,1,1,1,1,"yerinde","yerinde",0.00,"oyuncu +24000 can",3.00,1.35,0.47,0.48,1.00,"","vuruş 1: 0,87s@boss3,05m/oyuncu0,00m; kalıp sonu: merkeze 3,07 m, başlangıçtan 0,10 m, kalıp simülasyonundan 0,00 m, kalıp hedefi AllyDummy; toparlanma 0,53 sn (tablo 0,26)"
9-9,"Odaklı Arınma","Asa","mermi_sondur",1,1,1,1,1,1,1,1,1,"yerinde","yerinde",0.00,"oyuncu +24000 can",3.00,1.35,0.37,0.38,0.90,"","vuruş 1: 0,83s@boss6,98m/oyuncu4,53m; kalıp sonu: merkeze 3,00 m, başlangıçtan 0,00 m, kalıp simülasyonundan 0,00 m, kalıp hedefi AllyDummy; toparlanma 0,53 sn (tablo 0,26)"
9-10,"Aynalı Arınma","Asa","yer_degistir",1,1,1,1,1,1,1,1,1,"arka","arka",0.00,"oyuncu +24000 can",1.50,1.35,0.33,0.34,0.87,"0/1 kare koşu","vuruş 1: 0,81s@boss0,31m/oyuncu1,19m; kalıp sonu: merkeze 1,50 m, başlangıçtan 4,50 m, kalıp simülasyonundan 0,00 m; tek karede 4,50 m sıçrama (sınır 0,62 m @ 17 ms, t=0,64, faz degis, blink tasarım gereği); toparlanma 0,53 sn (tablo 0,26)"
9-11,"Kopya Arınma","Asa","yem_kopya",1,1,1,1,1,1,1,1,1,"yerinde","yerinde",0.00,"oyuncu +24000 can",3.00,1.35,0.23,0.24,0.77,"","vuruş 1: 0,65s@boss2,98m/oyuncu1,29m; kalıp sonu: merkeze 3,00 m, başlangıçtan 0,00 m, kalıp simülasyonundan 0,00 m; toparlanma 0,53 sn (tablo 0,26)"
9-12,"Akan Arınma","Asa","nabiz",1,1,1,1,1,1,1,1,1,"yerinde","yerinde",0.00,"oyuncu +16000 can, dost +8000 can",3.00,1.35,3.17,3.18,3.70,"","vuruş 3: 1,70s@boss3,00m/oyuncu0,00m 2,70s@boss3,00m/oyuncu0,00m 3,70s@boss3,00m/oyuncu0,00m; kalıp sonu: merkeze 3,00 m, başlangıçtan 0,00 m, kalıp simülasyonundan 0,00 m; toparlanma 0,53 sn (tablo 0,26)"
10-7,"Bulandırıcı Yansı","Asa","sahte_goruntu",1,1,1,1,1,1,1,1,1,"geri","geri",0.00,"boss:Blind",3.00,1.35,0.43,0.44,0.97,"0/9 kare koşu","vuruş 3: 0,60s@boss3,06m/oyuncu1,37m 0,73s@boss3,06m/oyuncu1,37m 0,90s@boss3,58m/oyuncu0,00m; kalıp sonu: merkeze 3,90 m, başlangıçtan 0,90 m, kalıp simülasyonundan 0,00 m; toparlanma 0,53 sn (tablo 0,26)"
10-8,"Yükselen Yansı","Asa","yerden_buyuyen",1,1,1,1,1,1,1,1,1,"yerinde","yerinde",0.00,"",2.75,1.35,0.42,0.42,0.95,"","hasarsız skill (base_damage 0): etki hareketin kendisi; vuruş 1: 0,82s@boss0,00m/oyuncu2,82m; kalıp sonu: merkeze 2,75 m, başlangıçtan 0,25 m, kalıp simülasyonundan 0,00 m; toparlanma 0,53 sn (tablo 0,26)"
10-9,"Odaklı Yansı","Asa","koruyucu_isaret",1,1,1,1,1,1,1,1,1,"ön","ön",0.00,"",2.20,1.35,0.18,0.20,0.72,"3/11 kare koşu, ayak/gövde hız oranı 0,93","hasarsız skill (base_damage 0): etki hareketin kendisi; vuruş 1: 0,67s@boss2,05m/oyuncu0,35m; kalıp sonu: merkeze 2,20 m, başlangıçtan 0,80 m, kalıp simülasyonundan 0,00 m; toparlanma 0,53 sn (tablo 0,26)"
11-7,"Bulandırıcı Çağrı","Asa","sirt_saplama",1,1,1,1,1,1,1,1,1,"yerinde","yerinde",0.00,"boss:Blind",3.00,1.35,0.30,0.32,0.84,"","vuruş 1: 0,79s@boss0,00m/oyuncu3,00m; kalıp sonu: merkeze 3,00 m, başlangıçtan 0,00 m, kalıp simülasyonundan 0,00 m; toparlanma 0,53 sn (tablo 0,26)"
11-8,"Yükselen Çağrı","Asa","dostu_yerden",1,1,1,1,1,1,1,1,1,"yan","yan",0.00,"",2.96,1.35,0.77,0.78,1.30,"0/35 kare koşu","hasarsız skill (base_damage 0): etki hareketin kendisi; vuruş 1: 1,15s@boss2,81m/oyuncu0,95m; kalıp sonu: merkeze 2,99 m, başlangıçtan 0,91 m, kalıp simülasyonundan 0,00 m; toparlanma 0,53 sn (tablo 0,26)"
11-9,"Odaklı Çağrı","Asa","pesinden_av",1,1,1,1,1,1,1,1,1,"yerinde","yerinde",0.00,"",3.00,1.35,2.30,2.32,2.84,"","hasarsız skill (base_damage 0): etki hareketin kendisi; vuruş 1: 2,77s@boss0,00m/oyuncu3,00m; kalıp sonu: merkeze 3,00 m, başlangıçtan 0,00 m, kalıp simülasyonundan 0,00 m; toparlanma 0,53 sn (tablo 0,26)"
12-7,"Bulandırıcı Zaman","Asa","kum_saati",1,1,1,1,1,1,1,1,1,"yerinde","yerinde",0.00,"boss:Blind+Slow, boss hız x0,70",3.00,1.35,0.61,0.62,1.08,"","vuruş 1: 0,65s@boss0,28m/oyuncu3,28m; kalıp sonu: merkeze 3,00 m, başlangıçtan 0,00 m, kalıp simülasyonundan 0,00 m; toparlanma 0,46 sn (tablo 0,26)"
12-8,"Yükselen Zaman","Asa","isik_sutunu",1,1,1,1,1,1,1,1,1,"yerinde","yerinde",0.00,"oyuncu:Haste, oyuncu hız x1,50",2.90,1.35,0.47,0.48,0.93,"","vuruş 1: 0,80s@boss2,93m/oyuncu0,00m; kalıp sonu: merkeze 2,90 m, başlangıçtan 0,10 m, kalıp simülasyonundan 0,00 m; toparlanma 0,46 sn (tablo 0,26)"
12-9,"Odaklı Zaman","Asa","isaret_patlamasi",1,1,1,1,1,1,1,1,1,"yerinde","yerinde",0.00,"boss:Slow, boss hız x0,70",3.00,1.35,1.92,1.92,2.39,"","vuruş 1: 2,32s@boss0,00m/oyuncu3,00m; kalıp sonu: merkeze 3,00 m, başlangıçtan 0,00 m, kalıp simülasyonundan 0,00 m; toparlanma 0,46 sn (tablo 0,26)"
1-1,"Yoğun Vuruş","Tılsım","yukle_birak",1,1,1,1,1,1,1,1,1,"ön","ön",104608.00,"",1.50,1.35,0.51,0.52,0.97,"0/10 kare koşu","vuruş 1: 0,92s@boss0,37m/oyuncu1,53m; kalıp sonu: merkeze 1,50 m, başlangıçtan 1,50 m, kalıp simülasyonundan 0,00 m; toparlanma 0,46 sn (tablo 0,26)"
1-2,"Emici Vuruş","Tılsım","kan_ceken_pence",1,1,1,1,1,1,1,1,1,"yerinde","yerinde",97940.00,"oyuncu +29382 can",1.35,1.35,0.37,0.38,0.84,"","vuruş 3: 0,55s@boss1,63m/oyuncu1,02m 0,67s@boss1,15m/oyuncu1,02m 0,80s@boss0,60m/oyuncu1,02m; kalıp sonu: merkeze 1,48 m, başlangıçtan 0,00 m, kalıp simülasyonundan 1,50 m, boss 1,52 m kaydı; toparlanma 0,46 sn (tablo 0,26)"
1-3,"Sıçrayan Vuruş","Tılsım","yan_yan_sekme",1,1,1,1,1,1,1,1,1,"geri","geri",76112.00,"",2.85,1.35,0.45,0.46,0.92,"0/27 kare koşu","vuruş 2: 0,58s@boss0,74m/oyuncu3,52m 0,87s@boss0,74m/oyuncu4,12m; kalıp sonu: merkeze 3,70 m, başlangıçtan 1,30 m, kalıp simülasyonundan 0,00 m; toparlanma 0,46 sn (tablo 0,26)"
1-4,"Sabit Vuruş","Tılsım","yere_cakilan",1,1,1,1,1,1,1,1,1,"yerinde","yerinde",75648.00,"",2.80,1.35,0.42,0.42,0.88,"","vuruş 1: 0,83s@boss2,82m/oyuncu0,00m; kalıp sonu: merkeze 2,80 m, başlangıçtan 0,20 m, kalıp simülasyonundan 0,00 m; toparlanma 0,46 sn (tablo 0,26)"
1-5,"Yayılan Vuruş","Tılsım","donen_kesik",1,1,1,1,1,1,1,1,1,"yerinde","yerinde",66216.00,"",3.00,1.35,0.55,0.55,1.02,"","vuruş 1: 0,70s@boss3,00m/oyuncu0,00m; kalıp sonu: merkeze 3,00 m, başlangıçtan 0,00 m, kalıp simülasyonundan 0,00 m; toparlanma 0,46 sn (tablo 0,26)"
1-6,"Bağlayıcı Vuruş","Tılsım","zincirli_firlatma",1,1,1,1,1,1,1,1,1,"ön","ön",77172.00,"boss:Root+Slow, boss hız x0,00",1.50,1.35,0.68,0.70,1.16,"0/11 kare koşu","vuruş 2: 0,66s@boss0,45m/oyuncu3,45m 1,09s@boss0,71m/oyuncu1,28m; kalıp sonu: merkeze 1,50 m, başlangıçtan 1,50 m, kalıp simülasyonundan 0,00 m; toparlanma 0,46 sn (tablo 0,26)"
2-1,"Yoğun Şifa","Tılsım","tek_dokunus",1,1,1,1,1,1,1,1,1,"geri","geri",0.00,"oyuncu +168000 can",3.00,1.35,0.15,0.16,0.57,"0/9 kare koşu","vuruş 1: 0,52s@boss3,84m/oyuncu0,68m; kalıp sonu: merkeze 3,41 m, başlangıçtan 0,55 m, kalıp simülasyonundan 0,00 m, kalıp hedefi AllyDummy"
2-2,"Emici Şifa","Tılsım","uzaktan_emme",1,1,1,1,1,1,1,1,1,"yerinde","yerinde",79808.00,"oyuncu +80000 can, dost +80000 can",2.65,1.35,2.15,2.16,2.57,"","vuruş 4: 1,07s@boss0,19m/oyuncu2,72m 1,57s@boss0,10m/oyuncu2,72m 2,07s@boss0,02m/oyuncu2,72m 2,57s@boss0,07m/oyuncu2,72m; kalıp sonu: merkeze 2,65 m, başlangıçtan 0,35 m, kalıp simülasyonundan 0,00 m"
2-3,"Sıçrayan Şifa","Tılsım","dosttan_dosta",1,1,1,1,1,1,1,1,1,"yerinde","yerinde",0.00,"oyuncu +112000 can, dost +56000 can",3.00,1.35,0.53,0.54,0.95,"","vuruş 3: 0,57s@boss6,17m/oyuncu3,67m 0,67s@boss6,98m/oyuncu4,53m 0,87s@boss6,88m/oyuncu4,54m; kalıp sonu: merkeze 3,00 m, başlangıçtan 0,00 m, kalıp simülasyonundan 0,00 m, kalıp hedefi AllyDummy"
2-4,"Sabit Şifa","Tılsım","totem_dikme",1,1,1,1,1,1,1,1,1,"yerinde","yerinde",0.00,"oyuncu +168000 can",3.00,1.35,0.28,0.30,0.70,"","vuruş 1: 0,67s@boss3,10m/oyuncu0,00m; kalıp sonu: merkeze 3,11 m, başlangıçtan 0,15 m, kalıp simülasyonundan 0,00 m, kalıp hedefi AllyDummy"
2-5,"Yayılan Şifa","Tılsım","genisleyen_halka",1,1,1,1,1,1,1,1,1,"yerinde","yerinde",0.00,"oyuncu +168000 can",3.00,1.35,0.57,0.58,0.99,"","vuruş 1: 0,85s@boss3,00m/oyuncu0,00m; kalıp sonu: merkeze 3,00 m, başlangıçtan 0,00 m, kalıp simülasyonundan 0,00 m"
2-6,"Bağlayıcı Şifa","Tılsım","dostu_kanca",1,1,1,1,1,1,1,1,1,"geri","geri",0.00,"oyuncu +168000 can",3.00,1.35,0.52,0.52,0.93,"0/21 kare koşu","vuruş 1: 0,87s@boss5,79m/oyuncu0,40m; kalıp sonu: merkeze 5,92 m, başlangıçtan 3,40 m, kalıp simülasyonundan 0,00 m, kalıp hedefi AllyDummy"
3-1,"Yoğun Adım","Tılsım","isinlan_kes",1,1,1,1,1,1,1,1,1,"arka","arka",0.00,"",1.50,1.35,0.47,0.48,0.94,"0/1 kare koşu","hasarsız skill (base_damage 0): etki hareketin kendisi; vuruş 1: 0,89s@boss0,00m/oyuncu1,50m; kalıp sonu: merkeze 1,50 m, başlangıçtan 4,50 m, kalıp simülasyonundan 0,00 m; tek karede 4,50 m sıçrama (sınır 0,62 m @ 17 ms, t=0,84, faz isin, blink tasarım gereği); toparlanma 0,46 sn (tablo 0,26)"
3-2,"Emici Adım","Tılsım","icinden_emme",1,1,1,1,1,1,1,1,1,"arka","arka",0.00,"",0.09,1.35,0.27,0.28,0.73,"0/16 kare koşu","hasarsız skill (base_damage 0): etki hareketin kendisi; vuruş 1: 0,62s@boss0,98m/oyuncu1,36m; kalıp sonu: merkeze 2,65 m, başlangıçtan 5,51 m, kalıp simülasyonundan 0,14 m, boss 0,14 m kaydı; gövdeye girdi: merkeze 0,09 m (t=0,60, temas 1,35) geçiş tasarım gereği; toparlanma 0,46 sn (tablo 0,26)"
3-3,"Sıçrayan Adım","Tılsım","sekmeli_ziplama",1,1,1,1,1,1,1,1,1,"arka","arka",0.00,"",1.50,1.35,0.58,0.60,1.05,"0/33 kare koşu","hasarsız skill (base_damage 0): etki hareketin kendisi; vuruş 3: 0,60s@boss2,06m/oyuncu0,00m 0,80s@boss1,50m/oyuncu0,00m 1,00s@boss1,50m/oyuncu0,00m; kalıp sonu: merkeze 1,50 m, başlangıçtan 4,50 m, kalıp simülasyonundan 0,00 m; toparlanma 0,46 sn (tablo 0,26)"
3-4,"Sabit Adım","Tılsım","geri_sarma",1,1,1,1,1,1,1,1,1,"başlangıç","başlangıç",0.00,"",1.50,1.35,2.65,2.66,3.12,"1/32 kare koşu, ayak/gövde hız oranı 1,00","hasarsız skill (base_damage 0): etki hareketin kendisi; kalıp sonu: merkeze 3,00 m, başlangıçtan 0,00 m, kalıp simülasyonundan 0,00 m; toparlanma 0,46 sn (tablo 0,26)"
3-5,"Yayılan Adım","Tılsım","dalis_patlamasi",1,1,1,1,1,1,1,1,1,"ön","ön",0.00,"",1.50,1.35,0.42,0.42,0.88,"0/16 kare koşu","hasarsız skill (base_damage 0): etki hareketin kendisi; vuruş 1: 0,77s@boss1,50m/oyuncu0,00m; kalıp sonu: merkeze 1,50 m, başlangıçtan 1,50 m, kalıp simülasyonundan 0,00 m; toparlanma 0,46 sn (tablo 0,26)"
3-6,"Bağlayıcı Adım","Tılsım","kanca_cekis",1,1,1,1,1,1,1,1,1,"arka","arka",0.00,"boss:Root+Slow, boss hız x0,00",1.50,1.35,0.73,0.74,1.20,"0/35 kare koşu","vuruş 1: 1,12s@boss0,00m/oyuncu1,50m; kalıp sonu: merkeze 1,50 m, başlangıçtan 4,50 m, kalıp simülasyonundan 0,00 m; toparlanma 0,46 sn (tablo 0,26)"
4-1,"Yoğun Kalkan","Tılsım","tam_zamanli",1,1,1,1,1,1,1,1,1,"yerinde","yerinde",0.00,"",3.00,1.35,0.49,0.50,0.95,"","hasarsız skill (base_damage 0): etki hareketin kendisi; vuruş 1: 0,80s@boss0,62m/oyuncu2,38m; kalıp sonu: merkeze 3,00 m, başlangıçtan 0,00 m, kalıp simülasyonundan 0,00 m; toparlanma 0,46 sn (tablo 0,26)"
4-2,"Emici Kalkan","Tılsım","kalkan_calma",1,1,1,1,1,1,1,1,1,"yerinde","yerinde",76000.00,"",1.35,1.35,0.18,0.20,0.65,"","vuruş 1: 0,58s@boss1,24m/oyuncu1,28m; kalıp sonu: merkeze 2,24 m, başlangıçtan 0,00 m, kalıp simülasyonundan 1,50 m, boss 0,76 m kaydı; toparlanma 0,46 sn (tablo 0,26)"
4-3,"Sıçrayan Kalkan","Tılsım","seken_disk",1,1,1,1,1,1,1,1,1,"yerinde","yerinde",0.00,"",3.00,1.35,0.42,0.42,0.89,"","hasarsız skill (base_damage 0): etki hareketin kendisi; vuruş 2: 0,63s@boss0,30m/oyuncu3,30m 0,77s@boss3,04m/oyuncu1,43m; kalıp sonu: merkeze 3,00 m, başlangıçtan 0,00 m, kalıp simülasyonundan 0,00 m; toparlanma 0,46 sn (tablo 0,26)"
5-1,"Yoğun Patlama","Tılsım","saplanan_fitil",1,1,1,1,1,1,1,1,1,"geri","geri",73140.00,"",2.32,1.35,1.62,1.62,2.08,"0/23 kare koşu","vuruş 2: 0,58s@boss0,85m/oyuncu1,53m 2,07s@boss0,85m/oyuncu2,95m; kalıp sonu: merkeze 3,80 m, başlangıçtan 0,80 m, kalıp simülasyonundan 0,00 m; toparlanma 0,46 sn (tablo 0,26)"
5-2,"Emici Patlama","Tılsım","ceken_girdap",1,1,1,1,1,1,1,1,1,"yerinde","yerinde",51072.00,"oyuncu +15322 can",1.35,1.35,1.31,1.32,1.78,"","vuruş 3: 1,13s@boss0,00m/oyuncu1,35m 1,63s@boss0,00m/oyuncu1,35m 1,70s@boss0,00m/oyuncu1,35m; kalıp sonu: merkeze 1,35 m, başlangıçtan 0,00 m, kalıp simülasyonundan 0,00 m, boss 1,65 m kaydı; toparlanma 0,46 sn (tablo 0,26)"
5-3,"Sıçrayan Patlama","Tılsım","seken_bomba",1,1,1,1,1,1,1,1,1,"yerinde","yerinde",61592.00,"",3.00,1.35,0.57,0.58,1.03,"","vuruş 3: 0,62s@boss0,40m/oyuncu3,40m 0,73s@boss0,00m/oyuncu3,00m 0,93s@boss0,35m/oyuncu3,02m; kalıp sonu: merkeze 3,00 m, başlangıçtan 0,00 m, kalıp simülasyonundan 0,00 m; toparlanma 0,46 sn (tablo 0,26)"
6-1,"Yoğun Bağ","Tılsım","sinir_noktasi",1,1,1,1,1,1,1,1,1,"ön","ön",31512.00,"boss:Stun, boss hız x0,00",1.50,1.35,0.33,0.34,0.80,"0/13 kare koşu","vuruş 1: 0,75s@boss0,91m/oyuncu0,59m; kalıp sonu: merkeze 1,50 m, başlangıçtan 1,50 m, kalıp simülasyonundan 0,00 m; toparlanma 0,46 sn (tablo 0,26)"
6-2,"Emici Bağ","Tılsım","bossu_cek",1,1,1,1,1,1,1,1,1,"geri","geri",15212.00,"boss:Root, boss hız x0,00, oyuncu +4564 can",1.35,1.35,0.43,0.44,0.90,"0/17 kare koşu","vuruş 1: 0,75s@boss2,44m/oyuncu1,36m; kalıp sonu: merkeze 3,68 m, başlangıçtan 1,60 m, kalıp simülasyonundan 0,00 m, boss 0,92 m kaydı; toparlanma 0,46 sn (tablo 0,26)"
6-3,"Sıçrayan Bağ","Tılsım","basip_sekme",1,1,1,1,1,1,1,1,1,"başlangıç","başlangıç",22392.00,"boss:Root, boss hız x0,00",1.50,1.35,0.52,0.52,0.98,"0/31 kare koşu","vuruş 1: 0,73s@boss1,58m/oyuncu0,00m; kalıp sonu: merkeze 3,20 m, başlangıçtan 0,20 m, kalıp simülasyonundan 0,00 m; toparlanma 0,46 sn (tablo 0,26)"
1-7,"Bulandırıcı Vuruş","Tılsım","dumandan_cikis",1,1,1,1,1,1,1,1,1,"ön","ön",76892.00,"boss:Blind",1.50,1.35,0.47,0.48,0.94,"0/12 kare koşu","vuruş 1: 0,86s@boss0,71m/oyuncu1,36m; kalıp sonu: merkeze 1,50 m, başlangıçtan 1,50 m, kalıp simülasyonundan 0,00 m; toparlanma 0,46 sn (tablo 0,26)"
1-8,"Yükselen Vuruş","Tılsım","havaya_kaldirma",1,1,1,1,1,1,1,1,1,"ön","ön",87060.00,"boss:Stun, boss hız x0,00",1.90,1.35,0.33,0.34,0.80,"0/20 kare koşu","vuruş 1: 0,60s@boss1,24m/oyuncu1,28m; kalıp sonu: merkeze 1,90 m, başlangıçtan 1,10 m, kalıp simülasyonundan 0,00 m; toparlanma 0,46 sn (tablo 0,26)"
1-9,"Odaklı Vuruş","Tılsım","isarete_vur",1,1,1,1,1,1,1,1,1,"ön","ön",124340.00,"",1.65,1.35,0.37,0.38,0.83,"0/9 kare koşu","vuruş 1: 0,77s@boss0,91m/oyuncu1,28m; kalıp sonu: merkeze 1,65 m, başlangıçtan 1,35 m, kalıp simülasyonundan 0,00 m; toparlanma 0,46 sn (tablo 0,26)"
2-7,"Bulandırıcı Şifa","Tılsım","sis_ortusu",1,1,1,1,1,1,1,1,1,"yerinde","yerinde",0.00,"oyuncu +168000 can",3.00,1.35,0.28,0.30,0.70,"","vuruş 1: 0,59s@boss0,00m/oyuncu3,00m; kalıp sonu: merkeze 3,00 m, başlangıçtan 0,00 m, kalıp simülasyonundan 0,00 m"
2-8,"Yükselen Şifa","Tılsım","yerden_buyuyen",1,1,1,1,1,1,1,1,1,"yerinde","yerinde",0.00,"oyuncu +168000 can",3.00,1.35,0.42,0.42,0.83,"","vuruş 1: 0,70s@boss6,98m/oyuncu4,35m; kalıp sonu: merkeze 3,18 m, başlangıçtan 0,25 m, kalıp simülasyonundan 0,00 m, kalıp hedefi AllyDummy"
2-9,"Odaklı Şifa","Tılsım","koruyucu_isaret",1,1,1,1,1,1,1,1,1,"geri","geri",0.00,"oyuncu +168000 can",3.00,1.35,0.18,0.20,0.60,"0/11 kare koşu","vuruş 1: 0,55s@boss3,73m/oyuncu0,35m; kalıp sonu: merkeze 3,61 m, başlangıçtan 0,80 m, kalıp simülasyonundan 0,00 m, kalıp hedefi AllyDummy"
3-7,"Bulandırıcı Adım","Tılsım","duman_kaybolma",1,1,1,1,1,1,1,1,1,"ön","ön",0.00,"boss:Blind, oyuncu:Stealth",1.50,1.35,0.58,0.59,1.05,"0/8 kare koşu","vuruş 1: 0,60s@boss1,50m/oyuncu0,00m; kalıp sonu: merkeze 1,50 m, başlangıçtan 1,50 m, kalıp simülasyonundan 0,00 m; toparlanma 0,46 sn (tablo 0,26)"
3-8,"Yükselen Adım","Tılsım","sicrayip_cakilma",1,1,1,1,1,1,1,1,1,"ön","ön",0.00,"oyuncu:Haste, oyuncu hız x1,10",1.50,1.35,0.82,0.82,1.29,"0/21 kare koşu","vuruş 1: 1,24s@boss1,50m/oyuncu0,00m; kalıp sonu: merkeze 1,50 m, başlangıçtan 1,50 m, kalıp simülasyonundan 0,00 m; toparlanma 0,46 sn (tablo 0,26)"
3-9,"Odaklı Adım","Tılsım","isinlan_kes",1,1,1,1,1,1,1,1,1,"arka","arka",0.00,"",1.50,1.35,0.47,0.48,0.94,"0/1 kare koşu","hasarsız skill (base_damage 0): etki hareketin kendisi; vuruş 1: 0,88s@boss0,00m/oyuncu1,50m; kalıp sonu: merkeze 1,50 m, başlangıçtan 4,50 m, kalıp simülasyonundan 0,00 m; tek karede 4,50 m sıçrama (sınır 0,63 m @ 17 ms, t=0,83, faz isin, blink tasarım gereği); toparlanma 0,46 sn (tablo 0,26)"
7-1,"Yoğun Zafiyet","Tılsım","diken_firlatma",1,1,1,1,1,1,1,1,1,"yerinde","yerinde",12664.00,"",3.00,1.35,0.39,0.40,0.86,"","vuruş 1: 0,82s@boss0,30m/oyuncu3,30m; kalıp sonu: merkeze 3,00 m, başlangıçtan 0,00 m, kalıp simülasyonundan 0,00 m; toparlanma 0,46 sn (tablo 0,26)"
7-2,"Emici Zafiyet","Tılsım","sokup_cekme",1,1,1,1,1,1,1,1,1,"geri","geri",10348.00,"oyuncu +3105 can",3.00,1.35,0.43,0.44,0.90,"0/15 kare koşu","vuruş 2: 0,60s@boss0,34m/oyuncu3,34m 0,77s@boss2,49m/oyuncu1,19m; kalıp sonu: merkeze 4,30 m, başlangıçtan 1,30 m, kalıp simülasyonundan 0,00 m; toparlanma 0,46 sn (tablo 0,26)"
7-3,"Sıçrayan Zafiyet","Tılsım","seken_yaratik",1,1,1,1,1,1,1,1,1,"yerinde","yerinde",10604.00,"",3.00,1.35,0.63,0.64,1.10,"","vuruş 3: 0,70s@boss0,00m/oyuncu3,00m 0,86s@boss0,35m/oyuncu3,02m 1,03s@boss0,35m/oyuncu3,02m; kalıp sonu: merkeze 3,00 m, başlangıçtan 0,00 m, kalıp simülasyonundan 0,00 m; toparlanma 0,46 sn (tablo 0,26)"
8-1,"Yoğun Yükseliş","Tılsım","kuculten_kapi",1,1,1,1,1,1,1,1,1,"yerinde","yerinde",0.00,"",3.00,1.35,0.27,0.28,0.68,"","hasarsız skill (base_damage 0): etki hareketin kendisi; vuruş 1: 0,58s@boss0,62m/oyuncu2,38m; kalıp sonu: merkeze 3,00 m, başlangıçtan 0,00 m, kalıp simülasyonundan 0,00 m"
8-2,"Emici Yükseliş","Tılsım","kan_muhru",1,1,1,1,1,1,1,1,1,"yerinde","yerinde",0.00,"",3.00,1.35,0.32,0.32,0.73,"","hasarsız skill (base_damage 0): etki hareketin kendisi; vuruş 1: 0,60s@boss3,00m/oyuncu0,00m; kalıp sonu: merkeze 3,00 m, başlangıçtan 0,00 m, kalıp simülasyonundan 0,00 m"
8-3,"Sıçrayan Yükseliş","Tılsım","pas_verme",1,1,1,1,1,1,1,1,1,"yerinde","yerinde",0.00,"",3.00,1.35,0.23,0.24,0.65,"","hasarsız skill (base_damage 0): etki hareketin kendisi; vuruş 1: 0,62s@boss6,05m/oyuncu3,55m; kalıp sonu: merkeze 3,00 m, başlangıçtan 0,00 m, kalıp simülasyonundan 0,00 m, kalıp hedefi AllyDummy"
9-1,"Yoğun Arınma","Tılsım","tek_dokunus",1,1,1,1,1,1,1,1,1,"geri","geri",0.00,"oyuncu +20000 can",3.00,1.35,0.15,0.16,0.57,"3/9 kare koşu, ayak/gövde hız oranı 1,01","vuruş 1: 0,52s@boss3,84m/oyuncu0,68m; kalıp sonu: merkeze 3,41 m, başlangıçtan 0,55 m, kalıp simülasyonundan 0,00 m, kalıp hedefi AllyDummy"
9-2,"Emici Arınma","Tılsım","cekip_firlat",1,1,1,1,1,1,1,1,1,"yerinde","yerinde",0.00,"oyuncu +8000 can, dost +12000 can",3.00,1.35,0.48,0.50,0.89,"","vuruş 2: 0,56s@boss2,65m/oyuncu0,35m 0,86s@boss0,30m/oyuncu3,30m; kalıp sonu: merkeze 3,00 m, başlangıçtan 0,00 m, kalıp simülasyonundan 0,00 m"
9-3,"Sıçrayan Arınma","Tılsım","dosttan_dosta",1,1,1,1,1,1,1,1,1,"yerinde","yerinde",0.00,"oyuncu +16000 can, dost +8000 can",3.00,1.35,0.53,0.54,0.95,"","vuruş 3: 0,57s@boss6,18m/oyuncu3,69m 0,67s@boss6,98m/oyuncu4,53m 0,85s@boss6,88m/oyuncu4,54m; kalıp sonu: merkeze 3,00 m, başlangıçtan 0,00 m, kalıp simülasyonundan 0,00 m, kalıp hedefi AllyDummy"
1-10,"Aynalı Vuruş","Tılsım","sirtta_kapi",1,1,1,1,1,1,1,1,1,"ön","ön",74340.00,"",1.80,1.35,0.32,0.32,0.79,"0/11 kare koşu","vuruş 2: 0,59s@boss0,92m/oyuncu1,19m 0,71s@boss0,55m/oyuncu2,35m; kalıp sonu: merkeze 1,80 m, başlangıçtan 1,20 m, kalıp simülasyonundan 0,00 m; toparlanma 0,46 sn (tablo 0,26)"
1-11,"Kopya Vuruş","Tılsım","golge_yankisi",1,1,1,1,1,1,1,1,1,"ön","ön",78736.00,"",2.10,1.35,0.48,0.50,0.95,"0/10 kare koşu","vuruş 2: 0,57s@boss1,20m/oyuncu1,15m 0,88s@boss1,95m/oyuncu1,39m; kalıp sonu: merkeze 2,10 m, başlangıçtan 0,90 m, kalıp simülasyonundan 0,00 m; toparlanma 0,46 sn (tablo 0,26)"
1-12,"Akan Vuruş","Tılsım","basili_seri",1,1,1,1,1,1,1,1,1,"ön","ön",62476.00,"",1.60,1.35,2.99,3.00,3.45,"","vuruş 6: 0,70s@boss1,74m/oyuncu1,15m 1,20s@boss1,50m/oyuncu1,15m 1,70s@boss1,27m/oyuncu1,15m 2,20s@boss1,04m/oyuncu1,15m 2,70s@boss0,80m/oyuncu1,15m 3,20s@boss0,57m/oyuncu1,15m; kalıp sonu: merkeze 1,60 m, başlangıçtan 1,40 m, kalıp simülasyonundan 0,00 m; toparlanma 0,46 sn (tablo 0,26)"
2-10,"Aynalı Şifa","Tılsım","ters_es",1,1,1,1,1,1,1,1,1,"yerinde","yerinde",25200.00,"oyuncu +168000 can",3.00,1.35,0.43,0.44,0.85,"","vuruş 2: 0,55s@boss2,60m/oyuncu0,40m 0,75s@boss0,00m/oyuncu3,00m; kalıp sonu: merkeze 3,00 m, başlangıçtan 0,00 m, kalıp simülasyonundan 0,00 m"
2-11,"Kopya Şifa","Tılsım","golge_ulak",1,1,1,1,1,1,1,1,1,"yan","yan",0.00,"oyuncu +100000 can, dost +68000 can",2.43,1.35,1.35,1.36,1.77,"0/9 kare koşu","vuruş 2: 0,53s@boss3,26m/oyuncu0,35m 1,68s@boss2,85m/oyuncu1,46m; kalıp sonu: merkeze 2,43 m, başlangıçtan 1,41 m, kalıp simülasyonundan 0,00 m, kalıp hedefi AllyDummy"
2-12,"Akan Şifa","Tılsım","basili_isik",1,1,1,1,1,1,1,1,1,"geri","geri",0.00,"oyuncu +84000 can, dost +84000 can",3.00,1.35,2.99,3.00,3.41,"","vuruş 6: 0,67s@boss5,38m/oyuncu2,72m 1,16s@boss5,56m/oyuncu2,72m 1,66s@boss5,75m/oyuncu2,72m 2,16s@boss5,94m/oyuncu2,72m 2,66s@boss6,12m/oyuncu2,72m 3,16s@boss6,31m/oyuncu2,72m; kalıp sonu: merkeze 3,94 m, başlangıçtan 1,20 m, kalıp simülasyonundan 0,00 m, kalıp hedefi AllyDummy"
3-10,"Aynalı Adım","Tılsım","iki_kapi",1,1,1,1,1,1,1,1,1,"ön","ön",0.00,"",1.50,1.35,0.54,0.54,1.00,"0/16 kare koşu","hasarsız skill (base_damage 0): etki hareketin kendisi; vuruş 2: 0,52s@boss3,00m/oyuncu0,00m 0,94s@boss1,50m/oyuncu0,00m; kalıp sonu: merkeze 1,50 m, başlangıçtan 1,50 m, kalıp simülasyonundan 0,00 m; toparlanma 0,46 sn (tablo 0,26)"
3-11,"Kopya Adım","Tılsım","yem_kac",1,1,1,1,1,1,1,1,1,"geri","geri",0.00,"",3.00,1.35,0.38,0.40,0.85,"0/16 kare koşu","hasarsız skill (base_damage 0): etki hareketin kendisi; vuruş 1: 0,52s@boss3,00m/oyuncu0,00m; kalıp sonu: merkeze 5,80 m, başlangıçtan 2,80 m, kalıp simülasyonundan 0,00 m; toparlanma 0,46 sn (tablo 0,26)"
3-12,"Akan Adım","Tılsım","suzulme",1,1,1,1,1,1,1,1,1,"ön","ön",0.00,"",1.90,1.35,2.99,3.00,3.46,"","hasarsız skill (base_damage 0): etki hareketin kendisi; kalıp sonu: merkeze 1,90 m, başlangıçtan 1,10 m, kalıp simülasyonundan 0,00 m; toparlanma 0,46 sn (tablo 0,26)"
10-1,"Yoğun Yansı","Tılsım","tam_zamanli",1,1,1,1,1,1,1,1,1,"yerinde","yerinde",0.00,"",3.00,1.35,0.48,0.50,0.95,"","hasarsız skill (base_damage 0): etki hareketin kendisi; vuruş 1: 0,80s@boss0,62m/oyuncu2,38m; kalıp sonu: merkeze 3,00 m, başlangıçtan 0,00 m, kalıp simülasyonundan 0,00 m; toparlanma 0,46 sn (tablo 0,26)"
10-2,"Emici Yansı","Tılsım","yutan_girdap",1,1,1,1,1,1,1,1,1,"yerinde","yerinde",0.00,"",1.35,1.35,3.17,3.18,3.64,"","hasarsız skill (base_damage 0): etki hareketin kendisi; vuruş 4: 1,39s@boss1,03m/oyuncu2,38m 2,14s@boss1,03m/oyuncu2,38m 2,89s@boss1,03m/oyuncu2,38m 3,64s@boss1,03m/oyuncu2,38m; kalıp sonu: merkeze 1,35 m, başlangıçtan 0,00 m, kalıp simülasyonundan 0,00 m, boss 1,65 m kaydı; toparlanma 0,46 sn (tablo 0,26)"
10-3,"Sıçrayan Yansı","Tılsım","seken_geri",1,1,1,1,1,1,1,1,1,"ön","ön",0.00,"",1.90,1.35,0.35,0.36,0.82,"0/10 kare koşu","hasarsız skill (base_damage 0): etki hareketin kendisi; vuruş 2: 0,55s@boss0,78m/oyuncu1,53m 0,70s@boss0,00m/oyuncu1,90m; kalıp sonu: merkeze 1,90 m, başlangıçtan 1,10 m, kalıp simülasyonundan 0,00 m; toparlanma 0,46 sn (tablo 0,26)"
10-10,"Aynalı Yansı","Tılsım","iki_kapi",1,1,1,1,1,1,1,1,1,"ön","ön",0.00,"",1.50,1.35,0.53,0.54,1.00,"0/16 kare koşu","hasarsız skill (base_damage 0): etki hareketin kendisi; vuruş 2: 0,52s@boss3,00m/oyuncu0,00m 0,92s@boss1,50m/oyuncu0,00m; kalıp sonu: merkeze 1,50 m, başlangıçtan 1,50 m, kalıp simülasyonundan 0,00 m; toparlanma 0,46 sn (tablo 0,26)"
10-11,"Kopya Yansı","Tılsım","yem_kopya",1,1,1,1,1,1,1,1,1,"yerinde","yerinde",0.00,"",3.00,1.35,0.23,0.24,0.70,"","hasarsız skill (base_damage 0): etki hareketin kendisi; vuruş 1: 0,58s@boss2,98m/oyuncu1,29m; kalıp sonu: merkeze 3,00 m, başlangıçtan 0,00 m, kalıp simülasyonundan 0,00 m; toparlanma 0,46 sn (tablo 0,26)"
10-12,"Akan Yansı","Tılsım","basili_siper",1,1,1,1,1,1,1,1,1,"ön","ön",0.00,"",2.20,1.35,2.99,3.00,3.46,"","hasarsız skill (base_damage 0): etki hareketin kendisi; vuruş 3: 1,22s@boss0,42m/oyuncu2,38m 2,20s@boss0,15m/oyuncu2,38m 3,21s@boss0,12m/oyuncu2,38m; kalıp sonu: merkeze 2,20 m, başlangıçtan 0,80 m, kalıp simülasyonundan 0,00 m; toparlanma 0,46 sn (tablo 0,26)"
11-1,"Yoğun Çağrı","Tılsım","sirt_saplama",1,1,1,1,1,1,1,1,1,"yerinde","yerinde",0.00,"",3.00,1.35,0.32,0.32,0.73,"","hasarsız skill (base_damage 0): etki hareketin kendisi; vuruş 1: 0,67s@boss0,00m/oyuncu3,00m; kalıp sonu: merkeze 3,00 m, başlangıçtan 0,00 m, kalıp simülasyonundan 0,00 m"
11-2,"Emici Çağrı","Tılsım","yapisan",1,1,1,1,1,1,1,1,1,"yerinde","yerinde",0.00,"",1.35,1.35,5.17,5.18,5.58,"","hasarsız skill (base_damage 0): etki hareketin kendisi; vuruş 6: 0,57s@boss0,20m/oyuncu2,58m 1,59s@boss0,00m/oyuncu1,35m 2,59s@boss0,00m/oyuncu1,35m 3,59s@boss0,00m/oyuncu1,35m 4,59s@boss0,00m/oyuncu1,35m 5,58s@boss0,00m/oyuncu1,35m; kalıp sonu: merkeze 1,35 m, başlangıçtan 0,00 m, kalıp simülasyonundan 0,00 m, boss 1,65 m kaydı"
11-3,"Sıçrayan Çağrı","Tılsım","seken_yaratik",1,1,1,1,1,1,1,1,1,"yerinde","yerinde",0.00,"",3.00,1.35,0.63,0.64,1.05,"","hasarsız skill (base_damage 0): etki hareketin kendisi; vuruş 3: 0,65s@boss0,00m/oyuncu3,00m 0,80s@boss0,35m/oyuncu3,02m 0,97s@boss0,35m/oyuncu3,02m; kalıp sonu: merkeze 3,00 m, başlangıçtan 0,00 m, kalıp simülasyonundan 0,00 m"
11-10,"Aynalı Çağrı","Tılsım","takim_kapisi",1,1,1,1,1,1,1,1,1,"yerinde","yerinde",0.00,"",3.00,1.35,1.23,1.24,1.65,"","hasarsız skill (base_damage 0): etki hareketin kendisi; vuruş 1: 0,54s@boss3,00m/oyuncu0,00m; kalıp sonu: merkeze 3,00 m, başlangıçtan 0,00 m, kalıp simülasyonundan 0,00 m"
11-11,"Kopya Çağrı","Tılsım","ayna_klonlar",1,1,1,1,1,1,1,1,1,"yerinde","yerinde",0.00,"",3.00,1.35,0.50,0.50,0.92,"","hasarsız skill (base_damage 0): etki hareketin kendisi; vuruş 2: 0,65s@boss2,93m/oyuncu1,41m 0,82s@boss2,93m/oyuncu1,41m; kalıp sonu: merkeze 3,00 m, başlangıçtan 0,00 m, kalıp simülasyonundan 0,00 m"
11-12,"Akan Çağrı","Tılsım","kapidan_akin",1,1,1,1,1,1,1,1,1,"yerinde","yerinde",0.00,"",3.00,1.35,4.19,4.20,4.61,"","hasarsız skill (base_damage 0): etki hareketin kendisi; vuruş 6: 0,60s@boss0,85m/oyuncu2,15m 1,40s@boss0,00m/oyuncu3,00m 2,20s@boss0,00m/oyuncu3,00m 3,02s@boss0,00m/oyuncu3,00m 3,81s@boss0,00m/oyuncu3,00m 4,61s@boss0,00m/oyuncu3,00m; kalıp sonu: merkeze 3,00 m, başlangıçtan 0,00 m, kalıp simülasyonundan 0,00 m"
12-1,"Yoğun Zaman","Tılsım","zamanli_donma",1,1,1,1,1,1,1,1,1,"ön","ön",0.00,"boss:Slow, boss hız x0,70",1.50,1.35,0.50,0.50,0.97,"0/10 kare koşu","vuruş 1: 0,90s@boss0,69m/oyuncu1,28m; kalıp sonu: merkeze 1,50 m, başlangıçtan 1,50 m, kalıp simülasyonundan 0,00 m; toparlanma 0,46 sn (tablo 0,26)"
12-2,"Emici Zaman","Tılsım","ceken_girdap",1,1,1,1,1,1,1,1,1,"yerinde","yerinde",0.00,"boss:Slow, oyuncu:Haste, boss hız x0,70, oyuncu hız x1,30",3.00,1.35,1.32,1.32,1.78,"","vuruş 3: 1,13s@boss0,00m/oyuncu3,00m 1,63s@boss0,00m/oyuncu3,00m 1,70s@boss0,00m/oyuncu3,00m; kalıp sonu: merkeze 3,00 m, başlangıçtan 0,00 m, kalıp simülasyonundan 0,00 m; toparlanma 0,46 sn (tablo 0,26)"
12-3,"Sıçrayan Zaman","Tılsım","geri_donen_kure",1,1,1,1,1,1,1,1,1,"yerinde","yerinde",0.00,"boss:Slow, boss hız x0,70",3.00,1.35,0.49,0.50,0.96,"","vuruş 2: 0,63s@boss0,30m/oyuncu3,30m 0,87s@boss0,96m/oyuncu2,04m; kalıp sonu: merkeze 3,00 m, başlangıçtan 0,00 m, kalıp simülasyonundan 0,00 m; toparlanma 0,46 sn (tablo 0,26)"
12-10,"Aynalı Zaman","Tılsım","boss_geri",1,1,1,1,1,1,1,1,1,"yerinde","yerinde",0.00,"boss:Slow, boss hız x0,70",3.00,1.35,0.45,0.46,0.92,"","vuruş 1: 0,65s@boss0,30m/oyuncu3,30m; kalıp sonu: merkeze 3,00 m, başlangıçtan 0,00 m, kalıp simülasyonundan 0,00 m; toparlanma 0,46 sn (tablo 0,26)"
12-11,"Kopya Zaman","Tılsım","geri_sarma",1,1,1,1,1,1,1,1,1,"başlangıç","başlangıç",0.00,"",1.50,1.35,2.66,2.66,3.12,"1/32 kare koşu, ayak/gövde hız oranı 1,00","hasarsız skill (base_damage 0): etki hareketin kendisi; kalıp sonu: merkeze 3,00 m, başlangıçtan 0,00 m, kalıp simülasyonundan 0,00 m; toparlanma 0,46 sn (tablo 0,26)"
12-12,"Akan Zaman","Tılsım","yuruyen_balon",1,1,1,1,1,1,1,1,1,"ön","ön",0.00,"boss:Slow, boss hız x0,70",1.80,1.35,4.19,4.20,4.66,"","vuruş 5: 0,55s@boss3,00m/oyuncu0,00m 1,66s@boss2,70m/oyuncu0,00m 2,66s@boss2,40m/oyuncu0,00m 3,66s@boss2,10m/oyuncu0,00m 4,66s@boss1,80m/oyuncu0,00m; kalıp sonu: merkeze 1,80 m, başlangıçtan 1,20 m, kalıp simülasyonundan 0,00 m; toparlanma 0,46 sn (tablo 0,26)"
4-4,"Sabit Kalkan","Tılsım","duvar_dikme",1,1,1,1,1,1,1,1,1,"yerinde","yerinde",0.00,"",3.00,1.35,0.32,0.32,0.78,"","hasarsız skill (base_damage 0): etki hareketin kendisi; vuruş 1: 0,67s@boss0,62m/oyuncu2,38m; kalıp sonu: merkeze 3,00 m, başlangıçtan 0,00 m, kalıp simülasyonundan 0,00 m; toparlanma 0,46 sn (tablo 0,26)"
4-5,"Yayılan Kalkan","Tılsım","onde_yelpaze",1,1,1,1,1,1,1,1,1,"yerinde","yerinde",0.00,"",3.00,1.35,0.62,0.63,1.08,"","hasarsız skill (base_damage 0): etki hareketin kendisi; vuruş 1: 0,90s@boss1,88m/oyuncu1,12m; kalıp sonu: merkeze 3,00 m, başlangıçtan 0,00 m, kalıp simülasyonundan 0,00 m; toparlanma 0,46 sn (tablo 0,26)"
4-6,"Bağlayıcı Kalkan","Tılsım","zincirli_firlatma",1,1,1,1,1,1,1,1,1,"ön","ön",0.00,"",1.50,1.35,0.70,0.70,1.17,"0/12 kare koşu","hasarsız skill (base_damage 0): etki hareketin kendisi; vuruş 2: 0,65s@boss0,45m/oyuncu3,45m 1,08s@boss0,73m/oyuncu1,28m; kalıp sonu: merkeze 1,50 m, başlangıçtan 1,50 m, kalıp simülasyonundan 0,00 m; toparlanma 0,46 sn (tablo 0,26)"
4-7,"Bulandırıcı Kalkan","Tılsım","duman_duvari",1,1,1,1,1,1,1,1,1,"yerinde","yerinde",0.00,"",2.80,1.35,0.52,0.52,0.98,"","hasarsız skill (base_damage 0): etki hareketin kendisi; vuruş 1: 0,67s@boss0,42m/oyuncu2,38m; kalıp sonu: merkeze 2,80 m, başlangıçtan 0,20 m, kalıp simülasyonundan 0,00 m; toparlanma 0,46 sn (tablo 0,26)"
4-8,"Yükselen Kalkan","Tılsım","yerden_buyuyen",1,1,1,1,1,1,1,1,1,"yerinde","yerinde",0.00,"",3.00,1.35,0.42,0.42,0.88,"","hasarsız skill (base_damage 0): etki hareketin kendisi; vuruş 1: 0,75s@boss6,98m/oyuncu4,35m; kalıp sonu: merkeze 3,18 m, başlangıçtan 0,25 m, kalıp simülasyonundan 0,00 m, kalıp hedefi AllyDummy; toparlanma 0,46 sn (tablo 0,26)"
4-9,"Odaklı Kalkan","Tılsım","koruyucu_isaret",1,1,1,1,1,1,1,1,1,"geri","geri",0.00,"",3.00,1.35,0.18,0.20,0.65,"0/11 kare koşu","hasarsız skill (base_damage 0): etki hareketin kendisi; vuruş 1: 0,60s@boss3,73m/oyuncu0,35m; kalıp sonu: merkeze 3,61 m, başlangıçtan 0,80 m, kalıp simülasyonundan 0,00 m, kalıp hedefi AllyDummy; toparlanma 0,46 sn (tablo 0,26)"
5-4,"Sabit Patlama","Tılsım","mayin_cakma",1,1,1,1,1,1,1,1,1,"yerinde","yerinde",51992.00,"",3.00,1.35,0.42,0.42,0.88,"","vuruş 2: 0,68s@boss0,85m/oyuncu2,15m 0,77s@boss0,85m/oyuncu2,15m; kalıp sonu: merkeze 3,00 m, başlangıçtan 0,00 m, kalıp simülasyonundan 0,00 m; toparlanma 0,46 sn (tablo 0,26)"
5-5,"Yayılan Patlama","Tılsım","yer_yarigi",1,1,1,1,1,1,1,1,1,"ön","ön",45352.00,"",1.50,1.35,0.55,0.56,1.02,"0/26 kare koşu","vuruş 3: 0,73s@boss0,35m/oyuncu1,28m 0,85s@boss0,14m/oyuncu1,36m 0,98s@boss0,23m/oyuncu1,28m; kalıp sonu: merkeze 1,50 m, başlangıçtan 2,07 m, kalıp simülasyonundan 0,00 m; toparlanma 0,46 sn (tablo 0,26)"
5-6,"Bağlayıcı Patlama","Tılsım","gerilip_kopan",1,1,1,1,1,1,1,1,1,"geri","geri",52924.00,"boss:Root+Slow, boss hız x0,00",1.35,1.35,0.57,0.58,1.04,"0/27 kare koşu","vuruş 2: 0,62s@boss0,85m/oyuncu0,90m 0,97s@boss0,85m/oyuncu2,65m; kalıp sonu: merkeze 3,14 m, başlangıçtan 0,50 m, kalıp simülasyonundan 0,00 m, boss 0,36 m kaydı; toparlanma 0,46 sn (tablo 0,26)"
5-7,"Bulandırıcı Patlama","Tılsım","sis_bombasi",1,1,1,1,1,1,1,1,1,"yerinde","yerinde",54504.00,"boss:Blind, oyuncu:Stealth",3.00,1.35,0.22,0.22,0.68,"","vuruş 1: 0,65s@boss0,35m/oyuncu3,35m; kalıp sonu: merkeze 3,00 m, başlangıçtan 0,00 m, kalıp simülasyonundan 0,00 m; toparlanma 0,46 sn (tablo 0,26)"
5-8,"Yükselen Patlama","Tılsım","yerden_fiskirma",1,1,1,1,1,1,1,1,1,"ön","ön",61688.00,"boss:Stun, boss hız x0,00",2.60,1.35,0.43,0.44,0.90,"","vuruş 1: 0,77s@boss0,00m/oyuncu2,78m; kalıp sonu: merkeze 2,60 m, başlangıçtan 0,40 m, kalıp simülasyonundan 0,00 m; toparlanma 0,46 sn (tablo 0,26)"
5-9,"Odaklı Patlama","Tılsım","gudumlu_top",1,1,1,1,1,1,1,1,1,"yerinde","yerinde",88180.00,"",3.00,1.35,0.55,0.56,1.02,"","vuruş 1: 0,93s@boss0,00m/oyuncu3,00m; kalıp sonu: merkeze 3,00 m, başlangıçtan 0,00 m, kalıp simülasyonundan 0,00 m; toparlanma 0,46 sn (tablo 0,26)"
6-4,"Sabit Bağ","Tılsım","karsilikli_kilit",1,1,1,1,1,1,1,1,1,"ön","ön",15392.00,"boss:Root, boss hız x0,00",1.50,1.35,3.22,3.24,3.69,"0/15 kare koşu","vuruş 1: 0,93s@boss0,40m/oyuncu1,11m; kalıp sonu: merkeze 1,50 m, başlangıçtan 1,50 m, kalıp simülasyonundan 0,00 m; toparlanma 0,46 sn (tablo 0,26)"
6-5,"Yayılan Bağ","Tılsım","yer_tuzagi",1,1,1,1,1,1,1,1,1,"yerinde","yerinde",13464.00,"boss:Root, boss hız x0,00",3.00,1.35,0.27,0.28,0.74,"","vuruş 1: 0,63s@boss0,62m/oyuncu2,38m; kalıp sonu: merkeze 3,00 m, başlangıçtan 0,00 m, kalıp simülasyonundan 0,00 m; toparlanma 0,46 sn (tablo 0,26)"
6-6,"Bağlayıcı Bağ","Tılsım","iki_uclu",1,1,1,1,1,1,1,1,1,"yerinde","yerinde",14752.00,"boss:Root+Slow, boss hız x0,00",3.00,1.35,0.65,0.65,1.12,"","vuruş 1: 0,63s@boss0,28m/oyuncu3,28m; kalıp sonu: merkeze 3,00 m, başlangıçtan 0,00 m, kalıp simülasyonundan 0,00 m; toparlanma 0,46 sn (tablo 0,26)"
6-7,"Bulandırıcı Bağ","Tılsım","goz_bagi",1,1,1,1,1,1,1,1,1,"yerinde","yerinde",15208.00,"boss:Blind+Root, boss hız x0,00",3.00,1.35,0.18,0.20,0.65,"","vuruş 1: 0,63s@boss0,28m/oyuncu3,28m; kalıp sonu: merkeze 3,00 m, başlangıçtan 0,00 m, kalıp simülasyonundan 0,00 m; toparlanma 0,46 sn (tablo 0,26)"
6-8,"Yükselen Bağ","Tılsım","havada_asma",1,1,1,1,1,1,1,1,1,"ön","ön",17224.00,"boss:Root, boss hız x0,00",1.50,1.35,1.13,1.14,1.59,"0/20 kare koşu","vuruş 1: 0,96s@boss1,50m/oyuncu0,00m; kalıp sonu: merkeze 1,50 m, başlangıçtan 1,50 m, kalıp simülasyonundan 0,00 m; toparlanma 0,46 sn (tablo 0,26)"
6-9,"Odaklı Bağ","Tılsım","zamanli_donma",1,1,1,1,1,1,1,1,1,"ön","ön",27168.00,"boss:Root, boss hız x0,00",1.50,1.35,0.48,0.50,0.95,"0/9 kare koşu","vuruş 1: 0,90s@boss0,69m/oyuncu1,28m; kalıp sonu: merkeze 1,50 m, başlangıçtan 1,50 m, kalıp simülasyonundan 0,00 m; toparlanma 0,46 sn (tablo 0,26)"
7-4,"Sabit Zafiyet","Tılsım","mayin_cakma",1,1,1,1,1,1,1,1,1,"yerinde","yerinde",9384.00,"",3.00,1.35,0.42,0.42,0.89,"","vuruş 2: 0,69s@boss0,85m/oyuncu2,15m 0,77s@boss0,85m/oyuncu2,15m; kalıp sonu: merkeze 3,00 m, başlangıçtan 0,00 m, kalıp simülasyonundan 0,00 m; toparlanma 0,46 sn (tablo 0,26)"
7-5,"Yayılan Zafiyet","Tılsım","onde_yelpaze",1,1,1,1,1,1,1,1,1,"yerinde","yerinde",9136.00,"",3.00,1.35,0.62,0.63,1.08,"","vuruş 1: 0,90s@boss1,88m/oyuncu1,12m; kalıp sonu: merkeze 3,00 m, başlangıçtan 0,00 m, kalıp simülasyonundan 0,00 m; toparlanma 0,46 sn (tablo 0,26)"
7-6,"Bağlayıcı Zafiyet","Tılsım","dost_ip",1,1,1,1,1,1,1,1,1,"yerinde","yerinde",11056.00,"boss:Root+Slow, boss hız x0,00",3.00,1.35,0.62,0.62,1.09,"","vuruş 1: 0,65s@boss0,28m/oyuncu3,28m; kalıp sonu: merkeze 3,00 m, başlangıçtan 0,00 m, kalıp simülasyonundan 0,00 m; toparlanma 0,46 sn (tablo 0,26)"
8-4,"Sabit Yükseliş","Tılsım","totem_dikme",1,1,1,1,1,1,1,1,1,"yerinde","yerinde",0.00,"",3.00,1.35,0.28,0.30,0.70,"","hasarsız skill (base_damage 0): etki hareketin kendisi; vuruş 1: 0,67s@boss3,10m/oyuncu0,00m; kalıp sonu: merkeze 3,11 m, başlangıçtan 0,15 m, kalıp simülasyonundan 0,00 m, kalıp hedefi AllyDummy"
8-5,"Yayılan Yükseliş","Tılsım","savas_narasi",1,1,1,1,1,1,1,1,1,"yerinde","yerinde",0.00,"",3.00,1.35,0.35,0.36,0.77,"","hasarsız skill (base_damage 0): etki hareketin kendisi; vuruş 1: 0,60s@boss3,00m/oyuncu0,00m; kalıp sonu: merkeze 3,00 m, başlangıçtan 0,00 m, kalıp simülasyonundan 0,00 m"
8-6,"Bağlayıcı Yükseliş","Tılsım","dost_dosta",1,1,1,1,1,1,1,1,1,"yan","yan",0.00,"",2.38,1.35,0.52,0.52,0.93,"0/13 kare koşu","hasarsız skill (base_damage 0): etki hareketin kendisi; vuruş 3: 0,48s@boss4,05m/oyuncu1,22m 0,68s@boss2,68m/oyuncu1,41m 0,85s@boss4,76m/oyuncu2,38m; kalıp sonu: merkeze 2,38 m, başlangıçtan 1,41 m, kalıp simülasyonundan 0,00 m, kalıp hedefi AllyDummy"
9-4,"Sabit Arınma","Tılsım","yer_tuzagi",1,1,1,1,1,1,1,1,1,"yerinde","yerinde",0.00,"oyuncu +20000 can",3.00,1.35,0.27,0.28,0.68,"","vuruş 1: 0,58s@boss0,62m/oyuncu2,38m; kalıp sonu: merkeze 3,00 m, başlangıçtan 0,00 m, kalıp simülasyonundan 0,00 m"
9-5,"Yayılan Arınma","Tılsım","dagilan_yagmur",1,1,1,1,1,1,1,1,1,"yerinde","yerinde",0.00,"oyuncu +20000 can",3.00,1.35,0.57,0.58,0.98,"","vuruş 1: 0,82s@boss3,00m/oyuncu0,00m; kalıp sonu: merkeze 3,00 m, başlangıçtan 0,00 m, kalıp simülasyonundan 0,00 m, kalıp hedefi AllyDummy"
9-6,"Bağlayıcı Arınma","Tılsım","iki_uclu",1,1,1,1,1,1,1,1,1,"yerinde","yerinde",0.00,"oyuncu +20000 can",3.00,1.35,0.63,0.65,1.05,"","vuruş 1: 0,58s@boss6,09m/oyuncu3,59m; kalıp sonu: merkeze 3,00 m, başlangıçtan 0,00 m, kalıp simülasyonundan 0,00 m, kalıp hedefi AllyDummy"
4-10,"Aynalı Kalkan","Tılsım","sirtta_kapi",1,1,1,1,1,1,1,1,1,"ön","ön",24000.00,"",1.80,1.35,0.32,0.32,0.78,"0/11 kare koşu","vuruş 2: 0,58s@boss0,92m/oyuncu1,19m 0,70s@boss0,55m/oyuncu2,35m; kalıp sonu: merkeze 1,80 m, başlangıçtan 1,20 m, kalıp simülasyonundan 0,00 m; toparlanma 0,46 sn (tablo 0,26)"
4-11,"Kopya Kalkan","Tılsım","yem_kopya",1,1,1,1,1,1,1,1,1,"yerinde","yerinde",0.00,"",3.00,1.35,0.23,0.24,0.70,"","hasarsız skill (base_damage 0): etki hareketin kendisi; vuruş 1: 0,58s@boss2,98m/oyuncu1,29m; kalıp sonu: merkeze 3,00 m, başlangıçtan 0,00 m, kalıp simülasyonundan 0,00 m; toparlanma 0,46 sn (tablo 0,26)"
4-12,"Akan Kalkan","Tılsım","basili_siper",1,1,1,1,1,1,1,1,1,"geri","geri",0.00,"",3.00,1.35,3.00,3.00,3.46,"","hasarsız skill (base_damage 0): etki hareketin kendisi; vuruş 3: 1,20s@boss5,16m/oyuncu2,38m 2,21s@boss5,41m/oyuncu2,38m 3,21s@boss5,65m/oyuncu2,38m; kalıp sonu: merkeze 3,61 m, başlangıçtan 0,80 m, kalıp simülasyonundan 0,00 m, kalıp hedefi AllyDummy; toparlanma 0,46 sn (tablo 0,26)"
5-10,"Aynalı Patlama","Tılsım","karsi_darbe",1,1,1,1,1,1,1,1,1,"ön","ön",51928.00,"",1.70,1.35,0.35,0.36,0.82,"0/9 kare koşu","vuruş 1: 0,75s@boss0,83m/oyuncu1,36m; kalıp sonu: merkeze 1,70 m, başlangıçtan 1,30 m, kalıp simülasyonundan 0,00 m; toparlanma 0,46 sn (tablo 0,26)"
5-11,"Kopya Patlama","Tılsım","golge_yankisi",1,1,1,1,1,1,1,1,1,"ön","ön",68928.00,"",2.10,1.35,0.50,0.50,0.97,"0/10 kare koşu","vuruş 2: 0,57s@boss1,20m/oyuncu1,15m 0,88s@boss1,95m/oyuncu1,39m; kalıp sonu: merkeze 2,10 m, başlangıçtan 0,90 m, kalıp simülasyonundan 0,00 m; toparlanma 0,46 sn (tablo 0,26)"
5-12,"Akan Patlama","Tılsım","patlayan_iz",1,1,1,1,1,1,1,1,1,"ön","ön",40408.00,"",2.99,1.35,2.99,3.00,3.46,"","vuruş 6: 0,92s@boss2,20m/oyuncu1,53m 1,41s@boss2,48m/oyuncu1,53m 1,91s@boss2,98m/oyuncu1,53m 2,41s@boss2,79m/oyuncu1,53m 2,91s@boss2,46m/oyuncu1,53m 3,41s@boss2,10m/oyuncu1,53m; kalıp sonu: merkeze 3,60 m, başlangıçtan 2,20 m, kalıp simülasyonundan 0,70 m, boss 2,80 m kaydı; toparlanma 0,46 sn (tablo 0,26)"
6-10,"Aynalı Bağ","Tılsım","karsi_darbe",1,1,1,1,1,1,1,1,1,"ön","ön",15824.00,"boss:Root, boss hız x0,00",1.70,1.35,0.35,0.36,0.83,"0/9 kare koşu","vuruş 1: 0,76s@boss0,83m/oyuncu1,36m; kalıp sonu: merkeze 1,70 m, başlangıçtan 1,30 m, kalıp simülasyonundan 0,00 m; toparlanma 0,46 sn (tablo 0,26)"
6-11,"Kopya Bağ","Tılsım","onden_arkadan",1,1,1,1,1,1,1,1,1,"ön","ön",14960.00,"boss:Root, boss hız x0,00",2.10,1.35,0.33,0.34,0.80,"0/10 kare koşu","vuruş 2: 0,57s@boss1,24m/oyuncu1,11m 0,68s@boss0,60m/oyuncu2,70m; kalıp sonu: merkeze 2,10 m, başlangıçtan 0,90 m, kalıp simülasyonundan 0,00 m; toparlanma 0,46 sn (tablo 0,26)"
6-12,"Akan Bağ","Tılsım","cember_sarma",1,1,1,1,1,1,1,1,1,"arka","arka",10944.00,"boss:Root, boss hız x0,00",1.50,1.35,0.88,0.90,1.36,"0/45 kare koşu","vuruş 1: 1,27s@boss0,00m/oyuncu2,06m; kalıp sonu: merkeze 2,06 m, başlangıçtan 4,59 m, kalıp simülasyonundan 0,00 m; toparlanma 0,46 sn (tablo 0,26)"
10-4,"Sabit Yansı","Tılsım","duvar_dikme",1,1,1,1,1,1,1,1,1,"yerinde","yerinde",0.00,"",3.00,1.35,0.32,0.32,0.78,"","hasarsız skill (base_damage 0): etki hareketin kendisi; vuruş 1: 0,67s@boss0,62m/oyuncu2,38m; kalıp sonu: merkeze 3,00 m, başlangıçtan 0,00 m, kalıp simülasyonundan 0,00 m; toparlanma 0,46 sn (tablo 0,26)"
10-5,"Yayılan Yansı","Tılsım","yuruyen_balon",1,1,1,1,1,1,1,1,1,"ön","ön",0.00,"",1.80,1.35,4.19,4.20,4.66,"","hasarsız skill (base_damage 0): etki hareketin kendisi; vuruş 5: 0,55s@boss3,00m/oyuncu0,00m 1,67s@boss2,69m/oyuncu0,00m 2,67s@boss2,40m/oyuncu0,00m 3,66s@boss2,10m/oyuncu0,00m 4,66s@boss1,80m/oyuncu0,00m; kalıp sonu: merkeze 1,80 m, başlangıçtan 1,20 m, kalıp simülasyonundan 0,00 m; toparlanma 0,46 sn (tablo 0,26)"
10-6,"Bağlayıcı Yansı","Tılsım","silaha_kement",1,1,1,1,1,1,1,1,1,"yerinde","yerinde",0.00,"boss:Root+Slow, boss hız x0,00",3.00,1.35,0.93,0.94,1.40,"","vuruş 1: 0,65s@boss0,40m/oyuncu3,40m; kalıp sonu: merkeze 3,00 m, başlangıçtan 0,00 m, kalıp simülasyonundan 0,00 m; toparlanma 0,46 sn (tablo 0,26)"
11-4,"Sabit Çağrı","Tılsım","taret_dikme",1,1,1,1,1,1,1,1,1,"yerinde","yerinde",0.00,"",3.00,1.35,0.42,0.42,0.83,"","hasarsız skill (base_damage 0): etki hareketin kendisi; vuruş 2: 0,53s@boss3,00m/oyuncu0,00m 0,78s@boss0,21m/oyuncu3,21m; kalıp sonu: merkeze 3,00 m, başlangıçtan 0,00 m, kalıp simülasyonundan 0,00 m"
11-5,"Yayılan Çağrı","Tılsım","dagilan_suru",1,1,1,1,1,1,1,1,1,"yerinde","yerinde",0.00,"",3.00,1.35,0.42,0.42,0.83,"","hasarsız skill (base_damage 0): etki hareketin kendisi; vuruş 3: 0,48s@boss0,35m/oyuncu3,02m 0,62s@boss0,00m/oyuncu3,00m 0,75s@boss0,35m/oyuncu3,02m; kalıp sonu: merkeze 3,00 m, başlangıçtan 0,00 m, kalıp simülasyonundan 0,00 m"
11-6,"Bağlayıcı Çağrı","Tılsım","muhafiz",1,1,1,1,1,1,1,1,1,"yerinde","yerinde",0.00,"boss:Root+Slow, boss hız x0,00",3.00,1.35,0.52,0.52,0.93,"","vuruş 1: 0,55s@boss2,89m/oyuncu1,20m; kalıp sonu: merkeze 3,00 m, başlangıçtan 0,00 m, kalıp simülasyonundan 0,00 m"
12-4,"Sabit Zaman","Tılsım","totem_dikme",1,1,1,1,1,1,1,1,1,"yerinde","yerinde",0.00,"boss:Slow+Stun, boss hız x0,00",2.85,1.35,0.30,0.30,0.77,"","vuruş 1: 0,72s@boss2,87m/oyuncu0,00m; kalıp sonu: merkeze 2,85 m, başlangıçtan 0,15 m, kalıp simülasyonundan 0,00 m; toparlanma 0,46 sn (tablo 0,26)"
12-5,"Yayılan Zaman","Tılsım","genisleyen_halka",1,1,1,1,1,1,1,1,1,"yerinde","yerinde",0.00,"boss:Slow, boss hız x0,70",3.00,1.35,0.57,0.58,1.03,"","vuruş 1: 0,92s@boss3,00m/oyuncu0,00m; kalıp sonu: merkeze 3,00 m, başlangıçtan 0,00 m, kalıp simülasyonundan 0,00 m; toparlanma 0,46 sn (tablo 0,26)"
12-6,"Bağlayıcı Zaman","Tılsım","iki_uclu",1,1,1,1,1,1,1,1,1,"yerinde","yerinde",0.00,"oyuncu:Haste, oyuncu hız x1,30",3.00,1.35,0.64,0.65,1.11,"","vuruş 1: 0,63s@boss0,28m/oyuncu3,28m; kalıp sonu: merkeze 3,00 m, başlangıçtan 0,00 m, kalıp simülasyonundan 0,00 m; toparlanma 0,46 sn (tablo 0,26)"
7-7,"Bulandırıcı Zafiyet","Tılsım","sis_bombasi",1,1,1,1,1,1,1,1,1,"yerinde","yerinde",9480.00,"boss:Blind",3.00,1.35,0.22,0.22,0.68,"","vuruş 1: 0,65s@boss0,35m/oyuncu3,35m; kalıp sonu: merkeze 3,00 m, başlangıçtan 0,00 m, kalıp simülasyonundan 0,00 m; toparlanma 0,46 sn (tablo 0,26)"
7-8,"Yükselen Zafiyet","Tılsım","yerden_fiskirma",1,1,1,1,1,1,1,1,1,"ön","ön",10736.00,"boss:Stun, boss hız x0,00",2.60,1.35,0.44,0.44,0.90,"","vuruş 1: 0,77s@boss0,00m/oyuncu2,77m; kalıp sonu: merkeze 2,60 m, başlangıçtan 0,40 m, kalıp simülasyonundan 0,00 m; toparlanma 0,46 sn (tablo 0,26)"
7-9,"Odaklı Zafiyet","Tılsım","isaret_patlamasi",1,1,1,1,1,1,1,1,1,"yerinde","yerinde",16496.00,"",3.00,1.35,1.92,1.92,2.39,"","vuruş 1: 2,32s@boss0,00m/oyuncu3,00m; kalıp sonu: merkeze 3,00 m, başlangıçtan 0,00 m, kalıp simülasyonundan 0,00 m; toparlanma 0,46 sn (tablo 0,26)"
7-10,"Aynalı Zafiyet","Tılsım","onden_arkadan",1,1,1,1,1,1,1,1,1,"ön","ön",12672.00,"",2.10,1.35,0.33,0.34,0.81,"0/10 kare koşu","vuruş 2: 0,57s@boss1,24m/oyuncu1,11m 0,69s@boss0,60m/oyuncu2,70m; kalıp sonu: merkeze 2,10 m, başlangıçtan 0,90 m, kalıp simülasyonundan 0,00 m; toparlanma 0,46 sn (tablo 0,26)"
7-11,"Kopya Zafiyet","Tılsım","golge_yankisi",1,1,1,1,1,1,1,1,1,"ön","ön",12832.00,"",2.10,1.35,0.50,0.50,0.97,"0/10 kare koşu","vuruş 2: 0,57s@boss1,20m/oyuncu1,15m 0,88s@boss1,95m/oyuncu1,39m; kalıp sonu: merkeze 2,10 m, başlangıçtan 0,90 m, kalıp simülasyonundan 0,00 m; toparlanma 0,46 sn (tablo 0,26)"
7-12,"Akan Zafiyet","Tılsım","basili_isik",1,1,1,1,1,1,1,1,1,"ön","ön",8960.00,"",1.80,1.35,2.99,3.00,3.45,"","vuruş 6: 0,72s@boss0,17m/oyuncu2,72m 1,22s@boss0,03m/oyuncu2,72m 1,72s@boss0,23m/oyuncu2,72m 2,22s@boss0,43m/oyuncu2,72m 2,70s@boss0,62m/oyuncu2,72m 3,20s@boss0,82m/oyuncu2,72m; kalıp sonu: merkeze 1,80 m, başlangıçtan 1,20 m, kalıp simülasyonundan 0,00 m; toparlanma 0,46 sn (tablo 0,26)"
8-7,"Bulandırıcı Yükseliş","Tılsım","goz_bagi",1,1,1,1,1,1,1,1,1,"yerinde","yerinde",0.00,"",3.00,1.35,0.20,0.20,0.62,"","hasarsız skill (base_damage 0): etki hareketin kendisi; vuruş 1: 0,58s@boss0,28m/oyuncu3,28m; kalıp sonu: merkeze 3,00 m, başlangıçtan 0,00 m, kalıp simülasyonundan 0,00 m"
8-8,"Yükselen Yükseliş","Tılsım","buyuten_kemer",1,1,1,1,1,1,1,1,1,"yerinde","yerinde",0.00,"",3.00,1.35,0.42,0.42,0.83,"","hasarsız skill (base_damage 0): etki hareketin kendisi; vuruş 1: 0,70s@boss5,02m/oyuncu2,21m; kalıp sonu: merkeze 3,22 m, başlangıçtan 0,30 m, kalıp simülasyonundan 0,00 m, kalıp hedefi AllyDummy"
8-9,"Odaklı Yükseliş","Tılsım","gudumlu_top",1,1,1,1,1,1,1,1,1,"yerinde","yerinde",0.00,"",3.00,1.35,0.55,0.56,0.97,"","hasarsız skill (base_damage 0): etki hareketin kendisi; vuruş 1: 0,88s@boss6,98m/oyuncu4,53m; kalıp sonu: merkeze 3,00 m, başlangıçtan 0,00 m, kalıp simülasyonundan 0,00 m, kalıp hedefi AllyDummy"
8-10,"Aynalı Yükseliş","Tılsım","ters_es",1,1,1,1,1,1,1,1,1,"yerinde","yerinde",0.00,"",3.00,1.35,0.43,0.44,0.85,"","hasarsız skill (base_damage 0): etki hareketin kendisi; vuruş 2: 0,55s@boss2,60m/oyuncu0,40m 0,75s@boss0,00m/oyuncu3,00m; kalıp sonu: merkeze 3,00 m, başlangıçtan 0,00 m, kalıp simülasyonundan 0,00 m"
8-11,"Kopya Yükseliş","Tılsım","golge_ulak",1,1,1,1,1,1,1,1,1,"yan","yan",0.00,"",2.43,1.35,1.35,1.36,1.77,"0/9 kare koşu","hasarsız skill (base_damage 0): etki hareketin kendisi; vuruş 2: 0,53s@boss3,26m/oyuncu0,35m 1,68s@boss2,85m/oyuncu1,46m; kalıp sonu: merkeze 2,43 m, başlangıçtan 1,41 m, kalıp simülasyonundan 0,00 m, kalıp hedefi AllyDummy"
8-12,"Akan Yükseliş","Tılsım","akinti_yolu",1,1,1,1,1,1,1,1,1,"geri","geri",0.00,"",3.00,1.35,0.94,0.94,1.36,"3/41 kare koşu, ayak/gövde hız oranı 1,01","hasarsız skill (base_damage 0): etki hareketin kendisi; vuruş 1: 1,22s@boss6,27m/oyuncu2,38m; kalıp sonu: merkeze 4,11 m, başlangıçtan 1,40 m, kalıp simülasyonundan 0,00 m, kalıp hedefi AllyDummy"
9-7,"Bulandırıcı Arınma","Tılsım","sis_ortusu",1,1,1,1,1,1,1,1,1,"yerinde","yerinde",0.00,"oyuncu +20000 can",3.00,1.35,0.29,0.30,0.70,"","vuruş 1: 0,59s@boss0,00m/oyuncu3,00m; kalıp sonu: merkeze 3,00 m, başlangıçtan 0,00 m, kalıp simülasyonundan 0,00 m"
9-8,"Yükselen Arınma","Tılsım","isik_sutunu",1,1,1,1,1,1,1,1,1,"yerinde","yerinde",0.00,"oyuncu +20000 can",3.00,1.35,0.47,0.48,0.89,"","vuruş 1: 0,76s@boss3,05m/oyuncu0,00m; kalıp sonu: merkeze 3,07 m, başlangıçtan 0,10 m, kalıp simülasyonundan 0,00 m, kalıp hedefi AllyDummy"
9-9,"Odaklı Arınma","Tılsım","mermi_sondur",1,1,1,1,1,1,1,1,1,"yerinde","yerinde",0.00,"oyuncu +20000 can",3.00,1.35,0.37,0.38,0.78,"","vuruş 1: 0,72s@boss6,98m/oyuncu4,53m; kalıp sonu: merkeze 3,00 m, başlangıçtan 0,00 m, kalıp simülasyonundan 0,00 m, kalıp hedefi AllyDummy"
9-10,"Aynalı Arınma","Tılsım","yer_degistir",1,1,1,1,1,1,1,1,1,"arka","arka",0.00,"oyuncu +20000 can",1.50,1.35,0.33,0.34,0.74,"0/1 kare koşu","vuruş 1: 0,67s@boss0,31m/oyuncu1,19m; kalıp sonu: merkeze 1,50 m, başlangıçtan 4,50 m, kalıp simülasyonundan 0,00 m; tek karede 4,50 m sıçrama (sınır 0,63 m @ 17 ms, t=0,51, faz degis, blink tasarım gereği)"
9-11,"Kopya Arınma","Tılsım","yem_kopya",1,1,1,1,1,1,1,1,1,"yerinde","yerinde",0.00,"oyuncu +20000 can",3.00,1.35,0.23,0.24,0.65,"","vuruş 1: 0,53s@boss2,98m/oyuncu1,29m; kalıp sonu: merkeze 3,00 m, başlangıçtan 0,00 m, kalıp simülasyonundan 0,00 m"
9-12,"Akan Arınma","Tılsım","nabiz",1,1,1,1,1,1,1,1,1,"yerinde","yerinde",0.00,"oyuncu +16000 can, dost +8000 can",3.00,1.35,3.17,3.18,3.59,"","vuruş 3: 1,58s@boss3,00m/oyuncu0,00m 2,58s@boss3,00m/oyuncu0,00m 3,59s@boss3,00m/oyuncu0,00m; kalıp sonu: merkeze 3,00 m, başlangıçtan 0,00 m, kalıp simülasyonundan 0,00 m"
10-7,"Bulandırıcı Yansı","Tılsım","sahte_goruntu",1,1,1,1,1,1,1,1,1,"geri","geri",0.00,"boss:Blind",3.00,1.35,0.43,0.44,0.90,"0/9 kare koşu","vuruş 3: 0,53s@boss3,06m/oyuncu1,37m 0,67s@boss3,06m/oyuncu1,37m 0,83s@boss3,58m/oyuncu0,00m; kalıp sonu: merkeze 3,90 m, başlangıçtan 0,90 m, kalıp simülasyonundan 0,00 m; toparlanma 0,46 sn (tablo 0,26)"
10-8,"Yükselen Yansı","Tılsım","yerden_buyuyen",1,1,1,1,1,1,1,1,1,"yerinde","yerinde",0.00,"",2.75,1.35,0.42,0.42,0.88,"","hasarsız skill (base_damage 0): etki hareketin kendisi; vuruş 1: 0,75s@boss0,00m/oyuncu2,82m; kalıp sonu: merkeze 2,75 m, başlangıçtan 0,25 m, kalıp simülasyonundan 0,00 m; toparlanma 0,46 sn (tablo 0,26)"
10-9,"Odaklı Yansı","Tılsım","koruyucu_isaret",1,1,1,1,1,1,1,1,1,"ön","ön",0.00,"",2.20,1.35,0.21,0.20,0.68,"3/11 kare koşu, ayak/gövde hız oranı 0,93","hasarsız skill (base_damage 0): etki hareketin kendisi; vuruş 1: 0,60s@boss2,05m/oyuncu0,35m; kalıp sonu: merkeze 2,20 m, başlangıçtan 0,80 m, kalıp simülasyonundan 0,00 m; toparlanma 0,46 sn (tablo 0,26)"
11-7,"Bulandırıcı Çağrı","Tılsım","sirt_saplama",1,1,1,1,1,1,1,1,1,"yerinde","yerinde",0.00,"boss:Blind",3.00,1.35,0.32,0.32,0.73,"","vuruş 1: 0,67s@boss0,00m/oyuncu3,00m; kalıp sonu: merkeze 3,00 m, başlangıçtan 0,00 m, kalıp simülasyonundan 0,00 m"
11-8,"Yükselen Çağrı","Tılsım","dostu_yerden",1,1,1,1,1,1,1,1,1,"yan","yan",0.00,"",2.96,1.35,0.77,0.78,1.18,"0/33 kare koşu","hasarsız skill (base_damage 0): etki hareketin kendisi; vuruş 1: 1,03s@boss2,81m/oyuncu0,95m; kalıp sonu: merkeze 2,99 m, başlangıçtan 0,91 m, kalıp simülasyonundan 0,00 m"
11-9,"Odaklı Çağrı","Tılsım","pesinden_av",1,1,1,1,1,1,1,1,1,"yerinde","yerinde",0.00,"",3.00,1.35,2.32,2.32,2.73,"","hasarsız skill (base_damage 0): etki hareketin kendisi; vuruş 1: 2,65s@boss0,00m/oyuncu3,00m; kalıp sonu: merkeze 3,00 m, başlangıçtan 0,00 m, kalıp simülasyonundan 0,00 m"
12-7,"Bulandırıcı Zaman","Tılsım","kum_saati",1,1,1,1,1,1,1,1,1,"yerinde","yerinde",0.00,"boss:Blind+Slow, boss hız x0,70",3.00,1.35,0.62,0.62,1.08,"","vuruş 1: 0,65s@boss0,28m/oyuncu3,28m; kalıp sonu: merkeze 3,00 m, başlangıçtan 0,00 m, kalıp simülasyonundan 0,00 m; toparlanma 0,46 sn (tablo 0,26)"
12-8,"Yükselen Zaman","Tılsım","isik_sutunu",1,1,1,1,1,1,1,1,1,"yerinde","yerinde",0.00,"oyuncu:Haste, oyuncu hız x1,50",2.90,1.35,0.47,0.48,0.93,"","vuruş 1: 0,80s@boss2,93m/oyuncu0,00m; kalıp sonu: merkeze 2,90 m, başlangıçtan 0,10 m, kalıp simülasyonundan 0,00 m; toparlanma 0,46 sn (tablo 0,26)"
12-9,"Odaklı Zaman","Tılsım","isaret_patlamasi",1,1,1,1,1,1,1,1,1,"yerinde","yerinde",0.00,"boss:Slow, boss hız x0,70",3.00,1.35,1.92,1.92,2.38,"","vuruş 1: 2,32s@boss0,00m/oyuncu3,00m; kalıp sonu: merkeze 3,00 m, başlangıçtan 0,00 m, kalıp simülasyonundan 0,00 m; toparlanma 0,46 sn (tablo 0,26)"
1-1,"Yoğun Vuruş","Büyü Kitabı","yukle_birak",1,1,1,1,1,1,1,1,1,"ön","ön",102816.00,"",1.50,1.35,0.52,0.52,0.83,"0/11 kare koşu","vuruş 1: 0,77s@boss0,37m/oyuncu1,53m; kalıp sonu: merkeze 1,50 m, başlangıçtan 1,50 m, kalıp simülasyonundan 0,00 m"
1-2,"Emici Vuruş","Büyü Kitabı","kan_ceken_pence",1,1,1,1,1,1,1,1,1,"yerinde","yerinde",71800.00,"oyuncu +21540 can",1.35,1.35,0.37,0.38,0.68,"","vuruş 3: 0,40s@boss1,63m/oyuncu1,02m 0,52s@boss1,15m/oyuncu1,02m 0,65s@boss0,60m/oyuncu1,02m; kalıp sonu: merkeze 1,48 m, başlangıçtan 0,00 m, kalıp simülasyonundan 1,50 m, boss 1,52 m kaydı"
1-3,"Sıçrayan Vuruş","Büyü Kitabı","yan_yan_sekme",1,1,1,1,1,1,1,1,1,"geri","geri",78616.00,"",2.85,1.35,0.45,0.46,0.77,"0/27 kare koşu","vuruş 2: 0,43s@boss0,74m/oyuncu3,52m 0,72s@boss0,74m/oyuncu4,12m; kalıp sonu: merkeze 3,70 m, başlangıçtan 1,30 m, kalıp simülasyonundan 0,00 m"
1-4,"Sabit Vuruş","Büyü Kitabı","yere_cakilan",1,1,1,1,1,1,1,1,1,"yerinde","yerinde",74320.00,"",2.80,1.35,0.42,0.42,0.73,"","vuruş 1: 0,68s@boss2,82m/oyuncu0,00m; kalıp sonu: merkeze 2,80 m, başlangıçtan 0,20 m, kalıp simülasyonundan 0,00 m"
1-5,"Yayılan Vuruş","Büyü Kitabı","donen_kesik",1,1,1,1,1,1,1,1,1,"yerinde","yerinde",65088.00,"",3.00,1.35,0.55,0.55,0.87,"","vuruş 1: 0,55s@boss3,00m/oyuncu0,00m; kalıp sonu: merkeze 3,00 m, başlangıçtan 0,00 m, kalıp simülasyonundan 0,00 m"
1-6,"Bağlayıcı Vuruş","Büyü Kitabı","zincirli_firlatma",1,1,1,1,1,1,1,1,1,"ön","ön",75840.00,"boss:Root+Slow, boss hız x0,00",1.50,1.35,0.68,0.70,1.00,"0/11 kare koşu","vuruş 2: 0,50s@boss0,45m/oyuncu3,45m 0,93s@boss0,72m/oyuncu1,28m; kalıp sonu: merkeze 1,50 m, başlangıçtan 1,50 m, kalıp simülasyonundan 0,00 m"
2-1,"Yoğun Şifa","Büyü Kitabı","tek_dokunus",1,1,1,1,1,1,1,1,1,"geri","geri",0.00,"oyuncu +68000 can",3.00,1.35,0.15,0.16,0.47,"0/9 kare koşu","vuruş 1: 0,42s@boss3,84m/oyuncu0,68m; kalıp sonu: merkeze 3,41 m, başlangıçtan 0,55 m, kalıp simülasyonundan 0,00 m, kalıp hedefi AllyDummy"
2-2,"Emici Şifa","Büyü Kitabı","uzaktan_emme",1,1,1,1,1,1,1,1,1,"yerinde","yerinde",53192.00,"oyuncu +56000 can, dost +56000 can",2.65,1.35,2.15,2.16,2.47,"","vuruş 4: 0,97s@boss0,19m/oyuncu2,72m 1,47s@boss0,10m/oyuncu2,72m 1,97s@boss0,02m/oyuncu2,72m 2,47s@boss0,07m/oyuncu2,72m; kalıp sonu: merkeze 2,65 m, başlangıçtan 0,35 m, kalıp simülasyonundan 0,00 m"
2-3,"Sıçrayan Şifa","Büyü Kitabı","dosttan_dosta",1,1,1,1,1,1,1,1,1,"yerinde","yerinde",0.00,"oyuncu +48000 can, dost +24000 can",3.00,1.35,0.53,0.54,0.85,"","vuruş 3: 0,47s@boss6,18m/oyuncu3,68m 0,57s@boss6,98m/oyuncu4,53m 0,77s@boss6,88m/oyuncu4,54m; kalıp sonu: merkeze 3,00 m, başlangıçtan 0,00 m, kalıp simülasyonundan 0,00 m, kalıp hedefi AllyDummy"
2-4,"Sabit Şifa","Büyü Kitabı","totem_dikme",1,1,1,1,1,1,1,1,1,"yerinde","yerinde",0.00,"oyuncu +68000 can",3.00,1.35,0.30,0.30,0.62,"","vuruş 1: 0,57s@boss3,10m/oyuncu0,00m; kalıp sonu: merkeze 3,11 m, başlangıçtan 0,15 m, kalıp simülasyonundan 0,00 m, kalıp hedefi AllyDummy"
2-5,"Yayılan Şifa","Büyü Kitabı","genisleyen_halka",1,1,1,1,1,1,1,1,1,"yerinde","yerinde",0.00,"oyuncu +68000 can",3.00,1.35,0.57,0.58,0.88,"","vuruş 1: 0,77s@boss3,00m/oyuncu0,00m; kalıp sonu: merkeze 3,00 m, başlangıçtan 0,00 m, kalıp simülasyonundan 0,00 m"
2-6,"Bağlayıcı Şifa","Büyü Kitabı","dostu_kanca",1,1,1,1,1,1,1,1,1,"geri","geri",0.00,"oyuncu +68000 can",3.00,1.35,0.52,0.52,0.84,"0/21 kare koşu","vuruş 1: 0,77s@boss5,80m/oyuncu0,40m; kalıp sonu: merkeze 5,92 m, başlangıçtan 3,40 m, kalıp simülasyonundan 0,00 m, kalıp hedefi AllyDummy"
3-1,"Yoğun Adım","Büyü Kitabı","isinlan_kes",1,1,1,1,1,1,1,1,1,"arka","arka",0.00,"",1.50,1.35,0.47,0.48,0.78,"0/1 kare koşu","hasarsız skill (base_damage 0): etki hareketin kendisi; vuruş 1: 0,73s@boss0,00m/oyuncu1,50m; kalıp sonu: merkeze 1,50 m, başlangıçtan 4,50 m, kalıp simülasyonundan 0,00 m; tek karede 4,50 m sıçrama (sınır 0,62 m @ 17 ms, t=0,68, faz isin, blink tasarım gereği)"
3-2,"Emici Adım","Büyü Kitabı","icinden_emme",1,1,1,1,1,1,1,1,1,"arka","arka",0.00,"",0.09,1.35,0.27,0.28,0.58,"0/16 kare koşu","hasarsız skill (base_damage 0): etki hareketin kendisi; vuruş 1: 0,47s@boss0,97m/oyuncu1,36m; kalıp sonu: merkeze 2,65 m, başlangıçtan 5,51 m, kalıp simülasyonundan 0,14 m, boss 0,14 m kaydı; gövdeye girdi: merkeze 0,09 m (t=0,45, temas 1,35) geçiş tasarım gereği"
3-3,"Sıçrayan Adım","Büyü Kitabı","sekmeli_ziplama",1,1,1,1,1,1,1,1,1,"arka","arka",0.00,"",1.50,1.35,0.60,0.60,0.92,"0/34 kare koşu","hasarsız skill (base_damage 0): etki hareketin kendisi; vuruş 3: 0,45s@boss2,06m/oyuncu0,00m 0,65s@boss1,50m/oyuncu0,00m 0,85s@boss1,50m/oyuncu0,00m; kalıp sonu: merkeze 1,50 m, başlangıçtan 4,50 m, kalıp simülasyonundan 0,00 m"
3-4,"Sabit Adım","Büyü Kitabı","geri_sarma",1,1,1,1,1,1,1,1,1,"başlangıç","başlangıç",0.00,"",1.50,1.35,2.65,2.66,2.97,"0/31 kare koşu","hasarsız skill (base_damage 0): etki hareketin kendisi; kalıp sonu: merkeze 3,00 m, başlangıçtan 0,00 m, kalıp simülasyonundan 0,00 m"
3-5,"Yayılan Adım","Büyü Kitabı","dalis_patlamasi",1,1,1,1,1,1,1,1,1,"ön","ön",0.00,"",1.50,1.35,0.42,0.42,0.73,"0/16 kare koşu","hasarsız skill (base_damage 0): etki hareketin kendisi; vuruş 1: 0,62s@boss1,50m/oyuncu0,00m; kalıp sonu: merkeze 1,50 m, başlangıçtan 1,50 m, kalıp simülasyonundan 0,00 m"
3-6,"Bağlayıcı Adım","Büyü Kitabı","kanca_cekis",1,1,1,1,1,1,1,1,1,"arka","arka",0.00,"boss:Root+Slow, boss hız x0,00",1.50,1.35,0.74,0.74,1.06,"0/35 kare koşu","vuruş 1: 0,97s@boss0,00m/oyuncu1,50m; kalıp sonu: merkeze 1,50 m, başlangıçtan 4,50 m, kalıp simülasyonundan 0,00 m"
4-1,"Yoğun Kalkan","Büyü Kitabı","tam_zamanli",1,1,1,1,1,1,1,1,1,"yerinde","yerinde",0.00,"",3.00,1.35,0.48,0.50,0.80,"","hasarsız skill (base_damage 0): etki hareketin kendisi; vuruş 1: 0,65s@boss0,62m/oyuncu2,38m; kalıp sonu: merkeze 3,00 m, başlangıçtan 0,00 m, kalıp simülasyonundan 0,00 m"
4-2,"Emici Kalkan","Büyü Kitabı","kalkan_calma",1,1,1,1,1,1,1,1,1,"yerinde","yerinde",76000.00,"",1.35,1.35,0.20,0.20,0.52,"","vuruş 1: 0,43s@boss1,24m/oyuncu1,28m; kalıp sonu: merkeze 2,18 m, başlangıçtan 0,00 m, kalıp simülasyonundan 1,50 m, boss 0,82 m kaydı"
4-3,"Sıçrayan Kalkan","Büyü Kitabı","seken_disk",1,1,1,1,1,1,1,1,1,"yerinde","yerinde",0.00,"",3.00,1.35,0.42,0.42,0.73,"","hasarsız skill (base_damage 0): etki hareketin kendisi; vuruş 2: 0,48s@boss0,30m/oyuncu3,30m 0,62s@boss3,04m/oyuncu1,43m; kalıp sonu: merkeze 3,00 m, başlangıçtan 0,00 m, kalıp simülasyonundan 0,00 m"
5-1,"Yoğun Patlama","Büyü Kitabı","saplanan_fitil",1,1,1,1,1,1,1,1,1,"geri","geri",71888.00,"",2.32,1.35,1.62,1.62,1.94,"0/23 kare koşu","vuruş 2: 0,43s@boss0,85m/oyuncu1,53m 1,92s@boss0,85m/oyuncu2,95m; kalıp sonu: merkeze 3,80 m, başlangıçtan 0,80 m, kalıp simülasyonundan 0,00 m"
5-2,"Emici Patlama","Büyü Kitabı","ceken_girdap",1,1,1,1,1,1,1,1,1,"yerinde","yerinde",61088.00,"oyuncu +18327 can",1.35,1.35,1.31,1.32,1.62,"","vuruş 3: 0,98s@boss0,00m/oyuncu1,35m 1,49s@boss0,00m/oyuncu1,35m 1,54s@boss0,00m/oyuncu1,35m; kalıp sonu: merkeze 1,35 m, başlangıçtan 0,00 m, kalıp simülasyonundan 0,00 m, boss 1,65 m kaydı"
5-3,"Sıçrayan Patlama","Büyü Kitabı","seken_bomba",1,1,1,1,1,1,1,1,1,"yerinde","yerinde",53968.00,"",3.00,1.35,0.57,0.58,0.88,"","vuruş 3: 0,47s@boss0,40m/oyuncu3,40m 0,58s@boss0,00m/oyuncu3,00m 0,78s@boss0,35m/oyuncu3,02m; kalıp sonu: merkeze 3,00 m, başlangıçtan 0,00 m, kalıp simülasyonundan 0,00 m"
6-1,"Yoğun Bağ","Büyü Kitabı","sinir_noktasi",1,1,1,1,1,1,1,1,1,"ön","ön",20648.00,"boss:Stun, boss hız x0,00",1.50,1.35,0.33,0.34,0.65,"0/13 kare koşu","vuruş 1: 0,60s@boss0,91m/oyuncu0,59m; kalıp sonu: merkeze 1,50 m, başlangıçtan 1,50 m, kalıp simülasyonundan 0,00 m"
6-2,"Emici Bağ","Büyü Kitabı","bossu_cek",1,1,1,1,1,1,1,1,1,"geri","geri",14960.00,"boss:Root, boss hız x0,00, oyuncu +4488 can",1.35,1.35,0.43,0.44,0.75,"0/17 kare koşu","vuruş 1: 0,60s@boss1,27m/oyuncu1,36m; kalıp sonu: merkeze 2,81 m, başlangıçtan 1,60 m, kalıp simülasyonundan 0,00 m, boss 1,79 m kaydı"
6-3,"Sıçrayan Bağ","Büyü Kitabı","basip_sekme",1,1,1,1,1,1,1,1,1,"başlangıç","başlangıç",14664.00,"boss:Root, boss hız x0,00",1.50,1.35,0.52,0.52,0.84,"0/31 kare koşu","vuruş 1: 0,59s@boss1,58m/oyuncu0,00m; kalıp sonu: merkeze 3,20 m, başlangıçtan 0,20 m, kalıp simülasyonundan 0,00 m"
1-7,"Bulandırıcı Vuruş","Büyü Kitabı","dumandan_cikis",1,1,1,1,1,1,1,1,1,"ön","ön",75568.00,"boss:Blind",1.50,1.35,0.47,0.48,0.78,"0/12 kare koşu","vuruş 1: 0,70s@boss0,74m/oyuncu1,36m; kalıp sonu: merkeze 1,50 m, başlangıçtan 1,50 m, kalıp simülasyonundan 0,00 m"
1-8,"Yükselen Vuruş","Büyü Kitabı","havaya_kaldirma",1,1,1,1,1,1,1,1,1,"ön","ön",85600.00,"boss:Stun, boss hız x0,00",1.90,1.35,0.33,0.34,0.65,"0/20 kare koşu","vuruş 1: 0,45s@boss1,24m/oyuncu1,28m; kalıp sonu: merkeze 1,90 m, başlangıçtan 1,10 m, kalıp simülasyonundan 0,00 m"
1-9,"Odaklı Vuruş","Büyü Kitabı","isarete_vur",1,1,1,1,1,1,1,1,1,"ön","ön",135056.00,"",1.65,1.35,0.37,0.38,0.68,"0/9 kare koşu","vuruş 1: 0,62s@boss0,91m/oyuncu1,28m; kalıp sonu: merkeze 1,65 m, başlangıçtan 1,35 m, kalıp simülasyonundan 0,00 m"
2-7,"Bulandırıcı Şifa","Büyü Kitabı","sis_ortusu",1,1,1,1,1,1,1,1,1,"yerinde","yerinde",0.00,"oyuncu +68000 can",3.00,1.35,0.28,0.30,0.60,"","vuruş 1: 0,48s@boss0,00m/oyuncu3,00m; kalıp sonu: merkeze 3,00 m, başlangıçtan 0,00 m, kalıp simülasyonundan 0,00 m"
2-8,"Yükselen Şifa","Büyü Kitabı","yerden_buyuyen",1,1,1,1,1,1,1,1,1,"yerinde","yerinde",0.00,"oyuncu +68000 can",3.00,1.35,0.42,0.42,0.73,"","vuruş 1: 0,60s@boss6,98m/oyuncu4,35m; kalıp sonu: merkeze 3,18 m, başlangıçtan 0,25 m, kalıp simülasyonundan 0,00 m, kalıp hedefi AllyDummy"
2-9,"Odaklı Şifa","Büyü Kitabı","koruyucu_isaret",1,1,1,1,1,1,1,1,1,"geri","geri",0.00,"oyuncu +68000 can",3.00,1.35,0.20,0.20,0.52,"0/12 kare koşu","vuruş 1: 0,45s@boss3,73m/oyuncu0,35m; kalıp sonu: merkeze 3,61 m, başlangıçtan 0,80 m, kalıp simülasyonundan 0,00 m, kalıp hedefi AllyDummy"
3-7,"Bulandırıcı Adım","Büyü Kitabı","duman_kaybolma",1,1,1,1,1,1,1,1,1,"ön","ön",0.00,"boss:Blind, oyuncu:Stealth",1.50,1.35,0.58,0.59,0.90,"0/8 kare koşu","vuruş 1: 0,45s@boss1,50m/oyuncu0,00m; kalıp sonu: merkeze 1,50 m, başlangıçtan 1,50 m, kalıp simülasyonundan 0,00 m"
3-8,"Yükselen Adım","Büyü Kitabı","sicrayip_cakilma",1,1,1,1,1,1,1,1,1,"ön","ön",0.00,"oyuncu:Haste, oyuncu hız x1,10",1.50,1.35,0.82,0.82,1.13,"0/21 kare koşu","vuruş 1: 1,07s@boss1,50m/oyuncu0,00m; kalıp sonu: merkeze 1,50 m, başlangıçtan 1,50 m, kalıp simülasyonundan 0,00 m"
3-9,"Odaklı Adım","Büyü Kitabı","isinlan_kes",1,1,1,1,1,1,1,1,1,"arka","arka",0.00,"",1.50,1.35,0.47,0.48,0.78,"0/1 kare koşu","hasarsız skill (base_damage 0): etki hareketin kendisi; vuruş 1: 0,73s@boss0,00m/oyuncu1,50m; kalıp sonu: merkeze 1,50 m, başlangıçtan 4,50 m, kalıp simülasyonundan 0,00 m; tek karede 4,50 m sıçrama (sınır 0,62 m @ 17 ms, t=0,68, faz isin, blink tasarım gereği)"
7-1,"Yoğun Zafiyet","Büyü Kitabı","diken_firlatma",1,1,1,1,1,1,1,1,1,"yerinde","yerinde",15552.00,"",3.00,1.35,0.40,0.40,0.68,"","vuruş 1: 0,63s@boss0,30m/oyuncu3,30m; kalıp sonu: merkeze 3,00 m, başlangıçtan 0,00 m, kalıp simülasyonundan 0,00 m"
7-2,"Emici Zafiyet","Büyü Kitabı","sokup_cekme",1,1,1,1,1,1,1,1,1,"geri","geri",16528.00,"oyuncu +4960 can",1.35,1.35,0.43,0.44,0.72,"0/15 kare koşu","vuruş 2: 0,42s@boss0,35m/oyuncu2,80m 0,58s@boss1,26m/oyuncu1,19m; kalıp sonu: merkeze 2,51 m, başlangıçtan 1,30 m, kalıp simülasyonundan 0,00 m, boss 1,79 m kaydı"
7-3,"Sıçrayan Zafiyet","Büyü Kitabı","seken_yaratik",1,1,1,1,1,1,1,1,1,"yerinde","yerinde",13488.00,"",3.00,1.35,0.63,0.64,0.92,"","vuruş 3: 0,52s@boss0,00m/oyuncu3,00m 0,68s@boss0,35m/oyuncu3,02m 0,83s@boss0,35m/oyuncu3,02m; kalıp sonu: merkeze 3,00 m, başlangıçtan 0,00 m, kalıp simülasyonundan 0,00 m"
8-1,"Yoğun Yükseliş","Büyü Kitabı","kuculten_kapi",1,1,1,1,1,1,1,1,1,"yerinde","yerinde",0.00,"",3.00,1.35,0.27,0.28,0.58,"","hasarsız skill (base_damage 0): etki hareketin kendisi; vuruş 1: 0,48s@boss0,62m/oyuncu2,38m; kalıp sonu: merkeze 3,00 m, başlangıçtan 0,00 m, kalıp simülasyonundan 0,00 m"
8-2,"Emici Yükseliş","Büyü Kitabı","kan_muhru",1,1,1,1,1,1,1,1,1,"yerinde","yerinde",0.00,"",3.00,1.35,0.32,0.32,0.63,"","hasarsız skill (base_damage 0): etki hareketin kendisi; vuruş 1: 0,50s@boss3,00m/oyuncu0,00m; kalıp sonu: merkeze 3,00 m, başlangıçtan 0,00 m, kalıp simülasyonundan 0,00 m"
8-3,"Sıçrayan Yükseliş","Büyü Kitabı","pas_verme",1,1,1,1,1,1,1,1,1,"yerinde","yerinde",0.00,"",3.00,1.35,0.23,0.24,0.55,"","hasarsız skill (base_damage 0): etki hareketin kendisi; vuruş 1: 0,52s@boss6,05m/oyuncu3,55m; kalıp sonu: merkeze 3,00 m, başlangıçtan 0,00 m, kalıp simülasyonundan 0,00 m, kalıp hedefi AllyDummy"
9-1,"Yoğun Arınma","Büyü Kitabı","tek_dokunus",1,1,1,1,1,1,1,1,1,"geri","geri",0.00,"oyuncu +16000 can",3.00,1.35,0.15,0.16,0.47,"3/9 kare koşu, ayak/gövde hız oranı 1,01","vuruş 1: 0,42s@boss3,84m/oyuncu0,68m; kalıp sonu: merkeze 3,41 m, başlangıçtan 0,55 m, kalıp simülasyonundan 0,00 m, kalıp hedefi AllyDummy"
9-2,"Emici Arınma","Büyü Kitabı","cekip_firlat",1,1,1,1,1,1,1,1,1,"yerinde","yerinde",0.00,"oyuncu +8000 can, dost +8000 can",3.00,1.35,0.50,0.50,0.82,"","vuruş 2: 0,48s@boss2,65m/oyuncu0,35m 0,78s@boss0,30m/oyuncu3,30m; kalıp sonu: merkeze 3,00 m, başlangıçtan 0,00 m, kalıp simülasyonundan 0,00 m"
9-3,"Sıçrayan Arınma","Büyü Kitabı","dosttan_dosta",1,1,1,1,1,1,1,1,1,"yerinde","yerinde",0.00,"oyuncu +8000 can, dost +4000 can",3.00,1.35,0.53,0.54,0.85,"","vuruş 3: 0,47s@boss6,17m/oyuncu3,67m 0,57s@boss6,98m/oyuncu4,53m 0,77s@boss6,88m/oyuncu4,54m; kalıp sonu: merkeze 3,00 m, başlangıçtan 0,00 m, kalıp simülasyonundan 0,00 m, kalıp hedefi AllyDummy"
1-10,"Aynalı Vuruş","Büyü Kitabı","sirtta_kapi",1,1,1,1,1,1,1,1,1,"ön","ön",96744.00,"",1.80,1.35,0.32,0.32,0.63,"0/11 kare koşu","vuruş 2: 0,43s@boss0,93m/oyuncu1,19m 0,54s@boss0,55m/oyuncu2,35m; kalıp sonu: merkeze 1,80 m, başlangıçtan 1,20 m, kalıp simülasyonundan 0,00 m"
1-11,"Kopya Vuruş","Büyü Kitabı","golge_yankisi",1,1,1,1,1,1,1,1,1,"ön","ön",98416.00,"",2.10,1.35,0.48,0.50,0.80,"0/10 kare koşu","vuruş 2: 0,42s@boss1,20m/oyuncu1,15m 0,73s@boss1,95m/oyuncu1,39m; kalıp sonu: merkeze 2,10 m, başlangıçtan 0,90 m, kalıp simülasyonundan 0,00 m"
1-12,"Akan Vuruş","Büyü Kitabı","basili_seri",1,1,1,1,1,1,1,1,1,"ön","ön",53408.00,"",1.60,1.35,2.98,3.00,3.30,"","vuruş 6: 0,55s@boss1,74m/oyuncu1,15m 1,05s@boss1,50m/oyuncu1,15m 1,55s@boss1,27m/oyuncu1,15m 2,05s@boss1,04m/oyuncu1,15m 2,57s@boss0,79m/oyuncu1,15m 3,05s@boss0,57m/oyuncu1,15m; kalıp sonu: merkeze 1,60 m, başlangıçtan 1,40 m, kalıp simülasyonundan 0,00 m"
2-10,"Aynalı Şifa","Büyü Kitabı","ters_es",1,1,1,1,1,1,1,1,1,"yerinde","yerinde",16800.00,"oyuncu +112000 can",3.00,1.35,0.43,0.44,0.75,"","vuruş 2: 0,45s@boss2,60m/oyuncu0,40m 0,65s@boss0,00m/oyuncu3,00m; kalıp sonu: merkeze 3,00 m, başlangıçtan 0,00 m, kalıp simülasyonundan 0,00 m"
2-11,"Kopya Şifa","Büyü Kitabı","golge_ulak",1,1,1,1,1,1,1,1,1,"yan","yan",0.00,"oyuncu +40000 can, dost +28000 can",2.43,1.35,1.35,1.36,1.67,"0/9 kare koşu","vuruş 2: 0,43s@boss3,26m/oyuncu0,35m 1,58s@boss2,85m/oyuncu1,46m; kalıp sonu: merkeze 2,43 m, başlangıçtan 1,41 m, kalıp simülasyonundan 0,00 m, kalıp hedefi AllyDummy"
2-12,"Akan Şifa","Büyü Kitabı","basili_isik",1,1,1,1,1,1,1,1,1,"geri","geri",0.00,"oyuncu +36000 can, dost +36000 can",3.00,1.35,2.99,3.00,3.31,"","vuruş 6: 0,55s@boss5,38m/oyuncu2,72m 1,06s@boss5,56m/oyuncu2,72m 1,56s@boss5,75m/oyuncu2,72m 2,06s@boss5,94m/oyuncu2,72m 2,56s@boss6,12m/oyuncu2,72m 3,06s@boss6,31m/oyuncu2,72m; kalıp sonu: merkeze 3,94 m, başlangıçtan 1,20 m, kalıp simülasyonundan 0,00 m, kalıp hedefi AllyDummy"
3-10,"Aynalı Adım","Büyü Kitabı","iki_kapi",1,1,1,1,1,1,1,1,1,"ön","ön",0.00,"",1.50,1.35,0.53,0.54,0.86,"0/16 kare koşu","hasarsız skill (base_damage 0): etki hareketin kendisi; vuruş 2: 0,37s@boss3,00m/oyuncu0,00m 0,77s@boss1,50m/oyuncu0,00m; kalıp sonu: merkeze 1,50 m, başlangıçtan 1,50 m, kalıp simülasyonundan 0,00 m"
3-11,"Kopya Adım","Büyü Kitabı","yem_kac",1,1,1,1,1,1,1,1,1,"geri","geri",0.00,"",3.00,1.35,0.40,0.40,0.71,"0/17 kare koşu","hasarsız skill (base_damage 0): etki hareketin kendisi; vuruş 1: 0,36s@boss3,00m/oyuncu0,00m; kalıp sonu: merkeze 5,80 m, başlangıçtan 2,80 m, kalıp simülasyonundan 0,00 m"
3-12,"Akan Adım","Büyü Kitabı","suzulme",1,1,1,1,1,1,1,1,1,"ön","ön",0.00,"",1.90,1.35,2.99,3.00,3.30,"","hasarsız skill (base_damage 0): etki hareketin kendisi; kalıp sonu: merkeze 1,90 m, başlangıçtan 1,10 m, kalıp simülasyonundan 0,00 m"
10-1,"Yoğun Yansı","Büyü Kitabı","tam_zamanli",1,1,1,1,1,1,1,1,1,"yerinde","yerinde",0.00,"",3.00,1.35,0.48,0.50,0.77,"","hasarsız skill (base_damage 0): etki hareketin kendisi; vuruş 1: 0,63s@boss0,62m/oyuncu2,38m; kalıp sonu: merkeze 3,00 m, başlangıçtan 0,00 m, kalıp simülasyonundan 0,00 m"
10-2,"Emici Yansı","Büyü Kitabı","yutan_girdap",1,1,1,1,1,1,1,1,1,"yerinde","yerinde",0.00,"",1.35,1.35,3.17,3.18,3.45,"","hasarsız skill (base_damage 0): etki hareketin kendisi; vuruş 4: 1,20s@boss1,03m/oyuncu2,38m 1,95s@boss1,03m/oyuncu2,38m 2,70s@boss1,03m/oyuncu2,38m 3,45s@boss1,03m/oyuncu2,38m; kalıp sonu: merkeze 1,35 m, başlangıçtan 0,00 m, kalıp simülasyonundan 0,00 m, boss 1,65 m kaydı"
10-3,"Sıçrayan Yansı","Büyü Kitabı","seken_geri",1,1,1,1,1,1,1,1,1,"ön","ön",0.00,"",1.90,1.35,0.35,0.36,0.63,"0/10 kare koşu","hasarsız skill (base_damage 0): etki hareketin kendisi; vuruş 2: 0,37s@boss0,78m/oyuncu1,53m 0,53s@boss0,00m/oyuncu1,90m; kalıp sonu: merkeze 1,90 m, başlangıçtan 1,10 m, kalıp simülasyonundan 0,00 m"
10-10,"Aynalı Yansı","Büyü Kitabı","iki_kapi",1,1,1,1,1,1,1,1,1,"ön","ön",0.00,"",1.50,1.35,0.53,0.54,0.82,"0/16 kare koşu","hasarsız skill (base_damage 0): etki hareketin kendisi; vuruş 2: 0,34s@boss3,00m/oyuncu0,00m 0,74s@boss1,50m/oyuncu0,00m; kalıp sonu: merkeze 1,50 m, başlangıçtan 1,50 m, kalıp simülasyonundan 0,00 m"
10-11,"Kopya Yansı","Büyü Kitabı","yem_kopya",1,1,1,1,1,1,1,1,1,"yerinde","yerinde",0.00,"",3.00,1.35,0.23,0.24,0.52,"","hasarsız skill (base_damage 0): etki hareketin kendisi; vuruş 1: 0,40s@boss2,98m/oyuncu1,29m; kalıp sonu: merkeze 3,00 m, başlangıçtan 0,00 m, kalıp simülasyonundan 0,00 m"
10-12,"Akan Yansı","Büyü Kitabı","basili_siper",1,1,1,1,1,1,1,1,1,"ön","ön",0.00,"",2.20,1.35,2.99,3.00,3.27,"","hasarsız skill (base_damage 0): etki hareketin kendisi; vuruş 3: 1,02s@boss0,42m/oyuncu2,38m 2,02s@boss0,15m/oyuncu2,38m 3,02s@boss0,11m/oyuncu2,38m; kalıp sonu: merkeze 2,20 m, başlangıçtan 0,80 m, kalıp simülasyonundan 0,00 m"
11-1,"Yoğun Çağrı","Büyü Kitabı","sirt_saplama",1,1,1,1,1,1,1,1,1,"yerinde","yerinde",0.00,"",3.00,1.35,0.32,0.32,0.60,"","hasarsız skill (base_damage 0): etki hareketin kendisi; vuruş 1: 0,53s@boss0,00m/oyuncu3,00m; kalıp sonu: merkeze 3,00 m, başlangıçtan 0,00 m, kalıp simülasyonundan 0,00 m"
11-2,"Emici Çağrı","Büyü Kitabı","yapisan",1,1,1,1,1,1,1,1,1,"yerinde","yerinde",0.00,"",1.35,1.35,5.16,5.18,5.45,"","hasarsız skill (base_damage 0): etki hareketin kendisi; vuruş 6: 0,43s@boss0,20m/oyuncu2,58m 1,45s@boss0,00m/oyuncu1,35m 2,45s@boss0,00m/oyuncu1,35m 3,45s@boss0,00m/oyuncu1,35m 4,45s@boss0,00m/oyuncu1,35m 5,45s@boss0,00m/oyuncu1,35m; kalıp sonu: merkeze 1,35 m, başlangıçtan 0,00 m, kalıp simülasyonundan 0,00 m, boss 1,65 m kaydı"
11-3,"Sıçrayan Çağrı","Büyü Kitabı","seken_yaratik",1,1,1,1,1,1,1,1,1,"yerinde","yerinde",0.00,"",3.00,1.35,0.64,0.64,0.92,"","hasarsız skill (base_damage 0): etki hareketin kendisi; vuruş 3: 0,52s@boss0,00m/oyuncu3,00m 0,68s@boss0,35m/oyuncu3,02m 0,84s@boss0,35m/oyuncu3,02m; kalıp sonu: merkeze 3,00 m, başlangıçtan 0,00 m, kalıp simülasyonundan 0,00 m"
11-10,"Aynalı Çağrı","Büyü Kitabı","takim_kapisi",1,1,1,1,1,1,1,1,1,"yerinde","yerinde",0.00,"",3.00,1.35,1.23,1.24,1.52,"","hasarsız skill (base_damage 0): etki hareketin kendisi; vuruş 1: 0,40s@boss3,00m/oyuncu0,00m; kalıp sonu: merkeze 3,00 m, başlangıçtan 0,00 m, kalıp simülasyonundan 0,00 m"
11-11,"Kopya Çağrı","Büyü Kitabı","ayna_klonlar",1,1,1,1,1,1,1,1,1,"yerinde","yerinde",0.00,"",3.00,1.35,0.49,0.50,0.77,"","hasarsız skill (base_damage 0): etki hareketin kendisi; vuruş 2: 0,52s@boss2,93m/oyuncu1,41m 0,69s@boss2,93m/oyuncu1,41m; kalıp sonu: merkeze 3,00 m, başlangıçtan 0,00 m, kalıp simülasyonundan 0,00 m"
11-12,"Akan Çağrı","Büyü Kitabı","kapidan_akin",1,1,1,1,1,1,1,1,1,"yerinde","yerinde",0.00,"",3.00,1.35,4.19,4.20,4.47,"","hasarsız skill (base_damage 0): etki hareketin kendisi; vuruş 6: 0,47s@boss0,85m/oyuncu2,15m 1,27s@boss0,00m/oyuncu3,00m 2,07s@boss0,00m/oyuncu3,00m 2,87s@boss0,00m/oyuncu3,00m 3,67s@boss0,00m/oyuncu3,00m 4,47s@boss0,00m/oyuncu3,00m; kalıp sonu: merkeze 3,00 m, başlangıçtan 0,00 m, kalıp simülasyonundan 0,00 m"
12-1,"Yoğun Zaman","Büyü Kitabı","zamanli_donma",1,1,1,1,1,1,1,1,1,"ön","ön",0.00,"boss:Slow, boss hız x0,70",1.50,1.35,0.48,0.50,0.77,"0/9 kare koşu","vuruş 1: 0,72s@boss0,69m/oyuncu1,28m; kalıp sonu: merkeze 1,50 m, başlangıçtan 1,50 m, kalıp simülasyonundan 0,00 m"
12-2,"Emici Zaman","Büyü Kitabı","ceken_girdap",1,1,1,1,1,1,1,1,1,"yerinde","yerinde",0.00,"boss:Slow, oyuncu:Haste, boss hız x0,70, oyuncu hız x1,30",1.35,1.35,1.32,1.32,1.60,"","vuruş 3: 0,95s@boss0,00m/oyuncu1,35m 1,45s@boss0,00m/oyuncu1,35m 1,52s@boss0,00m/oyuncu1,35m; kalıp sonu: merkeze 1,35 m, başlangıçtan 0,00 m, kalıp simülasyonundan 0,00 m, boss 1,65 m kaydı"
12-3,"Sıçrayan Zaman","Büyü Kitabı","geri_donen_kure",1,1,1,1,1,1,1,1,1,"yerinde","yerinde",0.00,"boss:Slow, boss hız x0,70",3.00,1.35,0.48,0.50,0.77,"","vuruş 2: 0,45s@boss0,30m/oyuncu3,30m 0,68s@boss0,96m/oyuncu2,04m; kalıp sonu: merkeze 3,00 m, başlangıçtan 0,00 m, kalıp simülasyonundan 0,00 m"
12-10,"Aynalı Zaman","Büyü Kitabı","boss_geri",1,1,1,1,1,1,1,1,1,"yerinde","yerinde",0.00,"boss:Slow, boss hız x0,70",3.00,1.35,0.45,0.46,0.73,"","vuruş 1: 0,47s@boss0,30m/oyuncu3,30m; kalıp sonu: merkeze 3,00 m, başlangıçtan 0,00 m, kalıp simülasyonundan 0,00 m"
12-11,"Kopya Zaman","Büyü Kitabı","geri_sarma",1,1,1,1,1,1,1,1,1,"başlangıç","başlangıç",0.00,"",1.50,1.35,2.65,2.66,2.94,"1/32 kare koşu, ayak/gövde hız oranı 1,00","hasarsız skill (base_damage 0): etki hareketin kendisi; kalıp sonu: merkeze 3,00 m, başlangıçtan 0,00 m, kalıp simülasyonundan 0,00 m"
12-12,"Akan Zaman","Büyü Kitabı","yuruyen_balon",1,1,1,1,1,1,1,1,1,"ön","ön",0.00,"boss:Slow, oyuncu:Haste, boss hız x0,70, oyuncu hız x1,30",1.80,1.35,4.19,4.20,4.47,"","vuruş 5: 0,37s@boss3,00m/oyuncu0,00m 1,47s@boss2,70m/oyuncu0,00m 2,47s@boss2,40m/oyuncu0,00m 3,47s@boss2,10m/oyuncu0,00m 4,47s@boss1,80m/oyuncu0,00m; kalıp sonu: merkeze 1,80 m, başlangıçtan 1,20 m, kalıp simülasyonundan 0,00 m"
4-4,"Sabit Kalkan","Büyü Kitabı","duvar_dikme",1,1,1,1,1,1,1,1,1,"yerinde","yerinde",0.00,"",3.00,1.35,0.32,0.32,0.64,"","hasarsız skill (base_damage 0): etki hareketin kendisi; vuruş 1: 0,52s@boss0,62m/oyuncu2,38m; kalıp sonu: merkeze 3,00 m, başlangıçtan 0,00 m, kalıp simülasyonundan 0,00 m"
4-5,"Yayılan Kalkan","Büyü Kitabı","onde_yelpaze",1,1,1,1,1,1,1,1,1,"yerinde","yerinde",0.00,"",3.00,1.35,0.62,0.63,0.94,"","hasarsız skill (base_damage 0): etki hareketin kendisi; vuruş 1: 0,75s@boss1,88m/oyuncu1,12m; kalıp sonu: merkeze 3,00 m, başlangıçtan 0,00 m, kalıp simülasyonundan 0,00 m"
4-6,"Bağlayıcı Kalkan","Büyü Kitabı","zincirli_firlatma",1,1,1,1,1,1,1,1,1,"ön","ön",0.00,"",1.50,1.35,0.68,0.70,1.00,"0/11 kare koşu","hasarsız skill (base_damage 0): etki hareketin kendisi; vuruş 2: 0,50s@boss0,45m/oyuncu3,45m 0,93s@boss0,73m/oyuncu1,28m; kalıp sonu: merkeze 1,50 m, başlangıçtan 1,50 m, kalıp simülasyonundan 0,00 m"
4-7,"Bulandırıcı Kalkan","Büyü Kitabı","duman_duvari",1,1,1,1,1,1,1,1,1,"yerinde","yerinde",0.00,"",2.80,1.35,0.49,0.52,0.81,"","hasarsız skill (base_damage 0): etki hareketin kendisi; vuruş 1: 0,49s@boss0,42m/oyuncu2,38m; kalıp sonu: merkeze 2,80 m, başlangıçtan 0,20 m, kalıp simülasyonundan 0,00 m"
4-8,"Yükselen Kalkan","Büyü Kitabı","yerden_buyuyen",1,1,1,1,1,1,1,1,1,"yerinde","yerinde",0.00,"",3.00,1.35,0.42,0.42,0.73,"","hasarsız skill (base_damage 0): etki hareketin kendisi; vuruş 1: 0,60s@boss6,98m/oyuncu4,35m; kalıp sonu: merkeze 3,18 m, başlangıçtan 0,25 m, kalıp simülasyonundan 0,00 m, kalıp hedefi AllyDummy"
4-9,"Odaklı Kalkan","Büyü Kitabı","koruyucu_isaret",1,1,1,1,1,1,1,1,1,"geri","geri",0.00,"",3.00,1.35,0.20,0.20,0.52,"0/12 kare koşu","hasarsız skill (base_damage 0): etki hareketin kendisi; vuruş 1: 0,45s@boss3,74m/oyuncu0,35m; kalıp sonu: merkeze 3,61 m, başlangıçtan 0,80 m, kalıp simülasyonundan 0,00 m, kalıp hedefi AllyDummy"
5-4,"Sabit Patlama","Büyü Kitabı","mayin_cakma",1,1,1,1,1,1,1,1,1,"yerinde","yerinde",51704.00,"",3.00,1.35,0.42,0.42,0.73,"","vuruş 2: 0,53s@boss0,85m/oyuncu2,15m 0,62s@boss0,85m/oyuncu2,15m; kalıp sonu: merkeze 3,00 m, başlangıçtan 0,00 m, kalıp simülasyonundan 0,00 m"
5-5,"Yayılan Patlama","Büyü Kitabı","yer_yarigi",1,1,1,1,1,1,1,1,1,"ön","ön",46624.00,"",1.50,1.35,0.55,0.56,0.87,"0/26 kare koşu","vuruş 3: 0,58s@boss0,35m/oyuncu1,28m 0,70s@boss0,14m/oyuncu1,36m 0,83s@boss0,22m/oyuncu1,28m; kalıp sonu: merkeze 1,50 m, başlangıçtan 2,07 m, kalıp simülasyonundan 0,00 m"
5-6,"Bağlayıcı Patlama","Büyü Kitabı","gerilip_kopan",1,1,1,1,1,1,1,1,1,"geri","geri",52640.00,"boss:Root+Slow, boss hız x0,00",1.35,1.35,0.57,0.58,0.88,"0/27 kare koşu","vuruş 2: 0,47s@boss0,85m/oyuncu0,89m 0,82s@boss0,85m/oyuncu2,65m; kalıp sonu: merkeze 3,14 m, başlangıçtan 0,50 m, kalıp simülasyonundan 0,00 m, boss 0,36 m kaydı"
5-7,"Bulandırıcı Patlama","Büyü Kitabı","sis_bombasi",1,1,1,1,1,1,1,1,1,"yerinde","yerinde",54216.00,"boss:Blind, oyuncu:Stealth",3.00,1.35,0.22,0.22,0.53,"","vuruş 1: 0,50s@boss0,35m/oyuncu3,35m; kalıp sonu: merkeze 3,00 m, başlangıçtan 0,00 m, kalıp simülasyonundan 0,00 m"
5-8,"Yükselen Patlama","Büyü Kitabı","yerden_fiskirma",1,1,1,1,1,1,1,1,1,"ön","ön",61376.00,"boss:Stun, boss hız x0,00",2.60,1.35,0.44,0.44,0.75,"","vuruş 1: 0,62s@boss0,00m/oyuncu2,77m; kalıp sonu: merkeze 2,60 m, başlangıçtan 0,40 m, kalıp simülasyonundan 0,00 m"
5-9,"Odaklı Patlama","Büyü Kitabı","gudumlu_top",1,1,1,1,1,1,1,1,1,"yerinde","yerinde",87704.00,"",3.00,1.35,0.55,0.56,0.87,"","vuruş 1: 0,78s@boss0,00m/oyuncu3,00m; kalıp sonu: merkeze 3,00 m, başlangıçtan 0,00 m, kalıp simülasyonundan 0,00 m"
6-4,"Sabit Bağ","Büyü Kitabı","karsilikli_kilit",1,1,1,1,1,1,1,1,1,"ön","ön",15304.00,"boss:Root, boss hız x0,00",1.50,1.35,3.23,3.24,3.56,"0/15 kare koşu","vuruş 1: 0,79s@boss0,40m/oyuncu1,11m; kalıp sonu: merkeze 1,50 m, başlangıçtan 1,50 m, kalıp simülasyonundan 0,00 m"
6-5,"Yayılan Bağ","Büyü Kitabı","yer_tuzagi",1,1,1,1,1,1,1,1,1,"yerinde","yerinde",13392.00,"boss:Root, boss hız x0,00",3.00,1.35,0.27,0.28,0.58,"","vuruş 1: 0,48s@boss0,62m/oyuncu2,38m; kalıp sonu: merkeze 3,00 m, başlangıçtan 0,00 m, kalıp simülasyonundan 0,00 m"
6-6,"Bağlayıcı Bağ","Büyü Kitabı","iki_uclu",1,1,1,1,1,1,1,1,1,"yerinde","yerinde",14672.00,"boss:Root+Slow, boss hız x0,00",3.00,1.35,0.63,0.65,0.95,"","vuruş 1: 0,48s@boss0,28m/oyuncu3,28m; kalıp sonu: merkeze 3,00 m, başlangıçtan 0,00 m, kalıp simülasyonundan 0,00 m"
6-7,"Bulandırıcı Bağ","Büyü Kitabı","goz_bagi",1,1,1,1,1,1,1,1,1,"yerinde","yerinde",15120.00,"boss:Blind+Root, boss hız x0,00",3.00,1.35,0.20,0.20,0.52,"","vuruş 1: 0,48s@boss0,28m/oyuncu3,28m; kalıp sonu: merkeze 3,00 m, başlangıçtan 0,00 m, kalıp simülasyonundan 0,00 m"
6-8,"Yükselen Bağ","Büyü Kitabı","havada_asma",1,1,1,1,1,1,1,1,1,"ön","ön",17128.00,"boss:Root, boss hız x0,00",1.50,1.35,1.13,1.14,1.45,"0/21 kare koşu","vuruş 1: 0,80s@boss1,50m/oyuncu0,00m; kalıp sonu: merkeze 1,50 m, başlangıçtan 1,50 m, kalıp simülasyonundan 0,00 m"
6-9,"Odaklı Bağ","Büyü Kitabı","zamanli_donma",1,1,1,1,1,1,1,1,1,"ön","ön",40544.00,"boss:Root, boss hız x0,00",1.50,1.35,0.49,0.50,0.81,"0/9 kare koşu","vuruş 1: 0,74s@boss0,78m/oyuncu1,28m; kalıp sonu: merkeze 1,50 m, başlangıçtan 1,50 m, kalıp simülasyonundan 0,00 m"
7-4,"Sabit Zafiyet","Büyü Kitabı","mayin_cakma",1,1,1,1,1,1,1,1,1,"yerinde","yerinde",11672.00,"",3.00,1.35,0.42,0.42,0.70,"","vuruş 2: 0,50s@boss0,85m/oyuncu2,15m 0,58s@boss0,85m/oyuncu2,15m; kalıp sonu: merkeze 3,00 m, başlangıçtan 0,00 m, kalıp simülasyonundan 0,00 m"
7-5,"Yayılan Zafiyet","Büyü Kitabı","onde_yelpaze",1,1,1,1,1,1,1,1,1,"yerinde","yerinde",22144.00,"",3.00,1.35,0.62,0.63,0.90,"","vuruş 1: 0,72s@boss1,88m/oyuncu1,12m; kalıp sonu: merkeze 3,00 m, başlangıçtan 0,00 m, kalıp simülasyonundan 0,00 m"
7-6,"Bağlayıcı Zafiyet","Büyü Kitabı","dost_ip",1,1,1,1,1,1,1,1,1,"yerinde","yerinde",13752.00,"boss:Root+Slow, boss hız x0,00",3.00,1.35,0.62,0.62,0.90,"","vuruş 1: 0,47s@boss0,28m/oyuncu3,28m; kalıp sonu: merkeze 3,00 m, başlangıçtan 0,00 m, kalıp simülasyonundan 0,00 m"
8-4,"Sabit Yükseliş","Büyü Kitabı","totem_dikme",1,1,1,1,1,1,1,1,1,"yerinde","yerinde",0.00,"",3.00,1.35,0.30,0.30,0.62,"","hasarsız skill (base_damage 0): etki hareketin kendisi; vuruş 1: 0,57s@boss3,10m/oyuncu0,00m; kalıp sonu: merkeze 3,11 m, başlangıçtan 0,15 m, kalıp simülasyonundan 0,00 m, kalıp hedefi AllyDummy"
8-5,"Yayılan Yükseliş","Büyü Kitabı","savas_narasi",1,1,1,1,1,1,1,1,1,"yerinde","yerinde",0.00,"",3.00,1.35,0.35,0.36,0.67,"","hasarsız skill (base_damage 0): etki hareketin kendisi; vuruş 1: 0,50s@boss3,00m/oyuncu0,00m; kalıp sonu: merkeze 3,00 m, başlangıçtan 0,00 m, kalıp simülasyonundan 0,00 m"
8-6,"Bağlayıcı Yükseliş","Büyü Kitabı","dost_dosta",1,1,1,1,1,1,1,1,1,"yan","yan",0.00,"",2.38,1.35,0.52,0.52,0.83,"0/13 kare koşu","hasarsız skill (base_damage 0): etki hareketin kendisi; vuruş 3: 0,38s@boss4,05m/oyuncu1,22m 0,58s@boss2,68m/oyuncu1,41m 0,75s@boss4,76m/oyuncu2,38m; kalıp sonu: merkeze 2,38 m, başlangıçtan 1,41 m, kalıp simülasyonundan 0,00 m, kalıp hedefi AllyDummy"
9-4,"Sabit Arınma","Büyü Kitabı","yer_tuzagi",1,1,1,1,1,1,1,1,1,"yerinde","yerinde",0.00,"oyuncu +16000 can",3.00,1.35,0.27,0.28,0.58,"","vuruş 1: 0,48s@boss0,62m/oyuncu2,38m; kalıp sonu: merkeze 3,00 m, başlangıçtan 0,00 m, kalıp simülasyonundan 0,00 m"
9-5,"Yayılan Arınma","Büyü Kitabı","dagilan_yagmur",1,1,1,1,1,1,1,1,1,"yerinde","yerinde",0.00,"oyuncu +16000 can",3.00,1.35,0.57,0.58,0.88,"","vuruş 1: 0,72s@boss3,00m/oyuncu0,00m; kalıp sonu: merkeze 3,00 m, başlangıçtan 0,00 m, kalıp simülasyonundan 0,00 m, kalıp hedefi AllyDummy"
9-6,"Bağlayıcı Arınma","Büyü Kitabı","iki_uclu",1,1,1,1,1,1,1,1,1,"yerinde","yerinde",0.00,"oyuncu +16000 can",3.00,1.35,0.63,0.65,0.94,"","vuruş 1: 0,48s@boss6,08m/oyuncu3,57m; kalıp sonu: merkeze 3,00 m, başlangıçtan 0,00 m, kalıp simülasyonundan 0,00 m, kalıp hedefi AllyDummy"
4-10,"Aynalı Kalkan","Büyü Kitabı","sirtta_kapi",1,1,1,1,1,1,1,1,1,"ön","ön",24000.00,"",1.80,1.35,0.32,0.32,0.63,"0/11 kare koşu","vuruş 2: 0,43s@boss0,92m/oyuncu1,19m 0,55s@boss0,55m/oyuncu2,35m; kalıp sonu: merkeze 1,80 m, başlangıçtan 1,20 m, kalıp simülasyonundan 0,00 m"
4-11,"Kopya Kalkan","Büyü Kitabı","yem_kopya",1,1,1,1,1,1,1,1,1,"yerinde","yerinde",0.00,"",3.00,1.35,0.23,0.24,0.55,"","hasarsız skill (base_damage 0): etki hareketin kendisi; vuruş 1: 0,43s@boss2,98m/oyuncu1,29m; kalıp sonu: merkeze 3,00 m, başlangıçtan 0,00 m, kalıp simülasyonundan 0,00 m"
4-12,"Akan Kalkan","Büyü Kitabı","basili_siper",1,1,1,1,1,1,1,1,1,"geri","geri",0.00,"",3.00,1.35,2.99,3.00,3.30,"","hasarsız skill (base_damage 0): etki hareketin kendisi; vuruş 3: 1,07s@boss5,16m/oyuncu2,38m 2,05s@boss5,40m/oyuncu2,38m 3,05s@boss5,65m/oyuncu2,38m; kalıp sonu: merkeze 3,61 m, başlangıçtan 0,80 m, kalıp simülasyonundan 0,00 m, kalıp hedefi AllyDummy"
5-10,"Aynalı Patlama","Büyü Kitabı","karsi_darbe",1,1,1,1,1,1,1,1,1,"ön","ön",77464.00,"",1.70,1.35,0.35,0.36,0.67,"0/9 kare koşu","vuruş 1: 0,60s@boss0,83m/oyuncu1,36m; kalıp sonu: merkeze 1,70 m, başlangıçtan 1,30 m, kalıp simülasyonundan 0,00 m"
5-11,"Kopya Patlama","Büyü Kitabı","golge_yankisi",1,1,1,1,1,1,1,1,1,"ön","ön",53928.00,"",2.10,1.35,0.48,0.50,0.80,"0/10 kare koşu","vuruş 2: 0,42s@boss1,20m/oyuncu1,15m 0,73s@boss1,95m/oyuncu1,39m; kalıp sonu: merkeze 2,10 m, başlangıçtan 0,90 m, kalıp simülasyonundan 0,00 m"
5-12,"Akan Patlama","Büyü Kitabı","patlayan_iz",1,1,1,1,1,1,1,1,1,"ön","ön",37832.00,"",2.99,1.35,2.99,3.00,3.30,"","vuruş 6: 0,77s@boss2,20m/oyuncu1,53m 1,25s@boss2,48m/oyuncu1,53m 1,75s@boss2,98m/oyuncu1,53m 2,25s@boss2,79m/oyuncu1,53m 2,75s@boss2,46m/oyuncu1,53m 3,25s@boss2,10m/oyuncu1,53m; kalıp sonu: merkeze 3,60 m, başlangıçtan 2,20 m, kalıp simülasyonundan 0,70 m, boss 2,80 m kaydı"
6-10,"Aynalı Bağ","Büyü Kitabı","karsi_darbe",1,1,1,1,1,1,1,1,1,"ön","ön",15736.00,"boss:Root, boss hız x0,00",1.70,1.35,0.35,0.36,0.67,"0/9 kare koşu","vuruş 1: 0,60s@boss0,84m/oyuncu1,36m; kalıp sonu: merkeze 1,70 m, başlangıçtan 1,30 m, kalıp simülasyonundan 0,00 m"
6-11,"Kopya Bağ","Büyü Kitabı","onden_arkadan",1,1,1,1,1,1,1,1,1,"ön","ön",14880.00,"boss:Root, boss hız x0,00",2.10,1.35,0.33,0.34,0.65,"0/10 kare koşu","vuruş 2: 0,42s@boss1,24m/oyuncu1,11m 0,53s@boss0,60m/oyuncu2,70m; kalıp sonu: merkeze 2,10 m, başlangıçtan 0,90 m, kalıp simülasyonundan 0,00 m"
6-12,"Akan Bağ","Büyü Kitabı","cember_sarma",1,1,1,1,1,1,1,1,1,"arka","arka",10888.00,"boss:Root, boss hız x0,00",1.50,1.35,0.88,0.90,1.20,"0/45 kare koşu","vuruş 1: 1,12s@boss0,00m/oyuncu2,06m; kalıp sonu: merkeze 2,06 m, başlangıçtan 4,59 m, kalıp simülasyonundan 0,00 m"
10-4,"Sabit Yansı","Büyü Kitabı","duvar_dikme",1,1,1,1,1,1,1,1,1,"yerinde","yerinde",0.00,"",3.00,1.35,0.32,0.32,0.60,"","hasarsız skill (base_damage 0): etki hareketin kendisi; vuruş 1: 0,48s@boss0,62m/oyuncu2,38m; kalıp sonu: merkeze 3,00 m, başlangıçtan 0,00 m, kalıp simülasyonundan 0,00 m"
10-5,"Yayılan Yansı","Büyü Kitabı","yuruyen_balon",1,1,1,1,1,1,1,1,1,"ön","ön",0.00,"",1.80,1.35,4.19,4.20,4.47,"","hasarsız skill (base_damage 0): etki hareketin kendisi; vuruş 5: 0,37s@boss3,00m/oyuncu0,00m 1,48s@boss2,70m/oyuncu0,00m 2,47s@boss2,40m/oyuncu0,00m 3,47s@boss2,10m/oyuncu0,00m 4,47s@boss1,80m/oyuncu0,00m; kalıp sonu: merkeze 1,80 m, başlangıçtan 1,20 m, kalıp simülasyonundan 0,00 m"
10-6,"Bağlayıcı Yansı","Büyü Kitabı","silaha_kement",1,1,1,1,1,1,1,1,1,"yerinde","yerinde",0.00,"boss:Root+Slow, boss hız x0,00",3.00,1.35,0.93,0.94,1.22,"","vuruş 1: 0,47s@boss0,40m/oyuncu3,40m; kalıp sonu: merkeze 3,00 m, başlangıçtan 0,00 m, kalıp simülasyonundan 0,00 m"
11-4,"Sabit Çağrı","Büyü Kitabı","taret_dikme",1,1,1,1,1,1,1,1,1,"yerinde","yerinde",0.00,"",3.00,1.35,0.42,0.42,0.70,"","hasarsız skill (base_damage 0): etki hareketin kendisi; vuruş 2: 0,40s@boss3,00m/oyuncu0,00m 0,65s@boss0,21m/oyuncu3,21m; kalıp sonu: merkeze 3,00 m, başlangıçtan 0,00 m, kalıp simülasyonundan 0,00 m"
11-5,"Yayılan Çağrı","Büyü Kitabı","dagilan_suru",1,1,1,1,1,1,1,1,1,"yerinde","yerinde",0.00,"",3.00,1.35,0.42,0.42,0.70,"","hasarsız skill (base_damage 0): etki hareketin kendisi; vuruş 3: 0,35s@boss0,35m/oyuncu3,02m 0,48s@boss0,00m/oyuncu3,00m 0,62s@boss0,35m/oyuncu3,02m; kalıp sonu: merkeze 3,00 m, başlangıçtan 0,00 m, kalıp simülasyonundan 0,00 m"
11-6,"Bağlayıcı Çağrı","Büyü Kitabı","muhafiz",1,1,1,1,1,1,1,1,1,"yerinde","yerinde",0.00,"",3.00,1.35,0.52,0.52,0.80,"","hasarsız skill (base_damage 0): etki hareketin kendisi; vuruş 1: 0,42s@boss2,89m/oyuncu1,20m; kalıp sonu: merkeze 3,00 m, başlangıçtan 0,00 m, kalıp simülasyonundan 0,00 m"
12-4,"Sabit Zaman","Büyü Kitabı","totem_dikme",1,1,1,1,1,1,1,1,1,"yerinde","yerinde",0.00,"boss:Slow+Stun, boss hız x0,00",2.85,1.35,0.28,0.30,0.57,"","vuruş 1: 0,53s@boss2,87m/oyuncu0,00m; kalıp sonu: merkeze 2,85 m, başlangıçtan 0,15 m, kalıp simülasyonundan 0,00 m"
12-5,"Yayılan Zaman","Büyü Kitabı","genisleyen_halka",1,1,1,1,1,1,1,1,1,"yerinde","yerinde",0.00,"boss:Slow, boss hız x0,70",3.00,1.35,0.57,0.58,0.85,"","vuruş 1: 0,73s@boss3,00m/oyuncu0,00m; kalıp sonu: merkeze 3,00 m, başlangıçtan 0,00 m, kalıp simülasyonundan 0,00 m"
12-6,"Bağlayıcı Zaman","Büyü Kitabı","iki_uclu",1,1,1,1,1,1,1,1,1,"yerinde","yerinde",0.00,"oyuncu:Haste, oyuncu hız x1,30",3.00,1.35,0.63,0.65,0.92,"","vuruş 1: 0,45s@boss0,28m/oyuncu3,28m; kalıp sonu: merkeze 3,00 m, başlangıçtan 0,00 m, kalıp simülasyonundan 0,00 m"
7-7,"Bulandırıcı Zafiyet","Büyü Kitabı","sis_bombasi",1,1,1,1,1,1,1,1,1,"yerinde","yerinde",11432.00,"boss:Blind",3.00,1.35,0.22,0.22,0.50,"","vuruş 1: 0,46s@boss0,35m/oyuncu3,35m; kalıp sonu: merkeze 3,00 m, başlangıçtan 0,00 m, kalıp simülasyonundan 0,00 m"
7-8,"Yükselen Zafiyet","Büyü Kitabı","yerden_fiskirma",1,1,1,1,1,1,1,1,1,"ön","ön",14408.00,"boss:Stun, boss hız x0,00",2.60,1.35,0.43,0.44,0.72,"","vuruş 1: 0,58s@boss0,00m/oyuncu2,77m; kalıp sonu: merkeze 2,60 m, başlangıçtan 0,40 m, kalıp simülasyonundan 0,00 m"
7-9,"Odaklı Zafiyet","Büyü Kitabı","isaret_patlamasi",1,1,1,1,1,1,1,1,1,"yerinde","yerinde",19944.00,"",3.00,1.35,1.92,1.92,2.20,"","vuruş 1: 2,13s@boss0,00m/oyuncu3,00m; kalıp sonu: merkeze 3,00 m, başlangıçtan 0,00 m, kalıp simülasyonundan 0,00 m"
7-10,"Aynalı Zafiyet","Büyü Kitabı","onden_arkadan",1,1,1,1,1,1,1,1,1,"ön","ön",16088.00,"",2.10,1.35,0.33,0.34,0.62,"0/10 kare koşu","vuruş 2: 0,38s@boss1,24m/oyuncu1,11m 0,50s@boss0,60m/oyuncu2,70m; kalıp sonu: merkeze 2,10 m, başlangıçtan 0,90 m, kalıp simülasyonundan 0,00 m"
7-11,"Kopya Zafiyet","Büyü Kitabı","golge_yankisi",1,1,1,1,1,1,1,1,1,"ön","ön",16208.00,"",2.10,1.35,0.50,0.50,0.78,"0/10 kare koşu","vuruş 2: 0,38s@boss1,20m/oyuncu1,15m 0,70s@boss1,95m/oyuncu1,39m; kalıp sonu: merkeze 2,10 m, başlangıçtan 0,90 m, kalıp simülasyonundan 0,00 m"
7-12,"Akan Zafiyet","Büyü Kitabı","basili_isik",1,1,1,1,1,1,1,1,1,"ön","ön",14536.00,"",1.80,1.35,2.98,3.00,3.27,"","vuruş 6: 0,53s@boss0,17m/oyuncu2,72m 1,03s@boss0,03m/oyuncu2,72m 1,53s@boss0,23m/oyuncu2,72m 2,02s@boss0,42m/oyuncu2,72m 2,52s@boss0,62m/oyuncu2,72m 3,02s@boss0,82m/oyuncu2,72m; kalıp sonu: merkeze 1,80 m, başlangıçtan 1,20 m, kalıp simülasyonundan 0,00 m"
8-7,"Bulandırıcı Yükseliş","Büyü Kitabı","goz_bagi",1,1,1,1,1,1,1,1,1,"yerinde","yerinde",0.00,"",3.00,1.35,0.18,0.20,0.50,"","hasarsız skill (base_damage 0): etki hareketin kendisi; vuruş 1: 0,48s@boss0,28m/oyuncu3,28m; kalıp sonu: merkeze 3,00 m, başlangıçtan 0,00 m, kalıp simülasyonundan 0,00 m"
8-8,"Yükselen Yükseliş","Büyü Kitabı","buyuten_kemer",1,1,1,1,1,1,1,1,1,"yerinde","yerinde",0.00,"",3.00,1.35,0.40,0.42,0.72,"","hasarsız skill (base_damage 0): etki hareketin kendisi; vuruş 1: 0,60s@boss5,02m/oyuncu2,21m; kalıp sonu: merkeze 3,22 m, başlangıçtan 0,30 m, kalıp simülasyonundan 0,00 m, kalıp hedefi AllyDummy"
8-9,"Odaklı Yükseliş","Büyü Kitabı","gudumlu_top",1,1,1,1,1,1,1,1,1,"yerinde","yerinde",0.00,"",3.00,1.35,0.55,0.56,0.87,"","hasarsız skill (base_damage 0): etki hareketin kendisi; vuruş 1: 0,78s@boss6,98m/oyuncu4,53m; kalıp sonu: merkeze 3,00 m, başlangıçtan 0,00 m, kalıp simülasyonundan 0,00 m, kalıp hedefi AllyDummy"
8-10,"Aynalı Yükseliş","Büyü Kitabı","ters_es",1,1,1,1,1,1,1,1,1,"yerinde","yerinde",0.00,"",3.00,1.35,0.44,0.44,0.76,"","hasarsız skill (base_damage 0): etki hareketin kendisi; vuruş 2: 0,46s@boss2,60m/oyuncu0,40m 0,66s@boss0,00m/oyuncu3,00m; kalıp sonu: merkeze 3,00 m, başlangıçtan 0,00 m, kalıp simülasyonundan 0,00 m"
8-11,"Kopya Yükseliş","Büyü Kitabı","golge_ulak",1,1,1,1,1,1,1,1,1,"yan","yan",0.00,"",2.43,1.35,1.35,1.36,1.67,"0/9 kare koşu","hasarsız skill (base_damage 0): etki hareketin kendisi; vuruş 2: 0,43s@boss3,26m/oyuncu0,35m 1,58s@boss2,85m/oyuncu1,46m; kalıp sonu: merkeze 2,43 m, başlangıçtan 1,41 m, kalıp simülasyonundan 0,00 m, kalıp hedefi AllyDummy"
8-12,"Akan Yükseliş","Büyü Kitabı","akinti_yolu",1,1,1,1,1,1,1,1,1,"geri","geri",0.00,"",3.00,1.35,0.93,0.94,1.25,"3/42 kare koşu, ayak/gövde hız oranı 1,01","hasarsız skill (base_damage 0): etki hareketin kendisi; vuruş 1: 1,12s@boss6,27m/oyuncu2,38m; kalıp sonu: merkeze 4,11 m, başlangıçtan 1,40 m, kalıp simülasyonundan 0,00 m, kalıp hedefi AllyDummy"
9-7,"Bulandırıcı Arınma","Büyü Kitabı","sis_ortusu",1,1,1,1,1,1,1,1,1,"yerinde","yerinde",0.00,"oyuncu +16000 can",3.00,1.35,0.28,0.30,0.60,"","vuruş 1: 0,48s@boss0,00m/oyuncu3,00m; kalıp sonu: merkeze 3,00 m, başlangıçtan 0,00 m, kalıp simülasyonundan 0,00 m"
9-8,"Yükselen Arınma","Büyü Kitabı","isik_sutunu",1,1,1,1,1,1,1,1,1,"yerinde","yerinde",0.00,"oyuncu +16000 can",3.00,1.35,0.47,0.48,0.78,"","vuruş 1: 0,65s@boss3,05m/oyuncu0,00m; kalıp sonu: merkeze 3,07 m, başlangıçtan 0,10 m, kalıp simülasyonundan 0,00 m, kalıp hedefi AllyDummy"
9-9,"Odaklı Arınma","Büyü Kitabı","mermi_sondur",1,1,1,1,1,1,1,1,1,"yerinde","yerinde",0.00,"oyuncu +16000 can",3.00,1.35,0.37,0.38,0.68,"","vuruş 1: 0,62s@boss6,98m/oyuncu4,53m; kalıp sonu: merkeze 3,00 m, başlangıçtan 0,00 m, kalıp simülasyonundan 0,00 m, kalıp hedefi AllyDummy"
9-10,"Aynalı Arınma","Büyü Kitabı","yer_degistir",1,1,1,1,1,1,1,1,1,"arka","arka",0.00,"oyuncu +16000 can",1.50,1.35,0.33,0.34,0.65,"0/1 kare koşu","vuruş 1: 0,58s@boss0,31m/oyuncu1,19m; kalıp sonu: merkeze 1,50 m, başlangıçtan 4,50 m, kalıp simülasyonundan 0,00 m; tek karede 4,50 m sıçrama (sınır 0,62 m @ 17 ms, t=0,42, faz degis, blink tasarım gereği)"
9-11,"Kopya Arınma","Büyü Kitabı","yem_kopya",1,1,1,1,1,1,1,1,1,"yerinde","yerinde",0.00,"oyuncu +16000 can",3.00,1.35,0.24,0.24,0.55,"","vuruş 1: 0,43s@boss2,98m/oyuncu1,29m; kalıp sonu: merkeze 3,00 m, başlangıçtan 0,00 m, kalıp simülasyonundan 0,00 m"
9-12,"Akan Arınma","Büyü Kitabı","nabiz",1,1,1,1,1,1,1,1,1,"yerinde","yerinde",0.00,"oyuncu +8000 can, dost +4000 can",3.00,1.35,3.17,3.18,3.49,"","vuruş 3: 1,48s@boss3,00m/oyuncu0,00m 2,48s@boss3,00m/oyuncu0,00m 3,49s@boss3,00m/oyuncu0,00m; kalıp sonu: merkeze 3,00 m, başlangıçtan 0,00 m, kalıp simülasyonundan 0,00 m"
10-7,"Bulandırıcı Yansı","Büyü Kitabı","sahte_goruntu",1,1,1,1,1,1,1,1,1,"geri","geri",0.00,"boss:Blind",3.00,1.35,0.43,0.44,0.72,"0/9 kare koşu","vuruş 3: 0,35s@boss3,06m/oyuncu1,37m 0,48s@boss3,06m/oyuncu1,37m 0,65s@boss3,58m/oyuncu0,00m; kalıp sonu: merkeze 3,90 m, başlangıçtan 0,90 m, kalıp simülasyonundan 0,00 m"
10-8,"Yükselen Yansı","Büyü Kitabı","yerden_buyuyen",1,1,1,1,1,1,1,1,1,"yerinde","yerinde",0.00,"",2.75,1.35,0.42,0.42,0.70,"","hasarsız skill (base_damage 0): etki hareketin kendisi; vuruş 1: 0,57s@boss0,00m/oyuncu2,82m; kalıp sonu: merkeze 2,75 m, başlangıçtan 0,25 m, kalıp simülasyonundan 0,00 m"
10-9,"Odaklı Yansı","Büyü Kitabı","koruyucu_isaret",1,1,1,1,1,1,1,1,1,"ön","ön",0.00,"",2.20,1.35,0.18,0.20,0.47,"3/11 kare koşu, ayak/gövde hız oranı 0,93","hasarsız skill (base_damage 0): etki hareketin kendisi; vuruş 1: 0,42s@boss2,05m/oyuncu0,35m; kalıp sonu: merkeze 2,20 m, başlangıçtan 0,80 m, kalıp simülasyonundan 0,00 m"
11-7,"Bulandırıcı Çağrı","Büyü Kitabı","sirt_saplama",1,1,1,1,1,1,1,1,1,"yerinde","yerinde",0.00,"boss:Blind",3.00,1.35,0.32,0.32,0.60,"","vuruş 1: 0,53s@boss0,00m/oyuncu3,00m; kalıp sonu: merkeze 3,00 m, başlangıçtan 0,00 m, kalıp simülasyonundan 0,00 m"
11-8,"Yükselen Çağrı","Büyü Kitabı","dostu_yerden",1,1,1,1,1,1,1,1,1,"yan","yan",0.00,"",2.96,1.35,0.77,0.78,1.05,"0/35 kare koşu","hasarsız skill (base_damage 0): etki hareketin kendisi; vuruş 1: 0,90s@boss2,81m/oyuncu0,95m; kalıp sonu: merkeze 2,99 m, başlangıçtan 0,91 m, kalıp simülasyonundan 0,00 m"
11-9,"Odaklı Çağrı","Büyü Kitabı","pesinden_av",1,1,1,1,1,1,1,1,1,"yerinde","yerinde",0.00,"",3.00,1.35,2.32,2.32,2.60,"","hasarsız skill (base_damage 0): etki hareketin kendisi; vuruş 1: 2,52s@boss0,00m/oyuncu3,00m; kalıp sonu: merkeze 3,00 m, başlangıçtan 0,00 m, kalıp simülasyonundan 0,00 m"
12-7,"Bulandırıcı Zaman","Büyü Kitabı","kum_saati",1,1,1,1,1,1,1,1,1,"yerinde","yerinde",0.00,"boss:Blind+Slow, boss hız x0,70",3.00,1.35,0.62,0.62,0.90,"","vuruş 1: 0,47s@boss0,28m/oyuncu3,28m; kalıp sonu: merkeze 3,00 m, başlangıçtan 0,00 m, kalıp simülasyonundan 0,00 m"
12-8,"Yükselen Zaman","Büyü Kitabı","isik_sutunu",1,1,1,1,1,1,1,1,1,"yerinde","yerinde",0.00,"oyuncu:Haste, oyuncu hız x1,50",2.90,1.35,0.47,0.48,0.75,"","vuruş 1: 0,62s@boss2,93m/oyuncu0,00m; kalıp sonu: merkeze 2,90 m, başlangıçtan 0,10 m, kalıp simülasyonundan 0,00 m"
12-9,"Odaklı Zaman","Büyü Kitabı","isaret_patlamasi",1,1,1,1,1,1,1,1,1,"yerinde","yerinde",0.00,"boss:Slow, boss hız x0,70",3.00,1.35,1.91,1.92,2.19,"","vuruş 1: 2,14s@boss0,00m/oyuncu3,00m; kalıp sonu: merkeze 3,00 m, başlangıçtan 0,00 m, kalıp simülasyonundan 0,00 m"
1-1,"Yoğun Vuruş","Küre","yukle_birak",1,1,1,1,1,1,1,1,1,"ön","ön",177584.00,"",1.50,1.35,0.50,0.52,0.94,"0/10 kare koşu","vuruş 1: 0,87s@boss0,49m/oyuncu1,53m; kalıp sonu: merkeze 1,50 m, başlangıçtan 1,50 m, kalıp simülasyonundan 0,00 m; toparlanma 0,43 sn (tablo 0,26)"
1-2,"Emici Vuruş","Küre","kan_ceken_pence",1,1,1,1,1,1,1,1,1,"yerinde","yerinde",119912.00,"oyuncu +35973 can",1.35,1.35,0.37,0.38,0.80,"","vuruş 3: 0,52s@boss1,64m/oyuncu1,02m 0,63s@boss1,16m/oyuncu1,02m 0,77s@boss0,61m/oyuncu1,02m; kalıp sonu: merkeze 1,49 m, başlangıçtan 0,00 m, kalıp simülasyonundan 1,50 m, boss 1,51 m kaydı; toparlanma 0,43 sn (tablo 0,26)"
1-3,"Sıçrayan Vuruş","Küre","yan_yan_sekme",1,1,1,1,1,1,1,1,1,"geri","geri",129248.00,"",2.85,1.35,0.45,0.46,0.89,"0/27 kare koşu","vuruş 2: 0,55s@boss0,74m/oyuncu3,52m 0,84s@boss0,74m/oyuncu4,11m; kalıp sonu: merkeze 3,70 m, başlangıçtan 1,30 m, kalıp simülasyonundan 0,00 m; toparlanma 0,43 sn (tablo 0,26)"
1-4,"Sabit Vuruş","Küre","yere_cakilan",1,1,1,1,1,1,1,1,1,"yerinde","yerinde",128480.00,"",2.80,1.35,0.42,0.42,0.85,"","vuruş 1: 0,80s@boss2,82m/oyuncu0,00m; kalıp sonu: merkeze 2,80 m, başlangıçtan 0,20 m, kalıp simülasyonundan 0,00 m; toparlanma 0,43 sn (tablo 0,26)"
1-5,"Yayılan Vuruş","Küre","donen_kesik",1,1,1,1,1,1,1,1,1,"yerinde","yerinde",112400.00,"",3.00,1.35,0.55,0.55,0.99,"","vuruş 1: 0,67s@boss3,00m/oyuncu0,00m; kalıp sonu: merkeze 3,00 m, başlangıçtan 0,00 m, kalıp simülasyonundan 0,00 m; toparlanma 0,43 sn (tablo 0,26)"
1-6,"Bağlayıcı Vuruş","Küre","zincirli_firlatma",1,1,1,1,1,1,1,1,1,"ön","ön",125264.00,"boss:Root+Slow, boss hız x0,00",1.50,1.35,0.68,0.70,1.12,"0/11 kare koşu","vuruş 2: 0,62s@boss0,45m/oyuncu3,45m 1,05s@boss0,72m/oyuncu1,28m; kalıp sonu: merkeze 1,50 m, başlangıçtan 1,50 m, kalıp simülasyonundan 0,00 m; toparlanma 0,43 sn (tablo 0,26)"
2-1,"Yoğun Şifa","Küre","tek_dokunus",1,1,1,1,1,1,1,1,1,"geri","geri",0.00,"oyuncu +112000 can",3.00,1.35,0.15,0.16,0.58,"0/9 kare koşu","vuruş 1: 0,53s@boss3,84m/oyuncu0,68m; kalıp sonu: merkeze 3,41 m, başlangıçtan 0,55 m, kalıp simülasyonundan 0,00 m, kalıp hedefi AllyDummy; toparlanma 0,43 sn (tablo 0,26)"
2-2,"Emici Şifa","Küre","uzaktan_emme",1,1,1,1,1,1,1,1,1,"yerinde","yerinde",53192.00,"oyuncu +56000 can, dost +56000 can",2.65,1.35,2.15,2.16,2.59,"","vuruş 4: 1,08s@boss0,19m/oyuncu2,72m 1,59s@boss0,10m/oyuncu2,72m 2,09s@boss0,02m/oyuncu2,72m 2,59s@boss0,07m/oyuncu2,72m; kalıp sonu: merkeze 2,65 m, başlangıçtan 0,35 m, kalıp simülasyonundan 0,00 m; toparlanma 0,43 sn (tablo 0,26)"
2-3,"Sıçrayan Şifa","Küre","dosttan_dosta",1,1,1,1,1,1,1,1,1,"yerinde","yerinde",0.00,"oyuncu +40000 can, dost +72000 can",3.00,1.35,0.53,0.54,0.97,"","vuruş 3: 0,58s@boss6,17m/oyuncu3,68m 0,68s@boss6,98m/oyuncu4,53m 0,87s@boss6,88m/oyuncu4,54m; kalıp sonu: merkeze 3,00 m, başlangıçtan 0,00 m, kalıp simülasyonundan 0,00 m, kalıp hedefi AllyDummy; toparlanma 0,43 sn (tablo 0,26)"
2-4,"Sabit Şifa","Küre","totem_dikme",1,1,1,1,1,1,1,1,1,"yerinde","yerinde",0.00,"oyuncu +112000 can",3.00,1.35,0.28,0.30,0.72,"","vuruş 1: 0,68s@boss3,10m/oyuncu0,00m; kalıp sonu: merkeze 3,11 m, başlangıçtan 0,15 m, kalıp simülasyonundan 0,00 m, kalıp hedefi AllyDummy; toparlanma 0,43 sn (tablo 0,26)"
2-5,"Yayılan Şifa","Küre","genisleyen_halka",1,1,1,1,1,1,1,1,1,"yerinde","yerinde",0.00,"oyuncu +112000 can",3.00,1.35,0.57,0.58,1.00,"","vuruş 1: 0,88s@boss3,00m/oyuncu0,00m; kalıp sonu: merkeze 3,00 m, başlangıçtan 0,00 m, kalıp simülasyonundan 0,00 m; toparlanma 0,43 sn (tablo 0,26)"
2-6,"Bağlayıcı Şifa","Küre","dostu_kanca",1,1,1,1,1,1,1,1,1,"geri","geri",0.00,"oyuncu +112000 can",3.00,1.35,0.52,0.52,0.95,"0/21 kare koşu","vuruş 1: 0,88s@boss5,79m/oyuncu0,40m; kalıp sonu: merkeze 5,92 m, başlangıçtan 3,40 m, kalıp simülasyonundan 0,00 m, kalıp hedefi AllyDummy; toparlanma 0,43 sn (tablo 0,26)"
3-1,"Yoğun Adım","Küre","isinlan_kes",1,1,1,1,1,1,1,1,1,"arka","arka",0.00,"",1.50,1.35,0.46,0.48,0.85,"0/1 kare koşu","hasarsız skill (base_damage 0): etki hareketin kendisi; vuruş 1: 0,80s@boss0,00m/oyuncu1,50m; kalıp sonu: merkeze 1,50 m, başlangıçtan 4,50 m, kalıp simülasyonundan 0,00 m; tek karede 4,50 m sıçrama (sınır 0,62 m @ 16 ms, t=0,75, faz isin, blink tasarım gereği)"
3-2,"Emici Adım","Küre","icinden_emme",1,1,1,1,1,1,1,1,1,"arka","arka",0.00,"",0.10,1.35,0.27,0.28,0.65,"0/16 kare koşu","hasarsız skill (base_damage 0): etki hareketin kendisi; vuruş 1: 0,53s@boss0,97m/oyuncu1,36m; kalıp sonu: merkeze 2,65 m, başlangıçtan 5,51 m, kalıp simülasyonundan 0,14 m, boss 0,14 m kaydı; gövdeye girdi: merkeze 0,10 m (t=0,52, temas 1,35) geçiş tasarım gereği"
3-3,"Sıçrayan Adım","Küre","sekmeli_ziplama",1,1,1,1,1,1,1,1,1,"arka","arka",0.00,"",1.50,1.35,0.59,0.60,0.98,"0/33 kare koşu","hasarsız skill (base_damage 0): etki hareketin kendisi; vuruş 3: 0,52s@boss2,06m/oyuncu0,00m 0,72s@boss1,50m/oyuncu0,00m 0,92s@boss1,50m/oyuncu0,00m; kalıp sonu: merkeze 1,50 m, başlangıçtan 4,50 m, kalıp simülasyonundan 0,00 m"
3-4,"Sabit Adım","Küre","geri_sarma",1,1,1,1,1,1,1,1,1,"başlangıç","başlangıç",0.00,"",1.50,1.35,2.65,2.66,3.04,"0/31 kare koşu","hasarsız skill (base_damage 0): etki hareketin kendisi; kalıp sonu: merkeze 3,00 m, başlangıçtan 0,00 m, kalıp simülasyonundan 0,00 m"
3-5,"Yayılan Adım","Küre","dalis_patlamasi",1,1,1,1,1,1,1,1,1,"ön","ön",0.00,"",1.50,1.35,0.42,0.42,0.80,"0/16 kare koşu","hasarsız skill (base_damage 0): etki hareketin kendisi; vuruş 1: 0,68s@boss1,50m/oyuncu0,00m; kalıp sonu: merkeze 1,50 m, başlangıçtan 1,50 m, kalıp simülasyonundan 0,00 m"
3-6,"Bağlayıcı Adım","Küre","kanca_cekis",1,1,1,1,1,1,1,1,1,"arka","arka",0.00,"boss:Root+Slow, boss hız x0,00",1.50,1.35,0.74,0.74,1.12,"0/35 kare koşu","vuruş 1: 1,04s@boss0,00m/oyuncu1,50m; kalıp sonu: merkeze 1,50 m, başlangıçtan 4,50 m, kalıp simülasyonundan 0,00 m"
4-1,"Yoğun Kalkan","Küre","tam_zamanli",1,1,1,1,1,1,1,1,1,"yerinde","yerinde",0.00,"",3.00,1.35,0.48,0.50,0.87,"","hasarsız skill (base_damage 0): etki hareketin kendisi; vuruş 1: 0,73s@boss0,62m/oyuncu2,38m; kalıp sonu: merkeze 3,00 m, başlangıçtan 0,00 m, kalıp simülasyonundan 0,00 m"
4-2,"Emici Kalkan","Küre","kalkan_calma",1,1,1,1,1,1,1,1,1,"yerinde","yerinde",95000.00,"",1.35,1.35,0.18,0.20,0.57,"","vuruş 1: 0,50s@boss1,24m/oyuncu1,28m; kalıp sonu: merkeze 2,24 m, başlangıçtan 0,00 m, kalıp simülasyonundan 1,50 m, boss 0,76 m kaydı"
4-3,"Sıçrayan Kalkan","Küre","seken_disk",1,1,1,1,1,1,1,1,1,"yerinde","yerinde",0.00,"",3.00,1.35,0.42,0.42,0.80,"","hasarsız skill (base_damage 0): etki hareketin kendisi; vuruş 2: 0,55s@boss0,30m/oyuncu3,30m 0,68s@boss3,04m/oyuncu1,43m; kalıp sonu: merkeze 3,00 m, başlangıçtan 0,00 m, kalıp simülasyonundan 0,00 m"
5-1,"Yoğun Patlama","Küre","saplanan_fitil",1,1,1,1,1,1,1,1,1,"geri","geri",186248.00,"",2.32,1.35,1.61,1.62,2.04,"0/23 kare koşu","vuruş 2: 0,54s@boss0,85m/oyuncu1,47m 2,04s@boss0,85m/oyuncu2,95m; kalıp sonu: merkeze 3,80 m, başlangıçtan 0,80 m, kalıp simülasyonundan 0,00 m; toparlanma 0,43 sn (tablo 0,26)"
5-2,"Emici Patlama","Küre","ceken_girdap",1,1,1,1,1,1,1,1,1,"yerinde","yerinde",83736.00,"oyuncu +25120 can",1.35,1.35,1.32,1.32,1.75,"","vuruş 3: 1,10s@boss0,00m/oyuncu1,35m 1,60s@boss0,00m/oyuncu1,35m 1,67s@boss0,00m/oyuncu1,35m; kalıp sonu: merkeze 1,35 m, başlangıçtan 0,00 m, kalıp simülasyonundan 0,00 m, boss 1,65 m kaydı; toparlanma 0,43 sn (tablo 0,26)"
5-3,"Sıçrayan Patlama","Küre","seken_bomba",1,1,1,1,1,1,1,1,1,"yerinde","yerinde",90216.00,"",3.00,1.35,0.57,0.58,1.00,"","vuruş 3: 0,58s@boss0,40m/oyuncu3,40m 0,70s@boss0,00m/oyuncu3,00m 0,90s@boss0,35m/oyuncu3,02m; kalıp sonu: merkeze 3,00 m, başlangıçtan 0,00 m, kalıp simülasyonundan 0,00 m; toparlanma 0,43 sn (tablo 0,26)"
6-1,"Yoğun Bağ","Küre","sinir_noktasi",1,1,1,1,1,1,1,1,1,"ön","ön",35664.00,"boss:Stun, boss hız x0,00",1.50,1.35,0.33,0.34,0.77,"0/13 kare koşu","vuruş 1: 0,72s@boss0,91m/oyuncu0,59m; kalıp sonu: merkeze 1,50 m, başlangıçtan 1,50 m, kalıp simülasyonundan 0,00 m; toparlanma 0,43 sn (tablo 0,26)"
6-2,"Emici Bağ","Küre","bossu_cek",1,1,1,1,1,1,1,1,1,"geri","geri",23376.00,"boss:Root, boss hız x0,00, oyuncu +7013 can",1.35,1.35,0.43,0.44,0.87,"0/17 kare koşu","vuruş 1: 0,72s@boss1,27m/oyuncu1,36m; kalıp sonu: merkeze 2,81 m, başlangıçtan 1,60 m, kalıp simülasyonundan 0,00 m, boss 1,79 m kaydı; toparlanma 0,43 sn (tablo 0,26)"
6-3,"Sıçrayan Bağ","Küre","basip_sekme",1,1,1,1,1,1,1,1,1,"başlangıç","başlangıç",25360.00,"boss:Root, boss hız x0,00",1.51,1.35,0.52,0.52,0.96,"0/31 kare koşu","vuruş 1: 0,71s@boss1,58m/oyuncu0,00m; kalıp sonu: merkeze 3,20 m, başlangıçtan 0,20 m, kalıp simülasyonundan 0,00 m; toparlanma 0,43 sn (tablo 0,26)"
1-7,"Bulandırıcı Vuruş","Küre","dumandan_cikis",1,1,1,1,1,1,1,1,1,"ön","ön",130552.00,"boss:Blind",1.50,1.35,0.47,0.48,0.90,"0/11 kare koşu","vuruş 1: 0,82s@boss0,74m/oyuncu1,36m; kalıp sonu: merkeze 1,50 m, başlangıçtan 1,50 m, kalıp simülasyonundan 0,00 m; toparlanma 0,43 sn (tablo 0,26)"
1-8,"Yükselen Vuruş","Küre","havaya_kaldirma",1,1,1,1,1,1,1,1,1,"ön","ön",147736.00,"boss:Stun, boss hız x0,00",1.90,1.35,0.33,0.34,0.77,"0/20 kare koşu","vuruş 1: 0,57s@boss1,24m/oyuncu1,28m; kalıp sonu: merkeze 1,90 m, başlangıçtan 1,10 m, kalıp simülasyonundan 0,00 m; toparlanma 0,43 sn (tablo 0,26)"
1-9,"Odaklı Vuruş","Küre","isarete_vur",1,1,1,1,1,1,1,1,1,"ön","ön",211280.00,"",1.65,1.35,0.37,0.38,0.80,"0/9 kare koşu","vuruş 1: 0,73s@boss0,91m/oyuncu1,28m; kalıp sonu: merkeze 1,65 m, başlangıçtan 1,35 m, kalıp simülasyonundan 0,00 m; toparlanma 0,43 sn (tablo 0,26)"
2-7,"Bulandırıcı Şifa","Küre","sis_ortusu",1,1,1,1,1,1,1,1,1,"yerinde","yerinde",0.00,"oyuncu +112000 can",3.00,1.35,0.28,0.30,0.72,"","vuruş 1: 0,60s@boss0,00m/oyuncu3,00m; kalıp sonu: merkeze 3,00 m, başlangıçtan 0,00 m, kalıp simülasyonundan 0,00 m; toparlanma 0,43 sn (tablo 0,26)"
2-8,"Yükselen Şifa","Küre","yerden_buyuyen",1,1,1,1,1,1,1,1,1,"yerinde","yerinde",0.00,"oyuncu +112000 can",3.00,1.35,0.42,0.42,0.85,"","vuruş 1: 0,72s@boss6,98m/oyuncu4,35m; kalıp sonu: merkeze 3,18 m, başlangıçtan 0,25 m, kalıp simülasyonundan 0,00 m, kalıp hedefi AllyDummy; toparlanma 0,43 sn (tablo 0,26)"
2-9,"Odaklı Şifa","Küre","koruyucu_isaret",1,1,1,1,1,1,1,1,1,"geri","geri",0.00,"oyuncu +112000 can",3.00,1.35,0.18,0.20,0.62,"0/11 kare koşu","vuruş 1: 0,57s@boss3,73m/oyuncu0,35m; kalıp sonu: merkeze 3,61 m, başlangıçtan 0,80 m, kalıp simülasyonundan 0,00 m, kalıp hedefi AllyDummy; toparlanma 0,43 sn (tablo 0,26)"
3-7,"Bulandırıcı Adım","Küre","duman_kaybolma",1,1,1,1,1,1,1,1,1,"ön","ön",0.00,"boss:Blind, oyuncu:Stealth",1.50,1.35,0.58,0.59,0.97,"0/8 kare koşu","vuruş 1: 0,52s@boss1,50m/oyuncu0,00m; kalıp sonu: merkeze 1,50 m, başlangıçtan 1,50 m, kalıp simülasyonundan 0,00 m"
3-8,"Yükselen Adım","Küre","sicrayip_cakilma",1,1,1,1,1,1,1,1,1,"ön","ön",0.00,"oyuncu:Haste, oyuncu hız x1,10",1.50,1.35,0.80,0.82,1.19,"0/21 kare koşu","vuruş 1: 1,14s@boss1,50m/oyuncu0,00m; kalıp sonu: merkeze 1,50 m, başlangıçtan 1,50 m, kalıp simülasyonundan 0,00 m"
3-9,"Odaklı Adım","Küre","isinlan_kes",1,1,1,1,1,1,1,1,1,"arka","arka",0.00,"",1.50,1.35,0.47,0.48,0.85,"0/1 kare koşu","hasarsız skill (base_damage 0): etki hareketin kendisi; vuruş 1: 0,80s@boss0,00m/oyuncu1,50m; kalıp sonu: merkeze 1,50 m, başlangıçtan 4,50 m, kalıp simülasyonundan 0,00 m; tek karede 4,50 m sıçrama (sınır 0,62 m @ 17 ms, t=0,75, faz isin, blink tasarım gereği)"
7-1,"Yoğun Zafiyet","Küre","diken_firlatma",1,1,1,1,1,1,1,1,1,"yerinde","yerinde",21512.00,"",3.00,1.35,0.40,0.40,0.84,"","vuruş 1: 0,79s@boss0,30m/oyuncu3,30m; kalıp sonu: merkeze 3,00 m, başlangıçtan 0,00 m, kalıp simülasyonundan 0,00 m; toparlanma 0,43 sn (tablo 0,26)"
7-2,"Emici Zafiyet","Küre","sokup_cekme",1,1,1,1,1,1,1,1,1,"geri","geri",16720.00,"oyuncu +5017 can",3.00,1.35,0.43,0.44,0.87,"0/15 kare koşu","vuruş 2: 0,57s@boss0,35m/oyuncu3,35m 0,73s@boss2,49m/oyuncu1,19m; kalıp sonu: merkeze 4,30 m, başlangıçtan 1,30 m, kalıp simülasyonundan 0,00 m; toparlanma 0,43 sn (tablo 0,26)"
7-3,"Sıçrayan Zafiyet","Küre","seken_yaratik",1,1,1,1,1,1,1,1,1,"yerinde","yerinde",24040.00,"",3.00,1.35,0.63,0.64,1.07,"","vuruş 3: 0,67s@boss0,00m/oyuncu3,00m 0,82s@boss0,35m/oyuncu3,02m 0,99s@boss0,35m/oyuncu3,02m; kalıp sonu: merkeze 3,00 m, başlangıçtan 0,00 m, kalıp simülasyonundan 0,00 m; toparlanma 0,43 sn (tablo 0,26)"
8-1,"Yoğun Yükseliş","Küre","kuculten_kapi",1,1,1,1,1,1,1,1,1,"yerinde","yerinde",0.00,"",3.00,1.35,0.27,0.28,0.70,"","hasarsız skill (base_damage 0): etki hareketin kendisi; vuruş 1: 0,60s@boss0,62m/oyuncu2,38m; kalıp sonu: merkeze 3,00 m, başlangıçtan 0,00 m, kalıp simülasyonundan 0,00 m; toparlanma 0,43 sn (tablo 0,26)"
8-2,"Emici Yükseliş","Küre","kan_muhru",1,1,1,1,1,1,1,1,1,"yerinde","yerinde",0.00,"",3.00,1.35,0.32,0.32,0.75,"","hasarsız skill (base_damage 0): etki hareketin kendisi; vuruş 1: 0,62s@boss3,00m/oyuncu0,00m; kalıp sonu: merkeze 3,00 m, başlangıçtan 0,00 m, kalıp simülasyonundan 0,00 m; toparlanma 0,43 sn (tablo 0,26)"
8-3,"Sıçrayan Yükseliş","Küre","pas_verme",1,1,1,1,1,1,1,1,1,"yerinde","yerinde",0.00,"",3.00,1.35,0.23,0.24,0.67,"","hasarsız skill (base_damage 0): etki hareketin kendisi; vuruş 1: 0,63s@boss6,06m/oyuncu3,55m; kalıp sonu: merkeze 3,00 m, başlangıçtan 0,00 m, kalıp simülasyonundan 0,00 m, kalıp hedefi AllyDummy; toparlanma 0,43 sn (tablo 0,26)"
9-1,"Yoğun Arınma","Küre","tek_dokunus",1,1,1,1,1,1,1,1,1,"geri","geri",0.00,"oyuncu +28000 can",3.00,1.35,0.15,0.16,0.59,"3/9 kare koşu, ayak/gövde hız oranı 1,00","vuruş 1: 0,54s@boss3,84m/oyuncu0,68m; kalıp sonu: merkeze 3,41 m, başlangıçtan 0,55 m, kalıp simülasyonundan 0,00 m, kalıp hedefi AllyDummy; toparlanma 0,43 sn (tablo 0,26)"
9-2,"Emici Arınma","Küre","cekip_firlat",1,1,1,1,1,1,1,1,1,"yerinde","yerinde",0.00,"oyuncu +12000 can, dost +16000 can",3.00,1.35,0.50,0.50,0.93,"","vuruş 2: 0,60s@boss2,65m/oyuncu0,35m 0,90s@boss0,30m/oyuncu3,30m; kalıp sonu: merkeze 3,00 m, başlangıçtan 0,00 m, kalıp simülasyonundan 0,00 m; toparlanma 0,43 sn (tablo 0,26)"
9-3,"Sıçrayan Arınma","Küre","dosttan_dosta",1,1,1,1,1,1,1,1,1,"yerinde","yerinde",0.00,"oyuncu +16000 can, dost +8000 can",3.00,1.35,0.53,0.54,0.97,"","vuruş 3: 0,59s@boss6,17m/oyuncu3,67m 0,69s@boss6,98m/oyuncu4,53m 0,89s@boss6,88m/oyuncu4,54m; kalıp sonu: merkeze 3,00 m, başlangıçtan 0,00 m, kalıp simülasyonundan 0,00 m, kalıp hedefi AllyDummy; toparlanma 0,43 sn (tablo 0,26)"
1-10,"Aynalı Vuruş","Küre","sirtta_kapi",1,1,1,1,1,1,1,1,1,"ön","ön",126296.00,"",1.80,1.35,0.32,0.32,0.75,"0/11 kare koşu","vuruş 2: 0,55s@boss0,92m/oyuncu1,19m 0,67s@boss0,55m/oyuncu2,35m; kalıp sonu: merkeze 1,80 m, başlangıçtan 1,20 m, kalıp simülasyonundan 0,00 m; toparlanma 0,43 sn (tablo 0,26)"
1-11,"Kopya Vuruş","Küre","golge_yankisi",1,1,1,1,1,1,1,1,1,"ön","ön",127856.00,"",2.10,1.35,0.48,0.50,0.92,"0/10 kare koşu","vuruş 2: 0,54s@boss1,20m/oyuncu1,15m 0,86s@boss1,95m/oyuncu1,39m; kalıp sonu: merkeze 2,10 m, başlangıçtan 0,90 m, kalıp simülasyonundan 0,00 m; toparlanma 0,43 sn (tablo 0,26)"
1-12,"Akan Vuruş","Küre","basili_seri",1,1,1,1,1,1,1,1,1,"ön","ön",90744.00,"",1.60,1.35,2.99,3.00,3.42,"","vuruş 6: 0,67s@boss1,74m/oyuncu1,15m 1,17s@boss1,50m/oyuncu1,15m 1,67s@boss1,27m/oyuncu1,15m 2,17s@boss1,03m/oyuncu1,15m 2,67s@boss0,80m/oyuncu1,15m 3,17s@boss0,57m/oyuncu1,15m; kalıp sonu: merkeze 1,60 m, başlangıçtan 1,40 m, kalıp simülasyonundan 0,00 m; toparlanma 0,43 sn (tablo 0,26)"
2-10,"Aynalı Şifa","Küre","ters_es",1,1,1,1,1,1,1,1,1,"yerinde","yerinde",16800.00,"oyuncu +112000 can",3.00,1.35,0.43,0.44,0.87,"","vuruş 2: 0,57s@boss2,60m/oyuncu0,40m 0,77s@boss0,00m/oyuncu3,00m; kalıp sonu: merkeze 3,00 m, başlangıçtan 0,00 m, kalıp simülasyonundan 0,00 m; toparlanma 0,43 sn (tablo 0,26)"
2-11,"Kopya Şifa","Küre","golge_ulak",1,1,1,1,1,1,1,1,1,"yan","yan",0.00,"oyuncu +68000 can, dost +44000 can",2.43,1.35,1.35,1.36,1.78,"0/9 kare koşu","vuruş 2: 0,55s@boss3,26m/oyuncu0,35m 1,70s@boss2,85m/oyuncu1,46m; kalıp sonu: merkeze 2,43 m, başlangıçtan 1,41 m, kalıp simülasyonundan 0,00 m, kalıp hedefi AllyDummy; toparlanma 0,43 sn (tablo 0,26)"
2-12,"Akan Şifa","Küre","basili_isik",1,1,1,1,1,1,1,1,1,"geri","geri",0.00,"oyuncu +60000 can, dost +60000 can",3.00,1.35,2.99,3.00,3.42,"","vuruş 6: 0,68s@boss5,38m/oyuncu2,72m 1,18s@boss5,57m/oyuncu2,72m 1,68s@boss5,75m/oyuncu2,72m 2,18s@boss5,94m/oyuncu2,72m 2,68s@boss6,13m/oyuncu2,72m 3,17s@boss6,31m/oyuncu2,72m; kalıp sonu: merkeze 3,94 m, başlangıçtan 1,20 m, kalıp simülasyonundan 0,00 m, kalıp hedefi AllyDummy; toparlanma 0,43 sn (tablo 0,26)"
3-10,"Aynalı Adım","Küre","iki_kapi",1,1,1,1,1,1,1,1,1,"ön","ön",0.00,"",1.50,1.35,0.53,0.54,0.92,"0/16 kare koşu","hasarsız skill (base_damage 0): etki hareketin kendisi; vuruş 2: 0,43s@boss3,00m/oyuncu0,00m 0,83s@boss1,50m/oyuncu0,00m; kalıp sonu: merkeze 1,50 m, başlangıçtan 1,50 m, kalıp simülasyonundan 0,00 m"
3-11,"Kopya Adım","Küre","yem_kac",1,1,1,1,1,1,1,1,1,"geri","geri",0.00,"",3.00,1.35,0.40,0.40,0.79,"0/17 kare koşu","hasarsız skill (base_damage 0): etki hareketin kendisi; vuruş 1: 0,44s@boss3,00m/oyuncu0,00m; kalıp sonu: merkeze 5,80 m, başlangıçtan 2,80 m, kalıp simülasyonundan 0,00 m"
3-12,"Akan Adım","Küre","suzulme",1,1,1,1,1,1,1,1,1,"ön","ön",0.00,"",1.90,1.35,2.99,3.00,3.37,"","hasarsız skill (base_damage 0): etki hareketin kendisi; kalıp sonu: merkeze 1,90 m, başlangıçtan 1,10 m, kalıp simülasyonundan 0,00 m"
10-1,"Yoğun Yansı","Küre","tam_zamanli",1,1,1,1,1,1,1,1,1,"yerinde","yerinde",0.00,"",3.00,1.35,0.49,0.50,0.87,"","hasarsız skill (base_damage 0): etki hareketin kendisi; vuruş 1: 0,72s@boss0,62m/oyuncu2,38m; kalıp sonu: merkeze 3,00 m, başlangıçtan 0,00 m, kalıp simülasyonundan 0,00 m"
10-2,"Emici Yansı","Küre","yutan_girdap",1,1,1,1,1,1,1,1,1,"yerinde","yerinde",0.00,"",1.35,1.35,3.17,3.18,3.55,"","hasarsız skill (base_damage 0): etki hareketin kendisi; vuruş 4: 1,30s@boss1,03m/oyuncu2,38m 2,05s@boss1,03m/oyuncu2,38m 2,80s@boss1,03m/oyuncu2,38m 3,55s@boss1,03m/oyuncu2,38m; kalıp sonu: merkeze 1,35 m, başlangıçtan 0,00 m, kalıp simülasyonundan 0,00 m, boss 1,65 m kaydı"
10-3,"Sıçrayan Yansı","Küre","seken_geri",1,1,1,1,1,1,1,1,1,"ön","ön",0.00,"",1.90,1.35,0.35,0.36,0.73,"0/10 kare koşu","hasarsız skill (base_damage 0): etki hareketin kendisi; vuruş 2: 0,47s@boss0,79m/oyuncu1,53m 0,63s@boss0,00m/oyuncu1,90m; kalıp sonu: merkeze 1,90 m, başlangıçtan 1,10 m, kalıp simülasyonundan 0,00 m"
10-10,"Aynalı Yansı","Küre","iki_kapi",1,1,1,1,1,1,1,1,1,"ön","ön",0.00,"",1.50,1.35,0.53,0.54,0.92,"0/16 kare koşu","hasarsız skill (base_damage 0): etki hareketin kendisi; vuruş 2: 0,43s@boss3,00m/oyuncu0,00m 0,83s@boss1,50m/oyuncu0,00m; kalıp sonu: merkeze 1,50 m, başlangıçtan 1,50 m, kalıp simülasyonundan 0,00 m"
10-11,"Kopya Yansı","Küre","yem_kopya",1,1,1,1,1,1,1,1,1,"yerinde","yerinde",0.00,"",3.00,1.35,0.23,0.24,0.62,"","hasarsız skill (base_damage 0): etki hareketin kendisi; vuruş 1: 0,50s@boss2,98m/oyuncu1,29m; kalıp sonu: merkeze 3,00 m, başlangıçtan 0,00 m, kalıp simülasyonundan 0,00 m"
10-12,"Akan Yansı","Küre","basili_siper",1,1,1,1,1,1,1,1,1,"ön","ön",0.00,"",2.20,1.35,2.99,3.00,3.37,"","hasarsız skill (base_damage 0): etki hareketin kendisi; vuruş 3: 1,12s@boss0,42m/oyuncu2,38m 2,12s@boss0,15m/oyuncu2,38m 3,12s@boss0,11m/oyuncu2,38m; kalıp sonu: merkeze 2,20 m, başlangıçtan 0,80 m, kalıp simülasyonundan 0,00 m"
11-1,"Yoğun Çağrı","Küre","sirt_saplama",1,1,1,1,1,1,1,1,1,"yerinde","yerinde",0.00,"",3.00,1.35,0.32,0.32,0.71,"","hasarsız skill (base_damage 0): etki hareketin kendisi; vuruş 1: 0,64s@boss0,00m/oyuncu3,00m; kalıp sonu: merkeze 3,00 m, başlangıçtan 0,00 m, kalıp simülasyonundan 0,00 m"
11-2,"Emici Çağrı","Küre","yapisan",1,1,1,1,1,1,1,1,1,"yerinde","yerinde",0.00,"",1.35,1.35,5.17,5.18,5.56,"","hasarsız skill (base_damage 0): etki hareketin kendisi; vuruş 6: 0,53s@boss0,20m/oyuncu2,58m 1,55s@boss0,00m/oyuncu1,35m 2,55s@boss0,00m/oyuncu1,35m 3,55s@boss0,00m/oyuncu1,35m 4,55s@boss0,00m/oyuncu1,35m 5,56s@boss0,00m/oyuncu1,35m; kalıp sonu: merkeze 1,35 m, başlangıçtan 0,00 m, kalıp simülasyonundan 0,00 m, boss 1,65 m kaydı"
11-3,"Sıçrayan Çağrı","Küre","seken_yaratik",1,1,1,1,1,1,1,1,1,"yerinde","yerinde",0.00,"",3.00,1.35,0.63,0.64,1.02,"","hasarsız skill (base_damage 0): etki hareketin kendisi; vuruş 3: 0,62s@boss0,00m/oyuncu3,00m 0,78s@boss0,35m/oyuncu3,02m 0,93s@boss0,35m/oyuncu3,02m; kalıp sonu: merkeze 3,00 m, başlangıçtan 0,00 m, kalıp simülasyonundan 0,00 m"
11-10,"Aynalı Çağrı","Küre","takim_kapisi",1,1,1,1,1,1,1,1,1,"yerinde","yerinde",0.00,"",3.00,1.35,1.23,1.24,1.62,"","hasarsız skill (base_damage 0): etki hareketin kendisi; vuruş 1: 0,51s@boss3,00m/oyuncu0,00m; kalıp sonu: merkeze 3,00 m, başlangıçtan 0,00 m, kalıp simülasyonundan 0,00 m"
11-11,"Kopya Çağrı","Küre","ayna_klonlar",1,1,1,1,1,1,1,1,1,"yerinde","yerinde",0.00,"",3.00,1.35,0.48,0.50,0.87,"","hasarsız skill (base_damage 0): etki hareketin kendisi; vuruş 2: 0,62s@boss2,93m/oyuncu1,41m 0,78s@boss2,93m/oyuncu1,41m; kalıp sonu: merkeze 3,00 m, başlangıçtan 0,00 m, kalıp simülasyonundan 0,00 m"
11-12,"Akan Çağrı","Küre","kapidan_akin",1,1,1,1,1,1,1,1,1,"yerinde","yerinde",0.00,"",3.00,1.35,4.20,4.20,4.58,"","hasarsız skill (base_damage 0): etki hareketin kendisi; vuruş 6: 0,58s@boss0,85m/oyuncu2,15m 1,37s@boss0,00m/oyuncu3,00m 2,18s@boss0,00m/oyuncu3,00m 2,98s@boss0,00m/oyuncu3,00m 3,78s@boss0,00m/oyuncu3,00m 4,58s@boss0,00m/oyuncu3,00m; kalıp sonu: merkeze 3,00 m, başlangıçtan 0,00 m, kalıp simülasyonundan 0,00 m"
12-1,"Yoğun Zaman","Küre","zamanli_donma",1,1,1,1,1,1,1,1,1,"ön","ön",0.00,"boss:Slow, boss hız x0,70",1.50,1.35,0.48,0.50,0.93,"0/9 kare koşu","vuruş 1: 0,88s@boss0,70m/oyuncu1,28m; kalıp sonu: merkeze 1,50 m, başlangıçtan 1,50 m, kalıp simülasyonundan 0,00 m; toparlanma 0,43 sn (tablo 0,26)"
12-2,"Emici Zaman","Küre","ceken_girdap",1,1,1,1,1,1,1,1,1,"yerinde","yerinde",0.00,"boss:Slow, oyuncu:Haste, boss hız x0,70, oyuncu hız x1,30",1.35,1.35,1.26,1.32,1.70,"","vuruş 3: 1,06s@boss0,00m/oyuncu1,35m 1,55s@boss0,00m/oyuncu1,35m 1,62s@boss0,00m/oyuncu1,35m; kalıp sonu: merkeze 1,35 m, başlangıçtan 0,00 m, kalıp simülasyonundan 0,00 m, boss 1,65 m kaydı; toparlanma 0,43 sn (tablo 0,26)"
12-3,"Sıçrayan Zaman","Küre","geri_donen_kure",1,1,1,1,1,1,1,1,1,"yerinde","yerinde",0.00,"boss:Slow, boss hız x0,70",3.00,1.35,0.48,0.50,0.93,"","vuruş 2: 0,61s@boss0,30m/oyuncu3,30m 0,85s@boss0,96m/oyuncu2,04m; kalıp sonu: merkeze 3,00 m, başlangıçtan 0,00 m, kalıp simülasyonundan 0,00 m; toparlanma 0,43 sn (tablo 0,26)"
12-10,"Aynalı Zaman","Küre","boss_geri",1,1,1,1,1,1,1,1,1,"yerinde","yerinde",0.00,"boss:Slow, boss hız x0,70",3.00,1.35,0.45,0.46,0.88,"","vuruş 1: 0,62s@boss0,30m/oyuncu3,30m; kalıp sonu: merkeze 3,00 m, başlangıçtan 0,00 m, kalıp simülasyonundan 0,00 m; toparlanma 0,43 sn (tablo 0,26)"
12-11,"Kopya Zaman","Küre","geri_sarma",1,1,1,1,1,1,1,1,1,"başlangıç","başlangıç",0.00,"",1.50,1.35,2.65,2.66,3.08,"0/31 kare koşu","hasarsız skill (base_damage 0): etki hareketin kendisi; kalıp sonu: merkeze 3,00 m, başlangıçtan 0,00 m, kalıp simülasyonundan 0,00 m; toparlanma 0,43 sn (tablo 0,26)"
12-12,"Akan Zaman","Küre","yuruyen_balon",1,1,1,1,1,1,1,1,1,"ön","ön",0.00,"boss:Slow, boss hız x0,70",1.80,1.35,4.19,4.20,4.62,"","vuruş 5: 0,53s@boss3,00m/oyuncu0,00m 1,62s@boss2,70m/oyuncu0,00m 2,62s@boss2,40m/oyuncu0,00m 3,62s@boss2,10m/oyuncu0,00m 4,62s@boss1,80m/oyuncu0,00m; kalıp sonu: merkeze 1,80 m, başlangıçtan 1,20 m, kalıp simülasyonundan 0,00 m; toparlanma 0,43 sn (tablo 0,26)"
4-4,"Sabit Kalkan","Küre","duvar_dikme",1,1,1,1,1,1,1,1,1,"yerinde","yerinde",0.00,"",3.00,1.35,0.32,0.32,0.70,"","hasarsız skill (base_damage 0): etki hareketin kendisi; vuruş 1: 0,58s@boss0,62m/oyuncu2,38m; kalıp sonu: merkeze 3,00 m, başlangıçtan 0,00 m, kalıp simülasyonundan 0,00 m"
4-5,"Yayılan Kalkan","Küre","onde_yelpaze",1,1,1,1,1,1,1,1,1,"yerinde","yerinde",0.00,"",3.00,1.35,0.62,0.63,1.00,"","hasarsız skill (base_damage 0): etki hareketin kendisi; vuruş 1: 0,82s@boss1,88m/oyuncu1,12m; kalıp sonu: merkeze 3,00 m, başlangıçtan 0,00 m, kalıp simülasyonundan 0,00 m"
4-6,"Bağlayıcı Kalkan","Küre","zincirli_firlatma",1,1,1,1,1,1,1,1,1,"ön","ön",0.00,"",1.50,1.35,0.70,0.70,1.09,"0/12 kare koşu","hasarsız skill (base_damage 0): etki hareketin kendisi; vuruş 2: 0,57s@boss0,45m/oyuncu3,45m 1,01s@boss0,72m/oyuncu1,28m; kalıp sonu: merkeze 1,50 m, başlangıçtan 1,50 m, kalıp simülasyonundan 0,00 m"
4-7,"Bulandırıcı Kalkan","Küre","duman_duvari",1,1,1,1,1,1,1,1,1,"yerinde","yerinde",0.00,"",2.80,1.35,0.52,0.52,0.90,"","hasarsız skill (base_damage 0): etki hareketin kendisi; vuruş 1: 0,58s@boss0,42m/oyuncu2,38m; kalıp sonu: merkeze 2,80 m, başlangıçtan 0,20 m, kalıp simülasyonundan 0,00 m"
4-8,"Yükselen Kalkan","Küre","yerden_buyuyen",1,1,1,1,1,1,1,1,1,"yerinde","yerinde",0.00,"",3.00,1.35,0.42,0.42,0.80,"","hasarsız skill (base_damage 0): etki hareketin kendisi; vuruş 1: 0,67s@boss6,98m/oyuncu4,35m; kalıp sonu: merkeze 3,18 m, başlangıçtan 0,25 m, kalıp simülasyonundan 0,00 m, kalıp hedefi AllyDummy"
4-9,"Odaklı Kalkan","Küre","koruyucu_isaret",1,1,1,1,1,1,1,1,1,"geri","geri",0.00,"",3.00,1.35,0.20,0.20,0.58,"0/12 kare koşu","hasarsız skill (base_damage 0): etki hareketin kendisi; vuruş 1: 0,52s@boss3,73m/oyuncu0,35m; kalıp sonu: merkeze 3,61 m, başlangıçtan 0,80 m, kalıp simülasyonundan 0,00 m, kalıp hedefi AllyDummy"
5-4,"Sabit Patlama","Küre","mayin_cakma",1,1,1,1,1,1,1,1,1,"yerinde","yerinde",89408.00,"",3.00,1.35,0.42,0.42,0.86,"","vuruş 2: 0,66s@boss0,85m/oyuncu2,15m 0,74s@boss0,85m/oyuncu2,15m; kalıp sonu: merkeze 3,00 m, başlangıçtan 0,00 m, kalıp simülasyonundan 0,00 m; toparlanma 0,43 sn (tablo 0,26)"
5-5,"Yayılan Patlama","Küre","yer_yarigi",1,1,1,1,1,1,1,1,1,"ön","ön",75416.00,"",1.50,1.35,0.55,0.56,0.99,"0/26 kare koşu","vuruş 3: 0,70s@boss0,35m/oyuncu1,28m 0,82s@boss0,14m/oyuncu1,36m 0,95s@boss0,23m/oyuncu1,28m; kalıp sonu: merkeze 1,50 m, başlangıçtan 2,07 m, kalıp simülasyonundan 0,00 m; toparlanma 0,43 sn (tablo 0,26)"
5-6,"Bağlayıcı Patlama","Küre","gerilip_kopan",1,1,1,1,1,1,1,1,1,"geri","geri",90960.00,"boss:Root+Slow, boss hız x0,00",1.35,1.35,0.57,0.58,1.00,"0/27 kare koşu","vuruş 2: 0,58s@boss0,85m/oyuncu0,89m 0,93s@boss0,85m/oyuncu2,65m; kalıp sonu: merkeze 3,14 m, başlangıçtan 0,50 m, kalıp simülasyonundan 0,00 m, boss 0,36 m kaydı; toparlanma 0,43 sn (tablo 0,26)"
5-7,"Bulandırıcı Patlama","Küre","sis_bombasi",1,1,1,1,1,1,1,1,1,"yerinde","yerinde",93592.00,"boss:Blind, oyuncu:Stealth",3.00,1.35,0.22,0.22,0.65,"","vuruş 1: 0,62s@boss0,35m/oyuncu3,35m; kalıp sonu: merkeze 3,00 m, başlangıçtan 0,00 m, kalıp simülasyonundan 0,00 m; toparlanma 0,43 sn (tablo 0,26)"
5-8,"Yükselen Patlama","Küre","yerden_fiskirma",1,1,1,1,1,1,1,1,1,"ön","ön",95984.00,"boss:Stun, boss hız x0,00",2.60,1.35,0.43,0.44,0.87,"","vuruş 1: 0,73s@boss0,00m/oyuncu2,78m; kalıp sonu: merkeze 2,60 m, başlangıçtan 0,40 m, kalıp simülasyonundan 0,00 m; toparlanma 0,43 sn (tablo 0,26)"
5-9,"Odaklı Patlama","Küre","gudumlu_top",1,1,1,1,1,1,1,1,1,"yerinde","yerinde",151608.00,"",3.00,1.35,0.55,0.56,1.00,"","vuruş 1: 0,91s@boss0,00m/oyuncu3,00m; kalıp sonu: merkeze 3,00 m, başlangıçtan 0,00 m, kalıp simülasyonundan 0,00 m; toparlanma 0,43 sn (tablo 0,26)"
6-4,"Sabit Bağ","Küre","karsilikli_kilit",1,1,1,1,1,1,1,1,1,"ön","ön",26432.00,"boss:Root, boss hız x0,00",1.50,1.35,3.23,3.24,3.66,"0/15 kare koşu","vuruş 1: 0,90s@boss0,40m/oyuncu1,11m; kalıp sonu: merkeze 1,50 m, başlangıçtan 1,50 m, kalıp simülasyonundan 0,00 m; toparlanma 0,43 sn (tablo 0,26)"
6-5,"Yayılan Bağ","Küre","yer_tuzagi",1,1,1,1,1,1,1,1,1,"yerinde","yerinde",20928.00,"boss:Root, boss hız x0,00",3.00,1.35,0.27,0.28,0.70,"","vuruş 1: 0,60s@boss0,62m/oyuncu2,38m; kalıp sonu: merkeze 3,00 m, başlangıçtan 0,00 m, kalıp simülasyonundan 0,00 m; toparlanma 0,43 sn (tablo 0,26)"
6-6,"Bağlayıcı Bağ","Küre","iki_uclu",1,1,1,1,1,1,1,1,1,"yerinde","yerinde",25376.00,"boss:Root+Slow, boss hız x0,00",3.00,1.35,0.64,0.65,1.07,"","vuruş 1: 0,60s@boss0,28m/oyuncu3,28m; kalıp sonu: merkeze 3,00 m, başlangıçtan 0,00 m, kalıp simülasyonundan 0,00 m; toparlanma 0,43 sn (tablo 0,26)"
6-7,"Bulandırıcı Bağ","Küre","goz_bagi",1,1,1,1,1,1,1,1,1,"yerinde","yerinde",26128.00,"boss:Blind+Root, boss hız x0,00",3.00,1.35,0.20,0.20,0.63,"","vuruş 1: 0,60s@boss0,28m/oyuncu3,28m; kalıp sonu: merkeze 3,00 m, başlangıçtan 0,00 m, kalıp simülasyonundan 0,00 m; toparlanma 0,43 sn (tablo 0,26)"
6-8,"Yükselen Bağ","Küre","havada_asma",1,1,1,1,1,1,1,1,1,"ön","ön",44352.00,"boss:Root, boss hız x0,00",1.50,1.35,1.14,1.14,1.57,"0/21 kare koşu","vuruş 1: 0,92s@boss1,50m/oyuncu0,00m; kalıp sonu: merkeze 1,50 m, başlangıçtan 1,50 m, kalıp simülasyonundan 0,00 m; toparlanma 0,43 sn (tablo 0,26)"
6-9,"Odaklı Bağ","Küre","zamanli_donma",1,1,1,1,1,1,1,1,1,"ön","ön",42280.00,"boss:Root, boss hız x0,00",1.50,1.35,0.48,0.50,0.92,"0/9 kare koşu","vuruş 1: 0,87s@boss0,69m/oyuncu1,28m; kalıp sonu: merkeze 1,50 m, başlangıçtan 1,50 m, kalıp simülasyonundan 0,00 m; toparlanma 0,43 sn (tablo 0,26)"
7-4,"Sabit Zafiyet","Küre","mayin_cakma",1,1,1,1,1,1,1,1,1,"yerinde","yerinde",24208.00,"",3.00,1.35,0.42,0.42,0.85,"","vuruş 2: 0,65s@boss0,85m/oyuncu2,15m 0,74s@boss0,85m/oyuncu2,15m; kalıp sonu: merkeze 3,00 m, başlangıçtan 0,00 m, kalıp simülasyonundan 0,00 m; toparlanma 0,43 sn (tablo 0,26)"
7-5,"Yayılan Zafiyet","Küre","onde_yelpaze",1,1,1,1,1,1,1,1,1,"yerinde","yerinde",15688.00,"",3.00,1.35,0.62,0.63,1.05,"","vuruş 1: 0,87s@boss1,88m/oyuncu1,12m; kalıp sonu: merkeze 3,00 m, başlangıçtan 0,00 m, kalıp simülasyonundan 0,00 m; toparlanma 0,43 sn (tablo 0,26)"
7-6,"Bağlayıcı Zafiyet","Küre","dost_ip",1,1,1,1,1,1,1,1,1,"yerinde","yerinde",17200.00,"boss:Root+Slow, boss hız x0,00",3.00,1.35,0.62,0.62,1.05,"","vuruş 1: 0,62s@boss0,28m/oyuncu3,28m; kalıp sonu: merkeze 3,00 m, başlangıçtan 0,00 m, kalıp simülasyonundan 0,00 m; toparlanma 0,43 sn (tablo 0,26)"
8-4,"Sabit Yükseliş","Küre","totem_dikme",1,1,1,1,1,1,1,1,1,"yerinde","yerinde",0.00,"",3.00,1.35,0.30,0.30,0.73,"","hasarsız skill (base_damage 0): etki hareketin kendisi; vuruş 1: 0,68s@boss3,10m/oyuncu0,00m; kalıp sonu: merkeze 3,11 m, başlangıçtan 0,15 m, kalıp simülasyonundan 0,00 m, kalıp hedefi AllyDummy; toparlanma 0,43 sn (tablo 0,26)"
8-5,"Yayılan Yükseliş","Küre","savas_narasi",1,1,1,1,1,1,1,1,1,"yerinde","yerinde",0.00,"",3.00,1.35,0.35,0.36,0.78,"","hasarsız skill (base_damage 0): etki hareketin kendisi; vuruş 1: 0,62s@boss3,00m/oyuncu0,00m; kalıp sonu: merkeze 3,00 m, başlangıçtan 0,00 m, kalıp simülasyonundan 0,00 m; toparlanma 0,43 sn (tablo 0,26)"
8-6,"Bağlayıcı Yükseliş","Küre","dost_dosta",1,1,1,1,1,1,1,1,1,"yan","yan",0.00,"",2.38,1.35,0.52,0.52,0.95,"0/13 kare koşu","hasarsız skill (base_damage 0): etki hareketin kendisi; vuruş 3: 0,50s@boss4,05m/oyuncu1,22m 0,70s@boss2,68m/oyuncu1,41m 0,87s@boss4,76m/oyuncu2,38m; kalıp sonu: merkeze 2,38 m, başlangıçtan 1,41 m, kalıp simülasyonundan 0,00 m, kalıp hedefi AllyDummy; toparlanma 0,43 sn (tablo 0,26)"
9-4,"Sabit Arınma","Küre","yer_tuzagi",1,1,1,1,1,1,1,1,1,"yerinde","yerinde",0.00,"oyuncu +28000 can",3.00,1.35,0.27,0.28,0.70,"","vuruş 1: 0,60s@boss0,62m/oyuncu2,38m; kalıp sonu: merkeze 3,00 m, başlangıçtan 0,00 m, kalıp simülasyonundan 0,00 m; toparlanma 0,43 sn (tablo 0,26)"
9-5,"Yayılan Arınma","Küre","dagilan_yagmur",1,1,1,1,1,1,1,1,1,"yerinde","yerinde",0.00,"oyuncu +28000 can",3.00,1.35,0.57,0.58,1.00,"","vuruş 1: 0,82s@boss3,00m/oyuncu0,00m; kalıp sonu: merkeze 3,00 m, başlangıçtan 0,00 m, kalıp simülasyonundan 0,00 m, kalıp hedefi AllyDummy; toparlanma 0,43 sn (tablo 0,26)"
9-6,"Bağlayıcı Arınma","Küre","iki_uclu",1,1,1,1,1,1,1,1,1,"yerinde","yerinde",0.00,"oyuncu +28000 can",3.00,1.35,0.65,0.65,1.08,"","vuruş 1: 0,60s@boss6,08m/oyuncu3,58m; kalıp sonu: merkeze 3,00 m, başlangıçtan 0,00 m, kalıp simülasyonundan 0,00 m, kalıp hedefi AllyDummy; toparlanma 0,43 sn (tablo 0,26)"
4-10,"Aynalı Kalkan","Küre","sirtta_kapi",1,1,1,1,1,1,1,1,1,"ön","ön",30000.00,"",1.80,1.35,0.32,0.32,0.70,"0/11 kare koşu","vuruş 2: 0,50s@boss0,92m/oyuncu1,19m 0,62s@boss0,55m/oyuncu2,35m; kalıp sonu: merkeze 1,80 m, başlangıçtan 1,20 m, kalıp simülasyonundan 0,00 m"
4-11,"Kopya Kalkan","Küre","yem_kopya",1,1,1,1,1,1,1,1,1,"yerinde","yerinde",0.00,"",3.00,1.35,0.23,0.24,0.62,"","hasarsız skill (base_damage 0): etki hareketin kendisi; vuruş 1: 0,50s@boss2,98m/oyuncu1,29m; kalıp sonu: merkeze 3,00 m, başlangıçtan 0,00 m, kalıp simülasyonundan 0,00 m"
4-12,"Akan Kalkan","Küre","basili_siper",1,1,1,1,1,1,1,1,1,"geri","geri",0.00,"",3.00,1.35,2.99,3.00,3.37,"","hasarsız skill (base_damage 0): etki hareketin kendisi; vuruş 3: 1,12s@boss5,16m/oyuncu2,38m 2,12s@boss5,40m/oyuncu2,38m 3,12s@boss5,65m/oyuncu2,38m; kalıp sonu: merkeze 3,61 m, başlangıçtan 0,80 m, kalıp simülasyonundan 0,00 m, kalıp hedefi AllyDummy"
5-10,"Aynalı Patlama","Küre","karsi_darbe",1,1,1,1,1,1,1,1,1,"ön","ön",89296.00,"",1.70,1.35,0.35,0.36,0.78,"0/9 kare koşu","vuruş 1: 0,72s@boss0,83m/oyuncu1,36m; kalıp sonu: merkeze 1,70 m, başlangıçtan 1,30 m, kalıp simülasyonundan 0,00 m; toparlanma 0,43 sn (tablo 0,26)"
5-11,"Kopya Patlama","Küre","golge_yankisi",1,1,1,1,1,1,1,1,1,"ön","ön",89080.00,"",2.10,1.35,0.48,0.50,0.92,"0/10 kare koşu","vuruş 2: 0,53s@boss1,19m/oyuncu1,15m 0,85s@boss1,95m/oyuncu1,39m; kalıp sonu: merkeze 2,10 m, başlangıçtan 0,90 m, kalıp simülasyonundan 0,00 m; toparlanma 0,43 sn (tablo 0,26)"
5-12,"Akan Patlama","Küre","patlayan_iz",1,1,1,1,1,1,1,1,1,"ön","ön",63224.00,"",2.99,1.35,2.99,3.00,3.42,"","vuruş 6: 0,87s@boss2,19m/oyuncu1,53m 1,38s@boss2,47m/oyuncu1,53m 1,87s@boss2,98m/oyuncu1,53m 2,37s@boss2,79m/oyuncu1,53m 2,87s@boss2,46m/oyuncu1,53m 3,37s@boss2,10m/oyuncu1,53m; kalıp sonu: merkeze 3,60 m, başlangıçtan 2,20 m, kalıp simülasyonundan 0,70 m, boss 2,80 m kaydı; toparlanma 0,43 sn (tablo 0,26)"
6-10,"Aynalı Bağ","Küre","karsi_darbe",1,1,1,1,1,1,1,1,1,"ön","ön",24592.00,"boss:Root, boss hız x0,00",1.70,1.35,0.35,0.36,0.79,"0/10 kare koşu","vuruş 1: 0,72s@boss0,80m/oyuncu1,36m; kalıp sonu: merkeze 1,70 m, başlangıçtan 1,30 m, kalıp simülasyonundan 0,00 m; toparlanma 0,43 sn (tablo 0,26)"
6-11,"Kopya Bağ","Küre","onden_arkadan",1,1,1,1,1,1,1,1,1,"ön","ön",25720.00,"boss:Root, boss hız x0,00",2.10,1.35,0.33,0.34,0.77,"0/10 kare koşu","vuruş 2: 0,53s@boss1,24m/oyuncu1,11m 0,65s@boss0,60m/oyuncu2,70m; kalıp sonu: merkeze 2,10 m, başlangıçtan 0,90 m, kalıp simülasyonundan 0,00 m; toparlanma 0,43 sn (tablo 0,26)"
6-12,"Akan Bağ","Küre","cember_sarma",1,1,1,1,1,1,1,1,1,"arka","arka",18792.00,"boss:Root, boss hız x0,00",1.50,1.35,0.90,0.90,1.34,"0/45 kare koşu","vuruş 1: 1,24s@boss0,00m/oyuncu2,06m; kalıp sonu: merkeze 2,06 m, başlangıçtan 4,59 m, kalıp simülasyonundan 0,00 m; toparlanma 0,43 sn (tablo 0,26)"
10-4,"Sabit Yansı","Küre","duvar_dikme",1,1,1,1,1,1,1,1,1,"yerinde","yerinde",0.00,"",3.00,1.35,0.32,0.32,0.70,"","hasarsız skill (base_damage 0): etki hareketin kendisi; vuruş 1: 0,59s@boss0,62m/oyuncu2,38m; kalıp sonu: merkeze 3,00 m, başlangıçtan 0,00 m, kalıp simülasyonundan 0,00 m"
10-5,"Yayılan Yansı","Küre","yuruyen_balon",1,1,1,1,1,1,1,1,1,"ön","ön",0.00,"",1.80,1.35,4.19,4.20,4.57,"","hasarsız skill (base_damage 0): etki hareketin kendisi; vuruş 5: 0,47s@boss3,00m/oyuncu0,00m 1,58s@boss2,70m/oyuncu0,00m 2,57s@boss2,40m/oyuncu0,00m 3,57s@boss2,10m/oyuncu0,00m 4,57s@boss1,80m/oyuncu0,00m; kalıp sonu: merkeze 1,80 m, başlangıçtan 1,20 m, kalıp simülasyonundan 0,00 m"
10-6,"Bağlayıcı Yansı","Küre","silaha_kement",1,1,1,1,1,1,1,1,1,"yerinde","yerinde",0.00,"boss:Root+Slow, boss hız x0,00",3.00,1.35,0.93,0.94,1.31,"","vuruş 1: 0,57s@boss0,40m/oyuncu3,40m; kalıp sonu: merkeze 3,00 m, başlangıçtan 0,00 m, kalıp simülasyonundan 0,00 m"
11-4,"Sabit Çağrı","Küre","taret_dikme",1,1,1,1,1,1,1,1,1,"yerinde","yerinde",0.00,"",3.00,1.35,0.42,0.42,0.80,"","hasarsız skill (base_damage 0): etki hareketin kendisi; vuruş 2: 0,50s@boss3,00m/oyuncu0,00m 0,75s@boss0,23m/oyuncu3,23m; kalıp sonu: merkeze 3,00 m, başlangıçtan 0,00 m, kalıp simülasyonundan 0,00 m"
11-5,"Yayılan Çağrı","Küre","dagilan_suru",1,1,1,1,1,1,1,1,1,"yerinde","yerinde",0.00,"",3.00,1.35,0.42,0.42,0.80,"","hasarsız skill (base_damage 0): etki hareketin kendisi; vuruş 3: 0,45s@boss0,35m/oyuncu3,02m 0,58s@boss0,00m/oyuncu3,00m 0,72s@boss0,35m/oyuncu3,02m; kalıp sonu: merkeze 3,00 m, başlangıçtan 0,00 m, kalıp simülasyonundan 0,00 m"
11-6,"Bağlayıcı Çağrı","Küre","muhafiz",1,1,1,1,1,1,1,1,1,"yerinde","yerinde",0.00,"",3.00,1.35,0.52,0.52,0.90,"","hasarsız skill (base_damage 0): etki hareketin kendisi; vuruş 1: 0,52s@boss2,89m/oyuncu1,20m; kalıp sonu: merkeze 3,00 m, başlangıçtan 0,00 m, kalıp simülasyonundan 0,00 m"
12-4,"Sabit Zaman","Küre","totem_dikme",1,1,1,1,1,1,1,1,1,"yerinde","yerinde",0.00,"boss:Slow+Stun, boss hız x0,00",2.85,1.35,0.30,0.30,0.73,"","vuruş 1: 0,68s@boss2,87m/oyuncu0,00m; kalıp sonu: merkeze 2,85 m, başlangıçtan 0,15 m, kalıp simülasyonundan 0,00 m; toparlanma 0,43 sn (tablo 0,26)"
12-5,"Yayılan Zaman","Küre","genisleyen_halka",1,1,1,1,1,1,1,1,1,"yerinde","yerinde",0.00,"boss:Slow, boss hız x0,70",3.00,1.35,0.57,0.58,1.00,"","vuruş 1: 0,88s@boss3,00m/oyuncu0,00m; kalıp sonu: merkeze 3,00 m, başlangıçtan 0,00 m, kalıp simülasyonundan 0,00 m; toparlanma 0,43 sn (tablo 0,26)"
12-6,"Bağlayıcı Zaman","Küre","iki_uclu",1,1,1,1,1,1,1,1,1,"yerinde","yerinde",0.00,"oyuncu:Haste, oyuncu hız x1,30",3.00,1.35,0.65,0.65,1.08,"","vuruş 1: 0,60s@boss0,28m/oyuncu3,28m; kalıp sonu: merkeze 3,00 m, başlangıçtan 0,00 m, kalıp simülasyonundan 0,00 m; toparlanma 0,43 sn (tablo 0,26)"
7-7,"Bulandırıcı Zafiyet","Küre","sis_bombasi",1,1,1,1,1,1,1,1,1,"yerinde","yerinde",15824.00,"boss:Blind",3.00,1.35,0.22,0.22,0.65,"","vuruş 1: 0,62s@boss0,35m/oyuncu3,35m; kalıp sonu: merkeze 3,00 m, başlangıçtan 0,00 m, kalıp simülasyonundan 0,00 m; toparlanma 0,43 sn (tablo 0,26)"
7-8,"Yükselen Zafiyet","Küre","yerden_fiskirma",1,1,1,1,1,1,1,1,1,"ön","ön",17920.00,"boss:Stun, boss hız x0,00",2.60,1.35,0.43,0.44,0.87,"","vuruş 1: 0,73s@boss0,00m/oyuncu2,78m; kalıp sonu: merkeze 2,60 m, başlangıçtan 0,40 m, kalıp simülasyonundan 0,00 m; toparlanma 0,43 sn (tablo 0,26)"
7-9,"Odaklı Zafiyet","Küre","isaret_patlamasi",1,1,1,1,1,1,1,1,1,"yerinde","yerinde",27536.00,"",3.00,1.35,1.90,1.92,2.34,"","vuruş 1: 2,29s@boss0,00m/oyuncu3,00m; kalıp sonu: merkeze 3,00 m, başlangıçtan 0,00 m, kalıp simülasyonundan 0,00 m; toparlanma 0,43 sn (tablo 0,26)"
7-10,"Aynalı Zafiyet","Küre","onden_arkadan",1,1,1,1,1,1,1,1,1,"ön","ön",21160.00,"",2.10,1.35,0.33,0.34,0.77,"0/10 kare koşu","vuruş 2: 0,53s@boss1,24m/oyuncu1,11m 0,65s@boss0,60m/oyuncu2,70m; kalıp sonu: merkeze 2,10 m, başlangıçtan 0,90 m, kalıp simülasyonundan 0,00 m; toparlanma 0,43 sn (tablo 0,26)"
7-11,"Kopya Zafiyet","Küre","golge_yankisi",1,1,1,1,1,1,1,1,1,"ön","ön",21416.00,"",2.10,1.35,0.48,0.50,0.92,"0/10 kare koşu","vuruş 2: 0,53s@boss1,20m/oyuncu1,15m 0,85s@boss1,95m/oyuncu1,39m; kalıp sonu: merkeze 2,10 m, başlangıçtan 0,90 m, kalıp simülasyonundan 0,00 m; toparlanma 0,43 sn (tablo 0,26)"
7-12,"Akan Zafiyet","Küre","basili_isik",1,1,1,1,1,1,1,1,1,"ön","ön",16240.00,"",1.80,1.35,2.99,3.00,3.43,"","vuruş 6: 0,67s@boss0,18m/oyuncu2,72m 1,17s@boss0,02m/oyuncu2,72m 1,67s@boss0,22m/oyuncu2,72m 2,17s@boss0,42m/oyuncu2,72m 2,67s@boss0,62m/oyuncu2,72m 3,17s@boss0,82m/oyuncu2,72m; kalıp sonu: merkeze 1,80 m, başlangıçtan 1,20 m, kalıp simülasyonundan 0,00 m; toparlanma 0,43 sn (tablo 0,26)"
8-7,"Bulandırıcı Yükseliş","Küre","goz_bagi",1,1,1,1,1,1,1,1,1,"yerinde","yerinde",0.00,"",3.00,1.35,0.18,0.20,0.62,"","hasarsız skill (base_damage 0): etki hareketin kendisi; vuruş 1: 0,60s@boss0,28m/oyuncu3,28m; kalıp sonu: merkeze 3,00 m, başlangıçtan 0,00 m, kalıp simülasyonundan 0,00 m; toparlanma 0,43 sn (tablo 0,26)"
8-8,"Yükselen Yükseliş","Küre","buyuten_kemer",1,1,1,1,1,1,1,1,1,"yerinde","yerinde",0.00,"",3.00,1.35,0.42,0.42,0.85,"","hasarsız skill (base_damage 0): etki hareketin kendisi; vuruş 1: 0,72s@boss5,02m/oyuncu2,21m; kalıp sonu: merkeze 3,22 m, başlangıçtan 0,30 m, kalıp simülasyonundan 0,00 m, kalıp hedefi AllyDummy; toparlanma 0,43 sn (tablo 0,26)"
8-9,"Odaklı Yükseliş","Küre","gudumlu_top",1,1,1,1,1,1,1,1,1,"yerinde","yerinde",0.00,"",3.00,1.35,0.55,0.56,0.99,"","hasarsız skill (base_damage 0): etki hareketin kendisi; vuruş 1: 0,90s@boss6,98m/oyuncu4,53m; kalıp sonu: merkeze 3,00 m, başlangıçtan 0,00 m, kalıp simülasyonundan 0,00 m, kalıp hedefi AllyDummy; toparlanma 0,43 sn (tablo 0,26)"
8-10,"Aynalı Yükseliş","Küre","ters_es",1,1,1,1,1,1,1,1,1,"yerinde","yerinde",0.00,"",3.00,1.35,0.43,0.44,0.87,"","hasarsız skill (base_damage 0): etki hareketin kendisi; vuruş 2: 0,57s@boss2,60m/oyuncu0,40m 0,77s@boss0,00m/oyuncu3,00m; kalıp sonu: merkeze 3,00 m, başlangıçtan 0,00 m, kalıp simülasyonundan 0,00 m; toparlanma 0,43 sn (tablo 0,26)"
8-11,"Kopya Yükseliş","Küre","golge_ulak",1,1,0,1,1,1,0,1,0,"yan","yan",0.00,"",2.43,1.35,0.00,1.36,0.00,"","hasarsız skill (base_damage 0): etki hareketin kendisi; vuruş 2: 1,81s@boss3,26m/oyuncu1,41m 1,81s@boss3,17m/oyuncu1,46m; kalıp sonu: merkeze 2,43 m, başlangıçtan 1,41 m, kalıp simülasyonundan 2,61 m; yer değiştiren: kalıp 0,00 m, başka 1,41 m, SkillMotionDriver 0 kare, dodge 0 kare; kalıp hiç oynamadı"
8-12,"Akan Yükseliş","Küre","akinti_yolu",1,1,1,1,1,1,1,1,1,"geri","geri",0.00,"",3.00,1.35,0.93,0.94,1.37,"3/42 kare koşu, ayak/gövde hız oranı 1,00","hasarsız skill (base_damage 0): etki hareketin kendisi; vuruş 1: 1,23s@boss6,27m/oyuncu2,38m; kalıp sonu: merkeze 4,11 m, başlangıçtan 1,40 m, kalıp simülasyonundan 0,00 m, kalıp hedefi AllyDummy; toparlanma 0,43 sn (tablo 0,26)"
9-7,"Bulandırıcı Arınma","Küre","sis_ortusu",1,1,1,1,1,1,1,1,1,"yerinde","yerinde",0.00,"oyuncu +28000 can",3.00,1.35,0.28,0.30,0.72,"","vuruş 1: 0,60s@boss0,00m/oyuncu3,00m; kalıp sonu: merkeze 3,00 m, başlangıçtan 0,00 m, kalıp simülasyonundan 0,00 m; toparlanma 0,43 sn (tablo 0,26)"
9-8,"Yükselen Arınma","Küre","isik_sutunu",1,1,1,1,1,1,1,1,1,"yerinde","yerinde",0.00,"oyuncu +28000 can",3.00,1.35,0.47,0.48,0.90,"","vuruş 1: 0,77s@boss3,05m/oyuncu0,00m; kalıp sonu: merkeze 3,07 m, başlangıçtan 0,10 m, kalıp simülasyonundan 0,00 m, kalıp hedefi AllyDummy; toparlanma 0,43 sn (tablo 0,26)"
9-9,"Odaklı Arınma","Küre","mermi_sondur",1,1,1,1,1,1,1,1,1,"yerinde","yerinde",0.00,"oyuncu +28000 can",3.00,1.35,0.37,0.38,0.80,"","vuruş 1: 0,73s@boss6,98m/oyuncu4,53m; kalıp sonu: merkeze 3,00 m, başlangıçtan 0,00 m, kalıp simülasyonundan 0,00 m, kalıp hedefi AllyDummy; toparlanma 0,43 sn (tablo 0,26)"
9-10,"Aynalı Arınma","Küre","yer_degistir",1,1,1,1,1,1,1,1,1,"arka","arka",0.00,"oyuncu +28000 can",1.50,1.35,0.33,0.34,0.77,"0/1 kare koşu","vuruş 1: 0,70s@boss0,31m/oyuncu1,19m; kalıp sonu: merkeze 1,50 m, başlangıçtan 4,50 m, kalıp simülasyonundan 0,00 m; tek karede 4,50 m sıçrama (sınır 0,62 m @ 17 ms, t=0,53, faz degis, blink tasarım gereği); toparlanma 0,43 sn (tablo 0,26)"
9-11,"Kopya Arınma","Küre","yem_kopya",1,1,1,1,1,1,1,1,1,"yerinde","yerinde",0.00,"oyuncu +28000 can",3.00,1.35,0.23,0.24,0.67,"","vuruş 1: 0,55s@boss2,98m/oyuncu1,29m; kalıp sonu: merkeze 3,00 m, başlangıçtan 0,00 m, kalıp simülasyonundan 0,00 m; toparlanma 0,43 sn (tablo 0,26)"
9-12,"Akan Arınma","Küre","nabiz",1,1,1,1,1,1,1,1,1,"yerinde","yerinde",0.00,"oyuncu +16000 can, dost +8000 can",3.00,1.35,3.17,3.18,3.61,"","vuruş 3: 1,61s@boss3,00m/oyuncu0,00m 2,61s@boss3,00m/oyuncu0,00m 3,61s@boss3,00m/oyuncu0,00m; kalıp sonu: merkeze 3,00 m, başlangıçtan 0,00 m, kalıp simülasyonundan 0,00 m; toparlanma 0,43 sn (tablo 0,26)"
10-7,"Bulandırıcı Yansı","Küre","sahte_goruntu",1,1,1,1,1,1,1,1,1,"geri","geri",0.00,"boss:Blind",3.00,1.35,0.43,0.44,0.82,"0/10 kare koşu","vuruş 3: 0,45s@boss3,06m/oyuncu1,37m 0,59s@boss3,06m/oyuncu1,37m 0,75s@boss3,58m/oyuncu0,00m; kalıp sonu: merkeze 3,90 m, başlangıçtan 0,90 m, kalıp simülasyonundan 0,00 m"
10-8,"Yükselen Yansı","Küre","yerden_buyuyen",1,1,1,1,1,1,1,1,1,"yerinde","yerinde",0.00,"",2.75,1.35,0.42,0.42,0.80,"","hasarsız skill (base_damage 0): etki hareketin kendisi; vuruş 1: 0,67s@boss0,00m/oyuncu2,82m; kalıp sonu: merkeze 2,75 m, başlangıçtan 0,25 m, kalıp simülasyonundan 0,00 m"
10-9,"Odaklı Yansı","Küre","koruyucu_isaret",1,1,1,1,1,1,1,1,1,"ön","ön",0.00,"",2.20,1.35,0.18,0.20,0.57,"3/11 kare koşu, ayak/gövde hız oranı 0,93","hasarsız skill (base_damage 0): etki hareketin kendisi; vuruş 1: 0,52s@boss2,05m/oyuncu0,35m; kalıp sonu: merkeze 2,20 m, başlangıçtan 0,80 m, kalıp simülasyonundan 0,00 m"
11-7,"Bulandırıcı Çağrı","Küre","sirt_saplama",1,1,1,1,1,1,1,1,1,"yerinde","yerinde",0.00,"boss:Blind",3.00,1.35,0.32,0.32,0.71,"","vuruş 1: 0,64s@boss0,00m/oyuncu3,00m; kalıp sonu: merkeze 3,00 m, başlangıçtan 0,00 m, kalıp simülasyonundan 0,00 m"
11-8,"Yükselen Çağrı","Küre","dostu_yerden",1,1,1,1,1,1,1,1,1,"yan","yan",0.00,"",2.96,1.35,0.77,0.78,1.15,"0/35 kare koşu","hasarsız skill (base_damage 0): etki hareketin kendisi; vuruş 1: 1,00s@boss2,81m/oyuncu0,95m; kalıp sonu: merkeze 2,99 m, başlangıçtan 0,91 m, kalıp simülasyonundan 0,00 m"
11-9,"Odaklı Çağrı","Küre","pesinden_av",1,1,1,1,1,1,1,1,1,"yerinde","yerinde",0.00,"",3.00,1.35,2.30,2.32,2.69,"","hasarsız skill (base_damage 0): etki hareketin kendisi; vuruş 1: 2,62s@boss0,00m/oyuncu3,00m; kalıp sonu: merkeze 3,00 m, başlangıçtan 0,00 m, kalıp simülasyonundan 0,00 m"
12-7,"Bulandırıcı Zaman","Küre","kum_saati",1,1,1,1,1,1,1,1,1,"yerinde","yerinde",0.00,"boss:Blind+Slow, boss hız x0,70",3.00,1.35,0.62,0.62,1.05,"","vuruş 1: 0,62s@boss0,28m/oyuncu3,28m; kalıp sonu: merkeze 3,00 m, başlangıçtan 0,00 m, kalıp simülasyonundan 0,00 m; toparlanma 0,43 sn (tablo 0,26)"
12-8,"Yükselen Zaman","Küre","isik_sutunu",1,1,1,1,1,1,1,1,1,"yerinde","yerinde",0.00,"oyuncu:Haste, oyuncu hız x1,50",2.90,1.35,0.47,0.48,0.91,"","vuruş 1: 0,77s@boss2,93m/oyuncu0,00m; kalıp sonu: merkeze 2,90 m, başlangıçtan 0,10 m, kalıp simülasyonundan 0,00 m; toparlanma 0,43 sn (tablo 0,26)"
12-9,"Odaklı Zaman","Küre","isaret_patlamasi",1,1,1,1,1,1,1,1,1,"yerinde","yerinde",0.00,"boss:Slow, boss hız x0,70",3.00,1.35,1.92,1.92,2.35,"","vuruş 1: 2,28s@boss0,00m/oyuncu3,00m; kalıp sonu: merkeze 3,00 m, başlangıçtan 0,00 m, kalıp simülasyonundan 0,00 m; toparlanma 0,43 sn (tablo 0,26)"
