kombo,isim,silah,kalip,cast,isabet,konum,govdeye_girmedi,tek_sistem,hata_yok,sure,sicrama_yok,yerde,gecti,beklenen_konum,gercek_konum,hasar,etki,min_merkez_m,temas_m,kalip_sn,beklenen_sn,toplam_sn,ayak_m,inis_m,bacak,notlar
1-1,"Yoğun Vuruş","Yumruk","yukle_birak",1,1,1,1,1,1,1,1,1,1,"ön","ön",271424.00,"boss:Burn",1.50,1.35,0.55,0.52,0.87,0.00,0.00,"0/3 kare koşu","vuruş 1: 0,74s@boss0,11m/oyuncu1,53m; kalıp sonu: merkeze 1,50 m, başlangıçtan 1,50 m, kalıp simülasyonundan 0,00 m; uyarı: [PlaceholderFactory] VFX asset missing (trail/straight); using element_color primitive placeholder."
1-2,"Emici Vuruş","Yumruk","kan_ceken_pence",1,1,1,1,1,1,1,1,1,1,"yerinde","yerinde",185792.00,"boss:Burn, oyuncu +54180 can",1.35,1.35,0.40,0.38,0.74,0.00,0.00,"","vuruş 3: 0,40s@boss1,71m/oyuncu1,02m 0,53s@boss1,16m/oyuncu1,02m 0,67s@boss0,61m/oyuncu1,02m; kalıp sonu: merkeze 1,35 m, başlangıçtan 0,00 m, kalıp simülasyonundan 0,00 m, boss 1,65 m kaydı"
1-3,"Sıçrayan Vuruş","Yumruk","yan_yan_sekme",1,1,1,1,1,1,1,1,1,1,"geri","geri",200240.00,"boss:Burn",2.67,1.35,0.60,0.58,0.93,0.00,0.00,"1/8 kare koşu, ayak/gövde hız oranı 1,05","vuruş 2: 0,53s@boss0,74m/oyuncu3,34m 0,80s@boss0,74m/oyuncu3,96m; kalıp sonu: merkeze 3,59 m, başlangıçtan 1,23 m, kalıp simülasyonundan 0,00 m"
1-4,"Sabit Vuruş","Yumruk","yere_cakilan",1,1,1,1,1,1,1,1,1,1,"ön","ön",197096.00,"boss:Burn",2.10,1.35,0.60,0.54,0.94,0.00,0.00,"0/2 kare koşu","vuruş 1: 0,80s@boss2,10m/oyuncu0,00m; kalıp sonu: merkeze 2,10 m, başlangıçtan 0,90 m, kalıp simülasyonundan 0,00 m"
1-5,"Yayılan Vuruş","Yumruk","donen_kesik",1,1,1,1,1,1,1,1,1,1,"yerinde","yerinde",174824.00,"boss:Burn",3.00,1.35,0.60,0.55,0.93,0.00,0.00,"","vuruş 1: 0,53s@boss3,00m/oyuncu0,00m; kalıp sonu: merkeze 3,00 m, başlangıçtan 0,00 m, kalıp simülasyonundan 0,00 m"
1-6,"Bağlayıcı Vuruş","Yumruk","zincirli_firlatma",1,1,1,1,1,1,1,1,1,1,"ön","ön",195080.00,"boss:Root+Slow+Burn, boss hız x0,00",1.50,1.35,0.71,0.70,1.05,0.00,0.00,"0/3 kare koşu","vuruş 2: 0,51s@boss0,45m/oyuncu3,45m 0,91s@boss0,62m/oyuncu1,28m; kalıp sonu: merkeze 1,50 m, başlangıçtan 1,50 m, kalıp simülasyonundan 0,00 m"
2-1,"Yoğun Şifa","Yumruk","tek_dokunus",1,1,1,1,1,1,1,1,1,1,"geri","geri",0.00,"oyuncu +88000 can",3.00,1.35,0.20,0.16,0.60,0.00,0.00,"0/2 kare koşu","vuruş 1: 0,47s@boss3,89m/oyuncu0,68m; kalıp sonu: merkeze 3,41 m, başlangıçtan 0,55 m, kalıp simülasyonundan 0,00 m, kalıp hedefi AllyDummy; uyarı: [PlaceholderFactory] VFX asset missing (trail/blink_line); using element_color primitive placeholder."
2-2,"Emici Şifa","Yumruk","uzaktan_emme",1,1,1,1,1,1,1,1,1,1,"yerinde","yerinde",53184.00,"oyuncu +84000 can, dost +28000 can",2.65,1.35,2.22,2.16,2.62,0.00,0.00,"","vuruş 4: 1,00s@boss0,19m/oyuncu2,72m 1,51s@boss0,10m/oyuncu2,72m 2,02s@boss0,01m/oyuncu2,72m 2,55s@boss0,07m/oyuncu2,72m; kalıp sonu: merkeze 2,65 m, başlangıçtan 0,35 m, kalıp simülasyonundan 0,00 m"
2-3,"Sıçrayan Şifa","Yumruk","dosttan_dosta",1,1,1,1,1,1,1,1,1,1,"yerinde","yerinde",0.00,"oyuncu +60000 can, dost +28000 can",3.00,1.35,0.60,0.54,1.00,0.00,0.00,"","vuruş 3: 0,53s@boss6,43m/oyuncu3,95m 0,60s@boss6,98m/oyuncu4,53m 0,80s@boss6,88m/oyuncu4,54m; kalıp sonu: merkeze 3,00 m, başlangıçtan 0,00 m, kalıp simülasyonundan 0,00 m, kalıp hedefi AllyDummy"
2-4,"Sabit Şifa","Yumruk","totem_dikme",1,1,1,1,1,1,1,1,1,1,"yerinde","yerinde",0.00,"oyuncu +88000 can",3.00,1.35,0.34,0.30,0.73,0.00,0.00,"","vuruş 1: 0,60s@boss3,10m/oyuncu0,00m; kalıp sonu: merkeze 3,11 m, başlangıçtan 0,15 m, kalıp simülasyonundan 0,00 m, kalıp hedefi AllyDummy"
2-5,"Yayılan Şifa","Yumruk","genisleyen_halka",1,1,1,1,1,1,1,1,1,1,"yerinde","yerinde",0.00,"oyuncu +88000 can",3.00,1.35,0.60,0.58,1.00,0.00,0.00,"","vuruş 1: 0,80s@boss3,00m/oyuncu0,00m; kalıp sonu: merkeze 3,00 m, başlangıçtan 0,00 m, kalıp simülasyonundan 0,00 m"
2-6,"Bağlayıcı Şifa","Yumruk","dostu_kanca",1,1,1,1,1,1,1,1,1,1,"geri","geri",0.00,"oyuncu +88000 can",3.00,1.35,0.53,0.52,0.93,0.00,0.00,"1/6 kare koşu, ayak/gövde hız oranı 1,04","vuruş 1: 0,80s@boss5,80m/oyuncu0,40m; kalıp sonu: merkeze 5,92 m, başlangıçtan 3,40 m, kalıp simülasyonundan 0,00 m, kalıp hedefi AllyDummy"
3-1,"Yoğun Adım","Yumruk","isinlan_kes",1,1,1,1,1,1,1,1,1,1,"arka","arka",4000.00,"boss:Burn",1.50,1.35,0.53,0.48,0.87,0.00,0.00,"0/1 kare koşu","vuruş 1: 0,73s@boss0,00m/oyuncu1,50m; kalıp sonu: merkeze 1,50 m, başlangıçtan 4,50 m, kalıp simülasyonundan 0,00 m; tek karede 4,50 m sıçrama (sınır 2,51 m @ 68 ms, t=0,67, faz isin, blink tasarım gereği)"
3-2,"Emici Adım","Yumruk","icinden_emme",1,1,1,1,1,1,1,1,1,1,"arka","arka",4400.00,"boss:Burn",0.17,1.35,0.33,0.28,0.67,0.00,0.00,"1/5 kare koşu, ayak/gövde hız oranı 1,01","vuruş 1: 0,47s@boss0,23m/oyuncu1,36m; kalıp sonu: merkeze 2,61 m, başlangıçtan 5,29 m, kalıp simülasyonundan 0,36 m, boss 0,32 m kaydı; gövdeye girdi: merkeze 0,17 m (t=0,40, temas 1,35) geçiş tasarım gereği"
3-3,"Sıçrayan Adım","Yumruk","sekmeli_ziplama",1,1,1,1,1,1,1,1,1,1,"arka","arka",5992.00,"boss:Burn",1.50,1.35,0.60,0.60,0.93,0.00,0.00,"0/9 kare koşu","vuruş 3: 0,47s@boss1,79m/oyuncu0,01m 0,66s@boss1,50m/oyuncu0,00m 0,87s@boss1,50m/oyuncu0,00m; kalıp sonu: merkeze 1,50 m, başlangıçtan 4,50 m, kalıp simülasyonundan 0,00 m"
3-4,"Sabit Adım","Yumruk","geri_sarma",1,1,1,1,1,1,1,1,1,1,"başlangıç","başlangıç",0.00,"",1.50,1.35,2.70,2.66,3.03,0.00,0.00,"2/9 kare koşu, ayak/gövde hız oranı 0,97","hasarsız skill (base_damage 0): etki hareketin kendisi; kalıp sonu: merkeze 3,00 m, başlangıçtan 0,00 m, kalıp simülasyonundan 0,00 m; uyarı: Hareket kalıbı konumu yönetiyor; gramer konum adımı atlandı: 3-4 isaret_geri_don"
3-5,"Yayılan Adım","Yumruk","dalis_patlamasi",1,1,1,1,1,1,1,1,1,1,"ön","ön",4408.00,"boss:Burn",1.50,1.35,0.47,0.42,0.80,0.00,0.00,"0/4 kare koşu","vuruş 1: 0,60s@boss1,50m/oyuncu0,00m; kalıp sonu: merkeze 1,50 m, başlangıçtan 1,50 m, kalıp simülasyonundan 0,00 m"
3-6,"Bağlayıcı Adım","Yumruk","kanca_cekis",1,1,1,1,1,1,1,1,1,1,"arka","arka",4392.00,"boss:Root+Slow+Burn, boss hız x0,00",1.50,1.35,0.80,0.74,1.13,0.00,0.00,"1/10 kare koşu, ayak/gövde hız oranı 1,04","vuruş 1: 0,93s@boss0,00m/oyuncu1,50m; kalıp sonu: merkeze 1,50 m, başlangıçtan 4,50 m, kalıp simülasyonundan 0,00 m; uyarı: Hareket kalıbı konumu yönetiyor; gramer konum adımı atlandı: 3-6 yer_degistir"
4-1,"Yoğun Kalkan","Yumruk","tam_zamanli",1,1,1,1,1,1,1,1,1,1,"yerinde","yerinde",0.00,"",3.00,1.35,0.53,0.50,0.93,0.00,0.00,"","hasarsız skill (base_damage 0): etki hareketin kendisi; vuruş 1: 0,73s@boss0,62m/oyuncu2,38m; kalıp sonu: merkeze 3,00 m, başlangıçtan 0,00 m, kalıp simülasyonundan 0,00 m"
4-2,"Emici Kalkan","Yumruk","kalkan_calma",1,1,1,1,1,1,1,1,1,1,"yerinde","yerinde",76000.00,"",1.35,1.35,0.20,0.20,0.60,0.00,0.00,"","vuruş 1: 0,47s@boss1,42m/oyuncu1,28m; kalıp sonu: merkeze 2,18 m, başlangıçtan 0,00 m, kalıp simülasyonundan 0,00 m, boss 0,82 m kaydı"
4-3,"Sıçrayan Kalkan","Yumruk","seken_disk",1,1,1,1,1,1,1,1,1,1,"yerinde","yerinde",0.00,"",3.00,1.35,0.47,0.42,0.87,0.00,0.00,"","hasarsız skill (base_damage 0): etki hareketin kendisi; vuruş 2: 0,53s@boss0,30m/oyuncu3,30m 0,67s@boss3,04m/oyuncu1,43m; kalıp sonu: merkeze 3,00 m, başlangıçtan 0,00 m, kalıp simülasyonundan 0,00 m"
5-1,"Yoğun Patlama","Yumruk","saplanan_fitil",1,1,1,1,1,1,1,1,1,1,"geri","geri",190576.00,"boss:Burn",2.38,1.35,1.60,1.62,1.93,0.00,0.00,"1/6 kare koşu, ayak/gövde hız oranı 1,03","vuruş 2: 0,40s@boss0,85m/oyuncu1,53m 1,93s@boss0,85m/oyuncu2,95m; kalıp sonu: merkeze 3,80 m, başlangıçtan 0,80 m, kalıp simülasyonundan 0,00 m; uyarı: [PlaceholderFactory] VFX asset missing (trail/ground_marker); using element_color primitive placeholder."
5-2,"Emici Patlama","Yumruk","ceken_girdap",1,1,1,1,1,1,1,1,1,1,"yerinde","yerinde",133288.00,"boss:Burn, oyuncu +37836 can",1.35,1.35,1.33,1.32,1.66,0.00,0.00,"","vuruş 3: 1,00s@boss0,00m/oyuncu3,00m 1,47s@boss0,00m/oyuncu1,35m 1,53s@boss0,00m/oyuncu1,35m; kalıp sonu: merkeze 1,35 m, başlangıçtan 0,00 m, kalıp simülasyonundan 0,00 m, boss 1,65 m kaydı"
5-3,"Sıçrayan Patlama","Yumruk","seken_bomba",1,1,1,1,1,1,1,1,1,1,"yerinde","yerinde",141880.00,"boss:Burn",3.00,1.35,0.60,0.58,0.93,0.00,0.00,"","vuruş 3: 0,47s@boss0,40m/oyuncu3,40m 0,60s@boss0,00m/oyuncu3,00m 0,80s@boss0,35m/oyuncu3,02m; kalıp sonu: merkeze 3,00 m, başlangıçtan 0,00 m, kalıp simülasyonundan 0,00 m"
6-1,"Yoğun Bağ","Yumruk","sinir_noktasi",1,1,1,1,1,1,1,1,1,1,"ön","ön",57320.00,"boss:Burn+Stun, boss hız x0,00",1.50,1.35,0.40,0.34,0.73,0.00,0.00,"0/4 kare koşu","vuruş 1: 0,60s@boss0,91m/oyuncu0,59m; kalıp sonu: merkeze 1,50 m, başlangıçtan 1,50 m, kalıp simülasyonundan 0,00 m"
6-2,"Emici Bağ","Yumruk","bossu_cek",1,1,1,1,1,1,1,1,1,1,"geri","geri",39512.00,"boss:Burn+Root, boss hız x0,00, oyuncu +10564 can",1.35,1.35,0.47,0.44,0.80,0.00,0.00,"2/4 kare koşu, ayak/gövde hız oranı 0,98","vuruş 1: 0,61s@boss2,70m/oyuncu1,36m; kalıp sonu: merkeze 3,33 m, başlangıçtan 1,60 m, kalıp simülasyonundan 0,00 m, boss 1,27 m kaydı"
6-3,"Sıçrayan Bağ","Yumruk","basip_sekme",1,1,1,1,1,1,1,1,1,1,"başlangıç","başlangıç",42992.00,"boss:Burn+Root, boss hız x0,00",1.69,1.35,0.54,0.52,0.87,0.00,0.00,"0/7 kare koşu","vuruş 1: 0,60s@boss1,50m/oyuncu0,27m; kalıp sonu: merkeze 3,20 m, başlangıçtan 0,20 m, kalıp simülasyonundan 0,00 m"
1-7,"Bulandırıcı Vuruş","Yumruk","dumandan_cikis",1,1,1,1,1,1,1,1,1,1,"ön","ön",201008.00,"boss:Blind+Burn",1.50,1.35,0.54,0.48,0.87,0.00,0.00,"0/3 kare koşu","vuruş 1: 0,67s@boss0,74m/oyuncu1,36m; kalıp sonu: merkeze 1,50 m, başlangıçtan 1,50 m, kalıp simülasyonundan 0,00 m"
1-8,"Yükselen Vuruş","Yumruk","havaya_kaldirma",1,1,1,1,1,1,1,1,1,1,"ön","ön",205824.00,"boss:Burn+Stun, boss hız x0,00",1.90,1.35,0.40,0.34,0.73,0.00,0.00,"0/5 kare koşu","vuruş 1: 0,47s@boss1,08m/oyuncu1,28m; kalıp sonu: merkeze 1,90 m, başlangıçtan 1,10 m, kalıp simülasyonundan 0,00 m"
1-9,"Odaklı Vuruş","Yumruk","isarete_vur",1,1,1,1,1,1,1,1,1,1,"ön","ön",322208.00,"boss:Burn",1.65,1.35,0.39,0.38,0.73,0.00,0.00,"0/3 kare koşu","vuruş 1: 0,60s@boss0,77m/oyuncu1,28m; kalıp sonu: merkeze 1,65 m, başlangıçtan 1,35 m, kalıp simülasyonundan 0,00 m"
2-7,"Bulandırıcı Şifa","Yumruk","sis_ortusu",1,1,1,1,1,1,1,1,1,1,"yerinde","yerinde",0.00,"oyuncu +88000 can",3.00,1.35,0.33,0.30,0.73,0.00,0.00,"","vuruş 1: 0,53s@boss0,00m/oyuncu3,00m; kalıp sonu: merkeze 3,00 m, başlangıçtan 0,00 m, kalıp simülasyonundan 0,00 m"
2-8,"Yükselen Şifa","Yumruk","yerden_buyuyen",1,1,1,1,1,1,1,1,1,1,"yerinde","yerinde",0.00,"oyuncu +88000 can",3.00,1.35,0.47,0.42,0.87,0.00,0.00,"","vuruş 1: 0,67s@boss6,98m/oyuncu4,33m; kalıp sonu: merkeze 3,18 m, başlangıçtan 0,25 m, kalıp simülasyonundan 0,00 m, kalıp hedefi AllyDummy"
2-9,"Odaklı Şifa","Yumruk","koruyucu_isaret",1,0,1,1,1,1,1,1,1,0,"geri","geri",0.00,"",3.00,1.35,0.27,0.20,0.67,0.00,0.00,"0/3 kare koşu","hasar yok, etki görülmedi; vuruş 1: 0,53s@boss3,90m/oyuncu0,35m; kalıp sonu: merkeze 3,61 m, başlangıçtan 0,80 m, kalıp simülasyonundan 0,00 m, kalıp hedefi AllyDummy"
3-7,"Bulandırıcı Adım","Yumruk","duman_kaybolma",1,1,1,1,1,1,1,1,1,1,"ön","ön",6000.00,"boss:Blind+Burn, oyuncu:Stealth",1.50,1.35,0.60,0.59,0.94,0.00,0.00,"0/2 kare koşu","vuruş 1: 0,47s@boss1,50m/oyuncu0,00m; kalıp sonu: merkeze 1,50 m, başlangıçtan 1,50 m, kalıp simülasyonundan 0,00 m"
3-8,"Yükselen Adım","Yumruk","sicrayip_cakilma",1,1,1,1,1,1,1,1,1,1,"ön","ön",4000.00,"boss:Burn, oyuncu:Haste, oyuncu hız x1,10",1.50,1.35,0.87,0.82,1.20,0.00,0.00,"0/5 kare koşu","vuruş 1: 1,07s@boss1,50m/oyuncu0,00m; kalıp sonu: merkeze 1,50 m, başlangıçtan 1,50 m, kalıp simülasyonundan 0,00 m"
3-9,"Odaklı Adım","Yumruk","isinlan_kes",1,1,1,1,1,1,1,1,1,1,"arka","arka",4008.00,"boss:Burn",1.50,1.35,0.53,0.48,0.87,0.00,0.00,"0/1 kare koşu","vuruş 1: 0,73s@boss0,00m/oyuncu1,50m; kalıp sonu: merkeze 1,50 m, başlangıçtan 4,50 m, kalıp simülasyonundan 0,00 m; tek karede 4,50 m sıçrama (sınır 2,43 m @ 66 ms, t=0,67, faz isin, blink tasarım gereği); uyarı: Hareket kalıbı konumu yönetiyor; gramer konum adımı atlandı: 3-9 hedefin_arkasina"
7-1,"Yoğun Zafiyet","Yumruk","diken_firlatma",1,1,1,1,1,1,1,1,1,1,"yerinde","yerinde",20832.00,"boss:Burn",3.00,1.35,0.33,0.40,0.73,0.00,0.00,"","vuruş 1: 0,73s@boss0,30m/oyuncu3,30m; kalıp sonu: merkeze 3,00 m, başlangıçtan 0,00 m, kalıp simülasyonundan 0,00 m"
7-2,"Emici Zafiyet","Yumruk","sokup_cekme",1,1,1,1,1,1,1,1,1,1,"geri","geri",12296.00,"boss:Burn, oyuncu +2086 can",3.00,1.35,0.47,0.44,0.87,0.00,0.00,"1/4 kare koşu, ayak/gövde hız oranı 1,01","vuruş 2: 0,53s@boss0,35m/oyuncu3,44m 0,67s@boss2,56m/oyuncu1,19m; kalıp sonu: merkeze 4,30 m, başlangıçtan 1,30 m, kalıp simülasyonundan 0,00 m"
7-3,"Sıçrayan Zafiyet","Yumruk","seken_yaratik",1,1,1,1,1,1,1,1,1,1,"yerinde","yerinde",24960.00,"boss:Burn",3.00,1.35,0.66,0.64,1.07,0.00,0.00,"","vuruş 3: 0,60s@boss0,00m/oyuncu3,00m 0,74s@boss0,35m/oyuncu3,02m 0,93s@boss0,35m/oyuncu3,02m; kalıp sonu: merkeze 3,00 m, başlangıçtan 0,00 m, kalıp simülasyonundan 0,00 m"
8-1,"Yoğun Yükseliş","Yumruk","kuculten_kapi",1,1,1,1,1,1,1,1,1,1,"yerinde","yerinde",0.00,"",3.00,1.35,0.33,0.28,0.74,0.00,0.00,"","hasarsız skill (base_damage 0): etki hareketin kendisi; vuruş 1: 0,53s@boss0,62m/oyuncu2,38m; kalıp sonu: merkeze 3,00 m, başlangıçtan 0,00 m, kalıp simülasyonundan 0,00 m"
8-2,"Emici Yükseliş","Yumruk","kan_muhru",1,1,1,1,1,1,1,1,1,1,"yerinde","yerinde",0.00,"",3.00,1.35,0.33,0.32,0.73,0.00,0.00,"","hasarsız skill (base_damage 0): etki hareketin kendisi; vuruş 1: 0,54s@boss3,00m/oyuncu0,00m; kalıp sonu: merkeze 3,00 m, başlangıçtan 0,00 m, kalıp simülasyonundan 0,00 m"
8-3,"Sıçrayan Yükseliş","Yumruk","pas_verme",1,1,1,1,1,1,1,1,1,1,"yerinde","yerinde",0.00,"",3.00,1.35,0.33,0.24,0.73,0.00,0.00,"","hasarsız skill (base_damage 0): etki hareketin kendisi; vuruş 1: 0,60s@boss6,38m/oyuncu3,90m; kalıp sonu: merkeze 3,00 m, başlangıçtan 0,00 m, kalıp simülasyonundan 0,00 m, kalıp hedefi AllyDummy"
9-1,"Yoğun Arınma","Yumruk","tek_dokunus",1,1,1,1,1,1,1,1,1,1,"geri","geri",0.00,"oyuncu +20000 can",3.00,1.35,0.20,0.16,0.60,0.00,0.00,"0/2 kare koşu","vuruş 1: 0,46s@boss3,89m/oyuncu0,68m; kalıp sonu: merkeze 3,41 m, başlangıçtan 0,55 m, kalıp simülasyonundan 0,00 m, kalıp hedefi AllyDummy"
9-2,"Emici Arınma","Yumruk","cekip_firlat",1,1,1,1,1,1,1,1,1,1,"yerinde","yerinde",0.00,"oyuncu +8000 can, dost +12000 can",3.00,1.35,0.53,0.50,0.93,0.00,0.00,"","vuruş 2: 0,53s@boss2,65m/oyuncu0,35m 0,80s@boss0,30m/oyuncu3,30m; kalıp sonu: merkeze 3,00 m, başlangıçtan 0,00 m, kalıp simülasyonundan 0,00 m"
9-3,"Sıçrayan Arınma","Yumruk","dosttan_dosta",1,1,1,1,1,1,1,1,1,1,"yerinde","yerinde",0.00,"oyuncu +16000 can, dost +8000 can",3.00,1.35,0.60,0.54,1.00,0.00,0.00,"","vuruş 3: 0,53s@boss6,43m/oyuncu3,95m 0,59s@boss6,98m/oyuncu4,53m 0,80s@boss6,88m/oyuncu4,54m; kalıp sonu: merkeze 3,00 m, başlangıçtan 0,00 m, kalıp simülasyonundan 0,00 m, kalıp hedefi AllyDummy"
1-10,"Aynalı Vuruş","Yumruk","sirtta_kapi",1,1,1,1,1,1,1,1,1,1,"ön","ön",14523710.00,"boss:Burn",1.80,1.35,0.33,0.32,0.67,0.00,0.00,"0/3 kare koşu","vuruş 2: 0,40s@boss0,92m/oyuncu1,19m 0,53s@boss0,55m/oyuncu2,35m; kalıp sonu: merkeze 1,80 m, başlangıçtan 1,20 m, kalıp simülasyonundan 0,00 m"
1-11,"Kopya Vuruş","Yumruk","golge_yankisi",1,1,1,1,1,1,1,1,1,1,"ön","ön",201584.00,"boss:Burn",2.10,1.35,0.54,0.50,0.87,0.00,0.00,"1/3 kare koşu, ayak/gövde hız oranı 1,01","vuruş 2: 0,40s@boss1,11m/oyuncu1,15m 0,74s@boss1,95m/oyuncu1,39m; kalıp sonu: merkeze 2,10 m, başlangıçtan 0,90 m, kalıp simülasyonundan 0,00 m"
1-12,"Akan Vuruş","Yumruk","basili_seri",1,1,1,1,1,1,1,1,1,1,"ön","ön",152752.00,"boss:Burn",1.60,1.35,3.00,3.00,3.33,0.00,0.00,"","vuruş 6: 0,53s@boss1,73m/oyuncu1,15m 1,07s@boss1,48m/oyuncu1,15m 1,53s@boss1,26m/oyuncu1,15m 2,06s@boss1,01m/oyuncu1,15m 2,53s@boss0,80m/oyuncu1,15m 3,07s@boss0,55m/oyuncu1,15m; kalıp sonu: merkeze 1,60 m, başlangıçtan 1,40 m, kalıp simülasyonundan 0,00 m"
2-10,"Aynalı Şifa","Yumruk","ters_es",1,1,1,1,1,1,1,1,1,1,"yerinde","yerinde",0.00,"oyuncu +112000 can",3.00,1.35,0.47,0.44,0.87,0.00,0.00,"","vuruş 2: 0,54s@boss2,60m/oyuncu0,40m 0,73s@boss0,00m/oyuncu3,00m; kalıp sonu: merkeze 3,00 m, başlangıçtan 0,00 m, kalıp simülasyonundan 0,00 m"
2-11,"Kopya Şifa","Yumruk","golge_ulak",1,1,1,1,1,1,1,1,1,1,"yan","yan",0.00,"oyuncu +52000 can, dost +36000 can",2.43,1.35,1.41,1.36,1.80,0.00,0.00,"1/3 kare koşu, ayak/gövde hız oranı 1,00","vuruş 2: 0,47s@boss3,26m/oyuncu0,35m 1,67s@boss3,05m/oyuncu1,46m; kalıp sonu: merkeze 2,43 m, başlangıçtan 1,41 m, kalıp simülasyonundan 0,00 m, kalıp hedefi AllyDummy"
2-12,"Akan Şifa","Yumruk","basili_isik",1,1,1,1,1,1,1,1,1,1,"geri","geri",0.00,"oyuncu +80000 can, dost +16000 can",3.00,1.35,3.02,3.00,3.42,0.00,0.00,"","vuruş 6: 0,60s@boss5,38m/oyuncu2,72m 1,14s@boss5,58m/oyuncu2,72m 1,62s@boss5,76m/oyuncu2,72m 2,09s@boss5,93m/oyuncu2,72m 2,62s@boss6,13m/oyuncu2,72m 3,08s@boss6,31m/oyuncu2,72m; kalıp sonu: merkeze 3,94 m, başlangıçtan 1,20 m, kalıp simülasyonundan 0,00 m, kalıp hedefi AllyDummy"
3-10,"Aynalı Adım","Yumruk","iki_kapi",1,1,1,1,1,1,1,1,1,1,"ön","ön",0.00,"",1.50,1.35,0.60,0.54,0.93,0.00,0.00,"0/4 kare koşu","hasarsız skill (base_damage 0): etki hareketin kendisi; vuruş 2: 0,33s@boss3,00m/oyuncu0,00m 0,74s@boss1,50m/oyuncu0,00m; kalıp sonu: merkeze 1,50 m, başlangıçtan 1,50 m, kalıp simülasyonundan 0,00 m"
3-11,"Kopya Adım","Yumruk","yem_kac",1,1,1,1,1,1,1,1,1,1,"geri","geri",0.00,"",3.00,1.35,0.46,0.40,0.80,0.00,0.00,"1/5 kare koşu, ayak/gövde hız oranı 1,03","hasarsız skill (base_damage 0): etki hareketin kendisi; vuruş 1: 0,33s@boss3,00m/oyuncu0,00m; kalıp sonu: merkeze 5,80 m, başlangıçtan 2,80 m, kalıp simülasyonundan 0,00 m"
3-12,"Akan Adım","Yumruk","suzulme",1,1,1,1,1,1,1,1,1,1,"ön","ön",0.00,"",1.90,1.35,3.00,3.00,3.34,0.00,0.00,"","hasarsız skill (base_damage 0): etki hareketin kendisi; kalıp sonu: merkeze 1,90 m, başlangıçtan 1,10 m, kalıp simülasyonundan 0,00 m"
10-1,"Yoğun Yansı","Yumruk","tam_zamanli",1,1,1,1,1,1,1,1,1,1,"yerinde","yerinde",4048.00,"boss:Burn",3.00,1.35,0.54,0.50,0.94,0.00,0.00,"","vuruş 1: 0,73s@boss0,62m/oyuncu2,38m; kalıp sonu: merkeze 3,00 m, başlangıçtan 0,00 m, kalıp simülasyonundan 0,00 m"
10-2,"Emici Yansı","Yumruk","yutan_girdap",1,1,1,1,1,1,1,1,1,1,"yerinde","yerinde",16824.00,"boss:Burn",3.00,1.35,3.20,3.18,3.60,0.00,0.00,"","vuruş 4: 1,27s@boss0,62m/oyuncu2,38m 2,07s@boss0,62m/oyuncu2,38m 2,80s@boss0,62m/oyuncu2,38m 3,53s@boss0,62m/oyuncu2,38m; kalıp sonu: merkeze 3,00 m, başlangıçtan 0,00 m, kalıp simülasyonundan 0,00 m"
10-3,"Sıçrayan Yansı","Yumruk","seken_geri",1,1,1,1,1,1,1,1,1,1,"ön","ön",4808.00,"boss:Burn",1.90,1.35,0.40,0.36,0.80,0.00,0.00,"0/3 kare koşu","vuruş 2: 0,47s@boss0,55m/oyuncu1,53m 0,60s@boss0,00m/oyuncu1,90m; kalıp sonu: merkeze 1,90 m, başlangıçtan 1,10 m, kalıp simülasyonundan 0,00 m"
10-10,"Aynalı Yansı","Yumruk","iki_kapi",1,1,1,1,1,1,1,1,1,1,"ön","ön",0.00,"",1.50,1.35,0.57,0.54,0.97,0.00,0.00,"0/3 kare koşu","hasarsız skill (base_damage 0): etki hareketin kendisi; vuruş 2: 0,41s@boss3,00m/oyuncu0,00m 0,84s@boss1,50m/oyuncu0,00m; kalıp sonu: merkeze 1,50 m, başlangıçtan 1,50 m, kalıp simülasyonundan 0,00 m"
10-11,"Kopya Yansı","Yumruk","yem_kopya",1,1,1,1,1,1,1,1,1,1,"ön","ön",4000.00,"boss:Burn",2.10,1.35,0.40,0.36,0.80,0.00,0.00,"0/2 kare koşu","vuruş 1: 0,60s@boss2,19m/oyuncu1,29m; kalıp sonu: merkeze 2,10 m, başlangıçtan 0,90 m, kalıp simülasyonundan 0,00 m"
10-12,"Akan Yansı","Yumruk","basili_siper",1,1,1,1,1,1,1,1,1,1,"ön","ön",16552.00,"boss:Burn",2.20,1.35,3.00,3.00,3.40,0.00,0.00,"","vuruş 3: 1,11s@boss0,41m/oyuncu2,38m 2,13s@boss0,14m/oyuncu2,38m 3,13s@boss0,13m/oyuncu2,38m; kalıp sonu: merkeze 2,20 m, başlangıçtan 0,80 m, kalıp simülasyonundan 0,00 m"
11-1,"Yoğun Çağrı","Yumruk","sirt_saplama",1,1,1,1,1,1,1,1,1,1,"ön","ön",3200.00,"boss:Burn",1.80,1.35,0.53,0.47,0.93,0.00,0.00,"0/3 kare koşu","vuruş 1: 0,80s@boss0,00m/oyuncu1,80m; kalıp sonu: merkeze 1,80 m, başlangıçtan 1,20 m, kalıp simülasyonundan 0,00 m"
11-2,"Emici Çağrı","Yumruk","yapisan",1,1,1,1,1,1,1,1,1,1,"yerinde","yerinde",24384.00,"boss:Burn",3.00,1.35,5.20,5.18,5.60,0.00,0.00,"","vuruş 6: 0,53s@boss0,20m/oyuncu3,20m 1,53s@boss0,00m/oyuncu3,00m 2,53s@boss0,00m/oyuncu3,00m 3,53s@boss0,00m/oyuncu3,00m 4,53s@boss0,00m/oyuncu3,00m 5,53s@boss0,00m/oyuncu3,00m; kalıp sonu: merkeze 3,00 m, başlangıçtan 0,00 m, kalıp simülasyonundan 0,00 m"
11-3,"Sıçrayan Çağrı","Yumruk","seken_yaratik",1,1,1,1,1,1,1,1,1,1,"yerinde","yerinde",5584.00,"boss:Burn",3.00,1.35,0.67,0.64,1.07,0.00,0.00,"","vuruş 3: 0,60s@boss0,00m/oyuncu3,00m 0,80s@boss0,35m/oyuncu3,02m 0,93s@boss0,35m/oyuncu3,02m; kalıp sonu: merkeze 3,00 m, başlangıçtan 0,00 m, kalıp simülasyonundan 0,00 m"
11-10,"Aynalı Çağrı","Yumruk","takim_kapisi",1,1,1,1,1,1,1,1,1,1,"ön","ön",9864.00,"boss:Burn",1.85,1.35,1.40,1.38,1.80,0.00,0.00,"0/2 kare koşu","vuruş 1: 0,62s@boss1,85m/oyuncu0,00m; kalıp sonu: merkeze 1,85 m, başlangıçtan 1,15 m, kalıp simülasyonundan 0,00 m"
11-11,"Kopya Çağrı","Yumruk","ayna_klonlar",1,1,1,1,1,1,1,1,1,1,"ön","ön",4792.00,"boss:Burn",1.85,1.35,0.66,0.64,1.06,0.00,0.00,"0/2 kare koşu","vuruş 2: 0,73s@boss1,98m/oyuncu1,41m 0,93s@boss1,98m/oyuncu1,41m; kalıp sonu: merkeze 1,85 m, başlangıçtan 1,15 m, kalıp simülasyonundan 0,00 m"
11-12,"Akan Çağrı","Yumruk","kapidan_akin",1,1,1,1,1,1,1,1,1,1,"ön","ön",22104.00,"boss:Burn",1.85,1.35,4.40,4.34,4.80,0.00,0.00,"0/2 kare koşu","vuruş 6: 0,73s@boss0,85m/oyuncu1,00m 1,59s@boss0,00m/oyuncu1,85m 2,29s@boss0,00m/oyuncu1,85m 3,14s@boss0,00m/oyuncu1,85m 3,94s@boss0,00m/oyuncu1,85m 4,74s@boss0,00m/oyuncu1,85m; kalıp sonu: merkeze 1,85 m, başlangıçtan 1,15 m, kalıp simülasyonundan 0,00 m"
12-1,"Yoğun Zaman","Yumruk","zamanli_donma",1,1,1,1,1,1,1,1,1,1,"ön","ön",3520.00,"boss:Burn+Slow, boss hız x0,70",1.50,1.35,0.54,0.50,0.94,0.00,0.00,"1/3 kare koşu, ayak/gövde hız oranı 1,00","vuruş 1: 0,81s@boss0,40m/oyuncu1,28m; kalıp sonu: merkeze 1,50 m, başlangıçtan 1,50 m, kalıp simülasyonundan 0,00 m"
12-2,"Emici Zaman","Yumruk","ceken_girdap",1,1,1,1,1,1,1,1,1,1,"yerinde","yerinde",6816.00,"boss:Burn+Slow, oyuncu:Haste, boss hız x0,70, oyuncu hız x1,30",3.00,1.35,1.33,1.32,1.73,0.00,0.00,"","vuruş 3: 1,07s@boss0,00m/oyuncu3,00m 1,54s@boss0,00m/oyuncu3,00m 1,60s@boss0,00m/oyuncu3,00m; kalıp sonu: merkeze 3,00 m, başlangıçtan 0,00 m, kalıp simülasyonundan 0,00 m"
12-3,"Sıçrayan Zaman","Yumruk","geri_donen_kure",1,1,1,1,1,1,1,1,1,1,"yerinde","yerinde",5208.00,"boss:Burn+Slow, boss hız x0,70",3.00,1.35,0.53,0.50,0.93,0.00,0.00,"","vuruş 2: 0,53s@boss0,30m/oyuncu3,30m 0,80s@boss0,96m/oyuncu2,04m; kalıp sonu: merkeze 3,00 m, başlangıçtan 0,00 m, kalıp simülasyonundan 0,00 m"
12-10,"Aynalı Zaman","Yumruk","boss_geri",1,1,1,1,1,1,1,1,1,1,"yerinde","yerinde",4816.00,"boss:Burn+Slow, boss hız x0,70",3.00,1.35,0.47,0.46,0.87,0.00,0.00,"","vuruş 1: 0,53s@boss0,30m/oyuncu3,30m; kalıp sonu: merkeze 3,00 m, başlangıçtan 0,00 m, kalıp simülasyonundan 0,00 m"
12-11,"Kopya Zaman","Yumruk","geri_sarma",1,1,1,1,1,1,1,1,1,1,"başlangıç","başlangıç",0.00,"",1.50,1.35,2.69,2.66,3.09,0.00,0.00,"2/9 kare koşu, ayak/gövde hız oranı 0,99","hasarsız skill (base_damage 0): etki hareketin kendisi; kalıp sonu: merkeze 3,00 m, başlangıçtan 0,00 m, kalıp simülasyonundan 0,00 m"
12-12,"Akan Zaman","Yumruk","yuruyen_balon",1,1,1,1,1,1,1,1,1,1,"ön","ön",24432.00,"boss:Burn+Slow, boss hız x0,70",1.80,1.35,4.20,4.20,4.60,0.00,0.00,"","vuruş 4: 0,47s@boss3,00m/oyuncu0,00m 1,54s@boss2,70m/oyuncu0,00m 2,60s@boss2,38m/oyuncu0,00m 3,60s@boss2,08m/oyuncu0,00m; kalıp sonu: merkeze 1,80 m, başlangıçtan 1,20 m, kalıp simülasyonundan 0,00 m"
4-4,"Sabit Kalkan","Yumruk","duvar_dikme",1,1,1,1,1,1,1,1,1,1,"yerinde","yerinde",0.00,"",3.00,1.35,0.33,0.32,0.73,0.00,0.00,"","hasarsız skill (base_damage 0): etki hareketin kendisi; vuruş 1: 0,60s@boss0,62m/oyuncu2,38m; kalıp sonu: merkeze 3,00 m, başlangıçtan 0,00 m, kalıp simülasyonundan 0,00 m"
4-5,"Yayılan Kalkan","Yumruk","onde_yelpaze",1,1,1,1,1,1,1,1,1,1,"yerinde","yerinde",0.00,"",3.00,1.35,0.66,0.63,1.07,0.00,0.00,"","hasarsız skill (base_damage 0): etki hareketin kendisi; vuruş 1: 0,80s@boss1,88m/oyuncu1,12m; kalıp sonu: merkeze 3,00 m, başlangıçtan 0,00 m, kalıp simülasyonundan 0,00 m"
4-6,"Bağlayıcı Kalkan","Yumruk","zincirli_firlatma",1,1,1,1,1,1,1,1,1,1,"ön","ön",0.00,"",1.50,1.35,0.73,0.70,1.13,0.00,0.00,"2/4 kare koşu, ayak/gövde hız oranı 0,99","hasarsız skill (base_damage 0): etki hareketin kendisi; vuruş 2: 0,53s@boss0,45m/oyuncu3,45m 1,00s@boss0,48m/oyuncu1,28m; kalıp sonu: merkeze 1,50 m, başlangıçtan 1,50 m, kalıp simülasyonundan 0,00 m"
4-7,"Bulandırıcı Kalkan","Yumruk","duman_duvari",1,1,1,1,1,1,1,1,1,1,"yerinde","yerinde",0.00,"",2.80,1.35,0.53,0.52,0.93,0.00,0.00,"","hasarsız skill (base_damage 0): etki hareketin kendisi; vuruş 1: 0,60s@boss0,42m/oyuncu2,38m; kalıp sonu: merkeze 2,80 m, başlangıçtan 0,20 m, kalıp simülasyonundan 0,00 m"
4-8,"Yükselen Kalkan","Yumruk","yerden_buyuyen",1,1,1,1,1,1,1,1,1,1,"yerinde","yerinde",0.00,"",3.00,1.35,0.47,0.42,0.87,0.00,0.00,"","hasarsız skill (base_damage 0): etki hareketin kendisi; vuruş 1: 0,67s@boss6,98m/oyuncu4,33m; kalıp sonu: merkeze 3,18 m, başlangıçtan 0,25 m, kalıp simülasyonundan 0,00 m, kalıp hedefi AllyDummy"
4-9,"Odaklı Kalkan","Yumruk","koruyucu_isaret",1,1,1,1,1,1,1,1,1,1,"geri","geri",0.00,"",3.00,1.35,0.27,0.20,0.67,0.00,0.00,"0/3 kare koşu","hasarsız skill (base_damage 0): etki hareketin kendisi; vuruş 1: 0,53s@boss3,90m/oyuncu0,35m; kalıp sonu: merkeze 3,61 m, başlangıçtan 0,80 m, kalıp simülasyonundan 0,00 m, kalıp hedefi AllyDummy"
5-4,"Sabit Patlama","Yumruk","mayin_cakma",1,1,1,1,1,1,1,1,1,1,"yerinde","yerinde",144200.00,"boss:Burn",2.85,1.35,0.60,0.54,0.94,0.00,0.00,"","vuruş 2: 0,67s@boss0,85m/oyuncu2,00m 0,74s@boss0,85m/oyuncu2,00m; kalıp sonu: merkeze 2,85 m, başlangıçtan 0,15 m, kalıp simülasyonundan 0,00 m"
5-5,"Yayılan Patlama","Yumruk","yer_yarigi",1,1,1,1,1,1,1,1,1,1,"ön","ön",119632.00,"boss:Burn",1.50,1.35,0.60,0.56,0.94,0.00,0.00,"0/8 kare koşu","vuruş 3: 0,60s@boss0,25m/oyuncu1,27m 0,67s@boss0,14m/oyuncu1,36m 0,80s@boss0,22m/oyuncu1,28m; kalıp sonu: merkeze 1,50 m, başlangıçtan 2,07 m, kalıp simülasyonundan 0,00 m"
5-6,"Bağlayıcı Patlama","Yumruk","gerilip_kopan",1,1,1,1,1,1,0,1,1,0,"geri","geri",131120.00,"boss:Root+Slow+Burn, boss hız x0,00",1.70,1.35,0.80,0.58,1.13,0.00,0.00,"0/6 kare koşu","vuruş 2: 0,47s@boss0,85m/oyuncu1,11m 1,13s@boss0,85m/oyuncu2,65m; kalıp sonu: merkeze 3,50 m, başlangıçtan 0,50 m, kalıp simülasyonundan 0,00 m; kalıp 0,80 sn (beklenen 0,58)"
5-7,"Bulandırıcı Patlama","Yumruk","sis_bombasi",1,1,1,1,1,1,1,1,1,1,"yerinde","yerinde",137040.00,"boss:Blind+Burn",3.00,1.35,0.27,0.22,0.60,0.00,0.00,"","vuruş 1: 0,47s@boss0,35m/oyuncu3,35m; kalıp sonu: merkeze 3,00 m, başlangıçtan 0,00 m, kalıp simülasyonundan 0,00 m"
5-8,"Yükselen Patlama","Yumruk","yerden_fiskirma",1,1,1,1,1,1,1,1,1,1,"ön","ön",155088.00,"boss:Burn+Stun, boss hız x0,00",2.60,1.35,0.46,0.44,0.80,0.00,0.00,"","vuruş 1: 0,60s@boss0,00m/oyuncu2,75m; kalıp sonu: merkeze 2,60 m, başlangıçtan 0,40 m, kalıp simülasyonundan 0,00 m"
5-9,"Odaklı Patlama","Yumruk","gudumlu_top",1,1,1,1,1,1,1,1,1,1,"yerinde","yerinde",241664.00,"boss:Burn",3.00,1.35,0.60,0.56,0.93,0.00,0.00,"","vuruş 1: 0,80s@boss0,00m/oyuncu3,00m; kalıp sonu: merkeze 3,00 m, başlangıçtan 0,00 m, kalıp simülasyonundan 0,00 m"
6-4,"Sabit Bağ","Yumruk","karsilikli_kilit",1,1,1,1,1,1,1,1,1,1,"ön","ön",57544.00,"boss:Burn+Root, boss hız x0,00",1.50,1.35,3.26,3.24,3.59,0.00,0.00,"1/4 kare koşu, ayak/gövde hız oranı 0,95","vuruş 1: 0,79s@boss0,40m/oyuncu1,11m; kalıp sonu: merkeze 1,50 m, başlangıçtan 1,50 m, kalıp simülasyonundan 0,00 m"
6-5,"Yayılan Bağ","Yumruk","yer_tuzagi",1,1,1,1,1,1,0,1,1,0,"yerinde","yerinde",37296.00,"boss:Burn+Root, boss hız x0,00",3.00,1.35,0.00,0.28,0.47,0.00,0.00,"","vuruş 1: 0,47s@boss0,62m/oyuncu2,38m; kalıp sonu: merkeze 3,00 m, başlangıçtan 0,00 m, kalıp simülasyonundan 0,00 m; kalıp bang'den 0,16 sn sonra başladı"
6-6,"Bağlayıcı Bağ","Yumruk","iki_uclu",1,1,1,1,1,1,1,1,1,1,"yerinde","yerinde",46184.00,"boss:Root+Slow+Burn, boss hız x0,00",3.00,1.35,0.66,0.65,1.00,0.00,0.00,"","vuruş 1: 0,47s@boss0,28m/oyuncu3,28m; kalıp sonu: merkeze 3,00 m, başlangıçtan 0,00 m, kalıp simülasyonundan 0,00 m"
6-7,"Bulandırıcı Bağ","Yumruk","goz_bagi",1,1,1,1,1,1,1,1,1,1,"yerinde","yerinde",40696.00,"boss:Blind+Burn+Root, boss hız x0,00",3.00,1.35,0.13,0.20,0.47,0.00,0.00,"","vuruş 1: 0,47s@boss0,28m/oyuncu3,28m; kalıp sonu: merkeze 3,00 m, başlangıçtan 0,00 m, kalıp simülasyonundan 0,00 m"
6-8,"Yükselen Bağ","Yumruk","havada_asma",1,1,1,1,1,1,1,1,1,1,"ön","ön",49232.00,"boss:Stun+Burn+Root, boss hız x0,00",1.50,1.35,1.20,1.14,1.53,0.00,0.00,"0/5 kare koşu","vuruş 1: 0,80s@boss1,50m/oyuncu0,00m; kalıp sonu: merkeze 1,50 m, başlangıçtan 1,50 m, kalıp simülasyonundan 0,00 m"
6-9,"Odaklı Bağ","Yumruk","zamanli_donma",1,1,1,1,1,1,1,1,1,1,"ön","ön",103512.00,"boss:Burn+Root, boss hız x0,00",1.50,1.35,0.53,0.50,0.87,0.00,0.00,"0/3 kare koşu","vuruş 1: 0,73s@boss0,53m/oyuncu1,28m; kalıp sonu: merkeze 1,50 m, başlangıçtan 1,50 m, kalıp simülasyonundan 0,00 m"
7-4,"Sabit Zafiyet","Yumruk","mayin_cakma",1,1,1,1,1,1,1,1,1,1,"yerinde","yerinde",16216.00,"boss:Burn",2.85,1.35,0.60,0.54,1.00,0.00,0.00,"","vuruş 2: 0,73s@boss0,85m/oyuncu2,00m 0,80s@boss0,85m/oyuncu2,00m; kalıp sonu: merkeze 2,85 m, başlangıçtan 0,15 m, kalıp simülasyonundan 0,00 m"
7-5,"Yayılan Zafiyet","Yumruk","onde_yelpaze",1,1,1,1,1,1,1,1,1,1,"yerinde","yerinde",22696.00,"boss:Burn",3.00,1.35,0.67,0.63,1.07,0.00,0.00,"","vuruş 1: 0,80s@boss1,88m/oyuncu1,12m; kalıp sonu: merkeze 3,00 m, başlangıçtan 0,00 m, kalıp simülasyonundan 0,00 m"
7-6,"Bağlayıcı Zafiyet","Yumruk","dost_ip",1,1,1,1,1,1,1,1,1,1,"yerinde","yerinde",21488.00,"boss:Root+Slow+Burn, boss hız x0,00",3.00,1.35,0.67,0.62,1.07,0.00,0.00,"","vuruş 1: 0,53s@boss0,28m/oyuncu3,28m; kalıp sonu: merkeze 3,00 m, başlangıçtan 0,00 m, kalıp simülasyonundan 0,00 m"
8-4,"Sabit Yükseliş","Yumruk","totem_dikme",1,1,1,1,1,1,1,1,1,1,"yerinde","yerinde",0.00,"",3.00,1.35,0.33,0.30,0.73,0.00,0.00,"","hasarsız skill (base_damage 0): etki hareketin kendisi; vuruş 1: 0,60s@boss3,10m/oyuncu0,00m; kalıp sonu: merkeze 3,11 m, başlangıçtan 0,15 m, kalıp simülasyonundan 0,00 m, kalıp hedefi AllyDummy"
8-5,"Yayılan Yükseliş","Yumruk","savas_narasi",1,1,1,1,1,1,1,1,1,1,"yerinde","yerinde",0.00,"",3.00,1.35,0.40,0.36,0.80,0.00,0.00,"","hasarsız skill (base_damage 0): etki hareketin kendisi; vuruş 1: 0,53s@boss3,00m/oyuncu0,00m; kalıp sonu: merkeze 3,00 m, başlangıçtan 0,00 m, kalıp simülasyonundan 0,00 m"
8-6,"Bağlayıcı Yükseliş","Yumruk","dost_dosta",1,1,1,1,1,1,1,1,1,1,"yan","yan",0.00,"",2.38,1.35,0.53,0.52,0.93,0.00,0.00,"1/4 kare koşu, ayak/gövde hız oranı 0,87","hasarsız skill (base_damage 0): etki hareketin kendisi; vuruş 3: 0,46s@boss4,05m/oyuncu1,22m 0,67s@boss2,85m/oyuncu1,41m 0,80s@boss4,76m/oyuncu2,38m; kalıp sonu: merkeze 2,38 m, başlangıçtan 1,41 m, kalıp simülasyonundan 0,00 m, kalıp hedefi AllyDummy"
9-4,"Sabit Arınma","Yumruk","yer_tuzagi",1,1,1,1,1,1,1,1,1,1,"yerinde","yerinde",0.00,"oyuncu +20000 can",3.00,1.35,0.33,0.28,0.73,0.00,0.00,"","vuruş 1: 0,53s@boss0,62m/oyuncu2,38m; kalıp sonu: merkeze 3,00 m, başlangıçtan 0,00 m, kalıp simülasyonundan 0,00 m"
9-5,"Yayılan Arınma","Yumruk","dagilan_yagmur",1,1,1,1,1,1,1,1,1,1,"yerinde","yerinde",0.00,"oyuncu +20000 can",3.00,1.35,0.60,0.58,1.00,0.00,0.00,"","vuruş 1: 0,80s@boss3,00m/oyuncu0,00m; kalıp sonu: merkeze 3,00 m, başlangıçtan 0,00 m, kalıp simülasyonundan 0,00 m, kalıp hedefi AllyDummy"
9-6,"Bağlayıcı Arınma","Yumruk","iki_uclu",1,1,1,1,1,1,1,1,1,1,"yerinde","yerinde",0.00,"oyuncu +20000 can",3.00,1.35,0.67,0.65,1.07,0.00,0.00,"","vuruş 1: 0,53s@boss6,36m/oyuncu3,88m; kalıp sonu: merkeze 3,00 m, başlangıçtan 0,00 m, kalıp simülasyonundan 0,00 m, kalıp hedefi AllyDummy"
4-10,"Aynalı Kalkan","Yumruk","sirtta_kapi",1,1,1,1,1,1,1,1,1,1,"ön","ön",24000.00,"",1.80,1.35,0.33,0.32,0.73,0.00,0.00,"0/3 kare koşu","vuruş 2: 0,47s@boss0,93m/oyuncu1,19m 0,60s@boss0,55m/oyuncu2,35m; kalıp sonu: merkeze 1,80 m, başlangıçtan 1,20 m, kalıp simülasyonundan 0,00 m"
4-11,"Kopya Kalkan","Yumruk","yem_kopya",1,1,1,1,1,1,1,1,1,1,"yerinde","yerinde",0.00,"",3.00,1.35,0.27,0.24,0.67,0.00,0.00,"","hasarsız skill (base_damage 0): etki hareketin kendisi; vuruş 1: 0,47s@boss2,98m/oyuncu1,29m; kalıp sonu: merkeze 3,00 m, başlangıçtan 0,00 m, kalıp simülasyonundan 0,00 m"
4-12,"Akan Kalkan","Yumruk","basili_siper",1,1,1,1,1,1,1,1,1,1,"geri","geri",0.00,"",3.00,1.35,3.02,3.00,3.42,0.00,0.00,"","hasarsız skill (base_damage 0): etki hareketin kendisi; vuruş 3: 1,13s@boss5,17m/oyuncu2,38m 2,13s@boss5,41m/oyuncu2,38m 3,09s@boss5,65m/oyuncu2,38m; kalıp sonu: merkeze 3,61 m, başlangıçtan 0,80 m, kalıp simülasyonundan 0,00 m, kalıp hedefi AllyDummy"
5-10,"Aynalı Patlama","Yumruk","karsi_darbe",1,1,1,1,1,1,1,1,1,1,"ön","ön",144032.00,"boss:Burn",1.70,1.35,0.40,0.36,0.73,0.00,0.00,"0/3 kare koşu","vuruş 1: 0,60s@boss0,57m/oyuncu1,36m; kalıp sonu: merkeze 1,70 m, başlangıçtan 1,30 m, kalıp simülasyonundan 0,00 m"
5-11,"Kopya Patlama","Yumruk","golge_yankisi",1,1,1,1,1,1,1,1,1,1,"ön","ön",138312.00,"boss:Burn",2.10,1.35,0.53,0.50,0.87,0.00,0.00,"1/3 kare koşu, ayak/gövde hız oranı 1,02","vuruş 2: 0,40s@boss1,12m/oyuncu1,15m 0,73s@boss1,95m/oyuncu1,39m; kalıp sonu: merkeze 2,10 m, başlangıçtan 0,90 m, kalıp simülasyonundan 0,00 m"
5-12,"Akan Patlama","Yumruk","patlayan_iz",1,1,1,1,1,1,1,1,1,1,"ön","ön",113240.00,"boss:Burn",1.50,1.35,2.94,3.00,3.27,0.00,0.00,"","vuruş 6: 0,73s@boss1,13m/oyuncu1,53m 1,27s@boss0,74m/oyuncu1,53m 1,73s@boss0,39m/oyuncu1,53m 2,27s@boss0,00m/oyuncu1,53m 2,74s@boss0,03m/oyuncu1,53m 3,27s@boss0,03m/oyuncu1,53m; kalıp sonu: merkeze 1,50 m, başlangıçtan 1,50 m, kalıp simülasyonundan 0,00 m"
6-10,"Aynalı Bağ","Yumruk","karsi_darbe",1,1,1,1,1,1,1,1,1,1,"ön","ön",42624.00,"boss:Burn+Root, boss hız x0,00",1.70,1.35,0.40,0.36,0.73,0.00,0.00,"0/3 kare koşu","vuruş 1: 0,60s@boss0,57m/oyuncu1,36m; kalıp sonu: merkeze 1,70 m, başlangıçtan 1,30 m, kalıp simülasyonundan 0,00 m"
6-11,"Kopya Bağ","Yumruk","onden_arkadan",1,1,1,1,1,1,1,1,1,1,"ön","ön",43600.00,"boss:Burn+Root, boss hız x0,00",2.10,1.35,0.40,0.34,0.73,0.00,0.00,"0/3 kare koşu","vuruş 2: 0,40s@boss1,14m/oyuncu1,11m 0,53s@boss0,60m/oyuncu2,70m; kalıp sonu: merkeze 2,10 m, başlangıçtan 0,90 m, kalıp simülasyonundan 0,00 m"
6-12,"Akan Bağ","Yumruk","cember_sarma",1,1,1,1,1,1,1,1,1,1,"arka","arka",21840.00,"boss:Burn+Root, boss hız x0,00",1.50,1.35,0.94,0.90,1.27,0.00,0.00,"0/11 kare koşu","vuruş 1: 1,13s@boss0,00m/oyuncu2,06m; kalıp sonu: merkeze 2,06 m, başlangıçtan 4,59 m, kalıp simülasyonundan 0,00 m"
10-4,"Sabit Yansı","Yumruk","duvar_dikme",1,1,1,1,1,1,1,1,1,1,"yerinde","yerinde",4384.00,"boss:Burn",3.00,1.35,0.28,0.32,0.68,0.00,0.00,"","vuruş 1: 0,48s@boss0,62m/oyuncu2,38m; kalıp sonu: merkeze 3,00 m, başlangıçtan 0,00 m, kalıp simülasyonundan 0,00 m"
10-5,"Yayılan Yansı","Yumruk","yuruyen_balon",1,1,1,1,1,1,1,1,1,1,"ön","ön",24368.00,"boss:Burn",1.80,1.35,4.20,4.20,4.60,0.00,0.00,"","vuruş 5: 0,47s@boss3,00m/oyuncu0,00m 1,60s@boss2,68m/oyuncu0,00m 2,53s@boss2,40m/oyuncu0,00m 3,53s@boss2,10m/oyuncu0,00m 4,53s@boss1,80m/oyuncu0,00m; kalıp sonu: merkeze 1,80 m, başlangıçtan 1,20 m, kalıp simülasyonundan 0,00 m"
10-6,"Bağlayıcı Yansı","Yumruk","silaha_kement",1,1,1,1,1,1,1,1,1,1,"yerinde","yerinde",8000.00,"boss:Root+Slow+Burn, boss hız x0,00",3.00,1.35,1.00,0.94,1.40,0.00,0.00,"","vuruş 1: 0,53s@boss0,40m/oyuncu3,40m; kalıp sonu: merkeze 3,00 m, başlangıçtan 0,00 m, kalıp simülasyonundan 0,00 m"
11-4,"Sabit Çağrı","Yumruk","taret_dikme",1,1,1,1,1,1,1,1,1,1,"ön","ön",3608.00,"boss:Burn",1.90,1.35,0.60,0.56,1.00,0.00,0.00,"0/2 kare koşu","vuruş 2: 0,60s@boss1,90m/oyuncu0,00m 0,87s@boss0,28m/oyuncu2,18m; kalıp sonu: merkeze 1,90 m, başlangıçtan 1,10 m, kalıp simülasyonundan 0,00 m"
11-5,"Yayılan Çağrı","Yumruk","dagilan_suru",1,1,1,1,1,1,1,1,1,1,"ön","ön",5192.00,"boss:Burn",2.60,1.35,0.60,0.54,1.00,0.00,0.00,"0/2 kare koşu","vuruş 3: 0,53s@boss0,35m/oyuncu2,62m 0,67s@boss0,00m/oyuncu2,60m 0,87s@boss0,35m/oyuncu2,62m; kalıp sonu: merkeze 2,60 m, başlangıçtan 0,40 m, kalıp simülasyonundan 0,00 m"
11-6,"Bağlayıcı Çağrı","Yumruk","muhafiz",1,1,1,1,1,1,1,1,1,1,"ön","ön",5184.00,"boss:Burn+Root+Slow, boss hız x0,00",1.85,1.35,0.67,0.66,1.06,0.00,0.00,"0/2 kare koşu","vuruş 1: 0,67s@boss1,89m/oyuncu1,20m; kalıp sonu: merkeze 1,85 m, başlangıçtan 1,15 m, kalıp simülasyonundan 0,00 m"
12-4,"Sabit Zaman","Yumruk","totem_dikme",1,1,1,1,1,1,1,1,1,1,"yerinde","yerinde",3584.00,"boss:Burn+Slow+Stun, boss hız x0,00",2.85,1.35,0.33,0.30,0.73,0.00,0.00,"","vuruş 1: 0,60s@boss2,87m/oyuncu0,00m; kalıp sonu: merkeze 2,85 m, başlangıçtan 0,15 m, kalıp simülasyonundan 0,00 m"
12-5,"Yayılan Zaman","Yumruk","genisleyen_halka",1,1,1,1,1,1,1,1,1,1,"yerinde","yerinde",4000.00,"boss:Burn+Slow, boss hız x0,70",3.00,1.35,0.60,0.58,1.00,0.00,0.00,"","vuruş 1: 0,80s@boss3,00m/oyuncu0,00m; kalıp sonu: merkeze 3,00 m, başlangıçtan 0,00 m, kalıp simülasyonundan 0,00 m"
12-6,"Bağlayıcı Zaman","Yumruk","iki_uclu",1,1,1,1,1,1,1,1,1,1,"yerinde","yerinde",6016.00,"boss:Burn, oyuncu:Haste, oyuncu hız x1,30",3.00,1.35,0.66,0.65,1.06,0.00,0.00,"","vuruş 1: 0,53s@boss0,28m/oyuncu3,28m; kalıp sonu: merkeze 3,00 m, başlangıçtan 0,00 m, kalıp simülasyonundan 0,00 m; uyarı: 12-6 hızı element-sistemi.json self_haste 0; yedek +%50 kullanıldı."
7-7,"Bulandırıcı Zafiyet","Yumruk","sis_bombasi",1,1,1,1,1,1,1,1,1,1,"yerinde","yerinde",16344.00,"boss:Blind+Burn",3.00,1.35,0.27,0.22,0.67,0.00,0.00,"","vuruş 1: 0,53s@boss0,35m/oyuncu3,35m; kalıp sonu: merkeze 3,00 m, başlangıçtan 0,00 m, kalıp simülasyonundan 0,00 m"
7-8,"Yükselen Zafiyet","Yumruk","yerden_fiskirma",1,1,1,1,1,1,1,1,1,1,"ön","ön",19984.00,"boss:Burn+Stun, boss hız x0,00",2.60,1.35,0.47,0.44,0.87,0.00,0.00,"","vuruş 1: 0,66s@boss0,00m/oyuncu2,76m; kalıp sonu: merkeze 2,60 m, başlangıçtan 0,40 m, kalıp simülasyonundan 0,00 m"
7-9,"Odaklı Zafiyet","Yumruk","isaret_patlamasi",1,1,1,1,1,1,1,1,1,1,"yerinde","yerinde",26320.00,"boss:Burn",3.00,1.35,1.93,1.92,2.33,0.00,0.00,"","vuruş 1: 2,20s@boss0,00m/oyuncu3,00m; kalıp sonu: merkeze 3,00 m, başlangıçtan 0,00 m, kalıp simülasyonundan 0,00 m"
7-10,"Aynalı Zafiyet","Yumruk","onden_arkadan",1,1,1,1,1,1,1,1,1,1,"ön","ön",22360.00,"boss:Burn",2.10,1.35,0.40,0.34,0.80,0.00,0.00,"0/3 kare koşu","vuruş 2: 0,47s@boss1,14m/oyuncu1,11m 0,60s@boss0,60m/oyuncu2,70m; kalıp sonu: merkeze 2,10 m, başlangıçtan 0,90 m, kalıp simülasyonundan 0,00 m"
7-11,"Kopya Zafiyet","Yumruk","golge_yankisi",1,1,1,1,1,1,1,1,1,1,"ön","ön",24920.00,"boss:Burn",2.10,1.35,0.53,0.50,0.93,0.00,0.00,"1/3 kare koşu, ayak/gövde hız oranı 1,02","vuruş 2: 0,47s@boss1,10m/oyuncu1,15m 0,80s@boss1,95m/oyuncu1,39m; kalıp sonu: merkeze 2,10 m, başlangıçtan 0,90 m, kalıp simülasyonundan 0,00 m"
7-12,"Akan Zafiyet","Yumruk","basili_isik",1,1,1,1,1,1,1,1,1,1,"ön","ön",38992.00,"boss:Burn",1.80,1.35,3.02,3.00,3.42,0.00,0.00,"","vuruş 6: 0,62s@boss0,17m/oyuncu2,72m 1,15s@boss0,04m/oyuncu2,72m 1,61s@boss0,23m/oyuncu2,72m 2,15s@boss0,45m/oyuncu2,72m 2,62s@boss0,63m/oyuncu2,72m 3,15s@boss0,85m/oyuncu2,72m; kalıp sonu: merkeze 1,80 m, başlangıçtan 1,20 m, kalıp simülasyonundan 0,00 m"
8-7,"Bulandırıcı Yükseliş","Yumruk","goz_bagi",1,1,1,1,1,1,1,1,1,1,"yerinde","yerinde",0.00,"",3.00,1.35,0.27,0.20,0.67,0.00,0.00,"","hasarsız skill (base_damage 0): etki hareketin kendisi; vuruş 1: 0,53s@boss0,28m/oyuncu3,28m; kalıp sonu: merkeze 3,00 m, başlangıçtan 0,00 m, kalıp simülasyonundan 0,00 m"
8-8,"Yükselen Yükseliş","Yumruk","buyuten_kemer",1,1,1,1,1,1,1,1,1,1,"yerinde","yerinde",0.00,"",3.00,1.35,0.47,0.42,0.87,0.00,0.00,"","hasarsız skill (base_damage 0): etki hareketin kendisi; vuruş 1: 0,67s@boss5,04m/oyuncu2,21m; kalıp sonu: merkeze 3,22 m, başlangıçtan 0,30 m, kalıp simülasyonundan 0,00 m, kalıp hedefi AllyDummy"
8-9,"Odaklı Yükseliş","Yumruk","gudumlu_top",1,1,1,1,1,1,1,1,1,1,"yerinde","yerinde",0.00,"",3.00,1.35,0.60,0.56,1.00,0.00,0.00,"","hasarsız skill (base_damage 0): etki hareketin kendisi; vuruş 1: 0,87s@boss6,98m/oyuncu4,53m; kalıp sonu: merkeze 3,00 m, başlangıçtan 0,00 m, kalıp simülasyonundan 0,00 m, kalıp hedefi AllyDummy"
8-10,"Aynalı Yükseliş","Yumruk","ters_es",1,1,1,1,1,1,1,1,1,1,"yerinde","yerinde",0.00,"",3.00,1.35,0.47,0.44,0.87,0.00,0.00,"","hasarsız skill (base_damage 0): etki hareketin kendisi; vuruş 2: 0,53s@boss2,60m/oyuncu0,40m 0,74s@boss0,00m/oyuncu3,00m; kalıp sonu: merkeze 3,00 m, başlangıçtan 0,00 m, kalıp simülasyonundan 0,00 m"
8-11,"Kopya Yükseliş","Yumruk","golge_ulak",1,1,1,1,1,1,1,1,1,1,"yan","yan",0.00,"",2.43,1.35,1.37,1.36,1.77,0.00,0.00,"0/2 kare koşu","hasarsız skill (base_damage 0): etki hareketin kendisi; vuruş 2: 0,46s@boss3,26m/oyuncu0,35m 1,74s@boss3,17m/oyuncu1,46m; kalıp sonu: merkeze 2,43 m, başlangıçtan 1,41 m, kalıp simülasyonundan 0,00 m, kalıp hedefi AllyDummy"
8-12,"Akan Yükseliş","Yumruk","akinti_yolu",1,1,1,1,1,1,1,1,1,1,"geri","geri",0.00,"",3.00,1.35,1.00,0.94,1.40,0.00,0.00,"0/10 kare koşu","hasarsız skill (base_damage 0): etki hareketin kendisi; vuruş 1: 1,20s@boss6,27m/oyuncu2,38m; kalıp sonu: merkeze 4,11 m, başlangıçtan 1,40 m, kalıp simülasyonundan 0,00 m, kalıp hedefi AllyDummy"
9-7,"Bulandırıcı Arınma","Yumruk","sis_ortusu",1,1,1,1,1,1,1,1,1,1,"yerinde","yerinde",0.00,"oyuncu +20000 can",3.00,1.35,0.33,0.30,0.73,0.00,0.00,"","vuruş 1: 0,53s@boss0,00m/oyuncu3,00m; kalıp sonu: merkeze 3,00 m, başlangıçtan 0,00 m, kalıp simülasyonundan 0,00 m"
9-8,"Yükselen Arınma","Yumruk","isik_sutunu",1,1,1,1,1,1,1,1,1,1,"yerinde","yerinde",0.00,"oyuncu +20000 can",3.00,1.35,0.53,0.48,0.93,0.00,0.00,"","vuruş 1: 0,73s@boss3,06m/oyuncu0,00m; kalıp sonu: merkeze 3,07 m, başlangıçtan 0,10 m, kalıp simülasyonundan 0,00 m, kalıp hedefi AllyDummy"
9-9,"Odaklı Arınma","Yumruk","mermi_sondur",1,1,1,1,1,1,1,1,1,1,"yerinde","yerinde",0.00,"oyuncu +20000 can",3.00,1.35,0.40,0.38,0.80,0.00,0.00,"","vuruş 1: 0,67s@boss6,98m/oyuncu4,53m; kalıp sonu: merkeze 3,00 m, başlangıçtan 0,00 m, kalıp simülasyonundan 0,00 m, kalıp hedefi AllyDummy"
9-10,"Aynalı Arınma","Yumruk","yer_degistir",1,1,1,1,1,1,1,1,1,1,"arka","arka",0.00,"oyuncu +20000 can",1.50,1.35,0.40,0.34,0.80,0.00,0.00,"0/1 kare koşu","vuruş 1: 0,67s@boss0,31m/oyuncu1,19m; kalıp sonu: merkeze 1,50 m, başlangıçtan 4,50 m, kalıp simülasyonundan 0,00 m, ışın 8,34 m konumdan çıkarıldı; tek karede 8,34 m sıçrama (sınır 2,36 m @ 64 ms, t=0,80, ışın tasarım gereği)"
9-11,"Kopya Arınma","Yumruk","yem_kopya",1,1,1,1,1,1,1,1,1,1,"yerinde","yerinde",0.00,"oyuncu +20000 can",3.00,1.35,0.27,0.24,0.67,0.00,0.00,"","vuruş 1: 0,47s@boss2,98m/oyuncu1,29m; kalıp sonu: merkeze 3,00 m, başlangıçtan 0,00 m, kalıp simülasyonundan 0,00 m"
9-12,"Akan Arınma","Yumruk","nabiz",1,1,1,1,1,1,1,1,1,1,"yerinde","yerinde",0.00,"oyuncu +16000 can, dost +8000 can",3.00,1.35,3.20,3.18,3.60,0.00,0.00,"","vuruş 3: 1,53s@boss3,00m/oyuncu0,00m 2,53s@boss3,00m/oyuncu0,00m 3,54s@boss3,00m/oyuncu0,00m; kalıp sonu: merkeze 3,00 m, başlangıçtan 0,00 m, kalıp simülasyonundan 0,00 m"
10-7,"Bulandırıcı Yansı","Yumruk","sahte_goruntu",1,1,1,1,1,1,1,1,1,1,"geri","geri",5528.00,"boss:Blind+Burn",2.48,1.35,0.63,0.56,1.03,0.00,0.00,"0/4 kare koşu","vuruş 3: 0,54s@boss2,60m/oyuncu1,37m 0,67s@boss2,60m/oyuncu1,37m 0,89s@boss3,35m/oyuncu0,00m; kalıp sonu: merkeze 3,38 m, başlangıçtan 0,37 m, kalıp simülasyonundan 0,00 m"
10-8,"Yükselen Yansı","Yumruk","yerden_buyuyen",1,1,1,1,1,1,1,1,1,1,"ön","ön",4000.00,"boss:Burn",2.35,1.35,0.60,0.54,1.00,0.00,0.00,"0/2 kare koşu","vuruş 1: 0,80s@boss0,00m/oyuncu2,39m; kalıp sonu: merkeze 2,35 m, başlangıçtan 0,65 m, kalıp simülasyonundan 0,00 m"
10-9,"Odaklı Yansı","Yumruk","koruyucu_isaret",1,1,1,1,1,1,1,1,1,1,"ön","ön",0.00,"",1.73,1.35,0.33,0.32,0.73,0.00,0.00,"0/5 kare koşu","hasarsız skill (base_damage 0): etki hareketin kendisi; vuruş 1: 0,60s@boss1,59m/oyuncu0,35m; kalıp sonu: merkeze 1,73 m, başlangıçtan 1,28 m, kalıp simülasyonundan 0,00 m"
11-7,"Bulandırıcı Çağrı","Yumruk","sirt_saplama",1,1,1,1,1,1,1,1,1,1,"ön","ön",3600.00,"boss:Blind+Burn",2.10,1.35,0.47,0.44,0.87,0.00,0.00,"0/2 kare koşu","vuruş 1: 0,73s@boss0,00m/oyuncu2,10m; kalıp sonu: merkeze 2,10 m, başlangıçtan 0,90 m, kalıp simülasyonundan 0,00 m"
11-8,"Yükselen Çağrı","Yumruk","dostu_yerden",1,1,1,1,1,1,1,1,1,1,"ön","ön",0.00,"",2.02,1.35,0.93,0.90,1.33,0.00,0.00,"0/10 kare koşu","hasarsız skill (base_damage 0): etki hareketin kendisi; vuruş 1: 1,14s@boss1,98m/oyuncu0,95m; kalıp sonu: merkeze 2,10 m, başlangıçtan 1,42 m, kalıp simülasyonundan 0,00 m"
11-9,"Odaklı Çağrı","Yumruk","pesinden_av",1,1,1,1,1,1,1,1,1,1,"ön","ön",3600.00,"boss:Burn",1.90,1.35,2.47,2.46,2.87,0.00,0.00,"0/2 kare koşu","vuruş 1: 2,73s@boss0,00m/oyuncu1,90m; kalıp sonu: merkeze 1,90 m, başlangıçtan 1,10 m, kalıp simülasyonundan 0,00 m"
12-7,"Bulandırıcı Zaman","Yumruk","kum_saati",1,1,1,1,1,1,1,1,1,1,"yerinde","yerinde",5712.00,"boss:Blind+Burn+Slow, boss hız x0,70",3.00,1.35,0.62,0.62,1.02,0.00,0.00,"","vuruş 1: 0,54s@boss0,28m/oyuncu3,28m; kalıp sonu: merkeze 3,00 m, başlangıçtan 0,00 m, kalıp simülasyonundan 0,00 m"
12-8,"Yükselen Zaman","Yumruk","isik_sutunu",1,1,1,1,1,1,1,1,1,1,"yerinde","yerinde",3992.00,"boss:Burn, oyuncu:Haste, oyuncu hız x1,50",2.90,1.35,0.53,0.48,0.93,0.00,0.00,"","vuruş 1: 0,73s@boss2,92m/oyuncu0,00m; kalıp sonu: merkeze 2,90 m, başlangıçtan 0,10 m, kalıp simülasyonundan 0,00 m"
12-9,"Odaklı Zaman","Yumruk","isaret_patlamasi",1,1,1,1,1,1,1,1,1,1,"yerinde","yerinde",3600.00,"boss:Burn+Slow, boss hız x0,70",3.00,1.35,2.00,1.92,2.40,0.00,0.00,"","vuruş 1: 2,20s@boss0,00m/oyuncu3,00m; kalıp sonu: merkeze 3,00 m, başlangıçtan 0,00 m, kalıp simülasyonundan 0,00 m"
1-1,"Yoğun Vuruş","Yay","yukle_birak",1,1,1,1,1,1,1,1,1,1,"ön","ön",173296.00,"boss:Burn",1.50,1.35,0.53,0.52,0.87,0.00,0.00,"0/3 kare koşu","vuruş 1: 0,73s@boss0,36m/oyuncu1,53m; kalıp sonu: merkeze 1,50 m, başlangıçtan 1,50 m, kalıp simülasyonundan 0,00 m"
1-2,"Emici Vuruş","Yay","kan_ceken_pence",1,1,1,1,1,1,1,1,1,1,"yerinde","yerinde",127416.00,"boss:Burn, oyuncu +36667 can",1.35,1.35,0.40,0.38,0.73,0.00,0.00,"","vuruş 3: 0,40s@boss1,71m/oyuncu1,02m 0,53s@boss1,16m/oyuncu1,02m 0,67s@boss0,61m/oyuncu1,02m; kalıp sonu: merkeze 1,36 m, başlangıçtan 0,00 m, kalıp simülasyonundan 0,00 m, boss 1,64 m kaydı"
1-3,"Sıçrayan Vuruş","Yay","yan_yan_sekme",1,1,1,1,1,1,1,1,1,1,"geri","geri",135104.00,"boss:Burn",2.85,1.35,0.47,0.46,0.80,0.00,0.00,"0/7 kare koşu","vuruş 2: 0,40s@boss0,74m/oyuncu3,52m 0,73s@boss0,74m/oyuncu4,37m; kalıp sonu: merkeze 3,70 m, başlangıçtan 1,30 m, kalıp simülasyonundan 0,00 m"
1-4,"Sabit Vuruş","Yay","yere_cakilan",1,1,1,1,1,1,1,1,1,1,"yerinde","yerinde",126328.00,"boss:Burn",2.80,1.35,0.47,0.42,0.80,0.00,0.00,"","vuruş 1: 0,67s@boss2,81m/oyuncu0,00m; kalıp sonu: merkeze 2,80 m, başlangıçtan 0,20 m, kalıp simülasyonundan 0,00 m"
1-5,"Yayılan Vuruş","Yay","donen_kesik",1,1,1,1,1,1,1,1,1,1,"yerinde","yerinde",112768.00,"boss:Burn",3.00,1.35,0.60,0.55,0.93,0.00,0.00,"","vuruş 1: 0,53s@boss3,00m/oyuncu0,00m; kalıp sonu: merkeze 3,00 m, başlangıçtan 0,00 m, kalıp simülasyonundan 0,00 m"
1-6,"Bağlayıcı Vuruş","Yay","zincirli_firlatma",1,1,1,1,1,1,1,1,1,1,"ön","ön",138692.00,"boss:Root+Slow+Burn, boss hız x0,00",1.50,1.35,0.74,0.70,1.06,0.00,0.00,"1/4 kare koşu, ayak/gövde hız oranı 1,01","vuruş 2: 0,46s@boss0,45m/oyuncu3,45m 0,93s@boss0,57m/oyuncu1,28m; kalıp sonu: merkeze 1,50 m, başlangıçtan 1,50 m, kalıp simülasyonundan 0,00 m"
2-1,"Yoğun Şifa","Yay","tek_dokunus",1,1,1,1,1,1,1,1,1,1,"geri","geri",0.00,"oyuncu +88000 can",3.00,1.35,0.20,0.16,0.60,0.00,0.00,"0/2 kare koşu","vuruş 1: 0,47s@boss3,89m/oyuncu0,68m; kalıp sonu: merkeze 3,41 m, başlangıçtan 0,55 m, kalıp simülasyonundan 0,00 m, kalıp hedefi AllyDummy"
2-2,"Emici Şifa","Yay","uzaktan_emme",1,1,1,1,1,1,1,1,1,1,"yerinde","yerinde",53200.00,"oyuncu +84000 can, dost +28000 can",2.65,1.35,2.20,2.16,2.54,0.00,0.00,"","vuruş 4: 0,95s@boss0,19m/oyuncu2,72m 1,48s@boss0,10m/oyuncu2,72m 1,94s@boss0,01m/oyuncu2,72m 2,48s@boss0,07m/oyuncu2,72m; kalıp sonu: merkeze 2,65 m, başlangıçtan 0,35 m, kalıp simülasyonundan 0,00 m"
2-3,"Sıçrayan Şifa","Yay","dosttan_dosta",1,1,1,1,1,1,1,1,1,1,"yerinde","yerinde",0.00,"oyuncu +60000 can, dost +28000 can",3.00,1.35,0.60,0.54,1.00,0.00,0.00,"","vuruş 3: 0,53s@boss6,43m/oyuncu3,95m 0,60s@boss6,98m/oyuncu4,53m 0,80s@boss6,88m/oyuncu4,54m; kalıp sonu: merkeze 3,00 m, başlangıçtan 0,00 m, kalıp simülasyonundan 0,00 m, kalıp hedefi AllyDummy"
2-4,"Sabit Şifa","Yay","totem_dikme",1,1,1,1,1,1,1,1,1,1,"yerinde","yerinde",0.00,"oyuncu +88000 can",3.00,1.35,0.33,0.30,0.73,0.00,0.00,"","vuruş 1: 0,60s@boss3,10m/oyuncu0,00m; kalıp sonu: merkeze 3,11 m, başlangıçtan 0,15 m, kalıp simülasyonundan 0,00 m, kalıp hedefi AllyDummy"
2-5,"Yayılan Şifa","Yay","genisleyen_halka",1,1,1,1,1,1,1,1,1,1,"yerinde","yerinde",0.00,"oyuncu +88000 can",3.00,1.35,0.60,0.58,1.00,0.00,0.00,"","vuruş 1: 0,80s@boss3,00m/oyuncu0,00m; kalıp sonu: merkeze 3,00 m, başlangıçtan 0,00 m, kalıp simülasyonundan 0,00 m"
2-6,"Bağlayıcı Şifa","Yay","dostu_kanca",1,1,1,1,1,1,1,1,1,1,"geri","geri",0.00,"oyuncu +88000 can",3.00,1.35,0.53,0.52,0.93,0.00,0.00,"1/6 kare koşu, ayak/gövde hız oranı 1,02","vuruş 1: 0,80s@boss5,80m/oyuncu0,40m; kalıp sonu: merkeze 5,92 m, başlangıçtan 3,40 m, kalıp simülasyonundan 0,00 m, kalıp hedefi AllyDummy"
3-1,"Yoğun Adım","Yay","isinlan_kes",1,1,1,1,1,1,1,1,1,1,"arka","arka",4004.00,"boss:Burn",1.50,1.35,0.53,0.48,0.87,0.00,0.00,"0/1 kare koşu","vuruş 1: 0,73s@boss0,00m/oyuncu1,50m; kalıp sonu: merkeze 1,50 m, başlangıçtan 4,50 m, kalıp simülasyonundan 0,00 m; tek karede 4,50 m sıçrama (sınır 2,54 m @ 69 ms, t=0,67, faz isin, blink tasarım gereği)"
3-2,"Emici Adım","Yay","icinden_emme",1,1,1,1,1,1,1,1,1,1,"arka","arka",4404.00,"boss:Burn",0.16,1.35,0.33,0.28,0.67,0.00,0.00,"1/5 kare koşu, ayak/gövde hız oranı 0,97","vuruş 1: 0,47s@boss0,24m/oyuncu1,36m; kalıp sonu: merkeze 2,61 m, başlangıçtan 5,23 m, kalıp simülasyonundan 0,42 m, boss 0,39 m kaydı; gövdeye girdi: merkeze 0,16 m (t=0,40, temas 1,35) geçiş tasarım gereği"
3-3,"Sıçrayan Adım","Yay","sekmeli_ziplama",1,1,1,1,1,1,1,1,1,1,"arka","arka",6012.00,"boss:Burn",1.50,1.35,0.60,0.60,0.93,0.00,0.00,"0/9 kare koşu","vuruş 3: 0,46s@boss1,80m/oyuncu0,00m 0,67s@boss1,50m/oyuncu0,01m 0,87s@boss1,50m/oyuncu0,00m; kalıp sonu: merkeze 1,50 m, başlangıçtan 4,50 m, kalıp simülasyonundan 0,00 m"
3-4,"Sabit Adım","Yay","geri_sarma",1,1,1,1,1,1,1,1,1,1,"başlangıç","başlangıç",0.00,"",1.50,1.35,2.68,2.66,3.02,0.00,0.00,"3/9 kare koşu, ayak/gövde hız oranı 0,95","hasarsız skill (base_damage 0): etki hareketin kendisi; kalıp sonu: merkeze 3,00 m, başlangıçtan 0,00 m, kalıp simülasyonundan 0,00 m"
3-5,"Yayılan Adım","Yay","dalis_patlamasi",1,1,1,1,1,1,1,1,1,1,"ön","ön",4384.00,"boss:Burn",1.50,1.35,0.47,0.42,0.80,0.00,0.00,"0/4 kare koşu","vuruş 1: 0,60s@boss1,50m/oyuncu0,00m; kalıp sonu: merkeze 1,50 m, başlangıçtan 1,50 m, kalıp simülasyonundan 0,00 m"
3-6,"Bağlayıcı Adım","Yay","kanca_cekis",1,1,1,1,1,1,1,1,1,1,"arka","arka",4392.00,"boss:Root+Slow+Burn, boss hız x0,00",1.50,1.35,0.80,0.74,1.14,0.00,0.00,"1/10 kare koşu, ayak/gövde hız oranı 1,03","vuruş 1: 0,93s@boss0,00m/oyuncu1,50m; kalıp sonu: merkeze 1,50 m, başlangıçtan 4,50 m, kalıp simülasyonundan 0,00 m"
4-1,"Yoğun Kalkan","Yay","tam_zamanli",1,1,1,1,1,1,1,1,1,1,"yerinde","yerinde",0.00,"",3.00,1.35,0.54,0.50,0.94,0.00,0.00,"","hasarsız skill (base_damage 0): etki hareketin kendisi; vuruş 1: 0,73s@boss0,62m/oyuncu2,38m; kalıp sonu: merkeze 3,00 m, başlangıçtan 0,00 m, kalıp simülasyonundan 0,00 m"
4-2,"Emici Kalkan","Yay","kalkan_calma",1,1,1,1,1,1,1,1,1,1,"yerinde","yerinde",76000.00,"",1.35,1.35,0.20,0.20,0.60,0.00,0.00,"","vuruş 1: 0,47s@boss1,45m/oyuncu1,28m; kalıp sonu: merkeze 2,18 m, başlangıçtan 0,00 m, kalıp simülasyonundan 0,00 m, boss 0,82 m kaydı"
4-3,"Sıçrayan Kalkan","Yay","seken_disk",1,1,1,1,1,1,1,1,1,1,"yerinde","yerinde",0.00,"",3.00,1.35,0.47,0.42,0.87,0.00,0.00,"","hasarsız skill (base_damage 0): etki hareketin kendisi; vuruş 2: 0,53s@boss0,30m/oyuncu3,30m 0,67s@boss3,04m/oyuncu1,43m; kalıp sonu: merkeze 3,00 m, başlangıçtan 0,00 m, kalıp simülasyonundan 0,00 m"
5-1,"Yoğun Patlama","Yay","saplanan_fitil",1,1,1,1,1,1,1,1,1,1,"geri","geri",97892.00,"boss:Burn",2.39,1.35,1.60,1.62,2.00,0.00,0.00,"1/6 kare koşu, ayak/gövde hız oranı 1,04","vuruş 2: 0,47s@boss0,85m/oyuncu1,54m 2,00s@boss0,85m/oyuncu2,95m; kalıp sonu: merkeze 3,80 m, başlangıçtan 0,80 m, kalıp simülasyonundan 0,00 m"
5-2,"Emici Patlama","Yay","ceken_girdap",1,1,1,1,1,1,1,1,1,1,"yerinde","yerinde",75284.00,"boss:Burn, oyuncu +20546 can",1.35,1.35,1.34,1.32,1.74,0.00,0.00,"","vuruş 3: 1,07s@boss0,00m/oyuncu1,35m 1,53s@boss0,00m/oyuncu1,35m 1,60s@boss0,00m/oyuncu1,35m; kalıp sonu: merkeze 1,35 m, başlangıçtan 0,00 m, kalıp simülasyonundan 0,00 m, boss 1,65 m kaydı"
5-3,"Sıçrayan Patlama","Yay","seken_bomba",1,1,1,1,1,1,1,1,1,1,"yerinde","yerinde",76724.00,"boss:Burn",3.00,1.35,0.60,0.58,1.00,0.00,0.00,"","vuruş 3: 0,54s@boss0,40m/oyuncu3,40m 0,67s@boss0,00m/oyuncu3,00m 0,87s@boss0,35m/oyuncu3,02m; kalıp sonu: merkeze 3,00 m, başlangıçtan 0,00 m, kalıp simülasyonundan 0,00 m"
6-1,"Yoğun Bağ","Yay","sinir_noktasi",1,1,1,1,1,1,1,1,1,1,"ön","ön",30844.00,"boss:Burn+Stun, boss hız x0,00",1.50,1.35,0.39,0.34,0.79,0.00,0.00,"0/3 kare koşu","vuruş 1: 0,65s@boss0,91m/oyuncu0,59m; kalıp sonu: merkeze 1,50 m, başlangıçtan 1,50 m, kalıp simülasyonundan 0,00 m"
6-2,"Emici Bağ","Yay","bossu_cek",1,1,1,1,1,1,1,1,1,1,"geri","geri",23700.00,"boss:Burn+Root, boss hız x0,00, oyuncu +5914 can",1.35,1.35,0.46,0.44,0.86,0.00,0.00,"2/5 kare koşu, ayak/gövde hız oranı 1,02","vuruş 1: 0,67s@boss1,53m/oyuncu1,36m; kalıp sonu: merkeze 2,69 m, başlangıçtan 1,60 m, kalıp simülasyonundan 0,00 m, boss 1,91 m kaydı"
6-3,"Sıçrayan Bağ","Yay","basip_sekme",1,1,1,1,1,1,1,1,1,1,"başlangıç","başlangıç",25748.00,"boss:Burn+Root, boss hız x0,00",1.67,1.35,0.53,0.52,0.93,0.00,0.00,"0/8 kare koşu","vuruş 1: 0,67s@boss1,50m/oyuncu0,27m; kalıp sonu: merkeze 3,20 m, başlangıçtan 0,20 m, kalıp simülasyonundan 0,00 m"
1-7,"Bulandırıcı Vuruş","Yay","dumandan_cikis",1,1,1,1,1,1,1,1,1,1,"ön","ön",128812.00,"boss:Blind+Burn",1.50,1.35,0.53,0.48,0.87,0.00,0.00,"0/3 kare koşu","vuruş 1: 0,67s@boss0,74m/oyuncu1,36m; kalıp sonu: merkeze 1,50 m, başlangıçtan 1,50 m, kalıp simülasyonundan 0,00 m"
1-8,"Yükselen Vuruş","Yay","havaya_kaldirma",1,1,1,1,1,1,1,1,1,1,"ön","ön",145380.00,"boss:Burn+Stun, boss hız x0,00",1.90,1.35,0.40,0.34,0.73,0.00,0.00,"0/5 kare koşu","vuruş 1: 0,47s@boss1,07m/oyuncu1,28m; kalıp sonu: merkeze 1,90 m, başlangıçtan 1,10 m, kalıp simülasyonundan 0,00 m"
1-9,"Odaklı Vuruş","Yay","isarete_vur",1,1,1,1,1,1,1,1,1,1,"ön","ön",226500.00,"boss:Burn",1.65,1.35,0.40,0.38,0.73,0.00,0.00,"0/3 kare koşu","vuruş 1: 0,60s@boss0,77m/oyuncu1,28m; kalıp sonu: merkeze 1,65 m, başlangıçtan 1,35 m, kalıp simülasyonundan 0,00 m"
2-7,"Bulandırıcı Şifa","Yay","sis_ortusu",1,1,1,1,1,1,1,1,1,1,"yerinde","yerinde",0.00,"oyuncu +88000 can",3.00,1.35,0.33,0.30,0.74,0.00,0.00,"","vuruş 1: 0,53s@boss0,00m/oyuncu3,00m; kalıp sonu: merkeze 3,00 m, başlangıçtan 0,00 m, kalıp simülasyonundan 0,00 m"
2-8,"Yükselen Şifa","Yay","yerden_buyuyen",1,1,1,1,1,1,1,1,1,1,"yerinde","yerinde",0.00,"oyuncu +88000 can",3.00,1.35,0.47,0.42,0.87,0.00,0.00,"","vuruş 1: 0,67s@boss6,98m/oyuncu4,33m; kalıp sonu: merkeze 3,18 m, başlangıçtan 0,25 m, kalıp simülasyonundan 0,00 m, kalıp hedefi AllyDummy"
2-9,"Odaklı Şifa","Yay","koruyucu_isaret",1,0,1,1,1,1,1,1,1,0,"geri","geri",0.00,"",3.00,1.35,0.20,0.20,0.60,0.00,0.00,"0/3 kare koşu","hasar yok, etki görülmedi; vuruş 1: 0,54s@boss3,90m/oyuncu0,35m; kalıp sonu: merkeze 3,61 m, başlangıçtan 0,80 m, kalıp simülasyonundan 0,00 m, kalıp hedefi AllyDummy"
3-7,"Bulandırıcı Adım","Yay","duman_kaybolma",1,1,1,1,1,1,1,1,1,1,"ön","ön",5984.00,"boss:Blind+Burn, oyuncu:Stealth",1.50,1.35,0.60,0.59,0.93,0.00,0.00,"0/2 kare koşu","vuruş 1: 0,47s@boss1,50m/oyuncu0,00m; kalıp sonu: merkeze 1,50 m, başlangıçtan 1,50 m, kalıp simülasyonundan 0,00 m"
3-8,"Yükselen Adım","Yay","sicrayip_cakilma",1,1,1,1,1,1,1,1,1,1,"ön","ön",3996.00,"boss:Burn, oyuncu:Haste, oyuncu hız x1,10",1.50,1.35,0.87,0.82,1.20,0.00,0.00,"0/5 kare koşu","vuruş 1: 1,07s@boss1,50m/oyuncu0,00m; kalıp sonu: merkeze 1,50 m, başlangıçtan 1,50 m, kalıp simülasyonundan 0,00 m"
3-9,"Odaklı Adım","Yay","isinlan_kes",1,1,1,1,1,1,1,1,1,1,"arka","arka",4012.00,"boss:Burn",1.50,1.35,0.54,0.48,0.87,0.00,0.00,"0/1 kare koşu","vuruş 1: 0,73s@boss0,00m/oyuncu1,50m; kalıp sonu: merkeze 1,50 m, başlangıçtan 4,50 m, kalıp simülasyonundan 0,00 m; tek karede 4,50 m sıçrama (sınır 2,49 m @ 67 ms, t=0,67, faz isin, blink tasarım gereği)"
7-1,"Yoğun Zafiyet","Yay","diken_firlatma",1,1,1,1,1,1,1,1,1,1,"yerinde","yerinde",26644.00,"boss:Burn",3.00,1.35,0.33,0.40,0.67,0.00,0.00,"","vuruş 1: 0,67s@boss0,30m/oyuncu3,30m; kalıp sonu: merkeze 3,00 m, başlangıçtan 0,00 m, kalıp simülasyonundan 0,00 m"
7-2,"Emici Zafiyet","Yay","sokup_cekme",1,1,1,1,1,1,1,1,1,1,"geri","geri",22544.00,"boss:Burn, oyuncu +5026 can",1.35,1.35,0.47,0.44,0.80,0.00,0.00,"1/4 kare koşu, ayak/gövde hız oranı 1,01","vuruş 2: 0,47s@boss0,35m/oyuncu2,90m 0,60s@boss1,48m/oyuncu1,19m; kalıp sonu: merkeze 2,37 m, başlangıçtan 1,30 m, kalıp simülasyonundan 0,00 m, boss 1,93 m kaydı"
7-3,"Sıçrayan Zafiyet","Yay","seken_yaratik",1,1,1,1,1,1,1,1,1,1,"yerinde","yerinde",27252.00,"boss:Burn",3.00,1.35,0.67,0.64,1.00,0.00,0.00,"","vuruş 3: 0,54s@boss0,00m/oyuncu3,00m 0,67s@boss0,35m/oyuncu3,02m 0,87s@boss0,35m/oyuncu3,02m; kalıp sonu: merkeze 3,00 m, başlangıçtan 0,00 m, kalıp simülasyonundan 0,00 m"
8-1,"Yoğun Yükseliş","Yay","kuculten_kapi",1,1,1,1,1,1,1,1,1,1,"yerinde","yerinde",0.00,"",3.00,1.35,0.33,0.28,0.73,0.00,0.00,"","hasarsız skill (base_damage 0): etki hareketin kendisi; vuruş 1: 0,53s@boss0,62m/oyuncu2,38m; kalıp sonu: merkeze 3,00 m, başlangıçtan 0,00 m, kalıp simülasyonundan 0,00 m"
8-2,"Emici Yükseliş","Yay","kan_muhru",1,1,1,1,1,1,1,1,1,1,"yerinde","yerinde",0.00,"",3.00,1.35,0.33,0.32,0.73,0.00,0.00,"","hasarsız skill (base_damage 0): etki hareketin kendisi; vuruş 1: 0,53s@boss3,00m/oyuncu0,00m; kalıp sonu: merkeze 3,00 m, başlangıçtan 0,00 m, kalıp simülasyonundan 0,00 m"
8-3,"Sıçrayan Yükseliş","Yay","pas_verme",1,1,1,1,1,1,1,1,1,1,"yerinde","yerinde",0.00,"",3.00,1.35,0.27,0.24,0.67,0.00,0.00,"","hasarsız skill (base_damage 0): etki hareketin kendisi; vuruş 1: 0,60s@boss6,38m/oyuncu3,90m; kalıp sonu: merkeze 3,00 m, başlangıçtan 0,00 m, kalıp simülasyonundan 0,00 m, kalıp hedefi AllyDummy"
9-1,"Yoğun Arınma","Yay","tek_dokunus",1,1,1,1,1,1,1,1,1,1,"geri","geri",0.00,"oyuncu +28000 can",3.00,1.35,0.19,0.16,0.53,0.00,0.00,"0/2 kare koşu","vuruş 1: 0,40s@boss3,89m/oyuncu0,68m; kalıp sonu: merkeze 3,41 m, başlangıçtan 0,55 m, kalıp simülasyonundan 0,00 m, kalıp hedefi AllyDummy"
9-2,"Emici Arınma","Yay","cekip_firlat",1,1,1,1,1,1,1,1,1,1,"yerinde","yerinde",0.00,"oyuncu +12000 can, dost +16000 can",3.00,1.35,0.53,0.50,0.86,0.00,0.00,"","vuruş 2: 0,47s@boss2,65m/oyuncu0,35m 0,73s@boss0,30m/oyuncu3,30m; kalıp sonu: merkeze 3,00 m, başlangıçtan 0,00 m, kalıp simülasyonundan 0,00 m"
9-3,"Sıçrayan Arınma","Yay","dosttan_dosta",1,1,1,1,1,1,1,1,1,1,"yerinde","yerinde",0.00,"oyuncu +16000 can, dost +8000 can",3.00,1.35,0.60,0.54,0.93,0.00,0.00,"","vuruş 3: 0,47s@boss6,43m/oyuncu3,95m 0,53s@boss6,98m/oyuncu4,53m 0,73s@boss6,88m/oyuncu4,54m; kalıp sonu: merkeze 3,00 m, başlangıçtan 0,00 m, kalıp simülasyonundan 0,00 m, kalıp hedefi AllyDummy"
1-10,"Aynalı Vuruş","Yay","sirtta_kapi",1,1,1,1,1,1,1,1,1,1,"ön","ön",11835410.00,"boss:Burn",1.80,1.35,0.34,0.32,0.67,0.00,0.00,"0/3 kare koşu","vuruş 2: 0,40s@boss0,93m/oyuncu1,19m 0,53s@boss0,55m/oyuncu2,35m; kalıp sonu: merkeze 1,80 m, başlangıçtan 1,20 m, kalıp simülasyonundan 0,00 m"
1-11,"Kopya Vuruş","Yay","golge_yankisi",1,1,1,1,1,1,1,1,1,1,"ön","ön",133480.00,"boss:Burn",2.10,1.35,0.53,0.50,0.87,0.00,0.00,"1/3 kare koşu, ayak/gövde hız oranı 1,01","vuruş 2: 0,40s@boss1,10m/oyuncu1,15m 0,73s@boss1,95m/oyuncu1,39m; kalıp sonu: merkeze 2,10 m, başlangıçtan 0,90 m, kalıp simülasyonundan 0,00 m"
1-12,"Akan Vuruş","Yay","basili_seri",1,1,1,1,1,1,1,1,1,1,"ön","ön",109412.00,"boss:Burn",1.60,1.35,3.00,3.00,3.34,0.00,0.00,"","vuruş 6: 0,54s@boss1,73m/oyuncu1,15m 1,07s@boss1,48m/oyuncu1,15m 1,54s@boss1,26m/oyuncu1,15m 2,07s@boss1,01m/oyuncu1,15m 2,54s@boss0,79m/oyuncu1,15m 3,07s@boss0,54m/oyuncu1,15m; kalıp sonu: merkeze 1,60 m, başlangıçtan 1,40 m, kalıp simülasyonundan 0,00 m"
2-10,"Aynalı Şifa","Yay","ters_es",1,1,1,1,1,1,1,1,1,1,"yerinde","yerinde",16800.00,"oyuncu +112000 can",3.00,1.35,0.47,0.44,0.87,0.00,0.00,"","vuruş 2: 0,53s@boss2,60m/oyuncu0,40m 0,73s@boss0,00m/oyuncu3,00m; kalıp sonu: merkeze 3,00 m, başlangıçtan 0,00 m, kalıp simülasyonundan 0,00 m"
2-11,"Kopya Şifa","Yay","golge_ulak",1,1,1,1,1,1,1,1,1,1,"yan","yan",0.00,"oyuncu +52000 can, dost +36000 can",2.43,1.35,1.40,1.36,1.80,0.00,0.00,"1/3 kare koşu, ayak/gövde hız oranı 1,00","vuruş 2: 0,46s@boss3,26m/oyuncu0,35m 1,67s@boss3,05m/oyuncu1,46m; kalıp sonu: merkeze 2,43 m, başlangıçtan 1,41 m, kalıp simülasyonundan 0,00 m, kalıp hedefi AllyDummy"
2-12,"Akan Şifa","Yay","basili_isik",1,1,1,1,1,1,1,1,1,1,"geri","geri",0.00,"oyuncu +80000 can, dost +16000 can",3.00,1.35,3.02,3.00,3.42,0.00,0.00,"","vuruş 6: 0,60s@boss5,38m/oyuncu2,72m 1,13s@boss5,58m/oyuncu2,72m 1,60s@boss5,75m/oyuncu2,72m 2,15s@boss5,96m/oyuncu2,72m 2,62s@boss6,13m/oyuncu2,72m 3,15s@boss6,33m/oyuncu2,72m; kalıp sonu: merkeze 3,94 m, başlangıçtan 1,20 m, kalıp simülasyonundan 0,00 m, kalıp hedefi AllyDummy"
3-10,"Aynalı Adım","Yay","iki_kapi",1,1,1,1,1,1,1,1,1,1,"ön","ön",6400.00,"boss:Burn",1.50,1.35,0.60,0.54,0.93,0.00,0.00,"0/4 kare koşu","vuruş 2: 0,33s@boss3,00m/oyuncu0,00m 0,73s@boss1,50m/oyuncu0,00m; kalıp sonu: merkeze 1,50 m, başlangıçtan 1,50 m, kalıp simülasyonundan 0,00 m"
3-11,"Kopya Adım","Yay","yem_kac",1,1,1,1,1,1,1,1,1,1,"geri","geri",5600.00,"boss:Burn",3.00,1.35,0.47,0.40,0.80,0.00,0.00,"0/4 kare koşu","vuruş 1: 0,33s@boss3,00m/oyuncu0,00m; kalıp sonu: merkeze 5,80 m, başlangıçtan 2,80 m, kalıp simülasyonundan 0,00 m"
3-12,"Akan Adım","Yay","suzulme",1,1,1,1,1,1,1,1,1,1,"ön","ön",0.00,"",1.90,1.35,3.06,3.00,3.40,0.00,0.00,"","hasarsız skill (base_damage 0): etki hareketin kendisi; kalıp sonu: merkeze 1,90 m, başlangıçtan 1,10 m, kalıp simülasyonundan 0,00 m"
10-1,"Yoğun Yansı","Yay","tam_zamanli",1,1,1,1,1,1,1,1,1,1,"yerinde","yerinde",4000.00,"boss:Burn",3.00,1.35,0.53,0.50,0.93,0.00,0.00,"","vuruş 1: 0,73s@boss0,62m/oyuncu2,38m; kalıp sonu: merkeze 3,00 m, başlangıçtan 0,00 m, kalıp simülasyonundan 0,00 m"
10-2,"Emici Yansı","Yay","yutan_girdap",1,1,1,1,1,1,1,1,1,1,"yerinde","yerinde",16796.00,"boss:Burn",1.35,1.35,3.20,3.18,3.60,0.00,0.00,"","vuruş 4: 1,27s@boss1,03m/oyuncu2,38m 2,07s@boss1,03m/oyuncu2,38m 2,80s@boss1,03m/oyuncu2,38m 3,53s@boss1,03m/oyuncu2,38m; kalıp sonu: merkeze 1,35 m, başlangıçtan 0,00 m, kalıp simülasyonundan 0,00 m, boss 1,65 m kaydı"
10-3,"Sıçrayan Yansı","Yay","seken_geri",1,1,1,1,1,1,1,1,1,1,"ön","ön",4804.00,"boss:Burn",1.90,1.35,0.40,0.36,0.80,0.00,0.00,"0/3 kare koşu","vuruş 2: 0,47s@boss0,56m/oyuncu1,53m 0,60s@boss0,00m/oyuncu1,90m; kalıp sonu: merkeze 1,90 m, başlangıçtan 1,10 m, kalıp simülasyonundan 0,00 m"
10-10,"Aynalı Yansı","Yay","iki_kapi",1,1,1,1,1,1,1,1,1,1,"ön","ön",6404.00,"boss:Burn",1.50,1.35,0.60,0.54,1.00,0.00,0.00,"0/4 kare koşu","vuruş 2: 0,40s@boss3,00m/oyuncu0,00m 0,80s@boss1,50m/oyuncu0,00m; kalıp sonu: merkeze 1,50 m, başlangıçtan 1,50 m, kalıp simülasyonundan 0,00 m"
10-11,"Kopya Yansı","Yay","yem_kopya",1,1,1,1,1,1,1,1,1,1,"yerinde","yerinde",3996.00,"boss:Burn",3.00,1.35,0.27,0.24,0.67,0.00,0.00,"","vuruş 1: 0,47s@boss2,98m/oyuncu1,29m; kalıp sonu: merkeze 3,00 m, başlangıçtan 0,00 m, kalıp simülasyonundan 0,00 m"
10-12,"Akan Yansı","Yay","basili_siper",1,1,1,1,1,1,1,1,1,1,"ön","ön",16400.00,"boss:Burn",2.20,1.35,3.00,3.00,3.40,0.00,0.00,"","vuruş 3: 1,14s@boss0,41m/oyuncu2,38m 2,13s@boss0,14m/oyuncu2,38m 3,13s@boss0,13m/oyuncu2,38m; kalıp sonu: merkeze 2,20 m, başlangıçtan 0,80 m, kalıp simülasyonundan 0,00 m"
11-1,"Yoğun Çağrı","Yay","sirt_saplama",1,1,1,1,1,1,1,1,1,1,"ön","ön",3608.00,"boss:Burn",2.64,1.35,0.47,0.44,0.87,0.00,0.00,"0/2 kare koşu","vuruş 1: 0,73s@boss0,00m/oyuncu2,64m; kalıp sonu: merkeze 2,64 m, başlangıçtan 0,36 m, kalıp simülasyonundan 0,00 m"
11-2,"Emici Çağrı","Yay","yapisan",1,1,1,1,1,1,1,1,1,1,"yerinde","yerinde",24296.00,"boss:Burn",1.35,1.35,5.18,5.18,5.58,0.00,0.00,"","vuruş 6: 0,53s@boss0,20m/oyuncu2,65m 1,53s@boss0,00m/oyuncu1,35m 2,53s@boss0,00m/oyuncu1,35m 3,53s@boss0,00m/oyuncu1,35m 4,53s@boss0,00m/oyuncu1,35m 5,52s@boss0,00m/oyuncu1,35m; kalıp sonu: merkeze 1,35 m, başlangıçtan 0,00 m, kalıp simülasyonundan 0,00 m, boss 1,65 m kaydı"
11-3,"Sıçrayan Çağrı","Yay","seken_yaratik",1,1,1,1,1,1,1,1,1,1,"yerinde","yerinde",5592.00,"boss:Burn",3.00,1.35,0.67,0.64,1.07,0.00,0.00,"","vuruş 3: 0,60s@boss0,00m/oyuncu3,00m 0,73s@boss0,35m/oyuncu3,02m 0,93s@boss0,35m/oyuncu3,02m; kalıp sonu: merkeze 3,00 m, başlangıçtan 0,00 m, kalıp simülasyonundan 0,00 m"
11-10,"Aynalı Çağrı","Yay","takim_kapisi",1,1,1,1,1,1,1,1,1,1,"yerinde","yerinde",9596.00,"boss:Burn",3.00,1.35,1.27,1.24,1.67,0.00,0.00,"","vuruş 1: 0,53s@boss3,00m/oyuncu0,00m; kalıp sonu: merkeze 3,00 m, başlangıçtan 0,00 m, kalıp simülasyonundan 0,00 m"
11-11,"Kopya Çağrı","Yay","ayna_klonlar",1,1,1,1,1,1,1,1,1,1,"yerinde","yerinde",4812.00,"boss:Burn",3.00,1.35,0.54,0.50,0.94,0.00,0.00,"","vuruş 2: 0,60s@boss2,93m/oyuncu1,41m 0,80s@boss2,93m/oyuncu1,41m; kalıp sonu: merkeze 3,00 m, başlangıçtan 0,00 m, kalıp simülasyonundan 0,00 m"
11-12,"Akan Çağrı","Yay","kapidan_akin",1,1,1,1,1,1,1,1,1,1,"yerinde","yerinde",21996.00,"boss:Burn",3.00,1.35,4.27,4.20,4.67,0.00,0.00,"","vuruş 6: 0,60s@boss0,85m/oyuncu2,15m 1,40s@boss0,00m/oyuncu3,00m 2,20s@boss0,00m/oyuncu3,00m 3,00s@boss0,00m/oyuncu3,00m 3,80s@boss0,00m/oyuncu3,00m 4,60s@boss0,00m/oyuncu3,00m; kalıp sonu: merkeze 3,00 m, başlangıçtan 0,00 m, kalıp simülasyonundan 0,00 m"
12-1,"Yoğun Zaman","Yay","zamanli_donma",1,1,1,1,1,1,1,1,1,1,"ön","ön",3580.00,"boss:Burn+Slow, boss hız x0,70",1.50,1.35,0.53,0.50,0.93,0.00,0.00,"0/3 kare koşu","vuruş 1: 0,80s@boss0,53m/oyuncu1,28m; kalıp sonu: merkeze 1,50 m, başlangıçtan 1,50 m, kalıp simülasyonundan 0,00 m"
12-2,"Emici Zaman","Yay","ceken_girdap",1,1,1,1,1,1,1,1,1,1,"yerinde","yerinde",6812.00,"boss:Burn+Slow, oyuncu:Haste, boss hız x0,70, oyuncu hız x1,30",1.35,1.35,1.34,1.32,1.74,0.00,0.00,"","vuruş 3: 1,07s@boss0,00m/oyuncu1,35m 1,53s@boss0,00m/oyuncu1,35m 1,60s@boss0,00m/oyuncu1,35m; kalıp sonu: merkeze 1,35 m, başlangıçtan 0,00 m, kalıp simülasyonundan 0,00 m, boss 1,65 m kaydı"
12-3,"Sıçrayan Zaman","Yay","geri_donen_kure",1,1,1,1,1,1,1,1,1,1,"yerinde","yerinde",5624.00,"boss:Burn+Slow, boss hız x0,70",3.00,1.35,0.53,0.50,0.88,0.00,0.00,"","vuruş 2: 0,48s@boss0,30m/oyuncu3,30m 0,74s@boss0,96m/oyuncu2,04m; kalıp sonu: merkeze 3,00 m, başlangıçtan 0,00 m, kalıp simülasyonundan 0,00 m"
12-10,"Aynalı Zaman","Yay","boss_geri",1,1,1,1,1,1,1,1,1,1,"yerinde","yerinde",4796.00,"boss:Burn+Slow, boss hız x0,70",3.00,1.35,0.47,0.46,0.87,0.00,0.00,"","vuruş 1: 0,53s@boss0,30m/oyuncu3,30m; kalıp sonu: merkeze 3,00 m, başlangıçtan 0,00 m, kalıp simülasyonundan 0,00 m"
12-11,"Kopya Zaman","Yay","geri_sarma",1,1,1,1,1,1,1,1,1,1,"başlangıç","başlangıç",0.00,"",1.50,1.35,2.67,2.66,3.07,0.00,0.00,"2/9 kare koşu, ayak/gövde hız oranı 0,94","hasarsız skill (base_damage 0): etki hareketin kendisi; kalıp sonu: merkeze 3,00 m, başlangıçtan 0,00 m, kalıp simülasyonundan 0,00 m"
12-12,"Akan Zaman","Yay","yuruyen_balon",1,1,1,1,1,1,1,1,1,1,"ön","ön",24012.00,"boss:Slow+Burn, boss hız x0,70",1.80,1.35,4.27,4.20,4.67,0.00,0.00,"","vuruş 5: 0,46s@boss3,00m/oyuncu0,00m 1,60s@boss2,68m/oyuncu0,00m 2,53s@boss2,40m/oyuncu0,00m 3,60s@boss2,08m/oyuncu0,00m 4,60s@boss1,80m/oyuncu0,00m; kalıp sonu: merkeze 1,80 m, başlangıçtan 1,20 m, kalıp simülasyonundan 0,00 m"
4-4,"Sabit Kalkan","Yay","duvar_dikme",1,1,1,1,1,1,1,1,1,1,"yerinde","yerinde",0.00,"",3.00,1.35,0.33,0.32,0.73,0.00,0.00,"","hasarsız skill (base_damage 0): etki hareketin kendisi; vuruş 1: 0,60s@boss0,62m/oyuncu2,38m; kalıp sonu: merkeze 3,00 m, başlangıçtan 0,00 m, kalıp simülasyonundan 0,00 m"
4-5,"Yayılan Kalkan","Yay","onde_yelpaze",1,1,1,1,1,1,1,1,1,1,"yerinde","yerinde",0.00,"",3.00,1.35,0.67,0.63,1.06,0.00,0.00,"","hasarsız skill (base_damage 0): etki hareketin kendisi; vuruş 1: 0,80s@boss1,88m/oyuncu1,12m; kalıp sonu: merkeze 3,00 m, başlangıçtan 0,00 m, kalıp simülasyonundan 0,00 m"
4-6,"Bağlayıcı Kalkan","Yay","zincirli_firlatma",1,1,1,1,1,1,1,1,1,1,"ön","ön",0.00,"",1.50,1.35,0.69,0.70,1.09,0.00,0.00,"1/3 kare koşu, ayak/gövde hız oranı 0,95","hasarsız skill (base_damage 0): etki hareketin kendisi; vuruş 2: 0,53s@boss0,45m/oyuncu3,45m 1,06s@boss0,22m/oyuncu1,28m; kalıp sonu: merkeze 1,50 m, başlangıçtan 1,50 m, kalıp simülasyonundan 0,00 m"
4-7,"Bulandırıcı Kalkan","Yay","duman_duvari",1,1,1,1,1,1,1,1,1,1,"yerinde","yerinde",0.00,"",2.80,1.35,0.53,0.52,0.93,0.00,0.00,"","hasarsız skill (base_damage 0): etki hareketin kendisi; vuruş 1: 0,60s@boss0,42m/oyuncu2,38m; kalıp sonu: merkeze 2,80 m, başlangıçtan 0,20 m, kalıp simülasyonundan 0,00 m"
4-8,"Yükselen Kalkan","Yay","yerden_buyuyen",1,1,1,1,1,1,1,1,1,1,"yerinde","yerinde",0.00,"",3.00,1.35,0.47,0.42,0.87,0.00,0.00,"","hasarsız skill (base_damage 0): etki hareketin kendisi; vuruş 1: 0,67s@boss6,98m/oyuncu4,33m; kalıp sonu: merkeze 3,18 m, başlangıçtan 0,25 m, kalıp simülasyonundan 0,00 m, kalıp hedefi AllyDummy"
4-9,"Odaklı Kalkan","Yay","koruyucu_isaret",1,1,1,1,1,1,1,1,1,1,"geri","geri",0.00,"",3.00,1.35,0.27,0.20,0.67,0.00,0.00,"0/3 kare koşu","hasarsız skill (base_damage 0): etki hareketin kendisi; vuruş 1: 0,53s@boss3,89m/oyuncu0,35m; kalıp sonu: merkeze 3,61 m, başlangıçtan 0,80 m, kalıp simülasyonundan 0,00 m, kalıp hedefi AllyDummy"
5-4,"Sabit Patlama","Yay","mayin_cakma",1,1,1,1,1,1,1,1,1,1,"yerinde","yerinde",78396.00,"boss:Burn",3.00,1.35,0.47,0.42,0.87,0.00,0.00,"","vuruş 2: 0,60s@boss0,85m/oyuncu2,15m 0,67s@boss0,85m/oyuncu2,15m; kalıp sonu: merkeze 3,00 m, başlangıçtan 0,00 m, kalıp simülasyonundan 0,00 m"
5-5,"Yayılan Patlama","Yay","yer_yarigi",1,1,1,1,1,1,1,1,1,1,"ön","ön",65508.00,"boss:Burn",1.50,1.35,0.60,0.56,1.00,0.00,0.00,"0/8 kare koşu","vuruş 3: 0,67s@boss0,25m/oyuncu1,27m 0,73s@boss0,14m/oyuncu1,36m 0,87s@boss0,23m/oyuncu1,28m; kalıp sonu: merkeze 1,50 m, başlangıçtan 2,07 m, kalıp simülasyonundan 0,00 m"
5-6,"Bağlayıcı Patlama","Yay","gerilip_kopan",1,1,1,1,1,1,1,1,1,1,"geri","geri",72076.00,"boss:Root+Slow+Burn, boss hız x0,00",1.35,1.35,0.60,0.58,1.00,0.00,0.00,"0/6 kare koşu","vuruş 2: 0,53s@boss0,85m/oyuncu1,10m 0,86s@boss0,85m/oyuncu2,65m; kalıp sonu: merkeze 2,78 m, başlangıçtan 0,50 m, kalıp simülasyonundan 0,00 m, boss 0,72 m kaydı"
5-7,"Bulandırıcı Patlama","Yay","sis_bombasi",1,1,1,1,1,1,1,1,1,1,"yerinde","yerinde",74180.00,"boss:Blind+Burn, oyuncu:Stealth",3.00,1.35,0.27,0.22,0.67,0.00,0.00,"","vuruş 1: 0,53s@boss0,35m/oyuncu3,35m; kalıp sonu: merkeze 3,00 m, başlangıçtan 0,00 m, kalıp simülasyonundan 0,00 m"
5-8,"Yükselen Patlama","Yay","yerden_fiskirma",1,1,1,1,1,1,1,1,1,1,"ön","ön",83948.00,"boss:Burn+Stun, boss hız x0,00",2.60,1.35,0.47,0.44,0.87,0.00,0.00,"","vuruş 1: 0,67s@boss0,00m/oyuncu2,75m; kalıp sonu: merkeze 2,60 m, başlangıçtan 0,40 m, kalıp simülasyonundan 0,00 m"
5-9,"Odaklı Patlama","Yay","gudumlu_top",1,1,1,1,1,1,1,1,1,1,"yerinde","yerinde",129728.00,"boss:Burn",3.00,1.35,0.60,0.56,1.00,0.00,0.00,"","vuruş 1: 0,87s@boss0,00m/oyuncu3,00m; kalıp sonu: merkeze 3,00 m, başlangıçtan 0,00 m, kalıp simülasyonundan 0,00 m"
6-4,"Sabit Bağ","Yay","karsilikli_kilit",1,1,1,1,1,1,1,1,1,1,"ön","ön",39508.00,"boss:Burn+Root, boss hız x0,00",1.50,1.35,3.27,3.24,3.67,0.00,0.00,"1/4 kare koşu, ayak/gövde hız oranı 0,99","vuruş 1: 0,87s@boss0,40m/oyuncu1,11m; kalıp sonu: merkeze 1,50 m, başlangıçtan 1,50 m, kalıp simülasyonundan 0,00 m"
6-5,"Yayılan Bağ","Yay","yer_tuzagi",1,1,1,1,1,1,1,1,1,1,"yerinde","yerinde",21428.00,"boss:Burn+Root, boss hız x0,00",3.00,1.35,0.33,0.28,0.73,0.00,0.00,"","vuruş 1: 0,53s@boss0,62m/oyuncu2,38m; kalıp sonu: merkeze 3,00 m, başlangıçtan 0,00 m, kalıp simülasyonundan 0,00 m"
6-6,"Bağlayıcı Bağ","Yay","iki_uclu",1,1,1,1,1,1,1,1,1,1,"yerinde","yerinde",37688.00,"boss:Root+Slow+Burn, boss hız x0,00",3.00,1.35,0.67,0.65,1.07,0.00,0.00,"","vuruş 1: 0,53s@boss0,28m/oyuncu3,28m; kalıp sonu: merkeze 3,00 m, başlangıçtan 0,00 m, kalıp simülasyonundan 0,00 m"
6-7,"Bulandırıcı Bağ","Yay","goz_bagi",1,1,1,1,1,1,1,1,1,1,"yerinde","yerinde",22880.00,"boss:Blind+Burn+Root, boss hız x0,00",3.00,1.35,0.13,0.20,0.53,0.00,0.00,"","vuruş 1: 0,53s@boss0,28m/oyuncu3,28m; kalıp sonu: merkeze 3,00 m, başlangıçtan 0,00 m, kalıp simülasyonundan 0,00 m"
6-8,"Yükselen Bağ","Yay","havada_asma",1,1,1,1,1,1,1,1,1,1,"ön","ön",40260.00,"boss:Stun+Burn+Root, boss hız x0,00",1.50,1.35,1.20,1.14,1.60,0.00,0.00,"0/5 kare koşu","vuruş 1: 0,87s@boss1,50m/oyuncu0,00m; kalıp sonu: merkeze 1,50 m, başlangıçtan 1,50 m, kalıp simülasyonundan 0,00 m"
6-9,"Odaklı Bağ","Yay","zamanli_donma",1,1,1,1,1,1,1,1,1,1,"ön","ön",38796.00,"boss:Burn+Root, boss hız x0,00",1.50,1.35,0.53,0.50,0.93,0.00,0.00,"0/3 kare koşu","vuruş 1: 0,80s@boss0,54m/oyuncu1,28m; kalıp sonu: merkeze 1,50 m, başlangıçtan 1,50 m, kalıp simülasyonundan 0,00 m"
7-4,"Sabit Zafiyet","Yay","mayin_cakma",1,1,1,1,1,1,1,1,1,1,"yerinde","yerinde",21672.00,"boss:Burn",3.00,1.35,0.47,0.42,0.80,0.00,0.00,"","vuruş 2: 0,53s@boss0,85m/oyuncu2,15m 0,60s@boss0,85m/oyuncu2,15m; kalıp sonu: merkeze 3,00 m, başlangıçtan 0,00 m, kalıp simülasyonundan 0,00 m"
7-5,"Yayılan Zafiyet","Yay","onde_yelpaze",1,1,1,1,1,1,1,1,1,1,"yerinde","yerinde",20120.00,"boss:Burn",3.00,1.35,0.66,0.63,1.00,0.00,0.00,"","vuruş 1: 0,73s@boss1,88m/oyuncu1,12m; kalıp sonu: merkeze 3,00 m, başlangıçtan 0,00 m, kalıp simülasyonundan 0,00 m"
7-6,"Bağlayıcı Zafiyet","Yay","dost_ip",1,1,1,1,1,1,1,1,1,1,"yerinde","yerinde",25432.00,"boss:Root+Slow+Burn, boss hız x0,00",3.00,1.35,0.66,0.62,1.00,0.00,0.00,"","vuruş 1: 0,47s@boss0,28m/oyuncu3,28m; kalıp sonu: merkeze 3,00 m, başlangıçtan 0,00 m, kalıp simülasyonundan 0,00 m"
8-4,"Sabit Yükseliş","Yay","totem_dikme",1,1,1,1,1,1,1,1,1,1,"yerinde","yerinde",0.00,"",3.00,1.35,0.33,0.30,0.74,0.00,0.00,"","hasarsız skill (base_damage 0): etki hareketin kendisi; vuruş 1: 0,60s@boss3,10m/oyuncu0,00m; kalıp sonu: merkeze 3,11 m, başlangıçtan 0,15 m, kalıp simülasyonundan 0,00 m, kalıp hedefi AllyDummy"
8-5,"Yayılan Yükseliş","Yay","savas_narasi",1,1,1,1,1,1,1,1,1,1,"yerinde","yerinde",0.00,"",3.00,1.35,0.40,0.36,0.80,0.00,0.00,"","hasarsız skill (base_damage 0): etki hareketin kendisi; vuruş 1: 0,53s@boss3,00m/oyuncu0,00m; kalıp sonu: merkeze 3,00 m, başlangıçtan 0,00 m, kalıp simülasyonundan 0,00 m"
8-6,"Bağlayıcı Yükseliş","Yay","dost_dosta",1,1,1,1,1,1,1,1,1,1,"yan","yan",0.00,"",2.38,1.35,0.53,0.52,0.93,0.00,0.00,"1/4 kare koşu, ayak/gövde hız oranı 0,88","hasarsız skill (base_damage 0): etki hareketin kendisi; vuruş 3: 0,47s@boss4,05m/oyuncu1,22m 0,67s@boss2,85m/oyuncu1,41m 0,80s@boss4,76m/oyuncu2,38m; kalıp sonu: merkeze 2,38 m, başlangıçtan 1,41 m, kalıp simülasyonundan 0,00 m, kalıp hedefi AllyDummy"
9-4,"Sabit Arınma","Yay","yer_tuzagi",1,1,1,1,1,1,1,1,1,1,"yerinde","yerinde",0.00,"oyuncu +28000 can",3.00,1.35,0.33,0.28,0.67,0.00,0.00,"","vuruş 1: 0,47s@boss0,62m/oyuncu2,38m; kalıp sonu: merkeze 3,00 m, başlangıçtan 0,00 m, kalıp simülasyonundan 0,00 m"
9-5,"Yayılan Arınma","Yay","dagilan_yagmur",1,1,1,1,1,1,1,1,1,1,"yerinde","yerinde",0.00,"oyuncu +28000 can",3.00,1.35,0.60,0.58,0.93,0.00,0.00,"","vuruş 1: 0,75s@boss3,00m/oyuncu0,00m; kalıp sonu: merkeze 3,00 m, başlangıçtan 0,00 m, kalıp simülasyonundan 0,00 m, kalıp hedefi AllyDummy"
9-6,"Bağlayıcı Arınma","Yay","iki_uclu",1,1,1,1,1,1,1,1,1,1,"yerinde","yerinde",0.00,"oyuncu +28000 can",3.00,1.35,0.67,0.65,1.00,0.00,0.00,"","vuruş 1: 0,47s@boss6,36m/oyuncu3,88m; kalıp sonu: merkeze 3,00 m, başlangıçtan 0,00 m, kalıp simülasyonundan 0,00 m, kalıp hedefi AllyDummy"
4-10,"Aynalı Kalkan","Yay","sirtta_kapi",1,1,1,1,1,1,1,1,1,1,"ön","ön",24000.00,"",1.80,1.35,0.33,0.32,0.73,0.00,0.00,"0/3 kare koşu","vuruş 2: 0,46s@boss0,95m/oyuncu1,19m 0,60s@boss0,55m/oyuncu2,35m; kalıp sonu: merkeze 1,80 m, başlangıçtan 1,20 m, kalıp simülasyonundan 0,00 m"
4-11,"Kopya Kalkan","Yay","yem_kopya",1,1,1,1,1,1,1,1,1,1,"yerinde","yerinde",0.00,"",3.00,1.35,0.27,0.24,0.67,0.00,0.00,"","hasarsız skill (base_damage 0): etki hareketin kendisi; vuruş 1: 0,47s@boss2,98m/oyuncu1,29m; kalıp sonu: merkeze 3,00 m, başlangıçtan 0,00 m, kalıp simülasyonundan 0,00 m"
4-12,"Akan Kalkan","Yay","basili_siper",1,1,1,1,1,1,1,1,1,1,"geri","geri",0.00,"",3.00,1.35,3.00,3.00,3.40,0.00,0.00,"","hasarsız skill (base_damage 0): etki hareketin kendisi; vuruş 3: 1,13s@boss5,17m/oyuncu2,38m 2,13s@boss5,41m/oyuncu2,38m 3,13s@boss5,66m/oyuncu2,38m; kalıp sonu: merkeze 3,61 m, başlangıçtan 0,80 m, kalıp simülasyonundan 0,00 m, kalıp hedefi AllyDummy"
5-10,"Aynalı Patlama","Yay","karsi_darbe",1,1,1,1,1,1,1,1,1,1,"ön","ön",77928.00,"boss:Burn",1.70,1.35,0.40,0.36,0.80,0.00,0.00,"0/3 kare koşu","vuruş 1: 0,67s@boss0,55m/oyuncu1,36m; kalıp sonu: merkeze 1,70 m, başlangıçtan 1,30 m, kalıp simülasyonundan 0,00 m"
5-11,"Kopya Patlama","Yay","golge_yankisi",1,1,1,1,1,1,1,1,1,1,"ön","ön",75776.00,"boss:Burn",2.10,1.35,0.53,0.50,0.93,0.00,0.00,"1/3 kare koşu, ayak/gövde hız oranı 1,02","vuruş 2: 0,46s@boss1,12m/oyuncu1,15m 0,80s@boss1,95m/oyuncu1,39m; kalıp sonu: merkeze 2,10 m, başlangıçtan 0,90 m, kalıp simülasyonundan 0,00 m"
5-12,"Akan Patlama","Yay","patlayan_iz",1,1,1,1,1,1,1,1,1,1,"ön","ön",68496.00,"boss:Burn",2.95,1.35,2.94,3.00,3.33,0.00,0.00,"","vuruş 6: 0,80s@boss2,14m/oyuncu1,53m 1,33s@boss2,33m/oyuncu1,53m 1,80s@boss2,92m/oyuncu1,53m 2,33s@boss2,75m/oyuncu1,53m 2,80s@boss2,45m/oyuncu1,53m 3,33s@boss2,07m/oyuncu1,53m; kalıp sonu: merkeze 3,60 m, başlangıçtan 2,20 m, kalıp simülasyonundan 0,70 m, boss 2,80 m kaydı"
6-10,"Aynalı Bağ","Yay","karsi_darbe",1,1,1,1,1,1,1,1,1,1,"ön","ön",24104.00,"boss:Burn+Root, boss hız x0,00",1.70,1.35,0.40,0.36,0.78,0.00,0.00,"0/3 kare koşu","vuruş 1: 0,65s@boss0,58m/oyuncu1,36m; kalıp sonu: merkeze 1,70 m, başlangıçtan 1,30 m, kalıp simülasyonundan 0,00 m"
6-11,"Kopya Bağ","Yay","onden_arkadan",1,1,1,1,1,1,1,1,1,1,"ön","ön",25160.00,"boss:Burn+Root, boss hız x0,00",2.10,1.35,0.40,0.34,0.80,0.00,0.00,"0/3 kare koşu","vuruş 2: 0,47s@boss1,15m/oyuncu1,11m 0,60s@boss0,60m/oyuncu2,70m; kalıp sonu: merkeze 2,10 m, başlangıçtan 0,90 m, kalıp simülasyonundan 0,00 m"
6-12,"Akan Bağ","Yay","cember_sarma",1,1,1,1,1,1,1,1,1,1,"arka","arka",17784.00,"boss:Root+Burn, boss hız x0,00",1.50,1.35,0.93,0.90,1.33,0.00,0.00,"0/11 kare koşu","vuruş 1: 1,20s@boss0,00m/oyuncu2,06m; kalıp sonu: merkeze 2,06 m, başlangıçtan 4,59 m, kalıp simülasyonundan 0,00 m"
10-4,"Sabit Yansı","Yay","duvar_dikme",1,1,1,1,1,1,1,1,1,1,"yerinde","yerinde",3600.00,"boss:Burn",3.00,1.35,0.33,0.32,0.73,0.00,0.00,"","vuruş 1: 0,60s@boss0,62m/oyuncu2,38m; kalıp sonu: merkeze 3,00 m, başlangıçtan 0,00 m, kalıp simülasyonundan 0,00 m"
10-5,"Yayılan Yansı","Yay","yuruyen_balon",1,1,1,1,1,1,1,1,1,1,"ön","ön",23992.00,"boss:Burn",1.80,1.35,4.20,4.20,4.60,0.00,0.00,"","vuruş 5: 0,47s@boss3,00m/oyuncu0,00m 1,60s@boss2,68m/oyuncu0,00m 2,60s@boss2,38m/oyuncu0,00m 3,54s@boss2,10m/oyuncu0,00m 4,54s@boss1,80m/oyuncu0,00m; kalıp sonu: merkeze 1,80 m, başlangıçtan 1,20 m, kalıp simülasyonundan 0,00 m"
10-6,"Bağlayıcı Yansı","Yay","silaha_kement",1,1,1,1,1,1,1,1,1,1,"yerinde","yerinde",7712.00,"boss:Root+Slow+Burn, boss hız x0,00",3.00,1.35,1.07,0.94,1.47,0.00,0.00,"","vuruş 1: 0,53s@boss0,40m/oyuncu3,40m; kalıp sonu: merkeze 3,00 m, başlangıçtan 0,00 m, kalıp simülasyonundan 0,00 m"
11-4,"Sabit Çağrı","Yay","taret_dikme",1,1,1,1,1,1,1,1,1,1,"yerinde","yerinde",3608.00,"boss:Burn",3.00,1.35,0.47,0.42,0.87,0.00,0.00,"","vuruş 2: 0,47s@boss3,00m/oyuncu0,00m 0,73s@boss0,28m/oyuncu3,28m; kalıp sonu: merkeze 3,00 m, başlangıçtan 0,00 m, kalıp simülasyonundan 0,00 m"
11-5,"Yayılan Çağrı","Yay","dagilan_suru",1,1,1,1,1,1,1,1,1,1,"yerinde","yerinde",5200.00,"boss:Burn",3.00,1.35,0.47,0.42,0.87,0.00,0.00,"","vuruş 3: 0,47s@boss0,35m/oyuncu3,02m 0,60s@boss0,00m/oyuncu3,00m 0,73s@boss0,35m/oyuncu3,02m; kalıp sonu: merkeze 3,00 m, başlangıçtan 0,00 m, kalıp simülasyonundan 0,00 m"
11-6,"Bağlayıcı Çağrı","Yay","muhafiz",1,1,1,1,1,1,1,1,1,1,"yerinde","yerinde",5184.00,"boss:Burn+Root+Slow, boss hız x0,00",3.00,1.35,0.53,0.52,0.93,0.00,0.00,"","vuruş 1: 0,54s@boss2,89m/oyuncu1,20m; kalıp sonu: merkeze 3,00 m, başlangıçtan 0,00 m, kalıp simülasyonundan 0,00 m"
12-4,"Sabit Zaman","Yay","totem_dikme",1,1,1,1,1,1,1,1,1,1,"yerinde","yerinde",3608.00,"boss:Burn+Slow+Stun, boss hız x0,00",2.85,1.35,0.33,0.30,0.74,0.00,0.00,"","vuruş 1: 0,60s@boss2,87m/oyuncu0,00m; kalıp sonu: merkeze 2,85 m, başlangıçtan 0,15 m, kalıp simülasyonundan 0,00 m"
12-5,"Yayılan Zaman","Yay","genisleyen_halka",1,1,1,1,1,1,1,1,1,1,"yerinde","yerinde",4016.00,"boss:Burn+Slow, boss hız x0,70",3.00,1.35,0.60,0.58,1.00,0.00,0.00,"","vuruş 1: 0,80s@boss3,00m/oyuncu0,00m; kalıp sonu: merkeze 3,00 m, başlangıçtan 0,00 m, kalıp simülasyonundan 0,00 m"
12-6,"Bağlayıcı Zaman","Yay","iki_uclu",1,1,1,1,1,1,1,1,1,1,"yerinde","yerinde",6000.00,"boss:Burn, oyuncu:Haste, oyuncu hız x1,30",3.00,1.35,0.66,0.65,1.07,0.00,0.00,"","vuruş 1: 0,53s@boss0,28m/oyuncu3,28m; kalıp sonu: merkeze 3,00 m, başlangıçtan 0,00 m, kalıp simülasyonundan 0,00 m"
7-7,"Bulandırıcı Zafiyet","Yay","sis_bombasi",1,1,1,1,1,1,1,1,1,1,"yerinde","yerinde",19768.00,"boss:Blind+Burn",3.00,1.35,0.27,0.22,0.60,0.00,0.00,"","vuruş 1: 0,47s@boss0,35m/oyuncu3,35m; kalıp sonu: merkeze 3,00 m, başlangıçtan 0,00 m, kalıp simülasyonundan 0,00 m"
7-8,"Yükselen Zafiyet","Yay","yerden_fiskirma",1,1,1,1,1,1,1,1,1,1,"ön","ön",24216.00,"boss:Burn+Stun, boss hız x0,00",2.60,1.35,0.47,0.44,0.80,0.00,0.00,"","vuruş 1: 0,60s@boss0,00m/oyuncu2,75m; kalıp sonu: merkeze 2,60 m, başlangıçtan 0,40 m, kalıp simülasyonundan 0,00 m"
7-9,"Odaklı Zafiyet","Yay","isaret_patlamasi",1,1,1,1,1,1,1,1,1,1,"yerinde","yerinde",32056.00,"boss:Burn",3.00,1.35,1.95,1.92,2.29,0.00,0.00,"","vuruş 1: 2,15s@boss0,00m/oyuncu3,00m; kalıp sonu: merkeze 3,00 m, başlangıçtan 0,00 m, kalıp simülasyonundan 0,00 m"
7-10,"Aynalı Zafiyet","Yay","onden_arkadan",1,1,1,1,1,1,1,1,1,1,"ön","ön",28496.00,"boss:Burn",2.10,1.35,0.40,0.34,0.73,0.00,0.00,"0/3 kare koşu","vuruş 2: 0,40s@boss1,15m/oyuncu1,11m 0,53s@boss0,60m/oyuncu2,70m; kalıp sonu: merkeze 2,10 m, başlangıçtan 0,90 m, kalıp simülasyonundan 0,00 m"
7-11,"Kopya Zafiyet","Yay","golge_yankisi",1,1,1,1,1,1,1,1,1,1,"ön","ön",29728.00,"boss:Burn",2.10,1.35,0.53,0.50,0.87,0.00,0.00,"1/3 kare koşu, ayak/gövde hız oranı 1,01","vuruş 2: 0,40s@boss1,10m/oyuncu1,15m 0,73s@boss1,95m/oyuncu1,39m; kalıp sonu: merkeze 2,10 m, başlangıçtan 0,90 m, kalıp simülasyonundan 0,00 m"
7-12,"Akan Zafiyet","Yay","basili_isik",1,1,1,1,1,1,1,1,1,1,"ön","ön",43880.00,"boss:Burn",1.80,1.35,3.07,3.00,3.40,0.00,0.00,"","vuruş 6: 0,54s@boss0,17m/oyuncu2,72m 1,07s@boss0,04m/oyuncu2,72m 1,54s@boss0,23m/oyuncu2,72m 2,07s@boss0,44m/oyuncu2,72m 2,54s@boss0,63m/oyuncu2,72m 3,07s@boss0,84m/oyuncu2,72m; kalıp sonu: merkeze 1,80 m, başlangıçtan 1,20 m, kalıp simülasyonundan 0,00 m"
8-7,"Bulandırıcı Yükseliş","Yay","goz_bagi",1,1,1,1,1,1,1,1,1,1,"yerinde","yerinde",0.00,"",3.00,1.35,0.20,0.20,0.60,0.00,0.00,"","hasarsız skill (base_damage 0): etki hareketin kendisi; vuruş 1: 0,53s@boss0,28m/oyuncu3,28m; kalıp sonu: merkeze 3,00 m, başlangıçtan 0,00 m, kalıp simülasyonundan 0,00 m"
8-8,"Yükselen Yükseliş","Yay","buyuten_kemer",1,1,1,1,1,1,1,1,1,1,"yerinde","yerinde",0.00,"",3.00,1.35,0.47,0.42,0.87,0.00,0.00,"","hasarsız skill (base_damage 0): etki hareketin kendisi; vuruş 1: 0,66s@boss5,04m/oyuncu2,21m; kalıp sonu: merkeze 3,22 m, başlangıçtan 0,30 m, kalıp simülasyonundan 0,00 m, kalıp hedefi AllyDummy"
8-9,"Odaklı Yükseliş","Yay","gudumlu_top",1,1,1,1,1,1,1,1,1,1,"yerinde","yerinde",0.00,"",3.00,1.35,0.61,0.56,1.01,0.00,0.00,"","hasarsız skill (base_damage 0): etki hareketin kendisi; vuruş 1: 0,86s@boss6,98m/oyuncu4,53m; kalıp sonu: merkeze 3,00 m, başlangıçtan 0,00 m, kalıp simülasyonundan 0,00 m, kalıp hedefi AllyDummy"
8-10,"Aynalı Yükseliş","Yay","ters_es",1,1,1,1,1,1,1,1,1,1,"yerinde","yerinde",0.00,"",3.00,1.35,0.47,0.44,0.87,0.00,0.00,"","hasarsız skill (base_damage 0): etki hareketin kendisi; vuruş 2: 0,53s@boss2,60m/oyuncu0,40m 0,73s@boss0,00m/oyuncu3,00m; kalıp sonu: merkeze 3,00 m, başlangıçtan 0,00 m, kalıp simülasyonundan 0,00 m"
8-11,"Kopya Yükseliş","Yay","golge_ulak",1,1,1,1,1,1,1,1,1,1,"yan","yan",0.00,"",2.43,1.35,1.40,1.36,1.80,0.00,0.00,"1/3 kare koşu, ayak/gövde hız oranı 1,00","hasarsız skill (base_damage 0): etki hareketin kendisi; vuruş 2: 0,47s@boss3,26m/oyuncu0,35m 1,67s@boss3,05m/oyuncu1,46m; kalıp sonu: merkeze 2,43 m, başlangıçtan 1,41 m, kalıp simülasyonundan 0,00 m, kalıp hedefi AllyDummy"
8-12,"Akan Yükseliş","Yay","akinti_yolu",1,1,1,1,1,1,1,1,1,1,"geri","geri",0.00,"",3.00,1.35,1.00,0.94,1.40,0.00,0.00,"0/10 kare koşu","hasarsız skill (base_damage 0): etki hareketin kendisi; vuruş 1: 1,20s@boss6,27m/oyuncu2,38m; kalıp sonu: merkeze 4,11 m, başlangıçtan 1,40 m, kalıp simülasyonundan 0,00 m, kalıp hedefi AllyDummy"
9-7,"Bulandırıcı Arınma","Yay","sis_ortusu",1,1,1,1,1,1,1,1,1,1,"yerinde","yerinde",0.00,"oyuncu +28000 can",3.00,1.35,0.33,0.30,0.67,0.00,0.00,"","vuruş 1: 0,47s@boss0,00m/oyuncu3,00m; kalıp sonu: merkeze 3,00 m, başlangıçtan 0,00 m, kalıp simülasyonundan 0,00 m"
9-8,"Yükselen Arınma","Yay","isik_sutunu",1,1,1,1,1,1,1,1,1,1,"yerinde","yerinde",0.00,"oyuncu +28000 can",3.00,1.35,0.53,0.48,0.87,0.00,0.00,"","vuruş 1: 0,67s@boss3,06m/oyuncu0,00m; kalıp sonu: merkeze 3,07 m, başlangıçtan 0,10 m, kalıp simülasyonundan 0,00 m, kalıp hedefi AllyDummy"
9-9,"Odaklı Arınma","Yay","mermi_sondur",1,1,1,1,1,1,1,1,1,1,"yerinde","yerinde",0.00,"oyuncu +28000 can",3.00,1.35,0.40,0.38,0.73,0.00,0.00,"","vuruş 1: 0,60s@boss6,98m/oyuncu4,53m; kalıp sonu: merkeze 3,00 m, başlangıçtan 0,00 m, kalıp simülasyonundan 0,00 m, kalıp hedefi AllyDummy"
9-10,"Aynalı Arınma","Yay","yer_degistir",1,1,1,1,1,1,1,1,1,1,"arka","arka",0.00,"oyuncu +28000 can",1.50,1.35,0.40,0.34,0.73,0.00,0.00,"0/1 kare koşu","vuruş 1: 0,60s@boss0,31m/oyuncu1,19m; kalıp sonu: merkeze 1,50 m, başlangıçtan 4,50 m, kalıp simülasyonundan 0,00 m, ışın 8,34 m konumdan çıkarıldı; tek karede 8,34 m sıçrama (sınır 2,46 m @ 67 ms, t=0,73, ışın tasarım gereği)"
9-11,"Kopya Arınma","Yay","yem_kopya",1,1,1,1,1,1,1,1,1,1,"yerinde","yerinde",0.00,"oyuncu +28000 can",3.00,1.35,0.27,0.24,0.60,0.00,0.00,"","vuruş 1: 0,40s@boss2,98m/oyuncu1,29m; kalıp sonu: merkeze 3,00 m, başlangıçtan 0,00 m, kalıp simülasyonundan 0,00 m"
9-12,"Akan Arınma","Yay","nabiz",1,1,1,1,1,1,1,1,1,1,"yerinde","yerinde",0.00,"oyuncu +16000 can, dost +8000 can",3.00,1.35,3.20,3.18,3.54,0.00,0.00,"","vuruş 3: 1,47s@boss3,00m/oyuncu0,00m 2,47s@boss3,00m/oyuncu0,00m 3,47s@boss3,00m/oyuncu0,00m; kalıp sonu: merkeze 3,00 m, başlangıçtan 0,00 m, kalıp simülasyonundan 0,00 m"
10-7,"Bulandırıcı Yansı","Yay","sahte_goruntu",1,1,1,1,1,1,1,1,1,1,"geri","geri",5208.00,"boss:Blind+Burn",3.00,1.35,0.47,0.44,0.87,0.00,0.00,"1/3 kare koşu, ayak/gövde hız oranı 1,01","vuruş 3: 0,47s@boss3,06m/oyuncu1,37m 0,60s@boss3,06m/oyuncu1,37m 0,73s@boss3,68m/oyuncu0,00m; kalıp sonu: merkeze 3,90 m, başlangıçtan 0,90 m, kalıp simülasyonundan 0,00 m"
10-8,"Yükselen Yansı","Yay","yerden_buyuyen",1,1,1,1,1,1,1,1,1,1,"yerinde","yerinde",3992.00,"boss:Burn",2.75,1.35,0.47,0.42,0.87,0.00,0.00,"","vuruş 1: 0,67s@boss0,00m/oyuncu2,80m; kalıp sonu: merkeze 2,75 m, başlangıçtan 0,25 m, kalıp simülasyonundan 0,00 m"
10-9,"Odaklı Yansı","Yay","koruyucu_isaret",1,1,1,1,1,1,1,1,1,1,"ön","ön",3200.00,"boss:Burn",2.20,1.35,0.19,0.20,0.60,0.00,0.00,"0/3 kare koşu","vuruş 1: 0,53s@boss1,85m/oyuncu0,35m; kalıp sonu: merkeze 2,20 m, başlangıçtan 0,80 m, kalıp simülasyonundan 0,00 m"
11-7,"Bulandırıcı Çağrı","Yay","sirt_saplama",1,1,1,1,1,1,1,1,1,1,"yerinde","yerinde",3600.00,"boss:Blind+Burn",3.00,1.35,0.33,0.32,0.73,0.00,0.00,"","vuruş 1: 0,60s@boss0,00m/oyuncu3,00m; kalıp sonu: merkeze 3,00 m, başlangıçtan 0,00 m, kalıp simülasyonundan 0,00 m"
11-8,"Yükselen Çağrı","Yay","dostu_yerden",1,1,1,1,1,1,1,1,1,1,"yan","yan",4008.00,"boss:Burn",2.96,1.35,0.80,0.78,1.20,0.00,0.00,"0/8 kare koşu","vuruş 1: 1,00s@boss2,82m/oyuncu0,95m; kalıp sonu: merkeze 2,99 m, başlangıçtan 0,91 m, kalıp simülasyonundan 0,00 m"
11-9,"Odaklı Çağrı","Yay","pesinden_av",1,1,1,1,1,1,1,1,1,1,"ön","ön",3592.00,"boss:Burn",2.53,1.35,2.47,2.44,2.87,0.00,0.00,"0/2 kare koşu","vuruş 1: 2,73s@boss0,00m/oyuncu2,53m; kalıp sonu: merkeze 2,53 m, başlangıçtan 0,47 m, kalıp simülasyonundan 0,00 m"
12-7,"Bulandırıcı Zaman","Yay","kum_saati",1,1,1,1,1,1,1,1,1,1,"yerinde","yerinde",5992.00,"boss:Blind+Slow+Burn, boss hız x0,70",3.00,1.35,0.67,0.62,1.07,0.00,0.00,"","vuruş 1: 0,53s@boss0,28m/oyuncu3,28m; kalıp sonu: merkeze 3,00 m, başlangıçtan 0,00 m, kalıp simülasyonundan 0,00 m"
12-8,"Yükselen Zaman","Yay","isik_sutunu",1,1,1,1,1,1,1,1,1,1,"yerinde","yerinde",4000.00,"boss:Burn, oyuncu:Haste, oyuncu hız x1,50",2.90,1.35,0.53,0.48,0.93,0.00,0.00,"","vuruş 1: 0,73s@boss2,92m/oyuncu0,00m; kalıp sonu: merkeze 2,90 m, başlangıçtan 0,10 m, kalıp simülasyonundan 0,00 m"
12-9,"Odaklı Zaman","Yay","isaret_patlamasi",1,1,1,1,1,1,1,1,1,1,"yerinde","yerinde",3600.00,"boss:Burn+Slow, boss hız x0,70",3.00,1.35,1.93,1.92,2.33,0.00,0.00,"","vuruş 1: 2,20s@boss0,00m/oyuncu3,00m; kalıp sonu: merkeze 3,00 m, başlangıçtan 0,00 m, kalıp simülasyonundan 0,00 m"
1-1,"Yoğun Vuruş","Büyü Kitabı","yukle_birak",1,1,1,1,1,1,1,1,1,1,"ön","ön",103800.00,"boss:Burn",1.50,1.35,0.53,0.52,0.87,0.00,0.00,"0/3 kare koşu","vuruş 1: 0,73s@boss0,38m/oyuncu1,53m; kalıp sonu: merkeze 1,50 m, başlangıçtan 1,50 m, kalıp simülasyonundan 0,00 m"
1-2,"Emici Vuruş","Büyü Kitabı","kan_ceken_pence",1,1,1,1,1,1,1,1,1,1,"yerinde","yerinde",77256.00,"boss:Burn, oyuncu +21622 can",1.35,1.35,0.38,0.38,0.71,0.00,0.00,"","vuruş 3: 0,40s@boss1,67m/oyuncu1,02m 0,53s@boss1,14m/oyuncu1,02m 0,66s@boss0,59m/oyuncu1,02m; kalıp sonu: merkeze 1,42 m, başlangıçtan 0,00 m, kalıp simülasyonundan 0,00 m, boss 1,58 m kaydı"
1-3,"Sıçrayan Vuruş","Büyü Kitabı","yan_yan_sekme",1,1,1,1,1,1,1,1,1,1,"geri","geri",81976.00,"boss:Burn",2.85,1.35,0.45,0.46,0.78,0.00,0.00,"0/7 kare koşu","vuruş 2: 0,40s@boss0,74m/oyuncu3,52m 0,73s@boss0,74m/oyuncu4,37m; kalıp sonu: merkeze 3,70 m, başlangıçtan 1,30 m, kalıp simülasyonundan 0,00 m"
1-4,"Sabit Vuruş","Büyü Kitabı","yere_cakilan",1,1,1,1,1,1,1,1,1,1,"yerinde","yerinde",83752.00,"boss:Burn",2.80,1.35,0.47,0.42,0.80,0.00,0.00,"","vuruş 1: 0,67s@boss2,81m/oyuncu0,00m; kalıp sonu: merkeze 2,80 m, başlangıçtan 0,20 m, kalıp simülasyonundan 0,00 m"
1-5,"Yayılan Vuruş","Büyü Kitabı","donen_kesik",1,1,1,1,1,1,1,1,1,1,"yerinde","yerinde",68800.00,"boss:Burn",3.00,1.35,0.60,0.55,0.93,0.00,0.00,"","vuruş 1: 0,53s@boss3,00m/oyuncu0,00m; kalıp sonu: merkeze 3,00 m, başlangıçtan 0,00 m, kalıp simülasyonundan 0,00 m"
1-6,"Bağlayıcı Vuruş","Büyü Kitabı","zincirli_firlatma",1,1,1,1,1,1,1,1,1,1,"ön","ön",101864.00,"boss:Root+Slow+Burn, boss hız x0,00",1.50,1.35,0.73,0.70,1.07,0.00,0.00,"2/4 kare koşu, ayak/gövde hız oranı 0,98","vuruş 2: 0,47s@boss0,45m/oyuncu3,45m 0,94s@boss0,47m/oyuncu1,28m; kalıp sonu: merkeze 1,50 m, başlangıçtan 1,50 m, kalıp simülasyonundan 0,00 m"
2-1,"Yoğun Şifa","Büyü Kitabı","tek_dokunus",1,1,1,1,1,1,1,1,1,1,"geri","geri",0.00,"oyuncu +68000 can",3.00,1.35,0.20,0.16,0.53,0.00,0.00,"0/3 kare koşu","vuruş 1: 0,40s@boss3,85m/oyuncu0,68m; kalıp sonu: merkeze 3,41 m, başlangıçtan 0,55 m, kalıp simülasyonundan 0,00 m, kalıp hedefi AllyDummy"
2-2,"Emici Şifa","Büyü Kitabı","uzaktan_emme",1,1,1,1,1,1,1,1,1,1,"yerinde","yerinde",53184.00,"oyuncu +84000 can, dost +28000 can",2.65,1.35,2.20,2.16,2.53,0.00,0.00,"","vuruş 4: 0,93s@boss0,19m/oyuncu2,72m 1,47s@boss0,10m/oyuncu2,72m 1,94s@boss0,02m/oyuncu2,72m 2,47s@boss0,07m/oyuncu2,72m; kalıp sonu: merkeze 2,65 m, başlangıçtan 0,35 m, kalıp simülasyonundan 0,00 m"
2-3,"Sıçrayan Şifa","Büyü Kitabı","dosttan_dosta",1,1,1,1,1,1,1,1,1,1,"yerinde","yerinde",0.00,"oyuncu +48000 can, dost +24000 can",3.00,1.35,0.60,0.54,0.93,0.00,0.00,"","vuruş 3: 0,47s@boss6,43m/oyuncu3,95m 0,53s@boss6,98m/oyuncu4,53m 0,73s@boss6,88m/oyuncu4,54m; kalıp sonu: merkeze 3,00 m, başlangıçtan 0,00 m, kalıp simülasyonundan 0,00 m, kalıp hedefi AllyDummy"
2-4,"Sabit Şifa","Büyü Kitabı","totem_dikme",1,1,1,1,1,1,1,1,1,1,"yerinde","yerinde",0.00,"oyuncu +68000 can",3.00,1.35,0.34,0.30,0.67,0.00,0.00,"","vuruş 1: 0,53s@boss3,10m/oyuncu0,00m; kalıp sonu: merkeze 3,11 m, başlangıçtan 0,15 m, kalıp simülasyonundan 0,00 m, kalıp hedefi AllyDummy"
2-5,"Yayılan Şifa","Büyü Kitabı","genisleyen_halka",1,1,1,1,1,1,1,1,1,1,"yerinde","yerinde",0.00,"oyuncu +68000 can",3.00,1.35,0.60,0.58,0.93,0.00,0.00,"","vuruş 1: 0,73s@boss3,00m/oyuncu0,00m; kalıp sonu: merkeze 3,00 m, başlangıçtan 0,00 m, kalıp simülasyonundan 0,00 m"
2-6,"Bağlayıcı Şifa","Büyü Kitabı","dostu_kanca",1,1,1,1,1,1,1,1,1,1,"geri","geri",0.00,"oyuncu +68000 can",3.00,1.35,0.53,0.52,0.87,0.00,0.00,"1/6 kare koşu, ayak/gövde hız oranı 1,03","vuruş 1: 0,73s@boss5,78m/oyuncu0,40m; kalıp sonu: merkeze 5,92 m, başlangıçtan 3,40 m, kalıp simülasyonundan 0,00 m, kalıp hedefi AllyDummy"
3-1,"Yoğun Adım","Büyü Kitabı","isinlan_kes",1,1,1,1,1,1,1,1,1,1,"arka","arka",3776.00,"boss:Burn",1.50,1.35,0.57,0.48,0.90,0.00,0.00,"0/1 kare koşu","vuruş 1: 0,73s@boss0,00m/oyuncu1,50m; kalıp sonu: merkeze 1,50 m, başlangıçtan 4,50 m, kalıp simülasyonundan 0,00 m; tek karede 4,50 m sıçrama (sınır 2,55 m @ 69 ms, t=0,67, faz isin, blink tasarım gereği)"
3-2,"Emici Adım","Büyü Kitabı","icinden_emme",1,1,1,1,1,1,1,1,1,1,"arka","arka",4376.00,"boss:Burn",0.20,1.35,0.33,0.28,0.67,0.00,0.00,"1/5 kare koşu, ayak/gövde hız oranı 0,96","vuruş 1: 0,47s@boss0,24m/oyuncu1,36m; kalıp sonu: merkeze 2,61 m, başlangıçtan 5,25 m, kalıp simülasyonundan 0,40 m, boss 0,36 m kaydı; gövdeye girdi: merkeze 0,20 m (t=0,40, temas 1,35) geçiş tasarım gereği"
3-3,"Sıçrayan Adım","Büyü Kitabı","sekmeli_ziplama",1,1,1,1,1,1,1,1,1,1,"arka","arka",6008.00,"boss:Burn",1.50,1.35,0.67,0.60,1.00,0.00,0.00,"0/9 kare koşu","vuruş 3: 0,47s@boss1,80m/oyuncu0,00m 0,67s@boss1,50m/oyuncu0,00m 0,87s@boss1,50m/oyuncu0,00m; kalıp sonu: merkeze 1,50 m, başlangıçtan 4,50 m, kalıp simülasyonundan 0,00 m"
3-4,"Sabit Adım","Büyü Kitabı","geri_sarma",1,1,1,1,1,1,1,1,1,1,"başlangıç","başlangıç",0.00,"",1.50,1.35,2.67,2.66,3.00,0.00,0.00,"2/9 kare koşu, ayak/gövde hız oranı 0,92","hasarsız skill (base_damage 0): etki hareketin kendisi; kalıp sonu: merkeze 3,00 m, başlangıçtan 0,00 m, kalıp simülasyonundan 0,00 m"
3-5,"Yayılan Adım","Büyü Kitabı","dalis_patlamasi",1,1,1,1,1,1,1,1,1,1,"ön","ön",4424.00,"boss:Burn",1.50,1.35,0.47,0.42,0.80,0.00,0.00,"0/4 kare koşu","vuruş 1: 0,60s@boss1,50m/oyuncu0,00m; kalıp sonu: merkeze 1,50 m, başlangıçtan 1,50 m, kalıp simülasyonundan 0,00 m"
3-6,"Bağlayıcı Adım","Büyü Kitabı","kanca_cekis",1,1,1,1,1,1,1,1,1,1,"arka","arka",4408.00,"boss:Root+Slow+Burn, boss hız x0,00",1.50,1.35,0.80,0.74,1.13,0.00,0.00,"1/10 kare koşu, ayak/gövde hız oranı 1,02","vuruş 1: 0,93s@boss0,00m/oyuncu1,50m; kalıp sonu: merkeze 1,50 m, başlangıçtan 4,50 m, kalıp simülasyonundan 0,00 m"
4-1,"Yoğun Kalkan","Büyü Kitabı","tam_zamanli",1,1,1,1,1,1,1,1,1,1,"yerinde","yerinde",0.00,"",3.00,1.35,0.53,0.50,0.86,0.00,0.00,"","hasarsız skill (base_damage 0): etki hareketin kendisi; vuruş 1: 0,67s@boss0,62m/oyuncu2,38m; kalıp sonu: merkeze 3,00 m, başlangıçtan 0,00 m, kalıp simülasyonundan 0,00 m"
4-2,"Emici Kalkan","Büyü Kitabı","kalkan_calma",1,1,1,1,1,1,1,1,1,1,"yerinde","yerinde",76000.00,"",1.35,1.35,0.20,0.20,0.53,0.00,0.00,"","vuruş 1: 0,40s@boss1,45m/oyuncu1,28m; kalıp sonu: merkeze 2,18 m, başlangıçtan 0,00 m, kalıp simülasyonundan 0,00 m, boss 0,82 m kaydı"
4-3,"Sıçrayan Kalkan","Büyü Kitabı","seken_disk",1,1,1,1,1,1,1,1,1,1,"yerinde","yerinde",0.00,"",3.00,1.35,0.47,0.42,0.80,0.00,0.00,"","hasarsız skill (base_damage 0): etki hareketin kendisi; vuruş 2: 0,47s@boss0,30m/oyuncu3,30m 0,60s@boss3,04m/oyuncu1,43m; kalıp sonu: merkeze 3,00 m, başlangıçtan 0,00 m, kalıp simülasyonundan 0,00 m"
5-1,"Yoğun Patlama","Büyü Kitabı","saplanan_fitil",1,1,1,1,1,1,1,1,1,1,"geri","geri",73360.00,"boss:Burn",2.37,1.35,1.69,1.62,2.02,0.00,0.00,"1/6 kare koşu, ayak/gövde hız oranı 1,02","vuruş 2: 0,40s@boss0,85m/oyuncu1,52m 1,89s@boss0,85m/oyuncu2,95m; kalıp sonu: merkeze 3,80 m, başlangıçtan 0,80 m, kalıp simülasyonundan 0,00 m"
5-2,"Emici Patlama","Büyü Kitabı","ceken_girdap",1,1,1,1,1,1,1,1,1,1,"yerinde","yerinde",59224.00,"boss:Burn, oyuncu +15604 can",1.35,1.35,1.34,1.32,1.67,0.00,0.00,"","vuruş 3: 1,00s@boss0,00m/oyuncu1,35m 1,47s@boss0,00m/oyuncu1,35m 1,53s@boss0,00m/oyuncu1,35m; kalıp sonu: merkeze 1,35 m, başlangıçtan 0,00 m, kalıp simülasyonundan 0,00 m, boss 1,65 m kaydı"
5-3,"Sıçrayan Patlama","Büyü Kitabı","seken_bomba",1,1,1,1,1,1,1,1,1,1,"yerinde","yerinde",60152.00,"boss:Burn",3.00,1.35,0.60,0.58,0.93,0.00,0.00,"","vuruş 3: 0,47s@boss0,40m/oyuncu3,40m 0,60s@boss0,00m/oyuncu3,00m 0,80s@boss0,35m/oyuncu3,02m; kalıp sonu: merkeze 3,00 m, başlangıçtan 0,00 m, kalıp simülasyonundan 0,00 m"
6-1,"Yoğun Bağ","Büyü Kitabı","sinir_noktasi",1,1,1,1,1,1,1,1,1,1,"ön","ön",24064.00,"boss:Burn+Stun, boss hız x0,00",1.50,1.35,0.40,0.34,0.73,0.00,0.00,"0/4 kare koşu","vuruş 1: 0,60s@boss0,91m/oyuncu0,59m; kalıp sonu: merkeze 1,50 m, başlangıçtan 1,50 m, kalıp simülasyonundan 0,00 m"
6-2,"Emici Bağ","Büyü Kitabı","bossu_cek",1,1,1,1,1,1,1,1,1,1,"geri","geri",18944.00,"boss:Burn+Root, boss hız x0,00, oyuncu +4360 can",1.35,1.35,0.47,0.44,0.80,0.00,0.00,"2/5 kare koşu, ayak/gövde hız oranı 1,02","vuruş 1: 0,60s@boss1,54m/oyuncu1,36m; kalıp sonu: merkeze 2,66 m, başlangıçtan 1,60 m, kalıp simülasyonundan 0,00 m, boss 1,94 m kaydı"
6-3,"Sıçrayan Bağ","Büyü Kitabı","basip_sekme",1,1,1,1,1,1,1,1,1,1,"başlangıç","başlangıç",20528.00,"boss:Burn+Root, boss hız x0,00",1.67,1.35,0.53,0.52,0.87,0.00,0.00,"0/7 kare koşu","vuruş 1: 0,60s@boss1,50m/oyuncu0,26m; kalıp sonu: merkeze 3,20 m, başlangıçtan 0,20 m, kalıp simülasyonundan 0,00 m"
1-7,"Bulandırıcı Vuruş","Büyü Kitabı","dumandan_cikis",1,1,1,1,1,1,1,1,1,1,"ön","ön",77712.00,"boss:Blind+Burn",1.50,1.35,0.53,0.48,0.87,0.00,0.00,"0/4 kare koşu","vuruş 1: 0,67s@boss0,73m/oyuncu1,36m; kalıp sonu: merkeze 1,50 m, başlangıçtan 1,50 m, kalıp simülasyonundan 0,00 m"
1-8,"Yükselen Vuruş","Büyü Kitabı","havaya_kaldirma",1,1,1,1,1,1,1,1,1,1,"ön","ön",87624.00,"boss:Burn+Stun, boss hız x0,00",1.90,1.35,0.40,0.34,0.73,0.00,0.00,"0/5 kare koşu","vuruş 1: 0,47s@boss1,08m/oyuncu1,28m; kalıp sonu: merkeze 1,90 m, başlangıçtan 1,10 m, kalıp simülasyonundan 0,00 m"
1-9,"Odaklı Vuruş","Büyü Kitabı","isarete_vur",1,1,1,1,1,1,1,1,1,1,"ön","ön",200928.00,"boss:Burn",1.65,1.35,0.40,0.38,0.74,0.00,0.00,"0/2 kare koşu","vuruş 1: 0,59s@boss0,76m/oyuncu1,28m; kalıp sonu: merkeze 1,65 m, başlangıçtan 1,35 m, kalıp simülasyonundan 0,00 m"
2-7,"Bulandırıcı Şifa","Büyü Kitabı","sis_ortusu",1,1,1,1,1,1,1,1,1,1,"yerinde","yerinde",0.00,"oyuncu +68000 can",3.00,1.35,0.33,0.30,0.67,0.00,0.00,"","vuruş 1: 0,47s@boss0,00m/oyuncu3,00m; kalıp sonu: merkeze 3,00 m, başlangıçtan 0,00 m, kalıp simülasyonundan 0,00 m"
2-8,"Yükselen Şifa","Büyü Kitabı","yerden_buyuyen",1,1,1,1,1,1,1,1,1,1,"yerinde","yerinde",0.00,"oyuncu +68000 can",3.00,1.35,0.46,0.42,0.80,0.00,0.00,"","vuruş 1: 0,60s@boss6,98m/oyuncu4,33m; kalıp sonu: merkeze 3,18 m, başlangıçtan 0,25 m, kalıp simülasyonundan 0,00 m, kalıp hedefi AllyDummy"
2-9,"Odaklı Şifa","Büyü Kitabı","koruyucu_isaret",1,0,1,1,1,1,1,1,1,0,"geri","geri",0.00,"",3.00,1.35,0.20,0.20,0.53,0.00,0.00,"0/3 kare koşu","hasar yok, etki görülmedi; vuruş 1: 0,47s@boss3,90m/oyuncu0,35m; kalıp sonu: merkeze 3,61 m, başlangıçtan 0,80 m, kalıp simülasyonundan 0,00 m, kalıp hedefi AllyDummy"
3-7,"Bulandırıcı Adım","Büyü Kitabı","duman_kaybolma",1,1,1,1,1,1,1,1,1,1,"ön","ön",6024.00,"boss:Blind+Burn, oyuncu:Stealth",1.50,1.35,0.60,0.59,0.93,0.00,0.00,"0/2 kare koşu","vuruş 1: 0,47s@boss1,50m/oyuncu0,00m; kalıp sonu: merkeze 1,50 m, başlangıçtan 1,50 m, kalıp simülasyonundan 0,00 m"
3-8,"Yükselen Adım","Büyü Kitabı","sicrayip_cakilma",1,1,1,1,1,1,1,1,1,1,"ön","ön",3992.00,"boss:Burn, oyuncu:Haste, oyuncu hız x1,10",1.50,1.35,0.86,0.82,1.20,0.00,0.00,"0/5 kare koşu","vuruş 1: 1,07s@boss1,50m/oyuncu0,00m; kalıp sonu: merkeze 1,50 m, başlangıçtan 1,50 m, kalıp simülasyonundan 0,00 m"
3-9,"Odaklı Adım","Büyü Kitabı","isinlan_kes",1,1,1,1,1,1,1,1,1,1,"arka","arka",4040.00,"boss:Burn",1.50,1.35,0.53,0.48,0.86,0.00,0.00,"0/1 kare koşu","vuruş 1: 0,73s@boss0,00m/oyuncu1,50m; kalıp sonu: merkeze 1,50 m, başlangıçtan 4,50 m, kalıp simülasyonundan 0,00 m; tek karede 4,50 m sıçrama (sınır 2,43 m @ 66 ms, t=0,67, faz isin, blink tasarım gereği)"
7-1,"Yoğun Zafiyet","Büyü Kitabı","diken_firlatma",1,1,1,1,1,1,1,1,1,1,"yerinde","yerinde",37440.00,"boss:Burn",3.00,1.35,0.34,0.40,0.69,0.00,0.00,"","vuruş 1: 0,56s@boss0,30m/oyuncu3,30m; kalıp sonu: merkeze 3,00 m, başlangıçtan 0,00 m, kalıp simülasyonundan 0,00 m"
7-2,"Emici Zafiyet","Büyü Kitabı","sokup_cekme",1,1,1,1,1,1,1,1,1,1,"geri","geri",18104.00,"boss:Burn, oyuncu +3704 can",1.35,1.35,0.47,0.44,0.80,0.00,0.00,"1/4 kare koşu, ayak/gövde hız oranı 1,00","vuruş 2: 0,47s@boss0,35m/oyuncu2,89m 0,60s@boss1,46m/oyuncu1,19m; kalıp sonu: merkeze 2,37 m, başlangıçtan 1,30 m, kalıp simülasyonundan 0,00 m, boss 1,93 m kaydı"
7-3,"Sıçrayan Zafiyet","Büyü Kitabı","seken_yaratik",1,1,1,1,1,1,1,1,1,1,"yerinde","yerinde",20232.00,"boss:Burn",3.00,1.35,0.66,0.64,1.00,0.00,0.00,"","vuruş 3: 0,53s@boss0,00m/oyuncu3,00m 0,73s@boss0,35m/oyuncu3,02m 0,86s@boss0,35m/oyuncu3,02m; kalıp sonu: merkeze 3,00 m, başlangıçtan 0,00 m, kalıp simülasyonundan 0,00 m"
8-1,"Yoğun Yükseliş","Büyü Kitabı","kuculten_kapi",1,1,1,1,1,1,1,1,1,1,"yerinde","yerinde",0.00,"",3.00,1.35,0.33,0.28,0.67,0.00,0.00,"","hasarsız skill (base_damage 0): etki hareketin kendisi; vuruş 1: 0,47s@boss0,62m/oyuncu2,38m; kalıp sonu: merkeze 3,00 m, başlangıçtan 0,00 m, kalıp simülasyonundan 0,00 m"
8-2,"Emici Yükseliş","Büyü Kitabı","kan_muhru",1,1,1,1,1,1,1,1,1,1,"yerinde","yerinde",0.00,"",3.00,1.35,0.33,0.32,0.67,0.00,0.00,"","hasarsız skill (base_damage 0): etki hareketin kendisi; vuruş 1: 0,46s@boss3,00m/oyuncu0,00m; kalıp sonu: merkeze 3,00 m, başlangıçtan 0,00 m, kalıp simülasyonundan 0,00 m"
8-3,"Sıçrayan Yükseliş","Büyü Kitabı","pas_verme",1,1,1,1,1,1,1,1,1,1,"yerinde","yerinde",0.00,"",3.00,1.35,0.27,0.24,0.61,0.00,0.00,"","hasarsız skill (base_damage 0): etki hareketin kendisi; vuruş 1: 0,54s@boss6,38m/oyuncu3,90m; kalıp sonu: merkeze 3,00 m, başlangıçtan 0,00 m, kalıp simülasyonundan 0,00 m, kalıp hedefi AllyDummy"
9-1,"Yoğun Arınma","Büyü Kitabı","tek_dokunus",1,1,1,1,1,1,1,1,1,1,"geri","geri",0.00,"oyuncu +16000 can",3.00,1.35,0.20,0.16,0.53,0.00,0.00,"0/2 kare koşu","vuruş 1: 0,40s@boss3,88m/oyuncu0,68m; kalıp sonu: merkeze 3,41 m, başlangıçtan 0,55 m, kalıp simülasyonundan 0,00 m, kalıp hedefi AllyDummy"
9-2,"Emici Arınma","Büyü Kitabı","cekip_firlat",1,1,1,1,1,1,1,1,1,1,"yerinde","yerinde",0.00,"oyuncu +8000 can, dost +8000 can",3.00,1.35,0.53,0.50,0.87,0.00,0.00,"","vuruş 2: 0,47s@boss2,65m/oyuncu0,35m 0,80s@boss0,30m/oyuncu3,30m; kalıp sonu: merkeze 3,00 m, başlangıçtan 0,00 m, kalıp simülasyonundan 0,00 m"
9-3,"Sıçrayan Arınma","Büyü Kitabı","dosttan_dosta",1,1,1,1,1,1,1,1,1,1,"yerinde","yerinde",0.00,"oyuncu +8000 can, dost +4000 can",3.00,1.35,0.60,0.54,0.94,0.00,0.00,"","vuruş 3: 0,47s@boss6,43m/oyuncu3,95m 0,54s@boss6,98m/oyuncu4,53m 0,73s@boss6,88m/oyuncu4,54m; kalıp sonu: merkeze 3,00 m, başlangıçtan 0,00 m, kalıp simülasyonundan 0,00 m, kalıp hedefi AllyDummy"
1-10,"Aynalı Vuruş","Büyü Kitabı","sirtta_kapi",1,1,1,1,1,1,1,1,1,1,"ön","ön",8684696.00,"boss:Burn",1.80,1.35,0.32,0.32,0.67,0.00,0.00,"0/3 kare koşu","vuruş 2: 0,40s@boss0,92m/oyuncu1,19m 0,53s@boss0,55m/oyuncu2,35m; kalıp sonu: merkeze 1,80 m, başlangıçtan 1,20 m, kalıp simülasyonundan 0,00 m"
1-11,"Kopya Vuruş","Büyü Kitabı","golge_yankisi",1,1,1,1,1,1,1,1,1,1,"ön","ön",81168.00,"boss:Burn",2.10,1.35,0.53,0.50,0.87,0.00,0.00,"1/3 kare koşu, ayak/gövde hız oranı 1,02","vuruş 2: 0,40s@boss1,11m/oyuncu1,15m 0,73s@boss1,95m/oyuncu1,39m; kalıp sonu: merkeze 2,10 m, başlangıçtan 0,90 m, kalıp simülasyonundan 0,00 m"
1-12,"Akan Vuruş","Büyü Kitabı","basili_seri",1,1,1,1,1,1,1,1,1,1,"ön","ön",73592.00,"boss:Burn",1.60,1.35,3.06,3.00,3.39,0.00,0.00,"","vuruş 6: 0,53s@boss1,73m/oyuncu1,15m 1,07s@boss1,48m/oyuncu1,15m 1,53s@boss1,26m/oyuncu1,15m 2,06s@boss1,01m/oyuncu1,15m 2,53s@boss0,80m/oyuncu1,15m 3,06s@boss0,55m/oyuncu1,15m; kalıp sonu: merkeze 1,60 m, başlangıçtan 1,40 m, kalıp simülasyonundan 0,00 m"
2-10,"Aynalı Şifa","Büyü Kitabı","ters_es",1,1,1,1,1,1,1,1,1,1,"yerinde","yerinde",16800.00,"oyuncu +112000 can",3.00,1.35,0.45,0.44,0.84,0.00,0.00,"","vuruş 2: 0,52s@boss2,60m/oyuncu0,40m 0,70s@boss0,00m/oyuncu3,00m; kalıp sonu: merkeze 3,00 m, başlangıçtan 0,00 m, kalıp simülasyonundan 0,00 m"
2-11,"Kopya Şifa","Büyü Kitabı","golge_ulak",1,1,1,1,1,1,1,1,1,1,"yan","yan",0.00,"oyuncu +40000 can, dost +28000 can",2.43,1.35,1.40,1.36,1.73,0.00,0.00,"1/3 kare koşu, ayak/gövde hız oranı 1,00","vuruş 2: 0,40s@boss3,26m/oyuncu0,35m 1,60s@boss3,05m/oyuncu1,46m; kalıp sonu: merkeze 2,43 m, başlangıçtan 1,41 m, kalıp simülasyonundan 0,00 m, kalıp hedefi AllyDummy"
2-12,"Akan Şifa","Büyü Kitabı","basili_isik",1,1,1,1,1,1,1,1,1,1,"geri","geri",0.00,"oyuncu +60000 can, dost +12000 can",3.00,1.35,3.07,3.00,3.40,0.00,0.00,"","vuruş 6: 0,53s@boss5,38m/oyuncu2,72m 1,07s@boss5,58m/oyuncu2,72m 1,53s@boss5,75m/oyuncu2,72m 2,07s@boss5,95m/oyuncu2,72m 2,53s@boss6,13m/oyuncu2,72m 3,07s@boss6,33m/oyuncu2,72m; kalıp sonu: merkeze 3,94 m, başlangıçtan 1,20 m, kalıp simülasyonundan 0,00 m, kalıp hedefi AllyDummy"
3-10,"Aynalı Adım","Büyü Kitabı","iki_kapi",1,1,1,1,1,1,1,1,1,1,"ön","ön",6424.00,"boss:Burn",1.50,1.35,0.60,0.54,0.91,0.00,0.00,"0/4 kare koşu","vuruş 2: 0,39s@boss3,00m/oyuncu0,08m 0,73s@boss1,50m/oyuncu0,00m; kalıp sonu: merkeze 1,50 m, başlangıçtan 1,50 m, kalıp simülasyonundan 0,00 m"
3-11,"Kopya Adım","Büyü Kitabı","yem_kac",1,1,1,1,1,1,1,1,1,1,"geri","geri",5736.00,"boss:Burn",3.00,1.35,0.42,0.40,0.75,0.00,0.00,"1/5 kare koşu, ayak/gövde hız oranı 1,01","vuruş 1: 0,33s@boss3,00m/oyuncu0,00m; kalıp sonu: merkeze 5,80 m, başlangıçtan 2,80 m, kalıp simülasyonundan 0,00 m"
3-12,"Akan Adım","Büyü Kitabı","suzulme",1,1,1,1,1,1,1,1,1,1,"ön","ön",0.00,"",1.90,1.35,3.07,3.00,3.40,0.00,0.00,"","hasarsız skill (base_damage 0): etki hareketin kendisi; kalıp sonu: merkeze 1,90 m, başlangıçtan 1,10 m, kalıp simülasyonundan 0,00 m"
10-1,"Yoğun Yansı","Büyü Kitabı","tam_zamanli",1,1,1,1,1,1,1,1,1,1,"yerinde","yerinde",4400.00,"boss:Burn",3.00,1.35,0.53,0.50,0.87,0.00,0.00,"","vuruş 1: 0,67s@boss0,62m/oyuncu2,38m; kalıp sonu: merkeze 3,00 m, başlangıçtan 0,00 m, kalıp simülasyonundan 0,00 m"
10-2,"Emici Yansı","Büyü Kitabı","yutan_girdap",1,1,1,1,1,1,1,1,1,1,"yerinde","yerinde",17432.00,"boss:Burn",1.35,1.35,3.23,3.18,3.57,0.00,0.00,"","vuruş 4: 1,20s@boss1,03m/oyuncu2,38m 2,00s@boss1,03m/oyuncu2,38m 2,70s@boss1,03m/oyuncu2,38m 3,50s@boss1,03m/oyuncu2,38m; kalıp sonu: merkeze 1,35 m, başlangıçtan 0,00 m, kalıp simülasyonundan 0,00 m, boss 1,65 m kaydı"
10-3,"Sıçrayan Yansı","Büyü Kitabı","seken_geri",1,1,1,1,1,1,1,1,1,1,"ön","ön",5184.00,"boss:Burn",1.90,1.35,0.40,0.36,0.73,0.00,0.00,"0/3 kare koşu","vuruş 2: 0,40s@boss0,54m/oyuncu1,53m 0,53s@boss0,00m/oyuncu1,90m; kalıp sonu: merkeze 1,90 m, başlangıçtan 1,10 m, kalıp simülasyonundan 0,00 m"
10-10,"Aynalı Yansı","Büyü Kitabı","iki_kapi",1,1,1,1,1,1,1,1,1,1,"ön","ön",6408.00,"boss:Burn",1.50,1.35,0.60,0.54,0.93,0.00,0.00,"0/4 kare koşu","vuruş 2: 0,33s@boss3,00m/oyuncu0,00m 0,73s@boss1,50m/oyuncu0,00m; kalıp sonu: merkeze 1,50 m, başlangıçtan 1,50 m, kalıp simülasyonundan 0,00 m"
10-11,"Kopya Yansı","Büyü Kitabı","yem_kopya",1,1,1,1,1,1,1,1,1,1,"yerinde","yerinde",4392.00,"boss:Burn",3.00,1.35,0.27,0.24,0.60,0.00,0.00,"","vuruş 1: 0,40s@boss2,98m/oyuncu1,29m; kalıp sonu: merkeze 3,00 m, başlangıçtan 0,00 m, kalıp simülasyonundan 0,00 m"
10-12,"Akan Yansı","Büyü Kitabı","basili_siper",1,1,1,1,1,1,1,1,1,1,"ön","ön",16824.00,"boss:Burn",2.20,1.35,3.00,3.00,3.33,0.00,0.00,"","vuruş 3: 1,07s@boss0,41m/oyuncu2,38m 2,07s@boss0,14m/oyuncu2,38m 3,07s@boss0,13m/oyuncu2,38m; kalıp sonu: merkeze 2,20 m, başlangıçtan 0,80 m, kalıp simülasyonundan 0,00 m"
11-1,"Yoğun Çağrı","Büyü Kitabı","sirt_saplama",1,1,1,1,1,1,1,1,1,1,"ön","ön",3992.00,"boss:Burn",2.19,1.35,0.47,0.44,0.80,0.00,0.00,"0/2 kare koşu","vuruş 1: 0,67s@boss0,00m/oyuncu2,19m; kalıp sonu: merkeze 2,19 m, başlangıçtan 0,81 m, kalıp simülasyonundan 0,00 m"
11-2,"Emici Çağrı","Büyü Kitabı","yapisan",1,1,1,1,1,1,1,1,1,1,"yerinde","yerinde",24256.00,"boss:Burn",1.35,1.35,5.24,5.18,5.57,0.00,0.00,"","vuruş 6: 0,47s@boss0,20m/oyuncu2,65m 1,47s@boss0,00m/oyuncu1,35m 2,51s@boss0,00m/oyuncu1,35m 3,50s@boss0,00m/oyuncu1,35m 4,51s@boss0,00m/oyuncu1,35m 5,50s@boss0,00m/oyuncu1,35m; kalıp sonu: merkeze 1,35 m, başlangıçtan 0,00 m, kalıp simülasyonundan 0,00 m, boss 1,65 m kaydı"
11-3,"Sıçrayan Çağrı","Büyü Kitabı","seken_yaratik",1,1,1,1,1,1,1,1,1,1,"yerinde","yerinde",5992.00,"boss:Burn",3.00,1.35,0.66,0.64,1.00,0.00,0.00,"","vuruş 3: 0,53s@boss0,00m/oyuncu3,00m 0,73s@boss0,35m/oyuncu3,02m 0,87s@boss0,35m/oyuncu3,02m; kalıp sonu: merkeze 3,00 m, başlangıçtan 0,00 m, kalıp simülasyonundan 0,00 m"
11-10,"Aynalı Çağrı","Büyü Kitabı","takim_kapisi",1,1,1,1,1,1,1,1,1,1,"yerinde","yerinde",10408.00,"boss:Burn",2.88,1.35,1.40,1.36,1.73,0.00,0.00,"","vuruş 1: 0,53s@boss2,88m/oyuncu0,00m; kalıp sonu: merkeze 2,88 m, başlangıçtan 0,12 m, kalıp simülasyonundan 0,00 m"
11-11,"Kopya Çağrı","Büyü Kitabı","ayna_klonlar",1,1,1,1,1,1,1,1,1,1,"yerinde","yerinde",5168.00,"boss:Burn",2.88,1.35,0.67,0.62,1.00,0.00,0.00,"","vuruş 2: 0,67s@boss2,82m/oyuncu1,41m 0,80s@boss2,82m/oyuncu1,41m; kalıp sonu: merkeze 2,88 m, başlangıçtan 0,12 m, kalıp simülasyonundan 0,00 m"
11-12,"Akan Çağrı","Büyü Kitabı","kapidan_akin",1,1,1,1,1,1,1,1,1,1,"yerinde","yerinde",22784.00,"boss:Burn",2.88,1.35,4.33,4.32,4.67,0.00,0.00,"","vuruş 6: 0,60s@boss0,85m/oyuncu2,03m 1,40s@boss0,00m/oyuncu2,88m 2,20s@boss0,00m/oyuncu2,88m 3,00s@boss0,00m/oyuncu2,88m 3,80s@boss0,00m/oyuncu2,88m 4,60s@boss0,00m/oyuncu2,88m; kalıp sonu: merkeze 2,88 m, başlangıçtan 0,12 m, kalıp simülasyonundan 0,00 m"
12-1,"Yoğun Zaman","Büyü Kitabı","zamanli_donma",1,1,1,1,1,1,1,1,1,1,"ön","ön",4024.00,"boss:Burn+Slow, boss hız x0,70",1.50,1.35,0.53,0.50,0.87,0.00,0.00,"0/3 kare koşu","vuruş 1: 0,73s@boss0,55m/oyuncu1,28m; kalıp sonu: merkeze 1,50 m, başlangıçtan 1,50 m, kalıp simülasyonundan 0,00 m"
12-2,"Emici Zaman","Büyü Kitabı","ceken_girdap",1,1,1,1,1,1,1,1,1,1,"yerinde","yerinde",7248.00,"boss:Burn+Slow, oyuncu:Haste, boss hız x0,70, oyuncu hız x1,30",1.35,1.35,1.35,1.32,1.67,0.00,0.00,"","vuruş 3: 1,01s@boss0,00m/oyuncu1,35m 1,49s@boss0,00m/oyuncu1,35m 1,53s@boss0,00m/oyuncu1,35m; kalıp sonu: merkeze 1,35 m, başlangıçtan 0,00 m, kalıp simülasyonundan 0,00 m, boss 1,65 m kaydı"
12-3,"Sıçrayan Zaman","Büyü Kitabı","geri_donen_kure",1,1,1,1,1,1,1,1,1,1,"yerinde","yerinde",5560.00,"boss:Burn+Slow, boss hız x0,70",3.00,1.35,0.53,0.50,0.87,0.00,0.00,"","vuruş 2: 0,47s@boss0,30m/oyuncu3,30m 0,73s@boss0,96m/oyuncu2,04m; kalıp sonu: merkeze 3,00 m, başlangıçtan 0,00 m, kalıp simülasyonundan 0,00 m"
12-10,"Aynalı Zaman","Büyü Kitabı","boss_geri",1,1,1,1,1,1,1,1,1,1,"yerinde","yerinde",5200.00,"boss:Burn+Slow, boss hız x0,70",3.00,1.35,0.47,0.46,0.80,0.00,0.00,"","vuruş 1: 0,47s@boss0,30m/oyuncu3,30m; kalıp sonu: merkeze 3,00 m, başlangıçtan 0,00 m, kalıp simülasyonundan 0,00 m"
12-11,"Kopya Zaman","Büyü Kitabı","geri_sarma",1,1,1,1,1,1,1,1,1,1,"başlangıç","başlangıç",0.00,"",1.50,1.35,2.67,2.66,3.00,0.00,0.00,"2/9 kare koşu, ayak/gövde hız oranı 0,92","hasarsız skill (base_damage 0): etki hareketin kendisi; kalıp sonu: merkeze 3,00 m, başlangıçtan 0,00 m, kalıp simülasyonundan 0,00 m"
12-12,"Akan Zaman","Büyü Kitabı","yuruyen_balon",1,1,1,1,1,1,1,1,1,1,"ön","ön",24080.00,"boss:Slow+Burn, boss hız x0,70",1.80,1.35,4.21,4.20,4.54,0.00,0.00,"","vuruş 5: 0,40s@boss3,00m/oyuncu0,00m 1,47s@boss2,70m/oyuncu0,00m 2,53s@boss2,38m/oyuncu0,00m 3,47s@boss2,10m/oyuncu0,00m 4,47s@boss1,80m/oyuncu0,00m; kalıp sonu: merkeze 1,80 m, başlangıçtan 1,20 m, kalıp simülasyonundan 0,00 m"
4-4,"Sabit Kalkan","Büyü Kitabı","duvar_dikme",1,1,1,1,1,1,1,1,1,1,"yerinde","yerinde",0.00,"",3.00,1.35,0.40,0.32,0.75,0.00,0.00,"","hasarsız skill (base_damage 0): etki hareketin kendisi; vuruş 1: 0,55s@boss0,62m/oyuncu2,38m; kalıp sonu: merkeze 3,00 m, başlangıçtan 0,00 m, kalıp simülasyonundan 0,00 m"
4-5,"Yayılan Kalkan","Büyü Kitabı","onde_yelpaze",1,1,1,1,1,1,1,1,1,1,"yerinde","yerinde",0.00,"",3.00,1.35,0.66,0.63,1.00,0.00,0.00,"","hasarsız skill (base_damage 0): etki hareketin kendisi; vuruş 1: 0,73s@boss1,88m/oyuncu1,12m; kalıp sonu: merkeze 3,00 m, başlangıçtan 0,00 m, kalıp simülasyonundan 0,00 m"
4-6,"Bağlayıcı Kalkan","Büyü Kitabı","zincirli_firlatma",1,1,1,1,1,1,1,1,1,1,"ön","ön",0.00,"",1.50,1.35,0.74,0.70,1.07,0.00,0.00,"2/4 kare koşu, ayak/gövde hız oranı 0,98","hasarsız skill (base_damage 0): etki hareketin kendisi; vuruş 2: 0,47s@boss0,45m/oyuncu3,45m 0,93s@boss0,47m/oyuncu1,28m; kalıp sonu: merkeze 1,50 m, başlangıçtan 1,50 m, kalıp simülasyonundan 0,00 m"
4-7,"Bulandırıcı Kalkan","Büyü Kitabı","duman_duvari",1,1,1,1,1,1,1,1,1,1,"yerinde","yerinde",0.00,"",2.80,1.35,0.54,0.52,0.87,0.00,0.00,"","hasarsız skill (base_damage 0): etki hareketin kendisi; vuruş 1: 0,47s@boss0,42m/oyuncu2,38m; kalıp sonu: merkeze 2,80 m, başlangıçtan 0,20 m, kalıp simülasyonundan 0,00 m"
4-8,"Yükselen Kalkan","Büyü Kitabı","yerden_buyuyen",1,1,1,1,1,1,1,1,1,1,"yerinde","yerinde",0.00,"",3.00,1.35,0.47,0.42,0.80,0.00,0.00,"","hasarsız skill (base_damage 0): etki hareketin kendisi; vuruş 1: 0,60s@boss6,98m/oyuncu4,33m; kalıp sonu: merkeze 3,18 m, başlangıçtan 0,25 m, kalıp simülasyonundan 0,00 m, kalıp hedefi AllyDummy"
4-9,"Odaklı Kalkan","Büyü Kitabı","koruyucu_isaret",1,1,1,1,1,1,1,1,1,1,"geri","geri",0.00,"",3.00,1.35,0.20,0.20,0.53,0.00,0.00,"0/3 kare koşu","hasarsız skill (base_damage 0): etki hareketin kendisi; vuruş 1: 0,47s@boss3,90m/oyuncu0,35m; kalıp sonu: merkeze 3,61 m, başlangıçtan 0,80 m, kalıp simülasyonundan 0,00 m, kalıp hedefi AllyDummy"
5-4,"Sabit Patlama","Büyü Kitabı","mayin_cakma",1,1,1,1,1,1,1,1,1,1,"yerinde","yerinde",59256.00,"boss:Burn",3.00,1.35,0.46,0.42,0.80,0.00,0.00,"","vuruş 2: 0,53s@boss0,85m/oyuncu2,15m 0,60s@boss0,85m/oyuncu2,15m; kalıp sonu: merkeze 3,00 m, başlangıçtan 0,00 m, kalıp simülasyonundan 0,00 m"
5-5,"Yayılan Patlama","Büyü Kitabı","yer_yarigi",1,1,1,1,1,1,1,1,1,1,"ön","ön",58872.00,"boss:Burn",1.50,1.35,0.60,0.56,0.94,0.00,0.00,"0/8 kare koşu","vuruş 3: 0,60s@boss0,25m/oyuncu1,27m 0,67s@boss0,14m/oyuncu1,36m 0,80s@boss0,22m/oyuncu1,28m; kalıp sonu: merkeze 1,50 m, başlangıçtan 2,07 m, kalıp simülasyonundan 0,00 m"
5-6,"Bağlayıcı Patlama","Büyü Kitabı","gerilip_kopan",1,1,1,1,1,1,1,1,1,1,"geri","geri",87696.00,"boss:Root+Slow+Burn, boss hız x0,00",1.35,1.35,0.60,0.58,0.93,0.00,0.00,"0/6 kare koşu","vuruş 2: 0,47s@boss0,85m/oyuncu1,10m 0,80s@boss0,85m/oyuncu2,65m; kalıp sonu: merkeze 2,78 m, başlangıçtan 0,50 m, kalıp simülasyonundan 0,00 m, boss 0,72 m kaydı"
5-7,"Bulandırıcı Patlama","Büyü Kitabı","sis_bombasi",1,1,1,1,1,1,1,1,1,1,"yerinde","yerinde",56024.00,"boss:Blind+Burn, oyuncu:Stealth",3.00,1.35,0.27,0.22,0.60,0.00,0.00,"","vuruş 1: 0,47s@boss0,35m/oyuncu3,35m; kalıp sonu: merkeze 3,00 m, başlangıçtan 0,00 m, kalıp simülasyonundan 0,00 m"
5-8,"Yükselen Patlama","Büyü Kitabı","yerden_fiskirma",1,1,1,1,1,1,1,1,1,1,"ön","ön",63344.00,"boss:Burn+Stun, boss hız x0,00",2.60,1.35,0.47,0.44,0.80,0.00,0.00,"","vuruş 1: 0,60s@boss0,00m/oyuncu2,76m; kalıp sonu: merkeze 2,60 m, başlangıçtan 0,40 m, kalıp simülasyonundan 0,00 m"
5-9,"Odaklı Patlama","Büyü Kitabı","gudumlu_top",1,1,1,1,1,1,1,1,1,1,"yerinde","yerinde",97024.00,"boss:Burn",3.00,1.35,0.60,0.56,0.93,0.00,0.00,"","vuruş 1: 0,80s@boss0,00m/oyuncu3,00m; kalıp sonu: merkeze 3,00 m, başlangıçtan 0,00 m, kalıp simülasyonundan 0,00 m"
6-4,"Sabit Bağ","Büyü Kitabı","karsilikli_kilit",1,1,1,1,1,1,1,1,1,1,"ön","ön",34688.00,"boss:Burn+Root, boss hız x0,00",1.50,1.35,3.27,3.24,3.60,0.00,0.00,"1/4 kare koşu, ayak/gövde hız oranı 1,01","vuruş 1: 0,80s@boss0,40m/oyuncu1,11m; kalıp sonu: merkeze 1,50 m, başlangıçtan 1,50 m, kalıp simülasyonundan 0,00 m"
6-5,"Yayılan Bağ","Büyü Kitabı","yer_tuzagi",1,1,1,1,1,1,1,1,1,1,"yerinde","yerinde",17264.00,"boss:Burn+Root, boss hız x0,00",3.00,1.35,0.34,0.28,0.67,0.00,0.00,"","vuruş 1: 0,47s@boss0,62m/oyuncu2,38m; kalıp sonu: merkeze 3,00 m, başlangıçtan 0,00 m, kalıp simülasyonundan 0,00 m"
6-6,"Bağlayıcı Bağ","Büyü Kitabı","iki_uclu",1,1,1,1,1,1,1,1,1,1,"yerinde","yerinde",21960.00,"boss:Root+Slow+Burn, boss hız x0,00",3.00,1.35,0.66,0.65,1.00,0.00,0.00,"","vuruş 1: 0,47s@boss0,28m/oyuncu3,28m; kalıp sonu: merkeze 3,00 m, başlangıçtan 0,00 m, kalıp simülasyonundan 0,00 m"
6-7,"Bulandırıcı Bağ","Büyü Kitabı","goz_bagi",1,1,1,1,1,1,1,1,1,1,"yerinde","yerinde",19632.00,"boss:Blind+Burn+Root, boss hız x0,00",3.00,1.35,0.27,0.20,0.60,0.00,0.00,"","vuruş 1: 0,47s@boss0,28m/oyuncu3,28m; kalıp sonu: merkeze 3,00 m, başlangıçtan 0,00 m, kalıp simülasyonundan 0,00 m"
6-8,"Yükselen Bağ","Büyü Kitabı","havada_asma",1,1,1,1,1,1,1,1,1,1,"ön","ön",23640.00,"boss:Stun+Burn+Root, boss hız x0,00",1.50,1.35,1.20,1.14,1.54,0.00,0.00,"0/5 kare koşu","vuruş 1: 0,80s@boss1,50m/oyuncu0,00m; kalıp sonu: merkeze 1,50 m, başlangıçtan 1,50 m, kalıp simülasyonundan 0,00 m"
6-9,"Odaklı Bağ","Büyü Kitabı","zamanli_donma",1,1,1,1,1,1,1,1,1,1,"ön","ön",29960.00,"boss:Burn+Root, boss hız x0,00",1.50,1.35,0.53,0.50,0.86,0.00,0.00,"0/3 kare koşu","vuruş 1: 0,73s@boss0,53m/oyuncu1,28m; kalıp sonu: merkeze 1,50 m, başlangıçtan 1,50 m, kalıp simülasyonundan 0,00 m"
7-4,"Sabit Zafiyet","Büyü Kitabı","mayin_cakma",1,1,1,1,1,1,1,1,1,1,"yerinde","yerinde",17264.00,"boss:Burn",3.00,1.35,0.46,0.42,0.80,0.00,0.00,"","vuruş 2: 0,53s@boss0,85m/oyuncu2,15m 0,60s@boss0,85m/oyuncu2,15m; kalıp sonu: merkeze 3,00 m, başlangıçtan 0,00 m, kalıp simülasyonundan 0,00 m"
7-5,"Yayılan Zafiyet","Büyü Kitabı","onde_yelpaze",1,1,1,1,1,1,1,1,1,1,"yerinde","yerinde",19488.00,"boss:Burn",3.00,1.35,0.67,0.63,1.00,0.00,0.00,"","vuruş 1: 0,73s@boss1,88m/oyuncu1,12m; kalıp sonu: merkeze 3,00 m, başlangıçtan 0,00 m, kalıp simülasyonundan 0,00 m"
7-6,"Bağlayıcı Zafiyet","Büyü Kitabı","dost_ip",1,1,1,1,1,1,1,1,1,1,"yerinde","yerinde",20720.00,"boss:Root+Slow+Burn, boss hız x0,00",3.00,1.35,0.66,0.62,1.00,0.00,0.00,"","vuruş 1: 0,47s@boss0,28m/oyuncu3,28m; kalıp sonu: merkeze 3,00 m, başlangıçtan 0,00 m, kalıp simülasyonundan 0,00 m"
8-4,"Sabit Yükseliş","Büyü Kitabı","totem_dikme",1,1,1,1,1,1,1,1,1,1,"yerinde","yerinde",0.00,"",3.00,1.35,0.33,0.30,0.66,0.00,0.00,"","hasarsız skill (base_damage 0): etki hareketin kendisi; vuruş 1: 0,53s@boss3,10m/oyuncu0,00m; kalıp sonu: merkeze 3,11 m, başlangıçtan 0,15 m, kalıp simülasyonundan 0,00 m, kalıp hedefi AllyDummy"
8-5,"Yayılan Yükseliş","Büyü Kitabı","savas_narasi",1,1,1,1,1,1,1,1,1,1,"yerinde","yerinde",0.00,"",3.00,1.35,0.40,0.36,0.73,0.00,0.00,"","hasarsız skill (base_damage 0): etki hareketin kendisi; vuruş 1: 0,47s@boss3,00m/oyuncu0,00m; kalıp sonu: merkeze 3,00 m, başlangıçtan 0,00 m, kalıp simülasyonundan 0,00 m"
8-6,"Bağlayıcı Yükseliş","Büyü Kitabı","dost_dosta",1,1,1,1,1,1,1,1,1,1,"yan","yan",0.00,"",2.38,1.35,0.53,0.52,0.87,0.00,0.00,"1/4 kare koşu, ayak/gövde hız oranı 0,89","hasarsız skill (base_damage 0): etki hareketin kendisi; vuruş 3: 0,40s@boss4,05m/oyuncu1,22m 0,60s@boss2,84m/oyuncu1,41m 0,73s@boss4,76m/oyuncu2,38m; kalıp sonu: merkeze 2,38 m, başlangıçtan 1,41 m, kalıp simülasyonundan 0,00 m, kalıp hedefi AllyDummy"
9-4,"Sabit Arınma","Büyü Kitabı","yer_tuzagi",1,1,1,1,1,1,1,1,1,1,"yerinde","yerinde",0.00,"oyuncu +16000 can",3.00,1.35,0.34,0.28,0.67,0.00,0.00,"","vuruş 1: 0,47s@boss0,62m/oyuncu2,38m; kalıp sonu: merkeze 3,00 m, başlangıçtan 0,00 m, kalıp simülasyonundan 0,00 m"
9-5,"Yayılan Arınma","Büyü Kitabı","dagilan_yagmur",1,1,1,1,1,1,1,1,1,1,"yerinde","yerinde",0.00,"oyuncu +16000 can",3.00,1.35,0.62,0.58,0.95,0.00,0.00,"","vuruş 1: 0,68s@boss3,00m/oyuncu0,00m; kalıp sonu: merkeze 3,00 m, başlangıçtan 0,00 m, kalıp simülasyonundan 0,00 m, kalıp hedefi AllyDummy"
9-6,"Bağlayıcı Arınma","Büyü Kitabı","iki_uclu",1,1,1,1,1,1,1,1,1,1,"yerinde","yerinde",0.00,"oyuncu +16000 can",3.00,1.35,0.67,0.65,1.00,0.00,0.00,"","vuruş 1: 0,47s@boss6,36m/oyuncu3,88m; kalıp sonu: merkeze 3,00 m, başlangıçtan 0,00 m, kalıp simülasyonundan 0,00 m, kalıp hedefi AllyDummy"
4-10,"Aynalı Kalkan","Büyü Kitabı","sirtta_kapi",1,1,1,1,1,1,1,1,1,1,"ön","ön",24000.00,"",1.80,1.35,0.33,0.32,0.66,0.00,0.00,"0/3 kare koşu","vuruş 2: 0,40s@boss0,92m/oyuncu1,19m 0,53s@boss0,55m/oyuncu2,35m; kalıp sonu: merkeze 1,80 m, başlangıçtan 1,20 m, kalıp simülasyonundan 0,00 m"
4-11,"Kopya Kalkan","Büyü Kitabı","yem_kopya",1,1,1,1,1,1,1,1,1,1,"yerinde","yerinde",0.00,"",3.00,1.35,0.27,0.24,0.60,0.00,0.00,"","hasarsız skill (base_damage 0): etki hareketin kendisi; vuruş 1: 0,40s@boss2,98m/oyuncu1,29m; kalıp sonu: merkeze 3,00 m, başlangıçtan 0,00 m, kalıp simülasyonundan 0,00 m"
4-12,"Akan Kalkan","Büyü Kitabı","basili_siper",1,1,1,1,1,1,1,1,1,1,"geri","geri",0.00,"",3.00,1.35,3.00,3.00,3.33,0.00,0.00,"","hasarsız skill (base_damage 0): etki hareketin kendisi; vuruş 3: 1,07s@boss5,17m/oyuncu2,38m 2,07s@boss5,41m/oyuncu2,38m 3,07s@boss5,66m/oyuncu2,38m; kalıp sonu: merkeze 3,61 m, başlangıçtan 0,80 m, kalıp simülasyonundan 0,00 m, kalıp hedefi AllyDummy"
5-10,"Aynalı Patlama","Büyü Kitabı","karsi_darbe",1,1,1,1,1,1,1,1,1,1,"ön","ön",58792.00,"boss:Burn",1.70,1.35,0.40,0.36,0.73,0.00,0.00,"0/3 kare koşu","vuruş 1: 0,60s@boss0,55m/oyuncu1,36m; kalıp sonu: merkeze 1,70 m, başlangıçtan 1,30 m, kalıp simülasyonundan 0,00 m"
5-11,"Kopya Patlama","Büyü Kitabı","golge_yankisi",1,1,1,1,1,1,1,1,1,1,"ön","ön",60672.00,"boss:Burn",2.10,1.35,0.54,0.50,0.87,0.00,0.00,"1/3 kare koşu, ayak/gövde hız oranı 1,01","vuruş 2: 0,40s@boss1,11m/oyuncu1,15m 0,73s@boss1,95m/oyuncu1,39m; kalıp sonu: merkeze 2,10 m, başlangıçtan 0,90 m, kalıp simülasyonundan 0,00 m"
5-12,"Akan Patlama","Büyü Kitabı","patlayan_iz",1,1,1,1,1,1,1,1,1,1,"ön","ön",59928.00,"boss:Burn",2.95,1.35,3.03,3.00,3.37,0.00,0.00,"","vuruş 6: 0,73s@boss2,14m/oyuncu1,53m 1,23s@boss2,09m/oyuncu1,53m 1,76s@boss2,90m/oyuncu1,53m 2,23s@boss2,77m/oyuncu1,53m 2,77s@boss2,42m/oyuncu1,53m 3,23s@boss2,09m/oyuncu1,53m; kalıp sonu: merkeze 3,60 m, başlangıçtan 2,20 m, kalıp simülasyonundan 0,70 m, boss 2,80 m kaydı"
6-10,"Aynalı Bağ","Büyü Kitabı","karsi_darbe",1,1,1,1,1,1,1,1,1,1,"ön","ön",19112.00,"boss:Burn+Root, boss hız x0,00",1.70,1.35,0.40,0.36,0.74,0.00,0.00,"0/3 kare koşu","vuruş 1: 0,60s@boss0,57m/oyuncu1,36m; kalıp sonu: merkeze 1,70 m, başlangıçtan 1,30 m, kalıp simülasyonundan 0,00 m"
6-11,"Kopya Bağ","Büyü Kitabı","onden_arkadan",1,1,1,1,1,1,1,1,1,1,"ön","ön",24872.00,"boss:Burn+Root, boss hız x0,00",2.10,1.35,0.40,0.34,0.73,0.00,0.00,"0/3 kare koşu","vuruş 2: 0,40s@boss1,15m/oyuncu1,11m 0,53s@boss0,60m/oyuncu2,70m; kalıp sonu: merkeze 2,10 m, başlangıçtan 0,90 m, kalıp simülasyonundan 0,00 m"
6-12,"Akan Bağ","Büyü Kitabı","cember_sarma",1,1,1,1,1,1,1,1,1,1,"arka","arka",14448.00,"boss:Root+Burn, boss hız x0,00",1.50,1.35,0.93,0.90,1.27,0.00,0.00,"0/11 kare koşu","vuruş 1: 1,13s@boss0,00m/oyuncu2,06m; kalıp sonu: merkeze 2,06 m, başlangıçtan 4,59 m, kalıp simülasyonundan 0,00 m"
10-4,"Sabit Yansı","Büyü Kitabı","duvar_dikme",1,1,1,1,1,1,1,1,1,1,"yerinde","yerinde",4024.00,"boss:Burn",3.00,1.35,0.33,0.32,0.67,0.00,0.00,"","vuruş 1: 0,53s@boss0,62m/oyuncu2,38m; kalıp sonu: merkeze 3,00 m, başlangıçtan 0,00 m, kalıp simülasyonundan 0,00 m"
10-5,"Yayılan Yansı","Büyü Kitabı","yuruyen_balon",1,1,1,1,1,1,1,1,1,1,"ön","ön",24016.00,"boss:Burn",1.80,1.35,4.26,4.20,4.57,0.00,0.00,"","vuruş 5: 0,37s@boss3,00m/oyuncu0,00m 1,51s@boss2,69m/oyuncu0,00m 2,51s@boss2,39m/oyuncu0,00m 3,51s@boss2,09m/oyuncu0,00m 4,51s@boss1,80m/oyuncu0,00m; kalıp sonu: merkeze 1,80 m, başlangıçtan 1,20 m, kalıp simülasyonundan 0,00 m"
10-6,"Bağlayıcı Yansı","Büyü Kitabı","silaha_kement",1,1,1,1,1,1,1,1,1,1,"yerinde","yerinde",8064.00,"boss:Root+Slow+Burn, boss hız x0,00",3.00,1.35,1.00,0.94,1.33,0.00,0.00,"","vuruş 1: 0,47s@boss0,40m/oyuncu3,40m; kalıp sonu: merkeze 3,00 m, başlangıçtan 0,00 m, kalıp simülasyonundan 0,00 m"
11-4,"Sabit Çağrı","Büyü Kitabı","taret_dikme",1,1,1,1,1,1,1,1,1,1,"yerinde","yerinde",3576.00,"boss:Burn",2.88,1.35,0.53,0.54,0.86,0.00,0.00,"","vuruş 2: 0,60s@boss2,88m/oyuncu0,00m 0,81s@boss0,28m/oyuncu3,15m; kalıp sonu: merkeze 2,88 m, başlangıçtan 0,12 m, kalıp simülasyonundan 0,00 m"
11-5,"Yayılan Çağrı","Büyü Kitabı","dagilan_suru",1,1,1,1,1,1,1,1,1,1,"yerinde","yerinde",6016.00,"boss:Burn",3.00,1.35,0.46,0.42,0.80,0.00,0.00,"","vuruş 3: 0,33s@boss0,35m/oyuncu3,02m 0,54s@boss0,00m/oyuncu3,00m 0,67s@boss0,35m/oyuncu3,02m; kalıp sonu: merkeze 3,00 m, başlangıçtan 0,00 m, kalıp simülasyonundan 0,00 m"
11-6,"Bağlayıcı Çağrı","Büyü Kitabı","muhafiz",1,1,1,1,1,1,1,1,1,1,"yerinde","yerinde",6008.00,"boss:Burn+Root+Slow, boss hız x0,00",2.88,1.35,0.67,0.64,1.00,0.00,0.00,"","vuruş 1: 0,53s@boss2,78m/oyuncu1,20m; kalıp sonu: merkeze 2,88 m, başlangıçtan 0,12 m, kalıp simülasyonundan 0,00 m"
12-4,"Sabit Zaman","Büyü Kitabı","totem_dikme",1,1,1,1,1,1,1,1,1,1,"yerinde","yerinde",4008.00,"boss:Burn+Slow+Stun, boss hız x0,00",2.85,1.35,0.33,0.30,0.67,0.00,0.00,"","vuruş 1: 0,54s@boss2,87m/oyuncu0,00m; kalıp sonu: merkeze 2,85 m, başlangıçtan 0,15 m, kalıp simülasyonundan 0,00 m"
12-5,"Yayılan Zaman","Büyü Kitabı","genisleyen_halka",1,1,1,1,1,1,1,1,1,1,"yerinde","yerinde",4392.00,"boss:Burn+Slow, boss hız x0,70",3.00,1.35,0.60,0.58,0.93,0.00,0.00,"","vuruş 1: 0,73s@boss3,00m/oyuncu0,00m; kalıp sonu: merkeze 3,00 m, başlangıçtan 0,00 m, kalıp simülasyonundan 0,00 m"
12-6,"Bağlayıcı Zaman","Büyü Kitabı","iki_uclu",1,1,1,1,1,1,1,1,1,1,"yerinde","yerinde",6416.00,"boss:Burn, oyuncu:Haste, oyuncu hız x1,30",3.00,1.35,0.67,0.65,1.00,0.00,0.00,"","vuruş 1: 0,47s@boss0,28m/oyuncu3,28m; kalıp sonu: merkeze 3,00 m, başlangıçtan 0,00 m, kalıp simülasyonundan 0,00 m"
7-7,"Bulandırıcı Zafiyet","Büyü Kitabı","sis_bombasi",1,1,1,1,1,1,1,1,1,1,"yerinde","yerinde",16928.00,"boss:Blind+Burn",3.00,1.35,0.27,0.22,0.60,0.00,0.00,"","vuruş 1: 0,47s@boss0,35m/oyuncu3,35m; kalıp sonu: merkeze 3,00 m, başlangıçtan 0,00 m, kalıp simülasyonundan 0,00 m"
7-8,"Yükselen Zafiyet","Büyü Kitabı","yerden_fiskirma",1,1,1,1,1,1,1,1,1,1,"ön","ön",19096.00,"boss:Burn+Stun, boss hız x0,00",2.60,1.35,0.46,0.44,0.80,0.00,0.00,"","vuruş 1: 0,60s@boss0,00m/oyuncu2,76m; kalıp sonu: merkeze 2,60 m, başlangıçtan 0,40 m, kalıp simülasyonundan 0,00 m"
7-9,"Odaklı Zafiyet","Büyü Kitabı","isaret_patlamasi",1,1,1,1,1,1,1,1,1,1,"yerinde","yerinde",25176.00,"boss:Burn",3.00,1.35,1.93,1.92,2.27,0.00,0.00,"","vuruş 1: 2,14s@boss0,00m/oyuncu3,00m; kalıp sonu: merkeze 3,00 m, başlangıçtan 0,00 m, kalıp simülasyonundan 0,00 m"
7-10,"Aynalı Zafiyet","Büyü Kitabı","onden_arkadan",1,1,1,1,1,1,1,1,1,1,"ön","ön",26944.00,"boss:Burn",2.10,1.35,0.40,0.34,0.73,0.00,0.00,"0/3 kare koşu","vuruş 2: 0,40s@boss1,15m/oyuncu1,11m 0,53s@boss0,60m/oyuncu2,70m; kalıp sonu: merkeze 2,10 m, başlangıçtan 0,90 m, kalıp simülasyonundan 0,00 m"
7-11,"Kopya Zafiyet","Büyü Kitabı","golge_yankisi",1,1,1,1,1,1,1,1,1,1,"ön","ön",28352.00,"boss:Burn",2.10,1.35,0.53,0.50,0.87,0.00,0.00,"1/3 kare koşu, ayak/gövde hız oranı 1,02","vuruş 2: 0,40s@boss1,11m/oyuncu1,15m 0,73s@boss1,95m/oyuncu1,39m; kalıp sonu: merkeze 2,10 m, başlangıçtan 0,90 m, kalıp simülasyonundan 0,00 m"
7-12,"Akan Zafiyet","Büyü Kitabı","basili_isik",1,1,1,1,1,1,1,1,1,1,"ön","ön",40216.00,"boss:Burn",1.80,1.35,3.07,3.00,3.40,0.00,0.00,"","vuruş 6: 0,53s@boss0,17m/oyuncu2,72m 1,07s@boss0,04m/oyuncu2,72m 1,53s@boss0,23m/oyuncu2,72m 2,07s@boss0,44m/oyuncu2,72m 2,53s@boss0,63m/oyuncu2,72m 3,07s@boss0,84m/oyuncu2,72m; kalıp sonu: merkeze 1,80 m, başlangıçtan 1,20 m, kalıp simülasyonundan 0,00 m"
8-7,"Bulandırıcı Yükseliş","Büyü Kitabı","goz_bagi",1,1,1,1,1,1,1,1,1,1,"yerinde","yerinde",0.00,"",3.00,1.35,0.20,0.20,0.53,0.00,0.00,"","hasarsız skill (base_damage 0): etki hareketin kendisi; vuruş 1: 0,47s@boss0,28m/oyuncu3,28m; kalıp sonu: merkeze 3,00 m, başlangıçtan 0,00 m, kalıp simülasyonundan 0,00 m"
8-8,"Yükselen Yükseliş","Büyü Kitabı","buyuten_kemer",1,1,1,1,1,1,1,1,1,1,"yerinde","yerinde",0.00,"",3.00,1.35,0.47,0.42,0.80,0.00,0.00,"","hasarsız skill (base_damage 0): etki hareketin kendisi; vuruş 1: 0,60s@boss5,04m/oyuncu2,21m; kalıp sonu: merkeze 3,22 m, başlangıçtan 0,30 m, kalıp simülasyonundan 0,00 m, kalıp hedefi AllyDummy"
8-9,"Odaklı Yükseliş","Büyü Kitabı","gudumlu_top",1,1,1,1,1,1,1,1,1,1,"yerinde","yerinde",0.00,"",3.00,1.35,0.60,0.56,0.93,0.00,0.00,"","hasarsız skill (base_damage 0): etki hareketin kendisi; vuruş 1: 0,80s@boss6,98m/oyuncu4,53m; kalıp sonu: merkeze 3,00 m, başlangıçtan 0,00 m, kalıp simülasyonundan 0,00 m, kalıp hedefi AllyDummy"
8-10,"Aynalı Yükseliş","Büyü Kitabı","ters_es",1,1,1,1,1,1,1,1,1,1,"yerinde","yerinde",0.00,"",3.00,1.35,0.47,0.44,0.80,0.00,0.00,"","hasarsız skill (base_damage 0): etki hareketin kendisi; vuruş 2: 0,47s@boss2,60m/oyuncu0,40m 0,67s@boss0,00m/oyuncu3,00m; kalıp sonu: merkeze 3,00 m, başlangıçtan 0,00 m, kalıp simülasyonundan 0,00 m"
8-11,"Kopya Yükseliş","Büyü Kitabı","golge_ulak",1,1,1,1,1,1,1,1,1,1,"yan","yan",0.00,"",2.43,1.35,1.42,1.36,1.75,0.00,0.00,"1/3 kare koşu, ayak/gövde hız oranı 1,00","hasarsız skill (base_damage 0): etki hareketin kendisi; vuruş 2: 0,40s@boss3,26m/oyuncu0,35m 1,60s@boss3,06m/oyuncu1,46m; kalıp sonu: merkeze 2,43 m, başlangıçtan 1,41 m, kalıp simülasyonundan 0,00 m, kalıp hedefi AllyDummy"
8-12,"Akan Yükseliş","Büyü Kitabı","akinti_yolu",1,1,1,1,1,1,1,1,1,1,"geri","geri",0.00,"",3.00,1.35,1.00,0.94,1.33,0.00,0.00,"1/10 kare koşu, ayak/gövde hız oranı 1,03","hasarsız skill (base_damage 0): etki hareketin kendisi; vuruş 1: 1,13s@boss6,27m/oyuncu2,38m; kalıp sonu: merkeze 4,11 m, başlangıçtan 1,40 m, kalıp simülasyonundan 0,00 m, kalıp hedefi AllyDummy"
9-7,"Bulandırıcı Arınma","Büyü Kitabı","sis_ortusu",1,1,1,1,1,1,1,1,1,1,"yerinde","yerinde",0.00,"oyuncu +16000 can",3.00,1.35,0.33,0.30,0.67,0.00,0.00,"","vuruş 1: 0,47s@boss0,00m/oyuncu3,00m; kalıp sonu: merkeze 3,00 m, başlangıçtan 0,00 m, kalıp simülasyonundan 0,00 m"
9-8,"Yükselen Arınma","Büyü Kitabı","isik_sutunu",1,1,1,1,1,1,1,1,1,1,"yerinde","yerinde",0.00,"oyuncu +16000 can",3.00,1.35,0.53,0.48,0.87,0.00,0.00,"","vuruş 1: 0,67s@boss3,06m/oyuncu0,00m; kalıp sonu: merkeze 3,07 m, başlangıçtan 0,10 m, kalıp simülasyonundan 0,00 m, kalıp hedefi AllyDummy"
9-9,"Odaklı Arınma","Büyü Kitabı","mermi_sondur",1,1,1,1,1,1,1,1,1,1,"yerinde","yerinde",0.00,"oyuncu +16000 can",3.00,1.35,0.40,0.38,0.73,0.00,0.00,"","vuruş 1: 0,60s@boss6,98m/oyuncu4,53m; kalıp sonu: merkeze 3,00 m, başlangıçtan 0,00 m, kalıp simülasyonundan 0,00 m, kalıp hedefi AllyDummy"
9-10,"Aynalı Arınma","Büyü Kitabı","yer_degistir",1,1,1,1,1,1,1,1,1,1,"arka","arka",0.00,"oyuncu +16000 can",1.50,1.35,0.40,0.34,0.74,0.00,0.00,"0/1 kare koşu","vuruş 1: 0,60s@boss0,31m/oyuncu1,19m; kalıp sonu: merkeze 1,50 m, başlangıçtan 4,50 m, kalıp simülasyonundan 0,00 m, ışın 8,34 m konumdan çıkarıldı; tek karede 8,34 m sıçrama (sınır 2,51 m @ 68 ms, t=0,74, ışın tasarım gereği)"
9-11,"Kopya Arınma","Büyü Kitabı","yem_kopya",1,1,1,1,1,1,1,1,1,1,"yerinde","yerinde",0.00,"oyuncu +16000 can",3.00,1.35,0.27,0.24,0.60,0.00,0.00,"","vuruş 1: 0,47s@boss2,98m/oyuncu1,29m; kalıp sonu: merkeze 3,00 m, başlangıçtan 0,00 m, kalıp simülasyonundan 0,00 m"
9-12,"Akan Arınma","Büyü Kitabı","nabiz",1,1,1,1,1,1,1,1,1,1,"yerinde","yerinde",0.00,"oyuncu +8000 can, dost +4000 can",3.00,1.35,3.22,3.18,3.55,0.00,0.00,"","vuruş 3: 1,47s@boss3,00m/oyuncu0,00m 2,49s@boss3,00m/oyuncu0,00m 3,48s@boss3,00m/oyuncu0,00m; kalıp sonu: merkeze 3,00 m, başlangıçtan 0,00 m, kalıp simülasyonundan 0,00 m"
10-7,"Bulandırıcı Yansı","Büyü Kitabı","sahte_goruntu",1,1,1,1,1,1,1,1,1,1,"geri","geri",5592.00,"boss:Blind+Burn",3.00,1.35,0.47,0.44,0.80,0.00,0.00,"1/3 kare koşu, ayak/gövde hız oranı 1,01","vuruş 3: 0,40s@boss3,06m/oyuncu1,37m 0,53s@boss3,06m/oyuncu1,37m 0,67s@boss3,68m/oyuncu0,00m; kalıp sonu: merkeze 3,90 m, başlangıçtan 0,90 m, kalıp simülasyonundan 0,00 m"
10-8,"Yükselen Yansı","Büyü Kitabı","yerden_buyuyen",1,1,1,1,1,1,1,1,1,1,"yerinde","yerinde",4400.00,"boss:Burn",2.75,1.35,0.47,0.42,0.80,0.00,0.00,"","vuruş 1: 0,60s@boss0,00m/oyuncu2,80m; kalıp sonu: merkeze 2,75 m, başlangıçtan 0,25 m, kalıp simülasyonundan 0,00 m"
10-9,"Odaklı Yansı","Büyü Kitabı","koruyucu_isaret",1,1,1,1,1,1,1,1,1,1,"ön","ön",3632.00,"boss:Burn",2.20,1.35,0.27,0.20,0.60,0.00,0.00,"0/3 kare koşu","vuruş 1: 0,47s@boss1,86m/oyuncu0,35m; kalıp sonu: merkeze 2,20 m, başlangıçtan 0,80 m, kalıp simülasyonundan 0,00 m"
11-7,"Bulandırıcı Çağrı","Büyü Kitabı","sirt_saplama",1,1,1,1,1,1,1,1,1,1,"yerinde","yerinde",4008.00,"boss:Blind+Burn",3.00,1.35,0.33,0.32,0.67,0.00,0.00,"","vuruş 1: 0,53s@boss0,00m/oyuncu3,00m; kalıp sonu: merkeze 3,00 m, başlangıçtan 0,00 m, kalıp simülasyonundan 0,00 m"
11-8,"Yükselen Çağrı","Büyü Kitabı","dostu_yerden",1,1,1,1,1,1,1,1,1,1,"yan","yan",0.00,"",2.96,1.35,0.80,0.78,1.13,0.00,0.00,"0/8 kare koşu","hasarsız skill (base_damage 0): etki hareketin kendisi; vuruş 1: 0,93s@boss2,82m/oyuncu0,95m; kalıp sonu: merkeze 2,99 m, başlangıçtan 0,91 m, kalıp simülasyonundan 0,00 m"
11-9,"Odaklı Çağrı","Büyü Kitabı","pesinden_av",1,1,1,1,1,1,1,1,1,1,"ön","ön",4008.00,"boss:Burn",2.11,1.35,2.47,2.44,2.80,0.00,0.00,"0/2 kare koşu","vuruş 1: 2,67s@boss0,00m/oyuncu2,11m; kalıp sonu: merkeze 2,11 m, başlangıçtan 0,89 m, kalıp simülasyonundan 0,00 m"
12-7,"Bulandırıcı Zaman","Büyü Kitabı","kum_saati",1,1,1,1,1,1,1,1,1,1,"yerinde","yerinde",6016.00,"boss:Blind+Slow+Burn, boss hız x0,70",3.00,1.35,0.67,0.62,1.00,0.00,0.00,"","vuruş 1: 0,53s@boss0,28m/oyuncu3,28m; kalıp sonu: merkeze 3,00 m, başlangıçtan 0,00 m, kalıp simülasyonundan 0,00 m"
12-8,"Yükselen Zaman","Büyü Kitabı","isik_sutunu",1,1,1,1,1,1,1,1,1,1,"yerinde","yerinde",4400.00,"boss:Burn, oyuncu:Haste, oyuncu hız x1,50",2.90,1.35,0.53,0.48,0.87,0.00,0.00,"","vuruş 1: 0,67s@boss2,92m/oyuncu0,00m; kalıp sonu: merkeze 2,90 m, başlangıçtan 0,10 m, kalıp simülasyonundan 0,00 m"
12-9,"Odaklı Zaman","Büyü Kitabı","isaret_patlamasi",1,1,1,1,1,1,1,1,1,1,"yerinde","yerinde",4000.00,"boss:Burn+Slow, boss hız x0,70",3.00,1.35,1.93,1.92,2.27,0.00,0.00,"","vuruş 1: 2,13s@boss0,00m/oyuncu3,00m; kalıp sonu: merkeze 3,00 m, başlangıçtan 0,00 m, kalıp simülasyonundan 0,00 m"
1-1,"Yoğun Vuruş","Kılıç","yukle_birak",1,1,1,1,1,1,1,1,1,1,"ön","ön",223016.00,"boss:Burn",1.50,1.35,0.53,0.52,0.93,0.00,0.00,"0/3 kare koşu","vuruş 1: 0,80s@boss0,35m/oyuncu1,53m; kalıp sonu: merkeze 1,50 m, başlangıçtan 1,50 m, kalıp simülasyonundan 0,00 m"
1-2,"Emici Vuruş","Kılıç","kan_ceken_pence",1,1,1,1,1,1,1,1,1,1,"yerinde","yerinde",210248.00,"boss:Burn, oyuncu +61629 can",1.35,1.35,0.40,0.38,0.80,0.00,0.00,"","vuruş 3: 0,47s@boss1,70m/oyuncu1,02m 0,60s@boss1,15m/oyuncu1,02m 0,73s@boss0,60m/oyuncu1,02m; kalıp sonu: merkeze 1,35 m, başlangıçtan 0,00 m, kalıp simülasyonundan 0,00 m, boss 1,65 m kaydı"
1-3,"Sıçrayan Vuruş","Kılıç","yan_yan_sekme",1,1,1,1,1,1,1,1,1,1,"geri","geri",164848.00,"boss:Burn",2.85,1.35,0.44,0.46,0.85,0.00,0.00,"0/7 kare koşu","vuruş 2: 0,47s@boss0,74m/oyuncu3,52m 0,80s@boss0,74m/oyuncu4,37m; kalıp sonu: merkeze 3,70 m, başlangıçtan 1,30 m, kalıp simülasyonundan 0,00 m"
1-4,"Sabit Vuruş","Kılıç","yere_cakilan",1,1,1,1,1,1,1,1,1,1,"yerinde","yerinde",162512.00,"boss:Burn",2.80,1.35,0.45,0.42,0.85,0.00,0.00,"","vuruş 1: 0,72s@boss2,81m/oyuncu0,00m; kalıp sonu: merkeze 2,80 m, başlangıçtan 0,20 m, kalıp simülasyonundan 0,00 m"
1-5,"Yayılan Vuruş","Kılıç","donen_kesik",1,1,1,1,1,1,1,1,1,1,"yerinde","yerinde",144088.00,"boss:Burn",3.00,1.35,0.60,0.55,1.00,0.00,0.00,"","vuruş 1: 0,60s@boss3,00m/oyuncu0,00m; kalıp sonu: merkeze 3,00 m, başlangıçtan 0,00 m, kalıp simülasyonundan 0,00 m"
1-6,"Bağlayıcı Vuruş","Kılıç","zincirli_firlatma",1,1,1,1,1,1,1,1,1,1,"ön","ön",161064.00,"boss:Root+Slow+Burn, boss hız x0,00",1.50,1.35,0.73,0.70,1.13,0.00,0.00,"2/4 kare koşu, ayak/gövde hız oranı 1,00","vuruş 2: 0,53s@boss0,45m/oyuncu3,45m 1,00s@boss0,47m/oyuncu1,28m; kalıp sonu: merkeze 1,50 m, başlangıçtan 1,50 m, kalıp simülasyonundan 0,00 m"
2-1,"Yoğun Şifa","Kılıç","tek_dokunus",1,1,1,1,1,1,1,1,1,1,"geri","geri",0.00,"oyuncu +112000 can",3.00,1.35,0.20,0.16,0.67,0.00,0.00,"0/2 kare koşu","vuruş 1: 0,53s@boss3,89m/oyuncu0,68m; kalıp sonu: merkeze 3,41 m, başlangıçtan 0,55 m, kalıp simülasyonundan 0,00 m, kalıp hedefi AllyDummy"
2-2,"Emici Şifa","Kılıç","uzaktan_emme",1,1,1,1,1,1,1,1,1,1,"yerinde","yerinde",53192.00,"oyuncu +84000 can, dost +28000 can",2.65,1.35,2.20,2.16,2.67,0.00,0.00,"","vuruş 4: 1,07s@boss0,19m/oyuncu2,72m 1,60s@boss0,10m/oyuncu2,72m 2,07s@boss0,02m/oyuncu2,72m 2,60s@boss0,07m/oyuncu2,72m; kalıp sonu: merkeze 2,65 m, başlangıçtan 0,35 m, kalıp simülasyonundan 0,00 m"
2-3,"Sıçrayan Şifa","Kılıç","dosttan_dosta",1,1,1,1,1,1,1,1,1,1,"yerinde","yerinde",0.00,"oyuncu +76000 can, dost +36000 can",3.00,1.35,0.53,0.54,1.00,0.00,0.00,"","vuruş 3: 0,60s@boss6,43m/oyuncu3,95m 0,67s@boss6,98m/oyuncu4,53m 0,86s@boss6,88m/oyuncu4,54m; kalıp sonu: merkeze 3,00 m, başlangıçtan 0,00 m, kalıp simülasyonundan 0,00 m, kalıp hedefi AllyDummy"
2-4,"Sabit Şifa","Kılıç","totem_dikme",1,1,1,1,1,1,1,1,1,1,"yerinde","yerinde",0.00,"oyuncu +112000 can",3.00,1.35,0.47,0.30,0.94,0.00,0.00,"","vuruş 1: 0,87s@boss3,11m/oyuncu0,00m; kalıp sonu: merkeze 3,11 m, başlangıçtan 0,15 m, kalıp simülasyonundan 0,00 m, kalıp hedefi AllyDummy"
2-5,"Yayılan Şifa","Kılıç","genisleyen_halka",1,1,1,1,1,1,1,1,1,1,"yerinde","yerinde",0.00,"oyuncu +112000 can",3.00,1.35,0.60,0.58,1.00,0.00,0.00,"","vuruş 1: 0,80s@boss3,00m/oyuncu0,00m; kalıp sonu: merkeze 3,00 m, başlangıçtan 0,00 m, kalıp simülasyonundan 0,00 m"
2-6,"Bağlayıcı Şifa","Kılıç","dostu_kanca",1,1,1,1,1,1,1,1,1,1,"geri","geri",0.00,"oyuncu +112000 can",3.00,1.35,0.54,0.52,1.00,0.00,0.00,"1/6 kare koşu, ayak/gövde hız oranı 1,03","vuruş 1: 0,87s@boss5,79m/oyuncu0,40m; kalıp sonu: merkeze 5,92 m, başlangıçtan 3,40 m, kalıp simülasyonundan 0,00 m, kalıp hedefi AllyDummy"
3-1,"Yoğun Adım","Kılıç","isinlan_kes",1,1,1,1,1,1,1,1,1,1,"arka","arka",3184.00,"boss:Burn",1.50,1.35,0.53,0.48,0.95,0.00,0.00,"0/1 kare koşu","vuruş 1: 0,82s@boss0,00m/oyuncu1,50m; kalıp sonu: merkeze 1,50 m, başlangıçtan 4,50 m, kalıp simülasyonundan 0,00 m; tek karede 4,50 m sıçrama (sınır 2,47 m @ 67 ms, t=0,75, faz isin, blink tasarım gereği)"
3-2,"Emici Adım","Kılıç","icinden_emme",1,1,1,1,1,1,1,1,1,1,"arka","arka",4016.00,"boss:Burn",0.56,1.35,0.33,0.28,0.69,0.00,0.00,"0/5 kare koşu","vuruş 1: 0,49s@boss0,80m/oyuncu1,36m; kalıp sonu: merkeze 2,37 m, başlangıçtan 4,56 m, kalıp simülasyonundan 1,09 m, boss 0,81 m kaydı; gövdeye girdi: merkeze 0,56 m (t=0,49, temas 1,35) geçiş tasarım gereği"
3-3,"Sıçrayan Adım","Kılıç","sekmeli_ziplama",1,1,1,1,1,1,1,1,1,1,"arka","arka",5600.00,"boss:Burn",1.50,1.35,0.60,0.60,1.00,0.00,0.00,"0/9 kare koşu","vuruş 3: 0,53s@boss1,79m/oyuncu0,00m 0,73s@boss1,50m/oyuncu0,00m 0,93s@boss1,50m/oyuncu0,00m; kalıp sonu: merkeze 1,50 m, başlangıçtan 4,50 m, kalıp simülasyonundan 0,00 m"
3-4,"Sabit Adım","Kılıç","geri_sarma",1,1,1,1,1,1,1,1,1,1,"başlangıç","başlangıç",0.00,"",1.50,1.35,2.67,2.66,3.07,0.00,0.00,"2/9 kare koşu, ayak/gövde hız oranı 0,92","hasarsız skill (base_damage 0): etki hareketin kendisi; kalıp sonu: merkeze 3,00 m, başlangıçtan 0,00 m, kalıp simülasyonundan 0,00 m"
3-5,"Yayılan Adım","Kılıç","dalis_patlamasi",1,1,1,1,1,1,1,1,1,1,"ön","ön",4008.00,"boss:Burn",1.50,1.35,0.47,0.42,0.87,0.00,0.00,"0/4 kare koşu","vuruş 1: 0,67s@boss1,50m/oyuncu0,00m; kalıp sonu: merkeze 1,50 m, başlangıçtan 1,50 m, kalıp simülasyonundan 0,00 m"
3-6,"Bağlayıcı Adım","Kılıç","kanca_cekis",1,1,1,1,1,1,1,1,1,1,"arka","arka",4016.00,"boss:Root+Slow+Burn, boss hız x0,00",1.50,1.35,0.80,0.74,1.20,0.00,0.00,"1/10 kare koşu, ayak/gövde hız oranı 1,02","vuruş 1: 1,00s@boss0,00m/oyuncu1,50m; kalıp sonu: merkeze 1,50 m, başlangıçtan 4,50 m, kalıp simülasyonundan 0,00 m"
4-1,"Yoğun Kalkan","Kılıç","tam_zamanli",1,1,1,1,1,1,1,1,1,1,"yerinde","yerinde",0.00,"",3.00,1.35,0.53,0.50,0.93,0.00,0.00,"","hasarsız skill (base_damage 0): etki hareketin kendisi; vuruş 1: 0,73s@boss0,62m/oyuncu2,38m; kalıp sonu: merkeze 3,00 m, başlangıçtan 0,00 m, kalıp simülasyonundan 0,00 m"
4-2,"Emici Kalkan","Kılıç","kalkan_calma",1,1,1,1,1,1,1,1,1,1,"yerinde","yerinde",76000.00,"",1.35,1.35,0.20,0.20,0.67,0.00,0.00,"","vuruş 1: 0,53s@boss1,45m/oyuncu1,28m; kalıp sonu: merkeze 2,17 m, başlangıçtan 0,00 m, kalıp simülasyonundan 0,00 m, boss 0,83 m kaydı"
4-3,"Sıçrayan Kalkan","Kılıç","seken_disk",1,1,1,1,1,1,1,1,1,1,"yerinde","yerinde",0.00,"",3.00,1.35,0.47,0.42,0.93,0.00,0.00,"","hasarsız skill (base_damage 0): etki hareketin kendisi; vuruş 2: 0,60s@boss0,30m/oyuncu3,30m 0,74s@boss3,04m/oyuncu1,43m; kalıp sonu: merkeze 3,00 m, başlangıçtan 0,00 m, kalıp simülasyonundan 0,00 m"
5-1,"Yoğun Patlama","Kılıç","saplanan_fitil",1,1,1,1,1,1,1,1,1,1,"geri","geri",156624.00,"boss:Burn",2.37,1.35,1.61,1.62,2.01,0.00,0.00,"1/6 kare koşu, ayak/gövde hız oranı 1,02","vuruş 2: 0,47s@boss0,85m/oyuncu1,52m 2,01s@boss0,85m/oyuncu2,95m; kalıp sonu: merkeze 3,80 m, başlangıçtan 0,80 m, kalıp simülasyonundan 0,00 m"
5-2,"Emici Patlama","Kılıç","ceken_girdap",1,1,1,1,1,1,1,1,1,1,"yerinde","yerinde",114184.00,"boss:Burn, oyuncu +32139 can",1.35,1.35,1.38,1.32,1.78,0.00,0.00,"","vuruş 3: 1,07s@boss0,00m/oyuncu1,35m 1,54s@boss0,00m/oyuncu1,35m 1,60s@boss0,00m/oyuncu1,35m; kalıp sonu: merkeze 1,35 m, başlangıçtan 0,00 m, kalıp simülasyonundan 0,00 m, boss 1,65 m kaydı"
5-3,"Sıçrayan Patlama","Kılıç","seken_bomba",1,1,1,1,1,1,1,1,1,1,"yerinde","yerinde",117680.00,"boss:Burn",3.00,1.35,0.63,0.58,1.03,0.00,0.00,"","vuruş 3: 0,54s@boss0,40m/oyuncu3,40m 0,67s@boss0,00m/oyuncu3,00m 0,84s@boss0,35m/oyuncu3,02m; kalıp sonu: merkeze 3,00 m, başlangıçtan 0,00 m, kalıp simülasyonundan 0,00 m"
6-1,"Yoğun Bağ","Kılıç","sinir_noktasi",1,1,1,1,1,1,1,1,1,1,"ön","ön",56056.00,"boss:Burn+Stun, boss hız x0,00",1.50,1.35,0.41,0.34,0.87,0.00,0.00,"0/4 kare koşu","vuruş 1: 0,72s@boss0,91m/oyuncu0,59m; kalıp sonu: merkeze 1,50 m, başlangıçtan 1,50 m, kalıp simülasyonundan 0,00 m"
6-2,"Emici Bağ","Kılıç","bossu_cek",1,1,1,1,1,1,1,1,1,1,"geri","geri",29120.00,"boss:Burn+Root, boss hız x0,00, oyuncu +7656 can",1.35,1.35,0.47,0.44,0.93,0.00,0.00,"2/5 kare koşu, ayak/gövde hız oranı 1,01","vuruş 1: 0,73s@boss1,53m/oyuncu1,36m; kalıp sonu: merkeze 2,67 m, başlangıçtan 1,60 m, kalıp simülasyonundan 0,00 m, boss 1,93 m kaydı"
6-3,"Sıçrayan Bağ","Kılıç","basip_sekme",1,1,1,1,1,1,1,1,1,1,"başlangıç","başlangıç",41576.00,"boss:Burn+Root, boss hız x0,00",1.66,1.35,0.53,0.52,1.00,0.00,0.00,"0/8 kare koşu","vuruş 1: 0,73s@boss1,50m/oyuncu0,26m; kalıp sonu: merkeze 3,20 m, başlangıçtan 0,20 m, kalıp simülasyonundan 0,00 m"
1-7,"Bulandırıcı Vuruş","Kılıç","dumandan_cikis",1,1,1,1,1,1,1,1,1,1,"ön","ön",165288.00,"boss:Blind+Burn",1.50,1.35,0.53,0.48,0.93,0.00,0.00,"0/3 kare koşu","vuruş 1: 0,73s@boss0,74m/oyuncu1,36m; kalıp sonu: merkeze 1,50 m, başlangıçtan 1,50 m, kalıp simülasyonundan 0,00 m"
1-8,"Yükselen Vuruş","Kılıç","havaya_kaldirma",1,1,1,1,1,1,1,1,1,1,"ön","ön",186976.00,"boss:Burn+Stun, boss hız x0,00",1.90,1.35,0.40,0.34,0.80,0.00,0.00,"0/5 kare koşu","vuruş 1: 0,53s@boss1,08m/oyuncu1,28m; kalıp sonu: merkeze 1,90 m, başlangıçtan 1,10 m, kalıp simülasyonundan 0,00 m"
1-9,"Odaklı Vuruş","Kılıç","isarete_vur",1,1,1,1,1,1,1,1,1,1,"ön","ön",264472.00,"boss:Burn",1.65,1.35,0.40,0.38,0.80,0.00,0.00,"0/3 kare koşu","vuruş 1: 0,67s@boss0,76m/oyuncu1,28m; kalıp sonu: merkeze 1,65 m, başlangıçtan 1,35 m, kalıp simülasyonundan 0,00 m"
2-7,"Bulandırıcı Şifa","Kılıç","sis_ortusu",1,1,1,1,1,1,1,1,1,1,"yerinde","yerinde",0.00,"oyuncu +112000 can",3.00,1.35,0.33,0.30,0.80,0.00,0.00,"","vuruş 1: 0,60s@boss0,00m/oyuncu3,00m; kalıp sonu: merkeze 3,00 m, başlangıçtan 0,00 m, kalıp simülasyonundan 0,00 m"
2-8,"Yükselen Şifa","Kılıç","yerden_buyuyen",1,1,1,1,1,1,1,1,1,1,"yerinde","yerinde",0.00,"oyuncu +112000 can",3.00,1.35,0.46,0.42,0.87,0.00,0.00,"","vuruş 1: 0,67s@boss6,98m/oyuncu4,32m; kalıp sonu: merkeze 3,18 m, başlangıçtan 0,25 m, kalıp simülasyonundan 0,00 m, kalıp hedefi AllyDummy"
2-9,"Odaklı Şifa","Kılıç","koruyucu_isaret",1,0,1,1,1,1,1,1,1,0,"geri","geri",0.00,"",3.00,1.35,0.27,0.20,0.67,0.00,0.00,"0/3 kare koşu","hasar yok, etki görülmedi; vuruş 1: 0,53s@boss3,90m/oyuncu0,35m; kalıp sonu: merkeze 3,61 m, başlangıçtan 0,80 m, kalıp simülasyonundan 0,00 m, kalıp hedefi AllyDummy"
3-7,"Bulandırıcı Adım","Kılıç","duman_kaybolma",1,1,1,1,1,1,1,1,1,1,"ön","ön",5608.00,"boss:Blind+Burn, oyuncu:Stealth",1.50,1.35,0.60,0.59,1.00,0.00,0.00,"0/2 kare koşu","vuruş 1: 0,53s@boss1,50m/oyuncu0,00m; kalıp sonu: merkeze 1,50 m, başlangıçtan 1,50 m, kalıp simülasyonundan 0,00 m"
3-8,"Yükselen Adım","Kılıç","sicrayip_cakilma",1,1,1,1,1,1,1,1,1,1,"ön","ön",3608.00,"boss:Burn, oyuncu:Haste, oyuncu hız x1,10",1.50,1.35,0.86,0.82,1.27,0.00,0.00,"0/5 kare koşu","vuruş 1: 1,13s@boss1,50m/oyuncu0,00m; kalıp sonu: merkeze 1,50 m, başlangıçtan 1,50 m, kalıp simülasyonundan 0,00 m"
3-9,"Odaklı Adım","Kılıç","isinlan_kes",1,1,1,1,1,1,1,1,1,1,"arka","arka",3592.00,"boss:Burn",1.50,1.35,0.54,0.48,0.93,0.00,0.00,"0/1 kare koşu","vuruş 1: 0,80s@boss0,00m/oyuncu1,50m; kalıp sonu: merkeze 1,50 m, başlangıçtan 4,50 m, kalıp simülasyonundan 0,00 m; tek karede 4,50 m sıçrama (sınır 2,49 m @ 67 ms, t=0,73, faz isin, blink tasarım gereği)"
7-1,"Yoğun Zafiyet","Kılıç","diken_firlatma",1,1,1,1,1,1,1,1,1,1,"yerinde","yerinde",24384.00,"boss:Burn",3.00,1.35,0.47,0.40,0.93,0.00,0.00,"","vuruş 1: 0,80s@boss0,30m/oyuncu3,30m; kalıp sonu: merkeze 3,00 m, başlangıçtan 0,00 m, kalıp simülasyonundan 0,00 m"
7-2,"Emici Zafiyet","Kılıç","sokup_cekme",1,1,1,1,1,1,1,1,1,1,"geri","geri",22688.00,"boss:Burn, oyuncu +5209 can",3.00,1.35,0.47,0.44,0.87,0.00,0.00,"2/5 kare koşu, ayak/gövde hız oranı 1,02","vuruş 2: 0,54s@boss0,35m/oyuncu3,46m 0,67s@boss2,59m/oyuncu1,19m; kalıp sonu: merkeze 4,30 m, başlangıçtan 1,30 m, kalıp simülasyonundan 0,00 m"
7-3,"Sıçrayan Zafiyet","Kılıç","seken_yaratik",1,1,1,1,1,1,1,1,1,1,"yerinde","yerinde",24024.00,"boss:Burn",3.00,1.35,0.67,0.64,1.07,0.00,0.00,"","vuruş 3: 0,60s@boss0,00m/oyuncu3,00m 0,73s@boss0,35m/oyuncu3,02m 0,93s@boss0,35m/oyuncu3,02m; kalıp sonu: merkeze 3,00 m, başlangıçtan 0,00 m, kalıp simülasyonundan 0,00 m"
8-1,"Yoğun Yükseliş","Kılıç","kuculten_kapi",1,1,1,1,1,1,1,1,1,1,"yerinde","yerinde",0.00,"",3.00,1.35,0.33,0.28,0.80,0.00,0.00,"","hasarsız skill (base_damage 0): etki hareketin kendisi; vuruş 1: 0,60s@boss0,62m/oyuncu2,38m; kalıp sonu: merkeze 3,00 m, başlangıçtan 0,00 m, kalıp simülasyonundan 0,00 m"
8-2,"Emici Yükseliş","Kılıç","kan_muhru",1,1,1,1,1,1,1,1,1,1,"yerinde","yerinde",0.00,"",3.00,1.35,0.28,0.32,0.75,0.00,0.00,"","hasarsız skill (base_damage 0): etki hareketin kendisi; vuruş 1: 0,54s@boss3,00m/oyuncu0,00m; kalıp sonu: merkeze 3,00 m, başlangıçtan 0,00 m, kalıp simülasyonundan 0,00 m"
8-3,"Sıçrayan Yükseliş","Kılıç","pas_verme",1,1,1,1,1,1,1,1,1,1,"yerinde","yerinde",0.00,"",3.00,1.35,0.26,0.24,0.67,0.00,0.00,"","hasarsız skill (base_damage 0): etki hareketin kendisi; vuruş 1: 0,60s@boss6,38m/oyuncu3,90m; kalıp sonu: merkeze 3,00 m, başlangıçtan 0,00 m, kalıp simülasyonundan 0,00 m, kalıp hedefi AllyDummy"
9-1,"Yoğun Arınma","Kılıç","tek_dokunus",1,1,1,1,1,1,1,1,1,1,"geri","geri",0.00,"oyuncu +32000 can",3.00,1.35,0.20,0.16,0.60,0.00,0.00,"0/2 kare koşu","vuruş 1: 0,47s@boss3,89m/oyuncu0,68m; kalıp sonu: merkeze 3,41 m, başlangıçtan 0,55 m, kalıp simülasyonundan 0,00 m, kalıp hedefi AllyDummy"
9-2,"Emici Arınma","Kılıç","cekip_firlat",1,1,1,1,1,1,1,1,1,1,"yerinde","yerinde",0.00,"oyuncu +12000 can, dost +20000 can",3.00,1.35,0.53,0.50,0.93,0.00,0.00,"","vuruş 2: 0,53s@boss2,65m/oyuncu0,35m 0,87s@boss0,30m/oyuncu3,30m; kalıp sonu: merkeze 3,00 m, başlangıçtan 0,00 m, kalıp simülasyonundan 0,00 m"
9-3,"Sıçrayan Arınma","Kılıç","dosttan_dosta",1,1,1,1,1,1,1,1,1,1,"yerinde","yerinde",0.00,"oyuncu +24000 can, dost +12000 can",3.00,1.35,0.60,0.54,1.00,0.00,0.00,"","vuruş 3: 0,53s@boss6,43m/oyuncu3,95m 0,60s@boss6,98m/oyuncu4,53m 0,80s@boss6,88m/oyuncu4,54m; kalıp sonu: merkeze 3,00 m, başlangıçtan 0,00 m, kalıp simülasyonundan 0,00 m, kalıp hedefi AllyDummy"
1-10,"Aynalı Vuruş","Kılıç","sirtta_kapi",1,1,1,1,1,1,1,1,1,1,"ön","ön",12255280.00,"boss:Burn",1.80,1.35,0.33,0.32,0.73,0.00,0.00,"0/3 kare koşu","vuruş 2: 0,47s@boss0,92m/oyuncu1,19m 0,60s@boss0,55m/oyuncu2,35m; kalıp sonu: merkeze 1,80 m, başlangıçtan 1,20 m, kalıp simülasyonundan 0,00 m"
1-11,"Kopya Vuruş","Kılıç","golge_yankisi",1,1,1,1,1,1,1,1,1,1,"ön","ön",170724.00,"boss:Burn",2.10,1.35,0.54,0.50,0.93,0.00,0.00,"1/3 kare koşu, ayak/gövde hız oranı 1,01","vuruş 2: 0,47s@boss1,10m/oyuncu1,15m 0,80s@boss1,95m/oyuncu1,39m; kalıp sonu: merkeze 2,10 m, başlangıçtan 0,90 m, kalıp simülasyonundan 0,00 m"
1-12,"Akan Vuruş","Kılıç","basili_seri",1,1,1,1,1,1,1,1,1,1,"ön","ön",140984.00,"boss:Burn",1.60,1.35,3.07,3.00,3.47,0.00,0.00,"","vuruş 6: 0,60s@boss1,73m/oyuncu1,15m 1,13s@boss1,48m/oyuncu1,15m 1,60s@boss1,26m/oyuncu1,15m 2,13s@boss1,01m/oyuncu1,15m 2,60s@boss0,80m/oyuncu1,15m 3,13s@boss0,55m/oyuncu1,15m; kalıp sonu: merkeze 1,60 m, başlangıçtan 1,40 m, kalıp simülasyonundan 0,00 m"
2-10,"Aynalı Şifa","Kılıç","ters_es",1,1,1,1,1,1,1,1,1,1,"yerinde","yerinde",16800.00,"oyuncu +112000 can",3.00,1.35,0.47,0.44,0.93,0.00,0.00,"","vuruş 2: 0,60s@boss2,60m/oyuncu0,40m 0,80s@boss0,00m/oyuncu3,00m; kalıp sonu: merkeze 3,00 m, başlangıçtan 0,00 m, kalıp simülasyonundan 0,00 m"
2-11,"Kopya Şifa","Kılıç","golge_ulak",1,1,1,1,1,1,1,1,1,1,"yan","yan",0.00,"oyuncu +68000 can, dost +44000 can",2.43,1.35,1.41,1.36,1.82,0.00,0.00,"1/3 kare koşu, ayak/gövde hız oranı 1,00","vuruş 2: 0,47s@boss3,26m/oyuncu0,35m 1,62s@boss2,85m/oyuncu1,46m; kalıp sonu: merkeze 2,43 m, başlangıçtan 1,41 m, kalıp simülasyonundan 0,00 m, kalıp hedefi AllyDummy"
2-12,"Akan Şifa","Kılıç","basili_isik",1,1,1,1,1,1,1,1,1,1,"geri","geri",0.00,"oyuncu +100000 can, dost +20000 can",3.00,1.35,3.06,3.00,3.53,0.00,0.00,"","vuruş 6: 0,67s@boss5,38m/oyuncu2,72m 1,20s@boss5,58m/oyuncu2,72m 1,67s@boss5,75m/oyuncu2,72m 2,20s@boss5,95m/oyuncu2,72m 2,67s@boss6,13m/oyuncu2,72m 3,20s@boss6,33m/oyuncu2,72m; kalıp sonu: merkeze 3,94 m, başlangıçtan 1,20 m, kalıp simülasyonundan 0,00 m, kalıp hedefi AllyDummy"
3-10,"Aynalı Adım","Kılıç","iki_kapi",1,1,1,1,1,1,1,1,1,1,"ön","ön",5980.00,"boss:Burn",1.50,1.35,0.60,0.54,1.00,0.00,0.00,"0/4 kare koşu","vuruş 2: 0,40s@boss3,00m/oyuncu0,00m 0,80s@boss1,50m/oyuncu0,00m; kalıp sonu: merkeze 1,50 m, başlangıçtan 1,50 m, kalıp simülasyonundan 0,00 m"
3-11,"Kopya Adım","Kılıç","yem_kac",1,1,1,1,1,1,1,1,1,1,"geri","geri",5184.00,"boss:Burn",3.00,1.35,0.40,0.40,0.80,0.00,0.00,"0/4 kare koşu","vuruş 1: 0,40s@boss3,00m/oyuncu0,00m; kalıp sonu: merkeze 5,80 m, başlangıçtan 2,80 m, kalıp simülasyonundan 0,00 m"
3-12,"Akan Adım","Kılıç","suzulme",1,1,1,1,1,1,1,1,1,1,"ön","ön",0.00,"",1.90,1.35,3.00,3.00,3.40,0.00,0.00,"","hasarsız skill (base_damage 0): etki hareketin kendisi; kalıp sonu: merkeze 1,90 m, başlangıçtan 1,10 m, kalıp simülasyonundan 0,00 m"
10-1,"Yoğun Yansı","Kılıç","tam_zamanli",1,1,1,1,1,1,1,1,1,1,"yerinde","yerinde",4004.00,"boss:Burn",3.00,1.35,0.53,0.50,0.93,0.00,0.00,"","vuruş 1: 0,73s@boss0,62m/oyuncu2,38m; kalıp sonu: merkeze 3,00 m, başlangıçtan 0,00 m, kalıp simülasyonundan 0,00 m"
10-2,"Emici Yansı","Kılıç","yutan_girdap",1,1,1,1,1,1,1,1,1,1,"yerinde","yerinde",16604.00,"boss:Burn",1.35,1.35,3.24,3.18,3.70,0.00,0.00,"","vuruş 4: 1,33s@boss1,03m/oyuncu2,38m 2,13s@boss1,03m/oyuncu2,38m 2,87s@boss1,03m/oyuncu2,38m 3,64s@boss1,03m/oyuncu2,38m; kalıp sonu: merkeze 1,35 m, başlangıçtan 0,00 m, kalıp simülasyonundan 0,00 m, boss 1,65 m kaydı"
10-3,"Sıçrayan Yansı","Kılıç","seken_geri",1,1,1,1,1,1,1,1,1,1,"ön","ön",4392.00,"boss:Burn",1.90,1.35,0.40,0.36,0.87,0.00,0.00,"0/3 kare koşu","vuruş 2: 0,53s@boss0,54m/oyuncu1,53m 0,67s@boss0,00m/oyuncu1,90m; kalıp sonu: merkeze 1,90 m, başlangıçtan 1,10 m, kalıp simülasyonundan 0,00 m"
10-10,"Aynalı Yansı","Kılıç","iki_kapi",1,1,1,1,1,1,1,1,1,1,"ön","ön",0.00,"",1.50,1.35,0.60,0.54,1.00,0.00,0.00,"0/4 kare koşu","hasarsız skill (base_damage 0): etki hareketin kendisi; vuruş 2: 0,40s@boss3,00m/oyuncu0,00m 0,80s@boss1,50m/oyuncu0,00m; kalıp sonu: merkeze 1,50 m, başlangıçtan 1,50 m, kalıp simülasyonundan 0,00 m"
10-11,"Kopya Yansı","Kılıç","yem_kopya",1,1,1,1,1,1,1,1,1,1,"yerinde","yerinde",3616.00,"boss:Burn",2.85,1.35,0.40,0.36,0.87,0.00,0.00,"","vuruş 1: 0,67s@boss2,84m/oyuncu1,29m; kalıp sonu: merkeze 2,85 m, başlangıçtan 0,15 m, kalıp simülasyonundan 0,00 m"
10-12,"Akan Yansı","Kılıç","basili_siper",1,1,1,1,1,1,1,1,1,1,"ön","ön",16008.00,"boss:Burn",2.20,1.35,3.00,3.00,3.47,0.00,0.00,"","vuruş 3: 1,20s@boss0,41m/oyuncu2,38m 2,20s@boss0,14m/oyuncu2,38m 3,20s@boss0,13m/oyuncu2,38m; kalıp sonu: merkeze 2,20 m, başlangıçtan 0,80 m, kalıp simülasyonundan 0,00 m"
11-1,"Yoğun Çağrı","Kılıç","sirt_saplama",1,1,1,1,1,1,1,1,1,1,"ön","ön",3168.00,"boss:Burn",1.90,1.35,0.53,0.46,1.00,0.00,0.00,"0/2 kare koşu","vuruş 1: 0,80s@boss0,00m/oyuncu1,90m; kalıp sonu: merkeze 1,90 m, başlangıçtan 1,10 m, kalıp simülasyonundan 0,00 m"
11-2,"Emici Çağrı","Kılıç","yapisan",1,1,1,1,1,1,1,1,1,1,"yerinde","yerinde",24184.00,"boss:Burn",1.35,1.35,5.23,5.18,5.63,0.00,0.00,"","vuruş 6: 0,54s@boss0,20m/oyuncu2,65m 1,53s@boss0,00m/oyuncu1,35m 2,53s@boss0,00m/oyuncu1,35m 3,56s@boss0,00m/oyuncu1,35m 4,56s@boss0,00m/oyuncu1,35m 5,56s@boss0,00m/oyuncu1,35m; kalıp sonu: merkeze 1,35 m, başlangıçtan 0,00 m, kalıp simülasyonundan 0,00 m, boss 1,65 m kaydı"
11-3,"Sıçrayan Çağrı","Kılıç","seken_yaratik",1,1,1,1,1,1,1,1,1,1,"yerinde","yerinde",5200.00,"boss:Burn",3.00,1.35,0.67,0.64,1.14,0.00,0.00,"","vuruş 3: 0,67s@boss0,00m/oyuncu3,00m 0,87s@boss0,35m/oyuncu3,02m 1,00s@boss0,35m/oyuncu3,02m; kalıp sonu: merkeze 3,00 m, başlangıçtan 0,00 m, kalıp simülasyonundan 0,00 m"
11-10,"Aynalı Çağrı","Kılıç","takim_kapisi",1,1,1,1,1,1,1,1,1,1,"ön","ön",10016.00,"boss:Burn",2.35,1.35,1.40,1.36,1.80,0.00,0.00,"0/2 kare koşu","vuruş 1: 0,60s@boss2,35m/oyuncu0,00m; kalıp sonu: merkeze 2,35 m, başlangıçtan 0,65 m, kalıp simülasyonundan 0,00 m"
11-11,"Kopya Çağrı","Kılıç","ayna_klonlar",1,1,1,1,1,1,1,1,1,1,"ön","ön",4404.00,"boss:Burn",2.35,1.35,0.66,0.62,1.13,0.00,0.00,"0/2 kare koşu","vuruş 2: 0,80s@boss2,37m/oyuncu1,41m 0,93s@boss2,37m/oyuncu1,41m; kalıp sonu: merkeze 2,35 m, başlangıçtan 0,65 m, kalıp simülasyonundan 0,00 m"
11-12,"Akan Çağrı","Kılıç","kapidan_akin",1,1,1,1,1,1,1,1,1,1,"ön","ön",21968.00,"boss:Burn",2.35,1.35,4.33,4.32,4.80,0.00,0.00,"0/2 kare koşu","vuruş 6: 0,73s@boss0,85m/oyuncu1,50m 1,53s@boss0,00m/oyuncu2,35m 2,33s@boss0,00m/oyuncu2,35m 3,13s@boss0,00m/oyuncu2,35m 3,93s@boss0,00m/oyuncu2,35m 4,73s@boss0,00m/oyuncu2,35m; kalıp sonu: merkeze 2,35 m, başlangıçtan 0,65 m, kalıp simülasyonundan 0,00 m"
12-1,"Yoğun Zaman","Kılıç","zamanli_donma",1,1,1,1,1,1,1,1,1,1,"ön","ön",3524.00,"boss:Burn+Slow, boss hız x0,70",1.50,1.35,0.58,0.50,0.98,0.00,0.00,"0/2 kare koşu","vuruş 1: 0,83s@boss0,24m/oyuncu1,28m; kalıp sonu: merkeze 1,50 m, başlangıçtan 1,50 m, kalıp simülasyonundan 0,00 m"
12-2,"Emici Zaman","Kılıç","ceken_girdap",1,1,1,1,1,1,1,1,1,1,"yerinde","yerinde",6388.00,"boss:Burn+Slow, oyuncu:Haste, boss hız x0,70, oyuncu hız x1,30",3.00,1.35,1.34,1.32,1.80,0.00,0.00,"","vuruş 3: 1,13s@boss0,00m/oyuncu3,00m 1,60s@boss0,00m/oyuncu3,00m 1,68s@boss0,00m/oyuncu3,00m; kalıp sonu: merkeze 3,00 m, başlangıçtan 0,00 m, kalıp simülasyonundan 0,00 m"
12-3,"Sıçrayan Zaman","Kılıç","geri_donen_kure",1,1,1,1,1,1,1,1,1,1,"yerinde","yerinde",5196.00,"boss:Burn+Slow, boss hız x0,70",3.00,1.35,0.53,0.50,0.94,0.00,0.00,"","vuruş 2: 0,54s@boss0,30m/oyuncu3,30m 0,81s@boss0,96m/oyuncu2,04m; kalıp sonu: merkeze 3,00 m, başlangıçtan 0,00 m, kalıp simülasyonundan 0,00 m"
12-10,"Aynalı Zaman","Kılıç","boss_geri",1,1,1,1,1,1,1,1,1,1,"yerinde","yerinde",4384.00,"boss:Burn+Slow, boss hız x0,70",3.00,1.35,0.47,0.46,0.93,0.00,0.00,"","vuruş 1: 0,60s@boss0,30m/oyuncu3,30m; kalıp sonu: merkeze 3,00 m, başlangıçtan 0,00 m, kalıp simülasyonundan 0,00 m"
12-11,"Kopya Zaman","Kılıç","geri_sarma",1,1,1,1,1,1,1,1,1,1,"başlangıç","başlangıç",0.00,"",1.50,1.35,2.73,2.66,3.18,0.00,0.00,"0/8 kare koşu","hasarsız skill (base_damage 0): etki hareketin kendisi; kalıp sonu: merkeze 3,00 m, başlangıçtan 0,00 m, kalıp simülasyonundan 0,00 m"
12-12,"Akan Zaman","Kılıç","yuruyen_balon",1,1,1,1,1,1,1,1,1,1,"ön","ön",24384.00,"boss:Burn+Slow, boss hız x0,70",1.80,1.35,4.20,4.20,4.67,0.00,0.00,"","vuruş 5: 0,53s@boss3,00m/oyuncu0,00m 1,60s@boss2,70m/oyuncu0,00m 2,67s@boss2,38m/oyuncu0,00m 3,60s@boss2,10m/oyuncu0,00m 4,60s@boss1,80m/oyuncu0,00m; kalıp sonu: merkeze 1,80 m, başlangıçtan 1,20 m, kalıp simülasyonundan 0,00 m"
4-4,"Sabit Kalkan","Kılıç","duvar_dikme",1,1,1,1,1,1,1,1,1,1,"yerinde","yerinde",0.00,"",3.00,1.35,0.33,0.32,0.80,0.00,0.00,"","hasarsız skill (base_damage 0): etki hareketin kendisi; vuruş 1: 0,67s@boss0,62m/oyuncu2,38m; kalıp sonu: merkeze 3,00 m, başlangıçtan 0,00 m, kalıp simülasyonundan 0,00 m"
4-5,"Yayılan Kalkan","Kılıç","onde_yelpaze",1,1,1,1,1,1,1,1,1,1,"yerinde","yerinde",0.00,"",3.00,1.35,0.66,0.63,1.13,0.00,0.00,"","hasarsız skill (base_damage 0): etki hareketin kendisi; vuruş 1: 0,87s@boss1,88m/oyuncu1,12m; kalıp sonu: merkeze 3,00 m, başlangıçtan 0,00 m, kalıp simülasyonundan 0,00 m"
4-6,"Bağlayıcı Kalkan","Kılıç","zincirli_firlatma",1,1,1,1,1,1,1,1,1,1,"ön","ön",0.00,"",1.50,1.35,0.73,0.70,1.20,0.00,0.00,"2/4 kare koşu, ayak/gövde hız oranı 0,96","hasarsız skill (base_damage 0): etki hareketin kendisi; vuruş 2: 0,60s@boss0,45m/oyuncu3,45m 1,07s@boss0,45m/oyuncu1,28m; kalıp sonu: merkeze 1,50 m, başlangıçtan 1,50 m, kalıp simülasyonundan 0,00 m"
4-7,"Bulandırıcı Kalkan","Kılıç","duman_duvari",1,1,1,1,1,1,1,1,1,1,"yerinde","yerinde",0.00,"",2.80,1.35,0.53,0.52,1.00,0.00,0.00,"","hasarsız skill (base_damage 0): etki hareketin kendisi; vuruş 1: 0,67s@boss0,42m/oyuncu2,38m; kalıp sonu: merkeze 2,80 m, başlangıçtan 0,20 m, kalıp simülasyonundan 0,00 m"
4-8,"Yükselen Kalkan","Kılıç","yerden_buyuyen",1,1,1,1,1,1,1,1,1,1,"yerinde","yerinde",0.00,"",3.00,1.35,0.47,0.42,0.93,0.00,0.00,"","hasarsız skill (base_damage 0): etki hareketin kendisi; vuruş 1: 0,73s@boss6,98m/oyuncu4,33m; kalıp sonu: merkeze 3,18 m, başlangıçtan 0,25 m, kalıp simülasyonundan 0,00 m, kalıp hedefi AllyDummy"
4-9,"Odaklı Kalkan","Kılıç","koruyucu_isaret",1,1,1,1,1,1,1,1,1,1,"geri","geri",0.00,"",3.00,1.35,0.20,0.20,0.60,0.00,0.00,"0/3 kare koşu","hasarsız skill (base_damage 0): etki hareketin kendisi; vuruş 1: 0,54s@boss3,90m/oyuncu0,35m; kalıp sonu: merkeze 3,61 m, başlangıçtan 0,80 m, kalıp simülasyonundan 0,00 m, kalıp hedefi AllyDummy"
5-4,"Sabit Patlama","Kılıç","mayin_cakma",1,1,1,1,1,1,1,1,1,1,"yerinde","yerinde",179476.00,"boss:Burn",3.00,1.35,0.47,0.42,0.87,0.00,0.00,"","vuruş 2: 0,60s@boss0,85m/oyuncu2,15m 0,67s@boss0,85m/oyuncu2,15m; kalıp sonu: merkeze 3,00 m, başlangıçtan 0,00 m, kalıp simülasyonundan 0,00 m"
5-5,"Yayılan Patlama","Kılıç","yer_yarigi",1,1,1,1,1,1,1,1,1,1,"ön","ön",100268.00,"boss:Burn",1.50,1.35,0.60,0.56,1.00,0.00,0.00,"0/8 kare koşu","vuruş 3: 0,67s@boss0,25m/oyuncu1,27m 0,73s@boss0,14m/oyuncu1,36m 0,87s@boss0,23m/oyuncu1,28m; kalıp sonu: merkeze 1,50 m, başlangıçtan 2,07 m, kalıp simülasyonundan 0,00 m"
5-6,"Bağlayıcı Patlama","Kılıç","gerilip_kopan",1,1,1,1,1,1,1,1,1,1,"geri","geri",111352.00,"boss:Root+Slow+Burn, boss hız x0,00",1.35,1.35,0.60,0.58,1.00,0.00,0.00,"0/6 kare koşu","vuruş 2: 0,53s@boss0,85m/oyuncu1,11m 0,87s@boss0,85m/oyuncu2,65m; kalıp sonu: merkeze 2,79 m, başlangıçtan 0,50 m, kalıp simülasyonundan 0,00 m, boss 0,71 m kaydı"
5-7,"Bulandırıcı Patlama","Kılıç","sis_bombasi",1,1,1,1,1,1,1,1,1,1,"yerinde","yerinde",114668.00,"boss:Blind+Burn, oyuncu:Stealth",3.00,1.35,0.27,0.22,0.67,0.00,0.00,"","vuruş 1: 0,53s@boss0,35m/oyuncu3,35m; kalıp sonu: merkeze 3,00 m, başlangıçtan 0,00 m, kalıp simülasyonundan 0,00 m"
5-8,"Yükselen Patlama","Kılıç","yerden_fiskirma",1,1,1,1,1,1,1,1,1,1,"ön","ön",129760.00,"boss:Burn+Stun, boss hız x0,00",2.60,1.35,0.47,0.44,0.87,0.00,0.00,"","vuruş 1: 0,67s@boss0,00m/oyuncu2,75m; kalıp sonu: merkeze 2,60 m, başlangıçtan 0,40 m, kalıp simülasyonundan 0,00 m"
5-9,"Odaklı Patlama","Kılıç","gudumlu_top",1,1,1,1,1,1,1,1,1,1,"yerinde","yerinde",183064.00,"boss:Burn",3.00,1.35,0.60,0.56,1.00,0.00,0.00,"","vuruş 1: 0,87s@boss0,00m/oyuncu3,00m; kalıp sonu: merkeze 3,00 m, başlangıçtan 0,00 m, kalıp simülasyonundan 0,00 m"
6-4,"Sabit Bağ","Kılıç","karsilikli_kilit",1,1,1,1,1,1,1,1,1,1,"ön","ön",44300.00,"boss:Burn+Root, boss hız x0,00",1.50,1.35,3.27,3.24,3.74,0.00,0.00,"1/4 kare koşu, ayak/gövde hız oranı 0,98","vuruş 1: 0,93s@boss0,40m/oyuncu1,11m; kalıp sonu: merkeze 1,50 m, başlangıçtan 1,50 m, kalıp simülasyonundan 0,00 m"
6-5,"Yayılan Bağ","Kılıç","yer_tuzagi",1,1,1,1,1,1,1,1,1,1,"yerinde","yerinde",25552.00,"boss:Burn+Root, boss hız x0,00",3.00,1.35,0.33,0.28,0.80,0.00,0.00,"","vuruş 1: 0,60s@boss0,62m/oyuncu2,38m; kalıp sonu: merkeze 3,00 m, başlangıçtan 0,00 m, kalıp simülasyonundan 0,00 m"
6-6,"Bağlayıcı Bağ","Kılıç","iki_uclu",1,1,1,1,1,1,1,1,1,1,"yerinde","yerinde",32172.00,"boss:Root+Slow+Burn, boss hız x0,00",3.00,1.35,0.67,0.65,1.14,0.00,0.00,"","vuruş 1: 0,60s@boss0,28m/oyuncu3,28m; kalıp sonu: merkeze 3,00 m, başlangıçtan 0,00 m, kalıp simülasyonundan 0,00 m"
6-7,"Bulandırıcı Bağ","Kılıç","goz_bagi",1,1,1,1,1,1,0,1,1,0,"yerinde","yerinde",28284.00,"boss:Blind+Burn+Root, boss hız x0,00",3.00,1.35,0.00,0.20,0.66,0.00,0.00,"","vuruş 1: 0,66s@boss0,28m/oyuncu3,28m; kalıp sonu: merkeze 3,00 m, başlangıçtan 0,00 m, kalıp simülasyonundan 0,00 m; kalıp bang'den 0,26 sn sonra başladı"
6-8,"Yükselen Bağ","Kılıç","havada_asma",1,1,1,1,1,1,1,1,1,1,"ön","ön",34880.00,"boss:Stun+Burn+Root, boss hız x0,00",1.50,1.35,1.20,1.14,1.66,0.00,0.00,"0/5 kare koşu","vuruş 1: 0,93s@boss1,50m/oyuncu0,00m; kalıp sonu: merkeze 1,50 m, başlangıçtan 1,50 m, kalıp simülasyonundan 0,00 m"
6-9,"Odaklı Bağ","Kılıç","zamanli_donma",1,1,1,1,1,1,1,1,1,1,"ön","ön",47888.00,"boss:Burn+Root, boss hız x0,00",1.50,1.35,0.54,0.50,0.94,0.00,0.00,"0/3 kare koşu","vuruş 1: 0,80s@boss0,55m/oyuncu1,28m; kalıp sonu: merkeze 1,50 m, başlangıçtan 1,50 m, kalıp simülasyonundan 0,00 m"
7-4,"Sabit Zafiyet","Kılıç","mayin_cakma",1,1,1,1,1,1,1,1,1,1,"yerinde","yerinde",19740.00,"boss:Burn",3.00,1.35,0.46,0.42,0.87,0.00,0.00,"","vuruş 2: 0,62s@boss0,85m/oyuncu2,15m 0,68s@boss0,85m/oyuncu2,15m; kalıp sonu: merkeze 3,00 m, başlangıçtan 0,00 m, kalıp simülasyonundan 0,00 m"
7-5,"Yayılan Zafiyet","Kılıç","onde_yelpaze",1,1,1,1,1,1,1,1,1,1,"yerinde","yerinde",19656.00,"boss:Burn",3.00,1.35,0.67,0.63,1.07,0.00,0.00,"","vuruş 1: 0,80s@boss1,88m/oyuncu1,12m; kalıp sonu: merkeze 3,00 m, başlangıçtan 0,00 m, kalıp simülasyonundan 0,00 m"
7-6,"Bağlayıcı Zafiyet","Kılıç","dost_ip",1,1,1,1,1,1,1,1,1,1,"yerinde","yerinde",24744.00,"boss:Burn+Root+Slow, boss hız x0,00",3.00,1.35,0.29,0.62,0.82,0.00,0.00,"","vuruş 1: 0,53s@boss0,28m/oyuncu3,28m; kalıp sonu: merkeze 3,00 m, başlangıçtan 0,00 m, kalıp simülasyonundan 0,00 m"
8-4,"Sabit Yükseliş","Kılıç","totem_dikme",1,1,1,1,1,1,1,1,1,1,"yerinde","yerinde",0.00,"",3.00,1.35,0.33,0.30,0.73,0.00,0.00,"","hasarsız skill (base_damage 0): etki hareketin kendisi; vuruş 1: 0,60s@boss3,10m/oyuncu0,00m; kalıp sonu: merkeze 3,11 m, başlangıçtan 0,15 m, kalıp simülasyonundan 0,00 m, kalıp hedefi AllyDummy"
8-5,"Yayılan Yükseliş","Kılıç","savas_narasi",1,1,1,1,1,1,0,1,1,0,"yerinde","yerinde",0.00,"",3.00,1.35,0.05,0.36,0.72,0.00,0.00,"","hasarsız skill (base_damage 0): etki hareketin kendisi; vuruş 1: 0,67s@boss3,00m/oyuncu0,00m; kalıp sonu: merkeze 3,00 m, başlangıçtan 0,00 m, kalıp simülasyonundan 0,00 m; kalıp bang'den 0,27 sn sonra başladı"
8-6,"Bağlayıcı Yükseliş","Kılıç","dost_dosta",1,1,1,1,1,1,1,1,1,1,"yan","yan",0.00,"",2.38,1.35,0.53,0.52,1.00,0.00,0.00,"1/4 kare koşu, ayak/gövde hız oranı 1,01","hasarsız skill (base_damage 0): etki hareketin kendisi; vuruş 3: 0,51s@boss4,05m/oyuncu1,22m 0,74s@boss2,86m/oyuncu1,41m 0,87s@boss4,76m/oyuncu2,38m; kalıp sonu: merkeze 2,38 m, başlangıçtan 1,41 m, kalıp simülasyonundan 0,00 m, kalıp hedefi AllyDummy"
9-4,"Sabit Arınma","Kılıç","yer_tuzagi",1,1,1,1,1,1,1,1,1,1,"yerinde","yerinde",0.00,"oyuncu +32000 can",3.00,1.35,0.33,0.28,0.74,0.00,0.00,"","vuruş 1: 0,53s@boss0,62m/oyuncu2,38m; kalıp sonu: merkeze 3,00 m, başlangıçtan 0,00 m, kalıp simülasyonundan 0,00 m"
9-5,"Yayılan Arınma","Kılıç","dagilan_yagmur",1,1,1,1,1,1,1,1,1,1,"yerinde","yerinde",0.00,"oyuncu +32000 can",3.00,1.35,0.60,0.58,0.99,0.00,0.00,"","vuruş 1: 0,73s@boss3,00m/oyuncu0,00m; kalıp sonu: merkeze 3,00 m, başlangıçtan 0,00 m, kalıp simülasyonundan 0,00 m, kalıp hedefi AllyDummy"
9-6,"Bağlayıcı Arınma","Kılıç","iki_uclu",1,1,1,1,1,1,1,1,1,1,"yerinde","yerinde",0.00,"oyuncu +32000 can",3.00,1.35,0.67,0.65,1.06,0.00,0.00,"","vuruş 1: 0,53s@boss6,36m/oyuncu3,87m; kalıp sonu: merkeze 3,00 m, başlangıçtan 0,00 m, kalıp simülasyonundan 0,00 m, kalıp hedefi AllyDummy"
4-10,"Aynalı Kalkan","Kılıç","sirtta_kapi",1,1,1,1,1,1,1,1,1,1,"ön","ön",24000.00,"",1.80,1.35,0.33,0.32,0.75,0.00,0.00,"0/3 kare koşu","vuruş 2: 0,49s@boss0,91m/oyuncu1,19m 0,62s@boss0,55m/oyuncu2,35m; kalıp sonu: merkeze 1,80 m, başlangıçtan 1,20 m, kalıp simülasyonundan 0,00 m"
4-11,"Kopya Kalkan","Kılıç","yem_kopya",1,1,1,1,1,1,1,1,1,1,"yerinde","yerinde",0.00,"",3.00,1.35,0.27,0.24,0.74,0.00,0.00,"","hasarsız skill (base_damage 0): etki hareketin kendisi; vuruş 1: 0,60s@boss2,98m/oyuncu1,29m; kalıp sonu: merkeze 3,00 m, başlangıçtan 0,00 m, kalıp simülasyonundan 0,00 m"
4-12,"Akan Kalkan","Kılıç","basili_siper",1,1,1,1,1,1,0,1,1,0,"geri","geri",0.00,"",3.00,1.35,3.33,3.00,3.79,0.00,0.00,"","hasarsız skill (base_damage 0): etki hareketin kendisi; vuruş 3: 1,20s@boss5,17m/oyuncu2,38m 2,53s@boss5,50m/oyuncu2,38m 3,15s@boss5,65m/oyuncu2,38m; kalıp sonu: merkeze 3,61 m, başlangıçtan 0,80 m, kalıp simülasyonundan 0,00 m, kalıp hedefi AllyDummy; kalıp 3,33 sn (beklenen 3,00)"
5-10,"Aynalı Patlama","Kılıç","karsi_darbe",1,1,1,1,1,1,1,1,1,1,"ön","ön",120456.00,"boss:Burn",1.70,1.35,0.40,0.36,0.80,0.00,0.00,"0/3 kare koşu","vuruş 1: 0,67s@boss0,54m/oyuncu1,36m; kalıp sonu: merkeze 1,70 m, başlangıçtan 1,30 m, kalıp simülasyonundan 0,00 m"
5-11,"Kopya Patlama","Kılıç","golge_yankisi",1,1,1,1,1,1,1,1,1,1,"ön","ön",141328.00,"boss:Burn",2.10,1.35,0.53,0.50,0.93,0.00,0.00,"1/3 kare koşu, ayak/gövde hız oranı 1,02","vuruş 2: 0,46s@boss1,14m/oyuncu1,15m 0,80s@boss1,95m/oyuncu1,39m; kalıp sonu: merkeze 2,10 m, başlangıçtan 0,90 m, kalıp simülasyonundan 0,00 m"
5-12,"Akan Patlama","Kılıç","patlayan_iz",1,1,1,1,1,1,1,1,1,1,"ön","ön",110260.00,"boss:Burn",2.95,1.35,3.03,3.00,3.43,0.00,0.00,"","vuruş 6: 0,80s@boss2,14m/oyuncu1,53m 1,33s@boss2,33m/oyuncu1,53m 2,13s@boss2,86m/oyuncu1,53m 2,35s@boss2,74m/oyuncu1,53m 2,81s@boss2,45m/oyuncu1,53m 3,30s@boss2,10m/oyuncu1,53m; kalıp sonu: merkeze 3,60 m, başlangıçtan 2,20 m, kalıp simülasyonundan 0,70 m, boss 2,80 m kaydı"
6-10,"Aynalı Bağ","Kılıç","karsi_darbe",1,1,1,1,1,1,1,1,1,1,"ön","ön",28992.00,"boss:Burn+Root, boss hız x0,00",1.70,1.35,0.40,0.36,0.86,0.00,0.00,"0/3 kare koşu","vuruş 1: 0,73s@boss0,58m/oyuncu1,36m; kalıp sonu: merkeze 1,70 m, başlangıçtan 1,30 m, kalıp simülasyonundan 0,00 m"
6-11,"Kopya Bağ","Kılıç","onden_arkadan",1,1,1,1,1,1,1,1,1,1,"ön","ön",30432.00,"boss:Burn+Root, boss hız x0,00",2.10,1.35,0.40,0.34,0.80,0.00,0.00,"0/3 kare koşu","vuruş 2: 0,47s@boss1,15m/oyuncu1,11m 0,60s@boss0,60m/oyuncu2,70m; kalıp sonu: merkeze 2,10 m, başlangıçtan 0,90 m, kalıp simülasyonundan 0,00 m"
6-12,"Akan Bağ","Kılıç","cember_sarma",1,1,1,1,1,1,1,1,1,1,"arka","arka",21436.00,"boss:Root+Burn, boss hız x0,00",1.50,1.35,0.93,0.90,1.33,0.00,0.00,"0/11 kare koşu","vuruş 1: 1,20s@boss0,00m/oyuncu2,06m; kalıp sonu: merkeze 2,06 m, başlangıçtan 4,59 m, kalıp simülasyonundan 0,00 m"
10-4,"Sabit Yansı","Kılıç","duvar_dikme",1,1,1,1,1,1,1,1,1,1,"yerinde","yerinde",3592.00,"boss:Burn",3.00,1.35,0.33,0.32,0.73,0.00,0.00,"","vuruş 1: 0,60s@boss0,62m/oyuncu2,38m; kalıp sonu: merkeze 3,00 m, başlangıçtan 0,00 m, kalıp simülasyonundan 0,00 m"
10-5,"Yayılan Yansı","Kılıç","yuruyen_balon",1,1,1,1,1,1,1,1,1,1,"ön","ön",24056.00,"boss:Burn",1.80,1.35,4.19,4.20,4.66,0.00,0.00,"","vuruş 5: 0,52s@boss3,00m/oyuncu0,00m 1,66s@boss2,68m/oyuncu0,00m 2,60s@boss2,40m/oyuncu0,00m 3,67s@boss2,08m/oyuncu0,00m 4,60s@boss1,80m/oyuncu0,00m; kalıp sonu: merkeze 1,80 m, başlangıçtan 1,20 m, kalıp simülasyonundan 0,00 m"
10-6,"Bağlayıcı Yansı","Kılıç","silaha_kement",1,1,1,1,1,1,1,1,1,1,"yerinde","yerinde",7600.00,"boss:Root+Slow+Burn, boss hız x0,00",3.00,1.35,1.00,0.94,1.40,0.00,0.00,"","vuruş 1: 0,53s@boss0,40m/oyuncu3,40m; kalıp sonu: merkeze 3,00 m, başlangıçtan 0,00 m, kalıp simülasyonundan 0,00 m"
11-4,"Sabit Çağrı","Kılıç","taret_dikme",1,1,1,1,1,1,1,1,1,1,"ön","ön",2780.00,"boss:Burn",2.35,1.35,0.60,0.54,1.07,0.00,0.00,"0/2 kare koşu","vuruş 2: 0,66s@boss2,35m/oyuncu0,00m 0,94s@boss0,28m/oyuncu2,63m; kalıp sonu: merkeze 2,35 m, başlangıçtan 0,65 m, kalıp simülasyonundan 0,00 m"
11-5,"Yayılan Çağrı","Kılıç","dagilan_suru",1,1,1,1,1,1,1,1,1,1,"yerinde","yerinde",5580.00,"boss:Burn",3.00,1.35,0.47,0.42,0.87,0.00,0.00,"","vuruş 3: 0,47s@boss0,35m/oyuncu3,02m 0,60s@boss0,00m/oyuncu3,00m 0,73s@boss0,35m/oyuncu3,02m; kalıp sonu: merkeze 3,00 m, başlangıçtan 0,00 m, kalıp simülasyonundan 0,00 m"
11-6,"Bağlayıcı Çağrı","Kılıç","muhafiz",1,1,1,1,1,1,1,1,1,1,"ön","ön",5564.00,"boss:Burn+Root+Slow, boss hız x0,00",2.35,1.35,0.66,0.64,1.07,0.00,0.00,"0/2 kare koşu","vuruş 1: 0,60s@boss2,31m/oyuncu1,20m; kalıp sonu: merkeze 2,35 m, başlangıçtan 0,65 m, kalıp simülasyonundan 0,00 m"
12-4,"Sabit Zaman","Kılıç","totem_dikme",1,1,1,1,1,1,1,1,1,1,"yerinde","yerinde",3204.00,"boss:Burn+Slow+Stun, boss hız x0,00",2.85,1.35,0.33,0.30,0.79,0.00,0.00,"","vuruş 1: 0,67s@boss2,87m/oyuncu0,00m; kalıp sonu: merkeze 2,85 m, başlangıçtan 0,15 m, kalıp simülasyonundan 0,00 m"
12-5,"Yayılan Zaman","Kılıç","genisleyen_halka",1,1,1,1,1,1,1,1,1,1,"yerinde","yerinde",3468.00,"boss:Burn+Slow, boss hız x0,70",3.00,1.35,0.60,0.58,1.06,0.00,0.00,"","vuruş 1: 0,86s@boss3,00m/oyuncu0,00m; kalıp sonu: merkeze 3,00 m, başlangıçtan 0,00 m, kalıp simülasyonundan 0,00 m"
12-6,"Bağlayıcı Zaman","Kılıç","iki_uclu",1,1,1,1,1,1,1,1,1,1,"yerinde","yerinde",5596.00,"boss:Burn, oyuncu:Haste, oyuncu hız x1,30",3.00,1.35,0.67,0.65,1.13,0.00,0.00,"","vuruş 1: 0,59s@boss0,28m/oyuncu3,28m; kalıp sonu: merkeze 3,00 m, başlangıçtan 0,00 m, kalıp simülasyonundan 0,00 m"
7-7,"Bulandırıcı Zafiyet","Kılıç","sis_bombasi",1,1,1,1,1,1,1,1,1,1,"yerinde","yerinde",19140.00,"boss:Blind+Burn",3.00,1.35,0.00,0.22,0.55,0.00,0.00,"","vuruş 1: 0,55s@boss0,35m/oyuncu3,35m; kalıp sonu: merkeze 3,00 m, başlangıçtan 0,00 m, kalıp simülasyonundan 0,00 m"
7-8,"Yükselen Zafiyet","Kılıç","yerden_fiskirma",1,1,1,1,1,1,1,1,1,1,"ön","ön",21928.00,"boss:Burn+Stun, boss hız x0,00",2.60,1.35,0.46,0.44,0.86,0.00,0.00,"","vuruş 1: 0,66s@boss0,00m/oyuncu2,75m; kalıp sonu: merkeze 2,60 m, başlangıçtan 0,40 m, kalıp simülasyonundan 0,00 m"
7-9,"Odaklı Zafiyet","Kılıç","isaret_patlamasi",1,1,1,1,1,1,1,1,1,1,"yerinde","yerinde",31972.00,"boss:Burn",3.00,1.35,1.93,1.92,2.33,0.00,0.00,"","vuruş 1: 2,20s@boss0,00m/oyuncu3,00m; kalıp sonu: merkeze 3,00 m, başlangıçtan 0,00 m, kalıp simülasyonundan 0,00 m"
7-10,"Aynalı Zafiyet","Kılıç","onden_arkadan",1,1,1,1,1,1,1,1,1,1,"ön","ön",26552.00,"boss:Burn",2.10,1.35,0.40,0.34,0.86,0.00,0.00,"0/3 kare koşu","vuruş 2: 0,52s@boss1,18m/oyuncu1,11m 0,67s@boss0,60m/oyuncu2,70m; kalıp sonu: merkeze 2,10 m, başlangıçtan 0,90 m, kalıp simülasyonundan 0,00 m"
7-11,"Kopya Zafiyet","Kılıç","golge_yankisi",1,1,1,1,1,1,1,1,1,1,"ön","ön",28828.00,"boss:Burn",2.10,1.35,0.45,0.50,0.92,0.00,0.00,"0/2 kare koşu","vuruş 2: 0,52s@boss1,17m/oyuncu1,15m 0,92s@boss1,95m/oyuncu1,39m; kalıp sonu: merkeze 2,10 m, başlangıçtan 0,90 m, kalıp simülasyonundan 0,00 m"
7-12,"Akan Zafiyet","Kılıç","basili_isik",1,1,1,1,1,1,1,1,1,1,"ön","ön",40992.00,"boss:Burn",1.80,1.35,3.00,3.00,3.44,0.00,0.00,"","vuruş 6: 0,64s@boss0,17m/oyuncu2,72m 1,18s@boss0,04m/oyuncu2,72m 1,65s@boss0,23m/oyuncu2,72m 2,18s@boss0,44m/oyuncu2,72m 2,65s@boss0,63m/oyuncu2,72m 3,18s@boss0,84m/oyuncu2,72m; kalıp sonu: merkeze 1,80 m, başlangıçtan 1,20 m, kalıp simülasyonundan 0,00 m"
8-7,"Bulandırıcı Yükseliş","Kılıç","goz_bagi",1,1,1,1,1,1,1,1,1,1,"yerinde","yerinde",0.00,"",3.00,1.35,0.20,0.20,0.67,0.00,0.00,"","hasarsız skill (base_damage 0): etki hareketin kendisi; vuruş 1: 0,60s@boss0,28m/oyuncu3,28m; kalıp sonu: merkeze 3,00 m, başlangıçtan 0,00 m, kalıp simülasyonundan 0,00 m"
8-8,"Yükselen Yükseliş","Kılıç","buyuten_kemer",1,1,1,1,1,1,1,1,1,1,"yerinde","yerinde",0.00,"",3.00,1.35,0.47,0.42,0.94,0.00,0.00,"","hasarsız skill (base_damage 0): etki hareketin kendisi; vuruş 1: 0,73s@boss5,04m/oyuncu2,21m; kalıp sonu: merkeze 3,22 m, başlangıçtan 0,30 m, kalıp simülasyonundan 0,00 m, kalıp hedefi AllyDummy"
8-9,"Odaklı Yükseliş","Kılıç","gudumlu_top",1,1,1,1,1,1,1,1,1,1,"yerinde","yerinde",0.00,"",3.00,1.35,0.60,0.56,1.06,0.00,0.00,"","hasarsız skill (base_damage 0): etki hareketin kendisi; vuruş 1: 0,93s@boss6,98m/oyuncu4,53m; kalıp sonu: merkeze 3,00 m, başlangıçtan 0,00 m, kalıp simülasyonundan 0,00 m, kalıp hedefi AllyDummy"
8-10,"Aynalı Yükseliş","Kılıç","ters_es",1,1,1,1,1,1,1,1,1,1,"yerinde","yerinde",0.00,"",3.00,1.35,0.47,0.44,0.94,0.00,0.00,"","hasarsız skill (base_damage 0): etki hareketin kendisi; vuruş 2: 0,60s@boss2,60m/oyuncu0,40m 0,80s@boss0,00m/oyuncu3,00m; kalıp sonu: merkeze 3,00 m, başlangıçtan 0,00 m, kalıp simülasyonundan 0,00 m"
8-11,"Kopya Yükseliş","Kılıç","golge_ulak",1,1,1,1,1,1,1,1,1,1,"yan","yan",0.00,"",2.43,1.35,1.39,1.36,1.87,0.00,0.00,"1/3 kare koşu, ayak/gövde hız oranı 1,00","hasarsız skill (base_damage 0): etki hareketin kendisi; vuruş 2: 0,55s@boss3,26m/oyuncu0,35m 1,73s@boss3,04m/oyuncu1,46m; kalıp sonu: merkeze 2,43 m, başlangıçtan 1,41 m, kalıp simülasyonundan 0,00 m, kalıp hedefi AllyDummy"
8-12,"Akan Yükseliş","Kılıç","akinti_yolu",1,1,1,1,1,1,1,1,1,1,"geri","geri",0.00,"",3.00,1.35,1.00,0.94,1.46,0.00,0.00,"0/10 kare koşu","hasarsız skill (base_damage 0): etki hareketin kendisi; vuruş 1: 1,26s@boss6,27m/oyuncu2,38m; kalıp sonu: merkeze 4,11 m, başlangıçtan 1,40 m, kalıp simülasyonundan 0,00 m, kalıp hedefi AllyDummy"
9-7,"Bulandırıcı Arınma","Kılıç","sis_ortusu",1,1,1,1,1,1,1,1,1,1,"yerinde","yerinde",0.00,"oyuncu +32000 can",3.00,1.35,0.34,0.30,0.74,0.00,0.00,"","vuruş 1: 0,53s@boss0,00m/oyuncu3,00m; kalıp sonu: merkeze 3,00 m, başlangıçtan 0,00 m, kalıp simülasyonundan 0,00 m"
9-8,"Yükselen Arınma","Kılıç","isik_sutunu",1,1,1,1,1,1,1,1,1,1,"yerinde","yerinde",0.00,"oyuncu +32000 can",3.00,1.35,0.54,0.48,0.94,0.00,0.00,"","vuruş 1: 0,73s@boss3,06m/oyuncu0,00m; kalıp sonu: merkeze 3,07 m, başlangıçtan 0,10 m, kalıp simülasyonundan 0,00 m, kalıp hedefi AllyDummy"
9-9,"Odaklı Arınma","Kılıç","mermi_sondur",1,1,1,1,1,1,1,1,1,1,"yerinde","yerinde",0.00,"oyuncu +32000 can",3.00,1.35,0.41,0.38,0.81,0.00,0.00,"","vuruş 1: 0,67s@boss6,98m/oyuncu4,53m; kalıp sonu: merkeze 3,00 m, başlangıçtan 0,00 m, kalıp simülasyonundan 0,00 m, kalıp hedefi AllyDummy"
9-10,"Aynalı Arınma","Kılıç","yer_degistir",1,1,1,1,1,1,1,1,1,1,"arka","arka",0.00,"oyuncu +32000 can",1.50,1.35,0.40,0.34,0.80,0.00,0.00,"0/1 kare koşu","vuruş 1: 0,67s@boss0,31m/oyuncu1,19m; kalıp sonu: merkeze 1,50 m, başlangıçtan 4,50 m, kalıp simülasyonundan 0,00 m, ışın 8,34 m konumdan çıkarıldı; tek karede 8,34 m sıçrama (sınır 2,49 m @ 67 ms, t=0,80, ışın tasarım gereği)"
9-11,"Kopya Arınma","Kılıç","yem_kopya",1,1,1,1,1,1,1,1,1,1,"yerinde","yerinde",0.00,"oyuncu +32000 can",3.00,1.35,0.27,0.24,0.66,0.00,0.00,"","vuruş 1: 0,53s@boss2,98m/oyuncu1,29m; kalıp sonu: merkeze 3,00 m, başlangıçtan 0,00 m, kalıp simülasyonundan 0,00 m"
9-12,"Akan Arınma","Kılıç","nabiz",1,1,1,1,1,1,1,1,1,1,"yerinde","yerinde",0.00,"oyuncu +24000 can, dost +12000 can",3.00,1.35,3.23,3.18,3.63,0.00,0.00,"","vuruş 3: 1,54s@boss3,00m/oyuncu0,00m 2,53s@boss3,00m/oyuncu0,00m 3,55s@boss3,00m/oyuncu0,00m; kalıp sonu: merkeze 3,00 m, başlangıçtan 0,00 m, kalıp simülasyonundan 0,00 m"
10-7,"Bulandırıcı Yansı","Kılıç","sahte_goruntu",1,1,1,1,1,1,1,1,1,1,"geri","geri",5256.00,"boss:Blind+Burn",3.00,1.35,0.46,0.44,0.87,0.00,0.00,"1/3 kare koşu, ayak/gövde hız oranı 0,89","vuruş 3: 0,46s@boss3,06m/oyuncu1,37m 0,60s@boss3,06m/oyuncu1,37m 0,74s@boss3,67m/oyuncu0,00m; kalıp sonu: merkeze 3,90 m, başlangıçtan 0,90 m, kalıp simülasyonundan 0,00 m"
10-8,"Yükselen Yansı","Kılıç","yerden_buyuyen",1,1,1,1,1,1,1,1,1,1,"yerinde","yerinde",3612.00,"boss:Burn",2.75,1.35,0.46,0.42,0.93,0.00,0.00,"","vuruş 1: 0,73s@boss0,00m/oyuncu2,80m; kalıp sonu: merkeze 2,75 m, başlangıçtan 0,25 m, kalıp simülasyonundan 0,00 m"
10-9,"Odaklı Yansı","Kılıç","koruyucu_isaret",1,1,1,1,1,1,1,1,1,1,"ön","ön",0.00,"",2.10,1.35,0.33,0.32,0.73,0.00,0.00,"0/3 kare koşu","hasarsız skill (base_damage 0): etki hareketin kendisi; vuruş 1: 0,60s@boss1,97m/oyuncu0,35m; kalıp sonu: merkeze 2,10 m, başlangıçtan 0,90 m, kalıp simülasyonundan 0,00 m"
11-7,"Bulandırıcı Çağrı","Kılıç","sirt_saplama",1,1,1,1,1,1,1,1,1,1,"yerinde","yerinde",3204.00,"boss:Blind+Burn",2.85,1.35,0.47,0.44,0.93,0.00,0.00,"","vuruş 1: 0,80s@boss0,00m/oyuncu2,85m; kalıp sonu: merkeze 2,85 m, başlangıçtan 0,15 m, kalıp simülasyonundan 0,00 m"
11-8,"Yükselen Çağrı","Kılıç","dostu_yerden",1,1,1,1,1,1,1,1,1,1,"yan","yan",0.00,"",2.47,1.35,0.94,0.90,1.40,0.00,0.00,"0/10 kare koşu","hasarsız skill (base_damage 0): etki hareketin kendisi; vuruş 1: 1,20s@boss2,37m/oyuncu0,95m; kalıp sonu: merkeze 2,52 m, başlangıçtan 1,11 m, kalıp simülasyonundan 0,00 m"
11-9,"Odaklı Çağrı","Kılıç","pesinden_av",1,1,1,1,1,1,1,1,1,1,"ön","ön",3196.00,"boss:Burn",1.90,1.35,2.54,2.46,3.01,0.00,0.00,"0/2 kare koşu","vuruş 1: 2,80s@boss0,00m/oyuncu1,90m; kalıp sonu: merkeze 1,90 m, başlangıçtan 1,10 m, kalıp simülasyonundan 0,00 m"
12-7,"Bulandırıcı Zaman","Kılıç","kum_saati",1,1,1,1,1,1,1,1,1,1,"yerinde","yerinde",6000.00,"boss:Blind+Slow+Burn, boss hız x0,70",3.00,1.35,0.66,0.62,1.06,0.00,0.00,"","vuruş 1: 0,54s@boss0,28m/oyuncu3,28m; kalıp sonu: merkeze 3,00 m, başlangıçtan 0,00 m, kalıp simülasyonundan 0,00 m"
12-8,"Yükselen Zaman","Kılıç","isik_sutunu",1,1,1,1,1,1,1,1,1,1,"yerinde","yerinde",4000.00,"boss:Burn, oyuncu:Haste, oyuncu hız x1,50",2.90,1.35,0.53,0.48,0.93,0.00,0.00,"","vuruş 1: 0,73s@boss2,92m/oyuncu0,00m; kalıp sonu: merkeze 2,90 m, başlangıçtan 0,10 m, kalıp simülasyonundan 0,00 m"
12-9,"Odaklı Zaman","Kılıç","isaret_patlamasi",1,1,1,1,1,1,1,1,1,1,"yerinde","yerinde",2392.00,"boss:Burn+Slow, boss hız x0,70",3.00,1.35,1.99,1.92,2.45,0.00,0.00,"","vuruş 1: 2,40s@boss0,00m/oyuncu3,00m; kalıp sonu: merkeze 3,00 m, başlangıçtan 0,00 m, kalıp simülasyonundan 0,00 m"
1-1,"Yoğun Vuruş","Küre","yukle_birak",1,1,1,1,1,1,1,1,1,1,"ön","ön",265108.00,"boss:Burn",1.50,1.35,0.53,0.52,1.01,0.00,0.00,"0/3 kare koşu","vuruş 1: 0,88s@boss0,39m/oyuncu1,53m; kalıp sonu: merkeze 1,50 m, başlangıçtan 1,50 m, kalıp simülasyonundan 0,00 m; toparlanma 0,43 sn (tablo 0,26)"
1-2,"Emici Vuruş","Küre","kan_ceken_pence",1,1,1,1,1,1,1,1,1,1,"yerinde","yerinde",126368.00,"boss:Burn, oyuncu +36587 can",1.35,1.35,0.39,0.38,0.85,0.00,0.00,"","vuruş 3: 0,53s@boss1,69m/oyuncu1,02m 0,66s@boss1,16m/oyuncu1,02m 0,80s@boss0,59m/oyuncu1,02m; kalıp sonu: merkeze 1,39 m, başlangıçtan 0,00 m, kalıp simülasyonundan 0,00 m, boss 1,61 m kaydı; toparlanma 0,43 sn (tablo 0,26)"
1-3,"Sıçrayan Vuruş","Küre","yan_yan_sekme",1,1,1,1,1,1,0,1,1,0,"geri","geri",131556.00,"boss:Burn",2.85,1.35,0.69,0.46,1.15,0.00,0.00,"0/7 kare koşu","vuruş 2: 0,60s@boss0,74m/oyuncu3,55m 0,87s@boss0,74m/oyuncu4,37m; kalıp sonu: merkeze 3,70 m, başlangıçtan 1,30 m, kalıp simülasyonundan 0,00 m; toparlanma 0,43 sn (tablo 0,26); kalıp 0,69 sn (beklenen 0,46)"
1-4,"Sabit Vuruş","Küre","yere_cakilan",1,1,1,1,1,1,1,1,1,1,"yerinde","yerinde",129468.00,"boss:Burn",2.80,1.35,0.46,0.42,0.93,0.00,0.00,"","vuruş 1: 0,80s@boss2,81m/oyuncu0,00m; kalıp sonu: merkeze 2,80 m, başlangıçtan 0,20 m, kalıp simülasyonundan 0,00 m; toparlanma 0,43 sn (tablo 0,26)"
1-5,"Yayılan Vuruş","Küre","donen_kesik",1,1,1,1,1,1,1,1,1,1,"yerinde","yerinde",115364.00,"boss:Burn",3.00,1.35,0.60,0.55,1.06,0.00,0.00,"","vuruş 1: 0,67s@boss3,00m/oyuncu0,00m; kalıp sonu: merkeze 3,00 m, başlangıçtan 0,00 m, kalıp simülasyonundan 0,00 m; toparlanma 0,43 sn (tablo 0,26)"
1-6,"Bağlayıcı Vuruş","Küre","zincirli_firlatma",1,1,1,1,1,1,1,1,1,1,"ön","ön",134788.00,"boss:Root+Slow+Burn, boss hız x0,00",1.50,1.35,0.76,0.70,1.20,0.00,0.00,"2/4 kare koşu, ayak/gövde hız oranı 1,00","vuruş 2: 0,60s@boss0,45m/oyuncu3,45m 1,06s@boss0,47m/oyuncu1,28m; kalıp sonu: merkeze 1,50 m, başlangıçtan 1,50 m, kalıp simülasyonundan 0,00 m; toparlanma 0,43 sn (tablo 0,26)"
2-1,"Yoğun Şifa","Küre","tek_dokunus",1,1,1,1,1,1,1,1,1,1,"geri","geri",0.00,"oyuncu +112000 can",3.00,1.35,0.19,0.16,0.67,0.00,0.00,"0/3 kare koşu","vuruş 1: 0,52s@boss3,86m/oyuncu0,68m; kalıp sonu: merkeze 3,41 m, başlangıçtan 0,55 m, kalıp simülasyonundan 0,00 m, kalıp hedefi AllyDummy; toparlanma 0,43 sn (tablo 0,26)"
2-2,"Emici Şifa","Küre","uzaktan_emme",1,1,1,1,1,1,1,1,1,1,"yerinde","yerinde",53200.00,"oyuncu +84000 can, dost +28000 can",2.65,1.35,2.20,2.16,2.66,0.00,0.00,"","vuruş 4: 1,07s@boss0,19m/oyuncu2,72m 1,60s@boss0,10m/oyuncu2,72m 2,07s@boss0,02m/oyuncu2,72m 2,60s@boss0,07m/oyuncu2,72m; kalıp sonu: merkeze 2,65 m, başlangıçtan 0,35 m, kalıp simülasyonundan 0,00 m; toparlanma 0,43 sn (tablo 0,26)"
2-3,"Sıçrayan Şifa","Küre","dosttan_dosta",1,1,1,1,1,1,1,1,1,1,"yerinde","yerinde",0.00,"oyuncu +76000 can, dost +36000 can",3.00,1.35,0.60,0.54,1.07,0.00,0.00,"","vuruş 3: 0,60s@boss6,43m/oyuncu3,95m 0,73s@boss6,98m/oyuncu4,53m 0,87s@boss6,88m/oyuncu4,54m; kalıp sonu: merkeze 3,00 m, başlangıçtan 0,00 m, kalıp simülasyonundan 0,00 m, kalıp hedefi AllyDummy; toparlanma 0,43 sn (tablo 0,26)"
2-4,"Sabit Şifa","Küre","totem_dikme",1,1,1,1,1,1,1,1,1,1,"yerinde","yerinde",0.00,"oyuncu +112000 can",3.00,1.35,0.34,0.30,0.80,0.00,0.00,"","vuruş 1: 0,67s@boss3,10m/oyuncu0,00m; kalıp sonu: merkeze 3,11 m, başlangıçtan 0,15 m, kalıp simülasyonundan 0,00 m, kalıp hedefi AllyDummy; toparlanma 0,43 sn (tablo 0,26)"
2-5,"Yayılan Şifa","Küre","genisleyen_halka",1,1,1,1,1,1,1,1,1,1,"yerinde","yerinde",0.00,"oyuncu +112000 can",3.00,1.35,0.60,0.58,1.06,0.00,0.00,"","vuruş 1: 0,86s@boss3,00m/oyuncu0,00m; kalıp sonu: merkeze 3,00 m, başlangıçtan 0,00 m, kalıp simülasyonundan 0,00 m; toparlanma 0,43 sn (tablo 0,26)"
2-6,"Bağlayıcı Şifa","Küre","dostu_kanca",1,1,1,1,1,1,1,1,1,1,"geri","geri",0.00,"oyuncu +112000 can",3.00,1.35,0.53,0.52,1.00,0.00,0.00,"1/6 kare koşu, ayak/gövde hız oranı 1,02","vuruş 1: 0,87s@boss5,79m/oyuncu0,40m; kalıp sonu: merkeze 5,92 m, başlangıçtan 3,40 m, kalıp simülasyonundan 0,00 m, kalıp hedefi AllyDummy; toparlanma 0,43 sn (tablo 0,26)"
3-1,"Yoğun Adım","Küre","isinlan_kes",1,1,1,1,1,1,1,1,1,1,"arka","arka",3588.00,"boss:Burn",1.50,1.35,0.53,0.48,0.93,0.00,0.00,"0/1 kare koşu","vuruş 1: 0,80s@boss0,00m/oyuncu1,50m; kalıp sonu: merkeze 1,50 m, başlangıçtan 4,50 m, kalıp simülasyonundan 0,00 m; tek karede 4,50 m sıçrama (sınır 2,49 m @ 67 ms, t=0,73, faz isin, blink tasarım gereği)"
3-2,"Emici Adım","Küre","icinden_emme",1,1,1,1,1,1,1,1,1,1,"arka","arka",3992.00,"boss:Burn",0.58,1.35,0.33,0.28,0.73,0.00,0.00,"0/5 kare koşu","vuruş 1: 0,53s@boss0,31m/oyuncu1,36m; kalıp sonu: merkeze 2,60 m, başlangıçtan 5,12 m, kalıp simülasyonundan 0,53 m, boss 0,48 m kaydı; gövdeye girdi: merkeze 0,58 m (t=0,45, temas 1,35) geçiş tasarım gereği"
3-3,"Sıçrayan Adım","Küre","sekmeli_ziplama",1,1,1,1,1,1,1,1,1,1,"arka","arka",5616.00,"boss:Burn",1.50,1.35,0.67,0.60,1.06,0.00,0.00,"0/9 kare koşu","vuruş 3: 0,53s@boss1,79m/oyuncu0,00m 0,73s@boss1,50m/oyuncu0,00m 0,93s@boss1,50m/oyuncu0,00m; kalıp sonu: merkeze 1,50 m, başlangıçtan 4,50 m, kalıp simülasyonundan 0,00 m"
3-4,"Sabit Adım","Küre","geri_sarma",1,1,1,1,1,1,0,1,1,0,"başlangıç","başlangıç",0.00,"",1.50,1.35,3.01,2.66,3.41,0.00,0.00,"3/9 kare koşu, ayak/gövde hız oranı 0,93","hasarsız skill (base_damage 0): etki hareketin kendisi; kalıp sonu: merkeze 3,00 m, başlangıçtan 0,00 m, kalıp simülasyonundan 0,00 m; kalıp 3,01 sn (beklenen 2,66)"
3-5,"Yayılan Adım","Küre","dalis_patlamasi",1,1,1,1,1,1,1,1,1,1,"ön","ön",4012.00,"boss:Burn",1.50,1.35,0.47,0.42,0.87,0.00,0.00,"0/4 kare koşu","vuruş 1: 0,67s@boss1,50m/oyuncu0,00m; kalıp sonu: merkeze 1,50 m, başlangıçtan 1,50 m, kalıp simülasyonundan 0,00 m"
3-6,"Bağlayıcı Adım","Küre","kanca_cekis",1,1,1,1,1,1,1,1,1,1,"arka","arka",3608.00,"boss:Root+Slow+Burn, boss hız x0,00",1.50,1.35,0.80,0.74,1.20,0.00,0.00,"0/9 kare koşu","vuruş 1: 1,00s@boss0,00m/oyuncu1,50m; kalıp sonu: merkeze 1,50 m, başlangıçtan 4,50 m, kalıp simülasyonundan 0,00 m"
4-1,"Yoğun Kalkan","Küre","tam_zamanli",1,1,1,1,1,1,1,1,1,1,"yerinde","yerinde",0.00,"",3.00,1.35,0.16,0.50,0.63,0.00,0.00,"","hasarsız skill (base_damage 0): etki hareketin kendisi; vuruş 1: 0,47s@boss0,62m/oyuncu2,38m; kalıp sonu: merkeze 3,00 m, başlangıçtan 0,00 m, kalıp simülasyonundan 0,00 m"
4-2,"Emici Kalkan","Küre","kalkan_calma",1,1,1,1,1,1,1,1,1,1,"yerinde","yerinde",95000.00,"",1.35,1.35,0.20,0.20,0.60,0.00,0.00,"","vuruş 1: 0,53s@boss1,17m/oyuncu1,28m; kalıp sonu: merkeze 2,18 m, başlangıçtan 0,00 m, kalıp simülasyonundan 0,00 m, boss 0,82 m kaydı"
4-3,"Sıçrayan Kalkan","Küre","seken_disk",1,1,1,1,1,1,1,1,1,1,"yerinde","yerinde",0.00,"",3.00,1.35,0.47,0.42,0.87,0.00,0.00,"","hasarsız skill (base_damage 0): etki hareketin kendisi; vuruş 2: 0,53s@boss0,30m/oyuncu3,30m 0,67s@boss3,04m/oyuncu1,43m; kalıp sonu: merkeze 3,00 m, başlangıçtan 0,00 m, kalıp simülasyonundan 0,00 m"
5-1,"Yoğun Patlama","Küre","saplanan_fitil",1,1,1,1,1,1,1,1,1,1,"geri","geri",125252.00,"boss:Burn",2.31,1.35,1.62,1.62,2.08,0.00,0.00,"1/3 kare koşu, ayak/gövde hız oranı 1,00","vuruş 2: 0,92s@boss0,85m/oyuncu2,95m 2,08s@boss0,85m/oyuncu2,95m; kalıp sonu: merkeze 3,80 m, başlangıçtan 0,80 m, kalıp simülasyonundan 0,00 m; toparlanma 0,43 sn (tablo 0,26)"
5-2,"Emici Patlama","Küre","ceken_girdap",1,1,1,1,1,1,1,1,1,1,"yerinde","yerinde",106068.00,"boss:Burn, oyuncu +29902 can",1.35,1.35,1.41,1.32,1.86,0.00,0.00,"","vuruş 3: 1,12s@boss0,00m/oyuncu1,35m 1,66s@boss0,00m/oyuncu1,35m 1,66s@boss0,00m/oyuncu1,35m; kalıp sonu: merkeze 1,35 m, başlangıçtan 0,00 m, kalıp simülasyonundan 0,00 m, boss 1,65 m kaydı; toparlanma 0,43 sn (tablo 0,26)"
5-3,"Sıçrayan Patlama","Küre","seken_bomba",1,1,1,1,1,1,1,1,1,1,"yerinde","yerinde",124076.00,"boss:Burn",3.00,1.35,0.60,0.58,1.06,0.00,0.00,"","vuruş 3: 0,60s@boss0,40m/oyuncu3,40m 0,73s@boss0,00m/oyuncu3,00m 0,93s@boss0,35m/oyuncu3,02m; kalıp sonu: merkeze 3,00 m, başlangıçtan 0,00 m, kalıp simülasyonundan 0,00 m; toparlanma 0,43 sn (tablo 0,26)"
6-1,"Yoğun Bağ","Küre","sinir_noktasi",1,1,1,1,1,1,1,1,1,1,"ön","ön",38268.00,"boss:Burn+Stun, boss hız x0,00",1.50,1.35,0.40,0.34,0.87,0.00,0.00,"0/4 kare koşu","vuruş 1: 0,74s@boss0,91m/oyuncu0,59m; kalıp sonu: merkeze 1,50 m, başlangıçtan 1,50 m, kalıp simülasyonundan 0,00 m; toparlanma 0,43 sn (tablo 0,26)"
6-2,"Emici Bağ","Küre","bossu_cek",1,1,1,1,1,1,1,1,1,1,"geri","geri",29012.00,"boss:Burn+Root, boss hız x0,00, oyuncu +7618 can",1.35,1.35,0.46,0.44,0.93,0.00,0.00,"2/5 kare koşu, ayak/gövde hız oranı 1,02","vuruş 1: 0,73s@boss1,53m/oyuncu1,36m; kalıp sonu: merkeze 2,68 m, başlangıçtan 1,60 m, kalıp simülasyonundan 0,00 m, boss 1,92 m kaydı; toparlanma 0,43 sn (tablo 0,26)"
6-3,"Sıçrayan Bağ","Küre","basip_sekme",1,1,1,1,1,1,1,1,1,1,"başlangıç","başlangıç",28912.00,"boss:Burn+Root, boss hız x0,00",1.68,1.35,0.53,0.52,0.99,0.00,0.00,"0/7 kare koşu","vuruş 1: 0,73s@boss1,50m/oyuncu0,27m; kalıp sonu: merkeze 3,20 m, başlangıçtan 0,20 m, kalıp simülasyonundan 0,00 m; toparlanma 0,43 sn (tablo 0,26)"
1-7,"Bulandırıcı Vuruş","Küre","dumandan_cikis",1,1,1,1,1,1,1,1,1,1,"ön","ön",131544.00,"boss:Blind+Burn",1.50,1.35,0.54,0.48,1.01,0.00,0.00,"0/3 kare koşu","vuruş 1: 0,82s@boss0,72m/oyuncu1,36m; kalıp sonu: merkeze 1,50 m, başlangıçtan 1,50 m, kalıp simülasyonundan 0,00 m; toparlanma 0,43 sn (tablo 0,26)"
1-8,"Yükselen Vuruş","Küre","havaya_kaldirma",1,1,1,1,1,1,1,1,1,1,"ön","ön",149296.00,"boss:Burn+Stun, boss hız x0,00",1.90,1.35,0.40,0.34,0.87,0.00,0.00,"0/5 kare koşu","vuruş 1: 0,60s@boss1,08m/oyuncu1,28m; kalıp sonu: merkeze 1,90 m, başlangıçtan 1,10 m, kalıp simülasyonundan 0,00 m; toparlanma 0,43 sn (tablo 0,26)"
1-9,"Odaklı Vuruş","Küre","isarete_vur",1,1,1,1,1,1,1,1,1,1,"ön","ön",210776.00,"boss:Burn",1.65,1.35,0.40,0.38,0.87,0.00,0.00,"0/3 kare koşu","vuruş 1: 0,73s@boss0,77m/oyuncu1,28m; kalıp sonu: merkeze 1,65 m, başlangıçtan 1,35 m, kalıp simülasyonundan 0,00 m; toparlanma 0,43 sn (tablo 0,26)"
2-7,"Bulandırıcı Şifa","Küre","sis_ortusu",1,1,1,1,1,1,1,1,1,1,"yerinde","yerinde",0.00,"oyuncu +112000 can",3.00,1.35,0.33,0.30,0.80,0.00,0.00,"","vuruş 1: 0,60s@boss0,00m/oyuncu3,00m; kalıp sonu: merkeze 3,00 m, başlangıçtan 0,00 m, kalıp simülasyonundan 0,00 m; toparlanma 0,43 sn (tablo 0,26)"
2-8,"Yükselen Şifa","Küre","yerden_buyuyen",1,1,1,1,1,1,1,1,1,1,"yerinde","yerinde",0.00,"oyuncu +112000 can",3.00,1.35,0.46,0.42,0.93,0.00,0.00,"","vuruş 1: 0,73s@boss6,98m/oyuncu4,32m; kalıp sonu: merkeze 3,18 m, başlangıçtan 0,25 m, kalıp simülasyonundan 0,00 m, kalıp hedefi AllyDummy; toparlanma 0,43 sn (tablo 0,26)"
2-9,"Odaklı Şifa","Küre","koruyucu_isaret",1,0,1,1,1,1,1,1,1,0,"geri","geri",0.00,"",3.00,1.35,0.20,0.20,0.67,0.00,0.00,"0/3 kare koşu","hasar yok, etki görülmedi; vuruş 1: 0,60s@boss3,90m/oyuncu0,35m; kalıp sonu: merkeze 3,61 m, başlangıçtan 0,80 m, kalıp simülasyonundan 0,00 m, kalıp hedefi AllyDummy; toparlanma 0,43 sn (tablo 0,26)"
3-7,"Bulandırıcı Adım","Küre","duman_kaybolma",1,1,1,1,1,1,1,1,1,1,"ön","ön",4904.00,"boss:Blind+Burn, oyuncu:Stealth",1.50,1.35,0.61,0.59,1.03,0.00,0.00,"1/2 kare koşu, ayak/gövde hız oranı 1,03","vuruş 1: 0,70s@boss1,50m/oyuncu0,00m; kalıp sonu: merkeze 1,50 m, başlangıçtan 1,50 m, kalıp simülasyonundan 0,00 m"
3-8,"Yükselen Adım","Küre","sicrayip_cakilma",1,1,1,1,1,1,0,1,1,0,"ön","ön",4020.00,"boss:Burn, oyuncu:Haste, oyuncu hız x1,10",1.50,1.35,0.55,0.82,1.21,0.00,0.00,"1/1 kare koşu, ayak/gövde hız oranı 0,99","vuruş 1: 1,07s@boss1,50m/oyuncu0,00m; kalıp sonu: merkeze 1,50 m, başlangıçtan 1,50 m, kalıp simülasyonundan 0,00 m; kalıp bang'den 0,28 sn sonra başladı"
3-9,"Odaklı Adım","Küre","isinlan_kes",1,1,1,1,1,1,1,1,1,1,"arka","arka",3624.00,"boss:Burn",1.50,1.35,0.54,0.48,0.94,0.00,0.00,"0/1 kare koşu","vuruş 1: 0,80s@boss0,00m/oyuncu1,50m; kalıp sonu: merkeze 1,50 m, başlangıçtan 4,50 m, kalıp simülasyonundan 0,00 m; tek karede 4,50 m sıçrama (sınır 2,36 m @ 64 ms, t=0,73, faz isin, blink tasarım gereği)"
7-1,"Yoğun Zafiyet","Küre","diken_firlatma",1,1,1,1,1,1,1,1,1,1,"yerinde","yerinde",24296.00,"boss:Burn",3.00,1.35,0.33,0.40,0.80,0.00,0.00,"","vuruş 1: 0,80s@boss0,30m/oyuncu3,30m; kalıp sonu: merkeze 3,00 m, başlangıçtan 0,00 m, kalıp simülasyonundan 0,00 m; toparlanma 0,43 sn (tablo 0,26)"
7-2,"Emici Zafiyet","Küre","sokup_cekme",1,1,1,1,1,1,1,1,1,1,"geri","geri",21380.00,"boss:Burn, oyuncu +5182 can",3.00,1.35,0.45,0.44,0.91,0.00,0.00,"1/4 kare koşu, ayak/gövde hız oranı 1,01","vuruş 2: 0,69s@boss0,35m/oyuncu3,92m 0,73s@boss2,54m/oyuncu1,19m; kalıp sonu: merkeze 4,30 m, başlangıçtan 1,30 m, kalıp simülasyonundan 0,00 m; toparlanma 0,43 sn (tablo 0,26)"
7-3,"Sıçrayan Zafiyet","Küre","seken_yaratik",1,1,1,1,1,1,1,1,1,1,"yerinde","yerinde",23492.00,"boss:Burn",3.00,1.35,0.66,0.64,1.14,0.00,0.00,"","vuruş 3: 0,67s@boss0,00m/oyuncu3,00m 0,80s@boss0,35m/oyuncu3,02m 0,98s@boss0,35m/oyuncu3,02m; kalıp sonu: merkeze 3,00 m, başlangıçtan 0,00 m, kalıp simülasyonundan 0,00 m; toparlanma 0,43 sn (tablo 0,26)"
8-1,"Yoğun Yükseliş","Küre","kuculten_kapi",1,1,1,1,1,1,1,1,1,1,"yerinde","yerinde",0.00,"",3.00,1.35,0.33,0.28,0.80,0.00,0.00,"","hasarsız skill (base_damage 0): etki hareketin kendisi; vuruş 1: 0,60s@boss0,62m/oyuncu2,38m; kalıp sonu: merkeze 3,00 m, başlangıçtan 0,00 m, kalıp simülasyonundan 0,00 m; toparlanma 0,43 sn (tablo 0,26)"
8-2,"Emici Yükseliş","Küre","kan_muhru",1,1,1,1,1,1,1,1,1,1,"yerinde","yerinde",0.00,"",3.00,1.35,0.33,0.32,0.80,0.00,0.00,"","hasarsız skill (base_damage 0): etki hareketin kendisi; vuruş 1: 0,60s@boss3,00m/oyuncu0,00m; kalıp sonu: merkeze 3,00 m, başlangıçtan 0,00 m, kalıp simülasyonundan 0,00 m; toparlanma 0,43 sn (tablo 0,26)"
8-3,"Sıçrayan Yükseliş","Küre","pas_verme",1,1,1,1,1,1,1,1,1,1,"yerinde","yerinde",0.00,"",3.00,1.35,0.26,0.24,0.73,0.00,0.00,"","hasarsız skill (base_damage 0): etki hareketin kendisi; vuruş 1: 0,60s@boss6,05m/oyuncu3,55m; kalıp sonu: merkeze 3,00 m, başlangıçtan 0,00 m, kalıp simülasyonundan 0,00 m, kalıp hedefi AllyDummy; toparlanma 0,43 sn (tablo 0,26)"
9-1,"Yoğun Arınma","Küre","tek_dokunus",1,1,1,1,1,1,1,1,1,1,"geri","geri",0.00,"oyuncu +28000 can",3.00,1.35,0.20,0.16,0.67,0.00,0.00,"0/2 kare koşu","vuruş 1: 0,53s@boss3,90m/oyuncu0,68m; kalıp sonu: merkeze 3,41 m, başlangıçtan 0,55 m, kalıp simülasyonundan 0,00 m, kalıp hedefi AllyDummy; toparlanma 0,43 sn (tablo 0,26)"
9-2,"Emici Arınma","Küre","cekip_firlat",1,1,1,1,1,1,1,1,1,1,"yerinde","yerinde",0.00,"oyuncu +12000 can, dost +16000 can",3.00,1.35,0.53,0.50,0.99,0.00,0.00,"","vuruş 2: 0,60s@boss2,65m/oyuncu0,35m 0,94s@boss0,30m/oyuncu3,30m; kalıp sonu: merkeze 3,00 m, başlangıçtan 0,00 m, kalıp simülasyonundan 0,00 m; toparlanma 0,43 sn (tablo 0,26)"
9-3,"Sıçrayan Arınma","Küre","dosttan_dosta",1,1,1,1,1,1,1,1,1,1,"yerinde","yerinde",0.00,"oyuncu +16000 can, dost +8000 can",3.00,1.35,0.60,0.54,1.07,0.00,0.00,"","vuruş 3: 0,60s@boss6,43m/oyuncu3,95m 0,74s@boss6,98m/oyuncu4,53m 0,86s@boss6,88m/oyuncu4,54m; kalıp sonu: merkeze 3,00 m, başlangıçtan 0,00 m, kalıp simülasyonundan 0,00 m, kalıp hedefi AllyDummy; toparlanma 0,43 sn (tablo 0,26)"
1-10,"Aynalı Vuruş","Küre","sirtta_kapi",1,1,1,1,1,1,1,1,1,1,"ön","ön",12160820.00,"boss:Burn",1.80,1.35,0.39,0.32,0.87,0.00,0.00,"0/3 kare koşu","vuruş 2: 0,54s@boss1,02m/oyuncu1,19m 0,67s@boss0,55m/oyuncu2,35m; kalıp sonu: merkeze 1,80 m, başlangıçtan 1,20 m, kalıp simülasyonundan 0,00 m; toparlanma 0,43 sn (tablo 0,26)"
1-11,"Kopya Vuruş","Küre","golge_yankisi",1,1,1,1,1,1,1,1,1,1,"ön","ön",166664.00,"boss:Burn",2.10,1.35,0.52,0.50,0.99,0.00,0.00,"1/3 kare koşu, ayak/gövde hız oranı 1,01","vuruş 2: 0,52s@boss1,15m/oyuncu1,15m 0,86s@boss1,95m/oyuncu1,39m; kalıp sonu: merkeze 2,10 m, başlangıçtan 0,90 m, kalıp simülasyonundan 0,00 m; toparlanma 0,43 sn (tablo 0,26)"
1-12,"Akan Vuruş","Küre","basili_seri",1,1,1,1,1,1,1,1,1,1,"ön","ön",115880.00,"boss:Burn",1.60,1.35,3.06,3.00,3.53,0.00,0.00,"","vuruş 6: 0,67s@boss1,73m/oyuncu1,15m 1,20s@boss1,48m/oyuncu1,15m 1,67s@boss1,26m/oyuncu1,15m 2,26s@boss0,98m/oyuncu1,15m 2,66s@boss0,80m/oyuncu1,15m 3,33s@boss0,49m/oyuncu1,15m; kalıp sonu: merkeze 1,60 m, başlangıçtan 1,40 m, kalıp simülasyonundan 0,00 m; toparlanma 0,43 sn (tablo 0,26)"
2-10,"Aynalı Şifa","Küre","ters_es",1,1,1,1,1,1,1,1,1,1,"yerinde","yerinde",16800.00,"oyuncu +112000 can",3.00,1.35,0.47,0.44,0.93,0.00,0.00,"","vuruş 2: 0,60s@boss2,60m/oyuncu0,40m 0,80s@boss0,00m/oyuncu3,00m; kalıp sonu: merkeze 3,00 m, başlangıçtan 0,00 m, kalıp simülasyonundan 0,00 m; toparlanma 0,43 sn (tablo 0,26)"
2-11,"Kopya Şifa","Küre","golge_ulak",1,1,1,1,1,1,1,1,1,1,"yan","yan",0.00,"oyuncu +68000 can, dost +44000 can",2.43,1.35,1.40,1.36,1.87,0.00,0.00,"1/3 kare koşu, ayak/gövde hız oranı 0,99","vuruş 2: 0,53s@boss3,26m/oyuncu0,35m 1,73s@boss3,05m/oyuncu1,46m; kalıp sonu: merkeze 2,43 m, başlangıçtan 1,41 m, kalıp simülasyonundan 0,00 m, kalıp hedefi AllyDummy; toparlanma 0,43 sn (tablo 0,26)"
2-12,"Akan Şifa","Küre","basili_isik",1,1,1,1,1,1,1,1,1,1,"geri","geri",0.00,"oyuncu +100000 can, dost +20000 can",3.00,1.35,3.07,3.00,3.53,0.00,0.00,"","vuruş 6: 0,67s@boss5,38m/oyuncu2,72m 1,20s@boss5,58m/oyuncu2,72m 1,67s@boss5,75m/oyuncu2,72m 2,20s@boss5,95m/oyuncu2,72m 2,67s@boss6,13m/oyuncu2,72m 3,20s@boss6,33m/oyuncu2,72m; kalıp sonu: merkeze 3,94 m, başlangıçtan 1,20 m, kalıp simülasyonundan 0,00 m, kalıp hedefi AllyDummy; toparlanma 0,43 sn (tablo 0,26)"
3-10,"Aynalı Adım","Küre","iki_kapi",1,1,1,1,1,1,0,1,1,0,"ön","ön",4984.00,"boss:Burn",1.50,1.35,0.21,0.54,0.81,0.00,0.00,"1/1 kare koşu, ayak/gövde hız oranı 0,99","vuruş 2: 0,60s@boss3,00m/oyuncu1,50m 0,69s@boss1,50m/oyuncu0,00m; kalıp sonu: merkeze 1,50 m, başlangıçtan 1,50 m, kalıp simülasyonundan 0,00 m; kalıp bang'den 0,22 sn sonra başladı"
3-11,"Kopya Adım","Küre","yem_kac",1,1,1,1,1,1,1,1,1,1,"geri","geri",5200.00,"boss:Burn",3.00,1.35,0.40,0.40,0.80,0.00,0.00,"1/5 kare koşu, ayak/gövde hız oranı 1,03","vuruş 1: 0,40s@boss3,00m/oyuncu0,00m; kalıp sonu: merkeze 5,80 m, başlangıçtan 2,80 m, kalıp simülasyonundan 0,00 m"
3-12,"Akan Adım","Küre","suzulme",1,1,1,1,1,1,1,1,1,1,"ön","ön",0.00,"",1.90,1.35,2.70,3.00,3.19,0.00,0.00,"","hasarsız skill (base_damage 0): etki hareketin kendisi; kalıp sonu: merkeze 1,90 m, başlangıçtan 1,10 m, kalıp simülasyonundan 0,00 m"
10-1,"Yoğun Yansı","Küre","tam_zamanli",1,1,1,1,1,1,1,1,1,1,"yerinde","yerinde",4048.00,"boss:Burn",3.00,1.35,0.53,0.50,0.93,0.00,0.00,"","vuruş 1: 0,74s@boss0,62m/oyuncu2,38m; kalıp sonu: merkeze 3,00 m, başlangıçtan 0,00 m, kalıp simülasyonundan 0,00 m"
10-2,"Emici Yansı","Küre","yutan_girdap",1,1,1,1,1,1,1,1,1,1,"yerinde","yerinde",16792.00,"boss:Burn",1.35,1.35,3.19,3.18,3.59,0.00,0.00,"","vuruş 4: 1,27s@boss1,03m/oyuncu2,38m 2,07s@boss1,03m/oyuncu2,38m 2,80s@boss1,03m/oyuncu2,38m 3,54s@boss1,03m/oyuncu2,38m; kalıp sonu: merkeze 1,35 m, başlangıçtan 0,00 m, kalıp simülasyonundan 0,00 m, boss 1,65 m kaydı"
10-3,"Sıçrayan Yansı","Küre","seken_geri",1,1,1,1,1,1,1,1,1,1,"ön","ön",4792.00,"boss:Burn",1.90,1.35,0.40,0.36,0.80,0.00,0.00,"0/3 kare koşu","vuruş 2: 0,47s@boss0,56m/oyuncu1,53m 0,60s@boss0,00m/oyuncu1,90m; kalıp sonu: merkeze 1,90 m, başlangıçtan 1,10 m, kalıp simülasyonundan 0,00 m"
10-10,"Aynalı Yansı","Küre","iki_kapi",1,1,1,1,1,1,1,1,1,1,"ön","ön",6056.00,"boss:Burn",1.50,1.35,0.61,0.54,1.01,0.00,0.00,"1/5 kare koşu, ayak/gövde hız oranı 1,03","vuruş 2: 0,40s@boss3,00m/oyuncu0,00m 0,81s@boss1,50m/oyuncu0,00m; kalıp sonu: merkeze 1,50 m, başlangıçtan 1,50 m, kalıp simülasyonundan 0,00 m"
10-11,"Kopya Yansı","Küre","yem_kopya",1,1,1,1,1,1,1,1,1,1,"yerinde","yerinde",3992.00,"boss:Burn",3.00,1.35,0.27,0.24,0.67,0.00,0.00,"","vuruş 1: 0,47s@boss2,98m/oyuncu1,29m; kalıp sonu: merkeze 3,00 m, başlangıçtan 0,00 m, kalıp simülasyonundan 0,00 m"
10-12,"Akan Yansı","Küre","basili_siper",1,1,1,1,1,1,1,1,1,1,"ön","ön",16384.00,"boss:Burn",2.20,1.35,3.00,3.00,3.40,0.00,0.00,"","vuruş 3: 1,13s@boss0,41m/oyuncu2,38m 2,13s@boss0,14m/oyuncu2,38m 3,13s@boss0,13m/oyuncu2,38m; kalıp sonu: merkeze 2,20 m, başlangıçtan 0,80 m, kalıp simülasyonundan 0,00 m"
11-1,"Yoğun Çağrı","Küre","sirt_saplama",1,1,1,1,1,1,1,1,1,1,"ön","ön",3064.00,"boss:Burn",2.00,1.35,0.47,0.45,0.86,0.00,0.00,"0/2 kare koşu","vuruş 1: 0,80s@boss0,00m/oyuncu2,00m; kalıp sonu: merkeze 2,00 m, başlangıçtan 1,00 m, kalıp simülasyonundan 0,00 m"
11-2,"Emici Çağrı","Küre","yapisan",1,1,1,1,1,1,1,1,1,1,"yerinde","yerinde",24016.00,"boss:Burn",1.35,1.35,5.20,5.18,5.60,0.00,0.00,"","vuruş 6: 0,53s@boss0,20m/oyuncu2,66m 1,53s@boss0,00m/oyuncu1,35m 2,54s@boss0,00m/oyuncu1,35m 3,54s@boss0,00m/oyuncu1,35m 4,54s@boss0,00m/oyuncu1,35m 5,54s@boss0,00m/oyuncu1,35m; kalıp sonu: merkeze 1,35 m, başlangıçtan 0,00 m, kalıp simülasyonundan 0,00 m, boss 1,65 m kaydı"
11-3,"Sıçrayan Çağrı","Küre","seken_yaratik",1,1,1,1,1,1,1,1,1,1,"yerinde","yerinde",5608.00,"boss:Burn",3.00,1.35,0.67,0.64,1.06,0.00,0.00,"","vuruş 3: 0,60s@boss0,00m/oyuncu3,00m 0,73s@boss0,35m/oyuncu3,02m 0,93s@boss0,35m/oyuncu3,02m; kalıp sonu: merkeze 3,00 m, başlangıçtan 0,00 m, kalıp simülasyonundan 0,00 m"
11-10,"Aynalı Çağrı","Küre","takim_kapisi",1,1,1,1,1,1,1,1,1,1,"ön","ön",10008.00,"boss:Burn",2.53,1.35,1.41,1.36,1.81,0.00,0.00,"0/2 kare koşu","vuruş 1: 0,60s@boss2,53m/oyuncu0,00m; kalıp sonu: merkeze 2,53 m, başlangıçtan 0,47 m, kalıp simülasyonundan 0,00 m"
11-11,"Kopya Çağrı","Küre","ayna_klonlar",1,1,1,1,1,1,1,1,1,1,"ön","ön",4936.00,"boss:Burn",2.53,1.35,0.67,0.62,1.07,0.00,0.00,"0/2 kare koşu","vuruş 2: 0,71s@boss2,52m/oyuncu1,41m 0,87s@boss2,52m/oyuncu1,41m; kalıp sonu: merkeze 2,53 m, başlangıçtan 0,47 m, kalıp simülasyonundan 0,00 m"
11-12,"Akan Çağrı","Küre","kapidan_akin",1,1,1,1,1,1,1,1,1,1,"ön","ön",24112.00,"boss:Burn",2.53,1.35,4.35,4.32,4.75,0.00,0.00,"0/2 kare koşu","vuruş 6: 0,67s@boss0,85m/oyuncu1,68m 1,47s@boss0,00m/oyuncu2,53m 2,26s@boss0,00m/oyuncu2,53m 3,07s@boss0,00m/oyuncu2,53m 4,13s@boss0,00m/oyuncu2,53m 4,69s@boss0,00m/oyuncu2,53m; kalıp sonu: merkeze 2,53 m, başlangıçtan 0,47 m, kalıp simülasyonundan 0,00 m"
12-1,"Yoğun Zaman","Küre","zamanli_donma",1,1,1,1,1,1,1,1,1,1,"ön","ön",3192.00,"boss:Burn+Slow, boss hız x0,70",1.50,1.35,0.53,0.50,1.00,0.00,0.00,"0/3 kare koşu","vuruş 1: 0,87s@boss0,54m/oyuncu1,28m; kalıp sonu: merkeze 1,50 m, başlangıçtan 1,50 m, kalıp simülasyonundan 0,00 m; toparlanma 0,43 sn (tablo 0,26)"
12-2,"Emici Zaman","Küre","ceken_girdap",1,1,1,1,1,1,1,1,1,1,"yerinde","yerinde",6392.00,"boss:Burn+Slow, oyuncu:Haste, boss hız x0,70, oyuncu hız x1,30",3.00,1.35,1.40,1.32,1.87,0.00,0.00,"","vuruş 3: 1,14s@boss0,00m/oyuncu3,00m 1,60s@boss0,00m/oyuncu3,00m 1,66s@boss0,00m/oyuncu3,00m; kalıp sonu: merkeze 3,00 m, başlangıçtan 0,00 m, kalıp simülasyonundan 0,00 m; toparlanma 0,43 sn (tablo 0,26)"
12-3,"Sıçrayan Zaman","Küre","geri_donen_kure",1,1,1,1,1,1,1,1,1,1,"yerinde","yerinde",4792.00,"boss:Burn+Slow, boss hız x0,70",3.00,1.35,0.53,0.50,1.00,0.00,0.00,"","vuruş 2: 0,60s@boss0,30m/oyuncu3,30m 0,86s@boss0,96m/oyuncu2,04m; kalıp sonu: merkeze 3,00 m, başlangıçtan 0,00 m, kalıp simülasyonundan 0,00 m; toparlanma 0,43 sn (tablo 0,26)"
12-10,"Aynalı Zaman","Küre","boss_geri",1,1,1,1,1,1,1,1,1,1,"yerinde","yerinde",4392.00,"boss:Burn+Slow, boss hız x0,70",3.00,1.35,0.48,0.46,0.94,0.00,0.00,"","vuruş 1: 0,60s@boss0,30m/oyuncu3,30m; kalıp sonu: merkeze 3,00 m, başlangıçtan 0,00 m, kalıp simülasyonundan 0,00 m; toparlanma 0,43 sn (tablo 0,26)"
12-11,"Kopya Zaman","Küre","geri_sarma",1,1,1,1,1,1,1,1,1,1,"başlangıç","başlangıç",0.00,"",1.50,1.35,2.65,2.66,3.12,0.00,0.00,"1/8 kare koşu, ayak/gövde hız oranı 0,86","hasarsız skill (base_damage 0): etki hareketin kendisi; kalıp sonu: merkeze 3,00 m, başlangıçtan 0,00 m, kalıp simülasyonundan 0,00 m; toparlanma 0,43 sn (tablo 0,26)"
12-12,"Akan Zaman","Küre","yuruyen_balon",1,1,1,1,1,1,1,1,1,1,"ön","ön",24064.00,"boss:Burn+Slow, boss hız x0,70",1.80,1.35,4.25,4.20,4.72,0.00,0.00,"","vuruş 5: 0,52s@boss3,00m/oyuncu0,00m 1,67s@boss2,68m/oyuncu0,00m 2,66s@boss2,38m/oyuncu0,00m 3,67s@boss2,08m/oyuncu0,00m 4,66s@boss1,80m/oyuncu0,00m; kalıp sonu: merkeze 1,80 m, başlangıçtan 1,20 m, kalıp simülasyonundan 0,00 m; toparlanma 0,43 sn (tablo 0,26)"
4-4,"Sabit Kalkan","Küre","duvar_dikme",1,1,1,1,1,1,1,1,1,1,"yerinde","yerinde",0.00,"",3.00,1.35,0.32,0.32,0.73,0.00,0.00,"","hasarsız skill (base_damage 0): etki hareketin kendisi; vuruş 1: 0,62s@boss0,62m/oyuncu2,38m; kalıp sonu: merkeze 3,00 m, başlangıçtan 0,00 m, kalıp simülasyonundan 0,00 m"
4-5,"Yayılan Kalkan","Küre","onde_yelpaze",1,1,1,1,1,1,1,1,1,1,"yerinde","yerinde",0.00,"",3.00,1.35,0.67,0.63,1.06,0.00,0.00,"","hasarsız skill (base_damage 0): etki hareketin kendisi; vuruş 1: 0,79s@boss1,88m/oyuncu1,12m; kalıp sonu: merkeze 3,00 m, başlangıçtan 0,00 m, kalıp simülasyonundan 0,00 m"
4-6,"Bağlayıcı Kalkan","Küre","zincirli_firlatma",1,1,1,1,1,1,1,1,1,1,"ön","ön",0.00,"",1.50,1.35,0.74,0.70,1.13,0.00,0.00,"2/4 kare koşu, ayak/gövde hız oranı 0,97","hasarsız skill (base_damage 0): etki hareketin kendisi; vuruş 2: 0,53s@boss0,45m/oyuncu3,45m 1,00s@boss0,47m/oyuncu1,28m; kalıp sonu: merkeze 1,50 m, başlangıçtan 1,50 m, kalıp simülasyonundan 0,00 m"
4-7,"Bulandırıcı Kalkan","Küre","duman_duvari",1,1,1,1,1,1,1,1,1,1,"yerinde","yerinde",0.00,"",2.80,1.35,0.54,0.52,0.93,0.00,0.00,"","hasarsız skill (base_damage 0): etki hareketin kendisi; vuruş 1: 0,60s@boss0,42m/oyuncu2,38m; kalıp sonu: merkeze 2,80 m, başlangıçtan 0,20 m, kalıp simülasyonundan 0,00 m"
4-8,"Yükselen Kalkan","Küre","yerden_buyuyen",1,1,1,1,1,1,1,1,1,1,"yerinde","yerinde",0.00,"",3.00,1.35,0.47,0.42,0.87,0.00,0.00,"","hasarsız skill (base_damage 0): etki hareketin kendisi; vuruş 1: 0,67s@boss6,98m/oyuncu4,33m; kalıp sonu: merkeze 3,18 m, başlangıçtan 0,25 m, kalıp simülasyonundan 0,00 m, kalıp hedefi AllyDummy"
4-9,"Odaklı Kalkan","Küre","koruyucu_isaret",1,1,1,1,1,1,1,1,1,1,"geri","geri",0.00,"",3.00,1.35,0.20,0.20,0.60,0.00,0.00,"0/3 kare koşu","hasarsız skill (base_damage 0): etki hareketin kendisi; vuruş 1: 0,54s@boss3,90m/oyuncu0,35m; kalıp sonu: merkeze 3,61 m, başlangıçtan 0,80 m, kalıp simülasyonundan 0,00 m, kalıp hedefi AllyDummy"
5-4,"Sabit Patlama","Küre","mayin_cakma",1,1,1,1,1,1,1,1,1,1,"yerinde","yerinde",90392.00,"boss:Burn",3.00,1.35,0.47,0.42,0.93,0.00,0.00,"","vuruş 2: 0,66s@boss0,85m/oyuncu2,15m 0,73s@boss0,85m/oyuncu2,15m; kalıp sonu: merkeze 3,00 m, başlangıçtan 0,00 m, kalıp simülasyonundan 0,00 m; toparlanma 0,43 sn (tablo 0,26)"
5-5,"Yayılan Patlama","Küre","yer_yarigi",1,1,1,1,1,1,1,1,1,1,"ön","ön",80104.00,"boss:Burn",1.50,1.35,0.60,0.56,1.07,0.00,0.00,"0/8 kare koşu","vuruş 3: 0,73s@boss0,25m/oyuncu1,27m 0,80s@boss0,14m/oyuncu1,36m 0,93s@boss0,23m/oyuncu1,28m; kalıp sonu: merkeze 1,50 m, başlangıçtan 2,07 m, kalıp simülasyonundan 0,00 m; toparlanma 0,43 sn (tablo 0,26)"
5-6,"Bağlayıcı Patlama","Küre","gerilip_kopan",1,1,1,1,1,1,1,1,1,1,"geri","geri",91544.00,"boss:Root+Slow+Burn, boss hız x0,00",1.35,1.35,0.60,0.58,1.06,0.00,0.00,"0/6 kare koşu","vuruş 2: 0,60s@boss0,85m/oyuncu1,11m 0,93s@boss0,85m/oyuncu2,65m; kalıp sonu: merkeze 2,79 m, başlangıçtan 0,50 m, kalıp simülasyonundan 0,00 m, boss 0,71 m kaydı; toparlanma 0,43 sn (tablo 0,26)"
5-7,"Bulandırıcı Patlama","Küre","sis_bombasi",1,1,1,1,1,1,1,1,1,1,"yerinde","yerinde",94168.00,"boss:Blind+Burn, oyuncu:Stealth",3.00,1.35,0.25,0.22,0.72,0.00,0.00,"","vuruş 1: 0,60s@boss0,35m/oyuncu3,35m; kalıp sonu: merkeze 3,00 m, başlangıçtan 0,00 m, kalıp simülasyonundan 0,00 m; toparlanma 0,43 sn (tablo 0,26)"
5-8,"Yükselen Patlama","Küre","yerden_fiskirma",1,1,1,1,1,1,1,1,1,1,"ön","ön",106584.00,"boss:Burn+Stun, boss hız x0,00",2.60,1.35,0.47,0.44,0.94,0.00,0.00,"","vuruş 1: 0,73s@boss0,00m/oyuncu2,75m; kalıp sonu: merkeze 2,60 m, başlangıçtan 0,40 m, kalıp simülasyonundan 0,00 m; toparlanma 0,43 sn (tablo 0,26)"
5-9,"Odaklı Patlama","Küre","gudumlu_top",1,1,1,1,1,1,1,1,1,1,"yerinde","yerinde",150480.00,"boss:Burn",3.00,1.35,0.62,0.56,1.10,0.00,0.00,"","vuruş 1: 0,88s@boss0,00m/oyuncu3,00m; kalıp sonu: merkeze 3,00 m, başlangıçtan 0,00 m, kalıp simülasyonundan 0,00 m; toparlanma 0,43 sn (tablo 0,26)"
6-4,"Sabit Bağ","Küre","karsilikli_kilit",1,1,1,1,1,1,1,1,1,1,"ön","ön",44864.00,"boss:Burn+Root, boss hız x0,00",1.50,1.35,3.26,3.24,3.73,0.00,0.00,"1/4 kare koşu, ayak/gövde hız oranı 1,01","vuruş 1: 0,93s@boss0,40m/oyuncu1,11m; kalıp sonu: merkeze 1,50 m, başlangıçtan 1,50 m, kalıp simülasyonundan 0,00 m; toparlanma 0,43 sn (tablo 0,26)"
6-5,"Yayılan Bağ","Küre","yer_tuzagi",1,1,1,1,1,1,1,1,1,1,"yerinde","yerinde",26040.00,"boss:Burn+Root, boss hız x0,00",3.00,1.35,0.33,0.28,0.80,0.00,0.00,"","vuruş 1: 0,60s@boss0,62m/oyuncu2,38m; kalıp sonu: merkeze 3,00 m, başlangıçtan 0,00 m, kalıp simülasyonundan 0,00 m; toparlanma 0,43 sn (tablo 0,26)"
6-6,"Bağlayıcı Bağ","Küre","iki_uclu",1,1,1,1,1,1,1,1,1,1,"yerinde","yerinde",30344.00,"boss:Root+Slow+Burn, boss hız x0,00",3.00,1.35,0.69,0.65,1.15,0.00,0.00,"","vuruş 1: 0,60s@boss0,28m/oyuncu3,28m; kalıp sonu: merkeze 3,00 m, başlangıçtan 0,00 m, kalıp simülasyonundan 0,00 m; toparlanma 0,43 sn (tablo 0,26)"
6-7,"Bulandırıcı Bağ","Küre","goz_bagi",1,1,1,1,1,1,1,1,1,1,"yerinde","yerinde",28192.00,"boss:Blind+Burn+Root, boss hız x0,00",3.00,1.35,0.13,0.20,0.60,0.00,0.00,"","vuruş 1: 0,60s@boss0,28m/oyuncu3,28m; kalıp sonu: merkeze 3,00 m, başlangıçtan 0,00 m, kalıp simülasyonundan 0,00 m; toparlanma 0,43 sn (tablo 0,26)"
6-8,"Yükselen Bağ","Küre","havada_asma",1,1,1,1,1,1,1,1,1,1,"ön","ön",35552.00,"boss:Stun+Burn+Root, boss hız x0,00",1.50,1.35,1.20,1.14,1.66,0.00,0.00,"0/5 kare koşu","vuruş 1: 0,93s@boss1,50m/oyuncu0,00m; kalıp sonu: merkeze 1,50 m, başlangıçtan 1,50 m, kalıp simülasyonundan 0,00 m; toparlanma 0,43 sn (tablo 0,26)"
6-9,"Odaklı Bağ","Küre","zamanli_donma",1,1,1,1,1,1,1,1,1,1,"ön","ön",44096.00,"boss:Burn+Root, boss hız x0,00",1.50,1.35,0.53,0.50,1.01,0.00,0.00,"0/3 kare koşu","vuruş 1: 0,87s@boss0,54m/oyuncu1,28m; kalıp sonu: merkeze 1,50 m, başlangıçtan 1,50 m, kalıp simülasyonundan 0,00 m; toparlanma 0,43 sn (tablo 0,26)"
7-4,"Sabit Zafiyet","Küre","mayin_cakma",1,1,1,1,1,1,1,1,1,1,"yerinde","yerinde",19568.00,"boss:Burn",3.00,1.35,0.46,0.42,0.93,0.00,0.00,"","vuruş 2: 0,69s@boss0,85m/oyuncu2,15m 0,72s@boss0,85m/oyuncu2,15m; kalıp sonu: merkeze 3,00 m, başlangıçtan 0,00 m, kalıp simülasyonundan 0,00 m; toparlanma 0,43 sn (tablo 0,26)"
7-5,"Yayılan Zafiyet","Küre","onde_yelpaze",1,1,1,1,1,1,1,1,1,1,"yerinde","yerinde",27328.00,"boss:Burn",3.00,1.35,0.67,0.63,1.14,0.00,0.00,"","vuruş 1: 0,87s@boss1,88m/oyuncu1,12m; kalıp sonu: merkeze 3,00 m, başlangıçtan 0,00 m, kalıp simülasyonundan 0,00 m; toparlanma 0,43 sn (tablo 0,26)"
7-6,"Bağlayıcı Zafiyet","Küre","dost_ip",1,1,1,1,1,1,1,1,1,1,"yerinde","yerinde",25016.00,"boss:Root+Slow+Burn, boss hız x0,00",3.00,1.35,0.67,0.62,1.14,0.00,0.00,"","vuruş 1: 0,60s@boss0,28m/oyuncu3,28m; kalıp sonu: merkeze 3,00 m, başlangıçtan 0,00 m, kalıp simülasyonundan 0,00 m; toparlanma 0,43 sn (tablo 0,26)"
8-4,"Sabit Yükseliş","Küre","totem_dikme",1,1,1,1,1,1,1,1,1,1,"yerinde","yerinde",0.00,"",3.00,1.35,0.33,0.30,0.80,0.00,0.00,"","hasarsız skill (base_damage 0): etki hareketin kendisi; vuruş 1: 0,67s@boss3,10m/oyuncu0,00m; kalıp sonu: merkeze 3,11 m, başlangıçtan 0,15 m, kalıp simülasyonundan 0,00 m, kalıp hedefi AllyDummy; toparlanma 0,43 sn (tablo 0,26)"
8-5,"Yayılan Yükseliş","Küre","savas_narasi",1,1,1,1,1,1,1,1,1,1,"yerinde","yerinde",0.00,"",3.00,1.35,0.40,0.36,0.86,0.00,0.00,"","hasarsız skill (base_damage 0): etki hareketin kendisi; vuruş 1: 0,60s@boss3,00m/oyuncu0,00m; kalıp sonu: merkeze 3,00 m, başlangıçtan 0,00 m, kalıp simülasyonundan 0,00 m; toparlanma 0,43 sn (tablo 0,26)"
8-6,"Bağlayıcı Yükseliş","Küre","dost_dosta",1,1,1,1,1,1,1,1,1,1,"yan","yan",0.00,"",2.38,1.35,0.55,0.52,1.00,0.00,0.00,"1/4 kare koşu, ayak/gövde hız oranı 1,02","hasarsız skill (base_damage 0): etki hareketin kendisi; vuruş 3: 0,53s@boss4,05m/oyuncu1,22m 0,73s@boss2,81m/oyuncu1,41m 0,87s@boss4,76m/oyuncu2,38m; kalıp sonu: merkeze 2,38 m, başlangıçtan 1,41 m, kalıp simülasyonundan 0,00 m, kalıp hedefi AllyDummy; toparlanma 0,43 sn (tablo 0,26)"
9-4,"Sabit Arınma","Küre","yer_tuzagi",1,1,1,1,1,1,1,1,1,1,"yerinde","yerinde",0.00,"oyuncu +28000 can",3.00,1.35,0.33,0.28,0.80,0.00,0.00,"","vuruş 1: 0,60s@boss0,62m/oyuncu2,38m; kalıp sonu: merkeze 3,00 m, başlangıçtan 0,00 m, kalıp simülasyonundan 0,00 m; toparlanma 0,43 sn (tablo 0,26)"
9-5,"Yayılan Arınma","Küre","dagilan_yagmur",1,1,1,1,1,1,1,1,1,1,"yerinde","yerinde",0.00,"oyuncu +28000 can",3.00,1.35,0.60,0.58,1.07,0.00,0.00,"","vuruş 1: 0,87s@boss3,00m/oyuncu0,00m; kalıp sonu: merkeze 3,00 m, başlangıçtan 0,00 m, kalıp simülasyonundan 0,00 m, kalıp hedefi AllyDummy; toparlanma 0,43 sn (tablo 0,26)"
9-6,"Bağlayıcı Arınma","Küre","iki_uclu",1,1,1,1,1,1,1,1,1,1,"yerinde","yerinde",0.00,"oyuncu +28000 can",3.00,1.35,0.68,0.65,1.13,0.00,0.00,"","vuruş 1: 0,60s@boss6,32m/oyuncu3,83m; kalıp sonu: merkeze 3,00 m, başlangıçtan 0,00 m, kalıp simülasyonundan 0,00 m, kalıp hedefi AllyDummy; toparlanma 0,43 sn (tablo 0,26)"
4-10,"Aynalı Kalkan","Küre","sirtta_kapi",1,1,1,1,1,1,1,1,1,1,"ön","ön",30000.00,"",1.80,1.35,0.34,0.32,0.75,0.00,0.00,"0/3 kare koşu","vuruş 2: 0,48s@boss0,90m/oyuncu1,19m 0,62s@boss0,55m/oyuncu2,35m; kalıp sonu: merkeze 1,80 m, başlangıçtan 1,20 m, kalıp simülasyonundan 0,00 m"
4-11,"Kopya Kalkan","Küre","yem_kopya",1,1,1,1,1,1,1,1,1,1,"yerinde","yerinde",0.00,"",3.00,1.35,0.27,0.24,0.67,0.00,0.00,"","hasarsız skill (base_damage 0): etki hareketin kendisi; vuruş 1: 0,53s@boss2,98m/oyuncu1,29m; kalıp sonu: merkeze 3,00 m, başlangıçtan 0,00 m, kalıp simülasyonundan 0,00 m"
4-12,"Akan Kalkan","Küre","basili_siper",1,1,1,1,1,1,1,1,1,1,"geri","geri",0.00,"",3.00,1.35,3.07,3.00,3.47,0.00,0.00,"","hasarsız skill (base_damage 0): etki hareketin kendisi; vuruş 3: 1,13s@boss5,17m/oyuncu2,38m 2,20s@boss5,43m/oyuncu2,38m 3,13s@boss5,66m/oyuncu2,38m; kalıp sonu: merkeze 3,61 m, başlangıçtan 0,80 m, kalıp simülasyonundan 0,00 m, kalıp hedefi AllyDummy"
5-10,"Aynalı Patlama","Küre","karsi_darbe",1,1,1,1,1,1,1,1,1,1,"ön","ön",133248.00,"boss:Burn",1.70,1.35,0.39,0.36,0.86,0.00,0.00,"0/3 kare koşu","vuruş 1: 0,73s@boss0,56m/oyuncu1,36m; kalıp sonu: merkeze 1,70 m, başlangıçtan 1,30 m, kalıp simülasyonundan 0,00 m; toparlanma 0,43 sn (tablo 0,26)"
5-11,"Kopya Patlama","Küre","golge_yankisi",1,1,1,1,1,1,1,1,1,1,"ön","ön",95624.00,"boss:Burn",2.10,1.35,0.57,0.50,1.04,0.00,0.00,"1/3 kare koşu, ayak/gövde hız oranı 0,95","vuruş 2: 0,52s@boss1,20m/oyuncu1,15m 0,84s@boss1,95m/oyuncu1,39m; kalıp sonu: merkeze 2,10 m, başlangıçtan 0,90 m, kalıp simülasyonundan 0,00 m; toparlanma 0,43 sn (tablo 0,26)"
5-12,"Akan Patlama","Küre","patlayan_iz",1,1,1,1,1,1,1,1,1,1,"ön","ön",82104.00,"boss:Burn",2.95,1.35,2.94,3.00,3.41,0.00,0.00,"","vuruş 6: 0,86s@boss2,14m/oyuncu1,53m 1,39s@boss2,34m/oyuncu1,53m 1,86s@boss2,93m/oyuncu1,53m 2,40s@boss2,75m/oyuncu1,53m 2,87s@boss2,45m/oyuncu1,53m 3,41s@boss2,07m/oyuncu1,53m; kalıp sonu: merkeze 3,60 m, başlangıçtan 2,20 m, kalıp simülasyonundan 0,70 m, boss 2,80 m kaydı; toparlanma 0,43 sn (tablo 0,26)"
6-10,"Aynalı Bağ","Küre","karsi_darbe",1,1,1,1,1,1,1,1,1,1,"ön","ön",29600.00,"boss:Burn+Root, boss hız x0,00",1.70,1.35,0.40,0.36,0.86,0.00,0.00,"0/3 kare koşu","vuruş 1: 0,73s@boss0,56m/oyuncu1,36m; kalıp sonu: merkeze 1,70 m, başlangıçtan 1,30 m, kalıp simülasyonundan 0,00 m; toparlanma 0,43 sn (tablo 0,26)"
6-11,"Kopya Bağ","Küre","onden_arkadan",1,1,1,1,1,1,1,1,1,1,"ön","ön",29128.00,"boss:Burn+Root, boss hız x0,00",2.10,1.35,0.41,0.34,0.89,0.00,0.00,"0/3 kare koşu","vuruş 2: 0,53s@boss1,23m/oyuncu1,11m 0,67s@boss0,60m/oyuncu2,70m; kalıp sonu: merkeze 2,10 m, başlangıçtan 0,90 m, kalıp simülasyonundan 0,00 m; toparlanma 0,43 sn (tablo 0,26)"
6-12,"Akan Bağ","Küre","cember_sarma",1,1,1,1,1,1,1,1,1,1,"arka","arka",21504.00,"boss:Root+Burn, boss hız x0,00",1.50,1.35,0.93,0.90,1.39,0.00,0.00,"0/11 kare koşu","vuruş 1: 1,26s@boss0,00m/oyuncu2,06m; kalıp sonu: merkeze 2,06 m, başlangıçtan 4,59 m, kalıp simülasyonundan 0,00 m; toparlanma 0,43 sn (tablo 0,26)"
10-4,"Sabit Yansı","Küre","duvar_dikme",1,1,1,1,1,1,1,1,1,1,"yerinde","yerinde",3600.00,"boss:Burn",3.00,1.35,0.33,0.32,0.77,0.00,0.00,"","vuruş 1: 0,63s@boss0,62m/oyuncu2,38m; kalıp sonu: merkeze 3,00 m, başlangıçtan 0,00 m, kalıp simülasyonundan 0,00 m"
10-5,"Yayılan Yansı","Küre","yuruyen_balon",1,1,1,1,1,1,1,1,1,1,"ön","ön",24216.00,"boss:Burn",1.80,1.35,4.23,4.20,4.63,0.00,0.00,"","vuruş 5: 0,46s@boss3,00m/oyuncu0,00m 1,53s@boss2,70m/oyuncu0,00m 2,54s@boss2,40m/oyuncu0,00m 3,54s@boss2,10m/oyuncu0,00m 4,56s@boss1,80m/oyuncu0,00m; kalıp sonu: merkeze 1,80 m, başlangıçtan 1,20 m, kalıp simülasyonundan 0,00 m"
10-6,"Bağlayıcı Yansı","Küre","silaha_kement",1,1,1,1,1,1,1,1,1,1,"yerinde","yerinde",7992.00,"boss:Root+Slow+Burn, boss hız x0,00",3.00,1.35,1.00,0.94,1.40,0.00,0.00,"","vuruş 1: 0,54s@boss0,40m/oyuncu3,40m; kalıp sonu: merkeze 3,00 m, başlangıçtan 0,00 m, kalıp simülasyonundan 0,00 m"
11-4,"Sabit Çağrı","Küre","taret_dikme",1,1,1,1,1,1,1,1,1,1,"ön","ön",2168.00,"boss:Burn",2.53,1.35,0.73,0.54,1.13,0.00,0.00,"0/2 kare koşu","vuruş 2: 0,60s@boss2,53m/oyuncu0,00m 1,06s@boss0,28m/oyuncu2,80m; kalıp sonu: merkeze 2,53 m, başlangıçtan 0,47 m, kalıp simülasyonundan 0,00 m"
11-5,"Yayılan Çağrı","Küre","dagilan_suru",1,1,1,1,1,1,1,1,1,1,"yerinde","yerinde",5200.00,"boss:Burn",3.00,1.35,0.47,0.42,0.87,0.00,0.00,"","vuruş 3: 0,47s@boss0,35m/oyuncu3,02m 0,60s@boss0,00m/oyuncu3,00m 0,74s@boss0,35m/oyuncu3,02m; kalıp sonu: merkeze 3,00 m, başlangıçtan 0,00 m, kalıp simülasyonundan 0,00 m"
11-6,"Bağlayıcı Çağrı","Küre","muhafiz",1,1,1,1,1,1,1,1,1,1,"ön","ön",5240.00,"boss:Burn+Root+Slow, boss hız x0,00",2.53,1.35,0.66,0.64,1.13,0.00,0.00,"0/2 kare koşu","vuruş 1: 0,66s@boss2,46m/oyuncu1,20m; kalıp sonu: merkeze 2,53 m, başlangıçtan 0,47 m, kalıp simülasyonundan 0,00 m"
12-4,"Sabit Zaman","Küre","totem_dikme",1,1,1,1,1,1,1,1,1,1,"yerinde","yerinde",3192.00,"boss:Burn+Slow+Stun, boss hız x0,00",2.85,1.35,0.33,0.30,0.79,0.00,0.00,"","vuruş 1: 0,66s@boss2,87m/oyuncu0,00m; kalıp sonu: merkeze 2,85 m, başlangıçtan 0,15 m, kalıp simülasyonundan 0,00 m; toparlanma 0,43 sn (tablo 0,26)"
12-5,"Yayılan Zaman","Küre","genisleyen_halka",1,1,1,1,1,1,1,1,1,1,"yerinde","yerinde",3624.00,"boss:Burn+Slow, boss hız x0,70",3.00,1.35,0.60,0.58,1.07,0.00,0.00,"","vuruş 1: 0,87s@boss3,00m/oyuncu0,00m; kalıp sonu: merkeze 3,00 m, başlangıçtan 0,00 m, kalıp simülasyonundan 0,00 m; toparlanma 0,43 sn (tablo 0,26)"
12-6,"Bağlayıcı Zaman","Küre","iki_uclu",1,1,1,1,1,1,1,1,1,1,"yerinde","yerinde",5488.00,"boss:Burn, oyuncu:Haste, oyuncu hız x1,30",3.00,1.35,0.67,0.65,1.13,0.00,0.00,"","vuruş 1: 0,60s@boss0,28m/oyuncu3,28m; kalıp sonu: merkeze 3,00 m, başlangıçtan 0,00 m, kalıp simülasyonundan 0,00 m; toparlanma 0,43 sn (tablo 0,26)"
7-7,"Bulandırıcı Zafiyet","Küre","sis_bombasi",1,1,1,1,1,1,1,1,1,1,"yerinde","yerinde",19384.00,"boss:Blind+Burn",3.00,1.35,0.27,0.22,0.75,0.00,0.00,"","vuruş 1: 0,61s@boss0,35m/oyuncu3,35m; kalıp sonu: merkeze 3,00 m, başlangıçtan 0,00 m, kalıp simülasyonundan 0,00 m; toparlanma 0,43 sn (tablo 0,26)"
7-8,"Yükselen Zafiyet","Küre","yerden_fiskirma",1,1,1,1,1,1,1,1,1,1,"ön","ön",21920.00,"boss:Burn+Stun, boss hız x0,00",2.60,1.35,0.47,0.44,0.93,0.00,0.00,"","vuruş 1: 0,73s@boss0,00m/oyuncu2,75m; kalıp sonu: merkeze 2,60 m, başlangıçtan 0,40 m, kalıp simülasyonundan 0,00 m; toparlanma 0,43 sn (tablo 0,26)"
7-9,"Odaklı Zafiyet","Küre","isaret_patlamasi",1,1,1,1,1,1,1,1,1,1,"yerinde","yerinde",31792.00,"boss:Burn",3.00,1.35,1.96,1.92,2.43,0.00,0.00,"","vuruş 1: 2,30s@boss0,00m/oyuncu3,00m; kalıp sonu: merkeze 3,00 m, başlangıçtan 0,00 m, kalıp simülasyonundan 0,00 m; toparlanma 0,43 sn (tablo 0,26)"
7-10,"Aynalı Zafiyet","Küre","onden_arkadan",1,1,1,1,1,1,1,1,1,1,"ön","ön",27088.00,"boss:Burn",2.10,1.35,0.40,0.34,0.86,0.00,0.00,"0/3 kare koşu","vuruş 2: 0,52s@boss1,16m/oyuncu1,11m 0,66s@boss0,60m/oyuncu2,70m; kalıp sonu: merkeze 2,10 m, başlangıçtan 0,90 m, kalıp simülasyonundan 0,00 m; toparlanma 0,43 sn (tablo 0,26)"
7-11,"Kopya Zafiyet","Küre","golge_yankisi",1,1,1,1,1,1,1,1,1,1,"ön","ön",27832.00,"boss:Burn",2.10,1.35,0.53,0.50,1.00,0.00,0.00,"1/3 kare koşu, ayak/gövde hız oranı 1,03","vuruş 2: 0,59s@boss0,95m/oyuncu1,15m 0,86s@boss1,95m/oyuncu1,39m; kalıp sonu: merkeze 2,10 m, başlangıçtan 0,90 m, kalıp simülasyonundan 0,00 m; toparlanma 0,43 sn (tablo 0,26)"
7-12,"Akan Zafiyet","Küre","basili_isik",1,1,1,1,1,1,1,1,1,1,"ön","ön",43224.00,"boss:Burn",1.80,1.35,3.00,3.00,3.47,0.00,0.00,"","vuruş 6: 0,67s@boss0,17m/oyuncu2,72m 1,20s@boss0,04m/oyuncu2,72m 1,67s@boss0,23m/oyuncu2,72m 2,20s@boss0,44m/oyuncu2,72m 2,87s@boss0,71m/oyuncu2,72m 3,20s@boss0,84m/oyuncu2,72m; kalıp sonu: merkeze 1,80 m, başlangıçtan 1,20 m, kalıp simülasyonundan 0,00 m; toparlanma 0,43 sn (tablo 0,26)"
8-7,"Bulandırıcı Yükseliş","Küre","goz_bagi",1,1,1,1,1,1,1,1,1,1,"yerinde","yerinde",0.00,"",3.00,1.35,0.22,0.20,0.74,0.00,0.00,"","hasarsız skill (base_damage 0): etki hareketin kendisi; vuruş 1: 0,61s@boss0,28m/oyuncu3,28m; kalıp sonu: merkeze 3,00 m, başlangıçtan 0,00 m, kalıp simülasyonundan 0,00 m; toparlanma 0,43 sn (tablo 0,26)"
8-8,"Yükselen Yükseliş","Küre","buyuten_kemer",1,1,1,1,1,1,0,1,1,0,"yerinde","yerinde",0.00,"",3.00,1.35,0.65,0.42,1.12,0.00,0.00,"","hasarsız skill (base_damage 0): etki hareketin kendisi; vuruş 1: 1,07s@boss5,09m/oyuncu2,21m; kalıp sonu: merkeze 3,22 m, başlangıçtan 0,30 m, kalıp simülasyonundan 0,00 m, kalıp hedefi AllyDummy; toparlanma 0,43 sn (tablo 0,26); kalıp 0,65 sn (beklenen 0,42)"
8-9,"Odaklı Yükseliş","Küre","gudumlu_top",1,1,1,1,1,1,1,1,1,1,"yerinde","yerinde",0.00,"",3.00,1.35,0.60,0.56,1.07,0.00,0.00,"","hasarsız skill (base_damage 0): etki hareketin kendisi; vuruş 1: 0,93s@boss6,98m/oyuncu4,53m; kalıp sonu: merkeze 3,00 m, başlangıçtan 0,00 m, kalıp simülasyonundan 0,00 m, kalıp hedefi AllyDummy; toparlanma 0,43 sn (tablo 0,26)"
8-10,"Aynalı Yükseliş","Küre","ters_es",1,1,1,1,1,1,1,1,1,1,"yerinde","yerinde",0.00,"",3.00,1.35,0.47,0.44,0.93,0.00,0.00,"","hasarsız skill (base_damage 0): etki hareketin kendisi; vuruş 2: 0,60s@boss2,60m/oyuncu0,40m 0,80s@boss0,00m/oyuncu3,00m; kalıp sonu: merkeze 3,00 m, başlangıçtan 0,00 m, kalıp simülasyonundan 0,00 m; toparlanma 0,43 sn (tablo 0,26)"
8-11,"Kopya Yükseliş","Küre","golge_ulak",1,1,1,1,1,1,1,1,1,1,"yan","yan",0.00,"",2.43,1.35,1.40,1.36,1.87,0.00,0.00,"1/3 kare koşu, ayak/gövde hız oranı 0,99","hasarsız skill (base_damage 0): etki hareketin kendisi; vuruş 2: 0,60s@boss3,26m/oyuncu0,35m 1,73s@boss3,04m/oyuncu1,46m; kalıp sonu: merkeze 2,43 m, başlangıçtan 1,41 m, kalıp simülasyonundan 0,00 m, kalıp hedefi AllyDummy; toparlanma 0,43 sn (tablo 0,26)"
8-12,"Akan Yükseliş","Küre","akinti_yolu",1,1,1,1,1,1,1,1,1,1,"geri","geri",0.00,"",3.00,1.35,1.00,0.94,1.47,0.00,0.00,"0/10 kare koşu","hasarsız skill (base_damage 0): etki hareketin kendisi; vuruş 1: 1,22s@boss6,27m/oyuncu2,38m; kalıp sonu: merkeze 4,11 m, başlangıçtan 1,40 m, kalıp simülasyonundan 0,00 m, kalıp hedefi AllyDummy; toparlanma 0,43 sn (tablo 0,26)"
9-7,"Bulandırıcı Arınma","Küre","sis_ortusu",1,1,1,1,1,1,1,1,1,1,"yerinde","yerinde",0.00,"oyuncu +28000 can",3.00,1.35,0.33,0.30,0.80,0.00,0.00,"","vuruş 1: 0,60s@boss0,00m/oyuncu3,00m; kalıp sonu: merkeze 3,00 m, başlangıçtan 0,00 m, kalıp simülasyonundan 0,00 m; toparlanma 0,43 sn (tablo 0,26)"
9-8,"Yükselen Arınma","Küre","isik_sutunu",1,1,1,1,1,1,0,1,1,0,"yerinde","yerinde",0.00,"oyuncu +28000 can",3.00,1.35,0.21,0.48,0.87,0.00,0.00,"","vuruş 1: 0,67s@boss3,06m/oyuncu0,00m; kalıp sonu: merkeze 3,07 m, başlangıçtan 0,10 m, kalıp simülasyonundan 0,00 m, kalıp hedefi AllyDummy; toparlanma 0,43 sn (tablo 0,26); kalıp bang'den 0,24 sn sonra başladı"
9-9,"Odaklı Arınma","Küre","mermi_sondur",1,1,1,1,1,1,1,1,1,1,"yerinde","yerinde",0.00,"oyuncu +28000 can",3.00,1.35,0.40,0.38,0.87,0.00,0.00,"","vuruş 1: 0,73s@boss6,98m/oyuncu4,53m; kalıp sonu: merkeze 3,00 m, başlangıçtan 0,00 m, kalıp simülasyonundan 0,00 m, kalıp hedefi AllyDummy; toparlanma 0,43 sn (tablo 0,26)"
9-10,"Aynalı Arınma","Küre","yer_degistir",1,1,1,1,1,1,1,1,1,1,"arka","arka",0.00,"oyuncu +28000 can",1.50,1.35,0.40,0.34,0.87,0.00,0.00,"0/1 kare koşu","vuruş 1: 0,73s@boss0,31m/oyuncu1,19m; kalıp sonu: merkeze 1,50 m, başlangıçtan 4,50 m, kalıp simülasyonundan 0,00 m, ışın 8,34 m konumdan çıkarıldı; tek karede 8,34 m sıçrama (sınır 2,49 m @ 67 ms, t=0,87, ışın tasarım gereği); toparlanma 0,43 sn (tablo 0,26)"
9-11,"Kopya Arınma","Küre","yem_kopya",1,1,1,1,1,1,1,1,1,1,"yerinde","yerinde",0.00,"oyuncu +28000 can",3.00,1.35,0.27,0.24,0.73,0.00,0.00,"","vuruş 1: 0,60s@boss2,98m/oyuncu1,29m; kalıp sonu: merkeze 3,00 m, başlangıçtan 0,00 m, kalıp simülasyonundan 0,00 m; toparlanma 0,43 sn (tablo 0,26)"
9-12,"Akan Arınma","Küre","nabiz",1,1,1,1,1,1,1,1,1,1,"yerinde","yerinde",0.00,"oyuncu +16000 can, dost +8000 can",3.00,1.35,3.21,3.18,3.68,0.00,0.00,"","vuruş 3: 1,60s@boss3,00m/oyuncu0,00m 2,60s@boss3,00m/oyuncu0,00m 3,61s@boss3,00m/oyuncu0,00m; kalıp sonu: merkeze 3,00 m, başlangıçtan 0,00 m, kalıp simülasyonundan 0,00 m; toparlanma 0,43 sn (tablo 0,26)"
10-7,"Bulandırıcı Yansı","Küre","sahte_goruntu",1,1,1,1,1,1,1,1,1,1,"geri","geri",5296.00,"boss:Blind+Burn",3.00,1.35,0.47,0.44,0.87,0.00,0.00,"0/3 kare koşu","vuruş 3: 0,45s@boss3,06m/oyuncu1,37m 0,60s@boss3,06m/oyuncu1,37m 0,71s@boss3,55m/oyuncu0,00m; kalıp sonu: merkeze 3,90 m, başlangıçtan 0,90 m, kalıp simülasyonundan 0,00 m"
10-8,"Yükselen Yansı","Küre","yerden_buyuyen",1,1,1,1,1,1,1,1,1,1,"yerinde","yerinde",3992.00,"boss:Burn",2.75,1.35,0.47,0.42,0.87,0.00,0.00,"","vuruş 1: 0,67s@boss0,00m/oyuncu2,80m; kalıp sonu: merkeze 2,75 m, başlangıçtan 0,25 m, kalıp simülasyonundan 0,00 m"
10-9,"Odaklı Yansı","Küre","koruyucu_isaret",1,1,1,1,1,1,1,1,1,1,"ön","ön",3192.00,"boss:Burn",2.20,1.35,0.18,0.20,0.59,0.00,0.00,"0/3 kare koşu","vuruş 1: 0,53s@boss1,85m/oyuncu0,35m; kalıp sonu: merkeze 2,20 m, başlangıçtan 0,80 m, kalıp simülasyonundan 0,00 m"
11-7,"Bulandırıcı Çağrı","Küre","sirt_saplama",1,1,1,1,1,1,1,1,1,1,"yerinde","yerinde",3584.00,"boss:Blind+Burn",3.00,1.35,0.33,0.32,0.73,0.00,0.00,"","vuruş 1: 0,60s@boss0,00m/oyuncu3,00m; kalıp sonu: merkeze 3,00 m, başlangıçtan 0,00 m, kalıp simülasyonundan 0,00 m"
11-8,"Yükselen Çağrı","Küre","dostu_yerden",1,1,1,1,1,1,1,1,1,1,"yan","yan",0.00,"",2.64,1.35,0.93,0.90,1.33,0.00,0.00,"0/10 kare koşu","hasarsız skill (base_damage 0): etki hareketin kendisi; vuruş 1: 1,13s@boss2,52m/oyuncu0,95m; kalıp sonu: merkeze 2,68 m, başlangıçtan 1,02 m, kalıp simülasyonundan 0,00 m"
11-9,"Odaklı Çağrı","Küre","pesinden_av",1,1,1,1,1,1,1,1,1,1,"ön","ön",3592.00,"boss:Burn",1.94,1.35,2.47,2.45,2.87,0.00,0.00,"0/2 kare koşu","vuruş 1: 2,73s@boss0,00m/oyuncu1,94m; kalıp sonu: merkeze 1,94 m, başlangıçtan 1,06 m, kalıp simülasyonundan 0,00 m"
12-7,"Bulandırıcı Zaman","Küre","kum_saati",1,1,1,1,1,1,1,1,1,1,"yerinde","yerinde",5600.00,"boss:Blind+Burn+Slow, boss hız x0,70",3.00,1.35,0.67,0.62,1.13,0.00,0.00,"","vuruş 1: 0,60s@boss0,28m/oyuncu3,28m; kalıp sonu: merkeze 3,00 m, başlangıçtan 0,00 m, kalıp simülasyonundan 0,00 m; toparlanma 0,43 sn (tablo 0,26)"
12-8,"Yükselen Zaman","Küre","isik_sutunu",1,1,1,1,1,1,1,1,1,1,"yerinde","yerinde",3600.00,"boss:Burn, oyuncu:Haste, oyuncu hız x1,50",2.90,1.35,0.53,0.48,1.00,0.00,0.00,"","vuruş 1: 0,80s@boss2,92m/oyuncu0,00m; kalıp sonu: merkeze 2,90 m, başlangıçtan 0,10 m, kalıp simülasyonundan 0,00 m; toparlanma 0,43 sn (tablo 0,26)"
12-9,"Odaklı Zaman","Küre","isaret_patlamasi",1,1,1,1,1,1,1,1,1,1,"yerinde","yerinde",2824.00,"boss:Burn+Slow, boss hız x0,70",3.00,1.35,1.95,1.92,2.43,0.00,0.00,"","vuruş 1: 2,36s@boss0,00m/oyuncu3,00m; kalıp sonu: merkeze 3,00 m, başlangıçtan 0,00 m, kalıp simülasyonundan 0,00 m; toparlanma 0,43 sn (tablo 0,26)"
1-1,"Yoğun Vuruş","Çekiç","yukle_birak",1,1,1,1,1,1,1,1,1,1,"ön","ön",315104.00,"boss:Burn+Stun, boss hız x0,00",1.50,1.35,0.53,0.52,1.06,0.00,0.00,"0/3 kare koşu","vuruş 1: 0,92s@boss0,36m/oyuncu1,53m; kalıp sonu: merkeze 1,50 m, başlangıçtan 1,50 m, kalıp simülasyonundan 0,00 m; toparlanma 0,51 sn (tablo 0,26)"
1-2,"Emici Vuruş","Çekiç","kan_ceken_pence",1,1,1,1,1,1,1,1,1,1,"yerinde","yerinde",229568.00,"boss:Burn, oyuncu +67668 can",1.35,1.35,0.40,0.38,0.93,0.00,0.00,"","vuruş 3: 0,60s@boss1,70m/oyuncu1,02m 0,74s@boss1,14m/oyuncu1,02m 0,87s@boss0,59m/oyuncu1,02m; kalıp sonu: merkeze 1,37 m, başlangıçtan 0,00 m, kalıp simülasyonundan 0,00 m, boss 1,63 m kaydı; toparlanma 0,51 sn (tablo 0,26)"
1-3,"Sıçrayan Vuruş","Çekiç","yan_yan_sekme",1,1,1,1,1,1,1,1,1,1,"geri","geri",243432.00,"boss:Burn",2.85,1.35,0.45,0.46,0.98,0.00,0.00,"0/7 kare koşu","vuruş 2: 0,60s@boss0,74m/oyuncu3,52m 0,93s@boss0,74m/oyuncu4,37m; kalıp sonu: merkeze 3,70 m, başlangıçtan 1,30 m, kalıp simülasyonundan 0,00 m; toparlanma 0,51 sn (tablo 0,26)"
1-4,"Sabit Vuruş","Çekiç","yere_cakilan",1,1,1,1,1,1,1,1,1,1,"yerinde","yerinde",252400.00,"boss:Burn+Stun, boss hız x0,00",2.80,1.35,0.47,0.42,1.00,0.00,0.00,"","vuruş 1: 0,86s@boss2,81m/oyuncu0,00m; kalıp sonu: merkeze 2,80 m, başlangıçtan 0,20 m, kalıp simülasyonundan 0,00 m; toparlanma 0,51 sn (tablo 0,26)"
1-5,"Yayılan Vuruş","Çekiç","donen_kesik",1,1,1,1,1,1,1,1,1,1,"yerinde","yerinde",202144.00,"boss:Burn",3.00,1.35,0.60,0.55,1.13,0.00,0.00,"","vuruş 1: 0,73s@boss3,00m/oyuncu0,00m; kalıp sonu: merkeze 3,00 m, başlangıçtan 0,00 m, kalıp simülasyonundan 0,00 m; toparlanma 0,51 sn (tablo 0,26)"
1-6,"Bağlayıcı Vuruş","Çekiç","zincirli_firlatma",1,1,1,1,1,1,1,1,1,1,"ön","ön",249168.00,"boss:Root+Slow+Burn, boss hız x0,00",1.50,1.35,0.73,0.70,1.26,0.00,0.00,"2/4 kare koşu, ayak/gövde hız oranı 0,96","vuruş 2: 0,66s@boss0,45m/oyuncu3,45m 1,13s@boss0,50m/oyuncu1,28m; kalıp sonu: merkeze 1,50 m, başlangıçtan 1,50 m, kalıp simülasyonundan 0,00 m; toparlanma 0,51 sn (tablo 0,26)"
2-1,"Yoğun Şifa","Çekiç","tek_dokunus",1,1,1,1,1,1,1,1,1,1,"geri","geri",0.00,"oyuncu +168000 can",3.00,1.35,0.20,0.16,0.80,0.00,0.00,"0/2 kare koşu","vuruş 1: 0,67s@boss3,89m/oyuncu0,68m; kalıp sonu: merkeze 3,41 m, başlangıçtan 0,55 m, kalıp simülasyonundan 0,00 m, kalıp hedefi AllyDummy; toparlanma 0,59 sn (tablo 0,26)"
2-2,"Emici Şifa","Çekiç","uzaktan_emme",1,1,1,1,1,1,1,1,1,1,"yerinde","yerinde",53184.00,"oyuncu +84000 can, dost +28000 can",2.65,1.35,2.20,2.16,2.80,0.00,0.00,"","vuruş 4: 1,20s@boss0,19m/oyuncu2,72m 1,73s@boss0,10m/oyuncu2,72m 2,20s@boss0,02m/oyuncu2,72m 2,74s@boss0,07m/oyuncu2,72m; kalıp sonu: merkeze 2,65 m, başlangıçtan 0,35 m, kalıp simülasyonundan 0,00 m; toparlanma 0,59 sn (tablo 0,26)"
2-3,"Sıçrayan Şifa","Çekiç","dosttan_dosta",1,1,1,1,1,1,1,1,1,1,"yerinde","yerinde",0.00,"oyuncu +112000 can, dost +56000 can",3.00,1.35,0.56,0.54,1.16,0.00,0.00,"","vuruş 3: 1,00s@boss6,43m/oyuncu3,95m 1,00s@boss6,98m/oyuncu4,53m 1,00s@boss6,88m/oyuncu4,54m; kalıp sonu: merkeze 3,00 m, başlangıçtan 0,00 m, kalıp simülasyonundan 0,00 m, kalıp hedefi AllyDummy; toparlanma 0,59 sn (tablo 0,26)"
2-4,"Sabit Şifa","Çekiç","totem_dikme",1,1,1,1,1,1,1,1,1,1,"yerinde","yerinde",0.00,"oyuncu +168000 can",3.00,1.35,0.33,0.30,0.94,0.00,0.00,"","vuruş 1: 0,80s@boss3,10m/oyuncu0,00m; kalıp sonu: merkeze 3,11 m, başlangıçtan 0,15 m, kalıp simülasyonundan 0,00 m, kalıp hedefi AllyDummy; toparlanma 0,59 sn (tablo 0,26)"
2-5,"Yayılan Şifa","Çekiç","genisleyen_halka",1,1,1,1,1,1,1,1,1,1,"yerinde","yerinde",0.00,"oyuncu +168000 can",3.00,1.35,0.60,0.58,1.20,0.00,0.00,"","vuruş 1: 1,00s@boss3,00m/oyuncu0,00m; kalıp sonu: merkeze 3,00 m, başlangıçtan 0,00 m, kalıp simülasyonundan 0,00 m; toparlanma 0,59 sn (tablo 0,26)"
2-6,"Bağlayıcı Şifa","Çekiç","dostu_kanca",1,1,1,1,1,1,0,1,1,0,"geri","geri",0.00,"oyuncu +168000 can",3.00,1.35,0.24,0.52,1.04,0.00,0.00,"0/4 kare koşu","vuruş 1: 0,87s@boss5,86m/oyuncu0,40m; kalıp sonu: merkeze 5,92 m, başlangıçtan 3,40 m, kalıp simülasyonundan 0,00 m, kalıp hedefi AllyDummy; toparlanma 0,59 sn (tablo 0,26); kalıp bang'den 0,21 sn sonra başladı"
3-1,"Yoğun Adım","Çekiç","isinlan_kes",1,1,1,1,1,1,1,1,1,1,"arka","arka",2384.00,"boss:Burn",1.50,1.35,0.53,0.48,1.13,0.00,0.00,"0/1 kare koşu","vuruş 1: 1,00s@boss0,00m/oyuncu1,50m; kalıp sonu: merkeze 1,50 m, başlangıçtan 4,50 m, kalıp simülasyonundan 0,00 m; tek karede 4,50 m sıçrama (sınır 2,66 m @ 72 ms, t=0,94, faz isin, blink tasarım gereği); toparlanma 0,59 sn (tablo 0,26)"
3-2,"Emici Adım","Çekiç","icinden_emme",1,1,1,1,1,1,1,1,1,1,"arka","arka",2800.00,"boss:Burn",0.30,1.35,0.32,0.28,0.97,0.00,0.00,"1/5 kare koşu, ayak/gövde hız oranı 0,88","vuruş 1: 0,77s@boss0,28m/oyuncu1,36m; kalıp sonu: merkeze 2,60 m, başlangıçtan 5,45 m, kalıp simülasyonundan 0,20 m, boss 0,16 m kaydı; gövdeye girdi: merkeze 0,30 m (t=0,70, temas 1,35) geçiş tasarım gereği; toparlanma 0,59 sn (tablo 0,26)"
3-3,"Sıçrayan Adım","Çekiç","sekmeli_ziplama",1,1,1,1,1,1,1,1,1,1,"arka","arka",4816.00,"boss:Burn",1.50,1.35,0.67,0.60,1.26,0.00,0.00,"0/9 kare koşu","vuruş 3: 0,73s@boss1,79m/oyuncu0,01m 0,93s@boss1,50m/oyuncu0,01m 1,13s@boss1,50m/oyuncu0,00m; kalıp sonu: merkeze 1,50 m, başlangıçtan 4,50 m, kalıp simülasyonundan 0,00 m; toparlanma 0,59 sn (tablo 0,26)"
3-4,"Sabit Adım","Çekiç","geri_sarma",1,1,1,1,1,1,1,1,1,1,"başlangıç","başlangıç",0.00,"",1.50,1.35,2.70,2.66,3.29,0.00,0.00,"3/9 kare koşu, ayak/gövde hız oranı 0,96","hasarsız skill (base_damage 0): etki hareketin kendisi; kalıp sonu: merkeze 3,00 m, başlangıçtan 0,00 m, kalıp simülasyonundan 0,00 m; toparlanma 0,59 sn (tablo 0,26)"
3-5,"Yayılan Adım","Çekiç","dalis_patlamasi",1,1,1,1,1,1,1,1,1,1,"ön","ön",2800.00,"boss:Burn",1.50,1.35,0.48,0.42,1.10,0.00,0.00,"0/4 kare koşu","vuruş 1: 0,90s@boss1,50m/oyuncu0,00m; kalıp sonu: merkeze 1,50 m, başlangıçtan 1,50 m, kalıp simülasyonundan 0,00 m; toparlanma 0,59 sn (tablo 0,26)"
3-6,"Bağlayıcı Adım","Çekiç","kanca_cekis",1,1,1,1,1,1,1,1,1,1,"arka","arka",2792.00,"boss:Root+Slow+Burn, boss hız x0,00",1.50,1.35,0.80,0.74,1.40,0.00,0.00,"1/10 kare koşu, ayak/gövde hız oranı 1,01","vuruş 1: 1,20s@boss0,00m/oyuncu1,50m; kalıp sonu: merkeze 1,50 m, başlangıçtan 4,50 m, kalıp simülasyonundan 0,00 m; toparlanma 0,59 sn (tablo 0,26)"
4-1,"Yoğun Kalkan","Çekiç","tam_zamanli",1,1,1,1,1,1,1,1,1,1,"yerinde","yerinde",0.00,"",3.00,1.35,0.53,0.50,1.07,0.00,0.00,"","hasarsız skill (base_damage 0): etki hareketin kendisi; vuruş 1: 0,87s@boss0,62m/oyuncu2,38m; kalıp sonu: merkeze 3,00 m, başlangıçtan 0,00 m, kalıp simülasyonundan 0,00 m; toparlanma 0,51 sn (tablo 0,26)"
4-2,"Emici Kalkan","Çekiç","kalkan_calma",1,1,1,1,1,1,1,1,1,1,"yerinde","yerinde",95000.00,"",1.35,1.35,0.27,0.20,0.80,0.00,0.00,"","vuruş 1: 0,60s@boss1,44m/oyuncu1,28m; kalıp sonu: merkeze 1,90 m, başlangıçtan 0,00 m, kalıp simülasyonundan 0,00 m, boss 1,10 m kaydı; toparlanma 0,51 sn (tablo 0,26)"
4-3,"Sıçrayan Kalkan","Çekiç","seken_disk",1,1,1,1,1,1,1,1,1,1,"yerinde","yerinde",0.00,"",3.00,1.35,0.46,0.42,1.00,0.00,0.00,"","hasarsız skill (base_damage 0): etki hareketin kendisi; vuruş 2: 0,67s@boss0,30m/oyuncu3,30m 0,80s@boss3,04m/oyuncu1,43m; kalıp sonu: merkeze 3,00 m, başlangıçtan 0,00 m, kalıp simülasyonundan 0,00 m; toparlanma 0,51 sn (tablo 0,26)"
5-1,"Yoğun Patlama","Çekiç","saplanan_fitil",1,1,1,1,1,1,1,1,1,1,"geri","geri",220728.00,"boss:Burn+Stun, boss hız x0,00",2.32,1.35,1.60,1.62,2.13,0.00,0.00,"0/6 kare koşu","vuruş 2: 0,66s@boss0,85m/oyuncu1,91m 2,13s@boss0,85m/oyuncu2,95m; kalıp sonu: merkeze 3,80 m, başlangıçtan 0,80 m, kalıp simülasyonundan 0,00 m; toparlanma 0,51 sn (tablo 0,26)"
5-2,"Emici Patlama","Çekiç","ceken_girdap",1,1,1,1,1,1,1,1,1,1,"yerinde","yerinde",163992.00,"boss:Burn, oyuncu +47398 can",1.35,1.35,1.33,1.32,1.87,0.00,0.00,"","vuruş 3: 1,20s@boss0,00m/oyuncu1,35m 1,67s@boss0,00m/oyuncu1,35m 1,73s@boss0,00m/oyuncu1,35m; kalıp sonu: merkeze 1,35 m, başlangıçtan 0,00 m, kalıp simülasyonundan 0,00 m, boss 1,65 m kaydı; toparlanma 0,51 sn (tablo 0,26)"
5-3,"Sıçrayan Patlama","Çekiç","seken_bomba",1,1,1,1,1,1,1,1,1,1,"yerinde","yerinde",174352.00,"boss:Burn",3.00,1.35,0.60,0.58,1.13,0.00,0.00,"","vuruş 3: 0,67s@boss0,40m/oyuncu3,40m 0,80s@boss0,00m/oyuncu3,00m 1,00s@boss0,35m/oyuncu3,02m; kalıp sonu: merkeze 3,00 m, başlangıçtan 0,00 m, kalıp simülasyonundan 0,00 m; toparlanma 0,51 sn (tablo 0,26)"
6-1,"Yoğun Bağ","Çekiç","sinir_noktasi",1,1,1,1,1,1,1,1,1,1,"ön","ön",65184.00,"boss:Burn+Stun, boss hız x0,00",1.50,1.35,0.39,0.34,0.93,0.00,0.00,"0/4 kare koşu","vuruş 1: 0,80s@boss0,91m/oyuncu0,59m; kalıp sonu: merkeze 1,50 m, başlangıçtan 1,50 m, kalıp simülasyonundan 0,00 m; toparlanma 0,51 sn (tablo 0,26)"
6-2,"Emici Bağ","Çekiç","bossu_cek",1,1,1,1,1,1,1,1,1,1,"geri","geri",48688.00,"boss:Burn+Root+Stun, boss hız x0,00, oyuncu +13645 can",1.35,1.35,0.47,0.44,1.01,0.00,0.00,"2/5 kare koşu, ayak/gövde hız oranı 0,99","vuruş 1: 0,80s@boss2,64m/oyuncu1,36m; kalıp sonu: merkeze 3,26 m, başlangıçtan 1,60 m, kalıp simülasyonundan 0,00 m, boss 1,34 m kaydı; toparlanma 0,51 sn (tablo 0,26)"
6-3,"Sıçrayan Bağ","Çekiç","basip_sekme",1,1,1,1,1,1,1,1,1,1,"başlangıç","başlangıç",52888.00,"boss:Burn+Root, boss hız x0,00",1.67,1.35,0.53,0.52,1.07,0.00,0.00,"0/7 kare koşu","vuruş 1: 0,80s@boss1,50m/oyuncu0,24m; kalıp sonu: merkeze 3,20 m, başlangıçtan 0,20 m, kalıp simülasyonundan 0,00 m; toparlanma 0,51 sn (tablo 0,26)"
1-7,"Bulandırıcı Vuruş","Çekiç","dumandan_cikis",1,1,1,1,1,1,1,1,1,1,"ön","ön",232296.00,"boss:Blind+Burn",1.50,1.35,0.54,0.48,1.09,0.00,0.00,"0/3 kare koşu","vuruş 1: 0,89s@boss0,66m/oyuncu1,36m; kalıp sonu: merkeze 1,50 m, başlangıçtan 1,50 m, kalıp simülasyonundan 0,00 m; toparlanma 0,51 sn (tablo 0,26)"
1-8,"Yükselen Vuruş","Çekiç","havaya_kaldirma",1,1,1,1,1,1,1,1,1,1,"ön","ön",263520.00,"boss:Burn+Stun, boss hız x0,00",1.90,1.35,0.35,0.34,0.89,0.00,0.00,"0/5 kare koşu","vuruş 1: 0,67s@boss1,08m/oyuncu1,28m; kalıp sonu: merkeze 1,90 m, başlangıçtan 1,10 m, kalıp simülasyonundan 0,00 m; toparlanma 0,51 sn (tablo 0,26)"
1-9,"Odaklı Vuruş","Çekiç","isarete_vur",1,1,1,1,1,1,1,1,1,1,"ön","ön",413576.00,"boss:Burn",1.65,1.35,0.41,0.38,0.94,0.00,0.00,"0/3 kare koşu","vuruş 1: 0,80s@boss0,77m/oyuncu1,28m; kalıp sonu: merkeze 1,65 m, başlangıçtan 1,35 m, kalıp simülasyonundan 0,00 m; toparlanma 0,51 sn (tablo 0,26)"
2-7,"Bulandırıcı Şifa","Çekiç","sis_ortusu",1,1,1,1,1,1,1,1,1,1,"yerinde","yerinde",0.00,"oyuncu +168000 can",3.00,1.35,0.33,0.30,0.93,0.00,0.00,"","vuruş 1: 0,73s@boss0,00m/oyuncu3,00m; kalıp sonu: merkeze 3,00 m, başlangıçtan 0,00 m, kalıp simülasyonundan 0,00 m; toparlanma 0,59 sn (tablo 0,26)"
2-8,"Yükselen Şifa","Çekiç","yerden_buyuyen",1,1,1,1,1,1,1,1,1,1,"yerinde","yerinde",0.00,"oyuncu +168000 can",3.00,1.35,0.47,0.42,1.07,0.00,0.00,"","vuruş 1: 0,87s@boss6,98m/oyuncu4,33m; kalıp sonu: merkeze 3,18 m, başlangıçtan 0,25 m, kalıp simülasyonundan 0,00 m, kalıp hedefi AllyDummy; toparlanma 0,59 sn (tablo 0,26)"
2-9,"Odaklı Şifa","Çekiç","koruyucu_isaret",1,0,1,1,1,1,1,1,1,0,"geri","geri",0.00,"",3.00,1.35,0.20,0.20,0.80,0.00,0.00,"0/3 kare koşu","hasar yok, etki görülmedi; vuruş 1: 0,73s@boss3,90m/oyuncu0,35m; kalıp sonu: merkeze 3,61 m, başlangıçtan 0,80 m, kalıp simülasyonundan 0,00 m, kalıp hedefi AllyDummy; toparlanma 0,59 sn (tablo 0,26)"
3-7,"Bulandırıcı Adım","Çekiç","duman_kaybolma",1,1,1,1,1,1,1,1,1,1,"ön","ön",4416.00,"boss:Blind+Burn, oyuncu:Stealth",1.50,1.35,0.60,0.59,1.20,0.00,0.00,"1/3 kare koşu, ayak/gövde hız oranı 1,01","vuruş 1: 0,73s@boss1,50m/oyuncu0,00m; kalıp sonu: merkeze 1,50 m, başlangıçtan 1,50 m, kalıp simülasyonundan 0,00 m; toparlanma 0,59 sn (tablo 0,26)"
3-8,"Yükselen Adım","Çekiç","sicrayip_cakilma",1,1,1,1,1,1,1,1,1,1,"ön","ön",3600.00,"boss:Burn, oyuncu:Haste, oyuncu hız x1,10",1.50,1.35,0.87,0.82,1.47,0.00,0.00,"0/5 kare koşu","vuruş 1: 1,33s@boss1,50m/oyuncu0,00m; kalıp sonu: merkeze 1,50 m, başlangıçtan 1,50 m, kalıp simülasyonundan 0,00 m; toparlanma 0,59 sn (tablo 0,26)"
3-9,"Odaklı Adım","Çekiç","isinlan_kes",1,1,1,1,1,1,1,1,1,1,"arka","arka",2392.00,"boss:Burn",1.50,1.35,0.53,0.48,1.13,0.00,0.00,"0/1 kare koşu","vuruş 1: 1,00s@boss0,00m/oyuncu1,50m; kalıp sonu: merkeze 1,50 m, başlangıçtan 4,50 m, kalıp simülasyonundan 0,00 m; tek karede 4,50 m sıçrama (sınır 2,55 m @ 69 ms, t=0,93, faz isin, blink tasarım gereği); toparlanma 0,59 sn (tablo 0,26)"
7-1,"Yoğun Zafiyet","Çekiç","diken_firlatma",1,1,1,1,1,1,1,1,1,1,"yerinde","yerinde",35640.00,"boss:Burn",3.00,1.35,0.34,0.40,0.94,0.00,0.00,"","vuruş 1: 0,94s@boss0,30m/oyuncu3,30m; kalıp sonu: merkeze 3,00 m, başlangıçtan 0,00 m, kalıp simülasyonundan 0,00 m; toparlanma 0,59 sn (tablo 0,26)"
7-2,"Emici Zafiyet","Çekiç","sokup_cekme",1,1,1,1,1,1,1,1,1,1,"geri","geri",28728.00,"boss:Burn, oyuncu +7419 can",3.00,1.35,0.46,0.44,1.07,0.00,0.00,"2/5 kare koşu, ayak/gövde hız oranı 1,01","vuruş 2: 0,73s@boss0,35m/oyuncu3,46m 0,86s@boss2,57m/oyuncu1,19m; kalıp sonu: merkeze 4,30 m, başlangıçtan 1,30 m, kalıp simülasyonundan 0,00 m; toparlanma 0,59 sn (tablo 0,26)"
7-3,"Sıçrayan Zafiyet","Çekiç","seken_yaratik",1,1,1,1,1,1,1,1,1,1,"yerinde","yerinde",36664.00,"boss:Burn",3.00,1.35,0.67,0.64,1.27,0.00,0.00,"","vuruş 3: 0,80s@boss0,00m/oyuncu3,00m 0,94s@boss0,35m/oyuncu3,02m 1,13s@boss0,35m/oyuncu3,02m; kalıp sonu: merkeze 3,00 m, başlangıçtan 0,00 m, kalıp simülasyonundan 0,00 m; toparlanma 0,59 sn (tablo 0,26)"
8-1,"Yoğun Yükseliş","Çekiç","kuculten_kapi",1,1,1,1,1,1,1,1,1,1,"yerinde","yerinde",0.00,"",3.00,1.35,0.33,0.28,0.94,0.00,0.00,"","hasarsız skill (base_damage 0): etki hareketin kendisi; vuruş 1: 0,74s@boss0,62m/oyuncu2,38m; kalıp sonu: merkeze 3,00 m, başlangıçtan 0,00 m, kalıp simülasyonundan 0,00 m; toparlanma 0,59 sn (tablo 0,26)"
8-2,"Emici Yükseliş","Çekiç","kan_muhru",1,1,1,1,1,1,1,1,1,1,"yerinde","yerinde",0.00,"",3.00,1.35,0.34,0.32,0.93,0.00,0.00,"","hasarsız skill (base_damage 0): etki hareketin kendisi; vuruş 1: 0,73s@boss3,00m/oyuncu0,00m; kalıp sonu: merkeze 3,00 m, başlangıçtan 0,00 m, kalıp simülasyonundan 0,00 m; toparlanma 0,59 sn (tablo 0,26)"
8-3,"Sıçrayan Yükseliş","Çekiç","pas_verme",1,1,1,1,1,1,1,1,1,1,"yerinde","yerinde",0.00,"",3.00,1.35,0.27,0.24,0.86,0.00,0.00,"","hasarsız skill (base_damage 0): etki hareketin kendisi; vuruş 1: 0,80s@boss6,38m/oyuncu3,90m; kalıp sonu: merkeze 3,00 m, başlangıçtan 0,00 m, kalıp simülasyonundan 0,00 m, kalıp hedefi AllyDummy; toparlanma 0,59 sn (tablo 0,26)"
9-1,"Yoğun Arınma","Çekiç","tek_dokunus",1,1,1,1,1,1,1,1,1,1,"geri","geri",0.00,"oyuncu +40000 can",3.00,1.35,0.20,0.16,0.80,0.00,0.00,"0/3 kare koşu","vuruş 1: 0,65s@boss3,83m/oyuncu0,68m; kalıp sonu: merkeze 3,41 m, başlangıçtan 0,55 m, kalıp simülasyonundan 0,00 m, kalıp hedefi AllyDummy; toparlanma 0,59 sn (tablo 0,26)"
9-2,"Emici Arınma","Çekiç","cekip_firlat",1,1,1,1,1,1,1,1,1,1,"yerinde","yerinde",0.00,"oyuncu +16000 can, dost +24000 can",3.00,1.35,0.54,0.50,1.14,0.00,0.00,"","vuruş 2: 0,74s@boss2,65m/oyuncu0,35m 1,07s@boss0,30m/oyuncu3,30m; kalıp sonu: merkeze 3,00 m, başlangıçtan 0,00 m, kalıp simülasyonundan 0,00 m; toparlanma 0,59 sn (tablo 0,26)"
9-3,"Sıçrayan Arınma","Çekiç","dosttan_dosta",1,1,1,1,1,1,1,1,1,1,"yerinde","yerinde",0.00,"oyuncu +24000 can, dost +12000 can",3.00,1.35,0.60,0.54,1.20,0.00,0.00,"","vuruş 3: 0,73s@boss6,43m/oyuncu3,95m 0,80s@boss6,98m/oyuncu4,53m 1,00s@boss6,88m/oyuncu4,54m; kalıp sonu: merkeze 3,00 m, başlangıçtan 0,00 m, kalıp simülasyonundan 0,00 m, kalıp hedefi AllyDummy; toparlanma 0,59 sn (tablo 0,26)"
1-10,"Aynalı Vuruş","Çekiç","sirtta_kapi",1,1,1,1,1,1,1,1,1,1,"ön","ön",17538190.00,"boss:Burn+Stun, boss hız x0,00",1.80,1.35,0.33,0.32,0.88,0.00,0.00,"0/3 kare koşu","vuruş 2: 0,61s@boss1,01m/oyuncu1,19m 0,74s@boss0,55m/oyuncu2,35m; kalıp sonu: merkeze 1,80 m, başlangıçtan 1,20 m, kalıp simülasyonundan 0,00 m; toparlanma 0,51 sn (tablo 0,26)"
1-11,"Kopya Vuruş","Çekiç","golge_yankisi",1,1,1,1,1,1,1,1,1,1,"ön","ön",240208.00,"boss:Burn",2.10,1.35,0.53,0.50,1.08,0.00,0.00,"1/3 kare koşu, ayak/gövde hız oranı 1,01","vuruş 2: 0,61s@boss1,17m/oyuncu1,15m 0,96s@boss1,95m/oyuncu1,39m; kalıp sonu: merkeze 2,10 m, başlangıçtan 0,90 m, kalıp simülasyonundan 0,00 m; toparlanma 0,51 sn (tablo 0,26)"
1-12,"Akan Vuruş","Çekiç","basili_seri",1,1,1,1,1,1,0,1,1,0,"ön","ön",188340.00,"boss:Burn",1.60,1.35,3.31,3.00,3.85,0.00,0.00,"","vuruş 6: 0,74s@boss1,73m/oyuncu1,15m 1,27s@boss1,48m/oyuncu1,15m 1,73s@boss1,26m/oyuncu1,15m 2,27s@boss1,01m/oyuncu1,15m 2,74s@boss0,80m/oyuncu1,15m 3,27s@boss0,55m/oyuncu1,15m; kalıp sonu: merkeze 1,60 m, başlangıçtan 1,40 m, kalıp simülasyonundan 0,00 m; toparlanma 0,51 sn (tablo 0,26); kalıp 3,31 sn (beklenen 3,00)"
2-10,"Aynalı Şifa","Çekiç","ters_es",1,1,1,1,1,1,1,1,1,1,"yerinde","yerinde",16800.00,"oyuncu +112000 can",3.00,1.35,0.47,0.44,1.07,0.00,0.00,"","vuruş 2: 0,74s@boss2,60m/oyuncu0,40m 0,93s@boss0,00m/oyuncu3,00m; kalıp sonu: merkeze 3,00 m, başlangıçtan 0,00 m, kalıp simülasyonundan 0,00 m; toparlanma 0,59 sn (tablo 0,26)"
2-11,"Kopya Şifa","Çekiç","golge_ulak",1,1,1,1,1,1,1,1,1,1,"yan","yan",0.00,"oyuncu +100000 can, dost +68000 can",2.43,1.35,1.40,1.36,2.00,0.00,0.00,"1/3 kare koşu, ayak/gövde hız oranı 0,95","vuruş 2: 0,73s@boss3,26m/oyuncu0,35m 1,87s@boss3,04m/oyuncu1,46m; kalıp sonu: merkeze 2,43 m, başlangıçtan 1,41 m, kalıp simülasyonundan 0,00 m, kalıp hedefi AllyDummy; toparlanma 0,59 sn (tablo 0,26)"
2-12,"Akan Şifa","Çekiç","basili_isik",1,1,1,1,1,1,1,1,1,1,"geri","geri",0.00,"oyuncu +140000 can, dost +28000 can",3.00,1.35,3.04,3.00,3.64,0.00,0.00,"","vuruş 6: 0,80s@boss5,38m/oyuncu2,72m 1,33s@boss5,58m/oyuncu2,72m 1,80s@boss5,75m/oyuncu2,72m 2,33s@boss5,95m/oyuncu2,72m 2,84s@boss6,14m/oyuncu2,72m 3,31s@boss6,32m/oyuncu2,72m; kalıp sonu: merkeze 3,94 m, başlangıçtan 1,20 m, kalıp simülasyonundan 0,00 m, kalıp hedefi AllyDummy; toparlanma 0,59 sn (tablo 0,26)"
3-10,"Aynalı Adım","Çekiç","iki_kapi",1,1,1,1,1,1,1,1,1,1,"ön","ön",5212.00,"boss:Burn",1.50,1.35,0.60,0.54,1.20,0.00,0.00,"0/4 kare koşu","vuruş 2: 0,60s@boss3,00m/oyuncu0,00m 1,00s@boss1,50m/oyuncu0,00m; kalıp sonu: merkeze 1,50 m, başlangıçtan 1,50 m, kalıp simülasyonundan 0,00 m; toparlanma 0,59 sn (tablo 0,26)"
3-11,"Kopya Adım","Çekiç","yem_kac",1,1,1,1,1,1,1,1,1,1,"geri","geri",4032.00,"boss:Burn",3.00,1.35,0.40,0.40,1.00,0.00,0.00,"1/5 kare koşu, ayak/gövde hız oranı 1,01","vuruş 1: 0,60s@boss3,00m/oyuncu0,00m; kalıp sonu: merkeze 5,80 m, başlangıçtan 2,80 m, kalıp simülasyonundan 0,00 m; toparlanma 0,59 sn (tablo 0,26)"
3-12,"Akan Adım","Çekiç","suzulme",1,1,1,1,1,1,1,1,1,1,"ön","ön",0.00,"",1.90,1.35,3.00,3.00,3.60,0.00,0.00,"","hasarsız skill (base_damage 0): etki hareketin kendisi; kalıp sonu: merkeze 1,90 m, başlangıçtan 1,10 m, kalıp simülasyonundan 0,00 m; toparlanma 0,59 sn (tablo 0,26)"
10-1,"Yoğun Yansı","Çekiç","tam_zamanli",1,1,1,1,1,1,1,1,1,1,"yerinde","yerinde",2812.00,"boss:Burn",3.00,1.35,0.53,0.50,1.13,0.00,0.00,"","vuruş 1: 0,93s@boss0,62m/oyuncu2,38m; kalıp sonu: merkeze 3,00 m, başlangıçtan 0,00 m, kalıp simülasyonundan 0,00 m; toparlanma 0,59 sn (tablo 0,26)"
10-2,"Emici Yansı","Çekiç","yutan_girdap",1,1,1,1,1,1,1,1,1,1,"yerinde","yerinde",15468.00,"boss:Burn",1.35,1.35,3.19,3.18,3.79,0.00,0.00,"","vuruş 4: 1,47s@boss1,03m/oyuncu2,38m 2,27s@boss1,03m/oyuncu2,38m 3,00s@boss1,03m/oyuncu2,38m 3,73s@boss1,03m/oyuncu2,38m; kalıp sonu: merkeze 1,35 m, başlangıçtan 0,00 m, kalıp simülasyonundan 0,00 m, boss 1,65 m kaydı; toparlanma 0,59 sn (tablo 0,26)"
10-3,"Sıçrayan Yansı","Çekiç","seken_geri",1,1,1,1,1,1,1,1,1,1,"ön","ön",3656.00,"boss:Burn",1.90,1.35,0.40,0.36,1.02,0.00,0.00,"0/3 kare koşu","vuruş 2: 0,66s@boss0,68m/oyuncu1,53m 0,82s@boss0,00m/oyuncu1,90m; kalıp sonu: merkeze 1,90 m, başlangıçtan 1,10 m, kalıp simülasyonundan 0,00 m; toparlanma 0,59 sn (tablo 0,26)"
10-10,"Aynalı Yansı","Çekiç","iki_kapi",1,1,1,1,1,1,1,1,1,1,"ön","ön",5028.00,"boss:Burn",1.50,1.35,0.44,0.54,1.04,0.00,0.00,"1/5 kare koşu, ayak/gövde hız oranı 1,05","vuruş 2: 0,61s@boss3,00m/oyuncu0,41m 0,91s@boss1,50m/oyuncu0,00m; kalıp sonu: merkeze 1,50 m, başlangıçtan 1,50 m, kalıp simülasyonundan 0,00 m; toparlanma 0,59 sn (tablo 0,26)"
10-11,"Kopya Yansı","Çekiç","yem_kopya",1,1,1,1,1,1,1,1,1,1,"yerinde","yerinde",2800.00,"boss:Burn",2.85,1.35,0.40,0.36,1.00,0.00,0.00,"","vuruş 1: 0,80s@boss2,84m/oyuncu1,29m; kalıp sonu: merkeze 2,85 m, başlangıçtan 0,15 m, kalıp simülasyonundan 0,00 m; toparlanma 0,59 sn (tablo 0,26)"
10-12,"Akan Yansı","Çekiç","basili_siper",1,1,1,1,1,1,0,1,1,0,"ön","ön",15992.00,"boss:Burn",2.20,1.35,3.40,3.00,4.00,0.00,0.00,"","vuruş 3: 1,33s@boss0,41m/oyuncu2,38m 2,33s@boss0,14m/oyuncu2,38m 3,33s@boss0,13m/oyuncu2,38m; kalıp sonu: merkeze 2,20 m, başlangıçtan 0,80 m, kalıp simülasyonundan 0,00 m; toparlanma 0,59 sn (tablo 0,26); kalıp 3,40 sn (beklenen 3,00)"
11-1,"Yoğun Çağrı","Çekiç","sirt_saplama",1,1,1,1,1,1,1,1,1,1,"ön","ön",2804.00,"boss:Burn",1.90,1.35,0.53,0.46,1.13,0.00,0.00,"0/3 kare koşu","vuruş 1: 0,93s@boss0,00m/oyuncu1,90m; kalıp sonu: merkeze 1,90 m, başlangıçtan 1,10 m, kalıp simülasyonundan 0,00 m; toparlanma 0,59 sn (tablo 0,26)"
11-2,"Emici Çağrı","Çekiç","yapisan",1,1,1,1,1,1,1,1,1,1,"yerinde","yerinde",24012.00,"boss:Burn",1.35,1.35,5.19,5.18,5.80,0.00,0.00,"","vuruş 6: 0,73s@boss0,20m/oyuncu2,68m 1,73s@boss0,00m/oyuncu1,35m 2,73s@boss0,00m/oyuncu1,35m 3,73s@boss0,00m/oyuncu1,35m 4,74s@boss0,00m/oyuncu1,35m 5,73s@boss0,00m/oyuncu1,35m; kalıp sonu: merkeze 1,35 m, başlangıçtan 0,00 m, kalıp simülasyonundan 0,00 m, boss 1,65 m kaydı; toparlanma 0,59 sn (tablo 0,26)"
11-3,"Sıçrayan Çağrı","Çekiç","seken_yaratik",1,1,1,1,1,1,1,1,1,1,"yerinde","yerinde",4368.00,"boss:Burn",3.00,1.35,0.67,0.64,1.26,0.00,0.00,"","vuruş 3: 0,80s@boss0,00m/oyuncu3,00m 0,93s@boss0,35m/oyuncu3,02m 1,13s@boss0,35m/oyuncu3,02m; kalıp sonu: merkeze 3,00 m, başlangıçtan 0,00 m, kalıp simülasyonundan 0,00 m; toparlanma 0,59 sn (tablo 0,26)"
11-10,"Aynalı Çağrı","Çekiç","takim_kapisi",1,1,1,1,1,1,1,1,1,1,"ön","ön",8796.00,"boss:Burn",2.35,1.35,1.40,1.36,2.00,0.00,0.00,"0/2 kare koşu","vuruş 1: 0,80s@boss2,35m/oyuncu0,00m; kalıp sonu: merkeze 2,35 m, başlangıçtan 0,65 m, kalıp simülasyonundan 0,00 m; toparlanma 0,59 sn (tablo 0,26)"
11-11,"Kopya Çağrı","Çekiç","ayna_klonlar",1,1,1,1,1,1,1,1,1,1,"ön","ön",3596.00,"boss:Burn",2.35,1.35,0.66,0.62,1.27,0.00,0.00,"0/2 kare koşu","vuruş 2: 0,93s@boss2,37m/oyuncu1,41m 1,07s@boss2,37m/oyuncu1,41m; kalıp sonu: merkeze 2,35 m, başlangıçtan 0,65 m, kalıp simülasyonundan 0,00 m; toparlanma 0,59 sn (tablo 0,26)"
11-12,"Akan Çağrı","Çekiç","kapidan_akin",1,1,1,1,1,1,1,1,1,1,"ön","ön",21320.00,"boss:Burn",2.35,1.35,4.35,4.32,4.95,0.00,0.00,"0/2 kare koşu","vuruş 6: 0,86s@boss0,85m/oyuncu1,50m 1,67s@boss0,00m/oyuncu2,35m 2,47s@boss0,00m/oyuncu2,35m 3,28s@boss0,00m/oyuncu2,35m 4,07s@boss0,00m/oyuncu2,35m 4,87s@boss0,00m/oyuncu2,35m; kalıp sonu: merkeze 2,35 m, başlangıçtan 0,65 m, kalıp simülasyonundan 0,00 m; toparlanma 0,59 sn (tablo 0,26)"
12-1,"Yoğun Zaman","Çekiç","zamanli_donma",1,1,1,1,1,1,0,1,1,0,"ön","ön",3384.00,"boss:Burn+Slow, boss hız x0,70",1.50,1.35,0.70,0.50,1.30,0.00,0.00,"0/2 kare koşu","vuruş 1: 1,01s@boss0,50m/oyuncu1,28m; kalıp sonu: merkeze 1,50 m, başlangıçtan 1,50 m, kalıp simülasyonundan 0,00 m; toparlanma 0,59 sn (tablo 0,26); kalıp 0,70 sn (beklenen 0,50)"
12-2,"Emici Zaman","Çekiç","ceken_girdap",1,1,1,1,1,1,1,1,1,1,"yerinde","yerinde",5984.00,"boss:Burn+Slow, oyuncu:Haste, boss hız x0,70, oyuncu hız x1,30",3.00,1.35,1.40,1.32,2.00,0.00,0.00,"","vuruş 3: 1,27s@boss0,00m/oyuncu3,00m 1,73s@boss0,00m/oyuncu3,00m 1,79s@boss0,00m/oyuncu3,00m; kalıp sonu: merkeze 3,00 m, başlangıçtan 0,00 m, kalıp simülasyonundan 0,00 m; toparlanma 0,59 sn (tablo 0,26)"
12-3,"Sıçrayan Zaman","Çekiç","geri_donen_kure",1,1,1,1,1,1,1,1,1,1,"yerinde","yerinde",4024.00,"boss:Burn+Slow, boss hız x0,70",3.00,1.35,0.53,0.50,1.13,0.00,0.00,"","vuruş 2: 0,73s@boss0,30m/oyuncu3,30m 1,00s@boss0,96m/oyuncu2,04m; kalıp sonu: merkeze 3,00 m, başlangıçtan 0,00 m, kalıp simülasyonundan 0,00 m; toparlanma 0,59 sn (tablo 0,26)"
12-10,"Aynalı Zaman","Çekiç","boss_geri",1,1,1,1,1,1,1,1,1,1,"yerinde","yerinde",3616.00,"boss:Burn+Slow, boss hız x0,70",3.00,1.35,0.47,0.46,1.06,0.00,0.00,"","vuruş 1: 0,73s@boss0,30m/oyuncu3,30m; kalıp sonu: merkeze 3,00 m, başlangıçtan 0,00 m, kalıp simülasyonundan 0,00 m; toparlanma 0,59 sn (tablo 0,26)"
12-11,"Kopya Zaman","Çekiç","geri_sarma",1,1,1,1,1,1,1,1,1,1,"başlangıç","başlangıç",0.00,"",1.50,1.35,2.70,2.66,3.30,0.00,0.00,"2/9 kare koşu, ayak/gövde hız oranı 0,99","hasarsız skill (base_damage 0): etki hareketin kendisi; kalıp sonu: merkeze 3,00 m, başlangıçtan 0,00 m, kalıp simülasyonundan 0,00 m; toparlanma 0,59 sn (tablo 0,26)"
12-12,"Akan Zaman","Çekiç","yuruyen_balon",1,1,1,1,1,1,1,1,1,1,"ön","ön",24396.00,"boss:Burn+Slow, boss hız x0,70",1.80,1.35,4.25,4.20,4.85,0.00,0.00,"","vuruş 5: 0,66s@boss3,00m/oyuncu0,00m 1,73s@boss2,70m/oyuncu0,00m 2,80s@boss2,38m/oyuncu0,00m 4,07s@boss2,00m/oyuncu0,00m 4,79s@boss1,80m/oyuncu0,00m; kalıp sonu: merkeze 1,80 m, başlangıçtan 1,20 m, kalıp simülasyonundan 0,00 m; toparlanma 0,59 sn (tablo 0,26)"
4-4,"Sabit Kalkan","Çekiç","duvar_dikme",1,1,1,1,1,1,1,1,1,1,"yerinde","yerinde",0.00,"",3.00,1.35,0.05,0.32,0.67,0.00,0.00,"","hasarsız skill (base_damage 0): etki hareketin kendisi; vuruş 1: 0,62s@boss0,62m/oyuncu2,38m; kalıp sonu: merkeze 3,00 m, başlangıçtan 0,00 m, kalıp simülasyonundan 0,00 m; toparlanma 0,51 sn (tablo 0,26)"
4-5,"Yayılan Kalkan","Çekiç","onde_yelpaze",1,1,1,1,1,1,1,1,1,1,"yerinde","yerinde",0.00,"",3.00,1.35,0.67,0.63,1.20,0.00,0.00,"","hasarsız skill (base_damage 0): etki hareketin kendisi; vuruş 1: 0,94s@boss1,88m/oyuncu1,12m; kalıp sonu: merkeze 3,00 m, başlangıçtan 0,00 m, kalıp simülasyonundan 0,00 m; toparlanma 0,51 sn (tablo 0,26)"
4-6,"Bağlayıcı Kalkan","Çekiç","zincirli_firlatma",1,1,1,1,1,1,1,1,1,1,"ön","ön",0.00,"",1.50,1.35,0.74,0.70,1.27,0.00,0.00,"2/4 kare koşu, ayak/gövde hız oranı 0,99","hasarsız skill (base_damage 0): etki hareketin kendisi; vuruş 2: 0,67s@boss0,45m/oyuncu3,45m 1,14s@boss0,45m/oyuncu1,28m; kalıp sonu: merkeze 1,50 m, başlangıçtan 1,50 m, kalıp simülasyonundan 0,00 m; toparlanma 0,51 sn (tablo 0,26)"
4-7,"Bulandırıcı Kalkan","Çekiç","duman_duvari",1,1,1,1,1,1,1,1,1,1,"yerinde","yerinde",0.00,"",2.80,1.35,0.54,0.52,1.07,0.00,0.00,"","hasarsız skill (base_damage 0): etki hareketin kendisi; vuruş 1: 0,74s@boss0,42m/oyuncu2,38m; kalıp sonu: merkeze 2,80 m, başlangıçtan 0,20 m, kalıp simülasyonundan 0,00 m; toparlanma 0,51 sn (tablo 0,26)"
4-8,"Yükselen Kalkan","Çekiç","yerden_buyuyen",1,1,1,1,1,1,1,1,1,1,"yerinde","yerinde",0.00,"",3.00,1.35,0.47,0.42,1.00,0.00,0.00,"","hasarsız skill (base_damage 0): etki hareketin kendisi; vuruş 1: 0,81s@boss6,98m/oyuncu4,32m; kalıp sonu: merkeze 3,18 m, başlangıçtan 0,25 m, kalıp simülasyonundan 0,00 m, kalıp hedefi AllyDummy; toparlanma 0,51 sn (tablo 0,26)"
4-9,"Odaklı Kalkan","Çekiç","koruyucu_isaret",1,1,1,1,1,1,1,1,1,1,"geri","geri",0.00,"",3.00,1.35,0.20,0.20,0.72,0.00,0.00,"0/3 kare koşu","hasarsız skill (base_damage 0): etki hareketin kendisi; vuruş 1: 0,67s@boss3,90m/oyuncu0,35m; kalıp sonu: merkeze 3,61 m, başlangıçtan 0,80 m, kalıp simülasyonundan 0,00 m, kalıp hedefi AllyDummy; toparlanma 0,51 sn (tablo 0,26)"
5-4,"Sabit Patlama","Çekiç","mayin_cakma",1,1,1,1,1,1,1,1,1,1,"yerinde","yerinde",174600.00,"boss:Burn+Stun, boss hız x0,00",3.00,1.35,0.46,0.42,1.01,0.00,0.00,"","vuruş 2: 0,73s@boss0,85m/oyuncu2,15m 0,81s@boss0,85m/oyuncu2,15m; kalıp sonu: merkeze 3,00 m, başlangıçtan 0,00 m, kalıp simülasyonundan 0,00 m; toparlanma 0,51 sn (tablo 0,26)"
5-5,"Yayılan Patlama","Çekiç","yer_yarigi",1,1,1,1,1,1,1,1,1,1,"ön","ön",144016.00,"boss:Burn",1.50,1.35,0.60,0.56,1.13,0.00,0.00,"0/8 kare koşu","vuruş 3: 0,80s@boss0,25m/oyuncu1,27m 0,87s@boss0,14m/oyuncu1,36m 1,00s@boss0,23m/oyuncu1,28m; kalıp sonu: merkeze 1,50 m, başlangıçtan 2,07 m, kalıp simülasyonundan 0,00 m; toparlanma 0,51 sn (tablo 0,26)"
5-6,"Bağlayıcı Patlama","Çekiç","gerilip_kopan",1,1,1,1,1,1,1,1,1,1,"geri","geri",177416.00,"boss:Root+Slow+Burn, boss hız x0,00",1.35,1.35,0.60,0.58,1.13,0.00,0.00,"0/6 kare koşu","vuruş 2: 0,67s@boss0,85m/oyuncu1,09m 1,00s@boss0,85m/oyuncu2,65m; kalıp sonu: merkeze 2,79 m, başlangıçtan 0,50 m, kalıp simülasyonundan 0,00 m, boss 0,71 m kaydı; toparlanma 0,51 sn (tablo 0,26)"
5-7,"Bulandırıcı Patlama","Çekiç","sis_bombasi",1,1,1,1,1,1,1,1,1,1,"yerinde","yerinde",165556.00,"boss:Blind+Burn+Stun, oyuncu:Stealth, boss hız x0,00",3.00,1.35,0.26,0.22,0.80,0.00,0.00,"","vuruş 1: 0,66s@boss0,35m/oyuncu3,35m; kalıp sonu: merkeze 3,00 m, başlangıçtan 0,00 m, kalıp simülasyonundan 0,00 m; toparlanma 0,51 sn (tablo 0,26)"
5-8,"Yükselen Patlama","Çekiç","yerden_fiskirma",1,1,1,1,1,1,1,1,1,1,"ön","ön",187656.00,"boss:Burn+Stun, boss hız x0,00",2.60,1.35,0.47,0.44,1.00,0.00,0.00,"","vuruş 1: 0,80s@boss0,00m/oyuncu2,76m; kalıp sonu: merkeze 2,60 m, başlangıçtan 0,40 m, kalıp simülasyonundan 0,00 m; toparlanma 0,51 sn (tablo 0,26)"
5-9,"Odaklı Patlama","Çekiç","gudumlu_top",1,1,1,1,1,1,1,1,1,1,"yerinde","yerinde",293916.00,"boss:Burn+Stun, boss hız x0,00",3.00,1.35,0.60,0.56,1.13,0.00,0.00,"","vuruş 1: 1,00s@boss0,00m/oyuncu3,00m; kalıp sonu: merkeze 3,00 m, başlangıçtan 0,00 m, kalıp simülasyonundan 0,00 m; toparlanma 0,51 sn (tablo 0,26)"
6-4,"Sabit Bağ","Çekiç","karsilikli_kilit",1,1,1,1,1,1,1,1,1,1,"ön","ön",64712.00,"boss:Burn+Root, boss hız x0,00",1.50,1.35,3.27,3.24,3.80,0.00,0.00,"1/4 kare koşu, ayak/gövde hız oranı 1,01","vuruş 1: 1,00s@boss0,40m/oyuncu1,11m; kalıp sonu: merkeze 1,50 m, başlangıçtan 1,50 m, kalıp simülasyonundan 0,00 m; toparlanma 0,51 sn (tablo 0,26)"
6-5,"Yayılan Bağ","Çekiç","yer_tuzagi",1,1,1,1,1,1,1,1,1,1,"yerinde","yerinde",44264.00,"boss:Burn+Root+Stun, boss hız x0,00",3.00,1.35,0.00,0.28,0.53,0.00,0.00,"","vuruş 1: 0,53s@boss0,62m/oyuncu2,38m; kalıp sonu: merkeze 3,00 m, başlangıçtan 0,00 m, kalıp simülasyonundan 0,00 m; toparlanma 0,51 sn (tablo 0,26)"
6-6,"Bağlayıcı Bağ","Çekiç","iki_uclu",1,1,1,1,1,1,1,1,1,1,"yerinde","yerinde",78316.00,"boss:Root+Slow+Burn, boss hız x0,00",3.00,1.35,0.67,0.65,1.20,0.00,0.00,"","vuruş 1: 0,67s@boss0,28m/oyuncu3,28m; kalıp sonu: merkeze 3,00 m, başlangıçtan 0,00 m, kalıp simülasyonundan 0,00 m; toparlanma 0,51 sn (tablo 0,26)"
6-7,"Bulandırıcı Bağ","Çekiç","goz_bagi",1,1,1,1,1,1,1,1,1,1,"yerinde","yerinde",52548.00,"boss:Blind+Burn+Root, boss hız x0,00",3.00,1.35,0.13,0.20,0.67,0.00,0.00,"","vuruş 1: 0,67s@boss0,28m/oyuncu3,28m; kalıp sonu: merkeze 3,00 m, başlangıçtan 0,00 m, kalıp simülasyonundan 0,00 m; toparlanma 0,51 sn (tablo 0,26)"
6-8,"Yükselen Bağ","Çekiç","havada_asma",1,1,1,1,1,1,1,1,1,1,"ön","ön",84768.00,"boss:Stun+Burn+Root, boss hız x0,00",1.50,1.35,0.81,1.14,1.40,0.00,0.00,"0/1 kare koşu","vuruş 1: 0,74s@boss1,50m/oyuncu0,00m; kalıp sonu: merkeze 1,50 m, başlangıçtan 1,50 m, kalıp simülasyonundan 0,00 m; toparlanma 0,51 sn (tablo 0,26)"
6-9,"Odaklı Bağ","Çekiç","zamanli_donma",1,1,1,1,1,1,1,1,1,1,"ön","ön",84044.00,"boss:Burn+Root+Stun, boss hız x0,00",1.50,1.35,0.55,0.50,1.06,0.00,0.00,"0/3 kare koşu","vuruş 1: 0,93s@boss0,56m/oyuncu1,28m; kalıp sonu: merkeze 1,50 m, başlangıçtan 1,50 m, kalıp simülasyonundan 0,00 m; toparlanma 0,51 sn (tablo 0,26)"
7-4,"Sabit Zafiyet","Çekiç","mayin_cakma",1,1,1,1,1,1,1,1,1,1,"yerinde","yerinde",27936.00,"boss:Burn",3.00,1.35,0.47,0.42,1.07,0.00,0.00,"","vuruş 2: 0,80s@boss0,85m/oyuncu2,15m 0,87s@boss0,85m/oyuncu2,15m; kalıp sonu: merkeze 3,00 m, başlangıçtan 0,00 m, kalıp simülasyonundan 0,00 m; toparlanma 0,59 sn (tablo 0,26)"
7-5,"Yayılan Zafiyet","Çekiç","onde_yelpaze",1,1,1,1,1,1,1,1,1,1,"yerinde","yerinde",25368.00,"boss:Burn",3.00,1.35,0.67,0.63,1.27,0.00,0.00,"","vuruş 1: 1,00s@boss1,88m/oyuncu1,12m; kalıp sonu: merkeze 3,00 m, başlangıçtan 0,00 m, kalıp simülasyonundan 0,00 m; toparlanma 0,59 sn (tablo 0,26)"
7-6,"Bağlayıcı Zafiyet","Çekiç","dost_ip",1,1,1,1,1,1,1,1,1,1,"yerinde","yerinde",32180.00,"boss:Root+Slow+Burn, boss hız x0,00",3.00,1.35,0.68,0.62,1.28,0.00,0.00,"","vuruş 1: 0,74s@boss0,28m/oyuncu3,28m; kalıp sonu: merkeze 3,00 m, başlangıçtan 0,00 m, kalıp simülasyonundan 0,00 m; toparlanma 0,59 sn (tablo 0,26)"
8-4,"Sabit Yükseliş","Çekiç","totem_dikme",1,1,1,1,1,1,1,1,1,1,"yerinde","yerinde",0.00,"",3.00,1.35,0.34,0.30,0.94,0.00,0.00,"","hasarsız skill (base_damage 0): etki hareketin kendisi; vuruş 1: 0,80s@boss3,10m/oyuncu0,00m; kalıp sonu: merkeze 3,11 m, başlangıçtan 0,15 m, kalıp simülasyonundan 0,00 m, kalıp hedefi AllyDummy; toparlanma 0,59 sn (tablo 0,26)"
8-5,"Yayılan Yükseliş","Çekiç","savas_narasi",1,1,1,1,1,1,1,1,1,1,"yerinde","yerinde",0.00,"",3.00,1.35,0.41,0.36,1.01,0.00,0.00,"","hasarsız skill (base_damage 0): etki hareketin kendisi; vuruş 1: 0,73s@boss3,00m/oyuncu0,00m; kalıp sonu: merkeze 3,00 m, başlangıçtan 0,00 m, kalıp simülasyonundan 0,00 m; toparlanma 0,59 sn (tablo 0,26)"
8-6,"Bağlayıcı Yükseliş","Çekiç","dost_dosta",1,1,1,1,1,1,1,1,1,1,"yan","yan",0.00,"",2.38,1.35,0.53,0.52,1.14,0.00,0.00,"1/4 kare koşu, ayak/gövde hız oranı 1,01","hasarsız skill (base_damage 0): etki hareketin kendisi; vuruş 3: 0,65s@boss4,05m/oyuncu1,22m 0,87s@boss2,83m/oyuncu1,41m 1,00s@boss4,76m/oyuncu2,38m; kalıp sonu: merkeze 2,38 m, başlangıçtan 1,41 m, kalıp simülasyonundan 0,00 m, kalıp hedefi AllyDummy; toparlanma 0,59 sn (tablo 0,26)"
9-4,"Sabit Arınma","Çekiç","yer_tuzagi",1,1,1,1,1,1,1,1,1,1,"yerinde","yerinde",0.00,"oyuncu +40000 can",3.00,1.35,0.34,0.28,0.93,0.00,0.00,"","vuruş 1: 0,73s@boss0,62m/oyuncu2,38m; kalıp sonu: merkeze 3,00 m, başlangıçtan 0,00 m, kalıp simülasyonundan 0,00 m; toparlanma 0,59 sn (tablo 0,26)"
9-5,"Yayılan Arınma","Çekiç","dagilan_yagmur",1,1,1,1,1,1,1,1,1,1,"yerinde","yerinde",0.00,"oyuncu +40000 can",3.00,1.35,0.60,0.58,1.20,0.00,0.00,"","vuruş 1: 0,93s@boss3,00m/oyuncu0,00m; kalıp sonu: merkeze 3,00 m, başlangıçtan 0,00 m, kalıp simülasyonundan 0,00 m, kalıp hedefi AllyDummy; toparlanma 0,59 sn (tablo 0,26)"
9-6,"Bağlayıcı Arınma","Çekiç","iki_uclu",1,1,1,1,1,1,1,1,1,1,"yerinde","yerinde",0.00,"oyuncu +40000 can",3.00,1.35,0.66,0.65,1.27,0.00,0.00,"","vuruş 1: 0,73s@boss6,36m/oyuncu3,88m; kalıp sonu: merkeze 3,00 m, başlangıçtan 0,00 m, kalıp simülasyonundan 0,00 m, kalıp hedefi AllyDummy; toparlanma 0,59 sn (tablo 0,26)"
4-10,"Aynalı Kalkan","Çekiç","sirtta_kapi",1,1,1,1,1,1,1,1,1,1,"ön","ön",30000.00,"",1.80,1.35,0.33,0.32,0.87,0.00,0.00,"0/3 kare koşu","vuruş 2: 0,60s@boss0,94m/oyuncu1,19m 0,74s@boss0,55m/oyuncu2,35m; kalıp sonu: merkeze 1,80 m, başlangıçtan 1,20 m, kalıp simülasyonundan 0,00 m; toparlanma 0,51 sn (tablo 0,26)"
4-11,"Kopya Kalkan","Çekiç","yem_kopya",1,1,1,1,1,1,1,1,1,1,"yerinde","yerinde",0.00,"",3.00,1.35,0.27,0.24,0.80,0.00,0.00,"","hasarsız skill (base_damage 0): etki hareketin kendisi; vuruş 1: 0,67s@boss2,98m/oyuncu1,29m; kalıp sonu: merkeze 3,00 m, başlangıçtan 0,00 m, kalıp simülasyonundan 0,00 m; toparlanma 0,51 sn (tablo 0,26)"
4-12,"Akan Kalkan","Çekiç","basili_siper",1,1,1,1,1,1,0,1,1,0,"geri","geri",0.00,"",3.00,1.35,2.68,3.00,3.41,0.00,0.00,"","hasarsız skill (base_damage 0): etki hareketin kendisi; vuruş 3: 1,14s@boss5,17m/oyuncu2,38m 2,14s@boss5,42m/oyuncu2,38m 3,14s@boss5,66m/oyuncu2,38m; kalıp sonu: merkeze 3,61 m, başlangıçtan 0,80 m, kalıp simülasyonundan 0,00 m, kalıp hedefi AllyDummy; toparlanma 0,51 sn (tablo 0,26); kalıp bang'den 0,23 sn sonra başladı"
5-10,"Aynalı Patlama","Çekiç","karsi_darbe",1,1,1,1,1,1,1,1,1,1,"ön","ön",174320.00,"boss:Burn+Stun, boss hız x0,00",1.70,1.35,0.40,0.36,0.93,0.00,0.00,"0/3 kare koşu","vuruş 1: 0,80s@boss0,55m/oyuncu1,36m; kalıp sonu: merkeze 1,70 m, başlangıçtan 1,30 m, kalıp simülasyonundan 0,00 m; toparlanma 0,51 sn (tablo 0,26)"
5-11,"Kopya Patlama","Çekiç","golge_yankisi",1,1,1,1,1,1,1,1,1,1,"ön","ön",166652.00,"boss:Burn",2.10,1.35,0.54,0.50,1.07,0.00,0.00,"1/3 kare koşu, ayak/gövde hız oranı 1,01","vuruş 2: 0,60s@boss1,10m/oyuncu1,15m 0,94s@boss1,95m/oyuncu1,39m; kalıp sonu: merkeze 2,10 m, başlangıçtan 0,90 m, kalıp simülasyonundan 0,00 m; toparlanma 0,51 sn (tablo 0,26)"
5-12,"Akan Patlama","Çekiç","patlayan_iz",1,1,1,1,1,1,1,1,1,1,"ön","ön",135884.00,"boss:Root+Burn, boss hız x0,00",2.95,1.35,3.13,3.00,3.66,0.00,0.00,"","vuruş 6: 0,93s@boss2,14m/oyuncu1,53m 1,47s@boss2,32m/oyuncu1,53m 1,93s@boss2,92m/oyuncu1,53m 2,46s@boss2,75m/oyuncu1,53m 2,93s@boss2,45m/oyuncu1,53m 3,66s@boss2,07m/oyuncu1,53m; kalıp sonu: merkeze 3,60 m, başlangıçtan 2,20 m, kalıp simülasyonundan 0,70 m, boss 2,80 m kaydı; toparlanma 0,51 sn (tablo 0,26)"
6-10,"Aynalı Bağ","Çekiç","karsi_darbe",1,1,1,1,1,1,1,1,1,1,"ön","ön",50040.00,"boss:Burn+Root+Stun, boss hız x0,00",1.70,1.35,0.39,0.36,0.93,0.00,0.00,"0/3 kare koşu","vuruş 1: 0,80s@boss0,54m/oyuncu1,36m; kalıp sonu: merkeze 1,70 m, başlangıçtan 1,30 m, kalıp simülasyonundan 0,00 m; toparlanma 0,51 sn (tablo 0,26)"
6-11,"Kopya Bağ","Çekiç","onden_arkadan",1,1,1,1,1,1,1,1,1,1,"ön","ön",53376.00,"boss:Burn+Root, boss hız x0,00",2.10,1.35,0.38,0.34,0.91,0.00,0.00,"0/3 kare koşu","vuruş 2: 0,58s@boss1,23m/oyuncu1,11m 0,72s@boss0,60m/oyuncu2,70m; kalıp sonu: merkeze 2,10 m, başlangıçtan 0,90 m, kalıp simülasyonundan 0,00 m; toparlanma 0,51 sn (tablo 0,26)"
6-12,"Akan Bağ","Çekiç","cember_sarma",1,1,1,1,1,1,1,1,1,1,"arka","arka",35496.00,"boss:Burn+Root, boss hız x0,00",1.50,1.35,0.93,0.90,1.47,0.00,0.00,"0/11 kare koşu","vuruş 1: 1,33s@boss0,00m/oyuncu2,06m; kalıp sonu: merkeze 2,06 m, başlangıçtan 4,59 m, kalıp simülasyonundan 0,00 m; toparlanma 0,51 sn (tablo 0,26)"
10-4,"Sabit Yansı","Çekiç","duvar_dikme",1,1,1,1,1,1,1,1,1,1,"yerinde","yerinde",2388.00,"boss:Burn",3.00,1.35,0.33,0.32,0.94,0.00,0.00,"","vuruş 1: 0,81s@boss0,62m/oyuncu2,38m; kalıp sonu: merkeze 3,00 m, başlangıçtan 0,00 m, kalıp simülasyonundan 0,00 m; toparlanma 0,59 sn (tablo 0,26)"
10-5,"Yayılan Yansı","Çekiç","yuruyen_balon",1,1,1,1,1,1,1,1,1,1,"ön","ön",24428.00,"boss:Burn",1.80,1.35,4.26,4.20,4.86,0.00,0.00,"","vuruş 5: 0,66s@boss3,00m/oyuncu0,00m 1,80s@boss2,68m/oyuncu0,00m 2,80s@boss2,38m/oyuncu0,00m 4,13s@boss1,98m/oyuncu0,00m 4,80s@boss1,80m/oyuncu0,00m; kalıp sonu: merkeze 1,80 m, başlangıçtan 1,20 m, kalıp simülasyonundan 0,00 m; toparlanma 0,59 sn (tablo 0,26)"
10-6,"Bağlayıcı Yansı","Çekiç","silaha_kement",1,1,1,1,1,1,1,1,1,1,"yerinde","yerinde",6816.00,"boss:Root+Slow+Burn, boss hız x0,00",3.00,1.35,1.00,0.94,1.60,0.00,0.00,"","vuruş 1: 0,73s@boss0,40m/oyuncu3,40m; kalıp sonu: merkeze 3,00 m, başlangıçtan 0,00 m, kalıp simülasyonundan 0,00 m; toparlanma 0,59 sn (tablo 0,26)"
11-4,"Sabit Çağrı","Çekiç","taret_dikme",1,1,1,1,1,1,1,1,1,1,"ön","ön",2392.00,"boss:Burn",2.35,1.35,0.60,0.54,1.20,0.00,0.00,"0/2 kare koşu","vuruş 2: 0,80s@boss2,35m/oyuncu0,00m 1,07s@boss0,28m/oyuncu2,63m; kalıp sonu: merkeze 2,35 m, başlangıçtan 0,65 m, kalıp simülasyonundan 0,00 m; toparlanma 0,59 sn (tablo 0,26)"
11-5,"Yayılan Çağrı","Çekiç","dagilan_suru",1,1,1,1,1,1,1,1,1,1,"yerinde","yerinde",4000.00,"boss:Burn",3.00,1.35,0.47,0.42,1.07,0.00,0.00,"","vuruş 3: 0,67s@boss0,35m/oyuncu3,02m 0,80s@boss0,00m/oyuncu3,00m 0,93s@boss0,35m/oyuncu3,02m; kalıp sonu: merkeze 3,00 m, başlangıçtan 0,00 m, kalıp simülasyonundan 0,00 m; toparlanma 0,59 sn (tablo 0,26)"
11-6,"Bağlayıcı Çağrı","Çekiç","muhafiz",1,1,1,1,1,1,1,1,1,1,"ön","ön",4380.00,"boss:Burn+Root+Slow, boss hız x0,00",2.35,1.35,0.67,0.64,1.27,0.00,0.00,"0/2 kare koşu","vuruş 1: 0,80s@boss2,31m/oyuncu1,20m; kalıp sonu: merkeze 2,35 m, başlangıçtan 0,65 m, kalıp simülasyonundan 0,00 m; toparlanma 0,59 sn (tablo 0,26)"
12-4,"Sabit Zaman","Çekiç","totem_dikme",1,1,1,1,1,1,1,1,1,1,"yerinde","yerinde",2396.00,"boss:Burn+Slow+Stun, boss hız x0,00",2.85,1.35,0.33,0.30,0.93,0.00,0.00,"","vuruş 1: 0,80s@boss2,87m/oyuncu0,00m; kalıp sonu: merkeze 2,85 m, başlangıçtan 0,15 m, kalıp simülasyonundan 0,00 m; toparlanma 0,59 sn (tablo 0,26)"
12-5,"Yayılan Zaman","Çekiç","genisleyen_halka",1,1,1,1,1,1,1,1,1,1,"yerinde","yerinde",2796.00,"boss:Burn+Slow, boss hız x0,70",3.00,1.35,0.60,0.58,1.20,0.00,0.00,"","vuruş 1: 1,00s@boss3,00m/oyuncu0,00m; kalıp sonu: merkeze 3,00 m, başlangıçtan 0,00 m, kalıp simülasyonundan 0,00 m; toparlanma 0,59 sn (tablo 0,26)"
12-6,"Bağlayıcı Zaman","Çekiç","iki_uclu",1,1,1,1,1,1,1,1,1,1,"yerinde","yerinde",4792.00,"boss:Burn, oyuncu:Haste, oyuncu hız x1,30",3.00,1.35,0.67,0.65,1.27,0.00,0.00,"","vuruş 1: 0,74s@boss0,28m/oyuncu3,28m; kalıp sonu: merkeze 3,00 m, başlangıçtan 0,00 m, kalıp simülasyonundan 0,00 m; toparlanma 0,59 sn (tablo 0,26)"
7-7,"Bulandırıcı Zafiyet","Çekiç","sis_bombasi",1,1,1,1,1,1,1,1,1,1,"yerinde","yerinde",27664.00,"boss:Blind+Burn",3.00,1.35,0.26,0.22,0.88,0.00,0.00,"","vuruş 1: 0,75s@boss0,35m/oyuncu3,35m; kalıp sonu: merkeze 3,00 m, başlangıçtan 0,00 m, kalıp simülasyonundan 0,00 m; toparlanma 0,59 sn (tablo 0,26)"
7-8,"Yükselen Zafiyet","Çekiç","yerden_fiskirma",1,1,1,1,1,1,1,1,1,1,"ön","ön",28812.00,"boss:Burn+Stun, boss hız x0,00",2.60,1.35,0.47,0.44,1.07,0.00,0.00,"","vuruş 1: 0,87s@boss0,00m/oyuncu2,76m; kalıp sonu: merkeze 2,60 m, başlangıçtan 0,40 m, kalıp simülasyonundan 0,00 m; toparlanma 0,59 sn (tablo 0,26)"
7-9,"Odaklı Zafiyet","Çekiç","isaret_patlamasi",1,1,1,1,1,1,1,1,1,1,"yerinde","yerinde",42680.00,"boss:Burn",3.00,1.35,1.97,1.92,2.57,0.00,0.00,"","vuruş 1: 2,43s@boss0,00m/oyuncu3,00m; kalıp sonu: merkeze 3,00 m, başlangıçtan 0,00 m, kalıp simülasyonundan 0,00 m; toparlanma 0,59 sn (tablo 0,26)"
7-10,"Aynalı Zafiyet","Çekiç","onden_arkadan",1,1,1,1,1,1,1,1,1,1,"ön","ön",36644.00,"boss:Burn",2.10,1.35,0.40,0.34,1.00,0.00,0.00,"0/3 kare koşu","vuruş 2: 0,67s@boss1,13m/oyuncu1,11m 0,80s@boss0,60m/oyuncu2,70m; kalıp sonu: merkeze 2,10 m, başlangıçtan 0,90 m, kalıp simülasyonundan 0,00 m; toparlanma 0,59 sn (tablo 0,26)"
7-11,"Kopya Zafiyet","Çekiç","golge_yankisi",1,1,1,1,1,1,1,1,1,1,"ön","ön",37960.00,"boss:Burn",2.10,1.35,0.52,0.50,1.12,0.00,0.00,"1/3 kare koşu, ayak/gövde hız oranı 1,01","vuruş 2: 0,65s@boss1,19m/oyuncu1,15m 0,98s@boss1,95m/oyuncu1,39m; kalıp sonu: merkeze 2,10 m, başlangıçtan 0,90 m, kalıp simülasyonundan 0,00 m; toparlanma 0,59 sn (tablo 0,26)"
7-12,"Akan Zafiyet","Çekiç","basili_isik",1,1,1,1,1,1,1,1,1,1,"ön","ön",52312.00,"boss:Burn",1.80,1.35,3.20,3.00,3.80,0.00,0.00,"","vuruş 6: 0,80s@boss0,17m/oyuncu2,72m 1,34s@boss0,04m/oyuncu2,72m 1,80s@boss0,23m/oyuncu2,72m 2,34s@boss0,44m/oyuncu2,72m 2,80s@boss0,63m/oyuncu2,72m 3,34s@boss0,84m/oyuncu2,72m; kalıp sonu: merkeze 1,80 m, başlangıçtan 1,20 m, kalıp simülasyonundan 0,00 m; toparlanma 0,59 sn (tablo 0,26)"
8-7,"Bulandırıcı Yükseliş","Çekiç","goz_bagi",1,1,1,1,1,1,1,1,1,1,"yerinde","yerinde",0.00,"",3.00,1.35,0.27,0.20,0.87,0.00,0.00,"","hasarsız skill (base_damage 0): etki hareketin kendisi; vuruş 1: 0,73s@boss0,28m/oyuncu3,28m; kalıp sonu: merkeze 3,00 m, başlangıçtan 0,00 m, kalıp simülasyonundan 0,00 m; toparlanma 0,59 sn (tablo 0,26)"
8-8,"Yükselen Yükseliş","Çekiç","buyuten_kemer",1,1,1,1,1,1,1,1,1,1,"yerinde","yerinde",0.00,"",3.00,1.35,0.47,0.42,1.07,0.00,0.00,"","hasarsız skill (base_damage 0): etki hareketin kendisi; vuruş 1: 0,87s@boss5,04m/oyuncu2,21m; kalıp sonu: merkeze 3,22 m, başlangıçtan 0,30 m, kalıp simülasyonundan 0,00 m, kalıp hedefi AllyDummy; toparlanma 0,59 sn (tablo 0,26)"
8-9,"Odaklı Yükseliş","Çekiç","gudumlu_top",1,1,1,1,1,1,1,1,1,1,"yerinde","yerinde",0.00,"",3.00,1.35,0.60,0.56,1.20,0.00,0.00,"","hasarsız skill (base_damage 0): etki hareketin kendisi; vuruş 1: 1,00s@boss6,98m/oyuncu4,53m; kalıp sonu: merkeze 3,00 m, başlangıçtan 0,00 m, kalıp simülasyonundan 0,00 m, kalıp hedefi AllyDummy; toparlanma 0,59 sn (tablo 0,26)"
8-10,"Aynalı Yükseliş","Çekiç","ters_es",1,1,1,1,1,1,1,1,1,1,"yerinde","yerinde",0.00,"",3.00,1.35,0.46,0.44,1.07,0.00,0.00,"","hasarsız skill (base_damage 0): etki hareketin kendisi; vuruş 2: 0,73s@boss2,60m/oyuncu0,40m 0,94s@boss0,00m/oyuncu3,00m; kalıp sonu: merkeze 3,00 m, başlangıçtan 0,00 m, kalıp simülasyonundan 0,00 m; toparlanma 0,59 sn (tablo 0,26)"
8-11,"Kopya Yükseliş","Çekiç","golge_ulak",1,1,1,1,1,1,1,1,1,1,"yan","yan",0.00,"",2.43,1.35,1.40,1.36,2.00,0.00,0.00,"1/3 kare koşu, ayak/gövde hız oranı 1,00","hasarsız skill (base_damage 0): etki hareketin kendisi; vuruş 2: 0,74s@boss3,26m/oyuncu0,35m 1,87s@boss3,05m/oyuncu1,46m; kalıp sonu: merkeze 2,43 m, başlangıçtan 1,41 m, kalıp simülasyonundan 0,00 m, kalıp hedefi AllyDummy; toparlanma 0,59 sn (tablo 0,26)"
8-12,"Akan Yükseliş","Çekiç","akinti_yolu",1,1,1,1,1,1,1,1,1,1,"geri","geri",0.00,"",3.00,1.35,1.00,0.94,1.60,0.00,0.00,"0/10 kare koşu","hasarsız skill (base_damage 0): etki hareketin kendisi; vuruş 1: 1,40s@boss6,27m/oyuncu2,38m; kalıp sonu: merkeze 4,11 m, başlangıçtan 1,40 m, kalıp simülasyonundan 0,00 m, kalıp hedefi AllyDummy; toparlanma 0,59 sn (tablo 0,26)"
9-7,"Bulandırıcı Arınma","Çekiç","sis_ortusu",1,1,1,1,1,1,1,1,1,1,"yerinde","yerinde",0.00,"oyuncu +40000 can",3.00,1.35,0.33,0.30,0.93,0.00,0.00,"","vuruş 1: 0,73s@boss0,00m/oyuncu3,00m; kalıp sonu: merkeze 3,00 m, başlangıçtan 0,00 m, kalıp simülasyonundan 0,00 m; toparlanma 0,59 sn (tablo 0,26)"
9-8,"Yükselen Arınma","Çekiç","isik_sutunu",1,1,1,1,1,1,1,1,1,1,"yerinde","yerinde",0.00,"oyuncu +40000 can",3.00,1.35,0.55,0.48,1.16,0.00,0.00,"","vuruş 1: 0,95s@boss3,06m/oyuncu0,00m; kalıp sonu: merkeze 3,07 m, başlangıçtan 0,10 m, kalıp simülasyonundan 0,00 m, kalıp hedefi AllyDummy; toparlanma 0,59 sn (tablo 0,26)"
9-9,"Odaklı Arınma","Çekiç","mermi_sondur",1,1,1,1,1,1,1,1,1,1,"yerinde","yerinde",0.00,"oyuncu +40000 can",3.00,1.35,0.40,0.38,1.00,0.00,0.00,"","vuruş 1: 0,87s@boss6,98m/oyuncu4,53m; kalıp sonu: merkeze 3,00 m, başlangıçtan 0,00 m, kalıp simülasyonundan 0,00 m, kalıp hedefi AllyDummy; toparlanma 0,59 sn (tablo 0,26)"
9-10,"Aynalı Arınma","Çekiç","yer_degistir",1,1,1,1,1,1,1,1,1,1,"arka","arka",0.00,"oyuncu +40000 can",1.50,1.35,0.40,0.34,1.00,0.00,0.00,"0/1 kare koşu","vuruş 1: 0,87s@boss0,31m/oyuncu1,19m; kalıp sonu: merkeze 1,50 m, başlangıçtan 4,50 m, kalıp simülasyonundan 0,00 m, ışın 8,34 m konumdan çıkarıldı; tek karede 8,34 m sıçrama (sınır 2,47 m @ 67 ms, t=1,00, ışın tasarım gereği); toparlanma 0,59 sn (tablo 0,26)"
9-11,"Kopya Arınma","Çekiç","yem_kopya",1,1,1,1,1,1,1,1,1,1,"yerinde","yerinde",0.00,"oyuncu +40000 can",3.00,1.35,0.27,0.24,0.87,0.00,0.00,"","vuruş 1: 0,74s@boss2,98m/oyuncu1,29m; kalıp sonu: merkeze 3,00 m, başlangıçtan 0,00 m, kalıp simülasyonundan 0,00 m; toparlanma 0,59 sn (tablo 0,26)"
9-12,"Akan Arınma","Çekiç","nabiz",1,1,1,1,1,1,0,1,1,0,"yerinde","yerinde",0.00,"oyuncu +24000 can, dost +12000 can",3.00,1.35,3.53,3.18,4.13,0.00,0.00,"","vuruş 3: 1,73s@boss3,00m/oyuncu0,00m 2,73s@boss3,00m/oyuncu0,00m 3,73s@boss3,00m/oyuncu0,00m; kalıp sonu: merkeze 3,00 m, başlangıçtan 0,00 m, kalıp simülasyonundan 0,00 m; toparlanma 0,59 sn (tablo 0,26); kalıp 3,53 sn (beklenen 3,18)"
10-7,"Bulandırıcı Yansı","Çekiç","sahte_goruntu",1,1,1,1,1,1,1,1,1,1,"geri","geri",4388.00,"boss:Blind+Burn",3.00,1.35,0.47,0.44,1.07,0.00,0.00,"1/3 kare koşu, ayak/gövde hız oranı 1,00","vuruş 3: 0,60s@boss3,06m/oyuncu1,37m 0,80s@boss3,06m/oyuncu1,37m 0,93s@boss3,69m/oyuncu0,00m; kalıp sonu: merkeze 3,90 m, başlangıçtan 0,90 m, kalıp simülasyonundan 0,00 m; toparlanma 0,59 sn (tablo 0,26)"
10-8,"Yükselen Yansı","Çekiç","yerden_buyuyen",1,1,1,1,1,1,1,1,1,1,"yerinde","yerinde",2920.00,"boss:Burn",2.75,1.35,0.46,0.42,1.06,0.00,0.00,"","vuruş 1: 0,84s@boss0,00m/oyuncu2,81m; kalıp sonu: merkeze 2,75 m, başlangıçtan 0,25 m, kalıp simülasyonundan 0,00 m; toparlanma 0,59 sn (tablo 0,26)"
10-9,"Odaklı Yansı","Çekiç","koruyucu_isaret",1,1,1,1,1,1,1,1,1,1,"ön","ön",0.00,"",2.10,1.35,0.33,0.32,0.93,0.00,0.00,"0/4 kare koşu","hasarsız skill (base_damage 0): etki hareketin kendisi; vuruş 1: 0,80s@boss1,96m/oyuncu0,35m; kalıp sonu: merkeze 2,10 m, başlangıçtan 0,90 m, kalıp simülasyonundan 0,00 m; toparlanma 0,59 sn (tablo 0,26)"
11-7,"Bulandırıcı Çağrı","Çekiç","sirt_saplama",1,1,1,1,1,1,1,1,1,1,"yerinde","yerinde",2408.00,"boss:Blind+Burn",2.85,1.35,0.47,0.44,1.08,0.00,0.00,"","vuruş 1: 0,95s@boss0,00m/oyuncu2,85m; kalıp sonu: merkeze 2,85 m, başlangıçtan 0,15 m, kalıp simülasyonundan 0,00 m; toparlanma 0,59 sn (tablo 0,26)"
11-8,"Yükselen Çağrı","Çekiç","dostu_yerden",1,1,1,1,1,1,1,1,1,1,"yan","yan",0.00,"",2.47,1.35,0.93,0.90,1.53,0.00,0.00,"0/10 kare koşu","hasarsız skill (base_damage 0): etki hareketin kendisi; vuruş 1: 1,33s@boss2,37m/oyuncu0,95m; kalıp sonu: merkeze 2,52 m, başlangıçtan 1,11 m, kalıp simülasyonundan 0,00 m; toparlanma 0,59 sn (tablo 0,26)"
11-9,"Odaklı Çağrı","Çekiç","pesinden_av",1,1,1,1,1,1,1,1,1,1,"ön","ön",2792.00,"boss:Burn",1.90,1.35,2.53,2.46,3.14,0.00,0.00,"0/3 kare koşu","vuruş 1: 2,94s@boss0,00m/oyuncu1,90m; kalıp sonu: merkeze 1,90 m, başlangıçtan 1,10 m, kalıp simülasyonundan 0,00 m; toparlanma 0,59 sn (tablo 0,26)"
12-7,"Bulandırıcı Zaman","Çekiç","kum_saati",1,1,1,1,1,1,1,1,1,1,"yerinde","yerinde",4800.00,"boss:Blind+Burn+Slow, boss hız x0,70",3.00,1.35,0.66,0.62,1.26,0.00,0.00,"","vuruş 1: 0,73s@boss0,28m/oyuncu3,28m; kalıp sonu: merkeze 3,00 m, başlangıçtan 0,00 m, kalıp simülasyonundan 0,00 m; toparlanma 0,59 sn (tablo 0,26)"
12-8,"Yükselen Zaman","Çekiç","isik_sutunu",1,1,1,1,1,1,1,1,1,1,"yerinde","yerinde",2836.00,"boss:Burn, oyuncu:Haste, oyuncu hız x1,50",2.90,1.35,0.53,0.48,1.13,0.00,0.00,"","vuruş 1: 0,93s@boss2,92m/oyuncu0,00m; kalıp sonu: merkeze 2,90 m, başlangıçtan 0,10 m, kalıp simülasyonundan 0,00 m; toparlanma 0,59 sn (tablo 0,26)"
12-9,"Odaklı Zaman","Çekiç","isaret_patlamasi",1,1,1,1,1,1,1,1,1,1,"yerinde","yerinde",2404.00,"boss:Burn+Slow, boss hız x0,70",3.00,1.35,1.93,1.92,2.53,0.00,0.00,"","vuruş 1: 2,40s@boss0,00m/oyuncu3,00m; kalıp sonu: merkeze 3,00 m, başlangıçtan 0,00 m, kalıp simülasyonundan 0,00 m; toparlanma 0,59 sn (tablo 0,26)"
1-1,"Yoğun Vuruş","Top","yukle_birak",1,1,1,1,1,1,1,1,1,1,"ön","ön",310684.00,"boss:Burn",1.64,1.35,0.69,0.64,1.44,0.00,0.00,"2/4 kare koşu, ayak/gövde hız oranı 0,95","vuruş 1: 1,15s@boss0,39m/oyuncu1,53m; kalıp sonu: merkeze 2,00 m, başlangıçtan 1,00 m, kalıp simülasyonundan 0,00 m; toparlanma 0,74 sn (tablo 0,26)"
1-2,"Emici Vuruş","Top","kan_ceken_pence",1,1,1,1,1,1,1,1,1,1,"yerinde","yerinde",225228.00,"boss:Burn, oyuncu +66540 can",1.35,1.35,0.42,0.38,1.17,0.00,0.00,"","vuruş 3: 0,80s@boss1,87m/oyuncu1,02m 0,94s@boss1,30m/oyuncu1,02m 1,07s@boss0,71m/oyuncu1,02m; kalıp sonu: merkeze 1,35 m, başlangıçtan 0,00 m, kalıp simülasyonundan 0,00 m, boss 1,65 m kaydı; yer değiştiren: kalıp 0,00 m, başka 0,50 m, SkillMotionDriver 0 kare, dodge 0 kare; toparlanma 0,74 sn (tablo 0,26)"
1-3,"Sıçrayan Vuruş","Top","yan_yan_sekme",1,1,1,1,1,1,1,1,1,1,"geri","geri",239452.00,"boss:Burn",2.97,1.35,0.60,0.58,1.40,0.00,0.00,"2/9 kare koşu, ayak/gövde hız oranı 0,95","vuruş 2: 0,93s@boss0,74m/oyuncu3,67m 1,19s@boss0,74m/oyuncu4,46m; kalıp sonu: merkeze 4,29 m, başlangıçtan 1,66 m, kalıp simülasyonundan 0,06 m, boss 0,14 m kaydı; toparlanma 0,74 sn (tablo 0,26)"
1-4,"Sabit Vuruş","Top","yere_cakilan",1,1,1,1,1,1,1,1,1,1,"yerinde","yerinde",224888.00,"boss:Burn",2.94,1.35,0.57,0.54,1.35,0.00,0.00,"2/2 kare koşu, ayak/gövde hız oranı 0,95","vuruş 1: 1,15s@boss2,90m/oyuncu0,04m; kalıp sonu: merkeze 3,41 m, başlangıçtan 0,30 m, kalıp simülasyonundan 0,00 m, boss 0,11 m kaydı; toparlanma 0,74 sn (tablo 0,26)"
1-5,"Yayılan Vuruş","Top","donen_kesik",1,1,1,1,1,1,1,1,1,1,"geri","geri",199076.00,"boss:Burn",3.02,1.35,0.69,0.67,1.49,0.00,0.00,"2/2 kare koşu, ayak/gövde hız oranı 0,95","vuruş 1: 1,00s@boss3,11m/oyuncu0,00m; kalıp sonu: merkeze 3,61 m, başlangıçtan 0,50 m, kalıp simülasyonundan 0,00 m, boss 0,11 m kaydı; toparlanma 0,74 sn (tablo 0,26)"
1-6,"Bağlayıcı Vuruş","Top","zincirli_firlatma",1,1,1,1,1,1,1,1,1,1,"ön","ön",285692.00,"boss:Root+Slow+Burn, boss hız x0,00",1.73,1.35,0.86,0.82,1.66,0.00,0.00,"4/6 kare koşu, ayak/gövde hız oranı 0,97","vuruş 2: 0,93s@boss0,45m/oyuncu3,56m 1,40s@boss0,61m/oyuncu1,28m; kalıp sonu: merkeze 2,11 m, başlangıçtan 1,00 m, kalıp simülasyonundan 0,00 m, boss 0,11 m kaydı; toparlanma 0,74 sn (tablo 0,26)"
2-1,"Yoğun Şifa","Top","tek_dokunus",1,1,1,1,1,1,1,1,1,1,"geri","geri",0.00,"oyuncu +200000 can",3.01,1.35,0.20,0.16,1.00,0.00,0.00,"0/3 kare koşu","vuruş 1: 0,85s@boss3,88m/oyuncu0,68m; kalıp sonu: merkeze 3,45 m, başlangıçtan 0,55 m, kalıp simülasyonundan 0,00 m, kalıp hedefi AllyDummy; toparlanma 0,74 sn (tablo 0,26)"
2-2,"Emici Şifa","Top","uzaktan_emme",1,1,1,1,1,1,1,1,1,1,"yerinde","yerinde",53200.00,"oyuncu +84000 can, dost +28000 can",2.65,1.35,2.20,2.16,3.00,0.00,0.00,"","vuruş 4: 1,40s@boss0,19m/oyuncu2,72m 1,93s@boss0,10m/oyuncu2,72m 2,40s@boss0,02m/oyuncu2,72m 2,93s@boss0,07m/oyuncu2,72m; kalıp sonu: merkeze 2,65 m, başlangıçtan 0,35 m, kalıp simülasyonundan 0,00 m; toparlanma 0,74 sn (tablo 0,26)"
2-3,"Sıçrayan Şifa","Top","dosttan_dosta",1,1,1,1,1,1,1,1,1,1,"yerinde","yerinde",0.00,"oyuncu +136000 can, dost +68000 can",3.00,1.35,0.60,0.54,1.40,0.00,0.00,"","vuruş 3: 0,94s@boss6,43m/oyuncu3,95m 1,00s@boss6,98m/oyuncu4,53m 1,20s@boss6,88m/oyuncu4,54m; kalıp sonu: merkeze 3,00 m, başlangıçtan 0,00 m, kalıp simülasyonundan 0,00 m, kalıp hedefi AllyDummy; toparlanma 0,74 sn (tablo 0,26)"
2-4,"Sabit Şifa","Top","totem_dikme",1,1,1,1,1,1,1,1,1,1,"yerinde","yerinde",0.00,"oyuncu +200000 can",3.00,1.35,0.33,0.30,1.13,0.00,0.00,"","vuruş 1: 1,00s@boss3,10m/oyuncu0,00m; kalıp sonu: merkeze 3,11 m, başlangıçtan 0,15 m, kalıp simülasyonundan 0,00 m, kalıp hedefi AllyDummy; toparlanma 0,74 sn (tablo 0,26)"
2-5,"Yayılan Şifa","Top","genisleyen_halka",1,1,1,1,1,1,1,1,1,1,"yerinde","yerinde",0.00,"oyuncu +200000 can",3.00,1.35,0.60,0.58,1.40,0.00,0.00,"","vuruş 1: 1,20s@boss3,00m/oyuncu0,00m; kalıp sonu: merkeze 3,00 m, başlangıçtan 0,00 m, kalıp simülasyonundan 0,00 m; toparlanma 0,74 sn (tablo 0,26)"
2-6,"Bağlayıcı Şifa","Top","dostu_kanca",1,1,1,1,1,1,1,1,1,1,"geri","geri",0.00,"oyuncu +200000 can",3.00,1.35,0.54,0.52,1.34,0.00,0.00,"1/6 kare koşu, ayak/gövde hız oranı 1,01","vuruş 1: 1,20s@boss5,79m/oyuncu0,40m; kalıp sonu: merkeze 5,92 m, başlangıçtan 3,40 m, kalıp simülasyonundan 0,00 m, kalıp hedefi AllyDummy; toparlanma 0,74 sn (tablo 0,26)"
3-1,"Yoğun Adım","Top","isinlan_kes",1,1,1,1,1,1,1,1,1,1,"arka","arka",2384.00,"boss:Burn",1.50,1.35,0.53,0.48,1.33,0.00,0.00,"0/1 kare koşu","vuruş 1: 1,20s@boss0,00m/oyuncu1,50m; kalıp sonu: merkeze 1,50 m, başlangıçtan 4,50 m, kalıp simülasyonundan 0,00 m; tek karede 4,50 m sıçrama (sınır 2,35 m @ 64 ms, t=1,13, faz isin, blink tasarım gereği); toparlanma 0,74 sn (tablo 0,26)"
3-2,"Emici Adım","Top","icinden_emme",1,1,1,1,1,1,1,1,1,1,"arka","arka",2800.00,"boss:Burn",0.13,1.35,0.33,0.28,1.13,0.00,0.00,"0/5 kare koşu","vuruş 1: 0,93s@boss0,19m/oyuncu1,36m; kalıp sonu: merkeze 2,62 m, başlangıçtan 5,27 m, kalıp simülasyonundan 0,38 m, boss 0,35 m kaydı; gövdeye girdi: merkeze 0,13 m (t=0,87, temas 1,35) geçiş tasarım gereği; toparlanma 0,74 sn (tablo 0,26)"
3-3,"Sıçrayan Adım","Top","sekmeli_ziplama",1,1,1,1,1,1,1,1,1,1,"arka","arka",4448.00,"boss:Burn",1.50,1.35,0.64,0.60,1.41,0.00,0.00,"0/10 kare koşu","vuruş 3: 0,94s@boss1,79m/oyuncu0,03m 1,14s@boss1,50m/oyuncu0,09m 1,27s@boss1,50m/oyuncu0,00m; kalıp sonu: merkeze 1,50 m, başlangıçtan 4,50 m, kalıp simülasyonundan 0,00 m; toparlanma 0,74 sn (tablo 0,26)"
3-4,"Sabit Adım","Top","geri_sarma",1,1,1,1,1,1,1,1,1,1,"başlangıç","başlangıç",0.00,"",1.50,1.35,2.72,2.66,3.46,0.00,0.00,"2/9 kare koşu, ayak/gövde hız oranı 0,97","hasarsız skill (base_damage 0): etki hareketin kendisi; kalıp sonu: merkeze 3,00 m, başlangıçtan 0,00 m, kalıp simülasyonundan 0,00 m; toparlanma 0,74 sn (tablo 0,26)"
3-5,"Yayılan Adım","Top","dalis_patlamasi",1,1,1,1,1,1,1,1,1,1,"ön","ön",2836.00,"boss:Burn",1.50,1.35,0.47,0.42,1.27,0.00,0.00,"0/4 kare koşu","vuruş 1: 1,06s@boss1,50m/oyuncu0,00m; kalıp sonu: merkeze 1,50 m, başlangıçtan 1,50 m, kalıp simülasyonundan 0,00 m; toparlanma 0,74 sn (tablo 0,26)"
3-6,"Bağlayıcı Adım","Top","kanca_cekis",1,1,1,1,1,1,1,1,1,1,"arka","arka",2796.00,"boss:Root+Slow+Burn, boss hız x0,00",1.50,1.35,0.80,0.74,1.60,0.00,0.00,"1/10 kare koşu, ayak/gövde hız oranı 1,00","vuruş 1: 1,40s@boss0,00m/oyuncu1,50m; kalıp sonu: merkeze 1,50 m, başlangıçtan 4,50 m, kalıp simülasyonundan 0,00 m; toparlanma 0,74 sn (tablo 0,26)"
4-1,"Yoğun Kalkan","Top","tam_zamanli",1,1,1,1,1,1,1,1,1,1,"yerinde","yerinde",0.00,"",3.00,1.35,0.53,0.50,1.33,0.00,0.00,"","hasarsız skill (base_damage 0): etki hareketin kendisi; vuruş 1: 1,13s@boss0,62m/oyuncu2,38m; kalıp sonu: merkeze 3,00 m, başlangıçtan 0,00 m, kalıp simülasyonundan 0,00 m; toparlanma 0,74 sn (tablo 0,26)"
4-2,"Emici Kalkan","Top","kalkan_calma",1,1,1,1,1,1,1,1,1,1,"yerinde","yerinde",76000.00,"",1.35,1.35,0.20,0.20,1.00,0.00,0.00,"","vuruş 1: 0,93s@boss1,18m/oyuncu1,28m; kalıp sonu: merkeze 2,18 m, başlangıçtan 0,00 m, kalıp simülasyonundan 0,00 m, boss 0,82 m kaydı; toparlanma 0,74 sn (tablo 0,26)"
4-3,"Sıçrayan Kalkan","Top","seken_disk",1,1,1,1,1,1,1,1,1,1,"yerinde","yerinde",0.00,"",3.00,1.35,0.47,0.42,1.27,0.00,0.00,"","hasarsız skill (base_damage 0): etki hareketin kendisi; vuruş 2: 0,93s@boss0,30m/oyuncu3,30m 1,07s@boss3,04m/oyuncu1,43m; kalıp sonu: merkeze 3,00 m, başlangıçtan 0,00 m, kalıp simülasyonundan 0,00 m; toparlanma 0,74 sn (tablo 0,26)"
5-1,"Yoğun Patlama","Top","saplanan_fitil",1,1,1,1,1,1,1,1,1,1,"geri","geri",405640.00,"boss:Burn",2.30,1.35,1.80,1.74,2.46,0.00,0.00,"2/8 kare koşu, ayak/gövde hız oranı 0,95","vuruş 2: 0,80s@boss0,85m/oyuncu1,92m 2,27s@boss0,85m/oyuncu3,16m; kalıp sonu: merkeze 4,30 m, başlangıçtan 1,30 m, kalıp simülasyonundan 0,00 m; toparlanma 0,64 sn (tablo 0,26)"
5-2,"Emici Patlama","Top","ceken_girdap",1,1,1,1,1,1,1,1,1,1,"geri","geri",297684.00,"boss:Burn, oyuncu +87388 can",1.35,1.35,1.47,1.44,2.13,0.00,0.00,"2/2 kare koşu, ayak/gövde hız oranı 0,98","vuruş 3: 1,34s@boss0,00m/oyuncu1,35m 1,80s@boss0,00m/oyuncu1,35m 1,87s@boss0,00m/oyuncu1,35m; kalıp sonu: merkeze 1,85 m, başlangıçtan 0,50 m, kalıp simülasyonundan 0,00 m, boss 1,65 m kaydı; toparlanma 0,64 sn (tablo 0,26)"
5-3,"Sıçrayan Patlama","Top","seken_bomba",1,1,1,1,1,1,1,1,1,1,"geri","geri",307792.00,"boss:Burn",3.02,1.35,0.75,0.70,1.42,0.00,0.00,"2/2 kare koşu, ayak/gövde hız oranı 0,95","vuruş 3: 0,80s@boss0,40m/oyuncu3,50m 0,93s@boss0,00m/oyuncu3,11m 1,15s@boss0,35m/oyuncu3,13m; kalıp sonu: merkeze 3,61 m, başlangıçtan 0,50 m, kalıp simülasyonundan 0,00 m, boss 0,11 m kaydı; toparlanma 0,64 sn (tablo 0,26)"
6-1,"Yoğun Bağ","Top","sinir_noktasi",1,1,1,1,1,1,1,1,1,1,"ön","ön",118940.00,"boss:Burn+Stun, boss hız x0,00",1.50,1.35,0.51,0.46,1.18,0.00,0.00,"2/6 kare koşu, ayak/gövde hız oranı 0,95","vuruş 1: 0,93s@boss0,91m/oyuncu0,60m; kalıp sonu: merkeze 2,00 m, başlangıçtan 1,11 m, kalıp simülasyonundan 0,11 m, boss 0,11 m kaydı; toparlanma 0,64 sn (tablo 0,26)"
6-2,"Emici Bağ","Top","bossu_cek",1,1,1,1,1,1,1,1,1,1,"geri","geri",87520.00,"boss:Burn+Root, boss hız x0,00, oyuncu +25153 can",1.57,1.35,0.60,0.56,1.27,0.00,0.00,"2/7 kare koşu, ayak/gövde hız oranı 1,01","vuruş 1: 0,92s@boss2,65m/oyuncu1,36m; kalıp sonu: merkeze 2,87 m, başlangıçtan 2,10 m, kalıp simülasyonundan 0,00 m, boss 2,23 m kaydı; toparlanma 0,64 sn (tablo 0,26)"
6-3,"Sıçrayan Bağ","Top","basip_sekme",1,1,1,1,1,1,1,1,1,1,"başlangıç","başlangıç",86184.00,"boss:Burn+Root, boss hız x0,00",1.63,1.35,0.63,0.64,1.30,0.00,0.00,"2/9 kare koşu, ayak/gövde hız oranı 0,98","vuruş 1: 0,92s@boss1,50m/oyuncu0,15m; kalıp sonu: merkeze 2,70 m, başlangıçtan 0,19 m, kalıp simülasyonundan 0,11 m, boss 0,11 m kaydı; toparlanma 0,64 sn (tablo 0,26)"
1-7,"Bulandırıcı Vuruş","Top","dumandan_cikis",1,1,1,1,1,1,1,1,1,1,"ön","ön",229416.00,"boss:Blind+Burn",1.64,1.35,0.66,0.60,1.41,0.00,0.00,"1/4 kare koşu, ayak/gövde hız oranı 0,90","vuruş 1: 1,08s@boss0,81m/oyuncu1,36m; kalıp sonu: merkeze 2,00 m, başlangıçtan 1,11 m, kalıp simülasyonundan 0,11 m, boss 0,11 m kaydı; toparlanma 0,74 sn (tablo 0,26)"
1-8,"Yükselen Vuruş","Top","havaya_kaldirma",1,1,1,1,1,1,1,1,1,1,"ön","ön",259328.00,"boss:Burn+Stun, boss hız x0,00",1.92,1.35,0.47,0.46,1.27,0.00,0.00,"2/7 kare koşu, ayak/gövde hız oranı 1,00","vuruş 1: 0,94s@boss1,08m/oyuncu1,28m; kalıp sonu: merkeze 2,40 m, başlangıçtan 0,60 m, kalıp simülasyonundan 0,00 m; toparlanma 0,74 sn (tablo 0,26)"
1-9,"Odaklı Vuruş","Top","isarete_vur",1,1,1,1,1,1,1,1,1,1,"ön","ön",406904.00,"boss:Burn",1.89,1.35,0.54,0.50,1.34,0.00,0.00,"2/4 kare koşu, ayak/gövde hız oranı 0,95","vuruş 1: 1,08s@boss0,79m/oyuncu1,28m; kalıp sonu: merkeze 2,26 m, başlangıçtan 0,85 m, kalıp simülasyonundan 0,00 m, boss 0,11 m kaydı; toparlanma 0,74 sn (tablo 0,26)"
2-7,"Bulandırıcı Şifa","Top","sis_ortusu",1,1,1,1,1,1,0,1,1,0,"yerinde","yerinde",0.00,"oyuncu +200000 can",3.02,1.35,0.05,0.30,1.19,0.00,0.00,"","vuruş 1: 1,14s@boss0,00m/oyuncu3,11m; kalıp sonu: merkeze 3,11 m, başlangıçtan 0,00 m, kalıp simülasyonundan 0,00 m, boss 0,11 m kaydı; toparlanma 0,74 sn (tablo 0,26); kalıp bang'den 0,39 sn sonra başladı"
2-8,"Yükselen Şifa","Top","yerden_buyuyen",1,1,1,1,1,1,0,1,1,0,"yerinde","yerinde",0.00,"oyuncu +200000 can",3.00,1.35,0.08,0.42,1.07,0.00,0.00,"","vuruş 1: 1,00s@boss6,98m/oyuncu4,29m; kalıp sonu: merkeze 3,18 m, başlangıçtan 0,25 m, kalıp simülasyonundan 0,00 m, kalıp hedefi AllyDummy; toparlanma 0,74 sn (tablo 0,26); kalıp bang'den 0,25 sn sonra başladı"
2-9,"Odaklı Şifa","Top","koruyucu_isaret",1,0,1,1,1,1,1,1,1,0,"geri","geri",0.00,"",3.00,1.35,0.20,0.20,1.00,0.00,0.00,"0/3 kare koşu","hasar yok, etki görülmedi; vuruş 1: 0,93s@boss3,90m/oyuncu0,35m; kalıp sonu: merkeze 3,61 m, başlangıçtan 0,80 m, kalıp simülasyonundan 0,00 m, kalıp hedefi AllyDummy; toparlanma 0,74 sn (tablo 0,26)"
3-7,"Bulandırıcı Adım","Top","duman_kaybolma",1,1,1,1,1,1,0,1,1,0,"ön","ön",3216.00,"boss:Blind+Burn, oyuncu:Stealth",1.50,1.35,0.27,0.59,1.34,0.00,0.00,"1/1 kare koşu, ayak/gövde hız oranı 0,99","vuruş 1: 1,07s@boss1,50m/oyuncu0,00m; kalıp sonu: merkeze 1,50 m, başlangıçtan 1,50 m, kalıp simülasyonundan 0,00 m; toparlanma 0,74 sn (tablo 0,26); kalıp bang'den 0,32 sn sonra başladı"
3-8,"Yükselen Adım","Top","sicrayip_cakilma",1,1,1,1,1,1,0,1,1,0,"ön","ön",2432.00,"boss:Burn, oyuncu:Haste, oyuncu hız x1,10",1.50,1.35,0.54,0.82,1.54,0.00,0.00,"1/1 kare koşu, ayak/gövde hız oranı 1,00","vuruş 1: 1,40s@boss1,50m/oyuncu0,00m; kalıp sonu: merkeze 1,50 m, başlangıçtan 1,50 m, kalıp simülasyonundan 0,00 m; toparlanma 0,74 sn (tablo 0,26); kalıp bang'den 0,25 sn sonra başladı"
3-9,"Odaklı Adım","Top","isinlan_kes",1,1,1,1,1,1,1,1,1,1,"arka","arka",2416.00,"boss:Burn",1.50,1.35,0.53,0.48,1.33,0.00,0.00,"0/1 kare koşu","vuruş 1: 1,20s@boss0,00m/oyuncu1,50m; kalıp sonu: merkeze 1,50 m, başlangıçtan 4,50 m, kalıp simülasyonundan 0,00 m; tek karede 4,50 m sıçrama (sınır 2,48 m @ 67 ms, t=1,13, faz isin, blink tasarım gereği); toparlanma 0,74 sn (tablo 0,26)"
7-1,"Yoğun Zafiyet","Top","diken_firlatma",1,1,1,1,1,1,1,1,1,1,"geri","geri",107684.00,"boss:Burn",3.00,1.35,0.53,0.52,1.20,0.00,0.00,"2/2 kare koşu, ayak/gövde hız oranı 0,95","vuruş 1: 1,00s@boss0,30m/oyuncu3,30m; kalıp sonu: merkeze 3,50 m, başlangıçtan 0,50 m, kalıp simülasyonundan 0,00 m; toparlanma 0,64 sn (tablo 0,26)"
7-2,"Emici Zafiyet","Top","sokup_cekme",1,1,1,1,1,1,1,1,1,1,"geri","geri",61896.00,"boss:Burn, oyuncu +17104 can",3.02,1.35,0.60,0.56,1.27,0.00,0.00,"2/6 kare koşu, ayak/gövde hız oranı 0,95","vuruş 2: 0,80s@boss0,35m/oyuncu3,55m 0,93s@boss2,68m/oyuncu1,19m; kalıp sonu: merkeze 4,91 m, başlangıçtan 1,80 m, kalıp simülasyonundan 0,00 m, boss 0,11 m kaydı; toparlanma 0,64 sn (tablo 0,26)"
7-3,"Sıçrayan Zafiyet","Top","seken_yaratik",1,1,1,1,1,1,1,1,1,1,"geri","geri",66208.00,"boss:Burn",3.02,1.35,0.80,0.76,1.47,0.00,0.00,"2/2 kare koşu, ayak/gövde hız oranı 0,95","vuruş 3: 0,87s@boss0,00m/oyuncu3,11m 1,07s@boss0,35m/oyuncu3,13m 1,20s@boss0,35m/oyuncu3,13m; kalıp sonu: merkeze 3,61 m, başlangıçtan 0,50 m, kalıp simülasyonundan 0,00 m, boss 0,11 m kaydı; toparlanma 0,64 sn (tablo 0,26)"
8-1,"Yoğun Yükseliş","Top","kuculten_kapi",1,1,1,1,1,1,1,1,1,1,"yerinde","yerinde",0.00,"",3.02,1.35,0.33,0.28,1.13,0.00,0.00,"","hasarsız skill (base_damage 0): etki hareketin kendisi; vuruş 1: 0,94s@boss0,73m/oyuncu2,38m; kalıp sonu: merkeze 3,11 m, başlangıçtan 0,00 m, kalıp simülasyonundan 0,00 m, boss 0,11 m kaydı; toparlanma 0,74 sn (tablo 0,26)"
8-2,"Emici Yükseliş","Top","kan_muhru",1,1,1,1,1,1,1,1,1,1,"yerinde","yerinde",0.00,"",3.00,1.35,0.33,0.32,1.13,0.00,0.00,"","hasarsız skill (base_damage 0): etki hareketin kendisi; vuruş 1: 0,94s@boss3,00m/oyuncu0,00m; kalıp sonu: merkeze 3,00 m, başlangıçtan 0,00 m, kalıp simülasyonundan 0,00 m; toparlanma 0,74 sn (tablo 0,26)"
8-3,"Sıçrayan Yükseliş","Top","pas_verme",1,1,1,1,1,1,1,1,1,1,"yerinde","yerinde",0.00,"",3.00,1.35,0.27,0.24,1.07,0.00,0.00,"","hasarsız skill (base_damage 0): etki hareketin kendisi; vuruş 1: 1,00s@boss6,38m/oyuncu3,90m; kalıp sonu: merkeze 3,00 m, başlangıçtan 0,00 m, kalıp simülasyonundan 0,00 m, kalıp hedefi AllyDummy; toparlanma 0,74 sn (tablo 0,26)"
9-1,"Yoğun Arınma","Top","tek_dokunus",1,1,1,1,1,1,1,1,1,1,"geri","geri",0.00,"oyuncu +48000 can",3.00,1.35,0.20,0.16,1.00,0.00,0.00,"0/2 kare koşu","vuruş 1: 0,87s@boss3,89m/oyuncu0,68m; kalıp sonu: merkeze 3,41 m, başlangıçtan 0,55 m, kalıp simülasyonundan 0,00 m, kalıp hedefi AllyDummy; toparlanma 0,74 sn (tablo 0,26)"
9-2,"Emici Arınma","Top","cekip_firlat",1,1,1,1,1,1,1,1,1,1,"yerinde","yerinde",0.00,"oyuncu +20000 can, dost +28000 can",3.00,1.35,0.41,0.50,1.17,0.00,0.00,"","vuruş 2: 0,81s@boss2,65m/oyuncu0,35m 1,11s@boss0,30m/oyuncu3,30m; kalıp sonu: merkeze 3,00 m, başlangıçtan 0,00 m, kalıp simülasyonundan 0,00 m; toparlanma 0,74 sn (tablo 0,26)"
9-3,"Sıçrayan Arınma","Top","dosttan_dosta",1,1,1,1,1,1,1,1,1,1,"yerinde","yerinde",0.00,"oyuncu +32000 can, dost +16000 can",3.00,1.35,0.60,0.54,1.40,0.00,0.00,"","vuruş 3: 0,93s@boss6,43m/oyuncu3,95m 1,00s@boss6,98m/oyuncu4,53m 1,20s@boss6,88m/oyuncu4,54m; kalıp sonu: merkeze 3,00 m, başlangıçtan 0,00 m, kalıp simülasyonundan 0,00 m, kalıp hedefi AllyDummy; toparlanma 0,74 sn (tablo 0,26)"
1-10,"Aynalı Vuruş","Top","sirtta_kapi",1,1,1,1,1,1,1,1,1,1,"ön","ön",39949970.00,"boss:Burn",1.80,1.35,0.47,0.44,1.26,0.00,0.00,"2/5 kare koşu, ayak/gövde hız oranı 0,95","vuruş 2: 0,86s@boss0,91m/oyuncu1,19m 1,00s@boss0,55m/oyuncu2,35m; kalıp sonu: merkeze 2,30 m, başlangıçtan 0,70 m, kalıp simülasyonundan 0,00 m; toparlanma 0,74 sn (tablo 0,26)"
1-11,"Kopya Vuruş","Top","golge_yankisi",1,1,1,1,1,1,1,1,1,1,"başlangıç","başlangıç",236568.00,"boss:Burn",2.21,1.35,0.66,0.62,1.46,0.00,0.00,"2/4 kare koşu, ayak/gövde hız oranı 0,95","vuruş 2: 0,87s@boss1,21m/oyuncu1,15m 1,20s@boss2,04m/oyuncu1,39m; kalıp sonu: merkeze 2,71 m, başlangıçtan 0,40 m, kalıp simülasyonundan 0,00 m, boss 0,11 m kaydı; toparlanma 0,74 sn (tablo 0,26)"
1-12,"Akan Vuruş","Top","basili_seri",1,1,1,1,1,1,1,1,1,1,"ön","ön",181712.00,"boss:Burn",1.73,1.35,3.17,3.12,3.97,0.00,0.00,"2/2 kare koşu, ayak/gövde hız oranı 0,95","vuruş 6: 1,00s@boss1,84m/oyuncu1,15m 1,54s@boss1,59m/oyuncu1,15m 2,00s@boss1,37m/oyuncu1,15m 2,53s@boss1,13m/oyuncu1,15m 3,00s@boss0,91m/oyuncu1,15m 3,53s@boss0,66m/oyuncu1,15m; kalıp sonu: merkeze 2,21 m, başlangıçtan 0,90 m, kalıp simülasyonundan 0,00 m, boss 0,11 m kaydı; toparlanma 0,74 sn (tablo 0,26)"
2-10,"Aynalı Şifa","Top","ters_es",1,1,1,1,1,1,1,1,1,1,"yerinde","yerinde",16800.00,"oyuncu +112000 can",3.01,1.35,0.46,0.44,1.26,0.00,0.00,"","vuruş 2: 0,93s@boss2,64m/oyuncu0,40m 1,13s@boss0,00m/oyuncu3,04m; kalıp sonu: merkeze 3,04 m, başlangıçtan 0,00 m, kalıp simülasyonundan 0,00 m; toparlanma 0,74 sn (tablo 0,26)"
2-11,"Kopya Şifa","Top","golge_ulak",1,1,1,1,1,1,1,1,1,1,"yan","yan",0.00,"oyuncu +120000 can, dost +80000 can",2.43,1.35,1.40,1.36,2.20,0.00,0.00,"1/3 kare koşu, ayak/gövde hız oranı 1,00","vuruş 2: 0,87s@boss3,26m/oyuncu0,35m 2,07s@boss3,05m/oyuncu1,46m; kalıp sonu: merkeze 2,43 m, başlangıçtan 1,41 m, kalıp simülasyonundan 0,00 m, kalıp hedefi AllyDummy; toparlanma 0,74 sn (tablo 0,26)"
2-12,"Akan Şifa","Top","basili_isik",1,1,1,1,1,1,1,1,1,1,"geri","geri",0.00,"oyuncu +160000 can, dost +32000 can",3.00,1.35,3.00,3.00,3.80,0.00,0.00,"","vuruş 6: 1,00s@boss5,38m/oyuncu2,72m 1,53s@boss5,58m/oyuncu2,72m 2,00s@boss5,75m/oyuncu2,72m 2,53s@boss5,95m/oyuncu2,72m 3,00s@boss6,13m/oyuncu2,72m 3,53s@boss6,33m/oyuncu2,72m; kalıp sonu: merkeze 3,94 m, başlangıçtan 1,20 m, kalıp simülasyonundan 0,00 m, kalıp hedefi AllyDummy; toparlanma 0,74 sn (tablo 0,26)"
3-10,"Aynalı Adım","Top","iki_kapi",1,1,1,1,1,1,1,1,1,1,"ön","ön",5176.00,"boss:Burn",1.50,1.35,0.60,0.54,1.40,0.00,0.00,"0/4 kare koşu","vuruş 2: 0,80s@boss3,00m/oyuncu0,00m 1,20s@boss1,50m/oyuncu0,00m; kalıp sonu: merkeze 1,50 m, başlangıçtan 1,50 m, kalıp simülasyonundan 0,00 m; toparlanma 0,74 sn (tablo 0,26)"
3-11,"Kopya Adım","Top","yem_kac",1,1,1,1,1,1,1,1,1,1,"geri","geri",3992.00,"boss:Burn",3.00,1.35,0.40,0.40,1.20,0.00,0.00,"1/5 kare koşu, ayak/gövde hız oranı 1,01","vuruş 1: 0,80s@boss3,00m/oyuncu0,00m; kalıp sonu: merkeze 5,80 m, başlangıçtan 2,80 m, kalıp simülasyonundan 0,00 m; toparlanma 0,74 sn (tablo 0,26)"
3-12,"Akan Adım","Top","suzulme",1,1,1,1,1,1,1,1,1,1,"ön","ön",0.00,"",1.90,1.35,3.05,3.00,3.85,0.00,0.00,"","hasarsız skill (base_damage 0): etki hareketin kendisi; kalıp sonu: merkeze 1,90 m, başlangıçtan 1,10 m, kalıp simülasyonundan 0,00 m; toparlanma 0,74 sn (tablo 0,26)"
10-1,"Yoğun Yansı","Top","tam_zamanli",1,1,1,1,1,1,0,1,1,0,"yerinde","yerinde",2816.00,"boss:Burn",3.00,1.35,0.20,0.50,1.14,0.00,0.00,"","vuruş 1: 0,93s@boss0,62m/oyuncu2,38m; kalıp sonu: merkeze 3,00 m, başlangıçtan 0,00 m, kalıp simülasyonundan 0,00 m; toparlanma 0,74 sn (tablo 0,26); kalıp bang'den 0,19 sn sonra başladı"
10-2,"Emici Yansı","Top","yutan_girdap",1,1,1,1,1,1,1,1,1,1,"yerinde","yerinde",15616.00,"boss:Burn",1.35,1.35,3.18,3.18,3.98,0.00,0.00,"","vuruş 4: 1,67s@boss1,03m/oyuncu2,38m 2,47s@boss1,03m/oyuncu2,38m 3,20s@boss1,03m/oyuncu2,38m 3,93s@boss1,03m/oyuncu2,38m; kalıp sonu: merkeze 1,35 m, başlangıçtan 0,00 m, kalıp simülasyonundan 0,00 m, boss 1,65 m kaydı; toparlanma 0,74 sn (tablo 0,26)"
10-3,"Sıçrayan Yansı","Top","seken_geri",1,1,1,1,1,1,1,1,1,1,"ön","ön",3624.00,"boss:Burn",1.90,1.35,0.40,0.36,1.20,0.00,0.00,"0/3 kare koşu","vuruş 2: 0,87s@boss0,55m/oyuncu1,53m 1,00s@boss0,00m/oyuncu1,90m; kalıp sonu: merkeze 1,90 m, başlangıçtan 1,10 m, kalıp simülasyonundan 0,00 m; toparlanma 0,74 sn (tablo 0,26)"
10-10,"Aynalı Yansı","Top","iki_kapi",1,1,1,1,1,1,1,1,1,1,"ön","ön",5208.00,"boss:Burn",1.50,1.35,0.60,0.54,1.40,0.00,0.00,"0/4 kare koşu","vuruş 2: 0,80s@boss3,00m/oyuncu0,00m 1,20s@boss1,50m/oyuncu0,00m; kalıp sonu: merkeze 1,50 m, başlangıçtan 1,50 m, kalıp simülasyonundan 0,00 m; toparlanma 0,74 sn (tablo 0,26)"
10-11,"Kopya Yansı","Top","yem_kopya",1,1,1,1,1,1,1,1,1,1,"yerinde","yerinde",2424.00,"boss:Burn",3.00,1.35,0.27,0.24,1.07,0.00,0.00,"","vuruş 1: 0,93s@boss2,98m/oyuncu1,29m; kalıp sonu: merkeze 3,00 m, başlangıçtan 0,00 m, kalıp simülasyonundan 0,00 m; toparlanma 0,74 sn (tablo 0,26)"
10-12,"Akan Yansı","Top","basili_siper",1,1,1,1,1,1,1,1,1,1,"ön","ön",13264.00,"boss:Burn",2.20,1.35,3.00,3.00,3.81,0.00,0.00,"","vuruş 3: 1,87s@boss0,32m/oyuncu2,38m 2,54s@boss0,14m/oyuncu2,38m 3,54s@boss0,13m/oyuncu2,38m; kalıp sonu: merkeze 2,20 m, başlangıçtan 0,80 m, kalıp simülasyonundan 0,00 m; toparlanma 0,74 sn (tablo 0,26)"
11-1,"Yoğun Çağrı","Top","sirt_saplama",1,1,1,1,1,1,1,1,1,1,"yerinde","yerinde",2808.00,"boss:Burn",3.00,1.35,0.40,0.32,1.20,0.00,0.00,"","vuruş 1: 1,00s@boss0,00m/oyuncu3,00m; kalıp sonu: merkeze 3,00 m, başlangıçtan 0,00 m, kalıp simülasyonundan 0,00 m; toparlanma 0,74 sn (tablo 0,26)"
11-2,"Emici Çağrı","Top","yapisan",1,1,1,1,1,1,1,1,1,1,"yerinde","yerinde",24824.00,"boss:Burn",1.35,1.35,5.32,5.18,6.12,0.00,0.00,"","vuruş 6: 0,93s@boss0,20m/oyuncu2,65m 1,93s@boss0,00m/oyuncu1,35m 2,93s@boss0,00m/oyuncu1,35m 3,93s@boss0,00m/oyuncu1,35m 4,96s@boss0,00m/oyuncu1,35m 6,07s@boss0,00m/oyuncu1,35m; kalıp sonu: merkeze 1,35 m, başlangıçtan 0,00 m, kalıp simülasyonundan 0,00 m, boss 1,65 m kaydı; toparlanma 0,74 sn (tablo 0,26)"
11-3,"Sıçrayan Çağrı","Top","seken_yaratik",1,1,1,1,1,1,1,1,1,1,"yerinde","yerinde",4400.00,"boss:Burn",3.00,1.35,0.67,0.64,1.47,0.00,0.00,"","vuruş 3: 1,00s@boss0,00m/oyuncu3,00m 1,14s@boss0,35m/oyuncu3,02m 1,33s@boss0,35m/oyuncu3,02m; kalıp sonu: merkeze 3,00 m, başlangıçtan 0,00 m, kalıp simülasyonundan 0,00 m; toparlanma 0,74 sn (tablo 0,26)"
11-10,"Aynalı Çağrı","Top","takim_kapisi",1,1,1,1,1,1,1,1,1,1,"yerinde","yerinde",8384.00,"boss:Burn",3.00,1.35,1.27,1.24,2.07,0.00,0.00,"","vuruş 1: 0,94s@boss3,00m/oyuncu0,00m; kalıp sonu: merkeze 3,00 m, başlangıçtan 0,00 m, kalıp simülasyonundan 0,00 m; toparlanma 0,74 sn (tablo 0,26)"
11-11,"Kopya Çağrı","Top","ayna_klonlar",1,1,1,1,1,1,1,1,1,1,"yerinde","yerinde",3608.00,"boss:Burn",3.00,1.35,0.53,0.50,1.33,0.00,0.00,"","vuruş 2: 1,00s@boss2,93m/oyuncu1,41m 1,20s@boss2,93m/oyuncu1,41m; kalıp sonu: merkeze 3,00 m, başlangıçtan 0,00 m, kalıp simülasyonundan 0,00 m; toparlanma 0,74 sn (tablo 0,26)"
11-12,"Akan Çağrı","Top","kapidan_akin",1,1,1,1,1,1,1,1,1,1,"yerinde","yerinde",20976.00,"boss:Burn",3.00,1.35,4.22,4.20,5.02,0.00,0.00,"","vuruş 6: 1,00s@boss0,85m/oyuncu2,15m 1,80s@boss0,00m/oyuncu3,00m 2,60s@boss0,00m/oyuncu3,00m 3,40s@boss0,00m/oyuncu3,00m 4,53s@boss0,00m/oyuncu3,00m 4,97s@boss0,00m/oyuncu3,00m; kalıp sonu: merkeze 3,00 m, başlangıçtan 0,00 m, kalıp simülasyonundan 0,00 m; toparlanma 0,74 sn (tablo 0,26)"
12-1,"Yoğun Zaman","Top","zamanli_donma",1,1,1,1,1,1,1,1,1,1,"ön","ön",2408.00,"boss:Burn+Slow, boss hız x0,70",1.50,1.35,0.53,0.50,1.23,0.00,0.00,"0/3 kare koşu","vuruş 1: 1,09s@boss0,53m/oyuncu1,28m; kalıp sonu: merkeze 1,50 m, başlangıçtan 1,50 m, kalıp simülasyonundan 0,00 m; toparlanma 0,64 sn (tablo 0,26)"
12-2,"Emici Zaman","Top","ceken_girdap",1,1,1,1,1,1,1,1,1,1,"yerinde","yerinde",5592.00,"boss:Burn+Slow, oyuncu:Haste, boss hız x0,70, oyuncu hız x1,30",3.00,1.35,1.33,1.32,2.00,0.00,0.00,"","vuruş 3: 1,34s@boss0,00m/oyuncu3,00m 1,80s@boss0,00m/oyuncu3,00m 1,85s@boss0,00m/oyuncu3,00m; kalıp sonu: merkeze 3,00 m, başlangıçtan 0,00 m, kalıp simülasyonundan 0,00 m; toparlanma 0,64 sn (tablo 0,26)"
12-3,"Sıçrayan Zaman","Top","geri_donen_kure",1,1,1,1,1,1,1,1,1,1,"yerinde","yerinde",3992.00,"boss:Burn+Slow, boss hız x0,70",3.00,1.35,0.53,0.50,1.20,0.00,0.00,"","vuruş 2: 0,80s@boss0,30m/oyuncu3,30m 1,07s@boss0,96m/oyuncu2,04m; kalıp sonu: merkeze 3,00 m, başlangıçtan 0,00 m, kalıp simülasyonundan 0,00 m; toparlanma 0,64 sn (tablo 0,26)"
12-10,"Aynalı Zaman","Top","boss_geri",1,1,1,1,1,1,1,1,1,1,"yerinde","yerinde",3584.00,"boss:Burn+Slow, boss hız x0,70",3.00,1.35,0.47,0.46,1.13,0.00,0.00,"","vuruş 1: 0,80s@boss0,30m/oyuncu3,30m; kalıp sonu: merkeze 3,00 m, başlangıçtan 0,00 m, kalıp simülasyonundan 0,00 m; toparlanma 0,64 sn (tablo 0,26)"
12-11,"Kopya Zaman","Top","geri_sarma",1,1,1,1,1,1,1,1,1,1,"başlangıç","başlangıç",0.00,"",1.50,1.35,2.67,2.66,3.33,0.00,0.00,"2/9 kare koşu, ayak/gövde hız oranı 0,92","hasarsız skill (base_damage 0): etki hareketin kendisi; kalıp sonu: merkeze 3,00 m, başlangıçtan 0,00 m, kalıp simülasyonundan 0,00 m; toparlanma 0,64 sn (tablo 0,26)"
12-12,"Akan Zaman","Top","yuruyen_balon",1,1,1,1,1,1,1,1,1,1,"ön","ön",24296.00,"boss:Burn+Slow, boss hız x0,70",1.80,1.35,4.35,4.20,5.01,0.00,0.00,"","vuruş 5: 0,74s@boss3,00m/oyuncu0,00m 1,87s@boss2,68m/oyuncu0,00m 2,85s@boss2,38m/oyuncu0,00m 3,85s@boss2,09m/oyuncu0,00m 4,85s@boss1,80m/oyuncu0,00m; kalıp sonu: merkeze 1,80 m, başlangıçtan 1,20 m, kalıp simülasyonundan 0,00 m; toparlanma 0,64 sn (tablo 0,26)"
4-4,"Sabit Kalkan","Top","duvar_dikme",1,1,1,1,1,1,1,1,1,1,"yerinde","yerinde",0.00,"",3.00,1.35,0.33,0.32,1.14,0.00,0.00,"","hasarsız skill (base_damage 0): etki hareketin kendisi; vuruş 1: 1,01s@boss0,62m/oyuncu2,38m; kalıp sonu: merkeze 3,00 m, başlangıçtan 0,00 m, kalıp simülasyonundan 0,00 m; toparlanma 0,74 sn (tablo 0,26)"
4-5,"Yayılan Kalkan","Top","onde_yelpaze",1,1,1,1,1,1,1,1,1,1,"yerinde","yerinde",0.00,"",3.00,1.35,0.66,0.63,1.47,0.00,0.00,"","hasarsız skill (base_damage 0): etki hareketin kendisi; vuruş 1: 1,20s@boss1,88m/oyuncu1,12m; kalıp sonu: merkeze 3,00 m, başlangıçtan 0,00 m, kalıp simülasyonundan 0,00 m; toparlanma 0,74 sn (tablo 0,26)"
4-6,"Bağlayıcı Kalkan","Top","zincirli_firlatma",1,1,1,1,1,1,1,1,1,1,"ön","ön",0.00,"",1.50,1.35,0.73,0.70,1.53,0.00,0.00,"2/4 kare koşu, ayak/gövde hız oranı 0,98","hasarsız skill (base_damage 0): etki hareketin kendisi; vuruş 2: 0,93s@boss0,45m/oyuncu3,45m 1,40s@boss0,47m/oyuncu1,28m; kalıp sonu: merkeze 1,50 m, başlangıçtan 1,50 m, kalıp simülasyonundan 0,00 m; toparlanma 0,74 sn (tablo 0,26)"
4-7,"Bulandırıcı Kalkan","Top","duman_duvari",1,1,1,1,1,1,1,1,1,1,"yerinde","yerinde",0.00,"",2.80,1.35,0.53,0.52,1.33,0.00,0.00,"","hasarsız skill (base_damage 0): etki hareketin kendisi; vuruş 1: 1,00s@boss0,42m/oyuncu2,38m; kalıp sonu: merkeze 2,80 m, başlangıçtan 0,20 m, kalıp simülasyonundan 0,00 m; toparlanma 0,74 sn (tablo 0,26)"
4-8,"Yükselen Kalkan","Top","yerden_buyuyen",1,1,1,1,1,1,1,1,1,1,"yerinde","yerinde",0.00,"",3.00,1.35,0.46,0.42,1.21,0.00,0.00,"","hasarsız skill (base_damage 0): etki hareketin kendisi; vuruş 1: 1,01s@boss6,98m/oyuncu4,33m; kalıp sonu: merkeze 3,18 m, başlangıçtan 0,25 m, kalıp simülasyonundan 0,00 m, kalıp hedefi AllyDummy; toparlanma 0,74 sn (tablo 0,26)"
4-9,"Odaklı Kalkan","Top","koruyucu_isaret",1,1,1,1,1,1,1,1,1,1,"geri","geri",0.00,"",3.00,1.35,0.27,0.20,1.07,0.00,0.00,"0/3 kare koşu","hasarsız skill (base_damage 0): etki hareketin kendisi; vuruş 1: 0,93s@boss3,90m/oyuncu0,35m; kalıp sonu: merkeze 3,61 m, başlangıçtan 0,80 m, kalıp simülasyonundan 0,00 m, kalıp hedefi AllyDummy; toparlanma 0,74 sn (tablo 0,26)"
5-4,"Sabit Patlama","Top","mayin_cakma",1,1,1,1,1,1,1,1,1,1,"geri","geri",319928.00,"boss:Burn",3.00,1.35,0.59,0.54,1.26,0.00,0.00,"2/2 kare koşu, ayak/gövde hız oranı 0,95","vuruş 2: 0,87s@boss0,85m/oyuncu2,15m 0,93s@boss0,85m/oyuncu2,15m; kalıp sonu: merkeze 3,50 m, başlangıçtan 0,50 m, kalıp simülasyonundan 0,00 m; toparlanma 0,64 sn (tablo 0,26)"
5-5,"Yayılan Patlama","Top","yer_yarigi",1,1,1,1,1,1,1,1,1,1,"ön","ön",262624.00,"boss:Burn",1.50,1.35,0.74,0.68,1.41,0.00,0.00,"1/9 kare koşu, ayak/gövde hız oranı 0,90","vuruş 3: 0,93s@boss0,34m/oyuncu1,24m 1,00s@boss0,15m/oyuncu1,36m 1,14s@boss0,23m/oyuncu1,28m; kalıp sonu: merkeze 2,00 m, başlangıçtan 2,07 m, kalıp simülasyonundan 0,16 m, boss 0,11 m kaydı; toparlanma 0,64 sn (tablo 0,26)"
5-6,"Bağlayıcı Patlama","Top","gerilip_kopan",1,1,1,1,1,1,1,1,1,1,"geri","geri",440216.00,"boss:Root+Slow+Burn, boss hız x0,00",1.56,1.35,0.73,0.70,1.39,0.00,0.00,"2/8 kare koşu, ayak/gövde hız oranı 0,95","vuruş 2: 0,80s@boss0,85m/oyuncu1,21m 1,13s@boss0,86m/oyuncu2,74m; kalıp sonu: merkeze 2,61 m, başlangıçtan 1,00 m, kalıp simülasyonundan 0,02 m, boss 1,40 m kaydı; toparlanma 0,64 sn (tablo 0,26)"
5-7,"Bulandırıcı Patlama","Top","sis_bombasi",1,1,1,1,1,1,1,1,1,1,"geri","geri",303408.00,"boss:Blind+Burn",2.98,1.35,0.40,0.34,1.07,0.00,0.00,"2/2 kare koşu, ayak/gövde hız oranı 0,95","vuruş 1: 0,80s@boss0,35m/oyuncu3,33m; kalıp sonu: merkeze 3,48 m, başlangıçtan 0,50 m, kalıp simülasyonundan 0,00 m; toparlanma 0,64 sn (tablo 0,26)"
5-8,"Yükselen Patlama","Top","yerden_fiskirma",1,1,1,1,1,1,1,1,1,1,"yerinde","yerinde",513584.00,"boss:Burn+Stun, boss hız x0,00",2.66,1.35,0.60,0.56,1.26,0.00,0.00,"1/1 kare koşu, ayak/gövde hız oranı 0,90","vuruş 1: 0,94s@boss0,00m/oyuncu2,75m; kalıp sonu: merkeze 3,10 m, başlangıçtan 0,10 m, kalıp simülasyonundan 0,00 m; toparlanma 0,64 sn (tablo 0,26)"
5-9,"Odaklı Patlama","Top","gudumlu_top",1,1,1,1,1,1,1,1,1,1,"geri","geri",488504.00,"boss:Burn",3.01,1.35,0.73,0.68,1.43,0.00,0.00,"2/2 kare koşu, ayak/gövde hız oranı 0,95","vuruş 1: 1,17s@boss0,00m/oyuncu3,11m; kalıp sonu: merkeze 3,61 m, başlangıçtan 0,50 m, kalıp simülasyonundan 0,00 m, boss 0,11 m kaydı; toparlanma 0,64 sn (tablo 0,26)"
6-4,"Sabit Bağ","Top","karsilikli_kilit",1,1,1,1,1,1,1,1,1,1,"ön","ön",103920.00,"boss:Burn+Root, boss hız x0,00",1.50,1.35,3.40,3.36,4.06,0.00,0.00,"1/4 kare koşu, ayak/gövde hız oranı 0,93","vuruş 1: 1,14s@boss0,40m/oyuncu1,11m; kalıp sonu: merkeze 2,01 m, başlangıçtan 1,11 m, kalıp simülasyonundan 0,11 m, boss 0,11 m kaydı; toparlanma 0,64 sn (tablo 0,26)"
6-5,"Yayılan Bağ","Top","yer_tuzagi",1,1,1,1,1,1,1,1,1,1,"geri","geri",77392.00,"boss:Burn+Root, boss hız x0,00",3.02,1.35,0.41,0.40,1.07,0.00,0.00,"2/2 kare koşu, ayak/gövde hız oranı 0,97","vuruş 1: 0,80s@boss0,72m/oyuncu2,38m; kalıp sonu: merkeze 3,61 m, başlangıçtan 0,50 m, kalıp simülasyonundan 0,00 m, boss 0,11 m kaydı; toparlanma 0,64 sn (tablo 0,26)"
6-6,"Bağlayıcı Bağ","Top","iki_uclu",1,1,1,1,1,1,1,1,1,1,"geri","geri",95408.00,"boss:Root+Slow+Burn, boss hız x0,00",3.02,1.35,0.80,0.77,1.47,0.00,0.00,"2/2 kare koşu, ayak/gövde hız oranı 0,95","vuruş 1: 0,80s@boss0,28m/oyuncu3,38m; kalıp sonu: merkeze 3,61 m, başlangıçtan 0,50 m, kalıp simülasyonundan 0,00 m, boss 0,11 m kaydı; toparlanma 0,64 sn (tablo 0,26)"
6-7,"Bulandırıcı Bağ","Top","goz_bagi",1,1,1,1,1,1,1,1,1,1,"geri","geri",86512.00,"boss:Blind+Burn+Root, boss hız x0,00",3.01,1.35,0.34,0.32,1.01,0.00,0.00,"2/2 kare koşu, ayak/gövde hız oranı 0,95","vuruş 1: 0,81s@boss0,28m/oyuncu3,34m; kalıp sonu: merkeze 3,53 m, başlangıçtan 0,50 m, kalıp simülasyonundan 0,00 m; toparlanma 0,64 sn (tablo 0,26)"
6-8,"Yükselen Bağ","Top","havada_asma",1,1,1,1,1,1,1,1,1,1,"ön","ön",101248.00,"boss:Stun+Burn+Root, boss hız x0,00",1.50,1.35,1.26,1.26,1.93,0.00,0.00,"2/7 kare koşu, ayak/gövde hız oranı 0,98","vuruş 1: 1,13s@boss1,50m/oyuncu0,00m; kalıp sonu: merkeze 2,00 m, başlangıçtan 1,00 m, kalıp simülasyonundan 0,00 m; toparlanma 0,64 sn (tablo 0,26)"
6-9,"Odaklı Bağ","Top","zamanli_donma",1,1,1,1,1,1,1,1,1,1,"ön","ön",152928.00,"boss:Burn+Root, boss hız x0,00",1.64,1.35,0.67,0.62,1.33,0.00,0.00,"2/4 kare koşu, ayak/gövde hız oranı 0,95","vuruş 1: 1,07s@boss0,58m/oyuncu1,28m; kalıp sonu: merkeze 2,01 m, başlangıçtan 1,10 m, kalıp simülasyonundan 0,10 m, boss 0,11 m kaydı; toparlanma 0,64 sn (tablo 0,26)"
7-4,"Sabit Zafiyet","Top","mayin_cakma",1,1,1,1,1,1,1,1,1,1,"geri","geri",55664.00,"boss:Burn",3.02,1.35,0.60,0.54,1.27,0.00,0.00,"2/2 kare koşu, ayak/gövde hız oranı 0,95","vuruş 2: 0,87s@boss0,85m/oyuncu2,26m 0,94s@boss0,85m/oyuncu2,26m; kalıp sonu: merkeze 3,61 m, başlangıçtan 0,50 m, kalıp simülasyonundan 0,00 m, boss 0,11 m kaydı; toparlanma 0,64 sn (tablo 0,26)"
7-5,"Yayılan Zafiyet","Top","onde_yelpaze",1,1,1,1,1,1,1,1,1,1,"ön","ön",54760.00,"boss:Burn",3.02,1.35,0.80,0.75,1.47,0.00,0.00,"2/2 kare koşu, ayak/gövde hız oranı 0,95","vuruş 1: 1,07s@boss1,99m/oyuncu1,12m; kalıp sonu: merkeze 3,32 m, başlangıçtan 0,50 m, kalıp simülasyonundan 0,00 m, boss 0,11 m kaydı; toparlanma 0,64 sn (tablo 0,26)"
7-6,"Bağlayıcı Zafiyet","Top","dost_ip",1,1,1,1,1,1,1,1,1,1,"geri","geri",67512.00,"boss:Root+Slow+Burn, boss hız x0,00",3.02,1.35,0.79,0.74,1.46,0.00,0.00,"2/2 kare koşu, ayak/gövde hız oranı 0,95","vuruş 1: 0,80s@boss0,28m/oyuncu3,38m; kalıp sonu: merkeze 3,61 m, başlangıçtan 0,50 m, kalıp simülasyonundan 0,00 m, boss 0,11 m kaydı; toparlanma 0,64 sn (tablo 0,26)"
8-4,"Sabit Yükseliş","Top","totem_dikme",1,1,1,1,1,1,1,1,1,1,"yerinde","yerinde",0.00,"",3.00,1.35,0.33,0.30,1.10,0.00,0.00,"","hasarsız skill (base_damage 0): etki hareketin kendisi; vuruş 1: 0,97s@boss3,11m/oyuncu0,00m; kalıp sonu: merkeze 3,12 m, başlangıçtan 0,15 m, kalıp simülasyonundan 0,00 m, kalıp hedefi AllyDummy; toparlanma 0,74 sn (tablo 0,26)"
8-5,"Yayılan Yükseliş","Top","savas_narasi",1,1,1,1,1,1,1,1,1,1,"yerinde","yerinde",0.00,"",3.00,1.35,0.40,0.36,1.15,0.00,0.00,"","hasarsız skill (base_damage 0): etki hareketin kendisi; vuruş 1: 0,88s@boss3,00m/oyuncu0,00m; kalıp sonu: merkeze 3,00 m, başlangıçtan 0,00 m, kalıp simülasyonundan 0,00 m; toparlanma 0,74 sn (tablo 0,26)"
8-6,"Bağlayıcı Yükseliş","Top","dost_dosta",1,1,1,1,1,1,1,1,1,1,"yan","yan",0.00,"",2.38,1.35,0.53,0.52,1.31,0.00,0.00,"1/4 kare koşu, ayak/gövde hız oranı 1,01","hasarsız skill (base_damage 0): etki hareketin kendisi; vuruş 3: 0,82s@boss4,05m/oyuncu1,22m 1,05s@boss2,82m/oyuncu1,41m 1,18s@boss4,76m/oyuncu2,38m; kalıp sonu: merkeze 2,38 m, başlangıçtan 1,41 m, kalıp simülasyonundan 0,00 m, kalıp hedefi AllyDummy; toparlanma 0,74 sn (tablo 0,26)"
9-4,"Sabit Arınma","Top","yer_tuzagi",1,1,1,1,1,1,1,1,1,1,"yerinde","yerinde",0.00,"oyuncu +48000 can",3.00,1.35,0.33,0.28,1.13,0.00,0.00,"","vuruş 1: 0,93s@boss0,62m/oyuncu2,38m; kalıp sonu: merkeze 3,00 m, başlangıçtan 0,00 m, kalıp simülasyonundan 0,00 m; toparlanma 0,74 sn (tablo 0,26)"
9-5,"Yayılan Arınma","Top","dagilan_yagmur",1,1,1,1,1,1,1,1,1,1,"yerinde","yerinde",0.00,"oyuncu +48000 can",3.00,1.35,0.60,0.58,1.40,0.00,0.00,"","vuruş 1: 1,13s@boss3,00m/oyuncu0,00m; kalıp sonu: merkeze 3,00 m, başlangıçtan 0,00 m, kalıp simülasyonundan 0,00 m, kalıp hedefi AllyDummy; toparlanma 0,74 sn (tablo 0,26)"
9-6,"Bağlayıcı Arınma","Top","iki_uclu",1,1,1,1,1,1,1,1,1,1,"yerinde","yerinde",0.00,"oyuncu +48000 can",3.00,1.35,0.67,0.65,1.47,0.00,0.00,"","vuruş 1: 0,94s@boss6,36m/oyuncu3,88m; kalıp sonu: merkeze 3,00 m, başlangıçtan 0,00 m, kalıp simülasyonundan 0,00 m, kalıp hedefi AllyDummy; toparlanma 0,74 sn (tablo 0,26)"
4-10,"Aynalı Kalkan","Top","sirtta_kapi",1,1,1,1,1,1,1,1,1,1,"ön","ön",24000.00,"",1.80,1.35,0.33,0.32,1.13,0.00,0.00,"0/3 kare koşu","vuruş 2: 0,87s@boss0,93m/oyuncu1,19m 1,00s@boss0,55m/oyuncu2,35m; kalıp sonu: merkeze 1,80 m, başlangıçtan 1,20 m, kalıp simülasyonundan 0,00 m; toparlanma 0,74 sn (tablo 0,26)"
4-11,"Kopya Kalkan","Top","yem_kopya",1,1,1,1,1,1,1,1,1,1,"yerinde","yerinde",0.00,"",3.00,1.35,0.27,0.24,1.07,0.00,0.00,"","hasarsız skill (base_damage 0): etki hareketin kendisi; vuruş 1: 0,86s@boss2,98m/oyuncu1,29m; kalıp sonu: merkeze 3,00 m, başlangıçtan 0,00 m, kalıp simülasyonundan 0,00 m; toparlanma 0,74 sn (tablo 0,26)"
4-12,"Akan Kalkan","Top","basili_siper",1,1,1,1,1,1,1,1,1,1,"geri","geri",0.00,"",3.00,1.35,3.00,3.00,3.80,0.00,0.00,"","hasarsız skill (base_damage 0): etki hareketin kendisi; vuruş 3: 1,53s@boss5,17m/oyuncu2,38m 2,53s@boss5,41m/oyuncu2,38m 3,53s@boss5,66m/oyuncu2,38m; kalıp sonu: merkeze 3,61 m, başlangıçtan 0,80 m, kalıp simülasyonundan 0,00 m, kalıp hedefi AllyDummy; toparlanma 0,74 sn (tablo 0,26)"
5-10,"Aynalı Patlama","Top","karsi_darbe",1,1,1,1,1,1,1,1,1,1,"ön","ön",318056.00,"boss:Burn",2.20,1.35,0.47,0.48,1.13,0.00,0.00,"1/1 kare koşu, ayak/gövde hız oranı 1,01","vuruş 1: 1,13s@boss0,35m/oyuncu1,86m; kalıp sonu: merkeze 2,20 m, başlangıçtan 0,80 m, kalıp simülasyonundan 0,00 m; toparlanma 0,64 sn (tablo 0,26)"
5-11,"Kopya Patlama","Top","golge_yankisi",1,1,1,1,1,1,1,1,1,1,"başlangıç","başlangıç",303816.00,"boss:Burn",2.18,1.35,0.66,0.62,1.33,0.00,0.00,"2/5 kare koşu, ayak/gövde hız oranı 0,95","vuruş 2: 0,73s@boss1,18m/oyuncu1,15m 1,07s@boss2,02m/oyuncu1,39m; kalıp sonu: merkeze 2,69 m, başlangıçtan 0,40 m, kalıp simülasyonundan 0,00 m; toparlanma 0,64 sn (tablo 0,26)"
5-12,"Akan Patlama","Top","patlayan_iz",1,1,1,1,1,1,1,1,1,1,"ön","ön",227480.00,"boss:Burn",3.02,1.35,3.13,3.12,3.80,0.00,0.00,"2/2 kare koşu, ayak/gövde hız oranı 0,95","vuruş 6: 1,07s@boss2,25m/oyuncu1,53m 1,60s@boss2,45m/oyuncu1,53m 2,07s@boss3,04m/oyuncu1,53m 2,60s@boss3,53m/oyuncu1,53m 3,07s@boss3,80m/oyuncu1,53m 3,60s@boss3,55m/oyuncu1,53m; kalıp sonu: merkeze 5,59 m, başlangıçtan 1,70 m, kalıp simülasyonundan 0,70 m, boss 4,29 m kaydı; toparlanma 0,64 sn (tablo 0,26)"
6-10,"Aynalı Bağ","Top","karsi_darbe",1,1,1,1,1,1,1,1,1,1,"ön","ön",90376.00,"boss:Burn+Root, boss hız x0,00",1.98,1.35,0.53,0.48,1.20,0.00,0.00,"1/3 kare koşu, ayak/gövde hız oranı 0,90","vuruş 1: 0,93s@boss0,69m/oyuncu1,36m; kalıp sonu: merkeze 2,31 m, başlangıçtan 0,80 m, kalıp simülasyonundan 0,00 m, boss 0,11 m kaydı; toparlanma 0,64 sn (tablo 0,26)"
6-11,"Kopya Bağ","Top","onden_arkadan",1,1,1,1,1,1,1,1,1,1,"başlangıç","başlangıç",113072.00,"boss:Burn+Root, boss hız x0,00",2.20,1.35,0.47,0.46,1.13,0.00,0.00,"2/5 kare koşu, ayak/gövde hız oranı 1,00","vuruş 2: 0,73s@boss1,24m/oyuncu1,11m 0,86s@boss0,60m/oyuncu2,80m; kalıp sonu: merkeze 2,71 m, başlangıçtan 0,40 m, kalıp simülasyonundan 0,00 m, boss 0,11 m kaydı; toparlanma 0,64 sn (tablo 0,26)"
6-12,"Akan Bağ","Top","cember_sarma",1,1,1,1,1,1,1,1,1,1,"arka","arka",93672.00,"boss:Burn+Root, boss hız x0,00",1.50,1.35,1.07,1.02,1.73,0.00,0.00,"2/13 kare koşu, ayak/gövde hız oranı 0,95","vuruş 1: 1,47s@boss0,00m/oyuncu2,06m; kalıp sonu: merkeze 2,56 m, başlangıçtan 5,13 m, kalıp simülasyonundan 0,11 m, boss 0,11 m kaydı; toparlanma 0,64 sn (tablo 0,26)"
10-4,"Sabit Yansı","Top","duvar_dikme",1,1,1,1,1,1,1,1,1,1,"yerinde","yerinde",2808.00,"boss:Burn",3.00,1.35,0.40,0.32,1.20,0.00,0.00,"","vuruş 1: 1,00s@boss0,62m/oyuncu2,38m; kalıp sonu: merkeze 3,00 m, başlangıçtan 0,00 m, kalıp simülasyonundan 0,00 m; toparlanma 0,74 sn (tablo 0,26)"
10-5,"Yayılan Yansı","Top","yuruyen_balon",1,1,1,1,1,1,1,1,1,1,"ön","ön",24016.00,"boss:Burn",1.80,1.35,4.25,4.20,5.05,0.00,0.00,"","vuruş 5: 0,87s@boss3,00m/oyuncu0,00m 2,00s@boss2,68m/oyuncu0,00m 3,00s@boss2,38m/oyuncu0,00m 4,00s@boss2,08m/oyuncu0,00m 5,00s@boss1,80m/oyuncu0,00m; kalıp sonu: merkeze 1,80 m, başlangıçtan 1,20 m, kalıp simülasyonundan 0,00 m; toparlanma 0,74 sn (tablo 0,26)"
10-6,"Bağlayıcı Yansı","Top","silaha_kement",1,1,1,1,1,1,1,1,1,1,"yerinde","yerinde",6800.00,"boss:Root+Slow+Burn, boss hız x0,00",3.00,1.35,1.00,0.94,1.80,0.00,0.00,"","vuruş 1: 0,93s@boss0,40m/oyuncu3,40m; kalıp sonu: merkeze 3,00 m, başlangıçtan 0,00 m, kalıp simülasyonundan 0,00 m; toparlanma 0,74 sn (tablo 0,26)"
11-4,"Sabit Çağrı","Top","taret_dikme",1,1,1,1,1,1,1,1,1,1,"yerinde","yerinde",2392.00,"boss:Burn",3.00,1.35,0.47,0.42,1.27,0.00,0.00,"","vuruş 2: 0,87s@boss3,00m/oyuncu0,00m 1,13s@boss0,28m/oyuncu3,28m; kalıp sonu: merkeze 3,00 m, başlangıçtan 0,00 m, kalıp simülasyonundan 0,00 m; toparlanma 0,74 sn (tablo 0,26)"
11-5,"Yayılan Çağrı","Top","dagilan_suru",1,1,1,1,1,1,1,1,1,1,"yerinde","yerinde",4112.00,"boss:Burn",3.00,1.35,0.47,0.42,1.27,0.00,0.00,"","vuruş 3: 0,85s@boss0,35m/oyuncu3,02m 1,00s@boss0,00m/oyuncu3,00m 1,13s@boss0,35m/oyuncu3,02m; kalıp sonu: merkeze 3,00 m, başlangıçtan 0,00 m, kalıp simülasyonundan 0,00 m; toparlanma 0,74 sn (tablo 0,26)"
11-6,"Bağlayıcı Çağrı","Top","muhafiz",1,1,1,1,1,1,1,1,1,1,"yerinde","yerinde",4008.00,"boss:Burn+Root+Slow, boss hız x0,00",3.00,1.35,0.53,0.52,1.33,0.00,0.00,"","vuruş 1: 0,93s@boss2,89m/oyuncu1,20m; kalıp sonu: merkeze 3,00 m, başlangıçtan 0,00 m, kalıp simülasyonundan 0,00 m; toparlanma 0,74 sn (tablo 0,26)"
12-4,"Sabit Zaman","Top","totem_dikme",1,1,1,1,1,1,1,1,1,1,"yerinde","yerinde",2360.00,"boss:Burn+Slow+Stun, boss hız x0,00",2.85,1.35,0.33,0.30,1.03,0.00,0.00,"","vuruş 1: 0,89s@boss2,87m/oyuncu0,00m; kalıp sonu: merkeze 2,85 m, başlangıçtan 0,15 m, kalıp simülasyonundan 0,00 m; toparlanma 0,64 sn (tablo 0,26)"
12-5,"Yayılan Zaman","Top","genisleyen_halka",1,1,1,1,1,1,1,1,1,1,"yerinde","yerinde",2824.00,"boss:Burn+Slow, boss hız x0,70",3.00,1.35,0.60,0.58,1.24,0.00,0.00,"","vuruş 1: 1,04s@boss3,00m/oyuncu0,00m; kalıp sonu: merkeze 3,00 m, başlangıçtan 0,00 m, kalıp simülasyonundan 0,00 m; toparlanma 0,64 sn (tablo 0,26)"
12-6,"Bağlayıcı Zaman","Top","iki_uclu",1,1,1,1,1,1,1,1,1,1,"yerinde","yerinde",4800.00,"boss:Burn, oyuncu:Haste, oyuncu hız x1,30",3.00,1.35,0.68,0.65,1.34,0.00,0.00,"","vuruş 1: 0,80s@boss0,28m/oyuncu3,28m; kalıp sonu: merkeze 3,00 m, başlangıçtan 0,00 m, kalıp simülasyonundan 0,00 m; toparlanma 0,64 sn (tablo 0,26)"
7-7,"Bulandırıcı Zafiyet","Top","sis_bombasi",1,1,1,1,1,1,1,1,1,1,"geri","geri",55736.00,"boss:Blind+Burn",3.00,1.35,0.40,0.34,1.07,0.00,0.00,"2/2 kare koşu, ayak/gövde hız oranı 0,95","vuruş 1: 0,81s@boss0,35m/oyuncu3,35m; kalıp sonu: merkeze 3,50 m, başlangıçtan 0,50 m, kalıp simülasyonundan 0,00 m; toparlanma 0,64 sn (tablo 0,26)"
7-8,"Yükselen Zafiyet","Top","yerden_fiskirma",1,1,1,1,1,1,1,1,1,1,"yerinde","yerinde",63160.00,"boss:Burn+Stun, boss hız x0,00",2.62,1.35,0.65,0.56,1.29,0.00,0.00,"2/2 kare koşu, ayak/gövde hız oranı 0,95","vuruş 1: 0,96s@boss0,00m/oyuncu2,72m; kalıp sonu: merkeze 3,10 m, başlangıçtan 0,10 m, kalıp simülasyonundan 0,00 m; toparlanma 0,64 sn (tablo 0,26)"
7-9,"Odaklı Zafiyet","Top","isaret_patlamasi",1,1,1,1,1,1,1,1,1,1,"geri","geri",95192.00,"boss:Burn",3.02,1.35,2.06,2.04,2.73,0.00,0.00,"2/2 kare koşu, ayak/gövde hız oranı 0,95","vuruş 1: 2,46s@boss0,00m/oyuncu3,11m; kalıp sonu: merkeze 3,61 m, başlangıçtan 0,50 m, kalıp simülasyonundan 0,00 m, boss 0,11 m kaydı; toparlanma 0,64 sn (tablo 0,26)"
7-10,"Aynalı Zafiyet","Top","onden_arkadan",1,1,1,1,1,1,1,1,1,1,"başlangıç","başlangıç",92272.00,"boss:Burn",2.20,1.35,0.47,0.46,1.13,0.00,0.00,"2/5 kare koşu, ayak/gövde hız oranı 1,00","vuruş 2: 0,73s@boss1,24m/oyuncu1,11m 0,87s@boss0,60m/oyuncu2,81m; kalıp sonu: merkeze 2,71 m, başlangıçtan 0,40 m, kalıp simülasyonundan 0,00 m, boss 0,11 m kaydı; toparlanma 0,64 sn (tablo 0,26)"
7-11,"Kopya Zafiyet","Top","golge_yankisi",1,1,1,1,1,1,1,1,1,1,"başlangıç","başlangıç",100904.00,"boss:Burn",2.20,1.35,0.67,0.62,1.34,0.00,0.00,"2/4 kare koşu, ayak/gövde hız oranı 0,95","vuruş 2: 0,73s@boss1,22m/oyuncu1,15m 1,07s@boss2,04m/oyuncu1,39m; kalıp sonu: merkeze 2,71 m, başlangıçtan 0,40 m, kalıp simülasyonundan 0,00 m, boss 0,11 m kaydı; toparlanma 0,64 sn (tablo 0,26)"
7-12,"Akan Zafiyet","Top","basili_isik",1,1,1,1,1,1,1,1,1,1,"ön","ön",79824.00,"boss:Burn",1.94,1.35,3.13,3.12,3.80,0.00,0.00,"2/2 kare koşu, ayak/gövde hız oranı 0,95","vuruş 6: 0,87s@boss0,28m/oyuncu2,72m 1,40s@boss0,07m/oyuncu2,72m 1,87s@boss0,11m/oyuncu2,72m 2,37s@boss0,31m/oyuncu2,72m 2,87s@boss0,51m/oyuncu2,72m 3,36s@boss0,71m/oyuncu2,72m; kalıp sonu: merkeze 2,42 m, başlangıçtan 0,70 m, kalıp simülasyonundan 0,00 m, boss 0,12 m kaydı; toparlanma 0,64 sn (tablo 0,26)"
8-7,"Bulandırıcı Yükseliş","Top","goz_bagi",1,1,1,1,1,1,1,1,1,1,"yerinde","yerinde",0.00,"",3.02,1.35,0.26,0.20,1.05,0.00,0.00,"","hasarsız skill (base_damage 0): etki hareketin kendisi; vuruş 1: 0,91s@boss0,28m/oyuncu3,37m; kalıp sonu: merkeze 3,10 m, başlangıçtan 0,00 m, kalıp simülasyonundan 0,00 m, boss 0,10 m kaydı; toparlanma 0,74 sn (tablo 0,26)"
8-8,"Yükselen Yükseliş","Top","buyuten_kemer",1,1,1,1,1,1,1,1,1,1,"yerinde","yerinde",0.00,"",3.00,1.35,0.47,0.42,1.27,0.00,0.00,"","hasarsız skill (base_damage 0): etki hareketin kendisi; vuruş 1: 1,07s@boss5,04m/oyuncu2,21m; kalıp sonu: merkeze 3,22 m, başlangıçtan 0,30 m, kalıp simülasyonundan 0,00 m, kalıp hedefi AllyDummy; toparlanma 0,74 sn (tablo 0,26)"
8-9,"Odaklı Yükseliş","Top","gudumlu_top",1,1,1,1,1,1,1,1,1,1,"yerinde","yerinde",0.00,"",3.00,1.35,0.60,0.56,1.40,0.00,0.00,"","hasarsız skill (base_damage 0): etki hareketin kendisi; vuruş 1: 1,27s@boss6,98m/oyuncu4,53m; kalıp sonu: merkeze 3,00 m, başlangıçtan 0,00 m, kalıp simülasyonundan 0,00 m, kalıp hedefi AllyDummy; toparlanma 0,74 sn (tablo 0,26)"
8-10,"Aynalı Yükseliş","Top","ters_es",1,1,1,1,1,1,1,1,1,1,"yerinde","yerinde",0.00,"",3.00,1.35,0.47,0.44,1.27,0.00,0.00,"","hasarsız skill (base_damage 0): etki hareketin kendisi; vuruş 2: 0,93s@boss2,60m/oyuncu0,40m 1,13s@boss0,00m/oyuncu3,00m; kalıp sonu: merkeze 3,00 m, başlangıçtan 0,00 m, kalıp simülasyonundan 0,00 m; toparlanma 0,74 sn (tablo 0,26)"
8-11,"Kopya Yükseliş","Top","golge_ulak",1,1,1,1,1,1,0,1,1,0,"yan","yan",0.00,"",2.43,1.35,1.70,1.36,2.50,0.00,0.00,"0/2 kare koşu","hasarsız skill (base_damage 0): etki hareketin kendisi; vuruş 2: 0,87s@boss3,26m/oyuncu0,35m 2,07s@boss3,04m/oyuncu1,46m; kalıp sonu: merkeze 2,43 m, başlangıçtan 1,41 m, kalıp simülasyonundan 0,00 m, kalıp hedefi AllyDummy; toparlanma 0,74 sn (tablo 0,26); kalıp 1,70 sn (beklenen 1,36)"
8-12,"Akan Yükseliş","Top","akinti_yolu",1,1,1,1,1,1,1,1,1,1,"geri","geri",0.00,"",3.00,1.35,1.00,0.94,1.80,0.00,0.00,"0/10 kare koşu","hasarsız skill (base_damage 0): etki hareketin kendisi; vuruş 1: 1,60s@boss6,27m/oyuncu2,38m; kalıp sonu: merkeze 4,11 m, başlangıçtan 1,40 m, kalıp simülasyonundan 0,00 m, kalıp hedefi AllyDummy; toparlanma 0,74 sn (tablo 0,26)"
9-7,"Bulandırıcı Arınma","Top","sis_ortusu",1,1,1,1,1,1,1,1,1,1,"yerinde","yerinde",0.00,"oyuncu +48000 can",3.00,1.35,0.33,0.30,1.13,0.00,0.00,"","vuruş 1: 0,93s@boss0,00m/oyuncu3,00m; kalıp sonu: merkeze 3,00 m, başlangıçtan 0,00 m, kalıp simülasyonundan 0,00 m; toparlanma 0,74 sn (tablo 0,26)"
9-8,"Yükselen Arınma","Top","isik_sutunu",1,1,1,1,1,1,1,1,1,1,"yerinde","yerinde",0.00,"oyuncu +48000 can",3.00,1.35,0.53,0.48,1.34,0.00,0.00,"","vuruş 1: 1,14s@boss3,06m/oyuncu0,00m; kalıp sonu: merkeze 3,07 m, başlangıçtan 0,10 m, kalıp simülasyonundan 0,00 m, kalıp hedefi AllyDummy; toparlanma 0,74 sn (tablo 0,26)"
9-9,"Odaklı Arınma","Top","mermi_sondur",1,1,1,1,1,1,1,1,1,1,"yerinde","yerinde",0.00,"oyuncu +48000 can",3.00,1.35,0.40,0.38,1.20,0.00,0.00,"","vuruş 1: 1,07s@boss6,98m/oyuncu4,53m; kalıp sonu: merkeze 3,00 m, başlangıçtan 0,00 m, kalıp simülasyonundan 0,00 m, kalıp hedefi AllyDummy; toparlanma 0,74 sn (tablo 0,26)"
9-10,"Aynalı Arınma","Top","yer_degistir",1,1,1,1,1,1,1,1,1,1,"arka","arka",0.00,"oyuncu +48000 can",1.50,1.35,0.40,0.34,1.20,0.00,0.00,"0/1 kare koşu","vuruş 1: 1,07s@boss0,31m/oyuncu1,19m; kalıp sonu: merkeze 1,50 m, başlangıçtan 4,50 m, kalıp simülasyonundan 0,00 m, ışın 8,34 m konumdan çıkarıldı; tek karede 8,34 m sıçrama (sınır 2,47 m @ 67 ms, t=1,20, ışın tasarım gereği); toparlanma 0,74 sn (tablo 0,26)"
9-11,"Kopya Arınma","Top","yem_kopya",1,1,1,1,1,1,1,1,1,1,"yerinde","yerinde",0.00,"oyuncu +48000 can",3.00,1.35,0.27,0.24,1.07,0.00,0.00,"","vuruş 1: 0,87s@boss2,98m/oyuncu1,29m; kalıp sonu: merkeze 3,00 m, başlangıçtan 0,00 m, kalıp simülasyonundan 0,00 m; toparlanma 0,74 sn (tablo 0,26)"
9-12,"Akan Arınma","Top","nabiz",1,1,1,1,1,1,1,1,1,1,"yerinde","yerinde",0.00,"oyuncu +32000 can, dost +16000 can",3.00,1.35,3.20,3.18,4.00,0.00,0.00,"","vuruş 3: 1,93s@boss3,00m/oyuncu0,00m 2,93s@boss3,00m/oyuncu0,00m 3,93s@boss3,00m/oyuncu0,00m; kalıp sonu: merkeze 3,00 m, başlangıçtan 0,00 m, kalıp simülasyonundan 0,00 m; toparlanma 0,74 sn (tablo 0,26)"
10-7,"Bulandırıcı Yansı","Top","sahte_goruntu",1,1,1,1,1,1,1,1,1,1,"geri","geri",4120.00,"boss:Blind+Burn",3.00,1.35,0.47,0.44,1.27,0.00,0.00,"0/3 kare koşu","vuruş 3: 0,85s@boss3,06m/oyuncu1,37m 1,00s@boss3,06m/oyuncu1,37m 1,13s@boss3,68m/oyuncu0,00m; kalıp sonu: merkeze 3,90 m, başlangıçtan 0,90 m, kalıp simülasyonundan 0,00 m; toparlanma 0,74 sn (tablo 0,26)"
10-8,"Yükselen Yansı","Top","yerden_buyuyen",1,1,1,1,1,1,1,1,1,1,"yerinde","yerinde",2832.00,"boss:Burn",2.75,1.35,0.47,0.42,1.27,0.00,0.00,"","vuruş 1: 1,07s@boss0,00m/oyuncu2,80m; kalıp sonu: merkeze 2,75 m, başlangıçtan 0,25 m, kalıp simülasyonundan 0,00 m; toparlanma 0,74 sn (tablo 0,26)"
10-9,"Odaklı Yansı","Top","koruyucu_isaret",1,1,1,1,1,1,1,1,1,1,"ön","ön",2384.00,"boss:Burn",2.20,1.35,0.27,0.20,1.07,0.00,0.00,"0/3 kare koşu","vuruş 1: 0,93s@boss1,85m/oyuncu0,35m; kalıp sonu: merkeze 2,20 m, başlangıçtan 0,80 m, kalıp simülasyonundan 0,00 m; toparlanma 0,74 sn (tablo 0,26)"
11-7,"Bulandırıcı Çağrı","Top","sirt_saplama",1,1,1,1,1,1,1,1,1,1,"yerinde","yerinde",2408.00,"boss:Blind+Burn",3.00,1.35,0.34,0.32,1.14,0.00,0.00,"","vuruş 1: 1,00s@boss0,00m/oyuncu3,00m; kalıp sonu: merkeze 3,00 m, başlangıçtan 0,00 m, kalıp simülasyonundan 0,00 m; toparlanma 0,74 sn (tablo 0,26)"
11-8,"Yükselen Çağrı","Top","dostu_yerden",1,1,1,1,1,1,1,1,1,1,"yan","yan",2800.00,"boss:Burn",2.96,1.35,0.80,0.78,1.60,0.00,0.00,"0/8 kare koşu","vuruş 1: 1,40s@boss2,82m/oyuncu0,95m; kalıp sonu: merkeze 2,99 m, başlangıçtan 0,91 m, kalıp simülasyonundan 0,00 m; toparlanma 0,74 sn (tablo 0,26)"
11-9,"Odaklı Çağrı","Top","pesinden_av",1,1,1,1,1,1,1,1,1,1,"yerinde","yerinde",4008.00,"boss:Burn",2.85,1.35,2.50,2.44,3.30,0.00,0.00,"","vuruş 1: 3,16s@boss0,00m/oyuncu2,85m; kalıp sonu: merkeze 2,85 m, başlangıçtan 0,15 m, kalıp simülasyonundan 0,00 m; toparlanma 0,74 sn (tablo 0,26)"
12-7,"Bulandırıcı Zaman","Top","kum_saati",1,1,1,1,1,1,1,1,1,1,"yerinde","yerinde",4816.00,"boss:Blind+Burn+Slow, boss hız x0,70",3.00,1.35,0.67,0.62,1.33,0.00,0.00,"","vuruş 1: 0,79s@boss0,28m/oyuncu3,28m; kalıp sonu: merkeze 3,00 m, başlangıçtan 0,00 m, kalıp simülasyonundan 0,00 m; toparlanma 0,64 sn (tablo 0,26)"
12-8,"Yükselen Zaman","Top","isik_sutunu",1,1,1,1,1,1,1,1,1,1,"yerinde","yerinde",2784.00,"boss:Burn, oyuncu:Haste, oyuncu hız x1,50",2.90,1.35,0.53,0.48,1.20,0.00,0.00,"","vuruş 1: 1,00s@boss2,92m/oyuncu0,00m; kalıp sonu: merkeze 2,90 m, başlangıçtan 0,10 m, kalıp simülasyonundan 0,00 m; toparlanma 0,64 sn (tablo 0,26)"
12-9,"Odaklı Zaman","Top","isaret_patlamasi",1,1,1,1,1,1,1,1,1,1,"yerinde","yerinde",2808.00,"boss:Burn+Slow, boss hız x0,70",3.00,1.35,2.00,1.92,2.67,0.00,0.00,"","vuruş 1: 2,47s@boss0,00m/oyuncu3,00m; kalıp sonu: merkeze 3,00 m, başlangıçtan 0,00 m, kalıp simülasyonundan 0,00 m; toparlanma 0,64 sn (tablo 0,26)"
1-1,"Yoğun Vuruş","Asa","yukle_birak",1,1,1,1,1,1,1,1,1,1,"ön","ön",153760.00,"boss:Burn",1.50,1.35,0.54,0.52,1.07,0.00,0.00,"0/3 kare koşu","vuruş 1: 0,93s@boss0,39m/oyuncu1,53m; kalıp sonu: merkeze 1,50 m, başlangıçtan 1,50 m, kalıp simülasyonundan 0,00 m; toparlanma 0,53 sn (tablo 0,26)"
1-2,"Emici Vuruş","Asa","kan_ceken_pence",1,1,1,1,1,1,1,1,1,1,"yerinde","yerinde",131544.00,"boss:Burn, oyuncu +38279 can",1.35,1.35,0.43,0.38,0.97,0.00,0.00,"","vuruş 3: 0,59s@boss1,77m/oyuncu1,02m 0,73s@boss1,17m/oyuncu1,02m 0,91s@boss0,43m/oyuncu1,02m; kalıp sonu: merkeze 1,35 m, başlangıçtan 0,00 m, kalıp simülasyonundan 0,00 m, boss 1,65 m kaydı; toparlanma 0,53 sn (tablo 0,26)"
1-3,"Sıçrayan Vuruş","Asa","yan_yan_sekme",1,1,1,1,1,1,1,1,1,1,"geri","geri",147968.00,"boss:Burn",2.85,1.35,0.46,0.46,0.99,0.00,0.00,"0/7 kare koşu","vuruş 2: 0,66s@boss0,74m/oyuncu3,55m 0,93s@boss0,74m/oyuncu4,37m; kalıp sonu: merkeze 3,70 m, başlangıçtan 1,30 m, kalıp simülasyonundan 0,00 m; toparlanma 0,53 sn (tablo 0,26)"
1-4,"Sabit Vuruş","Asa","yere_cakilan",1,1,1,1,1,1,1,1,1,1,"yerinde","yerinde",123008.00,"boss:Burn",2.80,1.35,0.47,0.42,1.03,0.00,0.00,"","vuruş 1: 0,90s@boss2,81m/oyuncu0,00m; kalıp sonu: merkeze 2,80 m, başlangıçtan 0,20 m, kalıp simülasyonundan 0,00 m; toparlanma 0,53 sn (tablo 0,26)"
1-5,"Yayılan Vuruş","Asa","donen_kesik",1,1,1,1,1,1,1,1,1,1,"yerinde","yerinde",99968.00,"boss:Burn",3.00,1.35,0.60,0.55,1.13,0.00,0.00,"","vuruş 1: 0,73s@boss3,00m/oyuncu0,00m; kalıp sonu: merkeze 3,00 m, başlangıçtan 0,00 m, kalıp simülasyonundan 0,00 m; toparlanma 0,53 sn (tablo 0,26)"
1-6,"Bağlayıcı Vuruş","Asa","zincirli_firlatma",1,1,1,1,1,1,1,1,1,1,"ön","ön",123352.00,"boss:Root+Slow+Burn, boss hız x0,00",1.50,1.35,0.74,0.70,1.27,0.00,0.00,"2/4 kare koşu, ayak/gövde hız oranı 1,00","vuruş 2: 0,67s@boss0,45m/oyuncu3,45m 1,14s@boss0,40m/oyuncu1,28m; kalıp sonu: merkeze 1,50 m, başlangıçtan 1,50 m, kalıp simülasyonundan 0,00 m; toparlanma 0,53 sn (tablo 0,26)"
2-1,"Yoğun Şifa","Asa","tek_dokunus",1,1,1,1,1,1,1,1,1,1,"geri","geri",0.00,"oyuncu +128000 can",3.00,1.35,0.20,0.16,0.67,0.00,0.00,"0/3 kare koşu","vuruş 1: 0,52s@boss3,83m/oyuncu0,68m; kalıp sonu: merkeze 3,41 m, başlangıçtan 0,55 m, kalıp simülasyonundan 0,00 m, kalıp hedefi AllyDummy; toparlanma 0,46 sn (tablo 0,26)"
2-2,"Emici Şifa","Asa","uzaktan_emme",1,1,1,1,1,1,1,1,1,1,"yerinde","yerinde",66496.00,"oyuncu +96000 can, dost +32000 can",2.65,1.35,2.20,2.16,2.66,0.00,0.00,"","vuruş 4: 1,07s@boss0,19m/oyuncu2,72m 1,60s@boss0,10m/oyuncu2,72m 2,07s@boss0,02m/oyuncu2,72m 2,60s@boss0,07m/oyuncu2,72m; kalıp sonu: merkeze 2,65 m, başlangıçtan 0,35 m, kalıp simülasyonundan 0,00 m; toparlanma 0,46 sn (tablo 0,26)"
2-3,"Sıçrayan Şifa","Asa","dosttan_dosta",1,1,1,1,1,1,1,1,1,1,"yerinde","yerinde",0.00,"oyuncu +84000 can, dost +40000 can",3.00,1.35,0.61,0.54,1.07,0.00,0.00,"","vuruş 3: 0,60s@boss6,43m/oyuncu3,95m 0,67s@boss6,98m/oyuncu4,53m 0,87s@boss6,88m/oyuncu4,54m; kalıp sonu: merkeze 3,00 m, başlangıçtan 0,00 m, kalıp simülasyonundan 0,00 m, kalıp hedefi AllyDummy; toparlanma 0,46 sn (tablo 0,26)"
2-4,"Sabit Şifa","Asa","totem_dikme",1,1,1,1,1,1,1,1,1,1,"yerinde","yerinde",0.00,"oyuncu +128000 can",3.00,1.35,0.33,0.30,0.80,0.00,0.00,"","vuruş 1: 0,67s@boss3,09m/oyuncu0,00m; kalıp sonu: merkeze 3,11 m, başlangıçtan 0,15 m, kalıp simülasyonundan 0,00 m, kalıp hedefi AllyDummy; toparlanma 0,46 sn (tablo 0,26)"
2-5,"Yayılan Şifa","Asa","genisleyen_halka",1,1,1,1,1,1,1,1,1,1,"yerinde","yerinde",0.00,"oyuncu +128000 can",3.00,1.35,0.60,0.58,1.07,0.00,0.00,"","vuruş 1: 0,87s@boss3,00m/oyuncu0,00m; kalıp sonu: merkeze 3,00 m, başlangıçtan 0,00 m, kalıp simülasyonundan 0,00 m; toparlanma 0,46 sn (tablo 0,26)"
2-6,"Bağlayıcı Şifa","Asa","dostu_kanca",1,1,1,1,1,1,1,1,1,1,"geri","geri",0.00,"oyuncu +128000 can",3.00,1.35,0.53,0.52,1.00,0.00,0.00,"1/6 kare koşu, ayak/gövde hız oranı 1,01","vuruş 1: 0,87s@boss5,80m/oyuncu0,40m; kalıp sonu: merkeze 5,92 m, başlangıçtan 3,40 m, kalıp simülasyonundan 0,00 m, kalıp hedefi AllyDummy; toparlanma 0,46 sn (tablo 0,26)"
3-1,"Yoğun Adım","Asa","isinlan_kes",1,1,1,1,1,1,1,1,1,1,"arka","arka",2784.00,"boss:Burn",1.50,1.35,0.53,0.48,1.06,0.00,0.00,"0/1 kare koşu","vuruş 1: 0,93s@boss0,00m/oyuncu1,50m; kalıp sonu: merkeze 1,50 m, başlangıçtan 4,50 m, kalıp simülasyonundan 0,00 m; tek karede 4,50 m sıçrama (sınır 2,48 m @ 67 ms, t=0,87, faz isin, blink tasarım gereği); toparlanma 0,53 sn (tablo 0,26)"
3-2,"Emici Adım","Asa","icinden_emme",1,1,1,1,1,1,1,1,1,1,"arka","arka",2912.00,"boss:Burn",1.35,1.35,0.07,0.28,0.74,0.00,0.00,"0/1 kare koşu","vuruş 1: 0,66s@boss1,29m/oyuncu1,36m; kalıp sonu: merkeze 2,35 m, başlangıçtan 5,65 m, kalıp simülasyonundan 0,00 m, boss 0,30 m kaydı; toparlanma 0,53 sn (tablo 0,26)"
3-3,"Sıçrayan Adım","Asa","sekmeli_ziplama",1,1,1,1,1,1,1,1,1,1,"arka","arka",4816.00,"boss:Burn",1.50,1.35,0.67,0.60,1.20,0.00,0.00,"0/9 kare koşu","vuruş 3: 0,66s@boss1,80m/oyuncu0,00m 0,87s@boss1,50m/oyuncu0,00m 1,06s@boss1,50m/oyuncu0,00m; kalıp sonu: merkeze 1,50 m, başlangıçtan 4,50 m, kalıp simülasyonundan 0,00 m; toparlanma 0,53 sn (tablo 0,26)"
3-4,"Sabit Adım","Asa","geri_sarma",1,1,1,1,1,1,1,1,1,1,"başlangıç","başlangıç",0.00,"",1.50,1.35,2.66,2.66,3.20,0.00,0.00,"2/9 kare koşu, ayak/gövde hız oranı 0,93","hasarsız skill (base_damage 0): etki hareketin kendisi; kalıp sonu: merkeze 3,00 m, başlangıçtan 0,00 m, kalıp simülasyonundan 0,00 m; toparlanma 0,53 sn (tablo 0,26)"
3-5,"Yayılan Adım","Asa","dalis_patlamasi",1,1,1,1,1,1,1,1,1,1,"ön","ön",2784.00,"boss:Burn",1.50,1.35,0.47,0.42,1.06,0.00,0.00,"0/4 kare koşu","vuruş 1: 0,86s@boss1,50m/oyuncu0,00m; kalıp sonu: merkeze 1,50 m, başlangıçtan 1,50 m, kalıp simülasyonundan 0,00 m; toparlanma 0,53 sn (tablo 0,26)"
3-6,"Bağlayıcı Adım","Asa","kanca_cekis",1,1,1,1,1,1,1,1,1,1,"arka","arka",3160.00,"boss:Root+Slow+Burn, boss hız x0,00",1.50,1.35,0.80,0.74,1.33,0.00,0.00,"1/10 kare koşu, ayak/gövde hız oranı 1,02","vuruş 1: 1,14s@boss0,00m/oyuncu1,50m; kalıp sonu: merkeze 1,50 m, başlangıçtan 4,50 m, kalıp simülasyonundan 0,00 m; toparlanma 0,53 sn (tablo 0,26)"
4-1,"Yoğun Kalkan","Asa","tam_zamanli",1,1,1,1,1,1,1,1,1,1,"yerinde","yerinde",0.00,"",3.00,1.35,0.53,0.50,1.07,0.00,0.00,"","hasarsız skill (base_damage 0): etki hareketin kendisi; vuruş 1: 0,87s@boss0,62m/oyuncu2,38m; kalıp sonu: merkeze 3,00 m, başlangıçtan 0,00 m, kalıp simülasyonundan 0,00 m; toparlanma 0,53 sn (tablo 0,26)"
4-2,"Emici Kalkan","Asa","kalkan_calma",1,1,1,1,1,1,1,1,1,1,"yerinde","yerinde",76000.00,"",1.35,1.35,0.27,0.20,0.80,0.00,0.00,"","vuruş 1: 0,60s@boss1,44m/oyuncu1,28m; kalıp sonu: merkeze 1,88 m, başlangıçtan 0,00 m, kalıp simülasyonundan 0,00 m, boss 1,12 m kaydı; toparlanma 0,53 sn (tablo 0,26)"
4-3,"Sıçrayan Kalkan","Asa","seken_disk",1,1,1,1,1,1,1,1,1,1,"yerinde","yerinde",0.00,"",3.00,1.35,0.47,0.42,1.00,0.00,0.00,"","hasarsız skill (base_damage 0): etki hareketin kendisi; vuruş 2: 0,67s@boss0,30m/oyuncu3,30m 0,80s@boss3,04m/oyuncu1,43m; kalıp sonu: merkeze 3,00 m, başlangıçtan 0,00 m, kalıp simülasyonundan 0,00 m; toparlanma 0,53 sn (tablo 0,26)"
5-1,"Yoğun Patlama","Asa","saplanan_fitil",1,1,1,1,1,1,1,1,1,1,"geri","geri",134736.00,"boss:Burn",2.38,1.35,1.60,1.62,2.07,0.00,0.00,"1/6 kare koşu, ayak/gövde hız oranı 1,04","vuruş 2: 0,53s@boss0,85m/oyuncu1,53m 2,07s@boss0,85m/oyuncu2,95m; kalıp sonu: merkeze 3,80 m, başlangıçtan 0,80 m, kalıp simülasyonundan 0,00 m; toparlanma 0,46 sn (tablo 0,26)"
5-2,"Emici Patlama","Asa","ceken_girdap",1,1,1,1,1,1,1,1,1,1,"yerinde","yerinde",101864.00,"boss:Burn, oyuncu +28633 can",1.35,1.35,1.34,1.32,1.80,0.00,0.00,"","vuruş 3: 1,13s@boss0,00m/oyuncu1,35m 1,60s@boss0,00m/oyuncu1,35m 1,67s@boss0,00m/oyuncu1,35m; kalıp sonu: merkeze 1,35 m, başlangıçtan 0,00 m, kalıp simülasyonundan 0,00 m, boss 1,65 m kaydı; toparlanma 0,46 sn (tablo 0,26)"
5-3,"Sıçrayan Patlama","Asa","seken_bomba",1,1,1,1,1,1,1,1,1,1,"yerinde","yerinde",107592.00,"boss:Burn",3.00,1.35,0.60,0.58,1.06,0.00,0.00,"","vuruş 3: 0,60s@boss0,40m/oyuncu3,40m 0,73s@boss0,00m/oyuncu3,00m 0,93s@boss0,35m/oyuncu3,02m; kalıp sonu: merkeze 3,00 m, başlangıçtan 0,00 m, kalıp simülasyonundan 0,00 m; toparlanma 0,46 sn (tablo 0,26)"
6-1,"Yoğun Bağ","Asa","sinir_noktasi",1,1,1,1,1,1,1,1,1,1,"ön","ön",33120.00,"boss:Burn+Stun, boss hız x0,00",1.50,1.35,0.41,0.34,0.94,0.00,0.00,"0/4 kare koşu","vuruş 1: 0,80s@boss0,91m/oyuncu0,59m; kalıp sonu: merkeze 1,50 m, başlangıçtan 1,50 m, kalıp simülasyonundan 0,00 m; toparlanma 0,53 sn (tablo 0,26)"
6-2,"Emici Bağ","Asa","bossu_cek",1,1,1,1,1,1,1,1,1,1,"geri","geri",36160.00,"boss:Burn+Root, boss hız x0,00, oyuncu +9891 can",1.35,1.35,0.46,0.44,1.00,0.00,0.00,"2/5 kare koşu, ayak/gövde hız oranı 1,01","vuruş 1: 0,80s@boss2,64m/oyuncu1,36m; kalıp sonu: merkeze 3,30 m, başlangıçtan 1,60 m, kalıp simülasyonundan 0,00 m, boss 1,30 m kaydı; toparlanma 0,53 sn (tablo 0,26)"
6-3,"Sıçrayan Bağ","Asa","basip_sekme",1,1,1,1,1,1,1,1,1,1,"başlangıç","başlangıç",27392.00,"boss:Burn+Root, boss hız x0,00",1.66,1.35,0.53,0.52,1.07,0.00,0.00,"0/8 kare koşu","vuruş 1: 0,80s@boss1,50m/oyuncu0,27m; kalıp sonu: merkeze 3,20 m, başlangıçtan 0,20 m, kalıp simülasyonundan 0,00 m; toparlanma 0,53 sn (tablo 0,26)"
1-7,"Bulandırıcı Vuruş","Asa","dumandan_cikis",1,1,1,1,1,1,1,1,1,1,"ön","ön",169576.00,"boss:Blind+Burn",1.50,1.35,0.53,0.48,1.06,0.00,0.00,"0/4 kare koşu","vuruş 1: 0,87s@boss0,74m/oyuncu1,36m; kalıp sonu: merkeze 1,50 m, başlangıçtan 1,50 m, kalıp simülasyonundan 0,00 m; toparlanma 0,53 sn (tablo 0,26)"
1-8,"Yükselen Vuruş","Asa","havaya_kaldirma",1,1,1,1,1,1,1,1,1,1,"ön","ön",129328.00,"boss:Burn+Stun, boss hız x0,00",1.90,1.35,0.40,0.34,0.93,0.00,0.00,"0/5 kare koşu","vuruş 1: 0,67s@boss1,07m/oyuncu1,28m; kalıp sonu: merkeze 1,90 m, başlangıçtan 1,10 m, kalıp simülasyonundan 0,00 m; toparlanma 0,53 sn (tablo 0,26)"
1-9,"Odaklı Vuruş","Asa","isarete_vur",1,1,1,1,1,1,1,1,1,1,"ön","ön",201416.00,"boss:Burn",1.65,1.35,0.40,0.38,0.93,0.00,0.00,"0/3 kare koşu","vuruş 1: 0,80s@boss0,70m/oyuncu1,28m; kalıp sonu: merkeze 1,65 m, başlangıçtan 1,35 m, kalıp simülasyonundan 0,00 m; toparlanma 0,53 sn (tablo 0,26)"
2-7,"Bulandırıcı Şifa","Asa","sis_ortusu",1,1,1,1,1,1,1,1,1,1,"yerinde","yerinde",0.00,"oyuncu +128000 can",3.00,1.35,0.34,0.30,0.81,0.00,0.00,"","vuruş 1: 0,61s@boss0,00m/oyuncu3,00m; kalıp sonu: merkeze 3,00 m, başlangıçtan 0,00 m, kalıp simülasyonundan 0,00 m; toparlanma 0,46 sn (tablo 0,26)"
2-8,"Yükselen Şifa","Asa","yerden_buyuyen",1,1,1,1,1,1,1,1,1,1,"yerinde","yerinde",0.00,"oyuncu +128000 can",3.00,1.35,0.47,0.42,0.93,0.00,0.00,"","vuruş 1: 0,73s@boss6,98m/oyuncu4,33m; kalıp sonu: merkeze 3,18 m, başlangıçtan 0,25 m, kalıp simülasyonundan 0,00 m, kalıp hedefi AllyDummy; toparlanma 0,46 sn (tablo 0,26)"
2-9,"Odaklı Şifa","Asa","koruyucu_isaret",1,0,1,1,1,1,1,1,1,0,"geri","geri",0.00,"",3.00,1.35,0.20,0.20,0.67,0.00,0.00,"0/3 kare koşu","hasar yok, etki görülmedi; vuruş 1: 0,60s@boss3,90m/oyuncu0,35m; kalıp sonu: merkeze 3,61 m, başlangıçtan 0,80 m, kalıp simülasyonundan 0,00 m, kalıp hedefi AllyDummy; toparlanma 0,46 sn (tablo 0,26)"
3-7,"Bulandırıcı Adım","Asa","duman_kaybolma",1,1,1,1,1,1,1,1,1,1,"ön","ön",4800.00,"boss:Blind+Burn, oyuncu:Stealth",1.50,1.35,0.60,0.59,1.13,0.00,0.00,"0/2 kare koşu","vuruş 1: 0,67s@boss1,50m/oyuncu0,00m; kalıp sonu: merkeze 1,50 m, başlangıçtan 1,50 m, kalıp simülasyonundan 0,00 m; toparlanma 0,53 sn (tablo 0,26)"
3-8,"Yükselen Adım","Asa","sicrayip_cakilma",1,1,1,1,1,1,1,1,1,1,"ön","ön",2816.00,"boss:Burn, oyuncu:Haste, oyuncu hız x1,10",1.50,1.35,0.87,0.82,1.40,0.00,0.00,"0/5 kare koşu","vuruş 1: 1,27s@boss1,50m/oyuncu0,00m; kalıp sonu: merkeze 1,50 m, başlangıçtan 1,50 m, kalıp simülasyonundan 0,00 m; toparlanma 0,53 sn (tablo 0,26)"
3-9,"Odaklı Adım","Asa","isinlan_kes",1,1,1,1,1,1,1,1,1,1,"arka","arka",2816.00,"boss:Burn",1.50,1.35,0.53,0.48,1.07,0.00,0.00,"0/1 kare koşu","vuruş 1: 0,93s@boss0,00m/oyuncu1,50m; kalıp sonu: merkeze 1,50 m, başlangıçtan 4,50 m, kalıp simülasyonundan 0,00 m; tek karede 4,50 m sıçrama (sınır 2,35 m @ 64 ms, t=0,87, faz isin, blink tasarım gereği); toparlanma 0,53 sn (tablo 0,26)"
7-1,"Yoğun Zafiyet","Asa","diken_firlatma",1,1,1,1,1,1,1,1,1,1,"yerinde","yerinde",22880.00,"boss:Burn",3.00,1.35,0.46,0.40,1.00,0.00,0.00,"","vuruş 1: 0,87s@boss0,30m/oyuncu3,30m; kalıp sonu: merkeze 3,00 m, başlangıçtan 0,00 m, kalıp simülasyonundan 0,00 m; toparlanma 0,53 sn (tablo 0,26)"
7-2,"Emici Zafiyet","Asa","sokup_cekme",1,1,1,1,1,1,1,1,1,1,"geri","geri",19352.00,"boss:Burn, oyuncu +4483 can",3.00,1.35,0.47,0.44,1.00,0.00,0.00,"2/5 kare koşu, ayak/gövde hız oranı 1,01","vuruş 2: 0,67s@boss0,35m/oyuncu3,45m 0,80s@boss2,58m/oyuncu1,19m; kalıp sonu: merkeze 4,30 m, başlangıçtan 1,30 m, kalıp simülasyonundan 0,00 m; toparlanma 0,53 sn (tablo 0,26)"
7-3,"Sıçrayan Zafiyet","Asa","seken_yaratik",1,1,1,1,1,1,1,1,1,1,"yerinde","yerinde",21192.00,"boss:Burn",3.00,1.35,0.67,0.64,1.20,0.00,0.00,"","vuruş 3: 0,73s@boss0,00m/oyuncu3,00m 0,93s@boss0,35m/oyuncu3,02m 1,07s@boss0,35m/oyuncu3,02m; kalıp sonu: merkeze 3,00 m, başlangıçtan 0,00 m, kalıp simülasyonundan 0,00 m; toparlanma 0,53 sn (tablo 0,26)"
8-1,"Yoğun Yükseliş","Asa","kuculten_kapi",1,1,1,1,1,1,1,1,1,1,"yerinde","yerinde",0.00,"",3.00,1.35,0.33,0.28,0.80,0.00,0.00,"","hasarsız skill (base_damage 0): etki hareketin kendisi; vuruş 1: 0,60s@boss0,62m/oyuncu2,38m; kalıp sonu: merkeze 3,00 m, başlangıçtan 0,00 m, kalıp simülasyonundan 0,00 m; toparlanma 0,46 sn (tablo 0,26)"
8-2,"Emici Yükseliş","Asa","kan_muhru",1,1,1,1,1,1,1,1,1,1,"yerinde","yerinde",0.00,"",3.00,1.35,0.34,0.32,0.80,0.00,0.00,"","hasarsız skill (base_damage 0): etki hareketin kendisi; vuruş 1: 0,60s@boss3,00m/oyuncu0,00m; kalıp sonu: merkeze 3,00 m, başlangıçtan 0,00 m, kalıp simülasyonundan 0,00 m; toparlanma 0,46 sn (tablo 0,26)"
8-3,"Sıçrayan Yükseliş","Asa","pas_verme",1,1,1,1,1,1,0,1,1,0,"yerinde","yerinde",0.00,"",3.00,1.35,0.04,0.24,0.84,0.00,0.00,"","hasarsız skill (base_damage 0): etki hareketin kendisi; vuruş 1: 0,80s@boss6,38m/oyuncu3,90m; kalıp sonu: merkeze 3,00 m, başlangıçtan 0,00 m, kalıp simülasyonundan 0,00 m, kalıp hedefi AllyDummy; toparlanma 0,46 sn (tablo 0,26); kalıp bang'den 0,34 sn sonra başladı"
9-1,"Yoğun Arınma","Asa","tek_dokunus",1,1,1,1,1,1,1,1,1,1,"geri","geri",0.00,"oyuncu +24000 can",3.00,1.35,0.27,0.16,0.80,0.00,0.00,"0/2 kare koşu","vuruş 1: 0,58s@boss3,82m/oyuncu0,68m; kalıp sonu: merkeze 3,41 m, başlangıçtan 0,55 m, kalıp simülasyonundan 0,00 m, kalıp hedefi AllyDummy; toparlanma 0,53 sn (tablo 0,26)"
9-2,"Emici Arınma","Asa","cekip_firlat",1,1,1,1,1,1,1,1,1,1,"yerinde","yerinde",0.00,"oyuncu +8000 can, dost +16000 can",3.00,1.35,0.53,0.50,1.06,0.00,0.00,"","vuruş 2: 0,66s@boss2,65m/oyuncu0,35m 1,00s@boss0,30m/oyuncu3,30m; kalıp sonu: merkeze 3,00 m, başlangıçtan 0,00 m, kalıp simülasyonundan 0,00 m; toparlanma 0,53 sn (tablo 0,26)"
9-3,"Sıçrayan Arınma","Asa","dosttan_dosta",1,1,1,1,1,1,1,1,1,1,"yerinde","yerinde",0.00,"oyuncu +16000 can, dost +8000 can",3.00,1.35,0.60,0.54,1.14,0.00,0.00,"","vuruş 3: 0,68s@boss6,43m/oyuncu3,95m 0,75s@boss6,98m/oyuncu4,53m 0,95s@boss6,88m/oyuncu4,54m; kalıp sonu: merkeze 3,00 m, başlangıçtan 0,00 m, kalıp simülasyonundan 0,00 m, kalıp hedefi AllyDummy; toparlanma 0,53 sn (tablo 0,26)"
1-10,"Aynalı Vuruş","Asa","sirtta_kapi",1,1,1,1,1,1,1,1,1,1,"ön","ön",10530800.00,"boss:Burn",1.80,1.35,0.34,0.32,0.88,0.00,0.00,"0/3 kare koşu","vuruş 2: 0,61s@boss0,93m/oyuncu1,19m 0,75s@boss0,55m/oyuncu2,35m; kalıp sonu: merkeze 1,80 m, başlangıçtan 1,20 m, kalıp simülasyonundan 0,00 m; toparlanma 0,53 sn (tablo 0,26)"
1-11,"Kopya Vuruş","Asa","golge_yankisi",1,1,1,1,1,1,1,1,1,1,"ön","ön",118096.00,"boss:Burn",2.10,1.35,0.53,0.50,1.07,0.00,0.00,"1/3 kare koşu, ayak/gövde hız oranı 1,02","vuruş 2: 0,67s@boss0,95m/oyuncu1,15m 0,93s@boss1,95m/oyuncu1,39m; kalıp sonu: merkeze 2,10 m, başlangıçtan 0,90 m, kalıp simülasyonundan 0,00 m; toparlanma 0,53 sn (tablo 0,26)"
1-12,"Akan Vuruş","Asa","basili_seri",1,1,1,1,1,1,1,1,1,1,"ön","ön",113376.00,"boss:Burn",1.60,1.35,3.01,3.00,3.54,0.00,0.00,"","vuruş 6: 0,74s@boss1,73m/oyuncu1,15m 1,28s@boss1,48m/oyuncu1,15m 1,74s@boss1,26m/oyuncu1,15m 2,28s@boss1,01m/oyuncu1,15m 2,74s@boss0,79m/oyuncu1,15m 3,27s@boss0,54m/oyuncu1,15m; kalıp sonu: merkeze 1,60 m, başlangıçtan 1,40 m, kalıp simülasyonundan 0,00 m; toparlanma 0,53 sn (tablo 0,26)"
2-10,"Aynalı Şifa","Asa","ters_es",1,1,1,1,1,1,1,1,1,1,"yerinde","yerinde",21000.00,"oyuncu +140000 can",3.00,1.35,0.47,0.44,0.93,0.00,0.00,"","vuruş 2: 0,60s@boss2,60m/oyuncu0,40m 0,80s@boss0,00m/oyuncu3,00m; kalıp sonu: merkeze 3,00 m, başlangıçtan 0,00 m, kalıp simülasyonundan 0,00 m; toparlanma 0,46 sn (tablo 0,26)"
2-11,"Kopya Şifa","Asa","golge_ulak",1,1,1,1,1,1,1,1,1,1,"yan","yan",0.00,"oyuncu +76000 can, dost +52000 can",2.43,1.35,1.40,1.36,1.87,0.00,0.00,"1/3 kare koşu, ayak/gövde hız oranı 1,00","vuruş 2: 0,53s@boss3,26m/oyuncu0,35m 1,74s@boss3,07m/oyuncu1,46m; kalıp sonu: merkeze 2,43 m, başlangıçtan 1,41 m, kalıp simülasyonundan 0,00 m, kalıp hedefi AllyDummy; toparlanma 0,46 sn (tablo 0,26)"
2-12,"Akan Şifa","Asa","basili_isik",1,1,1,1,1,1,1,1,1,1,"geri","geri",0.00,"oyuncu +100000 can, dost +20000 can",3.00,1.35,3.07,3.00,3.54,0.00,0.00,"","vuruş 6: 0,67s@boss5,38m/oyuncu2,72m 1,20s@boss5,58m/oyuncu2,72m 1,67s@boss5,75m/oyuncu2,72m 2,20s@boss5,95m/oyuncu2,72m 2,67s@boss6,13m/oyuncu2,72m 3,20s@boss6,33m/oyuncu2,72m; kalıp sonu: merkeze 3,94 m, başlangıçtan 1,20 m, kalıp simülasyonundan 0,00 m, kalıp hedefi AllyDummy; toparlanma 0,46 sn (tablo 0,26)"
3-10,"Aynalı Adım","Asa","iki_kapi",1,1,1,1,1,1,1,1,1,1,"ön","ön",5200.00,"boss:Burn",1.50,1.35,0.60,0.54,1.13,0.00,0.00,"0/4 kare koşu","vuruş 2: 0,54s@boss3,00m/oyuncu0,00m 0,93s@boss1,50m/oyuncu0,00m; kalıp sonu: merkeze 1,50 m, başlangıçtan 1,50 m, kalıp simülasyonundan 0,00 m; toparlanma 0,53 sn (tablo 0,26)"
3-11,"Kopya Adım","Asa","yem_kac",1,1,1,1,1,1,1,1,1,1,"geri","geri",4400.00,"boss:Burn",3.00,1.35,0.40,0.40,0.93,0.00,0.00,"1/5 kare koşu, ayak/gövde hız oranı 1,02","vuruş 1: 0,53s@boss3,00m/oyuncu0,00m; kalıp sonu: merkeze 5,80 m, başlangıçtan 2,80 m, kalıp simülasyonundan 0,00 m; toparlanma 0,53 sn (tablo 0,26)"
3-12,"Akan Adım","Asa","suzulme",1,1,1,1,1,1,1,1,1,1,"ön","ön",0.00,"",1.90,1.35,3.03,3.00,3.56,0.00,0.00,"","hasarsız skill (base_damage 0): etki hareketin kendisi; kalıp sonu: merkeze 1,90 m, başlangıçtan 1,10 m, kalıp simülasyonundan 0,00 m; toparlanma 0,53 sn (tablo 0,26)"
10-1,"Yoğun Yansı","Asa","tam_zamanli",1,1,1,1,1,1,1,1,1,1,"yerinde","yerinde",2448.00,"boss:Burn",3.00,1.35,0.53,0.50,1.06,0.00,0.00,"","vuruş 1: 1,00s@boss0,62m/oyuncu2,38m; kalıp sonu: merkeze 3,00 m, başlangıçtan 0,00 m, kalıp simülasyonundan 0,00 m; toparlanma 0,53 sn (tablo 0,26)"
10-2,"Emici Yansı","Asa","yutan_girdap",1,1,1,1,1,1,1,1,1,1,"yerinde","yerinde",16792.00,"boss:Burn",1.35,1.35,3.18,3.18,3.72,0.00,0.00,"","vuruş 4: 1,40s@boss1,03m/oyuncu2,38m 2,20s@boss1,03m/oyuncu2,38m 2,94s@boss1,03m/oyuncu2,38m 3,67s@boss1,03m/oyuncu2,38m; kalıp sonu: merkeze 1,35 m, başlangıçtan 0,00 m, kalıp simülasyonundan 0,00 m, boss 1,65 m kaydı; toparlanma 0,53 sn (tablo 0,26)"
10-3,"Sıçrayan Yansı","Asa","seken_geri",1,1,1,1,1,1,0,1,1,0,"ön","ön",4520.00,"boss:Burn",1.90,1.35,0.58,0.36,1.11,0.00,0.00,"0/3 kare koşu","vuruş 2: 0,60s@boss0,57m/oyuncu1,53m 1,05s@boss0,00m/oyuncu1,90m; kalıp sonu: merkeze 1,90 m, başlangıçtan 1,10 m, kalıp simülasyonundan 0,00 m; toparlanma 0,53 sn (tablo 0,26); kalıp 0,58 sn (beklenen 0,36)"
10-10,"Aynalı Yansı","Asa","iki_kapi",1,1,1,1,1,1,1,1,1,1,"ön","ön",5608.00,"boss:Burn",1.50,1.35,0.60,0.54,1.13,0.00,0.00,"0/4 kare koşu","vuruş 2: 0,53s@boss3,00m/oyuncu0,00m 0,93s@boss1,50m/oyuncu0,00m; kalıp sonu: merkeze 1,50 m, başlangıçtan 1,50 m, kalıp simülasyonundan 0,00 m; toparlanma 0,53 sn (tablo 0,26)"
10-11,"Kopya Yansı","Asa","yem_kopya",1,1,1,1,1,1,1,1,1,1,"yerinde","yerinde",2792.00,"boss:Burn",3.00,1.35,0.27,0.24,0.80,0.00,0.00,"","vuruş 1: 0,67s@boss2,98m/oyuncu1,29m; kalıp sonu: merkeze 3,00 m, başlangıçtan 0,00 m, kalıp simülasyonundan 0,00 m; toparlanma 0,53 sn (tablo 0,26)"
10-12,"Akan Yansı","Asa","basili_siper",1,1,1,1,1,1,1,1,1,1,"ön","ön",15544.00,"boss:Burn",2.20,1.35,3.00,3.00,3.53,0.00,0.00,"","vuruş 3: 1,27s@boss0,41m/oyuncu2,38m 2,26s@boss0,14m/oyuncu2,38m 3,26s@boss0,13m/oyuncu2,38m; kalıp sonu: merkeze 2,20 m, başlangıçtan 0,80 m, kalıp simülasyonundan 0,00 m; toparlanma 0,53 sn (tablo 0,26)"
11-1,"Yoğun Çağrı","Asa","sirt_saplama",1,1,1,1,1,1,1,1,1,1,"yerinde","yerinde",2816.00,"boss:Burn",2.73,1.35,0.46,0.44,1.00,0.00,0.00,"0/2 kare koşu","vuruş 1: 0,87s@boss0,00m/oyuncu2,73m; kalıp sonu: merkeze 2,73 m, başlangıçtan 0,28 m, kalıp simülasyonundan 0,00 m; toparlanma 0,53 sn (tablo 0,26)"
11-2,"Emici Çağrı","Asa","yapisan",1,1,1,1,1,1,1,1,1,1,"yerinde","yerinde",24000.00,"boss:Burn",1.35,1.35,5.20,5.18,5.74,0.00,0.00,"","vuruş 6: 0,67s@boss0,20m/oyuncu2,65m 1,67s@boss0,00m/oyuncu1,35m 2,67s@boss0,00m/oyuncu1,35m 3,67s@boss0,00m/oyuncu1,35m 4,67s@boss0,00m/oyuncu1,35m 5,67s@boss0,00m/oyuncu1,35m; kalıp sonu: merkeze 1,35 m, başlangıçtan 0,00 m, kalıp simülasyonundan 0,00 m, boss 1,65 m kaydı; toparlanma 0,53 sn (tablo 0,26)"
11-3,"Sıçrayan Çağrı","Asa","seken_yaratik",1,1,1,1,1,1,1,1,1,1,"yerinde","yerinde",4408.00,"boss:Burn",3.00,1.35,0.67,0.64,1.24,0.00,0.00,"","vuruş 3: 0,78s@boss0,00m/oyuncu3,00m 0,91s@boss0,35m/oyuncu3,02m 1,11s@boss0,35m/oyuncu3,02m; kalıp sonu: merkeze 3,00 m, başlangıçtan 0,00 m, kalıp simülasyonundan 0,00 m; toparlanma 0,53 sn (tablo 0,26)"
11-10,"Aynalı Çağrı","Asa","takim_kapisi",1,1,1,1,1,1,1,1,1,1,"yerinde","yerinde",8808.00,"boss:Burn",3.00,1.35,1.27,1.24,1.80,0.00,0.00,"","vuruş 1: 0,67s@boss3,00m/oyuncu0,00m; kalıp sonu: merkeze 3,00 m, başlangıçtan 0,00 m, kalıp simülasyonundan 0,00 m; toparlanma 0,53 sn (tablo 0,26)"
11-11,"Kopya Çağrı","Asa","ayna_klonlar",1,1,1,1,1,1,1,1,1,1,"yerinde","yerinde",4024.00,"boss:Burn",3.00,1.35,0.53,0.50,1.07,0.00,0.00,"","vuruş 2: 0,73s@boss2,93m/oyuncu1,41m 0,93s@boss2,93m/oyuncu1,41m; kalıp sonu: merkeze 3,00 m, başlangıçtan 0,00 m, kalıp simülasyonundan 0,00 m; toparlanma 0,53 sn (tablo 0,26)"
11-12,"Akan Çağrı","Asa","kapidan_akin",1,1,1,1,1,1,0,1,1,0,"yerinde","yerinde",22632.00,"boss:Burn",3.00,1.35,4.48,4.20,5.01,0.00,0.00,"","vuruş 6: 0,73s@boss0,85m/oyuncu2,15m 1,53s@boss0,00m/oyuncu3,00m 2,33s@boss0,00m/oyuncu3,00m 3,07s@boss0,00m/oyuncu3,00m 3,89s@boss0,00m/oyuncu3,00m 4,96s@boss0,00m/oyuncu3,00m; kalıp sonu: merkeze 3,00 m, başlangıçtan 0,00 m, kalıp simülasyonundan 0,00 m; toparlanma 0,53 sn (tablo 0,26); kalıp 4,48 sn (beklenen 4,20)"
12-1,"Yoğun Zaman","Asa","zamanli_donma",1,1,1,1,1,1,1,1,1,1,"ön","ön",3208.00,"boss:Burn+Slow, boss hız x0,70",1.50,1.35,0.53,0.50,1.00,0.00,0.00,"0/3 kare koşu","vuruş 1: 0,86s@boss0,54m/oyuncu1,28m; kalıp sonu: merkeze 1,50 m, başlangıçtan 1,50 m, kalıp simülasyonundan 0,00 m; toparlanma 0,46 sn (tablo 0,26)"
12-2,"Emici Zaman","Asa","ceken_girdap",1,1,1,1,1,1,1,1,1,1,"yerinde","yerinde",6408.00,"boss:Burn+Slow, oyuncu:Haste, boss hız x0,70, oyuncu hız x1,30",3.00,1.35,1.33,1.32,1.80,0.00,0.00,"","vuruş 3: 1,13s@boss0,00m/oyuncu3,00m 1,60s@boss0,00m/oyuncu3,00m 1,65s@boss0,00m/oyuncu3,00m; kalıp sonu: merkeze 3,00 m, başlangıçtan 0,00 m, kalıp simülasyonundan 0,00 m; toparlanma 0,46 sn (tablo 0,26)"
12-3,"Sıçrayan Zaman","Asa","geri_donen_kure",1,1,1,1,1,1,1,1,1,1,"yerinde","yerinde",4808.00,"boss:Burn+Slow, boss hız x0,70",3.00,1.35,0.54,0.50,1.00,0.00,0.00,"","vuruş 2: 0,60s@boss0,30m/oyuncu3,30m 0,87s@boss0,96m/oyuncu2,04m; kalıp sonu: merkeze 3,00 m, başlangıçtan 0,00 m, kalıp simülasyonundan 0,00 m; toparlanma 0,46 sn (tablo 0,26)"
12-10,"Aynalı Zaman","Asa","boss_geri",1,1,1,1,1,1,1,1,1,1,"yerinde","yerinde",4392.00,"boss:Burn+Slow, boss hız x0,70",3.00,1.35,0.47,0.46,0.93,0.00,0.00,"","vuruş 1: 0,60s@boss0,30m/oyuncu3,30m; kalıp sonu: merkeze 3,00 m, başlangıçtan 0,00 m, kalıp simülasyonundan 0,00 m; toparlanma 0,46 sn (tablo 0,26)"
12-11,"Kopya Zaman","Asa","geri_sarma",1,1,1,1,1,1,1,1,1,1,"başlangıç","başlangıç",0.00,"",1.50,1.35,2.69,2.66,3.15,0.00,0.00,"3/9 kare koşu, ayak/gövde hız oranı 0,96","hasarsız skill (base_damage 0): etki hareketin kendisi; kalıp sonu: merkeze 3,00 m, başlangıçtan 0,00 m, kalıp simülasyonundan 0,00 m; toparlanma 0,46 sn (tablo 0,26)"
12-12,"Akan Zaman","Asa","yuruyen_balon",1,1,1,1,1,1,1,1,1,1,"ön","ön",24104.00,"boss:Burn+Slow, boss hız x0,70",1.80,1.35,4.29,4.20,4.76,0.00,0.00,"","vuruş 5: 0,53s@boss3,00m/oyuncu0,00m 1,60s@boss2,70m/oyuncu0,00m 2,60s@boss2,40m/oyuncu0,00m 3,60s@boss2,10m/oyuncu0,00m 4,62s@boss1,80m/oyuncu0,00m; kalıp sonu: merkeze 1,80 m, başlangıçtan 1,20 m, kalıp simülasyonundan 0,00 m; toparlanma 0,46 sn (tablo 0,26)"
4-4,"Sabit Kalkan","Asa","duvar_dikme",1,1,1,1,1,1,1,1,1,1,"yerinde","yerinde",0.00,"",3.00,1.35,0.33,0.32,0.87,0.00,0.00,"","hasarsız skill (base_damage 0): etki hareketin kendisi; vuruş 1: 0,73s@boss0,62m/oyuncu2,38m; kalıp sonu: merkeze 3,00 m, başlangıçtan 0,00 m, kalıp simülasyonundan 0,00 m; toparlanma 0,53 sn (tablo 0,26)"
4-5,"Yayılan Kalkan","Asa","onde_yelpaze",1,1,1,1,1,1,1,1,1,1,"yerinde","yerinde",0.00,"",3.00,1.35,0.66,0.63,1.20,0.00,0.00,"","hasarsız skill (base_damage 0): etki hareketin kendisi; vuruş 1: 0,93s@boss1,88m/oyuncu1,12m; kalıp sonu: merkeze 3,00 m, başlangıçtan 0,00 m, kalıp simülasyonundan 0,00 m; toparlanma 0,53 sn (tablo 0,26)"
4-6,"Bağlayıcı Kalkan","Asa","zincirli_firlatma",1,1,1,1,1,1,1,1,1,1,"ön","ön",0.00,"",1.50,1.35,0.73,0.70,1.26,0.00,0.00,"2/4 kare koşu, ayak/gövde hız oranı 0,96","hasarsız skill (base_damage 0): etki hareketin kendisi; vuruş 2: 0,66s@boss0,45m/oyuncu3,45m 1,13s@boss0,49m/oyuncu1,28m; kalıp sonu: merkeze 1,50 m, başlangıçtan 1,50 m, kalıp simülasyonundan 0,00 m; toparlanma 0,53 sn (tablo 0,26)"
4-7,"Bulandırıcı Kalkan","Asa","duman_duvari",1,1,1,1,1,1,1,1,1,1,"yerinde","yerinde",0.00,"",2.80,1.35,0.54,0.52,1.07,0.00,0.00,"","hasarsız skill (base_damage 0): etki hareketin kendisi; vuruş 1: 0,73s@boss0,42m/oyuncu2,38m; kalıp sonu: merkeze 2,80 m, başlangıçtan 0,20 m, kalıp simülasyonundan 0,00 m; toparlanma 0,53 sn (tablo 0,26)"
4-8,"Yükselen Kalkan","Asa","yerden_buyuyen",1,1,1,1,1,1,1,1,1,1,"yerinde","yerinde",0.00,"",3.00,1.35,0.47,0.42,1.00,0.00,0.00,"","hasarsız skill (base_damage 0): etki hareketin kendisi; vuruş 1: 0,80s@boss6,98m/oyuncu4,33m; kalıp sonu: merkeze 3,18 m, başlangıçtan 0,25 m, kalıp simülasyonundan 0,00 m, kalıp hedefi AllyDummy; toparlanma 0,53 sn (tablo 0,26)"
4-9,"Odaklı Kalkan","Asa","koruyucu_isaret",1,1,1,1,1,1,1,1,1,1,"geri","geri",0.00,"",3.00,1.35,0.20,0.20,0.73,0.00,0.00,"0/3 kare koşu","hasarsız skill (base_damage 0): etki hareketin kendisi; vuruş 1: 0,67s@boss3,90m/oyuncu0,35m; kalıp sonu: merkeze 3,61 m, başlangıçtan 0,80 m, kalıp simülasyonundan 0,00 m, kalıp hedefi AllyDummy; toparlanma 0,53 sn (tablo 0,26)"
5-4,"Sabit Patlama","Asa","mayin_cakma",1,1,1,1,1,1,1,1,1,1,"yerinde","yerinde",159160.00,"boss:Burn",3.00,1.35,0.47,0.42,0.93,0.00,0.00,"","vuruş 2: 0,67s@boss0,85m/oyuncu2,15m 0,74s@boss0,85m/oyuncu2,15m; kalıp sonu: merkeze 3,00 m, başlangıçtan 0,00 m, kalıp simülasyonundan 0,00 m; toparlanma 0,46 sn (tablo 0,26)"
5-5,"Yayılan Patlama","Asa","yer_yarigi",1,1,1,1,1,1,1,1,1,1,"ön","ön",89008.00,"boss:Burn",1.50,1.35,0.60,0.56,1.07,0.00,0.00,"0/8 kare koşu","vuruş 3: 0,73s@boss0,25m/oyuncu1,27m 0,80s@boss0,14m/oyuncu1,36m 0,93s@boss0,23m/oyuncu1,28m; kalıp sonu: merkeze 1,50 m, başlangıçtan 2,07 m, kalıp simülasyonundan 0,00 m; toparlanma 0,46 sn (tablo 0,26)"
5-6,"Bağlayıcı Patlama","Asa","gerilip_kopan",1,1,1,1,1,1,1,1,1,1,"geri","geri",108664.00,"boss:Root+Slow+Burn, boss hız x0,00",1.35,1.35,0.61,0.58,1.07,0.00,0.00,"0/6 kare koşu","vuruş 2: 0,60s@boss0,85m/oyuncu1,13m 0,93s@boss0,85m/oyuncu2,65m; kalıp sonu: merkeze 2,74 m, başlangıçtan 0,50 m, kalıp simülasyonundan 0,00 m, boss 0,76 m kaydı; toparlanma 0,46 sn (tablo 0,26)"
5-7,"Bulandırıcı Patlama","Asa","sis_bombasi",1,1,1,1,1,1,1,1,1,1,"yerinde","yerinde",101528.00,"boss:Blind+Burn, oyuncu:Stealth",3.00,1.35,0.27,0.22,0.74,0.00,0.00,"","vuruş 1: 0,60s@boss0,35m/oyuncu3,35m; kalıp sonu: merkeze 3,00 m, başlangıçtan 0,00 m, kalıp simülasyonundan 0,00 m; toparlanma 0,46 sn (tablo 0,26)"
5-8,"Yükselen Patlama","Asa","yerden_fiskirma",1,1,1,1,1,1,1,1,1,1,"ön","ön",114840.00,"boss:Burn+Stun, boss hız x0,00",2.60,1.35,0.46,0.44,0.97,0.00,0.00,"","vuruş 1: 0,78s@boss0,00m/oyuncu2,75m; kalıp sonu: merkeze 2,60 m, başlangıçtan 0,40 m, kalıp simülasyonundan 0,00 m; toparlanma 0,46 sn (tablo 0,26)"
5-9,"Odaklı Patlama","Asa","gudumlu_top",1,1,1,1,1,1,1,1,1,1,"yerinde","yerinde",179024.00,"boss:Burn",3.00,1.35,0.61,0.56,1.08,0.00,0.00,"","vuruş 1: 0,93s@boss0,00m/oyuncu3,00m; kalıp sonu: merkeze 3,00 m, başlangıçtan 0,00 m, kalıp simülasyonundan 0,00 m; toparlanma 0,46 sn (tablo 0,26)"
6-4,"Sabit Bağ","Asa","karsilikli_kilit",1,1,1,1,1,1,1,1,1,1,"ön","ön",41024.00,"boss:Burn+Root, boss hız x0,00",1.50,1.35,3.27,3.24,3.80,0.00,0.00,"1/4 kare koşu, ayak/gövde hız oranı 0,99","vuruş 1: 1,00s@boss0,40m/oyuncu1,11m; kalıp sonu: merkeze 1,50 m, başlangıçtan 1,50 m, kalıp simülasyonundan 0,00 m; toparlanma 0,53 sn (tablo 0,26)"
6-5,"Yayılan Bağ","Asa","yer_tuzagi",1,1,1,1,1,1,1,1,1,1,"yerinde","yerinde",22624.00,"boss:Burn+Root, boss hız x0,00",3.00,1.35,0.33,0.28,0.87,0.00,0.00,"","vuruş 1: 0,67s@boss0,62m/oyuncu2,38m; kalıp sonu: merkeze 3,00 m, başlangıçtan 0,00 m, kalıp simülasyonundan 0,00 m; toparlanma 0,53 sn (tablo 0,26)"
6-6,"Bağlayıcı Bağ","Asa","iki_uclu",1,1,1,1,1,1,1,1,1,1,"yerinde","yerinde",28768.00,"boss:Root+Slow+Burn, boss hız x0,00",3.00,1.35,0.67,0.65,1.20,0.00,0.00,"","vuruş 1: 0,67s@boss0,28m/oyuncu3,28m; kalıp sonu: merkeze 3,00 m, başlangıçtan 0,00 m, kalıp simülasyonundan 0,00 m; toparlanma 0,53 sn (tablo 0,26)"
6-7,"Bulandırıcı Bağ","Asa","goz_bagi",1,1,1,1,1,1,1,1,1,1,"yerinde","yerinde",24344.00,"boss:Blind+Burn+Root, boss hız x0,00",3.00,1.35,0.27,0.20,0.80,0.00,0.00,"","vuruş 1: 0,67s@boss0,28m/oyuncu3,28m; kalıp sonu: merkeze 3,00 m, başlangıçtan 0,00 m, kalıp simülasyonundan 0,00 m; toparlanma 0,53 sn (tablo 0,26)"
6-8,"Yükselen Bağ","Asa","havada_asma",1,1,1,1,1,1,1,1,1,1,"ön","ön",31272.00,"boss:Stun+Burn+Root, boss hız x0,00",1.50,1.35,1.20,1.14,1.74,0.00,0.00,"0/5 kare koşu","vuruş 1: 1,00s@boss1,50m/oyuncu0,00m; kalıp sonu: merkeze 1,50 m, başlangıçtan 1,50 m, kalıp simülasyonundan 0,00 m; toparlanma 0,53 sn (tablo 0,26)"
6-9,"Odaklı Bağ","Asa","zamanli_donma",1,1,1,1,1,1,1,1,1,1,"ön","ön",42048.00,"boss:Burn+Root, boss hız x0,00",1.50,1.35,0.53,0.50,1.07,0.00,0.00,"0/3 kare koşu","vuruş 1: 0,93s@boss0,53m/oyuncu1,28m; kalıp sonu: merkeze 1,50 m, başlangıçtan 1,50 m, kalıp simülasyonundan 0,00 m; toparlanma 0,53 sn (tablo 0,26)"
7-4,"Sabit Zafiyet","Asa","mayin_cakma",1,1,1,1,1,1,1,1,1,1,"yerinde","yerinde",18520.00,"boss:Burn",3.00,1.35,0.46,0.42,1.00,0.00,0.00,"","vuruş 2: 0,73s@boss0,85m/oyuncu2,15m 0,80s@boss0,85m/oyuncu2,15m; kalıp sonu: merkeze 3,00 m, başlangıçtan 0,00 m, kalıp simülasyonundan 0,00 m; toparlanma 0,53 sn (tablo 0,26)"
7-5,"Yayılan Zafiyet","Asa","onde_yelpaze",1,1,1,1,1,1,1,1,1,1,"yerinde","yerinde",17200.00,"boss:Burn",3.00,1.35,0.67,0.63,1.20,0.00,0.00,"","vuruş 1: 0,93s@boss1,88m/oyuncu1,12m; kalıp sonu: merkeze 3,00 m, başlangıçtan 0,00 m, kalıp simülasyonundan 0,00 m; toparlanma 0,53 sn (tablo 0,26)"
7-6,"Bağlayıcı Zafiyet","Asa","dost_ip",1,1,1,1,1,1,1,1,1,1,"yerinde","yerinde",22632.00,"boss:Burn+Root+Slow, boss hız x0,00",3.00,1.35,0.35,0.62,0.95,0.00,0.00,"","vuruş 1: 0,60s@boss0,28m/oyuncu3,28m; kalıp sonu: merkeze 3,00 m, başlangıçtan 0,00 m, kalıp simülasyonundan 0,00 m; toparlanma 0,53 sn (tablo 0,26)"
8-4,"Sabit Yükseliş","Asa","totem_dikme",1,1,1,1,1,1,1,1,1,1,"yerinde","yerinde",0.00,"",3.00,1.35,0.33,0.30,0.80,0.00,0.00,"","hasarsız skill (base_damage 0): etki hareketin kendisi; vuruş 1: 0,67s@boss3,10m/oyuncu0,00m; kalıp sonu: merkeze 3,11 m, başlangıçtan 0,15 m, kalıp simülasyonundan 0,00 m, kalıp hedefi AllyDummy; toparlanma 0,46 sn (tablo 0,26)"
8-5,"Yayılan Yükseliş","Asa","savas_narasi",1,1,1,1,1,1,1,1,1,1,"yerinde","yerinde",0.00,"",3.00,1.35,0.44,0.36,0.91,0.00,0.00,"","hasarsız skill (base_damage 0): etki hareketin kendisi; vuruş 1: 0,86s@boss3,00m/oyuncu0,00m; kalıp sonu: merkeze 3,00 m, başlangıçtan 0,00 m, kalıp simülasyonundan 0,00 m; toparlanma 0,46 sn (tablo 0,26)"
8-6,"Bağlayıcı Yükseliş","Asa","dost_dosta",1,1,1,1,1,1,1,1,1,1,"yan","yan",0.00,"",2.38,1.35,0.54,0.52,1.00,0.00,0.00,"1/4 kare koşu, ayak/gövde hız oranı 0,85","hasarsız skill (base_damage 0): etki hareketin kendisi; vuruş 3: 0,53s@boss4,05m/oyuncu1,22m 0,73s@boss2,84m/oyuncu1,41m 0,87s@boss4,76m/oyuncu2,38m; kalıp sonu: merkeze 2,38 m, başlangıçtan 1,41 m, kalıp simülasyonundan 0,00 m, kalıp hedefi AllyDummy; toparlanma 0,46 sn (tablo 0,26)"
9-4,"Sabit Arınma","Asa","yer_tuzagi",1,1,1,1,1,1,1,1,1,1,"yerinde","yerinde",0.00,"oyuncu +24000 can",3.00,1.35,0.40,0.28,0.94,0.00,0.00,"","vuruş 1: 0,67s@boss0,62m/oyuncu2,38m; kalıp sonu: merkeze 3,00 m, başlangıçtan 0,00 m, kalıp simülasyonundan 0,00 m; toparlanma 0,53 sn (tablo 0,26)"
9-5,"Yayılan Arınma","Asa","dagilan_yagmur",1,1,1,1,1,1,1,1,1,1,"yerinde","yerinde",0.00,"oyuncu +24000 can",3.00,1.35,0.60,0.58,1.14,0.00,0.00,"","vuruş 1: 0,93s@boss3,00m/oyuncu0,00m; kalıp sonu: merkeze 3,00 m, başlangıçtan 0,00 m, kalıp simülasyonundan 0,00 m, kalıp hedefi AllyDummy; toparlanma 0,53 sn (tablo 0,26)"
9-6,"Bağlayıcı Arınma","Asa","iki_uclu",1,1,1,1,1,1,1,1,1,1,"yerinde","yerinde",0.00,"oyuncu +24000 can",3.00,1.35,0.66,0.65,1.20,0.00,0.00,"","vuruş 1: 0,66s@boss6,31m/oyuncu3,82m; kalıp sonu: merkeze 3,00 m, başlangıçtan 0,00 m, kalıp simülasyonundan 0,00 m, kalıp hedefi AllyDummy; toparlanma 0,53 sn (tablo 0,26)"
4-10,"Aynalı Kalkan","Asa","sirtta_kapi",1,1,1,1,1,1,1,1,1,1,"ön","ön",24000.00,"",1.80,1.35,0.33,0.32,0.87,0.00,0.00,"0/3 kare koşu","vuruş 2: 0,60s@boss0,94m/oyuncu1,19m 0,73s@boss0,55m/oyuncu2,35m; kalıp sonu: merkeze 1,80 m, başlangıçtan 1,20 m, kalıp simülasyonundan 0,00 m; toparlanma 0,53 sn (tablo 0,26)"
4-11,"Kopya Kalkan","Asa","yem_kopya",1,1,1,1,1,1,1,1,1,1,"yerinde","yerinde",0.00,"",3.00,1.35,0.05,0.24,0.58,0.00,0.00,"","hasarsız skill (base_damage 0): etki hareketin kendisi; vuruş 1: 0,53s@boss2,98m/oyuncu1,29m; kalıp sonu: merkeze 3,00 m, başlangıçtan 0,00 m, kalıp simülasyonundan 0,00 m; toparlanma 0,53 sn (tablo 0,26)"
4-12,"Akan Kalkan","Asa","basili_siper",1,1,1,1,1,1,1,1,1,1,"geri","geri",0.00,"",3.00,1.35,3.00,3.00,3.54,0.00,0.00,"","hasarsız skill (base_damage 0): etki hareketin kendisi; vuruş 3: 1,27s@boss5,17m/oyuncu2,38m 2,27s@boss5,41m/oyuncu2,38m 3,27s@boss5,66m/oyuncu2,38m; kalıp sonu: merkeze 3,61 m, başlangıçtan 0,80 m, kalıp simülasyonundan 0,00 m, kalıp hedefi AllyDummy; toparlanma 0,53 sn (tablo 0,26)"
5-10,"Aynalı Patlama","Asa","karsi_darbe",1,1,1,1,1,1,1,1,1,1,"ön","ön",106776.00,"boss:Burn",1.70,1.35,0.40,0.36,0.87,0.00,0.00,"0/3 kare koşu","vuruş 1: 0,73s@boss0,54m/oyuncu1,36m; kalıp sonu: merkeze 1,70 m, başlangıçtan 1,30 m, kalıp simülasyonundan 0,00 m; toparlanma 0,46 sn (tablo 0,26)"
5-11,"Kopya Patlama","Asa","golge_yankisi",1,1,1,1,1,1,1,1,1,1,"ön","ön",125256.00,"boss:Burn",2.10,1.35,0.52,0.50,0.99,0.00,0.00,"0/3 kare koşu","vuruş 2: 0,54s@boss1,09m/oyuncu1,15m 0,85s@boss1,95m/oyuncu1,39m; kalıp sonu: merkeze 2,10 m, başlangıçtan 0,90 m, kalıp simülasyonundan 0,00 m; toparlanma 0,46 sn (tablo 0,26)"
5-12,"Akan Patlama","Asa","patlayan_iz",1,1,1,1,1,1,1,1,1,1,"ön","ön",94176.00,"boss:Burn",2.95,1.35,3.04,3.00,3.51,0.00,0.00,"","vuruş 6: 1,07s@boss2,18m/oyuncu1,53m 1,41s@boss2,34m/oyuncu1,53m 2,20s@boss2,86m/oyuncu1,53m 2,39s@boss2,76m/oyuncu1,53m 2,86s@boss2,46m/oyuncu1,53m 3,37s@boss2,09m/oyuncu1,53m; kalıp sonu: merkeze 3,60 m, başlangıçtan 2,20 m, kalıp simülasyonundan 0,70 m, boss 2,80 m kaydı; toparlanma 0,46 sn (tablo 0,26)"
6-10,"Aynalı Bağ","Asa","karsi_darbe",1,1,1,1,1,1,1,1,1,1,"ön","ön",25640.00,"boss:Burn+Root, boss hız x0,00",1.70,1.35,0.41,0.36,0.95,0.00,0.00,"0/3 kare koşu","vuruş 1: 0,80s@boss0,54m/oyuncu1,36m; kalıp sonu: merkeze 1,70 m, başlangıçtan 1,30 m, kalıp simülasyonundan 0,00 m; toparlanma 0,53 sn (tablo 0,26)"
6-11,"Kopya Bağ","Asa","onden_arkadan",1,1,1,1,1,1,1,1,1,1,"ön","ön",26320.00,"boss:Burn+Root, boss hız x0,00",2.10,1.35,0.40,0.34,0.93,0.00,0.00,"0/3 kare koşu","vuruş 2: 0,60s@boss1,16m/oyuncu1,11m 0,73s@boss0,60m/oyuncu2,70m; kalıp sonu: merkeze 2,10 m, başlangıçtan 0,90 m, kalıp simülasyonundan 0,00 m; toparlanma 0,53 sn (tablo 0,26)"
6-12,"Akan Bağ","Asa","cember_sarma",1,1,1,1,1,1,1,1,1,1,"arka","arka",18584.00,"boss:Burn+Root, boss hız x0,00",1.50,1.35,0.93,0.90,1.47,0.00,0.00,"0/11 kare koşu","vuruş 1: 1,34s@boss0,00m/oyuncu2,06m; kalıp sonu: merkeze 2,06 m, başlangıçtan 4,59 m, kalıp simülasyonundan 0,00 m; toparlanma 0,53 sn (tablo 0,26)"
10-4,"Sabit Yansı","Asa","duvar_dikme",1,1,1,1,1,1,1,1,1,1,"yerinde","yerinde",2808.00,"boss:Burn",3.00,1.35,0.33,0.32,0.86,0.00,0.00,"","vuruş 1: 0,74s@boss0,62m/oyuncu2,38m; kalıp sonu: merkeze 3,00 m, başlangıçtan 0,00 m, kalıp simülasyonundan 0,00 m; toparlanma 0,53 sn (tablo 0,26)"
10-5,"Yayılan Yansı","Asa","yuruyen_balon",1,1,1,1,1,1,1,1,1,1,"ön","ön",24072.00,"boss:Burn",1.80,1.35,4.18,4.20,4.72,0.00,0.00,"","vuruş 5: 0,59s@boss3,00m/oyuncu0,00m 1,67s@boss2,70m/oyuncu0,00m 2,67s@boss2,40m/oyuncu0,00m 3,73s@boss2,08m/oyuncu0,00m 4,67s@boss1,80m/oyuncu0,00m; kalıp sonu: merkeze 1,80 m, başlangıçtan 1,20 m, kalıp simülasyonundan 0,00 m; toparlanma 0,53 sn (tablo 0,26)"
10-6,"Bağlayıcı Yansı","Asa","silaha_kement",1,1,1,1,1,1,1,1,1,1,"yerinde","yerinde",6800.00,"boss:Root+Slow+Burn, boss hız x0,00",3.00,1.35,1.00,0.94,1.53,0.00,0.00,"","vuruş 1: 0,67s@boss0,40m/oyuncu3,40m; kalıp sonu: merkeze 3,00 m, başlangıçtan 0,00 m, kalıp simülasyonundan 0,00 m; toparlanma 0,53 sn (tablo 0,26)"
11-4,"Sabit Çağrı","Asa","taret_dikme",1,1,1,1,1,1,1,1,1,1,"yerinde","yerinde",2816.00,"boss:Burn",3.00,1.35,0.47,0.42,1.00,0.00,0.00,"","vuruş 2: 0,66s@boss3,00m/oyuncu0,00m 0,86s@boss0,28m/oyuncu3,28m; kalıp sonu: merkeze 3,00 m, başlangıçtan 0,00 m, kalıp simülasyonundan 0,00 m; toparlanma 0,53 sn (tablo 0,26)"
11-5,"Yayılan Çağrı","Asa","dagilan_suru",1,1,1,1,1,1,1,1,1,1,"yerinde","yerinde",4408.00,"boss:Burn",3.00,1.35,0.47,0.42,1.00,0.00,0.00,"","vuruş 3: 0,60s@boss0,35m/oyuncu3,02m 0,73s@boss0,00m/oyuncu3,00m 0,87s@boss0,35m/oyuncu3,02m; kalıp sonu: merkeze 3,00 m, başlangıçtan 0,00 m, kalıp simülasyonundan 0,00 m; toparlanma 0,53 sn (tablo 0,26)"
11-6,"Bağlayıcı Çağrı","Asa","muhafiz",1,1,1,1,1,1,1,1,1,1,"yerinde","yerinde",4416.00,"boss:Burn+Root+Slow, boss hız x0,00",3.00,1.35,0.53,0.52,1.07,0.00,0.00,"","vuruş 1: 0,66s@boss2,89m/oyuncu1,20m; kalıp sonu: merkeze 3,00 m, başlangıçtan 0,00 m, kalıp simülasyonundan 0,00 m; toparlanma 0,53 sn (tablo 0,26)"
12-4,"Sabit Zaman","Asa","totem_dikme",1,1,1,1,1,1,1,1,1,1,"yerinde","yerinde",3184.00,"boss:Burn+Slow+Stun, boss hız x0,00",2.85,1.35,0.34,0.30,0.80,0.00,0.00,"","vuruş 1: 0,67s@boss2,87m/oyuncu0,00m; kalıp sonu: merkeze 2,85 m, başlangıçtan 0,15 m, kalıp simülasyonundan 0,00 m; toparlanma 0,46 sn (tablo 0,26)"
12-5,"Yayılan Zaman","Asa","genisleyen_halka",1,1,1,1,1,1,1,1,1,1,"yerinde","yerinde",3592.00,"boss:Burn+Slow, boss hız x0,70",3.00,1.35,0.60,0.58,1.07,0.00,0.00,"","vuruş 1: 0,87s@boss3,00m/oyuncu0,00m; kalıp sonu: merkeze 3,00 m, başlangıçtan 0,00 m, kalıp simülasyonundan 0,00 m; toparlanma 0,46 sn (tablo 0,26)"
12-6,"Bağlayıcı Zaman","Asa","iki_uclu",1,1,1,1,1,1,1,1,1,1,"yerinde","yerinde",5616.00,"boss:Burn, oyuncu:Haste, oyuncu hız x1,30",3.00,1.35,0.67,0.65,1.13,0.00,0.00,"","vuruş 1: 0,60s@boss0,28m/oyuncu3,28m; kalıp sonu: merkeze 3,00 m, başlangıçtan 0,00 m, kalıp simülasyonundan 0,00 m; toparlanma 0,46 sn (tablo 0,26)"
7-7,"Bulandırıcı Zafiyet","Asa","sis_bombasi",1,1,1,1,1,1,1,1,1,1,"yerinde","yerinde",18328.00,"boss:Blind+Burn",3.00,1.35,0.27,0.22,0.80,0.00,0.00,"","vuruş 1: 0,66s@boss0,35m/oyuncu3,35m; kalıp sonu: merkeze 3,00 m, başlangıçtan 0,00 m, kalıp simülasyonundan 0,00 m; toparlanma 0,53 sn (tablo 0,26)"
7-8,"Yükselen Zafiyet","Asa","yerden_fiskirma",1,1,1,1,1,1,1,1,1,1,"ön","ön",17664.00,"boss:Burn+Stun, boss hız x0,00",2.60,1.35,0.60,0.44,1.17,0.00,0.00,"","vuruş 1: 1,17s@boss0,00m/oyuncu2,60m; kalıp sonu: merkeze 2,60 m, başlangıçtan 0,40 m, kalıp simülasyonundan 0,00 m; toparlanma 0,53 sn (tablo 0,26)"
7-9,"Odaklı Zafiyet","Asa","isaret_patlamasi",1,1,1,1,1,1,1,1,1,1,"yerinde","yerinde",29176.00,"boss:Burn",3.00,1.35,1.65,1.92,2.25,0.00,0.00,"","vuruş 1: 2,12s@boss0,00m/oyuncu3,00m; kalıp sonu: merkeze 3,00 m, başlangıçtan 0,00 m, kalıp simülasyonundan 0,00 m; toparlanma 0,53 sn (tablo 0,26)"
7-10,"Aynalı Zafiyet","Asa","onden_arkadan",1,1,1,1,1,1,1,1,1,1,"ön","ön",24040.00,"boss:Burn",2.10,1.35,0.40,0.34,0.93,0.00,0.00,"0/3 kare koşu","vuruş 2: 0,60s@boss1,14m/oyuncu1,11m 0,73s@boss0,60m/oyuncu2,70m; kalıp sonu: merkeze 2,10 m, başlangıçtan 0,90 m, kalıp simülasyonundan 0,00 m; toparlanma 0,53 sn (tablo 0,26)"
7-11,"Kopya Zafiyet","Asa","golge_yankisi",1,1,1,1,1,1,1,1,1,1,"ön","ön",25784.00,"boss:Burn",2.10,1.35,0.53,0.50,1.07,0.00,0.00,"1/3 kare koşu, ayak/gövde hız oranı 1,01","vuruş 2: 0,60s@boss1,11m/oyuncu1,15m 0,93s@boss1,95m/oyuncu1,39m; kalıp sonu: merkeze 2,10 m, başlangıçtan 0,90 m, kalıp simülasyonundan 0,00 m; toparlanma 0,53 sn (tablo 0,26)"
7-12,"Akan Zafiyet","Asa","basili_isik",1,1,1,1,1,1,1,1,1,1,"ön","ön",38688.00,"boss:Burn",1.80,1.35,3.03,3.00,3.56,0.00,0.00,"","vuruş 6: 0,73s@boss0,17m/oyuncu2,72m 1,27s@boss0,04m/oyuncu2,72m 2,07s@boss0,36m/oyuncu2,72m 2,28s@boss0,44m/oyuncu2,72m 2,74s@boss0,63m/oyuncu2,72m 3,23s@boss0,82m/oyuncu2,72m; kalıp sonu: merkeze 1,80 m, başlangıçtan 1,20 m, kalıp simülasyonundan 0,00 m; toparlanma 0,53 sn (tablo 0,26)"
8-7,"Bulandırıcı Yükseliş","Asa","goz_bagi",1,1,1,1,1,1,1,1,1,1,"yerinde","yerinde",0.00,"",3.00,1.35,0.20,0.20,0.67,0.00,0.00,"","hasarsız skill (base_damage 0): etki hareketin kendisi; vuruş 1: 0,60s@boss0,28m/oyuncu3,28m; kalıp sonu: merkeze 3,00 m, başlangıçtan 0,00 m, kalıp simülasyonundan 0,00 m; toparlanma 0,46 sn (tablo 0,26)"
8-8,"Yükselen Yükseliş","Asa","buyuten_kemer",1,1,1,1,1,1,1,1,1,1,"yerinde","yerinde",0.00,"",3.00,1.35,0.47,0.42,0.95,0.00,0.00,"","hasarsız skill (base_damage 0): etki hareketin kendisi; vuruş 1: 0,75s@boss5,02m/oyuncu2,21m; kalıp sonu: merkeze 3,22 m, başlangıçtan 0,30 m, kalıp simülasyonundan 0,00 m, kalıp hedefi AllyDummy; toparlanma 0,46 sn (tablo 0,26)"
8-9,"Odaklı Yükseliş","Asa","gudumlu_top",1,1,1,1,1,1,1,1,1,1,"yerinde","yerinde",0.00,"",3.00,1.35,0.60,0.56,1.07,0.00,0.00,"","hasarsız skill (base_damage 0): etki hareketin kendisi; vuruş 1: 0,94s@boss6,98m/oyuncu4,53m; kalıp sonu: merkeze 3,00 m, başlangıçtan 0,00 m, kalıp simülasyonundan 0,00 m, kalıp hedefi AllyDummy; toparlanma 0,46 sn (tablo 0,26)"
8-10,"Aynalı Yükseliş","Asa","ters_es",1,1,1,1,1,1,1,1,1,1,"yerinde","yerinde",0.00,"",3.00,1.35,0.46,0.44,0.93,0.00,0.00,"","hasarsız skill (base_damage 0): etki hareketin kendisi; vuruş 2: 0,60s@boss2,60m/oyuncu0,40m 0,80s@boss0,00m/oyuncu3,00m; kalıp sonu: merkeze 3,00 m, başlangıçtan 0,00 m, kalıp simülasyonundan 0,00 m; toparlanma 0,46 sn (tablo 0,26)"
8-11,"Kopya Yükseliş","Asa","golge_ulak",1,1,1,1,1,1,1,1,1,1,"yan","yan",0.00,"",2.43,1.35,1.40,1.36,1.87,0.00,0.00,"1/3 kare koşu, ayak/gövde hız oranı 1,00","hasarsız skill (base_damage 0): etki hareketin kendisi; vuruş 2: 0,53s@boss3,26m/oyuncu0,35m 1,73s@boss3,05m/oyuncu1,46m; kalıp sonu: merkeze 2,43 m, başlangıçtan 1,41 m, kalıp simülasyonundan 0,00 m, kalıp hedefi AllyDummy; toparlanma 0,46 sn (tablo 0,26)"
8-12,"Akan Yükseliş","Asa","akinti_yolu",1,1,1,1,1,1,1,1,1,1,"geri","geri",0.00,"",3.00,1.35,1.00,0.94,1.47,0.00,0.00,"0/10 kare koşu","hasarsız skill (base_damage 0): etki hareketin kendisi; vuruş 1: 1,26s@boss6,27m/oyuncu2,38m; kalıp sonu: merkeze 4,11 m, başlangıçtan 1,40 m, kalıp simülasyonundan 0,00 m, kalıp hedefi AllyDummy; toparlanma 0,46 sn (tablo 0,26)"
9-7,"Bulandırıcı Arınma","Asa","sis_ortusu",1,1,1,1,1,1,1,1,1,1,"yerinde","yerinde",0.00,"oyuncu +24000 can",3.00,1.35,0.33,0.30,0.87,0.00,0.00,"","vuruş 1: 0,67s@boss0,00m/oyuncu3,00m; kalıp sonu: merkeze 3,00 m, başlangıçtan 0,00 m, kalıp simülasyonundan 0,00 m; toparlanma 0,53 sn (tablo 0,26)"
9-8,"Yükselen Arınma","Asa","isik_sutunu",1,1,1,1,1,1,1,1,1,1,"yerinde","yerinde",0.00,"oyuncu +24000 can",3.00,1.35,0.53,0.48,1.06,0.00,0.00,"","vuruş 1: 1,00s@boss3,07m/oyuncu0,00m; kalıp sonu: merkeze 3,07 m, başlangıçtan 0,10 m, kalıp simülasyonundan 0,00 m, kalıp hedefi AllyDummy; toparlanma 0,53 sn (tablo 0,26)"
9-9,"Odaklı Arınma","Asa","mermi_sondur",1,1,1,1,1,1,1,1,1,1,"yerinde","yerinde",0.00,"oyuncu +24000 can",3.00,1.35,0.40,0.38,0.94,0.00,0.00,"","vuruş 1: 0,80s@boss6,98m/oyuncu4,53m; kalıp sonu: merkeze 3,00 m, başlangıçtan 0,00 m, kalıp simülasyonundan 0,00 m, kalıp hedefi AllyDummy; toparlanma 0,53 sn (tablo 0,26)"
9-10,"Aynalı Arınma","Asa","yer_degistir",1,1,1,1,1,1,1,1,1,1,"arka","arka",0.00,"oyuncu +24000 can",1.50,1.35,0.40,0.34,0.93,0.00,0.00,"0/1 kare koşu","vuruş 1: 0,80s@boss0,31m/oyuncu1,19m; kalıp sonu: merkeze 1,50 m, başlangıçtan 4,50 m, kalıp simülasyonundan 0,00 m, ışın 8,34 m konumdan çıkarıldı; tek karede 8,34 m sıçrama (sınır 2,36 m @ 64 ms, t=0,93, ışın tasarım gereği); toparlanma 0,53 sn (tablo 0,26)"
9-11,"Kopya Arınma","Asa","yem_kopya",1,1,1,1,1,1,1,1,1,1,"yerinde","yerinde",0.00,"oyuncu +24000 can",3.00,1.35,0.27,0.24,0.86,0.00,0.00,"","vuruş 1: 0,66s@boss2,98m/oyuncu1,29m; kalıp sonu: merkeze 3,00 m, başlangıçtan 0,00 m, kalıp simülasyonundan 0,00 m; toparlanma 0,53 sn (tablo 0,26)"
9-12,"Akan Arınma","Asa","nabiz",1,1,1,1,1,1,1,1,1,1,"yerinde","yerinde",0.00,"oyuncu +16000 can, dost +8000 can",3.00,1.35,3.20,3.18,3.73,0.00,0.00,"","vuruş 3: 1,67s@boss3,00m/oyuncu0,00m 2,67s@boss3,00m/oyuncu0,00m 3,67s@boss3,00m/oyuncu0,00m; kalıp sonu: merkeze 3,00 m, başlangıçtan 0,00 m, kalıp simülasyonundan 0,00 m; toparlanma 0,53 sn (tablo 0,26)"
10-7,"Bulandırıcı Yansı","Asa","sahte_goruntu",1,1,1,1,1,1,1,1,1,1,"geri","geri",4400.00,"boss:Blind+Burn",3.00,1.35,0.47,0.44,1.00,0.00,0.00,"0/3 kare koşu","vuruş 3: 0,60s@boss3,06m/oyuncu1,37m 0,73s@boss3,06m/oyuncu1,37m 0,87s@boss3,67m/oyuncu0,00m; kalıp sonu: merkeze 3,90 m, başlangıçtan 0,90 m, kalıp simülasyonundan 0,00 m; toparlanma 0,53 sn (tablo 0,26)"
10-8,"Yükselen Yansı","Asa","yerden_buyuyen",1,1,1,1,1,1,0,1,1,0,"yerinde","yerinde",2624.00,"boss:Burn",2.75,1.35,0.10,0.42,0.97,0.00,0.00,"","vuruş 1: 0,86s@boss0,00m/oyuncu2,76m; kalıp sonu: merkeze 2,75 m, başlangıçtan 0,25 m, kalıp simülasyonundan 0,00 m; toparlanma 0,53 sn (tablo 0,26); kalıp bang'den 0,34 sn sonra başladı"
10-9,"Odaklı Yansı","Asa","koruyucu_isaret",1,1,1,1,1,1,1,1,1,1,"ön","ön",2392.00,"boss:Burn",2.20,1.35,0.19,0.20,0.72,0.00,0.00,"0/3 kare koşu","vuruş 1: 0,67s@boss1,85m/oyuncu0,35m; kalıp sonu: merkeze 2,20 m, başlangıçtan 0,80 m, kalıp simülasyonundan 0,00 m; toparlanma 0,53 sn (tablo 0,26)"
11-7,"Bulandırıcı Çağrı","Asa","sirt_saplama",1,1,1,1,1,1,0,1,1,0,"yerinde","yerinde",2888.00,"boss:Blind+Burn",3.00,1.35,0.06,0.32,0.80,0.00,0.00,"","vuruş 1: 0,73s@boss0,00m/oyuncu3,00m; kalıp sonu: merkeze 3,00 m, başlangıçtan 0,00 m, kalıp simülasyonundan 0,00 m; toparlanma 0,53 sn (tablo 0,26); kalıp bang'den 0,21 sn sonra başladı"
11-8,"Yükselen Çağrı","Asa","dostu_yerden",1,1,1,1,1,1,1,1,1,1,"yan","yan",2808.00,"boss:Burn",2.96,1.35,0.80,0.78,1.38,0.00,0.00,"0/8 kare koşu","vuruş 1: 1,18s@boss2,82m/oyuncu0,95m; kalıp sonu: merkeze 2,99 m, başlangıçtan 0,91 m, kalıp simülasyonundan 0,00 m; toparlanma 0,53 sn (tablo 0,26)"
11-9,"Odaklı Çağrı","Asa","pesinden_av",1,1,1,1,1,1,1,1,1,1,"ön","ön",3072.00,"boss:Burn",2.60,1.35,2.57,2.44,3.11,0.00,0.00,"0/2 kare koşu","vuruş 1: 2,87s@boss0,00m/oyuncu2,60m; kalıp sonu: merkeze 2,60 m, başlangıçtan 0,40 m, kalıp simülasyonundan 0,00 m; toparlanma 0,53 sn (tablo 0,26)"
12-7,"Bulandırıcı Zaman","Asa","kum_saati",1,1,1,1,1,1,0,1,1,0,"yerinde","yerinde",4848.00,"boss:Blind+Burn+Slow, boss hız x0,70",3.00,1.35,0.34,0.62,1.08,0.00,0.00,"","vuruş 1: 0,73s@boss0,28m/oyuncu3,28m; kalıp sonu: merkeze 3,00 m, başlangıçtan 0,00 m, kalıp simülasyonundan 0,00 m; toparlanma 0,46 sn (tablo 0,26); kalıp bang'den 0,28 sn sonra başladı"
12-8,"Yükselen Zaman","Asa","isik_sutunu",1,1,1,1,1,1,1,1,1,1,"yerinde","yerinde",3576.00,"boss:Burn, oyuncu:Haste, oyuncu hız x1,50",2.90,1.35,0.53,0.48,1.00,0.00,0.00,"","vuruş 1: 0,80s@boss2,92m/oyuncu0,00m; kalıp sonu: merkeze 2,90 m, başlangıçtan 0,10 m, kalıp simülasyonundan 0,00 m; toparlanma 0,46 sn (tablo 0,26)"
12-9,"Odaklı Zaman","Asa","isaret_patlamasi",1,1,1,1,1,1,1,1,1,1,"yerinde","yerinde",3192.00,"boss:Burn+Slow, boss hız x0,70",3.00,1.35,1.94,1.92,2.40,0.00,0.00,"","vuruş 1: 2,27s@boss0,00m/oyuncu3,00m; kalıp sonu: merkeze 3,00 m, başlangıçtan 0,00 m, kalıp simülasyonundan 0,00 m; toparlanma 0,46 sn (tablo 0,26)"
1-1,"Yoğun Vuruş","Tılsım","yukle_birak",1,1,1,1,1,1,1,1,1,1,"ön","ön",102048.00,"boss:Burn",1.50,1.35,0.54,0.52,1.01,0.00,0.00,"0/3 kare koşu","vuruş 1: 0,87s@boss0,38m/oyuncu1,53m; kalıp sonu: merkeze 1,50 m, başlangıçtan 1,50 m, kalıp simülasyonundan 0,00 m; toparlanma 0,46 sn (tablo 0,26)"
1-2,"Emici Vuruş","Tılsım","kan_ceken_pence",1,1,1,1,1,1,1,1,1,1,"yerinde","yerinde",78224.00,"boss:Burn, oyuncu +22145 can",1.35,1.35,0.38,0.38,0.84,0.00,0.00,"","vuruş 3: 0,53s@boss1,71m/oyuncu1,02m 0,67s@boss1,16m/oyuncu1,02m 0,80s@boss0,62m/oyuncu1,02m; kalıp sonu: merkeze 1,45 m, başlangıçtan 0,00 m, kalıp simülasyonundan 0,00 m, boss 1,55 m kaydı; toparlanma 0,46 sn (tablo 0,26)"
1-3,"Sıçrayan Vuruş","Tılsım","yan_yan_sekme",1,1,1,1,1,1,1,1,1,1,"geri","geri",80484.00,"boss:Burn",2.85,1.35,0.45,0.46,0.92,0.00,0.00,"0/7 kare koşu","vuruş 2: 0,53s@boss0,74m/oyuncu3,51m 0,86s@boss0,74m/oyuncu4,37m; kalıp sonu: merkeze 3,70 m, başlangıçtan 1,30 m, kalıp simülasyonundan 0,00 m; toparlanma 0,46 sn (tablo 0,26)"
1-4,"Sabit Vuruş","Tılsım","yere_cakilan",1,1,1,1,1,1,1,1,1,1,"yerinde","yerinde",82252.00,"boss:Burn",2.80,1.35,0.48,0.42,0.94,0.00,0.00,"","vuruş 1: 0,80s@boss2,81m/oyuncu0,00m; kalıp sonu: merkeze 2,80 m, başlangıçtan 0,20 m, kalıp simülasyonundan 0,00 m; toparlanma 0,46 sn (tablo 0,26)"
1-5,"Yayılan Vuruş","Tılsım","donen_kesik",1,1,1,1,1,1,1,1,1,1,"yerinde","yerinde",67404.00,"boss:Burn",3.00,1.35,0.60,0.55,1.07,0.00,0.00,"","vuruş 1: 0,66s@boss3,00m/oyuncu0,00m; kalıp sonu: merkeze 3,00 m, başlangıçtan 0,00 m, kalıp simülasyonundan 0,00 m; toparlanma 0,46 sn (tablo 0,26)"
1-6,"Bağlayıcı Vuruş","Tılsım","zincirli_firlatma",1,1,1,1,1,1,1,1,1,1,"ön","ön",83128.00,"boss:Root+Slow+Burn, boss hız x0,00",1.50,1.35,0.73,0.70,1.20,0.00,0.00,"2/4 kare koşu, ayak/gövde hız oranı 0,95","vuruş 2: 0,60s@boss0,45m/oyuncu3,45m 1,07s@boss0,45m/oyuncu1,28m; kalıp sonu: merkeze 1,50 m, başlangıçtan 1,50 m, kalıp simülasyonundan 0,00 m; toparlanma 0,46 sn (tablo 0,26)"
2-1,"Yoğun Şifa","Tılsım","tek_dokunus",1,1,1,1,1,1,1,1,1,1,"geri","geri",0.00,"oyuncu +168000 can",3.00,1.35,0.20,0.16,0.67,0.00,0.00,"0/3 kare koşu","vuruş 1: 0,51s@boss3,84m/oyuncu0,68m; kalıp sonu: merkeze 3,41 m, başlangıçtan 0,55 m, kalıp simülasyonundan 0,00 m, kalıp hedefi AllyDummy"
2-2,"Emici Şifa","Tılsım","uzaktan_emme",1,1,1,1,1,1,1,1,1,1,"yerinde","yerinde",79804.00,"oyuncu +120000 can, dost +40000 can",2.65,1.35,2.20,2.16,2.67,0.00,0.00,"","vuruş 4: 1,07s@boss0,19m/oyuncu2,72m 1,60s@boss0,10m/oyuncu2,72m 2,07s@boss0,02m/oyuncu2,72m 2,60s@boss0,07m/oyuncu2,72m; kalıp sonu: merkeze 2,65 m, başlangıçtan 0,35 m, kalıp simülasyonundan 0,00 m"
2-3,"Sıçrayan Şifa","Tılsım","dosttan_dosta",1,1,1,1,1,1,1,1,1,1,"yerinde","yerinde",0.00,"oyuncu +112000 can, dost +56000 can",3.00,1.35,0.55,0.54,1.01,0.00,0.00,"","vuruş 3: 0,91s@boss6,43m/oyuncu3,95m 0,91s@boss6,98m/oyuncu4,53m 0,91s@boss6,88m/oyuncu4,54m; kalıp sonu: merkeze 3,00 m, başlangıçtan 0,00 m, kalıp simülasyonundan 0,00 m, kalıp hedefi AllyDummy"
2-4,"Sabit Şifa","Tılsım","totem_dikme",1,1,1,1,1,1,1,1,1,1,"yerinde","yerinde",0.00,"oyuncu +168000 can",3.00,1.35,0.33,0.30,0.80,0.00,0.00,"","vuruş 1: 0,67s@boss3,09m/oyuncu0,00m; kalıp sonu: merkeze 3,11 m, başlangıçtan 0,15 m, kalıp simülasyonundan 0,00 m, kalıp hedefi AllyDummy"
2-5,"Yayılan Şifa","Tılsım","genisleyen_halka",1,1,1,1,1,1,1,1,1,1,"yerinde","yerinde",0.00,"oyuncu +168000 can",3.00,1.35,0.60,0.58,1.07,0.00,0.00,"","vuruş 1: 0,87s@boss3,00m/oyuncu0,00m; kalıp sonu: merkeze 3,00 m, başlangıçtan 0,00 m, kalıp simülasyonundan 0,00 m"
2-6,"Bağlayıcı Şifa","Tılsım","dostu_kanca",1,1,1,1,1,1,1,1,1,1,"geri","geri",0.00,"oyuncu +168000 can",3.00,1.35,0.53,0.52,1.00,0.00,0.00,"1/6 kare koşu, ayak/gövde hız oranı 1,01","vuruş 1: 0,87s@boss5,79m/oyuncu0,40m; kalıp sonu: merkeze 5,92 m, başlangıçtan 3,40 m, kalıp simülasyonundan 0,00 m, kalıp hedefi AllyDummy"
3-1,"Yoğun Adım","Tılsım","isinlan_kes",1,1,1,1,1,1,1,1,1,1,"arka","arka",4892.00,"boss:Burn",1.50,1.35,0.27,0.48,0.80,0.00,0.00,"0/1 kare koşu","vuruş 1: 0,58s@boss0,00m/oyuncu1,50m; kalıp sonu: merkeze 1,50 m, başlangıçtan 4,50 m, kalıp simülasyonundan 0,00 m; toparlanma 0,46 sn (tablo 0,26)"
3-2,"Emici Adım","Tılsım","icinden_emme",1,1,1,1,1,1,1,1,1,1,"arka","arka",2496.00,"boss:Burn",0.31,1.35,0.28,0.28,0.82,0.00,0.00,"0/3 kare koşu","vuruş 1: 0,74s@boss1,29m/oyuncu1,36m; kalıp sonu: merkeze 2,42 m, başlangıçtan 5,54 m, kalıp simülasyonundan 0,11 m, boss 0,12 m kaydı; gövdeye girdi: merkeze 0,31 m (t=0,58, temas 1,35) geçiş tasarım gereği; toparlanma 0,46 sn (tablo 0,26)"
3-3,"Sıçrayan Adım","Tılsım","sekmeli_ziplama",1,1,1,1,1,1,1,1,1,1,"arka","arka",5168.00,"boss:Burn",1.50,1.35,0.58,0.60,1.05,0.00,0.00,"0/9 kare koşu","vuruş 3: 0,60s@boss1,79m/oyuncu0,05m 0,80s@boss1,50m/oyuncu0,02m 1,00s@boss1,50m/oyuncu0,00m; kalıp sonu: merkeze 1,50 m, başlangıçtan 4,50 m, kalıp simülasyonundan 0,00 m; toparlanma 0,46 sn (tablo 0,26)"
3-4,"Sabit Adım","Tılsım","geri_sarma",1,1,1,1,1,1,0,1,1,0,"başlangıç","başlangıç",0.00,"",1.50,1.35,3.03,2.66,3.50,0.00,0.00,"3/9 kare koşu, ayak/gövde hız oranı 0,92","hasarsız skill (base_damage 0): etki hareketin kendisi; kalıp sonu: merkeze 3,00 m, başlangıçtan 0,00 m, kalıp simülasyonundan 0,00 m; toparlanma 0,46 sn (tablo 0,26); kalıp 3,03 sn (beklenen 2,66)"
3-5,"Yayılan Adım","Tılsım","dalis_patlamasi",1,1,1,1,1,1,1,1,1,1,"ön","ön",3596.00,"boss:Burn",1.50,1.35,0.47,0.42,0.93,0.00,0.00,"0/4 kare koşu","vuruş 1: 0,73s@boss1,50m/oyuncu0,00m; kalıp sonu: merkeze 1,50 m, başlangıçtan 1,50 m, kalıp simülasyonundan 0,00 m; toparlanma 0,46 sn (tablo 0,26)"
3-6,"Bağlayıcı Adım","Tılsım","kanca_cekis",1,1,1,1,1,1,1,1,1,1,"arka","arka",3568.00,"boss:Root+Slow+Burn, boss hız x0,00",1.50,1.35,0.80,0.74,1.27,0.00,0.00,"1/10 kare koşu, ayak/gövde hız oranı 1,03","vuruş 1: 1,07s@boss0,00m/oyuncu1,50m; kalıp sonu: merkeze 1,50 m, başlangıçtan 4,50 m, kalıp simülasyonundan 0,00 m; toparlanma 0,46 sn (tablo 0,26)"
4-1,"Yoğun Kalkan","Tılsım","tam_zamanli",1,1,1,1,1,1,1,1,1,1,"yerinde","yerinde",0.00,"",3.00,1.35,0.20,0.50,0.66,0.00,0.00,"","hasarsız skill (base_damage 0): etki hareketin kendisi; vuruş 1: 0,47s@boss0,62m/oyuncu2,38m; kalıp sonu: merkeze 3,00 m, başlangıçtan 0,00 m, kalıp simülasyonundan 0,00 m; toparlanma 0,46 sn (tablo 0,26)"
4-2,"Emici Kalkan","Tılsım","kalkan_calma",1,1,1,1,1,1,1,1,1,1,"yerinde","yerinde",76000.00,"",1.35,1.35,0.20,0.20,0.67,0.00,0.00,"","vuruş 1: 0,54s@boss1,44m/oyuncu1,28m; kalıp sonu: merkeze 2,16 m, başlangıçtan 0,00 m, kalıp simülasyonundan 0,00 m, boss 0,84 m kaydı; toparlanma 0,46 sn (tablo 0,26)"
4-3,"Sıçrayan Kalkan","Tılsım","seken_disk",1,1,1,1,1,1,1,1,1,1,"yerinde","yerinde",0.00,"",3.00,1.35,0.47,0.42,0.93,0.00,0.00,"","hasarsız skill (base_damage 0): etki hareketin kendisi; vuruş 2: 0,60s@boss0,30m/oyuncu3,30m 0,73s@boss3,04m/oyuncu1,43m; kalıp sonu: merkeze 3,00 m, başlangıçtan 0,00 m, kalıp simülasyonundan 0,00 m; toparlanma 0,46 sn (tablo 0,26)"
5-1,"Yoğun Patlama","Tılsım","saplanan_fitil",1,1,1,1,1,1,1,1,1,1,"geri","geri",106412.00,"boss:Burn",2.41,1.35,1.61,1.62,2.08,0.00,0.00,"1/6 kare koşu, ayak/gövde hız oranı 1,00","vuruş 2: 0,61s@boss0,85m/oyuncu1,72m 2,08s@boss0,85m/oyuncu2,95m; kalıp sonu: merkeze 3,80 m, başlangıçtan 0,80 m, kalıp simülasyonundan 0,00 m; toparlanma 0,46 sn (tablo 0,26)"
5-2,"Emici Patlama","Tılsım","ceken_girdap",1,1,1,1,1,1,1,1,1,1,"yerinde","yerinde",66972.00,"boss:Burn, oyuncu +18176 can",1.35,1.35,1.39,1.32,1.86,0.00,0.00,"","vuruş 3: 1,13s@boss0,00m/oyuncu1,35m 1,60s@boss0,00m/oyuncu1,35m 1,66s@boss0,00m/oyuncu1,35m; kalıp sonu: merkeze 1,35 m, başlangıçtan 0,00 m, kalıp simülasyonundan 0,00 m, boss 1,65 m kaydı; toparlanma 0,46 sn (tablo 0,26)"
5-3,"Sıçrayan Patlama","Tılsım","seken_bomba",1,1,1,1,1,1,1,1,1,1,"yerinde","yerinde",58880.00,"boss:Burn",3.00,1.35,0.60,0.58,1.06,0.00,0.00,"","vuruş 3: 0,60s@boss0,40m/oyuncu3,40m 0,73s@boss0,00m/oyuncu3,00m 0,93s@boss0,35m/oyuncu3,02m; kalıp sonu: merkeze 3,00 m, başlangıçtan 0,00 m, kalıp simülasyonundan 0,00 m; toparlanma 0,46 sn (tablo 0,26)"
6-1,"Yoğun Bağ","Tılsım","sinir_noktasi",1,1,1,1,1,1,1,1,1,1,"ön","ön",22668.00,"boss:Burn+Stun, boss hız x0,00",1.50,1.35,0.40,0.34,0.87,0.00,0.00,"0/4 kare koşu","vuruş 1: 0,74s@boss0,91m/oyuncu0,59m; kalıp sonu: merkeze 1,50 m, başlangıçtan 1,50 m, kalıp simülasyonundan 0,00 m; toparlanma 0,46 sn (tablo 0,26)"
6-2,"Emici Bağ","Tılsım","bossu_cek",1,1,1,1,1,1,1,1,1,1,"geri","geri",17988.00,"boss:Burn+Root, boss hız x0,00, oyuncu +4320 can",1.35,1.35,0.46,0.44,0.93,0.00,0.00,"2/5 kare koşu, ayak/gövde hız oranı 1,01","vuruş 1: 0,73s@boss2,62m/oyuncu1,36m; kalıp sonu: merkeze 3,29 m, başlangıçtan 1,60 m, kalıp simülasyonundan 0,00 m, boss 1,31 m kaydı; toparlanma 0,46 sn (tablo 0,26)"
6-3,"Sıçrayan Bağ","Tılsım","basip_sekme",1,1,0,1,1,1,1,1,1,0,"başlangıç","yerinde",18500.00,"boss:Burn+Root, boss hız x0,00",2.44,1.35,0.59,0.52,1.06,0.00,0.00,"1/3 kare koşu, ayak/gövde hız oranı 1,02","vuruş 1: 0,91s@boss1,50m/oyuncu1,63m; kalıp sonu: merkeze 3,20 m, başlangıçtan 0,20 m, kalıp simülasyonundan 0,00 m; toparlanma 0,46 sn (tablo 0,26)"
1-7,"Bulandırıcı Vuruş","Tılsım","dumandan_cikis",1,1,1,1,1,1,1,1,1,1,"ön","ön",83944.00,"boss:Blind+Burn",1.50,1.35,0.54,0.48,1.01,0.00,0.00,"0/3 kare koşu","vuruş 1: 0,80s@boss0,72m/oyuncu1,36m; kalıp sonu: merkeze 1,50 m, başlangıçtan 1,50 m, kalıp simülasyonundan 0,00 m; toparlanma 0,46 sn (tablo 0,26)"
1-8,"Yükselen Vuruş","Tılsım","havaya_kaldirma",1,1,1,1,1,1,1,1,1,1,"ön","ön",87860.00,"boss:Burn+Stun, boss hız x0,00",1.90,1.35,0.39,0.34,0.87,0.00,0.00,"0/6 kare koşu","vuruş 1: 0,60s@boss1,21m/oyuncu1,28m; kalıp sonu: merkeze 1,90 m, başlangıçtan 1,10 m, kalıp simülasyonundan 0,00 m; toparlanma 0,46 sn (tablo 0,26)"
1-9,"Odaklı Vuruş","Tılsım","isarete_vur",1,1,1,1,1,1,1,1,1,1,"ön","ön",135688.00,"boss:Burn",1.65,1.35,0.41,0.38,0.87,0.00,0.00,"0/3 kare koşu","vuruş 1: 0,73s@boss0,78m/oyuncu1,28m; kalıp sonu: merkeze 1,65 m, başlangıçtan 1,35 m, kalıp simülasyonundan 0,00 m; toparlanma 0,46 sn (tablo 0,26)"
2-7,"Bulandırıcı Şifa","Tılsım","sis_ortusu",1,1,1,1,1,1,1,1,1,1,"yerinde","yerinde",0.00,"oyuncu +168000 can",3.00,1.35,0.34,0.30,0.80,0.00,0.00,"","vuruş 1: 0,60s@boss0,00m/oyuncu3,00m; kalıp sonu: merkeze 3,00 m, başlangıçtan 0,00 m, kalıp simülasyonundan 0,00 m"
2-8,"Yükselen Şifa","Tılsım","yerden_buyuyen",1,1,1,1,1,1,1,1,1,1,"yerinde","yerinde",0.00,"oyuncu +168000 can",3.00,1.35,0.46,0.42,0.93,0.00,0.00,"","vuruş 1: 0,73s@boss6,98m/oyuncu4,33m; kalıp sonu: merkeze 3,18 m, başlangıçtan 0,25 m, kalıp simülasyonundan 0,00 m, kalıp hedefi AllyDummy"
2-9,"Odaklı Şifa","Tılsım","koruyucu_isaret",1,0,1,1,1,1,1,1,1,0,"geri","geri",0.00,"",3.00,1.35,0.27,0.20,0.73,0.00,0.00,"0/3 kare koşu","hasar yok, etki görülmedi; vuruş 1: 0,60s@boss3,89m/oyuncu0,35m; kalıp sonu: merkeze 3,61 m, başlangıçtan 0,80 m, kalıp simülasyonundan 0,00 m, kalıp hedefi AllyDummy"
3-7,"Bulandırıcı Adım","Tılsım","duman_kaybolma",1,1,1,1,1,1,1,1,1,1,"ön","ön",5192.00,"boss:Blind+Burn, oyuncu:Stealth",1.50,1.35,0.60,0.59,1.07,0.00,0.00,"0/2 kare koşu","vuruş 1: 0,60s@boss1,50m/oyuncu0,00m; kalıp sonu: merkeze 1,50 m, başlangıçtan 1,50 m, kalıp simülasyonundan 0,00 m; toparlanma 0,46 sn (tablo 0,26)"
3-8,"Yükselen Adım","Tılsım","sicrayip_cakilma",1,1,1,1,1,1,1,1,1,1,"ön","ön",3204.00,"boss:Burn, oyuncu:Haste, oyuncu hız x1,32",1.50,1.35,0.87,0.82,1.33,0.00,0.00,"0/5 kare koşu","vuruş 1: 1,20s@boss1,50m/oyuncu0,00m; kalıp sonu: merkeze 1,50 m, başlangıçtan 1,50 m, kalıp simülasyonundan 0,00 m; toparlanma 0,46 sn (tablo 0,26)"
3-9,"Odaklı Adım","Tılsım","isinlan_kes",1,1,1,1,1,1,1,1,1,1,"arka","arka",3212.00,"boss:Burn",1.50,1.35,0.53,0.48,1.00,0.00,0.00,"0/1 kare koşu","vuruş 1: 0,87s@boss0,00m/oyuncu1,50m; kalıp sonu: merkeze 1,50 m, başlangıçtan 4,50 m, kalıp simülasyonundan 0,00 m; tek karede 4,50 m sıçrama (sınır 2,50 m @ 68 ms, t=0,80, faz isin, blink tasarım gereği); toparlanma 0,46 sn (tablo 0,26)"
7-1,"Yoğun Zafiyet","Tılsım","diken_firlatma",1,1,1,1,1,1,1,1,1,1,"yerinde","yerinde",16352.00,"boss:Burn",3.00,1.35,0.46,0.40,0.93,0.00,0.00,"","vuruş 1: 0,80s@boss0,30m/oyuncu3,30m; kalıp sonu: merkeze 3,00 m, başlangıçtan 0,00 m, kalıp simülasyonundan 0,00 m; toparlanma 0,46 sn (tablo 0,26)"
7-2,"Emici Zafiyet","Tılsım","sokup_cekme",1,1,1,1,1,1,1,1,1,1,"geri","geri",14692.00,"boss:Burn, oyuncu +2936 can",3.00,1.35,0.47,0.44,0.93,0.00,0.00,"1/4 kare koşu, ayak/gövde hız oranı 1,00","vuruş 2: 0,60s@boss0,35m/oyuncu3,45m 0,74s@boss2,58m/oyuncu1,19m; kalıp sonu: merkeze 4,30 m, başlangıçtan 1,30 m, kalıp simülasyonundan 0,00 m; toparlanma 0,46 sn (tablo 0,26)"
7-3,"Sıçrayan Zafiyet","Tılsım","seken_yaratik",1,1,1,1,1,1,1,1,1,1,"yerinde","yerinde",16552.00,"boss:Burn",3.00,1.35,0.66,0.64,1.13,0.00,0.00,"","vuruş 3: 0,66s@boss0,00m/oyuncu3,00m 0,80s@boss0,35m/oyuncu3,02m 1,00s@boss0,35m/oyuncu3,02m; kalıp sonu: merkeze 3,00 m, başlangıçtan 0,00 m, kalıp simülasyonundan 0,00 m; toparlanma 0,46 sn (tablo 0,26)"
8-1,"Yoğun Yükseliş","Tılsım","kuculten_kapi",1,1,1,1,1,1,1,1,1,1,"yerinde","yerinde",0.00,"",3.00,1.35,0.33,0.28,0.79,0.00,0.00,"","hasarsız skill (base_damage 0): etki hareketin kendisi; vuruş 1: 0,59s@boss0,62m/oyuncu2,38m; kalıp sonu: merkeze 3,00 m, başlangıçtan 0,00 m, kalıp simülasyonundan 0,00 m"
8-2,"Emici Yükseliş","Tılsım","kan_muhru",1,1,1,1,1,1,1,1,1,1,"yerinde","yerinde",0.00,"",3.00,1.35,0.33,0.32,0.80,0.00,0.00,"","hasarsız skill (base_damage 0): etki hareketin kendisi; vuruş 1: 0,60s@boss3,00m/oyuncu0,00m; kalıp sonu: merkeze 3,00 m, başlangıçtan 0,00 m, kalıp simülasyonundan 0,00 m"
8-3,"Sıçrayan Yükseliş","Tılsım","pas_verme",1,1,1,1,1,1,1,1,1,1,"yerinde","yerinde",0.00,"",3.00,1.35,0.27,0.24,0.73,0.00,0.00,"","hasarsız skill (base_damage 0): etki hareketin kendisi; vuruş 1: 0,67s@boss6,38m/oyuncu3,90m; kalıp sonu: merkeze 3,00 m, başlangıçtan 0,00 m, kalıp simülasyonundan 0,00 m, kalıp hedefi AllyDummy"
9-1,"Yoğun Arınma","Tılsım","tek_dokunus",1,1,1,1,1,1,1,1,1,1,"geri","geri",0.00,"oyuncu +40000 can",3.00,1.35,0.20,0.16,0.67,0.00,0.00,"0/2 kare koşu","vuruş 1: 0,53s@boss3,89m/oyuncu0,68m; kalıp sonu: merkeze 3,41 m, başlangıçtan 0,55 m, kalıp simülasyonundan 0,00 m, kalıp hedefi AllyDummy"
9-2,"Emici Arınma","Tılsım","cekip_firlat",1,1,1,1,1,1,1,1,1,1,"yerinde","yerinde",0.00,"oyuncu +16000 can, dost +24000 can",3.00,1.35,0.56,0.50,1.01,0.00,0.00,"","vuruş 2: 0,60s@boss2,65m/oyuncu0,35m 0,87s@boss0,30m/oyuncu3,30m; kalıp sonu: merkeze 3,00 m, başlangıçtan 0,00 m, kalıp simülasyonundan 0,00 m"
9-3,"Sıçrayan Arınma","Tılsım","dosttan_dosta",1,1,1,1,1,1,1,1,1,1,"yerinde","yerinde",0.00,"oyuncu +24000 can, dost +12000 can",3.00,1.35,0.60,0.54,1.07,0.00,0.00,"","vuruş 3: 0,60s@boss6,43m/oyuncu3,95m 0,67s@boss6,98m/oyuncu4,53m 0,87s@boss6,88m/oyuncu4,54m; kalıp sonu: merkeze 3,00 m, başlangıçtan 0,00 m, kalıp simülasyonundan 0,00 m, kalıp hedefi AllyDummy"
1-10,"Aynalı Vuruş","Tılsım","sirtta_kapi",1,1,1,1,1,1,1,1,1,1,"ön","ön",6918468.00,"boss:Burn",1.80,1.35,0.34,0.32,0.80,0.00,0.00,"0/3 kare koşu","vuruş 2: 0,60s@boss0,61m/oyuncu1,19m 0,67s@boss0,55m/oyuncu2,35m; kalıp sonu: merkeze 1,80 m, başlangıçtan 1,20 m, kalıp simülasyonundan 0,00 m; toparlanma 0,46 sn (tablo 0,26)"
1-11,"Kopya Vuruş","Tılsım","golge_yankisi",1,1,1,1,1,1,1,1,1,1,"ön","ön",96680.00,"boss:Burn",2.10,1.35,0.53,0.50,1.00,0.00,0.00,"1/3 kare koşu, ayak/gövde hız oranı 1,01","vuruş 2: 0,53s@boss1,12m/oyuncu1,15m 0,86s@boss1,95m/oyuncu1,39m; kalıp sonu: merkeze 2,10 m, başlangıçtan 0,90 m, kalıp simülasyonundan 0,00 m; toparlanma 0,46 sn (tablo 0,26)"
1-12,"Akan Vuruş","Tılsım","basili_seri",1,1,1,1,1,1,1,1,1,1,"ön","ön",73404.00,"boss:Burn",1.60,1.35,3.03,3.00,3.50,0.00,0.00,"","vuruş 6: 0,67s@boss1,73m/oyuncu1,15m 1,20s@boss1,48m/oyuncu1,15m 2,00s@boss1,11m/oyuncu1,15m 2,17s@boss1,03m/oyuncu1,15m 2,70s@boss0,78m/oyuncu1,15m 3,17s@boss0,56m/oyuncu1,15m; kalıp sonu: merkeze 1,60 m, başlangıçtan 1,40 m, kalıp simülasyonundan 0,00 m; toparlanma 0,46 sn (tablo 0,26)"
2-10,"Aynalı Şifa","Tılsım","ters_es",1,1,1,1,1,1,1,1,1,1,"yerinde","yerinde",25200.00,"oyuncu +168000 can",3.00,1.35,0.47,0.44,0.93,0.00,0.00,"","vuruş 2: 0,60s@boss2,60m/oyuncu0,40m 0,80s@boss0,00m/oyuncu3,00m; kalıp sonu: merkeze 3,00 m, başlangıçtan 0,00 m, kalıp simülasyonundan 0,00 m"
2-11,"Kopya Şifa","Tılsım","golge_ulak",1,1,1,1,1,1,1,1,1,1,"yan","yan",0.00,"oyuncu +100000 can, dost +68000 can",2.43,1.35,1.40,1.36,1.87,0.00,0.00,"1/3 kare koşu, ayak/gövde hız oranı 1,00","vuruş 2: 0,53s@boss3,26m/oyuncu0,35m 1,73s@boss3,05m/oyuncu1,46m; kalıp sonu: merkeze 2,43 m, başlangıçtan 1,41 m, kalıp simülasyonundan 0,00 m, kalıp hedefi AllyDummy"
2-12,"Akan Şifa","Tılsım","basili_isik",1,1,1,1,1,1,1,1,1,1,"geri","geri",0.00,"oyuncu +140000 can, dost +28000 can",3.00,1.35,3.01,3.00,3.47,0.00,0.00,"","vuruş 6: 0,67s@boss5,38m/oyuncu2,72m 1,19s@boss5,57m/oyuncu2,72m 1,87s@boss5,83m/oyuncu2,72m 2,20s@boss5,95m/oyuncu2,72m 2,67s@boss6,13m/oyuncu2,72m 3,20s@boss6,33m/oyuncu2,72m; kalıp sonu: merkeze 3,94 m, başlangıçtan 1,20 m, kalıp simülasyonundan 0,00 m, kalıp hedefi AllyDummy"
3-10,"Aynalı Adım","Tılsım","iki_kapi",1,1,1,1,1,1,1,1,1,1,"ön","ön",6012.00,"boss:Burn",1.50,1.35,0.60,0.54,1.06,0.00,0.00,"0/4 kare koşu","vuruş 2: 0,47s@boss3,00m/oyuncu0,00m 0,87s@boss1,50m/oyuncu0,00m; kalıp sonu: merkeze 1,50 m, başlangıçtan 1,50 m, kalıp simülasyonundan 0,00 m; toparlanma 0,46 sn (tablo 0,26)"
3-11,"Kopya Adım","Tılsım","yem_kac",1,1,1,1,1,1,1,1,1,1,"geri","geri",4788.00,"boss:Burn",3.00,1.35,0.40,0.40,0.87,0.00,0.00,"0/4 kare koşu","vuruş 1: 0,47s@boss3,00m/oyuncu0,00m; kalıp sonu: merkeze 5,80 m, başlangıçtan 2,80 m, kalıp simülasyonundan 0,00 m; toparlanma 0,46 sn (tablo 0,26)"
3-12,"Akan Adım","Tılsım","suzulme",1,1,1,1,1,1,1,1,1,1,"ön","ön",0.00,"",1.90,1.35,3.08,3.00,3.56,0.00,0.00,"","hasarsız skill (base_damage 0): etki hareketin kendisi; kalıp sonu: merkeze 1,90 m, başlangıçtan 1,10 m, kalıp simülasyonundan 0,00 m; toparlanma 0,46 sn (tablo 0,26)"
10-1,"Yoğun Yansı","Tılsım","tam_zamanli",1,1,1,1,1,1,1,1,1,1,"yerinde","yerinde",3612.00,"boss:Burn",3.00,1.35,0.54,0.50,1.00,0.00,0.00,"","vuruş 1: 0,80s@boss0,62m/oyuncu2,38m; kalıp sonu: merkeze 3,00 m, başlangıçtan 0,00 m, kalıp simülasyonundan 0,00 m; toparlanma 0,46 sn (tablo 0,26)"
10-2,"Emici Yansı","Tılsım","yutan_girdap",1,1,1,1,1,1,1,1,1,1,"yerinde","yerinde",16212.00,"boss:Burn",1.35,1.35,3.16,3.18,3.69,0.00,0.00,"","vuruş 4: 1,40s@boss1,03m/oyuncu2,38m 2,40s@boss1,03m/oyuncu2,38m 2,96s@boss1,03m/oyuncu2,38m 3,65s@boss1,03m/oyuncu2,38m; kalıp sonu: merkeze 1,35 m, başlangıçtan 0,00 m, kalıp simülasyonundan 0,00 m, boss 1,65 m kaydı; toparlanma 0,46 sn (tablo 0,26)"
10-3,"Sıçrayan Yansı","Tılsım","seken_geri",1,1,1,1,1,1,1,1,1,1,"ön","ön",4364.00,"boss:Burn",1.90,1.35,0.40,0.36,0.87,0.00,0.00,"0/3 kare koşu","vuruş 2: 0,54s@boss0,52m/oyuncu1,53m 0,67s@boss0,00m/oyuncu1,90m; kalıp sonu: merkeze 1,90 m, başlangıçtan 1,10 m, kalıp simülasyonundan 0,00 m; toparlanma 0,46 sn (tablo 0,26)"
10-10,"Aynalı Yansı","Tılsım","iki_kapi",1,1,1,1,1,1,1,1,1,1,"ön","ön",5592.00,"boss:Burn",1.50,1.35,0.60,0.54,1.07,0.00,0.00,"0/4 kare koşu","vuruş 2: 0,47s@boss3,00m/oyuncu0,00m 0,87s@boss1,50m/oyuncu0,00m; kalıp sonu: merkeze 1,50 m, başlangıçtan 1,50 m, kalıp simülasyonundan 0,00 m; toparlanma 0,46 sn (tablo 0,26)"
10-11,"Kopya Yansı","Tılsım","yem_kopya",1,1,1,1,1,1,1,1,1,1,"yerinde","yerinde",3616.00,"boss:Burn",3.00,1.35,0.24,0.24,0.71,0.00,0.00,"","vuruş 1: 0,53s@boss2,98m/oyuncu1,29m; kalıp sonu: merkeze 3,00 m, başlangıçtan 0,00 m, kalıp simülasyonundan 0,00 m; toparlanma 0,46 sn (tablo 0,26)"
10-12,"Akan Yansı","Tılsım","basili_siper",1,1,1,1,1,1,1,1,1,1,"ön","ön",16028.00,"boss:Burn",2.20,1.35,3.00,3.00,3.47,0.00,0.00,"","vuruş 3: 1,20s@boss0,41m/oyuncu2,38m 2,20s@boss0,14m/oyuncu2,38m 3,20s@boss0,13m/oyuncu2,38m; kalıp sonu: merkeze 2,20 m, başlangıçtan 0,80 m, kalıp simülasyonundan 0,00 m; toparlanma 0,46 sn (tablo 0,26)"
11-1,"Yoğun Çağrı","Tılsım","sirt_saplama",1,1,1,1,1,1,1,1,1,1,"yerinde","yerinde",3216.00,"boss:Burn",2.89,1.35,0.50,0.44,0.94,0.00,0.00,"","vuruş 1: 0,80s@boss0,00m/oyuncu2,89m; kalıp sonu: merkeze 2,89 m, başlangıçtan 0,11 m, kalıp simülasyonundan 0,00 m"
11-2,"Emici Çağrı","Tılsım","yapisan",1,1,1,1,1,1,1,1,1,1,"yerinde","yerinde",25016.00,"boss:Burn",1.35,1.35,5.35,5.18,5.81,0.00,0.00,"","vuruş 6: 0,60s@boss0,20m/oyuncu2,65m 1,60s@boss0,00m/oyuncu1,35m 2,60s@boss0,00m/oyuncu1,35m 3,62s@boss0,00m/oyuncu1,35m 4,63s@boss0,00m/oyuncu1,35m 5,77s@boss0,00m/oyuncu1,35m; kalıp sonu: merkeze 1,35 m, başlangıçtan 0,00 m, kalıp simülasyonundan 0,00 m, boss 1,65 m kaydı"
11-3,"Sıçrayan Çağrı","Tılsım","seken_yaratik",1,1,1,1,1,1,1,1,1,1,"yerinde","yerinde",5200.00,"boss:Burn",3.00,1.35,0.67,0.64,1.13,0.00,0.00,"","vuruş 3: 0,66s@boss0,00m/oyuncu3,00m 0,86s@boss0,35m/oyuncu3,02m 1,00s@boss0,35m/oyuncu3,02m; kalıp sonu: merkeze 3,00 m, başlangıçtan 0,00 m, kalıp simülasyonundan 0,00 m"
11-10,"Aynalı Çağrı","Tılsım","takim_kapisi",1,1,1,1,1,1,1,1,1,1,"yerinde","yerinde",9600.00,"boss:Burn",3.00,1.35,1.27,1.24,1.73,0.00,0.00,"","vuruş 1: 0,53s@boss3,00m/oyuncu0,00m; kalıp sonu: merkeze 3,00 m, başlangıçtan 0,00 m, kalıp simülasyonundan 0,00 m"
11-11,"Kopya Çağrı","Tılsım","ayna_klonlar",1,1,1,1,1,1,1,1,1,1,"yerinde","yerinde",4388.00,"boss:Burn",3.00,1.35,0.53,0.50,1.00,0.00,0.00,"","vuruş 2: 0,67s@boss2,93m/oyuncu1,41m 0,86s@boss2,93m/oyuncu1,41m; kalıp sonu: merkeze 3,00 m, başlangıçtan 0,00 m, kalıp simülasyonundan 0,00 m"
11-12,"Akan Çağrı","Tılsım","kapidan_akin",1,1,1,1,1,1,1,1,1,1,"yerinde","yerinde",21992.00,"boss:Burn",3.00,1.35,4.26,4.20,4.73,0.00,0.00,"","vuruş 6: 0,60s@boss0,85m/oyuncu2,15m 1,40s@boss0,00m/oyuncu3,00m 2,27s@boss0,00m/oyuncu3,00m 3,00s@boss0,00m/oyuncu3,00m 3,80s@boss0,00m/oyuncu3,00m 4,67s@boss0,00m/oyuncu3,00m; kalıp sonu: merkeze 3,00 m, başlangıçtan 0,00 m, kalıp simülasyonundan 0,00 m"
12-1,"Yoğun Zaman","Tılsım","zamanli_donma",1,1,1,1,1,1,1,1,1,1,"ön","ön",3204.00,"boss:Burn+Slow, boss hız x0,70",1.50,1.35,0.53,0.50,1.00,0.00,0.00,"0/3 kare koşu","vuruş 1: 0,86s@boss0,54m/oyuncu1,28m; kalıp sonu: merkeze 1,50 m, başlangıçtan 1,50 m, kalıp simülasyonundan 0,00 m; toparlanma 0,46 sn (tablo 0,26)"
12-2,"Emici Zaman","Tılsım","ceken_girdap",1,1,1,1,1,1,1,1,1,1,"yerinde","yerinde",6780.00,"boss:Burn+Slow, oyuncu:Haste, boss hız x0,70, oyuncu hız x1,56",3.00,1.35,1.33,1.32,1.80,0.00,0.00,"","vuruş 3: 1,13s@boss0,00m/oyuncu3,00m 1,60s@boss0,00m/oyuncu3,00m 1,65s@boss0,00m/oyuncu3,00m; kalıp sonu: merkeze 3,00 m, başlangıçtan 0,00 m, kalıp simülasyonundan 0,00 m; toparlanma 0,46 sn (tablo 0,26)"
12-3,"Sıçrayan Zaman","Tılsım","geri_donen_kure",1,1,1,1,1,1,1,1,1,1,"yerinde","yerinde",4808.00,"boss:Burn+Slow, boss hız x0,70",3.00,1.35,0.53,0.50,1.00,0.00,0.00,"","vuruş 2: 0,60s@boss0,30m/oyuncu3,30m 0,87s@boss0,96m/oyuncu2,04m; kalıp sonu: merkeze 3,00 m, başlangıçtan 0,00 m, kalıp simülasyonundan 0,00 m; toparlanma 0,46 sn (tablo 0,26)"
12-10,"Aynalı Zaman","Tılsım","boss_geri",1,1,1,1,1,1,1,1,1,1,"yerinde","yerinde",4384.00,"boss:Burn+Slow, boss hız x0,70",3.00,1.35,0.46,0.46,0.93,0.00,0.00,"","vuruş 1: 0,60s@boss0,30m/oyuncu3,30m; kalıp sonu: merkeze 3,00 m, başlangıçtan 0,00 m, kalıp simülasyonundan 0,00 m; toparlanma 0,46 sn (tablo 0,26)"
12-11,"Kopya Zaman","Tılsım","geri_sarma",1,1,1,1,1,1,1,1,1,1,"başlangıç","başlangıç",0.00,"",1.50,1.35,2.72,2.66,3.26,0.00,0.00,"1/8 kare koşu, ayak/gövde hız oranı 0,91","hasarsız skill (base_damage 0): etki hareketin kendisi; kalıp sonu: merkeze 3,00 m, başlangıçtan 0,00 m, kalıp simülasyonundan 0,00 m; toparlanma 0,46 sn (tablo 0,26)"
12-12,"Akan Zaman","Tılsım","yuruyen_balon",1,1,1,1,1,1,1,1,1,1,"ön","ön",24188.00,"boss:Burn+Slow, boss hız x0,70",1.80,1.35,4.24,4.20,4.70,0.00,0.00,"","vuruş 5: 0,53s@boss3,00m/oyuncu0,00m 1,60s@boss2,70m/oyuncu0,00m 2,60s@boss2,40m/oyuncu0,00m 3,60s@boss2,10m/oyuncu0,00m 4,63s@boss1,80m/oyuncu0,00m; kalıp sonu: merkeze 1,80 m, başlangıçtan 1,20 m, kalıp simülasyonundan 0,00 m; toparlanma 0,46 sn (tablo 0,26)"
4-4,"Sabit Kalkan","Tılsım","duvar_dikme",1,1,1,1,1,1,1,1,1,1,"yerinde","yerinde",0.00,"",3.00,1.35,0.33,0.32,0.80,0.00,0.00,"","hasarsız skill (base_damage 0): etki hareketin kendisi; vuruş 1: 0,67s@boss0,62m/oyuncu2,38m; kalıp sonu: merkeze 3,00 m, başlangıçtan 0,00 m, kalıp simülasyonundan 0,00 m; toparlanma 0,46 sn (tablo 0,26)"
4-5,"Yayılan Kalkan","Tılsım","onde_yelpaze",1,1,1,1,1,1,0,1,1,0,"yerinde","yerinde",0.00,"",3.00,1.35,0.35,0.63,1.15,0.00,0.00,"","hasarsız skill (base_damage 0): etki hareketin kendisi; vuruş 1: 0,89s@boss1,88m/oyuncu1,12m; kalıp sonu: merkeze 3,00 m, başlangıçtan 0,00 m, kalıp simülasyonundan 0,00 m; toparlanma 0,46 sn (tablo 0,26); kalıp bang'den 0,34 sn sonra başladı"
4-6,"Bağlayıcı Kalkan","Tılsım","zincirli_firlatma",1,1,1,1,1,1,1,1,1,1,"ön","ön",0.00,"",1.50,1.35,0.73,0.70,1.20,0.00,0.00,"2/4 kare koşu, ayak/gövde hız oranı 0,98","hasarsız skill (base_damage 0): etki hareketin kendisi; vuruş 2: 0,60s@boss0,45m/oyuncu3,45m 1,07s@boss0,48m/oyuncu1,28m; kalıp sonu: merkeze 1,50 m, başlangıçtan 1,50 m, kalıp simülasyonundan 0,00 m; toparlanma 0,46 sn (tablo 0,26)"
4-7,"Bulandırıcı Kalkan","Tılsım","duman_duvari",1,1,1,1,1,1,1,1,1,1,"yerinde","yerinde",0.00,"",2.80,1.35,0.53,0.52,1.00,0.00,0.00,"","hasarsız skill (base_damage 0): etki hareketin kendisi; vuruş 1: 0,60s@boss0,42m/oyuncu2,38m; kalıp sonu: merkeze 2,80 m, başlangıçtan 0,20 m, kalıp simülasyonundan 0,00 m; toparlanma 0,46 sn (tablo 0,26)"
4-8,"Yükselen Kalkan","Tılsım","yerden_buyuyen",1,1,1,1,1,1,1,1,1,1,"yerinde","yerinde",0.00,"",3.00,1.35,0.46,0.42,0.93,0.00,0.00,"","hasarsız skill (base_damage 0): etki hareketin kendisi; vuruş 1: 0,73s@boss6,98m/oyuncu4,33m; kalıp sonu: merkeze 3,18 m, başlangıçtan 0,25 m, kalıp simülasyonundan 0,00 m, kalıp hedefi AllyDummy; toparlanma 0,46 sn (tablo 0,26)"
4-9,"Odaklı Kalkan","Tılsım","koruyucu_isaret",1,1,1,1,1,1,1,1,1,1,"geri","geri",0.00,"",3.00,1.35,0.27,0.20,0.73,0.00,0.00,"0/3 kare koşu","hasarsız skill (base_damage 0): etki hareketin kendisi; vuruş 1: 0,60s@boss3,90m/oyuncu0,35m; kalıp sonu: merkeze 3,61 m, başlangıçtan 0,80 m, kalıp simülasyonundan 0,00 m, kalıp hedefi AllyDummy; toparlanma 0,46 sn (tablo 0,26)"
5-4,"Sabit Patlama","Tılsım","mayin_cakma",1,1,1,1,1,1,1,1,1,1,"yerinde","yerinde",57984.00,"boss:Burn",3.00,1.35,0.47,0.42,0.93,0.00,0.00,"","vuruş 2: 0,66s@boss0,85m/oyuncu2,15m 0,73s@boss0,85m/oyuncu2,15m; kalıp sonu: merkeze 3,00 m, başlangıçtan 0,00 m, kalıp simülasyonundan 0,00 m; toparlanma 0,46 sn (tablo 0,26)"
5-5,"Yayılan Patlama","Tılsım","yer_yarigi",1,1,1,1,1,1,1,1,1,1,"ön","ön",50280.00,"boss:Burn",1.50,1.35,0.60,0.56,1.07,0.00,0.00,"0/8 kare koşu","vuruş 3: 0,73s@boss0,25m/oyuncu1,27m 0,80s@boss0,14m/oyuncu1,36m 0,94s@boss0,23m/oyuncu1,28m; kalıp sonu: merkeze 1,50 m, başlangıçtan 2,07 m, kalıp simülasyonundan 0,00 m; toparlanma 0,46 sn (tablo 0,26)"
5-6,"Bağlayıcı Patlama","Tılsım","gerilip_kopan",1,1,1,1,1,1,1,1,1,1,"geri","geri",58528.00,"boss:Root+Slow+Burn, boss hız x0,00",1.35,1.35,0.60,0.58,1.10,0.00,0.00,"1/7 kare koşu, ayak/gövde hız oranı 1,01","vuruş 2: 0,63s@boss0,85m/oyuncu1,10m 0,97s@boss0,85m/oyuncu2,65m; kalıp sonu: merkeze 2,77 m, başlangıçtan 0,50 m, kalıp simülasyonundan 0,00 m, boss 0,73 m kaydı; toparlanma 0,46 sn (tablo 0,26)"
5-7,"Bulandırıcı Patlama","Tılsım","sis_bombasi",1,1,1,1,1,1,1,1,1,1,"yerinde","yerinde",55392.00,"boss:Blind+Burn, oyuncu:Stealth",3.00,1.35,0.00,0.22,0.46,0.00,0.00,"","vuruş 1: 0,46s@boss0,35m/oyuncu3,35m; kalıp sonu: merkeze 3,00 m, başlangıçtan 0,00 m, kalıp simülasyonundan 0,00 m; toparlanma 0,46 sn (tablo 0,26)"
5-8,"Yükselen Patlama","Tılsım","yerden_fiskirma",1,1,1,1,1,1,1,1,1,1,"ön","ön",63816.00,"boss:Burn+Stun, boss hız x0,00",2.60,1.35,0.12,0.44,0.72,0.00,0.00,"","vuruş 1: 0,60s@boss0,00m/oyuncu2,66m; kalıp sonu: merkeze 2,60 m, başlangıçtan 0,40 m, kalıp simülasyonundan 0,00 m; toparlanma 0,46 sn (tablo 0,26)"
5-9,"Odaklı Patlama","Tılsım","gudumlu_top",1,1,1,1,1,1,1,1,1,1,"yerinde","yerinde",97072.00,"boss:Burn",3.00,1.35,0.60,0.56,1.07,0.00,0.00,"","vuruş 1: 0,93s@boss0,00m/oyuncu3,00m; kalıp sonu: merkeze 3,00 m, başlangıçtan 0,00 m, kalıp simülasyonundan 0,00 m; toparlanma 0,46 sn (tablo 0,26)"
6-4,"Sabit Bağ","Tılsım","karsilikli_kilit",1,1,1,1,1,1,1,1,1,1,"ön","ön",35436.00,"boss:Burn+Root, boss hız x0,00",1.50,1.35,3.30,3.24,3.76,0.00,0.00,"1/4 kare koşu, ayak/gövde hız oranı 1,01","vuruş 1: 0,94s@boss0,40m/oyuncu1,11m; kalıp sonu: merkeze 1,50 m, başlangıçtan 1,50 m, kalıp simülasyonundan 0,00 m; toparlanma 0,46 sn (tablo 0,26)"
6-5,"Yayılan Bağ","Tılsım","yer_tuzagi",1,1,1,1,1,1,1,1,1,1,"yerinde","yerinde",15948.00,"boss:Burn+Root, boss hız x0,00",3.00,1.35,0.33,0.28,0.83,0.00,0.00,"","vuruş 1: 0,64s@boss0,62m/oyuncu2,38m; kalıp sonu: merkeze 3,00 m, başlangıçtan 0,00 m, kalıp simülasyonundan 0,00 m; toparlanma 0,46 sn (tablo 0,26)"
6-6,"Bağlayıcı Bağ","Tılsım","iki_uclu",1,1,1,1,1,1,1,1,1,1,"yerinde","yerinde",21032.00,"boss:Root+Slow+Burn, boss hız x0,00",3.00,1.35,0.67,0.65,1.13,0.00,0.00,"","vuruş 1: 0,60s@boss0,28m/oyuncu3,28m; kalıp sonu: merkeze 3,00 m, başlangıçtan 0,00 m, kalıp simülasyonundan 0,00 m; toparlanma 0,46 sn (tablo 0,26)"
6-7,"Bulandırıcı Bağ","Tılsım","goz_bagi",1,1,1,1,1,1,1,1,1,1,"yerinde","yerinde",18704.00,"boss:Blind+Burn+Root, boss hız x0,00",3.00,1.35,0.13,0.20,0.60,0.00,0.00,"","vuruş 1: 0,60s@boss0,28m/oyuncu3,28m; kalıp sonu: merkeze 3,00 m, başlangıçtan 0,00 m, kalıp simülasyonundan 0,00 m; toparlanma 0,46 sn (tablo 0,26)"
6-8,"Yükselen Bağ","Tılsım","havada_asma",1,1,1,1,1,1,1,1,1,1,"ön","ön",21764.00,"boss:Stun+Burn+Root, boss hız x0,00",1.50,1.35,1.20,1.14,1.66,0.00,0.00,"0/5 kare koşu","vuruş 1: 1,13s@boss1,50m/oyuncu0,00m; kalıp sonu: merkeze 1,50 m, başlangıçtan 1,50 m, kalıp simülasyonundan 0,00 m; toparlanma 0,46 sn (tablo 0,26)"
6-9,"Odaklı Bağ","Tılsım","zamanli_donma",1,1,1,1,1,1,1,1,1,1,"ön","ön",42484.00,"boss:Burn+Root, boss hız x0,00",1.50,1.35,0.53,0.50,1.00,0.00,0.00,"0/3 kare koşu","vuruş 1: 0,87s@boss0,55m/oyuncu1,28m; kalıp sonu: merkeze 1,50 m, başlangıçtan 1,50 m, kalıp simülasyonundan 0,00 m; toparlanma 0,46 sn (tablo 0,26)"
7-4,"Sabit Zafiyet","Tılsım","mayin_cakma",1,1,1,1,1,1,1,1,1,1,"yerinde","yerinde",13812.00,"boss:Burn",3.00,1.35,0.47,0.42,0.93,0.00,0.00,"","vuruş 2: 0,67s@boss0,85m/oyuncu2,15m 0,74s@boss0,85m/oyuncu2,15m; kalıp sonu: merkeze 3,00 m, başlangıçtan 0,00 m, kalıp simülasyonundan 0,00 m; toparlanma 0,46 sn (tablo 0,26)"
7-5,"Yayılan Zafiyet","Tılsım","onde_yelpaze",1,1,1,1,1,1,1,1,1,1,"yerinde","yerinde",17372.00,"boss:Burn",3.00,1.35,0.67,0.63,1.14,0.00,0.00,"","vuruş 1: 0,87s@boss1,88m/oyuncu1,12m; kalıp sonu: merkeze 3,00 m, başlangıçtan 0,00 m, kalıp simülasyonundan 0,00 m; toparlanma 0,46 sn (tablo 0,26)"
7-6,"Bağlayıcı Zafiyet","Tılsım","dost_ip",1,1,1,1,1,1,1,1,1,1,"yerinde","yerinde",17056.00,"boss:Root+Slow+Burn, boss hız x0,00",3.00,1.35,0.67,0.62,1.14,0.00,0.00,"","vuruş 1: 0,60s@boss0,28m/oyuncu3,28m; kalıp sonu: merkeze 3,00 m, başlangıçtan 0,00 m, kalıp simülasyonundan 0,00 m; toparlanma 0,46 sn (tablo 0,26)"
8-4,"Sabit Yükseliş","Tılsım","totem_dikme",1,1,1,1,1,1,0,1,1,0,"yerinde","yerinde",0.00,"",3.00,1.35,0.56,0.30,1.03,0.00,0.00,"","hasarsız skill (base_damage 0): etki hareketin kendisi; vuruş 1: 1,00s@boss3,11m/oyuncu0,00m; kalıp sonu: merkeze 3,11 m, başlangıçtan 0,15 m, kalıp simülasyonundan 0,00 m, kalıp hedefi AllyDummy; kalıp 0,56 sn (beklenen 0,30)"
8-5,"Yayılan Yükseliş","Tılsım","savas_narasi",1,1,1,1,1,1,1,1,1,1,"yerinde","yerinde",0.00,"",3.00,1.35,0.40,0.36,0.87,0.00,0.00,"","hasarsız skill (base_damage 0): etki hareketin kendisi; vuruş 1: 0,60s@boss3,00m/oyuncu0,00m; kalıp sonu: merkeze 3,00 m, başlangıçtan 0,00 m, kalıp simülasyonundan 0,00 m"
8-6,"Bağlayıcı Yükseliş","Tılsım","dost_dosta",1,1,1,1,1,1,1,1,1,1,"yan","yan",0.00,"",2.38,1.35,0.53,0.52,1.00,0.00,0.00,"1/4 kare koşu, ayak/gövde hız oranı 0,88","hasarsız skill (base_damage 0): etki hareketin kendisi; vuruş 3: 0,53s@boss4,05m/oyuncu1,22m 0,73s@boss2,85m/oyuncu1,41m 0,87s@boss4,76m/oyuncu2,38m; kalıp sonu: merkeze 2,38 m, başlangıçtan 1,41 m, kalıp simülasyonundan 0,00 m, kalıp hedefi AllyDummy"
9-4,"Sabit Arınma","Tılsım","yer_tuzagi",1,1,1,1,1,1,1,1,1,1,"yerinde","yerinde",0.00,"oyuncu +40000 can",3.00,1.35,0.33,0.28,0.80,0.00,0.00,"","vuruş 1: 0,60s@boss0,62m/oyuncu2,38m; kalıp sonu: merkeze 3,00 m, başlangıçtan 0,00 m, kalıp simülasyonundan 0,00 m"
9-5,"Yayılan Arınma","Tılsım","dagilan_yagmur",1,1,1,1,1,1,1,1,1,1,"yerinde","yerinde",0.00,"oyuncu +40000 can",3.00,1.35,0.60,0.58,1.06,0.00,0.00,"","vuruş 1: 0,80s@boss3,00m/oyuncu0,00m; kalıp sonu: merkeze 3,00 m, başlangıçtan 0,00 m, kalıp simülasyonundan 0,00 m, kalıp hedefi AllyDummy"
9-6,"Bağlayıcı Arınma","Tılsım","iki_uclu",1,1,1,1,1,1,1,1,1,1,"yerinde","yerinde",0.00,"oyuncu +40000 can",3.00,1.35,0.67,0.65,1.13,0.00,0.00,"","vuruş 1: 0,60s@boss6,34m/oyuncu3,85m; kalıp sonu: merkeze 3,00 m, başlangıçtan 0,00 m, kalıp simülasyonundan 0,00 m, kalıp hedefi AllyDummy"
4-10,"Aynalı Kalkan","Tılsım","sirtta_kapi",1,1,1,1,1,1,1,1,1,1,"ön","ön",24000.00,"",1.80,1.35,0.33,0.32,0.80,0.00,0.00,"0/3 kare koşu","vuruş 2: 0,53s@boss0,94m/oyuncu1,19m 0,66s@boss0,55m/oyuncu2,35m; kalıp sonu: merkeze 1,80 m, başlangıçtan 1,20 m, kalıp simülasyonundan 0,00 m; toparlanma 0,46 sn (tablo 0,26)"
4-11,"Kopya Kalkan","Tılsım","yem_kopya",1,1,1,1,1,1,1,1,1,1,"yerinde","yerinde",0.00,"",3.00,1.35,0.27,0.24,0.73,0.00,0.00,"","hasarsız skill (base_damage 0): etki hareketin kendisi; vuruş 1: 0,53s@boss2,98m/oyuncu1,29m; kalıp sonu: merkeze 3,00 m, başlangıçtan 0,00 m, kalıp simülasyonundan 0,00 m; toparlanma 0,46 sn (tablo 0,26)"
4-12,"Akan Kalkan","Tılsım","basili_siper",1,1,1,1,1,1,1,1,1,1,"geri","geri",0.00,"",3.00,1.35,3.07,3.00,3.53,0.00,0.00,"","hasarsız skill (base_damage 0): etki hareketin kendisi; vuruş 3: 1,20s@boss5,17m/oyuncu2,38m 2,20s@boss5,41m/oyuncu2,38m 3,20s@boss5,66m/oyuncu2,38m; kalıp sonu: merkeze 3,61 m, başlangıçtan 0,80 m, kalıp simülasyonundan 0,00 m, kalıp hedefi AllyDummy; toparlanma 0,46 sn (tablo 0,26)"
5-10,"Aynalı Patlama","Tılsım","karsi_darbe",1,1,1,1,1,1,1,1,1,1,"ön","ön",58992.00,"boss:Burn",1.70,1.35,0.00,0.36,0.47,0.00,0.00,"0/1 kare koşu","vuruş 1: 0,47s@boss0,34m/oyuncu1,36m; kalıp sonu: merkeze 1,70 m, başlangıçtan 1,30 m, kalıp simülasyonundan 0,00 m; toparlanma 0,46 sn (tablo 0,26)"
5-11,"Kopya Patlama","Tılsım","golge_yankisi",1,1,1,1,1,1,1,1,1,1,"ön","ön",59368.00,"boss:Burn",2.10,1.35,0.53,0.50,1.00,0.00,0.00,"1/3 kare koşu, ayak/gövde hız oranı 1,01","vuruş 2: 0,53s@boss1,10m/oyuncu1,15m 0,87s@boss1,95m/oyuncu1,39m; kalıp sonu: merkeze 2,10 m, başlangıçtan 0,90 m, kalıp simülasyonundan 0,00 m; toparlanma 0,46 sn (tablo 0,26)"
5-12,"Akan Patlama","Tılsım","patlayan_iz",1,1,1,1,1,1,1,1,1,1,"ön","ön",56132.00,"boss:Burn",2.95,1.35,3.05,3.00,3.52,0.00,0.00,"","vuruş 6: 0,87s@boss2,14m/oyuncu1,53m 1,40s@boss2,32m/oyuncu1,53m 1,86s@boss2,93m/oyuncu1,53m 2,38s@boss2,76m/oyuncu1,53m 2,92s@boss2,41m/oyuncu1,53m 3,38s@boss2,08m/oyuncu1,53m; kalıp sonu: merkeze 3,60 m, başlangıçtan 2,20 m, kalıp simülasyonundan 0,70 m, boss 2,80 m kaydı; toparlanma 0,46 sn (tablo 0,26)"
6-10,"Aynalı Bağ","Tılsım","karsi_darbe",1,1,1,1,1,1,1,1,1,1,"ön","ön",18180.00,"boss:Burn+Root, boss hız x0,00",1.70,1.35,0.40,0.36,0.86,0.00,0.00,"0/3 kare koşu","vuruş 1: 0,73s@boss0,56m/oyuncu1,36m; kalıp sonu: merkeze 1,70 m, başlangıçtan 1,30 m, kalıp simülasyonundan 0,00 m; toparlanma 0,46 sn (tablo 0,26)"
6-11,"Kopya Bağ","Tılsım","onden_arkadan",1,1,1,1,1,1,1,1,1,1,"ön","ön",20020.00,"boss:Burn+Root, boss hız x0,00",2.10,1.35,0.39,0.34,0.86,0.00,0.00,"0/3 kare koşu","vuruş 2: 0,53s@boss1,17m/oyuncu1,11m 0,66s@boss0,60m/oyuncu2,70m; kalıp sonu: merkeze 2,10 m, başlangıçtan 0,90 m, kalıp simülasyonundan 0,00 m; toparlanma 0,46 sn (tablo 0,26)"
6-12,"Akan Bağ","Tılsım","cember_sarma",1,1,1,1,1,1,1,1,1,1,"arka","arka",13556.00,"boss:Root+Burn, boss hız x0,00",1.50,1.35,0.94,0.90,1.40,0.00,0.00,"0/11 kare koşu","vuruş 1: 1,27s@boss0,00m/oyuncu2,06m; kalıp sonu: merkeze 2,06 m, başlangıçtan 4,59 m, kalıp simülasyonundan 0,00 m; toparlanma 0,46 sn (tablo 0,26)"
10-4,"Sabit Yansı","Tılsım","duvar_dikme",1,1,1,1,1,1,1,1,1,1,"yerinde","yerinde",3212.00,"boss:Burn",3.00,1.35,0.40,0.32,0.86,0.00,0.00,"","vuruş 1: 0,67s@boss0,62m/oyuncu2,38m; kalıp sonu: merkeze 3,00 m, başlangıçtan 0,00 m, kalıp simülasyonundan 0,00 m; toparlanma 0,46 sn (tablo 0,26)"
10-5,"Yayılan Yansı","Tılsım","yuruyen_balon",1,1,1,1,1,1,1,1,1,1,"ön","ön",24108.00,"boss:Burn",1.80,1.35,4.20,4.20,4.66,0.00,0.00,"","vuruş 5: 0,53s@boss3,00m/oyuncu0,00m 1,94s@boss2,60m/oyuncu0,00m 2,60s@boss2,40m/oyuncu0,00m 3,62s@boss2,10m/oyuncu0,00m 4,62s@boss1,80m/oyuncu0,00m; kalıp sonu: merkeze 1,80 m, başlangıçtan 1,20 m, kalıp simülasyonundan 0,00 m; toparlanma 0,46 sn (tablo 0,26)"
10-6,"Bağlayıcı Yansı","Tılsım","silaha_kement",1,1,1,1,1,1,1,1,1,1,"yerinde","yerinde",7604.00,"boss:Root+Slow+Burn, boss hız x0,00",3.00,1.35,1.00,0.94,1.47,0.00,0.00,"","vuruş 1: 0,60s@boss0,40m/oyuncu3,40m; kalıp sonu: merkeze 3,00 m, başlangıçtan 0,00 m, kalıp simülasyonundan 0,00 m; toparlanma 0,46 sn (tablo 0,26)"
11-4,"Sabit Çağrı","Tılsım","taret_dikme",1,1,1,1,1,1,1,1,1,1,"yerinde","yerinde",3192.00,"boss:Burn",3.00,1.35,0.47,0.42,0.93,0.00,0.00,"","vuruş 2: 0,53s@boss3,00m/oyuncu0,00m 0,80s@boss0,28m/oyuncu3,28m; kalıp sonu: merkeze 3,00 m, başlangıçtan 0,00 m, kalıp simülasyonundan 0,00 m"
11-5,"Yayılan Çağrı","Tılsım","dagilan_suru",1,1,1,1,1,1,1,1,1,1,"yerinde","yerinde",4804.00,"boss:Burn",3.00,1.35,0.47,0.42,0.94,0.00,0.00,"","vuruş 3: 0,53s@boss0,35m/oyuncu3,02m 0,67s@boss0,00m/oyuncu3,00m 0,80s@boss0,35m/oyuncu3,02m; kalıp sonu: merkeze 3,00 m, başlangıçtan 0,00 m, kalıp simülasyonundan 0,00 m"
11-6,"Bağlayıcı Çağrı","Tılsım","muhafiz",1,1,1,1,1,1,1,1,1,1,"yerinde","yerinde",4744.00,"boss:Burn+Root+Slow, boss hız x0,00",3.00,1.35,0.54,0.52,1.01,0.00,0.00,"","vuruş 1: 0,61s@boss2,89m/oyuncu1,20m; kalıp sonu: merkeze 3,00 m, başlangıçtan 0,00 m, kalıp simülasyonundan 0,00 m"
12-4,"Sabit Zaman","Tılsım","totem_dikme",1,1,1,1,1,1,1,1,1,1,"yerinde","yerinde",3196.00,"boss:Burn+Slow+Stun, boss hız x0,00",2.85,1.35,0.33,0.30,0.80,0.00,0.00,"","vuruş 1: 0,67s@boss2,87m/oyuncu0,00m; kalıp sonu: merkeze 2,85 m, başlangıçtan 0,15 m, kalıp simülasyonundan 0,00 m; toparlanma 0,46 sn (tablo 0,26)"
12-5,"Yayılan Zaman","Tılsım","genisleyen_halka",1,1,1,1,1,1,1,1,1,1,"yerinde","yerinde",3596.00,"boss:Burn+Slow, boss hız x0,70",3.00,1.35,0.60,0.58,1.07,0.00,0.00,"","vuruş 1: 0,87s@boss3,00m/oyuncu0,00m; kalıp sonu: merkeze 3,00 m, başlangıçtan 0,00 m, kalıp simülasyonundan 0,00 m; toparlanma 0,46 sn (tablo 0,26)"
12-6,"Bağlayıcı Zaman","Tılsım","iki_uclu",1,1,1,1,1,1,1,1,1,1,"yerinde","yerinde",5624.00,"boss:Burn, oyuncu:Haste, oyuncu hız x1,56",3.00,1.35,0.67,0.65,1.13,0.00,0.00,"","vuruş 1: 0,60s@boss0,28m/oyuncu3,28m; kalıp sonu: merkeze 3,00 m, başlangıçtan 0,00 m, kalıp simülasyonundan 0,00 m; toparlanma 0,46 sn (tablo 0,26)"
7-7,"Bulandırıcı Zafiyet","Tılsım","sis_bombasi",1,1,1,1,1,1,1,1,1,1,"yerinde","yerinde",13468.00,"boss:Blind+Burn",3.00,1.35,0.27,0.22,0.74,0.00,0.00,"","vuruş 1: 0,60s@boss0,35m/oyuncu3,35m; kalıp sonu: merkeze 3,00 m, başlangıçtan 0,00 m, kalıp simülasyonundan 0,00 m; toparlanma 0,46 sn (tablo 0,26)"
7-8,"Yükselen Zafiyet","Tılsım","yerden_fiskirma",1,1,1,1,1,1,1,1,1,1,"ön","ön",12560.00,"boss:Burn+Stun, boss hız x0,00",2.60,1.35,0.60,0.44,1.07,0.00,0.00,"","vuruş 1: 1,07s@boss0,00m/oyuncu2,60m; kalıp sonu: merkeze 2,60 m, başlangıçtan 0,40 m, kalıp simülasyonundan 0,00 m; toparlanma 0,46 sn (tablo 0,26)"
7-9,"Odaklı Zafiyet","Tılsım","isaret_patlamasi",1,1,1,1,1,1,1,1,1,1,"yerinde","yerinde",19884.00,"boss:Burn",3.00,1.35,1.94,1.92,2.41,0.00,0.00,"","vuruş 1: 2,27s@boss0,00m/oyuncu3,00m; kalıp sonu: merkeze 3,00 m, başlangıçtan 0,00 m, kalıp simülasyonundan 0,00 m; toparlanma 0,46 sn (tablo 0,26)"
7-10,"Aynalı Zafiyet","Tılsım","onden_arkadan",1,1,1,1,1,1,1,1,1,1,"ön","ön",18564.00,"boss:Burn",2.10,1.35,0.40,0.34,0.87,0.00,0.00,"0/3 kare koşu","vuruş 2: 0,54s@boss1,15m/oyuncu1,11m 0,67s@boss0,60m/oyuncu2,70m; kalıp sonu: merkeze 2,10 m, başlangıçtan 0,90 m, kalıp simülasyonundan 0,00 m; toparlanma 0,46 sn (tablo 0,26)"
7-11,"Kopya Zafiyet","Tılsım","golge_yankisi",1,1,1,1,1,1,1,1,1,1,"ön","ön",19612.00,"boss:Burn",2.10,1.35,0.53,0.50,1.00,0.00,0.00,"1/3 kare koşu, ayak/gövde hız oranı 1,01","vuruş 2: 0,53s@boss1,12m/oyuncu1,15m 0,86s@boss1,95m/oyuncu1,39m; kalıp sonu: merkeze 2,10 m, başlangıçtan 0,90 m, kalıp simülasyonundan 0,00 m; toparlanma 0,46 sn (tablo 0,26)"
7-12,"Akan Zafiyet","Tılsım","basili_isik",1,1,1,1,1,1,1,1,1,1,"ön","ön",35232.00,"boss:Burn",1.80,1.35,3.00,3.00,3.47,0.00,0.00,"","vuruş 6: 0,66s@boss0,17m/oyuncu2,72m 1,19s@boss0,04m/oyuncu2,72m 1,66s@boss0,23m/oyuncu2,72m 2,20s@boss0,44m/oyuncu2,72m 2,66s@boss0,63m/oyuncu2,72m 3,33s@boss0,89m/oyuncu2,72m; kalıp sonu: merkeze 1,80 m, başlangıçtan 1,20 m, kalıp simülasyonundan 0,00 m; toparlanma 0,46 sn (tablo 0,26)"
8-7,"Bulandırıcı Yükseliş","Tılsım","goz_bagi",1,1,1,1,1,1,1,1,1,1,"yerinde","yerinde",0.00,"",3.00,1.35,0.25,0.20,0.69,0.00,0.00,"","hasarsız skill (base_damage 0): etki hareketin kendisi; vuruş 1: 0,62s@boss0,28m/oyuncu3,28m; kalıp sonu: merkeze 3,00 m, başlangıçtan 0,00 m, kalıp simülasyonundan 0,00 m"
8-8,"Yükselen Yükseliş","Tılsım","buyuten_kemer",1,1,1,1,1,1,1,1,1,1,"yerinde","yerinde",0.00,"",3.00,1.35,0.53,0.42,1.00,0.00,0.00,"","hasarsız skill (base_damage 0): etki hareketin kendisi; vuruş 1: 0,93s@boss5,09m/oyuncu2,21m; kalıp sonu: merkeze 3,22 m, başlangıçtan 0,30 m, kalıp simülasyonundan 0,00 m, kalıp hedefi AllyDummy"
8-9,"Odaklı Yükseliş","Tılsım","gudumlu_top",1,1,1,1,1,1,1,1,1,1,"yerinde","yerinde",0.00,"",3.00,1.35,0.60,0.56,1.07,0.00,0.00,"","hasarsız skill (base_damage 0): etki hareketin kendisi; vuruş 1: 0,94s@boss6,98m/oyuncu4,53m; kalıp sonu: merkeze 3,00 m, başlangıçtan 0,00 m, kalıp simülasyonundan 0,00 m, kalıp hedefi AllyDummy"
8-10,"Aynalı Yükseliş","Tılsım","ters_es",1,1,1,1,1,1,1,1,1,1,"yerinde","yerinde",0.00,"",3.00,1.35,0.47,0.44,0.94,0.00,0.00,"","hasarsız skill (base_damage 0): etki hareketin kendisi; vuruş 2: 0,60s@boss2,60m/oyuncu0,40m 0,80s@boss0,00m/oyuncu3,00m; kalıp sonu: merkeze 3,00 m, başlangıçtan 0,00 m, kalıp simülasyonundan 0,00 m"
8-11,"Kopya Yükseliş","Tılsım","golge_ulak",1,1,1,1,1,1,1,1,1,1,"yan","yan",0.00,"",2.43,1.35,1.40,1.36,1.86,0.00,0.00,"1/3 kare koşu, ayak/gövde hız oranı 1,00","hasarsız skill (base_damage 0): etki hareketin kendisi; vuruş 2: 0,53s@boss3,26m/oyuncu0,35m 1,73s@boss3,08m/oyuncu1,46m; kalıp sonu: merkeze 2,43 m, başlangıçtan 1,41 m, kalıp simülasyonundan 0,00 m, kalıp hedefi AllyDummy"
8-12,"Akan Yükseliş","Tılsım","akinti_yolu",1,1,1,1,1,1,1,1,1,1,"geri","geri",0.00,"",3.00,1.35,1.00,0.94,1.47,0.00,0.00,"0/10 kare koşu","hasarsız skill (base_damage 0): etki hareketin kendisi; vuruş 1: 1,27s@boss6,27m/oyuncu2,38m; kalıp sonu: merkeze 4,11 m, başlangıçtan 1,40 m, kalıp simülasyonundan 0,00 m, kalıp hedefi AllyDummy"
9-7,"Bulandırıcı Arınma","Tılsım","sis_ortusu",1,1,1,1,1,1,1,1,1,1,"yerinde","yerinde",0.00,"oyuncu +40000 can",3.00,1.35,0.34,0.30,0.80,0.00,0.00,"","vuruş 1: 0,60s@boss0,00m/oyuncu3,00m; kalıp sonu: merkeze 3,00 m, başlangıçtan 0,00 m, kalıp simülasyonundan 0,00 m"
9-8,"Yükselen Arınma","Tılsım","isik_sutunu",1,1,1,1,1,1,1,1,1,1,"yerinde","yerinde",0.00,"oyuncu +40000 can",3.00,1.35,0.53,0.48,1.00,0.00,0.00,"","vuruş 1: 0,80s@boss3,06m/oyuncu0,00m; kalıp sonu: merkeze 3,07 m, başlangıçtan 0,10 m, kalıp simülasyonundan 0,00 m, kalıp hedefi AllyDummy"
9-9,"Odaklı Arınma","Tılsım","mermi_sondur",1,1,1,1,1,1,1,1,1,1,"yerinde","yerinde",0.00,"oyuncu +40000 can",3.00,1.35,0.40,0.38,0.81,0.00,0.00,"","vuruş 1: 0,67s@boss6,98m/oyuncu4,53m; kalıp sonu: merkeze 3,00 m, başlangıçtan 0,00 m, kalıp simülasyonundan 0,00 m, kalıp hedefi AllyDummy"
9-10,"Aynalı Arınma","Tılsım","yer_degistir",1,1,1,1,1,1,1,1,1,1,"arka","arka",0.00,"oyuncu +40000 can",1.50,1.35,0.40,0.34,0.86,0.00,0.00,"0/1 kare koşu","vuruş 1: 0,72s@boss0,31m/oyuncu1,19m; kalıp sonu: merkeze 1,50 m, başlangıçtan 4,50 m, kalıp simülasyonundan 0,00 m, ışın 8,34 m konumdan çıkarıldı; tek karede 8,34 m sıçrama (sınır 2,28 m @ 62 ms, t=0,86, ışın tasarım gereği)"
9-11,"Kopya Arınma","Tılsım","yem_kopya",1,1,1,1,1,1,1,1,1,1,"yerinde","yerinde",0.00,"oyuncu +40000 can",3.00,1.35,0.27,0.24,0.73,0.00,0.00,"","vuruş 1: 0,53s@boss2,98m/oyuncu1,29m; kalıp sonu: merkeze 3,00 m, başlangıçtan 0,00 m, kalıp simülasyonundan 0,00 m"
9-12,"Akan Arınma","Tılsım","nabiz",1,1,1,1,1,1,1,1,1,1,"yerinde","yerinde",0.00,"oyuncu +24000 can, dost +12000 can",3.00,1.35,3.20,3.18,3.67,0.00,0.00,"","vuruş 3: 1,60s@boss3,00m/oyuncu0,00m 2,60s@boss3,00m/oyuncu0,00m 3,58s@boss3,00m/oyuncu0,00m; kalıp sonu: merkeze 3,00 m, başlangıçtan 0,00 m, kalıp simülasyonundan 0,00 m"
10-7,"Bulandırıcı Yansı","Tılsım","sahte_goruntu",1,1,1,1,1,1,1,1,1,1,"geri","geri",4880.00,"boss:Blind+Burn",3.00,1.35,0.48,0.44,0.98,0.00,0.00,"1/1 kare koşu, ayak/gövde hız oranı 0,87","vuruş 3: 0,57s@boss3,06m/oyuncu1,37m 0,72s@boss3,06m/oyuncu1,37m 0,93s@boss3,90m/oyuncu0,00m; kalıp sonu: merkeze 3,90 m, başlangıçtan 0,90 m, kalıp simülasyonundan 0,00 m; toparlanma 0,46 sn (tablo 0,26)"
10-8,"Yükselen Yansı","Tılsım","yerden_buyuyen",1,1,1,1,1,1,1,1,1,1,"yerinde","yerinde",3268.00,"boss:Burn",2.75,1.35,0.47,0.42,0.97,0.00,0.00,"","vuruş 1: 0,76s@boss0,00m/oyuncu2,80m; kalıp sonu: merkeze 2,75 m, başlangıçtan 0,25 m, kalıp simülasyonundan 0,00 m; toparlanma 0,46 sn (tablo 0,26)"
10-9,"Odaklı Yansı","Tılsım","koruyucu_isaret",1,1,1,1,1,1,1,1,1,1,"ön","ön",2804.00,"boss:Burn",2.20,1.35,0.19,0.20,0.65,0.00,0.00,"0/3 kare koşu","vuruş 1: 0,60s@boss1,85m/oyuncu0,35m; kalıp sonu: merkeze 2,20 m, başlangıçtan 0,80 m, kalıp simülasyonundan 0,00 m; toparlanma 0,46 sn (tablo 0,26)"
11-7,"Bulandırıcı Çağrı","Tılsım","sirt_saplama",1,1,1,1,1,1,1,1,1,1,"yerinde","yerinde",3192.00,"boss:Blind+Burn",3.00,1.35,0.37,0.32,0.81,0.00,0.00,"","vuruş 1: 0,67s@boss0,00m/oyuncu3,00m; kalıp sonu: merkeze 3,00 m, başlangıçtan 0,00 m, kalıp simülasyonundan 0,00 m"
11-8,"Yükselen Çağrı","Tılsım","dostu_yerden",1,1,1,1,1,1,0,1,1,0,"yan","yan",4408.00,"boss:Burn",2.96,1.35,0.47,0.78,1.14,0.00,0.00,"0/6 kare koşu","vuruş 1: 0,94s@boss2,82m/oyuncu0,95m; kalıp sonu: merkeze 2,99 m, başlangıçtan 0,91 m, kalıp simülasyonundan 0,00 m; kalıp bang'den 0,26 sn sonra başladı"
11-9,"Odaklı Çağrı","Tılsım","pesinden_av",1,1,1,1,1,1,1,1,1,1,"yerinde","yerinde",3188.00,"boss:Burn",2.75,1.35,2.47,2.44,2.93,0.00,0.00,"0/2 kare koşu","vuruş 1: 2,80s@boss0,00m/oyuncu2,75m; kalıp sonu: merkeze 2,75 m, başlangıçtan 0,25 m, kalıp simülasyonundan 0,00 m"
12-7,"Bulandırıcı Zaman","Tılsım","kum_saati",1,1,1,1,1,1,1,1,1,1,"yerinde","yerinde",5596.00,"boss:Blind+Burn+Slow, boss hız x0,70",3.00,1.35,0.67,0.62,1.13,0.00,0.00,"","vuruş 1: 0,60s@boss0,28m/oyuncu3,28m; kalıp sonu: merkeze 3,00 m, başlangıçtan 0,00 m, kalıp simülasyonundan 0,00 m; toparlanma 0,46 sn (tablo 0,26)"
12-8,"Yükselen Zaman","Tılsım","isik_sutunu",1,1,1,1,1,1,1,1,1,1,"yerinde","yerinde",3608.00,"boss:Burn, oyuncu:Haste, oyuncu hız x1,80",2.90,1.35,0.53,0.48,1.00,0.00,0.00,"","vuruş 1: 0,80s@boss2,92m/oyuncu0,00m; kalıp sonu: merkeze 2,90 m, başlangıçtan 0,10 m, kalıp simülasyonundan 0,00 m; toparlanma 0,46 sn (tablo 0,26)"
12-9,"Odaklı Zaman","Tılsım","isaret_patlamasi",1,1,1,1,1,1,1,1,1,1,"yerinde","yerinde",3184.00,"boss:Burn+Slow, boss hız x0,70",3.00,1.35,1.94,1.92,2.40,0.00,0.00,"","vuruş 1: 2,27s@boss0,00m/oyuncu3,00m; kalıp sonu: merkeze 3,00 m, başlangıçtan 0,00 m, kalıp simülasyonundan 0,00 m; toparlanma 0,46 sn (tablo 0,26)"
1-1,"Yoğun Vuruş","Kalkan","yukle_birak",1,1,1,1,1,1,1,1,1,1,"ön","ön",93112.00,"boss:Burn",1.50,1.35,0.53,0.52,0.94,0.00,0.00,"0/3 kare koşu","vuruş 1: 0,81s@boss0,36m/oyuncu1,53m; kalıp sonu: merkeze 1,50 m, başlangıçtan 1,50 m, kalıp simülasyonundan 0,00 m"
1-2,"Emici Vuruş","Kalkan","kan_ceken_pence",1,1,1,1,1,1,1,1,1,1,"yerinde","yerinde",65264.00,"boss:Burn, oyuncu +18140 can",1.35,1.35,0.39,0.38,0.79,0.00,0.00,"","vuruş 3: 0,47s@boss1,70m/oyuncu1,02m 0,60s@boss1,13m/oyuncu1,02m 0,73s@boss0,60m/oyuncu1,02m; kalıp sonu: merkeze 1,39 m, başlangıçtan 0,00 m, kalıp simülasyonundan 0,00 m, boss 1,61 m kaydı"
1-3,"Sıçrayan Vuruş","Kalkan","yan_yan_sekme",1,1,1,1,1,1,0,1,1,0,"geri","geri",66308.00,"boss:Burn",2.76,1.35,0.24,0.58,0.97,0.00,0.00,"0/3 kare koşu","vuruş 2: 0,73s@boss0,74m/oyuncu3,49m 0,92s@boss0,74m/oyuncu4,25m; kalıp sonu: merkeze 3,59 m, başlangıçtan 1,23 m, kalıp simülasyonundan 0,00 m; kalıp bang'den 0,36 sn sonra başladı"
1-4,"Sabit Vuruş","Kalkan","yere_cakilan",1,1,1,1,1,1,1,1,1,1,"ön","ön",67988.00,"boss:Burn",2.10,1.35,0.60,0.54,1.00,0.00,0.00,"0/2 kare koşu","vuruş 1: 0,87s@boss2,10m/oyuncu0,00m; kalıp sonu: merkeze 2,10 m, başlangıçtan 0,90 m, kalıp simülasyonundan 0,00 m"
1-5,"Yayılan Vuruş","Kalkan","donen_kesik",1,1,1,1,1,1,1,1,1,1,"yerinde","yerinde",61868.00,"boss:Burn",3.00,1.35,0.60,0.55,1.00,0.00,0.00,"","vuruş 1: 0,60s@boss3,00m/oyuncu0,00m; kalıp sonu: merkeze 3,00 m, başlangıçtan 0,00 m, kalıp simülasyonundan 0,00 m"
1-6,"Bağlayıcı Vuruş","Kalkan","zincirli_firlatma",1,1,1,1,1,1,1,1,1,1,"ön","ön",69568.00,"boss:Root+Slow+Burn, boss hız x0,00",1.50,1.35,0.73,0.70,1.13,0.00,0.00,"2/4 kare koşu, ayak/gövde hız oranı 0,98","vuruş 2: 0,53s@boss0,45m/oyuncu3,45m 1,00s@boss0,46m/oyuncu1,28m; kalıp sonu: merkeze 1,50 m, başlangıçtan 1,50 m, kalıp simülasyonundan 0,00 m"
2-1,"Yoğun Şifa","Kalkan","tek_dokunus",1,1,1,1,1,1,1,1,1,1,"geri","geri",0.00,"oyuncu +56000 can",3.00,1.35,0.20,0.16,0.60,0.00,0.00,"0/2 kare koşu","vuruş 1: 0,46s@boss3,89m/oyuncu0,68m; kalıp sonu: merkeze 3,41 m, başlangıçtan 0,55 m, kalıp simülasyonundan 0,00 m, kalıp hedefi AllyDummy"
2-2,"Emici Şifa","Kalkan","uzaktan_emme",1,1,1,1,1,1,1,1,1,1,"yerinde","yerinde",53200.00,"oyuncu +84000 can, dost +28000 can",2.65,1.35,2.20,2.16,2.60,0.00,0.00,"","vuruş 4: 1,00s@boss0,19m/oyuncu2,72m 1,53s@boss0,10m/oyuncu2,72m 2,00s@boss0,02m/oyuncu2,72m 2,53s@boss0,07m/oyuncu2,72m; kalıp sonu: merkeze 2,65 m, başlangıçtan 0,35 m, kalıp simülasyonundan 0,00 m"
2-3,"Sıçrayan Şifa","Kalkan","dosttan_dosta",1,1,1,1,1,1,0,1,1,0,"yerinde","yerinde",0.00,"oyuncu +40000 can, dost +20000 can",3.00,1.35,0.27,0.54,0.80,0.00,0.00,"","vuruş 3: 0,53s@boss6,43m/oyuncu3,95m 0,53s@boss6,98m/oyuncu4,53m 0,59s@boss6,88m/oyuncu4,54m; kalıp sonu: merkeze 3,00 m, başlangıçtan 0,00 m, kalıp simülasyonundan 0,00 m, kalıp hedefi AllyDummy; kalıp bang'den 0,16 sn sonra başladı"
2-4,"Sabit Şifa","Kalkan","totem_dikme",1,1,1,1,1,1,1,1,1,1,"yerinde","yerinde",0.00,"oyuncu +56000 can",3.00,1.35,0.33,0.30,0.73,0.00,0.00,"","vuruş 1: 0,60s@boss3,10m/oyuncu0,00m; kalıp sonu: merkeze 3,11 m, başlangıçtan 0,15 m, kalıp simülasyonundan 0,00 m, kalıp hedefi AllyDummy"
2-5,"Yayılan Şifa","Kalkan","genisleyen_halka",1,1,1,1,1,1,1,1,1,1,"yerinde","yerinde",0.00,"oyuncu +56000 can",3.00,1.35,0.60,0.58,1.00,0.00,0.00,"","vuruş 1: 0,80s@boss3,00m/oyuncu0,00m; kalıp sonu: merkeze 3,00 m, başlangıçtan 0,00 m, kalıp simülasyonundan 0,00 m"
2-6,"Bağlayıcı Şifa","Kalkan","dostu_kanca",1,1,1,1,1,1,0,1,1,0,"geri","geri",0.00,"oyuncu +56000 can",3.00,1.35,0.22,0.52,0.95,0.00,0.00,"0/4 kare koşu","vuruş 1: 0,81s@boss5,89m/oyuncu0,40m; kalıp sonu: merkeze 5,92 m, başlangıçtan 3,40 m, kalıp simülasyonundan 0,00 m, kalıp hedefi AllyDummy; kalıp bang'den 0,36 sn sonra başladı"
3-1,"Yoğun Adım","Kalkan","isinlan_kes",1,1,1,1,1,1,1,1,1,1,"arka","arka",3616.00,"boss:Burn",1.50,1.35,0.53,0.48,0.93,0.00,0.00,"0/1 kare koşu","vuruş 1: 0,80s@boss0,00m/oyuncu1,50m; kalıp sonu: merkeze 1,50 m, başlangıçtan 4,50 m, kalıp simülasyonundan 0,00 m; tek karede 4,50 m sıçrama (sınır 2,62 m @ 71 ms, t=0,74, faz isin, blink tasarım gereği)"
3-2,"Emici Adım","Kalkan","icinden_emme",1,1,1,1,1,1,1,1,1,1,"arka","arka",3996.00,"boss:Burn",0.33,1.35,0.33,0.28,0.73,0.00,0.00,"0/5 kare koşu","vuruş 1: 0,53s@boss0,34m/oyuncu1,36m; kalıp sonu: merkeze 2,60 m, başlangıçtan 5,08 m, kalıp simülasyonundan 0,57 m, boss 0,52 m kaydı; gövdeye girdi: merkeze 0,33 m (t=0,46, temas 1,35) geçiş tasarım gereği"
3-3,"Sıçrayan Adım","Kalkan","sekmeli_ziplama",1,1,1,1,1,1,0,1,1,0,"arka","arka",5808.00,"boss:Burn",1.50,1.35,0.96,0.60,1.36,0.00,0.00,"0/7 kare koşu","vuruş 3: 0,53s@boss1,83m/oyuncu0,00m 0,73s@boss1,50m/oyuncu0,00m 1,13s@boss1,50m/oyuncu0,00m; kalıp sonu: merkeze 1,50 m, başlangıçtan 4,50 m, kalıp simülasyonundan 0,00 m; kalıp 0,96 sn (beklenen 0,60)"
3-4,"Sabit Adım","Kalkan","geri_sarma",1,1,1,1,1,1,1,1,1,1,"başlangıç","başlangıç",0.00,"",1.50,1.35,2.67,2.66,3.07,0.00,0.00,"2/9 kare koşu, ayak/gövde hız oranı 0,94","hasarsız skill (base_damage 0): etki hareketin kendisi; kalıp sonu: merkeze 3,00 m, başlangıçtan 0,00 m, kalıp simülasyonundan 0,00 m"
3-5,"Yayılan Adım","Kalkan","dalis_patlamasi",1,1,1,1,1,1,1,1,1,1,"ön","ön",5200.00,"boss:Burn",1.50,1.35,0.13,0.42,0.60,0.00,0.00,"1/1 kare koşu, ayak/gövde hız oranı 0,99","vuruş 1: 0,47s@boss1,50m/oyuncu0,00m; kalıp sonu: merkeze 1,50 m, başlangıçtan 1,50 m, kalıp simülasyonundan 0,00 m"
3-6,"Bağlayıcı Adım","Kalkan","kanca_cekis",1,1,1,1,1,1,1,1,1,1,"arka","arka",4008.00,"boss:Root+Slow+Burn, boss hız x0,00",1.50,1.35,0.80,0.74,1.20,0.00,0.00,"1/10 kare koşu, ayak/gövde hız oranı 1,03","vuruş 1: 1,00s@boss0,00m/oyuncu1,50m; kalıp sonu: merkeze 1,50 m, başlangıçtan 4,50 m, kalıp simülasyonundan 0,00 m"
4-1,"Yoğun Kalkan","Kalkan","tam_zamanli",1,1,1,1,1,1,1,1,1,1,"yerinde","yerinde",0.00,"",3.00,1.35,0.53,0.50,0.87,0.00,0.00,"","hasarsız skill (base_damage 0): etki hareketin kendisi; vuruş 1: 0,67s@boss0,62m/oyuncu2,38m; kalıp sonu: merkeze 3,00 m, başlangıçtan 0,00 m, kalıp simülasyonundan 0,00 m"
4-2,"Emici Kalkan","Kalkan","kalkan_calma",1,1,1,1,1,1,1,1,1,1,"yerinde","yerinde",95000.00,"",1.35,1.35,0.27,0.20,0.60,0.00,0.00,"","vuruş 1: 0,40s@boss1,46m/oyuncu1,28m; kalıp sonu: merkeze 1,90 m, başlangıçtan 0,00 m, kalıp simülasyonundan 0,00 m, boss 1,10 m kaydı"
4-3,"Sıçrayan Kalkan","Kalkan","seken_disk",1,1,1,1,1,1,1,1,1,1,"yerinde","yerinde",0.00,"",3.00,1.35,0.47,0.42,0.80,0.00,0.00,"","hasarsız skill (base_damage 0): etki hareketin kendisi; vuruş 2: 0,47s@boss0,30m/oyuncu3,30m 0,60s@boss3,04m/oyuncu1,43m; kalıp sonu: merkeze 3,00 m, başlangıçtan 0,00 m, kalıp simülasyonundan 0,00 m"
5-1,"Yoğun Patlama","Kalkan","saplanan_fitil",1,1,1,1,1,1,1,1,1,1,"geri","geri",65796.00,"boss:Burn",2.37,1.35,1.60,1.62,2.00,0.00,0.00,"1/6 kare koşu, ayak/gövde hız oranı 1,03","vuruş 2: 0,46s@boss0,85m/oyuncu1,52m 2,00s@boss0,85m/oyuncu2,95m; kalıp sonu: merkeze 3,80 m, başlangıçtan 0,80 m, kalıp simülasyonundan 0,00 m"
5-2,"Emici Patlama","Kalkan","ceken_girdap",1,1,1,1,1,1,1,1,1,1,"yerinde","yerinde",49020.00,"boss:Burn, oyuncu +12667 can",1.35,1.35,1.40,1.32,1.80,0.00,0.00,"","vuruş 3: 1,07s@boss0,00m/oyuncu1,35m 1,53s@boss0,00m/oyuncu1,35m 1,60s@boss0,00m/oyuncu1,35m; kalıp sonu: merkeze 1,35 m, başlangıçtan 0,00 m, kalıp simülasyonundan 0,00 m, boss 1,65 m kaydı"
5-3,"Sıçrayan Patlama","Kalkan","seken_bomba",1,1,1,1,1,1,1,1,1,1,"yerinde","yerinde",49568.00,"boss:Burn",3.00,1.35,0.60,0.58,1.00,0.00,0.00,"","vuruş 3: 0,53s@boss0,40m/oyuncu3,40m 0,66s@boss0,00m/oyuncu3,00m 0,87s@boss0,35m/oyuncu3,02m; kalıp sonu: merkeze 3,00 m, başlangıçtan 0,00 m, kalıp simülasyonundan 0,00 m"
6-1,"Yoğun Bağ","Kalkan","sinir_noktasi",1,1,1,1,1,1,1,1,1,1,"ön","ön",26464.00,"boss:Burn+Stun, boss hız x0,00",1.50,1.35,0.40,0.34,0.73,0.00,0.00,"0/4 kare koşu","vuruş 1: 0,60s@boss0,91m/oyuncu0,59m; kalıp sonu: merkeze 1,50 m, başlangıçtan 1,50 m, kalıp simülasyonundan 0,00 m"
6-2,"Emici Bağ","Kalkan","bossu_cek",1,1,1,1,1,1,1,1,1,1,"geri","geri",19136.00,"boss:Burn+Root, boss hız x0,00, oyuncu +4422 can",1.35,1.35,0.47,0.44,0.80,0.00,0.00,"2/5 kare koşu, ayak/gövde hız oranı 1,02","vuruş 1: 0,60s@boss1,53m/oyuncu1,36m; kalıp sonu: merkeze 2,68 m, başlangıçtan 1,60 m, kalıp simülasyonundan 0,00 m, boss 1,92 m kaydı"
6-3,"Sıçrayan Bağ","Kalkan","basip_sekme",1,1,1,1,1,1,1,1,1,1,"başlangıç","başlangıç",20780.00,"boss:Burn+Root, boss hız x0,00",1.68,1.35,0.53,0.52,0.87,0.00,0.00,"0/7 kare koşu","vuruş 1: 0,60s@boss1,50m/oyuncu0,25m; kalıp sonu: merkeze 3,20 m, başlangıçtan 0,20 m, kalıp simülasyonundan 0,00 m"
1-7,"Bulandırıcı Vuruş","Kalkan","dumandan_cikis",1,1,1,1,1,1,1,1,1,1,"ön","ön",69820.00,"boss:Blind+Burn, oyuncu:Stealth",1.50,1.35,0.53,0.48,0.93,0.00,0.00,"0/3 kare koşu","vuruş 1: 0,73s@boss0,73m/oyuncu1,36m; kalıp sonu: merkeze 1,50 m, başlangıçtan 1,50 m, kalıp simülasyonundan 0,00 m"
1-8,"Yükselen Vuruş","Kalkan","havaya_kaldirma",1,1,1,1,1,1,1,1,1,1,"ön","ön",71440.00,"boss:Burn+Stun, boss hız x0,00",1.90,1.35,0.34,0.34,0.74,0.00,0.00,"0/5 kare koşu","vuruş 1: 0,54s@boss1,07m/oyuncu1,28m; kalıp sonu: merkeze 1,90 m, başlangıçtan 1,10 m, kalıp simülasyonundan 0,00 m"
1-9,"Odaklı Vuruş","Kalkan","isarete_vur",1,1,1,1,1,1,1,1,1,1,"ön","ön",110100.00,"boss:Burn",1.65,1.35,0.40,0.38,0.80,0.00,0.00,"0/3 kare koşu","vuruş 1: 0,67s@boss0,77m/oyuncu1,28m; kalıp sonu: merkeze 1,65 m, başlangıçtan 1,35 m, kalıp simülasyonundan 0,00 m"
2-7,"Bulandırıcı Şifa","Kalkan","sis_ortusu",1,1,1,1,1,1,1,1,1,1,"yerinde","yerinde",0.00,"oyuncu:Stealth, oyuncu +56000 can",3.00,1.35,0.33,0.30,0.73,0.00,0.00,"","vuruş 1: 0,53s@boss0,00m/oyuncu3,00m; kalıp sonu: merkeze 3,00 m, başlangıçtan 0,00 m, kalıp simülasyonundan 0,00 m"
2-8,"Yükselen Şifa","Kalkan","yerden_buyuyen",1,1,1,1,1,1,1,1,1,1,"yerinde","yerinde",0.00,"oyuncu +56000 can",3.00,1.35,0.47,0.42,0.86,0.00,0.00,"","vuruş 1: 0,66s@boss6,98m/oyuncu4,33m; kalıp sonu: merkeze 3,18 m, başlangıçtan 0,25 m, kalıp simülasyonundan 0,00 m, kalıp hedefi AllyDummy"
2-9,"Odaklı Şifa","Kalkan","koruyucu_isaret",1,0,1,1,1,1,1,1,1,0,"geri","geri",0.00,"",3.00,1.35,0.20,0.20,0.60,0.00,0.00,"0/3 kare koşu","hasar yok, etki görülmedi; vuruş 1: 0,53s@boss3,90m/oyuncu0,35m; kalıp sonu: merkeze 3,61 m, başlangıçtan 0,80 m, kalıp simülasyonundan 0,00 m, kalıp hedefi AllyDummy"
3-7,"Bulandırıcı Adım","Kalkan","duman_kaybolma",1,1,1,1,1,1,1,1,1,1,"ön","ön",5580.00,"boss:Blind+Burn, oyuncu:Stealth",1.50,1.35,0.60,0.59,1.00,0.00,0.00,"0/2 kare koşu","vuruş 1: 0,53s@boss1,50m/oyuncu0,00m; kalıp sonu: merkeze 1,50 m, başlangıçtan 1,50 m, kalıp simülasyonundan 0,00 m"
3-8,"Yükselen Adım","Kalkan","sicrayip_cakilma",1,1,1,1,1,1,1,1,1,1,"ön","ön",3600.00,"boss:Burn, oyuncu:Haste, oyuncu hız x1,10",1.50,1.35,0.87,0.82,1.27,0.00,0.00,"0/5 kare koşu","vuruş 1: 1,13s@boss1,50m/oyuncu0,00m; kalıp sonu: merkeze 1,50 m, başlangıçtan 1,50 m, kalıp simülasyonundan 0,00 m"
3-9,"Odaklı Adım","Kalkan","isinlan_kes",1,1,1,1,1,1,1,1,1,1,"arka","arka",3600.00,"boss:Burn",1.50,1.35,0.53,0.48,0.93,0.00,0.00,"0/1 kare koşu","vuruş 1: 0,80s@boss0,00m/oyuncu1,50m; kalıp sonu: merkeze 1,50 m, başlangıçtan 4,50 m, kalıp simülasyonundan 0,00 m; tek karede 4,50 m sıçrama (sınır 2,42 m @ 65 ms, t=0,73, faz isin, blink tasarım gereği)"
7-1,"Yoğun Zafiyet","Kalkan","diken_firlatma",1,1,1,1,1,1,1,1,1,1,"yerinde","yerinde",14392.00,"boss:Burn",3.00,1.35,0.33,0.40,0.73,0.00,0.00,"","vuruş 1: 0,73s@boss0,30m/oyuncu3,30m; kalıp sonu: merkeze 3,00 m, başlangıçtan 0,00 m, kalıp simülasyonundan 0,00 m"
7-2,"Emici Zafiyet","Kalkan","sokup_cekme",1,1,1,1,1,1,1,1,1,1,"geri","geri",15956.00,"boss:Burn, oyuncu +3184 can",1.35,1.35,0.47,0.44,0.87,0.00,0.00,"1/4 kare koşu, ayak/gövde hız oranı 1,00","vuruş 2: 0,53s@boss0,35m/oyuncu2,89m 0,67s@boss1,46m/oyuncu1,19m; kalıp sonu: merkeze 2,38 m, başlangıçtan 1,30 m, kalıp simülasyonundan 0,00 m, boss 1,92 m kaydı"
7-3,"Sıçrayan Zafiyet","Kalkan","seken_yaratik",1,1,1,1,1,1,1,1,1,1,"yerinde","yerinde",16260.00,"boss:Burn",3.00,1.35,0.69,0.64,1.10,0.00,0.00,"","vuruş 3: 0,61s@boss0,00m/oyuncu3,00m 0,74s@boss0,35m/oyuncu3,02m 0,90s@boss0,35m/oyuncu3,02m; kalıp sonu: merkeze 3,00 m, başlangıçtan 0,00 m, kalıp simülasyonundan 0,00 m"
8-1,"Yoğun Yükseliş","Kalkan","kuculten_kapi",1,1,1,1,1,1,1,1,1,1,"yerinde","yerinde",0.00,"",3.00,1.35,0.34,0.28,0.67,0.00,0.00,"","hasarsız skill (base_damage 0): etki hareketin kendisi; vuruş 1: 0,47s@boss0,62m/oyuncu2,38m; kalıp sonu: merkeze 3,00 m, başlangıçtan 0,00 m, kalıp simülasyonundan 0,00 m"
8-2,"Emici Yükseliş","Kalkan","kan_muhru",1,1,1,1,1,1,1,1,1,1,"yerinde","yerinde",0.00,"",3.00,1.35,0.33,0.32,0.67,0.00,0.00,"","hasarsız skill (base_damage 0): etki hareketin kendisi; vuruş 1: 0,46s@boss3,00m/oyuncu0,00m; kalıp sonu: merkeze 3,00 m, başlangıçtan 0,00 m, kalıp simülasyonundan 0,00 m"
8-3,"Sıçrayan Yükseliş","Kalkan","pas_verme",1,1,1,1,1,1,1,1,1,1,"yerinde","yerinde",0.00,"",3.00,1.35,0.27,0.24,0.60,0.00,0.00,"","hasarsız skill (base_damage 0): etki hareketin kendisi; vuruş 1: 0,53s@boss6,38m/oyuncu3,90m; kalıp sonu: merkeze 3,00 m, başlangıçtan 0,00 m, kalıp simülasyonundan 0,00 m, kalıp hedefi AllyDummy"
9-1,"Yoğun Arınma","Kalkan","tek_dokunus",1,1,1,1,1,1,1,1,1,1,"geri","geri",0.00,"oyuncu +12000 can",3.00,1.35,0.20,0.16,0.60,0.00,0.00,"0/2 kare koşu","vuruş 1: 0,47s@boss3,89m/oyuncu0,68m; kalıp sonu: merkeze 3,41 m, başlangıçtan 0,55 m, kalıp simülasyonundan 0,00 m, kalıp hedefi AllyDummy"
9-2,"Emici Arınma","Kalkan","cekip_firlat",1,1,1,1,1,1,1,1,1,1,"yerinde","yerinde",0.00,"oyuncu +4000 can, dost +8000 can",3.00,1.35,0.58,0.50,0.98,0.00,0.00,"","vuruş 2: 0,54s@boss2,65m/oyuncu0,35m 0,94s@boss0,30m/oyuncu3,30m; kalıp sonu: merkeze 3,00 m, başlangıçtan 0,00 m, kalıp simülasyonundan 0,00 m"
9-3,"Sıçrayan Arınma","Kalkan","dosttan_dosta",1,1,1,1,1,1,1,1,1,1,"yerinde","yerinde",0.00,"oyuncu +8000 can, dost +4000 can",3.00,1.35,0.60,0.54,1.01,0.00,0.00,"","vuruş 3: 0,54s@boss6,43m/oyuncu3,95m 0,61s@boss6,98m/oyuncu4,53m 0,81s@boss6,88m/oyuncu4,54m; kalıp sonu: merkeze 3,00 m, başlangıçtan 0,00 m, kalıp simülasyonundan 0,00 m, kalıp hedefi AllyDummy"
1-10,"Aynalı Vuruş","Kalkan","sirtta_kapi",1,1,1,1,1,1,1,1,1,1,"ön","ön",5647920.00,"boss:Burn",1.80,1.35,0.34,0.32,0.73,0.00,0.00,"0/3 kare koşu","vuruş 2: 0,47s@boss0,93m/oyuncu1,19m 0,61s@boss0,55m/oyuncu2,35m; kalıp sonu: merkeze 1,80 m, başlangıçtan 1,20 m, kalıp simülasyonundan 0,00 m"
1-11,"Kopya Vuruş","Kalkan","golge_yankisi",1,1,1,1,1,1,1,1,1,1,"ön","ön",70080.00,"boss:Burn",2.10,1.35,0.53,0.50,0.93,0.00,0.00,"1/3 kare koşu, ayak/gövde hız oranı 1,01","vuruş 2: 0,47s@boss1,11m/oyuncu1,15m 0,80s@boss1,95m/oyuncu1,39m; kalıp sonu: merkeze 2,10 m, başlangıçtan 0,90 m, kalıp simülasyonundan 0,00 m"
1-12,"Akan Vuruş","Kalkan","basili_seri",1,1,1,1,1,1,1,1,1,1,"ön","ön",64648.00,"boss:Burn",1.60,1.35,3.00,3.00,3.40,0.00,0.00,"","vuruş 6: 0,60s@boss1,73m/oyuncu1,15m 1,14s@boss1,48m/oyuncu1,15m 1,60s@boss1,26m/oyuncu1,15m 2,14s@boss1,01m/oyuncu1,15m 2,60s@boss0,79m/oyuncu1,15m 3,14s@boss0,54m/oyuncu1,15m; kalıp sonu: merkeze 1,60 m, başlangıçtan 1,40 m, kalıp simülasyonundan 0,00 m"
2-10,"Aynalı Şifa","Kalkan","ters_es",1,1,1,1,1,1,1,1,1,1,"yerinde","yerinde",0.00,"oyuncu +112000 can",3.00,1.35,0.47,0.44,0.87,0.00,0.00,"","vuruş 2: 0,53s@boss2,60m/oyuncu0,40m 0,74s@boss0,00m/oyuncu3,00m; kalıp sonu: merkeze 3,00 m, başlangıçtan 0,00 m, kalıp simülasyonundan 0,00 m"
2-11,"Kopya Şifa","Kalkan","golge_ulak",1,1,1,1,1,1,1,1,1,1,"yan","yan",0.00,"oyuncu +32000 can, dost +24000 can",2.43,1.35,1.40,1.36,1.80,0.00,0.00,"1/3 kare koşu, ayak/gövde hız oranı 1,00","vuruş 2: 0,46s@boss3,26m/oyuncu0,35m 1,66s@boss3,05m/oyuncu1,46m; kalıp sonu: merkeze 2,43 m, başlangıçtan 1,41 m, kalıp simülasyonundan 0,00 m, kalıp hedefi AllyDummy"
2-12,"Akan Şifa","Kalkan","basili_isik",1,1,1,1,1,1,1,1,1,1,"geri","geri",0.00,"oyuncu +40000 can, dost +8000 can",3.00,1.35,3.18,3.00,3.58,0.00,0.00,"","vuruş 6: 0,60s@boss5,38m/oyuncu2,72m 1,13s@boss5,58m/oyuncu2,72m 1,60s@boss5,75m/oyuncu2,72m 2,33s@boss6,03m/oyuncu2,72m 2,61s@boss6,13m/oyuncu2,72m 3,14s@boss6,33m/oyuncu2,72m; kalıp sonu: merkeze 3,94 m, başlangıçtan 1,20 m, kalıp simülasyonundan 0,00 m, kalıp hedefi AllyDummy"
3-10,"Aynalı Adım","Kalkan","iki_kapi",1,1,1,1,1,1,1,1,1,1,"ön","ön",0.00,"",1.50,1.35,0.57,0.54,0.99,0.00,0.00,"0/4 kare koşu","hasarsız skill (base_damage 0): etki hareketin kendisi; vuruş 2: 0,42s@boss3,00m/oyuncu0,00m 0,81s@boss1,50m/oyuncu0,00m; kalıp sonu: merkeze 1,50 m, başlangıçtan 1,50 m, kalıp simülasyonundan 0,00 m"
3-11,"Kopya Adım","Kalkan","yem_kac",1,1,1,1,1,1,1,1,1,1,"geri","geri",0.00,"",3.00,1.35,0.47,0.40,0.87,0.00,0.00,"1/5 kare koşu, ayak/gövde hız oranı 1,05","hasarsız skill (base_damage 0): etki hareketin kendisi; vuruş 1: 0,40s@boss3,00m/oyuncu0,00m; kalıp sonu: merkeze 5,80 m, başlangıçtan 2,80 m, kalıp simülasyonundan 0,00 m"
3-12,"Akan Adım","Kalkan","suzulme",1,1,1,1,1,1,1,1,1,1,"ön","ön",0.00,"",1.90,1.35,3.06,3.00,3.47,0.00,0.00,"","hasarsız skill (base_damage 0): etki hareketin kendisi; kalıp sonu: merkeze 1,90 m, başlangıçtan 1,10 m, kalıp simülasyonundan 0,00 m"
10-1,"Yoğun Yansı","Kalkan","tam_zamanli",1,1,1,1,1,1,1,1,1,1,"yerinde","yerinde",4384.00,"boss:Burn",3.00,1.35,0.53,0.50,0.86,0.00,0.00,"","vuruş 1: 0,66s@boss0,62m/oyuncu2,38m; kalıp sonu: merkeze 3,00 m, başlangıçtan 0,00 m, kalıp simülasyonundan 0,00 m"
10-2,"Emici Yansı","Kalkan","yutan_girdap",1,1,1,1,1,1,1,1,1,1,"yerinde","yerinde",17328.00,"boss:Burn",3.00,1.35,3.34,3.18,3.68,0.00,0.00,"","vuruş 4: 1,20s@boss0,62m/oyuncu2,38m 2,34s@boss0,62m/oyuncu2,38m 2,76s@boss0,62m/oyuncu2,38m 3,60s@boss0,62m/oyuncu2,38m; kalıp sonu: merkeze 3,00 m, başlangıçtan 0,00 m, kalıp simülasyonundan 0,00 m"
10-3,"Sıçrayan Yansı","Kalkan","seken_geri",1,1,1,1,1,1,1,1,1,1,"ön","ön",5192.00,"boss:Burn",1.90,1.35,0.38,0.36,0.71,0.00,0.00,"0/3 kare koşu","vuruş 2: 0,41s@boss0,54m/oyuncu1,53m 0,56s@boss0,00m/oyuncu1,90m; kalıp sonu: merkeze 1,90 m, başlangıçtan 1,10 m, kalıp simülasyonundan 0,00 m"
10-10,"Aynalı Yansı","Kalkan","iki_kapi",1,1,1,1,1,1,1,1,1,1,"ön","ön",0.00,"",1.50,1.35,0.60,0.54,0.94,0.00,0.00,"0/4 kare koşu","hasarsız skill (base_damage 0): etki hareketin kendisi; vuruş 2: 0,33s@boss3,00m/oyuncu0,00m 0,73s@boss1,50m/oyuncu0,00m; kalıp sonu: merkeze 1,50 m, başlangıçtan 1,50 m, kalıp simülasyonundan 0,00 m"
10-11,"Kopya Yansı","Kalkan","yem_kopya",1,1,1,1,1,1,1,1,1,1,"ön","ön",4400.00,"boss:Burn",2.10,1.35,0.40,0.36,0.73,0.00,0.00,"0/2 kare koşu","vuruş 1: 0,53s@boss2,19m/oyuncu1,29m; kalıp sonu: merkeze 2,10 m, başlangıçtan 0,90 m, kalıp simülasyonundan 0,00 m"
10-12,"Akan Yansı","Kalkan","basili_siper",1,1,1,1,1,1,1,1,1,1,"ön","ön",18824.00,"boss:Burn",2.20,1.35,3.00,3.00,3.33,0.00,0.00,"","vuruş 3: 1,07s@boss0,41m/oyuncu2,38m 2,07s@boss0,14m/oyuncu2,38m 3,07s@boss0,13m/oyuncu2,38m; kalıp sonu: merkeze 2,20 m, başlangıçtan 0,80 m, kalıp simülasyonundan 0,00 m"
11-1,"Yoğun Çağrı","Kalkan","sirt_saplama",1,1,1,1,1,1,1,1,1,1,"ön","ön",3200.00,"boss:Burn",1.80,1.35,0.53,0.47,0.93,0.00,0.00,"0/3 kare koşu","vuruş 1: 0,80s@boss0,00m/oyuncu1,80m; kalıp sonu: merkeze 1,80 m, başlangıçtan 1,20 m, kalıp simülasyonundan 0,00 m"
11-2,"Emici Çağrı","Kalkan","yapisan",1,1,1,1,1,1,1,1,1,1,"yerinde","yerinde",24176.00,"boss:Burn",3.00,1.35,5.32,5.18,5.72,0.00,0.00,"","vuruş 6: 0,53s@boss0,20m/oyuncu3,20m 1,53s@boss0,00m/oyuncu3,00m 2,55s@boss0,00m/oyuncu3,00m 3,56s@boss0,00m/oyuncu3,00m 4,56s@boss0,00m/oyuncu3,00m 5,56s@boss0,00m/oyuncu3,00m; kalıp sonu: merkeze 3,00 m, başlangıçtan 0,00 m, kalıp simülasyonundan 0,00 m"
11-3,"Sıçrayan Çağrı","Kalkan","seken_yaratik",1,1,1,1,1,1,1,1,1,1,"yerinde","yerinde",5592.00,"boss:Burn",3.00,1.35,0.67,0.64,1.07,0.00,0.00,"","vuruş 3: 0,60s@boss0,00m/oyuncu3,00m 0,73s@boss0,35m/oyuncu3,02m 0,94s@boss0,35m/oyuncu3,02m; kalıp sonu: merkeze 3,00 m, başlangıçtan 0,00 m, kalıp simülasyonundan 0,00 m"
11-10,"Aynalı Çağrı","Kalkan","takim_kapisi",1,1,1,1,1,1,1,1,1,1,"ön","ön",9600.00,"boss:Burn",1.85,1.35,1.40,1.38,1.80,0.00,0.00,"0/2 kare koşu","vuruş 1: 0,66s@boss1,85m/oyuncu0,00m; kalıp sonu: merkeze 1,85 m, başlangıçtan 1,15 m, kalıp simülasyonundan 0,00 m"
11-11,"Kopya Çağrı","Kalkan","ayna_klonlar",1,1,1,1,1,1,1,1,1,1,"ön","ön",4784.00,"boss:Burn",1.85,1.35,0.66,0.64,1.06,0.00,0.00,"0/2 kare koşu","vuruş 2: 0,74s@boss1,98m/oyuncu1,41m 0,93s@boss1,98m/oyuncu1,41m; kalıp sonu: merkeze 1,85 m, başlangıçtan 1,15 m, kalıp simülasyonundan 0,00 m"
11-12,"Akan Çağrı","Kalkan","kapidan_akin",1,1,1,1,1,1,1,1,1,1,"ön","ön",22376.00,"boss:Burn",1.85,1.35,4.34,4.34,4.75,0.00,0.00,"0/2 kare koşu","vuruş 6: 0,73s@boss0,85m/oyuncu1,00m 1,53s@boss0,00m/oyuncu1,85m 2,33s@boss0,00m/oyuncu1,85m 3,14s@boss0,00m/oyuncu1,85m 3,93s@boss0,00m/oyuncu1,85m 4,70s@boss0,00m/oyuncu1,85m; kalıp sonu: merkeze 1,85 m, başlangıçtan 1,15 m, kalıp simülasyonundan 0,00 m"
12-1,"Yoğun Zaman","Kalkan","zamanli_donma",1,1,1,1,1,1,1,1,1,1,"ön","ön",5864.00,"boss:Burn+Slow, boss hız x0,70",1.50,1.35,0.22,0.50,0.62,0.00,0.00,"0/2 kare koşu","vuruş 1: 0,45s@boss0,73m/oyuncu1,28m; kalıp sonu: merkeze 1,50 m, başlangıçtan 1,50 m, kalıp simülasyonundan 0,00 m"
12-2,"Emici Zaman","Kalkan","ceken_girdap",1,1,1,1,1,1,1,1,1,1,"yerinde","yerinde",6800.00,"boss:Burn+Slow, oyuncu:Haste, boss hız x0,70, oyuncu hız x1,30",1.35,1.35,1.33,1.32,1.74,0.00,0.00,"","vuruş 3: 1,07s@boss0,00m/oyuncu1,35m 1,54s@boss0,00m/oyuncu1,35m 1,58s@boss0,00m/oyuncu1,35m; kalıp sonu: merkeze 1,35 m, başlangıçtan 0,00 m, kalıp simülasyonundan 0,00 m, boss 1,65 m kaydı"
12-3,"Sıçrayan Zaman","Kalkan","geri_donen_kure",1,1,1,1,1,1,1,1,1,1,"yerinde","yerinde",5208.00,"boss:Burn+Slow, boss hız x0,70",3.00,1.35,0.53,0.50,0.93,0.00,0.00,"","vuruş 2: 0,53s@boss0,30m/oyuncu3,30m 0,80s@boss0,96m/oyuncu2,04m; kalıp sonu: merkeze 3,00 m, başlangıçtan 0,00 m, kalıp simülasyonundan 0,00 m"
12-10,"Aynalı Zaman","Kalkan","boss_geri",1,1,1,1,1,1,1,1,1,1,"yerinde","yerinde",4784.00,"boss:Burn+Slow, boss hız x0,70",3.00,1.35,0.47,0.46,0.87,0.00,0.00,"","vuruş 1: 0,54s@boss0,30m/oyuncu3,30m; kalıp sonu: merkeze 3,00 m, başlangıçtan 0,00 m, kalıp simülasyonundan 0,00 m"
12-11,"Kopya Zaman","Kalkan","geri_sarma",1,1,1,1,1,1,1,1,1,1,"başlangıç","başlangıç",0.00,"",1.50,1.35,2.67,2.66,3.07,0.00,0.00,"2/9 kare koşu, ayak/gövde hız oranı 0,96","hasarsız skill (base_damage 0): etki hareketin kendisi; kalıp sonu: merkeze 3,00 m, başlangıçtan 0,00 m, kalıp simülasyonundan 0,00 m"
12-12,"Akan Zaman","Kalkan","yuruyen_balon",1,1,1,1,1,1,1,1,1,1,"ön","ön",24184.00,"boss:Slow+Burn, oyuncu:Haste, boss hız x0,70, oyuncu hız x1,30",1.80,1.35,4.21,4.20,4.61,0.00,0.00,"","vuruş 5: 0,46s@boss3,00m/oyuncu0,00m 1,53s@boss2,70m/oyuncu0,00m 2,55s@boss2,39m/oyuncu0,00m 3,82s@boss2,01m/oyuncu0,00m 4,56s@boss1,80m/oyuncu0,00m; kalıp sonu: merkeze 1,80 m, başlangıçtan 1,20 m, kalıp simülasyonundan 0,00 m"
4-4,"Sabit Kalkan","Kalkan","duvar_dikme",1,1,1,1,1,1,1,1,1,1,"yerinde","yerinde",0.00,"",3.00,1.35,0.34,0.32,0.67,0.00,0.00,"","hasarsız skill (base_damage 0): etki hareketin kendisi; vuruş 1: 0,53s@boss0,62m/oyuncu2,38m; kalıp sonu: merkeze 3,00 m, başlangıçtan 0,00 m, kalıp simülasyonundan 0,00 m; yer değiştiren: kalıp 0,00 m, başka 1,73 m, SkillMotionDriver 0 kare, dodge 0 kare"
4-5,"Yayılan Kalkan","Kalkan","onde_yelpaze",1,1,1,1,1,1,1,1,1,1,"yerinde","yerinde",0.00,"",3.00,1.35,0.35,0.63,0.82,0.00,0.00,"","hasarsız skill (base_damage 0): etki hareketin kendisi; vuruş 1: 0,54s@boss1,88m/oyuncu1,12m; kalıp sonu: merkeze 3,00 m, başlangıçtan 0,00 m, kalıp simülasyonundan 0,00 m"
4-6,"Bağlayıcı Kalkan","Kalkan","zincirli_firlatma",1,1,1,1,1,1,1,1,1,1,"ön","ön",0.00,"",1.50,1.35,0.73,0.70,1.07,0.00,0.00,"2/4 kare koşu, ayak/gövde hız oranı 0,99","hasarsız skill (base_damage 0): etki hareketin kendisi; vuruş 2: 0,47s@boss0,45m/oyuncu3,45m 0,93s@boss0,46m/oyuncu1,28m; kalıp sonu: merkeze 1,50 m, başlangıçtan 1,50 m, kalıp simülasyonundan 0,00 m"
4-7,"Bulandırıcı Kalkan","Kalkan","duman_duvari",1,1,1,1,1,1,1,1,1,1,"yerinde","yerinde",0.00,"oyuncu:Stealth",2.80,1.35,0.53,0.52,0.87,0.00,0.00,"","vuruş 1: 0,53s@boss0,42m/oyuncu2,38m; kalıp sonu: merkeze 2,80 m, başlangıçtan 0,20 m, kalıp simülasyonundan 0,00 m"
4-8,"Yükselen Kalkan","Kalkan","yerden_buyuyen",1,1,1,1,1,1,1,1,1,1,"yerinde","yerinde",0.00,"",3.00,1.35,0.46,0.42,0.80,0.00,0.00,"","hasarsız skill (base_damage 0): etki hareketin kendisi; vuruş 1: 0,60s@boss6,98m/oyuncu4,33m; kalıp sonu: merkeze 3,18 m, başlangıçtan 0,25 m, kalıp simülasyonundan 0,00 m, kalıp hedefi AllyDummy"
4-9,"Odaklı Kalkan","Kalkan","koruyucu_isaret",1,1,1,1,1,1,1,1,1,1,"geri","geri",0.00,"",3.00,1.35,0.27,0.20,0.60,0.00,0.00,"0/3 kare koşu","hasarsız skill (base_damage 0): etki hareketin kendisi; vuruş 1: 0,47s@boss3,89m/oyuncu0,35m; kalıp sonu: merkeze 3,61 m, başlangıçtan 0,80 m, kalıp simülasyonundan 0,00 m, kalıp hedefi AllyDummy"
5-4,"Sabit Patlama","Kalkan","mayin_cakma",1,1,1,1,1,1,1,1,1,1,"yerinde","yerinde",49096.00,"boss:Burn",2.85,1.35,0.61,0.54,1.01,0.00,0.00,"","vuruş 2: 0,73s@boss0,85m/oyuncu2,00m 0,80s@boss0,85m/oyuncu2,00m; kalıp sonu: merkeze 2,85 m, başlangıçtan 0,15 m, kalıp simülasyonundan 0,00 m"
5-5,"Yayılan Patlama","Kalkan","yer_yarigi",1,1,1,1,1,1,1,1,1,1,"ön","ön",42848.00,"boss:Burn",1.50,1.35,0.60,0.56,1.00,0.00,0.00,"0/8 kare koşu","vuruş 3: 0,67s@boss0,25m/oyuncu1,27m 0,74s@boss0,14m/oyuncu1,36m 0,87s@boss0,23m/oyuncu1,28m; kalıp sonu: merkeze 1,50 m, başlangıçtan 2,07 m, kalıp simülasyonundan 0,00 m"
5-6,"Bağlayıcı Patlama","Kalkan","gerilip_kopan",1,1,1,1,1,1,1,1,1,1,"geri","geri",51072.00,"boss:Root+Slow+Burn, boss hız x0,00",1.35,1.35,0.28,0.58,0.75,0.00,0.00,"0/1 kare koşu","vuruş 2: 0,47s@boss0,85m/oyuncu2,39m 0,61s@boss0,85m/oyuncu2,65m; kalıp sonu: merkeze 2,78 m, başlangıçtan 0,50 m, kalıp simülasyonundan 0,00 m, boss 0,72 m kaydı"
5-7,"Bulandırıcı Patlama","Kalkan","sis_bombasi",1,1,1,1,1,1,1,1,1,1,"yerinde","yerinde",46264.00,"boss:Blind+Burn, oyuncu:Stealth",3.00,1.35,0.26,0.22,0.66,0.00,0.00,"","vuruş 1: 0,53s@boss0,35m/oyuncu3,35m; kalıp sonu: merkeze 3,00 m, başlangıçtan 0,00 m, kalıp simülasyonundan 0,00 m"
5-8,"Yükselen Patlama","Kalkan","yerden_fiskirma",1,1,1,1,1,1,1,1,1,1,"ön","ön",52360.00,"boss:Burn+Stun, boss hız x0,00",2.60,1.35,0.46,0.44,0.86,0.00,0.00,"","vuruş 1: 0,67s@boss0,00m/oyuncu2,76m; kalıp sonu: merkeze 2,60 m, başlangıçtan 0,40 m, kalıp simülasyonundan 0,00 m"
5-9,"Odaklı Patlama","Kalkan","gudumlu_top",1,1,1,1,1,1,1,1,1,1,"yerinde","yerinde",79776.00,"boss:Burn",3.00,1.35,0.60,0.56,1.00,0.00,0.00,"","vuruş 1: 0,87s@boss0,00m/oyuncu3,00m; kalıp sonu: merkeze 3,00 m, başlangıçtan 0,00 m, kalıp simülasyonundan 0,00 m"
6-4,"Sabit Bağ","Kalkan","karsilikli_kilit",1,1,1,1,1,1,1,1,1,1,"ön","ön",44872.00,"boss:Burn+Root, boss hız x0,00",1.50,1.35,3.26,3.24,3.61,0.00,0.00,"1/4 kare koşu, ayak/gövde hız oranı 1,02","vuruş 1: 0,82s@boss0,40m/oyuncu1,11m; kalıp sonu: merkeze 1,50 m, başlangıçtan 1,50 m, kalıp simülasyonundan 0,00 m"
6-5,"Yayılan Bağ","Kalkan","yer_tuzagi",1,1,1,1,1,1,1,1,1,1,"yerinde","yerinde",17624.00,"boss:Burn+Root, boss hız x0,00",3.00,1.35,0.34,0.28,0.67,0.00,0.00,"","vuruş 1: 0,47s@boss0,62m/oyuncu2,38m; kalıp sonu: merkeze 3,00 m, başlangıçtan 0,00 m, kalıp simülasyonundan 0,00 m"
6-6,"Bağlayıcı Bağ","Kalkan","iki_uclu",1,1,1,1,1,1,1,1,1,1,"yerinde","yerinde",30400.00,"boss:Root+Slow+Burn, boss hız x0,00",3.00,1.35,0.67,0.65,1.00,0.00,0.00,"","vuruş 1: 0,47s@boss0,28m/oyuncu3,28m; kalıp sonu: merkeze 3,00 m, başlangıçtan 0,00 m, kalıp simülasyonundan 0,00 m"
6-7,"Bulandırıcı Bağ","Kalkan","goz_bagi",1,1,1,1,1,1,1,1,1,1,"yerinde","yerinde",20056.00,"boss:Blind+Burn+Root, oyuncu:Stealth, boss hız x0,00",3.00,1.35,0.13,0.20,0.47,0.00,0.00,"","vuruş 1: 0,47s@boss0,28m/oyuncu3,28m; kalıp sonu: merkeze 3,00 m, başlangıçtan 0,00 m, kalıp simülasyonundan 0,00 m"
6-8,"Yükselen Bağ","Kalkan","havada_asma",1,1,1,1,1,1,1,1,1,1,"ön","ön",32880.00,"boss:Stun+Burn+Root, boss hız x0,00",1.50,1.35,1.19,1.14,1.53,0.00,0.00,"0/5 kare koşu","vuruş 1: 0,80s@boss1,50m/oyuncu0,00m; kalıp sonu: merkeze 1,50 m, başlangıçtan 1,50 m, kalıp simülasyonundan 0,00 m"
6-9,"Odaklı Bağ","Kalkan","zamanli_donma",1,1,1,1,1,1,1,1,1,1,"ön","ön",30760.00,"boss:Burn+Root, boss hız x0,00",1.50,1.35,0.55,0.50,0.89,0.00,0.00,"0/3 kare koşu","vuruş 1: 0,74s@boss0,52m/oyuncu1,28m; kalıp sonu: merkeze 1,50 m, başlangıçtan 1,50 m, kalıp simülasyonundan 0,00 m"
7-4,"Sabit Zafiyet","Kalkan","mayin_cakma",1,1,1,1,1,1,1,1,1,1,"yerinde","yerinde",12152.00,"boss:Burn",2.85,1.35,0.60,0.54,1.00,0.00,0.00,"","vuruş 2: 0,73s@boss0,85m/oyuncu2,00m 0,80s@boss0,85m/oyuncu2,00m; kalıp sonu: merkeze 2,85 m, başlangıçtan 0,15 m, kalıp simülasyonundan 0,00 m"
7-5,"Yayılan Zafiyet","Kalkan","onde_yelpaze",1,1,1,1,1,1,1,1,1,1,"yerinde","yerinde",12808.00,"boss:Burn",3.00,1.35,0.67,0.63,1.06,0.00,0.00,"","vuruş 1: 0,80s@boss1,88m/oyuncu1,12m; kalıp sonu: merkeze 3,00 m, başlangıçtan 0,00 m, kalıp simülasyonundan 0,00 m"
7-6,"Bağlayıcı Zafiyet","Kalkan","dost_ip",1,1,1,1,1,1,1,1,1,1,"yerinde","yerinde",15328.00,"boss:Root+Slow+Burn, boss hız x0,00",3.00,1.35,0.65,0.62,1.07,0.00,0.00,"","vuruş 1: 0,55s@boss0,28m/oyuncu3,28m; kalıp sonu: merkeze 3,00 m, başlangıçtan 0,00 m, kalıp simülasyonundan 0,00 m"
8-4,"Sabit Yükseliş","Kalkan","totem_dikme",1,1,1,1,1,1,1,1,1,1,"yerinde","yerinde",0.00,"",3.00,1.35,0.35,0.30,0.68,0.00,0.00,"","hasarsız skill (base_damage 0): etki hareketin kendisi; vuruş 1: 0,53s@boss3,10m/oyuncu0,00m; kalıp sonu: merkeze 3,11 m, başlangıçtan 0,15 m, kalıp simülasyonundan 0,00 m, kalıp hedefi AllyDummy"
8-5,"Yayılan Yükseliş","Kalkan","savas_narasi",1,1,1,1,1,1,1,1,1,1,"yerinde","yerinde",0.00,"",3.00,1.35,0.41,0.36,0.74,0.00,0.00,"","hasarsız skill (base_damage 0): etki hareketin kendisi; vuruş 1: 0,46s@boss3,00m/oyuncu0,00m; kalıp sonu: merkeze 3,00 m, başlangıçtan 0,00 m, kalıp simülasyonundan 0,00 m"
8-6,"Bağlayıcı Yükseliş","Kalkan","dost_dosta",1,1,1,1,1,1,1,1,1,1,"yan","yan",0.00,"",2.38,1.35,0.52,0.52,0.92,0.00,0.00,"1/4 kare koşu, ayak/gövde hız oranı 0,97","hasarsız skill (base_damage 0): etki hareketin kendisi; vuruş 3: 0,44s@boss4,05m/oyuncu1,22m 0,59s@boss2,64m/oyuncu1,41m 0,79s@boss4,76m/oyuncu2,38m; kalıp sonu: merkeze 2,38 m, başlangıçtan 1,41 m, kalıp simülasyonundan 0,00 m, kalıp hedefi AllyDummy"
9-4,"Sabit Arınma","Kalkan","yer_tuzagi",1,1,1,1,1,1,1,1,1,1,"yerinde","yerinde",0.00,"oyuncu +12000 can",3.00,1.35,0.33,0.28,0.72,0.00,0.00,"","vuruş 1: 0,52s@boss0,62m/oyuncu2,38m; kalıp sonu: merkeze 3,00 m, başlangıçtan 0,00 m, kalıp simülasyonundan 0,00 m"
9-5,"Yayılan Arınma","Kalkan","dagilan_yagmur",1,1,1,1,1,1,1,1,1,1,"yerinde","yerinde",0.00,"oyuncu +12000 can",3.00,1.35,0.60,0.58,1.00,0.00,0.00,"","vuruş 1: 0,80s@boss3,00m/oyuncu0,00m; kalıp sonu: merkeze 3,00 m, başlangıçtan 0,00 m, kalıp simülasyonundan 0,00 m, kalıp hedefi AllyDummy"
9-6,"Bağlayıcı Arınma","Kalkan","iki_uclu",1,1,1,1,1,1,1,1,1,1,"yerinde","yerinde",0.00,"oyuncu +12000 can",3.00,1.35,0.67,0.65,1.07,0.00,0.00,"","vuruş 1: 0,53s@boss6,36m/oyuncu3,88m; kalıp sonu: merkeze 3,00 m, başlangıçtan 0,00 m, kalıp simülasyonundan 0,00 m, kalıp hedefi AllyDummy"
4-10,"Aynalı Kalkan","Kalkan","sirtta_kapi",1,1,1,1,1,1,1,1,1,1,"ön","ön",30000.00,"",1.80,1.35,0.33,0.32,0.69,0.00,0.00,"0/3 kare koşu","vuruş 2: 0,42s@boss0,93m/oyuncu1,19m 0,55s@boss0,55m/oyuncu2,35m; kalıp sonu: merkeze 1,80 m, başlangıçtan 1,20 m, kalıp simülasyonundan 0,00 m"
4-11,"Kopya Kalkan","Kalkan","yem_kopya",1,1,1,1,1,1,1,1,1,1,"yerinde","yerinde",0.00,"",3.00,1.35,0.05,0.24,0.52,0.00,0.00,"","hasarsız skill (base_damage 0): etki hareketin kendisi; vuruş 1: 0,47s@boss2,98m/oyuncu1,29m; kalıp sonu: merkeze 3,00 m, başlangıçtan 0,00 m, kalıp simülasyonundan 0,00 m"
4-12,"Akan Kalkan","Kalkan","basili_siper",1,1,1,1,1,1,1,1,1,1,"geri","geri",0.00,"",3.00,1.35,3.00,3.00,3.33,0.00,0.00,"","hasarsız skill (base_damage 0): etki hareketin kendisi; vuruş 3: 1,07s@boss5,17m/oyuncu2,38m 2,07s@boss5,41m/oyuncu2,38m 3,07s@boss5,66m/oyuncu2,38m; kalıp sonu: merkeze 3,61 m, başlangıçtan 0,80 m, kalıp simülasyonundan 0,00 m, kalıp hedefi AllyDummy"
5-10,"Aynalı Patlama","Kalkan","karsi_darbe",1,1,1,1,1,1,1,1,1,1,"ön","ön",48600.00,"boss:Burn",1.70,1.35,0.40,0.36,0.80,0.00,0.00,"0/3 kare koşu","vuruş 1: 0,67s@boss0,54m/oyuncu1,36m; kalıp sonu: merkeze 1,70 m, başlangıçtan 1,30 m, kalıp simülasyonundan 0,00 m"
5-11,"Kopya Patlama","Kalkan","golge_yankisi",1,1,1,1,1,1,1,1,1,1,"ön","ön",50528.00,"boss:Burn",2.10,1.35,0.53,0.50,0.93,0.00,0.00,"1/3 kare koşu, ayak/gövde hız oranı 1,02","vuruş 2: 0,46s@boss1,10m/oyuncu1,15m 0,80s@boss1,95m/oyuncu1,39m; kalıp sonu: merkeze 2,10 m, başlangıçtan 0,90 m, kalıp simülasyonundan 0,00 m"
5-12,"Akan Patlama","Kalkan","patlayan_iz",1,1,1,1,1,1,1,1,1,1,"ön","ön",49992.00,"boss:Burn",2.20,1.35,3.04,3.00,3.44,0.00,0.00,"","vuruş 6: 0,80s@boss2,14m/oyuncu1,53m 1,30s@boss2,09m/oyuncu1,53m 1,83s@boss1,76m/oyuncu1,53m 2,31s@boss1,42m/oyuncu1,53m 2,84s@boss1,03m/oyuncu1,53m 3,31s@boss0,69m/oyuncu1,53m; kalıp sonu: merkeze 2,20 m, başlangıçtan 2,20 m, kalıp simülasyonundan 0,70 m, boss 1,40 m kaydı"
6-10,"Aynalı Bağ","Kalkan","karsi_darbe",1,1,1,1,1,1,1,1,1,1,"ön","ön",19512.00,"boss:Burn+Root, boss hız x0,00",1.70,1.35,0.40,0.36,0.73,0.00,0.00,"0/3 kare koşu","vuruş 1: 0,60s@boss0,56m/oyuncu1,36m; kalıp sonu: merkeze 1,70 m, başlangıçtan 1,30 m, kalıp simülasyonundan 0,00 m"
6-11,"Kopya Bağ","Kalkan","onden_arkadan",1,1,1,1,1,1,1,1,1,1,"ön","ön",21496.00,"boss:Burn+Root, boss hız x0,00",2.10,1.35,0.40,0.34,0.73,0.00,0.00,"0/3 kare koşu","vuruş 2: 0,40s@boss1,16m/oyuncu1,11m 0,53s@boss0,60m/oyuncu2,70m; kalıp sonu: merkeze 2,10 m, başlangıçtan 0,90 m, kalıp simülasyonundan 0,00 m"
6-12,"Akan Bağ","Kalkan","cember_sarma",1,1,1,1,1,1,1,1,1,1,"arka","arka",14744.00,"boss:Root+Burn, boss hız x0,00",1.50,1.35,0.96,0.90,1.30,0.00,0.00,"0/11 kare koşu","vuruş 1: 1,10s@boss0,00m/oyuncu2,06m; kalıp sonu: merkeze 2,06 m, başlangıçtan 4,59 m, kalıp simülasyonundan 0,00 m"
10-4,"Sabit Yansı","Kalkan","duvar_dikme",1,1,1,1,1,1,1,1,1,1,"yerinde","yerinde",4008.00,"boss:Burn",3.00,1.35,0.40,0.32,0.74,0.00,0.00,"","vuruş 1: 0,53s@boss0,62m/oyuncu2,38m; kalıp sonu: merkeze 3,00 m, başlangıçtan 0,00 m, kalıp simülasyonundan 0,00 m"
10-5,"Yayılan Yansı","Kalkan","yuruyen_balon",1,1,1,1,1,1,1,1,1,1,"ön","ön",24120.00,"boss:Burn",1.80,1.35,4.20,4.20,4.53,0.00,0.00,"","vuruş 5: 0,40s@boss3,00m/oyuncu0,00m 1,53s@boss2,68m/oyuncu0,00m 2,53s@boss2,38m/oyuncu0,00m 3,53s@boss2,08m/oyuncu0,00m 4,49s@boss1,80m/oyuncu0,00m; kalıp sonu: merkeze 1,80 m, başlangıçtan 1,20 m, kalıp simülasyonundan 0,00 m"
10-6,"Bağlayıcı Yansı","Kalkan","silaha_kement",1,1,1,1,1,1,1,1,1,1,"yerinde","yerinde",8016.00,"boss:Root+Slow+Burn, boss hız x0,00",3.00,1.35,1.00,0.94,1.33,0.00,0.00,"","vuruş 1: 0,47s@boss0,40m/oyuncu3,40m; kalıp sonu: merkeze 3,00 m, başlangıçtan 0,00 m, kalıp simülasyonundan 0,00 m"
11-4,"Sabit Çağrı","Kalkan","taret_dikme",1,1,1,1,1,1,1,1,1,1,"ön","ön",5616.00,"boss:Burn",1.90,1.35,0.60,0.56,1.00,0.00,0.00,"0/2 kare koşu","vuruş 2: 0,60s@boss1,90m/oyuncu0,00m 0,87s@boss0,28m/oyuncu2,18m; kalıp sonu: merkeze 1,90 m, başlangıçtan 1,10 m, kalıp simülasyonundan 0,00 m"
11-5,"Yayılan Çağrı","Kalkan","dagilan_suru",1,1,1,1,1,1,1,1,1,1,"ön","ön",5200.00,"boss:Burn",2.60,1.35,0.60,0.54,1.00,0.00,0.00,"0/2 kare koşu","vuruş 3: 0,53s@boss0,35m/oyuncu2,62m 0,67s@boss0,00m/oyuncu2,60m 0,87s@boss0,35m/oyuncu2,62m; kalıp sonu: merkeze 2,60 m, başlangıçtan 0,40 m, kalıp simülasyonundan 0,00 m"
11-6,"Bağlayıcı Çağrı","Kalkan","muhafiz",1,1,1,1,1,1,1,1,1,1,"ön","ön",5176.00,"boss:Burn+Root+Slow, boss hız x0,00",1.85,1.35,0.67,0.66,1.07,0.00,0.00,"0/2 kare koşu","vuruş 1: 0,67s@boss1,89m/oyuncu1,20m; kalıp sonu: merkeze 1,85 m, başlangıçtan 1,15 m, kalıp simülasyonundan 0,00 m"
12-4,"Sabit Zaman","Kalkan","totem_dikme",1,1,1,1,1,1,1,1,1,1,"yerinde","yerinde",3600.00,"boss:Burn+Slow+Stun, boss hız x0,00",2.85,1.35,0.33,0.30,0.73,0.00,0.00,"","vuruş 1: 0,60s@boss2,87m/oyuncu0,00m; kalıp sonu: merkeze 2,85 m, başlangıçtan 0,15 m, kalıp simülasyonundan 0,00 m"
12-5,"Yayılan Zaman","Kalkan","genisleyen_halka",1,1,1,1,1,1,1,1,1,1,"yerinde","yerinde",3992.00,"boss:Burn+Slow, boss hız x0,70",3.00,1.35,0.60,0.58,1.00,0.00,0.00,"","vuruş 1: 0,80s@boss3,00m/oyuncu0,00m; kalıp sonu: merkeze 3,00 m, başlangıçtan 0,00 m, kalıp simülasyonundan 0,00 m"
12-6,"Bağlayıcı Zaman","Kalkan","iki_uclu",1,1,1,1,1,1,1,1,1,1,"yerinde","yerinde",6000.00,"boss:Burn, oyuncu:Haste, oyuncu hız x1,30",3.00,1.35,0.67,0.65,1.07,0.00,0.00,"","vuruş 1: 0,53s@boss0,28m/oyuncu3,28m; kalıp sonu: merkeze 3,00 m, başlangıçtan 0,00 m, kalıp simülasyonundan 0,00 m"
7-7,"Bulandırıcı Zafiyet","Kalkan","sis_bombasi",1,1,1,1,1,1,1,1,1,1,"yerinde","yerinde",12280.00,"boss:Blind+Burn, oyuncu:Stealth",3.00,1.35,0.28,0.22,0.68,0.00,0.00,"","vuruş 1: 0,53s@boss0,35m/oyuncu3,35m; kalıp sonu: merkeze 3,00 m, başlangıçtan 0,00 m, kalıp simülasyonundan 0,00 m"
7-8,"Yükselen Zafiyet","Kalkan","yerden_fiskirma",1,1,1,1,1,1,1,1,1,1,"ön","ön",12864.00,"boss:Burn+Stun, boss hız x0,00",2.60,1.35,0.47,0.44,0.87,0.00,0.00,"","vuruş 1: 0,67s@boss0,00m/oyuncu2,75m; kalıp sonu: merkeze 2,60 m, başlangıçtan 0,40 m, kalıp simülasyonundan 0,00 m"
7-9,"Odaklı Zafiyet","Kalkan","isaret_patlamasi",1,1,1,1,1,1,1,1,1,1,"yerinde","yerinde",17760.00,"boss:Burn",3.00,1.35,1.94,1.92,2.33,0.00,0.00,"","vuruş 1: 2,20s@boss0,00m/oyuncu3,00m; kalıp sonu: merkeze 3,00 m, başlangıçtan 0,00 m, kalıp simülasyonundan 0,00 m"
7-10,"Aynalı Zafiyet","Kalkan","onden_arkadan",1,1,1,1,1,1,1,1,1,1,"ön","ön",16864.00,"boss:Burn",2.10,1.35,0.40,0.34,0.80,0.00,0.00,"0/3 kare koşu","vuruş 2: 0,47s@boss1,14m/oyuncu1,11m 0,60s@boss0,60m/oyuncu2,70m; kalıp sonu: merkeze 2,10 m, başlangıçtan 0,90 m, kalıp simülasyonundan 0,00 m"
7-11,"Kopya Zafiyet","Kalkan","golge_yankisi",1,1,1,1,1,1,1,1,1,1,"ön","ön",18008.00,"boss:Burn",2.10,1.35,0.53,0.50,0.93,0.00,0.00,"1/3 kare koşu, ayak/gövde hız oranı 1,02","vuruş 2: 0,47s@boss1,10m/oyuncu1,15m 0,80s@boss1,95m/oyuncu1,39m; kalıp sonu: merkeze 2,10 m, başlangıçtan 0,90 m, kalıp simülasyonundan 0,00 m"
7-12,"Akan Zafiyet","Kalkan","basili_isik",1,1,1,1,1,1,0,1,1,0,"ön","ön",36152.00,"boss:Burn",1.80,1.35,3.31,3.00,3.71,0.00,0.00,"","vuruş 6: 0,60s@boss0,17m/oyuncu2,72m 1,14s@boss0,04m/oyuncu2,72m 1,60s@boss0,23m/oyuncu2,72m 2,14s@boss0,44m/oyuncu2,72m 2,60s@boss0,63m/oyuncu2,72m 3,14s@boss0,84m/oyuncu2,72m; kalıp sonu: merkeze 1,80 m, başlangıçtan 1,20 m, kalıp simülasyonundan 0,00 m; kalıp 3,31 sn (beklenen 3,00)"
8-7,"Bulandırıcı Yükseliş","Kalkan","goz_bagi",1,1,1,1,1,1,1,1,1,1,"yerinde","yerinde",0.00,"oyuncu:Stealth",3.00,1.35,0.20,0.20,0.54,0.00,0.00,"","vuruş 1: 0,47s@boss0,28m/oyuncu3,28m; kalıp sonu: merkeze 3,00 m, başlangıçtan 0,00 m, kalıp simülasyonundan 0,00 m"
8-8,"Yükselen Yükseliş","Kalkan","buyuten_kemer",1,1,1,1,1,1,1,1,1,1,"yerinde","yerinde",0.00,"",3.00,1.35,0.47,0.42,0.80,0.00,0.00,"","hasarsız skill (base_damage 0): etki hareketin kendisi; vuruş 1: 0,60s@boss5,04m/oyuncu2,21m; kalıp sonu: merkeze 3,22 m, başlangıçtan 0,30 m, kalıp simülasyonundan 0,00 m, kalıp hedefi AllyDummy"
8-9,"Odaklı Yükseliş","Kalkan","gudumlu_top",1,1,1,1,1,1,1,1,1,1,"yerinde","yerinde",0.00,"",3.00,1.35,0.60,0.56,0.94,0.00,0.00,"","hasarsız skill (base_damage 0): etki hareketin kendisi; vuruş 1: 0,80s@boss6,98m/oyuncu4,53m; kalıp sonu: merkeze 3,00 m, başlangıçtan 0,00 m, kalıp simülasyonundan 0,00 m, kalıp hedefi AllyDummy"
8-10,"Aynalı Yükseliş","Kalkan","ters_es",1,1,1,1,1,1,1,1,1,1,"yerinde","yerinde",0.00,"",3.00,1.35,0.47,0.44,0.80,0.00,0.00,"","hasarsız skill (base_damage 0): etki hareketin kendisi; vuruş 2: 0,46s@boss2,60m/oyuncu0,40m 0,67s@boss0,00m/oyuncu3,00m; kalıp sonu: merkeze 3,00 m, başlangıçtan 0,00 m, kalıp simülasyonundan 0,00 m"
8-11,"Kopya Yükseliş","Kalkan","golge_ulak",1,1,1,1,1,1,1,1,1,1,"yan","yan",0.00,"",2.43,1.35,1.40,1.36,1.73,0.00,0.00,"1/3 kare koşu, ayak/gövde hız oranı 0,97","hasarsız skill (base_damage 0): etki hareketin kendisi; vuruş 2: 0,46s@boss3,26m/oyuncu0,35m 1,59s@boss3,04m/oyuncu1,46m; kalıp sonu: merkeze 2,43 m, başlangıçtan 1,41 m, kalıp simülasyonundan 0,00 m, kalıp hedefi AllyDummy"
8-12,"Akan Yükseliş","Kalkan","akinti_yolu",1,1,1,1,1,1,1,1,1,1,"geri","geri",0.00,"",3.00,1.35,1.00,0.94,1.34,0.00,0.00,"0/10 kare koşu","hasarsız skill (base_damage 0): etki hareketin kendisi; vuruş 1: 1,14s@boss6,27m/oyuncu2,38m; kalıp sonu: merkeze 4,11 m, başlangıçtan 1,40 m, kalıp simülasyonundan 0,00 m, kalıp hedefi AllyDummy"
9-7,"Bulandırıcı Arınma","Kalkan","sis_ortusu",1,1,1,1,1,1,0,1,1,0,"yerinde","yerinde",0.00,"oyuncu:Stealth, oyuncu +12000 can",3.00,1.35,0.06,0.30,0.66,0.00,0.00,"","vuruş 1: 0,60s@boss0,00m/oyuncu3,00m; kalıp sonu: merkeze 3,00 m, başlangıçtan 0,00 m, kalıp simülasyonundan 0,00 m; kalıp bang'den 0,23 sn sonra başladı"
9-8,"Yükselen Arınma","Kalkan","isik_sutunu",1,1,1,1,1,1,0,1,1,0,"yerinde","yerinde",0.00,"oyuncu +12000 can",3.00,1.35,0.70,0.48,1.10,0.00,0.00,"","vuruş 1: 1,07s@boss3,07m/oyuncu0,00m; kalıp sonu: merkeze 3,07 m, başlangıçtan 0,10 m, kalıp simülasyonundan 0,00 m, kalıp hedefi AllyDummy; kalıp 0,70 sn (beklenen 0,48)"
9-9,"Odaklı Arınma","Kalkan","mermi_sondur",1,1,1,1,1,1,1,1,1,1,"yerinde","yerinde",0.00,"oyuncu +12000 can",3.00,1.35,0.40,0.38,0.80,0.00,0.00,"","vuruş 1: 0,67s@boss6,98m/oyuncu4,53m; kalıp sonu: merkeze 3,00 m, başlangıçtan 0,00 m, kalıp simülasyonundan 0,00 m, kalıp hedefi AllyDummy"
9-10,"Aynalı Arınma","Kalkan","yer_degistir",1,1,1,1,1,1,1,1,1,1,"arka","arka",0.00,"oyuncu +12000 can",1.50,1.35,0.40,0.34,0.80,0.00,0.00,"0/1 kare koşu","vuruş 1: 0,67s@boss0,31m/oyuncu1,19m; kalıp sonu: merkeze 1,50 m, başlangıçtan 4,50 m, kalıp simülasyonundan 0,00 m, ışın 8,34 m konumdan çıkarıldı; tek karede 8,34 m sıçrama (sınır 2,60 m @ 70 ms, t=0,80, ışın tasarım gereği)"
9-11,"Kopya Arınma","Kalkan","yem_kopya",1,1,1,1,1,1,1,1,1,1,"yerinde","yerinde",0.00,"oyuncu +12000 can",3.00,1.35,0.27,0.24,0.67,0.00,0.00,"","vuruş 1: 0,53s@boss2,98m/oyuncu1,29m; kalıp sonu: merkeze 3,00 m, başlangıçtan 0,00 m, kalıp simülasyonundan 0,00 m"
9-12,"Akan Arınma","Kalkan","nabiz",1,1,1,1,1,1,1,1,1,1,"yerinde","yerinde",0.00,"oyuncu +8000 can, dost +4000 can",3.00,1.35,3.20,3.18,3.60,0.00,0.00,"","vuruş 3: 1,53s@boss3,00m/oyuncu0,00m 2,53s@boss3,00m/oyuncu0,00m 3,53s@boss3,00m/oyuncu0,00m; kalıp sonu: merkeze 3,00 m, başlangıçtan 0,00 m, kalıp simülasyonundan 0,00 m"
10-7,"Bulandırıcı Yansı","Kalkan","sahte_goruntu",1,1,1,1,1,1,1,1,1,1,"geri","geri",6000.00,"boss:Blind+Burn, oyuncu:Stealth",2.48,1.35,0.60,0.56,0.93,0.00,0.00,"2/5 kare koşu, ayak/gövde hız oranı 0,92","vuruş 3: 0,47s@boss2,60m/oyuncu1,37m 0,60s@boss2,60m/oyuncu1,37m 0,80s@boss3,23m/oyuncu0,00m; kalıp sonu: merkeze 3,38 m, başlangıçtan 0,37 m, kalıp simülasyonundan 0,00 m"
10-8,"Yükselen Yansı","Kalkan","yerden_buyuyen",1,1,1,1,1,1,1,1,1,1,"ön","ön",4384.00,"boss:Burn",2.35,1.35,0.63,0.54,0.97,0.00,0.00,"0/2 kare koşu","vuruş 1: 0,74s@boss0,00m/oyuncu2,39m; kalıp sonu: merkeze 2,35 m, başlangıçtan 0,65 m, kalıp simülasyonundan 0,00 m"
10-9,"Odaklı Yansı","Kalkan","koruyucu_isaret",1,1,1,1,1,1,1,1,1,1,"ön","ön",0.00,"",1.73,1.35,0.33,0.32,0.67,0.00,0.00,"0/5 kare koşu","hasarsız skill (base_damage 0): etki hareketin kendisi; vuruş 1: 0,54s@boss1,58m/oyuncu0,35m; kalıp sonu: merkeze 1,73 m, başlangıçtan 1,28 m, kalıp simülasyonundan 0,00 m"
11-7,"Bulandırıcı Çağrı","Kalkan","sirt_saplama",1,1,1,1,1,1,1,1,1,1,"ön","ön",3584.00,"boss:Blind+Burn, oyuncu:Stealth",2.10,1.35,0.47,0.44,0.87,0.00,0.00,"0/2 kare koşu","vuruş 1: 0,73s@boss0,00m/oyuncu2,10m; kalıp sonu: merkeze 2,10 m, başlangıçtan 0,90 m, kalıp simülasyonundan 0,00 m"
11-8,"Yükselen Çağrı","Kalkan","dostu_yerden",1,1,1,1,1,1,1,1,1,1,"ön","ön",0.00,"",2.02,1.35,0.93,0.90,1.33,0.00,0.00,"0/10 kare koşu","hasarsız skill (base_damage 0): etki hareketin kendisi; vuruş 1: 1,13s@boss1,98m/oyuncu0,95m; kalıp sonu: merkeze 2,10 m, başlangıçtan 1,42 m, kalıp simülasyonundan 0,00 m"
11-9,"Odaklı Çağrı","Kalkan","pesinden_av",1,1,1,1,1,1,1,1,1,1,"ön","ön",4816.00,"boss:Burn",1.90,1.35,2.49,2.46,2.89,0.00,0.00,"0/2 kare koşu","vuruş 1: 2,76s@boss0,00m/oyuncu1,90m; kalıp sonu: merkeze 1,90 m, başlangıçtan 1,10 m, kalıp simülasyonundan 0,00 m"
12-7,"Bulandırıcı Zaman","Kalkan","kum_saati",1,1,1,1,1,1,1,1,1,1,"yerinde","yerinde",6000.00,"boss:Blind+Burn+Slow, oyuncu:Stealth, boss hız x0,70",3.00,1.35,0.67,0.62,1.06,0.00,0.00,"","vuruş 1: 0,53s@boss0,28m/oyuncu3,28m; kalıp sonu: merkeze 3,00 m, başlangıçtan 0,00 m, kalıp simülasyonundan 0,00 m"
12-8,"Yükselen Zaman","Kalkan","isik_sutunu",1,1,1,1,1,1,1,1,1,1,"yerinde","yerinde",3992.00,"boss:Burn, oyuncu:Haste, oyuncu hız x1,50",2.90,1.35,0.54,0.48,0.93,0.00,0.00,"","vuruş 1: 0,73s@boss2,92m/oyuncu0,00m; kalıp sonu: merkeze 2,90 m, başlangıçtan 0,10 m, kalıp simülasyonundan 0,00 m"
12-9,"Odaklı Zaman","Kalkan","isaret_patlamasi",1,1,1,1,1,1,1,1,1,1,"yerinde","yerinde",3608.00,"boss:Burn+Slow, boss hız x0,70",3.00,1.35,2.00,1.92,2.40,0.00,0.00,"","vuruş 1: 2,20s@boss0,00m/oyuncu3,00m; kalıp sonu: merkeze 3,00 m, başlangıçtan 0,00 m, kalıp simülasyonundan 0,00 m"
