kombo,isim,silah,kalip,cast,isabet,konum,govdeye_girmedi,tek_sistem,hata_yok,sure,sicrama_yok,yerde,gecti,beklenen_konum,gercek_konum,hasar,etki,min_merkez_m,temas_m,kalip_sn,beklenen_sn,toplam_sn,ayak_m,inis_m,bacak,notlar
1-1,"Yoğun Vuruş","Yumruk","yukle_birak",1,1,1,1,1,1,1,1,1,1,"ön","ön",271024.00,"boss:Burn",1.56,1.35,0.53,0.52,0.92,0.00,0.00,"1/2 kare koşu, ayak/gövde hız oranı 1,00","vuruş 1: 0,78s@boss0,21m/oyuncu1,53m; kalıp sonu: merkeze 1,77 m, başlangıçtan 1,70 m, kalıp simülasyonundan 0,20 m, boss 0,47 m kaydı; uyarı: [PlaceholderFactory] VFX asset missing (trail/straight); using element_color primitive placeholder."
1-2,"Emici Vuruş","Yumruk","kan_ceken_pence",1,1,1,1,1,1,1,1,1,1,"yerinde","yerinde",121856.00,"boss:Burn, oyuncu +35240 can",1.34,1.35,0.38,0.38,0.72,0.00,0.00,"","vuruş 3: 0,39s@boss1,80m/oyuncu1,02m 0,54s@boss1,17m/oyuncu1,02m 0,67s@boss0,59m/oyuncu1,02m; kalıp sonu: merkeze 1,41 m, başlangıçtan 0,00 m, kalıp simülasyonundan 0,00 m, boss 1,59 m kaydı"
1-3,"Sıçrayan Vuruş","Yumruk","yan_yan_sekme",1,1,1,1,1,1,1,1,1,1,"geri","geri",298112.00,"boss:Burn",2.66,1.35,0.60,0.58,0.93,0.00,0.00,"1/8 kare koşu, ayak/gövde hız oranı 1,05","vuruş 2: 0,53s@boss0,75m/oyuncu3,34m 0,86s@boss0,74m/oyuncu4,84m; kalıp sonu: merkeze 4,25 m, başlangıçtan 1,24 m, kalıp simülasyonundan 0,12 m, boss 0,97 m kaydı"
1-4,"Sabit Vuruş","Yumruk","yere_cakilan",1,1,1,1,1,1,1,1,1,1,"ön","ön",199112.00,"boss:Burn",2.11,1.35,0.26,0.54,0.66,0.00,0.00,"","vuruş 1: 0,53s@boss2,11m/oyuncu0,00m; kalıp sonu: merkeze 2,57 m, başlangıçtan 0,92 m, kalıp simülasyonundan 0,02 m, boss 0,50 m kaydı"
1-5,"Yayılan Vuruş","Yumruk","donen_kesik",1,1,1,1,1,1,1,1,1,1,"yerinde","yerinde",174848.00,"boss:Burn",3.01,1.35,0.60,0.55,0.93,0.00,0.00,"","vuruş 1: 0,53s@boss3,02m/oyuncu0,00m; kalıp sonu: merkeze 4,01 m, başlangıçtan 0,00 m, kalıp simülasyonundan 0,00 m, boss 1,01 m kaydı"
1-6,"Bağlayıcı Vuruş","Yumruk","zincirli_firlatma",1,1,1,1,1,1,1,1,1,1,"ön","ön",195048.00,"boss:Root+Slow+Burn, boss hız x0,00",2.56,1.35,0.79,0.70,1.12,0.00,0.00,"1/4 kare koşu, ayak/gövde hız oranı 1,01","vuruş 2: 0,52s@boss0,44m/oyuncu3,48m 0,92s@boss1,59m/oyuncu1,28m; kalıp sonu: merkeze 2,69 m, başlangıçtan 1,50 m, kalıp simülasyonundan 0,00 m, boss 1,19 m kaydı"
2-1,"Yoğun Şifa","Yumruk","tek_dokunus",1,1,1,1,1,1,1,1,1,1,"geri","geri",0.00,"oyuncu +88000 can",3.00,1.35,0.20,0.16,0.60,0.00,0.00,"0/2 kare koşu","vuruş 1: 0,47s@boss3,90m/oyuncu0,68m; kalıp sonu: merkeze 3,42 m, başlangıçtan 0,55 m, kalıp simülasyonundan 0,00 m, kalıp hedefi AllyDummy; uyarı: [PlaceholderFactory] VFX asset missing (trail/blink_line); using element_color primitive placeholder."
2-2,"Emici Şifa","Yumruk","uzaktan_emme",1,1,1,1,1,1,1,1,1,1,"yerinde","yerinde",53192.00,"oyuncu +84000 can, dost +28000 can",2.65,1.35,2.21,2.16,2.61,0.00,0.00,"","vuruş 4: 1,00s@boss0,19m/oyuncu2,72m 1,53s@boss0,10m/oyuncu2,72m 2,00s@boss0,02m/oyuncu2,72m 2,54s@boss0,07m/oyuncu2,72m; kalıp sonu: merkeze 2,65 m, başlangıçtan 0,35 m, kalıp simülasyonundan 0,00 m"
2-3,"Sıçrayan Şifa","Yumruk","dosttan_dosta",1,1,1,1,1,1,1,1,1,1,"yerinde","yerinde",0.00,"oyuncu +88000 can, dost +44000 can",3.00,1.35,0.60,0.54,0.96,0.00,0.00,"","vuruş 3: 0,49s@boss6,43m/oyuncu3,95m 0,56s@boss6,98m/oyuncu4,53m 0,76s@boss6,88m/oyuncu4,54m; kalıp sonu: merkeze 3,00 m, başlangıçtan 0,00 m, kalıp simülasyonundan 0,00 m, kalıp hedefi AllyDummy"
2-4,"Sabit Şifa","Yumruk","totem_dikme",1,1,1,1,1,1,1,1,1,1,"yerinde","yerinde",0.00,"oyuncu +88000 can",3.00,1.35,0.33,0.30,0.73,0.00,0.00,"","vuruş 1: 0,60s@boss3,10m/oyuncu0,00m; kalıp sonu: merkeze 3,11 m, başlangıçtan 0,15 m, kalıp simülasyonundan 0,00 m, kalıp hedefi AllyDummy"
2-5,"Yayılan Şifa","Yumruk","genisleyen_halka",1,1,1,1,1,1,1,1,1,1,"yerinde","yerinde",0.00,"oyuncu +88000 can",3.00,1.35,0.60,0.58,1.00,0.00,0.00,"","vuruş 1: 0,80s@boss3,00m/oyuncu0,00m; kalıp sonu: merkeze 3,00 m, başlangıçtan 0,00 m, kalıp simülasyonundan 0,00 m"
2-6,"Bağlayıcı Şifa","Yumruk","dostu_kanca",1,1,1,1,1,1,1,1,1,1,"geri","geri",0.00,"oyuncu +88000 can",3.00,1.35,0.54,0.52,0.94,0.00,0.00,"1/6 kare koşu, ayak/gövde hız oranı 1,03","vuruş 1: 0,80s@boss5,79m/oyuncu0,40m; kalıp sonu: merkeze 5,92 m, başlangıçtan 3,40 m, kalıp simülasyonundan 0,00 m, kalıp hedefi AllyDummy"
3-1,"Yoğun Adım","Yumruk","kisa_dash",1,1,1,1,1,1,1,1,1,1,"ön","ön",4384.00,"boss:Burn",2.18,1.35,0.21,0.16,0.54,0.00,0.00,"1/3 kare koşu, ayak/gövde hız oranı 1,02","kalıp sonu: merkeze 2,18 m, başlangıçtan 0,83 m, kalıp simülasyonundan 0,00 m"
3-2,"Emici Adım","Yumruk","icinden_emme",1,1,1,1,1,1,1,1,1,1,"arka","arka",4408.00,"boss:Burn",0.18,1.35,0.33,0.28,0.67,0.00,0.00,"1/5 kare koşu, ayak/gövde hız oranı 1,01","vuruş 1: 0,47s@boss0,26m/oyuncu1,36m; kalıp sonu: merkeze 2,61 m, başlangıçtan 5,28 m, kalıp simülasyonundan 0,37 m, boss 0,33 m kaydı; gövdeye girdi: merkeze 0,18 m (t=0,40, temas 1,35) geçiş tasarım gereği"
3-3,"Sıçrayan Adım","Yumruk","sekmeli_ziplama",1,1,1,1,1,1,1,1,1,1,"arka","arka",4792.00,"boss:Burn",1.50,1.35,0.40,0.40,0.73,0.00,0.00,"0/6 kare koşu","vuruş 2: 0,47s@boss1,79m/oyuncu0,00m 0,67s@boss1,50m/oyuncu0,00m; kalıp sonu: merkeze 1,50 m, başlangıçtan 4,50 m, kalıp simülasyonundan 0,00 m"
3-4,"Sabit Adım","Yumruk","geri_sarma",1,1,1,1,1,1,1,1,1,1,"başlangıç","başlangıç",19200.00,"boss:Burn",1.50,1.35,2.67,2.66,3.00,0.00,0.00,"3/9 kare koşu, ayak/gövde hız oranı 0,90","kalıp sonu: merkeze 3,00 m, başlangıçtan 0,00 m, kalıp simülasyonundan 0,00 m; uyarı: Hareket kalıbı konumu yönetiyor; gramer konum adımı atlandı: 3-4 isaret_geri_don"
3-5,"Yayılan Adım","Yumruk","dalis_patlamasi",1,1,1,1,1,1,1,1,1,1,"ön","ön",4400.00,"boss:Burn",1.50,1.35,0.47,0.42,0.80,0.00,0.00,"0/4 kare koşu","vuruş 1: 0,60s@boss1,50m/oyuncu0,00m; kalıp sonu: merkeze 1,50 m, başlangıçtan 1,50 m, kalıp simülasyonundan 0,00 m"
3-6,"Bağlayıcı Adım","Yumruk","kanca_cekis",1,1,1,1,1,1,1,1,1,1,"arka","arka",4160.00,"boss:Root+Slow+Burn, boss hız x0,00",1.50,1.35,0.83,0.74,1.16,0.00,0.00,"1/9 kare koşu, ayak/gövde hız oranı 1,03","vuruş 1: 0,93s@boss0,00m/oyuncu1,50m; kalıp sonu: merkeze 1,50 m, başlangıçtan 4,50 m, kalıp simülasyonundan 0,00 m; uyarı: Hareket kalıbı konumu yönetiyor; gramer konum adımı atlandı: 3-6 yer_degistir"
4-1,"Yoğun Kalkan","Yumruk","tam_zamanli",1,1,1,1,1,1,1,1,1,1,"yerinde","yerinde",0.00,"",3.00,1.35,0.53,0.50,0.93,0.00,0.00,"","hasarsız skill (base_damage 0): etki hareketin kendisi; vuruş 1: 0,73s@boss0,62m/oyuncu2,38m; kalıp sonu: merkeze 3,00 m, başlangıçtan 0,00 m, kalıp simülasyonundan 0,00 m"
4-2,"Emici Kalkan","Yumruk","kalkan_calma",1,1,1,1,1,1,1,1,1,1,"yerinde","yerinde",76000.00,"",3.00,1.35,0.20,0.20,0.60,0.00,0.00,"","vuruş 1: 0,47s@boss1,73m/oyuncu1,28m; kalıp sonu: merkeze 3,00 m, başlangıçtan 0,00 m, kalıp simülasyonundan 0,00 m"
4-3,"Sıçrayan Kalkan","Yumruk","seken_disk",1,1,1,1,1,1,1,1,1,1,"yerinde","yerinde",0.00,"",3.00,1.35,0.47,0.42,0.87,0.00,0.00,"","hasarsız skill (base_damage 0): etki hareketin kendisi; vuruş 2: 0,53s@boss0,30m/oyuncu3,30m 0,67s@boss3,04m/oyuncu1,43m; kalıp sonu: merkeze 3,00 m, başlangıçtan 0,00 m, kalıp simülasyonundan 0,00 m"
5-1,"Yoğun Patlama","Yumruk","saplanan_fitil",1,1,1,1,1,1,1,1,1,1,"geri","geri",177768.00,"boss:Burn",2.38,1.35,1.60,1.62,1.94,0.00,0.00,"1/6 kare koşu, ayak/gövde hız oranı 1,05","vuruş 2: 0,40s@boss0,85m/oyuncu1,53m 1,94s@boss0,85m/oyuncu2,95m; kalıp sonu: merkeze 3,80 m, başlangıçtan 0,80 m, kalıp simülasyonundan 0,00 m; uyarı: [PlaceholderFactory] VFX asset missing (trail/ground_marker); using element_color primitive placeholder."
5-2,"Emici Patlama","Yumruk","ceken_girdap",1,1,1,1,1,1,1,1,1,1,"yerinde","yerinde",137064.00,"boss:Burn, oyuncu +38959 can",1.35,1.35,1.34,1.32,1.67,0.00,0.00,"","vuruş 3: 1,00s@boss0,00m/oyuncu3,10m 1,47s@boss0,00m/oyuncu1,35m 1,54s@boss0,00m/oyuncu1,35m; kalıp sonu: merkeze 1,35 m, başlangıçtan 0,00 m, kalıp simülasyonundan 0,00 m, boss 1,65 m kaydı"
5-3,"Sıçrayan Patlama","Yumruk","seken_bomba",1,1,1,1,1,1,1,1,1,1,"yerinde","yerinde",207056.00,"boss:Burn",3.00,1.35,0.60,0.58,0.93,0.00,0.00,"","vuruş 3: 0,46s@boss0,40m/oyuncu3,40m 0,60s@boss0,00m/oyuncu3,47m 0,80s@boss0,35m/oyuncu3,91m; kalıp sonu: merkeze 4,05 m, başlangıçtan 0,00 m, kalıp simülasyonundan 0,00 m, boss 1,05 m kaydı"
6-1,"Yoğun Bağ","Yumruk","sinir_noktasi",1,1,1,1,1,1,1,1,1,1,"ön","ön",55176.00,"boss:Burn+Stun, boss hız x0,00",1.49,1.35,0.40,0.34,0.73,0.00,0.00,"0/5 kare koşu","vuruş 1: 0,60s@boss0,90m/oyuncu0,59m; kalıp sonu: merkeze 1,71 m, başlangıçtan 1,79 m, kalıp simülasyonundan 0,29 m, boss 0,50 m kaydı"
6-2,"Emici Bağ","Yumruk","bossu_cek",1,1,1,1,1,1,1,1,1,1,"geri","geri",41744.00,"boss:Burn+Root, boss hız x0,00, oyuncu +11206 can",1.35,1.35,0.47,0.44,0.80,0.00,0.00,"2/5 kare koşu, ayak/gövde hız oranı 1,02","vuruş 1: 0,60s@boss2,72m/oyuncu1,36m; kalıp sonu: merkeze 3,33 m, başlangıçtan 1,60 m, kalıp simülasyonundan 0,00 m, boss 1,27 m kaydı"
6-3,"Sıçrayan Bağ","Yumruk","basip_sekme",1,1,1,1,1,1,1,1,1,1,"başlangıç","başlangıç",61024.00,"boss:Burn+Root, boss hız x0,00",1.69,1.35,0.54,0.52,0.87,0.00,0.00,"0/7 kare koşu","vuruş 1: 0,60s@boss1,51m/oyuncu0,26m; kalıp sonu: merkeze 3,98 m, başlangıçtan 0,20 m, kalıp simülasyonundan 0,00 m, boss 0,78 m kaydı"
1-7,"Bulandırıcı Vuruş","Yumruk","dumandan_cikis",1,1,1,1,1,1,1,1,1,1,"ön","ön",198712.00,"boss:Blind+Burn",1.60,1.35,0.54,0.48,0.87,0.00,0.00,"0/3 kare koşu","vuruş 1: 0,67s@boss0,75m/oyuncu1,36m; kalıp sonu: merkeze 1,89 m, başlangıçtan 1,80 m, kalıp simülasyonundan 0,30 m, boss 0,69 m kaydı"
1-8,"Yükselen Vuruş","Yumruk","havaya_kaldirma",1,1,1,1,1,1,1,1,1,1,"ön","ön",222728.00,"boss:Burn+Stun, boss hız x0,00",1.89,1.35,0.40,0.34,0.73,0.00,0.00,"0/5 kare koşu","vuruş 1: 0,47s@boss1,08m/oyuncu1,28m; kalıp sonu: merkeze 1,90 m, başlangıçtan 1,10 m, kalıp simülasyonundan 0,00 m"
1-9,"Odaklı Vuruş","Yumruk","isarete_vur",1,1,1,1,1,1,1,1,1,1,"ön","ön",318360.00,"boss:Burn",2.05,1.35,0.40,0.38,0.73,0.00,0.00,"0/3 kare koşu","vuruş 1: 0,60s@boss0,92m/oyuncu1,28m; kalıp sonu: merkeze 2,26 m, başlangıçtan 1,35 m, kalıp simülasyonundan 0,00 m, boss 0,61 m kaydı"
2-7,"Bulandırıcı Şifa","Yumruk","sis_ortusu",1,1,1,1,1,1,1,1,1,1,"yerinde","yerinde",0.00,"oyuncu +88000 can",3.02,1.35,0.33,0.30,0.73,0.00,0.00,"","vuruş 1: 0,53s@boss0,00m/oyuncu3,07m; kalıp sonu: merkeze 3,08 m, başlangıçtan 0,00 m, kalıp simülasyonundan 0,00 m"
2-8,"Yükselen Şifa","Yumruk","yerden_buyuyen",1,1,1,1,1,1,1,1,1,1,"yerinde","yerinde",0.00,"oyuncu +88000 can",3.00,1.35,0.46,0.42,0.87,0.00,0.00,"","vuruş 1: 0,67s@boss6,98m/oyuncu4,33m; kalıp sonu: merkeze 3,18 m, başlangıçtan 0,25 m, kalıp simülasyonundan 0,00 m, kalıp hedefi AllyDummy"
2-9,"Odaklı Şifa","Yumruk","koruyucu_isaret",1,0,1,1,1,1,1,1,1,0,"geri","geri",0.00,"",3.00,1.35,0.20,0.20,0.60,0.00,0.00,"0/3 kare koşu","hasar yok, etki görülmedi; vuruş 1: 0,53s@boss3,90m/oyuncu0,35m; kalıp sonu: merkeze 3,61 m, başlangıçtan 0,80 m, kalıp simülasyonundan 0,00 m, kalıp hedefi AllyDummy"
3-7,"Bulandırıcı Adım","Yumruk","duman_kaybolma",1,1,1,1,1,1,1,1,1,1,"ön","ön",6128.00,"boss:Blind+Burn, oyuncu:Stealth",1.50,1.35,0.63,0.59,0.96,0.00,0.00,"0/3 kare koşu","vuruş 1: 0,47s@boss1,75m/oyuncu0,00m; kalıp sonu: merkeze 1,50 m, başlangıçtan 1,50 m, kalıp simülasyonundan 0,00 m"
3-8,"Yükselen Adım","Yumruk","sicrayip_cakilma",1,1,1,1,1,1,1,1,1,1,"ön","ön",4824.00,"boss:Burn, oyuncu:Haste, oyuncu hız x1,10",1.50,1.35,0.87,0.82,1.20,0.00,0.00,"0/5 kare koşu","vuruş 1: 1,07s@boss1,50m/oyuncu0,00m; kalıp sonu: merkeze 1,50 m, başlangıçtan 1,50 m, kalıp simülasyonundan 0,00 m"
3-9,"Odaklı Adım","Yumruk","kilitli_adim",1,1,1,1,1,1,1,1,1,1,"arka","arka",4000.00,"boss:Burn",1.50,1.35,0.53,0.48,0.87,0.00,0.00,"0/1 kare koşu","vuruş 1: 0,73s@boss0,00m/oyuncu1,50m; kalıp sonu: merkeze 1,50 m, başlangıçtan 4,50 m, kalıp simülasyonundan 0,00 m; tek karede 4,50 m sıçrama (sınır 2,53 m @ 69 ms, t=0,60, faz adim, blink tasarım gereği); uyarı: Hareket kalıbı konumu yönetiyor; gramer konum adımı atlandı: 3-9 hedefin_arkasina"
7-1,"Yoğun Zafiyet","Yumruk","diken_firlatma",1,1,1,1,1,1,1,1,1,1,"yerinde","yerinde",20608.00,"boss:Burn",2.99,1.35,0.47,0.40,0.87,0.00,0.00,"","vuruş 1: 0,73s@boss0,31m/oyuncu3,30m; kalıp sonu: merkeze 3,47 m, başlangıçtan 0,00 m, kalıp simülasyonundan 0,00 m, boss 0,47 m kaydı"
7-2,"Emici Zafiyet","Yumruk","sokup_cekme",1,1,1,1,1,1,1,1,1,1,"geri","geri",15664.00,"boss:Burn, oyuncu +3093 can",3.03,1.35,0.47,0.44,0.87,0.00,0.00,"2/5 kare koşu, ayak/gövde hız oranı 1,02","vuruş 2: 0,54s@boss0,35m/oyuncu3,57m 0,67s@boss2,70m/oyuncu1,19m; kalıp sonu: merkeze 4,42 m, başlangıçtan 1,30 m, kalıp simülasyonundan 0,00 m, boss 0,12 m kaydı"
7-3,"Sıçrayan Zafiyet","Yumruk","seken_yaratik",1,1,1,1,1,1,1,1,1,1,"yerinde","yerinde",27952.00,"boss:Burn",2.99,1.35,0.67,0.64,1.07,0.00,0.00,"","vuruş 3: 0,60s@boss0,01m/oyuncu3,00m 0,80s@boss0,35m/oyuncu3,65m 0,94s@boss0,35m/oyuncu3,90m; kalıp sonu: merkeze 4,05 m, başlangıçtan 0,00 m, kalıp simülasyonundan 0,00 m, boss 1,05 m kaydı"
8-1,"Yoğun Yükseliş","Yumruk","kuculten_kapi",1,1,1,1,1,1,1,1,1,1,"yerinde","yerinde",0.00,"",3.01,1.35,0.33,0.28,0.73,0.00,0.00,"","hasarsız skill (base_damage 0): etki hareketin kendisi; vuruş 1: 0,53s@boss0,65m/oyuncu2,38m; kalıp sonu: merkeze 3,03 m, başlangıçtan 0,00 m, kalıp simülasyonundan 0,00 m"
8-2,"Emici Yükseliş","Yumruk","kan_muhru",1,1,1,1,1,1,1,1,1,1,"yerinde","yerinde",0.00,"",3.00,1.35,0.33,0.32,0.74,0.00,0.00,"","hasarsız skill (base_damage 0): etki hareketin kendisi; vuruş 1: 0,53s@boss3,00m/oyuncu0,00m; kalıp sonu: merkeze 3,00 m, başlangıçtan 0,00 m, kalıp simülasyonundan 0,00 m"
8-3,"Sıçrayan Yükseliş","Yumruk","pas_verme",1,1,1,1,1,1,1,1,1,1,"yerinde","yerinde",0.00,"",3.00,1.35,0.27,0.24,0.67,0.00,0.00,"","hasarsız skill (base_damage 0): etki hareketin kendisi; vuruş 1: 0,60s@boss6,38m/oyuncu3,90m; kalıp sonu: merkeze 3,00 m, başlangıçtan 0,00 m, kalıp simülasyonundan 0,00 m, kalıp hedefi AllyDummy"
9-1,"Yoğun Arınma","Yumruk","tek_dokunus",1,1,1,1,1,1,1,1,1,1,"geri","geri",0.00,"oyuncu +20000 can",3.00,1.35,0.20,0.16,0.60,0.00,0.00,"0/2 kare koşu","vuruş 1: 0,47s@boss3,89m/oyuncu0,68m; kalıp sonu: merkeze 3,41 m, başlangıçtan 0,55 m, kalıp simülasyonundan 0,00 m, kalıp hedefi AllyDummy"
9-2,"Emici Arınma","Yumruk","cekip_firlat",1,1,1,1,1,1,1,1,1,1,"yerinde","yerinde",0.00,"oyuncu +8000 can, dost +12000 can",3.00,1.35,0.53,0.50,0.93,0.00,0.00,"","vuruş 2: 0,53s@boss2,65m/oyuncu0,35m 0,80s@boss0,30m/oyuncu3,30m; kalıp sonu: merkeze 3,00 m, başlangıçtan 0,00 m, kalıp simülasyonundan 0,00 m"
9-3,"Sıçrayan Arınma","Yumruk","dosttan_dosta",1,1,1,1,1,1,1,1,1,1,"yerinde","yerinde",0.00,"oyuncu +28000 can, dost +8000 can",3.00,1.35,0.60,0.54,1.00,0.00,0.00,"","vuruş 3: 0,53s@boss6,43m/oyuncu3,95m 0,60s@boss6,98m/oyuncu4,53m 0,80s@boss6,88m/oyuncu4,54m; kalıp sonu: merkeze 3,00 m, başlangıçtan 0,00 m, kalıp simülasyonundan 0,00 m, kalıp hedefi AllyDummy"
1-10,"Aynalı Vuruş","Yumruk","sirtta_kapi",1,1,1,1,1,1,1,1,1,1,"ön","ön",9905584.00,"boss:Burn",2.05,1.35,0.40,0.32,0.73,0.00,0.00,"0/3 kare koşu","vuruş 2: 0,40s@boss0,93m/oyuncu1,19m 0,53s@boss0,55m/oyuncu2,83m; kalıp sonu: merkeze 2,69 m, başlangıçtan 1,20 m, kalıp simülasyonundan 0,00 m, boss 0,89 m kaydı"
1-11,"Kopya Vuruş","Yumruk","golge_yankisi",1,1,1,1,1,1,1,1,1,1,"ön","ön",114008.00,"boss:Burn",2.27,1.35,0.53,0.50,0.87,0.00,0.00,"1/3 kare koşu, ayak/gövde hız oranı 1,02","vuruş 2: 0,40s@boss1,12m/oyuncu1,15m 0,73s@boss2,72m/oyuncu1,39m; kalıp sonu: merkeze 3,18 m, başlangıçtan 0,90 m, kalıp simülasyonundan 0,00 m, boss 1,08 m kaydı"
1-12,"Akan Vuruş","Yumruk","basili_seri",1,1,1,1,1,1,1,1,1,1,"ön","ön",41312.00,"boss:Burn",2.88,1.35,3.06,3.00,3.40,0.00,0.00,"","vuruş 6: 0,53s@boss1,73m/oyuncu1,15m 1,06s@boss2,60m/oyuncu1,15m 1,53s@boss2,57m/oyuncu1,15m 2,07s@boss2,37m/oyuncu1,15m 2,53s@boss2,16m/oyuncu1,15m 3,07s@boss1,91m/oyuncu1,15m; kalıp sonu: merkeze 2,97 m, başlangıçtan 1,40 m, kalıp simülasyonundan 0,00 m, boss 1,37 m kaydı"
2-10,"Aynalı Şifa","Yumruk","ters_es",1,1,1,1,1,1,1,1,1,1,"yerinde","yerinde",0.00,"oyuncu +112000 can",3.00,1.35,0.47,0.44,0.87,0.00,0.00,"","vuruş 2: 0,53s@boss2,60m/oyuncu0,40m 0,73s@boss0,00m/oyuncu3,00m; kalıp sonu: merkeze 3,00 m, başlangıçtan 0,00 m, kalıp simülasyonundan 0,00 m"
2-11,"Kopya Şifa","Yumruk","golge_ulak",1,1,1,1,1,1,1,1,1,1,"yan","yan",0.00,"oyuncu +88000 can, dost +88000 can",2.43,1.35,1.40,1.36,1.80,0.00,0.00,"1/3 kare koşu, ayak/gövde hız oranı 1,00","vuruş 2: 0,47s@boss3,26m/oyuncu0,35m 1,67s@boss3,05m/oyuncu1,46m; kalıp sonu: merkeze 2,43 m, başlangıçtan 1,41 m, kalıp simülasyonundan 0,00 m, kalıp hedefi AllyDummy"
2-12,"Akan Şifa","Yumruk","basili_isik",1,1,1,1,1,1,1,1,1,1,"geri","geri",0.00,"oyuncu +80000 can, dost +16000 can",3.00,1.35,3.00,3.00,3.40,0.00,0.00,"","vuruş 6: 0,60s@boss5,38m/oyuncu2,72m 1,13s@boss5,58m/oyuncu2,72m 1,60s@boss5,75m/oyuncu2,72m 2,13s@boss5,95m/oyuncu2,72m 2,60s@boss6,13m/oyuncu2,72m 3,13s@boss6,33m/oyuncu2,72m; kalıp sonu: merkeze 3,94 m, başlangıçtan 1,20 m, kalıp simülasyonundan 0,00 m, kalıp hedefi AllyDummy"
3-10,"Aynalı Adım","Yumruk","iki_kapi",1,1,1,1,1,1,1,1,1,1,"ön","ön",0.00,"",1.50,1.35,0.60,0.54,0.93,0.00,0.00,"0/4 kare koşu","hasarsız skill (base_damage 0): etki hareketin kendisi; vuruş 2: 0,33s@boss3,00m/oyuncu0,00m 0,73s@boss1,50m/oyuncu0,00m; kalıp sonu: merkeze 1,50 m, başlangıçtan 1,50 m, kalıp simülasyonundan 0,00 m"
3-11,"Kopya Adım","Yumruk","yem_kac",1,1,1,1,1,1,1,1,1,1,"geri","geri",0.00,"",3.00,1.35,0.47,0.40,0.80,0.00,0.00,"1/5 kare koşu, ayak/gövde hız oranı 1,05","hasarsız skill (base_damage 0): etki hareketin kendisi; vuruş 1: 0,33s@boss3,00m/oyuncu0,00m; kalıp sonu: merkeze 5,80 m, başlangıçtan 2,80 m, kalıp simülasyonundan 0,00 m"
3-12,"Akan Adım","Yumruk","suzulme",1,1,1,1,1,1,1,1,1,1,"ön","ön",21040.00,"boss:Burn, oyuncu:Haste, oyuncu hız x1,50",1.90,1.35,3.04,3.00,3.40,0.00,0.00,"","kalıp sonu: merkeze 1,90 m, başlangıçtan 1,10 m, kalıp simülasyonundan 0,00 m"
10-1,"Yoğun Yansı","Yumruk","tam_zamanli",1,1,1,1,1,1,1,1,1,1,"yerinde","yerinde",4008.00,"boss:Burn",3.00,1.35,0.53,0.50,0.93,0.00,0.00,"","vuruş 1: 0,73s@boss0,62m/oyuncu2,38m; kalıp sonu: merkeze 3,00 m, başlangıçtan 0,00 m, kalıp simülasyonundan 0,00 m"
10-2,"Emici Yansı","Yumruk","yutan_girdap",1,1,1,1,1,1,1,1,1,1,"yerinde","yerinde",16824.00,"boss:Burn",3.00,1.35,3.20,3.18,3.60,0.00,0.00,"","vuruş 4: 1,26s@boss0,62m/oyuncu2,38m 2,06s@boss0,62m/oyuncu2,38m 2,80s@boss0,62m/oyuncu2,38m 3,53s@boss0,62m/oyuncu2,38m; kalıp sonu: merkeze 3,00 m, başlangıçtan 0,00 m, kalıp simülasyonundan 0,00 m"
10-3,"Sıçrayan Yansı","Yumruk","seken_geri",1,1,1,1,1,1,1,1,1,1,"ön","ön",4808.00,"boss:Burn",1.90,1.35,0.41,0.36,0.81,0.00,0.00,"0/3 kare koşu","vuruş 2: 0,47s@boss0,55m/oyuncu1,53m 0,60s@boss0,00m/oyuncu1,90m; kalıp sonu: merkeze 1,90 m, başlangıçtan 1,10 m, kalıp simülasyonundan 0,00 m"
10-10,"Aynalı Yansı","Yumruk","iki_kapi",1,1,1,1,1,1,1,1,1,1,"ön","ön",0.00,"",1.50,1.35,0.60,0.54,1.00,0.00,0.00,"0/4 kare koşu","hasarsız skill (base_damage 0): etki hareketin kendisi; vuruş 2: 0,40s@boss3,00m/oyuncu0,00m 0,80s@boss1,50m/oyuncu0,00m; kalıp sonu: merkeze 1,50 m, başlangıçtan 1,50 m, kalıp simülasyonundan 0,00 m"
10-11,"Kopya Yansı","Yumruk","yem_kopya",1,1,1,1,1,1,1,1,1,1,"ön","ön",4000.00,"boss:Burn",2.10,1.35,0.40,0.36,0.80,0.00,0.00,"0/2 kare koşu","vuruş 1: 0,60s@boss2,19m/oyuncu1,29m; kalıp sonu: merkeze 2,10 m, başlangıçtan 0,90 m, kalıp simülasyonundan 0,00 m"
10-12,"Akan Yansı","Yumruk","basili_siper",1,1,1,1,1,1,1,1,1,1,"ön","ön",16408.00,"boss:Burn",2.20,1.35,3.00,3.00,3.40,0.00,0.00,"","vuruş 3: 1,13s@boss0,41m/oyuncu2,38m 2,13s@boss0,14m/oyuncu2,38m 3,13s@boss0,13m/oyuncu2,38m; kalıp sonu: merkeze 2,20 m, başlangıçtan 0,80 m, kalıp simülasyonundan 0,00 m"
11-1,"Yoğun Çağrı","Yumruk","sirt_saplama",1,1,1,1,1,1,1,1,1,1,"ön","ön",36280.00,"boss:Burn",1.80,1.35,0.53,0.47,0.93,0.00,0.00,"0/2 kare koşu","vuruş 1: 0,80s@boss0,00m/oyuncu1,87m; kalıp sonu: merkeze 1,88 m, başlangıçtan 1,20 m, kalıp simülasyonundan 0,00 m"
11-2,"Emici Çağrı","Yumruk","yapisan",1,1,1,1,1,1,1,1,1,1,"yerinde","yerinde",245304.00,"boss:Burn, oyuncu +150753 can",3.00,1.35,5.19,5.18,5.59,0.00,0.00,"","vuruş 6: 0,53s@boss0,20m/oyuncu3,22m 1,51s@boss0,00m/oyuncu3,11m 2,53s@boss0,00m/oyuncu3,11m 3,53s@boss0,00m/oyuncu3,11m 4,53s@boss0,00m/oyuncu3,11m 5,54s@boss0,00m/oyuncu3,11m; kalıp sonu: merkeze 3,11 m, başlangıçtan 0,00 m, kalıp simülasyonundan 0,00 m, boss 0,11 m kaydı"
11-3,"Sıçrayan Çağrı","Yumruk","seken_yaratik",1,1,1,1,1,1,1,1,1,1,"yerinde","yerinde",53680.00,"boss:Burn",3.00,1.35,0.67,0.64,1.07,0.00,0.00,"","vuruş 3: 0,60s@boss0,00m/oyuncu3,04m 0,74s@boss0,35m/oyuncu3,08m 0,93s@boss0,35m/oyuncu3,10m; kalıp sonu: merkeze 3,09 m, başlangıçtan 0,00 m, kalıp simülasyonundan 0,00 m"
11-10,"Aynalı Çağrı","Yumruk","takim_kapisi",1,1,1,1,1,1,1,1,1,1,"ön","ön",57504.00,"boss:Burn, oyuncu:Stasis",1.85,1.35,1.40,1.38,1.79,0.00,0.00,"0/3 kare koşu","vuruş 1: 0,66s@boss1,85m/oyuncu0,00m; kalıp sonu: merkeze 1,85 m, başlangıçtan 1,15 m, kalıp simülasyonundan 0,00 m"
11-11,"Kopya Çağrı","Yumruk","ayna_klonlar",1,1,1,1,1,1,1,1,1,1,"ön","ön",77104.00,"boss:Burn",1.88,1.35,0.68,0.64,1.08,0.00,0.00,"0/2 kare koşu","vuruş 2: 0,74s@boss2,03m/oyuncu1,41m 0,94s@boss2,04m/oyuncu1,41m; kalıp sonu: merkeze 1,94 m, başlangıçtan 1,15 m, kalıp simülasyonundan 0,00 m"
11-12,"Akan Çağrı","Yumruk","kapidan_akin",1,1,1,1,1,1,1,1,1,1,"ön","ön",234184.00,"boss:Burn",1.85,1.35,4.39,4.34,4.79,0.00,0.00,"0/2 kare koşu","vuruş 6: 0,73s@boss0,85m/oyuncu1,04m 1,53s@boss0,00m/oyuncu1,95m 2,33s@boss0,00m/oyuncu1,96m 3,13s@boss0,00m/oyuncu1,96m 3,93s@boss0,00m/oyuncu1,96m 4,73s@boss0,00m/oyuncu1,96m; kalıp sonu: merkeze 1,96 m, başlangıçtan 1,15 m, kalıp simülasyonundan 0,00 m, boss 0,11 m kaydı"
12-1,"Yoğun Zaman","Yumruk","zamanli_donma",1,1,1,1,1,1,1,1,1,1,"ön","ön",3480.00,"boss:Burn+Slow, boss hız x0,70",1.83,1.35,0.64,0.50,1.05,0.00,0.00,"0/3 kare koşu","vuruş 1: 0,80s@boss0,56m/oyuncu1,28m; kalıp sonu: merkeze 2,14 m, başlangıçtan 1,60 m, kalıp simülasyonundan 0,10 m, boss 0,74 m kaydı"
12-2,"Emici Zaman","Yumruk","ceken_girdap",1,1,1,1,1,1,1,1,1,1,"yerinde","yerinde",6816.00,"boss:Burn+Slow, oyuncu:Haste, boss hız x0,70, oyuncu hız x1,30",3.02,1.35,1.33,1.32,1.73,0.00,0.00,"","vuruş 3: 1,07s@boss0,00m/oyuncu3,11m 1,53s@boss0,00m/oyuncu4,16m 1,60s@boss0,00m/oyuncu4,22m; kalıp sonu: merkeze 4,30 m, başlangıçtan 0,00 m, kalıp simülasyonundan 0,00 m, boss 1,30 m kaydı"
12-3,"Sıçrayan Zaman","Yumruk","geri_donen_kure",1,1,1,1,1,1,1,1,1,1,"yerinde","yerinde",5192.00,"boss:Burn+Slow, boss hız x0,70",3.00,1.35,0.53,0.50,0.93,0.00,0.00,"","vuruş 2: 0,53s@boss0,30m/oyuncu3,32m 0,80s@boss1,75m/oyuncu2,04m; kalıp sonu: merkeze 3,99 m, başlangıçtan 0,00 m, kalıp simülasyonundan 0,00 m, boss 0,99 m kaydı"
12-10,"Aynalı Zaman","Yumruk","boss_geri",1,1,1,1,1,1,1,1,1,1,"yerinde","yerinde",4792.00,"boss:Burn+Slow, boss hız x0,70",3.01,1.35,0.46,0.46,0.87,0.00,0.00,"","vuruş 1: 0,53s@boss0,29m/oyuncu3,33m; kalıp sonu: merkeze 3,04 m, başlangıçtan 0,00 m, kalıp simülasyonundan 0,00 m"
12-11,"Kopya Zaman","Yumruk","geri_sarma",1,1,1,1,1,1,1,1,1,1,"başlangıç","başlangıç",18832.00,"boss:Burn+Slow, boss hız x0,70",1.50,1.35,2.67,2.66,3.07,0.00,0.00,"2/9 kare koşu, ayak/gövde hız oranı 1,01","kalıp sonu: merkeze 3,18 m, başlangıçtan 0,00 m, kalıp simülasyonundan 0,00 m, boss 0,18 m kaydı"
12-12,"Akan Zaman","Yumruk","yuruyen_balon",1,1,1,1,1,1,1,1,1,1,"ön","ön",24008.00,"boss:Burn+Slow, boss hız x0,70",3.00,1.35,4.20,4.20,4.60,0.00,0.00,"","vuruş 5: 0,47s@boss3,00m/oyuncu0,00m 1,54s@boss4,01m/oyuncu0,00m 2,60s@boss3,73m/oyuncu0,00m 3,55s@boss3,45m/oyuncu0,00m 4,54s@boss3,15m/oyuncu0,00m; kalıp sonu: merkeze 3,15 m, başlangıçtan 1,20 m, kalıp simülasyonundan 0,00 m, boss 1,35 m kaydı"
4-4,"Sabit Kalkan","Yumruk","duvar_dikme",1,1,1,1,1,1,1,1,1,1,"yerinde","yerinde",0.00,"",3.00,1.35,0.33,0.32,0.73,0.00,0.00,"","hasarsız skill (base_damage 0): etki hareketin kendisi; vuruş 1: 0,60s@boss0,62m/oyuncu2,38m; kalıp sonu: merkeze 3,00 m, başlangıçtan 0,00 m, kalıp simülasyonundan 0,00 m"
4-5,"Yayılan Kalkan","Yumruk","onde_yelpaze",1,1,1,1,1,1,1,1,1,1,"yerinde","yerinde",0.00,"",3.00,1.35,0.67,0.63,1.07,0.00,0.00,"","hasarsız skill (base_damage 0): etki hareketin kendisi; vuruş 1: 0,80s@boss1,88m/oyuncu1,12m; kalıp sonu: merkeze 3,00 m, başlangıçtan 0,00 m, kalıp simülasyonundan 0,00 m"
4-6,"Bağlayıcı Kalkan","Yumruk","zincirli_firlatma",1,1,1,1,1,1,1,1,1,1,"ön","ön",0.00,"",1.50,1.35,0.73,0.70,1.13,0.00,0.00,"2/4 kare koşu, ayak/gövde hız oranı 1,00","hasarsız skill (base_damage 0): etki hareketin kendisi; vuruş 2: 0,53s@boss0,45m/oyuncu3,45m 1,00s@boss0,48m/oyuncu1,28m; kalıp sonu: merkeze 1,50 m, başlangıçtan 1,50 m, kalıp simülasyonundan 0,00 m"
4-7,"Bulandırıcı Kalkan","Yumruk","duman_duvari",1,1,1,1,1,1,1,1,1,1,"yerinde","yerinde",0.00,"",2.80,1.35,0.53,0.52,0.93,0.00,0.00,"","hasarsız skill (base_damage 0): etki hareketin kendisi; vuruş 1: 0,60s@boss0,42m/oyuncu2,38m; kalıp sonu: merkeze 2,80 m, başlangıçtan 0,20 m, kalıp simülasyonundan 0,00 m"
4-8,"Yükselen Kalkan","Yumruk","yerden_buyuyen",1,1,1,1,1,1,1,1,1,1,"yerinde","yerinde",0.00,"",3.00,1.35,0.46,0.42,0.87,0.00,0.00,"","hasarsız skill (base_damage 0): etki hareketin kendisi; vuruş 1: 0,67s@boss6,98m/oyuncu4,33m; kalıp sonu: merkeze 3,18 m, başlangıçtan 0,25 m, kalıp simülasyonundan 0,00 m, kalıp hedefi AllyDummy"
4-9,"Odaklı Kalkan","Yumruk","koruyucu_isaret",1,1,1,1,1,1,1,1,1,1,"geri","geri",0.00,"",3.00,1.35,0.20,0.20,0.60,0.00,0.00,"0/3 kare koşu","hasarsız skill (base_damage 0): etki hareketin kendisi; vuruş 1: 0,53s@boss3,90m/oyuncu0,35m; kalıp sonu: merkeze 3,61 m, başlangıçtan 0,80 m, kalıp simülasyonundan 0,00 m, kalıp hedefi AllyDummy"
5-4,"Sabit Patlama","Yumruk","mayin_cakma",1,1,1,1,1,1,1,1,1,1,"yerinde","yerinde",140672.00,"boss:Burn",2.83,1.35,0.60,0.54,0.94,0.00,0.00,"","vuruş 2: 0,67s@boss0,85m/oyuncu2,00m 0,73s@boss0,83m/oyuncu2,00m; kalıp sonu: merkeze 3,49 m, başlangıçtan 0,15 m, kalıp simülasyonundan 0,00 m, boss 0,64 m kaydı"
5-5,"Yayılan Patlama","Yumruk","yer_yarigi",1,1,1,1,1,1,1,1,1,1,"ön","ön",119864.00,"boss:Burn",1.50,1.35,0.62,0.56,0.96,0.00,0.00,"1/9 kare koşu, ayak/gövde hız oranı 1,00","vuruş 3: 0,66s@boss0,31m/oyuncu1,21m 0,66s@boss0,15m/oyuncu1,36m 0,82s@boss0,22m/oyuncu1,28m; kalıp sonu: merkeze 1,60 m, başlangıçtan 2,33 m, kalıp simülasyonundan 0,52 m, boss 0,90 m kaydı"
5-6,"Bağlayıcı Patlama","Yumruk","gerilip_kopan",1,1,1,1,1,1,1,1,1,1,"geri","geri",143024.00,"boss:Root+Slow+Burn, boss hız x0,00",1.35,1.35,0.60,0.58,0.93,0.00,0.00,"0/6 kare koşu","vuruş 2: 0,47s@boss0,85m/oyuncu1,16m 0,80s@boss0,86m/oyuncu2,69m; kalıp sonu: merkeze 2,80 m, başlangıçtan 0,50 m, kalıp simülasyonundan 0,01 m, boss 0,70 m kaydı"
5-7,"Bulandırıcı Patlama","Yumruk","sis_bombasi",1,1,1,1,1,1,1,1,1,1,"yerinde","yerinde",133096.00,"boss:Blind+Burn",3.00,1.35,0.19,0.22,0.50,0.00,0.00,"","vuruş 1: 0,50s@boss0,34m/oyuncu3,35m; kalıp sonu: merkeze 3,01 m, başlangıçtan 0,00 m, kalıp simülasyonundan 0,00 m"
5-8,"Yükselen Patlama","Yumruk","yerden_fiskirma",1,1,1,1,1,1,1,1,1,1,"ön","ön",149992.00,"boss:Burn+Stun, boss hız x0,00",2.59,1.35,0.47,0.44,0.80,0.00,0.00,"","vuruş 1: 0,60s@boss0,00m/oyuncu2,75m; kalıp sonu: merkeze 2,60 m, başlangıçtan 0,40 m, kalıp simülasyonundan 0,00 m"
5-9,"Odaklı Patlama","Yumruk","gudumlu_top",1,1,1,1,1,1,1,1,1,1,"yerinde","yerinde",235720.00,"boss:Burn",3.02,1.35,0.60,0.56,0.93,0.00,0.00,"","vuruş 1: 0,80s@boss0,00m/oyuncu3,12m; kalıp sonu: merkeze 3,58 m, başlangıçtan 0,00 m, kalıp simülasyonundan 0,00 m, boss 0,58 m kaydı"
6-4,"Sabit Bağ","Yumruk","karsilikli_kilit",1,1,1,1,1,1,1,1,1,1,"ön","ön",56552.00,"boss:Burn+Root, boss hız x0,00",1.50,1.35,3.27,3.24,3.60,0.00,0.00,"1/4 kare koşu, ayak/gövde hız oranı 0,92","vuruş 1: 0,80s@boss0,39m/oyuncu1,11m; kalıp sonu: merkeze 2,87 m, başlangıçtan 1,57 m, kalıp simülasyonundan 0,07 m, boss 1,44 m kaydı"
6-5,"Yayılan Bağ","Yumruk","yer_tuzagi",1,1,1,1,1,1,1,1,1,1,"yerinde","yerinde",36408.00,"boss:Burn+Root, boss hız x0,00",3.00,1.35,0.34,0.28,0.67,0.00,0.00,"","vuruş 1: 0,47s@boss0,62m/oyuncu2,38m; kalıp sonu: merkeze 3,64 m, başlangıçtan 0,00 m, kalıp simülasyonundan 0,00 m, boss 0,64 m kaydı"
6-6,"Bağlayıcı Bağ","Yumruk","iki_uclu",1,1,1,1,1,1,1,1,1,1,"yerinde","yerinde",45208.00,"boss:Root+Slow+Burn, boss hız x0,00",3.01,1.35,0.67,0.65,1.00,0.00,0.00,"","vuruş 1: 0,47s@boss0,28m/oyuncu3,33m; kalıp sonu: merkeze 4,17 m, başlangıçtan 0,00 m, kalıp simülasyonundan 0,00 m, boss 1,17 m kaydı"
6-7,"Bulandırıcı Bağ","Yumruk","goz_bagi",1,1,1,1,1,1,1,1,1,1,"yerinde","yerinde",43520.00,"boss:Blind+Burn+Root, boss hız x0,00",3.00,1.35,0.13,0.20,0.47,0.00,0.00,"","vuruş 1: 0,47s@boss0,27m/oyuncu3,28m; kalıp sonu: merkeze 3,01 m, başlangıçtan 0,00 m, kalıp simülasyonundan 0,00 m"
6-8,"Yükselen Bağ","Yumruk","havada_asma",1,1,1,1,1,1,1,1,1,1,"ön","ön",47344.00,"boss:Stun+Burn+Root, boss hız x0,00",1.50,1.35,1.20,1.14,1.53,0.00,0.00,"0/5 kare koşu","vuruş 1: 0,80s@boss1,50m/oyuncu0,00m; kalıp sonu: merkeze 2,65 m, başlangıçtan 1,50 m, kalıp simülasyonundan 0,00 m, boss 1,15 m kaydı"
6-9,"Odaklı Bağ","Yumruk","zamanli_donma",1,1,1,1,1,1,1,1,1,1,"ön","ön",61976.00,"boss:Burn+Root, boss hız x0,00",1.49,1.35,0.53,0.50,0.87,0.00,0.00,"0/3 kare koşu","vuruş 1: 0,73s@boss0,53m/oyuncu1,28m; kalıp sonu: merkeze 1,50 m, başlangıçtan 1,52 m, kalıp simülasyonundan 0,02 m"
7-4,"Sabit Zafiyet","Yumruk","mayin_cakma",1,1,1,1,1,1,1,1,1,1,"yerinde","yerinde",17152.00,"boss:Burn",2.86,1.35,0.60,0.54,1.00,0.00,0.00,"0/2 kare koşu","vuruş 2: 0,73s@boss0,85m/oyuncu2,02m 0,80s@boss0,85m/oyuncu2,02m; kalıp sonu: merkeze 3,52 m, başlangıçtan 0,24 m, kalıp simülasyonundan 0,09 m, boss 0,77 m kaydı"
7-5,"Yayılan Zafiyet","Yumruk","onde_yelpaze",1,1,1,1,1,1,1,1,1,1,"yerinde","yerinde",16448.00,"boss:Burn",3.02,1.35,0.67,0.63,1.07,0.00,0.00,"","vuruş 1: 0,80s@boss1,96m/oyuncu1,12m; kalıp sonu: merkeze 3,88 m, başlangıçtan 0,00 m, kalıp simülasyonundan 0,00 m, boss 0,88 m kaydı"
7-6,"Bağlayıcı Zafiyet","Yumruk","dost_ip",1,1,1,1,1,1,1,1,1,1,"yerinde","yerinde",21096.00,"boss:Root+Slow+Burn, boss hız x0,00",3.01,1.35,0.67,0.62,1.07,0.00,0.00,"","vuruş 1: 0,53s@boss0,28m/oyuncu3,33m; kalıp sonu: merkeze 4,17 m, başlangıçtan 0,00 m, kalıp simülasyonundan 0,00 m, boss 1,17 m kaydı"
8-4,"Sabit Yükseliş","Yumruk","totem_dikme",1,1,1,1,1,1,1,1,1,1,"yerinde","yerinde",0.00,"",3.00,1.35,0.33,0.30,0.73,0.00,0.00,"","hasarsız skill (base_damage 0): etki hareketin kendisi; vuruş 1: 0,60s@boss3,10m/oyuncu0,00m; kalıp sonu: merkeze 3,12 m, başlangıçtan 0,15 m, kalıp simülasyonundan 0,00 m, kalıp hedefi AllyDummy"
8-5,"Yayılan Yükseliş","Yumruk","savas_narasi",1,1,1,1,1,1,1,1,1,1,"yerinde","yerinde",0.00,"",3.00,1.35,0.40,0.36,0.80,0.00,0.00,"","hasarsız skill (base_damage 0): etki hareketin kendisi; vuruş 1: 0,53s@boss3,00m/oyuncu0,00m; kalıp sonu: merkeze 3,00 m, başlangıçtan 0,00 m, kalıp simülasyonundan 0,00 m"
8-6,"Bağlayıcı Yükseliş","Yumruk","dost_dosta",1,1,1,1,1,1,1,1,1,1,"yan","yan",0.00,"",2.38,1.35,0.53,0.52,0.93,0.00,0.00,"1/4 kare koşu, ayak/gövde hız oranı 0,85","hasarsız skill (base_damage 0): etki hareketin kendisi; vuruş 3: 0,47s@boss4,05m/oyuncu1,22m 0,67s@boss2,85m/oyuncu1,41m 0,80s@boss4,76m/oyuncu2,38m; kalıp sonu: merkeze 2,38 m, başlangıçtan 1,41 m, kalıp simülasyonundan 0,00 m, kalıp hedefi AllyDummy"
9-4,"Sabit Arınma","Yumruk","yer_tuzagi",1,1,1,1,1,1,1,1,1,1,"yerinde","yerinde",0.00,"oyuncu +20000 can",3.00,1.35,0.23,0.28,0.69,0.00,0.00,"","vuruş 1: 0,50s@boss0,62m/oyuncu2,38m; kalıp sonu: merkeze 3,00 m, başlangıçtan 0,00 m, kalıp simülasyonundan 0,00 m"
9-5,"Yayılan Arınma","Yumruk","dagilan_yagmur",1,1,1,1,1,1,1,1,1,1,"yerinde","yerinde",0.00,"oyuncu +20000 can",3.00,1.35,0.60,0.58,1.00,0.00,0.00,"","vuruş 1: 0,73s@boss3,00m/oyuncu0,00m; kalıp sonu: merkeze 3,00 m, başlangıçtan 0,00 m, kalıp simülasyonundan 0,00 m, kalıp hedefi AllyDummy"
9-6,"Bağlayıcı Arınma","Yumruk","iki_uclu",1,1,1,1,1,1,1,1,1,1,"yerinde","yerinde",0.00,"oyuncu +20000 can",3.00,1.35,0.67,0.65,1.07,0.00,0.00,"","vuruş 1: 0,53s@boss6,36m/oyuncu3,88m; kalıp sonu: merkeze 3,00 m, başlangıçtan 0,00 m, kalıp simülasyonundan 0,00 m, kalıp hedefi AllyDummy"
4-10,"Aynalı Kalkan","Yumruk","sirtta_kapi",1,1,1,1,1,1,1,1,1,1,"ön","ön",24000.00,"",1.80,1.35,0.33,0.32,0.73,0.00,0.00,"0/3 kare koşu","vuruş 2: 0,46s@boss0,92m/oyuncu1,19m 0,60s@boss0,55m/oyuncu2,35m; kalıp sonu: merkeze 1,80 m, başlangıçtan 1,20 m, kalıp simülasyonundan 0,00 m"
4-11,"Kopya Kalkan","Yumruk","yem_kopya",1,1,1,1,1,1,1,1,1,1,"yerinde","yerinde",0.00,"",3.00,1.35,0.27,0.24,0.67,0.00,0.00,"","hasarsız skill (base_damage 0): etki hareketin kendisi; vuruş 1: 0,47s@boss2,98m/oyuncu1,29m; kalıp sonu: merkeze 3,00 m, başlangıçtan 0,00 m, kalıp simülasyonundan 0,00 m"
4-12,"Akan Kalkan","Yumruk","basili_siper",1,1,1,1,1,1,1,1,1,1,"geri","geri",0.00,"",3.00,1.35,3.00,3.00,3.40,0.00,0.00,"","hasarsız skill (base_damage 0): etki hareketin kendisi; vuruş 3: 1,13s@boss5,17m/oyuncu2,38m 2,13s@boss5,41m/oyuncu2,38m 3,13s@boss5,66m/oyuncu2,38m; kalıp sonu: merkeze 3,61 m, başlangıçtan 0,80 m, kalıp simülasyonundan 0,00 m, kalıp hedefi AllyDummy"
5-10,"Aynalı Patlama","Yumruk","karsi_darbe",1,1,1,1,1,1,1,1,1,1,"ön","ön",208736.00,"boss:Burn",1.92,1.35,0.40,0.36,0.73,0.00,0.00,"0/3 kare koşu","vuruş 1: 0,60s@boss0,56m/oyuncu1,36m; kalıp sonu: merkeze 2,17 m, başlangıçtan 1,30 m, kalıp simülasyonundan 0,00 m, boss 0,47 m kaydı"
5-11,"Kopya Patlama","Yumruk","golge_yankisi",1,1,1,1,1,1,1,1,1,1,"ön","ön",83240.00,"boss:Burn",2.30,1.35,0.53,0.50,0.86,0.00,0.00,"1/3 kare koşu, ayak/gövde hız oranı 1,02","vuruş 2: 0,40s@boss1,15m/oyuncu1,15m 0,73s@boss2,76m/oyuncu1,39m; kalıp sonu: merkeze 3,22 m, başlangıçtan 0,90 m, kalıp simülasyonundan 0,00 m, boss 1,12 m kaydı"
5-12,"Akan Patlama","Yumruk","patlayan_iz",1,1,1,1,1,1,1,1,1,1,"ön","ön",128496.00,"boss:Burn",2.17,1.35,2.95,3.00,3.28,0.00,0.00,"","vuruş 6: 0,73s@boss1,14m/oyuncu1,53m 1,27s@boss1,86m/oyuncu1,53m 1,74s@boss1,70m/oyuncu1,53m 2,28s@boss1,35m/oyuncu1,53m 2,75s@boss1,01m/oyuncu1,53m 3,28s@boss0,64m/oyuncu1,53m; kalıp sonu: merkeze 2,17 m, başlangıçtan 2,20 m, kalıp simülasyonundan 0,70 m, boss 1,37 m kaydı"
6-10,"Aynalı Bağ","Yumruk","karsi_darbe",1,1,1,1,1,1,1,1,1,1,"ön","ön",40488.00,"boss:Burn+Root, boss hız x0,00",1.91,1.35,0.40,0.36,0.73,0.00,0.00,"0/3 kare koşu","vuruş 1: 0,60s@boss0,55m/oyuncu1,36m; kalıp sonu: merkeze 2,17 m, başlangıçtan 1,30 m, kalıp simülasyonundan 0,00 m, boss 0,47 m kaydı"
6-11,"Kopya Bağ","Yumruk","onden_arkadan",1,1,1,1,1,1,1,1,1,1,"ön","ön",83256.00,"boss:Burn+Root, boss hız x0,00",2.31,1.35,0.40,0.34,0.73,0.00,0.00,"0/3 kare koşu","vuruş 2: 0,40s@boss1,21m/oyuncu1,11m 0,53s@boss0,60m/oyuncu3,24m; kalıp sonu: merkeze 3,06 m, başlangıçtan 0,90 m, kalıp simülasyonundan 0,00 m, boss 0,96 m kaydı"
6-12,"Akan Bağ","Yumruk","cember_sarma",1,1,1,1,1,1,1,1,1,1,"arka","arka",27232.00,"boss:Burn+Root, boss hız x0,00",1.50,1.35,0.93,0.90,1.27,0.00,0.00,"0/11 kare koşu","vuruş 1: 1,13s@boss0,01m/oyuncu2,06m; kalıp sonu: merkeze 2,53 m, başlangıçtan 4,61 m, kalıp simülasyonundan 0,03 m, boss 0,45 m kaydı"
10-4,"Sabit Yansı","Yumruk","duvar_dikme",1,1,1,1,1,1,1,1,1,1,"yerinde","yerinde",3608.00,"boss:Burn",3.00,1.35,0.33,0.32,0.73,0.00,0.00,"","vuruş 1: 0,60s@boss0,62m/oyuncu2,38m; kalıp sonu: merkeze 3,00 m, başlangıçtan 0,00 m, kalıp simülasyonundan 0,00 m"
10-5,"Yayılan Yansı","Yumruk","yuruyen_balon",1,1,1,1,1,1,1,1,1,1,"ön","ön",24184.00,"boss:Burn",1.80,1.35,4.23,4.20,4.63,0.00,0.00,"","vuruş 5: 0,47s@boss3,00m/oyuncu0,00m 1,53s@boss2,70m/oyuncu0,00m 2,56s@boss2,39m/oyuncu0,00m 3,56s@boss2,09m/oyuncu0,00m 4,56s@boss1,80m/oyuncu0,00m; kalıp sonu: merkeze 1,80 m, başlangıçtan 1,20 m, kalıp simülasyonundan 0,00 m"
10-6,"Bağlayıcı Yansı","Yumruk","silaha_kement",1,1,1,1,1,1,1,1,1,1,"yerinde","yerinde",7624.00,"boss:Root+Slow+Burn, boss hız x0,00",3.00,1.35,1.00,0.94,1.40,0.00,0.00,"","vuruş 1: 0,53s@boss0,40m/oyuncu3,40m; kalıp sonu: merkeze 3,00 m, başlangıçtan 0,00 m, kalıp simülasyonundan 0,00 m"
11-4,"Sabit Çağrı","Yumruk","taret_dikme",1,1,1,1,1,1,1,1,1,1,"ön","ön",30088.00,"boss:Burn",1.92,1.35,0.60,0.56,1.00,0.00,0.00,"0/2 kare koşu","vuruş 2: 0,60s@boss1,94m/oyuncu0,00m 0,87s@boss0,28m/oyuncu2,25m; kalıp sonu: merkeze 1,99 m, başlangıçtan 1,10 m, kalıp simülasyonundan 0,00 m"
11-5,"Yayılan Çağrı","Yumruk","dagilan_suru",1,1,1,1,1,1,1,1,1,1,"ön","ön",90728.00,"boss:Burn",2.60,1.35,0.59,0.54,0.99,0.00,0.00,"0/2 kare koşu","vuruş 3: 0,53s@boss0,35m/oyuncu2,64m 0,67s@boss0,00m/oyuncu2,65m 0,87s@boss0,35m/oyuncu2,70m; kalıp sonu: merkeze 2,69 m, başlangıçtan 0,40 m, kalıp simülasyonundan 0,00 m"
11-6,"Bağlayıcı Çağrı","Yumruk","muhafiz",1,1,1,1,1,1,1,1,1,1,"ön","ön",208808.00,"boss:Burn+Root+Slow, boss hız x0,00",1.85,1.35,0.66,0.66,1.02,0.00,0.00,"0/2 kare koşu","vuruş 1: 0,61s@boss1,93m/oyuncu1,20m; kalıp sonu: merkeze 1,94 m, başlangıçtan 1,15 m, kalıp simülasyonundan 0,00 m"
12-4,"Sabit Zaman","Yumruk","totem_dikme",1,1,1,1,1,1,1,1,1,1,"yerinde","yerinde",111016.00,"boss:Burn+Slow+Stun, boss hız x0,00",2.85,1.35,0.34,0.30,0.70,0.00,0.00,"","vuruş 1: 0,56s@boss2,85m/oyuncu0,00m; kalıp sonu: merkeze 3,34 m, başlangıçtan 0,15 m, kalıp simülasyonundan 0,00 m, boss 0,49 m kaydı"
12-5,"Yayılan Zaman","Yumruk","genisleyen_halka",1,1,1,1,1,1,1,1,1,1,"yerinde","yerinde",4000.00,"boss:Burn+Slow, boss hız x0,70",3.01,1.35,0.60,0.58,1.00,0.00,0.00,"","vuruş 1: 0,80s@boss3,07m/oyuncu0,00m; kalıp sonu: merkeze 3,70 m, başlangıçtan 0,00 m, kalıp simülasyonundan 0,00 m, boss 0,70 m kaydı"
12-6,"Bağlayıcı Zaman","Yumruk","iki_uclu",1,1,1,1,1,1,1,1,1,1,"yerinde","yerinde",5992.00,"boss:Burn, oyuncu:Haste, oyuncu hız x1,30",3.01,1.35,0.67,0.65,1.07,0.00,0.00,"","vuruş 1: 0,53s@boss0,28m/oyuncu3,34m; kalıp sonu: merkeze 4,19 m, başlangıçtan 0,00 m, kalıp simülasyonundan 0,00 m, boss 1,19 m kaydı; uyarı: 12-6 hızı element-sistemi.json self_haste 0; yedek +%50 kullanıldı."
7-7,"Bulandırıcı Zafiyet","Yumruk","sis_bombasi",1,1,1,1,1,1,1,1,1,1,"yerinde","yerinde",16496.00,"boss:Blind+Burn",3.00,1.35,0.27,0.22,0.67,0.00,0.00,"","vuruş 1: 0,53s@boss0,35m/oyuncu3,36m; kalıp sonu: merkeze 3,47 m, başlangıçtan 0,00 m, kalıp simülasyonundan 0,00 m, boss 0,47 m kaydı"
7-8,"Yükselen Zafiyet","Yumruk","yerden_fiskirma",1,1,1,1,1,1,1,1,1,1,"ön","ön",17272.00,"boss:Burn+Stun, boss hız x0,00",2.60,1.35,0.47,0.44,0.87,0.00,0.00,"","vuruş 1: 0,67s@boss0,00m/oyuncu2,75m; kalıp sonu: merkeze 2,60 m, başlangıçtan 0,40 m, kalıp simülasyonundan 0,00 m"
7-9,"Odaklı Zafiyet","Yumruk","isaret_patlamasi",1,1,1,1,1,1,1,1,1,1,"yerinde","yerinde",31472.00,"boss:Burn",3.03,1.35,1.93,1.92,2.33,0.00,0.00,"","vuruş 1: 2,20s@boss0,00m/oyuncu3,16m; kalıp sonu: merkeze 3,16 m, başlangıçtan 0,00 m, kalıp simülasyonundan 0,00 m, boss 0,16 m kaydı"
7-10,"Aynalı Zafiyet","Yumruk","onden_arkadan",1,1,1,1,1,1,1,1,1,1,"ön","ön",23080.00,"boss:Burn",2.41,1.35,0.40,0.34,0.80,0.00,0.00,"0/3 kare koşu","vuruş 2: 0,47s@boss1,31m/oyuncu1,11m 0,60s@boss0,60m/oyuncu3,34m; kalıp sonu: merkeze 3,17 m, başlangıçtan 0,90 m, kalıp simülasyonundan 0,00 m, boss 1,07 m kaydı"
7-11,"Kopya Zafiyet","Yumruk","golge_yankisi",1,1,1,1,1,1,1,1,1,1,"ön","ön",17112.00,"boss:Burn",2.27,1.35,0.55,0.50,0.95,0.00,0.00,"1/3 kare koşu, ayak/gövde hız oranı 1,02","vuruş 2: 0,47s@boss1,12m/oyuncu1,15m 0,80s@boss2,72m/oyuncu1,39m; kalıp sonu: merkeze 3,19 m, başlangıçtan 0,90 m, kalıp simülasyonundan 0,00 m, boss 1,09 m kaydı"
7-12,"Akan Zafiyet","Yumruk","basili_isik",1,1,1,1,1,1,1,1,1,1,"ön","ön",40992.00,"boss:Burn",2.91,1.35,3.00,3.00,3.40,0.00,0.00,"","vuruş 6: 0,60s@boss0,19m/oyuncu2,72m 1,13s@boss1,08m/oyuncu2,72m 1,60s@boss1,09m/oyuncu2,72m 2,14s@boss0,92m/oyuncu2,72m 2,60s@boss0,74m/oyuncu2,72m 3,14s@boss0,53m/oyuncu2,72m; kalıp sonu: merkeze 3,17 m, başlangıçtan 1,20 m, kalıp simülasyonundan 0,00 m, boss 1,37 m kaydı"
8-7,"Bulandırıcı Yükseliş","Yumruk","goz_bagi",1,1,1,1,1,1,1,1,1,1,"yerinde","yerinde",0.00,"",3.00,1.35,0.27,0.20,0.67,0.00,0.00,"","hasarsız skill (base_damage 0): etki hareketin kendisi; vuruş 1: 0,53s@boss0,28m/oyuncu3,28m; kalıp sonu: merkeze 3,00 m, başlangıçtan 0,00 m, kalıp simülasyonundan 0,00 m"
8-8,"Yükselen Yükseliş","Yumruk","buyuten_kemer",1,1,1,1,1,1,1,1,1,1,"yerinde","yerinde",0.00,"",3.00,1.35,0.47,0.42,0.86,0.00,0.00,"","hasarsız skill (base_damage 0): etki hareketin kendisi; vuruş 1: 0,66s@boss5,04m/oyuncu2,21m; kalıp sonu: merkeze 3,22 m, başlangıçtan 0,30 m, kalıp simülasyonundan 0,00 m, kalıp hedefi AllyDummy"
8-9,"Odaklı Yükseliş","Yumruk","gudumlu_top",1,1,1,1,1,1,1,1,1,1,"yerinde","yerinde",0.00,"",3.00,1.35,0.60,0.56,1.00,0.00,0.00,"","hasarsız skill (base_damage 0): etki hareketin kendisi; vuruş 1: 0,87s@boss6,98m/oyuncu4,53m; kalıp sonu: merkeze 3,00 m, başlangıçtan 0,00 m, kalıp simülasyonundan 0,00 m, kalıp hedefi AllyDummy"
8-10,"Aynalı Yükseliş","Yumruk","ters_es",1,1,1,1,1,1,1,1,1,1,"yerinde","yerinde",0.00,"",3.00,1.35,0.47,0.44,0.87,0.00,0.00,"","hasarsız skill (base_damage 0): etki hareketin kendisi; vuruş 2: 0,53s@boss2,60m/oyuncu0,40m 0,73s@boss0,00m/oyuncu3,00m; kalıp sonu: merkeze 3,00 m, başlangıçtan 0,00 m, kalıp simülasyonundan 0,00 m"
8-11,"Kopya Yükseliş","Yumruk","golge_ulak",1,1,1,1,1,1,1,1,1,1,"yan","yan",0.00,"",2.43,1.35,1.42,1.36,1.83,0.00,0.00,"1/3 kare koşu, ayak/gövde hız oranı 1,00","hasarsız skill (base_damage 0): etki hareketin kendisi; vuruş 2: 0,47s@boss3,26m/oyuncu0,35m 1,63s@boss2,87m/oyuncu1,46m; kalıp sonu: merkeze 2,43 m, başlangıçtan 1,41 m, kalıp simülasyonundan 0,00 m, kalıp hedefi AllyDummy"
8-12,"Akan Yükseliş","Yumruk","akinti_yolu",1,1,1,1,1,1,1,1,1,1,"geri","geri",0.00,"",3.00,1.35,1.00,0.94,1.40,0.00,0.00,"0/10 kare koşu","hasarsız skill (base_damage 0): etki hareketin kendisi; vuruş 1: 1,20s@boss6,27m/oyuncu2,38m; kalıp sonu: merkeze 4,11 m, başlangıçtan 1,40 m, kalıp simülasyonundan 0,00 m, kalıp hedefi AllyDummy"
9-7,"Bulandırıcı Arınma","Yumruk","sis_ortusu",1,1,1,1,1,1,1,1,1,1,"yerinde","yerinde",0.00,"oyuncu +20000 can",3.00,1.35,0.33,0.30,0.73,0.00,0.00,"","vuruş 1: 0,53s@boss0,00m/oyuncu3,00m; kalıp sonu: merkeze 3,00 m, başlangıçtan 0,00 m, kalıp simülasyonundan 0,00 m"
9-8,"Yükselen Arınma","Yumruk","isik_sutunu",1,1,1,1,1,1,1,1,1,1,"yerinde","yerinde",0.00,"oyuncu +20000 can",3.00,1.35,0.53,0.48,0.93,0.00,0.00,"","vuruş 1: 0,73s@boss3,06m/oyuncu0,00m; kalıp sonu: merkeze 3,07 m, başlangıçtan 0,10 m, kalıp simülasyonundan 0,00 m, kalıp hedefi AllyDummy"
9-9,"Odaklı Arınma","Yumruk","mermi_sondur",1,1,1,1,1,1,1,1,1,1,"yerinde","yerinde",0.00,"oyuncu +20000 can",3.00,1.35,0.40,0.38,0.80,0.00,0.00,"","vuruş 1: 0,67s@boss6,98m/oyuncu4,53m; kalıp sonu: merkeze 3,00 m, başlangıçtan 0,00 m, kalıp simülasyonundan 0,00 m, kalıp hedefi AllyDummy"
9-10,"Aynalı Arınma","Yumruk","yer_degistir",1,1,1,1,1,1,1,1,1,1,"arka","arka",0.00,"oyuncu +20000 can",1.50,1.35,0.40,0.34,0.80,0.00,0.00,"0/1 kare koşu","vuruş 1: 0,67s@boss0,31m/oyuncu1,19m; kalıp sonu: merkeze 1,50 m, başlangıçtan 4,50 m, kalıp simülasyonundan 0,00 m, ışın 8,34 m konumdan çıkarıldı; tek karede 8,34 m sıçrama (sınır 2,45 m @ 66 ms, t=0,80, ışın tasarım gereği)"
9-11,"Kopya Arınma","Yumruk","yem_kopya",1,1,1,1,1,1,1,1,1,1,"yerinde","yerinde",0.00,"oyuncu +20000 can, dost +20000 can",3.00,1.35,0.26,0.24,0.67,0.00,0.00,"","vuruş 1: 0,47s@boss2,98m/oyuncu1,29m; kalıp sonu: merkeze 3,00 m, başlangıçtan 0,00 m, kalıp simülasyonundan 0,00 m"
9-12,"Akan Arınma","Yumruk","nabiz",1,1,1,1,1,1,1,1,1,1,"yerinde","yerinde",0.00,"oyuncu +16000 can, dost +8000 can",3.00,1.35,3.20,3.18,3.60,0.00,0.00,"","vuruş 3: 1,53s@boss3,00m/oyuncu0,00m 2,54s@boss3,00m/oyuncu0,00m 3,54s@boss3,00m/oyuncu0,00m; kalıp sonu: merkeze 3,00 m, başlangıçtan 0,00 m, kalıp simülasyonundan 0,00 m"
10-7,"Bulandırıcı Yansı","Yumruk","sahte_goruntu",1,1,1,1,1,1,1,1,1,1,"geri","geri",5616.00,"boss:Blind+Burn",2.48,1.35,0.60,0.56,1.00,0.00,0.00,"1/5 kare koşu, ayak/gövde hız oranı 1,00","vuruş 3: 0,53s@boss2,60m/oyuncu1,37m 0,67s@boss2,60m/oyuncu1,37m 0,87s@boss3,21m/oyuncu0,00m; kalıp sonu: merkeze 3,38 m, başlangıçtan 0,37 m, kalıp simülasyonundan 0,00 m"
10-8,"Yükselen Yansı","Yumruk","yerden_buyuyen",1,1,1,1,1,1,1,1,1,1,"ön","ön",2792.00,"boss:Burn",2.35,1.35,0.60,0.54,1.00,0.00,0.00,"0/2 kare koşu","vuruş 1: 0,80s@boss0,00m/oyuncu2,39m; kalıp sonu: merkeze 2,35 m, başlangıçtan 0,65 m, kalıp simülasyonundan 0,00 m"
10-9,"Odaklı Yansı","Yumruk","koruyucu_isaret",1,1,1,1,1,1,1,1,1,1,"ön","ön",0.00,"",1.73,1.35,0.33,0.32,0.73,0.00,0.00,"0/5 kare koşu","hasarsız skill (base_damage 0): etki hareketin kendisi; vuruş 1: 0,60s@boss1,58m/oyuncu0,35m; kalıp sonu: merkeze 1,73 m, başlangıçtan 1,28 m, kalıp simülasyonundan 0,00 m"
11-7,"Bulandırıcı Çağrı","Yumruk","sirt_saplama",1,1,1,1,1,1,1,1,1,1,"ön","ön",29680.00,"boss:Blind+Burn",2.10,1.35,0.47,0.44,0.87,0.00,0.00,"0/2 kare koşu","vuruş 1: 0,73s@boss0,00m/oyuncu2,16m; kalıp sonu: merkeze 2,18 m, başlangıçtan 0,90 m, kalıp simülasyonundan 0,00 m"
11-8,"Yükselen Çağrı","Yumruk","dostu_yerden",1,1,1,1,1,1,1,1,1,1,"ön","ön",30312.00,"boss:Burn",2.02,1.35,0.93,0.90,1.33,0.00,0.00,"0/10 kare koşu","vuruş 1: 1,13s@boss1,98m/oyuncu0,95m; kalıp sonu: merkeze 2,10 m, başlangıçtan 1,42 m, kalıp simülasyonundan 0,00 m"
11-9,"Odaklı Çağrı","Yumruk","pesinden_av",1,1,1,1,1,1,1,1,1,1,"ön","ön",183448.00,"boss:Burn",1.92,1.35,2.48,2.46,2.88,0.00,0.00,"0/2 kare koşu","vuruş 1: 2,75s@boss0,00m/oyuncu2,01m; kalıp sonu: merkeze 2,01 m, başlangıçtan 1,10 m, kalıp simülasyonundan 0,00 m, boss 0,11 m kaydı"
12-7,"Bulandırıcı Zaman","Yumruk","kum_saati",1,1,1,1,1,1,1,1,1,1,"yerinde","yerinde",43104.00,"boss:Blind+Burn+Slow, boss hız x0,70",3.00,1.35,0.67,0.62,1.02,0.00,0.00,"","vuruş 1: 0,48s@boss0,28m/oyuncu3,28m; kalıp sonu: merkeze 4,10 m, başlangıçtan 0,00 m, kalıp simülasyonundan 0,00 m, boss 1,10 m kaydı"
12-8,"Yükselen Zaman","Yumruk","isik_sutunu",1,1,1,1,1,1,1,1,1,1,"yerinde","yerinde",2800.00,"boss:Burn, oyuncu:Haste, oyuncu hız x1,50",2.90,1.35,0.53,0.48,0.93,0.00,0.00,"","vuruş 1: 0,73s@boss2,92m/oyuncu0,00m; kalıp sonu: merkeze 2,90 m, başlangıçtan 0,10 m, kalıp simülasyonundan 0,00 m"
12-9,"Odaklı Zaman","Yumruk","isaret_patlamasi",1,1,1,1,1,1,1,1,1,1,"yerinde","yerinde",2816.00,"boss:Burn+Slow, boss hız x0,70",3.00,1.35,1.94,1.92,2.34,0.00,0.00,"","vuruş 1: 2,20s@boss0,00m/oyuncu3,00m; kalıp sonu: merkeze 3,00 m, başlangıçtan 0,00 m, kalıp simülasyonundan 0,00 m"
1-1,"Yoğun Vuruş","Yay","yukle_birak",1,1,1,1,1,1,1,1,1,1,"ön","ön",182408.00,"boss:Burn",1.63,1.35,0.53,0.52,0.87,0.00,0.00,"0/3 kare koşu","vuruş 1: 0,73s@boss0,41m/oyuncu1,53m; kalıp sonu: merkeze 1,85 m, başlangıçtan 1,70 m, kalıp simülasyonundan 0,20 m, boss 0,55 m kaydı"
1-2,"Emici Vuruş","Yay","kan_ceken_pence",1,1,1,1,1,1,1,1,1,1,"yerinde","yerinde",125688.00,"boss:Burn, oyuncu +36146 can",1.34,1.35,0.40,0.38,0.73,0.00,0.00,"","vuruş 3: 0,40s@boss1,76m/oyuncu1,02m 0,53s@boss1,19m/oyuncu1,02m 0,67s@boss0,62m/oyuncu1,02m; kalıp sonu: merkeze 1,34 m, başlangıçtan 0,00 m, kalıp simülasyonundan 0,00 m, boss 1,66 m kaydı"
1-3,"Sıçrayan Vuruş","Yay","yan_yan_sekme",1,1,1,1,1,1,1,1,1,1,"geri","geri",200000.00,"boss:Burn",2.85,1.35,0.46,0.46,0.80,0.00,0.00,"0/7 kare koşu","vuruş 2: 0,40s@boss0,74m/oyuncu3,52m 0,73s@boss0,74m/oyuncu4,98m; kalıp sonu: merkeze 4,40 m, başlangıçtan 1,30 m, kalıp simülasyonundan 0,12 m, boss 0,97 m kaydı"
1-4,"Sabit Vuruş","Yay","yere_cakilan",1,1,1,1,1,1,1,1,1,1,"yerinde","yerinde",136848.00,"boss:Burn",2.84,1.35,0.47,0.42,0.80,0.00,0.00,"","vuruş 1: 0,67s@boss2,84m/oyuncu0,00m; kalıp sonu: merkeze 3,30 m, başlangıçtan 0,20 m, kalıp simülasyonundan 0,00 m, boss 0,50 m kaydı"
1-5,"Yayılan Vuruş","Yay","donen_kesik",1,1,1,1,1,1,1,1,1,1,"yerinde","yerinde",110816.00,"boss:Burn",3.02,1.35,0.60,0.55,0.93,0.00,0.00,"","vuruş 1: 0,53s@boss3,07m/oyuncu0,00m; kalıp sonu: merkeze 4,05 m, başlangıçtan 0,00 m, kalıp simülasyonundan 0,00 m, boss 1,05 m kaydı"
1-6,"Bağlayıcı Vuruş","Yay","zincirli_firlatma",1,1,1,1,1,1,1,1,1,1,"ön","ön",136424.00,"boss:Root+Slow+Burn, boss hız x0,00",2.64,1.35,0.73,0.70,1.07,0.00,0.00,"2/4 kare koşu, ayak/gövde hız oranı 0,99","vuruş 2: 0,47s@boss0,46m/oyuncu3,48m 0,93s@boss1,55m/oyuncu1,28m; kalıp sonu: merkeze 2,69 m, başlangıçtan 1,50 m, kalıp simülasyonundan 0,00 m, boss 1,19 m kaydı"
2-1,"Yoğun Şifa","Yay","tek_dokunus",1,1,1,1,1,1,1,1,1,1,"geri","geri",0.00,"oyuncu +88000 can",3.00,1.35,0.20,0.16,0.60,0.00,0.00,"0/2 kare koşu","vuruş 1: 0,47s@boss3,89m/oyuncu0,68m; kalıp sonu: merkeze 3,42 m, başlangıçtan 0,55 m, kalıp simülasyonundan 0,00 m, kalıp hedefi AllyDummy"
2-2,"Emici Şifa","Yay","uzaktan_emme",1,1,1,1,1,1,1,1,1,1,"yerinde","yerinde",53192.00,"oyuncu +84000 can, dost +28000 can",2.65,1.35,2.20,2.16,2.60,0.00,0.00,"","vuruş 4: 1,00s@boss0,19m/oyuncu2,72m 1,53s@boss0,10m/oyuncu2,72m 2,00s@boss0,02m/oyuncu2,72m 2,53s@boss0,07m/oyuncu2,72m; kalıp sonu: merkeze 2,65 m, başlangıçtan 0,35 m, kalıp simülasyonundan 0,00 m"
2-3,"Sıçrayan Şifa","Yay","dosttan_dosta",1,1,1,1,1,1,1,1,1,1,"yerinde","yerinde",0.00,"oyuncu +88000 can, dost +44000 can",3.00,1.35,0.60,0.54,1.00,0.00,0.00,"","vuruş 3: 0,53s@boss6,43m/oyuncu3,95m 0,60s@boss6,98m/oyuncu4,53m 0,80s@boss6,88m/oyuncu4,54m; kalıp sonu: merkeze 3,00 m, başlangıçtan 0,00 m, kalıp simülasyonundan 0,00 m, kalıp hedefi AllyDummy"
2-4,"Sabit Şifa","Yay","totem_dikme",1,1,1,1,1,1,1,1,1,1,"yerinde","yerinde",0.00,"oyuncu +88000 can",3.00,1.35,0.33,0.30,0.73,0.00,0.00,"","vuruş 1: 0,60s@boss3,10m/oyuncu0,00m; kalıp sonu: merkeze 3,11 m, başlangıçtan 0,15 m, kalıp simülasyonundan 0,00 m, kalıp hedefi AllyDummy"
2-5,"Yayılan Şifa","Yay","genisleyen_halka",1,1,1,1,1,1,1,1,1,1,"yerinde","yerinde",0.00,"oyuncu +88000 can",3.00,1.35,0.60,0.58,1.00,0.00,0.00,"","vuruş 1: 0,80s@boss3,00m/oyuncu0,00m; kalıp sonu: merkeze 3,00 m, başlangıçtan 0,00 m, kalıp simülasyonundan 0,00 m"
2-6,"Bağlayıcı Şifa","Yay","dostu_kanca",1,1,1,1,1,1,1,1,1,1,"geri","geri",0.00,"oyuncu +88000 can",3.00,1.35,0.53,0.52,0.93,0.00,0.00,"1/6 kare koşu, ayak/gövde hız oranı 1,03","vuruş 1: 0,80s@boss5,80m/oyuncu0,40m; kalıp sonu: merkeze 5,92 m, başlangıçtan 3,40 m, kalıp simülasyonundan 0,00 m, kalıp hedefi AllyDummy"
3-1,"Yoğun Adım","Yay","kisa_dash",1,1,1,1,1,1,1,1,1,1,"ön","ön",4408.00,"boss:Burn",1.50,1.35,0.20,0.16,0.53,0.00,0.00,"0/3 kare koşu","kalıp sonu: merkeze 1,50 m, başlangıçtan 1,50 m, kalıp simülasyonundan 0,00 m"
3-2,"Emici Adım","Yay","icinden_emme",1,1,1,1,1,1,1,1,1,1,"arka","arka",4424.00,"boss:Burn",0.21,1.35,0.33,0.28,0.67,0.00,0.00,"0/5 kare koşu","vuruş 1: 0,47s@boss0,24m/oyuncu1,36m; kalıp sonu: merkeze 2,61 m, başlangıçtan 5,24 m, kalıp simülasyonundan 0,41 m, boss 0,37 m kaydı; gövdeye girdi: merkeze 0,21 m (t=0,40, temas 1,35) geçiş tasarım gereği"
3-3,"Sıçrayan Adım","Yay","sekmeli_ziplama",1,1,1,1,1,1,1,1,1,1,"arka","arka",4784.00,"boss:Burn",1.50,1.35,0.47,0.40,0.80,0.00,0.00,"0/6 kare koşu","vuruş 2: 0,47s@boss1,80m/oyuncu0,00m 0,67s@boss1,50m/oyuncu0,00m; kalıp sonu: merkeze 1,50 m, başlangıçtan 4,50 m, kalıp simülasyonundan 0,00 m"
3-4,"Sabit Adım","Yay","geri_sarma",1,1,1,1,1,1,1,1,1,1,"başlangıç","başlangıç",19224.00,"boss:Burn",1.50,1.35,2.67,2.66,3.00,0.00,0.00,"2/9 kare koşu, ayak/gövde hız oranı 0,94","kalıp sonu: merkeze 3,00 m, başlangıçtan 0,00 m, kalıp simülasyonundan 0,00 m"
3-5,"Yayılan Adım","Yay","dalis_patlamasi",1,1,1,1,1,1,1,1,1,1,"ön","ön",4392.00,"boss:Burn",1.50,1.35,0.47,0.42,0.80,0.00,0.00,"0/4 kare koşu","vuruş 1: 0,60s@boss1,50m/oyuncu0,00m; kalıp sonu: merkeze 1,50 m, başlangıçtan 1,50 m, kalıp simülasyonundan 0,00 m"
3-6,"Bağlayıcı Adım","Yay","kanca_cekis",1,1,1,1,1,1,1,1,1,1,"arka","arka",4000.00,"boss:Root+Slow+Burn, boss hız x0,00",1.50,1.35,0.80,0.74,1.13,0.00,0.00,"1/10 kare koşu, ayak/gövde hız oranı 1,03","vuruş 1: 0,93s@boss0,00m/oyuncu1,50m; kalıp sonu: merkeze 1,50 m, başlangıçtan 4,50 m, kalıp simülasyonundan 0,00 m"
4-1,"Yoğun Kalkan","Yay","tam_zamanli",1,1,1,1,1,1,1,1,1,1,"yerinde","yerinde",0.00,"",3.00,1.35,0.53,0.50,0.93,0.00,0.00,"","hasarsız skill (base_damage 0): etki hareketin kendisi; vuruş 1: 0,74s@boss0,62m/oyuncu2,38m; kalıp sonu: merkeze 3,00 m, başlangıçtan 0,00 m, kalıp simülasyonundan 0,00 m"
4-2,"Emici Kalkan","Yay","kalkan_calma",1,1,1,1,1,1,1,1,1,1,"yerinde","yerinde",76000.00,"",3.00,1.35,0.26,0.20,0.66,0.00,0.00,"","vuruş 1: 0,46s@boss1,73m/oyuncu1,28m; kalıp sonu: merkeze 3,00 m, başlangıçtan 0,00 m, kalıp simülasyonundan 0,00 m"
4-3,"Sıçrayan Kalkan","Yay","seken_disk",1,1,1,1,1,1,1,1,1,1,"yerinde","yerinde",0.00,"",3.00,1.35,0.47,0.42,0.87,0.00,0.00,"","hasarsız skill (base_damage 0): etki hareketin kendisi; vuruş 2: 0,53s@boss0,30m/oyuncu3,30m 0,67s@boss3,04m/oyuncu1,43m; kalıp sonu: merkeze 3,00 m, başlangıçtan 0,00 m, kalıp simülasyonundan 0,00 m"
5-1,"Yoğun Patlama","Yay","saplanan_fitil",1,1,1,1,1,1,1,1,1,1,"geri","geri",146896.00,"boss:Burn",2.37,1.35,1.60,1.62,2.00,0.00,0.00,"1/6 kare koşu, ayak/gövde hız oranı 0,99","vuruş 2: 0,47s@boss0,85m/oyuncu1,52m 2,00s@boss0,84m/oyuncu2,95m; kalıp sonu: merkeze 3,79 m, başlangıçtan 0,80 m, kalıp simülasyonundan 0,00 m"
5-2,"Emici Patlama","Yay","ceken_girdap",1,1,1,1,1,1,1,1,1,1,"yerinde","yerinde",76464.00,"boss:Burn, oyuncu +20780 can",1.34,1.35,1.37,1.32,1.76,0.00,0.00,"","vuruş 3: 1,03s@boss0,00m/oyuncu1,35m 1,56s@boss0,00m/oyuncu1,35m 1,63s@boss0,00m/oyuncu1,35m; kalıp sonu: merkeze 1,35 m, başlangıçtan 0,00 m, kalıp simülasyonundan 0,00 m, boss 1,65 m kaydı"
5-3,"Sıçrayan Patlama","Yay","seken_bomba",1,1,1,1,1,1,1,1,1,1,"yerinde","yerinde",113704.00,"boss:Burn",3.00,1.35,0.60,0.58,1.00,0.00,0.00,"","vuruş 3: 0,53s@boss0,40m/oyuncu3,40m 0,67s@boss0,00m/oyuncu3,47m 0,87s@boss0,35m/oyuncu3,90m; kalıp sonu: merkeze 4,05 m, başlangıçtan 0,00 m, kalıp simülasyonundan 0,00 m, boss 1,05 m kaydı"
6-1,"Yoğun Bağ","Yay","sinir_noktasi",1,1,1,1,1,1,1,1,1,1,"ön","ön",31936.00,"boss:Burn+Stun, boss hız x0,00",1.50,1.35,0.40,0.34,0.80,0.00,0.00,"0/5 kare koşu","vuruş 1: 0,67s@boss0,92m/oyuncu0,59m; kalıp sonu: merkeze 1,71 m, başlangıçtan 1,78 m, kalıp simülasyonundan 0,28 m, boss 0,50 m kaydı"
6-2,"Emici Bağ","Yay","bossu_cek",1,1,1,1,1,1,1,1,1,1,"geri","geri",22576.00,"boss:Burn+Root, boss hız x0,00, oyuncu +5569 can",1.35,1.35,0.46,0.44,0.86,0.00,0.00,"2/5 kare koşu, ayak/gövde hız oranı 1,02","vuruş 1: 0,66s@boss1,56m/oyuncu1,36m; kalıp sonu: merkeze 2,66 m, başlangıçtan 1,60 m, kalıp simülasyonundan 0,00 m, boss 1,94 m kaydı"
6-3,"Sıçrayan Bağ","Yay","basip_sekme",1,1,1,1,1,1,1,1,1,1,"başlangıç","başlangıç",35224.00,"boss:Burn+Root, boss hız x0,00",1.67,1.35,0.53,0.52,0.93,0.00,0.00,"0/7 kare koşu","vuruş 1: 0,66s@boss1,51m/oyuncu0,25m; kalıp sonu: merkeze 3,97 m, başlangıçtan 0,20 m, kalıp simülasyonundan 0,00 m, boss 0,77 m kaydı"
1-7,"Bulandırıcı Vuruş","Yay","dumandan_cikis",1,1,1,1,1,1,1,1,1,1,"ön","ön",137800.00,"boss:Blind+Burn",1.66,1.35,0.53,0.48,0.87,0.00,0.00,"0/4 kare koşu","vuruş 1: 0,67s@boss0,75m/oyuncu1,36m; kalıp sonu: merkeze 1,90 m, başlangıçtan 1,80 m, kalıp simülasyonundan 0,30 m, boss 0,70 m kaydı"
1-8,"Yükselen Vuruş","Yay","havaya_kaldirma",1,1,1,1,1,1,1,1,1,1,"ön","ön",139584.00,"boss:Burn+Stun, boss hız x0,00",1.90,1.35,0.40,0.34,0.73,0.00,0.00,"0/5 kare koşu","vuruş 1: 0,47s@boss1,08m/oyuncu1,28m; kalıp sonu: merkeze 1,90 m, başlangıçtan 1,10 m, kalıp simülasyonundan 0,00 m"
1-9,"Odaklı Vuruş","Yay","isarete_vur",1,1,1,1,1,1,1,1,1,1,"ön","ön",220056.00,"boss:Burn",2.05,1.35,0.40,0.38,0.73,0.00,0.00,"0/3 kare koşu","vuruş 1: 0,60s@boss0,90m/oyuncu1,28m; kalıp sonu: merkeze 2,27 m, başlangıçtan 1,35 m, kalıp simülasyonundan 0,00 m, boss 0,62 m kaydı"
2-7,"Bulandırıcı Şifa","Yay","sis_ortusu",1,1,1,1,1,1,1,1,1,1,"yerinde","yerinde",0.00,"oyuncu +88000 can",3.01,1.35,0.33,0.30,0.72,0.00,0.00,"","vuruş 1: 0,52s@boss0,00m/oyuncu3,07m; kalıp sonu: merkeze 3,07 m, başlangıçtan 0,00 m, kalıp simülasyonundan 0,00 m"
2-8,"Yükselen Şifa","Yay","yerden_buyuyen",1,1,1,1,1,1,1,1,1,1,"yerinde","yerinde",0.00,"oyuncu +88000 can",3.00,1.35,0.47,0.42,0.87,0.00,0.00,"","vuruş 1: 0,67s@boss6,98m/oyuncu4,33m; kalıp sonu: merkeze 3,18 m, başlangıçtan 0,25 m, kalıp simülasyonundan 0,00 m, kalıp hedefi AllyDummy"
2-9,"Odaklı Şifa","Yay","koruyucu_isaret",1,0,1,1,1,1,1,1,1,0,"geri","geri",0.00,"",3.00,1.35,0.27,0.20,0.67,0.00,0.00,"0/3 kare koşu","hasar yok, etki görülmedi; vuruş 1: 0,53s@boss3,89m/oyuncu0,35m; kalıp sonu: merkeze 3,61 m, başlangıçtan 0,80 m, kalıp simülasyonundan 0,00 m, kalıp hedefi AllyDummy"
3-7,"Bulandırıcı Adım","Yay","duman_kaybolma",1,1,1,1,1,1,1,1,1,1,"ön","ön",6000.00,"boss:Blind+Burn, oyuncu:Stealth",1.50,1.35,0.60,0.59,0.93,0.00,0.00,"1/4 kare koşu, ayak/gövde hız oranı 0,97","vuruş 1: 0,47s@boss1,75m/oyuncu0,00m; kalıp sonu: merkeze 1,50 m, başlangıçtan 1,50 m, kalıp simülasyonundan 0,00 m"
3-8,"Yükselen Adım","Yay","sicrayip_cakilma",1,1,1,1,1,1,1,1,1,1,"ön","ön",4800.00,"boss:Burn, oyuncu:Haste, oyuncu hız x1,10",1.50,1.35,0.87,0.82,1.20,0.00,0.00,"0/5 kare koşu","vuruş 1: 1,07s@boss1,50m/oyuncu0,00m; kalıp sonu: merkeze 1,50 m, başlangıçtan 1,50 m, kalıp simülasyonundan 0,00 m"
3-9,"Odaklı Adım","Yay","kilitli_adim",1,1,1,1,1,1,1,1,1,1,"arka","arka",4000.00,"boss:Burn",1.50,1.35,0.53,0.48,0.87,0.00,0.00,"0/1 kare koşu","vuruş 1: 0,73s@boss0,00m/oyuncu1,50m; kalıp sonu: merkeze 1,50 m, başlangıçtan 4,50 m, kalıp simülasyonundan 0,00 m; tek karede 4,50 m sıçrama (sınır 2,37 m @ 64 ms, t=0,60, faz adim, blink tasarım gereği)"
7-1,"Yoğun Zafiyet","Yay","diken_firlatma",1,1,1,1,1,1,1,1,1,1,"yerinde","yerinde",25992.00,"boss:Burn",2.99,1.35,0.46,0.40,0.80,0.00,0.00,"","vuruş 1: 0,67s@boss0,31m/oyuncu3,30m; kalıp sonu: merkeze 3,47 m, başlangıçtan 0,00 m, kalıp simülasyonundan 0,00 m, boss 0,47 m kaydı"
7-2,"Emici Zafiyet","Yay","sokup_cekme",1,1,1,1,1,1,1,1,1,1,"geri","geri",27488.00,"boss:Burn, oyuncu +6455 can",1.35,1.35,0.41,0.44,0.75,0.00,0.00,"1/3 kare koşu, ayak/gövde hız oranı 0,84","vuruş 2: 0,47s@boss0,35m/oyuncu2,93m 0,66s@boss1,52m/oyuncu1,19m; kalıp sonu: merkeze 2,58 m, başlangıçtan 1,30 m, kalıp simülasyonundan 0,00 m, boss 1,72 m kaydı"
7-3,"Sıçrayan Zafiyet","Yay","seken_yaratik",1,1,1,1,1,1,1,1,1,1,"yerinde","yerinde",40672.00,"boss:Burn",3.00,1.35,0.67,0.64,1.00,0.00,0.00,"","vuruş 3: 0,53s@boss0,00m/oyuncu3,00m 0,67s@boss0,35m/oyuncu3,49m 0,87s@boss0,35m/oyuncu3,90m; kalıp sonu: merkeze 4,05 m, başlangıçtan 0,00 m, kalıp simülasyonundan 0,00 m, boss 1,05 m kaydı"
8-1,"Yoğun Yükseliş","Yay","kuculten_kapi",1,1,1,1,1,1,1,1,1,1,"yerinde","yerinde",0.00,"",3.01,1.35,0.33,0.28,0.73,0.00,0.00,"","hasarsız skill (base_damage 0): etki hareketin kendisi; vuruş 1: 0,53s@boss0,64m/oyuncu2,38m; kalıp sonu: merkeze 3,03 m, başlangıçtan 0,00 m, kalıp simülasyonundan 0,00 m"
8-2,"Emici Yükseliş","Yay","kan_muhru",1,1,1,1,1,1,1,1,1,1,"yerinde","yerinde",0.00,"",3.00,1.35,0.33,0.32,0.73,0.00,0.00,"","hasarsız skill (base_damage 0): etki hareketin kendisi; vuruş 1: 0,53s@boss3,00m/oyuncu0,00m; kalıp sonu: merkeze 3,00 m, başlangıçtan 0,00 m, kalıp simülasyonundan 0,00 m"
8-3,"Sıçrayan Yükseliş","Yay","pas_verme",1,1,1,1,1,1,1,1,1,1,"yerinde","yerinde",0.00,"",3.00,1.35,0.27,0.24,0.67,0.00,0.00,"","hasarsız skill (base_damage 0): etki hareketin kendisi; vuruş 1: 0,60s@boss6,38m/oyuncu3,90m; kalıp sonu: merkeze 3,00 m, başlangıçtan 0,00 m, kalıp simülasyonundan 0,00 m, kalıp hedefi AllyDummy"
9-1,"Yoğun Arınma","Yay","tek_dokunus",1,1,1,1,1,1,1,1,1,1,"geri","geri",0.00,"oyuncu +28000 can",3.00,1.35,0.20,0.16,0.53,0.00,0.00,"0/2 kare koşu","vuruş 1: 0,40s@boss3,89m/oyuncu0,68m; kalıp sonu: merkeze 3,41 m, başlangıçtan 0,55 m, kalıp simülasyonundan 0,00 m, kalıp hedefi AllyDummy"
9-2,"Emici Arınma","Yay","cekip_firlat",1,1,1,1,1,1,1,1,1,1,"yerinde","yerinde",0.00,"oyuncu +12000 can, dost +16000 can",3.00,1.35,0.53,0.50,0.87,0.00,0.00,"","vuruş 2: 0,47s@boss2,65m/oyuncu0,35m 0,80s@boss0,30m/oyuncu3,30m; kalıp sonu: merkeze 3,00 m, başlangıçtan 0,00 m, kalıp simülasyonundan 0,00 m"
9-3,"Sıçrayan Arınma","Yay","dosttan_dosta",1,1,1,1,1,1,1,1,1,1,"yerinde","yerinde",0.00,"oyuncu +24000 can, dost +12000 can",3.00,1.35,0.60,0.54,0.93,0.00,0.00,"","vuruş 3: 0,47s@boss6,43m/oyuncu3,95m 0,53s@boss6,98m/oyuncu4,53m 0,73s@boss6,88m/oyuncu4,54m; kalıp sonu: merkeze 3,00 m, başlangıçtan 0,00 m, kalıp simülasyonundan 0,00 m, kalıp hedefi AllyDummy"
1-10,"Aynalı Vuruş","Yay","sirtta_kapi",1,1,1,1,1,1,1,1,1,1,"ön","ön",11796140.00,"boss:Burn",2.06,1.35,0.33,0.32,0.67,0.00,0.00,"0/3 kare koşu","vuruş 2: 0,40s@boss0,90m/oyuncu1,19m 0,53s@boss0,55m/oyuncu2,82m; kalıp sonu: merkeze 2,57 m, başlangıçtan 1,20 m, kalıp simülasyonundan 0,00 m, boss 0,77 m kaydı"
1-11,"Kopya Vuruş","Yay","golge_yankisi",1,1,1,1,1,1,1,1,1,1,"ön","ön",133400.00,"boss:Burn",2.27,1.35,0.53,0.50,0.87,0.00,0.00,"1/3 kare koşu, ayak/gövde hız oranı 1,02","vuruş 2: 0,40s@boss1,12m/oyuncu1,15m 0,73s@boss2,72m/oyuncu1,39m; kalıp sonu: merkeze 3,18 m, başlangıçtan 0,90 m, kalıp simülasyonundan 0,00 m, boss 1,08 m kaydı"
1-12,"Akan Vuruş","Yay","basili_seri",1,1,1,1,1,1,1,1,1,1,"ön","ön",109368.00,"boss:Burn",2.88,1.35,3.06,3.00,3.40,0.00,0.00,"","vuruş 6: 0,53s@boss1,73m/oyuncu1,15m 1,06s@boss2,60m/oyuncu1,15m 1,54s@boss2,57m/oyuncu1,15m 2,07s@boss2,37m/oyuncu1,15m 2,53s@boss2,16m/oyuncu1,15m 3,06s@boss1,91m/oyuncu1,15m; kalıp sonu: merkeze 2,97 m, başlangıçtan 1,40 m, kalıp simülasyonundan 0,00 m, boss 1,37 m kaydı"
2-10,"Aynalı Şifa","Yay","ters_es",1,1,1,1,1,1,1,1,1,1,"yerinde","yerinde",16800.00,"oyuncu +112000 can",3.00,1.35,0.47,0.44,0.87,0.00,0.00,"","vuruş 2: 0,53s@boss2,60m/oyuncu0,40m 0,73s@boss0,00m/oyuncu3,00m; kalıp sonu: merkeze 3,00 m, başlangıçtan 0,00 m, kalıp simülasyonundan 0,00 m"
2-11,"Kopya Şifa","Yay","golge_ulak",1,1,1,1,1,1,1,1,1,1,"yan","yan",0.00,"oyuncu +88000 can, dost +88000 can",2.43,1.35,1.40,1.36,1.80,0.00,0.00,"1/3 kare koşu, ayak/gövde hız oranı 1,00","vuruş 2: 0,47s@boss3,26m/oyuncu0,35m 1,67s@boss3,05m/oyuncu1,46m; kalıp sonu: merkeze 2,43 m, başlangıçtan 1,41 m, kalıp simülasyonundan 0,00 m, kalıp hedefi AllyDummy"
2-12,"Akan Şifa","Yay","basili_isik",1,1,1,1,1,1,1,1,1,1,"geri","geri",0.00,"oyuncu +80000 can, dost +16000 can",3.00,1.35,3.00,3.00,3.40,0.00,0.00,"","vuruş 6: 0,60s@boss5,38m/oyuncu2,72m 1,13s@boss5,58m/oyuncu2,72m 1,60s@boss5,75m/oyuncu2,72m 2,13s@boss5,95m/oyuncu2,72m 2,60s@boss6,13m/oyuncu2,72m 3,13s@boss6,33m/oyuncu2,72m; kalıp sonu: merkeze 3,94 m, başlangıçtan 1,20 m, kalıp simülasyonundan 0,00 m, kalıp hedefi AllyDummy"
3-10,"Aynalı Adım","Yay","iki_kapi",1,1,1,1,1,1,1,1,1,1,"ön","ön",6396.00,"boss:Burn",1.50,1.35,0.60,0.54,0.93,0.00,0.00,"0/4 kare koşu","vuruş 2: 0,33s@boss3,00m/oyuncu0,00m 0,73s@boss1,50m/oyuncu0,00m; kalıp sonu: merkeze 1,50 m, başlangıçtan 1,50 m, kalıp simülasyonundan 0,00 m"
3-11,"Kopya Adım","Yay","yem_kac",1,1,1,1,1,1,1,1,1,1,"geri","geri",5608.00,"boss:Burn",3.00,1.35,0.40,0.40,0.73,0.00,0.00,"0/4 kare koşu","vuruş 1: 0,33s@boss3,00m/oyuncu0,00m; kalıp sonu: merkeze 5,80 m, başlangıçtan 2,80 m, kalıp simülasyonundan 0,00 m"
3-12,"Akan Adım","Yay","suzulme",1,1,1,1,1,1,1,1,1,1,"ön","ön",21216.00,"boss:Burn, oyuncu:Haste, oyuncu hız x1,50",1.90,1.35,3.07,3.00,3.40,0.00,0.00,"","kalıp sonu: merkeze 1,90 m, başlangıçtan 1,10 m, kalıp simülasyonundan 0,00 m"
10-1,"Yoğun Yansı","Yay","tam_zamanli",1,1,1,1,1,1,1,1,1,1,"yerinde","yerinde",4400.00,"boss:Burn",3.00,1.35,0.52,0.50,0.86,0.00,0.00,"","vuruş 1: 0,65s@boss0,62m/oyuncu2,38m; kalıp sonu: merkeze 3,00 m, başlangıçtan 0,00 m, kalıp simülasyonundan 0,00 m"
10-2,"Emici Yansı","Yay","yutan_girdap",1,1,1,1,1,1,1,1,1,1,"yerinde","yerinde",16772.00,"boss:Burn",3.00,1.35,3.20,3.18,3.60,0.00,0.00,"","vuruş 4: 1,27s@boss0,62m/oyuncu2,38m 2,07s@boss0,62m/oyuncu2,38m 2,80s@boss0,62m/oyuncu2,38m 3,53s@boss0,62m/oyuncu2,38m; kalıp sonu: merkeze 3,00 m, başlangıçtan 0,00 m, kalıp simülasyonundan 0,00 m"
10-3,"Sıçrayan Yansı","Yay","seken_geri",1,1,1,1,1,1,1,1,1,1,"ön","ön",4804.00,"boss:Burn",1.90,1.35,0.40,0.36,0.80,0.00,0.00,"0/3 kare koşu","vuruş 2: 0,46s@boss0,56m/oyuncu1,53m 0,60s@boss0,00m/oyuncu1,90m; kalıp sonu: merkeze 1,90 m, başlangıçtan 1,10 m, kalıp simülasyonundan 0,00 m"
10-10,"Aynalı Yansı","Yay","iki_kapi",1,1,1,1,1,1,1,1,1,1,"ön","ön",6012.00,"boss:Burn",1.50,1.35,0.60,0.54,1.00,0.00,0.00,"0/4 kare koşu","vuruş 2: 0,40s@boss3,00m/oyuncu0,00m 0,80s@boss1,50m/oyuncu0,00m; kalıp sonu: merkeze 1,50 m, başlangıçtan 1,50 m, kalıp simülasyonundan 0,00 m"
10-11,"Kopya Yansı","Yay","yem_kopya",1,1,1,1,1,1,1,1,1,1,"yerinde","yerinde",4012.00,"boss:Burn",3.00,1.35,0.26,0.24,0.67,0.00,0.00,"","vuruş 1: 0,47s@boss2,98m/oyuncu1,29m; kalıp sonu: merkeze 3,00 m, başlangıçtan 0,00 m, kalıp simülasyonundan 0,00 m"
10-12,"Akan Yansı","Yay","basili_siper",1,1,1,1,1,1,1,1,1,1,"ön","ön",16384.00,"boss:Burn",2.20,1.35,3.00,3.00,3.40,0.00,0.00,"","vuruş 3: 1,13s@boss0,41m/oyuncu2,38m 2,13s@boss0,14m/oyuncu2,38m 3,13s@boss0,13m/oyuncu2,38m; kalıp sonu: merkeze 2,20 m, başlangıçtan 0,80 m, kalıp simülasyonundan 0,00 m"
11-1,"Yoğun Çağrı","Yay","sirt_saplama",1,1,1,1,1,1,1,1,1,1,"ön","ön",37176.00,"boss:Burn",2.66,1.35,0.47,0.44,0.87,0.00,0.00,"0/2 kare koşu","vuruş 1: 0,74s@boss0,00m/oyuncu2,71m; kalıp sonu: merkeze 2,72 m, başlangıçtan 0,36 m, kalıp simülasyonundan 0,00 m"
11-2,"Emici Çağrı","Yay","yapisan",1,1,1,1,1,1,1,1,1,1,"yerinde","yerinde",238840.00,"boss:Burn, oyuncu +144434 can",3.00,1.35,5.20,5.18,5.60,0.00,0.00,"","vuruş 6: 0,53s@boss0,20m/oyuncu3,22m 1,52s@boss0,00m/oyuncu3,11m 2,53s@boss0,00m/oyuncu3,11m 3,53s@boss0,00m/oyuncu3,11m 4,54s@boss0,00m/oyuncu3,11m 5,54s@boss0,00m/oyuncu3,11m; kalıp sonu: merkeze 3,11 m, başlangıçtan 0,00 m, kalıp simülasyonundan 0,00 m, boss 0,11 m kaydı"
11-3,"Sıçrayan Çağrı","Yay","seken_yaratik",1,1,1,1,1,1,1,1,1,1,"yerinde","yerinde",54632.00,"boss:Burn",3.00,1.35,0.67,0.64,1.07,0.00,0.00,"","vuruş 3: 0,60s@boss0,00m/oyuncu3,04m 0,80s@boss0,35m/oyuncu3,09m 0,93s@boss0,35m/oyuncu3,10m; kalıp sonu: merkeze 3,09 m, başlangıçtan 0,00 m, kalıp simülasyonundan 0,00 m"
11-10,"Aynalı Çağrı","Yay","takim_kapisi",1,1,1,1,1,1,1,1,1,1,"yerinde","yerinde",58752.00,"boss:Burn, oyuncu:Stasis",3.00,1.35,1.27,1.24,1.67,0.00,0.00,"","vuruş 1: 0,47s@boss3,00m/oyuncu0,00m; kalıp sonu: merkeze 3,00 m, başlangıçtan 0,00 m, kalıp simülasyonundan 0,00 m"
11-11,"Kopya Çağrı","Yay","ayna_klonlar",1,1,1,1,1,1,1,1,1,1,"yerinde","yerinde",53540.00,"boss:Burn",3.00,1.35,0.56,0.50,0.96,0.00,0.00,"","vuruş 2: 0,63s@boss2,97m/oyuncu1,41m 0,76s@boss2,99m/oyuncu1,41m; kalıp sonu: merkeze 3,09 m, başlangıçtan 0,00 m, kalıp simülasyonundan 0,00 m"
11-12,"Akan Çağrı","Yay","kapidan_akin",1,1,1,1,1,1,1,1,1,1,"yerinde","yerinde",300148.00,"boss:Burn",3.00,1.35,4.20,4.20,4.56,0.00,0.00,"","vuruş 6: 0,49s@boss0,85m/oyuncu2,15m 1,36s@boss0,00m/oyuncu3,10m 2,09s@boss0,00m/oyuncu3,11m 2,89s@boss0,00m/oyuncu3,11m 3,76s@boss0,00m/oyuncu3,11m 4,49s@boss0,00m/oyuncu3,11m; kalıp sonu: merkeze 3,11 m, başlangıçtan 0,00 m, kalıp simülasyonundan 0,00 m, boss 0,11 m kaydı"
12-1,"Yoğun Zaman","Yay","zamanli_donma",1,1,1,1,1,1,1,1,1,1,"ön","ön",3596.00,"boss:Burn+Slow, boss hız x0,70",1.65,1.35,0.53,0.50,0.93,0.00,0.00,"0/3 kare koşu","vuruş 1: 0,80s@boss0,52m/oyuncu1,28m; kalıp sonu: merkeze 1,86 m, başlangıçtan 1,60 m, kalıp simülasyonundan 0,10 m, boss 0,46 m kaydı"
12-2,"Emici Zaman","Yay","ceken_girdap",1,1,1,1,1,1,1,1,1,1,"yerinde","yerinde",6792.00,"boss:Burn+Slow, oyuncu:Haste, boss hız x0,70, oyuncu hız x1,30",3.02,1.35,1.33,1.32,1.73,0.00,0.00,"","vuruş 3: 1,07s@boss0,00m/oyuncu3,10m 1,53s@boss0,00m/oyuncu4,15m 1,60s@boss0,00m/oyuncu4,21m; kalıp sonu: merkeze 4,29 m, başlangıçtan 0,00 m, kalıp simülasyonundan 0,00 m, boss 1,29 m kaydı"
12-3,"Sıçrayan Zaman","Yay","geri_donen_kure",1,1,1,1,1,1,1,1,1,1,"yerinde","yerinde",5200.00,"boss:Burn+Slow, boss hız x0,70",3.00,1.35,0.53,0.50,0.93,0.00,0.00,"","vuruş 2: 0,53s@boss0,30m/oyuncu3,32m 0,80s@boss1,76m/oyuncu2,04m; kalıp sonu: merkeze 3,99 m, başlangıçtan 0,00 m, kalıp simülasyonundan 0,00 m, boss 0,99 m kaydı"
12-10,"Aynalı Zaman","Yay","boss_geri",1,1,1,1,1,1,1,1,1,1,"yerinde","yerinde",4804.00,"boss:Burn+Slow, boss hız x0,70",3.01,1.35,0.47,0.46,0.87,0.00,0.00,"","vuruş 1: 0,53s@boss0,29m/oyuncu3,33m; kalıp sonu: merkeze 3,04 m, başlangıçtan 0,00 m, kalıp simülasyonundan 0,00 m"
12-11,"Kopya Zaman","Yay","geri_sarma",1,1,1,1,1,1,1,1,1,1,"başlangıç","başlangıç",19080.00,"boss:Burn+Slow, boss hız x0,70",1.50,1.35,2.71,2.66,3.12,0.00,0.00,"1/7 kare koşu, ayak/gövde hız oranı 1,03","kalıp sonu: merkeze 3,01 m, başlangıçtan 0,00 m, kalıp simülasyonundan 0,00 m"
12-12,"Akan Zaman","Yay","yuruyen_balon",1,1,1,1,1,1,1,1,1,1,"ön","ön",24004.00,"boss:Slow+Burn, boss hız x0,70",3.00,1.35,4.27,4.20,4.67,0.00,0.00,"","vuruş 5: 0,47s@boss3,00m/oyuncu0,00m 1,60s@boss3,99m/oyuncu0,00m 2,60s@boss3,73m/oyuncu0,00m 3,60s@boss3,43m/oyuncu0,00m 4,60s@boss3,15m/oyuncu0,00m; kalıp sonu: merkeze 3,15 m, başlangıçtan 1,20 m, kalıp simülasyonundan 0,00 m, boss 1,35 m kaydı"
4-4,"Sabit Kalkan","Yay","duvar_dikme",1,1,1,1,1,1,1,1,1,1,"yerinde","yerinde",0.00,"",3.00,1.35,0.33,0.32,0.73,0.00,0.00,"","hasarsız skill (base_damage 0): etki hareketin kendisi; vuruş 1: 0,60s@boss0,62m/oyuncu2,38m; kalıp sonu: merkeze 3,00 m, başlangıçtan 0,00 m, kalıp simülasyonundan 0,00 m"
4-5,"Yayılan Kalkan","Yay","onde_yelpaze",1,1,1,1,1,1,1,1,1,1,"yerinde","yerinde",0.00,"",3.00,1.35,0.67,0.63,1.07,0.00,0.00,"","hasarsız skill (base_damage 0): etki hareketin kendisi; vuruş 1: 0,80s@boss1,88m/oyuncu1,12m; kalıp sonu: merkeze 3,00 m, başlangıçtan 0,00 m, kalıp simülasyonundan 0,00 m"
4-6,"Bağlayıcı Kalkan","Yay","zincirli_firlatma",1,1,1,1,1,1,1,1,1,1,"ön","ön",0.00,"",1.50,1.35,0.73,0.70,1.13,0.00,0.00,"2/4 kare koşu, ayak/gövde hız oranı 0,98","hasarsız skill (base_damage 0): etki hareketin kendisi; vuruş 2: 0,53s@boss0,45m/oyuncu3,45m 1,00s@boss0,47m/oyuncu1,28m; kalıp sonu: merkeze 1,50 m, başlangıçtan 1,50 m, kalıp simülasyonundan 0,00 m"
4-7,"Bulandırıcı Kalkan","Yay","duman_duvari",1,1,1,1,1,1,1,1,1,1,"yerinde","yerinde",0.00,"",2.80,1.35,0.53,0.52,0.93,0.00,0.00,"","hasarsız skill (base_damage 0): etki hareketin kendisi; vuruş 1: 0,60s@boss0,42m/oyuncu2,38m; kalıp sonu: merkeze 2,80 m, başlangıçtan 0,20 m, kalıp simülasyonundan 0,00 m"
4-8,"Yükselen Kalkan","Yay","yerden_buyuyen",1,1,1,1,1,1,1,1,1,1,"yerinde","yerinde",0.00,"",3.00,1.35,0.46,0.42,0.87,0.00,0.00,"","hasarsız skill (base_damage 0): etki hareketin kendisi; vuruş 1: 0,67s@boss6,98m/oyuncu4,33m; kalıp sonu: merkeze 3,18 m, başlangıçtan 0,25 m, kalıp simülasyonundan 0,00 m, kalıp hedefi AllyDummy"
4-9,"Odaklı Kalkan","Yay","koruyucu_isaret",1,1,1,1,1,1,1,1,1,1,"geri","geri",0.00,"",3.00,1.35,0.27,0.20,0.61,0.00,0.00,"0/3 kare koşu","hasarsız skill (base_damage 0): etki hareketin kendisi; vuruş 1: 0,47s@boss3,88m/oyuncu0,35m; kalıp sonu: merkeze 3,61 m, başlangıçtan 0,80 m, kalıp simülasyonundan 0,00 m, kalıp hedefi AllyDummy"
5-4,"Sabit Patlama","Yay","mayin_cakma",1,1,1,1,1,1,1,1,1,1,"yerinde","yerinde",76864.00,"boss:Burn",3.00,1.35,0.47,0.42,0.87,0.00,0.00,"","vuruş 2: 0,60s@boss0,85m/oyuncu2,15m 0,67s@boss0,85m/oyuncu2,15m; kalıp sonu: merkeze 3,64 m, başlangıçtan 0,00 m, kalıp simülasyonundan 0,00 m, boss 0,64 m kaydı"
5-5,"Yayılan Patlama","Yay","yer_yarigi",1,1,1,1,1,1,1,1,1,1,"ön","ön",66272.00,"boss:Burn",1.50,1.35,0.60,0.56,1.00,0.00,0.00,"0/9 kare koşu","vuruş 3: 0,67s@boss0,31m/oyuncu1,25m 0,73s@boss0,20m/oyuncu1,36m 0,87s@boss0,22m/oyuncu1,28m; kalıp sonu: merkeze 1,58 m, başlangıçtan 2,57 m, kalıp simülasyonundan 0,56 m, boss 0,96 m kaydı"
5-6,"Bağlayıcı Patlama","Yay","gerilip_kopan",1,1,1,1,1,1,1,1,1,1,"geri","geri",77708.00,"boss:Root+Slow+Burn, boss hız x0,00",1.35,1.35,0.60,0.58,1.00,0.00,0.00,"0/6 kare koşu","vuruş 2: 0,54s@boss0,85m/oyuncu1,15m 0,87s@boss0,85m/oyuncu2,68m; kalıp sonu: merkeze 2,81 m, başlangıçtan 0,50 m, kalıp simülasyonundan 0,00 m, boss 0,69 m kaydı"
5-7,"Bulandırıcı Patlama","Yay","sis_bombasi",1,1,1,1,1,1,1,1,1,1,"yerinde","yerinde",107148.00,"boss:Blind+Burn, oyuncu:Stealth",2.99,1.35,0.27,0.22,0.67,0.00,0.00,"","vuruş 1: 0,53s@boss0,36m/oyuncu3,35m; kalıp sonu: merkeze 3,46 m, başlangıçtan 0,00 m, kalıp simülasyonundan 0,00 m, boss 0,46 m kaydı"
5-8,"Yükselen Patlama","Yay","yerden_fiskirma",1,1,1,1,1,1,1,1,1,1,"ön","ön",80664.00,"boss:Burn+Stun, boss hız x0,00",2.60,1.35,0.47,0.44,0.87,0.00,0.00,"","vuruş 1: 0,67s@boss0,00m/oyuncu2,75m; kalıp sonu: merkeze 2,60 m, başlangıçtan 0,40 m, kalıp simülasyonundan 0,00 m"
5-9,"Odaklı Patlama","Yay","gudumlu_top",1,1,1,1,1,1,1,1,1,1,"yerinde","yerinde",188896.00,"boss:Burn",3.04,1.35,0.60,0.56,1.00,0.00,0.00,"","vuruş 1: 0,87s@boss0,01m/oyuncu3,19m; kalıp sonu: merkeze 3,66 m, başlangıçtan 0,00 m, kalıp simülasyonundan 0,00 m, boss 0,66 m kaydı"
6-4,"Sabit Bağ","Yay","karsilikli_kilit",1,1,1,1,1,1,1,1,1,1,"ön","ön",39468.00,"boss:Burn+Root, boss hız x0,00",1.50,1.35,3.21,3.24,3.63,0.00,0.00,"0/3 kare koşu","vuruş 1: 0,77s@boss0,40m/oyuncu1,11m; kalıp sonu: merkeze 2,87 m, başlangıçtan 1,58 m, kalıp simülasyonundan 0,08 m, boss 1,45 m kaydı"
6-5,"Yayılan Bağ","Yay","yer_tuzagi",1,1,1,1,1,1,1,1,1,1,"yerinde","yerinde",21064.00,"boss:Burn+Root, boss hız x0,00",3.00,1.35,0.33,0.28,0.73,0.00,0.00,"","vuruş 1: 0,53s@boss0,63m/oyuncu2,38m; kalıp sonu: merkeze 3,64 m, başlangıçtan 0,00 m, kalıp simülasyonundan 0,00 m, boss 0,64 m kaydı"
6-6,"Bağlayıcı Bağ","Yay","iki_uclu",1,1,1,1,1,1,1,1,1,1,"yerinde","yerinde",26688.00,"boss:Root+Slow+Burn, boss hız x0,00",3.02,1.35,0.67,0.65,1.07,0.00,0.00,"","vuruş 1: 0,54s@boss0,28m/oyuncu3,34m; kalıp sonu: merkeze 4,19 m, başlangıçtan 0,00 m, kalıp simülasyonundan 0,00 m, boss 1,19 m kaydı"
6-7,"Bulandırıcı Bağ","Yay","goz_bagi",1,1,1,1,1,1,1,1,1,1,"yerinde","yerinde",24484.00,"boss:Blind+Burn+Root, boss hız x0,00",3.00,1.35,0.13,0.20,0.53,0.00,0.00,"","vuruş 1: 0,53s@boss0,27m/oyuncu3,28m; kalıp sonu: merkeze 3,01 m, başlangıçtan 0,00 m, kalıp simülasyonundan 0,00 m"
6-8,"Yükselen Bağ","Yay","havada_asma",1,1,1,1,1,1,1,1,1,1,"ön","ön",27808.00,"boss:Stun+Burn+Root, boss hız x0,00",1.50,1.35,1.20,1.14,1.60,0.00,0.00,"0/5 kare koşu","vuruş 1: 0,87s@boss1,50m/oyuncu0,00m; kalıp sonu: merkeze 2,65 m, başlangıçtan 1,50 m, kalıp simülasyonundan 0,00 m, boss 1,15 m kaydı"
6-9,"Odaklı Bağ","Yay","zamanli_donma",1,1,1,1,1,1,1,1,1,1,"ön","ön",33736.00,"boss:Burn+Root, boss hız x0,00",1.50,1.35,0.53,0.50,0.93,0.00,0.00,"0/3 kare koşu","vuruş 1: 0,80s@boss0,53m/oyuncu1,28m; kalıp sonu: merkeze 1,50 m, başlangıçtan 1,53 m, kalıp simülasyonundan 0,03 m"
7-4,"Sabit Zafiyet","Yay","mayin_cakma",1,1,1,1,1,1,1,1,1,1,"yerinde","yerinde",21300.00,"boss:Burn",3.04,1.35,0.47,0.42,0.80,0.00,0.00,"","vuruş 2: 0,53s@boss0,85m/oyuncu2,31m 0,60s@boss0,84m/oyuncu2,31m; kalıp sonu: merkeze 3,82 m, başlangıçtan 0,00 m, kalıp simülasyonundan 0,00 m, boss 0,82 m kaydı"
7-5,"Yayılan Zafiyet","Yay","onde_yelpaze",1,1,1,1,1,1,1,1,1,1,"yerinde","yerinde",19784.00,"boss:Burn",3.01,1.35,0.66,0.63,1.00,0.00,0.00,"","vuruş 1: 0,73s@boss1,93m/oyuncu1,12m; kalıp sonu: merkeze 3,84 m, başlangıçtan 0,00 m, kalıp simülasyonundan 0,00 m, boss 0,84 m kaydı"
7-6,"Bağlayıcı Zafiyet","Yay","dost_ip",1,1,1,1,1,1,1,1,1,1,"yerinde","yerinde",25056.00,"boss:Root+Slow+Burn, boss hız x0,00",3.01,1.35,0.67,0.62,1.00,0.00,0.00,"","vuruş 1: 0,47s@boss0,28m/oyuncu3,32m; kalıp sonu: merkeze 4,16 m, başlangıçtan 0,00 m, kalıp simülasyonundan 0,00 m, boss 1,16 m kaydı"
8-4,"Sabit Yükseliş","Yay","totem_dikme",1,1,1,1,1,1,1,1,1,1,"yerinde","yerinde",0.00,"",3.00,1.35,0.33,0.30,0.73,0.00,0.00,"","hasarsız skill (base_damage 0): etki hareketin kendisi; vuruş 1: 0,60s@boss3,10m/oyuncu0,00m; kalıp sonu: merkeze 3,12 m, başlangıçtan 0,15 m, kalıp simülasyonundan 0,00 m, kalıp hedefi AllyDummy"
8-5,"Yayılan Yükseliş","Yay","savas_narasi",1,1,1,1,1,1,1,1,1,1,"yerinde","yerinde",0.00,"",3.00,1.35,0.40,0.36,0.80,0.00,0.00,"","hasarsız skill (base_damage 0): etki hareketin kendisi; vuruş 1: 0,53s@boss3,00m/oyuncu0,00m; kalıp sonu: merkeze 3,00 m, başlangıçtan 0,00 m, kalıp simülasyonundan 0,00 m"
8-6,"Bağlayıcı Yükseliş","Yay","dost_dosta",1,1,1,1,1,1,1,1,1,1,"yan","yan",0.00,"",2.38,1.35,0.53,0.52,0.94,0.00,0.00,"1/4 kare koşu, ayak/gövde hız oranı 0,89","hasarsız skill (base_damage 0): etki hareketin kendisi; vuruş 3: 0,47s@boss4,05m/oyuncu1,22m 0,67s@boss2,84m/oyuncu1,41m 0,80s@boss4,76m/oyuncu2,38m; kalıp sonu: merkeze 2,38 m, başlangıçtan 1,41 m, kalıp simülasyonundan 0,00 m, kalıp hedefi AllyDummy"
9-4,"Sabit Arınma","Yay","yer_tuzagi",1,1,1,1,1,1,1,1,1,1,"yerinde","yerinde",0.00,"oyuncu +28000 can",3.00,1.35,0.33,0.28,0.66,0.00,0.00,"","vuruş 1: 0,46s@boss0,62m/oyuncu2,38m; kalıp sonu: merkeze 3,00 m, başlangıçtan 0,00 m, kalıp simülasyonundan 0,00 m"
9-5,"Yayılan Arınma","Yay","dagilan_yagmur",1,1,1,1,1,1,1,1,1,1,"yerinde","yerinde",0.00,"oyuncu +28000 can",3.00,1.35,0.60,0.58,0.94,0.00,0.00,"","vuruş 1: 0,67s@boss3,00m/oyuncu0,00m; kalıp sonu: merkeze 3,00 m, başlangıçtan 0,00 m, kalıp simülasyonundan 0,00 m, kalıp hedefi AllyDummy"
9-6,"Bağlayıcı Arınma","Yay","iki_uclu",1,1,1,1,1,1,1,1,1,1,"yerinde","yerinde",0.00,"oyuncu +28000 can",3.00,1.35,0.67,0.65,1.00,0.00,0.00,"","vuruş 1: 0,47s@boss6,35m/oyuncu3,87m; kalıp sonu: merkeze 3,00 m, başlangıçtan 0,00 m, kalıp simülasyonundan 0,00 m, kalıp hedefi AllyDummy"
4-10,"Aynalı Kalkan","Yay","sirtta_kapi",1,1,1,1,1,1,1,1,1,1,"ön","ön",24000.00,"",1.80,1.35,0.33,0.32,0.73,0.00,0.00,"0/3 kare koşu","vuruş 2: 0,47s@boss0,93m/oyuncu1,19m 0,60s@boss0,55m/oyuncu2,35m; kalıp sonu: merkeze 1,80 m, başlangıçtan 1,20 m, kalıp simülasyonundan 0,00 m"
4-11,"Kopya Kalkan","Yay","yem_kopya",1,1,1,1,1,1,1,1,1,1,"yerinde","yerinde",0.00,"",3.00,1.35,0.27,0.24,0.67,0.00,0.00,"","hasarsız skill (base_damage 0): etki hareketin kendisi; vuruş 1: 0,47s@boss2,98m/oyuncu1,29m; kalıp sonu: merkeze 3,00 m, başlangıçtan 0,00 m, kalıp simülasyonundan 0,00 m"
4-12,"Akan Kalkan","Yay","basili_siper",1,1,1,1,1,1,1,1,1,1,"geri","geri",0.00,"",3.00,1.35,3.00,3.00,3.38,0.00,0.00,"","hasarsız skill (base_damage 0): etki hareketin kendisi; vuruş 3: 1,11s@boss5,17m/oyuncu2,38m 2,11s@boss5,41m/oyuncu2,38m 3,11s@boss5,66m/oyuncu2,38m; kalıp sonu: merkeze 3,61 m, başlangıçtan 0,80 m, kalıp simülasyonundan 0,00 m, kalıp hedefi AllyDummy"
5-10,"Aynalı Patlama","Yay","karsi_darbe",1,1,1,1,1,1,1,1,1,1,"ön","ön",76368.00,"boss:Burn",1.93,1.35,0.40,0.36,0.80,0.00,0.00,"0/3 kare koşu","vuruş 1: 0,66s@boss0,57m/oyuncu1,36m; kalıp sonu: merkeze 2,17 m, başlangıçtan 1,30 m, kalıp simülasyonundan 0,00 m, boss 0,47 m kaydı"
5-11,"Kopya Patlama","Yay","golge_yankisi",1,1,1,1,1,1,1,1,1,1,"ön","ön",78188.00,"boss:Burn",2.33,1.35,0.53,0.50,0.93,0.00,0.00,"1/3 kare koşu, ayak/gövde hız oranı 1,02","vuruş 2: 0,47s@boss1,19m/oyuncu1,15m 0,80s@boss2,78m/oyuncu1,39m; kalıp sonu: merkeze 3,25 m, başlangıçtan 0,90 m, kalıp simülasyonundan 0,00 m, boss 1,15 m kaydı"
5-12,"Akan Patlama","Yay","patlayan_iz",1,1,1,1,1,1,1,1,1,1,"ön","ön",69076.00,"boss:Burn",2.96,1.35,2.94,3.00,3.33,0.00,0.00,"","vuruş 6: 0,80s@boss2,15m/oyuncu1,53m 1,33s@boss3,19m/oyuncu1,53m 1,80s@boss3,09m/oyuncu1,53m 2,33s@boss2,76m/oyuncu1,53m 2,80s@boss2,42m/oyuncu1,53m 3,33s@boss2,04m/oyuncu1,53m; kalıp sonu: merkeze 3,57 m, başlangıçtan 2,20 m, kalıp simülasyonundan 0,70 m, boss 2,77 m kaydı"
6-10,"Aynalı Bağ","Yay","karsi_darbe",1,1,1,1,1,1,1,1,1,1,"ön","ön",33684.00,"boss:Burn+Root, boss hız x0,00",1.93,1.35,0.40,0.36,0.80,0.00,0.00,"0/3 kare koşu","vuruş 1: 0,67s@boss0,58m/oyuncu1,36m; kalıp sonu: merkeze 2,18 m, başlangıçtan 1,30 m, kalıp simülasyonundan 0,00 m, boss 0,48 m kaydı"
6-11,"Kopya Bağ","Yay","onden_arkadan",1,1,1,1,1,1,1,1,1,1,"ön","ön",50484.00,"boss:Burn+Root, boss hız x0,00",2.33,1.35,0.40,0.34,0.80,0.00,0.00,"0/3 kare koşu","vuruş 2: 0,47s@boss1,22m/oyuncu1,11m 0,60s@boss0,60m/oyuncu3,26m; kalıp sonu: merkeze 3,08 m, başlangıçtan 0,90 m, kalıp simülasyonundan 0,00 m, boss 0,98 m kaydı"
6-12,"Akan Bağ","Yay","cember_sarma",1,1,1,1,1,1,1,1,1,1,"arka","arka",22740.00,"boss:Root+Burn, boss hız x0,00",1.50,1.35,0.90,0.90,1.30,0.00,0.00,"0/11 kare koşu","vuruş 1: 1,16s@boss0,01m/oyuncu2,06m; kalıp sonu: merkeze 2,53 m, başlangıçtan 4,61 m, kalıp simülasyonundan 0,03 m, boss 0,45 m kaydı"
10-4,"Sabit Yansı","Yay","duvar_dikme",1,1,1,1,1,1,1,1,1,1,"yerinde","yerinde",3604.00,"boss:Burn",3.00,1.35,0.34,0.32,0.73,0.00,0.00,"","vuruş 1: 0,60s@boss0,62m/oyuncu2,38m; kalıp sonu: merkeze 3,00 m, başlangıçtan 0,00 m, kalıp simülasyonundan 0,00 m"
10-5,"Yayılan Yansı","Yay","yuruyen_balon",1,1,1,1,1,1,1,1,1,1,"ön","ön",23996.00,"boss:Burn",1.80,1.35,4.27,4.20,4.67,0.00,0.00,"","vuruş 5: 0,47s@boss3,00m/oyuncu0,00m 1,54s@boss2,70m/oyuncu0,00m 2,60s@boss2,38m/oyuncu0,00m 3,60s@boss2,08m/oyuncu0,00m 4,60s@boss1,80m/oyuncu0,00m; kalıp sonu: merkeze 1,80 m, başlangıçtan 1,20 m, kalıp simülasyonundan 0,00 m"
10-6,"Bağlayıcı Yansı","Yay","silaha_kement",1,1,1,1,1,1,1,1,1,1,"yerinde","yerinde",7592.00,"boss:Root+Slow+Burn, boss hız x0,00",3.00,1.35,1.00,0.94,1.40,0.00,0.00,"","vuruş 1: 0,53s@boss0,40m/oyuncu3,40m; kalıp sonu: merkeze 3,00 m, başlangıçtan 0,00 m, kalıp simülasyonundan 0,00 m"
11-4,"Sabit Çağrı","Yay","taret_dikme",1,1,1,1,1,1,1,1,1,1,"yerinde","yerinde",28904.00,"boss:Burn",3.00,1.35,0.51,0.42,0.90,0.00,0.00,"","vuruş 2: 0,47s@boss3,00m/oyuncu0,00m 0,76s@boss0,28m/oyuncu3,34m; kalıp sonu: merkeze 3,08 m, başlangıçtan 0,00 m, kalıp simülasyonundan 0,00 m"
11-5,"Yayılan Çağrı","Yay","dagilan_suru",1,1,1,1,1,1,1,1,1,1,"yerinde","yerinde",89832.00,"boss:Burn",3.00,1.35,0.48,0.42,0.83,0.00,0.00,"","vuruş 3: 0,42s@boss0,35m/oyuncu3,02m 0,50s@boss0,00m/oyuncu3,03m 0,69s@boss0,35m/oyuncu3,09m; kalıp sonu: merkeze 3,08 m, başlangıçtan 0,00 m, kalıp simülasyonundan 0,00 m"
11-6,"Bağlayıcı Çağrı","Yay","muhafiz",1,1,1,1,1,1,1,1,1,1,"yerinde","yerinde",157076.00,"boss:Burn+Root+Slow, boss hız x0,00",3.00,1.35,0.56,0.52,0.95,0.00,0.00,"","vuruş 1: 0,55s@boss2,91m/oyuncu1,20m; kalıp sonu: merkeze 3,09 m, başlangıçtan 0,00 m, kalıp simülasyonundan 0,00 m"
12-4,"Sabit Zaman","Yay","totem_dikme",1,1,1,1,1,1,1,1,1,1,"yerinde","yerinde",91576.00,"boss:Burn+Slow+Stun, boss hız x0,00",2.87,1.35,0.34,0.30,0.74,0.00,0.00,"","vuruş 1: 0,60s@boss2,87m/oyuncu0,00m; kalıp sonu: merkeze 3,32 m, başlangıçtan 0,15 m, kalıp simülasyonundan 0,00 m, boss 0,47 m kaydı"
12-5,"Yayılan Zaman","Yay","genisleyen_halka",1,1,1,1,1,1,1,1,1,1,"yerinde","yerinde",27016.00,"boss:Burn+Slow, boss hız x0,70",3.01,1.35,0.60,0.58,1.00,0.00,0.00,"","vuruş 1: 0,80s@boss3,08m/oyuncu0,00m; kalıp sonu: merkeze 3,72 m, başlangıçtan 0,00 m, kalıp simülasyonundan 0,00 m, boss 0,72 m kaydı"
12-6,"Bağlayıcı Zaman","Yay","iki_uclu",1,1,1,1,1,1,1,1,1,1,"yerinde","yerinde",6016.00,"boss:Burn, oyuncu:Haste, oyuncu hız x1,30",3.01,1.35,0.66,0.65,1.07,0.00,0.00,"","vuruş 1: 0,53s@boss0,28m/oyuncu3,34m; kalıp sonu: merkeze 4,19 m, başlangıçtan 0,00 m, kalıp simülasyonundan 0,00 m, boss 1,19 m kaydı"
7-7,"Bulandırıcı Zafiyet","Yay","sis_bombasi",1,1,1,1,1,1,1,1,1,1,"yerinde","yerinde",20528.00,"boss:Blind+Burn",3.00,1.35,0.27,0.22,0.60,0.00,0.00,"","vuruş 1: 0,47s@boss0,36m/oyuncu3,36m; kalıp sonu: merkeze 3,47 m, başlangıçtan 0,00 m, kalıp simülasyonundan 0,00 m, boss 0,47 m kaydı"
7-8,"Yükselen Zafiyet","Yay","yerden_fiskirma",1,1,1,1,1,1,1,1,1,1,"ön","ön",21744.00,"boss:Burn+Stun, boss hız x0,00",2.59,1.35,0.47,0.44,0.80,0.00,0.00,"","vuruş 1: 0,60s@boss0,00m/oyuncu2,76m; kalıp sonu: merkeze 2,60 m, başlangıçtan 0,40 m, kalıp simülasyonundan 0,00 m"
7-9,"Odaklı Zafiyet","Yay","isaret_patlamasi",1,1,1,1,1,1,1,1,1,1,"yerinde","yerinde",36672.00,"boss:Burn",3.02,1.35,1.94,1.92,2.27,0.00,0.00,"","vuruş 1: 2,20s@boss0,00m/oyuncu3,13m; kalıp sonu: merkeze 3,13 m, başlangıçtan 0,00 m, kalıp simülasyonundan 0,00 m, boss 0,13 m kaydı"
7-10,"Aynalı Zafiyet","Yay","onden_arkadan",1,1,1,1,1,1,1,1,1,1,"ön","ön",28436.00,"boss:Burn",2.37,1.35,0.40,0.34,0.73,0.00,0.00,"0/3 kare koşu","vuruş 2: 0,40s@boss1,27m/oyuncu1,11m 0,53s@boss0,60m/oyuncu3,30m; kalıp sonu: merkeze 3,13 m, başlangıçtan 0,90 m, kalıp simülasyonundan 0,00 m, boss 1,03 m kaydı"
7-11,"Kopya Zafiyet","Yay","golge_yankisi",1,1,1,1,1,1,1,1,1,1,"ön","ön",28596.00,"boss:Burn",2.28,1.35,0.54,0.50,0.87,0.00,0.00,"1/3 kare koşu, ayak/gövde hız oranı 1,02","vuruş 2: 0,40s@boss1,14m/oyuncu1,15m 0,73s@boss2,72m/oyuncu1,39m; kalıp sonu: merkeze 3,18 m, başlangıçtan 0,90 m, kalıp simülasyonundan 0,00 m, boss 1,08 m kaydı"
7-12,"Akan Zafiyet","Yay","basili_isik",1,1,1,1,1,1,1,1,1,1,"ön","ön",41632.00,"boss:Burn",2.91,1.35,3.07,3.00,3.40,0.00,0.00,"","vuruş 6: 0,53s@boss0,19m/oyuncu2,72m 1,06s@boss1,08m/oyuncu2,72m 1,53s@boss1,08m/oyuncu2,72m 2,06s@boss0,92m/oyuncu2,72m 2,53s@boss0,74m/oyuncu2,72m 3,06s@boss0,53m/oyuncu2,72m; kalıp sonu: merkeze 3,17 m, başlangıçtan 1,20 m, kalıp simülasyonundan 0,00 m, boss 1,37 m kaydı"
8-7,"Bulandırıcı Yükseliş","Yay","goz_bagi",1,1,1,1,1,1,1,1,1,1,"yerinde","yerinde",0.00,"",3.00,1.35,0.20,0.20,0.60,0.00,0.00,"","hasarsız skill (base_damage 0): etki hareketin kendisi; vuruş 1: 0,53s@boss0,28m/oyuncu3,28m; kalıp sonu: merkeze 3,00 m, başlangıçtan 0,00 m, kalıp simülasyonundan 0,00 m"
8-8,"Yükselen Yükseliş","Yay","buyuten_kemer",1,1,1,1,1,1,1,1,1,1,"yerinde","yerinde",0.00,"",3.00,1.35,0.47,0.42,0.87,0.00,0.00,"","hasarsız skill (base_damage 0): etki hareketin kendisi; vuruş 1: 0,67s@boss5,04m/oyuncu2,21m; kalıp sonu: merkeze 3,22 m, başlangıçtan 0,30 m, kalıp simülasyonundan 0,00 m, kalıp hedefi AllyDummy"
8-9,"Odaklı Yükseliş","Yay","gudumlu_top",1,1,1,1,1,1,1,1,1,1,"yerinde","yerinde",0.00,"",3.00,1.35,0.60,0.56,1.00,0.00,0.00,"","hasarsız skill (base_damage 0): etki hareketin kendisi; vuruş 1: 0,87s@boss6,98m/oyuncu4,53m; kalıp sonu: merkeze 3,00 m, başlangıçtan 0,00 m, kalıp simülasyonundan 0,00 m, kalıp hedefi AllyDummy"
8-10,"Aynalı Yükseliş","Yay","ters_es",1,1,1,1,1,1,1,1,1,1,"yerinde","yerinde",0.00,"",3.00,1.35,0.47,0.44,0.87,0.00,0.00,"","hasarsız skill (base_damage 0): etki hareketin kendisi; vuruş 2: 0,53s@boss2,60m/oyuncu0,40m 0,73s@boss0,00m/oyuncu3,00m; kalıp sonu: merkeze 3,00 m, başlangıçtan 0,00 m, kalıp simülasyonundan 0,00 m"
8-11,"Kopya Yükseliş","Yay","golge_ulak",1,1,1,1,1,1,1,1,1,1,"yan","yan",0.00,"",2.43,1.35,1.40,1.36,1.80,0.00,0.00,"1/3 kare koşu, ayak/gövde hız oranı 1,00","hasarsız skill (base_damage 0): etki hareketin kendisi; vuruş 2: 0,47s@boss3,26m/oyuncu0,35m 1,66s@boss3,04m/oyuncu1,46m; kalıp sonu: merkeze 2,43 m, başlangıçtan 1,41 m, kalıp simülasyonundan 0,00 m, kalıp hedefi AllyDummy"
8-12,"Akan Yükseliş","Yay","akinti_yolu",1,1,1,1,1,1,1,1,1,1,"geri","geri",0.00,"",3.00,1.35,1.00,0.94,1.40,0.00,0.00,"0/10 kare koşu","hasarsız skill (base_damage 0): etki hareketin kendisi; vuruş 1: 1,20s@boss6,27m/oyuncu2,38m; kalıp sonu: merkeze 4,11 m, başlangıçtan 1,40 m, kalıp simülasyonundan 0,00 m, kalıp hedefi AllyDummy"
9-7,"Bulandırıcı Arınma","Yay","sis_ortusu",1,1,1,1,1,1,1,1,1,1,"yerinde","yerinde",0.00,"oyuncu +28000 can",3.00,1.35,0.33,0.30,0.66,0.00,0.00,"","vuruş 1: 0,47s@boss0,00m/oyuncu3,00m; kalıp sonu: merkeze 3,00 m, başlangıçtan 0,00 m, kalıp simülasyonundan 0,00 m"
9-8,"Yükselen Arınma","Yay","isik_sutunu",1,1,1,1,1,1,1,1,1,1,"yerinde","yerinde",0.00,"oyuncu +28000 can",3.00,1.35,0.53,0.48,0.87,0.00,0.00,"","vuruş 1: 0,67s@boss3,06m/oyuncu0,00m; kalıp sonu: merkeze 3,07 m, başlangıçtan 0,10 m, kalıp simülasyonundan 0,00 m, kalıp hedefi AllyDummy"
9-9,"Odaklı Arınma","Yay","mermi_sondur",1,1,1,1,1,1,1,1,1,1,"yerinde","yerinde",0.00,"oyuncu +28000 can",3.00,1.35,0.40,0.38,0.73,0.00,0.00,"","vuruş 1: 0,60s@boss6,98m/oyuncu4,53m; kalıp sonu: merkeze 3,00 m, başlangıçtan 0,00 m, kalıp simülasyonundan 0,00 m, kalıp hedefi AllyDummy"
9-10,"Aynalı Arınma","Yay","yer_degistir",1,1,1,1,1,1,1,1,1,1,"arka","arka",0.00,"oyuncu +28000 can",1.50,1.35,0.40,0.34,0.73,0.00,0.00,"0/1 kare koşu","vuruş 1: 0,60s@boss0,31m/oyuncu1,19m; kalıp sonu: merkeze 1,50 m, başlangıçtan 4,50 m, kalıp simülasyonundan 0,00 m, ışın 8,34 m konumdan çıkarıldı; tek karede 8,34 m sıçrama (sınır 2,61 m @ 70 ms, t=0,73, ışın tasarım gereği)"
9-11,"Kopya Arınma","Yay","yem_kopya",1,1,1,1,1,1,1,1,1,1,"yerinde","yerinde",0.00,"oyuncu +28000 can, dost +28000 can",3.00,1.35,0.27,0.24,0.60,0.00,0.00,"","vuruş 1: 0,40s@boss2,98m/oyuncu1,29m; kalıp sonu: merkeze 3,00 m, başlangıçtan 0,00 m, kalıp simülasyonundan 0,00 m"
9-12,"Akan Arınma","Yay","nabiz",1,1,1,1,1,1,1,1,1,1,"yerinde","yerinde",0.00,"oyuncu +16000 can, dost +8000 can",3.00,1.35,3.20,3.18,3.53,0.00,0.00,"","vuruş 3: 1,46s@boss3,00m/oyuncu0,00m 2,47s@boss3,00m/oyuncu0,00m 3,47s@boss3,00m/oyuncu0,00m; kalıp sonu: merkeze 3,00 m, başlangıçtan 0,00 m, kalıp simülasyonundan 0,00 m"
10-7,"Bulandırıcı Yansı","Yay","sahte_goruntu",1,1,1,1,1,1,1,1,1,1,"geri","geri",5200.00,"boss:Blind+Burn",3.00,1.35,0.47,0.44,0.87,0.00,0.00,"1/3 kare koşu, ayak/gövde hız oranı 1,01","vuruş 3: 0,47s@boss3,06m/oyuncu1,37m 0,60s@boss3,06m/oyuncu1,37m 0,73s@boss3,68m/oyuncu0,00m; kalıp sonu: merkeze 3,90 m, başlangıçtan 0,90 m, kalıp simülasyonundan 0,00 m"
10-8,"Yükselen Yansı","Yay","yerden_buyuyen",1,1,1,1,1,1,1,1,1,1,"yerinde","yerinde",2380.00,"boss:Burn",2.75,1.35,0.47,0.42,0.87,0.00,0.00,"","vuruş 1: 0,67s@boss0,00m/oyuncu2,80m; kalıp sonu: merkeze 2,75 m, başlangıçtan 0,25 m, kalıp simülasyonundan 0,00 m"
10-9,"Odaklı Yansı","Yay","koruyucu_isaret",1,1,1,1,1,1,1,1,1,1,"ön","ön",3224.00,"boss:Burn",2.20,1.35,0.27,0.20,0.67,0.00,0.00,"0/3 kare koşu","vuruş 1: 0,53s@boss1,85m/oyuncu0,35m; kalıp sonu: merkeze 2,20 m, başlangıçtan 0,80 m, kalıp simülasyonundan 0,00 m"
11-7,"Bulandırıcı Çağrı","Yay","sirt_saplama",1,1,1,1,1,1,1,1,1,1,"yerinde","yerinde",27552.00,"boss:Blind+Burn",3.00,1.35,0.40,0.32,0.80,0.00,0.00,"","vuruş 1: 0,60s@boss0,00m/oyuncu3,04m; kalıp sonu: merkeze 3,07 m, başlangıçtan 0,00 m, kalıp simülasyonundan 0,00 m"
11-8,"Yükselen Çağrı","Yay","dostu_yerden",1,1,1,1,1,1,1,1,1,1,"yan","yan",30968.00,"boss:Burn",2.96,1.35,0.80,0.78,1.20,0.00,0.00,"0/8 kare koşu","vuruş 1: 1,00s@boss2,82m/oyuncu0,95m; kalıp sonu: merkeze 2,99 m, başlangıçtan 0,91 m, kalıp simülasyonundan 0,00 m"
11-9,"Odaklı Çağrı","Yay","pesinden_av",1,1,1,1,1,1,1,1,1,1,"ön","ön",189088.00,"boss:Burn",2.53,1.35,2.47,2.44,2.82,0.00,0.00,"0/2 kare koşu","vuruş 1: 2,69s@boss0,00m/oyuncu2,63m; kalıp sonu: merkeze 2,63 m, başlangıçtan 0,47 m, kalıp simülasyonundan 0,00 m, boss 0,11 m kaydı"
12-7,"Bulandırıcı Zaman","Yay","kum_saati",1,1,1,1,1,1,1,1,1,1,"yerinde","yerinde",44588.00,"boss:Blind+Slow+Burn, boss hız x0,70",3.00,1.35,0.66,0.62,1.07,0.00,0.00,"","vuruş 1: 0,53s@boss0,28m/oyuncu3,28m; kalıp sonu: merkeze 4,11 m, başlangıçtan 0,00 m, kalıp simülasyonundan 0,00 m, boss 1,11 m kaydı"
12-8,"Yükselen Zaman","Yay","isik_sutunu",1,1,1,1,1,1,1,1,1,1,"yerinde","yerinde",2800.00,"boss:Burn, oyuncu:Haste, oyuncu hız x1,50",2.90,1.35,0.54,0.48,0.93,0.00,0.00,"","vuruş 1: 0,73s@boss2,92m/oyuncu0,00m; kalıp sonu: merkeze 2,90 m, başlangıçtan 0,10 m, kalıp simülasyonundan 0,00 m"
12-9,"Odaklı Zaman","Yay","isaret_patlamasi",1,1,1,1,1,1,1,1,1,1,"yerinde","yerinde",2396.00,"boss:Burn+Slow, boss hız x0,70",3.00,1.35,1.93,1.92,2.33,0.00,0.00,"","vuruş 1: 2,20s@boss0,00m/oyuncu3,00m; kalıp sonu: merkeze 3,00 m, başlangıçtan 0,00 m, kalıp simülasyonundan 0,00 m"
1-1,"Yoğun Vuruş","Büyü Kitabı","yukle_birak",1,1,1,1,1,1,1,1,1,1,"ön","ön",112804.00,"boss:Burn",1.64,1.35,0.53,0.52,0.86,0.00,0.00,"0/3 kare koşu","vuruş 1: 0,73s@boss0,39m/oyuncu1,53m; kalıp sonu: merkeze 1,86 m, başlangıçtan 1,70 m, kalıp simülasyonundan 0,20 m, boss 0,56 m kaydı"
1-2,"Emici Vuruş","Büyü Kitabı","kan_ceken_pence",1,1,1,1,1,1,1,1,1,1,"yerinde","yerinde",90872.00,"boss:Burn, oyuncu +25699 can",1.34,1.35,0.40,0.38,0.73,0.00,0.00,"","vuruş 3: 0,40s@boss1,76m/oyuncu1,02m 0,53s@boss1,20m/oyuncu1,02m 0,66s@boss0,62m/oyuncu1,02m; kalıp sonu: merkeze 1,35 m, başlangıçtan 0,00 m, kalıp simülasyonundan 0,00 m, boss 1,65 m kaydı"
1-3,"Sıçrayan Vuruş","Büyü Kitabı","yan_yan_sekme",1,1,1,1,1,1,1,1,1,1,"geri","geri",120352.00,"boss:Burn",2.83,1.35,0.47,0.46,0.80,0.00,0.00,"0/7 kare koşu","vuruş 2: 0,40s@boss0,75m/oyuncu3,52m 0,73s@boss0,74m/oyuncu4,99m; kalıp sonu: merkeze 4,40 m, başlangıçtan 1,30 m, kalıp simülasyonundan 0,12 m, boss 0,98 m kaydı"
1-4,"Sabit Vuruş","Büyü Kitabı","yere_cakilan",1,1,1,1,1,1,1,1,1,1,"yerinde","yerinde",77304.00,"boss:Burn",2.83,1.35,0.46,0.42,0.79,0.00,0.00,"","vuruş 1: 0,66s@boss2,83m/oyuncu0,00m; kalıp sonu: merkeze 3,29 m, başlangıçtan 0,20 m, kalıp simülasyonundan 0,00 m, boss 0,49 m kaydı"
1-5,"Yayılan Vuruş","Büyü Kitabı","donen_kesik",1,1,1,1,1,1,1,1,1,1,"yerinde","yerinde",69824.00,"boss:Burn",3.02,1.35,0.60,0.55,0.93,0.00,0.00,"","vuruş 1: 0,53s@boss3,06m/oyuncu0,00m; kalıp sonu: merkeze 4,06 m, başlangıçtan 0,00 m, kalıp simülasyonundan 0,00 m, boss 1,06 m kaydı"
1-6,"Bağlayıcı Vuruş","Büyü Kitabı","zincirli_firlatma",1,1,1,1,1,1,1,1,1,1,"ön","ön",85872.00,"boss:Root+Slow+Burn, boss hız x0,00",2.64,1.35,0.73,0.70,1.07,0.00,0.00,"2/4 kare koşu, ayak/gövde hız oranı 0,99","vuruş 2: 0,47s@boss0,46m/oyuncu3,48m 0,93s@boss1,55m/oyuncu1,28m; kalıp sonu: merkeze 2,69 m, başlangıçtan 1,50 m, kalıp simülasyonundan 0,00 m, boss 1,19 m kaydı"
2-1,"Yoğun Şifa","Büyü Kitabı","tek_dokunus",1,1,1,1,1,1,1,1,1,1,"geri","geri",0.00,"oyuncu +68000 can",3.00,1.35,0.19,0.16,0.53,0.00,0.00,"0/2 kare koşu","vuruş 1: 0,40s@boss3,90m/oyuncu0,68m; kalıp sonu: merkeze 3,42 m, başlangıçtan 0,55 m, kalıp simülasyonundan 0,00 m, kalıp hedefi AllyDummy"
2-2,"Emici Şifa","Büyü Kitabı","uzaktan_emme",1,1,1,1,1,1,1,1,1,1,"yerinde","yerinde",53184.00,"oyuncu +84000 can, dost +28000 can",2.65,1.35,2.20,2.16,2.53,0.00,0.00,"","vuruş 4: 0,93s@boss0,19m/oyuncu2,72m 1,47s@boss0,10m/oyuncu2,72m 1,93s@boss0,02m/oyuncu2,72m 2,47s@boss0,07m/oyuncu2,72m; kalıp sonu: merkeze 2,65 m, başlangıçtan 0,35 m, kalıp simülasyonundan 0,00 m"
2-3,"Sıçrayan Şifa","Büyü Kitabı","dosttan_dosta",1,1,1,1,1,1,1,1,1,1,"yerinde","yerinde",0.00,"oyuncu +72000 can, dost +32000 can",3.00,1.35,0.60,0.54,0.93,0.00,0.00,"","vuruş 3: 0,47s@boss6,43m/oyuncu3,95m 0,53s@boss6,98m/oyuncu4,53m 0,73s@boss6,88m/oyuncu4,54m; kalıp sonu: merkeze 3,00 m, başlangıçtan 0,00 m, kalıp simülasyonundan 0,00 m, kalıp hedefi AllyDummy"
2-4,"Sabit Şifa","Büyü Kitabı","totem_dikme",1,1,1,1,1,1,1,1,1,1,"yerinde","yerinde",0.00,"oyuncu +68000 can",3.00,1.35,0.33,0.30,0.66,0.00,0.00,"","vuruş 1: 0,53s@boss3,09m/oyuncu0,00m; kalıp sonu: merkeze 3,11 m, başlangıçtan 0,15 m, kalıp simülasyonundan 0,00 m, kalıp hedefi AllyDummy"
2-5,"Yayılan Şifa","Büyü Kitabı","genisleyen_halka",1,1,1,1,1,1,1,1,1,1,"yerinde","yerinde",0.00,"oyuncu +68000 can",3.00,1.35,0.60,0.58,0.93,0.00,0.00,"","vuruş 1: 0,73s@boss3,00m/oyuncu0,00m; kalıp sonu: merkeze 3,00 m, başlangıçtan 0,00 m, kalıp simülasyonundan 0,00 m"
2-6,"Bağlayıcı Şifa","Büyü Kitabı","dostu_kanca",1,1,1,1,1,1,1,1,1,1,"geri","geri",0.00,"oyuncu +68000 can",3.00,1.35,0.53,0.52,0.87,0.00,0.00,"1/6 kare koşu, ayak/gövde hız oranı 1,04","vuruş 1: 0,73s@boss5,79m/oyuncu0,40m; kalıp sonu: merkeze 5,92 m, başlangıçtan 3,40 m, kalıp simülasyonundan 0,00 m, kalıp hedefi AllyDummy"
3-1,"Yoğun Adım","Büyü Kitabı","kisa_dash",1,1,1,1,1,1,1,1,1,1,"ön","ön",4400.00,"boss:Burn",1.50,1.35,0.19,0.16,0.53,0.00,0.00,"0/3 kare koşu","kalıp sonu: merkeze 1,50 m, başlangıçtan 1,50 m, kalıp simülasyonundan 0,00 m"
3-2,"Emici Adım","Büyü Kitabı","icinden_emme",1,1,1,1,1,1,1,1,1,1,"arka","arka",4392.00,"boss:Burn",0.14,1.35,0.33,0.28,0.67,0.00,0.00,"1/5 kare koşu, ayak/gövde hız oranı 1,01","vuruş 1: 0,47s@boss0,23m/oyuncu1,36m; kalıp sonu: merkeze 2,61 m, başlangıçtan 5,26 m, kalıp simülasyonundan 0,39 m, boss 0,35 m kaydı; gövdeye girdi: merkeze 0,14 m (t=0,40, temas 1,35) geçiş tasarım gereği"
3-3,"Sıçrayan Adım","Büyü Kitabı","sekmeli_ziplama",1,1,1,1,1,1,1,1,1,1,"arka","arka",4800.00,"boss:Burn",1.50,1.35,0.40,0.40,0.73,0.00,0.00,"0/6 kare koşu","vuruş 2: 0,47s@boss1,79m/oyuncu0,00m 0,67s@boss1,50m/oyuncu0,00m; kalıp sonu: merkeze 1,50 m, başlangıçtan 4,50 m, kalıp simülasyonundan 0,00 m"
3-4,"Sabit Adım","Büyü Kitabı","geri_sarma",1,1,1,1,1,1,1,1,1,1,"başlangıç","başlangıç",19352.00,"boss:Burn",1.50,1.35,2.69,2.66,3.02,0.00,0.00,"1/8 kare koşu, ayak/gövde hız oranı 1,00","kalıp sonu: merkeze 3,00 m, başlangıçtan 0,00 m, kalıp simülasyonundan 0,00 m"
3-5,"Yayılan Adım","Büyü Kitabı","dalis_patlamasi",1,1,1,1,1,1,1,1,1,1,"ön","ön",4408.00,"boss:Burn",1.50,1.35,0.47,0.42,0.80,0.00,0.00,"0/4 kare koşu","vuruş 1: 0,60s@boss1,50m/oyuncu0,00m; kalıp sonu: merkeze 1,50 m, başlangıçtan 1,50 m, kalıp simülasyonundan 0,00 m"
3-6,"Bağlayıcı Adım","Büyü Kitabı","kanca_cekis",1,1,1,1,1,1,1,1,1,1,"arka","arka",4000.00,"boss:Root+Slow+Burn, boss hız x0,00",1.50,1.35,0.80,0.74,1.13,0.00,0.00,"1/10 kare koşu, ayak/gövde hız oranı 1,03","vuruş 1: 0,93s@boss0,00m/oyuncu1,50m; kalıp sonu: merkeze 1,50 m, başlangıçtan 4,50 m, kalıp simülasyonundan 0,00 m"
4-1,"Yoğun Kalkan","Büyü Kitabı","tam_zamanli",1,1,1,1,1,1,1,1,1,1,"yerinde","yerinde",0.00,"",3.00,1.35,0.53,0.50,0.87,0.00,0.00,"","hasarsız skill (base_damage 0): etki hareketin kendisi; vuruş 1: 0,66s@boss0,62m/oyuncu2,38m; kalıp sonu: merkeze 3,00 m, başlangıçtan 0,00 m, kalıp simülasyonundan 0,00 m"
4-2,"Emici Kalkan","Büyü Kitabı","kalkan_calma",1,1,1,1,1,1,1,1,1,1,"yerinde","yerinde",76000.00,"",3.00,1.35,0.27,0.20,0.60,0.00,0.00,"","vuruş 1: 0,40s@boss1,73m/oyuncu1,28m; kalıp sonu: merkeze 3,00 m, başlangıçtan 0,00 m, kalıp simülasyonundan 0,00 m"
4-3,"Sıçrayan Kalkan","Büyü Kitabı","seken_disk",1,1,1,1,1,1,1,1,1,1,"yerinde","yerinde",0.00,"",3.00,1.35,0.47,0.42,0.80,0.00,0.00,"","hasarsız skill (base_damage 0): etki hareketin kendisi; vuruş 2: 0,47s@boss0,30m/oyuncu3,30m 0,60s@boss3,04m/oyuncu1,43m; kalıp sonu: merkeze 3,00 m, başlangıçtan 0,00 m, kalıp simülasyonundan 0,00 m"
5-1,"Yoğun Patlama","Büyü Kitabı","saplanan_fitil",1,1,1,1,1,1,1,1,1,1,"geri","geri",76664.00,"boss:Burn",2.37,1.35,1.60,1.62,1.93,0.00,0.00,"1/6 kare koşu, ayak/gövde hız oranı 1,02","vuruş 2: 0,40s@boss0,85m/oyuncu1,52m 1,93s@boss0,84m/oyuncu2,95m; kalıp sonu: merkeze 3,79 m, başlangıçtan 0,80 m, kalıp simülasyonundan 0,00 m"
5-2,"Emici Patlama","Büyü Kitabı","ceken_girdap",1,1,1,1,1,1,1,1,1,1,"yerinde","yerinde",65840.00,"boss:Burn, oyuncu +17595 can",1.34,1.35,1.33,1.32,1.67,0.00,0.00,"","vuruş 3: 1,00s@boss0,00m/oyuncu1,35m 1,47s@boss0,00m/oyuncu1,35m 1,53s@boss0,00m/oyuncu1,35m; kalıp sonu: merkeze 1,35 m, başlangıçtan 0,00 m, kalıp simülasyonundan 0,00 m, boss 1,65 m kaydı"
5-3,"Sıçrayan Patlama","Büyü Kitabı","seken_bomba",1,1,1,1,1,1,1,1,1,1,"yerinde","yerinde",98552.00,"boss:Burn",2.99,1.35,0.60,0.58,0.93,0.00,0.00,"","vuruş 3: 0,46s@boss0,41m/oyuncu3,40m 0,60s@boss0,00m/oyuncu3,46m 0,80s@boss0,35m/oyuncu3,90m; kalıp sonu: merkeze 4,05 m, başlangıçtan 0,00 m, kalıp simülasyonundan 0,00 m, boss 1,05 m kaydı"
6-1,"Yoğun Bağ","Büyü Kitabı","sinir_noktasi",1,1,1,1,1,1,1,1,1,1,"ön","ön",25208.00,"boss:Burn+Stun, boss hız x0,00",1.49,1.35,0.40,0.34,0.73,0.00,0.00,"0/5 kare koşu","vuruş 1: 0,60s@boss0,89m/oyuncu0,59m; kalıp sonu: merkeze 1,73 m, başlangıçtan 1,76 m, kalıp simülasyonundan 0,26 m, boss 0,49 m kaydı"
6-2,"Emici Bağ","Büyü Kitabı","bossu_cek",1,1,1,1,1,1,1,1,1,1,"geri","geri",18536.00,"boss:Burn+Root, boss hız x0,00, oyuncu +4250 can",1.35,1.35,0.47,0.44,0.80,0.00,0.00,"2/5 kare koşu, ayak/gövde hız oranı 1,01","vuruş 1: 0,60s@boss1,55m/oyuncu1,36m; kalıp sonu: merkeze 2,64 m, başlangıçtan 1,60 m, kalıp simülasyonundan 0,00 m, boss 1,96 m kaydı"
6-3,"Sıçrayan Bağ","Büyü Kitabı","basip_sekme",1,1,1,1,1,1,1,1,1,1,"başlangıç","başlangıç",28296.00,"boss:Burn+Root, boss hız x0,00",1.66,1.35,0.54,0.52,0.87,0.00,0.00,"0/8 kare koşu","vuruş 1: 0,60s@boss1,50m/oyuncu0,28m; kalıp sonu: merkeze 3,97 m, başlangıçtan 0,20 m, kalıp simülasyonundan 0,00 m, boss 0,77 m kaydı"
1-7,"Bulandırıcı Vuruş","Büyü Kitabı","dumandan_cikis",1,1,1,1,1,1,1,1,1,1,"ön","ön",78056.00,"boss:Blind+Burn",1.62,1.35,0.53,0.48,0.87,0.00,0.00,"0/4 kare koşu","vuruş 1: 0,67s@boss0,74m/oyuncu1,36m; kalıp sonu: merkeze 1,89 m, başlangıçtan 1,80 m, kalıp simülasyonundan 0,30 m, boss 0,69 m kaydı"
1-8,"Yükselen Vuruş","Büyü Kitabı","havaya_kaldirma",1,1,1,1,1,1,1,1,1,1,"ön","ön",86304.00,"boss:Burn+Stun, boss hız x0,00",1.90,1.35,0.40,0.34,0.74,0.00,0.00,"0/5 kare koşu","vuruş 1: 0,47s@boss1,08m/oyuncu1,28m; kalıp sonu: merkeze 1,90 m, başlangıçtan 1,10 m, kalıp simülasyonundan 0,00 m"
1-9,"Odaklı Vuruş","Büyü Kitabı","isarete_vur",1,1,1,1,1,1,1,1,1,1,"ön","ön",135840.00,"boss:Burn",2.06,1.35,0.40,0.38,0.73,0.00,0.00,"0/3 kare koşu","vuruş 1: 0,60s@boss0,92m/oyuncu1,28m; kalıp sonu: merkeze 2,27 m, başlangıçtan 1,35 m, kalıp simülasyonundan 0,00 m, boss 0,62 m kaydı"
2-7,"Bulandırıcı Şifa","Büyü Kitabı","sis_ortusu",1,1,1,1,1,1,1,1,1,1,"yerinde","yerinde",0.00,"oyuncu +68000 can",3.02,1.35,0.33,0.30,0.67,0.00,0.00,"","vuruş 1: 0,46s@boss0,00m/oyuncu3,07m; kalıp sonu: merkeze 3,08 m, başlangıçtan 0,00 m, kalıp simülasyonundan 0,00 m"
2-8,"Yükselen Şifa","Büyü Kitabı","yerden_buyuyen",1,1,1,1,1,1,1,1,1,1,"yerinde","yerinde",0.00,"oyuncu +68000 can",3.00,1.35,0.47,0.42,0.80,0.00,0.00,"","vuruş 1: 0,60s@boss6,98m/oyuncu4,33m; kalıp sonu: merkeze 3,18 m, başlangıçtan 0,25 m, kalıp simülasyonundan 0,00 m, kalıp hedefi AllyDummy"
2-9,"Odaklı Şifa","Büyü Kitabı","koruyucu_isaret",1,0,1,1,1,1,1,1,1,0,"geri","geri",0.00,"",3.00,1.35,0.20,0.20,0.53,0.00,0.00,"0/3 kare koşu","hasar yok, etki görülmedi; vuruş 1: 0,47s@boss3,90m/oyuncu0,35m; kalıp sonu: merkeze 3,61 m, başlangıçtan 0,80 m, kalıp simülasyonundan 0,00 m, kalıp hedefi AllyDummy"
3-7,"Bulandırıcı Adım","Büyü Kitabı","duman_kaybolma",1,1,1,1,1,1,1,1,1,1,"ön","ön",6000.00,"boss:Blind+Burn, oyuncu:Stealth",1.50,1.35,0.60,0.59,0.94,0.00,0.00,"1/4 kare koşu, ayak/gövde hız oranı 0,98","vuruş 1: 0,47s@boss1,75m/oyuncu0,00m; kalıp sonu: merkeze 1,50 m, başlangıçtan 1,50 m, kalıp simülasyonundan 0,00 m"
3-8,"Yükselen Adım","Büyü Kitabı","sicrayip_cakilma",1,1,1,1,1,1,1,1,1,1,"ön","ön",4808.00,"boss:Burn, oyuncu:Haste, oyuncu hız x1,10",1.50,1.35,0.87,0.82,1.20,0.00,0.00,"0/5 kare koşu","vuruş 1: 1,07s@boss1,50m/oyuncu0,00m; kalıp sonu: merkeze 1,50 m, başlangıçtan 1,50 m, kalıp simülasyonundan 0,00 m"
3-9,"Odaklı Adım","Büyü Kitabı","kilitli_adim",1,1,1,1,1,1,1,1,1,1,"arka","arka",4016.00,"boss:Burn",1.50,1.35,0.53,0.48,0.87,0.00,0.00,"0/1 kare koşu","vuruş 1: 0,73s@boss0,00m/oyuncu1,50m; kalıp sonu: merkeze 1,50 m, başlangıçtan 4,50 m, kalıp simülasyonundan 0,00 m; tek karede 4,50 m sıçrama (sınır 2,30 m @ 62 ms, t=0,60, faz adim, blink tasarım gereği)"
7-1,"Yoğun Zafiyet","Büyü Kitabı","diken_firlatma",1,1,1,1,1,1,1,1,1,1,"yerinde","yerinde",25816.00,"boss:Burn",2.99,1.35,0.34,0.40,0.67,0.00,0.00,"","vuruş 1: 0,67s@boss0,31m/oyuncu3,30m; kalıp sonu: merkeze 2,99 m, başlangıçtan 0,00 m, kalıp simülasyonundan 0,00 m"
7-2,"Emici Zafiyet","Büyü Kitabı","sokup_cekme",1,1,1,1,1,1,1,1,1,1,"geri","geri",18184.00,"boss:Burn, oyuncu +3720 can",1.35,1.35,0.47,0.44,0.80,0.00,0.00,"1/4 kare koşu, ayak/gövde hız oranı 1,01","vuruş 2: 0,47s@boss0,35m/oyuncu2,94m 0,60s@boss1,49m/oyuncu1,19m; kalıp sonu: merkeze 2,36 m, başlangıçtan 1,30 m, kalıp simülasyonundan 0,00 m, boss 1,94 m kaydı"
7-3,"Sıçrayan Zafiyet","Büyü Kitabı","seken_yaratik",1,1,1,1,1,1,1,1,1,1,"yerinde","yerinde",28656.00,"boss:Burn",2.98,1.35,0.67,0.64,1.00,0.00,0.00,"","vuruş 3: 0,53s@boss0,02m/oyuncu3,00m 0,73s@boss0,35m/oyuncu3,65m 0,87s@boss0,35m/oyuncu3,90m; kalıp sonu: merkeze 4,05 m, başlangıçtan 0,00 m, kalıp simülasyonundan 0,00 m, boss 1,05 m kaydı"
8-1,"Yoğun Yükseliş","Büyü Kitabı","kuculten_kapi",1,1,1,1,1,1,1,1,1,1,"yerinde","yerinde",0.00,"",3.01,1.35,0.33,0.28,0.67,0.00,0.00,"","hasarsız skill (base_damage 0): etki hareketin kendisi; vuruş 1: 0,46s@boss0,64m/oyuncu2,38m; kalıp sonu: merkeze 3,03 m, başlangıçtan 0,00 m, kalıp simülasyonundan 0,00 m"
8-2,"Emici Yükseliş","Büyü Kitabı","kan_muhru",1,1,1,1,1,1,1,1,1,1,"yerinde","yerinde",0.00,"",3.00,1.35,0.33,0.32,0.66,0.00,0.00,"","hasarsız skill (base_damage 0): etki hareketin kendisi; vuruş 1: 0,47s@boss3,00m/oyuncu0,00m; kalıp sonu: merkeze 3,00 m, başlangıçtan 0,00 m, kalıp simülasyonundan 0,00 m"
8-3,"Sıçrayan Yükseliş","Büyü Kitabı","pas_verme",1,1,1,1,1,1,1,1,1,1,"yerinde","yerinde",0.00,"",3.00,1.35,0.27,0.24,0.60,0.00,0.00,"","hasarsız skill (base_damage 0): etki hareketin kendisi; vuruş 1: 0,53s@boss6,38m/oyuncu3,90m; kalıp sonu: merkeze 3,00 m, başlangıçtan 0,00 m, kalıp simülasyonundan 0,00 m, kalıp hedefi AllyDummy"
9-1,"Yoğun Arınma","Büyü Kitabı","tek_dokunus",1,1,1,1,1,1,1,1,1,1,"geri","geri",0.00,"oyuncu +16000 can",3.00,1.35,0.20,0.16,0.53,0.00,0.00,"0/2 kare koşu","vuruş 1: 0,40s@boss3,89m/oyuncu0,68m; kalıp sonu: merkeze 3,41 m, başlangıçtan 0,55 m, kalıp simülasyonundan 0,00 m, kalıp hedefi AllyDummy"
9-2,"Emici Arınma","Büyü Kitabı","cekip_firlat",1,1,1,1,1,1,1,1,1,1,"yerinde","yerinde",0.00,"oyuncu +8000 can, dost +8000 can",3.00,1.35,0.53,0.50,0.87,0.00,0.00,"","vuruş 2: 0,46s@boss2,65m/oyuncu0,35m 0,80s@boss0,30m/oyuncu3,30m; kalıp sonu: merkeze 3,00 m, başlangıçtan 0,00 m, kalıp simülasyonundan 0,00 m"
9-3,"Sıçrayan Arınma","Büyü Kitabı","dosttan_dosta",1,1,1,1,1,1,1,1,1,1,"yerinde","yerinde",0.00,"oyuncu +16000 can, dost +4000 can",3.00,1.35,0.60,0.54,0.93,0.00,0.00,"","vuruş 3: 0,47s@boss6,43m/oyuncu3,95m 0,53s@boss6,98m/oyuncu4,53m 0,73s@boss6,88m/oyuncu4,54m; kalıp sonu: merkeze 3,00 m, başlangıçtan 0,00 m, kalıp simülasyonundan 0,00 m, kalıp hedefi AllyDummy"
1-10,"Aynalı Vuruş","Büyü Kitabı","sirtta_kapi",1,1,1,1,1,1,1,1,1,1,"ön","ön",13446760.00,"boss:Burn",2.05,1.35,0.33,0.32,0.67,0.00,0.00,"0/3 kare koşu","vuruş 2: 0,40s@boss0,91m/oyuncu1,19m 0,53s@boss0,55m/oyuncu2,82m; kalıp sonu: merkeze 2,57 m, başlangıçtan 1,20 m, kalıp simülasyonundan 0,00 m, boss 0,77 m kaydı"
1-11,"Kopya Vuruş","Büyü Kitabı","golge_yankisi",1,1,1,1,1,1,1,1,1,1,"ön","ön",83744.00,"boss:Burn",2.28,1.35,0.53,0.50,0.87,0.00,0.00,"1/3 kare koşu, ayak/gövde hız oranı 1,01","vuruş 2: 0,40s@boss1,13m/oyuncu1,15m 0,73s@boss2,72m/oyuncu1,39m; kalıp sonu: merkeze 3,18 m, başlangıçtan 0,90 m, kalıp simülasyonundan 0,00 m, boss 1,08 m kaydı"
1-12,"Akan Vuruş","Büyü Kitabı","basili_seri",1,1,1,1,1,1,1,1,1,1,"ön","ön",73616.00,"boss:Burn",2.87,1.35,3.06,3.00,3.40,0.00,0.00,"","vuruş 6: 0,53s@boss1,72m/oyuncu1,15m 1,07s@boss2,60m/oyuncu1,15m 1,53s@boss2,57m/oyuncu1,15m 2,07s@boss2,37m/oyuncu1,15m 2,53s@boss2,16m/oyuncu1,15m 3,06s@boss1,91m/oyuncu1,15m; kalıp sonu: merkeze 2,97 m, başlangıçtan 1,40 m, kalıp simülasyonundan 0,00 m, boss 1,37 m kaydı"
2-10,"Aynalı Şifa","Büyü Kitabı","ters_es",1,1,1,1,1,1,1,1,1,1,"yerinde","yerinde",16800.00,"oyuncu +112000 can",3.00,1.35,0.47,0.44,0.80,0.00,0.00,"","vuruş 2: 0,47s@boss2,60m/oyuncu0,40m 0,67s@boss0,00m/oyuncu3,00m; kalıp sonu: merkeze 3,00 m, başlangıçtan 0,00 m, kalıp simülasyonundan 0,00 m"
2-11,"Kopya Şifa","Büyü Kitabı","golge_ulak",1,1,1,1,1,1,1,1,1,1,"yan","yan",0.00,"oyuncu +68000 can, dost +68000 can",2.43,1.35,1.40,1.36,1.74,0.00,0.00,"1/3 kare koşu, ayak/gövde hız oranı 1,00","vuruş 2: 0,41s@boss3,26m/oyuncu0,35m 1,60s@boss3,05m/oyuncu1,46m; kalıp sonu: merkeze 2,43 m, başlangıçtan 1,41 m, kalıp simülasyonundan 0,00 m, kalıp hedefi AllyDummy"
2-12,"Akan Şifa","Büyü Kitabı","basili_isik",1,1,1,1,1,1,1,1,1,1,"geri","geri",0.00,"oyuncu +60000 can, dost +12000 can",3.00,1.35,3.00,3.00,3.33,0.00,0.00,"","vuruş 6: 0,53s@boss5,38m/oyuncu2,72m 1,07s@boss5,58m/oyuncu2,72m 1,54s@boss5,75m/oyuncu2,72m 2,07s@boss5,95m/oyuncu2,72m 2,53s@boss6,13m/oyuncu2,72m 3,07s@boss6,33m/oyuncu2,72m; kalıp sonu: merkeze 3,94 m, başlangıçtan 1,20 m, kalıp simülasyonundan 0,00 m, kalıp hedefi AllyDummy"
3-10,"Aynalı Adım","Büyü Kitabı","iki_kapi",1,1,1,1,1,1,1,1,1,1,"ön","ön",6416.00,"boss:Burn",1.50,1.35,0.60,0.54,0.93,0.00,0.00,"0/4 kare koşu","vuruş 2: 0,33s@boss3,00m/oyuncu0,00m 0,73s@boss1,50m/oyuncu0,00m; kalıp sonu: merkeze 1,50 m, başlangıçtan 1,50 m, kalıp simülasyonundan 0,00 m"
3-11,"Kopya Adım","Büyü Kitabı","yem_kac",1,1,1,1,1,1,1,1,1,1,"geri","geri",5584.00,"boss:Burn",3.00,1.35,0.40,0.40,0.73,0.00,0.00,"0/4 kare koşu","vuruş 1: 0,33s@boss3,00m/oyuncu0,00m; kalıp sonu: merkeze 5,80 m, başlangıçtan 2,80 m, kalıp simülasyonundan 0,00 m"
3-12,"Akan Adım","Büyü Kitabı","suzulme",1,1,1,1,1,1,1,1,1,1,"ön","ön",21200.00,"boss:Burn, oyuncu:Haste, oyuncu hız x1,50",1.90,1.35,3.00,3.00,3.34,0.00,0.00,"","kalıp sonu: merkeze 1,90 m, başlangıçtan 1,10 m, kalıp simülasyonundan 0,00 m"
10-1,"Yoğun Yansı","Büyü Kitabı","tam_zamanli",1,1,1,1,1,1,1,1,1,1,"yerinde","yerinde",4384.00,"boss:Burn",3.00,1.35,0.53,0.50,0.87,0.00,0.00,"","vuruş 1: 0,67s@boss0,62m/oyuncu2,38m; kalıp sonu: merkeze 3,00 m, başlangıçtan 0,00 m, kalıp simülasyonundan 0,00 m"
10-2,"Emici Yansı","Büyü Kitabı","yutan_girdap",1,1,1,1,1,1,1,1,1,1,"yerinde","yerinde",17200.00,"boss:Burn",3.00,1.35,3.21,3.18,3.55,0.00,0.00,"","vuruş 4: 1,20s@boss0,62m/oyuncu2,38m 2,00s@boss0,62m/oyuncu2,38m 2,73s@boss0,62m/oyuncu2,38m 3,47s@boss0,62m/oyuncu2,38m; kalıp sonu: merkeze 3,00 m, başlangıçtan 0,00 m, kalıp simülasyonundan 0,00 m"
10-3,"Sıçrayan Yansı","Büyü Kitabı","seken_geri",1,1,1,1,1,1,1,1,1,1,"ön","ön",5208.00,"boss:Burn",1.90,1.35,0.40,0.36,0.71,0.00,0.00,"0/3 kare koşu","vuruş 2: 0,37s@boss0,56m/oyuncu1,53m 0,51s@boss0,00m/oyuncu1,90m; kalıp sonu: merkeze 1,90 m, başlangıçtan 1,10 m, kalıp simülasyonundan 0,00 m"
10-10,"Aynalı Yansı","Büyü Kitabı","iki_kapi",1,1,1,1,1,1,1,1,1,1,"ön","ön",6408.00,"boss:Burn",1.50,1.35,0.60,0.54,0.93,0.00,0.00,"0/4 kare koşu","vuruş 2: 0,33s@boss3,00m/oyuncu0,00m 0,73s@boss1,50m/oyuncu0,00m; kalıp sonu: merkeze 1,50 m, başlangıçtan 1,50 m, kalıp simülasyonundan 0,00 m"
10-11,"Kopya Yansı","Büyü Kitabı","yem_kopya",1,1,1,1,1,1,1,1,1,1,"yerinde","yerinde",4400.00,"boss:Burn",3.00,1.35,0.27,0.24,0.60,0.00,0.00,"","vuruş 1: 0,40s@boss2,98m/oyuncu1,29m; kalıp sonu: merkeze 3,00 m, başlangıçtan 0,00 m, kalıp simülasyonundan 0,00 m"
10-12,"Akan Yansı","Büyü Kitabı","basili_siper",1,1,1,1,1,1,1,1,1,1,"ön","ön",16792.00,"boss:Burn",2.20,1.35,3.00,3.00,3.33,0.00,0.00,"","vuruş 3: 1,07s@boss0,41m/oyuncu2,38m 2,07s@boss0,14m/oyuncu2,38m 3,07s@boss0,13m/oyuncu2,38m; kalıp sonu: merkeze 2,20 m, başlangıçtan 0,80 m, kalıp simülasyonundan 0,00 m"
11-1,"Yoğun Çağrı","Büyü Kitabı","sirt_saplama",1,1,1,1,1,1,1,1,1,1,"ön","ön",38768.00,"boss:Burn",2.19,1.35,0.47,0.44,0.80,0.00,0.00,"0/2 kare koşu","vuruş 1: 0,67s@boss0,00m/oyuncu2,25m; kalıp sonu: merkeze 2,27 m, başlangıçtan 0,81 m, kalıp simülasyonundan 0,00 m"
11-2,"Emici Çağrı","Büyü Kitabı","yapisan",1,1,1,1,1,1,1,1,1,1,"yerinde","yerinde",241760.00,"boss:Burn, oyuncu +147233 can",3.00,1.35,5.22,5.18,5.56,0.00,0.00,"","vuruş 6: 0,46s@boss0,20m/oyuncu3,22m 1,45s@boss0,00m/oyuncu3,11m 2,49s@boss0,00m/oyuncu3,11m 3,47s@boss0,00m/oyuncu3,11m 4,47s@boss0,00m/oyuncu3,11m 5,49s@boss0,00m/oyuncu3,11m; kalıp sonu: merkeze 3,11 m, başlangıçtan 0,00 m, kalıp simülasyonundan 0,00 m, boss 0,11 m kaydı"
11-3,"Sıçrayan Çağrı","Büyü Kitabı","seken_yaratik",1,1,1,1,1,1,1,1,1,1,"yerinde","yerinde",54424.00,"boss:Burn",3.00,1.35,0.67,0.64,1.00,0.00,0.00,"","vuruş 3: 0,53s@boss0,00m/oyuncu3,04m 0,73s@boss0,35m/oyuncu3,09m 0,87s@boss0,35m/oyuncu3,10m; kalıp sonu: merkeze 3,09 m, başlangıçtan 0,00 m, kalıp simülasyonundan 0,00 m"
11-10,"Aynalı Çağrı","Büyü Kitabı","takim_kapisi",1,1,1,1,1,1,1,1,1,1,"yerinde","yerinde",58664.00,"boss:Burn, oyuncu:Stasis",2.88,1.35,1.40,1.36,1.73,0.00,0.00,"","vuruş 1: 0,53s@boss2,88m/oyuncu0,00m; kalıp sonu: merkeze 2,88 m, başlangıçtan 0,12 m, kalıp simülasyonundan 0,00 m"
11-11,"Kopya Çağrı","Büyü Kitabı","ayna_klonlar",1,1,1,1,1,1,1,1,1,1,"yerinde","yerinde",81632.00,"boss:Burn",2.88,1.35,0.68,0.62,1.01,0.00,0.00,"","vuruş 2: 0,68s@boss2,88m/oyuncu1,41m 0,81s@boss2,89m/oyuncu1,41m; kalıp sonu: merkeze 2,97 m, başlangıçtan 0,12 m, kalıp simülasyonundan 0,00 m"
11-12,"Akan Çağrı","Büyü Kitabı","kapidan_akin",1,1,1,1,1,1,1,1,1,1,"yerinde","yerinde",299608.00,"boss:Burn",2.88,1.35,4.37,4.32,4.70,0.00,0.00,"","vuruş 6: 0,60s@boss0,85m/oyuncu2,03m 1,40s@boss0,00m/oyuncu2,98m 2,20s@boss0,00m/oyuncu2,99m 3,02s@boss0,00m/oyuncu2,99m 3,86s@boss0,00m/oyuncu2,99m 4,65s@boss0,00m/oyuncu2,99m; kalıp sonu: merkeze 2,99 m, başlangıçtan 0,12 m, kalıp simülasyonundan 0,00 m, boss 0,11 m kaydı"
12-1,"Yoğun Zaman","Büyü Kitabı","zamanli_donma",1,1,1,1,1,1,1,1,1,1,"ön","ön",3992.00,"boss:Burn+Slow, boss hız x0,70",1.65,1.35,0.53,0.50,0.87,0.00,0.00,"0/3 kare koşu","vuruş 1: 0,73s@boss0,52m/oyuncu1,28m; kalıp sonu: merkeze 1,87 m, başlangıçtan 1,60 m, kalıp simülasyonundan 0,10 m, boss 0,47 m kaydı"
12-2,"Emici Zaman","Büyü Kitabı","ceken_girdap",1,1,1,1,1,1,1,1,1,1,"yerinde","yerinde",7216.00,"boss:Burn+Slow, oyuncu:Haste, boss hız x0,70, oyuncu hız x1,30",3.02,1.35,1.33,1.32,1.67,0.00,0.00,"","vuruş 3: 1,00s@boss0,00m/oyuncu3,08m 1,47s@boss0,00m/oyuncu4,13m 1,54s@boss0,00m/oyuncu4,19m; kalıp sonu: merkeze 4,28 m, başlangıçtan 0,00 m, kalıp simülasyonundan 0,00 m, boss 1,28 m kaydı"
12-3,"Sıçrayan Zaman","Büyü Kitabı","geri_donen_kure",1,1,1,1,1,1,1,1,1,1,"yerinde","yerinde",5592.00,"boss:Burn+Slow, boss hız x0,70",3.00,1.35,0.54,0.50,0.87,0.00,0.00,"","vuruş 2: 0,47s@boss0,30m/oyuncu3,31m 0,73s@boss1,75m/oyuncu2,04m; kalıp sonu: merkeze 3,99 m, başlangıçtan 0,00 m, kalıp simülasyonundan 0,00 m, boss 0,99 m kaydı"
12-10,"Aynalı Zaman","Büyü Kitabı","boss_geri",1,1,1,1,1,1,1,1,1,1,"yerinde","yerinde",5192.00,"boss:Burn+Slow, boss hız x0,70",3.01,1.35,0.47,0.46,0.80,0.00,0.00,"","vuruş 1: 0,47s@boss0,29m/oyuncu3,33m; kalıp sonu: merkeze 3,04 m, başlangıçtan 0,00 m, kalıp simülasyonundan 0,00 m"
12-11,"Kopya Zaman","Büyü Kitabı","geri_sarma",1,1,1,1,1,1,1,1,1,1,"başlangıç","başlangıç",19208.00,"boss:Burn+Slow, boss hız x0,70",1.50,1.35,2.67,2.66,3.00,0.00,0.00,"2/9 kare koşu, ayak/gövde hız oranı 1,01","kalıp sonu: merkeze 3,16 m, başlangıçtan 0,00 m, kalıp simülasyonundan 0,00 m, boss 0,16 m kaydı"
12-12,"Akan Zaman","Büyü Kitabı","yuruyen_balon",1,1,1,1,1,1,1,1,1,1,"ön","ön",24224.00,"boss:Slow+Burn, boss hız x0,70",3.00,1.35,4.28,4.20,4.61,0.00,0.00,"","vuruş 5: 0,40s@boss3,00m/oyuncu0,00m 1,47s@boss4,01m/oyuncu0,00m 2,47s@boss3,75m/oyuncu0,00m 3,47s@boss3,45m/oyuncu0,00m 4,51s@boss3,15m/oyuncu0,00m; kalıp sonu: merkeze 3,15 m, başlangıçtan 1,20 m, kalıp simülasyonundan 0,00 m, boss 1,35 m kaydı"
4-4,"Sabit Kalkan","Büyü Kitabı","duvar_dikme",1,1,1,1,1,1,1,1,1,1,"yerinde","yerinde",0.00,"",3.00,1.35,0.32,0.32,0.66,0.00,0.00,"","hasarsız skill (base_damage 0): etki hareketin kendisi; vuruş 1: 0,63s@boss0,62m/oyuncu2,38m; kalıp sonu: merkeze 3,00 m, başlangıçtan 0,00 m, kalıp simülasyonundan 0,00 m"
4-5,"Yayılan Kalkan","Büyü Kitabı","onde_yelpaze",1,1,1,1,1,1,1,1,1,1,"yerinde","yerinde",0.00,"",3.00,1.35,0.67,0.63,1.00,0.00,0.00,"","hasarsız skill (base_damage 0): etki hareketin kendisi; vuruş 1: 0,73s@boss1,88m/oyuncu1,12m; kalıp sonu: merkeze 3,00 m, başlangıçtan 0,00 m, kalıp simülasyonundan 0,00 m"
4-6,"Bağlayıcı Kalkan","Büyü Kitabı","zincirli_firlatma",1,1,1,1,1,1,1,1,1,1,"ön","ön",0.00,"",1.50,1.35,0.73,0.70,1.06,0.00,0.00,"2/4 kare koşu, ayak/gövde hız oranı 0,99","hasarsız skill (base_damage 0): etki hareketin kendisi; vuruş 2: 0,47s@boss0,45m/oyuncu3,45m 0,93s@boss0,47m/oyuncu1,28m; kalıp sonu: merkeze 1,50 m, başlangıçtan 1,50 m, kalıp simülasyonundan 0,00 m"
4-7,"Bulandırıcı Kalkan","Büyü Kitabı","duman_duvari",1,1,1,1,1,1,1,1,1,1,"yerinde","yerinde",0.00,"",2.80,1.35,0.53,0.52,0.87,0.00,0.00,"","hasarsız skill (base_damage 0): etki hareketin kendisi; vuruş 1: 0,53s@boss0,42m/oyuncu2,38m; kalıp sonu: merkeze 2,80 m, başlangıçtan 0,20 m, kalıp simülasyonundan 0,00 m"
4-8,"Yükselen Kalkan","Büyü Kitabı","yerden_buyuyen",1,1,1,1,1,1,1,1,1,1,"yerinde","yerinde",0.00,"",3.00,1.35,0.47,0.42,0.80,0.00,0.00,"","hasarsız skill (base_damage 0): etki hareketin kendisi; vuruş 1: 0,60s@boss6,98m/oyuncu4,33m; kalıp sonu: merkeze 3,18 m, başlangıçtan 0,25 m, kalıp simülasyonundan 0,00 m, kalıp hedefi AllyDummy"
4-9,"Odaklı Kalkan","Büyü Kitabı","koruyucu_isaret",1,1,1,1,1,1,1,1,1,1,"geri","geri",0.00,"",3.00,1.35,0.27,0.20,0.60,0.00,0.00,"0/3 kare koşu","hasarsız skill (base_damage 0): etki hareketin kendisi; vuruş 1: 0,46s@boss3,90m/oyuncu0,35m; kalıp sonu: merkeze 3,61 m, başlangıçtan 0,80 m, kalıp simülasyonundan 0,00 m, kalıp hedefi AllyDummy"
5-4,"Sabit Patlama","Büyü Kitabı","mayin_cakma",1,1,1,1,1,1,1,1,1,1,"yerinde","yerinde",56792.00,"boss:Burn",2.99,1.35,0.47,0.42,0.80,0.00,0.00,"","vuruş 2: 0,53s@boss0,85m/oyuncu2,15m 0,60s@boss0,84m/oyuncu2,15m; kalıp sonu: merkeze 3,64 m, başlangıçtan 0,00 m, kalıp simülasyonundan 0,00 m, boss 0,64 m kaydı"
5-5,"Yayılan Patlama","Büyü Kitabı","yer_yarigi",1,1,1,1,1,1,1,1,1,1,"ön","ön",50232.00,"boss:Burn",1.50,1.35,0.63,0.56,0.96,0.00,0.00,"1/9 kare koşu, ayak/gövde hız oranı 1,00","vuruş 3: 0,67s@boss0,31m/oyuncu1,21m 0,67s@boss0,16m/oyuncu1,36m 0,83s@boss0,22m/oyuncu1,28m; kalıp sonu: merkeze 1,61 m, başlangıçtan 2,30 m, kalıp simülasyonundan 0,49 m, boss 0,87 m kaydı"
5-6,"Bağlayıcı Patlama","Büyü Kitabı","gerilip_kopan",1,1,1,1,1,1,1,1,1,1,"geri","geri",57336.00,"boss:Root+Slow+Burn, boss hız x0,00",1.35,1.35,0.60,0.58,0.94,0.00,0.00,"0/6 kare koşu","vuruş 2: 0,47s@boss0,85m/oyuncu1,15m 0,80s@boss0,86m/oyuncu2,69m; kalıp sonu: merkeze 2,81 m, başlangıçtan 0,50 m, kalıp simülasyonundan 0,01 m, boss 0,69 m kaydı"
5-7,"Bulandırıcı Patlama","Büyü Kitabı","sis_bombasi",1,1,1,1,1,1,1,1,1,1,"yerinde","yerinde",58912.00,"boss:Blind+Burn, oyuncu:Stealth",3.00,1.35,0.27,0.22,0.60,0.00,0.00,"","vuruş 1: 0,47s@boss0,35m/oyuncu3,35m; kalıp sonu: merkeze 3,47 m, başlangıçtan 0,00 m, kalıp simülasyonundan 0,00 m, boss 0,47 m kaydı"
5-8,"Yükselen Patlama","Büyü Kitabı","yerden_fiskirma",1,1,1,1,1,1,1,1,1,1,"ön","ön",59408.00,"boss:Burn+Stun, boss hız x0,00",2.60,1.35,0.47,0.44,0.80,0.00,0.00,"","vuruş 1: 0,60s@boss0,00m/oyuncu2,75m; kalıp sonu: merkeze 2,60 m, başlangıçtan 0,40 m, kalıp simülasyonundan 0,00 m"
5-9,"Odaklı Patlama","Büyü Kitabı","gudumlu_top",1,1,1,1,1,1,1,1,1,1,"yerinde","yerinde",92872.00,"boss:Burn",3.03,1.35,0.60,0.56,0.93,0.00,0.00,"","vuruş 1: 0,80s@boss0,01m/oyuncu3,12m; kalıp sonu: merkeze 3,59 m, başlangıçtan 0,00 m, kalıp simülasyonundan 0,00 m, boss 0,59 m kaydı"
6-4,"Sabit Bağ","Büyü Kitabı","karsilikli_kilit",1,1,1,1,1,1,1,1,1,1,"ön","ön",35488.00,"boss:Burn+Root, boss hız x0,00",1.50,1.35,3.27,3.24,3.60,0.00,0.00,"1/4 kare koşu, ayak/gövde hız oranı 0,95","vuruş 1: 0,80s@boss0,41m/oyuncu1,11m; kalıp sonu: merkeze 2,87 m, başlangıçtan 1,57 m, kalıp simülasyonundan 0,07 m, boss 1,43 m kaydı"
6-5,"Yayılan Bağ","Büyü Kitabı","yer_tuzagi",1,1,1,1,1,1,1,1,1,1,"yerinde","yerinde",17968.00,"boss:Burn+Root, boss hız x0,00",3.00,1.35,0.33,0.28,0.67,0.00,0.00,"","vuruş 1: 0,47s@boss0,63m/oyuncu2,38m; kalıp sonu: merkeze 3,64 m, başlangıçtan 0,00 m, kalıp simülasyonundan 0,00 m, boss 0,64 m kaydı"
6-6,"Bağlayıcı Bağ","Büyü Kitabı","iki_uclu",1,1,1,1,1,1,1,1,1,1,"yerinde","yerinde",28848.00,"boss:Root+Slow+Burn, boss hız x0,00",3.01,1.35,0.70,0.65,1.03,0.00,0.00,"","vuruş 1: 0,47s@boss0,26m/oyuncu3,33m; kalıp sonu: merkeze 4,19 m, başlangıçtan 0,00 m, kalıp simülasyonundan 0,00 m, boss 1,19 m kaydı"
6-7,"Bulandırıcı Bağ","Büyü Kitabı","goz_bagi",1,1,1,1,1,1,1,1,1,1,"yerinde","yerinde",18920.00,"boss:Blind+Burn+Root, boss hız x0,00",3.00,1.35,0.13,0.20,0.47,0.00,0.00,"","vuruş 1: 0,47s@boss0,28m/oyuncu3,28m; kalıp sonu: merkeze 3,00 m, başlangıçtan 0,00 m, kalıp simülasyonundan 0,00 m"
6-8,"Yükselen Bağ","Büyü Kitabı","havada_asma",1,1,1,1,1,1,1,1,1,1,"ön","ön",32824.00,"boss:Stun+Burn+Root, boss hız x0,00",1.49,1.35,1.20,1.14,1.53,0.00,0.00,"0/5 kare koşu","vuruş 1: 0,80s@boss1,50m/oyuncu0,00m; kalıp sonu: merkeze 2,65 m, başlangıçtan 1,50 m, kalıp simülasyonundan 0,00 m, boss 1,15 m kaydı"
6-9,"Odaklı Bağ","Büyü Kitabı","zamanli_donma",1,1,1,1,1,1,1,1,1,1,"ön","ön",25736.00,"boss:Burn+Root, boss hız x0,00",1.50,1.35,0.53,0.50,0.87,0.00,0.00,"0/3 kare koşu","vuruş 1: 0,73s@boss0,55m/oyuncu1,28m; kalıp sonu: merkeze 1,50 m, başlangıçtan 1,52 m, kalıp simülasyonundan 0,02 m"
7-4,"Sabit Zafiyet","Büyü Kitabı","mayin_cakma",1,1,1,1,1,1,1,1,1,1,"yerinde","yerinde",22624.00,"boss:Burn",3.02,1.35,0.47,0.42,0.80,0.00,0.00,"","vuruş 2: 0,53s@boss0,85m/oyuncu2,25m 0,60s@boss0,85m/oyuncu2,25m; kalıp sonu: merkeze 3,76 m, başlangıçtan 0,00 m, kalıp simülasyonundan 0,00 m, boss 0,76 m kaydı"
7-5,"Yayılan Zafiyet","Büyü Kitabı","onde_yelpaze",1,1,1,1,1,1,1,1,1,1,"yerinde","yerinde",16808.00,"boss:Burn",3.01,1.35,0.67,0.63,1.00,0.00,0.00,"","vuruş 1: 0,73s@boss1,93m/oyuncu1,12m; kalıp sonu: merkeze 3,84 m, başlangıçtan 0,00 m, kalıp simülasyonundan 0,00 m, boss 0,84 m kaydı"
7-6,"Bağlayıcı Zafiyet","Büyü Kitabı","dost_ip",1,1,1,1,1,1,1,1,1,1,"yerinde","yerinde",25648.00,"boss:Root+Slow+Burn, boss hız x0,00",3.01,1.35,0.67,0.62,1.00,0.00,0.00,"","vuruş 1: 0,47s@boss0,27m/oyuncu3,32m; kalıp sonu: merkeze 4,16 m, başlangıçtan 0,00 m, kalıp simülasyonundan 0,00 m, boss 1,16 m kaydı"
8-4,"Sabit Yükseliş","Büyü Kitabı","totem_dikme",1,1,1,1,1,1,1,1,1,1,"yerinde","yerinde",0.00,"",3.00,1.35,0.33,0.30,0.67,0.00,0.00,"","hasarsız skill (base_damage 0): etki hareketin kendisi; vuruş 1: 0,54s@boss3,10m/oyuncu0,00m; kalıp sonu: merkeze 3,12 m, başlangıçtan 0,15 m, kalıp simülasyonundan 0,00 m, kalıp hedefi AllyDummy"
8-5,"Yayılan Yükseliş","Büyü Kitabı","savas_narasi",1,1,1,1,1,1,1,1,1,1,"yerinde","yerinde",0.00,"",3.00,1.35,0.36,0.36,0.69,0.00,0.00,"","hasarsız skill (base_damage 0): etki hareketin kendisi; vuruş 1: 0,42s@boss3,00m/oyuncu0,00m; kalıp sonu: merkeze 3,00 m, başlangıçtan 0,00 m, kalıp simülasyonundan 0,00 m"
8-6,"Bağlayıcı Yükseliş","Büyü Kitabı","dost_dosta",1,1,1,1,1,1,1,1,1,1,"yan","yan",0.00,"",2.38,1.35,0.53,0.52,0.87,0.00,0.00,"1/4 kare koşu, ayak/gövde hız oranı 0,95","hasarsız skill (base_damage 0): etki hareketin kendisi; vuruş 3: 0,40s@boss4,05m/oyuncu1,22m 0,60s@boss2,84m/oyuncu1,41m 0,73s@boss4,76m/oyuncu2,38m; kalıp sonu: merkeze 2,38 m, başlangıçtan 1,41 m, kalıp simülasyonundan 0,00 m, kalıp hedefi AllyDummy"
9-4,"Sabit Arınma","Büyü Kitabı","yer_tuzagi",1,1,1,1,1,1,1,1,1,1,"yerinde","yerinde",0.00,"oyuncu +16000 can",3.00,1.35,0.33,0.28,0.67,0.00,0.00,"","vuruş 1: 0,47s@boss0,62m/oyuncu2,38m; kalıp sonu: merkeze 3,00 m, başlangıçtan 0,00 m, kalıp simülasyonundan 0,00 m"
9-5,"Yayılan Arınma","Büyü Kitabı","dagilan_yagmur",1,1,1,1,1,1,1,1,1,1,"yerinde","yerinde",0.00,"oyuncu +16000 can",3.00,1.35,0.60,0.58,0.93,0.00,0.00,"","vuruş 1: 0,73s@boss3,00m/oyuncu0,00m; kalıp sonu: merkeze 3,00 m, başlangıçtan 0,00 m, kalıp simülasyonundan 0,00 m, kalıp hedefi AllyDummy"
9-6,"Bağlayıcı Arınma","Büyü Kitabı","iki_uclu",1,1,1,1,1,1,1,1,1,1,"yerinde","yerinde",0.00,"oyuncu +16000 can",3.00,1.35,0.67,0.65,1.00,0.00,0.00,"","vuruş 1: 0,47s@boss6,36m/oyuncu3,87m; kalıp sonu: merkeze 3,00 m, başlangıçtan 0,00 m, kalıp simülasyonundan 0,00 m, kalıp hedefi AllyDummy"
4-10,"Aynalı Kalkan","Büyü Kitabı","sirtta_kapi",1,1,1,1,1,1,1,1,1,1,"ön","ön",24000.00,"",1.80,1.35,0.34,0.32,0.67,0.00,0.00,"0/3 kare koşu","vuruş 2: 0,40s@boss0,93m/oyuncu1,19m 0,53s@boss0,55m/oyuncu2,35m; kalıp sonu: merkeze 1,80 m, başlangıçtan 1,20 m, kalıp simülasyonundan 0,00 m"
4-11,"Kopya Kalkan","Büyü Kitabı","yem_kopya",1,1,1,1,1,1,1,1,1,1,"yerinde","yerinde",0.00,"",3.00,1.35,0.27,0.24,0.60,0.00,0.00,"","hasarsız skill (base_damage 0): etki hareketin kendisi; vuruş 1: 0,40s@boss2,98m/oyuncu1,29m; kalıp sonu: merkeze 3,00 m, başlangıçtan 0,00 m, kalıp simülasyonundan 0,00 m"
4-12,"Akan Kalkan","Büyü Kitabı","basili_siper",1,1,1,1,1,1,1,1,1,1,"geri","geri",0.00,"",3.00,1.35,3.07,3.00,3.40,0.00,0.00,"","hasarsız skill (base_damage 0): etki hareketin kendisi; vuruş 3: 1,07s@boss5,17m/oyuncu2,38m 2,07s@boss5,41m/oyuncu2,38m 3,07s@boss5,66m/oyuncu2,38m; kalıp sonu: merkeze 3,61 m, başlangıçtan 0,80 m, kalıp simülasyonundan 0,00 m, kalıp hedefi AllyDummy"
5-10,"Aynalı Patlama","Büyü Kitabı","karsi_darbe",1,1,1,1,1,1,1,1,1,1,"ön","ön",56336.00,"boss:Burn",1.90,1.35,0.40,0.36,0.74,0.00,0.00,"0/3 kare koşu","vuruş 1: 0,60s@boss0,55m/oyuncu1,36m; kalıp sonu: merkeze 2,17 m, başlangıçtan 1,30 m, kalıp simülasyonundan 0,00 m, boss 0,47 m kaydı"
5-11,"Kopya Patlama","Büyü Kitabı","golge_yankisi",1,1,1,1,1,1,1,1,1,1,"ön","ön",60544.00,"boss:Burn",2.32,1.35,0.53,0.50,0.87,0.00,0.00,"1/3 kare koşu, ayak/gövde hız oranı 1,02","vuruş 2: 0,40s@boss1,18m/oyuncu1,15m 0,73s@boss2,76m/oyuncu1,39m; kalıp sonu: merkeze 3,22 m, başlangıçtan 0,90 m, kalıp simülasyonundan 0,00 m, boss 1,12 m kaydı"
5-12,"Akan Patlama","Büyü Kitabı","patlayan_iz",1,1,1,1,1,1,1,1,1,1,"ön","ön",56504.00,"boss:Burn",2.96,1.35,2.93,3.00,3.27,0.00,0.00,"","vuruş 6: 0,73s@boss2,14m/oyuncu1,53m 1,27s@boss3,18m/oyuncu1,53m 1,73s@boss3,09m/oyuncu1,53m 2,27s@boss2,75m/oyuncu1,53m 2,73s@boss2,42m/oyuncu1,53m 3,27s@boss2,03m/oyuncu1,53m; kalıp sonu: merkeze 3,56 m, başlangıçtan 2,20 m, kalıp simülasyonundan 0,70 m, boss 2,76 m kaydı"
6-10,"Aynalı Bağ","Büyü Kitabı","karsi_darbe",1,1,1,1,1,1,1,1,1,1,"ön","ön",19936.00,"boss:Burn+Root, boss hız x0,00",1.92,1.35,0.40,0.36,0.73,0.00,0.00,"0/3 kare koşu","vuruş 1: 0,60s@boss0,56m/oyuncu1,36m; kalıp sonu: merkeze 2,17 m, başlangıçtan 1,30 m, kalıp simülasyonundan 0,00 m, boss 0,47 m kaydı"
6-11,"Kopya Bağ","Büyü Kitabı","onden_arkadan",1,1,1,1,1,1,1,1,1,1,"ön","ön",35648.00,"boss:Burn+Root, boss hız x0,00",2.29,1.35,0.41,0.34,0.74,0.00,0.00,"0/3 kare koşu","vuruş 2: 0,41s@boss1,19m/oyuncu1,11m 0,54s@boss0,60m/oyuncu3,23m; kalıp sonu: merkeze 3,06 m, başlangıçtan 0,90 m, kalıp simülasyonundan 0,00 m, boss 0,96 m kaydı"
6-12,"Akan Bağ","Büyü Kitabı","cember_sarma",1,1,1,1,1,1,1,1,1,1,"arka","arka",17768.00,"boss:Root+Burn, boss hız x0,00",1.50,1.35,0.93,0.90,1.27,0.00,0.00,"0/11 kare koşu","vuruş 1: 1,13s@boss0,01m/oyuncu2,06m; kalıp sonu: merkeze 2,53 m, başlangıçtan 4,61 m, kalıp simülasyonundan 0,03 m, boss 0,46 m kaydı"
10-4,"Sabit Yansı","Büyü Kitabı","duvar_dikme",1,1,1,1,1,1,1,1,1,1,"yerinde","yerinde",4008.00,"boss:Burn",3.00,1.35,0.33,0.32,0.67,0.00,0.00,"","vuruş 1: 0,53s@boss0,62m/oyuncu2,38m; kalıp sonu: merkeze 3,00 m, başlangıçtan 0,00 m, kalıp simülasyonundan 0,00 m"
10-5,"Yayılan Yansı","Büyü Kitabı","yuruyen_balon",1,1,1,1,1,1,1,1,1,1,"ön","ön",23992.00,"boss:Burn",1.80,1.35,4.27,4.20,4.60,0.00,0.00,"","vuruş 5: 0,40s@boss3,00m/oyuncu0,00m 1,54s@boss2,68m/oyuncu0,00m 2,53s@boss2,38m/oyuncu0,00m 3,53s@boss2,08m/oyuncu0,00m 4,53s@boss1,80m/oyuncu0,00m; kalıp sonu: merkeze 1,80 m, başlangıçtan 1,20 m, kalıp simülasyonundan 0,00 m"
10-6,"Bağlayıcı Yansı","Büyü Kitabı","silaha_kement",1,1,1,1,1,1,1,1,1,1,"yerinde","yerinde",8408.00,"boss:Root+Slow+Burn, boss hız x0,00",3.00,1.35,1.00,0.94,1.33,0.00,0.00,"","vuruş 1: 0,47s@boss0,40m/oyuncu3,40m; kalıp sonu: merkeze 3,00 m, başlangıçtan 0,00 m, kalıp simülasyonundan 0,00 m"
11-4,"Sabit Çağrı","Büyü Kitabı","taret_dikme",1,1,1,1,1,1,1,1,1,1,"yerinde","yerinde",55184.00,"boss:Burn",2.88,1.35,0.60,0.54,0.93,0.00,0.00,"","vuruş 2: 0,53s@boss2,92m/oyuncu0,00m 0,80s@boss0,28m/oyuncu3,23m; kalıp sonu: merkeze 2,97 m, başlangıçtan 0,12 m, kalıp simülasyonundan 0,00 m"
11-5,"Yayılan Çağrı","Büyü Kitabı","dagilan_suru",1,1,1,1,1,1,1,1,1,1,"yerinde","yerinde",93216.00,"boss:Burn",3.00,1.35,0.48,0.42,0.81,0.00,0.00,"","vuruş 3: 0,40s@boss0,35m/oyuncu3,02m 0,48s@boss0,00m/oyuncu3,03m 0,68s@boss0,35m/oyuncu3,09m; kalıp sonu: merkeze 3,08 m, başlangıçtan 0,00 m, kalıp simülasyonundan 0,00 m"
11-6,"Bağlayıcı Çağrı","Büyü Kitabı","muhafiz",1,1,1,1,1,1,1,1,1,1,"yerinde","yerinde",204136.00,"boss:Burn+Root+Slow, boss hız x0,00",2.88,1.35,0.72,0.64,1.03,0.00,0.00,"","vuruş 1: 0,57s@boss2,82m/oyuncu1,20m; kalıp sonu: merkeze 2,97 m, başlangıçtan 0,12 m, kalıp simülasyonundan 0,00 m"
12-4,"Sabit Zaman","Büyü Kitabı","totem_dikme",1,1,1,1,1,1,1,1,1,1,"yerinde","yerinde",113280.00,"boss:Burn+Slow+Stun, boss hız x0,00",2.87,1.35,0.37,0.30,0.65,0.00,0.00,"","vuruş 1: 0,49s@boss2,87m/oyuncu0,00m; kalıp sonu: merkeze 3,40 m, başlangıçtan 0,15 m, kalıp simülasyonundan 0,00 m, boss 0,55 m kaydı"
12-5,"Yayılan Zaman","Büyü Kitabı","genisleyen_halka",1,1,1,1,1,1,1,1,1,1,"yerinde","yerinde",70088.00,"boss:Burn+Slow, boss hız x0,70",3.01,1.35,0.60,0.58,0.88,0.00,0.00,"","vuruş 1: 0,68s@boss3,07m/oyuncu0,00m; kalıp sonu: merkeze 3,71 m, başlangıçtan 0,00 m, kalıp simülasyonundan 0,00 m, boss 0,71 m kaydı"
12-6,"Bağlayıcı Zaman","Büyü Kitabı","iki_uclu",1,1,1,1,1,1,1,1,1,1,"yerinde","yerinde",6392.00,"boss:Burn, oyuncu:Haste, oyuncu hız x1,30",3.01,1.35,0.67,0.65,1.00,0.00,0.00,"","vuruş 1: 0,47s@boss0,28m/oyuncu3,32m; kalıp sonu: merkeze 4,16 m, başlangıçtan 0,00 m, kalıp simülasyonundan 0,00 m, boss 1,16 m kaydı"
7-7,"Bulandırıcı Zafiyet","Büyü Kitabı","sis_bombasi",1,1,1,1,1,1,1,1,1,1,"yerinde","yerinde",16008.00,"boss:Blind+Burn",3.00,1.35,0.26,0.22,0.60,0.00,0.00,"","vuruş 1: 0,46s@boss0,35m/oyuncu3,36m; kalıp sonu: merkeze 3,48 m, başlangıçtan 0,00 m, kalıp simülasyonundan 0,00 m, boss 0,48 m kaydı"
7-8,"Yükselen Zafiyet","Büyü Kitabı","yerden_fiskirma",1,1,1,1,1,1,1,1,1,1,"ön","ön",23216.00,"boss:Burn+Stun, boss hız x0,00",2.60,1.35,0.47,0.44,0.80,0.00,0.00,"","vuruş 1: 0,60s@boss0,00m/oyuncu2,75m; kalıp sonu: merkeze 2,60 m, başlangıçtan 0,40 m, kalıp simülasyonundan 0,00 m"
7-9,"Odaklı Zafiyet","Büyü Kitabı","isaret_patlamasi",1,1,1,1,1,1,1,1,1,1,"yerinde","yerinde",30496.00,"boss:Burn",3.02,1.35,1.93,1.92,2.27,0.00,0.00,"","vuruş 1: 2,13s@boss0,00m/oyuncu3,13m; kalıp sonu: merkeze 3,13 m, başlangıçtan 0,00 m, kalıp simülasyonundan 0,00 m, boss 0,13 m kaydı"
7-10,"Aynalı Zafiyet","Büyü Kitabı","onden_arkadan",1,1,1,1,1,1,1,1,1,1,"ön","ön",26184.00,"boss:Burn",2.34,1.35,0.40,0.34,0.73,0.00,0.00,"0/3 kare koşu","vuruş 2: 0,40s@boss1,24m/oyuncu1,11m 0,53s@boss0,60m/oyuncu3,27m; kalıp sonu: merkeze 3,09 m, başlangıçtan 0,90 m, kalıp simülasyonundan 0,00 m, boss 0,99 m kaydı"
7-11,"Kopya Zafiyet","Büyü Kitabı","golge_yankisi",1,1,1,1,1,1,1,1,1,1,"ön","ön",24368.00,"boss:Burn",2.25,1.35,0.53,0.50,0.87,0.00,0.00,"1/3 kare koşu, ayak/gövde hız oranı 1,02","vuruş 2: 0,40s@boss1,11m/oyuncu1,15m 0,73s@boss2,72m/oyuncu1,39m; kalıp sonu: merkeze 3,17 m, başlangıçtan 0,90 m, kalıp simülasyonundan 0,00 m, boss 1,07 m kaydı"
7-12,"Akan Zafiyet","Büyü Kitabı","basili_isik",1,1,1,1,1,1,1,1,1,1,"ön","ön",39984.00,"boss:Burn",2.90,1.35,3.00,3.00,3.33,0.00,0.00,"","vuruş 6: 0,54s@boss0,19m/oyuncu2,72m 1,07s@boss1,08m/oyuncu2,72m 1,54s@boss1,08m/oyuncu2,72m 2,07s@boss0,91m/oyuncu2,72m 2,53s@boss0,74m/oyuncu2,72m 3,07s@boss0,52m/oyuncu2,72m; kalıp sonu: merkeze 3,17 m, başlangıçtan 1,20 m, kalıp simülasyonundan 0,00 m, boss 1,37 m kaydı"
8-7,"Bulandırıcı Yükseliş","Büyü Kitabı","goz_bagi",1,1,1,1,1,1,1,1,1,1,"yerinde","yerinde",0.00,"",3.00,1.35,0.20,0.20,0.53,0.00,0.00,"","hasarsız skill (base_damage 0): etki hareketin kendisi; vuruş 1: 0,47s@boss0,28m/oyuncu3,28m; kalıp sonu: merkeze 3,00 m, başlangıçtan 0,00 m, kalıp simülasyonundan 0,00 m"
8-8,"Yükselen Yükseliş","Büyü Kitabı","buyuten_kemer",1,1,1,1,1,1,1,1,1,1,"yerinde","yerinde",0.00,"",3.00,1.35,0.47,0.42,0.80,0.00,0.00,"","hasarsız skill (base_damage 0): etki hareketin kendisi; vuruş 1: 0,60s@boss5,04m/oyuncu2,21m; kalıp sonu: merkeze 3,22 m, başlangıçtan 0,30 m, kalıp simülasyonundan 0,00 m, kalıp hedefi AllyDummy"
8-9,"Odaklı Yükseliş","Büyü Kitabı","gudumlu_top",1,1,1,1,1,1,1,1,1,1,"yerinde","yerinde",0.00,"",3.00,1.35,0.60,0.56,0.94,0.00,0.00,"","hasarsız skill (base_damage 0): etki hareketin kendisi; vuruş 1: 0,80s@boss6,98m/oyuncu4,53m; kalıp sonu: merkeze 3,00 m, başlangıçtan 0,00 m, kalıp simülasyonundan 0,00 m, kalıp hedefi AllyDummy"
8-10,"Aynalı Yükseliş","Büyü Kitabı","ters_es",1,1,1,1,1,1,1,1,1,1,"yerinde","yerinde",0.00,"",3.00,1.35,0.47,0.44,0.80,0.00,0.00,"","hasarsız skill (base_damage 0): etki hareketin kendisi; vuruş 2: 0,47s@boss2,60m/oyuncu0,40m 0,67s@boss0,00m/oyuncu3,00m; kalıp sonu: merkeze 3,00 m, başlangıçtan 0,00 m, kalıp simülasyonundan 0,00 m"
8-11,"Kopya Yükseliş","Büyü Kitabı","golge_ulak",1,1,1,1,1,1,1,1,1,1,"yan","yan",0.00,"",2.43,1.35,1.40,1.36,1.73,0.00,0.00,"1/3 kare koşu, ayak/gövde hız oranı 1,00","hasarsız skill (base_damage 0): etki hareketin kendisi; vuruş 2: 0,40s@boss3,26m/oyuncu0,35m 1,60s@boss3,05m/oyuncu1,46m; kalıp sonu: merkeze 2,43 m, başlangıçtan 1,41 m, kalıp simülasyonundan 0,00 m, kalıp hedefi AllyDummy"
8-12,"Akan Yükseliş","Büyü Kitabı","akinti_yolu",1,1,1,1,1,1,1,1,1,1,"geri","geri",0.00,"",3.00,1.35,1.00,0.94,1.33,0.00,0.00,"0/10 kare koşu","hasarsız skill (base_damage 0): etki hareketin kendisi; vuruş 1: 1,13s@boss6,27m/oyuncu2,38m; kalıp sonu: merkeze 4,11 m, başlangıçtan 1,40 m, kalıp simülasyonundan 0,00 m, kalıp hedefi AllyDummy"
9-7,"Bulandırıcı Arınma","Büyü Kitabı","sis_ortusu",1,1,1,1,1,1,1,1,1,1,"yerinde","yerinde",0.00,"oyuncu +16000 can",3.00,1.35,0.33,0.30,0.67,0.00,0.00,"","vuruş 1: 0,47s@boss0,00m/oyuncu3,00m; kalıp sonu: merkeze 3,00 m, başlangıçtan 0,00 m, kalıp simülasyonundan 0,00 m"
9-8,"Yükselen Arınma","Büyü Kitabı","isik_sutunu",1,1,1,1,1,1,1,1,1,1,"yerinde","yerinde",0.00,"oyuncu +16000 can",3.00,1.35,0.53,0.48,0.87,0.00,0.00,"","vuruş 1: 0,67s@boss3,06m/oyuncu0,00m; kalıp sonu: merkeze 3,07 m, başlangıçtan 0,10 m, kalıp simülasyonundan 0,00 m, kalıp hedefi AllyDummy"
9-9,"Odaklı Arınma","Büyü Kitabı","mermi_sondur",1,1,1,1,1,1,1,1,1,1,"yerinde","yerinde",0.00,"oyuncu +16000 can",3.00,1.35,0.40,0.38,0.73,0.00,0.00,"","vuruş 1: 0,60s@boss6,98m/oyuncu4,53m; kalıp sonu: merkeze 3,00 m, başlangıçtan 0,00 m, kalıp simülasyonundan 0,00 m, kalıp hedefi AllyDummy"
9-10,"Aynalı Arınma","Büyü Kitabı","yer_degistir",1,1,1,1,1,1,1,1,1,1,"arka","arka",0.00,"oyuncu +16000 can",1.50,1.35,0.40,0.34,0.73,0.00,0.00,"0/1 kare koşu","vuruş 1: 0,60s@boss0,31m/oyuncu1,19m; kalıp sonu: merkeze 1,50 m, başlangıçtan 4,50 m, kalıp simülasyonundan 0,00 m, ışın 8,34 m konumdan çıkarıldı; tek karede 8,34 m sıçrama (sınır 2,31 m @ 62 ms, t=0,73, ışın tasarım gereği)"
9-11,"Kopya Arınma","Büyü Kitabı","yem_kopya",1,1,1,1,1,1,1,1,1,1,"yerinde","yerinde",0.00,"oyuncu +16000 can, dost +16000 can",3.00,1.35,0.27,0.24,0.60,0.00,0.00,"","vuruş 1: 0,39s@boss2,98m/oyuncu1,29m; kalıp sonu: merkeze 3,00 m, başlangıçtan 0,00 m, kalıp simülasyonundan 0,00 m"
9-12,"Akan Arınma","Büyü Kitabı","nabiz",1,1,1,1,1,1,1,1,1,1,"yerinde","yerinde",0.00,"oyuncu +8000 can, dost +4000 can",3.00,1.35,3.22,3.18,3.56,0.00,0.00,"","vuruş 3: 1,49s@boss3,00m/oyuncu0,00m 2,49s@boss3,00m/oyuncu0,00m 3,49s@boss3,00m/oyuncu0,00m; kalıp sonu: merkeze 3,00 m, başlangıçtan 0,00 m, kalıp simülasyonundan 0,00 m"
10-7,"Bulandırıcı Yansı","Büyü Kitabı","sahte_goruntu",1,1,1,1,1,1,1,1,1,1,"geri","geri",5592.00,"boss:Blind+Burn",3.00,1.35,0.47,0.44,0.80,0.00,0.00,"2/3 kare koşu, ayak/gövde hız oranı 0,94","vuruş 3: 0,40s@boss3,06m/oyuncu1,37m 0,53s@boss3,06m/oyuncu1,37m 0,67s@boss3,67m/oyuncu0,00m; kalıp sonu: merkeze 3,90 m, başlangıçtan 0,90 m, kalıp simülasyonundan 0,00 m"
10-8,"Yükselen Yansı","Büyü Kitabı","yerden_buyuyen",1,1,1,1,1,1,1,1,1,1,"yerinde","yerinde",3232.00,"boss:Burn",2.75,1.35,0.47,0.42,0.80,0.00,0.00,"","vuruş 1: 0,60s@boss0,00m/oyuncu2,80m; kalıp sonu: merkeze 2,75 m, başlangıçtan 0,25 m, kalıp simülasyonundan 0,00 m"
10-9,"Odaklı Yansı","Büyü Kitabı","koruyucu_isaret",1,1,1,1,1,1,1,1,1,1,"ön","ön",3592.00,"boss:Burn",2.20,1.35,0.27,0.20,0.60,0.00,0.00,"0/3 kare koşu","vuruş 1: 0,47s@boss1,85m/oyuncu0,35m; kalıp sonu: merkeze 2,20 m, başlangıçtan 0,80 m, kalıp simülasyonundan 0,00 m"
11-7,"Bulandırıcı Çağrı","Büyü Kitabı","sirt_saplama",1,1,1,1,1,1,1,1,1,1,"yerinde","yerinde",28712.00,"boss:Blind+Burn",3.00,1.35,0.40,0.32,0.73,0.00,0.00,"","vuruş 1: 0,53s@boss0,00m/oyuncu3,04m; kalıp sonu: merkeze 3,07 m, başlangıçtan 0,00 m, kalıp simülasyonundan 0,00 m"
11-8,"Yükselen Çağrı","Büyü Kitabı","dostu_yerden",1,1,1,1,1,1,1,1,1,1,"yan","yan",54632.00,"boss:Burn",2.96,1.35,0.75,0.78,1.16,0.00,0.00,"0/8 kare koşu","vuruş 1: 0,96s@boss2,82m/oyuncu0,95m; kalıp sonu: merkeze 2,99 m, başlangıçtan 0,91 m, kalıp simülasyonundan 0,00 m"
11-9,"Odaklı Çağrı","Büyü Kitabı","pesinden_av",1,1,1,1,1,1,1,1,1,1,"ön","ön",183248.00,"boss:Burn",2.11,1.35,2.46,2.44,2.80,0.00,0.00,"0/2 kare koşu","vuruş 1: 2,66s@boss0,00m/oyuncu2,22m; kalıp sonu: merkeze 2,22 m, başlangıçtan 0,89 m, kalıp simülasyonundan 0,00 m, boss 0,11 m kaydı"
12-7,"Bulandırıcı Zaman","Büyü Kitabı","kum_saati",1,1,1,1,1,1,1,1,1,1,"yerinde","yerinde",42600.00,"boss:Blind+Slow+Burn, boss hız x0,70",3.00,1.35,0.65,0.62,0.98,0.00,0.00,"","vuruş 1: 0,47s@boss0,28m/oyuncu3,28m; kalıp sonu: merkeze 4,09 m, başlangıçtan 0,00 m, kalıp simülasyonundan 0,00 m, boss 1,09 m kaydı"
12-8,"Yükselen Zaman","Büyü Kitabı","isik_sutunu",1,1,1,1,1,1,1,1,1,1,"yerinde","yerinde",2800.00,"boss:Burn, oyuncu:Haste, oyuncu hız x1,50",2.90,1.35,0.53,0.48,0.87,0.00,0.00,"","vuruş 1: 0,67s@boss2,92m/oyuncu0,00m; kalıp sonu: merkeze 2,90 m, başlangıçtan 0,10 m, kalıp simülasyonundan 0,00 m"
12-9,"Odaklı Zaman","Büyü Kitabı","isaret_patlamasi",1,1,1,1,1,1,1,1,1,1,"yerinde","yerinde",2792.00,"boss:Burn+Slow, boss hız x0,70",3.00,1.35,1.93,1.92,2.27,0.00,0.00,"","vuruş 1: 2,13s@boss0,00m/oyuncu3,00m; kalıp sonu: merkeze 3,00 m, başlangıçtan 0,00 m, kalıp simülasyonundan 0,00 m"
1-1,"Yoğun Vuruş","Kılıç","yukle_birak",1,1,1,1,1,1,1,1,1,1,"ön","ön",221232.00,"boss:Burn",1.68,1.35,0.54,0.52,0.94,0.00,0.00,"0/3 kare koşu","vuruş 1: 0,80s@boss0,35m/oyuncu1,53m; kalıp sonu: merkeze 1,90 m, başlangıçtan 1,70 m, kalıp simülasyonundan 0,20 m, boss 0,60 m kaydı"
1-2,"Emici Vuruş","Kılıç","kan_ceken_pence",1,1,1,1,1,1,1,1,1,1,"yerinde","yerinde",156800.00,"boss:Burn, oyuncu +45600 can",1.34,1.35,0.40,0.38,0.80,0.00,0.00,"","vuruş 3: 0,46s@boss1,78m/oyuncu1,02m 0,60s@boss1,20m/oyuncu1,02m 0,73s@boss0,62m/oyuncu1,02m; kalıp sonu: merkeze 1,35 m, başlangıçtan 0,00 m, kalıp simülasyonundan 0,00 m, boss 1,65 m kaydı"
1-3,"Sıçrayan Vuruş","Kılıç","yan_yan_sekme",1,1,1,1,1,1,1,1,1,1,"geri","geri",281584.00,"boss:Burn",2.85,1.35,0.47,0.46,0.87,0.00,0.00,"0/7 kare koşu","vuruş 2: 0,47s@boss0,73m/oyuncu3,52m 0,80s@boss0,74m/oyuncu4,99m; kalıp sonu: merkeze 4,40 m, başlangıçtan 1,30 m, kalıp simülasyonundan 0,12 m, boss 0,98 m kaydı"
1-4,"Sabit Vuruş","Kılıç","yere_cakilan",1,1,1,1,1,1,1,1,1,1,"yerinde","yerinde",165680.00,"boss:Burn",2.85,1.35,0.47,0.42,0.87,0.00,0.00,"","vuruş 1: 0,73s@boss2,85m/oyuncu0,00m; kalıp sonu: merkeze 3,31 m, başlangıçtan 0,20 m, kalıp simülasyonundan 0,00 m, boss 0,51 m kaydı"
1-5,"Yayılan Vuruş","Kılıç","donen_kesik",1,1,1,1,1,1,1,1,1,1,"yerinde","yerinde",217856.00,"boss:Burn",3.02,1.35,0.60,0.55,1.00,0.00,0.00,"","vuruş 1: 0,60s@boss3,07m/oyuncu0,00m; kalıp sonu: merkeze 4,08 m, başlangıçtan 0,00 m, kalıp simülasyonundan 0,00 m, boss 1,08 m kaydı"
1-6,"Bağlayıcı Vuruş","Kılıç","zincirli_firlatma",1,1,1,1,1,1,1,1,1,1,"ön","ön",164424.00,"boss:Root+Slow+Burn, boss hız x0,00",2.65,1.35,0.73,0.70,1.13,0.00,0.00,"2/4 kare koşu, ayak/gövde hız oranı 1,00","vuruş 2: 0,53s@boss0,47m/oyuncu3,49m 1,00s@boss1,57m/oyuncu1,28m; kalıp sonu: merkeze 2,70 m, başlangıçtan 1,50 m, kalıp simülasyonundan 0,00 m, boss 1,20 m kaydı"
2-1,"Yoğun Şifa","Kılıç","tek_dokunus",1,1,1,1,1,1,1,1,1,1,"geri","geri",0.00,"oyuncu +112000 can",3.00,1.35,0.20,0.16,0.67,0.00,0.00,"0/2 kare koşu","vuruş 1: 0,53s@boss3,89m/oyuncu0,68m; kalıp sonu: merkeze 3,42 m, başlangıçtan 0,55 m, kalıp simülasyonundan 0,00 m, kalıp hedefi AllyDummy"
2-2,"Emici Şifa","Kılıç","uzaktan_emme",1,1,1,1,1,1,1,1,1,1,"yerinde","yerinde",53184.00,"oyuncu +84000 can, dost +28000 can",2.65,1.35,2.20,2.16,2.67,0.00,0.00,"","vuruş 4: 1,07s@boss0,19m/oyuncu2,72m 1,60s@boss0,10m/oyuncu2,72m 2,06s@boss0,02m/oyuncu2,72m 2,60s@boss0,07m/oyuncu2,72m; kalıp sonu: merkeze 2,65 m, başlangıçtan 0,35 m, kalıp simülasyonundan 0,00 m"
2-3,"Sıçrayan Şifa","Kılıç","dosttan_dosta",1,1,1,1,1,1,1,1,1,1,"yerinde","yerinde",0.00,"oyuncu +132000 can, dost +36000 can",3.00,1.35,0.60,0.54,1.07,0.00,0.00,"","vuruş 3: 0,60s@boss6,43m/oyuncu3,95m 0,67s@boss6,98m/oyuncu4,53m 0,87s@boss6,88m/oyuncu4,54m; kalıp sonu: merkeze 3,00 m, başlangıçtan 0,00 m, kalıp simülasyonundan 0,00 m, kalıp hedefi AllyDummy"
2-4,"Sabit Şifa","Kılıç","totem_dikme",1,1,1,1,1,1,1,1,1,1,"yerinde","yerinde",0.00,"oyuncu +112000 can",3.00,1.35,0.33,0.30,0.80,0.00,0.00,"","vuruş 1: 0,67s@boss3,10m/oyuncu0,00m; kalıp sonu: merkeze 3,11 m, başlangıçtan 0,15 m, kalıp simülasyonundan 0,00 m, kalıp hedefi AllyDummy"
2-5,"Yayılan Şifa","Kılıç","genisleyen_halka",1,1,1,1,1,1,1,1,1,1,"yerinde","yerinde",0.00,"oyuncu +112000 can",3.00,1.35,0.60,0.58,1.07,0.00,0.00,"","vuruş 1: 0,88s@boss3,00m/oyuncu0,00m; kalıp sonu: merkeze 3,00 m, başlangıçtan 0,00 m, kalıp simülasyonundan 0,00 m"
2-6,"Bağlayıcı Şifa","Kılıç","dostu_kanca",1,1,1,1,1,1,1,1,1,1,"geri","geri",0.00,"oyuncu +112000 can",3.00,1.35,0.53,0.52,0.95,0.00,0.00,"1/6 kare koşu, ayak/gövde hız oranı 1,03","vuruş 1: 0,81s@boss5,80m/oyuncu0,40m; kalıp sonu: merkeze 5,92 m, başlangıçtan 3,40 m, kalıp simülasyonundan 0,00 m, kalıp hedefi AllyDummy"
3-1,"Yoğun Adım","Kılıç","kisa_dash",1,1,1,1,1,1,1,1,1,1,"ön","ön",4008.00,"boss:Burn",1.50,1.35,0.20,0.16,0.60,0.00,0.00,"0/3 kare koşu","kalıp sonu: merkeze 1,50 m, başlangıçtan 1,50 m, kalıp simülasyonundan 0,00 m"
3-2,"Emici Adım","Kılıç","icinden_emme",1,1,1,1,1,1,1,1,1,1,"arka","arka",4008.00,"boss:Burn",0.19,1.35,0.33,0.28,0.73,0.00,0.00,"1/5 kare koşu, ayak/gövde hız oranı 1,02","vuruş 1: 0,53s@boss0,24m/oyuncu1,36m; kalıp sonu: merkeze 2,61 m, başlangıçtan 5,23 m, kalıp simülasyonundan 0,42 m, boss 0,39 m kaydı; gövdeye girdi: merkeze 0,19 m (t=0,47, temas 1,35) geçiş tasarım gereği"
3-3,"Sıçrayan Adım","Kılıç","sekmeli_ziplama",1,1,1,1,1,1,1,1,1,1,"arka","arka",4416.00,"boss:Burn",1.50,1.35,0.40,0.40,0.80,0.00,0.00,"0/6 kare koşu","vuruş 2: 0,53s@boss1,81m/oyuncu0,00m 0,74s@boss1,50m/oyuncu0,00m; kalıp sonu: merkeze 1,50 m, başlangıçtan 4,50 m, kalıp simülasyonundan 0,00 m"
3-4,"Sabit Adım","Kılıç","geri_sarma",1,1,1,1,1,1,1,1,1,1,"başlangıç","başlangıç",18792.00,"boss:Burn",1.50,1.35,2.67,2.66,3.07,0.00,0.00,"1/8 kare koşu, ayak/gövde hız oranı 0,84","kalıp sonu: merkeze 3,00 m, başlangıçtan 0,00 m, kalıp simülasyonundan 0,00 m"
3-5,"Yayılan Adım","Kılıç","dalis_patlamasi",1,1,1,1,1,1,1,1,1,1,"ön","ön",4040.00,"boss:Burn",1.50,1.35,0.47,0.42,0.87,0.00,0.00,"0/4 kare koşu","vuruş 1: 0,67s@boss1,50m/oyuncu0,00m; kalıp sonu: merkeze 1,50 m, başlangıçtan 1,50 m, kalıp simülasyonundan 0,00 m"
3-6,"Bağlayıcı Adım","Kılıç","kanca_cekis",1,1,1,1,1,1,1,1,1,1,"arka","arka",3592.00,"boss:Root+Slow+Burn, boss hız x0,00",1.50,1.35,0.80,0.74,1.20,0.00,0.00,"1/10 kare koşu, ayak/gövde hız oranı 1,02","vuruş 1: 1,00s@boss0,00m/oyuncu1,50m; kalıp sonu: merkeze 1,50 m, başlangıçtan 4,50 m, kalıp simülasyonundan 0,00 m"
4-1,"Yoğun Kalkan","Kılıç","tam_zamanli",1,1,1,1,1,1,1,1,1,1,"yerinde","yerinde",0.00,"",3.00,1.35,0.53,0.50,1.00,0.00,0.00,"","hasarsız skill (base_damage 0): etki hareketin kendisi; vuruş 1: 0,80s@boss0,62m/oyuncu2,38m; kalıp sonu: merkeze 3,00 m, başlangıçtan 0,00 m, kalıp simülasyonundan 0,00 m"
4-2,"Emici Kalkan","Kılıç","kalkan_calma",1,1,1,1,1,1,1,1,1,1,"yerinde","yerinde",76000.00,"",3.00,1.35,0.20,0.20,0.67,0.00,0.00,"","vuruş 1: 0,53s@boss1,73m/oyuncu1,28m; kalıp sonu: merkeze 3,00 m, başlangıçtan 0,00 m, kalıp simülasyonundan 0,00 m"
4-3,"Sıçrayan Kalkan","Kılıç","seken_disk",1,1,1,1,1,1,1,1,1,1,"yerinde","yerinde",0.00,"",3.00,1.35,0.47,0.42,0.89,0.00,0.00,"","hasarsız skill (base_damage 0): etki hareketin kendisi; vuruş 2: 0,56s@boss0,30m/oyuncu3,30m 0,69s@boss3,04m/oyuncu1,43m; kalıp sonu: merkeze 3,00 m, başlangıçtan 0,00 m, kalıp simülasyonundan 0,00 m"
5-1,"Yoğun Patlama","Kılıç","saplanan_fitil",1,1,1,1,1,1,1,1,1,1,"geri","geri",149112.00,"boss:Burn",2.38,1.35,1.60,1.62,2.00,0.00,0.00,"1/6 kare koşu, ayak/gövde hız oranı 1,03","vuruş 2: 0,47s@boss0,85m/oyuncu1,53m 2,00s@boss0,84m/oyuncu2,95m; kalıp sonu: merkeze 3,79 m, başlangıçtan 0,80 m, kalıp simülasyonundan 0,00 m"
5-2,"Emici Patlama","Kılıç","ceken_girdap",1,1,1,1,1,1,1,1,1,1,"yerinde","yerinde",112376.00,"boss:Burn, oyuncu +31675 can",1.34,1.35,1.33,1.32,1.73,0.00,0.00,"","vuruş 3: 1,07s@boss0,00m/oyuncu1,35m 1,53s@boss0,00m/oyuncu1,35m 1,60s@boss0,00m/oyuncu1,35m; kalıp sonu: merkeze 1,35 m, başlangıçtan 0,00 m, kalıp simülasyonundan 0,00 m, boss 1,65 m kaydı"
5-3,"Sıçrayan Patlama","Kılıç","seken_bomba",1,1,1,1,1,1,1,1,1,1,"yerinde","yerinde",174040.00,"boss:Burn",2.98,1.35,0.60,0.58,1.00,0.00,0.00,"","vuruş 3: 0,54s@boss0,42m/oyuncu3,40m 0,67s@boss0,00m/oyuncu3,47m 0,87s@boss0,35m/oyuncu3,90m; kalıp sonu: merkeze 4,05 m, başlangıçtan 0,00 m, kalıp simülasyonundan 0,00 m, boss 1,05 m kaydı"
6-1,"Yoğun Bağ","Kılıç","sinir_noktasi",1,1,1,1,1,1,1,1,1,1,"ön","ön",55024.00,"boss:Burn+Stun, boss hız x0,00",1.48,1.35,0.40,0.34,0.87,0.00,0.00,"0/5 kare koşu","vuruş 1: 0,73s@boss0,89m/oyuncu0,59m; kalıp sonu: merkeze 1,72 m, başlangıçtan 1,78 m, kalıp simülasyonundan 0,28 m, boss 0,50 m kaydı"
6-2,"Emici Bağ","Kılıç","bossu_cek",1,1,1,1,1,1,1,1,1,1,"geri","geri",28632.00,"boss:Burn+Root, boss hız x0,00, oyuncu +7509 can",1.35,1.35,0.47,0.44,0.93,0.00,0.00,"2/5 kare koşu, ayak/gövde hız oranı 1,01","vuruş 1: 0,73s@boss1,57m/oyuncu1,36m; kalıp sonu: merkeze 2,65 m, başlangıçtan 1,60 m, kalıp simülasyonundan 0,00 m, boss 1,95 m kaydı"
6-3,"Sıçrayan Bağ","Kılıç","basip_sekme",1,1,1,1,1,1,1,1,1,1,"başlangıç","başlangıç",48088.00,"boss:Burn+Root, boss hız x0,00",1.66,1.35,0.53,0.52,0.93,0.00,0.00,"0/8 kare koşu","vuruş 1: 0,67s@boss1,50m/oyuncu0,27m; kalıp sonu: merkeze 3,97 m, başlangıçtan 0,20 m, kalıp simülasyonundan 0,00 m, boss 0,78 m kaydı"
1-7,"Bulandırıcı Vuruş","Kılıç","dumandan_cikis",1,1,1,1,1,1,1,1,1,1,"ön","ön",248136.00,"boss:Blind+Burn",1.63,1.35,0.54,0.48,0.93,0.00,0.00,"0/4 kare koşu","vuruş 1: 0,73s@boss0,75m/oyuncu1,36m; kalıp sonu: merkeze 1,91 m, başlangıçtan 1,80 m, kalıp simülasyonundan 0,30 m, boss 0,71 m kaydı"
1-8,"Yükselen Vuruş","Kılıç","havaya_kaldirma",1,1,1,1,1,1,1,1,1,1,"ön","ön",186992.00,"boss:Burn+Stun, boss hız x0,00",1.90,1.35,0.40,0.34,0.80,0.00,0.00,"0/5 kare koşu","vuruş 1: 0,53s@boss1,09m/oyuncu1,28m; kalıp sonu: merkeze 1,90 m, başlangıçtan 1,10 m, kalıp simülasyonundan 0,00 m"
1-9,"Odaklı Vuruş","Kılıç","isarete_vur",1,1,1,1,1,1,1,1,1,1,"ön","ön",266952.00,"boss:Burn",2.05,1.35,0.40,0.38,0.80,0.00,0.00,"0/3 kare koşu","vuruş 1: 0,66s@boss0,92m/oyuncu1,28m; kalıp sonu: merkeze 2,26 m, başlangıçtan 1,35 m, kalıp simülasyonundan 0,00 m, boss 0,61 m kaydı"
2-7,"Bulandırıcı Şifa","Kılıç","sis_ortusu",1,1,1,1,1,1,1,1,1,1,"yerinde","yerinde",0.00,"oyuncu +112000 can",3.02,1.35,0.33,0.30,0.80,0.00,0.00,"","vuruş 1: 0,60s@boss0,00m/oyuncu3,09m; kalıp sonu: merkeze 3,10 m, başlangıçtan 0,00 m, kalıp simülasyonundan 0,00 m"
2-8,"Yükselen Şifa","Kılıç","yerden_buyuyen",1,1,1,1,1,1,1,1,1,1,"yerinde","yerinde",0.00,"oyuncu +112000 can",3.00,1.35,0.47,0.42,0.93,0.00,0.00,"","vuruş 1: 0,73s@boss6,98m/oyuncu4,33m; kalıp sonu: merkeze 3,18 m, başlangıçtan 0,25 m, kalıp simülasyonundan 0,00 m, kalıp hedefi AllyDummy"
2-9,"Odaklı Şifa","Kılıç","koruyucu_isaret",1,0,1,1,1,1,1,1,1,0,"geri","geri",0.00,"",3.00,1.35,0.20,0.20,0.60,0.00,0.00,"0/3 kare koşu","hasar yok, etki görülmedi; vuruş 1: 0,54s@boss3,90m/oyuncu0,35m; kalıp sonu: merkeze 3,61 m, başlangıçtan 0,80 m, kalıp simülasyonundan 0,00 m, kalıp hedefi AllyDummy"
3-7,"Bulandırıcı Adım","Kılıç","duman_kaybolma",1,1,1,1,1,1,1,1,1,1,"ön","ön",5608.00,"boss:Blind+Burn, oyuncu:Stealth",1.50,1.35,0.60,0.59,1.00,0.00,0.00,"1/4 kare koşu, ayak/gövde hız oranı 1,03","vuruş 1: 0,53s@boss1,73m/oyuncu0,00m; kalıp sonu: merkeze 1,50 m, başlangıçtan 1,50 m, kalıp simülasyonundan 0,00 m"
3-8,"Yükselen Adım","Kılıç","sicrayip_cakilma",1,1,1,1,1,1,1,1,1,1,"ön","ön",4024.00,"boss:Burn, oyuncu:Haste, oyuncu hız x1,10",1.50,1.35,0.94,0.82,1.34,0.00,0.00,"0/5 kare koşu","vuruş 1: 1,27s@boss1,50m/oyuncu0,00m; kalıp sonu: merkeze 1,50 m, başlangıçtan 1,50 m, kalıp simülasyonundan 0,00 m"
3-9,"Odaklı Adım","Kılıç","kilitli_adim",1,1,1,1,1,1,1,1,1,1,"arka","arka",3596.00,"boss:Burn",1.50,1.35,0.53,0.48,0.92,0.00,0.00,"0/1 kare koşu","vuruş 1: 0,79s@boss0,00m/oyuncu1,50m; kalıp sonu: merkeze 1,50 m, başlangıçtan 4,50 m, kalıp simülasyonundan 0,00 m; tek karede 4,50 m sıçrama (sınır 2,50 m @ 68 ms, t=0,65, faz adim, blink tasarım gereği)"
7-1,"Yoğun Zafiyet","Kılıç","diken_firlatma",1,1,1,1,1,1,1,1,1,1,"yerinde","yerinde",24584.00,"boss:Burn",3.00,1.35,0.46,0.40,0.93,0.00,0.00,"","vuruş 1: 0,80s@boss0,30m/oyuncu3,30m; kalıp sonu: merkeze 3,47 m, başlangıçtan 0,00 m, kalıp simülasyonundan 0,00 m, boss 0,47 m kaydı"
7-2,"Emici Zafiyet","Kılıç","sokup_cekme",1,1,1,1,1,1,1,1,1,1,"geri","geri",22004.00,"boss:Burn, oyuncu +5003 can",1.35,1.35,0.47,0.44,0.87,0.00,0.00,"2/5 kare koşu, ayak/gövde hız oranı 1,02","vuruş 2: 0,53s@boss0,35m/oyuncu2,98m 0,67s@boss1,52m/oyuncu1,19m; kalıp sonu: merkeze 2,34 m, başlangıçtan 1,30 m, kalıp simülasyonundan 0,00 m, boss 1,96 m kaydı"
7-3,"Sıçrayan Zafiyet","Kılıç","seken_yaratik",1,1,1,1,1,1,1,1,1,1,"yerinde","yerinde",32932.00,"boss:Burn",2.99,1.35,0.67,0.64,1.07,0.00,0.00,"","vuruş 3: 0,60s@boss0,01m/oyuncu3,00m 0,80s@boss0,35m/oyuncu3,66m 0,93s@boss0,35m/oyuncu3,90m; kalıp sonu: merkeze 4,05 m, başlangıçtan 0,00 m, kalıp simülasyonundan 0,00 m, boss 1,05 m kaydı"
8-1,"Yoğun Yükseliş","Kılıç","kuculten_kapi",1,1,1,1,1,1,1,1,1,1,"yerinde","yerinde",0.00,"",3.01,1.35,0.33,0.28,0.80,0.00,0.00,"","hasarsız skill (base_damage 0): etki hareketin kendisi; vuruş 1: 0,60s@boss0,65m/oyuncu2,38m; kalıp sonu: merkeze 3,03 m, başlangıçtan 0,00 m, kalıp simülasyonundan 0,00 m"
8-2,"Emici Yükseliş","Kılıç","kan_muhru",1,1,1,1,1,1,1,1,1,1,"yerinde","yerinde",0.00,"",3.00,1.35,0.34,0.32,0.80,0.00,0.00,"","hasarsız skill (base_damage 0): etki hareketin kendisi; vuruş 1: 0,60s@boss3,00m/oyuncu0,00m; kalıp sonu: merkeze 3,00 m, başlangıçtan 0,00 m, kalıp simülasyonundan 0,00 m"
8-3,"Sıçrayan Yükseliş","Kılıç","pas_verme",1,1,1,1,1,1,1,1,1,1,"yerinde","yerinde",0.00,"",3.00,1.35,0.27,0.24,0.67,0.00,0.00,"","hasarsız skill (base_damage 0): etki hareketin kendisi; vuruş 1: 0,60s@boss6,38m/oyuncu3,90m; kalıp sonu: merkeze 3,00 m, başlangıçtan 0,00 m, kalıp simülasyonundan 0,00 m, kalıp hedefi AllyDummy"
9-1,"Yoğun Arınma","Kılıç","tek_dokunus",1,1,1,1,1,1,1,1,1,1,"geri","geri",0.00,"oyuncu +32000 can",3.00,1.35,0.20,0.16,0.60,0.00,0.00,"0/2 kare koşu","vuruş 1: 0,47s@boss3,89m/oyuncu0,68m; kalıp sonu: merkeze 3,41 m, başlangıçtan 0,55 m, kalıp simülasyonundan 0,00 m, kalıp hedefi AllyDummy"
9-2,"Emici Arınma","Kılıç","cekip_firlat",1,1,1,1,1,1,1,1,1,1,"yerinde","yerinde",0.00,"oyuncu +12000 can, dost +20000 can",3.00,1.35,0.54,0.50,0.93,0.00,0.00,"","vuruş 2: 0,53s@boss2,65m/oyuncu0,35m 0,87s@boss0,30m/oyuncu3,30m; kalıp sonu: merkeze 3,00 m, başlangıçtan 0,00 m, kalıp simülasyonundan 0,00 m"
9-3,"Sıçrayan Arınma","Kılıç","dosttan_dosta",1,1,1,1,1,1,1,1,1,1,"yerinde","yerinde",0.00,"oyuncu +36000 can, dost +16000 can",3.00,1.35,0.60,0.54,1.00,0.00,0.00,"","vuruş 3: 0,53s@boss6,43m/oyuncu3,95m 0,60s@boss6,98m/oyuncu4,53m 0,80s@boss6,88m/oyuncu4,54m; kalıp sonu: merkeze 3,00 m, başlangıçtan 0,00 m, kalıp simülasyonundan 0,00 m, kalıp hedefi AllyDummy"
1-10,"Aynalı Vuruş","Kılıç","sirtta_kapi",1,1,1,1,1,1,1,1,1,1,"ön","ön",11539660.00,"boss:Burn",2.06,1.35,0.34,0.32,0.74,0.00,0.00,"0/3 kare koşu","vuruş 2: 0,47s@boss0,91m/oyuncu1,19m 0,60s@boss0,55m/oyuncu2,82m; kalıp sonu: merkeze 2,58 m, başlangıçtan 1,20 m, kalıp simülasyonundan 0,00 m, boss 0,78 m kaydı"
1-11,"Kopya Vuruş","Kılıç","golge_yankisi",1,1,1,1,1,1,1,1,1,1,"ön","ön",89852.00,"boss:Burn",2.27,1.35,0.53,0.50,0.93,0.00,0.00,"1/3 kare koşu, ayak/gövde hız oranı 1,02","vuruş 2: 0,46s@boss1,12m/oyuncu1,15m 0,80s@boss2,71m/oyuncu1,39m; kalıp sonu: merkeze 3,17 m, başlangıçtan 0,90 m, kalıp simülasyonundan 0,00 m, boss 1,07 m kaydı"
1-12,"Akan Vuruş","Kılıç","basili_seri",1,1,1,1,1,1,1,1,1,1,"ön","ön",38044.00,"boss:Burn",2.88,1.35,3.07,3.00,3.47,0.00,0.00,"","vuruş 6: 0,60s@boss1,74m/oyuncu1,15m 1,13s@boss2,60m/oyuncu1,15m 1,60s@boss2,58m/oyuncu1,15m 2,13s@boss2,37m/oyuncu1,15m 2,60s@boss2,16m/oyuncu1,15m 3,13s@boss1,91m/oyuncu1,15m; kalıp sonu: merkeze 2,97 m, başlangıçtan 1,40 m, kalıp simülasyonundan 0,00 m, boss 1,37 m kaydı"
2-10,"Aynalı Şifa","Kılıç","ters_es",1,1,1,1,1,1,1,1,1,1,"yerinde","yerinde",16800.00,"oyuncu +112000 can",3.00,1.35,0.46,0.44,0.87,0.00,0.00,"","vuruş 2: 0,53s@boss2,60m/oyuncu0,40m 0,73s@boss0,00m/oyuncu3,00m; kalıp sonu: merkeze 3,00 m, başlangıçtan 0,00 m, kalıp simülasyonundan 0,00 m"
2-11,"Kopya Şifa","Kılıç","golge_ulak",1,1,1,1,1,1,1,1,1,1,"yan","yan",0.00,"oyuncu +112000 can, dost +112000 can",2.43,1.35,1.41,1.36,1.87,0.00,0.00,"1/3 kare koşu, ayak/gövde hız oranı 1,00","vuruş 2: 0,54s@boss3,26m/oyuncu0,35m 1,73s@boss3,03m/oyuncu1,46m; kalıp sonu: merkeze 2,43 m, başlangıçtan 1,41 m, kalıp simülasyonundan 0,00 m, kalıp hedefi AllyDummy"
2-12,"Akan Şifa","Kılıç","basili_isik",1,1,1,1,1,1,1,1,1,1,"geri","geri",0.00,"oyuncu +100000 can, dost +20000 can",3.00,1.35,3.07,3.00,3.53,0.00,0.00,"","vuruş 6: 0,67s@boss5,38m/oyuncu2,72m 1,20s@boss5,58m/oyuncu2,72m 1,67s@boss5,75m/oyuncu2,72m 2,20s@boss5,95m/oyuncu2,72m 2,67s@boss6,13m/oyuncu2,72m 3,20s@boss6,33m/oyuncu2,72m; kalıp sonu: merkeze 3,94 m, başlangıçtan 1,20 m, kalıp simülasyonundan 0,00 m, kalıp hedefi AllyDummy"
3-10,"Aynalı Adım","Kılıç","iki_kapi",1,1,1,1,1,1,1,1,1,1,"ön","ön",6400.00,"boss:Burn",1.50,1.35,0.60,0.54,1.01,0.00,0.00,"0/4 kare koşu","vuruş 2: 0,40s@boss3,00m/oyuncu0,00m 0,80s@boss1,50m/oyuncu0,00m; kalıp sonu: merkeze 1,50 m, başlangıçtan 1,50 m, kalıp simülasyonundan 0,00 m"
3-11,"Kopya Adım","Kılıç","yem_kac",1,1,1,1,1,1,1,1,1,1,"geri","geri",5208.00,"boss:Burn",3.00,1.35,0.40,0.40,0.80,0.00,0.00,"0/4 kare koşu","vuruş 1: 0,40s@boss3,00m/oyuncu0,00m; kalıp sonu: merkeze 5,80 m, başlangıçtan 2,80 m, kalıp simülasyonundan 0,00 m"
3-12,"Akan Adım","Kılıç","suzulme",1,1,1,1,1,1,1,1,1,1,"ön","ön",21008.00,"boss:Burn, oyuncu:Haste, oyuncu hız x1,50",1.90,1.35,3.03,3.00,3.43,0.00,0.00,"","kalıp sonu: merkeze 1,90 m, başlangıçtan 1,10 m, kalıp simülasyonundan 0,00 m"
10-1,"Yoğun Yansı","Kılıç","tam_zamanli",1,1,1,1,1,1,1,1,1,1,"yerinde","yerinde",3608.00,"boss:Burn",3.00,1.35,0.54,0.50,1.00,0.00,0.00,"","vuruş 1: 0,80s@boss0,62m/oyuncu2,38m; kalıp sonu: merkeze 3,00 m, başlangıçtan 0,00 m, kalıp simülasyonundan 0,00 m"
10-2,"Emici Yansı","Kılıç","yutan_girdap",1,1,1,1,1,1,1,1,1,1,"yerinde","yerinde",16400.00,"boss:Burn",3.00,1.35,3.20,3.18,3.67,0.00,0.00,"","vuruş 4: 1,33s@boss0,62m/oyuncu2,38m 2,13s@boss0,62m/oyuncu2,38m 2,87s@boss0,62m/oyuncu2,38m 3,60s@boss0,62m/oyuncu2,38m; kalıp sonu: merkeze 3,00 m, başlangıçtan 0,00 m, kalıp simülasyonundan 0,00 m"
10-3,"Sıçrayan Yansı","Kılıç","seken_geri",1,1,1,1,1,1,1,1,1,1,"ön","ön",4404.00,"boss:Burn",1.90,1.35,0.40,0.36,0.87,0.00,0.00,"0/3 kare koşu","vuruş 2: 0,53s@boss0,55m/oyuncu1,53m 0,67s@boss0,00m/oyuncu1,90m; kalıp sonu: merkeze 1,90 m, başlangıçtan 1,10 m, kalıp simülasyonundan 0,00 m"
10-10,"Aynalı Yansı","Kılıç","iki_kapi",1,1,1,1,1,1,1,1,1,1,"ön","ön",0.00,"",1.50,1.35,0.60,0.54,1.07,0.00,0.00,"0/4 kare koşu","hasarsız skill (base_damage 0): etki hareketin kendisi; vuruş 2: 0,47s@boss3,00m/oyuncu0,00m 0,87s@boss1,50m/oyuncu0,00m; kalıp sonu: merkeze 1,50 m, başlangıçtan 1,50 m, kalıp simülasyonundan 0,00 m"
10-11,"Kopya Yansı","Kılıç","yem_kopya",1,1,1,1,1,1,1,1,1,1,"yerinde","yerinde",3596.00,"boss:Burn",2.85,1.35,0.40,0.36,0.87,0.00,0.00,"","vuruş 1: 0,67s@boss2,84m/oyuncu1,29m; kalıp sonu: merkeze 2,85 m, başlangıçtan 0,15 m, kalıp simülasyonundan 0,00 m"
10-12,"Akan Yansı","Kılıç","basili_siper",1,1,1,1,1,1,1,1,1,1,"ön","ön",16084.00,"boss:Burn",2.20,1.35,3.01,3.00,3.48,0.00,0.00,"","vuruş 3: 1,20s@boss0,41m/oyuncu2,38m 2,20s@boss0,14m/oyuncu2,38m 3,21s@boss0,13m/oyuncu2,38m; kalıp sonu: merkeze 2,20 m, başlangıçtan 0,80 m, kalıp simülasyonundan 0,00 m"
11-1,"Yoğun Çağrı","Kılıç","sirt_saplama",1,1,1,1,1,1,1,1,1,1,"ön","ön",36968.00,"boss:Burn",1.92,1.35,0.47,0.46,0.93,0.00,0.00,"0/2 kare koşu","vuruş 1: 0,80s@boss0,00m/oyuncu1,96m; kalıp sonu: merkeze 1,98 m, başlangıçtan 1,10 m, kalıp simülasyonundan 0,00 m"
11-2,"Emici Çağrı","Kılıç","yapisan",1,1,1,1,1,1,1,1,1,1,"yerinde","yerinde",238688.00,"boss:Burn, oyuncu +147240 can",3.00,1.35,5.20,5.18,5.66,0.00,0.00,"","vuruş 6: 0,60s@boss0,20m/oyuncu3,22m 1,58s@boss0,00m/oyuncu3,11m 2,60s@boss0,00m/oyuncu3,11m 3,60s@boss0,00m/oyuncu3,11m 4,60s@boss0,00m/oyuncu3,11m 5,60s@boss0,00m/oyuncu3,11m; kalıp sonu: merkeze 3,11 m, başlangıçtan 0,00 m, kalıp simülasyonundan 0,00 m, boss 0,11 m kaydı"
11-3,"Sıçrayan Çağrı","Kılıç","seken_yaratik",1,1,1,1,1,1,1,1,1,1,"yerinde","yerinde",54668.00,"boss:Burn",3.00,1.35,0.67,0.64,1.13,0.00,0.00,"","vuruş 3: 0,67s@boss0,00m/oyuncu3,04m 0,80s@boss0,35m/oyuncu3,08m 1,00s@boss0,35m/oyuncu3,10m; kalıp sonu: merkeze 3,09 m, başlangıçtan 0,00 m, kalıp simülasyonundan 0,00 m"
11-10,"Aynalı Çağrı","Kılıç","takim_kapisi",1,1,1,1,1,1,1,1,1,1,"ön","ön",56400.00,"boss:Burn, oyuncu:Stasis",2.35,1.35,1.40,1.36,1.87,0.00,0.00,"0/2 kare koşu","vuruş 1: 0,67s@boss2,35m/oyuncu0,00m; kalıp sonu: merkeze 2,35 m, başlangıçtan 0,65 m, kalıp simülasyonundan 0,00 m"
11-11,"Kopya Çağrı","Kılıç","ayna_klonlar",1,1,1,1,1,1,1,1,1,1,"ön","ön",53912.00,"boss:Burn",2.35,1.35,0.67,0.62,1.08,0.00,0.00,"0/2 kare koşu","vuruş 2: 0,76s@boss2,42m/oyuncu1,41m 0,88s@boss2,43m/oyuncu1,41m; kalıp sonu: merkeze 2,44 m, başlangıçtan 0,65 m, kalıp simülasyonundan 0,00 m"
11-12,"Akan Çağrı","Kılıç","kapidan_akin",1,1,1,1,1,1,1,1,1,1,"ön","ön",302668.00,"boss:Burn",2.35,1.35,4.36,4.32,4.83,0.00,0.00,"0/2 kare koşu","vuruş 6: 0,73s@boss0,85m/oyuncu1,55m 1,53s@boss0,00m/oyuncu2,45m 2,33s@boss0,00m/oyuncu2,46m 3,13s@boss0,00m/oyuncu2,46m 3,93s@boss0,00m/oyuncu2,46m 4,74s@boss0,00m/oyuncu2,46m; kalıp sonu: merkeze 2,46 m, başlangıçtan 0,65 m, kalıp simülasyonundan 0,00 m, boss 0,11 m kaydı"
12-1,"Yoğun Zaman","Kılıç","zamanli_donma",1,1,1,1,1,1,1,1,1,1,"ön","ön",3600.00,"boss:Burn+Slow, boss hız x0,70",1.60,1.35,0.53,0.50,0.93,0.00,0.00,"0/3 kare koşu","vuruş 1: 0,80s@boss0,55m/oyuncu1,28m; kalıp sonu: merkeze 1,87 m, başlangıçtan 1,60 m, kalıp simülasyonundan 0,10 m, boss 0,47 m kaydı"
12-2,"Emici Zaman","Kılıç","ceken_girdap",1,1,1,1,1,1,1,1,1,1,"yerinde","yerinde",6804.00,"boss:Burn+Slow, oyuncu:Haste, boss hız x0,70, oyuncu hız x1,30",3.01,1.35,1.33,1.32,1.74,0.00,0.00,"","vuruş 3: 1,07s@boss0,00m/oyuncu3,03m 1,55s@boss0,00m/oyuncu4,10m 1,59s@boss0,00m/oyuncu4,13m; kalıp sonu: merkeze 4,23 m, başlangıçtan 0,00 m, kalıp simülasyonundan 0,00 m, boss 1,23 m kaydı"
12-3,"Sıçrayan Zaman","Kılıç","geri_donen_kure",1,1,1,1,1,1,1,1,1,1,"yerinde","yerinde",4792.00,"boss:Burn+Slow, boss hız x0,70",3.00,1.35,0.53,0.50,1.00,0.00,0.00,"","vuruş 2: 0,60s@boss0,30m/oyuncu3,32m 0,86s@boss1,75m/oyuncu2,04m; kalıp sonu: merkeze 3,99 m, başlangıçtan 0,00 m, kalıp simülasyonundan 0,00 m, boss 0,99 m kaydı"
12-10,"Aynalı Zaman","Kılıç","boss_geri",1,1,1,1,1,1,1,1,1,1,"yerinde","yerinde",4808.00,"boss:Burn+Slow, boss hız x0,70",3.00,1.35,0.51,0.46,0.93,0.00,0.00,"","vuruş 1: 0,56s@boss0,29m/oyuncu3,33m; kalıp sonu: merkeze 3,03 m, başlangıçtan 0,00 m, kalıp simülasyonundan 0,00 m"
12-11,"Kopya Zaman","Kılıç","geri_sarma",1,1,1,1,1,1,1,1,1,1,"başlangıç","başlangıç",18720.00,"boss:Burn+Slow, boss hız x0,70",1.50,1.35,2.72,2.66,3.18,0.00,0.00,"1/8 kare koşu, ayak/gövde hız oranı 1,01","kalıp sonu: merkeze 3,10 m, başlangıçtan 0,00 m, kalıp simülasyonundan 0,00 m, boss 0,10 m kaydı"
12-12,"Akan Zaman","Kılıç","yuruyen_balon",1,1,1,1,1,1,1,1,1,1,"ön","ön",24020.00,"boss:Slow+Burn, boss hız x0,70",3.00,1.35,4.24,4.20,4.65,0.00,0.00,"","vuruş 5: 0,45s@boss3,00m/oyuncu0,00m 1,59s@boss4,00m/oyuncu0,00m 2,61s@boss3,73m/oyuncu0,00m 3,59s@boss3,43m/oyuncu0,00m 4,60s@boss3,15m/oyuncu0,00m; kalıp sonu: merkeze 3,15 m, başlangıçtan 1,20 m, kalıp simülasyonundan 0,00 m, boss 1,35 m kaydı"
4-4,"Sabit Kalkan","Kılıç","duvar_dikme",1,1,1,1,1,1,1,1,1,1,"yerinde","yerinde",0.00,"",3.00,1.35,0.33,0.32,0.80,0.00,0.00,"","hasarsız skill (base_damage 0): etki hareketin kendisi; vuruş 1: 0,66s@boss0,62m/oyuncu2,38m; kalıp sonu: merkeze 3,00 m, başlangıçtan 0,00 m, kalıp simülasyonundan 0,00 m"
4-5,"Yayılan Kalkan","Kılıç","onde_yelpaze",1,1,1,1,1,1,1,1,1,1,"yerinde","yerinde",0.00,"",3.00,1.35,0.65,0.63,1.07,0.00,0.00,"","hasarsız skill (base_damage 0): etki hareketin kendisi; vuruş 1: 0,81s@boss1,88m/oyuncu1,12m; kalıp sonu: merkeze 3,00 m, başlangıçtan 0,00 m, kalıp simülasyonundan 0,00 m"
4-6,"Bağlayıcı Kalkan","Kılıç","zincirli_firlatma",1,1,1,1,1,1,1,1,1,1,"ön","ön",0.00,"",1.50,1.35,0.74,0.70,1.14,0.00,0.00,"2/4 kare koşu, ayak/gövde hız oranı 0,97","hasarsız skill (base_damage 0): etki hareketin kendisi; vuruş 2: 0,53s@boss0,45m/oyuncu3,45m 1,00s@boss0,43m/oyuncu1,28m; kalıp sonu: merkeze 1,50 m, başlangıçtan 1,50 m, kalıp simülasyonundan 0,00 m"
4-7,"Bulandırıcı Kalkan","Kılıç","duman_duvari",1,1,1,1,1,1,1,1,1,1,"yerinde","yerinde",0.00,"",2.80,1.35,0.52,0.52,1.00,0.00,0.00,"","hasarsız skill (base_damage 0): etki hareketin kendisi; vuruş 1: 0,66s@boss0,42m/oyuncu2,38m; kalıp sonu: merkeze 2,80 m, başlangıçtan 0,20 m, kalıp simülasyonundan 0,00 m"
4-8,"Yükselen Kalkan","Kılıç","yerden_buyuyen",1,1,1,1,1,1,1,1,1,1,"yerinde","yerinde",0.00,"",3.00,1.35,0.44,0.42,0.87,0.00,0.00,"","hasarsız skill (base_damage 0): etki hareketin kendisi; vuruş 1: 0,66s@boss6,98m/oyuncu4,33m; kalıp sonu: merkeze 3,18 m, başlangıçtan 0,25 m, kalıp simülasyonundan 0,00 m, kalıp hedefi AllyDummy"
4-9,"Odaklı Kalkan","Kılıç","koruyucu_isaret",1,1,1,1,1,1,1,1,1,1,"geri","geri",0.00,"",3.00,1.35,0.28,0.20,0.73,0.00,0.00,"0/3 kare koşu","hasarsız skill (base_damage 0): etki hareketin kendisi; vuruş 1: 0,58s@boss3,88m/oyuncu0,35m; kalıp sonu: merkeze 3,61 m, başlangıçtan 0,80 m, kalıp simülasyonundan 0,00 m, kalıp hedefi AllyDummy"
5-4,"Sabit Patlama","Kılıç","mayin_cakma",1,1,1,1,1,1,1,1,1,1,"yerinde","yerinde",119060.00,"boss:Burn",3.00,1.35,0.47,0.42,0.87,0.00,0.00,"","vuruş 2: 0,60s@boss0,85m/oyuncu2,15m 0,67s@boss0,86m/oyuncu2,15m; kalıp sonu: merkeze 3,64 m, başlangıçtan 0,00 m, kalıp simülasyonundan 0,00 m, boss 0,64 m kaydı"
5-5,"Yayılan Patlama","Kılıç","yer_yarigi",1,1,1,1,1,1,1,1,1,1,"ön","ön",114568.00,"boss:Burn",1.50,1.35,0.57,0.56,0.98,0.00,0.00,"0/7 kare koşu","vuruş 3: 0,67s@boss0,31m/oyuncu1,25m 0,74s@boss0,19m/oyuncu1,36m 0,93s@boss0,23m/oyuncu1,28m; kalıp sonu: merkeze 1,54 m, başlangıçtan 2,95 m, kalıp simülasyonundan 0,88 m, boss 0,93 m kaydı"
5-6,"Bağlayıcı Patlama","Kılıç","gerilip_kopan",1,1,1,1,1,1,1,1,1,1,"geri","geri",120612.00,"boss:Root+Slow+Burn, boss hız x0,00",1.35,1.35,0.60,0.58,1.00,0.00,0.00,"0/6 kare koşu","vuruş 2: 0,54s@boss0,85m/oyuncu1,14m 0,87s@boss0,85m/oyuncu2,67m; kalıp sonu: merkeze 2,80 m, başlangıçtan 0,50 m, kalıp simülasyonundan 0,00 m, boss 0,70 m kaydı"
5-7,"Bulandırıcı Patlama","Kılıç","sis_bombasi",1,1,1,1,1,1,1,1,1,1,"yerinde","yerinde",167256.00,"boss:Blind+Burn, oyuncu:Stealth",2.99,1.35,0.27,0.22,0.67,0.00,0.00,"","vuruş 1: 0,53s@boss0,36m/oyuncu3,35m; kalıp sonu: merkeze 3,47 m, başlangıçtan 0,00 m, kalıp simülasyonundan 0,00 m, boss 0,47 m kaydı"
5-8,"Yükselen Patlama","Kılıç","yerden_fiskirma",1,1,1,1,1,1,1,1,1,1,"ön","ön",126032.00,"boss:Burn+Stun, boss hız x0,00",2.59,1.35,0.47,0.44,0.87,0.00,0.00,"","vuruş 1: 0,67s@boss0,00m/oyuncu2,75m; kalıp sonu: merkeze 2,60 m, başlangıçtan 0,40 m, kalıp simülasyonundan 0,00 m"
5-9,"Odaklı Patlama","Kılıç","gudumlu_top",1,1,1,1,1,1,1,1,1,1,"yerinde","yerinde",198692.00,"boss:Burn",3.04,1.35,0.61,0.56,1.01,0.00,0.00,"","vuruş 1: 0,88s@boss0,01m/oyuncu3,18m; kalıp sonu: merkeze 3,66 m, başlangıçtan 0,00 m, kalıp simülasyonundan 0,00 m, boss 0,66 m kaydı"
6-4,"Sabit Bağ","Kılıç","karsilikli_kilit",1,1,1,1,1,1,1,1,1,1,"ön","ön",43844.00,"boss:Burn+Root, boss hız x0,00",1.50,1.35,3.27,3.24,3.73,0.00,0.00,"1/4 kare koşu, ayak/gövde hız oranı 0,94","vuruş 1: 0,93s@boss0,41m/oyuncu1,11m; kalıp sonu: merkeze 2,86 m, başlangıçtan 1,59 m, kalıp simülasyonundan 0,09 m, boss 1,46 m kaydı"
6-5,"Yayılan Bağ","Kılıç","yer_tuzagi",1,1,1,1,1,1,1,1,1,1,"yerinde","yerinde",25172.00,"boss:Burn+Root, boss hız x0,00",2.99,1.35,0.34,0.28,0.80,0.00,0.00,"","vuruş 1: 0,60s@boss0,61m/oyuncu2,38m; kalıp sonu: merkeze 3,64 m, başlangıçtan 0,00 m, kalıp simülasyonundan 0,00 m, boss 0,64 m kaydı"
6-6,"Bağlayıcı Bağ","Kılıç","iki_uclu",1,1,1,1,1,1,1,1,1,1,"yerinde","yerinde",32144.00,"boss:Root+Slow+Burn, boss hız x0,00",3.02,1.35,0.67,0.65,1.07,0.00,0.00,"","vuruş 1: 0,54s@boss0,27m/oyuncu3,36m; kalıp sonu: merkeze 4,21 m, başlangıçtan 0,00 m, kalıp simülasyonundan 0,00 m, boss 1,21 m kaydı"
6-7,"Bulandırıcı Bağ","Kılıç","goz_bagi",1,1,1,1,1,1,1,1,1,1,"yerinde","yerinde",27520.00,"boss:Blind+Burn+Root, boss hız x0,00",3.00,1.35,0.26,0.20,0.69,0.00,0.00,"","vuruş 1: 0,56s@boss0,28m/oyuncu3,28m; kalıp sonu: merkeze 3,47 m, başlangıçtan 0,00 m, kalıp simülasyonundan 0,00 m, boss 0,47 m kaydı"
6-8,"Yükselen Bağ","Kılıç","havada_asma",1,1,1,1,1,1,1,1,1,1,"ön","ön",33188.00,"boss:Stun+Burn+Root, boss hız x0,00",1.49,1.35,1.13,1.14,1.60,0.00,0.00,"0/5 kare koşu","vuruş 1: 0,93s@boss1,50m/oyuncu0,00m; kalıp sonu: merkeze 2,61 m, başlangıçtan 1,50 m, kalıp simülasyonundan 0,00 m, boss 1,11 m kaydı"
6-9,"Odaklı Bağ","Kılıç","zamanli_donma",1,1,1,1,1,1,1,1,1,1,"ön","ön",42004.00,"boss:Burn+Root, boss hız x0,00",1.50,1.35,0.53,0.50,1.00,0.00,0.00,"0/3 kare koşu","vuruş 1: 0,86s@boss0,56m/oyuncu1,28m; kalıp sonu: merkeze 1,50 m, başlangıçtan 1,53 m, kalıp simülasyonundan 0,03 m"
7-4,"Sabit Zafiyet","Kılıç","mayin_cakma",1,1,1,1,1,1,1,1,1,1,"yerinde","yerinde",20612.00,"boss:Burn",3.04,1.35,0.47,0.42,0.93,0.00,0.00,"","vuruş 2: 0,67s@boss0,85m/oyuncu2,32m 0,73s@boss0,85m/oyuncu2,32m; kalıp sonu: merkeze 3,82 m, başlangıçtan 0,00 m, kalıp simülasyonundan 0,00 m, boss 0,82 m kaydı"
7-5,"Yayılan Zafiyet","Kılıç","onde_yelpaze",1,1,1,1,1,1,1,1,1,1,"yerinde","yerinde",19076.00,"boss:Burn",3.01,1.35,0.66,0.63,1.12,0.00,0.00,"","vuruş 1: 0,86s@boss1,96m/oyuncu1,12m; kalıp sonu: merkeze 3,87 m, başlangıçtan 0,00 m, kalıp simülasyonundan 0,00 m, boss 0,87 m kaydı"
7-6,"Bağlayıcı Zafiyet","Kılıç","dost_ip",1,1,1,1,1,1,1,1,1,1,"yerinde","yerinde",24308.00,"boss:Root+Slow+Burn, boss hız x0,00",3.02,1.35,0.67,0.62,1.13,0.00,0.00,"","vuruş 1: 0,60s@boss0,26m/oyuncu3,35m; kalıp sonu: merkeze 4,19 m, başlangıçtan 0,00 m, kalıp simülasyonundan 0,00 m, boss 1,19 m kaydı"
8-4,"Sabit Yükseliş","Kılıç","totem_dikme",1,1,1,1,1,1,1,1,1,1,"yerinde","yerinde",0.00,"",3.00,1.35,0.33,0.30,0.73,0.00,0.00,"","hasarsız skill (base_damage 0): etki hareketin kendisi; vuruş 1: 0,60s@boss3,10m/oyuncu0,00m; kalıp sonu: merkeze 3,12 m, başlangıçtan 0,15 m, kalıp simülasyonundan 0,00 m, kalıp hedefi AllyDummy"
8-5,"Yayılan Yükseliş","Kılıç","savas_narasi",1,1,1,1,1,1,1,1,1,1,"yerinde","yerinde",0.00,"",3.00,1.35,0.40,0.36,0.86,0.00,0.00,"","hasarsız skill (base_damage 0): etki hareketin kendisi; vuruş 1: 0,59s@boss3,00m/oyuncu0,00m; kalıp sonu: merkeze 3,00 m, başlangıçtan 0,00 m, kalıp simülasyonundan 0,00 m"
8-6,"Bağlayıcı Yükseliş","Kılıç","dost_dosta",1,1,1,1,1,1,1,1,1,1,"yan","yan",0.00,"",2.38,1.35,0.53,0.52,0.94,0.00,0.00,"1/4 kare koşu, ayak/gövde hız oranı 0,85","hasarsız skill (base_damage 0): etki hareketin kendisi; vuruş 3: 0,47s@boss4,05m/oyuncu1,22m 0,60s@boss2,64m/oyuncu1,41m 0,80s@boss4,76m/oyuncu2,38m; kalıp sonu: merkeze 2,38 m, başlangıçtan 1,41 m, kalıp simülasyonundan 0,00 m, kalıp hedefi AllyDummy"
9-4,"Sabit Arınma","Kılıç","yer_tuzagi",1,1,1,1,1,1,1,1,1,1,"yerinde","yerinde",0.00,"oyuncu +32000 can",3.00,1.35,0.33,0.28,0.69,0.00,0.00,"","vuruş 1: 0,49s@boss0,62m/oyuncu2,38m; kalıp sonu: merkeze 3,00 m, başlangıçtan 0,00 m, kalıp simülasyonundan 0,00 m"
9-5,"Yayılan Arınma","Kılıç","dagilan_yagmur",1,1,1,1,1,1,1,1,1,1,"yerinde","yerinde",0.00,"oyuncu +32000 can",3.00,1.35,0.60,0.58,1.00,0.00,0.00,"","vuruş 1: 0,73s@boss3,00m/oyuncu0,00m; kalıp sonu: merkeze 3,00 m, başlangıçtan 0,00 m, kalıp simülasyonundan 0,00 m, kalıp hedefi AllyDummy"
9-6,"Bağlayıcı Arınma","Kılıç","iki_uclu",1,1,1,1,1,1,1,1,1,1,"yerinde","yerinde",0.00,"oyuncu +32000 can",3.00,1.35,0.66,0.65,1.07,0.00,0.00,"","vuruş 1: 0,53s@boss6,34m/oyuncu3,85m; kalıp sonu: merkeze 3,00 m, başlangıçtan 0,00 m, kalıp simülasyonundan 0,00 m, kalıp hedefi AllyDummy"
4-10,"Aynalı Kalkan","Kılıç","sirtta_kapi",1,1,1,1,1,1,1,1,1,1,"ön","ön",24000.00,"",1.80,1.35,0.32,0.32,0.74,0.00,0.00,"0/3 kare koşu","vuruş 2: 0,47s@boss1,03m/oyuncu1,19m 0,60s@boss0,55m/oyuncu2,35m; kalıp sonu: merkeze 1,80 m, başlangıçtan 1,20 m, kalıp simülasyonundan 0,00 m"
4-11,"Kopya Kalkan","Kılıç","yem_kopya",1,1,1,1,1,1,1,1,1,1,"yerinde","yerinde",0.00,"",3.00,1.35,0.27,0.24,0.73,0.00,0.00,"","hasarsız skill (base_damage 0): etki hareketin kendisi; vuruş 1: 0,60s@boss2,98m/oyuncu1,29m; kalıp sonu: merkeze 3,00 m, başlangıçtan 0,00 m, kalıp simülasyonundan 0,00 m"
4-12,"Akan Kalkan","Kılıç","basili_siper",1,1,1,1,1,1,1,1,1,1,"geri","geri",0.00,"",3.00,1.35,3.06,3.00,3.47,0.00,0.00,"","hasarsız skill (base_damage 0): etki hareketin kendisi; vuruş 3: 1,14s@boss5,17m/oyuncu2,38m 2,14s@boss5,41m/oyuncu2,38m 3,13s@boss5,66m/oyuncu2,38m; kalıp sonu: merkeze 3,61 m, başlangıçtan 0,80 m, kalıp simülasyonundan 0,00 m, kalıp hedefi AllyDummy"
5-10,"Aynalı Patlama","Kılıç","karsi_darbe",1,1,1,1,1,1,1,1,1,1,"ön","ön",118540.00,"boss:Burn",1.93,1.35,0.40,0.36,0.80,0.00,0.00,"0/3 kare koşu","vuruş 1: 0,67s@boss0,57m/oyuncu1,36m; kalıp sonu: merkeze 2,17 m, başlangıçtan 1,30 m, kalıp simülasyonundan 0,00 m, boss 0,47 m kaydı"
5-11,"Kopya Patlama","Kılıç","golge_yankisi",1,1,1,1,1,1,1,1,1,1,"ön","ön",114096.00,"boss:Burn",2.32,1.35,0.53,0.50,0.94,0.00,0.00,"1/3 kare koşu, ayak/gövde hız oranı 1,02","vuruş 2: 0,47s@boss1,17m/oyuncu1,15m 0,80s@boss2,78m/oyuncu1,39m; kalıp sonu: merkeze 3,25 m, başlangıçtan 0,90 m, kalıp simülasyonundan 0,00 m, boss 1,15 m kaydı"
5-12,"Akan Patlama","Kılıç","patlayan_iz",1,1,1,1,1,1,1,1,1,1,"ön","ön",104008.00,"boss:Burn",2.97,1.35,3.02,3.00,3.42,0.00,0.00,"","vuruş 6: 0,80s@boss2,14m/oyuncu1,53m 1,34s@boss3,48m/oyuncu1,53m 1,82s@boss4,25m/oyuncu1,53m 2,35s@boss4,10m/oyuncu1,53m 2,82s@boss3,80m/oyuncu1,53m 3,29s@boss3,47m/oyuncu1,53m; kalıp sonu: merkeze 4,97 m, başlangıçtan 2,20 m, kalıp simülasyonundan 0,70 m, boss 4,17 m kaydı"
6-10,"Aynalı Bağ","Kılıç","karsi_darbe",1,1,1,1,1,1,1,1,1,1,"ön","ön",41264.00,"boss:Burn+Root, boss hız x0,00",1.92,1.35,0.39,0.36,0.87,0.00,0.00,"0/3 kare koşu","vuruş 1: 0,73s@boss0,56m/oyuncu1,36m; kalıp sonu: merkeze 2,17 m, başlangıçtan 1,30 m, kalıp simülasyonundan 0,00 m, boss 0,47 m kaydı"
6-11,"Kopya Bağ","Kılıç","onden_arkadan",1,1,1,1,1,1,1,1,1,1,"ön","ön",56320.00,"boss:Burn+Root, boss hız x0,00",2.35,1.35,0.40,0.34,0.80,0.00,0.00,"0/3 kare koşu","vuruş 2: 0,47s@boss1,25m/oyuncu1,11m 0,60s@boss0,60m/oyuncu3,28m; kalıp sonu: merkeze 3,11 m, başlangıçtan 0,90 m, kalıp simülasyonundan 0,00 m, boss 1,01 m kaydı"
6-12,"Akan Bağ","Kılıç","cember_sarma",1,1,1,1,1,1,1,1,1,1,"arka","arka",27416.00,"boss:Burn+Root, boss hız x0,00",1.50,1.35,0.93,0.90,1.40,0.00,0.00,"0/11 kare koşu","vuruş 1: 1,27s@boss0,01m/oyuncu2,06m; kalıp sonu: merkeze 2,54 m, başlangıçtan 4,61 m, kalıp simülasyonundan 0,03 m, boss 0,46 m kaydı"
10-4,"Sabit Yansı","Kılıç","duvar_dikme",1,1,1,1,1,1,1,1,1,1,"yerinde","yerinde",3224.00,"boss:Burn",3.00,1.35,0.40,0.32,0.86,0.00,0.00,"","vuruş 1: 0,66s@boss0,62m/oyuncu2,38m; kalıp sonu: merkeze 3,00 m, başlangıçtan 0,00 m, kalıp simülasyonundan 0,00 m"
10-5,"Yayılan Yansı","Kılıç","yuruyen_balon",1,1,1,1,1,1,1,1,1,1,"ön","ön",23984.00,"boss:Burn",1.80,1.35,4.20,4.20,4.67,0.00,0.00,"","vuruş 5: 0,53s@boss3,00m/oyuncu0,00m 1,60s@boss2,70m/oyuncu0,00m 2,67s@boss2,38m/oyuncu0,00m 3,60s@boss2,10m/oyuncu0,00m 4,60s@boss1,80m/oyuncu0,00m; kalıp sonu: merkeze 1,80 m, başlangıçtan 1,20 m, kalıp simülasyonundan 0,00 m"
10-6,"Bağlayıcı Yansı","Kılıç","silaha_kement",1,1,1,1,1,1,1,1,1,1,"yerinde","yerinde",7400.00,"boss:Root+Slow+Burn, boss hız x0,00",3.00,1.35,1.06,0.94,1.52,0.00,0.00,"","vuruş 1: 0,60s@boss0,40m/oyuncu3,40m; kalıp sonu: merkeze 3,00 m, başlangıçtan 0,00 m, kalıp simülasyonundan 0,00 m"
11-4,"Sabit Çağrı","Kılıç","taret_dikme",1,1,1,1,1,1,1,1,1,1,"ön","ön",29496.00,"boss:Burn",2.35,1.35,0.52,0.54,0.92,0.00,0.00,"0/2 kare koşu","vuruş 2: 0,60s@boss2,39m/oyuncu0,00m 0,87s@boss0,28m/oyuncu2,70m; kalıp sonu: merkeze 2,43 m, başlangıçtan 0,65 m, kalıp simülasyonundan 0,00 m"
11-5,"Yayılan Çağrı","Kılıç","dagilan_suru",1,1,1,1,1,1,1,1,1,1,"yerinde","yerinde",90192.00,"boss:Burn",3.00,1.35,0.48,0.42,0.88,0.00,0.00,"","vuruş 3: 0,47s@boss0,35m/oyuncu3,02m 0,55s@boss0,00m/oyuncu3,03m 0,75s@boss0,35m/oyuncu3,09m; kalıp sonu: merkeze 3,08 m, başlangıçtan 0,00 m, kalıp simülasyonundan 0,00 m"
11-6,"Bağlayıcı Çağrı","Kılıç","muhafiz",1,1,1,1,1,1,1,1,1,1,"ön","ön",164736.00,"boss:Burn+Root+Slow, boss hız x0,00",2.35,1.35,0.65,0.64,1.07,0.00,0.00,"0/2 kare koşu","vuruş 1: 0,62s@boss2,34m/oyuncu1,20m; kalıp sonu: merkeze 2,44 m, başlangıçtan 0,65 m, kalıp simülasyonundan 0,00 m"
12-4,"Sabit Zaman","Kılıç","totem_dikme",1,1,1,1,1,1,1,1,1,1,"yerinde","yerinde",111832.00,"boss:Burn+Slow+Stun, boss hız x0,00",2.86,1.35,0.34,0.30,0.76,0.00,0.00,"","vuruş 1: 0,62s@boss2,86m/oyuncu0,00m; kalıp sonu: merkeze 3,32 m, başlangıçtan 0,15 m, kalıp simülasyonundan 0,00 m, boss 0,47 m kaydı"
12-5,"Yayılan Zaman","Kılıç","genisleyen_halka",1,1,1,1,1,1,1,1,1,1,"yerinde","yerinde",44288.00,"boss:Burn+Slow, boss hız x0,70",3.02,1.35,0.60,0.58,1.02,0.00,0.00,"","vuruş 1: 0,82s@boss3,08m/oyuncu0,00m; kalıp sonu: merkeze 3,72 m, başlangıçtan 0,00 m, kalıp simülasyonundan 0,00 m, boss 0,72 m kaydı"
12-6,"Bağlayıcı Zaman","Kılıç","iki_uclu",1,1,1,1,1,1,1,1,1,1,"yerinde","yerinde",5624.00,"boss:Burn, oyuncu:Haste, oyuncu hız x1,30",3.01,1.35,0.67,0.65,1.13,0.00,0.00,"","vuruş 1: 0,60s@boss0,28m/oyuncu3,35m; kalıp sonu: merkeze 4,19 m, başlangıçtan 0,00 m, kalıp simülasyonundan 0,00 m, boss 1,19 m kaydı"
7-7,"Bulandırıcı Zafiyet","Kılıç","sis_bombasi",1,1,1,1,1,1,1,1,1,1,"yerinde","yerinde",19720.00,"boss:Blind+Burn",3.00,1.35,0.26,0.22,0.73,0.00,0.00,"","vuruş 1: 0,61s@boss0,36m/oyuncu3,36m; kalıp sonu: merkeze 3,44 m, başlangıçtan 0,00 m, kalıp simülasyonundan 0,00 m, boss 0,44 m kaydı"
7-8,"Yükselen Zafiyet","Kılıç","yerden_fiskirma",1,1,1,1,1,1,1,1,1,1,"ön","ön",21056.00,"boss:Burn+Stun, boss hız x0,00",2.60,1.35,0.47,0.44,0.93,0.00,0.00,"","vuruş 1: 0,73s@boss0,00m/oyuncu2,75m; kalıp sonu: merkeze 2,60 m, başlangıçtan 0,40 m, kalıp simülasyonundan 0,00 m"
7-9,"Odaklı Zafiyet","Kılıç","isaret_patlamasi",1,1,1,1,1,1,1,1,1,1,"yerinde","yerinde",36520.00,"boss:Burn",3.04,1.35,1.94,1.92,2.34,0.00,0.00,"","vuruş 1: 2,20s@boss0,00m/oyuncu3,20m; kalıp sonu: merkeze 3,20 m, başlangıçtan 0,00 m, kalıp simülasyonundan 0,00 m, boss 0,20 m kaydı"
7-10,"Aynalı Zafiyet","Kılıç","onden_arkadan",1,1,1,1,1,1,1,1,1,1,"ön","ön",27600.00,"boss:Burn",2.36,1.35,0.40,0.34,0.86,0.00,0.00,"0/3 kare koşu","vuruş 2: 0,53s@boss1,26m/oyuncu1,11m 0,66s@boss0,60m/oyuncu3,31m; kalıp sonu: merkeze 3,13 m, başlangıçtan 0,90 m, kalıp simülasyonundan 0,00 m, boss 1,03 m kaydı"
7-11,"Kopya Zafiyet","Kılıç","golge_yankisi",1,1,1,1,1,1,1,1,1,1,"ön","ön",27760.00,"boss:Burn",2.29,1.35,0.54,0.50,1.00,0.00,0.00,"1/3 kare koşu, ayak/gövde hız oranı 1,01","vuruş 2: 0,53s@boss1,15m/oyuncu1,15m 0,87s@boss2,72m/oyuncu1,39m; kalıp sonu: merkeze 3,18 m, başlangıçtan 0,90 m, kalıp simülasyonundan 0,00 m, boss 1,08 m kaydı"
7-12,"Akan Zafiyet","Kılıç","basili_isik",1,1,1,1,1,1,1,1,1,1,"ön","ön",40936.00,"boss:Burn",2.91,1.35,3.06,3.00,3.46,0.00,0.00,"","vuruş 6: 0,60s@boss0,19m/oyuncu2,72m 1,13s@boss1,08m/oyuncu2,72m 1,60s@boss1,08m/oyuncu2,72m 2,13s@boss0,92m/oyuncu2,72m 2,60s@boss0,74m/oyuncu2,72m 3,13s@boss0,53m/oyuncu2,72m; kalıp sonu: merkeze 3,17 m, başlangıçtan 1,20 m, kalıp simülasyonundan 0,00 m, boss 1,37 m kaydı"
8-7,"Bulandırıcı Yükseliş","Kılıç","goz_bagi",1,1,1,1,1,1,1,1,1,1,"yerinde","yerinde",0.00,"",3.00,1.35,0.20,0.20,0.67,0.00,0.00,"","hasarsız skill (base_damage 0): etki hareketin kendisi; vuruş 1: 0,60s@boss0,28m/oyuncu3,28m; kalıp sonu: merkeze 3,00 m, başlangıçtan 0,00 m, kalıp simülasyonundan 0,00 m"
8-8,"Yükselen Yükseliş","Kılıç","buyuten_kemer",1,1,1,1,1,1,0,1,1,0,"yerinde","yerinde",0.00,"",3.00,1.35,0.11,0.42,0.77,0.00,0.00,"","hasarsız skill (base_damage 0): etki hareketin kendisi; vuruş 1: 0,66s@boss5,08m/oyuncu2,21m; kalıp sonu: merkeze 3,22 m, başlangıçtan 0,30 m, kalıp simülasyonundan 0,00 m, kalıp hedefi AllyDummy; kalıp bang'den 0,26 sn sonra başladı"
8-9,"Odaklı Yükseliş","Kılıç","gudumlu_top",1,1,1,1,1,1,1,1,1,1,"yerinde","yerinde",0.00,"",3.00,1.35,0.60,0.56,1.00,0.00,0.00,"","hasarsız skill (base_damage 0): etki hareketin kendisi; vuruş 1: 0,87s@boss6,98m/oyuncu4,53m; kalıp sonu: merkeze 3,00 m, başlangıçtan 0,00 m, kalıp simülasyonundan 0,00 m, kalıp hedefi AllyDummy"
8-10,"Aynalı Yükseliş","Kılıç","ters_es",1,1,1,1,1,1,1,1,1,1,"yerinde","yerinde",0.00,"",3.00,1.35,0.47,0.44,0.93,0.00,0.00,"","hasarsız skill (base_damage 0): etki hareketin kendisi; vuruş 2: 0,60s@boss2,60m/oyuncu0,40m 0,80s@boss0,00m/oyuncu3,00m; kalıp sonu: merkeze 3,00 m, başlangıçtan 0,00 m, kalıp simülasyonundan 0,00 m"
8-11,"Kopya Yükseliş","Kılıç","golge_ulak",1,1,1,1,1,1,1,1,1,1,"yan","yan",0.00,"",2.43,1.35,1.40,1.36,1.87,0.00,0.00,"1/3 kare koşu, ayak/gövde hız oranı 1,00","hasarsız skill (base_damage 0): etki hareketin kendisi; vuruş 2: 0,53s@boss3,26m/oyuncu0,35m 1,73s@boss3,05m/oyuncu1,46m; kalıp sonu: merkeze 2,43 m, başlangıçtan 1,41 m, kalıp simülasyonundan 0,00 m, kalıp hedefi AllyDummy"
8-12,"Akan Yükseliş","Kılıç","akinti_yolu",1,1,1,1,1,1,1,1,1,1,"geri","geri",0.00,"",3.00,1.35,1.00,0.94,1.46,0.00,0.00,"0/10 kare koşu","hasarsız skill (base_damage 0): etki hareketin kendisi; vuruş 1: 1,26s@boss6,27m/oyuncu2,38m; kalıp sonu: merkeze 4,11 m, başlangıçtan 1,40 m, kalıp simülasyonundan 0,00 m, kalıp hedefi AllyDummy"
9-7,"Bulandırıcı Arınma","Kılıç","sis_ortusu",1,1,1,1,1,1,1,1,1,1,"yerinde","yerinde",0.00,"oyuncu +32000 can",3.00,1.35,0.33,0.30,0.73,0.00,0.00,"","vuruş 1: 0,53s@boss0,00m/oyuncu3,00m; kalıp sonu: merkeze 3,00 m, başlangıçtan 0,00 m, kalıp simülasyonundan 0,00 m"
9-8,"Yükselen Arınma","Kılıç","isik_sutunu",1,1,1,1,1,1,1,1,1,1,"yerinde","yerinde",0.00,"oyuncu +32000 can",3.00,1.35,0.53,0.48,0.92,0.00,0.00,"","vuruş 1: 0,73s@boss3,06m/oyuncu0,00m; kalıp sonu: merkeze 3,07 m, başlangıçtan 0,10 m, kalıp simülasyonundan 0,00 m, kalıp hedefi AllyDummy"
9-9,"Odaklı Arınma","Kılıç","mermi_sondur",1,1,1,1,1,1,1,1,1,1,"yerinde","yerinde",0.00,"oyuncu +32000 can",3.00,1.35,0.40,0.38,0.80,0.00,0.00,"","vuruş 1: 0,67s@boss6,98m/oyuncu4,53m; kalıp sonu: merkeze 3,00 m, başlangıçtan 0,00 m, kalıp simülasyonundan 0,00 m, kalıp hedefi AllyDummy"
9-10,"Aynalı Arınma","Kılıç","yer_degistir",1,1,1,1,1,1,1,1,1,1,"arka","arka",0.00,"oyuncu +32000 can",1.50,1.35,0.40,0.34,0.80,0.00,0.00,"0/1 kare koşu","vuruş 1: 0,67s@boss0,31m/oyuncu1,19m; kalıp sonu: merkeze 1,50 m, başlangıçtan 4,50 m, kalıp simülasyonundan 0,00 m, ışın 8,34 m konumdan çıkarıldı; tek karede 8,34 m sıçrama (sınır 2,53 m @ 68 ms, t=0,80, ışın tasarım gereği)"
9-11,"Kopya Arınma","Kılıç","yem_kopya",1,1,1,1,1,1,1,1,1,1,"yerinde","yerinde",0.00,"oyuncu +32000 can, dost +32000 can",3.00,1.35,0.27,0.24,0.66,0.00,0.00,"","vuruş 1: 0,47s@boss2,98m/oyuncu1,29m; kalıp sonu: merkeze 3,00 m, başlangıçtan 0,00 m, kalıp simülasyonundan 0,00 m"
9-12,"Akan Arınma","Kılıç","nabiz",1,1,1,1,1,1,1,1,1,1,"yerinde","yerinde",0.00,"oyuncu +24000 can, dost +12000 can",3.00,1.35,3.20,3.18,3.60,0.00,0.00,"","vuruş 3: 1,53s@boss3,00m/oyuncu0,00m 2,53s@boss3,00m/oyuncu0,00m 3,53s@boss3,00m/oyuncu0,00m; kalıp sonu: merkeze 3,00 m, başlangıçtan 0,00 m, kalıp simülasyonundan 0,00 m"
10-7,"Bulandırıcı Yansı","Kılıç","sahte_goruntu",1,1,1,1,1,1,1,1,1,1,"geri","geri",4792.00,"boss:Blind+Burn",3.00,1.35,0.47,0.44,0.93,0.00,0.00,"0/3 kare koşu","vuruş 3: 0,53s@boss3,06m/oyuncu1,37m 0,67s@boss3,06m/oyuncu1,37m 0,80s@boss3,67m/oyuncu0,00m; kalıp sonu: merkeze 3,90 m, başlangıçtan 0,90 m, kalıp simülasyonundan 0,00 m"
10-8,"Yükselen Yansı","Kılıç","yerden_buyuyen",1,1,1,1,1,1,1,1,1,1,"yerinde","yerinde",2400.00,"boss:Burn",2.75,1.35,0.47,0.42,0.87,0.00,0.00,"","vuruş 1: 0,67s@boss0,00m/oyuncu2,80m; kalıp sonu: merkeze 2,75 m, başlangıçtan 0,25 m, kalıp simülasyonundan 0,00 m"
10-9,"Odaklı Yansı","Kılıç","koruyucu_isaret",1,1,1,1,1,1,1,1,1,1,"ön","ön",0.00,"",2.10,1.35,0.33,0.32,0.80,0.00,0.00,"0/4 kare koşu","hasarsız skill (base_damage 0): etki hareketin kendisi; vuruş 1: 0,67s@boss1,96m/oyuncu0,35m; kalıp sonu: merkeze 2,10 m, başlangıçtan 0,90 m, kalıp simülasyonundan 0,00 m"
11-7,"Bulandırıcı Çağrı","Kılıç","sirt_saplama",1,1,1,1,1,1,1,1,1,1,"yerinde","yerinde",29168.00,"boss:Blind+Burn",2.85,1.35,0.47,0.44,0.94,0.00,0.00,"","vuruş 1: 0,80s@boss0,00m/oyuncu2,91m; kalıp sonu: merkeze 2,93 m, başlangıçtan 0,15 m, kalıp simülasyonundan 0,00 m"
11-8,"Yükselen Çağrı","Kılıç","dostu_yerden",1,1,1,1,1,1,1,1,1,1,"yan","yan",30104.00,"boss:Burn",2.47,1.35,0.90,0.90,1.30,0.00,0.00,"0/9 kare koşu","vuruş 1: 1,17s@boss2,38m/oyuncu0,95m; kalıp sonu: merkeze 2,52 m, başlangıçtan 1,11 m, kalıp simülasyonundan 0,00 m"
11-9,"Odaklı Çağrı","Kılıç","pesinden_av",1,1,1,1,1,1,1,1,1,1,"ön","ön",182152.00,"boss:Burn",1.92,1.35,2.54,2.46,2.95,0.00,0.00,"0/2 kare koşu","vuruş 1: 2,75s@boss0,00m/oyuncu2,01m; kalıp sonu: merkeze 2,01 m, başlangıçtan 1,10 m, kalıp simülasyonundan 0,00 m, boss 0,11 m kaydı"
12-7,"Bulandırıcı Zaman","Kılıç","kum_saati",1,1,1,1,1,1,1,1,1,1,"yerinde","yerinde",42448.00,"boss:Blind+Slow+Burn, boss hız x0,70",3.00,1.35,0.67,0.62,1.08,0.00,0.00,"","vuruş 1: 0,55s@boss0,28m/oyuncu3,28m; kalıp sonu: merkeze 4,10 m, başlangıçtan 0,00 m, kalıp simülasyonundan 0,00 m, boss 1,10 m kaydı"
12-8,"Yükselen Zaman","Kılıç","isik_sutunu",1,1,1,1,1,1,1,1,1,1,"yerinde","yerinde",2400.00,"boss:Burn, oyuncu:Haste, oyuncu hız x1,50",2.90,1.35,0.53,0.48,1.00,0.00,0.00,"","vuruş 1: 0,80s@boss2,92m/oyuncu0,00m; kalıp sonu: merkeze 2,90 m, başlangıçtan 0,10 m, kalıp simülasyonundan 0,00 m"
12-9,"Odaklı Zaman","Kılıç","isaret_patlamasi",1,1,1,1,1,1,1,1,1,1,"yerinde","yerinde",2400.00,"boss:Burn+Slow, boss hız x0,70",3.00,1.35,1.93,1.92,2.40,0.00,0.00,"","vuruş 1: 2,27s@boss0,00m/oyuncu3,00m; kalıp sonu: merkeze 3,00 m, başlangıçtan 0,00 m, kalıp simülasyonundan 0,00 m"
1-1,"Yoğun Vuruş","Küre","yukle_birak",1,1,1,1,1,1,1,1,1,1,"ön","ön",270464.00,"boss:Burn",1.66,1.35,0.54,0.52,1.00,0.00,0.00,"0/3 kare koşu","vuruş 1: 0,87s@boss0,40m/oyuncu1,53m; kalıp sonu: merkeze 1,87 m, başlangıçtan 1,70 m, kalıp simülasyonundan 0,20 m, boss 0,57 m kaydı; toparlanma 0,43 sn (tablo 0,26)"
1-2,"Emici Vuruş","Küre","kan_ceken_pence",1,1,1,1,1,1,1,1,1,1,"yerinde","yerinde",124776.00,"boss:Burn, oyuncu +36096 can",1.34,1.35,0.40,0.38,0.87,0.00,0.00,"","vuruş 3: 0,53s@boss1,78m/oyuncu1,02m 0,61s@boss1,47m/oyuncu1,02m 0,74s@boss0,88m/oyuncu1,02m; kalıp sonu: merkeze 1,35 m, başlangıçtan 0,00 m, kalıp simülasyonundan 0,00 m, boss 1,65 m kaydı; toparlanma 0,43 sn (tablo 0,26)"
1-3,"Sıçrayan Vuruş","Küre","yan_yan_sekme",1,1,1,1,1,1,1,1,1,1,"geri","geri",198936.00,"boss:Burn",2.83,1.35,0.45,0.46,0.93,0.00,0.00,"0/7 kare koşu","vuruş 2: 0,55s@boss0,75m/oyuncu3,52m 0,88s@boss0,74m/oyuncu4,98m; kalıp sonu: merkeze 4,38 m, başlangıçtan 1,30 m, kalıp simülasyonundan 0,12 m, boss 0,95 m kaydı; toparlanma 0,43 sn (tablo 0,26)"
1-4,"Sabit Vuruş","Küre","yere_cakilan",1,1,1,1,1,1,1,1,1,1,"yerinde","yerinde",135880.00,"boss:Burn",2.85,1.35,0.46,0.42,0.93,0.00,0.00,"","vuruş 1: 0,80s@boss2,85m/oyuncu0,00m; kalıp sonu: merkeze 3,31 m, başlangıçtan 0,20 m, kalıp simülasyonundan 0,00 m, boss 0,51 m kaydı; toparlanma 0,43 sn (tablo 0,26)"
1-5,"Yayılan Vuruş","Küre","donen_kesik",1,1,1,1,1,1,1,1,1,1,"yerinde","yerinde",109888.00,"boss:Burn",3.02,1.35,0.60,0.55,1.06,0.00,0.00,"","vuruş 1: 0,66s@boss3,13m/oyuncu0,00m; kalıp sonu: merkeze 4,10 m, başlangıçtan 0,00 m, kalıp simülasyonundan 0,00 m, boss 1,10 m kaydı; toparlanma 0,43 sn (tablo 0,26)"
1-6,"Bağlayıcı Vuruş","Küre","zincirli_firlatma",1,1,1,1,1,1,1,1,1,1,"ön","ön",135424.00,"boss:Root+Slow+Burn, boss hız x0,00",2.66,1.35,0.74,0.70,1.20,0.00,0.00,"2/4 kare koşu, ayak/gövde hız oranı 0,96","vuruş 2: 0,60s@boss0,46m/oyuncu3,50m 1,07s@boss1,55m/oyuncu1,28m; kalıp sonu: merkeze 2,71 m, başlangıçtan 1,50 m, kalıp simülasyonundan 0,00 m, boss 1,21 m kaydı; toparlanma 0,43 sn (tablo 0,26)"
2-1,"Yoğun Şifa","Küre","tek_dokunus",1,1,1,1,1,1,1,1,1,1,"geri","geri",0.00,"oyuncu +112000 can",3.00,1.35,0.20,0.16,0.67,0.00,0.00,"0/2 kare koşu","vuruş 1: 0,53s@boss3,90m/oyuncu0,68m; kalıp sonu: merkeze 3,42 m, başlangıçtan 0,55 m, kalıp simülasyonundan 0,00 m, kalıp hedefi AllyDummy; toparlanma 0,43 sn (tablo 0,26)"
2-2,"Emici Şifa","Küre","uzaktan_emme",1,1,1,1,1,1,1,1,1,1,"yerinde","yerinde",53192.00,"oyuncu +84000 can, dost +28000 can",2.65,1.35,2.20,2.16,2.67,0.00,0.00,"","vuruş 4: 1,07s@boss0,19m/oyuncu2,72m 1,60s@boss0,10m/oyuncu2,72m 2,07s@boss0,02m/oyuncu2,72m 2,60s@boss0,07m/oyuncu2,72m; kalıp sonu: merkeze 2,65 m, başlangıçtan 0,35 m, kalıp simülasyonundan 0,00 m; toparlanma 0,43 sn (tablo 0,26)"
2-3,"Sıçrayan Şifa","Küre","dosttan_dosta",1,1,1,1,1,1,1,1,1,1,"yerinde","yerinde",0.00,"oyuncu +112000 can, dost +56000 can",3.00,1.35,0.60,0.54,1.07,0.00,0.00,"","vuruş 3: 0,60s@boss6,43m/oyuncu3,95m 0,67s@boss6,98m/oyuncu4,53m 0,87s@boss6,88m/oyuncu4,54m; kalıp sonu: merkeze 3,00 m, başlangıçtan 0,00 m, kalıp simülasyonundan 0,00 m, kalıp hedefi AllyDummy; toparlanma 0,43 sn (tablo 0,26)"
2-4,"Sabit Şifa","Küre","totem_dikme",1,1,1,1,1,1,1,1,1,1,"yerinde","yerinde",0.00,"oyuncu +112000 can",3.00,1.35,0.33,0.30,0.80,0.00,0.00,"","vuruş 1: 0,67s@boss3,10m/oyuncu0,00m; kalıp sonu: merkeze 3,11 m, başlangıçtan 0,15 m, kalıp simülasyonundan 0,00 m, kalıp hedefi AllyDummy; toparlanma 0,43 sn (tablo 0,26)"
2-5,"Yayılan Şifa","Küre","genisleyen_halka",1,1,1,1,1,1,1,1,1,1,"yerinde","yerinde",0.00,"oyuncu +112000 can",3.00,1.35,0.60,0.58,1.07,0.00,0.00,"","vuruş 1: 0,87s@boss3,00m/oyuncu0,00m; kalıp sonu: merkeze 3,00 m, başlangıçtan 0,00 m, kalıp simülasyonundan 0,00 m; toparlanma 0,43 sn (tablo 0,26)"
2-6,"Bağlayıcı Şifa","Küre","dostu_kanca",1,1,1,1,1,1,1,1,1,1,"geri","geri",0.00,"oyuncu +112000 can",3.00,1.35,0.53,0.52,1.00,0.00,0.00,"1/6 kare koşu, ayak/gövde hız oranı 1,02","vuruş 1: 0,87s@boss5,77m/oyuncu0,40m; kalıp sonu: merkeze 5,92 m, başlangıçtan 3,40 m, kalıp simülasyonundan 0,00 m, kalıp hedefi AllyDummy; toparlanma 0,43 sn (tablo 0,26)"
3-1,"Yoğun Adım","Küre","kisa_dash",1,1,1,1,1,1,1,1,1,1,"ön","ön",4112.00,"boss:Burn",1.50,1.35,0.20,0.16,0.60,0.00,0.00,"0/3 kare koşu","kalıp sonu: merkeze 1,50 m, başlangıçtan 1,50 m, kalıp simülasyonundan 0,00 m"
3-2,"Emici Adım","Küre","icinden_emme",1,1,1,1,1,1,1,1,1,1,"arka","arka",3736.00,"boss:Burn",0.24,1.35,0.42,0.28,0.82,0.00,0.00,"0/4 kare koşu","vuruş 1: 0,54s@boss0,24m/oyuncu1,36m; kalıp sonu: merkeze 2,69 m, başlangıçtan 5,17 m, kalıp simülasyonundan 0,48 m, boss 0,52 m kaydı; gövdeye girdi: merkeze 0,24 m (t=0,47, temas 1,35) geçiş tasarım gereği"
3-3,"Sıçrayan Adım","Küre","sekmeli_ziplama",1,1,1,1,1,1,1,1,1,1,"arka","arka",4408.00,"boss:Burn",1.50,1.35,0.38,0.40,0.78,0.00,0.00,"0/6 kare koşu","vuruş 2: 0,53s@boss1,79m/oyuncu0,00m 0,73s@boss1,50m/oyuncu0,00m; kalıp sonu: merkeze 1,50 m, başlangıçtan 4,50 m, kalıp simülasyonundan 0,00 m"
3-4,"Sabit Adım","Küre","geri_sarma",1,1,1,1,1,1,1,1,1,1,"başlangıç","başlangıç",18816.00,"boss:Burn",1.50,1.35,2.67,2.66,3.07,0.00,0.00,"3/9 kare koşu, ayak/gövde hız oranı 1,00","kalıp sonu: merkeze 3,00 m, başlangıçtan 0,00 m, kalıp simülasyonundan 0,00 m"
3-5,"Yayılan Adım","Küre","dalis_patlamasi",1,1,1,1,1,1,1,1,1,1,"ön","ön",3984.00,"boss:Burn",1.50,1.35,0.46,0.42,0.86,0.00,0.00,"0/4 kare koşu","vuruş 1: 0,67s@boss1,50m/oyuncu0,00m; kalıp sonu: merkeze 1,50 m, başlangıçtan 1,50 m, kalıp simülasyonundan 0,00 m"
3-6,"Bağlayıcı Adım","Küre","kanca_cekis",1,1,1,1,1,1,1,1,1,1,"arka","arka",3616.00,"boss:Root+Slow+Burn, boss hız x0,00",1.50,1.35,0.80,0.74,1.20,0.00,0.00,"1/10 kare koşu, ayak/gövde hız oranı 1,02","vuruş 1: 1,00s@boss0,00m/oyuncu1,50m; kalıp sonu: merkeze 1,50 m, başlangıçtan 4,50 m, kalıp simülasyonundan 0,00 m"
4-1,"Yoğun Kalkan","Küre","tam_zamanli",1,1,1,1,1,1,1,1,1,1,"yerinde","yerinde",0.00,"",3.00,1.35,0.53,0.50,0.93,0.00,0.00,"","hasarsız skill (base_damage 0): etki hareketin kendisi; vuruş 1: 0,73s@boss0,62m/oyuncu2,38m; kalıp sonu: merkeze 3,00 m, başlangıçtan 0,00 m, kalıp simülasyonundan 0,00 m"
4-2,"Emici Kalkan","Küre","kalkan_calma",1,1,1,1,1,1,1,1,1,1,"yerinde","yerinde",95000.00,"",3.00,1.35,0.23,0.20,0.63,0.00,0.00,"","vuruş 1: 0,47s@boss1,73m/oyuncu1,28m; kalıp sonu: merkeze 3,00 m, başlangıçtan 0,00 m, kalıp simülasyonundan 0,00 m"
4-3,"Sıçrayan Kalkan","Küre","seken_disk",1,1,1,1,1,1,1,1,1,1,"yerinde","yerinde",0.00,"",3.00,1.35,0.39,0.42,0.79,0.00,0.00,"","hasarsız skill (base_damage 0): etki hareketin kendisi; vuruş 2: 0,54s@boss0,30m/oyuncu3,30m 0,67s@boss3,04m/oyuncu1,43m; kalıp sonu: merkeze 3,00 m, başlangıçtan 0,00 m, kalıp simülasyonundan 0,00 m"
5-1,"Yoğun Patlama","Küre","saplanan_fitil",1,1,1,1,1,1,1,1,1,1,"geri","geri",182040.00,"boss:Burn",2.30,1.35,1.58,1.62,2.07,0.00,0.00,"0/6 kare koşu","vuruş 2: 0,62s@boss0,85m/oyuncu1,99m 2,07s@boss0,85m/oyuncu2,95m; kalıp sonu: merkeze 3,79 m, başlangıçtan 0,80 m, kalıp simülasyonundan 0,00 m; toparlanma 0,43 sn (tablo 0,26)"
5-2,"Emici Patlama","Küre","ceken_girdap",1,1,1,1,1,1,1,1,1,1,"yerinde","yerinde",108448.00,"boss:Burn, oyuncu +30620 can",1.34,1.35,1.36,1.32,1.82,0.00,0.00,"","vuruş 3: 1,15s@boss0,00m/oyuncu1,35m 1,62s@boss0,00m/oyuncu1,35m 1,70s@boss0,00m/oyuncu1,35m; kalıp sonu: merkeze 1,35 m, başlangıçtan 0,00 m, kalıp simülasyonundan 0,00 m, boss 1,65 m kaydı; toparlanma 0,43 sn (tablo 0,26)"
5-3,"Sıçrayan Patlama","Küre","seken_bomba",1,1,1,1,1,1,0,1,1,0,"yerinde","yerinde",155848.00,"boss:Burn",3.00,1.35,0.81,0.58,1.28,0.00,0.00,"","vuruş 3: 0,61s@boss0,39m/oyuncu3,40m 0,73s@boss0,00m/oyuncu3,43m 0,95s@boss0,35m/oyuncu3,91m; kalıp sonu: merkeze 4,19 m, başlangıçtan 0,00 m, kalıp simülasyonundan 0,00 m, boss 1,19 m kaydı; toparlanma 0,43 sn (tablo 0,26); kalıp 0,81 sn (beklenen 0,58)"
6-1,"Yoğun Bağ","Küre","sinir_noktasi",1,1,1,1,1,1,1,1,1,1,"ön","ön",38144.00,"boss:Burn+Stun, boss hız x0,00",1.50,1.35,0.43,0.34,0.90,0.00,0.00,"0/4 kare koşu","vuruş 1: 0,74s@boss0,91m/oyuncu0,60m; kalıp sonu: merkeze 1,79 m, başlangıçtan 1,77 m, kalıp simülasyonundan 0,27 m, boss 0,57 m kaydı; toparlanma 0,43 sn (tablo 0,26)"
6-2,"Emici Bağ","Küre","bossu_cek",1,1,1,1,1,1,1,1,1,1,"geri","geri",26768.00,"boss:Burn+Root, boss hız x0,00, oyuncu +6951 can",1.35,1.35,0.47,0.44,0.93,0.00,0.00,"2/5 kare koşu, ayak/gövde hız oranı 1,01","vuruş 1: 0,73s@boss1,57m/oyuncu1,36m; kalıp sonu: merkeze 2,64 m, başlangıçtan 1,60 m, kalıp simülasyonundan 0,00 m, boss 1,96 m kaydı; toparlanma 0,43 sn (tablo 0,26)"
6-3,"Sıçrayan Bağ","Küre","basip_sekme",1,1,1,1,1,1,1,1,1,1,"başlangıç","başlangıç",42464.00,"boss:Burn+Root, boss hız x0,00",1.67,1.35,0.53,0.52,1.00,0.00,0.00,"0/7 kare koşu","vuruş 1: 0,73s@boss1,50m/oyuncu0,26m; kalıp sonu: merkeze 3,97 m, başlangıçtan 0,20 m, kalıp simülasyonundan 0,00 m, boss 0,77 m kaydı; toparlanma 0,43 sn (tablo 0,26)"
1-7,"Bulandırıcı Vuruş","Küre","dumandan_cikis",1,1,1,1,1,1,1,1,1,1,"ön","ön",136808.00,"boss:Blind+Burn",1.66,1.35,0.53,0.48,1.00,0.00,0.00,"0/4 kare koşu","vuruş 1: 0,80s@boss0,76m/oyuncu1,36m; kalıp sonu: merkeze 1,92 m, başlangıçtan 1,80 m, kalıp simülasyonundan 0,30 m, boss 0,72 m kaydı; toparlanma 0,43 sn (tablo 0,26)"
1-8,"Yükselen Vuruş","Küre","havaya_kaldirma",1,1,1,1,1,1,1,1,1,1,"ön","ön",139328.00,"boss:Burn+Stun, boss hız x0,00",1.90,1.35,0.40,0.34,0.87,0.00,0.00,"0/5 kare koşu","vuruş 1: 0,60s@boss1,08m/oyuncu1,28m; kalıp sonu: merkeze 1,90 m, başlangıçtan 1,10 m, kalıp simülasyonundan 0,00 m; toparlanma 0,43 sn (tablo 0,26)"
1-9,"Odaklı Vuruş","Küre","isarete_vur",1,1,1,1,1,1,1,1,1,1,"ön","ön",218968.00,"boss:Burn",2.06,1.35,0.40,0.38,0.87,0.00,0.00,"0/3 kare koşu","vuruş 1: 0,73s@boss0,90m/oyuncu1,28m; kalıp sonu: merkeze 2,27 m, başlangıçtan 1,35 m, kalıp simülasyonundan 0,00 m, boss 0,62 m kaydı; toparlanma 0,43 sn (tablo 0,26)"
2-7,"Bulandırıcı Şifa","Küre","sis_ortusu",1,1,1,1,1,1,1,1,1,1,"yerinde","yerinde",0.00,"oyuncu +112000 can",3.03,1.35,0.33,0.30,0.80,0.00,0.00,"","vuruş 1: 0,60s@boss0,00m/oyuncu3,11m; kalıp sonu: merkeze 3,12 m, başlangıçtan 0,00 m, kalıp simülasyonundan 0,00 m, boss 0,12 m kaydı; toparlanma 0,43 sn (tablo 0,26)"
2-8,"Yükselen Şifa","Küre","yerden_buyuyen",1,1,1,1,1,1,1,1,1,1,"yerinde","yerinde",0.00,"oyuncu +112000 can",3.00,1.35,0.47,0.42,0.93,0.00,0.00,"","vuruş 1: 0,74s@boss6,98m/oyuncu4,33m; kalıp sonu: merkeze 3,18 m, başlangıçtan 0,25 m, kalıp simülasyonundan 0,00 m, kalıp hedefi AllyDummy; toparlanma 0,43 sn (tablo 0,26)"
2-9,"Odaklı Şifa","Küre","koruyucu_isaret",1,0,1,1,1,1,1,1,1,0,"geri","geri",0.00,"",3.00,1.35,0.27,0.20,0.73,0.00,0.00,"0/3 kare koşu","hasar yok, etki görülmedi; vuruş 1: 0,60s@boss3,90m/oyuncu0,35m; kalıp sonu: merkeze 3,61 m, başlangıçtan 0,80 m, kalıp simülasyonundan 0,00 m, kalıp hedefi AllyDummy; toparlanma 0,43 sn (tablo 0,26)"
3-7,"Bulandırıcı Adım","Küre","duman_kaybolma",1,1,1,1,1,1,1,1,1,1,"ön","ön",5592.00,"boss:Blind+Burn, oyuncu:Stealth",1.50,1.35,0.60,0.59,1.00,0.00,0.00,"1/4 kare koşu, ayak/gövde hız oranı 1,01","vuruş 1: 0,53s@boss1,74m/oyuncu0,00m; kalıp sonu: merkeze 1,50 m, başlangıçtan 1,50 m, kalıp simülasyonundan 0,00 m"
3-8,"Yükselen Adım","Küre","sicrayip_cakilma",1,1,1,1,1,1,1,1,1,1,"ön","ön",4416.00,"boss:Burn, oyuncu:Haste, oyuncu hız x1,10",1.50,1.35,0.87,0.82,1.27,0.00,0.00,"0/5 kare koşu","vuruş 1: 1,13s@boss1,50m/oyuncu0,00m; kalıp sonu: merkeze 1,50 m, başlangıçtan 1,50 m, kalıp simülasyonundan 0,00 m"
3-9,"Odaklı Adım","Küre","kilitli_adim",1,1,1,1,1,1,1,1,1,1,"arka","arka",3592.00,"boss:Burn",1.50,1.35,0.54,0.48,0.94,0.00,0.00,"0/1 kare koşu","vuruş 1: 0,80s@boss0,00m/oyuncu1,50m; kalıp sonu: merkeze 1,50 m, başlangıçtan 4,50 m, kalıp simülasyonundan 0,00 m; tek karede 4,50 m sıçrama (sınır 2,40 m @ 65 ms, t=0,67, faz adim, blink tasarım gereği)"
7-1,"Yoğun Zafiyet","Küre","diken_firlatma",1,1,1,1,1,1,1,1,1,1,"yerinde","yerinde",25080.00,"boss:Burn",3.00,1.35,0.47,0.40,0.93,0.00,0.00,"","vuruş 1: 0,80s@boss0,29m/oyuncu3,30m; kalıp sonu: merkeze 3,47 m, başlangıçtan 0,00 m, kalıp simülasyonundan 0,00 m, boss 0,47 m kaydı; toparlanma 0,43 sn (tablo 0,26)"
7-2,"Emici Zafiyet","Küre","sokup_cekme",1,1,1,1,1,1,1,1,1,1,"geri","geri",21968.00,"boss:Burn, oyuncu +5121 can",3.03,1.35,0.47,0.44,0.94,0.00,0.00,"2/5 kare koşu, ayak/gövde hız oranı 1,01","vuruş 2: 0,60s@boss0,35m/oyuncu3,59m 0,74s@boss2,74m/oyuncu1,19m; kalıp sonu: merkeze 4,45 m, başlangıçtan 1,30 m, kalıp simülasyonundan 0,00 m, boss 0,15 m kaydı; toparlanma 0,43 sn (tablo 0,26)"
7-3,"Sıçrayan Zafiyet","Küre","seken_yaratik",1,1,1,1,1,1,1,1,1,1,"yerinde","yerinde",35344.00,"boss:Burn",3.00,1.35,0.67,0.64,1.13,0.00,0.00,"","vuruş 3: 0,67s@boss0,00m/oyuncu3,00m 0,80s@boss0,35m/oyuncu3,49m 1,00s@boss0,35m/oyuncu3,90m; kalıp sonu: merkeze 4,05 m, başlangıçtan 0,00 m, kalıp simülasyonundan 0,00 m, boss 1,05 m kaydı; toparlanma 0,43 sn (tablo 0,26)"
8-1,"Yoğun Yükseliş","Küre","kuculten_kapi",1,1,1,1,1,1,1,1,1,1,"yerinde","yerinde",0.00,"",3.01,1.35,0.39,0.28,0.86,0.00,0.00,"","hasarsız skill (base_damage 0): etki hareketin kendisi; vuruş 1: 0,61s@boss0,66m/oyuncu2,38m; kalıp sonu: merkeze 3,04 m, başlangıçtan 0,00 m, kalıp simülasyonundan 0,00 m; toparlanma 0,43 sn (tablo 0,26)"
8-2,"Emici Yükseliş","Küre","kan_muhru",1,1,1,1,1,1,1,1,1,1,"yerinde","yerinde",0.00,"",3.00,1.35,0.33,0.32,0.80,0.00,0.00,"","hasarsız skill (base_damage 0): etki hareketin kendisi; vuruş 1: 0,60s@boss3,00m/oyuncu0,00m; kalıp sonu: merkeze 3,00 m, başlangıçtan 0,00 m, kalıp simülasyonundan 0,00 m; toparlanma 0,43 sn (tablo 0,26)"
8-3,"Sıçrayan Yükseliş","Küre","pas_verme",1,1,1,1,1,1,1,1,1,1,"yerinde","yerinde",0.00,"",3.00,1.35,0.27,0.24,0.73,0.00,0.00,"","hasarsız skill (base_damage 0): etki hareketin kendisi; vuruş 1: 0,67s@boss6,38m/oyuncu3,90m; kalıp sonu: merkeze 3,00 m, başlangıçtan 0,00 m, kalıp simülasyonundan 0,00 m, kalıp hedefi AllyDummy; toparlanma 0,43 sn (tablo 0,26)"
9-1,"Yoğun Arınma","Küre","tek_dokunus",1,1,1,1,1,1,1,1,1,1,"geri","geri",0.00,"oyuncu +28000 can",3.00,1.35,0.20,0.16,0.67,0.00,0.00,"0/3 kare koşu","vuruş 1: 0,53s@boss3,88m/oyuncu0,68m; kalıp sonu: merkeze 3,41 m, başlangıçtan 0,55 m, kalıp simülasyonundan 0,00 m, kalıp hedefi AllyDummy; toparlanma 0,43 sn (tablo 0,26)"
9-2,"Emici Arınma","Küre","cekip_firlat",1,1,1,1,1,1,1,1,1,1,"yerinde","yerinde",0.00,"oyuncu +12000 can, dost +16000 can",3.00,1.35,0.53,0.50,1.00,0.00,0.00,"","vuruş 2: 0,60s@boss2,65m/oyuncu0,35m 0,87s@boss0,30m/oyuncu3,30m; kalıp sonu: merkeze 3,00 m, başlangıçtan 0,00 m, kalıp simülasyonundan 0,00 m; toparlanma 0,43 sn (tablo 0,26)"
9-3,"Sıçrayan Arınma","Küre","dosttan_dosta",1,1,1,1,1,1,1,1,1,1,"yerinde","yerinde",0.00,"oyuncu +28000 can, dost +8000 can",3.00,1.35,0.60,0.54,1.07,0.00,0.00,"","vuruş 3: 0,60s@boss6,43m/oyuncu3,95m 0,67s@boss6,98m/oyuncu4,53m 0,87s@boss6,88m/oyuncu4,54m; kalıp sonu: merkeze 3,00 m, başlangıçtan 0,00 m, kalıp simülasyonundan 0,00 m, kalıp hedefi AllyDummy; toparlanma 0,43 sn (tablo 0,26)"
1-10,"Aynalı Vuruş","Küre","sirtta_kapi",1,1,1,1,1,1,1,1,1,1,"ön","ön",11811760.00,"boss:Burn",2.06,1.35,0.33,0.32,0.80,0.00,0.00,"0/3 kare koşu","vuruş 2: 0,53s@boss0,92m/oyuncu1,19m 0,67s@boss0,55m/oyuncu2,82m; kalıp sonu: merkeze 2,57 m, başlangıçtan 1,20 m, kalıp simülasyonundan 0,00 m, boss 0,77 m kaydı; toparlanma 0,43 sn (tablo 0,26)"
1-11,"Kopya Vuruş","Küre","golge_yankisi",1,1,1,1,1,1,1,1,1,1,"ön","ön",132440.00,"boss:Burn",2.26,1.35,0.53,0.50,1.00,0.00,0.00,"1/3 kare koşu, ayak/gövde hız oranı 1,02","vuruş 2: 0,54s@boss1,11m/oyuncu1,15m 0,87s@boss2,73m/oyuncu1,39m; kalıp sonu: merkeze 3,18 m, başlangıçtan 0,90 m, kalıp simülasyonundan 0,00 m, boss 1,08 m kaydı; toparlanma 0,43 sn (tablo 0,26)"
1-12,"Akan Vuruş","Küre","basili_seri",1,1,1,1,1,1,1,1,1,1,"ön","ön",108432.00,"boss:Burn",2.89,1.35,3.00,3.00,3.47,0.00,0.00,"","vuruş 6: 0,67s@boss1,75m/oyuncu1,15m 1,20s@boss2,60m/oyuncu1,15m 1,66s@boss2,58m/oyuncu1,15m 2,20s@boss2,37m/oyuncu1,15m 2,67s@boss2,16m/oyuncu1,15m 3,20s@boss1,91m/oyuncu1,15m; kalıp sonu: merkeze 2,97 m, başlangıçtan 1,40 m, kalıp simülasyonundan 0,00 m, boss 1,37 m kaydı; toparlanma 0,43 sn (tablo 0,26)"
2-10,"Aynalı Şifa","Küre","ters_es",1,1,1,1,1,1,1,1,1,1,"yerinde","yerinde",16800.00,"oyuncu +112000 can",3.00,1.35,0.49,0.44,0.96,0.00,0.00,"","vuruş 2: 0,60s@boss2,60m/oyuncu0,40m 0,80s@boss0,00m/oyuncu3,00m; kalıp sonu: merkeze 3,00 m, başlangıçtan 0,00 m, kalıp simülasyonundan 0,00 m; toparlanma 0,43 sn (tablo 0,26)"
2-11,"Kopya Şifa","Küre","golge_ulak",1,1,1,1,1,1,1,1,1,1,"yan","yan",0.00,"oyuncu +112000 can, dost +112000 can",2.43,1.35,1.40,1.36,1.87,0.00,0.00,"1/3 kare koşu, ayak/gövde hız oranı 1,00","vuruş 2: 0,53s@boss3,26m/oyuncu0,35m 1,73s@boss3,06m/oyuncu1,46m; kalıp sonu: merkeze 2,43 m, başlangıçtan 1,41 m, kalıp simülasyonundan 0,00 m, kalıp hedefi AllyDummy; toparlanma 0,43 sn (tablo 0,26)"
2-12,"Akan Şifa","Küre","basili_isik",1,1,1,1,1,1,1,1,1,1,"geri","geri",0.00,"oyuncu +100000 can, dost +20000 can",3.00,1.35,3.07,3.00,3.53,0.00,0.00,"","vuruş 6: 0,67s@boss5,38m/oyuncu2,72m 1,20s@boss5,58m/oyuncu2,72m 1,67s@boss5,75m/oyuncu2,72m 2,20s@boss5,95m/oyuncu2,72m 2,67s@boss6,13m/oyuncu2,72m 3,20s@boss6,33m/oyuncu2,72m; kalıp sonu: merkeze 3,94 m, başlangıçtan 1,20 m, kalıp simülasyonundan 0,00 m, kalıp hedefi AllyDummy; toparlanma 0,43 sn (tablo 0,26)"
3-10,"Aynalı Adım","Küre","iki_kapi",1,1,1,1,1,1,1,1,1,1,"ön","ön",6408.00,"boss:Burn",1.50,1.35,0.60,0.54,1.00,0.00,0.00,"0/4 kare koşu","vuruş 2: 0,40s@boss3,00m/oyuncu0,00m 0,80s@boss1,50m/oyuncu0,00m; kalıp sonu: merkeze 1,50 m, başlangıçtan 1,50 m, kalıp simülasyonundan 0,00 m"
3-11,"Kopya Adım","Küre","yem_kac",1,1,1,1,1,1,1,1,1,1,"geri","geri",5184.00,"boss:Burn",3.00,1.35,0.47,0.40,0.87,0.00,0.00,"0/4 kare koşu","vuruş 1: 0,40s@boss3,00m/oyuncu0,00m; kalıp sonu: merkeze 5,80 m, başlangıçtan 2,80 m, kalıp simülasyonundan 0,00 m"
3-12,"Akan Adım","Küre","suzulme",1,1,1,1,1,1,1,1,1,1,"ön","ön",20824.00,"boss:Burn, oyuncu:Haste, oyuncu hız x1,50",1.90,1.35,3.07,3.00,3.47,0.00,0.00,"","kalıp sonu: merkeze 1,90 m, başlangıçtan 1,10 m, kalıp simülasyonundan 0,00 m"
10-1,"Yoğun Yansı","Küre","tam_zamanli",1,1,1,1,1,1,1,1,1,1,"yerinde","yerinde",3984.00,"boss:Burn",3.00,1.35,0.53,0.50,0.93,0.00,0.00,"","vuruş 1: 0,73s@boss0,62m/oyuncu2,38m; kalıp sonu: merkeze 3,00 m, başlangıçtan 0,00 m, kalıp simülasyonundan 0,00 m"
10-2,"Emici Yansı","Küre","yutan_girdap",1,1,1,1,1,1,1,1,1,1,"yerinde","yerinde",16648.00,"boss:Burn",3.00,1.35,3.24,3.18,3.64,0.00,0.00,"","vuruş 4: 1,27s@boss0,62m/oyuncu2,38m 2,04s@boss0,62m/oyuncu2,38m 2,78s@boss0,62m/oyuncu2,38m 3,58s@boss0,62m/oyuncu2,38m; kalıp sonu: merkeze 3,00 m, başlangıçtan 0,00 m, kalıp simülasyonundan 0,00 m"
10-3,"Sıçrayan Yansı","Küre","seken_geri",1,1,1,1,1,1,1,1,1,1,"ön","ön",4816.00,"boss:Burn",1.90,1.35,0.40,0.36,0.80,0.00,0.00,"0/3 kare koşu","vuruş 2: 0,47s@boss0,55m/oyuncu1,53m 0,60s@boss0,00m/oyuncu1,90m; kalıp sonu: merkeze 1,90 m, başlangıçtan 1,10 m, kalıp simülasyonundan 0,00 m"
10-10,"Aynalı Yansı","Küre","iki_kapi",1,1,1,1,1,1,1,1,1,1,"ön","ön",5992.00,"boss:Burn",1.50,1.35,0.60,0.54,1.00,0.00,0.00,"0/4 kare koşu","vuruş 2: 0,40s@boss3,00m/oyuncu0,00m 0,80s@boss1,50m/oyuncu0,00m; kalıp sonu: merkeze 1,50 m, başlangıçtan 1,50 m, kalıp simülasyonundan 0,00 m"
10-11,"Kopya Yansı","Küre","yem_kopya",1,1,1,1,1,1,1,1,1,1,"yerinde","yerinde",4008.00,"boss:Burn",3.00,1.35,0.27,0.24,0.67,0.00,0.00,"","vuruş 1: 0,47s@boss2,98m/oyuncu1,29m; kalıp sonu: merkeze 3,00 m, başlangıçtan 0,00 m, kalıp simülasyonundan 0,00 m"
10-12,"Akan Yansı","Küre","basili_siper",1,1,1,1,1,1,1,1,1,1,"ön","ön",16408.00,"boss:Burn",2.20,1.35,3.06,3.00,3.46,0.00,0.00,"","vuruş 3: 1,13s@boss0,41m/oyuncu2,38m 2,13s@boss0,14m/oyuncu2,38m 3,13s@boss0,13m/oyuncu2,38m; kalıp sonu: merkeze 2,20 m, başlangıçtan 0,80 m, kalıp simülasyonundan 0,00 m"
11-1,"Yoğun Çağrı","Küre","sirt_saplama",1,1,1,1,1,1,1,1,1,1,"ön","ön",36816.00,"boss:Burn",2.00,1.35,0.47,0.45,0.87,0.00,0.00,"0/2 kare koşu","vuruş 1: 0,73s@boss0,00m/oyuncu2,06m; kalıp sonu: merkeze 2,07 m, başlangıçtan 1,00 m, kalıp simülasyonundan 0,00 m"
11-2,"Emici Çağrı","Küre","yapisan",1,1,1,1,1,1,1,1,1,1,"yerinde","yerinde",241856.00,"boss:Burn, oyuncu +149111 can",3.00,1.35,5.22,5.18,5.62,0.00,0.00,"","vuruş 6: 0,75s@boss0,20m/oyuncu3,27m 1,55s@boss0,00m/oyuncu3,11m 2,54s@boss0,00m/oyuncu3,11m 3,55s@boss0,00m/oyuncu3,11m 4,55s@boss0,00m/oyuncu3,11m 5,55s@boss0,00m/oyuncu3,11m; kalıp sonu: merkeze 3,11 m, başlangıçtan 0,00 m, kalıp simülasyonundan 0,00 m, boss 0,11 m kaydı"
11-3,"Sıçrayan Çağrı","Küre","seken_yaratik",1,1,1,1,1,1,1,1,1,1,"yerinde","yerinde",54264.00,"boss:Burn",3.00,1.35,0.67,0.64,1.07,0.00,0.00,"","vuruş 3: 0,60s@boss0,00m/oyuncu3,04m 0,80s@boss0,35m/oyuncu3,09m 0,93s@boss0,35m/oyuncu3,10m; kalıp sonu: merkeze 3,09 m, başlangıçtan 0,00 m, kalıp simülasyonundan 0,00 m"
11-10,"Aynalı Çağrı","Küre","takim_kapisi",1,1,1,1,1,1,1,1,1,1,"ön","ön",58384.00,"boss:Burn, oyuncu:Stasis",2.53,1.35,1.40,1.36,1.80,0.00,0.00,"0/2 kare koşu","vuruş 1: 0,60s@boss2,53m/oyuncu0,00m; kalıp sonu: merkeze 2,53 m, başlangıçtan 0,48 m, kalıp simülasyonundan 0,00 m"
11-11,"Kopya Çağrı","Küre","ayna_klonlar",1,1,1,1,1,1,1,1,1,1,"ön","ön",77768.00,"boss:Burn",2.53,1.35,0.67,0.62,1.07,0.00,0.00,"0/2 kare koşu","vuruş 2: 0,73s@boss2,57m/oyuncu1,41m 0,87s@boss2,58m/oyuncu1,41m; kalıp sonu: merkeze 2,62 m, başlangıçtan 0,47 m, kalıp simülasyonundan 0,00 m"
11-12,"Akan Çağrı","Küre","kapidan_akin",1,1,1,1,1,1,1,1,1,1,"ön","ön",300648.00,"boss:Burn",2.53,1.35,4.32,4.32,4.72,0.00,0.00,"0/2 kare koşu","vuruş 6: 0,66s@boss0,85m/oyuncu1,73m 1,53s@boss0,00m/oyuncu2,63m 2,32s@boss0,00m/oyuncu2,63m 3,06s@boss0,00m/oyuncu2,63m 3,86s@boss0,00m/oyuncu2,63m 4,66s@boss0,00m/oyuncu2,63m; kalıp sonu: merkeze 2,63 m, başlangıçtan 0,48 m, kalıp simülasyonundan 0,00 m, boss 0,11 m kaydı"
12-1,"Yoğun Zaman","Küre","zamanli_donma",1,1,1,1,1,1,1,1,1,1,"ön","ön",3200.00,"boss:Burn+Slow, boss hız x0,70",1.66,1.35,0.53,0.50,1.00,0.00,0.00,"0/3 kare koşu","vuruş 1: 0,87s@boss0,55m/oyuncu1,28m; kalıp sonu: merkeze 1,87 m, başlangıçtan 1,60 m, kalıp simülasyonundan 0,10 m, boss 0,47 m kaydı; toparlanma 0,43 sn (tablo 0,26)"
12-2,"Emici Zaman","Küre","ceken_girdap",1,1,1,1,1,1,1,1,1,1,"yerinde","yerinde",6392.00,"boss:Burn+Slow, oyuncu:Haste, boss hız x0,70, oyuncu hız x1,30",3.02,1.35,1.33,1.32,1.80,0.00,0.00,"","vuruş 3: 1,13s@boss0,00m/oyuncu3,13m 1,60s@boss0,00m/oyuncu4,18m 1,67s@boss0,00m/oyuncu4,23m; kalıp sonu: merkeze 4,32 m, başlangıçtan 0,00 m, kalıp simülasyonundan 0,00 m, boss 1,32 m kaydı; toparlanma 0,43 sn (tablo 0,26)"
12-3,"Sıçrayan Zaman","Küre","geri_donen_kure",1,1,1,1,1,1,1,1,1,1,"yerinde","yerinde",4808.00,"boss:Burn+Slow, boss hız x0,70",3.00,1.35,0.53,0.50,1.00,0.00,0.00,"","vuruş 2: 0,60s@boss0,30m/oyuncu3,32m 0,87s@boss1,76m/oyuncu2,04m; kalıp sonu: merkeze 4,00 m, başlangıçtan 0,00 m, kalıp simülasyonundan 0,00 m, boss 1,00 m kaydı; toparlanma 0,43 sn (tablo 0,26)"
12-10,"Aynalı Zaman","Küre","boss_geri",1,1,1,1,1,1,1,1,1,1,"yerinde","yerinde",4392.00,"boss:Burn+Slow, boss hız x0,70",3.01,1.35,0.47,0.46,0.94,0.00,0.00,"","vuruş 1: 0,60s@boss0,29m/oyuncu3,33m; kalıp sonu: merkeze 3,04 m, başlangıçtan 0,00 m, kalıp simülasyonundan 0,00 m; toparlanma 0,43 sn (tablo 0,26)"
12-11,"Kopya Zaman","Küre","geri_sarma",1,1,1,1,1,1,1,1,1,1,"başlangıç","başlangıç",18496.00,"boss:Burn+Slow, boss hız x0,70",1.50,1.35,2.68,2.66,3.15,0.00,0.00,"3/9 kare koşu, ayak/gövde hız oranı 0,97","kalıp sonu: merkeze 3,15 m, başlangıçtan 0,00 m, kalıp simülasyonundan 0,00 m, boss 0,15 m kaydı; toparlanma 0,43 sn (tablo 0,26)"
12-12,"Akan Zaman","Küre","yuruyen_balon",1,1,1,1,1,1,1,1,1,1,"ön","ön",24024.00,"boss:Burn+Slow, boss hız x0,70",3.00,1.35,4.20,4.20,4.67,0.00,0.00,"","vuruş 5: 0,53s@boss3,00m/oyuncu0,00m 1,60s@boss4,01m/oyuncu0,00m 2,60s@boss3,75m/oyuncu0,00m 3,60s@boss3,45m/oyuncu0,00m 4,60s@boss3,15m/oyuncu0,00m; kalıp sonu: merkeze 3,15 m, başlangıçtan 1,20 m, kalıp simülasyonundan 0,00 m, boss 1,35 m kaydı; toparlanma 0,43 sn (tablo 0,26)"
4-4,"Sabit Kalkan","Küre","duvar_dikme",1,1,1,1,1,1,1,1,1,1,"yerinde","yerinde",0.00,"",3.00,1.35,0.33,0.32,0.73,0.00,0.00,"","hasarsız skill (base_damage 0): etki hareketin kendisi; vuruş 1: 0,60s@boss0,62m/oyuncu2,38m; kalıp sonu: merkeze 3,00 m, başlangıçtan 0,00 m, kalıp simülasyonundan 0,00 m"
4-5,"Yayılan Kalkan","Küre","onde_yelpaze",1,1,1,1,1,1,1,1,1,1,"yerinde","yerinde",0.00,"",3.00,1.35,0.66,0.63,1.07,0.00,0.00,"","hasarsız skill (base_damage 0): etki hareketin kendisi; vuruş 1: 0,80s@boss1,88m/oyuncu1,12m; kalıp sonu: merkeze 3,00 m, başlangıçtan 0,00 m, kalıp simülasyonundan 0,00 m"
4-6,"Bağlayıcı Kalkan","Küre","zincirli_firlatma",1,1,1,1,1,1,1,1,1,1,"ön","ön",0.00,"",1.50,1.35,0.73,0.70,1.14,0.00,0.00,"2/4 kare koşu, ayak/gövde hız oranı 1,00","hasarsız skill (base_damage 0): etki hareketin kendisi; vuruş 2: 0,53s@boss0,45m/oyuncu3,45m 1,00s@boss0,48m/oyuncu1,28m; kalıp sonu: merkeze 1,50 m, başlangıçtan 1,50 m, kalıp simülasyonundan 0,00 m"
4-7,"Bulandırıcı Kalkan","Küre","duman_duvari",1,1,1,1,1,1,1,1,1,1,"yerinde","yerinde",0.00,"",2.80,1.35,0.53,0.52,0.93,0.00,0.00,"","hasarsız skill (base_damage 0): etki hareketin kendisi; vuruş 1: 0,60s@boss0,42m/oyuncu2,38m; kalıp sonu: merkeze 2,80 m, başlangıçtan 0,20 m, kalıp simülasyonundan 0,00 m"
4-8,"Yükselen Kalkan","Küre","yerden_buyuyen",1,1,1,1,1,1,1,1,1,1,"yerinde","yerinde",0.00,"",3.00,1.35,0.47,0.42,0.87,0.00,0.00,"","hasarsız skill (base_damage 0): etki hareketin kendisi; vuruş 1: 0,68s@boss6,98m/oyuncu4,32m; kalıp sonu: merkeze 3,18 m, başlangıçtan 0,25 m, kalıp simülasyonundan 0,00 m, kalıp hedefi AllyDummy"
4-9,"Odaklı Kalkan","Küre","koruyucu_isaret",1,1,1,1,1,1,1,1,1,1,"geri","geri",0.00,"",3.00,1.35,0.20,0.20,0.60,0.00,0.00,"0/3 kare koşu","hasarsız skill (base_damage 0): etki hareketin kendisi; vuruş 1: 0,54s@boss3,90m/oyuncu0,35m; kalıp sonu: merkeze 3,61 m, başlangıçtan 0,80 m, kalıp simülasyonundan 0,00 m, kalıp hedefi AllyDummy"
5-4,"Sabit Patlama","Küre","mayin_cakma",1,1,1,1,1,1,1,1,1,1,"yerinde","yerinde",89288.00,"boss:Burn",3.00,1.35,0.47,0.42,0.93,0.00,0.00,"","vuruş 2: 0,66s@boss0,85m/oyuncu2,15m 0,73s@boss0,85m/oyuncu2,15m; kalıp sonu: merkeze 3,64 m, başlangıçtan 0,00 m, kalıp simülasyonundan 0,00 m, boss 0,64 m kaydı; toparlanma 0,43 sn (tablo 0,26)"
5-5,"Yayılan Patlama","Küre","yer_yarigi",1,1,1,1,1,1,1,1,1,1,"ön","ön",81696.00,"boss:Burn",1.50,1.35,0.60,0.56,1.07,0.00,0.00,"0/9 kare koşu","vuruş 3: 0,73s@boss0,34m/oyuncu1,25m 0,80s@boss0,20m/oyuncu1,36m 0,93s@boss0,23m/oyuncu1,28m; kalıp sonu: merkeze 1,58 m, başlangıçtan 2,60 m, kalıp simülasyonundan 0,58 m, boss 0,98 m kaydı; toparlanma 0,43 sn (tablo 0,26)"
5-6,"Bağlayıcı Patlama","Küre","gerilip_kopan",1,1,1,1,1,1,1,1,1,1,"geri","geri",90440.00,"boss:Root+Slow+Burn, boss hız x0,00",1.35,1.35,0.60,0.58,1.07,0.00,0.00,"0/6 kare koşu","vuruş 2: 0,60s@boss0,85m/oyuncu1,14m 0,93s@boss0,85m/oyuncu2,68m; kalıp sonu: merkeze 2,81 m, başlangıçtan 0,50 m, kalıp simülasyonundan 0,00 m, boss 0,69 m kaydı; toparlanma 0,43 sn (tablo 0,26)"
5-7,"Bulandırıcı Patlama","Küre","sis_bombasi",1,1,1,1,1,1,1,1,1,1,"yerinde","yerinde",93056.00,"boss:Blind+Burn, oyuncu:Stealth",3.00,1.35,0.26,0.22,0.73,0.00,0.00,"","vuruş 1: 0,60s@boss0,35m/oyuncu3,35m; kalıp sonu: merkeze 3,46 m, başlangıçtan 0,00 m, kalıp simülasyonundan 0,00 m, boss 0,46 m kaydı; toparlanma 0,43 sn (tablo 0,26)"
5-8,"Yükselen Patlama","Küre","yerden_fiskirma",1,1,1,1,1,1,1,1,1,1,"ön","ön",103760.00,"boss:Burn+Stun, boss hız x0,00",2.60,1.35,0.47,0.44,0.93,0.00,0.00,"","vuruş 1: 0,73s@boss0,00m/oyuncu2,75m; kalıp sonu: merkeze 2,60 m, başlangıçtan 0,40 m, kalıp simülasyonundan 0,00 m; toparlanma 0,43 sn (tablo 0,26)"
5-9,"Odaklı Patlama","Küre","gudumlu_top",1,1,1,1,1,1,1,1,1,1,"yerinde","yerinde",148256.00,"boss:Burn",3.05,1.35,0.68,0.56,1.15,0.00,0.00,"","vuruş 1: 0,94s@boss0,01m/oyuncu3,23m; kalıp sonu: merkeze 3,90 m, başlangıçtan 0,00 m, kalıp simülasyonundan 0,00 m, boss 0,90 m kaydı; toparlanma 0,43 sn (tablo 0,26)"
6-4,"Sabit Bağ","Küre","karsilikli_kilit",1,1,1,1,1,1,1,1,1,1,"ön","ön",44608.00,"boss:Burn+Root, boss hız x0,00",1.50,1.35,3.26,3.24,3.73,0.00,0.00,"1/4 kare koşu, ayak/gövde hız oranı 0,97","vuruş 1: 0,93s@boss0,41m/oyuncu1,11m; kalıp sonu: merkeze 2,86 m, başlangıçtan 1,57 m, kalıp simülasyonundan 0,07 m, boss 1,43 m kaydı; toparlanma 0,43 sn (tablo 0,26)"
6-5,"Yayılan Bağ","Küre","yer_tuzagi",1,1,1,1,1,1,1,1,1,1,"yerinde","yerinde",36904.00,"boss:Burn+Root, boss hız x0,00",3.00,1.35,0.33,0.28,0.80,0.00,0.00,"","vuruş 1: 0,60s@boss0,63m/oyuncu2,38m; kalıp sonu: merkeze 3,64 m, başlangıçtan 0,00 m, kalıp simülasyonundan 0,00 m, boss 0,64 m kaydı; toparlanma 0,43 sn (tablo 0,26)"
6-6,"Bağlayıcı Bağ","Küre","iki_uclu",1,1,1,1,1,1,1,1,1,1,"yerinde","yerinde",32464.00,"boss:Root+Slow+Burn, boss hız x0,00",3.02,1.35,0.67,0.65,1.13,0.00,0.00,"","vuruş 1: 0,60s@boss0,27m/oyuncu3,36m; kalıp sonu: merkeze 4,21 m, başlangıçtan 0,00 m, kalıp simülasyonundan 0,00 m, boss 1,21 m kaydı; toparlanma 0,43 sn (tablo 0,26)"
6-7,"Bulandırıcı Bağ","Küre","goz_bagi",1,1,1,1,1,1,1,1,1,1,"yerinde","yerinde",40384.00,"boss:Blind+Burn+Root, boss hız x0,00",3.00,1.35,0.13,0.20,0.60,0.00,0.00,"","vuruş 1: 0,60s@boss0,27m/oyuncu3,28m; kalıp sonu: merkeze 3,02 m, başlangıçtan 0,00 m, kalıp simülasyonundan 0,00 m; toparlanma 0,43 sn (tablo 0,26)"
6-8,"Yükselen Bağ","Küre","havada_asma",1,1,1,1,1,1,1,1,1,1,"ön","ön",33992.00,"boss:Stun+Burn+Root, boss hız x0,00",1.50,1.35,1.20,1.14,1.67,0.00,0.00,"0/5 kare koşu","vuruş 1: 0,93s@boss1,50m/oyuncu0,00m; kalıp sonu: merkeze 2,65 m, başlangıçtan 1,50 m, kalıp simülasyonundan 0,00 m, boss 1,15 m kaydı; toparlanma 0,43 sn (tablo 0,26)"
6-9,"Odaklı Bağ","Küre","zamanli_donma",1,1,1,1,1,1,1,1,1,1,"ön","ön",63512.00,"boss:Burn+Root, boss hız x0,00",1.49,1.35,0.53,0.50,1.00,0.00,0.00,"0/3 kare koşu","vuruş 1: 0,87s@boss0,56m/oyuncu1,28m; kalıp sonu: merkeze 1,50 m, başlangıçtan 1,53 m, kalıp simülasyonundan 0,03 m; toparlanma 0,43 sn (tablo 0,26)"
7-4,"Sabit Zafiyet","Küre","mayin_cakma",1,1,1,1,1,1,1,1,1,1,"yerinde","yerinde",19488.00,"boss:Burn",3.04,1.35,0.47,0.42,0.93,0.00,0.00,"","vuruş 2: 0,67s@boss0,85m/oyuncu2,32m 0,73s@boss0,85m/oyuncu2,32m; kalıp sonu: merkeze 3,83 m, başlangıçtan 0,00 m, kalıp simülasyonundan 0,00 m, boss 0,83 m kaydı; toparlanma 0,43 sn (tablo 0,26)"
7-5,"Yayılan Zafiyet","Küre","onde_yelpaze",1,1,1,1,1,1,1,1,1,1,"yerinde","yerinde",19496.00,"boss:Burn",3.02,1.35,0.67,0.63,1.13,0.00,0.00,"","vuruş 1: 0,86s@boss1,98m/oyuncu1,12m; kalıp sonu: merkeze 3,88 m, başlangıçtan 0,00 m, kalıp simülasyonundan 0,00 m, boss 0,88 m kaydı; toparlanma 0,43 sn (tablo 0,26)"
7-6,"Bağlayıcı Zafiyet","Küre","dost_ip",1,1,1,1,1,1,1,1,1,1,"yerinde","yerinde",24816.00,"boss:Root+Slow+Burn, boss hız x0,00",3.02,1.35,0.67,0.62,1.13,0.00,0.00,"","vuruş 1: 0,60s@boss0,28m/oyuncu3,35m; kalıp sonu: merkeze 4,19 m, başlangıçtan 0,00 m, kalıp simülasyonundan 0,00 m, boss 1,19 m kaydı; toparlanma 0,43 sn (tablo 0,26)"
8-4,"Sabit Yükseliş","Küre","totem_dikme",1,1,1,1,1,1,1,1,1,1,"yerinde","yerinde",0.00,"",3.00,1.35,0.33,0.30,0.80,0.00,0.00,"","hasarsız skill (base_damage 0): etki hareketin kendisi; vuruş 1: 0,67s@boss3,10m/oyuncu0,00m; kalıp sonu: merkeze 3,12 m, başlangıçtan 0,15 m, kalıp simülasyonundan 0,00 m, kalıp hedefi AllyDummy; toparlanma 0,43 sn (tablo 0,26)"
8-5,"Yayılan Yükseliş","Küre","savas_narasi",1,1,1,1,1,1,1,1,1,1,"yerinde","yerinde",0.00,"",3.00,1.35,0.40,0.36,0.87,0.00,0.00,"","hasarsız skill (base_damage 0): etki hareketin kendisi; vuruş 1: 0,60s@boss3,00m/oyuncu0,00m; kalıp sonu: merkeze 3,00 m, başlangıçtan 0,00 m, kalıp simülasyonundan 0,00 m; toparlanma 0,43 sn (tablo 0,26)"
8-6,"Bağlayıcı Yükseliş","Küre","dost_dosta",1,1,1,1,1,1,1,1,1,1,"yan","yan",0.00,"",2.38,1.35,0.53,0.52,1.00,0.00,0.00,"1/4 kare koşu, ayak/gövde hız oranı 0,89","hasarsız skill (base_damage 0): etki hareketin kendisi; vuruş 3: 0,53s@boss4,05m/oyuncu1,22m 0,73s@boss2,84m/oyuncu1,41m 0,87s@boss4,76m/oyuncu2,38m; kalıp sonu: merkeze 2,38 m, başlangıçtan 1,41 m, kalıp simülasyonundan 0,00 m, kalıp hedefi AllyDummy; toparlanma 0,43 sn (tablo 0,26)"
9-4,"Sabit Arınma","Küre","yer_tuzagi",1,1,1,1,1,1,1,1,1,1,"yerinde","yerinde",0.00,"oyuncu +28000 can",3.00,1.35,0.34,0.28,0.80,0.00,0.00,"","vuruş 1: 0,60s@boss0,62m/oyuncu2,38m; kalıp sonu: merkeze 3,00 m, başlangıçtan 0,00 m, kalıp simülasyonundan 0,00 m; toparlanma 0,43 sn (tablo 0,26)"
9-5,"Yayılan Arınma","Küre","dagilan_yagmur",1,1,1,1,1,1,1,1,1,1,"yerinde","yerinde",0.00,"oyuncu +28000 can",3.00,1.35,0.60,0.58,1.07,0.00,0.00,"","vuruş 1: 0,80s@boss3,00m/oyuncu0,00m; kalıp sonu: merkeze 3,00 m, başlangıçtan 0,00 m, kalıp simülasyonundan 0,00 m, kalıp hedefi AllyDummy; toparlanma 0,43 sn (tablo 0,26)"
9-6,"Bağlayıcı Arınma","Küre","iki_uclu",1,1,1,1,1,1,1,1,1,1,"yerinde","yerinde",0.00,"oyuncu +28000 can",3.00,1.35,0.67,0.65,1.13,0.00,0.00,"","vuruş 1: 0,60s@boss6,36m/oyuncu3,88m; kalıp sonu: merkeze 3,00 m, başlangıçtan 0,00 m, kalıp simülasyonundan 0,00 m, kalıp hedefi AllyDummy; toparlanma 0,43 sn (tablo 0,26)"
4-10,"Aynalı Kalkan","Küre","sirtta_kapi",1,1,1,1,1,1,1,1,1,1,"ön","ön",30000.00,"",1.80,1.35,0.33,0.32,0.73,0.00,0.00,"0/3 kare koşu","vuruş 2: 0,47s@boss0,91m/oyuncu1,19m 0,60s@boss0,55m/oyuncu2,35m; kalıp sonu: merkeze 1,80 m, başlangıçtan 1,20 m, kalıp simülasyonundan 0,00 m"
4-11,"Kopya Kalkan","Küre","yem_kopya",1,1,1,1,1,1,1,1,1,1,"yerinde","yerinde",0.00,"",3.00,1.35,0.27,0.24,0.67,0.00,0.00,"","hasarsız skill (base_damage 0): etki hareketin kendisi; vuruş 1: 0,47s@boss2,98m/oyuncu1,29m; kalıp sonu: merkeze 3,00 m, başlangıçtan 0,00 m, kalıp simülasyonundan 0,00 m"
4-12,"Akan Kalkan","Küre","basili_siper",1,1,1,1,1,1,1,1,1,1,"geri","geri",0.00,"",3.00,1.35,3.00,3.00,3.40,0.00,0.00,"","hasarsız skill (base_damage 0): etki hareketin kendisi; vuruş 3: 1,13s@boss5,17m/oyuncu2,38m 2,13s@boss5,41m/oyuncu2,38m 3,13s@boss5,66m/oyuncu2,38m; kalıp sonu: merkeze 3,61 m, başlangıçtan 0,80 m, kalıp simülasyonundan 0,00 m, kalıp hedefi AllyDummy"
5-10,"Aynalı Patlama","Küre","karsi_darbe",1,1,1,1,1,1,1,1,1,1,"ön","ön",88792.00,"boss:Burn",1.89,1.35,0.40,0.36,0.87,0.00,0.00,"0/3 kare koşu","vuruş 1: 0,73s@boss0,53m/oyuncu1,36m; kalıp sonu: merkeze 2,17 m, başlangıçtan 1,30 m, kalıp simülasyonundan 0,00 m, boss 0,47 m kaydı; toparlanma 0,43 sn (tablo 0,26)"
5-11,"Kopya Patlama","Küre","golge_yankisi",1,1,1,1,1,1,1,1,1,1,"ön","ön",94592.00,"boss:Burn",2.36,1.35,0.53,0.50,1.00,0.00,0.00,"1/3 kare koşu, ayak/gövde hız oranı 1,01","vuruş 2: 0,53s@boss1,22m/oyuncu1,15m 0,87s@boss2,80m/oyuncu1,39m; kalıp sonu: merkeze 3,27 m, başlangıçtan 0,90 m, kalıp simülasyonundan 0,00 m, boss 1,17 m kaydı; toparlanma 0,43 sn (tablo 0,26)"
5-12,"Akan Patlama","Küre","patlayan_iz",1,1,1,1,1,1,1,1,1,1,"ön","ön",80712.00,"boss:Burn",2.96,1.35,2.94,3.00,3.40,0.00,0.00,"","vuruş 6: 0,87s@boss2,16m/oyuncu1,53m 1,40s@boss3,19m/oyuncu1,53m 1,87s@boss3,09m/oyuncu1,53m 2,40s@boss2,75m/oyuncu1,53m 2,87s@boss2,42m/oyuncu1,53m 3,40s@boss2,04m/oyuncu1,53m; kalıp sonu: merkeze 3,57 m, başlangıçtan 2,20 m, kalıp simülasyonundan 0,70 m, boss 2,77 m kaydı; toparlanma 0,43 sn (tablo 0,26)"
6-10,"Aynalı Bağ","Küre","karsi_darbe",1,1,1,1,1,1,1,1,1,1,"ön","ön",29288.00,"boss:Burn+Root, boss hız x0,00",1.92,1.35,0.40,0.36,0.87,0.00,0.00,"0/3 kare koşu","vuruş 1: 0,73s@boss0,56m/oyuncu1,36m; kalıp sonu: merkeze 2,17 m, başlangıçtan 1,30 m, kalıp simülasyonundan 0,00 m, boss 0,47 m kaydı; toparlanma 0,43 sn (tablo 0,26)"
6-11,"Kopya Bağ","Küre","onden_arkadan",1,1,1,1,1,1,1,1,1,1,"ön","ön",55856.00,"boss:Burn+Root, boss hız x0,00",2.44,1.35,0.40,0.34,0.87,0.00,0.00,"0/3 kare koşu","vuruş 2: 0,53s@boss1,35m/oyuncu1,11m 0,67s@boss0,60m/oyuncu3,30m; kalıp sonu: merkeze 3,11 m, başlangıçtan 0,90 m, kalıp simülasyonundan 0,00 m, boss 1,01 m kaydı; toparlanma 0,43 sn (tablo 0,26)"
6-12,"Akan Bağ","Küre","cember_sarma",1,1,1,1,1,1,1,1,1,1,"arka","arka",27488.00,"boss:Root+Burn, boss hız x0,00",1.50,1.35,0.93,0.90,1.40,0.00,0.00,"0/11 kare koşu","vuruş 1: 1,27s@boss0,02m/oyuncu2,06m; kalıp sonu: merkeze 2,53 m, başlangıçtan 4,62 m, kalıp simülasyonundan 0,03 m, boss 0,45 m kaydı; toparlanma 0,43 sn (tablo 0,26)"
10-4,"Sabit Yansı","Küre","duvar_dikme",1,1,1,1,1,1,1,1,1,1,"yerinde","yerinde",3584.00,"boss:Burn",3.00,1.35,0.33,0.32,0.73,0.00,0.00,"","vuruş 1: 0,60s@boss0,62m/oyuncu2,38m; kalıp sonu: merkeze 3,00 m, başlangıçtan 0,00 m, kalıp simülasyonundan 0,00 m"
10-5,"Yayılan Yansı","Küre","yuruyen_balon",1,1,1,1,1,1,1,1,1,1,"ön","ön",24136.00,"boss:Burn",1.80,1.35,4.27,4.20,4.71,0.00,0.00,"","vuruş 5: 0,48s@boss3,00m/oyuncu0,00m 1,64s@boss2,68m/oyuncu0,00m 2,57s@boss2,40m/oyuncu0,00m 3,64s@boss2,08m/oyuncu0,00m 4,64s@boss1,80m/oyuncu0,00m; kalıp sonu: merkeze 1,80 m, başlangıçtan 1,20 m, kalıp simülasyonundan 0,00 m"
10-6,"Bağlayıcı Yansı","Küre","silaha_kement",1,1,1,1,1,1,1,1,1,1,"yerinde","yerinde",8008.00,"boss:Root+Slow+Burn, boss hız x0,00",3.00,1.35,1.00,0.94,1.40,0.00,0.00,"","vuruş 1: 0,53s@boss0,40m/oyuncu3,40m; kalıp sonu: merkeze 3,00 m, başlangıçtan 0,00 m, kalıp simülasyonundan 0,00 m"
11-4,"Sabit Çağrı","Küre","taret_dikme",1,1,1,1,1,1,1,1,1,1,"ön","ön",52968.00,"boss:Burn",2.57,1.35,0.59,0.54,0.98,0.00,0.00,"0/2 kare koşu","vuruş 2: 0,69s@boss2,59m/oyuncu0,00m 0,85s@boss0,28m/oyuncu2,88m; kalıp sonu: merkeze 2,62 m, başlangıçtan 0,47 m, kalıp simülasyonundan 0,00 m"
11-5,"Yayılan Çağrı","Küre","dagilan_suru",1,1,1,1,1,1,1,1,1,1,"yerinde","yerinde",92008.00,"boss:Burn",3.00,1.35,0.48,0.42,0.88,0.00,0.00,"","vuruş 3: 0,47s@boss0,35m/oyuncu3,02m 0,55s@boss0,00m/oyuncu3,02m 0,75s@boss0,35m/oyuncu3,09m; kalıp sonu: merkeze 3,08 m, başlangıçtan 0,00 m, kalıp simülasyonundan 0,00 m"
11-6,"Bağlayıcı Çağrı","Küre","muhafiz",1,1,1,1,1,1,1,1,1,1,"ön","ön",161984.00,"boss:Burn+Root+Slow, boss hız x0,00",2.53,1.35,0.67,0.64,1.09,0.00,0.00,"0/2 kare koşu","vuruş 1: 0,62s@boss2,49m/oyuncu1,20m; kalıp sonu: merkeze 2,62 m, başlangıçtan 0,48 m, kalıp simülasyonundan 0,00 m"
12-4,"Sabit Zaman","Küre","totem_dikme",1,1,1,1,1,1,1,1,1,1,"yerinde","yerinde",137328.00,"boss:Burn+Slow+Stun, boss hız x0,00",2.87,1.35,0.35,0.30,0.82,0.00,0.00,"","vuruş 1: 0,68s@boss2,87m/oyuncu0,00m; kalıp sonu: merkeze 3,32 m, başlangıçtan 0,15 m, kalıp simülasyonundan 0,00 m, boss 0,47 m kaydı; toparlanma 0,43 sn (tablo 0,26)"
12-5,"Yayılan Zaman","Küre","genisleyen_halka",1,1,1,1,1,1,1,1,1,1,"yerinde","yerinde",3656.00,"boss:Burn+Slow, boss hız x0,70",3.01,1.35,0.60,0.58,1.06,0.00,0.00,"","vuruş 1: 0,86s@boss3,08m/oyuncu0,00m; kalıp sonu: merkeze 3,74 m, başlangıçtan 0,00 m, kalıp simülasyonundan 0,00 m, boss 0,74 m kaydı; toparlanma 0,43 sn (tablo 0,26)"
12-6,"Bağlayıcı Zaman","Küre","iki_uclu",1,1,1,1,1,1,1,1,1,1,"yerinde","yerinde",5592.00,"boss:Burn, oyuncu:Haste, oyuncu hız x1,30",3.02,1.35,0.67,0.65,1.13,0.00,0.00,"","vuruş 1: 0,60s@boss0,28m/oyuncu3,36m; kalıp sonu: merkeze 4,20 m, başlangıçtan 0,00 m, kalıp simülasyonundan 0,00 m, boss 1,20 m kaydı; toparlanma 0,43 sn (tablo 0,26)"
7-7,"Bulandırıcı Zafiyet","Küre","sis_bombasi",1,1,1,1,1,1,1,1,1,1,"yerinde","yerinde",27240.00,"boss:Blind+Burn",3.00,1.35,0.26,0.22,0.73,0.00,0.00,"","vuruş 1: 0,60s@boss0,36m/oyuncu3,36m; kalıp sonu: merkeze 3,47 m, başlangıçtan 0,00 m, kalıp simülasyonundan 0,00 m, boss 0,47 m kaydı; toparlanma 0,43 sn (tablo 0,26)"
7-8,"Yükselen Zafiyet","Küre","yerden_fiskirma",1,1,1,1,1,1,1,1,1,1,"ön","ön",20544.00,"boss:Burn+Stun, boss hız x0,00",2.58,1.35,0.47,0.44,0.94,0.00,0.00,"","vuruş 1: 0,73s@boss0,00m/oyuncu2,75m; kalıp sonu: merkeze 2,60 m, başlangıçtan 0,40 m, kalıp simülasyonundan 0,00 m; toparlanma 0,43 sn (tablo 0,26)"
7-9,"Odaklı Zafiyet","Küre","isaret_patlamasi",1,1,1,1,1,1,1,1,1,1,"yerinde","yerinde",44408.00,"boss:Burn",3.04,1.35,1.93,1.92,2.40,0.00,0.00,"","vuruş 1: 2,27s@boss0,00m/oyuncu3,20m; kalıp sonu: merkeze 3,20 m, başlangıçtan 0,00 m, kalıp simülasyonundan 0,00 m, boss 0,20 m kaydı; toparlanma 0,43 sn (tablo 0,26)"
7-10,"Aynalı Zafiyet","Küre","onden_arkadan",1,1,1,1,1,1,1,1,1,1,"ön","ön",26976.00,"boss:Burn",2.36,1.35,0.40,0.34,0.87,0.00,0.00,"0/3 kare koşu","vuruş 2: 0,53s@boss1,26m/oyuncu1,11m 0,67s@boss0,60m/oyuncu3,29m; kalıp sonu: merkeze 3,11 m, başlangıçtan 0,90 m, kalıp simülasyonundan 0,00 m, boss 1,01 m kaydı; toparlanma 0,43 sn (tablo 0,26)"
7-11,"Kopya Zafiyet","Küre","golge_yankisi",1,1,1,1,1,1,1,1,1,1,"ön","ön",28304.00,"boss:Burn",2.27,1.35,0.54,0.50,1.00,0.00,0.00,"1/3 kare koşu, ayak/gövde hız oranı 1,02","vuruş 2: 0,54s@boss1,12m/oyuncu1,15m 0,87s@boss2,72m/oyuncu1,39m; kalıp sonu: merkeze 3,18 m, başlangıçtan 0,90 m, kalıp simülasyonundan 0,00 m, boss 1,08 m kaydı; toparlanma 0,43 sn (tablo 0,26)"
7-12,"Akan Zafiyet","Küre","basili_isik",1,1,1,1,1,1,1,1,1,1,"ön","ön",40528.00,"boss:Burn",2.90,1.35,3.06,3.00,3.53,0.00,0.00,"","vuruş 6: 0,67s@boss0,18m/oyuncu2,72m 1,20s@boss1,08m/oyuncu2,72m 1,66s@boss1,09m/oyuncu2,72m 2,20s@boss0,92m/oyuncu2,72m 2,66s@boss0,74m/oyuncu2,72m 3,20s@boss0,53m/oyuncu2,72m; kalıp sonu: merkeze 3,17 m, başlangıçtan 1,20 m, kalıp simülasyonundan 0,00 m, boss 1,37 m kaydı; toparlanma 0,43 sn (tablo 0,26)"
8-7,"Bulandırıcı Yükseliş","Küre","goz_bagi",1,1,1,1,1,1,1,1,1,1,"yerinde","yerinde",0.00,"",3.00,1.35,0.27,0.20,0.74,0.00,0.00,"","hasarsız skill (base_damage 0): etki hareketin kendisi; vuruş 1: 0,60s@boss0,28m/oyuncu3,28m; kalıp sonu: merkeze 3,00 m, başlangıçtan 0,00 m, kalıp simülasyonundan 0,00 m; toparlanma 0,43 sn (tablo 0,26)"
8-8,"Yükselen Yükseliş","Küre","buyuten_kemer",1,1,1,1,1,1,1,1,1,1,"yerinde","yerinde",0.00,"",3.00,1.35,0.47,0.42,0.93,0.00,0.00,"","hasarsız skill (base_damage 0): etki hareketin kendisi; vuruş 1: 0,73s@boss5,04m/oyuncu2,21m; kalıp sonu: merkeze 3,22 m, başlangıçtan 0,30 m, kalıp simülasyonundan 0,00 m, kalıp hedefi AllyDummy; toparlanma 0,43 sn (tablo 0,26)"
8-9,"Odaklı Yükseliş","Küre","gudumlu_top",1,1,1,1,1,1,1,1,1,1,"yerinde","yerinde",0.00,"",3.00,1.35,0.60,0.56,1.07,0.00,0.00,"","hasarsız skill (base_damage 0): etki hareketin kendisi; vuruş 1: 0,93s@boss6,98m/oyuncu4,53m; kalıp sonu: merkeze 3,00 m, başlangıçtan 0,00 m, kalıp simülasyonundan 0,00 m, kalıp hedefi AllyDummy; toparlanma 0,43 sn (tablo 0,26)"
8-10,"Aynalı Yükseliş","Küre","ters_es",1,1,1,1,1,1,1,1,1,1,"yerinde","yerinde",0.00,"",3.00,1.35,0.47,0.44,0.93,0.00,0.00,"","hasarsız skill (base_damage 0): etki hareketin kendisi; vuruş 2: 0,60s@boss2,60m/oyuncu0,40m 0,80s@boss0,00m/oyuncu3,00m; kalıp sonu: merkeze 3,00 m, başlangıçtan 0,00 m, kalıp simülasyonundan 0,00 m; toparlanma 0,43 sn (tablo 0,26)"
8-11,"Kopya Yükseliş","Küre","golge_ulak",1,1,1,1,1,1,1,1,1,1,"yan","yan",0.00,"",2.43,1.35,1.40,1.36,1.87,0.00,0.00,"1/3 kare koşu, ayak/gövde hız oranı 1,00","hasarsız skill (base_damage 0): etki hareketin kendisi; vuruş 2: 0,53s@boss3,26m/oyuncu0,35m 1,74s@boss3,05m/oyuncu1,46m; kalıp sonu: merkeze 2,43 m, başlangıçtan 1,41 m, kalıp simülasyonundan 0,00 m, kalıp hedefi AllyDummy; toparlanma 0,43 sn (tablo 0,26)"
8-12,"Akan Yükseliş","Küre","akinti_yolu",1,1,1,1,1,1,1,1,1,1,"geri","geri",0.00,"",3.00,1.35,1.00,0.94,1.47,0.00,0.00,"0/10 kare koşu","hasarsız skill (base_damage 0): etki hareketin kendisi; vuruş 1: 1,27s@boss6,27m/oyuncu2,38m; kalıp sonu: merkeze 4,11 m, başlangıçtan 1,40 m, kalıp simülasyonundan 0,00 m, kalıp hedefi AllyDummy; toparlanma 0,43 sn (tablo 0,26)"
9-7,"Bulandırıcı Arınma","Küre","sis_ortusu",1,1,1,1,1,1,1,1,1,1,"yerinde","yerinde",0.00,"oyuncu +28000 can",3.00,1.35,0.33,0.30,0.79,0.00,0.00,"","vuruş 1: 0,59s@boss0,00m/oyuncu3,00m; kalıp sonu: merkeze 3,00 m, başlangıçtan 0,00 m, kalıp simülasyonundan 0,00 m; toparlanma 0,43 sn (tablo 0,26)"
9-8,"Yükselen Arınma","Küre","isik_sutunu",1,1,1,1,1,1,1,1,1,1,"yerinde","yerinde",0.00,"oyuncu +28000 can",3.00,1.35,0.53,0.48,1.00,0.00,0.00,"","vuruş 1: 0,80s@boss3,06m/oyuncu0,00m; kalıp sonu: merkeze 3,07 m, başlangıçtan 0,10 m, kalıp simülasyonundan 0,00 m, kalıp hedefi AllyDummy; toparlanma 0,43 sn (tablo 0,26)"
9-9,"Odaklı Arınma","Küre","mermi_sondur",1,1,1,1,1,1,1,1,1,1,"yerinde","yerinde",0.00,"oyuncu +28000 can",3.00,1.35,0.40,0.38,0.87,0.00,0.00,"","vuruş 1: 0,73s@boss6,98m/oyuncu4,53m; kalıp sonu: merkeze 3,00 m, başlangıçtan 0,00 m, kalıp simülasyonundan 0,00 m, kalıp hedefi AllyDummy; toparlanma 0,43 sn (tablo 0,26)"
9-10,"Aynalı Arınma","Küre","yer_degistir",1,1,1,1,1,1,1,1,1,1,"arka","arka",0.00,"oyuncu +28000 can",1.50,1.35,0.40,0.34,0.86,0.00,0.00,"0/1 kare koşu","vuruş 1: 0,73s@boss0,31m/oyuncu1,19m; kalıp sonu: merkeze 1,50 m, başlangıçtan 4,50 m, kalıp simülasyonundan 0,00 m, ışın 8,34 m konumdan çıkarıldı; tek karede 8,34 m sıçrama (sınır 2,42 m @ 66 ms, t=0,86, ışın tasarım gereği); toparlanma 0,43 sn (tablo 0,26)"
9-11,"Kopya Arınma","Küre","yem_kopya",1,1,1,1,1,1,1,1,1,1,"yerinde","yerinde",0.00,"oyuncu +28000 can, dost +28000 can",3.00,1.35,0.27,0.24,0.73,0.00,0.00,"","vuruş 1: 0,53s@boss2,98m/oyuncu1,29m; kalıp sonu: merkeze 3,00 m, başlangıçtan 0,00 m, kalıp simülasyonundan 0,00 m; toparlanma 0,43 sn (tablo 0,26)"
9-12,"Akan Arınma","Küre","nabiz",1,1,1,1,1,1,1,1,1,1,"yerinde","yerinde",0.00,"oyuncu +16000 can, dost +8000 can",3.00,1.35,3.20,3.18,3.67,0.00,0.00,"","vuruş 3: 1,60s@boss3,00m/oyuncu0,00m 2,60s@boss3,00m/oyuncu0,00m 3,60s@boss3,00m/oyuncu0,00m; kalıp sonu: merkeze 3,00 m, başlangıçtan 0,00 m, kalıp simülasyonundan 0,00 m; toparlanma 0,43 sn (tablo 0,26)"
10-7,"Bulandırıcı Yansı","Küre","sahte_goruntu",1,1,1,1,1,1,1,1,1,1,"geri","geri",5200.00,"boss:Blind+Burn",3.00,1.35,0.47,0.44,0.87,0.00,0.00,"1/3 kare koşu, ayak/gövde hız oranı 0,87","vuruş 3: 0,47s@boss3,06m/oyuncu1,37m 0,60s@boss3,06m/oyuncu1,37m 0,73s@boss3,66m/oyuncu0,00m; kalıp sonu: merkeze 3,90 m, başlangıçtan 0,90 m, kalıp simülasyonundan 0,00 m"
10-8,"Yükselen Yansı","Küre","yerden_buyuyen",1,1,1,1,1,1,1,1,1,1,"yerinde","yerinde",2800.00,"boss:Burn",2.75,1.35,0.47,0.42,0.87,0.00,0.00,"","vuruş 1: 0,67s@boss0,00m/oyuncu2,80m; kalıp sonu: merkeze 2,75 m, başlangıçtan 0,25 m, kalıp simülasyonundan 0,00 m"
10-9,"Odaklı Yansı","Küre","koruyucu_isaret",1,1,1,1,1,1,1,1,1,1,"ön","ön",3200.00,"boss:Burn",2.20,1.35,0.20,0.20,0.60,0.00,0.00,"0/3 kare koşu","vuruş 1: 0,53s@boss1,85m/oyuncu0,35m; kalıp sonu: merkeze 2,20 m, başlangıçtan 0,80 m, kalıp simülasyonundan 0,00 m"
11-7,"Bulandırıcı Çağrı","Küre","sirt_saplama",1,1,1,1,1,1,1,1,1,1,"yerinde","yerinde",29480.00,"boss:Blind+Burn",3.00,1.35,0.34,0.32,0.74,0.00,0.00,"","vuruş 1: 0,60s@boss0,00m/oyuncu3,04m; kalıp sonu: merkeze 3,06 m, başlangıçtan 0,00 m, kalıp simülasyonundan 0,00 m"
11-8,"Yükselen Çağrı","Küre","dostu_yerden",1,1,1,1,1,1,1,1,1,1,"yan","yan",57992.00,"boss:Burn",2.64,1.35,0.93,0.90,1.33,0.00,0.00,"0/10 kare koşu","vuruş 1: 1,13s@boss2,52m/oyuncu0,95m; kalıp sonu: merkeze 2,68 m, başlangıçtan 1,02 m, kalıp simülasyonundan 0,00 m"
11-9,"Odaklı Çağrı","Küre","pesinden_av",1,1,1,1,1,1,1,1,1,1,"ön","ön",182296.00,"boss:Burn",1.96,1.35,2.48,2.45,2.89,0.00,0.00,"0/2 kare koşu","vuruş 1: 2,76s@boss0,00m/oyuncu2,05m; kalıp sonu: merkeze 2,05 m, başlangıçtan 1,06 m, kalıp simülasyonundan 0,00 m, boss 0,11 m kaydı"
12-7,"Bulandırıcı Zaman","Küre","kum_saati",1,1,1,1,1,1,1,1,1,1,"yerinde","yerinde",43576.00,"boss:Blind+Burn+Slow, boss hız x0,70",3.00,1.35,0.67,0.62,1.13,0.00,0.00,"","vuruş 1: 0,60s@boss0,28m/oyuncu3,28m; kalıp sonu: merkeze 4,11 m, başlangıçtan 0,00 m, kalıp simülasyonundan 0,00 m, boss 1,11 m kaydı; toparlanma 0,43 sn (tablo 0,26)"
12-8,"Yükselen Zaman","Küre","isik_sutunu",1,1,1,1,1,1,1,1,1,1,"yerinde","yerinde",2544.00,"boss:Burn, oyuncu:Haste, oyuncu hız x1,50",2.90,1.35,0.53,0.48,1.00,0.00,0.00,"","vuruş 1: 0,80s@boss2,92m/oyuncu0,00m; kalıp sonu: merkeze 2,90 m, başlangıçtan 0,10 m, kalıp simülasyonundan 0,00 m; toparlanma 0,43 sn (tablo 0,26)"
12-9,"Odaklı Zaman","Küre","isaret_patlamasi",1,1,1,1,1,1,1,1,1,1,"yerinde","yerinde",2008.00,"boss:Burn+Slow, boss hız x0,70",3.00,1.35,1.93,1.92,2.40,0.00,0.00,"","vuruş 1: 2,27s@boss0,00m/oyuncu3,00m; kalıp sonu: merkeze 3,00 m, başlangıçtan 0,00 m, kalıp simülasyonundan 0,00 m; toparlanma 0,43 sn (tablo 0,26)"
1-1,"Yoğun Vuruş","Çekiç","yukle_birak",1,1,1,1,1,1,1,1,1,1,"ön","ön",336720.00,"boss:Burn+Stun, boss hız x0,00",1.69,1.35,0.53,0.52,1.07,0.00,0.00,"0/3 kare koşu","vuruş 1: 0,93s@boss0,40m/oyuncu1,53m; kalıp sonu: merkeze 1,89 m, başlangıçtan 1,70 m, kalıp simülasyonundan 0,20 m, boss 0,59 m kaydı; toparlanma 0,51 sn (tablo 0,26)"
1-2,"Emici Vuruş","Çekiç","kan_ceken_pence",1,1,1,1,1,1,1,1,1,1,"yerinde","yerinde",229480.00,"boss:Burn, oyuncu +67649 can",1.34,1.35,0.38,0.38,0.91,0.00,0.00,"","vuruş 3: 0,60s@boss1,81m/oyuncu1,02m 0,73s@boss1,23m/oyuncu1,02m 0,86s@boss0,64m/oyuncu1,02m; kalıp sonu: merkeze 1,45 m, başlangıçtan 0,00 m, kalıp simülasyonundan 0,00 m, boss 1,55 m kaydı; toparlanma 0,51 sn (tablo 0,26)"
1-3,"Sıçrayan Vuruş","Çekiç","yan_yan_sekme",1,1,1,1,1,1,1,1,1,1,"geri","geri",368232.00,"boss:Burn",2.85,1.35,0.47,0.46,1.00,0.00,0.00,"0/7 kare koşu","vuruş 2: 0,60s@boss0,73m/oyuncu3,52m 0,93s@boss0,74m/oyuncu4,98m; kalıp sonu: merkeze 4,40 m, başlangıçtan 1,30 m, kalıp simülasyonundan 0,12 m, boss 0,98 m kaydı; toparlanma 0,51 sn (tablo 0,26)"
1-4,"Sabit Vuruş","Çekiç","yere_cakilan",1,1,1,1,1,1,1,1,1,1,"yerinde","yerinde",375772.00,"boss:Burn+Stun, boss hız x0,00",2.85,1.35,0.47,0.42,1.00,0.00,0.00,"","vuruş 1: 0,87s@boss2,85m/oyuncu0,00m; kalıp sonu: merkeze 3,31 m, başlangıçtan 0,20 m, kalıp simülasyonundan 0,00 m, boss 0,51 m kaydı; toparlanma 0,51 sn (tablo 0,26)"
1-5,"Yayılan Vuruş","Çekiç","donen_kesik",1,1,1,1,1,1,1,1,1,1,"yerinde","yerinde",201340.00,"boss:Burn",3.03,1.35,0.60,0.55,1.13,0.00,0.00,"","vuruş 1: 0,73s@boss3,14m/oyuncu0,00m; kalıp sonu: merkeze 4,13 m, başlangıçtan 0,00 m, kalıp simülasyonundan 0,00 m, boss 1,13 m kaydı; toparlanma 0,51 sn (tablo 0,26)"
1-6,"Bağlayıcı Vuruş","Çekiç","zincirli_firlatma",1,1,1,1,1,1,1,1,1,1,"ön","ön",301924.00,"boss:Root+Slow+Burn, boss hız x0,00",2.67,1.35,0.74,0.70,1.27,0.00,0.00,"2/4 kare koşu, ayak/gövde hız oranı 0,98","vuruş 2: 0,67s@boss0,45m/oyuncu3,51m 1,13s@boss1,58m/oyuncu1,28m; kalıp sonu: merkeze 2,72 m, başlangıçtan 1,50 m, kalıp simülasyonundan 0,00 m, boss 1,22 m kaydı; toparlanma 0,51 sn (tablo 0,26)"
2-1,"Yoğun Şifa","Çekiç","tek_dokunus",1,1,1,1,1,1,1,1,1,1,"geri","geri",0.00,"oyuncu +168000 can",3.00,1.35,0.20,0.16,0.80,0.00,0.00,"0/2 kare koşu","vuruş 1: 0,66s@boss3,89m/oyuncu0,68m; kalıp sonu: merkeze 3,42 m, başlangıçtan 0,55 m, kalıp simülasyonundan 0,00 m, kalıp hedefi AllyDummy; toparlanma 0,59 sn (tablo 0,26)"
2-2,"Emici Şifa","Çekiç","uzaktan_emme",1,1,1,1,1,1,1,1,1,1,"yerinde","yerinde",53200.00,"oyuncu +84000 can, dost +28000 can",2.65,1.35,2.20,2.16,2.82,0.00,0.00,"","vuruş 4: 1,22s@boss0,19m/oyuncu2,72m 1,75s@boss0,10m/oyuncu2,72m 2,22s@boss0,01m/oyuncu2,72m 2,75s@boss0,07m/oyuncu2,72m; kalıp sonu: merkeze 2,65 m, başlangıçtan 0,35 m, kalıp simülasyonundan 0,00 m; toparlanma 0,59 sn (tablo 0,26)"
2-3,"Sıçrayan Şifa","Çekiç","dosttan_dosta",1,1,1,1,1,1,1,1,1,1,"yerinde","yerinde",0.00,"oyuncu +168000 can, dost +84000 can",3.00,1.35,0.60,0.54,1.20,0.00,0.00,"","vuruş 3: 0,73s@boss6,43m/oyuncu3,95m 0,80s@boss6,98m/oyuncu4,53m 1,00s@boss6,88m/oyuncu4,54m; kalıp sonu: merkeze 3,00 m, başlangıçtan 0,00 m, kalıp simülasyonundan 0,00 m, kalıp hedefi AllyDummy; toparlanma 0,59 sn (tablo 0,26)"
2-4,"Sabit Şifa","Çekiç","totem_dikme",1,1,1,1,1,1,1,1,1,1,"yerinde","yerinde",0.00,"oyuncu +168000 can",3.00,1.35,0.33,0.30,0.93,0.00,0.00,"","vuruş 1: 0,80s@boss3,10m/oyuncu0,00m; kalıp sonu: merkeze 3,11 m, başlangıçtan 0,15 m, kalıp simülasyonundan 0,00 m, kalıp hedefi AllyDummy; toparlanma 0,59 sn (tablo 0,26)"
2-5,"Yayılan Şifa","Çekiç","genisleyen_halka",1,1,1,1,1,1,1,1,1,1,"yerinde","yerinde",0.00,"oyuncu +168000 can",3.00,1.35,0.60,0.58,1.20,0.00,0.00,"","vuruş 1: 1,00s@boss3,00m/oyuncu0,00m; kalıp sonu: merkeze 3,00 m, başlangıçtan 0,00 m, kalıp simülasyonundan 0,00 m; toparlanma 0,59 sn (tablo 0,26)"
2-6,"Bağlayıcı Şifa","Çekiç","dostu_kanca",1,1,1,1,1,1,1,1,1,1,"geri","geri",0.00,"oyuncu +168000 can",3.00,1.35,0.53,0.52,1.13,0.00,0.00,"1/6 kare koşu, ayak/gövde hız oranı 1,01","vuruş 1: 1,00s@boss5,80m/oyuncu0,40m; kalıp sonu: merkeze 5,92 m, başlangıçtan 3,40 m, kalıp simülasyonundan 0,00 m, kalıp hedefi AllyDummy; toparlanma 0,59 sn (tablo 0,26)"
3-1,"Yoğun Adım","Çekiç","kisa_dash",1,1,1,1,1,1,1,1,1,1,"ön","ön",2788.00,"boss:Burn",1.50,1.35,0.20,0.16,0.80,0.00,0.00,"0/3 kare koşu","kalıp sonu: merkeze 1,50 m, başlangıçtan 1,50 m, kalıp simülasyonundan 0,00 m; toparlanma 0,59 sn (tablo 0,26)"
3-2,"Emici Adım","Çekiç","icinden_emme",1,1,1,1,1,1,1,1,1,1,"arka","arka",2800.00,"boss:Burn",0.15,1.35,0.33,0.28,0.93,0.00,0.00,"1/5 kare koşu, ayak/gövde hız oranı 1,01","vuruş 1: 0,73s@boss0,23m/oyuncu1,36m; kalıp sonu: merkeze 2,61 m, başlangıçtan 5,25 m, kalıp simülasyonundan 0,40 m, boss 0,36 m kaydı; gövdeye girdi: merkeze 0,15 m (t=0,67, temas 1,35) geçiş tasarım gereği; toparlanma 0,59 sn (tablo 0,26)"
3-3,"Sıçrayan Adım","Çekiç","sekmeli_ziplama",1,1,1,1,1,1,1,1,1,1,"arka","arka",3596.00,"boss:Burn",1.50,1.35,0.47,0.40,1.07,0.00,0.00,"0/6 kare koşu","vuruş 2: 0,73s@boss1,80m/oyuncu0,00m 0,93s@boss1,50m/oyuncu0,00m; kalıp sonu: merkeze 1,50 m, başlangıçtan 4,50 m, kalıp simülasyonundan 0,00 m; toparlanma 0,59 sn (tablo 0,26)"
3-4,"Sabit Adım","Çekiç","geri_sarma",1,1,1,1,1,1,1,1,1,1,"başlangıç","başlangıç",17720.00,"boss:Burn",1.50,1.35,2.69,2.66,3.29,0.00,0.00,"3/9 kare koşu, ayak/gövde hız oranı 0,95","kalıp sonu: merkeze 3,00 m, başlangıçtan 0,00 m, kalıp simülasyonundan 0,00 m; toparlanma 0,59 sn (tablo 0,26)"
3-5,"Yayılan Adım","Çekiç","dalis_patlamasi",1,1,1,1,1,1,1,1,1,1,"ön","ön",2784.00,"boss:Burn",1.50,1.35,0.47,0.42,1.07,0.00,0.00,"0/4 kare koşu","vuruş 1: 0,87s@boss1,50m/oyuncu0,00m; kalıp sonu: merkeze 1,50 m, başlangıçtan 1,50 m, kalıp simülasyonundan 0,00 m; toparlanma 0,59 sn (tablo 0,26)"
3-6,"Bağlayıcı Adım","Çekiç","kanca_cekis",1,1,1,1,1,1,1,1,1,1,"arka","arka",2788.00,"boss:Root+Slow+Burn, boss hız x0,00",1.50,1.35,0.80,0.74,1.40,0.00,0.00,"1/10 kare koşu, ayak/gövde hız oranı 1,01","vuruş 1: 1,20s@boss0,00m/oyuncu1,50m; kalıp sonu: merkeze 1,50 m, başlangıçtan 4,50 m, kalıp simülasyonundan 0,00 m; toparlanma 0,59 sn (tablo 0,26)"
4-1,"Yoğun Kalkan","Çekiç","tam_zamanli",1,1,1,1,1,1,1,1,1,1,"yerinde","yerinde",0.00,"",3.00,1.35,0.54,0.50,1.07,0.00,0.00,"","hasarsız skill (base_damage 0): etki hareketin kendisi; vuruş 1: 0,87s@boss0,62m/oyuncu2,38m; kalıp sonu: merkeze 3,00 m, başlangıçtan 0,00 m, kalıp simülasyonundan 0,00 m; toparlanma 0,51 sn (tablo 0,26)"
4-2,"Emici Kalkan","Çekiç","kalkan_calma",1,1,1,1,1,1,1,1,1,1,"yerinde","yerinde",95000.00,"",3.00,1.35,0.27,0.20,0.80,0.00,0.00,"","vuruş 1: 0,60s@boss1,73m/oyuncu1,28m; kalıp sonu: merkeze 3,00 m, başlangıçtan 0,00 m, kalıp simülasyonundan 0,00 m; toparlanma 0,51 sn (tablo 0,26)"
4-3,"Sıçrayan Kalkan","Çekiç","seken_disk",1,1,1,1,1,1,1,1,1,1,"yerinde","yerinde",0.00,"",3.00,1.35,0.47,0.42,1.00,0.00,0.00,"","hasarsız skill (base_damage 0): etki hareketin kendisi; vuruş 2: 0,67s@boss0,30m/oyuncu3,30m 0,80s@boss3,04m/oyuncu1,43m; kalıp sonu: merkeze 3,00 m, başlangıçtan 0,00 m, kalıp simülasyonundan 0,00 m; toparlanma 0,51 sn (tablo 0,26)"
5-1,"Yoğun Patlama","Çekiç","saplanan_fitil",1,1,1,1,1,1,1,1,1,1,"geri","geri",226900.00,"boss:Burn+Stun, boss hız x0,00",2.40,1.35,1.54,1.62,2.07,0.00,0.00,"0/6 kare koşu","vuruş 2: 0,58s@boss0,85m/oyuncu1,55m 2,07s@boss0,84m/oyuncu2,95m; kalıp sonu: merkeze 3,79 m, başlangıçtan 0,80 m, kalıp simülasyonundan 0,00 m; toparlanma 0,51 sn (tablo 0,26)"
5-2,"Emici Patlama","Çekiç","ceken_girdap",1,1,1,1,1,1,1,1,1,1,"yerinde","yerinde",168060.00,"boss:Burn, oyuncu +48614 can",1.34,1.35,1.40,1.32,1.93,0.00,0.00,"","vuruş 3: 1,20s@boss0,00m/oyuncu1,35m 1,67s@boss0,00m/oyuncu1,35m 1,74s@boss0,00m/oyuncu1,35m; kalıp sonu: merkeze 1,35 m, başlangıçtan 0,00 m, kalıp simülasyonundan 0,00 m, boss 1,65 m kaydı; toparlanma 0,51 sn (tablo 0,26)"
5-3,"Sıçrayan Patlama","Çekiç","seken_bomba",1,1,1,1,1,1,1,1,1,1,"yerinde","yerinde",257696.00,"boss:Burn",3.00,1.35,0.60,0.58,1.13,0.00,0.00,"","vuruş 3: 0,67s@boss0,39m/oyuncu3,40m 0,80s@boss0,00m/oyuncu3,47m 1,00s@boss0,35m/oyuncu3,90m; kalıp sonu: merkeze 4,05 m, başlangıçtan 0,00 m, kalıp simülasyonundan 0,00 m, boss 1,05 m kaydı; toparlanma 0,51 sn (tablo 0,26)"
6-1,"Yoğun Bağ","Çekiç","sinir_noktasi",1,1,1,1,1,1,1,1,1,1,"ön","ön",69084.00,"boss:Burn+Stun, boss hız x0,00",1.50,1.35,0.40,0.34,0.93,0.00,0.00,"0/5 kare koşu","vuruş 1: 0,80s@boss0,92m/oyuncu0,60m; kalıp sonu: merkeze 1,72 m, başlangıçtan 1,80 m, kalıp simülasyonundan 0,30 m, boss 0,52 m kaydı; toparlanma 0,51 sn (tablo 0,26)"
6-2,"Emici Bağ","Çekiç","bossu_cek",1,1,1,1,1,1,1,1,1,1,"geri","geri",68736.00,"boss:Burn+Root+Stun, boss hız x0,00, oyuncu +19539 can",1.35,1.35,0.50,0.44,1.03,0.00,0.00,"1/5 kare koşu, ayak/gövde hız oranı 1,02","vuruş 1: 0,76s@boss2,60m/oyuncu1,36m; kalıp sonu: merkeze 3,00 m, başlangıçtan 1,60 m, kalıp simülasyonundan 0,00 m, boss 1,60 m kaydı; toparlanma 0,51 sn (tablo 0,26)"
6-3,"Sıçrayan Bağ","Çekiç","basip_sekme",1,1,1,1,1,1,1,1,1,1,"başlangıç","başlangıç",99944.00,"boss:Burn+Root, boss hız x0,00",1.67,1.35,0.53,0.52,1.07,0.00,0.00,"0/7 kare koşu","vuruş 1: 0,80s@boss1,50m/oyuncu0,25m; kalıp sonu: merkeze 3,98 m, başlangıçtan 0,20 m, kalıp simülasyonundan 0,00 m, boss 0,78 m kaydı; toparlanma 0,51 sn (tablo 0,26)"
1-7,"Bulandırıcı Vuruş","Çekiç","dumandan_cikis",1,1,1,1,1,1,1,1,1,1,"ön","ön",252852.00,"boss:Blind+Burn",1.67,1.35,0.54,0.48,1.07,0.00,0.00,"0/4 kare koşu","vuruş 1: 0,87s@boss0,77m/oyuncu1,36m; kalıp sonu: merkeze 1,94 m, başlangıçtan 1,80 m, kalıp simülasyonundan 0,30 m, boss 0,74 m kaydı; toparlanma 0,51 sn (tablo 0,26)"
1-8,"Yükselen Vuruş","Çekiç","havaya_kaldirma",1,1,1,1,1,1,1,1,1,1,"ön","ön",257600.00,"boss:Burn+Stun, boss hız x0,00",1.90,1.35,0.34,0.34,0.88,0.00,0.00,"0/5 kare koşu","vuruş 1: 0,67s@boss1,08m/oyuncu1,28m; kalıp sonu: merkeze 1,90 m, başlangıçtan 1,10 m, kalıp simülasyonundan 0,00 m; toparlanma 0,51 sn (tablo 0,26)"
1-9,"Odaklı Vuruş","Çekiç","isarete_vur",1,1,1,1,1,1,1,1,1,1,"ön","ön",369200.00,"boss:Burn",1.93,1.35,0.40,0.38,0.94,0.00,0.00,"0/3 kare koşu","vuruş 1: 0,80s@boss1,03m/oyuncu1,28m; kalıp sonu: merkeze 1,93 m, başlangıçtan 1,35 m, kalıp simülasyonundan 0,00 m, boss 0,28 m kaydı; toparlanma 0,51 sn (tablo 0,26)"
2-7,"Bulandırıcı Şifa","Çekiç","sis_ortusu",1,1,1,1,1,1,1,1,1,1,"yerinde","yerinde",0.00,"oyuncu +168000 can",3.06,1.35,0.33,0.30,0.93,0.00,0.00,"","vuruş 1: 0,73s@boss0,00m/oyuncu3,27m; kalıp sonu: merkeze 3,29 m, başlangıçtan 0,00 m, kalıp simülasyonundan 0,00 m, boss 0,29 m kaydı; toparlanma 0,59 sn (tablo 0,26)"
2-8,"Yükselen Şifa","Çekiç","yerden_buyuyen",1,1,1,1,1,1,1,1,1,1,"yerinde","yerinde",0.00,"oyuncu +168000 can",3.00,1.35,0.47,0.42,1.07,0.00,0.00,"","vuruş 1: 0,87s@boss6,98m/oyuncu4,33m; kalıp sonu: merkeze 3,18 m, başlangıçtan 0,25 m, kalıp simülasyonundan 0,00 m, kalıp hedefi AllyDummy; toparlanma 0,59 sn (tablo 0,26)"
2-9,"Odaklı Şifa","Çekiç","koruyucu_isaret",1,0,1,1,1,1,1,1,1,0,"geri","geri",0.00,"",3.00,1.35,0.27,0.20,0.87,0.00,0.00,"0/3 kare koşu","hasar yok, etki görülmedi; vuruş 1: 0,73s@boss3,89m/oyuncu0,35m; kalıp sonu: merkeze 3,61 m, başlangıçtan 0,80 m, kalıp simülasyonundan 0,00 m, kalıp hedefi AllyDummy; toparlanma 0,59 sn (tablo 0,26)"
3-7,"Bulandırıcı Adım","Çekiç","duman_kaybolma",1,1,1,1,1,1,1,1,1,1,"ön","ön",4396.00,"boss:Blind+Burn, oyuncu:Stealth",1.50,1.35,0.60,0.59,1.20,0.00,0.00,"1/4 kare koşu, ayak/gövde hız oranı 1,01","vuruş 1: 0,73s@boss1,75m/oyuncu0,00m; kalıp sonu: merkeze 1,50 m, başlangıçtan 1,50 m, kalıp simülasyonundan 0,00 m; toparlanma 0,59 sn (tablo 0,26)"
3-8,"Yükselen Adım","Çekiç","sicrayip_cakilma",1,1,1,1,1,1,1,1,1,1,"ön","ön",3196.00,"boss:Burn, oyuncu:Haste, oyuncu hız x1,10",1.50,1.35,0.87,0.82,1.47,0.00,0.00,"0/5 kare koşu","vuruş 1: 1,33s@boss1,50m/oyuncu0,00m; kalıp sonu: merkeze 1,50 m, başlangıçtan 1,50 m, kalıp simülasyonundan 0,00 m; toparlanma 0,59 sn (tablo 0,26)"
3-9,"Odaklı Adım","Çekiç","kilitli_adim",1,1,1,1,1,1,1,1,1,1,"arka","arka",2384.00,"boss:Burn",1.50,1.35,0.53,0.48,1.14,0.00,0.00,"0/1 kare koşu","vuruş 1: 1,00s@boss0,00m/oyuncu1,50m; kalıp sonu: merkeze 1,50 m, başlangıçtan 4,50 m, kalıp simülasyonundan 0,00 m; tek karede 4,50 m sıçrama (sınır 2,44 m @ 66 ms, t=0,87, faz adim, blink tasarım gereği); toparlanma 0,59 sn (tablo 0,26)"
7-1,"Yoğun Zafiyet","Çekiç","diken_firlatma",1,1,1,1,1,1,1,1,1,1,"yerinde","yerinde",35600.00,"boss:Burn",3.00,1.35,0.47,0.40,1.06,0.00,0.00,"","vuruş 1: 0,93s@boss0,30m/oyuncu3,30m; kalıp sonu: merkeze 3,47 m, başlangıçtan 0,00 m, kalıp simülasyonundan 0,00 m, boss 0,47 m kaydı; toparlanma 0,59 sn (tablo 0,26)"
7-2,"Emici Zafiyet","Çekiç","sokup_cekme",1,1,1,1,1,1,1,1,1,1,"geri","geri",29588.00,"boss:Burn, oyuncu +7678 can",3.04,1.35,0.47,0.44,1.07,0.00,0.00,"2/5 kare koşu, ayak/gövde hız oranı 1,00","vuruş 2: 0,73s@boss0,35m/oyuncu3,63m 0,87s@boss2,77m/oyuncu1,19m; kalıp sonu: merkeze 4,49 m, başlangıçtan 1,30 m, kalıp simülasyonundan 0,00 m, boss 0,19 m kaydı; toparlanma 0,59 sn (tablo 0,26)"
7-3,"Sıçrayan Zafiyet","Çekiç","seken_yaratik",1,1,1,1,1,1,1,1,1,1,"yerinde","yerinde",44872.00,"boss:Burn",3.00,1.35,0.65,0.64,1.27,0.00,0.00,"","vuruş 3: 0,80s@boss0,01m/oyuncu3,00m 1,00s@boss0,35m/oyuncu3,66m 1,13s@boss0,35m/oyuncu3,90m; kalıp sonu: merkeze 4,05 m, başlangıçtan 0,00 m, kalıp simülasyonundan 0,00 m, boss 1,05 m kaydı; toparlanma 0,59 sn (tablo 0,26)"
8-1,"Yoğun Yükseliş","Çekiç","kuculten_kapi",1,1,1,1,1,1,1,1,1,1,"yerinde","yerinde",0.00,"",3.01,1.35,0.33,0.28,0.93,0.00,0.00,"","hasarsız skill (base_damage 0): etki hareketin kendisi; vuruş 1: 0,73s@boss0,68m/oyuncu2,38m; kalıp sonu: merkeze 3,06 m, başlangıçtan 0,00 m, kalıp simülasyonundan 0,00 m; toparlanma 0,59 sn (tablo 0,26)"
8-2,"Emici Yükseliş","Çekiç","kan_muhru",1,1,1,1,1,1,1,1,1,1,"yerinde","yerinde",0.00,"",3.00,1.35,0.32,0.32,0.91,0.00,0.00,"","hasarsız skill (base_damage 0): etki hareketin kendisi; vuruş 1: 0,71s@boss3,00m/oyuncu0,00m; kalıp sonu: merkeze 3,00 m, başlangıçtan 0,00 m, kalıp simülasyonundan 0,00 m; toparlanma 0,59 sn (tablo 0,26)"
8-3,"Sıçrayan Yükseliş","Çekiç","pas_verme",1,1,1,1,1,1,1,1,1,1,"yerinde","yerinde",0.00,"",3.00,1.35,0.26,0.24,0.87,0.00,0.00,"","hasarsız skill (base_damage 0): etki hareketin kendisi; vuruş 1: 0,80s@boss6,38m/oyuncu3,90m; kalıp sonu: merkeze 3,00 m, başlangıçtan 0,00 m, kalıp simülasyonundan 0,00 m, kalıp hedefi AllyDummy; toparlanma 0,59 sn (tablo 0,26)"
9-1,"Yoğun Arınma","Çekiç","tek_dokunus",1,1,1,1,1,1,1,1,1,1,"geri","geri",0.00,"oyuncu +40000 can",3.00,1.35,0.20,0.16,0.80,0.00,0.00,"0/2 kare koşu","vuruş 1: 0,67s@boss3,89m/oyuncu0,68m; kalıp sonu: merkeze 3,41 m, başlangıçtan 0,55 m, kalıp simülasyonundan 0,00 m, kalıp hedefi AllyDummy; toparlanma 0,59 sn (tablo 0,26)"
9-2,"Emici Arınma","Çekiç","cekip_firlat",1,1,1,1,1,1,1,1,1,1,"yerinde","yerinde",0.00,"oyuncu +16000 can, dost +24000 can",3.00,1.35,0.53,0.50,1.13,0.00,0.00,"","vuruş 2: 0,73s@boss2,65m/oyuncu0,35m 1,07s@boss0,30m/oyuncu3,30m; kalıp sonu: merkeze 3,00 m, başlangıçtan 0,00 m, kalıp simülasyonundan 0,00 m; toparlanma 0,59 sn (tablo 0,26)"
9-3,"Sıçrayan Arınma","Çekiç","dosttan_dosta",1,1,1,1,1,1,1,1,1,1,"yerinde","yerinde",0.00,"oyuncu +36000 can, dost +20000 can",3.00,1.35,0.60,0.54,1.20,0.00,0.00,"","vuruş 3: 0,73s@boss6,43m/oyuncu3,95m 0,80s@boss6,98m/oyuncu4,53m 1,00s@boss6,88m/oyuncu4,54m; kalıp sonu: merkeze 3,00 m, başlangıçtan 0,00 m, kalıp simülasyonundan 0,00 m, kalıp hedefi AllyDummy; toparlanma 0,59 sn (tablo 0,26)"
1-10,"Aynalı Vuruş","Çekiç","sirtta_kapi",1,1,1,1,1,1,1,1,1,1,"ön","ön",17705360.00,"boss:Burn+Stun, boss hız x0,00",2.04,1.35,0.40,0.32,0.93,0.00,0.00,"0/3 kare koşu","vuruş 2: 0,60s@boss0,91m/oyuncu1,19m 0,73s@boss0,55m/oyuncu2,82m; kalıp sonu: merkeze 2,68 m, başlangıçtan 1,20 m, kalıp simülasyonundan 0,00 m, boss 0,88 m kaydı; toparlanma 0,51 sn (tablo 0,26)"
1-11,"Kopya Vuruş","Çekiç","golge_yankisi",1,1,1,1,1,1,1,1,1,1,"ön","ön",134192.00,"boss:Burn",2.30,1.35,0.53,0.50,1.06,0.00,0.00,"1/3 kare koşu, ayak/gövde hız oranı 1,01","vuruş 2: 0,60s@boss1,16m/oyuncu1,15m 0,93s@boss2,72m/oyuncu1,39m; kalıp sonu: merkeze 3,18 m, başlangıçtan 0,90 m, kalıp simülasyonundan 0,00 m, boss 1,08 m kaydı; toparlanma 0,51 sn (tablo 0,26)"
1-12,"Akan Vuruş","Çekiç","basili_seri",1,1,1,1,1,1,1,1,1,1,"ön","ön",47056.00,"boss:Burn",2.89,1.35,3.07,3.00,3.60,0.00,0.00,"","vuruş 6: 0,73s@boss1,75m/oyuncu1,15m 1,26s@boss2,60m/oyuncu1,15m 1,73s@boss2,57m/oyuncu1,15m 2,26s@boss2,37m/oyuncu1,15m 2,73s@boss2,16m/oyuncu1,15m 3,26s@boss1,91m/oyuncu1,15m; kalıp sonu: merkeze 2,97 m, başlangıçtan 1,40 m, kalıp simülasyonundan 0,00 m, boss 1,37 m kaydı; toparlanma 0,51 sn (tablo 0,26)"
2-10,"Aynalı Şifa","Çekiç","ters_es",1,1,1,1,1,1,1,1,1,1,"yerinde","yerinde",16800.00,"oyuncu +112000 can",3.00,1.35,0.47,0.44,1.06,0.00,0.00,"","vuruş 2: 0,73s@boss2,60m/oyuncu0,40m 0,93s@boss0,00m/oyuncu3,00m; kalıp sonu: merkeze 3,00 m, başlangıçtan 0,00 m, kalıp simülasyonundan 0,00 m; toparlanma 0,59 sn (tablo 0,26)"
2-11,"Kopya Şifa","Çekiç","golge_ulak",1,1,1,1,1,1,1,1,1,1,"yan","yan",0.00,"oyuncu +168000 can, dost +168000 can",2.43,1.35,1.40,1.36,2.00,0.00,0.00,"1/3 kare koşu, ayak/gövde hız oranı 1,00","vuruş 2: 0,67s@boss3,26m/oyuncu0,35m 1,87s@boss3,05m/oyuncu1,46m; kalıp sonu: merkeze 2,43 m, başlangıçtan 1,41 m, kalıp simülasyonundan 0,00 m, kalıp hedefi AllyDummy; toparlanma 0,59 sn (tablo 0,26)"
2-12,"Akan Şifa","Çekiç","basili_isik",1,1,1,1,1,1,1,1,1,1,"geri","geri",0.00,"oyuncu +140000 can, dost +28000 can",3.00,1.35,3.04,3.00,3.64,0.00,0.00,"","vuruş 6: 0,80s@boss5,38m/oyuncu2,72m 1,33s@boss5,58m/oyuncu2,72m 1,80s@boss5,75m/oyuncu2,72m 2,31s@boss5,94m/oyuncu2,72m 2,84s@boss6,14m/oyuncu2,72m 3,31s@boss6,32m/oyuncu2,72m; kalıp sonu: merkeze 3,94 m, başlangıçtan 1,20 m, kalıp simülasyonundan 0,00 m, kalıp hedefi AllyDummy; toparlanma 0,59 sn (tablo 0,26)"
3-10,"Aynalı Adım","Çekiç","iki_kapi",1,1,1,1,1,1,1,1,1,1,"ön","ön",5168.00,"boss:Burn",1.50,1.35,0.60,0.54,1.20,0.00,0.00,"0/4 kare koşu","vuruş 2: 0,60s@boss3,00m/oyuncu0,00m 1,00s@boss1,50m/oyuncu0,00m; kalıp sonu: merkeze 1,50 m, başlangıçtan 1,50 m, kalıp simülasyonundan 0,00 m; toparlanma 0,59 sn (tablo 0,26)"
3-11,"Kopya Adım","Çekiç","yem_kac",1,1,1,1,1,1,1,1,1,1,"geri","geri",4136.00,"boss:Burn",3.00,1.35,0.40,0.40,1.00,0.00,0.00,"0/4 kare koşu","vuruş 1: 0,60s@boss3,00m/oyuncu0,00m; kalıp sonu: merkeze 5,80 m, başlangıçtan 2,80 m, kalıp simülasyonundan 0,00 m; toparlanma 0,59 sn (tablo 0,26)"
3-12,"Akan Adım","Çekiç","suzulme",1,1,1,1,1,1,1,1,1,1,"ön","ön",19624.00,"boss:Burn, oyuncu:Haste, oyuncu hız x1,50",1.90,1.35,3.00,3.00,3.60,0.00,0.00,"","kalıp sonu: merkeze 1,90 m, başlangıçtan 1,10 m, kalıp simülasyonundan 0,00 m; toparlanma 0,59 sn (tablo 0,26)"
10-1,"Yoğun Yansı","Çekiç","tam_zamanli",1,1,1,1,1,1,1,1,1,1,"yerinde","yerinde",2808.00,"boss:Burn",3.00,1.35,0.53,0.50,1.13,0.00,0.00,"","vuruş 1: 0,93s@boss0,62m/oyuncu2,38m; kalıp sonu: merkeze 3,00 m, başlangıçtan 0,00 m, kalıp simülasyonundan 0,00 m; toparlanma 0,59 sn (tablo 0,26)"
10-2,"Emici Yansı","Çekiç","yutan_girdap",1,1,1,1,1,1,1,1,1,1,"yerinde","yerinde",15592.00,"boss:Burn",3.00,1.35,3.20,3.18,3.80,0.00,0.00,"","vuruş 4: 1,47s@boss0,62m/oyuncu2,38m 2,27s@boss0,62m/oyuncu2,38m 3,00s@boss0,62m/oyuncu2,38m 3,73s@boss0,62m/oyuncu2,38m; kalıp sonu: merkeze 3,00 m, başlangıçtan 0,00 m, kalıp simülasyonundan 0,00 m; toparlanma 0,59 sn (tablo 0,26)"
10-3,"Sıçrayan Yansı","Çekiç","seken_geri",1,1,1,1,1,1,1,1,1,1,"ön","ön",3576.00,"boss:Burn",1.90,1.35,0.40,0.36,1.00,0.00,0.00,"0/2 kare koşu","vuruş 2: 0,67s@boss0,50m/oyuncu1,53m 0,79s@boss0,00m/oyuncu1,90m; kalıp sonu: merkeze 1,90 m, başlangıçtan 1,10 m, kalıp simülasyonundan 0,00 m; toparlanma 0,59 sn (tablo 0,26)"
10-10,"Aynalı Yansı","Çekiç","iki_kapi",1,1,1,1,1,1,1,1,1,1,"ön","ön",0.00,"",1.50,1.35,0.60,0.54,1.20,0.00,0.00,"0/4 kare koşu","hasarsız skill (base_damage 0): etki hareketin kendisi; vuruş 2: 0,60s@boss3,00m/oyuncu0,00m 1,00s@boss1,50m/oyuncu0,00m; kalıp sonu: merkeze 1,50 m, başlangıçtan 1,50 m, kalıp simülasyonundan 0,00 m; toparlanma 0,59 sn (tablo 0,26)"
10-11,"Kopya Yansı","Çekiç","yem_kopya",1,1,1,1,1,1,1,1,1,1,"yerinde","yerinde",2808.00,"boss:Burn",2.85,1.35,0.40,0.36,1.00,0.00,0.00,"","vuruş 1: 0,80s@boss2,84m/oyuncu1,29m; kalıp sonu: merkeze 2,85 m, başlangıçtan 0,15 m, kalıp simülasyonundan 0,00 m; toparlanma 0,59 sn (tablo 0,26)"
10-12,"Akan Yansı","Çekiç","basili_siper",1,1,1,1,1,1,1,1,1,1,"ön","ön",15216.00,"boss:Burn",2.20,1.35,3.00,3.00,3.60,0.00,0.00,"","vuruş 3: 1,33s@boss0,41m/oyuncu2,38m 2,33s@boss0,14m/oyuncu2,38m 3,33s@boss0,13m/oyuncu2,38m; kalıp sonu: merkeze 2,20 m, başlangıçtan 0,80 m, kalıp simülasyonundan 0,00 m; toparlanma 0,59 sn (tablo 0,26)"
11-1,"Yoğun Çağrı","Çekiç","sirt_saplama",1,1,1,1,1,1,1,1,1,1,"ön","ön",37720.00,"boss:Burn",1.91,1.35,0.47,0.46,1.07,0.00,0.00,"0/2 kare koşu","vuruş 1: 0,93s@boss0,00m/oyuncu1,96m; kalıp sonu: merkeze 1,98 m, başlangıçtan 1,10 m, kalıp simülasyonundan 0,00 m; toparlanma 0,59 sn (tablo 0,26)"
11-2,"Emici Çağrı","Çekiç","yapisan",1,1,1,1,1,1,1,1,1,1,"yerinde","yerinde",239960.00,"boss:Burn, oyuncu +147036 can",3.00,1.35,5.21,5.18,5.81,0.00,0.00,"","vuruş 6: 0,74s@boss0,20m/oyuncu3,23m 1,73s@boss0,00m/oyuncu3,11m 2,75s@boss0,00m/oyuncu3,11m 3,74s@boss0,00m/oyuncu3,11m 4,74s@boss0,00m/oyuncu3,11m 5,74s@boss0,00m/oyuncu3,11m; kalıp sonu: merkeze 3,11 m, başlangıçtan 0,00 m, kalıp simülasyonundan 0,00 m, boss 0,11 m kaydı; toparlanma 0,59 sn (tablo 0,26)"
11-3,"Sıçrayan Çağrı","Çekiç","seken_yaratik",1,1,1,1,1,1,1,1,1,1,"yerinde","yerinde",28792.00,"boss:Burn",3.00,1.35,0.67,0.64,1.27,0.00,0.00,"","vuruş 3: 0,80s@boss0,00m/oyuncu3,04m 0,94s@boss0,35m/oyuncu3,08m 1,14s@boss0,35m/oyuncu3,10m; kalıp sonu: merkeze 3,09 m, başlangıçtan 0,00 m, kalıp simülasyonundan 0,00 m; toparlanma 0,59 sn (tablo 0,26)"
11-10,"Aynalı Çağrı","Çekiç","takim_kapisi",1,1,1,1,1,1,1,1,1,1,"ön","ön",57912.00,"boss:Burn, oyuncu:Stasis",2.35,1.35,1.40,1.36,2.00,0.00,0.00,"0/2 kare koşu","vuruş 1: 0,80s@boss2,35m/oyuncu0,00m; kalıp sonu: merkeze 2,35 m, başlangıçtan 0,65 m, kalıp simülasyonundan 0,00 m; toparlanma 0,59 sn (tablo 0,26)"
11-11,"Kopya Çağrı","Çekiç","ayna_klonlar",1,1,1,1,1,1,1,1,1,1,"ön","ön",51064.00,"boss:Burn",2.35,1.35,0.65,0.62,1.25,0.00,0.00,"0/2 kare koşu","vuruş 2: 0,93s@boss2,42m/oyuncu1,41m 1,07s@boss2,44m/oyuncu1,41m; kalıp sonu: merkeze 2,44 m, başlangıçtan 0,65 m, kalıp simülasyonundan 0,00 m; toparlanma 0,59 sn (tablo 0,26)"
11-12,"Akan Çağrı","Çekiç","kapidan_akin",1,1,1,1,1,1,1,1,1,1,"ön","ön",300128.00,"boss:Burn",2.35,1.35,4.35,4.32,4.97,0.00,0.00,"0/2 kare koşu","vuruş 6: 0,90s@boss0,85m/oyuncu1,55m 1,68s@boss0,00m/oyuncu2,45m 2,49s@boss0,00m/oyuncu2,46m 3,30s@boss0,00m/oyuncu2,46m 4,12s@boss0,00m/oyuncu2,46m 4,92s@boss0,00m/oyuncu2,46m; kalıp sonu: merkeze 2,46 m, başlangıçtan 0,65 m, kalıp simülasyonundan 0,00 m, boss 0,11 m kaydı; toparlanma 0,59 sn (tablo 0,26)"
12-1,"Yoğun Zaman","Çekiç","zamanli_donma",1,1,1,1,1,1,1,1,1,1,"ön","ön",2392.00,"boss:Burn+Slow, boss hız x0,70",1.66,1.35,0.53,0.50,1.13,0.00,0.00,"0/3 kare koşu","vuruş 1: 1,00s@boss0,52m/oyuncu1,28m; kalıp sonu: merkeze 1,86 m, başlangıçtan 1,60 m, kalıp simülasyonundan 0,10 m, boss 0,46 m kaydı; toparlanma 0,59 sn (tablo 0,26)"
12-2,"Emici Zaman","Çekiç","ceken_girdap",1,1,1,1,1,1,1,1,1,1,"yerinde","yerinde",5600.00,"boss:Burn+Slow, oyuncu:Haste, boss hız x0,70, oyuncu hız x1,30",3.03,1.35,1.33,1.32,1.93,0.00,0.00,"","vuruş 3: 1,27s@boss0,00m/oyuncu3,16m 1,73s@boss0,00m/oyuncu4,21m 1,80s@boss0,00m/oyuncu4,27m; kalıp sonu: merkeze 4,35 m, başlangıçtan 0,00 m, kalıp simülasyonundan 0,00 m, boss 1,35 m kaydı; toparlanma 0,59 sn (tablo 0,26)"
12-3,"Sıçrayan Zaman","Çekiç","geri_donen_kure",1,1,1,1,1,1,1,1,1,1,"yerinde","yerinde",4008.00,"boss:Burn+Slow, boss hız x0,70",3.01,1.35,0.53,0.50,1.13,0.00,0.00,"","vuruş 2: 0,73s@boss0,30m/oyuncu3,33m 1,00s@boss1,77m/oyuncu2,04m; kalıp sonu: merkeze 4,01 m, başlangıçtan 0,00 m, kalıp simülasyonundan 0,00 m, boss 1,01 m kaydı; toparlanma 0,59 sn (tablo 0,26)"
12-10,"Aynalı Zaman","Çekiç","boss_geri",1,1,1,1,1,1,1,1,1,1,"yerinde","yerinde",3608.00,"boss:Burn+Slow, boss hız x0,70",3.01,1.35,0.47,0.46,1.07,0.00,0.00,"","vuruş 1: 0,73s@boss0,30m/oyuncu3,33m; kalıp sonu: merkeze 3,04 m, başlangıçtan 0,00 m, kalıp simülasyonundan 0,00 m; toparlanma 0,59 sn (tablo 0,26)"
12-11,"Kopya Zaman","Çekiç","geri_sarma",1,1,1,1,1,1,1,1,1,1,"başlangıç","başlangıç",17600.00,"boss:Burn+Slow, boss hız x0,70",1.50,1.35,2.67,2.66,3.27,0.00,0.00,"2/9 kare koşu, ayak/gövde hız oranı 1,00","kalıp sonu: merkeze 3,20 m, başlangıçtan 0,00 m, kalıp simülasyonundan 0,00 m, boss 0,20 m kaydı; toparlanma 0,59 sn (tablo 0,26)"
12-12,"Akan Zaman","Çekiç","yuruyen_balon",1,1,1,1,1,1,1,1,1,1,"ön","ön",24344.00,"boss:Burn+Slow, boss hız x0,70",3.00,1.35,4.28,4.20,4.88,0.00,0.00,"","vuruş 5: 0,67s@boss3,00m/oyuncu0,00m 1,80s@boss3,99m/oyuncu0,00m 2,74s@boss3,75m/oyuncu0,00m 3,76s@boss3,44m/oyuncu0,00m 4,79s@boss3,15m/oyuncu0,00m; kalıp sonu: merkeze 3,15 m, başlangıçtan 1,20 m, kalıp simülasyonundan 0,00 m, boss 1,35 m kaydı; toparlanma 0,59 sn (tablo 0,26)"
4-4,"Sabit Kalkan","Çekiç","duvar_dikme",1,1,1,1,1,1,1,1,1,1,"yerinde","yerinde",0.00,"",3.00,1.35,0.34,0.32,0.89,0.00,0.00,"","hasarsız skill (base_damage 0): etki hareketin kendisi; vuruş 1: 0,76s@boss0,62m/oyuncu2,38m; kalıp sonu: merkeze 3,00 m, başlangıçtan 0,00 m, kalıp simülasyonundan 0,00 m; toparlanma 0,51 sn (tablo 0,26)"
4-5,"Yayılan Kalkan","Çekiç","onde_yelpaze",1,1,1,1,1,1,1,1,1,1,"yerinde","yerinde",0.00,"",3.00,1.35,0.67,0.63,1.20,0.00,0.00,"","hasarsız skill (base_damage 0): etki hareketin kendisi; vuruş 1: 0,93s@boss1,88m/oyuncu1,12m; kalıp sonu: merkeze 3,00 m, başlangıçtan 0,00 m, kalıp simülasyonundan 0,00 m; toparlanma 0,51 sn (tablo 0,26)"
4-6,"Bağlayıcı Kalkan","Çekiç","zincirli_firlatma",1,1,1,1,1,1,1,1,1,1,"ön","ön",0.00,"",1.50,1.35,0.73,0.70,1.27,0.00,0.00,"2/4 kare koşu, ayak/gövde hız oranı 0,98","hasarsız skill (base_damage 0): etki hareketin kendisi; vuruş 2: 0,67s@boss0,45m/oyuncu3,45m 1,13s@boss0,47m/oyuncu1,28m; kalıp sonu: merkeze 1,50 m, başlangıçtan 1,50 m, kalıp simülasyonundan 0,00 m; toparlanma 0,51 sn (tablo 0,26)"
4-7,"Bulandırıcı Kalkan","Çekiç","duman_duvari",1,1,1,1,1,1,1,1,1,1,"yerinde","yerinde",0.00,"",2.80,1.35,0.53,0.52,1.06,0.00,0.00,"","hasarsız skill (base_damage 0): etki hareketin kendisi; vuruş 1: 0,73s@boss0,42m/oyuncu2,38m; kalıp sonu: merkeze 2,80 m, başlangıçtan 0,20 m, kalıp simülasyonundan 0,00 m; toparlanma 0,51 sn (tablo 0,26)"
4-8,"Yükselen Kalkan","Çekiç","yerden_buyuyen",1,1,1,1,1,1,1,1,1,1,"yerinde","yerinde",0.00,"",3.00,1.35,0.47,0.42,1.00,0.00,0.00,"","hasarsız skill (base_damage 0): etki hareketin kendisi; vuruş 1: 0,80s@boss6,98m/oyuncu4,33m; kalıp sonu: merkeze 3,18 m, başlangıçtan 0,25 m, kalıp simülasyonundan 0,00 m, kalıp hedefi AllyDummy; toparlanma 0,51 sn (tablo 0,26)"
4-9,"Odaklı Kalkan","Çekiç","koruyucu_isaret",1,1,1,1,1,1,1,1,1,1,"geri","geri",0.00,"",3.00,1.35,0.27,0.20,0.80,0.00,0.00,"0/3 kare koşu","hasarsız skill (base_damage 0): etki hareketin kendisi; vuruş 1: 0,67s@boss3,89m/oyuncu0,35m; kalıp sonu: merkeze 3,61 m, başlangıçtan 0,80 m, kalıp simülasyonundan 0,00 m, kalıp hedefi AllyDummy; toparlanma 0,51 sn (tablo 0,26)"
5-4,"Sabit Patlama","Çekiç","mayin_cakma",1,1,1,1,1,1,1,1,1,1,"yerinde","yerinde",162496.00,"boss:Burn+Stun, boss hız x0,00",3.00,1.35,0.47,0.42,1.05,0.00,0.00,"","vuruş 2: 0,78s@boss0,85m/oyuncu2,15m 0,85s@boss0,85m/oyuncu2,15m; kalıp sonu: merkeze 3,64 m, başlangıçtan 0,00 m, kalıp simülasyonundan 0,00 m, boss 0,64 m kaydı; toparlanma 0,51 sn (tablo 0,26)"
5-5,"Yayılan Patlama","Çekiç","yer_yarigi",1,1,1,1,1,1,1,1,1,1,"ön","ön",171856.00,"boss:Burn",1.50,1.35,0.60,0.56,1.13,0.00,0.00,"0/9 kare koşu","vuruş 3: 0,80s@boss0,37m/oyuncu1,23m 0,86s@boss0,21m/oyuncu1,36m 1,06s@boss0,23m/oyuncu1,28m; kalıp sonu: merkeze 1,58 m, başlangıçtan 2,65 m, kalıp simülasyonundan 0,64 m, boss 1,03 m kaydı; toparlanma 0,51 sn (tablo 0,26)"
5-6,"Bağlayıcı Patlama","Çekiç","gerilip_kopan",1,1,1,1,1,1,1,1,1,1,"geri","geri",246696.00,"boss:Root+Slow+Burn, boss hız x0,00",1.35,1.35,0.60,0.58,1.13,0.00,0.00,"0/6 kare koşu","vuruş 2: 0,67s@boss0,85m/oyuncu1,15m 1,00s@boss0,85m/oyuncu2,69m; kalıp sonu: merkeze 2,80 m, başlangıçtan 0,50 m, kalıp simülasyonundan 0,00 m, boss 0,70 m kaydı; toparlanma 0,51 sn (tablo 0,26)"
5-7,"Bulandırıcı Patlama","Çekiç","sis_bombasi",1,1,1,1,1,1,1,1,1,1,"yerinde","yerinde",170336.00,"boss:Blind+Burn+Stun, oyuncu:Stealth, boss hız x0,00",2.99,1.35,0.27,0.22,0.80,0.00,0.00,"","vuruş 1: 0,67s@boss0,36m/oyuncu3,35m; kalıp sonu: merkeze 3,47 m, başlangıçtan 0,00 m, kalıp simülasyonundan 0,00 m, boss 0,47 m kaydı; toparlanma 0,51 sn (tablo 0,26)"
5-8,"Yükselen Patlama","Çekiç","yerden_fiskirma",1,1,1,1,1,1,1,1,1,1,"ön","ön",286560.00,"boss:Burn+Stun, boss hız x0,00",2.60,1.35,0.47,0.44,1.00,0.00,0.00,"","vuruş 1: 0,80s@boss0,00m/oyuncu2,75m; kalıp sonu: merkeze 2,60 m, başlangıçtan 0,40 m, kalıp simülasyonundan 0,00 m; toparlanma 0,51 sn (tablo 0,26)"
5-9,"Odaklı Patlama","Çekiç","gudumlu_top",1,1,1,1,1,1,1,1,1,1,"yerinde","yerinde",247832.00,"boss:Burn+Stun, boss hız x0,00",3.05,1.35,0.60,0.56,1.13,0.00,0.00,"","vuruş 1: 1,00s@boss0,00m/oyuncu3,23m; kalıp sonu: merkeze 3,24 m, başlangıçtan 0,00 m, kalıp simülasyonundan 0,00 m, boss 0,24 m kaydı; toparlanma 0,51 sn (tablo 0,26)"
6-4,"Sabit Bağ","Çekiç","karsilikli_kilit",1,1,1,1,1,1,1,1,1,1,"ön","ön",66168.00,"boss:Burn+Root, boss hız x0,00",1.50,1.35,3.29,3.24,3.82,0.00,0.00,"0/4 kare koşu","vuruş 1: 1,00s@boss0,42m/oyuncu1,11m; kalıp sonu: merkeze 2,88 m, başlangıçtan 1,77 m, kalıp simülasyonundan 0,27 m, boss 1,65 m kaydı; toparlanma 0,51 sn (tablo 0,26)"
6-5,"Yayılan Bağ","Çekiç","yer_tuzagi",1,1,1,1,1,1,1,1,1,1,"yerinde","yerinde",44584.00,"boss:Burn+Root+Stun, boss hız x0,00",2.99,1.35,0.33,0.28,0.87,0.00,0.00,"","vuruş 1: 0,67s@boss0,61m/oyuncu2,38m; kalıp sonu: merkeze 3,63 m, başlangıçtan 0,00 m, kalıp simülasyonundan 0,00 m, boss 0,63 m kaydı; toparlanma 0,51 sn (tablo 0,26)"
6-6,"Bağlayıcı Bağ","Çekiç","iki_uclu",1,1,1,1,1,1,1,1,1,1,"yerinde","yerinde",55312.00,"boss:Root+Slow+Burn, boss hız x0,00",3.02,1.35,0.67,0.65,1.20,0.00,0.00,"","vuruş 1: 0,67s@boss0,27m/oyuncu3,39m; kalıp sonu: merkeze 4,23 m, başlangıçtan 0,00 m, kalıp simülasyonundan 0,00 m, boss 1,23 m kaydı; toparlanma 0,51 sn (tablo 0,26)"
6-7,"Bulandırıcı Bağ","Çekiç","goz_bagi",1,1,1,1,1,1,1,1,1,1,"yerinde","yerinde",49096.00,"boss:Blind+Burn+Root, boss hız x0,00",3.00,1.35,0.13,0.20,0.67,0.00,0.00,"","vuruş 1: 0,67s@boss0,29m/oyuncu3,28m; kalıp sonu: merkeze 3,00 m, başlangıçtan 0,00 m, kalıp simülasyonundan 0,00 m; toparlanma 0,51 sn (tablo 0,26)"
6-8,"Yükselen Bağ","Çekiç","havada_asma",1,1,1,1,1,1,1,1,1,1,"ön","ön",58536.00,"boss:Stun+Burn+Root, boss hız x0,00",1.49,1.35,1.20,1.14,1.73,0.00,0.00,"0/5 kare koşu","vuruş 1: 1,00s@boss1,50m/oyuncu0,00m; kalıp sonu: merkeze 2,65 m, başlangıçtan 1,50 m, kalıp simülasyonundan 0,00 m, boss 1,15 m kaydı; toparlanma 0,51 sn (tablo 0,26)"
6-9,"Odaklı Bağ","Çekiç","zamanli_donma",1,1,1,1,1,1,1,1,1,1,"ön","ön",77552.00,"boss:Burn+Root+Stun, boss hız x0,00",1.50,1.35,0.53,0.50,1.07,0.00,0.00,"0/3 kare koşu","vuruş 1: 0,93s@boss0,55m/oyuncu1,28m; kalıp sonu: merkeze 1,50 m, başlangıçtan 1,53 m, kalıp simülasyonundan 0,03 m; toparlanma 0,51 sn (tablo 0,26)"
7-4,"Sabit Zafiyet","Çekiç","mayin_cakma",1,1,1,1,1,1,1,1,1,1,"yerinde","yerinde",26168.00,"boss:Burn",3.06,1.35,0.47,0.42,1.07,0.00,0.00,"","vuruş 2: 0,80s@boss0,85m/oyuncu2,43m 0,87s@boss0,85m/oyuncu2,43m; kalıp sonu: merkeze 3,93 m, başlangıçtan 0,00 m, kalıp simülasyonundan 0,00 m, boss 0,93 m kaydı; toparlanma 0,59 sn (tablo 0,26)"
7-5,"Yayılan Zafiyet","Çekiç","onde_yelpaze",1,1,1,1,1,1,1,1,1,1,"yerinde","yerinde",26040.00,"boss:Burn",3.03,1.35,0.67,0.63,1.27,0.00,0.00,"","vuruş 1: 1,00s@boss2,04m/oyuncu1,12m; kalıp sonu: merkeze 3,93 m, başlangıçtan 0,00 m, kalıp simülasyonundan 0,00 m, boss 0,93 m kaydı; toparlanma 0,59 sn (tablo 0,26)"
7-6,"Bağlayıcı Zafiyet","Çekiç","dost_ip",1,1,1,1,1,1,1,1,1,1,"yerinde","yerinde",32856.00,"boss:Root+Slow+Burn, boss hız x0,00",3.02,1.35,0.67,0.62,1.27,0.00,0.00,"","vuruş 1: 0,73s@boss0,28m/oyuncu3,37m; kalıp sonu: merkeze 4,21 m, başlangıçtan 0,00 m, kalıp simülasyonundan 0,00 m, boss 1,21 m kaydı; toparlanma 0,59 sn (tablo 0,26)"
8-4,"Sabit Yükseliş","Çekiç","totem_dikme",1,1,1,1,1,1,1,1,1,1,"yerinde","yerinde",0.00,"",3.00,1.35,0.33,0.30,0.93,0.00,0.00,"","hasarsız skill (base_damage 0): etki hareketin kendisi; vuruş 1: 0,80s@boss3,10m/oyuncu0,00m; kalıp sonu: merkeze 3,12 m, başlangıçtan 0,15 m, kalıp simülasyonundan 0,00 m, kalıp hedefi AllyDummy; toparlanma 0,59 sn (tablo 0,26)"
8-5,"Yayılan Yükseliş","Çekiç","savas_narasi",1,1,1,1,1,1,1,1,1,1,"yerinde","yerinde",0.00,"",3.00,1.35,0.40,0.36,1.00,0.00,0.00,"","hasarsız skill (base_damage 0): etki hareketin kendisi; vuruş 1: 0,74s@boss3,00m/oyuncu0,00m; kalıp sonu: merkeze 3,00 m, başlangıçtan 0,00 m, kalıp simülasyonundan 0,00 m; toparlanma 0,59 sn (tablo 0,26)"
8-6,"Bağlayıcı Yükseliş","Çekiç","dost_dosta",1,1,1,1,1,1,1,1,1,1,"yan","yan",0.00,"",2.38,1.35,0.53,0.52,1.13,0.00,0.00,"1/4 kare koşu, ayak/gövde hız oranı 0,88","hasarsız skill (base_damage 0): etki hareketin kendisi; vuruş 3: 0,67s@boss4,05m/oyuncu1,22m 0,87s@boss2,84m/oyuncu1,41m 1,00s@boss4,76m/oyuncu2,38m; kalıp sonu: merkeze 2,38 m, başlangıçtan 1,41 m, kalıp simülasyonundan 0,00 m, kalıp hedefi AllyDummy; toparlanma 0,59 sn (tablo 0,26)"
9-4,"Sabit Arınma","Çekiç","yer_tuzagi",1,1,1,1,1,1,1,1,1,1,"yerinde","yerinde",0.00,"oyuncu +40000 can",3.00,1.35,0.33,0.28,0.93,0.00,0.00,"","vuruş 1: 0,73s@boss0,62m/oyuncu2,38m; kalıp sonu: merkeze 3,00 m, başlangıçtan 0,00 m, kalıp simülasyonundan 0,00 m; toparlanma 0,59 sn (tablo 0,26)"
9-5,"Yayılan Arınma","Çekiç","dagilan_yagmur",1,1,1,1,1,1,1,1,1,1,"yerinde","yerinde",0.00,"oyuncu +40000 can",3.00,1.35,0.60,0.58,1.20,0.00,0.00,"","vuruş 1: 0,93s@boss3,00m/oyuncu0,00m; kalıp sonu: merkeze 3,00 m, başlangıçtan 0,00 m, kalıp simülasyonundan 0,00 m, kalıp hedefi AllyDummy; toparlanma 0,59 sn (tablo 0,26)"
9-6,"Bağlayıcı Arınma","Çekiç","iki_uclu",1,1,1,1,1,1,1,1,1,1,"yerinde","yerinde",0.00,"oyuncu +40000 can",3.00,1.35,0.67,0.65,1.27,0.00,0.00,"","vuruş 1: 0,73s@boss6,36m/oyuncu3,88m; kalıp sonu: merkeze 3,00 m, başlangıçtan 0,00 m, kalıp simülasyonundan 0,00 m, kalıp hedefi AllyDummy; toparlanma 0,59 sn (tablo 0,26)"
4-10,"Aynalı Kalkan","Çekiç","sirtta_kapi",1,1,1,1,1,1,1,1,1,1,"ön","ön",30000.00,"",1.80,1.35,0.33,0.32,0.86,0.00,0.00,"0/3 kare koşu","vuruş 2: 0,60s@boss0,91m/oyuncu1,19m 0,73s@boss0,55m/oyuncu2,35m; kalıp sonu: merkeze 1,80 m, başlangıçtan 1,20 m, kalıp simülasyonundan 0,00 m; toparlanma 0,51 sn (tablo 0,26)"
4-11,"Kopya Kalkan","Çekiç","yem_kopya",1,1,1,1,1,1,1,1,1,1,"yerinde","yerinde",0.00,"",3.00,1.35,0.27,0.24,0.80,0.00,0.00,"","hasarsız skill (base_damage 0): etki hareketin kendisi; vuruş 1: 0,60s@boss2,98m/oyuncu1,29m; kalıp sonu: merkeze 3,00 m, başlangıçtan 0,00 m, kalıp simülasyonundan 0,00 m; toparlanma 0,51 sn (tablo 0,26)"
4-12,"Akan Kalkan","Çekiç","basili_siper",1,1,1,1,1,1,1,1,1,1,"geri","geri",0.00,"",3.00,1.35,3.02,3.00,3.56,0.00,0.00,"","hasarsız skill (base_damage 0): etki hareketin kendisi; vuruş 3: 1,27s@boss5,17m/oyuncu2,38m 2,27s@boss5,41m/oyuncu2,38m 3,22s@boss5,65m/oyuncu2,38m; kalıp sonu: merkeze 3,61 m, başlangıçtan 0,80 m, kalıp simülasyonundan 0,00 m, kalıp hedefi AllyDummy; toparlanma 0,51 sn (tablo 0,26)"
5-10,"Aynalı Patlama","Çekiç","karsi_darbe",1,1,1,1,1,1,1,1,1,1,"ön","ön",179080.00,"boss:Burn+Stun, boss hız x0,00",1.91,1.35,0.40,0.36,0.93,0.00,0.00,"0/3 kare koşu","vuruş 1: 0,80s@boss0,56m/oyuncu1,36m; kalıp sonu: merkeze 2,17 m, başlangıçtan 1,30 m, kalıp simülasyonundan 0,00 m, boss 0,47 m kaydı; toparlanma 0,51 sn (tablo 0,26)"
5-11,"Kopya Patlama","Çekiç","golge_yankisi",1,1,1,1,1,1,1,1,1,1,"ön","ön",171440.00,"boss:Burn",2.39,1.35,0.53,0.50,1.07,0.00,0.00,"1/3 kare koşu, ayak/gövde hız oranı 1,01","vuruş 2: 0,60s@boss1,25m/oyuncu1,15m 0,93s@boss2,83m/oyuncu1,39m; kalıp sonu: merkeze 3,30 m, başlangıçtan 0,90 m, kalıp simülasyonundan 0,00 m, boss 1,20 m kaydı; toparlanma 0,51 sn (tablo 0,26)"
5-12,"Akan Patlama","Çekiç","patlayan_iz",1,1,1,1,1,1,1,1,1,1,"ön","ön",144184.00,"boss:Root+Burn, boss hız x0,00",2.97,1.35,2.94,3.00,3.47,0.00,0.00,"","vuruş 6: 0,93s@boss2,15m/oyuncu1,53m 1,47s@boss3,45m/oyuncu1,53m 1,94s@boss4,24m/oyuncu1,53m 2,47s@boss4,11m/oyuncu1,53m 2,93s@boss3,82m/oyuncu1,53m 3,47s@boss3,44m/oyuncu1,53m; kalıp sonu: merkeze 4,97 m, başlangıçtan 2,20 m, kalıp simülasyonundan 0,70 m, boss 4,17 m kaydı; toparlanma 0,51 sn (tablo 0,26)"
6-10,"Aynalı Bağ","Çekiç","karsi_darbe",1,1,1,1,1,1,1,1,1,1,"ön","ön",51440.00,"boss:Burn+Root+Stun, boss hız x0,00",1.90,1.35,0.40,0.36,0.94,0.00,0.00,"0/3 kare koşu","vuruş 1: 0,80s@boss0,54m/oyuncu1,36m; kalıp sonu: merkeze 2,17 m, başlangıçtan 1,30 m, kalıp simülasyonundan 0,00 m, boss 0,47 m kaydı; toparlanma 0,51 sn (tablo 0,26)"
6-11,"Kopya Bağ","Çekiç","onden_arkadan",1,1,1,1,1,1,1,1,1,1,"ön","ön",112528.00,"boss:Burn+Root, boss hız x0,00",2.36,1.35,0.40,0.34,0.93,0.00,0.00,"0/3 kare koşu","vuruş 2: 0,60s@boss1,26m/oyuncu1,11m 0,74s@boss0,60m/oyuncu3,32m; kalıp sonu: merkeze 3,14 m, başlangıçtan 0,90 m, kalıp simülasyonundan 0,00 m, boss 1,04 m kaydı; toparlanma 0,51 sn (tablo 0,26)"
6-12,"Akan Bağ","Çekiç","cember_sarma",1,1,1,1,1,1,1,1,1,1,"arka","arka",48088.00,"boss:Burn+Root, boss hız x0,00",1.50,1.35,0.91,0.90,1.45,0.00,0.00,"0/11 kare koşu","vuruş 1: 1,33s@boss0,01m/oyuncu2,06m; kalıp sonu: merkeze 2,48 m, başlangıçtan 4,61 m, kalıp simülasyonundan 0,03 m, boss 0,40 m kaydı; toparlanma 0,51 sn (tablo 0,26)"
10-4,"Sabit Yansı","Çekiç","duvar_dikme",1,1,1,1,1,1,1,1,1,1,"yerinde","yerinde",2408.00,"boss:Burn",3.00,1.35,0.33,0.32,0.93,0.00,0.00,"","vuruş 1: 0,80s@boss0,62m/oyuncu2,38m; kalıp sonu: merkeze 3,00 m, başlangıçtan 0,00 m, kalıp simülasyonundan 0,00 m; toparlanma 0,59 sn (tablo 0,26)"
10-5,"Yayılan Yansı","Çekiç","yuruyen_balon",1,1,1,1,1,1,1,1,1,1,"ön","ön",24056.00,"boss:Burn",1.80,1.35,4.18,4.20,4.80,0.00,0.00,"","vuruş 5: 0,66s@boss3,00m/oyuncu0,00m 1,75s@boss2,70m/oyuncu0,00m 2,73s@boss2,40m/oyuncu0,00m 3,80s@boss2,08m/oyuncu0,00m 4,73s@boss1,80m/oyuncu0,00m; kalıp sonu: merkeze 1,80 m, başlangıçtan 1,20 m, kalıp simülasyonundan 0,00 m; toparlanma 0,59 sn (tablo 0,26)"
10-6,"Bağlayıcı Yansı","Çekiç","silaha_kement",1,1,1,1,1,1,1,1,1,1,"yerinde","yerinde",6800.00,"boss:Root+Slow+Burn, boss hız x0,00",3.00,1.35,1.00,0.94,1.60,0.00,0.00,"","vuruş 1: 0,73s@boss0,40m/oyuncu3,40m; kalıp sonu: merkeze 3,00 m, başlangıçtan 0,00 m, kalıp simülasyonundan 0,00 m; toparlanma 0,59 sn (tablo 0,26)"
11-4,"Sabit Çağrı","Çekiç","taret_dikme",1,1,1,1,1,1,1,1,1,1,"ön","ön",29384.00,"boss:Burn",2.35,1.35,0.52,0.54,1.12,0.00,0.00,"0/2 kare koşu","vuruş 2: 0,80s@boss2,39m/oyuncu0,00m 1,07s@boss0,28m/oyuncu2,70m; kalıp sonu: merkeze 2,43 m, başlangıçtan 0,65 m, kalıp simülasyonundan 0,00 m; toparlanma 0,59 sn (tablo 0,26)"
11-5,"Yayılan Çağrı","Çekiç","dagilan_suru",1,1,1,1,1,1,1,1,1,1,"yerinde","yerinde",49272.00,"boss:Burn",3.00,1.35,0.42,0.42,1.02,0.00,0.00,"","vuruş 3: 0,67s@boss0,35m/oyuncu3,02m 0,75s@boss0,00m/oyuncu3,03m 0,89s@boss0,35m/oyuncu3,08m; kalıp sonu: merkeze 3,08 m, başlangıçtan 0,00 m, kalıp simülasyonundan 0,00 m; toparlanma 0,59 sn (tablo 0,26)"
11-6,"Bağlayıcı Çağrı","Çekiç","muhafiz",1,1,1,1,1,1,1,1,1,1,"ön","ön",136856.00,"boss:Burn+Root+Slow, boss hız x0,00",2.35,1.35,0.63,0.64,1.26,0.00,0.00,"0/1 kare koşu","vuruş 1: 0,76s@boss2,33m/oyuncu1,20m; kalıp sonu: merkeze 2,44 m, başlangıçtan 0,65 m, kalıp simülasyonundan 0,00 m; toparlanma 0,59 sn (tablo 0,26)"
12-4,"Sabit Zaman","Çekiç","totem_dikme",1,1,1,1,1,1,1,1,1,1,"yerinde","yerinde",110256.00,"boss:Burn+Slow+Stun, boss hız x0,00",2.87,1.35,0.33,0.30,0.98,0.00,0.00,"","vuruş 1: 0,84s@boss2,87m/oyuncu0,00m; kalıp sonu: merkeze 3,31 m, başlangıçtan 0,15 m, kalıp simülasyonundan 0,00 m, boss 0,46 m kaydı; toparlanma 0,59 sn (tablo 0,26)"
12-5,"Yayılan Zaman","Çekiç","genisleyen_halka",1,1,1,1,1,1,1,1,1,1,"yerinde","yerinde",25952.00,"boss:Burn+Slow, boss hız x0,70",3.02,1.35,0.60,0.58,1.23,0.00,0.00,"","vuruş 1: 1,03s@boss3,08m/oyuncu0,00m; kalıp sonu: merkeze 3,72 m, başlangıçtan 0,00 m, kalıp simülasyonundan 0,00 m, boss 0,72 m kaydı; toparlanma 0,59 sn (tablo 0,26)"
12-6,"Bağlayıcı Zaman","Çekiç","iki_uclu",1,1,1,1,1,1,1,1,1,1,"yerinde","yerinde",4808.00,"boss:Burn, oyuncu:Haste, oyuncu hız x1,30",3.03,1.35,0.67,0.65,1.27,0.00,0.00,"","vuruş 1: 0,73s@boss0,28m/oyuncu3,39m; kalıp sonu: merkeze 4,23 m, başlangıçtan 0,00 m, kalıp simülasyonundan 0,00 m, boss 1,23 m kaydı; toparlanma 0,59 sn (tablo 0,26)"
7-7,"Bulandırıcı Zafiyet","Çekiç","sis_bombasi",1,1,1,1,1,1,1,1,1,1,"yerinde","yerinde",27608.00,"boss:Blind+Burn",3.00,1.35,0.27,0.22,0.87,0.00,0.00,"","vuruş 1: 0,73s@boss0,36m/oyuncu3,36m; kalıp sonu: merkeze 3,48 m, başlangıçtan 0,00 m, kalıp simülasyonundan 0,00 m, boss 0,48 m kaydı; toparlanma 0,59 sn (tablo 0,26)"
7-8,"Yükselen Zafiyet","Çekiç","yerden_fiskirma",1,1,1,1,1,1,1,1,1,1,"ön","ön",27352.00,"boss:Burn+Stun, boss hız x0,00",2.59,1.35,0.47,0.44,1.07,0.00,0.00,"","vuruş 1: 0,86s@boss0,00m/oyuncu2,75m; kalıp sonu: merkeze 2,60 m, başlangıçtan 0,40 m, kalıp simülasyonundan 0,00 m; toparlanma 0,59 sn (tablo 0,26)"
7-9,"Odaklı Zafiyet","Çekiç","isaret_patlamasi",1,1,1,1,1,1,1,1,1,1,"yerinde","yerinde",41552.00,"boss:Burn",3.06,1.35,1.93,1.92,2.53,0.00,0.00,"","vuruş 1: 2,40s@boss0,00m/oyuncu3,30m; kalıp sonu: merkeze 3,30 m, başlangıçtan 0,00 m, kalıp simülasyonundan 0,00 m, boss 0,30 m kaydı; toparlanma 0,59 sn (tablo 0,26)"
7-10,"Aynalı Zafiyet","Çekiç","onden_arkadan",1,1,1,1,1,1,1,1,1,1,"ön","ön",36264.00,"boss:Burn",2.32,1.35,0.30,0.34,0.98,0.00,0.00,"0/2 kare koşu","vuruş 2: 0,69s@boss1,21m/oyuncu1,11m 0,78s@boss0,60m/oyuncu3,21m; kalıp sonu: merkeze 3,08 m, başlangıçtan 0,90 m, kalıp simülasyonundan 0,00 m, boss 0,98 m kaydı; toparlanma 0,59 sn (tablo 0,26)"
7-11,"Kopya Zafiyet","Çekiç","golge_yankisi",1,1,1,1,1,1,1,1,1,1,"ön","ön",37848.00,"boss:Burn",2.26,1.35,0.53,0.50,1.13,0.00,0.00,"1/3 kare koşu, ayak/gövde hız oranı 1,00","vuruş 2: 0,67s@boss1,11m/oyuncu1,15m 1,00s@boss2,72m/oyuncu1,39m; kalıp sonu: merkeze 3,18 m, başlangıçtan 0,90 m, kalıp simülasyonundan 0,00 m, boss 1,08 m kaydı; toparlanma 0,59 sn (tablo 0,26)"
7-12,"Akan Zafiyet","Çekiç","basili_isik",1,1,1,1,1,1,1,1,1,1,"ön","ön",46960.00,"boss:Burn",2.91,1.35,3.00,3.00,3.60,0.00,0.00,"","vuruş 6: 0,80s@boss0,19m/oyuncu2,72m 1,34s@boss1,08m/oyuncu2,72m 1,80s@boss1,08m/oyuncu2,72m 2,34s@boss0,91m/oyuncu2,72m 2,81s@boss0,73m/oyuncu2,72m 3,34s@boss0,52m/oyuncu2,72m; kalıp sonu: merkeze 3,17 m, başlangıçtan 1,20 m, kalıp simülasyonundan 0,00 m, boss 1,37 m kaydı; toparlanma 0,59 sn (tablo 0,26)"
8-7,"Bulandırıcı Yükseliş","Çekiç","goz_bagi",1,1,1,1,1,1,1,1,1,1,"yerinde","yerinde",0.00,"",3.00,1.35,0.27,0.20,0.87,0.00,0.00,"","hasarsız skill (base_damage 0): etki hareketin kendisi; vuruş 1: 0,73s@boss0,28m/oyuncu3,28m; kalıp sonu: merkeze 3,00 m, başlangıçtan 0,00 m, kalıp simülasyonundan 0,00 m; toparlanma 0,59 sn (tablo 0,26)"
8-8,"Yükselen Yükseliş","Çekiç","buyuten_kemer",1,1,1,1,1,1,1,1,1,1,"yerinde","yerinde",0.00,"",3.00,1.35,0.47,0.42,1.07,0.00,0.00,"","hasarsız skill (base_damage 0): etki hareketin kendisi; vuruş 1: 0,87s@boss5,04m/oyuncu2,21m; kalıp sonu: merkeze 3,22 m, başlangıçtan 0,30 m, kalıp simülasyonundan 0,00 m, kalıp hedefi AllyDummy; toparlanma 0,59 sn (tablo 0,26)"
8-9,"Odaklı Yükseliş","Çekiç","gudumlu_top",1,1,1,1,1,1,1,1,1,1,"yerinde","yerinde",0.00,"",3.00,1.35,0.60,0.56,1.20,0.00,0.00,"","hasarsız skill (base_damage 0): etki hareketin kendisi; vuruş 1: 1,07s@boss6,98m/oyuncu4,53m; kalıp sonu: merkeze 3,00 m, başlangıçtan 0,00 m, kalıp simülasyonundan 0,00 m, kalıp hedefi AllyDummy; toparlanma 0,59 sn (tablo 0,26)"
8-10,"Aynalı Yükseliş","Çekiç","ters_es",1,1,1,1,1,1,1,1,1,1,"yerinde","yerinde",0.00,"",3.00,1.35,0.47,0.44,1.07,0.00,0.00,"","hasarsız skill (base_damage 0): etki hareketin kendisi; vuruş 2: 0,74s@boss2,60m/oyuncu0,40m 0,94s@boss0,00m/oyuncu3,00m; kalıp sonu: merkeze 3,00 m, başlangıçtan 0,00 m, kalıp simülasyonundan 0,00 m; toparlanma 0,59 sn (tablo 0,26)"
8-11,"Kopya Yükseliş","Çekiç","golge_ulak",1,1,1,1,1,1,1,1,1,1,"yan","yan",0.00,"",2.43,1.35,1.40,1.36,2.00,0.00,0.00,"1/3 kare koşu, ayak/gövde hız oranı 1,00","hasarsız skill (base_damage 0): etki hareketin kendisi; vuruş 2: 0,67s@boss3,26m/oyuncu0,35m 1,87s@boss3,05m/oyuncu1,46m; kalıp sonu: merkeze 2,43 m, başlangıçtan 1,41 m, kalıp simülasyonundan 0,00 m, kalıp hedefi AllyDummy; toparlanma 0,59 sn (tablo 0,26)"
8-12,"Akan Yükseliş","Çekiç","akinti_yolu",1,1,1,1,1,1,1,1,1,1,"geri","geri",0.00,"",3.00,1.35,1.00,0.94,1.60,0.00,0.00,"0/10 kare koşu","hasarsız skill (base_damage 0): etki hareketin kendisi; vuruş 1: 1,40s@boss6,27m/oyuncu2,38m; kalıp sonu: merkeze 4,11 m, başlangıçtan 1,40 m, kalıp simülasyonundan 0,00 m, kalıp hedefi AllyDummy; toparlanma 0,59 sn (tablo 0,26)"
9-7,"Bulandırıcı Arınma","Çekiç","sis_ortusu",1,1,1,1,1,1,1,1,1,1,"yerinde","yerinde",0.00,"oyuncu +40000 can",3.00,1.35,0.33,0.30,0.93,0.00,0.00,"","vuruş 1: 0,73s@boss0,00m/oyuncu3,00m; kalıp sonu: merkeze 3,00 m, başlangıçtan 0,00 m, kalıp simülasyonundan 0,00 m; toparlanma 0,59 sn (tablo 0,26)"
9-8,"Yükselen Arınma","Çekiç","isik_sutunu",1,1,1,1,1,1,1,1,1,1,"yerinde","yerinde",0.00,"oyuncu +40000 can",3.00,1.35,0.53,0.48,1.14,0.00,0.00,"","vuruş 1: 0,93s@boss3,06m/oyuncu0,00m; kalıp sonu: merkeze 3,07 m, başlangıçtan 0,10 m, kalıp simülasyonundan 0,00 m, kalıp hedefi AllyDummy; toparlanma 0,59 sn (tablo 0,26)"
9-9,"Odaklı Arınma","Çekiç","mermi_sondur",1,1,1,1,1,1,1,1,1,1,"yerinde","yerinde",0.00,"oyuncu +40000 can",3.00,1.35,0.40,0.38,1.00,0.00,0.00,"","vuruş 1: 0,86s@boss6,98m/oyuncu4,53m; kalıp sonu: merkeze 3,00 m, başlangıçtan 0,00 m, kalıp simülasyonundan 0,00 m, kalıp hedefi AllyDummy; toparlanma 0,59 sn (tablo 0,26)"
9-10,"Aynalı Arınma","Çekiç","yer_degistir",1,1,1,1,1,1,1,1,1,1,"arka","arka",0.00,"oyuncu +40000 can",1.50,1.35,0.40,0.34,1.00,0.00,0.00,"0/1 kare koşu","vuruş 1: 0,87s@boss0,31m/oyuncu1,19m; kalıp sonu: merkeze 1,50 m, başlangıçtan 4,50 m, kalıp simülasyonundan 0,00 m, ışın 8,34 m konumdan çıkarıldı; tek karede 8,34 m sıçrama (sınır 2,48 m @ 67 ms, t=1,00, ışın tasarım gereği); toparlanma 0,59 sn (tablo 0,26)"
9-11,"Kopya Arınma","Çekiç","yem_kopya",1,1,1,1,1,1,1,1,1,1,"yerinde","yerinde",0.00,"oyuncu +40000 can, dost +40000 can",3.00,1.35,0.27,0.24,0.87,0.00,0.00,"","vuruş 1: 0,67s@boss2,98m/oyuncu1,29m; kalıp sonu: merkeze 3,00 m, başlangıçtan 0,00 m, kalıp simülasyonundan 0,00 m; toparlanma 0,59 sn (tablo 0,26)"
9-12,"Akan Arınma","Çekiç","nabiz",1,1,1,1,1,1,1,1,1,1,"yerinde","yerinde",0.00,"oyuncu +24000 can, dost +12000 can",3.00,1.35,3.20,3.18,3.80,0.00,0.00,"","vuruş 3: 1,73s@boss3,00m/oyuncu0,00m 2,73s@boss3,00m/oyuncu0,00m 3,73s@boss3,00m/oyuncu0,00m; kalıp sonu: merkeze 3,00 m, başlangıçtan 0,00 m, kalıp simülasyonundan 0,00 m; toparlanma 0,59 sn (tablo 0,26)"
10-7,"Bulandırıcı Yansı","Çekiç","sahte_goruntu",1,1,1,1,1,1,1,1,1,1,"geri","geri",4000.00,"boss:Blind+Burn",3.00,1.35,0.47,0.44,1.07,0.00,0.00,"1/3 kare koşu, ayak/gövde hız oranı 1,00","vuruş 3: 0,67s@boss3,06m/oyuncu1,37m 0,80s@boss3,06m/oyuncu1,37m 0,93s@boss3,67m/oyuncu0,00m; kalıp sonu: merkeze 3,90 m, başlangıçtan 0,90 m, kalıp simülasyonundan 0,00 m; toparlanma 0,59 sn (tablo 0,26)"
10-8,"Yükselen Yansı","Çekiç","yerden_buyuyen",1,1,1,1,1,1,1,1,1,1,"yerinde","yerinde",1600.00,"boss:Burn",2.75,1.35,0.47,0.42,1.07,0.00,0.00,"","vuruş 1: 0,87s@boss0,00m/oyuncu2,80m; kalıp sonu: merkeze 2,75 m, başlangıçtan 0,25 m, kalıp simülasyonundan 0,00 m; toparlanma 0,59 sn (tablo 0,26)"
10-9,"Odaklı Yansı","Çekiç","koruyucu_isaret",1,1,1,1,1,1,1,1,1,1,"ön","ön",0.00,"",2.10,1.35,0.33,0.32,0.93,0.00,0.00,"0/4 kare koşu","hasarsız skill (base_damage 0): etki hareketin kendisi; vuruş 1: 0,80s@boss1,96m/oyuncu0,35m; kalıp sonu: merkeze 2,10 m, başlangıçtan 0,90 m, kalıp simülasyonundan 0,00 m; toparlanma 0,59 sn (tablo 0,26)"
11-7,"Bulandırıcı Çağrı","Çekiç","sirt_saplama",1,1,1,1,1,1,1,1,1,1,"yerinde","yerinde",27144.00,"boss:Blind+Burn",2.85,1.35,0.48,0.44,1.09,0.00,0.00,"","vuruş 1: 0,95s@boss0,00m/oyuncu2,91m; kalıp sonu: merkeze 2,93 m, başlangıçtan 0,15 m, kalıp simülasyonundan 0,00 m; toparlanma 0,59 sn (tablo 0,26)"
11-8,"Yükselen Çağrı","Çekiç","dostu_yerden",1,1,1,1,1,1,1,1,1,1,"yan","yan",57304.00,"boss:Burn",2.47,1.35,0.93,0.90,1.53,0.00,0.00,"0/10 kare koşu","vuruş 1: 1,33s@boss2,37m/oyuncu0,95m; kalıp sonu: merkeze 2,52 m, başlangıçtan 1,11 m, kalıp simülasyonundan 0,00 m; toparlanma 0,59 sn (tablo 0,26)"
11-9,"Odaklı Çağrı","Çekiç","pesinden_av",1,1,1,1,1,1,1,1,1,1,"ön","ön",183944.00,"boss:Burn",1.96,1.35,2.47,2.46,3.07,0.00,0.00,"0/2 kare koşu","vuruş 1: 2,94s@boss0,00m/oyuncu2,01m; kalıp sonu: merkeze 2,01 m, başlangıçtan 1,10 m, kalıp simülasyonundan 0,00 m, boss 0,11 m kaydı; toparlanma 0,59 sn (tablo 0,26)"
12-7,"Bulandırıcı Zaman","Çekiç","kum_saati",1,1,1,1,1,1,1,1,1,1,"yerinde","yerinde",81848.00,"boss:Blind+Burn+Slow, boss hız x0,70",3.00,1.35,0.67,0.62,1.27,0.00,0.00,"","vuruş 1: 0,73s@boss0,28m/oyuncu3,28m; kalıp sonu: merkeze 4,11 m, başlangıçtan 0,00 m, kalıp simülasyonundan 0,00 m, boss 1,11 m kaydı; toparlanma 0,59 sn (tablo 0,26)"
12-8,"Yükselen Zaman","Çekiç","isik_sutunu",1,1,1,1,1,1,1,1,1,1,"yerinde","yerinde",1200.00,"boss:Burn, oyuncu:Haste, oyuncu hız x1,50",2.90,1.35,0.53,0.48,1.14,0.00,0.00,"","vuruş 1: 0,93s@boss2,92m/oyuncu0,00m; kalıp sonu: merkeze 2,90 m, başlangıçtan 0,10 m, kalıp simülasyonundan 0,00 m; toparlanma 0,59 sn (tablo 0,26)"
12-9,"Odaklı Zaman","Çekiç","isaret_patlamasi",1,1,1,1,1,1,1,1,1,1,"yerinde","yerinde",1200.00,"boss:Burn+Slow, boss hız x0,70",3.00,1.35,1.93,1.92,2.53,0.00,0.00,"","vuruş 1: 2,40s@boss0,00m/oyuncu3,00m; kalıp sonu: merkeze 3,00 m, başlangıçtan 0,00 m, kalıp simülasyonundan 0,00 m; toparlanma 0,59 sn (tablo 0,26)"
1-1,"Yoğun Vuruş","Top","yukle_birak",1,1,1,1,1,1,1,1,1,1,"ön","ön",299968.00,"boss:Burn",1.70,1.35,0.67,0.64,1.47,0.00,0.00,"2/5 kare koşu, ayak/gövde hız oranı 0,95","vuruş 1: 1,20s@boss0,45m/oyuncu1,53m; kalıp sonu: merkeze 2,70 m, başlangıçtan 1,20 m, kalıp simülasyonundan 0,20 m, boss 0,90 m kaydı; toparlanma 0,74 sn (tablo 0,26)"
1-2,"Emici Vuruş","Top","kan_ceken_pence",1,1,1,1,1,1,1,1,1,1,"yerinde","yerinde",261800.00,"boss:Burn, oyuncu +77464 can",1.34,1.35,0.40,0.38,1.20,0.00,0.00,"","vuruş 3: 0,87s@boss1,88m/oyuncu1,02m 1,00s@boss1,27m/oyuncu1,02m 1,13s@boss0,64m/oyuncu1,02m; kalıp sonu: merkeze 1,34 m, başlangıçtan 0,00 m, kalıp simülasyonundan 0,00 m, boss 1,66 m kaydı; yer değiştiren: kalıp 0,00 m, başka 0,50 m, SkillMotionDriver 0 kare, dodge 0 kare; toparlanma 0,74 sn (tablo 0,26)"
1-3,"Sıçrayan Vuruş","Top","yan_yan_sekme",1,1,1,1,1,1,1,1,1,1,"geri","geri",350688.00,"boss:Burn",2.95,1.35,0.60,0.58,1.40,0.00,0.00,"2/9 kare koşu, ayak/gövde hız oranı 0,95","vuruş 2: 0,87s@boss0,73m/oyuncu3,62m 1,20s@boss0,74m/oyuncu5,08m; kalıp sonu: merkeze 5,09 m, başlangıçtan 1,60 m, kalıp simülasyonundan 0,13 m, boss 1,21 m kaydı; toparlanma 0,74 sn (tablo 0,26)"
1-4,"Sabit Vuruş","Top","yere_cakilan",1,1,1,1,1,1,1,1,1,1,"yerinde","yerinde",224264.00,"boss:Burn",2.96,1.35,0.60,0.54,1.40,0.00,0.00,"2/2 kare koşu, ayak/gövde hız oranı 0,95","vuruş 1: 1,13s@boss2,96m/oyuncu0,00m; kalıp sonu: merkeze 4,23 m, başlangıçtan 0,30 m, kalıp simülasyonundan 0,00 m, boss 0,94 m kaydı; toparlanma 0,74 sn (tablo 0,26)"
1-5,"Yayılan Vuruş","Top","donen_kesik",1,1,1,1,1,1,1,1,1,1,"geri","geri",198456.00,"boss:Burn",3.05,1.35,0.73,0.67,1.53,0.00,0.00,"2/2 kare koşu, ayak/gövde hız oranı 0,95","vuruş 1: 1,00s@boss3,23m/oyuncu0,00m; kalıp sonu: merkeze 4,84 m, başlangıçtan 0,50 m, kalıp simülasyonundan 0,00 m, boss 1,34 m kaydı; toparlanma 0,74 sn (tablo 0,26)"
1-6,"Bağlayıcı Vuruş","Top","zincirli_firlatma",1,1,1,1,1,1,1,1,1,1,"ön","ön",244304.00,"boss:Root+Slow+Burn, boss hız x0,00",2.90,1.35,0.87,0.82,1.66,0.00,0.00,"3/5 kare koşu, ayak/gövde hız oranı 0,97","vuruş 2: 0,93s@boss0,46m/oyuncu3,61m 1,40s@boss1,69m/oyuncu1,28m; kalıp sonu: merkeze 3,39 m, başlangıçtan 1,00 m, kalıp simülasyonundan 0,00 m, boss 1,39 m kaydı; toparlanma 0,74 sn (tablo 0,26)"
2-1,"Yoğun Şifa","Top","tek_dokunus",1,1,1,1,1,1,1,1,1,1,"geri","geri",0.00,"oyuncu +200000 can",3.01,1.35,0.20,0.16,1.00,0.00,0.00,"0/2 kare koşu","vuruş 1: 0,87s@boss3,93m/oyuncu0,68m; kalıp sonu: merkeze 3,45 m, başlangıçtan 0,55 m, kalıp simülasyonundan 0,00 m, kalıp hedefi AllyDummy; toparlanma 0,74 sn (tablo 0,26)"
2-2,"Emici Şifa","Top","uzaktan_emme",1,1,1,1,1,1,1,1,1,1,"yerinde","yerinde",53184.00,"oyuncu +84000 can, dost +28000 can",2.65,1.35,2.20,2.16,3.00,0.00,0.00,"","vuruş 4: 1,40s@boss0,19m/oyuncu2,72m 1,93s@boss0,10m/oyuncu2,72m 2,40s@boss0,02m/oyuncu2,72m 2,93s@boss0,07m/oyuncu2,72m; kalıp sonu: merkeze 2,65 m, başlangıçtan 0,35 m, kalıp simülasyonundan 0,00 m; toparlanma 0,74 sn (tablo 0,26)"
2-3,"Sıçrayan Şifa","Top","dosttan_dosta",1,1,1,1,1,1,1,1,1,1,"yerinde","yerinde",0.00,"oyuncu +204000 can, dost +100000 can",3.00,1.35,0.60,0.54,1.39,0.00,0.00,"","vuruş 3: 0,93s@boss6,43m/oyuncu3,95m 1,00s@boss6,98m/oyuncu4,53m 1,19s@boss6,88m/oyuncu4,54m; kalıp sonu: merkeze 3,00 m, başlangıçtan 0,00 m, kalıp simülasyonundan 0,00 m, kalıp hedefi AllyDummy; toparlanma 0,74 sn (tablo 0,26)"
2-4,"Sabit Şifa","Top","totem_dikme",1,1,1,1,1,1,1,1,1,1,"yerinde","yerinde",0.00,"oyuncu +200000 can",3.00,1.35,0.33,0.30,1.13,0.00,0.00,"","vuruş 1: 1,00s@boss3,10m/oyuncu0,00m; kalıp sonu: merkeze 3,11 m, başlangıçtan 0,15 m, kalıp simülasyonundan 0,00 m, kalıp hedefi AllyDummy; toparlanma 0,74 sn (tablo 0,26)"
2-5,"Yayılan Şifa","Top","genisleyen_halka",1,1,1,1,1,1,1,1,1,1,"yerinde","yerinde",0.00,"oyuncu +200000 can",3.00,1.35,0.60,0.58,1.40,0.00,0.00,"","vuruş 1: 1,20s@boss3,00m/oyuncu0,00m; kalıp sonu: merkeze 3,00 m, başlangıçtan 0,00 m, kalıp simülasyonundan 0,00 m; toparlanma 0,74 sn (tablo 0,26)"
2-6,"Bağlayıcı Şifa","Top","dostu_kanca",1,1,1,1,1,1,1,1,1,1,"geri","geri",0.00,"oyuncu +200000 can",3.00,1.35,0.59,0.52,1.39,0.00,0.00,"2/6 kare koşu, ayak/gövde hız oranı 1,00","vuruş 1: 1,20s@boss5,82m/oyuncu0,40m; kalıp sonu: merkeze 5,92 m, başlangıçtan 3,40 m, kalıp simülasyonundan 0,00 m, kalıp hedefi AllyDummy; toparlanma 0,74 sn (tablo 0,26)"
3-1,"Yoğun Adım","Top","kisa_dash",1,1,1,1,1,1,1,1,1,1,"ön","ön",2800.00,"boss:Burn",1.50,1.35,0.20,0.16,1.00,0.00,0.00,"0/3 kare koşu","kalıp sonu: merkeze 1,50 m, başlangıçtan 1,50 m, kalıp simülasyonundan 0,00 m; toparlanma 0,74 sn (tablo 0,26)"
3-2,"Emici Adım","Top","icinden_emme",1,1,1,1,1,1,1,1,1,1,"arka","arka",2800.00,"boss:Burn",0.20,1.35,0.33,0.28,1.13,0.00,0.00,"0/5 kare koşu","vuruş 1: 0,93s@boss0,23m/oyuncu1,36m; kalıp sonu: merkeze 2,61 m, başlangıçtan 5,29 m, kalıp simülasyonundan 0,36 m, boss 0,32 m kaydı; gövdeye girdi: merkeze 0,20 m (t=0,86, temas 1,35) geçiş tasarım gereği; toparlanma 0,74 sn (tablo 0,26)"
3-3,"Sıçrayan Adım","Top","sekmeli_ziplama",1,1,1,1,1,1,1,1,1,1,"arka","arka",3208.00,"boss:Burn",1.50,1.35,0.40,0.40,1.20,0.00,0.00,"0/6 kare koşu","vuruş 2: 0,93s@boss1,79m/oyuncu0,00m 1,13s@boss1,50m/oyuncu0,00m; kalıp sonu: merkeze 1,50 m, başlangıçtan 4,50 m, kalıp simülasyonundan 0,00 m; toparlanma 0,74 sn (tablo 0,26)"
3-4,"Sabit Adım","Top","geri_sarma",1,1,1,1,1,1,1,1,1,1,"başlangıç","başlangıç",17576.00,"boss:Burn",1.50,1.35,2.67,2.66,3.47,0.00,0.00,"3/9 kare koşu, ayak/gövde hız oranı 0,90","kalıp sonu: merkeze 3,00 m, başlangıçtan 0,00 m, kalıp simülasyonundan 0,00 m; toparlanma 0,74 sn (tablo 0,26)"
3-5,"Yayılan Adım","Top","dalis_patlamasi",1,1,1,1,1,1,1,1,1,1,"ön","ön",2800.00,"boss:Burn",1.50,1.35,0.47,0.42,1.26,0.00,0.00,"0/4 kare koşu","vuruş 1: 1,06s@boss1,50m/oyuncu0,00m; kalıp sonu: merkeze 1,50 m, başlangıçtan 1,50 m, kalıp simülasyonundan 0,00 m; toparlanma 0,74 sn (tablo 0,26)"
3-6,"Bağlayıcı Adım","Top","kanca_cekis",1,1,1,1,1,1,1,1,1,1,"arka","arka",2808.00,"boss:Root+Slow+Burn, boss hız x0,00",1.50,1.35,0.80,0.74,1.60,0.00,0.00,"1/10 kare koşu, ayak/gövde hız oranı 1,01","vuruş 1: 1,40s@boss0,00m/oyuncu1,50m; kalıp sonu: merkeze 1,50 m, başlangıçtan 4,50 m, kalıp simülasyonundan 0,00 m; toparlanma 0,74 sn (tablo 0,26)"
4-1,"Yoğun Kalkan","Top","tam_zamanli",1,1,1,1,1,1,1,1,1,1,"yerinde","yerinde",0.00,"",3.00,1.35,0.53,0.50,1.33,0.00,0.00,"","hasarsız skill (base_damage 0): etki hareketin kendisi; vuruş 1: 1,13s@boss0,62m/oyuncu2,38m; kalıp sonu: merkeze 3,00 m, başlangıçtan 0,00 m, kalıp simülasyonundan 0,00 m; toparlanma 0,74 sn (tablo 0,26)"
4-2,"Emici Kalkan","Top","kalkan_calma",1,1,1,1,1,1,1,1,1,1,"yerinde","yerinde",76000.00,"",3.00,1.35,0.28,0.20,1.04,0.00,0.00,"","vuruş 1: 0,91s@boss1,73m/oyuncu1,28m; kalıp sonu: merkeze 3,00 m, başlangıçtan 0,00 m, kalıp simülasyonundan 0,00 m; toparlanma 0,74 sn (tablo 0,26)"
4-3,"Sıçrayan Kalkan","Top","seken_disk",1,1,1,1,1,1,1,1,1,1,"yerinde","yerinde",0.00,"",3.00,1.35,0.47,0.42,1.26,0.00,0.00,"","hasarsız skill (base_damage 0): etki hareketin kendisi; vuruş 2: 0,93s@boss0,30m/oyuncu3,30m 1,07s@boss3,04m/oyuncu1,43m; kalıp sonu: merkeze 3,00 m, başlangıçtan 0,00 m, kalıp simülasyonundan 0,00 m; toparlanma 0,74 sn (tablo 0,26)"
5-1,"Yoğun Patlama","Top","saplanan_fitil",1,1,1,1,1,1,1,1,1,1,"geri","geri",415376.00,"boss:Burn",2.38,1.35,1.73,1.74,2.40,0.00,0.00,"3/8 kare koşu, ayak/gövde hız oranı 0,98","vuruş 2: 0,74s@boss0,85m/oyuncu1,53m 2,27s@boss0,83m/oyuncu3,15m; kalıp sonu: merkeze 4,76 m, başlangıçtan 1,30 m, kalıp simülasyonundan 0,00 m, boss 0,46 m kaydı; toparlanma 0,64 sn (tablo 0,26)"
5-2,"Emici Patlama","Top","ceken_girdap",1,1,1,1,1,1,1,1,1,1,"geri","geri",390216.00,"boss:Burn, oyuncu +115138 can",1.34,1.35,1.47,1.44,2.14,0.00,0.00,"3/3 kare koşu, ayak/gövde hız oranı 1,00","vuruş 3: 1,33s@boss0,00m/oyuncu1,35m 1,80s@boss0,00m/oyuncu1,35m 1,87s@boss0,00m/oyuncu1,35m; kalıp sonu: merkeze 1,85 m, başlangıçtan 0,50 m, kalıp simülasyonundan 0,00 m, boss 1,65 m kaydı; toparlanma 0,64 sn (tablo 0,26)"
5-3,"Sıçrayan Patlama","Top","seken_bomba",1,1,1,1,1,1,1,1,1,1,"geri","geri",528408.00,"boss:Burn",3.02,1.35,0.73,0.70,1.40,0.00,0.00,"2/2 kare koşu, ayak/gövde hız oranı 0,95","vuruş 3: 0,80s@boss0,40m/oyuncu3,50m 0,93s@boss0,00m/oyuncu3,58m 1,14s@boss0,35m/oyuncu4,01m; kalıp sonu: merkeze 4,76 m, başlangıçtan 0,50 m, kalıp simülasyonundan 0,00 m, boss 1,26 m kaydı; toparlanma 0,64 sn (tablo 0,26)"
6-1,"Yoğun Bağ","Top","sinir_noktasi",1,1,1,1,1,1,1,1,1,1,"ön","ön",124832.00,"boss:Burn+Stun, boss hız x0,00",1.50,1.35,0.46,0.46,1.13,0.00,0.00,"1/5 kare koşu, ayak/gövde hız oranı 0,95","vuruş 1: 0,93s@boss0,91m/oyuncu0,60m; kalıp sonu: merkeze 2,38 m, başlangıçtan 1,41 m, kalıp simülasyonundan 0,41 m, boss 0,79 m kaydı; toparlanma 0,64 sn (tablo 0,26)"
6-2,"Emici Bağ","Top","bossu_cek",1,1,1,1,1,1,1,1,1,1,"geri","geri",83680.00,"boss:Burn+Root, boss hız x0,00, oyuncu +24026 can",1.56,1.35,0.59,0.56,1.26,0.00,0.00,"3/7 kare koşu, ayak/gövde hız oranı 0,97","vuruş 1: 0,93s@boss2,88m/oyuncu1,36m; kalıp sonu: merkeze 2,97 m, başlangıçtan 2,10 m, kalıp simülasyonundan 0,00 m, boss 2,13 m kaydı; toparlanma 0,64 sn (tablo 0,26)"
6-3,"Sıçrayan Bağ","Top","basip_sekme",1,1,1,1,1,1,1,1,1,1,"başlangıç","başlangıç",136784.00,"boss:Burn+Root, boss hız x0,00",1.66,1.35,0.66,0.64,1.33,0.00,0.00,"2/9 kare koşu, ayak/gövde hız oranı 0,95","vuruş 1: 0,93s@boss1,52m/oyuncu0,25m; kalıp sonu: merkeze 3,67 m, başlangıçtan 0,19 m, kalıp simülasyonundan 0,11 m, boss 0,86 m kaydı; toparlanma 0,64 sn (tablo 0,26)"
1-7,"Bulandırıcı Vuruş","Top","dumandan_cikis",1,1,1,1,1,1,1,1,1,1,"ön","ön",225664.00,"boss:Blind+Burn",1.79,1.35,0.66,0.60,1.46,0.00,0.00,"1/4 kare koşu, ayak/gövde hız oranı 0,90","vuruş 1: 1,13s@boss0,82m/oyuncu1,36m; kalıp sonu: merkeze 2,77 m, başlangıçtan 1,30 m, kalıp simülasyonundan 0,30 m, boss 1,07 m kaydı; toparlanma 0,74 sn (tablo 0,26)"
1-8,"Yükselen Vuruş","Top","havaya_kaldirma",1,1,1,1,1,1,1,1,1,1,"ön","ön",252128.00,"boss:Burn+Stun, boss hız x0,00",1.92,1.35,0.47,0.46,1.27,0.00,0.00,"2/7 kare koşu, ayak/gövde hız oranı 1,00","vuruş 1: 0,93s@boss1,08m/oyuncu1,28m; kalıp sonu: merkeze 2,40 m, başlangıçtan 0,60 m, kalıp simülasyonundan 0,00 m; toparlanma 0,74 sn (tablo 0,26)"
1-9,"Odaklı Vuruş","Top","isarete_vur",1,1,1,1,1,1,1,1,1,1,"ön","ön",400496.00,"boss:Burn",2.76,1.35,0.53,0.50,1.33,0.00,0.00,"2/5 kare koşu, ayak/gövde hız oranı 0,95","vuruş 1: 1,07s@boss1,55m/oyuncu1,28m; kalıp sonu: merkeze 3,70 m, başlangıçtan 0,85 m, kalıp simülasyonundan 0,00 m, boss 1,55 m kaydı; toparlanma 0,74 sn (tablo 0,26)"
2-7,"Bulandırıcı Şifa","Top","sis_ortusu",1,1,1,1,1,1,1,1,1,1,"yerinde","yerinde",0.00,"oyuncu +200000 can",3.05,1.35,0.33,0.30,1.13,0.00,0.00,"","vuruş 1: 0,94s@boss0,00m/oyuncu3,23m; kalıp sonu: merkeze 3,24 m, başlangıçtan 0,00 m, kalıp simülasyonundan 0,00 m, boss 0,24 m kaydı; toparlanma 0,74 sn (tablo 0,26)"
2-8,"Yükselen Şifa","Top","yerden_buyuyen",1,1,1,1,1,1,1,1,1,1,"yerinde","yerinde",0.00,"oyuncu +200000 can",3.00,1.35,0.47,0.42,1.27,0.00,0.00,"","vuruş 1: 1,07s@boss6,98m/oyuncu4,33m; kalıp sonu: merkeze 3,18 m, başlangıçtan 0,25 m, kalıp simülasyonundan 0,00 m, kalıp hedefi AllyDummy; toparlanma 0,74 sn (tablo 0,26)"
2-9,"Odaklı Şifa","Top","koruyucu_isaret",1,0,1,1,1,1,1,1,1,0,"geri","geri",0.00,"",3.00,1.35,0.27,0.20,1.07,0.00,0.00,"0/3 kare koşu","hasar yok, etki görülmedi; vuruş 1: 0,94s@boss3,90m/oyuncu0,35m; kalıp sonu: merkeze 3,61 m, başlangıçtan 0,80 m, kalıp simülasyonundan 0,00 m, kalıp hedefi AllyDummy; toparlanma 0,74 sn (tablo 0,26)"
3-7,"Bulandırıcı Adım","Top","duman_kaybolma",1,1,1,1,1,1,1,1,1,1,"ön","ön",4392.00,"boss:Blind+Burn, oyuncu:Stealth",1.50,1.35,0.60,0.59,1.40,0.00,0.00,"0/4 kare koşu","vuruş 1: 0,93s@boss1,74m/oyuncu0,00m; kalıp sonu: merkeze 1,50 m, başlangıçtan 1,50 m, kalıp simülasyonundan 0,00 m; toparlanma 0,74 sn (tablo 0,26)"
3-8,"Yükselen Adım","Top","sicrayip_cakilma",1,1,1,1,1,1,1,1,1,1,"ön","ön",3192.00,"boss:Burn, oyuncu:Haste, oyuncu hız x1,10",1.50,1.35,0.87,0.82,1.67,0.00,0.00,"0/5 kare koşu","vuruş 1: 1,53s@boss1,50m/oyuncu0,00m; kalıp sonu: merkeze 1,50 m, başlangıçtan 1,50 m, kalıp simülasyonundan 0,00 m; toparlanma 0,74 sn (tablo 0,26)"
3-9,"Odaklı Adım","Top","kilitli_adim",1,1,1,1,1,1,1,1,1,1,"arka","arka",2408.00,"boss:Burn",1.50,1.35,0.53,0.48,1.34,0.00,0.00,"0/1 kare koşu","vuruş 1: 1,20s@boss0,00m/oyuncu1,50m; kalıp sonu: merkeze 1,50 m, başlangıçtan 4,50 m, kalıp simülasyonundan 0,00 m; tek karede 4,50 m sıçrama (sınır 2,56 m @ 69 ms, t=1,07, faz adim, blink tasarım gereği); toparlanma 0,74 sn (tablo 0,26)"
7-1,"Yoğun Zafiyet","Top","diken_firlatma",1,1,1,1,1,1,1,1,1,1,"geri","geri",78912.00,"boss:Burn",3.00,1.35,0.54,0.52,1.20,0.00,0.00,"2/2 kare koşu, ayak/gövde hız oranı 0,95","vuruş 1: 1,00s@boss0,30m/oyuncu3,31m; kalıp sonu: merkeze 4,14 m, başlangıçtan 0,50 m, kalıp simülasyonundan 0,00 m, boss 0,64 m kaydı; toparlanma 0,64 sn (tablo 0,26)"
7-2,"Emici Zafiyet","Top","sokup_cekme",1,1,1,1,1,1,1,1,1,1,"geri","geri",60944.00,"boss:Burn, oyuncu +16823 can",3.05,1.35,0.60,0.56,1.27,0.00,0.00,"3/7 kare koşu, ayak/gövde hız oranı 0,97","vuruş 2: 0,80s@boss0,35m/oyuncu3,71m 0,93s@boss2,84m/oyuncu1,19m; kalıp sonu: merkeze 5,07 m, başlangıçtan 1,80 m, kalıp simülasyonundan 0,00 m, boss 0,27 m kaydı; toparlanma 0,64 sn (tablo 0,26)"
7-3,"Sıçrayan Zafiyet","Top","seken_yaratik",1,1,1,1,1,1,1,1,1,1,"geri","geri",105176.00,"boss:Burn",3.02,1.35,0.80,0.76,1.47,0.00,0.00,"2/2 kare koşu, ayak/gövde hız oranı 0,95","vuruş 3: 0,87s@boss0,00m/oyuncu3,11m 1,07s@boss0,35m/oyuncu3,76m 1,20s@boss0,35m/oyuncu4,01m; kalıp sonu: merkeze 4,77 m, başlangıçtan 0,50 m, kalıp simülasyonundan 0,00 m, boss 1,27 m kaydı; toparlanma 0,64 sn (tablo 0,26)"
8-1,"Yoğun Yükseliş","Top","kuculten_kapi",1,1,1,1,1,1,1,1,1,1,"yerinde","yerinde",0.00,"",3.03,1.35,0.33,0.28,1.13,0.00,0.00,"","hasarsız skill (base_damage 0): etki hareketin kendisi; vuruş 1: 0,93s@boss0,77m/oyuncu2,38m; kalıp sonu: merkeze 3,15 m, başlangıçtan 0,00 m, kalıp simülasyonundan 0,00 m, boss 0,15 m kaydı; toparlanma 0,74 sn (tablo 0,26)"
8-2,"Emici Yükseliş","Top","kan_muhru",1,1,1,1,1,1,1,1,1,1,"yerinde","yerinde",0.00,"",3.00,1.35,0.33,0.32,1.13,0.00,0.00,"","hasarsız skill (base_damage 0): etki hareketin kendisi; vuruş 1: 0,93s@boss3,00m/oyuncu0,00m; kalıp sonu: merkeze 3,00 m, başlangıçtan 0,00 m, kalıp simülasyonundan 0,00 m; toparlanma 0,74 sn (tablo 0,26)"
8-3,"Sıçrayan Yükseliş","Top","pas_verme",1,1,1,1,1,1,1,1,1,1,"yerinde","yerinde",0.00,"",3.00,1.35,0.27,0.24,1.07,0.00,0.00,"","hasarsız skill (base_damage 0): etki hareketin kendisi; vuruş 1: 1,00s@boss6,38m/oyuncu3,90m; kalıp sonu: merkeze 3,00 m, başlangıçtan 0,00 m, kalıp simülasyonundan 0,00 m, kalıp hedefi AllyDummy; toparlanma 0,74 sn (tablo 0,26)"
9-1,"Yoğun Arınma","Top","tek_dokunus",1,1,1,1,1,1,1,1,1,1,"geri","geri",0.00,"oyuncu +48000 can",3.00,1.35,0.20,0.16,1.00,0.00,0.00,"0/2 kare koşu","vuruş 1: 0,87s@boss3,89m/oyuncu0,68m; kalıp sonu: merkeze 3,41 m, başlangıçtan 0,55 m, kalıp simülasyonundan 0,00 m, kalıp hedefi AllyDummy; toparlanma 0,74 sn (tablo 0,26)"
9-2,"Emici Arınma","Top","cekip_firlat",1,1,1,1,1,1,1,1,1,1,"yerinde","yerinde",0.00,"oyuncu +20000 can, dost +28000 can",3.00,1.35,0.53,0.50,1.33,0.00,0.00,"","vuruş 2: 0,93s@boss2,65m/oyuncu0,35m 1,27s@boss0,30m/oyuncu3,30m; kalıp sonu: merkeze 3,00 m, başlangıçtan 0,00 m, kalıp simülasyonundan 0,00 m; toparlanma 0,74 sn (tablo 0,26)"
9-3,"Sıçrayan Arınma","Top","dosttan_dosta",1,1,1,1,1,1,1,1,1,1,"yerinde","yerinde",0.00,"oyuncu +56000 can, dost +16000 can",3.00,1.35,0.60,0.54,1.36,0.00,0.00,"","vuruş 3: 0,89s@boss6,43m/oyuncu3,95m 0,96s@boss6,98m/oyuncu4,53m 1,16s@boss6,88m/oyuncu4,54m; kalıp sonu: merkeze 3,00 m, başlangıçtan 0,00 m, kalıp simülasyonundan 0,00 m, kalıp hedefi AllyDummy; toparlanma 0,74 sn (tablo 0,26)"
1-10,"Aynalı Vuruş","Top","sirtta_kapi",1,1,1,1,1,1,1,1,1,1,"ön","ön",60632680.00,"boss:Burn",2.06,1.35,0.47,0.44,1.27,0.00,0.00,"2/5 kare koşu, ayak/gövde hız oranı 0,95","vuruş 2: 0,87s@boss0,92m/oyuncu1,19m 1,00s@boss0,55m/oyuncu2,82m; kalıp sonu: merkeze 3,28 m, başlangıçtan 0,70 m, kalıp simülasyonundan 0,00 m, boss 0,98 m kaydı; toparlanma 0,74 sn (tablo 0,26)"
1-11,"Kopya Vuruş","Top","golge_yankisi",1,1,1,1,1,1,1,1,1,1,"başlangıç","başlangıç",239544.00,"boss:Burn",2.44,1.35,0.67,0.62,1.47,0.00,0.00,"3/5 kare koşu, ayak/gövde hız oranı 0,97","vuruş 2: 0,86s@boss1,29m/oyuncu1,15m 1,20s@boss2,87m/oyuncu1,39m; kalıp sonu: merkeze 3,95 m, başlangıçtan 0,40 m, kalıp simülasyonundan 0,00 m, boss 1,35 m kaydı; toparlanma 0,74 sn (tablo 0,26)"
1-12,"Akan Vuruş","Top","basili_seri",1,1,1,1,1,1,1,1,1,1,"ön","ön",178224.00,"boss:Burn",3.01,1.35,3.15,3.12,3.95,0.00,0.00,"2/2 kare koşu, ayak/gövde hız oranı 0,95","vuruş 6: 1,00s@boss1,87m/oyuncu1,15m 1,54s@boss2,74m/oyuncu1,15m 2,00s@boss2,71m/oyuncu1,15m 2,54s@boss2,51m/oyuncu1,15m 3,01s@boss2,30m/oyuncu1,15m 3,54s@boss2,05m/oyuncu1,15m; kalıp sonu: merkeze 3,61 m, başlangıçtan 0,90 m, kalıp simülasyonundan 0,00 m, boss 1,51 m kaydı; toparlanma 0,74 sn (tablo 0,26)"
2-10,"Aynalı Şifa","Top","ters_es",1,1,1,1,1,1,1,1,1,1,"yerinde","yerinde",16800.00,"oyuncu +112000 can",3.02,1.35,0.47,0.44,1.27,0.00,0.00,"","vuruş 2: 0,93s@boss2,71m/oyuncu0,40m 1,13s@boss0,00m/oyuncu3,11m; kalıp sonu: merkeze 3,11 m, başlangıçtan 0,00 m, kalıp simülasyonundan 0,00 m, boss 0,11 m kaydı; toparlanma 0,74 sn (tablo 0,26)"
2-11,"Kopya Şifa","Top","golge_ulak",1,1,1,1,1,1,1,1,1,1,"yan","yan",0.00,"oyuncu +200000 can, dost +200000 can",2.43,1.35,1.40,1.36,2.20,0.00,0.00,"1/3 kare koşu, ayak/gövde hız oranı 1,00","vuruş 2: 0,87s@boss3,26m/oyuncu0,35m 2,07s@boss3,05m/oyuncu1,46m; kalıp sonu: merkeze 2,43 m, başlangıçtan 1,41 m, kalıp simülasyonundan 0,00 m, kalıp hedefi AllyDummy; toparlanma 0,74 sn (tablo 0,26)"
2-12,"Akan Şifa","Top","basili_isik",1,1,1,1,1,1,1,1,1,1,"geri","geri",0.00,"oyuncu +160000 can, dost +32000 can",3.00,1.35,3.03,3.00,3.82,0.00,0.00,"","vuruş 6: 1,00s@boss5,38m/oyuncu2,72m 1,54s@boss5,58m/oyuncu2,72m 2,07s@boss5,78m/oyuncu2,72m 2,49s@boss5,94m/oyuncu2,72m 3,02s@boss6,14m/oyuncu2,72m 3,49s@boss6,31m/oyuncu2,72m; kalıp sonu: merkeze 3,94 m, başlangıçtan 1,20 m, kalıp simülasyonundan 0,00 m, kalıp hedefi AllyDummy; toparlanma 0,74 sn (tablo 0,26)"
3-10,"Aynalı Adım","Top","iki_kapi",1,1,1,1,1,1,1,1,1,1,"ön","ön",5200.00,"boss:Burn",1.50,1.35,0.60,0.54,1.40,0.00,0.00,"0/4 kare koşu","vuruş 2: 0,80s@boss3,00m/oyuncu0,00m 1,20s@boss1,50m/oyuncu0,00m; kalıp sonu: merkeze 1,50 m, başlangıçtan 1,50 m, kalıp simülasyonundan 0,00 m; toparlanma 0,74 sn (tablo 0,26)"
3-11,"Kopya Adım","Top","yem_kac",1,1,1,1,1,1,1,1,1,1,"geri","geri",4408.00,"boss:Burn",3.00,1.35,0.47,0.40,1.26,0.00,0.00,"0/4 kare koşu","vuruş 1: 0,80s@boss3,00m/oyuncu0,00m; kalıp sonu: merkeze 5,80 m, başlangıçtan 2,80 m, kalıp simülasyonundan 0,00 m; toparlanma 0,74 sn (tablo 0,26)"
3-12,"Akan Adım","Top","suzulme",1,1,1,1,1,1,1,1,1,1,"ön","ön",19992.00,"boss:Burn, oyuncu:Haste, oyuncu hız x1,50",1.90,1.35,3.07,3.00,3.87,0.00,0.00,"","kalıp sonu: merkeze 1,90 m, başlangıçtan 1,10 m, kalıp simülasyonundan 0,00 m; toparlanma 0,74 sn (tablo 0,26)"
10-1,"Yoğun Yansı","Top","tam_zamanli",1,1,1,1,1,1,1,1,1,1,"yerinde","yerinde",2816.00,"boss:Burn",3.00,1.35,0.53,0.50,1.34,0.00,0.00,"","vuruş 1: 1,13s@boss0,62m/oyuncu2,38m; kalıp sonu: merkeze 3,00 m, başlangıçtan 0,00 m, kalıp simülasyonundan 0,00 m; toparlanma 0,74 sn (tablo 0,26)"
10-2,"Emici Yansı","Top","yutan_girdap",1,1,1,1,1,1,1,1,1,1,"yerinde","yerinde",15624.00,"boss:Burn",3.00,1.35,3.27,3.18,4.07,0.00,0.00,"","vuruş 4: 1,67s@boss0,62m/oyuncu2,38m 2,47s@boss0,62m/oyuncu2,38m 3,21s@boss0,62m/oyuncu2,38m 3,93s@boss0,62m/oyuncu2,38m; kalıp sonu: merkeze 3,00 m, başlangıçtan 0,00 m, kalıp simülasyonundan 0,00 m; toparlanma 0,74 sn (tablo 0,26)"
10-3,"Sıçrayan Yansı","Top","seken_geri",1,1,1,1,1,1,1,1,1,1,"ön","ön",3592.00,"boss:Burn",1.90,1.35,0.40,0.36,1.20,0.00,0.00,"0/3 kare koşu","vuruş 2: 0,87s@boss0,55m/oyuncu1,53m 1,00s@boss0,00m/oyuncu1,90m; kalıp sonu: merkeze 1,90 m, başlangıçtan 1,10 m, kalıp simülasyonundan 0,00 m; toparlanma 0,74 sn (tablo 0,26)"
10-10,"Aynalı Yansı","Top","iki_kapi",1,1,1,1,1,1,1,1,1,1,"ön","ön",5208.00,"boss:Burn",1.50,1.35,0.60,0.54,1.40,0.00,0.00,"0/4 kare koşu","vuruş 2: 0,80s@boss3,00m/oyuncu0,00m 1,20s@boss1,50m/oyuncu0,00m; kalıp sonu: merkeze 1,50 m, başlangıçtan 1,50 m, kalıp simülasyonundan 0,00 m; toparlanma 0,74 sn (tablo 0,26)"
10-11,"Kopya Yansı","Top","yem_kopya",1,1,1,1,1,1,1,1,1,1,"yerinde","yerinde",2808.00,"boss:Burn",3.00,1.35,0.27,0.24,1.07,0.00,0.00,"","vuruş 1: 0,87s@boss2,98m/oyuncu1,29m; kalıp sonu: merkeze 3,00 m, başlangıçtan 0,00 m, kalıp simülasyonundan 0,00 m; toparlanma 0,74 sn (tablo 0,26)"
10-12,"Akan Yansı","Top","basili_siper",1,1,1,1,1,1,1,1,1,1,"ön","ön",15584.00,"boss:Burn",2.20,1.35,3.07,3.00,3.87,0.00,0.00,"","vuruş 3: 1,53s@boss0,41m/oyuncu2,38m 2,53s@boss0,14m/oyuncu2,38m 3,53s@boss0,13m/oyuncu2,38m; kalıp sonu: merkeze 2,20 m, başlangıçtan 0,80 m, kalıp simülasyonundan 0,00 m; toparlanma 0,74 sn (tablo 0,26)"
11-1,"Yoğun Çağrı","Top","sirt_saplama",1,1,1,1,1,1,1,1,1,1,"yerinde","yerinde",36384.00,"boss:Burn",3.00,1.35,0.33,0.32,1.14,0.00,0.00,"","vuruş 1: 1,00s@boss0,00m/oyuncu3,04m; kalıp sonu: merkeze 3,06 m, başlangıçtan 0,00 m, kalıp simülasyonundan 0,00 m; toparlanma 0,74 sn (tablo 0,26)"
11-2,"Emici Çağrı","Top","yapisan",1,1,1,1,1,1,1,1,1,1,"yerinde","yerinde",108792.00,"boss:Burn, oyuncu +59694 can",3.00,1.35,5.20,5.18,5.95,0.00,0.00,"","vuruş 6: 0,88s@boss0,20m/oyuncu3,22m 1,95s@boss0,00m/oyuncu3,11m 2,88s@boss0,00m/oyuncu3,11m 3,88s@boss0,00m/oyuncu3,11m 4,89s@boss0,00m/oyuncu3,11m 5,88s@boss0,00m/oyuncu3,11m; kalıp sonu: merkeze 3,11 m, başlangıçtan 0,00 m, kalıp simülasyonundan 0,00 m, boss 0,11 m kaydı; toparlanma 0,74 sn (tablo 0,26)"
11-3,"Sıçrayan Çağrı","Top","seken_yaratik",1,1,1,1,1,1,1,1,1,1,"yerinde","yerinde",28000.00,"boss:Burn",3.00,1.35,0.67,0.64,1.47,0.00,0.00,"","vuruş 3: 1,00s@boss0,00m/oyuncu3,04m 1,13s@boss0,35m/oyuncu3,08m 1,33s@boss0,35m/oyuncu3,10m; kalıp sonu: merkeze 3,09 m, başlangıçtan 0,00 m, kalıp simülasyonundan 0,00 m; toparlanma 0,74 sn (tablo 0,26)"
11-10,"Aynalı Çağrı","Top","takim_kapisi",1,1,1,1,1,1,1,1,1,1,"yerinde","yerinde",56440.00,"boss:Burn, oyuncu:Stasis",3.00,1.35,1.27,1.24,2.07,0.00,0.00,"","vuruş 1: 0,87s@boss3,00m/oyuncu0,00m; kalıp sonu: merkeze 3,00 m, başlangıçtan 0,00 m, kalıp simülasyonundan 0,00 m; toparlanma 0,74 sn (tablo 0,26)"
11-11,"Kopya Çağrı","Top","ayna_klonlar",1,1,1,1,1,1,1,1,1,1,"yerinde","yerinde",53536.00,"boss:Burn",3.00,1.35,0.53,0.50,1.33,0.00,0.00,"","vuruş 2: 1,00s@boss2,96m/oyuncu1,41m 1,20s@boss2,99m/oyuncu1,41m; kalıp sonu: merkeze 3,08 m, başlangıçtan 0,00 m, kalıp simülasyonundan 0,00 m; toparlanma 0,74 sn (tablo 0,26)"
11-12,"Akan Çağrı","Top","kapidan_akin",1,1,1,1,1,1,1,1,1,1,"yerinde","yerinde",282984.00,"boss:Burn",3.00,1.35,4.24,4.20,5.04,0.00,0.00,"","vuruş 6: 1,00s@boss0,85m/oyuncu2,19m 1,74s@boss0,00m/oyuncu3,11m 2,55s@boss0,00m/oyuncu3,11m 3,36s@boss0,00m/oyuncu3,11m 4,17s@boss0,00m/oyuncu3,11m 4,97s@boss0,00m/oyuncu3,11m; kalıp sonu: merkeze 3,11 m, başlangıçtan 0,00 m, kalıp simülasyonundan 0,00 m, boss 0,11 m kaydı; toparlanma 0,74 sn (tablo 0,26)"
12-1,"Yoğun Zaman","Top","zamanli_donma",1,1,1,1,1,1,1,1,1,1,"ön","ön",36272.00,"boss:Burn+Slow, boss hız x0,70",1.67,1.35,0.53,0.50,1.20,0.00,0.00,"0/3 kare koşu","vuruş 1: 1,07s@boss0,54m/oyuncu1,28m; kalıp sonu: merkeze 1,87 m, başlangıçtan 1,60 m, kalıp simülasyonundan 0,10 m, boss 0,47 m kaydı; toparlanma 0,64 sn (tablo 0,26)"
12-2,"Emici Zaman","Top","ceken_girdap",1,1,1,1,1,1,1,1,1,1,"yerinde","yerinde",5616.00,"boss:Burn+Slow, oyuncu:Haste, boss hız x0,70, oyuncu hız x1,30",3.03,1.35,1.33,1.32,2.00,0.00,0.00,"","vuruş 3: 1,33s@boss0,00m/oyuncu3,16m 1,80s@boss0,00m/oyuncu4,21m 1,87s@boss0,00m/oyuncu4,26m; kalıp sonu: merkeze 4,35 m, başlangıçtan 0,00 m, kalıp simülasyonundan 0,00 m, boss 1,35 m kaydı; toparlanma 0,64 sn (tablo 0,26)"
12-3,"Sıçrayan Zaman","Top","geri_donen_kure",1,1,1,1,1,1,1,1,1,1,"yerinde","yerinde",3992.00,"boss:Burn+Slow, boss hız x0,70",3.01,1.35,0.53,0.50,1.20,0.00,0.00,"","vuruş 2: 0,80s@boss0,30m/oyuncu3,33m 1,07s@boss1,77m/oyuncu2,04m; kalıp sonu: merkeze 4,01 m, başlangıçtan 0,00 m, kalıp simülasyonundan 0,00 m, boss 1,01 m kaydı; toparlanma 0,64 sn (tablo 0,26)"
12-10,"Aynalı Zaman","Top","boss_geri",1,1,1,1,1,1,1,1,1,1,"yerinde","yerinde",3600.00,"boss:Burn+Slow, boss hız x0,70",3.01,1.35,0.47,0.46,1.13,0.00,0.00,"","vuruş 1: 0,80s@boss0,30m/oyuncu3,33m; kalıp sonu: merkeze 3,04 m, başlangıçtan 0,00 m, kalıp simülasyonundan 0,00 m; toparlanma 0,64 sn (tablo 0,26)"
12-11,"Kopya Zaman","Top","geri_sarma",1,1,1,1,1,1,1,1,1,1,"başlangıç","başlangıç",17608.00,"boss:Burn+Slow, boss hız x0,70",1.50,1.35,2.67,2.66,3.33,0.00,0.00,"2/9 kare koşu, ayak/gövde hız oranı 1,00","kalıp sonu: merkeze 3,17 m, başlangıçtan 0,00 m, kalıp simülasyonundan 0,00 m, boss 0,17 m kaydı; toparlanma 0,64 sn (tablo 0,26)"
12-12,"Akan Zaman","Top","yuruyen_balon",1,1,1,1,1,1,1,1,1,1,"ön","ön",24080.00,"boss:Burn+Slow, boss hız x0,70",3.00,1.35,4.22,4.20,4.88,0.00,0.00,"","vuruş 5: 0,80s@boss3,00m/oyuncu0,00m 1,82s@boss3,99m/oyuncu0,00m 2,82s@boss3,74m/oyuncu0,00m 3,82s@boss3,44m/oyuncu0,00m 4,82s@boss3,15m/oyuncu0,00m; kalıp sonu: merkeze 3,15 m, başlangıçtan 1,20 m, kalıp simülasyonundan 0,00 m, boss 1,35 m kaydı; toparlanma 0,64 sn (tablo 0,26)"
4-4,"Sabit Kalkan","Top","duvar_dikme",1,1,1,1,1,1,1,1,1,1,"yerinde","yerinde",0.00,"",3.00,1.35,0.33,0.32,1.13,0.00,0.00,"","hasarsız skill (base_damage 0): etki hareketin kendisi; vuruş 1: 1,00s@boss0,62m/oyuncu2,38m; kalıp sonu: merkeze 3,00 m, başlangıçtan 0,00 m, kalıp simülasyonundan 0,00 m; toparlanma 0,74 sn (tablo 0,26)"
4-5,"Yayılan Kalkan","Top","onde_yelpaze",1,1,1,1,1,1,1,1,1,1,"yerinde","yerinde",0.00,"",3.00,1.35,0.67,0.63,1.47,0.00,0.00,"","hasarsız skill (base_damage 0): etki hareketin kendisi; vuruş 1: 1,20s@boss1,88m/oyuncu1,12m; kalıp sonu: merkeze 3,00 m, başlangıçtan 0,00 m, kalıp simülasyonundan 0,00 m; toparlanma 0,74 sn (tablo 0,26)"
4-6,"Bağlayıcı Kalkan","Top","zincirli_firlatma",1,1,1,1,1,1,1,1,1,1,"ön","ön",0.00,"",1.50,1.35,0.74,0.70,1.53,0.00,0.00,"2/4 kare koşu, ayak/gövde hız oranı 0,99","hasarsız skill (base_damage 0): etki hareketin kendisi; vuruş 2: 0,93s@boss0,45m/oyuncu3,45m 1,40s@boss0,47m/oyuncu1,28m; kalıp sonu: merkeze 1,50 m, başlangıçtan 1,50 m, kalıp simülasyonundan 0,00 m; toparlanma 0,74 sn (tablo 0,26)"
4-7,"Bulandırıcı Kalkan","Top","duman_duvari",1,1,1,1,1,1,1,1,1,1,"yerinde","yerinde",0.00,"",2.80,1.35,0.54,0.52,1.34,0.00,0.00,"","hasarsız skill (base_damage 0): etki hareketin kendisi; vuruş 1: 1,00s@boss0,42m/oyuncu2,38m; kalıp sonu: merkeze 2,80 m, başlangıçtan 0,20 m, kalıp simülasyonundan 0,00 m; toparlanma 0,74 sn (tablo 0,26)"
4-8,"Yükselen Kalkan","Top","yerden_buyuyen",1,1,1,1,1,1,1,1,1,1,"yerinde","yerinde",0.00,"",3.00,1.35,0.47,0.42,1.22,0.00,0.00,"","hasarsız skill (base_damage 0): etki hareketin kendisi; vuruş 1: 1,02s@boss6,98m/oyuncu4,33m; kalıp sonu: merkeze 3,18 m, başlangıçtan 0,25 m, kalıp simülasyonundan 0,00 m, kalıp hedefi AllyDummy; toparlanma 0,74 sn (tablo 0,26)"
4-9,"Odaklı Kalkan","Top","koruyucu_isaret",1,1,1,1,1,1,1,1,1,1,"geri","geri",0.00,"",3.00,1.35,0.20,0.20,1.00,0.00,0.00,"0/3 kare koşu","hasarsız skill (base_damage 0): etki hareketin kendisi; vuruş 1: 0,93s@boss3,90m/oyuncu0,35m; kalıp sonu: merkeze 3,61 m, başlangıçtan 0,80 m, kalıp simülasyonundan 0,00 m, kalıp hedefi AllyDummy; toparlanma 0,74 sn (tablo 0,26)"
5-4,"Sabit Patlama","Top","mayin_cakma",1,1,1,1,1,1,1,1,1,1,"geri","geri",303376.00,"boss:Burn",3.00,1.35,0.60,0.54,1.26,0.00,0.00,"2/2 kare koşu, ayak/gövde hız oranı 0,95","vuruş 2: 0,87s@boss0,85m/oyuncu2,15m 0,93s@boss0,85m/oyuncu2,15m; kalıp sonu: merkeze 4,38 m, başlangıçtan 0,50 m, kalıp simülasyonundan 0,00 m, boss 0,88 m kaydı; toparlanma 0,64 sn (tablo 0,26)"
5-5,"Yayılan Patlama","Top","yer_yarigi",1,1,1,1,1,1,1,1,1,1,"ön","ön",257256.00,"boss:Burn",1.50,1.35,0.74,0.68,1.40,0.00,0.00,"1/10 kare koşu, ayak/gövde hız oranı 0,90","vuruş 3: 0,93s@boss0,42m/oyuncu1,21m 1,00s@boss0,21m/oyuncu1,36m 1,13s@boss0,23m/oyuncu1,28m; kalıp sonu: merkeze 2,18 m, başlangıçtan 2,40 m, kalıp simülasyonundan 0,67 m, boss 1,25 m kaydı; toparlanma 0,64 sn (tablo 0,26)"
5-6,"Bağlayıcı Patlama","Top","gerilip_kopan",1,1,1,1,1,1,1,1,1,1,"geri","geri",308224.00,"boss:Root+Slow+Burn, boss hız x0,00",1.56,1.35,0.74,0.70,1.40,0.00,0.00,"2/8 kare koşu, ayak/gövde hız oranı 0,95","vuruş 2: 0,80s@boss0,85m/oyuncu1,27m 1,14s@boss0,86m/oyuncu2,81m; kalıp sonu: merkeze 2,62 m, başlangıçtan 1,00 m, kalıp simülasyonundan 0,02 m, boss 1,38 m kaydı; toparlanma 0,64 sn (tablo 0,26)"
5-7,"Bulandırıcı Patlama","Top","sis_bombasi",1,1,1,1,1,1,1,1,1,1,"geri","geri",317112.00,"boss:Blind+Burn",2.97,1.35,0.40,0.34,1.07,0.00,0.00,"2/2 kare koşu, ayak/gövde hız oranı 0,95","vuruş 1: 0,80s@boss0,36m/oyuncu3,33m; kalıp sonu: merkeze 4,25 m, başlangıçtan 0,50 m, kalıp simülasyonundan 0,00 m, boss 0,75 m kaydı; toparlanma 0,64 sn (tablo 0,26)"
5-8,"Yükselen Patlama","Top","yerden_fiskirma",1,1,1,1,1,1,1,1,1,1,"yerinde","yerinde",323400.00,"boss:Burn+Stun, boss hız x0,00",2.66,1.35,0.60,0.56,1.27,0.00,0.00,"2/2 kare koşu, ayak/gövde hız oranı 0,95","vuruş 1: 0,93s@boss0,00m/oyuncu2,75m; kalıp sonu: merkeze 3,10 m, başlangıçtan 0,10 m, kalıp simülasyonundan 0,00 m; toparlanma 0,64 sn (tablo 0,26)"
5-9,"Odaklı Patlama","Top","gudumlu_top",1,1,1,1,1,1,1,1,1,1,"geri","geri",511568.00,"boss:Burn",3.08,1.35,0.73,0.68,1.40,0.00,0.00,"2/2 kare koşu, ayak/gövde hız oranı 0,95","vuruş 1: 1,13s@boss0,00m/oyuncu3,40m; kalıp sonu: merkeze 4,68 m, başlangıçtan 0,50 m, kalıp simülasyonundan 0,00 m, boss 1,18 m kaydı; toparlanma 0,64 sn (tablo 0,26)"
6-4,"Sabit Bağ","Top","karsilikli_kilit",1,1,1,1,1,1,1,1,1,1,"ön","ön",107856.00,"boss:Burn+Root, boss hız x0,00",1.50,1.35,3.40,3.36,4.07,0.00,0.00,"4/7 kare koşu, ayak/gövde hız oranı 0,93","vuruş 1: 1,13s@boss0,39m/oyuncu1,11m; kalıp sonu: merkeze 3,37 m, başlangıçtan 1,23 m, kalıp simülasyonundan 0,23 m, boss 1,59 m kaydı; toparlanma 0,64 sn (tablo 0,26)"
6-5,"Yayılan Bağ","Top","yer_tuzagi",1,1,1,1,1,1,1,1,1,1,"geri","geri",73768.00,"boss:Burn+Root, boss hız x0,00",3.02,1.35,0.46,0.40,1.13,0.00,0.00,"2/2 kare koşu, ayak/gövde hız oranı 0,95","vuruş 1: 0,80s@boss0,73m/oyuncu2,38m; kalıp sonu: merkeze 4,49 m, başlangıçtan 0,50 m, kalıp simülasyonundan 0,00 m, boss 0,99 m kaydı; toparlanma 0,64 sn (tablo 0,26)"
6-6,"Bağlayıcı Bağ","Top","iki_uclu",1,1,1,1,1,1,1,1,1,1,"geri","geri",90664.00,"boss:Root+Slow+Burn, boss hız x0,00",3.04,1.35,0.80,0.77,1.47,0.00,0.00,"2/2 kare koşu, ayak/gövde hız oranı 0,95","vuruş 1: 0,80s@boss0,27m/oyuncu3,48m; kalıp sonu: merkeze 4,90 m, başlangıçtan 0,50 m, kalıp simülasyonundan 0,00 m, boss 1,40 m kaydı; toparlanma 0,64 sn (tablo 0,26)"
6-7,"Bulandırıcı Bağ","Top","goz_bagi",1,1,1,1,1,1,1,1,1,1,"geri","geri",90424.00,"boss:Blind+Burn+Root, boss hız x0,00",3.01,1.35,0.33,0.32,1.00,0.00,0.00,"2/2 kare koşu, ayak/gövde hız oranı 0,96","vuruş 1: 0,80s@boss0,28m/oyuncu3,31m; kalıp sonu: merkeze 4,18 m, başlangıçtan 0,50 m, kalıp simülasyonundan 0,00 m, boss 0,68 m kaydı; toparlanma 0,64 sn (tablo 0,26)"
6-8,"Yükselen Bağ","Top","havada_asma",1,1,1,1,1,1,1,1,1,1,"ön","ön",104768.00,"boss:Stun+Burn+Root, boss hız x0,00",1.50,1.35,1.27,1.26,1.93,0.00,0.00,"2/7 kare koşu, ayak/gövde hız oranı 0,97","vuruş 1: 1,13s@boss1,50m/oyuncu0,00m; kalıp sonu: merkeze 3,19 m, başlangıçtan 1,00 m, kalıp simülasyonundan 0,00 m, boss 1,19 m kaydı; toparlanma 0,64 sn (tablo 0,26)"
6-9,"Odaklı Bağ","Top","zamanli_donma",1,1,1,1,1,1,1,1,1,1,"ön","ön",194496.00,"boss:Burn+Root, boss hız x0,00",1.69,1.35,0.67,0.62,1.33,0.00,0.00,"2/4 kare koşu, ayak/gövde hız oranı 0,95","vuruş 1: 1,07s@boss0,61m/oyuncu1,28m; kalıp sonu: merkeze 2,05 m, başlangıçtan 1,10 m, kalıp simülasyonundan 0,10 m, boss 0,15 m kaydı; toparlanma 0,64 sn (tablo 0,26)"
7-4,"Sabit Zafiyet","Top","mayin_cakma",1,1,1,1,1,1,1,1,1,1,"geri","geri",58112.00,"boss:Burn",3.10,1.35,0.60,0.54,1.27,0.00,0.00,"2/2 kare koşu, ayak/gövde hız oranı 0,95","vuruş 2: 0,87s@boss0,85m/oyuncu2,64m 0,93s@boss0,85m/oyuncu2,64m; kalıp sonu: merkeze 4,90 m, başlangıçtan 0,50 m, kalıp simülasyonundan 0,00 m, boss 1,40 m kaydı; toparlanma 0,64 sn (tablo 0,26)"
7-5,"Yayılan Zafiyet","Top","onde_yelpaze",1,1,1,1,1,1,1,1,1,1,"ön","ön",83336.00,"boss:Burn",3.04,1.35,0.80,0.75,1.46,0.00,0.00,"2/2 kare koşu, ayak/gövde hız oranı 0,95","vuruş 1: 1,06s@boss2,08m/oyuncu1,12m; kalıp sonu: merkeze 4,38 m, başlangıçtan 0,50 m, kalıp simülasyonundan 0,00 m, boss 1,19 m kaydı; toparlanma 0,64 sn (tablo 0,26)"
7-6,"Bağlayıcı Zafiyet","Top","dost_ip",1,1,1,1,1,1,1,1,1,1,"geri","geri",64232.00,"boss:Root+Slow+Burn, boss hız x0,00",3.04,1.35,0.81,0.74,1.47,0.00,0.00,"2/2 kare koşu, ayak/gövde hız oranı 0,95","vuruş 1: 0,80s@boss0,27m/oyuncu3,46m; kalıp sonu: merkeze 4,89 m, başlangıçtan 0,50 m, kalıp simülasyonundan 0,00 m, boss 1,39 m kaydı; toparlanma 0,64 sn (tablo 0,26)"
8-4,"Sabit Yükseliş","Top","totem_dikme",1,1,1,1,1,1,1,1,1,1,"yerinde","yerinde",0.00,"",3.01,1.35,0.34,0.30,1.13,0.00,0.00,"","hasarsız skill (base_damage 0): etki hareketin kendisi; vuruş 1: 1,00s@boss3,13m/oyuncu0,00m; kalıp sonu: merkeze 3,15 m, başlangıçtan 0,15 m, kalıp simülasyonundan 0,00 m, kalıp hedefi AllyDummy; toparlanma 0,74 sn (tablo 0,26)"
8-5,"Yayılan Yükseliş","Top","savas_narasi",1,1,1,1,1,1,1,1,1,1,"yerinde","yerinde",0.00,"",3.00,1.35,0.40,0.36,1.20,0.00,0.00,"","hasarsız skill (base_damage 0): etki hareketin kendisi; vuruş 1: 0,93s@boss3,00m/oyuncu0,00m; kalıp sonu: merkeze 3,00 m, başlangıçtan 0,00 m, kalıp simülasyonundan 0,00 m; toparlanma 0,74 sn (tablo 0,26)"
8-6,"Bağlayıcı Yükseliş","Top","dost_dosta",1,1,1,1,1,1,1,1,1,1,"yan","yan",0.00,"",2.38,1.35,0.53,0.52,1.31,0.00,0.00,"1/4 kare koşu, ayak/gövde hız oranı 0,89","hasarsız skill (base_damage 0): etki hareketin kendisi; vuruş 3: 0,84s@boss4,05m/oyuncu1,22m 1,04s@boss2,84m/oyuncu1,41m 1,17s@boss4,76m/oyuncu2,38m; kalıp sonu: merkeze 2,38 m, başlangıçtan 1,41 m, kalıp simülasyonundan 0,00 m, kalıp hedefi AllyDummy; toparlanma 0,74 sn (tablo 0,26)"
9-4,"Sabit Arınma","Top","yer_tuzagi",1,1,1,1,1,1,1,1,1,1,"yerinde","yerinde",0.00,"oyuncu +48000 can",3.00,1.35,0.33,0.28,1.13,0.00,0.00,"","vuruş 1: 0,93s@boss0,62m/oyuncu2,38m; kalıp sonu: merkeze 3,00 m, başlangıçtan 0,00 m, kalıp simülasyonundan 0,00 m; toparlanma 0,74 sn (tablo 0,26)"
9-5,"Yayılan Arınma","Top","dagilan_yagmur",1,1,1,1,1,1,1,1,1,1,"yerinde","yerinde",0.00,"oyuncu +48000 can",3.00,1.35,0.60,0.58,1.40,0.00,0.00,"","vuruş 1: 1,13s@boss3,00m/oyuncu0,00m; kalıp sonu: merkeze 3,00 m, başlangıçtan 0,00 m, kalıp simülasyonundan 0,00 m, kalıp hedefi AllyDummy; toparlanma 0,74 sn (tablo 0,26)"
9-6,"Bağlayıcı Arınma","Top","iki_uclu",1,1,1,1,1,1,1,1,1,1,"yerinde","yerinde",0.00,"oyuncu +48000 can",3.00,1.35,0.67,0.65,1.47,0.00,0.00,"","vuruş 1: 0,93s@boss6,36m/oyuncu3,87m; kalıp sonu: merkeze 3,00 m, başlangıçtan 0,00 m, kalıp simülasyonundan 0,00 m, kalıp hedefi AllyDummy; toparlanma 0,74 sn (tablo 0,26)"
4-10,"Aynalı Kalkan","Top","sirtta_kapi",1,1,1,1,1,1,1,1,1,1,"ön","ön",24000.00,"",1.80,1.35,0.33,0.32,1.13,0.00,0.00,"0/3 kare koşu","vuruş 2: 0,87s@boss0,93m/oyuncu1,19m 1,00s@boss0,55m/oyuncu2,35m; kalıp sonu: merkeze 1,80 m, başlangıçtan 1,20 m, kalıp simülasyonundan 0,00 m; toparlanma 0,74 sn (tablo 0,26)"
4-11,"Kopya Kalkan","Top","yem_kopya",1,1,1,1,1,1,1,1,1,1,"yerinde","yerinde",0.00,"",3.00,1.35,0.27,0.24,1.07,0.00,0.00,"","hasarsız skill (base_damage 0): etki hareketin kendisi; vuruş 1: 0,87s@boss2,98m/oyuncu1,29m; kalıp sonu: merkeze 3,00 m, başlangıçtan 0,00 m, kalıp simülasyonundan 0,00 m; toparlanma 0,74 sn (tablo 0,26)"
4-12,"Akan Kalkan","Top","basili_siper",1,1,1,1,1,1,1,1,1,1,"geri","geri",0.00,"",3.00,1.35,3.00,3.00,3.80,0.00,0.00,"","hasarsız skill (base_damage 0): etki hareketin kendisi; vuruş 3: 1,53s@boss5,17m/oyuncu2,38m 2,53s@boss5,41m/oyuncu2,38m 3,53s@boss5,66m/oyuncu2,38m; kalıp sonu: merkeze 3,61 m, başlangıçtan 0,80 m, kalıp simülasyonundan 0,00 m, kalıp hedefi AllyDummy; toparlanma 0,74 sn (tablo 0,26)"
5-10,"Aynalı Patlama","Top","karsi_darbe",1,1,1,1,1,1,1,1,1,1,"ön","ön",302616.00,"boss:Burn",1.91,1.35,0.53,0.48,1.23,0.00,0.00,"1/3 kare koşu, ayak/gövde hız oranı 0,90","vuruş 1: 0,96s@boss0,55m/oyuncu1,36m; kalıp sonu: merkeze 2,98 m, başlangıçtan 0,80 m, kalıp simülasyonundan 0,00 m, boss 0,78 m kaydı; toparlanma 0,64 sn (tablo 0,26)"
5-11,"Kopya Patlama","Top","golge_yankisi",1,1,1,1,1,1,1,1,1,1,"başlangıç","başlangıç",317480.00,"boss:Burn",2.46,1.35,0.67,0.62,1.33,0.00,0.00,"3/5 kare koşu, ayak/gövde hız oranı 0,97","vuruş 2: 0,73s@boss1,33m/oyuncu1,15m 1,07s@boss2,90m/oyuncu1,39m; kalıp sonu: merkeze 3,99 m, başlangıçtan 0,40 m, kalıp simülasyonundan 0,00 m, boss 1,39 m kaydı; toparlanma 0,64 sn (tablo 0,26)"
5-12,"Akan Patlama","Top","patlayan_iz",1,1,1,1,1,1,1,1,1,1,"ön","ön",230024.00,"boss:Burn",3.03,1.35,3.14,3.12,3.81,0.00,0.00,"2/2 kare koşu, ayak/gövde hız oranı 0,95","vuruş 6: 1,07s@boss2,29m/oyuncu1,53m 1,60s@boss3,60m/oyuncu1,53m 2,07s@boss4,38m/oyuncu1,53m 2,60s@boss4,25m/oyuncu1,53m 3,07s@boss3,95m/oyuncu1,53m 3,60s@boss3,58m/oyuncu1,54m; kalıp sonu: merkeze 5,61 m, başlangıçtan 1,70 m, kalıp simülasyonundan 0,70 m, boss 4,31 m kaydı; toparlanma 0,64 sn (tablo 0,26)"
6-10,"Aynalı Bağ","Top","karsi_darbe",1,1,1,1,1,1,1,1,1,1,"ön","ön",85648.00,"boss:Burn+Root, boss hız x0,00",2.03,1.35,0.53,0.48,1.20,0.00,0.00,"1/3 kare koşu, ayak/gövde hız oranı 0,90","vuruş 1: 0,93s@boss0,68m/oyuncu1,36m; kalıp sonu: merkeze 3,08 m, başlangıçtan 0,80 m, kalıp simülasyonundan 0,00 m, boss 0,88 m kaydı; toparlanma 0,64 sn (tablo 0,26)"
6-11,"Kopya Bağ","Top","onden_arkadan",1,1,1,1,1,1,1,1,1,1,"başlangıç","başlangıç",180272.00,"boss:Burn+Root, boss hız x0,00",2.47,1.35,0.47,0.46,1.13,0.00,0.00,"2/5 kare koşu, ayak/gövde hız oranı 0,99","vuruş 2: 0,73s@boss1,37m/oyuncu1,11m 0,86s@boss0,60m/oyuncu3,39m; kalıp sonu: merkeze 3,81 m, başlangıçtan 0,40 m, kalıp simülasyonundan 0,00 m, boss 1,21 m kaydı; toparlanma 0,64 sn (tablo 0,26)"
6-12,"Akan Bağ","Top","cember_sarma",1,1,1,1,1,1,1,1,1,1,"arka","arka",81928.00,"boss:Burn+Root, boss hız x0,00",1.50,1.35,1.07,1.02,1.73,0.00,0.00,"2/13 kare koşu, ayak/gövde hız oranı 0,95","vuruş 1: 1,47s@boss0,01m/oyuncu2,06m; kalıp sonu: merkeze 3,33 m, başlangıçtan 5,20 m, kalıp simülasyonundan 0,19 m, boss 0,67 m kaydı; toparlanma 0,64 sn (tablo 0,26)"
10-4,"Sabit Yansı","Top","duvar_dikme",1,1,1,1,1,1,1,1,1,1,"yerinde","yerinde",2392.00,"boss:Burn",3.01,1.35,0.33,0.32,1.13,0.00,0.00,"","vuruş 1: 1,00s@boss0,68m/oyuncu2,38m; kalıp sonu: merkeze 3,06 m, başlangıçtan 0,00 m, kalıp simülasyonundan 0,00 m; toparlanma 0,74 sn (tablo 0,26)"
10-5,"Yayılan Yansı","Top","yuruyen_balon",1,1,1,1,1,1,1,1,1,1,"ön","ön",23992.00,"boss:Burn",1.80,1.35,4.20,4.20,5.00,0.00,0.00,"","vuruş 5: 0,87s@boss3,00m/oyuncu0,00m 1,93s@boss2,70m/oyuncu0,00m 2,93s@boss2,40m/oyuncu0,00m 3,93s@boss2,10m/oyuncu0,00m 4,93s@boss1,80m/oyuncu0,00m; kalıp sonu: merkeze 1,80 m, başlangıçtan 1,20 m, kalıp simülasyonundan 0,00 m; toparlanma 0,74 sn (tablo 0,26)"
10-6,"Bağlayıcı Yansı","Top","silaha_kement",1,1,1,1,1,1,1,1,1,1,"yerinde","yerinde",6824.00,"boss:Root+Slow+Burn, boss hız x0,00",3.00,1.35,1.00,0.94,1.80,0.00,0.00,"","vuruş 1: 0,93s@boss0,40m/oyuncu3,40m; kalıp sonu: merkeze 3,00 m, başlangıçtan 0,00 m, kalıp simülasyonundan 0,00 m; toparlanma 0,74 sn (tablo 0,26)"
11-4,"Sabit Çağrı","Top","taret_dikme",1,1,1,1,1,1,1,1,1,1,"yerinde","yerinde",27440.00,"boss:Burn",3.00,1.35,0.51,0.42,1.31,0.00,0.00,"","vuruş 2: 0,87s@boss3,00m/oyuncu0,00m 1,14s@boss0,28m/oyuncu3,34m; kalıp sonu: merkeze 3,08 m, başlangıçtan 0,00 m, kalıp simülasyonundan 0,00 m; toparlanma 0,74 sn (tablo 0,26)"
11-5,"Yayılan Çağrı","Top","dagilan_suru",1,1,1,1,1,1,1,1,1,1,"yerinde","yerinde",72032.00,"boss:Burn",3.00,1.35,0.47,0.42,1.27,0.00,0.00,"","vuruş 3: 0,87s@boss0,35m/oyuncu3,02m 1,00s@boss0,00m/oyuncu3,00m 1,13s@boss0,35m/oyuncu3,02m; kalıp sonu: merkeze 3,00 m, başlangıçtan 0,00 m, kalıp simülasyonundan 0,00 m; toparlanma 0,74 sn (tablo 0,26)"
11-6,"Bağlayıcı Çağrı","Top","muhafiz",1,1,1,1,1,1,1,1,1,1,"yerinde","yerinde",139384.00,"boss:Burn+Root+Slow, boss hız x0,00",3.01,1.35,0.55,0.52,1.35,0.00,0.00,"","vuruş 1: 0,87s@boss2,92m/oyuncu1,20m; kalıp sonu: merkeze 3,12 m, başlangıçtan 0,00 m, kalıp simülasyonundan 0,00 m, boss 0,12 m kaydı; toparlanma 0,74 sn (tablo 0,26)"
12-4,"Sabit Zaman","Top","totem_dikme",1,1,1,1,1,1,1,1,1,1,"yerinde","yerinde",132408.00,"boss:Burn+Slow+Stun, boss hız x0,00",2.87,1.35,0.35,0.30,1.02,0.00,0.00,"","vuruş 1: 0,87s@boss2,87m/oyuncu0,00m; kalıp sonu: merkeze 3,37 m, başlangıçtan 0,15 m, kalıp simülasyonundan 0,00 m, boss 0,52 m kaydı; toparlanma 0,64 sn (tablo 0,26)"
12-5,"Yayılan Zaman","Top","genisleyen_halka",1,1,1,1,1,1,1,1,1,1,"yerinde","yerinde",27600.00,"boss:Burn+Slow, boss hız x0,70",3.02,1.35,0.60,0.58,1.26,0.00,0.00,"","vuruş 1: 1,07s@boss3,08m/oyuncu0,00m; kalıp sonu: merkeze 3,71 m, başlangıçtan 0,00 m, kalıp simülasyonundan 0,00 m, boss 0,71 m kaydı; toparlanma 0,64 sn (tablo 0,26)"
12-6,"Bağlayıcı Zaman","Top","iki_uclu",1,1,1,1,1,1,1,1,1,1,"yerinde","yerinde",4808.00,"boss:Burn, oyuncu:Haste, oyuncu hız x1,30",3.02,1.35,0.67,0.65,1.33,0.00,0.00,"","vuruş 1: 0,80s@boss0,28m/oyuncu3,39m; kalıp sonu: merkeze 4,23 m, başlangıçtan 0,00 m, kalıp simülasyonundan 0,00 m, boss 1,23 m kaydı; toparlanma 0,64 sn (tablo 0,26)"
7-7,"Bulandırıcı Zafiyet","Top","sis_bombasi",1,1,1,1,1,1,1,1,1,1,"geri","geri",57096.00,"boss:Blind+Burn",3.00,1.35,0.40,0.34,1.07,0.00,0.00,"2/2 kare koşu, ayak/gövde hız oranı 0,95","vuruş 1: 0,80s@boss0,35m/oyuncu3,36m; kalıp sonu: merkeze 4,29 m, başlangıçtan 0,50 m, kalıp simülasyonundan 0,00 m, boss 0,79 m kaydı; toparlanma 0,64 sn (tablo 0,26)"
7-8,"Yükselen Zafiyet","Top","yerden_fiskirma",1,1,1,1,1,1,1,1,1,1,"yerinde","yerinde",62440.00,"boss:Burn+Stun, boss hız x0,00",2.66,1.35,0.60,0.56,1.27,0.00,0.00,"2/2 kare koşu, ayak/gövde hız oranı 0,95","vuruş 1: 0,94s@boss0,00m/oyuncu2,75m; kalıp sonu: merkeze 3,10 m, başlangıçtan 0,10 m, kalıp simülasyonundan 0,00 m; toparlanma 0,64 sn (tablo 0,26)"
7-9,"Odaklı Zafiyet","Top","isaret_patlamasi",1,1,1,1,1,1,1,1,1,1,"geri","geri",86984.00,"boss:Burn",3.08,1.35,2.00,2.04,2.67,0.00,0.00,"2/2 kare koşu, ayak/gövde hız oranı 0,95","vuruş 1: 2,47s@boss0,00m/oyuncu3,42m; kalıp sonu: merkeze 3,91 m, başlangıçtan 0,50 m, kalıp simülasyonundan 0,00 m, boss 0,41 m kaydı; toparlanma 0,64 sn (tablo 0,26)"
7-10,"Aynalı Zafiyet","Top","onden_arkadan",1,1,1,1,1,1,1,1,1,1,"başlangıç","başlangıç",76944.00,"boss:Burn",2.55,1.35,0.47,0.46,1.13,0.00,0.00,"2/5 kare koşu, ayak/gövde hız oranı 0,99","vuruş 2: 0,73s@boss1,44m/oyuncu1,11m 0,87s@boss0,60m/oyuncu3,48m; kalıp sonu: merkeze 3,90 m, başlangıçtan 0,40 m, kalıp simülasyonundan 0,00 m, boss 1,30 m kaydı; toparlanma 0,64 sn (tablo 0,26)"
7-11,"Kopya Zafiyet","Top","golge_yankisi",1,1,1,1,1,1,1,1,1,1,"başlangıç","başlangıç",99992.00,"boss:Burn",2.41,1.35,0.67,0.62,1.33,0.00,0.00,"3/5 kare koşu, ayak/gövde hız oranı 0,97","vuruş 2: 0,73s@boss1,27m/oyuncu1,15m 1,07s@boss2,86m/oyuncu1,39m; kalıp sonu: merkeze 3,95 m, başlangıçtan 0,40 m, kalıp simülasyonundan 0,00 m, boss 1,35 m kaydı; toparlanma 0,64 sn (tablo 0,26)"
7-12,"Akan Zafiyet","Top","basili_isik",1,1,1,1,1,1,1,1,1,1,"ön","ön",80464.00,"boss:Burn",3.03,1.35,3.14,3.12,3.80,0.00,0.00,"2/2 kare koşu, ayak/gövde hız oranı 0,95","vuruş 6: 0,87s@boss0,32m/oyuncu2,72m 1,40s@boss1,22m/oyuncu2,72m 1,87s@boss1,22m/oyuncu2,72m 2,40s@boss1,06m/oyuncu2,72m 2,87s@boss0,88m/oyuncu2,72m 3,40s@boss0,67m/oyuncu2,72m; kalıp sonu: merkeze 3,81 m, başlangıçtan 0,70 m, kalıp simülasyonundan 0,00 m, boss 1,51 m kaydı; toparlanma 0,64 sn (tablo 0,26)"
8-7,"Bulandırıcı Yükseliş","Top","goz_bagi",1,1,1,1,1,1,1,1,1,1,"yerinde","yerinde",0.00,"",3.03,1.35,0.20,0.20,1.00,0.00,0.00,"","hasarsız skill (base_damage 0): etki hareketin kendisi; vuruş 1: 0,94s@boss0,28m/oyuncu3,40m; kalıp sonu: merkeze 3,13 m, başlangıçtan 0,00 m, kalıp simülasyonundan 0,00 m, boss 0,13 m kaydı; toparlanma 0,74 sn (tablo 0,26)"
8-8,"Yükselen Yükseliş","Top","buyuten_kemer",1,1,1,1,1,1,1,1,1,1,"yerinde","yerinde",0.00,"",3.00,1.35,0.47,0.42,1.27,0.00,0.00,"","hasarsız skill (base_damage 0): etki hareketin kendisi; vuruş 1: 1,07s@boss5,04m/oyuncu2,21m; kalıp sonu: merkeze 3,22 m, başlangıçtan 0,30 m, kalıp simülasyonundan 0,00 m, kalıp hedefi AllyDummy; toparlanma 0,74 sn (tablo 0,26)"
8-9,"Odaklı Yükseliş","Top","gudumlu_top",1,1,1,1,1,1,1,1,1,1,"yerinde","yerinde",0.00,"",3.00,1.35,0.60,0.56,1.40,0.00,0.00,"","hasarsız skill (base_damage 0): etki hareketin kendisi; vuruş 1: 1,27s@boss6,98m/oyuncu4,53m; kalıp sonu: merkeze 3,00 m, başlangıçtan 0,00 m, kalıp simülasyonundan 0,00 m, kalıp hedefi AllyDummy; toparlanma 0,74 sn (tablo 0,26)"
8-10,"Aynalı Yükseliş","Top","ters_es",1,1,1,1,1,1,1,1,1,1,"yerinde","yerinde",0.00,"",3.00,1.35,0.47,0.44,1.27,0.00,0.00,"","hasarsız skill (base_damage 0): etki hareketin kendisi; vuruş 2: 0,93s@boss2,60m/oyuncu0,40m 1,13s@boss0,00m/oyuncu3,00m; kalıp sonu: merkeze 3,00 m, başlangıçtan 0,00 m, kalıp simülasyonundan 0,00 m; toparlanma 0,74 sn (tablo 0,26)"
8-11,"Kopya Yükseliş","Top","golge_ulak",1,1,1,1,1,1,1,1,1,1,"yan","yan",0.00,"",2.43,1.35,1.40,1.36,2.20,0.00,0.00,"1/3 kare koşu, ayak/gövde hız oranı 1,00","hasarsız skill (base_damage 0): etki hareketin kendisi; vuruş 2: 0,87s@boss3,26m/oyuncu0,35m 2,07s@boss3,05m/oyuncu1,46m; kalıp sonu: merkeze 2,43 m, başlangıçtan 1,41 m, kalıp simülasyonundan 0,00 m, kalıp hedefi AllyDummy; toparlanma 0,74 sn (tablo 0,26)"
8-12,"Akan Yükseliş","Top","akinti_yolu",1,1,1,1,1,1,1,1,1,1,"geri","geri",0.00,"",3.00,1.35,1.05,0.94,1.85,0.00,0.00,"0/10 kare koşu","hasarsız skill (base_damage 0): etki hareketin kendisi; vuruş 1: 1,60s@boss6,27m/oyuncu2,38m; kalıp sonu: merkeze 4,11 m, başlangıçtan 1,40 m, kalıp simülasyonundan 0,00 m, kalıp hedefi AllyDummy; toparlanma 0,74 sn (tablo 0,26)"
9-7,"Bulandırıcı Arınma","Top","sis_ortusu",1,1,1,1,1,1,1,1,1,1,"yerinde","yerinde",0.00,"oyuncu +48000 can",3.00,1.35,0.33,0.30,1.13,0.00,0.00,"","vuruş 1: 0,93s@boss0,00m/oyuncu3,00m; kalıp sonu: merkeze 3,00 m, başlangıçtan 0,00 m, kalıp simülasyonundan 0,00 m; toparlanma 0,74 sn (tablo 0,26)"
9-8,"Yükselen Arınma","Top","isik_sutunu",1,1,1,1,1,1,1,1,1,1,"yerinde","yerinde",0.00,"oyuncu +48000 can",3.00,1.35,0.53,0.48,1.33,0.00,0.00,"","vuruş 1: 1,14s@boss3,06m/oyuncu0,00m; kalıp sonu: merkeze 3,07 m, başlangıçtan 0,10 m, kalıp simülasyonundan 0,00 m, kalıp hedefi AllyDummy; toparlanma 0,74 sn (tablo 0,26)"
9-9,"Odaklı Arınma","Top","mermi_sondur",1,1,1,1,1,1,1,1,1,1,"yerinde","yerinde",0.00,"oyuncu +48000 can",3.00,1.35,0.40,0.38,1.20,0.00,0.00,"","vuruş 1: 1,07s@boss6,98m/oyuncu4,53m; kalıp sonu: merkeze 3,00 m, başlangıçtan 0,00 m, kalıp simülasyonundan 0,00 m, kalıp hedefi AllyDummy; toparlanma 0,74 sn (tablo 0,26)"
9-10,"Aynalı Arınma","Top","yer_degistir",1,1,1,1,1,1,1,1,1,1,"arka","arka",0.00,"oyuncu +48000 can",1.50,1.35,0.40,0.34,1.20,0.00,0.00,"0/1 kare koşu","vuruş 1: 1,07s@boss0,31m/oyuncu1,19m; kalıp sonu: merkeze 1,50 m, başlangıçtan 4,50 m, kalıp simülasyonundan 0,00 m, ışın 8,34 m konumdan çıkarıldı; tek karede 8,34 m sıçrama (sınır 2,53 m @ 68 ms, t=1,20, ışın tasarım gereği); toparlanma 0,74 sn (tablo 0,26)"
9-11,"Kopya Arınma","Top","yem_kopya",1,1,1,1,1,1,1,1,1,1,"yerinde","yerinde",0.00,"oyuncu +48000 can, dost +48000 can",3.00,1.35,0.26,0.24,1.07,0.00,0.00,"","vuruş 1: 0,87s@boss2,98m/oyuncu1,29m; kalıp sonu: merkeze 3,00 m, başlangıçtan 0,00 m, kalıp simülasyonundan 0,00 m; toparlanma 0,74 sn (tablo 0,26)"
9-12,"Akan Arınma","Top","nabiz",1,1,1,1,1,1,1,1,1,1,"yerinde","yerinde",0.00,"oyuncu +32000 can, dost +16000 can",3.00,1.35,3.20,3.18,4.00,0.00,0.00,"","vuruş 3: 1,93s@boss3,00m/oyuncu0,00m 2,94s@boss3,00m/oyuncu0,00m 3,94s@boss3,00m/oyuncu0,00m; kalıp sonu: merkeze 3,00 m, başlangıçtan 0,00 m, kalıp simülasyonundan 0,00 m; toparlanma 0,74 sn (tablo 0,26)"
10-7,"Bulandırıcı Yansı","Top","sahte_goruntu",1,1,1,1,1,1,1,1,1,1,"geri","geri",3992.00,"boss:Blind+Burn",3.00,1.35,0.47,0.44,1.27,0.00,0.00,"1/3 kare koşu, ayak/gövde hız oranı 1,00","vuruş 3: 0,87s@boss3,06m/oyuncu1,37m 1,00s@boss3,06m/oyuncu1,37m 1,13s@boss3,68m/oyuncu0,00m; kalıp sonu: merkeze 3,90 m, başlangıçtan 0,90 m, kalıp simülasyonundan 0,00 m; toparlanma 0,74 sn (tablo 0,26)"
10-8,"Yükselen Yansı","Top","yerden_buyuyen",1,1,1,1,1,1,1,1,1,1,"yerinde","yerinde",400.00,"boss:Burn",2.75,1.35,0.47,0.42,1.27,0.00,0.00,"","vuruş 1: 1,07s@boss0,00m/oyuncu2,80m; kalıp sonu: merkeze 2,75 m, başlangıçtan 0,25 m, kalıp simülasyonundan 0,00 m; toparlanma 0,74 sn (tablo 0,26)"
10-9,"Odaklı Yansı","Top","koruyucu_isaret",1,1,1,1,1,1,1,1,1,1,"ön","ön",2400.00,"boss:Burn",2.20,1.35,0.27,0.20,1.07,0.00,0.00,"0/3 kare koşu","vuruş 1: 0,93s@boss1,85m/oyuncu0,35m; kalıp sonu: merkeze 2,20 m, başlangıçtan 0,80 m, kalıp simülasyonundan 0,00 m; toparlanma 0,74 sn (tablo 0,26)"
11-7,"Bulandırıcı Çağrı","Top","sirt_saplama",1,1,1,1,1,1,1,1,1,1,"yerinde","yerinde",26792.00,"boss:Blind+Burn",3.00,1.35,0.33,0.32,1.13,0.00,0.00,"","vuruş 1: 1,00s@boss0,00m/oyuncu3,04m; kalıp sonu: merkeze 3,06 m, başlangıçtan 0,00 m, kalıp simülasyonundan 0,00 m; toparlanma 0,74 sn (tablo 0,26)"
11-8,"Yükselen Çağrı","Top","dostu_yerden",1,1,1,1,1,1,1,1,1,1,"yan","yan",57944.00,"boss:Burn",2.96,1.35,0.80,0.78,1.56,0.00,0.00,"0/8 kare koşu","vuruş 1: 1,36s@boss2,82m/oyuncu0,95m; kalıp sonu: merkeze 2,99 m, başlangıçtan 0,91 m, kalıp simülasyonundan 0,00 m; toparlanma 0,74 sn (tablo 0,26)"
11-9,"Odaklı Çağrı","Top","pesinden_av",1,1,1,1,1,1,1,1,1,1,"yerinde","yerinde",178720.00,"boss:Burn",2.85,1.35,2.47,2.44,3.27,0.00,0.00,"","vuruş 1: 3,14s@boss0,00m/oyuncu2,96m; kalıp sonu: merkeze 2,96 m, başlangıçtan 0,15 m, kalıp simülasyonundan 0,00 m, boss 0,11 m kaydı; toparlanma 0,74 sn (tablo 0,26)"
12-7,"Bulandırıcı Zaman","Top","kum_saati",1,1,1,1,1,1,1,1,1,1,"yerinde","yerinde",4792.00,"boss:Blind+Burn+Slow, boss hız x0,70",3.00,1.35,0.67,0.62,1.33,0.00,0.00,"","vuruş 1: 0,80s@boss0,28m/oyuncu3,28m; kalıp sonu: merkeze 4,11 m, başlangıçtan 0,00 m, kalıp simülasyonundan 0,00 m, boss 1,11 m kaydı; toparlanma 0,64 sn (tablo 0,26)"
12-8,"Yükselen Zaman","Top","isik_sutunu",1,1,1,1,1,1,1,1,1,1,"yerinde","yerinde",1200.00,"boss:Burn, oyuncu:Haste, oyuncu hız x1,50",2.90,1.35,0.53,0.48,1.20,0.00,0.00,"","vuruş 1: 1,00s@boss2,92m/oyuncu0,00m; kalıp sonu: merkeze 2,90 m, başlangıçtan 0,10 m, kalıp simülasyonundan 0,00 m; toparlanma 0,64 sn (tablo 0,26)"
12-9,"Odaklı Zaman","Top","isaret_patlamasi",1,1,1,1,1,1,1,1,1,1,"yerinde","yerinde",800.00,"boss:Burn+Slow, boss hız x0,70",3.00,1.35,1.93,1.92,2.60,0.00,0.00,"","vuruş 1: 2,46s@boss0,00m/oyuncu3,00m; kalıp sonu: merkeze 3,00 m, başlangıçtan 0,00 m, kalıp simülasyonundan 0,00 m; toparlanma 0,64 sn (tablo 0,26)"
1-1,"Yoğun Vuruş","Asa","yukle_birak",1,1,1,1,1,1,1,1,1,1,"ön","ön",154848.00,"boss:Burn",1.64,1.35,0.53,0.52,1.07,0.00,0.00,"0/3 kare koşu","vuruş 1: 0,93s@boss0,40m/oyuncu1,53m; kalıp sonu: merkeze 1,87 m, başlangıçtan 1,70 m, kalıp simülasyonundan 0,20 m, boss 0,57 m kaydı; toparlanma 0,53 sn (tablo 0,26)"
1-2,"Emici Vuruş","Asa","kan_ceken_pence",1,1,1,1,1,1,1,1,1,1,"yerinde","yerinde",113768.00,"boss:Burn, oyuncu +32931 can",1.34,1.35,0.40,0.38,0.95,0.00,0.00,"","vuruş 3: 0,62s@boss1,79m/oyuncu1,02m 0,75s@boss1,21m/oyuncu1,02m 0,88s@boss0,62m/oyuncu1,02m; kalıp sonu: merkeze 1,34 m, başlangıçtan 0,00 m, kalıp simülasyonundan 0,00 m, boss 1,66 m kaydı; toparlanma 0,53 sn (tablo 0,26)"
1-3,"Sıçrayan Vuruş","Asa","yan_yan_sekme",1,1,1,1,1,1,1,1,1,1,"geri","geri",175664.00,"boss:Burn",2.85,1.35,0.47,0.46,1.00,0.00,0.00,"0/7 kare koşu","vuruş 2: 0,60s@boss0,74m/oyuncu3,52m 0,93s@boss0,74m/oyuncu4,99m; kalıp sonu: merkeze 4,40 m, başlangıçtan 1,30 m, kalıp simülasyonundan 0,12 m, boss 0,97 m kaydı; toparlanma 0,53 sn (tablo 0,26)"
1-4,"Sabit Vuruş","Asa","yere_cakilan",1,1,1,1,1,1,1,1,1,1,"yerinde","yerinde",116032.00,"boss:Burn",2.85,1.35,0.47,0.42,1.00,0.00,0.00,"","vuruş 1: 0,87s@boss2,85m/oyuncu0,00m; kalıp sonu: merkeze 3,31 m, başlangıçtan 0,20 m, kalıp simülasyonundan 0,00 m, boss 0,51 m kaydı; toparlanma 0,53 sn (tablo 0,26)"
1-5,"Yayılan Vuruş","Asa","donen_kesik",1,1,1,1,1,1,1,1,1,1,"yerinde","yerinde",103512.00,"boss:Burn",3.03,1.35,0.60,0.55,1.13,0.00,0.00,"","vuruş 1: 0,73s@boss3,15m/oyuncu0,00m; kalıp sonu: merkeze 4,13 m, başlangıçtan 0,00 m, kalıp simülasyonundan 0,00 m, boss 1,13 m kaydı; toparlanma 0,53 sn (tablo 0,26)"
1-6,"Bağlayıcı Vuruş","Asa","zincirli_firlatma",1,1,1,1,1,1,1,1,1,1,"ön","ön",121120.00,"boss:Root+Slow+Burn, boss hız x0,00",2.67,1.35,0.73,0.70,1.27,0.00,0.00,"2/4 kare koşu, ayak/gövde hız oranı 0,95","vuruş 2: 0,67s@boss0,46m/oyuncu3,51m 1,13s@boss1,59m/oyuncu1,28m; kalıp sonu: merkeze 2,72 m, başlangıçtan 1,50 m, kalıp simülasyonundan 0,00 m, boss 1,22 m kaydı; toparlanma 0,53 sn (tablo 0,26)"
2-1,"Yoğun Şifa","Asa","tek_dokunus",1,1,1,1,1,1,1,1,1,1,"geri","geri",0.00,"oyuncu +128000 can",3.00,1.35,0.20,0.16,0.67,0.00,0.00,"0/2 kare koşu","vuruş 1: 0,53s@boss3,89m/oyuncu0,68m; kalıp sonu: merkeze 3,42 m, başlangıçtan 0,55 m, kalıp simülasyonundan 0,00 m, kalıp hedefi AllyDummy; toparlanma 0,46 sn (tablo 0,26)"
2-2,"Emici Şifa","Asa","uzaktan_emme",1,1,1,1,1,1,1,1,1,1,"yerinde","yerinde",66496.00,"oyuncu +96000 can, dost +32000 can",2.65,1.35,2.20,2.16,2.67,0.00,0.00,"","vuruş 4: 1,07s@boss0,19m/oyuncu2,72m 1,60s@boss0,10m/oyuncu2,72m 2,07s@boss0,02m/oyuncu2,72m 2,60s@boss0,07m/oyuncu2,72m; kalıp sonu: merkeze 2,65 m, başlangıçtan 0,35 m, kalıp simülasyonundan 0,00 m; toparlanma 0,46 sn (tablo 0,26)"
2-3,"Sıçrayan Şifa","Asa","dosttan_dosta",1,1,1,1,1,1,1,1,1,1,"yerinde","yerinde",0.00,"oyuncu +124000 can, dost +64000 can",3.00,1.35,0.60,0.54,1.07,0.00,0.00,"","vuruş 3: 0,60s@boss6,43m/oyuncu3,95m 0,67s@boss6,98m/oyuncu4,53m 0,87s@boss6,88m/oyuncu4,54m; kalıp sonu: merkeze 3,00 m, başlangıçtan 0,00 m, kalıp simülasyonundan 0,00 m, kalıp hedefi AllyDummy; toparlanma 0,46 sn (tablo 0,26)"
2-4,"Sabit Şifa","Asa","totem_dikme",1,1,1,1,1,1,1,1,1,1,"yerinde","yerinde",0.00,"oyuncu +128000 can",3.00,1.35,0.31,0.30,0.77,0.00,0.00,"","vuruş 1: 0,74s@boss3,11m/oyuncu0,00m; kalıp sonu: merkeze 3,11 m, başlangıçtan 0,15 m, kalıp simülasyonundan 0,00 m, kalıp hedefi AllyDummy; toparlanma 0,46 sn (tablo 0,26)"
2-5,"Yayılan Şifa","Asa","genisleyen_halka",1,1,1,1,1,1,1,1,1,1,"yerinde","yerinde",0.00,"oyuncu +128000 can",3.00,1.35,0.60,0.58,1.07,0.00,0.00,"","vuruş 1: 0,87s@boss3,00m/oyuncu0,00m; kalıp sonu: merkeze 3,00 m, başlangıçtan 0,00 m, kalıp simülasyonundan 0,00 m; toparlanma 0,46 sn (tablo 0,26)"
2-6,"Bağlayıcı Şifa","Asa","dostu_kanca",1,1,1,1,1,1,1,1,1,1,"geri","geri",0.00,"oyuncu +128000 can",3.00,1.35,0.53,0.52,1.00,0.00,0.00,"1/6 kare koşu, ayak/gövde hız oranı 1,01","vuruş 1: 0,87s@boss5,80m/oyuncu0,40m; kalıp sonu: merkeze 5,92 m, başlangıçtan 3,40 m, kalıp simülasyonundan 0,00 m, kalıp hedefi AllyDummy; toparlanma 0,46 sn (tablo 0,26)"
3-1,"Yoğun Adım","Asa","kisa_dash",1,1,1,1,1,1,1,1,1,1,"ön","ön",3200.00,"boss:Burn",1.50,1.35,0.20,0.16,0.73,0.00,0.00,"0/3 kare koşu","kalıp sonu: merkeze 1,50 m, başlangıçtan 1,50 m, kalıp simülasyonundan 0,00 m; toparlanma 0,53 sn (tablo 0,26)"
3-2,"Emici Adım","Asa","icinden_emme",1,1,1,1,1,1,1,1,1,1,"arka","arka",3200.00,"boss:Burn",0.18,1.35,0.33,0.28,0.87,0.00,0.00,"1/5 kare koşu, ayak/gövde hız oranı 1,01","vuruş 1: 0,67s@boss0,23m/oyuncu1,36m; kalıp sonu: merkeze 2,61 m, başlangıçtan 5,24 m, kalıp simülasyonundan 0,41 m, boss 0,37 m kaydı; gövdeye girdi: merkeze 0,18 m (t=0,60, temas 1,35) geçiş tasarım gereği; toparlanma 0,53 sn (tablo 0,26)"
3-3,"Sıçrayan Adım","Asa","sekmeli_ziplama",1,1,1,1,1,1,1,1,1,1,"arka","arka",3584.00,"boss:Burn",1.50,1.35,0.47,0.40,1.00,0.00,0.00,"0/6 kare koşu","vuruş 2: 0,67s@boss1,79m/oyuncu0,01m 0,87s@boss1,50m/oyuncu0,00m; kalıp sonu: merkeze 1,50 m, başlangıçtan 4,50 m, kalıp simülasyonundan 0,00 m; toparlanma 0,53 sn (tablo 0,26)"
3-4,"Sabit Adım","Asa","geri_sarma",1,1,1,1,1,1,1,1,1,1,"başlangıç","başlangıç",18016.00,"boss:Burn",1.50,1.35,2.67,2.66,3.20,0.00,0.00,"3/9 kare koşu, ayak/gövde hız oranı 0,90","kalıp sonu: merkeze 3,00 m, başlangıçtan 0,00 m, kalıp simülasyonundan 0,00 m; toparlanma 0,53 sn (tablo 0,26)"
3-5,"Yayılan Adım","Asa","dalis_patlamasi",1,1,1,1,1,1,1,1,1,1,"ön","ön",3200.00,"boss:Burn",1.50,1.35,0.47,0.42,1.00,0.00,0.00,"0/4 kare koşu","vuruş 1: 0,80s@boss1,50m/oyuncu0,00m; kalıp sonu: merkeze 1,50 m, başlangıçtan 1,50 m, kalıp simülasyonundan 0,00 m; toparlanma 0,53 sn (tablo 0,26)"
3-6,"Bağlayıcı Adım","Asa","kanca_cekis",1,1,1,1,1,1,1,1,1,1,"arka","arka",2800.00,"boss:Root+Slow+Burn, boss hız x0,00",1.50,1.35,0.75,0.74,1.29,0.00,0.00,"1/9 kare koşu, ayak/gövde hız oranı 1,02","vuruş 1: 1,16s@boss0,00m/oyuncu1,50m; kalıp sonu: merkeze 1,50 m, başlangıçtan 4,50 m, kalıp simülasyonundan 0,00 m; toparlanma 0,53 sn (tablo 0,26)"
4-1,"Yoğun Kalkan","Asa","tam_zamanli",1,1,1,1,1,1,1,1,1,1,"yerinde","yerinde",0.00,"",3.00,1.35,0.53,0.50,1.07,0.00,0.00,"","hasarsız skill (base_damage 0): etki hareketin kendisi; vuruş 1: 0,87s@boss0,62m/oyuncu2,38m; kalıp sonu: merkeze 3,00 m, başlangıçtan 0,00 m, kalıp simülasyonundan 0,00 m; toparlanma 0,53 sn (tablo 0,26)"
4-2,"Emici Kalkan","Asa","kalkan_calma",1,1,1,1,1,1,1,1,1,1,"yerinde","yerinde",76000.00,"",3.00,1.35,0.27,0.20,0.80,0.00,0.00,"","vuruş 1: 0,60s@boss1,73m/oyuncu1,28m; kalıp sonu: merkeze 3,00 m, başlangıçtan 0,00 m, kalıp simülasyonundan 0,00 m; toparlanma 0,53 sn (tablo 0,26)"
4-3,"Sıçrayan Kalkan","Asa","seken_disk",1,1,1,1,1,1,1,1,1,1,"yerinde","yerinde",0.00,"",3.00,1.35,0.47,0.42,1.00,0.00,0.00,"","hasarsız skill (base_damage 0): etki hareketin kendisi; vuruş 2: 0,67s@boss0,30m/oyuncu3,30m 0,80s@boss3,04m/oyuncu1,43m; kalıp sonu: merkeze 3,00 m, başlangıçtan 0,00 m, kalıp simülasyonundan 0,00 m; toparlanma 0,53 sn (tablo 0,26)"
5-1,"Yoğun Patlama","Asa","saplanan_fitil",1,1,1,1,1,1,1,1,1,1,"geri","geri",143656.00,"boss:Burn",2.38,1.35,1.60,1.62,2.07,0.00,0.00,"1/6 kare koşu, ayak/gövde hız oranı 1,03","vuruş 2: 0,53s@boss0,85m/oyuncu1,53m 2,07s@boss0,86m/oyuncu2,95m; kalıp sonu: merkeze 3,81 m, başlangıçtan 0,80 m, kalıp simülasyonundan 0,00 m; toparlanma 0,46 sn (tablo 0,26)"
5-2,"Emici Patlama","Asa","ceken_girdap",1,1,1,1,1,1,1,1,1,1,"yerinde","yerinde",101424.00,"boss:Burn, oyuncu +28507 can",1.34,1.35,1.33,1.32,1.80,0.00,0.00,"","vuruş 3: 1,13s@boss0,00m/oyuncu1,35m 1,60s@boss0,00m/oyuncu1,35m 1,66s@boss0,00m/oyuncu1,35m; kalıp sonu: merkeze 1,35 m, başlangıçtan 0,00 m, kalıp simülasyonundan 0,00 m, boss 1,65 m kaydı; toparlanma 0,46 sn (tablo 0,26)"
5-3,"Sıçrayan Patlama","Asa","seken_bomba",1,1,1,1,1,1,1,1,1,1,"yerinde","yerinde",155552.00,"boss:Burn",3.00,1.35,0.60,0.58,1.07,0.00,0.00,"","vuruş 3: 0,60s@boss0,39m/oyuncu3,40m 0,73s@boss0,00m/oyuncu3,47m 0,93s@boss0,35m/oyuncu3,90m; kalıp sonu: merkeze 4,05 m, başlangıçtan 0,00 m, kalıp simülasyonundan 0,00 m, boss 1,05 m kaydı; toparlanma 0,46 sn (tablo 0,26)"
6-1,"Yoğun Bağ","Asa","sinir_noktasi",1,1,1,1,1,1,1,1,1,1,"ön","ön",32976.00,"boss:Burn+Stun, boss hız x0,00",1.50,1.35,0.40,0.34,0.93,0.00,0.00,"0/5 kare koşu","vuruş 1: 0,80s@boss0,91m/oyuncu0,59m; kalıp sonu: merkeze 1,71 m, başlangıçtan 1,80 m, kalıp simülasyonundan 0,30 m, boss 0,50 m kaydı; toparlanma 0,53 sn (tablo 0,26)"
6-2,"Emici Bağ","Asa","bossu_cek",1,1,1,1,1,1,1,1,1,1,"geri","geri",25400.00,"boss:Burn+Root, boss hız x0,00, oyuncu +6561 can",1.35,1.35,0.47,0.44,1.00,0.00,0.00,"2/5 kare koşu, ayak/gövde hız oranı 1,01","vuruş 1: 0,80s@boss2,79m/oyuncu1,36m; kalıp sonu: merkeze 3,37 m, başlangıçtan 1,60 m, kalıp simülasyonundan 0,00 m, boss 1,23 m kaydı; toparlanma 0,53 sn (tablo 0,26)"
6-3,"Sıçrayan Bağ","Asa","basip_sekme",1,1,1,1,1,1,1,1,1,1,"başlangıç","başlangıç",37520.00,"boss:Burn+Root, boss hız x0,00",1.66,1.35,0.53,0.52,1.07,0.00,0.00,"0/8 kare koşu","vuruş 1: 0,80s@boss1,49m/oyuncu0,27m; kalıp sonu: merkeze 3,98 m, başlangıçtan 0,20 m, kalıp simülasyonundan 0,00 m, boss 0,78 m kaydı; toparlanma 0,53 sn (tablo 0,26)"
1-7,"Bulandırıcı Vuruş","Asa","dumandan_cikis",1,1,1,1,1,1,1,1,1,1,"ön","ön",116920.00,"boss:Blind+Burn",1.68,1.35,0.53,0.48,1.07,0.00,0.00,"0/4 kare koşu","vuruş 1: 0,87s@boss0,78m/oyuncu1,36m; kalıp sonu: merkeze 1,94 m, başlangıçtan 1,80 m, kalıp simülasyonundan 0,30 m, boss 0,74 m kaydı; toparlanma 0,53 sn (tablo 0,26)"
1-8,"Yükselen Vuruş","Asa","havaya_kaldirma",1,1,1,1,1,1,1,1,1,1,"ön","ön",130808.00,"boss:Burn+Stun, boss hız x0,00",1.90,1.35,0.40,0.34,0.93,0.00,0.00,"0/5 kare koşu","vuruş 1: 0,67s@boss1,07m/oyuncu1,28m; kalıp sonu: merkeze 1,90 m, başlangıçtan 1,10 m, kalıp simülasyonundan 0,00 m; toparlanma 0,53 sn (tablo 0,26)"
1-9,"Odaklı Vuruş","Asa","isarete_vur",1,1,1,1,1,1,1,1,1,1,"ön","ön",206032.00,"boss:Burn",2.14,1.35,0.40,0.38,0.93,0.00,0.00,"0/3 kare koşu","vuruş 1: 0,80s@boss1,00m/oyuncu1,28m; kalıp sonu: merkeze 2,35 m, başlangıçtan 1,35 m, kalıp simülasyonundan 0,00 m, boss 0,70 m kaydı; toparlanma 0,53 sn (tablo 0,26)"
2-7,"Bulandırıcı Şifa","Asa","sis_ortusu",1,1,1,1,1,1,1,1,1,1,"yerinde","yerinde",0.00,"oyuncu +128000 can",3.03,1.35,0.33,0.30,0.80,0.00,0.00,"","vuruş 1: 0,60s@boss0,00m/oyuncu3,14m; kalıp sonu: merkeze 3,15 m, başlangıçtan 0,00 m, kalıp simülasyonundan 0,00 m, boss 0,15 m kaydı; toparlanma 0,46 sn (tablo 0,26)"
2-8,"Yükselen Şifa","Asa","yerden_buyuyen",1,1,1,1,1,1,1,1,1,1,"yerinde","yerinde",0.00,"oyuncu +128000 can",3.00,1.35,0.47,0.42,0.93,0.00,0.00,"","vuruş 1: 0,73s@boss6,98m/oyuncu4,33m; kalıp sonu: merkeze 3,18 m, başlangıçtan 0,25 m, kalıp simülasyonundan 0,00 m, kalıp hedefi AllyDummy; toparlanma 0,46 sn (tablo 0,26)"
2-9,"Odaklı Şifa","Asa","koruyucu_isaret",1,0,1,1,1,1,1,1,1,0,"geri","geri",0.00,"",3.00,1.35,0.29,0.20,0.75,0.00,0.00,"0/3 kare koşu","hasar yok, etki görülmedi; vuruş 1: 0,60s@boss3,90m/oyuncu0,35m; kalıp sonu: merkeze 3,61 m, başlangıçtan 0,80 m, kalıp simülasyonundan 0,00 m, kalıp hedefi AllyDummy; toparlanma 0,46 sn (tablo 0,26)"
3-7,"Bulandırıcı Adım","Asa","duman_kaybolma",1,1,1,1,1,1,1,1,1,1,"ön","ön",4800.00,"boss:Blind+Burn, oyuncu:Stealth",1.50,1.35,0.60,0.59,1.13,0.00,0.00,"1/4 kare koşu, ayak/gövde hız oranı 1,00","vuruş 1: 0,67s@boss1,76m/oyuncu0,00m; kalıp sonu: merkeze 1,50 m, başlangıçtan 1,50 m, kalıp simülasyonundan 0,00 m; toparlanma 0,53 sn (tablo 0,26)"
3-8,"Yükselen Adım","Asa","sicrayip_cakilma",1,1,1,1,1,1,1,1,1,1,"ön","ön",3608.00,"boss:Burn, oyuncu:Haste, oyuncu hız x1,10",1.50,1.35,0.87,0.82,1.40,0.00,0.00,"0/5 kare koşu","vuruş 1: 1,27s@boss1,50m/oyuncu0,00m; kalıp sonu: merkeze 1,50 m, başlangıçtan 1,50 m, kalıp simülasyonundan 0,00 m; toparlanma 0,53 sn (tablo 0,26)"
3-9,"Odaklı Adım","Asa","kilitli_adim",1,1,1,1,1,1,1,1,1,1,"arka","arka",2800.00,"boss:Burn",1.50,1.35,0.53,0.48,1.07,0.00,0.00,"0/1 kare koşu","vuruş 1: 0,93s@boss0,00m/oyuncu1,50m; kalıp sonu: merkeze 1,50 m, başlangıçtan 4,50 m, kalıp simülasyonundan 0,00 m; tek karede 4,50 m sıçrama (sınır 2,40 m @ 65 ms, t=0,80, faz adim, blink tasarım gereği); toparlanma 0,53 sn (tablo 0,26)"
7-1,"Yoğun Zafiyet","Asa","diken_firlatma",1,1,1,1,1,1,1,1,1,1,"yerinde","yerinde",30752.00,"boss:Burn",3.00,1.35,0.46,0.40,1.00,0.00,0.00,"","vuruş 1: 0,87s@boss0,30m/oyuncu3,30m; kalıp sonu: merkeze 3,46 m, başlangıçtan 0,00 m, kalıp simülasyonundan 0,00 m, boss 0,46 m kaydı; toparlanma 0,53 sn (tablo 0,26)"
7-2,"Emici Zafiyet","Asa","sokup_cekme",1,1,1,1,1,1,1,1,1,1,"geri","geri",19776.00,"boss:Burn, oyuncu +4593 can",3.04,1.35,0.47,0.44,1.00,0.00,0.00,"1/4 kare koşu, ayak/gövde hız oranı 1,00","vuruş 2: 0,67s@boss0,35m/oyuncu3,63m 0,80s@boss2,77m/oyuncu1,19m; kalıp sonu: merkeze 4,49 m, başlangıçtan 1,30 m, kalıp simülasyonundan 0,00 m, boss 0,19 m kaydı; toparlanma 0,53 sn (tablo 0,26)"
7-3,"Sıçrayan Zafiyet","Asa","seken_yaratik",1,1,1,1,1,1,1,1,1,1,"yerinde","yerinde",29176.00,"boss:Burn",3.00,1.35,0.67,0.64,1.20,0.00,0.00,"","vuruş 3: 0,73s@boss0,01m/oyuncu3,00m 0,86s@boss0,35m/oyuncu3,49m 1,06s@boss0,35m/oyuncu3,90m; kalıp sonu: merkeze 4,05 m, başlangıçtan 0,00 m, kalıp simülasyonundan 0,00 m, boss 1,05 m kaydı; toparlanma 0,53 sn (tablo 0,26)"
8-1,"Yoğun Yükseliş","Asa","kuculten_kapi",1,1,1,1,1,1,1,1,1,1,"yerinde","yerinde",0.00,"",3.01,1.35,0.33,0.28,0.80,0.00,0.00,"","hasarsız skill (base_damage 0): etki hareketin kendisi; vuruş 1: 0,60s@boss0,67m/oyuncu2,38m; kalıp sonu: merkeze 3,05 m, başlangıçtan 0,00 m, kalıp simülasyonundan 0,00 m; toparlanma 0,46 sn (tablo 0,26)"
8-2,"Emici Yükseliş","Asa","kan_muhru",1,1,1,1,1,1,1,1,1,1,"yerinde","yerinde",0.00,"",3.00,1.35,0.33,0.32,0.80,0.00,0.00,"","hasarsız skill (base_damage 0): etki hareketin kendisi; vuruş 1: 0,60s@boss3,00m/oyuncu0,00m; kalıp sonu: merkeze 3,00 m, başlangıçtan 0,00 m, kalıp simülasyonundan 0,00 m; toparlanma 0,46 sn (tablo 0,26)"
8-3,"Sıçrayan Yükseliş","Asa","pas_verme",1,1,1,1,1,1,1,1,1,1,"yerinde","yerinde",0.00,"",3.00,1.35,0.27,0.24,0.73,0.00,0.00,"","hasarsız skill (base_damage 0): etki hareketin kendisi; vuruş 1: 0,67s@boss6,38m/oyuncu3,90m; kalıp sonu: merkeze 3,00 m, başlangıçtan 0,00 m, kalıp simülasyonundan 0,00 m, kalıp hedefi AllyDummy; toparlanma 0,46 sn (tablo 0,26)"
9-1,"Yoğun Arınma","Asa","tek_dokunus",1,1,1,1,1,1,1,1,1,1,"geri","geri",0.00,"oyuncu +24000 can",3.00,1.35,0.20,0.16,0.73,0.00,0.00,"0/2 kare koşu","vuruş 1: 0,60s@boss3,89m/oyuncu0,68m; kalıp sonu: merkeze 3,41 m, başlangıçtan 0,55 m, kalıp simülasyonundan 0,00 m, kalıp hedefi AllyDummy; toparlanma 0,53 sn (tablo 0,26)"
9-2,"Emici Arınma","Asa","cekip_firlat",1,1,1,1,1,1,1,1,1,1,"yerinde","yerinde",0.00,"oyuncu +8000 can, dost +16000 can",3.00,1.35,0.53,0.50,1.07,0.00,0.00,"","vuruş 2: 0,67s@boss2,65m/oyuncu0,35m 1,00s@boss0,30m/oyuncu3,30m; kalıp sonu: merkeze 3,00 m, başlangıçtan 0,00 m, kalıp simülasyonundan 0,00 m; toparlanma 0,53 sn (tablo 0,26)"
9-3,"Sıçrayan Arınma","Asa","dosttan_dosta",1,1,1,1,1,1,1,1,1,1,"yerinde","yerinde",0.00,"oyuncu +28000 can, dost +8000 can",3.00,1.35,0.60,0.54,1.13,0.00,0.00,"","vuruş 3: 0,67s@boss6,43m/oyuncu3,95m 0,73s@boss6,98m/oyuncu4,53m 0,93s@boss6,88m/oyuncu4,54m; kalıp sonu: merkeze 3,00 m, başlangıçtan 0,00 m, kalıp simülasyonundan 0,00 m, kalıp hedefi AllyDummy; toparlanma 0,53 sn (tablo 0,26)"
1-10,"Aynalı Vuruş","Asa","sirtta_kapi",1,1,1,1,1,1,1,1,1,1,"ön","ön",11092030.00,"boss:Burn",2.06,1.35,0.34,0.32,0.87,0.00,0.00,"0/3 kare koşu","vuruş 2: 0,60s@boss0,91m/oyuncu1,19m 0,73s@boss0,55m/oyuncu2,82m; kalıp sonu: merkeze 2,58 m, başlangıçtan 1,20 m, kalıp simülasyonundan 0,00 m, boss 0,78 m kaydı; toparlanma 0,53 sn (tablo 0,26)"
1-11,"Kopya Vuruş","Asa","golge_yankisi",1,1,1,1,1,1,1,1,1,1,"ön","ön",119496.00,"boss:Burn",2.28,1.35,0.53,0.50,1.07,0.00,0.00,"1/3 kare koşu, ayak/gövde hız oranı 1,01","vuruş 2: 0,60s@boss1,14m/oyuncu1,15m 0,93s@boss2,72m/oyuncu1,39m; kalıp sonu: merkeze 3,18 m, başlangıçtan 0,90 m, kalıp simülasyonundan 0,00 m, boss 1,08 m kaydı; toparlanma 0,53 sn (tablo 0,26)"
1-12,"Akan Vuruş","Asa","basili_seri",1,1,1,1,1,1,1,1,1,1,"ön","ön",100424.00,"boss:Burn",2.89,1.35,3.04,3.00,3.57,0.00,0.00,"","vuruş 6: 0,74s@boss1,75m/oyuncu1,15m 1,27s@boss2,60m/oyuncu1,15m 1,74s@boss2,57m/oyuncu1,15m 2,27s@boss2,37m/oyuncu1,15m 2,73s@boss2,16m/oyuncu1,15m 3,23s@boss1,93m/oyuncu1,15m; kalıp sonu: merkeze 2,97 m, başlangıçtan 1,40 m, kalıp simülasyonundan 0,00 m, boss 1,37 m kaydı; toparlanma 0,53 sn (tablo 0,26)"
2-10,"Aynalı Şifa","Asa","ters_es",1,1,1,1,1,1,1,1,1,1,"yerinde","yerinde",21000.00,"oyuncu +140000 can",3.00,1.35,0.47,0.44,0.93,0.00,0.00,"","vuruş 2: 0,60s@boss2,60m/oyuncu0,40m 0,80s@boss0,00m/oyuncu3,00m; kalıp sonu: merkeze 3,00 m, başlangıçtan 0,00 m, kalıp simülasyonundan 0,00 m; toparlanma 0,46 sn (tablo 0,26)"
2-11,"Kopya Şifa","Asa","golge_ulak",1,1,1,1,1,1,1,1,1,1,"yan","yan",0.00,"oyuncu +128000 can, dost +128000 can",2.43,1.35,1.40,1.36,1.87,0.00,0.00,"1/3 kare koşu, ayak/gövde hız oranı 1,00","vuruş 2: 0,53s@boss3,26m/oyuncu0,35m 1,73s@boss3,06m/oyuncu1,46m; kalıp sonu: merkeze 2,43 m, başlangıçtan 1,41 m, kalıp simülasyonundan 0,00 m, kalıp hedefi AllyDummy; toparlanma 0,46 sn (tablo 0,26)"
2-12,"Akan Şifa","Asa","basili_isik",1,1,1,1,1,1,1,1,1,1,"geri","geri",0.00,"oyuncu +100000 can, dost +20000 can",3.00,1.35,3.00,3.00,3.47,0.00,0.00,"","vuruş 6: 0,67s@boss5,38m/oyuncu2,72m 1,20s@boss5,58m/oyuncu2,72m 1,67s@boss5,75m/oyuncu2,72m 2,20s@boss5,95m/oyuncu2,72m 2,67s@boss6,13m/oyuncu2,72m 3,20s@boss6,33m/oyuncu2,72m; kalıp sonu: merkeze 3,94 m, başlangıçtan 1,20 m, kalıp simülasyonundan 0,00 m, kalıp hedefi AllyDummy; toparlanma 0,46 sn (tablo 0,26)"
3-10,"Aynalı Adım","Asa","iki_kapi",1,1,1,1,1,1,1,1,1,1,"ön","ön",5208.00,"boss:Burn",1.50,1.35,0.60,0.54,1.13,0.00,0.00,"0/4 kare koşu","vuruş 2: 0,53s@boss3,00m/oyuncu0,00m 0,93s@boss1,50m/oyuncu0,00m; kalıp sonu: merkeze 1,50 m, başlangıçtan 1,50 m, kalıp simülasyonundan 0,00 m; toparlanma 0,53 sn (tablo 0,26)"
3-11,"Kopya Adım","Asa","yem_kac",1,1,1,1,1,1,1,1,1,1,"geri","geri",4408.00,"boss:Burn",3.00,1.35,0.40,0.40,0.93,0.00,0.00,"0/4 kare koşu","vuruş 1: 0,53s@boss3,00m/oyuncu0,00m; kalıp sonu: merkeze 5,80 m, başlangıçtan 2,80 m, kalıp simülasyonundan 0,00 m; toparlanma 0,53 sn (tablo 0,26)"
3-12,"Akan Adım","Asa","suzulme",1,1,1,1,1,1,1,1,1,1,"ön","ön",19992.00,"boss:Burn, oyuncu:Haste, oyuncu hız x1,50",1.90,1.35,3.00,3.00,3.53,0.00,0.00,"","kalıp sonu: merkeze 1,90 m, başlangıçtan 1,10 m, kalıp simülasyonundan 0,00 m; toparlanma 0,53 sn (tablo 0,26)"
10-1,"Yoğun Yansı","Asa","tam_zamanli",1,1,1,1,1,1,1,1,1,1,"yerinde","yerinde",3224.00,"boss:Burn",3.00,1.35,0.53,0.50,1.07,0.00,0.00,"","vuruş 1: 0,86s@boss0,62m/oyuncu2,38m; kalıp sonu: merkeze 3,00 m, başlangıçtan 0,00 m, kalıp simülasyonundan 0,00 m; toparlanma 0,53 sn (tablo 0,26)"
10-2,"Emici Yansı","Asa","yutan_girdap",1,1,1,1,1,1,1,1,1,1,"yerinde","yerinde",15992.00,"boss:Burn",3.00,1.35,3.20,3.18,3.74,0.00,0.00,"","vuruş 4: 1,40s@boss0,62m/oyuncu2,38m 2,20s@boss0,62m/oyuncu2,38m 2,94s@boss0,62m/oyuncu2,38m 3,67s@boss0,62m/oyuncu2,38m; kalıp sonu: merkeze 3,00 m, başlangıçtan 0,00 m, kalıp simülasyonundan 0,00 m; toparlanma 0,53 sn (tablo 0,26)"
10-3,"Sıçrayan Yansı","Asa","seken_geri",1,1,1,1,1,1,1,1,1,1,"ön","ön",3992.00,"boss:Burn",1.90,1.35,0.40,0.36,0.93,0.00,0.00,"0/3 kare koşu","vuruş 2: 0,60s@boss0,56m/oyuncu1,53m 0,73s@boss0,00m/oyuncu1,90m; kalıp sonu: merkeze 1,90 m, başlangıçtan 1,10 m, kalıp simülasyonundan 0,00 m; toparlanma 0,53 sn (tablo 0,26)"
10-10,"Aynalı Yansı","Asa","iki_kapi",1,1,1,1,1,1,1,1,1,1,"ön","ön",5192.00,"boss:Burn",1.50,1.35,0.60,0.54,1.13,0.00,0.00,"0/4 kare koşu","vuruş 2: 0,53s@boss3,00m/oyuncu0,00m 0,93s@boss1,50m/oyuncu0,00m; kalıp sonu: merkeze 1,50 m, başlangıçtan 1,50 m, kalıp simülasyonundan 0,00 m; toparlanma 0,53 sn (tablo 0,26)"
10-11,"Kopya Yansı","Asa","yem_kopya",1,1,1,1,1,1,1,1,1,1,"yerinde","yerinde",3192.00,"boss:Burn",3.00,1.35,0.27,0.24,0.80,0.00,0.00,"","vuruş 1: 0,60s@boss2,98m/oyuncu1,29m; kalıp sonu: merkeze 3,00 m, başlangıçtan 0,00 m, kalıp simülasyonundan 0,00 m; toparlanma 0,53 sn (tablo 0,26)"
10-12,"Akan Yansı","Asa","basili_siper",1,1,1,1,1,1,1,1,1,1,"ön","ön",15664.00,"boss:Burn",2.20,1.35,3.02,3.00,3.55,0.00,0.00,"","vuruş 3: 1,28s@boss0,40m/oyuncu2,38m 2,22s@boss0,15m/oyuncu2,38m 3,22s@boss0,11m/oyuncu2,38m; kalıp sonu: merkeze 2,20 m, başlangıçtan 0,80 m, kalıp simülasyonundan 0,00 m; toparlanma 0,53 sn (tablo 0,26)"
11-1,"Yoğun Çağrı","Asa","sirt_saplama",1,1,1,1,1,1,1,1,1,1,"yerinde","yerinde",38136.00,"boss:Burn",2.73,1.35,0.47,0.44,1.00,0.00,0.00,"0/2 kare koşu","vuruş 1: 0,87s@boss0,00m/oyuncu2,79m; kalıp sonu: merkeze 2,80 m, başlangıçtan 0,28 m, kalıp simülasyonundan 0,00 m; uyarı: [PlaceholderFactory] VFX asset missing (trail/beam); using element_color primitive placeholder.; toparlanma 0,53 sn (tablo 0,26)"
11-2,"Emici Çağrı","Asa","yapisan",1,1,1,1,1,1,1,1,1,1,"yerinde","yerinde",239360.00,"boss:Burn, oyuncu +145683 can",3.00,1.35,5.20,5.18,5.75,0.00,0.00,"","vuruş 6: 0,68s@boss0,20m/oyuncu3,22m 1,69s@boss0,00m/oyuncu3,11m 2,69s@boss0,00m/oyuncu3,11m 3,69s@boss0,00m/oyuncu3,11m 4,69s@boss0,00m/oyuncu3,11m 5,69s@boss0,00m/oyuncu3,11m; kalıp sonu: merkeze 3,11 m, başlangıçtan 0,00 m, kalıp simülasyonundan 0,00 m, boss 0,11 m kaydı; toparlanma 0,53 sn (tablo 0,26)"
11-3,"Sıçrayan Çağrı","Asa","seken_yaratik",1,1,1,1,1,1,1,1,1,1,"yerinde","yerinde",29144.00,"boss:Burn",3.00,1.35,0.67,0.64,1.20,0.00,0.00,"","vuruş 3: 0,74s@boss0,00m/oyuncu3,04m 0,93s@boss0,35m/oyuncu3,09m 1,06s@boss0,35m/oyuncu3,10m; kalıp sonu: merkeze 3,09 m, başlangıçtan 0,00 m, kalıp simülasyonundan 0,00 m; toparlanma 0,53 sn (tablo 0,26)"
11-10,"Aynalı Çağrı","Asa","takim_kapisi",1,1,1,1,1,1,1,1,1,1,"yerinde","yerinde",58328.00,"boss:Burn, oyuncu:Stasis",3.00,1.35,1.27,1.24,1.80,0.00,0.00,"","vuruş 1: 0,60s@boss3,00m/oyuncu0,00m; kalıp sonu: merkeze 3,00 m, başlangıçtan 0,00 m, kalıp simülasyonundan 0,00 m; toparlanma 0,53 sn (tablo 0,26)"
11-11,"Kopya Çağrı","Asa","ayna_klonlar",1,1,1,1,1,1,1,1,1,1,"yerinde","yerinde",50672.00,"boss:Burn",3.00,1.35,0.55,0.50,1.08,0.00,0.00,"","vuruş 2: 0,75s@boss2,97m/oyuncu1,41m 0,87s@boss2,99m/oyuncu1,41m; kalıp sonu: merkeze 3,08 m, başlangıçtan 0,00 m, kalıp simülasyonundan 0,00 m; toparlanma 0,53 sn (tablo 0,26)"
11-12,"Akan Çağrı","Asa","kapidan_akin",1,1,1,1,1,1,1,1,1,1,"yerinde","yerinde",302896.00,"boss:Burn",3.00,1.35,4.26,4.20,4.79,0.00,0.00,"","vuruş 6: 0,73s@boss0,85m/oyuncu2,19m 1,53s@boss0,00m/oyuncu3,11m 2,27s@boss0,00m/oyuncu3,11m 3,07s@boss0,00m/oyuncu3,11m 3,87s@boss0,00m/oyuncu3,11m 4,73s@boss0,00m/oyuncu3,11m; kalıp sonu: merkeze 3,11 m, başlangıçtan 0,00 m, kalıp simülasyonundan 0,00 m, boss 0,11 m kaydı; toparlanma 0,53 sn (tablo 0,26)"
12-1,"Yoğun Zaman","Asa","zamanli_donma",1,1,1,1,1,1,1,1,1,1,"ön","ön",3212.00,"boss:Burn+Slow, boss hız x0,70",1.66,1.35,0.53,0.50,1.00,0.00,0.00,"0/3 kare koşu","vuruş 1: 0,87s@boss0,54m/oyuncu1,28m; kalıp sonu: merkeze 1,86 m, başlangıçtan 1,60 m, kalıp simülasyonundan 0,10 m, boss 0,46 m kaydı; toparlanma 0,46 sn (tablo 0,26)"
12-2,"Emici Zaman","Asa","ceken_girdap",1,1,1,1,1,1,1,1,1,1,"yerinde","yerinde",6396.00,"boss:Burn+Slow, oyuncu:Haste, boss hız x0,70, oyuncu hız x1,30",3.03,1.35,1.34,1.32,1.82,0.00,0.00,"","vuruş 3: 1,15s@boss0,00m/oyuncu3,13m 1,61s@boss0,00m/oyuncu4,18m 1,68s@boss0,00m/oyuncu4,23m; kalıp sonu: merkeze 4,32 m, başlangıçtan 0,00 m, kalıp simülasyonundan 0,00 m, boss 1,32 m kaydı; toparlanma 0,46 sn (tablo 0,26)"
12-3,"Sıçrayan Zaman","Asa","geri_donen_kure",1,1,1,1,1,1,1,1,1,1,"yerinde","yerinde",4792.00,"boss:Burn+Slow, boss hız x0,70",3.00,1.35,0.53,0.50,1.00,0.00,0.00,"","vuruş 2: 0,60s@boss0,30m/oyuncu3,32m 0,87s@boss1,76m/oyuncu2,04m; kalıp sonu: merkeze 4,00 m, başlangıçtan 0,00 m, kalıp simülasyonundan 0,00 m, boss 1,00 m kaydı; toparlanma 0,46 sn (tablo 0,26)"
12-10,"Aynalı Zaman","Asa","boss_geri",1,1,1,1,1,1,1,1,1,1,"yerinde","yerinde",4404.00,"boss:Burn+Slow, boss hız x0,70",3.01,1.35,0.47,0.46,0.93,0.00,0.00,"","vuruş 1: 0,60s@boss0,29m/oyuncu3,33m; kalıp sonu: merkeze 3,04 m, başlangıçtan 0,00 m, kalıp simülasyonundan 0,00 m; toparlanma 0,46 sn (tablo 0,26)"
12-11,"Kopya Zaman","Asa","geri_sarma",1,1,1,1,1,1,1,1,1,1,"başlangıç","başlangıç",18416.00,"boss:Burn+Slow, boss hız x0,70",1.50,1.35,2.67,2.66,3.13,0.00,0.00,"2/9 kare koşu, ayak/gövde hız oranı 1,00","kalıp sonu: merkeze 3,17 m, başlangıçtan 0,00 m, kalıp simülasyonundan 0,00 m, boss 0,17 m kaydı; toparlanma 0,46 sn (tablo 0,26)"
12-12,"Akan Zaman","Asa","yuruyen_balon",1,1,1,1,1,1,1,1,1,1,"ön","ön",23996.00,"boss:Burn+Slow, boss hız x0,70",3.00,1.35,4.20,4.20,4.67,0.00,0.00,"","vuruş 5: 0,53s@boss3,00m/oyuncu0,00m 1,67s@boss3,99m/oyuncu0,00m 2,60s@boss3,75m/oyuncu0,00m 3,67s@boss3,43m/oyuncu0,00m 4,60s@boss3,15m/oyuncu0,00m; kalıp sonu: merkeze 3,15 m, başlangıçtan 1,20 m, kalıp simülasyonundan 0,00 m, boss 1,35 m kaydı; toparlanma 0,46 sn (tablo 0,26)"
4-4,"Sabit Kalkan","Asa","duvar_dikme",1,1,1,1,1,1,1,1,1,1,"yerinde","yerinde",0.00,"",3.00,1.35,0.33,0.32,0.89,0.00,0.00,"","hasarsız skill (base_damage 0): etki hareketin kendisi; vuruş 1: 0,75s@boss0,62m/oyuncu2,38m; kalıp sonu: merkeze 3,00 m, başlangıçtan 0,00 m, kalıp simülasyonundan 0,00 m; toparlanma 0,53 sn (tablo 0,26)"
4-5,"Yayılan Kalkan","Asa","onde_yelpaze",1,1,1,1,1,1,1,1,1,1,"yerinde","yerinde",0.00,"",3.00,1.35,0.67,0.63,1.20,0.00,0.00,"","hasarsız skill (base_damage 0): etki hareketin kendisi; vuruş 1: 0,93s@boss1,88m/oyuncu1,12m; kalıp sonu: merkeze 3,00 m, başlangıçtan 0,00 m, kalıp simülasyonundan 0,00 m; toparlanma 0,53 sn (tablo 0,26)"
4-6,"Bağlayıcı Kalkan","Asa","zincirli_firlatma",1,1,1,1,1,1,1,1,1,1,"ön","ön",0.00,"",1.50,1.35,0.73,0.70,1.27,0.00,0.00,"2/4 kare koşu, ayak/gövde hız oranı 1,00","hasarsız skill (base_damage 0): etki hareketin kendisi; vuruş 2: 0,67s@boss0,45m/oyuncu3,45m 1,13s@boss0,49m/oyuncu1,28m; kalıp sonu: merkeze 1,50 m, başlangıçtan 1,50 m, kalıp simülasyonundan 0,00 m; toparlanma 0,53 sn (tablo 0,26)"
4-7,"Bulandırıcı Kalkan","Asa","duman_duvari",1,1,1,1,1,1,1,1,1,1,"yerinde","yerinde",0.00,"",2.80,1.35,0.53,0.52,1.07,0.00,0.00,"","hasarsız skill (base_damage 0): etki hareketin kendisi; vuruş 1: 0,73s@boss0,42m/oyuncu2,38m; kalıp sonu: merkeze 2,80 m, başlangıçtan 0,20 m, kalıp simülasyonundan 0,00 m; toparlanma 0,53 sn (tablo 0,26)"
4-8,"Yükselen Kalkan","Asa","yerden_buyuyen",1,1,1,1,1,1,1,1,1,1,"yerinde","yerinde",0.00,"",3.00,1.35,0.47,0.42,1.00,0.00,0.00,"","hasarsız skill (base_damage 0): etki hareketin kendisi; vuruş 1: 0,80s@boss6,98m/oyuncu4,33m; kalıp sonu: merkeze 3,18 m, başlangıçtan 0,25 m, kalıp simülasyonundan 0,00 m, kalıp hedefi AllyDummy; toparlanma 0,53 sn (tablo 0,26)"
4-9,"Odaklı Kalkan","Asa","koruyucu_isaret",1,1,1,1,1,1,1,1,1,1,"geri","geri",0.00,"",3.00,1.35,0.20,0.20,0.73,0.00,0.00,"0/3 kare koşu","hasarsız skill (base_damage 0): etki hareketin kendisi; vuruş 1: 0,67s@boss3,90m/oyuncu0,35m; kalıp sonu: merkeze 3,61 m, başlangıçtan 0,80 m, kalıp simülasyonundan 0,00 m, kalıp hedefi AllyDummy; toparlanma 0,53 sn (tablo 0,26)"
5-4,"Sabit Patlama","Asa","mayin_cakma",1,1,1,1,1,1,1,1,1,1,"yerinde","yerinde",148992.00,"boss:Burn",3.00,1.35,0.47,0.42,0.94,0.00,0.00,"","vuruş 2: 0,67s@boss0,85m/oyuncu2,15m 0,74s@boss0,86m/oyuncu2,15m; kalıp sonu: merkeze 3,64 m, başlangıçtan 0,00 m, kalıp simülasyonundan 0,00 m, boss 0,64 m kaydı; toparlanma 0,46 sn (tablo 0,26)"
5-5,"Yayılan Patlama","Asa","yer_yarigi",1,1,1,1,1,1,1,1,1,1,"ön","ön",106208.00,"boss:Burn",1.50,1.35,0.60,0.56,1.07,0.00,0.00,"0/9 kare koşu","vuruş 3: 0,73s@boss0,33m/oyuncu1,24m 0,80s@boss0,19m/oyuncu1,36m 0,93s@boss0,23m/oyuncu1,28m; kalıp sonu: merkeze 1,58 m, başlangıçtan 2,59 m, kalıp simülasyonundan 0,58 m, boss 0,98 m kaydı; toparlanma 0,46 sn (tablo 0,26)"
5-6,"Bağlayıcı Patlama","Asa","gerilip_kopan",1,1,1,1,1,1,1,1,1,1,"geri","geri",151220.00,"boss:Root+Slow+Burn, boss hız x0,00",1.35,1.35,0.60,0.58,1.07,0.00,0.00,"0/6 kare koşu","vuruş 2: 0,60s@boss0,85m/oyuncu1,15m 0,93s@boss0,85m/oyuncu2,68m; kalıp sonu: merkeze 2,81 m, başlangıçtan 0,50 m, kalıp simülasyonundan 0,00 m, boss 0,69 m kaydı; toparlanma 0,46 sn (tablo 0,26)"
5-7,"Bulandırıcı Patlama","Asa","sis_bombasi",1,1,1,1,1,1,1,1,1,1,"yerinde","yerinde",104824.00,"boss:Blind+Burn, oyuncu:Stealth",3.00,1.35,0.27,0.22,0.73,0.00,0.00,"","vuruş 1: 0,60s@boss0,35m/oyuncu3,35m; kalıp sonu: merkeze 3,47 m, başlangıçtan 0,00 m, kalıp simülasyonundan 0,00 m, boss 0,47 m kaydı; toparlanma 0,46 sn (tablo 0,26)"
5-8,"Yükselen Patlama","Asa","yerden_fiskirma",1,1,1,1,1,1,1,1,1,1,"ön","ön",117448.00,"boss:Burn+Stun, boss hız x0,00",2.60,1.35,0.47,0.44,0.93,0.00,0.00,"","vuruş 1: 0,73s@boss0,00m/oyuncu2,75m; kalıp sonu: merkeze 2,60 m, başlangıçtan 0,40 m, kalıp simülasyonundan 0,00 m; toparlanma 0,46 sn (tablo 0,26)"
5-9,"Odaklı Patlama","Asa","gudumlu_top",1,1,1,1,1,1,1,1,1,1,"yerinde","yerinde",167564.00,"boss:Burn",3.04,1.35,0.59,0.56,1.06,0.00,0.00,"","vuruş 1: 0,93s@boss0,01m/oyuncu3,19m; kalıp sonu: merkeze 3,65 m, başlangıçtan 0,00 m, kalıp simülasyonundan 0,00 m, boss 0,65 m kaydı; toparlanma 0,46 sn (tablo 0,26)"
6-4,"Sabit Bağ","Asa","karsilikli_kilit",1,1,1,1,1,1,1,1,1,1,"ön","ön",42160.00,"boss:Burn+Root, boss hız x0,00",1.50,1.35,3.29,3.24,3.82,0.00,0.00,"1/4 kare koşu, ayak/gövde hız oranı 1,01","vuruş 1: 0,96s@boss0,41m/oyuncu1,11m; kalıp sonu: merkeze 2,86 m, başlangıçtan 1,56 m, kalıp simülasyonundan 0,06 m, boss 1,42 m kaydı; toparlanma 0,53 sn (tablo 0,26)"
6-5,"Yayılan Bağ","Asa","yer_tuzagi",1,1,1,1,1,1,1,1,1,1,"yerinde","yerinde",23272.00,"boss:Burn+Root, boss hız x0,00",3.00,1.35,0.33,0.28,0.86,0.00,0.00,"","vuruş 1: 0,67s@boss0,62m/oyuncu2,38m; kalıp sonu: merkeze 3,63 m, başlangıçtan 0,00 m, kalıp simülasyonundan 0,00 m, boss 0,63 m kaydı; toparlanma 0,53 sn (tablo 0,26)"
6-6,"Bağlayıcı Bağ","Asa","iki_uclu",1,1,1,1,1,1,1,1,1,1,"yerinde","yerinde",27196.00,"boss:Root+Slow+Burn, boss hız x0,00",3.02,1.35,0.67,0.65,1.20,0.00,0.00,"","vuruş 1: 0,67s@boss0,28m/oyuncu3,39m; kalıp sonu: merkeze 4,23 m, başlangıçtan 0,00 m, kalıp simülasyonundan 0,00 m, boss 1,23 m kaydı; toparlanma 0,53 sn (tablo 0,26)"
6-7,"Bulandırıcı Bağ","Asa","goz_bagi",1,1,1,1,1,1,1,1,1,1,"yerinde","yerinde",25076.00,"boss:Blind+Burn+Root, boss hız x0,00",3.00,1.35,0.13,0.20,0.67,0.00,0.00,"","vuruş 1: 0,67s@boss0,27m/oyuncu3,28m; kalıp sonu: merkeze 3,01 m, başlangıçtan 0,00 m, kalıp simülasyonundan 0,00 m; toparlanma 0,53 sn (tablo 0,26)"
6-8,"Yükselen Bağ","Asa","havada_asma",1,1,1,1,1,1,1,1,1,1,"ön","ön",30900.00,"boss:Stun+Burn+Root, boss hız x0,00",1.50,1.35,1.20,1.14,1.74,0.00,0.00,"0/5 kare koşu","vuruş 1: 1,00s@boss1,50m/oyuncu0,00m; kalıp sonu: merkeze 2,65 m, başlangıçtan 1,50 m, kalıp simülasyonundan 0,00 m, boss 1,15 m kaydı; toparlanma 0,53 sn (tablo 0,26)"
6-9,"Odaklı Bağ","Asa","zamanli_donma",1,1,1,1,1,1,1,1,1,1,"ön","ön",38844.00,"boss:Burn+Root, boss hız x0,00",1.49,1.35,0.54,0.50,1.07,0.00,0.00,"0/3 kare koşu","vuruş 1: 0,94s@boss0,53m/oyuncu1,28m; kalıp sonu: merkeze 1,50 m, başlangıçtan 1,54 m, kalıp simülasyonundan 0,04 m; toparlanma 0,53 sn (tablo 0,26)"
7-4,"Sabit Zafiyet","Asa","mayin_cakma",1,1,1,1,1,1,1,1,1,1,"yerinde","yerinde",17556.00,"boss:Burn",3.05,1.35,0.47,0.42,1.00,0.00,0.00,"","vuruş 2: 0,73s@boss0,85m/oyuncu2,37m 0,80s@boss0,86m/oyuncu2,37m; kalıp sonu: merkeze 3,87 m, başlangıçtan 0,00 m, kalıp simülasyonundan 0,00 m, boss 0,87 m kaydı; toparlanma 0,53 sn (tablo 0,26)"
7-5,"Yayılan Zafiyet","Asa","onde_yelpaze",1,1,1,1,1,1,1,1,1,1,"yerinde","yerinde",17628.00,"boss:Burn",3.03,1.35,0.67,0.63,1.20,0.00,0.00,"","vuruş 1: 0,93s@boss1,99m/oyuncu1,12m; kalıp sonu: merkeze 3,90 m, başlangıçtan 0,00 m, kalıp simülasyonundan 0,00 m, boss 0,90 m kaydı; toparlanma 0,53 sn (tablo 0,26)"
7-6,"Bağlayıcı Zafiyet","Asa","dost_ip",1,1,1,1,1,1,1,1,1,1,"yerinde","yerinde",22604.00,"boss:Root+Slow+Burn, boss hız x0,00",3.02,1.35,0.67,0.62,1.20,0.00,0.00,"","vuruş 1: 0,67s@boss0,28m/oyuncu3,37m; kalıp sonu: merkeze 4,21 m, başlangıçtan 0,00 m, kalıp simülasyonundan 0,00 m, boss 1,21 m kaydı; toparlanma 0,53 sn (tablo 0,26)"
8-4,"Sabit Yükseliş","Asa","totem_dikme",1,1,1,1,1,1,1,1,1,1,"yerinde","yerinde",0.00,"",3.00,1.35,0.33,0.30,0.80,0.00,0.00,"","hasarsız skill (base_damage 0): etki hareketin kendisi; vuruş 1: 0,67s@boss3,10m/oyuncu0,00m; kalıp sonu: merkeze 3,12 m, başlangıçtan 0,15 m, kalıp simülasyonundan 0,00 m, kalıp hedefi AllyDummy; toparlanma 0,46 sn (tablo 0,26)"
8-5,"Yayılan Yükseliş","Asa","savas_narasi",1,1,1,1,1,1,1,1,1,1,"yerinde","yerinde",0.00,"",3.00,1.35,0.40,0.36,0.87,0.00,0.00,"","hasarsız skill (base_damage 0): etki hareketin kendisi; vuruş 1: 0,60s@boss3,00m/oyuncu0,00m; kalıp sonu: merkeze 3,00 m, başlangıçtan 0,00 m, kalıp simülasyonundan 0,00 m; toparlanma 0,46 sn (tablo 0,26)"
8-6,"Bağlayıcı Yükseliş","Asa","dost_dosta",1,1,1,1,1,1,1,1,1,1,"yan","yan",0.00,"",2.38,1.35,0.53,0.52,1.00,0.00,0.00,"1/4 kare koşu, ayak/gövde hız oranı 0,89","hasarsız skill (base_damage 0): etki hareketin kendisi; vuruş 3: 0,53s@boss4,05m/oyuncu1,22m 0,73s@boss2,84m/oyuncu1,41m 0,87s@boss4,76m/oyuncu2,38m; kalıp sonu: merkeze 2,38 m, başlangıçtan 1,41 m, kalıp simülasyonundan 0,00 m, kalıp hedefi AllyDummy; toparlanma 0,46 sn (tablo 0,26)"
9-4,"Sabit Arınma","Asa","yer_tuzagi",1,1,1,1,1,1,1,1,1,1,"yerinde","yerinde",0.00,"oyuncu +24000 can",3.00,1.35,0.33,0.28,0.87,0.00,0.00,"","vuruş 1: 0,67s@boss0,62m/oyuncu2,38m; kalıp sonu: merkeze 3,00 m, başlangıçtan 0,00 m, kalıp simülasyonundan 0,00 m; toparlanma 0,53 sn (tablo 0,26)"
9-5,"Yayılan Arınma","Asa","dagilan_yagmur",1,1,1,1,1,1,1,1,1,1,"yerinde","yerinde",0.00,"oyuncu +24000 can",3.00,1.35,0.61,0.58,1.14,0.00,0.00,"","vuruş 1: 0,88s@boss3,00m/oyuncu0,00m; kalıp sonu: merkeze 3,00 m, başlangıçtan 0,00 m, kalıp simülasyonundan 0,00 m, kalıp hedefi AllyDummy; toparlanma 0,53 sn (tablo 0,26)"
9-6,"Bağlayıcı Arınma","Asa","iki_uclu",1,1,1,1,1,1,1,1,1,1,"yerinde","yerinde",0.00,"oyuncu +24000 can",3.00,1.35,0.67,0.65,1.20,0.00,0.00,"","vuruş 1: 0,67s@boss6,36m/oyuncu3,88m; kalıp sonu: merkeze 3,00 m, başlangıçtan 0,00 m, kalıp simülasyonundan 0,00 m, kalıp hedefi AllyDummy; toparlanma 0,53 sn (tablo 0,26)"
4-10,"Aynalı Kalkan","Asa","sirtta_kapi",1,1,1,1,1,1,1,1,1,1,"ön","ön",24000.00,"",1.80,1.35,0.33,0.32,0.87,0.00,0.00,"0/3 kare koşu","vuruş 2: 0,60s@boss0,92m/oyuncu1,19m 0,73s@boss0,55m/oyuncu2,35m; kalıp sonu: merkeze 1,80 m, başlangıçtan 1,20 m, kalıp simülasyonundan 0,00 m; toparlanma 0,53 sn (tablo 0,26)"
4-11,"Kopya Kalkan","Asa","yem_kopya",1,1,1,1,1,1,1,1,1,1,"yerinde","yerinde",0.00,"",3.00,1.35,0.27,0.24,0.80,0.00,0.00,"","hasarsız skill (base_damage 0): etki hareketin kendisi; vuruş 1: 0,60s@boss2,98m/oyuncu1,29m; kalıp sonu: merkeze 3,00 m, başlangıçtan 0,00 m, kalıp simülasyonundan 0,00 m; toparlanma 0,53 sn (tablo 0,26)"
4-12,"Akan Kalkan","Asa","basili_siper",1,1,1,1,1,1,1,1,1,1,"geri","geri",0.00,"",3.00,1.35,3.00,3.00,3.53,0.00,0.00,"","hasarsız skill (base_damage 0): etki hareketin kendisi; vuruş 3: 1,27s@boss5,17m/oyuncu2,38m 2,27s@boss5,41m/oyuncu2,38m 3,27s@boss5,66m/oyuncu2,38m; kalıp sonu: merkeze 3,61 m, başlangıçtan 0,80 m, kalıp simülasyonundan 0,00 m, kalıp hedefi AllyDummy; toparlanma 0,53 sn (tablo 0,26)"
5-10,"Aynalı Patlama","Asa","karsi_darbe",1,1,1,1,1,1,1,1,1,1,"ön","ön",100016.00,"boss:Burn",1.91,1.35,0.40,0.36,0.87,0.00,0.00,"0/3 kare koşu","vuruş 1: 0,73s@boss0,55m/oyuncu1,36m; kalıp sonu: merkeze 2,17 m, başlangıçtan 1,30 m, kalıp simülasyonundan 0,00 m, boss 0,47 m kaydı; toparlanma 0,46 sn (tablo 0,26)"
5-11,"Kopya Patlama","Asa","golge_yankisi",1,1,1,1,1,1,1,1,1,1,"ön","ön",106276.00,"boss:Burn",2.35,1.35,0.53,0.50,1.00,0.00,0.00,"1/3 kare koşu, ayak/gövde hız oranı 1,01","vuruş 2: 0,53s@boss1,20m/oyuncu1,15m 0,86s@boss2,80m/oyuncu1,39m; kalıp sonu: merkeze 3,27 m, başlangıçtan 0,90 m, kalıp simülasyonundan 0,00 m, boss 1,17 m kaydı; toparlanma 0,46 sn (tablo 0,26)"
5-12,"Akan Patlama","Asa","patlayan_iz",1,1,1,1,1,1,1,1,1,1,"ön","ön",101004.00,"boss:Burn",2.96,1.35,3.02,3.00,3.49,0.00,0.00,"","vuruş 6: 0,87s@boss2,16m/oyuncu1,53m 1,40s@boss3,19m/oyuncu1,53m 1,87s@boss3,09m/oyuncu1,53m 2,40s@boss2,76m/oyuncu1,53m 2,87s@boss2,42m/oyuncu1,53m 3,36s@boss2,06m/oyuncu1,53m; kalıp sonu: merkeze 3,57 m, başlangıçtan 2,20 m, kalıp simülasyonundan 0,70 m, boss 2,77 m kaydı; toparlanma 0,46 sn (tablo 0,26)"
6-10,"Aynalı Bağ","Asa","karsi_darbe",1,1,1,1,1,1,1,1,1,1,"ön","ön",26404.00,"boss:Burn+Root, boss hız x0,00",1.91,1.35,0.40,0.36,0.93,0.00,0.00,"0/3 kare koşu","vuruş 1: 0,80s@boss0,55m/oyuncu1,36m; kalıp sonu: merkeze 2,17 m, başlangıçtan 1,30 m, kalıp simülasyonundan 0,00 m, boss 0,47 m kaydı; toparlanma 0,53 sn (tablo 0,26)"
6-11,"Kopya Bağ","Asa","onden_arkadan",1,1,1,1,1,1,1,1,1,1,"ön","ön",49244.00,"boss:Burn+Root, boss hız x0,00",2.38,1.35,0.40,0.34,0.93,0.00,0.00,"0/3 kare koşu","vuruş 2: 0,60s@boss1,29m/oyuncu1,11m 0,73s@boss0,60m/oyuncu3,31m; kalıp sonu: merkeze 3,14 m, başlangıçtan 0,90 m, kalıp simülasyonundan 0,00 m, boss 1,04 m kaydı; toparlanma 0,53 sn (tablo 0,26)"
6-12,"Akan Bağ","Asa","cember_sarma",1,1,1,1,1,1,1,1,1,1,"arka","arka",24768.00,"boss:Burn+Root, boss hız x0,00",1.50,1.35,0.93,0.90,1.46,0.00,0.00,"0/11 kare koşu","vuruş 1: 1,33s@boss0,01m/oyuncu2,06m; kalıp sonu: merkeze 2,53 m, başlangıçtan 4,61 m, kalıp simülasyonundan 0,03 m, boss 0,45 m kaydı; toparlanma 0,53 sn (tablo 0,26)"
10-4,"Sabit Yansı","Asa","duvar_dikme",1,1,1,1,1,1,1,1,1,1,"yerinde","yerinde",2812.00,"boss:Burn",3.00,1.35,0.33,0.32,0.87,0.00,0.00,"","vuruş 1: 0,73s@boss0,62m/oyuncu2,38m; kalıp sonu: merkeze 3,00 m, başlangıçtan 0,00 m, kalıp simülasyonundan 0,00 m; toparlanma 0,53 sn (tablo 0,26)"
10-5,"Yayılan Yansı","Asa","yuruyen_balon",1,1,1,1,1,1,1,1,1,1,"ön","ön",24064.00,"boss:Burn",1.80,1.35,4.21,4.20,4.74,0.00,0.00,"","vuruş 5: 0,60s@boss3,00m/oyuncu0,00m 1,66s@boss2,70m/oyuncu0,00m 2,68s@boss2,40m/oyuncu0,00m 3,68s@boss2,10m/oyuncu0,00m 4,68s@boss1,80m/oyuncu0,00m; kalıp sonu: merkeze 1,80 m, başlangıçtan 1,20 m, kalıp simülasyonundan 0,00 m; toparlanma 0,53 sn (tablo 0,26)"
10-6,"Bağlayıcı Yansı","Asa","silaha_kement",1,1,1,1,1,1,1,1,1,1,"yerinde","yerinde",6804.00,"boss:Root+Slow+Burn, boss hız x0,00",3.00,1.35,1.00,0.94,1.53,0.00,0.00,"","vuruş 1: 0,67s@boss0,40m/oyuncu3,40m; kalıp sonu: merkeze 3,00 m, başlangıçtan 0,00 m, kalıp simülasyonundan 0,00 m; toparlanma 0,53 sn (tablo 0,26)"
11-4,"Sabit Çağrı","Asa","taret_dikme",1,1,1,1,1,1,1,1,1,1,"yerinde","yerinde",29472.00,"boss:Burn",3.00,1.35,0.47,0.42,1.00,0.00,0.00,"","vuruş 2: 0,60s@boss3,00m/oyuncu0,00m 0,87s@boss0,28m/oyuncu3,34m; kalıp sonu: merkeze 3,08 m, başlangıçtan 0,00 m, kalıp simülasyonundan 0,00 m; toparlanma 0,53 sn (tablo 0,26)"
11-5,"Yayılan Çağrı","Asa","dagilan_suru",1,1,1,1,1,1,1,1,1,1,"yerinde","yerinde",73300.00,"boss:Burn",3.00,1.35,0.46,0.42,0.99,0.00,0.00,"","vuruş 3: 0,60s@boss0,35m/oyuncu3,02m 0,73s@boss0,00m/oyuncu3,00m 0,87s@boss0,35m/oyuncu3,02m; kalıp sonu: merkeze 3,02 m, başlangıçtan 0,00 m, kalıp simülasyonundan 0,00 m; toparlanma 0,53 sn (tablo 0,26)"
11-6,"Bağlayıcı Çağrı","Asa","muhafiz",1,1,1,1,1,1,1,1,1,1,"yerinde","yerinde",133024.00,"boss:Burn+Root+Slow, boss hız x0,00",3.00,1.35,0.53,0.52,1.06,0.00,0.00,"","vuruş 1: 0,64s@boss2,91m/oyuncu1,20m; kalıp sonu: merkeze 3,10 m, başlangıçtan 0,00 m, kalıp simülasyonundan 0,00 m; toparlanma 0,53 sn (tablo 0,26)"
12-4,"Sabit Zaman","Asa","totem_dikme",1,1,1,1,1,1,1,1,1,1,"yerinde","yerinde",113212.00,"boss:Burn+Slow+Stun, boss hız x0,00",2.87,1.35,0.39,0.30,0.87,0.00,0.00,"","vuruş 1: 0,67s@boss2,87m/oyuncu0,00m; kalıp sonu: merkeze 3,49 m, başlangıçtan 0,15 m, kalıp simülasyonundan 0,00 m, boss 0,64 m kaydı; toparlanma 0,46 sn (tablo 0,26)"
12-5,"Yayılan Zaman","Asa","genisleyen_halka",1,1,1,1,1,1,1,1,1,1,"yerinde","yerinde",67172.00,"boss:Burn+Slow, boss hız x0,70",3.01,1.35,0.67,0.58,1.13,0.00,0.00,"","vuruş 1: 0,87s@boss3,07m/oyuncu0,00m; kalıp sonu: merkeze 3,85 m, başlangıçtan 0,00 m, kalıp simülasyonundan 0,00 m, boss 0,85 m kaydı; toparlanma 0,46 sn (tablo 0,26)"
12-6,"Bağlayıcı Zaman","Asa","iki_uclu",1,1,1,1,1,1,1,1,1,1,"yerinde","yerinde",5592.00,"boss:Burn, oyuncu:Haste, oyuncu hız x1,30",3.02,1.35,0.67,0.65,1.13,0.00,0.00,"","vuruş 1: 0,60s@boss0,28m/oyuncu3,36m; kalıp sonu: merkeze 4,21 m, başlangıçtan 0,00 m, kalıp simülasyonundan 0,00 m, boss 1,21 m kaydı; toparlanma 0,46 sn (tablo 0,26)"
7-7,"Bulandırıcı Zafiyet","Asa","sis_bombasi",1,1,1,1,1,1,1,1,1,1,"yerinde","yerinde",17804.00,"boss:Blind+Burn",3.00,1.35,0.27,0.22,0.80,0.00,0.00,"","vuruş 1: 0,67s@boss0,36m/oyuncu3,36m; kalıp sonu: merkeze 3,48 m, başlangıçtan 0,00 m, kalıp simülasyonundan 0,00 m, boss 0,48 m kaydı; toparlanma 0,53 sn (tablo 0,26)"
7-8,"Yükselen Zafiyet","Asa","yerden_fiskirma",1,1,1,1,1,1,1,1,1,1,"ön","ön",17280.00,"boss:Burn+Stun, boss hız x0,00",2.60,1.35,0.47,0.44,1.00,0.00,0.00,"","vuruş 1: 0,80s@boss0,00m/oyuncu2,75m; kalıp sonu: merkeze 2,60 m, başlangıçtan 0,40 m, kalıp simülasyonundan 0,00 m; toparlanma 0,53 sn (tablo 0,26)"
7-9,"Odaklı Zafiyet","Asa","isaret_patlamasi",1,1,1,1,1,1,1,1,1,1,"yerinde","yerinde",32800.00,"boss:Burn",3.05,1.35,1.94,1.92,2.47,0.00,0.00,"","vuruş 1: 2,33s@boss0,00m/oyuncu3,25m; kalıp sonu: merkeze 3,25 m, başlangıçtan 0,00 m, kalıp simülasyonundan 0,00 m, boss 0,25 m kaydı; toparlanma 0,53 sn (tablo 0,26)"
7-10,"Aynalı Zafiyet","Asa","onden_arkadan",1,1,1,1,1,1,1,1,1,1,"ön","ön",24996.00,"boss:Burn",2.39,1.35,0.40,0.34,0.93,0.00,0.00,"0/3 kare koşu","vuruş 2: 0,60s@boss1,28m/oyuncu1,11m 0,73s@boss0,60m/oyuncu3,31m; kalıp sonu: merkeze 3,14 m, başlangıçtan 0,90 m, kalıp simülasyonundan 0,00 m, boss 1,04 m kaydı; toparlanma 0,53 sn (tablo 0,26)"
7-11,"Kopya Zafiyet","Asa","golge_yankisi",1,1,1,1,1,1,1,1,1,1,"ön","ön",25236.00,"boss:Burn",2.27,1.35,0.53,0.50,1.06,0.00,0.00,"1/3 kare koşu, ayak/gövde hız oranı 1,01","vuruş 2: 0,60s@boss1,13m/oyuncu1,15m 0,93s@boss2,72m/oyuncu1,39m; kalıp sonu: merkeze 3,17 m, başlangıçtan 0,90 m, kalıp simülasyonundan 0,00 m, boss 1,07 m kaydı; toparlanma 0,53 sn (tablo 0,26)"
7-12,"Akan Zafiyet","Asa","basili_isik",1,1,1,1,1,1,1,1,1,1,"ön","ön",38472.00,"boss:Burn",2.91,1.35,3.06,3.00,3.60,0.00,0.00,"","vuruş 6: 0,73s@boss0,20m/oyuncu2,72m 1,27s@boss1,08m/oyuncu2,72m 1,73s@boss1,09m/oyuncu2,72m 2,27s@boss0,92m/oyuncu2,72m 2,73s@boss0,74m/oyuncu2,72m 3,26s@boss0,53m/oyuncu2,72m; kalıp sonu: merkeze 3,17 m, başlangıçtan 1,20 m, kalıp simülasyonundan 0,00 m, boss 1,37 m kaydı; toparlanma 0,53 sn (tablo 0,26)"
8-7,"Bulandırıcı Yükseliş","Asa","goz_bagi",1,1,1,1,1,1,1,1,1,1,"yerinde","yerinde",0.00,"",3.00,1.35,0.27,0.20,0.73,0.00,0.00,"","hasarsız skill (base_damage 0): etki hareketin kendisi; vuruş 1: 0,60s@boss0,28m/oyuncu3,28m; kalıp sonu: merkeze 3,00 m, başlangıçtan 0,00 m, kalıp simülasyonundan 0,00 m; toparlanma 0,46 sn (tablo 0,26)"
8-8,"Yükselen Yükseliş","Asa","buyuten_kemer",1,1,1,1,1,1,1,1,1,1,"yerinde","yerinde",0.00,"",3.00,1.35,0.47,0.42,0.93,0.00,0.00,"","hasarsız skill (base_damage 0): etki hareketin kendisi; vuruş 1: 0,73s@boss5,04m/oyuncu2,21m; kalıp sonu: merkeze 3,22 m, başlangıçtan 0,30 m, kalıp simülasyonundan 0,00 m, kalıp hedefi AllyDummy; toparlanma 0,46 sn (tablo 0,26)"
8-9,"Odaklı Yükseliş","Asa","gudumlu_top",1,1,1,1,1,1,1,1,1,1,"yerinde","yerinde",0.00,"",3.00,1.35,0.60,0.56,1.07,0.00,0.00,"","hasarsız skill (base_damage 0): etki hareketin kendisi; vuruş 1: 0,93s@boss6,98m/oyuncu4,53m; kalıp sonu: merkeze 3,00 m, başlangıçtan 0,00 m, kalıp simülasyonundan 0,00 m, kalıp hedefi AllyDummy; toparlanma 0,46 sn (tablo 0,26)"
8-10,"Aynalı Yükseliş","Asa","ters_es",1,1,1,1,1,1,1,1,1,1,"yerinde","yerinde",0.00,"",3.00,1.35,0.47,0.44,0.93,0.00,0.00,"","hasarsız skill (base_damage 0): etki hareketin kendisi; vuruş 2: 0,60s@boss2,60m/oyuncu0,40m 0,80s@boss0,00m/oyuncu3,00m; kalıp sonu: merkeze 3,00 m, başlangıçtan 0,00 m, kalıp simülasyonundan 0,00 m; toparlanma 0,46 sn (tablo 0,26)"
8-11,"Kopya Yükseliş","Asa","golge_ulak",1,1,1,1,1,1,1,1,1,1,"yan","yan",0.00,"",2.43,1.35,1.40,1.36,1.87,0.00,0.00,"1/3 kare koşu, ayak/gövde hız oranı 0,96","hasarsız skill (base_damage 0): etki hareketin kendisi; vuruş 2: 0,53s@boss3,26m/oyuncu0,35m 1,73s@boss3,04m/oyuncu1,46m; kalıp sonu: merkeze 2,43 m, başlangıçtan 1,41 m, kalıp simülasyonundan 0,00 m, kalıp hedefi AllyDummy; toparlanma 0,46 sn (tablo 0,26)"
8-12,"Akan Yükseliş","Asa","akinti_yolu",1,1,1,1,1,1,1,1,1,1,"geri","geri",0.00,"",3.00,1.35,1.00,0.94,1.46,0.00,0.00,"0/10 kare koşu","hasarsız skill (base_damage 0): etki hareketin kendisi; vuruş 1: 1,26s@boss6,27m/oyuncu2,38m; kalıp sonu: merkeze 4,11 m, başlangıçtan 1,40 m, kalıp simülasyonundan 0,00 m, kalıp hedefi AllyDummy; toparlanma 0,46 sn (tablo 0,26)"
9-7,"Bulandırıcı Arınma","Asa","sis_ortusu",1,1,1,1,1,1,1,1,1,1,"yerinde","yerinde",0.00,"oyuncu +24000 can",3.00,1.35,0.33,0.30,0.87,0.00,0.00,"","vuruş 1: 0,67s@boss0,00m/oyuncu3,00m; kalıp sonu: merkeze 3,00 m, başlangıçtan 0,00 m, kalıp simülasyonundan 0,00 m; toparlanma 0,53 sn (tablo 0,26)"
9-8,"Yükselen Arınma","Asa","isik_sutunu",1,1,1,1,1,1,1,1,1,1,"yerinde","yerinde",0.00,"oyuncu +24000 can",3.00,1.35,0.53,0.48,1.07,0.00,0.00,"","vuruş 1: 0,87s@boss3,06m/oyuncu0,00m; kalıp sonu: merkeze 3,07 m, başlangıçtan 0,10 m, kalıp simülasyonundan 0,00 m, kalıp hedefi AllyDummy; toparlanma 0,53 sn (tablo 0,26)"
9-9,"Odaklı Arınma","Asa","mermi_sondur",1,1,1,1,1,1,1,1,1,1,"yerinde","yerinde",0.00,"oyuncu +24000 can",3.00,1.35,0.40,0.38,0.93,0.00,0.00,"","vuruş 1: 0,80s@boss6,98m/oyuncu4,53m; kalıp sonu: merkeze 3,00 m, başlangıçtan 0,00 m, kalıp simülasyonundan 0,00 m, kalıp hedefi AllyDummy; toparlanma 0,53 sn (tablo 0,26)"
9-10,"Aynalı Arınma","Asa","yer_degistir",1,1,1,1,1,1,1,1,1,1,"arka","arka",0.00,"oyuncu +24000 can",1.50,1.35,0.36,0.34,0.89,0.00,0.00,"0/1 kare koşu","vuruş 1: 0,76s@boss0,31m/oyuncu1,19m; kalıp sonu: merkeze 1,50 m, başlangıçtan 4,50 m, kalıp simülasyonundan 0,00 m, ışın 8,34 m konumdan çıkarıldı; tek karede 8,34 m sıçrama (sınır 2,40 m @ 65 ms, t=0,89, ışın tasarım gereği); toparlanma 0,53 sn (tablo 0,26)"
9-11,"Kopya Arınma","Asa","yem_kopya",1,1,1,1,1,1,1,1,1,1,"yerinde","yerinde",0.00,"oyuncu +24000 can, dost +24000 can",3.00,1.35,0.27,0.24,0.80,0.00,0.00,"","vuruş 1: 0,60s@boss2,98m/oyuncu1,29m; kalıp sonu: merkeze 3,00 m, başlangıçtan 0,00 m, kalıp simülasyonundan 0,00 m; toparlanma 0,53 sn (tablo 0,26)"
9-12,"Akan Arınma","Asa","nabiz",1,1,1,1,1,1,1,1,1,1,"yerinde","yerinde",0.00,"oyuncu +16000 can, dost +8000 can",3.00,1.35,3.20,3.18,3.73,0.00,0.00,"","vuruş 3: 1,67s@boss3,00m/oyuncu0,00m 2,67s@boss3,00m/oyuncu0,00m 3,67s@boss3,00m/oyuncu0,00m; kalıp sonu: merkeze 3,00 m, başlangıçtan 0,00 m, kalıp simülasyonundan 0,00 m; toparlanma 0,53 sn (tablo 0,26)"
10-7,"Bulandırıcı Yansı","Asa","sahte_goruntu",1,1,1,1,1,1,1,1,1,1,"geri","geri",4408.00,"boss:Blind+Burn",3.00,1.35,0.47,0.44,1.00,0.00,0.00,"1/3 kare koşu, ayak/gövde hız oranı 1,00","vuruş 3: 0,60s@boss3,06m/oyuncu1,37m 0,73s@boss3,06m/oyuncu1,37m 0,87s@boss3,68m/oyuncu0,00m; kalıp sonu: merkeze 3,90 m, başlangıçtan 0,90 m, kalıp simülasyonundan 0,00 m; toparlanma 0,53 sn (tablo 0,26)"
10-8,"Yükselen Yansı","Asa","yerden_buyuyen",1,1,1,1,1,1,1,1,1,1,"yerinde","yerinde",1608.00,"boss:Burn",2.75,1.35,0.47,0.42,1.00,0.00,0.00,"","vuruş 1: 0,80s@boss0,00m/oyuncu2,80m; kalıp sonu: merkeze 2,75 m, başlangıçtan 0,25 m, kalıp simülasyonundan 0,00 m; toparlanma 0,53 sn (tablo 0,26)"
10-9,"Odaklı Yansı","Asa","koruyucu_isaret",1,1,1,1,1,1,1,1,1,1,"ön","ön",2396.00,"boss:Burn",2.20,1.35,0.20,0.20,0.73,0.00,0.00,"0/3 kare koşu","vuruş 1: 0,67s@boss1,85m/oyuncu0,35m; kalıp sonu: merkeze 2,20 m, başlangıçtan 0,80 m, kalıp simülasyonundan 0,00 m; toparlanma 0,53 sn (tablo 0,26)"
11-7,"Bulandırıcı Çağrı","Asa","sirt_saplama",1,1,1,1,1,1,1,1,1,1,"yerinde","yerinde",26788.00,"boss:Blind+Burn",3.00,1.35,0.33,0.32,0.89,0.00,0.00,"","vuruş 1: 0,76s@boss0,00m/oyuncu3,04m; kalıp sonu: merkeze 3,06 m, başlangıçtan 0,00 m, kalıp simülasyonundan 0,00 m; toparlanma 0,53 sn (tablo 0,26)"
11-8,"Yükselen Çağrı","Asa","dostu_yerden",1,1,1,1,1,1,1,1,1,1,"yan","yan",53832.00,"boss:Burn",2.96,1.35,0.80,0.78,1.33,0.00,0.00,"0/8 kare koşu","vuruş 1: 1,13s@boss2,82m/oyuncu0,95m; kalıp sonu: merkeze 2,99 m, başlangıçtan 0,91 m, kalıp simülasyonundan 0,00 m; toparlanma 0,53 sn (tablo 0,26)"
11-9,"Odaklı Çağrı","Asa","pesinden_av",1,1,1,1,1,1,1,1,1,1,"ön","ön",191096.00,"boss:Burn",2.60,1.35,2.47,2.44,3.00,0.00,0.00,"0/2 kare koşu","vuruş 1: 2,87s@boss0,00m/oyuncu2,71m; kalıp sonu: merkeze 2,71 m, başlangıçtan 0,40 m, kalıp simülasyonundan 0,00 m, boss 0,11 m kaydı; toparlanma 0,53 sn (tablo 0,26)"
12-7,"Bulandırıcı Zaman","Asa","kum_saati",1,1,1,1,1,1,1,1,1,1,"yerinde","yerinde",79500.00,"boss:Blind+Burn+Slow, boss hız x0,70",3.00,1.35,0.67,0.62,1.13,0.00,0.00,"","vuruş 1: 0,60s@boss0,28m/oyuncu3,28m; kalıp sonu: merkeze 4,11 m, başlangıçtan 0,00 m, kalıp simülasyonundan 0,00 m, boss 1,11 m kaydı; toparlanma 0,46 sn (tablo 0,26)"
12-8,"Yükselen Zaman","Asa","isik_sutunu",1,1,1,1,1,1,1,1,1,1,"yerinde","yerinde",1992.00,"boss:Burn, oyuncu:Haste, oyuncu hız x1,50",2.90,1.35,0.53,0.48,1.01,0.00,0.00,"","vuruş 1: 0,81s@boss2,92m/oyuncu0,00m; kalıp sonu: merkeze 2,90 m, başlangıçtan 0,10 m, kalıp simülasyonundan 0,00 m; toparlanma 0,46 sn (tablo 0,26)"
12-9,"Odaklı Zaman","Asa","isaret_patlamasi",1,1,1,1,1,1,1,1,1,1,"yerinde","yerinde",2004.00,"boss:Burn+Slow, boss hız x0,70",3.00,1.35,1.93,1.92,2.40,0.00,0.00,"","vuruş 1: 2,27s@boss0,00m/oyuncu3,00m; kalıp sonu: merkeze 3,00 m, başlangıçtan 0,00 m, kalıp simülasyonundan 0,00 m; toparlanma 0,46 sn (tablo 0,26)"
1-1,"Yoğun Vuruş","Tılsım","yukle_birak",1,1,1,1,1,1,1,1,1,1,"ön","ön",106316.00,"boss:Burn",1.65,1.35,0.53,0.52,1.00,0.00,0.00,"0/3 kare koşu","vuruş 1: 0,87s@boss0,40m/oyuncu1,53m; kalıp sonu: merkeze 1,87 m, başlangıçtan 1,70 m, kalıp simülasyonundan 0,20 m, boss 0,57 m kaydı; toparlanma 0,46 sn (tablo 0,26)"
1-2,"Emici Vuruş","Tılsım","kan_ceken_pence",1,1,1,1,1,1,1,1,1,1,"yerinde","yerinde",76404.00,"boss:Burn, oyuncu +21602 can",1.34,1.35,0.40,0.38,0.87,0.00,0.00,"","vuruş 3: 0,53s@boss1,79m/oyuncu1,02m 0,67s@boss1,21m/oyuncu1,02m 0,80s@boss0,62m/oyuncu1,02m; kalıp sonu: merkeze 1,35 m, başlangıçtan 0,00 m, kalıp simülasyonundan 0,00 m, boss 1,65 m kaydı; toparlanma 0,46 sn (tablo 0,26)"
1-3,"Sıçrayan Vuruş","Tılsım","yan_yan_sekme",1,1,1,1,1,1,1,1,1,1,"geri","geri",120920.00,"boss:Burn",2.84,1.35,0.47,0.46,0.93,0.00,0.00,"0/7 kare koşu","vuruş 2: 0,53s@boss0,76m/oyuncu3,52m 0,87s@boss0,74m/oyuncu4,99m; kalıp sonu: merkeze 4,40 m, başlangıçtan 1,30 m, kalıp simülasyonundan 0,12 m, boss 0,98 m kaydı; toparlanma 0,46 sn (tablo 0,26)"
1-4,"Sabit Vuruş","Tılsım","yere_cakilan",1,1,1,1,1,1,1,1,1,1,"yerinde","yerinde",79984.00,"boss:Burn",2.85,1.35,0.46,0.42,0.93,0.00,0.00,"","vuruş 1: 0,80s@boss2,85m/oyuncu0,00m; kalıp sonu: merkeze 3,30 m, başlangıçtan 0,20 m, kalıp simülasyonundan 0,00 m, boss 0,50 m kaydı; toparlanma 0,46 sn (tablo 0,26)"
1-5,"Yayılan Vuruş","Tılsım","donen_kesik",1,1,1,1,1,1,1,1,1,1,"yerinde","yerinde",71976.00,"boss:Burn",3.03,1.35,0.60,0.55,1.07,0.00,0.00,"","vuruş 1: 0,67s@boss3,11m/oyuncu0,00m; kalıp sonu: merkeze 4,10 m, başlangıçtan 0,00 m, kalıp simülasyonundan 0,00 m, boss 1,10 m kaydı; toparlanma 0,46 sn (tablo 0,26)"
1-6,"Bağlayıcı Vuruş","Tılsım","zincirli_firlatma",1,1,1,1,1,1,1,1,1,1,"ön","ön",80876.00,"boss:Root+Slow+Burn, boss hız x0,00",2.66,1.35,0.73,0.70,1.20,0.00,0.00,"2/4 kare koşu, ayak/gövde hız oranı 1,00","vuruş 2: 0,60s@boss0,46m/oyuncu3,50m 1,07s@boss1,56m/oyuncu1,28m; kalıp sonu: merkeze 2,71 m, başlangıçtan 1,50 m, kalıp simülasyonundan 0,00 m, boss 1,21 m kaydı; toparlanma 0,46 sn (tablo 0,26)"
2-1,"Yoğun Şifa","Tılsım","tek_dokunus",1,1,1,1,1,1,1,1,1,1,"geri","geri",0.00,"oyuncu +168000 can",3.00,1.35,0.16,0.16,0.63,0.00,0.00,"0/2 kare koşu","vuruş 1: 0,60s@boss3,97m/oyuncu0,68m; kalıp sonu: merkeze 3,42 m, başlangıçtan 0,55 m, kalıp simülasyonundan 0,00 m, kalıp hedefi AllyDummy"
2-2,"Emici Şifa","Tılsım","uzaktan_emme",1,1,1,1,1,1,1,1,1,1,"yerinde","yerinde",79808.00,"oyuncu +120000 can, dost +40000 can",2.65,1.35,2.20,2.16,2.67,0.00,0.00,"","vuruş 4: 1,07s@boss0,19m/oyuncu2,72m 1,60s@boss0,10m/oyuncu2,72m 2,07s@boss0,02m/oyuncu2,72m 2,60s@boss0,07m/oyuncu2,72m; kalıp sonu: merkeze 2,65 m, başlangıçtan 0,35 m, kalıp simülasyonundan 0,00 m"
2-3,"Sıçrayan Şifa","Tılsım","dosttan_dosta",1,1,1,1,1,1,1,1,1,1,"yerinde","yerinde",0.00,"oyuncu +168000 can, dost +84000 can",3.00,1.35,0.60,0.54,1.07,0.00,0.00,"","vuruş 3: 0,60s@boss6,43m/oyuncu3,95m 0,67s@boss6,98m/oyuncu4,53m 0,86s@boss6,88m/oyuncu4,54m; kalıp sonu: merkeze 3,00 m, başlangıçtan 0,00 m, kalıp simülasyonundan 0,00 m, kalıp hedefi AllyDummy"
2-4,"Sabit Şifa","Tılsım","totem_dikme",1,1,1,1,1,1,1,1,1,1,"yerinde","yerinde",0.00,"oyuncu +168000 can",3.00,1.35,0.33,0.30,0.80,0.00,0.00,"","vuruş 1: 0,67s@boss3,10m/oyuncu0,00m; kalıp sonu: merkeze 3,11 m, başlangıçtan 0,15 m, kalıp simülasyonundan 0,00 m, kalıp hedefi AllyDummy"
2-5,"Yayılan Şifa","Tılsım","genisleyen_halka",1,1,1,1,1,1,1,1,1,1,"yerinde","yerinde",0.00,"oyuncu +168000 can",3.00,1.35,0.60,0.58,1.07,0.00,0.00,"","vuruş 1: 0,87s@boss3,00m/oyuncu0,00m; kalıp sonu: merkeze 3,00 m, başlangıçtan 0,00 m, kalıp simülasyonundan 0,00 m"
2-6,"Bağlayıcı Şifa","Tılsım","dostu_kanca",1,1,1,1,1,1,1,1,1,1,"geri","geri",0.00,"oyuncu +168000 can",3.00,1.35,0.53,0.52,1.00,0.00,0.00,"1/6 kare koşu, ayak/gövde hız oranı 1,03","vuruş 1: 0,87s@boss5,81m/oyuncu0,40m; kalıp sonu: merkeze 5,92 m, başlangıçtan 3,40 m, kalıp simülasyonundan 0,00 m, kalıp hedefi AllyDummy"
3-1,"Yoğun Adım","Tılsım","kisa_dash",1,1,1,1,1,1,1,1,1,1,"ön","ön",3608.00,"boss:Burn",1.50,1.35,0.20,0.16,0.67,0.00,0.00,"0/3 kare koşu","kalıp sonu: merkeze 1,50 m, başlangıçtan 1,50 m, kalıp simülasyonundan 0,00 m; toparlanma 0,46 sn (tablo 0,26)"
3-2,"Emici Adım","Tılsım","icinden_emme",1,1,1,1,1,1,1,1,1,1,"arka","arka",3612.00,"boss:Burn",0.16,1.35,0.33,0.28,0.80,0.00,0.00,"1/5 kare koşu, ayak/gövde hız oranı 1,01","vuruş 1: 0,60s@boss0,26m/oyuncu1,36m; kalıp sonu: merkeze 2,61 m, başlangıçtan 5,27 m, kalıp simülasyonundan 0,38 m, boss 0,34 m kaydı; gövdeye girdi: merkeze 0,16 m (t=0,53, temas 1,35) geçiş tasarım gereği; toparlanma 0,46 sn (tablo 0,26)"
3-3,"Sıçrayan Adım","Tılsım","sekmeli_ziplama",1,1,1,1,1,1,1,1,1,1,"arka","arka",3988.00,"boss:Burn",1.50,1.35,0.47,0.40,0.93,0.00,0.00,"0/6 kare koşu","vuruş 2: 0,60s@boss1,79m/oyuncu0,00m 0,80s@boss1,50m/oyuncu0,00m; kalıp sonu: merkeze 1,50 m, başlangıçtan 4,50 m, kalıp simülasyonundan 0,00 m; toparlanma 0,46 sn (tablo 0,26)"
3-4,"Sabit Adım","Tılsım","geri_sarma",1,1,1,1,1,1,1,1,1,1,"başlangıç","başlangıç",18528.00,"boss:Burn",1.50,1.35,2.69,2.66,3.15,0.00,0.00,"3/9 kare koşu, ayak/gövde hız oranı 0,95","kalıp sonu: merkeze 3,00 m, başlangıçtan 0,00 m, kalıp simülasyonundan 0,00 m; toparlanma 0,46 sn (tablo 0,26)"
3-5,"Yayılan Adım","Tılsım","dalis_patlamasi",1,1,1,1,1,1,1,1,1,1,"ön","ön",3604.00,"boss:Burn",1.50,1.35,0.47,0.42,0.93,0.00,0.00,"0/4 kare koşu","vuruş 1: 0,73s@boss1,50m/oyuncu0,00m; kalıp sonu: merkeze 1,50 m, başlangıçtan 1,50 m, kalıp simülasyonundan 0,00 m; toparlanma 0,46 sn (tablo 0,26)"
3-6,"Bağlayıcı Adım","Tılsım","kanca_cekis",1,1,1,1,1,1,1,1,1,1,"arka","arka",3608.00,"boss:Root+Slow+Burn, boss hız x0,00",1.50,1.35,0.80,0.74,1.27,0.00,0.00,"1/10 kare koşu, ayak/gövde hız oranı 1,03","vuruş 1: 1,06s@boss0,00m/oyuncu1,50m; kalıp sonu: merkeze 1,50 m, başlangıçtan 4,50 m, kalıp simülasyonundan 0,00 m; toparlanma 0,46 sn (tablo 0,26)"
4-1,"Yoğun Kalkan","Tılsım","tam_zamanli",1,1,1,1,1,1,1,1,1,1,"yerinde","yerinde",0.00,"",3.00,1.35,0.53,0.50,1.00,0.00,0.00,"","hasarsız skill (base_damage 0): etki hareketin kendisi; vuruş 1: 0,80s@boss0,62m/oyuncu2,38m; kalıp sonu: merkeze 3,00 m, başlangıçtan 0,00 m, kalıp simülasyonundan 0,00 m; toparlanma 0,46 sn (tablo 0,26)"
4-2,"Emici Kalkan","Tılsım","kalkan_calma",1,1,1,1,1,1,1,1,1,1,"yerinde","yerinde",76000.00,"",3.00,1.35,0.20,0.20,0.66,0.00,0.00,"","vuruş 1: 0,53s@boss1,73m/oyuncu1,28m; kalıp sonu: merkeze 3,00 m, başlangıçtan 0,00 m, kalıp simülasyonundan 0,00 m; toparlanma 0,46 sn (tablo 0,26)"
4-3,"Sıçrayan Kalkan","Tılsım","seken_disk",1,1,1,1,1,1,1,1,1,1,"yerinde","yerinde",0.00,"",3.00,1.35,0.47,0.42,0.93,0.00,0.00,"","hasarsız skill (base_damage 0): etki hareketin kendisi; vuruş 2: 0,60s@boss0,30m/oyuncu3,30m 0,73s@boss3,04m/oyuncu1,43m; kalıp sonu: merkeze 3,00 m, başlangıçtan 0,00 m, kalıp simülasyonundan 0,00 m; toparlanma 0,46 sn (tablo 0,26)"
5-1,"Yoğun Patlama","Tılsım","saplanan_fitil",1,1,1,1,1,1,1,1,1,1,"geri","geri",106448.00,"boss:Burn",2.37,1.35,1.60,1.62,2.07,0.00,0.00,"1/6 kare koşu, ayak/gövde hız oranı 1,03","vuruş 2: 0,53s@boss0,85m/oyuncu1,52m 2,07s@boss0,85m/oyuncu2,95m; kalıp sonu: merkeze 3,80 m, başlangıçtan 0,80 m, kalıp simülasyonundan 0,00 m; toparlanma 0,46 sn (tablo 0,26)"
5-2,"Emici Patlama","Tılsım","ceken_girdap",1,1,1,1,1,1,1,1,1,1,"yerinde","yerinde",57956.00,"boss:Burn, oyuncu +15464 can",1.34,1.35,1.34,1.32,1.80,0.00,0.00,"","vuruş 3: 1,13s@boss0,00m/oyuncu1,35m 1,60s@boss0,00m/oyuncu1,35m 1,67s@boss0,00m/oyuncu1,35m; kalıp sonu: merkeze 1,35 m, başlangıçtan 0,00 m, kalıp simülasyonundan 0,00 m, boss 1,65 m kaydı; toparlanma 0,46 sn (tablo 0,26)"
5-3,"Sıçrayan Patlama","Tılsım","seken_bomba",1,1,1,1,1,1,1,1,1,1,"yerinde","yerinde",85184.00,"boss:Burn",2.99,1.35,0.57,0.58,1.08,0.00,0.00,"","vuruş 3: 0,62s@boss0,41m/oyuncu3,40m 0,69s@boss0,00m/oyuncu3,24m 0,89s@boss0,35m/oyuncu3,80m; kalıp sonu: merkeze 4,04 m, başlangıçtan 0,00 m, kalıp simülasyonundan 0,00 m, boss 1,04 m kaydı; toparlanma 0,46 sn (tablo 0,26)"
6-1,"Yoğun Bağ","Tılsım","sinir_noktasi",1,1,1,1,1,1,1,1,1,1,"ön","ön",23648.00,"boss:Burn+Stun, boss hız x0,00",1.50,1.35,0.40,0.34,0.87,0.00,0.00,"0/4 kare koşu","vuruş 1: 0,73s@boss0,92m/oyuncu0,59m; kalıp sonu: merkeze 1,72 m, başlangıçtan 1,80 m, kalıp simülasyonundan 0,30 m, boss 0,52 m kaydı; toparlanma 0,46 sn (tablo 0,26)"
6-2,"Emici Bağ","Tılsım","bossu_cek",1,1,1,1,1,1,1,1,1,1,"geri","geri",18424.00,"boss:Burn+Root, boss hız x0,00, oyuncu +4448 can",1.35,1.35,0.47,0.44,0.93,0.00,0.00,"2/5 kare koşu, ayak/gövde hız oranı 1,01","vuruş 1: 0,73s@boss1,55m/oyuncu1,36m; kalıp sonu: merkeze 2,66 m, başlangıçtan 1,60 m, kalıp simülasyonundan 0,00 m, boss 1,94 m kaydı; toparlanma 0,46 sn (tablo 0,26)"
6-3,"Sıçrayan Bağ","Tılsım","basip_sekme",1,1,1,1,1,1,1,1,1,1,"başlangıç","başlangıç",27004.00,"boss:Burn+Root, boss hız x0,00",1.67,1.35,0.54,0.52,1.00,0.00,0.00,"0/7 kare koşu","vuruş 1: 0,73s@boss1,50m/oyuncu0,25m; kalıp sonu: merkeze 3,98 m, başlangıçtan 0,20 m, kalıp simülasyonundan 0,00 m, boss 0,78 m kaydı; toparlanma 0,46 sn (tablo 0,26)"
1-7,"Bulandırıcı Vuruş","Tılsım","dumandan_cikis",1,1,1,1,1,1,1,1,1,1,"ön","ön",80712.00,"boss:Blind+Burn",1.64,1.35,0.53,0.48,1.00,0.00,0.00,"0/4 kare koşu","vuruş 1: 0,80s@boss0,77m/oyuncu1,36m; kalıp sonu: merkeze 1,92 m, başlangıçtan 1,80 m, kalıp simülasyonundan 0,30 m, boss 0,72 m kaydı; toparlanma 0,46 sn (tablo 0,26)"
1-8,"Yükselen Vuruş","Tılsım","havaya_kaldirma",1,1,1,1,1,1,1,1,1,1,"ön","ön",91292.00,"boss:Burn+Stun, boss hız x0,00",1.90,1.35,0.40,0.34,0.87,0.00,0.00,"0/5 kare koşu","vuruş 1: 0,60s@boss1,08m/oyuncu1,28m; kalıp sonu: merkeze 1,90 m, başlangıçtan 1,10 m, kalıp simülasyonundan 0,00 m; toparlanma 0,46 sn (tablo 0,26)"
1-9,"Odaklı Vuruş","Tılsım","isarete_vur",1,1,1,1,1,1,1,1,1,1,"ön","ön",130188.00,"boss:Burn",2.09,1.35,0.40,0.38,0.87,0.00,0.00,"0/3 kare koşu","vuruş 1: 0,73s@boss0,94m/oyuncu1,28m; kalıp sonu: merkeze 2,31 m, başlangıçtan 1,35 m, kalıp simülasyonundan 0,00 m, boss 0,66 m kaydı; toparlanma 0,46 sn (tablo 0,26)"
2-7,"Bulandırıcı Şifa","Tılsım","sis_ortusu",1,1,1,1,1,1,1,1,1,1,"yerinde","yerinde",0.00,"oyuncu +168000 can",3.03,1.35,0.33,0.30,0.80,0.00,0.00,"","vuruş 1: 0,60s@boss0,00m/oyuncu3,11m; kalıp sonu: merkeze 3,12 m, başlangıçtan 0,00 m, kalıp simülasyonundan 0,00 m, boss 0,12 m kaydı"
2-8,"Yükselen Şifa","Tılsım","yerden_buyuyen",1,1,1,1,1,1,1,1,1,1,"yerinde","yerinde",0.00,"oyuncu +168000 can",3.00,1.35,0.47,0.42,0.93,0.00,0.00,"","vuruş 1: 0,74s@boss6,98m/oyuncu4,33m; kalıp sonu: merkeze 3,18 m, başlangıçtan 0,25 m, kalıp simülasyonundan 0,00 m, kalıp hedefi AllyDummy"
2-9,"Odaklı Şifa","Tılsım","koruyucu_isaret",1,0,1,1,1,1,1,1,1,0,"geri","geri",0.00,"",3.00,1.35,0.16,0.20,0.62,0.00,0.00,"0/3 kare koşu","hasar yok, etki görülmedi; vuruş 1: 0,50s@boss3,80m/oyuncu0,35m; kalıp sonu: merkeze 3,61 m, başlangıçtan 0,80 m, kalıp simülasyonundan 0,00 m, kalıp hedefi AllyDummy"
3-7,"Bulandırıcı Adım","Tılsım","duman_kaybolma",1,1,1,1,1,1,1,1,1,1,"ön","ön",5192.00,"boss:Blind+Burn, oyuncu:Stealth",1.50,1.35,0.60,0.59,1.07,0.00,0.00,"1/4 kare koşu, ayak/gövde hız oranı 1,02","vuruş 1: 0,60s@boss1,75m/oyuncu0,00m; kalıp sonu: merkeze 1,50 m, başlangıçtan 1,50 m, kalıp simülasyonundan 0,00 m; toparlanma 0,46 sn (tablo 0,26)"
3-8,"Yükselen Adım","Tılsım","sicrayip_cakilma",1,1,1,1,1,1,1,1,1,1,"ön","ön",3596.00,"boss:Burn, oyuncu:Haste, oyuncu hız x1,32",1.50,1.35,0.87,0.82,1.33,0.00,0.00,"0/5 kare koşu","vuruş 1: 1,20s@boss1,50m/oyuncu0,00m; kalıp sonu: merkeze 1,50 m, başlangıçtan 1,50 m, kalıp simülasyonundan 0,00 m; toparlanma 0,46 sn (tablo 0,26)"
3-9,"Odaklı Adım","Tılsım","kilitli_adim",1,1,1,1,1,1,1,1,1,1,"arka","arka",3216.00,"boss:Burn",1.50,1.35,0.53,0.48,1.00,0.00,0.00,"0/1 kare koşu","vuruş 1: 0,87s@boss0,00m/oyuncu1,50m; kalıp sonu: merkeze 1,50 m, başlangıçtan 4,50 m, kalıp simülasyonundan 0,00 m; tek karede 4,50 m sıçrama (sınır 2,47 m @ 67 ms, t=0,73, faz adim, blink tasarım gereği); toparlanma 0,46 sn (tablo 0,26)"
7-1,"Yoğun Zafiyet","Tılsım","diken_firlatma",1,1,1,1,1,1,1,1,1,1,"yerinde","yerinde",15804.00,"boss:Burn",3.00,1.35,0.34,0.40,0.80,0.00,0.00,"","vuruş 1: 0,80s@boss0,29m/oyuncu3,30m; kalıp sonu: merkeze 3,01 m, başlangıçtan 0,00 m, kalıp simülasyonundan 0,00 m; toparlanma 0,46 sn (tablo 0,26)"
7-2,"Emici Zafiyet","Tılsım","sokup_cekme",1,1,1,1,1,1,1,1,1,1,"geri","geri",15276.00,"boss:Burn, oyuncu +3113 can",3.03,1.35,0.47,0.44,0.94,0.00,0.00,"2/5 kare koşu, ayak/gövde hız oranı 1,01","vuruş 2: 0,60s@boss0,35m/oyuncu3,59m 0,74s@boss2,74m/oyuncu1,19m; kalıp sonu: merkeze 4,45 m, başlangıçtan 1,30 m, kalıp simülasyonundan 0,00 m, boss 0,15 m kaydı; toparlanma 0,46 sn (tablo 0,26)"
7-3,"Sıçrayan Zafiyet","Tılsım","seken_yaratik",1,1,1,1,1,1,1,1,1,1,"yerinde","yerinde",25308.00,"boss:Burn",3.00,1.35,0.69,0.64,1.16,0.00,0.00,"","vuruş 3: 0,67s@boss0,01m/oyuncu3,00m 0,89s@boss0,35m/oyuncu3,71m 1,02s@boss0,35m/oyuncu3,94m; kalıp sonu: merkeze 4,07 m, başlangıçtan 0,00 m, kalıp simülasyonundan 0,00 m, boss 1,07 m kaydı; toparlanma 0,46 sn (tablo 0,26)"
8-1,"Yoğun Yükseliş","Tılsım","kuculten_kapi",1,1,1,1,1,1,1,1,1,1,"yerinde","yerinde",0.00,"",3.01,1.35,0.33,0.28,0.80,0.00,0.00,"","hasarsız skill (base_damage 0): etki hareketin kendisi; vuruş 1: 0,60s@boss0,66m/oyuncu2,38m; kalıp sonu: merkeze 3,04 m, başlangıçtan 0,00 m, kalıp simülasyonundan 0,00 m"
8-2,"Emici Yükseliş","Tılsım","kan_muhru",1,1,1,1,1,1,1,1,1,1,"yerinde","yerinde",0.00,"",3.00,1.35,0.33,0.32,0.80,0.00,0.00,"","hasarsız skill (base_damage 0): etki hareketin kendisi; vuruş 1: 0,60s@boss3,00m/oyuncu0,00m; kalıp sonu: merkeze 3,00 m, başlangıçtan 0,00 m, kalıp simülasyonundan 0,00 m"
8-3,"Sıçrayan Yükseliş","Tılsım","pas_verme",1,1,1,1,1,1,1,1,1,1,"yerinde","yerinde",0.00,"",3.00,1.35,0.27,0.24,0.73,0.00,0.00,"","hasarsız skill (base_damage 0): etki hareketin kendisi; vuruş 1: 0,67s@boss6,38m/oyuncu3,90m; kalıp sonu: merkeze 3,00 m, başlangıçtan 0,00 m, kalıp simülasyonundan 0,00 m, kalıp hedefi AllyDummy"
9-1,"Yoğun Arınma","Tılsım","tek_dokunus",1,1,1,1,1,1,1,1,1,1,"geri","geri",0.00,"oyuncu +40000 can",3.00,1.35,0.20,0.16,0.67,0.00,0.00,"0/2 kare koşu","vuruş 1: 0,53s@boss3,89m/oyuncu0,68m; kalıp sonu: merkeze 3,41 m, başlangıçtan 0,55 m, kalıp simülasyonundan 0,00 m, kalıp hedefi AllyDummy"
9-2,"Emici Arınma","Tılsım","cekip_firlat",1,1,1,1,1,1,1,1,1,1,"yerinde","yerinde",0.00,"oyuncu +16000 can, dost +24000 can",3.00,1.35,0.53,0.50,1.00,0.00,0.00,"","vuruş 2: 0,60s@boss2,65m/oyuncu0,35m 0,87s@boss0,30m/oyuncu3,30m; kalıp sonu: merkeze 3,00 m, başlangıçtan 0,00 m, kalıp simülasyonundan 0,00 m"
9-3,"Sıçrayan Arınma","Tılsım","dosttan_dosta",1,1,1,1,1,1,1,1,1,1,"yerinde","yerinde",0.00,"oyuncu +44000 can, dost +12000 can",3.00,1.35,0.60,0.54,1.07,0.00,0.00,"","vuruş 3: 0,60s@boss6,43m/oyuncu3,95m 0,67s@boss6,98m/oyuncu4,53m 0,87s@boss6,88m/oyuncu4,54m; kalıp sonu: merkeze 3,00 m, başlangıçtan 0,00 m, kalıp simülasyonundan 0,00 m, kalıp hedefi AllyDummy"
1-10,"Aynalı Vuruş","Tılsım","sirtta_kapi",1,1,1,1,1,1,1,1,1,1,"ön","ön",6812640.00,"boss:Burn",2.06,1.35,0.33,0.32,0.80,0.00,0.00,"0/3 kare koşu","vuruş 2: 0,53s@boss0,93m/oyuncu1,19m 0,66s@boss0,55m/oyuncu2,82m; kalıp sonu: merkeze 2,58 m, başlangıçtan 1,20 m, kalıp simülasyonundan 0,00 m, boss 0,78 m kaydı; toparlanma 0,46 sn (tablo 0,26)"
1-11,"Kopya Vuruş","Tılsım","golge_yankisi",1,1,1,1,1,1,1,1,1,1,"ön","ön",82936.00,"boss:Burn",2.26,1.35,0.53,0.50,1.00,0.00,0.00,"1/3 kare koşu, ayak/gövde hız oranı 1,02","vuruş 2: 0,53s@boss1,11m/oyuncu1,15m 0,86s@boss2,72m/oyuncu1,39m; kalıp sonu: merkeze 3,18 m, başlangıçtan 0,90 m, kalıp simülasyonundan 0,00 m, boss 1,08 m kaydı; toparlanma 0,46 sn (tablo 0,26)"
1-12,"Akan Vuruş","Tılsım","basili_seri",1,1,1,1,1,1,1,1,1,1,"ön","ön",73780.00,"boss:Burn",2.88,1.35,3.05,3.00,3.52,0.00,0.00,"","vuruş 6: 0,67s@boss1,73m/oyuncu1,15m 1,20s@boss2,60m/oyuncu1,15m 1,66s@boss2,57m/oyuncu1,15m 2,20s@boss2,37m/oyuncu1,15m 2,72s@boss2,13m/oyuncu1,15m 3,18s@boss1,92m/oyuncu1,15m; kalıp sonu: merkeze 2,97 m, başlangıçtan 1,40 m, kalıp simülasyonundan 0,00 m, boss 1,37 m kaydı; toparlanma 0,46 sn (tablo 0,26)"
2-10,"Aynalı Şifa","Tılsım","ters_es",1,1,1,1,1,1,1,1,1,1,"yerinde","yerinde",25200.00,"oyuncu +168000 can",3.00,1.35,0.47,0.44,0.93,0.00,0.00,"","vuruş 2: 0,60s@boss2,60m/oyuncu0,40m 0,80s@boss0,00m/oyuncu3,00m; kalıp sonu: merkeze 3,00 m, başlangıçtan 0,00 m, kalıp simülasyonundan 0,00 m"
2-11,"Kopya Şifa","Tılsım","golge_ulak",1,1,1,1,1,1,1,1,1,1,"yan","yan",0.00,"oyuncu +168000 can, dost +168000 can",2.43,1.35,1.40,1.36,1.87,0.00,0.00,"1/3 kare koşu, ayak/gövde hız oranı 1,00","vuruş 2: 0,53s@boss3,26m/oyuncu0,35m 1,73s@boss3,05m/oyuncu1,46m; kalıp sonu: merkeze 2,43 m, başlangıçtan 1,41 m, kalıp simülasyonundan 0,00 m, kalıp hedefi AllyDummy"
2-12,"Akan Şifa","Tılsım","basili_isik",1,1,1,1,1,1,1,1,1,1,"geri","geri",0.00,"oyuncu +140000 can, dost +28000 can",3.00,1.35,3.07,3.00,3.53,0.00,0.00,"","vuruş 6: 0,66s@boss5,38m/oyuncu2,72m 1,20s@boss5,58m/oyuncu2,72m 1,66s@boss5,75m/oyuncu2,72m 2,20s@boss5,95m/oyuncu2,72m 2,66s@boss6,13m/oyuncu2,72m 3,20s@boss6,33m/oyuncu2,72m; kalıp sonu: merkeze 3,94 m, başlangıçtan 1,20 m, kalıp simülasyonundan 0,00 m, kalıp hedefi AllyDummy"
3-10,"Aynalı Adım","Tılsım","iki_kapi",1,1,1,1,1,1,1,1,1,1,"ön","ön",5616.00,"boss:Burn",1.50,1.35,0.60,0.54,1.07,0.00,0.00,"0/4 kare koşu","vuruş 2: 0,47s@boss3,00m/oyuncu0,00m 0,87s@boss1,50m/oyuncu0,00m; kalıp sonu: merkeze 1,50 m, başlangıçtan 1,50 m, kalıp simülasyonundan 0,00 m; toparlanma 0,46 sn (tablo 0,26)"
3-11,"Kopya Adım","Tılsım","yem_kac",1,1,1,1,1,1,1,1,1,1,"geri","geri",4812.00,"boss:Burn",3.00,1.35,0.40,0.40,0.87,0.00,0.00,"0/4 kare koşu","vuruş 1: 0,47s@boss3,00m/oyuncu0,00m; kalıp sonu: merkeze 5,80 m, başlangıçtan 2,80 m, kalıp simülasyonundan 0,00 m; toparlanma 0,46 sn (tablo 0,26)"
3-12,"Akan Adım","Tılsım","suzulme",1,1,1,1,1,1,1,1,1,1,"ön","ön",20488.00,"boss:Burn, oyuncu:Haste, oyuncu hız x1,50",1.90,1.35,3.02,3.00,3.48,0.00,0.00,"","kalıp sonu: merkeze 1,90 m, başlangıçtan 1,10 m, kalıp simülasyonundan 0,00 m; toparlanma 0,46 sn (tablo 0,26)"
10-1,"Yoğun Yansı","Tılsım","tam_zamanli",1,1,1,1,1,1,1,1,1,1,"yerinde","yerinde",3588.00,"boss:Burn",3.00,1.35,0.53,0.50,1.00,0.00,0.00,"","vuruş 1: 0,80s@boss0,62m/oyuncu2,38m; kalıp sonu: merkeze 3,00 m, başlangıçtan 0,00 m, kalıp simülasyonundan 0,00 m; toparlanma 0,46 sn (tablo 0,26)"
10-2,"Emici Yansı","Tılsım","yutan_girdap",1,1,1,1,1,1,1,1,1,1,"yerinde","yerinde",16392.00,"boss:Burn",3.00,1.35,3.20,3.18,3.67,0.00,0.00,"","vuruş 4: 1,33s@boss0,62m/oyuncu2,38m 2,13s@boss0,62m/oyuncu2,38m 2,87s@boss0,62m/oyuncu2,38m 3,60s@boss0,62m/oyuncu2,38m; kalıp sonu: merkeze 3,00 m, başlangıçtan 0,00 m, kalıp simülasyonundan 0,00 m; toparlanma 0,46 sn (tablo 0,26)"
10-3,"Sıçrayan Yansı","Tılsım","seken_geri",1,1,1,1,1,1,1,1,1,1,"ön","ön",4400.00,"boss:Burn",1.90,1.35,0.40,0.36,0.87,0.00,0.00,"0/3 kare koşu","vuruş 2: 0,53s@boss0,55m/oyuncu1,53m 0,67s@boss0,00m/oyuncu1,90m; kalıp sonu: merkeze 1,90 m, başlangıçtan 1,10 m, kalıp simülasyonundan 0,00 m; toparlanma 0,46 sn (tablo 0,26)"
10-10,"Aynalı Yansı","Tılsım","iki_kapi",1,1,1,1,1,1,1,1,1,1,"ön","ön",5600.00,"boss:Burn",1.50,1.35,0.60,0.54,1.07,0.00,0.00,"0/4 kare koşu","vuruş 2: 0,47s@boss3,00m/oyuncu0,00m 0,87s@boss1,50m/oyuncu0,00m; kalıp sonu: merkeze 1,50 m, başlangıçtan 1,50 m, kalıp simülasyonundan 0,00 m; toparlanma 0,46 sn (tablo 0,26)"
10-11,"Kopya Yansı","Tılsım","yem_kopya",1,1,1,1,1,1,1,1,1,1,"yerinde","yerinde",3596.00,"boss:Burn",3.00,1.35,0.27,0.24,0.73,0.00,0.00,"","vuruş 1: 0,53s@boss2,98m/oyuncu1,29m; kalıp sonu: merkeze 3,00 m, başlangıçtan 0,00 m, kalıp simülasyonundan 0,00 m; toparlanma 0,46 sn (tablo 0,26)"
10-12,"Akan Yansı","Tılsım","basili_siper",1,1,1,1,1,1,1,1,1,1,"ön","ön",16004.00,"boss:Burn",2.20,1.35,3.07,3.00,3.53,0.00,0.00,"","vuruş 3: 1,20s@boss0,41m/oyuncu2,38m 2,20s@boss0,14m/oyuncu2,38m 3,20s@boss0,13m/oyuncu2,38m; kalıp sonu: merkeze 2,20 m, başlangıçtan 0,80 m, kalıp simülasyonundan 0,00 m; toparlanma 0,46 sn (tablo 0,26)"
11-1,"Yoğun Çağrı","Tılsım","sirt_saplama",1,1,1,1,1,1,1,1,1,1,"yerinde","yerinde",36584.00,"boss:Burn",2.89,1.35,0.47,0.44,0.93,0.00,0.00,"","vuruş 1: 0,80s@boss0,00m/oyuncu2,95m; kalıp sonu: merkeze 2,97 m, başlangıçtan 0,11 m, kalıp simülasyonundan 0,00 m"
11-2,"Emici Çağrı","Tılsım","yapisan",1,1,1,1,1,1,1,1,1,1,"yerinde","yerinde",239960.00,"boss:Burn, oyuncu +145651 can",3.00,1.35,5.20,5.18,5.67,0.00,0.00,"","vuruş 6: 0,60s@boss0,20m/oyuncu3,22m 1,60s@boss0,00m/oyuncu3,11m 2,60s@boss0,00m/oyuncu3,11m 3,60s@boss0,00m/oyuncu3,11m 4,60s@boss0,00m/oyuncu3,11m 5,60s@boss0,00m/oyuncu3,11m; kalıp sonu: merkeze 3,11 m, başlangıçtan 0,00 m, kalıp simülasyonundan 0,00 m, boss 0,11 m kaydı"
11-3,"Sıçrayan Çağrı","Tılsım","seken_yaratik",1,1,1,1,1,1,1,1,1,1,"yerinde","yerinde",54220.00,"boss:Burn",3.00,1.35,0.82,0.64,1.28,0.00,0.00,"","vuruş 3: 0,67s@boss0,00m/oyuncu3,04m 0,82s@boss0,35m/oyuncu3,08m 1,00s@boss0,35m/oyuncu3,10m; kalıp sonu: merkeze 3,10 m, başlangıçtan 0,00 m, kalıp simülasyonundan 0,00 m"
11-10,"Aynalı Çağrı","Tılsım","takim_kapisi",1,1,1,1,1,1,1,1,1,1,"yerinde","yerinde",58244.00,"boss:Burn, oyuncu:Stasis",3.00,1.35,1.27,1.24,1.73,0.00,0.00,"","vuruş 1: 0,53s@boss3,00m/oyuncu0,00m; kalıp sonu: merkeze 3,00 m, başlangıçtan 0,00 m, kalıp simülasyonundan 0,00 m"
11-11,"Kopya Çağrı","Tılsım","ayna_klonlar",1,1,1,1,1,1,1,1,1,1,"yerinde","yerinde",52980.00,"boss:Burn",3.00,1.35,0.55,0.50,1.01,0.00,0.00,"","vuruş 2: 0,68s@boss2,97m/oyuncu1,41m 0,81s@boss2,99m/oyuncu1,41m; kalıp sonu: merkeze 3,08 m, başlangıçtan 0,00 m, kalıp simülasyonundan 0,00 m"
11-12,"Akan Çağrı","Tılsım","kapidan_akin",1,1,1,1,1,1,1,1,1,1,"yerinde","yerinde",301480.00,"boss:Burn",3.00,1.35,4.26,4.20,4.72,0.00,0.00,"","vuruş 6: 0,67s@boss0,85m/oyuncu2,19m 1,40s@boss0,00m/oyuncu3,10m 2,20s@boss0,00m/oyuncu3,11m 3,07s@boss0,00m/oyuncu3,11m 3,86s@boss0,00m/oyuncu3,11m 4,67s@boss0,00m/oyuncu3,11m; kalıp sonu: merkeze 3,11 m, başlangıçtan 0,00 m, kalıp simülasyonundan 0,00 m, boss 0,11 m kaydı"
12-1,"Yoğun Zaman","Tılsım","zamanli_donma",1,1,1,1,1,1,1,1,1,1,"ön","ön",3204.00,"boss:Burn+Slow, boss hız x0,70",1.67,1.35,0.53,0.50,1.00,0.00,0.00,"0/3 kare koşu","vuruş 1: 0,87s@boss0,52m/oyuncu1,28m; kalıp sonu: merkeze 1,87 m, başlangıçtan 1,60 m, kalıp simülasyonundan 0,10 m, boss 0,47 m kaydı; toparlanma 0,46 sn (tablo 0,26)"
12-2,"Emici Zaman","Tılsım","ceken_girdap",1,1,1,1,1,1,1,1,1,1,"yerinde","yerinde",6404.00,"boss:Burn+Slow, oyuncu:Haste, boss hız x0,70, oyuncu hız x1,56",3.02,1.35,1.33,1.32,1.81,0.00,0.00,"","vuruş 3: 1,14s@boss0,00m/oyuncu3,13m 1,61s@boss0,00m/oyuncu4,18m 1,68s@boss0,00m/oyuncu4,23m; kalıp sonu: merkeze 4,32 m, başlangıçtan 0,00 m, kalıp simülasyonundan 0,00 m, boss 1,32 m kaydı; toparlanma 0,46 sn (tablo 0,26)"
12-3,"Sıçrayan Zaman","Tılsım","geri_donen_kure",1,1,1,1,1,1,1,1,1,1,"yerinde","yerinde",4384.00,"boss:Burn+Slow, boss hız x0,70",3.00,1.35,0.53,0.50,1.06,0.00,0.00,"","vuruş 2: 0,66s@boss0,30m/oyuncu3,32m 0,93s@boss1,76m/oyuncu2,04m; kalıp sonu: merkeze 4,00 m, başlangıçtan 0,00 m, kalıp simülasyonundan 0,00 m, boss 1,00 m kaydı; toparlanma 0,46 sn (tablo 0,26)"
12-10,"Aynalı Zaman","Tılsım","boss_geri",1,1,1,1,1,1,1,1,1,1,"yerinde","yerinde",4404.00,"boss:Burn+Slow, boss hız x0,70",3.01,1.35,0.47,0.46,0.93,0.00,0.00,"","vuruş 1: 0,60s@boss0,29m/oyuncu3,33m; kalıp sonu: merkeze 3,04 m, başlangıçtan 0,00 m, kalıp simülasyonundan 0,00 m; toparlanma 0,46 sn (tablo 0,26)"
12-11,"Kopya Zaman","Tılsım","geri_sarma",1,1,1,1,1,1,1,1,1,1,"başlangıç","başlangıç",18400.00,"boss:Burn+Slow, boss hız x0,70",1.50,1.35,2.67,2.66,3.13,0.00,0.00,"2/9 kare koşu, ayak/gövde hız oranı 1,00","kalıp sonu: merkeze 3,18 m, başlangıçtan 0,00 m, kalıp simülasyonundan 0,00 m, boss 0,18 m kaydı; toparlanma 0,46 sn (tablo 0,26)"
12-12,"Akan Zaman","Tılsım","yuruyen_balon",1,1,1,1,1,1,1,1,1,1,"ön","ön",24008.00,"boss:Burn+Slow, boss hız x0,70",3.00,1.35,4.27,4.20,4.74,0.00,0.00,"","vuruş 5: 0,53s@boss3,00m/oyuncu0,00m 1,67s@boss3,99m/oyuncu0,00m 2,60s@boss3,75m/oyuncu0,00m 3,67s@boss3,43m/oyuncu0,00m 4,67s@boss3,15m/oyuncu0,00m; kalıp sonu: merkeze 3,15 m, başlangıçtan 1,20 m, kalıp simülasyonundan 0,00 m, boss 1,35 m kaydı; toparlanma 0,46 sn (tablo 0,26)"
4-4,"Sabit Kalkan","Tılsım","duvar_dikme",1,1,1,1,1,1,1,1,1,1,"yerinde","yerinde",0.00,"",3.00,1.35,0.33,0.32,0.81,0.00,0.00,"","hasarsız skill (base_damage 0): etki hareketin kendisi; vuruş 1: 0,68s@boss0,62m/oyuncu2,38m; kalıp sonu: merkeze 3,00 m, başlangıçtan 0,00 m, kalıp simülasyonundan 0,00 m; toparlanma 0,46 sn (tablo 0,26)"
4-5,"Yayılan Kalkan","Tılsım","onde_yelpaze",1,1,1,1,1,1,1,1,1,1,"yerinde","yerinde",0.00,"",3.00,1.35,0.66,0.63,1.13,0.00,0.00,"","hasarsız skill (base_damage 0): etki hareketin kendisi; vuruş 1: 0,87s@boss1,88m/oyuncu1,12m; kalıp sonu: merkeze 3,00 m, başlangıçtan 0,00 m, kalıp simülasyonundan 0,00 m; toparlanma 0,46 sn (tablo 0,26)"
4-6,"Bağlayıcı Kalkan","Tılsım","zincirli_firlatma",1,1,1,1,1,1,1,1,1,1,"ön","ön",0.00,"",1.50,1.35,0.73,0.70,1.20,0.00,0.00,"2/4 kare koşu, ayak/gövde hız oranı 0,98","hasarsız skill (base_damage 0): etki hareketin kendisi; vuruş 2: 0,60s@boss0,45m/oyuncu3,45m 1,07s@boss0,48m/oyuncu1,28m; kalıp sonu: merkeze 1,50 m, başlangıçtan 1,50 m, kalıp simülasyonundan 0,00 m; toparlanma 0,46 sn (tablo 0,26)"
4-7,"Bulandırıcı Kalkan","Tılsım","duman_duvari",1,1,1,1,1,1,1,1,1,1,"yerinde","yerinde",0.00,"",2.80,1.35,0.53,0.52,1.00,0.00,0.00,"","hasarsız skill (base_damage 0): etki hareketin kendisi; vuruş 1: 0,67s@boss0,42m/oyuncu2,38m; kalıp sonu: merkeze 2,80 m, başlangıçtan 0,20 m, kalıp simülasyonundan 0,00 m; toparlanma 0,46 sn (tablo 0,26)"
4-8,"Yükselen Kalkan","Tılsım","yerden_buyuyen",1,1,1,1,1,1,1,1,1,1,"yerinde","yerinde",0.00,"",3.00,1.35,0.47,0.42,0.94,0.00,0.00,"","hasarsız skill (base_damage 0): etki hareketin kendisi; vuruş 1: 0,73s@boss6,98m/oyuncu4,33m; kalıp sonu: merkeze 3,18 m, başlangıçtan 0,25 m, kalıp simülasyonundan 0,00 m, kalıp hedefi AllyDummy; toparlanma 0,46 sn (tablo 0,26)"
4-9,"Odaklı Kalkan","Tılsım","koruyucu_isaret",1,1,1,1,1,1,1,1,1,1,"geri","geri",0.00,"",3.00,1.35,0.20,0.20,0.67,0.00,0.00,"0/3 kare koşu","hasarsız skill (base_damage 0): etki hareketin kendisi; vuruş 1: 0,60s@boss3,90m/oyuncu0,35m; kalıp sonu: merkeze 3,61 m, başlangıçtan 0,80 m, kalıp simülasyonundan 0,00 m, kalıp hedefi AllyDummy; toparlanma 0,46 sn (tablo 0,26)"
5-4,"Sabit Patlama","Tılsım","mayin_cakma",1,1,1,1,1,1,1,1,1,1,"yerinde","yerinde",55800.00,"boss:Burn",3.00,1.35,0.46,0.42,0.95,0.00,0.00,"","vuruş 2: 0,69s@boss0,85m/oyuncu2,15m 0,75s@boss0,85m/oyuncu2,15m; kalıp sonu: merkeze 3,64 m, başlangıçtan 0,00 m, kalıp simülasyonundan 0,00 m, boss 0,64 m kaydı; toparlanma 0,46 sn (tablo 0,26)"
5-5,"Yayılan Patlama","Tılsım","yer_yarigi",1,1,1,1,1,1,1,1,1,1,"ön","ön",50276.00,"boss:Burn",1.50,1.35,0.60,0.56,1.07,0.00,0.00,"0/9 kare koşu","vuruş 3: 0,73s@boss0,34m/oyuncu1,24m 0,80s@boss0,20m/oyuncu1,36m 0,94s@boss0,22m/oyuncu1,28m; kalıp sonu: merkeze 1,58 m, başlangıçtan 2,62 m, kalıp simülasyonundan 0,61 m, boss 1,00 m kaydı; toparlanma 0,46 sn (tablo 0,26)"
5-6,"Bağlayıcı Patlama","Tılsım","gerilip_kopan",1,1,1,1,1,1,1,1,1,1,"geri","geri",56732.00,"boss:Root+Slow+Burn, boss hız x0,00",1.35,1.35,0.60,0.58,1.06,0.00,0.00,"0/6 kare koşu","vuruş 2: 0,60s@boss0,85m/oyuncu1,14m 0,93s@boss0,85m/oyuncu2,68m; kalıp sonu: merkeze 2,81 m, başlangıçtan 0,50 m, kalıp simülasyonundan 0,00 m, boss 0,69 m kaydı; toparlanma 0,46 sn (tablo 0,26)"
5-7,"Bulandırıcı Patlama","Tılsım","sis_bombasi",1,1,1,1,1,1,1,1,1,1,"yerinde","yerinde",85872.00,"boss:Blind+Burn, oyuncu:Stealth",2.98,1.35,0.27,0.22,0.74,0.00,0.00,"","vuruş 1: 0,60s@boss0,37m/oyuncu3,35m; kalıp sonu: merkeze 3,47 m, başlangıçtan 0,00 m, kalıp simülasyonundan 0,00 m, boss 0,47 m kaydı; toparlanma 0,46 sn (tablo 0,26)"
5-8,"Yükselen Patlama","Tılsım","yerden_fiskirma",1,1,1,1,1,1,1,1,1,1,"ön","ön",59876.00,"boss:Burn+Stun, boss hız x0,00",2.59,1.35,0.47,0.44,0.94,0.00,0.00,"","vuruş 1: 0,73s@boss0,00m/oyuncu2,75m; kalıp sonu: merkeze 2,60 m, başlangıçtan 0,40 m, kalıp simülasyonundan 0,00 m; toparlanma 0,46 sn (tablo 0,26)"
5-9,"Odaklı Patlama","Tılsım","gudumlu_top",1,1,1,1,1,1,1,1,1,1,"yerinde","yerinde",139444.00,"boss:Burn",3.04,1.35,0.60,0.56,1.07,0.00,0.00,"","vuruş 1: 0,93s@boss0,01m/oyuncu3,19m; kalıp sonu: merkeze 3,65 m, başlangıçtan 0,00 m, kalıp simülasyonundan 0,00 m, boss 0,65 m kaydı; toparlanma 0,46 sn (tablo 0,26)"
6-4,"Sabit Bağ","Tılsım","karsilikli_kilit",1,1,1,1,1,1,1,1,1,1,"ön","ön",34876.00,"boss:Burn+Root, boss hız x0,00",1.50,1.35,3.29,3.24,3.75,0.00,0.00,"1/4 kare koşu, ayak/gövde hız oranı 0,95","vuruş 1: 0,93s@boss0,39m/oyuncu1,11m; kalıp sonu: merkeze 2,86 m, başlangıçtan 1,59 m, kalıp simülasyonundan 0,09 m, boss 1,46 m kaydı; toparlanma 0,46 sn (tablo 0,26)"
6-5,"Yayılan Bağ","Tılsım","yer_tuzagi",1,1,1,1,1,1,1,1,1,1,"yerinde","yerinde",17208.00,"boss:Burn+Root, boss hız x0,00",3.00,1.35,0.34,0.28,0.80,0.00,0.00,"","vuruş 1: 0,60s@boss0,62m/oyuncu2,38m; kalıp sonu: merkeze 3,64 m, başlangıçtan 0,00 m, kalıp simülasyonundan 0,00 m, boss 0,64 m kaydı; toparlanma 0,46 sn (tablo 0,26)"
6-6,"Bağlayıcı Bağ","Tılsım","iki_uclu",1,1,1,1,1,1,1,1,1,1,"yerinde","yerinde",20524.00,"boss:Root+Slow+Burn, boss hız x0,00",3.02,1.35,0.66,0.65,1.13,0.00,0.00,"","vuruş 1: 0,60s@boss0,26m/oyuncu3,36m; kalıp sonu: merkeze 4,21 m, başlangıçtan 0,00 m, kalıp simülasyonundan 0,00 m, boss 1,21 m kaydı; toparlanma 0,46 sn (tablo 0,26)"
6-7,"Bulandırıcı Bağ","Tılsım","goz_bagi",1,1,1,1,1,1,1,1,1,1,"yerinde","yerinde",18172.00,"boss:Blind+Burn+Root, boss hız x0,00",3.00,1.35,0.13,0.20,0.60,0.00,0.00,"","vuruş 1: 0,60s@boss0,27m/oyuncu3,28m; kalıp sonu: merkeze 3,01 m, başlangıçtan 0,00 m, kalıp simülasyonundan 0,00 m; toparlanma 0,46 sn (tablo 0,26)"
6-8,"Yükselen Bağ","Tılsım","havada_asma",1,1,1,1,1,1,1,1,1,1,"ön","ön",23348.00,"boss:Stun+Burn+Root, boss hız x0,00",1.50,1.35,1.20,1.14,1.67,0.00,0.00,"0/5 kare koşu","vuruş 1: 0,93s@boss1,50m/oyuncu0,00m; kalıp sonu: merkeze 2,65 m, başlangıçtan 1,50 m, kalıp simülasyonundan 0,00 m, boss 1,15 m kaydı; toparlanma 0,46 sn (tablo 0,26)"
6-9,"Odaklı Bağ","Tılsım","zamanli_donma",1,1,1,1,1,1,1,1,1,1,"ön","ön",24604.00,"boss:Burn+Root, boss hız x0,00",1.50,1.35,0.53,0.50,1.00,0.00,0.00,"0/3 kare koşu","vuruş 1: 0,87s@boss0,53m/oyuncu1,28m; kalıp sonu: merkeze 1,50 m, başlangıçtan 1,53 m, kalıp simülasyonundan 0,03 m; toparlanma 0,46 sn (tablo 0,26)"
7-4,"Sabit Zafiyet","Tılsım","mayin_cakma",1,1,1,1,1,1,1,1,1,1,"yerinde","yerinde",13500.00,"boss:Burn",3.05,1.35,0.47,0.42,0.94,0.00,0.00,"","vuruş 2: 0,66s@boss0,85m/oyuncu2,37m 0,73s@boss0,85m/oyuncu2,37m; kalıp sonu: merkeze 3,88 m, başlangıçtan 0,00 m, kalıp simülasyonundan 0,00 m, boss 0,88 m kaydı; toparlanma 0,46 sn (tablo 0,26)"
7-5,"Yayılan Zafiyet","Tılsım","onde_yelpaze",1,1,1,1,1,1,1,1,1,1,"yerinde","yerinde",13404.00,"boss:Burn",3.02,1.35,0.69,0.63,1.22,0.00,0.00,"","vuruş 1: 0,93s@boss1,98m/oyuncu1,12m; kalıp sonu: merkeze 3,91 m, başlangıçtan 0,00 m, kalıp simülasyonundan 0,00 m, boss 0,91 m kaydı; toparlanma 0,46 sn (tablo 0,26)"
7-6,"Bağlayıcı Zafiyet","Tılsım","dost_ip",1,1,1,1,1,1,1,1,1,1,"yerinde","yerinde",17764.00,"boss:Root+Slow+Burn, boss hız x0,00",3.02,1.35,0.67,0.62,1.14,0.00,0.00,"","vuruş 1: 0,60s@boss0,26m/oyuncu3,36m; kalıp sonu: merkeze 4,20 m, başlangıçtan 0,00 m, kalıp simülasyonundan 0,00 m, boss 1,20 m kaydı; toparlanma 0,46 sn (tablo 0,26)"
8-4,"Sabit Yükseliş","Tılsım","totem_dikme",1,1,1,1,1,1,1,1,1,1,"yerinde","yerinde",0.00,"",3.00,1.35,0.33,0.30,0.80,0.00,0.00,"","hasarsız skill (base_damage 0): etki hareketin kendisi; vuruş 1: 0,67s@boss3,10m/oyuncu0,00m; kalıp sonu: merkeze 3,12 m, başlangıçtan 0,15 m, kalıp simülasyonundan 0,00 m, kalıp hedefi AllyDummy"
8-5,"Yayılan Yükseliş","Tılsım","savas_narasi",1,1,1,1,1,1,1,1,1,1,"yerinde","yerinde",0.00,"",3.00,1.35,0.40,0.36,0.87,0.00,0.00,"","hasarsız skill (base_damage 0): etki hareketin kendisi; vuruş 1: 0,60s@boss3,00m/oyuncu0,00m; kalıp sonu: merkeze 3,00 m, başlangıçtan 0,00 m, kalıp simülasyonundan 0,00 m"
8-6,"Bağlayıcı Yükseliş","Tılsım","dost_dosta",1,1,1,1,1,1,1,1,1,1,"yan","yan",0.00,"",2.38,1.35,0.53,0.52,1.00,0.00,0.00,"1/4 kare koşu, ayak/gövde hız oranı 0,92","hasarsız skill (base_damage 0): etki hareketin kendisi; vuruş 3: 0,53s@boss4,05m/oyuncu1,22m 0,73s@boss2,84m/oyuncu1,41m 0,87s@boss4,76m/oyuncu2,38m; kalıp sonu: merkeze 2,38 m, başlangıçtan 1,41 m, kalıp simülasyonundan 0,00 m, kalıp hedefi AllyDummy"
9-4,"Sabit Arınma","Tılsım","yer_tuzagi",1,1,1,1,1,1,1,1,1,1,"yerinde","yerinde",0.00,"oyuncu +40000 can",3.00,1.35,0.34,0.28,0.80,0.00,0.00,"","vuruş 1: 0,60s@boss0,62m/oyuncu2,38m; kalıp sonu: merkeze 3,00 m, başlangıçtan 0,00 m, kalıp simülasyonundan 0,00 m"
9-5,"Yayılan Arınma","Tılsım","dagilan_yagmur",1,1,1,1,1,1,1,1,1,1,"yerinde","yerinde",0.00,"oyuncu +40000 can",3.00,1.35,0.60,0.58,1.07,0.00,0.00,"","vuruş 1: 0,80s@boss3,00m/oyuncu0,00m; kalıp sonu: merkeze 3,00 m, başlangıçtan 0,00 m, kalıp simülasyonundan 0,00 m, kalıp hedefi AllyDummy"
9-6,"Bağlayıcı Arınma","Tılsım","iki_uclu",1,1,1,1,1,1,1,1,1,1,"yerinde","yerinde",0.00,"oyuncu +40000 can",3.00,1.35,0.67,0.65,1.14,0.00,0.00,"","vuruş 1: 0,60s@boss6,35m/oyuncu3,87m; kalıp sonu: merkeze 3,00 m, başlangıçtan 0,00 m, kalıp simülasyonundan 0,00 m, kalıp hedefi AllyDummy"
4-10,"Aynalı Kalkan","Tılsım","sirtta_kapi",1,1,1,1,1,1,1,1,1,1,"ön","ön",24000.00,"",1.80,1.35,0.33,0.32,0.80,0.00,0.00,"0/3 kare koşu","vuruş 2: 0,53s@boss0,91m/oyuncu1,19m 0,67s@boss0,55m/oyuncu2,35m; kalıp sonu: merkeze 1,80 m, başlangıçtan 1,20 m, kalıp simülasyonundan 0,00 m; toparlanma 0,46 sn (tablo 0,26)"
4-11,"Kopya Kalkan","Tılsım","yem_kopya",1,1,1,1,1,1,1,1,1,1,"yerinde","yerinde",0.00,"",3.00,1.35,0.27,0.24,0.74,0.00,0.00,"","hasarsız skill (base_damage 0): etki hareketin kendisi; vuruş 1: 0,53s@boss2,98m/oyuncu1,29m; kalıp sonu: merkeze 3,00 m, başlangıçtan 0,00 m, kalıp simülasyonundan 0,00 m; toparlanma 0,46 sn (tablo 0,26)"
4-12,"Akan Kalkan","Tılsım","basili_siper",1,1,1,1,1,1,1,1,1,1,"geri","geri",0.00,"",3.00,1.35,3.03,3.00,3.49,0.00,0.00,"","hasarsız skill (base_damage 0): etki hareketin kendisi; vuruş 3: 1,16s@boss5,16m/oyuncu2,38m 2,16s@boss5,40m/oyuncu2,38m 3,16s@boss5,65m/oyuncu2,38m; kalıp sonu: merkeze 3,61 m, başlangıçtan 0,80 m, kalıp simülasyonundan 0,00 m, kalıp hedefi AllyDummy; toparlanma 0,46 sn (tablo 0,26)"
5-10,"Aynalı Patlama","Tılsım","karsi_darbe",1,1,1,1,1,1,1,1,1,1,"ön","ön",55732.00,"boss:Burn",1.91,1.35,0.40,0.36,0.87,0.00,0.00,"0/3 kare koşu","vuruş 1: 0,73s@boss0,55m/oyuncu1,36m; kalıp sonu: merkeze 2,17 m, başlangıçtan 1,30 m, kalıp simülasyonundan 0,00 m, boss 0,47 m kaydı; toparlanma 0,46 sn (tablo 0,26)"
5-11,"Kopya Patlama","Tılsım","golge_yankisi",1,1,1,1,1,1,1,1,1,1,"ön","ön",60012.00,"boss:Burn",2.37,1.35,0.53,0.50,1.00,0.00,0.00,"1/3 kare koşu, ayak/gövde hız oranı 1,01","vuruş 2: 0,53s@boss1,23m/oyuncu1,15m 0,86s@boss2,80m/oyuncu1,39m; kalıp sonu: merkeze 3,27 m, başlangıçtan 0,90 m, kalıp simülasyonundan 0,00 m, boss 1,17 m kaydı; toparlanma 0,46 sn (tablo 0,26)"
5-12,"Akan Patlama","Tılsım","patlayan_iz",1,1,1,1,1,1,1,1,1,1,"ön","ön",55216.00,"boss:Burn",2.96,1.35,2.93,3.00,3.40,0.00,0.00,"","vuruş 6: 0,87s@boss2,16m/oyuncu1,53m 1,40s@boss3,19m/oyuncu1,53m 1,87s@boss3,09m/oyuncu1,53m 2,40s@boss2,76m/oyuncu1,53m 2,87s@boss2,42m/oyuncu1,53m 3,40s@boss2,04m/oyuncu1,53m; kalıp sonu: merkeze 3,57 m, başlangıçtan 2,20 m, kalıp simülasyonundan 0,70 m, boss 2,77 m kaydı; toparlanma 0,46 sn (tablo 0,26)"
6-10,"Aynalı Bağ","Tılsım","karsi_darbe",1,1,1,1,1,1,1,1,1,1,"ön","ön",19200.00,"boss:Burn+Root, boss hız x0,00",1.88,1.35,0.40,0.36,0.87,0.00,0.00,"0/3 kare koşu","vuruş 1: 0,74s@boss0,53m/oyuncu1,36m; kalıp sonu: merkeze 2,17 m, başlangıçtan 1,30 m, kalıp simülasyonundan 0,00 m, boss 0,47 m kaydı; toparlanma 0,46 sn (tablo 0,26)"
6-11,"Kopya Bağ","Tılsım","onden_arkadan",1,1,1,1,1,1,1,1,1,1,"ön","ön",39172.00,"boss:Burn+Root, boss hız x0,00",2.36,1.35,0.40,0.34,0.87,0.00,0.00,"0/3 kare koşu","vuruş 2: 0,53s@boss1,25m/oyuncu1,11m 0,67s@boss0,60m/oyuncu3,28m; kalıp sonu: merkeze 3,10 m, başlangıçtan 0,90 m, kalıp simülasyonundan 0,00 m, boss 1,00 m kaydı; toparlanma 0,46 sn (tablo 0,26)"
6-12,"Akan Bağ","Tılsım","cember_sarma",1,1,1,1,1,1,1,1,1,1,"arka","arka",22556.00,"boss:Root+Burn, boss hız x0,00",1.50,1.35,0.95,0.90,1.41,0.00,0.00,"0/11 kare koşu","vuruş 1: 1,21s@boss0,02m/oyuncu2,06m; kalıp sonu: merkeze 2,70 m, başlangıçtan 4,61 m, kalıp simülasyonundan 0,03 m, boss 0,62 m kaydı; toparlanma 0,46 sn (tablo 0,26)"
10-4,"Sabit Yansı","Tılsım","duvar_dikme",1,1,1,1,1,1,1,1,1,1,"yerinde","yerinde",3196.00,"boss:Burn",3.00,1.35,0.33,0.32,0.80,0.00,0.00,"","vuruş 1: 0,67s@boss0,62m/oyuncu2,38m; kalıp sonu: merkeze 3,00 m, başlangıçtan 0,00 m, kalıp simülasyonundan 0,00 m; toparlanma 0,46 sn (tablo 0,26)"
10-5,"Yayılan Yansı","Tılsım","yuruyen_balon",1,1,1,1,1,1,1,1,1,1,"ön","ön",24420.00,"boss:Burn",1.80,1.35,4.20,4.20,4.67,0.00,0.00,"","vuruş 5: 0,53s@boss3,00m/oyuncu0,00m 1,67s@boss2,68m/oyuncu0,00m 2,67s@boss2,38m/oyuncu0,00m 3,67s@boss2,08m/oyuncu0,00m 4,60s@boss1,80m/oyuncu0,00m; kalıp sonu: merkeze 1,80 m, başlangıçtan 1,20 m, kalıp simülasyonundan 0,00 m; toparlanma 0,46 sn (tablo 0,26)"
10-6,"Bağlayıcı Yansı","Tılsım","silaha_kement",1,1,1,1,1,1,1,1,1,1,"yerinde","yerinde",7604.00,"boss:Root+Slow+Burn, boss hız x0,00",3.00,1.35,1.00,0.94,1.47,0.00,0.00,"","vuruş 1: 0,60s@boss0,40m/oyuncu3,40m; kalıp sonu: merkeze 3,00 m, başlangıçtan 0,00 m, kalıp simülasyonundan 0,00 m; toparlanma 0,46 sn (tablo 0,26)"
11-4,"Sabit Çağrı","Tılsım","taret_dikme",1,1,1,1,1,1,1,1,1,1,"yerinde","yerinde",28448.00,"boss:Burn",3.00,1.35,0.48,0.42,0.89,0.00,0.00,"","vuruş 2: 0,55s@boss3,02m/oyuncu0,00m 0,82s@boss0,28m/oyuncu3,35m; kalıp sonu: merkeze 3,08 m, başlangıçtan 0,00 m, kalıp simülasyonundan 0,00 m"
11-5,"Yayılan Çağrı","Tılsım","dagilan_suru",1,1,1,1,1,1,1,1,1,1,"yerinde","yerinde",48892.00,"boss:Burn",3.00,1.35,0.47,0.42,0.93,0.00,0.00,"","vuruş 3: 0,53s@boss0,35m/oyuncu3,02m 0,67s@boss0,00m/oyuncu3,00m 0,80s@boss0,35m/oyuncu3,02m; kalıp sonu: merkeze 3,00 m, başlangıçtan 0,00 m, kalıp simülasyonundan 0,00 m"
11-6,"Bağlayıcı Çağrı","Tılsım","muhafiz",1,1,1,1,1,1,1,1,1,1,"yerinde","yerinde",113628.00,"boss:Burn+Root+Slow, boss hız x0,00",3.00,1.35,0.57,0.52,1.03,0.00,0.00,"","vuruş 1: 0,64s@boss2,93m/oyuncu1,20m; kalıp sonu: merkeze 3,11 m, başlangıçtan 0,00 m, kalıp simülasyonundan 0,00 m, boss 0,11 m kaydı"
12-4,"Sabit Zaman","Tılsım","totem_dikme",1,1,1,1,1,1,1,1,1,1,"yerinde","yerinde",112600.00,"boss:Burn+Slow+Stun, boss hız x0,00",2.86,1.35,0.33,0.30,0.87,0.00,0.00,"","vuruş 1: 0,74s@boss2,86m/oyuncu0,00m; kalıp sonu: merkeze 3,31 m, başlangıçtan 0,15 m, kalıp simülasyonundan 0,00 m, boss 0,46 m kaydı; toparlanma 0,46 sn (tablo 0,26)"
12-5,"Yayılan Zaman","Tılsım","genisleyen_halka",1,1,1,1,1,1,1,1,1,1,"yerinde","yerinde",66448.00,"boss:Burn+Slow, boss hız x0,70",3.02,1.35,0.60,0.58,1.06,0.00,0.00,"","vuruş 1: 0,87s@boss3,08m/oyuncu0,00m; kalıp sonu: merkeze 3,71 m, başlangıçtan 0,00 m, kalıp simülasyonundan 0,00 m, boss 0,71 m kaydı; toparlanma 0,46 sn (tablo 0,26)"
12-6,"Bağlayıcı Zaman","Tılsım","iki_uclu",1,1,1,1,1,1,1,1,1,1,"yerinde","yerinde",5600.00,"boss:Burn, oyuncu:Haste, oyuncu hız x1,56",3.02,1.35,0.67,0.65,1.13,0.00,0.00,"","vuruş 1: 0,60s@boss0,28m/oyuncu3,36m; kalıp sonu: merkeze 4,21 m, başlangıçtan 0,00 m, kalıp simülasyonundan 0,00 m, boss 1,21 m kaydı; toparlanma 0,46 sn (tablo 0,26)"
7-7,"Bulandırıcı Zafiyet","Tılsım","sis_bombasi",1,1,1,1,1,1,1,1,1,1,"yerinde","yerinde",13480.00,"boss:Blind+Burn",3.00,1.35,0.25,0.22,0.72,0.00,0.00,"","vuruş 1: 0,60s@boss0,36m/oyuncu3,36m; kalıp sonu: merkeze 3,46 m, başlangıçtan 0,00 m, kalıp simülasyonundan 0,00 m, boss 0,46 m kaydı; toparlanma 0,46 sn (tablo 0,26)"
7-8,"Yükselen Zafiyet","Tılsım","yerden_fiskirma",1,1,1,1,1,1,1,1,1,1,"ön","ön",13056.00,"boss:Burn+Stun, boss hız x0,00",2.60,1.35,0.47,0.44,0.93,0.00,0.00,"","vuruş 1: 0,73s@boss0,00m/oyuncu2,76m; kalıp sonu: merkeze 2,60 m, başlangıçtan 0,40 m, kalıp simülasyonundan 0,00 m; toparlanma 0,46 sn (tablo 0,26)"
7-9,"Odaklı Zafiyet","Tılsım","isaret_patlamasi",1,1,1,1,1,1,1,1,1,1,"yerinde","yerinde",18896.00,"boss:Burn",3.04,1.35,1.93,1.92,2.40,0.00,0.00,"","vuruş 1: 2,27s@boss0,00m/oyuncu3,20m; kalıp sonu: merkeze 3,20 m, başlangıçtan 0,00 m, kalıp simülasyonundan 0,00 m, boss 0,20 m kaydı; toparlanma 0,46 sn (tablo 0,26)"
7-10,"Aynalı Zafiyet","Tılsım","onden_arkadan",1,1,1,1,1,1,1,1,1,1,"ön","ön",18528.00,"boss:Burn",2.37,1.35,0.40,0.34,0.87,0.00,0.00,"0/3 kare koşu","vuruş 2: 0,53s@boss1,27m/oyuncu1,11m 0,67s@boss0,60m/oyuncu3,31m; kalıp sonu: merkeze 3,14 m, başlangıçtan 0,90 m, kalıp simülasyonundan 0,00 m, boss 1,04 m kaydı; toparlanma 0,46 sn (tablo 0,26)"
7-11,"Kopya Zafiyet","Tılsım","golge_yankisi",1,1,1,1,1,1,1,1,1,1,"ön","ön",19752.00,"boss:Burn",2.26,1.35,0.53,0.50,1.00,0.00,0.00,"1/3 kare koşu, ayak/gövde hız oranı 1,02","vuruş 2: 0,53s@boss1,12m/oyuncu1,15m 0,87s@boss2,72m/oyuncu1,39m; kalıp sonu: merkeze 3,18 m, başlangıçtan 0,90 m, kalıp simülasyonundan 0,00 m, boss 1,08 m kaydı; toparlanma 0,46 sn (tablo 0,26)"
7-12,"Akan Zafiyet","Tılsım","basili_isik",1,1,1,1,1,1,1,1,1,1,"ön","ön",34568.00,"boss:Burn",2.91,1.35,3.00,3.00,3.47,0.00,0.00,"","vuruş 6: 0,67s@boss0,19m/oyuncu2,72m 1,20s@boss1,08m/oyuncu2,72m 1,67s@boss1,09m/oyuncu2,72m 2,21s@boss0,92m/oyuncu2,72m 2,67s@boss0,74m/oyuncu2,72m 3,20s@boss0,53m/oyuncu2,72m; kalıp sonu: merkeze 3,17 m, başlangıçtan 1,20 m, kalıp simülasyonundan 0,00 m, boss 1,37 m kaydı; toparlanma 0,46 sn (tablo 0,26)"
8-7,"Bulandırıcı Yükseliş","Tılsım","goz_bagi",1,1,1,1,1,1,1,1,1,1,"yerinde","yerinde",0.00,"",3.00,1.35,0.27,0.20,0.73,0.00,0.00,"","hasarsız skill (base_damage 0): etki hareketin kendisi; vuruş 1: 0,60s@boss0,28m/oyuncu3,28m; kalıp sonu: merkeze 3,00 m, başlangıçtan 0,00 m, kalıp simülasyonundan 0,00 m"
8-8,"Yükselen Yükseliş","Tılsım","buyuten_kemer",1,1,1,1,1,1,1,1,1,1,"yerinde","yerinde",0.00,"",3.00,1.35,0.47,0.42,0.93,0.00,0.00,"","hasarsız skill (base_damage 0): etki hareketin kendisi; vuruş 1: 0,74s@boss5,04m/oyuncu2,21m; kalıp sonu: merkeze 3,22 m, başlangıçtan 0,30 m, kalıp simülasyonundan 0,00 m, kalıp hedefi AllyDummy"
8-9,"Odaklı Yükseliş","Tılsım","gudumlu_top",1,1,1,1,1,1,1,1,1,1,"yerinde","yerinde",0.00,"",3.00,1.35,0.60,0.56,1.07,0.00,0.00,"","hasarsız skill (base_damage 0): etki hareketin kendisi; vuruş 1: 0,93s@boss6,98m/oyuncu4,53m; kalıp sonu: merkeze 3,00 m, başlangıçtan 0,00 m, kalıp simülasyonundan 0,00 m, kalıp hedefi AllyDummy"
8-10,"Aynalı Yükseliş","Tılsım","ters_es",1,1,1,1,1,1,1,1,1,1,"yerinde","yerinde",0.00,"",3.00,1.35,0.46,0.44,0.93,0.00,0.00,"","hasarsız skill (base_damage 0): etki hareketin kendisi; vuruş 2: 0,60s@boss2,60m/oyuncu0,40m 0,80s@boss0,00m/oyuncu3,00m; kalıp sonu: merkeze 3,00 m, başlangıçtan 0,00 m, kalıp simülasyonundan 0,00 m"
8-11,"Kopya Yükseliş","Tılsım","golge_ulak",1,1,1,1,1,1,1,1,1,1,"yan","yan",0.00,"",2.43,1.35,1.40,1.36,1.87,0.00,0.00,"1/3 kare koşu, ayak/gövde hız oranı 1,00","hasarsız skill (base_damage 0): etki hareketin kendisi; vuruş 2: 0,53s@boss3,26m/oyuncu0,35m 1,73s@boss3,04m/oyuncu1,46m; kalıp sonu: merkeze 2,43 m, başlangıçtan 1,41 m, kalıp simülasyonundan 0,00 m, kalıp hedefi AllyDummy"
8-12,"Akan Yükseliş","Tılsım","akinti_yolu",1,1,1,1,1,1,1,1,1,1,"geri","geri",0.00,"",3.00,1.35,1.00,0.94,1.47,0.00,0.00,"0/10 kare koşu","hasarsız skill (base_damage 0): etki hareketin kendisi; vuruş 1: 1,27s@boss6,27m/oyuncu2,38m; kalıp sonu: merkeze 4,11 m, başlangıçtan 1,40 m, kalıp simülasyonundan 0,00 m, kalıp hedefi AllyDummy"
9-7,"Bulandırıcı Arınma","Tılsım","sis_ortusu",1,1,1,1,1,1,1,1,1,1,"yerinde","yerinde",0.00,"oyuncu +40000 can",3.00,1.35,0.33,0.30,0.80,0.00,0.00,"","vuruş 1: 0,60s@boss0,00m/oyuncu3,00m; kalıp sonu: merkeze 3,00 m, başlangıçtan 0,00 m, kalıp simülasyonundan 0,00 m"
9-8,"Yükselen Arınma","Tılsım","isik_sutunu",1,1,1,1,1,1,1,1,1,1,"yerinde","yerinde",0.00,"oyuncu +40000 can",3.00,1.35,0.53,0.48,1.00,0.00,0.00,"","vuruş 1: 0,80s@boss3,06m/oyuncu0,00m; kalıp sonu: merkeze 3,07 m, başlangıçtan 0,10 m, kalıp simülasyonundan 0,00 m, kalıp hedefi AllyDummy"
9-9,"Odaklı Arınma","Tılsım","mermi_sondur",1,1,1,1,1,1,1,1,1,1,"yerinde","yerinde",0.00,"oyuncu +40000 can",3.00,1.35,0.40,0.38,0.87,0.00,0.00,"","vuruş 1: 0,74s@boss6,98m/oyuncu4,53m; kalıp sonu: merkeze 3,00 m, başlangıçtan 0,00 m, kalıp simülasyonundan 0,00 m, kalıp hedefi AllyDummy"
9-10,"Aynalı Arınma","Tılsım","yer_degistir",1,1,1,1,1,1,1,1,1,1,"arka","arka",0.00,"oyuncu +40000 can",1.50,1.35,0.40,0.34,0.87,0.00,0.00,"0/1 kare koşu","vuruş 1: 0,73s@boss0,31m/oyuncu1,19m; kalıp sonu: merkeze 1,50 m, başlangıçtan 4,50 m, kalıp simülasyonundan 0,00 m, ışın 8,34 m konumdan çıkarıldı; tek karede 8,34 m sıçrama (sınır 2,40 m @ 65 ms, t=0,87, ışın tasarım gereği)"
9-11,"Kopya Arınma","Tılsım","yem_kopya",1,1,1,1,1,1,1,1,1,1,"yerinde","yerinde",0.00,"oyuncu +40000 can, dost +40000 can",3.00,1.35,0.27,0.24,0.73,0.00,0.00,"","vuruş 1: 0,54s@boss2,98m/oyuncu1,29m; kalıp sonu: merkeze 3,00 m, başlangıçtan 0,00 m, kalıp simülasyonundan 0,00 m"
9-12,"Akan Arınma","Tılsım","nabiz",1,1,1,1,1,1,1,1,1,1,"yerinde","yerinde",0.00,"oyuncu +24000 can, dost +12000 can",3.00,1.35,3.18,3.18,3.68,0.00,0.00,"","vuruş 3: 1,62s@boss3,00m/oyuncu0,00m 2,62s@boss3,00m/oyuncu0,00m 3,62s@boss3,00m/oyuncu0,00m; kalıp sonu: merkeze 3,00 m, başlangıçtan 0,00 m, kalıp simülasyonundan 0,00 m"
10-7,"Bulandırıcı Yansı","Tılsım","sahte_goruntu",1,1,1,1,1,1,1,1,1,1,"geri","geri",4808.00,"boss:Blind+Burn",3.00,1.35,0.47,0.44,0.93,0.00,0.00,"1/3 kare koşu, ayak/gövde hız oranı 1,00","vuruş 3: 0,53s@boss3,06m/oyuncu1,37m 0,67s@boss3,06m/oyuncu1,37m 0,80s@boss3,68m/oyuncu0,00m; kalıp sonu: merkeze 3,90 m, başlangıçtan 0,90 m, kalıp simülasyonundan 0,00 m; toparlanma 0,46 sn (tablo 0,26)"
10-8,"Yükselen Yansı","Tılsım","yerden_buyuyen",1,1,1,1,1,1,1,1,1,1,"yerinde","yerinde",2392.00,"boss:Burn",2.75,1.35,0.47,0.42,0.93,0.00,0.00,"","vuruş 1: 0,73s@boss0,00m/oyuncu2,80m; kalıp sonu: merkeze 2,75 m, başlangıçtan 0,25 m, kalıp simülasyonundan 0,00 m; toparlanma 0,46 sn (tablo 0,26)"
10-9,"Odaklı Yansı","Tılsım","koruyucu_isaret",1,1,1,1,1,1,1,1,1,1,"ön","ön",2888.00,"boss:Burn",2.20,1.35,0.25,0.20,0.74,0.00,0.00,"1/4 kare koşu, ayak/gövde hız oranı 0,93","vuruş 1: 0,60s@boss2,01m/oyuncu0,35m; kalıp sonu: merkeze 2,20 m, başlangıçtan 0,80 m, kalıp simülasyonundan 0,00 m; toparlanma 0,46 sn (tablo 0,26)"
11-7,"Bulandırıcı Çağrı","Tılsım","sirt_saplama",1,1,1,1,1,1,1,1,1,1,"yerinde","yerinde",28128.00,"boss:Blind+Burn",3.00,1.35,0.40,0.32,0.86,0.00,0.00,"","vuruş 1: 0,67s@boss0,00m/oyuncu3,04m; kalıp sonu: merkeze 3,07 m, başlangıçtan 0,00 m, kalıp simülasyonundan 0,00 m"
11-8,"Yükselen Çağrı","Tılsım","dostu_yerden",1,1,1,1,1,1,1,1,1,1,"yan","yan",29192.00,"boss:Burn",2.96,1.35,0.80,0.78,1.27,0.00,0.00,"0/8 kare koşu","vuruş 1: 1,07s@boss2,82m/oyuncu0,95m; kalıp sonu: merkeze 2,99 m, başlangıçtan 0,91 m, kalıp simülasyonundan 0,00 m"
11-9,"Odaklı Çağrı","Tılsım","pesinden_av",1,1,1,1,1,1,1,1,1,1,"yerinde","yerinde",186096.00,"boss:Burn",2.75,1.35,2.46,2.44,2.93,0.00,0.00,"0/2 kare koşu","vuruş 1: 2,80s@boss0,00m/oyuncu2,86m; kalıp sonu: merkeze 2,86 m, başlangıçtan 0,25 m, kalıp simülasyonundan 0,00 m, boss 0,11 m kaydı"
12-7,"Bulandırıcı Zaman","Tılsım","kum_saati",1,1,1,1,1,1,1,1,1,1,"yerinde","yerinde",78192.00,"boss:Blind+Burn+Slow, boss hız x0,70",3.00,1.35,0.67,0.62,1.16,0.00,0.00,"","vuruş 1: 0,63s@boss0,28m/oyuncu3,28m; kalıp sonu: merkeze 4,11 m, başlangıçtan 0,00 m, kalıp simülasyonundan 0,00 m, boss 1,11 m kaydı; toparlanma 0,46 sn (tablo 0,26)"
12-8,"Yükselen Zaman","Tılsım","isik_sutunu",1,1,1,1,1,1,1,1,1,1,"yerinde","yerinde",2400.00,"boss:Burn, oyuncu:Haste, oyuncu hız x1,80",2.90,1.35,0.53,0.48,1.00,0.00,0.00,"","vuruş 1: 0,80s@boss2,92m/oyuncu0,00m; kalıp sonu: merkeze 2,90 m, başlangıçtan 0,10 m, kalıp simülasyonundan 0,00 m; toparlanma 0,46 sn (tablo 0,26)"
12-9,"Odaklı Zaman","Tılsım","isaret_patlamasi",1,1,1,1,1,1,1,1,1,1,"yerinde","yerinde",1992.00,"boss:Burn+Slow, boss hız x0,70",3.00,1.35,1.93,1.92,2.40,0.00,0.00,"","vuruş 1: 2,27s@boss0,00m/oyuncu3,00m; kalıp sonu: merkeze 3,00 m, başlangıçtan 0,00 m, kalıp simülasyonundan 0,00 m; toparlanma 0,46 sn (tablo 0,26)"
1-1,"Yoğun Vuruş","Kalkan","yukle_birak",1,1,1,1,1,1,1,1,1,1,"ön","ön",130888.00,"boss:Burn",1.69,1.35,0.54,0.52,0.93,0.00,0.00,"0/3 kare koşu","vuruş 1: 0,80s@boss0,37m/oyuncu1,53m; kalıp sonu: merkeze 1,89 m, başlangıçtan 1,70 m, kalıp simülasyonundan 0,20 m, boss 0,59 m kaydı"
1-2,"Emici Vuruş","Kalkan","kan_ceken_pence",1,1,1,1,1,1,1,1,1,1,"yerinde","yerinde",55608.00,"boss:Burn, oyuncu +15485 can",1.34,1.35,0.40,0.38,0.80,0.00,0.00,"","vuruş 3: 0,47s@boss1,76m/oyuncu1,02m 0,60s@boss1,19m/oyuncu1,02m 0,73s@boss0,61m/oyuncu1,02m; kalıp sonu: merkeze 1,35 m, başlangıçtan 0,00 m, kalıp simülasyonundan 0,00 m, boss 1,65 m kaydı"
1-3,"Sıçrayan Vuruş","Kalkan","yan_yan_sekme",1,1,1,1,1,1,1,1,1,1,"geri","geri",117120.00,"boss:Burn",2.67,1.35,0.60,0.58,1.00,0.00,0.00,"1/8 kare koşu, ayak/gövde hız oranı 1,04","vuruş 2: 0,60s@boss0,74m/oyuncu3,34m 0,87s@boss0,74m/oyuncu4,54m; kalıp sonu: merkeze 4,26 m, başlangıçtan 1,24 m, kalıp simülasyonundan 0,11 m, boss 0,98 m kaydı"
1-4,"Sabit Vuruş","Kalkan","yere_cakilan",1,1,1,1,1,1,1,1,1,1,"ön","ön",64552.00,"boss:Burn",2.11,1.35,0.60,0.54,1.00,0.00,0.00,"0/2 kare koşu","vuruş 1: 0,87s@boss2,11m/oyuncu0,00m; kalıp sonu: merkeze 2,59 m, başlangıçtan 0,93 m, kalıp simülasyonundan 0,03 m, boss 0,51 m kaydı"
1-5,"Yayılan Vuruş","Kalkan","donen_kesik",1,1,1,1,1,1,1,1,1,1,"yerinde","yerinde",58888.00,"boss:Burn",3.02,1.35,0.59,0.55,1.00,0.00,0.00,"","vuruş 1: 0,60s@boss3,09m/oyuncu0,00m; kalıp sonu: merkeze 4,07 m, başlangıçtan 0,00 m, kalıp simülasyonundan 0,00 m, boss 1,07 m kaydı"
1-6,"Bağlayıcı Vuruş","Kalkan","zincirli_firlatma",1,1,1,1,1,1,1,1,1,1,"ön","ön",72688.00,"boss:Root+Slow+Burn, boss hız x0,00",2.65,1.35,0.82,0.70,1.22,0.00,0.00,"2/4 kare koşu, ayak/gövde hız oranı 0,94","vuruş 2: 0,53s@boss0,44m/oyuncu3,49m 0,99s@boss1,58m/oyuncu1,28m; kalıp sonu: merkeze 2,74 m, başlangıçtan 1,50 m, kalıp simülasyonundan 0,00 m, boss 1,24 m kaydı"
2-1,"Yoğun Şifa","Kalkan","tek_dokunus",1,1,1,1,1,1,1,1,1,1,"geri","geri",0.00,"oyuncu +56000 can",3.00,1.35,0.20,0.16,0.59,0.00,0.00,"0/2 kare koşu","vuruş 1: 0,46s@boss3,90m/oyuncu0,68m; kalıp sonu: merkeze 3,42 m, başlangıçtan 0,55 m, kalıp simülasyonundan 0,00 m, kalıp hedefi AllyDummy"
2-2,"Emici Şifa","Kalkan","uzaktan_emme",1,1,1,1,1,1,1,1,1,1,"yerinde","yerinde",53184.00,"oyuncu +84000 can, dost +28000 can",2.65,1.35,2.20,2.16,2.60,0.00,0.00,"","vuruş 4: 1,00s@boss0,19m/oyuncu2,72m 1,53s@boss0,10m/oyuncu2,72m 2,00s@boss0,02m/oyuncu2,72m 2,53s@boss0,07m/oyuncu2,72m; kalıp sonu: merkeze 2,65 m, başlangıçtan 0,35 m, kalıp simülasyonundan 0,00 m"
2-3,"Sıçrayan Şifa","Kalkan","dosttan_dosta",1,1,1,1,1,1,1,1,1,1,"yerinde","yerinde",0.00,"oyuncu +68000 can, dost +20000 can",3.00,1.35,0.60,0.54,1.00,0.00,0.00,"","vuruş 3: 0,53s@boss6,43m/oyuncu3,95m 0,60s@boss6,98m/oyuncu4,53m 0,80s@boss6,88m/oyuncu4,54m; kalıp sonu: merkeze 3,00 m, başlangıçtan 0,00 m, kalıp simülasyonundan 0,00 m, kalıp hedefi AllyDummy"
2-4,"Sabit Şifa","Kalkan","totem_dikme",1,1,1,1,1,1,1,1,1,1,"yerinde","yerinde",0.00,"oyuncu +56000 can",3.00,1.35,0.33,0.30,0.73,0.00,0.00,"","vuruş 1: 0,60s@boss3,10m/oyuncu0,00m; kalıp sonu: merkeze 3,11 m, başlangıçtan 0,15 m, kalıp simülasyonundan 0,00 m, kalıp hedefi AllyDummy"
2-5,"Yayılan Şifa","Kalkan","genisleyen_halka",1,1,1,1,1,1,1,1,1,1,"yerinde","yerinde",0.00,"oyuncu +56000 can",3.00,1.35,0.60,0.58,1.00,0.00,0.00,"","vuruş 1: 0,80s@boss3,00m/oyuncu0,00m; kalıp sonu: merkeze 3,00 m, başlangıçtan 0,00 m, kalıp simülasyonundan 0,00 m"
2-6,"Bağlayıcı Şifa","Kalkan","dostu_kanca",1,1,1,1,1,1,1,1,1,1,"geri","geri",0.00,"oyuncu +56000 can",3.00,1.35,0.53,0.52,0.93,0.00,0.00,"1/6 kare koşu, ayak/gövde hız oranı 1,02","vuruş 1: 0,80s@boss5,78m/oyuncu0,40m; kalıp sonu: merkeze 5,92 m, başlangıçtan 3,40 m, kalıp simülasyonundan 0,00 m, kalıp hedefi AllyDummy"
3-1,"Yoğun Adım","Kalkan","kisa_dash",1,1,1,1,1,1,1,1,1,1,"ön","ön",4008.00,"boss:Burn",2.18,1.35,0.21,0.16,0.61,0.00,0.00,"1/3 kare koşu, ayak/gövde hız oranı 1,03","kalıp sonu: merkeze 2,18 m, başlangıçtan 0,83 m, kalıp simülasyonundan 0,00 m"
3-2,"Emici Adım","Kalkan","icinden_emme",1,1,1,1,1,1,1,1,1,1,"arka","arka",4016.00,"boss:Burn",0.16,1.35,0.34,0.28,0.73,0.00,0.00,"0/5 kare koşu","vuruş 1: 0,53s@boss0,26m/oyuncu1,36m; kalıp sonu: merkeze 2,61 m, başlangıçtan 5,25 m, kalıp simülasyonundan 0,40 m, boss 0,36 m kaydı; gövdeye girdi: merkeze 0,16 m (t=0,47, temas 1,35) geçiş tasarım gereği"
3-3,"Sıçrayan Adım","Kalkan","sekmeli_ziplama",1,1,1,1,1,1,1,1,1,1,"arka","arka",4392.00,"boss:Burn",1.50,1.35,0.40,0.40,0.80,0.00,0.00,"0/6 kare koşu","vuruş 2: 0,53s@boss1,79m/oyuncu0,01m 0,73s@boss1,50m/oyuncu0,00m; kalıp sonu: merkeze 1,50 m, başlangıçtan 4,50 m, kalıp simülasyonundan 0,00 m"
3-4,"Sabit Adım","Kalkan","geri_sarma",1,1,1,1,1,1,1,1,1,1,"başlangıç","başlangıç",18976.00,"boss:Burn",1.50,1.35,2.69,2.66,3.09,0.00,0.00,"2/9 kare koşu, ayak/gövde hız oranı 1,00","kalıp sonu: merkeze 3,00 m, başlangıçtan 0,00 m, kalıp simülasyonundan 0,00 m"
3-5,"Yayılan Adım","Kalkan","dalis_patlamasi",1,1,1,1,1,1,1,1,1,1,"ön","ön",3992.00,"boss:Burn",1.50,1.35,0.47,0.42,0.86,0.00,0.00,"0/4 kare koşu","vuruş 1: 0,67s@boss1,50m/oyuncu0,00m; kalıp sonu: merkeze 1,50 m, başlangıçtan 1,50 m, kalıp simülasyonundan 0,00 m"
3-6,"Bağlayıcı Adım","Kalkan","kanca_cekis",1,1,1,1,1,1,1,1,1,1,"arka","arka",3600.00,"boss:Root+Slow+Burn, boss hız x0,00",1.50,1.35,0.82,0.74,1.22,0.00,0.00,"1/10 kare koşu, ayak/gövde hız oranı 1,03","vuruş 1: 1,00s@boss0,00m/oyuncu1,50m; kalıp sonu: merkeze 1,50 m, başlangıçtan 4,50 m, kalıp simülasyonundan 0,00 m"
4-1,"Yoğun Kalkan","Kalkan","tam_zamanli",1,1,1,1,1,1,1,1,1,1,"yerinde","yerinde",0.00,"",3.00,1.35,0.53,0.50,0.87,0.00,0.00,"","hasarsız skill (base_damage 0): etki hareketin kendisi; vuruş 1: 0,67s@boss0,62m/oyuncu2,38m; kalıp sonu: merkeze 3,00 m, başlangıçtan 0,00 m, kalıp simülasyonundan 0,00 m"
4-2,"Emici Kalkan","Kalkan","kalkan_calma",1,1,1,1,1,1,1,1,1,1,"yerinde","yerinde",95000.00,"",3.00,1.35,0.27,0.20,0.60,0.00,0.00,"","vuruş 1: 0,41s@boss1,73m/oyuncu1,28m; kalıp sonu: merkeze 3,00 m, başlangıçtan 0,00 m, kalıp simülasyonundan 0,00 m"
4-3,"Sıçrayan Kalkan","Kalkan","seken_disk",1,1,1,1,1,1,1,1,1,1,"yerinde","yerinde",0.00,"",3.00,1.35,0.47,0.42,0.80,0.00,0.00,"","hasarsız skill (base_damage 0): etki hareketin kendisi; vuruş 2: 0,47s@boss0,30m/oyuncu3,30m 0,60s@boss3,04m/oyuncu1,43m; kalıp sonu: merkeze 3,00 m, başlangıçtan 0,00 m, kalıp simülasyonundan 0,00 m"
5-1,"Yoğun Patlama","Kalkan","saplanan_fitil",1,1,1,1,1,1,1,1,1,1,"geri","geri",64280.00,"boss:Burn",2.37,1.35,1.60,1.62,2.00,0.00,0.00,"1/6 kare koşu, ayak/gövde hız oranı 0,99","vuruş 2: 0,46s@boss0,85m/oyuncu1,52m 2,00s@boss0,85m/oyuncu2,95m; kalıp sonu: merkeze 3,80 m, başlangıçtan 0,80 m, kalıp simülasyonundan 0,00 m"
5-2,"Emici Patlama","Kalkan","ceken_girdap",1,1,1,1,1,1,1,1,1,1,"yerinde","yerinde",49504.00,"boss:Burn, oyuncu +12800 can",1.35,1.35,1.34,1.32,1.74,0.00,0.00,"","vuruş 3: 1,07s@boss0,00m/oyuncu3,13m 1,54s@boss0,00m/oyuncu1,35m 1,61s@boss0,00m/oyuncu1,35m; kalıp sonu: merkeze 1,35 m, başlangıçtan 0,00 m, kalıp simülasyonundan 0,00 m, boss 1,65 m kaydı"
5-3,"Sıçrayan Patlama","Kalkan","seken_bomba",1,1,1,1,1,1,1,1,1,1,"yerinde","yerinde",90504.00,"boss:Burn",3.00,1.35,0.60,0.58,1.00,0.00,0.00,"","vuruş 3: 0,53s@boss0,40m/oyuncu3,40m 0,66s@boss0,00m/oyuncu3,45m 0,87s@boss0,35m/oyuncu3,91m; kalıp sonu: merkeze 4,05 m, başlangıçtan 0,00 m, kalıp simülasyonundan 0,00 m, boss 1,05 m kaydı"
6-1,"Yoğun Bağ","Kalkan","sinir_noktasi",1,1,1,1,1,1,1,1,1,1,"ön","ön",26560.00,"boss:Burn+Stun, boss hız x0,00",1.50,1.35,0.40,0.34,0.73,0.00,0.00,"0/5 kare koşu","vuruş 1: 0,60s@boss0,91m/oyuncu0,60m; kalıp sonu: merkeze 1,70 m, başlangıçtan 1,80 m, kalıp simülasyonundan 0,30 m, boss 0,50 m kaydı"
6-2,"Emici Bağ","Kalkan","bossu_cek",1,1,1,1,1,1,1,1,1,1,"geri","geri",19232.00,"boss:Burn+Root, boss hız x0,00, oyuncu +4443 can",1.35,1.35,0.46,0.44,0.79,0.00,0.00,"2/5 kare koşu, ayak/gövde hız oranı 1,02","vuruş 1: 0,60s@boss1,54m/oyuncu1,36m; kalıp sonu: merkeze 2,66 m, başlangıçtan 1,60 m, kalıp simülasyonundan 0,00 m, boss 1,94 m kaydı"
6-3,"Sıçrayan Bağ","Kalkan","basip_sekme",1,1,1,1,1,1,1,1,1,1,"başlangıç","başlangıç",29360.00,"boss:Burn+Root, boss hız x0,00",1.67,1.35,0.53,0.52,0.90,0.00,0.00,"0/7 kare koşu","vuruş 1: 0,64s@boss1,50m/oyuncu0,17m; kalıp sonu: merkeze 3,97 m, başlangıçtan 0,20 m, kalıp simülasyonundan 0,00 m, boss 0,77 m kaydı"
1-7,"Bulandırıcı Vuruş","Kalkan","dumandan_cikis",1,1,1,1,1,1,1,1,1,1,"ön","ön",65192.00,"boss:Blind+Burn, oyuncu:Stealth",1.66,1.35,0.53,0.48,0.95,0.00,0.00,"0/4 kare koşu","vuruş 1: 0,75s@boss0,78m/oyuncu1,36m; kalıp sonu: merkeze 1,89 m, başlangıçtan 1,80 m, kalıp simülasyonundan 0,30 m, boss 0,69 m kaydı"
1-8,"Yükselen Vuruş","Kalkan","havaya_kaldirma",1,1,1,1,1,1,1,1,1,1,"ön","ön",72616.00,"boss:Burn+Stun, boss hız x0,00",1.89,1.35,0.40,0.34,0.79,0.00,0.00,"0/5 kare koşu","vuruş 1: 0,53s@boss1,07m/oyuncu1,28m; kalıp sonu: merkeze 1,90 m, başlangıçtan 1,10 m, kalıp simülasyonundan 0,00 m"
1-9,"Odaklı Vuruş","Kalkan","isarete_vur",1,1,1,1,1,1,1,1,1,1,"ön","ön",113816.00,"boss:Burn",2.08,1.35,0.40,0.38,0.80,0.00,0.00,"0/3 kare koşu","vuruş 1: 0,67s@boss0,92m/oyuncu1,28m; kalıp sonu: merkeze 2,27 m, başlangıçtan 1,35 m, kalıp simülasyonundan 0,00 m, boss 0,62 m kaydı"
2-7,"Bulandırıcı Şifa","Kalkan","sis_ortusu",1,1,1,1,1,1,1,1,1,1,"yerinde","yerinde",0.00,"oyuncu:Stealth, oyuncu +56000 can",3.02,1.35,0.33,0.30,0.73,0.00,0.00,"","vuruş 1: 0,53s@boss0,00m/oyuncu3,09m; kalıp sonu: merkeze 3,10 m, başlangıçtan 0,00 m, kalıp simülasyonundan 0,00 m"
2-8,"Yükselen Şifa","Kalkan","yerden_buyuyen",1,1,1,1,1,1,1,1,1,1,"yerinde","yerinde",0.00,"oyuncu +56000 can",3.00,1.35,0.47,0.42,0.87,0.00,0.00,"","vuruş 1: 0,67s@boss6,98m/oyuncu4,33m; kalıp sonu: merkeze 3,18 m, başlangıçtan 0,25 m, kalıp simülasyonundan 0,00 m, kalıp hedefi AllyDummy"
2-9,"Odaklı Şifa","Kalkan","koruyucu_isaret",1,0,1,1,1,1,1,1,1,0,"geri","geri",0.00,"",3.00,1.35,0.20,0.20,0.60,0.00,0.00,"0/3 kare koşu","hasar yok, etki görülmedi; vuruş 1: 0,53s@boss3,90m/oyuncu0,35m; kalıp sonu: merkeze 3,61 m, başlangıçtan 0,80 m, kalıp simülasyonundan 0,00 m, kalıp hedefi AllyDummy"
3-7,"Bulandırıcı Adım","Kalkan","duman_kaybolma",1,1,1,1,1,1,1,1,1,1,"ön","ön",5592.00,"boss:Blind+Burn, oyuncu:Stealth",1.50,1.35,0.62,0.59,1.01,0.00,0.00,"0/4 kare koşu","vuruş 1: 0,53s@boss1,73m/oyuncu0,00m; kalıp sonu: merkeze 1,50 m, başlangıçtan 1,50 m, kalıp simülasyonundan 0,00 m"
3-8,"Yükselen Adım","Kalkan","sicrayip_cakilma",1,1,1,1,1,1,1,1,1,1,"ön","ön",4040.00,"boss:Burn, oyuncu:Haste, oyuncu hız x1,10",1.50,1.35,0.86,0.82,1.27,0.00,0.00,"0/5 kare koşu","vuruş 1: 1,12s@boss1,50m/oyuncu0,00m; kalıp sonu: merkeze 1,50 m, başlangıçtan 1,50 m, kalıp simülasyonundan 0,00 m"
3-9,"Odaklı Adım","Kalkan","kilitli_adim",1,1,1,1,1,1,1,1,1,1,"arka","arka",4016.00,"boss:Burn",1.50,1.35,0.54,0.48,0.94,0.00,0.00,"0/1 kare koşu","vuruş 1: 0,73s@boss0,00m/oyuncu1,50m; kalıp sonu: merkeze 1,50 m, başlangıçtan 4,50 m, kalıp simülasyonundan 0,00 m; tek karede 4,50 m sıçrama (sınır 2,44 m @ 66 ms, t=0,67, faz adim, blink tasarım gereği)"
7-1,"Yoğun Zafiyet","Kalkan","diken_firlatma",1,1,1,1,1,1,1,1,1,1,"yerinde","yerinde",14760.00,"boss:Burn",2.99,1.35,0.33,0.40,0.73,0.00,0.00,"","vuruş 1: 0,73s@boss0,31m/oyuncu3,30m; kalıp sonu: merkeze 2,99 m, başlangıçtan 0,00 m, kalıp simülasyonundan 0,00 m"
7-2,"Emici Zafiyet","Kalkan","sokup_cekme",1,1,1,1,1,1,1,1,1,1,"geri","geri",9440.00,"boss:Burn, oyuncu +1226 can",3.02,1.35,0.47,0.44,0.87,0.00,0.00,"1/4 kare koşu, ayak/gövde hız oranı 1,00","vuruş 2: 0,53s@boss0,35m/oyuncu3,55m 0,67s@boss2,70m/oyuncu1,19m; kalıp sonu: merkeze 4,42 m, başlangıçtan 1,30 m, kalıp simülasyonundan 0,00 m, boss 0,12 m kaydı"
7-3,"Sıçrayan Zafiyet","Kalkan","seken_yaratik",1,1,1,1,1,1,1,1,1,1,"yerinde","yerinde",19456.00,"boss:Burn",3.00,1.35,0.67,0.64,1.07,0.00,0.00,"","vuruş 3: 0,60s@boss0,00m/oyuncu3,00m 0,74s@boss0,35m/oyuncu3,49m 0,94s@boss0,35m/oyuncu3,90m; kalıp sonu: merkeze 4,05 m, başlangıçtan 0,00 m, kalıp simülasyonundan 0,00 m, boss 1,05 m kaydı"
8-1,"Yoğun Yükseliş","Kalkan","kuculten_kapi",1,1,1,1,1,1,1,1,1,1,"yerinde","yerinde",0.00,"",3.01,1.35,0.34,0.28,0.67,0.00,0.00,"","hasarsız skill (base_damage 0): etki hareketin kendisi; vuruş 1: 0,47s@boss0,65m/oyuncu2,38m; kalıp sonu: merkeze 3,03 m, başlangıçtan 0,00 m, kalıp simülasyonundan 0,00 m"
8-2,"Emici Yükseliş","Kalkan","kan_muhru",1,1,1,1,1,1,1,1,1,1,"yerinde","yerinde",0.00,"",3.00,1.35,0.33,0.32,0.67,0.00,0.00,"","hasarsız skill (base_damage 0): etki hareketin kendisi; vuruş 1: 0,47s@boss3,00m/oyuncu0,00m; kalıp sonu: merkeze 3,00 m, başlangıçtan 0,00 m, kalıp simülasyonundan 0,00 m"
8-3,"Sıçrayan Yükseliş","Kalkan","pas_verme",1,1,1,1,1,1,1,1,1,1,"yerinde","yerinde",0.00,"",3.00,1.35,0.27,0.24,0.60,0.00,0.00,"","hasarsız skill (base_damage 0): etki hareketin kendisi; vuruş 1: 0,53s@boss6,38m/oyuncu3,90m; kalıp sonu: merkeze 3,00 m, başlangıçtan 0,00 m, kalıp simülasyonundan 0,00 m, kalıp hedefi AllyDummy"
9-1,"Yoğun Arınma","Kalkan","tek_dokunus",1,1,1,1,1,1,1,1,1,1,"geri","geri",0.00,"oyuncu +12000 can",3.00,1.35,0.20,0.16,0.60,0.00,0.00,"0/3 kare koşu","vuruş 1: 0,45s@boss3,85m/oyuncu0,68m; kalıp sonu: merkeze 3,41 m, başlangıçtan 0,55 m, kalıp simülasyonundan 0,00 m, kalıp hedefi AllyDummy"
9-2,"Emici Arınma","Kalkan","cekip_firlat",1,1,1,1,1,1,1,1,1,1,"yerinde","yerinde",0.00,"oyuncu +4000 can, dost +8000 can",3.00,1.35,0.53,0.50,0.93,0.00,0.00,"","vuruş 2: 0,53s@boss2,65m/oyuncu0,35m 0,80s@boss0,30m/oyuncu3,30m; kalıp sonu: merkeze 3,00 m, başlangıçtan 0,00 m, kalıp simülasyonundan 0,00 m"
9-3,"Sıçrayan Arınma","Kalkan","dosttan_dosta",1,1,1,1,1,1,1,1,1,1,"yerinde","yerinde",0.00,"oyuncu +12000 can, dost +8000 can",3.00,1.35,0.60,0.54,1.00,0.00,0.00,"","vuruş 3: 0,53s@boss6,43m/oyuncu3,95m 0,60s@boss6,98m/oyuncu4,53m 0,80s@boss6,88m/oyuncu4,54m; kalıp sonu: merkeze 3,00 m, başlangıçtan 0,00 m, kalıp simülasyonundan 0,00 m, kalıp hedefi AllyDummy"
1-10,"Aynalı Vuruş","Kalkan","sirtta_kapi",1,1,1,1,1,1,1,1,1,1,"ön","ön",5849560.00,"boss:Burn",1.99,1.35,0.33,0.32,0.75,0.00,0.00,"0/3 kare koşu","vuruş 2: 0,49s@boss0,80m/oyuncu1,19m 0,62s@boss0,55m/oyuncu2,82m; kalıp sonu: merkeze 2,57 m, başlangıçtan 1,20 m, kalıp simülasyonundan 0,00 m, boss 0,77 m kaydı"
1-11,"Kopya Vuruş","Kalkan","golge_yankisi",1,1,1,1,1,1,1,1,1,1,"ön","ön",39832.00,"boss:Burn",2.36,1.35,0.50,0.50,0.91,0.00,0.00,"1/3 kare koşu, ayak/gövde hız oranı 0,99","vuruş 2: 0,45s@boss1,21m/oyuncu1,15m 0,78s@boss2,72m/oyuncu1,39m; kalıp sonu: merkeze 3,17 m, başlangıçtan 0,90 m, kalıp simülasyonundan 0,00 m, boss 1,07 m kaydı"
1-12,"Akan Vuruş","Kalkan","basili_seri",1,1,1,1,1,1,1,1,1,1,"ön","ön",27488.00,"boss:Burn",2.89,1.35,3.00,3.00,3.39,0.00,0.00,"","vuruş 6: 0,59s@boss1,74m/oyuncu1,15m 1,12s@boss2,60m/oyuncu1,15m 1,59s@boss2,57m/oyuncu1,15m 2,12s@boss2,37m/oyuncu1,15m 2,59s@boss2,16m/oyuncu1,15m 3,12s@boss1,91m/oyuncu1,15m; kalıp sonu: merkeze 2,97 m, başlangıçtan 1,40 m, kalıp simülasyonundan 0,00 m, boss 1,37 m kaydı"
2-10,"Aynalı Şifa","Kalkan","ters_es",1,1,1,1,1,1,1,1,1,1,"yerinde","yerinde",0.00,"oyuncu +112000 can",3.00,1.35,0.47,0.44,0.87,0.00,0.00,"","vuruş 2: 0,53s@boss2,60m/oyuncu0,40m 0,73s@boss0,00m/oyuncu3,00m; kalıp sonu: merkeze 3,00 m, başlangıçtan 0,00 m, kalıp simülasyonundan 0,00 m"
2-11,"Kopya Şifa","Kalkan","golge_ulak",1,1,1,1,1,1,1,1,1,1,"yan","yan",0.00,"oyuncu +56000 can, dost +56000 can",2.43,1.35,1.40,1.36,1.80,0.00,0.00,"1/3 kare koşu, ayak/gövde hız oranı 1,00","vuruş 2: 0,47s@boss3,26m/oyuncu0,35m 1,67s@boss3,05m/oyuncu1,46m; kalıp sonu: merkeze 2,43 m, başlangıçtan 1,41 m, kalıp simülasyonundan 0,00 m, kalıp hedefi AllyDummy"
2-12,"Akan Şifa","Kalkan","basili_isik",1,1,1,1,1,1,1,1,1,1,"geri","geri",0.00,"oyuncu +40000 can, dost +8000 can",3.00,1.35,3.00,3.00,3.40,0.00,0.00,"","vuruş 6: 0,60s@boss5,38m/oyuncu2,72m 1,13s@boss5,58m/oyuncu2,72m 1,60s@boss5,75m/oyuncu2,72m 2,13s@boss5,95m/oyuncu2,72m 2,60s@boss6,13m/oyuncu2,72m 3,14s@boss6,33m/oyuncu2,72m; kalıp sonu: merkeze 3,94 m, başlangıçtan 1,20 m, kalıp simülasyonundan 0,00 m, kalıp hedefi AllyDummy"
3-10,"Aynalı Adım","Kalkan","iki_kapi",1,1,1,1,1,1,1,1,1,1,"ön","ön",0.00,"",1.50,1.35,0.60,0.54,1.00,0.00,0.00,"0/4 kare koşu","hasarsız skill (base_damage 0): etki hareketin kendisi; vuruş 2: 0,40s@boss3,00m/oyuncu0,00m 0,80s@boss1,50m/oyuncu0,00m; kalıp sonu: merkeze 1,50 m, başlangıçtan 1,50 m, kalıp simülasyonundan 0,00 m"
3-11,"Kopya Adım","Kalkan","yem_kac",1,1,1,1,1,1,1,1,1,1,"geri","geri",0.00,"",3.00,1.35,0.40,0.40,0.80,0.00,0.00,"0/4 kare koşu","hasarsız skill (base_damage 0): etki hareketin kendisi; vuruş 1: 0,40s@boss3,00m/oyuncu0,00m; kalıp sonu: merkeze 5,80 m, başlangıçtan 2,80 m, kalıp simülasyonundan 0,00 m"
3-12,"Akan Adım","Kalkan","suzulme",1,1,1,1,1,1,1,1,1,1,"ön","ön",20800.00,"boss:Burn, oyuncu:Haste, oyuncu hız x1,50",1.90,1.35,3.07,3.00,3.47,0.00,0.00,"","kalıp sonu: merkeze 1,90 m, başlangıçtan 1,10 m, kalıp simülasyonundan 0,00 m"
10-1,"Yoğun Yansı","Kalkan","tam_zamanli",1,1,1,1,1,1,1,1,1,1,"yerinde","yerinde",4392.00,"boss:Burn",3.00,1.35,0.53,0.50,0.87,0.00,0.00,"","vuruş 1: 0,67s@boss0,62m/oyuncu2,38m; kalıp sonu: merkeze 3,00 m, başlangıçtan 0,00 m, kalıp simülasyonundan 0,00 m"
10-2,"Emici Yansı","Kalkan","yutan_girdap",1,1,1,1,1,1,1,1,1,1,"yerinde","yerinde",17328.00,"boss:Burn",3.00,1.35,3.21,3.18,3.54,0.00,0.00,"","vuruş 4: 1,20s@boss0,62m/oyuncu2,38m 2,00s@boss0,62m/oyuncu2,38m 2,76s@boss0,62m/oyuncu2,38m 3,49s@boss0,62m/oyuncu2,38m; kalıp sonu: merkeze 3,00 m, başlangıçtan 0,00 m, kalıp simülasyonundan 0,00 m"
10-3,"Sıçrayan Yansı","Kalkan","seken_geri",1,1,1,1,1,1,1,1,1,1,"ön","ön",5200.00,"boss:Burn",1.90,1.35,0.40,0.36,0.73,0.00,0.00,"0/3 kare koşu","vuruş 2: 0,40s@boss0,55m/oyuncu1,53m 0,54s@boss0,00m/oyuncu1,90m; kalıp sonu: merkeze 1,90 m, başlangıçtan 1,10 m, kalıp simülasyonundan 0,00 m"
10-10,"Aynalı Yansı","Kalkan","iki_kapi",1,1,1,1,1,1,1,1,1,1,"ön","ön",0.00,"",1.50,1.35,0.60,0.54,0.93,0.00,0.00,"0/4 kare koşu","hasarsız skill (base_damage 0): etki hareketin kendisi; vuruş 2: 0,33s@boss3,00m/oyuncu0,00m 0,74s@boss1,50m/oyuncu0,00m; kalıp sonu: merkeze 1,50 m, başlangıçtan 1,50 m, kalıp simülasyonundan 0,00 m"
10-11,"Kopya Yansı","Kalkan","yem_kopya",1,1,1,1,1,1,1,1,1,1,"ön","ön",4400.00,"boss:Burn",2.10,1.35,0.40,0.36,0.73,0.00,0.00,"0/2 kare koşu","vuruş 1: 0,53s@boss2,19m/oyuncu1,29m; kalıp sonu: merkeze 2,10 m, başlangıçtan 0,90 m, kalıp simülasyonundan 0,00 m"
10-12,"Akan Yansı","Kalkan","basili_siper",1,1,1,1,1,1,1,1,1,1,"ön","ön",16808.00,"boss:Burn",2.20,1.35,3.00,3.00,3.33,0.00,0.00,"","vuruş 3: 1,07s@boss0,41m/oyuncu2,38m 2,07s@boss0,14m/oyuncu2,38m 3,07s@boss0,13m/oyuncu2,38m; kalıp sonu: merkeze 2,20 m, başlangıçtan 0,80 m, kalıp simülasyonundan 0,00 m"
11-1,"Yoğun Çağrı","Kalkan","sirt_saplama",1,1,1,1,1,1,1,1,1,1,"ön","ön",37424.00,"boss:Burn",1.82,1.35,0.54,0.47,0.94,0.00,0.00,"0/3 kare koşu","vuruş 1: 0,74s@boss0,00m/oyuncu1,86m; kalıp sonu: merkeze 1,88 m, başlangıçtan 1,20 m, kalıp simülasyonundan 0,00 m"
11-2,"Emici Çağrı","Kalkan","yapisan",1,1,1,1,1,1,1,1,1,1,"yerinde","yerinde",239136.00,"boss:Burn, oyuncu +147426 can",3.00,1.35,5.32,5.18,5.72,0.00,0.00,"","vuruş 6: 0,53s@boss0,20m/oyuncu3,23m 1,54s@boss0,00m/oyuncu3,11m 2,54s@boss0,00m/oyuncu3,11m 3,55s@boss0,00m/oyuncu3,11m 4,55s@boss0,00m/oyuncu3,11m 5,55s@boss0,00m/oyuncu3,11m; kalıp sonu: merkeze 3,11 m, başlangıçtan 0,00 m, kalıp simülasyonundan 0,00 m, boss 0,11 m kaydı"
11-3,"Sıçrayan Çağrı","Kalkan","seken_yaratik",1,1,1,1,1,1,1,1,1,1,"yerinde","yerinde",55064.00,"boss:Burn",3.00,1.35,0.67,0.64,1.07,0.00,0.00,"","vuruş 3: 0,61s@boss0,00m/oyuncu3,04m 0,74s@boss0,35m/oyuncu3,08m 0,94s@boss0,35m/oyuncu3,10m; kalıp sonu: merkeze 3,09 m, başlangıçtan 0,00 m, kalıp simülasyonundan 0,00 m"
11-10,"Aynalı Çağrı","Kalkan","takim_kapisi",1,1,1,1,1,1,1,1,1,1,"ön","ön",56472.00,"boss:Burn, oyuncu:Stasis",1.85,1.35,1.40,1.38,1.80,0.00,0.00,"0/3 kare koşu","vuruş 1: 0,67s@boss1,85m/oyuncu0,00m; kalıp sonu: merkeze 1,85 m, başlangıçtan 1,15 m, kalıp simülasyonundan 0,00 m"
11-11,"Kopya Çağrı","Kalkan","ayna_klonlar",1,1,1,1,1,1,1,1,1,1,"ön","ön",78976.00,"boss:Burn",1.87,1.35,0.66,0.64,1.06,0.00,0.00,"0/2 kare koşu","vuruş 2: 0,74s@boss2,03m/oyuncu1,41m 0,94s@boss2,04m/oyuncu1,41m; kalıp sonu: merkeze 1,94 m, başlangıçtan 1,15 m, kalıp simülasyonundan 0,00 m"
11-12,"Akan Çağrı","Kalkan","kapidan_akin",1,1,1,1,1,1,1,1,1,1,"ön","ön",236648.00,"boss:Burn",1.85,1.35,4.45,4.34,4.85,0.00,0.00,"0/2 kare koşu","vuruş 6: 0,73s@boss0,85m/oyuncu1,04m 1,54s@boss0,00m/oyuncu1,95m 2,33s@boss0,00m/oyuncu1,96m 3,13s@boss0,00m/oyuncu1,96m 3,93s@boss0,00m/oyuncu1,96m 4,74s@boss0,00m/oyuncu1,96m; kalıp sonu: merkeze 1,96 m, başlangıçtan 1,15 m, kalıp simülasyonundan 0,00 m, boss 0,11 m kaydı"
12-1,"Yoğun Zaman","Kalkan","zamanli_donma",1,1,1,1,1,1,1,1,1,1,"ön","ön",3632.00,"boss:Burn+Slow, boss hız x0,70",1.62,1.35,0.53,0.50,0.93,0.00,0.00,"0/3 kare koşu","vuruş 1: 0,80s@boss0,58m/oyuncu1,28m; kalıp sonu: merkeze 1,87 m, başlangıçtan 1,60 m, kalıp simülasyonundan 0,10 m, boss 0,47 m kaydı"
12-2,"Emici Zaman","Kalkan","ceken_girdap",1,1,1,1,1,1,1,1,1,1,"yerinde","yerinde",6880.00,"boss:Burn+Slow, oyuncu:Haste, boss hız x0,70, oyuncu hız x1,30",3.02,1.35,1.34,1.32,1.75,0.00,0.00,"","vuruş 3: 1,06s@boss0,00m/oyuncu3,10m 1,53s@boss0,00m/oyuncu4,15m 1,62s@boss0,00m/oyuncu4,22m; kalıp sonu: merkeze 4,30 m, başlangıçtan 0,00 m, kalıp simülasyonundan 0,00 m, boss 1,30 m kaydı"
12-3,"Sıçrayan Zaman","Kalkan","geri_donen_kure",1,1,1,1,1,1,1,1,1,1,"yerinde","yerinde",5200.00,"boss:Burn+Slow, boss hız x0,70",3.00,1.35,0.54,0.50,0.93,0.00,0.00,"","vuruş 2: 0,53s@boss0,30m/oyuncu3,31m 0,80s@boss1,75m/oyuncu2,04m; kalıp sonu: merkeze 3,99 m, başlangıçtan 0,00 m, kalıp simülasyonundan 0,00 m, boss 0,99 m kaydı"
12-10,"Aynalı Zaman","Kalkan","boss_geri",1,1,1,1,1,1,1,1,1,1,"yerinde","yerinde",4792.00,"boss:Burn+Slow, boss hız x0,70",3.01,1.35,0.47,0.46,0.87,0.00,0.00,"","vuruş 1: 0,53s@boss0,29m/oyuncu3,33m; kalıp sonu: merkeze 3,04 m, başlangıçtan 0,00 m, kalıp simülasyonundan 0,00 m"
12-11,"Kopya Zaman","Kalkan","geri_sarma",1,1,1,1,1,1,1,1,1,1,"başlangıç","başlangıç",18808.00,"boss:Burn+Slow, boss hız x0,70",1.50,1.35,2.67,2.66,3.07,0.00,0.00,"2/9 kare koşu, ayak/gövde hız oranı 1,01","kalıp sonu: merkeze 3,17 m, başlangıçtan 0,00 m, kalıp simülasyonundan 0,00 m, boss 0,17 m kaydı"
12-12,"Akan Zaman","Kalkan","yuruyen_balon",1,1,1,1,1,1,1,1,1,1,"ön","ön",24400.00,"boss:Slow+Burn, oyuncu:Haste, boss hız x0,70, oyuncu hız x1,30",3.00,1.35,4.25,4.20,4.65,0.00,0.00,"","vuruş 5: 0,47s@boss3,00m/oyuncu0,00m 1,54s@boss4,00m/oyuncu0,00m 2,53s@boss3,75m/oyuncu0,00m 3,60s@boss3,43m/oyuncu0,00m 4,60s@boss3,15m/oyuncu0,00m; kalıp sonu: merkeze 3,15 m, başlangıçtan 1,20 m, kalıp simülasyonundan 0,00 m, boss 1,35 m kaydı"
4-4,"Sabit Kalkan","Kalkan","duvar_dikme",1,1,1,1,1,1,1,1,1,1,"yerinde","yerinde",0.00,"",3.00,1.35,0.33,0.32,0.66,0.00,0.00,"","hasarsız skill (base_damage 0): etki hareketin kendisi; vuruş 1: 0,53s@boss0,62m/oyuncu2,38m; kalıp sonu: merkeze 3,00 m, başlangıçtan 0,00 m, kalıp simülasyonundan 0,00 m; yer değiştiren: kalıp 0,00 m, başka 1,73 m, SkillMotionDriver 0 kare, dodge 0 kare"
4-5,"Yayılan Kalkan","Kalkan","onde_yelpaze",1,1,1,1,1,1,1,1,1,1,"yerinde","yerinde",0.00,"",3.00,1.35,0.66,0.63,1.00,0.00,0.00,"","hasarsız skill (base_damage 0): etki hareketin kendisi; vuruş 1: 0,74s@boss1,88m/oyuncu1,12m; kalıp sonu: merkeze 3,00 m, başlangıçtan 0,00 m, kalıp simülasyonundan 0,00 m"
4-6,"Bağlayıcı Kalkan","Kalkan","zincirli_firlatma",1,1,1,1,1,1,1,1,1,1,"ön","ön",0.00,"",1.50,1.35,0.73,0.70,1.07,0.00,0.00,"2/4 kare koşu, ayak/gövde hız oranı 1,00","hasarsız skill (base_damage 0): etki hareketin kendisi; vuruş 2: 0,47s@boss0,45m/oyuncu3,45m 0,93s@boss0,47m/oyuncu1,28m; kalıp sonu: merkeze 1,50 m, başlangıçtan 1,50 m, kalıp simülasyonundan 0,00 m"
4-7,"Bulandırıcı Kalkan","Kalkan","duman_duvari",1,1,1,1,1,1,1,1,1,1,"yerinde","yerinde",0.00,"oyuncu:Stealth",2.80,1.35,0.58,0.52,0.91,0.00,0.00,"","vuruş 1: 0,57s@boss0,42m/oyuncu2,38m; kalıp sonu: merkeze 2,80 m, başlangıçtan 0,20 m, kalıp simülasyonundan 0,00 m"
4-8,"Yükselen Kalkan","Kalkan","yerden_buyuyen",1,1,1,1,1,1,1,1,1,1,"yerinde","yerinde",0.00,"",3.00,1.35,0.47,0.42,0.80,0.00,0.00,"","hasarsız skill (base_damage 0): etki hareketin kendisi; vuruş 1: 0,60s@boss6,98m/oyuncu4,33m; kalıp sonu: merkeze 3,18 m, başlangıçtan 0,25 m, kalıp simülasyonundan 0,00 m, kalıp hedefi AllyDummy"
4-9,"Odaklı Kalkan","Kalkan","koruyucu_isaret",1,1,1,1,1,1,1,1,1,1,"geri","geri",0.00,"",3.00,1.35,0.20,0.20,0.53,0.00,0.00,"0/3 kare koşu","hasarsız skill (base_damage 0): etki hareketin kendisi; vuruş 1: 0,47s@boss3,90m/oyuncu0,35m; kalıp sonu: merkeze 3,61 m, başlangıçtan 0,80 m, kalıp simülasyonundan 0,00 m, kalıp hedefi AllyDummy"
5-4,"Sabit Patlama","Kalkan","mayin_cakma",1,1,1,1,1,1,1,1,1,1,"yerinde","yerinde",48264.00,"boss:Burn",2.85,1.35,0.60,0.54,1.00,0.00,0.00,"","vuruş 2: 0,74s@boss0,85m/oyuncu2,00m 0,80s@boss0,86m/oyuncu2,00m; kalıp sonu: merkeze 3,49 m, başlangıçtan 0,15 m, kalıp simülasyonundan 0,00 m, boss 0,64 m kaydı"
5-5,"Yayılan Patlama","Kalkan","yer_yarigi",1,1,1,1,1,1,1,1,1,1,"ön","ön",42464.00,"boss:Burn",1.50,1.35,0.60,0.56,1.00,0.00,0.00,"0/9 kare koşu","vuruş 3: 0,67s@boss0,33m/oyuncu1,25m 0,74s@boss0,20m/oyuncu1,36m 0,87s@boss0,23m/oyuncu1,28m; kalıp sonu: merkeze 1,60 m, başlangıçtan 2,55 m, kalıp simülasyonundan 0,55 m, boss 0,98 m kaydı"
5-6,"Bağlayıcı Patlama","Kalkan","gerilip_kopan",1,1,1,1,1,1,1,1,1,1,"geri","geri",71712.00,"boss:Root+Slow+Burn, boss hız x0,00",1.35,1.35,0.60,0.58,1.00,0.00,0.00,"0/6 kare koşu","vuruş 2: 0,53s@boss0,85m/oyuncu1,14m 0,87s@boss0,85m/oyuncu2,68m; kalıp sonu: merkeze 2,82 m, başlangıçtan 0,50 m, kalıp simülasyonundan 0,00 m, boss 0,68 m kaydı"
5-7,"Bulandırıcı Patlama","Kalkan","sis_bombasi",1,1,1,1,1,1,1,1,1,1,"yerinde","yerinde",50344.00,"boss:Blind+Burn, oyuncu:Stealth",2.99,1.35,0.27,0.22,0.67,0.00,0.00,"","vuruş 1: 0,54s@boss0,36m/oyuncu3,35m; kalıp sonu: merkeze 3,47 m, başlangıçtan 0,00 m, kalıp simülasyonundan 0,00 m, boss 0,47 m kaydı"
5-8,"Yükselen Patlama","Kalkan","yerden_fiskirma",1,1,1,1,1,1,1,1,1,1,"ön","ön",74984.00,"boss:Burn+Stun, boss hız x0,00",2.60,1.35,0.47,0.44,0.87,0.00,0.00,"","vuruş 1: 0,67s@boss0,00m/oyuncu2,75m; kalıp sonu: merkeze 2,60 m, başlangıçtan 0,40 m, kalıp simülasyonundan 0,00 m"
5-9,"Odaklı Patlama","Kalkan","gudumlu_top",1,1,1,1,1,1,1,1,1,1,"yerinde","yerinde",79328.00,"boss:Burn",3.03,1.35,0.60,0.56,1.00,0.00,0.00,"","vuruş 1: 0,87s@boss0,02m/oyuncu3,13m; kalıp sonu: merkeze 3,60 m, başlangıçtan 0,00 m, kalıp simülasyonundan 0,00 m, boss 0,60 m kaydı"
6-4,"Sabit Bağ","Kalkan","karsilikli_kilit",1,1,1,1,1,1,1,1,1,1,"ön","ön",36504.00,"boss:Burn+Root, boss hız x0,00",1.50,1.35,3.27,3.24,3.60,0.00,0.00,"1/4 kare koşu, ayak/gövde hız oranı 0,97","vuruş 1: 0,80s@boss0,40m/oyuncu1,11m; kalıp sonu: merkeze 2,87 m, başlangıçtan 1,59 m, kalıp simülasyonundan 0,09 m, boss 1,46 m kaydı"
6-5,"Yayılan Bağ","Kalkan","yer_tuzagi",1,1,1,1,1,1,1,1,1,1,"yerinde","yerinde",17456.00,"boss:Burn+Root, boss hız x0,00",3.00,1.35,0.34,0.28,0.67,0.00,0.00,"","vuruş 1: 0,47s@boss0,62m/oyuncu2,38m; kalıp sonu: merkeze 3,64 m, başlangıçtan 0,00 m, kalıp simülasyonundan 0,00 m, boss 0,64 m kaydı"
6-6,"Bağlayıcı Bağ","Kalkan","iki_uclu",1,1,1,1,1,1,1,1,1,1,"yerinde","yerinde",22240.00,"boss:Root+Slow+Burn, boss hız x0,00",3.01,1.35,0.67,0.65,1.00,0.00,0.00,"","vuruş 1: 0,47s@boss0,28m/oyuncu3,33m; kalıp sonu: merkeze 4,17 m, başlangıçtan 0,00 m, kalıp simülasyonundan 0,00 m, boss 1,17 m kaydı"
6-7,"Bulandırıcı Bağ","Kalkan","goz_bagi",1,1,1,1,1,1,1,1,1,1,"yerinde","yerinde",19920.00,"boss:Blind+Burn+Root, oyuncu:Stealth, boss hız x0,00",3.00,1.35,0.13,0.20,0.47,0.00,0.00,"","vuruş 1: 0,47s@boss0,28m/oyuncu3,28m; kalıp sonu: merkeze 3,00 m, başlangıçtan 0,00 m, kalıp simülasyonundan 0,00 m"
6-8,"Yükselen Bağ","Kalkan","havada_asma",1,1,1,1,1,1,1,1,1,1,"ön","ön",24448.00,"boss:Stun+Burn+Root, boss hız x0,00",1.49,1.35,1.20,1.14,1.53,0.00,0.00,"0/5 kare koşu","vuruş 1: 0,80s@boss1,50m/oyuncu0,00m; kalıp sonu: merkeze 2,61 m, başlangıçtan 1,50 m, kalıp simülasyonundan 0,00 m, boss 1,11 m kaydı"
6-9,"Odaklı Bağ","Kalkan","zamanli_donma",1,1,1,1,1,1,1,1,1,1,"ön","ön",27192.00,"boss:Burn+Root, boss hız x0,00",1.50,1.35,0.53,0.50,0.86,0.00,0.00,"0/3 kare koşu","vuruş 1: 0,73s@boss0,54m/oyuncu1,28m; kalıp sonu: merkeze 1,50 m, başlangıçtan 1,53 m, kalıp simülasyonundan 0,03 m"
7-4,"Sabit Zafiyet","Kalkan","mayin_cakma",1,1,1,1,1,1,1,1,1,1,"yerinde","yerinde",12488.00,"boss:Burn",2.86,1.35,0.59,0.54,1.00,0.00,0.00,"0/2 kare koşu","vuruş 2: 0,73s@boss0,85m/oyuncu2,02m 0,80s@boss0,86m/oyuncu2,02m; kalıp sonu: merkeze 3,51 m, başlangıçtan 0,24 m, kalıp simülasyonundan 0,09 m, boss 0,75 m kaydı"
7-5,"Yayılan Zafiyet","Kalkan","onde_yelpaze",1,1,1,1,1,1,1,1,1,1,"yerinde","yerinde",12928.00,"boss:Burn",3.02,1.35,0.66,0.63,1.06,0.00,0.00,"","vuruş 1: 0,80s@boss1,95m/oyuncu1,12m; kalıp sonu: merkeze 3,85 m, başlangıçtan 0,00 m, kalıp simülasyonundan 0,00 m, boss 0,85 m kaydı"
7-6,"Bağlayıcı Zafiyet","Kalkan","dost_ip",1,1,1,1,1,1,1,1,1,1,"yerinde","yerinde",15664.00,"boss:Root+Slow+Burn, boss hız x0,00",3.01,1.35,0.66,0.62,1.06,0.00,0.00,"","vuruş 1: 0,53s@boss0,27m/oyuncu3,33m; kalıp sonu: merkeze 4,17 m, başlangıçtan 0,00 m, kalıp simülasyonundan 0,00 m, boss 1,17 m kaydı"
8-4,"Sabit Yükseliş","Kalkan","totem_dikme",1,1,1,1,1,1,1,1,1,1,"yerinde","yerinde",0.00,"",3.00,1.35,0.33,0.30,0.67,0.00,0.00,"","hasarsız skill (base_damage 0): etki hareketin kendisi; vuruş 1: 0,54s@boss3,11m/oyuncu0,00m; kalıp sonu: merkeze 3,12 m, başlangıçtan 0,15 m, kalıp simülasyonundan 0,00 m, kalıp hedefi AllyDummy"
8-5,"Yayılan Yükseliş","Kalkan","savas_narasi",1,1,1,1,1,1,1,1,1,1,"yerinde","yerinde",0.00,"",3.00,1.35,0.40,0.36,0.73,0.00,0.00,"","hasarsız skill (base_damage 0): etki hareketin kendisi; vuruş 1: 0,47s@boss3,00m/oyuncu0,00m; kalıp sonu: merkeze 3,00 m, başlangıçtan 0,00 m, kalıp simülasyonundan 0,00 m"
8-6,"Bağlayıcı Yükseliş","Kalkan","dost_dosta",1,1,1,1,1,1,1,1,1,1,"yan","yan",0.00,"",2.38,1.35,0.54,0.52,0.87,0.00,0.00,"0/4 kare koşu","hasarsız skill (base_damage 0): etki hareketin kendisi; vuruş 3: 0,40s@boss4,05m/oyuncu1,22m 0,54s@boss2,64m/oyuncu1,41m 0,73s@boss4,76m/oyuncu2,38m; kalıp sonu: merkeze 2,38 m, başlangıçtan 1,41 m, kalıp simülasyonundan 0,00 m, kalıp hedefi AllyDummy"
9-4,"Sabit Arınma","Kalkan","yer_tuzagi",1,1,1,1,1,1,1,1,1,1,"yerinde","yerinde",0.00,"oyuncu +12000 can",3.00,1.35,0.33,0.28,0.73,0.00,0.00,"","vuruş 1: 0,53s@boss0,62m/oyuncu2,38m; kalıp sonu: merkeze 3,00 m, başlangıçtan 0,00 m, kalıp simülasyonundan 0,00 m"
9-5,"Yayılan Arınma","Kalkan","dagilan_yagmur",1,1,1,1,1,1,1,1,1,1,"yerinde","yerinde",0.00,"oyuncu +12000 can",3.00,1.35,0.60,0.58,1.00,0.00,0.00,"","vuruş 1: 0,74s@boss3,00m/oyuncu0,00m; kalıp sonu: merkeze 3,00 m, başlangıçtan 0,00 m, kalıp simülasyonundan 0,00 m, kalıp hedefi AllyDummy"
9-6,"Bağlayıcı Arınma","Kalkan","iki_uclu",1,1,1,1,1,1,1,1,1,1,"yerinde","yerinde",0.00,"oyuncu +12000 can",3.00,1.35,0.67,0.65,1.07,0.00,0.00,"","vuruş 1: 0,53s@boss6,31m/oyuncu3,82m; kalıp sonu: merkeze 3,00 m, başlangıçtan 0,00 m, kalıp simülasyonundan 0,00 m, kalıp hedefi AllyDummy"
4-10,"Aynalı Kalkan","Kalkan","sirtta_kapi",1,1,1,1,1,1,1,1,1,1,"ön","ön",30000.00,"",1.80,1.35,0.33,0.32,0.67,0.00,0.00,"0/3 kare koşu","vuruş 2: 0,40s@boss0,91m/oyuncu1,19m 0,53s@boss0,55m/oyuncu2,35m; kalıp sonu: merkeze 1,80 m, başlangıçtan 1,20 m, kalıp simülasyonundan 0,00 m"
4-11,"Kopya Kalkan","Kalkan","yem_kopya",1,1,1,1,1,1,1,1,1,1,"yerinde","yerinde",0.00,"",3.00,1.35,0.27,0.24,0.60,0.00,0.00,"","hasarsız skill (base_damage 0): etki hareketin kendisi; vuruş 1: 0,40s@boss2,98m/oyuncu1,29m; kalıp sonu: merkeze 3,00 m, başlangıçtan 0,00 m, kalıp simülasyonundan 0,00 m"
4-12,"Akan Kalkan","Kalkan","basili_siper",1,1,1,1,1,1,1,1,1,1,"geri","geri",0.00,"",3.00,1.35,3.00,3.00,3.34,0.00,0.00,"","hasarsız skill (base_damage 0): etki hareketin kendisi; vuruş 3: 1,07s@boss5,17m/oyuncu2,38m 2,07s@boss5,41m/oyuncu2,38m 3,07s@boss5,66m/oyuncu2,38m; kalıp sonu: merkeze 3,61 m, başlangıçtan 0,80 m, kalıp simülasyonundan 0,00 m, kalıp hedefi AllyDummy"
5-10,"Aynalı Patlama","Kalkan","karsi_darbe",1,1,1,1,1,1,1,1,1,1,"ön","ön",48184.00,"boss:Burn",1.91,1.35,0.40,0.36,0.80,0.00,0.00,"0/3 kare koşu","vuruş 1: 0,67s@boss0,55m/oyuncu1,36m; kalıp sonu: merkeze 2,17 m, başlangıçtan 1,30 m, kalıp simülasyonundan 0,00 m, boss 0,47 m kaydı"
5-11,"Kopya Patlama","Kalkan","golge_yankisi",1,1,1,1,1,1,1,1,1,1,"ön","ön",30816.00,"boss:Burn",2.34,1.35,0.53,0.50,0.93,0.00,0.00,"1/3 kare koşu, ayak/gövde hız oranı 1,02","vuruş 2: 0,47s@boss1,20m/oyuncu1,15m 0,80s@boss2,78m/oyuncu1,39m; kalıp sonu: merkeze 3,24 m, başlangıçtan 0,90 m, kalıp simülasyonundan 0,00 m, boss 1,14 m kaydı"
5-12,"Akan Patlama","Kalkan","patlayan_iz",1,1,1,1,1,1,1,1,1,1,"ön","ön",49552.00,"boss:Burn",2.17,1.35,2.94,3.00,3.34,0.00,0.00,"","vuruş 6: 0,81s@boss1,14m/oyuncu1,53m 1,34s@boss1,85m/oyuncu1,53m 1,81s@boss1,70m/oyuncu1,53m 2,34s@boss1,35m/oyuncu1,53m 2,80s@boss1,02m/oyuncu1,53m 3,34s@boss0,64m/oyuncu1,53m; kalıp sonu: merkeze 2,17 m, başlangıçtan 2,20 m, kalıp simülasyonundan 0,70 m, boss 1,37 m kaydı"
6-10,"Aynalı Bağ","Kalkan","karsi_darbe",1,1,1,1,1,1,1,1,1,1,"ön","ön",20464.00,"boss:Burn+Root, boss hız x0,00",1.91,1.35,0.40,0.36,0.74,0.00,0.00,"0/3 kare koşu","vuruş 1: 0,60s@boss0,56m/oyuncu1,36m; kalıp sonu: merkeze 2,17 m, başlangıçtan 1,30 m, kalıp simülasyonundan 0,00 m, boss 0,47 m kaydı"
6-11,"Kopya Bağ","Kalkan","onden_arkadan",1,1,1,1,1,1,1,1,1,1,"ön","ön",41024.00,"boss:Burn+Root, boss hız x0,00",2.36,1.35,0.38,0.34,0.72,0.00,0.00,"0/3 kare koşu","vuruş 2: 0,39s@boss1,26m/oyuncu1,11m 0,52s@boss0,60m/oyuncu3,23m; kalıp sonu: merkeze 3,06 m, başlangıçtan 0,90 m, kalıp simülasyonundan 0,00 m, boss 0,96 m kaydı"
6-12,"Akan Bağ","Kalkan","cember_sarma",1,1,1,1,1,1,1,1,1,1,"arka","arka",25200.00,"boss:Root+Burn, boss hız x0,00",1.50,1.35,0.91,0.90,1.25,0.00,0.00,"0/11 kare koşu","vuruş 1: 1,13s@boss0,01m/oyuncu2,06m; kalıp sonu: merkeze 2,47 m, başlangıçtan 4,61 m, kalıp simülasyonundan 0,03 m, boss 0,39 m kaydı"
10-4,"Sabit Yansı","Kalkan","duvar_dikme",1,1,1,1,1,1,1,1,1,1,"yerinde","yerinde",3928.00,"boss:Burn",3.00,1.35,0.34,0.32,0.68,0.00,0.00,"","vuruş 1: 0,55s@boss0,62m/oyuncu2,38m; kalıp sonu: merkeze 3,00 m, başlangıçtan 0,00 m, kalıp simülasyonundan 0,00 m"
10-5,"Yayılan Yansı","Kalkan","yuruyen_balon",1,1,1,1,1,1,1,1,1,1,"ön","ön",24008.00,"boss:Burn",1.80,1.35,4.27,4.20,4.60,0.00,0.00,"","vuruş 5: 0,40s@boss3,00m/oyuncu0,00m 1,53s@boss2,68m/oyuncu0,00m 2,53s@boss2,38m/oyuncu0,00m 3,53s@boss2,08m/oyuncu0,00m 4,53s@boss1,80m/oyuncu0,00m; kalıp sonu: merkeze 1,80 m, başlangıçtan 1,20 m, kalıp simülasyonundan 0,00 m"
10-6,"Bağlayıcı Yansı","Kalkan","silaha_kement",1,1,1,1,1,1,1,1,1,1,"yerinde","yerinde",8176.00,"boss:Root+Slow+Burn, boss hız x0,00",3.00,1.35,0.94,0.94,1.34,0.00,0.00,"","vuruş 1: 0,54s@boss0,40m/oyuncu3,40m; kalıp sonu: merkeze 3,00 m, başlangıçtan 0,00 m, kalıp simülasyonundan 0,00 m"
11-4,"Sabit Çağrı","Kalkan","taret_dikme",1,1,1,1,1,1,1,1,1,1,"ön","ön",53488.00,"boss:Burn",1.92,1.35,0.61,0.56,1.01,0.00,0.00,"0/3 kare koşu","vuruş 2: 0,61s@boss1,94m/oyuncu0,00m 0,88s@boss0,28m/oyuncu2,26m; kalıp sonu: merkeze 1,99 m, başlangıçtan 1,10 m, kalıp simülasyonundan 0,00 m"
11-5,"Yayılan Çağrı","Kalkan","dagilan_suru",1,1,1,1,1,1,1,1,1,1,"ön","ön",91080.00,"boss:Burn",2.60,1.35,0.54,0.54,0.94,0.00,0.00,"0/2 kare koşu","vuruş 3: 0,54s@boss0,35m/oyuncu2,65m 0,67s@boss0,00m/oyuncu2,65m 0,81s@boss0,35m/oyuncu2,70m; kalıp sonu: merkeze 2,68 m, başlangıçtan 0,40 m, kalıp simülasyonundan 0,00 m"
11-6,"Bağlayıcı Çağrı","Kalkan","muhafiz",1,1,1,1,1,1,1,1,1,1,"ön","ön",204376.00,"boss:Burn+Root+Slow, boss hız x0,00",1.85,1.35,0.69,0.66,1.09,0.00,0.00,"0/2 kare koşu","vuruş 1: 0,62s@boss1,92m/oyuncu1,20m; kalıp sonu: merkeze 1,94 m, başlangıçtan 1,15 m, kalıp simülasyonundan 0,00 m"
12-4,"Sabit Zaman","Kalkan","totem_dikme",1,1,1,1,1,1,1,1,1,1,"yerinde","yerinde",138984.00,"boss:Burn+Slow+Stun, boss hız x0,00",2.86,1.35,0.33,0.30,0.74,0.00,0.00,"","vuruş 1: 0,60s@boss2,86m/oyuncu0,00m; kalıp sonu: merkeze 3,31 m, başlangıçtan 0,15 m, kalıp simülasyonundan 0,00 m, boss 0,46 m kaydı"
12-5,"Yayılan Zaman","Kalkan","genisleyen_halka",1,1,1,1,1,1,1,1,1,1,"yerinde","yerinde",4016.00,"boss:Burn+Slow, boss hız x0,70",3.01,1.35,0.60,0.58,1.00,0.00,0.00,"","vuruş 1: 0,80s@boss3,08m/oyuncu0,00m; kalıp sonu: merkeze 3,72 m, başlangıçtan 0,00 m, kalıp simülasyonundan 0,00 m, boss 0,72 m kaydı"
12-6,"Bağlayıcı Zaman","Kalkan","iki_uclu",1,1,1,1,1,1,1,1,1,1,"yerinde","yerinde",6008.00,"boss:Burn, oyuncu:Haste, oyuncu hız x1,30",3.01,1.35,0.67,0.65,1.07,0.00,0.00,"","vuruş 1: 0,53s@boss0,28m/oyuncu3,34m; kalıp sonu: merkeze 4,19 m, başlangıçtan 0,00 m, kalıp simülasyonundan 0,00 m, boss 1,19 m kaydı"
7-7,"Bulandırıcı Zafiyet","Kalkan","sis_bombasi",1,1,1,1,1,1,1,1,1,1,"yerinde","yerinde",11648.00,"boss:Blind+Burn, oyuncu:Stealth",3.00,1.35,0.27,0.22,0.68,0.00,0.00,"","vuruş 1: 0,55s@boss0,36m/oyuncu3,36m; kalıp sonu: merkeze 3,48 m, başlangıçtan 0,00 m, kalıp simülasyonundan 0,00 m, boss 0,48 m kaydı"
7-8,"Yükselen Zafiyet","Kalkan","yerden_fiskirma",1,1,1,1,1,1,1,1,1,1,"ön","ön",11800.00,"boss:Burn+Stun, boss hız x0,00",2.60,1.35,0.47,0.44,0.87,0.00,0.00,"","vuruş 1: 0,67s@boss0,00m/oyuncu2,75m; kalıp sonu: merkeze 2,60 m, başlangıçtan 0,40 m, kalıp simülasyonundan 0,00 m"
7-9,"Odaklı Zafiyet","Kalkan","isaret_patlamasi",1,1,1,1,1,1,1,1,1,1,"yerinde","yerinde",20536.00,"boss:Burn",3.03,1.35,1.93,1.92,2.33,0.00,0.00,"","vuruş 1: 2,20s@boss0,00m/oyuncu3,16m; kalıp sonu: merkeze 3,16 m, başlangıçtan 0,00 m, kalıp simülasyonundan 0,00 m, boss 0,16 m kaydı"
7-10,"Aynalı Zafiyet","Kalkan","onden_arkadan",1,1,1,1,1,1,1,1,1,1,"ön","ön",17160.00,"boss:Burn",2.41,1.35,0.40,0.34,0.80,0.00,0.00,"0/3 kare koşu","vuruş 2: 0,47s@boss1,31m/oyuncu1,11m 0,60s@boss0,60m/oyuncu3,34m; kalıp sonu: merkeze 3,17 m, başlangıçtan 0,90 m, kalıp simülasyonundan 0,00 m, boss 1,07 m kaydı"
7-11,"Kopya Zafiyet","Kalkan","golge_yankisi",1,1,1,1,1,1,1,1,1,1,"ön","ön",13360.00,"boss:Burn",2.27,1.35,0.54,0.50,0.94,0.00,0.00,"1/3 kare koşu, ayak/gövde hız oranı 1,02","vuruş 2: 0,47s@boss1,12m/oyuncu1,15m 0,80s@boss2,72m/oyuncu1,39m; kalıp sonu: merkeze 3,18 m, başlangıçtan 0,90 m, kalıp simülasyonundan 0,00 m, boss 1,08 m kaydı"
7-12,"Akan Zafiyet","Kalkan","basili_isik",1,1,1,1,1,1,1,1,1,1,"ön","ön",33736.00,"boss:Burn",2.91,1.35,3.01,3.00,3.41,0.00,0.00,"","vuruş 6: 0,60s@boss0,19m/oyuncu2,72m 1,14s@boss1,09m/oyuncu2,72m 1,61s@boss1,08m/oyuncu2,72m 2,14s@boss0,91m/oyuncu2,72m 2,61s@boss0,73m/oyuncu2,72m 3,14s@boss0,52m/oyuncu2,72m; kalıp sonu: merkeze 3,17 m, başlangıçtan 1,20 m, kalıp simülasyonundan 0,00 m, boss 1,37 m kaydı"
8-7,"Bulandırıcı Yükseliş","Kalkan","goz_bagi",1,1,1,1,1,1,1,1,1,1,"yerinde","yerinde",0.00,"oyuncu:Stealth",3.00,1.35,0.27,0.20,0.60,0.00,0.00,"","vuruş 1: 0,47s@boss0,28m/oyuncu3,28m; kalıp sonu: merkeze 3,00 m, başlangıçtan 0,00 m, kalıp simülasyonundan 0,00 m"
8-8,"Yükselen Yükseliş","Kalkan","buyuten_kemer",1,1,1,1,1,1,1,1,1,1,"yerinde","yerinde",0.00,"",3.00,1.35,0.47,0.42,0.80,0.00,0.00,"","hasarsız skill (base_damage 0): etki hareketin kendisi; vuruş 1: 0,60s@boss5,04m/oyuncu2,21m; kalıp sonu: merkeze 3,22 m, başlangıçtan 0,30 m, kalıp simülasyonundan 0,00 m, kalıp hedefi AllyDummy"
8-9,"Odaklı Yükseliş","Kalkan","gudumlu_top",1,1,1,1,1,1,1,1,1,1,"yerinde","yerinde",0.00,"",3.00,1.35,0.57,0.56,0.91,0.00,0.00,"","hasarsız skill (base_damage 0): etki hareketin kendisi; vuruş 1: 0,77s@boss6,98m/oyuncu4,53m; kalıp sonu: merkeze 3,00 m, başlangıçtan 0,00 m, kalıp simülasyonundan 0,00 m, kalıp hedefi AllyDummy"
8-10,"Aynalı Yükseliş","Kalkan","ters_es",1,1,1,1,1,1,1,1,1,1,"yerinde","yerinde",0.00,"",3.00,1.35,0.47,0.44,0.80,0.00,0.00,"","hasarsız skill (base_damage 0): etki hareketin kendisi; vuruş 2: 0,46s@boss2,60m/oyuncu0,40m 0,67s@boss0,00m/oyuncu3,00m; kalıp sonu: merkeze 3,00 m, başlangıçtan 0,00 m, kalıp simülasyonundan 0,00 m"
8-11,"Kopya Yükseliş","Kalkan","golge_ulak",1,1,1,1,1,1,1,1,1,1,"yan","yan",0.00,"",2.43,1.35,1.40,1.36,1.74,0.00,0.00,"1/3 kare koşu, ayak/gövde hız oranı 0,99","hasarsız skill (base_damage 0): etki hareketin kendisi; vuruş 2: 0,40s@boss3,26m/oyuncu0,35m 1,60s@boss3,04m/oyuncu1,46m; kalıp sonu: merkeze 2,43 m, başlangıçtan 1,41 m, kalıp simülasyonundan 0,00 m, kalıp hedefi AllyDummy"
8-12,"Akan Yükseliş","Kalkan","akinti_yolu",1,1,1,1,1,1,1,1,1,1,"geri","geri",0.00,"",3.00,1.35,1.00,0.94,1.33,0.00,0.00,"0/10 kare koşu","hasarsız skill (base_damage 0): etki hareketin kendisi; vuruş 1: 1,13s@boss6,27m/oyuncu2,38m; kalıp sonu: merkeze 4,11 m, başlangıçtan 1,40 m, kalıp simülasyonundan 0,00 m, kalıp hedefi AllyDummy"
9-7,"Bulandırıcı Arınma","Kalkan","sis_ortusu",1,1,1,1,1,1,1,1,1,1,"yerinde","yerinde",0.00,"oyuncu:Stealth, oyuncu +12000 can",3.00,1.35,0.33,0.30,0.73,0.00,0.00,"","vuruş 1: 0,53s@boss0,00m/oyuncu3,00m; kalıp sonu: merkeze 3,00 m, başlangıçtan 0,00 m, kalıp simülasyonundan 0,00 m"
9-8,"Yükselen Arınma","Kalkan","isik_sutunu",1,1,1,1,1,1,1,1,1,1,"yerinde","yerinde",0.00,"oyuncu +12000 can",3.00,1.35,0.53,0.48,0.93,0.00,0.00,"","vuruş 1: 0,73s@boss3,06m/oyuncu0,00m; kalıp sonu: merkeze 3,07 m, başlangıçtan 0,10 m, kalıp simülasyonundan 0,00 m, kalıp hedefi AllyDummy"
9-9,"Odaklı Arınma","Kalkan","mermi_sondur",1,1,1,1,1,1,1,1,1,1,"yerinde","yerinde",0.00,"oyuncu +12000 can",3.00,1.35,0.40,0.38,0.80,0.00,0.00,"","vuruş 1: 0,67s@boss6,98m/oyuncu4,53m; kalıp sonu: merkeze 3,00 m, başlangıçtan 0,00 m, kalıp simülasyonundan 0,00 m, kalıp hedefi AllyDummy"
9-10,"Aynalı Arınma","Kalkan","yer_degistir",1,1,1,1,1,1,1,1,1,1,"arka","arka",0.00,"oyuncu +12000 can",1.50,1.35,0.40,0.34,0.80,0.00,0.00,"0/1 kare koşu","vuruş 1: 0,67s@boss0,31m/oyuncu1,19m; kalıp sonu: merkeze 1,50 m, başlangıçtan 4,50 m, kalıp simülasyonundan 0,00 m, ışın 8,34 m konumdan çıkarıldı; tek karede 8,34 m sıçrama (sınır 2,37 m @ 64 ms, t=0,80, ışın tasarım gereği)"
9-11,"Kopya Arınma","Kalkan","yem_kopya",1,1,1,1,1,1,1,1,1,1,"yerinde","yerinde",0.00,"oyuncu +12000 can, dost +12000 can",3.00,1.35,0.27,0.24,0.67,0.00,0.00,"","vuruş 1: 0,53s@boss2,98m/oyuncu1,29m; kalıp sonu: merkeze 3,00 m, başlangıçtan 0,00 m, kalıp simülasyonundan 0,00 m"
9-12,"Akan Arınma","Kalkan","nabiz",1,1,1,1,1,1,1,1,1,1,"yerinde","yerinde",0.00,"oyuncu +8000 can, dost +4000 can",3.00,1.35,3.24,3.18,3.65,0.00,0.00,"","vuruş 3: 1,58s@boss3,00m/oyuncu0,00m 2,58s@boss3,00m/oyuncu0,00m 3,58s@boss3,00m/oyuncu0,00m; kalıp sonu: merkeze 3,00 m, başlangıçtan 0,00 m, kalıp simülasyonundan 0,00 m"
10-7,"Bulandırıcı Yansı","Kalkan","sahte_goruntu",1,1,1,1,1,1,1,1,1,1,"geri","geri",6008.00,"boss:Blind+Burn, oyuncu:Stealth",2.48,1.35,0.60,0.56,0.93,0.00,0.00,"1/5 kare koşu, ayak/gövde hız oranı 1,01","vuruş 3: 0,47s@boss2,60m/oyuncu1,37m 0,60s@boss2,60m/oyuncu1,37m 0,80s@boss3,21m/oyuncu0,00m; kalıp sonu: merkeze 3,38 m, başlangıçtan 0,37 m, kalıp simülasyonundan 0,00 m"
10-8,"Yükselen Yansı","Kalkan","yerden_buyuyen",1,1,1,1,1,1,1,1,1,1,"ön","ön",3208.00,"boss:Burn",2.35,1.35,0.60,0.54,0.93,0.00,0.00,"0/2 kare koşu","vuruş 1: 0,73s@boss0,00m/oyuncu2,39m; kalıp sonu: merkeze 2,35 m, başlangıçtan 0,65 m, kalıp simülasyonundan 0,00 m"
10-9,"Odaklı Yansı","Kalkan","koruyucu_isaret",1,1,1,1,1,1,1,1,1,1,"ön","ön",0.00,"",1.73,1.35,0.33,0.32,0.67,0.00,0.00,"0/5 kare koşu","hasarsız skill (base_damage 0): etki hareketin kendisi; vuruş 1: 0,53s@boss1,59m/oyuncu0,35m; kalıp sonu: merkeze 1,73 m, başlangıçtan 1,28 m, kalıp simülasyonundan 0,00 m"
11-7,"Bulandırıcı Çağrı","Kalkan","sirt_saplama",1,1,1,1,1,1,1,1,1,1,"ön","ön",29240.00,"boss:Blind+Burn, oyuncu:Stealth",2.10,1.35,0.47,0.44,0.87,0.00,0.00,"0/2 kare koşu","vuruş 1: 0,74s@boss0,00m/oyuncu2,16m; kalıp sonu: merkeze 2,18 m, başlangıçtan 0,90 m, kalıp simülasyonundan 0,00 m"
11-8,"Yükselen Çağrı","Kalkan","dostu_yerden",1,1,1,1,1,1,1,1,1,1,"ön","ön",53408.00,"boss:Burn",2.02,1.35,0.93,0.90,1.34,0.00,0.00,"0/10 kare koşu","vuruş 1: 1,13s@boss1,98m/oyuncu0,95m; kalıp sonu: merkeze 2,10 m, başlangıçtan 1,42 m, kalıp simülasyonundan 0,00 m"
11-9,"Odaklı Çağrı","Kalkan","pesinden_av",1,1,1,1,1,1,1,1,1,1,"ön","ön",185552.00,"boss:Burn",1.92,1.35,2.47,2.46,2.84,0.00,0.00,"0/2 kare koşu","vuruş 1: 2,70s@boss0,00m/oyuncu2,01m; kalıp sonu: merkeze 2,01 m, başlangıçtan 1,10 m, kalıp simülasyonundan 0,00 m, boss 0,11 m kaydı"
12-7,"Bulandırıcı Zaman","Kalkan","kum_saati",1,1,1,1,1,1,1,1,1,1,"yerinde","yerinde",41992.00,"boss:Blind+Burn+Slow, oyuncu:Stealth, boss hız x0,70",3.00,1.35,0.65,0.62,1.07,0.00,0.00,"","vuruş 1: 0,56s@boss0,28m/oyuncu3,28m; kalıp sonu: merkeze 4,09 m, başlangıçtan 0,00 m, kalıp simülasyonundan 0,00 m, boss 1,09 m kaydı"
12-8,"Yükselen Zaman","Kalkan","isik_sutunu",1,1,1,1,1,1,1,1,1,1,"yerinde","yerinde",2784.00,"boss:Burn, oyuncu:Haste, oyuncu hız x1,50",2.90,1.35,0.53,0.48,0.93,0.00,0.00,"","vuruş 1: 0,73s@boss2,92m/oyuncu0,00m; kalıp sonu: merkeze 2,90 m, başlangıçtan 0,10 m, kalıp simülasyonundan 0,00 m"
12-9,"Odaklı Zaman","Kalkan","isaret_patlamasi",1,1,1,1,1,1,1,1,1,1,"yerinde","yerinde",2800.00,"boss:Burn+Slow, boss hız x0,70",3.00,1.35,1.94,1.92,2.33,0.00,0.00,"","vuruş 1: 2,20s@boss0,00m/oyuncu3,00m; kalıp sonu: merkeze 3,00 m, başlangıçtan 0,00 m, kalıp simülasyonundan 0,00 m"
