skill;fiil;sifat;silah;uyumlu;etiketler;aciklama;catisma;celiski;imza
1-1;Saldırı;Yoğun;Yumruk;evet;Delici;yumruk teması → kapsül 0.8m, dokunduğun ilk kişide (delip geçer, tek hedef). Etkiler: can→düşman -43.2;;;yol=temas|sekil=capsule|dogar=dokunus|temas=tek|gecir=delici|tek_hedef || deger:can>dusman[]
1-2;Saldırı;Emici;Yumruk;evet;Girdap;"yumruk teması → kapsül 1.5m, dokunduğun ilk kişide (içine çeker, tek hedef). Etkiler: can→düşman -30.4; can→sen 9.12 [aktarim]; mermi_sil→düşman mermisi [yut]";;;"yol=temas|sekil=capsule|dogar=dokunus|temas=tek|gecir=normal|cekim|tek_hedef || deger:can>dusman[] ; deger:can>kendin[aktarim] ; varlik:mermi_sil>dusman_nesnesi[yut]"
1-3;Saldırı;Sıçrayan;Yumruk;evet;Seken;yumruk teması → kapsül 1.7m, dokunduğun ilk kişide (tek hedef, 2 kez seker). Etkiler: can→düşman -32 [seker];;;yol=temas|sekil=capsule|dogar=dokunus|temas=tek|gecir=normal|seker|tek_hedef || deger:can>dusman[seker]
1-4;Saldırı;Sabit;Yumruk;evet;Tuzak;yumruk teması → kapsül 1.5m, dokunduğun ilk kişide (yerinde çapalı, tek hedef, içine girene). Etkiler: can→düşman -32 [tuzak];;;yol=temas|sekil=capsule|dogar=dokunus|temas=giris|gecir=normal|capali|tek_hedef || deger:can>dusman[tuzak]
1-5;Saldırı;Yayılan;Yumruk;evet;Dalga;yumruk teması → kapsül 2.7m, dokunduğun ilk kişide (dışa büyür, cephe geçerken). Etkiler: can→düşman -27.2 [alan];;;yol=temas|sekil=capsule|dogar=dokunus|temas=cephe|gecir=normal|genisler || deger:can>dusman[alan]
1-6;Saldırı;Bağlayıcı;Yumruk;evet;Bağ;"yumruk teması → bağ 1.5m, dokunduğun ilk kişide (sen↔hedef bağı, tek hedef, tik tik). Etkiler: can→düşman -32 [bag_akisi]; hareket→düşman 1.5sn [bag_ucu]; hareket→düşman 0.7 1.5sn [bag_ucu,yavas]";;;"yol=temas|sekil=bag|dogar=dokunus|temas=tik|gecir=normal|bag|tek_hedef || deger:can>dusman[bag_akisi] ; hiz:hareket>dusman[bag_ucu,yavas] ; hiz:hareket>dusman[bag_ucu]"
1-7;Saldırı;Bulandırıcı;Yumruk;evet;Sis;"yumruk teması → bulut 1.5m, dokunduğun ilk kişide (sis hacmi, tek hedef, tik tik). Etkiler: can→düşman -32 [bulut_tik]; gizlen→dost 3.2sn [bulut_ici]; kor→düşman 0.3 3.2sn [bulut_ici]";;;"yol=temas|sekil=bulut|dogar=dokunus|temas=tik|gecir=normal|bulut|tek_hedef || deger:can>dusman[bulut_tik] ; gorunurluk:gizlen>dost[bulut_ici] ; gorunurluk:kor>dusman[bulut_ici]"
1-8;Saldırı;Yükselen;Yumruk;evet;Havaya atma, Yükselen;"yumruk teması → kapsül 1.5m, dokunduğun ilk kişide (yerden yükselir, gücü artar, tek hedef). Etkiler: can→düşman -32 [havaya_at]; hareket→düşman 0.8sn [havada]; hasar_buff→sen 0.1 3sn [yukselen]";;;"yol=temas|sekil=capsule|dogar=dokunus|temas=tek|gecir=normal|dikey|rampa|tek_hedef || deger:can>dusman[havaya_at] ; deger:hasar_buff>kendin[yukselen] ; hiz:hareket>dusman[havada]"
1-9;Saldırı;Odaklı;Yumruk;evet;Güdümlü;yumruk teması → kapsül 1.5m, dokunduğun ilk kişide (hedefe kilitli, tek hedef). Etkiler: can→düşman -36.8 [iskalamaz,zirh_yoksay];;;yol=temas|sekil=capsule|dogar=dokunus|temas=tek|gecir=normal|gudum|tek_hedef || deger:can>dusman[iskalamaz,zirh_yoksay]
1-10;Saldırı;Aynalı;Yumruk;evet;Kıskaç, Ayna eşli;"yumruk teması → kapsül 1.5m, dokunduğun ilk kişide (karşı noktada eşi, tek hedef). Etkiler: can→düşman -32 [kiskac]; yansit→sen 0.3 2sn [ayna_sifati]";;;"yol=temas|sekil=capsule|dogar=dokunus|temas=tek|gecir=normal|ayna|tek_hedef || deger:can>dusman[kiskac] ; yon:yansit>kendin[ayna_sifati]"
1-11;Saldırı;Kopya;Yumruk;evet;Çift;yumruk teması → kapsül 1.5m, dokunduğun ilk kişide (tek hedef, 2 kez (kopya)). Etkiler: can→düşman -32 [iki_kez];;;yol=temas|sekil=capsule|dogar=dokunus|temas=tek|gecir=normal|cogul|tek_hedef || deger:can>dusman[iki_kez]
1-12;Saldırı;Akan;Yumruk;evet;Akış;yumruk teması → kapsül 1.5m, dokunduğun ilk kişide (sürekli akar, tek hedef, tik tik). Etkiler: can→düşman -22.4 3sn [akis];;;yol=temas|sekil=capsule|dogar=dokunus|temas=tik|gecir=normal|surekli|tek_hedef || deger:can>dusman[akis]
2-1;İyileştirme;Yoğun;Yumruk;hayir;Taşma;yumruk teması → küre 1.1m, dokunduğun ilk kişide (tek hedef, uyumsuz silah). Etkiler: can→dost 37.8 [tasar];;;yol=temas|sekil=sphere|dogar=dokunus|temas=tek|gecir=normal|tek_hedef || deger:can>dost[tasar]
2-2;İyileştirme;Emici;Yumruk;hayir;Emme/çalma;"yumruk teması → küre 2m, dokunduğun ilk kişide (tek hedef, uyumsuz silah). Etkiler: can→düşman -26.6 [emme]; can→sen 26.6 [aktarim]; mermi_sil→düşman mermisi [yut]";;;"yol=temas|sekil=sphere|dogar=dokunus|temas=tek|gecir=normal|tek_hedef || deger:can>dusman[emme] ; deger:can>kendin[aktarim] ; varlik:mermi_sil>dusman_nesnesi[yut]"
2-3;İyileştirme;Sıçrayan;Yumruk;hayir;Seken;yumruk teması → küre 2.2m, dokunduğun ilk kişide (tek hedef, 2 kez seker, uyumsuz silah). Etkiler: can→dost 28 [dosttan_dosta];;;yol=temas|sekil=sphere|dogar=dokunus|temas=tek|gecir=normal|seker|tek_hedef || deger:can>dost[dosttan_dosta]
2-4;İyileştirme;Sabit;Yumruk;hayir;Totem;yumruk teması → küre 2m, dokunduğun ilk kişide (yerinde çapalı, tek hedef, tik tik, uyumsuz silah). Etkiler: can→dost 28 [totem];;;yol=temas|sekil=sphere|dogar=dokunus|temas=tik|gecir=normal|capali|tek_hedef || deger:can>dost[totem]
2-5;İyileştirme;Yayılan;Yumruk;hayir;Dalga;yumruk teması → küre 3.6m, dokunduğun ilk kişide (dışa büyür, cephe geçerken, uyumsuz silah). Etkiler: can→dost 23.8 [alan];;;yol=temas|sekil=sphere|dogar=dokunus|temas=cephe|gecir=normal|genisler || deger:can>dost[alan]
2-6;İyileştirme;Bağlayıcı;Yumruk;hayir;Can bağı, Bağ;"yumruk teması → bağ 2m, dokunduğun ilk kişide (sen↔hedef bağı, tek hedef, tik tik, uyumsuz silah). Etkiler: can→dost 28 [can_bagi]; hasar_paylasimi→dost 0.5 1.5sn [bag]";;;"yol=temas|sekil=bag|dogar=dokunus|temas=tik|gecir=normal|bag|tek_hedef || deger:can>dost[can_bagi] ; deger:hasar_paylasimi>dost[bag]"
2-7;İyileştirme;Bulandırıcı;Yumruk;hayir;Sis;"yumruk teması → bulut 2m, dokunduğun ilk kişide (sis hacmi, tek hedef, tik tik, uyumsuz silah). Etkiler: can→dost 28 [bulut_tik]; gizlen→dost 3.2sn [bulut_ici]; kor→düşman 0.3 3.2sn [bulut_ici]";;;"yol=temas|sekil=bulut|dogar=dokunus|temas=tik|gecir=normal|bulut|tek_hedef || deger:can>dost[bulut_tik] ; gorunurluk:gizlen>dost[bulut_ici] ; gorunurluk:kor>dusman[bulut_ici]"
2-8;İyileştirme;Yükselen;Yumruk;hayir;Yükselen;"yumruk teması → küre 2m, dokunduğun ilk kişide (yerden yükselir, gücü artar, tek hedef, uyumsuz silah). Etkiler: can→dost 28 [buyuyen]; hasar_buff→sen 0.1 3sn [yukselen]";;;"yol=temas|sekil=sphere|dogar=dokunus|temas=tek|gecir=normal|dikey|rampa|tek_hedef || deger:can>dost[buyuyen] ; deger:hasar_buff>kendin[yukselen]"
2-9;İyileştirme;Odaklı;Yumruk;hayir;Koruyucu tetik, Güdümlü;yumruk teması → küre 2m, dokunduğun ilk kişide (hedefe kilitli, tek hedef, uyumsuz silah). Etkiler: can→dost 32.2 [koruyucu_tetik];;;yol=temas|sekil=sphere|dogar=dokunus|temas=tek|gecir=normal|gudum|tek_hedef || deger:can>dost[koruyucu_tetik]
2-10;İyileştirme;Aynalı;Yumruk;hayir;Ters kopya, Ayna eşli;"yumruk teması → küre 2m, dokunduğun ilk kişide (karşı noktada eşi, tek hedef, uyumsuz silah). Etkiler: can→dost 28; can→düşman -8.4 [ters_kopya]; yansit→sen 0.3 2sn [ayna_sifati]";;;"yol=temas|sekil=sphere|dogar=dokunus|temas=tek|gecir=normal|ayna|tek_hedef || deger:can>dost[] ; deger:can>dusman[ters_kopya] ; yon:yansit>kendin[ayna_sifati]"
2-11;İyileştirme;Kopya;Yumruk;hayir;Çift;yumruk teması → küre 2m, dokunduğun ilk kişide (tek hedef, 2 kez (kopya), uyumsuz silah). Etkiler: can→dost 28 [iki_kez];;;yol=temas|sekil=sphere|dogar=dokunus|temas=tek|gecir=normal|cogul|tek_hedef || deger:can>dost[iki_kez]
2-12;İyileştirme;Akan;Yumruk;hayir;Akış;yumruk teması → küre 2m, dokunduğun ilk kişide (sürekli akar, tek hedef, tik tik, uyumsuz silah). Etkiler: can→dost 19.6 3sn [akis];;;yol=temas|sekil=sphere|dogar=dokunus|temas=tik|gecir=normal|surekli|tek_hedef || deger:can>dost[akis]
3-1;Hareket;Yoğun;Yumruk;evet;Faz geçişi;yumruk teması → çizgi 1.7m, sende (tek hedef). Etkiler: kendini_tasi→sen 1.5 [faz,yol:kisa_hamle];;;yol=temas|sekil=line|dogar=sende|temas=tek|gecir=normal|tek_hedef || konum:kendini_tasi>kendin[faz,yol:kisa_hamle]
3-2;Hareket;Emici;Yumruk;evet;Hedefi sana çekme, Girdap;"yumruk teması → çizgi 3m, sende (içine çeker). Etkiler: cek→düşman 1.5 [sana_dogru,yol:kisa_hamle]; mermi_sil→düşman mermisi [yut]";;;"yol=temas|sekil=line|dogar=sende|temas=tek|gecir=normal|cekim || konum:cek>dusman[sana_dogru,yol:kisa_hamle] ; varlik:mermi_sil>dusman_nesnesi[yut]"
3-3;Hareket;Sıçrayan;Yumruk;evet;Sekmeli zıplama, Seken;yumruk teması → çizgi 3.3m, sende (2 kez seker). Etkiler: kendini_tasi→sen 1.5 [sekmeli,yol:kisa_hamle];;;yol=temas|sekil=line|dogar=sende|temas=tek|gecir=normal|seker || konum:kendini_tasi>kendin[sekmeli,yol:kisa_hamle]
3-4;Hareket;Sabit;Yumruk;evet;İşaretle-geri dön;yumruk teması → çizgi 3m, sende (yerinde çapalı). Etkiler: isaret_geri_don→sen 1.5 2.2sn [geri_donus,yol:kisa_hamle];;;yol=temas|sekil=line|dogar=sende|temas=tek|gecir=normal|capali || konum:isaret_geri_don>kendin[geri_donus,yol:kisa_hamle]
3-5;Hareket;Yayılan;Yumruk;evet;İniş şok dalgası, Dalga;"yumruk teması → çizgi 5.4m, sende (dışa büyür, cephe geçerken). Etkiler: kendini_tasi→sen 1.5 [inis_dalgasi,yol:kisa_hamle]; it→düşman [dalga]";;;"yol=temas|sekil=line|dogar=sende|temas=cephe|gecir=normal|genisler || konum:it>dusman[dalga] ; konum:kendini_tasi>kendin[inis_dalgasi,yol:kisa_hamle]"
3-6;Hareket;Bağlayıcı;Yumruk;evet;Yer değiştirme, Bağ;"yumruk teması → bağ 3m, sende (sen↔hedef bağı, tik tik). Etkiler: yer_degistir→düşman 1.5 [iki_uc,yol:kisa_hamle]; hareket→düşman 1.5sn [bag_ucu]; hareket→düşman 0.7 1.5sn [bag_ucu,yavas]";;;"yol=temas|sekil=bag|dogar=sende|temas=tik|gecir=normal|bag || hiz:hareket>dusman[bag_ucu,yavas] ; hiz:hareket>dusman[bag_ucu] ; konum:yer_degistir>dusman[iki_uc,yol:kisa_hamle]"
3-7;Hareket;Bulandırıcı;Yumruk;evet;Görünmez geçiş, Sis;"yumruk teması → bulut 3m, sende (sis hacmi, tik tik). Etkiler: kendini_tasi→sen 1.5 [gorunmez_gecis,yol:kisa_hamle]; gizlen→dost 3.2sn [bulut_ici]; kor→düşman 0.3 3.2sn [bulut_ici]";;;"yol=temas|sekil=bulut|dogar=sende|temas=tik|gecir=normal|bulut || gorunurluk:gizlen>dost[bulut_ici] ; gorunurluk:kor>dusman[bulut_ici] ; konum:kendini_tasi>kendin[gorunmez_gecis,yol:kisa_hamle]"
3-8;Hareket;Yükselen;Yumruk;evet;Sıçrayıp çakılma, Yükselen;"yumruk teması → çizgi 3m, sende (yerden yükselir, gücü artar). Etkiler: kendini_tasi→sen 1.5 [sicrayip_cakil,yol:kisa_hamle]; hasar_buff→sen 0.1 3sn [yukselen]";;;"yol=temas|sekil=line|dogar=sende|temas=tek|gecir=normal|dikey|rampa || deger:hasar_buff>kendin[yukselen] ; konum:kendini_tasi>kendin[sicrayip_cakil,yol:kisa_hamle]"
3-9;Hareket;Odaklı;Yumruk;evet;Arkaya ışınlanma, Güdümlü;yumruk teması → çizgi 3m, sende (hedefe kilitli, tek hedef). Etkiler: hedefin_arkasina→sen 1.5 [isinlanma,yol:kisa_hamle];;;yol=temas|sekil=line|dogar=sende|temas=tek|gecir=normal|gudum|tek_hedef || konum:hedefin_arkasina>kendin[isinlanma,yol:kisa_hamle]
3-10;Hareket;Aynalı;Yumruk;evet;Portal, Ayna eşli;"yumruk teması → çizgi 3m, sende (karşı noktada eşi). Etkiler: portal→sen 1.5 4sn [portal_cifti,yol:kisa_hamle]; yansit→sen 0.3 2sn [ayna_sifati]";;;"yol=temas|sekil=line|dogar=sende|temas=tek|gecir=normal|ayna || konum:portal>kendin[portal_cifti,yol:kisa_hamle] ; yon:yansit>kendin[ayna_sifati]"
3-11;Hareket;Kopya;Yumruk;evet;Yem kopya, Çift;"yumruk teması → çizgi 3m, sende (2 kez (kopya)). Etkiler: kendini_tasi→sen 1.5 [ardinda_kopya,yol:kisa_hamle]; yem_kopya→sen 1 2sn [dikkat_ceker]";;;"yol=temas|sekil=line|dogar=sende|temas=tek|gecir=normal|cogul || konum:kendini_tasi>kendin[ardinda_kopya,yol:kisa_hamle] ; varlik:yem_kopya>kendin[dikkat_ceker]"
3-12;Hareket;Akan;Yumruk;evet;Süzülme, Akış;yumruk teması → çizgi 3m, sende (sürekli akar, tik tik). Etkiler: kendini_tasi→sen 1.5 3sn [suzulme,yol:kisa_hamle];;;yol=temas|sekil=line|dogar=sende|temas=tik|gecir=normal|surekli || konum:kendini_tasi>kendin[suzulme,yol:kisa_hamle]
4-1;Savunma;Yoğun;Yumruk;hayir;Taşma;yumruk teması → küre 0.8m, dokunduğun ilk kişide (katı, tek hedef, uyumsuz silah). Etkiler: kalkan→dost 54 [tasar];;;yol=temas|sekil=sphere|dogar=dokunus|temas=tek|gecir=kati|tek_hedef || deger:kalkan>dost[tasar]
4-2;Savunma;Emici;Yumruk;hayir;Emme/çalma;"yumruk teması → küre 1.5m, dokunduğun ilk kişide (katı, tek hedef, uyumsuz silah). Etkiler: can→düşman -38 [emme]; kalkan→sen 38 [aktarim]; mermi_sil→düşman mermisi [yut]";;;"yol=temas|sekil=sphere|dogar=dokunus|temas=tek|gecir=kati|tek_hedef || deger:can>dusman[emme] ; deger:kalkan>kendin[aktarim] ; varlik:mermi_sil>dusman_nesnesi[yut]"
4-3;Savunma;Sıçrayan;Yumruk;hayir;Seken;yumruk teması → küre 1.7m, dokunduğun ilk kişide (katı, tek hedef, 2 kez seker, uyumsuz silah). Etkiler: kalkan→dost 40 [dosttan_dosta];;;yol=temas|sekil=sphere|dogar=dokunus|temas=tek|gecir=kati|seker|tek_hedef || deger:kalkan>dost[dosttan_dosta]
4-4;Savunma;Sabit;Yumruk;hayir;Duvar, Totem;yumruk teması → küre 1.5m, dokunduğun ilk kişide (yerinde çapalı, katı, tek hedef, tik tik, uyumsuz silah). Etkiler: kalkan→dost 40 [totem];;;yol=temas|sekil=sphere|dogar=dokunus|temas=tik|gecir=kati|capali|tek_hedef || deger:kalkan>dost[totem]
4-5;Savunma;Yayılan;Yumruk;hayir;Dalga;yumruk teması → küre 2.7m, dokunduğun ilk kişide (katı, dışa büyür, cephe geçerken, uyumsuz silah). Etkiler: kalkan→dost 34 [alan];;;yol=temas|sekil=sphere|dogar=dokunus|temas=cephe|gecir=kati|genisler || deger:kalkan>dost[alan]
4-6;Savunma;Bağlayıcı;Yumruk;hayir;Can bağı, Bağ;"yumruk teması → bağ 1.5m, dokunduğun ilk kişide (katı, sen↔hedef bağı, tek hedef, tik tik, uyumsuz silah). Etkiler: kalkan→dost 40 [can_bagi]; hasar_paylasimi→dost 0.5 1.5sn [bag]";;;"yol=temas|sekil=bag|dogar=dokunus|temas=tik|gecir=kati|bag|tek_hedef || deger:hasar_paylasimi>dost[bag] ; deger:kalkan>dost[can_bagi]"
4-7;Savunma;Bulandırıcı;Yumruk;hayir;Sis;"yumruk teması → bulut 1.5m, dokunduğun ilk kişide (katı, sis hacmi, tek hedef, tik tik, uyumsuz silah). Etkiler: kalkan→dost 40 [bulut_tik]; gizlen→dost 3.5sn [bulut_ici]; kor→düşman 0.3 3.5sn [bulut_ici]";;;"yol=temas|sekil=bulut|dogar=dokunus|temas=tik|gecir=kati|bulut|tek_hedef || deger:kalkan>dost[bulut_tik] ; gorunurluk:gizlen>dost[bulut_ici] ; gorunurluk:kor>dusman[bulut_ici]"
4-8;Savunma;Yükselen;Yumruk;hayir;Yükselen;"yumruk teması → küre 1.5m, dokunduğun ilk kişide (katı, yerden yükselir, gücü artar, tek hedef, uyumsuz silah). Etkiler: kalkan→dost 40 [buyuyen]; hasar_buff→sen 0.1 3sn [yukselen]";;;"yol=temas|sekil=sphere|dogar=dokunus|temas=tek|gecir=kati|dikey|rampa|tek_hedef || deger:hasar_buff>kendin[yukselen] ; deger:kalkan>dost[buyuyen]"
4-9;Savunma;Odaklı;Yumruk;hayir;Koruyucu tetik, Güdümlü;yumruk teması → küre 1.5m, dokunduğun ilk kişide (katı, hedefe kilitli, tek hedef, uyumsuz silah). Etkiler: kalkan→dost 46 [koruyucu_tetik];;;yol=temas|sekil=sphere|dogar=dokunus|temas=tek|gecir=kati|gudum|tek_hedef || deger:kalkan>dost[koruyucu_tetik]
4-10;Savunma;Aynalı;Yumruk;hayir;Ters kopya, Ayna eşli;"yumruk teması → küre 1.5m, dokunduğun ilk kişide (katı, karşı noktada eşi, tek hedef, uyumsuz silah). Etkiler: kalkan→dost 40; can→düşman -12 [ters_kopya]; yansit→sen 0.3 2sn [ayna_sifati]";;;"yol=temas|sekil=sphere|dogar=dokunus|temas=tek|gecir=kati|ayna|tek_hedef || deger:can>dusman[ters_kopya] ; deger:kalkan>dost[] ; yon:yansit>kendin[ayna_sifati]"
4-11;Savunma;Kopya;Yumruk;hayir;Çift;yumruk teması → küre 1.5m, dokunduğun ilk kişide (katı, tek hedef, 2 kez (kopya), uyumsuz silah). Etkiler: kalkan→dost 40 [iki_kez];;;yol=temas|sekil=sphere|dogar=dokunus|temas=tek|gecir=kati|cogul|tek_hedef || deger:kalkan>dost[iki_kez]
4-12;Savunma;Akan;Yumruk;hayir;Akış;yumruk teması → küre 1.5m, dokunduğun ilk kişide (katı, sürekli akar, tek hedef, tik tik, uyumsuz silah). Etkiler: kalkan→dost 28 3sn [akis];;;yol=temas|sekil=sphere|dogar=dokunus|temas=tik|gecir=kati|surekli|tek_hedef || deger:kalkan>dost[akis]
5-1;Patlama;Yoğun;Yumruk;evet;Delici;"yumruk teması → küre 1.7m, dokunduğun ilk kişide (delip geçer, tek hedef). Etkiler: can→düşman -30.24; it→düşman [sert]";;;"yol=temas|sekil=sphere|dogar=dokunus|temas=tek|gecir=delici|tek_hedef || deger:can>dusman[] ; konum:it>dusman[sert]"
5-2;Patlama;Emici;Yumruk;evet;İçe çöküş, Girdap;"yumruk teması → küre 3m, dokunduğun ilk kişide (içine çeker, tek hedef). Etkiler: can→düşman -21.28; cek→düşman [merkeze]; can→sen 6.38 [aktarim]; mermi_sil→düşman mermisi [yut]";;;"yol=temas|sekil=sphere|dogar=dokunus|temas=tek|gecir=normal|cekim|tek_hedef || deger:can>dusman[] ; deger:can>kendin[aktarim] ; konum:cek>dusman[merkeze] ; varlik:mermi_sil>dusman_nesnesi[yut]"
5-3;Patlama;Sıçrayan;Yumruk;evet;Seken;"yumruk teması → küre 3.3m, dokunduğun ilk kişide (tek hedef, 2 kez seker). Etkiler: can→düşman -22.4 [seker]; it→düşman [seker]";;;"yol=temas|sekil=sphere|dogar=dokunus|temas=tek|gecir=normal|seker|tek_hedef || deger:can>dusman[seker] ; konum:it>dusman[seker]"
5-4;Patlama;Sabit;Yumruk;evet;Tuzak;"yumruk teması → küre 3m, dokunduğun ilk kişide (yerinde çapalı, tek hedef, içine girene). Etkiler: can→düşman -22.4 [tuzak]; it→düşman [tuzak]";;;"yol=temas|sekil=sphere|dogar=dokunus|temas=giris|gecir=normal|capali|tek_hedef || deger:can>dusman[tuzak] ; konum:it>dusman[tuzak]"
5-5;Patlama;Yayılan;Yumruk;evet;Dalga;"yumruk teması → küre 5.4m, dokunduğun ilk kişide (dışa büyür, cephe geçerken). Etkiler: can→düşman -19.04 [alan]; it→düşman [dalga]";;;"yol=temas|sekil=sphere|dogar=dokunus|temas=cephe|gecir=normal|genisler || deger:can>dusman[alan] ; konum:it>dusman[dalga]"
5-6;Patlama;Bağlayıcı;Yumruk;evet;Bağla çekme, Bağ;"yumruk teması → bağ 3m, dokunduğun ilk kişide (sen↔hedef bağı, tek hedef, tik tik). Etkiler: can→düşman -22.4 [bag_akisi]; cek→düşman [bag_boyunca]; hareket→düşman 1.5sn [bag_ucu]; hareket→düşman 0.7 1.5sn [bag_ucu,yavas]";;;"yol=temas|sekil=bag|dogar=dokunus|temas=tik|gecir=normal|bag|tek_hedef || deger:can>dusman[bag_akisi] ; hiz:hareket>dusman[bag_ucu,yavas] ; hiz:hareket>dusman[bag_ucu] ; konum:cek>dusman[bag_boyunca]"
5-7;Patlama;Bulandırıcı;Yumruk;evet;Sis;"yumruk teması → bulut 3m, dokunduğun ilk kişide (sis hacmi, tek hedef, tik tik). Etkiler: can→düşman -22.4 [bulut_tik]; it→düşman [sis_patlamasi]; gizlen→dost 3.2sn [bulut_ici]; kor→düşman 0.3 3.2sn [bulut_ici]";;;"yol=temas|sekil=bulut|dogar=dokunus|temas=tik|gecir=normal|bulut|tek_hedef || deger:can>dusman[bulut_tik] ; gorunurluk:gizlen>dost[bulut_ici] ; gorunurluk:kor>dusman[bulut_ici] ; konum:it>dusman[sis_patlamasi]"
5-8;Patlama;Yükselen;Yumruk;evet;Havaya atma, Yükselen;"yumruk teması → küre 3m, dokunduğun ilk kişide (yerden yükselir, gücü artar, tek hedef). Etkiler: can→düşman -22.4 [havaya_at]; it→düşman [yukari_firlat]; hareket→düşman 0.8sn [havada]; hasar_buff→sen 0.1 3sn [yukselen]";;;"yol=temas|sekil=sphere|dogar=dokunus|temas=tek|gecir=normal|dikey|rampa|tek_hedef || deger:can>dusman[havaya_at] ; deger:hasar_buff>kendin[yukselen] ; hiz:hareket>dusman[havada] ; konum:it>dusman[yukari_firlat]"
5-9;Patlama;Odaklı;Yumruk;evet;Güdümlü;"yumruk teması → küre 3m, dokunduğun ilk kişide (hedefe kilitli, tek hedef). Etkiler: can→düşman -25.76 [iskalamaz,zirh_yoksay]; it→düşman [tek_hedef]";;;"yol=temas|sekil=sphere|dogar=dokunus|temas=tek|gecir=normal|gudum|tek_hedef || deger:can>dusman[iskalamaz,zirh_yoksay] ; konum:it>dusman[tek_hedef]"
5-10;Patlama;Aynalı;Yumruk;evet;Kıskaç, Ayna eşli;"yumruk teması → küre 3m, dokunduğun ilk kişide (karşı noktada eşi, tek hedef). Etkiler: can→düşman -22.4 [kiskac]; it→düşman [iki_uctan]; yansit→sen 0.3 2sn [ayna_sifati]";;;"yol=temas|sekil=sphere|dogar=dokunus|temas=tek|gecir=normal|ayna|tek_hedef || deger:can>dusman[kiskac] ; konum:it>dusman[iki_uctan] ; yon:yansit>kendin[ayna_sifati]"
5-11;Patlama;Kopya;Yumruk;evet;Çift;"yumruk teması → küre 3m, dokunduğun ilk kişide (tek hedef, 2 kez (kopya)). Etkiler: can→düşman -22.4 [iki_kez]; it→düşman [iki_kez]";;;"yol=temas|sekil=sphere|dogar=dokunus|temas=tek|gecir=normal|cogul|tek_hedef || deger:can>dusman[iki_kez] ; konum:it>dusman[iki_kez]"
5-12;Patlama;Akan;Yumruk;evet;Akıntı, Akış;"yumruk teması → küre 3m, dokunduğun ilk kişide (sürekli akar, tek hedef, tik tik). Etkiler: can→düşman -15.68 3sn [akis]; it→düşman [akinti]";;;"yol=temas|sekil=sphere|dogar=dokunus|temas=tik|gecir=normal|surekli|tek_hedef || deger:can>dusman[akis] ; konum:it>dusman[akinti]"
6-1;Kontrol;Yoğun;Yumruk;evet;Delici;"yumruk teması → koni 2.2m, dokunduğun ilk kişide (delip geçer, tek hedef). Etkiler: hareket→düşman 0.8sn [sert]; can→düşman -8.64";;;"yol=temas|sekil=cone|dogar=dokunus|temas=tek|gecir=delici|tek_hedef || deger:can>dusman[] ; hiz:hareket>dusman[sert]"
6-2;Kontrol;Emici;Yumruk;evet;Hedefi sana çekme, Girdap;"yumruk teması → koni 4m, dokunduğun ilk kişide (içine çeker, tek hedef). Etkiler: hareket→düşman 1.5sn; can→düşman -6.08; cek→düşman [sana_dogru]; can→sen 1.82 [aktarim]; mermi_sil→düşman mermisi [yut]";;;"yol=temas|sekil=cone|dogar=dokunus|temas=tek|gecir=normal|cekim|tek_hedef || deger:can>dusman[] ; deger:can>kendin[aktarim] ; hiz:hareket>dusman[] ; konum:cek>dusman[sana_dogru] ; varlik:mermi_sil>dusman_nesnesi[yut]"
6-3;Kontrol;Sıçrayan;Yumruk;evet;Seken;"yumruk teması → koni 4.4m, dokunduğun ilk kişide (tek hedef, 2 kez seker). Etkiler: hareket→düşman 1.5sn [seker]; can→düşman -6.4 [seker]";;;"yol=temas|sekil=cone|dogar=dokunus|temas=tek|gecir=normal|seker|tek_hedef || deger:can>dusman[seker] ; hiz:hareket>dusman[seker]"
6-4;Kontrol;Sabit;Yumruk;evet;Tuzak;"yumruk teması → koni 4m, dokunduğun ilk kişide (yerinde çapalı, tek hedef, içine girene). Etkiler: hareket→düşman 3.5sn [uzun]; can→düşman -6.4 [tuzak]";;;"yol=temas|sekil=cone|dogar=dokunus|temas=giris|gecir=normal|capali|tek_hedef || deger:can>dusman[tuzak] ; hiz:hareket>dusman[uzun]"
6-5;Kontrol;Yayılan;Yumruk;evet;Dalga;"yumruk teması → koni 7.2m, dokunduğun ilk kişide (dışa büyür, cephe geçerken). Etkiler: hareket→düşman 1.5sn [dalga]; can→düşman -5.44 [alan]";;;"yol=temas|sekil=cone|dogar=dokunus|temas=cephe|gecir=normal|genisler || deger:can>dusman[alan] ; hiz:hareket>dusman[dalga]"
6-6;Kontrol;Bağlayıcı;Yumruk;evet;Tasma, Bağ;"yumruk teması → bağ 4m, dokunduğun ilk kişide (sen↔hedef bağı, tek hedef, tik tik). Etkiler: hareket→düşman 1.5sn [tasma]; can→düşman -6.4 [bag_akisi]; hareket→düşman 1.5sn [bag_ucu]; hareket→düşman 0.7 1.5sn [bag_ucu,yavas]";;;"yol=temas|sekil=bag|dogar=dokunus|temas=tik|gecir=normal|bag|tek_hedef || deger:can>dusman[bag_akisi] ; hiz:hareket>dusman[bag_ucu,yavas] ; hiz:hareket>dusman[bag_ucu] ; hiz:hareket>dusman[tasma]"
6-7;Kontrol;Bulandırıcı;Yumruk;evet;Sis;"yumruk teması → bulut 4m, dokunduğun ilk kişide (sis hacmi, tek hedef, tik tik). Etkiler: hareket→düşman 1.5sn [bulut_tik]; can→düşman -6.4 [bulut_tik]; gizlen→dost 3.2sn [bulut_ici]; kor→düşman 0.3 3.2sn [bulut_ici]";;;"yol=temas|sekil=bulut|dogar=dokunus|temas=tik|gecir=normal|bulut|tek_hedef || deger:can>dusman[bulut_tik] ; gorunurluk:gizlen>dost[bulut_ici] ; gorunurluk:kor>dusman[bulut_ici] ; hiz:hareket>dusman[bulut_tik]"
6-8;Kontrol;Yükselen;Yumruk;evet;Havaya atma, Yükselen;"yumruk teması → koni 4m, dokunduğun ilk kişide (yerden yükselir, gücü artar, tek hedef). Etkiler: hareket→düşman 1.5sn [havaya_at]; can→düşman -6.4 [havaya_at]; hasar_buff→sen 0.1 3sn [yukselen]";;;"yol=temas|sekil=cone|dogar=dokunus|temas=tek|gecir=normal|dikey|rampa|tek_hedef || deger:can>dusman[havaya_at] ; deger:hasar_buff>kendin[yukselen] ; hiz:hareket>dusman[havaya_at]"
6-9;Kontrol;Odaklı;Yumruk;evet;Gecikmeli an, Güdümlü;"yumruk teması → koni 4m, dokunduğun ilk kişide (hedefe kilitli, tek hedef). Etkiler: hareket→düşman 1.5sn [isaretli_an]; can→düşman -7.36 [iskalamaz,zirh_yoksay]";;;"yol=temas|sekil=cone|dogar=dokunus|temas=tek|gecir=normal|gudum|tek_hedef || deger:can>dusman[iskalamaz,zirh_yoksay] ; hiz:hareket>dusman[isaretli_an]"
6-10;Kontrol;Aynalı;Yumruk;evet;Kıskaç, Ters kontrol, Ayna eşli;"yumruk teması → koni 4m, dokunduğun ilk kişide (karşı noktada eşi, tek hedef). Etkiler: hareket→düşman 1.5sn [ters_kontrol]; can→düşman -6.4 [kiskac]; yansit→sen 0.3 2sn [ayna_sifati]";;;"yol=temas|sekil=cone|dogar=dokunus|temas=tek|gecir=normal|ayna|tek_hedef || deger:can>dusman[kiskac] ; hiz:hareket>dusman[ters_kontrol] ; yon:yansit>kendin[ayna_sifati]"
6-11;Kontrol;Kopya;Yumruk;evet;Çift;"yumruk teması → koni 4m, dokunduğun ilk kişide (tek hedef, 2 kez (kopya)). Etkiler: hareket→düşman 1.5sn [iki_kez]; can→düşman -6.4 [iki_kez]";;;"yol=temas|sekil=cone|dogar=dokunus|temas=tek|gecir=normal|cogul|tek_hedef || deger:can>dusman[iki_kez] ; hiz:hareket>dusman[iki_kez]"
6-12;Kontrol;Akan;Yumruk;evet;Bataklık, Akış;"yumruk teması → koni 4m, dokunduğun ilk kişide (sürekli akar, tek hedef, tik tik). Etkiler: hareket→düşman 3sn [bataklik]; can→düşman -4.48 3sn [akis]";;;"yol=temas|sekil=cone|dogar=dokunus|temas=tik|gecir=normal|surekli|tek_hedef || deger:can>dusman[akis] ; hiz:hareket>dusman[bataklik]"
7-1;Zayıflatma;Yoğun;Yumruk;hayir;Delici;"yumruk teması → kapsül 1.7m, dokunduğun ilk kişide (delip geçer, tek hedef, uyumsuz silah). Etkiler: zirh→düşman -0.22 2sn; can→düşman -4.32";;;"yol=temas|sekil=capsule|dogar=dokunus|temas=tek|gecir=delici|tek_hedef || deger:can>dusman[] ; deger:zirh>dusman[]"
7-2;Zayıflatma;Emici;Yumruk;hayir;Girdap;"yumruk teması → kapsül 3m, dokunduğun ilk kişide (içine çeker, tek hedef, uyumsuz silah). Etkiler: zirh→düşman -0.15 4sn; can→düşman -3.04; zirh→sen 0.05 4sn [aktarim]; can→sen 0.91 [aktarim]; mermi_sil→düşman mermisi [yut]";;;"yol=temas|sekil=capsule|dogar=dokunus|temas=tek|gecir=normal|cekim|tek_hedef || deger:can>dusman[] ; deger:can>kendin[aktarim] ; deger:zirh>dusman[] ; deger:zirh>kendin[aktarim] ; varlik:mermi_sil>dusman_nesnesi[yut]"
7-3;Zayıflatma;Sıçrayan;Yumruk;hayir;Seken;"yumruk teması → kapsül 3.3m, dokunduğun ilk kişide (tek hedef, 2 kez seker, uyumsuz silah). Etkiler: zirh→düşman -0.16 4sn [seker]; can→düşman -3.2 [seker]";;;"yol=temas|sekil=capsule|dogar=dokunus|temas=tek|gecir=normal|seker|tek_hedef || deger:can>dusman[seker] ; deger:zirh>dusman[seker]"
7-4;Zayıflatma;Sabit;Yumruk;hayir;Tuzak;"yumruk teması → kapsül 3m, dokunduğun ilk kişide (yerinde çapalı, tek hedef, içine girene, uyumsuz silah). Etkiler: zirh→düşman -0.16 4sn [tuzak]; can→düşman -3.2 [tuzak]";;;"yol=temas|sekil=capsule|dogar=dokunus|temas=giris|gecir=normal|capali|tek_hedef || deger:can>dusman[tuzak] ; deger:zirh>dusman[tuzak]"
7-5;Zayıflatma;Yayılan;Yumruk;hayir;Dalga;"yumruk teması → kapsül 5.4m, dokunduğun ilk kişide (dışa büyür, cephe geçerken, uyumsuz silah). Etkiler: zirh→düşman -0.14 4sn [alan]; can→düşman -2.72 [alan]";;;"yol=temas|sekil=capsule|dogar=dokunus|temas=cephe|gecir=normal|genisler || deger:can>dusman[alan] ; deger:zirh>dusman[alan]"
7-6;Zayıflatma;Bağlayıcı;Yumruk;hayir;Bağ;"yumruk teması → bağ 3m, dokunduğun ilk kişide (sen↔hedef bağı, tek hedef, tik tik, uyumsuz silah). Etkiler: zirh→düşman -0.16 4sn [bag_akisi]; can→düşman -3.2 [bag_akisi]; hareket→düşman 1.5sn [bag_ucu]; hareket→düşman 0.7 1.5sn [bag_ucu,yavas]";;;"yol=temas|sekil=bag|dogar=dokunus|temas=tik|gecir=normal|bag|tek_hedef || deger:can>dusman[bag_akisi] ; deger:zirh>dusman[bag_akisi] ; hiz:hareket>dusman[bag_ucu,yavas] ; hiz:hareket>dusman[bag_ucu]"
7-7;Zayıflatma;Bulandırıcı;Yumruk;hayir;Sis;"yumruk teması → bulut 3m, dokunduğun ilk kişide (sis hacmi, tek hedef, tik tik, uyumsuz silah). Etkiler: zirh→düşman -0.16 4sn [bulut_tik]; can→düşman -3.2 [bulut_tik]; gizlen→dost 3.2sn [bulut_ici]; kor→düşman 0.3 3.2sn [bulut_ici]";;;"yol=temas|sekil=bulut|dogar=dokunus|temas=tik|gecir=normal|bulut|tek_hedef || deger:can>dusman[bulut_tik] ; deger:zirh>dusman[bulut_tik] ; gorunurluk:gizlen>dost[bulut_ici] ; gorunurluk:kor>dusman[bulut_ici]"
7-8;Zayıflatma;Yükselen;Yumruk;hayir;Havaya atma, Yükselen;"yumruk teması → kapsül 3m, dokunduğun ilk kişide (yerden yükselir, gücü artar, tek hedef, uyumsuz silah). Etkiler: zirh→düşman -0.16 4sn [havaya_at]; can→düşman -3.2 [havaya_at]; hareket→düşman 0.8sn [havada]; hasar_buff→sen 0.1 3sn [yukselen]";;;"yol=temas|sekil=capsule|dogar=dokunus|temas=tek|gecir=normal|dikey|rampa|tek_hedef || deger:can>dusman[havaya_at] ; deger:hasar_buff>kendin[yukselen] ; deger:zirh>dusman[havaya_at] ; hiz:hareket>dusman[havada]"
7-9;Zayıflatma;Odaklı;Yumruk;hayir;Gecikmeli an, Güdümlü;"yumruk teması → kapsül 3m, dokunduğun ilk kişide (hedefe kilitli, tek hedef, uyumsuz silah). Etkiler: zirh→düşman -0.18 4sn [isaretli_an]; can→düşman -3.68 [iskalamaz,zirh_yoksay]";;;"yol=temas|sekil=capsule|dogar=dokunus|temas=tek|gecir=normal|gudum|tek_hedef || deger:can>dusman[iskalamaz,zirh_yoksay] ; deger:zirh>dusman[isaretli_an]"
7-10;Zayıflatma;Aynalı;Yumruk;hayir;Kıskaç, Ayna eşli;"yumruk teması → kapsül 3m, dokunduğun ilk kişide (karşı noktada eşi, tek hedef, uyumsuz silah). Etkiler: zirh→düşman -0.16 4sn [kiskac]; can→düşman -3.2 [kiskac]; yansit→sen 0.3 2sn [ayna_sifati]";;;"yol=temas|sekil=capsule|dogar=dokunus|temas=tek|gecir=normal|ayna|tek_hedef || deger:can>dusman[kiskac] ; deger:zirh>dusman[kiskac] ; yon:yansit>kendin[ayna_sifati]"
7-11;Zayıflatma;Kopya;Yumruk;hayir;Çift;"yumruk teması → kapsül 3m, dokunduğun ilk kişide (tek hedef, 2 kez (kopya), uyumsuz silah). Etkiler: zirh→düşman -0.16 4sn [iki_kez]; can→düşman -3.2 [iki_kez]";;;"yol=temas|sekil=capsule|dogar=dokunus|temas=tek|gecir=normal|cogul|tek_hedef || deger:can>dusman[iki_kez] ; deger:zirh>dusman[iki_kez]"
7-12;Zayıflatma;Akan;Yumruk;hayir;Akış;"yumruk teması → kapsül 3m, dokunduğun ilk kişide (sürekli akar, tek hedef, tik tik, uyumsuz silah). Etkiler: zirh→düşman -0.11 3sn [akis]; can→düşman -2.24 3sn [akis]";;;"yol=temas|sekil=capsule|dogar=dokunus|temas=tik|gecir=normal|surekli|tek_hedef || deger:can>dusman[akis] ; deger:zirh>dusman[akis]"
8-1;Güçlendirme;Yoğun;Yumruk;hayir;Taşma;yumruk teması → küre 1.1m, dokunduğun ilk kişide (tek hedef, uyumsuz silah). Etkiler: hasar_buff→dost 0.22 1.5sn [tasar];;;yol=temas|sekil=sphere|dogar=dokunus|temas=tek|gecir=normal|tek_hedef || deger:hasar_buff>dost[tasar]
8-2;Güçlendirme;Emici;Yumruk;hayir;Emme/çalma;"yumruk teması → küre 2m, dokunduğun ilk kişide (tek hedef, uyumsuz silah). Etkiler: hasar_buff→düşman -0.15 3sn [emme]; hasar_buff→sen 0.15 3sn [aktarim]; mermi_sil→düşman mermisi [yut]";;;"yol=temas|sekil=sphere|dogar=dokunus|temas=tek|gecir=normal|tek_hedef || deger:hasar_buff>dusman[emme] ; deger:hasar_buff>kendin[aktarim] ; varlik:mermi_sil>dusman_nesnesi[yut]"
8-3;Güçlendirme;Sıçrayan;Yumruk;hayir;Seken;yumruk teması → küre 2.2m, dokunduğun ilk kişide (tek hedef, 2 kez seker, uyumsuz silah). Etkiler: hasar_buff→dost 0.16 3sn [dosttan_dosta];;;yol=temas|sekil=sphere|dogar=dokunus|temas=tek|gecir=normal|seker|tek_hedef || deger:hasar_buff>dost[dosttan_dosta]
8-4;Güçlendirme;Sabit;Yumruk;hayir;Totem;yumruk teması → küre 2m, dokunduğun ilk kişide (yerinde çapalı, tek hedef, tik tik, uyumsuz silah). Etkiler: hasar_buff→dost 0.16 3sn [totem];;;yol=temas|sekil=sphere|dogar=dokunus|temas=tik|gecir=normal|capali|tek_hedef || deger:hasar_buff>dost[totem]
8-5;Güçlendirme;Yayılan;Yumruk;hayir;Dalga;yumruk teması → küre 3.6m, dokunduğun ilk kişide (dışa büyür, cephe geçerken, uyumsuz silah). Etkiler: hasar_buff→dost 0.14 3sn [alan];;;yol=temas|sekil=sphere|dogar=dokunus|temas=cephe|gecir=normal|genisler || deger:hasar_buff>dost[alan]
8-6;Güçlendirme;Bağlayıcı;Yumruk;hayir;Can bağı, Bağ;"yumruk teması → bağ 2m, dokunduğun ilk kişide (sen↔hedef bağı, tek hedef, tik tik, uyumsuz silah). Etkiler: hasar_buff→dost 0.16 3sn [can_bagi]; hasar_paylasimi→dost 0.5 1.5sn [bag]";;;"yol=temas|sekil=bag|dogar=dokunus|temas=tik|gecir=normal|bag|tek_hedef || deger:hasar_buff>dost[can_bagi] ; deger:hasar_paylasimi>dost[bag]"
8-7;Güçlendirme;Bulandırıcı;Yumruk;hayir;Sis;"yumruk teması → bulut 2m, dokunduğun ilk kişide (sis hacmi, tek hedef, tik tik, uyumsuz silah). Etkiler: hasar_buff→dost 0.16 3sn [bulut_tik]; gizlen→dost 3.2sn [bulut_ici]; kor→düşman 0.3 3.2sn [bulut_ici]";;;"yol=temas|sekil=bulut|dogar=dokunus|temas=tik|gecir=normal|bulut|tek_hedef || deger:hasar_buff>dost[bulut_tik] ; gorunurluk:gizlen>dost[bulut_ici] ; gorunurluk:kor>dusman[bulut_ici]"
8-8;Güçlendirme;Yükselen;Yumruk;hayir;Yükselen;"yumruk teması → küre 2m, dokunduğun ilk kişide (yerden yükselir, gücü artar, tek hedef, uyumsuz silah). Etkiler: hasar_buff→dost 0.16 3sn [buyuyen]; hasar_buff→sen 0.1 3sn [yukselen]";;;"yol=temas|sekil=sphere|dogar=dokunus|temas=tek|gecir=normal|dikey|rampa|tek_hedef || deger:hasar_buff>dost[buyuyen] ; deger:hasar_buff>kendin[yukselen]"
8-9;Güçlendirme;Odaklı;Yumruk;hayir;Koruyucu tetik, Güdümlü;yumruk teması → küre 2m, dokunduğun ilk kişide (hedefe kilitli, tek hedef, uyumsuz silah). Etkiler: hasar_buff→dost 0.18 3sn [koruyucu_tetik];;;yol=temas|sekil=sphere|dogar=dokunus|temas=tek|gecir=normal|gudum|tek_hedef || deger:hasar_buff>dost[koruyucu_tetik]
8-10;Güçlendirme;Aynalı;Yumruk;hayir;Ters kopya, Ayna eşli;"yumruk teması → küre 2m, dokunduğun ilk kişide (karşı noktada eşi, tek hedef, uyumsuz silah). Etkiler: hasar_buff→dost 0.16 3sn; hasar_buff→düşman -0.05 3sn [ters_kopya]; yansit→sen 0.3 2sn [ayna_sifati]";;;"yol=temas|sekil=sphere|dogar=dokunus|temas=tek|gecir=normal|ayna|tek_hedef || deger:hasar_buff>dost[] ; deger:hasar_buff>dusman[ters_kopya] ; yon:yansit>kendin[ayna_sifati]"
8-11;Güçlendirme;Kopya;Yumruk;hayir;Çift;yumruk teması → küre 2m, dokunduğun ilk kişide (tek hedef, 2 kez (kopya), uyumsuz silah). Etkiler: hasar_buff→dost 0.16 3sn [iki_kez];;;yol=temas|sekil=sphere|dogar=dokunus|temas=tek|gecir=normal|cogul|tek_hedef || deger:hasar_buff>dost[iki_kez]
8-12;Güçlendirme;Akan;Yumruk;hayir;Akış;yumruk teması → küre 2m, dokunduğun ilk kişide (sürekli akar, tek hedef, tik tik, uyumsuz silah). Etkiler: hasar_buff→dost 0.11 3sn [akis];;;yol=temas|sekil=sphere|dogar=dokunus|temas=tik|gecir=normal|surekli|tek_hedef || deger:hasar_buff>dost[akis]
9-1;Arındırma;Yoğun;Yumruk;hayir;Sert;"yumruk teması → küre 1.4m, dokunduğun ilk kişide (tek hedef, uyumsuz silah). Etkiler: durum_sil→dost 1 [guclu]; mermi_sil→düşman mermisi [delici]";;;"yol=temas|sekil=sphere|dogar=dokunus|temas=tek|gecir=normal|tek_hedef || varlik:durum_sil>dost[guclu] ; varlik:mermi_sil>dusman_nesnesi[delici]"
9-2;Arındırma;Emici;Yumruk;hayir;Durum aktarma;"yumruk teması → küre 2.5m, dokunduğun ilk kişide (tek hedef, uyumsuz silah). Etkiler: durum_aktar→dost 1; mermi_sil→düşman mermisi [yut]; durum_ekle→düşman 1 [aktarim]";;;"yol=temas|sekil=sphere|dogar=dokunus|temas=tek|gecir=normal|tek_hedef || varlik:durum_aktar>dost[] ; varlik:durum_ekle>dusman[aktarim] ; varlik:mermi_sil>dusman_nesnesi[yut]"
9-3;Arındırma;Sıçrayan;Yumruk;hayir;Seken;"yumruk teması → küre 2.8m, dokunduğun ilk kişide (tek hedef, 2 kez seker, uyumsuz silah). Etkiler: durum_sil→dost 1 [dosttan_dosta]; mermi_sil→düşman mermisi [seker]";;;"yol=temas|sekil=sphere|dogar=dokunus|temas=tek|gecir=normal|seker|tek_hedef || varlik:durum_sil>dost[dosttan_dosta] ; varlik:mermi_sil>dusman_nesnesi[seker]"
9-4;Arındırma;Sabit;Yumruk;hayir;Mermi kesen engel, Arınma alanı;"yumruk teması → küre 2.5m, dokunduğun ilk kişide (yerinde çapalı, tek hedef, uyumsuz silah). Etkiler: durum_sil→dost 1 [arinma_alani]; mermi_sil→düşman mermisi [engel]";;;"yol=temas|sekil=sphere|dogar=dokunus|temas=tek|gecir=normal|capali|tek_hedef || varlik:durum_sil>dost[arinma_alani] ; varlik:mermi_sil>dusman_nesnesi[engel]"
9-5;Arındırma;Yayılan;Yumruk;hayir;Dalga;"yumruk teması → küre 4.5m, dokunduğun ilk kişide (dışa büyür, cephe geçerken, uyumsuz silah). Etkiler: durum_sil→dost 1 [alan]; mermi_sil→düşman mermisi [alan]";;;"yol=temas|sekil=sphere|dogar=dokunus|temas=cephe|gecir=normal|genisler || varlik:durum_sil>dost[alan] ; varlik:mermi_sil>dusman_nesnesi[alan]"
9-6;Arındırma;Bağlayıcı;Yumruk;hayir;Bağışıklık bağı, Bağ;"yumruk teması → bağ 2.5m, dokunduğun ilk kişide (sen↔hedef bağı, tek hedef, tik tik, uyumsuz silah). Etkiler: durum_sil→dost 1 [bag_bagisiklik]; mermi_sil→düşman mermisi [bag_hatti]";;;"yol=temas|sekil=bag|dogar=dokunus|temas=tik|gecir=normal|bag|tek_hedef || varlik:durum_sil>dost[bag_bagisiklik] ; varlik:mermi_sil>dusman_nesnesi[bag_hatti]"
9-7;Arındırma;Bulandırıcı;Yumruk;hayir;Sis;"yumruk teması → bulut 2.5m, dokunduğun ilk kişide (sis hacmi, tek hedef, tik tik, uyumsuz silah). Etkiler: durum_sil→dost 1 [gizli]; mermi_sil→düşman mermisi [sis_perdesi]; gizlen→dost 3.2sn [bulut_ici]; kor→düşman 0.3 3.2sn [bulut_ici]";;;"yol=temas|sekil=bulut|dogar=dokunus|temas=tik|gecir=normal|bulut|tek_hedef || gorunurluk:gizlen>dost[bulut_ici] ; gorunurluk:kor>dusman[bulut_ici] ; varlik:durum_sil>dost[gizli] ; varlik:mermi_sil>dusman_nesnesi[sis_perdesi]"
9-8;Arındırma;Yükselen;Yumruk;hayir;Arınıp güçlenme, Yükselen;"yumruk teması → küre 2.5m, dokunduğun ilk kişide (yerden yükselir, gücü artar, tek hedef, uyumsuz silah). Etkiler: durum_sil→dost 1 [guce_cevir]; mermi_sil→düşman mermisi [yukselen_perde]; hasar_buff→sen 0.1 3sn [yukselen]";;;"yol=temas|sekil=sphere|dogar=dokunus|temas=tek|gecir=normal|dikey|rampa|tek_hedef || deger:hasar_buff>kendin[yukselen] ; varlik:durum_sil>dost[guce_cevir] ; varlik:mermi_sil>dusman_nesnesi[yukselen_perde]"
9-9;Arındırma;Odaklı;Yumruk;hayir;Tam arındırma, Güdümlü;"yumruk teması → küre 2.5m, dokunduğun ilk kişide (hedefe kilitli, tek hedef, uyumsuz silah). Etkiler: durum_sil→dost 99 [tumunu_sil]; mermi_sil→düşman mermisi [hedefli]";;;"yol=temas|sekil=sphere|dogar=dokunus|temas=tek|gecir=normal|gudum|tek_hedef || varlik:durum_sil>dost[tumunu_sil] ; varlik:mermi_sil>dusman_nesnesi[hedefli]"
9-10;Arındırma;Aynalı;Yumruk;hayir;Buff silme, Mermi geri gönderme, Ayna eşli;"yumruk teması → küre 2.5m, dokunduğun ilk kişide (karşı noktada eşi, tek hedef, uyumsuz silah). Etkiler: iyi_durum_sil→düşman 1 [ters_hedef]; mermi_sil→düşman mermisi [geri_gonder]; yansit→sen 0.3 2sn [ayna_sifati]";;;"yol=temas|sekil=sphere|dogar=dokunus|temas=tek|gecir=normal|ayna|tek_hedef || varlik:iyi_durum_sil>dusman[ters_hedef] ; varlik:mermi_sil>dusman_nesnesi[geri_gonder] ; yon:yansit>kendin[ayna_sifati]"
9-11;Arındırma;Kopya;Yumruk;hayir;Çift;"yumruk teması → küre 2.5m, dokunduğun ilk kişide (tek hedef, 2 kez (kopya), uyumsuz silah). Etkiler: durum_sil→dost 1 [iki_kez]; mermi_sil→düşman mermisi [iki_kez]";;;"yol=temas|sekil=sphere|dogar=dokunus|temas=tek|gecir=normal|cogul|tek_hedef || varlik:durum_sil>dost[iki_kez] ; varlik:mermi_sil>dusman_nesnesi[iki_kez]"
9-12;Arındırma;Akan;Yumruk;hayir;Akış;"yumruk teması → küre 2.5m, dokunduğun ilk kişide (sürekli akar, tek hedef, tik tik, uyumsuz silah). Etkiler: durum_sil→dost 1 [aura]; mermi_sil→düşman mermisi [surekli_perde]";;;"yol=temas|sekil=sphere|dogar=dokunus|temas=tik|gecir=normal|surekli|tek_hedef || varlik:durum_sil>dost[aura] ; varlik:mermi_sil>dusman_nesnesi[surekli_perde]"
10-1;Yansıma;Yoğun;Yumruk;hayir;Dosta yansıtma;yumruk teması → küre 0.8m, dokunduğun ilk kişide (tek hedef, uyumsuz silah). Etkiler: yansit→dost 0.68 1sn [dokunulana,sert,silahla:yakin_itis];;;yol=temas|sekil=sphere|dogar=dokunus|temas=tek|gecir=normal|tek_hedef || yon:yansit>dost[dokunulana,sert,silahla:yakin_itis]
10-2;Yansıma;Emici;Yumruk;hayir;Dosta yansıtma, Hasar emme;"yumruk teması → küre 1.5m, dokunduğun ilk kişide (tek hedef, uyumsuz silah). Etkiler: yansit→dost 0.5 2sn [dokunulana,silahla:yakin_itis]; em→sen 0.5 2sn [cana_cevir]; mermi_sil→düşman mermisi [yut]";;;"yol=temas|sekil=sphere|dogar=dokunus|temas=tek|gecir=normal|tek_hedef || deger:em>kendin[cana_cevir] ; varlik:mermi_sil>dusman_nesnesi[yut] ; yon:yansit>dost[dokunulana,silahla:yakin_itis]"
10-3;Yansıma;Sıçrayan;Yumruk;hayir;Dosta yansıtma, Seken;yumruk teması → küre 1.7m, dokunduğun ilk kişide (tek hedef, 2 kez seker, uyumsuz silah). Etkiler: yansit→dost 0.5 2sn [dokunulana,seker,silahla:yakin_itis];;;yol=temas|sekil=sphere|dogar=dokunus|temas=tek|gecir=normal|seker|tek_hedef || yon:yansit>dost[dokunulana,seker,silahla:yakin_itis]
10-4;Yansıma;Sabit;Yumruk;hayir;Ayna yüzey, Dosta yansıtma;yumruk teması → küre 1.5m, dokunduğun ilk kişide (yerinde çapalı, tek hedef, uyumsuz silah). Etkiler: yansit→dost 0.5 2sn [ayna_yuzey,dokunulana,silahla:yakin_itis];;;yol=temas|sekil=sphere|dogar=dokunus|temas=tek|gecir=normal|capali|tek_hedef || yon:yansit>dost[ayna_yuzey,dokunulana,silahla:yakin_itis]
10-5;Yansıma;Yayılan;Yumruk;hayir;Dosta yansıtma, Dalga;yumruk teması → küre 2.7m, dokunduğun ilk kişide (dışa büyür, cephe geçerken, uyumsuz silah). Etkiler: yansit→dost 0.5 2sn [aura,dokunulana,silahla:yakin_itis];;;yol=temas|sekil=sphere|dogar=dokunus|temas=cephe|gecir=normal|genisler || yon:yansit>dost[aura,dokunulana,silahla:yakin_itis]
10-6;Yansıma;Bağlayıcı;Yumruk;hayir;Dosta yansıtma, Hasar yönlendirme, Bağ;"yumruk teması → bağ 1.5m, dokunduğun ilk kişide (sen↔hedef bağı, tek hedef, tik tik, uyumsuz silah). Etkiler: yonlendir→düşman 0.5 2sn [bag,dokunulana,silahla:yakin_itis]; hareket→düşman 1.5sn [bag_ucu]; hareket→düşman 0.7 2sn [bag_ucu,yavas]";;;"yol=temas|sekil=bag|dogar=dokunus|temas=tik|gecir=normal|bag|tek_hedef || hiz:hareket>dusman[bag_ucu,yavas] ; hiz:hareket>dusman[bag_ucu] ; yon:yonlendir>dusman[bag,dokunulana,silahla:yakin_itis]"
10-7;Yansıma;Bulandırıcı;Yumruk;hayir;Sis, Dosta yansıtma;"yumruk teması → bulut 1.5m, dokunduğun ilk kişide (sis hacmi, tek hedef, tik tik, uyumsuz silah). Etkiler: yansit→dost 0.5 2sn [dokunulana,gizli,silahla:yakin_itis]; gizlen→dost 5sn [bulut_ici]; kor→düşman 0.3 5sn [bulut_ici]";;;"yol=temas|sekil=bulut|dogar=dokunus|temas=tik|gecir=normal|bulut|tek_hedef || gorunurluk:gizlen>dost[bulut_ici] ; gorunurluk:kor>dusman[bulut_ici] ; yon:yansit>dost[dokunulana,gizli,silahla:yakin_itis]"
10-8;Yansıma;Yükselen;Yumruk;hayir;Dosta yansıtma, Yükselen;"yumruk teması → küre 1.5m, dokunduğun ilk kişide (yerden yükselir, gücü artar, tek hedef, uyumsuz silah). Etkiler: yansit→dost 0.5 2sn [artan_oran,dokunulana,silahla:yakin_itis]; hasar_buff→sen 0.1 3sn [yukselen]";;;"yol=temas|sekil=sphere|dogar=dokunus|temas=tek|gecir=normal|dikey|rampa|tek_hedef || deger:hasar_buff>kendin[yukselen] ; yon:yansit>dost[artan_oran,dokunulana,silahla:yakin_itis]"
10-9;Yansıma;Odaklı;Yumruk;hayir;Dosta yansıtma, Kusursuz savuşturma, Güdümlü;yumruk teması → küre 1.5m, dokunduğun ilk kişide (hedefe kilitli, tek hedef, uyumsuz silah). Etkiler: yansit→dost 1 2sn [dokunulana,savusturma,silahla:yakin_itis];;;yol=temas|sekil=sphere|dogar=dokunus|temas=tek|gecir=normal|gudum|tek_hedef || yon:yansit>dost[dokunulana,savusturma,silahla:yakin_itis]
10-10;Yansıma;Aynalı;Yumruk;hayir;Dosta yansıtma, Bölünen yansıma, Ayna eşli;"yumruk teması → küre 1.5m, dokunduğun ilk kişide (karşı noktada eşi, tek hedef, uyumsuz silah). Etkiler: yansit→dost 0.5 2sn [bolunen,dokunulana,silahla:yakin_itis]; yansit→sen 0.3 2sn [ayna_sifati]";;;"yol=temas|sekil=sphere|dogar=dokunus|temas=tek|gecir=normal|ayna|tek_hedef || yon:yansit>dost[bolunen,dokunulana,silahla:yakin_itis] ; yon:yansit>kendin[ayna_sifati]"
10-11;Yansıma;Kopya;Yumruk;hayir;Dosta yansıtma, Çift;yumruk teması → küre 1.5m, dokunduğun ilk kişide (tek hedef, 2 kez (kopya), uyumsuz silah). Etkiler: yansit→dost 0.5 2sn [dokunulana,iki_kez,silahla:yakin_itis];;;yol=temas|sekil=sphere|dogar=dokunus|temas=tek|gecir=normal|cogul|tek_hedef || yon:yansit>dost[dokunulana,iki_kez,silahla:yakin_itis]
10-12;Yansıma;Akan;Yumruk;hayir;Dosta yansıtma, Akış;yumruk teması → küre 1.5m, dokunduğun ilk kişide (sürekli akar, tek hedef, tik tik, uyumsuz silah). Etkiler: yansit→dost 0.5 3sn [dokunulana,silahla:yakin_itis,surekli];;;yol=temas|sekil=sphere|dogar=dokunus|temas=tik|gecir=normal|surekli|tek_hedef || yon:yansit>dost[dokunulana,silahla:yakin_itis,surekli]
11-1;Çağırma;Yoğun;Yumruk;hayir;Sert;yumruk teması → nokta 0.6m, dokunduğun ilk kişide (tek hedef, uyumsuz silah). Etkiler: aktor_yarat→sen 1 2.5sn [guclu,silahla:yakin_itis];;;yol=temas|sekil=point|dogar=dokunus|temas=tek|gecir=normal|tek_hedef || varlik:aktor_yarat>kendin[guclu,silahla:yakin_itis]
11-2;Çağırma;Emici;Yumruk;hayir;Can emen minyon;"yumruk teması → nokta 1m, dokunduğun ilk kişide (tek hedef, uyumsuz silah). Etkiler: aktor_yarat→sen 1 5sn [can_emen,silahla:yakin_itis]; mermi_sil→düşman mermisi [yut]";;;"yol=temas|sekil=point|dogar=dokunus|temas=tek|gecir=normal|tek_hedef || varlik:aktor_yarat>kendin[can_emen,silahla:yakin_itis] ; varlik:mermi_sil>dusman_nesnesi[yut]"
11-3;Çağırma;Sıçrayan;Yumruk;hayir;Zıplayan minyon, Seken;yumruk teması → nokta 1.1m, dokunduğun ilk kişide (tek hedef, 2 kez seker, uyumsuz silah). Etkiler: aktor_yarat→sen 1 5sn [silahla:yakin_itis,ziplayan];;;yol=temas|sekil=point|dogar=dokunus|temas=tek|gecir=normal|seker|tek_hedef || varlik:aktor_yarat>kendin[silahla:yakin_itis,ziplayan]
11-4;Çağırma;Sabit;Yumruk;hayir;Taret;yumruk teması → nokta 1m, dokunduğun ilk kişide (yerinde çapalı, tek hedef, uyumsuz silah). Etkiler: aktor_yarat→sen 1 5sn [silahla:yakin_itis,taret];;;yol=temas|sekil=point|dogar=dokunus|temas=tek|gecir=normal|capali|tek_hedef || varlik:aktor_yarat>kendin[silahla:yakin_itis,taret]
11-5;Çağırma;Yayılan;Yumruk;hayir;Minyon halkası, Dalga;yumruk teması → nokta 1.8m, dokunduğun ilk kişide (dışa büyür, cephe geçerken, uyumsuz silah). Etkiler: aktor_yarat→sen 3 5sn [halka,silahla:yakin_itis];;;yol=temas|sekil=point|dogar=dokunus|temas=cephe|gecir=normal|genisler || varlik:aktor_yarat>kendin[halka,silahla:yakin_itis]
11-6;Çağırma;Bağlayıcı;Yumruk;hayir;Muhafız, Bağ;yumruk teması → bağ 1m, dokunduğun ilk kişide (sen↔hedef bağı, tek hedef, tik tik, uyumsuz silah). Etkiler: aktor_yarat→sen 1 5sn [bagli_muhafiz,silahla:yakin_itis];;;yol=temas|sekil=bag|dogar=dokunus|temas=tik|gecir=normal|bag|tek_hedef || varlik:aktor_yarat>kendin[bagli_muhafiz,silahla:yakin_itis]
11-7;Çağırma;Bulandırıcı;Yumruk;hayir;Görünmez minyon, Sis;"yumruk teması → bulut 1m, dokunduğun ilk kişide (sis hacmi, tek hedef, tik tik, uyumsuz silah). Etkiler: aktor_yarat→sen 1 5sn [gorunmez,silahla:yakin_itis]; gizlen→dost 3.2sn [bulut_ici]; kor→düşman 0.3 3.2sn [bulut_ici]";;;"yol=temas|sekil=bulut|dogar=dokunus|temas=tik|gecir=normal|bulut|tek_hedef || gorunurluk:gizlen>dost[bulut_ici] ; gorunurluk:kor>dusman[bulut_ici] ; varlik:aktor_yarat>kendin[gorunmez,silahla:yakin_itis]"
11-8;Çağırma;Yükselen;Yumruk;hayir;Yükselen;"yumruk teması → nokta 1m, dokunduğun ilk kişide (yerden yükselir, gücü artar, tek hedef, uyumsuz silah). Etkiler: aktor_yarat→sen 1 5sn [buyuyen,silahla:yakin_itis]; hasar_buff→sen 0.1 3sn [yukselen]";;;"yol=temas|sekil=point|dogar=dokunus|temas=tek|gecir=normal|dikey|rampa|tek_hedef || deger:hasar_buff>kendin[yukselen] ; varlik:aktor_yarat>kendin[buyuyen,silahla:yakin_itis]"
11-9;Çağırma;Odaklı;Yumruk;hayir;Suikastçı minyon, Güdümlü;yumruk teması → nokta 1m, dokunduğun ilk kişide (hedefe kilitli, tek hedef, uyumsuz silah). Etkiler: aktor_yarat→sen 1 5sn [silahla:yakin_itis,suikastci];;;yol=temas|sekil=point|dogar=dokunus|temas=tek|gecir=normal|gudum|tek_hedef || varlik:aktor_yarat>kendin[silahla:yakin_itis,suikastci]
11-10;Çağırma;Aynalı;Yumruk;hayir;Ayna klon, Ayna eşli;"yumruk teması → nokta 1m, dokunduğun ilk kişide (karşı noktada eşi, tek hedef, uyumsuz silah). Etkiler: aktor_yarat→sen 1 5sn [ayna_klon,silahla:yakin_itis]; yansit→sen 0.3 2sn [ayna_sifati]";;;"yol=temas|sekil=point|dogar=dokunus|temas=tek|gecir=normal|ayna|tek_hedef || varlik:aktor_yarat>kendin[ayna_klon,silahla:yakin_itis] ; yon:yansit>kendin[ayna_sifati]"
11-11;Çağırma;Kopya;Yumruk;hayir;Klon, Çift;yumruk teması → nokta 1m, dokunduğun ilk kişide (tek hedef, 2 kez (kopya), uyumsuz silah). Etkiler: klon→sen 1 5sn [senin_kopyan,silahla:yakin_itis];;;yol=temas|sekil=point|dogar=dokunus|temas=tek|gecir=normal|cogul|tek_hedef || varlik:klon>kendin[senin_kopyan,silahla:yakin_itis]
11-12;Çağırma;Akan;Yumruk;hayir;Akış;yumruk teması → nokta 1m, dokunduğun ilk kişide (sürekli akar, tek hedef, tik tik, uyumsuz silah). Etkiler: aktor_yarat→sen 3 5sn [akis,silahla:yakin_itis];;;yol=temas|sekil=point|dogar=dokunus|temas=tik|gecir=normal|surekli|tek_hedef || varlik:aktor_yarat>kendin[akis,silahla:yakin_itis]
12-1;Zaman;Yoğun;Yumruk;hayir;Delici;yumruk teması → silindir 2.2m, dokunduğun ilk kişide (delip geçer, tek hedef, uyumsuz silah). Etkiler: tempo→düşman 0.3 0.5sn [sert];;;yol=temas|sekil=cylinder|dogar=dokunus|temas=tek|gecir=delici|tek_hedef || hiz:tempo>dusman[sert]
12-2;Zaman;Emici;Yumruk;hayir;Zaman çalma;"yumruk teması → silindir 4m, dokunduğun ilk kişide (tek hedef, uyumsuz silah). Etkiler: tempo→düşman 0.7 1sn; tempo→sen 1.3 1sn [aktarim]; mermi_sil→düşman mermisi [yut]";;;"yol=temas|sekil=cylinder|dogar=dokunus|temas=tek|gecir=normal|tek_hedef || hiz:tempo>dusman[] ; hiz:tempo>kendin[aktarim] ; varlik:mermi_sil>dusman_nesnesi[yut]"
12-3;Zaman;Sıçrayan;Yumruk;hayir;Seken;yumruk teması → silindir 4.4m, dokunduğun ilk kişide (tek hedef, 2 kez seker, uyumsuz silah). Etkiler: tempo→düşman 0.7 1sn [seker];;;yol=temas|sekil=cylinder|dogar=dokunus|temas=tek|gecir=normal|seker|tek_hedef || hiz:tempo>dusman[seker]
12-4;Zaman;Sabit;Yumruk;hayir;Dondurma;yumruk teması → silindir 4m, dokunduğun ilk kişide (yerinde çapalı, tek hedef, uyumsuz silah). Etkiler: tempo→düşman 1sn [dondur];;;yol=temas|sekil=cylinder|dogar=dokunus|temas=tek|gecir=normal|capali|tek_hedef || hiz:tempo>dusman[dondur]
12-5;Zaman;Yayılan;Yumruk;hayir;Dalga;yumruk teması → silindir 7.2m, dokunduğun ilk kişide (dışa büyür, cephe geçerken, uyumsuz silah). Etkiler: tempo→düşman 0.7 1sn [dalga];;;yol=temas|sekil=cylinder|dogar=dokunus|temas=cephe|gecir=normal|genisler || hiz:tempo>dusman[dalga]
12-6;Zaman;Bağlayıcı;Yumruk;hayir;Zaman senkronu, Bağ;"yumruk teması → bağ 4m, dokunduğun ilk kişide (sen↔hedef bağı, tek hedef, tik tik, uyumsuz silah). Etkiler: tempo→düşman 0.7 1sn [senkron]; hareket→düşman 1.5sn [bag_ucu]; hareket→düşman 0.7 1.5sn [bag_ucu,yavas]";;;"yol=temas|sekil=bag|dogar=dokunus|temas=tik|gecir=normal|bag|tek_hedef || hiz:hareket>dusman[bag_ucu,yavas] ; hiz:hareket>dusman[bag_ucu] ; hiz:tempo>dusman[senkron]"
12-7;Zaman;Bulandırıcı;Yumruk;hayir;Titreyen zaman, Sis;"yumruk teması → bulut 4m, dokunduğun ilk kişide (sis hacmi, tek hedef, tik tik, uyumsuz silah). Etkiler: tempo→düşman 0.7 1sn [titrer]; gizlen→dost 4sn [bulut_ici]; kor→düşman 0.3 4sn [bulut_ici]";;;"yol=temas|sekil=bulut|dogar=dokunus|temas=tik|gecir=normal|bulut|tek_hedef || gorunurluk:gizlen>dost[bulut_ici] ; gorunurluk:kor>dusman[bulut_ici] ; hiz:tempo>dusman[titrer]"
12-8;Zaman;Yükselen;Yumruk;hayir;Hızlanma, Yükselen;"yumruk teması → silindir 4m, dokunduğun ilk kişide (yerden yükselir, gücü artar, tek hedef, uyumsuz silah). Etkiler: tempo→sen 1.3 1sn [hizlanma]; hasar_buff→sen 0.1 3sn [yukselen]";;;"yol=temas|sekil=cylinder|dogar=dokunus|temas=tek|gecir=normal|dikey|rampa|tek_hedef || deger:hasar_buff>kendin[yukselen] ; hiz:tempo>kendin[hizlanma]"
12-9;Zaman;Odaklı;Yumruk;hayir;Gecikmeli an, Güdümlü;yumruk teması → silindir 4m, dokunduğun ilk kişide (hedefe kilitli, tek hedef, uyumsuz silah). Etkiler: tempo→düşman 0.7 1sn [isaretli_an];;;yol=temas|sekil=cylinder|dogar=dokunus|temas=tek|gecir=normal|gudum|tek_hedef || hiz:tempo>dusman[isaretli_an]
12-10;Zaman;Aynalı;Yumruk;hayir;Geri sarma, Ayna eşli;"yumruk teması → silindir 4m, dokunduğun ilk kişide (karşı noktada eşi, tek hedef, uyumsuz silah). Etkiler: geri_sar→düşman 2 1sn [geri_sarma]; yansit→sen 0.3 2sn [ayna_sifati]";;;"yol=temas|sekil=cylinder|dogar=dokunus|temas=tek|gecir=normal|ayna|tek_hedef || hiz:geri_sar>dusman[geri_sarma] ; yon:yansit>kendin[ayna_sifati]"
12-11;Zaman;Kopya;Yumruk;hayir;Yankı, Çift;"yumruk teması → silindir 4m, dokunduğun ilk kişide (tek hedef, 2 kez (kopya), uyumsuz silah). Etkiler: tempo→düşman 0.7 1sn [iki_kez]; onceki_skill_tekrar→sen 1 [yanki]";;;"yol=temas|sekil=cylinder|dogar=dokunus|temas=tek|gecir=normal|cogul|tek_hedef || hiz:tempo>dusman[iki_kez] ; varlik:onceki_skill_tekrar>kendin[yanki]"
12-12;Zaman;Akan;Yumruk;hayir;Zaman alanı, Akış;"yumruk teması → silindir 4m, dokunduğun ilk kişide (sürekli akar, tek hedef, tik tik, uyumsuz silah). Etkiler: tempo→düşman 0.7 3sn [zaman_alani]; tempo→dost 1.3 3sn [zaman_alani]";;;"yol=temas|sekil=cylinder|dogar=dokunus|temas=tik|gecir=normal|surekli|tek_hedef || hiz:tempo>dost[zaman_alani] ; hiz:tempo>dusman[zaman_alani]"
1-1;Saldırı;Yoğun;Yay;evet;Delici;düz ok → kapsül 0.8m, hedef noktada (delip geçer). Etkiler: can→düşman -43.2;;;yol=ok|sekil=capsule|dogar=hedef_noktada|temas=tek|gecir=delici|ucar || deger:can>dusman[]
1-2;Saldırı;Emici;Yay;evet;Girdap;"düz ok → kapsül 1.5m, hedef noktada (içine çeker). Etkiler: can→düşman -30.4; can→sen 9.12 [aktarim]; mermi_sil→düşman mermisi [yut]";;;"yol=ok|sekil=capsule|dogar=hedef_noktada|temas=tek|gecir=normal|ucar|cekim || deger:can>dusman[] ; deger:can>kendin[aktarim] ; varlik:mermi_sil>dusman_nesnesi[yut]"
1-3;Saldırı;Sıçrayan;Yay;evet;Seken;düz ok → kapsül 1.7m, hedef noktada (2 kez seker). Etkiler: can→düşman -32 [seker];;;yol=ok|sekil=capsule|dogar=hedef_noktada|temas=tek|gecir=normal|ucar|seker || deger:can>dusman[seker]
1-4;Saldırı;Sabit;Yay;evet;Tuzak;düz ok → kapsül 1.5m, hedef noktada (yerinde çapalı, içine girene). Etkiler: can→düşman -32 [tuzak];;;yol=ok|sekil=capsule|dogar=hedef_noktada|temas=giris|gecir=normal|capali || deger:can>dusman[tuzak]
1-5;Saldırı;Yayılan;Yay;evet;Dalga;düz ok → kapsül 2.7m, hedef noktada (dışa büyür, cephe geçerken). Etkiler: can→düşman -27.2 [alan];;;yol=ok|sekil=capsule|dogar=hedef_noktada|temas=cephe|gecir=normal|ucar|genisler || deger:can>dusman[alan]
1-6;Saldırı;Bağlayıcı;Yay;evet;Bağ;"düz ok → bağ 1.5m, hedef noktada (sen↔hedef bağı, tik tik). Etkiler: can→düşman -32 [bag_akisi]; hareket→düşman 1.5sn [bag_ucu]; hareket→düşman 0.7 1.5sn [bag_ucu,yavas]";;;"yol=ok|sekil=bag|dogar=hedef_noktada|temas=tik|gecir=normal|ucar|bag || deger:can>dusman[bag_akisi] ; hiz:hareket>dusman[bag_ucu,yavas] ; hiz:hareket>dusman[bag_ucu]"
1-7;Saldırı;Bulandırıcı;Yay;evet;Sis;"düz ok → bulut 1.5m, hedef noktada (sis hacmi, tik tik). Etkiler: can→düşman -32 [bulut_tik]; gizlen→dost 3.2sn [bulut_ici]; kor→düşman 0.3 3.2sn [bulut_ici]";;;"yol=ok|sekil=bulut|dogar=hedef_noktada|temas=tik|gecir=normal|ucar|bulut || deger:can>dusman[bulut_tik] ; gorunurluk:gizlen>dost[bulut_ici] ; gorunurluk:kor>dusman[bulut_ici]"
1-8;Saldırı;Yükselen;Yay;evet;Havaya atma, Yükselen;"düz ok → kapsül 1.5m, hedef noktada (yerden yükselir, gücü artar). Etkiler: can→düşman -32 [havaya_at]; hareket→düşman 0.8sn [havada]; hasar_buff→sen 0.1 3sn [yukselen]";;;"yol=ok|sekil=capsule|dogar=hedef_noktada|temas=tek|gecir=normal|ucar|dikey|rampa || deger:can>dusman[havaya_at] ; deger:hasar_buff>kendin[yukselen] ; hiz:hareket>dusman[havada]"
1-9;Saldırı;Odaklı;Yay;evet;Güdümlü;düz ok → kapsül 1.5m, hedef noktada (hedefe kilitli, tek hedef). Etkiler: can→düşman -36.8 [iskalamaz,zirh_yoksay];;;yol=ok|sekil=capsule|dogar=hedef_noktada|temas=tek|gecir=normal|ucar|gudum|tek_hedef || deger:can>dusman[iskalamaz,zirh_yoksay]
1-10;Saldırı;Aynalı;Yay;evet;Kıskaç, Ayna eşli;"düz ok → kapsül 1.5m, hedef noktada (karşı noktada eşi). Etkiler: can→düşman -32 [kiskac]; yansit→sen 0.3 2sn [ayna_sifati]";;;"yol=ok|sekil=capsule|dogar=hedef_noktada|temas=tek|gecir=normal|ucar|ayna || deger:can>dusman[kiskac] ; yon:yansit>kendin[ayna_sifati]"
1-11;Saldırı;Kopya;Yay;evet;Çift;düz ok → kapsül 1.5m, hedef noktada (2 kez (kopya)). Etkiler: can→düşman -32 [iki_kez];;;yol=ok|sekil=capsule|dogar=hedef_noktada|temas=tek|gecir=normal|ucar|cogul || deger:can>dusman[iki_kez]
1-12;Saldırı;Akan;Yay;evet;Akış;düz ok → kapsül 1.5m, hedef noktada (sürekli akar, tik tik). Etkiler: can→düşman -22.4 3sn [akis];;;yol=ok|sekil=capsule|dogar=hedef_noktada|temas=tik|gecir=normal|ucar|surekli || deger:can>dusman[akis]
2-1;İyileştirme;Yoğun;Yay;hayir;Taşma;düz ok → küre 1.1m, hedef noktada (tek hedef, uyumsuz silah). Etkiler: can→dost 37.8 [tasar];;;yol=ok|sekil=sphere|dogar=hedef_noktada|temas=tek|gecir=normal|ucar|tek_hedef || deger:can>dost[tasar]
2-2;İyileştirme;Emici;Yay;hayir;Emme/çalma;"düz ok → küre 2m, hedef noktada (uyumsuz silah). Etkiler: can→düşman -26.6 [emme]; can→sen 26.6 [aktarim]; mermi_sil→düşman mermisi [yut]";;;"yol=ok|sekil=sphere|dogar=hedef_noktada|temas=tek|gecir=normal|ucar || deger:can>dusman[emme] ; deger:can>kendin[aktarim] ; varlik:mermi_sil>dusman_nesnesi[yut]"
2-3;İyileştirme;Sıçrayan;Yay;hayir;Seken;düz ok → küre 2.2m, hedef noktada (2 kez seker, uyumsuz silah). Etkiler: can→dost 28 [dosttan_dosta];;;yol=ok|sekil=sphere|dogar=hedef_noktada|temas=tek|gecir=normal|ucar|seker || deger:can>dost[dosttan_dosta]
2-4;İyileştirme;Sabit;Yay;hayir;Totem;düz ok → küre 2m, hedef noktada (yerinde çapalı, tik tik, uyumsuz silah). Etkiler: can→dost 28 [totem];;;yol=ok|sekil=sphere|dogar=hedef_noktada|temas=tik|gecir=normal|capali || deger:can>dost[totem]
2-5;İyileştirme;Yayılan;Yay;hayir;Dalga;düz ok → küre 3.6m, hedef noktada (dışa büyür, cephe geçerken, uyumsuz silah). Etkiler: can→dost 23.8 [alan];;;yol=ok|sekil=sphere|dogar=hedef_noktada|temas=cephe|gecir=normal|ucar|genisler || deger:can>dost[alan]
2-6;İyileştirme;Bağlayıcı;Yay;hayir;Can bağı, Bağ;"düz ok → bağ 2m, hedef noktada (sen↔hedef bağı, tik tik, uyumsuz silah). Etkiler: can→dost 28 [can_bagi]; hasar_paylasimi→dost 0.5 1.5sn [bag]";;;"yol=ok|sekil=bag|dogar=hedef_noktada|temas=tik|gecir=normal|ucar|bag || deger:can>dost[can_bagi] ; deger:hasar_paylasimi>dost[bag]"
2-7;İyileştirme;Bulandırıcı;Yay;hayir;Sis;"düz ok → bulut 2m, hedef noktada (sis hacmi, tik tik, uyumsuz silah). Etkiler: can→dost 28 [bulut_tik]; gizlen→dost 3.2sn [bulut_ici]; kor→düşman 0.3 3.2sn [bulut_ici]";;;"yol=ok|sekil=bulut|dogar=hedef_noktada|temas=tik|gecir=normal|ucar|bulut || deger:can>dost[bulut_tik] ; gorunurluk:gizlen>dost[bulut_ici] ; gorunurluk:kor>dusman[bulut_ici]"
2-8;İyileştirme;Yükselen;Yay;hayir;Yükselen;"düz ok → küre 2m, hedef noktada (yerden yükselir, gücü artar, uyumsuz silah). Etkiler: can→dost 28 [buyuyen]; hasar_buff→sen 0.1 3sn [yukselen]";;;"yol=ok|sekil=sphere|dogar=hedef_noktada|temas=tek|gecir=normal|ucar|dikey|rampa || deger:can>dost[buyuyen] ; deger:hasar_buff>kendin[yukselen]"
2-9;İyileştirme;Odaklı;Yay;hayir;Koruyucu tetik, Güdümlü;düz ok → küre 2m, hedef noktada (hedefe kilitli, tek hedef, uyumsuz silah). Etkiler: can→dost 32.2 [koruyucu_tetik];;;yol=ok|sekil=sphere|dogar=hedef_noktada|temas=tek|gecir=normal|ucar|gudum|tek_hedef || deger:can>dost[koruyucu_tetik]
2-10;İyileştirme;Aynalı;Yay;hayir;Ters kopya, Ayna eşli;"düz ok → küre 2m, hedef noktada (karşı noktada eşi, uyumsuz silah). Etkiler: can→dost 28; can→düşman -8.4 [ters_kopya]; yansit→sen 0.3 2sn [ayna_sifati]";;;"yol=ok|sekil=sphere|dogar=hedef_noktada|temas=tek|gecir=normal|ucar|ayna || deger:can>dost[] ; deger:can>dusman[ters_kopya] ; yon:yansit>kendin[ayna_sifati]"
2-11;İyileştirme;Kopya;Yay;hayir;Çift;düz ok → küre 2m, hedef noktada (2 kez (kopya), uyumsuz silah). Etkiler: can→dost 28 [iki_kez];;;yol=ok|sekil=sphere|dogar=hedef_noktada|temas=tek|gecir=normal|ucar|cogul || deger:can>dost[iki_kez]
2-12;İyileştirme;Akan;Yay;hayir;Akış;düz ok → küre 2m, hedef noktada (sürekli akar, tik tik, uyumsuz silah). Etkiler: can→dost 19.6 3sn [akis];;;yol=ok|sekil=sphere|dogar=hedef_noktada|temas=tik|gecir=normal|ucar|surekli || deger:can>dost[akis]
3-1;Hareket;Yoğun;Yay;evet;Faz geçişi;düz ok → çizgi 1.7m, sende (tek hedef). Etkiler: kendini_tasi→sen 7.06 [faz,yol:ok_kayma];;;yol=ok|sekil=line|dogar=sende|temas=tek|gecir=normal|ucar|tek_hedef || konum:kendini_tasi>kendin[faz,yol:ok_kayma]
3-2;Hareket;Emici;Yay;evet;Hedefi sana çekme, Girdap;"düz ok → çizgi 3m, sende (içine çeker). Etkiler: cek→düşman 7.06 [sana_dogru,yol:ok_kayma]; mermi_sil→düşman mermisi [yut]";;;"yol=ok|sekil=line|dogar=sende|temas=tek|gecir=normal|ucar|cekim || konum:cek>dusman[sana_dogru,yol:ok_kayma] ; varlik:mermi_sil>dusman_nesnesi[yut]"
3-3;Hareket;Sıçrayan;Yay;evet;Sekmeli zıplama, Seken;düz ok → çizgi 3.3m, sende (2 kez seker). Etkiler: kendini_tasi→sen 7.06 [sekmeli,yol:ok_kayma];;;yol=ok|sekil=line|dogar=sende|temas=tek|gecir=normal|ucar|seker || konum:kendini_tasi>kendin[sekmeli,yol:ok_kayma]
3-4;Hareket;Sabit;Yay;evet;İşaretle-geri dön;düz ok → çizgi 3m, sende (yerinde çapalı). Etkiler: isaret_geri_don→sen 7.06 2.2sn [geri_donus,yol:ok_kayma];;;yol=ok|sekil=line|dogar=sende|temas=tek|gecir=normal|capali || konum:isaret_geri_don>kendin[geri_donus,yol:ok_kayma]
3-5;Hareket;Yayılan;Yay;evet;İniş şok dalgası, Dalga;"düz ok → çizgi 5.4m, sende (dışa büyür, cephe geçerken). Etkiler: kendini_tasi→sen 7.06 [inis_dalgasi,yol:ok_kayma]; it→düşman [dalga]";;;"yol=ok|sekil=line|dogar=sende|temas=cephe|gecir=normal|ucar|genisler || konum:it>dusman[dalga] ; konum:kendini_tasi>kendin[inis_dalgasi,yol:ok_kayma]"
3-6;Hareket;Bağlayıcı;Yay;evet;Yer değiştirme, Bağ;"düz ok → bağ 3m, sende (sen↔hedef bağı, tik tik). Etkiler: yer_degistir→düşman 7.06 [iki_uc,yol:ok_kayma]; hareket→düşman 1.5sn [bag_ucu]; hareket→düşman 0.7 1.5sn [bag_ucu,yavas]";;;"yol=ok|sekil=bag|dogar=sende|temas=tik|gecir=normal|ucar|bag || hiz:hareket>dusman[bag_ucu,yavas] ; hiz:hareket>dusman[bag_ucu] ; konum:yer_degistir>dusman[iki_uc,yol:ok_kayma]"
3-7;Hareket;Bulandırıcı;Yay;evet;Görünmez geçiş, Sis;"düz ok → bulut 3m, sende (sis hacmi, tik tik). Etkiler: kendini_tasi→sen 7.06 [gorunmez_gecis,yol:ok_kayma]; gizlen→dost 3.2sn [bulut_ici]; kor→düşman 0.3 3.2sn [bulut_ici]";;;"yol=ok|sekil=bulut|dogar=sende|temas=tik|gecir=normal|ucar|bulut || gorunurluk:gizlen>dost[bulut_ici] ; gorunurluk:kor>dusman[bulut_ici] ; konum:kendini_tasi>kendin[gorunmez_gecis,yol:ok_kayma]"
3-8;Hareket;Yükselen;Yay;evet;Sıçrayıp çakılma, Yükselen;"düz ok → çizgi 3m, sende (yerden yükselir, gücü artar). Etkiler: kendini_tasi→sen 7.06 [sicrayip_cakil,yol:ok_kayma]; hasar_buff→sen 0.1 3sn [yukselen]";;;"yol=ok|sekil=line|dogar=sende|temas=tek|gecir=normal|ucar|dikey|rampa || deger:hasar_buff>kendin[yukselen] ; konum:kendini_tasi>kendin[sicrayip_cakil,yol:ok_kayma]"
3-9;Hareket;Odaklı;Yay;evet;Arkaya ışınlanma, Güdümlü;düz ok → çizgi 3m, sende (hedefe kilitli, tek hedef). Etkiler: hedefin_arkasina→sen 7.06 [isinlanma,yol:ok_kayma];;;yol=ok|sekil=line|dogar=sende|temas=tek|gecir=normal|ucar|gudum|tek_hedef || konum:hedefin_arkasina>kendin[isinlanma,yol:ok_kayma]
3-10;Hareket;Aynalı;Yay;evet;Portal, Ayna eşli;"düz ok → çizgi 3m, sende (karşı noktada eşi). Etkiler: portal→sen 7.06 4sn [portal_cifti,yol:ok_kayma]; yansit→sen 0.3 2sn [ayna_sifati]";;;"yol=ok|sekil=line|dogar=sende|temas=tek|gecir=normal|ucar|ayna || konum:portal>kendin[portal_cifti,yol:ok_kayma] ; yon:yansit>kendin[ayna_sifati]"
3-11;Hareket;Kopya;Yay;evet;Yem kopya, Çift;"düz ok → çizgi 3m, sende (2 kez (kopya)). Etkiler: kendini_tasi→sen 7.06 [ardinda_kopya,yol:ok_kayma]; yem_kopya→sen 1 2sn [dikkat_ceker]";;;"yol=ok|sekil=line|dogar=sende|temas=tek|gecir=normal|ucar|cogul || konum:kendini_tasi>kendin[ardinda_kopya,yol:ok_kayma] ; varlik:yem_kopya>kendin[dikkat_ceker]"
3-12;Hareket;Akan;Yay;evet;Süzülme, Akış;düz ok → çizgi 3m, sende (sürekli akar, tik tik). Etkiler: kendini_tasi→sen 7.06 3sn [suzulme,yol:ok_kayma];;;yol=ok|sekil=line|dogar=sende|temas=tik|gecir=normal|ucar|surekli || konum:kendini_tasi>kendin[suzulme,yol:ok_kayma]
4-1;Savunma;Yoğun;Yay;hayir;Taşma;düz ok → küre 0.8m, hedef noktada (katı, tek hedef, uyumsuz silah). Etkiler: kalkan→dost 54 [tasar];;;yol=ok|sekil=sphere|dogar=hedef_noktada|temas=tek|gecir=kati|ucar|tek_hedef || deger:kalkan>dost[tasar]
4-2;Savunma;Emici;Yay;hayir;Emme/çalma;"düz ok → küre 1.5m, hedef noktada (katı, uyumsuz silah). Etkiler: can→düşman -38 [emme]; kalkan→sen 38 [aktarim]; mermi_sil→düşman mermisi [yut]";;;"yol=ok|sekil=sphere|dogar=hedef_noktada|temas=tek|gecir=kati|ucar || deger:can>dusman[emme] ; deger:kalkan>kendin[aktarim] ; varlik:mermi_sil>dusman_nesnesi[yut]"
4-3;Savunma;Sıçrayan;Yay;hayir;Seken;düz ok → küre 1.7m, hedef noktada (katı, 2 kez seker, uyumsuz silah). Etkiler: kalkan→dost 40 [dosttan_dosta];;;yol=ok|sekil=sphere|dogar=hedef_noktada|temas=tek|gecir=kati|ucar|seker || deger:kalkan>dost[dosttan_dosta]
4-4;Savunma;Sabit;Yay;hayir;Duvar, Totem;düz ok → küre 1.5m, hedef noktada (yerinde çapalı, katı, tik tik, uyumsuz silah). Etkiler: kalkan→dost 40 [totem];;;yol=ok|sekil=sphere|dogar=hedef_noktada|temas=tik|gecir=kati|capali || deger:kalkan>dost[totem]
4-5;Savunma;Yayılan;Yay;hayir;Dalga;düz ok → küre 2.7m, hedef noktada (katı, dışa büyür, cephe geçerken, uyumsuz silah). Etkiler: kalkan→dost 34 [alan];;;yol=ok|sekil=sphere|dogar=hedef_noktada|temas=cephe|gecir=kati|ucar|genisler || deger:kalkan>dost[alan]
4-6;Savunma;Bağlayıcı;Yay;hayir;Can bağı, Bağ;"düz ok → bağ 1.5m, hedef noktada (katı, sen↔hedef bağı, tik tik, uyumsuz silah). Etkiler: kalkan→dost 40 [can_bagi]; hasar_paylasimi→dost 0.5 1.5sn [bag]";;;"yol=ok|sekil=bag|dogar=hedef_noktada|temas=tik|gecir=kati|ucar|bag || deger:hasar_paylasimi>dost[bag] ; deger:kalkan>dost[can_bagi]"
4-7;Savunma;Bulandırıcı;Yay;hayir;Sis;"düz ok → bulut 1.5m, hedef noktada (katı, sis hacmi, tik tik, uyumsuz silah). Etkiler: kalkan→dost 40 [bulut_tik]; gizlen→dost 3.5sn [bulut_ici]; kor→düşman 0.3 3.5sn [bulut_ici]";;;"yol=ok|sekil=bulut|dogar=hedef_noktada|temas=tik|gecir=kati|ucar|bulut || deger:kalkan>dost[bulut_tik] ; gorunurluk:gizlen>dost[bulut_ici] ; gorunurluk:kor>dusman[bulut_ici]"
4-8;Savunma;Yükselen;Yay;hayir;Yükselen;"düz ok → küre 1.5m, hedef noktada (katı, yerden yükselir, gücü artar, uyumsuz silah). Etkiler: kalkan→dost 40 [buyuyen]; hasar_buff→sen 0.1 3sn [yukselen]";;;"yol=ok|sekil=sphere|dogar=hedef_noktada|temas=tek|gecir=kati|ucar|dikey|rampa || deger:hasar_buff>kendin[yukselen] ; deger:kalkan>dost[buyuyen]"
4-9;Savunma;Odaklı;Yay;hayir;Koruyucu tetik, Güdümlü;düz ok → küre 1.5m, hedef noktada (katı, hedefe kilitli, tek hedef, uyumsuz silah). Etkiler: kalkan→dost 46 [koruyucu_tetik];;;yol=ok|sekil=sphere|dogar=hedef_noktada|temas=tek|gecir=kati|ucar|gudum|tek_hedef || deger:kalkan>dost[koruyucu_tetik]
4-10;Savunma;Aynalı;Yay;hayir;Ters kopya, Ayna eşli;"düz ok → küre 1.5m, hedef noktada (katı, karşı noktada eşi, uyumsuz silah). Etkiler: kalkan→dost 40; can→düşman -12 [ters_kopya]; yansit→sen 0.3 2sn [ayna_sifati]";;;"yol=ok|sekil=sphere|dogar=hedef_noktada|temas=tek|gecir=kati|ucar|ayna || deger:can>dusman[ters_kopya] ; deger:kalkan>dost[] ; yon:yansit>kendin[ayna_sifati]"
4-11;Savunma;Kopya;Yay;hayir;Çift;düz ok → küre 1.5m, hedef noktada (katı, 2 kez (kopya), uyumsuz silah). Etkiler: kalkan→dost 40 [iki_kez];;;yol=ok|sekil=sphere|dogar=hedef_noktada|temas=tek|gecir=kati|ucar|cogul || deger:kalkan>dost[iki_kez]
4-12;Savunma;Akan;Yay;hayir;Akış;düz ok → küre 1.5m, hedef noktada (katı, sürekli akar, tik tik, uyumsuz silah). Etkiler: kalkan→dost 28 3sn [akis];;;yol=ok|sekil=sphere|dogar=hedef_noktada|temas=tik|gecir=kati|ucar|surekli || deger:kalkan>dost[akis]
5-1;Patlama;Yoğun;Yay;hayir;Delici;"düz ok → küre 1.7m, hedef noktada (delip geçer, uyumsuz silah). Etkiler: can→düşman -24.19; it→düşman [sert]";;;"yol=ok|sekil=sphere|dogar=hedef_noktada|temas=tek|gecir=delici|ucar || deger:can>dusman[] ; konum:it>dusman[sert]"
5-2;Patlama;Emici;Yay;hayir;İçe çöküş, Girdap;"düz ok → küre 3m, hedef noktada (içine çeker, uyumsuz silah). Etkiler: can→düşman -17.02; cek→düşman [merkeze]; can→sen 5.11 [aktarim]; mermi_sil→düşman mermisi [yut]";;;"yol=ok|sekil=sphere|dogar=hedef_noktada|temas=tek|gecir=normal|ucar|cekim || deger:can>dusman[] ; deger:can>kendin[aktarim] ; konum:cek>dusman[merkeze] ; varlik:mermi_sil>dusman_nesnesi[yut]"
5-3;Patlama;Sıçrayan;Yay;hayir;Seken;"düz ok → küre 3.3m, hedef noktada (2 kez seker, uyumsuz silah). Etkiler: can→düşman -17.92 [seker]; it→düşman [seker]";;;"yol=ok|sekil=sphere|dogar=hedef_noktada|temas=tek|gecir=normal|ucar|seker || deger:can>dusman[seker] ; konum:it>dusman[seker]"
5-4;Patlama;Sabit;Yay;hayir;Tuzak;"düz ok → küre 3m, hedef noktada (yerinde çapalı, içine girene, uyumsuz silah). Etkiler: can→düşman -17.92 [tuzak]; it→düşman [tuzak]";;;"yol=ok|sekil=sphere|dogar=hedef_noktada|temas=giris|gecir=normal|capali || deger:can>dusman[tuzak] ; konum:it>dusman[tuzak]"
5-5;Patlama;Yayılan;Yay;hayir;Dalga;"düz ok → küre 5.4m, hedef noktada (dışa büyür, cephe geçerken, uyumsuz silah). Etkiler: can→düşman -15.23 [alan]; it→düşman [dalga]";;;"yol=ok|sekil=sphere|dogar=hedef_noktada|temas=cephe|gecir=normal|ucar|genisler || deger:can>dusman[alan] ; konum:it>dusman[dalga]"
5-6;Patlama;Bağlayıcı;Yay;hayir;Bağla çekme, Bağ;"düz ok → bağ 3m, hedef noktada (sen↔hedef bağı, tik tik, uyumsuz silah). Etkiler: can→düşman -17.92 [bag_akisi]; cek→düşman [bag_boyunca]; hareket→düşman 1.5sn [bag_ucu]; hareket→düşman 0.7 1.5sn [bag_ucu,yavas]";;;"yol=ok|sekil=bag|dogar=hedef_noktada|temas=tik|gecir=normal|ucar|bag || deger:can>dusman[bag_akisi] ; hiz:hareket>dusman[bag_ucu,yavas] ; hiz:hareket>dusman[bag_ucu] ; konum:cek>dusman[bag_boyunca]"
5-7;Patlama;Bulandırıcı;Yay;hayir;Sis;"düz ok → bulut 3m, hedef noktada (sis hacmi, tik tik, uyumsuz silah). Etkiler: can→düşman -17.92 [bulut_tik]; it→düşman [sis_patlamasi]; gizlen→dost 3.2sn [bulut_ici]; kor→düşman 0.3 3.2sn [bulut_ici]";;;"yol=ok|sekil=bulut|dogar=hedef_noktada|temas=tik|gecir=normal|ucar|bulut || deger:can>dusman[bulut_tik] ; gorunurluk:gizlen>dost[bulut_ici] ; gorunurluk:kor>dusman[bulut_ici] ; konum:it>dusman[sis_patlamasi]"
5-8;Patlama;Yükselen;Yay;hayir;Havaya atma, Yükselen;"düz ok → küre 3m, hedef noktada (yerden yükselir, gücü artar, uyumsuz silah). Etkiler: can→düşman -17.92 [havaya_at]; it→düşman [yukari_firlat]; hareket→düşman 0.8sn [havada]; hasar_buff→sen 0.1 3sn [yukselen]";;;"yol=ok|sekil=sphere|dogar=hedef_noktada|temas=tek|gecir=normal|ucar|dikey|rampa || deger:can>dusman[havaya_at] ; deger:hasar_buff>kendin[yukselen] ; hiz:hareket>dusman[havada] ; konum:it>dusman[yukari_firlat]"
5-9;Patlama;Odaklı;Yay;hayir;Güdümlü;"düz ok → küre 3m, hedef noktada (hedefe kilitli, tek hedef, uyumsuz silah). Etkiler: can→düşman -20.61 [iskalamaz,zirh_yoksay]; it→düşman [tek_hedef]";;;"yol=ok|sekil=sphere|dogar=hedef_noktada|temas=tek|gecir=normal|ucar|gudum|tek_hedef || deger:can>dusman[iskalamaz,zirh_yoksay] ; konum:it>dusman[tek_hedef]"
5-10;Patlama;Aynalı;Yay;hayir;Kıskaç, Ayna eşli;"düz ok → küre 3m, hedef noktada (karşı noktada eşi, uyumsuz silah). Etkiler: can→düşman -17.92 [kiskac]; it→düşman [iki_uctan]; yansit→sen 0.3 2sn [ayna_sifati]";;;"yol=ok|sekil=sphere|dogar=hedef_noktada|temas=tek|gecir=normal|ucar|ayna || deger:can>dusman[kiskac] ; konum:it>dusman[iki_uctan] ; yon:yansit>kendin[ayna_sifati]"
5-11;Patlama;Kopya;Yay;hayir;Çift;"düz ok → küre 3m, hedef noktada (2 kez (kopya), uyumsuz silah). Etkiler: can→düşman -17.92 [iki_kez]; it→düşman [iki_kez]";;;"yol=ok|sekil=sphere|dogar=hedef_noktada|temas=tek|gecir=normal|ucar|cogul || deger:can>dusman[iki_kez] ; konum:it>dusman[iki_kez]"
5-12;Patlama;Akan;Yay;hayir;Akıntı, Akış;"düz ok → küre 3m, hedef noktada (sürekli akar, tik tik, uyumsuz silah). Etkiler: can→düşman -12.54 3sn [akis]; it→düşman [akinti]";;;"yol=ok|sekil=sphere|dogar=hedef_noktada|temas=tik|gecir=normal|ucar|surekli || deger:can>dusman[akis] ; konum:it>dusman[akinti]"
6-1;Kontrol;Yoğun;Yay;hayir;Delici;"düz ok → koni 2.2m, hedef noktada (delip geçer, uyumsuz silah). Etkiler: hareket→düşman 0.8sn [sert]; can→düşman -6.91";;;"yol=ok|sekil=cone|dogar=hedef_noktada|temas=tek|gecir=delici|ucar || deger:can>dusman[] ; hiz:hareket>dusman[sert]"
6-2;Kontrol;Emici;Yay;hayir;Hedefi sana çekme, Girdap;"düz ok → koni 4m, hedef noktada (içine çeker, uyumsuz silah). Etkiler: hareket→düşman 1.5sn; can→düşman -4.86; cek→düşman [sana_dogru]; can→sen 1.46 [aktarim]; mermi_sil→düşman mermisi [yut]";;;"yol=ok|sekil=cone|dogar=hedef_noktada|temas=tek|gecir=normal|ucar|cekim || deger:can>dusman[] ; deger:can>kendin[aktarim] ; hiz:hareket>dusman[] ; konum:cek>dusman[sana_dogru] ; varlik:mermi_sil>dusman_nesnesi[yut]"
6-3;Kontrol;Sıçrayan;Yay;hayir;Seken;"düz ok → koni 4.4m, hedef noktada (2 kez seker, uyumsuz silah). Etkiler: hareket→düşman 1.5sn [seker]; can→düşman -5.12 [seker]";;;"yol=ok|sekil=cone|dogar=hedef_noktada|temas=tek|gecir=normal|ucar|seker || deger:can>dusman[seker] ; hiz:hareket>dusman[seker]"
6-4;Kontrol;Sabit;Yay;hayir;Tuzak;"düz ok → koni 4m, hedef noktada (yerinde çapalı, içine girene, uyumsuz silah). Etkiler: hareket→düşman 3.5sn [uzun]; can→düşman -5.12 [tuzak]";;;"yol=ok|sekil=cone|dogar=hedef_noktada|temas=giris|gecir=normal|capali || deger:can>dusman[tuzak] ; hiz:hareket>dusman[uzun]"
6-5;Kontrol;Yayılan;Yay;hayir;Dalga;"düz ok → koni 7.2m, hedef noktada (dışa büyür, cephe geçerken, uyumsuz silah). Etkiler: hareket→düşman 1.5sn [dalga]; can→düşman -4.35 [alan]";;;"yol=ok|sekil=cone|dogar=hedef_noktada|temas=cephe|gecir=normal|ucar|genisler || deger:can>dusman[alan] ; hiz:hareket>dusman[dalga]"
6-6;Kontrol;Bağlayıcı;Yay;hayir;Tasma, Bağ;"düz ok → bağ 4m, hedef noktada (sen↔hedef bağı, tik tik, uyumsuz silah). Etkiler: hareket→düşman 1.5sn [tasma]; can→düşman -5.12 [bag_akisi]; hareket→düşman 1.5sn [bag_ucu]; hareket→düşman 0.7 1.5sn [bag_ucu,yavas]";;;"yol=ok|sekil=bag|dogar=hedef_noktada|temas=tik|gecir=normal|ucar|bag || deger:can>dusman[bag_akisi] ; hiz:hareket>dusman[bag_ucu,yavas] ; hiz:hareket>dusman[bag_ucu] ; hiz:hareket>dusman[tasma]"
6-7;Kontrol;Bulandırıcı;Yay;hayir;Sis;"düz ok → bulut 4m, hedef noktada (sis hacmi, tik tik, uyumsuz silah). Etkiler: hareket→düşman 1.5sn [bulut_tik]; can→düşman -5.12 [bulut_tik]; gizlen→dost 3.2sn [bulut_ici]; kor→düşman 0.3 3.2sn [bulut_ici]";;;"yol=ok|sekil=bulut|dogar=hedef_noktada|temas=tik|gecir=normal|ucar|bulut || deger:can>dusman[bulut_tik] ; gorunurluk:gizlen>dost[bulut_ici] ; gorunurluk:kor>dusman[bulut_ici] ; hiz:hareket>dusman[bulut_tik]"
6-8;Kontrol;Yükselen;Yay;hayir;Havaya atma, Yükselen;"düz ok → koni 4m, hedef noktada (yerden yükselir, gücü artar, uyumsuz silah). Etkiler: hareket→düşman 1.5sn [havaya_at]; can→düşman -5.12 [havaya_at]; hasar_buff→sen 0.1 3sn [yukselen]";;;"yol=ok|sekil=cone|dogar=hedef_noktada|temas=tek|gecir=normal|ucar|dikey|rampa || deger:can>dusman[havaya_at] ; deger:hasar_buff>kendin[yukselen] ; hiz:hareket>dusman[havaya_at]"
6-9;Kontrol;Odaklı;Yay;hayir;Gecikmeli an, Güdümlü;"düz ok → koni 4m, hedef noktada (hedefe kilitli, tek hedef, uyumsuz silah). Etkiler: hareket→düşman 1.5sn [isaretli_an]; can→düşman -5.89 [iskalamaz,zirh_yoksay]";;;"yol=ok|sekil=cone|dogar=hedef_noktada|temas=tek|gecir=normal|ucar|gudum|tek_hedef || deger:can>dusman[iskalamaz,zirh_yoksay] ; hiz:hareket>dusman[isaretli_an]"
6-10;Kontrol;Aynalı;Yay;hayir;Kıskaç, Ters kontrol, Ayna eşli;"düz ok → koni 4m, hedef noktada (karşı noktada eşi, uyumsuz silah). Etkiler: hareket→düşman 1.5sn [ters_kontrol]; can→düşman -5.12 [kiskac]; yansit→sen 0.3 2sn [ayna_sifati]";;;"yol=ok|sekil=cone|dogar=hedef_noktada|temas=tek|gecir=normal|ucar|ayna || deger:can>dusman[kiskac] ; hiz:hareket>dusman[ters_kontrol] ; yon:yansit>kendin[ayna_sifati]"
6-11;Kontrol;Kopya;Yay;hayir;Çift;"düz ok → koni 4m, hedef noktada (2 kez (kopya), uyumsuz silah). Etkiler: hareket→düşman 1.5sn [iki_kez]; can→düşman -5.12 [iki_kez]";;;"yol=ok|sekil=cone|dogar=hedef_noktada|temas=tek|gecir=normal|ucar|cogul || deger:can>dusman[iki_kez] ; hiz:hareket>dusman[iki_kez]"
6-12;Kontrol;Akan;Yay;hayir;Bataklık, Akış;"düz ok → koni 4m, hedef noktada (sürekli akar, tik tik, uyumsuz silah). Etkiler: hareket→düşman 3sn [bataklik]; can→düşman -3.58 3sn [akis]";;;"yol=ok|sekil=cone|dogar=hedef_noktada|temas=tik|gecir=normal|ucar|surekli || deger:can>dusman[akis] ; hiz:hareket>dusman[bataklik]"
7-1;Zayıflatma;Yoğun;Yay;evet;Delici;"düz ok → kapsül 1.7m, hedef noktada (delip geçer). Etkiler: zirh→düşman -0.27 2sn; can→düşman -5.4";;;"yol=ok|sekil=capsule|dogar=hedef_noktada|temas=tek|gecir=delici|ucar || deger:can>dusman[] ; deger:zirh>dusman[]"
7-2;Zayıflatma;Emici;Yay;evet;Girdap;"düz ok → kapsül 3m, hedef noktada (içine çeker). Etkiler: zirh→düşman -0.19 4sn; can→düşman -3.8; zirh→sen 0.06 4sn [aktarim]; can→sen 1.14 [aktarim]; mermi_sil→düşman mermisi [yut]";;;"yol=ok|sekil=capsule|dogar=hedef_noktada|temas=tek|gecir=normal|ucar|cekim || deger:can>dusman[] ; deger:can>kendin[aktarim] ; deger:zirh>dusman[] ; deger:zirh>kendin[aktarim] ; varlik:mermi_sil>dusman_nesnesi[yut]"
7-3;Zayıflatma;Sıçrayan;Yay;evet;Seken;"düz ok → kapsül 3.3m, hedef noktada (2 kez seker). Etkiler: zirh→düşman -0.2 4sn [seker]; can→düşman -4 [seker]";;;"yol=ok|sekil=capsule|dogar=hedef_noktada|temas=tek|gecir=normal|ucar|seker || deger:can>dusman[seker] ; deger:zirh>dusman[seker]"
7-4;Zayıflatma;Sabit;Yay;evet;Tuzak;"düz ok → kapsül 3m, hedef noktada (yerinde çapalı, içine girene). Etkiler: zirh→düşman -0.2 4sn [tuzak]; can→düşman -4 [tuzak]";;;"yol=ok|sekil=capsule|dogar=hedef_noktada|temas=giris|gecir=normal|capali || deger:can>dusman[tuzak] ; deger:zirh>dusman[tuzak]"
7-5;Zayıflatma;Yayılan;Yay;evet;Dalga;"düz ok → kapsül 5.4m, hedef noktada (dışa büyür, cephe geçerken). Etkiler: zirh→düşman -0.17 4sn [alan]; can→düşman -3.4 [alan]";;;"yol=ok|sekil=capsule|dogar=hedef_noktada|temas=cephe|gecir=normal|ucar|genisler || deger:can>dusman[alan] ; deger:zirh>dusman[alan]"
7-6;Zayıflatma;Bağlayıcı;Yay;evet;Bağ;"düz ok → bağ 3m, hedef noktada (sen↔hedef bağı, tik tik). Etkiler: zirh→düşman -0.2 4sn [bag_akisi]; can→düşman -4 [bag_akisi]; hareket→düşman 1.5sn [bag_ucu]; hareket→düşman 0.7 1.5sn [bag_ucu,yavas]";;;"yol=ok|sekil=bag|dogar=hedef_noktada|temas=tik|gecir=normal|ucar|bag || deger:can>dusman[bag_akisi] ; deger:zirh>dusman[bag_akisi] ; hiz:hareket>dusman[bag_ucu,yavas] ; hiz:hareket>dusman[bag_ucu]"
7-7;Zayıflatma;Bulandırıcı;Yay;evet;Sis;"düz ok → bulut 3m, hedef noktada (sis hacmi, tik tik). Etkiler: zirh→düşman -0.2 4sn [bulut_tik]; can→düşman -4 [bulut_tik]; gizlen→dost 3.2sn [bulut_ici]; kor→düşman 0.3 3.2sn [bulut_ici]";;;"yol=ok|sekil=bulut|dogar=hedef_noktada|temas=tik|gecir=normal|ucar|bulut || deger:can>dusman[bulut_tik] ; deger:zirh>dusman[bulut_tik] ; gorunurluk:gizlen>dost[bulut_ici] ; gorunurluk:kor>dusman[bulut_ici]"
7-8;Zayıflatma;Yükselen;Yay;evet;Havaya atma, Yükselen;"düz ok → kapsül 3m, hedef noktada (yerden yükselir, gücü artar). Etkiler: zirh→düşman -0.2 4sn [havaya_at]; can→düşman -4 [havaya_at]; hareket→düşman 0.8sn [havada]; hasar_buff→sen 0.1 3sn [yukselen]";;;"yol=ok|sekil=capsule|dogar=hedef_noktada|temas=tek|gecir=normal|ucar|dikey|rampa || deger:can>dusman[havaya_at] ; deger:hasar_buff>kendin[yukselen] ; deger:zirh>dusman[havaya_at] ; hiz:hareket>dusman[havada]"
7-9;Zayıflatma;Odaklı;Yay;evet;Gecikmeli an, Güdümlü;"düz ok → kapsül 3m, hedef noktada (hedefe kilitli, tek hedef). Etkiler: zirh→düşman -0.23 4sn [isaretli_an]; can→düşman -4.6 [iskalamaz,zirh_yoksay]";;;"yol=ok|sekil=capsule|dogar=hedef_noktada|temas=tek|gecir=normal|ucar|gudum|tek_hedef || deger:can>dusman[iskalamaz,zirh_yoksay] ; deger:zirh>dusman[isaretli_an]"
7-10;Zayıflatma;Aynalı;Yay;evet;Kıskaç, Ayna eşli;"düz ok → kapsül 3m, hedef noktada (karşı noktada eşi). Etkiler: zirh→düşman -0.2 4sn [kiskac]; can→düşman -4 [kiskac]; yansit→sen 0.3 2sn [ayna_sifati]";;;"yol=ok|sekil=capsule|dogar=hedef_noktada|temas=tek|gecir=normal|ucar|ayna || deger:can>dusman[kiskac] ; deger:zirh>dusman[kiskac] ; yon:yansit>kendin[ayna_sifati]"
7-11;Zayıflatma;Kopya;Yay;evet;Çift;"düz ok → kapsül 3m, hedef noktada (2 kez (kopya)). Etkiler: zirh→düşman -0.2 4sn [iki_kez]; can→düşman -4 [iki_kez]";;;"yol=ok|sekil=capsule|dogar=hedef_noktada|temas=tek|gecir=normal|ucar|cogul || deger:can>dusman[iki_kez] ; deger:zirh>dusman[iki_kez]"
7-12;Zayıflatma;Akan;Yay;evet;Akış;"düz ok → kapsül 3m, hedef noktada (sürekli akar, tik tik). Etkiler: zirh→düşman -0.14 3sn [akis]; can→düşman -2.8 3sn [akis]";;;"yol=ok|sekil=capsule|dogar=hedef_noktada|temas=tik|gecir=normal|ucar|surekli || deger:can>dusman[akis] ; deger:zirh>dusman[akis]"
8-1;Güçlendirme;Yoğun;Yay;hayir;Taşma;düz ok → küre 1.1m, hedef noktada (tek hedef, uyumsuz silah). Etkiler: hasar_buff→dost 0.22 1.5sn [tasar];;;yol=ok|sekil=sphere|dogar=hedef_noktada|temas=tek|gecir=normal|ucar|tek_hedef || deger:hasar_buff>dost[tasar]
8-2;Güçlendirme;Emici;Yay;hayir;Emme/çalma;"düz ok → küre 2m, hedef noktada (uyumsuz silah). Etkiler: hasar_buff→düşman -0.15 3sn [emme]; hasar_buff→sen 0.15 3sn [aktarim]; mermi_sil→düşman mermisi [yut]";;;"yol=ok|sekil=sphere|dogar=hedef_noktada|temas=tek|gecir=normal|ucar || deger:hasar_buff>dusman[emme] ; deger:hasar_buff>kendin[aktarim] ; varlik:mermi_sil>dusman_nesnesi[yut]"
8-3;Güçlendirme;Sıçrayan;Yay;hayir;Seken;düz ok → küre 2.2m, hedef noktada (2 kez seker, uyumsuz silah). Etkiler: hasar_buff→dost 0.16 3sn [dosttan_dosta];;;yol=ok|sekil=sphere|dogar=hedef_noktada|temas=tek|gecir=normal|ucar|seker || deger:hasar_buff>dost[dosttan_dosta]
8-4;Güçlendirme;Sabit;Yay;hayir;Totem;düz ok → küre 2m, hedef noktada (yerinde çapalı, tik tik, uyumsuz silah). Etkiler: hasar_buff→dost 0.16 3sn [totem];;;yol=ok|sekil=sphere|dogar=hedef_noktada|temas=tik|gecir=normal|capali || deger:hasar_buff>dost[totem]
8-5;Güçlendirme;Yayılan;Yay;hayir;Dalga;düz ok → küre 3.6m, hedef noktada (dışa büyür, cephe geçerken, uyumsuz silah). Etkiler: hasar_buff→dost 0.14 3sn [alan];;;yol=ok|sekil=sphere|dogar=hedef_noktada|temas=cephe|gecir=normal|ucar|genisler || deger:hasar_buff>dost[alan]
8-6;Güçlendirme;Bağlayıcı;Yay;hayir;Can bağı, Bağ;"düz ok → bağ 2m, hedef noktada (sen↔hedef bağı, tik tik, uyumsuz silah). Etkiler: hasar_buff→dost 0.16 3sn [can_bagi]; hasar_paylasimi→dost 0.5 1.5sn [bag]";;;"yol=ok|sekil=bag|dogar=hedef_noktada|temas=tik|gecir=normal|ucar|bag || deger:hasar_buff>dost[can_bagi] ; deger:hasar_paylasimi>dost[bag]"
8-7;Güçlendirme;Bulandırıcı;Yay;hayir;Sis;"düz ok → bulut 2m, hedef noktada (sis hacmi, tik tik, uyumsuz silah). Etkiler: hasar_buff→dost 0.16 3sn [bulut_tik]; gizlen→dost 3.2sn [bulut_ici]; kor→düşman 0.3 3.2sn [bulut_ici]";;;"yol=ok|sekil=bulut|dogar=hedef_noktada|temas=tik|gecir=normal|ucar|bulut || deger:hasar_buff>dost[bulut_tik] ; gorunurluk:gizlen>dost[bulut_ici] ; gorunurluk:kor>dusman[bulut_ici]"
8-8;Güçlendirme;Yükselen;Yay;hayir;Yükselen;"düz ok → küre 2m, hedef noktada (yerden yükselir, gücü artar, uyumsuz silah). Etkiler: hasar_buff→dost 0.16 3sn [buyuyen]; hasar_buff→sen 0.1 3sn [yukselen]";;;"yol=ok|sekil=sphere|dogar=hedef_noktada|temas=tek|gecir=normal|ucar|dikey|rampa || deger:hasar_buff>dost[buyuyen] ; deger:hasar_buff>kendin[yukselen]"
8-9;Güçlendirme;Odaklı;Yay;hayir;Koruyucu tetik, Güdümlü;düz ok → küre 2m, hedef noktada (hedefe kilitli, tek hedef, uyumsuz silah). Etkiler: hasar_buff→dost 0.18 3sn [koruyucu_tetik];;;yol=ok|sekil=sphere|dogar=hedef_noktada|temas=tek|gecir=normal|ucar|gudum|tek_hedef || deger:hasar_buff>dost[koruyucu_tetik]
8-10;Güçlendirme;Aynalı;Yay;hayir;Ters kopya, Ayna eşli;"düz ok → küre 2m, hedef noktada (karşı noktada eşi, uyumsuz silah). Etkiler: hasar_buff→dost 0.16 3sn; hasar_buff→düşman -0.05 3sn [ters_kopya]; yansit→sen 0.3 2sn [ayna_sifati]";;;"yol=ok|sekil=sphere|dogar=hedef_noktada|temas=tek|gecir=normal|ucar|ayna || deger:hasar_buff>dost[] ; deger:hasar_buff>dusman[ters_kopya] ; yon:yansit>kendin[ayna_sifati]"
8-11;Güçlendirme;Kopya;Yay;hayir;Çift;düz ok → küre 2m, hedef noktada (2 kez (kopya), uyumsuz silah). Etkiler: hasar_buff→dost 0.16 3sn [iki_kez];;;yol=ok|sekil=sphere|dogar=hedef_noktada|temas=tek|gecir=normal|ucar|cogul || deger:hasar_buff>dost[iki_kez]
8-12;Güçlendirme;Akan;Yay;hayir;Akış;düz ok → küre 2m, hedef noktada (sürekli akar, tik tik, uyumsuz silah). Etkiler: hasar_buff→dost 0.11 3sn [akis];;;yol=ok|sekil=sphere|dogar=hedef_noktada|temas=tik|gecir=normal|ucar|surekli || deger:hasar_buff>dost[akis]
9-1;Arındırma;Yoğun;Yay;evet;Sert;"düz ok → küre 1.4m, hedef noktada (tek hedef). Etkiler: durum_sil→dost 1 [guclu]; mermi_sil→düşman mermisi [delici]";;;"yol=ok|sekil=sphere|dogar=hedef_noktada|temas=tek|gecir=normal|ucar|tek_hedef || varlik:durum_sil>dost[guclu] ; varlik:mermi_sil>dusman_nesnesi[delici]"
9-2;Arındırma;Emici;Yay;evet;Durum aktarma;"düz ok → küre 2.5m, hedef noktada. Etkiler: durum_aktar→dost 1; mermi_sil→düşman mermisi [yut]; durum_ekle→düşman 1 [aktarim]";;;"yol=ok|sekil=sphere|dogar=hedef_noktada|temas=tek|gecir=normal|ucar || varlik:durum_aktar>dost[] ; varlik:durum_ekle>dusman[aktarim] ; varlik:mermi_sil>dusman_nesnesi[yut]"
9-3;Arındırma;Sıçrayan;Yay;evet;Seken;"düz ok → küre 2.8m, hedef noktada (2 kez seker). Etkiler: durum_sil→dost 1 [dosttan_dosta]; mermi_sil→düşman mermisi [seker]";;;"yol=ok|sekil=sphere|dogar=hedef_noktada|temas=tek|gecir=normal|ucar|seker || varlik:durum_sil>dost[dosttan_dosta] ; varlik:mermi_sil>dusman_nesnesi[seker]"
9-4;Arındırma;Sabit;Yay;evet;Mermi kesen engel, Arınma alanı;"düz ok → küre 2.5m, hedef noktada (yerinde çapalı). Etkiler: durum_sil→dost 1 [arinma_alani]; mermi_sil→düşman mermisi [engel]";;;"yol=ok|sekil=sphere|dogar=hedef_noktada|temas=tek|gecir=normal|capali || varlik:durum_sil>dost[arinma_alani] ; varlik:mermi_sil>dusman_nesnesi[engel]"
9-5;Arındırma;Yayılan;Yay;evet;Dalga;"düz ok → küre 4.5m, hedef noktada (dışa büyür, cephe geçerken). Etkiler: durum_sil→dost 1 [alan]; mermi_sil→düşman mermisi [alan]";;;"yol=ok|sekil=sphere|dogar=hedef_noktada|temas=cephe|gecir=normal|ucar|genisler || varlik:durum_sil>dost[alan] ; varlik:mermi_sil>dusman_nesnesi[alan]"
9-6;Arındırma;Bağlayıcı;Yay;evet;Bağışıklık bağı, Bağ;"düz ok → bağ 2.5m, hedef noktada (sen↔hedef bağı, tik tik). Etkiler: durum_sil→dost 1 [bag_bagisiklik]; mermi_sil→düşman mermisi [bag_hatti]";;;"yol=ok|sekil=bag|dogar=hedef_noktada|temas=tik|gecir=normal|ucar|bag || varlik:durum_sil>dost[bag_bagisiklik] ; varlik:mermi_sil>dusman_nesnesi[bag_hatti]"
9-7;Arındırma;Bulandırıcı;Yay;evet;Sis;"düz ok → bulut 2.5m, hedef noktada (sis hacmi, tik tik). Etkiler: durum_sil→dost 1 [gizli]; mermi_sil→düşman mermisi [sis_perdesi]; gizlen→dost 3.2sn [bulut_ici]; kor→düşman 0.3 3.2sn [bulut_ici]";;;"yol=ok|sekil=bulut|dogar=hedef_noktada|temas=tik|gecir=normal|ucar|bulut || gorunurluk:gizlen>dost[bulut_ici] ; gorunurluk:kor>dusman[bulut_ici] ; varlik:durum_sil>dost[gizli] ; varlik:mermi_sil>dusman_nesnesi[sis_perdesi]"
9-8;Arındırma;Yükselen;Yay;evet;Arınıp güçlenme, Yükselen;"düz ok → küre 2.5m, hedef noktada (yerden yükselir, gücü artar). Etkiler: durum_sil→dost 1 [guce_cevir]; mermi_sil→düşman mermisi [yukselen_perde]; hasar_buff→sen 0.1 3sn [yukselen]";;;"yol=ok|sekil=sphere|dogar=hedef_noktada|temas=tek|gecir=normal|ucar|dikey|rampa || deger:hasar_buff>kendin[yukselen] ; varlik:durum_sil>dost[guce_cevir] ; varlik:mermi_sil>dusman_nesnesi[yukselen_perde]"
9-9;Arındırma;Odaklı;Yay;evet;Tam arındırma, Güdümlü;"düz ok → küre 2.5m, hedef noktada (hedefe kilitli, tek hedef). Etkiler: durum_sil→dost 99 [tumunu_sil]; mermi_sil→düşman mermisi [hedefli]";;;"yol=ok|sekil=sphere|dogar=hedef_noktada|temas=tek|gecir=normal|ucar|gudum|tek_hedef || varlik:durum_sil>dost[tumunu_sil] ; varlik:mermi_sil>dusman_nesnesi[hedefli]"
9-10;Arındırma;Aynalı;Yay;evet;Buff silme, Mermi geri gönderme, Ayna eşli;"düz ok → küre 2.5m, hedef noktada (karşı noktada eşi). Etkiler: iyi_durum_sil→düşman 1 [ters_hedef]; mermi_sil→düşman mermisi [geri_gonder]; yansit→sen 0.3 2sn [ayna_sifati]";;;"yol=ok|sekil=sphere|dogar=hedef_noktada|temas=tek|gecir=normal|ucar|ayna || varlik:iyi_durum_sil>dusman[ters_hedef] ; varlik:mermi_sil>dusman_nesnesi[geri_gonder] ; yon:yansit>kendin[ayna_sifati]"
9-11;Arındırma;Kopya;Yay;evet;Çift;"düz ok → küre 2.5m, hedef noktada (2 kez (kopya)). Etkiler: durum_sil→dost 1 [iki_kez]; mermi_sil→düşman mermisi [iki_kez]";;;"yol=ok|sekil=sphere|dogar=hedef_noktada|temas=tek|gecir=normal|ucar|cogul || varlik:durum_sil>dost[iki_kez] ; varlik:mermi_sil>dusman_nesnesi[iki_kez]"
9-12;Arındırma;Akan;Yay;evet;Akış;"düz ok → küre 2.5m, hedef noktada (sürekli akar, tik tik). Etkiler: durum_sil→dost 1 [aura]; mermi_sil→düşman mermisi [surekli_perde]";;;"yol=ok|sekil=sphere|dogar=hedef_noktada|temas=tik|gecir=normal|ucar|surekli || varlik:durum_sil>dost[aura] ; varlik:mermi_sil>dusman_nesnesi[surekli_perde]"
10-1;Yansıma;Yoğun;Yay;hayir;Uzak yansıtıcı;düz ok → küre 0.8m, hedef noktada (tek hedef, uyumsuz silah). Etkiler: yansit→gövdenin olduğu yer 0.68 1sn [dunyada,sert,silahla:ok];;;yol=ok|sekil=sphere|dogar=hedef_noktada|temas=tek|gecir=normal|ucar|tek_hedef || yon:yansit>alan[dunyada,sert,silahla:ok]
10-2;Yansıma;Emici;Yay;hayir;Uzak yansıtıcı, Hasar emme;"düz ok → küre 1.5m, hedef noktada (uyumsuz silah). Etkiler: yansit→gövdenin olduğu yer 0.5 2sn [dunyada,silahla:ok]; em→sen 0.5 2sn [cana_cevir]; mermi_sil→düşman mermisi [yut]";;;"yol=ok|sekil=sphere|dogar=hedef_noktada|temas=tek|gecir=normal|ucar || deger:em>kendin[cana_cevir] ; varlik:mermi_sil>dusman_nesnesi[yut] ; yon:yansit>alan[dunyada,silahla:ok]"
10-3;Yansıma;Sıçrayan;Yay;hayir;Uzak yansıtıcı, Seken;düz ok → küre 1.7m, hedef noktada (2 kez seker, uyumsuz silah). Etkiler: yansit→gövdenin olduğu yer 0.5 2sn [dunyada,seker,silahla:ok];;;yol=ok|sekil=sphere|dogar=hedef_noktada|temas=tek|gecir=normal|ucar|seker || yon:yansit>alan[dunyada,seker,silahla:ok]
10-4;Yansıma;Sabit;Yay;hayir;Ayna yüzey, Uzak yansıtıcı;düz ok → küre 1.5m, hedef noktada (yerinde çapalı, uyumsuz silah). Etkiler: yansit→gövdenin olduğu yer 0.5 2sn [ayna_yuzey,dunyada,silahla:ok];;;yol=ok|sekil=sphere|dogar=hedef_noktada|temas=tek|gecir=normal|capali || yon:yansit>alan[ayna_yuzey,dunyada,silahla:ok]
10-5;Yansıma;Yayılan;Yay;hayir;Uzak yansıtıcı, Dalga;düz ok → küre 2.7m, hedef noktada (dışa büyür, cephe geçerken, uyumsuz silah). Etkiler: yansit→gövdenin olduğu yer 0.5 2sn [aura,dunyada,silahla:ok];;;yol=ok|sekil=sphere|dogar=hedef_noktada|temas=cephe|gecir=normal|ucar|genisler || yon:yansit>alan[aura,dunyada,silahla:ok]
10-6;Yansıma;Bağlayıcı;Yay;hayir;Uzak yansıtıcı, Hasar yönlendirme, Bağ;"düz ok → bağ 1.5m, hedef noktada (sen↔hedef bağı, tik tik, uyumsuz silah). Etkiler: yonlendir→düşman 0.5 2sn [bag,dunyada,silahla:ok]; hareket→düşman 1.5sn [bag_ucu]; hareket→düşman 0.7 2sn [bag_ucu,yavas]";;;"yol=ok|sekil=bag|dogar=hedef_noktada|temas=tik|gecir=normal|ucar|bag || hiz:hareket>dusman[bag_ucu,yavas] ; hiz:hareket>dusman[bag_ucu] ; yon:yonlendir>dusman[bag,dunyada,silahla:ok]"
10-7;Yansıma;Bulandırıcı;Yay;hayir;Sis, Uzak yansıtıcı;"düz ok → bulut 1.5m, hedef noktada (sis hacmi, tik tik, uyumsuz silah). Etkiler: yansit→gövdenin olduğu yer 0.5 2sn [dunyada,gizli,silahla:ok]; gizlen→dost 5sn [bulut_ici]; kor→düşman 0.3 5sn [bulut_ici]";;;"yol=ok|sekil=bulut|dogar=hedef_noktada|temas=tik|gecir=normal|ucar|bulut || gorunurluk:gizlen>dost[bulut_ici] ; gorunurluk:kor>dusman[bulut_ici] ; yon:yansit>alan[dunyada,gizli,silahla:ok]"
10-8;Yansıma;Yükselen;Yay;hayir;Uzak yansıtıcı, Yükselen;"düz ok → küre 1.5m, hedef noktada (yerden yükselir, gücü artar, uyumsuz silah). Etkiler: yansit→gövdenin olduğu yer 0.5 2sn [artan_oran,dunyada,silahla:ok]; hasar_buff→sen 0.1 3sn [yukselen]";;;"yol=ok|sekil=sphere|dogar=hedef_noktada|temas=tek|gecir=normal|ucar|dikey|rampa || deger:hasar_buff>kendin[yukselen] ; yon:yansit>alan[artan_oran,dunyada,silahla:ok]"
10-9;Yansıma;Odaklı;Yay;hayir;Uzak yansıtıcı, Kusursuz savuşturma, Güdümlü;düz ok → küre 1.5m, hedef noktada (hedefe kilitli, tek hedef, uyumsuz silah). Etkiler: yansit→gövdenin olduğu yer 1 2sn [dunyada,savusturma,silahla:ok];;;yol=ok|sekil=sphere|dogar=hedef_noktada|temas=tek|gecir=normal|ucar|gudum|tek_hedef || yon:yansit>alan[dunyada,savusturma,silahla:ok]
10-10;Yansıma;Aynalı;Yay;hayir;Uzak yansıtıcı, Bölünen yansıma, Ayna eşli;"düz ok → küre 1.5m, hedef noktada (karşı noktada eşi, uyumsuz silah). Etkiler: yansit→gövdenin olduğu yer 0.5 2sn [bolunen,dunyada,silahla:ok]; yansit→sen 0.3 2sn [ayna_sifati]";;;"yol=ok|sekil=sphere|dogar=hedef_noktada|temas=tek|gecir=normal|ucar|ayna || yon:yansit>alan[bolunen,dunyada,silahla:ok] ; yon:yansit>kendin[ayna_sifati]"
10-11;Yansıma;Kopya;Yay;hayir;Uzak yansıtıcı, Çift;düz ok → küre 1.5m, hedef noktada (2 kez (kopya), uyumsuz silah). Etkiler: yansit→gövdenin olduğu yer 0.5 2sn [dunyada,iki_kez,silahla:ok];;;yol=ok|sekil=sphere|dogar=hedef_noktada|temas=tek|gecir=normal|ucar|cogul || yon:yansit>alan[dunyada,iki_kez,silahla:ok]
10-12;Yansıma;Akan;Yay;hayir;Uzak yansıtıcı, Akış;düz ok → küre 1.5m, hedef noktada (sürekli akar, tik tik, uyumsuz silah). Etkiler: yansit→gövdenin olduğu yer 0.5 3sn [dunyada,silahla:ok,surekli];;;yol=ok|sekil=sphere|dogar=hedef_noktada|temas=tik|gecir=normal|ucar|surekli || yon:yansit>alan[dunyada,silahla:ok,surekli]
11-1;Çağırma;Yoğun;Yay;hayir;Sert;düz ok → nokta 0.6m, hedef noktada (tek hedef, uyumsuz silah). Etkiler: aktor_yarat→sen 1 2.5sn [guclu,silahla:ok];;;yol=ok|sekil=point|dogar=hedef_noktada|temas=tek|gecir=normal|ucar|tek_hedef || varlik:aktor_yarat>kendin[guclu,silahla:ok]
11-2;Çağırma;Emici;Yay;hayir;Can emen minyon;"düz ok → nokta 1m, hedef noktada (uyumsuz silah). Etkiler: aktor_yarat→sen 1 5sn [can_emen,silahla:ok]; mermi_sil→düşman mermisi [yut]";;;"yol=ok|sekil=point|dogar=hedef_noktada|temas=tek|gecir=normal|ucar || varlik:aktor_yarat>kendin[can_emen,silahla:ok] ; varlik:mermi_sil>dusman_nesnesi[yut]"
11-3;Çağırma;Sıçrayan;Yay;hayir;Zıplayan minyon, Seken;düz ok → nokta 1.1m, hedef noktada (2 kez seker, uyumsuz silah). Etkiler: aktor_yarat→sen 1 5sn [silahla:ok,ziplayan];;;yol=ok|sekil=point|dogar=hedef_noktada|temas=tek|gecir=normal|ucar|seker || varlik:aktor_yarat>kendin[silahla:ok,ziplayan]
11-4;Çağırma;Sabit;Yay;hayir;Taret;düz ok → nokta 1m, hedef noktada (yerinde çapalı, uyumsuz silah). Etkiler: aktor_yarat→sen 1 5sn [silahla:ok,taret];;;yol=ok|sekil=point|dogar=hedef_noktada|temas=tek|gecir=normal|capali || varlik:aktor_yarat>kendin[silahla:ok,taret]
11-5;Çağırma;Yayılan;Yay;hayir;Minyon halkası, Dalga;düz ok → nokta 1.8m, hedef noktada (dışa büyür, cephe geçerken, uyumsuz silah). Etkiler: aktor_yarat→sen 3 5sn [halka,silahla:ok];;;yol=ok|sekil=point|dogar=hedef_noktada|temas=cephe|gecir=normal|ucar|genisler || varlik:aktor_yarat>kendin[halka,silahla:ok]
11-6;Çağırma;Bağlayıcı;Yay;hayir;Muhafız, Bağ;düz ok → bağ 1m, hedef noktada (sen↔hedef bağı, tik tik, uyumsuz silah). Etkiler: aktor_yarat→sen 1 5sn [bagli_muhafiz,silahla:ok];;;yol=ok|sekil=bag|dogar=hedef_noktada|temas=tik|gecir=normal|ucar|bag || varlik:aktor_yarat>kendin[bagli_muhafiz,silahla:ok]
11-7;Çağırma;Bulandırıcı;Yay;hayir;Görünmez minyon, Sis;"düz ok → bulut 1m, hedef noktada (sis hacmi, tik tik, uyumsuz silah). Etkiler: aktor_yarat→sen 1 5sn [gorunmez,silahla:ok]; gizlen→dost 3.2sn [bulut_ici]; kor→düşman 0.3 3.2sn [bulut_ici]";;;"yol=ok|sekil=bulut|dogar=hedef_noktada|temas=tik|gecir=normal|ucar|bulut || gorunurluk:gizlen>dost[bulut_ici] ; gorunurluk:kor>dusman[bulut_ici] ; varlik:aktor_yarat>kendin[gorunmez,silahla:ok]"
11-8;Çağırma;Yükselen;Yay;hayir;Yükselen;"düz ok → nokta 1m, hedef noktada (yerden yükselir, gücü artar, uyumsuz silah). Etkiler: aktor_yarat→sen 1 5sn [buyuyen,silahla:ok]; hasar_buff→sen 0.1 3sn [yukselen]";;;"yol=ok|sekil=point|dogar=hedef_noktada|temas=tek|gecir=normal|ucar|dikey|rampa || deger:hasar_buff>kendin[yukselen] ; varlik:aktor_yarat>kendin[buyuyen,silahla:ok]"
11-9;Çağırma;Odaklı;Yay;hayir;Suikastçı minyon, Güdümlü;düz ok → nokta 1m, hedef noktada (hedefe kilitli, tek hedef, uyumsuz silah). Etkiler: aktor_yarat→sen 1 5sn [silahla:ok,suikastci];;;yol=ok|sekil=point|dogar=hedef_noktada|temas=tek|gecir=normal|ucar|gudum|tek_hedef || varlik:aktor_yarat>kendin[silahla:ok,suikastci]
11-10;Çağırma;Aynalı;Yay;hayir;Ayna klon, Ayna eşli;"düz ok → nokta 1m, hedef noktada (karşı noktada eşi, uyumsuz silah). Etkiler: aktor_yarat→sen 1 5sn [ayna_klon,silahla:ok]; yansit→sen 0.3 2sn [ayna_sifati]";;;"yol=ok|sekil=point|dogar=hedef_noktada|temas=tek|gecir=normal|ucar|ayna || varlik:aktor_yarat>kendin[ayna_klon,silahla:ok] ; yon:yansit>kendin[ayna_sifati]"
11-11;Çağırma;Kopya;Yay;hayir;Klon, Çift;düz ok → nokta 1m, hedef noktada (2 kez (kopya), uyumsuz silah). Etkiler: klon→sen 1 5sn [senin_kopyan,silahla:ok];;;yol=ok|sekil=point|dogar=hedef_noktada|temas=tek|gecir=normal|ucar|cogul || varlik:klon>kendin[senin_kopyan,silahla:ok]
11-12;Çağırma;Akan;Yay;hayir;Akış;düz ok → nokta 1m, hedef noktada (sürekli akar, tik tik, uyumsuz silah). Etkiler: aktor_yarat→sen 3 5sn [akis,silahla:ok];;;yol=ok|sekil=point|dogar=hedef_noktada|temas=tik|gecir=normal|ucar|surekli || varlik:aktor_yarat>kendin[akis,silahla:ok]
12-1;Zaman;Yoğun;Yay;hayir;Delici;düz ok → silindir 2.2m, hedef noktada (delip geçer, uyumsuz silah). Etkiler: tempo→düşman 0.3 0.5sn [sert];;;yol=ok|sekil=cylinder|dogar=hedef_noktada|temas=tek|gecir=delici|ucar || hiz:tempo>dusman[sert]
12-2;Zaman;Emici;Yay;hayir;Zaman çalma;"düz ok → silindir 4m, hedef noktada (uyumsuz silah). Etkiler: tempo→düşman 0.7 1sn; tempo→sen 1.3 1sn [aktarim]; mermi_sil→düşman mermisi [yut]";;;"yol=ok|sekil=cylinder|dogar=hedef_noktada|temas=tek|gecir=normal|ucar || hiz:tempo>dusman[] ; hiz:tempo>kendin[aktarim] ; varlik:mermi_sil>dusman_nesnesi[yut]"
12-3;Zaman;Sıçrayan;Yay;hayir;Seken;düz ok → silindir 4.4m, hedef noktada (2 kez seker, uyumsuz silah). Etkiler: tempo→düşman 0.7 1sn [seker];;;yol=ok|sekil=cylinder|dogar=hedef_noktada|temas=tek|gecir=normal|ucar|seker || hiz:tempo>dusman[seker]
12-4;Zaman;Sabit;Yay;hayir;Dondurma;düz ok → silindir 4m, hedef noktada (yerinde çapalı, uyumsuz silah). Etkiler: tempo→düşman 1sn [dondur];;;yol=ok|sekil=cylinder|dogar=hedef_noktada|temas=tek|gecir=normal|capali || hiz:tempo>dusman[dondur]
12-5;Zaman;Yayılan;Yay;hayir;Dalga;düz ok → silindir 7.2m, hedef noktada (dışa büyür, cephe geçerken, uyumsuz silah). Etkiler: tempo→düşman 0.7 1sn [dalga];;;yol=ok|sekil=cylinder|dogar=hedef_noktada|temas=cephe|gecir=normal|ucar|genisler || hiz:tempo>dusman[dalga]
12-6;Zaman;Bağlayıcı;Yay;hayir;Zaman senkronu, Bağ;"düz ok → bağ 4m, hedef noktada (sen↔hedef bağı, tik tik, uyumsuz silah). Etkiler: tempo→düşman 0.7 1sn [senkron]; hareket→düşman 1.5sn [bag_ucu]; hareket→düşman 0.7 1.5sn [bag_ucu,yavas]";;;"yol=ok|sekil=bag|dogar=hedef_noktada|temas=tik|gecir=normal|ucar|bag || hiz:hareket>dusman[bag_ucu,yavas] ; hiz:hareket>dusman[bag_ucu] ; hiz:tempo>dusman[senkron]"
12-7;Zaman;Bulandırıcı;Yay;hayir;Titreyen zaman, Sis;"düz ok → bulut 4m, hedef noktada (sis hacmi, tik tik, uyumsuz silah). Etkiler: tempo→düşman 0.7 1sn [titrer]; gizlen→dost 4sn [bulut_ici]; kor→düşman 0.3 4sn [bulut_ici]";;;"yol=ok|sekil=bulut|dogar=hedef_noktada|temas=tik|gecir=normal|ucar|bulut || gorunurluk:gizlen>dost[bulut_ici] ; gorunurluk:kor>dusman[bulut_ici] ; hiz:tempo>dusman[titrer]"
12-8;Zaman;Yükselen;Yay;hayir;Hızlanma, Yükselen;"düz ok → silindir 4m, hedef noktada (yerden yükselir, gücü artar, uyumsuz silah). Etkiler: tempo→sen 1.3 1sn [hizlanma]; hasar_buff→sen 0.1 3sn [yukselen]";;;"yol=ok|sekil=cylinder|dogar=hedef_noktada|temas=tek|gecir=normal|ucar|dikey|rampa || deger:hasar_buff>kendin[yukselen] ; hiz:tempo>kendin[hizlanma]"
12-9;Zaman;Odaklı;Yay;hayir;Gecikmeli an, Güdümlü;düz ok → silindir 4m, hedef noktada (hedefe kilitli, tek hedef, uyumsuz silah). Etkiler: tempo→düşman 0.7 1sn [isaretli_an];;;yol=ok|sekil=cylinder|dogar=hedef_noktada|temas=tek|gecir=normal|ucar|gudum|tek_hedef || hiz:tempo>dusman[isaretli_an]
12-10;Zaman;Aynalı;Yay;hayir;Geri sarma, Ayna eşli;"düz ok → silindir 4m, hedef noktada (karşı noktada eşi, uyumsuz silah). Etkiler: geri_sar→düşman 2 1sn [geri_sarma]; yansit→sen 0.3 2sn [ayna_sifati]";;;"yol=ok|sekil=cylinder|dogar=hedef_noktada|temas=tek|gecir=normal|ucar|ayna || hiz:geri_sar>dusman[geri_sarma] ; yon:yansit>kendin[ayna_sifati]"
12-11;Zaman;Kopya;Yay;hayir;Yankı, Çift;"düz ok → silindir 4m, hedef noktada (2 kez (kopya), uyumsuz silah). Etkiler: tempo→düşman 0.7 1sn [iki_kez]; onceki_skill_tekrar→sen 1 [yanki]";;;"yol=ok|sekil=cylinder|dogar=hedef_noktada|temas=tek|gecir=normal|ucar|cogul || hiz:tempo>dusman[iki_kez] ; varlik:onceki_skill_tekrar>kendin[yanki]"
12-12;Zaman;Akan;Yay;hayir;Zaman alanı, Akış;"düz ok → silindir 4m, hedef noktada (sürekli akar, tik tik, uyumsuz silah). Etkiler: tempo→düşman 0.7 3sn [zaman_alani]; tempo→dost 1.3 3sn [zaman_alani]";;;"yol=ok|sekil=cylinder|dogar=hedef_noktada|temas=tik|gecir=normal|ucar|surekli || hiz:tempo>dost[zaman_alani] ; hiz:tempo>dusman[zaman_alani]"
1-1;Saldırı;Yoğun;Büyü Kitabı;hayir;Delici;uçan sayfa → kapsül 0.8m, hedef noktada (delip geçer, uyumsuz silah). Etkiler: can→düşman -25.92;;;yol=sayfa|sekil=capsule|dogar=hedef_noktada|temas=tek|gecir=delici|ucar || deger:can>dusman[]
1-2;Saldırı;Emici;Büyü Kitabı;hayir;Girdap;"uçan sayfa → kapsül 1.5m, hedef noktada (içine çeker, uyumsuz silah). Etkiler: can→düşman -18.24; can→sen 5.47 [aktarim]; mermi_sil→düşman mermisi [yut]";;;"yol=sayfa|sekil=capsule|dogar=hedef_noktada|temas=tek|gecir=normal|ucar|cekim || deger:can>dusman[] ; deger:can>kendin[aktarim] ; varlik:mermi_sil>dusman_nesnesi[yut]"
1-3;Saldırı;Sıçrayan;Büyü Kitabı;hayir;Seken;uçan sayfa → kapsül 1.7m, hedef noktada (2 kez seker, uyumsuz silah). Etkiler: can→düşman -19.2 [seker];;;yol=sayfa|sekil=capsule|dogar=hedef_noktada|temas=tek|gecir=normal|ucar|seker || deger:can>dusman[seker]
1-4;Saldırı;Sabit;Büyü Kitabı;hayir;Tuzak;uçan sayfa → kapsül 1.5m, hedef noktada (yerinde çapalı, içine girene, uyumsuz silah). Etkiler: can→düşman -19.2 [tuzak];;;yol=sayfa|sekil=capsule|dogar=hedef_noktada|temas=giris|gecir=normal|capali || deger:can>dusman[tuzak]
1-5;Saldırı;Yayılan;Büyü Kitabı;hayir;Dalga;uçan sayfa → kapsül 2.7m, hedef noktada (dışa büyür, cephe geçerken, uyumsuz silah). Etkiler: can→düşman -16.32 [alan];;;yol=sayfa|sekil=capsule|dogar=hedef_noktada|temas=cephe|gecir=normal|ucar|genisler || deger:can>dusman[alan]
1-6;Saldırı;Bağlayıcı;Büyü Kitabı;hayir;Bağ;"uçan sayfa → bağ 1.5m, hedef noktada (sen↔hedef bağı, tik tik, uyumsuz silah). Etkiler: can→düşman -19.2 [bag_akisi]; hareket→düşman 1.5sn [bag_ucu]; hareket→düşman 0.7 1.5sn [bag_ucu,yavas]";;;"yol=sayfa|sekil=bag|dogar=hedef_noktada|temas=tik|gecir=normal|ucar|bag || deger:can>dusman[bag_akisi] ; hiz:hareket>dusman[bag_ucu,yavas] ; hiz:hareket>dusman[bag_ucu]"
1-7;Saldırı;Bulandırıcı;Büyü Kitabı;hayir;Sis;"uçan sayfa → bulut 1.5m, hedef noktada (sis hacmi, tik tik, uyumsuz silah). Etkiler: can→düşman -19.2 [bulut_tik]; gizlen→dost 3.2sn [bulut_ici]; kor→düşman 0.3 3.2sn [bulut_ici]";;;"yol=sayfa|sekil=bulut|dogar=hedef_noktada|temas=tik|gecir=normal|ucar|bulut || deger:can>dusman[bulut_tik] ; gorunurluk:gizlen>dost[bulut_ici] ; gorunurluk:kor>dusman[bulut_ici]"
1-8;Saldırı;Yükselen;Büyü Kitabı;hayir;Havaya atma, Yükselen;"uçan sayfa → kapsül 1.5m, hedef noktada (yerden yükselir, gücü artar, uyumsuz silah). Etkiler: can→düşman -19.2 [havaya_at]; hareket→düşman 0.8sn [havada]; hasar_buff→sen 0.1 3sn [yukselen]";;;"yol=sayfa|sekil=capsule|dogar=hedef_noktada|temas=tek|gecir=normal|ucar|dikey|rampa || deger:can>dusman[havaya_at] ; deger:hasar_buff>kendin[yukselen] ; hiz:hareket>dusman[havada]"
1-9;Saldırı;Odaklı;Büyü Kitabı;hayir;Güdümlü;uçan sayfa → kapsül 1.5m, hedef noktada (hedefe kilitli, tek hedef, uyumsuz silah). Etkiler: can→düşman -22.08 [iskalamaz,zirh_yoksay];;;yol=sayfa|sekil=capsule|dogar=hedef_noktada|temas=tek|gecir=normal|ucar|gudum|tek_hedef || deger:can>dusman[iskalamaz,zirh_yoksay]
1-10;Saldırı;Aynalı;Büyü Kitabı;hayir;Kıskaç, Ayna eşli;"uçan sayfa → kapsül 1.5m, hedef noktada (karşı noktada eşi, uyumsuz silah). Etkiler: can→düşman -19.2 [kiskac]; yansit→sen 0.3 2sn [ayna_sifati]";;;"yol=sayfa|sekil=capsule|dogar=hedef_noktada|temas=tek|gecir=normal|ucar|ayna || deger:can>dusman[kiskac] ; yon:yansit>kendin[ayna_sifati]"
1-11;Saldırı;Kopya;Büyü Kitabı;hayir;Çift;uçan sayfa → kapsül 1.5m, hedef noktada (2 kez (kopya), uyumsuz silah). Etkiler: can→düşman -19.2 [iki_kez];;;yol=sayfa|sekil=capsule|dogar=hedef_noktada|temas=tek|gecir=normal|ucar|cogul || deger:can>dusman[iki_kez]
1-12;Saldırı;Akan;Büyü Kitabı;hayir;Akış;uçan sayfa → kapsül 1.5m, hedef noktada (sürekli akar, tik tik, uyumsuz silah). Etkiler: can→düşman -13.44 3sn [akis];;;yol=sayfa|sekil=capsule|dogar=hedef_noktada|temas=tik|gecir=normal|ucar|surekli || deger:can>dusman[akis]
2-1;İyileştirme;Yoğun;Büyü Kitabı;hayir;Taşma;uçan sayfa → küre 1.1m, hedef noktada (tek hedef, uyumsuz silah). Etkiler: can→dost 37.8 [tasar];;;yol=sayfa|sekil=sphere|dogar=hedef_noktada|temas=tek|gecir=normal|ucar|tek_hedef || deger:can>dost[tasar]
2-2;İyileştirme;Emici;Büyü Kitabı;hayir;Emme/çalma;"uçan sayfa → küre 2m, hedef noktada (uyumsuz silah). Etkiler: can→düşman -26.6 [emme]; can→sen 26.6 [aktarim]; mermi_sil→düşman mermisi [yut]";;;"yol=sayfa|sekil=sphere|dogar=hedef_noktada|temas=tek|gecir=normal|ucar || deger:can>dusman[emme] ; deger:can>kendin[aktarim] ; varlik:mermi_sil>dusman_nesnesi[yut]"
2-3;İyileştirme;Sıçrayan;Büyü Kitabı;hayir;Seken;uçan sayfa → küre 2.2m, hedef noktada (2 kez seker, uyumsuz silah). Etkiler: can→dost 28 [dosttan_dosta];;;yol=sayfa|sekil=sphere|dogar=hedef_noktada|temas=tek|gecir=normal|ucar|seker || deger:can>dost[dosttan_dosta]
2-4;İyileştirme;Sabit;Büyü Kitabı;hayir;Totem;uçan sayfa → küre 2m, hedef noktada (yerinde çapalı, tik tik, uyumsuz silah). Etkiler: can→dost 28 [totem];;;yol=sayfa|sekil=sphere|dogar=hedef_noktada|temas=tik|gecir=normal|capali || deger:can>dost[totem]
2-5;İyileştirme;Yayılan;Büyü Kitabı;hayir;Dalga;uçan sayfa → küre 3.6m, hedef noktada (dışa büyür, cephe geçerken, uyumsuz silah). Etkiler: can→dost 23.8 [alan];;;yol=sayfa|sekil=sphere|dogar=hedef_noktada|temas=cephe|gecir=normal|ucar|genisler || deger:can>dost[alan]
2-6;İyileştirme;Bağlayıcı;Büyü Kitabı;hayir;Can bağı, Bağ;"uçan sayfa → bağ 2m, hedef noktada (sen↔hedef bağı, tik tik, uyumsuz silah). Etkiler: can→dost 28 [can_bagi]; hasar_paylasimi→dost 0.5 1.5sn [bag]";;;"yol=sayfa|sekil=bag|dogar=hedef_noktada|temas=tik|gecir=normal|ucar|bag || deger:can>dost[can_bagi] ; deger:hasar_paylasimi>dost[bag]"
2-7;İyileştirme;Bulandırıcı;Büyü Kitabı;hayir;Sis;"uçan sayfa → bulut 2m, hedef noktada (sis hacmi, tik tik, uyumsuz silah). Etkiler: can→dost 28 [bulut_tik]; gizlen→dost 3.2sn [bulut_ici]; kor→düşman 0.3 3.2sn [bulut_ici]";;;"yol=sayfa|sekil=bulut|dogar=hedef_noktada|temas=tik|gecir=normal|ucar|bulut || deger:can>dost[bulut_tik] ; gorunurluk:gizlen>dost[bulut_ici] ; gorunurluk:kor>dusman[bulut_ici]"
2-8;İyileştirme;Yükselen;Büyü Kitabı;hayir;Yükselen;"uçan sayfa → küre 2m, hedef noktada (yerden yükselir, gücü artar, uyumsuz silah). Etkiler: can→dost 28 [buyuyen]; hasar_buff→sen 0.1 3sn [yukselen]";;;"yol=sayfa|sekil=sphere|dogar=hedef_noktada|temas=tek|gecir=normal|ucar|dikey|rampa || deger:can>dost[buyuyen] ; deger:hasar_buff>kendin[yukselen]"
2-9;İyileştirme;Odaklı;Büyü Kitabı;hayir;Koruyucu tetik, Güdümlü;uçan sayfa → küre 2m, hedef noktada (hedefe kilitli, tek hedef, uyumsuz silah). Etkiler: can→dost 32.2 [koruyucu_tetik];;;yol=sayfa|sekil=sphere|dogar=hedef_noktada|temas=tek|gecir=normal|ucar|gudum|tek_hedef || deger:can>dost[koruyucu_tetik]
2-10;İyileştirme;Aynalı;Büyü Kitabı;hayir;Ters kopya, Ayna eşli;"uçan sayfa → küre 2m, hedef noktada (karşı noktada eşi, uyumsuz silah). Etkiler: can→dost 28; can→düşman -8.4 [ters_kopya]; yansit→sen 0.3 2sn [ayna_sifati]";;;"yol=sayfa|sekil=sphere|dogar=hedef_noktada|temas=tek|gecir=normal|ucar|ayna || deger:can>dost[] ; deger:can>dusman[ters_kopya] ; yon:yansit>kendin[ayna_sifati]"
2-11;İyileştirme;Kopya;Büyü Kitabı;hayir;Çift;uçan sayfa → küre 2m, hedef noktada (2 kez (kopya), uyumsuz silah). Etkiler: can→dost 28 [iki_kez];;;yol=sayfa|sekil=sphere|dogar=hedef_noktada|temas=tek|gecir=normal|ucar|cogul || deger:can>dost[iki_kez]
2-12;İyileştirme;Akan;Büyü Kitabı;hayir;Akış;uçan sayfa → küre 2m, hedef noktada (sürekli akar, tik tik, uyumsuz silah). Etkiler: can→dost 19.6 3sn [akis];;;yol=sayfa|sekil=sphere|dogar=hedef_noktada|temas=tik|gecir=normal|ucar|surekli || deger:can>dost[akis]
3-1;Hareket;Yoğun;Büyü Kitabı;hayir;Faz geçişi;uçan sayfa → çizgi 1.7m, sende (tek hedef, uyumsuz silah). Etkiler: kendini_tasi→sen 4.59 [faz,yol:sayfa_kayma];;;yol=sayfa|sekil=line|dogar=sende|temas=tek|gecir=normal|ucar|tek_hedef || konum:kendini_tasi>kendin[faz,yol:sayfa_kayma]
3-2;Hareket;Emici;Büyü Kitabı;hayir;Hedefi sana çekme, Girdap;"uçan sayfa → çizgi 3m, sende (içine çeker, uyumsuz silah). Etkiler: cek→düşman 4.59 [sana_dogru,yol:sayfa_kayma]; mermi_sil→düşman mermisi [yut]";;;"yol=sayfa|sekil=line|dogar=sende|temas=tek|gecir=normal|ucar|cekim || konum:cek>dusman[sana_dogru,yol:sayfa_kayma] ; varlik:mermi_sil>dusman_nesnesi[yut]"
3-3;Hareket;Sıçrayan;Büyü Kitabı;hayir;Sekmeli zıplama, Seken;uçan sayfa → çizgi 3.3m, sende (2 kez seker, uyumsuz silah). Etkiler: kendini_tasi→sen 4.59 [sekmeli,yol:sayfa_kayma];;;yol=sayfa|sekil=line|dogar=sende|temas=tek|gecir=normal|ucar|seker || konum:kendini_tasi>kendin[sekmeli,yol:sayfa_kayma]
3-4;Hareket;Sabit;Büyü Kitabı;hayir;İşaretle-geri dön;uçan sayfa → çizgi 3m, sende (yerinde çapalı, uyumsuz silah). Etkiler: isaret_geri_don→sen 4.59 2.2sn [geri_donus,yol:sayfa_kayma];;;yol=sayfa|sekil=line|dogar=sende|temas=tek|gecir=normal|capali || konum:isaret_geri_don>kendin[geri_donus,yol:sayfa_kayma]
3-5;Hareket;Yayılan;Büyü Kitabı;hayir;İniş şok dalgası, Dalga;"uçan sayfa → çizgi 5.4m, sende (dışa büyür, cephe geçerken, uyumsuz silah). Etkiler: kendini_tasi→sen 4.59 [inis_dalgasi,yol:sayfa_kayma]; it→düşman [dalga]";;;"yol=sayfa|sekil=line|dogar=sende|temas=cephe|gecir=normal|ucar|genisler || konum:it>dusman[dalga] ; konum:kendini_tasi>kendin[inis_dalgasi,yol:sayfa_kayma]"
3-6;Hareket;Bağlayıcı;Büyü Kitabı;hayir;Yer değiştirme, Bağ;"uçan sayfa → bağ 3m, sende (sen↔hedef bağı, tik tik, uyumsuz silah). Etkiler: yer_degistir→düşman 4.59 [iki_uc,yol:sayfa_kayma]; hareket→düşman 1.5sn [bag_ucu]; hareket→düşman 0.7 1.5sn [bag_ucu,yavas]";;;"yol=sayfa|sekil=bag|dogar=sende|temas=tik|gecir=normal|ucar|bag || hiz:hareket>dusman[bag_ucu,yavas] ; hiz:hareket>dusman[bag_ucu] ; konum:yer_degistir>dusman[iki_uc,yol:sayfa_kayma]"
3-7;Hareket;Bulandırıcı;Büyü Kitabı;hayir;Görünmez geçiş, Sis;"uçan sayfa → bulut 3m, sende (sis hacmi, tik tik, uyumsuz silah). Etkiler: kendini_tasi→sen 4.59 [gorunmez_gecis,yol:sayfa_kayma]; gizlen→dost 3.2sn [bulut_ici]; kor→düşman 0.3 3.2sn [bulut_ici]";;;"yol=sayfa|sekil=bulut|dogar=sende|temas=tik|gecir=normal|ucar|bulut || gorunurluk:gizlen>dost[bulut_ici] ; gorunurluk:kor>dusman[bulut_ici] ; konum:kendini_tasi>kendin[gorunmez_gecis,yol:sayfa_kayma]"
3-8;Hareket;Yükselen;Büyü Kitabı;hayir;Sıçrayıp çakılma, Yükselen;"uçan sayfa → çizgi 3m, sende (yerden yükselir, gücü artar, uyumsuz silah). Etkiler: kendini_tasi→sen 4.59 [sicrayip_cakil,yol:sayfa_kayma]; hasar_buff→sen 0.1 3sn [yukselen]";;;"yol=sayfa|sekil=line|dogar=sende|temas=tek|gecir=normal|ucar|dikey|rampa || deger:hasar_buff>kendin[yukselen] ; konum:kendini_tasi>kendin[sicrayip_cakil,yol:sayfa_kayma]"
3-9;Hareket;Odaklı;Büyü Kitabı;hayir;Arkaya ışınlanma, Güdümlü;uçan sayfa → çizgi 3m, sende (hedefe kilitli, tek hedef, uyumsuz silah). Etkiler: hedefin_arkasina→sen 4.59 [isinlanma,yol:sayfa_kayma];;;yol=sayfa|sekil=line|dogar=sende|temas=tek|gecir=normal|ucar|gudum|tek_hedef || konum:hedefin_arkasina>kendin[isinlanma,yol:sayfa_kayma]
3-10;Hareket;Aynalı;Büyü Kitabı;hayir;Portal, Ayna eşli;"uçan sayfa → çizgi 3m, sende (karşı noktada eşi, uyumsuz silah). Etkiler: portal→sen 4.59 4sn [portal_cifti,yol:sayfa_kayma]; yansit→sen 0.3 2sn [ayna_sifati]";;;"yol=sayfa|sekil=line|dogar=sende|temas=tek|gecir=normal|ucar|ayna || konum:portal>kendin[portal_cifti,yol:sayfa_kayma] ; yon:yansit>kendin[ayna_sifati]"
3-11;Hareket;Kopya;Büyü Kitabı;hayir;Yem kopya, Çift;"uçan sayfa → çizgi 3m, sende (2 kez (kopya), uyumsuz silah). Etkiler: kendini_tasi→sen 4.59 [ardinda_kopya,yol:sayfa_kayma]; yem_kopya→sen 1 2sn [dikkat_ceker]";;;"yol=sayfa|sekil=line|dogar=sende|temas=tek|gecir=normal|ucar|cogul || konum:kendini_tasi>kendin[ardinda_kopya,yol:sayfa_kayma] ; varlik:yem_kopya>kendin[dikkat_ceker]"
3-12;Hareket;Akan;Büyü Kitabı;hayir;Süzülme, Akış;uçan sayfa → çizgi 3m, sende (sürekli akar, tik tik, uyumsuz silah). Etkiler: kendini_tasi→sen 4.59 3sn [suzulme,yol:sayfa_kayma];;;yol=sayfa|sekil=line|dogar=sende|temas=tik|gecir=normal|ucar|surekli || konum:kendini_tasi>kendin[suzulme,yol:sayfa_kayma]
4-1;Savunma;Yoğun;Büyü Kitabı;hayir;Taşma;uçan sayfa → küre 0.8m, hedef noktada (katı, tek hedef, uyumsuz silah). Etkiler: kalkan→dost 54 [tasar];;;yol=sayfa|sekil=sphere|dogar=hedef_noktada|temas=tek|gecir=kati|ucar|tek_hedef || deger:kalkan>dost[tasar]
4-2;Savunma;Emici;Büyü Kitabı;hayir;Emme/çalma;"uçan sayfa → küre 1.5m, hedef noktada (katı, uyumsuz silah). Etkiler: can→düşman -38 [emme]; kalkan→sen 38 [aktarim]; mermi_sil→düşman mermisi [yut]";;;"yol=sayfa|sekil=sphere|dogar=hedef_noktada|temas=tek|gecir=kati|ucar || deger:can>dusman[emme] ; deger:kalkan>kendin[aktarim] ; varlik:mermi_sil>dusman_nesnesi[yut]"
4-3;Savunma;Sıçrayan;Büyü Kitabı;hayir;Seken;uçan sayfa → küre 1.7m, hedef noktada (katı, 2 kez seker, uyumsuz silah). Etkiler: kalkan→dost 40 [dosttan_dosta];;;yol=sayfa|sekil=sphere|dogar=hedef_noktada|temas=tek|gecir=kati|ucar|seker || deger:kalkan>dost[dosttan_dosta]
4-4;Savunma;Sabit;Büyü Kitabı;hayir;Duvar, Totem;uçan sayfa → küre 1.5m, hedef noktada (yerinde çapalı, katı, tik tik, uyumsuz silah). Etkiler: kalkan→dost 40 [totem];;;yol=sayfa|sekil=sphere|dogar=hedef_noktada|temas=tik|gecir=kati|capali || deger:kalkan>dost[totem]
4-5;Savunma;Yayılan;Büyü Kitabı;hayir;Dalga;uçan sayfa → küre 2.7m, hedef noktada (katı, dışa büyür, cephe geçerken, uyumsuz silah). Etkiler: kalkan→dost 34 [alan];;;yol=sayfa|sekil=sphere|dogar=hedef_noktada|temas=cephe|gecir=kati|ucar|genisler || deger:kalkan>dost[alan]
4-6;Savunma;Bağlayıcı;Büyü Kitabı;hayir;Can bağı, Bağ;"uçan sayfa → bağ 1.5m, hedef noktada (katı, sen↔hedef bağı, tik tik, uyumsuz silah). Etkiler: kalkan→dost 40 [can_bagi]; hasar_paylasimi→dost 0.5 1.5sn [bag]";;;"yol=sayfa|sekil=bag|dogar=hedef_noktada|temas=tik|gecir=kati|ucar|bag || deger:hasar_paylasimi>dost[bag] ; deger:kalkan>dost[can_bagi]"
4-7;Savunma;Bulandırıcı;Büyü Kitabı;hayir;Sis;"uçan sayfa → bulut 1.5m, hedef noktada (katı, sis hacmi, tik tik, uyumsuz silah). Etkiler: kalkan→dost 40 [bulut_tik]; gizlen→dost 3.5sn [bulut_ici]; kor→düşman 0.3 3.5sn [bulut_ici]";;;"yol=sayfa|sekil=bulut|dogar=hedef_noktada|temas=tik|gecir=kati|ucar|bulut || deger:kalkan>dost[bulut_tik] ; gorunurluk:gizlen>dost[bulut_ici] ; gorunurluk:kor>dusman[bulut_ici]"
4-8;Savunma;Yükselen;Büyü Kitabı;hayir;Yükselen;"uçan sayfa → küre 1.5m, hedef noktada (katı, yerden yükselir, gücü artar, uyumsuz silah). Etkiler: kalkan→dost 40 [buyuyen]; hasar_buff→sen 0.1 3sn [yukselen]";;;"yol=sayfa|sekil=sphere|dogar=hedef_noktada|temas=tek|gecir=kati|ucar|dikey|rampa || deger:hasar_buff>kendin[yukselen] ; deger:kalkan>dost[buyuyen]"
4-9;Savunma;Odaklı;Büyü Kitabı;hayir;Koruyucu tetik, Güdümlü;uçan sayfa → küre 1.5m, hedef noktada (katı, hedefe kilitli, tek hedef, uyumsuz silah). Etkiler: kalkan→dost 46 [koruyucu_tetik];;;yol=sayfa|sekil=sphere|dogar=hedef_noktada|temas=tek|gecir=kati|ucar|gudum|tek_hedef || deger:kalkan>dost[koruyucu_tetik]
4-10;Savunma;Aynalı;Büyü Kitabı;hayir;Ters kopya, Ayna eşli;"uçan sayfa → küre 1.5m, hedef noktada (katı, karşı noktada eşi, uyumsuz silah). Etkiler: kalkan→dost 40; can→düşman -12 [ters_kopya]; yansit→sen 0.3 2sn [ayna_sifati]";;;"yol=sayfa|sekil=sphere|dogar=hedef_noktada|temas=tek|gecir=kati|ucar|ayna || deger:can>dusman[ters_kopya] ; deger:kalkan>dost[] ; yon:yansit>kendin[ayna_sifati]"
4-11;Savunma;Kopya;Büyü Kitabı;hayir;Çift;uçan sayfa → küre 1.5m, hedef noktada (katı, 2 kez (kopya), uyumsuz silah). Etkiler: kalkan→dost 40 [iki_kez];;;yol=sayfa|sekil=sphere|dogar=hedef_noktada|temas=tek|gecir=kati|ucar|cogul || deger:kalkan>dost[iki_kez]
4-12;Savunma;Akan;Büyü Kitabı;hayir;Akış;uçan sayfa → küre 1.5m, hedef noktada (katı, sürekli akar, tik tik, uyumsuz silah). Etkiler: kalkan→dost 28 3sn [akis];;;yol=sayfa|sekil=sphere|dogar=hedef_noktada|temas=tik|gecir=kati|ucar|surekli || deger:kalkan>dost[akis]
5-1;Patlama;Yoğun;Büyü Kitabı;hayir;Delici;"uçan sayfa → küre 1.7m, hedef noktada (delip geçer, uyumsuz silah). Etkiler: can→düşman -18.14; it→düşman [sert]";;;"yol=sayfa|sekil=sphere|dogar=hedef_noktada|temas=tek|gecir=delici|ucar || deger:can>dusman[] ; konum:it>dusman[sert]"
5-2;Patlama;Emici;Büyü Kitabı;hayir;İçe çöküş, Girdap;"uçan sayfa → küre 3m, hedef noktada (içine çeker, uyumsuz silah). Etkiler: can→düşman -12.77; cek→düşman [merkeze]; can→sen 3.83 [aktarim]; mermi_sil→düşman mermisi [yut]";;;"yol=sayfa|sekil=sphere|dogar=hedef_noktada|temas=tek|gecir=normal|ucar|cekim || deger:can>dusman[] ; deger:can>kendin[aktarim] ; konum:cek>dusman[merkeze] ; varlik:mermi_sil>dusman_nesnesi[yut]"
5-3;Patlama;Sıçrayan;Büyü Kitabı;hayir;Seken;"uçan sayfa → küre 3.3m, hedef noktada (2 kez seker, uyumsuz silah). Etkiler: can→düşman -13.44 [seker]; it→düşman [seker]";;;"yol=sayfa|sekil=sphere|dogar=hedef_noktada|temas=tek|gecir=normal|ucar|seker || deger:can>dusman[seker] ; konum:it>dusman[seker]"
5-4;Patlama;Sabit;Büyü Kitabı;hayir;Tuzak;"uçan sayfa → küre 3m, hedef noktada (yerinde çapalı, içine girene, uyumsuz silah). Etkiler: can→düşman -13.44 [tuzak]; it→düşman [tuzak]";;;"yol=sayfa|sekil=sphere|dogar=hedef_noktada|temas=giris|gecir=normal|capali || deger:can>dusman[tuzak] ; konum:it>dusman[tuzak]"
5-5;Patlama;Yayılan;Büyü Kitabı;hayir;Dalga;"uçan sayfa → küre 5.4m, hedef noktada (dışa büyür, cephe geçerken, uyumsuz silah). Etkiler: can→düşman -11.42 [alan]; it→düşman [dalga]";;;"yol=sayfa|sekil=sphere|dogar=hedef_noktada|temas=cephe|gecir=normal|ucar|genisler || deger:can>dusman[alan] ; konum:it>dusman[dalga]"
5-6;Patlama;Bağlayıcı;Büyü Kitabı;hayir;Bağla çekme, Bağ;"uçan sayfa → bağ 3m, hedef noktada (sen↔hedef bağı, tik tik, uyumsuz silah). Etkiler: can→düşman -13.44 [bag_akisi]; cek→düşman [bag_boyunca]; hareket→düşman 1.5sn [bag_ucu]; hareket→düşman 0.7 1.5sn [bag_ucu,yavas]";;;"yol=sayfa|sekil=bag|dogar=hedef_noktada|temas=tik|gecir=normal|ucar|bag || deger:can>dusman[bag_akisi] ; hiz:hareket>dusman[bag_ucu,yavas] ; hiz:hareket>dusman[bag_ucu] ; konum:cek>dusman[bag_boyunca]"
5-7;Patlama;Bulandırıcı;Büyü Kitabı;hayir;Sis;"uçan sayfa → bulut 3m, hedef noktada (sis hacmi, tik tik, uyumsuz silah). Etkiler: can→düşman -13.44 [bulut_tik]; it→düşman [sis_patlamasi]; gizlen→dost 3.2sn [bulut_ici]; kor→düşman 0.3 3.2sn [bulut_ici]";;;"yol=sayfa|sekil=bulut|dogar=hedef_noktada|temas=tik|gecir=normal|ucar|bulut || deger:can>dusman[bulut_tik] ; gorunurluk:gizlen>dost[bulut_ici] ; gorunurluk:kor>dusman[bulut_ici] ; konum:it>dusman[sis_patlamasi]"
5-8;Patlama;Yükselen;Büyü Kitabı;hayir;Havaya atma, Yükselen;"uçan sayfa → küre 3m, hedef noktada (yerden yükselir, gücü artar, uyumsuz silah). Etkiler: can→düşman -13.44 [havaya_at]; it→düşman [yukari_firlat]; hareket→düşman 0.8sn [havada]; hasar_buff→sen 0.1 3sn [yukselen]";;;"yol=sayfa|sekil=sphere|dogar=hedef_noktada|temas=tek|gecir=normal|ucar|dikey|rampa || deger:can>dusman[havaya_at] ; deger:hasar_buff>kendin[yukselen] ; hiz:hareket>dusman[havada] ; konum:it>dusman[yukari_firlat]"
5-9;Patlama;Odaklı;Büyü Kitabı;hayir;Güdümlü;"uçan sayfa → küre 3m, hedef noktada (hedefe kilitli, tek hedef, uyumsuz silah). Etkiler: can→düşman -15.46 [iskalamaz,zirh_yoksay]; it→düşman [tek_hedef]";;;"yol=sayfa|sekil=sphere|dogar=hedef_noktada|temas=tek|gecir=normal|ucar|gudum|tek_hedef || deger:can>dusman[iskalamaz,zirh_yoksay] ; konum:it>dusman[tek_hedef]"
5-10;Patlama;Aynalı;Büyü Kitabı;hayir;Kıskaç, Ayna eşli;"uçan sayfa → küre 3m, hedef noktada (karşı noktada eşi, uyumsuz silah). Etkiler: can→düşman -13.44 [kiskac]; it→düşman [iki_uctan]; yansit→sen 0.3 2sn [ayna_sifati]";;;"yol=sayfa|sekil=sphere|dogar=hedef_noktada|temas=tek|gecir=normal|ucar|ayna || deger:can>dusman[kiskac] ; konum:it>dusman[iki_uctan] ; yon:yansit>kendin[ayna_sifati]"
5-11;Patlama;Kopya;Büyü Kitabı;hayir;Çift;"uçan sayfa → küre 3m, hedef noktada (2 kez (kopya), uyumsuz silah). Etkiler: can→düşman -13.44 [iki_kez]; it→düşman [iki_kez]";;;"yol=sayfa|sekil=sphere|dogar=hedef_noktada|temas=tek|gecir=normal|ucar|cogul || deger:can>dusman[iki_kez] ; konum:it>dusman[iki_kez]"
5-12;Patlama;Akan;Büyü Kitabı;hayir;Akıntı, Akış;"uçan sayfa → küre 3m, hedef noktada (sürekli akar, tik tik, uyumsuz silah). Etkiler: can→düşman -9.41 3sn [akis]; it→düşman [akinti]";;;"yol=sayfa|sekil=sphere|dogar=hedef_noktada|temas=tik|gecir=normal|ucar|surekli || deger:can>dusman[akis] ; konum:it>dusman[akinti]"
6-1;Kontrol;Yoğun;Büyü Kitabı;hayir;Delici;"uçan sayfa → koni 2.2m, hedef noktada (delip geçer, uyumsuz silah). Etkiler: hareket→düşman 0.8sn [sert]; can→düşman -5.18";;;"yol=sayfa|sekil=cone|dogar=hedef_noktada|temas=tek|gecir=delici|ucar || deger:can>dusman[] ; hiz:hareket>dusman[sert]"
6-2;Kontrol;Emici;Büyü Kitabı;hayir;Hedefi sana çekme, Girdap;"uçan sayfa → koni 4m, hedef noktada (içine çeker, uyumsuz silah). Etkiler: hareket→düşman 1.5sn; can→düşman -3.65; cek→düşman [sana_dogru]; can→sen 1.09 [aktarim]; mermi_sil→düşman mermisi [yut]";;;"yol=sayfa|sekil=cone|dogar=hedef_noktada|temas=tek|gecir=normal|ucar|cekim || deger:can>dusman[] ; deger:can>kendin[aktarim] ; hiz:hareket>dusman[] ; konum:cek>dusman[sana_dogru] ; varlik:mermi_sil>dusman_nesnesi[yut]"
6-3;Kontrol;Sıçrayan;Büyü Kitabı;hayir;Seken;"uçan sayfa → koni 4.4m, hedef noktada (2 kez seker, uyumsuz silah). Etkiler: hareket→düşman 1.5sn [seker]; can→düşman -3.84 [seker]";;;"yol=sayfa|sekil=cone|dogar=hedef_noktada|temas=tek|gecir=normal|ucar|seker || deger:can>dusman[seker] ; hiz:hareket>dusman[seker]"
6-4;Kontrol;Sabit;Büyü Kitabı;hayir;Tuzak;"uçan sayfa → koni 4m, hedef noktada (yerinde çapalı, içine girene, uyumsuz silah). Etkiler: hareket→düşman 3.5sn [uzun]; can→düşman -3.84 [tuzak]";;;"yol=sayfa|sekil=cone|dogar=hedef_noktada|temas=giris|gecir=normal|capali || deger:can>dusman[tuzak] ; hiz:hareket>dusman[uzun]"
6-5;Kontrol;Yayılan;Büyü Kitabı;hayir;Dalga;"uçan sayfa → koni 7.2m, hedef noktada (dışa büyür, cephe geçerken, uyumsuz silah). Etkiler: hareket→düşman 1.5sn [dalga]; can→düşman -3.26 [alan]";;;"yol=sayfa|sekil=cone|dogar=hedef_noktada|temas=cephe|gecir=normal|ucar|genisler || deger:can>dusman[alan] ; hiz:hareket>dusman[dalga]"
6-6;Kontrol;Bağlayıcı;Büyü Kitabı;hayir;Tasma, Bağ;"uçan sayfa → bağ 4m, hedef noktada (sen↔hedef bağı, tik tik, uyumsuz silah). Etkiler: hareket→düşman 1.5sn [tasma]; can→düşman -3.84 [bag_akisi]; hareket→düşman 1.5sn [bag_ucu]; hareket→düşman 0.7 1.5sn [bag_ucu,yavas]";;;"yol=sayfa|sekil=bag|dogar=hedef_noktada|temas=tik|gecir=normal|ucar|bag || deger:can>dusman[bag_akisi] ; hiz:hareket>dusman[bag_ucu,yavas] ; hiz:hareket>dusman[bag_ucu] ; hiz:hareket>dusman[tasma]"
6-7;Kontrol;Bulandırıcı;Büyü Kitabı;hayir;Sis;"uçan sayfa → bulut 4m, hedef noktada (sis hacmi, tik tik, uyumsuz silah). Etkiler: hareket→düşman 1.5sn [bulut_tik]; can→düşman -3.84 [bulut_tik]; gizlen→dost 3.2sn [bulut_ici]; kor→düşman 0.3 3.2sn [bulut_ici]";;;"yol=sayfa|sekil=bulut|dogar=hedef_noktada|temas=tik|gecir=normal|ucar|bulut || deger:can>dusman[bulut_tik] ; gorunurluk:gizlen>dost[bulut_ici] ; gorunurluk:kor>dusman[bulut_ici] ; hiz:hareket>dusman[bulut_tik]"
6-8;Kontrol;Yükselen;Büyü Kitabı;hayir;Havaya atma, Yükselen;"uçan sayfa → koni 4m, hedef noktada (yerden yükselir, gücü artar, uyumsuz silah). Etkiler: hareket→düşman 1.5sn [havaya_at]; can→düşman -3.84 [havaya_at]; hasar_buff→sen 0.1 3sn [yukselen]";;;"yol=sayfa|sekil=cone|dogar=hedef_noktada|temas=tek|gecir=normal|ucar|dikey|rampa || deger:can>dusman[havaya_at] ; deger:hasar_buff>kendin[yukselen] ; hiz:hareket>dusman[havaya_at]"
6-9;Kontrol;Odaklı;Büyü Kitabı;hayir;Gecikmeli an, Güdümlü;"uçan sayfa → koni 4m, hedef noktada (hedefe kilitli, tek hedef, uyumsuz silah). Etkiler: hareket→düşman 1.5sn [isaretli_an]; can→düşman -4.42 [iskalamaz,zirh_yoksay]";;;"yol=sayfa|sekil=cone|dogar=hedef_noktada|temas=tek|gecir=normal|ucar|gudum|tek_hedef || deger:can>dusman[iskalamaz,zirh_yoksay] ; hiz:hareket>dusman[isaretli_an]"
6-10;Kontrol;Aynalı;Büyü Kitabı;hayir;Kıskaç, Ters kontrol, Ayna eşli;"uçan sayfa → koni 4m, hedef noktada (karşı noktada eşi, uyumsuz silah). Etkiler: hareket→düşman 1.5sn [ters_kontrol]; can→düşman -3.84 [kiskac]; yansit→sen 0.3 2sn [ayna_sifati]";;;"yol=sayfa|sekil=cone|dogar=hedef_noktada|temas=tek|gecir=normal|ucar|ayna || deger:can>dusman[kiskac] ; hiz:hareket>dusman[ters_kontrol] ; yon:yansit>kendin[ayna_sifati]"
6-11;Kontrol;Kopya;Büyü Kitabı;hayir;Çift;"uçan sayfa → koni 4m, hedef noktada (2 kez (kopya), uyumsuz silah). Etkiler: hareket→düşman 1.5sn [iki_kez]; can→düşman -3.84 [iki_kez]";;;"yol=sayfa|sekil=cone|dogar=hedef_noktada|temas=tek|gecir=normal|ucar|cogul || deger:can>dusman[iki_kez] ; hiz:hareket>dusman[iki_kez]"
6-12;Kontrol;Akan;Büyü Kitabı;hayir;Bataklık, Akış;"uçan sayfa → koni 4m, hedef noktada (sürekli akar, tik tik, uyumsuz silah). Etkiler: hareket→düşman 3sn [bataklik]; can→düşman -2.69 3sn [akis]";;;"yol=sayfa|sekil=cone|dogar=hedef_noktada|temas=tik|gecir=normal|ucar|surekli || deger:can>dusman[akis] ; hiz:hareket>dusman[bataklik]"
7-1;Zayıflatma;Yoğun;Büyü Kitabı;evet;Delici;"uçan sayfa → kapsül 1.7m, hedef noktada (delip geçer). Etkiler: zirh→düşman -0.27 2sn; can→düşman -4.05";;;"yol=sayfa|sekil=capsule|dogar=hedef_noktada|temas=tek|gecir=delici|ucar || deger:can>dusman[] ; deger:zirh>dusman[]"
7-2;Zayıflatma;Emici;Büyü Kitabı;evet;Girdap;"uçan sayfa → kapsül 3m, hedef noktada (içine çeker). Etkiler: zirh→düşman -0.19 4sn; can→düşman -2.85; zirh→sen 0.06 4sn [aktarim]; can→sen 0.86 [aktarim]; mermi_sil→düşman mermisi [yut]";;;"yol=sayfa|sekil=capsule|dogar=hedef_noktada|temas=tek|gecir=normal|ucar|cekim || deger:can>dusman[] ; deger:can>kendin[aktarim] ; deger:zirh>dusman[] ; deger:zirh>kendin[aktarim] ; varlik:mermi_sil>dusman_nesnesi[yut]"
7-3;Zayıflatma;Sıçrayan;Büyü Kitabı;evet;Seken;"uçan sayfa → kapsül 3.3m, hedef noktada (2 kez seker). Etkiler: zirh→düşman -0.2 4sn [seker]; can→düşman -3 [seker]";;;"yol=sayfa|sekil=capsule|dogar=hedef_noktada|temas=tek|gecir=normal|ucar|seker || deger:can>dusman[seker] ; deger:zirh>dusman[seker]"
7-4;Zayıflatma;Sabit;Büyü Kitabı;evet;Tuzak;"uçan sayfa → kapsül 3m, hedef noktada (yerinde çapalı, içine girene). Etkiler: zirh→düşman -0.2 4sn [tuzak]; can→düşman -3 [tuzak]";;;"yol=sayfa|sekil=capsule|dogar=hedef_noktada|temas=giris|gecir=normal|capali || deger:can>dusman[tuzak] ; deger:zirh>dusman[tuzak]"
7-5;Zayıflatma;Yayılan;Büyü Kitabı;evet;Dalga;"uçan sayfa → kapsül 5.4m, hedef noktada (dışa büyür, cephe geçerken). Etkiler: zirh→düşman -0.17 4sn [alan]; can→düşman -2.55 [alan]";;;"yol=sayfa|sekil=capsule|dogar=hedef_noktada|temas=cephe|gecir=normal|ucar|genisler || deger:can>dusman[alan] ; deger:zirh>dusman[alan]"
7-6;Zayıflatma;Bağlayıcı;Büyü Kitabı;evet;Bağ;"uçan sayfa → bağ 3m, hedef noktada (sen↔hedef bağı, tik tik). Etkiler: zirh→düşman -0.2 4sn [bag_akisi]; can→düşman -3 [bag_akisi]; hareket→düşman 1.5sn [bag_ucu]; hareket→düşman 0.7 1.5sn [bag_ucu,yavas]";;;"yol=sayfa|sekil=bag|dogar=hedef_noktada|temas=tik|gecir=normal|ucar|bag || deger:can>dusman[bag_akisi] ; deger:zirh>dusman[bag_akisi] ; hiz:hareket>dusman[bag_ucu,yavas] ; hiz:hareket>dusman[bag_ucu]"
7-7;Zayıflatma;Bulandırıcı;Büyü Kitabı;evet;Sis;"uçan sayfa → bulut 3m, hedef noktada (sis hacmi, tik tik). Etkiler: zirh→düşman -0.2 4sn [bulut_tik]; can→düşman -3 [bulut_tik]; gizlen→dost 3.2sn [bulut_ici]; kor→düşman 0.3 3.2sn [bulut_ici]";;;"yol=sayfa|sekil=bulut|dogar=hedef_noktada|temas=tik|gecir=normal|ucar|bulut || deger:can>dusman[bulut_tik] ; deger:zirh>dusman[bulut_tik] ; gorunurluk:gizlen>dost[bulut_ici] ; gorunurluk:kor>dusman[bulut_ici]"
7-8;Zayıflatma;Yükselen;Büyü Kitabı;evet;Havaya atma, Yükselen;"uçan sayfa → kapsül 3m, hedef noktada (yerden yükselir, gücü artar). Etkiler: zirh→düşman -0.2 4sn [havaya_at]; can→düşman -3 [havaya_at]; hareket→düşman 0.8sn [havada]; hasar_buff→sen 0.1 3sn [yukselen]";;;"yol=sayfa|sekil=capsule|dogar=hedef_noktada|temas=tek|gecir=normal|ucar|dikey|rampa || deger:can>dusman[havaya_at] ; deger:hasar_buff>kendin[yukselen] ; deger:zirh>dusman[havaya_at] ; hiz:hareket>dusman[havada]"
7-9;Zayıflatma;Odaklı;Büyü Kitabı;evet;Gecikmeli an, Güdümlü;"uçan sayfa → kapsül 3m, hedef noktada (hedefe kilitli, tek hedef). Etkiler: zirh→düşman -0.23 4sn [isaretli_an]; can→düşman -3.45 [iskalamaz,zirh_yoksay]";;;"yol=sayfa|sekil=capsule|dogar=hedef_noktada|temas=tek|gecir=normal|ucar|gudum|tek_hedef || deger:can>dusman[iskalamaz,zirh_yoksay] ; deger:zirh>dusman[isaretli_an]"
7-10;Zayıflatma;Aynalı;Büyü Kitabı;evet;Kıskaç, Ayna eşli;"uçan sayfa → kapsül 3m, hedef noktada (karşı noktada eşi). Etkiler: zirh→düşman -0.2 4sn [kiskac]; can→düşman -3 [kiskac]; yansit→sen 0.3 2sn [ayna_sifati]";;;"yol=sayfa|sekil=capsule|dogar=hedef_noktada|temas=tek|gecir=normal|ucar|ayna || deger:can>dusman[kiskac] ; deger:zirh>dusman[kiskac] ; yon:yansit>kendin[ayna_sifati]"
7-11;Zayıflatma;Kopya;Büyü Kitabı;evet;Çift;"uçan sayfa → kapsül 3m, hedef noktada (2 kez (kopya)). Etkiler: zirh→düşman -0.2 4sn [iki_kez]; can→düşman -3 [iki_kez]";;;"yol=sayfa|sekil=capsule|dogar=hedef_noktada|temas=tek|gecir=normal|ucar|cogul || deger:can>dusman[iki_kez] ; deger:zirh>dusman[iki_kez]"
7-12;Zayıflatma;Akan;Büyü Kitabı;evet;Akış;"uçan sayfa → kapsül 3m, hedef noktada (sürekli akar, tik tik). Etkiler: zirh→düşman -0.14 3sn [akis]; can→düşman -2.1 3sn [akis]";;;"yol=sayfa|sekil=capsule|dogar=hedef_noktada|temas=tik|gecir=normal|ucar|surekli || deger:can>dusman[akis] ; deger:zirh>dusman[akis]"
8-1;Güçlendirme;Yoğun;Büyü Kitabı;hayir;Taşma;uçan sayfa → küre 1.1m, hedef noktada (tek hedef, uyumsuz silah). Etkiler: hasar_buff→dost 0.22 1.5sn [tasar];;;yol=sayfa|sekil=sphere|dogar=hedef_noktada|temas=tek|gecir=normal|ucar|tek_hedef || deger:hasar_buff>dost[tasar]
8-2;Güçlendirme;Emici;Büyü Kitabı;hayir;Emme/çalma;"uçan sayfa → küre 2m, hedef noktada (uyumsuz silah). Etkiler: hasar_buff→düşman -0.15 3sn [emme]; hasar_buff→sen 0.15 3sn [aktarim]; mermi_sil→düşman mermisi [yut]";;;"yol=sayfa|sekil=sphere|dogar=hedef_noktada|temas=tek|gecir=normal|ucar || deger:hasar_buff>dusman[emme] ; deger:hasar_buff>kendin[aktarim] ; varlik:mermi_sil>dusman_nesnesi[yut]"
8-3;Güçlendirme;Sıçrayan;Büyü Kitabı;hayir;Seken;uçan sayfa → küre 2.2m, hedef noktada (2 kez seker, uyumsuz silah). Etkiler: hasar_buff→dost 0.16 3sn [dosttan_dosta];;;yol=sayfa|sekil=sphere|dogar=hedef_noktada|temas=tek|gecir=normal|ucar|seker || deger:hasar_buff>dost[dosttan_dosta]
8-4;Güçlendirme;Sabit;Büyü Kitabı;hayir;Totem;uçan sayfa → küre 2m, hedef noktada (yerinde çapalı, tik tik, uyumsuz silah). Etkiler: hasar_buff→dost 0.16 3sn [totem];;;yol=sayfa|sekil=sphere|dogar=hedef_noktada|temas=tik|gecir=normal|capali || deger:hasar_buff>dost[totem]
8-5;Güçlendirme;Yayılan;Büyü Kitabı;hayir;Dalga;uçan sayfa → küre 3.6m, hedef noktada (dışa büyür, cephe geçerken, uyumsuz silah). Etkiler: hasar_buff→dost 0.14 3sn [alan];;;yol=sayfa|sekil=sphere|dogar=hedef_noktada|temas=cephe|gecir=normal|ucar|genisler || deger:hasar_buff>dost[alan]
8-6;Güçlendirme;Bağlayıcı;Büyü Kitabı;hayir;Can bağı, Bağ;"uçan sayfa → bağ 2m, hedef noktada (sen↔hedef bağı, tik tik, uyumsuz silah). Etkiler: hasar_buff→dost 0.16 3sn [can_bagi]; hasar_paylasimi→dost 0.5 1.5sn [bag]";;;"yol=sayfa|sekil=bag|dogar=hedef_noktada|temas=tik|gecir=normal|ucar|bag || deger:hasar_buff>dost[can_bagi] ; deger:hasar_paylasimi>dost[bag]"
8-7;Güçlendirme;Bulandırıcı;Büyü Kitabı;hayir;Sis;"uçan sayfa → bulut 2m, hedef noktada (sis hacmi, tik tik, uyumsuz silah). Etkiler: hasar_buff→dost 0.16 3sn [bulut_tik]; gizlen→dost 3.2sn [bulut_ici]; kor→düşman 0.3 3.2sn [bulut_ici]";;;"yol=sayfa|sekil=bulut|dogar=hedef_noktada|temas=tik|gecir=normal|ucar|bulut || deger:hasar_buff>dost[bulut_tik] ; gorunurluk:gizlen>dost[bulut_ici] ; gorunurluk:kor>dusman[bulut_ici]"
8-8;Güçlendirme;Yükselen;Büyü Kitabı;hayir;Yükselen;"uçan sayfa → küre 2m, hedef noktada (yerden yükselir, gücü artar, uyumsuz silah). Etkiler: hasar_buff→dost 0.16 3sn [buyuyen]; hasar_buff→sen 0.1 3sn [yukselen]";;;"yol=sayfa|sekil=sphere|dogar=hedef_noktada|temas=tek|gecir=normal|ucar|dikey|rampa || deger:hasar_buff>dost[buyuyen] ; deger:hasar_buff>kendin[yukselen]"
8-9;Güçlendirme;Odaklı;Büyü Kitabı;hayir;Koruyucu tetik, Güdümlü;uçan sayfa → küre 2m, hedef noktada (hedefe kilitli, tek hedef, uyumsuz silah). Etkiler: hasar_buff→dost 0.18 3sn [koruyucu_tetik];;;yol=sayfa|sekil=sphere|dogar=hedef_noktada|temas=tek|gecir=normal|ucar|gudum|tek_hedef || deger:hasar_buff>dost[koruyucu_tetik]
8-10;Güçlendirme;Aynalı;Büyü Kitabı;hayir;Ters kopya, Ayna eşli;"uçan sayfa → küre 2m, hedef noktada (karşı noktada eşi, uyumsuz silah). Etkiler: hasar_buff→dost 0.16 3sn; hasar_buff→düşman -0.05 3sn [ters_kopya]; yansit→sen 0.3 2sn [ayna_sifati]";;;"yol=sayfa|sekil=sphere|dogar=hedef_noktada|temas=tek|gecir=normal|ucar|ayna || deger:hasar_buff>dost[] ; deger:hasar_buff>dusman[ters_kopya] ; yon:yansit>kendin[ayna_sifati]"
8-11;Güçlendirme;Kopya;Büyü Kitabı;hayir;Çift;uçan sayfa → küre 2m, hedef noktada (2 kez (kopya), uyumsuz silah). Etkiler: hasar_buff→dost 0.16 3sn [iki_kez];;;yol=sayfa|sekil=sphere|dogar=hedef_noktada|temas=tek|gecir=normal|ucar|cogul || deger:hasar_buff>dost[iki_kez]
8-12;Güçlendirme;Akan;Büyü Kitabı;hayir;Akış;uçan sayfa → küre 2m, hedef noktada (sürekli akar, tik tik, uyumsuz silah). Etkiler: hasar_buff→dost 0.11 3sn [akis];;;yol=sayfa|sekil=sphere|dogar=hedef_noktada|temas=tik|gecir=normal|ucar|surekli || deger:hasar_buff>dost[akis]
9-1;Arındırma;Yoğun;Büyü Kitabı;hayir;Sert;"uçan sayfa → küre 1.4m, hedef noktada (tek hedef, uyumsuz silah). Etkiler: durum_sil→dost 1 [guclu]; mermi_sil→düşman mermisi [delici]";;;"yol=sayfa|sekil=sphere|dogar=hedef_noktada|temas=tek|gecir=normal|ucar|tek_hedef || varlik:durum_sil>dost[guclu] ; varlik:mermi_sil>dusman_nesnesi[delici]"
9-2;Arındırma;Emici;Büyü Kitabı;hayir;Durum aktarma;"uçan sayfa → küre 2.5m, hedef noktada (uyumsuz silah). Etkiler: durum_aktar→dost 1; mermi_sil→düşman mermisi [yut]; durum_ekle→düşman 1 [aktarim]";;;"yol=sayfa|sekil=sphere|dogar=hedef_noktada|temas=tek|gecir=normal|ucar || varlik:durum_aktar>dost[] ; varlik:durum_ekle>dusman[aktarim] ; varlik:mermi_sil>dusman_nesnesi[yut]"
9-3;Arındırma;Sıçrayan;Büyü Kitabı;hayir;Seken;"uçan sayfa → küre 2.8m, hedef noktada (2 kez seker, uyumsuz silah). Etkiler: durum_sil→dost 1 [dosttan_dosta]; mermi_sil→düşman mermisi [seker]";;;"yol=sayfa|sekil=sphere|dogar=hedef_noktada|temas=tek|gecir=normal|ucar|seker || varlik:durum_sil>dost[dosttan_dosta] ; varlik:mermi_sil>dusman_nesnesi[seker]"
9-4;Arındırma;Sabit;Büyü Kitabı;hayir;Mermi kesen engel, Arınma alanı;"uçan sayfa → küre 2.5m, hedef noktada (yerinde çapalı, uyumsuz silah). Etkiler: durum_sil→dost 1 [arinma_alani]; mermi_sil→düşman mermisi [engel]";;;"yol=sayfa|sekil=sphere|dogar=hedef_noktada|temas=tek|gecir=normal|capali || varlik:durum_sil>dost[arinma_alani] ; varlik:mermi_sil>dusman_nesnesi[engel]"
9-5;Arındırma;Yayılan;Büyü Kitabı;hayir;Dalga;"uçan sayfa → küre 4.5m, hedef noktada (dışa büyür, cephe geçerken, uyumsuz silah). Etkiler: durum_sil→dost 1 [alan]; mermi_sil→düşman mermisi [alan]";;;"yol=sayfa|sekil=sphere|dogar=hedef_noktada|temas=cephe|gecir=normal|ucar|genisler || varlik:durum_sil>dost[alan] ; varlik:mermi_sil>dusman_nesnesi[alan]"
9-6;Arındırma;Bağlayıcı;Büyü Kitabı;hayir;Bağışıklık bağı, Bağ;"uçan sayfa → bağ 2.5m, hedef noktada (sen↔hedef bağı, tik tik, uyumsuz silah). Etkiler: durum_sil→dost 1 [bag_bagisiklik]; mermi_sil→düşman mermisi [bag_hatti]";;;"yol=sayfa|sekil=bag|dogar=hedef_noktada|temas=tik|gecir=normal|ucar|bag || varlik:durum_sil>dost[bag_bagisiklik] ; varlik:mermi_sil>dusman_nesnesi[bag_hatti]"
9-7;Arındırma;Bulandırıcı;Büyü Kitabı;hayir;Sis;"uçan sayfa → bulut 2.5m, hedef noktada (sis hacmi, tik tik, uyumsuz silah). Etkiler: durum_sil→dost 1 [gizli]; mermi_sil→düşman mermisi [sis_perdesi]; gizlen→dost 3.2sn [bulut_ici]; kor→düşman 0.3 3.2sn [bulut_ici]";;;"yol=sayfa|sekil=bulut|dogar=hedef_noktada|temas=tik|gecir=normal|ucar|bulut || gorunurluk:gizlen>dost[bulut_ici] ; gorunurluk:kor>dusman[bulut_ici] ; varlik:durum_sil>dost[gizli] ; varlik:mermi_sil>dusman_nesnesi[sis_perdesi]"
9-8;Arındırma;Yükselen;Büyü Kitabı;hayir;Arınıp güçlenme, Yükselen;"uçan sayfa → küre 2.5m, hedef noktada (yerden yükselir, gücü artar, uyumsuz silah). Etkiler: durum_sil→dost 1 [guce_cevir]; mermi_sil→düşman mermisi [yukselen_perde]; hasar_buff→sen 0.1 3sn [yukselen]";;;"yol=sayfa|sekil=sphere|dogar=hedef_noktada|temas=tek|gecir=normal|ucar|dikey|rampa || deger:hasar_buff>kendin[yukselen] ; varlik:durum_sil>dost[guce_cevir] ; varlik:mermi_sil>dusman_nesnesi[yukselen_perde]"
9-9;Arındırma;Odaklı;Büyü Kitabı;hayir;Tam arındırma, Güdümlü;"uçan sayfa → küre 2.5m, hedef noktada (hedefe kilitli, tek hedef, uyumsuz silah). Etkiler: durum_sil→dost 99 [tumunu_sil]; mermi_sil→düşman mermisi [hedefli]";;;"yol=sayfa|sekil=sphere|dogar=hedef_noktada|temas=tek|gecir=normal|ucar|gudum|tek_hedef || varlik:durum_sil>dost[tumunu_sil] ; varlik:mermi_sil>dusman_nesnesi[hedefli]"
9-10;Arındırma;Aynalı;Büyü Kitabı;hayir;Buff silme, Mermi geri gönderme, Ayna eşli;"uçan sayfa → küre 2.5m, hedef noktada (karşı noktada eşi, uyumsuz silah). Etkiler: iyi_durum_sil→düşman 1 [ters_hedef]; mermi_sil→düşman mermisi [geri_gonder]; yansit→sen 0.3 2sn [ayna_sifati]";;;"yol=sayfa|sekil=sphere|dogar=hedef_noktada|temas=tek|gecir=normal|ucar|ayna || varlik:iyi_durum_sil>dusman[ters_hedef] ; varlik:mermi_sil>dusman_nesnesi[geri_gonder] ; yon:yansit>kendin[ayna_sifati]"
9-11;Arındırma;Kopya;Büyü Kitabı;hayir;Çift;"uçan sayfa → küre 2.5m, hedef noktada (2 kez (kopya), uyumsuz silah). Etkiler: durum_sil→dost 1 [iki_kez]; mermi_sil→düşman mermisi [iki_kez]";;;"yol=sayfa|sekil=sphere|dogar=hedef_noktada|temas=tek|gecir=normal|ucar|cogul || varlik:durum_sil>dost[iki_kez] ; varlik:mermi_sil>dusman_nesnesi[iki_kez]"
9-12;Arındırma;Akan;Büyü Kitabı;hayir;Akış;"uçan sayfa → küre 2.5m, hedef noktada (sürekli akar, tik tik, uyumsuz silah). Etkiler: durum_sil→dost 1 [aura]; mermi_sil→düşman mermisi [surekli_perde]";;;"yol=sayfa|sekil=sphere|dogar=hedef_noktada|temas=tik|gecir=normal|ucar|surekli || varlik:durum_sil>dost[aura] ; varlik:mermi_sil>dusman_nesnesi[surekli_perde]"
10-1;Yansıma;Yoğun;Büyü Kitabı;evet;Uzak yansıtıcı;uçan sayfa → küre 0.8m, hedef noktada (tek hedef). Etkiler: yansit→gövdenin olduğu yer 0.68 1sn [dunyada,sert,silahla:sayfa];;;yol=sayfa|sekil=sphere|dogar=hedef_noktada|temas=tek|gecir=normal|ucar|tek_hedef || yon:yansit>alan[dunyada,sert,silahla:sayfa]
10-2;Yansıma;Emici;Büyü Kitabı;evet;Uzak yansıtıcı, Hasar emme;"uçan sayfa → küre 1.5m, hedef noktada. Etkiler: yansit→gövdenin olduğu yer 0.5 2sn [dunyada,silahla:sayfa]; em→sen 0.5 2sn [cana_cevir]; mermi_sil→düşman mermisi [yut]";;;"yol=sayfa|sekil=sphere|dogar=hedef_noktada|temas=tek|gecir=normal|ucar || deger:em>kendin[cana_cevir] ; varlik:mermi_sil>dusman_nesnesi[yut] ; yon:yansit>alan[dunyada,silahla:sayfa]"
10-3;Yansıma;Sıçrayan;Büyü Kitabı;evet;Uzak yansıtıcı, Seken;uçan sayfa → küre 1.7m, hedef noktada (2 kez seker). Etkiler: yansit→gövdenin olduğu yer 0.5 2sn [dunyada,seker,silahla:sayfa];;;yol=sayfa|sekil=sphere|dogar=hedef_noktada|temas=tek|gecir=normal|ucar|seker || yon:yansit>alan[dunyada,seker,silahla:sayfa]
10-4;Yansıma;Sabit;Büyü Kitabı;evet;Ayna yüzey, Uzak yansıtıcı;uçan sayfa → küre 1.5m, hedef noktada (yerinde çapalı). Etkiler: yansit→gövdenin olduğu yer 0.5 2sn [ayna_yuzey,dunyada,silahla:sayfa];;;yol=sayfa|sekil=sphere|dogar=hedef_noktada|temas=tek|gecir=normal|capali || yon:yansit>alan[ayna_yuzey,dunyada,silahla:sayfa]
10-5;Yansıma;Yayılan;Büyü Kitabı;evet;Uzak yansıtıcı, Dalga;uçan sayfa → küre 2.7m, hedef noktada (dışa büyür, cephe geçerken). Etkiler: yansit→gövdenin olduğu yer 0.5 2sn [aura,dunyada,silahla:sayfa];;;yol=sayfa|sekil=sphere|dogar=hedef_noktada|temas=cephe|gecir=normal|ucar|genisler || yon:yansit>alan[aura,dunyada,silahla:sayfa]
10-6;Yansıma;Bağlayıcı;Büyü Kitabı;evet;Uzak yansıtıcı, Hasar yönlendirme, Bağ;"uçan sayfa → bağ 1.5m, hedef noktada (sen↔hedef bağı, tik tik). Etkiler: yonlendir→düşman 0.5 2sn [bag,dunyada,silahla:sayfa]; hareket→düşman 1.5sn [bag_ucu]; hareket→düşman 0.7 2sn [bag_ucu,yavas]";;;"yol=sayfa|sekil=bag|dogar=hedef_noktada|temas=tik|gecir=normal|ucar|bag || hiz:hareket>dusman[bag_ucu,yavas] ; hiz:hareket>dusman[bag_ucu] ; yon:yonlendir>dusman[bag,dunyada,silahla:sayfa]"
10-7;Yansıma;Bulandırıcı;Büyü Kitabı;evet;Sis, Uzak yansıtıcı;"uçan sayfa → bulut 1.5m, hedef noktada (sis hacmi, tik tik). Etkiler: yansit→gövdenin olduğu yer 0.5 2sn [dunyada,gizli,silahla:sayfa]; gizlen→dost 5sn [bulut_ici]; kor→düşman 0.3 5sn [bulut_ici]";;;"yol=sayfa|sekil=bulut|dogar=hedef_noktada|temas=tik|gecir=normal|ucar|bulut || gorunurluk:gizlen>dost[bulut_ici] ; gorunurluk:kor>dusman[bulut_ici] ; yon:yansit>alan[dunyada,gizli,silahla:sayfa]"
10-8;Yansıma;Yükselen;Büyü Kitabı;evet;Uzak yansıtıcı, Yükselen;"uçan sayfa → küre 1.5m, hedef noktada (yerden yükselir, gücü artar). Etkiler: yansit→gövdenin olduğu yer 0.5 2sn [artan_oran,dunyada,silahla:sayfa]; hasar_buff→sen 0.1 3sn [yukselen]";;;"yol=sayfa|sekil=sphere|dogar=hedef_noktada|temas=tek|gecir=normal|ucar|dikey|rampa || deger:hasar_buff>kendin[yukselen] ; yon:yansit>alan[artan_oran,dunyada,silahla:sayfa]"
10-9;Yansıma;Odaklı;Büyü Kitabı;evet;Uzak yansıtıcı, Kusursuz savuşturma, Güdümlü;uçan sayfa → küre 1.5m, hedef noktada (hedefe kilitli, tek hedef). Etkiler: yansit→gövdenin olduğu yer 1 2sn [dunyada,savusturma,silahla:sayfa];;;yol=sayfa|sekil=sphere|dogar=hedef_noktada|temas=tek|gecir=normal|ucar|gudum|tek_hedef || yon:yansit>alan[dunyada,savusturma,silahla:sayfa]
10-10;Yansıma;Aynalı;Büyü Kitabı;evet;Uzak yansıtıcı, Bölünen yansıma, Ayna eşli;"uçan sayfa → küre 1.5m, hedef noktada (karşı noktada eşi). Etkiler: yansit→gövdenin olduğu yer 0.5 2sn [bolunen,dunyada,silahla:sayfa]; yansit→sen 0.3 2sn [ayna_sifati]";;;"yol=sayfa|sekil=sphere|dogar=hedef_noktada|temas=tek|gecir=normal|ucar|ayna || yon:yansit>alan[bolunen,dunyada,silahla:sayfa] ; yon:yansit>kendin[ayna_sifati]"
10-11;Yansıma;Kopya;Büyü Kitabı;evet;Uzak yansıtıcı, Çift;uçan sayfa → küre 1.5m, hedef noktada (2 kez (kopya)). Etkiler: yansit→gövdenin olduğu yer 0.5 2sn [dunyada,iki_kez,silahla:sayfa];;;yol=sayfa|sekil=sphere|dogar=hedef_noktada|temas=tek|gecir=normal|ucar|cogul || yon:yansit>alan[dunyada,iki_kez,silahla:sayfa]
10-12;Yansıma;Akan;Büyü Kitabı;evet;Uzak yansıtıcı, Akış;uçan sayfa → küre 1.5m, hedef noktada (sürekli akar, tik tik). Etkiler: yansit→gövdenin olduğu yer 0.5 3sn [dunyada,silahla:sayfa,surekli];;;yol=sayfa|sekil=sphere|dogar=hedef_noktada|temas=tik|gecir=normal|ucar|surekli || yon:yansit>alan[dunyada,silahla:sayfa,surekli]
11-1;Çağırma;Yoğun;Büyü Kitabı;evet;Sert;uçan sayfa → nokta 0.6m, hedef noktada (tek hedef). Etkiler: aktor_yarat→sen 1 2.5sn [guclu,silahla:sayfa];;;yol=sayfa|sekil=point|dogar=hedef_noktada|temas=tek|gecir=normal|ucar|tek_hedef || varlik:aktor_yarat>kendin[guclu,silahla:sayfa]
11-2;Çağırma;Emici;Büyü Kitabı;evet;Can emen minyon;"uçan sayfa → nokta 1m, hedef noktada. Etkiler: aktor_yarat→sen 1 5sn [can_emen,silahla:sayfa]; mermi_sil→düşman mermisi [yut]";;;"yol=sayfa|sekil=point|dogar=hedef_noktada|temas=tek|gecir=normal|ucar || varlik:aktor_yarat>kendin[can_emen,silahla:sayfa] ; varlik:mermi_sil>dusman_nesnesi[yut]"
11-3;Çağırma;Sıçrayan;Büyü Kitabı;evet;Zıplayan minyon, Seken;uçan sayfa → nokta 1.1m, hedef noktada (2 kez seker). Etkiler: aktor_yarat→sen 1 5sn [silahla:sayfa,ziplayan];;;yol=sayfa|sekil=point|dogar=hedef_noktada|temas=tek|gecir=normal|ucar|seker || varlik:aktor_yarat>kendin[silahla:sayfa,ziplayan]
11-4;Çağırma;Sabit;Büyü Kitabı;evet;Taret;uçan sayfa → nokta 1m, hedef noktada (yerinde çapalı). Etkiler: aktor_yarat→sen 1 5sn [silahla:sayfa,taret];;;yol=sayfa|sekil=point|dogar=hedef_noktada|temas=tek|gecir=normal|capali || varlik:aktor_yarat>kendin[silahla:sayfa,taret]
11-5;Çağırma;Yayılan;Büyü Kitabı;evet;Minyon halkası, Dalga;uçan sayfa → nokta 1.8m, hedef noktada (dışa büyür, cephe geçerken). Etkiler: aktor_yarat→sen 3 5sn [halka,silahla:sayfa];;;yol=sayfa|sekil=point|dogar=hedef_noktada|temas=cephe|gecir=normal|ucar|genisler || varlik:aktor_yarat>kendin[halka,silahla:sayfa]
11-6;Çağırma;Bağlayıcı;Büyü Kitabı;evet;Muhafız, Bağ;uçan sayfa → bağ 1m, hedef noktada (sen↔hedef bağı, tik tik). Etkiler: aktor_yarat→sen 1 5sn [bagli_muhafiz,silahla:sayfa];;;yol=sayfa|sekil=bag|dogar=hedef_noktada|temas=tik|gecir=normal|ucar|bag || varlik:aktor_yarat>kendin[bagli_muhafiz,silahla:sayfa]
11-7;Çağırma;Bulandırıcı;Büyü Kitabı;evet;Görünmez minyon, Sis;"uçan sayfa → bulut 1m, hedef noktada (sis hacmi, tik tik). Etkiler: aktor_yarat→sen 1 5sn [gorunmez,silahla:sayfa]; gizlen→dost 3.2sn [bulut_ici]; kor→düşman 0.3 3.2sn [bulut_ici]";;;"yol=sayfa|sekil=bulut|dogar=hedef_noktada|temas=tik|gecir=normal|ucar|bulut || gorunurluk:gizlen>dost[bulut_ici] ; gorunurluk:kor>dusman[bulut_ici] ; varlik:aktor_yarat>kendin[gorunmez,silahla:sayfa]"
11-8;Çağırma;Yükselen;Büyü Kitabı;evet;Yükselen;"uçan sayfa → nokta 1m, hedef noktada (yerden yükselir, gücü artar). Etkiler: aktor_yarat→sen 1 5sn [buyuyen,silahla:sayfa]; hasar_buff→sen 0.1 3sn [yukselen]";;;"yol=sayfa|sekil=point|dogar=hedef_noktada|temas=tek|gecir=normal|ucar|dikey|rampa || deger:hasar_buff>kendin[yukselen] ; varlik:aktor_yarat>kendin[buyuyen,silahla:sayfa]"
11-9;Çağırma;Odaklı;Büyü Kitabı;evet;Suikastçı minyon, Güdümlü;uçan sayfa → nokta 1m, hedef noktada (hedefe kilitli, tek hedef). Etkiler: aktor_yarat→sen 1 5sn [silahla:sayfa,suikastci];;;yol=sayfa|sekil=point|dogar=hedef_noktada|temas=tek|gecir=normal|ucar|gudum|tek_hedef || varlik:aktor_yarat>kendin[silahla:sayfa,suikastci]
11-10;Çağırma;Aynalı;Büyü Kitabı;evet;Ayna klon, Ayna eşli;"uçan sayfa → nokta 1m, hedef noktada (karşı noktada eşi). Etkiler: aktor_yarat→sen 1 5sn [ayna_klon,silahla:sayfa]; yansit→sen 0.3 2sn [ayna_sifati]";;;"yol=sayfa|sekil=point|dogar=hedef_noktada|temas=tek|gecir=normal|ucar|ayna || varlik:aktor_yarat>kendin[ayna_klon,silahla:sayfa] ; yon:yansit>kendin[ayna_sifati]"
11-11;Çağırma;Kopya;Büyü Kitabı;evet;Klon, Çift;uçan sayfa → nokta 1m, hedef noktada (2 kez (kopya)). Etkiler: klon→sen 1 5sn [senin_kopyan,silahla:sayfa];;;yol=sayfa|sekil=point|dogar=hedef_noktada|temas=tek|gecir=normal|ucar|cogul || varlik:klon>kendin[senin_kopyan,silahla:sayfa]
11-12;Çağırma;Akan;Büyü Kitabı;evet;Akış;uçan sayfa → nokta 1m, hedef noktada (sürekli akar, tik tik). Etkiler: aktor_yarat→sen 3 5sn [akis,silahla:sayfa];;;yol=sayfa|sekil=point|dogar=hedef_noktada|temas=tik|gecir=normal|ucar|surekli || varlik:aktor_yarat>kendin[akis,silahla:sayfa]
12-1;Zaman;Yoğun;Büyü Kitabı;evet;Delici;uçan sayfa → silindir 2.2m, hedef noktada (delip geçer). Etkiler: tempo→düşman 0.3 0.5sn [sert];;;yol=sayfa|sekil=cylinder|dogar=hedef_noktada|temas=tek|gecir=delici|ucar || hiz:tempo>dusman[sert]
12-2;Zaman;Emici;Büyü Kitabı;evet;Zaman çalma;"uçan sayfa → silindir 4m, hedef noktada. Etkiler: tempo→düşman 0.7 1sn; tempo→sen 1.3 1sn [aktarim]; mermi_sil→düşman mermisi [yut]";;;"yol=sayfa|sekil=cylinder|dogar=hedef_noktada|temas=tek|gecir=normal|ucar || hiz:tempo>dusman[] ; hiz:tempo>kendin[aktarim] ; varlik:mermi_sil>dusman_nesnesi[yut]"
12-3;Zaman;Sıçrayan;Büyü Kitabı;evet;Seken;uçan sayfa → silindir 4.4m, hedef noktada (2 kez seker). Etkiler: tempo→düşman 0.7 1sn [seker];;;yol=sayfa|sekil=cylinder|dogar=hedef_noktada|temas=tek|gecir=normal|ucar|seker || hiz:tempo>dusman[seker]
12-4;Zaman;Sabit;Büyü Kitabı;evet;Dondurma;uçan sayfa → silindir 4m, hedef noktada (yerinde çapalı). Etkiler: tempo→düşman 1sn [dondur];;;yol=sayfa|sekil=cylinder|dogar=hedef_noktada|temas=tek|gecir=normal|capali || hiz:tempo>dusman[dondur]
12-5;Zaman;Yayılan;Büyü Kitabı;evet;Dalga;uçan sayfa → silindir 7.2m, hedef noktada (dışa büyür, cephe geçerken). Etkiler: tempo→düşman 0.7 1sn [dalga];;;yol=sayfa|sekil=cylinder|dogar=hedef_noktada|temas=cephe|gecir=normal|ucar|genisler || hiz:tempo>dusman[dalga]
12-6;Zaman;Bağlayıcı;Büyü Kitabı;evet;Zaman senkronu, Bağ;"uçan sayfa → bağ 4m, hedef noktada (sen↔hedef bağı, tik tik). Etkiler: tempo→düşman 0.7 1sn [senkron]; hareket→düşman 1.5sn [bag_ucu]; hareket→düşman 0.7 1.5sn [bag_ucu,yavas]";;;"yol=sayfa|sekil=bag|dogar=hedef_noktada|temas=tik|gecir=normal|ucar|bag || hiz:hareket>dusman[bag_ucu,yavas] ; hiz:hareket>dusman[bag_ucu] ; hiz:tempo>dusman[senkron]"
12-7;Zaman;Bulandırıcı;Büyü Kitabı;evet;Titreyen zaman, Sis;"uçan sayfa → bulut 4m, hedef noktada (sis hacmi, tik tik). Etkiler: tempo→düşman 0.7 1sn [titrer]; gizlen→dost 4sn [bulut_ici]; kor→düşman 0.3 4sn [bulut_ici]";;;"yol=sayfa|sekil=bulut|dogar=hedef_noktada|temas=tik|gecir=normal|ucar|bulut || gorunurluk:gizlen>dost[bulut_ici] ; gorunurluk:kor>dusman[bulut_ici] ; hiz:tempo>dusman[titrer]"
12-8;Zaman;Yükselen;Büyü Kitabı;evet;Hızlanma, Yükselen;"uçan sayfa → silindir 4m, hedef noktada (yerden yükselir, gücü artar). Etkiler: tempo→sen 1.3 1sn [hizlanma]; hasar_buff→sen 0.1 3sn [yukselen]";;;"yol=sayfa|sekil=cylinder|dogar=hedef_noktada|temas=tek|gecir=normal|ucar|dikey|rampa || deger:hasar_buff>kendin[yukselen] ; hiz:tempo>kendin[hizlanma]"
12-9;Zaman;Odaklı;Büyü Kitabı;evet;Gecikmeli an, Güdümlü;uçan sayfa → silindir 4m, hedef noktada (hedefe kilitli, tek hedef). Etkiler: tempo→düşman 0.7 1sn [isaretli_an];;;yol=sayfa|sekil=cylinder|dogar=hedef_noktada|temas=tek|gecir=normal|ucar|gudum|tek_hedef || hiz:tempo>dusman[isaretli_an]
12-10;Zaman;Aynalı;Büyü Kitabı;evet;Geri sarma, Ayna eşli;"uçan sayfa → silindir 4m, hedef noktada (karşı noktada eşi). Etkiler: geri_sar→düşman 2 1sn [geri_sarma]; yansit→sen 0.3 2sn [ayna_sifati]";;;"yol=sayfa|sekil=cylinder|dogar=hedef_noktada|temas=tek|gecir=normal|ucar|ayna || hiz:geri_sar>dusman[geri_sarma] ; yon:yansit>kendin[ayna_sifati]"
12-11;Zaman;Kopya;Büyü Kitabı;evet;Yankı, Çift;"uçan sayfa → silindir 4m, hedef noktada (2 kez (kopya)). Etkiler: tempo→düşman 0.7 1sn [iki_kez]; onceki_skill_tekrar→sen 1 [yanki]";;;"yol=sayfa|sekil=cylinder|dogar=hedef_noktada|temas=tek|gecir=normal|ucar|cogul || hiz:tempo>dusman[iki_kez] ; varlik:onceki_skill_tekrar>kendin[yanki]"
12-12;Zaman;Akan;Büyü Kitabı;evet;Zaman alanı, Akış;"uçan sayfa → silindir 4m, hedef noktada (sürekli akar, tik tik). Etkiler: tempo→düşman 0.7 3sn [zaman_alani]; tempo→dost 1.3 3sn [zaman_alani]";;;"yol=sayfa|sekil=cylinder|dogar=hedef_noktada|temas=tik|gecir=normal|ucar|surekli || hiz:tempo>dost[zaman_alani] ; hiz:tempo>dusman[zaman_alani]"
1-1;Saldırı;Yoğun;Kılıç;evet;Delici;kılıç yayı → kapsül 1m, önünde yay (delip geçer). Etkiler: can→düşman -54;;;yol=yay|sekil=capsule|dogar=onunde_yay|temas=tek|gecir=delici || deger:can>dusman[]
1-2;Saldırı;Emici;Kılıç;evet;Girdap;"kılıç yayı → kapsül 1.8m, önünde yay (içine çeker). Etkiler: can→düşman -38; can→sen 11.4 [aktarim]; mermi_sil→düşman mermisi [yut]";;;"yol=yay|sekil=capsule|dogar=onunde_yay|temas=tek|gecir=normal|cekim || deger:can>dusman[] ; deger:can>kendin[aktarim] ; varlik:mermi_sil>dusman_nesnesi[yut]"
1-3;Saldırı;Sıçrayan;Kılıç;evet;Seken;kılıç yayı → kapsül 2m, önünde yay (2 kez seker). Etkiler: can→düşman -40 [seker];;;yol=yay|sekil=capsule|dogar=onunde_yay|temas=tek|gecir=normal|seker || deger:can>dusman[seker]
1-4;Saldırı;Sabit;Kılıç;evet;Tuzak;kılıç yayı → kapsül 1.8m, önünde yay (yerinde çapalı, içine girene). Etkiler: can→düşman -40 [tuzak];;;yol=yay|sekil=capsule|dogar=onunde_yay|temas=giris|gecir=normal|capali || deger:can>dusman[tuzak]
1-5;Saldırı;Yayılan;Kılıç;evet;Dalga;kılıç yayı → kapsül 3.2m, önünde yay (dışa büyür, cephe geçerken). Etkiler: can→düşman -34 [alan];;;yol=yay|sekil=capsule|dogar=onunde_yay|temas=cephe|gecir=normal|genisler || deger:can>dusman[alan]
1-6;Saldırı;Bağlayıcı;Kılıç;evet;Bağ;"kılıç yayı → bağ 1.8m, önünde yay (sen↔hedef bağı, tik tik). Etkiler: can→düşman -40 [bag_akisi]; hareket→düşman 1.5sn [bag_ucu]; hareket→düşman 0.7 1.5sn [bag_ucu,yavas]";;;"yol=yay|sekil=bag|dogar=onunde_yay|temas=tik|gecir=normal|bag || deger:can>dusman[bag_akisi] ; hiz:hareket>dusman[bag_ucu,yavas] ; hiz:hareket>dusman[bag_ucu]"
1-7;Saldırı;Bulandırıcı;Kılıç;evet;Sis;"kılıç yayı → bulut 1.8m, önünde yay (sis hacmi, tik tik). Etkiler: can→düşman -40 [bulut_tik]; gizlen→dost 3.2sn [bulut_ici]; kor→düşman 0.3 3.2sn [bulut_ici]";;;"yol=yay|sekil=bulut|dogar=onunde_yay|temas=tik|gecir=normal|bulut || deger:can>dusman[bulut_tik] ; gorunurluk:gizlen>dost[bulut_ici] ; gorunurluk:kor>dusman[bulut_ici]"
1-8;Saldırı;Yükselen;Kılıç;evet;Havaya atma, Yükselen;"kılıç yayı → kapsül 1.8m, önünde yay (yerden yükselir, gücü artar). Etkiler: can→düşman -40 [havaya_at]; hareket→düşman 0.8sn [havada]; hasar_buff→sen 0.1 3sn [yukselen]";;;"yol=yay|sekil=capsule|dogar=onunde_yay|temas=tek|gecir=normal|dikey|rampa || deger:can>dusman[havaya_at] ; deger:hasar_buff>kendin[yukselen] ; hiz:hareket>dusman[havada]"
1-9;Saldırı;Odaklı;Kılıç;evet;Güdümlü;kılıç yayı → kapsül 1.8m, önünde yay (hedefe kilitli, tek hedef). Etkiler: can→düşman -46 [iskalamaz,zirh_yoksay];;;yol=yay|sekil=capsule|dogar=onunde_yay|temas=tek|gecir=normal|gudum|tek_hedef || deger:can>dusman[iskalamaz,zirh_yoksay]
1-10;Saldırı;Aynalı;Kılıç;evet;Kıskaç, Ayna eşli;"kılıç yayı → kapsül 1.8m, önünde yay (karşı noktada eşi). Etkiler: can→düşman -40 [kiskac]; yansit→sen 0.3 2sn [ayna_sifati]";;;"yol=yay|sekil=capsule|dogar=onunde_yay|temas=tek|gecir=normal|ayna || deger:can>dusman[kiskac] ; yon:yansit>kendin[ayna_sifati]"
1-11;Saldırı;Kopya;Kılıç;evet;Çift;kılıç yayı → kapsül 1.8m, önünde yay (2 kez (kopya)). Etkiler: can→düşman -40 [iki_kez];;;yol=yay|sekil=capsule|dogar=onunde_yay|temas=tek|gecir=normal|cogul || deger:can>dusman[iki_kez]
1-12;Saldırı;Akan;Kılıç;evet;Akış;kılıç yayı → kapsül 1.8m, önünde yay (sürekli akar, tik tik). Etkiler: can→düşman -28 3sn [akis];;;yol=yay|sekil=capsule|dogar=onunde_yay|temas=tik|gecir=normal|surekli || deger:can>dusman[akis]
2-1;İyileştirme;Yoğun;Kılıç;hayir;Taşma;kılıç yayı → küre 1.1m, önünde yay (tek hedef, uyumsuz silah). Etkiler: can→dost 37.8 [tasar];;;yol=yay|sekil=sphere|dogar=onunde_yay|temas=tek|gecir=normal|tek_hedef || deger:can>dost[tasar]
2-2;İyileştirme;Emici;Kılıç;hayir;Emme/çalma;"kılıç yayı → küre 2m, önünde yay (uyumsuz silah). Etkiler: can→düşman -26.6 [emme]; can→sen 26.6 [aktarim]; mermi_sil→düşman mermisi [yut]";;;"yol=yay|sekil=sphere|dogar=onunde_yay|temas=tek|gecir=normal || deger:can>dusman[emme] ; deger:can>kendin[aktarim] ; varlik:mermi_sil>dusman_nesnesi[yut]"
2-3;İyileştirme;Sıçrayan;Kılıç;hayir;Seken;kılıç yayı → küre 2.2m, önünde yay (2 kez seker, uyumsuz silah). Etkiler: can→dost 28 [dosttan_dosta];;;yol=yay|sekil=sphere|dogar=onunde_yay|temas=tek|gecir=normal|seker || deger:can>dost[dosttan_dosta]
2-4;İyileştirme;Sabit;Kılıç;hayir;Totem;kılıç yayı → küre 2m, önünde yay (yerinde çapalı, tik tik, uyumsuz silah). Etkiler: can→dost 28 [totem];;;yol=yay|sekil=sphere|dogar=onunde_yay|temas=tik|gecir=normal|capali || deger:can>dost[totem]
2-5;İyileştirme;Yayılan;Kılıç;hayir;Dalga;kılıç yayı → küre 3.6m, önünde yay (dışa büyür, cephe geçerken, uyumsuz silah). Etkiler: can→dost 23.8 [alan];;;yol=yay|sekil=sphere|dogar=onunde_yay|temas=cephe|gecir=normal|genisler || deger:can>dost[alan]
2-6;İyileştirme;Bağlayıcı;Kılıç;hayir;Can bağı, Bağ;"kılıç yayı → bağ 2m, önünde yay (sen↔hedef bağı, tik tik, uyumsuz silah). Etkiler: can→dost 28 [can_bagi]; hasar_paylasimi→dost 0.5 1.5sn [bag]";;;"yol=yay|sekil=bag|dogar=onunde_yay|temas=tik|gecir=normal|bag || deger:can>dost[can_bagi] ; deger:hasar_paylasimi>dost[bag]"
2-7;İyileştirme;Bulandırıcı;Kılıç;hayir;Sis;"kılıç yayı → bulut 2m, önünde yay (sis hacmi, tik tik, uyumsuz silah). Etkiler: can→dost 28 [bulut_tik]; gizlen→dost 3.2sn [bulut_ici]; kor→düşman 0.3 3.2sn [bulut_ici]";;;"yol=yay|sekil=bulut|dogar=onunde_yay|temas=tik|gecir=normal|bulut || deger:can>dost[bulut_tik] ; gorunurluk:gizlen>dost[bulut_ici] ; gorunurluk:kor>dusman[bulut_ici]"
2-8;İyileştirme;Yükselen;Kılıç;hayir;Yükselen;"kılıç yayı → küre 2m, önünde yay (yerden yükselir, gücü artar, uyumsuz silah). Etkiler: can→dost 28 [buyuyen]; hasar_buff→sen 0.1 3sn [yukselen]";;;"yol=yay|sekil=sphere|dogar=onunde_yay|temas=tek|gecir=normal|dikey|rampa || deger:can>dost[buyuyen] ; deger:hasar_buff>kendin[yukselen]"
2-9;İyileştirme;Odaklı;Kılıç;hayir;Koruyucu tetik, Güdümlü;kılıç yayı → küre 2m, önünde yay (hedefe kilitli, tek hedef, uyumsuz silah). Etkiler: can→dost 32.2 [koruyucu_tetik];;;yol=yay|sekil=sphere|dogar=onunde_yay|temas=tek|gecir=normal|gudum|tek_hedef || deger:can>dost[koruyucu_tetik]
2-10;İyileştirme;Aynalı;Kılıç;hayir;Ters kopya, Ayna eşli;"kılıç yayı → küre 2m, önünde yay (karşı noktada eşi, uyumsuz silah). Etkiler: can→dost 28; can→düşman -8.4 [ters_kopya]; yansit→sen 0.3 2sn [ayna_sifati]";;;"yol=yay|sekil=sphere|dogar=onunde_yay|temas=tek|gecir=normal|ayna || deger:can>dost[] ; deger:can>dusman[ters_kopya] ; yon:yansit>kendin[ayna_sifati]"
2-11;İyileştirme;Kopya;Kılıç;hayir;Çift;kılıç yayı → küre 2m, önünde yay (2 kez (kopya), uyumsuz silah). Etkiler: can→dost 28 [iki_kez];;;yol=yay|sekil=sphere|dogar=onunde_yay|temas=tek|gecir=normal|cogul || deger:can>dost[iki_kez]
2-12;İyileştirme;Akan;Kılıç;hayir;Akış;kılıç yayı → küre 2m, önünde yay (sürekli akar, tik tik, uyumsuz silah). Etkiler: can→dost 19.6 3sn [akis];;;yol=yay|sekil=sphere|dogar=onunde_yay|temas=tik|gecir=normal|surekli || deger:can>dost[akis]
3-1;Hareket;Yoğun;Kılıç;evet;Faz geçişi;kılıç yayı → çizgi 2m, sende (tek hedef). Etkiler: kendini_tasi→sen 3 [faz,yol:yay_kayma];;;yol=yay|sekil=line|dogar=sende|temas=tek|gecir=normal|tek_hedef || konum:kendini_tasi>kendin[faz,yol:yay_kayma]
3-2;Hareket;Emici;Kılıç;evet;Hedefi sana çekme, Girdap;"kılıç yayı → çizgi 3.6m, sende (içine çeker). Etkiler: cek→düşman 3 [sana_dogru,yol:yay_kayma]; mermi_sil→düşman mermisi [yut]";;;"yol=yay|sekil=line|dogar=sende|temas=tek|gecir=normal|cekim || konum:cek>dusman[sana_dogru,yol:yay_kayma] ; varlik:mermi_sil>dusman_nesnesi[yut]"
3-3;Hareket;Sıçrayan;Kılıç;evet;Sekmeli zıplama, Seken;kılıç yayı → çizgi 4m, sende (2 kez seker). Etkiler: kendini_tasi→sen 3 [sekmeli,yol:yay_kayma];;;yol=yay|sekil=line|dogar=sende|temas=tek|gecir=normal|seker || konum:kendini_tasi>kendin[sekmeli,yol:yay_kayma]
3-4;Hareket;Sabit;Kılıç;evet;İşaretle-geri dön;kılıç yayı → çizgi 3.6m, sende (yerinde çapalı). Etkiler: isaret_geri_don→sen 3 2.2sn [geri_donus,yol:yay_kayma];;;yol=yay|sekil=line|dogar=sende|temas=tek|gecir=normal|capali || konum:isaret_geri_don>kendin[geri_donus,yol:yay_kayma]
3-5;Hareket;Yayılan;Kılıç;evet;İniş şok dalgası, Dalga;"kılıç yayı → çizgi 6.5m, sende (dışa büyür, cephe geçerken). Etkiler: kendini_tasi→sen 3 [inis_dalgasi,yol:yay_kayma]; it→düşman [dalga]";;;"yol=yay|sekil=line|dogar=sende|temas=cephe|gecir=normal|genisler || konum:it>dusman[dalga] ; konum:kendini_tasi>kendin[inis_dalgasi,yol:yay_kayma]"
3-6;Hareket;Bağlayıcı;Kılıç;evet;Yer değiştirme, Bağ;"kılıç yayı → bağ 3.6m, sende (sen↔hedef bağı, tik tik). Etkiler: yer_degistir→düşman 3 [iki_uc,yol:yay_kayma]; hareket→düşman 1.5sn [bag_ucu]; hareket→düşman 0.7 1.5sn [bag_ucu,yavas]";;;"yol=yay|sekil=bag|dogar=sende|temas=tik|gecir=normal|bag || hiz:hareket>dusman[bag_ucu,yavas] ; hiz:hareket>dusman[bag_ucu] ; konum:yer_degistir>dusman[iki_uc,yol:yay_kayma]"
3-7;Hareket;Bulandırıcı;Kılıç;evet;Görünmez geçiş, Sis;"kılıç yayı → bulut 3.6m, sende (sis hacmi, tik tik). Etkiler: kendini_tasi→sen 3 [gorunmez_gecis,yol:yay_kayma]; gizlen→dost 3.2sn [bulut_ici]; kor→düşman 0.3 3.2sn [bulut_ici]";;;"yol=yay|sekil=bulut|dogar=sende|temas=tik|gecir=normal|bulut || gorunurluk:gizlen>dost[bulut_ici] ; gorunurluk:kor>dusman[bulut_ici] ; konum:kendini_tasi>kendin[gorunmez_gecis,yol:yay_kayma]"
3-8;Hareket;Yükselen;Kılıç;evet;Sıçrayıp çakılma, Yükselen;"kılıç yayı → çizgi 3.6m, sende (yerden yükselir, gücü artar). Etkiler: kendini_tasi→sen 3 [sicrayip_cakil,yol:yay_kayma]; hasar_buff→sen 0.1 3sn [yukselen]";;;"yol=yay|sekil=line|dogar=sende|temas=tek|gecir=normal|dikey|rampa || deger:hasar_buff>kendin[yukselen] ; konum:kendini_tasi>kendin[sicrayip_cakil,yol:yay_kayma]"
3-9;Hareket;Odaklı;Kılıç;evet;Arkaya ışınlanma, Güdümlü;kılıç yayı → çizgi 3.6m, sende (hedefe kilitli, tek hedef). Etkiler: hedefin_arkasina→sen 3 [isinlanma,yol:yay_kayma];;;yol=yay|sekil=line|dogar=sende|temas=tek|gecir=normal|gudum|tek_hedef || konum:hedefin_arkasina>kendin[isinlanma,yol:yay_kayma]
3-10;Hareket;Aynalı;Kılıç;evet;Portal, Ayna eşli;"kılıç yayı → çizgi 3.6m, sende (karşı noktada eşi). Etkiler: portal→sen 3 4sn [portal_cifti,yol:yay_kayma]; yansit→sen 0.3 2sn [ayna_sifati]";;;"yol=yay|sekil=line|dogar=sende|temas=tek|gecir=normal|ayna || konum:portal>kendin[portal_cifti,yol:yay_kayma] ; yon:yansit>kendin[ayna_sifati]"
3-11;Hareket;Kopya;Kılıç;evet;Yem kopya, Çift;"kılıç yayı → çizgi 3.6m, sende (2 kez (kopya)). Etkiler: kendini_tasi→sen 3 [ardinda_kopya,yol:yay_kayma]; yem_kopya→sen 1 2sn [dikkat_ceker]";;;"yol=yay|sekil=line|dogar=sende|temas=tek|gecir=normal|cogul || konum:kendini_tasi>kendin[ardinda_kopya,yol:yay_kayma] ; varlik:yem_kopya>kendin[dikkat_ceker]"
3-12;Hareket;Akan;Kılıç;evet;Süzülme, Akış;kılıç yayı → çizgi 3.6m, sende (sürekli akar, tik tik). Etkiler: kendini_tasi→sen 3 3sn [suzulme,yol:yay_kayma];;;yol=yay|sekil=line|dogar=sende|temas=tik|gecir=normal|surekli || konum:kendini_tasi>kendin[suzulme,yol:yay_kayma]
4-1;Savunma;Yoğun;Kılıç;hayir;Taşma;kılıç yayı → küre 0.8m, önünde yay (katı, tek hedef, uyumsuz silah). Etkiler: kalkan→dost 54 [tasar];;;yol=yay|sekil=sphere|dogar=onunde_yay|temas=tek|gecir=kati|tek_hedef || deger:kalkan>dost[tasar]
4-2;Savunma;Emici;Kılıç;hayir;Emme/çalma;"kılıç yayı → küre 1.5m, önünde yay (katı, uyumsuz silah). Etkiler: can→düşman -38 [emme]; kalkan→sen 38 [aktarim]; mermi_sil→düşman mermisi [yut]";;;"yol=yay|sekil=sphere|dogar=onunde_yay|temas=tek|gecir=kati || deger:can>dusman[emme] ; deger:kalkan>kendin[aktarim] ; varlik:mermi_sil>dusman_nesnesi[yut]"
4-3;Savunma;Sıçrayan;Kılıç;hayir;Seken;kılıç yayı → küre 1.7m, önünde yay (katı, 2 kez seker, uyumsuz silah). Etkiler: kalkan→dost 40 [dosttan_dosta];;;yol=yay|sekil=sphere|dogar=onunde_yay|temas=tek|gecir=kati|seker || deger:kalkan>dost[dosttan_dosta]
4-4;Savunma;Sabit;Kılıç;hayir;Duvar, Totem;kılıç yayı → küre 1.5m, önünde yay (yerinde çapalı, katı, tik tik, uyumsuz silah). Etkiler: kalkan→dost 40 [totem];;;yol=yay|sekil=sphere|dogar=onunde_yay|temas=tik|gecir=kati|capali || deger:kalkan>dost[totem]
4-5;Savunma;Yayılan;Kılıç;hayir;Dalga;kılıç yayı → küre 2.7m, önünde yay (katı, dışa büyür, cephe geçerken, uyumsuz silah). Etkiler: kalkan→dost 34 [alan];;;yol=yay|sekil=sphere|dogar=onunde_yay|temas=cephe|gecir=kati|genisler || deger:kalkan>dost[alan]
4-6;Savunma;Bağlayıcı;Kılıç;hayir;Can bağı, Bağ;"kılıç yayı → bağ 1.5m, önünde yay (katı, sen↔hedef bağı, tik tik, uyumsuz silah). Etkiler: kalkan→dost 40 [can_bagi]; hasar_paylasimi→dost 0.5 1.5sn [bag]";;;"yol=yay|sekil=bag|dogar=onunde_yay|temas=tik|gecir=kati|bag || deger:hasar_paylasimi>dost[bag] ; deger:kalkan>dost[can_bagi]"
4-7;Savunma;Bulandırıcı;Kılıç;hayir;Sis;"kılıç yayı → bulut 1.5m, önünde yay (katı, sis hacmi, tik tik, uyumsuz silah). Etkiler: kalkan→dost 40 [bulut_tik]; gizlen→dost 3.5sn [bulut_ici]; kor→düşman 0.3 3.5sn [bulut_ici]";;;"yol=yay|sekil=bulut|dogar=onunde_yay|temas=tik|gecir=kati|bulut || deger:kalkan>dost[bulut_tik] ; gorunurluk:gizlen>dost[bulut_ici] ; gorunurluk:kor>dusman[bulut_ici]"
4-8;Savunma;Yükselen;Kılıç;hayir;Yükselen;"kılıç yayı → küre 1.5m, önünde yay (katı, yerden yükselir, gücü artar, uyumsuz silah). Etkiler: kalkan→dost 40 [buyuyen]; hasar_buff→sen 0.1 3sn [yukselen]";;;"yol=yay|sekil=sphere|dogar=onunde_yay|temas=tek|gecir=kati|dikey|rampa || deger:hasar_buff>kendin[yukselen] ; deger:kalkan>dost[buyuyen]"
4-9;Savunma;Odaklı;Kılıç;hayir;Koruyucu tetik, Güdümlü;kılıç yayı → küre 1.5m, önünde yay (katı, hedefe kilitli, tek hedef, uyumsuz silah). Etkiler: kalkan→dost 46 [koruyucu_tetik];;;yol=yay|sekil=sphere|dogar=onunde_yay|temas=tek|gecir=kati|gudum|tek_hedef || deger:kalkan>dost[koruyucu_tetik]
4-10;Savunma;Aynalı;Kılıç;hayir;Ters kopya, Ayna eşli;"kılıç yayı → küre 1.5m, önünde yay (katı, karşı noktada eşi, uyumsuz silah). Etkiler: kalkan→dost 40; can→düşman -12 [ters_kopya]; yansit→sen 0.3 2sn [ayna_sifati]";;;"yol=yay|sekil=sphere|dogar=onunde_yay|temas=tek|gecir=kati|ayna || deger:can>dusman[ters_kopya] ; deger:kalkan>dost[] ; yon:yansit>kendin[ayna_sifati]"
4-11;Savunma;Kopya;Kılıç;hayir;Çift;kılıç yayı → küre 1.5m, önünde yay (katı, 2 kez (kopya), uyumsuz silah). Etkiler: kalkan→dost 40 [iki_kez];;;yol=yay|sekil=sphere|dogar=onunde_yay|temas=tek|gecir=kati|cogul || deger:kalkan>dost[iki_kez]
4-12;Savunma;Akan;Kılıç;hayir;Akış;kılıç yayı → küre 1.5m, önünde yay (katı, sürekli akar, tik tik, uyumsuz silah). Etkiler: kalkan→dost 28 3sn [akis];;;yol=yay|sekil=sphere|dogar=onunde_yay|temas=tik|gecir=kati|surekli || deger:kalkan>dost[akis]
5-1;Patlama;Yoğun;Kılıç;evet;Delici;"kılıç yayı → küre 2m, önünde yay (delip geçer). Etkiler: can→düşman -37.8; it→düşman [sert]";;;"yol=yay|sekil=sphere|dogar=onunde_yay|temas=tek|gecir=delici || deger:can>dusman[] ; konum:it>dusman[sert]"
5-2;Patlama;Emici;Kılıç;evet;İçe çöküş, Girdap;"kılıç yayı → küre 3.6m, önünde yay (içine çeker). Etkiler: can→düşman -26.6; cek→düşman [merkeze]; can→sen 7.98 [aktarim]; mermi_sil→düşman mermisi [yut]";;;"yol=yay|sekil=sphere|dogar=onunde_yay|temas=tek|gecir=normal|cekim || deger:can>dusman[] ; deger:can>kendin[aktarim] ; konum:cek>dusman[merkeze] ; varlik:mermi_sil>dusman_nesnesi[yut]"
5-3;Patlama;Sıçrayan;Kılıç;evet;Seken;"kılıç yayı → küre 4m, önünde yay (2 kez seker). Etkiler: can→düşman -28 [seker]; it→düşman [seker]";;;"yol=yay|sekil=sphere|dogar=onunde_yay|temas=tek|gecir=normal|seker || deger:can>dusman[seker] ; konum:it>dusman[seker]"
5-4;Patlama;Sabit;Kılıç;evet;Tuzak;"kılıç yayı → küre 3.6m, önünde yay (yerinde çapalı, içine girene). Etkiler: can→düşman -28 [tuzak]; it→düşman [tuzak]";;;"yol=yay|sekil=sphere|dogar=onunde_yay|temas=giris|gecir=normal|capali || deger:can>dusman[tuzak] ; konum:it>dusman[tuzak]"
5-5;Patlama;Yayılan;Kılıç;evet;Dalga;"kılıç yayı → küre 6.5m, önünde yay (dışa büyür, cephe geçerken). Etkiler: can→düşman -23.8 [alan]; it→düşman [dalga]";;;"yol=yay|sekil=sphere|dogar=onunde_yay|temas=cephe|gecir=normal|genisler || deger:can>dusman[alan] ; konum:it>dusman[dalga]"
5-6;Patlama;Bağlayıcı;Kılıç;evet;Bağla çekme, Bağ;"kılıç yayı → bağ 3.6m, önünde yay (sen↔hedef bağı, tik tik). Etkiler: can→düşman -28 [bag_akisi]; cek→düşman [bag_boyunca]; hareket→düşman 1.5sn [bag_ucu]; hareket→düşman 0.7 1.5sn [bag_ucu,yavas]";;;"yol=yay|sekil=bag|dogar=onunde_yay|temas=tik|gecir=normal|bag || deger:can>dusman[bag_akisi] ; hiz:hareket>dusman[bag_ucu,yavas] ; hiz:hareket>dusman[bag_ucu] ; konum:cek>dusman[bag_boyunca]"
5-7;Patlama;Bulandırıcı;Kılıç;evet;Sis;"kılıç yayı → bulut 3.6m, önünde yay (sis hacmi, tik tik). Etkiler: can→düşman -28 [bulut_tik]; it→düşman [sis_patlamasi]; gizlen→dost 3.2sn [bulut_ici]; kor→düşman 0.3 3.2sn [bulut_ici]";;;"yol=yay|sekil=bulut|dogar=onunde_yay|temas=tik|gecir=normal|bulut || deger:can>dusman[bulut_tik] ; gorunurluk:gizlen>dost[bulut_ici] ; gorunurluk:kor>dusman[bulut_ici] ; konum:it>dusman[sis_patlamasi]"
5-8;Patlama;Yükselen;Kılıç;evet;Havaya atma, Yükselen;"kılıç yayı → küre 3.6m, önünde yay (yerden yükselir, gücü artar). Etkiler: can→düşman -28 [havaya_at]; it→düşman [yukari_firlat]; hareket→düşman 0.8sn [havada]; hasar_buff→sen 0.1 3sn [yukselen]";;;"yol=yay|sekil=sphere|dogar=onunde_yay|temas=tek|gecir=normal|dikey|rampa || deger:can>dusman[havaya_at] ; deger:hasar_buff>kendin[yukselen] ; hiz:hareket>dusman[havada] ; konum:it>dusman[yukari_firlat]"
5-9;Patlama;Odaklı;Kılıç;evet;Güdümlü;"kılıç yayı → küre 3.6m, önünde yay (hedefe kilitli, tek hedef). Etkiler: can→düşman -32.2 [iskalamaz,zirh_yoksay]; it→düşman [tek_hedef]";;;"yol=yay|sekil=sphere|dogar=onunde_yay|temas=tek|gecir=normal|gudum|tek_hedef || deger:can>dusman[iskalamaz,zirh_yoksay] ; konum:it>dusman[tek_hedef]"
5-10;Patlama;Aynalı;Kılıç;evet;Kıskaç, Ayna eşli;"kılıç yayı → küre 3.6m, önünde yay (karşı noktada eşi). Etkiler: can→düşman -28 [kiskac]; it→düşman [iki_uctan]; yansit→sen 0.3 2sn [ayna_sifati]";;;"yol=yay|sekil=sphere|dogar=onunde_yay|temas=tek|gecir=normal|ayna || deger:can>dusman[kiskac] ; konum:it>dusman[iki_uctan] ; yon:yansit>kendin[ayna_sifati]"
5-11;Patlama;Kopya;Kılıç;evet;Çift;"kılıç yayı → küre 3.6m, önünde yay (2 kez (kopya)). Etkiler: can→düşman -28 [iki_kez]; it→düşman [iki_kez]";;;"yol=yay|sekil=sphere|dogar=onunde_yay|temas=tek|gecir=normal|cogul || deger:can>dusman[iki_kez] ; konum:it>dusman[iki_kez]"
5-12;Patlama;Akan;Kılıç;evet;Akıntı, Akış;"kılıç yayı → küre 3.6m, önünde yay (sürekli akar, tik tik). Etkiler: can→düşman -19.6 3sn [akis]; it→düşman [akinti]";;;"yol=yay|sekil=sphere|dogar=onunde_yay|temas=tik|gecir=normal|surekli || deger:can>dusman[akis] ; konum:it>dusman[akinti]"
6-1;Kontrol;Yoğun;Kılıç;hayir;Delici;"kılıç yayı → koni 2.2m, önünde yay (delip geçer, uyumsuz silah). Etkiler: hareket→düşman 0.8sn [sert]; can→düşman -8.64";;;"yol=yay|sekil=cone|dogar=onunde_yay|temas=tek|gecir=delici || deger:can>dusman[] ; hiz:hareket>dusman[sert]"
6-2;Kontrol;Emici;Kılıç;hayir;Hedefi sana çekme, Girdap;"kılıç yayı → koni 4m, önünde yay (içine çeker, uyumsuz silah). Etkiler: hareket→düşman 1.5sn; can→düşman -6.08; cek→düşman [sana_dogru]; can→sen 1.82 [aktarim]; mermi_sil→düşman mermisi [yut]";;;"yol=yay|sekil=cone|dogar=onunde_yay|temas=tek|gecir=normal|cekim || deger:can>dusman[] ; deger:can>kendin[aktarim] ; hiz:hareket>dusman[] ; konum:cek>dusman[sana_dogru] ; varlik:mermi_sil>dusman_nesnesi[yut]"
6-3;Kontrol;Sıçrayan;Kılıç;hayir;Seken;"kılıç yayı → koni 4.4m, önünde yay (2 kez seker, uyumsuz silah). Etkiler: hareket→düşman 1.5sn [seker]; can→düşman -6.4 [seker]";;;"yol=yay|sekil=cone|dogar=onunde_yay|temas=tek|gecir=normal|seker || deger:can>dusman[seker] ; hiz:hareket>dusman[seker]"
6-4;Kontrol;Sabit;Kılıç;hayir;Tuzak;"kılıç yayı → koni 4m, önünde yay (yerinde çapalı, içine girene, uyumsuz silah). Etkiler: hareket→düşman 3.5sn [uzun]; can→düşman -6.4 [tuzak]";;;"yol=yay|sekil=cone|dogar=onunde_yay|temas=giris|gecir=normal|capali || deger:can>dusman[tuzak] ; hiz:hareket>dusman[uzun]"
6-5;Kontrol;Yayılan;Kılıç;hayir;Dalga;"kılıç yayı → koni 7.2m, önünde yay (dışa büyür, cephe geçerken, uyumsuz silah). Etkiler: hareket→düşman 1.5sn [dalga]; can→düşman -5.44 [alan]";;;"yol=yay|sekil=cone|dogar=onunde_yay|temas=cephe|gecir=normal|genisler || deger:can>dusman[alan] ; hiz:hareket>dusman[dalga]"
6-6;Kontrol;Bağlayıcı;Kılıç;hayir;Tasma, Bağ;"kılıç yayı → bağ 4m, önünde yay (sen↔hedef bağı, tik tik, uyumsuz silah). Etkiler: hareket→düşman 1.5sn [tasma]; can→düşman -6.4 [bag_akisi]; hareket→düşman 1.5sn [bag_ucu]; hareket→düşman 0.7 1.5sn [bag_ucu,yavas]";;;"yol=yay|sekil=bag|dogar=onunde_yay|temas=tik|gecir=normal|bag || deger:can>dusman[bag_akisi] ; hiz:hareket>dusman[bag_ucu,yavas] ; hiz:hareket>dusman[bag_ucu] ; hiz:hareket>dusman[tasma]"
6-7;Kontrol;Bulandırıcı;Kılıç;hayir;Sis;"kılıç yayı → bulut 4m, önünde yay (sis hacmi, tik tik, uyumsuz silah). Etkiler: hareket→düşman 1.5sn [bulut_tik]; can→düşman -6.4 [bulut_tik]; gizlen→dost 3.2sn [bulut_ici]; kor→düşman 0.3 3.2sn [bulut_ici]";;;"yol=yay|sekil=bulut|dogar=onunde_yay|temas=tik|gecir=normal|bulut || deger:can>dusman[bulut_tik] ; gorunurluk:gizlen>dost[bulut_ici] ; gorunurluk:kor>dusman[bulut_ici] ; hiz:hareket>dusman[bulut_tik]"
6-8;Kontrol;Yükselen;Kılıç;hayir;Havaya atma, Yükselen;"kılıç yayı → koni 4m, önünde yay (yerden yükselir, gücü artar, uyumsuz silah). Etkiler: hareket→düşman 1.5sn [havaya_at]; can→düşman -6.4 [havaya_at]; hasar_buff→sen 0.1 3sn [yukselen]";;;"yol=yay|sekil=cone|dogar=onunde_yay|temas=tek|gecir=normal|dikey|rampa || deger:can>dusman[havaya_at] ; deger:hasar_buff>kendin[yukselen] ; hiz:hareket>dusman[havaya_at]"
6-9;Kontrol;Odaklı;Kılıç;hayir;Gecikmeli an, Güdümlü;"kılıç yayı → koni 4m, önünde yay (hedefe kilitli, tek hedef, uyumsuz silah). Etkiler: hareket→düşman 1.5sn [isaretli_an]; can→düşman -7.36 [iskalamaz,zirh_yoksay]";;;"yol=yay|sekil=cone|dogar=onunde_yay|temas=tek|gecir=normal|gudum|tek_hedef || deger:can>dusman[iskalamaz,zirh_yoksay] ; hiz:hareket>dusman[isaretli_an]"
6-10;Kontrol;Aynalı;Kılıç;hayir;Kıskaç, Ters kontrol, Ayna eşli;"kılıç yayı → koni 4m, önünde yay (karşı noktada eşi, uyumsuz silah). Etkiler: hareket→düşman 1.5sn [ters_kontrol]; can→düşman -6.4 [kiskac]; yansit→sen 0.3 2sn [ayna_sifati]";;;"yol=yay|sekil=cone|dogar=onunde_yay|temas=tek|gecir=normal|ayna || deger:can>dusman[kiskac] ; hiz:hareket>dusman[ters_kontrol] ; yon:yansit>kendin[ayna_sifati]"
6-11;Kontrol;Kopya;Kılıç;hayir;Çift;"kılıç yayı → koni 4m, önünde yay (2 kez (kopya), uyumsuz silah). Etkiler: hareket→düşman 1.5sn [iki_kez]; can→düşman -6.4 [iki_kez]";;;"yol=yay|sekil=cone|dogar=onunde_yay|temas=tek|gecir=normal|cogul || deger:can>dusman[iki_kez] ; hiz:hareket>dusman[iki_kez]"
6-12;Kontrol;Akan;Kılıç;hayir;Bataklık, Akış;"kılıç yayı → koni 4m, önünde yay (sürekli akar, tik tik, uyumsuz silah). Etkiler: hareket→düşman 3sn [bataklik]; can→düşman -4.48 3sn [akis]";;;"yol=yay|sekil=cone|dogar=onunde_yay|temas=tik|gecir=normal|surekli || deger:can>dusman[akis] ; hiz:hareket>dusman[bataklik]"
7-1;Zayıflatma;Yoğun;Kılıç;hayir;Delici;"kılıç yayı → kapsül 1.7m, önünde yay (delip geçer, uyumsuz silah). Etkiler: zirh→düşman -0.22 2sn; can→düşman -5.4";;;"yol=yay|sekil=capsule|dogar=onunde_yay|temas=tek|gecir=delici || deger:can>dusman[] ; deger:zirh>dusman[]"
7-2;Zayıflatma;Emici;Kılıç;hayir;Girdap;"kılıç yayı → kapsül 3m, önünde yay (içine çeker, uyumsuz silah). Etkiler: zirh→düşman -0.15 4sn; can→düşman -3.8; zirh→sen 0.05 4sn [aktarim]; can→sen 1.14 [aktarim]; mermi_sil→düşman mermisi [yut]";;;"yol=yay|sekil=capsule|dogar=onunde_yay|temas=tek|gecir=normal|cekim || deger:can>dusman[] ; deger:can>kendin[aktarim] ; deger:zirh>dusman[] ; deger:zirh>kendin[aktarim] ; varlik:mermi_sil>dusman_nesnesi[yut]"
7-3;Zayıflatma;Sıçrayan;Kılıç;hayir;Seken;"kılıç yayı → kapsül 3.3m, önünde yay (2 kez seker, uyumsuz silah). Etkiler: zirh→düşman -0.16 4sn [seker]; can→düşman -4 [seker]";;;"yol=yay|sekil=capsule|dogar=onunde_yay|temas=tek|gecir=normal|seker || deger:can>dusman[seker] ; deger:zirh>dusman[seker]"
7-4;Zayıflatma;Sabit;Kılıç;hayir;Tuzak;"kılıç yayı → kapsül 3m, önünde yay (yerinde çapalı, içine girene, uyumsuz silah). Etkiler: zirh→düşman -0.16 4sn [tuzak]; can→düşman -4 [tuzak]";;;"yol=yay|sekil=capsule|dogar=onunde_yay|temas=giris|gecir=normal|capali || deger:can>dusman[tuzak] ; deger:zirh>dusman[tuzak]"
7-5;Zayıflatma;Yayılan;Kılıç;hayir;Dalga;"kılıç yayı → kapsül 5.4m, önünde yay (dışa büyür, cephe geçerken, uyumsuz silah). Etkiler: zirh→düşman -0.14 4sn [alan]; can→düşman -3.4 [alan]";;;"yol=yay|sekil=capsule|dogar=onunde_yay|temas=cephe|gecir=normal|genisler || deger:can>dusman[alan] ; deger:zirh>dusman[alan]"
7-6;Zayıflatma;Bağlayıcı;Kılıç;hayir;Bağ;"kılıç yayı → bağ 3m, önünde yay (sen↔hedef bağı, tik tik, uyumsuz silah). Etkiler: zirh→düşman -0.16 4sn [bag_akisi]; can→düşman -4 [bag_akisi]; hareket→düşman 1.5sn [bag_ucu]; hareket→düşman 0.7 1.5sn [bag_ucu,yavas]";;;"yol=yay|sekil=bag|dogar=onunde_yay|temas=tik|gecir=normal|bag || deger:can>dusman[bag_akisi] ; deger:zirh>dusman[bag_akisi] ; hiz:hareket>dusman[bag_ucu,yavas] ; hiz:hareket>dusman[bag_ucu]"
7-7;Zayıflatma;Bulandırıcı;Kılıç;hayir;Sis;"kılıç yayı → bulut 3m, önünde yay (sis hacmi, tik tik, uyumsuz silah). Etkiler: zirh→düşman -0.16 4sn [bulut_tik]; can→düşman -4 [bulut_tik]; gizlen→dost 3.2sn [bulut_ici]; kor→düşman 0.3 3.2sn [bulut_ici]";;;"yol=yay|sekil=bulut|dogar=onunde_yay|temas=tik|gecir=normal|bulut || deger:can>dusman[bulut_tik] ; deger:zirh>dusman[bulut_tik] ; gorunurluk:gizlen>dost[bulut_ici] ; gorunurluk:kor>dusman[bulut_ici]"
7-8;Zayıflatma;Yükselen;Kılıç;hayir;Havaya atma, Yükselen;"kılıç yayı → kapsül 3m, önünde yay (yerden yükselir, gücü artar, uyumsuz silah). Etkiler: zirh→düşman -0.16 4sn [havaya_at]; can→düşman -4 [havaya_at]; hareket→düşman 0.8sn [havada]; hasar_buff→sen 0.1 3sn [yukselen]";;;"yol=yay|sekil=capsule|dogar=onunde_yay|temas=tek|gecir=normal|dikey|rampa || deger:can>dusman[havaya_at] ; deger:hasar_buff>kendin[yukselen] ; deger:zirh>dusman[havaya_at] ; hiz:hareket>dusman[havada]"
7-9;Zayıflatma;Odaklı;Kılıç;hayir;Gecikmeli an, Güdümlü;"kılıç yayı → kapsül 3m, önünde yay (hedefe kilitli, tek hedef, uyumsuz silah). Etkiler: zirh→düşman -0.18 4sn [isaretli_an]; can→düşman -4.6 [iskalamaz,zirh_yoksay]";;;"yol=yay|sekil=capsule|dogar=onunde_yay|temas=tek|gecir=normal|gudum|tek_hedef || deger:can>dusman[iskalamaz,zirh_yoksay] ; deger:zirh>dusman[isaretli_an]"
7-10;Zayıflatma;Aynalı;Kılıç;hayir;Kıskaç, Ayna eşli;"kılıç yayı → kapsül 3m, önünde yay (karşı noktada eşi, uyumsuz silah). Etkiler: zirh→düşman -0.16 4sn [kiskac]; can→düşman -4 [kiskac]; yansit→sen 0.3 2sn [ayna_sifati]";;;"yol=yay|sekil=capsule|dogar=onunde_yay|temas=tek|gecir=normal|ayna || deger:can>dusman[kiskac] ; deger:zirh>dusman[kiskac] ; yon:yansit>kendin[ayna_sifati]"
7-11;Zayıflatma;Kopya;Kılıç;hayir;Çift;"kılıç yayı → kapsül 3m, önünde yay (2 kez (kopya), uyumsuz silah). Etkiler: zirh→düşman -0.16 4sn [iki_kez]; can→düşman -4 [iki_kez]";;;"yol=yay|sekil=capsule|dogar=onunde_yay|temas=tek|gecir=normal|cogul || deger:can>dusman[iki_kez] ; deger:zirh>dusman[iki_kez]"
7-12;Zayıflatma;Akan;Kılıç;hayir;Akış;"kılıç yayı → kapsül 3m, önünde yay (sürekli akar, tik tik, uyumsuz silah). Etkiler: zirh→düşman -0.11 3sn [akis]; can→düşman -2.8 3sn [akis]";;;"yol=yay|sekil=capsule|dogar=onunde_yay|temas=tik|gecir=normal|surekli || deger:can>dusman[akis] ; deger:zirh>dusman[akis]"
8-1;Güçlendirme;Yoğun;Kılıç;hayir;Taşma;kılıç yayı → küre 1.1m, önünde yay (tek hedef, uyumsuz silah). Etkiler: hasar_buff→dost 0.22 1.5sn [tasar];;;yol=yay|sekil=sphere|dogar=onunde_yay|temas=tek|gecir=normal|tek_hedef || deger:hasar_buff>dost[tasar]
8-2;Güçlendirme;Emici;Kılıç;hayir;Emme/çalma;"kılıç yayı → küre 2m, önünde yay (uyumsuz silah). Etkiler: hasar_buff→düşman -0.15 3sn [emme]; hasar_buff→sen 0.15 3sn [aktarim]; mermi_sil→düşman mermisi [yut]";;;"yol=yay|sekil=sphere|dogar=onunde_yay|temas=tek|gecir=normal || deger:hasar_buff>dusman[emme] ; deger:hasar_buff>kendin[aktarim] ; varlik:mermi_sil>dusman_nesnesi[yut]"
8-3;Güçlendirme;Sıçrayan;Kılıç;hayir;Seken;kılıç yayı → küre 2.2m, önünde yay (2 kez seker, uyumsuz silah). Etkiler: hasar_buff→dost 0.16 3sn [dosttan_dosta];;;yol=yay|sekil=sphere|dogar=onunde_yay|temas=tek|gecir=normal|seker || deger:hasar_buff>dost[dosttan_dosta]
8-4;Güçlendirme;Sabit;Kılıç;hayir;Totem;kılıç yayı → küre 2m, önünde yay (yerinde çapalı, tik tik, uyumsuz silah). Etkiler: hasar_buff→dost 0.16 3sn [totem];;;yol=yay|sekil=sphere|dogar=onunde_yay|temas=tik|gecir=normal|capali || deger:hasar_buff>dost[totem]
8-5;Güçlendirme;Yayılan;Kılıç;hayir;Dalga;kılıç yayı → küre 3.6m, önünde yay (dışa büyür, cephe geçerken, uyumsuz silah). Etkiler: hasar_buff→dost 0.14 3sn [alan];;;yol=yay|sekil=sphere|dogar=onunde_yay|temas=cephe|gecir=normal|genisler || deger:hasar_buff>dost[alan]
8-6;Güçlendirme;Bağlayıcı;Kılıç;hayir;Can bağı, Bağ;"kılıç yayı → bağ 2m, önünde yay (sen↔hedef bağı, tik tik, uyumsuz silah). Etkiler: hasar_buff→dost 0.16 3sn [can_bagi]; hasar_paylasimi→dost 0.5 1.5sn [bag]";;;"yol=yay|sekil=bag|dogar=onunde_yay|temas=tik|gecir=normal|bag || deger:hasar_buff>dost[can_bagi] ; deger:hasar_paylasimi>dost[bag]"
8-7;Güçlendirme;Bulandırıcı;Kılıç;hayir;Sis;"kılıç yayı → bulut 2m, önünde yay (sis hacmi, tik tik, uyumsuz silah). Etkiler: hasar_buff→dost 0.16 3sn [bulut_tik]; gizlen→dost 3.2sn [bulut_ici]; kor→düşman 0.3 3.2sn [bulut_ici]";;;"yol=yay|sekil=bulut|dogar=onunde_yay|temas=tik|gecir=normal|bulut || deger:hasar_buff>dost[bulut_tik] ; gorunurluk:gizlen>dost[bulut_ici] ; gorunurluk:kor>dusman[bulut_ici]"
8-8;Güçlendirme;Yükselen;Kılıç;hayir;Yükselen;"kılıç yayı → küre 2m, önünde yay (yerden yükselir, gücü artar, uyumsuz silah). Etkiler: hasar_buff→dost 0.16 3sn [buyuyen]; hasar_buff→sen 0.1 3sn [yukselen]";;;"yol=yay|sekil=sphere|dogar=onunde_yay|temas=tek|gecir=normal|dikey|rampa || deger:hasar_buff>dost[buyuyen] ; deger:hasar_buff>kendin[yukselen]"
8-9;Güçlendirme;Odaklı;Kılıç;hayir;Koruyucu tetik, Güdümlü;kılıç yayı → küre 2m, önünde yay (hedefe kilitli, tek hedef, uyumsuz silah). Etkiler: hasar_buff→dost 0.18 3sn [koruyucu_tetik];;;yol=yay|sekil=sphere|dogar=onunde_yay|temas=tek|gecir=normal|gudum|tek_hedef || deger:hasar_buff>dost[koruyucu_tetik]
8-10;Güçlendirme;Aynalı;Kılıç;hayir;Ters kopya, Ayna eşli;"kılıç yayı → küre 2m, önünde yay (karşı noktada eşi, uyumsuz silah). Etkiler: hasar_buff→dost 0.16 3sn; hasar_buff→düşman -0.05 3sn [ters_kopya]; yansit→sen 0.3 2sn [ayna_sifati]";;;"yol=yay|sekil=sphere|dogar=onunde_yay|temas=tek|gecir=normal|ayna || deger:hasar_buff>dost[] ; deger:hasar_buff>dusman[ters_kopya] ; yon:yansit>kendin[ayna_sifati]"
8-11;Güçlendirme;Kopya;Kılıç;hayir;Çift;kılıç yayı → küre 2m, önünde yay (2 kez (kopya), uyumsuz silah). Etkiler: hasar_buff→dost 0.16 3sn [iki_kez];;;yol=yay|sekil=sphere|dogar=onunde_yay|temas=tek|gecir=normal|cogul || deger:hasar_buff>dost[iki_kez]
8-12;Güçlendirme;Akan;Kılıç;hayir;Akış;kılıç yayı → küre 2m, önünde yay (sürekli akar, tik tik, uyumsuz silah). Etkiler: hasar_buff→dost 0.11 3sn [akis];;;yol=yay|sekil=sphere|dogar=onunde_yay|temas=tik|gecir=normal|surekli || deger:hasar_buff>dost[akis]
9-1;Arındırma;Yoğun;Kılıç;evet;Sert;"kılıç yayı → küre 1.7m, önünde yay (tek hedef). Etkiler: durum_sil→dost 1 [guclu]; mermi_sil→düşman mermisi [delici]";;;"yol=yay|sekil=sphere|dogar=onunde_yay|temas=tek|gecir=normal|tek_hedef || varlik:durum_sil>dost[guclu] ; varlik:mermi_sil>dusman_nesnesi[delici]"
9-2;Arındırma;Emici;Kılıç;evet;Durum aktarma;"kılıç yayı → küre 3m, önünde yay. Etkiler: durum_aktar→dost 1; mermi_sil→düşman mermisi [yut]; durum_ekle→düşman 1 [aktarim]";;;"yol=yay|sekil=sphere|dogar=onunde_yay|temas=tek|gecir=normal || varlik:durum_aktar>dost[] ; varlik:durum_ekle>dusman[aktarim] ; varlik:mermi_sil>dusman_nesnesi[yut]"
9-3;Arındırma;Sıçrayan;Kılıç;evet;Seken;"kılıç yayı → küre 3.3m, önünde yay (2 kez seker). Etkiler: durum_sil→dost 1 [dosttan_dosta]; mermi_sil→düşman mermisi [seker]";;;"yol=yay|sekil=sphere|dogar=onunde_yay|temas=tek|gecir=normal|seker || varlik:durum_sil>dost[dosttan_dosta] ; varlik:mermi_sil>dusman_nesnesi[seker]"
9-4;Arındırma;Sabit;Kılıç;evet;Mermi kesen engel, Arınma alanı;"kılıç yayı → küre 3m, önünde yay (yerinde çapalı). Etkiler: durum_sil→dost 1 [arinma_alani]; mermi_sil→düşman mermisi [engel]";;;"yol=yay|sekil=sphere|dogar=onunde_yay|temas=tek|gecir=normal|capali || varlik:durum_sil>dost[arinma_alani] ; varlik:mermi_sil>dusman_nesnesi[engel]"
9-5;Arındırma;Yayılan;Kılıç;evet;Dalga;"kılıç yayı → küre 5.4m, önünde yay (dışa büyür, cephe geçerken). Etkiler: durum_sil→dost 1 [alan]; mermi_sil→düşman mermisi [alan]";;;"yol=yay|sekil=sphere|dogar=onunde_yay|temas=cephe|gecir=normal|genisler || varlik:durum_sil>dost[alan] ; varlik:mermi_sil>dusman_nesnesi[alan]"
9-6;Arındırma;Bağlayıcı;Kılıç;evet;Bağışıklık bağı, Bağ;"kılıç yayı → bağ 3m, önünde yay (sen↔hedef bağı, tik tik). Etkiler: durum_sil→dost 1 [bag_bagisiklik]; mermi_sil→düşman mermisi [bag_hatti]";;;"yol=yay|sekil=bag|dogar=onunde_yay|temas=tik|gecir=normal|bag || varlik:durum_sil>dost[bag_bagisiklik] ; varlik:mermi_sil>dusman_nesnesi[bag_hatti]"
9-7;Arındırma;Bulandırıcı;Kılıç;evet;Sis;"kılıç yayı → bulut 3m, önünde yay (sis hacmi, tik tik). Etkiler: durum_sil→dost 1 [gizli]; mermi_sil→düşman mermisi [sis_perdesi]; gizlen→dost 3.2sn [bulut_ici]; kor→düşman 0.3 3.2sn [bulut_ici]";;;"yol=yay|sekil=bulut|dogar=onunde_yay|temas=tik|gecir=normal|bulut || gorunurluk:gizlen>dost[bulut_ici] ; gorunurluk:kor>dusman[bulut_ici] ; varlik:durum_sil>dost[gizli] ; varlik:mermi_sil>dusman_nesnesi[sis_perdesi]"
9-8;Arındırma;Yükselen;Kılıç;evet;Arınıp güçlenme, Yükselen;"kılıç yayı → küre 3m, önünde yay (yerden yükselir, gücü artar). Etkiler: durum_sil→dost 1 [guce_cevir]; mermi_sil→düşman mermisi [yukselen_perde]; hasar_buff→sen 0.1 3sn [yukselen]";;;"yol=yay|sekil=sphere|dogar=onunde_yay|temas=tek|gecir=normal|dikey|rampa || deger:hasar_buff>kendin[yukselen] ; varlik:durum_sil>dost[guce_cevir] ; varlik:mermi_sil>dusman_nesnesi[yukselen_perde]"
9-9;Arındırma;Odaklı;Kılıç;evet;Tam arındırma, Güdümlü;"kılıç yayı → küre 3m, önünde yay (hedefe kilitli, tek hedef). Etkiler: durum_sil→dost 99 [tumunu_sil]; mermi_sil→düşman mermisi [hedefli]";;;"yol=yay|sekil=sphere|dogar=onunde_yay|temas=tek|gecir=normal|gudum|tek_hedef || varlik:durum_sil>dost[tumunu_sil] ; varlik:mermi_sil>dusman_nesnesi[hedefli]"
9-10;Arındırma;Aynalı;Kılıç;evet;Buff silme, Mermi geri gönderme, Ayna eşli;"kılıç yayı → küre 3m, önünde yay (karşı noktada eşi). Etkiler: iyi_durum_sil→düşman 1 [ters_hedef]; mermi_sil→düşman mermisi [geri_gonder]; yansit→sen 0.3 2sn [ayna_sifati]";;;"yol=yay|sekil=sphere|dogar=onunde_yay|temas=tek|gecir=normal|ayna || varlik:iyi_durum_sil>dusman[ters_hedef] ; varlik:mermi_sil>dusman_nesnesi[geri_gonder] ; yon:yansit>kendin[ayna_sifati]"
9-11;Arındırma;Kopya;Kılıç;evet;Çift;"kılıç yayı → küre 3m, önünde yay (2 kez (kopya)). Etkiler: durum_sil→dost 1 [iki_kez]; mermi_sil→düşman mermisi [iki_kez]";;;"yol=yay|sekil=sphere|dogar=onunde_yay|temas=tek|gecir=normal|cogul || varlik:durum_sil>dost[iki_kez] ; varlik:mermi_sil>dusman_nesnesi[iki_kez]"
9-12;Arındırma;Akan;Kılıç;evet;Akış;"kılıç yayı → küre 3m, önünde yay (sürekli akar, tik tik). Etkiler: durum_sil→dost 1 [aura]; mermi_sil→düşman mermisi [surekli_perde]";;;"yol=yay|sekil=sphere|dogar=onunde_yay|temas=tik|gecir=normal|surekli || varlik:durum_sil>dost[aura] ; varlik:mermi_sil>dusman_nesnesi[surekli_perde]"
10-1;Yansıma;Yoğun;Kılıç;hayir;Uzak yansıtıcı;kılıç yayı → küre 0.8m, önünde yay (tek hedef, uyumsuz silah). Etkiler: yansit→gövdenin olduğu yer 0.68 1sn [dunyada,sert,silahla:yay];;;yol=yay|sekil=sphere|dogar=onunde_yay|temas=tek|gecir=normal|tek_hedef || yon:yansit>alan[dunyada,sert,silahla:yay]
10-2;Yansıma;Emici;Kılıç;hayir;Uzak yansıtıcı, Hasar emme;"kılıç yayı → küre 1.5m, önünde yay (uyumsuz silah). Etkiler: yansit→gövdenin olduğu yer 0.5 2sn [dunyada,silahla:yay]; em→sen 0.5 2sn [cana_cevir]; mermi_sil→düşman mermisi [yut]";;;"yol=yay|sekil=sphere|dogar=onunde_yay|temas=tek|gecir=normal || deger:em>kendin[cana_cevir] ; varlik:mermi_sil>dusman_nesnesi[yut] ; yon:yansit>alan[dunyada,silahla:yay]"
10-3;Yansıma;Sıçrayan;Kılıç;hayir;Uzak yansıtıcı, Seken;kılıç yayı → küre 1.7m, önünde yay (2 kez seker, uyumsuz silah). Etkiler: yansit→gövdenin olduğu yer 0.5 2sn [dunyada,seker,silahla:yay];;;yol=yay|sekil=sphere|dogar=onunde_yay|temas=tek|gecir=normal|seker || yon:yansit>alan[dunyada,seker,silahla:yay]
10-4;Yansıma;Sabit;Kılıç;hayir;Ayna yüzey, Uzak yansıtıcı;kılıç yayı → küre 1.5m, önünde yay (yerinde çapalı, uyumsuz silah). Etkiler: yansit→gövdenin olduğu yer 0.5 2sn [ayna_yuzey,dunyada,silahla:yay];;;yol=yay|sekil=sphere|dogar=onunde_yay|temas=tek|gecir=normal|capali || yon:yansit>alan[ayna_yuzey,dunyada,silahla:yay]
10-5;Yansıma;Yayılan;Kılıç;hayir;Uzak yansıtıcı, Dalga;kılıç yayı → küre 2.7m, önünde yay (dışa büyür, cephe geçerken, uyumsuz silah). Etkiler: yansit→gövdenin olduğu yer 0.5 2sn [aura,dunyada,silahla:yay];;;yol=yay|sekil=sphere|dogar=onunde_yay|temas=cephe|gecir=normal|genisler || yon:yansit>alan[aura,dunyada,silahla:yay]
10-6;Yansıma;Bağlayıcı;Kılıç;hayir;Uzak yansıtıcı, Hasar yönlendirme, Bağ;"kılıç yayı → bağ 1.5m, önünde yay (sen↔hedef bağı, tik tik, uyumsuz silah). Etkiler: yonlendir→düşman 0.5 2sn [bag,dunyada,silahla:yay]; hareket→düşman 1.5sn [bag_ucu]; hareket→düşman 0.7 2sn [bag_ucu,yavas]";;;"yol=yay|sekil=bag|dogar=onunde_yay|temas=tik|gecir=normal|bag || hiz:hareket>dusman[bag_ucu,yavas] ; hiz:hareket>dusman[bag_ucu] ; yon:yonlendir>dusman[bag,dunyada,silahla:yay]"
10-7;Yansıma;Bulandırıcı;Kılıç;hayir;Sis, Uzak yansıtıcı;"kılıç yayı → bulut 1.5m, önünde yay (sis hacmi, tik tik, uyumsuz silah). Etkiler: yansit→gövdenin olduğu yer 0.5 2sn [dunyada,gizli,silahla:yay]; gizlen→dost 5sn [bulut_ici]; kor→düşman 0.3 5sn [bulut_ici]";;;"yol=yay|sekil=bulut|dogar=onunde_yay|temas=tik|gecir=normal|bulut || gorunurluk:gizlen>dost[bulut_ici] ; gorunurluk:kor>dusman[bulut_ici] ; yon:yansit>alan[dunyada,gizli,silahla:yay]"
10-8;Yansıma;Yükselen;Kılıç;hayir;Uzak yansıtıcı, Yükselen;"kılıç yayı → küre 1.5m, önünde yay (yerden yükselir, gücü artar, uyumsuz silah). Etkiler: yansit→gövdenin olduğu yer 0.5 2sn [artan_oran,dunyada,silahla:yay]; hasar_buff→sen 0.1 3sn [yukselen]";;;"yol=yay|sekil=sphere|dogar=onunde_yay|temas=tek|gecir=normal|dikey|rampa || deger:hasar_buff>kendin[yukselen] ; yon:yansit>alan[artan_oran,dunyada,silahla:yay]"
10-9;Yansıma;Odaklı;Kılıç;hayir;Uzak yansıtıcı, Kusursuz savuşturma, Güdümlü;kılıç yayı → küre 1.5m, önünde yay (hedefe kilitli, tek hedef, uyumsuz silah). Etkiler: yansit→gövdenin olduğu yer 1 2sn [dunyada,savusturma,silahla:yay];;;yol=yay|sekil=sphere|dogar=onunde_yay|temas=tek|gecir=normal|gudum|tek_hedef || yon:yansit>alan[dunyada,savusturma,silahla:yay]
10-10;Yansıma;Aynalı;Kılıç;hayir;Uzak yansıtıcı, Bölünen yansıma, Ayna eşli;"kılıç yayı → küre 1.5m, önünde yay (karşı noktada eşi, uyumsuz silah). Etkiler: yansit→gövdenin olduğu yer 0.5 2sn [bolunen,dunyada,silahla:yay]; yansit→sen 0.3 2sn [ayna_sifati]";;;"yol=yay|sekil=sphere|dogar=onunde_yay|temas=tek|gecir=normal|ayna || yon:yansit>alan[bolunen,dunyada,silahla:yay] ; yon:yansit>kendin[ayna_sifati]"
10-11;Yansıma;Kopya;Kılıç;hayir;Uzak yansıtıcı, Çift;kılıç yayı → küre 1.5m, önünde yay (2 kez (kopya), uyumsuz silah). Etkiler: yansit→gövdenin olduğu yer 0.5 2sn [dunyada,iki_kez,silahla:yay];;;yol=yay|sekil=sphere|dogar=onunde_yay|temas=tek|gecir=normal|cogul || yon:yansit>alan[dunyada,iki_kez,silahla:yay]
10-12;Yansıma;Akan;Kılıç;hayir;Uzak yansıtıcı, Akış;kılıç yayı → küre 1.5m, önünde yay (sürekli akar, tik tik, uyumsuz silah). Etkiler: yansit→gövdenin olduğu yer 0.5 3sn [dunyada,silahla:yay,surekli];;;yol=yay|sekil=sphere|dogar=onunde_yay|temas=tik|gecir=normal|surekli || yon:yansit>alan[dunyada,silahla:yay,surekli]
11-1;Çağırma;Yoğun;Kılıç;hayir;Sert;kılıç yayı → nokta 0.6m, önünde yay (tek hedef, uyumsuz silah). Etkiler: aktor_yarat→sen 1 2.5sn [guclu,silahla:yay];;;yol=yay|sekil=point|dogar=onunde_yay|temas=tek|gecir=normal|tek_hedef || varlik:aktor_yarat>kendin[guclu,silahla:yay]
11-2;Çağırma;Emici;Kılıç;hayir;Can emen minyon;"kılıç yayı → nokta 1m, önünde yay (uyumsuz silah). Etkiler: aktor_yarat→sen 1 5sn [can_emen,silahla:yay]; mermi_sil→düşman mermisi [yut]";;;"yol=yay|sekil=point|dogar=onunde_yay|temas=tek|gecir=normal || varlik:aktor_yarat>kendin[can_emen,silahla:yay] ; varlik:mermi_sil>dusman_nesnesi[yut]"
11-3;Çağırma;Sıçrayan;Kılıç;hayir;Zıplayan minyon, Seken;kılıç yayı → nokta 1.1m, önünde yay (2 kez seker, uyumsuz silah). Etkiler: aktor_yarat→sen 1 5sn [silahla:yay,ziplayan];;;yol=yay|sekil=point|dogar=onunde_yay|temas=tek|gecir=normal|seker || varlik:aktor_yarat>kendin[silahla:yay,ziplayan]
11-4;Çağırma;Sabit;Kılıç;hayir;Taret;kılıç yayı → nokta 1m, önünde yay (yerinde çapalı, uyumsuz silah). Etkiler: aktor_yarat→sen 1 5sn [silahla:yay,taret];;;yol=yay|sekil=point|dogar=onunde_yay|temas=tek|gecir=normal|capali || varlik:aktor_yarat>kendin[silahla:yay,taret]
11-5;Çağırma;Yayılan;Kılıç;hayir;Minyon halkası, Dalga;kılıç yayı → nokta 1.8m, önünde yay (dışa büyür, cephe geçerken, uyumsuz silah). Etkiler: aktor_yarat→sen 3 5sn [halka,silahla:yay];;;yol=yay|sekil=point|dogar=onunde_yay|temas=cephe|gecir=normal|genisler || varlik:aktor_yarat>kendin[halka,silahla:yay]
11-6;Çağırma;Bağlayıcı;Kılıç;hayir;Muhafız, Bağ;kılıç yayı → bağ 1m, önünde yay (sen↔hedef bağı, tik tik, uyumsuz silah). Etkiler: aktor_yarat→sen 1 5sn [bagli_muhafiz,silahla:yay];;;yol=yay|sekil=bag|dogar=onunde_yay|temas=tik|gecir=normal|bag || varlik:aktor_yarat>kendin[bagli_muhafiz,silahla:yay]
11-7;Çağırma;Bulandırıcı;Kılıç;hayir;Görünmez minyon, Sis;"kılıç yayı → bulut 1m, önünde yay (sis hacmi, tik tik, uyumsuz silah). Etkiler: aktor_yarat→sen 1 5sn [gorunmez,silahla:yay]; gizlen→dost 3.2sn [bulut_ici]; kor→düşman 0.3 3.2sn [bulut_ici]";;;"yol=yay|sekil=bulut|dogar=onunde_yay|temas=tik|gecir=normal|bulut || gorunurluk:gizlen>dost[bulut_ici] ; gorunurluk:kor>dusman[bulut_ici] ; varlik:aktor_yarat>kendin[gorunmez,silahla:yay]"
11-8;Çağırma;Yükselen;Kılıç;hayir;Yükselen;"kılıç yayı → nokta 1m, önünde yay (yerden yükselir, gücü artar, uyumsuz silah). Etkiler: aktor_yarat→sen 1 5sn [buyuyen,silahla:yay]; hasar_buff→sen 0.1 3sn [yukselen]";;;"yol=yay|sekil=point|dogar=onunde_yay|temas=tek|gecir=normal|dikey|rampa || deger:hasar_buff>kendin[yukselen] ; varlik:aktor_yarat>kendin[buyuyen,silahla:yay]"
11-9;Çağırma;Odaklı;Kılıç;hayir;Suikastçı minyon, Güdümlü;kılıç yayı → nokta 1m, önünde yay (hedefe kilitli, tek hedef, uyumsuz silah). Etkiler: aktor_yarat→sen 1 5sn [silahla:yay,suikastci];;;yol=yay|sekil=point|dogar=onunde_yay|temas=tek|gecir=normal|gudum|tek_hedef || varlik:aktor_yarat>kendin[silahla:yay,suikastci]
11-10;Çağırma;Aynalı;Kılıç;hayir;Ayna klon, Ayna eşli;"kılıç yayı → nokta 1m, önünde yay (karşı noktada eşi, uyumsuz silah). Etkiler: aktor_yarat→sen 1 5sn [ayna_klon,silahla:yay]; yansit→sen 0.3 2sn [ayna_sifati]";;;"yol=yay|sekil=point|dogar=onunde_yay|temas=tek|gecir=normal|ayna || varlik:aktor_yarat>kendin[ayna_klon,silahla:yay] ; yon:yansit>kendin[ayna_sifati]"
11-11;Çağırma;Kopya;Kılıç;hayir;Klon, Çift;kılıç yayı → nokta 1m, önünde yay (2 kez (kopya), uyumsuz silah). Etkiler: klon→sen 1 5sn [senin_kopyan,silahla:yay];;;yol=yay|sekil=point|dogar=onunde_yay|temas=tek|gecir=normal|cogul || varlik:klon>kendin[senin_kopyan,silahla:yay]
11-12;Çağırma;Akan;Kılıç;hayir;Akış;kılıç yayı → nokta 1m, önünde yay (sürekli akar, tik tik, uyumsuz silah). Etkiler: aktor_yarat→sen 3 5sn [akis,silahla:yay];;;yol=yay|sekil=point|dogar=onunde_yay|temas=tik|gecir=normal|surekli || varlik:aktor_yarat>kendin[akis,silahla:yay]
12-1;Zaman;Yoğun;Kılıç;hayir;Delici;kılıç yayı → silindir 2.2m, önünde yay (delip geçer, uyumsuz silah). Etkiler: tempo→düşman 0.3 0.5sn [sert];;;yol=yay|sekil=cylinder|dogar=onunde_yay|temas=tek|gecir=delici || hiz:tempo>dusman[sert]
12-2;Zaman;Emici;Kılıç;hayir;Zaman çalma;"kılıç yayı → silindir 4m, önünde yay (uyumsuz silah). Etkiler: tempo→düşman 0.7 1sn; tempo→sen 1.3 1sn [aktarim]; mermi_sil→düşman mermisi [yut]";;;"yol=yay|sekil=cylinder|dogar=onunde_yay|temas=tek|gecir=normal || hiz:tempo>dusman[] ; hiz:tempo>kendin[aktarim] ; varlik:mermi_sil>dusman_nesnesi[yut]"
12-3;Zaman;Sıçrayan;Kılıç;hayir;Seken;kılıç yayı → silindir 4.4m, önünde yay (2 kez seker, uyumsuz silah). Etkiler: tempo→düşman 0.7 1sn [seker];;;yol=yay|sekil=cylinder|dogar=onunde_yay|temas=tek|gecir=normal|seker || hiz:tempo>dusman[seker]
12-4;Zaman;Sabit;Kılıç;hayir;Dondurma;kılıç yayı → silindir 4m, önünde yay (yerinde çapalı, uyumsuz silah). Etkiler: tempo→düşman 1sn [dondur];;;yol=yay|sekil=cylinder|dogar=onunde_yay|temas=tek|gecir=normal|capali || hiz:tempo>dusman[dondur]
12-5;Zaman;Yayılan;Kılıç;hayir;Dalga;kılıç yayı → silindir 7.2m, önünde yay (dışa büyür, cephe geçerken, uyumsuz silah). Etkiler: tempo→düşman 0.7 1sn [dalga];;;yol=yay|sekil=cylinder|dogar=onunde_yay|temas=cephe|gecir=normal|genisler || hiz:tempo>dusman[dalga]
12-6;Zaman;Bağlayıcı;Kılıç;hayir;Zaman senkronu, Bağ;"kılıç yayı → bağ 4m, önünde yay (sen↔hedef bağı, tik tik, uyumsuz silah). Etkiler: tempo→düşman 0.7 1sn [senkron]; hareket→düşman 1.5sn [bag_ucu]; hareket→düşman 0.7 1.5sn [bag_ucu,yavas]";;;"yol=yay|sekil=bag|dogar=onunde_yay|temas=tik|gecir=normal|bag || hiz:hareket>dusman[bag_ucu,yavas] ; hiz:hareket>dusman[bag_ucu] ; hiz:tempo>dusman[senkron]"
12-7;Zaman;Bulandırıcı;Kılıç;hayir;Titreyen zaman, Sis;"kılıç yayı → bulut 4m, önünde yay (sis hacmi, tik tik, uyumsuz silah). Etkiler: tempo→düşman 0.7 1sn [titrer]; gizlen→dost 4sn [bulut_ici]; kor→düşman 0.3 4sn [bulut_ici]";;;"yol=yay|sekil=bulut|dogar=onunde_yay|temas=tik|gecir=normal|bulut || gorunurluk:gizlen>dost[bulut_ici] ; gorunurluk:kor>dusman[bulut_ici] ; hiz:tempo>dusman[titrer]"
12-8;Zaman;Yükselen;Kılıç;hayir;Hızlanma, Yükselen;"kılıç yayı → silindir 4m, önünde yay (yerden yükselir, gücü artar, uyumsuz silah). Etkiler: tempo→sen 1.3 1sn [hizlanma]; hasar_buff→sen 0.1 3sn [yukselen]";;;"yol=yay|sekil=cylinder|dogar=onunde_yay|temas=tek|gecir=normal|dikey|rampa || deger:hasar_buff>kendin[yukselen] ; hiz:tempo>kendin[hizlanma]"
12-9;Zaman;Odaklı;Kılıç;hayir;Gecikmeli an, Güdümlü;kılıç yayı → silindir 4m, önünde yay (hedefe kilitli, tek hedef, uyumsuz silah). Etkiler: tempo→düşman 0.7 1sn [isaretli_an];;;yol=yay|sekil=cylinder|dogar=onunde_yay|temas=tek|gecir=normal|gudum|tek_hedef || hiz:tempo>dusman[isaretli_an]
12-10;Zaman;Aynalı;Kılıç;hayir;Geri sarma, Ayna eşli;"kılıç yayı → silindir 4m, önünde yay (karşı noktada eşi, uyumsuz silah). Etkiler: geri_sar→düşman 2 1sn [geri_sarma]; yansit→sen 0.3 2sn [ayna_sifati]";;;"yol=yay|sekil=cylinder|dogar=onunde_yay|temas=tek|gecir=normal|ayna || hiz:geri_sar>dusman[geri_sarma] ; yon:yansit>kendin[ayna_sifati]"
12-11;Zaman;Kopya;Kılıç;hayir;Yankı, Çift;"kılıç yayı → silindir 4m, önünde yay (2 kez (kopya), uyumsuz silah). Etkiler: tempo→düşman 0.7 1sn [iki_kez]; onceki_skill_tekrar→sen 1 [yanki]";;;"yol=yay|sekil=cylinder|dogar=onunde_yay|temas=tek|gecir=normal|cogul || hiz:tempo>dusman[iki_kez] ; varlik:onceki_skill_tekrar>kendin[yanki]"
12-12;Zaman;Akan;Kılıç;hayir;Zaman alanı, Akış;"kılıç yayı → silindir 4m, önünde yay (sürekli akar, tik tik, uyumsuz silah). Etkiler: tempo→düşman 0.7 3sn [zaman_alani]; tempo→dost 1.3 3sn [zaman_alani]";;;"yol=yay|sekil=cylinder|dogar=onunde_yay|temas=tik|gecir=normal|surekli || hiz:tempo>dost[zaman_alani] ; hiz:tempo>dusman[zaman_alani]"
1-1;Saldırı;Yoğun;Küre;hayir;Delici;yüzen küre → kapsül 0.8m, hedef noktada (delip geçer, uyumsuz silah). Etkiler: can→düşman -43.2;;;yol=kure|sekil=capsule|dogar=hedef_noktada|temas=tek|gecir=delici || deger:can>dusman[]
1-2;Saldırı;Emici;Küre;hayir;Girdap;"yüzen küre → kapsül 1.5m, hedef noktada (içine çeker, uyumsuz silah). Etkiler: can→düşman -30.4; can→sen 9.12 [aktarim]; mermi_sil→düşman mermisi [yut]";;;"yol=kure|sekil=capsule|dogar=hedef_noktada|temas=tek|gecir=normal|cekim || deger:can>dusman[] ; deger:can>kendin[aktarim] ; varlik:mermi_sil>dusman_nesnesi[yut]"
1-3;Saldırı;Sıçrayan;Küre;hayir;Seken;yüzen küre → kapsül 1.7m, hedef noktada (2 kez seker, uyumsuz silah). Etkiler: can→düşman -32 [seker];;;yol=kure|sekil=capsule|dogar=hedef_noktada|temas=tek|gecir=normal|seker || deger:can>dusman[seker]
1-4;Saldırı;Sabit;Küre;hayir;Tuzak;yüzen küre → kapsül 1.5m, hedef noktada (yerinde çapalı, içine girene, uyumsuz silah). Etkiler: can→düşman -32 [tuzak];;;yol=kure|sekil=capsule|dogar=hedef_noktada|temas=giris|gecir=normal|capali || deger:can>dusman[tuzak]
1-5;Saldırı;Yayılan;Küre;hayir;Dalga;yüzen küre → kapsül 2.7m, hedef noktada (dışa büyür, cephe geçerken, uyumsuz silah). Etkiler: can→düşman -27.2 [alan];;;yol=kure|sekil=capsule|dogar=hedef_noktada|temas=cephe|gecir=normal|genisler || deger:can>dusman[alan]
1-6;Saldırı;Bağlayıcı;Küre;hayir;Bağ;"yüzen küre → bağ 1.5m, hedef noktada (sen↔hedef bağı, tik tik, uyumsuz silah). Etkiler: can→düşman -32 [bag_akisi]; hareket→düşman 1.5sn [bag_ucu]; hareket→düşman 0.7 1.5sn [bag_ucu,yavas]";;;"yol=kure|sekil=bag|dogar=hedef_noktada|temas=tik|gecir=normal|bag || deger:can>dusman[bag_akisi] ; hiz:hareket>dusman[bag_ucu,yavas] ; hiz:hareket>dusman[bag_ucu]"
1-7;Saldırı;Bulandırıcı;Küre;hayir;Sis;"yüzen küre → bulut 1.5m, hedef noktada (sis hacmi, tik tik, uyumsuz silah). Etkiler: can→düşman -32 [bulut_tik]; gizlen→dost 3.2sn [bulut_ici]; kor→düşman 0.3 3.2sn [bulut_ici]";;;"yol=kure|sekil=bulut|dogar=hedef_noktada|temas=tik|gecir=normal|bulut || deger:can>dusman[bulut_tik] ; gorunurluk:gizlen>dost[bulut_ici] ; gorunurluk:kor>dusman[bulut_ici]"
1-8;Saldırı;Yükselen;Küre;hayir;Havaya atma, Yükselen;"yüzen küre → kapsül 1.5m, hedef noktada (yerden yükselir, gücü artar, uyumsuz silah). Etkiler: can→düşman -32 [havaya_at]; hareket→düşman 0.8sn [havada]; hasar_buff→sen 0.1 3sn [yukselen]";;;"yol=kure|sekil=capsule|dogar=hedef_noktada|temas=tek|gecir=normal|dikey|rampa || deger:can>dusman[havaya_at] ; deger:hasar_buff>kendin[yukselen] ; hiz:hareket>dusman[havada]"
1-9;Saldırı;Odaklı;Küre;hayir;Güdümlü;yüzen küre → kapsül 1.5m, hedef noktada (hedefe kilitli, tek hedef, uyumsuz silah). Etkiler: can→düşman -36.8 [iskalamaz,zirh_yoksay];;;yol=kure|sekil=capsule|dogar=hedef_noktada|temas=tek|gecir=normal|gudum|tek_hedef || deger:can>dusman[iskalamaz,zirh_yoksay]
1-10;Saldırı;Aynalı;Küre;hayir;Kıskaç, Ayna eşli;"yüzen küre → kapsül 1.5m, hedef noktada (karşı noktada eşi, uyumsuz silah). Etkiler: can→düşman -32 [kiskac]; yansit→sen 0.3 2sn [ayna_sifati]";;;"yol=kure|sekil=capsule|dogar=hedef_noktada|temas=tek|gecir=normal|ayna || deger:can>dusman[kiskac] ; yon:yansit>kendin[ayna_sifati]"
1-11;Saldırı;Kopya;Küre;hayir;Çift;yüzen küre → kapsül 1.5m, hedef noktada (2 kez (kopya), uyumsuz silah). Etkiler: can→düşman -32 [iki_kez];;;yol=kure|sekil=capsule|dogar=hedef_noktada|temas=tek|gecir=normal|cogul || deger:can>dusman[iki_kez]
1-12;Saldırı;Akan;Küre;hayir;Akış;yüzen küre → kapsül 1.5m, hedef noktada (sürekli akar, tik tik, uyumsuz silah). Etkiler: can→düşman -22.4 3sn [akis];;;yol=kure|sekil=capsule|dogar=hedef_noktada|temas=tik|gecir=normal|surekli || deger:can>dusman[akis]
2-1;İyileştirme;Yoğun;Küre;hayir;Taşma;yüzen küre → küre 1.1m, hedef noktada (tek hedef, uyumsuz silah). Etkiler: can→dost 37.8 [tasar];;;yol=kure|sekil=sphere|dogar=hedef_noktada|temas=tek|gecir=normal|tek_hedef || deger:can>dost[tasar]
2-2;İyileştirme;Emici;Küre;hayir;Emme/çalma;"yüzen küre → küre 2m, hedef noktada (uyumsuz silah). Etkiler: can→düşman -26.6 [emme]; can→sen 26.6 [aktarim]; mermi_sil→düşman mermisi [yut]";;;"yol=kure|sekil=sphere|dogar=hedef_noktada|temas=tek|gecir=normal || deger:can>dusman[emme] ; deger:can>kendin[aktarim] ; varlik:mermi_sil>dusman_nesnesi[yut]"
2-3;İyileştirme;Sıçrayan;Küre;hayir;Seken;yüzen küre → küre 2.2m, hedef noktada (2 kez seker, uyumsuz silah). Etkiler: can→dost 28 [dosttan_dosta];;;yol=kure|sekil=sphere|dogar=hedef_noktada|temas=tek|gecir=normal|seker || deger:can>dost[dosttan_dosta]
2-4;İyileştirme;Sabit;Küre;hayir;Totem;yüzen küre → küre 2m, hedef noktada (yerinde çapalı, tik tik, uyumsuz silah). Etkiler: can→dost 28 [totem];;;yol=kure|sekil=sphere|dogar=hedef_noktada|temas=tik|gecir=normal|capali || deger:can>dost[totem]
2-5;İyileştirme;Yayılan;Küre;hayir;Dalga;yüzen küre → küre 3.6m, hedef noktada (dışa büyür, cephe geçerken, uyumsuz silah). Etkiler: can→dost 23.8 [alan];;;yol=kure|sekil=sphere|dogar=hedef_noktada|temas=cephe|gecir=normal|genisler || deger:can>dost[alan]
2-6;İyileştirme;Bağlayıcı;Küre;hayir;Can bağı, Bağ;"yüzen küre → bağ 2m, hedef noktada (sen↔hedef bağı, tik tik, uyumsuz silah). Etkiler: can→dost 28 [can_bagi]; hasar_paylasimi→dost 0.5 1.5sn [bag]";;;"yol=kure|sekil=bag|dogar=hedef_noktada|temas=tik|gecir=normal|bag || deger:can>dost[can_bagi] ; deger:hasar_paylasimi>dost[bag]"
2-7;İyileştirme;Bulandırıcı;Küre;hayir;Sis;"yüzen küre → bulut 2m, hedef noktada (sis hacmi, tik tik, uyumsuz silah). Etkiler: can→dost 28 [bulut_tik]; gizlen→dost 3.2sn [bulut_ici]; kor→düşman 0.3 3.2sn [bulut_ici]";;;"yol=kure|sekil=bulut|dogar=hedef_noktada|temas=tik|gecir=normal|bulut || deger:can>dost[bulut_tik] ; gorunurluk:gizlen>dost[bulut_ici] ; gorunurluk:kor>dusman[bulut_ici]"
2-8;İyileştirme;Yükselen;Küre;hayir;Yükselen;"yüzen küre → küre 2m, hedef noktada (yerden yükselir, gücü artar, uyumsuz silah). Etkiler: can→dost 28 [buyuyen]; hasar_buff→sen 0.1 3sn [yukselen]";;;"yol=kure|sekil=sphere|dogar=hedef_noktada|temas=tek|gecir=normal|dikey|rampa || deger:can>dost[buyuyen] ; deger:hasar_buff>kendin[yukselen]"
2-9;İyileştirme;Odaklı;Küre;hayir;Koruyucu tetik, Güdümlü;yüzen küre → küre 2m, hedef noktada (hedefe kilitli, tek hedef, uyumsuz silah). Etkiler: can→dost 32.2 [koruyucu_tetik];;;yol=kure|sekil=sphere|dogar=hedef_noktada|temas=tek|gecir=normal|gudum|tek_hedef || deger:can>dost[koruyucu_tetik]
2-10;İyileştirme;Aynalı;Küre;hayir;Ters kopya, Ayna eşli;"yüzen küre → küre 2m, hedef noktada (karşı noktada eşi, uyumsuz silah). Etkiler: can→dost 28; can→düşman -8.4 [ters_kopya]; yansit→sen 0.3 2sn [ayna_sifati]";;;"yol=kure|sekil=sphere|dogar=hedef_noktada|temas=tek|gecir=normal|ayna || deger:can>dost[] ; deger:can>dusman[ters_kopya] ; yon:yansit>kendin[ayna_sifati]"
2-11;İyileştirme;Kopya;Küre;hayir;Çift;yüzen küre → küre 2m, hedef noktada (2 kez (kopya), uyumsuz silah). Etkiler: can→dost 28 [iki_kez];;;yol=kure|sekil=sphere|dogar=hedef_noktada|temas=tek|gecir=normal|cogul || deger:can>dost[iki_kez]
2-12;İyileştirme;Akan;Küre;hayir;Akış;yüzen küre → küre 2m, hedef noktada (sürekli akar, tik tik, uyumsuz silah). Etkiler: can→dost 19.6 3sn [akis];;;yol=kure|sekil=sphere|dogar=hedef_noktada|temas=tik|gecir=normal|surekli || deger:can>dost[akis]
3-1;Hareket;Yoğun;Küre;evet;Faz geçişi;yüzen küre → çizgi 1.7m, sende (tek hedef). Etkiler: kendini_tasi→sen 3.53 [faz,yol:kureye_isinlanma];;;yol=kure|sekil=line|dogar=sende|temas=tek|gecir=normal|tek_hedef || konum:kendini_tasi>kendin[faz,yol:kureye_isinlanma]
3-2;Hareket;Emici;Küre;evet;Hedefi sana çekme, Girdap;"yüzen küre → çizgi 3m, sende (içine çeker). Etkiler: cek→düşman 3.53 [sana_dogru,yol:kureye_isinlanma]; mermi_sil→düşman mermisi [yut]";;;"yol=kure|sekil=line|dogar=sende|temas=tek|gecir=normal|cekim || konum:cek>dusman[sana_dogru,yol:kureye_isinlanma] ; varlik:mermi_sil>dusman_nesnesi[yut]"
3-3;Hareket;Sıçrayan;Küre;evet;Sekmeli zıplama, Seken;yüzen küre → çizgi 3.3m, sende (2 kez seker). Etkiler: kendini_tasi→sen 3.53 [sekmeli,yol:kureye_isinlanma];;;yol=kure|sekil=line|dogar=sende|temas=tek|gecir=normal|seker || konum:kendini_tasi>kendin[sekmeli,yol:kureye_isinlanma]
3-4;Hareket;Sabit;Küre;evet;İşaretle-geri dön;yüzen küre → çizgi 3m, sende (yerinde çapalı). Etkiler: isaret_geri_don→sen 3.53 2.2sn [geri_donus,yol:kureye_isinlanma];;;yol=kure|sekil=line|dogar=sende|temas=tek|gecir=normal|capali || konum:isaret_geri_don>kendin[geri_donus,yol:kureye_isinlanma]
3-5;Hareket;Yayılan;Küre;evet;İniş şok dalgası, Dalga;"yüzen küre → çizgi 5.4m, sende (dışa büyür, cephe geçerken). Etkiler: kendini_tasi→sen 3.53 [inis_dalgasi,yol:kureye_isinlanma]; it→düşman [dalga]";;;"yol=kure|sekil=line|dogar=sende|temas=cephe|gecir=normal|genisler || konum:it>dusman[dalga] ; konum:kendini_tasi>kendin[inis_dalgasi,yol:kureye_isinlanma]"
3-6;Hareket;Bağlayıcı;Küre;evet;Yer değiştirme, Bağ;"yüzen küre → bağ 3m, sende (sen↔hedef bağı, tik tik). Etkiler: yer_degistir→düşman 3.53 [iki_uc,yol:kureye_isinlanma]; hareket→düşman 1.5sn [bag_ucu]; hareket→düşman 0.7 1.5sn [bag_ucu,yavas]";;;"yol=kure|sekil=bag|dogar=sende|temas=tik|gecir=normal|bag || hiz:hareket>dusman[bag_ucu,yavas] ; hiz:hareket>dusman[bag_ucu] ; konum:yer_degistir>dusman[iki_uc,yol:kureye_isinlanma]"
3-7;Hareket;Bulandırıcı;Küre;evet;Görünmez geçiş, Sis;"yüzen küre → bulut 3m, sende (sis hacmi, tik tik). Etkiler: kendini_tasi→sen 3.53 [gorunmez_gecis,yol:kureye_isinlanma]; gizlen→dost 3.2sn [bulut_ici]; kor→düşman 0.3 3.2sn [bulut_ici]";;;"yol=kure|sekil=bulut|dogar=sende|temas=tik|gecir=normal|bulut || gorunurluk:gizlen>dost[bulut_ici] ; gorunurluk:kor>dusman[bulut_ici] ; konum:kendini_tasi>kendin[gorunmez_gecis,yol:kureye_isinlanma]"
3-8;Hareket;Yükselen;Küre;evet;Sıçrayıp çakılma, Yükselen;"yüzen küre → çizgi 3m, sende (yerden yükselir, gücü artar). Etkiler: kendini_tasi→sen 3.53 [sicrayip_cakil,yol:kureye_isinlanma]; hasar_buff→sen 0.1 3sn [yukselen]";;;"yol=kure|sekil=line|dogar=sende|temas=tek|gecir=normal|dikey|rampa || deger:hasar_buff>kendin[yukselen] ; konum:kendini_tasi>kendin[sicrayip_cakil,yol:kureye_isinlanma]"
3-9;Hareket;Odaklı;Küre;evet;Arkaya ışınlanma, Güdümlü;yüzen küre → çizgi 3m, sende (hedefe kilitli, tek hedef). Etkiler: hedefin_arkasina→sen 3.53 [isinlanma,yol:kureye_isinlanma];;;yol=kure|sekil=line|dogar=sende|temas=tek|gecir=normal|gudum|tek_hedef || konum:hedefin_arkasina>kendin[isinlanma,yol:kureye_isinlanma]
3-10;Hareket;Aynalı;Küre;evet;Portal, Ayna eşli;"yüzen küre → çizgi 3m, sende (karşı noktada eşi). Etkiler: portal→sen 3.53 4sn [portal_cifti,yol:kureye_isinlanma]; yansit→sen 0.3 2sn [ayna_sifati]";;;"yol=kure|sekil=line|dogar=sende|temas=tek|gecir=normal|ayna || konum:portal>kendin[portal_cifti,yol:kureye_isinlanma] ; yon:yansit>kendin[ayna_sifati]"
3-11;Hareket;Kopya;Küre;evet;Yem kopya, Çift;"yüzen küre → çizgi 3m, sende (2 kez (kopya)). Etkiler: kendini_tasi→sen 3.53 [ardinda_kopya,yol:kureye_isinlanma]; yem_kopya→sen 1 2sn [dikkat_ceker]";;;"yol=kure|sekil=line|dogar=sende|temas=tek|gecir=normal|cogul || konum:kendini_tasi>kendin[ardinda_kopya,yol:kureye_isinlanma] ; varlik:yem_kopya>kendin[dikkat_ceker]"
3-12;Hareket;Akan;Küre;evet;Süzülme, Akış;yüzen küre → çizgi 3m, sende (sürekli akar, tik tik). Etkiler: kendini_tasi→sen 3.53 3sn [suzulme,yol:kureye_isinlanma];;;yol=kure|sekil=line|dogar=sende|temas=tik|gecir=normal|surekli || konum:kendini_tasi>kendin[suzulme,yol:kureye_isinlanma]
4-1;Savunma;Yoğun;Küre;evet;Taşma;yüzen küre → küre 0.8m, hedef noktada (katı, tek hedef). Etkiler: kalkan→dost 67.5 [tasar];;;yol=kure|sekil=sphere|dogar=hedef_noktada|temas=tek|gecir=kati|tek_hedef || deger:kalkan>dost[tasar]
4-2;Savunma;Emici;Küre;evet;Emme/çalma;"yüzen küre → küre 1.5m, hedef noktada (katı). Etkiler: can→düşman -47.5 [emme]; kalkan→sen 47.5 [aktarim]; mermi_sil→düşman mermisi [yut]";;;"yol=kure|sekil=sphere|dogar=hedef_noktada|temas=tek|gecir=kati || deger:can>dusman[emme] ; deger:kalkan>kendin[aktarim] ; varlik:mermi_sil>dusman_nesnesi[yut]"
4-3;Savunma;Sıçrayan;Küre;evet;Seken;yüzen küre → küre 1.7m, hedef noktada (katı, 2 kez seker). Etkiler: kalkan→dost 50 [dosttan_dosta];;;yol=kure|sekil=sphere|dogar=hedef_noktada|temas=tek|gecir=kati|seker || deger:kalkan>dost[dosttan_dosta]
4-4;Savunma;Sabit;Küre;evet;Duvar, Totem;yüzen küre → küre 1.5m, hedef noktada (yerinde çapalı, katı, tik tik). Etkiler: kalkan→dost 50 [totem];;;yol=kure|sekil=sphere|dogar=hedef_noktada|temas=tik|gecir=kati|capali || deger:kalkan>dost[totem]
4-5;Savunma;Yayılan;Küre;evet;Dalga;yüzen küre → küre 2.7m, hedef noktada (katı, dışa büyür, cephe geçerken). Etkiler: kalkan→dost 42.5 [alan];;;yol=kure|sekil=sphere|dogar=hedef_noktada|temas=cephe|gecir=kati|genisler || deger:kalkan>dost[alan]
4-6;Savunma;Bağlayıcı;Küre;evet;Can bağı, Bağ;"yüzen küre → bağ 1.5m, hedef noktada (katı, sen↔hedef bağı, tik tik). Etkiler: kalkan→dost 50 [can_bagi]; hasar_paylasimi→dost 0.5 1.5sn [bag]";;;"yol=kure|sekil=bag|dogar=hedef_noktada|temas=tik|gecir=kati|bag || deger:hasar_paylasimi>dost[bag] ; deger:kalkan>dost[can_bagi]"
4-7;Savunma;Bulandırıcı;Küre;evet;Sis;"yüzen küre → bulut 1.5m, hedef noktada (katı, sis hacmi, tik tik). Etkiler: kalkan→dost 50 [bulut_tik]; gizlen→dost 3.5sn [bulut_ici]; kor→düşman 0.3 3.5sn [bulut_ici]";;;"yol=kure|sekil=bulut|dogar=hedef_noktada|temas=tik|gecir=kati|bulut || deger:kalkan>dost[bulut_tik] ; gorunurluk:gizlen>dost[bulut_ici] ; gorunurluk:kor>dusman[bulut_ici]"
4-8;Savunma;Yükselen;Küre;evet;Yükselen;"yüzen küre → küre 1.5m, hedef noktada (katı, yerden yükselir, gücü artar). Etkiler: kalkan→dost 50 [buyuyen]; hasar_buff→sen 0.1 3sn [yukselen]";;;"yol=kure|sekil=sphere|dogar=hedef_noktada|temas=tek|gecir=kati|dikey|rampa || deger:hasar_buff>kendin[yukselen] ; deger:kalkan>dost[buyuyen]"
4-9;Savunma;Odaklı;Küre;evet;Koruyucu tetik, Güdümlü;yüzen küre → küre 1.5m, hedef noktada (katı, hedefe kilitli, tek hedef). Etkiler: kalkan→dost 57.5 [koruyucu_tetik];;;yol=kure|sekil=sphere|dogar=hedef_noktada|temas=tek|gecir=kati|gudum|tek_hedef || deger:kalkan>dost[koruyucu_tetik]
4-10;Savunma;Aynalı;Küre;evet;Ters kopya, Ayna eşli;"yüzen küre → küre 1.5m, hedef noktada (katı, karşı noktada eşi). Etkiler: kalkan→dost 50; can→düşman -15 [ters_kopya]; yansit→sen 0.3 2sn [ayna_sifati]";;;"yol=kure|sekil=sphere|dogar=hedef_noktada|temas=tek|gecir=kati|ayna || deger:can>dusman[ters_kopya] ; deger:kalkan>dost[] ; yon:yansit>kendin[ayna_sifati]"
4-11;Savunma;Kopya;Küre;evet;Çift;yüzen küre → küre 1.5m, hedef noktada (katı, 2 kez (kopya)). Etkiler: kalkan→dost 50 [iki_kez];;;yol=kure|sekil=sphere|dogar=hedef_noktada|temas=tek|gecir=kati|cogul || deger:kalkan>dost[iki_kez]
4-12;Savunma;Akan;Küre;evet;Akış;yüzen küre → küre 1.5m, hedef noktada (katı, sürekli akar, tik tik). Etkiler: kalkan→dost 35 3sn [akis];;;yol=kure|sekil=sphere|dogar=hedef_noktada|temas=tik|gecir=kati|surekli || deger:kalkan>dost[akis]
5-1;Patlama;Yoğun;Küre;hayir;Delici;"yüzen küre → küre 1.7m, hedef noktada (delip geçer, uyumsuz silah). Etkiler: can→düşman -30.24; it→düşman [sert]";;;"yol=kure|sekil=sphere|dogar=hedef_noktada|temas=tek|gecir=delici || deger:can>dusman[] ; konum:it>dusman[sert]"
5-2;Patlama;Emici;Küre;hayir;İçe çöküş, Girdap;"yüzen küre → küre 3m, hedef noktada (içine çeker, uyumsuz silah). Etkiler: can→düşman -21.28; cek→düşman [merkeze]; can→sen 6.38 [aktarim]; mermi_sil→düşman mermisi [yut]";;;"yol=kure|sekil=sphere|dogar=hedef_noktada|temas=tek|gecir=normal|cekim || deger:can>dusman[] ; deger:can>kendin[aktarim] ; konum:cek>dusman[merkeze] ; varlik:mermi_sil>dusman_nesnesi[yut]"
5-3;Patlama;Sıçrayan;Küre;hayir;Seken;"yüzen küre → küre 3.3m, hedef noktada (2 kez seker, uyumsuz silah). Etkiler: can→düşman -22.4 [seker]; it→düşman [seker]";;;"yol=kure|sekil=sphere|dogar=hedef_noktada|temas=tek|gecir=normal|seker || deger:can>dusman[seker] ; konum:it>dusman[seker]"
5-4;Patlama;Sabit;Küre;hayir;Tuzak;"yüzen küre → küre 3m, hedef noktada (yerinde çapalı, içine girene, uyumsuz silah). Etkiler: can→düşman -22.4 [tuzak]; it→düşman [tuzak]";;;"yol=kure|sekil=sphere|dogar=hedef_noktada|temas=giris|gecir=normal|capali || deger:can>dusman[tuzak] ; konum:it>dusman[tuzak]"
5-5;Patlama;Yayılan;Küre;hayir;Dalga;"yüzen küre → küre 5.4m, hedef noktada (dışa büyür, cephe geçerken, uyumsuz silah). Etkiler: can→düşman -19.04 [alan]; it→düşman [dalga]";;;"yol=kure|sekil=sphere|dogar=hedef_noktada|temas=cephe|gecir=normal|genisler || deger:can>dusman[alan] ; konum:it>dusman[dalga]"
5-6;Patlama;Bağlayıcı;Küre;hayir;Bağla çekme, Bağ;"yüzen küre → bağ 3m, hedef noktada (sen↔hedef bağı, tik tik, uyumsuz silah). Etkiler: can→düşman -22.4 [bag_akisi]; cek→düşman [bag_boyunca]; hareket→düşman 1.5sn [bag_ucu]; hareket→düşman 0.7 1.5sn [bag_ucu,yavas]";;;"yol=kure|sekil=bag|dogar=hedef_noktada|temas=tik|gecir=normal|bag || deger:can>dusman[bag_akisi] ; hiz:hareket>dusman[bag_ucu,yavas] ; hiz:hareket>dusman[bag_ucu] ; konum:cek>dusman[bag_boyunca]"
5-7;Patlama;Bulandırıcı;Küre;hayir;Sis;"yüzen küre → bulut 3m, hedef noktada (sis hacmi, tik tik, uyumsuz silah). Etkiler: can→düşman -22.4 [bulut_tik]; it→düşman [sis_patlamasi]; gizlen→dost 3.2sn [bulut_ici]; kor→düşman 0.3 3.2sn [bulut_ici]";;;"yol=kure|sekil=bulut|dogar=hedef_noktada|temas=tik|gecir=normal|bulut || deger:can>dusman[bulut_tik] ; gorunurluk:gizlen>dost[bulut_ici] ; gorunurluk:kor>dusman[bulut_ici] ; konum:it>dusman[sis_patlamasi]"
5-8;Patlama;Yükselen;Küre;hayir;Havaya atma, Yükselen;"yüzen küre → küre 3m, hedef noktada (yerden yükselir, gücü artar, uyumsuz silah). Etkiler: can→düşman -22.4 [havaya_at]; it→düşman [yukari_firlat]; hareket→düşman 0.8sn [havada]; hasar_buff→sen 0.1 3sn [yukselen]";;;"yol=kure|sekil=sphere|dogar=hedef_noktada|temas=tek|gecir=normal|dikey|rampa || deger:can>dusman[havaya_at] ; deger:hasar_buff>kendin[yukselen] ; hiz:hareket>dusman[havada] ; konum:it>dusman[yukari_firlat]"
5-9;Patlama;Odaklı;Küre;hayir;Güdümlü;"yüzen küre → küre 3m, hedef noktada (hedefe kilitli, tek hedef, uyumsuz silah). Etkiler: can→düşman -25.76 [iskalamaz,zirh_yoksay]; it→düşman [tek_hedef]";;;"yol=kure|sekil=sphere|dogar=hedef_noktada|temas=tek|gecir=normal|gudum|tek_hedef || deger:can>dusman[iskalamaz,zirh_yoksay] ; konum:it>dusman[tek_hedef]"
5-10;Patlama;Aynalı;Küre;hayir;Kıskaç, Ayna eşli;"yüzen küre → küre 3m, hedef noktada (karşı noktada eşi, uyumsuz silah). Etkiler: can→düşman -22.4 [kiskac]; it→düşman [iki_uctan]; yansit→sen 0.3 2sn [ayna_sifati]";;;"yol=kure|sekil=sphere|dogar=hedef_noktada|temas=tek|gecir=normal|ayna || deger:can>dusman[kiskac] ; konum:it>dusman[iki_uctan] ; yon:yansit>kendin[ayna_sifati]"
5-11;Patlama;Kopya;Küre;hayir;Çift;"yüzen küre → küre 3m, hedef noktada (2 kez (kopya), uyumsuz silah). Etkiler: can→düşman -22.4 [iki_kez]; it→düşman [iki_kez]";;;"yol=kure|sekil=sphere|dogar=hedef_noktada|temas=tek|gecir=normal|cogul || deger:can>dusman[iki_kez] ; konum:it>dusman[iki_kez]"
5-12;Patlama;Akan;Küre;hayir;Akıntı, Akış;"yüzen küre → küre 3m, hedef noktada (sürekli akar, tik tik, uyumsuz silah). Etkiler: can→düşman -15.68 3sn [akis]; it→düşman [akinti]";;;"yol=kure|sekil=sphere|dogar=hedef_noktada|temas=tik|gecir=normal|surekli || deger:can>dusman[akis] ; konum:it>dusman[akinti]"
6-1;Kontrol;Yoğun;Küre;hayir;Delici;"yüzen küre → koni 2.2m, hedef noktada (delip geçer, uyumsuz silah). Etkiler: hareket→düşman 0.8sn [sert]; can→düşman -8.64";;;"yol=kure|sekil=cone|dogar=hedef_noktada|temas=tek|gecir=delici || deger:can>dusman[] ; hiz:hareket>dusman[sert]"
6-2;Kontrol;Emici;Küre;hayir;Hedefi sana çekme, Girdap;"yüzen küre → koni 4m, hedef noktada (içine çeker, uyumsuz silah). Etkiler: hareket→düşman 1.5sn; can→düşman -6.08; cek→düşman [sana_dogru]; can→sen 1.82 [aktarim]; mermi_sil→düşman mermisi [yut]";;;"yol=kure|sekil=cone|dogar=hedef_noktada|temas=tek|gecir=normal|cekim || deger:can>dusman[] ; deger:can>kendin[aktarim] ; hiz:hareket>dusman[] ; konum:cek>dusman[sana_dogru] ; varlik:mermi_sil>dusman_nesnesi[yut]"
6-3;Kontrol;Sıçrayan;Küre;hayir;Seken;"yüzen küre → koni 4.4m, hedef noktada (2 kez seker, uyumsuz silah). Etkiler: hareket→düşman 1.5sn [seker]; can→düşman -6.4 [seker]";;;"yol=kure|sekil=cone|dogar=hedef_noktada|temas=tek|gecir=normal|seker || deger:can>dusman[seker] ; hiz:hareket>dusman[seker]"
6-4;Kontrol;Sabit;Küre;hayir;Tuzak;"yüzen küre → koni 4m, hedef noktada (yerinde çapalı, içine girene, uyumsuz silah). Etkiler: hareket→düşman 3.5sn [uzun]; can→düşman -6.4 [tuzak]";;;"yol=kure|sekil=cone|dogar=hedef_noktada|temas=giris|gecir=normal|capali || deger:can>dusman[tuzak] ; hiz:hareket>dusman[uzun]"
6-5;Kontrol;Yayılan;Küre;hayir;Dalga;"yüzen küre → koni 7.2m, hedef noktada (dışa büyür, cephe geçerken, uyumsuz silah). Etkiler: hareket→düşman 1.5sn [dalga]; can→düşman -5.44 [alan]";;;"yol=kure|sekil=cone|dogar=hedef_noktada|temas=cephe|gecir=normal|genisler || deger:can>dusman[alan] ; hiz:hareket>dusman[dalga]"
6-6;Kontrol;Bağlayıcı;Küre;hayir;Tasma, Bağ;"yüzen küre → bağ 4m, hedef noktada (sen↔hedef bağı, tik tik, uyumsuz silah). Etkiler: hareket→düşman 1.5sn [tasma]; can→düşman -6.4 [bag_akisi]; hareket→düşman 1.5sn [bag_ucu]; hareket→düşman 0.7 1.5sn [bag_ucu,yavas]";;;"yol=kure|sekil=bag|dogar=hedef_noktada|temas=tik|gecir=normal|bag || deger:can>dusman[bag_akisi] ; hiz:hareket>dusman[bag_ucu,yavas] ; hiz:hareket>dusman[bag_ucu] ; hiz:hareket>dusman[tasma]"
6-7;Kontrol;Bulandırıcı;Küre;hayir;Sis;"yüzen küre → bulut 4m, hedef noktada (sis hacmi, tik tik, uyumsuz silah). Etkiler: hareket→düşman 1.5sn [bulut_tik]; can→düşman -6.4 [bulut_tik]; gizlen→dost 3.2sn [bulut_ici]; kor→düşman 0.3 3.2sn [bulut_ici]";;;"yol=kure|sekil=bulut|dogar=hedef_noktada|temas=tik|gecir=normal|bulut || deger:can>dusman[bulut_tik] ; gorunurluk:gizlen>dost[bulut_ici] ; gorunurluk:kor>dusman[bulut_ici] ; hiz:hareket>dusman[bulut_tik]"
6-8;Kontrol;Yükselen;Küre;hayir;Havaya atma, Yükselen;"yüzen küre → koni 4m, hedef noktada (yerden yükselir, gücü artar, uyumsuz silah). Etkiler: hareket→düşman 1.5sn [havaya_at]; can→düşman -6.4 [havaya_at]; hasar_buff→sen 0.1 3sn [yukselen]";;;"yol=kure|sekil=cone|dogar=hedef_noktada|temas=tek|gecir=normal|dikey|rampa || deger:can>dusman[havaya_at] ; deger:hasar_buff>kendin[yukselen] ; hiz:hareket>dusman[havaya_at]"
6-9;Kontrol;Odaklı;Küre;hayir;Gecikmeli an, Güdümlü;"yüzen küre → koni 4m, hedef noktada (hedefe kilitli, tek hedef, uyumsuz silah). Etkiler: hareket→düşman 1.5sn [isaretli_an]; can→düşman -7.36 [iskalamaz,zirh_yoksay]";;;"yol=kure|sekil=cone|dogar=hedef_noktada|temas=tek|gecir=normal|gudum|tek_hedef || deger:can>dusman[iskalamaz,zirh_yoksay] ; hiz:hareket>dusman[isaretli_an]"
6-10;Kontrol;Aynalı;Küre;hayir;Kıskaç, Ters kontrol, Ayna eşli;"yüzen küre → koni 4m, hedef noktada (karşı noktada eşi, uyumsuz silah). Etkiler: hareket→düşman 1.5sn [ters_kontrol]; can→düşman -6.4 [kiskac]; yansit→sen 0.3 2sn [ayna_sifati]";;;"yol=kure|sekil=cone|dogar=hedef_noktada|temas=tek|gecir=normal|ayna || deger:can>dusman[kiskac] ; hiz:hareket>dusman[ters_kontrol] ; yon:yansit>kendin[ayna_sifati]"
6-11;Kontrol;Kopya;Küre;hayir;Çift;"yüzen küre → koni 4m, hedef noktada (2 kez (kopya), uyumsuz silah). Etkiler: hareket→düşman 1.5sn [iki_kez]; can→düşman -6.4 [iki_kez]";;;"yol=kure|sekil=cone|dogar=hedef_noktada|temas=tek|gecir=normal|cogul || deger:can>dusman[iki_kez] ; hiz:hareket>dusman[iki_kez]"
6-12;Kontrol;Akan;Küre;hayir;Bataklık, Akış;"yüzen küre → koni 4m, hedef noktada (sürekli akar, tik tik, uyumsuz silah). Etkiler: hareket→düşman 3sn [bataklik]; can→düşman -4.48 3sn [akis]";;;"yol=kure|sekil=cone|dogar=hedef_noktada|temas=tik|gecir=normal|surekli || deger:can>dusman[akis] ; hiz:hareket>dusman[bataklik]"
7-1;Zayıflatma;Yoğun;Küre;hayir;Delici;"yüzen küre → kapsül 1.7m, hedef noktada (delip geçer, uyumsuz silah). Etkiler: zirh→düşman -0.22 2sn; can→düşman -5.4";;;"yol=kure|sekil=capsule|dogar=hedef_noktada|temas=tek|gecir=delici || deger:can>dusman[] ; deger:zirh>dusman[]"
7-2;Zayıflatma;Emici;Küre;hayir;Girdap;"yüzen küre → kapsül 3m, hedef noktada (içine çeker, uyumsuz silah). Etkiler: zirh→düşman -0.15 4sn; can→düşman -3.8; zirh→sen 0.05 4sn [aktarim]; can→sen 1.14 [aktarim]; mermi_sil→düşman mermisi [yut]";;;"yol=kure|sekil=capsule|dogar=hedef_noktada|temas=tek|gecir=normal|cekim || deger:can>dusman[] ; deger:can>kendin[aktarim] ; deger:zirh>dusman[] ; deger:zirh>kendin[aktarim] ; varlik:mermi_sil>dusman_nesnesi[yut]"
7-3;Zayıflatma;Sıçrayan;Küre;hayir;Seken;"yüzen küre → kapsül 3.3m, hedef noktada (2 kez seker, uyumsuz silah). Etkiler: zirh→düşman -0.16 4sn [seker]; can→düşman -4 [seker]";;;"yol=kure|sekil=capsule|dogar=hedef_noktada|temas=tek|gecir=normal|seker || deger:can>dusman[seker] ; deger:zirh>dusman[seker]"
7-4;Zayıflatma;Sabit;Küre;hayir;Tuzak;"yüzen küre → kapsül 3m, hedef noktada (yerinde çapalı, içine girene, uyumsuz silah). Etkiler: zirh→düşman -0.16 4sn [tuzak]; can→düşman -4 [tuzak]";;;"yol=kure|sekil=capsule|dogar=hedef_noktada|temas=giris|gecir=normal|capali || deger:can>dusman[tuzak] ; deger:zirh>dusman[tuzak]"
7-5;Zayıflatma;Yayılan;Küre;hayir;Dalga;"yüzen küre → kapsül 5.4m, hedef noktada (dışa büyür, cephe geçerken, uyumsuz silah). Etkiler: zirh→düşman -0.14 4sn [alan]; can→düşman -3.4 [alan]";;;"yol=kure|sekil=capsule|dogar=hedef_noktada|temas=cephe|gecir=normal|genisler || deger:can>dusman[alan] ; deger:zirh>dusman[alan]"
7-6;Zayıflatma;Bağlayıcı;Küre;hayir;Bağ;"yüzen küre → bağ 3m, hedef noktada (sen↔hedef bağı, tik tik, uyumsuz silah). Etkiler: zirh→düşman -0.16 4sn [bag_akisi]; can→düşman -4 [bag_akisi]; hareket→düşman 1.5sn [bag_ucu]; hareket→düşman 0.7 1.5sn [bag_ucu,yavas]";;;"yol=kure|sekil=bag|dogar=hedef_noktada|temas=tik|gecir=normal|bag || deger:can>dusman[bag_akisi] ; deger:zirh>dusman[bag_akisi] ; hiz:hareket>dusman[bag_ucu,yavas] ; hiz:hareket>dusman[bag_ucu]"
7-7;Zayıflatma;Bulandırıcı;Küre;hayir;Sis;"yüzen küre → bulut 3m, hedef noktada (sis hacmi, tik tik, uyumsuz silah). Etkiler: zirh→düşman -0.16 4sn [bulut_tik]; can→düşman -4 [bulut_tik]; gizlen→dost 3.2sn [bulut_ici]; kor→düşman 0.3 3.2sn [bulut_ici]";;;"yol=kure|sekil=bulut|dogar=hedef_noktada|temas=tik|gecir=normal|bulut || deger:can>dusman[bulut_tik] ; deger:zirh>dusman[bulut_tik] ; gorunurluk:gizlen>dost[bulut_ici] ; gorunurluk:kor>dusman[bulut_ici]"
7-8;Zayıflatma;Yükselen;Küre;hayir;Havaya atma, Yükselen;"yüzen küre → kapsül 3m, hedef noktada (yerden yükselir, gücü artar, uyumsuz silah). Etkiler: zirh→düşman -0.16 4sn [havaya_at]; can→düşman -4 [havaya_at]; hareket→düşman 0.8sn [havada]; hasar_buff→sen 0.1 3sn [yukselen]";;;"yol=kure|sekil=capsule|dogar=hedef_noktada|temas=tek|gecir=normal|dikey|rampa || deger:can>dusman[havaya_at] ; deger:hasar_buff>kendin[yukselen] ; deger:zirh>dusman[havaya_at] ; hiz:hareket>dusman[havada]"
7-9;Zayıflatma;Odaklı;Küre;hayir;Gecikmeli an, Güdümlü;"yüzen küre → kapsül 3m, hedef noktada (hedefe kilitli, tek hedef, uyumsuz silah). Etkiler: zirh→düşman -0.18 4sn [isaretli_an]; can→düşman -4.6 [iskalamaz,zirh_yoksay]";;;"yol=kure|sekil=capsule|dogar=hedef_noktada|temas=tek|gecir=normal|gudum|tek_hedef || deger:can>dusman[iskalamaz,zirh_yoksay] ; deger:zirh>dusman[isaretli_an]"
7-10;Zayıflatma;Aynalı;Küre;hayir;Kıskaç, Ayna eşli;"yüzen küre → kapsül 3m, hedef noktada (karşı noktada eşi, uyumsuz silah). Etkiler: zirh→düşman -0.16 4sn [kiskac]; can→düşman -4 [kiskac]; yansit→sen 0.3 2sn [ayna_sifati]";;;"yol=kure|sekil=capsule|dogar=hedef_noktada|temas=tek|gecir=normal|ayna || deger:can>dusman[kiskac] ; deger:zirh>dusman[kiskac] ; yon:yansit>kendin[ayna_sifati]"
7-11;Zayıflatma;Kopya;Küre;hayir;Çift;"yüzen küre → kapsül 3m, hedef noktada (2 kez (kopya), uyumsuz silah). Etkiler: zirh→düşman -0.16 4sn [iki_kez]; can→düşman -4 [iki_kez]";;;"yol=kure|sekil=capsule|dogar=hedef_noktada|temas=tek|gecir=normal|cogul || deger:can>dusman[iki_kez] ; deger:zirh>dusman[iki_kez]"
7-12;Zayıflatma;Akan;Küre;hayir;Akış;"yüzen küre → kapsül 3m, hedef noktada (sürekli akar, tik tik, uyumsuz silah). Etkiler: zirh→düşman -0.11 3sn [akis]; can→düşman -2.8 3sn [akis]";;;"yol=kure|sekil=capsule|dogar=hedef_noktada|temas=tik|gecir=normal|surekli || deger:can>dusman[akis] ; deger:zirh>dusman[akis]"
8-1;Güçlendirme;Yoğun;Küre;hayir;Taşma;yüzen küre → küre 1.1m, hedef noktada (tek hedef, uyumsuz silah). Etkiler: hasar_buff→dost 0.22 1.5sn [tasar];;;yol=kure|sekil=sphere|dogar=hedef_noktada|temas=tek|gecir=normal|tek_hedef || deger:hasar_buff>dost[tasar]
8-2;Güçlendirme;Emici;Küre;hayir;Emme/çalma;"yüzen küre → küre 2m, hedef noktada (uyumsuz silah). Etkiler: hasar_buff→düşman -0.15 3sn [emme]; hasar_buff→sen 0.15 3sn [aktarim]; mermi_sil→düşman mermisi [yut]";;;"yol=kure|sekil=sphere|dogar=hedef_noktada|temas=tek|gecir=normal || deger:hasar_buff>dusman[emme] ; deger:hasar_buff>kendin[aktarim] ; varlik:mermi_sil>dusman_nesnesi[yut]"
8-3;Güçlendirme;Sıçrayan;Küre;hayir;Seken;yüzen küre → küre 2.2m, hedef noktada (2 kez seker, uyumsuz silah). Etkiler: hasar_buff→dost 0.16 3sn [dosttan_dosta];;;yol=kure|sekil=sphere|dogar=hedef_noktada|temas=tek|gecir=normal|seker || deger:hasar_buff>dost[dosttan_dosta]
8-4;Güçlendirme;Sabit;Küre;hayir;Totem;yüzen küre → küre 2m, hedef noktada (yerinde çapalı, tik tik, uyumsuz silah). Etkiler: hasar_buff→dost 0.16 3sn [totem];;;yol=kure|sekil=sphere|dogar=hedef_noktada|temas=tik|gecir=normal|capali || deger:hasar_buff>dost[totem]
8-5;Güçlendirme;Yayılan;Küre;hayir;Dalga;yüzen küre → küre 3.6m, hedef noktada (dışa büyür, cephe geçerken, uyumsuz silah). Etkiler: hasar_buff→dost 0.14 3sn [alan];;;yol=kure|sekil=sphere|dogar=hedef_noktada|temas=cephe|gecir=normal|genisler || deger:hasar_buff>dost[alan]
8-6;Güçlendirme;Bağlayıcı;Küre;hayir;Can bağı, Bağ;"yüzen küre → bağ 2m, hedef noktada (sen↔hedef bağı, tik tik, uyumsuz silah). Etkiler: hasar_buff→dost 0.16 3sn [can_bagi]; hasar_paylasimi→dost 0.5 1.5sn [bag]";;;"yol=kure|sekil=bag|dogar=hedef_noktada|temas=tik|gecir=normal|bag || deger:hasar_buff>dost[can_bagi] ; deger:hasar_paylasimi>dost[bag]"
8-7;Güçlendirme;Bulandırıcı;Küre;hayir;Sis;"yüzen küre → bulut 2m, hedef noktada (sis hacmi, tik tik, uyumsuz silah). Etkiler: hasar_buff→dost 0.16 3sn [bulut_tik]; gizlen→dost 3.2sn [bulut_ici]; kor→düşman 0.3 3.2sn [bulut_ici]";;;"yol=kure|sekil=bulut|dogar=hedef_noktada|temas=tik|gecir=normal|bulut || deger:hasar_buff>dost[bulut_tik] ; gorunurluk:gizlen>dost[bulut_ici] ; gorunurluk:kor>dusman[bulut_ici]"
8-8;Güçlendirme;Yükselen;Küre;hayir;Yükselen;"yüzen küre → küre 2m, hedef noktada (yerden yükselir, gücü artar, uyumsuz silah). Etkiler: hasar_buff→dost 0.16 3sn [buyuyen]; hasar_buff→sen 0.1 3sn [yukselen]";;;"yol=kure|sekil=sphere|dogar=hedef_noktada|temas=tek|gecir=normal|dikey|rampa || deger:hasar_buff>dost[buyuyen] ; deger:hasar_buff>kendin[yukselen]"
8-9;Güçlendirme;Odaklı;Küre;hayir;Koruyucu tetik, Güdümlü;yüzen küre → küre 2m, hedef noktada (hedefe kilitli, tek hedef, uyumsuz silah). Etkiler: hasar_buff→dost 0.18 3sn [koruyucu_tetik];;;yol=kure|sekil=sphere|dogar=hedef_noktada|temas=tek|gecir=normal|gudum|tek_hedef || deger:hasar_buff>dost[koruyucu_tetik]
8-10;Güçlendirme;Aynalı;Küre;hayir;Ters kopya, Ayna eşli;"yüzen küre → küre 2m, hedef noktada (karşı noktada eşi, uyumsuz silah). Etkiler: hasar_buff→dost 0.16 3sn; hasar_buff→düşman -0.05 3sn [ters_kopya]; yansit→sen 0.3 2sn [ayna_sifati]";;;"yol=kure|sekil=sphere|dogar=hedef_noktada|temas=tek|gecir=normal|ayna || deger:hasar_buff>dost[] ; deger:hasar_buff>dusman[ters_kopya] ; yon:yansit>kendin[ayna_sifati]"
8-11;Güçlendirme;Kopya;Küre;hayir;Çift;yüzen küre → küre 2m, hedef noktada (2 kez (kopya), uyumsuz silah). Etkiler: hasar_buff→dost 0.16 3sn [iki_kez];;;yol=kure|sekil=sphere|dogar=hedef_noktada|temas=tek|gecir=normal|cogul || deger:hasar_buff>dost[iki_kez]
8-12;Güçlendirme;Akan;Küre;hayir;Akış;yüzen küre → küre 2m, hedef noktada (sürekli akar, tik tik, uyumsuz silah). Etkiler: hasar_buff→dost 0.11 3sn [akis];;;yol=kure|sekil=sphere|dogar=hedef_noktada|temas=tik|gecir=normal|surekli || deger:hasar_buff>dost[akis]
9-1;Arındırma;Yoğun;Küre;hayir;Sert;"yüzen küre → küre 1.4m, hedef noktada (tek hedef, uyumsuz silah). Etkiler: durum_sil→dost 1 [guclu]; mermi_sil→düşman mermisi [delici]";;;"yol=kure|sekil=sphere|dogar=hedef_noktada|temas=tek|gecir=normal|tek_hedef || varlik:durum_sil>dost[guclu] ; varlik:mermi_sil>dusman_nesnesi[delici]"
9-2;Arındırma;Emici;Küre;hayir;Durum aktarma;"yüzen küre → küre 2.5m, hedef noktada (uyumsuz silah). Etkiler: durum_aktar→dost 1; mermi_sil→düşman mermisi [yut]; durum_ekle→düşman 1 [aktarim]";;;"yol=kure|sekil=sphere|dogar=hedef_noktada|temas=tek|gecir=normal || varlik:durum_aktar>dost[] ; varlik:durum_ekle>dusman[aktarim] ; varlik:mermi_sil>dusman_nesnesi[yut]"
9-3;Arındırma;Sıçrayan;Küre;hayir;Seken;"yüzen küre → küre 2.8m, hedef noktada (2 kez seker, uyumsuz silah). Etkiler: durum_sil→dost 1 [dosttan_dosta]; mermi_sil→düşman mermisi [seker]";;;"yol=kure|sekil=sphere|dogar=hedef_noktada|temas=tek|gecir=normal|seker || varlik:durum_sil>dost[dosttan_dosta] ; varlik:mermi_sil>dusman_nesnesi[seker]"
9-4;Arındırma;Sabit;Küre;hayir;Mermi kesen engel, Arınma alanı;"yüzen küre → küre 2.5m, hedef noktada (yerinde çapalı, uyumsuz silah). Etkiler: durum_sil→dost 1 [arinma_alani]; mermi_sil→düşman mermisi [engel]";;;"yol=kure|sekil=sphere|dogar=hedef_noktada|temas=tek|gecir=normal|capali || varlik:durum_sil>dost[arinma_alani] ; varlik:mermi_sil>dusman_nesnesi[engel]"
9-5;Arındırma;Yayılan;Küre;hayir;Dalga;"yüzen küre → küre 4.5m, hedef noktada (dışa büyür, cephe geçerken, uyumsuz silah). Etkiler: durum_sil→dost 1 [alan]; mermi_sil→düşman mermisi [alan]";;;"yol=kure|sekil=sphere|dogar=hedef_noktada|temas=cephe|gecir=normal|genisler || varlik:durum_sil>dost[alan] ; varlik:mermi_sil>dusman_nesnesi[alan]"
9-6;Arındırma;Bağlayıcı;Küre;hayir;Bağışıklık bağı, Bağ;"yüzen küre → bağ 2.5m, hedef noktada (sen↔hedef bağı, tik tik, uyumsuz silah). Etkiler: durum_sil→dost 1 [bag_bagisiklik]; mermi_sil→düşman mermisi [bag_hatti]";;;"yol=kure|sekil=bag|dogar=hedef_noktada|temas=tik|gecir=normal|bag || varlik:durum_sil>dost[bag_bagisiklik] ; varlik:mermi_sil>dusman_nesnesi[bag_hatti]"
9-7;Arındırma;Bulandırıcı;Küre;hayir;Sis;"yüzen küre → bulut 2.5m, hedef noktada (sis hacmi, tik tik, uyumsuz silah). Etkiler: durum_sil→dost 1 [gizli]; mermi_sil→düşman mermisi [sis_perdesi]; gizlen→dost 3.2sn [bulut_ici]; kor→düşman 0.3 3.2sn [bulut_ici]";;;"yol=kure|sekil=bulut|dogar=hedef_noktada|temas=tik|gecir=normal|bulut || gorunurluk:gizlen>dost[bulut_ici] ; gorunurluk:kor>dusman[bulut_ici] ; varlik:durum_sil>dost[gizli] ; varlik:mermi_sil>dusman_nesnesi[sis_perdesi]"
9-8;Arındırma;Yükselen;Küre;hayir;Arınıp güçlenme, Yükselen;"yüzen küre → küre 2.5m, hedef noktada (yerden yükselir, gücü artar, uyumsuz silah). Etkiler: durum_sil→dost 1 [guce_cevir]; mermi_sil→düşman mermisi [yukselen_perde]; hasar_buff→sen 0.1 3sn [yukselen]";;;"yol=kure|sekil=sphere|dogar=hedef_noktada|temas=tek|gecir=normal|dikey|rampa || deger:hasar_buff>kendin[yukselen] ; varlik:durum_sil>dost[guce_cevir] ; varlik:mermi_sil>dusman_nesnesi[yukselen_perde]"
9-9;Arındırma;Odaklı;Küre;hayir;Tam arındırma, Güdümlü;"yüzen küre → küre 2.5m, hedef noktada (hedefe kilitli, tek hedef, uyumsuz silah). Etkiler: durum_sil→dost 99 [tumunu_sil]; mermi_sil→düşman mermisi [hedefli]";;;"yol=kure|sekil=sphere|dogar=hedef_noktada|temas=tek|gecir=normal|gudum|tek_hedef || varlik:durum_sil>dost[tumunu_sil] ; varlik:mermi_sil>dusman_nesnesi[hedefli]"
9-10;Arındırma;Aynalı;Küre;hayir;Buff silme, Mermi geri gönderme, Ayna eşli;"yüzen küre → küre 2.5m, hedef noktada (karşı noktada eşi, uyumsuz silah). Etkiler: iyi_durum_sil→düşman 1 [ters_hedef]; mermi_sil→düşman mermisi [geri_gonder]; yansit→sen 0.3 2sn [ayna_sifati]";;;"yol=kure|sekil=sphere|dogar=hedef_noktada|temas=tek|gecir=normal|ayna || varlik:iyi_durum_sil>dusman[ters_hedef] ; varlik:mermi_sil>dusman_nesnesi[geri_gonder] ; yon:yansit>kendin[ayna_sifati]"
9-11;Arındırma;Kopya;Küre;hayir;Çift;"yüzen küre → küre 2.5m, hedef noktada (2 kez (kopya), uyumsuz silah). Etkiler: durum_sil→dost 1 [iki_kez]; mermi_sil→düşman mermisi [iki_kez]";;;"yol=kure|sekil=sphere|dogar=hedef_noktada|temas=tek|gecir=normal|cogul || varlik:durum_sil>dost[iki_kez] ; varlik:mermi_sil>dusman_nesnesi[iki_kez]"
9-12;Arındırma;Akan;Küre;hayir;Akış;"yüzen küre → küre 2.5m, hedef noktada (sürekli akar, tik tik, uyumsuz silah). Etkiler: durum_sil→dost 1 [aura]; mermi_sil→düşman mermisi [surekli_perde]";;;"yol=kure|sekil=sphere|dogar=hedef_noktada|temas=tik|gecir=normal|surekli || varlik:durum_sil>dost[aura] ; varlik:mermi_sil>dusman_nesnesi[surekli_perde]"
10-1;Yansıma;Yoğun;Küre;evet;Uzak yansıtıcı;yüzen küre → küre 0.8m, hedef noktada (tek hedef). Etkiler: yansit→gövdenin olduğu yer 0.68 1sn [dunyada,sert,silahla:kure];;;yol=kure|sekil=sphere|dogar=hedef_noktada|temas=tek|gecir=normal|tek_hedef || yon:yansit>alan[dunyada,sert,silahla:kure]
10-2;Yansıma;Emici;Küre;evet;Uzak yansıtıcı, Hasar emme;"yüzen küre → küre 1.5m, hedef noktada. Etkiler: yansit→gövdenin olduğu yer 0.5 2sn [dunyada,silahla:kure]; em→sen 0.5 2sn [cana_cevir]; mermi_sil→düşman mermisi [yut]";;;"yol=kure|sekil=sphere|dogar=hedef_noktada|temas=tek|gecir=normal || deger:em>kendin[cana_cevir] ; varlik:mermi_sil>dusman_nesnesi[yut] ; yon:yansit>alan[dunyada,silahla:kure]"
10-3;Yansıma;Sıçrayan;Küre;evet;Uzak yansıtıcı, Seken;yüzen küre → küre 1.7m, hedef noktada (2 kez seker). Etkiler: yansit→gövdenin olduğu yer 0.5 2sn [dunyada,seker,silahla:kure];;;yol=kure|sekil=sphere|dogar=hedef_noktada|temas=tek|gecir=normal|seker || yon:yansit>alan[dunyada,seker,silahla:kure]
10-4;Yansıma;Sabit;Küre;evet;Ayna yüzey, Uzak yansıtıcı;yüzen küre → küre 1.5m, hedef noktada (yerinde çapalı). Etkiler: yansit→gövdenin olduğu yer 0.5 2sn [ayna_yuzey,dunyada,silahla:kure];;;yol=kure|sekil=sphere|dogar=hedef_noktada|temas=tek|gecir=normal|capali || yon:yansit>alan[ayna_yuzey,dunyada,silahla:kure]
10-5;Yansıma;Yayılan;Küre;evet;Uzak yansıtıcı, Dalga;yüzen küre → küre 2.7m, hedef noktada (dışa büyür, cephe geçerken). Etkiler: yansit→gövdenin olduğu yer 0.5 2sn [aura,dunyada,silahla:kure];;;yol=kure|sekil=sphere|dogar=hedef_noktada|temas=cephe|gecir=normal|genisler || yon:yansit>alan[aura,dunyada,silahla:kure]
10-6;Yansıma;Bağlayıcı;Küre;evet;Uzak yansıtıcı, Hasar yönlendirme, Bağ;"yüzen küre → bağ 1.5m, hedef noktada (sen↔hedef bağı, tik tik). Etkiler: yonlendir→düşman 0.5 2sn [bag,dunyada,silahla:kure]; hareket→düşman 1.5sn [bag_ucu]; hareket→düşman 0.7 2sn [bag_ucu,yavas]";;;"yol=kure|sekil=bag|dogar=hedef_noktada|temas=tik|gecir=normal|bag || hiz:hareket>dusman[bag_ucu,yavas] ; hiz:hareket>dusman[bag_ucu] ; yon:yonlendir>dusman[bag,dunyada,silahla:kure]"
10-7;Yansıma;Bulandırıcı;Küre;evet;Sis, Uzak yansıtıcı;"yüzen küre → bulut 1.5m, hedef noktada (sis hacmi, tik tik). Etkiler: yansit→gövdenin olduğu yer 0.5 2sn [dunyada,gizli,silahla:kure]; gizlen→dost 5sn [bulut_ici]; kor→düşman 0.3 5sn [bulut_ici]";;;"yol=kure|sekil=bulut|dogar=hedef_noktada|temas=tik|gecir=normal|bulut || gorunurluk:gizlen>dost[bulut_ici] ; gorunurluk:kor>dusman[bulut_ici] ; yon:yansit>alan[dunyada,gizli,silahla:kure]"
10-8;Yansıma;Yükselen;Küre;evet;Uzak yansıtıcı, Yükselen;"yüzen küre → küre 1.5m, hedef noktada (yerden yükselir, gücü artar). Etkiler: yansit→gövdenin olduğu yer 0.5 2sn [artan_oran,dunyada,silahla:kure]; hasar_buff→sen 0.1 3sn [yukselen]";;;"yol=kure|sekil=sphere|dogar=hedef_noktada|temas=tek|gecir=normal|dikey|rampa || deger:hasar_buff>kendin[yukselen] ; yon:yansit>alan[artan_oran,dunyada,silahla:kure]"
10-9;Yansıma;Odaklı;Küre;evet;Uzak yansıtıcı, Kusursuz savuşturma, Güdümlü;yüzen küre → küre 1.5m, hedef noktada (hedefe kilitli, tek hedef). Etkiler: yansit→gövdenin olduğu yer 1 2sn [dunyada,savusturma,silahla:kure];;;yol=kure|sekil=sphere|dogar=hedef_noktada|temas=tek|gecir=normal|gudum|tek_hedef || yon:yansit>alan[dunyada,savusturma,silahla:kure]
10-10;Yansıma;Aynalı;Küre;evet;Uzak yansıtıcı, Bölünen yansıma, Ayna eşli;"yüzen küre → küre 1.5m, hedef noktada (karşı noktada eşi). Etkiler: yansit→gövdenin olduğu yer 0.5 2sn [bolunen,dunyada,silahla:kure]; yansit→sen 0.3 2sn [ayna_sifati]";;;"yol=kure|sekil=sphere|dogar=hedef_noktada|temas=tek|gecir=normal|ayna || yon:yansit>alan[bolunen,dunyada,silahla:kure] ; yon:yansit>kendin[ayna_sifati]"
10-11;Yansıma;Kopya;Küre;evet;Uzak yansıtıcı, Çift;yüzen küre → küre 1.5m, hedef noktada (2 kez (kopya)). Etkiler: yansit→gövdenin olduğu yer 0.5 2sn [dunyada,iki_kez,silahla:kure];;;yol=kure|sekil=sphere|dogar=hedef_noktada|temas=tek|gecir=normal|cogul || yon:yansit>alan[dunyada,iki_kez,silahla:kure]
10-12;Yansıma;Akan;Küre;evet;Uzak yansıtıcı, Akış;yüzen küre → küre 1.5m, hedef noktada (sürekli akar, tik tik). Etkiler: yansit→gövdenin olduğu yer 0.5 3sn [dunyada,silahla:kure,surekli];;;yol=kure|sekil=sphere|dogar=hedef_noktada|temas=tik|gecir=normal|surekli || yon:yansit>alan[dunyada,silahla:kure,surekli]
11-1;Çağırma;Yoğun;Küre;evet;Sert;yüzen küre → nokta 0.6m, hedef noktada (tek hedef). Etkiler: aktor_yarat→sen 1 2.5sn [guclu,silahla:kure];;;yol=kure|sekil=point|dogar=hedef_noktada|temas=tek|gecir=normal|tek_hedef || varlik:aktor_yarat>kendin[guclu,silahla:kure]
11-2;Çağırma;Emici;Küre;evet;Can emen minyon;"yüzen küre → nokta 1m, hedef noktada. Etkiler: aktor_yarat→sen 1 5sn [can_emen,silahla:kure]; mermi_sil→düşman mermisi [yut]";;;"yol=kure|sekil=point|dogar=hedef_noktada|temas=tek|gecir=normal || varlik:aktor_yarat>kendin[can_emen,silahla:kure] ; varlik:mermi_sil>dusman_nesnesi[yut]"
11-3;Çağırma;Sıçrayan;Küre;evet;Zıplayan minyon, Seken;yüzen küre → nokta 1.1m, hedef noktada (2 kez seker). Etkiler: aktor_yarat→sen 1 5sn [silahla:kure,ziplayan];;;yol=kure|sekil=point|dogar=hedef_noktada|temas=tek|gecir=normal|seker || varlik:aktor_yarat>kendin[silahla:kure,ziplayan]
11-4;Çağırma;Sabit;Küre;evet;Taret;yüzen küre → nokta 1m, hedef noktada (yerinde çapalı). Etkiler: aktor_yarat→sen 1 5sn [silahla:kure,taret];;;yol=kure|sekil=point|dogar=hedef_noktada|temas=tek|gecir=normal|capali || varlik:aktor_yarat>kendin[silahla:kure,taret]
11-5;Çağırma;Yayılan;Küre;evet;Minyon halkası, Dalga;yüzen küre → nokta 1.8m, hedef noktada (dışa büyür, cephe geçerken). Etkiler: aktor_yarat→sen 3 5sn [halka,silahla:kure];;;yol=kure|sekil=point|dogar=hedef_noktada|temas=cephe|gecir=normal|genisler || varlik:aktor_yarat>kendin[halka,silahla:kure]
11-6;Çağırma;Bağlayıcı;Küre;evet;Muhafız, Bağ;yüzen küre → bağ 1m, hedef noktada (sen↔hedef bağı, tik tik). Etkiler: aktor_yarat→sen 1 5sn [bagli_muhafiz,silahla:kure];;;yol=kure|sekil=bag|dogar=hedef_noktada|temas=tik|gecir=normal|bag || varlik:aktor_yarat>kendin[bagli_muhafiz,silahla:kure]
11-7;Çağırma;Bulandırıcı;Küre;evet;Görünmez minyon, Sis;"yüzen küre → bulut 1m, hedef noktada (sis hacmi, tik tik). Etkiler: aktor_yarat→sen 1 5sn [gorunmez,silahla:kure]; gizlen→dost 3.2sn [bulut_ici]; kor→düşman 0.3 3.2sn [bulut_ici]";;;"yol=kure|sekil=bulut|dogar=hedef_noktada|temas=tik|gecir=normal|bulut || gorunurluk:gizlen>dost[bulut_ici] ; gorunurluk:kor>dusman[bulut_ici] ; varlik:aktor_yarat>kendin[gorunmez,silahla:kure]"
11-8;Çağırma;Yükselen;Küre;evet;Yükselen;"yüzen küre → nokta 1m, hedef noktada (yerden yükselir, gücü artar). Etkiler: aktor_yarat→sen 1 5sn [buyuyen,silahla:kure]; hasar_buff→sen 0.1 3sn [yukselen]";;;"yol=kure|sekil=point|dogar=hedef_noktada|temas=tek|gecir=normal|dikey|rampa || deger:hasar_buff>kendin[yukselen] ; varlik:aktor_yarat>kendin[buyuyen,silahla:kure]"
11-9;Çağırma;Odaklı;Küre;evet;Suikastçı minyon, Güdümlü;yüzen küre → nokta 1m, hedef noktada (hedefe kilitli, tek hedef). Etkiler: aktor_yarat→sen 1 5sn [silahla:kure,suikastci];;;yol=kure|sekil=point|dogar=hedef_noktada|temas=tek|gecir=normal|gudum|tek_hedef || varlik:aktor_yarat>kendin[silahla:kure,suikastci]
11-10;Çağırma;Aynalı;Küre;evet;Ayna klon, Ayna eşli;"yüzen küre → nokta 1m, hedef noktada (karşı noktada eşi). Etkiler: aktor_yarat→sen 1 5sn [ayna_klon,silahla:kure]; yansit→sen 0.3 2sn [ayna_sifati]";;;"yol=kure|sekil=point|dogar=hedef_noktada|temas=tek|gecir=normal|ayna || varlik:aktor_yarat>kendin[ayna_klon,silahla:kure] ; yon:yansit>kendin[ayna_sifati]"
11-11;Çağırma;Kopya;Küre;evet;Klon, Çift;yüzen küre → nokta 1m, hedef noktada (2 kez (kopya)). Etkiler: klon→sen 1 5sn [senin_kopyan,silahla:kure];;;yol=kure|sekil=point|dogar=hedef_noktada|temas=tek|gecir=normal|cogul || varlik:klon>kendin[senin_kopyan,silahla:kure]
11-12;Çağırma;Akan;Küre;evet;Akış;yüzen küre → nokta 1m, hedef noktada (sürekli akar, tik tik). Etkiler: aktor_yarat→sen 3 5sn [akis,silahla:kure];;;yol=kure|sekil=point|dogar=hedef_noktada|temas=tik|gecir=normal|surekli || varlik:aktor_yarat>kendin[akis,silahla:kure]
12-1;Zaman;Yoğun;Küre;hayir;Delici;yüzen küre → silindir 2.2m, hedef noktada (delip geçer, uyumsuz silah). Etkiler: tempo→düşman 0.3 0.5sn [sert];;;yol=kure|sekil=cylinder|dogar=hedef_noktada|temas=tek|gecir=delici || hiz:tempo>dusman[sert]
12-2;Zaman;Emici;Küre;hayir;Zaman çalma;"yüzen küre → silindir 4m, hedef noktada (uyumsuz silah). Etkiler: tempo→düşman 0.7 1sn; tempo→sen 1.3 1sn [aktarim]; mermi_sil→düşman mermisi [yut]";;;"yol=kure|sekil=cylinder|dogar=hedef_noktada|temas=tek|gecir=normal || hiz:tempo>dusman[] ; hiz:tempo>kendin[aktarim] ; varlik:mermi_sil>dusman_nesnesi[yut]"
12-3;Zaman;Sıçrayan;Küre;hayir;Seken;yüzen küre → silindir 4.4m, hedef noktada (2 kez seker, uyumsuz silah). Etkiler: tempo→düşman 0.7 1sn [seker];;;yol=kure|sekil=cylinder|dogar=hedef_noktada|temas=tek|gecir=normal|seker || hiz:tempo>dusman[seker]
12-4;Zaman;Sabit;Küre;hayir;Dondurma;yüzen küre → silindir 4m, hedef noktada (yerinde çapalı, uyumsuz silah). Etkiler: tempo→düşman 1sn [dondur];;;yol=kure|sekil=cylinder|dogar=hedef_noktada|temas=tek|gecir=normal|capali || hiz:tempo>dusman[dondur]
12-5;Zaman;Yayılan;Küre;hayir;Dalga;yüzen küre → silindir 7.2m, hedef noktada (dışa büyür, cephe geçerken, uyumsuz silah). Etkiler: tempo→düşman 0.7 1sn [dalga];;;yol=kure|sekil=cylinder|dogar=hedef_noktada|temas=cephe|gecir=normal|genisler || hiz:tempo>dusman[dalga]
12-6;Zaman;Bağlayıcı;Küre;hayir;Zaman senkronu, Bağ;"yüzen küre → bağ 4m, hedef noktada (sen↔hedef bağı, tik tik, uyumsuz silah). Etkiler: tempo→düşman 0.7 1sn [senkron]; hareket→düşman 1.5sn [bag_ucu]; hareket→düşman 0.7 1.5sn [bag_ucu,yavas]";;;"yol=kure|sekil=bag|dogar=hedef_noktada|temas=tik|gecir=normal|bag || hiz:hareket>dusman[bag_ucu,yavas] ; hiz:hareket>dusman[bag_ucu] ; hiz:tempo>dusman[senkron]"
12-7;Zaman;Bulandırıcı;Küre;hayir;Titreyen zaman, Sis;"yüzen küre → bulut 4m, hedef noktada (sis hacmi, tik tik, uyumsuz silah). Etkiler: tempo→düşman 0.7 1sn [titrer]; gizlen→dost 4sn [bulut_ici]; kor→düşman 0.3 4sn [bulut_ici]";;;"yol=kure|sekil=bulut|dogar=hedef_noktada|temas=tik|gecir=normal|bulut || gorunurluk:gizlen>dost[bulut_ici] ; gorunurluk:kor>dusman[bulut_ici] ; hiz:tempo>dusman[titrer]"
12-8;Zaman;Yükselen;Küre;hayir;Hızlanma, Yükselen;"yüzen küre → silindir 4m, hedef noktada (yerden yükselir, gücü artar, uyumsuz silah). Etkiler: tempo→sen 1.3 1sn [hizlanma]; hasar_buff→sen 0.1 3sn [yukselen]";;;"yol=kure|sekil=cylinder|dogar=hedef_noktada|temas=tek|gecir=normal|dikey|rampa || deger:hasar_buff>kendin[yukselen] ; hiz:tempo>kendin[hizlanma]"
12-9;Zaman;Odaklı;Küre;hayir;Gecikmeli an, Güdümlü;yüzen küre → silindir 4m, hedef noktada (hedefe kilitli, tek hedef, uyumsuz silah). Etkiler: tempo→düşman 0.7 1sn [isaretli_an];;;yol=kure|sekil=cylinder|dogar=hedef_noktada|temas=tek|gecir=normal|gudum|tek_hedef || hiz:tempo>dusman[isaretli_an]
12-10;Zaman;Aynalı;Küre;hayir;Geri sarma, Ayna eşli;"yüzen küre → silindir 4m, hedef noktada (karşı noktada eşi, uyumsuz silah). Etkiler: geri_sar→düşman 2 1sn [geri_sarma]; yansit→sen 0.3 2sn [ayna_sifati]";;;"yol=kure|sekil=cylinder|dogar=hedef_noktada|temas=tek|gecir=normal|ayna || hiz:geri_sar>dusman[geri_sarma] ; yon:yansit>kendin[ayna_sifati]"
12-11;Zaman;Kopya;Küre;hayir;Yankı, Çift;"yüzen küre → silindir 4m, hedef noktada (2 kez (kopya), uyumsuz silah). Etkiler: tempo→düşman 0.7 1sn [iki_kez]; onceki_skill_tekrar→sen 1 [yanki]";;;"yol=kure|sekil=cylinder|dogar=hedef_noktada|temas=tek|gecir=normal|cogul || hiz:tempo>dusman[iki_kez] ; varlik:onceki_skill_tekrar>kendin[yanki]"
12-12;Zaman;Akan;Küre;hayir;Zaman alanı, Akış;"yüzen küre → silindir 4m, hedef noktada (sürekli akar, tik tik, uyumsuz silah). Etkiler: tempo→düşman 0.7 3sn [zaman_alani]; tempo→dost 1.3 3sn [zaman_alani]";;;"yol=kure|sekil=cylinder|dogar=hedef_noktada|temas=tik|gecir=normal|surekli || hiz:tempo>dost[zaman_alani] ; hiz:tempo>dusman[zaman_alani]"
1-1;Saldırı;Yoğun;Çekiç;evet;Sersemletme, Delici;"yere vuruş → kapsül 0.8m, hedef noktada (delip geçer, yerden yükselir). Etkiler: can→düşman -81; hareket→düşman 0.3sn [sersem,sert]";;;"yol=yere_vurus|sekil=capsule|dogar=hedef_noktada|temas=tek|gecir=delici|dikey || deger:can>dusman[] ; hiz:hareket>dusman[sersem,sert]"
1-2;Saldırı;Emici;Çekiç;evet;Hedefi sana çekme, Girdap, Sersemletme;"yere vuruş → kapsül 1.5m, hedef noktada (yerden yükselir, içine çeker). Etkiler: can→düşman -57; hareket→düşman 0.5sn [sersem]; can→sen 17.1 [aktarim]; cek→düşman [sana_dogru]; mermi_sil→düşman mermisi [yut]";;;"yol=yere_vurus|sekil=capsule|dogar=hedef_noktada|temas=tek|gecir=normal|dikey|cekim || deger:can>dusman[] ; deger:can>kendin[aktarim] ; hiz:hareket>dusman[sersem] ; konum:cek>dusman[sana_dogru] ; varlik:mermi_sil>dusman_nesnesi[yut]"
1-3;Saldırı;Sıçrayan;Çekiç;evet;Sersemletme, Seken;"yere vuruş → kapsül 1.7m, hedef noktada (yerden yükselir, 2 kez seker). Etkiler: can→düşman -60 [seker]; hareket→düşman 0.5sn [seker,sersem]";;;"yol=yere_vurus|sekil=capsule|dogar=hedef_noktada|temas=tek|gecir=normal|seker|dikey || deger:can>dusman[seker] ; hiz:hareket>dusman[seker,sersem]"
1-4;Saldırı;Sabit;Çekiç;evet;Tuzak, Sersemletme;"yere vuruş → kapsül 1.5m, hedef noktada (yerinde çapalı, yerden yükselir, içine girene). Etkiler: can→düşman -60 [tuzak]; hareket→düşman 2.5sn [sersem,uzun]";;;"yol=yere_vurus|sekil=capsule|dogar=hedef_noktada|temas=giris|gecir=normal|capali|dikey || deger:can>dusman[tuzak] ; hiz:hareket>dusman[sersem,uzun]"
1-5;Saldırı;Yayılan;Çekiç;evet;Sersemletme, Dalga;"yere vuruş → kapsül 2.7m, hedef noktada (dışa büyür, yerden yükselir, cephe geçerken). Etkiler: can→düşman -51 [alan]; hareket→düşman 0.5sn [dalga,sersem]";;;"yol=yere_vurus|sekil=capsule|dogar=hedef_noktada|temas=cephe|gecir=normal|genisler|dikey || deger:can>dusman[alan] ; hiz:hareket>dusman[dalga,sersem]"
1-6;Saldırı;Bağlayıcı;Çekiç;evet;Tasma, Sersemletme, Bağ;"yere vuruş → bağ 1.5m, hedef noktada (sen↔hedef bağı, yerden yükselir, tik tik). Etkiler: can→düşman -60 [bag_akisi]; hareket→düşman 0.5sn [sersem,tasma]; hareket→düşman 1.5sn [bag_ucu]; hareket→düşman 0.7 1.5sn [bag_ucu,yavas]";;;"yol=yere_vurus|sekil=bag|dogar=hedef_noktada|temas=tik|gecir=normal|bag|dikey || deger:can>dusman[bag_akisi] ; hiz:hareket>dusman[bag_ucu,yavas] ; hiz:hareket>dusman[bag_ucu] ; hiz:hareket>dusman[sersem,tasma]"
1-7;Saldırı;Bulandırıcı;Çekiç;evet;Sis, Sersemletme;"yere vuruş → bulut 1.5m, hedef noktada (sis hacmi, yerden yükselir, tik tik). Etkiler: can→düşman -60 [bulut_tik]; hareket→düşman 0.5sn [bulut_tik,sersem]; gizlen→dost 3.2sn [bulut_ici]; kor→düşman 0.3 3.2sn [bulut_ici]";;;"yol=yere_vurus|sekil=bulut|dogar=hedef_noktada|temas=tik|gecir=normal|bulut|dikey || deger:can>dusman[bulut_tik] ; gorunurluk:gizlen>dost[bulut_ici] ; gorunurluk:kor>dusman[bulut_ici] ; hiz:hareket>dusman[bulut_tik,sersem]"
1-8;Saldırı;Yükselen;Çekiç;evet;Havaya atma, Sersemletme, Yükselen;"yere vuruş → kapsül 1.5m, hedef noktada (yerden yükselir, gücü artar). Etkiler: can→düşman -60 [havaya_at]; hareket→düşman 0.5sn [havaya_at,sersem]; hasar_buff→sen 0.1 3sn [yukselen]";;;"yol=yere_vurus|sekil=capsule|dogar=hedef_noktada|temas=tek|gecir=normal|dikey|rampa || deger:can>dusman[havaya_at] ; deger:hasar_buff>kendin[yukselen] ; hiz:hareket>dusman[havaya_at,sersem]"
1-9;Saldırı;Odaklı;Çekiç;evet;Gecikmeli an, Sersemletme, Güdümlü;"yere vuruş → kapsül 1.5m, hedef noktada (yerden yükselir, hedefe kilitli, tek hedef). Etkiler: can→düşman -69 [iskalamaz,zirh_yoksay]; hareket→düşman 0.5sn [isaretli_an,sersem]";;;"yol=yere_vurus|sekil=capsule|dogar=hedef_noktada|temas=tek|gecir=normal|dikey|gudum|tek_hedef || deger:can>dusman[iskalamaz,zirh_yoksay] ; hiz:hareket>dusman[isaretli_an,sersem]"
1-10;Saldırı;Aynalı;Çekiç;evet;Kıskaç, Ters kontrol, Sersemletme, Ayna eşli;"yere vuruş → kapsül 1.5m, hedef noktada (yerden yükselir, karşı noktada eşi). Etkiler: can→düşman -60 [kiskac]; hareket→düşman 0.5sn [sersem,ters_kontrol]; yansit→sen 0.3 2sn [ayna_sifati]";;;"yol=yere_vurus|sekil=capsule|dogar=hedef_noktada|temas=tek|gecir=normal|dikey|ayna || deger:can>dusman[kiskac] ; hiz:hareket>dusman[sersem,ters_kontrol] ; yon:yansit>kendin[ayna_sifati]"
1-11;Saldırı;Kopya;Çekiç;evet;Sersemletme, Çift;"yere vuruş → kapsül 1.5m, hedef noktada (yerden yükselir, 2 kez (kopya)). Etkiler: can→düşman -60 [iki_kez]; hareket→düşman 0.5sn [iki_kez,sersem]";;;"yol=yere_vurus|sekil=capsule|dogar=hedef_noktada|temas=tek|gecir=normal|cogul|dikey || deger:can>dusman[iki_kez] ; hiz:hareket>dusman[iki_kez,sersem]"
1-12;Saldırı;Akan;Çekiç;evet;Bataklık, Sersemletme, Akış;"yere vuruş → kapsül 1.5m, hedef noktada (yerden yükselir, sürekli akar, tik tik). Etkiler: can→düşman -42 3sn [akis]; hareket→düşman 3sn [bataklik,sersem]";;;"yol=yere_vurus|sekil=capsule|dogar=hedef_noktada|temas=tik|gecir=normal|dikey|surekli || deger:can>dusman[akis] ; hiz:hareket>dusman[bataklik,sersem]"
2-1;İyileştirme;Yoğun;Çekiç;hayir;Taşma;yere vuruş → küre 1.1m, hedef noktada (yerden yükselir, tek hedef, uyumsuz silah). Etkiler: can→dost 37.8 [tasar];;;yol=yere_vurus|sekil=sphere|dogar=hedef_noktada|temas=tek|gecir=normal|dikey|tek_hedef || deger:can>dost[tasar]
2-2;İyileştirme;Emici;Çekiç;hayir;Emme/çalma;"yere vuruş → küre 2m, hedef noktada (yerden yükselir, uyumsuz silah). Etkiler: can→düşman -26.6 [emme]; can→sen 26.6 [aktarim]; mermi_sil→düşman mermisi [yut]";;;"yol=yere_vurus|sekil=sphere|dogar=hedef_noktada|temas=tek|gecir=normal|dikey || deger:can>dusman[emme] ; deger:can>kendin[aktarim] ; varlik:mermi_sil>dusman_nesnesi[yut]"
2-3;İyileştirme;Sıçrayan;Çekiç;hayir;Seken;yere vuruş → küre 2.2m, hedef noktada (yerden yükselir, 2 kez seker, uyumsuz silah). Etkiler: can→dost 28 [dosttan_dosta];;;yol=yere_vurus|sekil=sphere|dogar=hedef_noktada|temas=tek|gecir=normal|seker|dikey || deger:can>dost[dosttan_dosta]
2-4;İyileştirme;Sabit;Çekiç;hayir;Totem;yere vuruş → küre 2m, hedef noktada (yerinde çapalı, yerden yükselir, tik tik, uyumsuz silah). Etkiler: can→dost 28 [totem];;;yol=yere_vurus|sekil=sphere|dogar=hedef_noktada|temas=tik|gecir=normal|capali|dikey || deger:can>dost[totem]
2-5;İyileştirme;Yayılan;Çekiç;hayir;Dalga;yere vuruş → küre 3.6m, hedef noktada (dışa büyür, yerden yükselir, cephe geçerken, uyumsuz silah). Etkiler: can→dost 23.8 [alan];;;yol=yere_vurus|sekil=sphere|dogar=hedef_noktada|temas=cephe|gecir=normal|genisler|dikey || deger:can>dost[alan]
2-6;İyileştirme;Bağlayıcı;Çekiç;hayir;Can bağı, Bağ;"yere vuruş → bağ 2m, hedef noktada (sen↔hedef bağı, yerden yükselir, tik tik, uyumsuz silah). Etkiler: can→dost 28 [can_bagi]; hasar_paylasimi→dost 0.5 1.5sn [bag]";;;"yol=yere_vurus|sekil=bag|dogar=hedef_noktada|temas=tik|gecir=normal|bag|dikey || deger:can>dost[can_bagi] ; deger:hasar_paylasimi>dost[bag]"
2-7;İyileştirme;Bulandırıcı;Çekiç;hayir;Sis;"yere vuruş → bulut 2m, hedef noktada (sis hacmi, yerden yükselir, tik tik, uyumsuz silah). Etkiler: can→dost 28 [bulut_tik]; gizlen→dost 3.2sn [bulut_ici]; kor→düşman 0.3 3.2sn [bulut_ici]";;;"yol=yere_vurus|sekil=bulut|dogar=hedef_noktada|temas=tik|gecir=normal|bulut|dikey || deger:can>dost[bulut_tik] ; gorunurluk:gizlen>dost[bulut_ici] ; gorunurluk:kor>dusman[bulut_ici]"
2-8;İyileştirme;Yükselen;Çekiç;hayir;Yükselen;"yere vuruş → küre 2m, hedef noktada (yerden yükselir, gücü artar, uyumsuz silah). Etkiler: can→dost 28 [buyuyen]; hasar_buff→sen 0.1 3sn [yukselen]";;;"yol=yere_vurus|sekil=sphere|dogar=hedef_noktada|temas=tek|gecir=normal|dikey|rampa || deger:can>dost[buyuyen] ; deger:hasar_buff>kendin[yukselen]"
2-9;İyileştirme;Odaklı;Çekiç;hayir;Koruyucu tetik, Güdümlü;yere vuruş → küre 2m, hedef noktada (yerden yükselir, hedefe kilitli, tek hedef, uyumsuz silah). Etkiler: can→dost 32.2 [koruyucu_tetik];;;yol=yere_vurus|sekil=sphere|dogar=hedef_noktada|temas=tek|gecir=normal|dikey|gudum|tek_hedef || deger:can>dost[koruyucu_tetik]
2-10;İyileştirme;Aynalı;Çekiç;hayir;Ters kopya, Ayna eşli;"yere vuruş → küre 2m, hedef noktada (yerden yükselir, karşı noktada eşi, uyumsuz silah). Etkiler: can→dost 28; can→düşman -8.4 [ters_kopya]; yansit→sen 0.3 2sn [ayna_sifati]";;;"yol=yere_vurus|sekil=sphere|dogar=hedef_noktada|temas=tek|gecir=normal|dikey|ayna || deger:can>dost[] ; deger:can>dusman[ters_kopya] ; yon:yansit>kendin[ayna_sifati]"
2-11;İyileştirme;Kopya;Çekiç;hayir;Çift;yere vuruş → küre 2m, hedef noktada (yerden yükselir, 2 kez (kopya), uyumsuz silah). Etkiler: can→dost 28 [iki_kez];;;yol=yere_vurus|sekil=sphere|dogar=hedef_noktada|temas=tek|gecir=normal|cogul|dikey || deger:can>dost[iki_kez]
2-12;İyileştirme;Akan;Çekiç;hayir;Akış;yere vuruş → küre 2m, hedef noktada (yerden yükselir, sürekli akar, tik tik, uyumsuz silah). Etkiler: can→dost 19.6 3sn [akis];;;yol=yere_vurus|sekil=sphere|dogar=hedef_noktada|temas=tik|gecir=normal|dikey|surekli || deger:can>dost[akis]
3-1;Hareket;Yoğun;Çekiç;hayir;Sıçrayıp çakılma, Faz geçişi;yere vuruş → çizgi 1.7m, sende (yerden yükselir, tek hedef, uyumsuz silah). Etkiler: kendini_tasi→sen 3 [faz,yol:sicrayip_cakilma];;;yol=yere_vurus|sekil=line|dogar=sende|temas=tek|gecir=normal|dikey|tek_hedef || konum:kendini_tasi>kendin[faz,yol:sicrayip_cakilma]
3-2;Hareket;Emici;Çekiç;hayir;Hedefi sana çekme, Sıçrayıp çakılma, Girdap;"yere vuruş → çizgi 3m, sende (yerden yükselir, içine çeker, uyumsuz silah). Etkiler: cek→düşman 3 [sana_dogru,yol:sicrayip_cakilma]; mermi_sil→düşman mermisi [yut]";;;"yol=yere_vurus|sekil=line|dogar=sende|temas=tek|gecir=normal|dikey|cekim || konum:cek>dusman[sana_dogru,yol:sicrayip_cakilma] ; varlik:mermi_sil>dusman_nesnesi[yut]"
3-3;Hareket;Sıçrayan;Çekiç;hayir;Sıçrayıp çakılma, Sekmeli zıplama, Seken;yere vuruş → çizgi 3.3m, sende (yerden yükselir, 2 kez seker, uyumsuz silah). Etkiler: kendini_tasi→sen 3 [sekmeli,yol:sicrayip_cakilma];;;yol=yere_vurus|sekil=line|dogar=sende|temas=tek|gecir=normal|seker|dikey || konum:kendini_tasi>kendin[sekmeli,yol:sicrayip_cakilma]
3-4;Hareket;Sabit;Çekiç;hayir;İşaretle-geri dön, Sıçrayıp çakılma;yere vuruş → çizgi 3m, sende (yerinde çapalı, yerden yükselir, uyumsuz silah). Etkiler: isaret_geri_don→sen 3 2.2sn [geri_donus,yol:sicrayip_cakilma];;;yol=yere_vurus|sekil=line|dogar=sende|temas=tek|gecir=normal|capali|dikey || konum:isaret_geri_don>kendin[geri_donus,yol:sicrayip_cakilma]
3-5;Hareket;Yayılan;Çekiç;hayir;Sıçrayıp çakılma, İniş şok dalgası, Dalga;"yere vuruş → çizgi 5.4m, sende (dışa büyür, yerden yükselir, cephe geçerken, uyumsuz silah). Etkiler: kendini_tasi→sen 3 [inis_dalgasi,yol:sicrayip_cakilma]; it→düşman [dalga]";;;"yol=yere_vurus|sekil=line|dogar=sende|temas=cephe|gecir=normal|genisler|dikey || konum:it>dusman[dalga] ; konum:kendini_tasi>kendin[inis_dalgasi,yol:sicrayip_cakilma]"
3-6;Hareket;Bağlayıcı;Çekiç;hayir;Yer değiştirme, Sıçrayıp çakılma, Bağ;"yere vuruş → bağ 3m, sende (sen↔hedef bağı, yerden yükselir, tik tik, uyumsuz silah). Etkiler: yer_degistir→düşman 3 [iki_uc,yol:sicrayip_cakilma]; hareket→düşman 1.5sn [bag_ucu]; hareket→düşman 0.7 1.5sn [bag_ucu,yavas]";;;"yol=yere_vurus|sekil=bag|dogar=sende|temas=tik|gecir=normal|bag|dikey || hiz:hareket>dusman[bag_ucu,yavas] ; hiz:hareket>dusman[bag_ucu] ; konum:yer_degistir>dusman[iki_uc,yol:sicrayip_cakilma]"
3-7;Hareket;Bulandırıcı;Çekiç;hayir;Görünmez geçiş, Sıçrayıp çakılma, Sis;"yere vuruş → bulut 3m, sende (sis hacmi, yerden yükselir, tik tik, uyumsuz silah). Etkiler: kendini_tasi→sen 3 [gorunmez_gecis,yol:sicrayip_cakilma]; gizlen→dost 3.2sn [bulut_ici]; kor→düşman 0.3 3.2sn [bulut_ici]";;;"yol=yere_vurus|sekil=bulut|dogar=sende|temas=tik|gecir=normal|bulut|dikey || gorunurluk:gizlen>dost[bulut_ici] ; gorunurluk:kor>dusman[bulut_ici] ; konum:kendini_tasi>kendin[gorunmez_gecis,yol:sicrayip_cakilma]"
3-8;Hareket;Yükselen;Çekiç;hayir;Sıçrayıp çakılma, Yükselen;"yere vuruş → çizgi 3m, sende (yerden yükselir, gücü artar, uyumsuz silah). Etkiler: kendini_tasi→sen 3 [sicrayip_cakil,yol:sicrayip_cakilma]; hasar_buff→sen 0.1 3sn [yukselen]";;;"yol=yere_vurus|sekil=line|dogar=sende|temas=tek|gecir=normal|dikey|rampa || deger:hasar_buff>kendin[yukselen] ; konum:kendini_tasi>kendin[sicrayip_cakil,yol:sicrayip_cakilma]"
3-9;Hareket;Odaklı;Çekiç;hayir;Arkaya ışınlanma, Sıçrayıp çakılma, Güdümlü;yere vuruş → çizgi 3m, sende (yerden yükselir, hedefe kilitli, tek hedef, uyumsuz silah). Etkiler: hedefin_arkasina→sen 3 [isinlanma,yol:sicrayip_cakilma];;;yol=yere_vurus|sekil=line|dogar=sende|temas=tek|gecir=normal|dikey|gudum|tek_hedef || konum:hedefin_arkasina>kendin[isinlanma,yol:sicrayip_cakilma]
3-10;Hareket;Aynalı;Çekiç;hayir;Portal, Sıçrayıp çakılma, Ayna eşli;"yere vuruş → çizgi 3m, sende (yerden yükselir, karşı noktada eşi, uyumsuz silah). Etkiler: portal→sen 3 4sn [portal_cifti,yol:sicrayip_cakilma]; yansit→sen 0.3 2sn [ayna_sifati]";;;"yol=yere_vurus|sekil=line|dogar=sende|temas=tek|gecir=normal|dikey|ayna || konum:portal>kendin[portal_cifti,yol:sicrayip_cakilma] ; yon:yansit>kendin[ayna_sifati]"
3-11;Hareket;Kopya;Çekiç;hayir;Sıçrayıp çakılma, Yem kopya, Çift;"yere vuruş → çizgi 3m, sende (yerden yükselir, 2 kez (kopya), uyumsuz silah). Etkiler: kendini_tasi→sen 3 [ardinda_kopya,yol:sicrayip_cakilma]; yem_kopya→sen 1 2sn [dikkat_ceker]";;;"yol=yere_vurus|sekil=line|dogar=sende|temas=tek|gecir=normal|cogul|dikey || konum:kendini_tasi>kendin[ardinda_kopya,yol:sicrayip_cakilma] ; varlik:yem_kopya>kendin[dikkat_ceker]"
3-12;Hareket;Akan;Çekiç;hayir;Sıçrayıp çakılma, Süzülme, Akış;yere vuruş → çizgi 3m, sende (yerden yükselir, sürekli akar, tik tik, uyumsuz silah). Etkiler: kendini_tasi→sen 3 3sn [suzulme,yol:sicrayip_cakilma];;;yol=yere_vurus|sekil=line|dogar=sende|temas=tik|gecir=normal|dikey|surekli || konum:kendini_tasi>kendin[suzulme,yol:sicrayip_cakilma]
4-1;Savunma;Yoğun;Çekiç;evet;Taşma;yere vuruş → küre 0.8m, hedef noktada (katı, yerden yükselir, tek hedef). Etkiler: kalkan→dost 67.5 [tasar];;;yol=yere_vurus|sekil=sphere|dogar=hedef_noktada|temas=tek|gecir=kati|dikey|tek_hedef || deger:kalkan>dost[tasar]
4-2;Savunma;Emici;Çekiç;evet;Emme/çalma;"yere vuruş → küre 1.5m, hedef noktada (katı, yerden yükselir). Etkiler: can→düşman -47.5 [emme]; kalkan→sen 47.5 [aktarim]; mermi_sil→düşman mermisi [yut]";;;"yol=yere_vurus|sekil=sphere|dogar=hedef_noktada|temas=tek|gecir=kati|dikey || deger:can>dusman[emme] ; deger:kalkan>kendin[aktarim] ; varlik:mermi_sil>dusman_nesnesi[yut]"
4-3;Savunma;Sıçrayan;Çekiç;evet;Seken;yere vuruş → küre 1.7m, hedef noktada (katı, yerden yükselir, 2 kez seker). Etkiler: kalkan→dost 50 [dosttan_dosta];;;yol=yere_vurus|sekil=sphere|dogar=hedef_noktada|temas=tek|gecir=kati|seker|dikey || deger:kalkan>dost[dosttan_dosta]
4-4;Savunma;Sabit;Çekiç;evet;Yerden taş duvar, Totem;yere vuruş → küre 1.5m, hedef noktada (yerinde çapalı, katı, yerden yükselir, tik tik). Etkiler: kalkan→dost 50 [totem];;;yol=yere_vurus|sekil=sphere|dogar=hedef_noktada|temas=tik|gecir=kati|capali|dikey || deger:kalkan>dost[totem]
4-5;Savunma;Yayılan;Çekiç;evet;Dalga;yere vuruş → küre 2.7m, hedef noktada (katı, dışa büyür, yerden yükselir, cephe geçerken). Etkiler: kalkan→dost 42.5 [alan];;;yol=yere_vurus|sekil=sphere|dogar=hedef_noktada|temas=cephe|gecir=kati|genisler|dikey || deger:kalkan>dost[alan]
4-6;Savunma;Bağlayıcı;Çekiç;evet;Can bağı, Bağ;"yere vuruş → bağ 1.5m, hedef noktada (katı, sen↔hedef bağı, yerden yükselir, tik tik). Etkiler: kalkan→dost 50 [can_bagi]; hasar_paylasimi→dost 0.5 1.5sn [bag]";;;"yol=yere_vurus|sekil=bag|dogar=hedef_noktada|temas=tik|gecir=kati|bag|dikey || deger:hasar_paylasimi>dost[bag] ; deger:kalkan>dost[can_bagi]"
4-7;Savunma;Bulandırıcı;Çekiç;evet;Sis;"yere vuruş → bulut 1.5m, hedef noktada (katı, sis hacmi, yerden yükselir, tik tik). Etkiler: kalkan→dost 50 [bulut_tik]; gizlen→dost 3.5sn [bulut_ici]; kor→düşman 0.3 3.5sn [bulut_ici]";;;"yol=yere_vurus|sekil=bulut|dogar=hedef_noktada|temas=tik|gecir=kati|bulut|dikey || deger:kalkan>dost[bulut_tik] ; gorunurluk:gizlen>dost[bulut_ici] ; gorunurluk:kor>dusman[bulut_ici]"
4-8;Savunma;Yükselen;Çekiç;evet;Yükselen;"yere vuruş → küre 1.5m, hedef noktada (katı, yerden yükselir, gücü artar). Etkiler: kalkan→dost 50 [buyuyen]; hasar_buff→sen 0.1 3sn [yukselen]";;;"yol=yere_vurus|sekil=sphere|dogar=hedef_noktada|temas=tek|gecir=kati|dikey|rampa || deger:hasar_buff>kendin[yukselen] ; deger:kalkan>dost[buyuyen]"
4-9;Savunma;Odaklı;Çekiç;evet;Koruyucu tetik, Güdümlü;yere vuruş → küre 1.5m, hedef noktada (katı, yerden yükselir, hedefe kilitli, tek hedef). Etkiler: kalkan→dost 57.5 [koruyucu_tetik];;;yol=yere_vurus|sekil=sphere|dogar=hedef_noktada|temas=tek|gecir=kati|dikey|gudum|tek_hedef || deger:kalkan>dost[koruyucu_tetik]
4-10;Savunma;Aynalı;Çekiç;evet;Ters kopya, Ayna eşli;"yere vuruş → küre 1.5m, hedef noktada (katı, yerden yükselir, karşı noktada eşi). Etkiler: kalkan→dost 50; can→düşman -15 [ters_kopya]; yansit→sen 0.3 2sn [ayna_sifati]";;;"yol=yere_vurus|sekil=sphere|dogar=hedef_noktada|temas=tek|gecir=kati|dikey|ayna || deger:can>dusman[ters_kopya] ; deger:kalkan>dost[] ; yon:yansit>kendin[ayna_sifati]"
4-11;Savunma;Kopya;Çekiç;evet;Çift;yere vuruş → küre 1.5m, hedef noktada (katı, yerden yükselir, 2 kez (kopya)). Etkiler: kalkan→dost 50 [iki_kez];;;yol=yere_vurus|sekil=sphere|dogar=hedef_noktada|temas=tek|gecir=kati|cogul|dikey || deger:kalkan>dost[iki_kez]
4-12;Savunma;Akan;Çekiç;evet;Akış;yere vuruş → küre 1.5m, hedef noktada (katı, yerden yükselir, sürekli akar, tik tik). Etkiler: kalkan→dost 35 3sn [akis];;;yol=yere_vurus|sekil=sphere|dogar=hedef_noktada|temas=tik|gecir=kati|dikey|surekli || deger:kalkan>dost[akis]
5-1;Patlama;Yoğun;Çekiç;evet;Sersemletme, Delici;"yere vuruş → küre 1.7m, hedef noktada (delip geçer, yerden yükselir). Etkiler: can→düşman -56.7; it→düşman [sert]; hareket→düşman 0.3sn [sersem,sert]";;;"yol=yere_vurus|sekil=sphere|dogar=hedef_noktada|temas=tek|gecir=delici|dikey || deger:can>dusman[] ; hiz:hareket>dusman[sersem,sert] ; konum:it>dusman[sert]"
5-2;Patlama;Emici;Çekiç;evet;Hedefi sana çekme, İçe çöküş, Girdap, Sersemletme;"yere vuruş → küre 3m, hedef noktada (yerden yükselir, içine çeker). Etkiler: can→düşman -39.9; cek→düşman [merkeze]; hareket→düşman 0.5sn [sersem]; can→sen 11.97 [aktarim]; cek→düşman [sana_dogru]; mermi_sil→düşman mermisi [yut]";;;"yol=yere_vurus|sekil=sphere|dogar=hedef_noktada|temas=tek|gecir=normal|dikey|cekim || deger:can>dusman[] ; deger:can>kendin[aktarim] ; hiz:hareket>dusman[sersem] ; konum:cek>dusman[merkeze] ; konum:cek>dusman[sana_dogru] ; varlik:mermi_sil>dusman_nesnesi[yut]"
5-3;Patlama;Sıçrayan;Çekiç;evet;Sersemletme, Seken;"yere vuruş → küre 3.3m, hedef noktada (yerden yükselir, 2 kez seker). Etkiler: can→düşman -42 [seker]; it→düşman [seker]; hareket→düşman 0.5sn [seker,sersem]";;;"yol=yere_vurus|sekil=sphere|dogar=hedef_noktada|temas=tek|gecir=normal|seker|dikey || deger:can>dusman[seker] ; hiz:hareket>dusman[seker,sersem] ; konum:it>dusman[seker]"
5-4;Patlama;Sabit;Çekiç;evet;Tuzak, Sersemletme;"yere vuruş → küre 3m, hedef noktada (yerinde çapalı, yerden yükselir, içine girene). Etkiler: can→düşman -42 [tuzak]; it→düşman [tuzak]; hareket→düşman 2.5sn [sersem,uzun]";;;"yol=yere_vurus|sekil=sphere|dogar=hedef_noktada|temas=giris|gecir=normal|capali|dikey || deger:can>dusman[tuzak] ; hiz:hareket>dusman[sersem,uzun] ; konum:it>dusman[tuzak]"
5-5;Patlama;Yayılan;Çekiç;evet;Sersemletme, Dalga;"yere vuruş → küre 5.4m, hedef noktada (dışa büyür, yerden yükselir, cephe geçerken). Etkiler: can→düşman -35.7 [alan]; it→düşman [dalga]; hareket→düşman 0.5sn [dalga,sersem]";;;"yol=yere_vurus|sekil=sphere|dogar=hedef_noktada|temas=cephe|gecir=normal|genisler|dikey || deger:can>dusman[alan] ; hiz:hareket>dusman[dalga,sersem] ; konum:it>dusman[dalga]"
5-6;Patlama;Bağlayıcı;Çekiç;evet;Bağla çekme, Tasma, Sersemletme, Bağ;"yere vuruş → bağ 3m, hedef noktada (sen↔hedef bağı, yerden yükselir, tik tik). Etkiler: can→düşman -42 [bag_akisi]; cek→düşman [bag_boyunca]; hareket→düşman 0.5sn [sersem,tasma]; hareket→düşman 1.5sn [bag_ucu]; hareket→düşman 0.7 1.5sn [bag_ucu,yavas]";;;"yol=yere_vurus|sekil=bag|dogar=hedef_noktada|temas=tik|gecir=normal|bag|dikey || deger:can>dusman[bag_akisi] ; hiz:hareket>dusman[bag_ucu,yavas] ; hiz:hareket>dusman[bag_ucu] ; hiz:hareket>dusman[sersem,tasma] ; konum:cek>dusman[bag_boyunca]"
5-7;Patlama;Bulandırıcı;Çekiç;evet;Sis, Sersemletme;"yere vuruş → bulut 3m, hedef noktada (sis hacmi, yerden yükselir, tik tik). Etkiler: can→düşman -42 [bulut_tik]; it→düşman [sis_patlamasi]; hareket→düşman 0.5sn [bulut_tik,sersem]; gizlen→dost 3.2sn [bulut_ici]; kor→düşman 0.3 3.2sn [bulut_ici]";;;"yol=yere_vurus|sekil=bulut|dogar=hedef_noktada|temas=tik|gecir=normal|bulut|dikey || deger:can>dusman[bulut_tik] ; gorunurluk:gizlen>dost[bulut_ici] ; gorunurluk:kor>dusman[bulut_ici] ; hiz:hareket>dusman[bulut_tik,sersem] ; konum:it>dusman[sis_patlamasi]"
5-8;Patlama;Yükselen;Çekiç;evet;Havaya atma, Sersemletme, Yükselen;"yere vuruş → küre 3m, hedef noktada (yerden yükselir, gücü artar). Etkiler: can→düşman -42 [havaya_at]; it→düşman [yukari_firlat]; hareket→düşman 0.5sn [havaya_at,sersem]; hasar_buff→sen 0.1 3sn [yukselen]";;;"yol=yere_vurus|sekil=sphere|dogar=hedef_noktada|temas=tek|gecir=normal|dikey|rampa || deger:can>dusman[havaya_at] ; deger:hasar_buff>kendin[yukselen] ; hiz:hareket>dusman[havaya_at,sersem] ; konum:it>dusman[yukari_firlat]"
5-9;Patlama;Odaklı;Çekiç;evet;Gecikmeli an, Sersemletme, Güdümlü;"yere vuruş → küre 3m, hedef noktada (yerden yükselir, hedefe kilitli, tek hedef). Etkiler: can→düşman -48.3 [iskalamaz,zirh_yoksay]; it→düşman [tek_hedef]; hareket→düşman 0.5sn [isaretli_an,sersem]";;;"yol=yere_vurus|sekil=sphere|dogar=hedef_noktada|temas=tek|gecir=normal|dikey|gudum|tek_hedef || deger:can>dusman[iskalamaz,zirh_yoksay] ; hiz:hareket>dusman[isaretli_an,sersem] ; konum:it>dusman[tek_hedef]"
5-10;Patlama;Aynalı;Çekiç;evet;Kıskaç, Ters kontrol, Sersemletme, Ayna eşli;"yere vuruş → küre 3m, hedef noktada (yerden yükselir, karşı noktada eşi). Etkiler: can→düşman -42 [kiskac]; it→düşman [iki_uctan]; hareket→düşman 0.5sn [sersem,ters_kontrol]; yansit→sen 0.3 2sn [ayna_sifati]";;;"yol=yere_vurus|sekil=sphere|dogar=hedef_noktada|temas=tek|gecir=normal|dikey|ayna || deger:can>dusman[kiskac] ; hiz:hareket>dusman[sersem,ters_kontrol] ; konum:it>dusman[iki_uctan] ; yon:yansit>kendin[ayna_sifati]"
5-11;Patlama;Kopya;Çekiç;evet;Sersemletme, Çift;"yere vuruş → küre 3m, hedef noktada (yerden yükselir, 2 kez (kopya)). Etkiler: can→düşman -42 [iki_kez]; it→düşman [iki_kez]; hareket→düşman 0.5sn [iki_kez,sersem]";;;"yol=yere_vurus|sekil=sphere|dogar=hedef_noktada|temas=tek|gecir=normal|cogul|dikey || deger:can>dusman[iki_kez] ; hiz:hareket>dusman[iki_kez,sersem] ; konum:it>dusman[iki_kez]"
5-12;Patlama;Akan;Çekiç;evet;Bataklık, Akıntı, Sersemletme, Akış;"yere vuruş → küre 3m, hedef noktada (yerden yükselir, sürekli akar, tik tik). Etkiler: can→düşman -29.4 3sn [akis]; it→düşman [akinti]; hareket→düşman 3sn [bataklik,sersem]";;;"yol=yere_vurus|sekil=sphere|dogar=hedef_noktada|temas=tik|gecir=normal|dikey|surekli || deger:can>dusman[akis] ; hiz:hareket>dusman[bataklik,sersem] ; konum:it>dusman[akinti]"
6-1;Kontrol;Yoğun;Çekiç;evet;Sersemletme, Delici;"yere vuruş → koni 2.2m, hedef noktada (delip geçer, yerden yükselir). Etkiler: hareket→düşman 0.8sn [sert]; can→düşman -16.2; hareket→düşman 0.3sn [sersem,sert]";;;"yol=yere_vurus|sekil=cone|dogar=hedef_noktada|temas=tek|gecir=delici|dikey || deger:can>dusman[] ; hiz:hareket>dusman[sersem,sert] ; hiz:hareket>dusman[sert]"
6-2;Kontrol;Emici;Çekiç;evet;Hedefi sana çekme, Girdap, Sersemletme;"yere vuruş → koni 4m, hedef noktada (yerden yükselir, içine çeker). Etkiler: hareket→düşman 1.5sn; can→düşman -11.4; hareket→düşman 0.5sn [sersem]; cek→düşman [sana_dogru]; can→sen 3.42 [aktarim]; cek→düşman [sana_dogru]; mermi_sil→düşman mermisi [yut]";;;"yol=yere_vurus|sekil=cone|dogar=hedef_noktada|temas=tek|gecir=normal|dikey|cekim || deger:can>dusman[] ; deger:can>kendin[aktarim] ; hiz:hareket>dusman[] ; hiz:hareket>dusman[sersem] ; konum:cek>dusman[sana_dogru] ; konum:cek>dusman[sana_dogru] ; varlik:mermi_sil>dusman_nesnesi[yut]"
6-3;Kontrol;Sıçrayan;Çekiç;evet;Sersemletme, Seken;"yere vuruş → koni 4.4m, hedef noktada (yerden yükselir, 2 kez seker). Etkiler: hareket→düşman 1.5sn [seker]; can→düşman -12 [seker]; hareket→düşman 0.5sn [seker,sersem]";;;"yol=yere_vurus|sekil=cone|dogar=hedef_noktada|temas=tek|gecir=normal|seker|dikey || deger:can>dusman[seker] ; hiz:hareket>dusman[seker,sersem] ; hiz:hareket>dusman[seker]"
6-4;Kontrol;Sabit;Çekiç;evet;Tuzak, Sersemletme;"yere vuruş → koni 4m, hedef noktada (yerinde çapalı, yerden yükselir, içine girene). Etkiler: hareket→düşman 3.5sn [uzun]; can→düşman -12 [tuzak]; hareket→düşman 2.5sn [sersem,uzun]";;;"yol=yere_vurus|sekil=cone|dogar=hedef_noktada|temas=giris|gecir=normal|capali|dikey || deger:can>dusman[tuzak] ; hiz:hareket>dusman[sersem,uzun] ; hiz:hareket>dusman[uzun]"
6-5;Kontrol;Yayılan;Çekiç;evet;Sersemletme, Dalga;"yere vuruş → koni 7.2m, hedef noktada (dışa büyür, yerden yükselir, cephe geçerken). Etkiler: hareket→düşman 1.5sn [dalga]; can→düşman -10.2 [alan]; hareket→düşman 0.5sn [dalga,sersem]";;;"yol=yere_vurus|sekil=cone|dogar=hedef_noktada|temas=cephe|gecir=normal|genisler|dikey || deger:can>dusman[alan] ; hiz:hareket>dusman[dalga,sersem] ; hiz:hareket>dusman[dalga]"
6-6;Kontrol;Bağlayıcı;Çekiç;evet;Tasma, Sersemletme, Bağ;"yere vuruş → bağ 4m, hedef noktada (sen↔hedef bağı, yerden yükselir, tik tik). Etkiler: hareket→düşman 1.5sn [tasma]; can→düşman -12 [bag_akisi]; hareket→düşman 0.5sn [sersem,tasma]; hareket→düşman 1.5sn [bag_ucu]; hareket→düşman 0.7 1.5sn [bag_ucu,yavas]";;;"yol=yere_vurus|sekil=bag|dogar=hedef_noktada|temas=tik|gecir=normal|bag|dikey || deger:can>dusman[bag_akisi] ; hiz:hareket>dusman[bag_ucu,yavas] ; hiz:hareket>dusman[bag_ucu] ; hiz:hareket>dusman[sersem,tasma] ; hiz:hareket>dusman[tasma]"
6-7;Kontrol;Bulandırıcı;Çekiç;evet;Sis, Sersemletme;"yere vuruş → bulut 4m, hedef noktada (sis hacmi, yerden yükselir, tik tik). Etkiler: hareket→düşman 1.5sn [bulut_tik]; can→düşman -12 [bulut_tik]; hareket→düşman 0.5sn [bulut_tik,sersem]; gizlen→dost 3.2sn [bulut_ici]; kor→düşman 0.3 3.2sn [bulut_ici]";;;"yol=yere_vurus|sekil=bulut|dogar=hedef_noktada|temas=tik|gecir=normal|bulut|dikey || deger:can>dusman[bulut_tik] ; gorunurluk:gizlen>dost[bulut_ici] ; gorunurluk:kor>dusman[bulut_ici] ; hiz:hareket>dusman[bulut_tik,sersem] ; hiz:hareket>dusman[bulut_tik]"
6-8;Kontrol;Yükselen;Çekiç;evet;Havaya atma, Sersemletme, Yükselen;"yere vuruş → koni 4m, hedef noktada (yerden yükselir, gücü artar). Etkiler: hareket→düşman 1.5sn [havaya_at]; can→düşman -12 [havaya_at]; hareket→düşman 0.5sn [havaya_at,sersem]; hasar_buff→sen 0.1 3sn [yukselen]";;;"yol=yere_vurus|sekil=cone|dogar=hedef_noktada|temas=tek|gecir=normal|dikey|rampa || deger:can>dusman[havaya_at] ; deger:hasar_buff>kendin[yukselen] ; hiz:hareket>dusman[havaya_at,sersem] ; hiz:hareket>dusman[havaya_at]"
6-9;Kontrol;Odaklı;Çekiç;evet;Gecikmeli an, Sersemletme, Güdümlü;"yere vuruş → koni 4m, hedef noktada (yerden yükselir, hedefe kilitli, tek hedef). Etkiler: hareket→düşman 1.5sn [isaretli_an]; can→düşman -13.8 [iskalamaz,zirh_yoksay]; hareket→düşman 0.5sn [isaretli_an,sersem]";;;"yol=yere_vurus|sekil=cone|dogar=hedef_noktada|temas=tek|gecir=normal|dikey|gudum|tek_hedef || deger:can>dusman[iskalamaz,zirh_yoksay] ; hiz:hareket>dusman[isaretli_an,sersem] ; hiz:hareket>dusman[isaretli_an]"
6-10;Kontrol;Aynalı;Çekiç;evet;Kıskaç, Ters kontrol, Sersemletme, Ayna eşli;"yere vuruş → koni 4m, hedef noktada (yerden yükselir, karşı noktada eşi). Etkiler: hareket→düşman 1.5sn [ters_kontrol]; can→düşman -12 [kiskac]; hareket→düşman 0.5sn [sersem,ters_kontrol]; yansit→sen 0.3 2sn [ayna_sifati]";;;"yol=yere_vurus|sekil=cone|dogar=hedef_noktada|temas=tek|gecir=normal|dikey|ayna || deger:can>dusman[kiskac] ; hiz:hareket>dusman[sersem,ters_kontrol] ; hiz:hareket>dusman[ters_kontrol] ; yon:yansit>kendin[ayna_sifati]"
6-11;Kontrol;Kopya;Çekiç;evet;Sersemletme, Çift;"yere vuruş → koni 4m, hedef noktada (yerden yükselir, 2 kez (kopya)). Etkiler: hareket→düşman 1.5sn [iki_kez]; can→düşman -12 [iki_kez]; hareket→düşman 0.5sn [iki_kez,sersem]";;;"yol=yere_vurus|sekil=cone|dogar=hedef_noktada|temas=tek|gecir=normal|cogul|dikey || deger:can>dusman[iki_kez] ; hiz:hareket>dusman[iki_kez,sersem] ; hiz:hareket>dusman[iki_kez]"
6-12;Kontrol;Akan;Çekiç;evet;Bataklık, Sersemletme, Akış;"yere vuruş → koni 4m, hedef noktada (yerden yükselir, sürekli akar, tik tik). Etkiler: hareket→düşman 3sn [bataklik]; can→düşman -8.4 3sn [akis]; hareket→düşman 3sn [bataklik,sersem]";;;"yol=yere_vurus|sekil=cone|dogar=hedef_noktada|temas=tik|gecir=normal|dikey|surekli || deger:can>dusman[akis] ; hiz:hareket>dusman[bataklik,sersem] ; hiz:hareket>dusman[bataklik]"
7-1;Zayıflatma;Yoğun;Çekiç;hayir;Delici;"yere vuruş → kapsül 1.7m, hedef noktada (delip geçer, yerden yükselir, uyumsuz silah). Etkiler: zirh→düşman -0.22 2sn; can→düşman -8.1";;;"yol=yere_vurus|sekil=capsule|dogar=hedef_noktada|temas=tek|gecir=delici|dikey || deger:can>dusman[] ; deger:zirh>dusman[]"
7-2;Zayıflatma;Emici;Çekiç;hayir;Girdap;"yere vuruş → kapsül 3m, hedef noktada (yerden yükselir, içine çeker, uyumsuz silah). Etkiler: zirh→düşman -0.15 4sn; can→düşman -5.7; zirh→sen 0.05 4sn [aktarim]; can→sen 1.71 [aktarim]; mermi_sil→düşman mermisi [yut]";;;"yol=yere_vurus|sekil=capsule|dogar=hedef_noktada|temas=tek|gecir=normal|dikey|cekim || deger:can>dusman[] ; deger:can>kendin[aktarim] ; deger:zirh>dusman[] ; deger:zirh>kendin[aktarim] ; varlik:mermi_sil>dusman_nesnesi[yut]"
7-3;Zayıflatma;Sıçrayan;Çekiç;hayir;Seken;"yere vuruş → kapsül 3.3m, hedef noktada (yerden yükselir, 2 kez seker, uyumsuz silah). Etkiler: zirh→düşman -0.16 4sn [seker]; can→düşman -6 [seker]";;;"yol=yere_vurus|sekil=capsule|dogar=hedef_noktada|temas=tek|gecir=normal|seker|dikey || deger:can>dusman[seker] ; deger:zirh>dusman[seker]"
7-4;Zayıflatma;Sabit;Çekiç;hayir;Tuzak;"yere vuruş → kapsül 3m, hedef noktada (yerinde çapalı, yerden yükselir, içine girene, uyumsuz silah). Etkiler: zirh→düşman -0.16 4sn [tuzak]; can→düşman -6 [tuzak]";;;"yol=yere_vurus|sekil=capsule|dogar=hedef_noktada|temas=giris|gecir=normal|capali|dikey || deger:can>dusman[tuzak] ; deger:zirh>dusman[tuzak]"
7-5;Zayıflatma;Yayılan;Çekiç;hayir;Dalga;"yere vuruş → kapsül 5.4m, hedef noktada (dışa büyür, yerden yükselir, cephe geçerken, uyumsuz silah). Etkiler: zirh→düşman -0.14 4sn [alan]; can→düşman -5.1 [alan]";;;"yol=yere_vurus|sekil=capsule|dogar=hedef_noktada|temas=cephe|gecir=normal|genisler|dikey || deger:can>dusman[alan] ; deger:zirh>dusman[alan]"
7-6;Zayıflatma;Bağlayıcı;Çekiç;hayir;Bağ;"yere vuruş → bağ 3m, hedef noktada (sen↔hedef bağı, yerden yükselir, tik tik, uyumsuz silah). Etkiler: zirh→düşman -0.16 4sn [bag_akisi]; can→düşman -6 [bag_akisi]; hareket→düşman 1.5sn [bag_ucu]; hareket→düşman 0.7 1.5sn [bag_ucu,yavas]";;;"yol=yere_vurus|sekil=bag|dogar=hedef_noktada|temas=tik|gecir=normal|bag|dikey || deger:can>dusman[bag_akisi] ; deger:zirh>dusman[bag_akisi] ; hiz:hareket>dusman[bag_ucu,yavas] ; hiz:hareket>dusman[bag_ucu]"
7-7;Zayıflatma;Bulandırıcı;Çekiç;hayir;Sis;"yere vuruş → bulut 3m, hedef noktada (sis hacmi, yerden yükselir, tik tik, uyumsuz silah). Etkiler: zirh→düşman -0.16 4sn [bulut_tik]; can→düşman -6 [bulut_tik]; gizlen→dost 3.2sn [bulut_ici]; kor→düşman 0.3 3.2sn [bulut_ici]";;;"yol=yere_vurus|sekil=bulut|dogar=hedef_noktada|temas=tik|gecir=normal|bulut|dikey || deger:can>dusman[bulut_tik] ; deger:zirh>dusman[bulut_tik] ; gorunurluk:gizlen>dost[bulut_ici] ; gorunurluk:kor>dusman[bulut_ici]"
7-8;Zayıflatma;Yükselen;Çekiç;hayir;Havaya atma, Yükselen;"yere vuruş → kapsül 3m, hedef noktada (yerden yükselir, gücü artar, uyumsuz silah). Etkiler: zirh→düşman -0.16 4sn [havaya_at]; can→düşman -6 [havaya_at]; hareket→düşman 0.8sn [havada]; hasar_buff→sen 0.1 3sn [yukselen]";;;"yol=yere_vurus|sekil=capsule|dogar=hedef_noktada|temas=tek|gecir=normal|dikey|rampa || deger:can>dusman[havaya_at] ; deger:hasar_buff>kendin[yukselen] ; deger:zirh>dusman[havaya_at] ; hiz:hareket>dusman[havada]"
7-9;Zayıflatma;Odaklı;Çekiç;hayir;Gecikmeli an, Güdümlü;"yere vuruş → kapsül 3m, hedef noktada (yerden yükselir, hedefe kilitli, tek hedef, uyumsuz silah). Etkiler: zirh→düşman -0.18 4sn [isaretli_an]; can→düşman -6.9 [iskalamaz,zirh_yoksay]";;;"yol=yere_vurus|sekil=capsule|dogar=hedef_noktada|temas=tek|gecir=normal|dikey|gudum|tek_hedef || deger:can>dusman[iskalamaz,zirh_yoksay] ; deger:zirh>dusman[isaretli_an]"
7-10;Zayıflatma;Aynalı;Çekiç;hayir;Kıskaç, Ayna eşli;"yere vuruş → kapsül 3m, hedef noktada (yerden yükselir, karşı noktada eşi, uyumsuz silah). Etkiler: zirh→düşman -0.16 4sn [kiskac]; can→düşman -6 [kiskac]; yansit→sen 0.3 2sn [ayna_sifati]";;;"yol=yere_vurus|sekil=capsule|dogar=hedef_noktada|temas=tek|gecir=normal|dikey|ayna || deger:can>dusman[kiskac] ; deger:zirh>dusman[kiskac] ; yon:yansit>kendin[ayna_sifati]"
7-11;Zayıflatma;Kopya;Çekiç;hayir;Çift;"yere vuruş → kapsül 3m, hedef noktada (yerden yükselir, 2 kez (kopya), uyumsuz silah). Etkiler: zirh→düşman -0.16 4sn [iki_kez]; can→düşman -6 [iki_kez]";;;"yol=yere_vurus|sekil=capsule|dogar=hedef_noktada|temas=tek|gecir=normal|cogul|dikey || deger:can>dusman[iki_kez] ; deger:zirh>dusman[iki_kez]"
7-12;Zayıflatma;Akan;Çekiç;hayir;Akış;"yere vuruş → kapsül 3m, hedef noktada (yerden yükselir, sürekli akar, tik tik, uyumsuz silah). Etkiler: zirh→düşman -0.11 3sn [akis]; can→düşman -4.2 3sn [akis]";;;"yol=yere_vurus|sekil=capsule|dogar=hedef_noktada|temas=tik|gecir=normal|dikey|surekli || deger:can>dusman[akis] ; deger:zirh>dusman[akis]"
8-1;Güçlendirme;Yoğun;Çekiç;hayir;Taşma;yere vuruş → küre 1.1m, hedef noktada (yerden yükselir, tek hedef, uyumsuz silah). Etkiler: hasar_buff→dost 0.22 1.5sn [tasar];;;yol=yere_vurus|sekil=sphere|dogar=hedef_noktada|temas=tek|gecir=normal|dikey|tek_hedef || deger:hasar_buff>dost[tasar]
8-2;Güçlendirme;Emici;Çekiç;hayir;Emme/çalma;"yere vuruş → küre 2m, hedef noktada (yerden yükselir, uyumsuz silah). Etkiler: hasar_buff→düşman -0.15 3sn [emme]; hasar_buff→sen 0.15 3sn [aktarim]; mermi_sil→düşman mermisi [yut]";;;"yol=yere_vurus|sekil=sphere|dogar=hedef_noktada|temas=tek|gecir=normal|dikey || deger:hasar_buff>dusman[emme] ; deger:hasar_buff>kendin[aktarim] ; varlik:mermi_sil>dusman_nesnesi[yut]"
8-3;Güçlendirme;Sıçrayan;Çekiç;hayir;Seken;yere vuruş → küre 2.2m, hedef noktada (yerden yükselir, 2 kez seker, uyumsuz silah). Etkiler: hasar_buff→dost 0.16 3sn [dosttan_dosta];;;yol=yere_vurus|sekil=sphere|dogar=hedef_noktada|temas=tek|gecir=normal|seker|dikey || deger:hasar_buff>dost[dosttan_dosta]
8-4;Güçlendirme;Sabit;Çekiç;hayir;Totem;yere vuruş → küre 2m, hedef noktada (yerinde çapalı, yerden yükselir, tik tik, uyumsuz silah). Etkiler: hasar_buff→dost 0.16 3sn [totem];;;yol=yere_vurus|sekil=sphere|dogar=hedef_noktada|temas=tik|gecir=normal|capali|dikey || deger:hasar_buff>dost[totem]
8-5;Güçlendirme;Yayılan;Çekiç;hayir;Dalga;yere vuruş → küre 3.6m, hedef noktada (dışa büyür, yerden yükselir, cephe geçerken, uyumsuz silah). Etkiler: hasar_buff→dost 0.14 3sn [alan];;;yol=yere_vurus|sekil=sphere|dogar=hedef_noktada|temas=cephe|gecir=normal|genisler|dikey || deger:hasar_buff>dost[alan]
8-6;Güçlendirme;Bağlayıcı;Çekiç;hayir;Can bağı, Bağ;"yere vuruş → bağ 2m, hedef noktada (sen↔hedef bağı, yerden yükselir, tik tik, uyumsuz silah). Etkiler: hasar_buff→dost 0.16 3sn [can_bagi]; hasar_paylasimi→dost 0.5 1.5sn [bag]";;;"yol=yere_vurus|sekil=bag|dogar=hedef_noktada|temas=tik|gecir=normal|bag|dikey || deger:hasar_buff>dost[can_bagi] ; deger:hasar_paylasimi>dost[bag]"
8-7;Güçlendirme;Bulandırıcı;Çekiç;hayir;Sis;"yere vuruş → bulut 2m, hedef noktada (sis hacmi, yerden yükselir, tik tik, uyumsuz silah). Etkiler: hasar_buff→dost 0.16 3sn [bulut_tik]; gizlen→dost 3.2sn [bulut_ici]; kor→düşman 0.3 3.2sn [bulut_ici]";;;"yol=yere_vurus|sekil=bulut|dogar=hedef_noktada|temas=tik|gecir=normal|bulut|dikey || deger:hasar_buff>dost[bulut_tik] ; gorunurluk:gizlen>dost[bulut_ici] ; gorunurluk:kor>dusman[bulut_ici]"
8-8;Güçlendirme;Yükselen;Çekiç;hayir;Yükselen;"yere vuruş → küre 2m, hedef noktada (yerden yükselir, gücü artar, uyumsuz silah). Etkiler: hasar_buff→dost 0.16 3sn [buyuyen]; hasar_buff→sen 0.1 3sn [yukselen]";;;"yol=yere_vurus|sekil=sphere|dogar=hedef_noktada|temas=tek|gecir=normal|dikey|rampa || deger:hasar_buff>dost[buyuyen] ; deger:hasar_buff>kendin[yukselen]"
8-9;Güçlendirme;Odaklı;Çekiç;hayir;Koruyucu tetik, Güdümlü;yere vuruş → küre 2m, hedef noktada (yerden yükselir, hedefe kilitli, tek hedef, uyumsuz silah). Etkiler: hasar_buff→dost 0.18 3sn [koruyucu_tetik];;;yol=yere_vurus|sekil=sphere|dogar=hedef_noktada|temas=tek|gecir=normal|dikey|gudum|tek_hedef || deger:hasar_buff>dost[koruyucu_tetik]
8-10;Güçlendirme;Aynalı;Çekiç;hayir;Ters kopya, Ayna eşli;"yere vuruş → küre 2m, hedef noktada (yerden yükselir, karşı noktada eşi, uyumsuz silah). Etkiler: hasar_buff→dost 0.16 3sn; hasar_buff→düşman -0.05 3sn [ters_kopya]; yansit→sen 0.3 2sn [ayna_sifati]";;;"yol=yere_vurus|sekil=sphere|dogar=hedef_noktada|temas=tek|gecir=normal|dikey|ayna || deger:hasar_buff>dost[] ; deger:hasar_buff>dusman[ters_kopya] ; yon:yansit>kendin[ayna_sifati]"
8-11;Güçlendirme;Kopya;Çekiç;hayir;Çift;yere vuruş → küre 2m, hedef noktada (yerden yükselir, 2 kez (kopya), uyumsuz silah). Etkiler: hasar_buff→dost 0.16 3sn [iki_kez];;;yol=yere_vurus|sekil=sphere|dogar=hedef_noktada|temas=tek|gecir=normal|cogul|dikey || deger:hasar_buff>dost[iki_kez]
8-12;Güçlendirme;Akan;Çekiç;hayir;Akış;yere vuruş → küre 2m, hedef noktada (yerden yükselir, sürekli akar, tik tik, uyumsuz silah). Etkiler: hasar_buff→dost 0.11 3sn [akis];;;yol=yere_vurus|sekil=sphere|dogar=hedef_noktada|temas=tik|gecir=normal|dikey|surekli || deger:hasar_buff>dost[akis]
9-1;Arındırma;Yoğun;Çekiç;hayir;Sert;"yere vuruş → küre 1.4m, hedef noktada (yerden yükselir, tek hedef, uyumsuz silah). Etkiler: durum_sil→dost 1 [guclu]; mermi_sil→düşman mermisi [delici]";;;"yol=yere_vurus|sekil=sphere|dogar=hedef_noktada|temas=tek|gecir=normal|dikey|tek_hedef || varlik:durum_sil>dost[guclu] ; varlik:mermi_sil>dusman_nesnesi[delici]"
9-2;Arındırma;Emici;Çekiç;hayir;Durum aktarma;"yere vuruş → küre 2.5m, hedef noktada (yerden yükselir, uyumsuz silah). Etkiler: durum_aktar→dost 1; mermi_sil→düşman mermisi [yut]; durum_ekle→düşman 1 [aktarim]";;;"yol=yere_vurus|sekil=sphere|dogar=hedef_noktada|temas=tek|gecir=normal|dikey || varlik:durum_aktar>dost[] ; varlik:durum_ekle>dusman[aktarim] ; varlik:mermi_sil>dusman_nesnesi[yut]"
9-3;Arındırma;Sıçrayan;Çekiç;hayir;Seken;"yere vuruş → küre 2.8m, hedef noktada (yerden yükselir, 2 kez seker, uyumsuz silah). Etkiler: durum_sil→dost 1 [dosttan_dosta]; mermi_sil→düşman mermisi [seker]";;;"yol=yere_vurus|sekil=sphere|dogar=hedef_noktada|temas=tek|gecir=normal|seker|dikey || varlik:durum_sil>dost[dosttan_dosta] ; varlik:mermi_sil>dusman_nesnesi[seker]"
9-4;Arındırma;Sabit;Çekiç;hayir;Mermi kesen engel, Arınma alanı;"yere vuruş → küre 2.5m, hedef noktada (yerinde çapalı, yerden yükselir, uyumsuz silah). Etkiler: durum_sil→dost 1 [arinma_alani]; mermi_sil→düşman mermisi [engel]";;;"yol=yere_vurus|sekil=sphere|dogar=hedef_noktada|temas=tek|gecir=normal|capali|dikey || varlik:durum_sil>dost[arinma_alani] ; varlik:mermi_sil>dusman_nesnesi[engel]"
9-5;Arındırma;Yayılan;Çekiç;hayir;Dalga;"yere vuruş → küre 4.5m, hedef noktada (dışa büyür, yerden yükselir, cephe geçerken, uyumsuz silah). Etkiler: durum_sil→dost 1 [alan]; mermi_sil→düşman mermisi [alan]";;;"yol=yere_vurus|sekil=sphere|dogar=hedef_noktada|temas=cephe|gecir=normal|genisler|dikey || varlik:durum_sil>dost[alan] ; varlik:mermi_sil>dusman_nesnesi[alan]"
9-6;Arındırma;Bağlayıcı;Çekiç;hayir;Bağışıklık bağı, Bağ;"yere vuruş → bağ 2.5m, hedef noktada (sen↔hedef bağı, yerden yükselir, tik tik, uyumsuz silah). Etkiler: durum_sil→dost 1 [bag_bagisiklik]; mermi_sil→düşman mermisi [bag_hatti]";;;"yol=yere_vurus|sekil=bag|dogar=hedef_noktada|temas=tik|gecir=normal|bag|dikey || varlik:durum_sil>dost[bag_bagisiklik] ; varlik:mermi_sil>dusman_nesnesi[bag_hatti]"
9-7;Arındırma;Bulandırıcı;Çekiç;hayir;Sis;"yere vuruş → bulut 2.5m, hedef noktada (sis hacmi, yerden yükselir, tik tik, uyumsuz silah). Etkiler: durum_sil→dost 1 [gizli]; mermi_sil→düşman mermisi [sis_perdesi]; gizlen→dost 3.2sn [bulut_ici]; kor→düşman 0.3 3.2sn [bulut_ici]";;;"yol=yere_vurus|sekil=bulut|dogar=hedef_noktada|temas=tik|gecir=normal|bulut|dikey || gorunurluk:gizlen>dost[bulut_ici] ; gorunurluk:kor>dusman[bulut_ici] ; varlik:durum_sil>dost[gizli] ; varlik:mermi_sil>dusman_nesnesi[sis_perdesi]"
9-8;Arındırma;Yükselen;Çekiç;hayir;Arınıp güçlenme, Yükselen;"yere vuruş → küre 2.5m, hedef noktada (yerden yükselir, gücü artar, uyumsuz silah). Etkiler: durum_sil→dost 1 [guce_cevir]; mermi_sil→düşman mermisi [yukselen_perde]; hasar_buff→sen 0.1 3sn [yukselen]";;;"yol=yere_vurus|sekil=sphere|dogar=hedef_noktada|temas=tek|gecir=normal|dikey|rampa || deger:hasar_buff>kendin[yukselen] ; varlik:durum_sil>dost[guce_cevir] ; varlik:mermi_sil>dusman_nesnesi[yukselen_perde]"
9-9;Arındırma;Odaklı;Çekiç;hayir;Tam arındırma, Güdümlü;"yere vuruş → küre 2.5m, hedef noktada (yerden yükselir, hedefe kilitli, tek hedef, uyumsuz silah). Etkiler: durum_sil→dost 99 [tumunu_sil]; mermi_sil→düşman mermisi [hedefli]";;;"yol=yere_vurus|sekil=sphere|dogar=hedef_noktada|temas=tek|gecir=normal|dikey|gudum|tek_hedef || varlik:durum_sil>dost[tumunu_sil] ; varlik:mermi_sil>dusman_nesnesi[hedefli]"
9-10;Arındırma;Aynalı;Çekiç;hayir;Buff silme, Mermi geri gönderme, Ayna eşli;"yere vuruş → küre 2.5m, hedef noktada (yerden yükselir, karşı noktada eşi, uyumsuz silah). Etkiler: iyi_durum_sil→düşman 1 [ters_hedef]; mermi_sil→düşman mermisi [geri_gonder]; yansit→sen 0.3 2sn [ayna_sifati]";;;"yol=yere_vurus|sekil=sphere|dogar=hedef_noktada|temas=tek|gecir=normal|dikey|ayna || varlik:iyi_durum_sil>dusman[ters_hedef] ; varlik:mermi_sil>dusman_nesnesi[geri_gonder] ; yon:yansit>kendin[ayna_sifati]"
9-11;Arındırma;Kopya;Çekiç;hayir;Çift;"yere vuruş → küre 2.5m, hedef noktada (yerden yükselir, 2 kez (kopya), uyumsuz silah). Etkiler: durum_sil→dost 1 [iki_kez]; mermi_sil→düşman mermisi [iki_kez]";;;"yol=yere_vurus|sekil=sphere|dogar=hedef_noktada|temas=tek|gecir=normal|cogul|dikey || varlik:durum_sil>dost[iki_kez] ; varlik:mermi_sil>dusman_nesnesi[iki_kez]"
9-12;Arındırma;Akan;Çekiç;hayir;Akış;"yere vuruş → küre 2.5m, hedef noktada (yerden yükselir, sürekli akar, tik tik, uyumsuz silah). Etkiler: durum_sil→dost 1 [aura]; mermi_sil→düşman mermisi [surekli_perde]";;;"yol=yere_vurus|sekil=sphere|dogar=hedef_noktada|temas=tik|gecir=normal|dikey|surekli || varlik:durum_sil>dost[aura] ; varlik:mermi_sil>dusman_nesnesi[surekli_perde]"
10-1;Yansıma;Yoğun;Çekiç;hayir;Uzak yansıtıcı;yere vuruş → küre 0.8m, hedef noktada (yerden yükselir, tek hedef, uyumsuz silah). Etkiler: yansit→gövdenin olduğu yer 0.68 1sn [dunyada,sert,silahla:dikey];;;yol=yere_vurus|sekil=sphere|dogar=hedef_noktada|temas=tek|gecir=normal|dikey|tek_hedef || yon:yansit>alan[dunyada,sert,silahla:dikey]
10-2;Yansıma;Emici;Çekiç;hayir;Uzak yansıtıcı, Hasar emme;"yere vuruş → küre 1.5m, hedef noktada (yerden yükselir, uyumsuz silah). Etkiler: yansit→gövdenin olduğu yer 0.5 2sn [dunyada,silahla:dikey]; em→sen 0.5 2sn [cana_cevir]; mermi_sil→düşman mermisi [yut]";;;"yol=yere_vurus|sekil=sphere|dogar=hedef_noktada|temas=tek|gecir=normal|dikey || deger:em>kendin[cana_cevir] ; varlik:mermi_sil>dusman_nesnesi[yut] ; yon:yansit>alan[dunyada,silahla:dikey]"
10-3;Yansıma;Sıçrayan;Çekiç;hayir;Uzak yansıtıcı, Seken;yere vuruş → küre 1.7m, hedef noktada (yerden yükselir, 2 kez seker, uyumsuz silah). Etkiler: yansit→gövdenin olduğu yer 0.5 2sn [dunyada,seker,silahla:dikey];;;yol=yere_vurus|sekil=sphere|dogar=hedef_noktada|temas=tek|gecir=normal|seker|dikey || yon:yansit>alan[dunyada,seker,silahla:dikey]
10-4;Yansıma;Sabit;Çekiç;hayir;Ayna yüzey, Uzak yansıtıcı;yere vuruş → küre 1.5m, hedef noktada (yerinde çapalı, yerden yükselir, uyumsuz silah). Etkiler: yansit→gövdenin olduğu yer 0.5 2sn [ayna_yuzey,dunyada,silahla:dikey];;;yol=yere_vurus|sekil=sphere|dogar=hedef_noktada|temas=tek|gecir=normal|capali|dikey || yon:yansit>alan[ayna_yuzey,dunyada,silahla:dikey]
10-5;Yansıma;Yayılan;Çekiç;hayir;Uzak yansıtıcı, Dalga;yere vuruş → küre 2.7m, hedef noktada (dışa büyür, yerden yükselir, cephe geçerken, uyumsuz silah). Etkiler: yansit→gövdenin olduğu yer 0.5 2sn [aura,dunyada,silahla:dikey];;;yol=yere_vurus|sekil=sphere|dogar=hedef_noktada|temas=cephe|gecir=normal|genisler|dikey || yon:yansit>alan[aura,dunyada,silahla:dikey]
10-6;Yansıma;Bağlayıcı;Çekiç;hayir;Uzak yansıtıcı, Hasar yönlendirme, Bağ;"yere vuruş → bağ 1.5m, hedef noktada (sen↔hedef bağı, yerden yükselir, tik tik, uyumsuz silah). Etkiler: yonlendir→düşman 0.5 2sn [bag,dunyada,silahla:dikey]; hareket→düşman 1.5sn [bag_ucu]; hareket→düşman 0.7 2sn [bag_ucu,yavas]";;;"yol=yere_vurus|sekil=bag|dogar=hedef_noktada|temas=tik|gecir=normal|bag|dikey || hiz:hareket>dusman[bag_ucu,yavas] ; hiz:hareket>dusman[bag_ucu] ; yon:yonlendir>dusman[bag,dunyada,silahla:dikey]"
10-7;Yansıma;Bulandırıcı;Çekiç;hayir;Sis, Uzak yansıtıcı;"yere vuruş → bulut 1.5m, hedef noktada (sis hacmi, yerden yükselir, tik tik, uyumsuz silah). Etkiler: yansit→gövdenin olduğu yer 0.5 2sn [dunyada,gizli,silahla:dikey]; gizlen→dost 5sn [bulut_ici]; kor→düşman 0.3 5sn [bulut_ici]";;;"yol=yere_vurus|sekil=bulut|dogar=hedef_noktada|temas=tik|gecir=normal|bulut|dikey || gorunurluk:gizlen>dost[bulut_ici] ; gorunurluk:kor>dusman[bulut_ici] ; yon:yansit>alan[dunyada,gizli,silahla:dikey]"
10-8;Yansıma;Yükselen;Çekiç;hayir;Uzak yansıtıcı, Yükselen;"yere vuruş → küre 1.5m, hedef noktada (yerden yükselir, gücü artar, uyumsuz silah). Etkiler: yansit→gövdenin olduğu yer 0.5 2sn [artan_oran,dunyada,silahla:dikey]; hasar_buff→sen 0.1 3sn [yukselen]";;;"yol=yere_vurus|sekil=sphere|dogar=hedef_noktada|temas=tek|gecir=normal|dikey|rampa || deger:hasar_buff>kendin[yukselen] ; yon:yansit>alan[artan_oran,dunyada,silahla:dikey]"
10-9;Yansıma;Odaklı;Çekiç;hayir;Uzak yansıtıcı, Kusursuz savuşturma, Güdümlü;yere vuruş → küre 1.5m, hedef noktada (yerden yükselir, hedefe kilitli, tek hedef, uyumsuz silah). Etkiler: yansit→gövdenin olduğu yer 1 2sn [dunyada,savusturma,silahla:dikey];;;yol=yere_vurus|sekil=sphere|dogar=hedef_noktada|temas=tek|gecir=normal|dikey|gudum|tek_hedef || yon:yansit>alan[dunyada,savusturma,silahla:dikey]
10-10;Yansıma;Aynalı;Çekiç;hayir;Uzak yansıtıcı, Bölünen yansıma, Ayna eşli;"yere vuruş → küre 1.5m, hedef noktada (yerden yükselir, karşı noktada eşi, uyumsuz silah). Etkiler: yansit→gövdenin olduğu yer 0.5 2sn [bolunen,dunyada,silahla:dikey]; yansit→sen 0.3 2sn [ayna_sifati]";;;"yol=yere_vurus|sekil=sphere|dogar=hedef_noktada|temas=tek|gecir=normal|dikey|ayna || yon:yansit>alan[bolunen,dunyada,silahla:dikey] ; yon:yansit>kendin[ayna_sifati]"
10-11;Yansıma;Kopya;Çekiç;hayir;Uzak yansıtıcı, Çift;yere vuruş → küre 1.5m, hedef noktada (yerden yükselir, 2 kez (kopya), uyumsuz silah). Etkiler: yansit→gövdenin olduğu yer 0.5 2sn [dunyada,iki_kez,silahla:dikey];;;yol=yere_vurus|sekil=sphere|dogar=hedef_noktada|temas=tek|gecir=normal|cogul|dikey || yon:yansit>alan[dunyada,iki_kez,silahla:dikey]
10-12;Yansıma;Akan;Çekiç;hayir;Uzak yansıtıcı, Akış;yere vuruş → küre 1.5m, hedef noktada (yerden yükselir, sürekli akar, tik tik, uyumsuz silah). Etkiler: yansit→gövdenin olduğu yer 0.5 3sn [dunyada,silahla:dikey,surekli];;;yol=yere_vurus|sekil=sphere|dogar=hedef_noktada|temas=tik|gecir=normal|dikey|surekli || yon:yansit>alan[dunyada,silahla:dikey,surekli]
11-1;Çağırma;Yoğun;Çekiç;hayir;Sert;yere vuruş → nokta 0.6m, hedef noktada (yerden yükselir, tek hedef, uyumsuz silah). Etkiler: aktor_yarat→sen 1 2.5sn [guclu,silahla:dikey];;;yol=yere_vurus|sekil=point|dogar=hedef_noktada|temas=tek|gecir=normal|dikey|tek_hedef || varlik:aktor_yarat>kendin[guclu,silahla:dikey]
11-2;Çağırma;Emici;Çekiç;hayir;Can emen minyon;"yere vuruş → nokta 1m, hedef noktada (yerden yükselir, uyumsuz silah). Etkiler: aktor_yarat→sen 1 5sn [can_emen,silahla:dikey]; mermi_sil→düşman mermisi [yut]";;;"yol=yere_vurus|sekil=point|dogar=hedef_noktada|temas=tek|gecir=normal|dikey || varlik:aktor_yarat>kendin[can_emen,silahla:dikey] ; varlik:mermi_sil>dusman_nesnesi[yut]"
11-3;Çağırma;Sıçrayan;Çekiç;hayir;Zıplayan minyon, Seken;yere vuruş → nokta 1.1m, hedef noktada (yerden yükselir, 2 kez seker, uyumsuz silah). Etkiler: aktor_yarat→sen 1 5sn [silahla:dikey,ziplayan];;;yol=yere_vurus|sekil=point|dogar=hedef_noktada|temas=tek|gecir=normal|seker|dikey || varlik:aktor_yarat>kendin[silahla:dikey,ziplayan]
11-4;Çağırma;Sabit;Çekiç;hayir;Taret;yere vuruş → nokta 1m, hedef noktada (yerinde çapalı, yerden yükselir, uyumsuz silah). Etkiler: aktor_yarat→sen 1 5sn [silahla:dikey,taret];;;yol=yere_vurus|sekil=point|dogar=hedef_noktada|temas=tek|gecir=normal|capali|dikey || varlik:aktor_yarat>kendin[silahla:dikey,taret]
11-5;Çağırma;Yayılan;Çekiç;hayir;Minyon halkası, Dalga;yere vuruş → nokta 1.8m, hedef noktada (dışa büyür, yerden yükselir, cephe geçerken, uyumsuz silah). Etkiler: aktor_yarat→sen 3 5sn [halka,silahla:dikey];;;yol=yere_vurus|sekil=point|dogar=hedef_noktada|temas=cephe|gecir=normal|genisler|dikey || varlik:aktor_yarat>kendin[halka,silahla:dikey]
11-6;Çağırma;Bağlayıcı;Çekiç;hayir;Muhafız, Bağ;yere vuruş → bağ 1m, hedef noktada (sen↔hedef bağı, yerden yükselir, tik tik, uyumsuz silah). Etkiler: aktor_yarat→sen 1 5sn [bagli_muhafiz,silahla:dikey];;;yol=yere_vurus|sekil=bag|dogar=hedef_noktada|temas=tik|gecir=normal|bag|dikey || varlik:aktor_yarat>kendin[bagli_muhafiz,silahla:dikey]
11-7;Çağırma;Bulandırıcı;Çekiç;hayir;Görünmez minyon, Sis;"yere vuruş → bulut 1m, hedef noktada (sis hacmi, yerden yükselir, tik tik, uyumsuz silah). Etkiler: aktor_yarat→sen 1 5sn [gorunmez,silahla:dikey]; gizlen→dost 3.2sn [bulut_ici]; kor→düşman 0.3 3.2sn [bulut_ici]";;;"yol=yere_vurus|sekil=bulut|dogar=hedef_noktada|temas=tik|gecir=normal|bulut|dikey || gorunurluk:gizlen>dost[bulut_ici] ; gorunurluk:kor>dusman[bulut_ici] ; varlik:aktor_yarat>kendin[gorunmez,silahla:dikey]"
11-8;Çağırma;Yükselen;Çekiç;hayir;Yükselen;"yere vuruş → nokta 1m, hedef noktada (yerden yükselir, gücü artar, uyumsuz silah). Etkiler: aktor_yarat→sen 1 5sn [buyuyen,silahla:dikey]; hasar_buff→sen 0.1 3sn [yukselen]";;;"yol=yere_vurus|sekil=point|dogar=hedef_noktada|temas=tek|gecir=normal|dikey|rampa || deger:hasar_buff>kendin[yukselen] ; varlik:aktor_yarat>kendin[buyuyen,silahla:dikey]"
11-9;Çağırma;Odaklı;Çekiç;hayir;Suikastçı minyon, Güdümlü;yere vuruş → nokta 1m, hedef noktada (yerden yükselir, hedefe kilitli, tek hedef, uyumsuz silah). Etkiler: aktor_yarat→sen 1 5sn [silahla:dikey,suikastci];;;yol=yere_vurus|sekil=point|dogar=hedef_noktada|temas=tek|gecir=normal|dikey|gudum|tek_hedef || varlik:aktor_yarat>kendin[silahla:dikey,suikastci]
11-10;Çağırma;Aynalı;Çekiç;hayir;Ayna klon, Ayna eşli;"yere vuruş → nokta 1m, hedef noktada (yerden yükselir, karşı noktada eşi, uyumsuz silah). Etkiler: aktor_yarat→sen 1 5sn [ayna_klon,silahla:dikey]; yansit→sen 0.3 2sn [ayna_sifati]";;;"yol=yere_vurus|sekil=point|dogar=hedef_noktada|temas=tek|gecir=normal|dikey|ayna || varlik:aktor_yarat>kendin[ayna_klon,silahla:dikey] ; yon:yansit>kendin[ayna_sifati]"
11-11;Çağırma;Kopya;Çekiç;hayir;Klon, Çift;yere vuruş → nokta 1m, hedef noktada (yerden yükselir, 2 kez (kopya), uyumsuz silah). Etkiler: klon→sen 1 5sn [senin_kopyan,silahla:dikey];;;yol=yere_vurus|sekil=point|dogar=hedef_noktada|temas=tek|gecir=normal|cogul|dikey || varlik:klon>kendin[senin_kopyan,silahla:dikey]
11-12;Çağırma;Akan;Çekiç;hayir;Akış;yere vuruş → nokta 1m, hedef noktada (yerden yükselir, sürekli akar, tik tik, uyumsuz silah). Etkiler: aktor_yarat→sen 3 5sn [akis,silahla:dikey];;;yol=yere_vurus|sekil=point|dogar=hedef_noktada|temas=tik|gecir=normal|dikey|surekli || varlik:aktor_yarat>kendin[akis,silahla:dikey]
12-1;Zaman;Yoğun;Çekiç;hayir;Delici;yere vuruş → silindir 2.2m, hedef noktada (delip geçer, yerden yükselir, uyumsuz silah). Etkiler: tempo→düşman 0.3 0.5sn [sert];;;yol=yere_vurus|sekil=cylinder|dogar=hedef_noktada|temas=tek|gecir=delici|dikey || hiz:tempo>dusman[sert]
12-2;Zaman;Emici;Çekiç;hayir;Zaman çalma;"yere vuruş → silindir 4m, hedef noktada (yerden yükselir, uyumsuz silah). Etkiler: tempo→düşman 0.7 1sn; tempo→sen 1.3 1sn [aktarim]; mermi_sil→düşman mermisi [yut]";;;"yol=yere_vurus|sekil=cylinder|dogar=hedef_noktada|temas=tek|gecir=normal|dikey || hiz:tempo>dusman[] ; hiz:tempo>kendin[aktarim] ; varlik:mermi_sil>dusman_nesnesi[yut]"
12-3;Zaman;Sıçrayan;Çekiç;hayir;Seken;yere vuruş → silindir 4.4m, hedef noktada (yerden yükselir, 2 kez seker, uyumsuz silah). Etkiler: tempo→düşman 0.7 1sn [seker];;;yol=yere_vurus|sekil=cylinder|dogar=hedef_noktada|temas=tek|gecir=normal|seker|dikey || hiz:tempo>dusman[seker]
12-4;Zaman;Sabit;Çekiç;hayir;Dondurma;yere vuruş → silindir 4m, hedef noktada (yerinde çapalı, yerden yükselir, uyumsuz silah). Etkiler: tempo→düşman 1sn [dondur];;;yol=yere_vurus|sekil=cylinder|dogar=hedef_noktada|temas=tek|gecir=normal|capali|dikey || hiz:tempo>dusman[dondur]
12-5;Zaman;Yayılan;Çekiç;hayir;Dalga;yere vuruş → silindir 7.2m, hedef noktada (dışa büyür, yerden yükselir, cephe geçerken, uyumsuz silah). Etkiler: tempo→düşman 0.7 1sn [dalga];;;yol=yere_vurus|sekil=cylinder|dogar=hedef_noktada|temas=cephe|gecir=normal|genisler|dikey || hiz:tempo>dusman[dalga]
12-6;Zaman;Bağlayıcı;Çekiç;hayir;Zaman senkronu, Bağ;"yere vuruş → bağ 4m, hedef noktada (sen↔hedef bağı, yerden yükselir, tik tik, uyumsuz silah). Etkiler: tempo→düşman 0.7 1sn [senkron]; hareket→düşman 1.5sn [bag_ucu]; hareket→düşman 0.7 1.5sn [bag_ucu,yavas]";;;"yol=yere_vurus|sekil=bag|dogar=hedef_noktada|temas=tik|gecir=normal|bag|dikey || hiz:hareket>dusman[bag_ucu,yavas] ; hiz:hareket>dusman[bag_ucu] ; hiz:tempo>dusman[senkron]"
12-7;Zaman;Bulandırıcı;Çekiç;hayir;Titreyen zaman, Sis;"yere vuruş → bulut 4m, hedef noktada (sis hacmi, yerden yükselir, tik tik, uyumsuz silah). Etkiler: tempo→düşman 0.7 1sn [titrer]; gizlen→dost 4sn [bulut_ici]; kor→düşman 0.3 4sn [bulut_ici]";;;"yol=yere_vurus|sekil=bulut|dogar=hedef_noktada|temas=tik|gecir=normal|bulut|dikey || gorunurluk:gizlen>dost[bulut_ici] ; gorunurluk:kor>dusman[bulut_ici] ; hiz:tempo>dusman[titrer]"
12-8;Zaman;Yükselen;Çekiç;hayir;Hızlanma, Yükselen;"yere vuruş → silindir 4m, hedef noktada (yerden yükselir, gücü artar, uyumsuz silah). Etkiler: tempo→sen 1.3 1sn [hizlanma]; hasar_buff→sen 0.1 3sn [yukselen]";;;"yol=yere_vurus|sekil=cylinder|dogar=hedef_noktada|temas=tek|gecir=normal|dikey|rampa || deger:hasar_buff>kendin[yukselen] ; hiz:tempo>kendin[hizlanma]"
12-9;Zaman;Odaklı;Çekiç;hayir;Gecikmeli an, Güdümlü;yere vuruş → silindir 4m, hedef noktada (yerden yükselir, hedefe kilitli, tek hedef, uyumsuz silah). Etkiler: tempo→düşman 0.7 1sn [isaretli_an];;;yol=yere_vurus|sekil=cylinder|dogar=hedef_noktada|temas=tek|gecir=normal|dikey|gudum|tek_hedef || hiz:tempo>dusman[isaretli_an]
12-10;Zaman;Aynalı;Çekiç;hayir;Geri sarma, Ayna eşli;"yere vuruş → silindir 4m, hedef noktada (yerden yükselir, karşı noktada eşi, uyumsuz silah). Etkiler: geri_sar→düşman 2 1sn [geri_sarma]; yansit→sen 0.3 2sn [ayna_sifati]";;;"yol=yere_vurus|sekil=cylinder|dogar=hedef_noktada|temas=tek|gecir=normal|dikey|ayna || hiz:geri_sar>dusman[geri_sarma] ; yon:yansit>kendin[ayna_sifati]"
12-11;Zaman;Kopya;Çekiç;hayir;Yankı, Çift;"yere vuruş → silindir 4m, hedef noktada (yerden yükselir, 2 kez (kopya), uyumsuz silah). Etkiler: tempo→düşman 0.7 1sn [iki_kez]; onceki_skill_tekrar→sen 1 [yanki]";;;"yol=yere_vurus|sekil=cylinder|dogar=hedef_noktada|temas=tek|gecir=normal|cogul|dikey || hiz:tempo>dusman[iki_kez] ; varlik:onceki_skill_tekrar>kendin[yanki]"
12-12;Zaman;Akan;Çekiç;hayir;Zaman alanı, Akış;"yere vuruş → silindir 4m, hedef noktada (yerden yükselir, sürekli akar, tik tik, uyumsuz silah). Etkiler: tempo→düşman 0.7 3sn [zaman_alani]; tempo→dost 1.3 3sn [zaman_alani]";;;"yol=yere_vurus|sekil=cylinder|dogar=hedef_noktada|temas=tik|gecir=normal|dikey|surekli || hiz:tempo>dost[zaman_alani] ; hiz:tempo>dusman[zaman_alani]"
1-1;Saldırı;Yoğun;Top;hayir;Delici;top mermisi (yay çizip düşer) → kapsül 0.8m, hedef noktada (delip geçer, uyumsuz silah). Etkiler: can→düşman -77.76;;;yol=balistik|sekil=capsule|dogar=hedef_noktada|temas=tek|gecir=delici|ucar || deger:can>dusman[]
1-2;Saldırı;Emici;Top;hayir;Girdap;"top mermisi (yay çizip düşer) → kapsül 1.5m, hedef noktada (içine çeker, uyumsuz silah). Etkiler: can→düşman -54.72; can→sen 16.42 [aktarim]; mermi_sil→düşman mermisi [yut]";;;"yol=balistik|sekil=capsule|dogar=hedef_noktada|temas=tek|gecir=normal|ucar|cekim || deger:can>dusman[] ; deger:can>kendin[aktarim] ; varlik:mermi_sil>dusman_nesnesi[yut]"
1-3;Saldırı;Sıçrayan;Top;hayir;Seken;top mermisi (yay çizip düşer) → kapsül 1.7m, hedef noktada (2 kez seker, uyumsuz silah). Etkiler: can→düşman -57.6 [seker];;;yol=balistik|sekil=capsule|dogar=hedef_noktada|temas=tek|gecir=normal|ucar|seker || deger:can>dusman[seker]
1-4;Saldırı;Sabit;Top;hayir;Mayın;top mermisi (yay çizip düşer) → kapsül 1.5m, hedef noktada (yerinde çapalı, içine girene, uyumsuz silah). Etkiler: can→düşman -57.6 [tuzak];çapalı + balistik = indiği yerde mayın/engel;;yol=balistik|sekil=capsule|dogar=hedef_noktada|temas=giris|gecir=normal|capali || deger:can>dusman[tuzak]
1-5;Saldırı;Yayılan;Top;hayir;Dalga;top mermisi (yay çizip düşer) → kapsül 2.7m, hedef noktada (dışa büyür, cephe geçerken, uyumsuz silah). Etkiler: can→düşman -48.96 [alan];;;yol=balistik|sekil=capsule|dogar=hedef_noktada|temas=cephe|gecir=normal|ucar|genisler || deger:can>dusman[alan]
1-6;Saldırı;Bağlayıcı;Top;hayir;Bağ;"top mermisi (yay çizip düşer) → bağ 1.5m, hedef noktada (sen↔hedef bağı, tik tik, uyumsuz silah). Etkiler: can→düşman -57.6 [bag_akisi]; hareket→düşman 1.5sn [bag_ucu]; hareket→düşman 0.7 1.5sn [bag_ucu,yavas]";;;"yol=balistik|sekil=bag|dogar=hedef_noktada|temas=tik|gecir=normal|ucar|bag || deger:can>dusman[bag_akisi] ; hiz:hareket>dusman[bag_ucu,yavas] ; hiz:hareket>dusman[bag_ucu]"
1-7;Saldırı;Bulandırıcı;Top;hayir;Sis;"top mermisi (yay çizip düşer) → bulut 1.5m, hedef noktada (sis hacmi, tik tik, uyumsuz silah). Etkiler: can→düşman -57.6 [bulut_tik]; gizlen→dost 3.2sn [bulut_ici]; kor→düşman 0.3 3.2sn [bulut_ici]";;;"yol=balistik|sekil=bulut|dogar=hedef_noktada|temas=tik|gecir=normal|ucar|bulut || deger:can>dusman[bulut_tik] ; gorunurluk:gizlen>dost[bulut_ici] ; gorunurluk:kor>dusman[bulut_ici]"
1-8;Saldırı;Yükselen;Top;hayir;Havaya atma, Yükselen;"top mermisi (yay çizip düşer) → kapsül 1.5m, hedef noktada (yerden yükselir, gücü artar, uyumsuz silah). Etkiler: can→düşman -57.6 [havaya_at]; hareket→düşman 0.8sn [havada]; hasar_buff→sen 0.1 3sn [yukselen]";;;"yol=balistik|sekil=capsule|dogar=hedef_noktada|temas=tek|gecir=normal|ucar|dikey|rampa || deger:can>dusman[havaya_at] ; deger:hasar_buff>kendin[yukselen] ; hiz:hareket>dusman[havada]"
1-9;Saldırı;Odaklı;Top;hayir;Güdümlü;top mermisi (yay çizip düşer) → kapsül 1.5m, hedef noktada (hedefe kilitli, tek hedef, uyumsuz silah). Etkiler: can→düşman -66.24 [iskalamaz,zirh_yoksay];;;yol=balistik|sekil=capsule|dogar=hedef_noktada|temas=tek|gecir=normal|ucar|gudum|tek_hedef || deger:can>dusman[iskalamaz,zirh_yoksay]
1-10;Saldırı;Aynalı;Top;hayir;Kıskaç, Ayna eşli;"top mermisi (yay çizip düşer) → kapsül 1.5m, hedef noktada (karşı noktada eşi, uyumsuz silah). Etkiler: can→düşman -57.6 [kiskac]; yansit→sen 0.3 2sn [ayna_sifati]";;;"yol=balistik|sekil=capsule|dogar=hedef_noktada|temas=tek|gecir=normal|ucar|ayna || deger:can>dusman[kiskac] ; yon:yansit>kendin[ayna_sifati]"
1-11;Saldırı;Kopya;Top;hayir;Çift;top mermisi (yay çizip düşer) → kapsül 1.5m, hedef noktada (2 kez (kopya), uyumsuz silah). Etkiler: can→düşman -57.6 [iki_kez];;;yol=balistik|sekil=capsule|dogar=hedef_noktada|temas=tek|gecir=normal|ucar|cogul || deger:can>dusman[iki_kez]
1-12;Saldırı;Akan;Top;hayir;İnen akış alanı, Akış;top mermisi (yay çizip düşer) → kapsül 1.5m, hedef noktada (sürekli akar, tik tik, uyumsuz silah). Etkiler: can→düşman -40.32 3sn [akis];sürekli + balistik = indiği yerde akan alan;;yol=balistik|sekil=capsule|dogar=hedef_noktada|temas=tik|gecir=normal|ucar|surekli || deger:can>dusman[akis]
2-1;İyileştirme;Yoğun;Top;hayir;Taşma;top mermisi (yay çizip düşer) → küre 1.1m, hedef noktada (tek hedef, uyumsuz silah). Etkiler: can→dost 37.8 [tasar];;;yol=balistik|sekil=sphere|dogar=hedef_noktada|temas=tek|gecir=normal|ucar|tek_hedef || deger:can>dost[tasar]
2-2;İyileştirme;Emici;Top;hayir;Emme/çalma;"top mermisi (yay çizip düşer) → küre 2m, hedef noktada (uyumsuz silah). Etkiler: can→düşman -26.6 [emme]; can→sen 26.6 [aktarim]; mermi_sil→düşman mermisi [yut]";;;"yol=balistik|sekil=sphere|dogar=hedef_noktada|temas=tek|gecir=normal|ucar || deger:can>dusman[emme] ; deger:can>kendin[aktarim] ; varlik:mermi_sil>dusman_nesnesi[yut]"
2-3;İyileştirme;Sıçrayan;Top;hayir;Seken;top mermisi (yay çizip düşer) → küre 2.2m, hedef noktada (2 kez seker, uyumsuz silah). Etkiler: can→dost 28 [dosttan_dosta];;;yol=balistik|sekil=sphere|dogar=hedef_noktada|temas=tek|gecir=normal|ucar|seker || deger:can>dost[dosttan_dosta]
2-4;İyileştirme;Sabit;Top;hayir;Totem;top mermisi (yay çizip düşer) → küre 2m, hedef noktada (yerinde çapalı, tik tik, uyumsuz silah). Etkiler: can→dost 28 [totem];çapalı + balistik = indiği yerde mayın/engel;;yol=balistik|sekil=sphere|dogar=hedef_noktada|temas=tik|gecir=normal|capali || deger:can>dost[totem]
2-5;İyileştirme;Yayılan;Top;hayir;Dalga;top mermisi (yay çizip düşer) → küre 3.6m, hedef noktada (dışa büyür, cephe geçerken, uyumsuz silah). Etkiler: can→dost 23.8 [alan];;;yol=balistik|sekil=sphere|dogar=hedef_noktada|temas=cephe|gecir=normal|ucar|genisler || deger:can>dost[alan]
2-6;İyileştirme;Bağlayıcı;Top;hayir;Can bağı, Bağ;"top mermisi (yay çizip düşer) → bağ 2m, hedef noktada (sen↔hedef bağı, tik tik, uyumsuz silah). Etkiler: can→dost 28 [can_bagi]; hasar_paylasimi→dost 0.5 1.5sn [bag]";;;"yol=balistik|sekil=bag|dogar=hedef_noktada|temas=tik|gecir=normal|ucar|bag || deger:can>dost[can_bagi] ; deger:hasar_paylasimi>dost[bag]"
2-7;İyileştirme;Bulandırıcı;Top;hayir;Sis;"top mermisi (yay çizip düşer) → bulut 2m, hedef noktada (sis hacmi, tik tik, uyumsuz silah). Etkiler: can→dost 28 [bulut_tik]; gizlen→dost 3.2sn [bulut_ici]; kor→düşman 0.3 3.2sn [bulut_ici]";;;"yol=balistik|sekil=bulut|dogar=hedef_noktada|temas=tik|gecir=normal|ucar|bulut || deger:can>dost[bulut_tik] ; gorunurluk:gizlen>dost[bulut_ici] ; gorunurluk:kor>dusman[bulut_ici]"
2-8;İyileştirme;Yükselen;Top;hayir;Yükselen;"top mermisi (yay çizip düşer) → küre 2m, hedef noktada (yerden yükselir, gücü artar, uyumsuz silah). Etkiler: can→dost 28 [buyuyen]; hasar_buff→sen 0.1 3sn [yukselen]";;;"yol=balistik|sekil=sphere|dogar=hedef_noktada|temas=tek|gecir=normal|ucar|dikey|rampa || deger:can>dost[buyuyen] ; deger:hasar_buff>kendin[yukselen]"
2-9;İyileştirme;Odaklı;Top;hayir;Koruyucu tetik, Güdümlü;top mermisi (yay çizip düşer) → küre 2m, hedef noktada (hedefe kilitli, tek hedef, uyumsuz silah). Etkiler: can→dost 32.2 [koruyucu_tetik];;;yol=balistik|sekil=sphere|dogar=hedef_noktada|temas=tek|gecir=normal|ucar|gudum|tek_hedef || deger:can>dost[koruyucu_tetik]
2-10;İyileştirme;Aynalı;Top;hayir;Ters kopya, Ayna eşli;"top mermisi (yay çizip düşer) → küre 2m, hedef noktada (karşı noktada eşi, uyumsuz silah). Etkiler: can→dost 28; can→düşman -8.4 [ters_kopya]; yansit→sen 0.3 2sn [ayna_sifati]";;;"yol=balistik|sekil=sphere|dogar=hedef_noktada|temas=tek|gecir=normal|ucar|ayna || deger:can>dost[] ; deger:can>dusman[ters_kopya] ; yon:yansit>kendin[ayna_sifati]"
2-11;İyileştirme;Kopya;Top;hayir;Çift;top mermisi (yay çizip düşer) → küre 2m, hedef noktada (2 kez (kopya), uyumsuz silah). Etkiler: can→dost 28 [iki_kez];;;yol=balistik|sekil=sphere|dogar=hedef_noktada|temas=tek|gecir=normal|ucar|cogul || deger:can>dost[iki_kez]
2-12;İyileştirme;Akan;Top;hayir;İnen akış alanı, Akış;top mermisi (yay çizip düşer) → küre 2m, hedef noktada (sürekli akar, tik tik, uyumsuz silah). Etkiler: can→dost 19.6 3sn [akis];sürekli + balistik = indiği yerde akan alan;;yol=balistik|sekil=sphere|dogar=hedef_noktada|temas=tik|gecir=normal|ucar|surekli || deger:can>dost[akis]
3-1;Hareket;Yoğun;Top;hayir;Fırlatılma, Faz geçişi;top mermisi (yay çizip düşer) → çizgi 1.7m, sende (tek hedef, uyumsuz silah). Etkiler: kendini_tasi→sen 9 [faz,yol:firlatilma];;;yol=balistik|sekil=line|dogar=sende|temas=tek|gecir=normal|ucar|tek_hedef || konum:kendini_tasi>kendin[faz,yol:firlatilma]
3-2;Hareket;Emici;Top;hayir;Hedefi sana çekme, Fırlatılma, Girdap;"top mermisi (yay çizip düşer) → çizgi 3m, sende (içine çeker, uyumsuz silah). Etkiler: cek→düşman 9 [sana_dogru,yol:firlatilma]; mermi_sil→düşman mermisi [yut]";;;"yol=balistik|sekil=line|dogar=sende|temas=tek|gecir=normal|ucar|cekim || konum:cek>dusman[sana_dogru,yol:firlatilma] ; varlik:mermi_sil>dusman_nesnesi[yut]"
3-3;Hareket;Sıçrayan;Top;hayir;Fırlatılma, Sekmeli zıplama, Seken;top mermisi (yay çizip düşer) → çizgi 3.3m, sende (2 kez seker, uyumsuz silah). Etkiler: kendini_tasi→sen 9 [sekmeli,yol:firlatilma];;;yol=balistik|sekil=line|dogar=sende|temas=tek|gecir=normal|ucar|seker || konum:kendini_tasi>kendin[sekmeli,yol:firlatilma]
3-4;Hareket;Sabit;Top;hayir;İşaretle-geri dön, Fırlatılma;top mermisi (yay çizip düşer) → çizgi 3m, sende (yerinde çapalı, uyumsuz silah). Etkiler: isaret_geri_don→sen 9 2.2sn [geri_donus,yol:firlatilma];çapalı + balistik = indiği yerde mayın/engel;;yol=balistik|sekil=line|dogar=sende|temas=tek|gecir=normal|capali || konum:isaret_geri_don>kendin[geri_donus,yol:firlatilma]
3-5;Hareket;Yayılan;Top;hayir;Fırlatılma, İniş şok dalgası, Dalga;"top mermisi (yay çizip düşer) → çizgi 5.4m, sende (dışa büyür, cephe geçerken, uyumsuz silah). Etkiler: kendini_tasi→sen 9 [inis_dalgasi,yol:firlatilma]; it→düşman [dalga]";;;"yol=balistik|sekil=line|dogar=sende|temas=cephe|gecir=normal|ucar|genisler || konum:it>dusman[dalga] ; konum:kendini_tasi>kendin[inis_dalgasi,yol:firlatilma]"
3-6;Hareket;Bağlayıcı;Top;hayir;Yer değiştirme, Fırlatılma, Bağ;"top mermisi (yay çizip düşer) → bağ 3m, sende (sen↔hedef bağı, tik tik, uyumsuz silah). Etkiler: yer_degistir→düşman 9 [iki_uc,yol:firlatilma]; hareket→düşman 1.5sn [bag_ucu]; hareket→düşman 0.7 1.5sn [bag_ucu,yavas]";;;"yol=balistik|sekil=bag|dogar=sende|temas=tik|gecir=normal|ucar|bag || hiz:hareket>dusman[bag_ucu,yavas] ; hiz:hareket>dusman[bag_ucu] ; konum:yer_degistir>dusman[iki_uc,yol:firlatilma]"
3-7;Hareket;Bulandırıcı;Top;hayir;Görünmez geçiş, Fırlatılma, Sis;"top mermisi (yay çizip düşer) → bulut 3m, sende (sis hacmi, tik tik, uyumsuz silah). Etkiler: kendini_tasi→sen 9 [gorunmez_gecis,yol:firlatilma]; gizlen→dost 3.2sn [bulut_ici]; kor→düşman 0.3 3.2sn [bulut_ici]";;;"yol=balistik|sekil=bulut|dogar=sende|temas=tik|gecir=normal|ucar|bulut || gorunurluk:gizlen>dost[bulut_ici] ; gorunurluk:kor>dusman[bulut_ici] ; konum:kendini_tasi>kendin[gorunmez_gecis,yol:firlatilma]"
3-8;Hareket;Yükselen;Top;hayir;Sıçrayıp çakılma, Fırlatılma, Yükselen;"top mermisi (yay çizip düşer) → çizgi 3m, sende (yerden yükselir, gücü artar, uyumsuz silah). Etkiler: kendini_tasi→sen 9 [sicrayip_cakil,yol:firlatilma]; hasar_buff→sen 0.1 3sn [yukselen]";;;"yol=balistik|sekil=line|dogar=sende|temas=tek|gecir=normal|ucar|dikey|rampa || deger:hasar_buff>kendin[yukselen] ; konum:kendini_tasi>kendin[sicrayip_cakil,yol:firlatilma]"
3-9;Hareket;Odaklı;Top;hayir;Arkaya ışınlanma, Fırlatılma, Güdümlü;top mermisi (yay çizip düşer) → çizgi 3m, sende (hedefe kilitli, tek hedef, uyumsuz silah). Etkiler: hedefin_arkasina→sen 9 [isinlanma,yol:firlatilma];;;yol=balistik|sekil=line|dogar=sende|temas=tek|gecir=normal|ucar|gudum|tek_hedef || konum:hedefin_arkasina>kendin[isinlanma,yol:firlatilma]
3-10;Hareket;Aynalı;Top;hayir;Portal, Fırlatılma, Ayna eşli;"top mermisi (yay çizip düşer) → çizgi 3m, sende (karşı noktada eşi, uyumsuz silah). Etkiler: portal→sen 9 4sn [portal_cifti,yol:firlatilma]; yansit→sen 0.3 2sn [ayna_sifati]";;;"yol=balistik|sekil=line|dogar=sende|temas=tek|gecir=normal|ucar|ayna || konum:portal>kendin[portal_cifti,yol:firlatilma] ; yon:yansit>kendin[ayna_sifati]"
3-11;Hareket;Kopya;Top;hayir;Fırlatılma, Yem kopya, Çift;"top mermisi (yay çizip düşer) → çizgi 3m, sende (2 kez (kopya), uyumsuz silah). Etkiler: kendini_tasi→sen 9 [ardinda_kopya,yol:firlatilma]; yem_kopya→sen 1 2sn [dikkat_ceker]";;;"yol=balistik|sekil=line|dogar=sende|temas=tek|gecir=normal|ucar|cogul || konum:kendini_tasi>kendin[ardinda_kopya,yol:firlatilma] ; varlik:yem_kopya>kendin[dikkat_ceker]"
3-12;Hareket;Akan;Top;hayir;Fırlatılma, Süzülme, İnen akış alanı, Akış;top mermisi (yay çizip düşer) → çizgi 3m, sende (sürekli akar, tik tik, uyumsuz silah). Etkiler: kendini_tasi→sen 9 3sn [suzulme,yol:firlatilma];sürekli + balistik = indiği yerde akan alan;;yol=balistik|sekil=line|dogar=sende|temas=tik|gecir=normal|ucar|surekli || konum:kendini_tasi>kendin[suzulme,yol:firlatilma]
4-1;Savunma;Yoğun;Top;hayir;Taşma;top mermisi (yay çizip düşer) → küre 0.8m, hedef noktada (katı, tek hedef, uyumsuz silah). Etkiler: kalkan→dost 54 [tasar];;;yol=balistik|sekil=sphere|dogar=hedef_noktada|temas=tek|gecir=kati|ucar|tek_hedef || deger:kalkan>dost[tasar]
4-2;Savunma;Emici;Top;hayir;Emme/çalma;"top mermisi (yay çizip düşer) → küre 1.5m, hedef noktada (katı, uyumsuz silah). Etkiler: can→düşman -38 [emme]; kalkan→sen 38 [aktarim]; mermi_sil→düşman mermisi [yut]";;;"yol=balistik|sekil=sphere|dogar=hedef_noktada|temas=tek|gecir=kati|ucar || deger:can>dusman[emme] ; deger:kalkan>kendin[aktarim] ; varlik:mermi_sil>dusman_nesnesi[yut]"
4-3;Savunma;Sıçrayan;Top;hayir;Seken;top mermisi (yay çizip düşer) → küre 1.7m, hedef noktada (katı, 2 kez seker, uyumsuz silah). Etkiler: kalkan→dost 40 [dosttan_dosta];;;yol=balistik|sekil=sphere|dogar=hedef_noktada|temas=tek|gecir=kati|ucar|seker || deger:kalkan>dost[dosttan_dosta]
4-4;Savunma;Sabit;Top;hayir;Duvar, Totem;top mermisi (yay çizip düşer) → küre 1.5m, hedef noktada (yerinde çapalı, katı, tik tik, uyumsuz silah). Etkiler: kalkan→dost 40 [totem];çapalı + balistik = indiği yerde mayın/engel;;yol=balistik|sekil=sphere|dogar=hedef_noktada|temas=tik|gecir=kati|capali || deger:kalkan>dost[totem]
4-5;Savunma;Yayılan;Top;hayir;Dalga;top mermisi (yay çizip düşer) → küre 2.7m, hedef noktada (katı, dışa büyür, cephe geçerken, uyumsuz silah). Etkiler: kalkan→dost 34 [alan];;;yol=balistik|sekil=sphere|dogar=hedef_noktada|temas=cephe|gecir=kati|ucar|genisler || deger:kalkan>dost[alan]
4-6;Savunma;Bağlayıcı;Top;hayir;Can bağı, Bağ;"top mermisi (yay çizip düşer) → bağ 1.5m, hedef noktada (katı, sen↔hedef bağı, tik tik, uyumsuz silah). Etkiler: kalkan→dost 40 [can_bagi]; hasar_paylasimi→dost 0.5 1.5sn [bag]";;;"yol=balistik|sekil=bag|dogar=hedef_noktada|temas=tik|gecir=kati|ucar|bag || deger:hasar_paylasimi>dost[bag] ; deger:kalkan>dost[can_bagi]"
4-7;Savunma;Bulandırıcı;Top;hayir;Sis;"top mermisi (yay çizip düşer) → bulut 1.5m, hedef noktada (katı, sis hacmi, tik tik, uyumsuz silah). Etkiler: kalkan→dost 40 [bulut_tik]; gizlen→dost 3.5sn [bulut_ici]; kor→düşman 0.3 3.5sn [bulut_ici]";;;"yol=balistik|sekil=bulut|dogar=hedef_noktada|temas=tik|gecir=kati|ucar|bulut || deger:kalkan>dost[bulut_tik] ; gorunurluk:gizlen>dost[bulut_ici] ; gorunurluk:kor>dusman[bulut_ici]"
4-8;Savunma;Yükselen;Top;hayir;Yükselen;"top mermisi (yay çizip düşer) → küre 1.5m, hedef noktada (katı, yerden yükselir, gücü artar, uyumsuz silah). Etkiler: kalkan→dost 40 [buyuyen]; hasar_buff→sen 0.1 3sn [yukselen]";;;"yol=balistik|sekil=sphere|dogar=hedef_noktada|temas=tek|gecir=kati|ucar|dikey|rampa || deger:hasar_buff>kendin[yukselen] ; deger:kalkan>dost[buyuyen]"
4-9;Savunma;Odaklı;Top;hayir;Koruyucu tetik, Güdümlü;top mermisi (yay çizip düşer) → küre 1.5m, hedef noktada (katı, hedefe kilitli, tek hedef, uyumsuz silah). Etkiler: kalkan→dost 46 [koruyucu_tetik];;;yol=balistik|sekil=sphere|dogar=hedef_noktada|temas=tek|gecir=kati|ucar|gudum|tek_hedef || deger:kalkan>dost[koruyucu_tetik]
4-10;Savunma;Aynalı;Top;hayir;Ters kopya, Ayna eşli;"top mermisi (yay çizip düşer) → küre 1.5m, hedef noktada (katı, karşı noktada eşi, uyumsuz silah). Etkiler: kalkan→dost 40; can→düşman -12 [ters_kopya]; yansit→sen 0.3 2sn [ayna_sifati]";;;"yol=balistik|sekil=sphere|dogar=hedef_noktada|temas=tek|gecir=kati|ucar|ayna || deger:can>dusman[ters_kopya] ; deger:kalkan>dost[] ; yon:yansit>kendin[ayna_sifati]"
4-11;Savunma;Kopya;Top;hayir;Çift;top mermisi (yay çizip düşer) → küre 1.5m, hedef noktada (katı, 2 kez (kopya), uyumsuz silah). Etkiler: kalkan→dost 40 [iki_kez];;;yol=balistik|sekil=sphere|dogar=hedef_noktada|temas=tek|gecir=kati|ucar|cogul || deger:kalkan>dost[iki_kez]
4-12;Savunma;Akan;Top;hayir;İnen akış alanı, Akış;top mermisi (yay çizip düşer) → küre 1.5m, hedef noktada (katı, sürekli akar, tik tik, uyumsuz silah). Etkiler: kalkan→dost 28 3sn [akis];sürekli + balistik = indiği yerde akan alan;;yol=balistik|sekil=sphere|dogar=hedef_noktada|temas=tik|gecir=kati|ucar|surekli || deger:kalkan>dost[akis]
5-1;Patlama;Yoğun;Top;evet;Delici;"top mermisi (yay çizip düşer) → küre 1.7m, hedef noktada (delip geçer). Etkiler: can→düşman -68.04; it→düşman [sert]";;;"yol=balistik|sekil=sphere|dogar=hedef_noktada|temas=tek|gecir=delici|ucar || deger:can>dusman[] ; konum:it>dusman[sert]"
5-2;Patlama;Emici;Top;evet;İçe çöküş, Girdap;"top mermisi (yay çizip düşer) → küre 3m, hedef noktada (içine çeker). Etkiler: can→düşman -47.88; cek→düşman [merkeze]; can→sen 14.36 [aktarim]; mermi_sil→düşman mermisi [yut]";;;"yol=balistik|sekil=sphere|dogar=hedef_noktada|temas=tek|gecir=normal|ucar|cekim || deger:can>dusman[] ; deger:can>kendin[aktarim] ; konum:cek>dusman[merkeze] ; varlik:mermi_sil>dusman_nesnesi[yut]"
5-3;Patlama;Sıçrayan;Top;evet;Seken;"top mermisi (yay çizip düşer) → küre 3.3m, hedef noktada (2 kez seker). Etkiler: can→düşman -50.4 [seker]; it→düşman [seker]";;;"yol=balistik|sekil=sphere|dogar=hedef_noktada|temas=tek|gecir=normal|ucar|seker || deger:can>dusman[seker] ; konum:it>dusman[seker]"
5-4;Patlama;Sabit;Top;evet;Mayın;"top mermisi (yay çizip düşer) → küre 3m, hedef noktada (yerinde çapalı, içine girene). Etkiler: can→düşman -50.4 [tuzak]; it→düşman [tuzak]";çapalı + balistik = indiği yerde mayın/engel;;"yol=balistik|sekil=sphere|dogar=hedef_noktada|temas=giris|gecir=normal|capali || deger:can>dusman[tuzak] ; konum:it>dusman[tuzak]"
5-5;Patlama;Yayılan;Top;evet;Dalga;"top mermisi (yay çizip düşer) → küre 5.4m, hedef noktada (dışa büyür, cephe geçerken). Etkiler: can→düşman -42.84 [alan]; it→düşman [dalga]";;;"yol=balistik|sekil=sphere|dogar=hedef_noktada|temas=cephe|gecir=normal|ucar|genisler || deger:can>dusman[alan] ; konum:it>dusman[dalga]"
5-6;Patlama;Bağlayıcı;Top;evet;Bağla çekme, Bağ;"top mermisi (yay çizip düşer) → bağ 3m, hedef noktada (sen↔hedef bağı, tik tik). Etkiler: can→düşman -50.4 [bag_akisi]; cek→düşman [bag_boyunca]; hareket→düşman 1.5sn [bag_ucu]; hareket→düşman 0.7 1.5sn [bag_ucu,yavas]";;;"yol=balistik|sekil=bag|dogar=hedef_noktada|temas=tik|gecir=normal|ucar|bag || deger:can>dusman[bag_akisi] ; hiz:hareket>dusman[bag_ucu,yavas] ; hiz:hareket>dusman[bag_ucu] ; konum:cek>dusman[bag_boyunca]"
5-7;Patlama;Bulandırıcı;Top;evet;Sis;"top mermisi (yay çizip düşer) → bulut 3m, hedef noktada (sis hacmi, tik tik). Etkiler: can→düşman -50.4 [bulut_tik]; it→düşman [sis_patlamasi]; gizlen→dost 3.2sn [bulut_ici]; kor→düşman 0.3 3.2sn [bulut_ici]";;;"yol=balistik|sekil=bulut|dogar=hedef_noktada|temas=tik|gecir=normal|ucar|bulut || deger:can>dusman[bulut_tik] ; gorunurluk:gizlen>dost[bulut_ici] ; gorunurluk:kor>dusman[bulut_ici] ; konum:it>dusman[sis_patlamasi]"
5-8;Patlama;Yükselen;Top;evet;Havaya atma, Yükselen;"top mermisi (yay çizip düşer) → küre 3m, hedef noktada (yerden yükselir, gücü artar). Etkiler: can→düşman -50.4 [havaya_at]; it→düşman [yukari_firlat]; hareket→düşman 0.8sn [havada]; hasar_buff→sen 0.1 3sn [yukselen]";;;"yol=balistik|sekil=sphere|dogar=hedef_noktada|temas=tek|gecir=normal|ucar|dikey|rampa || deger:can>dusman[havaya_at] ; deger:hasar_buff>kendin[yukselen] ; hiz:hareket>dusman[havada] ; konum:it>dusman[yukari_firlat]"
5-9;Patlama;Odaklı;Top;evet;Güdümlü;"top mermisi (yay çizip düşer) → küre 3m, hedef noktada (hedefe kilitli, tek hedef). Etkiler: can→düşman -57.96 [iskalamaz,zirh_yoksay]; it→düşman [tek_hedef]";;;"yol=balistik|sekil=sphere|dogar=hedef_noktada|temas=tek|gecir=normal|ucar|gudum|tek_hedef || deger:can>dusman[iskalamaz,zirh_yoksay] ; konum:it>dusman[tek_hedef]"
5-10;Patlama;Aynalı;Top;evet;Kıskaç, Ayna eşli;"top mermisi (yay çizip düşer) → küre 3m, hedef noktada (karşı noktada eşi). Etkiler: can→düşman -50.4 [kiskac]; it→düşman [iki_uctan]; yansit→sen 0.3 2sn [ayna_sifati]";;;"yol=balistik|sekil=sphere|dogar=hedef_noktada|temas=tek|gecir=normal|ucar|ayna || deger:can>dusman[kiskac] ; konum:it>dusman[iki_uctan] ; yon:yansit>kendin[ayna_sifati]"
5-11;Patlama;Kopya;Top;evet;Çift;"top mermisi (yay çizip düşer) → küre 3m, hedef noktada (2 kez (kopya)). Etkiler: can→düşman -50.4 [iki_kez]; it→düşman [iki_kez]";;;"yol=balistik|sekil=sphere|dogar=hedef_noktada|temas=tek|gecir=normal|ucar|cogul || deger:can>dusman[iki_kez] ; konum:it>dusman[iki_kez]"
5-12;Patlama;Akan;Top;evet;Akıntı, İnen akış alanı, Akış;"top mermisi (yay çizip düşer) → küre 3m, hedef noktada (sürekli akar, tik tik). Etkiler: can→düşman -35.28 3sn [akis]; it→düşman [akinti]";sürekli + balistik = indiği yerde akan alan;;"yol=balistik|sekil=sphere|dogar=hedef_noktada|temas=tik|gecir=normal|ucar|surekli || deger:can>dusman[akis] ; konum:it>dusman[akinti]"
6-1;Kontrol;Yoğun;Top;evet;Delici;"top mermisi (yay çizip düşer) → koni 2.2m, hedef noktada (delip geçer). Etkiler: hareket→düşman 0.8sn [sert]; can→düşman -19.44";;;"yol=balistik|sekil=cone|dogar=hedef_noktada|temas=tek|gecir=delici|ucar || deger:can>dusman[] ; hiz:hareket>dusman[sert]"
6-2;Kontrol;Emici;Top;evet;Hedefi sana çekme, Girdap;"top mermisi (yay çizip düşer) → koni 4m, hedef noktada (içine çeker). Etkiler: hareket→düşman 1.5sn; can→düşman -13.68; cek→düşman [sana_dogru]; can→sen 4.1 [aktarim]; mermi_sil→düşman mermisi [yut]";;;"yol=balistik|sekil=cone|dogar=hedef_noktada|temas=tek|gecir=normal|ucar|cekim || deger:can>dusman[] ; deger:can>kendin[aktarim] ; hiz:hareket>dusman[] ; konum:cek>dusman[sana_dogru] ; varlik:mermi_sil>dusman_nesnesi[yut]"
6-3;Kontrol;Sıçrayan;Top;evet;Seken;"top mermisi (yay çizip düşer) → koni 4.4m, hedef noktada (2 kez seker). Etkiler: hareket→düşman 1.5sn [seker]; can→düşman -14.4 [seker]";;;"yol=balistik|sekil=cone|dogar=hedef_noktada|temas=tek|gecir=normal|ucar|seker || deger:can>dusman[seker] ; hiz:hareket>dusman[seker]"
6-4;Kontrol;Sabit;Top;evet;Mayın;"top mermisi (yay çizip düşer) → koni 4m, hedef noktada (yerinde çapalı, içine girene). Etkiler: hareket→düşman 3.5sn [uzun]; can→düşman -14.4 [tuzak]";çapalı + balistik = indiği yerde mayın/engel;;"yol=balistik|sekil=cone|dogar=hedef_noktada|temas=giris|gecir=normal|capali || deger:can>dusman[tuzak] ; hiz:hareket>dusman[uzun]"
6-5;Kontrol;Yayılan;Top;evet;Dalga;"top mermisi (yay çizip düşer) → koni 7.2m, hedef noktada (dışa büyür, cephe geçerken). Etkiler: hareket→düşman 1.5sn [dalga]; can→düşman -12.24 [alan]";;;"yol=balistik|sekil=cone|dogar=hedef_noktada|temas=cephe|gecir=normal|ucar|genisler || deger:can>dusman[alan] ; hiz:hareket>dusman[dalga]"
6-6;Kontrol;Bağlayıcı;Top;evet;Tasma, Bağ;"top mermisi (yay çizip düşer) → bağ 4m, hedef noktada (sen↔hedef bağı, tik tik). Etkiler: hareket→düşman 1.5sn [tasma]; can→düşman -14.4 [bag_akisi]; hareket→düşman 1.5sn [bag_ucu]; hareket→düşman 0.7 1.5sn [bag_ucu,yavas]";;;"yol=balistik|sekil=bag|dogar=hedef_noktada|temas=tik|gecir=normal|ucar|bag || deger:can>dusman[bag_akisi] ; hiz:hareket>dusman[bag_ucu,yavas] ; hiz:hareket>dusman[bag_ucu] ; hiz:hareket>dusman[tasma]"
6-7;Kontrol;Bulandırıcı;Top;evet;Sis;"top mermisi (yay çizip düşer) → bulut 4m, hedef noktada (sis hacmi, tik tik). Etkiler: hareket→düşman 1.5sn [bulut_tik]; can→düşman -14.4 [bulut_tik]; gizlen→dost 3.2sn [bulut_ici]; kor→düşman 0.3 3.2sn [bulut_ici]";;;"yol=balistik|sekil=bulut|dogar=hedef_noktada|temas=tik|gecir=normal|ucar|bulut || deger:can>dusman[bulut_tik] ; gorunurluk:gizlen>dost[bulut_ici] ; gorunurluk:kor>dusman[bulut_ici] ; hiz:hareket>dusman[bulut_tik]"
6-8;Kontrol;Yükselen;Top;evet;Havaya atma, Yükselen;"top mermisi (yay çizip düşer) → koni 4m, hedef noktada (yerden yükselir, gücü artar). Etkiler: hareket→düşman 1.5sn [havaya_at]; can→düşman -14.4 [havaya_at]; hasar_buff→sen 0.1 3sn [yukselen]";;;"yol=balistik|sekil=cone|dogar=hedef_noktada|temas=tek|gecir=normal|ucar|dikey|rampa || deger:can>dusman[havaya_at] ; deger:hasar_buff>kendin[yukselen] ; hiz:hareket>dusman[havaya_at]"
6-9;Kontrol;Odaklı;Top;evet;Gecikmeli an, Güdümlü;"top mermisi (yay çizip düşer) → koni 4m, hedef noktada (hedefe kilitli, tek hedef). Etkiler: hareket→düşman 1.5sn [isaretli_an]; can→düşman -16.56 [iskalamaz,zirh_yoksay]";;;"yol=balistik|sekil=cone|dogar=hedef_noktada|temas=tek|gecir=normal|ucar|gudum|tek_hedef || deger:can>dusman[iskalamaz,zirh_yoksay] ; hiz:hareket>dusman[isaretli_an]"
6-10;Kontrol;Aynalı;Top;evet;Kıskaç, Ters kontrol, Ayna eşli;"top mermisi (yay çizip düşer) → koni 4m, hedef noktada (karşı noktada eşi). Etkiler: hareket→düşman 1.5sn [ters_kontrol]; can→düşman -14.4 [kiskac]; yansit→sen 0.3 2sn [ayna_sifati]";;;"yol=balistik|sekil=cone|dogar=hedef_noktada|temas=tek|gecir=normal|ucar|ayna || deger:can>dusman[kiskac] ; hiz:hareket>dusman[ters_kontrol] ; yon:yansit>kendin[ayna_sifati]"
6-11;Kontrol;Kopya;Top;evet;Çift;"top mermisi (yay çizip düşer) → koni 4m, hedef noktada (2 kez (kopya)). Etkiler: hareket→düşman 1.5sn [iki_kez]; can→düşman -14.4 [iki_kez]";;;"yol=balistik|sekil=cone|dogar=hedef_noktada|temas=tek|gecir=normal|ucar|cogul || deger:can>dusman[iki_kez] ; hiz:hareket>dusman[iki_kez]"
6-12;Kontrol;Akan;Top;evet;Bataklık, İnen akış alanı, Akış;"top mermisi (yay çizip düşer) → koni 4m, hedef noktada (sürekli akar, tik tik). Etkiler: hareket→düşman 3sn [bataklik]; can→düşman -10.08 3sn [akis]";sürekli + balistik = indiği yerde akan alan;;"yol=balistik|sekil=cone|dogar=hedef_noktada|temas=tik|gecir=normal|ucar|surekli || deger:can>dusman[akis] ; hiz:hareket>dusman[bataklik]"
7-1;Zayıflatma;Yoğun;Top;evet;Delici;"top mermisi (yay çizip düşer) → kapsül 1.7m, hedef noktada (delip geçer). Etkiler: zirh→düşman -0.27 2sn; can→düşman -12.15";;;"yol=balistik|sekil=capsule|dogar=hedef_noktada|temas=tek|gecir=delici|ucar || deger:can>dusman[] ; deger:zirh>dusman[]"
7-2;Zayıflatma;Emici;Top;evet;Girdap;"top mermisi (yay çizip düşer) → kapsül 3m, hedef noktada (içine çeker). Etkiler: zirh→düşman -0.19 4sn; can→düşman -8.55; zirh→sen 0.06 4sn [aktarim]; can→sen 2.57 [aktarim]; mermi_sil→düşman mermisi [yut]";;;"yol=balistik|sekil=capsule|dogar=hedef_noktada|temas=tek|gecir=normal|ucar|cekim || deger:can>dusman[] ; deger:can>kendin[aktarim] ; deger:zirh>dusman[] ; deger:zirh>kendin[aktarim] ; varlik:mermi_sil>dusman_nesnesi[yut]"
7-3;Zayıflatma;Sıçrayan;Top;evet;Seken;"top mermisi (yay çizip düşer) → kapsül 3.3m, hedef noktada (2 kez seker). Etkiler: zirh→düşman -0.2 4sn [seker]; can→düşman -9 [seker]";;;"yol=balistik|sekil=capsule|dogar=hedef_noktada|temas=tek|gecir=normal|ucar|seker || deger:can>dusman[seker] ; deger:zirh>dusman[seker]"
7-4;Zayıflatma;Sabit;Top;evet;Mayın;"top mermisi (yay çizip düşer) → kapsül 3m, hedef noktada (yerinde çapalı, içine girene). Etkiler: zirh→düşman -0.2 4sn [tuzak]; can→düşman -9 [tuzak]";çapalı + balistik = indiği yerde mayın/engel;;"yol=balistik|sekil=capsule|dogar=hedef_noktada|temas=giris|gecir=normal|capali || deger:can>dusman[tuzak] ; deger:zirh>dusman[tuzak]"
7-5;Zayıflatma;Yayılan;Top;evet;Dalga;"top mermisi (yay çizip düşer) → kapsül 5.4m, hedef noktada (dışa büyür, cephe geçerken). Etkiler: zirh→düşman -0.17 4sn [alan]; can→düşman -7.65 [alan]";;;"yol=balistik|sekil=capsule|dogar=hedef_noktada|temas=cephe|gecir=normal|ucar|genisler || deger:can>dusman[alan] ; deger:zirh>dusman[alan]"
7-6;Zayıflatma;Bağlayıcı;Top;evet;Bağ;"top mermisi (yay çizip düşer) → bağ 3m, hedef noktada (sen↔hedef bağı, tik tik). Etkiler: zirh→düşman -0.2 4sn [bag_akisi]; can→düşman -9 [bag_akisi]; hareket→düşman 1.5sn [bag_ucu]; hareket→düşman 0.7 1.5sn [bag_ucu,yavas]";;;"yol=balistik|sekil=bag|dogar=hedef_noktada|temas=tik|gecir=normal|ucar|bag || deger:can>dusman[bag_akisi] ; deger:zirh>dusman[bag_akisi] ; hiz:hareket>dusman[bag_ucu,yavas] ; hiz:hareket>dusman[bag_ucu]"
7-7;Zayıflatma;Bulandırıcı;Top;evet;Sis;"top mermisi (yay çizip düşer) → bulut 3m, hedef noktada (sis hacmi, tik tik). Etkiler: zirh→düşman -0.2 4sn [bulut_tik]; can→düşman -9 [bulut_tik]; gizlen→dost 3.2sn [bulut_ici]; kor→düşman 0.3 3.2sn [bulut_ici]";;;"yol=balistik|sekil=bulut|dogar=hedef_noktada|temas=tik|gecir=normal|ucar|bulut || deger:can>dusman[bulut_tik] ; deger:zirh>dusman[bulut_tik] ; gorunurluk:gizlen>dost[bulut_ici] ; gorunurluk:kor>dusman[bulut_ici]"
7-8;Zayıflatma;Yükselen;Top;evet;Havaya atma, Yükselen;"top mermisi (yay çizip düşer) → kapsül 3m, hedef noktada (yerden yükselir, gücü artar). Etkiler: zirh→düşman -0.2 4sn [havaya_at]; can→düşman -9 [havaya_at]; hareket→düşman 0.8sn [havada]; hasar_buff→sen 0.1 3sn [yukselen]";;;"yol=balistik|sekil=capsule|dogar=hedef_noktada|temas=tek|gecir=normal|ucar|dikey|rampa || deger:can>dusman[havaya_at] ; deger:hasar_buff>kendin[yukselen] ; deger:zirh>dusman[havaya_at] ; hiz:hareket>dusman[havada]"
7-9;Zayıflatma;Odaklı;Top;evet;Gecikmeli an, Güdümlü;"top mermisi (yay çizip düşer) → kapsül 3m, hedef noktada (hedefe kilitli, tek hedef). Etkiler: zirh→düşman -0.23 4sn [isaretli_an]; can→düşman -10.35 [iskalamaz,zirh_yoksay]";;;"yol=balistik|sekil=capsule|dogar=hedef_noktada|temas=tek|gecir=normal|ucar|gudum|tek_hedef || deger:can>dusman[iskalamaz,zirh_yoksay] ; deger:zirh>dusman[isaretli_an]"
7-10;Zayıflatma;Aynalı;Top;evet;Kıskaç, Ayna eşli;"top mermisi (yay çizip düşer) → kapsül 3m, hedef noktada (karşı noktada eşi). Etkiler: zirh→düşman -0.2 4sn [kiskac]; can→düşman -9 [kiskac]; yansit→sen 0.3 2sn [ayna_sifati]";;;"yol=balistik|sekil=capsule|dogar=hedef_noktada|temas=tek|gecir=normal|ucar|ayna || deger:can>dusman[kiskac] ; deger:zirh>dusman[kiskac] ; yon:yansit>kendin[ayna_sifati]"
7-11;Zayıflatma;Kopya;Top;evet;Çift;"top mermisi (yay çizip düşer) → kapsül 3m, hedef noktada (2 kez (kopya)). Etkiler: zirh→düşman -0.2 4sn [iki_kez]; can→düşman -9 [iki_kez]";;;"yol=balistik|sekil=capsule|dogar=hedef_noktada|temas=tek|gecir=normal|ucar|cogul || deger:can>dusman[iki_kez] ; deger:zirh>dusman[iki_kez]"
7-12;Zayıflatma;Akan;Top;evet;İnen akış alanı, Akış;"top mermisi (yay çizip düşer) → kapsül 3m, hedef noktada (sürekli akar, tik tik). Etkiler: zirh→düşman -0.14 3sn [akis]; can→düşman -6.3 3sn [akis]";sürekli + balistik = indiği yerde akan alan;;"yol=balistik|sekil=capsule|dogar=hedef_noktada|temas=tik|gecir=normal|ucar|surekli || deger:can>dusman[akis] ; deger:zirh>dusman[akis]"
8-1;Güçlendirme;Yoğun;Top;hayir;Taşma;top mermisi (yay çizip düşer) → küre 1.1m, hedef noktada (tek hedef, uyumsuz silah). Etkiler: hasar_buff→dost 0.22 1.5sn [tasar];;;yol=balistik|sekil=sphere|dogar=hedef_noktada|temas=tek|gecir=normal|ucar|tek_hedef || deger:hasar_buff>dost[tasar]
8-2;Güçlendirme;Emici;Top;hayir;Emme/çalma;"top mermisi (yay çizip düşer) → küre 2m, hedef noktada (uyumsuz silah). Etkiler: hasar_buff→düşman -0.15 3sn [emme]; hasar_buff→sen 0.15 3sn [aktarim]; mermi_sil→düşman mermisi [yut]";;;"yol=balistik|sekil=sphere|dogar=hedef_noktada|temas=tek|gecir=normal|ucar || deger:hasar_buff>dusman[emme] ; deger:hasar_buff>kendin[aktarim] ; varlik:mermi_sil>dusman_nesnesi[yut]"
8-3;Güçlendirme;Sıçrayan;Top;hayir;Seken;top mermisi (yay çizip düşer) → küre 2.2m, hedef noktada (2 kez seker, uyumsuz silah). Etkiler: hasar_buff→dost 0.16 3sn [dosttan_dosta];;;yol=balistik|sekil=sphere|dogar=hedef_noktada|temas=tek|gecir=normal|ucar|seker || deger:hasar_buff>dost[dosttan_dosta]
8-4;Güçlendirme;Sabit;Top;hayir;Totem;top mermisi (yay çizip düşer) → küre 2m, hedef noktada (yerinde çapalı, tik tik, uyumsuz silah). Etkiler: hasar_buff→dost 0.16 3sn [totem];çapalı + balistik = indiği yerde mayın/engel;;yol=balistik|sekil=sphere|dogar=hedef_noktada|temas=tik|gecir=normal|capali || deger:hasar_buff>dost[totem]
8-5;Güçlendirme;Yayılan;Top;hayir;Dalga;top mermisi (yay çizip düşer) → küre 3.6m, hedef noktada (dışa büyür, cephe geçerken, uyumsuz silah). Etkiler: hasar_buff→dost 0.14 3sn [alan];;;yol=balistik|sekil=sphere|dogar=hedef_noktada|temas=cephe|gecir=normal|ucar|genisler || deger:hasar_buff>dost[alan]
8-6;Güçlendirme;Bağlayıcı;Top;hayir;Can bağı, Bağ;"top mermisi (yay çizip düşer) → bağ 2m, hedef noktada (sen↔hedef bağı, tik tik, uyumsuz silah). Etkiler: hasar_buff→dost 0.16 3sn [can_bagi]; hasar_paylasimi→dost 0.5 1.5sn [bag]";;;"yol=balistik|sekil=bag|dogar=hedef_noktada|temas=tik|gecir=normal|ucar|bag || deger:hasar_buff>dost[can_bagi] ; deger:hasar_paylasimi>dost[bag]"
8-7;Güçlendirme;Bulandırıcı;Top;hayir;Sis;"top mermisi (yay çizip düşer) → bulut 2m, hedef noktada (sis hacmi, tik tik, uyumsuz silah). Etkiler: hasar_buff→dost 0.16 3sn [bulut_tik]; gizlen→dost 3.2sn [bulut_ici]; kor→düşman 0.3 3.2sn [bulut_ici]";;;"yol=balistik|sekil=bulut|dogar=hedef_noktada|temas=tik|gecir=normal|ucar|bulut || deger:hasar_buff>dost[bulut_tik] ; gorunurluk:gizlen>dost[bulut_ici] ; gorunurluk:kor>dusman[bulut_ici]"
8-8;Güçlendirme;Yükselen;Top;hayir;Yükselen;"top mermisi (yay çizip düşer) → küre 2m, hedef noktada (yerden yükselir, gücü artar, uyumsuz silah). Etkiler: hasar_buff→dost 0.16 3sn [buyuyen]; hasar_buff→sen 0.1 3sn [yukselen]";;;"yol=balistik|sekil=sphere|dogar=hedef_noktada|temas=tek|gecir=normal|ucar|dikey|rampa || deger:hasar_buff>dost[buyuyen] ; deger:hasar_buff>kendin[yukselen]"
8-9;Güçlendirme;Odaklı;Top;hayir;Koruyucu tetik, Güdümlü;top mermisi (yay çizip düşer) → küre 2m, hedef noktada (hedefe kilitli, tek hedef, uyumsuz silah). Etkiler: hasar_buff→dost 0.18 3sn [koruyucu_tetik];;;yol=balistik|sekil=sphere|dogar=hedef_noktada|temas=tek|gecir=normal|ucar|gudum|tek_hedef || deger:hasar_buff>dost[koruyucu_tetik]
8-10;Güçlendirme;Aynalı;Top;hayir;Ters kopya, Ayna eşli;"top mermisi (yay çizip düşer) → küre 2m, hedef noktada (karşı noktada eşi, uyumsuz silah). Etkiler: hasar_buff→dost 0.16 3sn; hasar_buff→düşman -0.05 3sn [ters_kopya]; yansit→sen 0.3 2sn [ayna_sifati]";;;"yol=balistik|sekil=sphere|dogar=hedef_noktada|temas=tek|gecir=normal|ucar|ayna || deger:hasar_buff>dost[] ; deger:hasar_buff>dusman[ters_kopya] ; yon:yansit>kendin[ayna_sifati]"
8-11;Güçlendirme;Kopya;Top;hayir;Çift;top mermisi (yay çizip düşer) → küre 2m, hedef noktada (2 kez (kopya), uyumsuz silah). Etkiler: hasar_buff→dost 0.16 3sn [iki_kez];;;yol=balistik|sekil=sphere|dogar=hedef_noktada|temas=tek|gecir=normal|ucar|cogul || deger:hasar_buff>dost[iki_kez]
8-12;Güçlendirme;Akan;Top;hayir;İnen akış alanı, Akış;top mermisi (yay çizip düşer) → küre 2m, hedef noktada (sürekli akar, tik tik, uyumsuz silah). Etkiler: hasar_buff→dost 0.11 3sn [akis];sürekli + balistik = indiği yerde akan alan;;yol=balistik|sekil=sphere|dogar=hedef_noktada|temas=tik|gecir=normal|ucar|surekli || deger:hasar_buff>dost[akis]
9-1;Arındırma;Yoğun;Top;hayir;Sert;"top mermisi (yay çizip düşer) → küre 1.4m, hedef noktada (tek hedef, uyumsuz silah). Etkiler: durum_sil→dost 1 [guclu]; mermi_sil→düşman mermisi [delici]";;;"yol=balistik|sekil=sphere|dogar=hedef_noktada|temas=tek|gecir=normal|ucar|tek_hedef || varlik:durum_sil>dost[guclu] ; varlik:mermi_sil>dusman_nesnesi[delici]"
9-2;Arındırma;Emici;Top;hayir;Durum aktarma;"top mermisi (yay çizip düşer) → küre 2.5m, hedef noktada (uyumsuz silah). Etkiler: durum_aktar→dost 1; mermi_sil→düşman mermisi [yut]; durum_ekle→düşman 1 [aktarim]";;;"yol=balistik|sekil=sphere|dogar=hedef_noktada|temas=tek|gecir=normal|ucar || varlik:durum_aktar>dost[] ; varlik:durum_ekle>dusman[aktarim] ; varlik:mermi_sil>dusman_nesnesi[yut]"
9-3;Arındırma;Sıçrayan;Top;hayir;Seken;"top mermisi (yay çizip düşer) → küre 2.8m, hedef noktada (2 kez seker, uyumsuz silah). Etkiler: durum_sil→dost 1 [dosttan_dosta]; mermi_sil→düşman mermisi [seker]";;;"yol=balistik|sekil=sphere|dogar=hedef_noktada|temas=tek|gecir=normal|ucar|seker || varlik:durum_sil>dost[dosttan_dosta] ; varlik:mermi_sil>dusman_nesnesi[seker]"
9-4;Arındırma;Sabit;Top;hayir;Mermi kesen engel, Arınma alanı;"top mermisi (yay çizip düşer) → küre 2.5m, hedef noktada (yerinde çapalı, uyumsuz silah). Etkiler: durum_sil→dost 1 [arinma_alani]; mermi_sil→düşman mermisi [engel]";çapalı + balistik = indiği yerde mayın/engel;;"yol=balistik|sekil=sphere|dogar=hedef_noktada|temas=tek|gecir=normal|capali || varlik:durum_sil>dost[arinma_alani] ; varlik:mermi_sil>dusman_nesnesi[engel]"
9-5;Arındırma;Yayılan;Top;hayir;Dalga;"top mermisi (yay çizip düşer) → küre 4.5m, hedef noktada (dışa büyür, cephe geçerken, uyumsuz silah). Etkiler: durum_sil→dost 1 [alan]; mermi_sil→düşman mermisi [alan]";;;"yol=balistik|sekil=sphere|dogar=hedef_noktada|temas=cephe|gecir=normal|ucar|genisler || varlik:durum_sil>dost[alan] ; varlik:mermi_sil>dusman_nesnesi[alan]"
9-6;Arındırma;Bağlayıcı;Top;hayir;Bağışıklık bağı, Bağ;"top mermisi (yay çizip düşer) → bağ 2.5m, hedef noktada (sen↔hedef bağı, tik tik, uyumsuz silah). Etkiler: durum_sil→dost 1 [bag_bagisiklik]; mermi_sil→düşman mermisi [bag_hatti]";;;"yol=balistik|sekil=bag|dogar=hedef_noktada|temas=tik|gecir=normal|ucar|bag || varlik:durum_sil>dost[bag_bagisiklik] ; varlik:mermi_sil>dusman_nesnesi[bag_hatti]"
9-7;Arındırma;Bulandırıcı;Top;hayir;Sis;"top mermisi (yay çizip düşer) → bulut 2.5m, hedef noktada (sis hacmi, tik tik, uyumsuz silah). Etkiler: durum_sil→dost 1 [gizli]; mermi_sil→düşman mermisi [sis_perdesi]; gizlen→dost 3.2sn [bulut_ici]; kor→düşman 0.3 3.2sn [bulut_ici]";;;"yol=balistik|sekil=bulut|dogar=hedef_noktada|temas=tik|gecir=normal|ucar|bulut || gorunurluk:gizlen>dost[bulut_ici] ; gorunurluk:kor>dusman[bulut_ici] ; varlik:durum_sil>dost[gizli] ; varlik:mermi_sil>dusman_nesnesi[sis_perdesi]"
9-8;Arındırma;Yükselen;Top;hayir;Arınıp güçlenme, Yükselen;"top mermisi (yay çizip düşer) → küre 2.5m, hedef noktada (yerden yükselir, gücü artar, uyumsuz silah). Etkiler: durum_sil→dost 1 [guce_cevir]; mermi_sil→düşman mermisi [yukselen_perde]; hasar_buff→sen 0.1 3sn [yukselen]";;;"yol=balistik|sekil=sphere|dogar=hedef_noktada|temas=tek|gecir=normal|ucar|dikey|rampa || deger:hasar_buff>kendin[yukselen] ; varlik:durum_sil>dost[guce_cevir] ; varlik:mermi_sil>dusman_nesnesi[yukselen_perde]"
9-9;Arındırma;Odaklı;Top;hayir;Tam arındırma, Güdümlü;"top mermisi (yay çizip düşer) → küre 2.5m, hedef noktada (hedefe kilitli, tek hedef, uyumsuz silah). Etkiler: durum_sil→dost 99 [tumunu_sil]; mermi_sil→düşman mermisi [hedefli]";;;"yol=balistik|sekil=sphere|dogar=hedef_noktada|temas=tek|gecir=normal|ucar|gudum|tek_hedef || varlik:durum_sil>dost[tumunu_sil] ; varlik:mermi_sil>dusman_nesnesi[hedefli]"
9-10;Arındırma;Aynalı;Top;hayir;Buff silme, Mermi geri gönderme, Ayna eşli;"top mermisi (yay çizip düşer) → küre 2.5m, hedef noktada (karşı noktada eşi, uyumsuz silah). Etkiler: iyi_durum_sil→düşman 1 [ters_hedef]; mermi_sil→düşman mermisi [geri_gonder]; yansit→sen 0.3 2sn [ayna_sifati]";;;"yol=balistik|sekil=sphere|dogar=hedef_noktada|temas=tek|gecir=normal|ucar|ayna || varlik:iyi_durum_sil>dusman[ters_hedef] ; varlik:mermi_sil>dusman_nesnesi[geri_gonder] ; yon:yansit>kendin[ayna_sifati]"
9-11;Arındırma;Kopya;Top;hayir;Çift;"top mermisi (yay çizip düşer) → küre 2.5m, hedef noktada (2 kez (kopya), uyumsuz silah). Etkiler: durum_sil→dost 1 [iki_kez]; mermi_sil→düşman mermisi [iki_kez]";;;"yol=balistik|sekil=sphere|dogar=hedef_noktada|temas=tek|gecir=normal|ucar|cogul || varlik:durum_sil>dost[iki_kez] ; varlik:mermi_sil>dusman_nesnesi[iki_kez]"
9-12;Arındırma;Akan;Top;hayir;İnen akış alanı, Akış;"top mermisi (yay çizip düşer) → küre 2.5m, hedef noktada (sürekli akar, tik tik, uyumsuz silah). Etkiler: durum_sil→dost 1 [aura]; mermi_sil→düşman mermisi [surekli_perde]";sürekli + balistik = indiği yerde akan alan;;"yol=balistik|sekil=sphere|dogar=hedef_noktada|temas=tik|gecir=normal|ucar|surekli || varlik:durum_sil>dost[aura] ; varlik:mermi_sil>dusman_nesnesi[surekli_perde]"
10-1;Yansıma;Yoğun;Top;hayir;Uzak yansıtıcı;top mermisi (yay çizip düşer) → küre 0.8m, hedef noktada (tek hedef, uyumsuz silah). Etkiler: yansit→gövdenin olduğu yer 0.68 1sn [dunyada,sert,silahla:ucan];;;yol=balistik|sekil=sphere|dogar=hedef_noktada|temas=tek|gecir=normal|ucar|tek_hedef || yon:yansit>alan[dunyada,sert,silahla:ucan]
10-2;Yansıma;Emici;Top;hayir;Uzak yansıtıcı, Hasar emme;"top mermisi (yay çizip düşer) → küre 1.5m, hedef noktada (uyumsuz silah). Etkiler: yansit→gövdenin olduğu yer 0.5 2sn [dunyada,silahla:ucan]; em→sen 0.5 2sn [cana_cevir]; mermi_sil→düşman mermisi [yut]";;;"yol=balistik|sekil=sphere|dogar=hedef_noktada|temas=tek|gecir=normal|ucar || deger:em>kendin[cana_cevir] ; varlik:mermi_sil>dusman_nesnesi[yut] ; yon:yansit>alan[dunyada,silahla:ucan]"
10-3;Yansıma;Sıçrayan;Top;hayir;Uzak yansıtıcı, Seken;top mermisi (yay çizip düşer) → küre 1.7m, hedef noktada (2 kez seker, uyumsuz silah). Etkiler: yansit→gövdenin olduğu yer 0.5 2sn [dunyada,seker,silahla:ucan];;;yol=balistik|sekil=sphere|dogar=hedef_noktada|temas=tek|gecir=normal|ucar|seker || yon:yansit>alan[dunyada,seker,silahla:ucan]
10-4;Yansıma;Sabit;Top;hayir;Ayna yüzey, Uzak yansıtıcı;top mermisi (yay çizip düşer) → küre 1.5m, hedef noktada (yerinde çapalı, uyumsuz silah). Etkiler: yansit→gövdenin olduğu yer 0.5 2sn [ayna_yuzey,dunyada,silahla:ucan];çapalı + balistik = indiği yerde mayın/engel;;yol=balistik|sekil=sphere|dogar=hedef_noktada|temas=tek|gecir=normal|capali || yon:yansit>alan[ayna_yuzey,dunyada,silahla:ucan]
10-5;Yansıma;Yayılan;Top;hayir;Uzak yansıtıcı, Dalga;top mermisi (yay çizip düşer) → küre 2.7m, hedef noktada (dışa büyür, cephe geçerken, uyumsuz silah). Etkiler: yansit→gövdenin olduğu yer 0.5 2sn [aura,dunyada,silahla:ucan];;;yol=balistik|sekil=sphere|dogar=hedef_noktada|temas=cephe|gecir=normal|ucar|genisler || yon:yansit>alan[aura,dunyada,silahla:ucan]
10-6;Yansıma;Bağlayıcı;Top;hayir;Uzak yansıtıcı, Hasar yönlendirme, Bağ;"top mermisi (yay çizip düşer) → bağ 1.5m, hedef noktada (sen↔hedef bağı, tik tik, uyumsuz silah). Etkiler: yonlendir→düşman 0.5 2sn [bag,dunyada,silahla:ucan]; hareket→düşman 1.5sn [bag_ucu]; hareket→düşman 0.7 2sn [bag_ucu,yavas]";;;"yol=balistik|sekil=bag|dogar=hedef_noktada|temas=tik|gecir=normal|ucar|bag || hiz:hareket>dusman[bag_ucu,yavas] ; hiz:hareket>dusman[bag_ucu] ; yon:yonlendir>dusman[bag,dunyada,silahla:ucan]"
10-7;Yansıma;Bulandırıcı;Top;hayir;Sis, Uzak yansıtıcı;"top mermisi (yay çizip düşer) → bulut 1.5m, hedef noktada (sis hacmi, tik tik, uyumsuz silah). Etkiler: yansit→gövdenin olduğu yer 0.5 2sn [dunyada,gizli,silahla:ucan]; gizlen→dost 5sn [bulut_ici]; kor→düşman 0.3 5sn [bulut_ici]";;;"yol=balistik|sekil=bulut|dogar=hedef_noktada|temas=tik|gecir=normal|ucar|bulut || gorunurluk:gizlen>dost[bulut_ici] ; gorunurluk:kor>dusman[bulut_ici] ; yon:yansit>alan[dunyada,gizli,silahla:ucan]"
10-8;Yansıma;Yükselen;Top;hayir;Uzak yansıtıcı, Yükselen;"top mermisi (yay çizip düşer) → küre 1.5m, hedef noktada (yerden yükselir, gücü artar, uyumsuz silah). Etkiler: yansit→gövdenin olduğu yer 0.5 2sn [artan_oran,dunyada,silahla:ucan]; hasar_buff→sen 0.1 3sn [yukselen]";;;"yol=balistik|sekil=sphere|dogar=hedef_noktada|temas=tek|gecir=normal|ucar|dikey|rampa || deger:hasar_buff>kendin[yukselen] ; yon:yansit>alan[artan_oran,dunyada,silahla:ucan]"
10-9;Yansıma;Odaklı;Top;hayir;Uzak yansıtıcı, Kusursuz savuşturma, Güdümlü;top mermisi (yay çizip düşer) → küre 1.5m, hedef noktada (hedefe kilitli, tek hedef, uyumsuz silah). Etkiler: yansit→gövdenin olduğu yer 1 2sn [dunyada,savusturma,silahla:ucan];;;yol=balistik|sekil=sphere|dogar=hedef_noktada|temas=tek|gecir=normal|ucar|gudum|tek_hedef || yon:yansit>alan[dunyada,savusturma,silahla:ucan]
10-10;Yansıma;Aynalı;Top;hayir;Uzak yansıtıcı, Bölünen yansıma, Ayna eşli;"top mermisi (yay çizip düşer) → küre 1.5m, hedef noktada (karşı noktada eşi, uyumsuz silah). Etkiler: yansit→gövdenin olduğu yer 0.5 2sn [bolunen,dunyada,silahla:ucan]; yansit→sen 0.3 2sn [ayna_sifati]";;;"yol=balistik|sekil=sphere|dogar=hedef_noktada|temas=tek|gecir=normal|ucar|ayna || yon:yansit>alan[bolunen,dunyada,silahla:ucan] ; yon:yansit>kendin[ayna_sifati]"
10-11;Yansıma;Kopya;Top;hayir;Uzak yansıtıcı, Çift;top mermisi (yay çizip düşer) → küre 1.5m, hedef noktada (2 kez (kopya), uyumsuz silah). Etkiler: yansit→gövdenin olduğu yer 0.5 2sn [dunyada,iki_kez,silahla:ucan];;;yol=balistik|sekil=sphere|dogar=hedef_noktada|temas=tek|gecir=normal|ucar|cogul || yon:yansit>alan[dunyada,iki_kez,silahla:ucan]
10-12;Yansıma;Akan;Top;hayir;Uzak yansıtıcı, İnen akış alanı, Akış;top mermisi (yay çizip düşer) → küre 1.5m, hedef noktada (sürekli akar, tik tik, uyumsuz silah). Etkiler: yansit→gövdenin olduğu yer 0.5 3sn [dunyada,silahla:ucan,surekli];sürekli + balistik = indiği yerde akan alan;;yol=balistik|sekil=sphere|dogar=hedef_noktada|temas=tik|gecir=normal|ucar|surekli || yon:yansit>alan[dunyada,silahla:ucan,surekli]
11-1;Çağırma;Yoğun;Top;hayir;Sert;top mermisi (yay çizip düşer) → nokta 0.6m, hedef noktada (tek hedef, uyumsuz silah). Etkiler: aktor_yarat→sen 1 2.5sn [guclu,silahla:ucan];;;yol=balistik|sekil=point|dogar=hedef_noktada|temas=tek|gecir=normal|ucar|tek_hedef || varlik:aktor_yarat>kendin[guclu,silahla:ucan]
11-2;Çağırma;Emici;Top;hayir;Can emen minyon;"top mermisi (yay çizip düşer) → nokta 1m, hedef noktada (uyumsuz silah). Etkiler: aktor_yarat→sen 1 5sn [can_emen,silahla:ucan]; mermi_sil→düşman mermisi [yut]";;;"yol=balistik|sekil=point|dogar=hedef_noktada|temas=tek|gecir=normal|ucar || varlik:aktor_yarat>kendin[can_emen,silahla:ucan] ; varlik:mermi_sil>dusman_nesnesi[yut]"
11-3;Çağırma;Sıçrayan;Top;hayir;Zıplayan minyon, Seken;top mermisi (yay çizip düşer) → nokta 1.1m, hedef noktada (2 kez seker, uyumsuz silah). Etkiler: aktor_yarat→sen 1 5sn [silahla:ucan,ziplayan];;;yol=balistik|sekil=point|dogar=hedef_noktada|temas=tek|gecir=normal|ucar|seker || varlik:aktor_yarat>kendin[silahla:ucan,ziplayan]
11-4;Çağırma;Sabit;Top;hayir;Taret;top mermisi (yay çizip düşer) → nokta 1m, hedef noktada (yerinde çapalı, uyumsuz silah). Etkiler: aktor_yarat→sen 1 5sn [silahla:ucan,taret];çapalı + balistik = indiği yerde mayın/engel;;yol=balistik|sekil=point|dogar=hedef_noktada|temas=tek|gecir=normal|capali || varlik:aktor_yarat>kendin[silahla:ucan,taret]
11-5;Çağırma;Yayılan;Top;hayir;Minyon halkası, Dalga;top mermisi (yay çizip düşer) → nokta 1.8m, hedef noktada (dışa büyür, cephe geçerken, uyumsuz silah). Etkiler: aktor_yarat→sen 3 5sn [halka,silahla:ucan];;;yol=balistik|sekil=point|dogar=hedef_noktada|temas=cephe|gecir=normal|ucar|genisler || varlik:aktor_yarat>kendin[halka,silahla:ucan]
11-6;Çağırma;Bağlayıcı;Top;hayir;Muhafız, Bağ;top mermisi (yay çizip düşer) → bağ 1m, hedef noktada (sen↔hedef bağı, tik tik, uyumsuz silah). Etkiler: aktor_yarat→sen 1 5sn [bagli_muhafiz,silahla:ucan];;;yol=balistik|sekil=bag|dogar=hedef_noktada|temas=tik|gecir=normal|ucar|bag || varlik:aktor_yarat>kendin[bagli_muhafiz,silahla:ucan]
11-7;Çağırma;Bulandırıcı;Top;hayir;Görünmez minyon, Sis;"top mermisi (yay çizip düşer) → bulut 1m, hedef noktada (sis hacmi, tik tik, uyumsuz silah). Etkiler: aktor_yarat→sen 1 5sn [gorunmez,silahla:ucan]; gizlen→dost 3.2sn [bulut_ici]; kor→düşman 0.3 3.2sn [bulut_ici]";;;"yol=balistik|sekil=bulut|dogar=hedef_noktada|temas=tik|gecir=normal|ucar|bulut || gorunurluk:gizlen>dost[bulut_ici] ; gorunurluk:kor>dusman[bulut_ici] ; varlik:aktor_yarat>kendin[gorunmez,silahla:ucan]"
11-8;Çağırma;Yükselen;Top;hayir;Yükselen;"top mermisi (yay çizip düşer) → nokta 1m, hedef noktada (yerden yükselir, gücü artar, uyumsuz silah). Etkiler: aktor_yarat→sen 1 5sn [buyuyen,silahla:ucan]; hasar_buff→sen 0.1 3sn [yukselen]";;;"yol=balistik|sekil=point|dogar=hedef_noktada|temas=tek|gecir=normal|ucar|dikey|rampa || deger:hasar_buff>kendin[yukselen] ; varlik:aktor_yarat>kendin[buyuyen,silahla:ucan]"
11-9;Çağırma;Odaklı;Top;hayir;Suikastçı minyon, Güdümlü;top mermisi (yay çizip düşer) → nokta 1m, hedef noktada (hedefe kilitli, tek hedef, uyumsuz silah). Etkiler: aktor_yarat→sen 1 5sn [silahla:ucan,suikastci];;;yol=balistik|sekil=point|dogar=hedef_noktada|temas=tek|gecir=normal|ucar|gudum|tek_hedef || varlik:aktor_yarat>kendin[silahla:ucan,suikastci]
11-10;Çağırma;Aynalı;Top;hayir;Ayna klon, Ayna eşli;"top mermisi (yay çizip düşer) → nokta 1m, hedef noktada (karşı noktada eşi, uyumsuz silah). Etkiler: aktor_yarat→sen 1 5sn [ayna_klon,silahla:ucan]; yansit→sen 0.3 2sn [ayna_sifati]";;;"yol=balistik|sekil=point|dogar=hedef_noktada|temas=tek|gecir=normal|ucar|ayna || varlik:aktor_yarat>kendin[ayna_klon,silahla:ucan] ; yon:yansit>kendin[ayna_sifati]"
11-11;Çağırma;Kopya;Top;hayir;Klon, Çift;top mermisi (yay çizip düşer) → nokta 1m, hedef noktada (2 kez (kopya), uyumsuz silah). Etkiler: klon→sen 1 5sn [senin_kopyan,silahla:ucan];;;yol=balistik|sekil=point|dogar=hedef_noktada|temas=tek|gecir=normal|ucar|cogul || varlik:klon>kendin[senin_kopyan,silahla:ucan]
11-12;Çağırma;Akan;Top;hayir;İnen akış alanı, Akış;top mermisi (yay çizip düşer) → nokta 1m, hedef noktada (sürekli akar, tik tik, uyumsuz silah). Etkiler: aktor_yarat→sen 3 5sn [akis,silahla:ucan];sürekli + balistik = indiği yerde akan alan;;yol=balistik|sekil=point|dogar=hedef_noktada|temas=tik|gecir=normal|ucar|surekli || varlik:aktor_yarat>kendin[akis,silahla:ucan]
12-1;Zaman;Yoğun;Top;evet;Delici;top mermisi (yay çizip düşer) → silindir 2.2m, hedef noktada (delip geçer). Etkiler: tempo→düşman 0.3 0.5sn [sert];;;yol=balistik|sekil=cylinder|dogar=hedef_noktada|temas=tek|gecir=delici|ucar || hiz:tempo>dusman[sert]
12-2;Zaman;Emici;Top;evet;Zaman çalma;"top mermisi (yay çizip düşer) → silindir 4m, hedef noktada. Etkiler: tempo→düşman 0.7 1sn; tempo→sen 1.3 1sn [aktarim]; mermi_sil→düşman mermisi [yut]";;;"yol=balistik|sekil=cylinder|dogar=hedef_noktada|temas=tek|gecir=normal|ucar || hiz:tempo>dusman[] ; hiz:tempo>kendin[aktarim] ; varlik:mermi_sil>dusman_nesnesi[yut]"
12-3;Zaman;Sıçrayan;Top;evet;Seken;top mermisi (yay çizip düşer) → silindir 4.4m, hedef noktada (2 kez seker). Etkiler: tempo→düşman 0.7 1sn [seker];;;yol=balistik|sekil=cylinder|dogar=hedef_noktada|temas=tek|gecir=normal|ucar|seker || hiz:tempo>dusman[seker]
12-4;Zaman;Sabit;Top;evet;Dondurma;top mermisi (yay çizip düşer) → silindir 4m, hedef noktada (yerinde çapalı). Etkiler: tempo→düşman 1sn [dondur];çapalı + balistik = indiği yerde mayın/engel;;yol=balistik|sekil=cylinder|dogar=hedef_noktada|temas=tek|gecir=normal|capali || hiz:tempo>dusman[dondur]
12-5;Zaman;Yayılan;Top;evet;Dalga;top mermisi (yay çizip düşer) → silindir 7.2m, hedef noktada (dışa büyür, cephe geçerken). Etkiler: tempo→düşman 0.7 1sn [dalga];;;yol=balistik|sekil=cylinder|dogar=hedef_noktada|temas=cephe|gecir=normal|ucar|genisler || hiz:tempo>dusman[dalga]
12-6;Zaman;Bağlayıcı;Top;evet;Zaman senkronu, Bağ;"top mermisi (yay çizip düşer) → bağ 4m, hedef noktada (sen↔hedef bağı, tik tik). Etkiler: tempo→düşman 0.7 1sn [senkron]; hareket→düşman 1.5sn [bag_ucu]; hareket→düşman 0.7 1.5sn [bag_ucu,yavas]";;;"yol=balistik|sekil=bag|dogar=hedef_noktada|temas=tik|gecir=normal|ucar|bag || hiz:hareket>dusman[bag_ucu,yavas] ; hiz:hareket>dusman[bag_ucu] ; hiz:tempo>dusman[senkron]"
12-7;Zaman;Bulandırıcı;Top;evet;Titreyen zaman, Sis;"top mermisi (yay çizip düşer) → bulut 4m, hedef noktada (sis hacmi, tik tik). Etkiler: tempo→düşman 0.7 1sn [titrer]; gizlen→dost 4sn [bulut_ici]; kor→düşman 0.3 4sn [bulut_ici]";;;"yol=balistik|sekil=bulut|dogar=hedef_noktada|temas=tik|gecir=normal|ucar|bulut || gorunurluk:gizlen>dost[bulut_ici] ; gorunurluk:kor>dusman[bulut_ici] ; hiz:tempo>dusman[titrer]"
12-8;Zaman;Yükselen;Top;evet;Hızlanma, Yükselen;"top mermisi (yay çizip düşer) → silindir 4m, hedef noktada (yerden yükselir, gücü artar). Etkiler: tempo→sen 1.3 1sn [hizlanma]; hasar_buff→sen 0.1 3sn [yukselen]";;;"yol=balistik|sekil=cylinder|dogar=hedef_noktada|temas=tek|gecir=normal|ucar|dikey|rampa || deger:hasar_buff>kendin[yukselen] ; hiz:tempo>kendin[hizlanma]"
12-9;Zaman;Odaklı;Top;evet;Gecikmeli an, Güdümlü;top mermisi (yay çizip düşer) → silindir 4m, hedef noktada (hedefe kilitli, tek hedef). Etkiler: tempo→düşman 0.7 1sn [isaretli_an];;;yol=balistik|sekil=cylinder|dogar=hedef_noktada|temas=tek|gecir=normal|ucar|gudum|tek_hedef || hiz:tempo>dusman[isaretli_an]
12-10;Zaman;Aynalı;Top;evet;Geri sarma, Ayna eşli;"top mermisi (yay çizip düşer) → silindir 4m, hedef noktada (karşı noktada eşi). Etkiler: geri_sar→düşman 2 1sn [geri_sarma]; yansit→sen 0.3 2sn [ayna_sifati]";;;"yol=balistik|sekil=cylinder|dogar=hedef_noktada|temas=tek|gecir=normal|ucar|ayna || hiz:geri_sar>dusman[geri_sarma] ; yon:yansit>kendin[ayna_sifati]"
12-11;Zaman;Kopya;Top;evet;Yankı, Çift;"top mermisi (yay çizip düşer) → silindir 4m, hedef noktada (2 kez (kopya)). Etkiler: tempo→düşman 0.7 1sn [iki_kez]; onceki_skill_tekrar→sen 1 [yanki]";;;"yol=balistik|sekil=cylinder|dogar=hedef_noktada|temas=tek|gecir=normal|ucar|cogul || hiz:tempo>dusman[iki_kez] ; varlik:onceki_skill_tekrar>kendin[yanki]"
12-12;Zaman;Akan;Top;evet;Zaman alanı, İnen akış alanı, Akış;"top mermisi (yay çizip düşer) → silindir 4m, hedef noktada (sürekli akar, tik tik). Etkiler: tempo→düşman 0.7 3sn [zaman_alani]; tempo→dost 1.3 3sn [zaman_alani]";sürekli + balistik = indiği yerde akan alan;;"yol=balistik|sekil=cylinder|dogar=hedef_noktada|temas=tik|gecir=normal|ucar|surekli || hiz:tempo>dost[zaman_alani] ; hiz:tempo>dusman[zaman_alani]"
1-1;Saldırı;Yoğun;Asa;hayir;Delici;asa ışını (hat) → kapsül 0.8m, senden hedefe hat (delip geçer, tik tik, uyumsuz silah). Etkiler: can→düşman -38.88;;;yol=isin|sekil=capsule|dogar=hat|temas=tik|gecir=delici || deger:can>dusman[]
1-2;Saldırı;Emici;Asa;hayir;Girdap;"asa ışını (hat) → kapsül 1.5m, senden hedefe hat (içine çeker, tik tik, uyumsuz silah). Etkiler: can→düşman -27.36; can→sen 8.21 [aktarim]; mermi_sil→düşman mermisi [yut]";;;"yol=isin|sekil=capsule|dogar=hat|temas=tik|gecir=normal|cekim || deger:can>dusman[] ; deger:can>kendin[aktarim] ; varlik:mermi_sil>dusman_nesnesi[yut]"
1-3;Saldırı;Sıçrayan;Asa;hayir;Seken;asa ışını (hat) → kapsül 1.7m, senden hedefe hat (2 kez seker, tik tik, uyumsuz silah). Etkiler: can→düşman -28.8 [seker];;;yol=isin|sekil=capsule|dogar=hat|temas=tik|gecir=normal|seker || deger:can>dusman[seker]
1-4;Saldırı;Sabit;Asa;hayir;Tuzak, Çit;asa ışını (hat) → kapsül 1.5m, senden hedefe hat (yerinde çapalı, içine girene, uyumsuz silah). Etkiler: can→düşman -28.8 [tuzak];çapalı + ışın = sabit hat (çit);;yol=isin|sekil=capsule|dogar=hat|temas=giris|gecir=normal|capali || deger:can>dusman[tuzak]
1-5;Saldırı;Yayılan;Asa;hayir;Dalga;asa ışını (hat) → kapsül 2.7m, senden hedefe hat (dışa büyür, cephe geçerken, uyumsuz silah). Etkiler: can→düşman -24.48 [alan];;;yol=isin|sekil=capsule|dogar=hat|temas=cephe|gecir=normal|genisler || deger:can>dusman[alan]
1-6;Saldırı;Bağlayıcı;Asa;hayir;Bağ;"asa ışını (hat) → bağ 1.5m, senden hedefe hat (sen↔hedef bağı, tik tik, uyumsuz silah). Etkiler: can→düşman -28.8 [bag_akisi]; hareket→düşman 1.5sn [bag_ucu]; hareket→düşman 0.7 1.5sn [bag_ucu,yavas]";;;"yol=isin|sekil=bag|dogar=hat|temas=tik|gecir=normal|bag || deger:can>dusman[bag_akisi] ; hiz:hareket>dusman[bag_ucu,yavas] ; hiz:hareket>dusman[bag_ucu]"
1-7;Saldırı;Bulandırıcı;Asa;hayir;Sis;"asa ışını (hat) → bulut 1.5m, senden hedefe hat (sis hacmi, tik tik, uyumsuz silah). Etkiler: can→düşman -28.8 [bulut_tik]; gizlen→dost 4sn [bulut_ici]; kor→düşman 0.3 4sn [bulut_ici]";;;"yol=isin|sekil=bulut|dogar=hat|temas=tik|gecir=normal|bulut || deger:can>dusman[bulut_tik] ; gorunurluk:gizlen>dost[bulut_ici] ; gorunurluk:kor>dusman[bulut_ici]"
1-8;Saldırı;Yükselen;Asa;hayir;Havaya atma, Yükselen;"asa ışını (hat) → kapsül 1.5m, senden hedefe hat (yerden yükselir, gücü artar, tik tik, uyumsuz silah). Etkiler: can→düşman -28.8 [havaya_at]; hareket→düşman 0.8sn [havada]; hasar_buff→sen 0.1 3sn [yukselen]";;;"yol=isin|sekil=capsule|dogar=hat|temas=tik|gecir=normal|dikey|rampa || deger:can>dusman[havaya_at] ; deger:hasar_buff>kendin[yukselen] ; hiz:hareket>dusman[havada]"
1-9;Saldırı;Odaklı;Asa;hayir;Güdümlü;asa ışını (hat) → kapsül 1.5m, senden hedefe hat (hedefe kilitli, tek hedef, tik tik, uyumsuz silah). Etkiler: can→düşman -33.12 [iskalamaz,zirh_yoksay];;;yol=isin|sekil=capsule|dogar=hat|temas=tik|gecir=normal|gudum|tek_hedef || deger:can>dusman[iskalamaz,zirh_yoksay]
1-10;Saldırı;Aynalı;Asa;hayir;Kıskaç, Ayna eşli;"asa ışını (hat) → kapsül 1.5m, senden hedefe hat (karşı noktada eşi, tik tik, uyumsuz silah). Etkiler: can→düşman -28.8 [kiskac]; yansit→sen 0.3 2sn [ayna_sifati]";;;"yol=isin|sekil=capsule|dogar=hat|temas=tik|gecir=normal|ayna || deger:can>dusman[kiskac] ; yon:yansit>kendin[ayna_sifati]"
1-11;Saldırı;Kopya;Asa;hayir;Çift;asa ışını (hat) → kapsül 1.5m, senden hedefe hat (2 kez (kopya), tik tik, uyumsuz silah). Etkiler: can→düşman -28.8 [iki_kez];;;yol=isin|sekil=capsule|dogar=hat|temas=tik|gecir=normal|cogul || deger:can>dusman[iki_kez]
1-12;Saldırı;Akan;Asa;hayir;Akış;asa ışını (hat) → kapsül 1.5m, senden hedefe hat (sürekli akar, tik tik, uyumsuz silah). Etkiler: can→düşman -20.16 3sn [akis];sürekli + ışın = uzun kanal;;yol=isin|sekil=capsule|dogar=hat|temas=tik|gecir=normal|surekli || deger:can>dusman[akis]
2-1;İyileştirme;Yoğun;Asa;evet;Taşma;asa ışını (hat) → küre 1.1m, senden hedefe hat (tek hedef, tik tik). Etkiler: can→dost 47.25 [tasar];;;yol=isin|sekil=sphere|dogar=hat|temas=tik|gecir=normal|tek_hedef || deger:can>dost[tasar]
2-2;İyileştirme;Emici;Asa;evet;Emme/çalma;"asa ışını (hat) → küre 2m, senden hedefe hat (tik tik). Etkiler: can→düşman -33.25 [emme]; can→sen 33.25 [aktarim]; mermi_sil→düşman mermisi [yut]";;;"yol=isin|sekil=sphere|dogar=hat|temas=tik|gecir=normal || deger:can>dusman[emme] ; deger:can>kendin[aktarim] ; varlik:mermi_sil>dusman_nesnesi[yut]"
2-3;İyileştirme;Sıçrayan;Asa;evet;Seken;asa ışını (hat) → küre 2.2m, senden hedefe hat (2 kez seker, tik tik). Etkiler: can→dost 35 [dosttan_dosta];;;yol=isin|sekil=sphere|dogar=hat|temas=tik|gecir=normal|seker || deger:can>dost[dosttan_dosta]
2-4;İyileştirme;Sabit;Asa;evet;Totem, Çit;asa ışını (hat) → küre 2m, senden hedefe hat (yerinde çapalı, tik tik). Etkiler: can→dost 35 [totem];çapalı + ışın = sabit hat (çit);;yol=isin|sekil=sphere|dogar=hat|temas=tik|gecir=normal|capali || deger:can>dost[totem]
2-5;İyileştirme;Yayılan;Asa;evet;Dalga;asa ışını (hat) → küre 3.6m, senden hedefe hat (dışa büyür, cephe geçerken). Etkiler: can→dost 29.75 [alan];;;yol=isin|sekil=sphere|dogar=hat|temas=cephe|gecir=normal|genisler || deger:can>dost[alan]
2-6;İyileştirme;Bağlayıcı;Asa;evet;Can bağı, Bağ;"asa ışını (hat) → bağ 2m, senden hedefe hat (sen↔hedef bağı, tik tik). Etkiler: can→dost 35 [can_bagi]; hasar_paylasimi→dost 0.5 1.5sn [bag]";;;"yol=isin|sekil=bag|dogar=hat|temas=tik|gecir=normal|bag || deger:can>dost[can_bagi] ; deger:hasar_paylasimi>dost[bag]"
2-7;İyileştirme;Bulandırıcı;Asa;evet;Sis;"asa ışını (hat) → bulut 2m, senden hedefe hat (sis hacmi, tik tik). Etkiler: can→dost 35 [bulut_tik]; gizlen→dost 4.3sn [bulut_ici]; kor→düşman 0.3 4.3sn [bulut_ici]";;;"yol=isin|sekil=bulut|dogar=hat|temas=tik|gecir=normal|bulut || deger:can>dost[bulut_tik] ; gorunurluk:gizlen>dost[bulut_ici] ; gorunurluk:kor>dusman[bulut_ici]"
2-8;İyileştirme;Yükselen;Asa;evet;Yükselen;"asa ışını (hat) → küre 2m, senden hedefe hat (yerden yükselir, gücü artar, tik tik). Etkiler: can→dost 35 [buyuyen]; hasar_buff→sen 0.1 3sn [yukselen]";;;"yol=isin|sekil=sphere|dogar=hat|temas=tik|gecir=normal|dikey|rampa || deger:can>dost[buyuyen] ; deger:hasar_buff>kendin[yukselen]"
2-9;İyileştirme;Odaklı;Asa;evet;Koruyucu tetik, Güdümlü;asa ışını (hat) → küre 2m, senden hedefe hat (hedefe kilitli, tek hedef, tik tik). Etkiler: can→dost 40.25 [koruyucu_tetik];;;yol=isin|sekil=sphere|dogar=hat|temas=tik|gecir=normal|gudum|tek_hedef || deger:can>dost[koruyucu_tetik]
2-10;İyileştirme;Aynalı;Asa;evet;Ters kopya, Ayna eşli;"asa ışını (hat) → küre 2m, senden hedefe hat (karşı noktada eşi, tik tik). Etkiler: can→dost 35; can→düşman -10.5 [ters_kopya]; yansit→sen 0.3 2sn [ayna_sifati]";;;"yol=isin|sekil=sphere|dogar=hat|temas=tik|gecir=normal|ayna || deger:can>dost[] ; deger:can>dusman[ters_kopya] ; yon:yansit>kendin[ayna_sifati]"
2-11;İyileştirme;Kopya;Asa;evet;Çift;asa ışını (hat) → küre 2m, senden hedefe hat (2 kez (kopya), tik tik). Etkiler: can→dost 35 [iki_kez];;;yol=isin|sekil=sphere|dogar=hat|temas=tik|gecir=normal|cogul || deger:can>dost[iki_kez]
2-12;İyileştirme;Akan;Asa;evet;Akış;asa ışını (hat) → küre 2m, senden hedefe hat (sürekli akar, tik tik). Etkiler: can→dost 24.5 3sn [akis];sürekli + ışın = uzun kanal;;yol=isin|sekil=sphere|dogar=hat|temas=tik|gecir=normal|surekli || deger:can>dost[akis]
3-1;Hareket;Yoğun;Asa;hayir;Faz geçişi;asa ışını (hat) → çizgi 1.7m, sende (tek hedef, tik tik, uyumsuz silah). Etkiler: kendini_tasi→sen 7.5 [faz,yol:hat_kayma];;;yol=isin|sekil=line|dogar=sende|temas=tik|gecir=normal|tek_hedef || konum:kendini_tasi>kendin[faz,yol:hat_kayma]
3-2;Hareket;Emici;Asa;hayir;Hedefi sana çekme, Girdap;"asa ışını (hat) → çizgi 3m, sende (içine çeker, tik tik, uyumsuz silah). Etkiler: cek→düşman 7.5 [sana_dogru,yol:hat_kayma]; mermi_sil→düşman mermisi [yut]";;;"yol=isin|sekil=line|dogar=sende|temas=tik|gecir=normal|cekim || konum:cek>dusman[sana_dogru,yol:hat_kayma] ; varlik:mermi_sil>dusman_nesnesi[yut]"
3-3;Hareket;Sıçrayan;Asa;hayir;Sekmeli zıplama, Seken;asa ışını (hat) → çizgi 3.3m, sende (2 kez seker, tik tik, uyumsuz silah). Etkiler: kendini_tasi→sen 7.5 [sekmeli,yol:hat_kayma];;;yol=isin|sekil=line|dogar=sende|temas=tik|gecir=normal|seker || konum:kendini_tasi>kendin[sekmeli,yol:hat_kayma]
3-4;Hareket;Sabit;Asa;hayir;İşaretle-geri dön, Çit;asa ışını (hat) → çizgi 3m, sende (yerinde çapalı, tik tik, uyumsuz silah). Etkiler: isaret_geri_don→sen 7.5 3sn [geri_donus,yol:hat_kayma];çapalı + ışın = sabit hat (çit);;yol=isin|sekil=line|dogar=sende|temas=tik|gecir=normal|capali || konum:isaret_geri_don>kendin[geri_donus,yol:hat_kayma]
3-5;Hareket;Yayılan;Asa;hayir;İniş şok dalgası, Dalga;"asa ışını (hat) → çizgi 5.4m, sende (dışa büyür, cephe geçerken, uyumsuz silah). Etkiler: kendini_tasi→sen 7.5 [inis_dalgasi,yol:hat_kayma]; it→düşman [dalga]";;;"yol=isin|sekil=line|dogar=sende|temas=cephe|gecir=normal|genisler || konum:it>dusman[dalga] ; konum:kendini_tasi>kendin[inis_dalgasi,yol:hat_kayma]"
3-6;Hareket;Bağlayıcı;Asa;hayir;Yer değiştirme, Bağ;"asa ışını (hat) → bağ 3m, sende (sen↔hedef bağı, tik tik, uyumsuz silah). Etkiler: yer_degistir→düşman 7.5 [iki_uc,yol:hat_kayma]; hareket→düşman 1.5sn [bag_ucu]; hareket→düşman 0.7 1.5sn [bag_ucu,yavas]";;;"yol=isin|sekil=bag|dogar=sende|temas=tik|gecir=normal|bag || hiz:hareket>dusman[bag_ucu,yavas] ; hiz:hareket>dusman[bag_ucu] ; konum:yer_degistir>dusman[iki_uc,yol:hat_kayma]"
3-7;Hareket;Bulandırıcı;Asa;hayir;Görünmez geçiş, Sis;"asa ışını (hat) → bulut 3m, sende (sis hacmi, tik tik, uyumsuz silah). Etkiler: kendini_tasi→sen 7.5 [gorunmez_gecis,yol:hat_kayma]; gizlen→dost 4sn [bulut_ici]; kor→düşman 0.3 4sn [bulut_ici]";;;"yol=isin|sekil=bulut|dogar=sende|temas=tik|gecir=normal|bulut || gorunurluk:gizlen>dost[bulut_ici] ; gorunurluk:kor>dusman[bulut_ici] ; konum:kendini_tasi>kendin[gorunmez_gecis,yol:hat_kayma]"
3-8;Hareket;Yükselen;Asa;hayir;Sıçrayıp çakılma, Yükselen;"asa ışını (hat) → çizgi 3m, sende (yerden yükselir, gücü artar, tik tik, uyumsuz silah). Etkiler: kendini_tasi→sen 7.5 [sicrayip_cakil,yol:hat_kayma]; hasar_buff→sen 0.1 3sn [yukselen]";;;"yol=isin|sekil=line|dogar=sende|temas=tik|gecir=normal|dikey|rampa || deger:hasar_buff>kendin[yukselen] ; konum:kendini_tasi>kendin[sicrayip_cakil,yol:hat_kayma]"
3-9;Hareket;Odaklı;Asa;hayir;Arkaya ışınlanma, Güdümlü;asa ışını (hat) → çizgi 3m, sende (hedefe kilitli, tek hedef, tik tik, uyumsuz silah). Etkiler: hedefin_arkasina→sen 7.5 [isinlanma,yol:hat_kayma];;;yol=isin|sekil=line|dogar=sende|temas=tik|gecir=normal|gudum|tek_hedef || konum:hedefin_arkasina>kendin[isinlanma,yol:hat_kayma]
3-10;Hareket;Aynalı;Asa;hayir;Portal, Ayna eşli;"asa ışını (hat) → çizgi 3m, sende (karşı noktada eşi, tik tik, uyumsuz silah). Etkiler: portal→sen 7.5 4sn [portal_cifti,yol:hat_kayma]; yansit→sen 0.3 2sn [ayna_sifati]";;;"yol=isin|sekil=line|dogar=sende|temas=tik|gecir=normal|ayna || konum:portal>kendin[portal_cifti,yol:hat_kayma] ; yon:yansit>kendin[ayna_sifati]"
3-11;Hareket;Kopya;Asa;hayir;Yem kopya, Çift;"asa ışını (hat) → çizgi 3m, sende (2 kez (kopya), tik tik, uyumsuz silah). Etkiler: kendini_tasi→sen 7.5 [ardinda_kopya,yol:hat_kayma]; yem_kopya→sen 1 2sn [dikkat_ceker]";;;"yol=isin|sekil=line|dogar=sende|temas=tik|gecir=normal|cogul || konum:kendini_tasi>kendin[ardinda_kopya,yol:hat_kayma] ; varlik:yem_kopya>kendin[dikkat_ceker]"
3-12;Hareket;Akan;Asa;hayir;Süzülme, Akış;asa ışını (hat) → çizgi 3m, sende (sürekli akar, tik tik, uyumsuz silah). Etkiler: kendini_tasi→sen 7.5 3sn [suzulme,yol:hat_kayma];sürekli + ışın = uzun kanal;;yol=isin|sekil=line|dogar=sende|temas=tik|gecir=normal|surekli || konum:kendini_tasi>kendin[suzulme,yol:hat_kayma]
4-1;Savunma;Yoğun;Asa;hayir;Taşma;asa ışını (hat) → küre 0.8m, senden hedefe hat (katı, tek hedef, tik tik, uyumsuz silah). Etkiler: kalkan→dost 54 [tasar];;;yol=isin|sekil=sphere|dogar=hat|temas=tik|gecir=kati|tek_hedef || deger:kalkan>dost[tasar]
4-2;Savunma;Emici;Asa;hayir;Emme/çalma;"asa ışını (hat) → küre 1.5m, senden hedefe hat (katı, tik tik, uyumsuz silah). Etkiler: can→düşman -38 [emme]; kalkan→sen 38 [aktarim]; mermi_sil→düşman mermisi [yut]";;;"yol=isin|sekil=sphere|dogar=hat|temas=tik|gecir=kati || deger:can>dusman[emme] ; deger:kalkan>kendin[aktarim] ; varlik:mermi_sil>dusman_nesnesi[yut]"
4-3;Savunma;Sıçrayan;Asa;hayir;Seken;asa ışını (hat) → küre 1.7m, senden hedefe hat (katı, 2 kez seker, tik tik, uyumsuz silah). Etkiler: kalkan→dost 40 [dosttan_dosta];;;yol=isin|sekil=sphere|dogar=hat|temas=tik|gecir=kati|seker || deger:kalkan>dost[dosttan_dosta]
4-4;Savunma;Sabit;Asa;hayir;Hat duvar, Totem, Çit;asa ışını (hat) → küre 1.5m, senden hedefe hat (yerinde çapalı, katı, tik tik, uyumsuz silah). Etkiler: kalkan→dost 40 [totem];çapalı + ışın = sabit hat (çit);;yol=isin|sekil=sphere|dogar=hat|temas=tik|gecir=kati|capali || deger:kalkan>dost[totem]
4-5;Savunma;Yayılan;Asa;hayir;Dalga;asa ışını (hat) → küre 2.7m, senden hedefe hat (katı, dışa büyür, cephe geçerken, uyumsuz silah). Etkiler: kalkan→dost 34 [alan];;;yol=isin|sekil=sphere|dogar=hat|temas=cephe|gecir=kati|genisler || deger:kalkan>dost[alan]
4-6;Savunma;Bağlayıcı;Asa;hayir;Can bağı, Bağ;"asa ışını (hat) → bağ 1.5m, senden hedefe hat (katı, sen↔hedef bağı, tik tik, uyumsuz silah). Etkiler: kalkan→dost 40 [can_bagi]; hasar_paylasimi→dost 0.5 1.5sn [bag]";;;"yol=isin|sekil=bag|dogar=hat|temas=tik|gecir=kati|bag || deger:hasar_paylasimi>dost[bag] ; deger:kalkan>dost[can_bagi]"
4-7;Savunma;Bulandırıcı;Asa;hayir;Sis;"asa ışını (hat) → bulut 1.5m, senden hedefe hat (katı, sis hacmi, tik tik, uyumsuz silah). Etkiler: kalkan→dost 40 [bulut_tik]; gizlen→dost 4sn [bulut_ici]; kor→düşman 0.3 4sn [bulut_ici]";;;"yol=isin|sekil=bulut|dogar=hat|temas=tik|gecir=kati|bulut || deger:kalkan>dost[bulut_tik] ; gorunurluk:gizlen>dost[bulut_ici] ; gorunurluk:kor>dusman[bulut_ici]"
4-8;Savunma;Yükselen;Asa;hayir;Yükselen;"asa ışını (hat) → küre 1.5m, senden hedefe hat (katı, yerden yükselir, gücü artar, tik tik, uyumsuz silah). Etkiler: kalkan→dost 40 [buyuyen]; hasar_buff→sen 0.1 3sn [yukselen]";;;"yol=isin|sekil=sphere|dogar=hat|temas=tik|gecir=kati|dikey|rampa || deger:hasar_buff>kendin[yukselen] ; deger:kalkan>dost[buyuyen]"
4-9;Savunma;Odaklı;Asa;hayir;Koruyucu tetik, Güdümlü;asa ışını (hat) → küre 1.5m, senden hedefe hat (katı, hedefe kilitli, tek hedef, tik tik, uyumsuz silah). Etkiler: kalkan→dost 46 [koruyucu_tetik];;;yol=isin|sekil=sphere|dogar=hat|temas=tik|gecir=kati|gudum|tek_hedef || deger:kalkan>dost[koruyucu_tetik]
4-10;Savunma;Aynalı;Asa;hayir;Ters kopya, Ayna eşli;"asa ışını (hat) → küre 1.5m, senden hedefe hat (katı, karşı noktada eşi, tik tik, uyumsuz silah). Etkiler: kalkan→dost 40; can→düşman -12 [ters_kopya]; yansit→sen 0.3 2sn [ayna_sifati]";;;"yol=isin|sekil=sphere|dogar=hat|temas=tik|gecir=kati|ayna || deger:can>dusman[ters_kopya] ; deger:kalkan>dost[] ; yon:yansit>kendin[ayna_sifati]"
4-11;Savunma;Kopya;Asa;hayir;Çift;asa ışını (hat) → küre 1.5m, senden hedefe hat (katı, 2 kez (kopya), tik tik, uyumsuz silah). Etkiler: kalkan→dost 40 [iki_kez];;;yol=isin|sekil=sphere|dogar=hat|temas=tik|gecir=kati|cogul || deger:kalkan>dost[iki_kez]
4-12;Savunma;Akan;Asa;hayir;Akış;asa ışını (hat) → küre 1.5m, senden hedefe hat (katı, sürekli akar, tik tik, uyumsuz silah). Etkiler: kalkan→dost 28 3sn [akis];sürekli + ışın = uzun kanal;;yol=isin|sekil=sphere|dogar=hat|temas=tik|gecir=kati|surekli || deger:kalkan>dost[akis]
5-1;Patlama;Yoğun;Asa;evet;Delici;"asa ışını (hat) → küre 1.7m, senden hedefe hat (delip geçer, tik tik). Etkiler: can→düşman -34.02; it→düşman [sert]";;;"yol=isin|sekil=sphere|dogar=hat|temas=tik|gecir=delici || deger:can>dusman[] ; konum:it>dusman[sert]"
5-2;Patlama;Emici;Asa;evet;İçe çöküş, Girdap;"asa ışını (hat) → küre 3m, senden hedefe hat (içine çeker, tik tik). Etkiler: can→düşman -23.94; cek→düşman [merkeze]; can→sen 7.18 [aktarim]; mermi_sil→düşman mermisi [yut]";;;"yol=isin|sekil=sphere|dogar=hat|temas=tik|gecir=normal|cekim || deger:can>dusman[] ; deger:can>kendin[aktarim] ; konum:cek>dusman[merkeze] ; varlik:mermi_sil>dusman_nesnesi[yut]"
5-3;Patlama;Sıçrayan;Asa;evet;Seken;"asa ışını (hat) → küre 3.3m, senden hedefe hat (2 kez seker, tik tik). Etkiler: can→düşman -25.2 [seker]; it→düşman [seker]";;;"yol=isin|sekil=sphere|dogar=hat|temas=tik|gecir=normal|seker || deger:can>dusman[seker] ; konum:it>dusman[seker]"
5-4;Patlama;Sabit;Asa;evet;Tuzak, Çit;"asa ışını (hat) → küre 3m, senden hedefe hat (yerinde çapalı, içine girene). Etkiler: can→düşman -25.2 [tuzak]; it→düşman [tuzak]";çapalı + ışın = sabit hat (çit);;"yol=isin|sekil=sphere|dogar=hat|temas=giris|gecir=normal|capali || deger:can>dusman[tuzak] ; konum:it>dusman[tuzak]"
5-5;Patlama;Yayılan;Asa;evet;Dalga;"asa ışını (hat) → küre 5.4m, senden hedefe hat (dışa büyür, cephe geçerken). Etkiler: can→düşman -21.42 [alan]; it→düşman [dalga]";;;"yol=isin|sekil=sphere|dogar=hat|temas=cephe|gecir=normal|genisler || deger:can>dusman[alan] ; konum:it>dusman[dalga]"
5-6;Patlama;Bağlayıcı;Asa;evet;Bağla çekme, Bağ;"asa ışını (hat) → bağ 3m, senden hedefe hat (sen↔hedef bağı, tik tik). Etkiler: can→düşman -25.2 [bag_akisi]; cek→düşman [bag_boyunca]; hareket→düşman 1.5sn [bag_ucu]; hareket→düşman 0.7 1.5sn [bag_ucu,yavas]";;;"yol=isin|sekil=bag|dogar=hat|temas=tik|gecir=normal|bag || deger:can>dusman[bag_akisi] ; hiz:hareket>dusman[bag_ucu,yavas] ; hiz:hareket>dusman[bag_ucu] ; konum:cek>dusman[bag_boyunca]"
5-7;Patlama;Bulandırıcı;Asa;evet;Sis;"asa ışını (hat) → bulut 3m, senden hedefe hat (sis hacmi, tik tik). Etkiler: can→düşman -25.2 [bulut_tik]; it→düşman [sis_patlamasi]; gizlen→dost 4.3sn [bulut_ici]; kor→düşman 0.3 4.3sn [bulut_ici]";;;"yol=isin|sekil=bulut|dogar=hat|temas=tik|gecir=normal|bulut || deger:can>dusman[bulut_tik] ; gorunurluk:gizlen>dost[bulut_ici] ; gorunurluk:kor>dusman[bulut_ici] ; konum:it>dusman[sis_patlamasi]"
5-8;Patlama;Yükselen;Asa;evet;Havaya atma, Yükselen;"asa ışını (hat) → küre 3m, senden hedefe hat (yerden yükselir, gücü artar, tik tik). Etkiler: can→düşman -25.2 [havaya_at]; it→düşman [yukari_firlat]; hareket→düşman 0.8sn [havada]; hasar_buff→sen 0.1 3sn [yukselen]";;;"yol=isin|sekil=sphere|dogar=hat|temas=tik|gecir=normal|dikey|rampa || deger:can>dusman[havaya_at] ; deger:hasar_buff>kendin[yukselen] ; hiz:hareket>dusman[havada] ; konum:it>dusman[yukari_firlat]"
5-9;Patlama;Odaklı;Asa;evet;Güdümlü;"asa ışını (hat) → küre 3m, senden hedefe hat (hedefe kilitli, tek hedef, tik tik). Etkiler: can→düşman -28.98 [iskalamaz,zirh_yoksay]; it→düşman [tek_hedef]";;;"yol=isin|sekil=sphere|dogar=hat|temas=tik|gecir=normal|gudum|tek_hedef || deger:can>dusman[iskalamaz,zirh_yoksay] ; konum:it>dusman[tek_hedef]"
5-10;Patlama;Aynalı;Asa;evet;Kıskaç, Ayna eşli;"asa ışını (hat) → küre 3m, senden hedefe hat (karşı noktada eşi, tik tik). Etkiler: can→düşman -25.2 [kiskac]; it→düşman [iki_uctan]; yansit→sen 0.3 2sn [ayna_sifati]";;;"yol=isin|sekil=sphere|dogar=hat|temas=tik|gecir=normal|ayna || deger:can>dusman[kiskac] ; konum:it>dusman[iki_uctan] ; yon:yansit>kendin[ayna_sifati]"
5-11;Patlama;Kopya;Asa;evet;Çift;"asa ışını (hat) → küre 3m, senden hedefe hat (2 kez (kopya), tik tik). Etkiler: can→düşman -25.2 [iki_kez]; it→düşman [iki_kez]";;;"yol=isin|sekil=sphere|dogar=hat|temas=tik|gecir=normal|cogul || deger:can>dusman[iki_kez] ; konum:it>dusman[iki_kez]"
5-12;Patlama;Akan;Asa;evet;Akıntı, Akış;"asa ışını (hat) → küre 3m, senden hedefe hat (sürekli akar, tik tik). Etkiler: can→düşman -17.64 3sn [akis]; it→düşman [akinti]";sürekli + ışın = uzun kanal;;"yol=isin|sekil=sphere|dogar=hat|temas=tik|gecir=normal|surekli || deger:can>dusman[akis] ; konum:it>dusman[akinti]"
6-1;Kontrol;Yoğun;Asa;hayir;Delici;"asa ışını (hat) → koni 2.2m, senden hedefe hat (delip geçer, tik tik, uyumsuz silah). Etkiler: hareket→düşman 0.8sn [sert]; can→düşman -7.78";;;"yol=isin|sekil=cone|dogar=hat|temas=tik|gecir=delici || deger:can>dusman[] ; hiz:hareket>dusman[sert]"
6-2;Kontrol;Emici;Asa;hayir;Hedefi sana çekme, Girdap;"asa ışını (hat) → koni 4m, senden hedefe hat (içine çeker, tik tik, uyumsuz silah). Etkiler: hareket→düşman 1.5sn; can→düşman -5.47; cek→düşman [sana_dogru]; can→sen 1.64 [aktarim]; mermi_sil→düşman mermisi [yut]";;;"yol=isin|sekil=cone|dogar=hat|temas=tik|gecir=normal|cekim || deger:can>dusman[] ; deger:can>kendin[aktarim] ; hiz:hareket>dusman[] ; konum:cek>dusman[sana_dogru] ; varlik:mermi_sil>dusman_nesnesi[yut]"
6-3;Kontrol;Sıçrayan;Asa;hayir;Seken;"asa ışını (hat) → koni 4.4m, senden hedefe hat (2 kez seker, tik tik, uyumsuz silah). Etkiler: hareket→düşman 1.5sn [seker]; can→düşman -5.76 [seker]";;;"yol=isin|sekil=cone|dogar=hat|temas=tik|gecir=normal|seker || deger:can>dusman[seker] ; hiz:hareket>dusman[seker]"
6-4;Kontrol;Sabit;Asa;hayir;Tuzak, Çit;"asa ışını (hat) → koni 4m, senden hedefe hat (yerinde çapalı, içine girene, uyumsuz silah). Etkiler: hareket→düşman 3.5sn [uzun]; can→düşman -5.76 [tuzak]";çapalı + ışın = sabit hat (çit);;"yol=isin|sekil=cone|dogar=hat|temas=giris|gecir=normal|capali || deger:can>dusman[tuzak] ; hiz:hareket>dusman[uzun]"
6-5;Kontrol;Yayılan;Asa;hayir;Dalga;"asa ışını (hat) → koni 7.2m, senden hedefe hat (dışa büyür, cephe geçerken, uyumsuz silah). Etkiler: hareket→düşman 1.5sn [dalga]; can→düşman -4.9 [alan]";;;"yol=isin|sekil=cone|dogar=hat|temas=cephe|gecir=normal|genisler || deger:can>dusman[alan] ; hiz:hareket>dusman[dalga]"
6-6;Kontrol;Bağlayıcı;Asa;hayir;Tasma, Bağ;"asa ışını (hat) → bağ 4m, senden hedefe hat (sen↔hedef bağı, tik tik, uyumsuz silah). Etkiler: hareket→düşman 1.5sn [tasma]; can→düşman -5.76 [bag_akisi]; hareket→düşman 1.5sn [bag_ucu]; hareket→düşman 0.7 1.5sn [bag_ucu,yavas]";;;"yol=isin|sekil=bag|dogar=hat|temas=tik|gecir=normal|bag || deger:can>dusman[bag_akisi] ; hiz:hareket>dusman[bag_ucu,yavas] ; hiz:hareket>dusman[bag_ucu] ; hiz:hareket>dusman[tasma]"
6-7;Kontrol;Bulandırıcı;Asa;hayir;Sis;"asa ışını (hat) → bulut 4m, senden hedefe hat (sis hacmi, tik tik, uyumsuz silah). Etkiler: hareket→düşman 1.5sn [bulut_tik]; can→düşman -5.76 [bulut_tik]; gizlen→dost 4sn [bulut_ici]; kor→düşman 0.3 4sn [bulut_ici]";;;"yol=isin|sekil=bulut|dogar=hat|temas=tik|gecir=normal|bulut || deger:can>dusman[bulut_tik] ; gorunurluk:gizlen>dost[bulut_ici] ; gorunurluk:kor>dusman[bulut_ici] ; hiz:hareket>dusman[bulut_tik]"
6-8;Kontrol;Yükselen;Asa;hayir;Havaya atma, Yükselen;"asa ışını (hat) → koni 4m, senden hedefe hat (yerden yükselir, gücü artar, tik tik, uyumsuz silah). Etkiler: hareket→düşman 1.5sn [havaya_at]; can→düşman -5.76 [havaya_at]; hasar_buff→sen 0.1 3sn [yukselen]";;;"yol=isin|sekil=cone|dogar=hat|temas=tik|gecir=normal|dikey|rampa || deger:can>dusman[havaya_at] ; deger:hasar_buff>kendin[yukselen] ; hiz:hareket>dusman[havaya_at]"
6-9;Kontrol;Odaklı;Asa;hayir;Gecikmeli an, Güdümlü;"asa ışını (hat) → koni 4m, senden hedefe hat (hedefe kilitli, tek hedef, tik tik, uyumsuz silah). Etkiler: hareket→düşman 1.5sn [isaretli_an]; can→düşman -6.62 [iskalamaz,zirh_yoksay]";;;"yol=isin|sekil=cone|dogar=hat|temas=tik|gecir=normal|gudum|tek_hedef || deger:can>dusman[iskalamaz,zirh_yoksay] ; hiz:hareket>dusman[isaretli_an]"
6-10;Kontrol;Aynalı;Asa;hayir;Kıskaç, Ters kontrol, Ayna eşli;"asa ışını (hat) → koni 4m, senden hedefe hat (karşı noktada eşi, tik tik, uyumsuz silah). Etkiler: hareket→düşman 1.5sn [ters_kontrol]; can→düşman -5.76 [kiskac]; yansit→sen 0.3 2sn [ayna_sifati]";;;"yol=isin|sekil=cone|dogar=hat|temas=tik|gecir=normal|ayna || deger:can>dusman[kiskac] ; hiz:hareket>dusman[ters_kontrol] ; yon:yansit>kendin[ayna_sifati]"
6-11;Kontrol;Kopya;Asa;hayir;Çift;"asa ışını (hat) → koni 4m, senden hedefe hat (2 kez (kopya), tik tik, uyumsuz silah). Etkiler: hareket→düşman 1.5sn [iki_kez]; can→düşman -5.76 [iki_kez]";;;"yol=isin|sekil=cone|dogar=hat|temas=tik|gecir=normal|cogul || deger:can>dusman[iki_kez] ; hiz:hareket>dusman[iki_kez]"
6-12;Kontrol;Akan;Asa;hayir;Bataklık, Akış;"asa ışını (hat) → koni 4m, senden hedefe hat (sürekli akar, tik tik, uyumsuz silah). Etkiler: hareket→düşman 3sn [bataklik]; can→düşman -4.03 3sn [akis]";sürekli + ışın = uzun kanal;;"yol=isin|sekil=cone|dogar=hat|temas=tik|gecir=normal|surekli || deger:can>dusman[akis] ; hiz:hareket>dusman[bataklik]"
7-1;Zayıflatma;Yoğun;Asa;hayir;Delici;"asa ışını (hat) → kapsül 1.7m, senden hedefe hat (delip geçer, tik tik, uyumsuz silah). Etkiler: zirh→düşman -0.22 2sn; can→düşman -4.86";;;"yol=isin|sekil=capsule|dogar=hat|temas=tik|gecir=delici || deger:can>dusman[] ; deger:zirh>dusman[]"
7-2;Zayıflatma;Emici;Asa;hayir;Girdap;"asa ışını (hat) → kapsül 3m, senden hedefe hat (içine çeker, tik tik, uyumsuz silah). Etkiler: zirh→düşman -0.15 4sn; can→düşman -3.42; zirh→sen 0.05 4sn [aktarim]; can→sen 1.03 [aktarim]; mermi_sil→düşman mermisi [yut]";;;"yol=isin|sekil=capsule|dogar=hat|temas=tik|gecir=normal|cekim || deger:can>dusman[] ; deger:can>kendin[aktarim] ; deger:zirh>dusman[] ; deger:zirh>kendin[aktarim] ; varlik:mermi_sil>dusman_nesnesi[yut]"
7-3;Zayıflatma;Sıçrayan;Asa;hayir;Seken;"asa ışını (hat) → kapsül 3.3m, senden hedefe hat (2 kez seker, tik tik, uyumsuz silah). Etkiler: zirh→düşman -0.16 4sn [seker]; can→düşman -3.6 [seker]";;;"yol=isin|sekil=capsule|dogar=hat|temas=tik|gecir=normal|seker || deger:can>dusman[seker] ; deger:zirh>dusman[seker]"
7-4;Zayıflatma;Sabit;Asa;hayir;Tuzak, Çit;"asa ışını (hat) → kapsül 3m, senden hedefe hat (yerinde çapalı, içine girene, uyumsuz silah). Etkiler: zirh→düşman -0.16 4sn [tuzak]; can→düşman -3.6 [tuzak]";çapalı + ışın = sabit hat (çit);;"yol=isin|sekil=capsule|dogar=hat|temas=giris|gecir=normal|capali || deger:can>dusman[tuzak] ; deger:zirh>dusman[tuzak]"
7-5;Zayıflatma;Yayılan;Asa;hayir;Dalga;"asa ışını (hat) → kapsül 5.4m, senden hedefe hat (dışa büyür, cephe geçerken, uyumsuz silah). Etkiler: zirh→düşman -0.14 4sn [alan]; can→düşman -3.06 [alan]";;;"yol=isin|sekil=capsule|dogar=hat|temas=cephe|gecir=normal|genisler || deger:can>dusman[alan] ; deger:zirh>dusman[alan]"
7-6;Zayıflatma;Bağlayıcı;Asa;hayir;Bağ;"asa ışını (hat) → bağ 3m, senden hedefe hat (sen↔hedef bağı, tik tik, uyumsuz silah). Etkiler: zirh→düşman -0.16 4sn [bag_akisi]; can→düşman -3.6 [bag_akisi]; hareket→düşman 1.5sn [bag_ucu]; hareket→düşman 0.7 1.5sn [bag_ucu,yavas]";;;"yol=isin|sekil=bag|dogar=hat|temas=tik|gecir=normal|bag || deger:can>dusman[bag_akisi] ; deger:zirh>dusman[bag_akisi] ; hiz:hareket>dusman[bag_ucu,yavas] ; hiz:hareket>dusman[bag_ucu]"
7-7;Zayıflatma;Bulandırıcı;Asa;hayir;Sis;"asa ışını (hat) → bulut 3m, senden hedefe hat (sis hacmi, tik tik, uyumsuz silah). Etkiler: zirh→düşman -0.16 4sn [bulut_tik]; can→düşman -3.6 [bulut_tik]; gizlen→dost 4sn [bulut_ici]; kor→düşman 0.3 4sn [bulut_ici]";;;"yol=isin|sekil=bulut|dogar=hat|temas=tik|gecir=normal|bulut || deger:can>dusman[bulut_tik] ; deger:zirh>dusman[bulut_tik] ; gorunurluk:gizlen>dost[bulut_ici] ; gorunurluk:kor>dusman[bulut_ici]"
7-8;Zayıflatma;Yükselen;Asa;hayir;Havaya atma, Yükselen;"asa ışını (hat) → kapsül 3m, senden hedefe hat (yerden yükselir, gücü artar, tik tik, uyumsuz silah). Etkiler: zirh→düşman -0.16 4sn [havaya_at]; can→düşman -3.6 [havaya_at]; hareket→düşman 0.8sn [havada]; hasar_buff→sen 0.1 3sn [yukselen]";;;"yol=isin|sekil=capsule|dogar=hat|temas=tik|gecir=normal|dikey|rampa || deger:can>dusman[havaya_at] ; deger:hasar_buff>kendin[yukselen] ; deger:zirh>dusman[havaya_at] ; hiz:hareket>dusman[havada]"
7-9;Zayıflatma;Odaklı;Asa;hayir;Gecikmeli an, Güdümlü;"asa ışını (hat) → kapsül 3m, senden hedefe hat (hedefe kilitli, tek hedef, tik tik, uyumsuz silah). Etkiler: zirh→düşman -0.18 4sn [isaretli_an]; can→düşman -4.14 [iskalamaz,zirh_yoksay]";;;"yol=isin|sekil=capsule|dogar=hat|temas=tik|gecir=normal|gudum|tek_hedef || deger:can>dusman[iskalamaz,zirh_yoksay] ; deger:zirh>dusman[isaretli_an]"
7-10;Zayıflatma;Aynalı;Asa;hayir;Kıskaç, Ayna eşli;"asa ışını (hat) → kapsül 3m, senden hedefe hat (karşı noktada eşi, tik tik, uyumsuz silah). Etkiler: zirh→düşman -0.16 4sn [kiskac]; can→düşman -3.6 [kiskac]; yansit→sen 0.3 2sn [ayna_sifati]";;;"yol=isin|sekil=capsule|dogar=hat|temas=tik|gecir=normal|ayna || deger:can>dusman[kiskac] ; deger:zirh>dusman[kiskac] ; yon:yansit>kendin[ayna_sifati]"
7-11;Zayıflatma;Kopya;Asa;hayir;Çift;"asa ışını (hat) → kapsül 3m, senden hedefe hat (2 kez (kopya), tik tik, uyumsuz silah). Etkiler: zirh→düşman -0.16 4sn [iki_kez]; can→düşman -3.6 [iki_kez]";;;"yol=isin|sekil=capsule|dogar=hat|temas=tik|gecir=normal|cogul || deger:can>dusman[iki_kez] ; deger:zirh>dusman[iki_kez]"
7-12;Zayıflatma;Akan;Asa;hayir;Akış;"asa ışını (hat) → kapsül 3m, senden hedefe hat (sürekli akar, tik tik, uyumsuz silah). Etkiler: zirh→düşman -0.11 3sn [akis]; can→düşman -2.52 3sn [akis]";sürekli + ışın = uzun kanal;;"yol=isin|sekil=capsule|dogar=hat|temas=tik|gecir=normal|surekli || deger:can>dusman[akis] ; deger:zirh>dusman[akis]"
8-1;Güçlendirme;Yoğun;Asa;evet;Taşma;asa ışını (hat) → küre 1.1m, senden hedefe hat (tek hedef, tik tik). Etkiler: hasar_buff→dost 0.27 1.5sn [tasar];;;yol=isin|sekil=sphere|dogar=hat|temas=tik|gecir=normal|tek_hedef || deger:hasar_buff>dost[tasar]
8-2;Güçlendirme;Emici;Asa;evet;Emme/çalma;"asa ışını (hat) → küre 2m, senden hedefe hat (tik tik). Etkiler: hasar_buff→düşman -0.19 3sn [emme]; hasar_buff→sen 0.19 3sn [aktarim]; mermi_sil→düşman mermisi [yut]";;;"yol=isin|sekil=sphere|dogar=hat|temas=tik|gecir=normal || deger:hasar_buff>dusman[emme] ; deger:hasar_buff>kendin[aktarim] ; varlik:mermi_sil>dusman_nesnesi[yut]"
8-3;Güçlendirme;Sıçrayan;Asa;evet;Seken;asa ışını (hat) → küre 2.2m, senden hedefe hat (2 kez seker, tik tik). Etkiler: hasar_buff→dost 0.2 3sn [dosttan_dosta];;;yol=isin|sekil=sphere|dogar=hat|temas=tik|gecir=normal|seker || deger:hasar_buff>dost[dosttan_dosta]
8-4;Güçlendirme;Sabit;Asa;evet;Totem, Çit;asa ışını (hat) → küre 2m, senden hedefe hat (yerinde çapalı, tik tik). Etkiler: hasar_buff→dost 0.2 3sn [totem];çapalı + ışın = sabit hat (çit);;yol=isin|sekil=sphere|dogar=hat|temas=tik|gecir=normal|capali || deger:hasar_buff>dost[totem]
8-5;Güçlendirme;Yayılan;Asa;evet;Dalga;asa ışını (hat) → küre 3.6m, senden hedefe hat (dışa büyür, cephe geçerken). Etkiler: hasar_buff→dost 0.17 3sn [alan];;;yol=isin|sekil=sphere|dogar=hat|temas=cephe|gecir=normal|genisler || deger:hasar_buff>dost[alan]
8-6;Güçlendirme;Bağlayıcı;Asa;evet;Can bağı, Bağ;"asa ışını (hat) → bağ 2m, senden hedefe hat (sen↔hedef bağı, tik tik). Etkiler: hasar_buff→dost 0.2 3sn [can_bagi]; hasar_paylasimi→dost 0.5 1.5sn [bag]";;;"yol=isin|sekil=bag|dogar=hat|temas=tik|gecir=normal|bag || deger:hasar_buff>dost[can_bagi] ; deger:hasar_paylasimi>dost[bag]"
8-7;Güçlendirme;Bulandırıcı;Asa;evet;Sis;"asa ışını (hat) → bulut 2m, senden hedefe hat (sis hacmi, tik tik). Etkiler: hasar_buff→dost 0.2 3sn [bulut_tik]; gizlen→dost 4.3sn [bulut_ici]; kor→düşman 0.3 4.3sn [bulut_ici]";;;"yol=isin|sekil=bulut|dogar=hat|temas=tik|gecir=normal|bulut || deger:hasar_buff>dost[bulut_tik] ; gorunurluk:gizlen>dost[bulut_ici] ; gorunurluk:kor>dusman[bulut_ici]"
8-8;Güçlendirme;Yükselen;Asa;evet;Yükselen;"asa ışını (hat) → küre 2m, senden hedefe hat (yerden yükselir, gücü artar, tik tik). Etkiler: hasar_buff→dost 0.2 3sn [buyuyen]; hasar_buff→sen 0.1 3sn [yukselen]";;;"yol=isin|sekil=sphere|dogar=hat|temas=tik|gecir=normal|dikey|rampa || deger:hasar_buff>dost[buyuyen] ; deger:hasar_buff>kendin[yukselen]"
8-9;Güçlendirme;Odaklı;Asa;evet;Koruyucu tetik, Güdümlü;asa ışını (hat) → küre 2m, senden hedefe hat (hedefe kilitli, tek hedef, tik tik). Etkiler: hasar_buff→dost 0.23 3sn [koruyucu_tetik];;;yol=isin|sekil=sphere|dogar=hat|temas=tik|gecir=normal|gudum|tek_hedef || deger:hasar_buff>dost[koruyucu_tetik]
8-10;Güçlendirme;Aynalı;Asa;evet;Ters kopya, Ayna eşli;"asa ışını (hat) → küre 2m, senden hedefe hat (karşı noktada eşi, tik tik). Etkiler: hasar_buff→dost 0.2 3sn; hasar_buff→düşman -0.06 3sn [ters_kopya]; yansit→sen 0.3 2sn [ayna_sifati]";;;"yol=isin|sekil=sphere|dogar=hat|temas=tik|gecir=normal|ayna || deger:hasar_buff>dost[] ; deger:hasar_buff>dusman[ters_kopya] ; yon:yansit>kendin[ayna_sifati]"
8-11;Güçlendirme;Kopya;Asa;evet;Çift;asa ışını (hat) → küre 2m, senden hedefe hat (2 kez (kopya), tik tik). Etkiler: hasar_buff→dost 0.2 3sn [iki_kez];;;yol=isin|sekil=sphere|dogar=hat|temas=tik|gecir=normal|cogul || deger:hasar_buff>dost[iki_kez]
8-12;Güçlendirme;Akan;Asa;evet;Akış;asa ışını (hat) → küre 2m, senden hedefe hat (sürekli akar, tik tik). Etkiler: hasar_buff→dost 0.14 3sn [akis];sürekli + ışın = uzun kanal;;yol=isin|sekil=sphere|dogar=hat|temas=tik|gecir=normal|surekli || deger:hasar_buff>dost[akis]
9-1;Arındırma;Yoğun;Asa;hayir;Sert;"asa ışını (hat) → küre 1.4m, senden hedefe hat (tek hedef, tik tik, uyumsuz silah). Etkiler: durum_sil→dost 1 [guclu]; mermi_sil→düşman mermisi [delici]";;;"yol=isin|sekil=sphere|dogar=hat|temas=tik|gecir=normal|tek_hedef || varlik:durum_sil>dost[guclu] ; varlik:mermi_sil>dusman_nesnesi[delici]"
9-2;Arındırma;Emici;Asa;hayir;Durum aktarma;"asa ışını (hat) → küre 2.5m, senden hedefe hat (tik tik, uyumsuz silah). Etkiler: durum_aktar→dost 1; mermi_sil→düşman mermisi [yut]; durum_ekle→düşman 1 [aktarim]";;;"yol=isin|sekil=sphere|dogar=hat|temas=tik|gecir=normal || varlik:durum_aktar>dost[] ; varlik:durum_ekle>dusman[aktarim] ; varlik:mermi_sil>dusman_nesnesi[yut]"
9-3;Arındırma;Sıçrayan;Asa;hayir;Seken;"asa ışını (hat) → küre 2.8m, senden hedefe hat (2 kez seker, tik tik, uyumsuz silah). Etkiler: durum_sil→dost 1 [dosttan_dosta]; mermi_sil→düşman mermisi [seker]";;;"yol=isin|sekil=sphere|dogar=hat|temas=tik|gecir=normal|seker || varlik:durum_sil>dost[dosttan_dosta] ; varlik:mermi_sil>dusman_nesnesi[seker]"
9-4;Arındırma;Sabit;Asa;hayir;Mermi kesen engel, Arınma alanı, Çit;"asa ışını (hat) → küre 2.5m, senden hedefe hat (yerinde çapalı, tik tik, uyumsuz silah). Etkiler: durum_sil→dost 1 [arinma_alani]; mermi_sil→düşman mermisi [engel]";çapalı + ışın = sabit hat (çit);;"yol=isin|sekil=sphere|dogar=hat|temas=tik|gecir=normal|capali || varlik:durum_sil>dost[arinma_alani] ; varlik:mermi_sil>dusman_nesnesi[engel]"
9-5;Arındırma;Yayılan;Asa;hayir;Dalga;"asa ışını (hat) → küre 4.5m, senden hedefe hat (dışa büyür, cephe geçerken, uyumsuz silah). Etkiler: durum_sil→dost 1 [alan]; mermi_sil→düşman mermisi [alan]";;;"yol=isin|sekil=sphere|dogar=hat|temas=cephe|gecir=normal|genisler || varlik:durum_sil>dost[alan] ; varlik:mermi_sil>dusman_nesnesi[alan]"
9-6;Arındırma;Bağlayıcı;Asa;hayir;Bağışıklık bağı, Bağ;"asa ışını (hat) → bağ 2.5m, senden hedefe hat (sen↔hedef bağı, tik tik, uyumsuz silah). Etkiler: durum_sil→dost 1 [bag_bagisiklik]; mermi_sil→düşman mermisi [bag_hatti]";;;"yol=isin|sekil=bag|dogar=hat|temas=tik|gecir=normal|bag || varlik:durum_sil>dost[bag_bagisiklik] ; varlik:mermi_sil>dusman_nesnesi[bag_hatti]"
9-7;Arındırma;Bulandırıcı;Asa;hayir;Sis;"asa ışını (hat) → bulut 2.5m, senden hedefe hat (sis hacmi, tik tik, uyumsuz silah). Etkiler: durum_sil→dost 1 [gizli]; mermi_sil→düşman mermisi [sis_perdesi]; gizlen→dost 4sn [bulut_ici]; kor→düşman 0.3 4sn [bulut_ici]";;;"yol=isin|sekil=bulut|dogar=hat|temas=tik|gecir=normal|bulut || gorunurluk:gizlen>dost[bulut_ici] ; gorunurluk:kor>dusman[bulut_ici] ; varlik:durum_sil>dost[gizli] ; varlik:mermi_sil>dusman_nesnesi[sis_perdesi]"
9-8;Arındırma;Yükselen;Asa;hayir;Arınıp güçlenme, Yükselen;"asa ışını (hat) → küre 2.5m, senden hedefe hat (yerden yükselir, gücü artar, tik tik, uyumsuz silah). Etkiler: durum_sil→dost 1 [guce_cevir]; mermi_sil→düşman mermisi [yukselen_perde]; hasar_buff→sen 0.1 3sn [yukselen]";;;"yol=isin|sekil=sphere|dogar=hat|temas=tik|gecir=normal|dikey|rampa || deger:hasar_buff>kendin[yukselen] ; varlik:durum_sil>dost[guce_cevir] ; varlik:mermi_sil>dusman_nesnesi[yukselen_perde]"
9-9;Arındırma;Odaklı;Asa;hayir;Tam arındırma, Güdümlü;"asa ışını (hat) → küre 2.5m, senden hedefe hat (hedefe kilitli, tek hedef, tik tik, uyumsuz silah). Etkiler: durum_sil→dost 99 [tumunu_sil]; mermi_sil→düşman mermisi [hedefli]";;;"yol=isin|sekil=sphere|dogar=hat|temas=tik|gecir=normal|gudum|tek_hedef || varlik:durum_sil>dost[tumunu_sil] ; varlik:mermi_sil>dusman_nesnesi[hedefli]"
9-10;Arındırma;Aynalı;Asa;hayir;Buff silme, Mermi geri gönderme, Ayna eşli;"asa ışını (hat) → küre 2.5m, senden hedefe hat (karşı noktada eşi, tik tik, uyumsuz silah). Etkiler: iyi_durum_sil→düşman 1 [ters_hedef]; mermi_sil→düşman mermisi [geri_gonder]; yansit→sen 0.3 2sn [ayna_sifati]";;;"yol=isin|sekil=sphere|dogar=hat|temas=tik|gecir=normal|ayna || varlik:iyi_durum_sil>dusman[ters_hedef] ; varlik:mermi_sil>dusman_nesnesi[geri_gonder] ; yon:yansit>kendin[ayna_sifati]"
9-11;Arındırma;Kopya;Asa;hayir;Çift;"asa ışını (hat) → küre 2.5m, senden hedefe hat (2 kez (kopya), tik tik, uyumsuz silah). Etkiler: durum_sil→dost 1 [iki_kez]; mermi_sil→düşman mermisi [iki_kez]";;;"yol=isin|sekil=sphere|dogar=hat|temas=tik|gecir=normal|cogul || varlik:durum_sil>dost[iki_kez] ; varlik:mermi_sil>dusman_nesnesi[iki_kez]"
9-12;Arındırma;Akan;Asa;hayir;Akış;"asa ışını (hat) → küre 2.5m, senden hedefe hat (sürekli akar, tik tik, uyumsuz silah). Etkiler: durum_sil→dost 1 [aura]; mermi_sil→düşman mermisi [surekli_perde]";sürekli + ışın = uzun kanal;;"yol=isin|sekil=sphere|dogar=hat|temas=tik|gecir=normal|surekli || varlik:durum_sil>dost[aura] ; varlik:mermi_sil>dusman_nesnesi[surekli_perde]"
10-1;Yansıma;Yoğun;Asa;hayir;Uzak yansıtıcı;asa ışını (hat) → küre 0.8m, senden hedefe hat (tek hedef, tik tik, uyumsuz silah). Etkiler: yansit→gövdenin olduğu yer 0.68 1sn [dunyada,sert,silahla:hat];;;yol=isin|sekil=sphere|dogar=hat|temas=tik|gecir=normal|tek_hedef || yon:yansit>alan[dunyada,sert,silahla:hat]
10-2;Yansıma;Emici;Asa;hayir;Uzak yansıtıcı, Hasar emme;"asa ışını (hat) → küre 1.5m, senden hedefe hat (tik tik, uyumsuz silah). Etkiler: yansit→gövdenin olduğu yer 0.5 2sn [dunyada,silahla:hat]; em→sen 0.5 2sn [cana_cevir]; mermi_sil→düşman mermisi [yut]";;;"yol=isin|sekil=sphere|dogar=hat|temas=tik|gecir=normal || deger:em>kendin[cana_cevir] ; varlik:mermi_sil>dusman_nesnesi[yut] ; yon:yansit>alan[dunyada,silahla:hat]"
10-3;Yansıma;Sıçrayan;Asa;hayir;Uzak yansıtıcı, Seken;asa ışını (hat) → küre 1.7m, senden hedefe hat (2 kez seker, tik tik, uyumsuz silah). Etkiler: yansit→gövdenin olduğu yer 0.5 2sn [dunyada,seker,silahla:hat];;;yol=isin|sekil=sphere|dogar=hat|temas=tik|gecir=normal|seker || yon:yansit>alan[dunyada,seker,silahla:hat]
10-4;Yansıma;Sabit;Asa;hayir;Ayna yüzey, Uzak yansıtıcı, Çit;asa ışını (hat) → küre 1.5m, senden hedefe hat (yerinde çapalı, tik tik, uyumsuz silah). Etkiler: yansit→gövdenin olduğu yer 0.5 2sn [ayna_yuzey,dunyada,silahla:hat];çapalı + ışın = sabit hat (çit);;yol=isin|sekil=sphere|dogar=hat|temas=tik|gecir=normal|capali || yon:yansit>alan[ayna_yuzey,dunyada,silahla:hat]
10-5;Yansıma;Yayılan;Asa;hayir;Uzak yansıtıcı, Dalga;asa ışını (hat) → küre 2.7m, senden hedefe hat (dışa büyür, cephe geçerken, uyumsuz silah). Etkiler: yansit→gövdenin olduğu yer 0.5 2sn [aura,dunyada,silahla:hat];;;yol=isin|sekil=sphere|dogar=hat|temas=cephe|gecir=normal|genisler || yon:yansit>alan[aura,dunyada,silahla:hat]
10-6;Yansıma;Bağlayıcı;Asa;hayir;Uzak yansıtıcı, Hasar yönlendirme, Bağ;"asa ışını (hat) → bağ 1.5m, senden hedefe hat (sen↔hedef bağı, tik tik, uyumsuz silah). Etkiler: yonlendir→düşman 0.5 2sn [bag,dunyada,silahla:hat]; hareket→düşman 1.5sn [bag_ucu]; hareket→düşman 0.7 2sn [bag_ucu,yavas]";;;"yol=isin|sekil=bag|dogar=hat|temas=tik|gecir=normal|bag || hiz:hareket>dusman[bag_ucu,yavas] ; hiz:hareket>dusman[bag_ucu] ; yon:yonlendir>dusman[bag,dunyada,silahla:hat]"
10-7;Yansıma;Bulandırıcı;Asa;hayir;Sis, Uzak yansıtıcı;"asa ışını (hat) → bulut 1.5m, senden hedefe hat (sis hacmi, tik tik, uyumsuz silah). Etkiler: yansit→gövdenin olduğu yer 0.5 2sn [dunyada,gizli,silahla:hat]; gizlen→dost 5sn [bulut_ici]; kor→düşman 0.3 5sn [bulut_ici]";;;"yol=isin|sekil=bulut|dogar=hat|temas=tik|gecir=normal|bulut || gorunurluk:gizlen>dost[bulut_ici] ; gorunurluk:kor>dusman[bulut_ici] ; yon:yansit>alan[dunyada,gizli,silahla:hat]"
10-8;Yansıma;Yükselen;Asa;hayir;Uzak yansıtıcı, Yükselen;"asa ışını (hat) → küre 1.5m, senden hedefe hat (yerden yükselir, gücü artar, tik tik, uyumsuz silah). Etkiler: yansit→gövdenin olduğu yer 0.5 2sn [artan_oran,dunyada,silahla:hat]; hasar_buff→sen 0.1 3sn [yukselen]";;;"yol=isin|sekil=sphere|dogar=hat|temas=tik|gecir=normal|dikey|rampa || deger:hasar_buff>kendin[yukselen] ; yon:yansit>alan[artan_oran,dunyada,silahla:hat]"
10-9;Yansıma;Odaklı;Asa;hayir;Uzak yansıtıcı, Kusursuz savuşturma, Güdümlü;asa ışını (hat) → küre 1.5m, senden hedefe hat (hedefe kilitli, tek hedef, tik tik, uyumsuz silah). Etkiler: yansit→gövdenin olduğu yer 1 2sn [dunyada,savusturma,silahla:hat];;;yol=isin|sekil=sphere|dogar=hat|temas=tik|gecir=normal|gudum|tek_hedef || yon:yansit>alan[dunyada,savusturma,silahla:hat]
10-10;Yansıma;Aynalı;Asa;hayir;Uzak yansıtıcı, Bölünen yansıma, Ayna eşli;"asa ışını (hat) → küre 1.5m, senden hedefe hat (karşı noktada eşi, tik tik, uyumsuz silah). Etkiler: yansit→gövdenin olduğu yer 0.5 2sn [bolunen,dunyada,silahla:hat]; yansit→sen 0.3 2sn [ayna_sifati]";;;"yol=isin|sekil=sphere|dogar=hat|temas=tik|gecir=normal|ayna || yon:yansit>alan[bolunen,dunyada,silahla:hat] ; yon:yansit>kendin[ayna_sifati]"
10-11;Yansıma;Kopya;Asa;hayir;Uzak yansıtıcı, Çift;asa ışını (hat) → küre 1.5m, senden hedefe hat (2 kez (kopya), tik tik, uyumsuz silah). Etkiler: yansit→gövdenin olduğu yer 0.5 2sn [dunyada,iki_kez,silahla:hat];;;yol=isin|sekil=sphere|dogar=hat|temas=tik|gecir=normal|cogul || yon:yansit>alan[dunyada,iki_kez,silahla:hat]
10-12;Yansıma;Akan;Asa;hayir;Uzak yansıtıcı, Akış;asa ışını (hat) → küre 1.5m, senden hedefe hat (sürekli akar, tik tik, uyumsuz silah). Etkiler: yansit→gövdenin olduğu yer 0.5 3sn [dunyada,silahla:hat,surekli];sürekli + ışın = uzun kanal;;yol=isin|sekil=sphere|dogar=hat|temas=tik|gecir=normal|surekli || yon:yansit>alan[dunyada,silahla:hat,surekli]
11-1;Çağırma;Yoğun;Asa;hayir;Sert;asa ışını (hat) → nokta 0.6m, senden hedefe hat (tek hedef, tik tik, uyumsuz silah). Etkiler: aktor_yarat→sen 1 2.5sn [guclu,silahla:hat];;;yol=isin|sekil=point|dogar=hat|temas=tik|gecir=normal|tek_hedef || varlik:aktor_yarat>kendin[guclu,silahla:hat]
11-2;Çağırma;Emici;Asa;hayir;Can emen minyon;"asa ışını (hat) → nokta 1m, senden hedefe hat (tik tik, uyumsuz silah). Etkiler: aktor_yarat→sen 1 5sn [can_emen,silahla:hat]; mermi_sil→düşman mermisi [yut]";;;"yol=isin|sekil=point|dogar=hat|temas=tik|gecir=normal || varlik:aktor_yarat>kendin[can_emen,silahla:hat] ; varlik:mermi_sil>dusman_nesnesi[yut]"
11-3;Çağırma;Sıçrayan;Asa;hayir;Zıplayan minyon, Seken;asa ışını (hat) → nokta 1.1m, senden hedefe hat (2 kez seker, tik tik, uyumsuz silah). Etkiler: aktor_yarat→sen 1 5sn [silahla:hat,ziplayan];;;yol=isin|sekil=point|dogar=hat|temas=tik|gecir=normal|seker || varlik:aktor_yarat>kendin[silahla:hat,ziplayan]
11-4;Çağırma;Sabit;Asa;hayir;Taret, Çit;asa ışını (hat) → nokta 1m, senden hedefe hat (yerinde çapalı, tik tik, uyumsuz silah). Etkiler: aktor_yarat→sen 1 5sn [silahla:hat,taret];çapalı + ışın = sabit hat (çit);;yol=isin|sekil=point|dogar=hat|temas=tik|gecir=normal|capali || varlik:aktor_yarat>kendin[silahla:hat,taret]
11-5;Çağırma;Yayılan;Asa;hayir;Minyon halkası, Dalga;asa ışını (hat) → nokta 1.8m, senden hedefe hat (dışa büyür, cephe geçerken, uyumsuz silah). Etkiler: aktor_yarat→sen 3 5sn [halka,silahla:hat];;;yol=isin|sekil=point|dogar=hat|temas=cephe|gecir=normal|genisler || varlik:aktor_yarat>kendin[halka,silahla:hat]
11-6;Çağırma;Bağlayıcı;Asa;hayir;Muhafız, Bağ;asa ışını (hat) → bağ 1m, senden hedefe hat (sen↔hedef bağı, tik tik, uyumsuz silah). Etkiler: aktor_yarat→sen 1 5sn [bagli_muhafiz,silahla:hat];;;yol=isin|sekil=bag|dogar=hat|temas=tik|gecir=normal|bag || varlik:aktor_yarat>kendin[bagli_muhafiz,silahla:hat]
11-7;Çağırma;Bulandırıcı;Asa;hayir;Görünmez minyon, Sis;"asa ışını (hat) → bulut 1m, senden hedefe hat (sis hacmi, tik tik, uyumsuz silah). Etkiler: aktor_yarat→sen 1 5sn [gorunmez,silahla:hat]; gizlen→dost 4sn [bulut_ici]; kor→düşman 0.3 4sn [bulut_ici]";;;"yol=isin|sekil=bulut|dogar=hat|temas=tik|gecir=normal|bulut || gorunurluk:gizlen>dost[bulut_ici] ; gorunurluk:kor>dusman[bulut_ici] ; varlik:aktor_yarat>kendin[gorunmez,silahla:hat]"
11-8;Çağırma;Yükselen;Asa;hayir;Yükselen;"asa ışını (hat) → nokta 1m, senden hedefe hat (yerden yükselir, gücü artar, tik tik, uyumsuz silah). Etkiler: aktor_yarat→sen 1 5sn [buyuyen,silahla:hat]; hasar_buff→sen 0.1 3sn [yukselen]";;;"yol=isin|sekil=point|dogar=hat|temas=tik|gecir=normal|dikey|rampa || deger:hasar_buff>kendin[yukselen] ; varlik:aktor_yarat>kendin[buyuyen,silahla:hat]"
11-9;Çağırma;Odaklı;Asa;hayir;Suikastçı minyon, Güdümlü;asa ışını (hat) → nokta 1m, senden hedefe hat (hedefe kilitli, tek hedef, tik tik, uyumsuz silah). Etkiler: aktor_yarat→sen 1 5sn [silahla:hat,suikastci];;;yol=isin|sekil=point|dogar=hat|temas=tik|gecir=normal|gudum|tek_hedef || varlik:aktor_yarat>kendin[silahla:hat,suikastci]
11-10;Çağırma;Aynalı;Asa;hayir;Ayna klon, Ayna eşli;"asa ışını (hat) → nokta 1m, senden hedefe hat (karşı noktada eşi, tik tik, uyumsuz silah). Etkiler: aktor_yarat→sen 1 5sn [ayna_klon,silahla:hat]; yansit→sen 0.3 2sn [ayna_sifati]";;;"yol=isin|sekil=point|dogar=hat|temas=tik|gecir=normal|ayna || varlik:aktor_yarat>kendin[ayna_klon,silahla:hat] ; yon:yansit>kendin[ayna_sifati]"
11-11;Çağırma;Kopya;Asa;hayir;Klon, Çift;asa ışını (hat) → nokta 1m, senden hedefe hat (2 kez (kopya), tik tik, uyumsuz silah). Etkiler: klon→sen 1 5sn [senin_kopyan,silahla:hat];;;yol=isin|sekil=point|dogar=hat|temas=tik|gecir=normal|cogul || varlik:klon>kendin[senin_kopyan,silahla:hat]
11-12;Çağırma;Akan;Asa;hayir;Akış;asa ışını (hat) → nokta 1m, senden hedefe hat (sürekli akar, tik tik, uyumsuz silah). Etkiler: aktor_yarat→sen 3 5sn [akis,silahla:hat];sürekli + ışın = uzun kanal;;yol=isin|sekil=point|dogar=hat|temas=tik|gecir=normal|surekli || varlik:aktor_yarat>kendin[akis,silahla:hat]
12-1;Zaman;Yoğun;Asa;evet;Delici;asa ışını (hat) → silindir 2.2m, senden hedefe hat (delip geçer, tik tik). Etkiler: tempo→düşman 0.3 0.5sn [sert];;;yol=isin|sekil=cylinder|dogar=hat|temas=tik|gecir=delici || hiz:tempo>dusman[sert]
12-2;Zaman;Emici;Asa;evet;Zaman çalma;"asa ışını (hat) → silindir 4m, senden hedefe hat (tik tik). Etkiler: tempo→düşman 0.7 1sn; tempo→sen 1.3 1sn [aktarim]; mermi_sil→düşman mermisi [yut]";;;"yol=isin|sekil=cylinder|dogar=hat|temas=tik|gecir=normal || hiz:tempo>dusman[] ; hiz:tempo>kendin[aktarim] ; varlik:mermi_sil>dusman_nesnesi[yut]"
12-3;Zaman;Sıçrayan;Asa;evet;Seken;asa ışını (hat) → silindir 4.4m, senden hedefe hat (2 kez seker, tik tik). Etkiler: tempo→düşman 0.7 1sn [seker];;;yol=isin|sekil=cylinder|dogar=hat|temas=tik|gecir=normal|seker || hiz:tempo>dusman[seker]
12-4;Zaman;Sabit;Asa;evet;Dondurma, Çit;asa ışını (hat) → silindir 4m, senden hedefe hat (yerinde çapalı, tik tik). Etkiler: tempo→düşman 1sn [dondur];çapalı + ışın = sabit hat (çit);;yol=isin|sekil=cylinder|dogar=hat|temas=tik|gecir=normal|capali || hiz:tempo>dusman[dondur]
12-5;Zaman;Yayılan;Asa;evet;Dalga;asa ışını (hat) → silindir 7.2m, senden hedefe hat (dışa büyür, cephe geçerken). Etkiler: tempo→düşman 0.7 1sn [dalga];;;yol=isin|sekil=cylinder|dogar=hat|temas=cephe|gecir=normal|genisler || hiz:tempo>dusman[dalga]
12-6;Zaman;Bağlayıcı;Asa;evet;Zaman senkronu, Bağ;"asa ışını (hat) → bağ 4m, senden hedefe hat (sen↔hedef bağı, tik tik). Etkiler: tempo→düşman 0.7 1sn [senkron]; hareket→düşman 1.5sn [bag_ucu]; hareket→düşman 0.7 1.5sn [bag_ucu,yavas]";;;"yol=isin|sekil=bag|dogar=hat|temas=tik|gecir=normal|bag || hiz:hareket>dusman[bag_ucu,yavas] ; hiz:hareket>dusman[bag_ucu] ; hiz:tempo>dusman[senkron]"
12-7;Zaman;Bulandırıcı;Asa;evet;Titreyen zaman, Sis;"asa ışını (hat) → bulut 4m, senden hedefe hat (sis hacmi, tik tik). Etkiler: tempo→düşman 0.7 1sn [titrer]; gizlen→dost 4.3sn [bulut_ici]; kor→düşman 0.3 4.3sn [bulut_ici]";;;"yol=isin|sekil=bulut|dogar=hat|temas=tik|gecir=normal|bulut || gorunurluk:gizlen>dost[bulut_ici] ; gorunurluk:kor>dusman[bulut_ici] ; hiz:tempo>dusman[titrer]"
12-8;Zaman;Yükselen;Asa;evet;Hızlanma, Yükselen;"asa ışını (hat) → silindir 4m, senden hedefe hat (yerden yükselir, gücü artar, tik tik). Etkiler: tempo→sen 1.3 1sn [hizlanma]; hasar_buff→sen 0.1 3sn [yukselen]";;;"yol=isin|sekil=cylinder|dogar=hat|temas=tik|gecir=normal|dikey|rampa || deger:hasar_buff>kendin[yukselen] ; hiz:tempo>kendin[hizlanma]"
12-9;Zaman;Odaklı;Asa;evet;Gecikmeli an, Güdümlü;asa ışını (hat) → silindir 4m, senden hedefe hat (hedefe kilitli, tek hedef, tik tik). Etkiler: tempo→düşman 0.7 1sn [isaretli_an];;;yol=isin|sekil=cylinder|dogar=hat|temas=tik|gecir=normal|gudum|tek_hedef || hiz:tempo>dusman[isaretli_an]
12-10;Zaman;Aynalı;Asa;evet;Geri sarma, Ayna eşli;"asa ışını (hat) → silindir 4m, senden hedefe hat (karşı noktada eşi, tik tik). Etkiler: geri_sar→düşman 2 1sn [geri_sarma]; yansit→sen 0.3 2sn [ayna_sifati]";;;"yol=isin|sekil=cylinder|dogar=hat|temas=tik|gecir=normal|ayna || hiz:geri_sar>dusman[geri_sarma] ; yon:yansit>kendin[ayna_sifati]"
12-11;Zaman;Kopya;Asa;evet;Yankı, Çift;"asa ışını (hat) → silindir 4m, senden hedefe hat (2 kez (kopya), tik tik). Etkiler: tempo→düşman 0.7 1sn [iki_kez]; onceki_skill_tekrar→sen 1 [yanki]";;;"yol=isin|sekil=cylinder|dogar=hat|temas=tik|gecir=normal|cogul || hiz:tempo>dusman[iki_kez] ; varlik:onceki_skill_tekrar>kendin[yanki]"
12-12;Zaman;Akan;Asa;evet;Zaman alanı, Akış;"asa ışını (hat) → silindir 4m, senden hedefe hat (sürekli akar, tik tik). Etkiler: tempo→düşman 0.7 3sn [zaman_alani]; tempo→dost 1.3 3sn [zaman_alani]";sürekli + ışın = uzun kanal;;"yol=isin|sekil=cylinder|dogar=hat|temas=tik|gecir=normal|surekli || hiz:tempo>dost[zaman_alani] ; hiz:tempo>dusman[zaman_alani]"
1-1;Saldırı;Yoğun;Tılsım;hayir;Delici;tılsım (hedefte belirir) → kapsül 0.8m, hedef noktada (delip geçer, uyumsuz silah). Etkiler: can→düşman -25.92;;;yol=yerlestirme|sekil=capsule|dogar=hedef_noktada|temas=tek|gecir=delici || deger:can>dusman[]
1-2;Saldırı;Emici;Tılsım;hayir;Girdap;"tılsım (hedefte belirir) → kapsül 1.5m, hedef noktada (içine çeker, uyumsuz silah). Etkiler: can→düşman -18.24; can→sen 5.47 [aktarim]; mermi_sil→düşman mermisi [yut]";;;"yol=yerlestirme|sekil=capsule|dogar=hedef_noktada|temas=tek|gecir=normal|cekim || deger:can>dusman[] ; deger:can>kendin[aktarim] ; varlik:mermi_sil>dusman_nesnesi[yut]"
1-3;Saldırı;Sıçrayan;Tılsım;hayir;Seken;tılsım (hedefte belirir) → kapsül 1.7m, hedef noktada (2 kez seker, uyumsuz silah). Etkiler: can→düşman -19.2 [seker];;;yol=yerlestirme|sekil=capsule|dogar=hedef_noktada|temas=tek|gecir=normal|seker || deger:can>dusman[seker]
1-4;Saldırı;Sabit;Tılsım;hayir;Tuzak;tılsım (hedefte belirir) → kapsül 1.5m, hedef noktada (yerinde çapalı, içine girene, uyumsuz silah). Etkiler: can→düşman -19.2 [tuzak];;;yol=yerlestirme|sekil=capsule|dogar=hedef_noktada|temas=giris|gecir=normal|capali || deger:can>dusman[tuzak]
1-5;Saldırı;Yayılan;Tılsım;hayir;Dalga;tılsım (hedefte belirir) → kapsül 2.7m, hedef noktada (dışa büyür, cephe geçerken, uyumsuz silah). Etkiler: can→düşman -16.32 [alan];;;yol=yerlestirme|sekil=capsule|dogar=hedef_noktada|temas=cephe|gecir=normal|genisler || deger:can>dusman[alan]
1-6;Saldırı;Bağlayıcı;Tılsım;hayir;Bağ;"tılsım (hedefte belirir) → bağ 1.5m, hedef noktada (sen↔hedef bağı, tik tik, uyumsuz silah). Etkiler: can→düşman -19.2 [bag_akisi]; hareket→düşman 1.5sn [bag_ucu]; hareket→düşman 0.7 1.5sn [bag_ucu,yavas]";;;"yol=yerlestirme|sekil=bag|dogar=hedef_noktada|temas=tik|gecir=normal|bag || deger:can>dusman[bag_akisi] ; hiz:hareket>dusman[bag_ucu,yavas] ; hiz:hareket>dusman[bag_ucu]"
1-7;Saldırı;Bulandırıcı;Tılsım;hayir;Sis;"tılsım (hedefte belirir) → bulut 1.5m, hedef noktada (sis hacmi, tik tik, uyumsuz silah). Etkiler: can→düşman -19.2 [bulut_tik]; gizlen→dost 3.2sn [bulut_ici]; kor→düşman 0.3 3.2sn [bulut_ici]";;;"yol=yerlestirme|sekil=bulut|dogar=hedef_noktada|temas=tik|gecir=normal|bulut || deger:can>dusman[bulut_tik] ; gorunurluk:gizlen>dost[bulut_ici] ; gorunurluk:kor>dusman[bulut_ici]"
1-8;Saldırı;Yükselen;Tılsım;hayir;Havaya atma, Yükselen;"tılsım (hedefte belirir) → kapsül 1.5m, hedef noktada (yerden yükselir, gücü artar, uyumsuz silah). Etkiler: can→düşman -19.2 [havaya_at]; hareket→düşman 0.8sn [havada]; hasar_buff→sen 0.1 3sn [yukselen]";;;"yol=yerlestirme|sekil=capsule|dogar=hedef_noktada|temas=tek|gecir=normal|dikey|rampa || deger:can>dusman[havaya_at] ; deger:hasar_buff>kendin[yukselen] ; hiz:hareket>dusman[havada]"
1-9;Saldırı;Odaklı;Tılsım;hayir;Güdümlü;tılsım (hedefte belirir) → kapsül 1.5m, hedef noktada (hedefe kilitli, tek hedef, uyumsuz silah). Etkiler: can→düşman -22.08 [iskalamaz,zirh_yoksay];;;yol=yerlestirme|sekil=capsule|dogar=hedef_noktada|temas=tek|gecir=normal|gudum|tek_hedef || deger:can>dusman[iskalamaz,zirh_yoksay]
1-10;Saldırı;Aynalı;Tılsım;hayir;Kıskaç, Ayna eşli;"tılsım (hedefte belirir) → kapsül 1.5m, hedef noktada (karşı noktada eşi, uyumsuz silah). Etkiler: can→düşman -19.2 [kiskac]; yansit→sen 0.3 2sn [ayna_sifati]";;;"yol=yerlestirme|sekil=capsule|dogar=hedef_noktada|temas=tek|gecir=normal|ayna || deger:can>dusman[kiskac] ; yon:yansit>kendin[ayna_sifati]"
1-11;Saldırı;Kopya;Tılsım;hayir;Çift;tılsım (hedefte belirir) → kapsül 1.5m, hedef noktada (2 kez (kopya), uyumsuz silah). Etkiler: can→düşman -19.2 [iki_kez];;;yol=yerlestirme|sekil=capsule|dogar=hedef_noktada|temas=tek|gecir=normal|cogul || deger:can>dusman[iki_kez]
1-12;Saldırı;Akan;Tılsım;hayir;Akış;tılsım (hedefte belirir) → kapsül 1.5m, hedef noktada (sürekli akar, tik tik, uyumsuz silah). Etkiler: can→düşman -13.44 3sn [akis];;;yol=yerlestirme|sekil=capsule|dogar=hedef_noktada|temas=tik|gecir=normal|surekli || deger:can>dusman[akis]
2-1;İyileştirme;Yoğun;Tılsım;evet;Taşma;tılsım (hedefte belirir) → küre 1.1m, hedef noktada (tek hedef). Etkiler: can→dost 56.7 [tasar];;;yol=yerlestirme|sekil=sphere|dogar=hedef_noktada|temas=tek|gecir=normal|tek_hedef || deger:can>dost[tasar]
2-2;İyileştirme;Emici;Tılsım;evet;Emme/çalma;"tılsım (hedefte belirir) → küre 2m, hedef noktada. Etkiler: can→düşman -39.9 [emme]; can→sen 39.9 [aktarim]; mermi_sil→düşman mermisi [yut]";;;"yol=yerlestirme|sekil=sphere|dogar=hedef_noktada|temas=tek|gecir=normal || deger:can>dusman[emme] ; deger:can>kendin[aktarim] ; varlik:mermi_sil>dusman_nesnesi[yut]"
2-3;İyileştirme;Sıçrayan;Tılsım;evet;Seken;tılsım (hedefte belirir) → küre 2.2m, hedef noktada (2 kez seker). Etkiler: can→dost 42 [dosttan_dosta];;;yol=yerlestirme|sekil=sphere|dogar=hedef_noktada|temas=tek|gecir=normal|seker || deger:can>dost[dosttan_dosta]
2-4;İyileştirme;Sabit;Tılsım;evet;Totem;tılsım (hedefte belirir) → küre 2m, hedef noktada (yerinde çapalı, tik tik). Etkiler: can→dost 42 [totem];;;yol=yerlestirme|sekil=sphere|dogar=hedef_noktada|temas=tik|gecir=normal|capali || deger:can>dost[totem]
2-5;İyileştirme;Yayılan;Tılsım;evet;Dalga;tılsım (hedefte belirir) → küre 3.6m, hedef noktada (dışa büyür, cephe geçerken). Etkiler: can→dost 35.7 [alan];;;yol=yerlestirme|sekil=sphere|dogar=hedef_noktada|temas=cephe|gecir=normal|genisler || deger:can>dost[alan]
2-6;İyileştirme;Bağlayıcı;Tılsım;evet;Can bağı, Bağ;"tılsım (hedefte belirir) → bağ 2m, hedef noktada (sen↔hedef bağı, tik tik). Etkiler: can→dost 42 [can_bagi]; hasar_paylasimi→dost 0.5 1.5sn [bag]";;;"yol=yerlestirme|sekil=bag|dogar=hedef_noktada|temas=tik|gecir=normal|bag || deger:can>dost[can_bagi] ; deger:hasar_paylasimi>dost[bag]"
2-7;İyileştirme;Bulandırıcı;Tılsım;evet;Sis;"tılsım (hedefte belirir) → bulut 2m, hedef noktada (sis hacmi, tik tik). Etkiler: can→dost 42 [bulut_tik]; gizlen→dost 3.2sn [bulut_ici]; kor→düşman 0.3 3.2sn [bulut_ici]";;;"yol=yerlestirme|sekil=bulut|dogar=hedef_noktada|temas=tik|gecir=normal|bulut || deger:can>dost[bulut_tik] ; gorunurluk:gizlen>dost[bulut_ici] ; gorunurluk:kor>dusman[bulut_ici]"
2-8;İyileştirme;Yükselen;Tılsım;evet;Yükselen;"tılsım (hedefte belirir) → küre 2m, hedef noktada (yerden yükselir, gücü artar). Etkiler: can→dost 42 [buyuyen]; hasar_buff→sen 0.1 3sn [yukselen]";;;"yol=yerlestirme|sekil=sphere|dogar=hedef_noktada|temas=tek|gecir=normal|dikey|rampa || deger:can>dost[buyuyen] ; deger:hasar_buff>kendin[yukselen]"
2-9;İyileştirme;Odaklı;Tılsım;evet;Koruyucu tetik, Güdümlü;tılsım (hedefte belirir) → küre 2m, hedef noktada (hedefe kilitli, tek hedef). Etkiler: can→dost 48.3 [koruyucu_tetik];;;yol=yerlestirme|sekil=sphere|dogar=hedef_noktada|temas=tek|gecir=normal|gudum|tek_hedef || deger:can>dost[koruyucu_tetik]
2-10;İyileştirme;Aynalı;Tılsım;evet;Ters kopya, Ayna eşli;"tılsım (hedefte belirir) → küre 2m, hedef noktada (karşı noktada eşi). Etkiler: can→dost 42; can→düşman -12.6 [ters_kopya]; yansit→sen 0.3 2sn [ayna_sifati]";;;"yol=yerlestirme|sekil=sphere|dogar=hedef_noktada|temas=tek|gecir=normal|ayna || deger:can>dost[] ; deger:can>dusman[ters_kopya] ; yon:yansit>kendin[ayna_sifati]"
2-11;İyileştirme;Kopya;Tılsım;evet;Çift;tılsım (hedefte belirir) → küre 2m, hedef noktada (2 kez (kopya)). Etkiler: can→dost 42 [iki_kez];;;yol=yerlestirme|sekil=sphere|dogar=hedef_noktada|temas=tek|gecir=normal|cogul || deger:can>dost[iki_kez]
2-12;İyileştirme;Akan;Tılsım;evet;Akış;tılsım (hedefte belirir) → küre 2m, hedef noktada (sürekli akar, tik tik). Etkiler: can→dost 29.4 3sn [akis];;;yol=yerlestirme|sekil=sphere|dogar=hedef_noktada|temas=tik|gecir=normal|surekli || deger:can>dost[akis]
3-1;Hareket;Yoğun;Tılsım;hayir;Işınlanma, Faz geçişi;tılsım (hedefte belirir) → çizgi 1.7m, sende (tek hedef, uyumsuz silah). Etkiler: kendini_tasi→sen 8.4 [faz,yol:isarete_isinlanma];;;yol=yerlestirme|sekil=line|dogar=sende|temas=tek|gecir=normal|tek_hedef || konum:kendini_tasi>kendin[faz,yol:isarete_isinlanma]
3-2;Hareket;Emici;Tılsım;hayir;Hedefi sana çekme, Işınlanma, Girdap;"tılsım (hedefte belirir) → çizgi 3m, sende (içine çeker, uyumsuz silah). Etkiler: cek→düşman 8.4 [sana_dogru,yol:isarete_isinlanma]; mermi_sil→düşman mermisi [yut]";;;"yol=yerlestirme|sekil=line|dogar=sende|temas=tek|gecir=normal|cekim || konum:cek>dusman[sana_dogru,yol:isarete_isinlanma] ; varlik:mermi_sil>dusman_nesnesi[yut]"
3-3;Hareket;Sıçrayan;Tılsım;hayir;Işınlanma, Sekmeli zıplama, Seken;tılsım (hedefte belirir) → çizgi 3.3m, sende (2 kez seker, uyumsuz silah). Etkiler: kendini_tasi→sen 8.4 [sekmeli,yol:isarete_isinlanma];;;yol=yerlestirme|sekil=line|dogar=sende|temas=tek|gecir=normal|seker || konum:kendini_tasi>kendin[sekmeli,yol:isarete_isinlanma]
3-4;Hareket;Sabit;Tılsım;hayir;İşaretle-geri dön, Işınlanma;tılsım (hedefte belirir) → çizgi 3m, sende (yerinde çapalı, uyumsuz silah). Etkiler: isaret_geri_don→sen 8.4 2.2sn [geri_donus,yol:isarete_isinlanma];;;yol=yerlestirme|sekil=line|dogar=sende|temas=tek|gecir=normal|capali || konum:isaret_geri_don>kendin[geri_donus,yol:isarete_isinlanma]
3-5;Hareket;Yayılan;Tılsım;hayir;Işınlanma, İniş şok dalgası, Dalga;"tılsım (hedefte belirir) → çizgi 5.4m, sende (dışa büyür, cephe geçerken, uyumsuz silah). Etkiler: kendini_tasi→sen 8.4 [inis_dalgasi,yol:isarete_isinlanma]; it→düşman [dalga]";;;"yol=yerlestirme|sekil=line|dogar=sende|temas=cephe|gecir=normal|genisler || konum:it>dusman[dalga] ; konum:kendini_tasi>kendin[inis_dalgasi,yol:isarete_isinlanma]"
3-6;Hareket;Bağlayıcı;Tılsım;hayir;Yer değiştirme, Işınlanma, Bağ;"tılsım (hedefte belirir) → bağ 3m, sende (sen↔hedef bağı, tik tik, uyumsuz silah). Etkiler: yer_degistir→düşman 8.4 [iki_uc,yol:isarete_isinlanma]; hareket→düşman 1.5sn [bag_ucu]; hareket→düşman 0.7 1.5sn [bag_ucu,yavas]";;;"yol=yerlestirme|sekil=bag|dogar=sende|temas=tik|gecir=normal|bag || hiz:hareket>dusman[bag_ucu,yavas] ; hiz:hareket>dusman[bag_ucu] ; konum:yer_degistir>dusman[iki_uc,yol:isarete_isinlanma]"
3-7;Hareket;Bulandırıcı;Tılsım;hayir;Görünmez geçiş, Işınlanma, Sis;"tılsım (hedefte belirir) → bulut 3m, sende (sis hacmi, tik tik, uyumsuz silah). Etkiler: kendini_tasi→sen 8.4 [gorunmez_gecis,yol:isarete_isinlanma]; gizlen→dost 3.2sn [bulut_ici]; kor→düşman 0.3 3.2sn [bulut_ici]";;;"yol=yerlestirme|sekil=bulut|dogar=sende|temas=tik|gecir=normal|bulut || gorunurluk:gizlen>dost[bulut_ici] ; gorunurluk:kor>dusman[bulut_ici] ; konum:kendini_tasi>kendin[gorunmez_gecis,yol:isarete_isinlanma]"
3-8;Hareket;Yükselen;Tılsım;hayir;Sıçrayıp çakılma, Işınlanma, Yükselen;"tılsım (hedefte belirir) → çizgi 3m, sende (yerden yükselir, gücü artar, uyumsuz silah). Etkiler: kendini_tasi→sen 8.4 [sicrayip_cakil,yol:isarete_isinlanma]; hasar_buff→sen 0.1 3sn [yukselen]";;;"yol=yerlestirme|sekil=line|dogar=sende|temas=tek|gecir=normal|dikey|rampa || deger:hasar_buff>kendin[yukselen] ; konum:kendini_tasi>kendin[sicrayip_cakil,yol:isarete_isinlanma]"
3-9;Hareket;Odaklı;Tılsım;hayir;Arkaya ışınlanma, Işınlanma, Güdümlü;tılsım (hedefte belirir) → çizgi 3m, sende (hedefe kilitli, tek hedef, uyumsuz silah). Etkiler: hedefin_arkasina→sen 8.4 [isinlanma,yol:isarete_isinlanma];;;yol=yerlestirme|sekil=line|dogar=sende|temas=tek|gecir=normal|gudum|tek_hedef || konum:hedefin_arkasina>kendin[isinlanma,yol:isarete_isinlanma]
3-10;Hareket;Aynalı;Tılsım;hayir;Portal, Işınlanma, Ayna eşli;"tılsım (hedefte belirir) → çizgi 3m, sende (karşı noktada eşi, uyumsuz silah). Etkiler: portal→sen 8.4 4sn [portal_cifti,yol:isarete_isinlanma]; yansit→sen 0.3 2sn [ayna_sifati]";;;"yol=yerlestirme|sekil=line|dogar=sende|temas=tek|gecir=normal|ayna || konum:portal>kendin[portal_cifti,yol:isarete_isinlanma] ; yon:yansit>kendin[ayna_sifati]"
3-11;Hareket;Kopya;Tılsım;hayir;Işınlanma, Yem kopya, Çift;"tılsım (hedefte belirir) → çizgi 3m, sende (2 kez (kopya), uyumsuz silah). Etkiler: kendini_tasi→sen 8.4 [ardinda_kopya,yol:isarete_isinlanma]; yem_kopya→sen 1 2sn [dikkat_ceker]";;;"yol=yerlestirme|sekil=line|dogar=sende|temas=tek|gecir=normal|cogul || konum:kendini_tasi>kendin[ardinda_kopya,yol:isarete_isinlanma] ; varlik:yem_kopya>kendin[dikkat_ceker]"
3-12;Hareket;Akan;Tılsım;hayir;Işınlanma, Süzülme, Akış;tılsım (hedefte belirir) → çizgi 3m, sende (sürekli akar, tik tik, uyumsuz silah). Etkiler: kendini_tasi→sen 8.4 3sn [suzulme,yol:isarete_isinlanma];;;yol=yerlestirme|sekil=line|dogar=sende|temas=tik|gecir=normal|surekli || konum:kendini_tasi>kendin[suzulme,yol:isarete_isinlanma]
4-1;Savunma;Yoğun;Tılsım;hayir;Taşma;tılsım (hedefte belirir) → küre 0.8m, hedef noktada (katı, tek hedef, uyumsuz silah). Etkiler: kalkan→dost 54 [tasar];;;yol=yerlestirme|sekil=sphere|dogar=hedef_noktada|temas=tek|gecir=kati|tek_hedef || deger:kalkan>dost[tasar]
4-2;Savunma;Emici;Tılsım;hayir;Emme/çalma;"tılsım (hedefte belirir) → küre 1.5m, hedef noktada (katı, uyumsuz silah). Etkiler: can→düşman -38 [emme]; kalkan→sen 38 [aktarim]; mermi_sil→düşman mermisi [yut]";;;"yol=yerlestirme|sekil=sphere|dogar=hedef_noktada|temas=tek|gecir=kati || deger:can>dusman[emme] ; deger:kalkan>kendin[aktarim] ; varlik:mermi_sil>dusman_nesnesi[yut]"
4-3;Savunma;Sıçrayan;Tılsım;hayir;Seken;tılsım (hedefte belirir) → küre 1.7m, hedef noktada (katı, 2 kez seker, uyumsuz silah). Etkiler: kalkan→dost 40 [dosttan_dosta];;;yol=yerlestirme|sekil=sphere|dogar=hedef_noktada|temas=tek|gecir=kati|seker || deger:kalkan>dost[dosttan_dosta]
4-4;Savunma;Sabit;Tılsım;hayir;Duvar, Totem;tılsım (hedefte belirir) → küre 1.5m, hedef noktada (yerinde çapalı, katı, tik tik, uyumsuz silah). Etkiler: kalkan→dost 40 [totem];;;yol=yerlestirme|sekil=sphere|dogar=hedef_noktada|temas=tik|gecir=kati|capali || deger:kalkan>dost[totem]
4-5;Savunma;Yayılan;Tılsım;hayir;Dalga;tılsım (hedefte belirir) → küre 2.7m, hedef noktada (katı, dışa büyür, cephe geçerken, uyumsuz silah). Etkiler: kalkan→dost 34 [alan];;;yol=yerlestirme|sekil=sphere|dogar=hedef_noktada|temas=cephe|gecir=kati|genisler || deger:kalkan>dost[alan]
4-6;Savunma;Bağlayıcı;Tılsım;hayir;Can bağı, Bağ;"tılsım (hedefte belirir) → bağ 1.5m, hedef noktada (katı, sen↔hedef bağı, tik tik, uyumsuz silah). Etkiler: kalkan→dost 40 [can_bagi]; hasar_paylasimi→dost 0.5 1.5sn [bag]";;;"yol=yerlestirme|sekil=bag|dogar=hedef_noktada|temas=tik|gecir=kati|bag || deger:hasar_paylasimi>dost[bag] ; deger:kalkan>dost[can_bagi]"
4-7;Savunma;Bulandırıcı;Tılsım;hayir;Sis;"tılsım (hedefte belirir) → bulut 1.5m, hedef noktada (katı, sis hacmi, tik tik, uyumsuz silah). Etkiler: kalkan→dost 40 [bulut_tik]; gizlen→dost 3.5sn [bulut_ici]; kor→düşman 0.3 3.5sn [bulut_ici]";;;"yol=yerlestirme|sekil=bulut|dogar=hedef_noktada|temas=tik|gecir=kati|bulut || deger:kalkan>dost[bulut_tik] ; gorunurluk:gizlen>dost[bulut_ici] ; gorunurluk:kor>dusman[bulut_ici]"
4-8;Savunma;Yükselen;Tılsım;hayir;Yükselen;"tılsım (hedefte belirir) → küre 1.5m, hedef noktada (katı, yerden yükselir, gücü artar, uyumsuz silah). Etkiler: kalkan→dost 40 [buyuyen]; hasar_buff→sen 0.1 3sn [yukselen]";;;"yol=yerlestirme|sekil=sphere|dogar=hedef_noktada|temas=tek|gecir=kati|dikey|rampa || deger:hasar_buff>kendin[yukselen] ; deger:kalkan>dost[buyuyen]"
4-9;Savunma;Odaklı;Tılsım;hayir;Koruyucu tetik, Güdümlü;tılsım (hedefte belirir) → küre 1.5m, hedef noktada (katı, hedefe kilitli, tek hedef, uyumsuz silah). Etkiler: kalkan→dost 46 [koruyucu_tetik];;;yol=yerlestirme|sekil=sphere|dogar=hedef_noktada|temas=tek|gecir=kati|gudum|tek_hedef || deger:kalkan>dost[koruyucu_tetik]
4-10;Savunma;Aynalı;Tılsım;hayir;Ters kopya, Ayna eşli;"tılsım (hedefte belirir) → küre 1.5m, hedef noktada (katı, karşı noktada eşi, uyumsuz silah). Etkiler: kalkan→dost 40; can→düşman -12 [ters_kopya]; yansit→sen 0.3 2sn [ayna_sifati]";;;"yol=yerlestirme|sekil=sphere|dogar=hedef_noktada|temas=tek|gecir=kati|ayna || deger:can>dusman[ters_kopya] ; deger:kalkan>dost[] ; yon:yansit>kendin[ayna_sifati]"
4-11;Savunma;Kopya;Tılsım;hayir;Çift;tılsım (hedefte belirir) → küre 1.5m, hedef noktada (katı, 2 kez (kopya), uyumsuz silah). Etkiler: kalkan→dost 40 [iki_kez];;;yol=yerlestirme|sekil=sphere|dogar=hedef_noktada|temas=tek|gecir=kati|cogul || deger:kalkan>dost[iki_kez]
4-12;Savunma;Akan;Tılsım;hayir;Akış;tılsım (hedefte belirir) → küre 1.5m, hedef noktada (katı, sürekli akar, tik tik, uyumsuz silah). Etkiler: kalkan→dost 28 3sn [akis];;;yol=yerlestirme|sekil=sphere|dogar=hedef_noktada|temas=tik|gecir=kati|surekli || deger:kalkan>dost[akis]
5-1;Patlama;Yoğun;Tılsım;hayir;Delici;"tılsım (hedefte belirir) → küre 1.7m, hedef noktada (delip geçer, uyumsuz silah). Etkiler: can→düşman -18.14; it→düşman [sert]";;;"yol=yerlestirme|sekil=sphere|dogar=hedef_noktada|temas=tek|gecir=delici || deger:can>dusman[] ; konum:it>dusman[sert]"
5-2;Patlama;Emici;Tılsım;hayir;İçe çöküş, Girdap;"tılsım (hedefte belirir) → küre 3m, hedef noktada (içine çeker, uyumsuz silah). Etkiler: can→düşman -12.77; cek→düşman [merkeze]; can→sen 3.83 [aktarim]; mermi_sil→düşman mermisi [yut]";;;"yol=yerlestirme|sekil=sphere|dogar=hedef_noktada|temas=tek|gecir=normal|cekim || deger:can>dusman[] ; deger:can>kendin[aktarim] ; konum:cek>dusman[merkeze] ; varlik:mermi_sil>dusman_nesnesi[yut]"
5-3;Patlama;Sıçrayan;Tılsım;hayir;Seken;"tılsım (hedefte belirir) → küre 3.3m, hedef noktada (2 kez seker, uyumsuz silah). Etkiler: can→düşman -13.44 [seker]; it→düşman [seker]";;;"yol=yerlestirme|sekil=sphere|dogar=hedef_noktada|temas=tek|gecir=normal|seker || deger:can>dusman[seker] ; konum:it>dusman[seker]"
5-4;Patlama;Sabit;Tılsım;hayir;Tuzak;"tılsım (hedefte belirir) → küre 3m, hedef noktada (yerinde çapalı, içine girene, uyumsuz silah). Etkiler: can→düşman -13.44 [tuzak]; it→düşman [tuzak]";;;"yol=yerlestirme|sekil=sphere|dogar=hedef_noktada|temas=giris|gecir=normal|capali || deger:can>dusman[tuzak] ; konum:it>dusman[tuzak]"
5-5;Patlama;Yayılan;Tılsım;hayir;Dalga;"tılsım (hedefte belirir) → küre 5.4m, hedef noktada (dışa büyür, cephe geçerken, uyumsuz silah). Etkiler: can→düşman -11.42 [alan]; it→düşman [dalga]";;;"yol=yerlestirme|sekil=sphere|dogar=hedef_noktada|temas=cephe|gecir=normal|genisler || deger:can>dusman[alan] ; konum:it>dusman[dalga]"
5-6;Patlama;Bağlayıcı;Tılsım;hayir;Bağla çekme, Bağ;"tılsım (hedefte belirir) → bağ 3m, hedef noktada (sen↔hedef bağı, tik tik, uyumsuz silah). Etkiler: can→düşman -13.44 [bag_akisi]; cek→düşman [bag_boyunca]; hareket→düşman 1.5sn [bag_ucu]; hareket→düşman 0.7 1.5sn [bag_ucu,yavas]";;;"yol=yerlestirme|sekil=bag|dogar=hedef_noktada|temas=tik|gecir=normal|bag || deger:can>dusman[bag_akisi] ; hiz:hareket>dusman[bag_ucu,yavas] ; hiz:hareket>dusman[bag_ucu] ; konum:cek>dusman[bag_boyunca]"
5-7;Patlama;Bulandırıcı;Tılsım;hayir;Sis;"tılsım (hedefte belirir) → bulut 3m, hedef noktada (sis hacmi, tik tik, uyumsuz silah). Etkiler: can→düşman -13.44 [bulut_tik]; it→düşman [sis_patlamasi]; gizlen→dost 3.2sn [bulut_ici]; kor→düşman 0.3 3.2sn [bulut_ici]";;;"yol=yerlestirme|sekil=bulut|dogar=hedef_noktada|temas=tik|gecir=normal|bulut || deger:can>dusman[bulut_tik] ; gorunurluk:gizlen>dost[bulut_ici] ; gorunurluk:kor>dusman[bulut_ici] ; konum:it>dusman[sis_patlamasi]"
5-8;Patlama;Yükselen;Tılsım;hayir;Havaya atma, Yükselen;"tılsım (hedefte belirir) → küre 3m, hedef noktada (yerden yükselir, gücü artar, uyumsuz silah). Etkiler: can→düşman -13.44 [havaya_at]; it→düşman [yukari_firlat]; hareket→düşman 0.8sn [havada]; hasar_buff→sen 0.1 3sn [yukselen]";;;"yol=yerlestirme|sekil=sphere|dogar=hedef_noktada|temas=tek|gecir=normal|dikey|rampa || deger:can>dusman[havaya_at] ; deger:hasar_buff>kendin[yukselen] ; hiz:hareket>dusman[havada] ; konum:it>dusman[yukari_firlat]"
5-9;Patlama;Odaklı;Tılsım;hayir;Güdümlü;"tılsım (hedefte belirir) → küre 3m, hedef noktada (hedefe kilitli, tek hedef, uyumsuz silah). Etkiler: can→düşman -15.46 [iskalamaz,zirh_yoksay]; it→düşman [tek_hedef]";;;"yol=yerlestirme|sekil=sphere|dogar=hedef_noktada|temas=tek|gecir=normal|gudum|tek_hedef || deger:can>dusman[iskalamaz,zirh_yoksay] ; konum:it>dusman[tek_hedef]"
5-10;Patlama;Aynalı;Tılsım;hayir;Kıskaç, Ayna eşli;"tılsım (hedefte belirir) → küre 3m, hedef noktada (karşı noktada eşi, uyumsuz silah). Etkiler: can→düşman -13.44 [kiskac]; it→düşman [iki_uctan]; yansit→sen 0.3 2sn [ayna_sifati]";;;"yol=yerlestirme|sekil=sphere|dogar=hedef_noktada|temas=tek|gecir=normal|ayna || deger:can>dusman[kiskac] ; konum:it>dusman[iki_uctan] ; yon:yansit>kendin[ayna_sifati]"
5-11;Patlama;Kopya;Tılsım;hayir;Çift;"tılsım (hedefte belirir) → küre 3m, hedef noktada (2 kez (kopya), uyumsuz silah). Etkiler: can→düşman -13.44 [iki_kez]; it→düşman [iki_kez]";;;"yol=yerlestirme|sekil=sphere|dogar=hedef_noktada|temas=tek|gecir=normal|cogul || deger:can>dusman[iki_kez] ; konum:it>dusman[iki_kez]"
5-12;Patlama;Akan;Tılsım;hayir;Akıntı, Akış;"tılsım (hedefte belirir) → küre 3m, hedef noktada (sürekli akar, tik tik, uyumsuz silah). Etkiler: can→düşman -9.41 3sn [akis]; it→düşman [akinti]";;;"yol=yerlestirme|sekil=sphere|dogar=hedef_noktada|temas=tik|gecir=normal|surekli || deger:can>dusman[akis] ; konum:it>dusman[akinti]"
6-1;Kontrol;Yoğun;Tılsım;hayir;Delici;"tılsım (hedefte belirir) → koni 2.2m, hedef noktada (delip geçer, uyumsuz silah). Etkiler: hareket→düşman 0.8sn [sert]; can→düşman -5.18";;;"yol=yerlestirme|sekil=cone|dogar=hedef_noktada|temas=tek|gecir=delici || deger:can>dusman[] ; hiz:hareket>dusman[sert]"
6-2;Kontrol;Emici;Tılsım;hayir;Hedefi sana çekme, Girdap;"tılsım (hedefte belirir) → koni 4m, hedef noktada (içine çeker, uyumsuz silah). Etkiler: hareket→düşman 1.5sn; can→düşman -3.65; cek→düşman [sana_dogru]; can→sen 1.09 [aktarim]; mermi_sil→düşman mermisi [yut]";;;"yol=yerlestirme|sekil=cone|dogar=hedef_noktada|temas=tek|gecir=normal|cekim || deger:can>dusman[] ; deger:can>kendin[aktarim] ; hiz:hareket>dusman[] ; konum:cek>dusman[sana_dogru] ; varlik:mermi_sil>dusman_nesnesi[yut]"
6-3;Kontrol;Sıçrayan;Tılsım;hayir;Seken;"tılsım (hedefte belirir) → koni 4.4m, hedef noktada (2 kez seker, uyumsuz silah). Etkiler: hareket→düşman 1.5sn [seker]; can→düşman -3.84 [seker]";;;"yol=yerlestirme|sekil=cone|dogar=hedef_noktada|temas=tek|gecir=normal|seker || deger:can>dusman[seker] ; hiz:hareket>dusman[seker]"
6-4;Kontrol;Sabit;Tılsım;hayir;Tuzak;"tılsım (hedefte belirir) → koni 4m, hedef noktada (yerinde çapalı, içine girene, uyumsuz silah). Etkiler: hareket→düşman 3.5sn [uzun]; can→düşman -3.84 [tuzak]";;;"yol=yerlestirme|sekil=cone|dogar=hedef_noktada|temas=giris|gecir=normal|capali || deger:can>dusman[tuzak] ; hiz:hareket>dusman[uzun]"
6-5;Kontrol;Yayılan;Tılsım;hayir;Dalga;"tılsım (hedefte belirir) → koni 7.2m, hedef noktada (dışa büyür, cephe geçerken, uyumsuz silah). Etkiler: hareket→düşman 1.5sn [dalga]; can→düşman -3.26 [alan]";;;"yol=yerlestirme|sekil=cone|dogar=hedef_noktada|temas=cephe|gecir=normal|genisler || deger:can>dusman[alan] ; hiz:hareket>dusman[dalga]"
6-6;Kontrol;Bağlayıcı;Tılsım;hayir;Tasma, Bağ;"tılsım (hedefte belirir) → bağ 4m, hedef noktada (sen↔hedef bağı, tik tik, uyumsuz silah). Etkiler: hareket→düşman 1.5sn [tasma]; can→düşman -3.84 [bag_akisi]; hareket→düşman 1.5sn [bag_ucu]; hareket→düşman 0.7 1.5sn [bag_ucu,yavas]";;;"yol=yerlestirme|sekil=bag|dogar=hedef_noktada|temas=tik|gecir=normal|bag || deger:can>dusman[bag_akisi] ; hiz:hareket>dusman[bag_ucu,yavas] ; hiz:hareket>dusman[bag_ucu] ; hiz:hareket>dusman[tasma]"
6-7;Kontrol;Bulandırıcı;Tılsım;hayir;Sis;"tılsım (hedefte belirir) → bulut 4m, hedef noktada (sis hacmi, tik tik, uyumsuz silah). Etkiler: hareket→düşman 1.5sn [bulut_tik]; can→düşman -3.84 [bulut_tik]; gizlen→dost 3.2sn [bulut_ici]; kor→düşman 0.3 3.2sn [bulut_ici]";;;"yol=yerlestirme|sekil=bulut|dogar=hedef_noktada|temas=tik|gecir=normal|bulut || deger:can>dusman[bulut_tik] ; gorunurluk:gizlen>dost[bulut_ici] ; gorunurluk:kor>dusman[bulut_ici] ; hiz:hareket>dusman[bulut_tik]"
6-8;Kontrol;Yükselen;Tılsım;hayir;Havaya atma, Yükselen;"tılsım (hedefte belirir) → koni 4m, hedef noktada (yerden yükselir, gücü artar, uyumsuz silah). Etkiler: hareket→düşman 1.5sn [havaya_at]; can→düşman -3.84 [havaya_at]; hasar_buff→sen 0.1 3sn [yukselen]";;;"yol=yerlestirme|sekil=cone|dogar=hedef_noktada|temas=tek|gecir=normal|dikey|rampa || deger:can>dusman[havaya_at] ; deger:hasar_buff>kendin[yukselen] ; hiz:hareket>dusman[havaya_at]"
6-9;Kontrol;Odaklı;Tılsım;hayir;Gecikmeli an, Güdümlü;"tılsım (hedefte belirir) → koni 4m, hedef noktada (hedefe kilitli, tek hedef, uyumsuz silah). Etkiler: hareket→düşman 1.5sn [isaretli_an]; can→düşman -4.42 [iskalamaz,zirh_yoksay]";;;"yol=yerlestirme|sekil=cone|dogar=hedef_noktada|temas=tek|gecir=normal|gudum|tek_hedef || deger:can>dusman[iskalamaz,zirh_yoksay] ; hiz:hareket>dusman[isaretli_an]"
6-10;Kontrol;Aynalı;Tılsım;hayir;Kıskaç, Ters kontrol, Ayna eşli;"tılsım (hedefte belirir) → koni 4m, hedef noktada (karşı noktada eşi, uyumsuz silah). Etkiler: hareket→düşman 1.5sn [ters_kontrol]; can→düşman -3.84 [kiskac]; yansit→sen 0.3 2sn [ayna_sifati]";;;"yol=yerlestirme|sekil=cone|dogar=hedef_noktada|temas=tek|gecir=normal|ayna || deger:can>dusman[kiskac] ; hiz:hareket>dusman[ters_kontrol] ; yon:yansit>kendin[ayna_sifati]"
6-11;Kontrol;Kopya;Tılsım;hayir;Çift;"tılsım (hedefte belirir) → koni 4m, hedef noktada (2 kez (kopya), uyumsuz silah). Etkiler: hareket→düşman 1.5sn [iki_kez]; can→düşman -3.84 [iki_kez]";;;"yol=yerlestirme|sekil=cone|dogar=hedef_noktada|temas=tek|gecir=normal|cogul || deger:can>dusman[iki_kez] ; hiz:hareket>dusman[iki_kez]"
6-12;Kontrol;Akan;Tılsım;hayir;Bataklık, Akış;"tılsım (hedefte belirir) → koni 4m, hedef noktada (sürekli akar, tik tik, uyumsuz silah). Etkiler: hareket→düşman 3sn [bataklik]; can→düşman -2.69 3sn [akis]";;;"yol=yerlestirme|sekil=cone|dogar=hedef_noktada|temas=tik|gecir=normal|surekli || deger:can>dusman[akis] ; hiz:hareket>dusman[bataklik]"
7-1;Zayıflatma;Yoğun;Tılsım;hayir;Delici;"tılsım (hedefte belirir) → kapsül 1.7m, hedef noktada (delip geçer, uyumsuz silah). Etkiler: zirh→düşman -0.22 2sn; can→düşman -3.24";;;"yol=yerlestirme|sekil=capsule|dogar=hedef_noktada|temas=tek|gecir=delici || deger:can>dusman[] ; deger:zirh>dusman[]"
7-2;Zayıflatma;Emici;Tılsım;hayir;Girdap;"tılsım (hedefte belirir) → kapsül 3m, hedef noktada (içine çeker, uyumsuz silah). Etkiler: zirh→düşman -0.15 4sn; can→düşman -2.28; zirh→sen 0.05 4sn [aktarim]; can→sen 0.68 [aktarim]; mermi_sil→düşman mermisi [yut]";;;"yol=yerlestirme|sekil=capsule|dogar=hedef_noktada|temas=tek|gecir=normal|cekim || deger:can>dusman[] ; deger:can>kendin[aktarim] ; deger:zirh>dusman[] ; deger:zirh>kendin[aktarim] ; varlik:mermi_sil>dusman_nesnesi[yut]"
7-3;Zayıflatma;Sıçrayan;Tılsım;hayir;Seken;"tılsım (hedefte belirir) → kapsül 3.3m, hedef noktada (2 kez seker, uyumsuz silah). Etkiler: zirh→düşman -0.16 4sn [seker]; can→düşman -2.4 [seker]";;;"yol=yerlestirme|sekil=capsule|dogar=hedef_noktada|temas=tek|gecir=normal|seker || deger:can>dusman[seker] ; deger:zirh>dusman[seker]"
7-4;Zayıflatma;Sabit;Tılsım;hayir;Tuzak;"tılsım (hedefte belirir) → kapsül 3m, hedef noktada (yerinde çapalı, içine girene, uyumsuz silah). Etkiler: zirh→düşman -0.16 4sn [tuzak]; can→düşman -2.4 [tuzak]";;;"yol=yerlestirme|sekil=capsule|dogar=hedef_noktada|temas=giris|gecir=normal|capali || deger:can>dusman[tuzak] ; deger:zirh>dusman[tuzak]"
7-5;Zayıflatma;Yayılan;Tılsım;hayir;Dalga;"tılsım (hedefte belirir) → kapsül 5.4m, hedef noktada (dışa büyür, cephe geçerken, uyumsuz silah). Etkiler: zirh→düşman -0.14 4sn [alan]; can→düşman -2.04 [alan]";;;"yol=yerlestirme|sekil=capsule|dogar=hedef_noktada|temas=cephe|gecir=normal|genisler || deger:can>dusman[alan] ; deger:zirh>dusman[alan]"
7-6;Zayıflatma;Bağlayıcı;Tılsım;hayir;Bağ;"tılsım (hedefte belirir) → bağ 3m, hedef noktada (sen↔hedef bağı, tik tik, uyumsuz silah). Etkiler: zirh→düşman -0.16 4sn [bag_akisi]; can→düşman -2.4 [bag_akisi]; hareket→düşman 1.5sn [bag_ucu]; hareket→düşman 0.7 1.5sn [bag_ucu,yavas]";;;"yol=yerlestirme|sekil=bag|dogar=hedef_noktada|temas=tik|gecir=normal|bag || deger:can>dusman[bag_akisi] ; deger:zirh>dusman[bag_akisi] ; hiz:hareket>dusman[bag_ucu,yavas] ; hiz:hareket>dusman[bag_ucu]"
7-7;Zayıflatma;Bulandırıcı;Tılsım;hayir;Sis;"tılsım (hedefte belirir) → bulut 3m, hedef noktada (sis hacmi, tik tik, uyumsuz silah). Etkiler: zirh→düşman -0.16 4sn [bulut_tik]; can→düşman -2.4 [bulut_tik]; gizlen→dost 3.2sn [bulut_ici]; kor→düşman 0.3 3.2sn [bulut_ici]";;;"yol=yerlestirme|sekil=bulut|dogar=hedef_noktada|temas=tik|gecir=normal|bulut || deger:can>dusman[bulut_tik] ; deger:zirh>dusman[bulut_tik] ; gorunurluk:gizlen>dost[bulut_ici] ; gorunurluk:kor>dusman[bulut_ici]"
7-8;Zayıflatma;Yükselen;Tılsım;hayir;Havaya atma, Yükselen;"tılsım (hedefte belirir) → kapsül 3m, hedef noktada (yerden yükselir, gücü artar, uyumsuz silah). Etkiler: zirh→düşman -0.16 4sn [havaya_at]; can→düşman -2.4 [havaya_at]; hareket→düşman 0.8sn [havada]; hasar_buff→sen 0.1 3sn [yukselen]";;;"yol=yerlestirme|sekil=capsule|dogar=hedef_noktada|temas=tek|gecir=normal|dikey|rampa || deger:can>dusman[havaya_at] ; deger:hasar_buff>kendin[yukselen] ; deger:zirh>dusman[havaya_at] ; hiz:hareket>dusman[havada]"
7-9;Zayıflatma;Odaklı;Tılsım;hayir;Gecikmeli an, Güdümlü;"tılsım (hedefte belirir) → kapsül 3m, hedef noktada (hedefe kilitli, tek hedef, uyumsuz silah). Etkiler: zirh→düşman -0.18 4sn [isaretli_an]; can→düşman -2.76 [iskalamaz,zirh_yoksay]";;;"yol=yerlestirme|sekil=capsule|dogar=hedef_noktada|temas=tek|gecir=normal|gudum|tek_hedef || deger:can>dusman[iskalamaz,zirh_yoksay] ; deger:zirh>dusman[isaretli_an]"
7-10;Zayıflatma;Aynalı;Tılsım;hayir;Kıskaç, Ayna eşli;"tılsım (hedefte belirir) → kapsül 3m, hedef noktada (karşı noktada eşi, uyumsuz silah). Etkiler: zirh→düşman -0.16 4sn [kiskac]; can→düşman -2.4 [kiskac]; yansit→sen 0.3 2sn [ayna_sifati]";;;"yol=yerlestirme|sekil=capsule|dogar=hedef_noktada|temas=tek|gecir=normal|ayna || deger:can>dusman[kiskac] ; deger:zirh>dusman[kiskac] ; yon:yansit>kendin[ayna_sifati]"
7-11;Zayıflatma;Kopya;Tılsım;hayir;Çift;"tılsım (hedefte belirir) → kapsül 3m, hedef noktada (2 kez (kopya), uyumsuz silah). Etkiler: zirh→düşman -0.16 4sn [iki_kez]; can→düşman -2.4 [iki_kez]";;;"yol=yerlestirme|sekil=capsule|dogar=hedef_noktada|temas=tek|gecir=normal|cogul || deger:can>dusman[iki_kez] ; deger:zirh>dusman[iki_kez]"
7-12;Zayıflatma;Akan;Tılsım;hayir;Akış;"tılsım (hedefte belirir) → kapsül 3m, hedef noktada (sürekli akar, tik tik, uyumsuz silah). Etkiler: zirh→düşman -0.11 3sn [akis]; can→düşman -1.68 3sn [akis]";;;"yol=yerlestirme|sekil=capsule|dogar=hedef_noktada|temas=tik|gecir=normal|surekli || deger:can>dusman[akis] ; deger:zirh>dusman[akis]"
8-1;Güçlendirme;Yoğun;Tılsım;evet;Taşma;tılsım (hedefte belirir) → küre 1.1m, hedef noktada (tek hedef). Etkiler: hasar_buff→dost 0.32 1.5sn [tasar];;;yol=yerlestirme|sekil=sphere|dogar=hedef_noktada|temas=tek|gecir=normal|tek_hedef || deger:hasar_buff>dost[tasar]
8-2;Güçlendirme;Emici;Tılsım;evet;Emme/çalma;"tılsım (hedefte belirir) → küre 2m, hedef noktada. Etkiler: hasar_buff→düşman -0.23 3sn [emme]; hasar_buff→sen 0.23 3sn [aktarim]; mermi_sil→düşman mermisi [yut]";;;"yol=yerlestirme|sekil=sphere|dogar=hedef_noktada|temas=tek|gecir=normal || deger:hasar_buff>dusman[emme] ; deger:hasar_buff>kendin[aktarim] ; varlik:mermi_sil>dusman_nesnesi[yut]"
8-3;Güçlendirme;Sıçrayan;Tılsım;evet;Seken;tılsım (hedefte belirir) → küre 2.2m, hedef noktada (2 kez seker). Etkiler: hasar_buff→dost 0.24 3sn [dosttan_dosta];;;yol=yerlestirme|sekil=sphere|dogar=hedef_noktada|temas=tek|gecir=normal|seker || deger:hasar_buff>dost[dosttan_dosta]
8-4;Güçlendirme;Sabit;Tılsım;evet;Totem;tılsım (hedefte belirir) → küre 2m, hedef noktada (yerinde çapalı, tik tik). Etkiler: hasar_buff→dost 0.24 3sn [totem];;;yol=yerlestirme|sekil=sphere|dogar=hedef_noktada|temas=tik|gecir=normal|capali || deger:hasar_buff>dost[totem]
8-5;Güçlendirme;Yayılan;Tılsım;evet;Dalga;tılsım (hedefte belirir) → küre 3.6m, hedef noktada (dışa büyür, cephe geçerken). Etkiler: hasar_buff→dost 0.2 3sn [alan];;;yol=yerlestirme|sekil=sphere|dogar=hedef_noktada|temas=cephe|gecir=normal|genisler || deger:hasar_buff>dost[alan]
8-6;Güçlendirme;Bağlayıcı;Tılsım;evet;Can bağı, Bağ;"tılsım (hedefte belirir) → bağ 2m, hedef noktada (sen↔hedef bağı, tik tik). Etkiler: hasar_buff→dost 0.24 3sn [can_bagi]; hasar_paylasimi→dost 0.5 1.5sn [bag]";;;"yol=yerlestirme|sekil=bag|dogar=hedef_noktada|temas=tik|gecir=normal|bag || deger:hasar_buff>dost[can_bagi] ; deger:hasar_paylasimi>dost[bag]"
8-7;Güçlendirme;Bulandırıcı;Tılsım;evet;Sis;"tılsım (hedefte belirir) → bulut 2m, hedef noktada (sis hacmi, tik tik). Etkiler: hasar_buff→dost 0.24 3sn [bulut_tik]; gizlen→dost 3.2sn [bulut_ici]; kor→düşman 0.3 3.2sn [bulut_ici]";;;"yol=yerlestirme|sekil=bulut|dogar=hedef_noktada|temas=tik|gecir=normal|bulut || deger:hasar_buff>dost[bulut_tik] ; gorunurluk:gizlen>dost[bulut_ici] ; gorunurluk:kor>dusman[bulut_ici]"
8-8;Güçlendirme;Yükselen;Tılsım;evet;Yükselen;"tılsım (hedefte belirir) → küre 2m, hedef noktada (yerden yükselir, gücü artar). Etkiler: hasar_buff→dost 0.24 3sn [buyuyen]; hasar_buff→sen 0.1 3sn [yukselen]";;;"yol=yerlestirme|sekil=sphere|dogar=hedef_noktada|temas=tek|gecir=normal|dikey|rampa || deger:hasar_buff>dost[buyuyen] ; deger:hasar_buff>kendin[yukselen]"
8-9;Güçlendirme;Odaklı;Tılsım;evet;Koruyucu tetik, Güdümlü;tılsım (hedefte belirir) → küre 2m, hedef noktada (hedefe kilitli, tek hedef). Etkiler: hasar_buff→dost 0.28 3sn [koruyucu_tetik];;;yol=yerlestirme|sekil=sphere|dogar=hedef_noktada|temas=tek|gecir=normal|gudum|tek_hedef || deger:hasar_buff>dost[koruyucu_tetik]
8-10;Güçlendirme;Aynalı;Tılsım;evet;Ters kopya, Ayna eşli;"tılsım (hedefte belirir) → küre 2m, hedef noktada (karşı noktada eşi). Etkiler: hasar_buff→dost 0.24 3sn; hasar_buff→düşman -0.07 3sn [ters_kopya]; yansit→sen 0.3 2sn [ayna_sifati]";;;"yol=yerlestirme|sekil=sphere|dogar=hedef_noktada|temas=tek|gecir=normal|ayna || deger:hasar_buff>dost[] ; deger:hasar_buff>dusman[ters_kopya] ; yon:yansit>kendin[ayna_sifati]"
8-11;Güçlendirme;Kopya;Tılsım;evet;Çift;tılsım (hedefte belirir) → küre 2m, hedef noktada (2 kez (kopya)). Etkiler: hasar_buff→dost 0.24 3sn [iki_kez];;;yol=yerlestirme|sekil=sphere|dogar=hedef_noktada|temas=tek|gecir=normal|cogul || deger:hasar_buff>dost[iki_kez]
8-12;Güçlendirme;Akan;Tılsım;evet;Akış;tılsım (hedefte belirir) → küre 2m, hedef noktada (sürekli akar, tik tik). Etkiler: hasar_buff→dost 0.17 3sn [akis];;;yol=yerlestirme|sekil=sphere|dogar=hedef_noktada|temas=tik|gecir=normal|surekli || deger:hasar_buff>dost[akis]
9-1;Arındırma;Yoğun;Tılsım;evet;Sert;"tılsım (hedefte belirir) → küre 1.4m, hedef noktada (tek hedef). Etkiler: durum_sil→dost 1 [guclu]; mermi_sil→düşman mermisi [delici]";;;"yol=yerlestirme|sekil=sphere|dogar=hedef_noktada|temas=tek|gecir=normal|tek_hedef || varlik:durum_sil>dost[guclu] ; varlik:mermi_sil>dusman_nesnesi[delici]"
9-2;Arındırma;Emici;Tılsım;evet;Durum aktarma;"tılsım (hedefte belirir) → küre 2.5m, hedef noktada. Etkiler: durum_aktar→dost 1; mermi_sil→düşman mermisi [yut]; durum_ekle→düşman 1 [aktarim]";;;"yol=yerlestirme|sekil=sphere|dogar=hedef_noktada|temas=tek|gecir=normal || varlik:durum_aktar>dost[] ; varlik:durum_ekle>dusman[aktarim] ; varlik:mermi_sil>dusman_nesnesi[yut]"
9-3;Arındırma;Sıçrayan;Tılsım;evet;Seken;"tılsım (hedefte belirir) → küre 2.8m, hedef noktada (2 kez seker). Etkiler: durum_sil→dost 1 [dosttan_dosta]; mermi_sil→düşman mermisi [seker]";;;"yol=yerlestirme|sekil=sphere|dogar=hedef_noktada|temas=tek|gecir=normal|seker || varlik:durum_sil>dost[dosttan_dosta] ; varlik:mermi_sil>dusman_nesnesi[seker]"
9-4;Arındırma;Sabit;Tılsım;evet;Mermi kesen engel, Arınma alanı;"tılsım (hedefte belirir) → küre 2.5m, hedef noktada (yerinde çapalı). Etkiler: durum_sil→dost 1 [arinma_alani]; mermi_sil→düşman mermisi [engel]";;;"yol=yerlestirme|sekil=sphere|dogar=hedef_noktada|temas=tek|gecir=normal|capali || varlik:durum_sil>dost[arinma_alani] ; varlik:mermi_sil>dusman_nesnesi[engel]"
9-5;Arındırma;Yayılan;Tılsım;evet;Dalga;"tılsım (hedefte belirir) → küre 4.5m, hedef noktada (dışa büyür, cephe geçerken). Etkiler: durum_sil→dost 1 [alan]; mermi_sil→düşman mermisi [alan]";;;"yol=yerlestirme|sekil=sphere|dogar=hedef_noktada|temas=cephe|gecir=normal|genisler || varlik:durum_sil>dost[alan] ; varlik:mermi_sil>dusman_nesnesi[alan]"
9-6;Arındırma;Bağlayıcı;Tılsım;evet;Bağışıklık bağı, Bağ;"tılsım (hedefte belirir) → bağ 2.5m, hedef noktada (sen↔hedef bağı, tik tik). Etkiler: durum_sil→dost 1 [bag_bagisiklik]; mermi_sil→düşman mermisi [bag_hatti]";;;"yol=yerlestirme|sekil=bag|dogar=hedef_noktada|temas=tik|gecir=normal|bag || varlik:durum_sil>dost[bag_bagisiklik] ; varlik:mermi_sil>dusman_nesnesi[bag_hatti]"
9-7;Arındırma;Bulandırıcı;Tılsım;evet;Sis;"tılsım (hedefte belirir) → bulut 2.5m, hedef noktada (sis hacmi, tik tik). Etkiler: durum_sil→dost 1 [gizli]; mermi_sil→düşman mermisi [sis_perdesi]; gizlen→dost 3.2sn [bulut_ici]; kor→düşman 0.3 3.2sn [bulut_ici]";;;"yol=yerlestirme|sekil=bulut|dogar=hedef_noktada|temas=tik|gecir=normal|bulut || gorunurluk:gizlen>dost[bulut_ici] ; gorunurluk:kor>dusman[bulut_ici] ; varlik:durum_sil>dost[gizli] ; varlik:mermi_sil>dusman_nesnesi[sis_perdesi]"
9-8;Arındırma;Yükselen;Tılsım;evet;Arınıp güçlenme, Yükselen;"tılsım (hedefte belirir) → küre 2.5m, hedef noktada (yerden yükselir, gücü artar). Etkiler: durum_sil→dost 1 [guce_cevir]; mermi_sil→düşman mermisi [yukselen_perde]; hasar_buff→sen 0.1 3sn [yukselen]";;;"yol=yerlestirme|sekil=sphere|dogar=hedef_noktada|temas=tek|gecir=normal|dikey|rampa || deger:hasar_buff>kendin[yukselen] ; varlik:durum_sil>dost[guce_cevir] ; varlik:mermi_sil>dusman_nesnesi[yukselen_perde]"
9-9;Arındırma;Odaklı;Tılsım;evet;Tam arındırma, Güdümlü;"tılsım (hedefte belirir) → küre 2.5m, hedef noktada (hedefe kilitli, tek hedef). Etkiler: durum_sil→dost 99 [tumunu_sil]; mermi_sil→düşman mermisi [hedefli]";;;"yol=yerlestirme|sekil=sphere|dogar=hedef_noktada|temas=tek|gecir=normal|gudum|tek_hedef || varlik:durum_sil>dost[tumunu_sil] ; varlik:mermi_sil>dusman_nesnesi[hedefli]"
9-10;Arındırma;Aynalı;Tılsım;evet;Buff silme, Mermi geri gönderme, Ayna eşli;"tılsım (hedefte belirir) → küre 2.5m, hedef noktada (karşı noktada eşi). Etkiler: iyi_durum_sil→düşman 1 [ters_hedef]; mermi_sil→düşman mermisi [geri_gonder]; yansit→sen 0.3 2sn [ayna_sifati]";;;"yol=yerlestirme|sekil=sphere|dogar=hedef_noktada|temas=tek|gecir=normal|ayna || varlik:iyi_durum_sil>dusman[ters_hedef] ; varlik:mermi_sil>dusman_nesnesi[geri_gonder] ; yon:yansit>kendin[ayna_sifati]"
9-11;Arındırma;Kopya;Tılsım;evet;Çift;"tılsım (hedefte belirir) → küre 2.5m, hedef noktada (2 kez (kopya)). Etkiler: durum_sil→dost 1 [iki_kez]; mermi_sil→düşman mermisi [iki_kez]";;;"yol=yerlestirme|sekil=sphere|dogar=hedef_noktada|temas=tek|gecir=normal|cogul || varlik:durum_sil>dost[iki_kez] ; varlik:mermi_sil>dusman_nesnesi[iki_kez]"
9-12;Arındırma;Akan;Tılsım;evet;Akış;"tılsım (hedefte belirir) → küre 2.5m, hedef noktada (sürekli akar, tik tik). Etkiler: durum_sil→dost 1 [aura]; mermi_sil→düşman mermisi [surekli_perde]";;;"yol=yerlestirme|sekil=sphere|dogar=hedef_noktada|temas=tik|gecir=normal|surekli || varlik:durum_sil>dost[aura] ; varlik:mermi_sil>dusman_nesnesi[surekli_perde]"
10-1;Yansıma;Yoğun;Tılsım;hayir;Uzak yansıtıcı;tılsım (hedefte belirir) → küre 0.8m, hedef noktada (tek hedef, uyumsuz silah). Etkiler: yansit→gövdenin olduğu yer 0.68 1sn [dunyada,sert,silahla:belirme];;;yol=yerlestirme|sekil=sphere|dogar=hedef_noktada|temas=tek|gecir=normal|tek_hedef || yon:yansit>alan[dunyada,sert,silahla:belirme]
10-2;Yansıma;Emici;Tılsım;hayir;Uzak yansıtıcı, Hasar emme;"tılsım (hedefte belirir) → küre 1.5m, hedef noktada (uyumsuz silah). Etkiler: yansit→gövdenin olduğu yer 0.5 2sn [dunyada,silahla:belirme]; em→sen 0.5 2sn [cana_cevir]; mermi_sil→düşman mermisi [yut]";;;"yol=yerlestirme|sekil=sphere|dogar=hedef_noktada|temas=tek|gecir=normal || deger:em>kendin[cana_cevir] ; varlik:mermi_sil>dusman_nesnesi[yut] ; yon:yansit>alan[dunyada,silahla:belirme]"
10-3;Yansıma;Sıçrayan;Tılsım;hayir;Uzak yansıtıcı, Seken;tılsım (hedefte belirir) → küre 1.7m, hedef noktada (2 kez seker, uyumsuz silah). Etkiler: yansit→gövdenin olduğu yer 0.5 2sn [dunyada,seker,silahla:belirme];;;yol=yerlestirme|sekil=sphere|dogar=hedef_noktada|temas=tek|gecir=normal|seker || yon:yansit>alan[dunyada,seker,silahla:belirme]
10-4;Yansıma;Sabit;Tılsım;hayir;Ayna yüzey, Uzak yansıtıcı;tılsım (hedefte belirir) → küre 1.5m, hedef noktada (yerinde çapalı, uyumsuz silah). Etkiler: yansit→gövdenin olduğu yer 0.5 2sn [ayna_yuzey,dunyada,silahla:belirme];;;yol=yerlestirme|sekil=sphere|dogar=hedef_noktada|temas=tek|gecir=normal|capali || yon:yansit>alan[ayna_yuzey,dunyada,silahla:belirme]
10-5;Yansıma;Yayılan;Tılsım;hayir;Uzak yansıtıcı, Dalga;tılsım (hedefte belirir) → küre 2.7m, hedef noktada (dışa büyür, cephe geçerken, uyumsuz silah). Etkiler: yansit→gövdenin olduğu yer 0.5 2sn [aura,dunyada,silahla:belirme];;;yol=yerlestirme|sekil=sphere|dogar=hedef_noktada|temas=cephe|gecir=normal|genisler || yon:yansit>alan[aura,dunyada,silahla:belirme]
10-6;Yansıma;Bağlayıcı;Tılsım;hayir;Uzak yansıtıcı, Hasar yönlendirme, Bağ;"tılsım (hedefte belirir) → bağ 1.5m, hedef noktada (sen↔hedef bağı, tik tik, uyumsuz silah). Etkiler: yonlendir→düşman 0.5 2sn [bag,dunyada,silahla:belirme]; hareket→düşman 1.5sn [bag_ucu]; hareket→düşman 0.7 2sn [bag_ucu,yavas]";;;"yol=yerlestirme|sekil=bag|dogar=hedef_noktada|temas=tik|gecir=normal|bag || hiz:hareket>dusman[bag_ucu,yavas] ; hiz:hareket>dusman[bag_ucu] ; yon:yonlendir>dusman[bag,dunyada,silahla:belirme]"
10-7;Yansıma;Bulandırıcı;Tılsım;hayir;Sis, Uzak yansıtıcı;"tılsım (hedefte belirir) → bulut 1.5m, hedef noktada (sis hacmi, tik tik, uyumsuz silah). Etkiler: yansit→gövdenin olduğu yer 0.5 2sn [dunyada,gizli,silahla:belirme]; gizlen→dost 5sn [bulut_ici]; kor→düşman 0.3 5sn [bulut_ici]";;;"yol=yerlestirme|sekil=bulut|dogar=hedef_noktada|temas=tik|gecir=normal|bulut || gorunurluk:gizlen>dost[bulut_ici] ; gorunurluk:kor>dusman[bulut_ici] ; yon:yansit>alan[dunyada,gizli,silahla:belirme]"
10-8;Yansıma;Yükselen;Tılsım;hayir;Uzak yansıtıcı, Yükselen;"tılsım (hedefte belirir) → küre 1.5m, hedef noktada (yerden yükselir, gücü artar, uyumsuz silah). Etkiler: yansit→gövdenin olduğu yer 0.5 2sn [artan_oran,dunyada,silahla:belirme]; hasar_buff→sen 0.1 3sn [yukselen]";;;"yol=yerlestirme|sekil=sphere|dogar=hedef_noktada|temas=tek|gecir=normal|dikey|rampa || deger:hasar_buff>kendin[yukselen] ; yon:yansit>alan[artan_oran,dunyada,silahla:belirme]"
10-9;Yansıma;Odaklı;Tılsım;hayir;Uzak yansıtıcı, Kusursuz savuşturma, Güdümlü;tılsım (hedefte belirir) → küre 1.5m, hedef noktada (hedefe kilitli, tek hedef, uyumsuz silah). Etkiler: yansit→gövdenin olduğu yer 1 2sn [dunyada,savusturma,silahla:belirme];;;yol=yerlestirme|sekil=sphere|dogar=hedef_noktada|temas=tek|gecir=normal|gudum|tek_hedef || yon:yansit>alan[dunyada,savusturma,silahla:belirme]
10-10;Yansıma;Aynalı;Tılsım;hayir;Uzak yansıtıcı, Bölünen yansıma, Ayna eşli;"tılsım (hedefte belirir) → küre 1.5m, hedef noktada (karşı noktada eşi, uyumsuz silah). Etkiler: yansit→gövdenin olduğu yer 0.5 2sn [bolunen,dunyada,silahla:belirme]; yansit→sen 0.3 2sn [ayna_sifati]";;;"yol=yerlestirme|sekil=sphere|dogar=hedef_noktada|temas=tek|gecir=normal|ayna || yon:yansit>alan[bolunen,dunyada,silahla:belirme] ; yon:yansit>kendin[ayna_sifati]"
10-11;Yansıma;Kopya;Tılsım;hayir;Uzak yansıtıcı, Çift;tılsım (hedefte belirir) → küre 1.5m, hedef noktada (2 kez (kopya), uyumsuz silah). Etkiler: yansit→gövdenin olduğu yer 0.5 2sn [dunyada,iki_kez,silahla:belirme];;;yol=yerlestirme|sekil=sphere|dogar=hedef_noktada|temas=tek|gecir=normal|cogul || yon:yansit>alan[dunyada,iki_kez,silahla:belirme]
10-12;Yansıma;Akan;Tılsım;hayir;Uzak yansıtıcı, Akış;tılsım (hedefte belirir) → küre 1.5m, hedef noktada (sürekli akar, tik tik, uyumsuz silah). Etkiler: yansit→gövdenin olduğu yer 0.5 3sn [dunyada,silahla:belirme,surekli];;;yol=yerlestirme|sekil=sphere|dogar=hedef_noktada|temas=tik|gecir=normal|surekli || yon:yansit>alan[dunyada,silahla:belirme,surekli]
11-1;Çağırma;Yoğun;Tılsım;evet;Sert;tılsım (hedefte belirir) → nokta 0.6m, hedef noktada (tek hedef). Etkiler: aktor_yarat→sen 1 2.5sn [guclu,silahla:belirme];;;yol=yerlestirme|sekil=point|dogar=hedef_noktada|temas=tek|gecir=normal|tek_hedef || varlik:aktor_yarat>kendin[guclu,silahla:belirme]
11-2;Çağırma;Emici;Tılsım;evet;Can emen minyon;"tılsım (hedefte belirir) → nokta 1m, hedef noktada. Etkiler: aktor_yarat→sen 1 5sn [can_emen,silahla:belirme]; mermi_sil→düşman mermisi [yut]";;;"yol=yerlestirme|sekil=point|dogar=hedef_noktada|temas=tek|gecir=normal || varlik:aktor_yarat>kendin[can_emen,silahla:belirme] ; varlik:mermi_sil>dusman_nesnesi[yut]"
11-3;Çağırma;Sıçrayan;Tılsım;evet;Zıplayan minyon, Seken;tılsım (hedefte belirir) → nokta 1.1m, hedef noktada (2 kez seker). Etkiler: aktor_yarat→sen 1 5sn [silahla:belirme,ziplayan];;;yol=yerlestirme|sekil=point|dogar=hedef_noktada|temas=tek|gecir=normal|seker || varlik:aktor_yarat>kendin[silahla:belirme,ziplayan]
11-4;Çağırma;Sabit;Tılsım;evet;Taret;tılsım (hedefte belirir) → nokta 1m, hedef noktada (yerinde çapalı). Etkiler: aktor_yarat→sen 1 5sn [silahla:belirme,taret];;;yol=yerlestirme|sekil=point|dogar=hedef_noktada|temas=tek|gecir=normal|capali || varlik:aktor_yarat>kendin[silahla:belirme,taret]
11-5;Çağırma;Yayılan;Tılsım;evet;Minyon halkası, Dalga;tılsım (hedefte belirir) → nokta 1.8m, hedef noktada (dışa büyür, cephe geçerken). Etkiler: aktor_yarat→sen 3 5sn [halka,silahla:belirme];;;yol=yerlestirme|sekil=point|dogar=hedef_noktada|temas=cephe|gecir=normal|genisler || varlik:aktor_yarat>kendin[halka,silahla:belirme]
11-6;Çağırma;Bağlayıcı;Tılsım;evet;Muhafız, Bağ;tılsım (hedefte belirir) → bağ 1m, hedef noktada (sen↔hedef bağı, tik tik). Etkiler: aktor_yarat→sen 1 5sn [bagli_muhafiz,silahla:belirme];;;yol=yerlestirme|sekil=bag|dogar=hedef_noktada|temas=tik|gecir=normal|bag || varlik:aktor_yarat>kendin[bagli_muhafiz,silahla:belirme]
11-7;Çağırma;Bulandırıcı;Tılsım;evet;Görünmez minyon, Sis;"tılsım (hedefte belirir) → bulut 1m, hedef noktada (sis hacmi, tik tik). Etkiler: aktor_yarat→sen 1 5sn [gorunmez,silahla:belirme]; gizlen→dost 3.2sn [bulut_ici]; kor→düşman 0.3 3.2sn [bulut_ici]";;;"yol=yerlestirme|sekil=bulut|dogar=hedef_noktada|temas=tik|gecir=normal|bulut || gorunurluk:gizlen>dost[bulut_ici] ; gorunurluk:kor>dusman[bulut_ici] ; varlik:aktor_yarat>kendin[gorunmez,silahla:belirme]"
11-8;Çağırma;Yükselen;Tılsım;evet;Yükselen;"tılsım (hedefte belirir) → nokta 1m, hedef noktada (yerden yükselir, gücü artar). Etkiler: aktor_yarat→sen 1 5sn [buyuyen,silahla:belirme]; hasar_buff→sen 0.1 3sn [yukselen]";;;"yol=yerlestirme|sekil=point|dogar=hedef_noktada|temas=tek|gecir=normal|dikey|rampa || deger:hasar_buff>kendin[yukselen] ; varlik:aktor_yarat>kendin[buyuyen,silahla:belirme]"
11-9;Çağırma;Odaklı;Tılsım;evet;Suikastçı minyon, Güdümlü;tılsım (hedefte belirir) → nokta 1m, hedef noktada (hedefe kilitli, tek hedef). Etkiler: aktor_yarat→sen 1 5sn [silahla:belirme,suikastci];;;yol=yerlestirme|sekil=point|dogar=hedef_noktada|temas=tek|gecir=normal|gudum|tek_hedef || varlik:aktor_yarat>kendin[silahla:belirme,suikastci]
11-10;Çağırma;Aynalı;Tılsım;evet;Ayna klon, Ayna eşli;"tılsım (hedefte belirir) → nokta 1m, hedef noktada (karşı noktada eşi). Etkiler: aktor_yarat→sen 1 5sn [ayna_klon,silahla:belirme]; yansit→sen 0.3 2sn [ayna_sifati]";;;"yol=yerlestirme|sekil=point|dogar=hedef_noktada|temas=tek|gecir=normal|ayna || varlik:aktor_yarat>kendin[ayna_klon,silahla:belirme] ; yon:yansit>kendin[ayna_sifati]"
11-11;Çağırma;Kopya;Tılsım;evet;Klon, Çift;tılsım (hedefte belirir) → nokta 1m, hedef noktada (2 kez (kopya)). Etkiler: klon→sen 1 5sn [senin_kopyan,silahla:belirme];;;yol=yerlestirme|sekil=point|dogar=hedef_noktada|temas=tek|gecir=normal|cogul || varlik:klon>kendin[senin_kopyan,silahla:belirme]
11-12;Çağırma;Akan;Tılsım;evet;Akış;tılsım (hedefte belirir) → nokta 1m, hedef noktada (sürekli akar, tik tik). Etkiler: aktor_yarat→sen 3 5sn [akis,silahla:belirme];;;yol=yerlestirme|sekil=point|dogar=hedef_noktada|temas=tik|gecir=normal|surekli || varlik:aktor_yarat>kendin[akis,silahla:belirme]
12-1;Zaman;Yoğun;Tılsım;hayir;Delici;tılsım (hedefte belirir) → silindir 2.2m, hedef noktada (delip geçer, uyumsuz silah). Etkiler: tempo→düşman 0.3 0.5sn [sert];;;yol=yerlestirme|sekil=cylinder|dogar=hedef_noktada|temas=tek|gecir=delici || hiz:tempo>dusman[sert]
12-2;Zaman;Emici;Tılsım;hayir;Zaman çalma;"tılsım (hedefte belirir) → silindir 4m, hedef noktada (uyumsuz silah). Etkiler: tempo→düşman 0.7 1sn; tempo→sen 1.3 1sn [aktarim]; mermi_sil→düşman mermisi [yut]";;;"yol=yerlestirme|sekil=cylinder|dogar=hedef_noktada|temas=tek|gecir=normal || hiz:tempo>dusman[] ; hiz:tempo>kendin[aktarim] ; varlik:mermi_sil>dusman_nesnesi[yut]"
12-3;Zaman;Sıçrayan;Tılsım;hayir;Seken;tılsım (hedefte belirir) → silindir 4.4m, hedef noktada (2 kez seker, uyumsuz silah). Etkiler: tempo→düşman 0.7 1sn [seker];;;yol=yerlestirme|sekil=cylinder|dogar=hedef_noktada|temas=tek|gecir=normal|seker || hiz:tempo>dusman[seker]
12-4;Zaman;Sabit;Tılsım;hayir;Dondurma;tılsım (hedefte belirir) → silindir 4m, hedef noktada (yerinde çapalı, uyumsuz silah). Etkiler: tempo→düşman 1sn [dondur];;;yol=yerlestirme|sekil=cylinder|dogar=hedef_noktada|temas=tek|gecir=normal|capali || hiz:tempo>dusman[dondur]
12-5;Zaman;Yayılan;Tılsım;hayir;Dalga;tılsım (hedefte belirir) → silindir 7.2m, hedef noktada (dışa büyür, cephe geçerken, uyumsuz silah). Etkiler: tempo→düşman 0.7 1sn [dalga];;;yol=yerlestirme|sekil=cylinder|dogar=hedef_noktada|temas=cephe|gecir=normal|genisler || hiz:tempo>dusman[dalga]
12-6;Zaman;Bağlayıcı;Tılsım;hayir;Zaman senkronu, Bağ;"tılsım (hedefte belirir) → bağ 4m, hedef noktada (sen↔hedef bağı, tik tik, uyumsuz silah). Etkiler: tempo→düşman 0.7 1sn [senkron]; hareket→düşman 1.5sn [bag_ucu]; hareket→düşman 0.7 1.5sn [bag_ucu,yavas]";;;"yol=yerlestirme|sekil=bag|dogar=hedef_noktada|temas=tik|gecir=normal|bag || hiz:hareket>dusman[bag_ucu,yavas] ; hiz:hareket>dusman[bag_ucu] ; hiz:tempo>dusman[senkron]"
12-7;Zaman;Bulandırıcı;Tılsım;hayir;Titreyen zaman, Sis;"tılsım (hedefte belirir) → bulut 4m, hedef noktada (sis hacmi, tik tik, uyumsuz silah). Etkiler: tempo→düşman 0.7 1sn [titrer]; gizlen→dost 4sn [bulut_ici]; kor→düşman 0.3 4sn [bulut_ici]";;;"yol=yerlestirme|sekil=bulut|dogar=hedef_noktada|temas=tik|gecir=normal|bulut || gorunurluk:gizlen>dost[bulut_ici] ; gorunurluk:kor>dusman[bulut_ici] ; hiz:tempo>dusman[titrer]"
12-8;Zaman;Yükselen;Tılsım;hayir;Hızlanma, Yükselen;"tılsım (hedefte belirir) → silindir 4m, hedef noktada (yerden yükselir, gücü artar, uyumsuz silah). Etkiler: tempo→sen 1.3 1sn [hizlanma]; hasar_buff→sen 0.1 3sn [yukselen]";;;"yol=yerlestirme|sekil=cylinder|dogar=hedef_noktada|temas=tek|gecir=normal|dikey|rampa || deger:hasar_buff>kendin[yukselen] ; hiz:tempo>kendin[hizlanma]"
12-9;Zaman;Odaklı;Tılsım;hayir;Gecikmeli an, Güdümlü;tılsım (hedefte belirir) → silindir 4m, hedef noktada (hedefe kilitli, tek hedef, uyumsuz silah). Etkiler: tempo→düşman 0.7 1sn [isaretli_an];;;yol=yerlestirme|sekil=cylinder|dogar=hedef_noktada|temas=tek|gecir=normal|gudum|tek_hedef || hiz:tempo>dusman[isaretli_an]
12-10;Zaman;Aynalı;Tılsım;hayir;Geri sarma, Ayna eşli;"tılsım (hedefte belirir) → silindir 4m, hedef noktada (karşı noktada eşi, uyumsuz silah). Etkiler: geri_sar→düşman 2 1sn [geri_sarma]; yansit→sen 0.3 2sn [ayna_sifati]";;;"yol=yerlestirme|sekil=cylinder|dogar=hedef_noktada|temas=tek|gecir=normal|ayna || hiz:geri_sar>dusman[geri_sarma] ; yon:yansit>kendin[ayna_sifati]"
12-11;Zaman;Kopya;Tılsım;hayir;Yankı, Çift;"tılsım (hedefte belirir) → silindir 4m, hedef noktada (2 kez (kopya), uyumsuz silah). Etkiler: tempo→düşman 0.7 1sn [iki_kez]; onceki_skill_tekrar→sen 1 [yanki]";;;"yol=yerlestirme|sekil=cylinder|dogar=hedef_noktada|temas=tek|gecir=normal|cogul || hiz:tempo>dusman[iki_kez] ; varlik:onceki_skill_tekrar>kendin[yanki]"
12-12;Zaman;Akan;Tılsım;hayir;Zaman alanı, Akış;"tılsım (hedefte belirir) → silindir 4m, hedef noktada (sürekli akar, tik tik, uyumsuz silah). Etkiler: tempo→düşman 0.7 3sn [zaman_alani]; tempo→dost 1.3 3sn [zaman_alani]";;;"yol=yerlestirme|sekil=cylinder|dogar=hedef_noktada|temas=tik|gecir=normal|surekli || hiz:tempo>dost[zaman_alani] ; hiz:tempo>dusman[zaman_alani]"
1-1;Saldırı;Yoğun;Kalkan;hayir;Delici;kalkan gövdesi → kapsül 0.8m, sende (delip geçer, gövdene bağlı, uyumsuz silah). Etkiler: can→düşman -21.6;;;yol=govde|sekil=capsule|dogar=sende|temas=tek|gecir=delici|govdeye_bagli || deger:can>dusman[]
1-2;Saldırı;Emici;Kalkan;hayir;Girdap;"kalkan gövdesi → kapsül 1.5m, sende (gövdene bağlı, içine çeker, uyumsuz silah). Etkiler: can→düşman -15.2; can→sen 4.56 [aktarim]; mermi_sil→düşman mermisi [yut]";;;"yol=govde|sekil=capsule|dogar=sende|temas=tek|gecir=normal|govdeye_bagli|cekim || deger:can>dusman[] ; deger:can>kendin[aktarim] ; varlik:mermi_sil>dusman_nesnesi[yut]"
1-3;Saldırı;Sıçrayan;Kalkan;hayir;Seken;kalkan gövdesi → kapsül 1.7m, sende (gövdene bağlı, 2 kez seker, uyumsuz silah). Etkiler: can→düşman -16 [seker];;;yol=govde|sekil=capsule|dogar=sende|temas=tek|gecir=normal|seker|govdeye_bagli || deger:can>dusman[seker]
1-4;Saldırı;Sabit;Kalkan;hayir;Tuzak;kalkan gövdesi → kapsül 1.5m, sende (yerinde çapalı, içine girene, uyumsuz silah). Etkiler: can→düşman -16 [tuzak];çapalı > gövdeye bağlı: yerinde bırakıldı;;yol=govde|sekil=capsule|dogar=sende|temas=giris|gecir=normal|capali || deger:can>dusman[tuzak]
1-5;Saldırı;Yayılan;Kalkan;hayir;Dalga;kalkan gövdesi → kapsül 2.7m, sende (dışa büyür, gövdene bağlı, cephe geçerken, uyumsuz silah). Etkiler: can→düşman -13.6 [alan];;;yol=govde|sekil=capsule|dogar=sende|temas=cephe|gecir=normal|genisler|govdeye_bagli || deger:can>dusman[alan]
1-6;Saldırı;Bağlayıcı;Kalkan;hayir;Bağ;"kalkan gövdesi → bağ 1.5m, sende (sen↔hedef bağı, gövdene bağlı, tik tik, uyumsuz silah). Etkiler: can→düşman -16 [bag_akisi]; hareket→düşman 1.5sn [bag_ucu]; hareket→düşman 0.7 1.5sn [bag_ucu,yavas]";;;"yol=govde|sekil=bag|dogar=sende|temas=tik|gecir=normal|bag|govdeye_bagli || deger:can>dusman[bag_akisi] ; hiz:hareket>dusman[bag_ucu,yavas] ; hiz:hareket>dusman[bag_ucu]"
1-7;Saldırı;Bulandırıcı;Kalkan;hayir;Sis;"kalkan gövdesi → bulut 1.5m, sende (sis hacmi, gövdene bağlı, tik tik, uyumsuz silah). Etkiler: can→düşman -16 [bulut_tik]; gizlen→dost 4sn [bulut_ici]; kor→düşman 0.3 4sn [bulut_ici]";;;"yol=govde|sekil=bulut|dogar=sende|temas=tik|gecir=normal|bulut|govdeye_bagli || deger:can>dusman[bulut_tik] ; gorunurluk:gizlen>dost[bulut_ici] ; gorunurluk:kor>dusman[bulut_ici]"
1-8;Saldırı;Yükselen;Kalkan;hayir;Havaya atma, Yükselen;"kalkan gövdesi → kapsül 1.5m, sende (yerden yükselir, gövdene bağlı, gücü artar, uyumsuz silah). Etkiler: can→düşman -16 [havaya_at]; hareket→düşman 0.8sn [havada]; hasar_buff→sen 0.1 3sn [yukselen]";;;"yol=govde|sekil=capsule|dogar=sende|temas=tek|gecir=normal|dikey|govdeye_bagli|rampa || deger:can>dusman[havaya_at] ; deger:hasar_buff>kendin[yukselen] ; hiz:hareket>dusman[havada]"
1-9;Saldırı;Odaklı;Kalkan;hayir;Güdümlü;kalkan gövdesi → kapsül 1.5m, sende (hedefe kilitli, gövdene bağlı, tek hedef, uyumsuz silah). Etkiler: can→düşman -18.4 [iskalamaz,zirh_yoksay];;;yol=govde|sekil=capsule|dogar=sende|temas=tek|gecir=normal|gudum|govdeye_bagli|tek_hedef || deger:can>dusman[iskalamaz,zirh_yoksay]
1-10;Saldırı;Aynalı;Kalkan;hayir;Kıskaç, Ayna eşli;"kalkan gövdesi → kapsül 1.5m, sende (karşı noktada eşi, gövdene bağlı, uyumsuz silah). Etkiler: can→düşman -16 [kiskac]; yansit→sen 0.3 2sn [ayna_sifati]";;;"yol=govde|sekil=capsule|dogar=sende|temas=tek|gecir=normal|ayna|govdeye_bagli || deger:can>dusman[kiskac] ; yon:yansit>kendin[ayna_sifati]"
1-11;Saldırı;Kopya;Kalkan;hayir;Çift;kalkan gövdesi → kapsül 1.5m, sende (gövdene bağlı, 2 kez (kopya), uyumsuz silah). Etkiler: can→düşman -16 [iki_kez];;;yol=govde|sekil=capsule|dogar=sende|temas=tek|gecir=normal|cogul|govdeye_bagli || deger:can>dusman[iki_kez]
1-12;Saldırı;Akan;Kalkan;hayir;Akış;kalkan gövdesi → kapsül 1.5m, sende (gövdene bağlı, sürekli akar, tik tik, uyumsuz silah). Etkiler: can→düşman -11.2 3sn [akis];;;yol=govde|sekil=capsule|dogar=sende|temas=tik|gecir=normal|govdeye_bagli|surekli || deger:can>dusman[akis]
2-1;İyileştirme;Yoğun;Kalkan;hayir;Taşma;kalkan gövdesi → küre 1.1m, sende (gövdene bağlı, tek hedef, uyumsuz silah). Etkiler: can→dost 37.8 [tasar];;;yol=govde|sekil=sphere|dogar=sende|temas=tek|gecir=normal|govdeye_bagli|tek_hedef || deger:can>dost[tasar]
2-2;İyileştirme;Emici;Kalkan;hayir;Emme/çalma;"kalkan gövdesi → küre 2m, sende (gövdene bağlı, uyumsuz silah). Etkiler: can→düşman -26.6 [emme]; can→sen 26.6 [aktarim]; mermi_sil→düşman mermisi [yut]";;;"yol=govde|sekil=sphere|dogar=sende|temas=tek|gecir=normal|govdeye_bagli || deger:can>dusman[emme] ; deger:can>kendin[aktarim] ; varlik:mermi_sil>dusman_nesnesi[yut]"
2-3;İyileştirme;Sıçrayan;Kalkan;hayir;Seken;kalkan gövdesi → küre 2.2m, sende (gövdene bağlı, 2 kez seker, uyumsuz silah). Etkiler: can→dost 28 [dosttan_dosta];;;yol=govde|sekil=sphere|dogar=sende|temas=tek|gecir=normal|seker|govdeye_bagli || deger:can>dost[dosttan_dosta]
2-4;İyileştirme;Sabit;Kalkan;hayir;Totem;kalkan gövdesi → küre 2m, sende (yerinde çapalı, tik tik, uyumsuz silah). Etkiler: can→dost 28 [totem];çapalı > gövdeye bağlı: yerinde bırakıldı;;yol=govde|sekil=sphere|dogar=sende|temas=tik|gecir=normal|capali || deger:can>dost[totem]
2-5;İyileştirme;Yayılan;Kalkan;hayir;Dalga;kalkan gövdesi → küre 3.6m, sende (dışa büyür, gövdene bağlı, cephe geçerken, uyumsuz silah). Etkiler: can→dost 23.8 [alan];;;yol=govde|sekil=sphere|dogar=sende|temas=cephe|gecir=normal|genisler|govdeye_bagli || deger:can>dost[alan]
2-6;İyileştirme;Bağlayıcı;Kalkan;hayir;Can bağı, Bağ;"kalkan gövdesi → bağ 2m, sende (sen↔hedef bağı, gövdene bağlı, tik tik, uyumsuz silah). Etkiler: can→dost 28 [can_bagi]; hasar_paylasimi→dost 0.5 1.5sn [bag]";;;"yol=govde|sekil=bag|dogar=sende|temas=tik|gecir=normal|bag|govdeye_bagli || deger:can>dost[can_bagi] ; deger:hasar_paylasimi>dost[bag]"
2-7;İyileştirme;Bulandırıcı;Kalkan;hayir;Sis;"kalkan gövdesi → bulut 2m, sende (sis hacmi, gövdene bağlı, tik tik, uyumsuz silah). Etkiler: can→dost 28 [bulut_tik]; gizlen→dost 4sn [bulut_ici]; kor→düşman 0.3 4sn [bulut_ici]";;;"yol=govde|sekil=bulut|dogar=sende|temas=tik|gecir=normal|bulut|govdeye_bagli || deger:can>dost[bulut_tik] ; gorunurluk:gizlen>dost[bulut_ici] ; gorunurluk:kor>dusman[bulut_ici]"
2-8;İyileştirme;Yükselen;Kalkan;hayir;Yükselen;"kalkan gövdesi → küre 2m, sende (yerden yükselir, gövdene bağlı, gücü artar, uyumsuz silah). Etkiler: can→dost 28 [buyuyen]; hasar_buff→sen 0.1 3sn [yukselen]";;;"yol=govde|sekil=sphere|dogar=sende|temas=tek|gecir=normal|dikey|govdeye_bagli|rampa || deger:can>dost[buyuyen] ; deger:hasar_buff>kendin[yukselen]"
2-9;İyileştirme;Odaklı;Kalkan;hayir;Koruyucu tetik, Güdümlü;kalkan gövdesi → küre 2m, sende (hedefe kilitli, gövdene bağlı, tek hedef, uyumsuz silah). Etkiler: can→dost 32.2 [koruyucu_tetik];;;yol=govde|sekil=sphere|dogar=sende|temas=tek|gecir=normal|gudum|govdeye_bagli|tek_hedef || deger:can>dost[koruyucu_tetik]
2-10;İyileştirme;Aynalı;Kalkan;hayir;Ters kopya, Ayna eşli;"kalkan gövdesi → küre 2m, sende (karşı noktada eşi, gövdene bağlı, uyumsuz silah). Etkiler: can→dost 28; can→düşman -8.4 [ters_kopya]; yansit→sen 0.3 2sn [ayna_sifati]";;;"yol=govde|sekil=sphere|dogar=sende|temas=tek|gecir=normal|ayna|govdeye_bagli || deger:can>dost[] ; deger:can>dusman[ters_kopya] ; yon:yansit>kendin[ayna_sifati]"
2-11;İyileştirme;Kopya;Kalkan;hayir;Çift;kalkan gövdesi → küre 2m, sende (gövdene bağlı, 2 kez (kopya), uyumsuz silah). Etkiler: can→dost 28 [iki_kez];;;yol=govde|sekil=sphere|dogar=sende|temas=tek|gecir=normal|cogul|govdeye_bagli || deger:can>dost[iki_kez]
2-12;İyileştirme;Akan;Kalkan;hayir;Akış;kalkan gövdesi → küre 2m, sende (gövdene bağlı, sürekli akar, tik tik, uyumsuz silah). Etkiler: can→dost 19.6 3sn [akis];;;yol=govde|sekil=sphere|dogar=sende|temas=tik|gecir=normal|govdeye_bagli|surekli || deger:can>dost[akis]
3-1;Hareket;Yoğun;Kalkan;hayir;Kalkan hücumu, Faz geçişi;kalkan gövdesi → çizgi 1.7m, sende (gövdene bağlı, tek hedef, uyumsuz silah). Etkiler: kendini_tasi→sen 1.5 [faz,yol:kalkan_hucumu];;;yol=govde|sekil=line|dogar=sende|temas=tek|gecir=normal|govdeye_bagli|tek_hedef || konum:kendini_tasi>kendin[faz,yol:kalkan_hucumu]
3-2;Hareket;Emici;Kalkan;hayir;Hedefi sana çekme, Kalkan hücumu, Girdap;"kalkan gövdesi → çizgi 3m, sende (gövdene bağlı, içine çeker, uyumsuz silah). Etkiler: cek→düşman 1.5 [sana_dogru,yol:kalkan_hucumu]; mermi_sil→düşman mermisi [yut]";;;"yol=govde|sekil=line|dogar=sende|temas=tek|gecir=normal|govdeye_bagli|cekim || konum:cek>dusman[sana_dogru,yol:kalkan_hucumu] ; varlik:mermi_sil>dusman_nesnesi[yut]"
3-3;Hareket;Sıçrayan;Kalkan;hayir;Kalkan hücumu, Sekmeli zıplama, Seken;kalkan gövdesi → çizgi 3.3m, sende (gövdene bağlı, 2 kez seker, uyumsuz silah). Etkiler: kendini_tasi→sen 1.5 [sekmeli,yol:kalkan_hucumu];;;yol=govde|sekil=line|dogar=sende|temas=tek|gecir=normal|seker|govdeye_bagli || konum:kendini_tasi>kendin[sekmeli,yol:kalkan_hucumu]
3-4;Hareket;Sabit;Kalkan;hayir;İşaretle-geri dön, Kalkan hücumu;kalkan gövdesi → çizgi 3m, sende (yerinde çapalı, uyumsuz silah). Etkiler: isaret_geri_don→sen 1.5 3sn [geri_donus,yol:kalkan_hucumu];çapalı > gövdeye bağlı: yerinde bırakıldı;;yol=govde|sekil=line|dogar=sende|temas=tek|gecir=normal|capali || konum:isaret_geri_don>kendin[geri_donus,yol:kalkan_hucumu]
3-5;Hareket;Yayılan;Kalkan;hayir;Kalkan hücumu, İniş şok dalgası, Dalga;"kalkan gövdesi → çizgi 5.4m, sende (dışa büyür, gövdene bağlı, cephe geçerken, uyumsuz silah). Etkiler: kendini_tasi→sen 1.5 [inis_dalgasi,yol:kalkan_hucumu]; it→düşman [dalga]";;;"yol=govde|sekil=line|dogar=sende|temas=cephe|gecir=normal|genisler|govdeye_bagli || konum:it>dusman[dalga] ; konum:kendini_tasi>kendin[inis_dalgasi,yol:kalkan_hucumu]"
3-6;Hareket;Bağlayıcı;Kalkan;hayir;Yer değiştirme, Kalkan hücumu, Bağ;"kalkan gövdesi → bağ 3m, sende (sen↔hedef bağı, gövdene bağlı, tik tik, uyumsuz silah). Etkiler: yer_degistir→düşman 1.5 [iki_uc,yol:kalkan_hucumu]; hareket→düşman 1.5sn [bag_ucu]; hareket→düşman 0.7 1.5sn [bag_ucu,yavas]";;;"yol=govde|sekil=bag|dogar=sende|temas=tik|gecir=normal|bag|govdeye_bagli || hiz:hareket>dusman[bag_ucu,yavas] ; hiz:hareket>dusman[bag_ucu] ; konum:yer_degistir>dusman[iki_uc,yol:kalkan_hucumu]"
3-7;Hareket;Bulandırıcı;Kalkan;hayir;Görünmez geçiş, Kalkan hücumu, Sis;"kalkan gövdesi → bulut 3m, sende (sis hacmi, gövdene bağlı, tik tik, uyumsuz silah). Etkiler: kendini_tasi→sen 1.5 [gorunmez_gecis,yol:kalkan_hucumu]; gizlen→dost 4sn [bulut_ici]; kor→düşman 0.3 4sn [bulut_ici]";;;"yol=govde|sekil=bulut|dogar=sende|temas=tik|gecir=normal|bulut|govdeye_bagli || gorunurluk:gizlen>dost[bulut_ici] ; gorunurluk:kor>dusman[bulut_ici] ; konum:kendini_tasi>kendin[gorunmez_gecis,yol:kalkan_hucumu]"
3-8;Hareket;Yükselen;Kalkan;hayir;Sıçrayıp çakılma, Kalkan hücumu, Yükselen;"kalkan gövdesi → çizgi 3m, sende (yerden yükselir, gövdene bağlı, gücü artar, uyumsuz silah). Etkiler: kendini_tasi→sen 1.5 [sicrayip_cakil,yol:kalkan_hucumu]; hasar_buff→sen 0.1 3sn [yukselen]";;;"yol=govde|sekil=line|dogar=sende|temas=tek|gecir=normal|dikey|govdeye_bagli|rampa || deger:hasar_buff>kendin[yukselen] ; konum:kendini_tasi>kendin[sicrayip_cakil,yol:kalkan_hucumu]"
3-9;Hareket;Odaklı;Kalkan;hayir;Arkaya ışınlanma, Kalkan hücumu, Güdümlü;kalkan gövdesi → çizgi 3m, sende (hedefe kilitli, gövdene bağlı, tek hedef, uyumsuz silah). Etkiler: hedefin_arkasina→sen 1.5 [isinlanma,yol:kalkan_hucumu];;;yol=govde|sekil=line|dogar=sende|temas=tek|gecir=normal|gudum|govdeye_bagli|tek_hedef || konum:hedefin_arkasina>kendin[isinlanma,yol:kalkan_hucumu]
3-10;Hareket;Aynalı;Kalkan;hayir;Portal, Kalkan hücumu, Ayna eşli;"kalkan gövdesi → çizgi 3m, sende (karşı noktada eşi, gövdene bağlı, uyumsuz silah). Etkiler: portal→sen 1.5 4sn [portal_cifti,yol:kalkan_hucumu]; yansit→sen 0.3 2sn [ayna_sifati]";;;"yol=govde|sekil=line|dogar=sende|temas=tek|gecir=normal|ayna|govdeye_bagli || konum:portal>kendin[portal_cifti,yol:kalkan_hucumu] ; yon:yansit>kendin[ayna_sifati]"
3-11;Hareket;Kopya;Kalkan;hayir;Kalkan hücumu, Yem kopya, Çift;"kalkan gövdesi → çizgi 3m, sende (gövdene bağlı, 2 kez (kopya), uyumsuz silah). Etkiler: kendini_tasi→sen 1.5 [ardinda_kopya,yol:kalkan_hucumu]; yem_kopya→sen 1 2sn [dikkat_ceker]";;;"yol=govde|sekil=line|dogar=sende|temas=tek|gecir=normal|cogul|govdeye_bagli || konum:kendini_tasi>kendin[ardinda_kopya,yol:kalkan_hucumu] ; varlik:yem_kopya>kendin[dikkat_ceker]"
3-12;Hareket;Akan;Kalkan;hayir;Kalkan hücumu, Süzülme, Akış;kalkan gövdesi → çizgi 3m, sende (gövdene bağlı, sürekli akar, tik tik, uyumsuz silah). Etkiler: kendini_tasi→sen 1.5 3sn [suzulme,yol:kalkan_hucumu];;;yol=govde|sekil=line|dogar=sende|temas=tik|gecir=normal|govdeye_bagli|surekli || konum:kendini_tasi>kendin[suzulme,yol:kalkan_hucumu]
4-1;Savunma;Yoğun;Kalkan;evet;Taşma;kalkan gövdesi → küre 0.8m, sende (katı, gövdene bağlı, tek hedef). Etkiler: kalkan→dost 67.5 [tasar];;;yol=govde|sekil=sphere|dogar=sende|temas=tek|gecir=kati|govdeye_bagli|tek_hedef || deger:kalkan>dost[tasar]
4-2;Savunma;Emici;Kalkan;evet;Emme/çalma;"kalkan gövdesi → küre 1.5m, sende (katı, gövdene bağlı). Etkiler: can→düşman -47.5 [emme]; kalkan→sen 47.5 [aktarim]; mermi_sil→düşman mermisi [yut]";;;"yol=govde|sekil=sphere|dogar=sende|temas=tek|gecir=kati|govdeye_bagli || deger:can>dusman[emme] ; deger:kalkan>kendin[aktarim] ; varlik:mermi_sil>dusman_nesnesi[yut]"
4-3;Savunma;Sıçrayan;Kalkan;evet;Seken;kalkan gövdesi → küre 1.7m, sende (katı, gövdene bağlı, 2 kez seker). Etkiler: kalkan→dost 50 [dosttan_dosta];;;yol=govde|sekil=sphere|dogar=sende|temas=tek|gecir=kati|seker|govdeye_bagli || deger:kalkan>dost[dosttan_dosta]
4-4;Savunma;Sabit;Kalkan;evet;Duvar, Totem;kalkan gövdesi → küre 1.5m, sende (yerinde çapalı, katı, tik tik). Etkiler: kalkan→dost 50 [totem];çapalı > gövdeye bağlı: yerinde bırakıldı;;yol=govde|sekil=sphere|dogar=sende|temas=tik|gecir=kati|capali || deger:kalkan>dost[totem]
4-5;Savunma;Yayılan;Kalkan;evet;Dalga;kalkan gövdesi → küre 2.7m, sende (katı, dışa büyür, gövdene bağlı, cephe geçerken). Etkiler: kalkan→dost 42.5 [alan];;;yol=govde|sekil=sphere|dogar=sende|temas=cephe|gecir=kati|genisler|govdeye_bagli || deger:kalkan>dost[alan]
4-6;Savunma;Bağlayıcı;Kalkan;evet;Can bağı, Bağ;"kalkan gövdesi → bağ 1.5m, sende (katı, sen↔hedef bağı, gövdene bağlı, tik tik). Etkiler: kalkan→dost 50 [can_bagi]; hasar_paylasimi→dost 0.5 1.5sn [bag]";;;"yol=govde|sekil=bag|dogar=sende|temas=tik|gecir=kati|bag|govdeye_bagli || deger:hasar_paylasimi>dost[bag] ; deger:kalkan>dost[can_bagi]"
4-7;Savunma;Bulandırıcı;Kalkan;evet;Sis;"kalkan gövdesi → bulut 1.5m, sende (katı, sis hacmi, gövdene bağlı, tik tik). Etkiler: kalkan→dost 50 [bulut_tik]; gizlen→dost 4sn [bulut_ici]; kor→düşman 0.3 4sn [bulut_ici]";;;"yol=govde|sekil=bulut|dogar=sende|temas=tik|gecir=kati|bulut|govdeye_bagli || deger:kalkan>dost[bulut_tik] ; gorunurluk:gizlen>dost[bulut_ici] ; gorunurluk:kor>dusman[bulut_ici]"
4-8;Savunma;Yükselen;Kalkan;evet;Yükselen;"kalkan gövdesi → küre 1.5m, sende (katı, yerden yükselir, gövdene bağlı, gücü artar). Etkiler: kalkan→dost 50 [buyuyen]; hasar_buff→sen 0.1 3sn [yukselen]";;;"yol=govde|sekil=sphere|dogar=sende|temas=tek|gecir=kati|dikey|govdeye_bagli|rampa || deger:hasar_buff>kendin[yukselen] ; deger:kalkan>dost[buyuyen]"
4-9;Savunma;Odaklı;Kalkan;evet;Koruyucu tetik, Güdümlü;kalkan gövdesi → küre 1.5m, sende (katı, hedefe kilitli, gövdene bağlı, tek hedef). Etkiler: kalkan→dost 57.5 [koruyucu_tetik];;;yol=govde|sekil=sphere|dogar=sende|temas=tek|gecir=kati|gudum|govdeye_bagli|tek_hedef || deger:kalkan>dost[koruyucu_tetik]
4-10;Savunma;Aynalı;Kalkan;evet;Ters kopya, Ayna eşli;"kalkan gövdesi → küre 1.5m, sende (katı, karşı noktada eşi, gövdene bağlı). Etkiler: kalkan→dost 50; can→düşman -15 [ters_kopya]; yansit→sen 0.3 2sn [ayna_sifati]";;;"yol=govde|sekil=sphere|dogar=sende|temas=tek|gecir=kati|ayna|govdeye_bagli || deger:can>dusman[ters_kopya] ; deger:kalkan>dost[] ; yon:yansit>kendin[ayna_sifati]"
4-11;Savunma;Kopya;Kalkan;evet;Çift;kalkan gövdesi → küre 1.5m, sende (katı, gövdene bağlı, 2 kez (kopya)). Etkiler: kalkan→dost 50 [iki_kez];;;yol=govde|sekil=sphere|dogar=sende|temas=tek|gecir=kati|cogul|govdeye_bagli || deger:kalkan>dost[iki_kez]
4-12;Savunma;Akan;Kalkan;evet;Akış;kalkan gövdesi → küre 1.5m, sende (katı, gövdene bağlı, sürekli akar, tik tik). Etkiler: kalkan→dost 35 3sn [akis];;;yol=govde|sekil=sphere|dogar=sende|temas=tik|gecir=kati|govdeye_bagli|surekli || deger:kalkan>dost[akis]
5-1;Patlama;Yoğun;Kalkan;hayir;Delici;"kalkan gövdesi → küre 1.7m, sende (delip geçer, gövdene bağlı, uyumsuz silah). Etkiler: can→düşman -15.12; it→düşman [sert]";;;"yol=govde|sekil=sphere|dogar=sende|temas=tek|gecir=delici|govdeye_bagli || deger:can>dusman[] ; konum:it>dusman[sert]"
5-2;Patlama;Emici;Kalkan;hayir;İçe çöküş, Girdap;"kalkan gövdesi → küre 3m, sende (gövdene bağlı, içine çeker, uyumsuz silah). Etkiler: can→düşman -10.64; cek→düşman [merkeze]; can→sen 3.19 [aktarim]; mermi_sil→düşman mermisi [yut]";;;"yol=govde|sekil=sphere|dogar=sende|temas=tek|gecir=normal|govdeye_bagli|cekim || deger:can>dusman[] ; deger:can>kendin[aktarim] ; konum:cek>dusman[merkeze] ; varlik:mermi_sil>dusman_nesnesi[yut]"
5-3;Patlama;Sıçrayan;Kalkan;hayir;Seken;"kalkan gövdesi → küre 3.3m, sende (gövdene bağlı, 2 kez seker, uyumsuz silah). Etkiler: can→düşman -11.2 [seker]; it→düşman [seker]";;;"yol=govde|sekil=sphere|dogar=sende|temas=tek|gecir=normal|seker|govdeye_bagli || deger:can>dusman[seker] ; konum:it>dusman[seker]"
5-4;Patlama;Sabit;Kalkan;hayir;Tuzak;"kalkan gövdesi → küre 3m, sende (yerinde çapalı, içine girene, uyumsuz silah). Etkiler: can→düşman -11.2 [tuzak]; it→düşman [tuzak]";çapalı > gövdeye bağlı: yerinde bırakıldı;;"yol=govde|sekil=sphere|dogar=sende|temas=giris|gecir=normal|capali || deger:can>dusman[tuzak] ; konum:it>dusman[tuzak]"
5-5;Patlama;Yayılan;Kalkan;hayir;Dalga;"kalkan gövdesi → küre 5.4m, sende (dışa büyür, gövdene bağlı, cephe geçerken, uyumsuz silah). Etkiler: can→düşman -9.52 [alan]; it→düşman [dalga]";;;"yol=govde|sekil=sphere|dogar=sende|temas=cephe|gecir=normal|genisler|govdeye_bagli || deger:can>dusman[alan] ; konum:it>dusman[dalga]"
5-6;Patlama;Bağlayıcı;Kalkan;hayir;Bağla çekme, Bağ;"kalkan gövdesi → bağ 3m, sende (sen↔hedef bağı, gövdene bağlı, tik tik, uyumsuz silah). Etkiler: can→düşman -11.2 [bag_akisi]; cek→düşman [bag_boyunca]; hareket→düşman 1.5sn [bag_ucu]; hareket→düşman 0.7 1.5sn [bag_ucu,yavas]";;;"yol=govde|sekil=bag|dogar=sende|temas=tik|gecir=normal|bag|govdeye_bagli || deger:can>dusman[bag_akisi] ; hiz:hareket>dusman[bag_ucu,yavas] ; hiz:hareket>dusman[bag_ucu] ; konum:cek>dusman[bag_boyunca]"
5-7;Patlama;Bulandırıcı;Kalkan;hayir;Sis;"kalkan gövdesi → bulut 3m, sende (sis hacmi, gövdene bağlı, tik tik, uyumsuz silah). Etkiler: can→düşman -11.2 [bulut_tik]; it→düşman [sis_patlamasi]; gizlen→dost 4sn [bulut_ici]; kor→düşman 0.3 4sn [bulut_ici]";;;"yol=govde|sekil=bulut|dogar=sende|temas=tik|gecir=normal|bulut|govdeye_bagli || deger:can>dusman[bulut_tik] ; gorunurluk:gizlen>dost[bulut_ici] ; gorunurluk:kor>dusman[bulut_ici] ; konum:it>dusman[sis_patlamasi]"
5-8;Patlama;Yükselen;Kalkan;hayir;Havaya atma, Yükselen;"kalkan gövdesi → küre 3m, sende (yerden yükselir, gövdene bağlı, gücü artar, uyumsuz silah). Etkiler: can→düşman -11.2 [havaya_at]; it→düşman [yukari_firlat]; hareket→düşman 0.8sn [havada]; hasar_buff→sen 0.1 3sn [yukselen]";;;"yol=govde|sekil=sphere|dogar=sende|temas=tek|gecir=normal|dikey|govdeye_bagli|rampa || deger:can>dusman[havaya_at] ; deger:hasar_buff>kendin[yukselen] ; hiz:hareket>dusman[havada] ; konum:it>dusman[yukari_firlat]"
5-9;Patlama;Odaklı;Kalkan;hayir;Güdümlü;"kalkan gövdesi → küre 3m, sende (hedefe kilitli, gövdene bağlı, tek hedef, uyumsuz silah). Etkiler: can→düşman -12.88 [iskalamaz,zirh_yoksay]; it→düşman [tek_hedef]";;;"yol=govde|sekil=sphere|dogar=sende|temas=tek|gecir=normal|gudum|govdeye_bagli|tek_hedef || deger:can>dusman[iskalamaz,zirh_yoksay] ; konum:it>dusman[tek_hedef]"
5-10;Patlama;Aynalı;Kalkan;hayir;Kıskaç, Ayna eşli;"kalkan gövdesi → küre 3m, sende (karşı noktada eşi, gövdene bağlı, uyumsuz silah). Etkiler: can→düşman -11.2 [kiskac]; it→düşman [iki_uctan]; yansit→sen 0.3 2sn [ayna_sifati]";;;"yol=govde|sekil=sphere|dogar=sende|temas=tek|gecir=normal|ayna|govdeye_bagli || deger:can>dusman[kiskac] ; konum:it>dusman[iki_uctan] ; yon:yansit>kendin[ayna_sifati]"
5-11;Patlama;Kopya;Kalkan;hayir;Çift;"kalkan gövdesi → küre 3m, sende (gövdene bağlı, 2 kez (kopya), uyumsuz silah). Etkiler: can→düşman -11.2 [iki_kez]; it→düşman [iki_kez]";;;"yol=govde|sekil=sphere|dogar=sende|temas=tek|gecir=normal|cogul|govdeye_bagli || deger:can>dusman[iki_kez] ; konum:it>dusman[iki_kez]"
5-12;Patlama;Akan;Kalkan;hayir;Akıntı, Akış;"kalkan gövdesi → küre 3m, sende (gövdene bağlı, sürekli akar, tik tik, uyumsuz silah). Etkiler: can→düşman -7.84 3sn [akis]; it→düşman [akinti]";;;"yol=govde|sekil=sphere|dogar=sende|temas=tik|gecir=normal|govdeye_bagli|surekli || deger:can>dusman[akis] ; konum:it>dusman[akinti]"
6-1;Kontrol;Yoğun;Kalkan;evet;Delici;"kalkan gövdesi → koni 2.2m, sende (delip geçer, gövdene bağlı). Etkiler: hareket→düşman 0.8sn [sert]; can→düşman -5.4";;;"yol=govde|sekil=cone|dogar=sende|temas=tek|gecir=delici|govdeye_bagli || deger:can>dusman[] ; hiz:hareket>dusman[sert]"
6-2;Kontrol;Emici;Kalkan;evet;Hedefi sana çekme, Girdap;"kalkan gövdesi → koni 4m, sende (gövdene bağlı, içine çeker). Etkiler: hareket→düşman 1.5sn; can→düşman -3.8; cek→düşman [sana_dogru]; can→sen 1.14 [aktarim]; mermi_sil→düşman mermisi [yut]";;;"yol=govde|sekil=cone|dogar=sende|temas=tek|gecir=normal|govdeye_bagli|cekim || deger:can>dusman[] ; deger:can>kendin[aktarim] ; hiz:hareket>dusman[] ; konum:cek>dusman[sana_dogru] ; varlik:mermi_sil>dusman_nesnesi[yut]"
6-3;Kontrol;Sıçrayan;Kalkan;evet;Seken;"kalkan gövdesi → koni 4.4m, sende (gövdene bağlı, 2 kez seker). Etkiler: hareket→düşman 1.5sn [seker]; can→düşman -4 [seker]";;;"yol=govde|sekil=cone|dogar=sende|temas=tek|gecir=normal|seker|govdeye_bagli || deger:can>dusman[seker] ; hiz:hareket>dusman[seker]"
6-4;Kontrol;Sabit;Kalkan;evet;Tuzak;"kalkan gövdesi → koni 4m, sende (yerinde çapalı, içine girene). Etkiler: hareket→düşman 3.5sn [uzun]; can→düşman -4 [tuzak]";çapalı > gövdeye bağlı: yerinde bırakıldı;;"yol=govde|sekil=cone|dogar=sende|temas=giris|gecir=normal|capali || deger:can>dusman[tuzak] ; hiz:hareket>dusman[uzun]"
6-5;Kontrol;Yayılan;Kalkan;evet;Dalga;"kalkan gövdesi → koni 7.2m, sende (dışa büyür, gövdene bağlı, cephe geçerken). Etkiler: hareket→düşman 1.5sn [dalga]; can→düşman -3.4 [alan]";;;"yol=govde|sekil=cone|dogar=sende|temas=cephe|gecir=normal|genisler|govdeye_bagli || deger:can>dusman[alan] ; hiz:hareket>dusman[dalga]"
6-6;Kontrol;Bağlayıcı;Kalkan;evet;Tasma, Bağ;"kalkan gövdesi → bağ 4m, sende (sen↔hedef bağı, gövdene bağlı, tik tik). Etkiler: hareket→düşman 1.5sn [tasma]; can→düşman -4 [bag_akisi]; hareket→düşman 1.5sn [bag_ucu]; hareket→düşman 0.7 1.5sn [bag_ucu,yavas]";;;"yol=govde|sekil=bag|dogar=sende|temas=tik|gecir=normal|bag|govdeye_bagli || deger:can>dusman[bag_akisi] ; hiz:hareket>dusman[bag_ucu,yavas] ; hiz:hareket>dusman[bag_ucu] ; hiz:hareket>dusman[tasma]"
6-7;Kontrol;Bulandırıcı;Kalkan;evet;Sis;"kalkan gövdesi → bulut 4m, sende (sis hacmi, gövdene bağlı, tik tik). Etkiler: hareket→düşman 1.5sn [bulut_tik]; can→düşman -4 [bulut_tik]; gizlen→dost 4sn [bulut_ici]; kor→düşman 0.3 4sn [bulut_ici]";;;"yol=govde|sekil=bulut|dogar=sende|temas=tik|gecir=normal|bulut|govdeye_bagli || deger:can>dusman[bulut_tik] ; gorunurluk:gizlen>dost[bulut_ici] ; gorunurluk:kor>dusman[bulut_ici] ; hiz:hareket>dusman[bulut_tik]"
6-8;Kontrol;Yükselen;Kalkan;evet;Havaya atma, Yükselen;"kalkan gövdesi → koni 4m, sende (yerden yükselir, gövdene bağlı, gücü artar). Etkiler: hareket→düşman 1.5sn [havaya_at]; can→düşman -4 [havaya_at]; hasar_buff→sen 0.1 3sn [yukselen]";;;"yol=govde|sekil=cone|dogar=sende|temas=tek|gecir=normal|dikey|govdeye_bagli|rampa || deger:can>dusman[havaya_at] ; deger:hasar_buff>kendin[yukselen] ; hiz:hareket>dusman[havaya_at]"
6-9;Kontrol;Odaklı;Kalkan;evet;Gecikmeli an, Güdümlü;"kalkan gövdesi → koni 4m, sende (hedefe kilitli, gövdene bağlı, tek hedef). Etkiler: hareket→düşman 1.5sn [isaretli_an]; can→düşman -4.6 [iskalamaz,zirh_yoksay]";;;"yol=govde|sekil=cone|dogar=sende|temas=tek|gecir=normal|gudum|govdeye_bagli|tek_hedef || deger:can>dusman[iskalamaz,zirh_yoksay] ; hiz:hareket>dusman[isaretli_an]"
6-10;Kontrol;Aynalı;Kalkan;evet;Kıskaç, Ters kontrol, Ayna eşli;"kalkan gövdesi → koni 4m, sende (karşı noktada eşi, gövdene bağlı). Etkiler: hareket→düşman 1.5sn [ters_kontrol]; can→düşman -4 [kiskac]; yansit→sen 0.3 2sn [ayna_sifati]";;;"yol=govde|sekil=cone|dogar=sende|temas=tek|gecir=normal|ayna|govdeye_bagli || deger:can>dusman[kiskac] ; hiz:hareket>dusman[ters_kontrol] ; yon:yansit>kendin[ayna_sifati]"
6-11;Kontrol;Kopya;Kalkan;evet;Çift;"kalkan gövdesi → koni 4m, sende (gövdene bağlı, 2 kez (kopya)). Etkiler: hareket→düşman 1.5sn [iki_kez]; can→düşman -4 [iki_kez]";;;"yol=govde|sekil=cone|dogar=sende|temas=tek|gecir=normal|cogul|govdeye_bagli || deger:can>dusman[iki_kez] ; hiz:hareket>dusman[iki_kez]"
6-12;Kontrol;Akan;Kalkan;evet;Bataklık, Akış;"kalkan gövdesi → koni 4m, sende (gövdene bağlı, sürekli akar, tik tik). Etkiler: hareket→düşman 3sn [bataklik]; can→düşman -2.8 3sn [akis]";;;"yol=govde|sekil=cone|dogar=sende|temas=tik|gecir=normal|govdeye_bagli|surekli || deger:can>dusman[akis] ; hiz:hareket>dusman[bataklik]"
7-1;Zayıflatma;Yoğun;Kalkan;hayir;Delici;"kalkan gövdesi → kapsül 1.7m, sende (delip geçer, gövdene bağlı, uyumsuz silah). Etkiler: zirh→düşman -0.22 2sn; can→düşman -2.7";;;"yol=govde|sekil=capsule|dogar=sende|temas=tek|gecir=delici|govdeye_bagli || deger:can>dusman[] ; deger:zirh>dusman[]"
7-2;Zayıflatma;Emici;Kalkan;hayir;Girdap;"kalkan gövdesi → kapsül 3m, sende (gövdene bağlı, içine çeker, uyumsuz silah). Etkiler: zirh→düşman -0.15 4sn; can→düşman -1.9; zirh→sen 0.05 4sn [aktarim]; can→sen 0.57 [aktarim]; mermi_sil→düşman mermisi [yut]";;;"yol=govde|sekil=capsule|dogar=sende|temas=tek|gecir=normal|govdeye_bagli|cekim || deger:can>dusman[] ; deger:can>kendin[aktarim] ; deger:zirh>dusman[] ; deger:zirh>kendin[aktarim] ; varlik:mermi_sil>dusman_nesnesi[yut]"
7-3;Zayıflatma;Sıçrayan;Kalkan;hayir;Seken;"kalkan gövdesi → kapsül 3.3m, sende (gövdene bağlı, 2 kez seker, uyumsuz silah). Etkiler: zirh→düşman -0.16 4sn [seker]; can→düşman -2 [seker]";;;"yol=govde|sekil=capsule|dogar=sende|temas=tek|gecir=normal|seker|govdeye_bagli || deger:can>dusman[seker] ; deger:zirh>dusman[seker]"
7-4;Zayıflatma;Sabit;Kalkan;hayir;Tuzak;"kalkan gövdesi → kapsül 3m, sende (yerinde çapalı, içine girene, uyumsuz silah). Etkiler: zirh→düşman -0.16 4sn [tuzak]; can→düşman -2 [tuzak]";çapalı > gövdeye bağlı: yerinde bırakıldı;;"yol=govde|sekil=capsule|dogar=sende|temas=giris|gecir=normal|capali || deger:can>dusman[tuzak] ; deger:zirh>dusman[tuzak]"
7-5;Zayıflatma;Yayılan;Kalkan;hayir;Dalga;"kalkan gövdesi → kapsül 5.4m, sende (dışa büyür, gövdene bağlı, cephe geçerken, uyumsuz silah). Etkiler: zirh→düşman -0.14 4sn [alan]; can→düşman -1.7 [alan]";;;"yol=govde|sekil=capsule|dogar=sende|temas=cephe|gecir=normal|genisler|govdeye_bagli || deger:can>dusman[alan] ; deger:zirh>dusman[alan]"
7-6;Zayıflatma;Bağlayıcı;Kalkan;hayir;Bağ;"kalkan gövdesi → bağ 3m, sende (sen↔hedef bağı, gövdene bağlı, tik tik, uyumsuz silah). Etkiler: zirh→düşman -0.16 4sn [bag_akisi]; can→düşman -2 [bag_akisi]; hareket→düşman 1.5sn [bag_ucu]; hareket→düşman 0.7 1.5sn [bag_ucu,yavas]";;;"yol=govde|sekil=bag|dogar=sende|temas=tik|gecir=normal|bag|govdeye_bagli || deger:can>dusman[bag_akisi] ; deger:zirh>dusman[bag_akisi] ; hiz:hareket>dusman[bag_ucu,yavas] ; hiz:hareket>dusman[bag_ucu]"
7-7;Zayıflatma;Bulandırıcı;Kalkan;hayir;Sis;"kalkan gövdesi → bulut 3m, sende (sis hacmi, gövdene bağlı, tik tik, uyumsuz silah). Etkiler: zirh→düşman -0.16 4sn [bulut_tik]; can→düşman -2 [bulut_tik]; gizlen→dost 4sn [bulut_ici]; kor→düşman 0.3 4sn [bulut_ici]";;;"yol=govde|sekil=bulut|dogar=sende|temas=tik|gecir=normal|bulut|govdeye_bagli || deger:can>dusman[bulut_tik] ; deger:zirh>dusman[bulut_tik] ; gorunurluk:gizlen>dost[bulut_ici] ; gorunurluk:kor>dusman[bulut_ici]"
7-8;Zayıflatma;Yükselen;Kalkan;hayir;Havaya atma, Yükselen;"kalkan gövdesi → kapsül 3m, sende (yerden yükselir, gövdene bağlı, gücü artar, uyumsuz silah). Etkiler: zirh→düşman -0.16 4sn [havaya_at]; can→düşman -2 [havaya_at]; hareket→düşman 0.8sn [havada]; hasar_buff→sen 0.1 3sn [yukselen]";;;"yol=govde|sekil=capsule|dogar=sende|temas=tek|gecir=normal|dikey|govdeye_bagli|rampa || deger:can>dusman[havaya_at] ; deger:hasar_buff>kendin[yukselen] ; deger:zirh>dusman[havaya_at] ; hiz:hareket>dusman[havada]"
7-9;Zayıflatma;Odaklı;Kalkan;hayir;Gecikmeli an, Güdümlü;"kalkan gövdesi → kapsül 3m, sende (hedefe kilitli, gövdene bağlı, tek hedef, uyumsuz silah). Etkiler: zirh→düşman -0.18 4sn [isaretli_an]; can→düşman -2.3 [iskalamaz,zirh_yoksay]";;;"yol=govde|sekil=capsule|dogar=sende|temas=tek|gecir=normal|gudum|govdeye_bagli|tek_hedef || deger:can>dusman[iskalamaz,zirh_yoksay] ; deger:zirh>dusman[isaretli_an]"
7-10;Zayıflatma;Aynalı;Kalkan;hayir;Kıskaç, Ayna eşli;"kalkan gövdesi → kapsül 3m, sende (karşı noktada eşi, gövdene bağlı, uyumsuz silah). Etkiler: zirh→düşman -0.16 4sn [kiskac]; can→düşman -2 [kiskac]; yansit→sen 0.3 2sn [ayna_sifati]";;;"yol=govde|sekil=capsule|dogar=sende|temas=tek|gecir=normal|ayna|govdeye_bagli || deger:can>dusman[kiskac] ; deger:zirh>dusman[kiskac] ; yon:yansit>kendin[ayna_sifati]"
7-11;Zayıflatma;Kopya;Kalkan;hayir;Çift;"kalkan gövdesi → kapsül 3m, sende (gövdene bağlı, 2 kez (kopya), uyumsuz silah). Etkiler: zirh→düşman -0.16 4sn [iki_kez]; can→düşman -2 [iki_kez]";;;"yol=govde|sekil=capsule|dogar=sende|temas=tek|gecir=normal|cogul|govdeye_bagli || deger:can>dusman[iki_kez] ; deger:zirh>dusman[iki_kez]"
7-12;Zayıflatma;Akan;Kalkan;hayir;Akış;"kalkan gövdesi → kapsül 3m, sende (gövdene bağlı, sürekli akar, tik tik, uyumsuz silah). Etkiler: zirh→düşman -0.11 3sn [akis]; can→düşman -1.4 3sn [akis]";;;"yol=govde|sekil=capsule|dogar=sende|temas=tik|gecir=normal|govdeye_bagli|surekli || deger:can>dusman[akis] ; deger:zirh>dusman[akis]"
8-1;Güçlendirme;Yoğun;Kalkan;evet;Taşma;kalkan gövdesi → küre 1.1m, sende (gövdene bağlı, tek hedef). Etkiler: hasar_buff→dost 0.27 1.5sn [tasar];;;yol=govde|sekil=sphere|dogar=sende|temas=tek|gecir=normal|govdeye_bagli|tek_hedef || deger:hasar_buff>dost[tasar]
8-2;Güçlendirme;Emici;Kalkan;evet;Emme/çalma;"kalkan gövdesi → küre 2m, sende (gövdene bağlı). Etkiler: hasar_buff→düşman -0.19 3sn [emme]; hasar_buff→sen 0.19 3sn [aktarim]; mermi_sil→düşman mermisi [yut]";;;"yol=govde|sekil=sphere|dogar=sende|temas=tek|gecir=normal|govdeye_bagli || deger:hasar_buff>dusman[emme] ; deger:hasar_buff>kendin[aktarim] ; varlik:mermi_sil>dusman_nesnesi[yut]"
8-3;Güçlendirme;Sıçrayan;Kalkan;evet;Seken;kalkan gövdesi → küre 2.2m, sende (gövdene bağlı, 2 kez seker). Etkiler: hasar_buff→dost 0.2 3sn [dosttan_dosta];;;yol=govde|sekil=sphere|dogar=sende|temas=tek|gecir=normal|seker|govdeye_bagli || deger:hasar_buff>dost[dosttan_dosta]
8-4;Güçlendirme;Sabit;Kalkan;evet;Totem;kalkan gövdesi → küre 2m, sende (yerinde çapalı, tik tik). Etkiler: hasar_buff→dost 0.2 3sn [totem];çapalı > gövdeye bağlı: yerinde bırakıldı;;yol=govde|sekil=sphere|dogar=sende|temas=tik|gecir=normal|capali || deger:hasar_buff>dost[totem]
8-5;Güçlendirme;Yayılan;Kalkan;evet;Dalga;kalkan gövdesi → küre 3.6m, sende (dışa büyür, gövdene bağlı, cephe geçerken). Etkiler: hasar_buff→dost 0.17 3sn [alan];;;yol=govde|sekil=sphere|dogar=sende|temas=cephe|gecir=normal|genisler|govdeye_bagli || deger:hasar_buff>dost[alan]
8-6;Güçlendirme;Bağlayıcı;Kalkan;evet;Can bağı, Bağ;"kalkan gövdesi → bağ 2m, sende (sen↔hedef bağı, gövdene bağlı, tik tik). Etkiler: hasar_buff→dost 0.2 3sn [can_bagi]; hasar_paylasimi→dost 0.5 1.5sn [bag]";;;"yol=govde|sekil=bag|dogar=sende|temas=tik|gecir=normal|bag|govdeye_bagli || deger:hasar_buff>dost[can_bagi] ; deger:hasar_paylasimi>dost[bag]"
8-7;Güçlendirme;Bulandırıcı;Kalkan;evet;Sis;"kalkan gövdesi → bulut 2m, sende (sis hacmi, gövdene bağlı, tik tik). Etkiler: hasar_buff→dost 0.2 3sn [bulut_tik]; gizlen→dost 4sn [bulut_ici]; kor→düşman 0.3 4sn [bulut_ici]";;;"yol=govde|sekil=bulut|dogar=sende|temas=tik|gecir=normal|bulut|govdeye_bagli || deger:hasar_buff>dost[bulut_tik] ; gorunurluk:gizlen>dost[bulut_ici] ; gorunurluk:kor>dusman[bulut_ici]"
8-8;Güçlendirme;Yükselen;Kalkan;evet;Yükselen;"kalkan gövdesi → küre 2m, sende (yerden yükselir, gövdene bağlı, gücü artar). Etkiler: hasar_buff→dost 0.2 3sn [buyuyen]; hasar_buff→sen 0.1 3sn [yukselen]";;;"yol=govde|sekil=sphere|dogar=sende|temas=tek|gecir=normal|dikey|govdeye_bagli|rampa || deger:hasar_buff>dost[buyuyen] ; deger:hasar_buff>kendin[yukselen]"
8-9;Güçlendirme;Odaklı;Kalkan;evet;Koruyucu tetik, Güdümlü;kalkan gövdesi → küre 2m, sende (hedefe kilitli, gövdene bağlı, tek hedef). Etkiler: hasar_buff→dost 0.23 3sn [koruyucu_tetik];;;yol=govde|sekil=sphere|dogar=sende|temas=tek|gecir=normal|gudum|govdeye_bagli|tek_hedef || deger:hasar_buff>dost[koruyucu_tetik]
8-10;Güçlendirme;Aynalı;Kalkan;evet;Ters kopya, Ayna eşli;"kalkan gövdesi → küre 2m, sende (karşı noktada eşi, gövdene bağlı). Etkiler: hasar_buff→dost 0.2 3sn; hasar_buff→düşman -0.06 3sn [ters_kopya]; yansit→sen 0.3 2sn [ayna_sifati]";;;"yol=govde|sekil=sphere|dogar=sende|temas=tek|gecir=normal|ayna|govdeye_bagli || deger:hasar_buff>dost[] ; deger:hasar_buff>dusman[ters_kopya] ; yon:yansit>kendin[ayna_sifati]"
8-11;Güçlendirme;Kopya;Kalkan;evet;Çift;kalkan gövdesi → küre 2m, sende (gövdene bağlı, 2 kez (kopya)). Etkiler: hasar_buff→dost 0.2 3sn [iki_kez];;;yol=govde|sekil=sphere|dogar=sende|temas=tek|gecir=normal|cogul|govdeye_bagli || deger:hasar_buff>dost[iki_kez]
8-12;Güçlendirme;Akan;Kalkan;evet;Akış;kalkan gövdesi → küre 2m, sende (gövdene bağlı, sürekli akar, tik tik). Etkiler: hasar_buff→dost 0.14 3sn [akis];;;yol=govde|sekil=sphere|dogar=sende|temas=tik|gecir=normal|govdeye_bagli|surekli || deger:hasar_buff>dost[akis]
9-1;Arındırma;Yoğun;Kalkan;hayir;Sert;"kalkan gövdesi → küre 1.4m, sende (gövdene bağlı, tek hedef, uyumsuz silah). Etkiler: durum_sil→dost 1 [guclu]; mermi_sil→düşman mermisi [delici]";;;"yol=govde|sekil=sphere|dogar=sende|temas=tek|gecir=normal|govdeye_bagli|tek_hedef || varlik:durum_sil>dost[guclu] ; varlik:mermi_sil>dusman_nesnesi[delici]"
9-2;Arındırma;Emici;Kalkan;hayir;Durum aktarma;"kalkan gövdesi → küre 2.5m, sende (gövdene bağlı, uyumsuz silah). Etkiler: durum_aktar→dost 1; mermi_sil→düşman mermisi [yut]; durum_ekle→düşman 1 [aktarim]";;;"yol=govde|sekil=sphere|dogar=sende|temas=tek|gecir=normal|govdeye_bagli || varlik:durum_aktar>dost[] ; varlik:durum_ekle>dusman[aktarim] ; varlik:mermi_sil>dusman_nesnesi[yut]"
9-3;Arındırma;Sıçrayan;Kalkan;hayir;Seken;"kalkan gövdesi → küre 2.8m, sende (gövdene bağlı, 2 kez seker, uyumsuz silah). Etkiler: durum_sil→dost 1 [dosttan_dosta]; mermi_sil→düşman mermisi [seker]";;;"yol=govde|sekil=sphere|dogar=sende|temas=tek|gecir=normal|seker|govdeye_bagli || varlik:durum_sil>dost[dosttan_dosta] ; varlik:mermi_sil>dusman_nesnesi[seker]"
9-4;Arındırma;Sabit;Kalkan;hayir;Mermi kesen engel, Arınma alanı;"kalkan gövdesi → küre 2.5m, sende (yerinde çapalı, uyumsuz silah). Etkiler: durum_sil→dost 1 [arinma_alani]; mermi_sil→düşman mermisi [engel]";çapalı > gövdeye bağlı: yerinde bırakıldı;;"yol=govde|sekil=sphere|dogar=sende|temas=tek|gecir=normal|capali || varlik:durum_sil>dost[arinma_alani] ; varlik:mermi_sil>dusman_nesnesi[engel]"
9-5;Arındırma;Yayılan;Kalkan;hayir;Dalga;"kalkan gövdesi → küre 4.5m, sende (dışa büyür, gövdene bağlı, cephe geçerken, uyumsuz silah). Etkiler: durum_sil→dost 1 [alan]; mermi_sil→düşman mermisi [alan]";;;"yol=govde|sekil=sphere|dogar=sende|temas=cephe|gecir=normal|genisler|govdeye_bagli || varlik:durum_sil>dost[alan] ; varlik:mermi_sil>dusman_nesnesi[alan]"
9-6;Arındırma;Bağlayıcı;Kalkan;hayir;Bağışıklık bağı, Bağ;"kalkan gövdesi → bağ 2.5m, sende (sen↔hedef bağı, gövdene bağlı, tik tik, uyumsuz silah). Etkiler: durum_sil→dost 1 [bag_bagisiklik]; mermi_sil→düşman mermisi [bag_hatti]";;;"yol=govde|sekil=bag|dogar=sende|temas=tik|gecir=normal|bag|govdeye_bagli || varlik:durum_sil>dost[bag_bagisiklik] ; varlik:mermi_sil>dusman_nesnesi[bag_hatti]"
9-7;Arındırma;Bulandırıcı;Kalkan;hayir;Sis;"kalkan gövdesi → bulut 2.5m, sende (sis hacmi, gövdene bağlı, tik tik, uyumsuz silah). Etkiler: durum_sil→dost 1 [gizli]; mermi_sil→düşman mermisi [sis_perdesi]; gizlen→dost 4sn [bulut_ici]; kor→düşman 0.3 4sn [bulut_ici]";;;"yol=govde|sekil=bulut|dogar=sende|temas=tik|gecir=normal|bulut|govdeye_bagli || gorunurluk:gizlen>dost[bulut_ici] ; gorunurluk:kor>dusman[bulut_ici] ; varlik:durum_sil>dost[gizli] ; varlik:mermi_sil>dusman_nesnesi[sis_perdesi]"
9-8;Arındırma;Yükselen;Kalkan;hayir;Arınıp güçlenme, Yükselen;"kalkan gövdesi → küre 2.5m, sende (yerden yükselir, gövdene bağlı, gücü artar, uyumsuz silah). Etkiler: durum_sil→dost 1 [guce_cevir]; mermi_sil→düşman mermisi [yukselen_perde]; hasar_buff→sen 0.1 3sn [yukselen]";;;"yol=govde|sekil=sphere|dogar=sende|temas=tek|gecir=normal|dikey|govdeye_bagli|rampa || deger:hasar_buff>kendin[yukselen] ; varlik:durum_sil>dost[guce_cevir] ; varlik:mermi_sil>dusman_nesnesi[yukselen_perde]"
9-9;Arındırma;Odaklı;Kalkan;hayir;Tam arındırma, Güdümlü;"kalkan gövdesi → küre 2.5m, sende (hedefe kilitli, gövdene bağlı, tek hedef, uyumsuz silah). Etkiler: durum_sil→dost 99 [tumunu_sil]; mermi_sil→düşman mermisi [hedefli]";;;"yol=govde|sekil=sphere|dogar=sende|temas=tek|gecir=normal|gudum|govdeye_bagli|tek_hedef || varlik:durum_sil>dost[tumunu_sil] ; varlik:mermi_sil>dusman_nesnesi[hedefli]"
9-10;Arındırma;Aynalı;Kalkan;hayir;Buff silme, Mermi geri gönderme, Ayna eşli;"kalkan gövdesi → küre 2.5m, sende (karşı noktada eşi, gövdene bağlı, uyumsuz silah). Etkiler: iyi_durum_sil→düşman 1 [ters_hedef]; mermi_sil→düşman mermisi [geri_gonder]; yansit→sen 0.3 2sn [ayna_sifati]";;;"yol=govde|sekil=sphere|dogar=sende|temas=tek|gecir=normal|ayna|govdeye_bagli || varlik:iyi_durum_sil>dusman[ters_hedef] ; varlik:mermi_sil>dusman_nesnesi[geri_gonder] ; yon:yansit>kendin[ayna_sifati]"
9-11;Arındırma;Kopya;Kalkan;hayir;Çift;"kalkan gövdesi → küre 2.5m, sende (gövdene bağlı, 2 kez (kopya), uyumsuz silah). Etkiler: durum_sil→dost 1 [iki_kez]; mermi_sil→düşman mermisi [iki_kez]";;;"yol=govde|sekil=sphere|dogar=sende|temas=tek|gecir=normal|cogul|govdeye_bagli || varlik:durum_sil>dost[iki_kez] ; varlik:mermi_sil>dusman_nesnesi[iki_kez]"
9-12;Arındırma;Akan;Kalkan;hayir;Akış;"kalkan gövdesi → küre 2.5m, sende (gövdene bağlı, sürekli akar, tik tik, uyumsuz silah). Etkiler: durum_sil→dost 1 [aura]; mermi_sil→düşman mermisi [surekli_perde]";;;"yol=govde|sekil=sphere|dogar=sende|temas=tik|gecir=normal|govdeye_bagli|surekli || varlik:durum_sil>dost[aura] ; varlik:mermi_sil>dusman_nesnesi[surekli_perde]"
10-1;Yansıma;Yoğun;Kalkan;evet;Sert;kalkan gövdesi → küre 0.8m, sende (gövdene bağlı, tek hedef). Etkiler: yansit→sen 0.68 1sn [sert,silahla:govde];;;yol=govde|sekil=sphere|dogar=sende|temas=tek|gecir=normal|govdeye_bagli|tek_hedef || yon:yansit>kendin[sert,silahla:govde]
10-2;Yansıma;Emici;Kalkan;evet;Hasar emme;"kalkan gövdesi → küre 1.5m, sende (gövdene bağlı). Etkiler: yansit→sen 0.5 2sn [silahla:govde]; em→sen 0.5 2sn [cana_cevir]; mermi_sil→düşman mermisi [yut]";;;"yol=govde|sekil=sphere|dogar=sende|temas=tek|gecir=normal|govdeye_bagli || deger:em>kendin[cana_cevir] ; varlik:mermi_sil>dusman_nesnesi[yut] ; yon:yansit>kendin[silahla:govde]"
10-3;Yansıma;Sıçrayan;Kalkan;evet;Seken;kalkan gövdesi → küre 1.7m, sende (gövdene bağlı, 2 kez seker). Etkiler: yansit→sen 0.5 2sn [seker,silahla:govde];;;yol=govde|sekil=sphere|dogar=sende|temas=tek|gecir=normal|seker|govdeye_bagli || yon:yansit>kendin[seker,silahla:govde]
10-4;Yansıma;Sabit;Kalkan;evet;Ayna yüzey;kalkan gövdesi → küre 1.5m, sende (yerinde çapalı). Etkiler: yansit→sen 0.5 2sn [ayna_yuzey,silahla:govde];çapalı > gövdeye bağlı: yerinde bırakıldı;;yol=govde|sekil=sphere|dogar=sende|temas=tek|gecir=normal|capali || yon:yansit>kendin[ayna_yuzey,silahla:govde]
10-5;Yansıma;Yayılan;Kalkan;evet;Dalga;kalkan gövdesi → küre 2.7m, sende (dışa büyür, gövdene bağlı, cephe geçerken). Etkiler: yansit→sen 0.5 2sn [aura,silahla:govde];;;yol=govde|sekil=sphere|dogar=sende|temas=cephe|gecir=normal|genisler|govdeye_bagli || yon:yansit>kendin[aura,silahla:govde]
10-6;Yansıma;Bağlayıcı;Kalkan;evet;Hasar yönlendirme, Bağ;"kalkan gövdesi → bağ 1.5m, sende (sen↔hedef bağı, gövdene bağlı, tik tik). Etkiler: yonlendir→düşman 0.5 2sn [bag,silahla:govde]; hareket→düşman 1.5sn [bag_ucu]; hareket→düşman 0.7 2sn [bag_ucu,yavas]";;;"yol=govde|sekil=bag|dogar=sende|temas=tik|gecir=normal|bag|govdeye_bagli || hiz:hareket>dusman[bag_ucu,yavas] ; hiz:hareket>dusman[bag_ucu] ; yon:yonlendir>dusman[bag,silahla:govde]"
10-7;Yansıma;Bulandırıcı;Kalkan;evet;Sis;"kalkan gövdesi → bulut 1.5m, sende (sis hacmi, gövdene bağlı, tik tik). Etkiler: yansit→sen 0.5 2sn [gizli,silahla:govde]; gizlen→dost 5sn [bulut_ici]; kor→düşman 0.3 5sn [bulut_ici]";;;"yol=govde|sekil=bulut|dogar=sende|temas=tik|gecir=normal|bulut|govdeye_bagli || gorunurluk:gizlen>dost[bulut_ici] ; gorunurluk:kor>dusman[bulut_ici] ; yon:yansit>kendin[gizli,silahla:govde]"
10-8;Yansıma;Yükselen;Kalkan;evet;Yükselen;"kalkan gövdesi → küre 1.5m, sende (yerden yükselir, gövdene bağlı, gücü artar). Etkiler: yansit→sen 0.5 2sn [artan_oran,silahla:govde]; hasar_buff→sen 0.1 3sn [yukselen]";;;"yol=govde|sekil=sphere|dogar=sende|temas=tek|gecir=normal|dikey|govdeye_bagli|rampa || deger:hasar_buff>kendin[yukselen] ; yon:yansit>kendin[artan_oran,silahla:govde]"
10-9;Yansıma;Odaklı;Kalkan;evet;Kusursuz savuşturma, Güdümlü;kalkan gövdesi → küre 1.5m, sende (hedefe kilitli, gövdene bağlı, tek hedef). Etkiler: yansit→sen 1 2sn [savusturma,silahla:govde];;;yol=govde|sekil=sphere|dogar=sende|temas=tek|gecir=normal|gudum|govdeye_bagli|tek_hedef || yon:yansit>kendin[savusturma,silahla:govde]
10-10;Yansıma;Aynalı;Kalkan;evet;Bölünen yansıma, Ayna eşli;"kalkan gövdesi → küre 1.5m, sende (karşı noktada eşi, gövdene bağlı). Etkiler: yansit→sen 0.5 2sn [bolunen,silahla:govde]; yansit→sen 0.3 2sn [ayna_sifati]";;;"yol=govde|sekil=sphere|dogar=sende|temas=tek|gecir=normal|ayna|govdeye_bagli || yon:yansit>kendin[ayna_sifati] ; yon:yansit>kendin[bolunen,silahla:govde]"
10-11;Yansıma;Kopya;Kalkan;evet;Çift;kalkan gövdesi → küre 1.5m, sende (gövdene bağlı, 2 kez (kopya)). Etkiler: yansit→sen 0.5 2sn [iki_kez,silahla:govde];;;yol=govde|sekil=sphere|dogar=sende|temas=tek|gecir=normal|cogul|govdeye_bagli || yon:yansit>kendin[iki_kez,silahla:govde]
10-12;Yansıma;Akan;Kalkan;evet;Akış;kalkan gövdesi → küre 1.5m, sende (gövdene bağlı, sürekli akar, tik tik). Etkiler: yansit→sen 0.5 3sn [silahla:govde,surekli];;;yol=govde|sekil=sphere|dogar=sende|temas=tik|gecir=normal|govdeye_bagli|surekli || yon:yansit>kendin[silahla:govde,surekli]
11-1;Çağırma;Yoğun;Kalkan;hayir;Sert;kalkan gövdesi → nokta 0.6m, sende (gövdene bağlı, tek hedef, uyumsuz silah). Etkiler: aktor_yarat→sen 1 2.5sn [guclu,silahla:govde];;;yol=govde|sekil=point|dogar=sende|temas=tek|gecir=normal|govdeye_bagli|tek_hedef || varlik:aktor_yarat>kendin[guclu,silahla:govde]
11-2;Çağırma;Emici;Kalkan;hayir;Can emen minyon;"kalkan gövdesi → nokta 1m, sende (gövdene bağlı, uyumsuz silah). Etkiler: aktor_yarat→sen 1 5sn [can_emen,silahla:govde]; mermi_sil→düşman mermisi [yut]";;;"yol=govde|sekil=point|dogar=sende|temas=tek|gecir=normal|govdeye_bagli || varlik:aktor_yarat>kendin[can_emen,silahla:govde] ; varlik:mermi_sil>dusman_nesnesi[yut]"
11-3;Çağırma;Sıçrayan;Kalkan;hayir;Zıplayan minyon, Seken;kalkan gövdesi → nokta 1.1m, sende (gövdene bağlı, 2 kez seker, uyumsuz silah). Etkiler: aktor_yarat→sen 1 5sn [silahla:govde,ziplayan];;;yol=govde|sekil=point|dogar=sende|temas=tek|gecir=normal|seker|govdeye_bagli || varlik:aktor_yarat>kendin[silahla:govde,ziplayan]
11-4;Çağırma;Sabit;Kalkan;hayir;Taret;kalkan gövdesi → nokta 1m, sende (yerinde çapalı, uyumsuz silah). Etkiler: aktor_yarat→sen 1 5sn [silahla:govde,taret];çapalı > gövdeye bağlı: yerinde bırakıldı;;yol=govde|sekil=point|dogar=sende|temas=tek|gecir=normal|capali || varlik:aktor_yarat>kendin[silahla:govde,taret]
11-5;Çağırma;Yayılan;Kalkan;hayir;Minyon halkası, Dalga;kalkan gövdesi → nokta 1.8m, sende (dışa büyür, gövdene bağlı, cephe geçerken, uyumsuz silah). Etkiler: aktor_yarat→sen 3 5sn [halka,silahla:govde];;;yol=govde|sekil=point|dogar=sende|temas=cephe|gecir=normal|genisler|govdeye_bagli || varlik:aktor_yarat>kendin[halka,silahla:govde]
11-6;Çağırma;Bağlayıcı;Kalkan;hayir;Muhafız, Bağ;kalkan gövdesi → bağ 1m, sende (sen↔hedef bağı, gövdene bağlı, tik tik, uyumsuz silah). Etkiler: aktor_yarat→sen 1 5sn [bagli_muhafiz,silahla:govde];;;yol=govde|sekil=bag|dogar=sende|temas=tik|gecir=normal|bag|govdeye_bagli || varlik:aktor_yarat>kendin[bagli_muhafiz,silahla:govde]
11-7;Çağırma;Bulandırıcı;Kalkan;hayir;Görünmez minyon, Sis;"kalkan gövdesi → bulut 1m, sende (sis hacmi, gövdene bağlı, tik tik, uyumsuz silah). Etkiler: aktor_yarat→sen 1 5sn [gorunmez,silahla:govde]; gizlen→dost 4sn [bulut_ici]; kor→düşman 0.3 4sn [bulut_ici]";;;"yol=govde|sekil=bulut|dogar=sende|temas=tik|gecir=normal|bulut|govdeye_bagli || gorunurluk:gizlen>dost[bulut_ici] ; gorunurluk:kor>dusman[bulut_ici] ; varlik:aktor_yarat>kendin[gorunmez,silahla:govde]"
11-8;Çağırma;Yükselen;Kalkan;hayir;Yükselen;"kalkan gövdesi → nokta 1m, sende (yerden yükselir, gövdene bağlı, gücü artar, uyumsuz silah). Etkiler: aktor_yarat→sen 1 5sn [buyuyen,silahla:govde]; hasar_buff→sen 0.1 3sn [yukselen]";;;"yol=govde|sekil=point|dogar=sende|temas=tek|gecir=normal|dikey|govdeye_bagli|rampa || deger:hasar_buff>kendin[yukselen] ; varlik:aktor_yarat>kendin[buyuyen,silahla:govde]"
11-9;Çağırma;Odaklı;Kalkan;hayir;Suikastçı minyon, Güdümlü;kalkan gövdesi → nokta 1m, sende (hedefe kilitli, gövdene bağlı, tek hedef, uyumsuz silah). Etkiler: aktor_yarat→sen 1 5sn [silahla:govde,suikastci];;;yol=govde|sekil=point|dogar=sende|temas=tek|gecir=normal|gudum|govdeye_bagli|tek_hedef || varlik:aktor_yarat>kendin[silahla:govde,suikastci]
11-10;Çağırma;Aynalı;Kalkan;hayir;Ayna klon, Ayna eşli;"kalkan gövdesi → nokta 1m, sende (karşı noktada eşi, gövdene bağlı, uyumsuz silah). Etkiler: aktor_yarat→sen 1 5sn [ayna_klon,silahla:govde]; yansit→sen 0.3 2sn [ayna_sifati]";;;"yol=govde|sekil=point|dogar=sende|temas=tek|gecir=normal|ayna|govdeye_bagli || varlik:aktor_yarat>kendin[ayna_klon,silahla:govde] ; yon:yansit>kendin[ayna_sifati]"
11-11;Çağırma;Kopya;Kalkan;hayir;Klon, Çift;kalkan gövdesi → nokta 1m, sende (gövdene bağlı, 2 kez (kopya), uyumsuz silah). Etkiler: klon→sen 1 5sn [senin_kopyan,silahla:govde];;;yol=govde|sekil=point|dogar=sende|temas=tek|gecir=normal|cogul|govdeye_bagli || varlik:klon>kendin[senin_kopyan,silahla:govde]
11-12;Çağırma;Akan;Kalkan;hayir;Akış;kalkan gövdesi → nokta 1m, sende (gövdene bağlı, sürekli akar, tik tik, uyumsuz silah). Etkiler: aktor_yarat→sen 3 5sn [akis,silahla:govde];;;yol=govde|sekil=point|dogar=sende|temas=tik|gecir=normal|govdeye_bagli|surekli || varlik:aktor_yarat>kendin[akis,silahla:govde]
12-1;Zaman;Yoğun;Kalkan;hayir;Delici;kalkan gövdesi → silindir 2.2m, sende (delip geçer, gövdene bağlı, uyumsuz silah). Etkiler: tempo→düşman 0.3 0.5sn [sert];;;yol=govde|sekil=cylinder|dogar=sende|temas=tek|gecir=delici|govdeye_bagli || hiz:tempo>dusman[sert]
12-2;Zaman;Emici;Kalkan;hayir;Zaman çalma;"kalkan gövdesi → silindir 4m, sende (gövdene bağlı, uyumsuz silah). Etkiler: tempo→düşman 0.7 1sn; tempo→sen 1.3 1sn [aktarim]; mermi_sil→düşman mermisi [yut]";;;"yol=govde|sekil=cylinder|dogar=sende|temas=tek|gecir=normal|govdeye_bagli || hiz:tempo>dusman[] ; hiz:tempo>kendin[aktarim] ; varlik:mermi_sil>dusman_nesnesi[yut]"
12-3;Zaman;Sıçrayan;Kalkan;hayir;Seken;kalkan gövdesi → silindir 4.4m, sende (gövdene bağlı, 2 kez seker, uyumsuz silah). Etkiler: tempo→düşman 0.7 1sn [seker];;;yol=govde|sekil=cylinder|dogar=sende|temas=tek|gecir=normal|seker|govdeye_bagli || hiz:tempo>dusman[seker]
12-4;Zaman;Sabit;Kalkan;hayir;Dondurma;kalkan gövdesi → silindir 4m, sende (yerinde çapalı, uyumsuz silah). Etkiler: tempo→düşman 1sn [dondur];çapalı > gövdeye bağlı: yerinde bırakıldı;;yol=govde|sekil=cylinder|dogar=sende|temas=tek|gecir=normal|capali || hiz:tempo>dusman[dondur]
12-5;Zaman;Yayılan;Kalkan;hayir;Dalga;kalkan gövdesi → silindir 7.2m, sende (dışa büyür, gövdene bağlı, cephe geçerken, uyumsuz silah). Etkiler: tempo→düşman 0.7 1sn [dalga];;;yol=govde|sekil=cylinder|dogar=sende|temas=cephe|gecir=normal|genisler|govdeye_bagli || hiz:tempo>dusman[dalga]
12-6;Zaman;Bağlayıcı;Kalkan;hayir;Zaman senkronu, Bağ;"kalkan gövdesi → bağ 4m, sende (sen↔hedef bağı, gövdene bağlı, tik tik, uyumsuz silah). Etkiler: tempo→düşman 0.7 1sn [senkron]; hareket→düşman 1.5sn [bag_ucu]; hareket→düşman 0.7 1.5sn [bag_ucu,yavas]";;;"yol=govde|sekil=bag|dogar=sende|temas=tik|gecir=normal|bag|govdeye_bagli || hiz:hareket>dusman[bag_ucu,yavas] ; hiz:hareket>dusman[bag_ucu] ; hiz:tempo>dusman[senkron]"
12-7;Zaman;Bulandırıcı;Kalkan;hayir;Titreyen zaman, Sis;"kalkan gövdesi → bulut 4m, sende (sis hacmi, gövdene bağlı, tik tik, uyumsuz silah). Etkiler: tempo→düşman 0.7 1sn [titrer]; gizlen→dost 4sn [bulut_ici]; kor→düşman 0.3 4sn [bulut_ici]";;;"yol=govde|sekil=bulut|dogar=sende|temas=tik|gecir=normal|bulut|govdeye_bagli || gorunurluk:gizlen>dost[bulut_ici] ; gorunurluk:kor>dusman[bulut_ici] ; hiz:tempo>dusman[titrer]"
12-8;Zaman;Yükselen;Kalkan;hayir;Hızlanma, Yükselen;"kalkan gövdesi → silindir 4m, sende (yerden yükselir, gövdene bağlı, gücü artar, uyumsuz silah). Etkiler: tempo→sen 1.3 1sn [hizlanma]; hasar_buff→sen 0.1 3sn [yukselen]";;;"yol=govde|sekil=cylinder|dogar=sende|temas=tek|gecir=normal|dikey|govdeye_bagli|rampa || deger:hasar_buff>kendin[yukselen] ; hiz:tempo>kendin[hizlanma]"
12-9;Zaman;Odaklı;Kalkan;hayir;Gecikmeli an, Güdümlü;kalkan gövdesi → silindir 4m, sende (hedefe kilitli, gövdene bağlı, tek hedef, uyumsuz silah). Etkiler: tempo→düşman 0.7 1sn [isaretli_an];;;yol=govde|sekil=cylinder|dogar=sende|temas=tek|gecir=normal|gudum|govdeye_bagli|tek_hedef || hiz:tempo>dusman[isaretli_an]
12-10;Zaman;Aynalı;Kalkan;hayir;Geri sarma, Ayna eşli;"kalkan gövdesi → silindir 4m, sende (karşı noktada eşi, gövdene bağlı, uyumsuz silah). Etkiler: geri_sar→düşman 2 1sn [geri_sarma]; yansit→sen 0.3 2sn [ayna_sifati]";;;"yol=govde|sekil=cylinder|dogar=sende|temas=tek|gecir=normal|ayna|govdeye_bagli || hiz:geri_sar>dusman[geri_sarma] ; yon:yansit>kendin[ayna_sifati]"
12-11;Zaman;Kopya;Kalkan;hayir;Yankı, Çift;"kalkan gövdesi → silindir 4m, sende (gövdene bağlı, 2 kez (kopya), uyumsuz silah). Etkiler: tempo→düşman 0.7 1sn [iki_kez]; onceki_skill_tekrar→sen 1 [yanki]";;;"yol=govde|sekil=cylinder|dogar=sende|temas=tek|gecir=normal|cogul|govdeye_bagli || hiz:tempo>dusman[iki_kez] ; varlik:onceki_skill_tekrar>kendin[yanki]"
12-12;Zaman;Akan;Kalkan;hayir;Zaman alanı, Akış;"kalkan gövdesi → silindir 4m, sende (gövdene bağlı, sürekli akar, tik tik, uyumsuz silah). Etkiler: tempo→düşman 0.7 3sn [zaman_alani]; tempo→dost 1.3 3sn [zaman_alani]";;;"yol=govde|sekil=cylinder|dogar=sende|temas=tik|gecir=normal|govdeye_bagli|surekli || hiz:tempo>dost[zaman_alani] ; hiz:tempo>dusman[zaman_alani]"
