# rock_face_02 (Poly Haven, CC0) decimated 29566->3999 tris for mobile; origin = base centre
v 1.0677 1.0031 0.2439
v 1.0560 0.9684 0.2636
v 1.0235 1.1565 0.1777
v 0.9633 1.0632 0.1721
v 0.9889 1.0490 0.2006
v 1.0321 1.1094 0.1992
v 1.0817 1.1064 0.1963
v 1.0681 1.0763 0.2203
v 1.0785 1.1576 0.1721
v 1.0043 0.9857 0.2207
v 0.9441 1.1268 0.1810
v 1.1212 0.9490 0.1251
v 1.0598 1.0328 0.2324
v 0.9955 0.9310 0.3822
v 1.0204 0.9330 0.3375
v 0.9747 0.7422 0.5866
v 0.9337 0.8253 0.4572
v 0.9551 0.8170 0.4707
v 0.9656 0.7773 0.4580
v 0.9744 0.8497 0.4459
v 1.1025 0.7171 0.1947
v 1.0526 0.7610 0.3131
v 1.0472 0.7179 0.2629
v 1.0886 0.8407 0.2075
v 1.0744 0.9304 0.2089
v 1.0693 0.7622 0.2640
v 1.0993 0.7710 0.1873
v 1.0639 0.6880 0.3060
v 1.0294 0.9675 0.2986
v 1.0295 0.9484 0.3099
v 0.9293 0.9791 0.1898
v 1.0080 0.8369 0.3808
v 0.7803 0.8819 0.3283
v 0.8598 0.9804 0.1578
v 0.9836 0.6276 0.4797
v 0.9361 0.6325 0.4901
v 1.0135 0.5919 0.5159
v 0.9591 0.7325 0.4815
v 0.9411 0.7287 0.4966
v 0.9747 0.6781 0.3923
v 0.9842 0.6489 0.4452
v 1.0087 0.7145 0.3984
v 0.9665 0.6879 0.4207
v 0.9817 0.6989 0.3880
v 1.0231 0.6902 0.3574
v 0.9355 0.6682 0.4724
v 0.9317 0.6960 0.4664
v 0.9096 0.6586 0.5004
v 1.0331 0.6488 0.3618
v 1.0158 0.6770 0.3061
v 1.0014 0.5826 0.4271
v 0.9686 0.7021 0.4415
v 0.8373 0.8450 0.3607
v 0.9286 0.8420 0.5061
v 0.8383 0.8602 0.4026
v 0.8654 0.8420 0.3697
v 0.8914 0.8210 0.4223
v 0.8121 0.7071 0.5877
v 0.8435 0.8959 0.3371
v 0.8221 0.6560 0.6743
v 0.8321 0.5911 0.6239
v 0.8583 0.6138 0.5820
v 0.8693 0.6401 0.6530
v 0.8972 0.6805 0.6670
v 0.8040 0.5693 0.6411
v 0.8988 0.6155 0.5625
v 0.8357 0.6815 0.6480
v 0.7952 0.6045 0.6756
v 0.8361 0.6245 0.6800
v 0.7980 0.5849 0.6604
v 0.8036 0.6294 0.6890
v 0.9575 0.7121 0.5499
v 0.9498 0.6709 0.5962
v 0.8877 0.6646 0.6511
v 0.9534 0.6957 0.6336
v 0.9436 0.7106 0.6369
v 1.0196 0.5606 0.5503
v 0.9752 0.5947 0.5211
v 0.9631 0.5835 0.5590
v 0.9520 0.7987 0.4835
v 0.9560 0.7552 0.5904
v 1.2682 0.9042 -0.1641
v 1.2446 0.8571 -0.0884
v 1.2400 0.9677 -0.1119
v 1.2397 1.0243 -0.0740
v 1.2603 1.1389 -0.2066
v 1.2771 1.1047 -0.2569
v 1.2300 0.9980 -0.0673
v 1.2104 1.0394 -0.0618
v 1.2679 1.0165 -0.2133
v 1.2441 1.0251 -0.1246
v 1.1005 0.9768 0.0937
v 1.2062 0.9661 -0.0415
v 1.1859 1.1320 -0.0590
v 1.1285 1.0497 0.1069
v 1.1202 1.1003 0.1320
v 1.1330 1.0019 0.0523
v 1.1733 0.5784 0.0848
v 1.1819 0.5930 0.0734
v 1.1800 0.5892 0.0728
v 1.2109 0.6659 -0.0006
v 1.2257 0.6916 -0.0307
v 1.2238 0.6872 -0.0267
v 1.1959 0.7096 0.0160
v 1.1742 0.8221 0.0347
v 1.2412 0.7199 -0.0668
v 0.8768 1.0539 0.1377
v 0.8033 0.9998 0.1289
v 0.8528 1.1461 0.0834
v 1.2105 1.2143 -0.0525
v 1.2450 1.4576 -0.1219
v 1.1736 1.1968 -0.0386
v 1.1813 1.1924 -0.0922
v 1.1290 1.3180 -0.0571
v 1.2194 1.1826 -0.0769
v 1.3286 1.3916 -0.1886
v 1.2821 1.2829 -0.1503
v 1.2242 1.3450 -0.0615
v 1.3180 1.4147 -0.2059
v 1.1622 1.3969 -0.0428
v 1.2588 1.4053 -0.1560
v 1.3105 1.3590 -0.1412
v 1.2166 1.2879 -0.0904
v 1.1445 1.2839 -0.0665
v 1.1614 1.3074 -0.1121
v 1.1957 1.4383 -0.0988
v 1.3219 1.3602 -0.1317
v 1.3036 1.2964 -0.1295
v 1.2348 1.3016 -0.1954
v 1.2724 1.3267 -0.1777
v 1.3130 1.4240 -0.1633
v 1.3022 1.3214 -0.1229
v 1.2696 1.3550 -0.1539
v 1.2203 1.3577 -0.0319
v 1.1611 1.5835 -0.0917
v 1.2420 1.5825 -0.1186
v 1.1702 1.5530 -0.1181
v 1.1606 1.6193 -0.1370
v 1.1908 1.6419 -0.1179
v 1.1071 1.6231 -0.0884
v 1.1014 1.5850 -0.0834
v 1.2976 1.6253 -0.1841
v 1.3076 1.5658 -0.1935
v 1.2319 1.2307 -0.1132
v 1.3168 1.3471 -0.1257
v 1.3330 1.4330 -0.2409
v 1.2555 1.4572 -0.1560
v 1.1969 1.3857 -0.0560
v 1.2221 1.4065 -0.0882
v 1.2299 1.5595 -0.1674
v 1.2826 1.6004 -0.1325
v 1.1586 1.7280 -0.2157
v 1.1091 1.6699 -0.1320
v 1.1271 1.7332 -0.1675
v 1.2343 1.6852 -0.1854
v 1.1952 1.6899 -0.0809
v 1.2312 1.6828 -0.0991
v 1.2565 1.7196 -0.1319
v 1.2944 1.6591 -0.1472
v 1.2936 1.5080 -0.1090
v 1.2990 1.3806 -0.1249
v 1.2013 1.6092 -0.1219
v 1.3096 1.4964 -0.1756
v 1.3249 1.5541 -0.2589
v 1.3160 1.3741 -0.1560
v 1.3156 1.6430 -0.2907
v 1.2443 1.3832 -0.1109
v 1.2235 1.3284 -0.1153
v 1.2380 1.3398 -0.1513
v 0.8863 1.7188 -0.1385
v 1.0957 1.1610 0.1314
v 1.0991 0.9696 0.1810
v 1.1163 1.2226 0.0654
v 1.1349 1.1931 0.0378
v 1.1271 1.2489 -0.0048
v 1.1374 1.4659 -0.0579
v 1.1654 1.3547 -0.0072
v 1.1463 1.1207 0.0253
v 1.1358 1.2919 -0.0151
v 1.2175 1.4717 -0.1249
v 1.1061 1.2895 0.0236
v 1.1278 1.1571 0.0941
v 1.1229 1.2268 0.0339
v 1.1215 1.3331 0.0817
v 1.1394 1.3552 0.0090
v 1.1531 1.1733 -0.0235
v 1.1475 1.3755 0.0156
v 1.1825 1.2163 0.0063
v 1.1989 1.2584 -0.0166
v 1.0837 1.3295 -0.0015
v 0.7709 1.3140 0.0723
v 0.8383 1.3263 0.0916
v 0.8723 1.3069 0.1023
v 0.9094 1.3725 0.1078
v 0.8893 1.3050 0.0658
v 0.8669 1.4230 0.0092
v 1.0839 1.3902 0.0664
v 1.0862 1.4399 0.0123
v 0.9555 1.3521 0.0962
v 0.9856 1.2708 0.0627
v 1.0814 1.3292 0.1452
v 0.7952 1.3974 0.0274
v 1.0930 1.3187 0.0960
v 1.0660 1.2976 0.1260
v 1.0550 1.3076 0.1319
v 0.9300 1.3905 0.0835
v 0.9951 1.4099 0.0664
v 1.0163 1.6478 -0.0431
v 0.9533 1.4713 0.0038
v 0.9629 1.5495 -0.0086
v 1.0248 1.4794 -0.0321
v 0.9935 1.5102 -0.0244
v 0.9575 1.6048 -0.0127
v 1.0847 1.7248 -0.1378
v 1.0581 1.6014 -0.0398
v 1.0959 1.6565 -0.0993
v 1.0694 1.6863 -0.0832
v 1.0617 1.5645 -0.0319
v 1.0889 1.5298 -0.0794
v 1.0213 1.4979 -0.0633
v 1.0336 1.5826 -0.0107
v 1.0835 1.5397 -0.0506
v 1.0416 1.6225 -0.0075
v 0.9503 1.5185 -0.0080
v 0.7793 1.5799 -0.0189
v 0.8559 1.6985 -0.1075
v 0.8232 1.6995 -0.0969
v 0.8386 1.7316 -0.1300
v 0.8071 1.6325 -0.0089
v 0.7966 1.6615 -0.0639
v 0.8421 1.6804 -0.0899
v 0.8112 1.4677 -0.0586
v 0.8082 1.4933 0.0127
v 0.8021 1.4990 0.0466
v 0.8172 1.4738 -0.0080
v 0.9562 1.6966 -0.1409
v 0.7714 1.5940 -0.0083
v 0.7985 1.6177 -0.0301
v 0.8571 1.4516 -0.0059
v 0.9008 1.6845 -0.1046
v 0.7992 1.5371 -0.0212
v 0.8678 1.5386 0.0010
v 0.9077 1.7227 -0.1653
v 0.9129 1.6296 -0.0410
v 0.8024 1.6434 0.0392
v 0.8162 1.6413 -0.0482
v 0.7970 1.6065 0.0360
v 0.8280 1.6426 -0.0359
v 0.8649 1.6591 -0.0758
v 0.8894 1.5867 -0.0153
v 0.9094 1.5039 -0.0061
v 0.8906 1.5369 -0.0156
v 0.8237 1.7522 -0.1566
v 1.0696 1.2296 0.0606
v 1.0021 1.2001 0.0563
v 0.8751 1.2351 0.0680
v 1.0386 1.2867 0.1227
v 1.1189 1.1990 0.0845
v 1.0063 1.2327 0.0769
v 0.7985 1.1912 0.0430
v 1.0669 1.3014 0.0664
v 1.0009 1.1449 0.1444
v 0.8532 1.2576 0.0944
v 0.9248 1.1342 0.1216
v 0.9069 1.1921 0.0691
v 0.7720 1.2041 0.0719
v 0.8809 1.2633 0.0743
v 0.9776 1.2991 0.1235
v 0.8298 1.2294 0.1247
v 0.7901 1.2337 0.0927
v 0.9537 1.1865 0.0694
v 1.0007 1.2769 0.1387
v 0.8670 1.2668 0.1246
v 1.3055 1.6637 -0.3226
v 1.3101 1.7171 -0.2968
v 1.3077 1.6558 -0.3163
v 1.3086 1.6572 -0.3172
v 0.7807 0.9089 0.2666
v 0.9818 0.5449 0.4019
v 0.7825 1.5350 0.0057
v 0.5173 2.0239 -0.2679
v 0.4720 2.0373 -0.2453
v 0.5346 1.9698 -0.2816
v 0.5010 1.9878 -0.2548
v 0.5848 2.0925 -0.3489
v 0.5127 2.0611 -0.2582
v 0.5807 2.1120 -0.2711
v 0.6112 2.1320 -0.3176
v 0.6141 2.0950 -0.2422
v 0.5756 2.0057 -0.2757
v 0.5604 2.0079 -0.2757
v 0.5740 2.0452 -0.2700
v 0.4356 2.0045 -0.2186
v 0.4285 1.9660 -0.2317
v 0.5450 2.0632 -0.2600
v 0.4909 2.1389 -0.3603
v 0.5022 2.1291 -0.3481
v 0.4288 2.0688 -0.2747
v 0.4689 2.1546 -0.3932
v 0.4943 2.1484 -0.3866
v 0.5134 2.1408 -0.3838
v 0.4926 2.1516 -0.4098
v 0.5971 2.1735 -0.4073
v 0.4927 2.0723 -0.2370
v 0.5759 2.0850 -0.2619
v 0.4116 2.0262 -0.2407
v 0.5340 2.1011 -0.2660
v 0.3396 2.0268 -0.2951
v 0.4480 2.1103 -0.3214
v 0.5539 2.0943 -0.2580
v 0.4912 2.1141 -0.3226
v 0.2083 1.9616 -0.2791
v 0.3706 1.9623 -0.2162
v 0.4035 2.0805 -0.3083
v 0.3070 2.0710 -0.3657
v 0.1968 2.0253 -0.3766
v 0.3509 1.9956 -0.2389
v 0.2757 1.9554 -0.2620
v 0.3550 2.1410 -0.4191
v 0.2268 2.1719 -0.4734
v 0.2964 2.1401 -0.4238
v 0.5869 2.1856 -0.4500
v 0.3530 2.1876 -0.4639
v 0.3263 2.1984 -0.4938
v 0.4440 2.2102 -0.5327
v 0.5716 2.2171 -0.5008
v 0.3769 2.2155 -0.5128
v 0.3613 2.2648 -0.5704
v 0.4265 2.2018 -0.4775
v 0.4104 2.2524 -0.5528
v 0.1499 2.0803 -0.4333
v 0.4086 2.1762 -0.4493
v 0.4497 2.1878 -0.4541
v 0.3900 2.1967 -0.4633
v 0.4691 2.2104 -0.5114
v 0.4972 2.2039 -0.5012
v 0.5085 2.2193 -0.5399
v 0.2637 2.1981 -0.4845
v 0.3275 2.2397 -0.5444
v 0.2188 2.1077 -0.4067
v 0.2838 2.1115 -0.4250
v 0.4747 2.2515 -0.5587
v 0.5622 2.2639 -0.5947
v 0.5686 2.2390 -0.5675
v 0.5389 2.1729 -0.4302
v 0.5143 2.1838 -0.4397
v 0.4816 2.1653 -0.4286
v 0.5407 2.1968 -0.4658
v 0.5024 2.1664 -0.4205
v 0.4323 1.8460 -0.2279
v 0.4640 1.8615 -0.2326
v 0.4816 1.8063 -0.1714
v 0.5515 1.9000 -0.3055
v 0.5480 1.9314 -0.3084
v 0.4953 1.8363 -0.2351
v 0.5139 1.8725 -0.2571
v 0.4787 1.8871 -0.2464
v 0.4918 1.8701 -0.2441
v 0.6296 1.8678 -0.3020
v 0.4514 1.9085 -0.2109
v 0.4481 1.8683 -0.2041
v 0.5586 1.7615 -0.0447
v 0.4968 1.9098 -0.2323
v 0.4329 1.8233 -0.2075
v 0.5739 1.9599 -0.3010
v 0.4846 1.9542 -0.2337
v 0.5865 1.8668 -0.2688
v 0.5785 1.7525 -0.0788
v 0.6095 1.7620 -0.0813
v 0.5562 1.9272 -0.3287
v 0.5197 1.9106 -0.2569
v 0.5564 1.8522 -0.2425
v 0.5096 1.7463 -0.0543
v 0.5907 1.7554 -0.0248
v 0.5862 1.9301 -0.3719
v 0.5611 1.9516 -0.3597
v 0.6142 1.9777 -0.3685
v 0.2734 1.8839 -0.2425
v 0.3485 1.8798 -0.2118
v 0.2628 1.9231 -0.2583
v 0.3953 1.9202 -0.2091
v 0.3391 1.9190 -0.2086
v 0.3250 1.8266 -0.2064
v 0.2342 1.7894 -0.2484
v 0.3688 1.7949 -0.1822
v 0.2537 1.8400 -0.2318
v 0.3130 1.7995 -0.2101
v 0.2714 1.7840 -0.2204
v 0.2644 1.7930 -0.2102
v 0.1976 1.8592 -0.2544
v 0.3684 1.7631 -0.1728
v 0.2039 1.7663 -0.2517
v 0.1740 1.7696 -0.2572
v 0.4218 1.7817 -0.1456
v 0.3719 1.7307 -0.1131
v 0.4033 1.8332 -0.2320
v 0.3530 1.8105 -0.2165
v 0.2750 1.7465 -0.1969
v 0.0357 2.0914 -0.4583
v -0.0509 2.1457 -0.5196
v -0.2124 2.2099 -0.6165
v -0.1111 2.1281 -0.5414
v -0.1653 2.2270 -0.5916
v -0.1324 2.1422 -0.5463
v -0.0358 2.1186 -0.5114
v -0.0628 2.0586 -0.4774
v -0.1342 2.1123 -0.5450
v -0.1793 2.1008 -0.5672
v -0.1222 2.0845 -0.5438
v -0.1951 2.1773 -0.5896
v 0.0104 2.1903 -0.4980
v -0.0585 2.2517 -0.5516
v 0.0339 2.2688 -0.5292
v 0.1618 2.2190 -0.4796
v 0.0066 2.1639 -0.5081
v 0.0364 2.1665 -0.5084
v 0.0983 2.0838 -0.4493
v 0.2292 2.0790 -0.4198
v 0.0542 2.2318 -0.5104
v 0.0842 2.1754 -0.5035
v 0.1205 2.0739 -0.4679
v 0.1368 2.2459 -0.5070
v 0.1012 2.2311 -0.4980
v 0.2110 2.1998 -0.4824
v 0.1313 2.1886 -0.4743
v 0.1660 2.2712 -0.5076
v 0.1129 2.1476 -0.4564
v 0.1808 2.1806 -0.4677
v 0.0536 2.1859 -0.5101
v 0.0023 1.9966 -0.4244
v 0.0229 2.0557 -0.4762
v -0.1453 1.9815 -0.4817
v -0.1033 2.0243 -0.4996
v -0.2158 1.8405 -0.4244
v -0.0286 1.7927 -0.3360
v -0.0926 1.8585 -0.3880
v -0.1017 1.7620 -0.3595
v -0.0587 1.7773 -0.3449
v -0.1008 1.7936 -0.3511
v -0.1428 1.7464 -0.3858
v 0.0092 1.8534 -0.3223
v -0.0414 1.7481 -0.3430
v 0.1186 1.8958 -0.2953
v -0.0110 1.7606 -0.3431
v 0.0097 1.7341 -0.3218
v 0.0731 1.7460 -0.3058
v 0.0856 1.7792 -0.3065
v 0.0613 1.7818 -0.3191
v 0.1277 1.7595 -0.2929
v 0.1849 1.7888 -0.2518
v -0.0128 1.8112 -0.3240
v 0.0962 1.8133 -0.3008
v 0.1978 1.8929 -0.2686
v 0.0717 1.8453 -0.2943
v 0.1254 1.8687 -0.2729
v 0.1662 1.9207 -0.2896
v 0.0947 1.9257 -0.3219
v 0.4014 2.3363 -0.5597
v 0.4977 2.4214 -0.6553
v 0.6237 2.4718 -0.7365
v 0.5821 2.3821 -0.6880
v 0.5775 2.4730 -0.7338
v 0.5902 2.4692 -0.7379
v 0.5726 2.4721 -0.7275
v 0.6068 2.4728 -0.7377
v 0.4033 2.3892 -0.5660
v 0.1622 2.3600 -0.5852
v 0.1984 2.3104 -0.5529
v 0.5064 2.3433 -0.6302
v 0.4933 2.3780 -0.6316
v 0.1813 2.2934 -0.5314
v 0.4665 2.3639 -0.5901
v 0.2342 2.2226 -0.5136
v 0.2506 2.2444 -0.5371
v 0.3325 2.3067 -0.5565
v 0.3177 2.2764 -0.5776
v 0.3749 2.3042 -0.5827
v 0.4243 2.4714 -0.6597
v 0.4996 2.4726 -0.6843
v 0.4644 2.4744 -0.6673
v 0.4272 2.2938 -0.5959
v 0.4497 2.3246 -0.5880
v 0.3845 2.2956 -0.5891
v 0.2953 2.4134 -0.5754
v 0.2472 2.3707 -0.5695
v 0.1963 2.3924 -0.5630
v 0.2626 2.4684 -0.6135
v 0.2840 2.3010 -0.5557
v 0.1962 2.4630 -0.5962
v 0.3669 2.4695 -0.6320
v 0.2467 2.4239 -0.5834
v 0.4884 2.2853 -0.5896
v 0.4052 2.3923 -0.5959
v 0.3790 2.4223 -0.5944
v 0.5567 2.3489 -0.6520
v 0.5970 2.4009 -0.6932
v 0.2828 2.3217 -0.5436
v 0.2405 2.3342 -0.5779
v 0.3269 2.3614 -0.5404
v 0.4908 2.3186 -0.5989
v 0.5547 2.4325 -0.6967
v 0.4585 2.4217 -0.6214
v 0.2605 2.2582 -0.5610
v 0.5399 2.4012 -0.6970
v 0.4070 2.3106 -0.5786
v 0.2970 2.2886 -0.5823
v 0.5368 2.4688 -0.7051
v 0.2479 2.2831 -0.5363
v 0.5108 2.3150 -0.6282
v 0.3618 2.3501 -0.5616
v 0.4685 2.4724 -0.6743
v 0.5079 2.4727 -0.6955
v 0.5862 2.3561 -0.6650
v 0.5407 2.3475 -0.6326
v 0.5060 2.3808 -0.6749
v 0.0578 2.3961 -0.6440
v 0.0377 2.3306 -0.5554
v 0.1426 2.3535 -0.5602
v 0.1646 2.3237 -0.5372
v 0.0093 2.4033 -0.6444
v 0.1351 2.3883 -0.5776
v 0.1299 2.3720 -0.5957
v 0.0730 2.4095 -0.6207
v 0.0464 2.4714 -0.6415
v 0.1170 2.4253 -0.5985
v 0.0813 2.4335 -0.6167
v 0.1270 2.3235 -0.5399
v 0.0982 2.3583 -0.5765
v 0.0177 2.4691 -0.6587
v 0.1460 2.4658 -0.5883
v -0.1730 2.4685 -0.7051
v -0.1811 2.4292 -0.6020
v -0.1506 2.4108 -0.6357
v -0.1600 2.4346 -0.6813
v -0.0970 2.4466 -0.6998
v -0.0376 2.3887 -0.6452
v -0.1547 2.4530 -0.7012
v -0.1332 2.4488 -0.6796
v -0.0567 2.3581 -0.6098
v -0.1436 2.4094 -0.6804
v -0.1755 2.4412 -0.6973
v -0.1410 2.4349 -0.6842
v -0.0990 2.4703 -0.7187
v -0.0556 2.4739 -0.6989
v -0.1715 2.4210 -0.6984
v -0.0919 2.4731 -0.7135
v -0.0529 2.4215 -0.6770
v -0.1106 2.4193 -0.6948
v -0.0960 2.3940 -0.6490
v -0.1499 2.3261 -0.6244
v -0.1802 2.2918 -0.6273
v -0.1132 2.3046 -0.6156
v -0.0050 2.2803 -0.5593
v -0.1421 2.4740 -0.7282
v -0.1651 2.4464 -0.6643
v -0.1768 2.3882 -0.6795
v 0.0996 2.2751 -0.5037
v -0.1869 2.4302 -0.6744
v 0.7255 1.4536 0.0263
v 0.5458 1.4608 0.0688
v 0.5769 1.4372 0.0649
v 0.5697 1.2493 0.0355
v 0.5619 1.1908 0.0362
v 0.5746 1.2097 0.0489
v 0.6188 1.2282 0.0525
v 0.5501 1.3852 0.0360
v 0.5454 1.4139 0.0719
v 0.5159 1.2482 0.0636
v 0.5498 1.3042 0.0178
v 0.5553 1.3450 0.0119
v 0.5036 1.3457 0.0412
v 0.6306 1.2759 0.0690
v 0.6443 1.2671 0.0250
v 0.6870 1.2888 0.0767
v 0.6834 1.3252 0.0357
v 0.7108 1.4208 0.0219
v 0.7231 1.3835 0.0318
v 0.7451 1.4299 0.0058
v 0.8010 1.4344 0.0021
v 0.7588 1.4495 -0.0250
v 0.6180 1.3501 0.0292
v 0.6292 1.4167 0.0315
v 0.7192 1.2968 0.0526
v 0.7514 1.3602 0.0361
v 0.7798 1.2867 0.0768
v 0.7340 1.2635 0.0531
v 0.5136 1.2186 0.0344
v 0.4524 0.9996 0.1203
v 0.3089 0.9311 0.1959
v 0.6676 1.4367 0.0366
v 0.6462 1.3824 0.0553
v 0.6568 1.4723 0.0650
v 0.7487 1.4813 0.0593
v 0.7503 1.5156 0.0457
v 0.7314 1.6872 -0.0020
v 0.6656 1.5836 0.0968
v 0.6993 1.6495 0.1013
v 0.5144 1.5542 0.1037
v 0.4767 1.6038 0.0737
v 0.6006 1.5499 0.0733
v 0.6090 1.5721 0.0930
v 0.6390 1.5507 0.1064
v 0.6193 1.6217 0.0533
v 0.6351 1.6202 0.1125
v 0.6438 1.5296 0.0916
v 0.6691 1.6329 0.1196
v 0.6822 1.5540 0.0801
v 0.7373 1.6054 0.1224
v 0.6945 1.5544 0.0355
v 0.7305 1.5911 0.0537
v 0.6974 1.5289 0.0320
v 0.5179 1.4936 0.1014
v 0.4862 1.4838 0.0433
v 0.5550 1.4996 0.0441
v 0.5944 1.5103 0.0823
v 0.5849 1.4737 0.0644
v 0.6150 1.5082 0.0539
v 0.6022 1.4730 0.0576
v 0.5030 1.5193 0.0787
v 0.6213 1.5378 0.0843
v 0.6525 1.5126 0.0420
v 0.5575 1.5420 0.0962
v 0.7645 1.5906 0.0598
v 0.7478 1.5817 0.0298
v 0.7774 1.6126 0.1166
v 0.7030 1.5857 0.0914
v 0.7243 1.6330 0.0976
v 0.7197 1.5468 0.1002
v 0.7540 1.7005 0.0528
v 0.7583 1.6596 0.0631
v 0.7097 1.6806 0.0807
v 0.7222 1.6645 0.0651
v 0.6946 1.6442 0.0818
v 0.5684 1.5684 0.0553
v 0.5745 1.6202 0.1056
v 0.5475 1.5609 0.1039
v 0.7860 1.6991 -0.1048
v 0.7685 1.6979 -0.0549
v 0.7534 1.7253 -0.0715
v 0.7562 1.5764 0.0056
v 0.5536 1.7410 -0.0799
v 0.5904 1.6685 0.0756
v 0.7959 1.6847 -0.0120
v 0.5309 1.6932 -0.0024
v 0.7589 1.7522 -0.0574
v 0.7282 1.5437 0.0130
v 0.2027 0.8314 0.2702
v 0.2100 0.8454 0.1773
v 0.2935 0.8171 0.3222
v 0.2661 0.7929 0.3227
v 0.2877 0.8428 0.2570
v 0.3101 0.8279 0.2740
v 0.3243 0.9003 0.2731
v 0.3835 0.8630 0.3458
v 0.3301 0.8527 0.2634
v 0.1615 0.8897 0.2076
v 0.2008 0.8803 0.1984
v 0.2523 0.8624 0.2292
v 0.1862 0.8512 0.1847
v 0.3435 0.8408 0.2288
v 0.3732 0.8737 0.2195
v 0.3565 0.8313 0.2362
v 0.4224 0.8240 0.2838
v 0.2454 0.8777 0.2672
v 0.4109 1.0020 0.1008
v 0.4533 0.9426 0.2147
v 0.2398 1.0933 0.0402
v 0.3190 1.1258 0.0328
v 0.1894 0.9741 0.0776
v 0.2595 1.0180 0.1179
v 0.2763 0.9831 0.0987
v 0.3040 1.0233 0.0640
v 0.2981 1.0464 0.0826
v 0.3475 1.0785 0.0325
v 0.3618 1.0289 0.0390
v 0.2553 0.9991 0.0821
v 0.3531 1.1401 0.0227
v 0.3916 1.0451 0.0564
v 0.3659 1.1723 0.0061
v 0.2607 1.0917 -0.0046
v 0.1944 1.0447 0.0419
v 0.0956 1.1295 0.0467
v 0.2751 1.1378 0.0815
v 0.3158 1.0767 0.0568
v 0.3831 1.0896 0.0369
v 0.2750 1.1492 0.1259
v 0.1631 1.0656 0.0575
v 0.2711 1.1157 0.0532
v 0.4455 1.1161 0.0394
v 0.3268 1.1593 0.0441
v 0.2079 1.1282 0.0895
v 0.1606 1.1021 0.0492
v 0.3537 1.1069 0.0256
v 0.4558 1.6901 -0.0610
v 0.4336 1.6977 -0.0209
v 0.4812 1.7111 -0.0494
v 0.4699 1.7147 -0.0115
v 0.3691 1.4717 0.0172
v 0.4153 1.4879 0.0562
v 0.3714 1.4969 0.0330
v 0.3379 1.4427 -0.0105
v 0.3618 1.5102 0.0534
v 0.4353 1.5401 0.0730
v 0.4903 1.5876 0.0492
v 0.4342 1.4419 0.0381
v 0.4350 1.5107 0.0536
v 0.3859 1.5154 0.0507
v 0.4578 1.6124 0.0173
v 0.4003 1.6859 -0.0809
v 0.4471 1.7567 -0.1034
v 0.4717 1.6207 0.0714
v 0.3678 1.6995 -0.1003
v 0.3898 1.7058 -0.0763
v 0.4175 1.7030 -0.0890
v 0.4045 1.6465 -0.0421
v 0.4434 1.6363 0.0113
v 0.3166 1.6038 -0.0032
v 0.4713 1.4580 0.0514
v 0.4172 1.4719 0.0367
v 0.4203 1.5938 0.0223
v 0.3706 1.5442 0.0430
v 0.5103 1.6191 0.0060
v 0.3902 1.6775 -0.1109
v 0.2634 1.2877 -0.0001
v 0.2331 1.3996 -0.0341
v 0.2240 1.3606 -0.0605
v 0.2306 1.4339 0.0116
v 0.2607 1.1741 0.1128
v 0.3065 1.4227 -0.0093
v 0.3550 1.4082 0.0090
v 0.2484 1.4245 -0.0074
v 0.3557 1.2738 0.0604
v 0.2050 1.3125 -0.0483
v 0.3377 1.2170 0.0339
v 0.3261 1.2443 0.0336
v 0.1989 1.3889 -0.0659
v 0.2967 1.3151 0.0200
v 0.2918 1.3532 -0.0086
v 0.2768 1.3031 0.0016
v 0.3047 1.3424 0.0161
v 0.2680 1.3320 0.0016
v 0.2970 1.2584 0.0185
v 0.2764 1.2583 0.0439
v 0.2820 1.3632 0.0005
v 0.3204 1.1941 0.0718
v 0.2809 1.4081 -0.0265
v 0.2917 1.5783 -0.0132
v 0.3222 1.5080 0.0545
v 0.2832 1.4810 0.0298
v 0.2297 1.4929 0.0063
v 0.3506 1.5858 -0.0096
v 0.2877 1.5361 0.0202
v 0.2311 1.5574 -0.0424
v 0.1533 1.5239 -0.0288
v 0.2882 1.4681 0.0000
v 0.3156 1.4568 0.0058
v 0.1941 1.4613 -0.0137
v 0.1954 1.5000 0.0037
v 0.3565 1.1890 0.0171
v 0.3634 1.3258 -0.0024
v 0.4023 1.3067 -0.0019
v 0.3702 1.2255 0.0016
v 0.3941 1.2588 0.0272
v 0.4387 1.3418 0.0881
v 0.4139 1.3244 0.0782
v 0.3479 1.2584 0.0053
v 0.5102 1.4339 0.0513
v 0.4849 1.3824 0.0826
v 0.4733 1.3137 0.0458
v 0.3606 1.3414 0.0492
v 0.3420 1.3305 0.0206
v 0.4269 1.1892 0.0299
v 0.4856 1.2794 0.0510
v 0.4739 1.2158 0.0592
v 0.4266 1.2070 0.0544
v 0.4842 1.5240 0.0912
v 0.5687 0.8281 0.3504
v 0.5665 0.8424 0.3747
v 0.5062 0.8259 0.3523
v 0.6666 0.8580 0.3040
v 0.6241 0.8267 0.3484
v 0.6140 0.8393 0.3157
v 0.7252 0.9212 0.1817
v 0.5666 0.8682 0.3642
v 0.4588 0.8065 0.3178
v 0.7179 0.8481 0.3170
v 0.5117 0.9268 0.2104
v 0.5091 0.9705 0.1268
v 0.6392 0.8803 0.3985
v 0.6729 0.9429 0.3042
v 0.7082 0.9533 0.1447
v 0.6974 0.8552 0.2943
v 0.7212 0.8940 0.3568
v 0.7568 0.8588 0.3378
v 0.7271 0.8565 0.3330
v 0.7704 0.9053 0.3101
v 0.7254 0.9285 0.2282
v 0.7255 0.9268 0.3441
v 0.7252 0.9324 0.2563
v 0.7135 0.8748 0.3152
v 0.7221 1.1990 0.0593
v 0.6880 1.2536 0.0382
v 0.5190 1.1895 0.0530
v 0.5118 1.0137 0.1461
v 0.7208 1.0010 0.1728
v 0.5773 1.1664 0.0367
v 0.5595 1.0892 0.1370
v 0.7508 1.0167 0.1007
v 0.7291 0.9742 0.1021
v 0.5642 0.9989 0.1070
v 0.7477 1.0974 0.1119
v 0.5015 1.1606 0.0159
v 0.7881 1.1015 0.0679
v 0.5575 1.1051 0.0869
v 0.6973 1.0405 0.1298
v 0.7416 1.0618 0.0969
v 0.7249 0.9677 0.2451
v 0.6837 0.9782 0.2202
v 0.6923 1.1238 0.0639
v 0.6174 0.9745 0.1936
v 0.6266 1.1190 0.0434
v 0.7093 1.0927 0.1075
v 0.5666 1.0490 0.1081
v 0.6720 1.1818 0.0337
v 0.4324 1.0641 0.0526
v 0.7522 1.1539 0.0900
v 0.6439 1.1049 0.1226
v 0.4718 1.1775 0.0626
v 0.6149 1.2019 0.0154
v 0.6095 1.0252 0.1079
v 0.4440 0.9272 0.1547
v 0.4574 1.1551 0.0589
v 0.4962 1.0568 0.1070
v 0.4671 0.9671 0.1539
v 0.3912 1.1251 0.0435
v 0.4960 1.1298 0.0361
v 0.2756 1.6924 -0.1571
v 0.3012 1.6496 -0.1170
v 0.2566 1.6899 -0.2212
v 0.2229 1.7084 -0.2049
v 0.3251 1.6905 -0.1332
v 0.1579 1.6892 -0.2531
v 0.1696 1.7333 -0.2427
v 0.1594 1.6496 -0.2090
v 0.7473 1.7300 -0.1059
v -0.3942 1.3919 -0.2771
v -0.3791 1.2462 -0.1839
v -0.4309 1.2993 -0.2255
v -0.1693 1.3885 -0.1548
v -0.1439 1.2634 -0.1580
v -0.1878 1.3837 -0.1744
v -0.1516 1.2182 -0.1245
v -0.1833 1.3560 -0.1543
v -0.2301 1.3696 -0.1980
v -0.2079 1.3141 -0.1748
v -0.2695 1.3221 -0.1668
v -0.2430 1.2456 -0.1578
v -0.3856 1.2097 -0.1716
v -0.2433 1.1974 -0.1339
v -0.2869 1.1972 -0.1340
v -0.3165 1.2428 -0.1547
v -0.3436 1.2122 -0.1585
v -0.3312 1.1875 -0.1470
v -0.1483 1.3059 -0.1687
v -0.1371 1.3424 -0.1546
v -0.1805 1.2778 -0.1788
v -0.2035 1.2472 -0.1746
v -0.1567 1.3523 -0.1488
v -0.1346 1.3886 -0.1486
v -0.1708 1.3293 -0.1624
v -0.1989 1.3265 -0.1409
v -0.2985 1.3721 -0.2268
v -0.1441 1.3127 -0.1321
v -0.2490 1.2881 -0.1902
v -0.3697 1.3478 -0.2261
v -0.2012 1.2150 -0.1455
v -0.2085 1.1676 -0.0833
v -0.1928 1.2213 -0.1364
v -0.3247 1.2877 -0.1705
v -0.4262 1.1146 -0.1654
v 0.1336 1.4103 -0.0212
v 0.1277 1.1142 0.0716
v 0.0038 1.1086 0.0610
v 0.0499 1.2307 -0.0509
v 0.0885 1.2066 0.0143
v 0.1160 1.2207 -0.0019
v 0.2064 1.2795 0.0131
v 0.0311 1.3552 -0.0619
v 0.0426 1.4168 -0.0332
v 0.0614 1.1687 0.0779
v 0.1022 1.1817 0.0326
v -0.0613 1.1789 -0.0127
v 0.0858 1.3701 -0.0405
v -0.0328 1.3716 -0.0797
v 0.0398 1.3896 -0.0378
v 0.1291 1.3144 -0.1111
v 0.0157 1.3405 -0.1577
v 0.0215 1.2926 -0.1595
v -0.0215 1.2754 -0.1484
v 0.1473 1.3704 -0.1427
v 0.0872 1.3605 -0.1263
v -0.0810 1.3717 -0.1145
v -0.1021 1.3611 -0.1357
v -0.0752 1.3080 -0.1439
v -0.0913 1.3268 -0.1373
v -0.0653 1.2652 -0.1567
v -0.0821 1.2435 -0.1293
v 0.0075 1.3444 -0.1019
v -0.1057 1.2546 -0.1230
v 0.1608 1.3737 -0.0978
v 0.1635 1.3872 -0.0743
v -0.0239 1.3076 -0.1431
v 0.0354 1.3368 -0.1786
v 0.0390 1.2699 -0.0873
v -0.0037 1.3022 -0.1551
v -0.0292 1.2820 -0.0973
v 0.0561 0.6446 0.3672
v -0.0363 0.6883 0.3004
v 0.0289 0.6740 0.3417
v -0.1201 0.6016 0.3036
v -0.0330 0.6517 0.3229
v -0.0716 0.6008 0.3111
v 0.0832 0.7298 0.3378
v -0.0266 0.8011 0.1740
v 0.1474 0.7394 0.3633
v 0.1209 0.7767 0.2601
v 0.0563 0.7723 0.2723
v -0.0669 0.7497 0.2655
v -0.0302 1.0008 0.0985
v -0.0015 1.0196 0.0703
v -0.0750 1.0480 0.0243
v -0.1266 1.0812 0.0176
v -0.1153 0.9019 0.0294
v -0.0437 0.9259 0.0402
v -0.1122 0.8861 -0.0024
v -0.1283 0.9938 0.0728
v 0.1126 0.8878 0.1392
v -0.0649 0.9184 0.0076
v 0.1169 0.9896 0.1203
v 0.0707 0.9859 0.1559
v 0.0051 1.0712 0.0780
v 0.0014 1.0733 0.0659
v 0.0068 1.0833 0.0656
v 0.0083 1.0773 0.0885
v -0.0883 1.0616 0.0670
v 0.0103 0.9053 0.0960
v 0.0104 0.8923 0.0751
v -0.1468 0.9106 0.0620
v 0.1521 0.9666 0.0647
v 0.1890 0.9896 0.0634
v 0.1362 1.0123 0.0726
v 0.0952 1.0365 0.1264
v 0.0629 1.0822 0.0776
v -0.1125 0.9368 0.0129
v -0.1430 1.0498 0.0252
v 0.0688 0.9568 0.0666
v 0.0743 0.8918 0.1119
v 0.0361 0.9381 0.0767
v 0.0872 0.9352 0.0725
v -0.0268 1.0588 0.0936
v 0.0365 1.0409 0.1118
v -0.0168 0.9700 0.0417
v 0.1254 1.0784 0.0823
v -0.0214 1.0987 0.0889
v -0.1346 0.8729 0.0083
v -0.0914 0.8399 0.0560
v 0.1501 0.8619 0.1589
v -0.0274 0.8985 0.0344
v 0.1143 0.8702 0.1557
v 0.0827 0.8547 0.1942
v -0.1633 0.8481 0.0277
v -0.1172 0.8072 0.1142
v -0.1583 1.5459 -0.2585
v -0.3912 1.5326 -0.3413
v -0.1669 1.4185 -0.1650
v -0.1095 1.5607 -0.2446
v -0.2528 1.4592 -0.2380
v -0.3915 1.4976 -0.3257
v -0.2878 1.4049 -0.2363
v -0.1618 1.4548 -0.1904
v -0.2381 1.5477 -0.2865
v 0.0849 1.3917 -0.0192
v -0.0012 1.4010 -0.0588
v 0.1004 1.4743 -0.0319
v -0.0010 1.4891 -0.1040
v 0.1438 1.4746 -0.0082
v 0.1139 1.4434 -0.0096
v 0.1172 1.4183 -0.0001
v 0.0675 1.4138 -0.0128
v 0.0037 1.5525 -0.1353
v 0.1450 1.4509 -0.0210
v -0.0892 1.4086 -0.1136
v 0.1983 1.5626 -0.0157
v 0.1116 1.5711 -0.0872
v -0.0278 1.6576 -0.3116
v -0.0332 1.6094 -0.2412
v -0.0723 1.7235 -0.3519
v -0.0726 1.6884 -0.3320
v 0.0776 1.6391 -0.2084
v 0.0220 1.6894 -0.2814
v 0.1386 1.6607 -0.2515
v 0.0724 1.6890 -0.2557
v 0.1006 1.7220 -0.2763
v -0.0947 1.6431 -0.3210
v -0.4329 1.6402 -0.4567
v -0.2723 1.6218 -0.3878
v -0.2018 1.7130 -0.3954
v -0.1049 1.6927 -0.3511
v -0.3376 1.6542 -0.4177
v -0.3853 1.5720 -0.3874
v -0.1769 1.6543 -0.3546
v -0.3082 1.7293 -0.4228
v -0.2491 1.6951 -0.4005
v -0.3162 1.7170 -0.4331
v -0.2702 1.0845 -0.0697
v -0.3155 1.0765 -0.0667
v -0.1271 1.0327 0.0059
v -0.2285 1.0091 0.0127
v -0.2111 1.0260 -0.0184
v -0.4368 0.8780 -0.0085
v -0.3453 0.8775 0.0481
v -0.4239 0.9027 -0.0334
v -0.4398 0.9288 -0.0383
v -0.3542 0.9151 0.0488
v -0.3864 0.9478 -0.0096
v -0.2615 0.9504 0.0137
v -0.3016 0.8839 0.0746
v -0.2492 0.8910 0.0642
v -0.1777 0.9224 0.0458
v -0.1602 0.8904 0.0238
v -0.2020 1.1317 -0.0732
v -0.2639 1.0371 -0.0088
v -0.3893 1.0831 -0.0785
v -0.3296 1.1131 -0.1112
v -0.2871 0.9884 0.0383
v -0.3409 1.0413 -0.0423
v -0.1998 0.9613 0.0515
v -0.1167 0.9548 0.0842
v -0.4707 0.6273 0.1245
v -0.4097 0.6882 0.1110
v -0.3476 0.6538 0.1774
v -0.1407 0.6687 0.2614
v -0.2956 0.7285 0.1516
v -0.2016 0.8266 0.0756
v -0.2106 0.6362 0.2504
v -0.2751 0.5693 0.2489
v -0.4192 0.8556 -0.0008
v -0.1704 0.7424 0.2155
v -0.3513 0.7310 0.1269
v -0.2582 0.6556 0.2163
v -0.3455 0.8150 0.0699
v -0.3597 0.8431 0.0395
v -0.2120 0.8573 0.0114
v -0.2593 0.8468 0.0245
v -0.2874 0.8067 0.0672
v 0.1091 0.5988 0.3530
v -0.4130 1.0406 -0.0656
v 0.9521 2.3281 -0.6094
v 0.9930 2.4170 -0.6555
v 0.9737 2.3611 -0.6310
v 0.9623 2.3633 -0.6358
v 0.9202 2.4737 -0.7048
v 0.6882 2.2335 -0.5302
v 0.6190 2.2264 -0.5416
v 0.8594 2.2230 -0.6811
v 0.8325 2.1861 -0.6254
v 0.6984 2.2143 -0.5336
v 0.6408 2.4606 -0.7298
v 0.7113 2.4459 -0.7290
v 0.7654 2.4081 -0.6788
v 0.7823 2.4738 -0.7184
v 0.8273 2.2425 -0.4851
v 0.7822 2.2331 -0.5098
v 0.8386 2.2646 -0.4897
v 0.8559 2.2792 -0.5313
v 0.8859 2.2958 -0.5042
v 0.8803 2.3027 -0.4770
v 0.8937 2.3076 -0.5119
v 0.7171 2.4727 -0.7473
v 0.9283 2.2674 -0.6581
v 0.8606 2.2482 -0.6163
v 0.8663 2.2178 -0.6059
v 0.8939 2.3044 -0.5822
v 0.8526 2.2680 -0.5922
v 0.7942 2.2535 -0.5746
v 0.6177 2.2993 -0.6182
v 0.8736 2.3289 -0.5097
v 0.9498 2.3556 -0.5676
v 0.9043 2.3019 -0.5327
v 0.6412 2.4171 -0.6887
v 0.6471 2.4140 -0.7038
v 0.6567 2.4717 -0.7383
v 0.6910 2.4627 -0.7259
v 0.7106 2.4742 -0.7462
v 0.6800 2.3643 -0.6668
v 0.9371 2.3451 -0.5892
v 0.9143 2.3256 -0.6246
v 0.8467 2.3857 -0.6204
v 0.9393 2.3705 -0.5937
v 0.9502 2.3733 -0.6165
v 0.6930 2.2881 -0.5543
v 0.8957 2.2919 -0.6207
v 0.9341 2.2605 -0.5988
v 0.9413 2.2766 -0.6117
v 0.9435 2.2664 -0.6171
v 0.6065 2.1307 -0.4137
v 0.7695 2.2243 -0.5613
v 0.7348 2.2250 -0.5295
v 0.7509 2.2378 -0.5116
v 0.7637 2.2819 -0.5205
v 0.8183 2.2319 -0.6016
v 0.9039 2.0402 -0.6114
v 0.8081 2.0835 -0.5080
v 0.8869 2.0398 -0.5914
v 0.9646 2.0203 -0.5564
v 0.7843 2.1831 -0.5944
v 0.7652 2.1195 -0.5300
v 0.9327 1.9692 -0.4241
v 0.8570 2.1552 -0.6077
v 0.7842 1.9690 -0.4996
v 0.8324 2.0018 -0.4946
v 0.8141 2.0387 -0.5297
v 0.7940 2.0092 -0.5038
v 0.8490 2.0149 -0.5273
v 0.7996 1.9945 -0.4783
v 0.8781 2.0161 -0.4713
v 0.8038 2.1559 -0.5838
v 0.8111 2.1948 -0.6133
v 0.8268 2.1882 -0.6119
v 0.8810 1.9377 -0.4283
v 0.7797 1.9584 -0.4165
v 0.8379 2.1511 -0.5661
v 0.8613 2.0693 -0.5079
v 0.9112 2.0495 -0.5684
v 0.7937 2.1126 -0.5181
v 0.9516 2.0482 -0.6387
v 0.8343 1.9004 -0.4151
v 0.7840 2.0249 -0.5014
v 0.8621 2.1102 -0.5548
v 0.8262 1.8833 -0.4018
v 0.9873 2.0241 -0.6144
v 0.8054 1.8990 -0.4036
v 1.0035 2.0432 -0.6651
v 1.0719 2.0292 -0.6191
v 0.7707 2.1700 -0.5764
v 0.7411 2.0277 -0.4498
v 0.6540 2.2025 -0.5212
v 0.7515 1.9897 -0.4303
v 0.7603 1.9376 -0.4344
v 0.6598 2.0994 -0.4481
v 0.6813 2.0877 -0.4331
v 0.6812 2.1312 -0.4765
v 0.6227 2.0069 -0.4055
v 0.7758 2.0501 -0.4965
v 0.6714 2.1607 -0.5069
v 0.6731 2.0257 -0.4355
v 0.6721 2.0728 -0.4502
v 0.6548 2.0464 -0.4377
v 0.6780 2.0106 -0.4110
v 0.6744 2.0991 -0.4748
v 0.7001 2.0717 -0.4546
v 0.6491 2.1823 -0.4398
v 0.6607 2.1185 -0.4202
v 0.6257 2.2021 -0.5006
v 0.6504 2.1899 -0.5205
v 0.6265 2.1906 -0.4805
v 0.7325 2.0760 -0.4706
v 0.7304 2.1234 -0.5239
v 0.6560 2.0783 -0.3903
v 0.6925 2.1241 -0.5051
v 0.7378 2.1495 -0.5127
v 0.7546 2.1309 -0.5294
v 0.7390 2.2028 -0.5321
v 0.7583 2.1967 -0.5655
v 0.7125 2.1729 -0.4914
v 0.7576 1.9410 -0.3803
v 1.2581 1.8475 -0.3829
v 1.2665 1.8556 -0.4282
v 1.2092 1.9052 -0.4653
v 1.1981 1.8985 -0.4599
v 1.1306 1.9210 -0.4819
v 1.2199 1.8987 -0.4482
v 1.1276 1.9269 -0.4046
v 0.9800 1.9819 -0.4896
v 1.1642 1.9877 -0.5121
v 1.1478 2.0045 -0.5058
v 1.1381 2.0163 -0.5318
v 1.1493 2.0043 -0.5294
v 1.1455 2.0097 -0.5289
v 1.1615 1.9721 -0.5322
v 1.0498 1.9390 -0.4005
v 1.0260 1.9961 -0.5458
v 1.1582 1.9847 -0.5330
v 1.1890 1.9181 -0.4955
v 0.8406 1.8603 -0.3651
v 0.7162 1.9799 -0.3596
v 0.8919 1.7806 -0.2841
v 0.8905 1.7534 -0.2181
v 0.8558 1.7612 -0.2244
v 0.8988 1.8173 -0.3078
v 0.9515 1.8815 -0.3307
v 0.6314 1.9912 -0.3918
v 0.9652 1.7704 -0.2324
v 0.8126 1.8464 -0.3299
v 0.6100 1.9791 -0.3292
v 0.8437 1.8251 -0.3379
v 0.8607 1.8159 -0.3249
v 0.6425 1.8293 -0.2381
v 0.6896 1.8290 -0.2215
v 0.6248 1.9099 -0.3291
v 0.6307 1.8201 -0.1532
v 0.7666 1.7689 -0.2281
v 0.8774 1.7805 -0.2595
v 0.6729 1.8896 -0.2864
v 0.7816 1.7915 -0.2755
v 0.7654 1.8921 -0.3581
v 0.6330 1.8264 -0.1839
v 0.6401 1.8052 -0.1691
v 0.8078 1.8737 -0.3202
v 0.7172 1.8985 -0.3011
v 0.7016 1.9526 -0.3186
v 0.7383 1.9582 -0.3745
v 0.8588 1.8442 -0.3489
v 0.8437 1.7731 -0.2523
v 0.8610 1.7871 -0.3082
v 0.9321 1.7976 -0.2705
v 0.7406 1.8060 -0.2323
v 0.7359 1.9010 -0.3566
v 0.8693 1.8932 -0.3697
v 0.8717 1.7485 -0.1706
v 0.7316 1.8503 -0.2895
v 0.7979 1.8449 -0.2693
v 0.8235 1.8040 -0.3019
v 0.8143 1.7549 -0.2080
v 0.7818 1.8214 -0.2267
v 0.6360 1.8484 -0.2373
v 0.6572 1.8403 -0.2752
v 0.6123 1.8475 -0.2103
v 1.1052 1.8679 -0.3534
v 1.0766 1.8479 -0.2857
v 1.0657 1.8585 -0.2633
v 1.2223 1.7969 -0.2939
v 1.0034 1.8548 -0.2770
v 0.9536 1.9379 -0.4349
v 1.2138 1.7953 -0.2534
v 1.1722 1.7966 -0.2672
v 0.9969 1.7454 -0.1805
v 1.0188 1.8075 -0.2408
v 1.0494 1.8190 -0.2492
v 1.0716 1.7624 -0.1895
v 1.1761 1.7680 -0.2411
v 1.1545 1.7677 -0.2303
v 1.1361 1.8029 -0.2487
v 1.1567 1.8269 -0.3000
v 1.2269 1.8358 -0.3025
v 1.2819 1.7661 -0.2417
v 1.0839 1.8984 -0.3534
v 1.1812 1.8719 -0.3833
v 1.2355 1.7411 -0.1821
v 1.2245 1.7683 -0.2287
v 0.6519 2.0178 -0.3214
v 0.6104 1.9846 -0.3053
v 0.6293 2.0503 -0.3107
v 0.6455 2.1103 -0.2668
v 0.6814 2.1317 -0.2796
v 0.6559 2.1364 -0.2913
v 0.6167 2.0047 -0.2564
v 0.7045 2.1569 -0.3321
v 0.6426 2.0923 -0.3750
v 0.6208 2.1567 -0.3668
v 0.6493 2.0202 -0.2691
v 0.6526 2.1304 -0.2833
v 0.6542 2.1315 -0.2827
v 0.6877 2.0409 -0.3144
v 0.6103 2.0379 -0.2781
v 0.6007 1.7737 -0.0321
v 0.6359 1.7971 -0.0910
v 0.6283 1.7873 -0.1340
v 0.6182 1.7421 -0.0565
v 0.7547 1.8137 -0.1691
v 0.7673 1.7837 -0.1230
v 0.7804 1.7400 -0.1277
v 0.6388 1.7780 -0.0570
v 1.3092 1.7760 -0.3550
v 1.3098 1.8078 -0.2917
v 1.3166 1.7851 -0.3689
v 1.3088 1.8271 -0.3492
v -0.5146 2.2687 -0.7242
v -0.7419 2.4676 -0.8482
v -0.6591 2.2765 -0.7607
v -0.5725 2.2467 -0.7025
v -0.6691 2.2275 -0.7668
v -0.5589 2.3839 -0.7271
v -0.5968 2.3713 -0.7739
v -0.5634 2.4732 -0.7481
v -0.7414 2.2633 -0.8065
v -0.7018 2.3264 -0.8030
v -0.5271 2.3319 -0.6981
v -0.6052 2.2703 -0.7379
v -0.5852 2.2495 -0.7471
v -0.7542 2.3771 -0.8387
v -0.7963 2.2339 -0.8226
v -0.2590 2.3449 -0.5625
v -0.3328 2.3782 -0.7275
v -0.2102 2.4084 -0.6690
v -0.2522 2.3831 -0.6835
v -0.1960 2.4663 -0.6644
v -0.2417 2.4702 -0.6136
v -0.2210 2.4306 -0.5732
v -0.2349 2.3874 -0.5605
v -0.3164 2.2765 -0.7058
v -0.2009 2.3882 -0.6691
v -0.2614 2.2906 -0.6845
v -0.3289 2.3535 -0.6076
v -0.2775 2.3308 -0.6795
v -0.2226 2.3043 -0.6585
v -0.1886 2.3705 -0.5679
v -0.2172 2.3148 -0.6613
v -0.2270 2.3513 -0.6652
v -0.2430 2.2971 -0.6677
v -0.2446 2.2667 -0.6662
v -0.3007 2.2861 -0.6750
v -0.4667 2.3458 -0.6786
v -0.3787 2.2953 -0.7083
v -0.4437 2.2777 -0.6481
v -0.3020 2.4753 -0.6112
v -0.4958 2.2613 -0.6658
v -0.4604 2.4650 -0.6877
v -0.3903 2.3245 -0.6549
v -0.3804 2.2999 -0.6550
v -0.3628 2.2416 -0.6838
v -0.3789 2.3651 -0.7328
v -0.3395 2.3307 -0.7035
v -0.4047 2.3414 -0.6439
v -0.4256 2.3143 -0.6709
v -0.4466 2.3018 -0.7411
v -0.3499 2.4146 -0.6256
v -0.3516 2.2444 -0.7090
v -0.4929 2.2728 -0.7464
v -0.5629 2.0475 -0.7433
v -0.6321 1.9785 -0.7734
v -0.7164 2.1669 -0.8343
v -0.6636 2.1621 -0.8226
v -0.7660 2.1559 -0.7971
v -0.6783 2.1657 -0.7765
v -0.6552 2.1388 -0.8118
v -0.5941 2.1949 -0.8057
v -0.7341 2.2188 -0.7920
v -0.8052 2.0034 -0.8204
v -0.6915 2.1879 -0.7796
v -0.5542 2.1834 -0.7824
v -0.6401 2.0818 -0.7847
v -0.5419 2.1916 -0.7168
v -0.7077 2.0659 -0.8046
v -0.8371 2.1472 -0.8751
v -0.8521 2.2006 -0.8436
v -0.7724 2.1229 -0.8465
v -0.7736 2.1540 -0.8495
v -0.5151 2.1251 -0.7434
v -0.6372 2.1946 -0.8194
v -0.6346 1.9062 -0.7140
v -0.6096 1.8404 -0.6463
v -0.6567 1.8798 -0.6866
v -0.7965 1.7859 -0.6930
v -0.8614 1.7806 -0.7244
v -0.7836 1.7586 -0.6677
v -0.8287 1.8206 -0.7255
v -0.6468 1.9829 -0.7416
v -0.7065 1.9205 -0.7340
v -0.6899 1.7993 -0.6571
v -0.7423 1.9721 -0.7848
v -0.8070 1.9584 -0.8133
v -0.8651 1.9140 -0.8203
v -0.5880 2.0028 -0.7554
v -0.1810 2.0506 -0.5534
v -0.2464 2.0819 -0.6066
v -0.2768 2.0988 -0.6291
v -0.2996 2.0952 -0.6167
v -0.2763 2.1344 -0.6303
v -0.3175 2.0881 -0.6514
v -0.2082 2.0820 -0.5838
v -0.4662 2.2175 -0.7566
v -0.3565 2.1886 -0.6973
v -0.4648 2.2084 -0.6924
v -0.4701 2.0163 -0.6991
v -0.4576 1.9873 -0.6753
v -0.5215 2.2086 -0.7805
v -0.4092 2.0546 -0.6760
v -0.4182 2.2302 -0.7059
v -0.4062 2.2277 -0.7333
v -0.4541 2.1596 -0.7262
v -0.4095 2.0992 -0.6862
v -0.4488 2.0261 -0.6832
v -0.2208 1.9075 -0.4671
v -0.3633 1.9321 -0.5843
v -0.4041 1.7752 -0.4866
v -0.3816 1.8423 -0.5173
v -0.5195 1.7279 -0.5124
v -0.4973 1.9382 -0.6626
v -0.5435 1.9461 -0.6997
v -0.5340 1.7785 -0.5578
v -1.2354 2.3137 -0.9634
v -1.2793 2.3678 -0.9684
v -1.1361 2.2900 -0.9709
v -0.9151 2.3626 -0.9016
v -1.0933 2.3624 -0.9929
v -0.8254 2.3405 -0.8727
v -1.3522 2.3065 -1.0103
v -1.1274 2.3386 -1.0038
v -1.1475 2.3270 -0.9757
v -1.1980 2.3703 -0.9725
v -1.0680 2.4304 -0.9904
v -0.9270 2.4693 -0.9431
v -0.9741 2.4181 -0.9393
v -1.1347 2.1555 -0.9860
v -1.1248 2.1570 -1.0189
v -1.3492 2.0340 -1.0327
v -1.0665 2.2415 -0.9545
v -1.1174 2.0716 -1.0041
v -1.1563 2.0553 -0.9585
v -1.1716 2.1153 -1.0442
v -1.2640 2.0558 -1.0001
v -1.2035 2.0925 -0.9734
v -0.8952 2.1602 -0.9074
v -0.8541 2.1499 -0.8448
v -0.9905 2.1776 -0.9545
v -1.0323 2.1408 -0.9822
v -1.0742 2.1779 -1.0032
v -0.9557 2.1824 -0.9442
v -0.8918 2.2161 -0.8654
v -1.2115 2.0173 -0.9723
v -1.3495 2.1318 -1.0570
v -1.3468 2.1388 -1.0472
v -1.3391 2.1446 -1.0539
v -1.3521 2.1000 -1.0509
v -1.2006 2.2478 -0.9946
v -1.3511 2.2484 -1.0132
v -1.2415 2.1955 -1.0207
v -1.2676 2.1562 -1.0222
v -1.2612 2.2004 -0.9859
v -1.0504 2.1804 -0.9436
v -1.3084 2.2566 -0.9942
v -1.2586 2.1491 -0.9580
v -1.3479 2.1290 -0.9911
v -0.9195 2.1184 -0.9224
v -1.1854 2.1320 -1.0327
v -0.9523 2.0084 -0.8937
v -0.9881 2.1791 -0.9067
v -1.0544 2.0011 -0.9244
v -1.0899 2.0145 -0.9137
v -1.0683 2.0289 -0.9667
v -1.1982 2.1334 -1.0114
v -1.2135 2.1447 -1.0122
v -1.1482 2.1936 -0.9949
v -1.3526 2.0140 -1.0484
v -1.1965 2.2419 -1.0179
v -0.9248 2.2906 -0.8983
v -1.3490 1.9289 -0.9942
v -1.3523 1.9710 -1.0129
v -0.9320 1.7923 -0.7502
v -0.9989 1.7493 -0.7907
v -1.2454 1.7550 -0.8844
v -1.2175 1.7990 -0.9150
v -1.0814 1.9356 -0.9052
v -1.1767 1.9901 -0.9428
v -1.1179 1.9645 -0.9185
v -1.0699 1.9544 -0.9163
v -1.0750 1.9681 -0.9079
v -1.0365 1.9654 -0.9045
v -1.1798 1.8267 -0.9099
v -1.2985 1.9790 -1.0010
v -1.2446 1.9036 -0.9321
v -1.3021 1.8546 -0.9534
v -1.2554 1.8557 -0.9631
v -1.2471 1.8979 -0.9721
v -1.3174 1.8141 -0.9389
v -1.2036 1.7342 -0.8532
v -1.3508 1.8230 -0.9661
v -1.2178 1.7657 -0.9115
v -1.3513 1.8637 -0.9659
v -1.1124 1.8664 -0.9034
v -1.0173 1.9148 -0.8742
v -1.1459 1.9121 -0.9281
v -1.1292 1.9313 -0.8996
v -1.3538 1.7777 -0.9337
v -0.9536 1.7871 -0.7834
v -1.2879 1.7936 -0.9264
v -1.2966 1.8276 -0.9637
v -0.9633 1.8544 -0.8257
v -0.8688 1.7680 -0.7132
v -1.0873 1.8172 -0.8636
v -0.9169 1.9708 -0.8583
v -0.2116 1.7532 -0.3842
v -0.2746 1.7627 -0.4129
v -0.6763 1.7311 -0.6031
v 0.1169 0.3636 0.6586
v -0.1391 0.3802 0.5196
v -0.1311 0.4097 0.6119
v 0.1138 0.3408 0.6245
v -0.0226 0.3112 0.6802
v -0.1473 0.4263 0.5364
v 0.0673 0.3667 0.5794
v -0.1375 0.2900 0.7169
v 0.0196 0.3469 0.6015
v -0.0868 0.3725 0.5508
v -0.0222 0.3583 0.5709
v -0.1314 0.3330 0.6709
v -0.1343 0.3460 0.5856
v -0.0065 0.3640 0.6038
v 0.0520 0.4052 0.4890
v -0.0647 0.3638 0.5430
v -0.1868 0.4626 0.4871
v 0.0505 0.5026 0.4219
v 0.0070 0.6001 0.3398
v 0.1240 0.5449 0.4454
v 0.0130 0.5485 0.3930
v -0.0068 0.5798 0.3238
v -0.1673 0.3947 0.4733
v -0.0410 0.4523 0.4200
v -0.0546 0.4237 0.4534
v -0.0899 0.4941 0.3679
v -0.0974 0.5455 0.3265
v -0.1204 0.4219 0.4522
v -0.1150 0.5316 0.3222
v -0.0494 0.5576 0.3316
v -0.1975 0.3862 0.6351
v -0.3783 0.4117 0.6721
v -0.3275 0.4696 0.6011
v -0.3455 0.5073 0.5103
v -0.3134 0.4287 0.6779
v -0.2185 0.4174 0.6473
v -0.3140 0.5158 0.4443
v -0.2052 0.4302 0.5339
v -0.1881 0.4324 0.4578
v -0.2332 0.4542 0.5628
v -0.2720 0.4973 0.4640
v -0.2810 0.4631 0.4217
v -0.2421 0.4581 0.4744
v -0.1742 0.4342 0.4408
v -0.2816 0.4708 0.5631
v -0.2174 0.4534 0.4246
v -0.2920 0.4892 0.3560
v -0.2564 0.4508 0.4265
v -0.2626 0.4744 0.3001
v -0.2474 0.4920 0.2860
v -0.1933 0.4678 0.3559
v -0.2251 0.5255 0.2871
v -0.1936 0.5087 0.3037
v -0.2869 0.4815 0.3216
v -0.3195 0.4938 0.3863
v -0.1724 0.5510 0.2998
v -0.3005 0.4984 0.2648
v -0.3497 0.5866 0.1958
v -0.3569 0.5140 0.3394
v -0.3198 0.5187 0.2805
v -0.3764 0.3447 0.7888
v -0.0649 0.2368 0.8239
v -0.2710 0.3171 0.8004
v -0.1870 0.1274 0.9221
v -0.3388 0.0266 0.9962
v -0.4121 0.1070 0.9526
v -0.2346 0.1914 0.9234
v -0.3998 0.2352 0.7648
v -0.1551 0.1925 0.9142
v -0.3285 0.2200 0.8496
v -0.2304 0.2832 0.7659
v -0.1715 0.3088 0.7851
v -0.1489 0.3208 0.7343
v -0.2130 0.3392 0.7068
v -0.1529 0.3611 0.7047
v -0.1415 0.2822 0.7460
v -0.1810 0.2714 0.7875
v -0.3266 0.1742 0.9317
v -0.2951 0.2811 0.8113
v -0.2472 0.2455 0.8343
v -0.1831 0.2264 0.8689
v -0.1486 0.2538 0.8269
v 0.0475 0.2799 0.7931
v -0.0845 0.2815 0.7589
v -0.0938 0.2155 0.8850
v -0.0560 0.2370 0.8034
v -0.2820 0.4130 0.6755
v -0.2157 0.3775 0.7560
v -0.2702 0.3629 0.8178
v -0.2861 0.3975 0.7616
v -0.0615 0.1611 0.9284
v 0.0863 0.0068 1.0155
v -0.0065 0.0501 0.9465
v 0.0260 0.1141 0.9276
v 0.0521 0.2239 0.8534
v 0.0161 0.1930 0.8594
v -0.0725 0.1905 0.8721
v -0.1128 0.0061 0.9643
v 0.2116 0.0857 0.9822
v 0.3262 0.4043 0.6327
v 0.4874 0.5367 0.6118
v 0.3342 0.3899 0.6617
v 0.3748 0.5065 0.5705
v 0.4300 0.5743 0.5583
v 0.3711 0.5612 0.5497
v 0.4700 0.3756 0.7266
v 0.3664 0.4478 0.6079
v 0.3879 0.4162 0.6472
v 0.1850 0.3455 0.6555
v 0.2823 0.3545 0.7107
v 0.1302 0.3778 0.5542
v 0.2338 0.3934 0.5889
v 0.2521 0.4022 0.7229
v 0.4545 0.3239 0.9162
v 0.4267 0.3189 0.7949
v 0.3531 0.3714 0.7329
v 0.2909 0.2297 0.9664
v 0.4176 0.2749 0.7632
v 0.3763 0.3710 0.7772
v 0.3782 0.3354 0.7638
v 0.4142 0.3814 0.8195
v 0.4491 0.3571 0.8478
v 0.3715 0.3894 0.7907
v 0.3631 0.2953 0.9403
v 0.7138 0.1905 0.9757
v 0.1866 0.2554 0.9093
v 0.1043 0.4630 0.4883
v 0.2587 0.5113 0.5063
v 0.2441 0.5422 0.5159
v 0.1912 0.4561 0.5302
v 0.2489 0.6090 0.4199
v 0.2224 0.5077 0.5192
v 0.4707 0.4920 0.6246
v 0.6274 0.5461 0.6505
v 0.4891 0.5795 0.5629
v 0.6676 0.5910 0.6548
v 0.5744 0.5879 0.6111
v 0.4770 0.4534 0.6441
v 0.6054 0.5068 0.6377
v 0.5832 0.5513 0.6350
v 0.5195 0.4989 0.6190
v 0.7492 0.3996 0.7441
v 0.6961 0.4116 0.7399
v 0.5434 0.3134 0.7837
v 0.1491 0.1221 0.9401
v 0.6590 0.3327 0.8320
v 0.4836 0.4022 0.7122
v 0.7292 0.3829 0.7717
v 0.6854 0.3119 0.8284
v 0.7114 0.3945 0.7612
v 0.6709 0.1244 0.9526
v 0.7615 0.3405 0.8233
v 0.6046 0.3839 0.7733
v 0.7723 0.5419 0.6508
v 0.7194 0.6141 0.6569
v 0.7632 0.5746 0.6741
v 0.6710 0.5254 0.6722
v 0.7631 0.4509 0.7437
v 0.7108 0.5178 0.6393
v 0.7179 0.5472 0.6739
v 0.6750 0.5568 0.6643
v 0.7100 0.4367 0.7489
v 0.6812 0.4330 0.7549
v 0.6985 0.4789 0.6917
v 0.7318 0.5588 0.6573
v 0.7262 0.5423 0.6573
v 0.5830 0.2625 0.8412
v 0.6702 0.2554 0.8464
v 0.7149 0.2764 0.8794
v 0.6571 0.2874 0.8452
v 0.7695 0.2766 0.8818
v 0.4814 0.0314 1.0464
v 0.7234 0.0130 1.0147
v 0.6893 0.0497 0.9891
v 0.7349 0.0363 1.0060
v 0.6628 0.0547 0.9962
v 0.6468 0.0267 1.0570
v 0.6805 0.0054 1.0255
v 0.7016 0.2424 0.9255
v 0.4736 0.1849 0.9109
v 0.6640 0.2057 0.9807
v 0.7749 0.2488 0.8785
v 0.5988 0.2196 0.9602
v 0.0583 0.1819 0.9280
v 0.4914 0.2570 0.7920
v 0.4447 0.0447 0.9837
v 0.4859 0.2266 0.8894
v 0.7557 0.1815 0.9859
v 0.4592 0.1234 0.9056
v 0.6152 0.1082 0.9680
v 0.4707 0.0600 0.9340
v 0.5430 0.0425 0.9807
v 0.5356 0.1128 0.9716
v 0.5732 0.1368 0.9215
v 0.4248 0.2848 0.9522
v 0.7383 0.0797 1.0008
v 0.7446 0.1058 0.9622
v 0.6605 0.1054 0.9914
v 0.5488 0.0000 1.0513
v 0.4088 0.0715 1.0251
v 0.4101 0.2226 0.8174
v 0.3539 0.0654 1.0332
v 0.3760 0.0701 0.9253
v 0.6731 0.0805 0.9865
v 0.2894 0.3538 0.8336
v 0.2438 0.0498 1.0125
v 0.4138 0.2573 0.8030
v 0.5063 0.2628 0.9696
v 0.1564 0.1923 0.9457
v 0.4442 0.2475 0.8069
v 0.2425 0.1111 0.9358
v 0.3309 0.0876 0.9706
v 0.4478 0.2933 0.8852
v 0.3982 0.2313 0.9839
v 1.3538 0.3652 0.5660
v 1.3294 0.3866 0.5277
v 1.2426 0.4286 0.5024
v 1.2390 0.4146 0.3989
v 1.2259 0.3827 0.5578
v 1.0729 0.4224 0.3316
v 1.0802 0.4240 0.5276
v 1.0284 0.4730 0.5409
v 1.1603 0.3930 0.5485
v 1.0778 0.4332 0.4261
v 1.0126 0.5599 0.4963
v 1.0573 0.4320 0.4921
v 1.0496 0.4396 0.5688
v 1.0239 0.4901 0.3839
v 1.0500 0.4303 0.3541
v 1.0398 0.4641 0.4240
v 1.1132 0.4283 0.3636
v 1.0117 0.5384 0.4193
v 1.1464 0.4734 0.1875
v 1.1479 0.4803 0.1733
v 1.1545 0.5255 0.1383
v 1.0614 0.5917 0.3274
v 1.1327 0.4492 0.2366
v 1.1388 0.4689 0.1960
v 1.1357 0.4237 0.3133
v 1.1779 0.4183 0.4427
v 1.2357 0.4160 0.3879
v 1.2089 0.4144 0.3801
v 0.6150 2.1663 -0.4869
v 1.3407 0.3464 0.6080
v 1.2052 0.4150 0.6219
v 1.3054 0.4073 0.6344
v 1.3012 0.3065 0.7507
v 1.3376 0.3233 0.7095
v 1.2619 0.3983 0.6701
v 1.3017 0.3577 0.7179
v 1.2233 0.3291 0.8830
v 1.1974 0.2612 0.8815
v 1.1672 0.2990 0.8890
v 1.1071 0.3969 0.7314
v 1.1576 0.3737 0.7681
v 1.2220 0.3356 0.8187
v 1.2875 0.2837 0.7966
v 1.3509 0.2701 0.8709
v 1.3446 0.2722 0.8087
v 1.2870 0.3404 0.7821
v 1.1524 0.3626 0.7418
v 1.0757 0.4058 0.6409
v 1.2691 0.2695 0.8504
v 1.2466 0.2655 0.8701
v 1.2460 0.2869 0.8540
v 1.2365 0.3267 0.8684
v 1.2564 0.3100 0.8151
v 0.9318 0.4788 0.6954
v 0.8327 0.4486 0.7527
v 0.8869 0.4318 0.7478
v 0.8223 0.4034 0.7248
v 0.8647 0.5245 0.6724
v 0.8648 0.5521 0.6457
v 1.0750 0.3887 0.6934
v 1.0807 0.4065 0.7601
v 1.0631 0.4495 0.6919
v 1.1441 0.3435 0.8575
v 1.0726 0.3785 0.7514
v 1.0377 0.4358 0.7270
v 0.9859 0.4227 0.7303
v 0.9737 0.4817 0.6824
v 1.0418 0.4053 0.7637
v 1.0692 0.4450 0.6565
v 1.0280 0.5182 0.6228
v 1.0328 0.4479 0.7422
v 0.9345 0.5450 0.6228
v 1.0380 0.5054 0.6172
v 1.0534 0.4928 0.6017
v 0.9569 0.2751 0.9787
v 1.0178 0.3742 0.8137
v 1.0503 0.2932 0.9543
v 1.0846 0.2547 0.9423
v 1.0655 0.3538 0.8152
v 1.0730 0.3335 0.8772
v 0.9259 0.3299 0.8587
v 0.8768 0.2732 0.9284
v 0.8951 0.2578 0.9344
v 0.8130 0.2703 0.8765
v 0.8845 0.3934 0.7172
v 0.8379 0.3044 0.8965
v 0.8702 0.3107 0.8627
v 1.0346 0.2140 0.9562
v 1.1328 0.2583 0.9196
v 1.1558 0.1817 0.8899
v 1.1154 0.0740 1.0214
v 1.2580 0.2370 0.8814
v 1.2427 0.2332 0.9062
v 1.2258 0.1721 0.9138
v 1.3488 0.2186 0.9524
v 1.3449 0.1357 1.0046
v 1.1962 0.1338 1.0214
v 1.3302 0.1614 0.9285
v 1.3337 0.1867 0.9608
v 1.2293 0.1677 0.8857
v 0.7942 0.0808 0.9689
v 0.8058 0.0067 1.0265
v 0.9499 0.2329 0.9716
v 0.8130 0.1836 0.9951
v 0.8367 0.0460 0.9824
v 0.9270 0.0170 1.0187
v 1.0647 0.1193 0.9242
v 0.8931 0.0706 0.9331
v 1.3538 0.2893 0.7458
v -0.7052 0.2608 0.7302
v -0.6233 0.5135 0.3860
v -0.6166 0.5185 0.3448
v -0.6520 0.5320 0.2948
v -0.5304 0.5384 0.3285
v -0.4629 0.5420 0.3306
v -0.4143 0.5455 0.4073
v -0.7419 0.3576 0.5594
v -0.5848 0.4351 0.5725
v -0.5746 0.5060 0.3880
v -0.5524 0.4121 0.6308
v -0.4899 0.4121 0.6010
v -0.5527 0.4455 0.5170
v -0.4693 0.4591 0.5367
v -0.6543 0.5718 0.1616
v -0.4970 0.5064 0.4371
v -0.4889 0.3922 0.6518
v -0.3981 0.3833 0.7270
v -0.5350 0.3691 0.7438
v -0.4591 0.3056 0.7614
v -0.6566 0.4631 0.4809
v -0.7018 0.5873 0.0162
v -0.6532 0.1038 0.9199
v -0.5581 0.0749 0.9497
v -0.5400 0.1610 0.9068
v -0.4732 0.3493 0.7574
v -0.6543 0.1619 0.8475
v -0.5678 0.2177 0.8686
v -0.5878 0.2892 0.7917
v -0.5292 0.1171 0.8997
v -0.5005 0.2065 0.8605
v -0.5029 0.1620 0.8527
v -0.5288 0.2546 0.8338
v -0.4550 0.1974 0.8044
v -0.4550 0.2363 0.8088
v -0.4839 0.3750 0.7342
v -0.5155 0.3566 0.7938
v -0.4285 0.1481 0.9066
v -0.7847 0.4798 0.3627
v -0.7977 0.5285 0.3053
v -0.7711 0.5523 0.2381
v -0.7222 0.5225 0.3278
v -0.4764 0.5801 0.2077
v -0.7065 0.5944 0.0387
v 0.4611 0.6564 0.5905
v 0.3413 0.6065 0.4905
v 0.4947 0.6625 0.5755
v 0.5084 0.6836 0.5964
v 0.4344 0.6168 0.5517
v 0.2775 0.7118 0.4348
v 0.5304 0.6267 0.5977
v 0.5058 0.7810 0.4490
v 0.4999 0.6536 0.5578
v 0.3424 0.6265 0.5284
v 0.3460 0.7966 0.3165
v 0.4188 0.6874 0.5534
v 0.6646 0.7355 0.5372
v 0.6862 0.7258 0.5864
v 0.6704 0.6185 0.6651
v 0.7353 0.6659 0.6688
v 0.5953 0.6191 0.6370
v 0.5517 0.6774 0.5815
v 0.5701 0.7251 0.5725
v 0.6906 0.7404 0.6179
v 0.6306 0.6943 0.6120
v 0.6411 0.7173 0.6251
v 0.6478 0.6730 0.6426
v 0.7145 0.7471 0.6111
v 0.7225 0.7800 0.5547
v 0.7714 0.7415 0.5226
v 0.6668 0.8163 0.4309
v 0.6837 0.8103 0.4624
v 0.7213 0.8030 0.5086
v 0.6399 0.8700 0.3639
v 0.6838 0.7779 0.4599
v 0.6809 0.7955 0.5138
v 0.2082 0.6656 0.4353
v 0.2670 0.6330 0.4756
v 0.1904 0.6077 0.4130
v 0.1149 0.6196 0.3888
v 0.1552 0.6384 0.4170
v 0.2423 0.7458 0.4085
v -0.7076 0.6877 -0.0408
v -0.7079 0.6212 -0.0175
v -0.6075 0.6634 -0.0081
v -0.7061 0.7321 -0.0638
v -0.6998 0.6913 -0.0515
v -0.7095 0.6797 -0.0384
v -0.6623 1.1000 -0.2519
v -0.6954 0.9870 -0.1851
v -0.6330 1.0715 -0.2068
v -0.7536 0.7999 -0.1471
v -0.5078 0.8562 -0.0453
v -0.5846 1.0063 -0.1417
v -0.5971 0.7546 -0.0292
v -0.5056 0.7415 0.0307
v -0.5639 0.7456 -0.0185
v -0.7576 0.9365 -0.2099
v -0.3948 0.7623 0.0926
v -0.4617 1.0869 -0.1196
v -0.8229 1.0809 -0.3029
v -0.5655 1.0831 -0.1699
v -0.8709 0.8362 -0.2285
v -0.6487 0.7359 -0.0575
v -0.7813 0.8302 -0.1282
v -0.7000 0.7634 -0.0920
v -0.4094 0.8018 0.0343
v -0.5372 0.8963 -0.0851
v -0.5515 0.9195 -0.1174
v -0.6387 0.8860 -0.1315
v -0.4901 0.9148 -0.0835
v -0.6817 0.9243 -0.1665
v -0.5402 0.6526 0.0548
v -0.7302 0.8622 -0.1654
v 0.6604 2.1683 -0.4345
v -0.4067 0.9961 -0.0372
v -0.5208 0.7677 -0.0020
v -0.7876 0.8550 -0.1898
v -0.6880 0.7575 -0.1186
v -0.6842 0.8453 -0.1472
v -0.8814 1.0944 -0.3500
v -0.5363 0.9509 -0.0992
v -0.8311 0.9452 -0.2513
v -0.9344 0.9317 -0.3182
v -0.5185 0.8067 -0.0382
v -0.6227 0.8227 -0.1111
v -0.5127 0.7841 -0.0017
v -0.4543 0.8058 0.0201
v -0.5253 1.1240 -0.2188
v -0.4520 1.2091 -0.2045
v -0.6129 1.1964 -0.2623
v -0.5839 1.3620 -0.3458
v -0.5095 1.2739 -0.2524
v -0.4494 1.3875 -0.2963
v -0.5066 1.4100 -0.3305
v -0.5405 1.3692 -0.3282
v -0.4313 1.2278 -0.2041
v -0.6601 1.2235 -0.3193
v -0.6441 1.1517 -0.2624
v -0.5794 1.1022 -0.2193
v -0.6508 1.2805 -0.3328
v -0.6185 1.2408 -0.3023
v -0.5865 1.2931 -0.3031
v -0.5581 1.1604 -0.2476
v -0.5452 1.2318 -0.2479
v -0.5370 1.1948 -0.2297
v -0.5845 1.1743 -0.2469
v -0.5475 1.4665 -0.3768
v -0.4974 1.5289 -0.3977
v -0.3856 1.4241 -0.2691
v -0.6231 1.4036 -0.3702
v -0.7289 1.3765 -0.4339
v -0.6573 1.3618 -0.3918
v -0.7405 1.2114 -0.3494
v -0.7885 1.2232 -0.3966
v -0.8034 1.1098 -0.3230
v -0.7892 1.1661 -0.3377
v -0.7668 1.1465 -0.3156
v -0.7069 1.2556 -0.3585
v -0.6906 1.1654 -0.2792
v -0.7644 1.2769 -0.3929
v -0.7086 1.1202 -0.2568
v -0.9833 0.8287 -0.2526
v -0.9352 0.8604 -0.2651
v 0.6780 2.1698 -0.3891
v -1.0540 0.9822 -0.4038
v -1.0780 1.0415 -0.4146
v -1.0007 1.0450 -0.3847
v -0.9984 1.0728 -0.4081
v -0.9346 1.0658 -0.3624
v -1.1431 0.8331 -0.3783
v -0.9078 0.8273 -0.2153
v -1.0457 0.8378 -0.3202
v -1.1138 0.8228 -0.3137
v -1.0370 0.9240 -0.3677
v -1.2807 1.2461 -0.6056
v -1.0162 1.2691 -0.4846
v -0.9619 1.1065 -0.3984
v -0.9331 1.2856 -0.4406
v -1.0814 1.5890 -0.7225
v -1.0184 1.5467 -0.6755
v -1.0679 1.5194 -0.6811
v -1.1141 1.0294 -0.4356
v -1.3118 1.3213 -0.6705
v -1.1407 0.9254 -0.4376
v -1.1760 1.2390 -0.5278
v -1.0631 1.3990 -0.5610
v -1.0800 1.4520 -0.6488
v -1.2723 1.6274 -0.8302
v -1.0526 1.0847 -0.4423
v -1.2049 1.5698 -0.7862
v -1.2021 1.6332 -0.8345
v -1.3537 1.3947 -0.7654
v -1.2022 1.3455 -0.6031
v -0.8751 1.2346 -0.4475
v -1.2539 1.4495 -0.7492
v -1.2350 1.5259 -0.7686
v -0.9439 1.3680 -0.5032
v -0.9696 1.4160 -0.5472
v -1.2750 1.4990 -0.7884
v -1.2302 0.9766 -0.4940
v -1.0221 1.1790 -0.4523
v -1.3470 1.2675 -0.6230
v -1.2176 0.9068 -0.4469
v -1.3309 1.3741 -0.7244
v -1.1305 1.5375 -0.7199
v -1.1034 1.3081 -0.5507
v -1.3377 1.1508 -0.5221
v -1.2454 1.4021 -0.6657
v -1.1418 1.3527 -0.5603
v -1.2832 0.9640 -0.5207
v -1.1267 1.1656 -0.5094
v -1.2132 0.9915 -0.4871
v -1.1863 1.0660 -0.4845
v -1.3254 0.9870 -0.5082
v -1.1437 0.9956 -0.4473
v -0.9953 1.6302 -0.7031
v -0.9922 1.6877 -0.7352
v -0.8802 1.6873 -0.6777
v -1.3517 1.6901 -0.8829
v -1.2513 1.0089 -0.4934
v -1.3361 1.4464 -0.7949
v -1.0555 1.2918 -0.4925
v -1.3535 1.4685 -0.8197
v -1.2236 1.1708 -0.4858
v -1.3362 1.0907 -0.5470
v -0.9007 1.1439 -0.3818
v -0.9652 1.5746 -0.6715
v -1.0998 1.7190 -0.8041
v -1.0475 1.6661 -0.7502
v -1.0902 1.6456 -0.7648
v -0.9054 1.4799 -0.5591
v -1.1894 1.6552 -0.8110
v -0.8928 1.6084 -0.6489
v -1.2962 1.7069 -0.8706
v -1.2856 1.6564 -0.8684
v -1.1653 1.4488 -0.6837
v -1.3505 1.5394 -0.8303
v -1.3473 1.6188 -0.8539
v -0.9825 1.5182 -0.6398
v -0.8960 1.5625 -0.6153
v -0.7057 1.6811 -0.5938
v -0.8306 1.6491 -0.6479
v -0.7217 1.5220 -0.4877
v -0.6890 1.5869 -0.5591
v -0.8233 1.5795 -0.5771
v -0.7916 1.6065 -0.5981
v -0.7635 1.6239 -0.6031
v -0.8273 1.3518 -0.4692
v -0.7026 1.5166 -0.5104
v -0.6601 1.4824 -0.4404
v -0.5753 1.5550 -0.4764
v -0.7254 1.6012 -0.5656
v -0.6993 1.6474 -0.5964
v -0.6729 1.6343 -0.5622
v -0.6761 1.6298 -0.5919
v -0.7574 1.4248 -0.4521
v -0.7271 1.6475 -0.5891
v -0.7378 1.4878 -0.4879
v -0.7721 1.6830 -0.6220
v -0.6741 1.6725 -0.5556
v -0.6135 1.6049 -0.5187
v -0.5074 1.6115 -0.4688
v -0.5594 1.6630 -0.5017
v -0.5129 1.6733 -0.4860
v -0.5110 1.5680 -0.4409
v -0.6252 1.6541 -0.5289
v -0.3830 1.7046 -0.4592
v -0.4630 1.7007 -0.4764
v -0.3641 1.7400 -0.4551
v -0.4618 1.6740 -0.4824
v -0.7772 0.5593 0.2583
v -0.3550 0.5484 0.2081
vt 0.43084 0.42239
vt 0.42578 0.42145
vt 0.43287 0.42122
vt 0.27570 0.03025
vt 0.26182 0.03247
vt 0.25732 0.02828
vt 0.95012 0.26140
vt 0.96237 0.26960
vt 0.94932 0.27386
vt 0.25521 0.03407
vt 0.25474 0.02899
vt 0.25732 0.02828
vt 0.26239 0.02122
vt 0.27570 0.03025
vt 0.25732 0.02828
vt 0.41570 0.95875
vt 0.42769 0.95457
vt 0.42371 0.96149
vt 0.71989 0.34520
vt 0.75285 0.34058
vt 0.73044 0.36038
vt 0.69820 0.26557
vt 0.70535 0.27465
vt 0.69017 0.27069
vt 0.83510 0.06422
vt 0.85666 0.05877
vt 0.84269 0.07595
vt 0.70575 0.33513
vt 0.68246 0.36760
vt 0.69260 0.32074
vt 0.72313 0.32007
vt 0.70575 0.33513
vt 0.69821 0.29595
vt 0.70535 0.27465
vt 0.69820 0.26557
vt 0.71410 0.25647
vt 0.72286 0.29020
vt 0.70535 0.27465
vt 0.71925 0.26979
vt 0.04173 0.82913
vt 0.02742 0.80692
vt 0.04827 0.81478
vt 0.71410 0.25647
vt 0.73007 0.24931
vt 0.71925 0.26979
vt 0.01698 0.82829
vt 0.02232 0.81912
vt 0.04173 0.82913
vt 0.68245 0.27823
vt 0.69017 0.27069
vt 0.70535 0.27465
vt 0.70535 0.27465
vt 0.71410 0.25647
vt 0.71925 0.26979
vt 0.04173 0.82913
vt 0.04056 0.85720
vt 0.01267 0.83936
vt 0.01267 0.83936
vt 0.01698 0.82829
vt 0.04173 0.82913
vt 0.04827 0.81478
vt 0.06482 0.83642
vt 0.05559 0.84479
vt 0.72969 0.27324
vt 0.75574 0.26352
vt 0.73979 0.29429
vt 0.69260 0.32074
vt 0.68006 0.30273
vt 0.69821 0.29595
vt 0.78030 0.23152
vt 0.76622 0.25993
vt 0.75582 0.24182
vt 0.75574 0.26352
vt 0.75787 0.27934
vt 0.73979 0.29429
vt 0.72286 0.29020
vt 0.71925 0.26979
vt 0.72969 0.27324
vt 0.70879 0.29950
vt 0.72286 0.29020
vt 0.72313 0.32007
vt 0.72286 0.29020
vt 0.72969 0.27324
vt 0.73979 0.29429
vt 0.00578 0.86245
vt 0.01251 0.85045
vt 0.02688 0.86257
vt 0.04173 0.82913
vt 0.04827 0.81478
vt 0.05559 0.84479
vt 0.04056 0.85720
vt 0.02688 0.86257
vt 0.01251 0.85045
vt 0.01281 0.87482
vt 0.00578 0.86245
vt 0.02688 0.86257
vt 0.70879 0.29950
vt 0.72313 0.32007
vt 0.69821 0.29595
vt 0.70879 0.29950
vt 0.69821 0.29595
vt 0.70535 0.27465
vt 0.72313 0.32007
vt 0.71989 0.34520
vt 0.70575 0.33513
vt 0.68245 0.27823
vt 0.70535 0.27465
vt 0.69821 0.29595
vt 0.64371 0.32175
vt 0.62987 0.32958
vt 0.64651 0.31103
vt 0.16335 0.86970
vt 0.17185 0.85149
vt 0.17378 0.85793
vt 0.15644 0.83051
vt 0.17185 0.85149
vt 0.15651 0.85916
vt 0.15155 0.87170
vt 0.15651 0.85916
vt 0.16335 0.86970
vt 0.02141 0.76101
vt 0.03054 0.73961
vt 0.03737 0.75683
vt 0.02304 0.79246
vt 0.02131 0.78279
vt 0.03737 0.75683
vt 0.03737 0.75683
vt 0.02131 0.78279
vt 0.02141 0.76101
vt 0.67165 0.01452
vt 0.65989 0.02141
vt 0.66443 0.01254
vt 0.03737 0.75683
vt 0.05943 0.73393
vt 0.06976 0.79817
vt 0.03054 0.73961
vt 0.03635 0.73173
vt 0.03737 0.75683
vt 0.15651 0.85916
vt 0.17185 0.85149
vt 0.16335 0.86970
vt 0.64371 0.32175
vt 0.62837 0.33911
vt 0.62987 0.32958
vt 0.61777 0.33278
vt 0.62987 0.32958
vt 0.62244 0.33711
vt 0.05943 0.73393
vt 0.06607 0.75926
vt 0.06976 0.79817
vt 0.62244 0.33711
vt 0.62987 0.32958
vt 0.62837 0.33911
vt 0.03635 0.73173
vt 0.05943 0.73393
vt 0.03737 0.75683
vt 0.07646 0.77213
vt 0.08918 0.79092
vt 0.06976 0.79817
vt 0.68094 0.91839
vt 0.66991 0.97409
vt 0.63603 0.93697
vt 0.08918 0.79092
vt 0.09228 0.76898
vt 0.10153 0.78031
vt 0.06976 0.79817
vt 0.06607 0.75926
vt 0.07646 0.77213
vt 0.08918 0.79092
vt 0.07646 0.77213
vt 0.08778 0.75883
vt 0.08778 0.75883
vt 0.09228 0.76898
vt 0.08918 0.79092
vt 0.65184 0.91022
vt 0.68094 0.91839
vt 0.63603 0.93697
vt 0.67337 0.89445
vt 0.68094 0.91839
vt 0.65184 0.91022
vt 0.06976 0.79817
vt 0.06482 0.83642
vt 0.04827 0.81478
vt 0.69260 0.32074
vt 0.64371 0.32175
vt 0.65662 0.30435
vt 0.65662 0.30435
vt 0.68006 0.30273
vt 0.69260 0.32074
vt 0.66022 0.29493
vt 0.65662 0.30435
vt 0.65261 0.30390
vt 0.02304 0.79246
vt 0.04827 0.81478
vt 0.02742 0.80692
vt 0.70575 0.33513
vt 0.69260 0.32074
vt 0.69821 0.29595
vt 0.65906 0.35421
vt 0.69260 0.32074
vt 0.68246 0.36760
vt 0.03737 0.75683
vt 0.04827 0.81478
vt 0.02304 0.79246
vt 0.65261 0.30390
vt 0.65662 0.30435
vt 0.64651 0.31103
vt 0.65662 0.30435
vt 0.64371 0.32175
vt 0.64651 0.31103
vt 0.06976 0.79817
vt 0.04827 0.81478
vt 0.03737 0.75683
vt 0.68246 0.36760
vt 0.66063 0.37224
vt 0.65906 0.35421
vt 0.66063 0.37224
vt 0.68246 0.36760
vt 0.67177 0.37645
vt 0.70571 0.36762
vt 0.68246 0.36760
vt 0.70575 0.33513
vt 0.51235 0.95214
vt 0.49405 0.96617
vt 0.48865 0.95386
vt 0.05943 0.73393
vt 0.04125 0.72078
vt 0.05244 0.72170
vt 0.48318 0.96762
vt 0.48865 0.95386
vt 0.49405 0.96617
vt 0.47590 0.95608
vt 0.48865 0.95386
vt 0.48318 0.96762
vt 0.48318 0.96762
vt 0.47137 0.96871
vt 0.47590 0.95608
vt 0.68743 0.87285
vt 0.67202 0.87335
vt 0.67375 0.86608
vt 0.65749 0.89676
vt 0.65184 0.91022
vt 0.64516 0.90486
vt 0.70014 0.89043
vt 0.71097 0.86845
vt 0.71548 0.87862
vt 0.66687 0.87482
vt 0.67375 0.86608
vt 0.67202 0.87335
vt 0.05943 0.73393
vt 0.05996 0.72292
vt 0.06340 0.72867
vt 0.48051 0.94629
vt 0.48865 0.95386
vt 0.47590 0.95608
vt 0.07259 0.73430
vt 0.07646 0.77213
vt 0.06607 0.75926
vt 0.66487 0.88529
vt 0.68743 0.87285
vt 0.67337 0.89445
vt 0.71021 0.90300
vt 0.68094 0.91839
vt 0.70014 0.89043
vt 0.66487 0.88529
vt 0.66687 0.87482
vt 0.67202 0.87335
vt 0.05943 0.73393
vt 0.06340 0.72867
vt 0.07259 0.73430
vt 0.68743 0.87285
vt 0.66487 0.88529
vt 0.67202 0.87335
vt 0.71097 0.86845
vt 0.68743 0.87285
vt 0.69575 0.87001
vt 0.69575 0.87001
vt 0.70736 0.86494
vt 0.71097 0.86845
vt 0.68743 0.87285
vt 0.71097 0.86845
vt 0.70014 0.89043
vt 0.07259 0.73430
vt 0.08573 0.74172
vt 0.07646 0.77213
vt 0.65749 0.89676
vt 0.67337 0.89445
vt 0.65184 0.91022
vt 0.18405 0.85349
vt 0.17185 0.85149
vt 0.19135 0.84216
vt 0.48051 0.94629
vt 0.47590 0.95608
vt 0.46613 0.95512
vt 0.18405 0.85349
vt 0.17378 0.85793
vt 0.17185 0.85149
vt 0.65749 0.89676
vt 0.66487 0.88529
vt 0.67337 0.89445
vt 0.70014 0.89043
vt 0.67337 0.89445
vt 0.68743 0.87285
vt 0.08778 0.75883
vt 0.07646 0.77213
vt 0.08573 0.74172
vt 0.05943 0.73393
vt 0.05244 0.72170
vt 0.05996 0.72292
vt 0.45660 0.95928
vt 0.46613 0.95512
vt 0.46534 0.96646
vt 0.46534 0.96646
vt 0.46613 0.95512
vt 0.47590 0.95608
vt 0.47137 0.96871
vt 0.46534 0.96646
vt 0.47590 0.95608
vt 0.68094 0.91839
vt 0.67337 0.89445
vt 0.70014 0.89043
vt 0.06607 0.75926
vt 0.05943 0.73393
vt 0.07259 0.73430
vt 0.71021 0.90300
vt 0.70014 0.89043
vt 0.70683 0.89790
vt 0.17054 0.83493
vt 0.17185 0.85149
vt 0.15644 0.83051
vt 0.17054 0.83493
vt 0.19135 0.84216
vt 0.17185 0.85149
vt 0.04125 0.72078
vt 0.05943 0.73393
vt 0.03635 0.73173
vt 0.64371 0.32175
vt 0.65906 0.35421
vt 0.62837 0.33911
vt 0.63982 0.35606
vt 0.62837 0.33911
vt 0.65906 0.35421
vt 0.68737 0.01576
vt 0.70161 0.01184
vt 0.70776 0.01459
vt 0.62493 0.35298
vt 0.63982 0.35606
vt 0.63263 0.36388
vt 0.63982 0.35606
vt 0.66063 0.37224
vt 0.64333 0.36601
vt 0.69271 0.06291
vt 0.67163 0.07115
vt 0.67165 0.01452
vt 0.63982 0.35606
vt 0.62493 0.35298
vt 0.62837 0.33911
vt 0.62244 0.33711
vt 0.62837 0.33911
vt 0.62493 0.35298
vt 0.63982 0.35606
vt 0.65906 0.35421
vt 0.66063 0.37224
vt 0.63982 0.35606
vt 0.64333 0.36601
vt 0.63263 0.36388
vt 0.68737 0.01576
vt 0.70776 0.01459
vt 0.69271 0.06291
vt 0.65906 0.35421
vt 0.64371 0.32175
vt 0.69260 0.32074
vt 0.65470 0.37931
vt 0.64333 0.36601
vt 0.66063 0.37224
vt 0.73255 0.02290
vt 0.69271 0.06291
vt 0.70776 0.01459
vt 0.68737 0.01576
vt 0.69271 0.06291
vt 0.67165 0.01452
vt 0.64239 0.07200
vt 0.63956 0.05911
vt 0.65430 0.08011
vt 0.64164 0.08458
vt 0.64132 0.07668
vt 0.65240 0.09029
vt 0.20646 0.80202
vt 0.20381 0.78738
vt 0.21186 0.78887
vt 0.52327 0.91499
vt 0.50019 0.93441
vt 0.49896 0.92280
vt 0.49896 0.92280
vt 0.50748 0.91240
vt 0.52327 0.91499
vt 0.64239 0.07200
vt 0.65430 0.08011
vt 0.64132 0.07668
vt 0.18662 0.79985
vt 0.20115 0.81638
vt 0.17506 0.82389
vt 0.17682 0.80140
vt 0.18662 0.79985
vt 0.17506 0.82389
vt 0.63956 0.05911
vt 0.67163 0.07115
vt 0.65430 0.08011
vt 0.20115 0.81638
vt 0.18662 0.79985
vt 0.20646 0.80202
vt 0.52327 0.91499
vt 0.50748 0.91240
vt 0.51223 0.90035
vt 0.19681 0.82597
vt 0.19135 0.84216
vt 0.17506 0.82389
vt 0.65430 0.08011
vt 0.65240 0.09029
vt 0.64132 0.07668
vt 0.19681 0.82597
vt 0.17506 0.82389
vt 0.20115 0.81638
vt 0.19395 0.78991
vt 0.20381 0.78738
vt 0.20646 0.80202
vt 0.64379 0.09439
vt 0.65128 0.09859
vt 0.64796 0.10482
vt 0.21527 0.79574
vt 0.20646 0.80202
vt 0.21186 0.78887
vt 0.18662 0.79985
vt 0.19395 0.78991
vt 0.20646 0.80202
vt 0.64379 0.09439
vt 0.65240 0.09029
vt 0.65128 0.09859
vt 0.64379 0.09439
vt 0.64164 0.08458
vt 0.65240 0.09029
vt 0.17506 0.82389
vt 0.15881 0.81839
vt 0.16369 0.81409
vt 0.17054 0.83493
vt 0.17506 0.82389
vt 0.19135 0.84216
vt 0.17506 0.82389
vt 0.16369 0.81409
vt 0.17682 0.80140
vt 0.52813 0.93507
vt 0.48865 0.95386
vt 0.50019 0.93441
vt 0.50019 0.93441
vt 0.48865 0.95386
vt 0.48051 0.94629
vt 0.51235 0.95214
vt 0.48865 0.95386
vt 0.52813 0.93507
vt 0.17506 0.82389
vt 0.17054 0.83493
vt 0.15644 0.83051
vt 0.17506 0.82389
vt 0.15644 0.83051
vt 0.15881 0.81839
vt 0.64239 0.07200
vt 0.63528 0.06089
vt 0.63956 0.05911
vt 0.64132 0.07668
vt 0.63528 0.06089
vt 0.64239 0.07200
vt 0.64603 0.04502
vt 0.63956 0.05911
vt 0.64090 0.04330
vt 0.52103 0.96689
vt 0.51124 0.96887
vt 0.50608 0.96192
vt 0.52103 0.96689
vt 0.50608 0.96192
vt 0.51235 0.95214
vt 0.52813 0.93507
vt 0.50019 0.93441
vt 0.52327 0.91499
vt 0.50608 0.96192
vt 0.49405 0.96617
vt 0.51235 0.95214
vt 0.64090 0.04330
vt 0.65989 0.02141
vt 0.64603 0.04502
vt 0.64603 0.04502
vt 0.67163 0.07115
vt 0.63956 0.05911
vt 0.65989 0.02141
vt 0.67163 0.07115
vt 0.64603 0.04502
vt 0.67165 0.01452
vt 0.67163 0.07115
vt 0.65989 0.02141
vt 0.08491 0.89151
vt 0.09362 0.89580
vt 0.06578 0.90691
vt 0.06573 0.92436
vt 0.06578 0.90691
vt 0.09362 0.89580
vt 0.09568 0.94015
vt 0.06573 0.92436
vt 0.09362 0.89580
vt 0.09362 0.89580
vt 0.10394 0.90356
vt 0.09568 0.94015
vt 0.09568 0.94015
vt 0.10394 0.90356
vt 0.11202 0.94550
vt 0.13730 0.88737
vt 0.12434 0.92063
vt 0.11397 0.88830
vt 0.12434 0.92063
vt 0.11202 0.94550
vt 0.10394 0.90356
vt 0.09682 0.88797
vt 0.09362 0.89580
vt 0.08491 0.89151
vt 0.09362 0.89580
vt 0.09682 0.88797
vt 0.10394 0.90356
vt 0.09682 0.88797
vt 0.09778 0.87338
vt 0.11397 0.88830
vt 0.11397 0.88830
vt 0.10394 0.90356
vt 0.09682 0.88797
vt 0.12434 0.92063
vt 0.10394 0.90356
vt 0.11397 0.88830
vt 0.13730 0.88737
vt 0.11397 0.88830
vt 0.12890 0.86209
vt 0.12890 0.86209
vt 0.11397 0.88830
vt 0.09778 0.87338
vt 0.08918 0.79092
vt 0.10798 0.83185
vt 0.06976 0.79817
vt 0.06976 0.79817
vt 0.10798 0.83185
vt 0.09778 0.87338
vt 0.06976 0.79817
vt 0.09778 0.87338
vt 0.06482 0.83642
vt 0.10798 0.83185
vt 0.12890 0.86209
vt 0.09778 0.87338
vt 0.08491 0.89151
vt 0.09778 0.87338
vt 0.09682 0.88797
vt 0.05559 0.84479
vt 0.06482 0.83642
vt 0.06508 0.85952
vt 0.04056 0.85720
vt 0.06508 0.85952
vt 0.04867 0.88506
vt 0.04056 0.85720
vt 0.05559 0.84479
vt 0.06508 0.85952
vt 0.09778 0.87338
vt 0.08491 0.89151
vt 0.06508 0.85952
vt 0.04867 0.88506
vt 0.06508 0.85952
vt 0.08491 0.89151
vt 0.06578 0.90691
vt 0.04867 0.88506
vt 0.08491 0.89151
vt 0.06482 0.83642
vt 0.09778 0.87338
vt 0.06508 0.85952
vt 0.04056 0.85720
vt 0.04173 0.82913
vt 0.05559 0.84479
vt 0.61407 0.97934
vt 0.66991 0.97409
vt 0.65113 0.97963
vt 0.65113 0.97963
vt 0.64634 0.98123
vt 0.61407 0.97934
vt 0.65113 0.97963
vt 0.64732 0.98165
vt 0.64634 0.98123
vt 0.62082 0.98945
vt 0.61407 0.97934
vt 0.64634 0.98123
vt 0.61124 0.99346
vt 0.61407 0.97934
vt 0.62082 0.98945
vt 0.61274 0.99307
vt 0.61124 0.99346
vt 0.62082 0.98945
vt 0.14562 0.82339
vt 0.14686 0.83495
vt 0.13345 0.81751
vt 0.10798 0.83185
vt 0.10153 0.78031
vt 0.13345 0.81751
vt 0.10153 0.78031
vt 0.10798 0.83185
vt 0.08918 0.79092
vt 0.10798 0.83185
vt 0.14686 0.83495
vt 0.12890 0.86209
vt 0.10798 0.83185
vt 0.13345 0.81751
vt 0.14686 0.83495
vt 0.63603 0.93697
vt 0.66991 0.97409
vt 0.61407 0.97934
vt 0.88214 0.14756
vt 0.88991 0.16798
vt 0.88480 0.17068
vt 0.71989 0.34520
vt 0.75699 0.31452
vt 0.75285 0.34058
vt 0.04561 0.92664
vt 0.04552 0.91664
vt 0.05740 0.92312
vt 0.06578 0.90691
vt 0.06573 0.92436
vt 0.05740 0.92312
vt 0.85789 0.31714
vt 0.85906 0.30793
vt 0.86694 0.31284
vt 0.76394 0.18717
vt 0.75734 0.20113
vt 0.75149 0.18725
vt 0.75353 0.13118
vt 0.76577 0.14178
vt 0.75163 0.13936
vt 0.75149 0.18725
vt 0.75123 0.17081
vt 0.76394 0.18717
vt 0.75149 0.18725
vt 0.75734 0.20113
vt 0.74794 0.20844
vt 0.75353 0.13118
vt 0.76351 0.12118
vt 0.76577 0.14178
vt 0.05226 0.94226
vt 0.04659 0.96092
vt 0.03549 0.94435
vt 0.86918 0.28356
vt 0.87811 0.28813
vt 0.86354 0.29247
vt 0.04575 0.97161
vt 0.04735 0.96537
vt 0.05603 0.97352
vt 0.05226 0.94226
vt 0.05740 0.92312
vt 0.06573 0.92436
vt 0.04552 0.91664
vt 0.04661 0.90773
vt 0.05740 0.92312
vt 0.04561 0.92664
vt 0.05740 0.92312
vt 0.05226 0.94226
vt 0.85906 0.30793
vt 0.85433 0.28869
vt 0.86746 0.30089
vt 0.01601 0.93742
vt 0.01540 0.92071
vt 0.03061 0.92573
vt 0.74864 0.09886
vt 0.74537 0.10617
vt 0.74363 0.08924
vt 0.04735 0.96537
vt 0.05558 0.96192
vt 0.05603 0.97352
vt 0.05603 0.97352
vt 0.04850 0.97981
vt 0.04575 0.97161
vt 0.86354 0.29247
vt 0.86746 0.30089
vt 0.85433 0.28869
vt 0.05558 0.96192
vt 0.04659 0.96092
vt 0.05226 0.94226
vt 0.03549 0.94435
vt 0.04561 0.92664
vt 0.05226 0.94226
vt 0.88049 0.27169
vt 0.86918 0.28356
vt 0.86692 0.27457
vt 0.04735 0.96537
vt 0.03981 0.96545
vt 0.04659 0.96092
vt 0.76577 0.14178
vt 0.77525 0.15812
vt 0.75415 0.15268
vt 0.04850 0.97981
vt 0.05314 0.98077
vt 0.05020 0.98324
vt 0.03981 0.96545
vt 0.04735 0.96537
vt 0.04575 0.97161
vt 0.74958 0.11690
vt 0.75863 0.10266
vt 0.76351 0.12118
vt 0.75352 0.12420
vt 0.74958 0.11690
vt 0.76351 0.12118
vt 0.76394 0.18717
vt 0.77525 0.15812
vt 0.78454 0.16252
vt 0.75353 0.13118
vt 0.75352 0.12420
vt 0.76351 0.12118
vt 0.85906 0.30793
vt 0.86746 0.30089
vt 0.86694 0.31284
vt 0.04659 0.96092
vt 0.05558 0.96192
vt 0.04735 0.96537
vt 0.04474 0.98306
vt 0.04850 0.97981
vt 0.05020 0.98324
vt 0.05987 0.96798
vt 0.05603 0.97352
vt 0.05558 0.96192
vt 0.01601 0.93742
vt 0.03549 0.94435
vt 0.01998 0.95020
vt 0.75415 0.15268
vt 0.75163 0.13936
vt 0.76577 0.14178
vt 0.76394 0.18717
vt 0.78526 0.18474
vt 0.78530 0.19450
vt 0.03344 0.91568
vt 0.04552 0.91664
vt 0.04561 0.92664
vt 0.84993 0.30777
vt 0.85433 0.28869
vt 0.85906 0.30793
vt 0.04659 0.96092
vt 0.03345 0.95659
vt 0.03549 0.94435
vt 0.76458 0.21450
vt 0.74794 0.20844
vt 0.75734 0.20113
vt 0.71773 0.61298
vt 0.70886 0.59875
vt 0.71910 0.59484
vt 0.85911 0.24891
vt 0.84875 0.26947
vt 0.83133 0.26010
vt 0.76394 0.18717
vt 0.75123 0.17081
vt 0.77525 0.15812
vt 0.78526 0.18474
vt 0.76394 0.18717
vt 0.78454 0.16252
vt 0.03345 0.95659
vt 0.01998 0.95020
vt 0.03549 0.94435
vt 0.71773 0.61298
vt 0.71910 0.59484
vt 0.72691 0.61028
vt 0.70612 0.62868
vt 0.71328 0.62244
vt 0.71486 0.63022
vt 0.74583 0.23090
vt 0.76458 0.21450
vt 0.75582 0.24182
vt 0.69405 0.61238
vt 0.69857 0.58780
vt 0.70115 0.60791
vt 0.70886 0.59875
vt 0.71187 0.57846
vt 0.71910 0.59484
vt 0.83741 0.30713
vt 0.84280 0.31844
vt 0.82597 0.32082
vt 0.69857 0.58780
vt 0.70886 0.59875
vt 0.70115 0.60791
vt 0.68877 0.59497
vt 0.69857 0.58780
vt 0.69405 0.61238
vt 0.67427 0.59615
vt 0.68688 0.57591
vt 0.68877 0.59497
vt 0.70541 0.57298
vt 0.71187 0.57846
vt 0.70886 0.59875
vt 0.70541 0.57298
vt 0.70886 0.59875
vt 0.69857 0.58780
vt 0.73199 0.63934
vt 0.71486 0.63022
vt 0.72906 0.62617
vt 0.71328 0.62244
vt 0.72906 0.62617
vt 0.71486 0.63022
vt 0.73199 0.63934
vt 0.72055 0.65274
vt 0.71486 0.63022
vt 0.82597 0.32082
vt 0.84280 0.31844
vt 0.83014 0.33754
vt 0.76394 0.18717
vt 0.77611 0.20587
vt 0.76458 0.21450
vt 0.03344 0.91568
vt 0.04561 0.92664
vt 0.03061 0.92573
vt 0.78530 0.19450
vt 0.77611 0.20587
vt 0.76394 0.18717
vt 0.88394 0.26569
vt 0.87757 0.26250
vt 0.89039 0.24638
vt 0.84674 0.30160
vt 0.84383 0.29455
vt 0.85433 0.28869
vt 0.03549 0.94435
vt 0.03061 0.92573
vt 0.04561 0.92664
vt 0.67500 0.50590
vt 0.66870 0.49806
vt 0.66714 0.48924
vt 0.83741 0.30713
vt 0.82597 0.32082
vt 0.82262 0.29850
vt 0.71773 0.61298
vt 0.71328 0.62244
vt 0.70562 0.61495
vt 0.72691 0.61028
vt 0.72906 0.62617
vt 0.71328 0.62244
vt 0.67124 0.60473
vt 0.67427 0.59615
vt 0.68877 0.59497
vt 0.68877 0.59497
vt 0.68433 0.61357
vt 0.67124 0.60473
vt 0.68877 0.59497
vt 0.69405 0.61238
vt 0.68433 0.61357
vt 0.68433 0.61357
vt 0.66496 0.62541
vt 0.67124 0.60473
vt 0.70115 0.60791
vt 0.69458 0.62587
vt 0.69405 0.61238
vt 0.69458 0.62587
vt 0.70115 0.60791
vt 0.70612 0.62868
vt 0.69405 0.61238
vt 0.68823 0.61725
vt 0.68433 0.61357
vt 0.66496 0.62541
vt 0.68433 0.61357
vt 0.68142 0.62975
vt 0.68142 0.62975
vt 0.68823 0.61725
vt 0.68670 0.62263
vt 0.68433 0.61357
vt 0.68823 0.61725
vt 0.68142 0.62975
vt 0.69405 0.61238
vt 0.69458 0.62587
vt 0.68823 0.61725
vt 0.70115 0.60791
vt 0.70562 0.61495
vt 0.70612 0.62868
vt 0.68670 0.62263
vt 0.68823 0.61725
vt 0.69458 0.62587
vt 0.68670 0.62263
vt 0.69458 0.62587
vt 0.68142 0.62975
vt 0.70562 0.61495
vt 0.70115 0.60791
vt 0.70886 0.59875
vt 0.70886 0.59875
vt 0.71773 0.61298
vt 0.70562 0.61495
vt 0.84875 0.26947
vt 0.82553 0.28113
vt 0.83133 0.26010
vt 0.85789 0.31714
vt 0.84993 0.30777
vt 0.85906 0.30793
vt 0.74864 0.09886
vt 0.75823 0.08398
vt 0.75863 0.10266
vt 0.86918 0.28356
vt 0.85433 0.28869
vt 0.86692 0.27457
vt 0.84383 0.29455
vt 0.84875 0.26947
vt 0.85433 0.28869
vt 0.84993 0.30777
vt 0.85789 0.31714
vt 0.84280 0.31844
vt 0.94805 0.75904
vt 0.95142 0.76860
vt 0.94133 0.77192
vt 0.75823 0.08398
vt 0.74864 0.09886
vt 0.74363 0.08924
vt 0.84383 0.29455
vt 0.84674 0.30160
vt 0.83741 0.30713
vt 0.92833 0.75738
vt 0.93226 0.74899
vt 0.93410 0.75983
vt 0.86692 0.27457
vt 0.84875 0.26947
vt 0.87757 0.26250
vt 0.70562 0.61495
vt 0.71328 0.62244
vt 0.70612 0.62868
vt 0.71328 0.62244
vt 0.71773 0.61298
vt 0.72691 0.61028
vt 0.70612 0.62868
vt 0.71486 0.63022
vt 0.72055 0.65274
vt 0.68705 0.65039
vt 0.69458 0.62587
vt 0.70612 0.62868
vt 0.87689 0.24091
vt 0.89039 0.24638
vt 0.87757 0.26250
vt 0.66496 0.62541
vt 0.65971 0.61463
vt 0.67124 0.60473
vt 0.66200 0.51243
vt 0.64510 0.52155
vt 0.65129 0.51197
vt 0.87811 0.28813
vt 0.86918 0.28356
vt 0.88049 0.27169
vt 0.84383 0.29455
vt 0.82553 0.28113
vt 0.84875 0.26947
vt 0.87757 0.26250
vt 0.88049 0.27169
vt 0.86692 0.27457
vt 0.74864 0.09886
vt 0.74958 0.11690
vt 0.74537 0.10617
vt 0.85911 0.24891
vt 0.87757 0.26250
vt 0.84875 0.26947
vt 0.84674 0.30160
vt 0.84993 0.30777
vt 0.84280 0.31844
vt 0.03061 0.92573
vt 0.03549 0.94435
vt 0.01601 0.93742
vt 0.88394 0.26569
vt 0.88049 0.27169
vt 0.87757 0.26250
vt 0.74958 0.11690
vt 0.74864 0.09886
vt 0.75863 0.10266
vt 0.86354 0.29247
vt 0.85433 0.28869
vt 0.86918 0.28356
vt 0.83741 0.30713
vt 0.84674 0.30160
vt 0.84280 0.31844
vt 0.72055 0.65274
vt 0.70563 0.66034
vt 0.70612 0.62868
vt 0.69458 0.62587
vt 0.68705 0.65039
vt 0.68142 0.62975
vt 0.04056 0.85720
vt 0.04867 0.88506
vt 0.02596 0.88139
vt 0.78030 0.23152
vt 0.75582 0.24182
vt 0.76458 0.21450
vt 0.01719 0.88959
vt 0.02778 0.89864
vt 0.01749 0.89534
vt 0.01719 0.88959
vt 0.02596 0.88139
vt 0.02778 0.89864
vt 0.02596 0.88139
vt 0.01719 0.88959
vt 0.01281 0.87482
vt 0.02778 0.89864
vt 0.02596 0.88139
vt 0.04867 0.88506
vt 0.84875 0.26947
vt 0.86692 0.27457
vt 0.85433 0.28869
vt 0.78030 0.23152
vt 0.79842 0.23709
vt 0.79899 0.24465
vt 0.03061 0.92573
vt 0.01540 0.92071
vt 0.01872 0.90421
vt 0.04056 0.85720
vt 0.02596 0.88139
vt 0.02688 0.86257
vt 0.01872 0.90421
vt 0.03344 0.91568
vt 0.03061 0.92573
vt 0.02596 0.88139
vt 0.01281 0.87482
vt 0.02688 0.86257
vt 0.75734 0.20113
vt 0.76394 0.18717
vt 0.76458 0.21450
vt 0.04661 0.90773
vt 0.04552 0.91664
vt 0.03344 0.91568
vt 0.02778 0.89864
vt 0.04867 0.88506
vt 0.04661 0.90773
vt 0.74815 0.22439
vt 0.74794 0.20844
vt 0.76458 0.21450
vt 0.06578 0.90691
vt 0.05740 0.92312
vt 0.04661 0.90773
vt 0.04661 0.90773
vt 0.04867 0.88506
vt 0.06578 0.90691
vt 0.02778 0.89864
vt 0.04661 0.90773
vt 0.03344 0.91568
vt 0.82553 0.28113
vt 0.84383 0.29455
vt 0.82262 0.29850
vt 0.01872 0.90421
vt 0.02778 0.89864
vt 0.03344 0.91568
vt 0.75823 0.08398
vt 0.74363 0.08924
vt 0.75667 0.06997
vt 0.03981 0.96545
vt 0.03345 0.95659
vt 0.04659 0.96092
vt 0.75415 0.15268
vt 0.77525 0.15812
vt 0.75123 0.17081
vt 0.84674 0.30160
vt 0.85433 0.28869
vt 0.84993 0.30777
vt 0.02232 0.81912
vt 0.02742 0.80692
vt 0.04173 0.82913
vt 0.83341 0.19439
vt 0.83294 0.17467
vt 0.86347 0.19324
vt 0.83294 0.17467
vt 0.85516 0.15733
vt 0.86236 0.17275
vt 0.86347 0.19324
vt 0.86236 0.17275
vt 0.87387 0.17926
vt 0.86236 0.17275
vt 0.85516 0.15733
vt 0.86613 0.15187
vt 0.87387 0.17926
vt 0.86236 0.17275
vt 0.86613 0.15187
vt 0.86347 0.19324
vt 0.83294 0.17467
vt 0.86236 0.17275
vt 0.87689 0.24091
vt 0.87508 0.20321
vt 0.89132 0.22910
vt 0.89406 0.23845
vt 0.87689 0.24091
vt 0.89132 0.22910
vt 0.86170 0.21920
vt 0.83341 0.19439
vt 0.86242 0.20273
vt 0.83741 0.30713
vt 0.82262 0.29850
vt 0.84383 0.29455
vt 0.89370 0.20485
vt 0.89132 0.22910
vt 0.87508 0.20321
vt 0.86170 0.21920
vt 0.83279 0.21932
vt 0.83341 0.19439
vt 0.83279 0.21932
vt 0.86170 0.21920
vt 0.83918 0.24129
vt 0.86347 0.19324
vt 0.87387 0.17926
vt 0.87508 0.20321
vt 0.79842 0.23709
vt 0.78030 0.23152
vt 0.79470 0.22520
vt 0.87508 0.20321
vt 0.86170 0.21920
vt 0.86242 0.20273
vt 0.89039 0.24638
vt 0.87689 0.24091
vt 0.89406 0.23845
vt 0.86242 0.20273
vt 0.83341 0.19439
vt 0.86347 0.19324
vt 0.86347 0.19324
vt 0.87508 0.20321
vt 0.86242 0.20273
vt 0.90025 0.22946
vt 0.89406 0.23845
vt 0.89715 0.22626
vt 0.89715 0.22626
vt 0.89406 0.23845
vt 0.89132 0.22910
vt 0.90090 0.21046
vt 0.89715 0.22626
vt 0.89370 0.20485
vt 0.89715 0.22626
vt 0.89132 0.22910
vt 0.89370 0.20485
vt 0.86170 0.21920
vt 0.85911 0.24891
vt 0.83918 0.24129
vt 0.77611 0.20587
vt 0.78030 0.23152
vt 0.76458 0.21450
vt 0.79824 0.21487
vt 0.77611 0.20587
vt 0.78530 0.19450
vt 0.87689 0.24091
vt 0.87757 0.26250
vt 0.85911 0.24891
vt 0.87508 0.20321
vt 0.87387 0.17926
vt 0.88294 0.18202
vt 0.87508 0.20321
vt 0.88294 0.18202
vt 0.89370 0.20485
vt 0.85911 0.24891
vt 0.86170 0.21920
vt 0.87689 0.24091
vt 0.82301 0.18179
vt 0.82504 0.19584
vt 0.81013 0.18053
vt 0.87689 0.24091
vt 0.86170 0.21920
vt 0.87508 0.20321
vt 0.82504 0.19584
vt 0.82301 0.18179
vt 0.83341 0.19439
vt 0.82301 0.18179
vt 0.83294 0.17467
vt 0.83341 0.19439
vt 0.90090 0.21046
vt 0.90059 0.22087
vt 0.89715 0.22626
vt 0.67427 0.59615
vt 0.66868 0.57223
vt 0.67965 0.57132
vt 0.67427 0.59615
vt 0.66582 0.59040
vt 0.66868 0.57223
vt 0.66868 0.57223
vt 0.63872 0.57575
vt 0.65741 0.55047
vt 0.83074 0.23507
vt 0.83279 0.21932
vt 0.83918 0.24129
vt 0.68877 0.59497
vt 0.68688 0.57591
vt 0.69857 0.58780
vt 0.83074 0.23507
vt 0.83918 0.24129
vt 0.83322 0.24479
vt 0.68688 0.57591
vt 0.67965 0.57132
vt 0.68597 0.56518
vt 0.68597 0.56518
vt 0.68520 0.54804
vt 0.69870 0.55098
vt 0.68597 0.56518
vt 0.69870 0.55098
vt 0.69548 0.57026
vt 0.67215 0.55388
vt 0.66868 0.57223
vt 0.65741 0.55047
vt 0.63872 0.57575
vt 0.66868 0.57223
vt 0.66582 0.59040
vt 0.67965 0.57132
vt 0.68688 0.57591
vt 0.67427 0.59615
vt 0.63198 0.59630
vt 0.63872 0.57575
vt 0.65599 0.60332
vt 0.65971 0.61463
vt 0.65599 0.60332
vt 0.67124 0.60473
vt 0.69548 0.57026
vt 0.70541 0.57298
vt 0.69857 0.58780
vt 0.69857 0.58780
vt 0.68688 0.57591
vt 0.69548 0.57026
vt 0.69548 0.57026
vt 0.68688 0.57591
vt 0.68597 0.56518
vt 0.66582 0.59040
vt 0.65599 0.60332
vt 0.63872 0.57575
vt 0.83133 0.26010
vt 0.83918 0.24129
vt 0.85911 0.24891
vt 0.83133 0.26010
vt 0.83322 0.24479
vt 0.83918 0.24129
vt 0.67965 0.57132
vt 0.66868 0.57223
vt 0.67215 0.55388
vt 0.65599 0.60332
vt 0.66582 0.59040
vt 0.67124 0.60473
vt 0.66582 0.59040
vt 0.67427 0.59615
vt 0.67124 0.60473
vt 0.83133 0.26010
vt 0.82552 0.25370
vt 0.83322 0.24479
vt 0.82552 0.25370
vt 0.83074 0.23507
vt 0.83322 0.24479
vt 0.69548 0.57026
vt 0.69870 0.55098
vt 0.70541 0.57298
vt 0.68597 0.56518
vt 0.67965 0.57132
vt 0.67215 0.55388
vt 0.63198 0.59630
vt 0.61360 0.59895
vt 0.63872 0.57575
vt 0.69870 0.55098
vt 0.68520 0.54804
vt 0.69296 0.54064
vt 0.83074 0.23507
vt 0.82423 0.22297
vt 0.83279 0.21932
vt 0.33793 0.49583
vt 0.33500 0.50497
vt 0.32337 0.49305
vt 0.33793 0.49583
vt 0.34882 0.50078
vt 0.33500 0.50497
vt 0.34387 0.49036
vt 0.34882 0.50078
vt 0.33793 0.49583
vt 0.64411 0.53256
vt 0.66586 0.53760
vt 0.64200 0.54464
vt 0.96830 0.74268
vt 0.95525 0.75100
vt 0.94953 0.73543
vt 0.62457 0.56030
vt 0.63740 0.55811
vt 0.62145 0.57017
vt 0.67368 0.52400
vt 0.67930 0.52928
vt 0.66586 0.53760
vt 0.67930 0.52928
vt 0.69021 0.53026
vt 0.68520 0.54804
vt 0.83279 0.21932
vt 0.82423 0.22297
vt 0.81725 0.21467
vt 0.33793 0.49583
vt 0.33597 0.48885
vt 0.34387 0.49036
vt 0.33793 0.49583
vt 0.32337 0.49305
vt 0.33597 0.48885
vt 0.69296 0.54064
vt 0.68520 0.54804
vt 0.69021 0.53026
vt 0.81013 0.18053
vt 0.82504 0.19584
vt 0.81330 0.19098
vt 0.93399 0.73502
vt 0.94177 0.74819
vt 0.93226 0.74899
vt 0.01779 0.61173
vt 0.03541 0.61010
vt 0.00820 0.63001
vt 0.00409 0.64533
vt 0.01892 0.65274
vt 0.00740 0.65855
vt 0.63872 0.57575
vt 0.62145 0.57017
vt 0.63740 0.55811
vt 0.66200 0.51243
vt 0.65129 0.51197
vt 0.66127 0.50531
vt 0.67930 0.52928
vt 0.67500 0.50590
vt 0.68679 0.50765
vt 0.63872 0.57575
vt 0.61360 0.59895
vt 0.62145 0.57017
vt 0.62457 0.56030
vt 0.62841 0.54932
vt 0.63740 0.55811
vt 0.64411 0.53256
vt 0.63930 0.53054
vt 0.64510 0.52155
vt 0.95525 0.75100
vt 0.96830 0.74268
vt 0.96895 0.75793
vt 0.62841 0.54932
vt 0.63257 0.54101
vt 0.64200 0.54464
vt 0.65057 0.50495
vt 0.65129 0.51197
vt 0.64668 0.50919
vt 0.67215 0.55388
vt 0.65741 0.55047
vt 0.66586 0.53760
vt 0.63257 0.54101
vt 0.64411 0.53256
vt 0.64200 0.54464
vt 0.63930 0.53054
vt 0.64411 0.53256
vt 0.63257 0.54101
vt 0.94953 0.73543
vt 0.95525 0.75100
vt 0.94177 0.74819
vt 0.94177 0.74819
vt 0.93410 0.75983
vt 0.93226 0.74899
vt 0.64200 0.54464
vt 0.63740 0.55811
vt 0.62841 0.54932
vt 0.94805 0.75904
vt 0.93410 0.75983
vt 0.94177 0.74819
vt 0.94177 0.74819
vt 0.95525 0.75100
vt 0.94805 0.75904
vt 0.64200 0.54464
vt 0.65741 0.55047
vt 0.63740 0.55811
vt 0.81330 0.19098
vt 0.82504 0.19584
vt 0.81725 0.21467
vt 0.66586 0.53760
vt 0.66200 0.51243
vt 0.67368 0.52400
vt 0.81725 0.21467
vt 0.80700 0.20278
vt 0.81330 0.19098
vt 0.82504 0.19584
vt 0.83341 0.19439
vt 0.83279 0.21932
vt 0.83279 0.21932
vt 0.81725 0.21467
vt 0.82504 0.19584
vt 0.94177 0.74819
vt 0.93399 0.73502
vt 0.94953 0.73543
vt 0.64510 0.52155
vt 0.66200 0.51243
vt 0.64411 0.53256
vt 0.33597 0.48885
vt 0.32337 0.49305
vt 0.32261 0.48425
vt 0.66586 0.53760
vt 0.64411 0.53256
vt 0.66200 0.51243
vt 0.34882 0.50078
vt 0.34216 0.51306
vt 0.33500 0.50497
vt 0.65741 0.55047
vt 0.64200 0.54464
vt 0.66586 0.53760
vt 0.61415 0.56568
vt 0.62457 0.56030
vt 0.62145 0.57017
vt 0.63740 0.55811
vt 0.65741 0.55047
vt 0.63872 0.57575
vt 0.67500 0.50590
vt 0.67368 0.52400
vt 0.66200 0.51243
vt 0.69021 0.53026
vt 0.67930 0.52928
vt 0.68679 0.50765
vt 0.92785 0.74069
vt 0.93399 0.73502
vt 0.93226 0.74899
vt 0.67368 0.52400
vt 0.67500 0.50590
vt 0.67930 0.52928
vt 0.68528 0.48953
vt 0.68679 0.50765
vt 0.67500 0.50590
vt 0.65057 0.50495
vt 0.65222 0.49682
vt 0.66127 0.50531
vt 0.66586 0.53760
vt 0.67930 0.52928
vt 0.68520 0.54804
vt 0.66586 0.53760
vt 0.68520 0.54804
vt 0.67215 0.55388
vt 0.68597 0.56518
vt 0.67215 0.55388
vt 0.68520 0.54804
vt 0.34882 0.50078
vt 0.34387 0.49036
vt 0.35636 0.48994
vt 0.34882 0.50078
vt 0.36356 0.49694
vt 0.35635 0.50787
vt 0.35636 0.48994
vt 0.36356 0.49694
vt 0.34882 0.50078
vt 0.67465 0.48178
vt 0.68528 0.48953
vt 0.67500 0.50590
vt 0.34227 0.52518
vt 0.35635 0.50787
vt 0.35388 0.53429
vt 0.75582 0.24182
vt 0.75574 0.26352
vt 0.74359 0.24121
vt 0.75574 0.26352
vt 0.76622 0.25993
vt 0.75787 0.27934
vt 0.77611 0.20587
vt 0.79470 0.22520
vt 0.78030 0.23152
vt 0.79470 0.22520
vt 0.77611 0.20587
vt 0.79824 0.21487
vt 0.73007 0.24931
vt 0.75574 0.26352
vt 0.72969 0.27324
vt 0.76622 0.25993
vt 0.75574 0.26352
vt 0.75582 0.24182
vt 0.76500 0.29085
vt 0.77959 0.26170
vt 0.78193 0.29238
vt 0.74583 0.23090
vt 0.75582 0.24182
vt 0.74359 0.24121
vt 0.76622 0.25993
vt 0.78030 0.23152
vt 0.77959 0.26170
vt 0.79899 0.24465
vt 0.80077 0.25599
vt 0.77959 0.26170
vt 0.86587 0.13550
vt 0.88214 0.14756
vt 0.86613 0.15187
vt 0.79162 0.28688
vt 0.77959 0.26170
vt 0.80077 0.25599
vt 0.90090 0.21046
vt 0.89370 0.20485
vt 0.89422 0.17623
vt 0.77959 0.26170
vt 0.78030 0.23152
vt 0.79899 0.24465
vt 0.76458 0.21450
vt 0.74583 0.23090
vt 0.74815 0.22439
vt 0.76500 0.29085
vt 0.73979 0.29429
vt 0.75787 0.27934
vt 0.88480 0.17068
vt 0.88294 0.18202
vt 0.87387 0.17926
vt 0.88480 0.17068
vt 0.88991 0.16798
vt 0.88294 0.18202
vt 0.09228 0.09711
vt 0.08895 0.10905
vt 0.07466 0.11252
vt 0.00409 0.64533
vt 0.03541 0.61010
vt 0.04219 0.62191
vt 0.00409 0.64533
vt 0.00820 0.63001
vt 0.03541 0.61010
vt 0.04202 0.61187
vt 0.04219 0.62191
vt 0.03541 0.61010
vt 0.04030 0.63599
vt 0.03125 0.64856
vt 0.01892 0.65274
vt 0.77852 0.32586
vt 0.75285 0.34058
vt 0.75699 0.31452
vt 0.76500 0.29085
vt 0.78193 0.29238
vt 0.75699 0.31452
vt 0.78193 0.29238
vt 0.77852 0.32586
vt 0.75699 0.31452
vt 0.79162 0.28688
vt 0.79888 0.30664
vt 0.78193 0.29238
vt 0.79162 0.28688
vt 0.78193 0.29238
vt 0.77959 0.26170
vt 0.75574 0.26352
vt 0.73007 0.24931
vt 0.74359 0.24121
vt 0.80018 0.32403
vt 0.80929 0.33949
vt 0.79553 0.34907
vt 0.89370 0.20485
vt 0.88294 0.18202
vt 0.89422 0.17623
vt 0.06314 0.08694
vt 0.09228 0.09711
vt 0.07466 0.11252
vt 0.78193 0.29238
vt 0.79888 0.30664
vt 0.77852 0.32586
vt 0.01892 0.65274
vt 0.04219 0.62191
vt 0.04030 0.63599
vt 0.01892 0.65274
vt 0.00409 0.64533
vt 0.04219 0.62191
vt 0.75787 0.27934
vt 0.76622 0.25993
vt 0.77959 0.26170
vt 0.71925 0.26979
vt 0.73007 0.24931
vt 0.72969 0.27324
vt 0.79888 0.30664
vt 0.80018 0.32403
vt 0.78976 0.32947
vt 0.89359 0.15523
vt 0.88991 0.16798
vt 0.88214 0.14756
vt 0.89422 0.17623
vt 0.88294 0.18202
vt 0.88991 0.16798
vt 0.73979 0.29429
vt 0.76500 0.29085
vt 0.75699 0.31452
vt 0.72286 0.29020
vt 0.70879 0.29950
vt 0.70535 0.27465
vt 0.73979 0.29429
vt 0.72313 0.32007
vt 0.72286 0.29020
vt 0.76500 0.29085
vt 0.75787 0.27934
vt 0.77959 0.26170
vt 0.79842 0.23709
vt 0.80115 0.24114
vt 0.79899 0.24465
vt 0.88480 0.17068
vt 0.87387 0.17926
vt 0.86613 0.15187
vt 0.71989 0.34520
vt 0.72313 0.32007
vt 0.75699 0.31452
vt 0.01267 0.83936
vt 0.04056 0.85720
vt 0.01251 0.85045
vt 0.70563 0.66034
vt 0.68705 0.65039
vt 0.70612 0.62868
vt 0.72027 0.66064
vt 0.71881 0.66197
vt 0.72011 0.65992
vt 0.72011 0.65992
vt 0.71881 0.66197
vt 0.70563 0.66034
vt 0.72011 0.65992
vt 0.70563 0.66034
vt 0.72055 0.65274
vt 0.01749 0.89534
vt 0.02778 0.89864
vt 0.01872 0.90421
vt 0.03337 0.13096
vt 0.02627 0.12093
vt 0.02852 0.10982
vt 0.02852 0.10982
vt 0.04006 0.11726
vt 0.03337 0.13096
vt 0.04006 0.11726
vt 0.04465 0.12161
vt 0.03337 0.13096
vt 0.04484 0.14129
vt 0.03337 0.13096
vt 0.04465 0.12161
vt 0.06966 0.13146
vt 0.07622 0.13843
vt 0.06579 0.14729
vt 0.06579 0.14729
vt 0.05514 0.13179
vt 0.06966 0.13146
vt 0.05514 0.13179
vt 0.04484 0.14129
vt 0.04465 0.12161
vt 0.07622 0.13843
vt 0.06763 0.16776
vt 0.06579 0.14729
vt 0.04219 0.62191
vt 0.04682 0.61573
vt 0.05765 0.62186
vt 0.05638 0.11189
vt 0.04924 0.10720
vt 0.04940 0.10048
vt 0.14382 0.04739
vt 0.15139 0.04034
vt 0.15013 0.04379
vt 0.14579 0.05120
vt 0.14382 0.04739
vt 0.15013 0.04379
vt 0.05638 0.11189
vt 0.05514 0.13179
vt 0.04465 0.12161
vt 0.07466 0.11252
vt 0.06757 0.12090
vt 0.05638 0.11189
vt 0.09990 0.15001
vt 0.10005 0.15891
vt 0.08307 0.16226
vt 0.01701 0.59234
vt 0.03269 0.59662
vt 0.01779 0.61173
vt 0.06042 0.18448
vt 0.05771 0.16338
vt 0.06763 0.16776
vt 0.04484 0.14129
vt 0.06579 0.14729
vt 0.04624 0.16588
vt 0.04484 0.14129
vt 0.04624 0.16588
vt 0.03772 0.15238
vt 0.04484 0.14129
vt 0.05514 0.13179
vt 0.06579 0.14729
vt 0.05004 0.18226
vt 0.04624 0.16588
vt 0.05771 0.16338
vt 0.06579 0.14729
vt 0.05771 0.16338
vt 0.04624 0.16588
vt 0.05514 0.13179
vt 0.06757 0.12090
vt 0.06966 0.13146
vt 0.05638 0.11189
vt 0.06757 0.12090
vt 0.05514 0.13179
vt 0.09990 0.15001
vt 0.10856 0.14886
vt 0.10005 0.15891
vt 0.10856 0.14886
vt 0.11322 0.14928
vt 0.10005 0.15891
vt 0.01201 0.62011
vt 0.01779 0.61173
vt 0.00820 0.63001
vt 0.12000 0.14596
vt 0.12335 0.15327
vt 0.11322 0.14928
vt 0.00820 0.63001
vt 0.00758 0.62671
vt 0.01201 0.62011
vt 0.11322 0.14928
vt 0.11213 0.14602
vt 0.12000 0.14596
vt 0.11906 0.14074
vt 0.12623 0.14613
vt 0.12000 0.14596
vt 0.12623 0.14613
vt 0.11906 0.14074
vt 0.13449 0.13208
vt 0.03269 0.59662
vt 0.01701 0.59234
vt 0.02384 0.58531
vt 0.05771 0.16338
vt 0.06579 0.14729
vt 0.06763 0.16776
vt 0.07677 0.11921
vt 0.06966 0.13146
vt 0.06757 0.12090
vt 0.08307 0.16226
vt 0.07698 0.18823
vt 0.06763 0.16776
vt 0.08307 0.16226
vt 0.09289 0.17084
vt 0.07698 0.18823
vt 0.02240 0.10878
vt 0.01242 0.10771
vt 0.01299 0.10223
vt 0.09289 0.17084
vt 0.10005 0.15891
vt 0.12335 0.15327
vt 0.09289 0.17084
vt 0.08307 0.16226
vt 0.10005 0.15891
vt 0.03269 0.59662
vt 0.03828 0.60181
vt 0.04202 0.61187
vt 0.04202 0.61187
vt 0.03541 0.61010
vt 0.03269 0.59662
vt 0.03541 0.61010
vt 0.01779 0.61173
vt 0.03269 0.59662
vt 0.07677 0.11921
vt 0.06757 0.12090
vt 0.07466 0.11252
vt 0.04219 0.62191
vt 0.04202 0.61187
vt 0.04682 0.61573
vt 0.07466 0.11252
vt 0.05638 0.11189
vt 0.06314 0.08694
vt 0.12335 0.15327
vt 0.10005 0.15891
vt 0.11322 0.14928
vt 0.11982 0.20679
vt 0.11222 0.22439
vt 0.09125 0.22981
vt 0.05666 0.20710
vt 0.05004 0.18226
vt 0.06042 0.18448
vt 0.10068 0.19571
vt 0.11982 0.20679
vt 0.09125 0.22981
vt 0.10068 0.19571
vt 0.12577 0.18618
vt 0.11982 0.20679
vt 0.05666 0.20710
vt 0.06042 0.18448
vt 0.07698 0.18823
vt 0.06309 0.22493
vt 0.05666 0.20710
vt 0.07698 0.18823
vt 0.07698 0.18823
vt 0.09289 0.17084
vt 0.10068 0.19571
vt 0.06042 0.18448
vt 0.06763 0.16776
vt 0.07698 0.18823
vt 0.06309 0.22493
vt 0.07698 0.18823
vt 0.09125 0.22981
vt 0.12577 0.18618
vt 0.10068 0.19571
vt 0.09289 0.17084
vt 0.06042 0.18448
vt 0.05004 0.18226
vt 0.05771 0.16338
vt 0.10068 0.19571
vt 0.09125 0.22981
vt 0.07698 0.18823
vt 0.14741 0.22099
vt 0.13105 0.20204
vt 0.15555 0.21020
vt 0.15619 0.22516
vt 0.14965 0.23356
vt 0.14741 0.22099
vt 0.56209 0.18015
vt 0.55863 0.17024
vt 0.57724 0.17605
vt 0.15585 0.19141
vt 0.15555 0.21020
vt 0.13105 0.20204
vt 0.55863 0.17024
vt 0.56116 0.16061
vt 0.57724 0.17605
vt 0.15988 0.15166
vt 0.16618 0.15775
vt 0.15060 0.16330
vt 0.13941 0.16932
vt 0.14631 0.18437
vt 0.12577 0.18618
vt 0.12577 0.18618
vt 0.09289 0.17084
vt 0.12335 0.15327
vt 0.14729 0.17387
vt 0.16265 0.17705
vt 0.15585 0.19141
vt 0.15060 0.16330
vt 0.16265 0.17705
vt 0.14729 0.17387
vt 0.13941 0.16932
vt 0.14253 0.15764
vt 0.15060 0.16330
vt 0.14253 0.15764
vt 0.15674 0.14355
vt 0.15060 0.16330
vt 0.15060 0.16330
vt 0.14729 0.17387
vt 0.13941 0.16932
vt 0.13105 0.20204
vt 0.14741 0.22099
vt 0.12474 0.22359
vt 0.14631 0.18437
vt 0.13105 0.20204
vt 0.12577 0.18618
vt 0.17462 0.12376
vt 0.15588 0.12436
vt 0.16768 0.10973
vt 0.14143 0.12002
vt 0.15588 0.12436
vt 0.14593 0.13259
vt 0.58474 0.16906
vt 0.57724 0.17605
vt 0.56116 0.16061
vt 0.17567 0.19138
vt 0.15585 0.19141
vt 0.16265 0.17705
vt 0.16265 0.17705
vt 0.18495 0.17968
vt 0.17567 0.19138
vt 0.11982 0.20679
vt 0.12577 0.18618
vt 0.13105 0.20204
vt 0.17892 0.16655
vt 0.18495 0.17968
vt 0.16265 0.17705
vt 0.16618 0.15775
vt 0.17892 0.16655
vt 0.16265 0.17705
vt 0.13914 0.25068
vt 0.12474 0.22359
vt 0.14741 0.22099
vt 0.14631 0.18437
vt 0.15585 0.19141
vt 0.13105 0.20204
vt 0.14253 0.15764
vt 0.13941 0.16932
vt 0.12335 0.15327
vt 0.16618 0.15775
vt 0.16777 0.14009
vt 0.17812 0.14872
vt 0.12335 0.15327
vt 0.13941 0.16932
vt 0.12577 0.18618
vt 0.15988 0.15166
vt 0.15060 0.16330
vt 0.15674 0.14355
vt 0.14253 0.15764
vt 0.13856 0.13973
vt 0.15674 0.14355
vt 0.15674 0.14355
vt 0.13856 0.13973
vt 0.14593 0.13259
vt 0.16526 0.21917
vt 0.15619 0.22516
vt 0.15555 0.21020
vt 0.16526 0.21917
vt 0.15555 0.21020
vt 0.17529 0.21362
vt 0.17567 0.19138
vt 0.18408 0.20941
vt 0.17529 0.21362
vt 0.17529 0.21362
vt 0.15555 0.21020
vt 0.17567 0.19138
vt 0.15585 0.19141
vt 0.17567 0.19138
vt 0.15555 0.21020
vt 0.12474 0.22359
vt 0.12035 0.24134
vt 0.11982 0.20679
vt 0.11222 0.22439
vt 0.11982 0.20679
vt 0.12035 0.24134
vt 0.11982 0.20679
vt 0.13105 0.20204
vt 0.12474 0.22359
vt 0.15988 0.15166
vt 0.16777 0.14009
vt 0.16618 0.15775
vt 0.16777 0.14009
vt 0.15988 0.15166
vt 0.15674 0.14355
vt 0.14729 0.17387
vt 0.15585 0.19141
vt 0.14631 0.18437
vt 0.17892 0.16655
vt 0.16618 0.15775
vt 0.17812 0.14872
vt 0.16265 0.17705
vt 0.15060 0.16330
vt 0.16618 0.15775
vt 0.15588 0.12436
vt 0.17462 0.12376
vt 0.16777 0.14009
vt 0.17462 0.12376
vt 0.18475 0.12376
vt 0.17812 0.14872
vt 0.14253 0.15764
vt 0.12335 0.15327
vt 0.13345 0.14907
vt 0.13941 0.16932
vt 0.14729 0.17387
vt 0.14631 0.18437
vt 0.15588 0.12436
vt 0.16777 0.14009
vt 0.15674 0.14355
vt 0.16777 0.14009
vt 0.17462 0.12376
vt 0.17812 0.14872
vt 0.13345 0.14907
vt 0.12335 0.15327
vt 0.12623 0.14613
vt 0.13449 0.13208
vt 0.14143 0.12002
vt 0.14593 0.13259
vt 0.13856 0.13973
vt 0.13449 0.13208
vt 0.14593 0.13259
vt 0.13449 0.13208
vt 0.13856 0.13973
vt 0.12623 0.14613
vt 0.13856 0.13973
vt 0.14253 0.15764
vt 0.13345 0.14907
vt 0.15588 0.12436
vt 0.15674 0.14355
vt 0.14593 0.13259
vt 0.13083 0.14330
vt 0.13345 0.14907
vt 0.12623 0.14613
vt 0.13083 0.14330
vt 0.12623 0.14613
vt 0.13856 0.13973
vt 0.12000 0.14596
vt 0.12623 0.14613
vt 0.12335 0.15327
vt 0.15588 0.12436
vt 0.15495 0.11089
vt 0.16768 0.10973
vt 0.96481 0.33022
vt 0.97185 0.31582
vt 0.97718 0.33011
vt 0.46042 0.67774
vt 0.46647 0.67256
vt 0.47051 0.68054
vt 0.46042 0.67774
vt 0.46309 0.66399
vt 0.46647 0.67256
vt 0.01749 0.16947
vt 0.00814 0.17086
vt 0.01016 0.16377
vt 0.02108 0.14466
vt 0.01148 0.14799
vt 0.01709 0.13830
vt 0.01709 0.13830
vt 0.01862 0.12990
vt 0.02108 0.14466
vt 0.44163 0.64626
vt 0.45092 0.65903
vt 0.44253 0.67546
vt 0.46042 0.67774
vt 0.45732 0.65464
vt 0.46309 0.66399
vt 0.01749 0.16947
vt 0.01016 0.16377
vt 0.01553 0.15715
vt 0.46042 0.67774
vt 0.45092 0.65903
vt 0.45732 0.65464
vt 0.44253 0.67546
vt 0.45092 0.65903
vt 0.46042 0.67774
vt 0.01063 0.15502
vt 0.01553 0.15715
vt 0.01016 0.16377
vt 0.45092 0.65903
vt 0.44163 0.64626
vt 0.45519 0.64753
vt 0.45732 0.65464
vt 0.45092 0.65903
vt 0.45519 0.64753
vt 0.43495 0.69785
vt 0.39237 0.68187
vt 0.44253 0.67546
vt 0.03337 0.13096
vt 0.02108 0.14466
vt 0.01862 0.12990
vt 0.03337 0.13096
vt 0.01862 0.12990
vt 0.02627 0.12093
vt 0.02662 0.05880
vt 0.01132 0.06774
vt 0.01121 0.05153
vt 0.02302 0.15371
vt 0.01749 0.16947
vt 0.01553 0.15715
vt 0.01148 0.14799
vt 0.02302 0.15371
vt 0.01063 0.15502
vt 0.01553 0.15715
vt 0.01063 0.15502
vt 0.02302 0.15371
vt 0.02302 0.15371
vt 0.01148 0.14799
vt 0.02108 0.14466
vt 0.73411 0.59011
vt 0.74535 0.58989
vt 0.74208 0.59997
vt 0.41223 0.69676
vt 0.40268 0.69090
vt 0.43495 0.69785
vt 0.43495 0.69785
vt 0.40268 0.69090
vt 0.39237 0.68187
vt 0.46042 0.67774
vt 0.44685 0.69304
vt 0.44253 0.67546
vt 0.96209 0.31905
vt 0.97185 0.31582
vt 0.96481 0.33022
vt 0.45621 0.63128
vt 0.46114 0.62377
vt 0.46177 0.63075
vt 0.96481 0.33022
vt 0.95727 0.32661
vt 0.96209 0.31905
vt 0.01289 0.11889
vt 0.01242 0.10771
vt 0.02627 0.12093
vt 0.02627 0.12093
vt 0.01242 0.10771
vt 0.02240 0.10878
vt 0.03772 0.15238
vt 0.02867 0.16446
vt 0.02302 0.15371
vt 0.02302 0.15371
vt 0.02108 0.14466
vt 0.03337 0.13096
vt 0.03337 0.13096
vt 0.03772 0.15238
vt 0.02302 0.15371
vt 0.04484 0.14129
vt 0.03772 0.15238
vt 0.03337 0.13096
vt 0.44173 0.63635
vt 0.45621 0.63128
vt 0.45519 0.64753
vt 0.97718 0.33011
vt 0.97185 0.31582
vt 0.98656 0.31494
vt 0.98656 0.31494
vt 0.98699 0.32621
vt 0.97718 0.33011
vt 0.51014 0.06882
vt 0.50651 0.05966
vt 0.51824 0.06592
vt 0.04624 0.16588
vt 0.03470 0.17759
vt 0.03772 0.15238
vt 0.03470 0.17759
vt 0.02867 0.16446
vt 0.03772 0.15238
vt 0.01862 0.12990
vt 0.01460 0.12401
vt 0.02627 0.12093
vt 0.01289 0.11889
vt 0.02627 0.12093
vt 0.01460 0.12401
vt 0.44163 0.64626
vt 0.44173 0.63635
vt 0.45519 0.64753
vt 0.42551 0.64110
vt 0.44173 0.63635
vt 0.44163 0.64626
vt 0.39237 0.68187
vt 0.42551 0.64110
vt 0.44163 0.64626
vt 0.44163 0.64626
vt 0.44253 0.67546
vt 0.39237 0.68187
vt 0.74535 0.58989
vt 0.74437 0.61262
vt 0.74208 0.59997
vt 0.43495 0.69785
vt 0.41567 0.70918
vt 0.41223 0.69676
vt 0.40268 0.69090
vt 0.39080 0.69058
vt 0.39237 0.68187
vt 0.02867 0.16446
vt 0.01749 0.16947
vt 0.02302 0.15371
vt 0.44253 0.67546
vt 0.44685 0.69304
vt 0.43495 0.69785
vt 0.95727 0.32661
vt 0.96481 0.33022
vt 0.95828 0.33850
vt 0.74437 0.61262
vt 0.75086 0.59970
vt 0.75980 0.60507
vt 0.01749 0.16947
vt 0.00402 0.18019
vt 0.00814 0.17086
vt 0.03517 0.20938
vt 0.04851 0.21227
vt 0.04203 0.22967
vt 0.05004 0.18226
vt 0.04851 0.21227
vt 0.03954 0.19091
vt 0.04624 0.16588
vt 0.05004 0.18226
vt 0.03954 0.19091
vt 0.04851 0.21227
vt 0.05228 0.23531
vt 0.04203 0.22967
vt 0.03120 0.23030
vt 0.03517 0.20938
vt 0.04203 0.22967
vt 0.02763 0.19089
vt 0.03517 0.20938
vt 0.02418 0.21584
vt 0.03470 0.17759
vt 0.02763 0.19089
vt 0.02867 0.16446
vt 0.05004 0.18226
vt 0.05666 0.20710
vt 0.04851 0.21227
vt 0.06309 0.22493
vt 0.04851 0.21227
vt 0.05666 0.20710
vt 0.03120 0.23030
vt 0.02418 0.21584
vt 0.03517 0.20938
vt 0.03517 0.20938
vt 0.03954 0.19091
vt 0.04851 0.21227
vt 0.05228 0.23531
vt 0.04851 0.21227
vt 0.06309 0.22493
vt 0.03954 0.19091
vt 0.03470 0.17759
vt 0.04624 0.16588
vt 0.02763 0.19089
vt 0.03954 0.19091
vt 0.03517 0.20938
vt 0.03470 0.17759
vt 0.03954 0.19091
vt 0.02763 0.19089
vt 0.02867 0.16446
vt 0.02763 0.19089
vt 0.01749 0.16947
vt 0.00873 0.24090
vt 0.00853 0.23090
vt 0.01339 0.23602
vt 0.01339 0.23602
vt 0.00853 0.23090
vt 0.00970 0.22343
vt 0.01339 0.23602
vt 0.02418 0.21584
vt 0.03120 0.23030
vt 0.37853 0.12005
vt 0.37376 0.12848
vt 0.37033 0.11297
vt 0.02763 0.19089
vt 0.01589 0.19997
vt 0.01749 0.16947
vt 0.01258 0.21449
vt 0.00911 0.21506
vt 0.00922 0.20457
vt 0.00970 0.22343
vt 0.01258 0.21449
vt 0.01339 0.23602
vt 0.01258 0.21449
vt 0.02418 0.21584
vt 0.01339 0.23602
vt 0.00970 0.22343
vt 0.00911 0.21506
vt 0.01258 0.21449
vt 0.47462 0.69413
vt 0.46443 0.69732
vt 0.47051 0.68054
vt 0.46042 0.67774
vt 0.47051 0.68054
vt 0.46443 0.69732
vt 0.34576 0.10495
vt 0.36180 0.11234
vt 0.35784 0.13782
vt 0.37033 0.11297
vt 0.35784 0.13782
vt 0.36180 0.11234
vt 0.37376 0.12848
vt 0.35784 0.13782
vt 0.37033 0.11297
vt 0.34614 0.15138
vt 0.35784 0.13782
vt 0.35375 0.17053
vt 0.36579 0.16165
vt 0.35375 0.17053
vt 0.35784 0.13782
vt 0.36579 0.16165
vt 0.36756 0.17305
vt 0.35375 0.17053
vt 0.43495 0.69785
vt 0.44685 0.69304
vt 0.44621 0.71107
vt 0.44685 0.69304
vt 0.45849 0.70088
vt 0.44621 0.71107
vt 0.36917 0.14085
vt 0.37039 0.15459
vt 0.36579 0.16165
vt 0.36917 0.14085
vt 0.36579 0.16165
vt 0.35784 0.13782
vt 0.01589 0.19997
vt 0.00799 0.19392
vt 0.00402 0.18019
vt 0.01589 0.19997
vt 0.00402 0.18019
vt 0.01749 0.16947
vt 0.00922 0.20457
vt 0.00799 0.19392
vt 0.01589 0.19997
vt 0.45849 0.70088
vt 0.44685 0.69304
vt 0.46042 0.67774
vt 0.46443 0.69732
vt 0.45849 0.70088
vt 0.46042 0.67774
vt 0.01589 0.19997
vt 0.01258 0.21449
vt 0.00922 0.20457
vt 0.01258 0.21449
vt 0.01589 0.19997
vt 0.02418 0.21584
vt 0.37376 0.12848
vt 0.36917 0.14085
vt 0.35784 0.13782
vt 0.01589 0.19997
vt 0.02763 0.19089
vt 0.02418 0.21584
vt 0.14030 0.29276
vt 0.15252 0.28038
vt 0.14874 0.29622
vt 0.56525 0.22248
vt 0.55836 0.24174
vt 0.55985 0.22582
vt 0.55836 0.24174
vt 0.56525 0.22248
vt 0.56331 0.26632
vt 0.56331 0.26632
vt 0.55748 0.26019
vt 0.55836 0.24174
vt 0.14874 0.29622
vt 0.14705 0.31127
vt 0.14030 0.29276
vt 0.56525 0.22248
vt 0.57857 0.28160
vt 0.56331 0.26632
vt 0.56525 0.22248
vt 0.58869 0.23844
vt 0.59173 0.27120
vt 0.57857 0.28160
vt 0.56525 0.22248
vt 0.59173 0.27120
vt 0.56331 0.26632
vt 0.55518 0.26883
vt 0.55748 0.26019
vt 0.14030 0.29276
vt 0.12203 0.29713
vt 0.12788 0.27210
vt 0.12788 0.27210
vt 0.12203 0.29713
vt 0.11668 0.27716
vt 0.14327 0.31855
vt 0.14255 0.33161
vt 0.13631 0.31677
vt 0.13631 0.31677
vt 0.13812 0.33923
vt 0.12758 0.33361
vt 0.56331 0.26632
vt 0.55397 0.28187
vt 0.55518 0.26883
vt 0.14327 0.31855
vt 0.13631 0.31677
vt 0.14705 0.31127
vt 0.14705 0.31127
vt 0.13631 0.31677
vt 0.14030 0.29276
vt 0.59173 0.27120
vt 0.59081 0.28677
vt 0.57857 0.28160
vt 0.57488 0.20772
vt 0.58668 0.21045
vt 0.58869 0.23844
vt 0.14030 0.29276
vt 0.15119 0.27162
vt 0.15252 0.28038
vt 0.13631 0.31677
vt 0.12203 0.29713
vt 0.14030 0.29276
vt 0.58869 0.23844
vt 0.56525 0.22248
vt 0.57488 0.20772
vt 0.15278 0.24384
vt 0.14965 0.23356
vt 0.16002 0.23715
vt 0.12788 0.27210
vt 0.13914 0.25068
vt 0.15119 0.27162
vt 0.56209 0.18015
vt 0.56981 0.19574
vt 0.55598 0.18821
vt 0.56209 0.18015
vt 0.57334 0.18447
vt 0.56981 0.19574
vt 0.12192 0.25656
vt 0.12788 0.27210
vt 0.11668 0.27716
vt 0.15068 0.26010
vt 0.15119 0.27162
vt 0.13914 0.25068
vt 0.15119 0.27162
vt 0.14030 0.29276
vt 0.12788 0.27210
vt 0.11426 0.25280
vt 0.12035 0.24134
vt 0.12192 0.25656
vt 0.57488 0.20772
vt 0.58251 0.19316
vt 0.58668 0.21045
vt 0.58251 0.19316
vt 0.57488 0.20772
vt 0.56981 0.19574
vt 0.15619 0.22516
vt 0.16002 0.23715
vt 0.14965 0.23356
vt 0.14741 0.22099
vt 0.15555 0.21020
vt 0.15619 0.22516
vt 0.73979 0.29429
vt 0.75699 0.31452
vt 0.72313 0.32007
vt 0.11426 0.25280
vt 0.12192 0.25656
vt 0.11668 0.27716
vt 0.11668 0.27716
vt 0.09124 0.28202
vt 0.11426 0.25280
vt 0.56525 0.22248
vt 0.55985 0.22582
vt 0.55984 0.21562
vt 0.57724 0.17605
vt 0.57334 0.18447
vt 0.56209 0.18015
vt 0.55598 0.18821
vt 0.56139 0.20972
vt 0.55512 0.20026
vt 0.15278 0.24384
vt 0.15068 0.26010
vt 0.13914 0.25068
vt 0.56981 0.19574
vt 0.56139 0.20972
vt 0.55598 0.18821
vt 0.14741 0.22099
vt 0.14965 0.23356
vt 0.13914 0.25068
vt 0.55984 0.21562
vt 0.57488 0.20772
vt 0.56525 0.22248
vt 0.55984 0.21562
vt 0.56139 0.20972
vt 0.57488 0.20772
vt 0.15420 0.26379
vt 0.15119 0.27162
vt 0.15068 0.26010
vt 0.56981 0.19574
vt 0.57488 0.20772
vt 0.56139 0.20972
vt 0.12203 0.29713
vt 0.13631 0.31677
vt 0.12758 0.33361
vt 0.12203 0.29713
vt 0.12758 0.33361
vt 0.11397 0.30948
vt 0.12758 0.33361
vt 0.09921 0.32265
vt 0.11397 0.30948
vt 0.11668 0.27716
vt 0.11397 0.30948
vt 0.09124 0.28202
vt 0.12203 0.29713
vt 0.11397 0.30948
vt 0.11668 0.27716
vt 0.68245 0.27823
vt 0.69821 0.29595
vt 0.68006 0.30273
vt 0.11397 0.30948
vt 0.09921 0.32265
vt 0.09124 0.28202
vt 0.03655 0.31594
vt 0.08206 0.34578
vt 0.05985 0.34671
vt 0.05985 0.34671
vt 0.03406 0.34786
vt 0.03655 0.31594
vt 0.05698 0.31099
vt 0.03655 0.31594
vt 0.04444 0.28214
vt 0.03655 0.31594
vt 0.02867 0.31724
vt 0.02723 0.30644
vt 0.03655 0.31594
vt 0.03406 0.34786
vt 0.03015 0.32999
vt 0.35225 0.26070
vt 0.34719 0.24065
vt 0.35713 0.24916
vt 0.02844 0.29605
vt 0.03317 0.28871
vt 0.03655 0.31594
vt 0.03317 0.28871
vt 0.04444 0.28214
vt 0.03655 0.31594
vt 0.34719 0.24065
vt 0.35456 0.23355
vt 0.35930 0.24064
vt 0.34719 0.24065
vt 0.35930 0.24064
vt 0.35713 0.24916
vt 0.03015 0.32999
vt 0.02867 0.31724
vt 0.03655 0.31594
vt 0.03655 0.31594
vt 0.02723 0.30644
vt 0.02844 0.29605
vt 0.08206 0.34578
vt 0.05698 0.31099
vt 0.09921 0.32265
vt 0.08206 0.34578
vt 0.03655 0.31594
vt 0.05698 0.31099
vt 0.02723 0.30644
vt 0.01877 0.30359
vt 0.02844 0.29605
vt 0.01793 0.29384
vt 0.02844 0.29605
vt 0.01877 0.30359
vt 0.09921 0.32265
vt 0.05698 0.31099
vt 0.05965 0.25601
vt 0.35933 0.22444
vt 0.35456 0.23355
vt 0.35087 0.21914
vt 0.35657 0.20304
vt 0.35933 0.22444
vt 0.35087 0.21914
vt 0.01440 0.26625
vt 0.01603 0.27335
vt 0.00958 0.26723
vt 0.36419 0.20644
vt 0.35933 0.22444
vt 0.35657 0.20304
vt 0.35657 0.20304
vt 0.34906 0.19073
vt 0.36288 0.18824
vt 0.36288 0.18824
vt 0.36601 0.19817
vt 0.35657 0.20304
vt 0.00867 0.25445
vt 0.01339 0.23602
vt 0.01440 0.26625
vt 0.01339 0.23602
vt 0.03120 0.23030
vt 0.02407 0.26167
vt 0.03317 0.28871
vt 0.02844 0.29605
vt 0.01793 0.29384
vt 0.01339 0.23602
vt 0.02407 0.26167
vt 0.01440 0.26625
vt 0.03120 0.23030
vt 0.04203 0.22967
vt 0.03850 0.24821
vt 0.04444 0.28214
vt 0.03317 0.28871
vt 0.03606 0.26500
vt 0.02407 0.26167
vt 0.03120 0.23030
vt 0.03850 0.24821
vt 0.03606 0.26500
vt 0.04796 0.24943
vt 0.04444 0.28214
vt 0.03317 0.28871
vt 0.02407 0.26167
vt 0.03606 0.26500
vt 0.34906 0.19073
vt 0.35375 0.17053
vt 0.36288 0.18824
vt 0.00867 0.25445
vt 0.00873 0.24090
vt 0.01339 0.23602
vt 0.04203 0.22967
vt 0.04796 0.24943
vt 0.03850 0.24821
vt 0.01603 0.27335
vt 0.01440 0.26625
vt 0.02407 0.26167
vt 0.02407 0.26167
vt 0.01793 0.29384
vt 0.01603 0.27335
vt 0.36756 0.17305
vt 0.36288 0.18824
vt 0.35375 0.17053
vt 0.01793 0.29384
vt 0.02407 0.26167
vt 0.03317 0.28871
vt 0.02407 0.26167
vt 0.03850 0.24821
vt 0.03606 0.26500
vt 0.03606 0.26500
vt 0.03850 0.24821
vt 0.04796 0.24943
vt 0.04203 0.22967
vt 0.05228 0.23531
vt 0.04796 0.24943
vt 0.05965 0.25601
vt 0.05228 0.23531
vt 0.06309 0.22493
vt 0.05965 0.25601
vt 0.09124 0.28202
vt 0.09921 0.32265
vt 0.05228 0.23531
vt 0.05965 0.25601
vt 0.04796 0.24943
vt 0.04444 0.28214
vt 0.04796 0.24943
vt 0.05965 0.25601
vt 0.06309 0.22493
vt 0.09124 0.28202
vt 0.05965 0.25601
vt 0.06309 0.22493
vt 0.11426 0.25280
vt 0.09124 0.28202
vt 0.11426 0.25280
vt 0.06309 0.22493
vt 0.09125 0.22981
vt 0.04444 0.28214
vt 0.05965 0.25601
vt 0.05698 0.31099
vt 0.12035 0.24134
vt 0.12474 0.22359
vt 0.13914 0.25068
vt 0.11426 0.25280
vt 0.11222 0.22439
vt 0.12035 0.24134
vt 0.09125 0.22981
vt 0.11222 0.22439
vt 0.11426 0.25280
vt 0.12035 0.24134
vt 0.13914 0.25068
vt 0.12192 0.25656
vt 0.13914 0.25068
vt 0.12788 0.27210
vt 0.12192 0.25656
vt 0.59200 0.08594
vt 0.58490 0.10123
vt 0.57980 0.08822
vt 0.57744 0.09917
vt 0.57980 0.08822
vt 0.58490 0.10123
vt 0.74550 0.36064
vt 0.73044 0.36038
vt 0.75285 0.34058
vt 0.78008 0.36851
vt 0.76272 0.36978
vt 0.79553 0.34907
vt 0.14965 0.23356
vt 0.15278 0.24384
vt 0.13914 0.25068
vt 0.60827 0.16380
vt 0.59469 0.17249
vt 0.59210 0.16195
vt 0.58474 0.16906
vt 0.56116 0.16061
vt 0.57719 0.15000
vt 0.57719 0.15000
vt 0.59210 0.16195
vt 0.58474 0.16906
vt 0.56516 0.15193
vt 0.57719 0.15000
vt 0.56116 0.16061
vt 0.58145 0.12081
vt 0.58070 0.13469
vt 0.56942 0.12539
vt 0.18495 0.17968
vt 0.18887 0.19027
vt 0.17567 0.19138
vt 0.56826 0.11332
vt 0.58145 0.12081
vt 0.56942 0.12539
vt 0.56826 0.11332
vt 0.57608 0.10774
vt 0.58145 0.12081
vt 0.62326 0.07383
vt 0.62608 0.08408
vt 0.60776 0.08293
vt 0.60776 0.08293
vt 0.62018 0.06393
vt 0.62326 0.07383
vt 0.60776 0.08293
vt 0.62608 0.08408
vt 0.61264 0.10550
vt 0.57980 0.08822
vt 0.57744 0.09917
vt 0.57104 0.09306
vt 0.57622 0.07840
vt 0.57980 0.08822
vt 0.57104 0.09306
vt 0.56826 0.11332
vt 0.57146 0.10823
vt 0.57608 0.10774
vt 0.19416 0.17242
vt 0.18495 0.17968
vt 0.17892 0.16655
vt 0.57744 0.09917
vt 0.57608 0.10774
vt 0.57145 0.10499
vt 0.57145 0.10499
vt 0.57104 0.09306
vt 0.57744 0.09917
vt 0.17892 0.16655
vt 0.19376 0.16038
vt 0.19416 0.17242
vt 0.59928 0.12101
vt 0.61628 0.12588
vt 0.60734 0.14308
vt 0.62432 0.13813
vt 0.61778 0.15295
vt 0.61628 0.12588
vt 0.60734 0.14308
vt 0.61628 0.12588
vt 0.61778 0.15295
vt 0.62432 0.13813
vt 0.63621 0.12887
vt 0.63908 0.14866
vt 0.58978 0.13542
vt 0.59928 0.12101
vt 0.60734 0.14308
vt 0.60517 0.06950
vt 0.59200 0.08594
vt 0.59228 0.07357
vt 0.59228 0.07357
vt 0.59200 0.08594
vt 0.57980 0.08822
vt 0.63908 0.14866
vt 0.62311 0.17244
vt 0.61778 0.15295
vt 0.61778 0.15295
vt 0.62432 0.13813
vt 0.63908 0.14866
vt 0.60827 0.16380
vt 0.60734 0.14308
vt 0.61778 0.15295
vt 0.19157 0.14445
vt 0.19376 0.16038
vt 0.17812 0.14872
vt 0.18475 0.12376
vt 0.20317 0.13635
vt 0.19157 0.14445
vt 0.19376 0.16038
vt 0.19157 0.14445
vt 0.19958 0.14581
vt 0.60191 0.10557
vt 0.61264 0.10550
vt 0.59928 0.12101
vt 0.60191 0.10557
vt 0.59266 0.11156
vt 0.60025 0.10003
vt 0.60532 0.05140
vt 0.61577 0.04057
vt 0.61744 0.05261
vt 0.60025 0.10003
vt 0.59266 0.11156
vt 0.58490 0.10123
vt 0.59200 0.08594
vt 0.60025 0.10003
vt 0.58490 0.10123
vt 0.17462 0.12376
vt 0.19454 0.11061
vt 0.18475 0.12376
vt 0.61264 0.10550
vt 0.60191 0.10557
vt 0.60025 0.10003
vt 0.19157 0.14445
vt 0.17812 0.14872
vt 0.18475 0.12376
vt 0.62432 0.13813
vt 0.61628 0.12588
vt 0.63621 0.12887
vt 0.57858 0.06192
vt 0.59272 0.06345
vt 0.58036 0.06984
vt 0.60734 0.14308
vt 0.59728 0.14861
vt 0.58978 0.13542
vt 0.59728 0.14861
vt 0.59210 0.16195
vt 0.58978 0.13542
vt 0.62851 0.10217
vt 0.63621 0.12887
vt 0.61628 0.12588
vt 0.60776 0.08293
vt 0.59200 0.08594
vt 0.60517 0.06950
vt 0.60776 0.08293
vt 0.60517 0.06950
vt 0.62018 0.06393
vt 0.19958 0.14581
vt 0.19157 0.14445
vt 0.20340 0.14084
vt 0.20340 0.14084
vt 0.19157 0.14445
vt 0.20317 0.13635
vt 0.59228 0.07357
vt 0.57622 0.07840
vt 0.58036 0.06984
vt 0.59228 0.07357
vt 0.57980 0.08822
vt 0.57622 0.07840
vt 0.62608 0.08408
vt 0.62851 0.10217
vt 0.61264 0.10550
vt 0.61264 0.10550
vt 0.60025 0.10003
vt 0.60776 0.08293
vt 0.60532 0.05140
vt 0.59671 0.05314
vt 0.59179 0.03779
vt 0.61492 0.03485
vt 0.60532 0.05140
vt 0.60756 0.02251
vt 0.59179 0.03779
vt 0.60756 0.02251
vt 0.60532 0.05140
vt 0.59200 0.08594
vt 0.60776 0.08293
vt 0.60025 0.10003
vt 0.17567 0.19138
vt 0.18887 0.19027
vt 0.18408 0.20941
vt 0.61371 0.02528
vt 0.61659 0.02963
vt 0.61492 0.03485
vt 0.58145 0.12081
vt 0.57608 0.10774
vt 0.58490 0.10123
vt 0.58490 0.10123
vt 0.57608 0.10774
vt 0.57744 0.09917
vt 0.56942 0.12539
vt 0.58070 0.13469
vt 0.57195 0.13083
vt 0.18887 0.19027
vt 0.19120 0.20248
vt 0.18408 0.20941
vt 0.57719 0.15000
vt 0.57195 0.13083
vt 0.58070 0.13469
vt 0.19454 0.11061
vt 0.20317 0.13635
vt 0.18475 0.12376
vt 0.58145 0.12081
vt 0.58490 0.10123
vt 0.59266 0.11156
vt 0.62851 0.10217
vt 0.61628 0.12588
vt 0.61264 0.10550
vt 0.62018 0.06393
vt 0.62348 0.07169
vt 0.62326 0.07383
vt 0.59210 0.16195
vt 0.59728 0.14861
vt 0.60827 0.16380
vt 0.62018 0.06393
vt 0.61744 0.05261
vt 0.62131 0.05995
vt 0.57719 0.15000
vt 0.58070 0.13469
vt 0.58978 0.13542
vt 0.57195 0.13083
vt 0.57719 0.15000
vt 0.56411 0.14442
vt 0.19376 0.16038
vt 0.17892 0.16655
vt 0.17812 0.14872
vt 0.57719 0.15000
vt 0.56516 0.15193
vt 0.56411 0.14442
vt 0.57523 0.06973
vt 0.57858 0.06192
vt 0.58036 0.06984
vt 0.21153 0.12951
vt 0.20317 0.13635
vt 0.20949 0.12490
vt 0.20317 0.13635
vt 0.19454 0.11061
vt 0.20949 0.12490
vt 0.59266 0.11156
vt 0.59928 0.12101
vt 0.58978 0.13542
vt 0.60532 0.05140
vt 0.59272 0.06345
vt 0.59671 0.05314
vt 0.59928 0.12101
vt 0.61264 0.10550
vt 0.61628 0.12588
vt 0.59671 0.05314
vt 0.59272 0.06345
vt 0.57917 0.05548
vt 0.60191 0.10557
vt 0.59928 0.12101
vt 0.59266 0.11156
vt 0.59272 0.06345
vt 0.57858 0.06192
vt 0.57917 0.05548
vt 0.58145 0.12081
vt 0.59266 0.11156
vt 0.58978 0.13542
vt 0.60532 0.05140
vt 0.59228 0.07357
vt 0.59272 0.06345
vt 0.60517 0.06950
vt 0.59228 0.07357
vt 0.60532 0.05140
vt 0.59272 0.06345
vt 0.59228 0.07357
vt 0.58036 0.06984
vt 0.61744 0.05261
vt 0.60517 0.06950
vt 0.60532 0.05140
vt 0.60517 0.06950
vt 0.61744 0.05261
vt 0.62018 0.06393
vt 0.59210 0.16195
vt 0.57719 0.15000
vt 0.58978 0.13542
vt 0.59210 0.16195
vt 0.59469 0.17249
vt 0.58474 0.16906
vt 0.60675 0.20607
vt 0.61449 0.18812
vt 0.63299 0.19530
vt 0.63948 0.18952
vt 0.64295 0.20969
vt 0.63299 0.19530
vt 0.60675 0.20607
vt 0.63299 0.19530
vt 0.64295 0.20969
vt 0.64860 0.16141
vt 0.64047 0.17293
vt 0.63908 0.14866
vt 0.63971 0.22748
vt 0.60675 0.20607
vt 0.64295 0.20969
vt 0.59713 0.18219
vt 0.59469 0.17249
vt 0.60840 0.17402
vt 0.65592 0.22713
vt 0.63971 0.22748
vt 0.64295 0.20969
vt 0.63908 0.14866
vt 0.64047 0.17293
vt 0.62311 0.17244
vt 0.60827 0.16380
vt 0.61778 0.15295
vt 0.62311 0.17244
vt 0.64047 0.17293
vt 0.64860 0.16141
vt 0.66239 0.18802
vt 0.61449 0.18812
vt 0.60840 0.17402
vt 0.62295 0.18141
vt 0.58668 0.21045
vt 0.58251 0.19316
vt 0.59713 0.18219
vt 0.58668 0.21045
vt 0.59713 0.18219
vt 0.60675 0.20607
vt 0.57724 0.17605
vt 0.59713 0.18219
vt 0.58251 0.19316
vt 0.59659 0.22314
vt 0.60675 0.20607
vt 0.62508 0.23371
vt 0.63971 0.22748
vt 0.62508 0.23371
vt 0.60675 0.20607
vt 0.64651 0.18399
vt 0.63948 0.18952
vt 0.64047 0.17293
vt 0.64651 0.18399
vt 0.64047 0.17293
vt 0.66239 0.18802
vt 0.64047 0.17293
vt 0.63948 0.18952
vt 0.62311 0.17244
vt 0.63948 0.18952
vt 0.64651 0.18399
vt 0.64295 0.20969
vt 0.58668 0.21045
vt 0.60675 0.20607
vt 0.59659 0.22314
vt 0.62295 0.18141
vt 0.63299 0.19530
vt 0.61449 0.18812
vt 0.63299 0.19530
vt 0.62295 0.18141
vt 0.63948 0.18952
vt 0.62311 0.17244
vt 0.63948 0.18952
vt 0.62295 0.18141
vt 0.59713 0.18219
vt 0.61449 0.18812
vt 0.60675 0.20607
vt 0.66609 0.20048
vt 0.65592 0.22713
vt 0.64295 0.20969
vt 0.66609 0.20048
vt 0.64295 0.20969
vt 0.64651 0.18399
vt 0.60840 0.17402
vt 0.59469 0.17249
vt 0.60827 0.16380
vt 0.60840 0.17402
vt 0.61449 0.18812
vt 0.59713 0.18219
vt 0.64651 0.18399
vt 0.66239 0.18802
vt 0.66609 0.20048
vt 0.59469 0.17249
vt 0.59713 0.18219
vt 0.58474 0.16906
vt 0.58474 0.16906
vt 0.59713 0.18219
vt 0.57724 0.17605
vt 0.62311 0.17244
vt 0.62295 0.18141
vt 0.60840 0.17402
vt 0.62311 0.17244
vt 0.60840 0.17402
vt 0.60827 0.16380
vt 0.76949 0.82787
vt 0.75687 0.82297
vt 0.77420 0.81396
vt 0.77898 0.81824
vt 0.76949 0.82787
vt 0.77420 0.81396
vt 0.77420 0.81396
vt 0.76786 0.81363
vt 0.77310 0.80618
vt 0.77692 0.82767
vt 0.76949 0.82787
vt 0.77898 0.81824
vt 0.65592 0.22713
vt 0.67423 0.22637
vt 0.67068 0.24432
vt 0.77898 0.81824
vt 0.78309 0.82716
vt 0.77692 0.82767
vt 0.65960 0.25041
vt 0.65592 0.22713
vt 0.67068 0.24432
vt 0.79232 0.81440
vt 0.79856 0.81711
vt 0.79496 0.82791
vt 0.76646 0.80693
vt 0.76635 0.81027
vt 0.76529 0.80984
vt 0.77420 0.81396
vt 0.78055 0.81236
vt 0.77898 0.81824
vt 0.77420 0.81396
vt 0.75687 0.82297
vt 0.76786 0.81363
vt 0.76646 0.80693
vt 0.76786 0.81363
vt 0.76635 0.81027
vt 0.67983 0.23725
vt 0.68119 0.23992
vt 0.67423 0.22637
vt 0.67423 0.22637
vt 0.68119 0.23992
vt 0.67068 0.24432
vt 0.63971 0.22748
vt 0.65592 0.22713
vt 0.64364 0.24492
vt 0.67151 0.25172
vt 0.65960 0.25041
vt 0.67068 0.24432
vt 0.65592 0.22713
vt 0.65960 0.25041
vt 0.64364 0.24492
vt 0.61406 0.25337
vt 0.61265 0.27382
vt 0.58869 0.23844
vt 0.61265 0.27382
vt 0.61406 0.25337
vt 0.62319 0.26406
vt 0.58869 0.23844
vt 0.61265 0.27382
vt 0.59173 0.27120
vt 0.64364 0.24492
vt 0.62508 0.23371
vt 0.63971 0.22748
vt 0.65960 0.25041
vt 0.65391 0.25996
vt 0.64364 0.24492
vt 0.62449 0.28772
vt 0.61265 0.27382
vt 0.62319 0.26406
vt 0.61406 0.25337
vt 0.59659 0.22314
vt 0.62508 0.23371
vt 0.59659 0.22314
vt 0.58869 0.23844
vt 0.58668 0.21045
vt 0.59659 0.22314
vt 0.61406 0.25337
vt 0.58869 0.23844
vt 0.64364 0.24492
vt 0.62319 0.26406
vt 0.62508 0.23371
vt 0.62508 0.23371
vt 0.62319 0.26406
vt 0.61406 0.25337
vt 0.79496 0.82791
vt 0.78309 0.82716
vt 0.79232 0.81440
vt 0.78309 0.82716
vt 0.79496 0.82791
vt 0.78538 0.83584
vt 0.74474 0.82557
vt 0.75687 0.82297
vt 0.75251 0.83106
vt 0.76949 0.82787
vt 0.75251 0.83106
vt 0.75687 0.82297
vt 0.65592 0.22713
vt 0.66609 0.20048
vt 0.67423 0.22637
vt 0.64773 0.27036
vt 0.65391 0.25996
vt 0.65405 0.26959
vt 0.76646 0.80693
vt 0.77310 0.80618
vt 0.76786 0.81363
vt 0.77912 0.83145
vt 0.78309 0.82716
vt 0.78538 0.83584
vt 0.78309 0.82716
vt 0.77898 0.81824
vt 0.79232 0.81440
vt 0.65960 0.25041
vt 0.66250 0.25689
vt 0.65391 0.25996
vt 0.62319 0.26406
vt 0.64364 0.24492
vt 0.64773 0.27036
vt 0.65391 0.25996
vt 0.64773 0.27036
vt 0.64364 0.24492
vt 0.76646 0.80693
vt 0.75656 0.80135
vt 0.76321 0.80066
vt 0.74474 0.82557
vt 0.75369 0.80830
vt 0.75687 0.82297
vt 0.76858 0.84089
vt 0.76949 0.82787
vt 0.77530 0.83122
vt 0.76949 0.82787
vt 0.77541 0.82821
vt 0.77530 0.83122
vt 0.76786 0.81363
vt 0.75687 0.82297
vt 0.75369 0.80830
vt 0.57724 0.17605
vt 0.58251 0.19316
vt 0.57334 0.18447
vt 0.56981 0.19574
vt 0.57334 0.18447
vt 0.58251 0.19316
vt 0.60532 0.05140
vt 0.61492 0.03485
vt 0.61577 0.04057
vt 0.60734 0.14308
vt 0.60827 0.16380
vt 0.59728 0.14861
vt 0.66714 0.48924
vt 0.66895 0.47389
vt 0.67465 0.48178
vt 0.66895 0.47389
vt 0.66714 0.48924
vt 0.65661 0.47336
vt 0.99057 0.08102
vt 0.98415 0.08811
vt 0.97767 0.06966
vt 0.98415 0.08811
vt 0.97301 0.08167
vt 0.97767 0.06966
vt 0.96756 0.06290
vt 0.97767 0.06966
vt 0.97301 0.08167
vt 0.64280 0.44822
vt 0.65371 0.45289
vt 0.64599 0.45877
vt 0.65371 0.45289
vt 0.64864 0.46354
vt 0.64599 0.45877
vt 0.64864 0.46354
vt 0.65371 0.45289
vt 0.65661 0.47336
vt 0.81706 0.35527
vt 0.81492 0.37786
vt 0.80055 0.36572
vt 0.88214 0.14756
vt 0.88480 0.17068
vt 0.86613 0.15187
vt 0.79205 0.11621
vt 0.77598 0.11622
vt 0.77345 0.09731
vt 0.96756 0.06290
vt 0.97301 0.08167
vt 0.96324 0.07282
vt 0.77598 0.11622
vt 0.79205 0.11621
vt 0.79304 0.14103
vt 0.77598 0.11622
vt 0.79304 0.14103
vt 0.77646 0.13269
vt 0.81335 0.12649
vt 0.80681 0.13867
vt 0.79205 0.11621
vt 0.80599 0.10912
vt 0.81335 0.12649
vt 0.79205 0.11621
vt 0.79295 0.15293
vt 0.77646 0.13269
vt 0.79304 0.14103
vt 0.83113 0.08114
vt 0.81647 0.09976
vt 0.81733 0.07533
vt 0.83113 0.08114
vt 0.84136 0.09457
vt 0.81647 0.09976
vt 0.80599 0.10912
vt 0.79385 0.09396
vt 0.81647 0.09976
vt 0.84136 0.09457
vt 0.83842 0.11640
vt 0.81647 0.09976
vt 0.85118 0.11361
vt 0.83842 0.11640
vt 0.84136 0.09457
vt 0.80599 0.10912
vt 0.81647 0.09976
vt 0.83842 0.11640
vt 0.83842 0.11640
vt 0.81335 0.12649
vt 0.80599 0.10912
vt 0.79205 0.11621
vt 0.77345 0.09731
vt 0.79385 0.09396
vt 0.95938 0.09252
vt 0.96324 0.07282
vt 0.97301 0.08167
vt 0.79508 0.07656
vt 0.81647 0.09976
vt 0.79385 0.09396
vt 0.85118 0.11361
vt 0.84342 0.12494
vt 0.83842 0.11640
vt 0.84342 0.12494
vt 0.83324 0.13526
vt 0.83842 0.11640
vt 0.85043 0.13607
vt 0.85118 0.11361
vt 0.86093 0.12134
vt 0.85118 0.11361
vt 0.85043 0.13607
vt 0.84342 0.12494
vt 0.82431 0.15485
vt 0.83324 0.13526
vt 0.83574 0.15771
vt 0.82431 0.15485
vt 0.81353 0.17096
vt 0.80898 0.15894
vt 0.81353 0.17096
vt 0.80295 0.16955
vt 0.80898 0.15894
vt 0.83294 0.17467
vt 0.82301 0.18179
vt 0.81353 0.17096
vt 0.82431 0.15485
vt 0.81335 0.12649
vt 0.83324 0.13526
vt 0.79304 0.14103
vt 0.80898 0.15894
vt 0.79295 0.15293
vt 0.77852 0.32586
vt 0.79888 0.30664
vt 0.78976 0.32947
vt 0.61703 0.03857
vt 0.61577 0.04057
vt 0.61492 0.03485
vt 0.80691 0.39095
vt 0.81492 0.37786
vt 0.81932 0.39150
vt 0.84136 0.09457
vt 0.83113 0.08114
vt 0.84269 0.07595
vt 0.58758 0.04450
vt 0.59671 0.05314
vt 0.57917 0.05548
vt 0.58027 0.04870
vt 0.58758 0.04450
vt 0.57917 0.05548
vt 0.81664 0.40898
vt 0.81932 0.39150
vt 0.82262 0.40690
vt 0.58758 0.04450
vt 0.59179 0.03779
vt 0.59671 0.05314
vt 0.58070 0.13469
vt 0.58145 0.12081
vt 0.58978 0.13542
vt 0.80055 0.36572
vt 0.81492 0.37786
vt 0.80691 0.39095
vt 0.85578 0.09321
vt 0.85118 0.11361
vt 0.84136 0.09457
vt 0.85043 0.13607
vt 0.86093 0.12134
vt 0.86587 0.13550
vt 0.84342 0.12494
vt 0.85043 0.13607
vt 0.83324 0.13526
vt 0.85043 0.13607
vt 0.85516 0.15733
vt 0.83324 0.13526
vt 0.85043 0.13607
vt 0.86587 0.13550
vt 0.86613 0.15187
vt 0.85516 0.15733
vt 0.85043 0.13607
vt 0.86613 0.15187
vt 0.83324 0.13526
vt 0.85516 0.15733
vt 0.83574 0.15771
vt 0.81335 0.12649
vt 0.83842 0.11640
vt 0.83324 0.13526
vt 0.72215 0.44063
vt 0.74778 0.43675
vt 0.73629 0.45709
vt 0.80018 0.32403
vt 0.79553 0.34907
vt 0.78976 0.32947
vt 0.80929 0.33949
vt 0.81706 0.35527
vt 0.79553 0.34907
vt 0.76272 0.36978
vt 0.77339 0.34707
vt 0.79553 0.34907
vt 0.77339 0.34707
vt 0.76272 0.36978
vt 0.75870 0.35739
vt 0.81013 0.18053
vt 0.80295 0.16955
vt 0.81353 0.17096
vt 0.66714 0.48924
vt 0.67465 0.48178
vt 0.67500 0.50590
vt 0.82301 0.18179
vt 0.81013 0.18053
vt 0.81353 0.17096
vt 0.82445 0.36787
vt 0.82245 0.38069
vt 0.81492 0.37786
vt 0.81492 0.37786
vt 0.81706 0.35527
vt 0.82445 0.36787
vt 0.83510 0.06422
vt 0.84266 0.04588
vt 0.85666 0.05877
vt 0.84269 0.07595
vt 0.83113 0.08114
vt 0.83510 0.06422
vt 0.83113 0.08114
vt 0.81733 0.07533
vt 0.83510 0.06422
vt 0.85118 0.11361
vt 0.85578 0.09321
vt 0.85582 0.10307
vt 0.85118 0.11361
vt 0.85582 0.10307
vt 0.86093 0.12134
vt 0.75101 0.41884
vt 0.76388 0.41055
vt 0.77766 0.42489
vt 0.80599 0.10912
vt 0.79205 0.11621
vt 0.79385 0.09396
vt 0.82431 0.15485
vt 0.80898 0.15894
vt 0.80681 0.13867
vt 0.80898 0.15894
vt 0.79304 0.14103
vt 0.80681 0.13867
vt 0.80681 0.13867
vt 0.81335 0.12649
vt 0.82431 0.15485
vt 0.66895 0.47389
vt 0.65661 0.47336
vt 0.65371 0.45289
vt 0.79205 0.11621
vt 0.80681 0.13867
vt 0.79304 0.14103
vt 0.83294 0.17467
vt 0.83574 0.15771
vt 0.85516 0.15733
vt 0.83294 0.17467
vt 0.81353 0.17096
vt 0.82431 0.15485
vt 0.83294 0.17467
vt 0.82431 0.15485
vt 0.83574 0.15771
vt 0.80898 0.15894
vt 0.80295 0.16955
vt 0.79295 0.15293
vt 0.80359 0.19142
vt 0.81013 0.18053
vt 0.81330 0.19098
vt 0.66106 0.49405
vt 0.65222 0.49682
vt 0.64967 0.48954
vt 0.66714 0.48924
vt 0.66106 0.49405
vt 0.65661 0.47336
vt 0.66870 0.49806
vt 0.66127 0.50531
vt 0.66106 0.49405
vt 0.66714 0.48924
vt 0.66870 0.49806
vt 0.66106 0.49405
vt 0.54595 0.01391
vt 0.56554 0.03114
vt 0.54133 0.02887
vt 0.54133 0.02887
vt 0.56554 0.03114
vt 0.56383 0.04920
vt 0.56824 0.04064
vt 0.56383 0.04920
vt 0.56554 0.03114
vt 0.27746 0.00802
vt 0.28648 0.01971
vt 0.27335 0.01122
vt 0.53543 0.00356
vt 0.54595 0.01391
vt 0.52578 0.00613
vt 0.29805 0.05051
vt 0.28237 0.04896
vt 0.29450 0.03185
vt 0.25521 0.03407
vt 0.25732 0.02828
vt 0.26182 0.03247
vt 0.25521 0.03407
vt 0.26182 0.03247
vt 0.25856 0.03875
vt 0.27570 0.03025
vt 0.26729 0.04382
vt 0.26182 0.03247
vt 0.55986 0.02234
vt 0.56554 0.03114
vt 0.54595 0.01391
vt 0.95783 0.25253
vt 0.96237 0.26960
vt 0.95012 0.26140
vt 0.27335 0.01122
vt 0.28648 0.01971
vt 0.27570 0.03025
vt 0.27335 0.01122
vt 0.27570 0.03025
vt 0.26859 0.00669
vt 0.97185 0.26631
vt 0.96237 0.26960
vt 0.95783 0.25253
vt 0.94932 0.27386
vt 0.96237 0.26960
vt 0.95817 0.27905
vt 0.27746 0.00802
vt 0.28421 0.01276
vt 0.28648 0.01971
vt 0.26122 0.00552
vt 0.27570 0.03025
vt 0.26239 0.02122
vt 0.26122 0.00552
vt 0.26859 0.00669
vt 0.27570 0.03025
vt 0.95817 0.27905
vt 0.96237 0.26960
vt 0.97101 0.27649
vt 0.26239 0.02122
vt 0.25872 0.01521
vt 0.26122 0.00552
vt 0.95708 0.22029
vt 0.94199 0.21895
vt 0.94789 0.20505
vt 0.93774 0.23368
vt 0.93388 0.21968
vt 0.94199 0.21895
vt 0.63461 0.45878
vt 0.62615 0.44216
vt 0.64280 0.44822
vt 0.93774 0.23368
vt 0.94199 0.21895
vt 0.95197 0.23564
vt 0.64280 0.44822
vt 0.64599 0.45877
vt 0.63461 0.45878
vt 0.95197 0.23564
vt 0.94199 0.21895
vt 0.95708 0.22029
vt 0.94513 0.24125
vt 0.93774 0.23368
vt 0.95197 0.23564
vt 0.96517 0.23608
vt 0.95197 0.23564
vt 0.95708 0.22029
vt 0.64599 0.45877
vt 0.64401 0.47065
vt 0.63461 0.45878
vt 0.95197 0.23564
vt 0.95137 0.24808
vt 0.94513 0.24125
vt 0.95951 0.77350
vt 0.95142 0.76860
vt 0.95525 0.75100
vt 0.64864 0.46354
vt 0.64401 0.47065
vt 0.64599 0.45877
vt 0.95197 0.23564
vt 0.95783 0.25253
vt 0.95137 0.24808
vt 0.96517 0.23608
vt 0.95783 0.25253
vt 0.95197 0.23564
vt 0.64401 0.47065
vt 0.64864 0.46354
vt 0.64780 0.47856
vt 0.65661 0.47336
vt 0.64780 0.47856
vt 0.64864 0.46354
vt 0.97488 0.24671
vt 0.95783 0.25253
vt 0.96517 0.23608
vt 0.97185 0.26631
vt 0.95783 0.25253
vt 0.97488 0.24671
vt 0.66106 0.49405
vt 0.64780 0.47856
vt 0.65661 0.47336
vt 0.98536 0.25330
vt 0.98253 0.25710
vt 0.97488 0.24671
vt 0.66106 0.49405
vt 0.64967 0.48954
vt 0.64780 0.47856
vt 0.27570 0.03025
vt 0.29450 0.03185
vt 0.28237 0.04896
vt 0.95525 0.75100
vt 0.95142 0.76860
vt 0.94805 0.75904
vt 0.95525 0.75100
vt 0.96895 0.75793
vt 0.95951 0.77350
vt 0.98059 0.27672
vt 0.97185 0.26631
vt 0.98408 0.26975
vt 0.98059 0.27672
vt 0.97101 0.27649
vt 0.97185 0.26631
vt 0.97730 0.76211
vt 0.96830 0.74268
vt 0.97972 0.75128
vt 0.95951 0.77350
vt 0.96895 0.75793
vt 0.97367 0.77764
vt 0.97730 0.76211
vt 0.97367 0.77764
vt 0.96895 0.75793
vt 0.97185 0.26631
vt 0.97101 0.27649
vt 0.96237 0.26960
vt 0.97185 0.26631
vt 0.98253 0.25710
vt 0.98408 0.26975
vt 0.94133 0.77192
vt 0.93538 0.78814
vt 0.93254 0.76844
vt 0.98253 0.25710
vt 0.97185 0.26631
vt 0.97488 0.24671
vt 0.96192 0.72355
vt 0.96830 0.74268
vt 0.94953 0.73543
vt 0.97730 0.76211
vt 0.96895 0.75793
vt 0.96830 0.74268
vt 0.96830 0.74268
vt 0.96192 0.72355
vt 0.97945 0.73451
vt 0.56748 0.06450
vt 0.56383 0.04920
vt 0.57019 0.05545
vt 0.97827 0.72055
vt 0.97945 0.73451
vt 0.96192 0.72355
vt 0.97945 0.73451
vt 0.97972 0.75128
vt 0.96830 0.74268
vt 0.56824 0.04064
vt 0.57019 0.05545
vt 0.56383 0.04920
vt 0.97945 0.73451
vt 0.99211 0.74234
vt 0.98657 0.74432
vt 0.97972 0.75128
vt 0.97945 0.73451
vt 0.98657 0.74432
vt 0.27570 0.03025
vt 0.28237 0.04896
vt 0.26729 0.04382
vt 0.27570 0.03025
vt 0.28648 0.01971
vt 0.29450 0.03185
vt 0.26729 0.04382
vt 0.25856 0.03875
vt 0.26182 0.03247
vt 0.93388 0.21968
vt 0.93132 0.23674
vt 0.92583 0.22851
vt 0.26729 0.04382
vt 0.25862 0.04767
vt 0.25856 0.03875
vt 0.25976 0.05994
vt 0.25826 0.05315
vt 0.27777 0.06104
vt 0.93388 0.21968
vt 0.93774 0.23368
vt 0.93132 0.23674
vt 0.26729 0.04382
vt 0.25826 0.05315
vt 0.25862 0.04767
vt 0.54133 0.02887
vt 0.52578 0.00613
vt 0.54595 0.01391
vt 0.26729 0.04382
vt 0.27777 0.06104
vt 0.25826 0.05315
vt 0.32186 0.50401
vt 0.33500 0.50497
vt 0.32618 0.51109
vt 0.93254 0.76844
vt 0.93410 0.75983
vt 0.94133 0.77192
vt 0.66127 0.50531
vt 0.66870 0.49806
vt 0.67500 0.50590
vt 0.65129 0.51197
vt 0.65057 0.50495
vt 0.66127 0.50531
vt 0.65222 0.49682
vt 0.66106 0.49405
vt 0.66127 0.50531
vt 0.54133 0.02887
vt 0.54980 0.08880
vt 0.51824 0.06592
vt 0.50651 0.05966
vt 0.50362 0.05108
vt 0.51824 0.06592
vt 0.54133 0.02887
vt 0.50362 0.05108
vt 0.51317 0.03438
vt 0.51824 0.06592
vt 0.50362 0.05108
vt 0.54133 0.02887
vt 0.94805 0.75904
vt 0.94133 0.77192
vt 0.93410 0.75983
vt 0.32618 0.51109
vt 0.33500 0.50497
vt 0.33281 0.51459
vt 0.54133 0.02887
vt 0.51317 0.03438
vt 0.52578 0.00613
vt 0.72995 0.57482
vt 0.74535 0.58989
vt 0.73411 0.59011
vt 0.54980 0.08880
vt 0.56383 0.04920
vt 0.56748 0.06450
vt 0.54133 0.02887
vt 0.56383 0.04920
vt 0.54980 0.08880
vt 0.51317 0.03438
vt 0.50362 0.05108
vt 0.49905 0.03122
vt 0.27777 0.06104
vt 0.26729 0.04382
vt 0.28237 0.04896
vt 0.93227 0.78875
vt 0.93277 0.78239
vt 0.93538 0.78814
vt 0.93277 0.78239
vt 0.93254 0.76844
vt 0.93538 0.78814
vt 0.67500 0.50590
vt 0.66200 0.51243
vt 0.66127 0.50531
vt 0.32186 0.50401
vt 0.32337 0.49305
vt 0.33500 0.50497
vt 0.93399 0.73502
vt 0.94410 0.72312
vt 0.94953 0.73543
vt 0.94953 0.73543
vt 0.94410 0.72312
vt 0.96192 0.72355
vt 0.94219 0.71303
vt 0.94805 0.70351
vt 0.96192 0.72355
vt 0.96192 0.72355
vt 0.94410 0.72312
vt 0.94219 0.71303
vt 0.33500 0.50497
vt 0.34216 0.51306
vt 0.33281 0.51459
vt 0.94805 0.70351
vt 0.97827 0.72055
vt 0.96192 0.72355
vt 0.32713 0.63968
vt 0.36303 0.64328
vt 0.33201 0.66545
vt 0.37058 0.64860
vt 0.36520 0.67160
vt 0.35527 0.66469
vt 0.37058 0.64860
vt 0.35527 0.66469
vt 0.36303 0.64328
vt 0.36520 0.67160
vt 0.37058 0.64860
vt 0.37603 0.66272
vt 0.37603 0.66272
vt 0.37058 0.64860
vt 0.37911 0.65648
vt 0.36303 0.64328
vt 0.38216 0.63990
vt 0.37058 0.64860
vt 0.72439 0.49442
vt 0.73477 0.51535
vt 0.72442 0.50733
vt 0.74260 0.49447
vt 0.74011 0.50695
vt 0.73508 0.49194
vt 0.74244 0.46834
vt 0.75771 0.49456
vt 0.74260 0.49447
vt 0.74260 0.49447
vt 0.73508 0.49194
vt 0.74244 0.46834
vt 0.40293 0.64346
vt 0.38216 0.63990
vt 0.40892 0.63229
vt 0.69545 0.47363
vt 0.67766 0.43526
vt 0.71096 0.48659
vt 0.72116 0.47919
vt 0.71578 0.48878
vt 0.71096 0.48659
vt 0.72116 0.47919
vt 0.74244 0.46834
vt 0.72439 0.49442
vt 0.38216 0.63990
vt 0.36303 0.64328
vt 0.35636 0.61061
vt 0.74647 0.53967
vt 0.73922 0.53184
vt 0.74486 0.52406
vt 0.36520 0.67160
vt 0.35817 0.68583
vt 0.35527 0.66469
vt 0.73922 0.53184
vt 0.73477 0.51535
vt 0.74486 0.52406
vt 0.36303 0.64328
vt 0.35018 0.62295
vt 0.35636 0.61061
vt 0.73501 0.52748
vt 0.73477 0.51535
vt 0.73922 0.53184
vt 0.73501 0.52748
vt 0.72442 0.50733
vt 0.73477 0.51535
vt 0.36303 0.64328
vt 0.35527 0.66469
vt 0.33201 0.66545
vt 0.35527 0.66469
vt 0.35817 0.68583
vt 0.34801 0.69652
vt 0.38216 0.63990
vt 0.37911 0.65648
vt 0.37058 0.64860
vt 0.38216 0.63990
vt 0.38671 0.65832
vt 0.37911 0.65648
vt 0.71853 0.50184
vt 0.72439 0.49442
vt 0.72442 0.50733
vt 0.71578 0.48878
vt 0.72439 0.49442
vt 0.71853 0.50184
vt 0.72439 0.49442
vt 0.71578 0.48878
vt 0.72116 0.47919
vt 0.39149 0.65604
vt 0.38671 0.65832
vt 0.38216 0.63990
vt 0.38216 0.63990
vt 0.40293 0.64346
vt 0.39149 0.65604
vt 0.31739 0.61089
vt 0.35018 0.62295
vt 0.32713 0.63968
vt 0.32713 0.63968
vt 0.35018 0.62295
vt 0.36303 0.64328
vt 0.74244 0.46834
vt 0.72116 0.47919
vt 0.73629 0.45709
vt 0.74011 0.50695
vt 0.72439 0.49442
vt 0.73508 0.49194
vt 0.72439 0.49442
vt 0.74011 0.50695
vt 0.73477 0.51535
vt 0.75771 0.49456
vt 0.74011 0.50695
vt 0.74260 0.49447
vt 0.75307 0.52621
vt 0.74011 0.50695
vt 0.75771 0.49456
vt 0.74011 0.50695
vt 0.75307 0.52621
vt 0.74486 0.52406
vt 0.74011 0.50695
vt 0.74486 0.52406
vt 0.73477 0.51535
vt 0.72439 0.49442
vt 0.74244 0.46834
vt 0.73508 0.49194
vt 0.75771 0.49456
vt 0.78956 0.52069
vt 0.75307 0.52621
vt 0.74486 0.52406
vt 0.76030 0.54654
vt 0.74647 0.53967
vt 0.79811 0.44285
vt 0.77560 0.46029
vt 0.76935 0.44698
vt 0.77560 0.46029
vt 0.74244 0.46834
vt 0.75224 0.45488
vt 0.43526 0.49142
vt 0.42048 0.48047
vt 0.43374 0.46919
vt 0.44423 0.45962
vt 0.44444 0.48543
vt 0.43374 0.46919
vt 0.78956 0.52069
vt 0.75771 0.49456
vt 0.78570 0.49713
vt 0.44444 0.48543
vt 0.44587 0.49444
vt 0.43526 0.49142
vt 0.78570 0.49713
vt 0.75771 0.49456
vt 0.79863 0.46755
vt 0.41680 0.47390
vt 0.41082 0.47711
vt 0.42108 0.46048
vt 0.79469 0.50286
vt 0.78570 0.49713
vt 0.80076 0.48457
vt 0.86894 0.01095
vt 0.87005 0.02178
vt 0.86130 0.01414
vt 0.81293 0.45355
vt 0.81288 0.46579
vt 0.79797 0.45665
vt 0.42048 0.48047
vt 0.41082 0.47711
vt 0.41680 0.47390
vt 0.46218 0.47780
vt 0.47308 0.47022
vt 0.46366 0.48236
vt 0.87005 0.02178
vt 0.86850 0.03517
vt 0.86133 0.02849
vt 0.79811 0.44285
vt 0.76935 0.44698
vt 0.80723 0.41479
vt 0.40952 0.48658
vt 0.41373 0.49544
vt 0.40686 0.49408
vt 0.42048 0.48047
vt 0.41373 0.49544
vt 0.40952 0.48658
vt 0.40952 0.48658
vt 0.40686 0.49408
vt 0.40151 0.48644
vt 0.43374 0.46919
vt 0.42048 0.48047
vt 0.42108 0.46048
vt 0.42108 0.46048
vt 0.42048 0.48047
vt 0.41680 0.47390
vt 0.42108 0.46048
vt 0.40886 0.46519
vt 0.41995 0.44710
vt 0.45097 0.48847
vt 0.44444 0.48543
vt 0.46218 0.47780
vt 0.39351 0.48034
vt 0.40495 0.47481
vt 0.40151 0.48644
vt 0.81288 0.46579
vt 0.81554 0.47721
vt 0.80076 0.48457
vt 0.45097 0.48847
vt 0.44587 0.49444
vt 0.44444 0.48543
vt 0.41373 0.49544
vt 0.42048 0.48047
vt 0.42610 0.49284
vt 0.86133 0.02849
vt 0.85030 0.01827
vt 0.86130 0.01414
vt 0.81293 0.45355
vt 0.79797 0.45665
vt 0.79811 0.44285
vt 0.81293 0.45355
vt 0.79811 0.44285
vt 0.81329 0.43390
vt 0.86133 0.02849
vt 0.86100 0.05099
vt 0.84266 0.04588
vt 0.79863 0.46755
vt 0.80076 0.48457
vt 0.78570 0.49713
vt 0.40886 0.46519
vt 0.41082 0.47711
vt 0.40495 0.47481
vt 0.40019 0.47168
vt 0.40886 0.46519
vt 0.40495 0.47481
vt 0.79469 0.50286
vt 0.78956 0.52069
vt 0.78570 0.49713
vt 0.39351 0.48034
vt 0.40019 0.47168
vt 0.40495 0.47481
vt 0.43172 0.46010
vt 0.44423 0.45962
vt 0.43374 0.46919
vt 0.80723 0.41479
vt 0.81329 0.43390
vt 0.79811 0.44285
vt 0.78008 0.36851
vt 0.80055 0.36572
vt 0.79117 0.38324
vt 0.43526 0.49142
vt 0.43374 0.46919
vt 0.44444 0.48543
vt 0.72429 0.41086
vt 0.71234 0.39521
vt 0.72177 0.38055
vt 0.43172 0.46010
vt 0.43374 0.46919
vt 0.42108 0.46048
vt 0.82262 0.40690
vt 0.82149 0.41512
vt 0.81664 0.40898
vt 0.39717 0.46941
vt 0.41652 0.43887
vt 0.40886 0.46519
vt 0.42610 0.49284
vt 0.42048 0.48047
vt 0.43526 0.49142
vt 0.81288 0.46579
vt 0.79863 0.46755
vt 0.79797 0.45665
vt 0.40019 0.47168
vt 0.39717 0.46941
vt 0.40886 0.46519
vt 0.40886 0.46519
vt 0.42108 0.46048
vt 0.41082 0.47711
vt 0.80666 0.48749
vt 0.80076 0.48457
vt 0.81554 0.47721
vt 0.86130 0.01414
vt 0.87005 0.02178
vt 0.86133 0.02849
vt 0.40151 0.48644
vt 0.40146 0.49796
vt 0.39539 0.49543
vt 0.40146 0.49796
vt 0.40151 0.48644
vt 0.40686 0.49408
vt 0.45097 0.48847
vt 0.46218 0.47780
vt 0.46366 0.48236
vt 0.75771 0.49456
vt 0.77560 0.46029
vt 0.79863 0.46755
vt 0.40952 0.48658
vt 0.41082 0.47711
vt 0.42048 0.48047
vt 0.41082 0.47711
vt 0.40952 0.48658
vt 0.40495 0.47481
vt 0.40151 0.48644
vt 0.40495 0.47481
vt 0.40952 0.48658
vt 0.46218 0.47780
vt 0.44444 0.48543
vt 0.45660 0.45150
vt 0.92890 0.18291
vt 0.91326 0.17715
vt 0.91292 0.16276
vt 0.92890 0.18291
vt 0.93411 0.16276
vt 0.94050 0.17716
vt 0.29552 0.07061
vt 0.28696 0.08352
vt 0.27777 0.06104
vt 0.30495 0.07371
vt 0.29552 0.07061
vt 0.29922 0.05312
vt 0.93632 0.19730
vt 0.94050 0.17716
vt 0.94456 0.19218
vt 0.93411 0.16276
vt 0.92890 0.18291
vt 0.92368 0.15962
vt 0.94661 0.16499
vt 0.94050 0.17716
vt 0.94354 0.15361
vt 0.94050 0.17716
vt 0.93411 0.16276
vt 0.94354 0.15361
vt 0.25783 0.10088
vt 0.26811 0.09287
vt 0.26412 0.11135
vt 0.26811 0.09287
vt 0.28121 0.10318
vt 0.26412 0.11135
vt 0.26047 0.09439
vt 0.26811 0.09287
vt 0.25783 0.10088
vt 0.51317 0.03438
vt 0.49858 0.02310
vt 0.50112 0.01447
vt 0.52578 0.00613
vt 0.51317 0.03438
vt 0.50112 0.01447
vt 0.92890 0.18291
vt 0.91999 0.18580
vt 0.91326 0.17715
vt 0.26811 0.09287
vt 0.26648 0.07654
vt 0.28696 0.08352
vt 0.26648 0.07654
vt 0.25976 0.05994
vt 0.27777 0.06104
vt 0.26648 0.07654
vt 0.27777 0.06104
vt 0.28696 0.08352
vt 0.93632 0.19730
vt 0.94199 0.21895
vt 0.92970 0.20398
vt 0.92797 0.21677
vt 0.92235 0.20832
vt 0.92970 0.20398
vt 0.91999 0.18580
vt 0.92890 0.18291
vt 0.92631 0.19081
vt 0.26811 0.09287
vt 0.26047 0.09439
vt 0.26255 0.08940
vt 0.92631 0.19081
vt 0.92890 0.18291
vt 0.93632 0.19730
vt 0.26648 0.07654
vt 0.26811 0.09287
vt 0.26255 0.08940
vt 0.92631 0.19081
vt 0.92970 0.20398
vt 0.92235 0.20832
vt 0.92631 0.19081
vt 0.93632 0.19730
vt 0.92970 0.20398
vt 0.98306 0.12313
vt 0.98357 0.10023
vt 0.99396 0.12486
vt 0.43434 0.71636
vt 0.41567 0.70918
vt 0.43495 0.69785
vt 0.73667 0.55658
vt 0.72995 0.57482
vt 0.73125 0.55016
vt 0.41567 0.70918
vt 0.43434 0.71636
vt 0.42057 0.71591
vt 0.73125 0.55016
vt 0.72995 0.57482
vt 0.71900 0.56285
vt 0.49001 0.01324
vt 0.49858 0.02310
vt 0.48740 0.01518
vt 0.49858 0.02310
vt 0.49007 0.02134
vt 0.48740 0.01518
vt 0.32824 0.09909
vt 0.33675 0.10262
vt 0.33520 0.12015
vt 0.73667 0.55658
vt 0.73785 0.54479
vt 0.74142 0.55182
vt 0.29805 0.05051
vt 0.29922 0.05312
vt 0.29552 0.07061
vt 0.73667 0.55658
vt 0.73125 0.55016
vt 0.73785 0.54479
vt 0.44621 0.71107
vt 0.43434 0.71636
vt 0.43495 0.69785
vt 0.28237 0.04896
vt 0.29805 0.05051
vt 0.29552 0.07061
vt 0.29552 0.07061
vt 0.27777 0.06104
vt 0.28237 0.04896
vt 0.44621 0.71107
vt 0.44260 0.71828
vt 0.43434 0.71636
vt 0.33675 0.10262
vt 0.34576 0.10495
vt 0.33520 0.12015
vt 0.32824 0.09909
vt 0.33198 0.09418
vt 0.33675 0.10262
vt 0.72995 0.57482
vt 0.73667 0.55658
vt 0.73686 0.56864
vt 0.50112 0.01447
vt 0.51065 0.00916
vt 0.52578 0.00613
vt 0.49001 0.01324
vt 0.50112 0.01447
vt 0.49858 0.02310
vt 0.28696 0.08352
vt 0.31359 0.09013
vt 0.29012 0.10931
vt 0.97301 0.08167
vt 0.98415 0.08811
vt 0.98357 0.10023
vt 0.93632 0.19730
vt 0.92890 0.18291
vt 0.94050 0.17716
vt 0.98357 0.10023
vt 0.99404 0.10101
vt 0.99396 0.12486
vt 0.94456 0.19218
vt 0.94050 0.17716
vt 0.94661 0.16499
vt 0.28121 0.10318
vt 0.28696 0.08352
vt 0.29012 0.10931
vt 0.31359 0.09013
vt 0.28696 0.08352
vt 0.29552 0.07061
vt 0.28696 0.08352
vt 0.28121 0.10318
vt 0.26811 0.09287
vt 0.29552 0.07061
vt 0.30495 0.07371
vt 0.31359 0.09013
vt 0.93388 0.21968
vt 0.92797 0.21677
vt 0.92970 0.20398
vt 0.93388 0.21968
vt 0.92970 0.20398
vt 0.94199 0.21895
vt 0.94789 0.20505
vt 0.93632 0.19730
vt 0.94456 0.19218
vt 0.93632 0.19730
vt 0.94789 0.20505
vt 0.94199 0.21895
vt 0.98415 0.08811
vt 0.99057 0.08102
vt 0.99404 0.10101
vt 0.98357 0.10023
vt 0.98415 0.08811
vt 0.99404 0.10101
vt 0.29012 0.10931
vt 0.31359 0.09013
vt 0.32824 0.09909
vt 0.33520 0.12015
vt 0.31980 0.12534
vt 0.32824 0.09909
vt 0.29012 0.10931
vt 0.32824 0.09909
vt 0.31980 0.12534
vt 0.71900 0.56285
vt 0.72995 0.57482
vt 0.71873 0.57622
vt 0.51317 0.03438
vt 0.49905 0.03122
vt 0.49858 0.02310
vt 0.71873 0.57622
vt 0.72995 0.57482
vt 0.73411 0.59011
vt 0.33970 0.45134
vt 0.34718 0.47278
vt 0.34234 0.47279
vt 0.32870 0.45859
vt 0.33970 0.45134
vt 0.33134 0.47112
vt 0.33134 0.47112
vt 0.33970 0.45134
vt 0.34234 0.47279
vt 0.40586 0.43417
vt 0.39717 0.46941
vt 0.38731 0.43158
vt 0.37305 0.45403
vt 0.38731 0.43158
vt 0.39717 0.46941
vt 0.37788 0.47212
vt 0.37305 0.45403
vt 0.39717 0.46941
vt 0.36526 0.46617
vt 0.35636 0.44834
vt 0.37305 0.45403
vt 0.96373 0.12751
vt 0.97166 0.14048
vt 0.96458 0.13376
vt 0.41652 0.43887
vt 0.39717 0.46941
vt 0.40586 0.43417
vt 0.35636 0.44834
vt 0.36989 0.40648
vt 0.37305 0.45403
vt 0.94407 0.14683
vt 0.94354 0.15361
vt 0.93619 0.13038
vt 0.79232 0.01679
vt 0.79959 0.01720
vt 0.79414 0.02934
vt 0.93619 0.13038
vt 0.92894 0.14059
vt 0.93428 0.10643
vt 0.36526 0.46617
vt 0.37305 0.45403
vt 0.37788 0.47212
vt 0.91149 0.11037
vt 0.93428 0.10643
vt 0.92894 0.14059
vt 0.90528 0.13413
vt 0.91149 0.11037
vt 0.91928 0.14062
vt 0.33699 0.42640
vt 0.35198 0.42399
vt 0.35636 0.44834
vt 0.35345 0.46867
vt 0.33970 0.45134
vt 0.35636 0.44834
vt 0.92894 0.14059
vt 0.93619 0.13038
vt 0.94354 0.15361
vt 0.99396 0.12486
vt 0.99100 0.13357
vt 0.98306 0.12313
vt 0.32870 0.45859
vt 0.32984 0.44733
vt 0.33970 0.45134
vt 0.98306 0.12313
vt 0.97166 0.14048
vt 0.96373 0.12751
vt 0.38061 0.48432
vt 0.39351 0.48034
vt 0.38888 0.48879
vt 0.39351 0.48034
vt 0.39717 0.46941
vt 0.40019 0.47168
vt 0.34718 0.47278
vt 0.35345 0.46867
vt 0.35212 0.47710
vt 0.76874 0.01822
vt 0.76022 0.02590
vt 0.76246 0.01737
vt 0.77873 0.03940
vt 0.76874 0.01822
vt 0.77376 0.00962
vt 0.36526 0.46617
vt 0.36204 0.46808
vt 0.35636 0.44834
vt 0.76022 0.02590
vt 0.76874 0.01822
vt 0.76825 0.03663
vt 0.36204 0.46808
vt 0.35872 0.46764
vt 0.35636 0.44834
vt 0.35345 0.46867
vt 0.35636 0.44834
vt 0.35872 0.46764
vt 0.93826 0.11692
vt 0.93619 0.13038
vt 0.93428 0.10643
vt 0.77376 0.00962
vt 0.79232 0.01679
vt 0.77873 0.03940
vt 0.78043 0.00415
vt 0.79232 0.01679
vt 0.77376 0.00962
vt 0.34718 0.47278
vt 0.33970 0.45134
vt 0.35345 0.46867
vt 0.93428 0.10643
vt 0.94247 0.10201
vt 0.93826 0.11692
vt 0.38061 0.48432
vt 0.37481 0.47778
vt 0.37788 0.47212
vt 0.37788 0.47212
vt 0.39351 0.48034
vt 0.38061 0.48432
vt 0.35636 0.44834
vt 0.33970 0.45134
vt 0.33699 0.42640
vt 0.33970 0.45134
vt 0.32984 0.44733
vt 0.33201 0.43579
vt 0.99117 0.14367
vt 0.98080 0.14214
vt 0.98306 0.12313
vt 0.98080 0.14214
vt 0.97166 0.14048
vt 0.98306 0.12313
vt 0.97488 0.14395
vt 0.97166 0.14048
vt 0.98080 0.14214
vt 0.39351 0.48034
vt 0.40151 0.48644
vt 0.38888 0.48879
vt 0.39351 0.48034
vt 0.37788 0.47212
vt 0.39717 0.46941
vt 0.81035 0.01551
vt 0.80999 0.02827
vt 0.79959 0.01720
vt 0.33699 0.42640
vt 0.33970 0.45134
vt 0.33201 0.43579
vt 0.98306 0.12313
vt 0.99100 0.13357
vt 0.99117 0.14367
vt 0.91928 0.14062
vt 0.91149 0.11037
vt 0.92894 0.14059
vt 0.28364 0.11680
vt 0.28121 0.10318
vt 0.29012 0.10931
vt 0.90528 0.13413
vt 0.89430 0.12518
vt 0.90092 0.11984
vt 0.91292 0.16276
vt 0.92368 0.15962
vt 0.92890 0.18291
vt 0.25216 0.12379
vt 0.26412 0.11135
vt 0.25571 0.13225
vt 0.25216 0.12379
vt 0.25783 0.10088
vt 0.26412 0.11135
vt 0.91292 0.16276
vt 0.91326 0.17715
vt 0.90052 0.14915
vt 0.26423 0.14726
vt 0.27439 0.12754
vt 0.27879 0.13645
vt 0.27439 0.12754
vt 0.25571 0.13225
vt 0.26412 0.11135
vt 0.28364 0.11680
vt 0.27439 0.12754
vt 0.26412 0.11135
vt 0.91928 0.14062
vt 0.92368 0.15962
vt 0.91292 0.16276
vt 0.93411 0.16276
vt 0.92368 0.15962
vt 0.92894 0.14059
vt 0.28174 0.16383
vt 0.28364 0.11680
vt 0.31980 0.12534
vt 0.93411 0.16276
vt 0.92894 0.14059
vt 0.94354 0.15361
vt 0.28364 0.11680
vt 0.28174 0.16383
vt 0.27879 0.13645
vt 0.29012 0.10931
vt 0.31980 0.12534
vt 0.28364 0.11680
vt 0.28364 0.11680
vt 0.27879 0.13645
vt 0.27439 0.12754
vt 0.92894 0.14059
vt 0.92368 0.15962
vt 0.91928 0.14062
vt 0.91292 0.16276
vt 0.90528 0.13413
vt 0.91928 0.14062
vt 0.90528 0.13413
vt 0.91292 0.16276
vt 0.90052 0.14915
vt 0.25571 0.13225
vt 0.26423 0.14726
vt 0.24701 0.14731
vt 0.26423 0.14726
vt 0.25571 0.13225
vt 0.27439 0.12754
vt 0.89430 0.12518
vt 0.90528 0.13413
vt 0.90052 0.14915
vt 0.24701 0.14731
vt 0.25216 0.12379
vt 0.25571 0.13225
vt 0.28121 0.10318
vt 0.28364 0.11680
vt 0.26412 0.11135
vt 0.79508 0.07656
vt 0.77873 0.03940
vt 0.79639 0.04828
vt 0.83510 0.06422
vt 0.81485 0.04634
vt 0.83410 0.05277
vt 0.83410 0.05277
vt 0.81485 0.04634
vt 0.82168 0.03162
vt 0.98357 0.10023
vt 0.98306 0.12313
vt 0.95377 0.10837
vt 0.82141 0.01538
vt 0.82168 0.03162
vt 0.80999 0.02827
vt 0.83214 0.02138
vt 0.82168 0.03162
vt 0.82141 0.01538
vt 0.81647 0.09976
vt 0.79508 0.07656
vt 0.81733 0.07533
vt 0.98306 0.12313
vt 0.96373 0.12751
vt 0.95377 0.10837
vt 0.79639 0.04828
vt 0.80999 0.02827
vt 0.81485 0.04634
vt 0.80999 0.02827
vt 0.82168 0.03162
vt 0.81485 0.04634
vt 0.77873 0.03940
vt 0.77024 0.06589
vt 0.76876 0.05247
vt 0.84266 0.04588
vt 0.83214 0.02138
vt 0.84032 0.02432
vt 0.84266 0.04588
vt 0.82168 0.03162
vt 0.83214 0.02138
vt 0.95240 0.11618
vt 0.95377 0.10837
vt 0.96373 0.12751
vt 0.76876 0.05247
vt 0.76825 0.03663
vt 0.77873 0.03940
vt 0.81485 0.04634
vt 0.83510 0.06422
vt 0.81733 0.07533
vt 0.77345 0.09731
vt 0.77172 0.07940
vt 0.79385 0.09396
vt 0.76874 0.01822
vt 0.77873 0.03940
vt 0.76825 0.03663
vt 0.79385 0.09396
vt 0.77172 0.07940
vt 0.79508 0.07656
vt 0.77024 0.06589
vt 0.77873 0.03940
vt 0.79508 0.07656
vt 0.77172 0.07940
vt 0.77024 0.06589
vt 0.79508 0.07656
vt 0.79639 0.04828
vt 0.77873 0.03940
vt 0.79414 0.02934
vt 0.80999 0.02827
vt 0.79414 0.02934
vt 0.79959 0.01720
vt 0.79508 0.07656
vt 0.81485 0.04634
vt 0.81733 0.07533
vt 0.79639 0.04828
vt 0.81485 0.04634
vt 0.79508 0.07656
vt 0.77873 0.03940
vt 0.79232 0.01679
vt 0.79414 0.02934
vt 0.38888 0.48879
vt 0.40151 0.48644
vt 0.39539 0.49543
vt 0.83410 0.05277
vt 0.82168 0.03162
vt 0.84266 0.04588
vt 0.83410 0.05277
vt 0.84266 0.04588
vt 0.83510 0.06422
vt 0.80999 0.02827
vt 0.81035 0.01551
vt 0.82141 0.01538
vt 0.79414 0.02934
vt 0.80999 0.02827
vt 0.79639 0.04828
vt 0.95377 0.10837
vt 0.95938 0.09252
vt 0.97301 0.08167
vt 0.97301 0.08167
vt 0.98357 0.10023
vt 0.95377 0.10837
vt 0.92797 0.21677
vt 0.93388 0.21968
vt 0.92583 0.22851
vt 0.25997 0.06884
vt 0.25976 0.05994
vt 0.26648 0.07654
vt 0.95347 0.00794
vt 0.97106 0.00684
vt 0.95455 0.01762
vt 0.44151 0.63033
vt 0.42923 0.62502
vt 0.44383 0.62185
vt 0.95455 0.01762
vt 0.94579 0.00945
vt 0.95347 0.00794
vt 0.67766 0.43526
vt 0.67668 0.45582
vt 0.66212 0.43968
vt 0.45085 0.60225
vt 0.42923 0.62502
vt 0.41253 0.60089
vt 0.74621 0.02368
vt 0.72250 0.06089
vt 0.73962 0.02092
vt 0.74788 0.04058
vt 0.72250 0.06089
vt 0.74621 0.02368
vt 0.70575 0.33513
vt 0.71989 0.34520
vt 0.70571 0.36762
vt 0.42923 0.62502
vt 0.45085 0.60225
vt 0.44383 0.62185
vt 0.71989 0.34520
vt 0.71996 0.36327
vt 0.70571 0.36762
vt 0.71996 0.36327
vt 0.71416 0.36840
vt 0.70571 0.36762
vt 0.68246 0.36760
vt 0.70571 0.36762
vt 0.69927 0.37547
vt 0.70571 0.36762
vt 0.71416 0.36840
vt 0.69927 0.37547
vt 0.69927 0.37547
vt 0.72177 0.38055
vt 0.70384 0.38759
vt 0.69927 0.37547
vt 0.70384 0.38759
vt 0.69477 0.38308
vt 0.67443 0.41481
vt 0.69296 0.40450
vt 0.67766 0.43526
vt 0.67766 0.43526
vt 0.72215 0.44063
vt 0.71096 0.48659
vt 0.42923 0.62502
vt 0.40892 0.63229
vt 0.41253 0.60089
vt 0.67152 0.45879
vt 0.67668 0.45582
vt 0.68288 0.46667
vt 0.67766 0.43526
vt 0.69545 0.47363
vt 0.67668 0.45582
vt 0.71096 0.48659
vt 0.72215 0.44063
vt 0.72116 0.47919
vt 0.38216 0.63990
vt 0.41253 0.60089
vt 0.40892 0.63229
vt 0.76935 0.44698
vt 0.75224 0.45488
vt 0.74778 0.43675
vt 0.73629 0.45709
vt 0.72116 0.47919
vt 0.72215 0.44063
vt 0.66504 0.41652
vt 0.65050 0.40452
vt 0.66010 0.39350
vt 0.67188 0.39569
vt 0.67443 0.41481
vt 0.66504 0.41652
vt 0.67188 0.39569
vt 0.68136 0.39758
vt 0.67443 0.41481
vt 0.68136 0.39758
vt 0.69296 0.40450
vt 0.67443 0.41481
vt 0.66504 0.41652
vt 0.66010 0.39350
vt 0.67188 0.39569
vt 0.66504 0.41652
vt 0.67443 0.41481
vt 0.67766 0.43526
vt 0.95455 0.01762
vt 0.97106 0.00684
vt 0.97265 0.02438
vt 0.69477 0.38308
vt 0.67188 0.39569
vt 0.67177 0.37645
vt 0.68136 0.39758
vt 0.67188 0.39569
vt 0.69477 0.38308
vt 0.67177 0.37645
vt 0.67188 0.39569
vt 0.66010 0.39350
vt 0.65050 0.40452
vt 0.65326 0.39683
vt 0.66010 0.39350
vt 0.72475 0.01575
vt 0.73255 0.02290
vt 0.70776 0.01459
vt 0.73641 0.01675
vt 0.73255 0.02290
vt 0.73072 0.01803
vt 0.65470 0.37931
vt 0.66063 0.37224
vt 0.67177 0.37645
vt 0.97265 0.02438
vt 0.97106 0.00684
vt 0.98380 0.00865
vt 0.74788 0.04058
vt 0.74621 0.02368
vt 0.75434 0.03395
vt 0.65470 0.37931
vt 0.67177 0.37645
vt 0.65537 0.38444
vt 0.73255 0.02290
vt 0.72475 0.01575
vt 0.73072 0.01803
vt 0.79117 0.38324
vt 0.77100 0.38879
vt 0.78008 0.36851
vt 0.72250 0.06089
vt 0.73255 0.02290
vt 0.73962 0.02092
vt 0.68246 0.36760
vt 0.69927 0.37547
vt 0.69477 0.38308
vt 0.77467 0.40564
vt 0.77100 0.38879
vt 0.78730 0.40483
vt 0.70384 0.38759
vt 0.68136 0.39758
vt 0.69477 0.38308
vt 0.68246 0.36760
vt 0.69477 0.38308
vt 0.67177 0.37645
vt 0.73255 0.02290
vt 0.73641 0.01675
vt 0.73962 0.02092
vt 0.66010 0.39350
vt 0.65537 0.38444
vt 0.67177 0.37645
vt 0.67668 0.45582
vt 0.69545 0.47363
vt 0.68288 0.46667
vt 0.69927 0.37547
vt 0.71416 0.36840
vt 0.72177 0.38055
vt 0.41868 0.49823
vt 0.41373 0.49544
vt 0.42610 0.49284
vt 0.81664 0.40898
vt 0.80691 0.39095
vt 0.81932 0.39150
vt 0.80076 0.48457
vt 0.79863 0.46755
vt 0.81288 0.46579
vt 0.81664 0.40898
vt 0.82149 0.41512
vt 0.80723 0.41479
vt 0.77560 0.46029
vt 0.79797 0.45665
vt 0.79863 0.46755
vt 0.76935 0.44698
vt 0.77766 0.42489
vt 0.80723 0.41479
vt 0.86100 0.05099
vt 0.86133 0.02849
vt 0.86850 0.03517
vt 0.75224 0.45488
vt 0.73629 0.45709
vt 0.74778 0.43675
vt 0.81828 0.42603
vt 0.80723 0.41479
vt 0.82149 0.41512
vt 0.72429 0.41086
vt 0.72177 0.38055
vt 0.75120 0.40501
vt 0.69296 0.40450
vt 0.71234 0.39521
vt 0.72429 0.41086
vt 0.81932 0.39150
vt 0.81492 0.37786
vt 0.82245 0.38069
vt 0.81664 0.40898
vt 0.80723 0.41479
vt 0.80691 0.39095
vt 0.85578 0.09321
vt 0.85784 0.07276
vt 0.86214 0.08636
vt 0.80055 0.36572
vt 0.78008 0.36851
vt 0.79553 0.34907
vt 0.75120 0.40501
vt 0.72177 0.38055
vt 0.74409 0.37832
vt 0.81828 0.42603
vt 0.81329 0.43390
vt 0.80723 0.41479
vt 0.76281 0.43011
vt 0.77766 0.42489
vt 0.76935 0.44698
vt 0.75101 0.41884
vt 0.72215 0.44063
vt 0.72429 0.41086
vt 0.75101 0.41884
vt 0.77766 0.42489
vt 0.76281 0.43011
vt 0.71234 0.39521
vt 0.68136 0.39758
vt 0.70384 0.38759
vt 0.77100 0.38879
vt 0.76388 0.41055
vt 0.75120 0.40501
vt 0.77560 0.46029
vt 0.75771 0.49456
vt 0.74244 0.46834
vt 0.71234 0.39521
vt 0.69296 0.40450
vt 0.68136 0.39758
vt 0.77100 0.38879
vt 0.75120 0.40501
vt 0.76272 0.36978
vt 0.74778 0.43675
vt 0.72215 0.44063
vt 0.75101 0.41884
vt 0.74550 0.36064
vt 0.75285 0.34058
vt 0.75870 0.35739
vt 0.84266 0.04588
vt 0.86100 0.05099
vt 0.85666 0.05877
vt 0.71234 0.39521
vt 0.70384 0.38759
vt 0.72177 0.38055
vt 0.74778 0.43675
vt 0.76281 0.43011
vt 0.76935 0.44698
vt 0.77560 0.46029
vt 0.75224 0.45488
vt 0.76935 0.44698
vt 0.72177 0.38055
vt 0.71416 0.36840
vt 0.73044 0.36038
vt 0.72177 0.38055
vt 0.73044 0.36038
vt 0.74409 0.37832
vt 0.71996 0.36327
vt 0.73044 0.36038
vt 0.71416 0.36840
vt 0.71989 0.34520
vt 0.73044 0.36038
vt 0.71996 0.36327
vt 0.78008 0.36851
vt 0.77100 0.38879
vt 0.76272 0.36978
vt 0.79797 0.45665
vt 0.77560 0.46029
vt 0.79811 0.44285
vt 0.75870 0.35739
vt 0.76272 0.36978
vt 0.74409 0.37832
vt 0.75224 0.45488
vt 0.74244 0.46834
vt 0.73629 0.45709
vt 0.76388 0.41055
vt 0.75101 0.41884
vt 0.75120 0.40501
vt 0.80691 0.39095
vt 0.80723 0.41479
vt 0.78730 0.40483
vt 0.77339 0.34707
vt 0.77852 0.32586
vt 0.78976 0.32947
vt 0.84266 0.04588
vt 0.84032 0.02432
vt 0.85030 0.01827
vt 0.75285 0.34058
vt 0.77339 0.34707
vt 0.75870 0.35739
vt 0.75120 0.40501
vt 0.75101 0.41884
vt 0.72429 0.41086
vt 0.89359 0.15523
vt 0.89422 0.17623
vt 0.88991 0.16798
vt 0.79117 0.38324
vt 0.80055 0.36572
vt 0.80691 0.39095
vt 0.86133 0.02849
vt 0.84266 0.04588
vt 0.85030 0.01827
vt 0.80723 0.41479
vt 0.77766 0.42489
vt 0.78730 0.40483
vt 0.76281 0.43011
vt 0.74778 0.43675
vt 0.75101 0.41884
vt 0.80691 0.39095
vt 0.78730 0.40483
vt 0.79117 0.38324
vt 0.79553 0.34907
vt 0.81706 0.35527
vt 0.80055 0.36572
vt 0.67766 0.43526
vt 0.69296 0.40450
vt 0.72429 0.41086
vt 0.75120 0.40501
vt 0.74409 0.37832
vt 0.76272 0.36978
vt 0.77467 0.40564
vt 0.76388 0.41055
vt 0.77100 0.38879
vt 0.77852 0.32586
vt 0.77339 0.34707
vt 0.75285 0.34058
vt 0.77339 0.34707
vt 0.78976 0.32947
vt 0.79553 0.34907
vt 0.77766 0.42489
vt 0.76388 0.41055
vt 0.77467 0.40564
vt 0.85784 0.07276
vt 0.84136 0.09457
vt 0.84269 0.07595
vt 0.77766 0.42489
vt 0.77467 0.40564
vt 0.78730 0.40483
vt 0.85784 0.07276
vt 0.85578 0.09321
vt 0.84136 0.09457
vt 0.74409 0.37832
vt 0.73044 0.36038
vt 0.74550 0.36064
vt 0.74409 0.37832
vt 0.74550 0.36064
vt 0.75870 0.35739
vt 0.72429 0.41086
vt 0.72215 0.44063
vt 0.67766 0.43526
vt 0.85666 0.05877
vt 0.85784 0.07276
vt 0.84269 0.07595
vt 0.77100 0.38879
vt 0.79117 0.38324
vt 0.78730 0.40483
vt 0.33520 0.12015
vt 0.33690 0.14829
vt 0.31980 0.12534
vt 0.33874 0.13346
vt 0.33690 0.14829
vt 0.33520 0.12015
vt 0.28174 0.16383
vt 0.31980 0.12534
vt 0.32242 0.16805
vt 0.35784 0.13782
vt 0.33874 0.13346
vt 0.33520 0.12015
vt 0.35784 0.13782
vt 0.34614 0.15138
vt 0.33874 0.13346
vt 0.35784 0.13782
vt 0.33520 0.12015
vt 0.34576 0.10495
vt 0.34614 0.15138
vt 0.33690 0.14829
vt 0.33874 0.13346
vt 0.33690 0.14829
vt 0.32242 0.16805
vt 0.31980 0.12534
vt 0.32242 0.16805
vt 0.33994 0.17318
vt 0.33092 0.17812
vt 0.17063 0.50369
vt 0.15611 0.51809
vt 0.15603 0.50742
vt 0.33994 0.17318
vt 0.34614 0.15138
vt 0.35375 0.17053
vt 0.33690 0.14829
vt 0.33994 0.17318
vt 0.32242 0.16805
vt 0.33690 0.14829
vt 0.34614 0.15138
vt 0.33994 0.17318
vt 0.24606 0.31179
vt 0.23719 0.31608
vt 0.22799 0.28701
vt 0.19856 0.28934
vt 0.20542 0.32214
vt 0.18855 0.30637
vt 0.88190 0.02376
vt 0.88306 0.01845
vt 0.88790 0.03119
vt 0.88790 0.03119
vt 0.88306 0.01845
vt 0.89293 0.02165
vt 0.21972 0.30588
vt 0.23719 0.31608
vt 0.23681 0.33149
vt 0.88919 0.01452
vt 0.89293 0.02165
vt 0.88306 0.01845
vt 0.93712 0.02065
vt 0.92828 0.01151
vt 0.93989 0.00407
vt 0.18486 0.24142
vt 0.18388 0.25667
vt 0.17261 0.24658
vt 0.38699 0.35736
vt 0.40854 0.34900
vt 0.40606 0.39077
vt 0.40854 0.34900
vt 0.41829 0.35201
vt 0.40606 0.39077
vt 0.21972 0.30588
vt 0.22799 0.28701
vt 0.23719 0.31608
vt 0.18855 0.30637
vt 0.17601 0.29662
vt 0.18341 0.28737
vt 0.21867 0.25105
vt 0.22924 0.25070
vt 0.22818 0.26640
vt 0.20932 0.27325
vt 0.21867 0.25105
vt 0.22818 0.26640
vt 0.23986 0.28392
vt 0.22799 0.28701
vt 0.22818 0.26640
vt 0.22799 0.28701
vt 0.20932 0.27325
vt 0.22818 0.26640
vt 0.41829 0.35201
vt 0.43469 0.38093
vt 0.40606 0.39077
vt 0.17338 0.25718
vt 0.18388 0.25667
vt 0.18342 0.26797
vt 0.19578 0.26663
vt 0.18342 0.26797
vt 0.18388 0.25667
vt 0.18855 0.30637
vt 0.18226 0.30993
vt 0.17601 0.29662
vt 0.18342 0.26797
vt 0.17026 0.27912
vt 0.17007 0.26710
vt 0.17026 0.27912
vt 0.18342 0.26797
vt 0.18341 0.28737
vt 0.18342 0.26797
vt 0.19856 0.28934
vt 0.18341 0.28737
vt 0.18499 0.32205
vt 0.18226 0.30993
vt 0.18855 0.30637
vt 0.42425 0.31758
vt 0.39676 0.33558
vt 0.40102 0.32339
vt 0.17601 0.29662
vt 0.17026 0.27912
vt 0.18341 0.28737
vt 0.17601 0.29662
vt 0.17077 0.29178
vt 0.17026 0.27912
vt 0.18855 0.30637
vt 0.20542 0.32214
vt 0.18499 0.32205
vt 0.40102 0.32339
vt 0.42207 0.28850
vt 0.42425 0.31758
vt 0.39831 0.30516
vt 0.39825 0.29730
vt 0.40354 0.31203
vt 0.40102 0.32339
vt 0.40354 0.31203
vt 0.42207 0.28850
vt 0.18388 0.25667
vt 0.18486 0.24142
vt 0.19042 0.25065
vt 0.90047 0.03679
vt 0.88790 0.03119
vt 0.89987 0.02468
vt 0.19691 0.24273
vt 0.20171 0.24109
vt 0.20205 0.25675
vt 0.89753 0.01489
vt 0.89987 0.02468
vt 0.89293 0.02165
vt 0.23376 0.23098
vt 0.23950 0.24314
vt 0.22996 0.24654
vt 0.88790 0.03119
vt 0.89293 0.02165
vt 0.89987 0.02468
vt 0.21867 0.25105
vt 0.21193 0.25617
vt 0.20861 0.24808
vt 0.89753 0.01489
vt 0.89293 0.02165
vt 0.88919 0.01452
vt 0.20205 0.25675
vt 0.20171 0.24109
vt 0.20861 0.24808
vt 0.21193 0.25617
vt 0.21867 0.25105
vt 0.20932 0.27325
vt 0.24606 0.31179
vt 0.22799 0.28701
vt 0.23986 0.28392
vt 0.89987 0.02468
vt 0.89753 0.01489
vt 0.90767 0.01862
vt 0.19042 0.25065
vt 0.19691 0.24273
vt 0.20205 0.25675
vt 0.20205 0.25675
vt 0.20861 0.24808
vt 0.21193 0.25617
vt 0.19578 0.26663
vt 0.19042 0.25065
vt 0.20205 0.25675
vt 0.18388 0.25667
vt 0.19042 0.25065
vt 0.19578 0.26663
vt 0.20932 0.27325
vt 0.20205 0.25675
vt 0.21193 0.25617
vt 0.20205 0.25675
vt 0.20932 0.27325
vt 0.19578 0.26663
vt 0.19856 0.28934
vt 0.21972 0.30588
vt 0.20542 0.32214
vt 0.19856 0.28934
vt 0.18855 0.30637
vt 0.18341 0.28737
vt 0.39676 0.33558
vt 0.42425 0.31758
vt 0.40854 0.34900
vt 0.17007 0.26710
vt 0.17338 0.25718
vt 0.18342 0.26797
vt 0.40854 0.34900
vt 0.38972 0.34384
vt 0.39676 0.33558
vt 0.40854 0.34900
vt 0.38840 0.34702
vt 0.38972 0.34384
vt 0.38699 0.35736
vt 0.38840 0.34702
vt 0.40854 0.34900
vt 0.17214 0.25344
vt 0.17261 0.24658
vt 0.18388 0.25667
vt 0.17214 0.25344
vt 0.18388 0.25667
vt 0.17338 0.25718
vt 0.22799 0.28701
vt 0.21972 0.30588
vt 0.19856 0.28934
vt 0.19856 0.28934
vt 0.20932 0.27325
vt 0.22799 0.28701
vt 0.19578 0.26663
vt 0.20932 0.27325
vt 0.19856 0.28934
vt 0.19578 0.26663
vt 0.19856 0.28934
vt 0.18342 0.26797
vt 0.42207 0.28850
vt 0.40354 0.31203
vt 0.39825 0.29730
vt 0.35636 0.44834
vt 0.35198 0.42399
vt 0.36989 0.40648
vt 0.92037 0.05968
vt 0.91332 0.07527
vt 0.90351 0.05996
vt 0.93428 0.10643
vt 0.91149 0.11037
vt 0.91411 0.09037
vt 0.89832 0.04744
vt 0.90351 0.05996
vt 0.89696 0.07030
vt 0.40886 0.46519
vt 0.41652 0.43887
vt 0.41995 0.44710
vt 0.41652 0.43887
vt 0.40586 0.43417
vt 0.42578 0.42145
vt 0.42578 0.42145
vt 0.40586 0.43417
vt 0.41003 0.42326
vt 0.42578 0.42145
vt 0.43230 0.43402
vt 0.41652 0.43887
vt 0.43080 0.41356
vt 0.41003 0.42326
vt 0.40606 0.39077
vt 0.43080 0.41356
vt 0.42578 0.42145
vt 0.41003 0.42326
vt 0.38184 0.41147
vt 0.39388 0.42643
vt 0.38731 0.43158
vt 0.36989 0.40648
vt 0.38184 0.41147
vt 0.38731 0.43158
vt 0.40586 0.43417
vt 0.38731 0.43158
vt 0.39388 0.42643
vt 0.37305 0.45403
vt 0.36989 0.40648
vt 0.38731 0.43158
vt 0.38699 0.35736
vt 0.40606 0.39077
vt 0.37592 0.37437
vt 0.93784 0.08152
vt 0.91411 0.09037
vt 0.91332 0.07527
vt 0.93428 0.10643
vt 0.91411 0.09037
vt 0.93784 0.08152
vt 0.91332 0.07527
vt 0.91411 0.09037
vt 0.90299 0.08239
vt 0.90557 0.09396
vt 0.90299 0.08239
vt 0.91411 0.09037
vt 0.90299 0.08239
vt 0.89810 0.09082
vt 0.89913 0.08357
vt 0.39388 0.42643
vt 0.41003 0.42326
vt 0.40586 0.43417
vt 0.37592 0.37437
vt 0.40606 0.39077
vt 0.38184 0.41147
vt 0.41003 0.42326
vt 0.39388 0.42643
vt 0.40606 0.39077
vt 0.40606 0.39077
vt 0.39388 0.42643
vt 0.38184 0.41147
vt 0.90299 0.08239
vt 0.90351 0.05996
vt 0.91332 0.07527
vt 0.89696 0.07030
vt 0.90351 0.05996
vt 0.90299 0.08239
vt 0.90557 0.09396
vt 0.91411 0.09037
vt 0.91149 0.11037
vt 0.89810 0.09082
vt 0.90299 0.08239
vt 0.90557 0.09396
vt 0.33699 0.42640
vt 0.34161 0.40076
vt 0.35198 0.42399
vt 0.94156 0.04936
vt 0.94987 0.06625
vt 0.93935 0.06105
vt 0.35449 0.39467
vt 0.34161 0.40076
vt 0.35306 0.38881
vt 0.37592 0.37437
vt 0.36263 0.38693
vt 0.36769 0.37510
vt 0.95141 0.09090
vt 0.94247 0.10201
vt 0.93784 0.08152
vt 0.93428 0.10643
vt 0.93784 0.08152
vt 0.94247 0.10201
vt 0.94987 0.06625
vt 0.95141 0.09090
vt 0.93784 0.08152
vt 0.36989 0.40648
vt 0.37592 0.37437
vt 0.38184 0.41147
vt 0.88725 0.04637
vt 0.90047 0.03679
vt 0.89832 0.04744
vt 0.88725 0.04637
vt 0.88790 0.03119
vt 0.90047 0.03679
vt 0.94602 0.03225
vt 0.93712 0.02065
vt 0.94182 0.02474
vt 0.92386 0.03344
vt 0.91497 0.03374
vt 0.91495 0.01459
vt 0.90047 0.03679
vt 0.89987 0.02468
vt 0.91497 0.03374
vt 0.92037 0.05968
vt 0.90351 0.05996
vt 0.89832 0.04744
vt 0.89832 0.04744
vt 0.90047 0.03679
vt 0.92037 0.05968
vt 0.93705 0.03856
vt 0.92386 0.03344
vt 0.93712 0.02065
vt 0.93784 0.08152
vt 0.91332 0.07527
vt 0.92037 0.05968
vt 0.37782 0.36629
vt 0.38699 0.35736
vt 0.37592 0.37437
vt 0.93712 0.02065
vt 0.92386 0.03344
vt 0.92828 0.01151
vt 0.91497 0.03374
vt 0.89987 0.02468
vt 0.90767 0.01862
vt 0.91497 0.03374
vt 0.90767 0.01862
vt 0.91495 0.01459
vt 0.91495 0.01459
vt 0.92828 0.01151
vt 0.92386 0.03344
vt 0.92828 0.01151
vt 0.91495 0.01459
vt 0.91930 0.01143
vt 0.34161 0.40076
vt 0.35449 0.39467
vt 0.35198 0.42399
vt 0.94987 0.06625
vt 0.93784 0.08152
vt 0.93935 0.06105
vt 0.35449 0.39467
vt 0.36989 0.40648
vt 0.35198 0.42399
vt 0.92386 0.03344
vt 0.93705 0.03856
vt 0.93318 0.04795
vt 0.92037 0.05968
vt 0.93935 0.06105
vt 0.93784 0.08152
vt 0.35449 0.39467
vt 0.36263 0.38693
vt 0.36989 0.40648
vt 0.92037 0.05968
vt 0.93318 0.04795
vt 0.93935 0.06105
vt 0.94602 0.03225
vt 0.93705 0.03856
vt 0.93712 0.02065
vt 0.93935 0.06105
vt 0.93318 0.04795
vt 0.94156 0.04936
vt 0.35306 0.38881
vt 0.36263 0.38693
vt 0.35449 0.39467
vt 0.93318 0.04795
vt 0.93705 0.03856
vt 0.94156 0.04936
vt 0.94555 0.04117
vt 0.94156 0.04936
vt 0.94602 0.03225
vt 0.92037 0.05968
vt 0.91497 0.03374
vt 0.93318 0.04795
vt 0.94602 0.03225
vt 0.94156 0.04936
vt 0.93705 0.03856
vt 0.92037 0.05968
vt 0.90047 0.03679
vt 0.91497 0.03374
vt 0.37592 0.37437
vt 0.36989 0.40648
vt 0.36263 0.38693
vt 0.92386 0.03344
vt 0.93318 0.04795
vt 0.91497 0.03374
vt 0.29304 0.64136
vt 0.28069 0.65780
vt 0.27639 0.64733
vt 0.29548 0.62898
vt 0.29304 0.64136
vt 0.27639 0.64733
vt 0.29548 0.62898
vt 0.27639 0.64733
vt 0.25979 0.64246
vt 0.24959 0.65165
vt 0.25574 0.67242
vt 0.23545 0.67672
vt 0.29548 0.62898
vt 0.25979 0.64246
vt 0.27529 0.62727
vt 0.31253 0.64713
vt 0.28069 0.65780
vt 0.29304 0.64136
vt 0.31739 0.61089
vt 0.29548 0.62898
vt 0.30366 0.61264
vt 0.31739 0.61089
vt 0.29304 0.64136
vt 0.29548 0.62898
vt 0.24959 0.65165
vt 0.28069 0.65780
vt 0.25574 0.67242
vt 0.28069 0.65780
vt 0.24959 0.65165
vt 0.27639 0.64733
vt 0.25979 0.64246
vt 0.27639 0.64733
vt 0.24959 0.65165
vt 0.28323 0.67754
vt 0.25574 0.67242
vt 0.28069 0.65780
vt 0.29548 0.62898
vt 0.27529 0.62727
vt 0.30366 0.61264
vt 0.30366 0.61264
vt 0.27529 0.62727
vt 0.29430 0.60824
vt 0.32713 0.63968
vt 0.31541 0.66831
vt 0.31253 0.64713
vt 0.31739 0.61089
vt 0.32713 0.63968
vt 0.31253 0.64713
vt 0.29304 0.64136
vt 0.31739 0.61089
vt 0.31253 0.64713
vt 0.30358 0.69896
vt 0.31541 0.66831
vt 0.33343 0.69223
vt 0.31541 0.66831
vt 0.32713 0.63968
vt 0.33201 0.66545
vt 0.33343 0.69223
vt 0.31541 0.66831
vt 0.33201 0.66545
vt 0.33343 0.69223
vt 0.33201 0.66545
vt 0.35527 0.66469
vt 0.28323 0.67754
vt 0.26013 0.69644
vt 0.25574 0.67242
vt 0.31541 0.66831
vt 0.28323 0.67754
vt 0.31253 0.64713
vt 0.30358 0.69896
vt 0.28323 0.67754
vt 0.31541 0.66831
vt 0.31253 0.64713
vt 0.28323 0.67754
vt 0.28069 0.65780
vt 0.45104 0.39535
vt 0.47160 0.38925
vt 0.46710 0.41299
vt 0.48564 0.42083
vt 0.46710 0.41299
vt 0.47986 0.39414
vt 0.44246 0.41291
vt 0.45104 0.39535
vt 0.45563 0.41724
vt 0.45563 0.41724
vt 0.45104 0.39535
vt 0.46710 0.41299
vt 0.47986 0.39414
vt 0.49809 0.39712
vt 0.48564 0.42083
vt 0.50972 0.39597
vt 0.49981 0.41936
vt 0.49809 0.39712
vt 0.48564 0.42083
vt 0.49809 0.39712
vt 0.49981 0.41936
vt 0.50853 0.41196
vt 0.49981 0.41936
vt 0.50972 0.39597
vt 0.50288 0.38133
vt 0.50972 0.39597
vt 0.49809 0.39712
vt 0.76996 0.55779
vt 0.78382 0.57144
vt 0.77847 0.57672
vt 0.47160 0.38925
vt 0.48128 0.36802
vt 0.47986 0.39414
vt 0.48128 0.36802
vt 0.47160 0.38925
vt 0.45311 0.38105
vt 0.47160 0.38925
vt 0.45104 0.39535
vt 0.45311 0.38105
vt 0.51752 0.40298
vt 0.50853 0.41196
vt 0.50972 0.39597
vt 0.46710 0.41299
vt 0.45750 0.44243
vt 0.44802 0.42933
vt 0.47986 0.39414
vt 0.49942 0.37491
vt 0.49809 0.39712
vt 0.50853 0.41196
vt 0.50749 0.42379
vt 0.49981 0.41936
vt 0.78382 0.57144
vt 0.79218 0.58462
vt 0.77847 0.57672
vt 0.78770 0.59203
vt 0.77847 0.57672
vt 0.79218 0.58462
vt 0.78810 0.54746
vt 0.76996 0.55779
vt 0.76030 0.54654
vt 0.07298 0.00653
vt 0.06721 0.00664
vt 0.07093 0.00424
vt 0.07093 0.00424
vt 0.06721 0.00664
vt 0.06771 0.00379
vt 0.43661 0.42173
vt 0.43230 0.43402
vt 0.43084 0.42239
vt 0.42578 0.42145
vt 0.43084 0.42239
vt 0.43230 0.43402
vt 0.45104 0.39535
vt 0.44029 0.39649
vt 0.44448 0.37926
vt 0.45104 0.39535
vt 0.44448 0.37926
vt 0.45311 0.38105
vt 0.44029 0.39649
vt 0.40606 0.39077
vt 0.43469 0.38093
vt 0.43123 0.44862
vt 0.42108 0.46048
vt 0.41995 0.44710
vt 0.43172 0.46010
vt 0.42108 0.46048
vt 0.43123 0.44862
vt 0.50972 0.39597
vt 0.51467 0.38127
vt 0.51851 0.39246
vt 0.51467 0.38127
vt 0.50972 0.39597
vt 0.50288 0.38133
vt 0.51752 0.40298
vt 0.50972 0.39597
vt 0.51851 0.39246
vt 0.47772 0.45021
vt 0.46218 0.47780
vt 0.45660 0.45150
vt 0.47772 0.45021
vt 0.47308 0.47022
vt 0.46218 0.47780
vt 0.41995 0.44710
vt 0.41652 0.43887
vt 0.43230 0.43402
vt 0.41995 0.44710
vt 0.43230 0.43402
vt 0.43123 0.44862
vt 0.44246 0.41291
vt 0.44029 0.39649
vt 0.45104 0.39535
vt 0.44448 0.37926
vt 0.44029 0.39649
vt 0.43469 0.38093
vt 0.49809 0.39712
vt 0.49942 0.37491
vt 0.50288 0.38133
vt 0.47772 0.45021
vt 0.45660 0.45150
vt 0.45750 0.44243
vt 0.47986 0.39414
vt 0.46710 0.41299
vt 0.47160 0.38925
vt 0.47772 0.45021
vt 0.45750 0.44243
vt 0.48564 0.42083
vt 0.48790 0.44166
vt 0.48377 0.45622
vt 0.47772 0.45021
vt 0.48790 0.44166
vt 0.49746 0.43861
vt 0.48377 0.45622
vt 0.48377 0.45622
vt 0.47308 0.47022
vt 0.47772 0.45021
vt 0.79157 0.53103
vt 0.78810 0.54746
vt 0.76030 0.54654
vt 0.33343 0.69223
vt 0.33858 0.71586
vt 0.32777 0.72601
vt 0.43080 0.41356
vt 0.40606 0.39077
vt 0.44029 0.39649
vt 0.46710 0.41299
vt 0.44802 0.42933
vt 0.45563 0.41724
vt 0.78382 0.57144
vt 0.76996 0.55779
vt 0.78810 0.54746
vt 0.44246 0.41291
vt 0.43080 0.41356
vt 0.44029 0.39649
vt 0.48564 0.42083
vt 0.45750 0.44243
vt 0.46710 0.41299
vt 0.45563 0.41724
vt 0.44802 0.42933
vt 0.44246 0.41291
vt 0.45660 0.45150
vt 0.44423 0.45962
vt 0.43172 0.46010
vt 0.43172 0.46010
vt 0.43123 0.44862
vt 0.45660 0.45150
vt 0.43123 0.44862
vt 0.44641 0.44182
vt 0.45660 0.45150
vt 0.79157 0.53103
vt 0.76030 0.54654
vt 0.78956 0.52069
vt 0.75307 0.52621
vt 0.78956 0.52069
vt 0.76030 0.54654
vt 0.43123 0.44862
vt 0.43230 0.43402
vt 0.44641 0.44182
vt 0.45660 0.45150
vt 0.44641 0.44182
vt 0.45750 0.44243
vt 0.43230 0.43402
vt 0.44802 0.42933
vt 0.44641 0.44182
vt 0.45750 0.44243
vt 0.44641 0.44182
vt 0.44802 0.42933
vt 0.43230 0.43402
vt 0.43661 0.42173
vt 0.44802 0.42933
vt 0.45660 0.45150
vt 0.44444 0.48543
vt 0.44423 0.45962
vt 0.45471 0.35955
vt 0.48128 0.36802
vt 0.45311 0.38105
vt 0.44802 0.42933
vt 0.43661 0.42173
vt 0.44246 0.41291
vt 0.43080 0.41356
vt 0.43287 0.42122
vt 0.42578 0.42145
vt 0.43661 0.42173
vt 0.43080 0.41356
vt 0.44246 0.41291
vt 0.48790 0.44166
vt 0.47772 0.45021
vt 0.48564 0.42083
vt 0.49746 0.43861
vt 0.48790 0.44166
vt 0.49981 0.41936
vt 0.48564 0.42083
vt 0.49981 0.41936
vt 0.48790 0.44166
vt 0.33343 0.69223
vt 0.29965 0.73498
vt 0.28710 0.72101
vt 0.32008 0.73942
vt 0.31521 0.74745
vt 0.30280 0.75214
vt 0.30280 0.75214
vt 0.29965 0.73498
vt 0.32008 0.73942
vt 0.30280 0.75214
vt 0.29516 0.75219
vt 0.29965 0.73498
vt 0.51467 0.38127
vt 0.52948 0.37847
vt 0.51851 0.39246
vt 0.29516 0.75219
vt 0.28518 0.74910
vt 0.29965 0.73498
vt 0.32777 0.72601
vt 0.32008 0.73942
vt 0.29965 0.73498
vt 0.33343 0.69223
vt 0.32777 0.72601
vt 0.29965 0.73498
vt 0.34377 0.69906
vt 0.33343 0.69223
vt 0.34801 0.69652
vt 0.30358 0.69896
vt 0.33343 0.69223
vt 0.28710 0.72101
vt 0.33343 0.69223
vt 0.35527 0.66469
vt 0.34801 0.69652
vt 0.28710 0.72101
vt 0.29965 0.73498
vt 0.28518 0.74910
vt 0.76030 0.54654
vt 0.76996 0.55779
vt 0.75013 0.54967
vt 0.33858 0.71586
vt 0.33343 0.69223
vt 0.34377 0.69906
vt 0.74647 0.53967
vt 0.76030 0.54654
vt 0.75013 0.54967
vt 0.28323 0.67754
vt 0.30358 0.69896
vt 0.28710 0.72101
vt 0.26986 0.74033
vt 0.28323 0.67754
vt 0.28710 0.72101
vt 0.26986 0.74033
vt 0.26013 0.69644
vt 0.28323 0.67754
vt 0.74486 0.52406
vt 0.75307 0.52621
vt 0.76030 0.54654
vt 0.23376 0.23098
vt 0.23641 0.21910
vt 0.23950 0.24314
vt 0.28450 0.25226
vt 0.28516 0.27583
vt 0.25654 0.27484
vt 0.25654 0.27484
vt 0.23986 0.28392
vt 0.25308 0.24467
vt 0.25654 0.27484
vt 0.28516 0.27583
vt 0.27078 0.31867
vt 0.28259 0.31840
vt 0.27078 0.31867
vt 0.28516 0.27583
vt 0.24606 0.31179
vt 0.23986 0.28392
vt 0.25654 0.27484
vt 0.28450 0.25226
vt 0.25308 0.24467
vt 0.28913 0.23698
vt 0.28516 0.27583
vt 0.29925 0.32290
vt 0.28259 0.31840
vt 0.25308 0.24467
vt 0.28450 0.25226
vt 0.25654 0.27484
vt 0.27078 0.31867
vt 0.24606 0.31179
vt 0.25654 0.27484
vt 0.22924 0.25070
vt 0.23950 0.24314
vt 0.22818 0.26640
vt 0.22818 0.26640
vt 0.23950 0.24314
vt 0.23986 0.28392
vt 0.23986 0.28392
vt 0.23950 0.24314
vt 0.25308 0.24467
vt 0.22924 0.25070
vt 0.22996 0.24654
vt 0.23950 0.24314
vt 0.27754 0.19637
vt 0.30427 0.21766
vt 0.28913 0.23698
vt 0.31278 0.18777
vt 0.27754 0.19637
vt 0.28174 0.16383
vt 0.23695 0.15621
vt 0.23267 0.17840
vt 0.22983 0.16964
vt 0.89913 0.08357
vt 0.89696 0.07030
vt 0.90299 0.08239
vt 0.23267 0.17840
vt 0.24890 0.16113
vt 0.25747 0.19504
vt 0.26423 0.14726
vt 0.27754 0.19637
vt 0.25747 0.19504
vt 0.25308 0.24467
vt 0.23950 0.24314
vt 0.25747 0.19504
vt 0.25308 0.24467
vt 0.25747 0.19504
vt 0.28913 0.23698
vt 0.23641 0.21910
vt 0.25747 0.19504
vt 0.23950 0.24314
vt 0.24890 0.16113
vt 0.26423 0.14726
vt 0.25747 0.19504
vt 0.23695 0.15621
vt 0.24890 0.16113
vt 0.23267 0.17840
vt 0.23695 0.15621
vt 0.24701 0.14731
vt 0.24890 0.16113
vt 0.89670 0.10989
vt 0.89834 0.10763
vt 0.90092 0.11984
vt 0.90092 0.11984
vt 0.89834 0.10763
vt 0.91149 0.11037
vt 0.90557 0.09396
vt 0.89834 0.10763
vt 0.89810 0.09082
vt 0.22830 0.15537
vt 0.23695 0.15621
vt 0.22983 0.16964
vt 0.91149 0.11037
vt 0.89834 0.10763
vt 0.90557 0.09396
vt 0.23641 0.21910
vt 0.23267 0.17840
vt 0.25747 0.19504
vt 0.89696 0.07030
vt 0.88725 0.04637
vt 0.89832 0.04744
vt 0.23142 0.19369
vt 0.23267 0.17840
vt 0.23641 0.21910
vt 0.91149 0.11037
vt 0.90528 0.13413
vt 0.90092 0.11984
vt 0.32242 0.16805
vt 0.31278 0.18777
vt 0.28174 0.16383
vt 0.24890 0.16113
vt 0.24701 0.14731
vt 0.26423 0.14726
vt 0.23695 0.15621
vt 0.23875 0.14873
vt 0.24701 0.14731
vt 0.27754 0.19637
vt 0.26423 0.14726
vt 0.28174 0.16383
vt 0.26423 0.14726
vt 0.27879 0.13645
vt 0.28174 0.16383
vt 0.28913 0.23698
vt 0.25747 0.19504
vt 0.27754 0.19637
vt 0.31278 0.18777
vt 0.32242 0.16805
vt 0.33092 0.17812
vt 0.31278 0.18777
vt 0.30427 0.21766
vt 0.27754 0.19637
vt 0.32636 0.22471
vt 0.30427 0.21766
vt 0.33564 0.21175
vt 0.32636 0.22471
vt 0.32119 0.24420
vt 0.30427 0.21766
vt 0.30427 0.21766
vt 0.32119 0.24420
vt 0.28913 0.23698
vt 0.35087 0.21914
vt 0.34719 0.24065
vt 0.33429 0.23713
vt 0.35087 0.21914
vt 0.33429 0.23713
vt 0.33564 0.21175
vt 0.35456 0.23355
vt 0.34719 0.24065
vt 0.35087 0.21914
vt 0.34719 0.24065
vt 0.33643 0.24895
vt 0.33429 0.23713
vt 0.35375 0.17053
vt 0.34906 0.19073
vt 0.33994 0.17318
vt 0.33647 0.19645
vt 0.35087 0.21914
vt 0.33564 0.21175
vt 0.33564 0.21175
vt 0.30427 0.21766
vt 0.33647 0.19645
vt 0.35657 0.20304
vt 0.35087 0.21914
vt 0.33647 0.19645
vt 0.35657 0.20304
vt 0.33647 0.19645
vt 0.34906 0.19073
vt 0.33647 0.19645
vt 0.33092 0.17812
vt 0.33994 0.17318
vt 0.33647 0.19645
vt 0.33994 0.17318
vt 0.34906 0.19073
vt 0.31278 0.18777
vt 0.33647 0.19645
vt 0.30427 0.21766
vt 0.33429 0.23713
vt 0.32119 0.24420
vt 0.32636 0.22471
vt 0.33429 0.23713
vt 0.32636 0.22471
vt 0.33564 0.21175
vt 0.33647 0.19645
vt 0.31278 0.18777
vt 0.33092 0.17812
vt 0.32119 0.24420
vt 0.33429 0.23713
vt 0.33643 0.24895
vt 0.32107 0.34124
vt 0.29925 0.32290
vt 0.32567 0.31326
vt 0.34445 0.31047
vt 0.34019 0.32889
vt 0.32567 0.31326
vt 0.03487 0.37598
vt 0.04405 0.39242
vt 0.03260 0.38142
vt 0.32528 0.26798
vt 0.34231 0.27605
vt 0.33755 0.28859
vt 0.33755 0.28859
vt 0.34231 0.27605
vt 0.35163 0.28020
vt 0.34231 0.27605
vt 0.35225 0.26070
vt 0.35163 0.28020
vt 0.32119 0.24420
vt 0.32528 0.26798
vt 0.31564 0.29205
vt 0.32119 0.24420
vt 0.31564 0.29205
vt 0.28516 0.27583
vt 0.33643 0.24895
vt 0.34719 0.24065
vt 0.35225 0.26070
vt 0.32567 0.31326
vt 0.29925 0.32290
vt 0.31564 0.29205
vt 0.28516 0.27583
vt 0.31564 0.29205
vt 0.29925 0.32290
vt 0.32567 0.31326
vt 0.31564 0.29205
vt 0.33755 0.28859
vt 0.32528 0.26798
vt 0.33755 0.28859
vt 0.31564 0.29205
vt 0.28516 0.27583
vt 0.28450 0.25226
vt 0.32119 0.24420
vt 0.28913 0.23698
vt 0.32119 0.24420
vt 0.28450 0.25226
vt 0.33755 0.28859
vt 0.34445 0.31047
vt 0.32567 0.31326
vt 0.34803 0.29980
vt 0.34445 0.31047
vt 0.33755 0.28859
vt 0.33755 0.28859
vt 0.35163 0.28020
vt 0.34803 0.29980
vt 0.33643 0.24895
vt 0.34231 0.27605
vt 0.32528 0.26798
vt 0.34231 0.27605
vt 0.33643 0.24895
vt 0.35225 0.26070
vt 0.33643 0.24895
vt 0.32528 0.26798
vt 0.32119 0.24420
vt 0.45384 0.34275
vt 0.46382 0.35302
vt 0.45471 0.35955
vt 0.43931 0.32590
vt 0.43367 0.33644
vt 0.42425 0.31758
vt 0.44063 0.30524
vt 0.43931 0.32590
vt 0.42425 0.31758
vt 0.43469 0.38093
vt 0.45471 0.35955
vt 0.44448 0.37926
vt 0.46382 0.35302
vt 0.47020 0.33977
vt 0.48451 0.34842
vt 0.46382 0.35302
vt 0.48128 0.36802
vt 0.45471 0.35955
vt 0.49651 0.32866
vt 0.51101 0.32558
vt 0.50844 0.33929
vt 0.50825 0.29990
vt 0.51101 0.32558
vt 0.49717 0.29957
vt 0.49717 0.29957
vt 0.49651 0.32866
vt 0.48623 0.29708
vt 0.47020 0.33977
vt 0.45176 0.32140
vt 0.46664 0.30579
vt 0.48623 0.29708
vt 0.49651 0.32866
vt 0.48201 0.31542
vt 0.47020 0.33977
vt 0.48201 0.31542
vt 0.48451 0.34842
vt 0.44448 0.37926
vt 0.45471 0.35955
vt 0.45311 0.38105
vt 0.47020 0.33977
vt 0.46664 0.30579
vt 0.48201 0.31542
vt 0.48451 0.34842
vt 0.48128 0.36802
vt 0.46382 0.35302
vt 0.50817 0.35167
vt 0.52675 0.36392
vt 0.49942 0.37491
vt 0.52672 0.34887
vt 0.52675 0.36392
vt 0.50817 0.35167
vt 0.50288 0.38133
vt 0.49942 0.37491
vt 0.51467 0.38127
vt 0.52675 0.36392
vt 0.51467 0.38127
vt 0.49942 0.37491
vt 0.45176 0.32140
vt 0.45358 0.29984
vt 0.46664 0.30579
vt 0.43367 0.33644
vt 0.45471 0.35955
vt 0.43469 0.38093
vt 0.43367 0.33644
vt 0.43469 0.38093
vt 0.41829 0.35201
vt 0.42207 0.28850
vt 0.43915 0.28323
vt 0.44063 0.30524
vt 0.46382 0.35302
vt 0.45384 0.34275
vt 0.47020 0.33977
vt 0.47020 0.33977
vt 0.45384 0.34275
vt 0.45176 0.32140
vt 0.43931 0.32590
vt 0.44063 0.30524
vt 0.45176 0.32140
vt 0.45384 0.34275
vt 0.43367 0.33644
vt 0.43931 0.32590
vt 0.45176 0.32140
vt 0.45384 0.34275
vt 0.43931 0.32590
vt 0.41829 0.35201
vt 0.40854 0.34900
vt 0.43367 0.33644
vt 0.45384 0.34275
vt 0.45471 0.35955
vt 0.43367 0.33644
vt 0.45176 0.32140
vt 0.44063 0.30524
vt 0.45358 0.29984
vt 0.50817 0.35167
vt 0.49942 0.37491
vt 0.48451 0.34842
vt 0.44063 0.30524
vt 0.42425 0.31758
vt 0.42207 0.28850
vt 0.40854 0.34900
vt 0.42425 0.31758
vt 0.43367 0.33644
vt 0.50844 0.33929
vt 0.48451 0.34842
vt 0.49651 0.32866
vt 0.50844 0.33929
vt 0.50817 0.35167
vt 0.48451 0.34842
vt 0.48128 0.36802
vt 0.48451 0.34842
vt 0.49942 0.37491
vt 0.49942 0.37491
vt 0.47986 0.39414
vt 0.48128 0.36802
vt 0.51101 0.32558
vt 0.49651 0.32866
vt 0.49717 0.29957
vt 0.49651 0.32866
vt 0.48451 0.34842
vt 0.48201 0.31542
vt 0.50844 0.33929
vt 0.52377 0.32306
vt 0.52672 0.34887
vt 0.19770 0.73387
vt 0.21924 0.73279
vt 0.21429 0.74960
vt 0.26986 0.74033
vt 0.23162 0.72018
vt 0.26013 0.69644
vt 0.22676 0.69160
vt 0.23162 0.72018
vt 0.20659 0.70781
vt 0.20659 0.70781
vt 0.21924 0.73279
vt 0.19770 0.73387
vt 0.23162 0.72018
vt 0.21924 0.73279
vt 0.20659 0.70781
vt 0.22676 0.69160
vt 0.23545 0.67672
vt 0.25574 0.67242
vt 0.22676 0.69160
vt 0.19638 0.69135
vt 0.21068 0.67084
vt 0.22676 0.69160
vt 0.20659 0.70781
vt 0.19638 0.69135
vt 0.22676 0.69160
vt 0.25574 0.67242
vt 0.26013 0.69644
vt 0.24692 0.74847
vt 0.23522 0.75884
vt 0.21429 0.74960
vt 0.52948 0.37847
vt 0.51467 0.38127
vt 0.52675 0.36392
vt 0.22676 0.69160
vt 0.21068 0.67084
vt 0.23545 0.67672
vt 0.50825 0.29990
vt 0.51634 0.30312
vt 0.51101 0.32558
vt 0.53272 0.30512
vt 0.52377 0.32306
vt 0.51634 0.30312
vt 0.23522 0.75884
vt 0.21564 0.76909
vt 0.21429 0.74960
vt 0.28518 0.74910
vt 0.26986 0.74033
vt 0.28710 0.72101
vt 0.26986 0.74033
vt 0.28518 0.74910
vt 0.27310 0.76105
vt 0.23162 0.72018
vt 0.24692 0.74847
vt 0.21924 0.73279
vt 0.24692 0.74847
vt 0.23162 0.72018
vt 0.26986 0.74033
vt 0.53272 0.30512
vt 0.53586 0.32739
vt 0.52377 0.32306
vt 0.51634 0.30312
vt 0.52377 0.32306
vt 0.51101 0.32558
vt 0.23162 0.72018
vt 0.22676 0.69160
vt 0.26013 0.69644
vt 0.21924 0.73279
vt 0.24692 0.74847
vt 0.21429 0.74960
vt 0.50844 0.33929
vt 0.51101 0.32558
vt 0.52377 0.32306
vt 0.52672 0.34887
vt 0.52377 0.32306
vt 0.53586 0.32739
vt 0.24692 0.74847
vt 0.26986 0.74033
vt 0.26259 0.75808
vt 0.27310 0.76105
vt 0.26259 0.75808
vt 0.26986 0.74033
vt 0.50817 0.35167
vt 0.50844 0.33929
vt 0.52672 0.34887
vt 0.24692 0.74847
vt 0.26259 0.75808
vt 0.23522 0.75884
vt 0.41738 0.96728
vt 0.41570 0.95875
vt 0.42371 0.96149
vt 0.41523 0.94205
vt 0.42779 0.94649
vt 0.41570 0.95875
vt 0.42779 0.94649
vt 0.42769 0.95457
vt 0.41570 0.95875
vt 0.42769 0.95457
vt 0.42779 0.94649
vt 0.43872 0.94725
vt 0.41523 0.94205
vt 0.42783 0.94368
vt 0.42779 0.94649
vt 0.19892 0.02408
vt 0.21228 0.01032
vt 0.23325 0.02884
vt 0.39242 0.91525
vt 0.37657 0.92945
vt 0.37083 0.91098
vt 0.16043 0.08013
vt 0.18007 0.09051
vt 0.16488 0.09516
vt 0.15893 0.09605
vt 0.16488 0.09516
vt 0.15961 0.10484
vt 0.16488 0.09516
vt 0.18007 0.09051
vt 0.16768 0.10973
vt 0.15961 0.10484
vt 0.16488 0.09516
vt 0.16768 0.10973
vt 0.39794 0.92440
vt 0.40130 0.92890
vt 0.39468 0.92873
vt 0.16819 0.03989
vt 0.17308 0.04613
vt 0.16332 0.04735
vt 0.17308 0.04613
vt 0.18007 0.09051
vt 0.17051 0.07381
vt 0.23521 0.08351
vt 0.22009 0.07053
vt 0.23959 0.06401
vt 0.22737 0.10637
vt 0.22399 0.11242
vt 0.21394 0.11535
vt 0.17308 0.04613
vt 0.17051 0.07381
vt 0.15783 0.05918
vt 0.37816 0.97093
vt 0.35310 0.97025
vt 0.36381 0.95398
vt 0.17308 0.04613
vt 0.15783 0.05918
vt 0.16332 0.04735
vt 0.37816 0.97093
vt 0.36630 0.97575
vt 0.35310 0.97025
vt 0.37816 0.97093
vt 0.37061 0.97963
vt 0.36630 0.97575
vt 0.37061 0.97963
vt 0.37816 0.97093
vt 0.38746 0.98088
vt 0.37061 0.97963
vt 0.38746 0.98088
vt 0.37874 0.98632
vt 0.16332 0.04735
vt 0.16319 0.04168
vt 0.16819 0.03989
vt 0.39513 0.97278
vt 0.39313 0.97896
vt 0.38746 0.98088
vt 0.24419 0.08191
vt 0.24374 0.08361
vt 0.23521 0.08351
vt 0.37816 0.97093
vt 0.39513 0.97278
vt 0.38746 0.98088
vt 0.39577 0.94347
vt 0.37757 0.95039
vt 0.37928 0.93873
vt 0.37757 0.95039
vt 0.39577 0.94347
vt 0.39433 0.95746
vt 0.37757 0.95039
vt 0.36609 0.94251
vt 0.37928 0.93873
vt 0.37757 0.95039
vt 0.36381 0.95398
vt 0.36609 0.94251
vt 0.37928 0.93873
vt 0.36609 0.94251
vt 0.36049 0.93223
vt 0.37816 0.97093
vt 0.36381 0.95398
vt 0.37757 0.95039
vt 0.39313 0.97896
vt 0.39513 0.97278
vt 0.41738 0.96728
vt 0.18007 0.09051
vt 0.21235 0.09380
vt 0.19454 0.11061
vt 0.59278 0.02719
vt 0.60756 0.02251
vt 0.59179 0.03779
vt 0.59058 0.02429
vt 0.59278 0.02719
vt 0.59179 0.03779
vt 0.60756 0.02251
vt 0.60860 0.01522
vt 0.61371 0.02528
vt 0.60756 0.02251
vt 0.59278 0.02719
vt 0.60860 0.01522
vt 0.59882 0.00894
vt 0.59278 0.02719
vt 0.59058 0.02429
vt 0.59278 0.02719
vt 0.59882 0.00894
vt 0.60860 0.01522
vt 0.23633 0.09108
vt 0.22876 0.09856
vt 0.23521 0.08351
vt 0.23521 0.08351
vt 0.24374 0.08361
vt 0.23633 0.09108
vt 0.21394 0.11535
vt 0.20949 0.12490
vt 0.19454 0.11061
vt 0.21235 0.09380
vt 0.21394 0.11535
vt 0.19454 0.11061
vt 0.21235 0.09380
vt 0.22737 0.10637
vt 0.21394 0.11535
vt 0.21235 0.09380
vt 0.22876 0.09856
vt 0.22737 0.10637
vt 0.23521 0.08351
vt 0.22876 0.09856
vt 0.21235 0.09380
vt 0.41738 0.96728
vt 0.39513 0.97278
vt 0.39433 0.95746
vt 0.41570 0.95875
vt 0.41738 0.96728
vt 0.39433 0.95746
vt 0.39433 0.95746
vt 0.40530 0.94680
vt 0.41570 0.95875
vt 0.19278 0.02738
vt 0.17308 0.04613
vt 0.16819 0.03989
vt 0.16819 0.03989
vt 0.18599 0.02570
vt 0.19278 0.02738
vt 0.40530 0.94680
vt 0.39433 0.95746
vt 0.39577 0.94347
vt 0.20495 0.05034
vt 0.17308 0.04613
vt 0.19278 0.02738
vt 0.41523 0.94205
vt 0.41570 0.95875
vt 0.40530 0.94680
vt 0.19278 0.02738
vt 0.19892 0.02408
vt 0.20495 0.05034
vt 0.20495 0.05034
vt 0.19892 0.02408
vt 0.23325 0.02884
vt 0.16768 0.10973
vt 0.19454 0.11061
vt 0.17462 0.12376
vt 0.16768 0.10973
vt 0.18007 0.09051
vt 0.19454 0.11061
vt 0.23325 0.02884
vt 0.22009 0.07053
vt 0.20495 0.05034
vt 0.22009 0.07053
vt 0.23325 0.02884
vt 0.23959 0.06401
vt 0.39577 0.94347
vt 0.37657 0.92945
vt 0.39468 0.92873
vt 0.37816 0.97093
vt 0.37757 0.95039
vt 0.39433 0.95746
vt 0.39577 0.94347
vt 0.39468 0.92873
vt 0.40130 0.92890
vt 0.37928 0.93873
vt 0.37657 0.92945
vt 0.39577 0.94347
vt 0.39577 0.94347
vt 0.40130 0.92890
vt 0.40530 0.94680
vt 0.40130 0.92890
vt 0.41523 0.94205
vt 0.40530 0.94680
vt 0.16925 0.01683
vt 0.18545 0.00457
vt 0.19462 0.00671
vt 0.39242 0.91525
vt 0.39468 0.92873
vt 0.37657 0.92945
vt 0.17733 0.00368
vt 0.18545 0.00457
vt 0.16925 0.01683
vt 0.60756 0.02251
vt 0.61371 0.02528
vt 0.61492 0.03485
vt 0.22009 0.07053
vt 0.23521 0.08351
vt 0.21235 0.09380
vt 0.18007 0.09051
vt 0.22009 0.07053
vt 0.21235 0.09380
vt 0.18007 0.09051
vt 0.20495 0.05034
vt 0.22009 0.07053
vt 0.36609 0.94251
vt 0.36381 0.95398
vt 0.35032 0.95218
vt 0.15888 0.08523
vt 0.16488 0.09516
vt 0.15893 0.09605
vt 0.16043 0.08013
vt 0.16488 0.09516
vt 0.15888 0.08523
vt 0.33938 0.96112
vt 0.35032 0.95218
vt 0.34537 0.96641
vt 0.17051 0.07381
vt 0.18007 0.09051
vt 0.16043 0.08013
vt 0.15531 0.07453
vt 0.15783 0.05918
vt 0.16043 0.08013
vt 0.35310 0.97025
vt 0.34537 0.96641
vt 0.35032 0.95218
vt 0.35310 0.97025
vt 0.35032 0.95218
vt 0.36381 0.95398
vt 0.15393 0.06495
vt 0.15783 0.05918
vt 0.15531 0.07453
vt 0.17051 0.07381
vt 0.16043 0.08013
vt 0.15783 0.05918
vt 0.37928 0.93873
vt 0.36049 0.93223
vt 0.37657 0.92945
vt 0.34525 0.94427
vt 0.36609 0.94251
vt 0.35032 0.95218
vt 0.33569 0.95235
vt 0.35032 0.95218
vt 0.33938 0.96112
vt 0.33938 0.96112
vt 0.33015 0.96521
vt 0.33569 0.95235
vt 0.39433 0.95746
vt 0.39513 0.97278
vt 0.37816 0.97093
vt 0.20495 0.05034
vt 0.18007 0.09051
vt 0.17308 0.04613
vt 0.36609 0.94251
vt 0.34525 0.94427
vt 0.35147 0.93410
vt 0.35032 0.95218
vt 0.33569 0.95235
vt 0.34525 0.94427
vt 0.49468 0.70337
vt 0.49576 0.68117
vt 0.50327 0.72061
vt 0.12831 0.01396
vt 0.12978 0.00953
vt 0.13307 0.01763
vt 0.53367 0.62035
vt 0.55230 0.62027
vt 0.53831 0.64052
vt 0.13307 0.01763
vt 0.12115 0.02320
vt 0.12831 0.01396
vt 0.95755 0.44290
vt 0.95941 0.41578
vt 0.97479 0.44245
vt 0.49900 0.66533
vt 0.50327 0.72061
vt 0.49576 0.68117
vt 0.53831 0.64052
vt 0.55557 0.65749
vt 0.53940 0.65765
vt 0.35147 0.93410
vt 0.36049 0.93223
vt 0.36609 0.94251
vt 0.52390 0.69924
vt 0.53940 0.65765
vt 0.54645 0.68244
vt 0.94440 0.46103
vt 0.95755 0.44290
vt 0.95806 0.45725
vt 0.10536 0.03830
vt 0.08869 0.04297
vt 0.08255 0.02834
vt 0.12339 0.04017
vt 0.11417 0.04196
vt 0.10536 0.03830
vt 0.12339 0.04017
vt 0.10536 0.03830
vt 0.11609 0.03111
vt 0.94576 0.47551
vt 0.94440 0.46103
vt 0.95806 0.45725
vt 0.10536 0.03830
vt 0.10766 0.04709
vt 0.08869 0.04297
vt 0.98804 0.39516
vt 0.98933 0.40700
vt 0.98310 0.39499
vt 0.49900 0.66533
vt 0.53940 0.65765
vt 0.50327 0.72061
vt 0.98310 0.39499
vt 0.98439 0.37520
vt 0.99412 0.38796
vt 0.98310 0.39499
vt 0.99412 0.38796
vt 0.98804 0.39516
vt 0.50578 0.65038
vt 0.53940 0.65765
vt 0.49900 0.66533
vt 0.12457 0.02890
vt 0.11609 0.03111
vt 0.12115 0.02320
vt 0.50578 0.65038
vt 0.53831 0.64052
vt 0.53940 0.65765
vt 0.52237 0.72064
vt 0.50327 0.72061
vt 0.52390 0.69924
vt 0.94440 0.46103
vt 0.94527 0.43942
vt 0.95755 0.44290
vt 0.94527 0.43942
vt 0.94210 0.45642
vt 0.94018 0.44912
vt 0.94527 0.43942
vt 0.94440 0.46103
vt 0.94210 0.45642
vt 0.36520 0.92338
vt 0.37657 0.92945
vt 0.36373 0.92897
vt 0.36373 0.92897
vt 0.37657 0.92945
vt 0.36049 0.93223
vt 0.37657 0.92945
vt 0.36520 0.92338
vt 0.37083 0.91098
vt 0.54645 0.68244
vt 0.53940 0.65765
vt 0.55557 0.65749
vt 0.53831 0.64052
vt 0.50578 0.65038
vt 0.51453 0.62671
vt 0.10766 0.04709
vt 0.09142 0.05095
vt 0.08869 0.04297
vt 0.94527 0.43942
vt 0.94018 0.44912
vt 0.93835 0.44124
vt 0.95755 0.44290
vt 0.94527 0.43942
vt 0.95941 0.41578
vt 0.13307 0.01763
vt 0.12457 0.02890
vt 0.12115 0.02320
vt 0.53928 0.61401
vt 0.55230 0.62027
vt 0.53367 0.62035
vt 0.52390 0.69924
vt 0.50327 0.72061
vt 0.53940 0.65765
vt 0.53367 0.62035
vt 0.53831 0.64052
vt 0.51453 0.62671
vt 0.97234 0.41244
vt 0.97383 0.39603
vt 0.98310 0.39499
vt 0.93519 0.43503
vt 0.94527 0.43942
vt 0.93835 0.44124
vt 0.13103 0.03267
vt 0.12339 0.04017
vt 0.11609 0.03111
vt 0.95941 0.41578
vt 0.94527 0.43942
vt 0.94822 0.41270
vt 0.94822 0.41270
vt 0.94527 0.43942
vt 0.94159 0.41467
vt 0.98619 0.42367
vt 0.97234 0.41244
vt 0.98933 0.40700
vt 0.44510 0.52567
vt 0.44081 0.53525
vt 0.43869 0.52823
vt 0.98310 0.39499
vt 0.98933 0.40700
vt 0.97234 0.41244
vt 0.13307 0.01763
vt 0.13103 0.03267
vt 0.12457 0.02890
vt 0.11609 0.03111
vt 0.12457 0.02890
vt 0.13103 0.03267
vt 0.95806 0.45725
vt 0.95755 0.44290
vt 0.97479 0.44245
vt 0.98619 0.42367
vt 0.97479 0.44245
vt 0.97234 0.41244
vt 0.95941 0.41578
vt 0.97234 0.41244
vt 0.97479 0.44245
vt 0.08710 0.02303
vt 0.10536 0.03830
vt 0.08255 0.02834
vt 0.55230 0.62027
vt 0.55557 0.65749
vt 0.53831 0.64052
vt 0.11417 0.04196
vt 0.10766 0.04709
vt 0.10536 0.03830
vt 0.52390 0.69924
vt 0.54645 0.68244
vt 0.52237 0.72064
vt 0.54601 0.73984
vt 0.51501 0.74145
vt 0.52237 0.72064
vt 0.54601 0.73984
vt 0.52237 0.72064
vt 0.54807 0.70647
vt 0.51501 0.74145
vt 0.50327 0.72061
vt 0.52237 0.72064
vt 0.94527 0.43942
vt 0.93519 0.43503
vt 0.94159 0.41467
vt 0.99391 0.36155
vt 0.98439 0.37520
vt 0.98838 0.36005
vt 0.99654 0.37153
vt 0.99412 0.38796
vt 0.98439 0.37520
vt 0.28410 0.93363
vt 0.29079 0.93022
vt 0.29239 0.93814
vt 0.11643 0.05494
vt 0.12418 0.06026
vt 0.11480 0.06964
vt 0.35147 0.93410
vt 0.34525 0.94427
vt 0.34462 0.93459
vt 0.10853 0.05715
vt 0.11643 0.05494
vt 0.11480 0.06964
vt 0.11770 0.08486
vt 0.11480 0.06964
vt 0.12418 0.06026
vt 0.05481 0.65791
vt 0.03845 0.66496
vt 0.05948 0.64471
vt 0.31137 0.95891
vt 0.31452 0.96898
vt 0.29804 0.97165
vt 0.02188 0.66927
vt 0.03125 0.64856
vt 0.05272 0.64159
vt 0.03845 0.66496
vt 0.05272 0.64159
vt 0.05948 0.64471
vt 0.97383 0.39603
vt 0.97234 0.41244
vt 0.95465 0.38956
vt 0.12736 0.04633
vt 0.12418 0.06026
vt 0.11643 0.05494
vt 0.96924 0.38051
vt 0.97383 0.39603
vt 0.95465 0.38956
vt 0.96924 0.38051
vt 0.96377 0.36045
vt 0.97967 0.35653
vt 0.97967 0.35653
vt 0.98439 0.37520
vt 0.96924 0.38051
vt 0.10911 0.07205
vt 0.10853 0.05715
vt 0.11480 0.06964
vt 0.12980 0.05206
vt 0.12418 0.06026
vt 0.12736 0.04633
vt 0.96377 0.36045
vt 0.96924 0.38051
vt 0.95880 0.36689
vt 0.29933 0.93462
vt 0.29079 0.93022
vt 0.29333 0.92445
vt 0.30577 0.92595
vt 0.29933 0.93462
vt 0.29333 0.92445
vt 0.29933 0.93462
vt 0.30577 0.92595
vt 0.31136 0.93577
vt 0.95238 0.37855
vt 0.96924 0.38051
vt 0.95465 0.38956
vt 0.98310 0.39499
vt 0.96924 0.38051
vt 0.98439 0.37520
vt 0.12418 0.06026
vt 0.13570 0.05372
vt 0.14364 0.06476
vt 0.97383 0.39603
vt 0.96924 0.38051
vt 0.98310 0.39499
vt 0.16925 0.01683
vt 0.19462 0.00671
vt 0.18653 0.01732
vt 0.00740 0.65855
vt 0.01892 0.65274
vt 0.02188 0.66927
vt 0.30379 0.94412
vt 0.32147 0.95090
vt 0.31137 0.95891
vt 0.32147 0.95090
vt 0.30379 0.94412
vt 0.32531 0.93913
vt 0.97967 0.35653
vt 0.98838 0.36005
vt 0.98439 0.37520
vt 0.31136 0.93577
vt 0.30379 0.94412
vt 0.29933 0.93462
vt 0.31807 0.97076
vt 0.31452 0.96898
vt 0.33015 0.96521
vt 0.32147 0.95090
vt 0.33015 0.96521
vt 0.31452 0.96898
vt 0.00976 0.67330
vt 0.00740 0.65855
vt 0.02188 0.66927
vt 0.95941 0.41578
vt 0.95465 0.38956
vt 0.97234 0.41244
vt 0.32147 0.95090
vt 0.31452 0.96898
vt 0.31137 0.95891
vt 0.12418 0.06026
vt 0.12980 0.05206
vt 0.13570 0.05372
vt 0.96924 0.38051
vt 0.95238 0.37855
vt 0.95880 0.36689
vt 0.15856 0.10722
vt 0.16768 0.10973
vt 0.15495 0.11089
vt 0.31085 0.97790
vt 0.29804 0.97165
vt 0.31452 0.96898
vt 0.15856 0.10722
vt 0.15961 0.10484
vt 0.16768 0.10973
vt 0.32046 0.92950
vt 0.31136 0.93577
vt 0.30577 0.92595
vt 0.94206 0.40798
vt 0.95465 0.38956
vt 0.94822 0.41270
vt 0.29933 0.93462
vt 0.29239 0.93814
vt 0.29079 0.93022
vt 0.95941 0.41578
vt 0.94822 0.41270
vt 0.95465 0.38956
vt 0.32970 0.93011
vt 0.31136 0.93577
vt 0.32046 0.92950
vt 0.32531 0.93913
vt 0.31136 0.93577
vt 0.32970 0.93011
vt 0.34462 0.93459
vt 0.34525 0.94427
vt 0.32531 0.93913
vt 0.94206 0.40798
vt 0.94822 0.41270
vt 0.94159 0.41467
vt 0.34462 0.93459
vt 0.32531 0.93913
vt 0.32970 0.93011
vt 0.15588 0.12436
vt 0.14143 0.12002
vt 0.15495 0.11089
vt 0.32147 0.95090
vt 0.33569 0.95235
vt 0.33015 0.96521
vt 0.34525 0.94427
vt 0.32147 0.95090
vt 0.32531 0.93913
vt 0.33569 0.95235
vt 0.32147 0.95090
vt 0.34525 0.94427
vt 0.97967 0.35653
vt 0.96377 0.36045
vt 0.96261 0.34814
vt 0.07845 0.05128
vt 0.08869 0.04297
vt 0.09142 0.05095
vt 0.99391 0.36155
vt 0.99654 0.37153
vt 0.98439 0.37520
vt 0.06881 0.03370
vt 0.08255 0.02834
vt 0.08869 0.04297
vt 0.96261 0.34814
vt 0.95828 0.33850
vt 0.96481 0.33022
vt 0.63556 0.70467
vt 0.64242 0.70548
vt 0.63708 0.70882
vt 0.62613 0.71496
vt 0.61398 0.70280
vt 0.63556 0.70467
vt 0.58509 0.67217
vt 0.54645 0.68244
vt 0.55557 0.65749
vt 0.58828 0.71539
vt 0.58509 0.67217
vt 0.60359 0.68853
vt 0.58914 0.72483
vt 0.58828 0.71539
vt 0.59662 0.71745
vt 0.58828 0.71539
vt 0.58664 0.72460
vt 0.58279 0.72579
vt 0.54807 0.70647
vt 0.54645 0.68244
vt 0.58509 0.67217
vt 0.63708 0.70882
vt 0.62613 0.71496
vt 0.63556 0.70467
vt 0.60881 0.66318
vt 0.60359 0.68853
vt 0.58509 0.67217
vt 0.58828 0.71539
vt 0.54807 0.70647
vt 0.58509 0.67217
vt 0.54601 0.73984
vt 0.54807 0.70647
vt 0.58828 0.71539
vt 0.58279 0.72579
vt 0.54601 0.73984
vt 0.58828 0.71539
vt 0.61398 0.70280
vt 0.60359 0.68853
vt 0.61955 0.66642
vt 0.66295 0.70160
vt 0.66363 0.68694
vt 0.68114 0.68156
vt 0.54807 0.70647
vt 0.52237 0.72064
vt 0.54645 0.68244
vt 0.63796 0.68156
vt 0.61398 0.70280
vt 0.61955 0.66642
vt 0.61398 0.70280
vt 0.63796 0.68156
vt 0.63556 0.70467
vt 0.66295 0.70160
vt 0.63556 0.70467
vt 0.66363 0.68694
vt 0.60359 0.68853
vt 0.59662 0.71745
vt 0.58828 0.71539
vt 0.60515 0.72489
vt 0.59829 0.72551
vt 0.59662 0.71745
vt 0.60515 0.72489
vt 0.61398 0.70280
vt 0.62613 0.71496
vt 0.61398 0.70280
vt 0.60515 0.72489
vt 0.59662 0.71745
vt 0.59662 0.71745
vt 0.60359 0.68853
vt 0.61398 0.70280
vt 0.60359 0.68853
vt 0.60881 0.66318
vt 0.61955 0.66642
vt 0.55230 0.62027
vt 0.53928 0.61401
vt 0.55007 0.60914
vt 0.43869 0.52823
vt 0.41247 0.53021
vt 0.42622 0.52193
vt 0.55960 0.60649
vt 0.55230 0.62027
vt 0.55007 0.60914
vt 0.37582 0.49485
vt 0.38855 0.49912
vt 0.37636 0.50407
vt 0.37636 0.50407
vt 0.38855 0.49912
vt 0.38806 0.50205
vt 0.37636 0.50407
vt 0.38806 0.50205
vt 0.38349 0.51089
vt 0.61360 0.59895
vt 0.60624 0.57745
vt 0.62145 0.57017
vt 0.60127 0.62793
vt 0.57916 0.60321
vt 0.59556 0.60136
vt 0.06407 0.04377
vt 0.02803 0.04696
vt 0.04400 0.02893
vt 0.59556 0.60136
vt 0.58742 0.58990
vt 0.61360 0.59895
vt 0.97967 0.35653
vt 0.96261 0.34814
vt 0.96481 0.33022
vt 0.61360 0.59895
vt 0.58742 0.58990
vt 0.60624 0.57745
vt 0.57849 0.63007
vt 0.57916 0.60321
vt 0.60127 0.62793
vt 0.56784 0.59637
vt 0.57574 0.58777
vt 0.57916 0.60321
vt 0.57574 0.58777
vt 0.58742 0.58990
vt 0.57916 0.60321
vt 0.57916 0.60321
vt 0.56340 0.59982
vt 0.56784 0.59637
vt 0.78559 0.60350
vt 0.79689 0.59492
vt 0.79579 0.60408
vt 0.37086 0.52770
vt 0.38709 0.52912
vt 0.36989 0.53943
vt 0.98388 0.34741
vt 0.97718 0.33011
vt 0.99034 0.33559
vt 0.02803 0.04696
vt 0.01010 0.04474
vt 0.01343 0.02612
vt 0.02692 0.01328
vt 0.02803 0.04696
vt 0.01343 0.02612
vt 0.58639 0.58481
vt 0.58742 0.58990
vt 0.57574 0.58777
vt 0.38349 0.51089
vt 0.38806 0.50205
vt 0.39893 0.50683
vt 0.97718 0.33011
vt 0.98699 0.32621
vt 0.99034 0.33559
vt 0.03691 0.05626
vt 0.02803 0.04696
vt 0.05250 0.05287
vt 0.99295 0.34282
vt 0.98388 0.34741
vt 0.99034 0.33559
vt 0.36906 0.51374
vt 0.38709 0.52912
vt 0.37086 0.52770
vt 0.38709 0.52912
vt 0.36906 0.51374
vt 0.38349 0.51089
vt 0.37636 0.50407
vt 0.38349 0.51089
vt 0.36906 0.51374
vt 0.36906 0.51374
vt 0.37086 0.52770
vt 0.35635 0.50787
vt 0.03691 0.05626
vt 0.02662 0.05880
vt 0.02803 0.04696
vt 0.04400 0.02893
vt 0.02803 0.04696
vt 0.02692 0.01328
vt 0.00679 0.05786
vt 0.01121 0.05153
vt 0.01132 0.06774
vt 0.57849 0.63007
vt 0.55230 0.62027
vt 0.57916 0.60321
vt 0.06530 0.01651
vt 0.08255 0.02834
vt 0.06881 0.03370
vt 0.41556 0.64249
vt 0.42551 0.64110
vt 0.41057 0.65062
vt 0.79579 0.60408
vt 0.78954 0.60639
vt 0.78559 0.60350
vt 0.42017 0.51635
vt 0.41247 0.53021
vt 0.41324 0.51720
vt 0.43869 0.52823
vt 0.44081 0.53525
vt 0.41247 0.53021
vt 0.50426 0.11998
vt 0.50255 0.09787
vt 0.50566 0.08774
vt 0.99295 0.34282
vt 0.98838 0.36005
vt 0.98388 0.34741
vt 0.99295 0.34282
vt 0.99391 0.36155
vt 0.98838 0.36005
vt 0.39874 0.51988
vt 0.40828 0.51315
vt 0.41324 0.51720
vt 0.39893 0.50683
vt 0.40828 0.51315
vt 0.39874 0.51988
vt 0.41247 0.53021
vt 0.39874 0.51988
vt 0.41324 0.51720
vt 0.97967 0.35653
vt 0.96481 0.33022
vt 0.98388 0.34741
vt 0.02240 0.10878
vt 0.02852 0.10982
vt 0.02627 0.12093
vt 0.36989 0.53943
vt 0.35388 0.53429
vt 0.37086 0.52770
vt 0.04925 0.00932
vt 0.04400 0.02893
vt 0.03662 0.00405
vt 0.57916 0.60321
vt 0.55960 0.60649
vt 0.56340 0.59982
vt 0.57916 0.60321
vt 0.55230 0.62027
vt 0.55960 0.60649
vt 0.59556 0.60136
vt 0.57916 0.60321
vt 0.58742 0.58990
vt 0.59556 0.60136
vt 0.61360 0.59895
vt 0.61795 0.61852
vt 0.08869 0.04297
vt 0.07845 0.05128
vt 0.06407 0.04377
vt 0.57849 0.63007
vt 0.55557 0.65749
vt 0.55230 0.62027
vt 0.41247 0.53021
vt 0.41421 0.54089
vt 0.39666 0.54498
vt 0.38709 0.52912
vt 0.38023 0.54700
vt 0.36989 0.53943
vt 0.07845 0.05128
vt 0.05250 0.05287
vt 0.06407 0.04377
vt 0.37636 0.50407
vt 0.36906 0.51374
vt 0.36356 0.49694
vt 0.60624 0.57745
vt 0.61415 0.56568
vt 0.62145 0.57017
vt 0.36356 0.49694
vt 0.37582 0.49485
vt 0.37636 0.50407
vt 0.97967 0.35653
vt 0.98388 0.34741
vt 0.98838 0.36005
vt 0.36356 0.49694
vt 0.36906 0.51374
vt 0.35635 0.50787
vt 0.38349 0.51089
vt 0.39893 0.50683
vt 0.39874 0.51988
vt 0.38709 0.52912
vt 0.39874 0.51988
vt 0.41247 0.53021
vt 0.04925 0.00932
vt 0.06530 0.01651
vt 0.04400 0.02893
vt 0.39874 0.51988
vt 0.38709 0.52912
vt 0.38349 0.51089
vt 0.04400 0.02893
vt 0.06881 0.03370
vt 0.06407 0.04377
vt 0.39666 0.54498
vt 0.38709 0.52912
vt 0.41247 0.53021
vt 0.05250 0.05287
vt 0.02803 0.04696
vt 0.06407 0.04377
vt 0.02803 0.04696
vt 0.01121 0.05153
vt 0.01010 0.04474
vt 0.78954 0.60639
vt 0.79579 0.60408
vt 0.79925 0.60849
vt 0.06881 0.03370
vt 0.04400 0.02893
vt 0.06530 0.01651
vt 0.42653 0.63445
vt 0.42551 0.64110
vt 0.41556 0.64249
vt 0.02662 0.05880
vt 0.01121 0.05153
vt 0.02803 0.04696
vt 0.39666 0.54498
vt 0.38023 0.54700
vt 0.38709 0.52912
vt 0.44081 0.53525
vt 0.41421 0.54089
vt 0.41247 0.53021
vt 0.04400 0.02893
vt 0.02692 0.01328
vt 0.03662 0.00405
vt 0.06407 0.04377
vt 0.06881 0.03370
vt 0.08869 0.04297
vt 0.98388 0.34741
vt 0.96481 0.33022
vt 0.97718 0.33011
vt 0.01224 0.00737
vt 0.02692 0.01328
vt 0.01343 0.02612
vt 0.35388 0.53429
vt 0.35635 0.50787
vt 0.37086 0.52770
vt 0.78954 0.60639
vt 0.78345 0.60855
vt 0.78559 0.60350
vt 0.61461 0.63686
vt 0.62201 0.64338
vt 0.60881 0.66318
vt 0.60881 0.66318
vt 0.58509 0.67217
vt 0.60127 0.62793
vt 0.60881 0.66318
vt 0.60127 0.62793
vt 0.61461 0.63686
vt 0.61461 0.63686
vt 0.62343 0.62800
vt 0.62201 0.64338
vt 0.58509 0.67217
vt 0.55557 0.65749
vt 0.60127 0.62793
vt 0.68461 0.66818
vt 0.66622 0.65932
vt 0.68705 0.65039
vt 0.65899 0.66611
vt 0.65497 0.64634
vt 0.66622 0.65932
vt 0.66622 0.65932
vt 0.65497 0.64634
vt 0.66690 0.64836
vt 0.66690 0.64836
vt 0.65497 0.64634
vt 0.66198 0.63791
vt 0.61795 0.61852
vt 0.62343 0.62800
vt 0.61461 0.63686
vt 0.65599 0.60332
vt 0.64314 0.61325
vt 0.63198 0.59630
vt 0.61795 0.61852
vt 0.61360 0.59895
vt 0.63198 0.59630
vt 0.61795 0.61852
vt 0.61461 0.63686
vt 0.60127 0.62793
vt 0.61795 0.61852
vt 0.63198 0.59630
vt 0.64314 0.61325
vt 0.61795 0.61852
vt 0.64314 0.61325
vt 0.62343 0.62800
vt 0.60127 0.62793
vt 0.59556 0.60136
vt 0.61795 0.61852
vt 0.65971 0.61463
vt 0.64314 0.61325
vt 0.65599 0.60332
vt 0.62343 0.62800
vt 0.64314 0.61325
vt 0.64718 0.63845
vt 0.65828 0.63321
vt 0.64314 0.61325
vt 0.65971 0.61463
vt 0.65828 0.63321
vt 0.64718 0.63845
vt 0.64314 0.61325
vt 0.66496 0.62541
vt 0.65828 0.63321
vt 0.65971 0.61463
vt 0.65497 0.64634
vt 0.64718 0.63845
vt 0.65828 0.63321
vt 0.66198 0.63791
vt 0.65497 0.64634
vt 0.65828 0.63321
vt 0.62201 0.64338
vt 0.62343 0.62800
vt 0.64718 0.63845
vt 0.62201 0.64338
vt 0.64718 0.63845
vt 0.64435 0.65505
vt 0.64435 0.65505
vt 0.64718 0.63845
vt 0.65497 0.64634
vt 0.65899 0.66611
vt 0.64435 0.65505
vt 0.65497 0.64634
vt 0.60127 0.62793
vt 0.55557 0.65749
vt 0.57849 0.63007
vt 0.64435 0.65505
vt 0.63796 0.68156
vt 0.61955 0.66642
vt 0.64435 0.65505
vt 0.61955 0.66642
vt 0.62201 0.64338
vt 0.62201 0.64338
vt 0.61955 0.66642
vt 0.60881 0.66318
vt 0.66622 0.65932
vt 0.68114 0.68156
vt 0.66363 0.68694
vt 0.65899 0.66611
vt 0.66363 0.68694
vt 0.63556 0.70467
vt 0.65899 0.66611
vt 0.66622 0.65932
vt 0.66363 0.68694
vt 0.65899 0.66611
vt 0.63556 0.70467
vt 0.63796 0.68156
vt 0.68461 0.66818
vt 0.68114 0.68156
vt 0.66622 0.65932
vt 0.66622 0.65932
vt 0.67388 0.64129
vt 0.68705 0.65039
vt 0.65899 0.66611
vt 0.63796 0.68156
vt 0.64435 0.65505
vt 0.66690 0.64836
vt 0.67388 0.64129
vt 0.66622 0.65932
vt 0.66198 0.63791
vt 0.67388 0.64129
vt 0.66690 0.64836
vt 0.68142 0.62975
vt 0.67388 0.64129
vt 0.66496 0.62541
vt 0.66496 0.62541
vt 0.66198 0.63791
vt 0.65828 0.63321
vt 0.66496 0.62541
vt 0.67388 0.64129
vt 0.66198 0.63791
vt 0.04940 0.10048
vt 0.05051 0.07839
vt 0.05638 0.11189
vt 0.05492 0.63950
vt 0.05948 0.64471
vt 0.05272 0.64159
vt 0.05492 0.63950
vt 0.06114 0.63047
vt 0.05948 0.64471
vt 0.26851 0.94387
vt 0.28530 0.94523
vt 0.27624 0.96096
vt 0.12418 0.06026
vt 0.14364 0.06476
vt 0.14365 0.08462
vt 0.04030 0.63599
vt 0.05272 0.64159
vt 0.03125 0.64856
vt 0.29804 0.97165
vt 0.27977 0.97938
vt 0.27624 0.96096
vt 0.11480 0.06964
vt 0.11406 0.08619
vt 0.10911 0.07205
vt 0.11770 0.08486
vt 0.11406 0.08619
vt 0.11480 0.06964
vt 0.04262 0.09777
vt 0.04313 0.10972
vt 0.03175 0.09715
vt 0.02852 0.10982
vt 0.03175 0.09715
vt 0.04313 0.10972
vt 0.04313 0.10972
vt 0.04006 0.11726
vt 0.02852 0.10982
vt 0.13785 0.03904
vt 0.14030 0.02988
vt 0.14382 0.04739
vt 0.06314 0.08694
vt 0.05638 0.11189
vt 0.05051 0.07839
vt 0.03125 0.64856
vt 0.02188 0.66927
vt 0.01892 0.65274
vt 0.15456 0.03260
vt 0.16925 0.01683
vt 0.16956 0.02361
vt 0.05051 0.07839
vt 0.06358 0.07389
vt 0.06314 0.08694
vt 0.03848 0.08899
vt 0.04262 0.09777
vt 0.03175 0.09715
vt 0.04030 0.63599
vt 0.05454 0.63914
vt 0.05272 0.64159
vt 0.06114 0.63047
vt 0.05492 0.63950
vt 0.05454 0.63914
vt 0.05765 0.62186
vt 0.06114 0.63047
vt 0.05454 0.63914
vt 0.05454 0.63914
vt 0.04030 0.63599
vt 0.05765 0.62186
vt 0.16925 0.01683
vt 0.15456 0.03260
vt 0.14030 0.02988
vt 0.05765 0.62186
vt 0.04030 0.63599
vt 0.04219 0.62191
vt 0.14769 0.01766
vt 0.16925 0.01683
vt 0.14030 0.02988
vt 0.12418 0.06026
vt 0.13344 0.08818
vt 0.11770 0.08486
vt 0.15456 0.03260
vt 0.14382 0.04739
vt 0.14030 0.02988
vt 0.15456 0.03260
vt 0.15139 0.04034
vt 0.14382 0.04739
vt 0.50566 0.08774
vt 0.52770 0.11693
vt 0.50426 0.11998
vt 0.51014 0.06882
vt 0.51824 0.06592
vt 0.50566 0.08774
vt 0.76840 0.61203
vt 0.76037 0.61487
vt 0.75980 0.60507
vt 0.39840 0.65943
vt 0.39237 0.68187
vt 0.38804 0.67571
vt 0.77535 0.60392
vt 0.76840 0.61203
vt 0.75980 0.60507
vt 0.39237 0.68187
vt 0.41057 0.65062
vt 0.42551 0.64110
vt 0.39840 0.65943
vt 0.41057 0.65062
vt 0.39237 0.68187
vt 0.76840 0.61203
vt 0.77535 0.60392
vt 0.78345 0.60855
vt 0.78345 0.60855
vt 0.77535 0.60392
vt 0.78559 0.60350
vt 0.51824 0.06592
vt 0.52770 0.11693
vt 0.50566 0.08774
vt 0.54005 0.10568
vt 0.51824 0.06592
vt 0.54980 0.08880
vt 0.52770 0.11693
vt 0.51824 0.06592
vt 0.54005 0.10568
vt 0.34216 0.51306
vt 0.35635 0.50787
vt 0.34227 0.52518
vt 0.35635 0.50787
vt 0.34216 0.51306
vt 0.34882 0.50078
vt 0.74957 0.61710
vt 0.74437 0.61262
vt 0.76037 0.61487
vt 0.76037 0.61487
vt 0.74437 0.61262
vt 0.75980 0.60507
vt 0.34216 0.51306
vt 0.34227 0.52518
vt 0.33281 0.51459
vt 0.34227 0.52518
vt 0.32904 0.52453
vt 0.33281 0.51459
vt 0.94805 0.70351
vt 0.94219 0.71303
vt 0.93394 0.70728
vt 0.70563 0.66034
vt 0.69636 0.67957
vt 0.68461 0.66818
vt 0.69477 0.68530
vt 0.68114 0.68156
vt 0.69636 0.67957
vt 0.69636 0.67957
vt 0.68114 0.68156
vt 0.68461 0.66818
vt 0.68461 0.66818
vt 0.68705 0.65039
vt 0.70563 0.66034
vt 0.67577 0.79771
vt 0.66514 0.81391
vt 0.65725 0.79000
vt 0.65725 0.79000
vt 0.67306 0.78181
vt 0.67577 0.79771
vt 0.65725 0.79000
vt 0.66514 0.81391
vt 0.64391 0.79562
vt 0.67306 0.78181
vt 0.65725 0.79000
vt 0.65151 0.77716
vt 0.65385 0.83044
vt 0.65085 0.85456
vt 0.59659 0.85359
vt 0.63864 0.82422
vt 0.61359 0.81025
vt 0.66514 0.81391
vt 0.62736 0.78034
vt 0.65151 0.77716
vt 0.65725 0.79000
vt 0.65725 0.79000
vt 0.64391 0.79562
vt 0.62736 0.78034
vt 0.61359 0.81025
vt 0.60328 0.79291
vt 0.62789 0.79687
vt 0.62736 0.78034
vt 0.60328 0.79291
vt 0.60541 0.77944
vt 0.65385 0.83044
vt 0.63864 0.82422
vt 0.66514 0.81391
vt 0.65385 0.83044
vt 0.66514 0.81391
vt 0.68264 0.81903
vt 0.60328 0.79291
vt 0.62736 0.78034
vt 0.62789 0.79687
vt 0.62736 0.78034
vt 0.64391 0.79562
vt 0.62789 0.79687
vt 0.59806 0.82744
vt 0.59659 0.85359
vt 0.57437 0.81581
vt 0.61359 0.81025
vt 0.63864 0.82422
vt 0.59806 0.82744
vt 0.64391 0.79562
vt 0.66514 0.81391
vt 0.62789 0.79687
vt 0.66514 0.81391
vt 0.61359 0.81025
vt 0.62789 0.79687
vt 0.08459 0.01245
vt 0.08130 0.01081
vt 0.08662 0.00894
vt 0.57437 0.81581
vt 0.58694 0.78494
vt 0.60328 0.79291
vt 0.58694 0.78494
vt 0.57437 0.81581
vt 0.54534 0.79978
vt 0.68195 0.75907
vt 0.67990 0.77821
vt 0.65151 0.77716
vt 0.67990 0.77821
vt 0.67306 0.78181
vt 0.65151 0.77716
vt 0.08130 0.01081
vt 0.08180 0.00378
vt 0.08662 0.00894
vt 0.65385 0.83044
vt 0.68299 0.85236
vt 0.65085 0.85456
vt 0.58694 0.78494
vt 0.60541 0.77944
vt 0.60328 0.79291
vt 0.61359 0.81025
vt 0.59806 0.82744
vt 0.57437 0.81581
vt 0.61359 0.81025
vt 0.57437 0.81581
vt 0.60328 0.79291
vt 0.63864 0.82422
vt 0.65385 0.83044
vt 0.59806 0.82744
vt 0.59659 0.85359
vt 0.54782 0.82239
vt 0.57437 0.81581
vt 0.59659 0.85359
vt 0.59806 0.82744
vt 0.65385 0.83044
vt 0.61265 0.27382
vt 0.62003 0.28764
vt 0.61060 0.29709
vt 0.76786 0.81363
vt 0.75369 0.80830
vt 0.76160 0.81089
vt 0.73530 0.78751
vt 0.72444 0.79917
vt 0.71746 0.79101
vt 0.73530 0.78751
vt 0.74155 0.80112
vt 0.72444 0.79917
vt 0.75369 0.80830
vt 0.75656 0.80135
vt 0.76160 0.81089
vt 0.72457 0.82380
vt 0.74155 0.80112
vt 0.75369 0.80830
vt 0.76949 0.82787
vt 0.76858 0.84089
vt 0.75251 0.83106
vt 0.74474 0.82557
vt 0.74157 0.82982
vt 0.73875 0.82519
vt 0.62319 0.26406
vt 0.64773 0.27036
vt 0.64572 0.27760
vt 0.76646 0.80693
vt 0.76529 0.80984
vt 0.76160 0.81089
vt 0.61060 0.29709
vt 0.61037 0.32776
vt 0.59554 0.33076
vt 0.61060 0.29709
vt 0.61812 0.31696
vt 0.61037 0.32776
vt 0.61265 0.27382
vt 0.61060 0.29709
vt 0.59173 0.27120
vt 0.73875 0.82519
vt 0.72457 0.82380
vt 0.75369 0.80830
vt 0.75369 0.80830
vt 0.74474 0.82557
vt 0.73875 0.82519
vt 0.75079 0.84752
vt 0.73092 0.85246
vt 0.74613 0.83545
vt 0.72059 0.79913
vt 0.74155 0.80112
vt 0.72457 0.82380
vt 0.61900 0.30237
vt 0.61812 0.31696
vt 0.61060 0.29709
vt 0.75656 0.80135
vt 0.75369 0.80830
vt 0.74155 0.80112
vt 0.75656 0.80135
vt 0.74155 0.80112
vt 0.74884 0.79172
vt 0.76646 0.80693
vt 0.76160 0.81089
vt 0.75656 0.80135
vt 0.72457 0.82380
vt 0.74157 0.82982
vt 0.71753 0.83906
vt 0.74157 0.82982
vt 0.72457 0.82380
vt 0.73875 0.82519
vt 0.62003 0.28764
vt 0.61265 0.27382
vt 0.62449 0.28772
vt 0.74613 0.83545
vt 0.73092 0.85246
vt 0.71753 0.83906
vt 0.74613 0.83545
vt 0.71753 0.83906
vt 0.74157 0.82982
vt 0.75079 0.84752
vt 0.75251 0.83106
vt 0.76858 0.84089
vt 0.73530 0.78751
vt 0.71746 0.79101
vt 0.72796 0.77531
vt 0.75251 0.83106
vt 0.75079 0.84752
vt 0.74613 0.83545
vt 0.74474 0.82557
vt 0.75251 0.83106
vt 0.74157 0.82982
vt 0.75251 0.83106
vt 0.74613 0.83545
vt 0.74157 0.82982
vt 0.62003 0.28764
vt 0.61920 0.29423
vt 0.61060 0.29709
vt 0.64572 0.27760
vt 0.63498 0.28644
vt 0.62319 0.26406
vt 0.74682 0.78060
vt 0.74884 0.79172
vt 0.73530 0.78751
vt 0.74155 0.80112
vt 0.73530 0.78751
vt 0.74884 0.79172
vt 0.63498 0.28644
vt 0.62449 0.28772
vt 0.62319 0.26406
vt 0.74682 0.78060
vt 0.74134 0.77548
vt 0.74583 0.77751
vt 0.74134 0.77548
vt 0.74682 0.78060
vt 0.72796 0.77531
vt 0.72491 0.76606
vt 0.72796 0.77531
vt 0.71064 0.76577
vt 0.61900 0.30237
vt 0.61060 0.29709
vt 0.61920 0.29423
vt 0.74682 0.78060
vt 0.73530 0.78751
vt 0.72796 0.77531
vt 0.74134 0.77548
vt 0.72796 0.77531
vt 0.73773 0.77191
vt 0.72491 0.76606
vt 0.73773 0.77191
vt 0.72796 0.77531
vt 0.61060 0.29709
vt 0.59081 0.28677
vt 0.59173 0.27120
vt 0.76858 0.84089
vt 0.77530 0.83122
vt 0.77912 0.83145
vt 0.78538 0.83584
vt 0.76858 0.84089
vt 0.77912 0.83145
vt 0.72444 0.79917
vt 0.74155 0.80112
vt 0.72059 0.79913
vt 0.71746 0.79101
vt 0.72444 0.79917
vt 0.72059 0.79913
vt 0.69317 0.80386
vt 0.66514 0.81391
vt 0.67577 0.79771
vt 0.70078 0.74999
vt 0.68195 0.75907
vt 0.68121 0.74370
vt 0.72796 0.77531
vt 0.70586 0.78067
vt 0.71064 0.76577
vt 0.72457 0.82380
vt 0.70349 0.81871
vt 0.70753 0.80910
vt 0.69553 0.76377
vt 0.69083 0.78210
vt 0.67990 0.77821
vt 0.70753 0.80910
vt 0.71746 0.79101
vt 0.72059 0.79913
vt 0.70753 0.80910
vt 0.70695 0.79564
vt 0.71746 0.79101
vt 0.70349 0.81871
vt 0.68264 0.81903
vt 0.69317 0.80386
vt 0.70349 0.81871
vt 0.69317 0.80386
vt 0.70753 0.80910
vt 0.69317 0.80386
vt 0.70695 0.79564
vt 0.70753 0.80910
vt 0.70586 0.78067
vt 0.71746 0.79101
vt 0.70695 0.79564
vt 0.71064 0.76577
vt 0.70586 0.78067
vt 0.69553 0.76377
vt 0.70695 0.79564
vt 0.68536 0.79996
vt 0.69083 0.78210
vt 0.70586 0.78067
vt 0.70695 0.79564
vt 0.69083 0.78210
vt 0.70586 0.78067
vt 0.69083 0.78210
vt 0.69553 0.76377
vt 0.69317 0.80386
vt 0.67577 0.79771
vt 0.68536 0.79996
vt 0.69553 0.76377
vt 0.67990 0.77821
vt 0.68195 0.75907
vt 0.70695 0.79564
vt 0.69317 0.80386
vt 0.68536 0.79996
vt 0.68264 0.81903
vt 0.66514 0.81391
vt 0.69317 0.80386
vt 0.68536 0.79996
vt 0.67306 0.78181
vt 0.69083 0.78210
vt 0.68536 0.79996
vt 0.67577 0.79771
vt 0.67306 0.78181
vt 0.72457 0.82380
vt 0.71753 0.83906
vt 0.70349 0.81871
vt 0.71587 0.76162
vt 0.72491 0.76606
vt 0.71064 0.76577
vt 0.71746 0.79101
vt 0.70586 0.78067
vt 0.72796 0.77531
vt 0.67990 0.77821
vt 0.69083 0.78210
vt 0.67306 0.78181
vt 0.68299 0.85236
vt 0.65385 0.83044
vt 0.68264 0.81903
vt 0.71587 0.76162
vt 0.71064 0.76577
vt 0.70078 0.74999
vt 0.70349 0.81871
vt 0.71753 0.83906
vt 0.68264 0.81903
vt 0.68299 0.85236
vt 0.68264 0.81903
vt 0.71753 0.83906
vt 0.71753 0.83906
vt 0.73092 0.85246
vt 0.68299 0.85236
vt 0.72457 0.82380
vt 0.70753 0.80910
vt 0.72059 0.79913
vt 0.69553 0.76377
vt 0.70078 0.74999
vt 0.71064 0.76577
vt 0.59772 0.45550
vt 0.60821 0.42424
vt 0.61128 0.44046
vt 0.60431 0.74439
vt 0.62147 0.75471
vt 0.59627 0.76188
vt 0.62147 0.75471
vt 0.66463 0.75643
vt 0.62736 0.78034
vt 0.62734 0.73394
vt 0.64406 0.73182
vt 0.62147 0.75471
vt 0.65151 0.77716
vt 0.62736 0.78034
vt 0.66463 0.75643
vt 0.62147 0.75471
vt 0.64406 0.73182
vt 0.66463 0.75643
vt 0.55406 0.42454
vt 0.57897 0.43875
vt 0.55622 0.44787
vt 0.59912 0.42043
vt 0.59772 0.45550
vt 0.57897 0.43875
vt 0.58621 0.37713
vt 0.59912 0.42043
vt 0.58040 0.41811
vt 0.58040 0.41811
vt 0.56650 0.39344
vt 0.58621 0.37713
vt 0.55421 0.41464
vt 0.56650 0.39344
vt 0.58040 0.41811
vt 0.58040 0.41811
vt 0.55406 0.42454
vt 0.55421 0.41464
vt 0.60541 0.77944
vt 0.61867 0.76592
vt 0.62736 0.78034
vt 0.59627 0.76188
vt 0.61867 0.76592
vt 0.60541 0.77944
vt 0.56617 0.46394
vt 0.59772 0.45550
vt 0.59815 0.49809
vt 0.62736 0.78034
vt 0.61867 0.76592
vt 0.62147 0.75471
vt 0.66766 0.73830
vt 0.66463 0.75643
vt 0.64406 0.73182
vt 0.57897 0.43875
vt 0.56617 0.46394
vt 0.55622 0.44787
vt 0.61867 0.76592
vt 0.59627 0.76188
vt 0.62147 0.75471
vt 0.56617 0.46394
vt 0.57897 0.43875
vt 0.59772 0.45550
vt 0.56910 0.50353
vt 0.56617 0.46394
vt 0.59815 0.49809
vt 0.59912 0.42043
vt 0.57897 0.43875
vt 0.58040 0.41811
vt 0.58040 0.41811
vt 0.57897 0.43875
vt 0.55406 0.42454
vt 0.58924 0.74774
vt 0.57214 0.75861
vt 0.57605 0.74793
vt 0.55421 0.41464
vt 0.55629 0.40296
vt 0.56650 0.39344
vt 0.61429 0.73437
vt 0.62147 0.75471
vt 0.60431 0.74439
vt 0.62147 0.75471
vt 0.61429 0.73437
vt 0.62734 0.73394
vt 0.58924 0.74774
vt 0.59627 0.76188
vt 0.57214 0.75861
vt 0.59772 0.45550
vt 0.60675 0.45607
vt 0.60458 0.47434
vt 0.59912 0.42043
vt 0.61191 0.41606
vt 0.60821 0.42424
vt 0.60675 0.45607
vt 0.59772 0.45550
vt 0.61128 0.44046
vt 0.59627 0.76188
vt 0.58924 0.74774
vt 0.60431 0.74439
vt 0.60541 0.77944
vt 0.57178 0.77381
vt 0.59627 0.76188
vt 0.59912 0.42043
vt 0.58621 0.37713
vt 0.60592 0.38781
vt 0.55089 0.37002
vt 0.56650 0.39344
vt 0.55629 0.40296
vt 0.59772 0.45550
vt 0.59912 0.42043
vt 0.60821 0.42424
vt 0.57178 0.77381
vt 0.60541 0.77944
vt 0.58694 0.78494
vt 0.59912 0.42043
vt 0.60592 0.38781
vt 0.61209 0.40787
vt 0.61726 0.41239
vt 0.59912 0.42043
vt 0.61209 0.40787
vt 0.57605 0.74793
vt 0.57214 0.75861
vt 0.55454 0.75115
vt 0.10019 0.46056
vt 0.12147 0.42840
vt 0.12435 0.46375
vt 0.09277 0.50956
vt 0.07229 0.48142
vt 0.09487 0.48302
vt 0.53368 0.41911
vt 0.55421 0.41464
vt 0.55406 0.42454
vt 0.10019 0.46056
vt 0.12435 0.46375
vt 0.11246 0.47183
vt 0.10019 0.46056
vt 0.09487 0.48302
vt 0.07229 0.48142
vt 0.10285 0.51093
vt 0.10848 0.52688
vt 0.09277 0.50956
vt 0.06849 0.51096
vt 0.07229 0.48142
vt 0.09277 0.50956
vt 0.55406 0.42454
vt 0.53726 0.43818
vt 0.53368 0.41911
vt 0.53368 0.41911
vt 0.53726 0.43818
vt 0.52381 0.42507
vt 0.53726 0.43818
vt 0.51010 0.43417
vt 0.52381 0.42507
vt 0.07236 0.43967
vt 0.10019 0.46056
vt 0.07229 0.48142
vt 0.51010 0.43417
vt 0.53726 0.43818
vt 0.50526 0.45642
vt 0.09487 0.48302
vt 0.10285 0.51093
vt 0.09277 0.50956
vt 0.51577 0.46576
vt 0.50526 0.45642
vt 0.53726 0.43818
vt 0.56617 0.46394
vt 0.55275 0.46381
vt 0.55622 0.44787
vt 0.55275 0.46381
vt 0.54278 0.47845
vt 0.53726 0.43818
vt 0.55622 0.44787
vt 0.55275 0.46381
vt 0.53726 0.43818
vt 0.53726 0.43818
vt 0.54278 0.47845
vt 0.51577 0.46576
vt 0.10406 0.53205
vt 0.09277 0.50956
vt 0.10848 0.52688
vt 0.10019 0.46056
vt 0.11246 0.47183
vt 0.09487 0.48302
vt 0.53726 0.43818
vt 0.55406 0.42454
vt 0.55622 0.44787
vt 0.55421 0.41464
vt 0.53368 0.41911
vt 0.53622 0.39305
vt 0.53622 0.39305
vt 0.55629 0.40296
vt 0.55421 0.41464
vt 0.12758 0.33361
vt 0.14947 0.39821
vt 0.10814 0.38928
vt 0.57500 0.30870
vt 0.55178 0.29115
vt 0.55397 0.28187
vt 0.13631 0.31677
vt 0.14255 0.33161
vt 0.13812 0.33923
vt 0.08206 0.34578
vt 0.09921 0.32265
vt 0.12758 0.33361
vt 0.14942 0.35663
vt 0.14862 0.36645
vt 0.14345 0.35154
vt 0.55574 0.31290
vt 0.55320 0.30080
vt 0.56306 0.31493
vt 0.55397 0.28187
vt 0.56331 0.26632
vt 0.57500 0.30870
vt 0.56331 0.26632
vt 0.57857 0.28160
vt 0.57500 0.30870
vt 0.59554 0.33076
vt 0.61037 0.32776
vt 0.60947 0.34374
vt 0.57500 0.30870
vt 0.57857 0.28160
vt 0.59081 0.28677
vt 0.14345 0.35154
vt 0.14947 0.39821
vt 0.12758 0.33361
vt 0.14862 0.36645
vt 0.14947 0.39821
vt 0.14345 0.35154
vt 0.55574 0.31290
vt 0.56306 0.31493
vt 0.55803 0.32452
vt 0.59554 0.33076
vt 0.57500 0.30870
vt 0.59081 0.28677
vt 0.59554 0.33076
vt 0.59081 0.28677
vt 0.61060 0.29709
vt 0.56306 0.31493
vt 0.57500 0.30870
vt 0.57178 0.34707
vt 0.55178 0.29115
vt 0.57500 0.30870
vt 0.56306 0.31493
vt 0.55320 0.30080
vt 0.55178 0.29115
vt 0.56306 0.31493
vt 0.13812 0.33923
vt 0.14345 0.35154
vt 0.12758 0.33361
vt 0.57178 0.34707
vt 0.58621 0.37713
vt 0.56650 0.39344
vt 0.66142 0.72786
vt 0.66766 0.73830
vt 0.64406 0.73182
vt 0.57178 0.34707
vt 0.57500 0.30870
vt 0.59554 0.33076
vt 0.68195 0.75907
vt 0.65151 0.77716
vt 0.66463 0.75643
vt 0.61019 0.36171
vt 0.58621 0.37713
vt 0.59259 0.35845
vt 0.59554 0.33076
vt 0.59259 0.35845
vt 0.57178 0.34707
vt 0.68195 0.75907
vt 0.66463 0.75643
vt 0.68121 0.74370
vt 0.61019 0.36171
vt 0.61001 0.37731
vt 0.58621 0.37713
vt 0.59554 0.33076
vt 0.60947 0.34374
vt 0.59259 0.35845
vt 0.57178 0.34707
vt 0.55894 0.35186
vt 0.55803 0.32452
vt 0.55803 0.32452
vt 0.56306 0.31493
vt 0.57178 0.34707
vt 0.54509 0.37132
vt 0.55089 0.37002
vt 0.55629 0.40296
vt 0.60592 0.38781
vt 0.58621 0.37713
vt 0.61001 0.37731
vt 0.68121 0.74370
vt 0.66463 0.75643
vt 0.66766 0.73830
vt 0.69553 0.76377
vt 0.68195 0.75907
vt 0.70078 0.74999
vt 0.60947 0.34374
vt 0.61019 0.36171
vt 0.59259 0.35845
vt 0.56650 0.39344
vt 0.55089 0.37002
vt 0.55894 0.35186
vt 0.55379 0.36347
vt 0.55894 0.35186
vt 0.55089 0.37002
vt 0.55894 0.35186
vt 0.57178 0.34707
vt 0.56650 0.39344
vt 0.14602 0.41142
vt 0.13575 0.41613
vt 0.14947 0.39821
vt 0.14602 0.41142
vt 0.14393 0.41535
vt 0.13575 0.41613
vt 0.57178 0.34707
vt 0.59259 0.35845
vt 0.58621 0.37713
vt 0.08206 0.34578
vt 0.12758 0.33361
vt 0.10814 0.38928
vt 0.04405 0.39242
vt 0.03487 0.37598
vt 0.04157 0.36530
vt 0.07659 0.39406
vt 0.05784 0.40361
vt 0.04405 0.39242
vt 0.08206 0.34578
vt 0.07659 0.39406
vt 0.05985 0.34671
vt 0.04157 0.36530
vt 0.07659 0.39406
vt 0.04405 0.39242
vt 0.07659 0.39406
vt 0.04157 0.36530
vt 0.05985 0.34671
vt 0.07659 0.39406
vt 0.10814 0.38928
vt 0.12147 0.42840
vt 0.07659 0.39406
vt 0.12147 0.42840
vt 0.07236 0.43967
vt 0.07236 0.43967
vt 0.05342 0.43729
vt 0.05784 0.40361
vt 0.05784 0.40361
vt 0.04171 0.42317
vt 0.04405 0.39242
vt 0.07659 0.39406
vt 0.07236 0.43967
vt 0.05784 0.40361
vt 0.53622 0.39305
vt 0.54509 0.37132
vt 0.55629 0.40296
vt 0.10019 0.46056
vt 0.07236 0.43967
vt 0.12147 0.42840
vt 0.10814 0.38928
vt 0.13575 0.41613
vt 0.12147 0.42840
vt 0.14947 0.39821
vt 0.13575 0.41613
vt 0.10814 0.38928
vt 0.12147 0.42840
vt 0.13575 0.41613
vt 0.13010 0.44124
vt 0.12147 0.42840
vt 0.13010 0.44124
vt 0.12435 0.46375
vt 0.05784 0.40361
vt 0.05342 0.43729
vt 0.04171 0.42317
vt 0.10814 0.38928
vt 0.07659 0.39406
vt 0.08206 0.34578
vt 0.54782 0.82239
vt 0.59659 0.85359
vt 0.53942 0.85356
vt 0.52838 0.83796
vt 0.54782 0.82239
vt 0.53942 0.85356
vt 0.54534 0.79978
vt 0.54782 0.82239
vt 0.48893 0.82138
vt 0.54782 0.82239
vt 0.52838 0.83796
vt 0.49804 0.84268
vt 0.48893 0.82138
vt 0.54782 0.82239
vt 0.49804 0.84268
vt 0.41399 0.81006
vt 0.44801 0.81023
vt 0.43741 0.82663
vt 0.44801 0.81023
vt 0.41399 0.81006
vt 0.42651 0.79532
vt 0.45896 0.82581
vt 0.43741 0.82663
vt 0.44801 0.81023
vt 0.50226 0.78424
vt 0.48893 0.82138
vt 0.47994 0.81307
vt 0.47198 0.81232
vt 0.44801 0.81023
vt 0.45701 0.78939
vt 0.50226 0.78424
vt 0.54534 0.79978
vt 0.48893 0.82138
vt 0.45701 0.78939
vt 0.47288 0.80115
vt 0.47198 0.81232
vt 0.54782 0.82239
vt 0.54534 0.79978
vt 0.57437 0.81581
vt 0.45896 0.82581
vt 0.47994 0.81307
vt 0.48893 0.82138
vt 0.45896 0.82581
vt 0.44801 0.81023
vt 0.47198 0.81232
vt 0.47288 0.80115
vt 0.47994 0.81307
vt 0.47198 0.81232
vt 0.45896 0.82581
vt 0.47198 0.81232
vt 0.47994 0.81307
vt 0.53942 0.85356
vt 0.49804 0.84268
vt 0.52838 0.83796
vt 0.47994 0.81307
vt 0.47288 0.80115
vt 0.46256 0.78220
vt 0.48172 0.75763
vt 0.50886 0.76474
vt 0.47770 0.76858
vt 0.32145 0.05123
vt 0.33781 0.03654
vt 0.34224 0.05439
vt 0.39500 0.03497
vt 0.39823 0.04283
vt 0.39439 0.05798
vt 0.60589 0.52986
vt 0.60090 0.56546
vt 0.58928 0.55132
vt 0.32145 0.05123
vt 0.32301 0.02454
vt 0.33781 0.03654
vt 0.32301 0.02454
vt 0.33720 0.00618
vt 0.33781 0.03654
vt 0.35011 0.02292
vt 0.33781 0.03654
vt 0.33720 0.00618
vt 0.34912 0.00804
vt 0.35011 0.02292
vt 0.34734 0.00408
vt 0.33781 0.03654
vt 0.35011 0.02292
vt 0.36895 0.03160
vt 0.36895 0.03160
vt 0.35375 0.04509
vt 0.33781 0.03654
vt 0.55786 0.49296
vt 0.56617 0.46394
vt 0.56910 0.50353
vt 0.49784 0.74873
vt 0.48172 0.75763
vt 0.48253 0.74830
vt 0.60589 0.52986
vt 0.61657 0.53982
vt 0.61074 0.55524
vt 0.50886 0.76474
vt 0.48172 0.75763
vt 0.49784 0.74873
vt 0.57178 0.77381
vt 0.57214 0.75861
vt 0.59627 0.76188
vt 0.50886 0.76474
vt 0.50226 0.78424
vt 0.47770 0.76858
vt 0.60786 0.49118
vt 0.59815 0.49809
vt 0.60458 0.47434
vt 0.59815 0.49809
vt 0.60786 0.49118
vt 0.61449 0.50618
vt 0.57178 0.77381
vt 0.58694 0.78494
vt 0.55900 0.77776
vt 0.58694 0.78494
vt 0.54534 0.79978
vt 0.55900 0.77776
vt 0.33781 0.03654
vt 0.35375 0.04509
vt 0.34224 0.05439
vt 0.57178 0.77381
vt 0.52982 0.76579
vt 0.57214 0.75861
vt 0.47770 0.76858
vt 0.50226 0.78424
vt 0.46256 0.78220
vt 0.57178 0.77381
vt 0.55900 0.77776
vt 0.52982 0.76579
vt 0.44848 0.76990
vt 0.44151 0.75617
vt 0.45857 0.75392
vt 0.36569 0.00847
vt 0.35011 0.02292
vt 0.35293 0.00571
vt 0.46256 0.78220
vt 0.43929 0.77782
vt 0.44848 0.76990
vt 0.44848 0.76990
vt 0.43116 0.76789
vt 0.44151 0.75617
vt 0.44848 0.76990
vt 0.41470 0.76383
vt 0.43116 0.76789
vt 0.44848 0.76990
vt 0.43929 0.77782
vt 0.41470 0.76383
vt 0.42107 0.74090
vt 0.43051 0.74649
vt 0.41989 0.74645
vt 0.44151 0.75617
vt 0.41989 0.74645
vt 0.43051 0.74649
vt 0.41399 0.81006
vt 0.41331 0.79331
vt 0.42651 0.79532
vt 0.36895 0.03160
vt 0.37836 0.05509
vt 0.35375 0.04509
vt 0.55454 0.75115
vt 0.57214 0.75861
vt 0.53324 0.74984
vt 0.49784 0.74873
vt 0.52189 0.75167
vt 0.50886 0.76474
vt 0.61449 0.50618
vt 0.61458 0.52296
vt 0.59815 0.49809
vt 0.59815 0.49809
vt 0.61458 0.52296
vt 0.60589 0.52986
vt 0.59815 0.49809
vt 0.59772 0.45550
vt 0.60458 0.47434
vt 0.60090 0.56546
vt 0.61074 0.55524
vt 0.60541 0.56557
vt 0.42107 0.74090
vt 0.41989 0.74645
vt 0.42228 0.74527
vt 0.50226 0.78424
vt 0.47994 0.81307
vt 0.46256 0.78220
vt 0.36895 0.03160
vt 0.39500 0.03497
vt 0.37836 0.05509
vt 0.36895 0.03160
vt 0.39501 0.01532
vt 0.39500 0.03497
vt 0.36569 0.00847
vt 0.39501 0.01532
vt 0.36895 0.03160
vt 0.36569 0.00847
vt 0.36895 0.03160
vt 0.35011 0.02292
vt 0.34734 0.00408
vt 0.35011 0.02292
vt 0.33720 0.00618
vt 0.52982 0.76579
vt 0.50886 0.76474
vt 0.52189 0.75167
vt 0.50886 0.76474
vt 0.52982 0.76579
vt 0.50226 0.78424
vt 0.53324 0.74984
vt 0.52982 0.76579
vt 0.52189 0.75167
vt 0.57214 0.75861
vt 0.52982 0.76579
vt 0.53324 0.74984
vt 0.55900 0.77776
vt 0.54534 0.79978
vt 0.52982 0.76579
vt 0.37836 0.05509
vt 0.39500 0.03497
vt 0.39439 0.05798
vt 0.43929 0.77782
vt 0.45701 0.78939
vt 0.42651 0.79532
vt 0.42651 0.79532
vt 0.45701 0.78939
vt 0.44801 0.81023
vt 0.31191 0.04098
vt 0.32301 0.02454
vt 0.32145 0.05123
vt 0.57735 0.53722
vt 0.60589 0.52986
vt 0.58928 0.55132
vt 0.57735 0.53722
vt 0.56815 0.53180
vt 0.56910 0.50353
vt 0.32145 0.05123
vt 0.31402 0.05395
vt 0.31191 0.04098
vt 0.35293 0.00571
vt 0.35011 0.02292
vt 0.34912 0.00804
vt 0.43929 0.77782
vt 0.42651 0.79532
vt 0.41470 0.76383
vt 0.42651 0.79532
vt 0.41331 0.79331
vt 0.41470 0.76383
vt 0.45857 0.75392
vt 0.48172 0.75763
vt 0.47770 0.76858
vt 0.41989 0.74645
vt 0.44151 0.75617
vt 0.41470 0.76383
vt 0.48172 0.75763
vt 0.46686 0.74459
vt 0.48253 0.74830
vt 0.45857 0.75392
vt 0.46298 0.75051
vt 0.48172 0.75763
vt 0.44151 0.75617
vt 0.43116 0.76789
vt 0.41470 0.76383
vt 0.47770 0.76858
vt 0.44848 0.76990
vt 0.45857 0.75392
vt 0.48172 0.75763
vt 0.46298 0.75051
vt 0.46686 0.74459
vt 0.46256 0.78220
vt 0.44848 0.76990
vt 0.47770 0.76858
vt 0.60589 0.52986
vt 0.61074 0.55524
vt 0.60090 0.56546
vt 0.46256 0.78220
vt 0.47288 0.80115
vt 0.45701 0.78939
vt 0.59815 0.49809
vt 0.57735 0.53722
vt 0.56910 0.50353
vt 0.59815 0.49809
vt 0.60589 0.52986
vt 0.57735 0.53722
vt 0.46256 0.78220
vt 0.45701 0.78939
vt 0.43929 0.77782
vt 0.50226 0.78424
vt 0.52982 0.76579
vt 0.54534 0.79978
vt 0.61657 0.53982
vt 0.60589 0.52986
vt 0.61458 0.52296
vt 0.50712 0.49372
vt 0.51508 0.52961
vt 0.49845 0.50189
vt 0.50712 0.49372
vt 0.51047 0.48655
vt 0.51508 0.52961
vt 0.51508 0.52961
vt 0.51047 0.48655
vt 0.52695 0.49901
vt 0.08226 0.53942
vt 0.10406 0.53205
vt 0.11599 0.56820
vt 0.50242 0.47428
vt 0.50712 0.49372
vt 0.49845 0.50189
vt 0.51577 0.46576
vt 0.52695 0.49901
vt 0.51047 0.48655
vt 0.14136 0.61725
vt 0.11411 0.59315
vt 0.11599 0.56820
vt 0.12509 0.64359
vt 0.13608 0.63182
vt 0.14062 0.65579
vt 0.50887 0.58630
vt 0.50158 0.60180
vt 0.49669 0.57405
vt 0.13608 0.63182
vt 0.12509 0.64359
vt 0.12732 0.61933
vt 0.14136 0.61725
vt 0.13608 0.63182
vt 0.12732 0.61933
vt 0.50887 0.58630
vt 0.49669 0.57405
vt 0.50998 0.56728
vt 0.49669 0.57405
vt 0.49997 0.56172
vt 0.50998 0.56728
vt 0.32005 0.06902
vt 0.33179 0.07019
vt 0.33184 0.07858
vt 0.33179 0.07019
vt 0.31911 0.06191
vt 0.32846 0.06309
vt 0.33179 0.07019
vt 0.32005 0.06902
vt 0.31911 0.06191
vt 0.31911 0.06191
vt 0.32145 0.05123
vt 0.34224 0.05439
vt 0.31911 0.06191
vt 0.32005 0.06902
vt 0.31511 0.06633
vt 0.54296 0.51519
vt 0.55147 0.52508
vt 0.54791 0.53342
vt 0.31911 0.06191
vt 0.31402 0.05395
vt 0.32145 0.05123
vt 0.31911 0.06191
vt 0.31511 0.06633
vt 0.31219 0.06183
vt 0.31911 0.06191
vt 0.31219 0.06183
vt 0.31402 0.05395
vt 0.55786 0.49296
vt 0.55765 0.52413
vt 0.55147 0.52508
vt 0.56815 0.53180
vt 0.55765 0.52413
vt 0.56910 0.50353
vt 0.54180 0.54992
vt 0.52893 0.58164
vt 0.51841 0.55767
vt 0.54180 0.54992
vt 0.54201 0.56894
vt 0.52893 0.58164
vt 0.33179 0.07019
vt 0.35598 0.08936
vt 0.33184 0.07858
vt 0.39100 0.07093
vt 0.37836 0.05509
vt 0.39439 0.05798
vt 0.55786 0.49296
vt 0.54296 0.51519
vt 0.54278 0.47845
vt 0.54296 0.51519
vt 0.52695 0.49901
vt 0.54278 0.47845
vt 0.56910 0.50353
vt 0.55765 0.52413
vt 0.55786 0.49296
vt 0.55786 0.49296
vt 0.55147 0.52508
vt 0.54296 0.51519
vt 0.35785 0.07794
vt 0.37836 0.05509
vt 0.39100 0.07093
vt 0.35785 0.07794
vt 0.34224 0.05439
vt 0.37836 0.05509
vt 0.35785 0.07794
vt 0.33179 0.07019
vt 0.34224 0.05439
vt 0.35375 0.04509
vt 0.37836 0.05509
vt 0.34224 0.05439
vt 0.38056 0.10806
vt 0.37096 0.10362
vt 0.37180 0.09343
vt 0.35785 0.07794
vt 0.39100 0.07093
vt 0.38716 0.08989
vt 0.35785 0.07794
vt 0.38716 0.08989
vt 0.37180 0.09343
vt 0.37096 0.10362
vt 0.35955 0.09895
vt 0.37180 0.09343
vt 0.51841 0.55767
vt 0.52893 0.58164
vt 0.52110 0.58943
vt 0.35598 0.08936
vt 0.35785 0.07794
vt 0.37180 0.09343
vt 0.37180 0.09343
vt 0.35955 0.09895
vt 0.35598 0.08936
vt 0.54278 0.47845
vt 0.52695 0.49901
vt 0.51577 0.46576
vt 0.38648 0.10033
vt 0.38056 0.10806
vt 0.37180 0.09343
vt 0.51841 0.55767
vt 0.52110 0.58943
vt 0.50998 0.56728
vt 0.11411 0.59315
vt 0.14136 0.61725
vt 0.12732 0.61933
vt 0.51508 0.52961
vt 0.50998 0.56728
vt 0.49997 0.56172
vt 0.51508 0.52961
vt 0.51841 0.55767
vt 0.50998 0.56728
vt 0.35598 0.08936
vt 0.33179 0.07019
vt 0.35785 0.07794
vt 0.32846 0.06309
vt 0.34224 0.05439
vt 0.33179 0.07019
vt 0.34224 0.05439
vt 0.32846 0.06309
vt 0.31911 0.06191
vt 0.38716 0.08989
vt 0.38648 0.10033
vt 0.37180 0.09343
vt 0.52959 0.53872
vt 0.54296 0.51519
vt 0.54180 0.54992
vt 0.54296 0.51519
vt 0.54791 0.53342
vt 0.54180 0.54992
vt 0.52959 0.53872
vt 0.51841 0.55767
vt 0.51508 0.52961
vt 0.51508 0.52961
vt 0.52695 0.49901
vt 0.52959 0.53872
vt 0.52959 0.53872
vt 0.52695 0.49901
vt 0.54296 0.51519
vt 0.51244 0.60505
vt 0.50158 0.60180
vt 0.51352 0.59544
vt 0.52959 0.53872
vt 0.54180 0.54992
vt 0.51841 0.55767
vt 0.50242 0.47428
vt 0.50633 0.47204
vt 0.50712 0.49372
vt 0.51047 0.48655
vt 0.50712 0.49372
vt 0.50633 0.47204
vt 0.50887 0.58630
vt 0.51352 0.59544
vt 0.50158 0.60180
vt 0.50998 0.56728
vt 0.52110 0.58943
vt 0.50887 0.58630
vt 0.50887 0.58630
vt 0.52110 0.58943
vt 0.51352 0.59544
vt 0.10406 0.53205
vt 0.08226 0.53942
vt 0.09277 0.50956
vt 0.51047 0.48655
vt 0.50633 0.47204
vt 0.51577 0.46576
vt 0.55786 0.49296
vt 0.55275 0.46381
vt 0.56617 0.46394
vt 0.50633 0.47204
vt 0.50526 0.45642
vt 0.51577 0.46576
vt 0.49845 0.50189
vt 0.51508 0.52961
vt 0.49997 0.56172
vt 0.54278 0.47845
vt 0.55275 0.46381
vt 0.55786 0.49296
vt 0.06849 0.51096
vt 0.09277 0.50956
vt 0.08226 0.53942
vt 0.05985 0.34671
vt 0.04157 0.36530
vt 0.03406 0.34786
vt 0.03487 0.37598
vt 0.03406 0.34786
vt 0.04157 0.36530
vt 0.37963 0.73148
vt 0.39274 0.72766
vt 0.39382 0.74414
vt 0.89514 0.65958
vt 0.87897 0.65090
vt 0.88755 0.63362
vt 0.89514 0.65958
vt 0.88755 0.63362
vt 0.90318 0.65040
vt 0.91061 0.40101
vt 0.92480 0.39164
vt 0.92667 0.40833
vt 0.31758 0.75781
vt 0.34327 0.75354
vt 0.31869 0.76933
vt 0.92480 0.39164
vt 0.90678 0.37467
vt 0.93675 0.37368
vt 0.92348 0.33267
vt 0.94288 0.34039
vt 0.94081 0.35444
vt 0.39785 0.78469
vt 0.36331 0.77805
vt 0.39372 0.76069
vt 0.93699 0.36125
vt 0.93675 0.37368
vt 0.90678 0.37467
vt 0.34327 0.75354
vt 0.35629 0.74470
vt 0.35702 0.75192
vt 0.92480 0.39164
vt 0.93675 0.37368
vt 0.93431 0.39396
vt 0.36331 0.77805
vt 0.31869 0.76933
vt 0.34327 0.75354
vt 0.34327 0.75354
vt 0.31758 0.75781
vt 0.32962 0.74822
vt 0.35702 0.75192
vt 0.37045 0.73397
vt 0.37963 0.73148
vt 0.35629 0.74470
vt 0.37045 0.73397
vt 0.35702 0.75192
vt 0.37963 0.73148
vt 0.39382 0.74414
vt 0.36331 0.77805
vt 0.35702 0.75192
vt 0.37963 0.73148
vt 0.36331 0.77805
vt 0.88755 0.63362
vt 0.87897 0.65090
vt 0.86148 0.63189
vt 0.85458 0.64316
vt 0.87897 0.65090
vt 0.86305 0.66178
vt 0.85458 0.64316
vt 0.86148 0.63189
vt 0.87897 0.65090
vt 0.39372 0.76069
vt 0.36331 0.77805
vt 0.39382 0.74414
vt 0.89514 0.65958
vt 0.90389 0.67522
vt 0.88905 0.67455
vt 0.87897 0.65090
vt 0.89514 0.65958
vt 0.88905 0.67455
vt 0.31869 0.76933
vt 0.36331 0.77805
vt 0.33986 0.81052
vt 0.35702 0.75192
vt 0.36331 0.77805
vt 0.34327 0.75354
vt 0.90678 0.37467
vt 0.92480 0.39164
vt 0.91061 0.40101
vt 0.86148 0.63189
vt 0.84153 0.63275
vt 0.84601 0.62150
vt 0.90231 0.34290
vt 0.91408 0.34646
vt 0.90678 0.37467
vt 0.88807 0.38128
vt 0.90231 0.34290
vt 0.90678 0.37467
vt 0.87056 0.32193
vt 0.87187 0.34431
vt 0.86050 0.32742
vt 0.85269 0.33424
vt 0.87187 0.34431
vt 0.84376 0.35447
vt 0.85269 0.33424
vt 0.86050 0.32742
vt 0.87187 0.34431
vt 0.88012 0.35875
vt 0.86299 0.37607
vt 0.87187 0.34431
vt 0.89389 0.32274
vt 0.90231 0.34290
vt 0.88012 0.35875
vt 0.90231 0.34290
vt 0.88807 0.38128
vt 0.88012 0.35875
vt 0.26772 0.62523
vt 0.27529 0.62727
vt 0.25679 0.62960
vt 0.86299 0.37607
vt 0.88012 0.35875
vt 0.88807 0.38128
vt 0.87187 0.34431
vt 0.86299 0.37607
vt 0.84376 0.35447
vt 0.87187 0.34431
vt 0.89389 0.32274
vt 0.88012 0.35875
vt 0.24023 0.63539
vt 0.23085 0.64869
vt 0.22083 0.64078
vt 0.24667 0.63498
vt 0.24959 0.65165
vt 0.23085 0.64869
vt 0.23085 0.64869
vt 0.24023 0.63539
vt 0.24667 0.63498
vt 0.91408 0.34646
vt 0.92348 0.33267
vt 0.94081 0.35444
vt 0.94081 0.35444
vt 0.93699 0.36125
vt 0.91408 0.34646
vt 0.25979 0.64246
vt 0.24667 0.63498
vt 0.25679 0.62960
vt 0.87779 0.31453
vt 0.88434 0.30691
vt 0.89389 0.32274
vt 0.88434 0.30691
vt 0.91470 0.29898
vt 0.89389 0.32274
vt 0.91470 0.29898
vt 0.88434 0.30691
vt 0.89771 0.28928
vt 0.91470 0.29898
vt 0.93031 0.31623
vt 0.92348 0.33267
vt 0.91470 0.29898
vt 0.92348 0.33267
vt 0.89389 0.32274
vt 0.24667 0.63498
vt 0.25979 0.64246
vt 0.24959 0.65165
vt 0.87056 0.32193
vt 0.89389 0.32274
vt 0.87187 0.34431
vt 0.89389 0.32274
vt 0.87056 0.32193
vt 0.87779 0.31453
vt 0.91408 0.34646
vt 0.90231 0.34290
vt 0.92348 0.33267
vt 0.92348 0.33267
vt 0.90231 0.34290
vt 0.89389 0.32274
vt 0.92348 0.33267
vt 0.93678 0.32767
vt 0.94288 0.34039
vt 0.93678 0.32767
vt 0.92348 0.33267
vt 0.93031 0.31623
vt 0.27529 0.62727
vt 0.25979 0.64246
vt 0.25679 0.62960
vt 0.90678 0.37467
vt 0.91408 0.34646
vt 0.93699 0.36125
vt 0.86305 0.66178
vt 0.83460 0.66926
vt 0.84250 0.65537
vt 0.85788 0.74692
vt 0.83613 0.70897
vt 0.86202 0.70780
vt 0.84436 0.69612
vt 0.86202 0.70780
vt 0.83613 0.70897
vt 0.86202 0.70780
vt 0.84436 0.69612
vt 0.84700 0.68724
vt 0.91538 0.66222
vt 0.91521 0.67286
vt 0.89514 0.65958
vt 0.90127 0.71932
vt 0.88233 0.72170
vt 0.87596 0.69956
vt 0.87596 0.69956
vt 0.84700 0.68724
vt 0.85883 0.67626
vt 0.87596 0.69956
vt 0.85883 0.67626
vt 0.88018 0.68577
vt 0.85883 0.67626
vt 0.86305 0.66178
vt 0.88905 0.67455
vt 0.88233 0.72170
vt 0.90127 0.71932
vt 0.90126 0.74823
vt 0.90068 0.70627
vt 0.90363 0.69050
vt 0.91601 0.70651
vt 0.90068 0.70627
vt 0.88018 0.68577
vt 0.90363 0.69050
vt 0.88905 0.67455
vt 0.90389 0.67522
vt 0.90363 0.69050
vt 0.87596 0.69956
vt 0.88018 0.68577
vt 0.90068 0.70627
vt 0.88018 0.68577
vt 0.88905 0.67455
vt 0.90363 0.69050
vt 0.85883 0.67626
vt 0.83460 0.66926
vt 0.86305 0.66178
vt 0.84700 0.68724
vt 0.87596 0.69956
vt 0.86202 0.70780
vt 0.88233 0.72170
vt 0.86202 0.70780
vt 0.87596 0.69956
vt 0.90389 0.67522
vt 0.91521 0.67286
vt 0.90363 0.69050
vt 0.93464 0.30275
vt 0.93696 0.31581
vt 0.93031 0.31623
vt 0.91521 0.67286
vt 0.91664 0.68324
vt 0.90363 0.69050
vt 0.90068 0.70627
vt 0.90127 0.71932
vt 0.87596 0.69956
vt 0.91718 0.69349
vt 0.91601 0.70651
vt 0.90363 0.69050
vt 0.91664 0.68324
vt 0.91718 0.69349
vt 0.90363 0.69050
vt 0.93696 0.31581
vt 0.93678 0.32767
vt 0.93031 0.31623
vt 0.86305 0.66178
vt 0.84250 0.65537
vt 0.85458 0.64316
vt 0.88905 0.67455
vt 0.88018 0.68577
vt 0.85883 0.67626
vt 0.86305 0.66178
vt 0.87897 0.65090
vt 0.88905 0.67455
vt 0.90318 0.65040
vt 0.91538 0.66222
vt 0.89514 0.65958
vt 0.90389 0.67522
vt 0.89514 0.65958
vt 0.91521 0.67286
vt 0.91633 0.72253
vt 0.90068 0.70627
vt 0.91601 0.70651
vt 0.16115 0.70369
vt 0.19638 0.69135
vt 0.17354 0.72760
vt 0.94203 0.28676
vt 0.94033 0.29467
vt 0.93060 0.27590
vt 0.91393 0.27732
vt 0.92165 0.27537
vt 0.91470 0.29898
vt 0.91393 0.27732
vt 0.89771 0.28928
vt 0.90879 0.27555
vt 0.91470 0.29898
vt 0.89771 0.28928
vt 0.91393 0.27732
vt 0.91470 0.29898
vt 0.92165 0.27537
vt 0.94033 0.29467
vt 0.91470 0.29898
vt 0.94033 0.29467
vt 0.93464 0.30275
vt 0.19540 0.65707
vt 0.19337 0.64465
vt 0.20580 0.64663
vt 0.20580 0.64663
vt 0.21636 0.65164
vt 0.19540 0.65707
vt 0.20580 0.64663
vt 0.22083 0.64078
vt 0.21636 0.65164
vt 0.18945 0.64644
vt 0.18540 0.66075
vt 0.17965 0.64215
vt 0.16942 0.65307
vt 0.17293 0.64096
vt 0.17965 0.64215
vt 0.18540 0.66075
vt 0.18903 0.68275
vt 0.16115 0.70369
vt 0.14855 0.67093
vt 0.18540 0.66075
vt 0.16115 0.70369
vt 0.90127 0.71932
vt 0.91633 0.72253
vt 0.90126 0.74823
vt 0.94033 0.29467
vt 0.92165 0.27537
vt 0.93060 0.27590
vt 0.90068 0.70627
vt 0.91633 0.72253
vt 0.90127 0.71932
vt 0.19638 0.69135
vt 0.18903 0.68275
vt 0.21068 0.67084
vt 0.91939 0.74206
vt 0.91577 0.76542
vt 0.90126 0.74823
vt 0.22083 0.64078
vt 0.23085 0.64869
vt 0.21636 0.65164
vt 0.23545 0.67672
vt 0.21068 0.67084
vt 0.23085 0.64869
vt 0.19540 0.65707
vt 0.18945 0.64644
vt 0.19337 0.64465
vt 0.23085 0.64869
vt 0.21068 0.67084
vt 0.21636 0.65164
vt 0.19638 0.69135
vt 0.16115 0.70369
vt 0.18903 0.68275
vt 0.19540 0.65707
vt 0.21068 0.67084
vt 0.18903 0.68275
vt 0.93060 0.27590
vt 0.93990 0.27313
vt 0.94203 0.28676
vt 0.19540 0.65707
vt 0.18903 0.68275
vt 0.18540 0.66075
vt 0.91939 0.74206
vt 0.90126 0.74823
vt 0.91633 0.72253
vt 0.93464 0.30275
vt 0.93031 0.31623
vt 0.91470 0.29898
vt 0.21068 0.67084
vt 0.19540 0.65707
vt 0.21636 0.65164
vt 0.19540 0.65707
vt 0.18540 0.66075
vt 0.18945 0.64644
vt 0.16942 0.65307
vt 0.17965 0.64215
vt 0.18540 0.66075
vt 0.23545 0.67672
vt 0.23085 0.64869
vt 0.24959 0.65165
vt 0.17354 0.72760
vt 0.19638 0.69135
vt 0.20659 0.70781
vt 0.39078 0.84117
vt 0.40705 0.84858
vt 0.38163 0.84690
vt 0.83460 0.66926
vt 0.81759 0.66809
vt 0.84250 0.65537
vt 0.39078 0.84117
vt 0.40293 0.82250
vt 0.40705 0.84858
vt 0.37836 0.82704
vt 0.40293 0.82250
vt 0.39078 0.84117
vt 0.40274 0.80513
vt 0.40293 0.82250
vt 0.37836 0.82704
vt 0.80206 0.66320
vt 0.81759 0.66809
vt 0.80849 0.69133
vt 0.41133 0.86761
vt 0.45571 0.89736
vt 0.39629 0.90276
vt 0.80849 0.69133
vt 0.78181 0.68556
vt 0.80206 0.66320
vt 0.81704 0.64732
vt 0.81759 0.66809
vt 0.80206 0.66320
vt 0.80849 0.69133
vt 0.81759 0.66809
vt 0.82342 0.67450
vt 0.74512 0.67105
vt 0.75749 0.64434
vt 0.78181 0.68556
vt 0.41303 0.83508
vt 0.42658 0.84930
vt 0.40705 0.84858
vt 0.81704 0.64732
vt 0.79671 0.64331
vt 0.82038 0.63166
vt 0.81704 0.64732
vt 0.82038 0.63166
vt 0.82887 0.63661
vt 0.79671 0.64331
vt 0.81178 0.61910
vt 0.82038 0.63166
vt 0.44528 0.85389
vt 0.47518 0.87273
vt 0.45571 0.89736
vt 0.75749 0.64434
vt 0.74512 0.67105
vt 0.73096 0.65928
vt 0.41133 0.86761
vt 0.42658 0.84930
vt 0.45571 0.89736
vt 0.40705 0.84858
vt 0.42658 0.84930
vt 0.41133 0.86761
vt 0.85458 0.64316
vt 0.84153 0.63275
vt 0.86148 0.63189
vt 0.78181 0.68556
vt 0.80849 0.69133
vt 0.78849 0.70680
vt 0.42658 0.84930
vt 0.44528 0.85389
vt 0.45571 0.89736
vt 0.84250 0.65537
vt 0.81759 0.66809
vt 0.81704 0.64732
vt 0.81704 0.64732
vt 0.82887 0.63661
vt 0.84250 0.65537
vt 0.84250 0.65537
vt 0.82887 0.63661
vt 0.84153 0.63275
vt 0.84250 0.65537
vt 0.84153 0.63275
vt 0.85458 0.64316
vt 0.38163 0.84690
vt 0.40705 0.84858
vt 0.41133 0.86761
vt 0.40274 0.80513
vt 0.37836 0.82704
vt 0.39933 0.79768
vt 0.75749 0.64434
vt 0.77587 0.62860
vt 0.77724 0.65796
vt 0.77724 0.65796
vt 0.79671 0.64331
vt 0.78181 0.68556
vt 0.78181 0.68556
vt 0.79671 0.64331
vt 0.80206 0.66320
vt 0.81704 0.64732
vt 0.80206 0.66320
vt 0.79671 0.64331
vt 0.75749 0.64434
vt 0.77724 0.65796
vt 0.78181 0.68556
vt 0.77587 0.62860
vt 0.79671 0.64331
vt 0.77724 0.65796
vt 0.79671 0.64331
vt 0.77587 0.62860
vt 0.79506 0.62352
vt 0.40293 0.82250
vt 0.41303 0.83508
vt 0.40705 0.84858
vt 0.81178 0.61910
vt 0.79671 0.64331
vt 0.79506 0.62352
vt 0.83510 0.62148
vt 0.82887 0.63661
vt 0.82038 0.63166
vt 0.84153 0.63275
vt 0.82887 0.63661
vt 0.83510 0.62148
vt 0.84601 0.62150
vt 0.84153 0.63275
vt 0.83510 0.62148
vt 0.24369 0.58034
vt 0.21970 0.56926
vt 0.24261 0.54830
vt 0.80849 0.69133
vt 0.79959 0.71655
vt 0.78849 0.70680
vt 0.81759 0.66809
vt 0.83460 0.66926
vt 0.82342 0.67450
vt 0.39785 0.78469
vt 0.39933 0.79768
vt 0.38305 0.80216
vt 0.34217 0.83382
vt 0.33986 0.81052
vt 0.37177 0.82048
vt 0.37177 0.82048
vt 0.38305 0.80216
vt 0.37836 0.82704
vt 0.39785 0.78469
vt 0.38305 0.80216
vt 0.36331 0.77805
vt 0.36331 0.77805
vt 0.37177 0.82048
vt 0.33986 0.81052
vt 0.36331 0.77805
vt 0.38305 0.80216
vt 0.37177 0.82048
vt 0.38305 0.80216
vt 0.39933 0.79768
vt 0.37836 0.82704
vt 0.84700 0.68724
vt 0.83013 0.68244
vt 0.83460 0.66926
vt 0.84700 0.68724
vt 0.84436 0.69612
vt 0.83013 0.68244
vt 0.83460 0.66926
vt 0.85883 0.67626
vt 0.84700 0.68724
vt 0.82342 0.67450
vt 0.83013 0.68244
vt 0.80849 0.69133
vt 0.82342 0.67450
vt 0.83460 0.66926
vt 0.83013 0.68244
vt 0.82022 0.70659
vt 0.80849 0.69133
vt 0.83013 0.68244
vt 0.84436 0.69612
vt 0.83613 0.70897
vt 0.83013 0.68244
vt 0.83613 0.70897
vt 0.82022 0.70659
vt 0.83013 0.68244
vt 0.36607 0.89391
vt 0.37694 0.86301
vt 0.39629 0.90276
vt 0.82047 0.92157
vt 0.80574 0.92453
vt 0.80326 0.90150
vt 0.38163 0.84690
vt 0.37836 0.82704
vt 0.39078 0.84117
vt 0.18486 0.90050
vt 0.19635 0.89971
vt 0.18071 0.90468
vt 0.38163 0.84690
vt 0.35497 0.83994
vt 0.37836 0.82704
vt 0.35497 0.83994
vt 0.37177 0.82048
vt 0.37836 0.82704
vt 0.24135 0.83712
vt 0.24415 0.85257
vt 0.22749 0.85160
vt 0.81933 0.88132
vt 0.80326 0.90150
vt 0.80174 0.88538
vt 0.24415 0.85257
vt 0.23343 0.86571
vt 0.22749 0.85160
vt 0.36607 0.89391
vt 0.35538 0.87786
vt 0.37694 0.86301
vt 0.78532 0.90043
vt 0.80326 0.90150
vt 0.77637 0.91356
vt 0.24135 0.83712
vt 0.22749 0.85160
vt 0.21375 0.82863
vt 0.35538 0.87786
vt 0.36607 0.89391
vt 0.34250 0.91602
vt 0.80326 0.90150
vt 0.81933 0.88132
vt 0.82436 0.89382
vt 0.37694 0.86301
vt 0.38163 0.84690
vt 0.41133 0.86761
vt 0.37694 0.86301
vt 0.41133 0.86761
vt 0.39629 0.90276
vt 0.82672 0.46813
vt 0.83095 0.45605
vt 0.83971 0.47776
vt 0.83095 0.45605
vt 0.85690 0.45057
vt 0.83971 0.47776
vt 0.88346 0.46835
vt 0.86374 0.48654
vt 0.87503 0.45749
vt 0.89403 0.45235
vt 0.92179 0.45411
vt 0.90107 0.45934
vt 0.88296 0.50338
vt 0.86374 0.48654
vt 0.88346 0.46835
vt 0.85690 0.45057
vt 0.84193 0.44247
vt 0.86287 0.41712
vt 0.83095 0.45605
vt 0.84193 0.44247
vt 0.85690 0.45057
vt 0.87503 0.45749
vt 0.85690 0.45057
vt 0.90062 0.42621
vt 0.85690 0.45057
vt 0.86287 0.41712
vt 0.90062 0.42621
vt 0.90107 0.45934
vt 0.92179 0.45411
vt 0.91857 0.47257
vt 0.85690 0.45057
vt 0.87503 0.45749
vt 0.85356 0.47897
vt 0.89403 0.45235
vt 0.87503 0.45749
vt 0.90062 0.42621
vt 0.87503 0.45749
vt 0.89403 0.45235
vt 0.88346 0.46835
vt 0.89800 0.50198
vt 0.88296 0.50338
vt 0.88346 0.46835
vt 0.87503 0.45749
vt 0.86374 0.48654
vt 0.85356 0.47897
vt 0.88346 0.46835
vt 0.89403 0.45235
vt 0.90107 0.45934
vt 0.83971 0.47776
vt 0.85690 0.45057
vt 0.85356 0.47897
vt 0.89800 0.50198
vt 0.88346 0.46835
vt 0.90107 0.45934
vt 0.91857 0.47257
vt 0.89800 0.50198
vt 0.90107 0.45934
vt 0.31869 0.76933
vt 0.33986 0.81052
vt 0.28328 0.78725
vt 0.31869 0.76933
vt 0.28328 0.78725
vt 0.29973 0.76508
vt 0.90062 0.42621
vt 0.92179 0.45411
vt 0.89403 0.45235
vt 0.90062 0.42621
vt 0.92314 0.42693
vt 0.92179 0.45411
vt 0.29973 0.76508
vt 0.28328 0.78725
vt 0.27254 0.77879
vt 0.90062 0.42621
vt 0.88342 0.40667
vt 0.88807 0.38128
vt 0.88807 0.38128
vt 0.91061 0.40101
vt 0.90062 0.42621
vt 0.29973 0.76508
vt 0.31758 0.75781
vt 0.31869 0.76933
vt 0.90062 0.42621
vt 0.86287 0.41712
vt 0.88342 0.40667
vt 0.92667 0.40833
vt 0.90062 0.42621
vt 0.91061 0.40101
vt 0.92667 0.40833
vt 0.92314 0.42693
vt 0.90062 0.42621
vt 0.25226 0.81640
vt 0.25201 0.80297
vt 0.25709 0.80656
vt 0.92806 0.47678
vt 0.91857 0.47257
vt 0.92179 0.45411
vt 0.92361 0.49108
vt 0.91857 0.47257
vt 0.92787 0.48092
vt 0.92787 0.48092
vt 0.91857 0.47257
vt 0.92806 0.47678
vt 0.27816 0.81552
vt 0.26511 0.84001
vt 0.25226 0.81640
vt 0.89800 0.50198
vt 0.91857 0.47257
vt 0.92097 0.50494
vt 0.92097 0.50494
vt 0.91857 0.47257
vt 0.92361 0.49108
vt 0.24714 0.82281
vt 0.23307 0.81264
vt 0.24165 0.79821
vt 0.24714 0.82281
vt 0.24165 0.79821
vt 0.25226 0.81640
vt 0.25226 0.81640
vt 0.24165 0.79821
vt 0.25201 0.80297
vt 0.27816 0.81552
vt 0.25226 0.81640
vt 0.25709 0.80656
vt 0.34250 0.91602
vt 0.32214 0.88324
vt 0.35538 0.87786
vt 0.25833 0.89800
vt 0.25695 0.85666
vt 0.28024 0.85511
vt 0.28328 0.78725
vt 0.27816 0.81552
vt 0.25709 0.80656
vt 0.27254 0.77879
vt 0.28328 0.78725
vt 0.25709 0.80656
vt 0.92417 0.51575
vt 0.89800 0.50198
vt 0.92097 0.50494
vt 0.30644 0.89959
vt 0.29342 0.88759
vt 0.32214 0.88324
vt 0.34888 0.85983
vt 0.35497 0.83994
vt 0.38163 0.84690
vt 0.84608 0.91212
vt 0.84001 0.94738
vt 0.83101 0.91386
vt 0.18071 0.90468
vt 0.19635 0.89971
vt 0.18259 0.92136
vt 0.86287 0.41712
vt 0.85643 0.41014
vt 0.86728 0.40792
vt 0.88342 0.40667
vt 0.86287 0.41712
vt 0.86728 0.40792
vt 0.88807 0.38128
vt 0.88342 0.40667
vt 0.86728 0.40792
vt 0.88807 0.38128
vt 0.90678 0.37467
vt 0.91061 0.40101
vt 0.83070 0.39626
vt 0.83743 0.37862
vt 0.85643 0.41014
vt 0.85643 0.41014
vt 0.83743 0.37862
vt 0.86299 0.37607
vt 0.86728 0.40792
vt 0.85643 0.41014
vt 0.86299 0.37607
vt 0.83095 0.45605
vt 0.82380 0.44736
vt 0.82933 0.42500
vt 0.83095 0.45605
vt 0.82933 0.42500
vt 0.84193 0.44247
vt 0.82933 0.42500
vt 0.85643 0.41014
vt 0.84193 0.44247
vt 0.84193 0.44247
vt 0.85643 0.41014
vt 0.86287 0.41712
vt 0.83070 0.39626
vt 0.85643 0.41014
vt 0.82933 0.42500
vt 0.88807 0.38128
vt 0.86728 0.40792
vt 0.86299 0.37607
vt 0.83743 0.37862
vt 0.84376 0.35447
vt 0.86299 0.37607
vt 0.65689 0.13838
vt 0.66664 0.13420
vt 0.66338 0.15026
vt 0.66338 0.15026
vt 0.66664 0.13420
vt 0.67264 0.15431
vt 0.68438 0.15486
vt 0.70432 0.15474
vt 0.69885 0.17492
vt 0.83971 0.47776
vt 0.82294 0.49192
vt 0.82672 0.46813
vt 0.85356 0.47897
vt 0.86374 0.48654
vt 0.84573 0.49165
vt 0.84573 0.49165
vt 0.83971 0.47776
vt 0.85356 0.47897
vt 0.88296 0.50338
vt 0.87354 0.54047
vt 0.83406 0.51093
vt 0.86374 0.48654
vt 0.83406 0.51093
vt 0.84573 0.49165
vt 0.83406 0.51093
vt 0.86374 0.48654
vt 0.88296 0.50338
vt 0.67264 0.15431
vt 0.66664 0.13420
vt 0.68438 0.15486
vt 0.83406 0.51093
vt 0.82074 0.50951
vt 0.82635 0.49920
vt 0.82635 0.49920
vt 0.82294 0.49192
vt 0.83971 0.47776
vt 0.84573 0.49165
vt 0.83406 0.51093
vt 0.82635 0.49920
vt 0.82635 0.49920
vt 0.83971 0.47776
vt 0.84573 0.49165
vt 0.71018 0.18632
vt 0.70432 0.15474
vt 0.71835 0.18049
vt 0.69885 0.17492
vt 0.70432 0.15474
vt 0.71018 0.18632
vt 0.68438 0.15486
vt 0.68946 0.14051
vt 0.70432 0.15474
vt 0.87354 0.54047
vt 0.85358 0.54840
vt 0.83406 0.51093
vt 0.89855 0.53528
vt 0.89277 0.56735
vt 0.88188 0.56108
vt 0.92417 0.51575
vt 0.89855 0.53528
vt 0.89800 0.50198
vt 0.77637 0.91356
vt 0.79164 0.93116
vt 0.77015 0.93370
vt 0.89800 0.50198
vt 0.89855 0.53528
vt 0.88296 0.50338
vt 0.89855 0.53528
vt 0.88188 0.56108
vt 0.87354 0.54047
vt 0.87354 0.54047
vt 0.88296 0.50338
vt 0.89855 0.53528
vt 0.56654 0.86447
vt 0.56717 0.87444
vt 0.55310 0.87865
vt 0.56185 0.86305
vt 0.56654 0.86447
vt 0.55310 0.87865
vt 0.85559 0.55513
vt 0.85358 0.54840
vt 0.87354 0.54047
vt 0.18259 0.92136
vt 0.19635 0.89971
vt 0.21791 0.91583
vt 0.58952 0.86897
vt 0.56717 0.87444
vt 0.57345 0.86717
vt 0.85843 0.56225
vt 0.88260 0.56889
vt 0.85990 0.56862
vt 0.88260 0.56889
vt 0.86912 0.58209
vt 0.85990 0.56862
vt 0.92417 0.51575
vt 0.91799 0.53391
vt 0.89855 0.53528
vt 0.88188 0.56108
vt 0.88260 0.56889
vt 0.85843 0.56225
vt 0.88188 0.56108
vt 0.85843 0.56225
vt 0.85559 0.55513
vt 0.88188 0.56108
vt 0.85559 0.55513
vt 0.87354 0.54047
vt 0.56654 0.86447
vt 0.57345 0.86717
vt 0.56717 0.87444
vt 0.57196 0.89076
vt 0.56717 0.87444
vt 0.58952 0.86897
vt 0.56717 0.87444
vt 0.55732 0.89579
vt 0.55310 0.87865
vt 0.56717 0.87444
vt 0.57196 0.89076
vt 0.55732 0.89579
vt 0.64505 0.11723
vt 0.64541 0.11066
vt 0.66273 0.11690
vt 0.66273 0.11690
vt 0.66664 0.13420
vt 0.64505 0.11723
vt 0.64541 0.11066
vt 0.64796 0.10482
vt 0.66273 0.11690
vt 0.22477 0.77751
vt 0.21186 0.78887
vt 0.21623 0.78170
vt 0.21186 0.78887
vt 0.22477 0.77751
vt 0.22359 0.78615
vt 0.65689 0.13838
vt 0.64978 0.14520
vt 0.64747 0.13279
vt 0.83374 0.54141
vt 0.83406 0.51093
vt 0.85358 0.54840
vt 0.84670 0.55212
vt 0.83374 0.54141
vt 0.85358 0.54840
vt 0.65689 0.13838
vt 0.64920 0.12652
vt 0.66664 0.13420
vt 0.22359 0.78615
vt 0.22477 0.77751
vt 0.22920 0.77759
vt 0.64505 0.11723
vt 0.66664 0.13420
vt 0.64920 0.12652
vt 0.51926 0.86874
vt 0.51749 0.88780
vt 0.51172 0.87504
vt 0.51749 0.88780
vt 0.55310 0.87865
vt 0.53266 0.91093
vt 0.51926 0.86874
vt 0.53599 0.86288
vt 0.55420 0.86399
vt 0.55420 0.86399
vt 0.55310 0.87865
vt 0.51926 0.86874
vt 0.51749 0.88780
vt 0.51926 0.86874
vt 0.55310 0.87865
vt 0.81672 0.52147
vt 0.83406 0.51093
vt 0.82077 0.53086
vt 0.66338 0.15026
vt 0.64978 0.14520
vt 0.65689 0.13838
vt 0.81672 0.52147
vt 0.82074 0.50951
vt 0.83406 0.51093
vt 0.64920 0.12652
vt 0.65689 0.13838
vt 0.64747 0.13279
vt 0.50785 0.86949
vt 0.51926 0.86874
vt 0.51172 0.87504
vt 0.64920 0.12652
vt 0.64747 0.13279
vt 0.64479 0.12893
vt 0.85559 0.55513
vt 0.84670 0.55212
vt 0.85358 0.54840
vt 0.56185 0.86305
vt 0.55310 0.87865
vt 0.55420 0.86399
vt 0.81672 0.52147
vt 0.82077 0.53086
vt 0.80908 0.52692
vt 0.83374 0.54141
vt 0.82077 0.53086
vt 0.83406 0.51093
vt 0.67388 0.12406
vt 0.68946 0.14051
vt 0.66664 0.13420
vt 0.67388 0.12406
vt 0.66664 0.13420
vt 0.66273 0.11690
vt 0.21186 0.78887
vt 0.22359 0.78615
vt 0.21527 0.79574
vt 0.29342 0.88759
vt 0.25833 0.89800
vt 0.28024 0.85511
vt 0.90639 0.55666
vt 0.89855 0.53528
vt 0.91799 0.53391
vt 0.27409 0.90558
vt 0.25833 0.89800
vt 0.29342 0.88759
vt 0.89277 0.56735
vt 0.89093 0.58480
vt 0.88260 0.56889
vt 0.86912 0.58209
vt 0.88411 0.59436
vt 0.87310 0.60280
vt 0.88411 0.59436
vt 0.86912 0.58209
vt 0.88260 0.56889
vt 0.89939 0.57388
vt 0.89093 0.58480
vt 0.89277 0.56735
vt 0.82868 0.95992
vt 0.84001 0.94738
vt 0.84012 0.95685
vt 0.88260 0.56889
vt 0.89093 0.58480
vt 0.88411 0.59436
vt 0.88260 0.56889
vt 0.88188 0.56108
vt 0.89277 0.56735
vt 0.82047 0.92157
vt 0.83101 0.91386
vt 0.84001 0.94738
vt 0.88411 0.59436
vt 0.88615 0.60097
vt 0.88051 0.60328
vt 0.19635 0.89971
vt 0.21622 0.89630
vt 0.21791 0.91583
vt 0.21791 0.91583
vt 0.23933 0.93414
vt 0.21658 0.93961
vt 0.23643 0.90342
vt 0.23685 0.88373
vt 0.25833 0.89800
vt 0.80497 0.87488
vt 0.81740 0.86805
vt 0.81933 0.88132
vt 0.81933 0.88132
vt 0.81740 0.86805
vt 0.83655 0.88243
vt 0.30379 0.94412
vt 0.29239 0.93814
vt 0.29933 0.93462
vt 0.09228 0.09711
vt 0.06314 0.08694
vt 0.09777 0.06566
vt 0.83584 0.85589
vt 0.81740 0.86805
vt 0.81628 0.86067
vt 0.18259 0.92136
vt 0.18955 0.93885
vt 0.16375 0.93436
vt 0.18955 0.93885
vt 0.17386 0.94226
vt 0.16375 0.93436
vt 0.16766 0.92837
vt 0.18259 0.92136
vt 0.16375 0.93436
vt 0.16766 0.92837
vt 0.17470 0.92081
vt 0.18259 0.92136
vt 0.79214 0.96341
vt 0.81559 0.93781
vt 0.81100 0.95876
vt 0.34217 0.83382
vt 0.31457 0.85997
vt 0.30507 0.84126
vt 0.24135 0.83712
vt 0.24940 0.83515
vt 0.25406 0.84398
vt 0.24714 0.82281
vt 0.24135 0.83712
vt 0.21375 0.82863
vt 0.26511 0.84001
vt 0.25406 0.84398
vt 0.24940 0.83515
vt 0.80574 0.92453
vt 0.79164 0.93116
vt 0.80326 0.90150
vt 0.25228 0.98484
vt 0.27624 0.96096
vt 0.26813 0.98357
vt 0.23343 0.86571
vt 0.23685 0.88373
vt 0.21428 0.88071
vt 0.30507 0.84126
vt 0.28024 0.85511
vt 0.26511 0.84001
vt 0.15495 0.11089
vt 0.14143 0.12002
vt 0.14743 0.10853
vt 0.23685 0.88373
vt 0.21622 0.89630
vt 0.21428 0.88071
vt 0.32214 0.88324
vt 0.31457 0.85997
vt 0.35538 0.87786
vt 0.79214 0.96341
vt 0.76100 0.94667
vt 0.79164 0.93116
vt 0.23933 0.93414
vt 0.21791 0.91583
vt 0.24548 0.91533
vt 0.83655 0.88243
vt 0.81740 0.86805
vt 0.84719 0.87025
vt 0.82436 0.89382
vt 0.81933 0.88132
vt 0.83655 0.88243
vt 0.80174 0.88538
vt 0.80326 0.90150
vt 0.79727 0.89077
vt 0.83101 0.91386
vt 0.82047 0.92157
vt 0.82436 0.89382
vt 0.30644 0.89959
vt 0.32214 0.88324
vt 0.34250 0.91602
vt 0.73854 0.96161
vt 0.76100 0.94667
vt 0.74795 0.96788
vt 0.17470 0.92081
vt 0.18215 0.91261
vt 0.18259 0.92136
vt 0.24940 0.83515
vt 0.25226 0.81640
vt 0.26511 0.84001
vt 0.81100 0.95876
vt 0.82047 0.92157
vt 0.84001 0.94738
vt 0.23643 0.90342
vt 0.24548 0.91533
vt 0.21791 0.91583
vt 0.23643 0.90342
vt 0.21791 0.91583
vt 0.21622 0.89630
vt 0.24940 0.83515
vt 0.24714 0.82281
vt 0.25226 0.81640
vt 0.24415 0.85257
vt 0.25695 0.85666
vt 0.23343 0.86571
vt 0.82047 0.92157
vt 0.80326 0.90150
vt 0.82436 0.89382
vt 0.34888 0.85983
vt 0.38163 0.84690
vt 0.37694 0.86301
vt 0.23685 0.88373
vt 0.23343 0.86571
vt 0.25695 0.85666
vt 0.23685 0.88373
vt 0.25695 0.85666
vt 0.25833 0.89800
vt 0.81559 0.93781
vt 0.79214 0.96341
vt 0.79164 0.93116
vt 0.21622 0.89630
vt 0.23685 0.88373
vt 0.23643 0.90342
vt 0.24714 0.82281
vt 0.24940 0.83515
vt 0.24135 0.83712
vt 0.83101 0.91386
vt 0.82436 0.89382
vt 0.84608 0.91212
vt 0.81559 0.93781
vt 0.82047 0.92157
vt 0.81100 0.95876
vt 0.73948 0.97140
vt 0.73854 0.96161
vt 0.74795 0.96788
vt 0.21428 0.88071
vt 0.21622 0.89630
vt 0.19635 0.89971
vt 0.80326 0.90150
vt 0.79164 0.93116
vt 0.77637 0.91356
vt 0.18955 0.93885
vt 0.21791 0.91583
vt 0.21658 0.93961
vt 0.30644 0.89959
vt 0.30003 0.91441
vt 0.27409 0.90558
vt 0.18955 0.93885
vt 0.18259 0.92136
vt 0.21791 0.91583
vt 0.30507 0.84126
vt 0.26511 0.84001
vt 0.27816 0.81552
vt 0.34217 0.83382
vt 0.35497 0.83994
vt 0.34888 0.85983
vt 0.32214 0.88324
vt 0.29342 0.88759
vt 0.31457 0.85997
vt 0.25885 0.92189
vt 0.27246 0.92222
vt 0.23933 0.93414
vt 0.27409 0.90558
vt 0.27246 0.92222
vt 0.25885 0.92189
vt 0.25695 0.85666
vt 0.24415 0.85257
vt 0.25406 0.84398
vt 0.37694 0.86301
vt 0.35538 0.87786
vt 0.34888 0.85983
vt 0.24548 0.91533
vt 0.23643 0.90342
vt 0.25833 0.89800
vt 0.76279 0.97254
vt 0.76100 0.94667
vt 0.79214 0.96341
vt 0.24714 0.82281
vt 0.21375 0.82863
vt 0.22086 0.82098
vt 0.22241 0.80970
vt 0.23307 0.81264
vt 0.22086 0.82098
vt 0.24714 0.82281
vt 0.22086 0.82098
vt 0.23307 0.81264
vt 0.31457 0.85997
vt 0.29342 0.88759
vt 0.28024 0.85511
vt 0.28024 0.85511
vt 0.30507 0.84126
vt 0.31457 0.85997
vt 0.82047 0.92157
vt 0.81559 0.93781
vt 0.80574 0.92453
vt 0.27816 0.81552
vt 0.28328 0.78725
vt 0.33986 0.81052
vt 0.24135 0.83712
vt 0.25406 0.84398
vt 0.24415 0.85257
vt 0.76279 0.97254
vt 0.74795 0.96788
vt 0.76100 0.94667
vt 0.24548 0.91533
vt 0.25885 0.92189
vt 0.23933 0.93414
vt 0.34250 0.91602
vt 0.30003 0.91441
vt 0.30644 0.89959
vt 0.27816 0.81552
vt 0.33986 0.81052
vt 0.30507 0.84126
vt 0.28024 0.85511
vt 0.25406 0.84398
vt 0.26511 0.84001
vt 0.27246 0.92222
vt 0.27409 0.90558
vt 0.30003 0.91441
vt 0.81559 0.93781
vt 0.79164 0.93116
vt 0.80574 0.92453
vt 0.89277 0.56735
vt 0.89855 0.53528
vt 0.90639 0.55666
vt 0.81933 0.88132
vt 0.80174 0.88538
vt 0.80497 0.87488
vt 0.34217 0.83382
vt 0.37177 0.82048
vt 0.35497 0.83994
vt 0.34888 0.85983
vt 0.35538 0.87786
vt 0.31457 0.85997
vt 0.76100 0.94667
vt 0.77015 0.93370
vt 0.79164 0.93116
vt 0.31457 0.85997
vt 0.34217 0.83382
vt 0.34888 0.85983
vt 0.25885 0.92189
vt 0.25833 0.89800
vt 0.27409 0.90558
vt 0.24548 0.91533
vt 0.25833 0.89800
vt 0.25885 0.92189
vt 0.25695 0.85666
vt 0.25406 0.84398
vt 0.28024 0.85511
vt 0.73916 0.98197
vt 0.74795 0.96788
vt 0.76279 0.97254
vt 0.73916 0.98197
vt 0.73948 0.97140
vt 0.74795 0.96788
vt 0.18215 0.91261
vt 0.18071 0.90468
vt 0.18259 0.92136
vt 0.30644 0.89959
vt 0.27409 0.90558
vt 0.29342 0.88759
vt 0.89277 0.56735
vt 0.90639 0.55666
vt 0.89939 0.57388
vt 0.84001 0.94738
vt 0.82868 0.95992
vt 0.81100 0.95876
vt 0.33986 0.81052
vt 0.34217 0.83382
vt 0.30507 0.84126
vt 0.99397 0.62059
vt 0.98716 0.59514
vt 0.99552 0.60600
vt 0.99397 0.62059
vt 0.96812 0.62647
vt 0.98716 0.59514
vt 0.96812 0.62647
vt 0.99397 0.62059
vt 0.98459 0.65801
vt 0.96549 0.65913
vt 0.94843 0.64114
vt 0.96926 0.64199
vt 0.94843 0.64114
vt 0.93299 0.65681
vt 0.91580 0.63242
vt 0.98459 0.65801
vt 0.96926 0.64199
vt 0.96812 0.62647
vt 0.73823 0.88899
vt 0.71548 0.87862
vt 0.74900 0.87228
vt 0.93420 0.66853
vt 0.93299 0.65681
vt 0.94843 0.64114
vt 0.94976 0.67999
vt 0.93420 0.66853
vt 0.94843 0.64114
vt 0.73823 0.88899
vt 0.74185 0.90368
vt 0.71021 0.90300
vt 0.70683 0.89790
vt 0.73823 0.88899
vt 0.71021 0.90300
vt 0.75300 0.89016
vt 0.74185 0.90368
vt 0.73823 0.88899
vt 0.93299 0.65681
vt 0.93420 0.66853
vt 0.91901 0.65348
vt 0.71021 0.90300
vt 0.74185 0.90368
vt 0.72456 0.91421
vt 0.70014 0.89043
vt 0.71548 0.87862
vt 0.70683 0.89790
vt 0.72456 0.91421
vt 0.72048 0.93327
vt 0.71347 0.91709
vt 0.68094 0.91839
vt 0.71347 0.91709
vt 0.72048 0.93327
vt 0.73823 0.88899
vt 0.70683 0.89790
vt 0.71548 0.87862
vt 0.96180 0.69746
vt 0.95295 0.69696
vt 0.94976 0.67999
vt 0.93934 0.68752
vt 0.94976 0.67999
vt 0.95295 0.69696
vt 0.68094 0.91839
vt 0.72048 0.93327
vt 0.71678 0.94230
vt 0.52103 0.96689
vt 0.51235 0.95214
vt 0.54246 0.95830
vt 0.96180 0.69746
vt 0.94976 0.67999
vt 0.96273 0.68451
vt 0.71347 0.91709
vt 0.71021 0.90300
vt 0.72456 0.91421
vt 0.96273 0.68451
vt 0.94976 0.67999
vt 0.94843 0.64114
vt 0.93934 0.68752
vt 0.93420 0.66853
vt 0.94976 0.67999
vt 0.71021 0.90300
vt 0.71347 0.91709
vt 0.68094 0.91839
vt 0.71548 0.87862
vt 0.71097 0.86845
vt 0.72283 0.86702
vt 0.68469 0.97175
vt 0.69026 0.96795
vt 0.68832 0.97033
vt 0.69026 0.96795
vt 0.68469 0.97175
vt 0.68094 0.91839
vt 0.66991 0.97409
vt 0.68094 0.91839
vt 0.68469 0.97175
vt 0.70165 0.96418
vt 0.68094 0.91839
vt 0.71678 0.94230
vt 0.71804 0.95920
vt 0.70165 0.96418
vt 0.71678 0.94230
vt 0.68094 0.91839
vt 0.70165 0.96418
vt 0.69026 0.96795
vt 0.98107 0.66692
vt 0.96549 0.65913
vt 0.96926 0.64199
vt 0.96926 0.64199
vt 0.98459 0.65801
vt 0.98107 0.66692
vt 0.28530 0.94523
vt 0.30379 0.94412
vt 0.31137 0.95891
vt 0.96180 0.69746
vt 0.96273 0.68451
vt 0.97647 0.69045
vt 0.98566 0.66176
vt 0.98107 0.66692
vt 0.98459 0.65801
vt 0.97647 0.69045
vt 0.96549 0.65913
vt 0.98107 0.66692
vt 0.94843 0.64114
vt 0.96549 0.65913
vt 0.96273 0.68451
vt 0.96549 0.65913
vt 0.97647 0.69045
vt 0.96273 0.68451
vt 0.13344 0.08818
vt 0.12418 0.06026
vt 0.14365 0.08462
vt 0.94640 0.61710
vt 0.96572 0.60017
vt 0.96812 0.62647
vt 0.98716 0.59514
vt 0.96812 0.62647
vt 0.96572 0.60017
vt 0.95792 0.57932
vt 0.96066 0.56408
vt 0.97291 0.57377
vt 0.97291 0.57377
vt 0.96572 0.60017
vt 0.95792 0.57932
vt 0.97291 0.57377
vt 0.96066 0.56408
vt 0.97686 0.55730
vt 0.97291 0.57377
vt 0.98716 0.59514
vt 0.96572 0.60017
vt 0.95313 0.59677
vt 0.94558 0.56727
vt 0.95792 0.57932
vt 0.95313 0.59677
vt 0.95792 0.57932
vt 0.96572 0.60017
vt 0.96926 0.64199
vt 0.94843 0.64114
vt 0.96812 0.62647
vt 0.96572 0.60017
vt 0.94640 0.61710
vt 0.95313 0.59677
vt 0.94640 0.61710
vt 0.96812 0.62647
vt 0.94843 0.64114
vt 0.94871 0.94489
vt 0.96265 0.96383
vt 0.95446 0.98004
vt 0.91561 0.59516
vt 0.90332 0.60652
vt 0.91030 0.58820
vt 0.94871 0.94489
vt 0.94786 0.92745
vt 0.96288 0.93216
vt 0.96288 0.93216
vt 0.94786 0.92745
vt 0.95574 0.91493
vt 0.94786 0.92745
vt 0.93528 0.91887
vt 0.95574 0.91493
vt 0.92566 0.56582
vt 0.95313 0.59677
vt 0.91561 0.59516
vt 0.96288 0.93216
vt 0.95574 0.91493
vt 0.96650 0.93045
vt 0.93310 0.96303
vt 0.92649 0.94650
vt 0.94871 0.94489
vt 0.94786 0.92745
vt 0.92649 0.94650
vt 0.93528 0.91887
vt 0.94871 0.94489
vt 0.92649 0.94650
vt 0.94786 0.92745
vt 0.91030 0.58820
vt 0.92566 0.56582
vt 0.91561 0.59516
vt 0.95446 0.98004
vt 0.94358 0.97718
vt 0.94871 0.94489
vt 0.96265 0.96383
vt 0.94871 0.94489
vt 0.96288 0.93216
vt 0.91030 0.58820
vt 0.91775 0.56552
vt 0.92566 0.56582
vt 0.96629 0.54045
vt 0.95007 0.55149
vt 0.96113 0.52234
vt 0.93565 0.55525
vt 0.94558 0.56727
vt 0.92566 0.56582
vt 0.95007 0.55149
vt 0.94558 0.56727
vt 0.93565 0.55525
vt 0.95007 0.55149
vt 0.93694 0.53837
vt 0.96113 0.52234
vt 0.96066 0.56408
vt 0.96629 0.54045
vt 0.97686 0.55730
vt 0.96066 0.56408
vt 0.95007 0.55149
vt 0.96629 0.54045
vt 0.96066 0.56408
vt 0.94558 0.56727
vt 0.95007 0.55149
vt 0.92566 0.56582
vt 0.94558 0.56727
vt 0.95313 0.59677
vt 0.94558 0.56727
vt 0.96066 0.56408
vt 0.95792 0.57932
vt 0.93565 0.55525
vt 0.93694 0.53837
vt 0.95007 0.55149
vt 0.91561 0.59516
vt 0.90515 0.61987
vt 0.90332 0.60652
vt 0.95313 0.59677
vt 0.94640 0.61710
vt 0.91561 0.59516
vt 0.94843 0.64114
vt 0.91580 0.63242
vt 0.94640 0.61710
vt 0.91561 0.59516
vt 0.94640 0.61710
vt 0.91580 0.63242
vt 0.91561 0.59516
vt 0.91580 0.63242
vt 0.90515 0.61987
vt 0.95574 0.91493
vt 0.96772 0.91314
vt 0.96976 0.92031
vt 0.92915 0.53341
vt 0.93694 0.53837
vt 0.92575 0.54353
vt 0.93694 0.53837
vt 0.93197 0.52453
vt 0.96113 0.52234
vt 0.93197 0.52453
vt 0.95135 0.49747
vt 0.96113 0.52234
vt 0.93694 0.53837
vt 0.93565 0.55525
vt 0.92575 0.54353
vt 0.92575 0.54353
vt 0.93565 0.55525
vt 0.91862 0.55192
vt 0.93694 0.53837
vt 0.92915 0.53341
vt 0.93197 0.52453
vt 0.96590 0.90391
vt 0.97147 0.90587
vt 0.96772 0.91314
vt 0.95574 0.91493
vt 0.96590 0.90391
vt 0.96772 0.91314
vt 0.91775 0.56552
vt 0.91862 0.55192
vt 0.92566 0.56582
vt 0.91862 0.55192
vt 0.93565 0.55525
vt 0.92566 0.56582
vt 0.96976 0.92031
vt 0.96650 0.93045
vt 0.95574 0.91493
vt 0.55276 0.92309
vt 0.55732 0.89579
vt 0.56378 0.90746
vt 0.55732 0.89579
vt 0.55276 0.92309
vt 0.53266 0.91093
vt 0.52327 0.91499
vt 0.51223 0.90035
vt 0.53266 0.91093
vt 0.52813 0.93507
vt 0.53266 0.91093
vt 0.55276 0.92309
vt 0.56378 0.90746
vt 0.57494 0.90430
vt 0.57552 0.93125
vt 0.51223 0.90035
vt 0.51749 0.88780
vt 0.53266 0.91093
vt 0.57494 0.90430
vt 0.56378 0.90746
vt 0.57196 0.89076
vt 0.53266 0.91093
vt 0.55310 0.87865
vt 0.55732 0.89579
vt 0.55732 0.89579
vt 0.57196 0.89076
vt 0.56378 0.90746
vt 0.52327 0.91499
vt 0.53266 0.91093
vt 0.52813 0.93507
vt 0.59041 0.94171
vt 0.59080 0.95060
vt 0.57707 0.94603
vt 0.90003 0.62867
vt 0.89188 0.62638
vt 0.90515 0.61987
vt 0.55508 0.93585
vt 0.55276 0.92309
vt 0.56378 0.90746
vt 0.94358 0.97718
vt 0.93310 0.96303
vt 0.94871 0.94489
vt 0.93310 0.96303
vt 0.94358 0.97718
vt 0.93929 0.98175
vt 0.59354 0.96297
vt 0.59080 0.95060
vt 0.59880 0.95136
vt 0.60116 0.96185
vt 0.59354 0.96297
vt 0.59880 0.95136
vt 0.57552 0.93125
vt 0.60233 0.93091
vt 0.59041 0.94171
vt 0.93310 0.96303
vt 0.93929 0.98175
vt 0.93245 0.98338
vt 0.57552 0.93125
vt 0.57707 0.94603
vt 0.57366 0.94312
vt 0.55508 0.93585
vt 0.56378 0.90746
vt 0.57552 0.93125
vt 0.59041 0.94171
vt 0.57707 0.94603
vt 0.57552 0.93125
vt 0.57552 0.93125
vt 0.57366 0.94312
vt 0.55508 0.93585
vt 0.93245 0.98338
vt 0.91642 0.97171
vt 0.93310 0.96303
vt 0.57707 0.94603
vt 0.59080 0.95060
vt 0.57049 0.95821
vt 0.54246 0.95830
vt 0.57366 0.94312
vt 0.54716 0.96336
vt 0.77237 0.86032
vt 0.76821 0.86974
vt 0.74900 0.87228
vt 0.91580 0.63242
vt 0.93299 0.65681
vt 0.91901 0.65348
vt 0.90003 0.62867
vt 0.90515 0.61987
vt 0.90188 0.63574
vt 0.55508 0.93585
vt 0.57366 0.94312
vt 0.54246 0.95830
vt 0.90188 0.63574
vt 0.90515 0.61987
vt 0.91580 0.63242
vt 0.76821 0.86974
vt 0.75300 0.89016
vt 0.73823 0.88899
vt 0.74900 0.87228
vt 0.74738 0.86498
vt 0.77237 0.86032
vt 0.57707 0.94603
vt 0.54716 0.96336
vt 0.57366 0.94312
vt 0.55508 0.93585
vt 0.54246 0.95830
vt 0.51235 0.95214
vt 0.74738 0.86498
vt 0.71548 0.87862
vt 0.73985 0.86272
vt 0.71548 0.87862
vt 0.74738 0.86498
vt 0.74900 0.87228
vt 0.51235 0.95214
vt 0.52813 0.93507
vt 0.55508 0.93585
vt 0.74900 0.87228
vt 0.76821 0.86974
vt 0.73823 0.88899
vt 0.91901 0.65348
vt 0.90188 0.63574
vt 0.91580 0.63242
vt 0.57049 0.95821
vt 0.54716 0.96336
vt 0.57707 0.94603
vt 0.55508 0.93585
vt 0.52813 0.93507
vt 0.55276 0.92309
vt 0.72283 0.86702
vt 0.73985 0.86272
vt 0.71548 0.87862
vt 0.89103 0.92962
vt 0.91642 0.97171
vt 0.88744 0.96233
vt 0.89103 0.92962
vt 0.92649 0.94650
vt 0.91642 0.97171
vt 0.57552 0.93125
vt 0.57494 0.90430
vt 0.60233 0.93091
vt 0.60233 0.93091
vt 0.57494 0.90430
vt 0.61120 0.90513
vt 0.91170 0.92974
vt 0.90710 0.91075
vt 0.92207 0.91921
vt 0.91170 0.92974
vt 0.89103 0.92962
vt 0.90710 0.91075
vt 0.92649 0.94650
vt 0.89103 0.92962
vt 0.91170 0.92974
vt 0.92207 0.91921
vt 0.92649 0.94650
vt 0.91170 0.92974
vt 0.91642 0.97171
vt 0.92649 0.94650
vt 0.93310 0.96303
vt 0.92649 0.94650
vt 0.92207 0.91921
vt 0.93528 0.91887
vt 0.87193 0.94449
vt 0.84001 0.94738
vt 0.87302 0.93556
vt 0.87302 0.93556
vt 0.88744 0.96233
vt 0.87193 0.94449
vt 0.61141 0.89062
vt 0.62012 0.88370
vt 0.62834 0.88959
vt 0.57196 0.89076
vt 0.61141 0.89062
vt 0.57494 0.90430
vt 0.61514 0.87866
vt 0.61141 0.89062
vt 0.57196 0.89076
vt 0.57494 0.90430
vt 0.61141 0.89062
vt 0.61120 0.90513
vt 0.61141 0.89062
vt 0.61514 0.87866
vt 0.62012 0.88370
vt 0.89103 0.92962
vt 0.88744 0.96233
vt 0.87302 0.93556
vt 0.61120 0.90513
vt 0.61141 0.89062
vt 0.62834 0.88959
vt 0.87310 0.60280
vt 0.88411 0.59436
vt 0.88051 0.60328
vt 0.88615 0.60097
vt 0.87994 0.61516
vt 0.88051 0.60328
vt 0.57196 0.89076
vt 0.58952 0.86897
vt 0.61514 0.87866
vt 0.89103 0.92962
vt 0.87302 0.93556
vt 0.88510 0.91949
vt 0.94186 0.89470
vt 0.95574 0.91493
vt 0.93528 0.91887
vt 0.96590 0.90391
vt 0.95939 0.89085
vt 0.97367 0.88221
vt 0.96590 0.90391
vt 0.97367 0.88221
vt 0.98515 0.88308
vt 0.94186 0.89470
vt 0.93528 0.91887
vt 0.92207 0.91921
vt 0.94186 0.89470
vt 0.92207 0.91921
vt 0.90710 0.91075
vt 0.94186 0.89470
vt 0.90710 0.91075
vt 0.90970 0.88173
vt 0.94186 0.89470
vt 0.94589 0.85979
vt 0.95753 0.88515
vt 0.92335 0.85052
vt 0.94589 0.85979
vt 0.94186 0.89470
vt 0.92335 0.85052
vt 0.94186 0.89470
vt 0.90970 0.88173
vt 0.97867 0.87526
vt 0.95753 0.88515
vt 0.94589 0.85979
vt 0.97147 0.90587
vt 0.96590 0.90391
vt 0.98515 0.88308
vt 0.95574 0.91493
vt 0.94186 0.89470
vt 0.95939 0.89085
vt 0.95753 0.88515
vt 0.97367 0.88221
vt 0.95939 0.89085
vt 0.97867 0.87526
vt 0.97367 0.88221
vt 0.95753 0.88515
vt 0.90970 0.88173
vt 0.86978 0.85013
vt 0.92335 0.85052
vt 0.94589 0.85979
vt 0.98029 0.85550
vt 0.97867 0.87526
vt 0.95939 0.89085
vt 0.96590 0.90391
vt 0.95574 0.91493
vt 0.95939 0.89085
vt 0.94186 0.89470
vt 0.95753 0.88515
vt 0.94589 0.85979
vt 0.92335 0.85052
vt 0.98029 0.85550
vt 0.98515 0.88308
vt 0.97367 0.88221
vt 0.97867 0.87526
vt 0.90710 0.91075
vt 0.88510 0.91949
vt 0.90970 0.88173
vt 0.68142 0.62975
vt 0.68705 0.65039
vt 0.67388 0.64129
vt 0.88510 0.91949
vt 0.87302 0.93556
vt 0.84608 0.91212
vt 0.86577 0.87834
vt 0.84608 0.91212
vt 0.83655 0.88243
vt 0.84608 0.91212
vt 0.86577 0.87834
vt 0.88510 0.91949
vt 0.86978 0.85013
vt 0.84719 0.87025
vt 0.83584 0.85589
vt 0.88510 0.91949
vt 0.86577 0.87834
vt 0.90970 0.88173
vt 0.86978 0.85013
vt 0.86577 0.87834
vt 0.84719 0.87025
vt 0.87302 0.93556
vt 0.84001 0.94738
vt 0.84608 0.91212
vt 0.86978 0.85013
vt 0.90970 0.88173
vt 0.86577 0.87834
vt 0.84719 0.87025
vt 0.81740 0.86805
vt 0.83584 0.85589
vt 0.84719 0.87025
vt 0.86577 0.87834
vt 0.83655 0.88243
vt 0.88510 0.91949
vt 0.90710 0.91075
vt 0.89103 0.92962
vt 0.84608 0.91212
vt 0.82436 0.89382
vt 0.83655 0.88243
vt 0.98716 0.59514
vt 0.97291 0.57377
vt 0.97686 0.55730
vt 0.77135 0.69814
vt 0.76624 0.69023
vt 0.78181 0.68556
vt 0.78181 0.68556
vt 0.78849 0.70680
vt 0.77135 0.69814
vt 0.11176 0.68245
vt 0.10759 0.69879
vt 0.10038 0.67498
vt 0.88272 0.79164
vt 0.89020 0.80704
vt 0.87674 0.80656
vt 0.14855 0.67093
vt 0.16942 0.65307
vt 0.18540 0.66075
vt 0.90583 0.78878
vt 0.89020 0.80704
vt 0.88272 0.79164
vt 0.10759 0.69879
vt 0.11176 0.68245
vt 0.13284 0.67910
vt 0.88272 0.79164
vt 0.88119 0.76579
vt 0.90583 0.78878
vt 0.90583 0.78878
vt 0.88119 0.76579
vt 0.91577 0.76542
vt 0.90126 0.74823
vt 0.91577 0.76542
vt 0.88119 0.76579
vt 0.85041 0.76865
vt 0.88119 0.76579
vt 0.88272 0.79164
vt 0.83256 0.76932
vt 0.85041 0.76865
vt 0.84603 0.79941
vt 0.83256 0.76932
vt 0.83679 0.74186
vt 0.85041 0.76865
vt 0.83679 0.74186
vt 0.83256 0.76932
vt 0.82192 0.75316
vt 0.85788 0.74692
vt 0.85041 0.76865
vt 0.83679 0.74186
vt 0.85788 0.74692
vt 0.88119 0.76579
vt 0.85041 0.76865
vt 0.11931 0.73207
vt 0.10759 0.69879
vt 0.16115 0.70369
vt 0.85041 0.76865
vt 0.88272 0.79164
vt 0.87674 0.80656
vt 0.80218 0.80706
vt 0.76018 0.76913
vt 0.79721 0.73510
vt 0.79721 0.73510
vt 0.82192 0.75316
vt 0.80218 0.80706
vt 0.80849 0.69133
vt 0.82022 0.70659
vt 0.79959 0.71655
vt 0.83613 0.70897
vt 0.83679 0.74186
vt 0.82475 0.73521
vt 0.83613 0.70897
vt 0.82475 0.73521
vt 0.82022 0.70659
vt 0.74512 0.67105
vt 0.73280 0.69248
vt 0.73096 0.65928
vt 0.71548 0.69425
vt 0.73096 0.65928
vt 0.73280 0.69248
vt 0.82192 0.75316
vt 0.83256 0.76932
vt 0.80218 0.80706
vt 0.78987 0.72516
vt 0.79721 0.73510
vt 0.77019 0.73363
vt 0.77019 0.73363
vt 0.79721 0.73510
vt 0.76018 0.76913
vt 0.87674 0.80656
vt 0.84603 0.79941
vt 0.85041 0.76865
vt 0.78849 0.70680
vt 0.77019 0.73363
vt 0.76366 0.71445
vt 0.87674 0.80656
vt 0.84055 0.83768
vt 0.84603 0.79941
vt 0.11396 0.77522
vt 0.11625 0.76745
vt 0.12306 0.78437
vt 0.83256 0.76932
vt 0.84603 0.79941
vt 0.80218 0.80706
vt 0.82475 0.73521
vt 0.83679 0.74186
vt 0.82192 0.75316
vt 0.80553 0.72455
vt 0.82475 0.73521
vt 0.82192 0.75316
vt 0.80553 0.72455
vt 0.82192 0.75316
vt 0.79721 0.73510
vt 0.80553 0.72455
vt 0.82022 0.70659
vt 0.82475 0.73521
vt 0.79959 0.71655
vt 0.82022 0.70659
vt 0.80553 0.72455
vt 0.70179 0.72252
vt 0.71548 0.69425
vt 0.73549 0.70304
vt 0.73549 0.70304
vt 0.71548 0.69425
vt 0.73280 0.69248
vt 0.74738 0.71847
vt 0.72607 0.73881
vt 0.73549 0.70304
vt 0.77019 0.73363
vt 0.76018 0.76913
vt 0.72607 0.73881
vt 0.72607 0.73881
vt 0.74738 0.71847
vt 0.77019 0.73363
vt 0.73549 0.70304
vt 0.72607 0.73881
vt 0.70179 0.72252
vt 0.50472 0.88308
vt 0.45571 0.89736
vt 0.47518 0.87273
vt 0.77019 0.73363
vt 0.74738 0.71847
vt 0.76366 0.71445
vt 0.74787 0.69269
vt 0.73549 0.70304
vt 0.73280 0.69248
vt 0.73549 0.70304
vt 0.75309 0.70273
vt 0.74738 0.71847
vt 0.74787 0.69269
vt 0.75309 0.70273
vt 0.73549 0.70304
vt 0.75309 0.70273
vt 0.76366 0.71445
vt 0.74738 0.71847
vt 0.76366 0.71445
vt 0.75309 0.70273
vt 0.77135 0.69814
vt 0.73280 0.69248
vt 0.74512 0.67105
vt 0.74787 0.69269
vt 0.74787 0.69269
vt 0.77135 0.69814
vt 0.75309 0.70273
vt 0.74787 0.69269
vt 0.74512 0.67105
vt 0.76624 0.69023
vt 0.76624 0.69023
vt 0.77135 0.69814
vt 0.74787 0.69269
vt 0.11931 0.73207
vt 0.14966 0.77486
vt 0.11625 0.76745
vt 0.79959 0.71655
vt 0.80553 0.72455
vt 0.78987 0.72516
vt 0.78987 0.72516
vt 0.80553 0.72455
vt 0.79721 0.73510
vt 0.76366 0.71445
vt 0.77135 0.69814
vt 0.78849 0.70680
vt 0.76624 0.69023
vt 0.74512 0.67105
vt 0.78181 0.68556
vt 0.08585 0.69599
vt 0.06941 0.70968
vt 0.06424 0.68731
vt 0.06941 0.70968
vt 0.08585 0.69599
vt 0.08504 0.72520
vt 0.08504 0.72520
vt 0.07819 0.72345
vt 0.06941 0.70968
vt 0.08585 0.69599
vt 0.10759 0.69879
vt 0.11931 0.73207
vt 0.08504 0.72520
vt 0.08585 0.69599
vt 0.11931 0.73207
vt 0.06424 0.68731
vt 0.10038 0.67498
vt 0.08585 0.69599
vt 0.10038 0.67498
vt 0.10759 0.69879
vt 0.08585 0.69599
vt 0.88119 0.76579
vt 0.85788 0.74692
vt 0.88233 0.72170
vt 0.88119 0.76579
vt 0.88233 0.72170
vt 0.90126 0.74823
vt 0.83679 0.74186
vt 0.83613 0.70897
vt 0.85788 0.74692
vt 0.88233 0.72170
vt 0.85788 0.74692
vt 0.86202 0.70780
vt 0.78987 0.72516
vt 0.78849 0.70680
vt 0.79959 0.71655
vt 0.78987 0.72516
vt 0.77019 0.73363
vt 0.78849 0.70680
vt 0.84603 0.79941
vt 0.84055 0.83768
vt 0.80218 0.80706
vt 0.13284 0.67910
vt 0.14855 0.67093
vt 0.16115 0.70369
vt 0.10759 0.69879
vt 0.13284 0.67910
vt 0.16115 0.70369
vt 0.16115 0.70369
vt 0.17354 0.72760
vt 0.11931 0.73207
vt 0.72317 0.13918
vt 0.72643 0.14968
vt 0.71503 0.14161
vt 0.71835 0.18049
vt 0.72963 0.19118
vt 0.72078 0.20264
vt 0.71503 0.14161
vt 0.72643 0.14968
vt 0.72472 0.15727
vt 0.71835 0.18049
vt 0.72973 0.17024
vt 0.72963 0.19118
vt 0.71503 0.14161
vt 0.72472 0.15727
vt 0.71852 0.15697
vt 0.40459 0.56077
vt 0.42015 0.56600
vt 0.38460 0.57394
vt 0.40459 0.56077
vt 0.38460 0.57394
vt 0.39133 0.55976
vt 0.72472 0.15727
vt 0.72643 0.14968
vt 0.72808 0.15192
vt 0.36257 0.57239
vt 0.38460 0.57394
vt 0.35636 0.61061
vt 0.39133 0.55976
vt 0.38460 0.57394
vt 0.36257 0.57239
vt 0.71852 0.15697
vt 0.71835 0.18049
vt 0.70432 0.15474
vt 0.71852 0.15697
vt 0.72472 0.15727
vt 0.72973 0.17024
vt 0.71852 0.15697
vt 0.72973 0.17024
vt 0.71835 0.18049
vt 0.38216 0.63990
vt 0.35636 0.61061
vt 0.41253 0.60089
vt 0.42015 0.56600
vt 0.41253 0.60089
vt 0.38460 0.57394
vt 0.38460 0.57394
vt 0.41253 0.60089
vt 0.35636 0.61061
vt 0.71542 0.08399
vt 0.73228 0.08779
vt 0.71866 0.09750
vt 0.45082 0.58058
vt 0.43631 0.55284
vt 0.44825 0.55453
vt 0.65128 0.09859
vt 0.66273 0.11690
vt 0.64796 0.10482
vt 0.65240 0.09029
vt 0.67147 0.10402
vt 0.65128 0.09859
vt 0.65128 0.09859
vt 0.67147 0.10402
vt 0.66273 0.11690
vt 0.67147 0.10402
vt 0.69289 0.11825
vt 0.67388 0.12406
vt 0.69289 0.11825
vt 0.70432 0.15474
vt 0.68946 0.14051
vt 0.70690 0.11417
vt 0.71551 0.11220
vt 0.71503 0.14161
vt 0.43631 0.55284
vt 0.45082 0.58058
vt 0.42015 0.56600
vt 0.71551 0.11220
vt 0.72317 0.13918
vt 0.71503 0.14161
vt 0.68946 0.14051
vt 0.68438 0.15486
vt 0.66664 0.13420
vt 0.69289 0.11825
vt 0.70690 0.11417
vt 0.71503 0.14161
vt 0.09992 0.08402
vt 0.09228 0.09711
vt 0.09777 0.06566
vt 0.72406 0.10388
vt 0.71551 0.11220
vt 0.70690 0.11417
vt 0.69289 0.11825
vt 0.71503 0.14161
vt 0.70432 0.15474
vt 0.70690 0.11417
vt 0.71542 0.08399
vt 0.71866 0.09750
vt 0.70432 0.15474
vt 0.71503 0.14161
vt 0.71852 0.15697
vt 0.70690 0.11417
vt 0.71866 0.09750
vt 0.72406 0.10388
vt 0.72406 0.10388
vt 0.71866 0.09750
vt 0.72827 0.10017
vt 0.44825 0.55453
vt 0.45889 0.56827
vt 0.45082 0.58058
vt 0.45551 0.55647
vt 0.45889 0.56827
vt 0.44825 0.55453
vt 0.73228 0.08779
vt 0.72827 0.10017
vt 0.71866 0.09750
vt 0.67147 0.10402
vt 0.67163 0.07115
vt 0.69271 0.06291
vt 0.67163 0.07115
vt 0.67147 0.10402
vt 0.65240 0.09029
vt 0.69289 0.11825
vt 0.67147 0.10402
vt 0.70690 0.11417
vt 0.67163 0.07115
vt 0.65240 0.09029
vt 0.65430 0.08011
vt 0.66273 0.11690
vt 0.67147 0.10402
vt 0.67388 0.12406
vt 0.68946 0.14051
vt 0.67388 0.12406
vt 0.69289 0.11825
vt 0.70690 0.11417
vt 0.67147 0.10402
vt 0.71542 0.08399
vt 0.67147 0.10402
vt 0.69271 0.06291
vt 0.71542 0.08399
vt 0.72250 0.06089
vt 0.69271 0.06291
vt 0.73255 0.02290
vt 0.67766 0.43526
vt 0.66212 0.43968
vt 0.66504 0.41652
vt 0.45364 0.59401
vt 0.41253 0.60089
vt 0.45082 0.58058
vt 0.73300 0.06346
vt 0.72250 0.06089
vt 0.73592 0.05483
vt 0.73592 0.05483
vt 0.72250 0.06089
vt 0.74788 0.04058
vt 0.45082 0.58058
vt 0.41253 0.60089
vt 0.42015 0.56600
vt 0.45364 0.59401
vt 0.45082 0.58058
vt 0.46042 0.58144
vt 0.73300 0.06346
vt 0.73495 0.07643
vt 0.72250 0.06089
vt 0.73495 0.07643
vt 0.71542 0.08399
vt 0.72250 0.06089
vt 0.41253 0.60089
vt 0.45364 0.59401
vt 0.45085 0.60225
vt 0.73495 0.07643
vt 0.73228 0.08779
vt 0.71542 0.08399
vt 0.45082 0.58058
vt 0.45889 0.56827
vt 0.46042 0.58144
vt 0.69271 0.06291
vt 0.72250 0.06089
vt 0.71542 0.08399
vt 0.34287 0.58893
vt 0.31739 0.61089
vt 0.31768 0.59759
vt 0.30366 0.61264
vt 0.31768 0.59759
vt 0.31739 0.61089
vt 0.35018 0.62295
vt 0.31739 0.61089
vt 0.33378 0.60833
vt 0.31739 0.61089
vt 0.34287 0.58893
vt 0.33378 0.60833
vt 0.32815 0.58564
vt 0.34287 0.58893
vt 0.31768 0.59759
vt 0.36257 0.57239
vt 0.34287 0.58893
vt 0.35087 0.57032
vt 0.34287 0.58893
vt 0.36257 0.57239
vt 0.35636 0.61061
vt 0.35636 0.61061
vt 0.33378 0.60833
vt 0.34287 0.58893
vt 0.35018 0.62295
vt 0.33378 0.60833
vt 0.35636 0.61061
vt 0.35087 0.57032
vt 0.34287 0.58893
vt 0.32815 0.58564
vt 0.31768 0.59759
vt 0.30366 0.61264
vt 0.29430 0.60824
vt 0.14966 0.77486
vt 0.13664 0.80029
vt 0.12306 0.78437
vt 0.11931 0.73207
vt 0.16307 0.75417
vt 0.14966 0.77486
vt 0.16307 0.75417
vt 0.11931 0.73207
vt 0.17354 0.72760
vt 0.12306 0.78437
vt 0.11625 0.76745
vt 0.14966 0.77486
vt 0.13664 0.80029
vt 0.13745 0.80491
vt 0.13288 0.79977
vt 0.13288 0.79977
vt 0.13103 0.79826
vt 0.13664 0.80029
vt 0.14966 0.77486
vt 0.15461 0.80000
vt 0.13664 0.80029
vt 0.43915 0.28323
vt 0.42207 0.28850
vt 0.41984 0.25948
vt 0.09777 0.06566
vt 0.06314 0.08694
vt 0.06358 0.07389
vt 0.19770 0.73387
vt 0.18478 0.76950
vt 0.16307 0.75417
vt 0.54276 0.23423
vt 0.53391 0.21172
vt 0.54937 0.22077
vt 0.53036 0.21885
vt 0.53391 0.21172
vt 0.54276 0.23423
vt 0.21429 0.74960
vt 0.18478 0.76950
vt 0.19770 0.73387
vt 0.54937 0.22077
vt 0.53391 0.21172
vt 0.54861 0.21426
vt 0.51467 0.23787
vt 0.53036 0.21885
vt 0.54276 0.23423
vt 0.20659 0.70781
vt 0.19770 0.73387
vt 0.17354 0.72760
vt 0.54181 0.25119
vt 0.54005 0.26841
vt 0.52494 0.27110
vt 0.54650 0.25785
vt 0.54005 0.26841
vt 0.54181 0.25119
vt 0.17269 0.78470
vt 0.16585 0.78900
vt 0.14966 0.77486
vt 0.17269 0.78470
vt 0.14966 0.77486
vt 0.18478 0.76950
vt 0.16307 0.75417
vt 0.18478 0.76950
vt 0.14966 0.77486
vt 0.15461 0.80000
vt 0.14966 0.77486
vt 0.16585 0.78900
vt 0.41650 0.20964
vt 0.41306 0.17851
vt 0.45964 0.21609
vt 0.28530 0.94523
vt 0.31137 0.95891
vt 0.27624 0.96096
vt 0.27977 0.97938
vt 0.29714 0.97939
vt 0.28585 0.98347
vt 0.14516 0.10806
vt 0.14743 0.10853
vt 0.14143 0.12002
vt 0.27624 0.96096
vt 0.27977 0.97938
vt 0.26813 0.98357
vt 0.43619 0.23291
vt 0.42158 0.22387
vt 0.45964 0.21609
vt 0.18478 0.76950
vt 0.21429 0.74960
vt 0.21564 0.76909
vt 0.42312 0.24538
vt 0.42158 0.22387
vt 0.43619 0.23291
vt 0.45358 0.29984
vt 0.44063 0.30524
vt 0.43915 0.28323
vt 0.49606 0.18239
vt 0.51719 0.19531
vt 0.49826 0.20249
vt 0.43686 0.25394
vt 0.42312 0.24538
vt 0.43619 0.23291
vt 0.43686 0.25394
vt 0.43619 0.23291
vt 0.45964 0.21609
vt 0.51719 0.19531
vt 0.49606 0.18239
vt 0.51897 0.18410
vt 0.49606 0.18239
vt 0.49519 0.15510
vt 0.51897 0.18410
vt 0.48990 0.27801
vt 0.47718 0.26610
vt 0.48670 0.25900
vt 0.49670 0.26515
vt 0.48990 0.27801
vt 0.48670 0.25900
vt 0.49670 0.26515
vt 0.51092 0.27427
vt 0.48990 0.27801
vt 0.41984 0.25948
vt 0.42312 0.24538
vt 0.43686 0.25394
vt 0.49519 0.15510
vt 0.50227 0.14547
vt 0.51897 0.18410
vt 0.54276 0.23423
vt 0.54181 0.25119
vt 0.51467 0.23787
vt 0.45665 0.13588
vt 0.46401 0.17002
vt 0.42422 0.17423
vt 0.46664 0.30579
vt 0.45358 0.29984
vt 0.47718 0.26610
vt 0.46401 0.17002
vt 0.45964 0.21609
vt 0.42422 0.17423
vt 0.41306 0.17851
vt 0.42422 0.17423
vt 0.45964 0.21609
vt 0.53272 0.30512
vt 0.51634 0.30312
vt 0.53230 0.29297
vt 0.47718 0.26610
vt 0.45966 0.25061
vt 0.48670 0.25900
vt 0.48037 0.21849
vt 0.48670 0.25900
vt 0.45966 0.25061
vt 0.48037 0.21849
vt 0.49481 0.23166
vt 0.48670 0.25900
vt 0.51467 0.23787
vt 0.49670 0.26515
vt 0.49481 0.23166
vt 0.49481 0.23166
vt 0.49670 0.26515
vt 0.48670 0.25900
vt 0.49717 0.29957
vt 0.48623 0.29708
vt 0.48990 0.27801
vt 0.16956 0.02361
vt 0.16925 0.01683
vt 0.18653 0.01732
vt 0.50825 0.29990
vt 0.48990 0.27801
vt 0.51092 0.27427
vt 0.50825 0.29990
vt 0.49717 0.29957
vt 0.48990 0.27801
vt 0.16307 0.75417
vt 0.17354 0.72760
vt 0.19770 0.73387
vt 0.45964 0.21609
vt 0.42158 0.22387
vt 0.41650 0.20964
vt 0.48037 0.21849
vt 0.45966 0.25061
vt 0.45964 0.21609
vt 0.45964 0.21609
vt 0.47139 0.19449
vt 0.48037 0.21849
vt 0.49481 0.23166
vt 0.48037 0.21849
vt 0.49826 0.20249
vt 0.49606 0.18239
vt 0.49826 0.20249
vt 0.48037 0.21849
vt 0.49606 0.18239
vt 0.46401 0.17002
vt 0.49519 0.15510
vt 0.18446 0.78207
vt 0.17269 0.78470
vt 0.18478 0.76950
vt 0.42422 0.17423
vt 0.41306 0.17851
vt 0.41436 0.15791
vt 0.47139 0.19449
vt 0.46401 0.17002
vt 0.49606 0.18239
vt 0.47139 0.19449
vt 0.49606 0.18239
vt 0.48037 0.21849
vt 0.51719 0.19531
vt 0.51897 0.18410
vt 0.53391 0.21172
vt 0.53391 0.21172
vt 0.50633 0.21693
vt 0.51719 0.19531
vt 0.49826 0.20249
vt 0.51719 0.19531
vt 0.50633 0.21693
vt 0.53036 0.21885
vt 0.50633 0.21693
vt 0.53391 0.21172
vt 0.50633 0.21693
vt 0.49481 0.23166
vt 0.49826 0.20249
vt 0.50633 0.21693
vt 0.53036 0.21885
vt 0.51467 0.23787
vt 0.50633 0.21693
vt 0.51467 0.23787
vt 0.49481 0.23166
vt 0.48623 0.29708
vt 0.48201 0.31542
vt 0.46664 0.30579
vt 0.48990 0.27801
vt 0.48623 0.29708
vt 0.46664 0.30579
vt 0.29804 0.97165
vt 0.29714 0.97939
vt 0.27977 0.97938
vt 0.42422 0.17423
vt 0.41436 0.15791
vt 0.41754 0.13996
vt 0.43915 0.28323
vt 0.45966 0.25061
vt 0.47718 0.26610
vt 0.45358 0.29984
vt 0.43915 0.28323
vt 0.47718 0.26610
vt 0.46664 0.30579
vt 0.47718 0.26610
vt 0.48990 0.27801
vt 0.45665 0.13588
vt 0.48515 0.13458
vt 0.49519 0.15510
vt 0.46401 0.17002
vt 0.45665 0.13588
vt 0.49519 0.15510
vt 0.42422 0.17423
vt 0.41754 0.13996
vt 0.45665 0.13588
vt 0.51467 0.23787
vt 0.54181 0.25119
vt 0.52494 0.27110
vt 0.51092 0.27427
vt 0.51467 0.23787
vt 0.52494 0.27110
vt 0.51092 0.27427
vt 0.49670 0.26515
vt 0.51467 0.23787
vt 0.43686 0.25394
vt 0.45964 0.21609
vt 0.45966 0.25061
vt 0.52494 0.27110
vt 0.54005 0.26841
vt 0.53553 0.27622
vt 0.18478 0.76950
vt 0.18924 0.78363
vt 0.18446 0.78207
vt 0.20395 0.77629
vt 0.18924 0.78363
vt 0.18478 0.76950
vt 0.52494 0.27110
vt 0.53553 0.27622
vt 0.53230 0.29297
vt 0.21564 0.76909
vt 0.20395 0.77629
vt 0.18478 0.76950
vt 0.51634 0.30312
vt 0.51092 0.27427
vt 0.52494 0.27110
vt 0.51634 0.30312
vt 0.50825 0.29990
vt 0.51092 0.27427
vt 0.52494 0.27110
vt 0.53230 0.29297
vt 0.51634 0.30312
vt 0.43915 0.28323
vt 0.43686 0.25394
vt 0.45966 0.25061
vt 0.43915 0.28323
vt 0.41984 0.25948
vt 0.43686 0.25394
vt 0.46401 0.17002
vt 0.47139 0.19449
vt 0.45964 0.21609
vt 0.16173 0.45568
vt 0.17660 0.45986
vt 0.17044 0.47769
vt 0.42207 0.28850
vt 0.39758 0.27862
vt 0.41984 0.25948
vt 0.18363 0.33284
vt 0.18914 0.35562
vt 0.17907 0.35120
vt 0.03845 0.66496
vt 0.02188 0.66927
vt 0.05272 0.64159
vt 0.20080 0.34616
vt 0.18914 0.35562
vt 0.18363 0.33284
vt 0.18363 0.33284
vt 0.18499 0.32205
vt 0.20080 0.34616
vt 0.39859 0.23506
vt 0.40759 0.22562
vt 0.40133 0.24352
vt 0.18499 0.32205
vt 0.20542 0.32214
vt 0.20080 0.34616
vt 0.17072 0.39668
vt 0.18001 0.37365
vt 0.19227 0.39144
vt 0.23681 0.33149
vt 0.24502 0.34894
vt 0.23200 0.35728
vt 0.23234 0.37283
vt 0.20992 0.36909
vt 0.23200 0.35728
vt 0.23234 0.37283
vt 0.23200 0.35728
vt 0.24646 0.38315
vt 0.40777 0.24964
vt 0.41984 0.25948
vt 0.39758 0.27862
vt 0.23234 0.37283
vt 0.23575 0.39571
vt 0.20841 0.38890
vt 0.20992 0.36909
vt 0.20080 0.34616
vt 0.23200 0.35728
vt 0.18914 0.35562
vt 0.17931 0.36231
vt 0.17907 0.35120
vt 0.17931 0.36231
vt 0.18914 0.35562
vt 0.18001 0.37365
vt 0.21972 0.30588
vt 0.23681 0.33149
vt 0.20542 0.32214
vt 0.39825 0.29730
vt 0.39758 0.27862
vt 0.42207 0.28850
vt 0.24502 0.34894
vt 0.24646 0.38315
vt 0.23200 0.35728
vt 0.20542 0.32214
vt 0.23200 0.35728
vt 0.20080 0.34616
vt 0.24646 0.38315
vt 0.23575 0.39571
vt 0.23234 0.37283
vt 0.23200 0.35728
vt 0.20542 0.32214
vt 0.23681 0.33149
vt 0.42017 0.51635
vt 0.42622 0.52193
vt 0.41247 0.53021
vt 0.39758 0.27862
vt 0.39825 0.29730
vt 0.39307 0.28459
vt 0.19588 0.37842
vt 0.20841 0.38890
vt 0.19227 0.39144
vt 0.40759 0.22562
vt 0.42158 0.22387
vt 0.40133 0.24352
vt 0.20992 0.36909
vt 0.20841 0.38890
vt 0.19588 0.37842
vt 0.42158 0.22387
vt 0.42312 0.24538
vt 0.40777 0.24964
vt 0.19227 0.39144
vt 0.18001 0.37365
vt 0.19588 0.37842
vt 0.18914 0.35562
vt 0.19588 0.37842
vt 0.18001 0.37365
vt 0.18914 0.35562
vt 0.20080 0.34616
vt 0.20992 0.36909
vt 0.40777 0.24964
vt 0.40133 0.24352
vt 0.42158 0.22387
vt 0.41984 0.25948
vt 0.40777 0.24964
vt 0.42312 0.24538
vt 0.20992 0.36909
vt 0.19588 0.37842
vt 0.18914 0.35562
vt 0.28585 0.98347
vt 0.26813 0.98357
vt 0.27977 0.97938
vt 0.17044 0.38698
vt 0.18001 0.37365
vt 0.17072 0.39668
vt 0.40777 0.24964
vt 0.39615 0.25627
vt 0.40133 0.24352
vt 0.20841 0.38890
vt 0.20992 0.36909
vt 0.23234 0.37283
vt 0.39758 0.27862
vt 0.39615 0.25627
vt 0.40777 0.24964
vt 0.24646 0.38315
vt 0.27286 0.39724
vt 0.25713 0.42397
vt 0.29818 0.36021
vt 0.26437 0.36270
vt 0.28369 0.35209
vt 0.27286 0.39724
vt 0.24646 0.38315
vt 0.26437 0.36270
vt 0.32107 0.34124
vt 0.31307 0.36120
vt 0.29925 0.32290
vt 0.29925 0.32290
vt 0.28369 0.35209
vt 0.28259 0.31840
vt 0.24502 0.34894
vt 0.23681 0.33149
vt 0.24606 0.31179
vt 0.29818 0.36021
vt 0.27286 0.39724
vt 0.26437 0.36270
vt 0.26437 0.36270
vt 0.24502 0.34894
vt 0.24606 0.31179
vt 0.24646 0.38315
vt 0.24502 0.34894
vt 0.26437 0.36270
vt 0.28369 0.35209
vt 0.29925 0.32290
vt 0.29818 0.36021
vt 0.24606 0.31179
vt 0.27078 0.31867
vt 0.26437 0.36270
vt 0.23719 0.31608
vt 0.24606 0.31179
vt 0.23681 0.33149
vt 0.28259 0.31840
vt 0.28369 0.35209
vt 0.27078 0.31867
vt 0.27078 0.31867
vt 0.28369 0.35209
vt 0.26437 0.36270
vt 0.24646 0.38315
vt 0.25713 0.42397
vt 0.23575 0.39571
vt 0.16522 0.43928
vt 0.17660 0.45986
vt 0.16173 0.45568
vt 0.19085 0.41664
vt 0.17745 0.42815
vt 0.17072 0.39668
vt 0.19085 0.41664
vt 0.19227 0.39144
vt 0.20335 0.40690
vt 0.19085 0.41664
vt 0.17072 0.39668
vt 0.19227 0.39144
vt 0.19671 0.43433
vt 0.17745 0.42815
vt 0.19085 0.41664
vt 0.19671 0.43433
vt 0.19085 0.41664
vt 0.21300 0.42468
vt 0.40653 0.18978
vt 0.41306 0.17851
vt 0.41650 0.20964
vt 0.16623 0.41551
vt 0.17072 0.39668
vt 0.16911 0.42142
vt 0.23575 0.39571
vt 0.21300 0.42468
vt 0.20335 0.40690
vt 0.23575 0.39571
vt 0.20335 0.40690
vt 0.20841 0.38890
vt 0.16911 0.42142
vt 0.17745 0.42815
vt 0.16522 0.43928
vt 0.16522 0.43928
vt 0.17745 0.42815
vt 0.17660 0.45986
vt 0.17745 0.42815
vt 0.19671 0.43433
vt 0.17660 0.45986
vt 0.24334 0.47666
vt 0.23879 0.44445
vt 0.27643 0.46894
vt 0.16911 0.42142
vt 0.17072 0.39668
vt 0.17745 0.42815
vt 0.29804 0.97165
vt 0.27624 0.96096
vt 0.31137 0.95891
vt 0.25713 0.42397
vt 0.24246 0.41634
vt 0.23575 0.39571
vt 0.21300 0.42468
vt 0.19085 0.41664
vt 0.20335 0.40690
vt 0.23575 0.39571
vt 0.24246 0.41634
vt 0.21300 0.42468
vt 0.40492 0.21282
vt 0.41650 0.20964
vt 0.40759 0.22562
vt 0.42158 0.22387
vt 0.40759 0.22562
vt 0.41650 0.20964
vt 0.31136 0.93577
vt 0.32531 0.93913
vt 0.30379 0.94412
vt 0.20841 0.38890
vt 0.20335 0.40690
vt 0.19227 0.39144
vt 0.49551 0.12065
vt 0.48515 0.13458
vt 0.47973 0.09939
vt 0.15603 0.50742
vt 0.16379 0.48848
vt 0.17063 0.50369
vt 0.15603 0.50742
vt 0.15495 0.48855
vt 0.16379 0.48848
vt 0.43078 0.10127
vt 0.41902 0.11987
vt 0.41759 0.10304
vt 0.17044 0.47769
vt 0.17063 0.50369
vt 0.16379 0.48848
vt 0.16379 0.48848
vt 0.15800 0.47201
vt 0.17044 0.47769
vt 0.50227 0.14547
vt 0.49519 0.15510
vt 0.48515 0.13458
vt 0.47973 0.09939
vt 0.45127 0.10389
vt 0.46920 0.06953
vt 0.50227 0.14547
vt 0.48515 0.13458
vt 0.49551 0.12065
vt 0.16173 0.45568
vt 0.17044 0.47769
vt 0.15800 0.47201
vt 0.47973 0.09939
vt 0.49342 0.08951
vt 0.49551 0.12065
vt 0.41754 0.13996
vt 0.41902 0.11987
vt 0.45665 0.13588
vt 0.16379 0.48848
vt 0.15495 0.48855
vt 0.15800 0.47201
vt 0.46920 0.06953
vt 0.48686 0.08167
vt 0.47973 0.09939
vt 0.41902 0.11987
vt 0.43078 0.10127
vt 0.45665 0.13588
vt 0.43078 0.10127
vt 0.45127 0.10389
vt 0.45665 0.13588
vt 0.45127 0.10389
vt 0.47973 0.09939
vt 0.45665 0.13588
vt 0.45665 0.13588
vt 0.47973 0.09939
vt 0.48515 0.13458
vt 0.29796 0.57850
vt 0.28714 0.59396
vt 0.28401 0.57206
vt 0.41458 0.08683
vt 0.43078 0.10127
vt 0.41759 0.10304
vt 0.17044 0.47769
vt 0.19351 0.49238
vt 0.17063 0.50369
vt 0.43924 0.07169
vt 0.41620 0.04737
vt 0.44108 0.04945
vt 0.16606 0.53833
vt 0.17063 0.50369
vt 0.19362 0.52477
vt 0.07417 0.59519
vt 0.07738 0.57089
vt 0.09228 0.59636
vt 0.05790 0.58093
vt 0.07417 0.59519
vt 0.06508 0.60997
vt 0.05790 0.58093
vt 0.06508 0.60997
vt 0.06042 0.59787
vt 0.43078 0.10127
vt 0.43924 0.07169
vt 0.45127 0.10389
vt 0.21342 0.53787
vt 0.21970 0.56926
vt 0.19111 0.54843
vt 0.41458 0.08683
vt 0.41960 0.07567
vt 0.43078 0.10127
vt 0.26201 0.56199
vt 0.24369 0.58034
vt 0.24261 0.54830
vt 0.26201 0.56199
vt 0.24261 0.54830
vt 0.27645 0.54527
vt 0.16606 0.53833
vt 0.19111 0.54843
vt 0.16914 0.57936
vt 0.10092 0.62372
vt 0.11271 0.64202
vt 0.10173 0.64209
vt 0.24261 0.54830
vt 0.21970 0.56926
vt 0.21342 0.53787
vt 0.17044 0.47769
vt 0.17660 0.45986
vt 0.19351 0.49238
vt 0.08312 0.62733
vt 0.07417 0.59519
vt 0.10092 0.62372
vt 0.09228 0.59636
vt 0.10092 0.62372
vt 0.07417 0.59519
vt 0.16914 0.57936
vt 0.14907 0.55202
vt 0.16606 0.53833
vt 0.18784 0.57754
vt 0.16914 0.57936
vt 0.19111 0.54843
vt 0.26201 0.56199
vt 0.28401 0.57206
vt 0.26157 0.58861
vt 0.19111 0.54843
vt 0.21970 0.56926
vt 0.18784 0.57754
vt 0.21817 0.47079
vt 0.24334 0.47666
vt 0.21703 0.49353
vt 0.27645 0.54527
vt 0.24261 0.54830
vt 0.24094 0.52974
vt 0.22420 0.58846
vt 0.21970 0.56926
vt 0.24369 0.58034
vt 0.06938 0.64712
vt 0.08309 0.66360
vt 0.06550 0.65698
vt 0.27645 0.54527
vt 0.30250 0.56682
vt 0.28401 0.57206
vt 0.19362 0.52477
vt 0.19111 0.54843
vt 0.16606 0.53833
vt 0.43924 0.07169
vt 0.46920 0.06953
vt 0.45127 0.10389
vt 0.21342 0.53787
vt 0.22847 0.52100
vt 0.24094 0.52974
vt 0.24094 0.52974
vt 0.24261 0.54830
vt 0.21342 0.53787
vt 0.28401 0.57206
vt 0.28714 0.59396
vt 0.26157 0.58861
vt 0.21817 0.47079
vt 0.23879 0.44445
vt 0.24334 0.47666
vt 0.27668 0.52193
vt 0.25946 0.48618
vt 0.29376 0.49632
vt 0.17660 0.45986
vt 0.19671 0.43433
vt 0.20621 0.45651
vt 0.06938 0.64712
vt 0.07271 0.63480
vt 0.08309 0.66360
vt 0.26157 0.58861
vt 0.24369 0.58034
vt 0.26201 0.56199
vt 0.14907 0.55202
vt 0.14995 0.52311
vt 0.15611 0.51809
vt 0.46920 0.06953
vt 0.43924 0.07169
vt 0.44108 0.04945
vt 0.27645 0.54527
vt 0.27668 0.52193
vt 0.29855 0.54129
vt 0.19362 0.52477
vt 0.22362 0.50461
vt 0.22847 0.52100
vt 0.27668 0.52193
vt 0.27645 0.54527
vt 0.24094 0.52974
vt 0.19362 0.52477
vt 0.22847 0.52100
vt 0.21342 0.53787
vt 0.22362 0.50461
vt 0.25946 0.48618
vt 0.25327 0.50996
vt 0.22847 0.52100
vt 0.22362 0.50461
vt 0.25327 0.50996
vt 0.14907 0.55202
vt 0.16914 0.57936
vt 0.14292 0.57208
vt 0.19351 0.49238
vt 0.21703 0.49353
vt 0.22362 0.50461
vt 0.22847 0.52100
vt 0.25327 0.50996
vt 0.24094 0.52974
vt 0.27668 0.52193
vt 0.29620 0.52027
vt 0.29855 0.54129
vt 0.19351 0.49238
vt 0.22362 0.50461
vt 0.19362 0.52477
vt 0.27668 0.52193
vt 0.24094 0.52974
vt 0.25327 0.50996
vt 0.14907 0.55202
vt 0.14010 0.54621
vt 0.14474 0.54183
vt 0.27643 0.46894
vt 0.25946 0.48618
vt 0.24334 0.47666
vt 0.30322 0.47183
vt 0.29376 0.49632
vt 0.27643 0.46894
vt 0.08226 0.53942
vt 0.07738 0.57089
vt 0.06203 0.54606
vt 0.12429 0.65875
vt 0.10479 0.66037
vt 0.12509 0.64359
vt 0.14062 0.65579
vt 0.12429 0.65875
vt 0.12509 0.64359
vt 0.21300 0.42468
vt 0.23879 0.44445
vt 0.20621 0.45651
vt 0.20621 0.45651
vt 0.23879 0.44445
vt 0.21817 0.47079
vt 0.25946 0.48618
vt 0.27668 0.52193
vt 0.25327 0.50996
vt 0.08312 0.62733
vt 0.06508 0.60997
vt 0.07417 0.59519
vt 0.21817 0.47079
vt 0.19351 0.49238
vt 0.20621 0.45651
vt 0.06550 0.65698
vt 0.08309 0.66360
vt 0.06662 0.66710
vt 0.31024 0.49483
vt 0.29376 0.49632
vt 0.30322 0.47183
vt 0.08312 0.62733
vt 0.07271 0.63480
vt 0.06508 0.60997
vt 0.15611 0.51809
vt 0.17063 0.50369
vt 0.16606 0.53833
vt 0.09386 0.58296
vt 0.09228 0.59636
vt 0.07738 0.57089
vt 0.41960 0.07567
vt 0.43924 0.07169
vt 0.43078 0.10127
vt 0.22420 0.58846
vt 0.18784 0.57754
vt 0.21970 0.56926
vt 0.25713 0.42397
vt 0.27643 0.46894
vt 0.23879 0.44445
vt 0.23879 0.44445
vt 0.21300 0.42468
vt 0.24246 0.41634
vt 0.09379 0.56725
vt 0.11411 0.59315
vt 0.09386 0.58296
vt 0.28401 0.57206
vt 0.30250 0.56682
vt 0.29796 0.57850
vt 0.27645 0.54527
vt 0.29855 0.54129
vt 0.30250 0.56682
vt 0.19362 0.52477
vt 0.21342 0.53787
vt 0.19111 0.54843
vt 0.07738 0.57089
vt 0.09379 0.56725
vt 0.09386 0.58296
vt 0.09379 0.56725
vt 0.07738 0.57089
vt 0.08226 0.53942
vt 0.08226 0.53942
vt 0.11599 0.56820
vt 0.09379 0.56725
vt 0.14907 0.55202
vt 0.14292 0.57208
vt 0.13564 0.56079
vt 0.28714 0.59396
vt 0.27137 0.59772
vt 0.26157 0.58861
vt 0.21300 0.42468
vt 0.20621 0.45651
vt 0.19671 0.43433
vt 0.12732 0.61933
vt 0.10550 0.61771
vt 0.11411 0.59315
vt 0.09228 0.59636
vt 0.10550 0.61771
vt 0.10092 0.62372
vt 0.31798 0.47099
vt 0.31024 0.49483
vt 0.30322 0.47183
vt 0.11411 0.59315
vt 0.10550 0.61771
vt 0.09386 0.58296
vt 0.11271 0.64202
vt 0.10092 0.62372
vt 0.10550 0.61771
vt 0.12732 0.61933
vt 0.12509 0.64359
vt 0.11271 0.64202
vt 0.10550 0.61771
vt 0.12732 0.61933
vt 0.11271 0.64202
vt 0.09228 0.59636
vt 0.09386 0.58296
vt 0.10550 0.61771
vt 0.14010 0.54621
vt 0.14907 0.55202
vt 0.13564 0.56079
vt 0.06203 0.54606
vt 0.07738 0.57089
vt 0.06072 0.56762
vt 0.10173 0.64209
vt 0.11271 0.64202
vt 0.12509 0.64359
vt 0.10173 0.64209
vt 0.12509 0.64359
vt 0.10479 0.66037
vt 0.09379 0.56725
vt 0.11599 0.56820
vt 0.11411 0.59315
vt 0.24334 0.47666
vt 0.22362 0.50461
vt 0.21703 0.49353
vt 0.29376 0.49632
vt 0.25946 0.48618
vt 0.27643 0.46894
vt 0.10479 0.66037
vt 0.08309 0.66360
vt 0.08312 0.62733
vt 0.08312 0.62733
vt 0.08309 0.66360
vt 0.07271 0.63480
vt 0.10173 0.64209
vt 0.10479 0.66037
vt 0.08312 0.62733
vt 0.08312 0.62733
vt 0.10092 0.62372
vt 0.10173 0.64209
vt 0.15611 0.51809
vt 0.16606 0.53833
vt 0.14907 0.55202
vt 0.28401 0.57206
vt 0.26201 0.56199
vt 0.27645 0.54527
vt 0.30402 0.50801
vt 0.29620 0.52027
vt 0.29376 0.49632
vt 0.06072 0.56762
vt 0.07417 0.59519
vt 0.05790 0.58093
vt 0.07738 0.57089
vt 0.07417 0.59519
vt 0.06072 0.56762
vt 0.29376 0.49632
vt 0.31024 0.49483
vt 0.30402 0.50801
vt 0.41960 0.07567
vt 0.41461 0.05333
vt 0.43924 0.07169
vt 0.30592 0.45065
vt 0.31798 0.47099
vt 0.30322 0.47183
vt 0.30592 0.45065
vt 0.32270 0.45673
vt 0.31798 0.47099
vt 0.30322 0.47183
vt 0.28616 0.42018
vt 0.30592 0.45065
vt 0.05900 0.49278
vt 0.06849 0.51096
vt 0.05211 0.50281
vt 0.30919 0.41507
vt 0.31294 0.42574
vt 0.28616 0.42018
vt 0.29784 0.38024
vt 0.30919 0.41507
vt 0.28965 0.41340
vt 0.31345 0.39163
vt 0.30919 0.41507
vt 0.29784 0.38024
vt 0.30592 0.45065
vt 0.31294 0.42574
vt 0.31706 0.44463
vt 0.31706 0.44463
vt 0.32270 0.45673
vt 0.30592 0.45065
vt 0.05251 0.52048
vt 0.06849 0.51096
vt 0.06625 0.52886
vt 0.06849 0.51096
vt 0.05149 0.51392
vt 0.05211 0.50281
vt 0.31294 0.42574
vt 0.31963 0.43728
vt 0.31706 0.44463
vt 0.32439 0.42625
vt 0.31963 0.43728
vt 0.31294 0.42574
vt 0.14907 0.55202
vt 0.14474 0.54183
vt 0.14995 0.52311
vt 0.29620 0.52027
vt 0.27668 0.52193
vt 0.29376 0.49632
vt 0.19351 0.49238
vt 0.19362 0.52477
vt 0.17063 0.50369
vt 0.30322 0.47183
vt 0.27643 0.46894
vt 0.28616 0.42018
vt 0.27286 0.39724
vt 0.27700 0.42321
vt 0.25713 0.42397
vt 0.27286 0.39724
vt 0.28965 0.41340
vt 0.27700 0.42321
vt 0.28616 0.42018
vt 0.27700 0.42321
vt 0.28965 0.41340
vt 0.28965 0.41340
vt 0.30919 0.41507
vt 0.28616 0.42018
vt 0.29784 0.38024
vt 0.28965 0.41340
vt 0.27286 0.39724
vt 0.22362 0.50461
vt 0.24334 0.47666
vt 0.25946 0.48618
vt 0.43924 0.07169
vt 0.41461 0.05333
vt 0.41620 0.04737
vt 0.41620 0.04737
vt 0.41361 0.02944
vt 0.44108 0.04945
vt 0.19351 0.49238
vt 0.17660 0.45986
vt 0.20621 0.45651
vt 0.21817 0.47079
vt 0.21703 0.49353
vt 0.19351 0.49238
vt 0.32278 0.41376
vt 0.32733 0.41973
vt 0.31294 0.42574
vt 0.30919 0.41507
vt 0.32278 0.41376
vt 0.31294 0.42574
vt 0.05900 0.49278
vt 0.04950 0.49581
vt 0.04430 0.49136
vt 0.31345 0.39163
vt 0.32278 0.41376
vt 0.30919 0.41507
vt 0.06849 0.51096
vt 0.05251 0.52048
vt 0.05149 0.51392
vt 0.23879 0.44445
vt 0.24246 0.41634
vt 0.25713 0.42397
vt 0.31294 0.42574
vt 0.30592 0.45065
vt 0.28616 0.42018
vt 0.06203 0.54606
vt 0.06625 0.52886
vt 0.08226 0.53942
vt 0.06625 0.52886
vt 0.06849 0.51096
vt 0.08226 0.53942
vt 0.05211 0.50281
vt 0.04950 0.49581
vt 0.05900 0.49278
vt 0.31294 0.42574
vt 0.32733 0.41973
vt 0.32439 0.42625
vt 0.25713 0.42397
vt 0.27700 0.42321
vt 0.27643 0.46894
vt 0.28616 0.42018
vt 0.27643 0.46894
vt 0.27700 0.42321
vt 0.05900 0.49278
vt 0.07229 0.48142
vt 0.06849 0.51096
vt 0.04153 0.48453
vt 0.05128 0.47951
vt 0.05900 0.49278
vt 0.04099 0.46823
vt 0.05128 0.47951
vt 0.04153 0.48453
vt 0.05900 0.49278
vt 0.04430 0.49136
vt 0.04153 0.48453
vt 0.05342 0.43729
vt 0.07236 0.43967
vt 0.05128 0.47951
vt 0.31307 0.36120
vt 0.31345 0.39163
vt 0.29784 0.38024
vt 0.31307 0.36120
vt 0.29784 0.38024
vt 0.29818 0.36021
vt 0.29818 0.36021
vt 0.29784 0.38024
vt 0.27286 0.39724
vt 0.07236 0.43967
vt 0.05900 0.49278
vt 0.05128 0.47951
vt 0.07236 0.43967
vt 0.07229 0.48142
vt 0.05900 0.49278
vt 0.31307 0.36120
vt 0.32734 0.37423
vt 0.31345 0.39163
vt 0.03874 0.45059
vt 0.03731 0.43780
vt 0.05342 0.43729
vt 0.31307 0.36120
vt 0.33097 0.36157
vt 0.32734 0.37423
vt 0.05342 0.43729
vt 0.03731 0.43780
vt 0.04171 0.42317
vt 0.31307 0.36120
vt 0.33159 0.35073
vt 0.33097 0.36157
vt 0.32278 0.41376
vt 0.31345 0.39163
vt 0.32732 0.40777
vt 0.32709 0.38449
vt 0.31345 0.39163
vt 0.32734 0.37423
vt 0.05128 0.47951
vt 0.03874 0.45059
vt 0.05342 0.43729
vt 0.05128 0.47951
vt 0.04099 0.46823
vt 0.03874 0.45059
vt 0.32732 0.40777
vt 0.31345 0.39163
vt 0.32709 0.38449
vt 0.32567 0.31326
vt 0.34019 0.32889
vt 0.32107 0.34124
vt 0.31307 0.36120
vt 0.29818 0.36021
vt 0.29925 0.32290
vt 0.03305 0.42472
vt 0.04171 0.42317
vt 0.03731 0.43780
vt 0.03543 0.40218
vt 0.03260 0.38142
vt 0.04405 0.39242
vt 0.31307 0.36120
vt 0.32107 0.34124
vt 0.33159 0.35073
vt 0.04171 0.42317
vt 0.03543 0.40218
vt 0.04405 0.39242
vt 0.32107 0.34124
vt 0.34019 0.32889
vt 0.33159 0.35073
vt 0.03305 0.42472
vt 0.03543 0.40218
vt 0.04171 0.42317
vt 0.68006 0.30273
vt 0.65662 0.30435
vt 0.66022 0.29493
vt 0.68245 0.27823
vt 0.68006 0.30273
vt 0.67017 0.28639
vt 0.68006 0.30273
vt 0.66022 0.29493
vt 0.67017 0.28639
vt 0.87423 0.29492
vt 0.86746 0.30089
vt 0.86354 0.29247
vt 0.86354 0.29247
vt 0.87811 0.28813
vt 0.87423 0.29492
vt 0.74437 0.61262
vt 0.74535 0.58989
vt 0.75086 0.59970
vt 0.08504 0.72520
vt 0.11931 0.73207
vt 0.11625 0.76745
f 943/1 883/2 944/3
f 603/4 601/5 602/6
f 602/7 607/8 596/9
f 620/10 605/11 602/12
f 596/13 603/14 602/15
f 1096/16 1100/17 1099/18
f 108/19 813/20 808/21
f 7/22 6/23 8/24
f 774/25 828/26 587/27
f 34/28 278/29 31/30
f 107/31 34/32 5/33
f 6/34 7/35 9/36
f 11/37 6/38 3/39
f 172/40 2/41 25/42
f 9/43 171/44 3/45
f 13/46 1/47 172/48
f 13/49 8/50 6/51
f 6/52 9/53 3/54
f 172/55 95/56 8/57
f 8/58 13/59 172/60
f 25/61 12/62 92/63
f 262/64 255/65 264/66
f 31/67 10/68 5/69
f 261/70 259/71 254/72
f 255/73 271/74 264/75
f 11/76 3/77 262/78
f 4/79 11/80 107/81
f 11/82 262/83 264/84
f 9/85 7/86 96/87
f 172/88 25/89 92/90
f 95/91 96/92 7/93
f 171/94 9/95 96/96
f 4/97 107/98 5/99
f 4/100 5/101 6/102
f 107/103 108/104 34/105
f 13/106 6/107 5/108
f 14/109 20/110 15/111
f 19/112 39/113 38/114
f 16/115 39/116 80/117
f 18/118 80/119 19/120
f 20/121 18/122 32/123
f 30/124 15/125 32/126
f 32/127 15/128 20/129
f 17/130 80/131 18/132
f 32/133 42/134 24/135
f 18/136 19/137 32/138
f 80/139 39/140 19/141
f 14/142 54/143 20/144
f 18/145 20/146 17/147
f 42/148 22/149 24/150
f 17/151 20/152 54/153
f 19/154 42/155 32/156
f 26/157 27/158 24/159
f 1731/160 1730/161 21/162
f 27/163 28/164 21/165
f 24/166 22/167 26/168
f 27/169 26/170 23/171
f 23/172 28/173 27/174
f 28/175 1731/176 21/177
f 49/178 1731/179 28/180
f 24/181 12/182 25/183
f 31/184 14/185 29/186
f 29/187 10/188 31/189
f 2/190 29/191 30/192
f 30/193 25/194 2/195
f 34/196 31/197 5/198
f 59/199 31/200 278/201
f 32/202 25/203 30/204
f 30/205 29/206 15/207
f 29/208 14/209 15/210
f 24/211 25/212 32/213
f 278/214 33/215 59/216
f 33/217 278/218 796/219
f 783/220 278/221 34/222
f 79/223 35/224 36/225
f 42/226 38/227 52/228
f 41/229 36/230 35/231
f 46/232 36/233 41/234
f 41/235 43/236 46/237
f 41/238 40/239 43/240
f 50/241 28/242 23/243
f 51/244 37/245 1720/246
f 44/247 43/248 40/249
f 42/250 43/251 44/252
f 48/253 36/254 46/255
f 45/256 26/257 22/258
f 45/259 41/260 49/261
f 1727/262 1731/263 51/264
f 45/265 44/266 40/267
f 42/268 44/269 45/270
f 41/271 45/272 40/273
f 37/274 41/275 35/276
f 35/277 78/278 37/279
f 41/280 37/281 51/282
f 45/283 50/284 26/285
f 50/286 49/287 28/288
f 47/289 39/290 48/291
f 48/292 46/293 47/294
f 47/295 38/296 39/297
f 50/298 45/299 49/300
f 51/301 49/302 41/303
f 23/304 26/305 50/306
f 42/307 52/308 43/309
f 38/310 47/311 52/312
f 52/313 47/314 46/315
f 43/316 52/317 46/318
f 1731/319 49/320 51/321
f 22/322 42/323 45/324
f 1727/325 51/326 279/327
f 72/328 39/329 16/330
f 72/331 48/332 39/333
f 38/334 42/335 19/336
f 14/337 59/338 54/339
f 55/340 54/341 59/342
f 57/343 56/344 53/345
f 57/346 55/347 56/348
f 55/349 33/350 53/351
f 1888/352 58/353 17/354
f 55/355 57/356 54/357
f 17/358 54/359 57/360
f 55/361 59/362 33/363
f 55/364 53/365 56/366
f 57/367 53/368 1888/369
f 59/370 14/371 31/372
f 794/373 53/374 33/375
f 786/376 1888/377 53/378
f 57/379 1888/380 17/381
f 64/382 76/383 67/384
f 63/385 74/386 60/387
f 61/388 68/389 70/390
f 1768/391 66/392 62/393
f 62/394 61/395 1768/396
f 64/397 67/398 74/399
f 63/400 62/401 73/402
f 74/403 63/404 73/405
f 76/406 58/407 67/408
f 62/409 63/410 61/411
f 1768/412 61/413 65/414
f 66/415 48/416 73/417
f 67/418 60/419 74/420
f 66/421 73/422 62/423
f 69/424 68/425 61/426
f 69/427 71/428 68/429
f 65/430 61/431 70/432
f 63/433 69/434 61/435
f 69/436 60/437 71/438
f 69/439 63/440 60/441
f 73/442 76/443 75/444
f 72/445 73/446 48/447
f 73/448 75/449 74/450
f 1781/451 36/452 66/453
f 66/454 36/455 48/456
f 79/457 36/458 1781/459
f 73/460 72/461 16/462
f 73/463 16/464 76/465
f 64/466 75/467 76/468
f 74/469 75/470 64/471
f 81/472 76/473 16/474
f 77/475 37/476 78/477
f 77/478 78/479 79/480
f 1781/481 66/482 1768/483
f 78/484 35/485 79/486
f 16/487 80/488 81/489
f 81/490 58/491 76/492
f 80/493 58/494 81/495
f 17/496 58/497 80/498
f 89/499 85/500 94/501
f 115/502 94/503 85/504
f 86/505 115/506 85/507
f 85/508 91/509 86/510
f 86/511 91/512 87/513
f 82/514 90/515 84/516
f 90/517 87/518 91/519
f 88/520 85/521 89/522
f 85/523 88/524 91/525
f 88/526 93/527 84/528
f 84/529 91/530 88/531
f 90/532 91/533 84/534
f 82/535 84/536 83/537
f 83/538 84/539 93/540
f 27/541 105/542 24/543
f 24/544 105/545 93/546
f 24/547 93/548 12/549
f 105/550 83/551 93/552
f 89/553 93/554 88/555
f 92/556 12/557 97/558
f 95/559 97/560 178/561
f 95/562 92/563 97/564
f 93/565 89/566 97/567
f 178/568 97/569 89/570
f 94/571 178/572 89/573
f 12/574 93/575 97/576
f 95/577 172/578 92/579
f 104/580 1730/581 98/582
f 98/583 99/584 104/585
f 98/586 100/587 99/588
f 101/589 104/590 99/591
f 102/592 104/593 101/594
f 103/595 102/596 101/597
f 102/598 106/599 104/600
f 105/601 21/602 104/603
f 21/604 105/605 27/606
f 105/607 106/608 83/609
f 105/610 104/611 106/612
f 21/613 1730/614 104/615
f 270/616 263/617 273/618
f 108/619 109/620 813/621
f 110/622 112/623 113/624
f 94/625 115/626 113/627
f 131/628 121/629 161/630
f 114/631 179/632 124/633
f 133/634 167/635 169/636
f 124/637 125/638 114/639
f 124/640 179/641 175/642
f 133/643 161/644 167/645
f 144/646 129/647 123/648
f 148/649 134/650 149/651
f 133/652 130/653 132/654
f 144/655 113/656 115/657
f 112/658 186/659 113/660
f 110/661 113/662 144/663
f 121/664 126/665 167/666
f 124/667 175/668 189/669
f 119/670 116/671 146/672
f 130/673 117/674 132/675
f 132/676 122/677 133/678
f 149/679 167/680 126/681
f 117/682 129/683 144/684
f 123/685 110/686 144/687
f 177/688 148/689 120/690
f 130/691 169/692 129/693
f 167/694 118/695 168/696
f 122/697 145/698 127/699
f 169/700 130/701 133/702
f 165/703 131/704 161/705
f 122/706 165/707 161/708
f 114/709 118/710 134/711
f 133/712 122/713 161/714
f 121/715 167/716 161/717
f 129/718 117/719 130/720
f 165/721 122/722 127/723
f 128/724 132/725 117/726
f 124/727 123/728 125/729
f 168/730 169/731 167/732
f 114/733 177/734 185/735
f 188/736 112/737 110/738
f 147/739 126/740 121/741
f 129/742 168/743 123/744
f 181/745 175/746 179/747
f 136/748 135/749 137/750
f 198/751 176/752 219/753
f 114/754 125/755 118/756
f 177/757 114/758 134/759
f 168/760 125/761 123/762
f 136/763 137/764 150/765
f 159/766 151/767 142/768
f 173/769 181/770 254/771
f 139/772 141/773 138/774
f 135/775 219/776 137/777
f 160/778 163/779 143/780
f 141/781 135/782 138/783
f 140/784 141/785 139/786
f 216/787 215/788 140/789
f 222/790 219/791 135/792
f 222/793 135/794 141/795
f 164/796 142/797 143/798
f 151/799 143/800 142/801
f 164/802 166/803 142/804
f 143/805 163/806 164/807
f 114/808 190/809 181/810
f 188/811 110/812 189/813
f 185/814 190/815 114/816
f 185/817 187/818 184/819
f 111/820 180/821 126/822
f 123/823 189/824 110/825
f 233/826 234/827 593/828
f 160/829 143/830 150/831
f 136/832 151/833 162/834
f 150/835 143/836 151/837
f 153/838 216/839 140/840
f 140/841 156/842 153/843
f 140/844 139/845 156/846
f 156/847 152/848 153/849
f 138/850 155/851 139/852
f 155/853 138/854 159/855
f 139/856 157/857 156/858
f 152/859 156/860 1259/861
f 1259/862 157/863 158/864
f 156/865 157/866 1259/867
f 139/868 155/869 157/870
f 138/871 162/872 159/873
f 158/874 157/875 155/876
f 158/877 155/878 1259/879
f 162/880 138/881 135/882
f 135/883 136/884 162/885
f 176/886 137/887 219/888
f 131/889 147/890 121/891
f 119/892 163/893 131/894
f 148/895 126/896 120/897
f 180/898 176/899 126/900
f 147/901 131/902 163/903
f 247/904 623/905 624/906
f 163/907 119/908 146/909
f 180/910 111/911 160/912
f 225/913 238/914 237/915
f 120/916 176/917 187/918
f 162/919 151/920 159/921
f 151/922 136/923 150/924
f 159/925 142/926 166/927
f 1256/928 155/929 159/930
f 197/931 184/932 187/933
f 152/934 154/935 153/936
f 241/937 238/938 225/939
f 134/940 148/941 177/942
f 180/943 137/944 176/945
f 187/946 177/947 120/948
f 119/949 165/950 116/951
f 198/952 187/953 176/954
f 111/955 147/956 163/957
f 189/958 123/959 124/960
f 185/961 177/962 187/963
f 165/964 119/965 131/966
f 149/967 126/968 148/969
f 160/970 111/971 163/972
f 166/973 275/974 159/975
f 155/976 1256/977 1259/978
f 95/979 178/980 182/981
f 261/982 254/983 181/984
f 258/985 174/986 173/987
f 258/988 182/989 174/990
f 182/991 258/992 171/993
f 174/994 182/995 178/996
f 176/997 120/998 126/999
f 261/1000 204/1001 257/1002
f 189/1003 175/1004 183/1005
f 95/1006 182/1007 96/1008
f 183/1009 188/1010 189/1011
f 182/1012 171/1013 96/1014
f 179/1015 114/1016 181/1017
f 186/1018 112/1019 188/1020
f 174/1021 178/1022 186/1023
f 183/1024 175/1025 181/1026
f 94/1027 113/1028 186/1029
f 186/1030 178/1031 94/1032
f 174/1033 186/1034 188/1035
f 137/1036 180/1037 150/1038
f 183/1039 174/1040 188/1041
f 163/1042 146/1043 164/1044
f 169/1045 168/1046 129/1047
f 168/1048 118/1049 125/1050
f 111/1051 126/1052 147/1053
f 1/1054 2/1055 172/1056
f 196/1057 202/1058 194/1059
f 202/1060 191/1061 192/1062
f 194/1063 192/1064 193/1065
f 192/1066 191/1067 585/1068
f 193/1069 192/1070 585/1071
f 194/1072 202/1073 192/1074
f 197/1075 199/1076 201/1077
f 203/1078 197/1079 201/1080
f 207/1081 196/1082 206/1083
f 160/1084 150/1085 180/1086
f 268/1087 201/1088 199/1089
f 207/1090 209/1091 196/1092
f 209/1093 207/1094 211/1095
f 194/1096 193/1097 199/1098
f 204/1099 261/1100 203/1101
f 199/1102 207/1103 206/1104
f 184/1105 197/1106 203/1107
f 206/1108 196/1109 194/1110
f 194/1111 199/1112 206/1113
f 204/1114 203/1115 205/1116
f 205/1117 203/1118 201/1119
f 272/1120 205/1121 268/1122
f 205/1123 201/1124 268/1125
f 207/1126 198/1127 211/1128
f 190/1129 261/1130 181/1131
f 184/1132 190/1133 185/1134
f 197/1135 187/1136 198/1137
f 199/1138 193/1139 195/1140
f 199/1141 195/1142 268/1143
f 198/1144 207/1145 197/1146
f 579/1147 239/1148 580/1149
f 197/1150 207/1151 199/1152
f 239/1153 579/1154 196/1155
f 579/1156 202/1157 196/1158
f 272/1159 257/1160 205/1161
f 216/1162 208/1163 223/1164
f 216/1165 217/1166 208/1167
f 208/1168 236/1169 244/1170
f 212/1171 209/1172 211/1173
f 140/1174 215/1175 141/1176
f 212/1177 211/1178 220/1179
f 215/1180 223/1181 221/1182
f 221/1183 210/1184 212/1185
f 221/1186 212/1187 218/1188
f 213/1189 208/1190 244/1191
f 236/1192 208/1193 217/1194
f 223/1195 215/1196 216/1197
f 1247/1198 236/1199 214/1200
f 154/1201 214/1202 153/1203
f 218/1204 222/1205 141/1206
f 141/1207 215/1208 218/1209
f 218/1210 215/1211 221/1212
f 217/1213 214/1214 236/1215
f 219/1216 211/1217 198/1218
f 219/1219 220/1220 211/1221
f 223/1222 208/1223 213/1224
f 214/1225 217/1226 153/1227
f 217/1228 216/1229 153/1230
f 219/1231 222/1232 220/1233
f 222/1234 212/1235 220/1236
f 218/1237 212/1238 222/1239
f 221/1240 223/1241 213/1242
f 1247/1243 1203/1244 236/1245
f 212/1246 210/1247 224/1248
f 212/1249 224/1250 209/1251
f 227/1252 637/1253 230/1254
f 227/1255 228/1256 637/1257
f 226/1258 228/1259 227/1260
f 248/1261 250/1262 249/1263
f 630/1264 245/1265 643/1266
f 170/1267 240/1268 243/1269
f 242/1270 252/1271 250/1272
f 252/1273 251/1274 210/1275
f 209/1276 224/1277 251/1278
f 227/1279 231/1280 226/1281
f 227/1282 230/1283 231/1284
f 224/1285 210/1286 251/1287
f 580/1288 239/1289 232/1290
f 230/1291 229/1292 238/1293
f 311/1294 307/1295 301/1296
f 345/1297 303/1298 322/1299
f 236/1300 243/1301 240/1302
f 241/1303 225/1304 280/1305
f 252/1306 233/1307 235/1308
f 236/1309 1203/1310 243/1311
f 170/1312 226/1313 240/1314
f 248/1315 246/1316 238/1317
f 245/1318 630/1319 625/1320
f 226/1321 231/1322 249/1323
f 640/1324 225/1325 237/1326
f 213/1327 244/1328 250/1329
f 231/1330 248/1331 249/1332
f 246/1333 248/1334 231/1335
f 643/1336 245/1337 229/1338
f 229/1339 237/1340 238/1341
f 249/1342 240/1343 226/1344
f 247/1345 237/1346 229/1347
f 229/1348 245/1349 247/1350
f 249/1351 244/1352 240/1353
f 232/1354 239/1355 251/1356
f 250/1357 241/1358 242/1359
f 251/1360 235/1361 232/1362
f 239/1363 196/1364 209/1365
f 209/1366 251/1367 239/1368
f 229/1369 230/1370 643/1371
f 238/1372 241/1373 248/1374
f 231/1375 230/1376 246/1377
f 250/1378 248/1379 241/1380
f 228/1381 1282/1382 637/1383
f 244/1384 249/1385 250/1386
f 1230/1387 170/1388 243/1389
f 240/1390 244/1391 236/1392
f 233/1393 242/1394 241/1395
f 251/1396 252/1397 235/1398
f 246/1399 230/1400 238/1401
f 242/1402 233/1403 252/1404
f 580/1405 235/1406 233/1407
f 640/1408 646/1409 280/1410
f 250/1411 252/1412 210/1413
f 250/1414 210/1415 213/1416
f 221/1417 213/1418 210/1419
f 228/1420 226/1421 170/1422
f 228/1423 1230/1424 253/1425
f 170/1426 1230/1427 228/1428
f 559/1429 580/1430 233/1431
f 1281/1432 253/1433 1280/1434
f 254/1435 255/1436 258/1437
f 255/1438 259/1439 271/1440
f 190/1441 203/1442 261/1443
f 203/1444 190/1445 184/1446
f 171/1447 255/1448 262/1449
f 259/1450 255/1451 254/1452
f 265/1453 200/1454 256/1455
f 173/1456 254/1457 258/1458
f 259/1459 261/1460 200/1461
f 257/1462 272/1463 200/1464
f 586/1465 270/1466 585/1467
f 267/1468 200/1469 272/1470
f 272/1471 268/1472 267/1473
f 200/1474 261/1475 257/1476
f 181/1477 173/1478 183/1479
f 265/1480 264/1481 271/1482
f 273/1483 195/1484 193/1485
f 273/1486 263/1487 195/1488
f 1264/1489 289/1490 305/1491
f 345/1492 307/1493 287/1494
f 345/1495 301/1496 307/1497
f 310/1498 287/1499 307/1500
f 288/1501 1270/1502 303/1503
f 260/1504 813/1505 109/1506
f 265/1507 256/1508 109/1509
f 256/1510 260/1511 109/1512
f 267/1513 269/1514 256/1515
f 267/1516 256/1517 200/1518
f 255/1519 171/1520 258/1521
f 270/1522 586/1523 801/1524
f 268/1525 195/1526 267/1527
f 285/1528 1264/1529 305/1530
f 256/1531 269/1532 260/1533
f 303/1534 287/1535 288/1536
f 303/1537 345/1538 287/1539
f 271/1540 259/1541 200/1542
f 3/1543 171/1544 262/1545
f 269/1546 270/1547 266/1548
f 269/1549 263/1550 270/1551
f 267/1552 195/1553 263/1554
f 264/1555 265/1556 109/1557
f 11/1558 4/1559 6/1560
f 264/1561 107/1562 11/1563
f 265/1564 271/1565 200/1566
f 204/1567 205/1568 257/1569
f 273/1570 193/1571 585/1572
f 108/1573 107/1574 109/1575
f 8/1576 95/1577 7/1578
f 275/1579 1256/1580 159/1581
f 277/1582 274/1583 276/1584
f 276/1585 274/1586 275/1587
f 276/1588 275/1589 166/1590
f 173/1591 174/1592 183/1593
f 283/1594 365/1595 1262/1596
f 1262/1597 290/1598 283/1599
f 290/1600 291/1601 283/1602
f 284/1603 283/1604 291/1605
f 286/1606 304/1607 282/1608
f 282/1609 281/1610 286/1611
f 281/1612 284/1613 291/1614
f 304/1615 306/1616 282/1617
f 287/1618 305/1619 289/1620
f 292/1621 1275/1622 1263/1623
f 290/1624 1275/1625 292/1626
f 291/1627 290/1628 292/1629
f 292/1630 281/1631 291/1632
f 305/1633 295/1634 292/1635
f 311/1636 309/1637 298/1638
f 298/1639 304/1640 311/1641
f 317/1642 293/1643 306/1644
f 284/1645 282/1646 294/1647
f 284/1648 294/1649 366/1650
f 284/1651 281/1652 282/1653
f 313/1654 294/1655 293/1656
f 282/1657 293/1658 294/1659
f 281/1660 295/1661 286/1662
f 292/1663 295/1664 281/1665
f 311/1666 297/1667 309/1668
f 297/1669 296/1670 309/1671
f 297/1672 311/1673 301/1674
f 300/1675 299/1676 296/1677
f 301/1678 300/1679 297/1680
f 296/1681 297/1682 300/1683
f 301/1684 302/1685 300/1686
f 302/1687 301/1688 345/1689
f 304/1690 298/1691 306/1692
f 293/1693 282/1694 306/1695
f 310/1696 286/1697 295/1698
f 298/1699 308/1700 306/1701
f 298/1702 314/1703 308/1704
f 1205/1705 377/1706 1202/1707
f 314/1708 309/1709 299/1710
f 314/1711 298/1712 309/1713
f 304/1714 286/1715 310/1716
f 310/1717 307/1718 304/1719
f 307/1720 311/1721 304/1722
f 310/1723 295/1724 305/1725
f 287/1726 310/1727 305/1728
f 305/1729 292/1730 285/1731
f 299/1732 309/1733 296/1734
f 341/1735 418/1736 316/1737
f 318/1738 313/1739 317/1740
f 315/1741 341/1742 316/1743
f 315/1744 319/1745 341/1746
f 318/1747 317/1748 308/1749
f 312/1750 318/1751 308/1752
f 308/1753 314/1754 315/1755
f 317/1756 306/1757 308/1758
f 312/1759 308/1760 316/1761
f 319/1762 315/1763 314/1764
f 317/1765 313/1766 293/1767
f 315/1768 316/1769 308/1770
f 320/1771 321/1772 338/1773
f 424/1774 428/1775 320/1776
f 414/1777 424/1778 426/1779
f 324/1780 338/1781 321/1782
f 424/1783 473/1784 426/1785
f 335/1786 325/1787 329/1788
f 332/1789 323/1790 319/1791
f 319/1792 314/1793 299/1794
f 334/1795 327/1796 324/1797
f 329/1798 327/1799 334/1800
f 332/1801 333/1802 329/1803
f 333/1804 336/1805 329/1806
f 329/1807 334/1808 332/1809
f 321/1810 320/1811 340/1812
f 323/1813 321/1814 319/1815
f 344/1816 326/1817 1064/1818
f 322/1819 326/1820 348/1821
f 471/1822 426/1823 473/1824
f 339/1825 324/1826 327/1827
f 327/1828 328/1829 339/1830
f 341/1831 319/1832 321/1833
f 330/1834 328/1835 327/1836
f 325/1837 330/1838 327/1839
f 427/1840 340/1841 320/1842
f 323/1843 324/1844 321/1845
f 333/1846 332/1847 299/1848
f 325/1849 337/1850 342/1851
f 299/1852 332/1853 319/1854
f 335/1855 329/1856 336/1857
f 333/1858 346/1859 336/1860
f 336/1861 346/1862 348/1863
f 473/1864 424/1865 338/1866
f 473/1867 338/1868 474/1869
f 339/1870 503/1871 474/1872
f 474/1873 338/1874 339/1875
f 324/1876 339/1877 338/1878
f 340/1879 331/1880 341/1881
f 418/1882 341/1883 331/1884
f 341/1885 321/1886 340/1887
f 335/1888 337/1889 325/1890
f 337/1891 335/1892 336/1893
f 334/1894 324/1895 323/1896
f 330/1897 325/1898 342/1899
f 327/1900 329/1901 325/1902
f 326/1903 344/1904 337/1905
f 344/1906 343/1907 342/1908
f 333/1909 299/1910 347/1911
f 332/1912 334/1913 323/1914
f 326/1915 337/1916 336/1917
f 337/1918 344/1919 342/1920
f 347/1921 299/1922 302/1923
f 345/1924 322/1925 348/1926
f 346/1927 345/1928 348/1929
f 345/1930 346/1931 302/1932
f 346/1933 333/1934 347/1935
f 326/1936 336/1937 348/1938
f 349/1939 347/1940 302/1941
f 349/1942 302/1943 346/1944
f 300/1945 302/1946 299/1947
f 326/1948 1164/1949 1064/1950
f 375/1951 353/1952 1210/1953
f 364/1954 350/1955 396/1956
f 364/1957 351/1958 350/1959
f 361/1960 350/1961 351/1962
f 371/1963 356/1964 353/1965
f 353/1966 354/1967 371/1968
f 372/1969 355/1970 352/1971
f 364/1972 358/1973 351/1974
f 361/1975 351/1976 357/1977
f 364/1978 355/1979 358/1980
f 352/1981 355/1982 364/1983
f 358/1984 357/1985 351/1986
f 355/1987 372/1988 356/1989
f 358/1990 355/1991 356/1992
f 710/1993 1276/1994 352/1995
f 283/1996 371/1997 354/1998
f 283/1999 354/2000 365/2001
f 359/2002 367/2003 1236/2004
f 363/2005 361/2006 357/2007
f 356/2008 363/2009 358/2010
f 357/2011 358/2012 363/2013
f 363/2014 356/2015 371/2016
f 373/2017 641/2018 362/2019
f 373/2020 362/2021 710/2022
f 710/2023 362/2024 1276/2025
f 364/2026 394/2027 352/2028
f 370/2029 353/2030 375/2031
f 353/2032 370/2033 354/2034
f 375/2035 376/2036 370/2037
f 376/2038 377/2039 365/2040
f 365/2041 377/2042 1205/2043
f 366/2044 360/2045 363/2046
f 363/2047 371/2048 283/2049
f 283/2050 366/2051 363/2052
f 284/2053 366/2054 283/2055
f 367/2056 353/2057 356/2058
f 1210/2059 353/2060 367/2061
f 367/2062 359/2063 1210/2064
f 369/2065 368/2066 1279/2067
f 294/2068 381/2069 366/2070
f 381/2071 360/2072 366/2073
f 354/2074 370/2075 365/2076
f 376/2077 365/2078 370/2079
f 372/2080 367/2081 356/2082
f 1238/2083 367/2084 372/2085
f 1276/2086 1238/2087 372/2088
f 372/2089 352/2090 1276/2091
f 641/2092 374/2093 362/2094
f 710/2095 697/2096 373/2097
f 362/2098 374/2099 1276/2100
f 360/2101 361/2102 363/2103
f 352/2104 394/2105 710/2106
f 376/2107 375/2108 377/2109
f 374/2110 368/2111 369/2112
f 361/2113 396/2114 350/2115
f 378/2116 380/2117 453/2118
f 313/2119 380/2120 382/2121
f 294/2122 313/2123 382/2124
f 380/2125 456/2126 453/2127
f 390/2128 378/2129 453/2130
f 379/2131 378/2132 386/2133
f 381/2134 379/2135 360/2136
f 313/2137 318/2138 380/2139
f 312/2140 380/2141 318/2142
f 390/2143 386/2144 378/2145
f 378/2146 382/2147 380/2148
f 456/2149 380/2150 312/2151
f 382/2152 381/2153 294/2154
f 379/2155 382/2156 378/2157
f 381/2158 382/2159 379/2160
f 360/2161 379/2162 361/2163
f 393/2164 392/2165 450/2166
f 450/2167 392/2168 384/2169
f 450/2170 386/2171 390/2172
f 397/2173 387/2174 385/2175
f 379/2176 383/2177 361/2178
f 389/2179 388/2180 387/2181
f 384/2182 389/2183 450/2184
f 389/2185 386/2186 450/2187
f 384/2188 388/2189 389/2190
f 397/2191 385/2192 396/2193
f 364/2194 396/2195 385/2196
f 395/2197 391/2198 398/2199
f 385/2200 398/2201 391/2202
f 387/2203 398/2204 385/2205
f 840/2206 398/2207 843/2208
f 392/2209 843/2210 398/2211
f 392/2212 393/2213 843/2214
f 710/2215 394/2216 395/2217
f 394/2218 391/2219 395/2220
f 388/2221 384/2222 392/2223
f 388/2224 392/2225 398/2226
f 383/2227 397/2228 396/2229
f 383/2230 396/2231 361/2232
f 387/2233 397/2234 383/2235
f 391/2236 394/2237 364/2238
f 385/2239 391/2240 364/2241
f 383/2242 389/2243 387/2244
f 389/2245 383/2246 386/2247
f 387/2248 388/2249 398/2250
f 383/2251 379/2252 386/2253
f 405/2254 415/2255 400/2256
f 411/2257 400/2258 415/2259
f 400/2260 411/2261 404/2262
f 404/2263 402/2264 400/2265
f 400/2266 402/2267 405/2268
f 411/2269 410/2270 404/2271
f 411/2272 412/2273 403/2274
f 410/2275 411/2276 403/2277
f 404/2278 407/2279 402/2280
f 405/2281 406/2282 399/2283
f 399/2284 406/2285 431/2286
f 407/2287 408/2288 409/2289
f 409/2290 1381/2291 1375/2292
f 404/2293 408/2294 407/2295
f 407/2296 409/2297 402/2298
f 402/2299 409/2300 405/2301
f 403/2302 401/2303 410/2304
f 419/2305 413/2306 412/2307
f 405/2308 416/2309 415/2310
f 409/2311 406/2312 405/2313
f 412/2314 411/2315 419/2316
f 425/2317 428/2318 414/2319
f 399/2320 427/2321 416/2322
f 414/2323 423/2324 425/2325
f 414/2326 422/2327 423/2328
f 417/2329 399/2330 431/2331
f 420/2332 416/2333 427/2334
f 416/2335 405/2336 399/2337
f 421/2338 331/2339 417/2340
f 419/2341 557/2342 413/2343
f 557/2344 419/2345 423/2346
f 424/2347 414/2348 428/2349
f 320/2350 338/2351 424/2352
f 264/2353 109/2354 107/2355
f 421/2356 417/2357 431/2358
f 431/2359 430/2360 421/2361
f 411/2362 415/2363 416/2364
f 426/2365 422/2366 414/2367
f 425/2368 429/2369 420/2370
f 425/2371 420/2372 427/2373
f 423/2374 429/2375 425/2376
f 320/2377 428/2378 427/2379
f 416/2380 419/2381 411/2382
f 416/2383 429/2384 419/2385
f 429/2386 416/2387 420/2388
f 423/2389 419/2390 429/2391
f 406/2392 409/2393 1375/2394
f 406/2395 1375/2396 433/2397
f 1375/2398 432/2399 433/2400
f 431/2401 433/2402 430/2403
f 406/2404 433/2405 431/2406
f 13/2407 5/2408 10/2409
f 433/2410 432/2411 430/2412
f 439/2413 1394/2414 434/2415
f 434/2416 1493/2417 439/2418
f 436/2419 439/2420 441/2421
f 439/2422 437/2423 438/2424
f 439/2425 1493/2426 440/2427
f 440/2428 997/2429 437/2430
f 435/2431 451/2432 439/2433
f 451/2434 441/2435 439/2436
f 997/2437 442/2438 438/2439
f 997/2440 438/2441 437/2442
f 440/2443 437/2444 439/2445
f 439/2446 438/2447 435/2448
f 1394/2449 436/2450 432/2451
f 1394/2452 439/2453 436/2454
f 438/2455 442/2456 435/2457
f 444/2458 435/2459 442/2460
f 432/2461 436/2462 457/2463
f 444/2464 442/2465 445/2466
f 446/2467 444/2468 445/2469
f 447/2470 448/2471 446/2472
f 448/2473 444/2474 446/2475
f 446/2476 1003/2477 449/2478
f 449/2479 447/2480 446/2481
f 449/2482 450/2483 447/2484
f 450/2485 390/2486 452/2487
f 451/2488 435/2489 444/2490
f 450/2491 452/2492 447/2493
f 390/2494 453/2495 455/2496
f 441/2497 451/2498 454/2499
f 452/2500 390/2501 455/2502
f 454/2503 443/2504 441/2505
f 451/2506 452/2507 454/2508
f 1003/2509 843/2510 449/2511
f 449/2512 393/2513 450/2514
f 453/2515 443/2516 455/2517
f 448/2518 447/2519 452/2520
f 452/2521 444/2522 448/2523
f 393/2524 449/2525 843/2526
f 444/2527 452/2528 451/2529
f 452/2530 455/2531 454/2532
f 454/2533 455/2534 443/2535
f 453/2536 456/2537 443/2538
f 457/2539 456/2540 312/2541
f 457/2542 430/2543 432/2544
f 456/2545 457/2546 443/2547
f 441/2548 443/2549 457/2550
f 312/2551 430/2552 457/2553
f 312/2554 421/2555 430/2556
f 421/2557 312/2558 316/2559
f 441/2560 457/2561 436/2562
f 331/2563 340/2564 427/2565
f 421/2566 418/2567 331/2568
f 316/2569 418/2570 421/2571
f 331/2572 427/2573 417/2574
f 427/2575 399/2576 417/2577
f 472/2578 458/2579 482/2580
f 505/2581 482/2582 458/2583
f 816/2584 808/2585 813/2586
f 819/2587 822/2588 801/2589
f 428/2590 425/2591 427/2592
f 467/2593 519/2594 468/2595
f 471/2596 473/2597 508/2598
f 508/2599 468/2600 471/2601
f 474/2602 508/2603 473/2604
f 475/2605 488/2606 476/2607
f 328/2608 476/2609 339/2610
f 328/2611 475/2612 476/2613
f 328/2614 477/2615 475/2616
f 480/2617 478/2618 502/2619
f 502/2620 479/2621 480/2622
f 502/2623 478/2624 494/2625
f 482/2626 505/2627 481/2628
f 500/2629 482/2630 481/2631
f 328/2632 483/2633 477/2634
f 483/2635 328/2636 330/2637
f 505/2638 477/2639 483/2640
f 483/2641 481/2642 505/2643
f 330/2644 481/2645 483/2646
f 499/2647 484/2648 485/2649
f 491/2650 486/2651 484/2652
f 485/2653 484/2654 486/2655
f 491/2656 487/2657 489/2658
f 497/2659 499/2660 485/2661
f 459/2662 472/2663 470/2664
f 470/2665 472/2666 482/2667
f 489/2668 521/2669 486/2670
f 486/2671 491/2672 489/2673
f 467/2674 485/2675 486/2676
f 492/2677 481/2678 342/2679
f 343/2680 509/2681 492/2682
f 481/2683 492/2684 500/2685
f 466/2686 494/2687 499/2688
f 466/2689 510/2690 493/2691
f 501/2692 464/2693 507/2694
f 493/2695 510/2696 458/2697
f 472/2698 493/2699 458/2700
f 344/2701 1086/2702 343/2703
f 494/2704 466/2705 493/2706
f 492/2707 342/2708 343/2709
f 491/2710 484/2711 487/2712
f 514/2713 515/2714 469/2715
f 485/2716 498/2717 497/2718
f 498/2719 468/2720 497/2721
f 490/2722 487/2723 484/2724
f 502/2725 472/2726 459/2727
f 502/2728 459/2729 479/2730
f 500/2731 492/2732 469/2733
f 469/2734 492/2735 509/2736
f 470/2737 500/2738 469/2739
f 470/2740 482/2741 500/2742
f 478/2743 490/2744 494/2745
f 494/2746 493/2747 502/2748
f 501/2749 504/2750 496/2751
f 463/2752 501/2753 1068/2754
f 496/2755 1068/2756 501/2757
f 472/2758 502/2759 493/2760
f 339/2761 476/2762 503/2763
f 460/2764 465/2765 463/2766
f 475/2767 477/2768 458/2769
f 458/2770 477/2771 505/2772
f 476/2773 488/2774 506/2775
f 476/2776 506/2777 503/2778
f 508/2779 506/2780 488/2781
f 1086/2782 509/2783 343/2784
f 475/2785 458/2786 510/2787
f 490/2788 484/2789 494/2790
f 479/2791 511/2792 480/2793
f 468/2794 498/2795 467/2796
f 479/2797 507/2798 512/2799
f 508/2800 488/2801 497/2802
f 506/2803 508/2804 503/2805
f 481/2806 330/2807 342/2808
f 508/2809 474/2810 503/2811
f 509/2812 514/2813 469/2814
f 514/2815 509/2816 495/2817
f 509/2818 1086/2819 495/2820
f 510/2821 499/2822 497/2823
f 501/2824 515/2825 504/2826
f 499/2827 494/2828 484/2829
f 504/2830 515/2831 495/2832
f 466/2833 499/2834 510/2835
f 515/2836 514/2837 495/2838
f 475/2839 510/2840 497/2841
f 501/2842 470/2843 515/2844
f 459/2845 470/2846 501/2847
f 515/2848 470/2849 469/2850
f 507/2851 459/2852 501/2853
f 459/2854 507/2855 479/2856
f 468/2857 508/2858 497/2859
f 468/2860 519/2861 471/2862
f 517/2863 528/2864 516/2865
f 523/2866 520/2867 516/2868
f 517/2869 516/2870 520/2871
f 530/2872 525/2873 489/2874
f 536/2875 517/2876 520/2877
f 527/2878 519/2879 518/2880
f 547/2881 536/2882 520/2883
f 489/2884 525/2885 521/2886
f 467/2887 486/2888 521/2889
f 525/2890 530/2891 524/2892
f 528/2893 518/2894 522/2895
f 413/2896 557/2897 527/2898
f 413/2899 527/2900 517/2901
f 426/2902 527/2903 557/2904
f 553/2905 517/2906 539/2907
f 536/2908 539/2909 517/2910
f 526/2911 523/2912 525/2913
f 526/2914 525/2915 524/2916
f 525/2917 523/2918 521/2919
f 523/2920 526/2921 520/2922
f 413/2923 517/2924 553/2925
f 522/2926 516/2927 528/2928
f 516/2929 522/2930 523/2931
f 521/2932 523/2933 522/2934
f 527/2935 528/2936 517/2937
f 529/2938 547/2939 520/2940
f 529/2941 520/2942 526/2943
f 518/2944 519/2945 467/2946
f 518/2947 528/2948 527/2949
f 526/2950 524/2951 529/2952
f 519/2953 527/2954 471/2955
f 471/2956 527/2957 426/2958
f 521/2959 522/2960 518/2961
f 521/2962 518/2963 467/2964
f 555/2965 533/2966 542/2967
f 538/2968 555/2969 542/2970
f 542/2971 534/2972 540/2973
f 534/2974 555/2975 538/2976
f 547/2977 544/2978 535/2979
f 538/2980 537/2981 534/2982
f 548/2983 547/2984 535/2985
f 535/2986 543/2987 554/2988
f 545/2989 537/2990 541/2991
f 542/2992 548/2993 538/2994
f 542/2995 533/2996 534/2997
f 545/2998 534/2999 537/3000
f 546/3001 543/3002 544/3003
f 544/3004 543/3005 535/3006
f 536/3007 547/3008 549/3009
f 538/3010 548/3011 535/3012
f 547/3013 548/3014 549/3015
f 552/3016 551/3017 412/3018
f 551/3019 552/3020 550/3021
f 412/3022 551/3023 403/3024
f 549/3025 539/3026 536/3027
f 548/3028 540/3029 549/3030
f 1318/3031 551/3032 550/3033
f 552/3034 553/3035 539/3036
f 553/3037 412/3038 413/3039
f 553/3040 552/3041 412/3042
f 549/3043 550/3044 539/3045
f 539/3046 550/3047 552/3048
f 554/3049 537/3050 535/3051
f 537/3052 554/3053 531/3054
f 1317/3055 533/3056 532/3057
f 555/3058 532/3059 533/3060
f 547/3061 529/3062 544/3063
f 556/3064 540/3065 545/3066
f 545/3067 540/3068 534/3069
f 541/3070 537/3071 531/3072
f 537/3073 538/3074 535/3075
f 548/3076 542/3077 540/3078
f 550/3079 549/3080 556/3081
f 540/3082 556/3083 549/3084
f 545/3085 1312/3086 556/3087
f 1317/3088 1305/3089 533/3090
f 1307/3091 555/3092 558/3093
f 555/3094 534/3095 558/3096
f 534/3097 533/3098 1305/3099
f 426/3100 557/3101 422/3102
f 423/3103 422/3104 557/3105
f 501/3106 463/3107 464/3108
f 485/3109 467/3110 498/3111
f 593/3112 590/3113 559/3114
f 590/3115 593/3116 592/3117
f 613/3118 718/3119 560/3120
f 718/3121 767/3122 560/3123
f 561/3124 560/3125 767/3126
f 560/3127 561/3128 616/3129
f 561/3130 618/3131 616/3132
f 618/3133 561/3134 592/3135
f 802/3136 829/3137 824/3138
f 270/3139 273/3140 585/3141
f 566/3142 567/3143 768/3144
f 561/3145 767/3146 567/3147
f 567/3148 566/3149 582/3150
f 567/3151 582/3152 561/3153
f 581/3154 591/3155 566/3156
f 570/3157 581/3158 566/3159
f 590/3160 561/3161 582/3162
f 568/3163 569/3164 773/3165
f 568/3166 562/3167 569/3168
f 570/3169 571/3170 569/3171
f 562/3172 572/3173 569/3174
f 573/3175 572/3176 562/3177
f 570/3178 569/3179 572/3180
f 572/3181 581/3182 570/3183
f 566/3184 768/3185 571/3186
f 768/3187 567/3188 767/3189
f 769/3190 569/3191 571/3192
f 573/3193 574/3194 572/3195
f 574/3196 575/3197 572/3198
f 583/3199 573/3200 802/3201
f 573/3202 583/3203 574/3204
f 577/3205 575/3206 584/3207
f 577/3208 578/3209 576/3210
f 578/3211 559/3212 576/3213
f 202/3214 579/3215 578/3216
f 577/3217 581/3218 575/3219
f 582/3220 576/3221 590/3222
f 260/3223 269/3224 266/3225
f 462/3226 464/3227 463/3228
f 806/3229 829/3230 563/3231
f 562/3232 568/3233 587/3234
f 461/3235 504/3236 495/3237
f 513/3238 461/3239 495/3240
f 812/3241 563/3242 803/3243
f 461/3244 496/3245 504/3246
f 488/3247 475/3248 497/3249
f 824/3250 829/3251 806/3252
f 564/3253 573/3254 562/3255
f 583/3256 802/3257 586/3258
f 574/3259 583/3260 575/3261
f 583/3262 191/3263 575/3264
f 583/3265 586/3266 585/3267
f 191/3268 583/3269 585/3270
f 575/3271 191/3272 584/3273
f 581/3274 572/3275 575/3276
f 787/3277 788/3278 831/3279
f 270/3280 801/3281 266/3282
f 586/3283 802/3284 801/3285
f 822/3286 826/3287 801/3288
f 826/3289 822/3290 811/3291
f 580/3292 559/3293 578/3294
f 593/3295 559/3296 233/3297
f 579/3298 580/3299 578/3300
f 565/3301 564/3302 829/3303
f 829/3304 802/3305 565/3306
f 774/3307 772/3308 828/3309
f 587/3310 568/3311 774/3312
f 568/3313 773/3314 774/3315
f 573/3316 564/3317 565/3318
f 573/3319 565/3320 802/3321
f 810/3322 823/3323 833/3324
f 570/3325 566/3326 571/3327
f 577/3328 576/3329 591/3330
f 576/3331 582/3332 591/3333
f 591/3334 581/3335 577/3336
f 590/3337 592/3338 561/3339
f 566/3340 591/3341 582/3342
f 202/3343 584/3344 191/3345
f 202/3346 578/3347 577/3348
f 202/3349 577/3350 584/3351
f 576/3352 559/3353 590/3354
f 235/3355 580/3356 232/3357
f 594/3358 646/3359 611/3360
f 593/3361 594/3362 592/3363
f 234/3364 280/3365 594/3366
f 593/3367 234/3368 594/3369
f 635/3370 606/3371 642/3372
f 642/3373 606/3374 631/3375
f 597/3376 631/3377 606/3378
f 597/3379 604/3380 633/3381
f 599/3382 635/3383 711/3384
f 599/3385 722/3386 635/3387
f 620/3388 602/3389 601/3390
f 620/3391 601/3392 600/3393
f 603/3394 634/3395 601/3396
f 604/3397 606/3398 635/3399
f 605/3400 607/3401 602/3402
f 633/3403 604/3404 603/3405
f 633/3406 603/3407 627/3408
f 628/3409 607/3410 605/3411
f 596/3412 607/3413 626/3414
f 597/3415 606/3416 604/3417
f 608/3418 603/3419 596/3420
f 608/3421 627/3422 603/3423
f 626/3424 607/3425 610/3426
f 596/3427 626/3428 608/3429
f 614/3430 612/3431 613/3432
f 622/3433 619/3434 612/3435
f 614/3436 613/3437 560/3438
f 622/3439 612/3440 615/3441
f 560/3442 616/3443 614/3444
f 615/3445 612/3446 614/3447
f 600/3448 622/3449 615/3450
f 617/3451 615/3452 614/3453
f 616/3454 617/3455 614/3456
f 615/3457 620/3458 600/3459
f 610/3460 623/3461 245/3462
f 618/3463 617/3464 616/3465
f 615/3466 605/3467 620/3468
f 617/3469 605/3470 615/3471
f 617/3472 618/3473 621/3474
f 592/3475 621/3476 618/3477
f 621/3478 605/3479 617/3480
f 628/3481 605/3482 621/3483
f 594/3484 621/3485 592/3486
f 611/3487 609/3488 621/3489
f 594/3490 611/3491 621/3492
f 603/3493 635/3494 722/3495
f 245/3496 623/3497 247/3498
f 245/3499 625/3500 610/3501
f 623/3502 628/3503 624/3504
f 623/3505 610/3506 628/3507
f 608/3508 630/3509 627/3510
f 610/3511 625/3512 626/3513
f 608/3514 626/3515 625/3516
f 628/3517 610/3518 607/3519
f 628/3520 609/3521 624/3522
f 624/3523 609/3524 640/3525
f 609/3526 628/3527 621/3528
f 595/3529 630/3530 643/3531
f 608/3532 625/3533 630/3534
f 630/3535 595/3536 632/3537
f 629/3538 631/3539 632/3540
f 629/3541 632/3542 595/3543
f 632/3544 627/3545 630/3546
f 597/3547 632/3548 631/3549
f 632/3550 597/3551 633/3552
f 627/3553 632/3554 633/3555
f 603/3556 722/3557 634/3558
f 603/3559 604/3560 635/3561
f 634/3562 600/3563 601/3564
f 619/3565 636/3566 598/3567
f 634/3568 622/3569 600/3570
f 598/3571 636/3572 704/3573
f 619/3574 622/3575 636/3576
f 634/3577 636/3578 622/3579
f 642/3580 711/3581 635/3582
f 634/3583 704/3584 636/3585
f 638/3586 637/3587 639/3588
f 640/3589 237/3590 624/3591
f 280/3592 234/3593 233/3594
f 225/3595 640/3596 280/3597
f 646/3598 594/3599 280/3600
f 642/3601 645/3602 1279/3603
f 368/3604 641/3605 1279/3606
f 642/3607 641/3608 644/3609
f 1279/3610 641/3611 642/3612
f 247/3613 624/3614 237/3615
f 639/3616 637/3617 845/3618
f 642/3619 644/3620 711/3621
f 696/3622 641/3623 373/3624
f 645/3625 631/3626 629/3627
f 642/3628 631/3629 645/3630
f 644/3631 641/3632 696/3633
f 704/3634 634/3635 722/3636
f 611/3637 646/3638 609/3639
f 646/3640 640/3641 609/3642
f 233/3643 241/3644 280/3645
f 638/3646 230/3647 637/3648
f 230/3649 638/3650 643/3651
f 643/3652 638/3653 595/3654
f 639/3655 645/3656 595/3657
f 595/3658 638/3659 639/3660
f 637/3661 1282/3662 845/3663
f 645/3664 629/3665 595/3666
f 925/3667 650/3668 926/3669
f 649/3670 648/3671 647/3672
f 649/3673 647/3674 650/3675
f 648/3676 649/3677 651/3678
f 651/3679 649/3680 652/3681
f 650/3682 1873/3683 649/3684
f 655/3685 658/3686 651/3687
f 653/3688 664/3689 654/3690
f 666/3691 589/3692 653/3693
f 653/3694 654/3695 666/3696
f 663/3697 1873/3698 785/3699
f 663/3700 784/3701 662/3702
f 661/3703 660/3704 662/3705
f 661/3706 666/3707 655/3708
f 1873/3709 650/3710 1868/3711
f 967/3712 659/3713 657/3714
f 648/3715 659/3716 647/3717
f 659/3718 658/3719 657/3720
f 650/3721 1900/3722 1868/3723
f 648/3724 658/3725 659/3726
f 648/3727 651/3728 658/3729
f 650/3730 647/3731 926/3732
f 647/3733 659/3734 967/3735
f 1873/3736 652/3737 649/3738
f 1873/3739 660/3740 652/3741
f 652/3742 655/3743 651/3744
f 660/3745 655/3746 652/3747
f 655/3748 660/3749 661/3750
f 662/3751 660/3752 1873/3753
f 1873/3754 663/3755 662/3756
f 1899/3757 1900/3758 925/3759
f 925/3760 1900/3761 650/3762
f 666/3763 661/3764 831/3765
f 664/3766 655/3767 654/3768
f 655/3769 664/3770 658/3771
f 589/3772 664/3773 653/3774
f 656/3775 664/3776 589/3777
f 664/3778 656/3779 657/3780
f 664/3781 657/3782 658/3783
f 655/3784 666/3785 654/3786
f 589/3787 669/3788 656/3789
f 657/3790 937/3791 967/3792
f 825/3793 665/3794 588/3795
f 665/3796 666/3797 834/3798
f 673/3799 680/3800 681/3801
f 951/3802 670/3803 681/3804
f 669/3805 589/3806 671/3807
f 670/3808 672/3809 673/3810
f 671/3811 589/3812 675/3813
f 667/3814 688/3815 692/3816
f 676/3817 671/3818 672/3819
f 674/3820 685/3821 693/3822
f 685/3823 674/3824 678/3825
f 680/3826 688/3827 667/3828
f 950/3829 949/3830 669/3831
f 685/3832 689/3833 835/3834
f 825/3835 588/3836 836/3837
f 668/3838 693/3839 677/3840
f 680/3841 693/3842 668/3843
f 668/3844 677/3845 690/3846
f 681/3847 680/3848 692/3849
f 692/3850 680/3851 667/3852
f 692/3853 691/3854 882/3855
f 676/3856 670/3857 950/3858
f 745/3859 683/3860 690/3861
f 674/3862 684/3863 672/3864
f 676/3865 672/3866 670/3867
f 693/3868 680/3869 684/3870
f 835/3871 677/3872 693/3873
f 685/3874 678/3875 825/3876
f 685/3877 825/3878 689/3879
f 835/3880 832/3881 772/3882
f 675/3883 672/3884 671/3885
f 691/3886 688/3887 683/3888
f 686/3889 691/3890 683/3891
f 676/3892 669/3893 671/3894
f 745/3895 686/3896 683/3897
f 687/3898 951/3899 681/3900
f 836/3901 689/3902 825/3903
f 819/3904 824/3905 821/3906
f 673/3907 681/3908 670/3909
f 820/3910 818/3911 805/3912
f 687/3913 681/3914 692/3915
f 803/3916 828/3917 812/3918
f 728/3919 682/3920 691/3921
f 684/3922 680/3923 673/3924
f 674/3925 675/3926 678/3927
f 686/3928 728/3929 691/3930
f 691/3931 692/3932 688/3933
f 673/3934 672/3935 684/3936
f 693/3937 685/3938 835/3939
f 690/3940 679/3941 759/3942
f 679/3943 690/3944 677/3945
f 676/3946 950/3947 669/3948
f 589/3949 665/3950 675/3951
f 668/3952 688/3953 680/3954
f 688/3955 668/3956 683/3957
f 690/3958 683/3959 668/3960
f 950/3961 670/3962 939/3963
f 700/3964 748/3965 749/3966
f 700/3967 756/3968 698/3969
f 708/3970 720/3971 704/3972
f 716/3973 708/3974 711/3975
f 699/3976 698/3977 719/3978
f 756/3979 700/3980 755/3981
f 701/3982 698/3983 729/3984
f 698/3985 756/3986 729/3987
f 748/3988 721/3989 752/3990
f 721/3991 751/3992 752/3993
f 702/3994 721/3995 748/3996
f 644/3997 694/3998 715/3999
f 711/4000 644/4001 715/4002
f 700/4003 702/4004 748/4005
f 721/4006 703/4007 720/4008
f 703/4009 598/4010 704/4011
f 703/4012 704/4013 720/4014
f 699/4015 612/4016 706/4017
f 776/4018 703/4019 706/4020
f 702/4021 700/4022 707/4023
f 721/4024 702/4025 707/4026
f 707/4027 700/4028 699/4029
f 703/4030 721/4031 707/4032
f 707/4033 706/4034 703/4035
f 707/4036 699/4037 706/4038
f 730/4039 705/4040 701/4041
f 713/4042 697/4043 710/4044
f 714/4045 696/4046 713/4047
f 697/4048 713/4049 695/4050
f 713/4051 696/4052 695/4053
f 723/4054 694/4055 709/4056
f 694/4057 714/4058 709/4059
f 723/4060 712/4061 841/4062
f 714/4063 712/4064 709/4065
f 599/4066 711/4067 708/4068
f 714/4069 713/4070 712/4071
f 395/4072 713/4073 710/4074
f 722/4075 599/4076 708/4077
f 708/4078 704/4079 722/4080
f 395/4081 712/4082 713/4083
f 712/4084 395/4085 841/4086
f 723/4087 709/4088 712/4089
f 696/4090 714/4091 694/4092
f 715/4093 716/4094 711/4095
f 723/4096 715/4097 694/4098
f 720/4099 715/4100 717/4101
f 767/4102 718/4103 705/4104
f 699/4105 700/4106 698/4107
f 705/4108 719/4109 701/4110
f 719/4111 698/4112 701/4113
f 751/4114 720/4115 717/4116
f 715/4117 720/4118 708/4119
f 720/4120 751/4121 721/4122
f 708/4123 716/4124 715/4125
f 619/4126 776/4127 706/4128
f 619/4129 706/4130 612/4131
f 613/4132 699/4133 719/4134
f 699/4135 613/4136 612/4137
f 718/4138 613/4139 719/4140
f 705/4141 718/4142 719/4143
f 717/4144 715/4145 723/4146
f 841/4147 838/4148 723/4149
f 717/4150 723/4151 838/4152
f 695/4153 696/4154 697/4155
f 644/4156 696/4157 694/4158
f 697/4159 696/4160 373/4161
f 726/4162 738/4163 744/4164
f 725/4165 726/4166 746/4167
f 746/4168 726/4169 744/4170
f 891/4171 728/4172 886/4173
f 887/4174 886/4175 728/4176
f 743/4177 887/4178 728/4179
f 724/4180 733/4181 887/4182
f 770/4183 740/4184 771/4185
f 682/4186 728/4187 891/4188
f 733/4189 914/4190 887/4191
f 746/4192 729/4193 725/4194
f 743/4195 742/4196 732/4197
f 725/4198 731/4199 911/4200
f 724/4201 887/4202 743/4203
f 881/4204 911/4205 731/4206
f 757/4207 881/4208 727/4209
f 900/4210 896/4211 733/4212
f 741/4213 726/4214 733/4215
f 731/4216 725/4217 729/4218
f 701/4219 729/4220 730/4221
f 725/4222 736/4223 726/4224
f 730/4225 740/4226 770/4227
f 735/4228 745/4229 734/4230
f 745/4231 728/4232 686/4233
f 738/4234 741/4235 740/4236
f 737/4237 740/4238 741/4239
f 760/4240 737/4241 739/4242
f 724/4243 739/4244 733/4245
f 740/4246 737/4247 771/4248
f 739/4249 737/4250 733/4251
f 741/4252 733/4253 737/4254
f 736/4255 725/4256 911/4257
f 739/4258 743/4259 760/4260
f 724/4261 743/4262 739/4263
f 738/4264 726/4265 741/4266
f 911/4267 910/4268 736/4269
f 735/4270 742/4271 743/4272
f 743/4273 745/4274 735/4275
f 733/4276 726/4277 900/4278
f 726/4279 736/4280 910/4281
f 746/4282 744/4283 730/4284
f 744/4285 740/4286 730/4287
f 738/4288 740/4289 744/4290
f 745/4291 690/4292 734/4293
f 745/4294 743/4295 728/4296
f 735/4297 766/4298 742/4299
f 900/4300 726/4301 910/4302
f 730/4303 729/4304 746/4305
f 727/4306 881/4307 731/4308
f 747/4309 751/4310 717/4311
f 757/4312 986/4313 991/4314
f 749/4315 755/4316 700/4317
f 750/4318 752/4319 758/4320
f 750/4321 748/4322 752/4323
f 749/4324 748/4325 750/4326
f 754/4327 753/4328 993/4329
f 753/4330 758/4331 752/4332
f 747/4333 753/4334 752/4335
f 727/4336 755/4337 749/4338
f 756/4339 755/4340 731/4341
f 994/4342 747/4343 838/4344
f 756/4345 731/4346 729/4347
f 747/4348 994/4349 993/4350
f 717/4351 838/4352 747/4353
f 747/4354 993/4355 753/4356
f 731/4357 755/4358 727/4359
f 749/4360 757/4361 727/4362
f 757/4363 749/4364 750/4365
f 758/4366 754/4367 986/4368
f 754/4369 758/4370 753/4371
f 986/4372 757/4373 750/4374
f 986/4375 750/4376 758/4377
f 751/4378 747/4379 752/4380
f 769/4381 760/4382 761/4383
f 774/4384 763/4385 775/4386
f 775/4387 763/4388 762/4389
f 705/4390 730/4391 764/4392
f 734/4393 762/4394 766/4395
f 759/4396 762/4397 734/4398
f 569/4399 769/4400 773/4401
f 730/4402 770/4403 764/4404
f 761/4405 766/4406 763/4407
f 766/4408 762/4409 763/4410
f 760/4411 765/4412 770/4413
f 772/4414 759/4415 679/4416
f 772/4417 762/4418 759/4419
f 765/4420 764/4421 770/4422
f 770/4423 771/4424 760/4425
f 763/4426 774/4427 773/4428
f 768/4429 764/4430 571/4431
f 737/4432 760/4433 771/4434
f 571/4435 764/4436 769/4437
f 765/4438 760/4439 769/4440
f 764/4441 765/4442 769/4443
f 761/4444 760/4445 732/4446
f 766/4447 732/4448 742/4449
f 769/4450 763/4451 773/4452
f 761/4453 763/4454 769/4455
f 760/4456 743/4457 732/4458
f 734/4459 690/4460 759/4461
f 775/4462 762/4463 772/4464
f 775/4465 772/4466 774/4467
f 766/4468 735/4469 734/4470
f 732/4471 766/4472 761/4473
f 764/4474 768/4475 767/4476
f 767/4477 705/4478 764/4479
f 776/4480 619/4481 598/4482
f 776/4483 598/4484 703/4485
f 777/4486 782/4487 778/4488
f 782/4489 777/4490 781/4491
f 778/4492 779/4493 777/4494
f 784/4495 779/4496 778/4497
f 1889/4498 777/4499 1870/4500
f 780/4501 1893/4502 792/4503
f 781/4504 1893/4505 780/4506
f 34/4507 108/4508 783/4509
f 777/4510 1889/4511 781/4512
f 108/4513 809/4514 783/4515
f 809/4516 791/4517 783/4518
f 278/4519 783/4520 797/4521
f 783/4522 791/4523 797/4524
f 797/4525 805/4526 817/4527
f 797/4528 817/4529 799/4530
f 789/4531 790/4532 784/4533
f 784/4534 787/4535 662/4536
f 777/4537 785/4538 1870/4539
f 777/4540 779/4541 785/4542
f 784/4543 663/4544 779/4545
f 662/4546 787/4547 661/4548
f 1873/4549 1870/4550 785/4551
f 588/4552 834/4553 788/4554
f 831/4555 661/4556 787/4557
f 1892/4558 780/4559 800/4560
f 793/4561 789/4562 1892/4563
f 793/4564 798/4565 789/4566
f 798/4567 790/4568 789/4569
f 1892/4570 800/4571 793/4572
f 1892/4573 789/4574 784/4575
f 778/4576 782/4577 1892/4578
f 799/4579 793/4580 796/4581
f 798/4582 793/4583 799/4584
f 796/4585 793/4586 800/4587
f 780/4588 792/4589 800/4590
f 794/4591 786/4592 53/4593
f 800/4594 786/4595 795/4596
f 794/4597 33/4598 796/4599
f 1892/4600 782/4601 780/4602
f 781/4603 780/4604 782/4605
f 794/4606 796/4607 795/4608
f 786/4609 794/4610 795/4611
f 821/4612 827/4613 819/4614
f 1893/4615 786/4616 792/4617
f 278/4618 797/4619 799/4620
f 807/4621 827/4622 814/4623
f 817/4624 798/4625 799/4626
f 278/4627 799/4628 796/4629
f 786/4630 800/4631 792/4632
f 800/4633 795/4634 796/4635
f 779/4636 663/4637 785/4638
f 797/4639 791/4640 805/4641
f 674/4642 693/4643 684/4644
f 812/4645 806/4646 563/4647
f 672/4648 675/4649 674/4650
f 812/4651 828/4652 836/4653
f 665/4654 678/4655 675/4656
f 588/4657 833/4658 836/4659
f 832/4660 835/4661 689/4662
f 834/4663 831/4664 788/4665
f 832/4666 836/4667 828/4668
f 820/4669 805/4670 830/4671
f 790/4672 818/4673 820/4674
f 563/4675 829/4676 564/4677
f 812/4678 836/4679 806/4680
f 564/4681 803/4682 563/4683
f 824/4684 819/4685 801/4686
f 830/4687 805/4688 815/4689
f 832/4690 689/4691 836/4692
f 804/4693 833/4694 588/4695
f 810/4696 787/4697 820/4698
f 810/4699 833/4700 804/4701
f 818/4702 798/4703 817/4704
f 827/4705 823/4706 830/4707
f 665/4708 589/4709 666/4710
f 818/4711 790/4712 798/4713
f 827/4714 830/4715 822/4716
f 788/4717 787/4718 810/4719
f 816/4720 813/4721 811/4722
f 772/4723 832/4724 828/4725
f 818/4726 817/4727 805/4728
f 788/4729 804/4730 588/4731
f 665/4732 834/4733 588/4734
f 805/4735 791/4736 808/4737
f 805/4738 808/4739 815/4740
f 809/4741 808/4742 791/4743
f 108/4744 808/4745 809/4746
f 819/4747 827/4748 822/4749
f 678/4750 665/4751 825/4752
f 811/4753 822/4754 815/4755
f 834/4756 666/4757 831/4758
f 823/4759 810/4760 830/4761
f 806/4762 836/4763 814/4764
f 826/4765 260/4766 266/4767
f 772/4768 679/4769 677/4770
f 813/4771 826/4772 811/4773
f 830/4774 810/4775 820/4776
f 269/4777 267/4778 263/4779
f 821/4780 824/4781 806/4782
f 835/4783 772/4784 677/4785
f 836/4786 833/4787 814/4788
f 804/4789 788/4790 810/4791
f 806/4792 814/4793 821/4794
f 801/4795 802/4796 824/4797
f 784/4798 790/4799 820/4800
f 830/4801 815/4802 822/4803
f 807/4804 823/4805 827/4806
f 260/4807 826/4808 813/4809
f 826/4810 266/4811 801/4812
f 833/4813 823/4814 807/4815
f 803/4816 562/4817 587/4818
f 833/4819 807/4820 814/4821
f 803/4822 564/4823 562/4824
f 815/4825 808/4826 816/4827
f 815/4828 816/4829 811/4830
f 820/4831 787/4832 784/4833
f 828/4834 803/4835 587/4836
f 827/4837 821/4838 814/4839
f 841/4840 839/4841 838/4842
f 837/4843 839/4844 841/4845
f 994/4846 838/4847 844/4848
f 398/4849 837/4850 841/4851
f 398/4852 840/4853 837/4854
f 398/4855 841/4856 395/4857
f 840/4858 839/4859 837/4860
f 839/4861 844/4862 838/4863
f 844/4864 842/4865 1001/4866
f 2008/4867 2001/4868 1985/4869
f 842/4870 840/4871 843/4872
f 839/4873 842/4874 844/4875
f 839/4876 840/4877 842/4878
f 1968/4879 846/4880 872/4881
f 879/4882 848/4883 847/4884
f 849/4885 851/4886 869/4887
f 869/4888 851/4889 868/4890
f 875/4891 846/4892 1952/4893
f 853/4894 868/4895 851/4896
f 909/4897 850/4898 852/4899
f 850/4900 867/4901 852/4902
f 852/4903 877/4904 892/4905
f 877/4906 1031/4907 892/4908
f 875/4909 872/4910 846/4911
f 847/4912 862/4913 861/4914
f 853/4915 851/4916 854/4917
f 856/4918 853/4919 854/4920
f 979/4921 872/4922 854/4923
f 872/4924 856/4925 854/4926
f 1031/4927 932/4928 892/4929
f 876/4930 867/4931 857/4932
f 874/4933 857/4934 867/4935
f 847/4936 858/4937 862/4938
f 857/4939 860/4940 859/4941
f 860/4942 857/4943 861/4944
f 857/4945 879/4946 861/4947
f 1955/4948 858/4949 847/4950
f 1034/4951 859/4952 860/4953
f 862/4954 860/4955 861/4956
f 862/4957 863/4958 860/4959
f 847/4960 848/4961 1955/4962
f 860/4963 880/4964 1034/4965
f 862/4966 858/4967 863/4968
f 860/4969 863/4970 880/4971
f 867/4972 850/4973 866/4974
f 903/4975 869/4976 865/4977
f 864/4978 873/4979 855/4980
f 870/4981 865/4982 868/4983
f 869/4984 975/4985 849/4986
f 869/4987 868/4988 865/4989
f 853/4990 871/4991 870/4992
f 870/4993 868/4994 853/4995
f 855/4996 873/4997 870/4998
f 871/4999 853/5000 856/5001
f 1968/5002 872/5003 979/5004
f 865/5005 870/5006 873/5007
f 866/5008 864/5009 855/5010
f 855/5011 870/5012 871/5013
f 874/5014 866/5015 855/5016
f 867/5017 866/5018 874/5019
f 856/5020 855/5021 871/5022
f 855/5023 856/5024 874/5025
f 879/5026 875/5027 848/5028
f 879/5029 847/5030 861/5031
f 859/5032 1034/5033 877/5034
f 859/5035 876/5036 857/5037
f 877/5038 876/5039 859/5040
f 877/5041 878/5042 876/5043
f 852/5044 878/5045 877/5046
f 878/5047 852/5048 867/5049
f 878/5050 867/5051 876/5052
f 872/5053 875/5054 879/5055
f 879/5056 856/5057 872/5058
f 874/5059 856/5060 879/5061
f 874/5062 879/5063 857/5064
f 880/5065 863/5066 858/5067
f 733/5068 896/5069 914/5070
f 908/5071 888/5072 894/5073
f 911/5074 881/5075 893/5076
f 902/5077 894/5078 983/5079
f 691/5080 682/5081 882/5082
f 682/5083 891/5084 883/5085
f 883/5086 891/5087 890/5088
f 883/5089 953/5090 682/5091
f 964/5092 890/5093 892/5094
f 964/5095 883/5096 890/5097
f 884/5098 885/5099 886/5100
f 914/5101 884/5102 886/5103
f 891/5104 886/5105 885/5106
f 887/5107 914/5108 886/5109
f 852/5110 892/5111 907/5112
f 901/5113 893/5114 888/5115
f 911/5116 893/5117 901/5118
f 888/5119 893/5120 895/5121
f 982/5122 895/5123 893/5124
f 895/5125 989/5126 889/5127
f 885/5128 890/5129 891/5130
f 907/5131 892/5132 884/5133
f 890/5134 885/5135 892/5136
f 892/5137 885/5138 884/5139
f 895/5140 894/5141 888/5142
f 983/5143 894/5144 895/5145
f 982/5146 893/5147 881/5148
f 989/5149 895/5150 982/5151
f 900/5152 913/5153 896/5154
f 915/5155 913/5156 897/5157
f 898/5158 913/5159 915/5160
f 907/5161 899/5162 906/5163
f 900/5164 910/5165 901/5166
f 911/5167 901/5168 910/5169
f 913/5170 900/5171 901/5172
f 914/5173 907/5174 884/5175
f 992/5176 903/5177 902/5178
f 992/5179 869/5180 903/5181
f 906/5182 909/5183 907/5184
f 904/5185 905/5186 864/5187
f 903/5188 865/5189 905/5190
f 908/5191 894/5192 902/5193
f 902/5194 903/5195 908/5196
f 916/5197 904/5198 909/5199
f 901/5200 888/5201 908/5202
f 909/5203 852/5204 907/5205
f 909/5206 904/5207 850/5208
f 905/5209 865/5210 873/5211
f 905/5212 873/5213 864/5214
f 864/5215 850/5216 904/5217
f 850/5218 864/5219 866/5220
f 913/5221 898/5222 896/5223
f 913/5224 901/5225 897/5226
f 898/5227 914/5228 896/5229
f 904/5230 916/5231 912/5232
f 908/5233 897/5234 901/5235
f 898/5236 899/5237 914/5238
f 908/5239 912/5240 897/5241
f 906/5242 916/5243 909/5244
f 897/5245 912/5246 915/5247
f 915/5248 899/5249 898/5250
f 912/5251 916/5252 915/5253
f 899/5254 915/5255 906/5256
f 908/5257 905/5258 912/5259
f 906/5260 915/5261 916/5262
f 908/5263 903/5264 905/5265
f 907/5266 914/5267 899/5268
f 904/5269 912/5270 905/5271
f 919/5272 918/5273 921/5274
f 917/5275 919/5276 921/5277
f 917/5278 921/5279 922/5280
f 920/5281 1042/5282 1045/5283
f 917/5284 922/5285 1514/5286
f 923/5287 918/5288 919/5289
f 1899/5290 917/5291 1898/5292
f 1899/5293 919/5294 917/5295
f 920/5296 918/5297 1042/5298
f 918/5299 920/5300 921/5301
f 922/5302 921/5303 920/5304
f 928/5305 1042/5306 918/5307
f 917/5308 1514/5309 1898/5310
f 1898/5311 1514/5312 1056/5313
f 925/5314 927/5315 923/5316
f 1899/5317 925/5318 923/5319
f 919/5320 1899/5321 923/5322
f 924/5323 927/5324 970/5325
f 927/5326 925/5327 926/5328
f 970/5329 927/5330 926/5331
f 970/5332 926/5333 647/5334
f 928/5335 1048/5336 1042/5337
f 927/5338 928/5339 923/5340
f 924/5341 928/5342 927/5343
f 923/5344 928/5345 918/5346
f 931/5347 936/5348 929/5349
f 962/5350 929/5351 1038/5352
f 960/5353 931/5354 930/5355
f 930/5356 931/5357 929/5358
f 1038/5359 954/5360 962/5361
f 933/5362 934/5363 954/5364
f 962/5365 954/5366 934/5367
f 938/5368 934/5369 933/5370
f 948/5371 933/5372 954/5373
f 957/5374 946/5375 947/5376
f 936/5377 1037/5378 1038/5379
f 1037/5380 936/5381 1017/5382
f 936/5383 931/5384 1017/5385
f 935/5386 938/5387 933/5388
f 929/5389 940/5390 961/5391
f 1038/5392 1029/5393 954/5394
f 938/5395 968/5396 934/5397
f 946/5398 934/5399 947/5400
f 968/5401 947/5402 934/5403
f 959/5404 957/5405 937/5406
f 944/5407 943/5408 941/5409
f 941/5410 943/5411 942/5412
f 944/5413 953/5414 943/5415
f 883/5416 943/5417 953/5418
f 931/5419 945/5420 955/5421
f 931/5422 955/5423 1017/5424
f 945/5425 892/5426 932/5427
f 963/5428 692/5429 882/5430
f 687/5431 692/5432 963/5433
f 933/5434 1030/5435 965/5436
f 1030/5437 933/5438 948/5439
f 935/5440 933/5441 965/5442
f 956/5443 950/5444 939/5445
f 956/5446 949/5447 950/5448
f 882/5449 682/5450 953/5451
f 882/5452 953/5453 963/5454
f 960/5455 945/5456 931/5457
f 955/5458 945/5459 932/5460
f 954/5461 1029/5462 948/5463
f 956/5464 939/5465 940/5466
f 1038/5467 929/5468 936/5469
f 956/5470 940/5471 962/5472
f 958/5473 959/5474 956/5475
f 958/5476 946/5477 959/5478
f 959/5479 949/5480 956/5481
f 949/5482 959/5483 937/5484
f 970/5485 957/5486 947/5487
f 964/5488 892/5489 945/5490
f 929/5491 961/5492 930/5493
f 946/5494 957/5495 959/5496
f 960/5497 964/5498 945/5499
f 962/5500 940/5501 929/5502
f 930/5503 961/5504 960/5505
f 939/5506 951/5507 687/5508
f 687/5509 963/5510 939/5511
f 963/5512 952/5513 939/5514
f 949/5515 937/5516 669/5517
f 656/5518 669/5519 937/5520
f 963/5521 953/5522 952/5523
f 939/5524 952/5525 940/5526
f 953/5527 961/5528 952/5529
f 940/5530 952/5531 961/5532
f 953/5533 944/5534 961/5535
f 939/5536 670/5537 951/5538
f 1019/5539 1037/5540 1017/5541
f 961/5542 944/5543 960/5544
f 964/5545 944/5546 883/5547
f 944/5548 964/5549 960/5550
f 958/5551 956/5552 962/5553
f 946/5554 958/5555 934/5556
f 962/5557 934/5558 958/5559
f 970/5560 966/5561 972/5562
f 968/5563 938/5564 935/5565
f 935/5566 966/5567 968/5568
f 935/5569 965/5570 966/5571
f 1030/5572 971/5573 965/5574
f 965/5575 971/5576 966/5577
f 947/5578 968/5579 966/5580
f 970/5581 947/5582 966/5583
f 969/5584 970/5585 967/5586
f 924/5587 970/5588 972/5589
f 970/5590 647/5591 967/5592
f 972/5593 966/5594 971/5595
f 937/5596 957/5597 969/5598
f 957/5599 970/5600 969/5601
f 967/5602 937/5603 969/5604
f 928/5605 924/5606 972/5607
f 1044/5608 928/5609 972/5610
f 1044/5611 1048/5612 928/5613
f 657/5614 656/5615 937/5616
f 869/5617 992/5618 975/5619
f 973/5620 981/5621 977/5622
f 977/5623 979/5624 980/5625
f 977/5626 981/5627 978/5628
f 974/5629 978/5630 981/5631
f 1968/5632 979/5633 977/5634
f 973/5635 980/5636 976/5637
f 981/5638 1010/5639 974/5640
f 980/5641 973/5642 977/5643
f 978/5644 1968/5645 977/5646
f 851/5647 975/5648 854/5649
f 854/5650 975/5651 979/5652
f 979/5653 975/5654 980/5655
f 851/5656 849/5657 975/5658
f 990/5659 996/5660 976/5661
f 999/5662 990/5663 994/5664
f 987/5665 889/5666 989/5667
f 889/5668 983/5669 895/5670
f 889/5671 984/5672 985/5673
f 754/5674 990/5675 985/5676
f 980/5677 975/5678 985/5679
f 980/5680 985/5681 976/5682
f 992/5683 985/5684 975/5685
f 984/5686 754/5687 985/5688
f 987/5689 984/5690 889/5691
f 987/5692 986/5693 984/5694
f 987/5695 988/5696 991/5697
f 991/5698 988/5699 881/5700
f 982/5701 988/5702 989/5703
f 988/5704 987/5705 989/5706
f 881/5707 988/5708 982/5709
f 992/5710 889/5711 985/5712
f 983/5713 992/5714 902/5715
f 983/5716 889/5717 992/5718
f 881/5719 757/5720 991/5721
f 844/5722 999/5723 994/5724
f 984/5725 986/5726 754/5727
f 987/5728 991/5729 986/5730
f 990/5731 754/5732 994/5733
f 754/5734 993/5735 994/5736
f 976/5737 985/5738 990/5739
f 999/5740 844/5741 1001/5742
f 999/5743 996/5744 990/5745
f 995/5746 996/5747 1000/5748
f 995/5749 1004/5750 996/5751
f 996/5752 1004/5753 976/5754
f 445/5755 997/5756 998/5757
f 445/5758 998/5759 1000/5760
f 442/5761 997/5762 445/5763
f 997/5764 1008/5765 998/5766
f 843/5767 1003/5768 842/5769
f 1002/5770 445/5771 1000/5772
f 1000/5773 996/5774 1002/5775
f 446/5776 445/5777 1002/5778
f 446/5779 1002/5780 1003/5781
f 1002/5782 1001/5783 842/5784
f 1002/5785 842/5786 1003/5787
f 999/5788 1002/5789 996/5790
f 998/5791 1004/5792 995/5793
f 998/5794 995/5795 1000/5796
f 1002/5797 999/5798 1001/5799
f 1004/5800 998/5801 1008/5802
f 1005/5803 1010/5804 1009/5805
f 1014/5806 2086/5807 1009/5808
f 1012/5809 2088/5810 1014/5811
f 1011/5812 1007/5813 1013/5814
f 1013/5815 1007/5816 1493/5817
f 1007/5818 440/5819 1493/5820
f 1004/5821 1011/5822 1006/5823
f 1004/5824 1006/5825 981/5826
f 1008/5827 997/5828 440/5829
f 1009/5830 1010/5831 1006/5832
f 981/5833 1006/5834 1010/5835
f 1009/5836 1006/5837 1013/5838
f 1011/5839 1013/5840 1006/5841
f 981/5842 973/5843 1004/5844
f 976/5845 1004/5846 973/5847
f 1013/5848 1014/5849 1009/5850
f 1012/5851 1014/5852 1013/5853
f 1013/5854 1493/5855 1012/5856
f 1008/5857 1007/5858 1011/5859
f 1007/5860 1008/5861 440/5862
f 1008/5863 1011/5864 1004/5865
f 1032/5866 1018/5867 1019/5868
f 1016/5869 1015/5870 1034/5871
f 1033/5872 1016/5873 1034/5874
f 932/5875 1019/5876 955/5877
f 1018/5878 1035/5879 1026/5880
f 1018/5881 1037/5882 1019/5883
f 1024/5884 1021/5885 1027/5886
f 1020/5887 1021/5888 1022/5889
f 1022/5890 1024/5891 1023/5892
f 1035/5893 1036/5894 1934/5895
f 1023/5896 1024/5897 1025/5898
f 1035/5899 1025/5900 1026/5901
f 955/5902 1019/5903 1017/5904
f 1035/5905 1934/5906 1025/5907
f 1026/5908 1037/5909 1018/5910
f 1028/5911 1053/5912 1029/5913
f 1054/5914 1053/5915 1028/5916
f 948/5917 1029/5918 1030/5919
f 1053/5920 1030/5921 1029/5922
f 1036/5923 1057/5924 1934/5925
f 1015/5926 1019/5927 932/5928
f 1015/5929 932/5930 1031/5931
f 880/5932 1918/5933 1033/5934
f 1018/5935 1032/5936 1035/5937
f 1035/5938 1032/5939 1036/5940
f 1016/5941 1033/5942 1036/5943
f 1032/5944 1015/5945 1016/5946
f 1036/5947 1032/5948 1016/5949
f 1031/5950 877/5951 1015/5952
f 1032/5953 1019/5954 1015/5955
f 1036/5956 1033/5957 1057/5958
f 1028/5959 1029/5960 1026/5961
f 1033/5962 1034/5963 880/5964
f 877/5965 1034/5966 1015/5967
f 1027/5968 1026/5969 1024/5970
f 1027/5971 1028/5972 1026/5973
f 1037/5974 1026/5975 1029/5976
f 1029/5977 1038/5978 1037/5979
f 1021/5980 1024/5981 1022/5982
f 1024/5983 1026/5984 1025/5985
f 1027/5986 1052/5987 1054/5988
f 1040/5989 1049/5990 1917/5991
f 1044/5992 1043/5993 1048/5994
f 1050/5995 1043/5996 1041/5997
f 1041/5998 1049/5999 1040/6000
f 1043/6001 1049/6002 1041/6003
f 1050/6004 1045/6005 1042/6006
f 1050/6007 1553/6008 1046/6009
f 1050/6010 1041/6011 1553/6012
f 1050/6013 1042/6014 1048/6015
f 1055/6016 1051/6017 1917/6018
f 971/6019 1030/6020 1053/6021
f 1050/6022 1046/6023 1045/6024
f 1020/6025 1047/6026 1021/6027
f 1925/6028 1052/6029 1047/6030
f 1051/6031 1925/6032 1917/6033
f 971/6034 1044/6035 972/6036
f 1044/6037 971/6038 1053/6039
f 1043/6040 1055/6041 1049/6042
f 1055/6043 1043/6044 1044/6045
f 1925/6046 1051/6047 1052/6048
f 1047/6049 1052/6050 1021/6051
f 1043/6052 1050/6053 1048/6054
f 1049/6055 1055/6056 1917/6057
f 1027/6058 1021/6059 1052/6060
f 1054/6061 1052/6062 1051/6063
f 1055/6064 1044/6065 1054/6066
f 1053/6067 1054/6068 1044/6069
f 1028/6070 1027/6071 1054/6072
f 1055/6073 1054/6074 1051/6075
f 1088/6076 1096/6077 1099/6078
f 1058/6079 1061/6080 1096/6081
f 1061/6082 1100/6083 1096/6084
f 1100/6085 1061/6086 1059/6087
f 1058/6088 1060/6089 1061/6090
f 1100/6091 1059/6092 1062/6093
f 1080/6094 1082/6095 1065/6096
f 1109/6097 1101/6098 1063/6099
f 1067/6100 1063/6101 1147/6102
f 1063/6103 1101/6104 1064/6105
f 1147/6106 1063/6107 1064/6108
f 1105/6109 1104/6110 1103/6111
f 1078/6112 1087/6113 1077/6114
f 1087/6115 1101/6116 1110/6117
f 1069/6118 1070/6119 1071/6120
f 496/6121 461/6122 513/6123
f 1087/6124 1110/6125 1074/6126
f 1075/6127 1073/6128 1085/6129
f 1087/6130 1074/6131 1077/6132
f 1075/6133 1072/6134 1073/6135
f 1075/6136 1074/6137 1072/6138
f 1074/6139 1075/6140 1076/6141
f 1074/6142 1076/6143 1077/6144
f 1077/6145 1076/6146 1078/6147
f 1089/6148 1078/6149 1076/6150
f 1079/6151 1094/6152 1069/6153
f 1075/6154 1089/6155 1076/6156
f 1102/6157 1084/6158 1081/6159
f 1084/6160 1102/6161 1083/6162
f 1084/6163 1111/6164 1081/6165
f 1084/6166 1085/6167 1111/6168
f 1081/6169 1111/6170 1128/6171
f 1075/6172 1085/6173 1084/6174
f 1078/6175 1089/6176 1088/6177
f 1101/6178 1095/6179 1086/6180
f 1090/6181 1068/6182 496/6183
f 1091/6184 1090/6185 496/6186
f 1068/6187 1092/6188 460/6189
f 1068/6190 1090/6191 1092/6192
f 1093/6193 1090/6194 1091/6195
f 1090/6196 1093/6197 1092/6198
f 1093/6199 1091/6200 1069/6201
f 1069/6202 1094/6203 1093/6204
f 513/6205 495/6206 1086/6207
f 1095/6208 513/6209 1086/6210
f 1095/6211 496/6212 513/6213
f 1095/6214 1091/6215 496/6216
f 1069/6217 1091/6218 1095/6219
f 1088/6220 1089/6221 1083/6222
f 1096/6223 1088/6224 1083/6225
f 1083/6226 1097/6227 1096/6228
f 1099/6229 1087/6230 1078/6231
f 1078/6232 1088/6233 1099/6234
f 1097/6235 1083/6236 1102/6237
f 1098/6238 1087/6239 1099/6240
f 1058/6241 1096/6242 1097/6243
f 1099/6244 1100/6245 1098/6246
f 1098/6247 1100/6248 1062/6249
f 1064/6250 1086/6251 344/6252
f 1064/6253 1101/6254 1086/6255
f 1062/6256 1070/6257 1098/6258
f 1070/6259 1062/6260 1071/6261
f 1102/6262 1082/6263 1103/6264
f 1075/6265 1084/6266 1083/6267
f 1102/6268 1103/6269 1104/6270
f 1081/6271 1082/6272 1102/6273
f 1102/6274 1104/6275 1097/6276
f 1104/6277 1058/6278 1097/6279
f 1169/6280 1150/6281 1152/6282
f 1080/6283 1103/6284 1082/6285
f 1151/6286 1150/6287 1169/6288
f 1068/6289 460/6290 463/6291
f 1070/6292 1069/6293 1095/6294
f 1101/6295 1070/6296 1095/6297
f 1101/6298 1098/6299 1070/6300
f 1111/6301 1085/6302 1107/6303
f 1108/6304 1063/6305 1067/6306
f 1109/6307 1063/6308 1108/6309
f 1108/6310 1107/6311 1109/6312
f 1110/6313 1101/6314 1109/6315
f 1073/6316 1074/6317 1109/6318
f 1073/6319 1109/6320 1107/6321
f 1073/6322 1107/6323 1085/6324
f 1072/6325 1074/6326 1073/6327
f 1110/6328 1109/6329 1074/6330
f 1081/6331 1128/6332 1082/6333
f 1174/6334 1111/6335 1107/6336
f 1173/6337 1107/6338 1108/6339
f 1108/6340 1067/6341 1173/6342
f 1083/6343 1089/6344 1075/6345
f 1098/6346 1101/6347 1087/6348
f 1111/6349 1174/6350 1116/6351
f 1107/6352 1173/6353 1174/6354
f 1112/6355 1114/6356 1136/6357
f 1114/6358 1112/6359 1134/6360
f 1137/6361 1229/6362 1130/6363
f 1134/6364 1124/6365 1114/6366
f 1132/6367 1135/6368 1139/6369
f 1124/6370 1136/6371 1114/6372
f 1130/6373 1244/6374 1118/6375
f 1116/6376 1128/6377 1111/6378
f 1115/6379 1118/6380 1184/6381
f 1066/6382 1132/6383 1119/6384
f 1120/6385 1149/6386 1142/6387
f 1122/6388 1123/6389 1120/6390
f 1122/6391 1120/6392 1121/6393
f 1065/6394 1066/6395 1119/6396
f 1120/6397 1125/6398 1149/6399
f 1123/6400 1122/6401 1138/6402
f 1124/6403 1118/6404 1136/6405
f 1138/6406 1148/6407 1125/6408
f 1138/6409 1125/6410 1123/6411
f 1121/6412 1118/6413 1124/6414
f 1126/6415 1121/6416 1124/6417
f 1121/6418 1130/6419 1118/6420
f 1141/6421 1136/6422 1115/6423
f 1066/6424 1127/6425 1132/6426
f 1127/6427 1129/6428 1128/6429
f 1127/6430 1066/6431 1129/6432
f 1066/6433 1082/6434 1129/6435
f 1129/6436 1082/6437 1128/6438
f 1082/6439 1066/6440 1065/6441
f 1184/6442 1118/6443 1244/6444
f 1130/6445 1121/6446 1120/6447
f 1125/6448 1131/6449 1149/6450
f 1127/6451 1128/6452 1116/6453
f 1132/6454 1127/6455 1135/6456
f 1134/6457 1126/6458 1124/6459
f 1140/6460 1229/6461 1137/6462
f 1115/6463 1136/6464 1118/6465
f 1137/6466 1130/6467 1120/6468
f 1113/6469 1154/6470 1138/6471
f 1145/6472 1127/6473 1116/6474
f 1133/6475 1122/6476 1121/6477
f 1135/6478 1127/6479 1117/6480
f 1117/6481 1127/6482 1172/6483
f 1133/6484 1113/6485 1122/6486
f 1137/6487 1142/6488 1140/6489
f 1138/6490 1122/6491 1113/6492
f 1134/6493 1133/6494 1126/6495
f 1121/6496 1126/6497 1133/6498
f 1119/6499 1132/6500 1139/6501
f 1133/6502 1139/6503 1113/6504
f 1135/6505 1113/6506 1139/6507
f 1137/6508 1120/6509 1142/6510
f 1229/6511 1244/6512 1130/6513
f 1123/6514 1125/6515 1120/6516
f 1115/6517 1184/6518 1141/6519
f 1144/6520 1143/6521 1141/6522
f 1144/6523 1141/6524 1192/6525
f 1143/6526 1136/6527 1141/6528
f 1127/6529 1145/6530 1172/6531
f 1176/6532 1148/6533 1222/6534
f 1131/6535 1125/6536 1148/6537
f 1151/6538 1157/6539 1150/6540
f 1156/6541 1158/6542 1153/6543
f 1116/6544 1174/6545 1145/6546
f 1159/6547 1156/6548 1153/6549
f 1262/6550 1153/6551 1158/6552
f 1268/6553 1983/6554 1265/6555
f 1155/6556 1165/6557 1738/6558
f 1162/6559 1270/6560 1266/6561
f 1983/6562 1266/6563 1265/6564
f 1154/6565 1113/6566 1167/6567
f 1161/6568 1158/6569 1156/6570
f 1146/6571 1154/6572 1167/6573
f 1146/6574 1159/6575 1196/6576
f 1196/6577 1148/6578 1146/6579
f 1202/6580 1159/6581 1153/6582
f 1157/6583 1158/6584 1161/6585
f 1159/6586 1146/6587 1156/6588
f 1160/6589 1157/6590 1161/6591
f 1167/6592 1160/6593 1161/6594
f 1160/6595 1167/6596 1170/6597
f 1161/6598 1146/6599 1167/6600
f 1138/6601 1146/6602 1148/6603
f 1158/6604 1151/6605 1169/6606
f 1154/6607 1146/6608 1138/6609
f 1169/6610 1152/6611 1163/6612
f 322/6613 303/6614 1162/6615
f 1152/6616 1175/6617 1155/6618
f 1175/6619 1152/6620 1171/6621
f 1196/6622 1222/6623 1148/6624
f 1170/6625 1152/6626 1160/6627
f 1147/6628 1165/6629 1067/6630
f 1175/6631 1067/6632 1165/6633
f 1166/6634 322/6635 1162/6636
f 1135/6637 1167/6638 1113/6639
f 1175/6640 1165/6641 1155/6642
f 1158/6643 1157/6644 1151/6645
f 1146/6646 1161/6647 1156/6648
f 1165/6649 1064/6650 1164/6651
f 1164/6652 1738/6653 1165/6654
f 1165/6655 1147/6656 1064/6657
f 1168/6658 1170/6659 1167/6660
f 1168/6661 1167/6662 1117/6663
f 1160/6664 1150/6665 1157/6666
f 1135/6667 1117/6668 1167/6669
f 1172/6670 1170/6671 1168/6672
f 1171/6673 1170/6674 1172/6675
f 1145/6676 1174/6677 1171/6678
f 1168/6679 1117/6680 1172/6681
f 1145/6682 1171/6683 1172/6684
f 326/6685 322/6686 1164/6687
f 1175/6688 1173/6689 1067/6690
f 1174/6691 1175/6692 1171/6693
f 1173/6694 1175/6695 1174/6696
f 1196/6697 1159/6698 1202/6699
f 1176/6700 1149/6701 1131/6702
f 1176/6703 1131/6704 1148/6705
f 1216/6706 1142/6707 1149/6708
f 1202/6709 377/6710 375/6711
f 1180/6712 1182/6713 1179/6714
f 1194/6715 1181/6716 1180/6717
f 1191/6718 1184/6719 1244/6720
f 1186/6721 1191/6722 1183/6723
f 1188/6724 1186/6725 1185/6726
f 1186/6727 1189/6728 1187/6729
f 1192/6730 1184/6731 1191/6732
f 1179/6733 1194/6734 1180/6735
f 1257/6736 1183/6737 1191/6738
f 1186/6739 1192/6740 1191/6741
f 1144/6742 1192/6743 1186/6744
f 1187/6745 1144/6746 1186/6747
f 1181/6748 1183/6749 1239/6750
f 1178/6751 1177/6752 1287/6753
f 1192/6754 1141/6755 1184/6756
f 1258/6757 1181/6758 1239/6759
f 1181/6760 1258/6761 1180/6762
f 1178/6763 1180/6764 1177/6765
f 1183/6766 1185/6767 1186/6768
f 1190/6769 1193/6770 1185/6771
f 1190/6772 1181/6773 1194/6774
f 1181/6775 1190/6776 1185/6777
f 1185/6778 1183/6779 1181/6780
f 1183/6781 1257/6782 1239/6783
f 1229/6784 1140/6785 1195/6786
f 1140/6787 1204/6788 1195/6789
f 1223/6790 1229/6791 1195/6792
f 1198/6793 1197/6794 1199/6795
f 1199/6796 1197/6797 1213/6798
f 1199/6799 1213/6800 1224/6801
f 1203/6802 1198/6803 243/6804
f 1243/6805 1200/6806 1226/6807
f 1228/6808 1237/6809 1231/6810
f 1226/6811 1197/6812 1203/6813
f 1196/6814 1202/6815 375/6816
f 1203/6817 1197/6818 1198/6819
f 1201/6820 1200/6821 1243/6822
f 1207/6823 1225/6824 1200/6825
f 1225/6826 1197/6827 1200/6828
f 1200/6829 1206/6830 1207/6831
f 1218/6832 1209/6833 1208/6834
f 1212/6835 1215/6836 1227/6837
f 1221/6838 1210/6839 1214/6840
f 1237/6841 1208/6842 1209/6843
f 1227/6844 1237/6845 1209/6846
f 1213/6847 1197/6848 1225/6849
f 1224/6850 1213/6851 1225/6852
f 1210/6853 359/6854 1214/6855
f 1214/6856 1237/6857 1220/6858
f 1220/6859 1221/6860 1214/6861
f 1234/6862 1215/6863 1212/6864
f 1215/6865 1234/6866 1224/6867
f 1199/6868 1224/6869 1234/6870
f 1234/6871 1212/6872 253/6873
f 1214/6874 359/6875 1237/6876
f 1231/6877 1237/6878 1227/6879
f 1238/6880 1236/6881 367/6882
f 1201/6883 1229/6884 1200/6885
f 1219/6886 1142/6887 1216/6888
f 1217/6889 1238/6890 1211/6891
f 1208/6892 1217/6893 1218/6894
f 1223/6895 1204/6896 1206/6897
f 1140/6898 1142/6899 1204/6900
f 1209/6901 1218/6902 1278/6903
f 1220/6904 1222/6905 1221/6906
f 1220/6907 1176/6908 1222/6909
f 1233/6910 1207/6911 1206/6912
f 1225/6913 1207/6914 1233/6915
f 1204/6916 1233/6917 1206/6918
f 1196/6919 375/6920 1221/6921
f 1205/6922 1262/6923 365/6924
f 1227/6925 1280/6926 1212/6927
f 1232/6928 1231/6929 1235/6930
f 1200/6931 1223/6932 1206/6933
f 1200/6934 1229/6935 1223/6936
f 1226/6937 1200/6938 1197/6939
f 1226/6940 1203/6941 1248/6942
f 1149/6943 1176/6944 1228/6945
f 1201/6946 1244/6947 1229/6948
f 1204/6949 1219/6950 1232/6951
f 1215/6952 1235/6953 1227/6954
f 1176/6955 1220/6956 1228/6957
f 1199/6958 1234/6959 1230/6960
f 1198/6961 1230/6962 243/6963
f 1230/6964 1198/6965 1199/6966
f 1196/6967 1221/6968 1222/6969
f 1230/6970 1234/6971 253/6972
f 1224/6973 1225/6974 1233/6975
f 1215/6976 1233/6977 1204/6978
f 1232/6979 1219/6980 1231/6981
f 1233/6982 1215/6983 1224/6984
f 1231/6985 1216/6986 1228/6987
f 1232/6988 1215/6989 1204/6990
f 1220/6991 1237/6992 1228/6993
f 1237/6994 1236/6995 1208/6996
f 1217/6997 1208/6998 1236/6999
f 1216/7000 1231/7001 1219/7002
f 1236/7003 1238/7004 1217/7005
f 359/7006 1236/7007 1237/7008
f 1232/7009 1235/7010 1215/7011
f 1142/7012 1219/7013 1204/7014
f 1231/7015 1227/7016 1235/7017
f 1228/7018 1216/7019 1149/7020
f 1221/7021 375/7022 1210/7023
f 1280/7024 1227/7025 1209/7026
f 1280/7027 253/7028 1212/7029
f 1217/7030 1211/7031 1218/7032
f 1241/7033 1240/7034 1257/7035
f 1257/7036 1191/7037 1243/7038
f 1257/7039 1243/7040 1241/7041
f 1241/7042 1249/7043 1240/7044
f 1191/7045 1244/7046 1243/7047
f 1285/7048 1242/7049 1256/7050
f 1255/7051 1246/7052 1242/7053
f 1242/7054 1246/7055 1245/7056
f 1245/7057 1246/7058 1251/7059
f 1248/7060 1249/7061 1241/7062
f 214/7063 1250/7064 1247/7065
f 1248/7066 1203/7067 1247/7068
f 1248/7069 1241/7070 1243/7071
f 1248/7072 1247/7073 1250/7074
f 1248/7075 1250/7076 1249/7077
f 1243/7078 1226/7079 1248/7080
f 154/7081 1250/7082 214/7083
f 1249/7084 1250/7085 1253/7086
f 1252/7087 1250/7088 154/7089
f 1252/7090 1253/7091 1250/7092
f 152/7093 1252/7094 154/7095
f 1246/7096 1253/7097 1252/7098
f 1251/7099 1246/7100 1252/7101
f 1240/7102 1249/7103 1253/7104
f 1240/7105 1253/7106 1254/7107
f 1254/7108 1253/7109 1246/7110
f 1255/7111 1254/7112 1246/7113
f 1243/7114 1244/7115 1201/7116
f 1254/7117 1258/7118 1239/7119
f 1254/7120 1239/7121 1240/7122
f 1240/7123 1239/7124 1257/7125
f 1242/7126 1287/7127 1177/7128
f 1255/7129 1177/7130 1180/7131
f 1255/7132 1242/7133 1177/7134
f 1255/7135 1180/7136 1258/7137
f 1285/7138 1287/7139 1242/7140
f 1242/7141 1260/7142 1256/7143
f 1255/7144 1258/7145 1254/7146
f 1245/7147 1260/7148 1242/7149
f 1251/7150 1260/7151 1245/7152
f 1259/7153 1260/7154 152/7155
f 152/7156 1251/7157 1252/7158
f 152/7159 1260/7160 1251/7161
f 1263/7162 1269/7163 292/7164
f 1273/7165 1265/7166 1266/7167
f 1273/7168 1264/7169 1265/7170
f 1269/7171 1163/7172 1106/7173
f 1158/7174 1169/7175 1274/7176
f 288/7177 1266/7178 1270/7179
f 1738/7180 1933/7181 1106/7182
f 1153/7183 1205/7184 1202/7185
f 1262/7186 1205/7187 1153/7188
f 1271/7189 1267/7190 1261/7191
f 1262/7192 1261/7193 1267/7194
f 1267/7195 290/7196 1262/7197
f 1267/7198 1271/7199 290/7200
f 285/7201 292/7202 1269/7203
f 1270/7204 1162/7205 303/7206
f 1263/7207 1169/7208 1269/7209
f 1269/7210 1106/7211 285/7212
f 1274/7213 1271/7214 1261/7215
f 288/7216 1272/7217 1266/7218
f 1264/7219 1273/7220 1272/7221
f 289/7222 1264/7223 1272/7224
f 1272/7225 288/7226 289/7227
f 1169/7228 1263/7229 1271/7230
f 289/7231 288/7232 287/7233
f 1274/7234 1169/7235 1271/7236
f 1158/7237 1261/7238 1262/7239
f 1263/7240 290/7241 1271/7242
f 1263/7243 1275/7244 290/7245
f 1278/7246 1280/7247 1209/7248
f 369/7249 1279/7250 1278/7251
f 1277/7252 1283/7253 369/7254
f 1277/7255 1276/7256 1283/7257
f 1278/7258 1277/7259 369/7260
f 1276/7261 1211/7262 1238/7263
f 1277/7264 1211/7265 1276/7266
f 1277/7267 1278/7268 1211/7269
f 1211/7270 1278/7271 1218/7272
f 1279/7273 1280/7274 1278/7275
f 1281/7276 1279/7277 645/7278
f 1280/7279 1279/7280 1281/7281
f 1282/7282 253/7283 1281/7284
f 253/7285 1282/7286 228/7287
f 1276/7288 374/7289 1283/7290
f 1283/7291 374/7292 369/7293
f 1282/7294 1281/7295 845/7296
f 1281/7297 645/7298 845/7299
f 645/7300 639/7301 845/7302
f 275/7303 1284/7304 1285/7305
f 1286/7306 1287/7307 1284/7308
f 1284/7309 1287/7310 1285/7311
f 1285/7312 1256/7313 275/7314
f 1327/7315 1298/7316 1291/7317
f 1291/7318 1288/7319 1327/7320
f 1291/7321 1298/7322 1299/7323
f 1288/7324 1291/7325 1300/7326
f 1293/7327 1295/7328 1289/7329
f 1294/7330 1297/7331 1298/7332
f 1292/7333 1300/7334 1291/7335
f 1291/7336 1299/7337 1292/7338
f 1297/7339 1296/7340 1290/7341
f 1292/7342 1296/7343 1348/7344
f 1293/7345 1294/7346 1298/7347
f 1293/7348 1298/7349 1323/7350
f 1296/7351 1292/7352 1290/7353
f 1292/7354 1299/7355 1290/7356
f 1301/7357 1289/7358 1407/7359
f 1297/7360 1294/7361 1301/7362
f 1299/7363 1298/7364 1290/7365
f 1298/7366 1297/7367 1290/7368
f 537/7369 534/7370 541/7371
f 1407/7372 1302/7373 1296/7374
f 1302/7375 1407/7376 1457/7377
f 1384/7378 1339/7379 1300/7380
f 1339/7381 1288/7382 1300/7383
f 534/7384 558/7385 541/7386
f 1293/7387 1328/7388 1295/7389
f 1302/7390 1348/7391 1296/7392
f 1297/7393 1301/7394 1407/7395
f 1297/7396 1407/7397 1296/7398
f 1294/7399 1293/7400 1301/7401
f 1289/7402 1405/7403 1407/7404
f 1289/7405 1301/7406 1293/7407
f 551/7408 1316/7409 1321/7410
f 534/7411 1305/7412 558/7413
f 1315/7414 1304/7415 1333/7416
f 1315/7417 1306/7418 1304/7419
f 1305/7420 1312/7421 558/7422
f 1314/7423 1306/7424 1305/7425
f 555/7426 1307/7427 532/7428
f 1317/7429 1310/7430 1303/7431
f 550/7432 556/7433 1312/7434
f 545/7435 541/7436 558/7437
f 1321/7438 1338/7439 1383/7440
f 1321/7441 1311/7442 1338/7443
f 551/7444 1321/7445 403/7446
f 1303/7447 1314/7448 1305/7449
f 1305/7450 1317/7451 1303/7452
f 1308/7453 1326/7454 1309/7455
f 1332/7456 1306/7457 1314/7458
f 1313/7459 1311/7460 1321/7461
f 1312/7462 1305/7463 1306/7464
f 1312/7465 1306/7466 1319/7467
f 545/7468 558/7469 1312/7470
f 1314/7471 1310/7472 1337/7473
f 1310/7474 1314/7475 1303/7476
f 1316/7477 551/7478 1318/7479
f 1309/7480 1326/7481 1337/7482
f 1309/7483 1337/7484 1310/7485
f 1308/7486 532/7487 1307/7488
f 1315/7489 1333/7490 1322/7491
f 532/7492 1308/7493 1309/7494
f 1317/7495 532/7496 1310/7497
f 532/7498 1309/7499 1310/7500
f 1316/7501 1320/7502 1321/7503
f 1312/7504 1319/7505 550/7506
f 1318/7507 1319/7508 1315/7509
f 1306/7510 1315/7511 1319/7512
f 1319/7513 1318/7514 550/7515
f 1318/7516 1320/7517 1316/7518
f 1320/7519 1318/7520 1322/7521
f 1311/7522 1322/7523 1331/7524
f 1313/7525 1321/7526 1320/7527
f 1318/7528 1315/7529 1322/7530
f 1320/7531 1322/7532 1313/7533
f 1311/7534 1313/7535 1322/7536
f 1321/7537 401/7538 403/7539
f 1307/7540 558/7541 541/7542
f 531/7543 1307/7544 541/7545
f 1304/7546 1306/7547 1332/7548
f 1333/7549 1304/7550 1332/7551
f 1335/7552 1298/7553 1327/7554
f 1390/7555 1384/7556 1382/7557
f 1322/7558 1324/7559 1331/7560
f 1314/7561 1334/7562 1329/7563
f 1389/7564 1336/7565 1339/7566
f 1329/7567 1333/7568 1332/7569
f 1329/7570 1330/7571 1333/7572
f 1334/7573 1323/7574 1335/7575
f 1334/7576 1335/7577 1329/7578
f 1335/7579 1330/7580 1329/7581
f 1324/7582 1333/7583 1330/7584
f 1331/7585 1324/7586 1389/7587
f 1330/7588 1325/7589 1336/7590
f 1324/7591 1330/7592 1336/7593
f 1324/7594 1336/7595 1389/7596
f 1335/7597 1327/7598 1325/7599
f 1389/7600 1339/7601 1384/7602
f 1330/7603 1335/7604 1325/7605
f 1323/7606 1298/7607 1335/7608
f 1325/7609 1288/7610 1336/7611
f 1325/7612 1327/7613 1288/7614
f 1314/7615 1337/7616 1334/7617
f 1338/7618 1311/7619 1331/7620
f 1333/7621 1324/7622 1322/7623
f 1339/7624 1336/7625 1288/7626
f 1328/7627 1293/7628 1323/7629
f 1338/7630 1331/7631 1390/7632
f 1334/7633 1337/7634 1323/7635
f 1328/7636 1323/7637 1337/7638
f 1337/7639 1326/7640 1328/7641
f 1314/7642 1329/7643 1332/7644
f 1389/7645 1390/7646 1331/7647
f 1357/7648 1343/7649 1342/7650
f 1342/7651 1345/7652 1344/7653
f 1345/7654 1353/7655 1292/7656
f 1360/7657 1347/7658 1345/7659
f 1300/7660 1292/7661 1353/7662
f 1345/7663 1347/7664 1353/7665
f 1368/7666 1354/7667 1371/7668
f 1346/7669 1357/7670 1354/7671
f 1359/7672 1346/7673 1352/7674
f 1352/7675 1340/7676 1359/7677
f 1341/7678 1340/7679 1352/7680
f 1352/7681 1368/7682 1341/7683
f 1348/7684 1350/7685 1292/7686
f 1344/7687 1350/7688 1348/7689
f 1349/7690 1357/7691 1445/7692
f 1292/7693 1350/7694 1345/7695
f 1387/7696 1353/7697 1347/7698
f 1354/7699 1349/7700 1371/7701
f 1350/7702 1344/7703 1345/7704
f 1349/7705 1354/7706 1357/7707
f 1447/7708 1349/7709 1445/7710
f 1346/7711 1354/7712 1352/7713
f 1352/7714 1354/7715 1368/7716
f 1358/7717 1425/7718 1355/7719
f 1341/7720 1374/7721 1340/7722
f 1343/7723 1345/7724 1342/7725
f 1345/7726 1343/7727 1360/7728
f 1358/7729 1344/7730 1425/7731
f 1357/7732 1358/7733 1355/7734
f 1346/7735 1360/7736 1343/7737
f 1358/7738 1357/7739 1342/7740
f 1344/7741 1358/7742 1342/7743
f 1348/7744 1356/7745 1344/7746
f 1346/7747 1359/7748 1351/7749
f 1385/7750 1340/7751 1374/7752
f 1357/7753 1346/7754 1343/7755
f 1356/7756 1348/7757 1302/7758
f 1346/7759 1351/7760 1347/7761
f 1360/7762 1346/7763 1347/7764
f 1355/7765 1425/7766 1424/7767
f 1362/7768 1399/7769 1361/7770
f 1366/7771 1495/7772 1370/7773
f 1361/7774 1341/7775 1368/7776
f 1362/7777 1361/7778 1363/7779
f 1362/7780 1370/7781 1495/7782
f 1364/7783 1365/7784 1366/7785
f 2078/7786 1495/7787 1366/7788
f 1368/7789 1369/7790 1361/7791
f 1361/7792 1369/7793 1363/7794
f 1369/7795 1370/7796 1363/7797
f 1401/7798 1362/7799 1495/7800
f 1370/7801 1369/7802 1364/7803
f 1370/7804 1364/7805 1366/7806
f 1367/7807 1364/7808 1369/7809
f 1349/7810 1372/7811 1371/7812
f 1372/7813 1373/7814 1369/7815
f 1371/7816 1372/7817 1369/7818
f 1369/7819 1373/7820 1367/7821
f 1490/7822 1366/7823 1365/7824
f 1362/7825 1363/7826 1370/7827
f 1369/7828 1368/7829 1371/7830
f 1341/7831 1361/7832 1400/7833
f 1400/7834 1374/7835 1341/7836
f 1375/7837 1388/7838 1395/7839
f 1379/7840 1381/7841 408/7842
f 409/7843 408/7844 1381/7845
f 1394/7846 432/7847 1375/7848
f 1377/7849 1380/7850 1376/7851
f 1377/7852 1376/7853 1378/7854
f 408/7855 404/7856 1379/7857
f 404/7858 410/7859 1379/7860
f 1383/7861 1338/7862 1390/7863
f 1379/7864 410/7865 401/7866
f 1376/7867 1388/7868 1375/7869
f 1380/7870 1388/7871 1376/7872
f 1377/7873 1378/7874 1380/7875
f 1383/7876 1379/7877 401/7878
f 1383/7879 401/7880 1321/7881
f 1378/7882 1379/7883 1392/7884
f 1381/7885 1379/7886 1378/7887
f 1376/7888 1381/7889 1378/7890
f 1381/7891 1376/7892 1375/7893
f 1392/7894 1359/7895 1340/7896
f 1351/7897 1387/7898 1347/7899
f 1392/7900 1379/7901 1383/7902
f 1384/7903 1300/7904 1353/7905
f 1382/7906 1359/7907 1391/7908
f 1383/7909 1391/7910 1392/7911
f 1384/7912 1353/7913 1382/7914
f 1382/7915 1387/7916 1359/7917
f 1383/7918 1390/7919 1391/7920
f 1392/7921 1388/7922 1380/7923
f 1380/7924 1378/7925 1392/7926
f 1386/7927 1385/7928 1374/7929
f 1351/7930 1359/7931 1387/7932
f 1382/7933 1353/7934 1387/7935
f 1389/7936 1384/7937 1390/7938
f 1390/7939 1382/7940 1391/7941
f 1340/7942 1385/7943 1388/7944
f 1393/7945 1388/7946 1385/7947
f 1388/7948 1392/7949 1340/7950
f 1393/7951 1386/7952 1388/7953
f 1393/7954 1385/7955 1386/7956
f 1392/7957 1391/7958 1359/7959
f 1394/7960 1375/7961 1395/7962
f 2088/7963 1012/7964 1494/7965
f 1397/7966 1396/7967 2088/7968
f 1394/7969 1397/7970 434/7971
f 1494/7972 1397/7973 2088/7974
f 1397/7975 1494/7976 434/7977
f 1397/7978 1395/7979 1399/7980
f 1397/7981 1399/7982 1401/7983
f 1401/7984 1398/7985 1396/7986
f 1396/7987 2087/7988 2088/7989
f 1397/7990 1401/7991 1396/7992
f 1400/7993 1386/7994 1374/7995
f 1362/7996 1401/7997 1399/7998
f 1395/7999 1386/8000 1399/8001
f 1388/8002 1386/8003 1395/8004
f 1399/8005 1386/8006 1400/8007
f 1399/8008 1400/8009 1361/8010
f 1396/8011 1398/8012 2087/8013
f 1395/8014 1397/8015 1394/8016
f 1405/8017 1289/8018 1413/8019
f 1414/8020 1405/8021 1413/8022
f 1457/8023 1405/8024 1406/8025
f 1405/8026 1414/8027 1412/8028
f 1406/8029 1405/8030 1412/8031
f 1408/8032 1402/8033 1403/8034
f 1402/8035 1408/8036 1442/8037
f 1411/8038 1403/8039 1402/8040
f 1418/8041 1406/8042 1409/8043
f 1410/8044 1402/8045 1436/8046
f 1418/8047 1457/8048 1406/8049
f 1436/8050 1404/8051 1410/8052
f 1405/8053 1457/8054 1407/8055
f 1411/8056 1409/8057 1406/8058
f 1411/8059 1402/8060 1410/8061
f 1404/8062 1409/8063 1410/8064
f 1411/8065 1410/8066 1409/8067
f 1413/8068 1412/8069 1414/8070
f 1409/8071 1404/8072 1456/8073
f 1415/8074 1441/8075 1454/8076
f 1450/8077 1420/8078 1465/8079
f 1417/8080 1455/8081 1459/8082
f 1427/8083 1421/8084 1419/8085
f 1450/8086 1419/8087 1420/8088
f 1419/8089 1421/8090 1420/8091
f 1423/8092 1420/8093 1421/8094
f 1452/8095 1423/8096 1446/8097
f 1420/8098 1423/8099 1422/8100
f 1422/8101 1431/8102 1420/8103
f 1492/8104 1349/8105 1447/8106
f 1428/8107 1415/8108 1416/8109
f 1427/8110 1428/8111 1416/8112
f 1441/8113 1415/8114 1428/8115
f 1356/8116 1425/8117 1344/8118
f 1441/8119 1418/8120 1454/8121
f 1424/8122 1445/8123 1355/8124
f 1445/8125 1424/8126 1429/8127
f 1356/8128 1302/8129 1430/8130
f 1302/8131 1457/8132 1430/8133
f 1420/8134 1431/8135 1465/8136
f 1356/8137 1448/8138 1425/8139
f 1454/8140 1418/8141 1456/8142
f 1356/8143 1430/8144 1448/8145
f 1438/8146 1439/8147 1453/8148
f 1439/8149 1423/8150 1453/8151
f 1456/8152 1440/8153 1438/8154
f 1438/8155 1443/8156 1439/8157
f 1438/8158 1444/8159 1443/8160
f 1438/8161 1440/8162 1444/8163
f 1432/8164 1435/8165 1433/8166
f 1439/8167 1433/8168 1435/8169
f 1408/8170 1437/8171 1442/8172
f 1422/8173 1471/8174 1431/8175
f 1424/8176 1425/8177 1429/8178
f 1428/8179 1426/8180 1441/8181
f 1429/8182 1426/8183 1445/8184
f 1445/8185 1426/8186 1427/8187
f 1445/8188 1357/8189 1355/8190
f 1421/8191 1416/8192 1446/8193
f 1432/8194 1433/8195 1434/8196
f 1418/8197 1409/8198 1456/8199
f 1422/8200 1417/8201 1471/8202
f 1422/8203 1435/8204 1417/8205
f 1439/8206 1435/8207 1422/8208
f 1439/8209 1422/8210 1423/8211
f 1446/8212 1423/8213 1421/8214
f 1448/8215 1441/8216 1426/8217
f 1441/8218 1448/8219 1418/8220
f 1429/8221 1448/8222 1426/8223
f 1425/8224 1448/8225 1429/8226
f 1430/8227 1457/8228 1448/8229
f 1471/8230 1417/8231 1459/8232
f 1440/8233 1436/8234 1442/8235
f 1442/8236 1436/8237 1402/8238
f 1451/8239 1419/8240 1450/8241
f 1451/8242 1427/8243 1419/8244
f 1451/8245 1449/8246 1447/8247
f 1450/8248 1449/8249 1451/8250
f 1453/8251 1423/8252 1452/8253
f 1440/8254 1442/8255 1444/8256
f 1442/8257 1437/8258 1444/8259
f 1453/8260 1415/8261 1454/8262
f 1433/8263 1439/8264 1444/8265
f 1415/8266 1446/8267 1416/8268
f 1453/8269 1452/8270 1415/8271
f 1439/8272 1443/8273 1444/8274
f 1454/8275 1438/8276 1453/8277
f 1415/8278 1452/8279 1446/8280
f 1456/8281 1438/8282 1454/8283
f 1427/8284 1416/8285 1421/8286
f 1456/8287 1404/8288 1436/8289
f 1445/8290 1451/8291 1447/8292
f 1445/8293 1427/8294 1451/8295
f 1456/8296 1436/8297 1440/8298
f 1418/8299 1448/8300 1457/8301
f 1428/8302 1427/8303 1426/8304
f 1486/8305 1491/8306 1461/8307
f 1486/8308 1460/8309 1491/8310
f 1491/8311 1460/8312 1489/8313
f 2037/8314 1490/8315 1461/8316
f 1490/8317 1486/8318 1461/8319
f 1367/8320 1489/8321 1460/8322
f 1479/8323 2047/8324 1461/8325
f 2053/8326 1462/8327 1485/8328
f 1487/8329 1485/8330 1462/8331
f 1462/8332 2053/8333 1477/8334
f 1479/8335 1462/8336 1477/8337
f 1487/8338 1462/8339 1463/8340
f 1462/8341 1479/8342 1463/8343
f 1464/8344 1484/8345 1483/8346
f 1484/8347 1468/8348 1466/8349
f 1484/8350 1464/8351 1468/8352
f 1468/8353 1450/8354 1465/8355
f 1468/8356 1464/8357 1467/8358
f 1482/8359 1467/8360 1464/8361
f 1468/8362 1449/8363 1450/8364
f 1468/8365 1467/8366 1469/8367
f 1468/8368 1469/8369 1449/8370
f 1492/8371 1469/8372 1467/8373
f 1449/8374 1469/8375 1447/8376
f 1483/8377 1474/8378 1470/8379
f 1483/8380 1475/8381 1474/8382
f 1484/8383 1475/8384 1483/8385
f 1458/8386 1471/8387 1459/8388
f 1492/8389 1482/8390 1373/8391
f 1482/8392 1489/8393 1373/8394
f 1447/8395 1469/8396 1492/8397
f 1492/8398 1467/8399 1482/8400
f 1472/8401 1471/8402 1458/8403
f 1472/8404 1465/8405 1471/8406
f 1472/8407 1484/8408 1465/8409
f 1431/8410 1471/8411 1465/8412
f 1476/8413 1488/8414 1473/8415
f 1472/8416 1458/8417 1480/8418
f 1472/8419 1480/8420 1473/8421
f 1488/8422 1474/8423 1473/8424
f 1470/8425 1474/8426 1488/8427
f 1475/8428 1472/8429 1473/8430
f 1473/8431 1474/8432 1475/8433
f 1373/8434 1489/8435 1367/8436
f 1478/8437 1476/8438 1473/8439
f 1470/8440 1488/8441 1463/8442
f 2047/8443 1479/8444 1477/8445
f 1491/8446 1463/8447 1479/8448
f 1491/8449 1470/8450 1463/8451
f 1475/8452 1484/8453 1472/8454
f 1466/8455 1465/8456 1484/8457
f 1465/8458 1466/8459 1468/8460
f 1480/8461 1478/8462 1473/8463
f 1481/8464 1482/8465 1483/8466
f 1482/8467 1464/8468 1483/8469
f 1481/8470 1470/8471 1491/8472
f 1491/8473 1489/8474 1481/8475
f 1481/8476 1489/8477 1482/8478
f 1478/8479 1485/8480 1476/8481
f 1481/8482 1483/8483 1470/8484
f 1490/8485 1365/8486 1486/8487
f 1460/8488 1486/8489 1365/8490
f 1487/8491 1476/8492 1485/8493
f 1463/8494 1488/8495 1487/8496
f 1487/8497 1488/8498 1476/8499
f 1490/8500 2037/8501 1366/8502
f 1460/8503 1365/8504 1367/8505
f 1492/8506 1372/8507 1349/8508
f 1365/8509 1364/8510 1367/8511
f 1461/8512 1491/8513 1479/8514
f 1373/8515 1372/8516 1492/8517
f 2078/8518 1366/8519 2037/8520
f 434/8521 1494/8522 1493/8523
f 1012/8524 1493/8525 1494/8526
f 1505/8527 1497/8528 1508/8529
f 1501/8530 1498/8531 1508/8532
f 1501/8533 1508/8534 1497/8535
f 1606/8536 1502/8537 1499/8538
f 1499/8539 1504/8540 1496/8541
f 1502/8542 1510/8543 1506/8544
f 1523/8545 1497/8546 1505/8547
f 1503/8548 1500/8549 1507/8550
f 1511/8551 1506/8552 1510/8553
f 1504/8554 1506/8555 1509/8556
f 1502/8557 1506/8558 1504/8559
f 1500/8560 1496/8561 1504/8562
f 1504/8563 1499/8564 1502/8565
f 1509/8566 1511/8567 1505/8568
f 1506/8569 1511/8570 1509/8571
f 1505/8572 1508/8573 1500/8574
f 1509/8575 1505/8576 1500/8577
f 1508/8578 1498/8579 1507/8580
f 1570/8581 1498/8582 1526/8583
f 1570/8584 1507/8585 1498/8586
f 1507/8587 1500/8588 1508/8589
f 1501/8590 1512/8591 1533/8592
f 1498/8593 1501/8594 1533/8595
f 1496/8596 1500/8597 1578/8598
f 1509/8599 1500/8600 1504/8601
f 1510/8602 1502/8603 1606/8604
f 1507/8605 1568/8606 1503/8607
f 1519/8608 1520/8609 1510/8610
f 1622/8611 1519/8612 1510/8613
f 1525/8614 1516/8615 1517/8616
f 1514/8617 1516/8618 1056/8619
f 1514/8620 1517/8621 1516/8622
f 1513/8623 1515/8624 1516/8625
f 1521/8626 1519/8627 1513/8628
f 1519/8629 1622/8630 1513/8631
f 1517/8632 1514/8633 1525/8634
f 1515/8635 1513/8636 1622/8637
f 1516/8638 1515/8639 1056/8640
f 1516/8641 1521/8642 1513/8643
f 1524/8644 1551/8645 1548/8646
f 1522/8647 920/8648 1551/8649
f 1551/8650 1524/8651 1522/8652
f 1520/8653 1523/8654 1505/8655
f 1505/8656 1511/8657 1520/8658
f 922/8659 1522/8660 1525/8661
f 1522/8662 1524/8663 1521/8664
f 1524/8665 1546/8666 1521/8667
f 1546/8668 1524/8669 1548/8670
f 1546/8671 1539/8672 1523/8673
f 1546/8674 1523/8675 1521/8676
f 1522/8677 922/8678 920/8679
f 1525/8680 1521/8681 1516/8682
f 1521/8683 1525/8684 1522/8685
f 1520/8686 1519/8687 1523/8688
f 1523/8689 1519/8690 1521/8691
f 1523/8692 1518/8693 1497/8694
f 1518/8695 1523/8696 1539/8697
f 1514/8698 922/8699 1525/8700
f 1510/8701 1520/8702 1511/8703
f 1526/8704 1583/8705 1569/8706
f 1832/8707 1527/8708 1528/8709
f 1530/8710 1528/8711 1527/8712
f 1528/8713 1530/8714 1582/8715
f 1518/8716 1534/8717 1501/8718
f 1532/8719 1529/8720 1540/8721
f 1540/8722 1582/8723 1531/8724
f 1540/8725 1531/8726 1535/8727
f 1531/8728 1526/8729 1533/8730
f 1529/8731 1532/8732 1825/8733
f 1536/8734 1538/8735 1537/8736
f 1536/8737 1535/8738 1538/8739
f 1533/8740 1512/8741 1538/8742
f 1540/8743 1535/8744 1536/8745
f 1535/8746 1533/8747 1538/8748
f 1531/8749 1583/8750 1526/8751
f 1582/8752 1540/8753 1528/8754
f 1529/8755 1528/8756 1540/8757
f 1512/8758 1534/8759 1538/8760
f 1541/8761 1534/8762 1539/8763
f 1534/8764 1541/8765 1538/8766
f 1536/8767 1532/8768 1540/8769
f 1543/8770 1537/8771 1538/8772
f 1541/8773 1543/8774 1538/8775
f 1534/8776 1518/8777 1539/8778
f 1526/8779 1569/8780 1570/8781
f 1533/8782 1535/8783 1531/8784
f 1526/8785 1498/8786 1533/8787
f 1497/8788 1518/8789 1501/8790
f 1512/8791 1501/8792 1534/8793
f 1550/8794 1536/8795 1537/8796
f 1861/8797 1553/8798 1039/8799
f 1537/8800 1543/8801 1542/8802
f 1544/8803 1549/8804 1546/8805
f 1544/8806 1548/8807 1545/8808
f 1546/8809 1548/8810 1544/8811
f 1546/8812 1549/8813 1543/8814
f 1546/8815 1543/8816 1541/8817
f 1552/8818 1544/8819 1545/8820
f 1545/8821 1547/8822 1552/8823
f 1545/8824 1548/8825 1547/8826
f 1549/8827 1555/8828 1542/8829
f 1554/8830 1550/8831 1542/8832
f 1555/8833 2091/8834 1861/8835
f 1824/8836 1555/8837 1861/8838
f 1532/8839 1550/8840 1825/8841
f 1543/8842 1549/8843 1542/8844
f 1536/8845 1550/8846 1532/8847
f 1553/8848 2091/8849 1046/8850
f 1554/8851 1824/8852 1825/8853
f 1548/8854 1551/8855 1547/8856
f 1045/8857 1046/8858 1551/8859
f 1552/8860 1549/8861 1544/8862
f 1551/8863 1046/8864 1547/8865
f 1553/8866 1861/8867 2091/8868
f 1552/8869 1046/8870 2091/8871
f 1542/8872 1550/8873 1537/8874
f 1552/8875 2091/8876 1555/8877
f 1554/8878 1825/8879 1550/8880
f 1541/8881 1539/8882 1546/8883
f 1046/8884 1552/8885 1547/8886
f 1552/8887 1555/8888 1549/8889
f 1554/8890 1542/8891 1555/8892
f 1045/8893 1551/8894 920/8895
f 1039/8896 1553/8897 1041/8898
f 1580/8899 1564/8900 1592/8901
f 1583/8902 1558/8903 1569/8904
f 1580/8905 1577/8906 1564/8907
f 1557/8908 1577/8909 1580/8910
f 1572/8911 1577/8912 1557/8913
f 1574/8914 1558/8915 1556/8916
f 1559/8917 1560/8918 1593/8919
f 1556/8920 1563/8921 1574/8922
f 1566/8923 1558/8924 1574/8925
f 1556/8926 1558/8927 1584/8928
f 1856/8929 1573/8930 1563/8931
f 1576/8932 1562/8933 1564/8934
f 1566/8935 1575/8936 1572/8937
f 1566/8938 1572/8939 1567/8940
f 1575/8941 1577/8942 1572/8943
f 1573/8944 1561/8945 1560/8946
f 1573/8947 1856/8948 1561/8949
f 1559/8950 1562/8951 1560/8952
f 1564/8953 1562/8954 1559/8955
f 1570/8956 1568/8957 1507/8958
f 1563/8959 1556/8960 1838/8961
f 1562/8962 1573/8963 1560/8964
f 1569/8965 1558/8966 1566/8967
f 1566/8968 1567/8969 1569/8970
f 1569/8971 1567/8972 1568/8973
f 1569/8974 1568/8975 1570/8976
f 1592/8977 1564/8978 1559/8979
f 1572/8980 1557/8981 1571/8982
f 1573/8983 1562/8984 1565/8985
f 1565/8986 1575/8987 1563/8988
f 1563/8989 1575/8990 1574/8991
f 1566/8992 1574/8993 1575/8994
f 1573/8995 1565/8996 1563/8997
f 1562/8998 1575/8999 1565/9000
f 1575/9001 1562/9002 1576/9003
f 1577/9004 1576/9005 1564/9006
f 1577/9007 1575/9008 1576/9009
f 1571/9010 1567/9011 1572/9012
f 1568/9013 1567/9014 1571/9015
f 1503/9016 1568/9017 1571/9018
f 2002/9019 1994/9020 2012/9021
f 1556/9022 1844/9023 1838/9024
f 1558/9025 1583/9026 1584/9027
f 1503/9028 1571/9029 1579/9030
f 1590/9031 1578/9032 1581/9033
f 1581/9034 1579/9035 1557/9036
f 1503/9037 1579/9038 1500/9039
f 1500/9040 1581/9041 1578/9042
f 1500/9043 1579/9044 1581/9045
f 1579/9046 1571/9047 1557/9048
f 1582/9049 1585/9050 1583/9051
f 1582/9052 1530/9053 1585/9054
f 1583/9055 1531/9056 1582/9057
f 1584/9058 1585/9059 1556/9060
f 1584/9061 1583/9062 1585/9063
f 1836/9064 1556/9065 1585/9066
f 1530/9067 1527/9068 1585/9069
f 1527/9070 1836/9071 1585/9072
f 1588/9073 1586/9074 1593/9075
f 1620/9076 1676/9077 1646/9078
f 1592/9079 1557/9080 1580/9081
f 1646/9082 1685/9083 1693/9084
f 1592/9085 1591/9086 1557/9087
f 1591/9088 1581/9089 1557/9090
f 1708/9091 1703/9092 1682/9093
f 1691/9094 1646/9095 1699/9096
f 1703/9097 1675/9098 1682/9099
f 1588/9100 1589/9101 1586/9102
f 1685/9103 1646/9104 1689/9105
f 1708/9106 1682/9107 1696/9108
f 1589/9109 1588/9110 1587/9111
f 1646/9112 1691/9113 1692/9114
f 1586/9115 1592/9116 1559/9117
f 1586/9118 1559/9119 1593/9120
f 1630/9121 1599/9122 1596/9123
f 1599/9124 1598/9125 1596/9126
f 1603/9127 1633/9128 1602/9129
f 1595/9130 1605/9131 1597/9132
f 1642/9133 1633/9134 1603/9135
f 1598/9136 1600/9137 1623/9138
f 1599/9139 1600/9140 1598/9141
f 1602/9142 1598/9143 1607/9144
f 1598/9145 1623/9146 1607/9147
f 1597/9148 1605/9149 1611/9150
f 1598/9151 1602/9152 1628/9153
f 1595/9154 1602/9155 1607/9156
f 1602/9157 1595/9158 1603/9159
f 1601/9160 1642/9161 1603/9162
f 1602/9163 1633/9164 1628/9165
f 1603/9166 1595/9167 1597/9168
f 1596/9169 1598/9170 1628/9171
f 1601/9172 1603/9173 1597/9174
f 1611/9175 1601/9176 1597/9177
f 1496/9178 1578/9179 1608/9180
f 1496/9181 1608/9182 1604/9183
f 1607/9184 1605/9185 1595/9186
f 1607/9187 1604/9188 1605/9189
f 1604/9190 1608/9191 1605/9192
f 1607/9193 1625/9194 1622/9195
f 1622/9196 1606/9197 1607/9198
f 1604/9199 1499/9200 1496/9201
f 1607/9202 1623/9203 1625/9204
f 1499/9205 1607/9206 1606/9207
f 1499/9208 1604/9209 1607/9210
f 1616/9211 1614/9212 1618/9213
f 1618/9214 1611/9215 1605/9216
f 1615/9217 1611/9218 1614/9219
f 1614/9220 1611/9221 1618/9222
f 1700/9223 1619/9224 1616/9225
f 1601/9226 1611/9227 1610/9228
f 1610/9229 1611/9230 1615/9231
f 1617/9232 1610/9233 1615/9234
f 1617/9235 1615/9236 1616/9237
f 1616/9238 1615/9239 1614/9240
f 1700/9241 1616/9242 1618/9243
f 1587/9244 1640/9245 1589/9246
f 1698/9247 1709/9248 1612/9249
f 1608/9250 1700/9251 1618/9252
f 1605/9253 1608/9254 1618/9255
f 1613/9256 1601/9257 1610/9258
f 1594/9259 1706/9260 1640/9261
f 1679/9262 1591/9263 1592/9264
f 1813/9265 1677/9266 1683/9267
f 1693/9268 1685/9269 1671/9270
f 1623/9271 1624/9272 1627/9273
f 1625/9274 1623/9275 1627/9276
f 1622/9277 1625/9278 1627/9279
f 1622/9280 1510/9281 1606/9282
f 1626/9283 1897/9284 1624/9285
f 1624/9286 1897/9287 1515/9288
f 1627/9289 1624/9290 1515/9291
f 1599/9292 1867/9293 1864/9294
f 1599/9295 1864/9296 1600/9297
f 1864/9298 1624/9299 1600/9300
f 1600/9301 1624/9302 1623/9303
f 1626/9304 1624/9305 1864/9306
f 1622/9307 1627/9308 1515/9309
f 1897/9310 1056/9311 1515/9312
f 1656/9313 1631/9314 1629/9315
f 1629/9316 1631/9317 1635/9318
f 1632/9319 1869/9320 1630/9321
f 1596/9322 1632/9323 1630/9324
f 1628/9325 1633/9326 1636/9327
f 1636/9328 1596/9329 1628/9330
f 1642/9331 1648/9332 1634/9333
f 1633/9334 1634/9335 1636/9336
f 1634/9337 1633/9338 1642/9339
f 1635/9340 1631/9341 1632/9342
f 1634/9343 1629/9344 1635/9345
f 1635/9346 1632/9347 1596/9348
f 1636/9349 1634/9350 1635/9351
f 1635/9352 1596/9353 1636/9354
f 1599/9355 1869/9356 1867/9357
f 1630/9358 1869/9359 1599/9360
f 1632/9361 1879/9362 1869/9363
f 1648/9364 1658/9365 1634/9366
f 1639/9367 1665/9368 1641/9369
f 1613/9370 1639/9371 1601/9372
f 1689/9373 1678/9374 1675/9375
f 1601/9376 1639/9377 1642/9378
f 1639/9379 1641/9380 1648/9381
f 1648/9382 1642/9383 1639/9384
f 1645/9385 1637/9386 1653/9387
f 1638/9388 1645/9389 1653/9390
f 1638/9391 1658/9392 1648/9393
f 1671/9394 1685/9395 1687/9396
f 1647/9397 1637/9398 1643/9399
f 1645/9400 1644/9401 1643/9402
f 1644/9403 1647/9404 1643/9405
f 1613/9406 1680/9407 1639/9408
f 1641/9409 1644/9410 1645/9411
f 1641/9412 1645/9413 1638/9414
f 1641/9415 1638/9416 1648/9417
f 1645/9418 1643/9419 1637/9420
f 1766/9421 1637/9422 1647/9423
f 1637/9424 1764/9425 1653/9426
f 1637/9427 1766/9428 1764/9429
f 1651/9430 70/9431 1650/9432
f 1650/9433 1631/9434 1651/9435
f 70/9436 68/9437 1650/9438
f 1660/9439 70/9440 1651/9441
f 70/9442 1660/9443 1649/9444
f 1656/9445 1652/9446 1655/9447
f 1659/9448 1634/9449 1658/9450
f 1657/9451 1659/9452 1658/9453
f 1656/9454 1660/9455 1631/9456
f 1649/9457 1660/9458 1661/9459
f 1651/9460 1631/9461 1660/9462
f 1654/9463 1649/9464 1661/9465
f 1649/9466 1653/9467 1767/9468
f 1654/9469 1659/9470 1657/9471
f 1657/9472 1653/9473 1654/9474
f 1649/9475 1654/9476 1653/9477
f 1652/9478 1634/9479 1654/9480
f 1629/9481 1652/9482 1656/9483
f 1652/9484 1629/9485 1634/9486
f 1660/9487 1656/9488 1655/9489
f 1655/9490 1654/9491 1661/9492
f 1660/9493 1655/9494 1661/9495
f 1638/9496 1657/9497 1658/9498
f 1638/9499 1653/9500 1657/9501
f 1652/9502 1654/9503 1655/9504
f 1659/9505 1654/9506 1634/9507
f 1877/9508 1879/9509 1631/9510
f 1877/9511 1631/9512 1650/9513
f 70/9514 1649/9515 65/9516
f 1706/9517 1698/9518 1612/9519
f 1662/9520 1639/9521 1680/9522
f 1707/9523 1698/9524 1706/9525
f 1665/9526 1664/9527 1644/9528
f 1647/9529 1666/9530 1795/9531
f 1666/9532 1647/9533 1644/9534
f 1663/9535 1664/9536 1665/9537
f 1664/9538 1677/9539 1666/9540
f 1644/9541 1664/9542 1666/9543
f 1644/9544 1641/9545 1665/9546
f 1620/9547 1683/9548 1677/9549
f 1666/9550 1677/9551 1793/9552
f 1685/9553 1688/9554 1687/9555
f 1687/9556 1667/9557 1694/9558
f 1686/9559 1684/9560 1698/9561
f 1669/9562 1670/9563 1691/9564
f 1691/9565 1670/9566 1810/9567
f 1152/9568 1150/9569 1160/9570
f 1264/9571 285/9572 1268/9573
f 1811/9574 1670/9575 1668/9576
f 1671/9577 1672/9578 1668/9579
f 1672/9580 1673/9581 1668/9582
f 1670/9583 1671/9584 1668/9585
f 1670/9586 1669/9587 1671/9588
f 1662/9589 1674/9590 1663/9591
f 1590/9592 1704/9593 1621/9594
f 1708/9595 1609/9596 1690/9597
f 1617/9598 1708/9599 1696/9600
f 1619/9601 1690/9602 1609/9603
f 1676/9604 1678/9605 1646/9606
f 1268/9607 1106/9608 1983/9609
f 1675/9610 1684/9611 1689/9612
f 1621/9613 1612/9614 1619/9615
f 1164/9616 322/9617 1738/9618
f 1684/9619 1688/9620 1689/9621
f 1640/9622 1704/9623 1589/9624
f 1662/9625 1682/9626 1678/9627
f 1667/9628 1687/9629 1681/9630
f 1810/9631 1670/9632 1814/9633
f 1692/9634 1691/9635 1810/9636
f 1699/9637 1646/9638 1693/9639
f 1683/9640 1620/9641 1692/9642
f 1594/9643 1640/9644 1587/9645
f 1696/9646 1682/9647 1705/9648
f 1669/9649 1699/9650 1671/9651
f 1609/9652 1616/9653 1619/9654
f 1663/9655 1620/9656 1677/9657
f 1686/9658 1681/9659 1687/9660
f 1686/9661 1687/9662 1688/9663
f 1609/9664 1617/9665 1616/9666
f 1703/9667 1709/9668 1675/9669
f 1620/9670 1646/9671 1692/9672
f 1679/9673 1592/9674 1586/9675
f 1684/9676 1675/9677 1709/9678
f 1684/9679 1709/9680 1698/9681
f 1674/9682 1662/9683 1678/9684
f 1688/9685 1684/9686 1686/9687
f 1617/9688 1609/9689 1708/9690
f 1683/9691 1692/9692 1813/9693
f 1674/9694 1620/9695 1663/9696
f 1702/9697 1696/9698 1705/9699
f 1689/9700 1688/9701 1685/9702
f 1646/9703 1678/9704 1689/9705
f 1672/9706 1687/9707 1694/9708
f 1594/9709 1701/9710 1707/9711
f 1672/9712 1671/9713 1687/9714
f 1621/9715 1619/9716 1700/9717
f 1590/9718 1591/9719 1679/9720
f 1640/9721 1706/9722 1704/9723
f 1695/9724 1697/9725 1667/9726
f 1707/9727 1697/9728 1695/9729
f 1709/9730 1703/9731 1690/9732
f 1586/9733 1589/9734 1679/9735
f 1681/9736 1686/9737 1698/9738
f 1680/9739 1682/9740 1662/9741
f 1617/9742 1696/9743 1702/9744
f 1613/9745 1610/9746 1702/9747
f 1617/9748 1702/9749 1610/9750
f 1704/9751 1706/9752 1612/9753
f 1612/9754 1621/9755 1704/9756
f 1620/9757 1674/9758 1676/9759
f 1700/9760 1608/9761 1578/9762
f 1708/9763 1690/9764 1703/9765
f 1680/9766 1705/9767 1682/9768
f 1681/9769 1695/9770 1667/9771
f 1587/9772 1701/9773 1594/9774
f 1700/9775 1578/9776 1621/9777
f 1612/9778 1690/9779 1619/9780
f 1697/9781 1707/9782 1701/9783
f 1674/9784 1678/9785 1676/9786
f 1665/9787 1639/9788 1662/9789
f 1691/9790 1699/9791 1669/9792
f 1590/9793 1581/9794 1591/9795
f 1679/9796 1589/9797 1704/9798
f 1682/9799 1675/9800 1678/9801
f 1704/9802 1590/9803 1679/9804
f 1695/9805 1698/9806 1707/9807
f 1681/9808 1698/9809 1695/9810
f 1709/9811 1690/9812 1612/9813
f 1613/9814 1705/9815 1680/9816
f 1613/9817 1702/9818 1705/9819
f 1699/9820 1693/9821 1671/9822
f 1594/9823 1707/9824 1706/9825
f 1665/9826 1662/9827 1663/9828
f 1677/9829 1664/9830 1663/9831
f 1578/9832 1590/9833 1621/9834
f 1711/9835 1739/9836 1710/9837
f 1711/9838 1714/9839 1739/9840
f 1714/9841 1711/9842 1713/9843
f 1735/9844 1718/9845 1712/9846
f 1718/9847 1716/9848 1757/9849
f 1713/9850 1712/9851 1714/9852
f 1717/9853 1720/9854 1783/9855
f 1721/9856 1716/9857 1718/9858
f 1719/9859 1721/9860 1718/9861
f 1717/9862 1721/9863 1727/9864
f 279/9865 1717/9866 1727/9867
f 1722/9868 1721/9869 1717/9870
f 1716/9871 1721/9872 1722/9873
f 1727/9874 1721/9875 1725/9876
f 51/9877 1720/9878 279/9879
f 1725/9880 1724/9881 1723/9882
f 1731/9883 1723/9884 1724/9885
f 1717/9886 279/9887 1720/9888
f 1715/9889 1724/9890 1719/9891
f 1725/9892 1719/9893 1724/9894
f 1731/9895 1724/9896 1715/9897
f 77/9898 79/9899 1779/9900
f 1715/9901 1719/9902 1726/9903
f 1723/9904 1727/9905 1725/9906
f 1726/9907 1719/9908 1718/9909
f 1725/9910 1721/9911 1719/9912
f 1727/9913 1723/9914 1731/9915
f 1720/9916 37/9917 77/9918
f 1729/9919 1733/9920 1728/9921
f 1733/9922 1729/9923 1731/9924
f 1730/9925 1731/9926 1729/9927
f 1732/9928 1731/9929 1715/9930
f 1734/9931 1732/9932 1715/9933
f 1731/9934 1732/9935 1733/9936
f 1737/9937 1735/9938 1712/9939
f 1712/9940 1713/9941 1737/9942
f 1163/9943 1152/9944 1155/9945
f 1715/9946 1726/9947 1734/9948
f 1736/9949 1737/9950 1713/9951
f 1734/9952 1735/9953 1737/9954
f 1718/9955 1735/9956 1726/9957
f 1735/9958 1734/9959 1726/9960
f 1261/9961 1158/9962 1274/9963
f 1740/9964 1741/9965 1714/9966
f 1739/9967 1714/9968 1741/9969
f 1745/9970 1742/9971 1743/9972
f 1743/9973 1741/9974 1745/9975
f 1743/9976 1742/9977 1818/9978
f 1743/9979 1739/9980 1741/9981
f 1744/9982 1755/9983 1745/9984
f 1744/9985 1745/9986 1741/9987
f 1712/9988 1718/9989 1714/9990
f 1741/9991 1740/9992 1744/9993
f 1740/9994 1714/9995 1718/9996
f 1772/9997 1750/9998 1749/9999
f 1756/10000 1749/10001 1750/10002
f 1772/10003 1748/10004 1746/10005
f 1746/10006 1748/10007 1747/10008
f 1748/10009 1798/10010 1747/10011
f 1751/10012 1744/10013 1756/10014
f 1746/10015 1747/10016 1761/10017
f 1788/10018 1789/10019 1772/10020
f 1748/10021 1789/10022 1798/10023
f 1772/10024 1789/10025 1748/10026
f 1750/10027 1751/10028 1756/10029
f 1749/10030 1773/10031 1772/10032
f 1750/10033 1772/10034 1746/10035
f 1750/10036 1746/10037 1751/10038
f 1754/10039 1752/10040 1753/10041
f 1762/10042 1755/10043 1751/10044
f 1752/10045 1755/10046 1762/10047
f 1752/10048 1758/10049 1753/10050
f 1742/10051 1754/10052 1818/10053
f 1742/10054 1752/10055 1754/10056
f 1742/10057 1755/10058 1752/10059
f 1751/10060 1755/10061 1744/10062
f 1755/10063 1742/10064 1745/10065
f 1762/10066 1758/10067 1752/10068
f 1756/10069 1769/10070 1749/10071
f 1744/10072 1740/10073 1756/10074
f 1718/10075 1757/10076 1740/10077
f 1756/10078 1740/10079 1757/10080
f 1756/10081 1757/10082 1769/10083
f 1747/10084 1759/10085 1760/10086
f 1759/10087 1758/10088 1760/10089
f 1758/10090 1801/10091 1753/10092
f 1801/10093 1804/10094 1753/10095
f 1758/10096 1762/10097 1760/10098
f 1760/10099 1762/10100 1761/10101
f 1758/10102 1759/10103 1801/10104
f 1802/10105 1801/10106 1759/10107
f 1747/10108 1802/10109 1759/10110
f 1746/10111 1761/10112 1751/10113
f 1761/10114 1762/10115 1751/10116
f 1760/10117 1761/10118 1747/10119
f 1763/10120 1764/10121 1765/10122
f 1764/10123 1763/10124 1767/10125
f 1768/10126 65/10127 1767/10128
f 1781/10129 1767/10130 1763/10131
f 1765/10132 1794/10133 1775/10134
f 65/10135 1649/10136 1767/10137
f 1794/10138 1765/10139 1766/10140
f 1767/10141 1653/10142 1764/10143
f 1764/10144 1766/10145 1765/10146
f 1768/10147 1767/10148 1781/10149
f 1777/10150 1770/10151 1774/10152
f 1771/10153 1770/10154 1769/10155
f 1776/10156 1763/10157 1765/10158
f 1773/10159 1788/10160 1772/10161
f 1788/10162 1773/10163 1770/10164
f 1769/10165 1770/10166 1773/10167
f 1749/10168 1769/10169 1773/10170
f 1775/10171 1785/10172 1777/10173
f 1788/10174 1770/10175 1777/10176
f 1775/10177 1774/10178 1780/10179
f 1776/10180 1765/10181 1775/10182
f 1777/10183 1774/10184 1775/10185
f 1775/10186 1780/10187 1776/10188
f 1777/10189 1785/10190 1788/10191
f 1774/10192 1770/10193 1771/10194
f 1779/10195 1780/10196 1782/10197
f 1771/10198 1778/10199 1783/10200
f 1757/10201 1716/10202 1722/10203
f 1771/10204 1769/10205 1778/10206
f 1776/10207 1780/10208 1779/10209
f 1778/10210 1769/10211 1757/10212
f 1778/10213 1722/10214 1717/10215
f 1783/10216 1782/10217 1771/10218
f 1774/10219 1782/10220 1780/10221
f 1776/10222 1779/10223 79/10224
f 1782/10225 1720/10226 1779/10227
f 1720/10228 1782/10229 1783/10230
f 79/10231 1781/10232 1776/10233
f 1783/10234 1778/10235 1717/10236
f 1722/10237 1778/10238 1757/10239
f 1771/10240 1782/10241 1774/10242
f 1776/10243 1781/10244 1763/10245
f 77/10246 1779/10247 1720/10248
f 1784/10249 1785/10250 1790/10251
f 1784/10252 1789/10253 1785/10254
f 1775/10255 1794/10256 1785/10257
f 1785/10258 1794/10259 1790/10260
f 1786/10261 1797/10262 1787/10263
f 1786/10264 1784/10265 1797/10266
f 1789/10267 1784/10268 1786/10269
f 1787/10270 1789/10271 1786/10272
f 1785/10273 1789/10274 1788/10275
f 1789/10276 1787/10277 1798/10278
f 1791/10279 1677/10280 1792/10281
f 1792/10282 1790/10283 1791/10284
f 1796/10285 1793/10286 1791/10287
f 1766/10288 1796/10289 1794/10290
f 1795/10291 1796/10292 1766/10293
f 1794/10294 1796/10295 1790/10296
f 1796/10297 1795/10298 1793/10299
f 1784/10300 1790/10301 1792/10302
f 1790/10303 1796/10304 1791/10305
f 1795/10306 1666/10307 1793/10308
f 1677/10309 1791/10310 1793/10311
f 1766/10312 1647/10313 1795/10314
f 1784/10315 1792/10316 1812/10317
f 1799/10318 1747/10319 1798/10320
f 1802/10321 1809/10322 1807/10323
f 1802/10324 1807/10325 1804/10326
f 1799/10327 1798/10328 1787/10329
f 1799/10330 1787/10331 1797/10332
f 1799/10333 1797/10334 1816/10335
f 1799/10336 1806/10337 1803/10338
f 1800/10339 1806/10340 1799/10341
f 1800/10342 1799/10343 1816/10344
f 1808/10345 1803/10346 1806/10347
f 1801/10348 1802/10349 1804/10350
f 1747/10351 1799/10352 1809/10353
f 1803/10354 1807/10355 1809/10356
f 1808/10357 1807/10358 1803/10359
f 1816/10360 1815/10361 1800/10362
f 1806/10363 1805/10364 1808/10365
f 1809/10366 1802/10367 1747/10368
f 1809/10369 1799/10370 1803/10371
f 1806/10372 1800/10373 1805/10374
f 1804/10375 1807/10376 1808/10377
f 1797/10378 1812/10379 1816/10380
f 1259/10381 1256/10382 1260/10383
f 1812/10384 1792/10385 1813/10386
f 1817/10387 1813/10388 1810/10389
f 1813/10390 1817/10391 1812/10392
f 1815/10393 1814/10394 1811/10395
f 1812/10396 1817/10397 1816/10398
f 1815/10399 1817/10400 1814/10401
f 1792/10402 1677/10403 1813/10404
f 1815/10405 1816/10406 1817/10407
f 1814/10408 1670/10409 1811/10410
f 1814/10411 1817/10412 1810/10413
f 1812/10414 1797/10415 1784/10416
f 1813/10417 1692/10418 1810/10419
f 1739/10420 1743/10421 1818/10422
f 1853/10423 1852/10424 1563/10425
f 1563/10426 1838/10427 1853/10428
f 1821/10429 1822/10430 1820/10431
f 1828/10432 1821/10433 1820/10434
f 1824/10435 1554/10436 1555/10437
f 1823/10438 1821/10439 1828/10440
f 1822/10441 1821/10442 1823/10443
f 1828/10444 1834/10445 1823/10446
f 1823/10447 1834/10448 1824/10449
f 1825/10450 1824/10451 1834/10452
f 1831/10453 1834/10454 1828/10455
f 1827/10456 1831/10457 1839/10458
f 1827/10459 1830/10460 1831/10461
f 1830/10462 1827/10463 1829/10464
f 1832/10465 1831/10466 1830/10467
f 1832/10468 1834/10469 1831/10470
f 1833/10471 1822/10472 1861/10473
f 1831/10474 1828/10475 1820/10476
f 1826/10477 1819/10478 1837/10479
f 1837/10480 1829/10481 1826/10482
f 1556/10483 1836/10484 1844/10485
f 1527/10486 1830/10487 1835/10488
f 1527/10489 1835/10490 1836/10491
f 1856/10492 1848/10493 1561/10494
f 1842/10495 1561/10496 1848/10497
f 1829/10498 1827/10499 1826/10500
f 1855/10501 1837/10502 1847/10503
f 1847/10504 1837/10505 1819/10506
f 1820/10507 1839/10508 1831/10509
f 1838/10510 1847/10511 1851/10512
f 1820/10513 1857/10514 1839/10515
f 1840/10516 1862/10517 1902/10518
f 1827/10519 1839/10520 1826/10521
f 1835/10522 1830/10523 1829/10524
f 1854/10525 1835/10526 1829/10527
f 1854/10528 1829/10529 1837/10530
f 1854/10531 1836/10532 1835/10533
f 1844/10534 1836/10535 1854/10536
f 1841/10537 1842/10538 1843/10539
f 1843/10540 1842/10541 1848/10542
f 1846/10543 1845/10544 1843/10545
f 1847/10546 1819/10547 1845/10548
f 1845/10549 1846/10550 1847/10551
f 1843/10552 1845/10553 1841/10554
f 1842/10555 1560/10556 1561/10557
f 1847/10558 1846/10559 1851/10560
f 1850/10561 1843/10562 1848/10563
f 1843/10564 1849/10565 1846/10566
f 1850/10567 1849/10568 1843/10569
f 1849/10570 1851/10571 1846/10572
f 1851/10573 1849/10574 1853/10575
f 1848/10576 1856/10577 1850/10578
f 1850/10579 1853/10580 1849/10581
f 1850/10582 1856/10583 1852/10584
f 1852/10585 1853/10586 1850/10587
f 1833/10588 1903/10589 1862/10590
f 1844/10591 1854/10592 1855/10593
f 1855/10594 1854/10595 1837/10596
f 1851/10597 1853/10598 1838/10599
f 1852/10600 1856/10601 1563/10602
f 1860/10603 1858/10604 1857/10605
f 1858/10606 1860/10607 1859/10608
f 1859/10609 2090/10610 1858/10611
f 1860/10612 1822/10613 1833/10614
f 1859/10615 1860/10616 1833/10617
f 1857/10618 1820/10619 1860/10620
f 1820/10621 1822/10622 1860/10623
f 1834/10624 1832/10625 1529/10626
f 1834/10627 1529/10628 1825/10629
f 1830/10630 1527/10631 1832/10632
f 1529/10633 1832/10634 1528/10635
f 1855/10636 1838/10637 1844/10638
f 1855/10639 1847/10640 1838/10641
f 1839/10642 1857/10643 1826/10644
f 1823/10645 1824/10646 1861/10647
f 1822/10648 1823/10649 1861/10650
f 1861/10651 1039/10652 1833/10653
f 1881/10654 1866/10655 1880/10656
f 1867/10657 1872/10658 1864/10659
f 1880/10660 1866/10661 1865/10662
f 1867/10663 1863/10664 1872/10665
f 1880/10666 1865/10667 1871/10668
f 1866/10669 1881/10670 1874/10671
f 1866/10672 1874/10673 1863/10674
f 1865/10675 1866/10676 1863/10677
f 1872/10678 1874/10679 1868/10680
f 1863/10681 1874/10682 1872/10683
f 1871/10684 1867/10685 1869/10686
f 1871/10687 1865/10688 1863/10689
f 1871/10690 1863/10691 1867/10692
f 1873/10693 1868/10694 1870/10695
f 1881/10696 1870/10697 1874/10698
f 1874/10699 1870/10700 1868/10701
f 1875/10702 1887/10703 1876/10704
f 1894/10705 1884/10706 1882/10707
f 71/10708 1650/10709 68/10710
f 60/10711 1878/10712 71/10713
f 71/10714 1878/10715 1650/10716
f 1878/10717 1885/10718 1877/10719
f 1885/10720 1869/10721 1879/10722
f 1883/10723 1884/10724 1880/10725
f 1884/10726 1894/10727 1881/10728
f 1884/10729 1881/10730 1880/10731
f 1879/10732 1632/10733 1631/10734
f 1885/10735 1883/10736 1880/10737
f 1265/10738 1264/10739 1268/10740
f 1882/10741 1884/10742 1883/10743
f 1885/10744 1880/10745 1869/10746
f 1883/10747 1875/10748 1876/10749
f 1869/10750 1880/10751 1871/10752
f 1883/10753 1876/10754 1882/10755
f 1882/10756 1876/10757 1886/10758
f 1882/10759 1887/10760 1894/10761
f 1886/10762 1887/10763 1882/10764
f 1887/10765 1886/10766 1876/10767
f 1878/10768 58/10769 1888/10770
f 58/10771 1878/10772 60/10773
f 1885/10774 1878/10775 1883/10776
f 58/10777 60/10778 67/10779
f 1650/10780 1878/10781 1877/10782
f 1879/10783 1877/10784 1885/10785
f 1883/10786 1878/10787 1875/10788
f 1878/10789 1888/10790 1875/10791
f 1893/10792 1888/10793 786/10794
f 784/10795 778/10796 1892/10797
f 1890/10798 1870/10799 1894/10800
f 1890/10801 1893/10802 1889/10803
f 1889/10804 1893/10805 781/10806
f 1894/10807 1870/10808 1881/10809
f 1890/10810 1894/10811 1891/10812
f 1890/10813 1891/10814 1893/10815
f 1891/10816 1875/10817 1893/10818
f 1870/10819 1890/10820 1889/10821
f 1891/10822 1887/10823 1875/10824
f 1894/10825 1887/10826 1891/10827
f 1888/10828 1893/10829 1875/10830
f 1896/10831 1899/10832 1897/10833
f 1898/10834 1897/10835 1899/10836
f 1900/10837 1899/10838 1895/10839
f 1899/10840 1896/10841 1895/10842
f 1626/10843 1896/10844 1897/10845
f 1872/10846 1896/10847 1864/10848
f 1896/10849 1872/10850 1868/10851
f 1868/10852 1895/10853 1896/10854
f 1900/10855 1895/10856 1868/10857
f 1864/10858 1896/10859 1626/10860
f 1897/10861 1898/10862 1056/10863
f 1903/10864 1905/10865 1902/10866
f 1833/10867 1931/10868 1903/10869
f 1931/10870 1833/10871 1039/10872
f 1902/10873 1862/10874 1903/10875
f 1905/10876 1904/10877 1901/10878
f 1901/10879 1906/10880 1905/10881
f 1903/10882 1922/10883 1905/10884
f 1918/10885 880/10886 1947/10887
f 1268/10888 285/10889 1106/10890
f 1040/10891 1914/10892 1931/10893
f 1922/10894 1924/10895 1905/10896
f 1937/10897 1924/10898 1922/10899
f 1917/10900 1914/10901 1040/10902
f 1905/10903 1924/10904 1904/10905
f 1944/10906 1937/10907 1922/10908
f 1041/10909 1040/10910 1039/10911
f 1913/10912 1935/10913 1943/10914
f 1915/10915 1935/10916 1913/10917
f 1915/10918 1913/10919 1903/10920
f 1915/10921 1903/10922 1914/10923
f 1931/10924 1914/10925 1903/10926
f 1922/10927 1903/10928 1913/10929
f 1980/10930 1974/10931 1908/10932
f 1163/10933 1155/10934 1106/10935
f 1933/10936 1166/10937 1162/10938
f 1166/10939 1738/10940 322/10941
f 1106/10942 1933/10943 1983/10944
f 1909/10945 1907/10946 1908/10947
f 1914/10948 1917/10949 1925/10950
f 1958/10951 1907/10952 1909/10953
f 1057/10954 1033/10955 1918/10956
f 1936/10957 1910/10958 1932/10959
f 1920/10960 1958/10961 1909/10962
f 1920/10963 1909/10964 1908/10965
f 1910/10966 1936/10967 1923/10968
f 1936/10969 1921/10970 1923/10971
f 1929/10972 1940/10973 1927/10974
f 1926/10975 1929/10976 1927/10977
f 1926/10978 1911/10979 1929/10980
f 1947/10981 1958/10982 1920/10983
f 1921/10984 1990/10985 1923/10986
f 1922/10987 1913/10988 1944/10989
f 1942/10990 1941/10991 1919/10992
f 1934/10993 1057/10994 1940/10995
f 1941/10996 1908/10997 1919/10998
f 1974/10999 1919/11000 1908/11001
f 1925/11002 1047/11003 1946/11004
f 1940/11005 1912/11006 1927/11007
f 1930/11008 1927/11009 1912/11010
f 1930/11011 1928/11012 1927/11013
f 1944/11014 1926/11015 1928/11016
f 1928/11017 1926/11018 1927/11019
f 1022/11020 1023/11021 1929/11022
f 1269/11023 1169/11024 1163/11025
f 1020/11026 1929/11027 1911/11028
f 1020/11029 1022/11030 1929/11031
f 1931/11032 1039/11033 1040/11034
f 1908/11035 1907/11036 1980/11037
f 1930/11038 1912/11039 1908/11040
f 1908/11041 1916/11042 1930/11043
f 1928/11044 1930/11045 1932/11046
f 1936/11047 1932/11048 1930/11049
f 1936/11050 1941/11051 1921/11052
f 1935/11053 1915/11054 1914/11055
f 1919/11056 1974/11057 1939/11058
f 1916/11059 1941/11060 1936/11061
f 1916/11062 1936/11063 1930/11064
f 1910/11065 1923/11066 1924/11067
f 1924/11068 1938/11069 1910/11070
f 1932/11071 1910/11072 1938/11073
f 1937/11074 1938/11075 1924/11076
f 1938/11077 1928/11078 1932/11079
f 1938/11080 1937/11081 1944/11082
f 1938/11083 1944/11084 1928/11085
f 1023/11086 1025/11087 1934/11088
f 1929/11089 1023/11090 1934/11091
f 1738/11092 1166/11093 1933/11094
f 1919/11095 1939/11096 1988/11097
f 1918/11098 1912/11099 1940/11100
f 1057/11101 1918/11102 1940/11103
f 1934/11104 1940/11105 1929/11106
f 1942/11107 1982/11108 1921/11109
f 1941/11110 1942/11111 1921/11112
f 1919/11113 1988/11114 1942/11115
f 1944/11116 1913/11117 1943/11118
f 1911/11119 1944/11120 1943/11121
f 1911/11122 1926/11123 1944/11124
f 1920/11125 1908/11126 1912/11127
f 1943/11128 1935/11129 1945/11130
f 1914/11131 1945/11132 1935/11133
f 1946/11134 1945/11135 1914/11136
f 1943/11137 1945/11138 1946/11139
f 1925/11140 1946/11141 1914/11142
f 1047/11143 1911/11144 1943/11145
f 1047/11146 1020/11147 1911/11148
f 1943/11149 1946/11150 1047/11151
f 1918/11152 1920/11153 1912/11154
f 1918/11155 1947/11156 1920/11157
f 1941/11158 1916/11159 1908/11160
f 1939/11161 2045/11162 1996/11163
f 880/11164 1948/11165 1947/11166
f 1948/11167 1963/11168 1964/11169
f 1983/11170 1162/11171 1266/11172
f 1951/11173 1963/11174 1948/11175
f 1948/11176 1955/11177 1951/11178
f 1949/11179 1957/11180 1965/11181
f 1955/11182 848/11183 1951/11184
f 1978/11185 1949/11186 1956/11187
f 1952/11188 1953/11189 1954/11190
f 1950/11191 1961/11192 1954/11193
f 1950/11194 1954/11195 1969/11196
f 1962/11197 1947/11198 1948/11199
f 1950/11200 1971/11201 1959/11202
f 1961/11203 1951/11204 1954/11205
f 1963/11206 1965/11207 1964/11208
f 1965/11209 1963/11210 1949/11211
f 875/11212 1952/11213 848/11214
f 858/11215 1948/11216 880/11217
f 1953/11218 1969/11219 1954/11220
f 848/11221 1954/11222 1951/11223
f 1969/11224 1971/11225 1950/11226
f 1954/11227 848/11228 1952/11229
f 1223/11230 1195/11231 1204/11232
f 1948/11233 858/11234 1955/11235
f 1960/11236 1959/11237 1956/11238
f 1957/11239 1907/11240 1965/11241
f 1961/11242 1959/11243 1960/11244
f 1907/11245 1958/11246 1962/11247
f 1956/11248 1949/11249 1960/11250
f 1963/11251 1960/11252 1949/11253
f 1963/11254 1951/11255 1961/11256
f 1962/11257 1965/11258 1907/11259
f 1947/11260 1962/11261 1958/11262
f 1961/11263 1960/11264 1963/11265
f 1162/11266 1983/11267 1933/11268
f 1957/11269 1949/11270 1978/11271
f 1962/11272 1964/11273 1965/11274
f 1959/11275 1961/11276 1950/11277
f 1948/11278 1964/11279 1962/11280
f 1969/11281 2069/11282 2075/11283
f 2084/11284 1966/11285 1967/11286
f 2069/11287 1969/11288 1966/11289
f 1005/11290 2081/11291 1010/11292
f 1010/11293 1967/11294 974/11295
f 1953/11296 1952/11297 1968/11298
f 2084/11299 2069/11300 1966/11301
f 1966/11302 1953/11303 1968/11304
f 1969/11305 1953/11306 1966/11307
f 1967/11308 1010/11309 2084/11310
f 1968/11311 978/11312 1966/11313
f 846/11314 1968/11315 1952/11316
f 974/11317 1967/11318 978/11319
f 978/11320 1967/11321 1966/11322
f 1969/11323 2075/11324 1971/11325
f 1974/11326 2045/11327 1939/11328
f 1972/11329 1975/11330 1978/11331
f 1972/11332 1956/11333 1977/11334
f 1972/11335 1978/11336 1956/11337
f 1973/11338 1975/11339 1972/11340
f 1973/11341 1972/11342 1979/11343
f 1976/11344 1974/11345 1980/11346
f 1980/11347 1978/11348 1976/11349
f 1971/11350 1979/11351 1977/11352
f 1971/11353 1977/11354 1959/11355
f 1976/11356 1975/11357 1974/11358
f 1974/11359 1975/11360 2045/11361
f 1975/11362 1973/11363 2045/11364
f 2016/11365 2067/11366 2050/11367
f 1976/11368 1978/11369 1975/11370
f 1738/11371 1106/11372 1155/11373
f 2075/11374 1970/11375 1971/11376
f 1979/11377 1972/11378 1977/11379
f 1971/11380 1970/11381 1979/11382
f 1978/11383 1980/11384 1957/11385
f 1907/11386 1957/11387 1980/11388
f 1170/11389 1171/11390 1152/11391
f 1959/11392 1977/11393 1956/11394
f 1981/11395 1982/11396 1991/11397
f 1985/11398 1987/11399 2008/11400
f 1985/11401 1986/11402 1987/11403
f 1984/11404 1986/11405 1985/11406
f 1996/11407 2008/11408 1987/11409
f 1987/11410 1988/11411 1996/11412
f 1990/11413 1921/11414 1982/11415
f 1991/11416 1993/11417 1989/11418
f 1990/11419 1982/11420 1981/11421
f 1939/11422 1996/11423 1988/11424
f 1991/11425 1992/11426 1981/11427
f 1988/11428 1986/11429 1942/11430
f 1987/11431 1986/11432 1988/11433
f 1989/11434 1992/11435 1991/11436
f 1986/11437 1984/11438 1942/11439
f 1984/11440 1993/11441 1942/11442
f 1993/11443 1991/11444 1942/11445
f 1942/11446 1991/11447 1982/11448
f 2018/11449 2040/11450 2014/11451
f 2001/11452 1984/11453 1985/11454
f 1996/11455 2020/11456 2008/11457
f 2003/11458 2019/11459 2022/11460
f 2032/11461 2008/11462 2030/11463
f 1998/11464 2035/11465 2049/11466
f 1999/11467 1998/11468 2024/11469
f 1999/11470 2024/11471 2000/11472
f 1984/11473 2003/11474 1993/11475
f 2004/11476 1994/11477 2043/11478
f 2001/11479 2034/11480 1984/11481
f 2027/11482 2002/11483 2012/11484
f 2027/11485 2012/11486 2055/11487
f 2032/11488 2043/11489 2044/11490
f 2010/11491 2054/11492 2007/11493
f 2012/11494 1994/11495 2004/11496
f 1996/11497 2045/11498 2020/11499
f 2009/11500 1998/11501 2010/11502
f 2049/11503 2010/11504 1998/11505
f 2044/11506 2039/11507 2032/11508
f 2026/11509 2044/11510 2043/11511
f 2027/11512 2014/11513 2023/11514
f 2043/11515 1994/11516 2026/11517
f 1997/11518 2016/11519 1995/11520
f 2055/11521 2012/11522 2028/11523
f 2021/11524 1994/11525 2002/11526
f 2018/11527 2056/11528 2040/11529
f 2055/11530 2015/11531 2014/11532
f 2030/11533 2043/11534 2032/11535
f 2003/11536 1989/11537 1993/11538
f 2004/11539 2025/11540 2028/11541
f 2028/11542 2012/11543 2004/11544
f 2014/11545 2040/11546 2023/11547
f 1997/11548 2067/11549 2016/11550
f 2006/11551 2017/11552 2058/11553
f 2045/11554 1973/11555 2013/11556
f 2018/11557 2015/11558 2056/11559
f 2023/11560 2002/11561 2027/11562
f 2039/11563 2034/11564 2001/11565
f 1989/11566 2003/11567 2022/11568
f 2055/11569 2006/11570 2024/11571
f 2030/11572 2041/11573 2025/11574
f 2006/11575 2055/11576 2028/11577
f 2030/11578 2025/11579 2004/11580
f 2041/11581 2017/11582 2005/11583
f 2025/11584 2041/11585 2005/11586
f 2039/11587 2044/11588 2033/11589
f 2020/11590 1995/11591 2041/11592
f 2025/11593 2005/11594 2028/11595
f 2006/11596 2000/11597 2024/11598
f 2020/11599 2041/11600 2030/11601
f 2006/11602 2028/11603 2005/11604
f 2039/11605 2019/11606 2031/11607
f 2050/11608 2017/11609 2016/11610
f 2059/11611 2058/11612 2050/11613
f 2037/11614 2035/11615 2052/11616
f 2038/11617 2057/11618 2053/11619
f 1485/11620 2038/11621 2053/11622
f 1979/11623 2067/11624 2013/11625
f 2013/11626 2067/11627 1997/11628
f 2017/11629 2006/11630 2005/11631
f 2009/11632 2024/11633 1998/11634
f 1997/11635 2020/11636 2013/11637
f 2040/11638 2056/11639 2042/11640
f 2046/11641 2058/11642 2059/11643
f 2009/11644 2015/11645 2024/11646
f 2001/11647 2008/11648 2032/11649
f 2048/11650 2049/11651 2035/11652
f 2034/11653 2003/11654 1984/11655
f 2021/11656 2026/11657 1994/11658
f 2075/11659 2050/11660 2067/11661
f 2067/11662 1979/11663 1970/11664
f 2036/11665 2047/11666 2048/11667
f 2014/11668 2015/11669 2018/11670
f 2055/11671 2024/11672 2015/11673
f 2030/11674 2004/11675 2043/11676
f 2035/11677 2036/11678 2048/11679
f 2036/11680 2035/11681 2037/11682
f 2037/11683 1461/11684 2036/11685
f 2039/11686 2033/11687 2029/11688
f 2040/11689 2011/11690 2023/11691
f 1979/11692 2013/11693 1973/11694
f 1477/11695 2051/11696 2047/11697
f 2049/11698 2051/11699 2010/11700
f 2052/11701 2046/11702 2059/11703
f 2047/11704 2051/11705 2048/11706
f 2054/11707 2010/11708 2051/11709
f 1477/11710 2053/11711 2054/11712
f 2051/11713 1477/11714 2054/11715
f 2049/11716 2048/11717 2051/11718
f 2019/11719 2039/11720 2029/11721
f 2052/11722 2035/11723 2046/11724
f 2007/11725 2054/11726 2053/11727
f 2007/11728 2053/11729 2057/11730
f 2036/11731 1461/11732 2047/11733
f 2016/11734 2041/11735 1995/11736
f 2058/11737 2017/11738 2050/11739
f 2057/11740 2056/11741 2009/11742
f 2009/11743 2056/11744 2015/11745
f 2007/11746 2057/11747 2009/11748
f 2009/11749 2010/11750 2007/11751
f 2001/11752 2032/11753 2039/11754
f 2014/11755 2027/11756 2055/11757
f 1999/11758 2000/11759 2058/11760
f 2046/11761 1998/11762 1999/11763
f 2035/11764 1998/11765 2046/11766
f 2058/11767 2046/11768 1999/11769
f 2034/11770 2031/11771 2003/11772
f 2064/11773 2052/11774 2059/11775
f 2064/11776 2061/11777 2052/11778
f 2059/11779 2062/11780 2064/11781
f 2060/11782 2078/11783 2076/11784
f 2063/11785 2071/11786 2062/11787
f 2070/11788 2063/11789 2068/11790
f 2080/11791 2063/11792 2070/11793
f 2064/11794 2071/11795 2065/11796
f 2065/11797 2061/11798 2064/11799
f 2065/11800 2078/11801 2061/11802
f 2078/11803 2066/11804 2076/11805
f 2071/11806 2066/11807 2065/11808
f 2076/11809 2066/11810 2071/11811
f 2039/11812 2031/11813 2034/11814
f 2000/11815 2006/11816 2058/11817
f 2020/11818 2030/11819 2008/11820
f 2059/11821 2050/11822 2062/11823
f 2069/11824 2077/11825 2075/11826
f 2069/11827 2068/11828 2077/11829
f 2062/11830 2077/11831 2068/11832
f 2068/11833 2063/11834 2062/11835
f 2070/11836 2068/11837 2069/11838
f 2041/11839 2016/11840 2017/11841
f 2003/11842 2031/11843 2019/11844
f 2019/11845 2029/11846 2022/11847
f 2020/11848 2045/11849 2013/11850
f 1997/11851 1995/11852 2020/11853
f 2074/11854 2072/11855 2071/11856
f 2063/11857 2074/11858 2071/11859
f 2060/11860 2072/11861 2074/11862
f 2080/11863 2074/11864 2063/11865
f 2078/11866 2065/11867 2066/11868
f 2067/11869 1970/11870 2075/11871
f 2071/11872 2064/11873 2062/11874
f 2052/11875 2061/11876 2037/11877
f 2061/11878 2078/11879 2037/11880
f 2076/11881 2072/11882 2060/11883
f 2071/11884 2072/11885 2076/11886
f 2075/11887 2077/11888 2050/11889
f 2062/11890 2050/11891 2077/11892
f 2060/11893 1495/11894 2078/11895
f 2073/11896 2079/11897 2060/11898
f 2085/11899 2079/11900 2073/11901
f 2060/11902 2074/11903 2073/11904
f 1398/11905 1401/11906 2079/11907
f 2081/11908 2080/11909 2070/11910
f 2081/11911 2070/11912 2084/11913
f 2084/11914 2070/11915 2069/11916
f 1401/11917 2060/11918 2079/11919
f 1401/11920 1495/11921 2060/11922
f 2081/11923 2082/11924 2080/11925
f 2082/11926 2083/11927 1398/11928
f 2081/11929 2083/11930 2082/11931
f 1398/11932 2083/11933 2087/11934
f 2081/11935 2089/11936 2083/11937
f 2074/11938 2080/11939 2073/11940
f 2085/11941 2080/11942 2082/11943
f 2079/11944 2082/11945 1398/11946
f 2079/11947 2085/11948 2082/11949
f 2073/11950 2080/11951 2085/11952
f 1009/11953 2086/11954 1005/11955
f 2081/11956 2084/11957 1010/11958
f 2089/11959 2087/11960 2083/11961
f 2086/11962 1014/11963 2088/11964
f 2081/11965 1005/11966 2089/11967
f 2087/11968 2086/11969 2088/11970
f 1005/11971 2086/11972 2089/11973
f 2089/11974 2086/11975 2087/11976
f 10/11977 29/11978 2/11979
f 13/11980 10/11981 1/11982
f 10/11983 2/11984 1/11985
f 118/11986 167/11987 149/11988
f 149/11989 134/11990 118/11991
f 374/11992 641/11993 368/11994
f 1859/11995 1833/11996 1862/11997
