# boulder_01 (Poly Haven, CC0) decimated 66122->3000 tris for mobile; origin = base centre
v 0.3632 0.0753 0.5881
v 0.5293 0.1083 -0.3737
v 0.1977 0.0546 -0.5663
v 0.1481 0.0730 -0.8158
v 0.0725 0.0544 -0.7714
v -0.1235 0.0004 -0.7847
v -0.0193 0.0320 -0.8294
v -0.3373 0.0836 -0.4405
v -0.5630 0.4457 -0.0581
v -0.5996 0.4607 -0.1559
v 0.5315 0.1866 -0.5507
v 0.4852 0.1759 -0.5859
v 0.4584 0.2521 -0.5716
v 0.3767 0.3003 -0.6043
v 0.4393 0.2578 -0.6457
v 0.4006 0.3325 -0.6023
v 0.3979 0.2644 -0.5880
v 0.3872 0.3332 -0.5411
v 0.5844 0.1105 -0.5370
v 0.5818 0.1012 -0.6041
v 0.5735 0.0911 -0.5636
v 0.5424 0.0533 -0.6192
v 0.3910 0.3201 -0.5132
v 0.5472 0.1381 -0.5843
v 0.5097 0.0625 -0.6267
v 0.5035 0.1352 -0.6348
v 0.5104 0.1820 -0.6222
v 0.5093 0.1843 -0.5284
v 0.4788 0.1075 -0.6686
v 0.4559 0.1719 -0.6569
v 0.4552 0.0760 -0.6737
v 0.4142 0.1013 -0.6868
v 0.3778 0.0795 -0.7121
v 0.4431 0.0436 -0.6488
v 0.4034 0.1720 -0.5678
v 0.3963 0.4922 -0.3944
v 0.3944 0.4536 -0.4463
v 0.5216 0.1872 -0.4327
v 0.5049 0.1926 -0.3573
v 0.4555 0.1992 -0.3028
v 0.4586 0.1890 -0.2469
v 0.4868 0.2033 -0.3303
v 0.4441 0.3041 -0.5317
v 0.4417 0.2422 -0.5198
v 0.4011 0.3238 -0.4967
v 0.4359 0.2369 -0.3121
v 0.4355 0.1852 -0.3455
v 0.4287 0.2313 -0.4117
v 0.4422 0.2348 -0.4719
v 0.4092 0.2444 -0.3583
v 0.3389 0.3060 -0.3085
v 0.5849 0.1105 -0.4933
v 0.5718 0.1079 -0.4383
v 0.5866 0.1274 -0.3746
v 0.5347 0.0967 -0.4798
v 0.5550 0.1991 -0.4728
v 0.5369 0.1380 -0.4911
v 0.5549 0.1676 -0.4299
v 0.5701 0.1161 -0.3072
v 0.5498 0.1662 -0.2994
v 0.5551 0.0771 -0.6074
v 0.5201 0.1665 -0.3248
v 0.5274 0.1498 -0.2484
v 0.4723 0.1801 -0.4383
v 0.4608 0.1595 -0.4698
v 0.4703 0.1435 -0.3950
v 0.4397 0.1891 -0.3677
v 0.4827 0.0451 -0.5824
v 0.4043 0.1555 -0.4587
v 0.4109 0.1556 -0.3892
v 0.3901 0.1443 -0.5084
v 0.4165 0.1759 -0.3642
v 0.4143 0.7943 -0.1545
v 0.4293 0.8145 -0.1233
v 0.4157 0.8112 -0.0815
v 0.4347 0.8096 -0.0700
v 0.4300 0.8236 -0.0249
v 0.3946 0.8067 -0.1610
v 0.4097 0.7530 -0.1244
v 0.3952 0.8257 -0.1258
v 0.4074 0.8507 -0.0440
v 0.4001 0.8361 -0.0086
v 0.4468 0.1940 -0.1697
v 0.4563 0.2442 -0.0195
v 0.4567 0.3294 -0.0005
v 0.4318 0.1934 -0.0993
v 0.4269 0.2888 -0.2404
v 0.4483 0.2749 -0.0265
v 0.4102 0.2504 -0.0876
v 0.3977 0.1908 0.0288
v 0.3961 0.3246 -0.1599
v 0.3910 0.3184 -0.0457
v 0.5589 0.1096 -0.2525
v 0.5575 0.1103 -0.2063
v 0.5351 0.1082 -0.0688
v 0.5459 0.0977 -0.1512
v 0.5389 0.0970 -0.1091
v 0.5033 0.1433 -0.1491
v 0.4231 0.1253 0.0109
v 0.5085 0.1049 0.0113
v 0.4183 0.1684 -0.0371
v 0.4715 0.1681 -0.0939
v 0.4262 0.1196 -0.0717
v 0.4115 0.1254 -0.0434
v 0.4345 0.1872 -0.0574
v 0.5163 0.1096 -0.0169
v 0.4606 0.0813 -0.0331
v 0.1672 0.1674 -0.8017
v 0.1977 0.1020 -0.8146
v 0.1535 0.1180 -0.7967
v 0.1559 0.0787 -0.8349
v 0.1213 0.1361 -0.8238
v 0.3120 0.6155 -0.5779
v 0.3186 0.5789 -0.5755
v 0.3377 0.4912 -0.5905
v 0.3376 0.6262 -0.5174
v 0.3350 0.5373 -0.5938
v 0.3026 0.5300 -0.5190
v 0.3129 0.5122 -0.5580
v 0.2759 0.5284 -0.6128
v 0.3096 0.6168 -0.4835
v 0.2988 0.4528 -0.6182
v 0.2618 0.6420 -0.5583
v 0.2727 0.6110 -0.5801
v 0.2310 0.5252 -0.6105
v 0.2366 0.6254 -0.6030
v 0.2289 0.5569 -0.6043
v 0.1910 0.5172 -0.6313
v 0.1542 0.5560 -0.6291
v 0.2122 0.5890 -0.5914
v 0.1650 0.4639 -0.6792
v 0.2325 0.4770 -0.6373
v 0.1493 0.5992 -0.6194
v 0.1527 0.6296 -0.5441
v 0.1088 0.6006 -0.6421
v 0.1504 0.6304 -0.5973
v 0.1526 0.5218 -0.6578
v 0.1150 0.5402 -0.6736
v 0.1332 0.4637 -0.6981
v 0.1444 0.4787 -0.6642
v 0.1099 0.6744 -0.5315
v 0.4033 0.2108 -0.6016
v 0.4044 0.1892 -0.6184
v 0.3597 0.2024 -0.6437
v 0.3473 0.4300 -0.6063
v 0.3472 0.3853 -0.5559
v 0.3392 0.4378 -0.5418
v 0.3984 0.3738 -0.5258
v 0.3584 0.2347 -0.6390
v 0.3453 0.4215 -0.5539
v 0.3297 0.4538 -0.5907
v 0.3253 0.4623 -0.5390
v 0.2828 0.1934 -0.6868
v 0.3400 0.3107 -0.6547
v 0.3451 0.3863 -0.6304
v 0.3056 0.2756 -0.6499
v 0.2832 0.2219 -0.7149
v 0.3009 0.3355 -0.6704
v 0.3043 0.2505 -0.6816
v 0.2845 0.2934 -0.6765
v 0.2706 0.4096 -0.6451
v 0.2539 0.2748 -0.7075
v 0.2605 0.2613 -0.6835
v 0.2247 0.2138 -0.7220
v 0.2298 0.3491 -0.6929
v 0.2370 0.2841 -0.6821
v 0.2401 0.3076 -0.6934
v 0.2312 0.2432 -0.6867
v 0.2217 0.3953 -0.6617
v 0.1966 0.3400 -0.7031
v 0.1995 0.3782 -0.7027
v 0.2168 0.3487 -0.6764
v 0.2158 0.4351 -0.6626
v 0.1801 0.1612 -0.7731
v 0.1752 0.3317 -0.7306
v 0.1891 0.2279 -0.7096
v 0.1708 0.4066 -0.6664
v 0.2288 0.1639 -0.7415
v 0.1800 0.2240 -0.7394
v 0.1587 0.3176 -0.7249
v 0.1939 0.3008 -0.7364
v 0.1800 0.2672 -0.7590
v 0.1467 0.3125 -0.7271
v 0.1597 0.4238 -0.7061
v 0.1309 0.4066 -0.6988
v 0.1780 0.3853 -0.6731
v 0.1540 0.2087 -0.7409
v 0.1163 0.1999 -0.7444
v 0.1197 0.3689 -0.7300
v 0.3864 0.1639 -0.5287
v 0.5177 0.0955 -0.0477
v 0.3576 0.0384 -0.7061
v 0.3054 0.1415 -0.7253
v 0.3463 0.1905 -0.6693
v 0.3299 0.0776 -0.7362
v 0.2913 0.0677 -0.7597
v 0.2594 0.1039 -0.7640
v 0.2385 0.0721 -0.7852
v 0.2529 0.1353 -0.7725
v 0.3058 0.7663 -0.2778
v 0.3204 0.7627 -0.3259
v 0.3248 0.7511 -0.2818
v 0.2724 0.7821 -0.3360
v 0.2977 0.8600 -0.2557
v 0.2709 0.7853 -0.3512
v 0.2823 0.8072 -0.3190
v 0.2799 0.8283 -0.2596
v 0.2868 0.8194 -0.2890
v 0.2361 0.8666 -0.2721
v 0.2476 0.7741 -0.3222
v 0.2495 0.7959 -0.2876
v 0.2424 0.9036 -0.2571
v 0.2410 0.7584 -0.3857
v 0.2286 0.7741 -0.2788
v 0.1748 0.8829 -0.2517
v 0.2089 0.8841 -0.2737
v 0.1685 0.7965 -0.2689
v 0.1719 0.8414 -0.2821
v 0.1610 0.7697 -0.2665
v 0.3821 0.4244 -0.3324
v 0.3457 0.4921 -0.2685
v 0.3692 0.5336 -0.4238
v 0.3489 0.5608 -0.4219
v 0.3270 0.5267 -0.4585
v 0.3174 0.5776 -0.4269
v 0.3181 0.5753 -0.4007
v 0.3152 0.5497 -0.4561
v 0.3355 0.7309 -0.2462
v 0.2889 0.6480 -0.5038
v 0.2878 0.6700 -0.2920
v 0.2436 0.6370 -0.4376
v 0.2952 0.7330 -0.3690
v 0.2585 0.6427 -0.4783
v 0.2467 0.6788 -0.4118
v 0.2375 0.5982 -0.3432
v 0.2541 0.6466 -0.3500
v 0.3222 0.5340 -0.3215
v 0.2287 0.6529 -0.4439
v 0.2784 0.6049 -0.4094
v 0.2327 0.6253 -0.3828
v 0.2458 0.6977 -0.4307
v 0.2298 0.6414 -0.4902
v 0.2425 0.7298 -0.3916
v 0.1968 0.7028 -0.3923
v 0.2060 0.7018 -0.4797
v 0.1913 0.7225 -0.3671
v 0.1758 0.7117 -0.2826
v 0.2118 0.7076 -0.4521
v 0.1751 0.7145 -0.3504
v 0.1790 0.6586 -0.5009
v 0.1573 0.6296 -0.5033
v 0.1639 0.6942 -0.4915
v 0.1723 0.7246 -0.3931
v 0.1191 0.7081 -0.2926
v 0.1438 0.6930 -0.4187
v 0.1449 0.7249 -0.2743
v 0.1333 0.6906 -0.5164
v 0.3782 0.3223 -0.4276
v 0.3832 0.2896 -0.4349
v 0.3499 0.4901 -0.4692
v 0.3635 0.4071 -0.5025
v 0.3864 0.3529 -0.4465
v 0.3989 0.3941 -0.4501
v 0.3730 0.3465 -0.3387
v 0.3604 0.3045 -0.3657
v 0.4045 0.1329 -0.0181
v 0.3590 0.1679 -0.4316
v 0.3801 0.1812 -0.3607
v 0.3295 0.0337 -0.6258
v 0.3667 0.7864 -0.1829
v 0.3741 0.8297 -0.1172
v 0.3893 0.8448 -0.0620
v 0.3738 0.8589 -0.0426
v 0.3661 0.7003 -0.0607
v 0.3646 0.8394 -0.0942
v 0.3369 0.7870 -0.2250
v 0.3700 0.8247 -0.1327
v 0.3480 0.8208 -0.1354
v 0.3180 0.8860 -0.1821
v 0.3184 0.8398 -0.1236
v 0.3433 0.8405 -0.0624
v 0.3300 0.8597 -0.1004
v 0.3022 0.8348 -0.2005
v 0.3179 0.8923 -0.0632
v 0.3125 0.8607 -0.0315
v 0.3156 0.8824 -0.0011
v 0.2847 0.8752 -0.2545
v 0.2962 0.8162 -0.2646
v 0.2961 0.8547 -0.2120
v 0.3060 0.8548 -0.1924
v 0.2734 0.8912 -0.1918
v 0.3277 0.8895 -0.1312
v 0.3190 0.9085 -0.1078
v 0.3122 0.8722 -0.0214
v 0.2506 0.9083 0.0305
v 0.2801 0.9079 -0.1134
v 0.2738 0.9017 -0.0332
v 0.2541 0.9095 -0.1257
v 0.2421 0.9128 -0.0834
v 0.2582 0.9168 -0.0244
v 0.2270 0.9081 -0.2162
v 0.2496 0.9039 -0.1484
v 0.2426 0.9028 -0.1023
v 0.2164 0.9146 -0.0282
v 0.1780 0.9059 -0.1980
v 0.2100 0.9150 -0.1570
v 0.1909 0.8992 -0.0604
v 0.1537 0.8759 -0.1067
v 0.1916 0.8886 -0.0763
v 0.1544 0.8688 -0.0762
v 0.1730 0.8594 0.0148
v 0.1298 0.8553 -0.1741
v 0.1236 0.8288 -0.0924
v 0.1070 0.8193 0.0273
v 0.3251 0.6988 -0.2320
v 0.3620 0.4928 -0.2391
v 0.3414 0.5246 -0.1990
v 0.3515 0.4797 -0.1797
v 0.3582 0.6587 -0.0773
v 0.3462 0.6237 -0.0823
v 0.3669 0.7043 -0.0144
v 0.3153 0.5116 -0.2490
v 0.3591 0.7597 -0.2025
v 0.3292 0.6093 -0.1090
v 0.3024 0.6142 -0.0534
v 0.3335 0.5787 -0.0493
v 0.3321 0.5113 0.0065
v 0.3152 0.5812 0.0004
v 0.3025 0.4947 -0.1877
v 0.2758 0.5162 -0.1373
v 0.3138 0.5767 -0.1109
v 0.3425 0.6312 -0.0251
v 0.2432 0.5675 -0.2755
v 0.2884 0.4922 -0.0673
v 0.3065 0.4808 -0.0922
v 0.2900 0.4457 -0.0023
v 0.2595 0.5287 -0.1967
v 0.2755 0.5803 -0.2028
v 0.4355 0.3199 -0.0191
v 0.4128 0.2583 -0.1473
v 0.4075 0.3882 -0.2970
v 0.3705 0.4322 -0.2032
v 0.3582 0.3783 -0.1854
v 0.4005 0.2661 -0.2996
v 0.3582 0.3290 -0.2325
v 0.3370 0.4657 -0.1010
v 0.3455 0.3121 -0.0612
v 0.3424 0.4325 -0.0334
v 0.3417 0.3223 0.0107
v 0.3091 0.3704 -0.0744
v 0.3080 0.3769 0.0225
v 0.2095 0.0638 -0.1617
v 0.3920 0.7774 0.0222
v 0.3958 0.8083 0.0370
v 0.4578 0.1990 0.2796
v 0.4439 0.2892 0.0468
v 0.4578 0.2764 0.1973
v 0.4527 0.2578 0.2821
v 0.4396 0.2958 0.1006
v 0.4678 0.2591 0.2324
v 0.4183 0.2856 0.2733
v 0.4131 0.2630 0.3053
v 0.3786 0.2967 0.1093
v 0.4080 0.3200 0.1899
v 0.3955 0.2956 0.2468
v 0.4933 0.1523 0.2403
v 0.4926 0.1636 0.2987
v -0.0450 0.8578 0.2401
v -0.0549 0.8828 0.2243
v -0.0711 0.9146 0.2219
v -0.0438 0.9121 0.3201
v -0.0548 0.8926 0.2733
v -0.0639 0.8695 0.2551
v -0.0518 0.8945 0.1951
v -0.0556 0.8808 0.1180
v -0.0298 0.8604 0.2559
v -0.0299 0.8920 0.2928
v -0.0328 0.8341 0.2749
v -0.0080 0.8543 0.2070
v -0.0096 0.9042 0.1958
v -0.0103 0.9091 0.1193
v 0.0014 0.8370 0.0906
v -0.0210 0.8467 0.2567
v -0.0086 0.8421 0.2890
v -0.0041 0.8348 0.2487
v 0.0342 0.8733 0.1823
v 0.0340 0.8974 0.1383
v 0.0220 0.8177 0.0450
v 0.0535 0.8761 0.0894
v 0.0378 0.8202 0.2430
v 0.0553 0.8696 0.1510
v 0.0664 0.8295 0.2791
v 0.0950 0.8249 0.1730
v 0.0503 0.8385 0.1690
v 0.0789 0.8020 0.0412
v 0.0663 0.8311 0.0423
v 0.0929 0.8121 0.2444
v 0.1132 0.8126 0.1736
v 0.1253 0.8825 0.1276
v 0.0924 0.8082 0.0994
v -0.6399 0.5284 -0.0270
v -0.6244 0.4927 -0.0921
v -0.6264 0.5015 -0.0488
v -0.5936 0.5670 -0.0421
v -0.5735 0.5177 -0.1356
v -0.5448 0.6909 0.0470
v -0.5309 0.6091 -0.0865
v -0.5477 0.5814 -0.1549
v -0.5067 0.7024 -0.0215
v -0.5221 0.6336 -0.1405
v -0.5258 0.6727 -0.1594
v -0.4872 0.5748 -0.2255
v -0.5053 0.6847 0.0093
v -0.4938 0.7409 0.0085
v -0.4967 0.6961 -0.0486
v -0.5129 0.6778 -0.0504
v -0.4939 0.6971 -0.1159
v -0.4942 0.6403 -0.2045
v -0.4214 0.7178 -0.1018
v -0.4660 0.7015 -0.1801
v -0.4704 0.6856 -0.1067
v -0.4465 0.6845 -0.1537
v -0.4593 0.6209 -0.2356
v -0.4142 0.7411 -0.0628
v -0.4681 0.7466 0.0012
v -0.4813 0.1351 -0.4477
v -0.4864 0.1659 -0.4316
v -0.5642 0.4117 -0.2517
v -0.5555 0.3811 -0.2657
v -0.5792 0.4409 -0.2286
v -0.4766 0.4106 -0.3259
v -0.5366 0.3484 -0.3101
v -0.4576 0.2521 -0.4129
v -0.4233 0.4793 -0.3131
v -0.4439 0.3720 -0.3310
v -0.4712 0.3708 -0.3532
v -0.4187 0.3070 -0.4005
v -0.4900 0.4673 -0.2670
v -0.4355 0.5932 -0.2473
v -0.2197 0.1374 -0.1775
v -0.3689 0.1271 -0.3353
v -0.3346 0.1888 -0.2255
v -0.5088 0.3799 -0.1597
v -0.4166 0.7060 -0.1478
v -0.4181 0.6662 -0.2455
v -0.4206 0.6732 -0.1817
v -0.3776 0.6242 -0.2457
v -0.3661 0.6352 -0.2149
v -0.3955 0.6572 -0.1979
v -0.3742 0.7256 -0.1082
v -0.3743 0.7309 -0.1732
v -0.3572 0.7253 -0.1211
v -0.3762 0.6790 -0.1897
v -0.3675 0.7102 -0.1957
v -0.3338 0.6513 -0.2131
v -0.3232 0.6561 -0.1330
v -0.3087 0.5960 -0.2577
v -0.2852 0.6232 -0.2145
v -0.2393 0.7532 -0.0854
v -0.2896 0.6908 -0.0811
v -0.2635 0.6563 -0.1278
v -0.2295 0.6387 -0.1940
v -0.1818 0.7207 -0.1393
v -0.1744 0.7005 -0.1601
v -0.2218 0.6823 -0.1540
v -0.1853 0.6789 -0.2123
v -0.3541 0.7410 -0.0323
v -0.3631 0.7759 0.0089
v -0.3223 0.7827 -0.0100
v -0.3417 0.7296 -0.0767
v -0.2953 0.7937 0.0169
v -0.2602 0.7632 0.0234
v -0.2966 0.7739 -0.0454
v -0.2263 0.7913 -0.0725
v -0.2288 0.7796 -0.0099
v -0.2198 0.7708 -0.0666
v -0.2288 0.7385 -0.1005
v -0.1953 0.7594 -0.0954
v -0.2168 0.7782 0.0229
v -0.1758 0.7757 0.0022
v -0.2094 0.7366 -0.1371
v -0.3918 0.1978 -0.4887
v -0.4207 0.1200 -0.4912
v -0.5002 0.2280 -0.4009
v -0.1977 0.0551 -0.5313
v -0.4311 0.3755 -0.3808
v -0.5129 0.2943 -0.3605
v -0.4261 0.2247 -0.4606
v -0.3633 0.4609 -0.3762
v -0.3802 0.3053 -0.4461
v -0.3715 0.3378 -0.4561
v -0.3873 0.4059 -0.4017
v -0.3650 0.4192 -0.4104
v -0.3504 0.4724 -0.4115
v -0.3357 0.3847 -0.4679
v -0.2997 0.4556 -0.4341
v -0.3152 0.3972 -0.4430
v -0.3387 0.2897 -0.4951
v -0.2696 0.4543 -0.4318
v -0.2788 0.3959 -0.5038
v -0.2697 0.3149 -0.5156
v -0.2459 0.4368 -0.4684
v -0.2258 0.4324 -0.5381
v -0.4238 0.6345 -0.2610
v -0.4176 0.5118 -0.3288
v -0.4376 0.5465 -0.2784
v -0.3610 0.5179 -0.3272
v -0.3923 0.4872 -0.3717
v -0.3287 0.5827 -0.3422
v -0.3911 0.6007 -0.2862
v -0.3762 0.6347 -0.2900
v -0.3188 0.6104 -0.2960
v -0.3340 0.4931 -0.3613
v -0.3237 0.6037 -0.2327
v -0.3373 0.6172 -0.3075
v -0.2967 0.6027 -0.3399
v -0.2949 0.5340 -0.3471
v -0.2873 0.5813 -0.2844
v -0.2708 0.4897 -0.3935
v -0.2822 0.5794 -0.2303
v -0.2469 0.5752 -0.3147
v -0.2750 0.5780 -0.3273
v -0.2597 0.5130 -0.4353
v -0.2436 0.5723 -0.4071
v -0.2407 0.5918 -0.3565
v -0.2198 0.4897 -0.4330
v -0.2170 0.6095 -0.3976
v -0.1736 0.6552 -0.2388
v -0.1940 0.6443 -0.3070
v -0.1522 0.5325 -0.4286
v -0.2067 0.5748 -0.4111
v -0.1891 0.6128 -0.3535
v -0.1722 0.6149 -0.3867
v -0.1715 0.5521 -0.4341
v -0.1736 0.4737 -0.4803
v -0.3391 0.1941 -0.5193
v -0.3608 0.0790 -0.5718
v -0.3262 0.0745 -0.6035
v -0.2720 0.1624 -0.5773
v -0.3215 0.1516 -0.5736
v -0.2809 0.0717 -0.6208
v -0.2491 0.0785 -0.6588
v -0.2411 0.0930 -0.6341
v -0.2154 0.1621 -0.6730
v -0.2169 0.0708 -0.6961
v -0.1691 0.0173 -0.7276
v -0.1548 0.0480 -0.7347
v -0.3300 0.2287 -0.5265
v -0.2817 0.2165 -0.5596
v -0.2455 0.2345 -0.6047
v -0.2290 0.1816 -0.6312
v -0.2506 0.2891 -0.5624
v -0.2080 0.2434 -0.6107
v -0.2073 0.3892 -0.5686
v -0.2052 0.2642 -0.6242
v -0.1933 0.4524 -0.5848
v -0.1929 0.3169 -0.6083
v -0.1706 0.3632 -0.6075
v -0.1474 0.4864 -0.5540
v -0.1547 0.6818 -0.2600
v -0.1457 0.7034 -0.2215
v -0.0761 0.6971 -0.2135
v -0.0033 0.6949 -0.2365
v 0.0328 0.7200 -0.2004
v -0.1361 0.7509 -0.0689
v -0.1530 0.7245 -0.1546
v -0.1098 0.7391 -0.1450
v -0.0960 0.7774 -0.0283
v -0.0960 0.7368 -0.1741
v -0.0749 0.8326 0.0034
v -0.0518 0.7745 -0.0163
v -0.0328 0.8102 0.0192
v -0.0334 0.8576 0.0744
v -0.0650 0.7493 -0.0773
v -0.0698 0.7406 -0.1594
v -0.0280 0.7963 0.0005
v -0.0085 0.7709 -0.0481
v -0.0228 0.7247 -0.1647
v 0.0006 0.7952 0.0104
v 0.0419 0.7522 -0.1039
v 0.0354 0.7942 0.0157
v 0.0873 0.7498 -0.1724
v 0.0857 0.8055 -0.0255
v 0.1234 0.7735 -0.2070
v -0.1345 0.6864 -0.2726
v -0.1486 0.6158 -0.3510
v -0.1314 0.6419 -0.3268
v -0.1352 0.6287 -0.3870
v -0.1549 0.5927 -0.4121
v -0.1426 0.5521 -0.4480
v -0.0976 0.7014 -0.2710
v -0.1034 0.6597 -0.3889
v -0.1154 0.6438 -0.4211
v -0.1005 0.5801 -0.4688
v -0.0882 0.6707 -0.2933
v -0.1274 0.6688 -0.3020
v -0.1178 0.6715 -0.4325
v -0.1079 0.6014 -0.4322
v -0.1094 0.5307 -0.4914
v -0.0852 0.6531 -0.3116
v -0.0792 0.6675 -0.3707
v -0.1042 0.6733 -0.4578
v -0.0734 0.5663 -0.4958
v -0.0525 0.6870 -0.2596
v -0.0629 0.6786 -0.3427
v -0.0490 0.6801 -0.4688
v -0.0603 0.6089 -0.4883
v -0.0731 0.6571 -0.4714
v -0.0629 0.6571 -0.5164
v -0.0466 0.6790 -0.3090
v -0.0500 0.6779 -0.3768
v -0.0801 0.6740 -0.4073
v -0.0236 0.6635 -0.5293
v -0.0215 0.6809 -0.3809
v -0.0318 0.6794 -0.4215
v -0.0235 0.6652 -0.4869
v -0.0077 0.6753 -0.4512
v -0.0045 0.6808 -0.2864
v 0.0016 0.6912 -0.4186
v 0.0296 0.6483 -0.4610
v -0.0039 0.6810 -0.4955
v -0.0045 0.6648 -0.5192
v 0.0236 0.6702 -0.5106
v 0.0008 0.6910 -0.3369
v 0.0407 0.6759 -0.4049
v 0.0542 0.6875 -0.2986
v 0.0264 0.6995 -0.3906
v 0.0643 0.6810 -0.3943
v 0.0735 0.6701 -0.3989
v 0.1310 0.7276 -0.2464
v 0.1093 0.6991 -0.3697
v 0.1042 0.6764 -0.4017
v 0.0965 0.6605 -0.4513
v -0.1551 0.0142 -0.7849
v 0.0440 0.0481 -0.5219
v 0.0826 0.0598 -0.8583
v 0.0774 0.1672 -0.7683
v -0.1439 0.2639 -0.6501
v -0.1546 0.2275 -0.6740
v -0.1312 0.4078 -0.5990
v -0.1101 0.3888 -0.6506
v -0.1646 0.1290 -0.7293
v -0.1286 0.2889 -0.6669
v -0.0848 0.4471 -0.6106
v -0.1033 0.2973 -0.7288
v -0.0963 0.3019 -0.7621
v -0.1124 0.2233 -0.7245
v -0.0522 0.4547 -0.6493
v -0.0823 0.3384 -0.6850
v -0.0779 0.4118 -0.6796
v -0.0845 0.2661 -0.7244
v -0.0567 0.3903 -0.6860
v -0.0493 0.3340 -0.7691
v -0.0073 0.4146 -0.7124
v -0.0201 0.3587 -0.7519
v -0.0329 0.2838 -0.7450
v -0.0174 0.2770 -0.7922
v 0.0316 0.3933 -0.7599
v 0.0376 0.3084 -0.7591
v 0.0301 0.3365 -0.7803
v 0.0470 0.2925 -0.7864
v 0.0739 0.4200 -0.7586
v 0.0904 0.3282 -0.7599
v 0.0998 0.2895 -0.7463
v 0.1119 0.4379 -0.6924
v 0.0795 0.3584 -0.7827
v 0.0643 0.2151 -0.8331
v 0.1054 0.2574 -0.7994
v -0.1110 0.5316 -0.5551
v -0.1273 0.4743 -0.6112
v -0.0824 0.5224 -0.6015
v -0.0715 0.5467 -0.5463
v -0.0558 0.6136 -0.5479
v -0.0666 0.6494 -0.5476
v -0.0515 0.5332 -0.5915
v -0.0473 0.5241 -0.6266
v -0.0903 0.4846 -0.6574
v -0.0704 0.5200 -0.6627
v -0.0354 0.5019 -0.6296
v -0.0634 0.4747 -0.6346
v -0.0402 0.5701 -0.5772
v -0.0321 0.6061 -0.5559
v -0.0132 0.5761 -0.5851
v 0.0115 0.6280 -0.5604
v -0.0112 0.5495 -0.6130
v -0.0225 0.5772 -0.6156
v -0.0247 0.4829 -0.6839
v -0.0026 0.5513 -0.6286
v -0.0016 0.5137 -0.7028
v 0.0127 0.5300 -0.6485
v 0.0023 0.5168 -0.6544
v 0.0175 0.6013 -0.5897
v 0.0217 0.5557 -0.6235
v 0.0277 0.5290 -0.6697
v 0.0424 0.5516 -0.6724
v 0.0291 0.5069 -0.6922
v 0.0525 0.5479 -0.6995
v 0.0338 0.4585 -0.7342
v 0.0694 0.6717 -0.5204
v 0.0456 0.6482 -0.5406
v 0.0605 0.5959 -0.5868
v 0.0900 0.5887 -0.5936
v 0.0632 0.5698 -0.6205
v 0.0542 0.5202 -0.6557
v 0.0885 0.5774 -0.6735
v 0.0844 0.5508 -0.7001
v 0.1083 0.6324 -0.5530
v 0.1123 0.6012 -0.5852
v 0.1003 0.4738 -0.6472
v 0.0958 0.5254 -0.6512
v -0.1286 0.0681 -0.8007
v -0.1447 0.0000 -0.8274
v -0.0901 0.1910 -0.8059
v -0.1199 0.0002 -0.8815
v -0.1045 0.0131 -0.9046
v -0.0854 0.1200 -0.8420
v -0.0968 0.0782 -0.8696
v -0.0704 0.0748 -0.9116
v -0.0546 0.1483 -0.8769
v -0.0341 0.1681 -0.8463
v -0.0700 0.1110 -0.8796
v 0.0042 0.1425 -0.8559
v -0.0258 0.0400 -0.9038
v 0.0050 0.1583 -0.8588
v 0.0270 0.0460 -0.8805
v 0.0512 0.1427 -0.8403
v 0.0788 0.0837 -0.8565
v 0.0611 0.1860 -0.8375
v -0.0553 0.2357 -0.7867
v -0.0239 0.2570 -0.8372
v -0.0481 0.1921 -0.8530
v 0.0282 0.3142 -0.8136
v 0.0165 0.2459 -0.8323
v 0.0330 0.1847 -0.8365
v 0.2071 0.4350 0.8414
v 0.2354 0.4160 0.8646
v 0.3942 0.4326 0.8748
v 0.2538 0.5043 0.9008
v 0.2617 0.5397 0.8753
v 0.2474 0.5134 0.8680
v 0.2348 0.5448 0.8045
v 0.2895 0.5948 0.8750
v 0.2880 0.5110 0.9116
v 0.3232 0.6053 0.8122
v 0.2893 0.6982 0.8577
v 0.3394 0.4897 0.9008
v 0.3228 0.7351 0.8804
v 0.3356 0.6549 0.8927
v 0.3316 0.6877 0.8846
v 0.3852 0.4588 0.8191
v 0.1554 0.1789 0.7202
v 0.2456 0.0984 0.7184
v 0.2065 0.1481 0.7152
v 0.3613 0.0936 0.7566
v 0.1666 0.3781 0.8083
v 0.1457 0.2894 0.7649
v 0.1613 0.4325 0.8153
v 0.1993 0.3357 0.8063
v 0.2594 0.2846 0.8063
v 0.2116 0.1832 0.7329
v 0.3035 0.1922 0.7683
v 0.3038 0.4230 0.8755
v 0.1498 0.7718 0.8051
v 0.1558 0.6475 0.7741
v 0.1915 0.5202 0.8371
v 0.1685 0.5657 0.7997
v 0.1750 0.7126 0.8300
v 0.1891 0.7038 0.7985
v 0.1898 0.4648 0.8422
v 0.2298 0.7399 0.7996
v 0.2035 0.7174 0.7602
v 0.2255 0.6843 0.8456
v 0.2701 0.5023 0.8185
v 0.3123 0.4926 0.8415
v 0.2905 0.5158 0.7825
v 0.3104 0.5158 0.7187
v 0.3223 0.5262 0.6785
v 0.3407 0.5013 0.6534
v 0.3148 0.5099 0.6166
v 0.3536 0.5534 0.7140
v 0.3321 0.5301 0.5779
v 0.3810 0.4776 0.8776
v 0.3824 0.6497 0.8123
v 0.3673 0.7488 0.7576
v 0.3390 0.5031 0.7231
v 0.4078 0.7249 0.7625
v 0.3693 0.5223 0.6058
v 0.3659 0.6805 0.6192
v 0.3841 0.7318 0.5968
v 0.1723 0.8962 0.8195
v 0.1055 0.9233 0.8100
v 0.1289 0.9550 0.6091
v 0.1517 0.9733 0.7230
v 0.1233 0.9852 0.7068
v 0.1647 0.9954 0.7080
v 0.1594 0.9353 0.8182
v 0.1750 0.8140 0.7991
v 0.1358 0.8642 0.8019
v 0.1576 0.9418 0.7828
v 0.1430 0.9287 0.7047
v 0.1576 0.9862 0.6651
v 0.1484 0.9820 0.6292
v 0.1550 0.9505 0.5809
v 0.1683 0.8770 0.7864
v 0.1816 0.8880 0.7629
v 0.1592 0.9151 0.7417
v 0.1984 0.9158 0.6710
v 0.1903 0.7424 0.8001
v 0.1965 0.8344 0.7837
v 0.1824 0.8111 0.7739
v 0.1880 0.8540 0.7764
v 0.1854 0.8775 0.7272
v 0.1925 0.9576 0.7220
v 0.1778 0.9001 0.7029
v 0.2082 0.9261 0.7057
v 0.2286 0.7465 0.7680
v 0.2407 0.7848 0.7790
v 0.2369 0.9011 0.7547
v 0.2162 0.9199 0.7286
v 0.2353 0.8996 0.6854
v 0.1927 0.9577 0.6318
v 0.2168 0.8790 0.8053
v 0.2769 0.8452 0.7944
v 0.2301 0.8918 0.7091
v 0.2458 0.9189 0.6309
v 0.2749 0.7386 0.8217
v 0.2526 0.8931 0.7994
v 0.2742 0.8569 0.7703
v 0.2671 0.8878 0.6366
v 0.2861 0.7738 0.8083
v 0.2548 0.7866 0.7870
v 0.2919 0.7965 0.7525
v 0.2730 0.7994 0.7631
v 0.2802 0.7896 0.7129
v 0.2607 0.8818 0.6844
v 0.2751 0.8197 0.6498
v 0.2718 0.8425 0.6116
v 0.2519 0.8683 0.5789
v 0.2871 0.8109 0.7094
v 0.2978 0.7810 0.6677
v 0.2987 0.8013 0.6387
v 0.3091 0.7637 0.6182
v 0.2893 0.8176 0.5851
v 0.3151 0.7916 0.7659
v 0.2940 0.7713 0.6374
v 0.3115 0.8009 0.6363
v 0.3504 0.7512 0.6475
v 0.3276 0.7527 0.8208
v 0.3223 0.7488 0.8481
v 0.3402 0.7064 0.8233
v 0.3140 0.7843 0.8126
v 0.3353 0.7923 0.7899
v 0.3456 0.7687 0.7618
v 0.3349 0.7784 0.7233
v 0.3471 0.7840 0.6771
v 0.3531 0.7575 0.6009
v 0.3634 0.7645 0.7254
v 0.3977 0.7580 0.6125
v 0.3795 0.7436 0.5563
v 0.0210 0.1226 0.3471
v 0.2104 0.0473 0.4514
v 0.2471 0.4192 0.3120
v 0.2942 0.4143 0.3184
v 0.3027 0.3742 0.3062
v 0.3054 0.4096 0.2894
v 0.3427 0.4639 0.3237
v 0.3253 0.3565 0.3096
v 0.3874 0.4140 0.3270
v 0.3884 0.4729 0.3371
v 0.2967 0.6990 0.5114
v 0.2684 0.7228 0.4424
v 0.3140 0.6915 0.3380
v 0.2706 0.4483 0.3115
v 0.2596 0.7095 0.2922
v 0.2999 0.7144 0.5509
v 0.3185 0.6974 0.5049
v 0.3086 0.6825 0.4356
v 0.3146 0.6053 0.4323
v 0.3204 0.5934 0.3349
v 0.3046 0.6008 0.3146
v 0.2983 0.4883 0.3174
v 0.3145 0.5884 0.3149
v 0.3652 0.7135 0.5081
v 0.3281 0.6834 0.4815
v 0.3152 0.6098 0.4122
v 0.3278 0.5423 0.4101
v 0.3324 0.6662 0.3800
v 0.3210 0.5901 0.3964
v 0.3378 0.5579 0.3423
v 0.3305 0.6180 0.3506
v 0.3123 0.5333 0.3190
v 0.3460 0.5750 0.5712
v 0.3533 0.5824 0.4842
v 0.3390 0.5876 0.4386
v 0.3574 0.6069 0.4841
v 0.3408 0.4719 0.3423
v 0.3302 0.5430 0.3552
v 0.3582 0.5405 0.5342
v 0.3725 0.5469 0.4994
v 0.3674 0.5544 0.4791
v 0.3703 0.6876 0.4959
v 0.3667 0.5196 0.4764
v 0.3611 0.5105 0.4415
v 0.3864 0.5109 0.3697
v 0.3623 0.5291 0.3431
v 0.3790 0.7056 0.5506
v 0.3727 0.5298 0.5108
v 0.3923 0.6446 0.5264
v 0.3802 0.5715 0.4378
v 0.3880 0.5029 0.4130
v 0.3624 0.5262 0.4151
v 0.3686 0.4884 0.3321
v 0.0986 0.9456 0.4862
v 0.1300 0.8414 0.3194
v 0.1330 0.9632 0.4526
v 0.1564 0.8870 0.4045
v 0.1357 0.8415 0.3530
v 0.1507 0.9428 0.4880
v 0.1613 0.9396 0.4430
v 0.1605 0.8584 0.3824
v 0.1569 0.9375 0.5376
v 0.1815 0.8610 0.3976
v 0.1762 0.9061 0.4500
v 0.1714 0.9068 0.4201
v 0.2057 0.8911 0.5280
v 0.1842 0.8249 0.3611
v 0.2315 0.8120 0.3206
v 0.1881 0.8153 0.2930
v 0.2087 0.9289 0.5682
v 0.2098 0.9079 0.4820
v 0.2065 0.8845 0.4564
v 0.2443 0.8927 0.5503
v 0.3478 0.0313 -0.4821
v 0.2504 0.8464 0.5095
v 0.2207 0.8328 0.3776
v 0.2453 0.7868 0.3148
v 0.2680 0.7851 0.4976
v 0.2526 0.7940 0.4624
v 0.2521 0.8001 0.4331
v 0.2408 0.8363 0.4170
v 0.2626 0.7570 0.3127
v 0.2734 0.8251 0.5725
v 0.2733 0.7945 0.5309
v 0.2716 0.7850 0.3714
v 0.2874 0.7523 0.3369
v 0.2975 0.7629 0.5190
v 0.3350 0.7364 0.5581
v 0.3630 0.1090 0.2140
v 0.3677 0.0901 0.1329
v 0.2701 0.0815 0.2808
v 0.3678 0.1700 0.1658
v 0.4562 0.1840 0.2082
v 0.2614 0.4443 0.2642
v 0.2519 0.3426 0.1499
v 0.2478 0.3959 0.1191
v 0.3122 0.4513 0.1522
v 0.2567 0.3996 0.2471
v 0.2840 0.3552 0.1475
v 0.2667 0.3584 0.1361
v 0.2902 0.3582 0.0939
v 0.2782 0.4123 0.0523
v 0.2572 0.3801 0.1964
v 0.2728 0.4432 0.1270
v 0.3050 0.3393 0.1519
v -0.0555 0.0966 -0.3347
v 0.3509 0.3549 0.3088
v 0.3278 0.3745 0.1634
v 0.3282 0.4011 0.2177
v 0.3684 0.2648 0.1828
v 0.3322 0.2842 0.1623
v 0.3234 0.2118 0.1595
v 0.3740 0.3458 0.2203
v 0.3834 0.1910 0.0819
v 0.3383 0.3633 0.2722
v 0.3447 0.2586 0.1715
v 0.3983 0.2705 0.1333
v 0.2527 0.6734 0.2609
v 0.2870 0.7513 0.2251
v 0.2966 0.6006 0.2783
v 0.2778 0.5559 0.2300
v 0.2892 0.4871 0.1906
v 0.3067 0.5103 0.1225
v 0.3092 0.4998 0.2813
v 0.2919 0.6483 0.3153
v 0.3042 0.6557 0.2235
v 0.3111 0.4827 0.1472
v 0.3121 0.6435 0.1858
v 0.3066 0.6753 0.1220
v 0.3276 0.5426 0.1246
v 0.2953 0.5646 0.1327
v 0.3023 0.4443 0.0689
v 0.3012 0.5045 0.0548
v 0.3338 0.5984 0.1427
v 0.3161 0.5721 0.1218
v 0.3152 0.6233 0.1280
v 0.3336 0.6080 0.1011
v 0.3218 0.5731 0.0820
v 0.3445 0.6260 0.0314
v 0.3336 0.5488 0.0766
v 0.3672 0.7339 0.1391
v 0.3648 0.6913 0.0815
v 0.1076 0.8317 0.2836
v 0.1264 0.8334 0.2640
v 0.1505 0.8212 0.2104
v 0.1267 0.8285 0.1417
v 0.1511 0.8367 0.0988
v 0.1469 0.8004 0.2765
v 0.1452 0.8211 0.3030
v 0.1382 0.8179 0.2721
v 0.1572 0.8106 0.1784
v 0.1330 0.8274 0.1561
v 0.1565 0.8357 0.0594
v 0.1548 0.8318 0.1778
v 0.1396 0.8565 0.0021
v 0.1729 0.7960 0.2806
v 0.1630 0.8385 0.3447
v 0.1903 0.8432 0.2584
v 0.1973 0.8591 0.0728
v 0.1906 0.8067 0.2008
v 0.2329 0.8030 0.2922
v 0.2258 0.7871 0.2377
v 0.2287 0.7673 0.2927
v 0.2574 0.8229 0.2894
v 0.2554 0.8310 0.2591
v 0.2270 0.8250 0.2312
v 0.2578 0.7621 0.2654
v 0.2592 0.8443 0.2352
v 0.2734 0.8432 0.2071
v 0.2373 0.7871 0.2132
v 0.2521 0.8644 0.2272
v 0.2559 0.8052 0.1554
v 0.2346 0.8813 0.1677
v 0.2670 0.7517 0.1848
v 0.2920 0.8759 0.1785
v 0.2890 0.7738 0.1290
v 0.2852 0.8421 0.1222
v 0.2422 0.8546 0.0963
v 0.2891 0.8514 0.0251
v 0.2889 0.8856 0.1479
v 0.2775 0.8199 0.1162
v 0.2765 0.8460 0.0847
v 0.2944 0.8305 0.0608
v 0.2798 0.8726 0.0502
v 0.3184 0.7381 0.1407
v 0.3043 0.7652 0.1170
v 0.3036 0.8153 0.0978
v 0.3031 0.8091 0.0777
v 0.3256 0.8118 0.1185
v 0.3737 0.8430 0.0558
v 0.3361 0.7779 0.1127
v 0.3688 0.8212 0.1012
v 0.3833 0.8229 0.0745
v 0.3462 0.8396 -0.0074
v 0.3772 0.7658 0.0867
v 0.3715 0.7277 0.0238
v 0.4251 0.4341 0.8665
v 0.4606 0.4222 0.8622
v 0.4570 0.1387 0.7517
v 0.4011 0.1816 0.7625
v 0.4982 0.1384 0.5909
v 0.5045 0.1627 0.7259
v 0.4625 0.0997 0.7160
v 0.5101 0.1702 0.7033
v 0.4314 0.2924 0.8117
v 0.4094 0.3573 0.8378
v 0.4678 0.3910 0.8406
v 0.4764 0.4431 0.8297
v 0.5092 0.3695 0.8278
v 0.4970 0.1975 0.7575
v 0.5052 0.1915 0.6821
v 0.5191 0.3033 0.8039
v 0.4780 0.4046 0.7794
v 0.5059 0.4221 0.6960
v 0.5238 0.1901 0.6181
v 0.5064 0.2138 0.5859
v 0.5211 0.4254 0.6147
v 0.5340 0.3173 0.7657
v 0.5369 0.3687 0.7990
v 0.5505 0.3991 0.7338
v 0.5136 0.2292 0.7496
v 0.5851 0.4109 0.6583
v 0.3851 0.6852 0.7652
v 0.4103 0.7381 0.7035
v 0.3983 0.6358 0.7382
v 0.4022 0.7424 0.6569
v 0.3924 0.6351 0.6485
v 0.3879 0.6998 0.6544
v 0.3811 0.4907 0.6916
v 0.4604 0.4802 0.6891
v 0.4949 0.4523 0.7333
v 0.4433 0.5049 0.6007
v 0.5174 0.4829 0.6613
v 0.4307 0.1185 0.3842
v 0.4807 0.1472 0.3095
v 0.5432 0.1965 0.5751
v 0.4932 0.1309 0.4982
v 0.5334 0.1732 0.3314
v 0.3915 0.3044 0.3080
v 0.4261 0.3745 0.3197
v 0.4473 0.2812 0.3021
v 0.4207 0.4197 0.3464
v 0.5182 0.3343 0.3243
v 0.5147 0.3982 0.3283
v 0.4870 0.1845 0.3054
v 0.4814 0.2486 0.3137
v 0.5394 0.2887 0.3340
v 0.5092 0.4246 0.5681
v 0.5554 0.4477 0.3583
v 0.5195 0.2094 0.3197
v 0.5444 0.3366 0.6278
v 0.5330 0.3445 0.4812
v 0.5499 0.4124 0.4988
v 0.5637 0.2078 0.3960
v 0.5779 0.3902 0.5845
v 0.5520 0.3214 0.5272
v 0.5885 0.3979 0.5097
v 0.5531 0.4148 0.3890
v 0.5798 0.3361 0.3563
v 0.5673 0.4431 0.3359
v 0.5892 0.2504 0.5689
v 0.5944 0.2643 0.4598
v 0.5795 0.4194 0.4469
v 0.5743 0.3513 0.3912
v 0.3616 0.0721 0.6440
v 0.4144 0.0864 0.7613
v 0.6277 0.2856 0.5537
v 0.5957 0.3159 0.4976
v 0.6101 0.3072 0.4363
v 0.5890 0.3814 0.3591
v 0.5843 0.2114 0.3180
v 0.5742 0.2172 0.4774
v 0.6259 0.3063 0.4902
v 0.5927 0.3281 0.3438
v 0.6191 0.2556 0.3331
v 0.6399 0.2956 0.3726
v 0.4094 0.5396 0.4848
v 0.3923 0.5222 0.4419
v 0.4308 0.4873 0.3549
v 0.4795 0.5087 0.5420
v 0.4407 0.5353 0.4680
v 0.4173 0.5085 0.3869
v 0.4868 0.4749 0.4022
v 0.5053 0.4827 0.3463
v 0.4828 0.4746 0.4668
v 0.5224 0.4850 0.5674
v 0.5468 0.4522 0.4077
v 0.5033 0.4413 0.3387
v 0.4093 0.0996 0.1756
v 0.3850 0.1491 0.1887
v 0.4242 0.1078 0.1351
v 0.4649 0.1338 0.2227
v 0.4244 0.1172 0.2007
v 0.4302 0.1241 0.0939
v 0.4644 0.1010 0.0810
v 0.4499 0.1550 0.0359
v 0.4894 0.1436 0.2795
v 0.4982 0.1020 0.0301
v -0.0717 0.8659 0.0913
v -0.0539 0.8877 0.1693
v -0.0918 0.9226 0.2564
v -0.0836 0.9376 0.2925
v -0.0846 0.8307 0.0633
v -0.1024 0.8053 0.0372
v -0.1103 0.8801 0.1531
v -0.1332 0.8280 0.0835
v -0.1613 0.8607 0.2557
v -0.1311 0.8793 0.2633
v -0.1430 0.7905 0.0290
v -0.1346 0.8907 0.2432
v 0.1319 0.1088 0.0050
v 0.1238 0.0979 0.2003
v -0.0375 0.1329 0.1110
v 0.1078 0.8559 0.3597
v 0.1245 0.8822 0.4007
v 0.1092 0.9569 0.4326
v 0.0791 0.9398 0.4937
v 0.0798 0.8995 0.3814
v 0.0920 0.9592 0.4328
v 0.0842 0.9684 0.4881
v 0.0996 0.9509 0.5510
v 0.0869 0.8726 0.3064
v 0.0666 0.8622 0.3486
v 0.0712 0.8910 0.3691
v 0.0471 0.8385 0.2897
v 0.0596 0.9396 0.4069
v 0.0595 0.9476 0.5211
v 0.0411 0.9784 0.4142
v 0.0493 0.9984 0.4632
v 0.0413 0.9354 0.5023
v 0.0204 0.9208 0.5223
v 0.0155 0.9623 0.3949
v 0.0128 0.9257 0.4877
v 0.0472 0.8564 0.3227
v 0.0090 0.9290 0.5423
v 0.0280 0.8935 0.3578
v -0.0196 0.9432 0.3475
v 0.0156 0.9669 0.4307
v -0.0082 0.9095 0.4847
v -0.0264 0.9319 0.4948
v -0.0189 0.9618 0.5286
v -0.0123 0.9271 0.5430
v -0.0142 0.9638 0.5691
v -0.0337 0.9342 0.3702
v -0.0297 0.9623 0.4018
v -0.0523 0.9514 0.4249
v -0.0265 0.9254 0.4486
v -0.0587 0.9569 0.5032
v -0.0667 0.9602 0.3441
v -0.0397 0.9415 0.4700
v -0.0736 0.9270 0.4086
v -0.0488 0.9178 0.4433
v -0.0886 0.9367 0.4293
v -0.0904 0.9370 0.5276
v -0.1110 0.9348 0.3831
v -0.0871 0.9393 0.3872
v -0.0987 0.9452 0.4706
v -0.1264 0.9082 0.3163
v -0.1864 0.8731 0.3517
v -0.1447 0.9228 0.4271
v -0.1519 0.9002 0.5121
v -0.1855 0.8609 0.4499
v 0.4368 0.0924 -0.2649
v 0.1183 0.9530 0.6448
v 0.0996 0.9423 0.6835
v 0.0926 0.9166 0.7173
v 0.1109 0.9163 0.7689
v 0.1023 0.8907 0.8099
v 0.1008 0.9518 0.5906
v 0.0847 0.9119 0.6883
v 0.0973 0.8384 0.8038
v 0.0640 0.8582 0.8028
v 0.0794 0.7670 0.7955
v 0.0730 0.9371 0.6783
v 0.0764 0.8843 0.7589
v 0.0619 0.9173 0.6903
v 0.0522 0.8408 0.7426
v 0.0442 0.9474 0.5516
v 0.0125 0.9103 0.5863
v 0.0385 0.8938 0.6773
v 0.0341 0.8764 0.6749
v 0.0266 0.8776 0.7043
v 0.0436 0.8578 0.7269
v 0.0385 0.8407 0.7594
v 0.0347 0.8447 0.8064
v 0.0164 0.8777 0.6677
v 0.0048 0.8689 0.7587
v 0.0228 0.8397 0.7837
v -0.0055 0.7868 0.8086
v 0.0383 0.8052 0.7847
v -0.0065 0.9352 0.5847
v 0.0068 0.8859 0.6235
v -0.0142 0.9059 0.6461
v -0.0110 0.8779 0.6651
v -0.0124 0.9000 0.6925
v -0.0203 0.8512 0.7841
v -0.0460 0.8185 0.7771
v -0.0416 0.9282 0.6108
v -0.0257 0.8999 0.6740
v -0.0637 0.9022 0.6316
v -0.0700 0.8394 0.6775
v -0.0893 0.9218 0.6049
v -0.0803 0.7866 0.7453
v -0.0692 0.7980 0.7802
v -0.0804 0.8736 0.6424
v -0.0999 0.8177 0.6348
v -0.1300 0.7264 0.6898
v -0.0995 0.7260 0.7789
v -0.1267 0.8507 0.6236
v -0.1351 0.8043 0.6114
v -0.1421 0.8395 0.5649
v -0.1403 0.7489 0.6048
v 0.1210 0.5882 0.7435
v 0.1330 0.6298 0.7894
v 0.0968 0.7408 0.8087
v 0.0856 0.5984 0.7771
v 0.0921 0.6633 0.8287
v 0.0694 0.5412 0.7063
v 0.0272 0.4618 0.6813
v 0.0221 0.7160 0.8139
v 0.0006 0.4874 0.6466
v 0.0078 0.5945 0.8055
v 0.0238 0.5553 0.7393
v -0.0422 0.6696 0.7958
v -0.0615 0.7387 0.7985
v -0.0918 0.6953 0.7915
v -0.0723 0.4538 0.6637
v -0.0673 0.5422 0.7591
v -0.0819 0.6555 0.7904
v -0.0941 0.5917 0.7787
v -0.0932 0.4880 0.7036
v -0.1066 0.4677 0.6911
v -0.0931 0.6821 0.7475
v -0.1083 0.6276 0.7268
v -0.1276 0.5544 0.7069
v -0.1244 0.5457 0.7437
v -0.1344 0.6927 0.6351
v -0.1326 0.6333 0.6148
v -0.1466 0.6777 0.5775
v -0.1579 0.5585 0.6826
v 0.0863 0.5073 0.7340
v 0.0972 0.3628 0.7461
v 0.1289 0.4014 0.7747
v 0.0854 0.4080 0.7480
v 0.0658 0.3266 0.7127
v 0.1119 0.2138 0.7306
v 0.0665 0.2968 0.7561
v 0.0853 0.3731 0.7635
v 0.0530 0.4396 0.7192
v 0.0466 0.3503 0.7823
v 0.0457 0.2523 0.7538
v 0.0339 0.4143 0.7862
v 0.0183 0.3011 0.7306
v 0.0283 0.2841 0.7408
v -0.0344 0.3862 0.7769
v 0.0121 0.4536 0.7662
v -0.0190 0.3073 0.7503
v -0.0019 0.2644 0.7387
v -0.0189 0.4286 0.7276
v -0.0421 0.4428 0.6416
v -0.0317 0.4261 0.6627
v -0.0919 0.3828 0.6771
v -0.0579 0.4329 0.6850
v -0.0976 0.3625 0.7377
v -0.0712 0.3112 0.7402
v -0.0871 0.4260 0.7188
v -0.1339 0.3353 0.7213
v -0.1138 0.2690 0.7026
v -0.1515 0.3943 0.6946
v -0.1055 0.4500 0.7111
v -0.1799 0.7955 0.0285
v -0.1512 0.8961 0.2814
v -0.1899 0.8744 0.2268
v -0.2081 0.7966 0.0587
v -0.2314 0.8236 0.2529
v -0.2389 0.7763 0.2540
v -0.2178 0.8344 0.1054
v -0.2424 0.7794 0.0494
v -0.2719 0.7781 0.2773
v -0.2472 0.8207 0.2751
v -0.2614 0.8208 0.2329
v -0.2797 0.7832 0.2488
v -0.2564 0.8182 0.1306
v -0.3147 0.8103 0.0280
v -0.2978 0.7876 0.0706
v -0.3141 0.7775 0.1490
v -0.3055 0.7628 0.2900
v -0.3548 0.7670 0.1100
v -0.2860 0.7765 0.2076
v -0.3305 0.7635 0.2840
v -0.3468 0.7898 0.0597
v -0.3793 0.7375 0.0571
v -0.3589 0.7812 0.2612
v -0.4091 0.7375 0.2695
v -0.3983 0.7424 0.1288
v -0.3591 0.7744 0.1997
v -0.3977 0.7613 0.0019
v -0.4161 0.7299 0.1934
v -0.3094 0.2923 0.1815
v -0.2031 0.1661 -0.0363
v -0.1390 0.8775 0.5633
v -0.2047 0.8456 0.2573
v -0.1795 0.8305 0.5413
v -0.1989 0.7822 0.5108
v -0.2270 0.7295 0.5383
v -0.2255 0.7956 0.4786
v -0.2278 0.8113 0.3878
v -0.2610 0.7126 0.4438
v -0.3292 0.7632 0.3325
v -0.2668 0.8037 0.2968
v -0.3596 0.7350 0.3237
v -0.1926 0.6691 0.5493
v -0.2518 0.6604 0.4854
v -0.2402 0.6685 0.5450
v -0.2360 0.6379 0.5339
v -0.2414 0.5927 0.5622
v -0.2693 0.6244 0.5350
v -0.2848 0.6127 0.5889
v -0.2933 0.6849 0.4104
v -0.2857 0.5939 0.5112
v -0.2799 0.7546 0.3997
v -0.2956 0.6091 0.4682
v -0.2980 0.5416 0.5162
v -0.3140 0.6075 0.5650
v -0.3244 0.5621 0.4698
v -0.3260 0.4834 0.5051
v -0.3347 0.6164 0.4281
v -0.3451 0.5185 0.4694
v -0.3275 0.7178 0.3740
v 0.4839 0.1180 -0.1296
v -0.3428 0.5028 0.5007
v -0.3689 0.6838 0.3321
v -0.3444 0.6643 0.3729
v -0.3745 0.5936 0.3896
v -0.3582 0.5537 0.4425
v -0.3835 0.5087 0.4700
v -0.3821 0.4661 0.4927
v -0.3998 0.5337 0.4317
v -0.4115 0.4889 0.4451
v -0.4362 0.6339 0.3210
v -0.3918 0.6187 0.3643
v -0.4108 0.5559 0.4013
v -0.1048 0.4110 0.6844
v -0.4212 0.6885 0.3020
v -0.1455 0.1735 0.1523
v -0.3075 0.3140 0.5883
v -0.4723 0.2938 -0.2956
v -0.1744 0.1850 0.4236
v -0.3235 0.4416 0.5931
v -0.3005 0.2853 0.3736
v -0.3562 0.3327 0.4677
v -0.0393 0.1392 -0.1286
v -0.3150 0.3957 0.4082
v -0.3631 0.3781 0.4527
v -0.3774 0.4908 0.4924
v -0.3720 0.4430 0.4717
v -0.3813 0.4091 0.2543
v -0.3667 0.3807 0.3470
v -0.4319 0.4574 0.4159
v -0.1692 0.7632 0.5641
v -0.1903 0.5981 0.5655
v -0.1795 0.5580 0.6108
v -0.1759 0.5144 0.7030
v -0.1468 0.4981 0.7235
v -0.1715 0.5269 0.6468
v -0.2112 0.5508 0.6141
v -0.2359 0.5590 0.5715
v -0.2358 0.5340 0.6255
v -0.2094 0.5410 0.6772
v -0.2422 0.4645 0.7119
v -0.2156 0.5041 0.7104
v -0.2490 0.5867 0.6121
v -0.2375 0.5092 0.6820
v -0.2735 0.5537 0.6243
v -0.2722 0.5115 0.6358
v -0.2899 0.5558 0.5907
v -0.3053 0.5221 0.5966
v -0.1607 0.3284 0.7329
v -0.1619 0.3011 0.7021
v -0.2043 0.4622 0.6850
v -0.1939 0.2594 0.6758
v -0.1667 0.4358 0.7189
v -0.2187 0.3688 0.7378
v -0.2409 0.3135 0.7092
v -0.2499 0.3919 0.6775
v -0.2657 0.4395 0.7215
v -0.2694 0.2826 0.6357
v -0.2910 0.3806 0.5723
v -0.2963 0.4717 0.6541
v -0.3132 0.4126 0.6653
v -0.4449 0.7545 0.0256
v -0.4598 0.7448 0.0946
v -0.4725 0.6793 0.2866
v -0.4736 0.7344 0.0561
v -0.4916 0.6683 0.0353
v -0.4601 0.7108 0.1331
v -0.4634 0.6846 0.1868
v -0.5020 0.6611 0.2354
v -0.4813 0.6352 0.3047
v -0.5099 0.5413 0.3069
v -0.5419 0.6757 0.1200
v -0.5192 0.6486 0.1812
v -0.5177 0.6461 0.1587
v -0.4952 0.6370 0.1607
v -0.5182 0.6042 0.2275
v -0.5177 0.5708 0.2843
v -0.5236 0.6941 0.0165
v -0.5008 0.6656 0.0729
v -0.4996 0.4773 0.2328
v -0.5260 0.6447 0.2019
v -0.5270 0.6305 0.2594
v -0.5437 0.6658 0.1689
v -0.5537 0.5085 0.2280
v -0.5818 0.6475 0.1034
v -0.5717 0.6289 0.1752
v -0.5456 0.5582 0.2130
v -0.5828 0.5775 0.1677
v -0.4501 0.6671 0.2422
v -0.5958 0.5785 0.1112
v -0.5744 0.5337 0.1804
v -0.5667 0.5179 0.0684
v -0.6179 0.5909 0.0631
v -0.6067 0.6128 0.1277
v -0.6292 0.5405 0.0482
v -0.3659 0.3119 0.0672
v -0.5128 0.4159 0.1557
v -0.5251 0.4535 0.0520
v -0.4276 0.6726 0.3271
v -0.4176 0.5849 0.3633
v -0.4169 0.5004 0.4158
v -0.4630 0.6619 0.3257
v -0.4564 0.5586 0.3353
v -0.5684 0.6130 0.0085
v -0.4758 0.4941 0.3613
v -0.4398 0.5270 0.3696
v 0.2883 0.0742 0.0491
v -0.4934 0.5469 0.3339
v -0.4527 0.4727 0.3100
v 0.4736 0.1024 0.6876
v -0.5018 0.5843 0.3148
v -0.0122 0.2345 0.6571
v 0.2249 0.0360 -0.3390
v 0.1320 0.1552 0.6328
vt 0.71898 0.24145
vt 0.66778 0.24093
vt 0.67124 0.16678
vt 0.78305 0.20114
vt 0.73650 0.18620
vt 0.78468 0.16703
vt 0.70172 0.25326
vt 0.68438 0.26415
vt 0.66778 0.24093
vt 0.73054 0.11327
vt 0.66508 0.10613
vt 0.73544 0.08083
vt 0.02570 0.55155
vt 0.04207 0.58443
vt 0.00461 0.57822
vt 0.74206 0.20502
vt 0.78141 0.21203
vt 0.77306 0.23001
vt 0.74206 0.20502
vt 0.67124 0.16678
vt 0.73650 0.18620
vt 0.74206 0.20502
vt 0.73650 0.18620
vt 0.78305 0.20114
vt 0.73544 0.08083
vt 0.75789 0.08163
vt 0.73054 0.11327
vt 0.73650 0.18620
vt 0.67124 0.16678
vt 0.76582 0.13895
vt 0.28133 0.14145
vt 0.27872 0.17069
vt 0.25900 0.15179
vt 0.14394 0.39076
vt 0.16120 0.37135
vt 0.16550 0.38855
vt 0.14394 0.39076
vt 0.11779 0.35218
vt 0.16120 0.37135
vt 0.76036 0.60284
vt 0.76941 0.58667
vt 0.77024 0.61219
vt 0.18467 0.37981
vt 0.16550 0.38855
vt 0.16120 0.37135
vt 0.20304 0.37773
vt 0.18467 0.37981
vt 0.19453 0.36295
vt 0.19453 0.36295
vt 0.16120 0.37135
vt 0.17886 0.30031
vt 0.22189 0.28181
vt 0.23940 0.31647
vt 0.22159 0.33400
vt 0.24889 0.28313
vt 0.25210 0.30354
vt 0.25159 0.30889
vt 0.68462 0.07078
vt 0.60605 0.10281
vt 0.63635 0.02977
vt 0.02631 0.20719
vt 0.09144 0.17897
vt 0.06108 0.28696
vt 0.22159 0.33400
vt 0.23827 0.34760
vt 0.23588 0.35884
vt 0.22189 0.28181
vt 0.25962 0.25720
vt 0.24889 0.28313
vt 0.40370 0.14259
vt 0.31218 0.13544
vt 0.32280 0.09203
vt 0.28859 0.11033
vt 0.31218 0.13544
vt 0.28617 0.12941
vt 0.70172 0.25326
vt 0.66778 0.24093
vt 0.71898 0.24145
vt 0.81634 0.31285
vt 0.85164 0.33709
vt 0.83131 0.35203
vt 0.83084 0.80060
vt 0.82479 0.82651
vt 0.81867 0.81225
vt 0.29142 0.75042
vt 0.26714 0.75136
vt 0.25764 0.72797
vt 0.27534 0.12089
vt 0.25900 0.15179
vt 0.23623 0.12049
vt 0.25900 0.15179
vt 0.27872 0.17069
vt 0.27543 0.18254
vt 0.24787 0.18610
vt 0.27543 0.18254
vt 0.26682 0.20764
vt 0.01727 0.02664
vt 0.03501 0.00917
vt 0.05939 0.01880
vt 0.06396 0.07517
vt 0.05939 0.01880
vt 0.08929 0.03247
vt 0.10954 0.04593
vt 0.10304 0.07781
vt 0.08929 0.03247
vt 0.06396 0.07517
vt 0.08929 0.03247
vt 0.10304 0.07781
vt 0.32280 0.09203
vt 0.28760 0.09128
vt 0.29461 0.07304
vt 0.31218 0.13544
vt 0.29351 0.16549
vt 0.28837 0.14841
vt 0.31218 0.13544
vt 0.28837 0.14841
vt 0.28617 0.12941
vt 0.33529 0.16871
vt 0.31154 0.18693
vt 0.29351 0.16549
vt 0.29351 0.16549
vt 0.31218 0.13544
vt 0.33529 0.16871
vt 0.28859 0.11033
vt 0.32280 0.09203
vt 0.31218 0.13544
vt 0.80666 0.76620
vt 0.81780 0.73804
vt 0.82103 0.76383
vt 0.83096 0.72272
vt 0.81128 0.72162
vt 0.83887 0.69569
vt 0.83084 0.80060
vt 0.81915 0.79345
vt 0.83163 0.77459
vt 0.96255 0.30599
vt 0.95156 0.33010
vt 0.94686 0.31468
vt 0.09945 0.78174
vt 0.10650 0.76449
vt 0.11762 0.77994
vt 0.11762 0.77994
vt 0.12829 0.76134
vt 0.13472 0.77732
vt 0.12310 0.74966
vt 0.12829 0.76134
vt 0.11536 0.75288
vt 0.10650 0.76449
vt 0.12829 0.76134
vt 0.11762 0.77994
vt 0.11114 0.94628
vt 0.14056 0.94213
vt 0.12652 0.96416
vt 0.80266 0.66913
vt 0.79899 0.68481
vt 0.79556 0.65927
vt 0.09955 0.75555
vt 0.10650 0.76449
vt 0.09945 0.78174
vt 0.12829 0.76134
vt 0.12310 0.74966
vt 0.13613 0.74752
vt 0.54052 0.96665
vt 0.50941 0.96380
vt 0.53174 0.94478
vt 0.12829 0.76134
vt 0.10650 0.76449
vt 0.11536 0.75288
vt 0.22713 0.36771
vt 0.21665 0.37402
vt 0.19453 0.36295
vt 0.21665 0.37402
vt 0.20304 0.37773
vt 0.19453 0.36295
vt 0.84863 0.81526
vt 0.82479 0.82651
vt 0.83084 0.80060
vt 0.85971 0.85115
vt 0.83635 0.83850
vt 0.86653 0.83237
vt 0.17886 0.30031
vt 0.22189 0.28181
vt 0.22159 0.33400
vt 0.94202 0.34990
vt 0.95156 0.33010
vt 0.95811 0.37080
vt 0.75823 0.67156
vt 0.75386 0.69430
vt 0.74495 0.68395
vt 0.95156 0.33010
vt 0.96255 0.30599
vt 0.97599 0.31513
vt 0.97739 0.33501
vt 0.98388 0.35824
vt 0.95156 0.33010
vt 0.77746 0.69293
vt 0.75823 0.67156
vt 0.79556 0.65927
vt 0.14393 0.97370
vt 0.16070 0.97603
vt 0.16435 0.98324
vt 0.81915 0.79345
vt 0.82103 0.76383
vt 0.83163 0.77459
vt 0.83995 0.76038
vt 0.83163 0.77459
vt 0.82103 0.76383
vt 0.04651 0.38209
vt 0.03669 0.40334
vt 0.02922 0.40199
vt 0.84308 0.64466
vt 0.84047 0.65924
vt 0.82126 0.63747
vt 0.83529 0.61923
vt 0.84308 0.64466
vt 0.82126 0.63747
vt 0.14393 0.97370
vt 0.15554 0.94221
vt 0.17403 0.93944
vt 0.13472 0.77732
vt 0.12829 0.76134
vt 0.14933 0.77454
vt 0.75550 0.34647
vt 0.74979 0.35290
vt 0.73418 0.35145
vt 0.23117 0.78295
vt 0.21413 0.77893
vt 0.23124 0.74748
vt 0.17038 0.77090
vt 0.14933 0.77454
vt 0.15919 0.74862
vt 0.98064 0.20483
vt 0.99036 0.20675
vt 0.97915 0.22151
vt 0.16070 0.97603
vt 0.14393 0.97370
vt 0.17403 0.93944
vt 0.12829 0.76134
vt 0.13613 0.74752
vt 0.15919 0.74862
vt 0.98064 0.20483
vt 0.98866 0.19757
vt 0.99036 0.20675
vt 0.20613 0.74912
vt 0.20739 0.76732
vt 0.18678 0.76102
vt 0.86933 0.47354
vt 0.85049 0.47767
vt 0.86782 0.46719
vt 0.99036 0.20675
vt 0.99367 0.22054
vt 0.97915 0.22151
vt 0.68795 0.63495
vt 0.71682 0.64504
vt 0.68907 0.64632
vt 0.83995 0.76038
vt 0.83096 0.72272
vt 0.85637 0.74288
vt 0.85637 0.74288
vt 0.83096 0.72272
vt 0.85905 0.71961
vt 0.86516 0.78105
vt 0.83995 0.76038
vt 0.86164 0.76294
vt 0.85905 0.71961
vt 0.83096 0.72272
vt 0.84150 0.71636
vt 0.86624 0.79469
vt 0.86692 0.80535
vt 0.84880 0.78329
vt 0.83995 0.76038
vt 0.86516 0.78105
vt 0.84880 0.78329
vt 0.84150 0.71636
vt 0.83887 0.69569
vt 0.86059 0.70000
vt 0.18467 0.37981
vt 0.16120 0.37135
vt 0.19453 0.36295
vt 0.84150 0.71636
vt 0.83096 0.72272
vt 0.83887 0.69569
vt 0.14394 0.39076
vt 0.12578 0.39210
vt 0.11779 0.35218
vt 0.81128 0.72162
vt 0.80988 0.69192
vt 0.83887 0.69569
vt 0.95811 0.37080
vt 0.94812 0.38115
vt 0.94202 0.34990
vt 0.95801 0.39647
vt 0.94471 0.40821
vt 0.94812 0.38115
vt 0.95156 0.33010
vt 0.98388 0.35824
vt 0.95811 0.37080
vt 0.95811 0.37080
vt 0.98388 0.35824
vt 0.98250 0.37648
vt 0.95811 0.37080
vt 0.98250 0.37648
vt 0.97728 0.39891
vt 0.96608 0.41278
vt 0.97728 0.39891
vt 0.97634 0.40959
vt 0.16070 0.97603
vt 0.18663 0.98235
vt 0.16435 0.98324
vt 0.17045 0.60926
vt 0.15325 0.60736
vt 0.15452 0.59527
vt 0.99044 0.14844
vt 0.97370 0.14191
vt 0.97941 0.13358
vt 0.20142 0.60709
vt 0.16677 0.58259
vt 0.19922 0.56924
vt 0.97941 0.13358
vt 0.98446 0.12261
vt 0.99261 0.12849
vt 0.17473 0.57016
vt 0.19405 0.55796
vt 0.19922 0.56924
vt 0.99200 0.17819
vt 0.98133 0.16456
vt 0.99498 0.16364
vt 0.98133 0.16456
vt 0.97370 0.14191
vt 0.99044 0.14844
vt 0.99498 0.16364
vt 0.98133 0.16456
vt 0.99044 0.14844
vt 0.17045 0.60926
vt 0.16677 0.58259
vt 0.20142 0.60709
vt 0.75266 0.25881
vt 0.74099 0.27366
vt 0.74806 0.25317
vt 0.75266 0.25881
vt 0.75849 0.26787
vt 0.74099 0.27366
vt 0.20725 0.62121
vt 0.17045 0.60926
vt 0.20142 0.60709
vt 0.23124 0.74748
vt 0.25764 0.72797
vt 0.26714 0.75136
vt 0.81027 0.66390
vt 0.81343 0.64049
vt 0.82126 0.63747
vt 0.33302 0.72455
vt 0.32092 0.74224
vt 0.32293 0.72482
vt 0.62500 0.94098
vt 0.60324 0.94796
vt 0.61892 0.92497
vt 0.60324 0.94796
vt 0.59087 0.91032
vt 0.61892 0.92497
vt 0.86095 0.35606
vt 0.83131 0.35203
vt 0.85164 0.33709
vt 0.29142 0.75042
vt 0.32092 0.74224
vt 0.32244 0.75651
vt 0.62317 0.90210
vt 0.61892 0.92497
vt 0.59087 0.91032
vt 0.07765 0.39942
vt 0.05682 0.39973
vt 0.04651 0.38209
vt 0.61426 0.89511
vt 0.62317 0.90210
vt 0.59087 0.91032
vt 0.28676 0.77523
vt 0.26714 0.75136
vt 0.29142 0.75042
vt 0.22470 0.71952
vt 0.20613 0.74912
vt 0.19846 0.72571
vt 0.86607 0.64959
vt 0.84047 0.65924
vt 0.84308 0.64466
vt 0.07765 0.39942
vt 0.06646 0.40388
vt 0.05682 0.39973
vt 0.86607 0.64959
vt 0.84308 0.64466
vt 0.86822 0.63526
vt 0.80988 0.69192
vt 0.84047 0.65924
vt 0.83887 0.69569
vt 0.59751 0.88026
vt 0.58924 0.89081
vt 0.57286 0.88091
vt 0.81538 0.62056
vt 0.83529 0.61923
vt 0.82126 0.63747
vt 0.74206 0.20502
vt 0.71898 0.24145
vt 0.67124 0.16678
vt 0.67124 0.16678
vt 0.73054 0.11327
vt 0.76582 0.13895
vt 0.68907 0.64632
vt 0.71682 0.64504
vt 0.69236 0.65294
vt 0.69236 0.65294
vt 0.71682 0.64504
vt 0.70391 0.67144
vt 0.58924 0.89081
vt 0.61426 0.89511
vt 0.59087 0.91032
vt 0.79589 0.58153
vt 0.76941 0.58667
vt 0.78081 0.57538
vt 0.76241 0.56862
vt 0.78081 0.57538
vt 0.76941 0.58667
vt 0.76677 0.53837
vt 0.76241 0.56862
vt 0.75650 0.54075
vt 0.84728 0.57128
vt 0.84035 0.55429
vt 0.85777 0.55755
vt 0.07322 0.87264
vt 0.09231 0.86436
vt 0.08374 0.87450
vt 0.85777 0.55755
vt 0.84035 0.55429
vt 0.84481 0.53646
vt 0.87091 0.57438
vt 0.84728 0.57128
vt 0.85777 0.55755
vt 0.85777 0.55755
vt 0.86951 0.54650
vt 0.87091 0.57438
vt 0.86951 0.54650
vt 0.84481 0.53646
vt 0.86738 0.51008
vt 0.07257 0.84579
vt 0.07322 0.87264
vt 0.05213 0.85897
vt 0.83290 0.51106
vt 0.86738 0.51008
vt 0.83899 0.52256
vt 0.85678 0.51682
vt 0.83899 0.52256
vt 0.86738 0.51008
vt 0.86738 0.51008
vt 0.83290 0.51106
vt 0.83575 0.49957
vt 0.83575 0.49957
vt 0.85632 0.49703
vt 0.86738 0.51008
vt 0.44771 0.95772
vt 0.45034 0.97192
vt 0.41773 0.97425
vt 0.43265 0.94372
vt 0.43509 0.95540
vt 0.42081 0.95124
vt 0.41611 0.98554
vt 0.41773 0.97425
vt 0.43153 0.98715
vt 0.04531 0.84173
vt 0.05716 0.84195
vt 0.05213 0.85897
vt 0.41611 0.98554
vt 0.40093 0.98748
vt 0.41773 0.97425
vt 0.09119 0.79988
vt 0.11511 0.80293
vt 0.08523 0.82343
vt 0.41403 0.96270
vt 0.41773 0.97425
vt 0.39265 0.95488
vt 0.05213 0.85897
vt 0.02285 0.85829
vt 0.02162 0.84622
vt 0.33287 0.90799
vt 0.32781 0.89536
vt 0.34066 0.90321
vt 0.02162 0.84622
vt 0.02788 0.83612
vt 0.05213 0.85897
vt 0.39265 0.95488
vt 0.39051 0.97184
vt 0.37478 0.95459
vt 0.36807 0.97966
vt 0.37478 0.95459
vt 0.39051 0.97184
vt 0.35752 0.89243
vt 0.35272 0.90468
vt 0.34066 0.90321
vt 0.50221 0.66112
vt 0.49625 0.67451
vt 0.49423 0.66175
vt 0.10530 0.78935
vt 0.12144 0.78990
vt 0.11511 0.80293
vt 0.97584 0.07776
vt 0.96459 0.06282
vt 0.98012 0.05137
vt 0.34066 0.90321
vt 0.32781 0.89536
vt 0.34467 0.88667
vt 0.98374 0.49175
vt 0.99489 0.48043
vt 0.99713 0.50245
vt 0.98012 0.05137
vt 0.96459 0.06282
vt 0.96547 0.04777
vt 0.53403 0.94023
vt 0.54717 0.95101
vt 0.53174 0.94478
vt 0.09495 0.92273
vt 0.09699 0.90413
vt 0.10056 0.91040
vt 0.06897 0.92716
vt 0.07806 0.90237
vt 0.09495 0.92273
vt 0.55700 0.95619
vt 0.54052 0.96665
vt 0.54717 0.95101
vt 0.83208 0.49105
vt 0.85049 0.47767
vt 0.84055 0.49663
vt 0.85049 0.47767
vt 0.83208 0.49105
vt 0.83332 0.47390
vt 0.08374 0.87450
vt 0.08716 0.88959
vt 0.07322 0.87264
vt 0.85571 0.58502
vt 0.87289 0.59389
vt 0.85773 0.59980
vt 0.83208 0.49105
vt 0.82269 0.48953
vt 0.83332 0.47390
vt 0.05530 0.91543
vt 0.07806 0.90237
vt 0.06897 0.92716
vt 0.07806 0.90237
vt 0.07322 0.87264
vt 0.08716 0.88959
vt 0.85571 0.58502
vt 0.87091 0.57438
vt 0.87363 0.58492
vt 0.56715 0.97944
vt 0.55700 0.95619
vt 0.57789 0.96893
vt 0.56715 0.97944
vt 0.57032 0.99362
vt 0.55463 0.98906
vt 0.80419 0.63728
vt 0.79556 0.65927
vt 0.78016 0.63522
vt 0.05530 0.91543
vt 0.05591 0.88667
vt 0.07806 0.90237
vt 0.56715 0.97944
vt 0.57789 0.96893
vt 0.59116 0.98420
vt 0.77004 0.90158
vt 0.77697 0.90856
vt 0.76835 0.91544
vt 0.59683 0.97060
vt 0.57789 0.96893
vt 0.57878 0.95737
vt 0.80419 0.63728
vt 0.79617 0.61002
vt 0.81162 0.61635
vt 0.77014 0.90144
vt 0.77448 0.89185
vt 0.77973 0.90260
vt 0.57899 0.98767
vt 0.56715 0.97944
vt 0.59116 0.98420
vt 0.03061 0.90508
vt 0.05530 0.91543
vt 0.02919 0.91959
vt 0.82306 0.05144
vt 0.82818 0.03699
vt 0.83208 0.04424
vt 0.03780 0.87233
vt 0.05213 0.85897
vt 0.05591 0.88667
vt 0.75313 0.92021
vt 0.73835 0.90055
vt 0.76835 0.91544
vt 0.01886 0.90625
vt 0.02919 0.91959
vt 0.00871 0.90568
vt 0.74359 0.91847
vt 0.73835 0.90055
vt 0.75313 0.92021
vt 0.74963 0.88505
vt 0.75011 0.89016
vt 0.74247 0.88247
vt 0.03780 0.87233
vt 0.01408 0.87205
vt 0.02285 0.85829
vt 0.81830 0.08127
vt 0.82166 0.06886
vt 0.83455 0.08379
vt 0.29473 0.90811
vt 0.30322 0.90640
vt 0.29968 0.91970
vt 0.73835 0.90055
vt 0.74359 0.91847
vt 0.71039 0.90384
vt 0.79589 0.58153
vt 0.82013 0.58684
vt 0.79636 0.59067
vt 0.82013 0.58684
vt 0.82106 0.59827
vt 0.79617 0.61002
vt 0.28851 0.87917
vt 0.27338 0.90494
vt 0.26749 0.89073
vt 0.00989 0.85663
vt 0.02285 0.85829
vt 0.01408 0.87205
vt 0.27622 0.91645
vt 0.27338 0.90494
vt 0.29473 0.90811
vt 0.74247 0.88247
vt 0.75011 0.89016
vt 0.73835 0.90055
vt 0.73086 0.88027
vt 0.73835 0.90055
vt 0.71821 0.88240
vt 0.00989 0.85663
vt 0.01408 0.87205
vt 0.00558 0.86303
vt 0.27338 0.90494
vt 0.28851 0.87917
vt 0.29473 0.90811
vt 0.84434 0.09741
vt 0.83416 0.09758
vt 0.83455 0.08379
vt 0.78799 0.55978
vt 0.82013 0.58684
vt 0.79589 0.58153
vt 0.71039 0.90384
vt 0.73417 0.92615
vt 0.72198 0.92989
vt 0.28851 0.87917
vt 0.26544 0.88292
vt 0.27407 0.86307
vt 0.00558 0.86303
vt 0.01408 0.87205
vt 0.00401 0.87225
vt 0.28574 0.85662
vt 0.28851 0.87917
vt 0.27407 0.86307
vt 0.30657 0.86036
vt 0.30292 0.88974
vt 0.28851 0.87917
vt 0.75544 0.63589
vt 0.75281 0.65537
vt 0.73826 0.64687
vt 0.79556 0.65927
vt 0.75823 0.67156
vt 0.78016 0.63522
vt 0.78016 0.63522
vt 0.77024 0.61219
vt 0.79617 0.61002
vt 0.80419 0.63728
vt 0.78016 0.63522
vt 0.79617 0.61002
vt 0.77024 0.61219
vt 0.75467 0.61987
vt 0.76036 0.60284
vt 0.77024 0.61219
vt 0.78036 0.60718
vt 0.79617 0.61002
vt 0.76941 0.58667
vt 0.78036 0.60718
vt 0.77024 0.61219
vt 0.78036 0.60718
vt 0.79589 0.58153
vt 0.79636 0.59067
vt 0.12788 0.67498
vt 0.14018 0.66283
vt 0.16290 0.68569
vt 0.93906 0.22006
vt 0.94884 0.22006
vt 0.94724 0.24361
vt 0.13010 0.69753
vt 0.12788 0.67498
vt 0.16290 0.68569
vt 0.94534 0.20122
vt 0.96445 0.20087
vt 0.94884 0.22006
vt 0.94534 0.20122
vt 0.96577 0.19480
vt 0.96445 0.20087
vt 0.94884 0.22006
vt 0.97045 0.22382
vt 0.96573 0.23042
vt 0.88752 0.42187
vt 0.87969 0.42264
vt 0.87622 0.41078
vt 0.96577 0.19480
vt 0.95047 0.18234
vt 0.96558 0.16936
vt 0.52510 0.45356
vt 0.52020 0.43642
vt 0.53223 0.45658
vt 0.96558 0.16936
vt 0.97106 0.17974
vt 0.96577 0.19480
vt 0.53421 0.44370
vt 0.52020 0.43642
vt 0.53558 0.43012
vt 0.49952 0.42903
vt 0.49227 0.41912
vt 0.49650 0.40711
vt 0.89414 0.37330
vt 0.89569 0.40540
vt 0.87343 0.39164
vt 0.89414 0.37330
vt 0.87343 0.39164
vt 0.87334 0.38196
vt 0.27918 0.22623
vt 0.28545 0.23371
vt 0.27597 0.23754
vt 0.89414 0.37330
vt 0.87334 0.38196
vt 0.88548 0.36251
vt 0.90617 0.39715
vt 0.89569 0.40540
vt 0.90547 0.38487
vt 0.88548 0.36251
vt 0.87334 0.38196
vt 0.87046 0.35487
vt 0.88548 0.36251
vt 0.87046 0.35487
vt 0.88110 0.34927
vt 0.92067 0.63230
vt 0.88930 0.65361
vt 0.90986 0.63513
vt 0.93479 0.62308
vt 0.93613 0.63133
vt 0.92067 0.63230
vt 0.79044 0.44935
vt 0.80399 0.43850
vt 0.80339 0.46610
vt 0.80339 0.46610
vt 0.80399 0.43850
vt 0.81818 0.45334
vt 0.79044 0.44935
vt 0.77593 0.41633
vt 0.80399 0.43850
vt 0.82278 0.41447
vt 0.81818 0.45334
vt 0.80399 0.43850
vt 0.77593 0.41633
vt 0.79193 0.39554
vt 0.80399 0.43850
vt 0.79193 0.39554
vt 0.77867 0.38825
vt 0.79383 0.38591
vt 0.81290 0.36842
vt 0.79193 0.39554
vt 0.79383 0.38591
vt 0.48390 0.00133
vt 0.48259 0.00942
vt 0.47571 0.00290
vt 0.79044 0.44935
vt 0.77829 0.45061
vt 0.76786 0.44511
vt 0.79044 0.44935
vt 0.76786 0.44511
vt 0.77593 0.41633
vt 0.80339 0.46610
vt 0.79794 0.48546
vt 0.78733 0.46676
vt 0.76907 0.45582
vt 0.78733 0.46676
vt 0.77840 0.46474
vt 0.77829 0.45061
vt 0.76907 0.45582
vt 0.76786 0.44511
vt 0.76907 0.45582
vt 0.78102 0.45496
vt 0.78733 0.46676
vt 0.79193 0.39554
vt 0.77593 0.41633
vt 0.77867 0.38825
vt 0.86951 0.54650
vt 0.86738 0.51008
vt 0.88763 0.53077
vt 0.85632 0.49703
vt 0.86755 0.48693
vt 0.86738 0.51008
vt 0.86738 0.51008
vt 0.89465 0.49896
vt 0.88999 0.51419
vt 0.76907 0.45582
vt 0.75083 0.44958
vt 0.76786 0.44511
vt 0.16290 0.68569
vt 0.16749 0.65981
vt 0.19861 0.70464
vt 0.77867 0.38825
vt 0.77593 0.41633
vt 0.75700 0.37199
vt 0.86755 0.48693
vt 0.88202 0.48285
vt 0.86738 0.51008
vt 0.88202 0.48285
vt 0.89465 0.49896
vt 0.86738 0.51008
vt 0.96558 0.16936
vt 0.95047 0.18234
vt 0.95181 0.15641
vt 0.13941 0.71778
vt 0.13010 0.69753
vt 0.16061 0.71152
vt 0.20841 0.67908
vt 0.19861 0.70464
vt 0.16749 0.65981
vt 0.08803 0.84404
vt 0.08523 0.82343
vt 0.10329 0.84562
vt 0.96046 0.15617
vt 0.96558 0.16936
vt 0.95181 0.15641
vt 0.88202 0.48285
vt 0.90290 0.48049
vt 0.89465 0.49896
vt 0.76786 0.44511
vt 0.73943 0.42642
vt 0.77593 0.41633
vt 0.19861 0.70464
vt 0.16061 0.71152
vt 0.16290 0.68569
vt 0.77593 0.41633
vt 0.74508 0.40115
vt 0.75700 0.37199
vt 0.97313 0.09907
vt 0.98277 0.11152
vt 0.97233 0.10812
vt 0.45709 0.42407
vt 0.47374 0.42222
vt 0.46662 0.42686
vt 0.47374 0.42222
vt 0.47671 0.41167
vt 0.49227 0.41912
vt 0.73943 0.42642
vt 0.74508 0.40115
vt 0.77593 0.41633
vt 0.46293 0.40508
vt 0.47374 0.42222
vt 0.45438 0.40861
vt 0.46293 0.40508
vt 0.47671 0.41167
vt 0.47374 0.42222
vt 0.47671 0.41167
vt 0.49650 0.40711
vt 0.49227 0.41912
vt 0.11511 0.80293
vt 0.12306 0.81326
vt 0.10929 0.83085
vt 0.94427 0.12688
vt 0.95614 0.10149
vt 0.96546 0.12129
vt 0.07277 0.50819
vt 0.07831 0.50199
vt 0.08395 0.50901
vt 0.50766 0.41018
vt 0.51807 0.40574
vt 0.53479 0.40725
vt 0.92892 0.10921
vt 0.95614 0.10149
vt 0.94427 0.12688
vt 0.07831 0.50199
vt 0.07277 0.50819
vt 0.07032 0.48957
vt 0.07831 0.50199
vt 0.09120 0.50672
vt 0.08395 0.50901
vt 0.92892 0.10921
vt 0.94137 0.08093
vt 0.95614 0.10149
vt 0.07032 0.48957
vt 0.08846 0.48183
vt 0.07831 0.50199
vt 0.09120 0.50672
vt 0.08846 0.48183
vt 0.11378 0.49088
vt 0.11378 0.49088
vt 0.12059 0.50225
vt 0.11296 0.51028
vt 0.92892 0.10921
vt 0.91925 0.09801
vt 0.94137 0.08093
vt 0.94137 0.08093
vt 0.95795 0.08287
vt 0.95614 0.10149
vt 0.07453 0.47627
vt 0.08846 0.48183
vt 0.07032 0.48957
vt 0.18678 0.76102
vt 0.15919 0.74862
vt 0.18036 0.73538
vt 0.85483 0.44822
vt 0.83919 0.45263
vt 0.85213 0.41332
vt 0.26714 0.75136
vt 0.26060 0.77857
vt 0.23124 0.74748
vt 0.18663 0.98235
vt 0.16070 0.97603
vt 0.19514 0.96985
vt 0.93618 0.27500
vt 0.95625 0.27911
vt 0.94825 0.28308
vt 0.97195 0.15952
vt 0.98133 0.16456
vt 0.97869 0.17022
vt 0.97195 0.15952
vt 0.96643 0.15504
vt 0.97370 0.14191
vt 0.74806 0.25317
vt 0.74099 0.27366
vt 0.72468 0.25820
vt 0.94825 0.28308
vt 0.95625 0.27911
vt 0.95032 0.29026
vt 0.96110 0.14481
vt 0.96450 0.13429
vt 0.97370 0.14191
vt 0.75849 0.26787
vt 0.76198 0.28266
vt 0.74099 0.27366
vt 0.93180 0.23337
vt 0.94724 0.24361
vt 0.93528 0.25075
vt 0.93996 0.26163
vt 0.93528 0.25075
vt 0.94724 0.24361
vt 0.95625 0.27911
vt 0.96900 0.29970
vt 0.95667 0.29748
vt 0.96934 0.27958
vt 0.96900 0.29970
vt 0.95625 0.27911
vt 0.94724 0.24361
vt 0.93180 0.23337
vt 0.93906 0.22006
vt 0.94706 0.93638
vt 0.95864 0.94752
vt 0.94721 0.94471
vt 0.94721 0.94471
vt 0.95864 0.94752
vt 0.94713 0.95860
vt 0.94713 0.95860
vt 0.95864 0.94752
vt 0.96121 0.96997
vt 0.97618 0.28605
vt 0.96900 0.29970
vt 0.96934 0.27958
vt 0.76198 0.28266
vt 0.74762 0.29217
vt 0.74099 0.27366
vt 0.77186 0.29384
vt 0.74762 0.29217
vt 0.76198 0.28266
vt 0.96121 0.96997
vt 0.95971 0.98592
vt 0.95097 0.98214
vt 0.94724 0.24361
vt 0.96573 0.23042
vt 0.96782 0.25228
vt 0.96782 0.25228
vt 0.97429 0.25759
vt 0.96934 0.27958
vt 0.30889 0.24529
vt 0.33313 0.25866
vt 0.31679 0.25866
vt 0.74762 0.29217
vt 0.72500 0.29313
vt 0.74099 0.27366
vt 0.96573 0.23042
vt 0.97368 0.23319
vt 0.96782 0.25228
vt 0.87622 0.41078
vt 0.87054 0.42402
vt 0.86996 0.41908
vt 0.30889 0.24529
vt 0.31679 0.25866
vt 0.29852 0.26221
vt 0.30881 0.26647
vt 0.29852 0.26221
vt 0.31679 0.25866
vt 0.68699 0.94724
vt 0.68260 0.96020
vt 0.67848 0.94663
vt 0.68260 0.96020
vt 0.68008 0.96869
vt 0.67848 0.94663
vt 0.67848 0.94663
vt 0.68008 0.96869
vt 0.66198 0.96584
vt 0.66198 0.96584
vt 0.65688 0.94945
vt 0.67848 0.94663
vt 0.30889 0.24529
vt 0.31806 0.23464
vt 0.33610 0.24255
vt 0.30889 0.24529
vt 0.29864 0.22810
vt 0.31806 0.23464
vt 0.33610 0.24255
vt 0.31806 0.23464
vt 0.33343 0.23373
vt 0.98504 0.94870
vt 0.98958 0.95699
vt 0.97578 0.95314
vt 0.98752 0.96542
vt 0.97578 0.95314
vt 0.98958 0.95699
vt 0.86679 0.69835
vt 0.87807 0.68570
vt 0.86978 0.70683
vt 0.68008 0.96869
vt 0.67374 0.98373
vt 0.66198 0.96584
vt 0.28545 0.23371
vt 0.27918 0.22623
vt 0.29864 0.22810
vt 0.88747 0.67130
vt 0.87807 0.68570
vt 0.87087 0.66622
vt 0.88572 0.70804
vt 0.87485 0.71770
vt 0.86978 0.70683
vt 0.88930 0.65361
vt 0.88747 0.67130
vt 0.87087 0.66622
vt 0.87889 0.64529
vt 0.88930 0.65361
vt 0.87087 0.66622
vt 0.88365 0.73215
vt 0.91900 0.73634
vt 0.90911 0.74522
vt 0.67374 0.98373
vt 0.64855 0.99239
vt 0.66198 0.96584
vt 0.88930 0.65361
vt 0.90977 0.67472
vt 0.88747 0.67130
vt 0.93176 0.00678
vt 0.92038 0.01874
vt 0.91809 0.01063
vt 0.89264 0.71922
vt 0.90762 0.71065
vt 0.91900 0.73634
vt 0.92067 0.63230
vt 0.93613 0.63133
vt 0.93248 0.65439
vt 0.88747 0.67130
vt 0.90977 0.67472
vt 0.90330 0.69892
vt 0.93697 0.67144
vt 0.92554 0.70010
vt 0.90977 0.67472
vt 0.91900 0.73634
vt 0.93507 0.71801
vt 0.93687 0.74240
vt 0.81290 0.36842
vt 0.79383 0.38591
vt 0.79293 0.36432
vt 0.68856 0.96710
vt 0.68879 0.95904
vt 0.70543 0.95050
vt 0.20142 0.60709
vt 0.19922 0.56924
vt 0.20971 0.59521
vt 0.20971 0.59521
vt 0.19922 0.56924
vt 0.21275 0.57911
vt 0.79131 0.33461
vt 0.79293 0.36432
vt 0.77818 0.33109
vt 0.77980 0.35799
vt 0.76415 0.34931
vt 0.77818 0.33109
vt 0.79131 0.33461
vt 0.77818 0.33109
vt 0.79336 0.30898
vt 0.80391 0.04864
vt 0.79224 0.04205
vt 0.81507 0.04019
vt 0.79224 0.04205
vt 0.77709 0.05412
vt 0.76187 0.03241
vt 0.86231 0.25293
vt 0.86067 0.23111
vt 0.87115 0.24282
vt 0.77472 0.36632
vt 0.76415 0.34931
vt 0.77980 0.35799
vt 0.20841 0.67908
vt 0.21498 0.64143
vt 0.22226 0.65146
vt 0.23661 0.67042
vt 0.20841 0.67908
vt 0.22226 0.65146
vt 0.77709 0.05412
vt 0.79224 0.04205
vt 0.78663 0.05469
vt 0.70642 0.99518
vt 0.70374 0.97861
vt 0.71661 0.99642
vt 0.76415 0.34931
vt 0.77472 0.36632
vt 0.75700 0.37199
vt 0.80257 0.00266
vt 0.81048 0.02686
vt 0.78001 0.00848
vt 0.77818 0.33109
vt 0.76415 0.34931
vt 0.76935 0.32333
vt 0.75289 0.00653
vt 0.78001 0.00848
vt 0.76187 0.03241
vt 0.22587 0.68672
vt 0.20841 0.67908
vt 0.23661 0.67042
vt 0.19861 0.70464
vt 0.20841 0.67908
vt 0.22587 0.68672
vt 0.83553 0.39852
vt 0.81290 0.36842
vt 0.83131 0.35203
vt 0.82448 0.27724
vt 0.84857 0.29225
vt 0.83662 0.30353
vt 0.83131 0.35203
vt 0.86095 0.35606
vt 0.85708 0.37045
vt 0.29074 0.71974
vt 0.29142 0.75042
vt 0.25764 0.72797
vt 0.83662 0.30353
vt 0.81634 0.31285
vt 0.82448 0.27724
vt 0.81634 0.31285
vt 0.79963 0.28295
vt 0.82448 0.27724
vt 0.79336 0.30898
vt 0.77818 0.33109
vt 0.77851 0.29923
vt 0.79336 0.30898
vt 0.77851 0.29923
vt 0.79963 0.28295
vt 0.75289 0.00653
vt 0.76187 0.03241
vt 0.73116 0.01803
vt 0.73358 0.24398
vt 0.74806 0.25317
vt 0.72468 0.25820
vt 0.71801 0.25158
vt 0.73358 0.24398
vt 0.72468 0.25820
vt 0.89986 0.11220
vt 0.91441 0.11123
vt 0.91563 0.13126
vt 0.88861 0.13696
vt 0.91563 0.13126
vt 0.91522 0.14610
vt 0.88938 0.10851
vt 0.89999 0.08670
vt 0.89986 0.11220
vt 0.91667 0.10238
vt 0.91441 0.11123
vt 0.89986 0.11220
vt 0.60324 0.94796
vt 0.58415 0.95493
vt 0.59087 0.91032
vt 0.59087 0.91032
vt 0.58415 0.95493
vt 0.56482 0.94768
vt 0.83348 0.23751
vt 0.83731 0.22443
vt 0.85297 0.23863
vt 0.86025 0.26087
vt 0.82448 0.27724
vt 0.83348 0.23751
vt 0.57048 0.91131
vt 0.59087 0.91032
vt 0.56482 0.94768
vt 0.86309 0.10096
vt 0.88182 0.09043
vt 0.88938 0.10851
vt 0.90276 0.15206
vt 0.91522 0.14610
vt 0.91591 0.15639
vt 0.88861 0.13696
vt 0.91522 0.14610
vt 0.90276 0.15206
vt 0.88861 0.13696
vt 0.90276 0.15206
vt 0.89017 0.15767
vt 0.71851 0.66906
vt 0.71854 0.69197
vt 0.70391 0.67144
vt 0.58924 0.89081
vt 0.57048 0.91131
vt 0.57286 0.88091
vt 0.55508 0.87894
vt 0.53669 0.89488
vt 0.53514 0.87783
vt 0.55508 0.87894
vt 0.57048 0.91131
vt 0.53669 0.89488
vt 0.36258 0.47326
vt 0.34975 0.47324
vt 0.35937 0.45642
vt 0.17491 0.79109
vt 0.16498 0.78309
vt 0.18142 0.77334
vt 0.33644 0.43027
vt 0.31040 0.42683
vt 0.32448 0.40243
vt 0.16498 0.78309
vt 0.15673 0.81287
vt 0.15132 0.78497
vt 0.30664 0.45865
vt 0.33522 0.45586
vt 0.31299 0.47176
vt 0.13818 0.79884
vt 0.15673 0.81287
vt 0.13401 0.81495
vt 0.31040 0.42683
vt 0.29592 0.43762
vt 0.29946 0.42216
vt 0.32448 0.40243
vt 0.29946 0.42216
vt 0.28759 0.37984
vt 0.32448 0.40243
vt 0.28759 0.37984
vt 0.31348 0.38194
vt 0.29555 0.46556
vt 0.29412 0.45041
vt 0.30664 0.45865
vt 0.30664 0.45865
vt 0.29412 0.45041
vt 0.29592 0.43762
vt 0.25038 0.78608
vt 0.25401 0.80321
vt 0.23236 0.79002
vt 0.78293 0.09214
vt 0.80972 0.06809
vt 0.81686 0.08667
vt 0.83348 0.23751
vt 0.82448 0.27724
vt 0.79873 0.22929
vt 0.40256 0.47484
vt 0.39992 0.45974
vt 0.40967 0.48008
vt 0.78293 0.09214
vt 0.81686 0.08667
vt 0.81208 0.10017
vt 0.45360 0.40636
vt 0.43429 0.42321
vt 0.45282 0.38992
vt 0.79975 0.11555
vt 0.83523 0.12265
vt 0.82350 0.13578
vt 0.77590 0.06735
vt 0.79298 0.06578
vt 0.78293 0.09214
vt 0.40967 0.48008
vt 0.39992 0.45974
vt 0.42847 0.45304
vt 0.25401 0.80321
vt 0.25895 0.82206
vt 0.24645 0.84099
vt 0.18933 0.79776
vt 0.19094 0.77541
vt 0.21090 0.77909
vt 0.24645 0.84099
vt 0.25895 0.82206
vt 0.26106 0.83796
vt 0.19094 0.77541
vt 0.18933 0.79776
vt 0.18142 0.77334
vt 0.18933 0.79776
vt 0.22230 0.79166
vt 0.20646 0.81132
vt 0.36683 0.48087
vt 0.36258 0.47326
vt 0.37298 0.46268
vt 0.39992 0.45974
vt 0.38827 0.47311
vt 0.37298 0.46268
vt 0.37298 0.46268
vt 0.37576 0.44294
vt 0.39992 0.45974
vt 0.40228 0.42665
vt 0.39992 0.45974
vt 0.37576 0.44294
vt 0.42847 0.45304
vt 0.40228 0.42665
vt 0.43429 0.42321
vt 0.43429 0.42321
vt 0.40228 0.42665
vt 0.41657 0.40283
vt 0.38690 0.40910
vt 0.38512 0.38335
vt 0.41657 0.40283
vt 0.41657 0.40283
vt 0.38512 0.38335
vt 0.40344 0.36459
vt 0.41657 0.40283
vt 0.45282 0.38992
vt 0.43429 0.42321
vt 0.20646 0.81132
vt 0.22230 0.79166
vt 0.22695 0.81717
vt 0.37298 0.46268
vt 0.36258 0.47326
vt 0.35937 0.45642
vt 0.35937 0.45642
vt 0.37576 0.44294
vt 0.37298 0.46268
vt 0.42847 0.45304
vt 0.39992 0.45974
vt 0.40228 0.42665
vt 0.33644 0.43027
vt 0.37472 0.42005
vt 0.37576 0.44294
vt 0.41657 0.40283
vt 0.40344 0.36459
vt 0.44690 0.36328
vt 0.22282 0.84066
vt 0.20646 0.81132
vt 0.22695 0.81717
vt 0.26106 0.83796
vt 0.25226 0.86047
vt 0.24645 0.84099
vt 0.18142 0.77334
vt 0.18933 0.79776
vt 0.17491 0.79109
vt 0.33644 0.43027
vt 0.35956 0.39381
vt 0.37472 0.42005
vt 0.24568 0.85566
vt 0.22282 0.84066
vt 0.24645 0.84099
vt 0.20568 0.84788
vt 0.20646 0.81132
vt 0.22282 0.84066
vt 0.17313 0.82710
vt 0.17491 0.79109
vt 0.18933 0.79776
vt 0.07430 0.02453
vt 0.08929 0.03247
vt 0.05939 0.01880
vt 0.17313 0.82710
vt 0.20568 0.84788
vt 0.18261 0.85229
vt 0.15188 0.82772
vt 0.17313 0.82710
vt 0.16871 0.85146
vt 0.76582 0.13895
vt 0.73054 0.11327
vt 0.75789 0.08163
vt 0.02814 0.47984
vt 0.04532 0.47775
vt 0.04085 0.48470
vt 0.40760 0.69435
vt 0.41939 0.67095
vt 0.42609 0.67906
vt 0.04952 0.46435
vt 0.03184 0.46436
vt 0.05695 0.45016
vt 0.06112 0.43274
vt 0.04093 0.43774
vt 0.05051 0.42850
vt 0.34015 0.39181
vt 0.33931 0.36586
vt 0.35960 0.37708
vt 0.35532 0.35076
vt 0.33931 0.36586
vt 0.34157 0.33902
vt 0.33931 0.36586
vt 0.34015 0.39181
vt 0.31348 0.38194
vt 0.33931 0.36586
vt 0.31348 0.38194
vt 0.32380 0.35300
vt 0.33931 0.36586
vt 0.32380 0.35300
vt 0.34157 0.33902
vt 0.29693 0.34592
vt 0.31045 0.29951
vt 0.34157 0.33902
vt 0.32380 0.35300
vt 0.31348 0.38194
vt 0.29693 0.34592
vt 0.35541 0.66818
vt 0.38298 0.65175
vt 0.38387 0.69524
vt 0.40078 0.67949
vt 0.38387 0.69524
vt 0.38298 0.65175
vt 0.31348 0.38194
vt 0.28759 0.37984
vt 0.29693 0.34592
vt 0.40760 0.69435
vt 0.38968 0.72341
vt 0.38387 0.69524
vt 0.42579 0.70953
vt 0.40766 0.73579
vt 0.38968 0.72341
vt 0.40344 0.36459
vt 0.37714 0.36132
vt 0.37084 0.33956
vt 0.37714 0.36132
vt 0.35532 0.35076
vt 0.37084 0.33956
vt 0.39416 0.32009
vt 0.40344 0.36459
vt 0.37084 0.33956
vt 0.37084 0.33956
vt 0.35298 0.31891
vt 0.37584 0.31559
vt 0.39416 0.32009
vt 0.37084 0.33956
vt 0.37584 0.31559
vt 0.35956 0.39381
vt 0.35960 0.37708
vt 0.38512 0.38335
vt 0.35956 0.39381
vt 0.34015 0.39181
vt 0.35960 0.37708
vt 0.40344 0.36459
vt 0.39416 0.32009
vt 0.44390 0.33179
vt 0.44390 0.33179
vt 0.39416 0.32009
vt 0.42227 0.31415
vt 0.42227 0.31415
vt 0.39416 0.32009
vt 0.39522 0.31004
vt 0.35298 0.31891
vt 0.36956 0.30641
vt 0.37584 0.31559
vt 0.45695 0.36800
vt 0.44690 0.36328
vt 0.45641 0.35192
vt 0.35960 0.37708
vt 0.33931 0.36586
vt 0.35532 0.35076
vt 0.45641 0.35192
vt 0.44390 0.33179
vt 0.45218 0.32612
vt 0.08041 0.52936
vt 0.09465 0.52703
vt 0.11674 0.54490
vt 0.12965 0.54837
vt 0.13461 0.56083
vt 0.11674 0.54490
vt 0.12965 0.54837
vt 0.11674 0.54490
vt 0.12563 0.54573
vt 0.34157 0.33902
vt 0.35298 0.31891
vt 0.37084 0.33956
vt 0.09465 0.52703
vt 0.08041 0.52936
vt 0.07087 0.51684
vt 0.11674 0.54490
vt 0.13461 0.56083
vt 0.09804 0.56901
vt 0.35298 0.31891
vt 0.34157 0.33902
vt 0.33918 0.30584
vt 0.34157 0.33902
vt 0.31045 0.29951
vt 0.33918 0.30584
vt 0.35298 0.31891
vt 0.34171 0.29616
vt 0.35375 0.29811
vt 0.11540 0.58863
vt 0.09804 0.56901
vt 0.13461 0.56083
vt 0.14147 0.59184
vt 0.11540 0.58863
vt 0.13596 0.57673
vt 0.78468 0.16703
vt 0.80901 0.19452
vt 0.78305 0.20114
vt 0.79514 0.20199
vt 0.80901 0.19452
vt 0.80811 0.20100
vt 0.08041 0.52936
vt 0.05858 0.55352
vt 0.05307 0.53050
vt 0.05307 0.53050
vt 0.03373 0.53482
vt 0.04534 0.51570
vt 0.74206 0.20502
vt 0.77306 0.23001
vt 0.74978 0.23501
vt 0.19922 0.56924
vt 0.19405 0.55796
vt 0.20252 0.54497
vt 0.19922 0.56924
vt 0.21843 0.55782
vt 0.21275 0.57911
vt 0.21843 0.55782
vt 0.20252 0.54497
vt 0.22774 0.54400
vt 0.71801 0.25158
vt 0.72468 0.25820
vt 0.70781 0.25671
vt 0.72468 0.25820
vt 0.71068 0.27540
vt 0.70781 0.25671
vt 0.71068 0.27540
vt 0.69853 0.26978
vt 0.70781 0.25671
vt 0.76501 0.93177
vt 0.75298 0.93571
vt 0.75495 0.92598
vt 0.74099 0.27366
vt 0.71068 0.27540
vt 0.72468 0.25820
vt 0.71068 0.27540
vt 0.70229 0.27574
vt 0.69853 0.26978
vt 0.76543 0.92439
vt 0.76501 0.93177
vt 0.75495 0.92598
vt 0.72500 0.29313
vt 0.71381 0.28557
vt 0.74099 0.27366
vt 0.07973 0.81665
vt 0.07223 0.81950
vt 0.07551 0.80361
vt 0.67461 0.00527
vt 0.67806 0.00974
vt 0.66695 0.00765
vt 0.71381 0.28557
vt 0.70439 0.29279
vt 0.70304 0.27956
vt 0.70304 0.27956
vt 0.70439 0.29279
vt 0.69303 0.28662
vt 0.22447 0.53166
vt 0.23677 0.52274
vt 0.23911 0.53934
vt 0.72500 0.29313
vt 0.70439 0.29279
vt 0.71381 0.28557
vt 0.64230 0.94261
vt 0.63346 0.95599
vt 0.63111 0.94114
vt 0.02184 0.23365
vt 0.00736 0.23709
vt 0.00355 0.22327
vt 0.07451 0.83704
vt 0.07471 0.84461
vt 0.05917 0.83409
vt 0.07451 0.83704
vt 0.05917 0.83409
vt 0.07223 0.81950
vt 0.00157 0.25413
vt 0.02607 0.24604
vt 0.02142 0.26243
vt 0.97379 0.85311
vt 0.95902 0.84762
vt 0.97939 0.84311
vt 0.65688 0.94945
vt 0.63346 0.95599
vt 0.64230 0.94261
vt 0.94341 0.81557
vt 0.96462 0.82906
vt 0.94997 0.84100
vt 0.97939 0.84311
vt 0.99256 0.83578
vt 0.98512 0.84571
vt 0.00464 0.27635
vt 0.02555 0.27270
vt 0.01777 0.28194
vt 0.03787 0.80720
vt 0.05020 0.81278
vt 0.02050 0.81192
vt 0.02050 0.81192
vt 0.00580 0.80733
vt 0.01540 0.79245
vt 0.80884 0.01142
vt 0.82683 0.01981
vt 0.81704 0.02443
vt 0.02714 0.82791
vt 0.00970 0.82075
vt 0.02050 0.81192
vt 0.96970 0.89135
vt 0.97633 0.87232
vt 0.98108 0.89694
vt 0.96261 0.87991
vt 0.97633 0.87232
vt 0.96970 0.89135
vt 0.99372 0.81746
vt 0.99256 0.83578
vt 0.97939 0.84311
vt 0.50372 0.84547
vt 0.50879 0.84082
vt 0.52001 0.85262
vt 0.95154 0.78175
vt 0.96557 0.78702
vt 0.94764 0.79934
vt 0.95699 0.86078
vt 0.97242 0.85893
vt 0.97633 0.87232
vt 0.97633 0.87232
vt 0.97242 0.85893
vt 0.99436 0.86841
vt 0.20011 0.93907
vt 0.19764 0.91458
vt 0.21172 0.93164
vt 0.07703 0.98845
vt 0.06789 0.99383
vt 0.07980 0.97650
vt 0.08372 0.98709
vt 0.07703 0.98845
vt 0.07980 0.97650
vt 0.08769 0.98099
vt 0.08372 0.98709
vt 0.07980 0.97650
vt 0.97242 0.85893
vt 0.98658 0.85570
vt 0.99436 0.86841
vt 0.19420 0.93096
vt 0.19764 0.91458
vt 0.20011 0.93907
vt 0.20920 0.93932
vt 0.20011 0.93907
vt 0.21172 0.93164
vt 0.96557 0.78702
vt 0.98055 0.78351
vt 0.99198 0.80188
vt 0.06789 0.99383
vt 0.06236 0.98486
vt 0.07980 0.97650
vt 0.23596 0.94873
vt 0.23157 0.95805
vt 0.22863 0.95105
vt 0.24497 0.94944
vt 0.23157 0.95805
vt 0.23596 0.94873
vt 0.95154 0.78175
vt 0.95329 0.76075
vt 0.96557 0.78702
vt 0.79777 0.96116
vt 0.80802 0.96327
vt 0.78707 0.98009
vt 0.07980 0.97650
vt 0.06236 0.98486
vt 0.06061 0.95912
vt 0.07980 0.97650
vt 0.06061 0.95912
vt 0.07489 0.95622
vt 0.24497 0.94944
vt 0.24777 0.95749
vt 0.23157 0.95805
vt 0.74046 0.95161
vt 0.71846 0.94001
vt 0.73932 0.92612
vt 0.70543 0.95050
vt 0.71846 0.94001
vt 0.74046 0.95161
vt 0.77709 0.05412
vt 0.75069 0.06278
vt 0.74858 0.05305
vt 0.74431 0.99549
vt 0.72449 0.97813
vt 0.75012 0.98071
vt 0.76004 0.96085
vt 0.75012 0.98071
vt 0.74046 0.95161
vt 0.74431 0.99549
vt 0.75012 0.98071
vt 0.76251 0.97703
vt 0.75069 0.06278
vt 0.73782 0.06814
vt 0.74858 0.05305
vt 0.07315 0.73650
vt 0.08034 0.74016
vt 0.07728 0.75276
vt 0.05942 0.76875
vt 0.07315 0.73650
vt 0.07728 0.75276
vt 0.12141 0.27450
vt 0.06108 0.28696
vt 0.09144 0.17897
vt 0.72361 0.04917
vt 0.74858 0.05305
vt 0.73035 0.05873
vt 0.07551 0.80361
vt 0.08100 0.78182
vt 0.08460 0.79598
vt 0.74180 0.03527
vt 0.72361 0.04917
vt 0.71217 0.02506
vt 0.72361 0.04917
vt 0.70922 0.04478
vt 0.71217 0.02506
vt 0.03942 0.73352
vt 0.05942 0.76875
vt 0.04547 0.77064
vt 0.03942 0.73352
vt 0.00557 0.72278
vt 0.01922 0.71103
vt 0.01794 0.74903
vt 0.00553 0.75018
vt 0.00639 0.74388
vt 0.00639 0.74388
vt 0.00557 0.72278
vt 0.01794 0.74903
vt 0.07223 0.81950
vt 0.05020 0.81278
vt 0.07551 0.80361
vt 0.07777 0.71945
vt 0.03942 0.73352
vt 0.05489 0.70748
vt 0.05942 0.76875
vt 0.07551 0.80361
vt 0.05020 0.81278
vt 0.04547 0.77064
vt 0.02666 0.77863
vt 0.03942 0.73352
vt 0.05489 0.70748
vt 0.03942 0.73352
vt 0.02990 0.69107
vt 0.00557 0.72278
vt 0.03942 0.73352
vt 0.01794 0.74903
vt 0.05020 0.81278
vt 0.02666 0.77863
vt 0.05942 0.76875
vt 0.04547 0.77064
vt 0.05942 0.76875
vt 0.02666 0.77863
vt 0.06963 0.69197
vt 0.05489 0.70748
vt 0.02990 0.69107
vt 0.03942 0.73352
vt 0.01922 0.71103
vt 0.02990 0.69107
vt 0.03787 0.80720
vt 0.02050 0.81192
vt 0.02666 0.77863
vt 0.56482 0.94768
vt 0.54163 0.92636
vt 0.57048 0.91131
vt 0.86309 0.10096
vt 0.88861 0.13696
vt 0.85123 0.13255
vt 0.88182 0.09043
vt 0.86309 0.10096
vt 0.88239 0.07296
vt 0.57048 0.91131
vt 0.54163 0.92636
vt 0.54287 0.90600
vt 0.84118 0.11772
vt 0.86309 0.10096
vt 0.85123 0.13255
vt 0.85934 0.05841
vt 0.88239 0.07296
vt 0.86309 0.10096
vt 0.79873 0.22929
vt 0.81468 0.21616
vt 0.83348 0.23751
vt 0.86309 0.10096
vt 0.85270 0.10173
vt 0.85086 0.08608
vt 0.85270 0.10173
vt 0.86309 0.10096
vt 0.84118 0.11772
vt 0.25763 0.35767
vt 0.24297 0.36503
vt 0.24393 0.35416
vt 0.82448 0.27724
vt 0.79145 0.25306
vt 0.79873 0.22929
vt 0.85934 0.05841
vt 0.86309 0.10096
vt 0.85086 0.08608
vt 0.89952 0.05764
vt 0.87906 0.04701
vt 0.90459 0.03338
vt 0.91303 0.04205
vt 0.91643 0.04966
vt 0.89952 0.05764
vt 0.73028 0.00318
vt 0.75289 0.00653
vt 0.73116 0.01803
vt 0.79145 0.25306
vt 0.78552 0.23200
vt 0.79873 0.22929
vt 0.71217 0.02506
vt 0.73028 0.00318
vt 0.73116 0.01803
vt 0.73028 0.00318
vt 0.71217 0.02506
vt 0.70499 0.00578
vt 0.70113 0.03381
vt 0.69144 0.00537
vt 0.71217 0.02506
vt 0.06963 0.69197
vt 0.03688 0.67315
vt 0.05299 0.66607
vt 0.79145 0.25306
vt 0.76839 0.25480
vt 0.77643 0.24231
vt 0.05299 0.66607
vt 0.06565 0.65313
vt 0.07287 0.65975
vt 0.02180 0.67733
vt 0.02990 0.69107
vt 0.01305 0.69077
vt 0.78141 0.21203
vt 0.74206 0.20502
vt 0.78305 0.20114
vt 0.78468 0.16703
vt 0.73650 0.18620
vt 0.76582 0.13895
vt 0.74206 0.20502
vt 0.74978 0.23501
vt 0.71898 0.24145
vt 0.66508 0.10613
vt 0.73054 0.11327
vt 0.67124 0.16678
vt 0.02756 0.51469
vt 0.02003 0.49528
vt 0.03520 0.49663
vt 0.89342 0.35185
vt 0.91507 0.32985
vt 0.92068 0.36421
vt 0.93662 0.36639
vt 0.94021 0.37613
vt 0.92068 0.36421
vt 0.92068 0.36421
vt 0.94021 0.37613
vt 0.93841 0.38724
vt 0.92068 0.36421
vt 0.91718 0.39564
vt 0.90305 0.37323
vt 0.52442 0.87772
vt 0.51902 0.86658
vt 0.54177 0.86732
vt 0.92548 0.29576
vt 0.93823 0.30776
vt 0.91507 0.32985
vt 0.91507 0.32985
vt 0.93823 0.30776
vt 0.93825 0.32853
vt 0.93825 0.32853
vt 0.93844 0.34309
vt 0.91507 0.32985
vt 0.58541 0.86651
vt 0.59042 0.84753
vt 0.59624 0.86793
vt 0.61327 0.85987
vt 0.59042 0.84753
vt 0.61598 0.84111
vt 0.61327 0.85987
vt 0.59624 0.86793
vt 0.59042 0.84753
vt 0.61327 0.85987
vt 0.61598 0.84111
vt 0.62756 0.85195
vt 0.51902 0.86658
vt 0.51608 0.87675
vt 0.50878 0.86759
vt 0.51902 0.86658
vt 0.52001 0.85262
vt 0.54177 0.86732
vt 0.52001 0.85262
vt 0.53959 0.84477
vt 0.54177 0.86732
vt 0.59042 0.84753
vt 0.56997 0.82592
vt 0.59441 0.82365
vt 0.60714 0.83229
vt 0.59042 0.84753
vt 0.59441 0.82365
vt 0.52001 0.85262
vt 0.53094 0.83373
vt 0.53959 0.84477
vt 0.56997 0.82592
vt 0.53959 0.84477
vt 0.54506 0.82508
vt 0.53770 0.82046
vt 0.54506 0.82508
vt 0.53094 0.83373
vt 0.19327 0.89954
vt 0.20414 0.91106
vt 0.19764 0.91458
vt 0.53770 0.82046
vt 0.54904 0.81371
vt 0.54506 0.82508
vt 0.54904 0.81371
vt 0.55563 0.81141
vt 0.54506 0.82508
vt 0.24200 0.93463
vt 0.25260 0.92483
vt 0.25326 0.93938
vt 0.25326 0.93938
vt 0.26933 0.92501
vt 0.28055 0.95279
vt 0.26933 0.92501
vt 0.28484 0.93104
vt 0.28055 0.95279
vt 0.29839 0.94589
vt 0.28484 0.93104
vt 0.30151 0.92362
vt 0.19420 0.93096
vt 0.18796 0.92006
vt 0.19764 0.91458
vt 0.17897 0.89070
vt 0.19176 0.87718
vt 0.18967 0.88685
vt 0.17897 0.89070
vt 0.18559 0.86535
vt 0.19176 0.87718
vt 0.17456 0.85810
vt 0.18559 0.86535
vt 0.17897 0.89070
vt 0.25260 0.92483
vt 0.26016 0.91404
vt 0.26933 0.92501
vt 0.25326 0.93938
vt 0.25260 0.92483
vt 0.26933 0.92501
vt 0.18685 0.91315
vt 0.18796 0.92006
vt 0.18059 0.91451
vt 0.93832 0.81944
vt 0.93663 0.83699
vt 0.91671 0.81438
vt 0.92378 0.86581
vt 0.91448 0.86871
vt 0.91491 0.85237
vt 0.91491 0.85237
vt 0.91538 0.82984
vt 0.93663 0.83699
vt 0.93663 0.83699
vt 0.91538 0.82984
vt 0.91671 0.81438
vt 0.21109 0.86629
vt 0.20295 0.89080
vt 0.19702 0.87166
vt 0.19702 0.87166
vt 0.20295 0.89080
vt 0.19447 0.88366
vt 0.29069 0.42404
vt 0.29592 0.43762
vt 0.28480 0.43964
vt 0.40839 0.64502
vt 0.41711 0.65235
vt 0.40601 0.65607
vt 0.22601 0.90932
vt 0.20914 0.91297
vt 0.21658 0.89155
vt 0.21658 0.89155
vt 0.20914 0.91297
vt 0.20295 0.89080
vt 0.97022 0.54664
vt 0.98775 0.54728
vt 0.97493 0.56197
vt 0.97493 0.56197
vt 0.98775 0.54728
vt 0.98945 0.55808
vt 0.97970 0.51409
vt 0.99542 0.51155
vt 0.98959 0.53601
vt 0.98775 0.54728
vt 0.99593 0.55661
vt 0.98945 0.55808
vt 0.34241 0.64150
vt 0.35876 0.64204
vt 0.34182 0.65497
vt 0.44844 0.72953
vt 0.46396 0.71547
vt 0.46471 0.72819
vt 0.46396 0.71547
vt 0.44844 0.72953
vt 0.45202 0.70341
vt 0.45202 0.70341
vt 0.44844 0.72953
vt 0.43846 0.71253
vt 0.21109 0.86629
vt 0.22113 0.87554
vt 0.20295 0.89080
vt 0.22113 0.87554
vt 0.21658 0.89155
vt 0.20295 0.89080
vt 0.88958 0.30611
vt 0.88797 0.34075
vt 0.86717 0.32184
vt 0.02756 0.51469
vt 0.02846 0.52399
vt 0.01241 0.52672
vt 0.35876 0.64204
vt 0.37202 0.63871
vt 0.38298 0.65175
vt 0.34182 0.65497
vt 0.35541 0.66818
vt 0.33796 0.67218
vt 0.43676 0.70656
vt 0.45202 0.70341
vt 0.43846 0.71253
vt 0.87599 0.29311
vt 0.90103 0.29405
vt 0.88958 0.30611
vt 0.89165 0.27826
vt 0.90103 0.29405
vt 0.87599 0.29311
vt 0.48182 0.72480
vt 0.47727 0.73234
vt 0.46471 0.72819
vt 0.24723 0.88211
vt 0.23330 0.89181
vt 0.23998 0.87293
vt 0.24723 0.88211
vt 0.24011 0.90070
vt 0.23330 0.89181
vt 0.23330 0.89181
vt 0.24011 0.90070
vt 0.21658 0.89155
vt 0.86917 0.31288
vt 0.88958 0.30611
vt 0.86717 0.32184
vt 0.24011 0.90070
vt 0.23783 0.90735
vt 0.22601 0.90932
vt 0.96700 0.53461
vt 0.98959 0.53601
vt 0.97022 0.54664
vt 0.98959 0.53601
vt 0.96700 0.53461
vt 0.97970 0.51409
vt 0.01241 0.52672
vt 0.01008 0.51792
vt 0.02756 0.51469
vt 0.02756 0.51469
vt 0.01008 0.51792
vt 0.02003 0.49528
vt 0.01008 0.51792
vt 0.00641 0.49947
vt 0.02003 0.49528
vt 0.46471 0.72819
vt 0.46396 0.71547
vt 0.48182 0.72480
vt 0.87280 0.27762
vt 0.89165 0.27826
vt 0.87599 0.29311
vt 0.87280 0.27762
vt 0.87599 0.29311
vt 0.87229 0.28459
vt 0.88797 0.34075
vt 0.89608 0.32666
vt 0.89342 0.35185
vt 0.89342 0.35185
vt 0.92068 0.36421
vt 0.89516 0.35905
vt 0.02003 0.49528
vt 0.00641 0.49947
vt 0.01142 0.47355
vt 0.91585 0.27098
vt 0.90103 0.29405
vt 0.89165 0.27826
vt 0.91585 0.27098
vt 0.92548 0.29576
vt 0.90103 0.29405
vt 0.90103 0.29405
vt 0.92548 0.29576
vt 0.91507 0.32985
vt 0.89342 0.35185
vt 0.89608 0.32666
vt 0.91507 0.32985
vt 0.01922 0.71103
vt 0.00698 0.70503
vt 0.01305 0.69077
vt 0.13401 0.81495
vt 0.15188 0.82772
vt 0.12714 0.83095
vt 0.15188 0.82772
vt 0.16871 0.85146
vt 0.15434 0.85733
vt 0.11308 0.84347
vt 0.12714 0.83095
vt 0.11484 0.85453
vt 0.83529 0.61923
vt 0.81538 0.62056
vt 0.82154 0.61387
vt 0.04139 0.49446
vt 0.03520 0.49663
vt 0.04085 0.48470
vt 0.03520 0.49663
vt 0.02814 0.47984
vt 0.04085 0.48470
vt 0.03184 0.46436
vt 0.02875 0.45040
vt 0.04093 0.43774
vt 0.02875 0.45040
vt 0.02763 0.43417
vt 0.04093 0.43774
vt 0.02763 0.43417
vt 0.02376 0.41591
vt 0.03796 0.42207
vt 0.49699 0.63340
vt 0.50898 0.62960
vt 0.50406 0.63884
vt 0.43913 0.75159
vt 0.44341 0.76420
vt 0.43722 0.76850
vt 0.43032 0.76894
vt 0.43913 0.75159
vt 0.43722 0.76850
vt 0.41122 0.76550
vt 0.43032 0.76894
vt 0.42213 0.77311
vt 0.91718 0.39564
vt 0.93841 0.38724
vt 0.92757 0.39858
vt 0.02003 0.49528
vt 0.01142 0.47355
vt 0.02814 0.47984
vt 0.86355 0.01071
vt 0.86515 0.00248
vt 0.86930 0.01320
vt 0.03184 0.46436
vt 0.01040 0.46161
vt 0.02875 0.45040
vt 0.01142 0.47355
vt 0.01040 0.46161
vt 0.03184 0.46436
vt 0.87546 0.00331
vt 0.86930 0.01320
vt 0.86515 0.00248
vt 0.01040 0.46161
vt 0.01200 0.45047
vt 0.02875 0.45040
vt 0.02875 0.45040
vt 0.01200 0.45047
vt 0.02763 0.43417
vt 0.02376 0.41591
vt 0.02763 0.43417
vt 0.01289 0.41986
vt 0.28133 0.14145
vt 0.25900 0.15179
vt 0.27534 0.12089
vt 0.49699 0.63340
vt 0.50447 0.62031
vt 0.50898 0.62960
vt 0.50898 0.62960
vt 0.52400 0.62373
vt 0.51980 0.63215
vt 0.92068 0.36421
vt 0.93841 0.38724
vt 0.91718 0.39564
vt 0.63996 0.87914
vt 0.63839 0.87019
vt 0.64875 0.87456
vt 0.64875 0.87456
vt 0.66424 0.86316
vt 0.66742 0.87119
vt 0.61983 0.86584
vt 0.62756 0.85195
vt 0.64211 0.85991
vt 0.61983 0.86584
vt 0.61327 0.85987
vt 0.62756 0.85195
vt 0.61598 0.84111
vt 0.63673 0.83705
vt 0.62756 0.85195
vt 0.62756 0.85195
vt 0.63673 0.83705
vt 0.65315 0.83708
vt 0.65315 0.83708
vt 0.66424 0.86316
vt 0.64211 0.85991
vt 0.66742 0.87119
vt 0.66424 0.86316
vt 0.68543 0.86580
vt 0.01289 0.41986
vt 0.00308 0.40261
vt 0.01451 0.40289
vt 0.69475 0.86793
vt 0.68543 0.86580
vt 0.69739 0.84907
vt 0.48895 0.61660
vt 0.48915 0.59969
vt 0.50447 0.62031
vt 0.50447 0.62031
vt 0.48915 0.59969
vt 0.51051 0.60751
vt 0.63673 0.83705
vt 0.63607 0.82615
vt 0.65315 0.83708
vt 0.66424 0.86316
vt 0.65315 0.83708
vt 0.68768 0.84551
vt 0.65315 0.83708
vt 0.66509 0.82650
vt 0.68768 0.84551
vt 0.68768 0.84551
vt 0.68149 0.82522
vt 0.69649 0.83034
vt 0.69739 0.84907
vt 0.68768 0.84551
vt 0.69649 0.83034
vt 0.78245 0.71846
vt 0.79351 0.69151
vt 0.80203 0.71168
vt 0.51051 0.60751
vt 0.48915 0.59969
vt 0.50035 0.59709
vt 0.29712 0.96064
vt 0.29839 0.94589
vt 0.32007 0.95871
vt 0.61598 0.84111
vt 0.60714 0.83229
vt 0.63607 0.82615
vt 0.65315 0.83708
vt 0.63607 0.82615
vt 0.65533 0.82511
vt 0.66509 0.82650
vt 0.68149 0.82522
vt 0.68768 0.84551
vt 0.77293 0.73174
vt 0.78245 0.71846
vt 0.79078 0.72549
vt 0.80203 0.71168
vt 0.79078 0.72549
vt 0.78245 0.71846
vt 0.33961 0.96131
vt 0.33745 0.94590
vt 0.34999 0.96000
vt 0.68149 0.82522
vt 0.66509 0.82650
vt 0.67563 0.82166
vt 0.48401 0.61064
vt 0.48915 0.59969
vt 0.48895 0.61660
vt 0.77837 0.70339
vt 0.79351 0.69151
vt 0.78245 0.71846
vt 0.74913 0.73982
vt 0.74458 0.72576
vt 0.75870 0.73733
vt 0.33745 0.94590
vt 0.35400 0.93248
vt 0.34949 0.94647
vt 0.73677 0.74560
vt 0.74458 0.72576
vt 0.74913 0.73982
vt 0.74458 0.72576
vt 0.75558 0.71885
vt 0.75870 0.73733
vt 0.75558 0.71885
vt 0.76986 0.70864
vt 0.78245 0.71846
vt 0.33268 0.65461
vt 0.33052 0.66828
vt 0.30941 0.65935
vt 0.07678 0.66138
vt 0.09157 0.68140
vt 0.08174 0.68843
vt 0.30039 0.63488
vt 0.31751 0.62018
vt 0.31904 0.63403
vt 0.74458 0.72576
vt 0.73677 0.74560
vt 0.72554 0.72738
vt 0.74725 0.54053
vt 0.74881 0.55844
vt 0.73419 0.54779
vt 0.73718 0.53075
vt 0.73419 0.54779
vt 0.72696 0.53491
vt 0.28016 0.66529
vt 0.29983 0.67334
vt 0.28763 0.67509
vt 0.61433 0.01346
vt 0.61424 0.00291
vt 0.62686 0.01359
vt 0.32179 0.91684
vt 0.32091 0.93591
vt 0.30151 0.92362
vt 0.32091 0.93591
vt 0.32179 0.91684
vt 0.33464 0.91907
vt 0.73677 0.74560
vt 0.72351 0.74432
vt 0.72554 0.72738
vt 0.74881 0.55844
vt 0.72573 0.55633
vt 0.73419 0.54779
vt 0.30941 0.65935
vt 0.28016 0.66529
vt 0.30073 0.65449
vt 0.30039 0.63488
vt 0.30073 0.65449
vt 0.27263 0.64970
vt 0.93832 0.81944
vt 0.91671 0.81438
vt 0.92900 0.80757
vt 0.93832 0.81944
vt 0.92900 0.80757
vt 0.94058 0.79733
vt 0.92900 0.80757
vt 0.92428 0.79296
vt 0.94058 0.79733
vt 0.72554 0.72738
vt 0.72351 0.74432
vt 0.71376 0.73931
vt 0.08174 0.68843
vt 0.10111 0.70367
vt 0.08502 0.70681
vt 0.40601 0.65607
vt 0.41939 0.67095
vt 0.40078 0.67949
vt 0.35625 0.72017
vt 0.38387 0.69524
vt 0.38968 0.72341
vt 0.35625 0.72017
vt 0.38968 0.72341
vt 0.39030 0.74961
vt 0.42377 0.72950
vt 0.43186 0.74255
vt 0.40766 0.73579
vt 0.29693 0.34592
vt 0.28759 0.37984
vt 0.27780 0.36037
vt 0.43186 0.74255
vt 0.41122 0.76550
vt 0.40766 0.73579
vt 0.39030 0.74961
vt 0.40766 0.73579
vt 0.41122 0.76550
vt 0.31045 0.29951
vt 0.27972 0.28656
vt 0.30632 0.27881
vt 0.83529 0.61923
vt 0.82154 0.61387
vt 0.83152 0.61218
vt 0.79975 0.11555
vt 0.80351 0.14900
vt 0.76582 0.13895
vt 0.34105 0.70839
vt 0.38387 0.69524
vt 0.35625 0.72017
vt 0.28079 0.33220
vt 0.27972 0.28656
vt 0.31045 0.29951
vt 0.33796 0.67218
vt 0.35541 0.66818
vt 0.33283 0.68881
vt 0.26948 0.37336
vt 0.26960 0.35170
vt 0.27780 0.36037
vt 0.27780 0.36037
vt 0.26960 0.35170
vt 0.28079 0.33220
vt 0.33727 0.72626
vt 0.36786 0.75718
vt 0.33533 0.74847
vt 0.28079 0.33220
vt 0.26457 0.30623
vt 0.27972 0.28656
vt 0.26457 0.30623
vt 0.26195 0.29053
vt 0.27972 0.28656
vt 0.33533 0.74847
vt 0.36786 0.75718
vt 0.32809 0.76243
vt 0.55122 0.54943
vt 0.56412 0.58133
vt 0.53131 0.60294
vt 0.51929 0.58388
vt 0.55122 0.54943
vt 0.53131 0.60294
vt 0.32809 0.76243
vt 0.33995 0.78308
vt 0.32826 0.78069
vt 0.57471 0.54634
vt 0.57150 0.56223
vt 0.55122 0.54943
vt 0.55122 0.54943
vt 0.56428 0.51960
vt 0.57471 0.54634
vt 0.53009 0.53925
vt 0.55079 0.53218
vt 0.55122 0.54943
vt 0.55122 0.54943
vt 0.55079 0.53218
vt 0.56428 0.51960
vt 0.33573 0.63908
vt 0.31904 0.63403
vt 0.32810 0.62296
vt 0.50343 0.55380
vt 0.53009 0.53925
vt 0.51929 0.58388
vt 0.56216 0.50200
vt 0.56428 0.51960
vt 0.55079 0.53218
vt 0.33291 0.59777
vt 0.32357 0.58977
vt 0.33453 0.56978
vt 0.31751 0.62018
vt 0.30149 0.59451
vt 0.32357 0.58977
vt 0.50457 0.52716
vt 0.51387 0.49806
vt 0.53009 0.53925
vt 0.31645 0.57021
vt 0.33453 0.56978
vt 0.32357 0.58977
vt 0.53009 0.53925
vt 0.51387 0.49806
vt 0.56216 0.50200
vt 0.06307 0.61704
vt 0.11636 0.63363
vt 0.10036 0.65199
vt 0.01818 0.60926
vt 0.06307 0.61704
vt 0.03612 0.65015
vt 0.06307 0.61704
vt 0.10036 0.65199
vt 0.06387 0.64453
vt 0.59494 0.51831
vt 0.57766 0.48561
vt 0.59660 0.47820
vt 0.57943 0.51574
vt 0.57766 0.48561
vt 0.59494 0.51831
vt 0.59660 0.47820
vt 0.57766 0.48561
vt 0.58482 0.45255
vt 0.56216 0.50200
vt 0.57766 0.48561
vt 0.57943 0.51574
vt 0.01818 0.60926
vt 0.00538 0.64258
vt 0.00390 0.62355
vt 0.00538 0.64258
vt 0.01818 0.60926
vt 0.03612 0.65015
vt 0.56216 0.50200
vt 0.55555 0.47955
vt 0.57766 0.48561
vt 0.03612 0.65015
vt 0.00891 0.65905
vt 0.00538 0.64258
vt 0.56562 0.43244
vt 0.58482 0.45255
vt 0.57766 0.48561
vt 0.04207 0.58443
vt 0.02570 0.55155
vt 0.05858 0.55352
vt 0.51051 0.60751
vt 0.53131 0.60294
vt 0.53132 0.61794
vt 0.39739 0.78250
vt 0.41122 0.76550
vt 0.40920 0.78323
vt 0.36173 0.78218
vt 0.36786 0.75718
vt 0.38582 0.78032
vt 0.33995 0.78308
vt 0.36786 0.75718
vt 0.36173 0.78218
vt 0.55122 0.54943
vt 0.57150 0.56223
vt 0.56412 0.58133
vt 0.27972 0.28656
vt 0.26038 0.26652
vt 0.27678 0.26069
vt 0.57471 0.54634
vt 0.57943 0.51574
vt 0.58637 0.55006
vt 0.70147 0.93210
vt 0.68600 0.92457
vt 0.68884 0.91474
vt 0.69383 0.88193
vt 0.71039 0.90384
vt 0.67420 0.89991
vt 0.71039 0.90384
vt 0.68884 0.91474
vt 0.67420 0.89991
vt 0.68000 0.87726
vt 0.67420 0.89991
vt 0.65947 0.89420
vt 0.68884 0.91474
vt 0.67543 0.92564
vt 0.67420 0.89991
vt 0.43898 0.64977
vt 0.45637 0.64442
vt 0.46291 0.66396
vt 0.45637 0.64442
vt 0.43898 0.64977
vt 0.44540 0.62620
vt 0.43898 0.64977
vt 0.41748 0.63636
vt 0.44540 0.62620
vt 0.44540 0.62620
vt 0.41748 0.63636
vt 0.42486 0.61467
vt 0.78929 0.52776
vt 0.78799 0.55978
vt 0.76677 0.53837
vt 0.27543 0.18254
vt 0.27435 0.20985
vt 0.26682 0.20764
vt 0.78799 0.55978
vt 0.80379 0.53408
vt 0.81402 0.55550
vt 0.80379 0.53408
vt 0.78799 0.55978
vt 0.78929 0.52776
vt 0.76677 0.53837
vt 0.75119 0.52003
vt 0.78590 0.50642
vt 0.78590 0.50642
vt 0.74532 0.49756
vt 0.77046 0.47736
vt 0.64603 0.91550
vt 0.66146 0.93021
vt 0.65137 0.92747
vt 0.78590 0.50642
vt 0.79901 0.49265
vt 0.79293 0.50779
vt 0.74532 0.49756
vt 0.75264 0.47911
vt 0.77046 0.47736
vt 0.78590 0.50642
vt 0.78595 0.48138
vt 0.79901 0.49265
vt 0.77046 0.47736
vt 0.78595 0.48138
vt 0.78590 0.50642
vt 0.39729 0.63202
vt 0.38535 0.62224
vt 0.39664 0.61373
vt 0.75264 0.47911
vt 0.74532 0.49756
vt 0.73135 0.46982
vt 0.77046 0.47736
vt 0.75264 0.47911
vt 0.75026 0.46788
vt 0.75264 0.47911
vt 0.73135 0.46982
vt 0.75026 0.46788
vt 0.37772 0.61160
vt 0.35394 0.61098
vt 0.35400 0.60070
vt 0.42486 0.61467
vt 0.39664 0.61373
vt 0.38758 0.58844
vt 0.37772 0.61160
vt 0.38758 0.58844
vt 0.39664 0.61373
vt 0.38758 0.58844
vt 0.35400 0.60070
vt 0.36291 0.57958
vt 0.36282 0.96104
vt 0.36807 0.97966
vt 0.35422 0.97313
vt 0.09126 0.00473
vt 0.07696 0.02260
vt 0.07737 0.01105
vt 0.49423 0.66175
vt 0.49625 0.67451
vt 0.48252 0.66762
vt 0.09327 0.02225
vt 0.07696 0.02260
vt 0.09126 0.00473
vt 0.34467 0.88667
vt 0.34912 0.85824
vt 0.35800 0.87709
vt 0.49625 0.67451
vt 0.47789 0.68133
vt 0.48252 0.66762
vt 0.35752 0.89243
vt 0.34467 0.88667
vt 0.35800 0.87709
vt 0.97278 0.48786
vt 0.97081 0.47665
vt 0.98374 0.49175
vt 0.98374 0.49175
vt 0.98806 0.45982
vt 0.99489 0.48043
vt 0.97544 0.02772
vt 0.98473 0.03690
vt 0.96547 0.04777
vt 0.98473 0.03690
vt 0.98012 0.05137
vt 0.96547 0.04777
vt 0.10054 0.01875
vt 0.09327 0.02225
vt 0.10080 0.01342
vt 0.10080 0.01342
vt 0.09126 0.00473
vt 0.10314 0.00452
vt 0.48153 0.70115
vt 0.46496 0.69153
vt 0.47789 0.68133
vt 0.47789 0.68133
vt 0.46496 0.69153
vt 0.46963 0.67206
vt 0.97081 0.47665
vt 0.96385 0.46299
vt 0.97373 0.45369
vt 0.98806 0.45982
vt 0.97081 0.47665
vt 0.97373 0.45369
vt 0.45712 0.67065
vt 0.46963 0.67206
vt 0.46496 0.69153
vt 0.35323 0.84292
vt 0.34912 0.85824
vt 0.32727 0.85055
vt 0.35452 0.84660
vt 0.36678 0.85488
vt 0.34912 0.85824
vt 0.97373 0.45369
vt 0.98165 0.43540
vt 0.98806 0.45982
vt 0.35323 0.84292
vt 0.32727 0.85055
vt 0.34758 0.82752
vt 0.29308 0.68347
vt 0.30338 0.69937
vt 0.29056 0.68971
vt 0.29056 0.68971
vt 0.30338 0.69937
vt 0.29686 0.69874
vt 0.45695 0.70004
vt 0.44980 0.69389
vt 0.46496 0.69153
vt 0.46496 0.69153
vt 0.44980 0.69389
vt 0.44361 0.68135
vt 0.45712 0.67065
vt 0.46496 0.69153
vt 0.44361 0.68135
vt 0.34758 0.82752
vt 0.36740 0.82802
vt 0.35323 0.84292
vt 0.36740 0.82802
vt 0.34758 0.82752
vt 0.36429 0.81444
vt 0.30870 0.67757
vt 0.31689 0.68510
vt 0.30338 0.69937
vt 0.30338 0.69937
vt 0.29308 0.68347
vt 0.30870 0.67757
vt 0.95912 0.44430
vt 0.97373 0.45369
vt 0.96385 0.46299
vt 0.43600 0.66618
vt 0.45712 0.67065
vt 0.44361 0.68135
vt 0.32062 0.69737
vt 0.30987 0.70797
vt 0.31689 0.68510
vt 0.31256 0.71322
vt 0.30987 0.70797
vt 0.32069 0.70875
vt 0.95912 0.44430
vt 0.98165 0.43540
vt 0.97373 0.45369
vt 0.30870 0.67757
vt 0.32558 0.67492
vt 0.31689 0.68510
vt 0.98315 0.65556
vt 0.98134 0.67420
vt 0.97069 0.66144
vt 0.96039 0.43286
vt 0.96986 0.42455
vt 0.98165 0.43540
vt 0.96986 0.42455
vt 0.98149 0.42015
vt 0.98165 0.43540
vt 0.95582 0.67239
vt 0.98134 0.67420
vt 0.97388 0.69042
vt 0.84424 0.01015
vt 0.84819 0.01891
vt 0.84049 0.02183
vt 0.98134 0.67420
vt 0.98315 0.65556
vt 0.99453 0.65785
vt 0.50389 0.74034
vt 0.50227 0.72083
vt 0.52219 0.72590
vt 0.54255 0.75057
vt 0.54772 0.73062
vt 0.57300 0.72935
vt 0.52219 0.72590
vt 0.54223 0.70751
vt 0.54772 0.73062
vt 0.71039 0.90384
vt 0.72198 0.92989
vt 0.70147 0.93210
vt 0.27407 0.86307
vt 0.26544 0.88292
vt 0.26257 0.86471
vt 0.68884 0.91474
vt 0.71039 0.90384
vt 0.70147 0.93210
vt 0.31677 0.88598
vt 0.30657 0.86036
vt 0.32727 0.85055
vt 0.30657 0.86036
vt 0.28574 0.85662
vt 0.30230 0.84304
vt 0.70899 0.87257
vt 0.69383 0.88193
vt 0.69911 0.87100
vt 0.26748 0.84076
vt 0.28574 0.85662
vt 0.27407 0.86307
vt 0.28574 0.85662
vt 0.26748 0.84076
vt 0.28217 0.83970
vt 0.32727 0.85055
vt 0.30230 0.84304
vt 0.32110 0.82687
vt 0.28522 0.81316
vt 0.29453 0.82230
vt 0.28217 0.83970
vt 0.28217 0.83970
vt 0.26748 0.84076
vt 0.26222 0.81516
vt 0.45637 0.64442
vt 0.46816 0.63043
vt 0.47995 0.65294
vt 0.31879 0.80681
vt 0.32110 0.82687
vt 0.29453 0.82230
vt 0.45637 0.64442
vt 0.44540 0.62620
vt 0.46816 0.63043
vt 0.32110 0.82687
vt 0.34366 0.80991
vt 0.34758 0.82752
vt 0.46486 0.60724
vt 0.46816 0.63043
vt 0.44540 0.62620
vt 0.28522 0.81316
vt 0.31879 0.80681
vt 0.29453 0.82230
vt 0.31879 0.80681
vt 0.28522 0.81316
vt 0.30227 0.79662
vt 0.30227 0.79662
vt 0.28522 0.81316
vt 0.29045 0.79305
vt 0.28522 0.81316
vt 0.27659 0.79702
vt 0.29045 0.79305
vt 0.27619 0.79679
vt 0.26122 0.79518
vt 0.26669 0.78658
vt 0.36759 0.53252
vt 0.34715 0.53970
vt 0.34911 0.51417
vt 0.45038 0.59605
vt 0.47628 0.57637
vt 0.46486 0.60724
vt 0.38547 0.51729
vt 0.36759 0.53252
vt 0.34911 0.51417
vt 0.38547 0.51729
vt 0.39552 0.50071
vt 0.41080 0.51802
vt 0.52219 0.72590
vt 0.50227 0.72083
vt 0.51320 0.70053
vt 0.45038 0.59605
vt 0.42114 0.57081
vt 0.46056 0.57350
vt 0.47628 0.57637
vt 0.45038 0.59605
vt 0.46056 0.57350
vt 0.27543 0.18254
vt 0.24787 0.18610
vt 0.25900 0.15179
vt 0.23623 0.12049
vt 0.16574 0.19708
vt 0.14695 0.11648
vt 0.39318 0.56305
vt 0.38758 0.58844
vt 0.37436 0.57081
vt 0.42486 0.61467
vt 0.38758 0.58844
vt 0.42114 0.57081
vt 0.38758 0.58844
vt 0.39318 0.56305
vt 0.42114 0.57081
vt 0.37436 0.57081
vt 0.38637 0.55406
vt 0.39318 0.56305
vt 0.94137 0.08093
vt 0.93814 0.05825
vt 0.95517 0.07300
vt 0.07453 0.47627
vt 0.08236 0.46393
vt 0.08846 0.48183
vt 0.08846 0.48183
vt 0.11632 0.46686
vt 0.11378 0.49088
vt 0.68468 0.00394
vt 0.68895 0.01328
vt 0.68598 0.01687
vt 0.08776 0.45105
vt 0.11632 0.46686
vt 0.08846 0.48183
vt 0.11632 0.46686
vt 0.14303 0.45097
vt 0.15483 0.46702
vt 0.95555 0.04554
vt 0.95829 0.06042
vt 0.93814 0.05825
vt 0.10590 0.44621
vt 0.12492 0.44825
vt 0.11632 0.46686
vt 0.11632 0.46686
vt 0.12492 0.44825
vt 0.14303 0.45097
vt 0.92753 0.04409
vt 0.93814 0.05825
vt 0.92244 0.05431
vt 0.07873 0.45516
vt 0.08413 0.44021
vt 0.08776 0.45105
vt 0.94162 0.04245
vt 0.93814 0.05825
vt 0.92753 0.04409
vt 0.98708 0.44063
vt 0.98165 0.43540
vt 0.99470 0.43211
vt 0.10590 0.44621
vt 0.09349 0.43533
vt 0.11814 0.43135
vt 0.12492 0.44825
vt 0.11814 0.43135
vt 0.13709 0.43268
vt 0.98165 0.43540
vt 0.98149 0.42015
vt 0.99771 0.42284
vt 0.93059 0.03628
vt 0.93605 0.02735
vt 0.94162 0.04245
vt 0.94162 0.04245
vt 0.93605 0.02735
vt 0.95306 0.03394
vt 0.94135 0.68680
vt 0.95858 0.69405
vt 0.94346 0.70328
vt 0.94126 0.01002
vt 0.95629 0.01691
vt 0.95306 0.03394
vt 0.62333 0.64234
vt 0.62028 0.66301
vt 0.61172 0.65041
vt 0.11814 0.43135
vt 0.10838 0.42379
vt 0.12566 0.41884
vt 0.98134 0.67420
vt 0.99073 0.69483
vt 0.97388 0.69042
vt 0.93230 0.01636
vt 0.94126 0.01002
vt 0.93605 0.02735
vt 0.97441 0.70485
vt 0.96629 0.71859
vt 0.95858 0.69405
vt 0.62333 0.64234
vt 0.63805 0.66257
vt 0.62028 0.66301
vt 0.11814 0.43135
vt 0.12566 0.41884
vt 0.13909 0.41710
vt 0.94346 0.70328
vt 0.95152 0.72754
vt 0.93959 0.72361
vt 0.95858 0.69405
vt 0.95152 0.72754
vt 0.94346 0.70328
vt 0.95858 0.69405
vt 0.96629 0.71859
vt 0.95152 0.72754
vt 0.94126 0.01002
vt 0.94869 0.00590
vt 0.95629 0.01691
vt 0.62333 0.64234
vt 0.63116 0.62537
vt 0.63594 0.63764
vt 0.62028 0.66301
vt 0.63805 0.66257
vt 0.63022 0.67550
vt 0.63022 0.67550
vt 0.61550 0.66931
vt 0.62028 0.66301
vt 0.56273 0.75610
vt 0.57300 0.72935
vt 0.57573 0.75598
vt 0.97441 0.70485
vt 0.99073 0.69483
vt 0.98957 0.71635
vt 0.98957 0.71635
vt 0.96629 0.71859
vt 0.97441 0.70485
vt 0.61550 0.66931
vt 0.63022 0.67550
vt 0.62218 0.69051
vt 0.13909 0.41710
vt 0.13941 0.40379
vt 0.15852 0.40459
vt 0.96629 0.71859
vt 0.98957 0.71635
vt 0.97751 0.73464
vt 0.64699 0.62984
vt 0.65116 0.64447
vt 0.63594 0.63764
vt 0.97751 0.73464
vt 0.97362 0.74687
vt 0.96106 0.73678
vt 0.65116 0.64447
vt 0.65163 0.65807
vt 0.63594 0.63764
vt 0.65116 0.64447
vt 0.66375 0.65248
vt 0.65163 0.65807
vt 0.65512 0.68224
vt 0.62218 0.69051
vt 0.63022 0.67550
vt 0.62218 0.69051
vt 0.64103 0.70458
vt 0.62774 0.69878
vt 0.62774 0.69878
vt 0.64103 0.70458
vt 0.63461 0.71630
vt 0.15166 0.50396
vt 0.13146 0.49881
vt 0.16307 0.49054
vt 0.18813 0.51036
vt 0.16307 0.49054
vt 0.18932 0.47774
vt 0.15483 0.46702
vt 0.16307 0.49054
vt 0.13146 0.49881
vt 0.18813 0.51036
vt 0.18932 0.47774
vt 0.21746 0.50202
vt 0.16307 0.49054
vt 0.15483 0.46702
vt 0.18932 0.47774
vt 0.23389 0.48536
vt 0.21746 0.50202
vt 0.21365 0.46520
vt 0.21746 0.50202
vt 0.23389 0.48536
vt 0.23975 0.49672
vt 0.18932 0.47774
vt 0.15483 0.46702
vt 0.17113 0.44992
vt 0.18932 0.47774
vt 0.20642 0.44195
vt 0.21365 0.46520
vt 0.87249 0.96360
vt 0.88864 0.96723
vt 0.88182 0.97040
vt 0.17811 0.43394
vt 0.18643 0.42051
vt 0.20642 0.44195
vt 0.50237 0.92303
vt 0.51015 0.94678
vt 0.49583 0.94830
vt 0.96617 0.00358
vt 0.97432 0.00720
vt 0.96473 0.00930
vt 0.50638 0.96562
vt 0.49062 0.97023
vt 0.48126 0.94877
vt 0.21599 0.41628
vt 0.22966 0.43518
vt 0.20642 0.44195
vt 0.49062 0.97023
vt 0.47038 0.95959
vt 0.48126 0.94877
vt 0.21599 0.41628
vt 0.25210 0.42354
vt 0.22966 0.43518
vt 0.17454 0.42386
vt 0.15852 0.40459
vt 0.18320 0.40518
vt 0.18320 0.40518
vt 0.21599 0.41628
vt 0.18643 0.42051
vt 0.25210 0.42354
vt 0.21599 0.41628
vt 0.24912 0.40947
vt 0.13146 0.49881
vt 0.11632 0.46686
vt 0.15483 0.46702
vt 0.14303 0.45097
vt 0.17113 0.44992
vt 0.15483 0.46702
vt 0.13709 0.43268
vt 0.15575 0.42807
vt 0.14303 0.45097
vt 0.17113 0.44992
vt 0.14303 0.45097
vt 0.15575 0.42807
vt 0.17454 0.42386
vt 0.17811 0.43394
vt 0.15575 0.42807
vt 0.13709 0.43268
vt 0.13909 0.41710
vt 0.15575 0.42807
vt 0.45894 0.07501
vt 0.50519 0.01982
vt 0.53882 0.09814
vt 0.45619 0.54066
vt 0.47628 0.57637
vt 0.46056 0.57350
vt 0.44180 0.55115
vt 0.45619 0.54066
vt 0.46056 0.57350
vt 0.36197 0.48512
vt 0.34911 0.51417
vt 0.34288 0.48316
vt 0.47831 0.54991
vt 0.47628 0.57637
vt 0.45619 0.54066
vt 0.54867 0.64964
vt 0.52747 0.66456
vt 0.52323 0.64554
vt 0.54700 0.68525
vt 0.52747 0.66456
vt 0.54867 0.64964
vt 0.53343 0.63146
vt 0.54867 0.64964
vt 0.52323 0.64554
vt 0.58098 0.67983
vt 0.56049 0.70037
vt 0.54700 0.68525
vt 0.58098 0.67983
vt 0.54700 0.68525
vt 0.56762 0.65556
vt 0.56762 0.65556
vt 0.54700 0.68525
vt 0.54867 0.64964
vt 0.47545 0.53552
vt 0.46070 0.51591
vt 0.47892 0.51701
vt 0.46070 0.51591
vt 0.47838 0.49011
vt 0.47892 0.51701
vt 0.55101 0.62173
vt 0.56945 0.60907
vt 0.57258 0.62009
vt 0.42114 0.57081
vt 0.39318 0.56305
vt 0.40900 0.54028
vt 0.40900 0.54028
vt 0.41882 0.52700
vt 0.42816 0.52684
vt 0.18277 0.08495
vt 0.14695 0.11648
vt 0.16620 0.08108
vt 0.41882 0.52700
vt 0.42255 0.50923
vt 0.42816 0.52684
vt 0.45619 0.54066
vt 0.45685 0.50043
vt 0.46070 0.51591
vt 0.42816 0.52684
vt 0.45685 0.50043
vt 0.45619 0.54066
vt 0.42996 0.49550
vt 0.45685 0.50043
vt 0.42816 0.52684
vt 0.42996 0.49550
vt 0.42816 0.52684
vt 0.42255 0.50923
vt 0.16620 0.08108
vt 0.14695 0.11648
vt 0.15405 0.07302
vt 0.47838 0.49011
vt 0.46070 0.51591
vt 0.45685 0.50043
vt 0.14121 0.06098
vt 0.15405 0.07302
vt 0.10304 0.07781
vt 0.45685 0.50043
vt 0.43712 0.48177
vt 0.47838 0.49011
vt 0.46197 0.45594
vt 0.47838 0.49011
vt 0.43712 0.48177
vt 0.65163 0.65807
vt 0.66375 0.65248
vt 0.66285 0.66345
vt 0.59803 0.72555
vt 0.60234 0.75138
vt 0.58920 0.75058
vt 0.97751 0.73464
vt 0.99247 0.74507
vt 0.97362 0.74687
vt 0.63805 0.66257
vt 0.65163 0.65807
vt 0.65512 0.68224
vt 0.66285 0.66345
vt 0.65512 0.68224
vt 0.65163 0.65807
vt 0.59803 0.72555
vt 0.58920 0.75058
vt 0.57300 0.72935
vt 0.61355 0.75121
vt 0.60234 0.75138
vt 0.59803 0.72555
vt 0.98644 0.75557
vt 0.97362 0.74687
vt 0.99247 0.74507
vt 0.66375 0.65248
vt 0.67997 0.65603
vt 0.66285 0.66345
vt 0.58624 0.70253
vt 0.59803 0.72555
vt 0.57300 0.72935
vt 0.61355 0.75121
vt 0.59803 0.72555
vt 0.61902 0.74540
vt 0.66285 0.66345
vt 0.67997 0.65603
vt 0.68303 0.67188
vt 0.68303 0.67188
vt 0.67997 0.65603
vt 0.69000 0.65697
vt 0.65512 0.68224
vt 0.65676 0.72683
vt 0.64103 0.70458
vt 0.65676 0.72683
vt 0.65512 0.68224
vt 0.68600 0.71522
vt 0.65512 0.68224
vt 0.68366 0.68767
vt 0.68600 0.71522
vt 0.61327 0.72472
vt 0.59803 0.72555
vt 0.60370 0.70463
vt 0.58624 0.70253
vt 0.60370 0.70463
vt 0.59803 0.72555
vt 0.92875 0.19373
vt 0.92732 0.21481
vt 0.91439 0.20190
vt 0.92732 0.21481
vt 0.91873 0.22227
vt 0.91439 0.20190
vt 0.92264 0.17284
vt 0.91439 0.20190
vt 0.89621 0.18759
vt 0.69162 0.68479
vt 0.69393 0.70104
vt 0.68366 0.68767
vt 0.87415 0.17740
vt 0.87896 0.16492
vt 0.89428 0.16741
vt 0.91043 0.54616
vt 0.90049 0.55888
vt 0.89982 0.53764
vt 0.69393 0.70104
vt 0.69519 0.71879
vt 0.68600 0.71522
vt 0.89199 0.20900
vt 0.89621 0.18759
vt 0.91439 0.20190
vt 0.88602 0.56255
vt 0.90049 0.55888
vt 0.88348 0.57252
vt 0.91873 0.22227
vt 0.90085 0.22523
vt 0.89199 0.20900
vt 0.87057 0.20388
vt 0.87415 0.17740
vt 0.89621 0.18759
vt 0.90109 0.58630
vt 0.90901 0.56351
vt 0.91365 0.57763
vt 0.90085 0.22523
vt 0.88868 0.22417
vt 0.89199 0.20900
vt 0.85678 0.16921
vt 0.87415 0.17740
vt 0.84514 0.18308
vt 0.84439 0.17087
vt 0.85678 0.16921
vt 0.84514 0.18308
vt 0.60513 0.79212
vt 0.59270 0.80226
vt 0.59591 0.77089
vt 0.91342 0.59382
vt 0.90109 0.58630
vt 0.91365 0.57763
vt 0.82972 0.16693
vt 0.84439 0.17087
vt 0.82672 0.17745
vt 0.83973 0.20763
vt 0.84514 0.18308
vt 0.87057 0.20388
vt 0.82685 0.19250
vt 0.84514 0.18308
vt 0.83973 0.20763
vt 0.57300 0.72935
vt 0.56049 0.70037
vt 0.58624 0.70253
vt 0.58624 0.70253
vt 0.58098 0.67983
vt 0.60202 0.68267
vt 0.60202 0.68267
vt 0.60370 0.70463
vt 0.58624 0.70253
vt 0.58773 0.63909
vt 0.58098 0.67983
vt 0.56762 0.65556
vt 0.58773 0.63909
vt 0.56762 0.65556
vt 0.57258 0.62009
vt 0.59876 0.66924
vt 0.58773 0.63909
vt 0.60291 0.65084
vt 0.91873 0.22227
vt 0.92342 0.24164
vt 0.90199 0.24279
vt 0.59445 0.60052
vt 0.57258 0.62009
vt 0.56945 0.60907
vt 0.90085 0.22523
vt 0.91873 0.22227
vt 0.90199 0.24279
vt 0.58214 0.81318
vt 0.56831 0.80388
vt 0.59270 0.80226
vt 0.49992 0.38443
vt 0.47792 0.38799
vt 0.47616 0.36939
vt 0.50616 0.37513
vt 0.47616 0.36939
vt 0.48870 0.34612
vt 0.56329 0.77461
vt 0.59591 0.77089
vt 0.59270 0.80226
vt 0.51160 0.35832
vt 0.50616 0.37513
vt 0.48870 0.34612
vt 0.56831 0.80388
vt 0.55729 0.78889
vt 0.56329 0.77461
vt 0.56329 0.77461
vt 0.59270 0.80226
vt 0.56831 0.80388
vt 0.10304 0.07781
vt 0.14695 0.11648
vt 0.09144 0.17897
vt 0.15405 0.07302
vt 0.14695 0.11648
vt 0.10304 0.07781
vt 0.10954 0.04593
vt 0.14121 0.06098
vt 0.10304 0.07781
vt 0.46197 0.45594
vt 0.48111 0.45026
vt 0.48014 0.47035
vt 0.18983 0.39451
vt 0.21599 0.41628
vt 0.18320 0.40518
vt 0.40160 0.84617
vt 0.41697 0.83827
vt 0.41417 0.84699
vt 0.21357 0.39119
vt 0.18983 0.39451
vt 0.19585 0.38485
vt 0.21357 0.39119
vt 0.22917 0.38463
vt 0.21599 0.41628
vt 0.25046 0.38873
vt 0.25824 0.39863
vt 0.24912 0.40947
vt 0.21822 0.37700
vt 0.23270 0.37654
vt 0.22917 0.38463
vt 0.69042 0.03505
vt 0.67279 0.04405
vt 0.69321 0.02624
vt 0.28759 0.37984
vt 0.26948 0.37336
vt 0.27780 0.36037
vt 0.61297 0.78292
vt 0.63410 0.79833
vt 0.61267 0.80482
vt 0.42829 0.84445
vt 0.44578 0.84329
vt 0.43725 0.85488
vt 0.61297 0.78292
vt 0.62563 0.77459
vt 0.63410 0.79833
vt 0.65192 0.77276
vt 0.63410 0.79833
vt 0.62563 0.77459
vt 0.93192 0.49520
vt 0.93650 0.50727
vt 0.92823 0.50976
vt 0.94278 0.50287
vt 0.93650 0.50727
vt 0.93192 0.49520
vt 0.66113 0.79358
vt 0.64982 0.80686
vt 0.63410 0.79833
vt 0.63410 0.79833
vt 0.64982 0.80686
vt 0.63723 0.81391
vt 0.93192 0.49520
vt 0.94223 0.48445
vt 0.94278 0.50287
vt 0.72658 0.76759
vt 0.73883 0.75944
vt 0.73821 0.77947
vt 0.88167 0.45632
vt 0.90873 0.44408
vt 0.90128 0.46213
vt 0.92318 0.45464
vt 0.94458 0.46828
vt 0.94223 0.48445
vt 0.15852 0.40459
vt 0.17981 0.39778
vt 0.18320 0.40518
vt 0.17981 0.39778
vt 0.18983 0.39451
vt 0.18320 0.40518
vt 0.63461 0.71630
vt 0.64103 0.70458
vt 0.65676 0.72683
vt 0.62374 0.73310
vt 0.63461 0.71630
vt 0.64001 0.74247
vt 0.63461 0.71630
vt 0.65676 0.72683
vt 0.64001 0.74247
vt 0.62753 0.76586
vt 0.62335 0.75301
vt 0.64001 0.74247
vt 0.65676 0.72683
vt 0.65504 0.75322
vt 0.64001 0.74247
vt 0.65192 0.77276
vt 0.62753 0.76586
vt 0.64001 0.74247
vt 0.64001 0.74247
vt 0.65504 0.75322
vt 0.65192 0.77276
vt 0.65676 0.72683
vt 0.67209 0.76203
vt 0.65504 0.75322
vt 0.69240 0.72668
vt 0.67894 0.73075
vt 0.68600 0.71522
vt 0.65504 0.75322
vt 0.67209 0.76203
vt 0.65192 0.77276
vt 0.63410 0.79833
vt 0.65192 0.77276
vt 0.66113 0.79358
vt 0.69352 0.74436
vt 0.67209 0.76203
vt 0.67894 0.73075
vt 0.67209 0.76203
vt 0.66113 0.79358
vt 0.65192 0.77276
vt 0.90109 0.58630
vt 0.88716 0.58903
vt 0.88348 0.57252
vt 0.69352 0.74436
vt 0.70275 0.76433
vt 0.67209 0.76203
vt 0.33283 0.68881
vt 0.35541 0.66818
vt 0.34105 0.70839
vt 0.67828 0.78805
vt 0.67140 0.79417
vt 0.66113 0.79358
vt 0.88167 0.45632
vt 0.87103 0.45245
vt 0.89061 0.43994
vt 0.87085 0.43759
vt 0.89061 0.43994
vt 0.87103 0.45245
vt 0.70430 0.77613
vt 0.69964 0.78520
vt 0.70275 0.76433
vt 0.67828 0.78805
vt 0.69964 0.78520
vt 0.68327 0.79116
vt 0.90128 0.46213
vt 0.92318 0.45464
vt 0.91140 0.47655
vt 0.91140 0.47655
vt 0.92318 0.45464
vt 0.92371 0.47729
vt 0.89628 0.60584
vt 0.89147 0.59473
vt 0.90109 0.58630
vt 0.90873 0.44408
vt 0.88167 0.45632
vt 0.89061 0.43994
vt 0.91342 0.59382
vt 0.89628 0.60584
vt 0.90109 0.58630
vt 0.86882 0.43004
vt 0.87720 0.42966
vt 0.87085 0.43759
vt 0.89061 0.43994
vt 0.87720 0.42966
vt 0.89092 0.42663
vt 0.50519 0.01982
vt 0.45894 0.07501
vt 0.43737 0.02781
vt 0.43737 0.02781
vt 0.45894 0.07501
vt 0.39012 0.03312
vt 0.02306 0.14004
vt 0.02179 0.08922
vt 0.06396 0.07517
vt 0.81589 0.18239
vt 0.82672 0.17745
vt 0.82685 0.19250
vt 0.48870 0.34612
vt 0.52337 0.34435
vt 0.51160 0.35832
vt 0.59591 0.77089
vt 0.56329 0.77461
vt 0.56981 0.76034
vt 0.56791 0.35545
vt 0.54999 0.36599
vt 0.53977 0.34878
vt 0.52337 0.34435
vt 0.48870 0.34612
vt 0.51060 0.31712
vt 0.53977 0.34878
vt 0.52337 0.34435
vt 0.53685 0.31943
vt 0.51060 0.31712
vt 0.53685 0.31943
vt 0.52337 0.34435
vt 0.56791 0.35545
vt 0.55695 0.31943
vt 0.56800 0.32326
vt 0.30176 0.05194
vt 0.32280 0.09203
vt 0.29724 0.06472
vt 0.29724 0.06472
vt 0.32280 0.09203
vt 0.29461 0.07304
vt 0.05939 0.01880
vt 0.02179 0.08922
vt 0.01727 0.02664
vt 0.47981 0.44242
vt 0.46197 0.45594
vt 0.47425 0.43815
vt 0.05939 0.01880
vt 0.06396 0.07517
vt 0.02179 0.08922
vt 0.95053 0.44388
vt 0.95493 0.45444
vt 0.94458 0.46828
vt 0.95053 0.44388
vt 0.93396 0.42113
vt 0.94596 0.42098
vt 0.94596 0.42098
vt 0.95628 0.43396
vt 0.95053 0.44388
vt 0.76581 0.75359
vt 0.77553 0.75224
vt 0.77285 0.77178
vt 0.71133 0.40572
vt 0.68448 0.39970
vt 0.70973 0.38146
vt 0.68448 0.39970
vt 0.69218 0.37874
vt 0.70973 0.38146
vt 0.59594 0.39517
vt 0.60176 0.37687
vt 0.60726 0.39436
vt 0.93396 0.42113
vt 0.95053 0.44388
vt 0.92318 0.45464
vt 0.65692 0.39074
vt 0.67500 0.37474
vt 0.66365 0.39764
vt 0.61711 0.38553
vt 0.60176 0.37687
vt 0.63906 0.37425
vt 0.63906 0.37425
vt 0.60176 0.37687
vt 0.62618 0.35698
vt 0.85164 0.33709
vt 0.81634 0.31285
vt 0.83662 0.30353
vt 0.63906 0.37425
vt 0.62618 0.35698
vt 0.65307 0.35729
vt 0.65692 0.39074
vt 0.63906 0.37425
vt 0.67500 0.37474
vt 0.95628 0.43396
vt 0.94596 0.42098
vt 0.95693 0.41553
vt 0.62618 0.35698
vt 0.60176 0.37687
vt 0.56791 0.35545
vt 0.70913 0.35541
vt 0.69967 0.36642
vt 0.67500 0.37474
vt 0.62618 0.35698
vt 0.62314 0.33272
vt 0.65307 0.35729
vt 0.62618 0.35698
vt 0.58190 0.32504
vt 0.62314 0.33272
vt 0.65307 0.35729
vt 0.62314 0.33272
vt 0.65903 0.32706
vt 0.65307 0.35729
vt 0.65903 0.32706
vt 0.68250 0.33714
vt 0.63298 0.31018
vt 0.62314 0.33272
vt 0.60708 0.31645
vt 0.68250 0.33714
vt 0.65903 0.32706
vt 0.69381 0.31260
vt 0.65903 0.32706
vt 0.62314 0.33272
vt 0.63298 0.31018
vt 0.65903 0.32706
vt 0.68111 0.30081
vt 0.69381 0.31260
vt 0.63298 0.31018
vt 0.64743 0.30428
vt 0.65804 0.30763
vt 0.65804 0.30763
vt 0.65903 0.32706
vt 0.63298 0.31018
vt 0.28760 0.09128
vt 0.32280 0.09203
vt 0.28859 0.11033
vt 0.31218 0.13544
vt 0.40370 0.14259
vt 0.33529 0.16871
vt 0.84035 0.95727
vt 0.82881 0.97454
vt 0.80802 0.96327
vt 0.80802 0.96327
vt 0.80389 0.94625
vt 0.82380 0.94248
vt 0.80950 0.98636
vt 0.78707 0.98009
vt 0.80802 0.96327
vt 0.96222 0.75170
vt 0.96844 0.74815
vt 0.97590 0.76753
vt 0.80802 0.96327
vt 0.82881 0.97454
vt 0.80950 0.98636
vt 0.78707 0.98009
vt 0.80950 0.98636
vt 0.79729 0.98928
vt 0.06236 0.98486
vt 0.05329 0.98359
vt 0.06061 0.95912
vt 0.26446 0.96031
vt 0.26727 0.97025
vt 0.25312 0.97510
vt 0.86044 0.95439
vt 0.84035 0.95727
vt 0.85266 0.94944
vt 0.03715 0.98039
vt 0.04157 0.95483
vt 0.05329 0.98359
vt 0.25312 0.97510
vt 0.26727 0.97025
vt 0.26355 0.98066
vt 0.02839 0.98880
vt 0.01609 0.99414
vt 0.02312 0.97709
vt 0.51951 0.89194
vt 0.51765 0.92083
vt 0.50237 0.92303
vt 0.50596 0.89670
vt 0.51951 0.89194
vt 0.50237 0.92303
vt 0.13392 0.93832
vt 0.12218 0.93877
vt 0.13100 0.93273
vt 0.85548 0.96749
vt 0.87249 0.96360
vt 0.87275 0.97500
vt 0.85548 0.96749
vt 0.87275 0.97500
vt 0.84832 0.98510
vt 0.01821 0.95989
vt 0.00941 0.94446
vt 0.02773 0.94571
vt 0.00941 0.94446
vt 0.02176 0.94005
vt 0.02773 0.94571
vt 0.24939 0.01038
vt 0.24243 0.00754
vt 0.25191 0.00491
vt 0.50596 0.89670
vt 0.50237 0.92303
vt 0.48703 0.89376
vt 0.48703 0.89376
vt 0.48144 0.87839
vt 0.49713 0.87324
vt 0.00424 0.97137
vt 0.00172 0.95210
vt 0.00941 0.94446
vt 0.02176 0.94005
vt 0.00941 0.94446
vt 0.01349 0.94042
vt 0.50237 0.92303
vt 0.49078 0.91002
vt 0.48703 0.89376
vt 0.00941 0.94446
vt 0.00172 0.95210
vt 0.00278 0.93976
vt 0.00532 0.93276
vt 0.01673 0.93277
vt 0.00941 0.94446
vt 0.49583 0.94830
vt 0.48441 0.93552
vt 0.50237 0.92303
vt 0.49078 0.91002
vt 0.50237 0.92303
vt 0.48651 0.92081
vt 0.36609 0.92282
vt 0.36030 0.91171
vt 0.36215 0.90068
vt 0.60481 0.01363
vt 0.60030 0.02167
vt 0.59318 0.01462
vt 0.60332 0.00289
vt 0.59318 0.01462
vt 0.58797 0.00293
vt 0.31752 0.04411
vt 0.30968 0.04322
vt 0.31032 0.03003
vt 0.31032 0.03003
vt 0.32391 0.02712
vt 0.33555 0.04311
vt 0.36449 0.88304
vt 0.37058 0.87553
vt 0.38274 0.89706
vt 0.37058 0.87553
vt 0.38041 0.86411
vt 0.39465 0.86706
vt 0.38041 0.86411
vt 0.39071 0.85569
vt 0.39465 0.86706
vt 0.38274 0.89706
vt 0.39035 0.92933
vt 0.36609 0.92282
vt 0.37372 0.93609
vt 0.39035 0.92933
vt 0.38936 0.93763
vt 0.32391 0.02712
vt 0.30589 0.00520
vt 0.32124 0.00677
vt 0.30589 0.00520
vt 0.32391 0.02712
vt 0.31032 0.03003
vt 0.39035 0.92933
vt 0.40454 0.93670
vt 0.38936 0.93763
vt 0.23117 0.78295
vt 0.23124 0.74748
vt 0.26060 0.77857
vt 0.91538 0.82984
vt 0.91491 0.85237
vt 0.90830 0.84803
vt 0.25540 0.99494
vt 0.25312 0.97510
vt 0.25877 0.98878
vt 0.23753 0.98757
vt 0.25312 0.97510
vt 0.24977 0.99625
vt 0.16121 0.89354
vt 0.15114 0.87991
vt 0.15996 0.86700
vt 0.96455 0.58689
vt 0.97369 0.60535
vt 0.96416 0.60363
vt 0.97369 0.60535
vt 0.97449 0.61866
vt 0.96416 0.60363
vt 0.25312 0.97510
vt 0.26355 0.98066
vt 0.25877 0.98878
vt 0.14209 0.90226
vt 0.16121 0.89354
vt 0.15755 0.89951
vt 0.16121 0.89354
vt 0.14209 0.90226
vt 0.15114 0.87991
vt 0.98309 0.59435
vt 0.97369 0.60535
vt 0.96455 0.58689
vt 0.97369 0.60535
vt 0.98309 0.59435
vt 0.98231 0.61896
vt 0.97369 0.60535
vt 0.98231 0.61896
vt 0.97449 0.61866
vt 0.13195 0.87839
vt 0.15114 0.87991
vt 0.14209 0.90226
vt 0.98488 0.57918
vt 0.99345 0.58609
vt 0.98309 0.59435
vt 0.98231 0.61896
vt 0.98309 0.59435
vt 0.99438 0.61463
vt 0.14209 0.90226
vt 0.11991 0.89260
vt 0.13195 0.87839
vt 0.98488 0.57918
vt 0.99126 0.57448
vt 0.99345 0.58609
vt 0.99345 0.58609
vt 0.99438 0.61463
vt 0.98309 0.59435
vt 0.89438 0.84709
vt 0.88356 0.85311
vt 0.88552 0.83899
vt 0.89438 0.84709
vt 0.88552 0.83899
vt 0.89714 0.82859
vt 0.88552 0.83899
vt 0.88393 0.83215
vt 0.89714 0.82859
vt 0.89438 0.84709
vt 0.89308 0.87311
vt 0.88356 0.85311
vt 0.88393 0.83215
vt 0.88098 0.81437
vt 0.89714 0.82859
vt 0.88356 0.85311
vt 0.87133 0.87096
vt 0.87324 0.85077
vt 0.87324 0.85077
vt 0.88552 0.83899
vt 0.88356 0.85311
vt 0.44056 0.02180
vt 0.42483 0.00698
vt 0.43803 0.01085
vt 0.40703 0.00356
vt 0.42483 0.00698
vt 0.40905 0.01352
vt 0.11675 0.91895
vt 0.14209 0.90226
vt 0.13100 0.93273
vt 0.11991 0.89260
vt 0.11476 0.88339
vt 0.13195 0.87839
vt 0.87998 0.89162
vt 0.89308 0.87311
vt 0.89522 0.88409
vt 0.87998 0.89162
vt 0.87133 0.87096
vt 0.89308 0.87311
vt 0.87133 0.87096
vt 0.86772 0.86091
vt 0.87324 0.85077
vt 0.63462 0.39561
vt 0.62884 0.39032
vt 0.63146 0.38214
vt 0.44056 0.02180
vt 0.43033 0.02203
vt 0.42377 0.01505
vt 0.24889 0.28313
vt 0.23940 0.31647
vt 0.22189 0.28181
vt 0.36065 0.03357
vt 0.35115 0.03830
vt 0.34521 0.02390
vt 0.87998 0.89162
vt 0.86897 0.88713
vt 0.87133 0.87096
vt 0.38425 0.00977
vt 0.37008 0.01295
vt 0.37941 0.00298
vt 0.43033 0.02203
vt 0.44056 0.02180
vt 0.43703 0.02693
vt 0.18951 0.53255
vt 0.18471 0.54572
vt 0.18343 0.52163
vt 0.37008 0.01295
vt 0.36368 0.00428
vt 0.37941 0.00298
vt 0.63462 0.39561
vt 0.64555 0.39301
vt 0.65121 0.40979
vt 0.18343 0.52163
vt 0.16733 0.54688
vt 0.15372 0.52429
vt 0.34521 0.02390
vt 0.35318 0.00699
vt 0.37008 0.01295
vt 0.35318 0.00699
vt 0.36368 0.00428
vt 0.37008 0.01295
vt 0.65654 0.40258
vt 0.65121 0.40979
vt 0.64555 0.39301
vt 0.63462 0.39561
vt 0.65121 0.40979
vt 0.63568 0.41445
vt 0.34482 0.00768
vt 0.35318 0.00699
vt 0.34521 0.02390
vt 0.65121 0.40979
vt 0.65327 0.43024
vt 0.63568 0.41445
vt 0.63568 0.41445
vt 0.65327 0.43024
vt 0.62522 0.43859
vt 0.63568 0.41445
vt 0.62522 0.43859
vt 0.61749 0.41664
vt 0.16733 0.54688
vt 0.13720 0.54306
vt 0.15372 0.52429
vt 0.65327 0.43024
vt 0.64594 0.45499
vt 0.62522 0.43859
vt 0.93931 0.56944
vt 0.94739 0.59224
vt 0.92711 0.59466
vt 0.91671 0.81438
vt 0.92428 0.79296
vt 0.92900 0.80757
vt 0.92428 0.79296
vt 0.90426 0.78343
vt 0.91395 0.77961
vt 0.92428 0.79296
vt 0.91395 0.77961
vt 0.93211 0.76978
vt 0.71294 0.71142
vt 0.72554 0.72738
vt 0.71509 0.72192
vt 0.74881 0.55844
vt 0.75329 0.57843
vt 0.74317 0.57711
vt 0.74317 0.57711
vt 0.72607 0.58505
vt 0.72723 0.56924
vt 0.11477 0.70834
vt 0.10111 0.70367
vt 0.11884 0.69731
vt 0.92428 0.79296
vt 0.91671 0.81438
vt 0.90426 0.78343
vt 0.70672 0.71356
vt 0.71294 0.71142
vt 0.71509 0.72192
vt 0.71294 0.71142
vt 0.70672 0.71356
vt 0.70370 0.70613
vt 0.75329 0.57843
vt 0.75313 0.58754
vt 0.74317 0.57711
vt 0.72607 0.58505
vt 0.72609 0.60255
vt 0.71405 0.59263
vt 0.88395 0.78402
vt 0.89599 0.77919
vt 0.88098 0.81437
vt 0.75313 0.58754
vt 0.74760 0.60330
vt 0.73763 0.59994
vt 0.73763 0.59994
vt 0.72609 0.60255
vt 0.72607 0.58505
vt 0.12024 0.72706
vt 0.11079 0.73256
vt 0.10785 0.72187
vt 0.10785 0.72187
vt 0.11079 0.73256
vt 0.09541 0.72518
vt 0.09541 0.72518
vt 0.11079 0.73256
vt 0.10063 0.74022
vt 0.27940 0.62520
vt 0.25911 0.62873
vt 0.27213 0.59717
vt 0.27940 0.62520
vt 0.27213 0.59717
vt 0.28849 0.61900
vt 0.87400 0.80115
vt 0.87534 0.78915
vt 0.88098 0.81437
vt 0.88098 0.81437
vt 0.87534 0.78915
vt 0.88395 0.78402
vt 0.11272 0.03298
vt 0.11634 0.02807
vt 0.11649 0.04101
vt 0.11634 0.02807
vt 0.12920 0.03808
vt 0.11649 0.04101
vt 0.96569 0.66247
vt 0.95139 0.66448
vt 0.95437 0.65241
vt 0.25911 0.62873
vt 0.24952 0.61319
vt 0.27213 0.59717
vt 0.40703 0.00356
vt 0.38901 0.01565
vt 0.39440 0.00245
vt 0.95437 0.65241
vt 0.96648 0.65281
vt 0.96569 0.66247
vt 0.12635 0.00554
vt 0.13725 0.01336
vt 0.12269 0.01846
vt 0.13725 0.01336
vt 0.12920 0.03808
vt 0.12269 0.01846
vt 0.40905 0.01352
vt 0.39816 0.02022
vt 0.38901 0.01565
vt 0.13725 0.01336
vt 0.14214 0.00888
vt 0.12920 0.03808
vt 0.24647 0.63420
vt 0.23209 0.63085
vt 0.22776 0.61818
vt 0.17936 0.51238
vt 0.18343 0.52163
vt 0.16594 0.51266
vt 0.16530 0.01970
vt 0.14852 0.05388
vt 0.12920 0.03808
vt 0.14852 0.05388
vt 0.13425 0.04898
vt 0.12920 0.03808
vt 0.23076 0.60350
vt 0.24952 0.61319
vt 0.22776 0.61818
vt 0.94543 0.63498
vt 0.96086 0.64344
vt 0.95437 0.65241
vt 0.94543 0.63498
vt 0.95070 0.62522
vt 0.96086 0.64344
vt 0.16594 0.51266
vt 0.15372 0.52429
vt 0.15261 0.50924
vt 0.15261 0.50924
vt 0.15372 0.52429
vt 0.14161 0.51623
vt 0.16969 0.05053
vt 0.15956 0.05945
vt 0.14852 0.05388
vt 0.23076 0.60350
vt 0.24253 0.58940
vt 0.24952 0.61319
vt 0.24253 0.58940
vt 0.23076 0.60350
vt 0.23282 0.57918
vt 0.19638 0.01320
vt 0.20226 0.04485
vt 0.18301 0.01211
vt 0.20226 0.04485
vt 0.18175 0.07127
vt 0.16969 0.05053
vt 0.15372 0.52429
vt 0.13482 0.52628
vt 0.14161 0.51623
vt 0.92084 0.60430
vt 0.92711 0.59466
vt 0.94182 0.60838
vt 0.30149 0.59451
vt 0.31645 0.57021
vt 0.32357 0.58977
vt 0.76036 0.60284
vt 0.76241 0.56862
vt 0.76941 0.58667
vt 0.49724 0.50111
vt 0.48404 0.46744
vt 0.50023 0.46878
vt 0.49724 0.50111
vt 0.50023 0.46878
vt 0.51387 0.49806
vt 0.32521 0.50125
vt 0.33185 0.54006
vt 0.31005 0.54050
vt 0.94016 0.95643
vt 0.92611 0.93922
vt 0.94335 0.93295
vt 0.48404 0.46744
vt 0.49483 0.44586
vt 0.50023 0.46878
vt 0.48404 0.46744
vt 0.48479 0.44897
vt 0.49483 0.44586
vt 0.27880 0.52719
vt 0.32521 0.50125
vt 0.31005 0.54050
vt 0.32521 0.50125
vt 0.30109 0.48334
vt 0.31523 0.48123
vt 0.28355 0.49618
vt 0.30109 0.48334
vt 0.32521 0.50125
vt 0.26060 0.57349
vt 0.25074 0.56095
vt 0.25883 0.53894
vt 0.33234 0.28263
vt 0.33487 0.27403
vt 0.35084 0.28823
vt 0.28274 0.48659
vt 0.30109 0.48334
vt 0.28355 0.49618
vt 0.20226 0.04485
vt 0.20153 0.07329
vt 0.18175 0.07127
vt 0.20153 0.07329
vt 0.19860 0.08838
vt 0.18992 0.07815
vt 0.26020 0.51492
vt 0.27880 0.52719
vt 0.25883 0.53894
vt 0.24329 0.04333
vt 0.22371 0.07889
vt 0.22280 0.03730
vt 0.53151 0.81080
vt 0.53187 0.82112
vt 0.52157 0.82676
vt 0.24875 0.08987
vt 0.24375 0.10217
vt 0.21969 0.10113
vt 0.21466 0.01794
vt 0.23836 0.02419
vt 0.22280 0.03730
vt 0.24329 0.04333
vt 0.22280 0.03730
vt 0.23836 0.02419
vt 0.24329 0.04333
vt 0.27044 0.05257
vt 0.25650 0.07660
vt 0.24329 0.04333
vt 0.25650 0.07660
vt 0.22371 0.07889
vt 0.24875 0.08987
vt 0.26649 0.10322
vt 0.24375 0.10217
vt 0.27044 0.05257
vt 0.27451 0.07022
vt 0.25650 0.07660
vt 0.24875 0.08987
vt 0.27181 0.09092
vt 0.26649 0.10322
vt 0.55555 0.47955
vt 0.54776 0.46278
vt 0.55560 0.45870
vt 0.23588 0.35884
vt 0.19453 0.36295
vt 0.22159 0.33400
vt 0.96487 0.92773
vt 0.94515 0.91560
vt 0.96267 0.90862
vt 0.95751 0.88364
vt 0.95538 0.89109
vt 0.94128 0.89526
vt 0.96267 0.90862
vt 0.94515 0.91560
vt 0.96141 0.89782
vt 0.96141 0.89782
vt 0.94515 0.91560
vt 0.94128 0.89526
vt 0.73544 0.08083
vt 0.68462 0.07078
vt 0.71666 0.05831
vt 0.56562 0.43244
vt 0.54960 0.43878
vt 0.54674 0.42044
vt 0.56562 0.43244
vt 0.54674 0.42044
vt 0.55584 0.41721
vt 0.92357 0.87381
vt 0.94223 0.87093
vt 0.94128 0.89526
vt 0.96487 0.92773
vt 0.94536 0.93192
vt 0.94515 0.91560
vt 0.73196 0.06823
vt 0.71666 0.05831
vt 0.72936 0.06081
vt 0.55584 0.41721
vt 0.55414 0.40187
vt 0.57093 0.41362
vt 0.94515 0.91560
vt 0.94335 0.93295
vt 0.92061 0.91544
vt 0.94515 0.91560
vt 0.92061 0.91544
vt 0.94128 0.89526
vt 0.92611 0.93922
vt 0.92061 0.91544
vt 0.94335 0.93295
vt 0.55584 0.41721
vt 0.54165 0.40373
vt 0.55414 0.40187
vt 0.71666 0.05831
vt 0.73196 0.06823
vt 0.73544 0.08083
vt 0.55506 0.79519
vt 0.54874 0.79944
vt 0.54663 0.79387
vt 0.91322 0.94717
vt 0.92061 0.91544
vt 0.92611 0.93922
vt 0.54165 0.40373
vt 0.52596 0.39353
vt 0.55414 0.40187
vt 0.92061 0.91544
vt 0.89655 0.90056
vt 0.90960 0.88759
vt 0.91322 0.94717
vt 0.89235 0.94026
vt 0.92061 0.91544
vt 0.55414 0.40187
vt 0.52596 0.39353
vt 0.52768 0.36779
vt 0.92061 0.91544
vt 0.89235 0.94026
vt 0.89564 0.91937
vt 0.89655 0.90056
vt 0.92061 0.91544
vt 0.89564 0.91937
vt 0.52596 0.39353
vt 0.51239 0.37590
vt 0.52768 0.36779
vt 0.33375 0.26312
vt 0.34278 0.26748
vt 0.33487 0.27403
vt 0.53399 0.78090
vt 0.52937 0.79007
vt 0.51864 0.76647
vt 0.50988 0.79032
vt 0.50302 0.76505
vt 0.51864 0.76647
vt 0.50576 0.80816
vt 0.50988 0.79032
vt 0.52500 0.80178
vt 0.50302 0.76505
vt 0.48846 0.75530
vt 0.49565 0.74976
vt 0.51927 0.35644
vt 0.52332 0.34902
vt 0.52768 0.36779
vt 0.50302 0.76505
vt 0.49042 0.76981
vt 0.48846 0.75530
vt 0.50988 0.79032
vt 0.49042 0.76981
vt 0.50302 0.76505
vt 0.50988 0.79032
vt 0.48017 0.79024
vt 0.49042 0.76981
vt 0.42253 0.87930
vt 0.41108 0.92189
vt 0.38274 0.89706
vt 0.41108 0.92189
vt 0.41786 0.93467
vt 0.40454 0.93670
vt 0.71180 0.43508
vt 0.71599 0.44072
vt 0.70309 0.43264
vt 0.71499 0.45465
vt 0.70309 0.43264
vt 0.71599 0.44072
vt 0.42253 0.87930
vt 0.43876 0.88820
vt 0.41108 0.92189
vt 0.71499 0.45465
vt 0.68034 0.44913
vt 0.70309 0.43264
vt 0.42829 0.84445
vt 0.42324 0.85834
vt 0.41417 0.84699
vt 0.41108 0.92189
vt 0.43321 0.93231
vt 0.41786 0.93467
vt 0.23940 0.31647
vt 0.24889 0.28313
vt 0.25159 0.30889
vt 0.43876 0.88820
vt 0.44043 0.92202
vt 0.41108 0.92189
vt 0.44043 0.92202
vt 0.44820 0.93813
vt 0.43321 0.93231
vt 0.44043 0.92202
vt 0.45182 0.92701
vt 0.44820 0.93813
vt 0.21413 0.77893
vt 0.20739 0.76732
vt 0.23124 0.74748
vt 0.86769 0.39651
vt 0.83553 0.39852
vt 0.85708 0.37045
vt 0.86769 0.39651
vt 0.85213 0.41332
vt 0.83553 0.39852
vt 0.72711 0.47924
vt 0.71738 0.48976
vt 0.71027 0.47315
vt 0.81027 0.66390
vt 0.84047 0.65924
vt 0.80988 0.69192
vt 0.44578 0.84329
vt 0.45952 0.86445
vt 0.43725 0.85488
vt 0.43876 0.88820
vt 0.43725 0.85488
vt 0.45952 0.86445
vt 0.42253 0.87930
vt 0.43725 0.85488
vt 0.43876 0.88820
vt 0.72689 0.48765
vt 0.71738 0.48976
vt 0.72711 0.47924
vt 0.43876 0.88820
vt 0.45913 0.88927
vt 0.45392 0.90867
vt 0.43876 0.88820
vt 0.45392 0.90867
vt 0.44043 0.92202
vt 0.44043 0.92202
vt 0.45392 0.90867
vt 0.45182 0.92701
vt 0.45952 0.86445
vt 0.45913 0.88927
vt 0.43876 0.88820
vt 0.70817 0.85330
vt 0.72070 0.86625
vt 0.70778 0.86480
vt 0.94909 0.50963
vt 0.94278 0.50287
vt 0.95617 0.49558
vt 0.71891 0.78136
vt 0.72765 0.79975
vt 0.70473 0.78992
vt 0.70831 0.83673
vt 0.71405 0.81548
vt 0.73289 0.83216
vt 0.70817 0.85330
vt 0.73289 0.83216
vt 0.73536 0.85134
vt 0.72658 0.76759
vt 0.73821 0.77947
vt 0.71891 0.78136
vt 0.71405 0.81548
vt 0.72765 0.79975
vt 0.74703 0.80415
vt 0.71405 0.81548
vt 0.74703 0.80415
vt 0.73289 0.83216
vt 0.72765 0.79975
vt 0.73821 0.77947
vt 0.74703 0.80415
vt 0.74703 0.80415
vt 0.75927 0.82628
vt 0.73289 0.83216
vt 0.73289 0.83216
vt 0.75927 0.82628
vt 0.75600 0.85505
vt 0.73821 0.77947
vt 0.73883 0.75944
vt 0.75625 0.76145
vt 0.73821 0.77947
vt 0.76623 0.78611
vt 0.74703 0.80415
vt 0.77479 0.80124
vt 0.75927 0.82628
vt 0.74703 0.80415
vt 0.45894 0.07501
vt 0.44283 0.17384
vt 0.40370 0.14259
vt 0.41025 0.21930
vt 0.44283 0.17384
vt 0.43276 0.24624
vt 0.44283 0.17384
vt 0.48047 0.23629
vt 0.43276 0.24624
vt 0.85708 0.37045
vt 0.83553 0.39852
vt 0.83131 0.35203
vt 0.20739 0.76732
vt 0.20613 0.74912
vt 0.23124 0.74748
vt 0.97402 0.21377
vt 0.98064 0.20483
vt 0.97915 0.22151
vt 0.20613 0.74912
vt 0.22470 0.71952
vt 0.23124 0.74748
vt 0.63572 0.48294
vt 0.61337 0.46294
vt 0.62522 0.43859
vt 0.91884 0.56426
vt 0.92711 0.59466
vt 0.91743 0.58276
vt 0.92711 0.59466
vt 0.91884 0.56426
vt 0.93931 0.56944
vt 0.92711 0.59466
vt 0.92084 0.60430
vt 0.91743 0.58276
vt 0.71499 0.45465
vt 0.71027 0.47315
vt 0.68034 0.44913
vt 0.29142 0.75042
vt 0.29074 0.71974
vt 0.30467 0.72073
vt 0.68034 0.44913
vt 0.66989 0.47769
vt 0.64594 0.45499
vt 0.71027 0.47315
vt 0.66989 0.47769
vt 0.68034 0.44913
vt 0.66989 0.47769
vt 0.66794 0.50663
vt 0.63572 0.48294
vt 0.63572 0.48294
vt 0.61285 0.50350
vt 0.61870 0.48079
vt 0.66989 0.47769
vt 0.71027 0.47315
vt 0.70452 0.48761
vt 0.66989 0.47769
vt 0.69572 0.51396
vt 0.66794 0.50663
vt 0.66794 0.50663
vt 0.65765 0.53226
vt 0.64431 0.51609
vt 0.74383 0.87554
vt 0.75600 0.85505
vt 0.77193 0.86938
vt 0.26812 0.03175
vt 0.28269 0.05166
vt 0.27044 0.05257
vt 0.95505 0.53742
vt 0.93107 0.54496
vt 0.94166 0.52346
vt 0.94166 0.52346
vt 0.95156 0.51919
vt 0.95505 0.53742
vt 0.27509 0.00852
vt 0.28708 0.00661
vt 0.28657 0.02446
vt 0.64431 0.51609
vt 0.62640 0.53020
vt 0.61285 0.50350
vt 0.62640 0.53020
vt 0.60939 0.54281
vt 0.60718 0.52426
vt 0.64431 0.51609
vt 0.65765 0.53226
vt 0.62640 0.53020
vt 0.63131 0.55532
vt 0.60939 0.54281
vt 0.62640 0.53020
vt 0.60939 0.54281
vt 0.63131 0.55532
vt 0.61512 0.55789
vt 0.26289 0.48606
vt 0.25749 0.46969
vt 0.27033 0.47757
vt 0.25275 0.48968
vt 0.23577 0.48192
vt 0.25749 0.46969
vt 0.67959 0.52745
vt 0.67606 0.54787
vt 0.65765 0.53226
vt 0.65254 0.56071
vt 0.63131 0.55532
vt 0.65765 0.53226
vt 0.65254 0.56071
vt 0.63197 0.57621
vt 0.63131 0.55532
vt 0.63131 0.55532
vt 0.63197 0.57621
vt 0.62135 0.57005
vt 0.79070 0.93389
vt 0.77496 0.93539
vt 0.78485 0.91045
vt 0.78485 0.91045
vt 0.81685 0.92136
vt 0.79070 0.93389
vt 0.79070 0.93389
vt 0.81685 0.92136
vt 0.81706 0.93401
vt 0.77496 0.93539
vt 0.77077 0.91997
vt 0.77983 0.91621
vt 0.65254 0.56071
vt 0.64553 0.58743
vt 0.63197 0.57621
vt 0.64553 0.58743
vt 0.62996 0.59517
vt 0.63197 0.57621
vt 0.67606 0.54787
vt 0.67959 0.52745
vt 0.69435 0.54657
vt 0.67959 0.52745
vt 0.70092 0.52906
vt 0.69435 0.54657
vt 0.67606 0.54787
vt 0.68253 0.57100
vt 0.65254 0.56071
vt 0.66659 0.57579
vt 0.64553 0.58743
vt 0.65254 0.56071
vt 0.63784 0.60729
vt 0.62996 0.59517
vt 0.64553 0.58743
vt 0.93300 0.16055
vt 0.92938 0.14581
vt 0.94154 0.14971
vt 0.70092 0.52906
vt 0.70843 0.54583
vt 0.69435 0.54657
vt 0.82616 0.15745
vt 0.84512 0.13992
vt 0.84769 0.15696
vt 0.92647 0.15147
vt 0.92938 0.14581
vt 0.93300 0.16055
vt 0.82616 0.15745
vt 0.82130 0.14365
vt 0.83145 0.13902
vt 0.82616 0.15745
vt 0.83145 0.13902
vt 0.84512 0.13992
vt 0.41340 0.29469
vt 0.40925 0.28076
vt 0.42685 0.30897
vt 0.41765 0.30713
vt 0.41340 0.29469
vt 0.42685 0.30897
vt 0.69435 0.54657
vt 0.70843 0.54583
vt 0.71068 0.56190
vt 0.70513 0.57566
vt 0.68253 0.57100
vt 0.69435 0.54657
vt 0.67917 0.60764
vt 0.66027 0.61273
vt 0.66983 0.59728
vt 0.83145 0.13902
vt 0.84235 0.13116
vt 0.84512 0.13992
vt 0.66027 0.61273
vt 0.66044 0.62760
vt 0.64990 0.61665
vt 0.41025 0.21930
vt 0.43276 0.24624
vt 0.38668 0.25060
vt 0.44051 0.29790
vt 0.42685 0.30897
vt 0.44993 0.26805
vt 0.37893 0.79418
vt 0.41741 0.80906
vt 0.37238 0.80800
vt 0.48017 0.79024
vt 0.46466 0.77939
vt 0.49042 0.76981
vt 0.46466 0.77939
vt 0.47843 0.75762
vt 0.49042 0.76981
vt 0.46017 0.75402
vt 0.46466 0.77939
vt 0.43851 0.77555
vt 0.49587 0.82632
vt 0.48234 0.83351
vt 0.46342 0.81174
vt 0.46342 0.81174
vt 0.48234 0.83351
vt 0.47181 0.83806
vt 0.41977 0.78547
vt 0.43851 0.77555
vt 0.41741 0.80906
vt 0.50576 0.80816
vt 0.48017 0.79024
vt 0.50988 0.79032
vt 0.81685 0.92136
vt 0.83661 0.90185
vt 0.83540 0.91963
vt 0.26359 0.46267
vt 0.25749 0.46969
vt 0.24599 0.45466
vt 0.25247 0.43992
vt 0.26359 0.46267
vt 0.24599 0.45466
vt 0.27425 0.45925
vt 0.26359 0.46267
vt 0.26729 0.44651
vt 0.83661 0.90185
vt 0.86258 0.89016
vt 0.86658 0.90306
vt 0.83275 0.92896
vt 0.83540 0.91963
vt 0.84033 0.93537
vt 0.26729 0.44651
vt 0.25247 0.43992
vt 0.26820 0.42861
vt 0.26820 0.42861
vt 0.28185 0.44285
vt 0.26729 0.44651
vt 0.84033 0.93537
vt 0.85658 0.91942
vt 0.86123 0.93318
vt 0.28855 0.03811
vt 0.29290 0.05193
vt 0.28269 0.05166
vt 0.85658 0.91942
vt 0.86952 0.91843
vt 0.86123 0.93318
vt 0.85583 0.94427
vt 0.86123 0.93318
vt 0.86980 0.94608
vt 0.87689 0.92956
vt 0.86123 0.93318
vt 0.86952 0.91843
vt 0.44470 0.83196
vt 0.41741 0.80906
vt 0.46342 0.81174
vt 0.54176 0.22284
vt 0.54095 0.30819
vt 0.51944 0.30280
vt 0.48569 0.28405
vt 0.44993 0.26805
vt 0.48047 0.23629
vt 0.60605 0.10281
vt 0.66508 0.10613
vt 0.67124 0.16678
vt 0.86258 0.89016
vt 0.83661 0.90185
vt 0.83767 0.88181
vt 0.02306 0.14004
vt 0.09144 0.17897
vt 0.02631 0.20719
vt 0.75625 0.76145
vt 0.77285 0.77178
vt 0.76623 0.78611
vt 0.36440 0.22669
vt 0.41025 0.21930
vt 0.38668 0.25060
vt 0.78380 0.84359
vt 0.78289 0.82304
vt 0.80075 0.84268
vt 0.36440 0.22669
vt 0.38668 0.25060
vt 0.35895 0.25782
vt 0.77285 0.77178
vt 0.79647 0.76632
vt 0.79935 0.78516
vt 0.78380 0.84359
vt 0.80075 0.84268
vt 0.78899 0.86056
vt 0.77285 0.77178
vt 0.79935 0.78516
vt 0.77479 0.80124
vt 0.33652 0.98153
vt 0.31609 0.97154
vt 0.34047 0.97455
vt 0.34047 0.97455
vt 0.31609 0.97154
vt 0.32943 0.96797
vt 0.31609 0.97154
vt 0.30051 0.98501
vt 0.28624 0.96633
vt 0.30051 0.98501
vt 0.29024 0.97329
vt 0.28624 0.96633
vt 0.80075 0.84268
vt 0.80913 0.82697
vt 0.81171 0.83402
vt 0.81316 0.85196
vt 0.82265 0.84509
vt 0.82839 0.86276
vt 0.82839 0.86276
vt 0.83336 0.87424
vt 0.82191 0.87323
vt 0.31609 0.97154
vt 0.33652 0.98153
vt 0.32406 0.98783
vt 0.32406 0.98783
vt 0.30051 0.98501
vt 0.31609 0.97154
vt 0.27904 0.97404
vt 0.28324 0.98537
vt 0.27300 0.98159
vt 0.80075 0.84268
vt 0.81171 0.83402
vt 0.81316 0.85196
vt 0.26156 0.68474
vt 0.27962 0.70443
vt 0.25703 0.70215
vt 0.27666 0.67397
vt 0.27962 0.70443
vt 0.26156 0.68474
vt 0.34743 0.25422
vt 0.34422 0.22987
vt 0.35895 0.25782
vt 0.70913 0.35541
vt 0.71763 0.32849
vt 0.72884 0.33999
vt 0.31154 0.18693
vt 0.33529 0.16871
vt 0.36065 0.19557
vt 0.70913 0.35541
vt 0.68250 0.33714
vt 0.71763 0.32849
vt 0.30229 0.21044
vt 0.31154 0.18693
vt 0.36065 0.19557
vt 0.74207 0.31316
vt 0.72000 0.31039
vt 0.73559 0.29767
vt 0.29227 0.21758
vt 0.30229 0.21044
vt 0.31269 0.22569
vt 0.29351 0.16549
vt 0.31154 0.18693
vt 0.29014 0.18105
vt 0.28761 0.19634
vt 0.30229 0.21044
vt 0.29227 0.21758
vt 0.28761 0.19634
vt 0.29014 0.18105
vt 0.31154 0.18693
vt 0.33529 0.16871
vt 0.40370 0.14259
vt 0.36065 0.19557
vt 0.71068 0.56190
vt 0.71750 0.57294
vt 0.70513 0.57566
vt 0.70513 0.57566
vt 0.71197 0.58384
vt 0.69438 0.60065
vt 0.67917 0.60764
vt 0.66044 0.62760
vt 0.66027 0.61273
vt 0.69438 0.60065
vt 0.71197 0.58384
vt 0.71004 0.59657
vt 0.69438 0.60065
vt 0.68464 0.62226
vt 0.67917 0.60764
vt 0.38466 0.27082
vt 0.38668 0.25060
vt 0.40925 0.28076
vt 0.38668 0.25060
vt 0.38466 0.27082
vt 0.36617 0.26732
vt 0.38668 0.25060
vt 0.36617 0.26732
vt 0.35895 0.25782
vt 0.38668 0.25060
vt 0.43276 0.24624
vt 0.40925 0.28076
vt 0.81867 0.81225
vt 0.81915 0.79345
vt 0.83084 0.80060
vt 0.14056 0.94213
vt 0.15554 0.94221
vt 0.14393 0.97370
vt 0.14056 0.94213
vt 0.14393 0.97370
vt 0.12652 0.96416
vt 0.77746 0.69293
vt 0.79556 0.65927
vt 0.79899 0.68481
vt 0.54052 0.96665
vt 0.52195 0.99084
vt 0.50941 0.96380
vt 0.87839 0.63019
vt 0.89078 0.62269
vt 0.88531 0.63577
vt 0.12652 0.96416
vt 0.14393 0.97370
vt 0.12296 0.97495
vt 0.11536 0.75288
vt 0.10650 0.76449
vt 0.09955 0.75555
vt 0.86692 0.80535
vt 0.86579 0.82068
vt 0.84863 0.81526
vt 0.84863 0.81526
vt 0.86579 0.82068
vt 0.86653 0.83237
vt 0.23724 0.36820
vt 0.22713 0.36771
vt 0.23588 0.35884
vt 0.22713 0.36771
vt 0.19453 0.36295
vt 0.23588 0.35884
vt 0.84863 0.81526
vt 0.83084 0.80060
vt 0.84880 0.78329
vt 0.84863 0.81526
vt 0.84880 0.78329
vt 0.86692 0.80535
vt 0.87034 0.84253
vt 0.85971 0.85115
vt 0.86653 0.83237
vt 0.48047 0.23629
vt 0.44993 0.26805
vt 0.43276 0.24624
vt 0.82479 0.82651
vt 0.84863 0.81526
vt 0.83635 0.83850
vt 0.84863 0.81526
vt 0.86653 0.83237
vt 0.83635 0.83850
vt 0.39012 0.03312
vt 0.45894 0.07501
vt 0.32280 0.09203
vt 0.23686 0.33987
vt 0.23827 0.34760
vt 0.22159 0.33400
vt 0.82479 0.82651
vt 0.83635 0.83850
vt 0.82724 0.84527
vt 0.83635 0.83850
vt 0.84158 0.85152
vt 0.82724 0.84527
vt 0.83635 0.83850
vt 0.85971 0.85115
vt 0.84158 0.85152
vt 0.23940 0.31647
vt 0.23686 0.33987
vt 0.22159 0.33400
vt 0.75386 0.69430
vt 0.75823 0.67156
vt 0.77746 0.69293
vt 0.74495 0.68395
vt 0.75386 0.69430
vt 0.73841 0.69921
vt 0.73841 0.69921
vt 0.72939 0.68428
vt 0.74495 0.68395
vt 0.97599 0.31513
vt 0.97739 0.33501
vt 0.95156 0.33010
vt 0.74495 0.68395
vt 0.75281 0.65537
vt 0.75823 0.67156
vt 0.82103 0.76383
vt 0.81780 0.73804
vt 0.83995 0.76038
vt 0.81780 0.73804
vt 0.83096 0.72272
vt 0.83995 0.76038
vt 0.81915 0.79345
vt 0.80666 0.76620
vt 0.82103 0.76383
vt 0.81780 0.73804
vt 0.81128 0.72162
vt 0.83096 0.72272
vt 0.74904 0.32883
vt 0.75550 0.34647
vt 0.73900 0.33656
vt 0.73418 0.35145
vt 0.73900 0.33656
vt 0.75550 0.34647
vt 0.72411 0.34832
vt 0.73418 0.35145
vt 0.71806 0.35736
vt 0.99000 0.23509
vt 0.97915 0.22151
vt 0.99367 0.22054
vt 0.15919 0.74862
vt 0.14933 0.77454
vt 0.12829 0.76134
vt 0.17403 0.93944
vt 0.19781 0.94165
vt 0.19514 0.96985
vt 0.85049 0.47767
vt 0.83919 0.45263
vt 0.85483 0.44822
vt 0.15919 0.74862
vt 0.18678 0.76102
vt 0.17038 0.77090
vt 0.85973 0.48660
vt 0.85049 0.47767
vt 0.86933 0.47354
vt 0.85049 0.47767
vt 0.85483 0.44822
vt 0.86782 0.46719
vt 0.85483 0.44822
vt 0.86478 0.44080
vt 0.86782 0.46719
vt 0.13613 0.74752
vt 0.15702 0.73844
vt 0.15919 0.74862
vt 0.19514 0.96985
vt 0.16070 0.97603
vt 0.17403 0.93944
vt 0.81818 0.45334
vt 0.82278 0.41447
vt 0.83919 0.45263
vt 0.19514 0.96985
vt 0.19781 0.94165
vt 0.21247 0.96503
vt 0.18036 0.73538
vt 0.20613 0.74912
vt 0.18678 0.76102
vt 0.19846 0.72571
vt 0.20613 0.74912
vt 0.18036 0.73538
vt 0.83553 0.39852
vt 0.85213 0.41332
vt 0.82278 0.41447
vt 0.82278 0.41447
vt 0.81290 0.36842
vt 0.83553 0.39852
vt 0.86164 0.76294
vt 0.83995 0.76038
vt 0.85637 0.74288
vt 0.83084 0.80060
vt 0.83163 0.77459
vt 0.84880 0.78329
vt 0.84880 0.78329
vt 0.86516 0.78105
vt 0.86624 0.79469
vt 0.84880 0.78329
vt 0.83163 0.77459
vt 0.83995 0.76038
vt 0.84150 0.71636
vt 0.86059 0.70000
vt 0.85905 0.71961
vt 0.95811 0.37080
vt 0.95801 0.39647
vt 0.94812 0.38115
vt 0.94471 0.40821
vt 0.95801 0.39647
vt 0.96608 0.41278
vt 0.95811 0.37080
vt 0.97728 0.39891
vt 0.95801 0.39647
vt 0.96608 0.41278
vt 0.95801 0.39647
vt 0.97728 0.39891
vt 0.75692 0.35589
vt 0.74979 0.35290
vt 0.75550 0.34647
vt 0.21247 0.96503
vt 0.22441 0.97076
vt 0.20947 0.98065
vt 0.15452 0.59527
vt 0.16677 0.58259
vt 0.17045 0.60926
vt 0.99044 0.14844
vt 0.99628 0.14623
vt 0.99498 0.16364
vt 0.99044 0.14844
vt 0.99261 0.12849
vt 0.99628 0.14623
vt 0.99044 0.14844
vt 0.97941 0.13358
vt 0.99261 0.12849
vt 0.16677 0.58259
vt 0.17473 0.57016
vt 0.19922 0.56924
vt 0.74806 0.25317
vt 0.73358 0.24398
vt 0.74943 0.24003
vt 0.15325 0.60736
vt 0.17045 0.60926
vt 0.15176 0.62531
vt 0.93618 0.27500
vt 0.92984 0.26996
vt 0.93996 0.26163
vt 0.98360 0.18001
vt 0.97869 0.17022
vt 0.99200 0.17819
vt 0.98133 0.16456
vt 0.99200 0.17819
vt 0.97869 0.17022
vt 0.97195 0.15952
vt 0.97370 0.14191
vt 0.98133 0.16456
vt 0.97370 0.14191
vt 0.96450 0.13429
vt 0.97941 0.13358
vt 0.62500 0.94098
vt 0.62186 0.95595
vt 0.60324 0.94796
vt 0.86025 0.26087
vt 0.86732 0.27236
vt 0.86005 0.28069
vt 0.32244 0.75651
vt 0.30395 0.77739
vt 0.29142 0.75042
vt 0.28676 0.77523
vt 0.29142 0.75042
vt 0.30395 0.77739
vt 0.30467 0.72073
vt 0.32092 0.74224
vt 0.29142 0.75042
vt 0.30467 0.72073
vt 0.32293 0.72482
vt 0.32092 0.74224
vt 0.62463 0.27574
vt 0.59383 0.16584
vt 0.66778 0.24093
vt 0.83348 0.23751
vt 0.81468 0.21616
vt 0.82252 0.21011
vt 0.86059 0.70000
vt 0.83887 0.69569
vt 0.86127 0.68371
vt 0.83887 0.69569
vt 0.84047 0.65924
vt 0.86127 0.68371
vt 0.86127 0.68371
vt 0.84047 0.65924
vt 0.86604 0.66892
vt 0.86604 0.66892
vt 0.84047 0.65924
vt 0.86607 0.64959
vt 0.86822 0.63526
vt 0.84308 0.64466
vt 0.86940 0.62613
vt 0.04542 0.40562
vt 0.03669 0.40334
vt 0.05682 0.39973
vt 0.11779 0.35218
vt 0.09207 0.39600
vt 0.04651 0.38209
vt 0.04651 0.38209
vt 0.09207 0.39600
vt 0.07765 0.39942
vt 0.85674 0.61727
vt 0.86940 0.62613
vt 0.84308 0.64466
vt 0.05682 0.39973
vt 0.03669 0.40334
vt 0.04651 0.38209
vt 0.81027 0.66390
vt 0.82126 0.63747
vt 0.84047 0.65924
vt 0.58924 0.89081
vt 0.59751 0.88026
vt 0.61426 0.89511
vt 0.04651 0.38209
vt 0.02922 0.40199
vt 0.00929 0.39561
vt 0.73544 0.08083
vt 0.66508 0.10613
vt 0.68462 0.07078
vt 0.28676 0.77523
vt 0.30395 0.77739
vt 0.29105 0.78362
vt 0.83529 0.61923
vt 0.85674 0.61727
vt 0.84308 0.64466
vt 0.60997 0.88208
vt 0.61426 0.89511
vt 0.59751 0.88026
vt 0.79589 0.58153
vt 0.78081 0.57538
vt 0.78799 0.55978
vt 0.78081 0.57538
vt 0.76241 0.56862
vt 0.78799 0.55978
vt 0.76241 0.56862
vt 0.76677 0.53837
vt 0.78799 0.55978
vt 0.09231 0.86436
vt 0.07322 0.87264
vt 0.09259 0.84894
vt 0.83899 0.52256
vt 0.85678 0.51682
vt 0.84481 0.53646
vt 0.85571 0.58502
vt 0.84728 0.57128
vt 0.87091 0.57438
vt 0.84481 0.53646
vt 0.85678 0.51682
vt 0.86738 0.51008
vt 0.07322 0.87264
vt 0.07257 0.84579
vt 0.09259 0.84894
vt 0.43153 0.98715
vt 0.45034 0.97192
vt 0.45152 0.98687
vt 0.85777 0.55755
vt 0.84481 0.53646
vt 0.86951 0.54650
vt 0.45034 0.97192
vt 0.43153 0.98715
vt 0.41773 0.97425
vt 0.44771 0.95772
vt 0.41773 0.97425
vt 0.43509 0.95540
vt 0.43509 0.95540
vt 0.41773 0.97425
vt 0.41403 0.96270
vt 0.05213 0.85897
vt 0.05716 0.84195
vt 0.07257 0.84579
vt 0.42081 0.95124
vt 0.43509 0.95540
vt 0.41403 0.96270
vt 0.42081 0.95124
vt 0.41403 0.96270
vt 0.39265 0.95488
vt 0.05213 0.85897
vt 0.03780 0.87233
vt 0.02285 0.85829
vt 0.41773 0.97425
vt 0.39051 0.97184
vt 0.39265 0.95488
vt 0.40093 0.98748
vt 0.39051 0.97184
vt 0.41773 0.97425
vt 0.05213 0.85897
vt 0.02788 0.83612
vt 0.04531 0.84173
vt 0.40093 0.98748
vt 0.38433 0.98689
vt 0.39051 0.97184
vt 0.10530 0.78935
vt 0.11511 0.80293
vt 0.09119 0.79988
vt 0.39802 0.94364
vt 0.42081 0.95124
vt 0.39265 0.95488
vt 0.36807 0.97966
vt 0.39051 0.97184
vt 0.38433 0.98689
vt 0.98814 0.50904
vt 0.98374 0.49175
vt 0.99713 0.50245
vt 0.97584 0.07776
vt 0.98012 0.05137
vt 0.98672 0.06148
vt 0.06783 0.01816
vt 0.06295 0.01178
vt 0.07737 0.01105
vt 0.34066 0.90321
vt 0.34467 0.88667
vt 0.35752 0.89243
vt 0.09495 0.92273
vt 0.08908 0.93318
vt 0.06897 0.92716
vt 0.85049 0.47767
vt 0.85973 0.48660
vt 0.84055 0.49663
vt 0.54052 0.96665
vt 0.53174 0.94478
vt 0.54717 0.95101
vt 0.08716 0.88959
vt 0.09699 0.90413
vt 0.07806 0.90237
vt 0.09495 0.92273
vt 0.07806 0.90237
vt 0.09699 0.90413
vt 0.85773 0.59980
vt 0.87289 0.59389
vt 0.87903 0.60422
vt 0.06897 0.92716
vt 0.08908 0.93318
vt 0.06229 0.94068
vt 0.52195 0.99084
vt 0.54052 0.96665
vt 0.55463 0.98906
vt 0.85571 0.58502
vt 0.87363 0.58492
vt 0.87289 0.59389
vt 0.80998 0.48833
vt 0.80339 0.46610
vt 0.82269 0.48953
vt 0.55700 0.95619
vt 0.56715 0.97944
vt 0.54052 0.96665
vt 0.55700 0.95619
vt 0.57878 0.95737
vt 0.57789 0.96893
vt 0.06897 0.92716
vt 0.06229 0.94068
vt 0.04593 0.93172
vt 0.55463 0.98906
vt 0.54052 0.96665
vt 0.56715 0.97944
vt 0.07806 0.90237
vt 0.05591 0.88667
vt 0.07322 0.87264
vt 0.05530 0.91543
vt 0.06897 0.92716
vt 0.04593 0.93172
vt 0.56715 0.97944
vt 0.57899 0.98767
vt 0.57032 0.99362
vt 0.05591 0.88667
vt 0.05530 0.91543
vt 0.03061 0.90508
vt 0.07322 0.87264
vt 0.05591 0.88667
vt 0.05213 0.85897
vt 0.59683 0.97060
vt 0.59116 0.98420
vt 0.57789 0.96893
vt 0.02919 0.91959
vt 0.05530 0.91543
vt 0.04593 0.93172
vt 0.02919 0.91959
vt 0.04593 0.93172
vt 0.02774 0.93023
vt 0.57032 0.99362
vt 0.57899 0.98767
vt 0.58512 0.99373
vt 0.03769 0.88967
vt 0.05591 0.88667
vt 0.03061 0.90508
vt 0.03769 0.88967
vt 0.03061 0.90508
vt 0.02435 0.89298
vt 0.05591 0.88667
vt 0.03769 0.88967
vt 0.03780 0.87233
vt 0.75011 0.89016
vt 0.77014 0.90144
vt 0.73835 0.90055
vt 0.02919 0.91959
vt 0.02774 0.93023
vt 0.01783 0.91924
vt 0.77014 0.90144
vt 0.75011 0.89016
vt 0.77448 0.89185
vt 0.59683 0.97060
vt 0.60422 0.97695
vt 0.59116 0.98420
vt 0.82818 0.03699
vt 0.83263 0.02592
vt 0.83208 0.04424
vt 0.77014 0.90144
vt 0.76835 0.91544
vt 0.73835 0.90055
vt 0.81162 0.61635
vt 0.79617 0.61002
vt 0.82106 0.59827
vt 0.82106 0.59827
vt 0.82581 0.60839
vt 0.81162 0.61635
vt 0.02919 0.91959
vt 0.01783 0.91924
vt 0.00871 0.90568
vt 0.03061 0.90508
vt 0.02919 0.91959
vt 0.01886 0.90625
vt 0.83124 0.01560
vt 0.83746 0.01064
vt 0.83263 0.02592
vt 0.83416 0.09758
vt 0.81830 0.08127
vt 0.83455 0.08379
vt 0.28731 0.91308
vt 0.27622 0.91645
vt 0.29473 0.90811
vt 0.29473 0.90811
vt 0.29968 0.91970
vt 0.28731 0.91308
vt 0.74359 0.91847
vt 0.73417 0.92615
vt 0.71039 0.90384
vt 0.82013 0.58684
vt 0.79617 0.61002
vt 0.79636 0.59067
vt 0.26749 0.89073
vt 0.26544 0.88292
vt 0.28851 0.87917
vt 0.74247 0.88247
vt 0.73835 0.90055
vt 0.73086 0.88027
vt 0.30322 0.90640
vt 0.29473 0.90811
vt 0.30292 0.88974
vt 0.78799 0.55978
vt 0.82319 0.57186
vt 0.82013 0.58684
vt 0.71039 0.90384
vt 0.71821 0.88240
vt 0.73835 0.90055
vt 0.29473 0.90811
vt 0.28851 0.87917
vt 0.30292 0.88974
vt 0.28574 0.85662
vt 0.30657 0.86036
vt 0.28851 0.87917
vt 0.31677 0.88598
vt 0.30292 0.88974
vt 0.30657 0.86036
vt 0.75823 0.67156
vt 0.75281 0.65537
vt 0.78016 0.63522
vt 0.78016 0.63522
vt 0.75281 0.65537
vt 0.75544 0.63589
vt 0.75467 0.61987
vt 0.75544 0.63589
vt 0.73826 0.64687
vt 0.78016 0.63522
vt 0.75544 0.63589
vt 0.77024 0.61219
vt 0.75544 0.63589
vt 0.75467 0.61987
vt 0.77024 0.61219
vt 0.78036 0.60718
vt 0.76941 0.58667
vt 0.79589 0.58153
vt 0.78036 0.60718
vt 0.79636 0.59067
vt 0.79617 0.61002
vt 0.82319 0.57186
vt 0.78799 0.55978
vt 0.81402 0.55550
vt 0.66778 0.24093
vt 0.65620 0.29606
vt 0.62463 0.27574
vt 0.94534 0.20122
vt 0.94884 0.22006
vt 0.93906 0.22006
vt 0.96573 0.23042
vt 0.94724 0.24361
vt 0.94884 0.22006
vt 0.94534 0.20122
vt 0.95047 0.18234
vt 0.96577 0.19480
vt 0.96754 0.21040
vt 0.94884 0.22006
vt 0.96445 0.20087
vt 0.97045 0.22382
vt 0.94884 0.22006
vt 0.96754 0.21040
vt 0.97045 0.22382
vt 0.97368 0.23319
vt 0.96573 0.23042
vt 0.52020 0.43642
vt 0.52510 0.45356
vt 0.51582 0.44525
vt 0.88752 0.42187
vt 0.87622 0.41078
vt 0.89569 0.40540
vt 0.49952 0.42903
vt 0.52020 0.43642
vt 0.50929 0.44335
vt 0.50929 0.44335
vt 0.52020 0.43642
vt 0.51582 0.44525
vt 0.52020 0.43642
vt 0.53421 0.44370
vt 0.53223 0.45658
vt 0.53421 0.44370
vt 0.54263 0.45614
vt 0.53223 0.45658
vt 0.89569 0.40540
vt 0.87622 0.41078
vt 0.87382 0.39341
vt 0.49952 0.42903
vt 0.50766 0.41018
vt 0.52020 0.43642
vt 0.50766 0.41018
vt 0.53558 0.43012
vt 0.52020 0.43642
vt 0.49650 0.40711
vt 0.50766 0.41018
vt 0.49952 0.42903
vt 0.50766 0.41018
vt 0.53479 0.40725
vt 0.53558 0.43012
vt 0.89569 0.40540
vt 0.89414 0.37330
vt 0.90547 0.38487
vt 0.87889 0.64529
vt 0.89609 0.63893
vt 0.88930 0.65361
vt 0.89609 0.63893
vt 0.90986 0.63513
vt 0.88930 0.65361
vt 0.79044 0.44935
vt 0.80339 0.46610
vt 0.78733 0.46676
vt 0.80399 0.43850
vt 0.79193 0.39554
vt 0.82278 0.41447
vt 0.82278 0.41447
vt 0.79193 0.39554
vt 0.81290 0.36842
vt 0.80339 0.46610
vt 0.80998 0.48833
vt 0.79794 0.48546
vt 0.16290 0.68569
vt 0.14018 0.66283
vt 0.15374 0.65637
vt 0.88763 0.53077
vt 0.88765 0.54188
vt 0.86951 0.54650
vt 0.86738 0.51008
vt 0.88999 0.51419
vt 0.88763 0.53077
vt 0.16290 0.68569
vt 0.15374 0.65637
vt 0.16749 0.65981
vt 0.73943 0.42642
vt 0.76786 0.44511
vt 0.75083 0.44958
vt 0.13010 0.69753
vt 0.16290 0.68569
vt 0.16061 0.71152
vt 0.17959 0.71782
vt 0.16061 0.71152
vt 0.19861 0.70464
vt 0.08523 0.82343
vt 0.10929 0.83085
vt 0.10329 0.84562
vt 0.86755 0.48693
vt 0.88051 0.47565
vt 0.88202 0.48285
vt 0.13941 0.71778
vt 0.16061 0.71152
vt 0.14611 0.73566
vt 0.14611 0.73566
vt 0.16061 0.71152
vt 0.16114 0.72805
vt 0.75083 0.44958
vt 0.73594 0.43679
vt 0.73943 0.42642
vt 0.16114 0.72805
vt 0.16061 0.71152
vt 0.17959 0.71782
vt 0.11511 0.80293
vt 0.10929 0.83085
vt 0.08523 0.82343
vt 0.97313 0.09907
vt 0.97584 0.07776
vt 0.99272 0.08923
vt 0.45438 0.40861
vt 0.47374 0.42222
vt 0.45709 0.42407
vt 0.88051 0.47565
vt 0.90290 0.48049
vt 0.88202 0.48285
vt 0.97584 0.07776
vt 0.97313 0.09907
vt 0.96146 0.07664
vt 0.92892 0.10921
vt 0.94427 0.12688
vt 0.93342 0.12509
vt 0.97584 0.07776
vt 0.96146 0.07664
vt 0.96459 0.06282
vt 0.99037 0.07397
vt 0.99272 0.08923
vt 0.97584 0.07776
vt 0.09120 0.50672
vt 0.11378 0.49088
vt 0.11296 0.51028
vt 0.98672 0.06148
vt 0.99037 0.07397
vt 0.97584 0.07776
vt 0.60605 0.10281
vt 0.53882 0.09814
vt 0.57828 0.03754
vt 0.08846 0.48183
vt 0.09120 0.50672
vt 0.07831 0.50199
vt 0.11378 0.49088
vt 0.13146 0.49881
vt 0.12059 0.50225
vt 0.83332 0.47390
vt 0.83919 0.45263
vt 0.85049 0.47767
vt 0.83332 0.47390
vt 0.81818 0.45334
vt 0.83919 0.45263
vt 0.86720 0.41748
vt 0.86478 0.44080
vt 0.85213 0.41332
vt 0.15702 0.73844
vt 0.18036 0.73538
vt 0.15919 0.74862
vt 0.83919 0.45263
vt 0.82278 0.41447
vt 0.85213 0.41332
vt 0.82269 0.48953
vt 0.80339 0.46610
vt 0.83332 0.47390
vt 0.80339 0.46610
vt 0.81818 0.45334
vt 0.83332 0.47390
vt 0.85483 0.44822
vt 0.85213 0.41332
vt 0.86478 0.44080
vt 0.86720 0.41748
vt 0.85213 0.41332
vt 0.86769 0.39651
vt 0.19514 0.96985
vt 0.20947 0.98065
vt 0.18663 0.98235
vt 0.63635 0.02977
vt 0.67279 0.04405
vt 0.68462 0.07078
vt 0.15530 0.63703
vt 0.15176 0.62531
vt 0.17045 0.60926
vt 0.15530 0.63703
vt 0.17045 0.60926
vt 0.16749 0.65981
vt 0.95625 0.27911
vt 0.93618 0.27500
vt 0.93996 0.26163
vt 0.95032 0.29026
vt 0.95625 0.27911
vt 0.95667 0.29748
vt 0.96643 0.15504
vt 0.96110 0.14481
vt 0.97370 0.14191
vt 0.96782 0.25228
vt 0.93996 0.26163
vt 0.94724 0.24361
vt 0.95625 0.27911
vt 0.93996 0.26163
vt 0.96782 0.25228
vt 0.31679 0.25866
vt 0.33313 0.25866
vt 0.30881 0.26647
vt 0.96934 0.27958
vt 0.95625 0.27911
vt 0.96782 0.25228
vt 0.96407 0.95533
vt 0.96121 0.96997
vt 0.95864 0.94752
vt 0.96121 0.96997
vt 0.95097 0.98214
vt 0.94713 0.95860
vt 0.68500 0.94062
vt 0.67848 0.94663
vt 0.68533 0.93504
vt 0.68533 0.93504
vt 0.67848 0.94663
vt 0.66573 0.93604
vt 0.28324 0.25234
vt 0.29852 0.26221
vt 0.28358 0.26063
vt 0.87969 0.42264
vt 0.87054 0.42402
vt 0.87622 0.41078
vt 0.97429 0.25759
vt 0.96782 0.25228
vt 0.97621 0.24865
vt 0.30889 0.24529
vt 0.33610 0.24255
vt 0.33313 0.25866
vt 0.96407 0.95533
vt 0.95864 0.94752
vt 0.97578 0.95314
vt 0.97578 0.95314
vt 0.98752 0.96542
vt 0.96407 0.95533
vt 0.96407 0.95533
vt 0.98752 0.96542
vt 0.96121 0.96997
vt 0.96121 0.96997
vt 0.97593 0.98239
vt 0.95971 0.98592
vt 0.67848 0.94663
vt 0.65688 0.94945
vt 0.66573 0.93604
vt 0.28324 0.25234
vt 0.30889 0.24529
vt 0.29852 0.26221
vt 0.98752 0.96542
vt 0.97593 0.98239
vt 0.96121 0.96997
vt 0.28545 0.23371
vt 0.28324 0.25234
vt 0.27597 0.23754
vt 0.28545 0.23371
vt 0.30889 0.24529
vt 0.28324 0.25234
vt 0.97593 0.98239
vt 0.98752 0.96542
vt 0.98409 0.98393
vt 0.87087 0.66622
vt 0.87807 0.68570
vt 0.86473 0.68976
vt 0.86679 0.69835
vt 0.86473 0.68976
vt 0.87807 0.68570
vt 0.87807 0.68570
vt 0.88572 0.70804
vt 0.86978 0.70683
vt 0.98752 0.96542
vt 0.99014 0.98046
vt 0.98409 0.98393
vt 0.28545 0.23371
vt 0.29864 0.22810
vt 0.30889 0.24529
vt 0.12141 0.27450
vt 0.19183 0.24467
vt 0.17886 0.30031
vt 0.25962 0.25720
vt 0.22189 0.28181
vt 0.19183 0.24467
vt 0.88572 0.70804
vt 0.88868 0.71769
vt 0.87485 0.71770
vt 0.88868 0.71769
vt 0.88365 0.73215
vt 0.87485 0.71770
vt 0.87807 0.68570
vt 0.90330 0.69892
vt 0.88572 0.70804
vt 0.30176 0.05194
vt 0.32565 0.05514
vt 0.32280 0.09203
vt 0.89264 0.71922
vt 0.91900 0.73634
vt 0.88365 0.73215
vt 0.64855 0.99239
vt 0.63210 0.98988
vt 0.66198 0.96584
vt 0.87807 0.68570
vt 0.88747 0.67130
vt 0.90330 0.69892
vt 0.92605 -0.00097
vt 0.93176 0.00678
vt 0.91809 0.01063
vt 0.92554 0.70010
vt 0.90762 0.71065
vt 0.90330 0.69892
vt 0.92554 0.70010
vt 0.91900 0.73634
vt 0.90762 0.71065
vt 0.91900 0.73634
vt 0.92158 0.75732
vt 0.90911 0.74522
vt 0.88930 0.65361
vt 0.92067 0.63230
vt 0.90977 0.67472
vt 0.93248 0.65439
vt 0.90977 0.67472
vt 0.92067 0.63230
vt 0.90977 0.67472
vt 0.92554 0.70010
vt 0.90330 0.69892
vt 0.92554 0.70010
vt 0.93507 0.71801
vt 0.91900 0.73634
vt 0.17045 0.60926
vt 0.20725 0.62121
vt 0.16749 0.65981
vt 0.87567 0.26131
vt 0.86231 0.25293
vt 0.87115 0.24282
vt 0.87115 0.24282
vt 0.88703 0.24122
vt 0.87567 0.26131
vt 0.81290 0.36842
vt 0.79293 0.36432
vt 0.79131 0.33461
vt 0.70374 0.97861
vt 0.68856 0.96710
vt 0.70543 0.95050
vt 0.70543 0.95050
vt 0.72449 0.97813
vt 0.70374 0.97861
vt 0.15374 0.65637
vt 0.15530 0.63703
vt 0.16749 0.65981
vt 0.20725 0.62121
vt 0.21569 0.62896
vt 0.21498 0.64143
vt 0.68856 0.96710
vt 0.70374 0.97861
vt 0.68312 0.98224
vt 0.68312 0.98224
vt 0.70374 0.97861
vt 0.69396 0.98312
vt 0.16749 0.65981
vt 0.20725 0.62121
vt 0.21498 0.64143
vt 0.79293 0.36432
vt 0.77980 0.35799
vt 0.77818 0.33109
vt 0.23123 0.01515
vt 0.21787 0.00682
vt 0.23716 0.00588
vt 0.81507 0.04019
vt 0.79224 0.04205
vt 0.81048 0.02686
vt 0.76187 0.03241
vt 0.78001 0.00848
vt 0.79224 0.04205
vt 0.70374 0.97861
vt 0.72449 0.97813
vt 0.71661 0.99642
vt 0.76187 0.03241
vt 0.77709 0.05412
vt 0.74858 0.05305
vt 0.16749 0.65981
vt 0.21498 0.64143
vt 0.20841 0.67908
vt 0.81048 0.02686
vt 0.79224 0.04205
vt 0.78001 0.00848
vt 0.75700 0.37199
vt 0.77472 0.36632
vt 0.77867 0.38825
vt 0.76935 0.32333
vt 0.77851 0.29923
vt 0.77818 0.33109
vt 0.81290 0.36842
vt 0.79131 0.33461
vt 0.83131 0.35203
vt 0.83131 0.35203
vt 0.79131 0.33461
vt 0.81634 0.31285
vt 0.81634 0.31285
vt 0.79131 0.33461
vt 0.79336 0.30898
vt 0.81634 0.31285
vt 0.79336 0.30898
vt 0.79963 0.28295
vt 0.77851 0.29923
vt 0.77953 0.27687
vt 0.79963 0.28295
vt 0.11779 0.35218
vt 0.12578 0.39210
vt 0.11639 0.39436
vt 0.22282 0.84066
vt 0.24568 0.85566
vt 0.23306 0.86416
vt 0.88938 0.10851
vt 0.89986 0.11220
vt 0.88861 0.13696
vt 0.89986 0.11220
vt 0.91563 0.13126
vt 0.88861 0.13696
vt 0.22282 0.84066
vt 0.21490 0.85590
vt 0.20568 0.84788
vt 0.21490 0.85590
vt 0.22282 0.84066
vt 0.23306 0.86416
vt 0.25226 0.86047
vt 0.23306 0.86416
vt 0.24568 0.85566
vt 0.83348 0.23751
vt 0.85297 0.23863
vt 0.86025 0.26087
vt 0.88938 0.10851
vt 0.88861 0.13696
vt 0.86309 0.10096
vt 0.89999 0.08670
vt 0.88938 0.10851
vt 0.88182 0.09043
vt 0.89986 0.11220
vt 0.91318 0.09553
vt 0.91667 0.10238
vt 0.25409 0.32199
vt 0.24322 0.31669
vt 0.25373 0.31081
vt 0.89999 0.08670
vt 0.91318 0.09553
vt 0.89986 0.11220
vt 0.88239 0.07296
vt 0.89999 0.08670
vt 0.88182 0.09043
vt 0.25763 0.35767
vt 0.25409 0.32199
vt 0.26400 0.32571
vt 0.24235 0.32996
vt 0.24322 0.31669
vt 0.25409 0.32199
vt 0.73518 0.07231
vt 0.74382 0.07475
vt 0.73544 0.08083
vt 0.57286 0.88091
vt 0.57048 0.91131
vt 0.55508 0.87894
vt 0.88861 0.13696
vt 0.87353 0.15889
vt 0.86370 0.14735
vt 0.59087 0.91032
vt 0.57048 0.91131
vt 0.58924 0.89081
vt 0.54287 0.90600
vt 0.53669 0.89488
vt 0.57048 0.91131
vt 0.33522 0.45586
vt 0.35937 0.45642
vt 0.34975 0.47324
vt 0.33522 0.45586
vt 0.33644 0.43027
vt 0.35937 0.45642
vt 0.32448 0.40243
vt 0.34015 0.39181
vt 0.33644 0.43027
vt 0.34015 0.39181
vt 0.35956 0.39381
vt 0.33644 0.43027
vt 0.30664 0.45865
vt 0.33644 0.43027
vt 0.33522 0.45586
vt 0.13818 0.79884
vt 0.15132 0.78497
vt 0.15673 0.81287
vt 0.30664 0.45865
vt 0.31040 0.42683
vt 0.33644 0.43027
vt 0.30664 0.45865
vt 0.29592 0.43762
vt 0.31040 0.42683
vt 0.29946 0.42216
vt 0.32448 0.40243
vt 0.31040 0.42683
vt 0.31299 0.47176
vt 0.29999 0.48114
vt 0.30664 0.45865
vt 0.30664 0.45865
vt 0.29999 0.48114
vt 0.29129 0.47999
vt 0.29129 0.47999
vt 0.29555 0.46556
vt 0.30664 0.45865
vt 0.29592 0.43762
vt 0.29069 0.42404
vt 0.29946 0.42216
vt 0.29069 0.42404
vt 0.28510 0.41271
vt 0.29946 0.42216
vt 0.40967 0.48008
vt 0.42847 0.45304
vt 0.42812 0.47816
vt 0.80972 0.06809
vt 0.78293 0.09214
vt 0.79298 0.06578
vt 0.44588 0.42666
vt 0.44279 0.44568
vt 0.43429 0.42321
vt 0.81364 0.10269
vt 0.83084 0.10283
vt 0.79975 0.11555
vt 0.83828 0.11018
vt 0.83523 0.12265
vt 0.83084 0.10283
vt 0.83084 0.10283
vt 0.83523 0.12265
vt 0.79975 0.11555
vt 0.38827 0.47311
vt 0.39992 0.45974
vt 0.40256 0.47484
vt 0.36683 0.48087
vt 0.37298 0.46268
vt 0.38827 0.47311
vt 0.22695 0.81717
vt 0.23236 0.79002
vt 0.25401 0.80321
vt 0.23236 0.79002
vt 0.22695 0.81717
vt 0.22230 0.79166
vt 0.44279 0.44568
vt 0.42847 0.45304
vt 0.43429 0.42321
vt 0.81364 0.10269
vt 0.79975 0.11555
vt 0.78293 0.09214
vt 0.25401 0.80321
vt 0.24645 0.84099
vt 0.22695 0.81717
vt 0.77590 0.06735
vt 0.78293 0.09214
vt 0.75789 0.08163
vt 0.21090 0.77909
vt 0.22230 0.79166
vt 0.18933 0.79776
vt 0.40228 0.42665
vt 0.37576 0.44294
vt 0.37472 0.42005
vt 0.63635 0.02977
vt 0.60605 0.10281
vt 0.57828 0.03754
vt 0.38690 0.40910
vt 0.41657 0.40283
vt 0.40228 0.42665
vt 0.79975 0.11555
vt 0.82350 0.13578
vt 0.80351 0.14900
vt 0.38690 0.40910
vt 0.35956 0.39381
vt 0.38512 0.38335
vt 0.78293 0.09214
vt 0.79975 0.11555
vt 0.76582 0.13895
vt 0.35937 0.45642
vt 0.33644 0.43027
vt 0.37576 0.44294
vt 0.37472 0.42005
vt 0.38690 0.40910
vt 0.40228 0.42665
vt 0.37472 0.42005
vt 0.35956 0.39381
vt 0.38690 0.40910
vt 0.41657 0.40283
vt 0.44690 0.36328
vt 0.45282 0.38992
vt 0.39012 0.03312
vt 0.32280 0.09203
vt 0.32565 0.05514
vt 0.22695 0.81717
vt 0.24645 0.84099
vt 0.22282 0.84066
vt 0.16498 0.78309
vt 0.17491 0.79109
vt 0.15673 0.81287
vt 0.15673 0.81287
vt 0.17491 0.79109
vt 0.17313 0.82710
vt 0.20646 0.81132
vt 0.17313 0.82710
vt 0.18933 0.79776
vt 0.20646 0.81132
vt 0.20568 0.84788
vt 0.17313 0.82710
vt 0.18261 0.85229
vt 0.20568 0.84788
vt 0.19646 0.85762
vt 0.15673 0.81287
vt 0.17313 0.82710
vt 0.15188 0.82772
vt 0.17313 0.82710
vt 0.18261 0.85229
vt 0.16871 0.85146
vt 0.15673 0.81287
vt 0.15188 0.82772
vt 0.13401 0.81495
vt 0.75789 0.08163
vt 0.78293 0.09214
vt 0.76582 0.13895
vt 0.24645 0.84099
vt 0.25226 0.86047
vt 0.24568 0.85566
vt 0.74382 0.07475
vt 0.75789 0.08163
vt 0.73544 0.08083
vt 0.80351 0.14900
vt 0.78468 0.16703
vt 0.76582 0.13895
vt 0.42609 0.67906
vt 0.42601 0.69273
vt 0.40760 0.69435
vt 0.04952 0.46435
vt 0.04532 0.47775
vt 0.03184 0.46436
vt 0.03184 0.46436
vt 0.04093 0.43774
vt 0.05695 0.45016
vt 0.04093 0.43774
vt 0.06112 0.43274
vt 0.05695 0.45016
vt 0.34015 0.39181
vt 0.32448 0.40243
vt 0.31348 0.38194
vt 0.32380 0.35300
vt 0.29693 0.34592
vt 0.34157 0.33902
vt 0.40766 0.73579
vt 0.42579 0.70953
vt 0.42377 0.72950
vt 0.40078 0.67949
vt 0.40760 0.69435
vt 0.38387 0.69524
vt 0.42601 0.69273
vt 0.42579 0.70953
vt 0.40760 0.69435
vt 0.40760 0.69435
vt 0.42579 0.70953
vt 0.38968 0.72341
vt 0.40766 0.73579
vt 0.39030 0.74961
vt 0.38968 0.72341
vt 0.44690 0.36328
vt 0.45695 0.36800
vt 0.45282 0.38992
vt 0.38512 0.38335
vt 0.37714 0.36132
vt 0.40344 0.36459
vt 0.35960 0.37708
vt 0.37714 0.36132
vt 0.38512 0.38335
vt 0.35960 0.37708
vt 0.35532 0.35076
vt 0.37714 0.36132
vt 0.80351 0.14900
vt 0.80676 0.16873
vt 0.78468 0.16703
vt 0.40344 0.36459
vt 0.44390 0.33179
vt 0.44690 0.36328
vt 0.44690 0.36328
vt 0.44390 0.33179
vt 0.45641 0.35192
vt 0.44390 0.33179
vt 0.42227 0.31415
vt 0.45004 0.31415
vt 0.34157 0.33902
vt 0.37084 0.33956
vt 0.35532 0.35076
vt 0.09804 0.56901
vt 0.08041 0.52936
vt 0.11674 0.54490
vt 0.05858 0.55352
vt 0.08041 0.52936
vt 0.09804 0.56901
vt 0.36956 0.30641
vt 0.35298 0.31891
vt 0.35375 0.29811
vt 0.35298 0.31891
vt 0.33918 0.30584
vt 0.34171 0.29616
vt 0.11540 0.58863
vt 0.13461 0.56083
vt 0.13596 0.57673
vt 0.31045 0.29951
vt 0.33102 0.28898
vt 0.33918 0.30584
vt 0.78468 0.16703
vt 0.80676 0.16873
vt 0.80901 0.19452
vt 0.78305 0.20114
vt 0.80901 0.19452
vt 0.79514 0.20199
vt 0.45218 0.32612
vt 0.44390 0.33179
vt 0.45004 0.31415
vt 0.07087 0.51684
vt 0.05307 0.53050
vt 0.04534 0.51570
vt 0.08041 0.52936
vt 0.05307 0.53050
vt 0.07087 0.51684
vt 0.05858 0.55352
vt 0.03373 0.53482
vt 0.05307 0.53050
vt 0.33918 0.30584
vt 0.33102 0.28898
vt 0.34171 0.29616
vt 0.14141 0.60007
vt 0.11540 0.58863
vt 0.14147 0.59184
vt 0.13570 0.60936
vt 0.11540 0.58863
vt 0.14141 0.60007
vt 0.33102 0.28898
vt 0.31045 0.29951
vt 0.32197 0.28119
vt 0.04651 0.38209
vt 0.00368 0.37051
vt 0.01816 0.33972
vt 0.20252 0.54497
vt 0.21843 0.55782
vt 0.19922 0.56924
vt 0.14695 0.11648
vt 0.18277 0.08495
vt 0.21238 0.10963
vt 0.73932 0.92612
vt 0.75298 0.93571
vt 0.74046 0.95161
vt 0.21009 0.53842
vt 0.22774 0.54400
vt 0.20252 0.54497
vt 0.22447 0.53166
vt 0.22774 0.54400
vt 0.21009 0.53842
vt 0.73932 0.92612
vt 0.75495 0.92598
vt 0.75298 0.93571
vt 0.74099 0.27366
vt 0.71381 0.28557
vt 0.71068 0.27540
vt 0.69303 0.28662
vt 0.69853 0.26978
vt 0.70304 0.27956
vt 0.23911 0.53934
vt 0.22774 0.54400
vt 0.22447 0.53166
vt 0.22936 0.51842
vt 0.23677 0.52274
vt 0.22447 0.53166
vt 0.07451 0.83704
vt 0.07223 0.81950
vt 0.07973 0.81665
vt 0.00736 0.23709
vt 0.02184 0.23365
vt 0.02607 0.24604
vt 0.65688 0.94945
vt 0.64230 0.94261
vt 0.66573 0.93604
vt 0.00157 0.25413
vt 0.00736 0.23709
vt 0.02607 0.24604
vt 0.96462 0.82906
vt 0.95902 0.84762
vt 0.94997 0.84100
vt 0.02142 0.26243
vt 0.02555 0.27270
vt 0.00464 0.27635
vt 0.07223 0.81950
vt 0.05917 0.83409
vt 0.05020 0.81278
vt 0.96462 0.82906
vt 0.97939 0.84311
vt 0.95902 0.84762
vt 0.02142 0.26243
vt 0.00464 0.27635
vt 0.00157 0.25413
vt 0.97939 0.84311
vt 0.98380 0.84992
vt 0.97379 0.85311
vt 0.02050 0.81192
vt 0.00970 0.82075
vt 0.00580 0.80733
vt 0.66198 0.96584
vt 0.63346 0.95599
vt 0.65688 0.94945
vt 0.05917 0.83409
vt 0.03613 0.82724
vt 0.05020 0.81278
vt 0.05020 0.81278
vt 0.03613 0.82724
vt 0.02050 0.81192
vt 0.03613 0.82724
vt 0.02714 0.82791
vt 0.02050 0.81192
vt 0.82683 0.01981
vt 0.80884 0.01142
vt 0.81241 0.00232
vt 0.82683 0.01981
vt 0.81241 0.00232
vt 0.82607 0.00301
vt 0.99292 0.89116
vt 0.99933 0.89913
vt 0.98108 0.89694
vt 0.50878 0.86759
vt 0.51021 0.85649
vt 0.51902 0.86658
vt 0.94341 0.81557
vt 0.94764 0.79934
vt 0.96462 0.82906
vt 0.96462 0.82906
vt 0.99372 0.81746
vt 0.97939 0.84311
vt 0.00754 0.28484
vt 0.00464 0.27635
vt 0.01777 0.28194
vt 0.97633 0.87232
vt 0.99292 0.89116
vt 0.98108 0.89694
vt 0.63363 0.97428
vt 0.63346 0.95599
vt 0.66198 0.96584
vt 0.96261 0.87991
vt 0.95699 0.86078
vt 0.97633 0.87232
vt 0.99436 0.86841
vt 0.99292 0.89116
vt 0.97633 0.87232
vt 0.63210 0.98988
vt 0.63363 0.97428
vt 0.66198 0.96584
vt 0.96557 0.78702
vt 0.96462 0.82906
vt 0.94764 0.79934
vt 0.96557 0.78702
vt 0.99372 0.81746
vt 0.96462 0.82906
vt 0.96557 0.78702
vt 0.99198 0.80188
vt 0.99372 0.81746
vt 0.04450 0.00761
vt 0.03608 0.00806
vt 0.03519 0.00217
vt 0.07489 0.95622
vt 0.08199 0.95417
vt 0.07980 0.97650
vt 0.98658 0.85570
vt 0.99510 0.85794
vt 0.99436 0.86841
vt 0.93687 0.74240
vt 0.92158 0.75732
vt 0.91900 0.73634
vt 0.96557 0.78702
vt 0.97590 0.76753
vt 0.98055 0.78351
vt 0.79777 0.96116
vt 0.78707 0.98009
vt 0.78630 0.96377
vt 0.78630 0.96377
vt 0.78707 0.98009
vt 0.78080 0.97043
vt 0.05269 0.00316
vt 0.04450 0.00761
vt 0.03519 0.00217
vt 0.23539 0.97085
vt 0.23157 0.95805
vt 0.24777 0.95749
vt 0.70543 0.95050
vt 0.74046 0.95161
vt 0.72449 0.97813
vt 0.72449 0.97813
vt 0.74046 0.95161
vt 0.75012 0.98071
vt 0.72449 0.97813
vt 0.74431 0.99549
vt 0.71661 0.99642
vt 0.74431 0.99549
vt 0.76251 0.97703
vt 0.76028 0.99588
vt 0.74858 0.05305
vt 0.73782 0.06814
vt 0.73035 0.05873
vt 0.76004 0.96085
vt 0.74046 0.95161
vt 0.75298 0.93571
vt 0.76004 0.96085
vt 0.76251 0.97703
vt 0.75012 0.98071
vt 0.08052 0.76374
vt 0.05942 0.76875
vt 0.07728 0.75276
vt 0.76687 0.98811
vt 0.76028 0.99588
vt 0.76251 0.97703
vt 0.76187 0.03241
vt 0.74858 0.05305
vt 0.74180 0.03527
vt 0.76187 0.03241
vt 0.74180 0.03527
vt 0.73116 0.01803
vt 0.74180 0.03527
vt 0.74858 0.05305
vt 0.72361 0.04917
vt 0.08034 0.74016
vt 0.07315 0.73650
vt 0.08478 0.72871
vt 0.07777 0.71945
vt 0.08478 0.72871
vt 0.07315 0.73650
vt 0.08100 0.78182
vt 0.07551 0.80361
vt 0.05942 0.76875
vt 0.08100 0.78182
vt 0.05942 0.76875
vt 0.08052 0.76374
vt 0.23623 0.12049
vt 0.24787 0.18610
vt 0.16574 0.19708
vt 0.69042 0.03505
vt 0.69134 0.05068
vt 0.67279 0.04405
vt 0.07777 0.71945
vt 0.05489 0.70748
vt 0.07240 0.70656
vt 0.01794 0.74903
vt 0.00543 0.76648
vt 0.00553 0.75018
vt 0.74180 0.03527
vt 0.71217 0.02506
vt 0.73116 0.01803
vt 0.07315 0.73650
vt 0.03942 0.73352
vt 0.07777 0.71945
vt 0.07240 0.70656
vt 0.05489 0.70748
vt 0.06963 0.69197
vt 0.05942 0.76875
vt 0.03942 0.73352
vt 0.07315 0.73650
vt 0.01794 0.74903
vt 0.03942 0.73352
vt 0.02666 0.77863
vt 0.05020 0.81278
vt 0.03787 0.80720
vt 0.02666 0.77863
vt 0.02666 0.77863
vt 0.00543 0.76648
vt 0.01794 0.74903
vt 0.02666 0.77863
vt 0.02050 0.81192
vt 0.01540 0.79245
vt 0.01540 0.79245
vt 0.00543 0.76648
vt 0.02666 0.77863
vt 0.82252 0.21011
vt 0.83731 0.22443
vt 0.83348 0.23751
vt 0.88239 0.07296
vt 0.89952 0.05764
vt 0.89999 0.08670
vt 0.24393 0.35416
vt 0.25409 0.32199
vt 0.25763 0.35767
vt 0.24393 0.35416
vt 0.24235 0.32996
vt 0.25409 0.32199
vt 0.54163 0.92636
vt 0.56482 0.94768
vt 0.54482 0.94398
vt 0.85934 0.05841
vt 0.87906 0.04701
vt 0.88239 0.07296
vt 0.87906 0.04701
vt 0.89952 0.05764
vt 0.88239 0.07296
vt 0.84372 0.06564
vt 0.85934 0.05841
vt 0.85086 0.08608
vt 0.79145 0.25306
vt 0.82448 0.27724
vt 0.79963 0.28295
vt 0.85934 0.05841
vt 0.84372 0.06564
vt 0.84127 0.05775
vt 0.90459 0.03338
vt 0.91303 0.04205
vt 0.89952 0.05764
vt 0.79963 0.28295
vt 0.77953 0.27687
vt 0.79145 0.25306
vt 0.71217 0.02506
vt 0.70922 0.04478
vt 0.70113 0.03381
vt 0.06963 0.69197
vt 0.05299 0.66607
vt 0.07287 0.65975
vt 0.84821 0.04029
vt 0.86437 0.02594
vt 0.86230 0.05437
vt 0.86437 0.02594
vt 0.87906 0.04701
vt 0.86230 0.05437
vt 0.86437 0.02594
vt 0.88236 0.02113
vt 0.87906 0.04701
vt 0.90459 0.03338
vt 0.87906 0.04701
vt 0.88236 0.02113
vt 0.76839 0.25480
vt 0.79145 0.25306
vt 0.77953 0.27687
vt 0.79145 0.25306
vt 0.77663 0.23332
vt 0.78552 0.23200
vt 0.69144 0.00537
vt 0.70499 0.00578
vt 0.71217 0.02506
vt 0.06963 0.69197
vt 0.02990 0.69107
vt 0.03688 0.67315
vt 0.01922 0.71103
vt 0.01305 0.69077
vt 0.02990 0.69107
vt 0.90462 0.01037
vt 0.90459 0.03338
vt 0.88236 0.02113
vt 0.79145 0.25306
vt 0.77643 0.24231
vt 0.77663 0.23332
vt 0.84821 0.04029
vt 0.84488 0.02906
vt 0.86437 0.02594
vt 0.02990 0.69107
vt 0.02180 0.67733
vt 0.03688 0.67315
vt 0.88861 0.13696
vt 0.86370 0.14735
vt 0.85123 0.13255
vt 0.93337 0.35320
vt 0.92068 0.36421
vt 0.91507 0.32985
vt 0.51902 0.86658
vt 0.52442 0.87772
vt 0.51608 0.87675
vt 0.93337 0.35320
vt 0.91507 0.32985
vt 0.93844 0.34309
vt 0.93337 0.35320
vt 0.93662 0.36639
vt 0.92068 0.36421
vt 0.54177 0.86732
vt 0.53959 0.84477
vt 0.55666 0.84818
vt 0.54177 0.86732
vt 0.55666 0.84818
vt 0.56211 0.86144
vt 0.55666 0.84818
vt 0.59042 0.84753
vt 0.57268 0.86428
vt 0.57268 0.86428
vt 0.59042 0.84753
vt 0.58541 0.86651
vt 0.52001 0.85262
vt 0.51902 0.86658
vt 0.51021 0.85649
vt 0.56211 0.86144
vt 0.55666 0.84818
vt 0.57268 0.86428
vt 0.23623 0.12049
vt 0.25900 0.15179
vt 0.24787 0.18610
vt 0.59042 0.84753
vt 0.60714 0.83229
vt 0.61598 0.84111
vt 0.50372 0.84547
vt 0.52001 0.85262
vt 0.51021 0.85649
vt 0.53959 0.84477
vt 0.56997 0.82592
vt 0.55666 0.84818
vt 0.55666 0.84818
vt 0.56997 0.82592
vt 0.59042 0.84753
vt 0.29712 0.96064
vt 0.28055 0.95279
vt 0.29839 0.94589
vt 0.26261 0.95170
vt 0.25326 0.93938
vt 0.28055 0.95279
vt 0.57959 0.81720
vt 0.59441 0.82365
vt 0.56997 0.82592
vt 0.53094 0.83373
vt 0.54506 0.82508
vt 0.53959 0.84477
vt 0.54506 0.82508
vt 0.56287 0.81518
vt 0.56997 0.82592
vt 0.57959 0.81720
vt 0.56997 0.82592
vt 0.56287 0.81518
vt 0.28055 0.95279
vt 0.28484 0.93104
vt 0.29839 0.94589
vt 0.21172 0.93164
vt 0.19764 0.91458
vt 0.21057 0.91940
vt 0.19764 0.91458
vt 0.20414 0.91106
vt 0.21057 0.91940
vt 0.55563 0.81141
vt 0.56287 0.81518
vt 0.54506 0.82508
vt 0.29839 0.94589
vt 0.30151 0.92362
vt 0.32091 0.93591
vt 0.18967 0.88685
vt 0.19327 0.89954
vt 0.17897 0.89070
vt 0.18796 0.92006
vt 0.18685 0.91315
vt 0.19764 0.91458
vt 0.18685 0.91315
vt 0.19327 0.89954
vt 0.19764 0.91458
vt 0.91491 0.85237
vt 0.92935 0.85140
vt 0.92378 0.86581
vt 0.92935 0.85140
vt 0.91491 0.85237
vt 0.93663 0.83699
vt 0.18685 0.91315
vt 0.17414 0.90671
vt 0.19327 0.89954
vt 0.19327 0.89954
vt 0.17414 0.90671
vt 0.17897 0.89070
vt 0.16663 0.86434
vt 0.17456 0.85810
vt 0.17897 0.89070
vt 0.12531 0.82078
vt 0.13401 0.81495
vt 0.12714 0.83095
vt 0.43846 0.71253
vt 0.43551 0.73211
vt 0.43008 0.71867
vt 0.29412 0.45041
vt 0.28797 0.45199
vt 0.28480 0.43964
vt 0.44883 0.02315
vt 0.44717 0.00634
vt 0.46205 0.00446
vt 0.29412 0.45041
vt 0.28480 0.43964
vt 0.29592 0.43762
vt 0.38298 0.65175
vt 0.37202 0.63871
vt 0.39807 0.63898
vt 0.29069 0.42404
vt 0.28397 0.41833
vt 0.28510 0.41271
vt 0.39807 0.63898
vt 0.40839 0.64502
vt 0.40601 0.65607
vt 0.39807 0.63898
vt 0.40601 0.65607
vt 0.38298 0.65175
vt 0.28510 0.41271
vt 0.28759 0.37984
vt 0.29946 0.42216
vt 0.40601 0.65607
vt 0.40078 0.67949
vt 0.38298 0.65175
vt 0.43676 0.70656
vt 0.43846 0.71253
vt 0.43008 0.71867
vt 0.44844 0.72953
vt 0.43551 0.73211
vt 0.43846 0.71253
vt 0.46024 0.02409
vt 0.44883 0.02315
vt 0.46205 0.00446
vt 0.46205 0.00446
vt 0.46738 0.01947
vt 0.46024 0.02409
vt 0.46205 0.00446
vt 0.47232 0.00443
vt 0.46738 0.01947
vt 0.35876 0.64204
vt 0.35541 0.66818
vt 0.34182 0.65497
vt 0.34241 0.64150
vt 0.34182 0.65497
vt 0.33702 0.64759
vt 0.28510 0.41271
vt 0.27732 0.39896
vt 0.28759 0.37984
vt 0.46471 0.72819
vt 0.45781 0.72968
vt 0.44844 0.72953
vt 0.98775 0.54728
vt 0.97022 0.54664
vt 0.98959 0.53601
vt 0.35876 0.64204
vt 0.38298 0.65175
vt 0.35541 0.66818
vt 0.27364 0.38702
vt 0.28759 0.37984
vt 0.27732 0.39896
vt 0.22703 0.87351
vt 0.23330 0.89181
vt 0.22113 0.87554
vt 0.87599 0.29311
vt 0.88958 0.30611
vt 0.86917 0.31288
vt 0.23330 0.89181
vt 0.21658 0.89155
vt 0.22113 0.87554
vt 0.21658 0.89155
vt 0.24011 0.90070
vt 0.22601 0.90932
vt 0.88958 0.30611
vt 0.89608 0.32666
vt 0.88797 0.34075
vt 0.01922 0.71103
vt 0.00557 0.72278
vt 0.00698 0.70503
vt 0.47727 0.73234
vt 0.48182 0.72480
vt 0.48676 0.72767
vt 0.23998 0.87293
vt 0.23330 0.89181
vt 0.22703 0.87351
vt 0.88958 0.30611
vt 0.90103 0.29405
vt 0.89608 0.32666
vt 0.89516 0.35905
vt 0.92068 0.36421
vt 0.90305 0.37323
vt 0.00199 0.51212
vt 0.00641 0.49947
vt 0.01008 0.51792
vt 0.90103 0.29405
vt 0.91507 0.32985
vt 0.89608 0.32666
vt 0.92963 0.28339
vt 0.92548 0.29576
vt 0.91585 0.27098
vt 0.14135 0.85568
vt 0.15188 0.82772
vt 0.15434 0.85733
vt 0.14135 0.85568
vt 0.12714 0.83095
vt 0.15188 0.82772
vt 0.91279 0.02719
vt 0.91303 0.04205
vt 0.90459 0.03338
vt 0.11484 0.85453
vt 0.12714 0.83095
vt 0.13072 0.85508
vt 0.13072 0.85508
vt 0.12714 0.83095
vt 0.14135 0.85568
vt 0.90462 0.01037
vt 0.91279 0.02719
vt 0.90459 0.03338
vt 0.11484 0.85453
vt 0.13072 0.85508
vt 0.11831 0.86496
vt 0.03520 0.49663
vt 0.02003 0.49528
vt 0.02814 0.47984
vt 0.02814 0.47984
vt 0.03184 0.46436
vt 0.04532 0.47775
vt 0.04093 0.43774
vt 0.03796 0.42207
vt 0.05051 0.42850
vt 0.02763 0.43417
vt 0.03796 0.42207
vt 0.04093 0.43774
vt 0.02376 0.41591
vt 0.03205 0.40872
vt 0.03796 0.42207
vt 0.43186 0.74255
vt 0.43913 0.75159
vt 0.41122 0.76550
vt 0.53565 0.62531
vt 0.52400 0.62373
vt 0.53132 0.61794
vt 0.01142 0.47355
vt 0.03184 0.46436
vt 0.02814 0.47984
vt 0.43032 0.76894
vt 0.41122 0.76550
vt 0.43913 0.75159
vt 0.01200 0.45047
vt 0.00838 0.43422
vt 0.02763 0.43417
vt 0.00838 0.43422
vt 0.01289 0.41986
vt 0.02763 0.43417
vt 0.01289 0.41986
vt 0.01451 0.40289
vt 0.02376 0.41591
vt 0.50898 0.62960
vt 0.50447 0.62031
vt 0.52400 0.62373
vt 0.53132 0.61794
vt 0.52400 0.62373
vt 0.51051 0.60751
vt 0.51051 0.60751
vt 0.52400 0.62373
vt 0.50447 0.62031
vt 0.92757 0.39858
vt 0.93841 0.38724
vt 0.93634 0.40355
vt 0.64211 0.85991
vt 0.63839 0.87019
vt 0.61983 0.86584
vt 0.63839 0.87019
vt 0.64211 0.85991
vt 0.64875 0.87456
vt 0.64211 0.85991
vt 0.66424 0.86316
vt 0.64875 0.87456
vt 0.68768 0.84551
vt 0.68543 0.86580
vt 0.66424 0.86316
vt 0.00838 0.43422
vt 0.00446 0.41513
vt 0.01289 0.41986
vt 0.00446 0.41513
vt 0.00308 0.40261
vt 0.01289 0.41986
vt 0.68543 0.86580
vt 0.68768 0.84551
vt 0.69739 0.84907
vt 0.63607 0.82615
vt 0.63673 0.83705
vt 0.61598 0.84111
vt 0.64211 0.85991
vt 0.62756 0.85195
vt 0.65315 0.83708
vt 0.69134 0.05068
vt 0.68462 0.07078
vt 0.67279 0.04405
vt 0.79351 0.69151
vt 0.79979 0.69420
vt 0.80203 0.71168
vt 0.32091 0.93591
vt 0.33745 0.94590
vt 0.32007 0.95871
vt 0.33745 0.94590
vt 0.33961 0.96131
vt 0.32007 0.95871
vt 0.65315 0.83708
vt 0.65533 0.82511
vt 0.66509 0.82650
vt 0.32091 0.93591
vt 0.32007 0.95871
vt 0.29839 0.94589
vt 0.33745 0.94590
vt 0.34949 0.94647
vt 0.34999 0.96000
vt 0.34949 0.94647
vt 0.35805 0.95126
vt 0.34999 0.96000
vt 0.75870 0.73733
vt 0.75558 0.71885
vt 0.77293 0.73174
vt 0.48915 0.59969
vt 0.48674 0.58720
vt 0.50035 0.59709
vt 0.75558 0.71885
vt 0.78245 0.71846
vt 0.77293 0.73174
vt 0.30960 0.67045
vt 0.30941 0.65935
vt 0.33052 0.66828
vt 0.35400 0.93248
vt 0.33745 0.94590
vt 0.34925 0.91919
vt 0.72696 0.53491
vt 0.71898 0.52705
vt 0.73718 0.53075
vt 0.33268 0.65461
vt 0.30941 0.65935
vt 0.33573 0.63908
vt 0.76986 0.70864
vt 0.77837 0.70339
vt 0.78245 0.71846
vt 0.30960 0.67045
vt 0.29983 0.67334
vt 0.30941 0.65935
vt 0.30941 0.65935
vt 0.31904 0.63403
vt 0.33573 0.63908
vt 0.09504 0.67204
vt 0.09157 0.68140
vt 0.07678 0.66138
vt 0.33745 0.94590
vt 0.32091 0.93591
vt 0.33464 0.91907
vt 0.33464 0.91907
vt 0.34925 0.91919
vt 0.33745 0.94590
vt 0.34925 0.91919
vt 0.35830 0.92083
vt 0.35400 0.93248
vt 0.74725 0.54053
vt 0.73419 0.54779
vt 0.73718 0.53075
vt 0.09504 0.67204
vt 0.07678 0.66138
vt 0.08369 0.65345
vt 0.72696 0.53491
vt 0.71686 0.53733
vt 0.71898 0.52705
vt 0.30941 0.65935
vt 0.29983 0.67334
vt 0.28016 0.66529
vt 0.30941 0.65935
vt 0.30073 0.65449
vt 0.31904 0.63403
vt 0.30039 0.63488
vt 0.31904 0.63403
vt 0.30073 0.65449
vt 0.08502 0.70681
vt 0.07492 0.69940
vt 0.08174 0.68843
vt 0.92428 0.79296
vt 0.94019 0.78351
vt 0.94058 0.79733
vt 0.94019 0.78351
vt 0.93211 0.76978
vt 0.94063 0.77728
vt 0.92428 0.79296
vt 0.93211 0.76978
vt 0.94019 0.78351
vt 0.71376 0.73931
vt 0.72351 0.74432
vt 0.72157 0.74778
vt 0.72723 0.56924
vt 0.72573 0.55633
vt 0.74881 0.55844
vt 0.09157 0.68140
vt 0.09504 0.67204
vt 0.11423 0.68029
vt 0.11423 0.68029
vt 0.10490 0.69117
vt 0.09157 0.68140
vt 0.28016 0.66529
vt 0.27263 0.64970
vt 0.30073 0.65449
vt 0.71376 0.73931
vt 0.71509 0.72192
vt 0.72554 0.72738
vt 0.74317 0.57711
vt 0.72723 0.56924
vt 0.74881 0.55844
vt 0.27940 0.62520
vt 0.28849 0.61900
vt 0.30039 0.63488
vt 0.10490 0.69117
vt 0.08174 0.68843
vt 0.09157 0.68140
vt 0.10111 0.70367
vt 0.08174 0.68843
vt 0.10490 0.69117
vt 0.09541 0.72518
vt 0.08502 0.70681
vt 0.10111 0.70367
vt 0.41939 0.67095
vt 0.40760 0.69435
vt 0.40078 0.67949
vt 0.35541 0.66818
vt 0.38387 0.69524
vt 0.34105 0.70839
vt 0.28079 0.33220
vt 0.31045 0.29951
vt 0.29693 0.34592
vt 0.27364 0.38702
vt 0.26948 0.37336
vt 0.28759 0.37984
vt 0.27780 0.36037
vt 0.28079 0.33220
vt 0.29693 0.34592
vt 0.35625 0.72017
vt 0.39030 0.74961
vt 0.36786 0.75718
vt 0.39030 0.74961
vt 0.41122 0.76550
vt 0.38582 0.78032
vt 0.39030 0.74961
vt 0.38582 0.78032
vt 0.36786 0.75718
vt 0.35625 0.72017
vt 0.33727 0.72626
vt 0.34105 0.70839
vt 0.26960 0.35170
vt 0.26886 0.33250
vt 0.28079 0.33220
vt 0.36786 0.75718
vt 0.33727 0.72626
vt 0.35625 0.72017
vt 0.28079 0.33220
vt 0.26886 0.33250
vt 0.26457 0.30623
vt 0.36786 0.75718
vt 0.33995 0.78308
vt 0.32809 0.76243
vt 0.27972 0.28656
vt 0.26195 0.29053
vt 0.26156 0.27554
vt 0.53009 0.53925
vt 0.55122 0.54943
vt 0.51929 0.58388
vt 0.51929 0.58388
vt 0.53131 0.60294
vt 0.51051 0.60751
vt 0.51929 0.58388
vt 0.51051 0.60751
vt 0.50035 0.59709
vt 0.50035 0.59709
vt 0.48674 0.58720
vt 0.49939 0.57780
vt 0.50035 0.59709
vt 0.49939 0.57780
vt 0.51929 0.58388
vt 0.56428 0.51960
vt 0.57943 0.51574
vt 0.57471 0.54634
vt 0.31904 0.63403
vt 0.31751 0.62018
vt 0.32810 0.62296
vt 0.50343 0.55380
vt 0.51929 0.58388
vt 0.49939 0.57780
vt 0.26714 0.75136
vt 0.28676 0.77523
vt 0.26060 0.77857
vt 0.32357 0.58977
vt 0.33291 0.59777
vt 0.31751 0.62018
vt 0.53009 0.53925
vt 0.56216 0.50200
vt 0.55079 0.53218
vt 0.30149 0.59451
vt 0.31751 0.62018
vt 0.30039 0.63488
vt 0.50457 0.52716
vt 0.53009 0.53925
vt 0.50343 0.55380
vt 0.09804 0.56901
vt 0.04207 0.58443
vt 0.05858 0.55352
vt 0.11636 0.63363
vt 0.09804 0.56901
vt 0.11540 0.58863
vt 0.09804 0.56901
vt 0.06307 0.61704
vt 0.04207 0.58443
vt 0.11636 0.63363
vt 0.06307 0.61704
vt 0.09804 0.56901
vt 0.06307 0.61704
vt 0.01818 0.60926
vt 0.04207 0.58443
vt 0.06387 0.64453
vt 0.03612 0.65015
vt 0.06307 0.61704
vt 0.56428 0.51960
vt 0.56216 0.50200
vt 0.57943 0.51574
vt 0.55555 0.47955
vt 0.55560 0.45870
vt 0.57766 0.48561
vt 0.55560 0.45870
vt 0.56562 0.43244
vt 0.57766 0.48561
vt 0.05858 0.55352
vt 0.02570 0.55155
vt 0.03373 0.53482
vt 0.00549 0.60070
vt 0.00461 0.57822
vt 0.04207 0.58443
vt 0.00549 0.60070
vt 0.04207 0.58443
vt 0.01818 0.60926
vt 0.01818 0.60926
vt 0.00390 0.62355
vt 0.00549 0.60070
vt 0.30632 0.27881
vt 0.27972 0.28656
vt 0.29373 0.26802
vt 0.14386 0.63566
vt 0.11636 0.63363
vt 0.14150 0.62298
vt 0.41122 0.76550
vt 0.39739 0.78250
vt 0.38582 0.78032
vt 0.53132 0.61794
vt 0.53131 0.60294
vt 0.54778 0.61396
vt 0.56001 0.60426
vt 0.54778 0.61396
vt 0.53131 0.60294
vt 0.56412 0.58133
vt 0.56001 0.60426
vt 0.53131 0.60294
vt 0.27972 0.28656
vt 0.27678 0.26069
vt 0.29373 0.26802
vt 0.14386 0.63566
vt 0.14062 0.65565
vt 0.11636 0.63363
vt 0.26038 0.26652
vt 0.27972 0.28656
vt 0.26156 0.27554
vt 0.12571 0.66099
vt 0.11636 0.63363
vt 0.14062 0.65565
vt 0.12571 0.66099
vt 0.10036 0.65199
vt 0.11636 0.63363
vt 0.57943 0.51574
vt 0.59494 0.51831
vt 0.58637 0.55006
vt 0.31045 0.29951
vt 0.30632 0.27881
vt 0.32197 0.28119
vt 0.13570 0.60936
vt 0.11636 0.63363
vt 0.11540 0.58863
vt 0.14150 0.62298
vt 0.11636 0.63363
vt 0.13570 0.60936
vt 0.68600 0.92457
vt 0.67543 0.92564
vt 0.68884 0.91474
vt 0.68000 0.87726
vt 0.69383 0.88193
vt 0.67420 0.89991
vt 0.67420 0.89991
vt 0.67543 0.92564
vt 0.66146 0.93021
vt 0.67420 0.89991
vt 0.66146 0.93021
vt 0.64603 0.91550
vt 0.65947 0.89420
vt 0.67420 0.89991
vt 0.64603 0.91550
vt 0.75650 0.54075
vt 0.75119 0.52003
vt 0.76677 0.53837
vt 0.78929 0.52776
vt 0.76677 0.53837
vt 0.78590 0.50642
vt 0.80379 0.53408
vt 0.78929 0.52776
vt 0.80135 0.52050
vt 0.78590 0.50642
vt 0.79293 0.50779
vt 0.78929 0.52776
vt 0.80135 0.52050
vt 0.78929 0.52776
vt 0.79293 0.50779
vt 0.74532 0.49756
vt 0.78590 0.50642
vt 0.75119 0.52003
vt 0.40910 0.63780
vt 0.39664 0.61373
vt 0.41748 0.63636
vt 0.40910 0.63780
vt 0.39729 0.63202
vt 0.39664 0.61373
vt 0.42486 0.61467
vt 0.41748 0.63636
vt 0.39664 0.61373
vt 0.38535 0.62224
vt 0.37772 0.61160
vt 0.39664 0.61373
vt 0.26476 0.11256
vt 0.27534 0.12089
vt 0.23623 0.12049
vt 0.35400 0.60070
vt 0.38758 0.58844
vt 0.37772 0.61160
vt 0.26476 0.11256
vt 0.23623 0.12049
vt 0.24599 0.11009
vt 0.36291 0.57958
vt 0.37436 0.57081
vt 0.38758 0.58844
vt 0.23623 0.12049
vt 0.22885 0.11012
vt 0.24599 0.11009
vt 0.32781 0.89536
vt 0.31677 0.88598
vt 0.34467 0.88667
vt 0.36282 0.96104
vt 0.37478 0.95459
vt 0.36807 0.97966
vt 0.32727 0.85055
vt 0.34912 0.85824
vt 0.34467 0.88667
vt 0.49625 0.67451
vt 0.49582 0.69062
vt 0.47789 0.68133
vt 0.98806 0.45982
vt 0.98374 0.49175
vt 0.97081 0.47665
vt 0.49582 0.69062
vt 0.49841 0.70285
vt 0.48972 0.70549
vt 0.09327 0.02225
vt 0.09126 0.00473
vt 0.10080 0.01342
vt 0.48153 0.70115
vt 0.47789 0.68133
vt 0.49582 0.69062
vt 0.48153 0.70115
vt 0.49582 0.69062
vt 0.48972 0.70549
vt 0.35800 0.87709
vt 0.34912 0.85824
vt 0.36124 0.86190
vt 0.48252 0.66762
vt 0.47789 0.68133
vt 0.46963 0.67206
vt 0.98913 0.02241
vt 0.98473 0.03690
vt 0.97544 0.02772
vt 0.47647 0.70764
vt 0.46496 0.69153
vt 0.48153 0.70115
vt 0.46759 0.70622
vt 0.46496 0.69153
vt 0.47647 0.70764
vt 0.36678 0.85488
vt 0.36124 0.86190
vt 0.34912 0.85824
vt 0.28404 0.68744
vt 0.29308 0.68347
vt 0.29056 0.68971
vt 0.45695 0.70004
vt 0.46496 0.69153
vt 0.46759 0.70622
vt 0.98806 0.45982
vt 0.98165 0.43540
vt 0.98708 0.44063
vt 0.53882 0.09814
vt 0.59383 0.16584
vt 0.50633 0.12987
vt 0.34758 0.82752
vt 0.32727 0.85055
vt 0.32110 0.82687
vt 0.44980 0.69389
vt 0.44366 0.69491
vt 0.44361 0.68135
vt 0.30987 0.70797
vt 0.30338 0.69937
vt 0.31689 0.68510
vt 0.43600 0.66618
vt 0.44361 0.68135
vt 0.43122 0.67841
vt 0.98165 0.43540
vt 0.95912 0.44430
vt 0.96039 0.43286
vt 0.34758 0.82752
vt 0.34366 0.80991
vt 0.35384 0.80760
vt 0.34758 0.82752
vt 0.35384 0.80760
vt 0.36429 0.81444
vt 0.32659 0.68687
vt 0.32062 0.69737
vt 0.31689 0.68510
vt 0.32062 0.69737
vt 0.32069 0.70875
vt 0.30987 0.70797
vt 0.43122 0.67841
vt 0.42824 0.66405
vt 0.43600 0.66618
vt 0.97069 0.66144
vt 0.98134 0.67420
vt 0.95582 0.67239
vt 0.94135 0.68680
vt 0.95582 0.67239
vt 0.95858 0.69405
vt 0.86039 0.01782
vt 0.84424 0.01015
vt 0.85441 0.00282
vt 0.84424 0.01015
vt 0.86039 0.01782
vt 0.84819 0.01891
vt 0.32558 0.67492
vt 0.32659 0.68687
vt 0.31689 0.68510
vt 0.50389 0.74034
vt 0.52464 0.75162
vt 0.50385 0.75283
vt 0.34366 0.80991
vt 0.34742 0.80211
vt 0.35384 0.80760
vt 0.94349 0.67544
vt 0.95582 0.67239
vt 0.94135 0.68680
vt 0.50389 0.74034
vt 0.52219 0.72590
vt 0.52464 0.75162
vt 0.99770 0.67963
vt 0.98134 0.67420
vt 0.99453 0.65785
vt 0.99770 0.67963
vt 0.99073 0.69483
vt 0.98134 0.67420
vt 0.52464 0.75162
vt 0.52219 0.72590
vt 0.54255 0.75057
vt 0.52219 0.72590
vt 0.54772 0.73062
vt 0.54255 0.75057
vt 0.54255 0.75057
vt 0.57300 0.72935
vt 0.56273 0.75610
vt 0.71821 0.88240
vt 0.71039 0.90384
vt 0.69383 0.88193
vt 0.32727 0.85055
vt 0.34467 0.88667
vt 0.31677 0.88598
vt 0.70899 0.87257
vt 0.71821 0.88240
vt 0.69383 0.88193
vt 0.30230 0.84304
vt 0.28574 0.85662
vt 0.28217 0.83970
vt 0.30657 0.86036
vt 0.30230 0.84304
vt 0.32727 0.85055
vt 0.45637 0.64442
vt 0.47995 0.65294
vt 0.47374 0.65859
vt 0.46291 0.66396
vt 0.45637 0.64442
vt 0.47374 0.65859
vt 0.30230 0.84304
vt 0.28217 0.83970
vt 0.29453 0.82230
vt 0.29453 0.82230
vt 0.32110 0.82687
vt 0.30230 0.84304
vt 0.28217 0.83970
vt 0.26222 0.81516
vt 0.28522 0.81316
vt 0.28522 0.81316
vt 0.26222 0.81516
vt 0.27619 0.79679
vt 0.34366 0.80991
vt 0.32110 0.82687
vt 0.31879 0.80681
vt 0.34366 0.80991
vt 0.31879 0.80681
vt 0.32703 0.80161
vt 0.27619 0.79679
vt 0.26222 0.81516
vt 0.26122 0.79518
vt 0.37936 0.54237
vt 0.36759 0.53252
vt 0.39109 0.53272
vt 0.42486 0.61467
vt 0.45038 0.59605
vt 0.44540 0.62620
vt 0.45038 0.59605
vt 0.46486 0.60724
vt 0.44540 0.62620
vt 0.39109 0.53272
vt 0.36759 0.53252
vt 0.38547 0.51729
vt 0.39109 0.53272
vt 0.38547 0.51729
vt 0.40356 0.52641
vt 0.40356 0.52641
vt 0.38547 0.51729
vt 0.41080 0.51802
vt 0.34715 0.53970
vt 0.33488 0.53499
vt 0.34911 0.51417
vt 0.42486 0.61467
vt 0.42114 0.57081
vt 0.45038 0.59605
vt 0.33488 0.53499
vt 0.33838 0.50465
vt 0.34911 0.51417
vt 0.38547 0.51729
vt 0.34911 0.51417
vt 0.37885 0.49370
vt 0.52219 0.72590
vt 0.51320 0.70053
vt 0.52243 0.68379
vt 0.38547 0.51729
vt 0.37885 0.49370
vt 0.39552 0.50071
vt 0.34911 0.51417
vt 0.33838 0.50465
vt 0.34288 0.48316
vt 0.52219 0.72590
vt 0.52243 0.68379
vt 0.54223 0.70751
vt 0.23623 0.12049
vt 0.14695 0.11648
vt 0.21238 0.10963
vt 0.22885 0.11012
vt 0.23623 0.12049
vt 0.21238 0.10963
vt 0.91581 0.07111
vt 0.94137 0.08093
vt 0.91414 0.08525
vt 0.91414 0.08525
vt 0.94137 0.08093
vt 0.91925 0.09801
vt 0.11632 0.46686
vt 0.13146 0.49881
vt 0.11378 0.49088
vt 0.94137 0.08093
vt 0.95517 0.07300
vt 0.95795 0.08287
vt 0.93814 0.05825
vt 0.94137 0.08093
vt 0.91581 0.07111
vt 0.08236 0.46393
vt 0.07697 0.46588
vt 0.07873 0.45516
vt 0.08846 0.48183
vt 0.08236 0.46393
vt 0.08776 0.45105
vt 0.92244 0.05431
vt 0.93814 0.05825
vt 0.91581 0.07111
vt 0.93814 0.05825
vt 0.95829 0.06042
vt 0.95517 0.07300
vt 0.07873 0.45516
vt 0.08776 0.45105
vt 0.08236 0.46393
vt 0.08776 0.45105
vt 0.10590 0.44621
vt 0.11632 0.46686
vt 0.98621 0.01142
vt 0.98913 0.02241
vt 0.97544 0.02772
vt 0.92753 0.04409
vt 0.92244 0.05431
vt 0.92245 0.04468
vt 0.94162 0.04245
vt 0.95555 0.04554
vt 0.93814 0.05825
vt 0.08413 0.44021
vt 0.09349 0.43533
vt 0.08776 0.45105
vt 0.09349 0.43533
vt 0.10590 0.44621
vt 0.08776 0.45105
vt 0.11814 0.43135
vt 0.12492 0.44825
vt 0.10590 0.44621
vt 0.98621 0.01142
vt 0.99215 0.00334
vt 0.99335 0.00848
vt 0.92753 0.04409
vt 0.93059 0.03628
vt 0.94162 0.04245
vt 0.94162 0.04245
vt 0.95306 0.03394
vt 0.95555 0.04554
vt 0.95306 0.03394
vt 0.96322 0.03409
vt 0.95555 0.04554
vt 0.13709 0.43268
vt 0.14303 0.45097
vt 0.12492 0.44825
vt 0.99771 0.42284
vt 0.99470 0.43211
vt 0.98165 0.43540
vt 0.95306 0.03394
vt 0.95629 0.01691
vt 0.96346 0.02770
vt 0.96346 0.02770
vt 0.96322 0.03409
vt 0.95306 0.03394
vt 0.10838 0.42379
vt 0.11814 0.43135
vt 0.09349 0.43533
vt 0.97388 0.69042
vt 0.95858 0.69405
vt 0.95582 0.67239
vt 0.96661 0.01698
vt 0.96346 0.02770
vt 0.95629 0.01691
vt 0.09529 0.42497
vt 0.10838 0.42379
vt 0.09349 0.43533
vt 0.09832 0.41954
vt 0.10838 0.42379
vt 0.09529 0.42497
vt 0.93605 0.02735
vt 0.93396 0.02458
vt 0.93230 0.01636
vt 0.93605 0.02735
vt 0.94126 0.01002
vt 0.95306 0.03394
vt 0.97441 0.70485
vt 0.95858 0.69405
vt 0.97388 0.69042
vt 0.62028 0.66301
vt 0.61550 0.66931
vt 0.61172 0.65041
vt 0.11814 0.43135
vt 0.13909 0.41710
vt 0.13709 0.43268
vt 0.97441 0.70485
vt 0.97388 0.69042
vt 0.99073 0.69483
vt 0.50519 0.01982
vt 0.57828 0.03754
vt 0.53882 0.09814
vt 0.71666 0.05831
vt 0.68462 0.07078
vt 0.70067 0.05966
vt 0.94346 0.70328
vt 0.93959 0.72361
vt 0.93855 0.71543
vt 0.63116 0.62537
vt 0.64402 0.61869
vt 0.64699 0.62984
vt 0.64699 0.62984
vt 0.63594 0.63764
vt 0.63116 0.62537
vt 0.63594 0.63764
vt 0.63805 0.66257
vt 0.62333 0.64234
vt 0.61550 0.66931
vt 0.62218 0.69051
vt 0.61263 0.67936
vt 0.57300 0.72935
vt 0.58920 0.75058
vt 0.57573 0.75598
vt 0.65163 0.65807
vt 0.63805 0.66257
vt 0.63594 0.63764
vt 0.13941 0.40379
vt 0.14354 0.39815
vt 0.15852 0.40459
vt 0.98957 0.71635
vt 0.99776 0.72172
vt 0.99403 0.72940
vt 0.63022 0.67550
vt 0.63805 0.66257
vt 0.65512 0.68224
vt 0.64103 0.70458
vt 0.62218 0.69051
vt 0.65512 0.68224
vt 0.93697 0.67144
vt 0.90977 0.67472
vt 0.93248 0.65439
vt 0.21746 0.50202
vt 0.23975 0.49672
vt 0.23396 0.51182
vt 0.18932 0.47774
vt 0.21365 0.46520
vt 0.21746 0.50202
vt 0.86044 0.95439
vt 0.85548 0.96749
vt 0.84035 0.95727
vt 0.85548 0.96749
vt 0.86044 0.95439
vt 0.87249 0.96360
vt 0.21365 0.46520
vt 0.23403 0.47260
vt 0.23389 0.48536
vt 0.17113 0.44992
vt 0.20642 0.44195
vt 0.18932 0.47774
vt 0.21365 0.46520
vt 0.22808 0.45225
vt 0.23403 0.47260
vt 0.88182 0.97040
vt 0.87275 0.97500
vt 0.87249 0.96360
vt 0.17811 0.43394
vt 0.20642 0.44195
vt 0.17113 0.44992
vt 0.20642 0.44195
vt 0.22808 0.45225
vt 0.21365 0.46520
vt 0.51006 0.95465
vt 0.50638 0.96562
vt 0.51015 0.94678
vt 0.50638 0.96562
vt 0.49583 0.94830
vt 0.51015 0.94678
vt 0.50638 0.96562
vt 0.48126 0.94877
vt 0.49583 0.94830
vt 0.22966 0.43518
vt 0.22808 0.45225
vt 0.20642 0.44195
vt 0.48126 0.94877
vt 0.48441 0.93552
vt 0.49583 0.94830
vt 0.18320 0.40518
vt 0.18643 0.42051
vt 0.17454 0.42386
vt 0.18643 0.42051
vt 0.21599 0.41628
vt 0.20642 0.44195
vt 0.02631 0.20719
vt 0.06108 0.28696
vt 0.01458 0.29095
vt 0.17811 0.43394
vt 0.17113 0.44992
vt 0.15575 0.42807
vt 0.13909 0.41710
vt 0.15852 0.40459
vt 0.15575 0.42807
vt 0.15575 0.42807
vt 0.15852 0.40459
vt 0.17454 0.42386
vt 0.15332 0.39270
vt 0.15852 0.40459
vt 0.14354 0.39815
vt 0.45894 0.07501
vt 0.53882 0.09814
vt 0.50633 0.12987
vt 0.46056 0.57350
vt 0.42114 0.57081
vt 0.44180 0.55115
vt 0.34288 0.48316
vt 0.33838 0.50465
vt 0.33499 0.47898
vt 0.37885 0.49370
vt 0.34911 0.51417
vt 0.36197 0.48512
vt 0.54223 0.70751
vt 0.56049 0.70037
vt 0.54772 0.73062
vt 0.56049 0.70037
vt 0.57300 0.72935
vt 0.54772 0.73062
vt 0.52243 0.68379
vt 0.52747 0.66456
vt 0.54700 0.68525
vt 0.52243 0.68379
vt 0.54700 0.68525
vt 0.54223 0.70751
vt 0.52323 0.64554
vt 0.52827 0.63255
vt 0.53343 0.63146
vt 0.47831 0.54991
vt 0.45619 0.54066
vt 0.47545 0.53552
vt 0.54700 0.68525
vt 0.56049 0.70037
vt 0.54223 0.70751
vt 0.45619 0.54066
vt 0.46070 0.51591
vt 0.47545 0.53552
vt 0.53343 0.63146
vt 0.55101 0.62173
vt 0.54867 0.64964
vt 0.54867 0.64964
vt 0.55101 0.62173
vt 0.56762 0.65556
vt 0.57258 0.62009
vt 0.56762 0.65556
vt 0.55101 0.62173
vt 0.39318 0.56305
vt 0.38637 0.55406
vt 0.40900 0.54028
vt 0.42114 0.57081
vt 0.40900 0.54028
vt 0.44180 0.55115
vt 0.19763 0.09117
vt 0.21238 0.10963
vt 0.18277 0.08495
vt 0.40900 0.54028
vt 0.42816 0.52684
vt 0.44180 0.55115
vt 0.44180 0.55115
vt 0.42816 0.52684
vt 0.45619 0.54066
vt 0.45685 0.50043
vt 0.42996 0.49550
vt 0.43712 0.48177
vt 0.97751 0.73464
vt 0.98957 0.71635
vt 0.99403 0.72940
vt 0.99247 0.74507
vt 0.97751 0.73464
vt 0.99403 0.72940
vt 0.68303 0.67188
vt 0.65512 0.68224
vt 0.66285 0.66345
vt 0.92781 0.16251
vt 0.92264 0.17284
vt 0.91129 0.16236
vt 0.68303 0.67188
vt 0.68366 0.68767
vt 0.65512 0.68224
vt 0.61902 0.74540
vt 0.59803 0.72555
vt 0.61327 0.72472
vt 0.92875 0.19373
vt 0.91439 0.20190
vt 0.92264 0.17284
vt 0.92264 0.17284
vt 0.89428 0.16741
vt 0.91129 0.16236
vt 0.89621 0.18759
vt 0.89428 0.16741
vt 0.92264 0.17284
vt 0.69162 0.68479
vt 0.68366 0.68767
vt 0.68303 0.67188
vt 0.69393 0.70104
vt 0.68600 0.71522
vt 0.68366 0.68767
vt 0.89428 0.16741
vt 0.89621 0.18759
vt 0.87415 0.17740
vt 0.90049 0.55888
vt 0.88859 0.54960
vt 0.89982 0.53764
vt 0.91873 0.22227
vt 0.89199 0.20900
vt 0.91439 0.20190
vt 0.88602 0.56255
vt 0.88859 0.54960
vt 0.90049 0.55888
vt 0.89621 0.18759
vt 0.89199 0.20900
vt 0.87057 0.20388
vt 0.91043 0.54616
vt 0.90901 0.56351
vt 0.90049 0.55888
vt 0.90109 0.58630
vt 0.88348 0.57252
vt 0.90049 0.55888
vt 0.87896 0.16492
vt 0.87415 0.17740
vt 0.85678 0.16921
vt 0.90901 0.56351
vt 0.90109 0.58630
vt 0.90049 0.55888
vt 0.87669 0.22380
vt 0.87057 0.20388
vt 0.89199 0.20900
vt 0.89199 0.20900
vt 0.88868 0.22417
vt 0.87669 0.22380
vt 0.87669 0.22380
vt 0.85804 0.21961
vt 0.87057 0.20388
vt 0.87057 0.20388
vt 0.84514 0.18308
vt 0.87415 0.17740
vt 0.84514 0.18308
vt 0.82672 0.17745
vt 0.84439 0.17087
vt 0.84514 0.18308
vt 0.82685 0.19250
vt 0.82672 0.17745
vt 0.60513 0.79212
vt 0.59591 0.77089
vt 0.60392 0.77098
vt 0.83973 0.20763
vt 0.87057 0.20388
vt 0.85804 0.21961
vt 0.58098 0.67983
vt 0.58624 0.70253
vt 0.56049 0.70037
vt 0.92732 0.21481
vt 0.92342 0.24164
vt 0.91873 0.22227
vt 0.58098 0.67983
vt 0.59876 0.66924
vt 0.60202 0.68267
vt 0.59876 0.66924
vt 0.58098 0.67983
vt 0.58773 0.63909
vt 0.60751 0.63860
vt 0.58773 0.63909
vt 0.59445 0.60052
vt 0.58773 0.63909
vt 0.57258 0.62009
vt 0.59445 0.60052
vt 0.60291 0.65084
vt 0.58773 0.63909
vt 0.60751 0.63860
vt 0.92414 0.25332
vt 0.90199 0.24279
vt 0.92342 0.24164
vt 0.58214 0.81318
vt 0.59270 0.80226
vt 0.59034 0.81355
vt 0.60751 0.63860
vt 0.59445 0.60052
vt 0.61238 0.60240
vt 0.47326 0.35660
vt 0.48870 0.34612
vt 0.47616 0.36939
vt 0.50616 0.37513
vt 0.49992 0.38443
vt 0.47616 0.36939
vt 0.45972 0.32905
vt 0.48870 0.34612
vt 0.47326 0.35660
vt 0.48870 0.34612
vt 0.45972 0.32905
vt 0.47968 0.32435
vt 0.66508 0.10613
vt 0.60605 0.10281
vt 0.68462 0.07078
vt 0.48014 0.47035
vt 0.47838 0.49011
vt 0.46197 0.45594
vt 0.21599 0.41628
vt 0.18983 0.39451
vt 0.21357 0.39119
vt 0.21599 0.41628
vt 0.22917 0.38463
vt 0.24912 0.40947
vt 0.19585 0.38485
vt 0.21031 0.38167
vt 0.21357 0.39119
vt 0.22917 0.38463
vt 0.25046 0.38873
vt 0.24912 0.40947
vt 0.42829 0.84445
vt 0.41417 0.84699
vt 0.41697 0.83827
vt 0.62065 0.76932
vt 0.62753 0.76586
vt 0.62563 0.77459
vt 0.21357 0.39119
vt 0.21822 0.37700
vt 0.22917 0.38463
vt 0.26406 0.38474
vt 0.25824 0.39863
vt 0.25046 0.38873
vt 0.23270 0.37654
vt 0.25046 0.38873
vt 0.22917 0.38463
vt 0.63410 0.79833
vt 0.63723 0.81391
vt 0.61267 0.80482
vt 0.61267 0.80482
vt 0.63723 0.81391
vt 0.61995 0.81479
vt 0.92371 0.47729
vt 0.94223 0.48445
vt 0.93192 0.49520
vt 0.94278 0.50287
vt 0.94223 0.48445
vt 0.95617 0.49558
vt 0.90873 0.44408
vt 0.92318 0.45464
vt 0.90128 0.46213
vt 0.92318 0.45464
vt 0.94223 0.48445
vt 0.92371 0.47729
vt 0.95053 0.44388
vt 0.94458 0.46828
vt 0.92318 0.45464
vt 0.62352 0.71971
vt 0.63461 0.71630
vt 0.62374 0.73310
vt 0.62335 0.75301
vt 0.62115 0.74164
vt 0.62374 0.73310
vt 0.62335 0.75301
vt 0.62374 0.73310
vt 0.64001 0.74247
vt 0.68600 0.71522
vt 0.67894 0.73075
vt 0.65676 0.72683
vt 0.65192 0.77276
vt 0.62563 0.77459
vt 0.62753 0.76586
vt 0.67894 0.73075
vt 0.67209 0.76203
vt 0.65676 0.72683
vt 0.68600 0.71522
vt 0.69519 0.71879
vt 0.69240 0.72668
vt 0.67894 0.73075
vt 0.69240 0.72668
vt 0.69352 0.74436
vt 0.67828 0.78805
vt 0.66113 0.79358
vt 0.67209 0.76203
vt 0.70457 0.74476
vt 0.70275 0.76433
vt 0.69352 0.74436
vt 0.90109 0.58630
vt 0.89147 0.59473
vt 0.88716 0.58903
vt 0.70275 0.76433
vt 0.67828 0.78805
vt 0.67209 0.76203
vt 0.70275 0.76433
vt 0.70457 0.74476
vt 0.71285 0.75675
vt 0.69964 0.78520
vt 0.67828 0.78805
vt 0.70275 0.76433
vt 0.68391 0.41593
vt 0.68448 0.39970
vt 0.69711 0.41707
vt 0.87720 0.42966
vt 0.89061 0.43994
vt 0.87085 0.43759
vt 0.68448 0.39970
vt 0.68219 0.39152
vt 0.69218 0.37874
vt 0.71133 0.40572
vt 0.69711 0.41707
vt 0.68448 0.39970
vt 0.71133 0.40572
vt 0.71190 0.41747
vt 0.69711 0.41707
vt 0.32280 0.09203
vt 0.45894 0.07501
vt 0.40370 0.14259
vt 0.09144 0.17897
vt 0.02306 0.14004
vt 0.06396 0.07517
vt 0.55348 0.37982
vt 0.54999 0.36599
vt 0.56791 0.35545
vt 0.57621 0.38577
vt 0.55348 0.37982
vt 0.56791 0.35545
vt 0.57621 0.38577
vt 0.56791 0.35545
vt 0.60176 0.37687
vt 0.55729 0.78889
vt 0.55366 0.77123
vt 0.56329 0.77461
vt 0.56981 0.76034
vt 0.56329 0.77461
vt 0.55366 0.77123
vt 0.48406 0.30874
vt 0.47968 0.32435
vt 0.46133 0.30022
vt 0.47968 0.32435
vt 0.48406 0.30874
vt 0.51060 0.31712
vt 0.51060 0.31712
vt 0.48870 0.34612
vt 0.47968 0.32435
vt 0.56791 0.35545
vt 0.53977 0.34878
vt 0.55695 0.31943
vt 0.53977 0.34878
vt 0.53685 0.31943
vt 0.55695 0.31943
vt 0.56791 0.35545
vt 0.56800 0.32326
vt 0.58190 0.32504
vt 0.48111 0.45026
vt 0.46197 0.45594
vt 0.47981 0.44242
vt 0.45972 0.32905
vt 0.46133 0.30022
vt 0.47968 0.32435
vt 0.77285 0.77178
vt 0.75625 0.76145
vt 0.76581 0.75359
vt 0.89061 0.43994
vt 0.89092 0.42663
vt 0.90873 0.44408
vt 0.59594 0.39517
vt 0.57621 0.38577
vt 0.60176 0.37687
vt 0.90873 0.44408
vt 0.89092 0.42663
vt 0.91091 0.42291
vt 0.71133 0.40572
vt 0.72856 0.41888
vt 0.71783 0.41820
vt 0.93396 0.42113
vt 0.92318 0.45464
vt 0.90873 0.44408
vt 0.61711 0.38553
vt 0.60726 0.39436
vt 0.60176 0.37687
vt 0.71133 0.40572
vt 0.73503 0.41026
vt 0.72856 0.41888
vt 0.91091 0.42291
vt 0.93396 0.42113
vt 0.90873 0.44408
vt 0.66365 0.39764
vt 0.67500 0.37474
vt 0.67817 0.38270
vt 0.71133 0.40572
vt 0.70973 0.38146
vt 0.72977 0.39257
vt 0.72977 0.39257
vt 0.73503 0.41026
vt 0.71133 0.40572
vt 0.67500 0.37474
vt 0.68784 0.37508
vt 0.67817 0.38270
vt 0.77553 0.75224
vt 0.79290 0.75523
vt 0.77285 0.77178
vt 0.70973 0.38146
vt 0.73250 0.37562
vt 0.72977 0.39257
vt 0.73765 0.38859
vt 0.73503 0.41026
vt 0.72977 0.39257
vt 0.65307 0.35729
vt 0.67500 0.37474
vt 0.63906 0.37425
vt 0.67500 0.37474
vt 0.69967 0.36642
vt 0.68784 0.37508
vt 0.62618 0.35698
vt 0.56791 0.35545
vt 0.58190 0.32504
vt 0.32810 0.62296
vt 0.31751 0.62018
vt 0.33291 0.59777
vt 0.65307 0.35729
vt 0.70913 0.35541
vt 0.67500 0.37474
vt 0.70913 0.35541
vt 0.65307 0.35729
vt 0.68250 0.33714
vt 0.58190 0.32504
vt 0.60708 0.31645
vt 0.62314 0.33272
vt 0.65804 0.30763
vt 0.68111 0.30081
vt 0.65903 0.32706
vt 0.96222 0.75170
vt 0.96557 0.78702
vt 0.95329 0.76075
vt 0.96222 0.75170
vt 0.97590 0.76753
vt 0.96557 0.78702
vt 0.80802 0.96327
vt 0.82380 0.94248
vt 0.84035 0.95727
vt 0.68462 0.07078
vt 0.69134 0.05068
vt 0.70067 0.05966
vt 0.06061 0.95912
vt 0.06735 0.94835
vt 0.07489 0.95622
vt 0.25312 0.97510
vt 0.23539 0.97085
vt 0.24777 0.95749
vt 0.89017 0.15767
vt 0.87353 0.15889
vt 0.88861 0.13696
vt 0.06061 0.95912
vt 0.05451 0.94534
vt 0.06735 0.94835
vt 0.25312 0.97510
vt 0.24777 0.95749
vt 0.26446 0.96031
vt 0.06061 0.95912
vt 0.05329 0.98359
vt 0.04157 0.95483
vt 0.04157 0.95483
vt 0.05451 0.94534
vt 0.06061 0.95912
vt 0.82881 0.97454
vt 0.84035 0.95727
vt 0.85548 0.96749
vt 0.82390 0.98974
vt 0.80950 0.98636
vt 0.82881 0.97454
vt 0.02312 0.97709
vt 0.03715 0.98039
vt 0.02839 0.98880
vt 0.02312 0.97709
vt 0.04157 0.95483
vt 0.03715 0.98039
vt 0.05451 0.94534
vt 0.04157 0.95483
vt 0.04631 0.94179
vt 0.84832 0.98510
vt 0.82390 0.98974
vt 0.82881 0.97454
vt 0.01821 0.95989
vt 0.04157 0.95483
vt 0.02312 0.97709
vt 0.04157 0.95483
vt 0.02773 0.94571
vt 0.04631 0.94179
vt 0.84832 0.98510
vt 0.82881 0.97454
vt 0.85548 0.96749
vt 0.01609 0.99414
vt 0.00424 0.97137
vt 0.02312 0.97709
vt 0.50596 0.89670
vt 0.49713 0.87324
vt 0.51951 0.89194
vt 0.01821 0.95989
vt 0.02773 0.94571
vt 0.04157 0.95483
vt 0.14601 0.93925
vt 0.13100 0.93273
vt 0.15044 0.93327
vt 0.00424 0.97137
vt 0.01821 0.95989
vt 0.02312 0.97709
vt 0.02176 0.94005
vt 0.03472 0.93624
vt 0.02773 0.94571
vt 0.00424 0.97137
vt 0.00941 0.94446
vt 0.01821 0.95989
vt 0.13100 0.93273
vt 0.12218 0.93877
vt 0.11675 0.91895
vt 0.50237 0.92303
vt 0.51765 0.92083
vt 0.51015 0.94678
vt 0.50596 0.89670
vt 0.48703 0.89376
vt 0.49713 0.87324
vt 0.49713 0.87324
vt 0.48144 0.87839
vt 0.47651 0.86762
vt 0.11675 0.91895
vt 0.10391 0.93445
vt 0.10495 0.92448
vt 0.01349 0.94042
vt 0.00941 0.94446
vt 0.01673 0.93277
vt 0.10391 0.93445
vt 0.11675 0.91895
vt 0.12218 0.93877
vt 0.31752 0.04411
vt 0.31032 0.03003
vt 0.33555 0.04311
vt 0.11675 0.91895
vt 0.10495 0.92448
vt 0.11241 0.90771
vt 0.48441 0.93552
vt 0.48651 0.92081
vt 0.50237 0.92303
vt 0.36449 0.88304
vt 0.38274 0.89706
vt 0.36215 0.90068
vt 0.60481 0.01363
vt 0.59318 0.01462
vt 0.60332 0.00289
vt 0.39035 0.92933
vt 0.37372 0.93609
vt 0.36609 0.92282
vt 0.36215 0.90068
vt 0.38274 0.89706
vt 0.36609 0.92282
vt 0.38274 0.89706
vt 0.37058 0.87553
vt 0.39465 0.86706
vt 0.30589 0.00520
vt 0.31032 0.03003
vt 0.29805 0.01197
vt 0.39071 0.85569
vt 0.40160 0.84617
vt 0.39465 0.86706
vt 0.38274 0.89706
vt 0.39465 0.86706
vt 0.42253 0.87930
vt 0.41417 0.84699
vt 0.39465 0.86706
vt 0.40160 0.84617
vt 0.38274 0.89706
vt 0.41108 0.92189
vt 0.39035 0.92933
vt 0.12141 0.27450
vt 0.11779 0.35218
vt 0.06108 0.28696
vt 0.53882 0.09814
vt 0.60605 0.10281
vt 0.59383 0.16584
vt 0.59383 0.16584
vt 0.54176 0.22284
vt 0.50633 0.12987
vt 0.17414 0.90671
vt 0.16121 0.89354
vt 0.17897 0.89070
vt 0.16663 0.86434
vt 0.17897 0.89070
vt 0.16121 0.89354
vt 0.91448 0.86871
vt 0.90903 0.86894
vt 0.91491 0.85237
vt 0.23539 0.97085
vt 0.25312 0.97510
vt 0.23753 0.98757
vt 0.25540 0.99494
vt 0.24977 0.99625
vt 0.25312 0.97510
vt 0.16663 0.86434
vt 0.16121 0.89354
vt 0.15996 0.86700
vt 0.91538 0.82984
vt 0.89714 0.82859
vt 0.91671 0.81438
vt 0.98488 0.57918
vt 0.96455 0.58689
vt 0.96959 0.56930
vt 0.98309 0.59435
vt 0.96455 0.58689
vt 0.98488 0.57918
vt 0.90163 0.84014
vt 0.91538 0.82984
vt 0.90830 0.84803
vt 0.15755 0.89951
vt 0.15557 0.91126
vt 0.14209 0.90226
vt 0.98453 0.57889
vt 0.96959 0.56930
vt 0.97945 0.56783
vt 0.89714 0.82859
vt 0.91538 0.82984
vt 0.90163 0.84014
vt 0.89438 0.84709
vt 0.89714 0.82859
vt 0.90163 0.84014
vt 0.15007 0.91960
vt 0.14209 0.90226
vt 0.15557 0.91126
vt 0.13100 0.93273
vt 0.15007 0.91960
vt 0.15044 0.93327
vt 0.14209 0.90226
vt 0.15007 0.91960
vt 0.13100 0.93273
vt 0.43803 0.01085
vt 0.44414 0.01308
vt 0.44056 0.02180
vt 0.44056 0.02180
vt 0.42377 0.01505
vt 0.42483 0.00698
vt 0.42377 0.01505
vt 0.40905 0.01352
vt 0.42483 0.00698
vt 0.11241 0.90771
vt 0.11991 0.89260
vt 0.11675 0.91895
vt 0.14209 0.90226
vt 0.11675 0.91895
vt 0.11991 0.89260
vt 0.89308 0.87311
vt 0.87133 0.87096
vt 0.88356 0.85311
vt 0.18951 0.53255
vt 0.18343 0.52163
vt 0.19635 0.52107
vt 0.19635 0.52107
vt 0.18343 0.52163
vt 0.19250 0.51265
vt 0.34521 0.02390
vt 0.36743 0.02270
vt 0.36065 0.03357
vt 0.37008 0.01295
vt 0.38425 0.00977
vt 0.36743 0.02270
vt 0.63462 0.39561
vt 0.63146 0.38214
vt 0.64555 0.39301
vt 0.35115 0.03830
vt 0.33555 0.04311
vt 0.32391 0.02712
vt 0.35115 0.03830
vt 0.32391 0.02712
vt 0.34521 0.02390
vt 0.63462 0.39561
vt 0.62477 0.40256
vt 0.62884 0.39032
vt 0.16733 0.54688
vt 0.18343 0.52163
vt 0.18471 0.54572
vt 0.34521 0.02390
vt 0.37008 0.01295
vt 0.36743 0.02270
vt 0.63462 0.39561
vt 0.63568 0.41445
vt 0.62477 0.40256
vt 0.63568 0.41445
vt 0.61749 0.41664
vt 0.62477 0.40256
vt 0.32391 0.02712
vt 0.32124 0.00677
vt 0.34521 0.02390
vt 0.35318 0.00699
vt 0.35862 0.00415
vt 0.36368 0.00428
vt 0.34521 0.02390
vt 0.32124 0.00677
vt 0.34482 0.00768
vt 0.66760 0.41752
vt 0.65121 0.40979
vt 0.66565 0.41150
vt 0.68997 0.42784
vt 0.68034 0.44913
vt 0.66760 0.41752
vt 0.65327 0.43024
vt 0.65121 0.40979
vt 0.66760 0.41752
vt 0.62522 0.43859
vt 0.60742 0.44283
vt 0.61749 0.41664
vt 0.68034 0.44913
vt 0.68997 0.42784
vt 0.70309 0.43264
vt 0.68034 0.44913
vt 0.65327 0.43024
vt 0.66760 0.41752
vt 0.95152 0.72754
vt 0.96629 0.71859
vt 0.97751 0.73464
vt 0.96106 0.73678
vt 0.95152 0.72754
vt 0.97751 0.73464
vt 0.60605 0.10281
vt 0.67124 0.16678
vt 0.59383 0.16584
vt 0.10111 0.70367
vt 0.10490 0.69117
vt 0.11884 0.69731
vt 0.27263 0.64970
vt 0.27940 0.62520
vt 0.30039 0.63488
vt 0.25911 0.62873
vt 0.27940 0.62520
vt 0.27263 0.64970
vt 0.11477 0.70834
vt 0.10785 0.72187
vt 0.10111 0.70367
vt 0.10785 0.72187
vt 0.09541 0.72518
vt 0.10111 0.70367
vt 0.88098 0.81437
vt 0.90426 0.78343
vt 0.91671 0.81438
vt 0.89714 0.82859
vt 0.88098 0.81437
vt 0.91671 0.81438
vt 0.88098 0.81437
vt 0.89599 0.77919
vt 0.90426 0.78343
vt 0.73763 0.59994
vt 0.74317 0.57711
vt 0.75313 0.58754
vt 0.73763 0.59994
vt 0.72607 0.58505
vt 0.74317 0.57711
vt 0.71858 0.60378
vt 0.71405 0.59263
vt 0.72609 0.60255
vt 0.87534 0.78915
vt 0.87873 0.78367
vt 0.88395 0.78402
vt 0.75385 0.59823
vt 0.75567 0.60393
vt 0.74760 0.60330
vt 0.75385 0.59823
vt 0.74760 0.60330
vt 0.75313 0.58754
vt 0.11852 0.73409
vt 0.11079 0.73256
vt 0.12024 0.72706
vt 0.12920 0.03808
vt 0.12091 0.04911
vt 0.11649 0.04101
vt 0.10063 0.74022
vt 0.11079 0.73256
vt 0.11340 0.74257
vt 0.11963 0.00744
vt 0.12635 0.00554
vt 0.12269 0.01846
vt 0.12920 0.03808
vt 0.11634 0.02807
vt 0.12269 0.01846
vt 0.13425 0.04898
vt 0.12091 0.04911
vt 0.12920 0.03808
vt 0.24647 0.63420
vt 0.24952 0.61319
vt 0.25911 0.62873
vt 0.40703 0.00356
vt 0.40905 0.01352
vt 0.38901 0.01565
vt 0.13528 0.00371
vt 0.13725 0.01336
vt 0.12635 0.00554
vt 0.13725 0.01336
vt 0.13528 0.00371
vt 0.14214 0.00888
vt 0.95437 0.65241
vt 0.96086 0.64344
vt 0.96648 0.65281
vt 0.24647 0.63420
vt 0.22776 0.61818
vt 0.24952 0.61319
vt 0.38717 0.02664
vt 0.38901 0.01565
vt 0.39816 0.02022
vt 0.16530 0.01970
vt 0.12920 0.03808
vt 0.14214 0.00888
vt 0.24253 0.58940
vt 0.26060 0.57349
vt 0.27213 0.59717
vt 0.24253 0.58940
vt 0.27213 0.59717
vt 0.24952 0.61319
vt 0.18343 0.52163
vt 0.15372 0.52429
vt 0.16594 0.51266
vt 0.16104 0.00661
vt 0.16530 0.01970
vt 0.14214 0.00888
vt 0.16530 0.01970
vt 0.16969 0.05053
vt 0.14852 0.05388
vt 0.18301 0.01211
vt 0.16530 0.01970
vt 0.16104 0.00661
vt 0.18301 0.01211
vt 0.20226 0.04485
vt 0.16530 0.01970
vt 0.16530 0.01970
vt 0.20226 0.04485
vt 0.16969 0.05053
vt 0.18175 0.07127
vt 0.15956 0.05945
vt 0.16969 0.05053
vt 0.94182 0.60838
vt 0.95665 0.60710
vt 0.95070 0.62522
vt 0.13720 0.54306
vt 0.13482 0.52628
vt 0.15372 0.52429
vt 0.94182 0.60838
vt 0.94739 0.59224
vt 0.95665 0.60710
vt 0.19638 0.01320
vt 0.21466 0.01794
vt 0.20226 0.04485
vt 0.94739 0.59224
vt 0.94182 0.60838
vt 0.92711 0.59466
vt 0.22280 0.03730
vt 0.20226 0.04485
vt 0.21466 0.01794
vt 0.93931 0.56944
vt 0.95688 0.57478
vt 0.94739 0.59224
vt 0.30149 0.59451
vt 0.30039 0.63488
vt 0.28849 0.61900
vt 0.33185 0.54006
vt 0.33453 0.56978
vt 0.31645 0.57021
vt 0.49724 0.50111
vt 0.51387 0.49806
vt 0.50457 0.52716
vt 0.51978 0.47140
vt 0.53755 0.47126
vt 0.51387 0.49806
vt 0.31005 0.54050
vt 0.33185 0.54006
vt 0.31645 0.57021
vt 0.51978 0.47140
vt 0.51387 0.49806
vt 0.50023 0.46878
vt 0.28919 0.56050
vt 0.31645 0.57021
vt 0.30149 0.59451
vt 0.27213 0.59717
vt 0.30149 0.59451
vt 0.28849 0.61900
vt 0.96487 0.92773
vt 0.96464 0.93995
vt 0.94536 0.93192
vt 0.31645 0.57021
vt 0.28919 0.56050
vt 0.31005 0.54050
vt 0.27213 0.59717
vt 0.28919 0.56050
vt 0.30149 0.59451
vt 0.31005 0.54050
vt 0.28919 0.56050
vt 0.27880 0.52719
vt 0.26060 0.57349
vt 0.28919 0.56050
vt 0.27213 0.59717
vt 0.27880 0.52719
vt 0.28919 0.56050
vt 0.26060 0.57349
vt 0.28355 0.49618
vt 0.32521 0.50125
vt 0.27880 0.52719
vt 0.24201 0.57167
vt 0.25074 0.56095
vt 0.26060 0.57349
vt 0.24253 0.58940
vt 0.24201 0.57167
vt 0.26060 0.57349
vt 0.25883 0.53894
vt 0.27880 0.52719
vt 0.26060 0.57349
vt 0.22371 0.07889
vt 0.19860 0.08838
vt 0.20153 0.07329
vt 0.22371 0.07889
vt 0.21969 0.10113
vt 0.19860 0.08838
vt 0.24253 0.58940
vt 0.23282 0.57918
vt 0.24201 0.57167
vt 0.22371 0.07889
vt 0.20153 0.07329
vt 0.20226 0.04485
vt 0.26020 0.51492
vt 0.26532 0.49583
vt 0.27880 0.52719
vt 0.20153 0.07329
vt 0.18992 0.07815
vt 0.18175 0.07127
vt 0.22280 0.03730
vt 0.22371 0.07889
vt 0.20226 0.04485
vt 0.52500 0.80178
vt 0.53151 0.81080
vt 0.50576 0.80816
vt 0.22371 0.07889
vt 0.24875 0.08987
vt 0.21969 0.10113
vt 0.22371 0.07889
vt 0.25650 0.07660
vt 0.24875 0.08987
vt 0.52157 0.82676
vt 0.50576 0.80816
vt 0.53151 0.81080
vt 0.95505 0.53742
vt 0.96618 0.55201
vt 0.95688 0.57478
vt 0.26812 0.03175
vt 0.24329 0.04333
vt 0.23836 0.02419
vt 0.25650 0.07660
vt 0.27181 0.09092
vt 0.24875 0.08987
vt 0.51387 0.49806
vt 0.53755 0.47126
vt 0.56216 0.50200
vt 0.53755 0.47126
vt 0.55555 0.47955
vt 0.56216 0.50200
vt 0.04651 0.38209
vt 0.06108 0.28696
vt 0.11779 0.35218
vt 0.54960 0.43878
vt 0.56562 0.43244
vt 0.55560 0.45870
vt 0.54776 0.46278
vt 0.55555 0.47955
vt 0.53755 0.47126
vt 0.26682 0.20764
vt 0.27435 0.20985
vt 0.26428 0.23854
vt 0.56562 0.43244
vt 0.57093 0.41362
vt 0.58482 0.45255
vt 0.94223 0.87093
vt 0.95751 0.88364
vt 0.94128 0.89526
vt 0.69967 0.36642
vt 0.69477 0.37189
vt 0.68784 0.37508
vt 0.63794 0.30134
vt 0.62463 0.27574
vt 0.65620 0.29606
vt 0.92061 0.91544
vt 0.92357 0.87381
vt 0.94128 0.89526
vt 0.49483 0.44586
vt 0.50618 0.45396
vt 0.50023 0.46878
vt 0.92061 0.91544
vt 0.90960 0.88759
vt 0.92357 0.87381
vt 0.90960 0.88759
vt 0.91694 0.87144
vt 0.92357 0.87381
vt 0.54874 0.79944
vt 0.55506 0.79519
vt 0.55502 0.80474
vt 0.53399 0.78090
vt 0.55506 0.79519
vt 0.54663 0.79387
vt 0.52937 0.79007
vt 0.53399 0.78090
vt 0.54663 0.79387
vt 0.35418 0.26439
vt 0.35345 0.27627
vt 0.34278 0.26748
vt 0.35084 0.28823
vt 0.33487 0.27403
vt 0.35345 0.27627
vt 0.35345 0.27627
vt 0.33487 0.27403
vt 0.34278 0.26748
vt 0.50730 0.38901
vt 0.51239 0.37590
vt 0.52596 0.39353
vt 0.52500 0.80178
vt 0.50988 0.79032
vt 0.52937 0.79007
vt 0.52937 0.79007
vt 0.50988 0.79032
vt 0.51864 0.76647
vt 0.42324 0.85834
vt 0.39465 0.86706
vt 0.41417 0.84699
vt 0.42324 0.85834
vt 0.42253 0.87930
vt 0.39465 0.86706
vt 0.39035 0.92933
vt 0.41108 0.92189
vt 0.40454 0.93670
vt 0.71027 0.47315
vt 0.71499 0.45465
vt 0.71836 0.46648
vt 0.42829 0.84445
vt 0.43725 0.85488
vt 0.42324 0.85834
vt 0.42253 0.87930
vt 0.42324 0.85834
vt 0.43725 0.85488
vt 0.44043 0.92202
vt 0.43321 0.93231
vt 0.41108 0.92189
vt 0.72711 0.47924
vt 0.71027 0.47315
vt 0.71836 0.46648
vt 0.71027 0.47315
vt 0.71738 0.48976
vt 0.70452 0.48761
vt 0.46205 0.84791
vt 0.45952 0.86445
vt 0.44578 0.84329
vt 0.71738 0.48976
vt 0.71431 0.50403
vt 0.70452 0.48761
vt 0.93650 0.50727
vt 0.94278 0.50287
vt 0.94909 0.50963
vt 0.70473 0.78992
vt 0.72765 0.79975
vt 0.71405 0.81548
vt 0.70817 0.85330
vt 0.72963 0.86303
vt 0.72070 0.86625
vt 0.70452 0.48761
vt 0.71126 0.51311
vt 0.69572 0.51396
vt 0.70452 0.48761
vt 0.71431 0.50403
vt 0.71126 0.51311
vt 0.73289 0.83216
vt 0.70817 0.85330
vt 0.70831 0.83673
vt 0.73536 0.85134
vt 0.72963 0.86303
vt 0.70817 0.85330
vt 0.71126 0.51311
vt 0.70092 0.52906
vt 0.69572 0.51396
vt 0.71891 0.78136
vt 0.73821 0.77947
vt 0.72765 0.79975
vt 0.73536 0.85134
vt 0.75600 0.85505
vt 0.72963 0.86303
vt 0.75600 0.85505
vt 0.74383 0.87554
vt 0.72963 0.86303
vt 0.75600 0.85505
vt 0.73536 0.85134
vt 0.73289 0.83216
vt 0.74703 0.80415
vt 0.76623 0.78611
vt 0.77479 0.80124
vt 0.75625 0.76145
vt 0.76623 0.78611
vt 0.73821 0.77947
vt 0.78289 0.82304
vt 0.78380 0.84359
vt 0.75927 0.82628
vt 0.75927 0.82628
vt 0.78380 0.84359
vt 0.75600 0.85505
vt 0.44283 0.17384
vt 0.45894 0.07501
vt 0.50633 0.12987
vt 0.41025 0.21930
vt 0.40370 0.14259
vt 0.44283 0.17384
vt 0.40370 0.14259
vt 0.41025 0.21930
vt 0.36440 0.22669
vt 0.61337 0.46294
vt 0.60742 0.44283
vt 0.62522 0.43859
vt 0.64594 0.45499
vt 0.65327 0.43024
vt 0.68034 0.44913
vt 0.64594 0.45499
vt 0.63572 0.48294
vt 0.62522 0.43859
vt 0.61337 0.46294
vt 0.63572 0.48294
vt 0.61870 0.48079
vt 0.91884 0.56426
vt 0.93107 0.54496
vt 0.93931 0.56944
vt 0.64594 0.45499
vt 0.66989 0.47769
vt 0.63572 0.48294
vt 0.59383 0.16584
vt 0.67124 0.16678
vt 0.66778 0.24093
vt 0.62463 0.27574
vt 0.60139 0.30555
vt 0.57445 0.30599
vt 0.70452 0.48761
vt 0.69572 0.51396
vt 0.66989 0.47769
vt 0.64431 0.51609
vt 0.63572 0.48294
vt 0.66794 0.50663
vt 0.67959 0.52745
vt 0.66794 0.50663
vt 0.69572 0.51396
vt 0.69572 0.51396
vt 0.70092 0.52906
vt 0.67959 0.52745
vt 0.26106 0.01636
vt 0.26812 0.03175
vt 0.23836 0.02419
vt 0.93107 0.54496
vt 0.95505 0.53742
vt 0.93931 0.56944
vt 0.27509 0.00852
vt 0.28657 0.02446
vt 0.26106 0.01636
vt 0.26106 0.01636
vt 0.28657 0.02446
vt 0.26812 0.03175
vt 0.28855 0.03811
vt 0.26812 0.03175
vt 0.28657 0.02446
vt 0.62640 0.53020
vt 0.60718 0.52426
vt 0.61285 0.50350
vt 0.64431 0.51609
vt 0.61285 0.50350
vt 0.63572 0.48294
vt 0.27509 0.00852
vt 0.27935 0.00146
vt 0.28708 0.00661
vt 0.27756 0.47055
vt 0.26359 0.46267
vt 0.27425 0.45925
vt 0.25962 0.25720
vt 0.19183 0.24467
vt 0.26682 0.20764
vt 0.65765 0.53226
vt 0.63131 0.55532
vt 0.62640 0.53020
vt 0.72155 0.62716
vt 0.72467 0.63474
vt 0.71682 0.64504
vt 0.04651 0.38209
vt 0.00929 0.39561
vt 0.00368 0.37051
vt 0.68795 0.63495
vt 0.71600 0.62612
vt 0.71682 0.64504
vt 0.79070 0.93389
vt 0.79096 0.94617
vt 0.78354 0.94625
vt 0.25749 0.46969
vt 0.26359 0.46267
vt 0.27033 0.47757
vt 0.67959 0.52745
vt 0.65765 0.53226
vt 0.66794 0.50663
vt 0.72155 0.62716
vt 0.71682 0.64504
vt 0.71600 0.62612
vt 0.25749 0.46969
vt 0.23577 0.48192
vt 0.24599 0.45466
vt 0.67606 0.54787
vt 0.65254 0.56071
vt 0.65765 0.53226
vt 0.77983 0.91621
vt 0.78485 0.91045
vt 0.77496 0.93539
vt 0.39019 0.84015
vt 0.41741 0.80906
vt 0.41827 0.83303
vt 0.78485 0.91045
vt 0.81259 0.89399
vt 0.81685 0.92136
vt 0.94154 0.14971
vt 0.92964 0.13669
vt 0.94436 0.13633
vt 0.57093 0.41362
vt 0.56562 0.43244
vt 0.55584 0.41721
vt 0.37277 0.83582
vt 0.37445 0.82770
vt 0.39019 0.84015
vt 0.68253 0.57100
vt 0.67606 0.54787
vt 0.69435 0.54657
vt 0.64553 0.58743
vt 0.65302 0.60448
vt 0.63784 0.60729
vt 0.42685 0.30897
vt 0.44051 0.29790
vt 0.43403 0.30673
vt 0.94154 0.14971
vt 0.92938 0.14581
vt 0.92964 0.13669
vt 0.81822 0.15631
vt 0.82130 0.14365
vt 0.82616 0.15745
vt 0.65302 0.60448
vt 0.64990 0.61665
vt 0.63784 0.60729
vt 0.70513 0.57566
vt 0.69435 0.54657
vt 0.71068 0.56190
vt 0.67917 0.60764
vt 0.66983 0.59728
vt 0.68310 0.58648
vt 0.64990 0.61665
vt 0.65302 0.60448
vt 0.66027 0.61273
vt 0.68310 0.58648
vt 0.68253 0.57100
vt 0.70513 0.57566
vt 0.69438 0.60065
vt 0.67917 0.60764
vt 0.68310 0.58648
vt 0.82448 0.27724
vt 0.86025 0.26087
vt 0.86005 0.28069
vt 0.01727 0.02664
vt 0.00991 0.00214
vt 0.03501 0.00917
vt 0.48047 0.23629
vt 0.50633 0.12987
vt 0.54176 0.22284
vt 0.48569 0.28405
vt 0.48047 0.23629
vt 0.51944 0.30280
vt 0.41741 0.80906
vt 0.37893 0.79418
vt 0.41977 0.78547
vt 0.09144 0.17897
vt 0.06396 0.07517
vt 0.10304 0.07781
vt 0.01816 0.33972
vt 0.01458 0.29095
vt 0.06108 0.28696
vt 0.39019 0.84015
vt 0.37445 0.82770
vt 0.41741 0.80906
vt 0.51944 0.30280
vt 0.48047 0.23629
vt 0.54176 0.22284
vt 0.44993 0.26805
vt 0.46224 0.28699
vt 0.44051 0.29790
vt 0.62463 0.27574
vt 0.57445 0.30599
vt 0.54176 0.22284
vt 0.50633 0.12987
vt 0.48047 0.23629
vt 0.44283 0.17384
vt 0.37445 0.82770
vt 0.37238 0.80800
vt 0.41741 0.80906
vt 0.44993 0.26805
vt 0.40925 0.28076
vt 0.43276 0.24624
vt 0.42685 0.30897
vt 0.40925 0.28076
vt 0.44993 0.26805
vt 0.93931 0.56944
vt 0.95505 0.53742
vt 0.95688 0.57478
vt 0.27044 0.05257
vt 0.24329 0.04333
vt 0.26812 0.03175
vt 0.27181 0.09092
vt 0.25650 0.07660
vt 0.27451 0.07022
vt 0.86123 0.93318
vt 0.87689 0.92956
vt 0.86980 0.94608
vt 0.51064 0.83590
vt 0.49587 0.82632
vt 0.52157 0.82676
vt 0.49587 0.82632
vt 0.50576 0.80816
vt 0.52157 0.82676
vt 0.19183 0.24467
vt 0.12141 0.27450
vt 0.16574 0.19708
vt 0.49930 0.84041
vt 0.49587 0.82632
vt 0.51064 0.83590
vt 0.28269 0.05166
vt 0.27451 0.07022
vt 0.27044 0.05257
vt 0.28855 0.03811
vt 0.28269 0.05166
vt 0.26812 0.03175
vt 0.84033 0.93537
vt 0.86123 0.93318
vt 0.84751 0.94424
vt 0.86658 0.90306
vt 0.86952 0.91843
vt 0.85658 0.91942
vt 0.49587 0.82632
vt 0.49930 0.84041
vt 0.48234 0.83351
vt 0.28092 0.45141
vt 0.26729 0.44651
vt 0.28185 0.44285
vt 0.84033 0.93537
vt 0.83540 0.91963
vt 0.85658 0.91942
vt 0.83661 0.90185
vt 0.86658 0.90306
vt 0.85658 0.91942
vt 0.25247 0.43992
vt 0.26729 0.44651
vt 0.26359 0.46267
vt 0.83661 0.90185
vt 0.85658 0.91942
vt 0.83540 0.91963
vt 0.23899 0.44328
vt 0.25247 0.43992
vt 0.24599 0.45466
vt 0.24177 0.43179
vt 0.25247 0.43992
vt 0.23899 0.44328
vt 0.81685 0.92136
vt 0.81259 0.89399
vt 0.83661 0.90185
vt 0.46466 0.77939
vt 0.46017 0.75402
vt 0.47843 0.75762
vt 0.46342 0.81174
vt 0.50576 0.80816
vt 0.49587 0.82632
vt 0.46342 0.81174
vt 0.48017 0.79024
vt 0.50576 0.80816
vt 0.46342 0.81174
vt 0.46466 0.77939
vt 0.48017 0.79024
vt 0.65254 0.56071
vt 0.68253 0.57100
vt 0.66659 0.57579
vt 0.54095 0.30819
vt 0.54176 0.22284
vt 0.57445 0.30599
vt 0.43851 0.77555
vt 0.46342 0.81174
vt 0.41741 0.80906
vt 0.46466 0.77939
vt 0.46342 0.81174
vt 0.43851 0.77555
vt 0.46342 0.81174
vt 0.47181 0.83806
vt 0.44470 0.83196
vt 0.83767 0.88181
vt 0.83661 0.90185
vt 0.81259 0.89399
vt 0.41827 0.83303
vt 0.41741 0.80906
vt 0.44470 0.83196
vt 0.77285 0.77178
vt 0.77479 0.80124
vt 0.76623 0.78611
vt 0.77479 0.80124
vt 0.78289 0.82304
vt 0.75927 0.82628
vt 0.78899 0.86056
vt 0.75600 0.85505
vt 0.78380 0.84359
vt 0.75600 0.85505
vt 0.78899 0.86056
vt 0.77193 0.86938
vt 0.79290 0.75523
vt 0.79647 0.76632
vt 0.77285 0.77178
vt 0.77479 0.80124
vt 0.80384 0.81352
vt 0.78289 0.82304
vt 0.80075 0.84268
vt 0.80499 0.86946
vt 0.78899 0.86056
vt 0.79935 0.78516
vt 0.80384 0.81352
vt 0.77479 0.80124
vt 0.80384 0.81352
vt 0.80075 0.84268
vt 0.78289 0.82304
vt 0.81316 0.85196
vt 0.82191 0.87323
vt 0.80499 0.86946
vt 0.26154 0.00565
vt 0.25883 0.00251
vt 0.26395 0.00231
vt 0.80384 0.81352
vt 0.80913 0.82697
vt 0.80075 0.84268
vt 0.35895 0.25782
vt 0.34422 0.22987
vt 0.36440 0.22669
vt 0.81316 0.85196
vt 0.80499 0.86946
vt 0.80075 0.84268
vt 0.81316 0.85196
vt 0.82839 0.86276
vt 0.82191 0.87323
vt 0.30051 0.98501
vt 0.28324 0.98537
vt 0.29024 0.97329
vt 0.28324 0.98537
vt 0.27904 0.97404
vt 0.29024 0.97329
vt 0.34422 0.22987
vt 0.36065 0.19557
vt 0.36440 0.22669
vt 0.81171 0.83402
vt 0.82265 0.84509
vt 0.81316 0.85196
vt 0.30229 0.21044
vt 0.36065 0.19557
vt 0.32451 0.21861
vt 0.25703 0.70215
vt 0.24165 0.70658
vt 0.23883 0.69169
vt 0.23883 0.69169
vt 0.24249 0.67455
vt 0.26156 0.68474
vt 0.25732 0.66700
vt 0.27666 0.67397
vt 0.26156 0.68474
vt 0.23883 0.69169
vt 0.26156 0.68474
vt 0.25703 0.70215
vt 0.72884 0.33999
vt 0.71763 0.32849
vt 0.74261 0.32871
vt 0.71763 0.32849
vt 0.74207 0.31316
vt 0.74261 0.32871
vt 0.74207 0.31316
vt 0.75790 0.31788
vt 0.74261 0.32871
vt 0.24249 0.67455
vt 0.25732 0.66700
vt 0.26156 0.68474
vt 0.68250 0.33714
vt 0.69381 0.31260
vt 0.71763 0.32849
vt 0.31154 0.18693
vt 0.30229 0.21044
vt 0.28761 0.19634
vt 0.30229 0.21044
vt 0.32451 0.21861
vt 0.31269 0.22569
vt 0.72000 0.31039
vt 0.74207 0.31316
vt 0.71763 0.32849
vt 0.69381 0.31260
vt 0.72000 0.31039
vt 0.71763 0.32849
vt 0.36440 0.22669
vt 0.36065 0.19557
vt 0.40370 0.14259
vt 0.79076 0.87500
vt 0.77885 0.87837
vt 0.77193 0.86938
vt 0.69438 0.60065
vt 0.68310 0.58648
vt 0.70513 0.57566
vt 0.78899 0.86056
vt 0.79076 0.87500
vt 0.77193 0.86938
vt 0.80499 0.86946
vt 0.79076 0.87500
vt 0.78899 0.86056
vt 0.14695 0.11648
vt 0.16574 0.19708
vt 0.09144 0.17897
vt 0.71750 0.57294
vt 0.71197 0.58384
vt 0.70513 0.57566
vt 0.69438 0.60065
vt 0.70214 0.61163
vt 0.68464 0.62226
vt 0.25962 0.25720
vt 0.26682 0.20764
vt 0.26428 0.23854
vt 0.66044 0.62760
vt 0.67917 0.60764
vt 0.68464 0.62226
vt 0.71004 0.59657
vt 0.70214 0.61163
vt 0.69438 0.60065
vt 0.17886 0.30031
vt 0.22159 0.33400
vt 0.19453 0.36295
vt 0.82857 0.87972
vt 0.82191 0.87323
vt 0.83336 0.87424
vt 0.12141 0.27450
vt 0.09144 0.17897
vt 0.16574 0.19708
vt 0.16574 0.19708
vt 0.24787 0.18610
vt 0.19183 0.24467
vt 0.86005 0.28069
vt 0.84857 0.29225
vt 0.82448 0.27724
vt 0.71851 0.66906
vt 0.70391 0.67144
vt 0.71682 0.64504
vt 0.54176 0.22284
vt 0.59383 0.16584
vt 0.62463 0.27574
vt 0.12141 0.27450
vt 0.17886 0.30031
vt 0.11779 0.35218
vt 0.53514 0.87783
vt 0.54244 0.87048
vt 0.55508 0.87894
vt 0.16120 0.37135
vt 0.11779 0.35218
vt 0.17886 0.30031
vt 0.04651 0.38209
vt 0.01816 0.33972
vt 0.06108 0.28696
vt 0.24787 0.18610
vt 0.26682 0.20764
vt 0.19183 0.24467
vt 0.09207 0.39600
vt 0.11779 0.35218
vt 0.11639 0.39436
vt 0.62463 0.27574
vt 0.63794 0.30134
vt 0.60139 0.30555
vt 0.65620 0.29606
vt 0.66778 0.24093
vt 0.67137 0.27655
vt 0.66778 0.24093
vt 0.68438 0.26415
vt 0.67137 0.27655
vt 0.72155 0.62716
vt 0.73244 0.62754
vt 0.72467 0.63474
vt 0.21247 0.96503
vt 0.20947 0.98065
vt 0.19514 0.96985
vt 0.19183 0.24467
vt 0.22189 0.28181
vt 0.17886 0.30031
vt 0.44993 0.26805
vt 0.48569 0.28405
vt 0.46224 0.28699
vt 0.32451 0.21861
vt 0.36065 0.19557
vt 0.34422 0.22987
vt 0.27880 0.52719
vt 0.26532 0.49583
vt 0.28355 0.49618
f 752/1 1502/2 861/3
f 1498/4 1/5 1060/6
f 753/7 751/8 1502/9
f 1093/10 950/11 1094/12
f 754/13 761/14 752/15
f 1124/16 1062/17 1125/18
f 1124/19 861/20 1/21
f 1124/22 1/23 1498/24
f 1094/25 1097/26 1093/27
f 1/28 861/29 1096/30
f 723/31 725/32 7/33
f 59/34 2/35 54/36
f 59/37 1222/38 2/39
f 198/40 109/41 197/42
f 53/43 54/44 2/45
f 52/46 53/47 55/48
f 55/49 2/50 933/51
f 269/52 34/53 68/54
f 192/55 33/56 31/57
f 948/58 1171/59 1495/60
f 1411/61 965/62 352/63
f 68/64 22/65 61/66
f 269/67 196/68 192/69
f 1484/70 9/71 443/72
f 10/73 9/74 402/75
f 753/76 1502/77 752/78
f 350/79 91/80 343/81
f 11/82 27/83 12/84
f 89/85 340/86 91/87
f 715/88 7/89 6/90
f 7/91 725/92 636/93
f 5/94 636/95 4/96
f 1406/97 487/98 484/99
f 441/100 484/101 426/102
f 483/103 8/104 426/105
f 441/106 426/107 8/108
f 443/109 430/110 428/111
f 9/112 401/113 403/114
f 9/115 403/116 402/117
f 1486/118 1480/119 401/120
f 401/121 9/122 1486/123
f 10/124 443/125 9/126
f 64/127 39/128 38/129
f 62/130 42/131 63/132
f 11/133 28/134 56/135
f 30/136 12/137 27/138
f 15/139 17/140 13/141
f 13/142 43/143 44/144
f 23/145 43/146 18/147
f 17/148 43/149 13/150
f 15/151 13/152 142/153
f 144/154 143/155 194/156
f 14/157 17/158 15/159
f 43/160 23/161 45/162
f 149/163 15/164 142/165
f 43/166 17/167 18/168
f 21/169 19/170 55/171
f 19/172 52/173 55/174
f 24/175 27/176 11/177
f 25/178 26/179 61/180
f 933/181 269/182 68/183
f 28/184 12/185 65/186
f 32/187 29/188 31/189
f 12/190 30/191 143/192
f 35/193 71/194 12/195
f 30/196 32/197 194/198
f 35/199 190/200 71/201
f 28/202 38/203 56/204
f 58/205 56/206 38/207
f 107/208 100/209 1157/210
f 1389/211 98/212 102/213
f 103/214 1389/215 102/216
f 35/217 44/218 49/219
f 44/220 43/221 49/222
f 67/223 47/224 40/225
f 41/226 40/227 87/228
f 48/229 49/230 259/231
f 268/232 50/233 47/234
f 190/235 35/236 49/237
f 43/238 45/239 259/240
f 268/241 48/242 50/243
f 344/244 46/245 50/246
f 23/247 148/248 45/249
f 50/250 46/251 47/252
f 106/253 99/254 100/255
f 58/256 62/257 54/258
f 54/259 62/260 59/261
f 52/262 58/263 53/264
f 59/265 62/266 60/267
f 19/268 21/269 57/270
f 58/271 52/272 57/273
f 60/274 63/275 93/276
f 53/277 2/278 55/279
f 60/280 62/281 63/282
f 59/283 93/284 1222/285
f 42/286 41/287 63/288
f 65/289 64/290 28/291
f 66/292 39/293 64/294
f 12/295 71/296 65/297
f 65/298 71/299 69/300
f 65/301 69/302 70/303
f 67/304 70/305 72/306
f 190/307 69/308 71/309
f 79/310 73/311 74/312
f 75/313 272/314 81/315
f 274/316 76/317 353/318
f 81/319 82/320 77/321
f 77/322 354/323 353/324
f 73/325 80/326 74/327
f 80/328 272/329 75/330
f 74/331 80/332 75/333
f 79/334 76/335 274/336
f 81/337 1053/338 82/339
f 81/340 273/341 1053/342
f 319/343 79/344 274/345
f 87/346 91/347 340/348
f 83/349 86/350 102/351
f 85/352 88/353 339/354
f 88/355 356/356 84/357
f 356/358 90/359 84/360
f 87/361 343/362 91/363
f 89/364 88/365 84/366
f 105/367 84/368 90/369
f 97/370 191/371 107/372
f 101/373 105/374 90/375
f 86/376 340/377 89/378
f 345/379 344/380 51/381
f 97/382 98/383 1389/384
f 97/385 95/386 191/387
f 97/388 1389/389 95/390
f 41/391 98/392 63/393
f 99/394 1155/395 1153/396
f 105/397 103/398 102/399
f 1124/400 752/401 861/402
f 861/403 1093/404 1096/405
f 100/406 99/407 1157/408
f 1157/409 99/410 1154/411
f 1155/412 101/413 90/414
f 108/415 109/416 110/417
f 111/418 110/419 109/420
f 727/421 111/422 636/423
f 115/424 117/425 119/426
f 122/427 115/428 151/429
f 119/430 117/431 114/432
f 152/433 115/434 119/435
f 119/436 118/437 152/438
f 118/439 114/440 121/441
f 120/442 122/443 132/444
f 124/445 121/446 113/447
f 116/448 113/449 121/450
f 121/451 124/452 123/453
f 123/454 229/455 121/456
f 113/457 114/458 127/459
f 123/460 124/461 126/462
f 125/463 127/464 120/465
f 128/466 125/467 132/468
f 125/469 128/470 127/471
f 126/472 134/473 123/474
f 130/475 127/476 133/477
f 132/478 131/479 140/480
f 131/481 139/482 140/483
f 140/484 137/485 132/486
f 133/487 129/488 135/489
f 138/490 135/491 129/492
f 710/493 137/494 140/495
f 133/496 135/497 708/498
f 136/499 707/500 134/501
f 250/502 134/503 141/504
f 140/505 139/506 709/507
f 708/508 707/509 136/510
f 141/511 134/512 707/513
f 143/514 144/515 142/516
f 16/517 146/518 18/519
f 154/520 155/521 16/522
f 194/523 149/524 144/525
f 150/526 148/527 146/528
f 148/529 150/530 261/531
f 151/532 145/533 122/534
f 151/535 150/536 145/537
f 150/538 147/539 261/540
f 158/541 155/542 154/543
f 155/544 122/545 145/546
f 151/547 152/548 147/549
f 159/550 194/551 157/552
f 159/553 160/554 156/555
f 153/556 194/557 193/558
f 158/559 161/560 155/561
f 159/562 157/563 168/564
f 162/565 163/566 168/567
f 164/568 157/569 153/570
f 153/571 178/572 164/573
f 162/574 166/575 163/576
f 163/577 159/578 168/579
f 165/580 158/581 167/582
f 171/583 165/584 172/585
f 173/586 132/587 161/588
f 176/589 182/590 168/591
f 170/592 167/593 175/594
f 179/595 182/596 176/597
f 175/598 181/599 180/600
f 173/601 184/602 131/603
f 173/604 169/605 177/606
f 186/607 177/608 169/609
f 182/610 179/611 668/612
f 108/613 187/614 174/615
f 187/616 179/617 178/618
f 189/619 170/620 180/621
f 139/622 131/623 184/624
f 172/625 170/626 186/627
f 180/628 181/629 182/630
f 183/631 182/632 664/633
f 139/634 184/635 665/636
f 170/637 189/638 186/639
f 185/640 184/641 177/642
f 112/643 187/644 108/645
f 668/646 187/647 188/648
f 189/649 183/650 663/651
f 665/652 184/653 185/654
f 666/655 189/656 663/657
f 662/658 185/659 189/660
f 195/661 33/662 192/663
f 194/664 32/665 193/666
f 193/667 197/668 178/669
f 153/670 193/671 178/672
f 197/673 196/674 198/675
f 197/676 199/677 178/678
f 109/679 199/680 197/681
f 199/682 108/683 174/684
f 201/685 202/686 230/687
f 202/688 200/689 276/690
f 232/691 201/692 230/693
f 201/694 203/695 200/696
f 201/697 205/698 203/699
f 200/700 208/701 288/702
f 287/703 204/704 207/705
f 205/706 232/707 243/708
f 206/709 210/710 208/711
f 243/712 213/713 205/714
f 211/715 210/716 214/717
f 213/718 243/719 244/720
f 217/721 209/722 211/723
f 217/724 211/725 214/726
f 216/727 212/728 209/729
f 217/730 214/731 219/732
f 216/733 209/734 218/735
f 219/736 214/737 247/738
f 219/739 247/740 256/741
f 219/742 215/743 217/744
f 256/745 630/746 219/747
f 222/748 36/749 260/750
f 260/751 36/752 37/753
f 222/754 237/755 36/756
f 220/757 37/758 36/759
f 237/760 221/761 36/762
f 221/763 322/764 316/765
f 342/766 221/767 316/768
f 224/769 223/770 222/771
f 222/772 223/773 226/774
f 222/775 226/776 237/777
f 260/778 118/779 224/780
f 225/781 224/782 227/783
f 223/784 225/785 226/786
f 225/787 223/788 224/789
f 221/790 237/791 322/792
f 118/793 121/794 227/795
f 229/796 233/797 121/798
f 121/799 239/800 225/801
f 225/802 239/803 226/804
f 230/805 315/806 333/807
f 322/808 237/809 337/810
f 233/811 231/812 121/813
f 231/814 239/815 121/816
f 243/817 232/818 234/819
f 234/820 232/821 236/822
f 338/823 333/824 315/825
f 229/826 123/827 233/828
f 241/829 243/830 234/831
f 231/832 240/833 239/834
f 226/835 235/836 237/837
f 333/838 236/839 230/840
f 237/841 333/842 337/843
f 242/844 238/845 233/846
f 238/847 241/848 234/849
f 241/850 248/851 243/852
f 235/853 333/854 237/855
f 245/856 241/857 242/858
f 245/859 248/860 241/861
f 248/862 244/863 243/864
f 134/865 251/866 242/867
f 248/868 255/869 244/870
f 244/871 253/872 246/873
f 246/874 249/875 247/876
f 252/877 255/878 248/879
f 253/880 244/881 255/882
f 253/883 249/884 246/885
f 252/886 633/887 255/888
f 255/889 631/890 253/891
f 249/892 631/893 254/894
f 254/895 256/896 247/897
f 252/898 257/899 633/900
f 633/901 632/902 255/903
f 632/904 631/905 255/906
f 50/907 259/908 265/909
f 262/910 263/911 264/912
f 340/913 83/914 87/915
f 69/916 190/917 267/918
f 78/919 278/920 277/921
f 271/922 80/923 277/924
f 271/925 275/926 272/927
f 82/928 1053/929 1049/930
f 277/931 278/932 271/933
f 281/934 273/935 272/936
f 273/937 281/938 1053/939
f 228/940 276/941 323/942
f 270/943 323/944 276/945
f 278/946 281/947 275/948
f 280/949 281/950 278/951
f 276/952 228/953 202/954
f 290/955 292/956 280/957
f 280/958 292/959 282/960
f 282/961 292/962 284/963
f 282/964 281/965 280/966
f 281/967 285/968 1053/969
f 282/970 285/971 281/972
f 284/973 294/974 285/975
f 276/976 288/977 283/978
f 283/979 290/980 280/981
f 291/982 292/983 279/984
f 285/985 1038/986 1053/987
f 288/988 207/989 283/990
f 207/991 289/992 283/993
f 291/994 279/995 289/996
f 290/997 289/998 279/999
f 294/1000 297/1001 286/1002
f 297/1003 300/1004 286/1005
f 286/1006 300/1007 295/1008
f 295/1009 1043/1010 286/1011
f 291/1012 302/1013 296/1014
f 291/1015 301/1016 302/1017
f 296/1018 302/1019 298/1020
f 298/1021 303/1022 296/1023
f 299/1024 296/1025 303/1026
f 298/1027 306/1028 303/1029
f 300/1030 304/1031 295/1032
f 212/1033 216/1034 301/1035
f 305/1036 306/1037 301/1038
f 309/1039 299/1040 303/1041
f 215/1042 305/1043 301/1044
f 216/1045 215/1046 301/1047
f 304/1048 1014/1049 311/1050
f 304/1051 311/1052 295/1053
f 215/1054 312/1055 305/1056
f 310/1057 307/1058 309/1059
f 307/1060 310/1061 1014/1062
f 219/1063 630/1064 584/1065
f 305/1066 312/1067 308/1068
f 582/1069 313/1070 312/1071
f 1014/1072 583/1073 314/1074
f 342/1075 316/1076 318/1077
f 319/1078 274/1079 321/1080
f 274/1081 353/1082 321/1083
f 321/1084 353/1085 1055/1086
f 346/1087 318/1088 335/1089
f 317/1090 330/1091 335/1092
f 346/1093 335/1094 348/1095
f 325/1096 326/1097 324/1098
f 326/1099 328/1100 327/1101
f 322/1102 329/1103 317/1104
f 329/1105 330/1106 317/1107
f 338/1108 324/1109 331/1110
f 330/1111 338/1112 331/1113
f 328/1114 326/1115 325/1116
f 325/1117 332/1118 328/1119
f 330/1120 329/1121 337/1122
f 330/1123 331/1124 334/1125
f 335/1126 330/1127 334/1128
f 336/1129 334/1130 327/1131
f 337/1132 338/1133 330/1134
f 333/1135 338/1136 337/1137
f 341/1138 342/1139 343/1140
f 349/1141 92/1142 347/1143
f 343/1144 87/1145 345/1146
f 347/1147 89/1148 91/1149
f 347/1150 350/1151 349/1152
f 350/1153 351/1154 349/1155
f 348/1156 335/1157 336/1158
f 348/1159 336/1160 351/1161
f 336/1162 327/1163 991/1164
f 354/1165 82/1166 1049/1167
f 1052/1168 354/1169 1049/1170
f 360/1171 358/1172 355/1173
f 952/1174 355/1175 367/1176
f 357/1177 365/1178 360/1179
f 1100/1180 358/1181 360/1182
f 356/1183 359/1184 90/1185
f 90/1186 359/1187 976/1188
f 363/1189 976/1190 359/1191
f 356/1192 349/1193 363/1194
f 973/1195 90/1196 976/1197
f 969/1198 364/1199 357/1200
f 366/1201 367/1202 1156/1203
f 952/1204 367/1205 366/1206
f 952/1207 366/1208 1151/1209
f 1153/1210 1150/1211 1154/1212
f 1155/1213 973/1214 1153/1215
f 1150/1216 1149/1217 1152/1218
f 1150/1219 973/1220 1149/1221
f 1108/1222 1143/1223 1146/1224
f 1147/1225 1143/1226 1108/1227
f 1144/1228 1140/1229 1139/1230
f 1143/1231 1101/1232 1142/1233
f 1141/1234 1142/1235 1138/1236
f 1138/1237 1101/1238 869/1239
f 1140/1240 1137/1241 1136/1242
f 1139/1243 1136/1244 787/1245
f 1139/1246 787/1247 1091/1248
f 904/1249 910/1250 1141/1251
f 1141/1252 910/1253 1137/1254
f 1135/1255 1134/1256 1133/1257
f 1113/1258 1135/1259 1128/1260
f 363/1261 349/1262 964/1263
f 1118/1264 1123/1265 1133/1266
f 1113/1267 1128/1268 1121/1269
f 1126/1270 1127/1271 1120/1272
f 1131/1273 1126/1274 1120/1275
f 1130/1276 1134/1277 1113/1278
f 1133/1279 1123/1280 1128/1281
f 1134/1282 1130/1283 1109/1284
f 1103/1285 1119/1286 1129/1287
f 1109/1288 1130/1289 1097/1290
f 1119/1291 1103/1292 1108/1293
f 1103/1294 1118/1295 1102/1296
f 1119/1297 1108/1298 1117/1299
f 1123/1300 1129/1301 1117/1302
f 1117/1303 1122/1304 1123/1305
f 1111/1306 1123/1307 1122/1308
f 1128/1309 1111/1310 1127/1311
f 1127/1312 1111/1313 1115/1314
f 1116/1315 1114/1316 1115/1317
f 1115/1318 1114/1319 1110/1320
f 1115/1321 1120/1322 1127/1323
f 1102/1324 1118/1325 1106/1326
f 1117/1327 1108/1328 1146/1329
f 1146/1330 1122/1331 1117/1332
f 1128/1333 1123/1334 1111/1335
f 1144/1336 1112/1337 1122/1338
f 1115/1339 1110/1340 1075/1341
f 1105/1342 1102/1343 1106/1344
f 1097/1345 367/1346 1109/1347
f 1108/1348 1103/1349 1147/1350
f 1144/1351 1107/1352 1112/1353
f 1104/1354 1105/1355 1109/1356
f 1100/1357 1102/1358 1105/1359
f 1099/1360 1147/1361 1103/1362
f 427/1363 426/1364 484/1365
f 1099/1366 1100/1367 1098/1368
f 868/1369 1099/1370 966/1371
f 1096/1372 1093/1373 1097/1374
f 856/1375 858/1376 789/1377
f 1087/1378 789/1379 858/1380
f 1085/1381 847/1382 1083/1383
f 786/1384 857/1385 784/1386
f 1145/1387 1092/1388 1076/1389
f 1073/1390 1092/1391 1090/1392
f 1092/1393 1145/1394 1091/1395
f 1092/1396 1091/1397 1089/1398
f 1092/1399 1089/1400 1090/1401
f 1088/1402 750/1403 1090/1404
f 1089/1405 1091/1406 1088/1407
f 892/1408 908/1409 1086/1410
f 788/1411 1086/1412 908/1413
f 1091/1414 787/1415 1088/1416
f 1087/1417 1084/1418 1086/1419
f 1083/1420 1082/1421 1084/1422
f 1110/1423 1081/1424 1079/1425
f 1081/1426 1073/1427 1079/1428
f 1077/1429 1110/1430 1079/1431
f 1079/1432 1072/1433 1078/1434
f 1077/1435 1079/1436 1078/1437
f 1107/1438 1076/1439 1114/1440
f 1107/1441 1145/1442 1076/1443
f 1110/1444 1077/1445 1070/1446
f 1070/1447 1077/1448 1080/1449
f 1080/1450 1077/1451 1071/1452
f 1072/1453 1068/1454 1078/1455
f 1095/1456 1075/1457 1074/1458
f 1076/1459 1092/1460 1073/1461
f 1074/1462 1070/1463 1063/1464
f 1069/1465 1080/1466 1071/1467
f 1078/1468 1068/1469 1071/1470
f 1078/1471 1071/1472 1077/1473
f 1090/1474 1072/1475 1079/1476
f 1080/1477 1069/1478 1061/1479
f 1071/1480 1068/1481 1064/1482
f 1072/1483 1090/1484 1067/1485
f 1090/1486 750/1487 1067/1488
f 1072/1489 1057/1490 1066/1491
f 1065/1492 1064/1493 1068/1494
f 1057/1495 1065/1496 1066/1497
f 1060/1498 1063/1499 1498/1500
f 1062/1501 1063/1502 1061/1503
f 1069/1504 1059/1505 1058/1506
f 1058/1507 1125/1508 1062/1509
f 1124/1510 1125/1511 754/1512
f 353/1513 354/1514 1052/1515
f 353/1516 1054/1517 1055/1518
f 1054/1519 1052/1520 1050/1521
f 1052/1522 1049/1523 1051/1524
f 1049/1525 1047/1526 1051/1527
f 1047/1528 1048/1529 1051/1530
f 1044/1531 1000/1532 1050/1533
f 1053/1534 1047/1535 1049/1536
f 1047/1537 1046/1538 1048/1539
f 1045/1540 1044/1541 1050/1542
f 1038/1543 1042/1544 1053/1545
f 1045/1546 1035/1547 1044/1548
f 1047/1549 1042/1550 1046/1551
f 1042/1552 1041/1553 1046/1554
f 1046/1555 1041/1556 1036/1557
f 1048/1558 1040/1559 1045/1560
f 1038/1561 1041/1562 1042/1563
f 1041/1564 1037/1565 1036/1566
f 1039/1567 1036/1568 1037/1569
f 1040/1570 1036/1571 1031/1572
f 1040/1573 1031/1574 1035/1575
f 1031/1576 1034/1577 1028/1578
f 1028/1579 1034/1580 1030/1581
f 1043/1582 1037/1583 1041/1584
f 1037/1585 1032/1586 1039/1587
f 1030/1588 1025/1589 1027/1590
f 1029/1591 1027/1592 1025/1593
f 978/1594 1033/1595 1026/1596
f 1026/1597 941/1598 874/1599
f 1024/1600 1021/1601 1025/1602
f 1021/1603 1022/1604 1026/1605
f 1024/1606 1017/1607 1023/1608
f 1025/1609 1017/1610 1024/1611
f 1019/1612 1025/1613 1030/1614
f 1015/1615 928/1616 927/1617
f 1012/1618 1006/1619 1018/1620
f 1019/1621 1004/1622 1017/1623
f 1017/1624 1004/1625 1015/1626
f 1007/1627 1016/1628 928/1629
f 1013/1630 1011/1631 1004/1632
f 1010/1633 1013/1634 1004/1635
f 1019/1636 1010/1637 1004/1638
f 1004/1639 1009/1640 1015/1641
f 1008/1642 1016/1643 1007/1644
f 1015/1645 1007/1646 928/1647
f 1006/1648 1005/1649 1010/1650
f 1011/1651 398/1652 1004/1653
f 1009/1654 1008/1655 1007/1656
f 1003/1657 1008/1658 1009/1659
f 1012/1660 314/1661 1006/1662
f 1005/1663 399/1664 393/1665
f 1004/1666 398/1667 397/1668
f 1004/1669 397/1670 1003/1671
f 1003/1672 1002/1673 1008/1674
f 1001/1675 1055/1676 1054/1677
f 321/1678 1055/1679 1001/1680
f 328/1681 997/1682 999/1683
f 997/1684 998/1685 996/1686
f 988/1687 996/1688 1001/1689
f 997/1690 996/1691 995/1692
f 997/1693 994/1694 999/1695
f 990/1696 994/1697 993/1698
f 987/1699 990/1700 993/1701
f 1501/1702 352/1703 965/1704
f 982/1705 999/1706 989/1707
f 1044/1708 988/1709 1000/1710
f 992/1711 982/1712 963/1713
f 982/1714 986/1715 963/1716
f 980/1717 987/1718 985/1719
f 980/1720 891/1721 983/1722
f 979/1723 880/1724 882/1725
f 882/1726 891/1727 979/1728
f 1035/1729 1033/1730 1044/1731
f 982/1732 980/1733 981/1734
f 987/1735 1044/1736 1033/1737
f 985/1738 977/1739 980/1740
f 981/1741 980/1742 953/1743
f 891/1744 980/1745 979/1746
f 1033/1747 977/1748 987/1749
f 985/1750 987/1751 977/1752
f 956/1753 981/1754 953/1755
f 980/1756 983/1757 953/1758
f 978/1759 1026/1760 977/1761
f 976/1762 971/1763 973/1764
f 969/1765 952/1766 951/1767
f 364/1768 969/1769 972/1770
f 973/1771 971/1772 951/1773
f 971/1774 969/1775 951/1776
f 967/1777 972/1778 969/1779
f 964/1780 970/1781 363/1782
f 969/1783 975/1784 970/1785
f 975/1786 969/1787 971/1788
f 974/1789 867/1790 966/1791
f 349/1792 960/1793 964/1794
f 967/1795 969/1796 970/1797
f 974/1798 968/1799 865/1800
f 864/1801 867/1802 974/1803
f 961/1804 336/1805 991/1806
f 960/1807 958/1808 964/1809
f 963/1810 961/1811 991/1812
f 961/1813 963/1814 955/1815
f 956/1816 959/1817 963/1818
f 956/1819 957/1820 962/1821
f 960/1822 955/1823 959/1824
f 962/1825 954/1826 959/1827
f 862/1828 953/1829 873/1830
f 1062/1831 1124/1832 1498/1833
f 1060/1834 1/1835 1096/1836
f 1124/1837 754/1838 752/1839
f 950/1840 1093/1841 861/1842
f 883/1843 947/1844 859/1845
f 876/1846 871/1847 946/1848
f 943/1849 942/1850 946/1851
f 946/1852 942/1853 843/1854
f 946/1855 842/1856 875/1857
f 945/1858 936/1859 944/1860
f 945/1861 944/1862 871/1863
f 871/1864 944/1865 939/1866
f 939/1867 938/1868 871/1869
f 937/1870 934/1871 943/1872
f 942/1873 934/1874 838/1875
f 942/1876 943/1877 934/1878
f 942/1879 838/1880 837/1881
f 936/1882 941/1883 1022/1884
f 936/1885 927/1886 944/1887
f 927/1888 935/1889 944/1890
f 934/1891 931/1892 925/1893
f 932/1894 934/1895 925/1896
f 927/1897 926/1898 935/1899
f 931/1900 935/1901 922/1902
f 920/1903 922/1904 926/1905
f 920/1906 926/1907 1016/1908
f 920/1909 916/1910 922/1911
f 916/1912 924/1913 922/1914
f 924/1915 919/1916 923/1917
f 923/1918 918/1919 925/1920
f 918/1921 921/1922 925/1923
f 929/1924 921/1925 803/1926
f 1008/1927 914/1928 1016/1929
f 1174/1930 924/1931 916/1932
f 1174/1933 919/1934 924/1935
f 915/1936 919/1937 1174/1938
f 919/1939 915/1940 918/1941
f 923/1942 919/1943 918/1944
f 917/1945 914/1946 1173/1947
f 803/1948 921/1949 1228/1950
f 915/1951 1175/1952 913/1953
f 913/1954 1180/1955 921/1956
f 921/1957 1180/1958 1228/1959
f 905/1960 911/1961 904/1962
f 904/1963 911/1964 910/1965
f 902/1966 1137/1967 903/1968
f 883/1969 859/1970 906/1971
f 894/1972 909/1973 886/1974
f 886/1975 909/1976 911/1977
f 894/1978 893/1979 909/1980
f 909/1981 893/1982 900/1983
f 884/1984 901/1985 895/1986
f 893/1987 899/1988 900/1989
f 899/1990 893/1991 898/1992
f 905/1993 891/1994 889/1995
f 891/1996 905/1997 881/1998
f 881/1999 905/2000 896/2001
f 905/2002 897/2003 911/2004
f 897/2005 886/2006 911/2007
f 887/2008 884/2009 878/2010
f 883/2011 901/2012 884/2013
f 893/2014 895/2015 908/2016
f 898/2017 892/2018 781/2019
f 866/2020 881/2021 896/2022
f 890/2023 872/2024 887/2025
f 984/2026 872/2027 890/2028
f 882/2029 879/2030 889/2031
f 890/2032 888/2033 879/2034
f 890/2035 885/2036 888/2037
f 888/2038 885/2039 886/2040
f 885/2041 887/2042 878/2043
f 885/2044 878/2045 894/2046
f 878/2047 895/2048 894/2049
f 895/2050 878/2051 884/2052
f 884/2053 876/2054 883/2055
f 883/2056 876/2057 947/2058
f 876/2059 875/2060 947/2061
f 889/2062 891/2063 882/2064
f 880/2065 984/2066 890/2067
f 880/2068 890/2069 879/2070
f 884/2071 877/2072 876/2073
f 876/2074 946/2075 870/2076
f 947/2077 875/2078 842/2079
f 874/2080 872/2081 984/2082
f 874/2083 945/2084 872/2085
f 872/2086 945/2087 871/2088
f 876/2089 877/2090 871/2091
f 983/2092 881/2093 873/2094
f 869/2095 868/2096 866/2097
f 868/2098 966/2099 867/2100
f 881/2101 866/2102 873/2103
f 103/2104 105/2105 101/2106
f 906/2107 859/2108 789/2109
f 859/2110 856/2111 789/2112
f 847/2113 855/2114 857/2115
f 855/2116 854/2117 857/2118
f 854/2119 844/2120 853/2121
f 844/2122 851/2123 852/2124
f 853/2125 852/2126 851/2127
f 848/2128 853/2129 851/2130
f 850/2131 848/2132 849/2133
f 842/2134 843/2135 846/2136
f 947/2137 842/2138 856/2139
f 841/2140 845/2141 846/2142
f 847/2143 845/2144 855/2145
f 842/2146 845/2147 847/2148
f 842/2149 846/2150 845/2151
f 845/2152 840/2153 855/2154
f 855/2155 840/2156 854/2157
f 844/2158 854/2159 832/2160
f 723/2161 7/2162 715/2163
f 844/2164 830/2165 851/2166
f 851/2167 849/2168 848/2169
f 946/2170 843/2171 842/2172
f 845/2173 841/2174 840/2175
f 840/2176 839/2177 834/2178
f 843/2179 837/2180 836/2181
f 843/2182 942/2183 837/2184
f 838/2185 829/2186 837/2187
f 837/2188 829/2189 835/2190
f 835/2191 839/2192 836/2193
f 834/2194 839/2195 833/2196
f 832/2197 831/2198 830/2199
f 831/2200 833/2201 823/2202
f 831/2203 816/2204 830/2205
f 830/2206 816/2207 826/2208
f 829/2209 825/2210 835/2211
f 839/2212 835/2213 828/2214
f 835/2215 824/2216 828/2217
f 828/2218 818/2219 827/2220
f 823/2221 828/2222 827/2223
f 822/2224 817/2225 823/2226
f 826/2227 816/2228 770/2229
f 932/2230 929/2231 825/2232
f 838/2233 932/2234 825/2235
f 835/2236 825/2237 820/2238
f 824/2239 818/2240 828/2241
f 818/2242 822/2243 827/2244
f 823/2245 827/2246 822/2247
f 820/2248 807/2249 824/2250
f 818/2251 824/2252 819/2253
f 817/2254 816/2255 831/2256
f 809/2257 817/2258 822/2259
f 815/2260 814/2261 819/2262
f 807/2263 813/2264 815/2265
f 813/2266 814/2267 815/2268
f 814/2269 812/2270 819/2271
f 812/2272 811/2273 822/2274
f 816/2275 817/2276 810/2277
f 805/2278 796/2279 790/2280
f 763/2281 767/2282 808/2283
f 814/2284 813/2285 800/2286
f 814/2287 800/2288 806/2289
f 812/2290 806/2291 805/2292
f 798/2293 811/2294 804/2295
f 804/2296 805/2297 790/2298
f 802/2299 821/2300 803/2301
f 821/2302 802/2303 801/2304
f 813/2305 793/2306 800/2307
f 800/2308 799/2309 806/2310
f 810/2311 798/2312 797/2313
f 763/2314 797/2315 1230/2316
f 803/2317 1228/2318 792/2319
f 803/2320 792/2321 802/2322
f 792/2323 1223/2324 802/2325
f 800/2326 793/2327 794/2328
f 790/2329 1227/2330 798/2331
f 906/2332 789/2333 788/2334
f 780/2335 1086/2336 1084/2337
f 780/2338 1084/2339 783/2340
f 786/2341 784/2342 1082/2343
f 1088/2344 787/2345 778/2346
f 784/2347 850/2348 1082/2349
f 783/2350 1082/2351 850/2352
f 750/2353 774/2354 782/2355
f 103/2356 101/2357 104/2358
f 1131/2359 1095/2360 1096/2361
f 777/2362 1086/2363 780/2364
f 785/2365 774/2366 750/2367
f 781/2368 892/2369 779/2370
f 779/2371 777/2372 778/2373
f 778/2374 777/2375 785/2376
f 776/2377 744/2378 775/2379
f 785/2380 775/2381 774/2382
f 775/2383 773/2384 774/2385
f 775/2386 744/2387 773/2388
f 741/2389 742/2390 745/2391
f 772/2392 741/2393 745/2394
f 773/2395 739/2396 740/2397
f 740/2398 739/2399 741/2400
f 741/2401 769/2402 740/2403
f 766/2404 765/2405 741/2406
f 741/2407 765/2408 769/2409
f 771/2410 808/2411 768/2412
f 764/2413 766/2414 772/2415
f 757/2416 769/2417 765/2418
f 764/2419 1273/2420 1272/2421
f 767/2422 1276/2423 1273/2424
f 1272/2425 1300/2426 766/2427
f 1275/2428 1272/2429 1273/2430
f 766/2431 1300/2432 757/2433
f 759/2434 762/2435 736/2436
f 760/2437 759/2438 756/2439
f 759/2440 736/2441 758/2442
f 736/2443 755/2444 758/2445
f 735/2446 755/2447 736/2448
f 758/2449 755/2450 756/2451
f 757/2452 755/2453 735/2454
f 760/2455 1305/2456 751/2457
f 1305/2458 760/2459 756/2460
f 757/2461 1302/2462 755/2463
f 756/2464 1310/2465 1305/2466
f 1306/2467 756/2468 755/2469
f 761/2470 754/2471 1059/2472
f 826/2473 745/2474 747/2475
f 749/2476 850/2477 747/2478
f 742/2479 744/2480 748/2481
f 739/2482 744/2483 742/2484
f 741/2485 739/2486 742/2487
f 774/2488 738/2489 743/2490
f 740/2491 735/2492 738/2493
f 637/2494 728/2495 667/2496
f 661/2497 668/2498 733/2499
f 668/2500 667/2501 733/2502
f 732/2503 733/2504 730/2505
f 667/2506 734/2507 733/2508
f 730/2509 657/2510 732/2511
f 657/2512 730/2513 729/2514
f 730/2515 731/2516 729/2517
f 729/2518 731/2519 713/2520
f 726/2521 112/2522 727/2523
f 636/2524 111/2525 4/2526
f 112/2527 728/2528 637/2529
f 728/2530 112/2531 726/2532
f 727/2533 725/2534 722/2535
f 722/2536 723/2537 721/2538
f 731/2539 724/2540 720/2541
f 722/2542 720/2543 724/2544
f 723/2545 718/2546 721/2547
f 722/2548 719/2549 720/2550
f 721/2551 719/2552 722/2553
f 719/2554 721/2555 716/2556
f 718/2557 723/2558 715/2559
f 721/2560 718/2561 717/2562
f 718/2563 715/2564 717/2565
f 717/2566 715/2567 714/2568
f 713/2569 716/2570 711/2571
f 717/2572 711/2573 716/2574
f 711/2575 714/2576 712/2577
f 705/2578 138/2579 706/2580
f 704/2581 138/2582 710/2583
f 708/2584 135/2585 702/2586
f 706/2587 138/2588 704/2589
f 709/2590 696/2591 704/2592
f 135/2593 703/2594 702/2595
f 710/2596 709/2597 704/2598
f 702/2599 701/2600 708/2601
f 708/2602 700/2603 707/2604
f 700/2605 699/2606 707/2607
f 699/2608 141/2609 707/2610
f 697/2611 706/2612 695/2613
f 695/2614 704/2615 694/2616
f 695/2617 693/2618 703/2619
f 703/2620 693/2621 701/2622
f 701/2623 692/2624 684/2625
f 700/2626 701/2627 684/2628
f 692/2629 701/2630 693/2631
f 689/2632 696/2633 698/2634
f 689/2635 691/2636 696/2637
f 684/2638 613/2639 700/2640
f 689/2641 698/2642 687/2643
f 691/2644 685/2645 690/2646
f 690/2647 685/2648 688/2649
f 688/2650 685/2651 693/2652
f 693/2653 685/2654 683/2655
f 692/2656 693/2657 683/2658
f 687/2659 691/2660 689/2661
f 691/2662 687/2663 679/2664
f 679/2665 676/2666 685/2667
f 685/2668 691/2669 679/2670
f 682/2671 684/2672 692/2673
f 682/2674 692/2675 683/2676
f 675/2677 686/2678 676/2679
f 683/2680 686/2681 681/2682
f 682/2683 613/2684 684/2685
f 679/2686 678/2687 676/2688
f 675/2689 672/2690 681/2691
f 673/2692 674/2693 613/2694
f 674/2695 609/2696 613/2697
f 673/2698 672/2699 603/2700
f 677/2701 680/2702 644/2703
f 672/2704 675/2705 671/2706
f 677/2707 644/2708 670/2709
f 669/2710 559/2711 535/2712
f 670/2713 556/2714 559/2715
f 668/2716 188/2717 637/2718
f 663/2719 183/2720 664/2721
f 667/2722 668/2723 637/2724
f 665/2725 662/2726 698/2727
f 662/2728 666/2729 658/2730
f 663/2731 661/2732 659/2733
f 659/2734 666/2735 663/2736
f 666/2737 659/2738 660/2739
f 698/2740 658/2741 654/2742
f 653/2743 655/2744 660/2745
f 660/2746 659/2747 656/2748
f 657/2749 656/2750 659/2751
f 652/2752 654/2753 655/2754
f 657/2755 729/2756 656/2757
f 654/2758 648/2759 687/2760
f 651/2761 656/2762 729/2763
f 653/2764 652/2765 655/2766
f 652/2767 653/2768 649/2769
f 649/2770 653/2771 645/2772
f 653/2773 646/2774 645/2775
f 646/2776 651/2777 645/2778
f 649/2779 645/2780 643/2781
f 647/2782 638/2783 651/2784
f 641/2785 649/2786 643/2787
f 641/2788 640/2789 644/2790
f 670/2791 644/2792 640/2793
f 647/2794 642/2795 639/2796
f 638/2797 647/2798 639/2799
f 636/2800 5/2801 7/2802
f 6/2803 635/2804 485/2805
f 547/2806 711/2807 634/2808
f 713/2809 711/2810 642/2811
f 711/2812 547/2813 642/2814
f 634/2815 546/2816 547/2817
f 633/2818 620/2819 629/2820
f 632/2821 628/2822 631/2823
f 631/2824 626/2825 254/2826
f 632/2827 629/2828 628/2829
f 627/2830 626/2831 631/2832
f 626/2833 563/2834 564/2835
f 619/2836 625/2837 620/2838
f 624/2839 618/2840 626/2841
f 626/2842 618/2843 563/2844
f 621/2845 620/2846 623/2847
f 625/2848 619/2849 627/2850
f 617/2851 620/2852 621/2853
f 622/2854 613/2855 616/2856
f 624/2857 614/2858 610/2859
f 618/2860 610/2861 604/2862
f 613/2863 609/2864 606/2865
f 616/2866 606/2867 617/2868
f 617/2869 606/2870 615/2871
f 609/2872 607/2873 608/2874
f 602/2875 612/2876 615/2877
f 601/2878 600/2879 605/2880
f 610/2881 605/2882 595/2883
f 672/2884 599/2885 603/2886
f 608/2887 602/2888 606/2889
f 594/2890 598/2891 607/2892
f 601/2893 587/2894 600/2895
f 610/2896 595/2897 591/2898
f 608/2899 593/2900 597/2901
f 607/2902 593/2903 608/2904
f 607/2905 598/2906 593/2907
f 602/2908 597/2909 612/2910
f 601/2911 612/2912 592/2913
f 600/2914 587/2915 596/2916
f 596/2917 595/2918 600/2919
f 599/2920 535/2921 590/2922
f 594/2923 599/2924 590/2925
f 590/2926 598/2927 594/2928
f 595/2929 596/2930 585/2931
f 591/2932 585/2933 561/2934
f 598/2935 590/2936 589/2937
f 593/2938 588/2939 592/2940
f 589/2941 533/2942 588/2943
f 588/2944 586/2945 592/2946
f 588/2947 533/2948 586/2949
f 529/2950 585/2951 596/2952
f 585/2953 528/2954 560/2955
f 560/2956 528/2957 466/2958
f 584/2959 630/2960 582/2961
f 313/2962 582/2963 580/2964
f 564/2965 582/2966 630/2967
f 313/2968 580/2969 583/2970
f 582/2971 564/2972 580/2973
f 581/2974 583/2975 577/2976
f 583/2977 581/2978 395/2979
f 580/2980 564/2981 578/2982
f 580/2983 574/2984 577/2985
f 579/2986 571/2987 576/2988
f 575/2989 567/2990 574/2991
f 573/2992 572/2993 570/2994
f 575/2995 569/2996 567/2997
f 571/2998 568/2999 1163/3000
f 565/3001 568/3002 574/3003
f 568/3004 1168/3005 1163/3006
f 565/3007 1168/3008 568/3009
f 569/3010 561/3011 566/3012
f 566/3013 565/3014 567/3015
f 1168/3016 565/3017 480/3018
f 630/3019 626/3020 564/3021
f 563/3022 578/3023 564/3024
f 604/3025 562/3026 563/3027
f 578/3028 563/3029 562/3030
f 569/3031 575/3032 562/3033
f 604/3034 591/3035 562/3036
f 1359/3037 1411/3038 1172/3039
f 551/3040 638/3041 639/3042
f 544/3043 551/3044 639/3045
f 557/3046 643/3047 555/3048
f 553/3049 638/3050 551/3051
f 552/3052 557/3053 555/3054
f 554/3055 557/3056 552/3057
f 550/3058 552/3059 555/3060
f 500/3061 503/3062 554/3063
f 500/3064 554/3065 501/3066
f 501/3067 554/3068 552/3069
f 550/3070 539/3071 549/3072
f 539/3073 536/3074 549/3075
f 549/3076 536/3077 548/3078
f 642/3079 547/3080 545/3081
f 545/3082 542/3083 543/3084
f 542/3085 485/3086 541/3087
f 542/3088 541/3089 543/3090
f 551/3091 540/3092 539/3093
f 543/3094 540/3095 551/3096
f 538/3097 540/3098 543/3099
f 538/3100 543/3101 541/3102
f 541/3103 485/3104 538/3105
f 536/3106 539/3107 540/3108
f 537/3109 538/3110 8/3111
f 540/3112 537/3113 536/3114
f 483/3115 536/3116 537/3117
f 586/3118 533/3119 532/3120
f 526/3121 534/3122 530/3123
f 589/3124 531/3125 533/3126
f 587/3127 586/3128 529/3129
f 532/3130 529/3131 586/3132
f 526/3133 530/3134 535/3135
f 531/3136 534/3137 526/3138
f 527/3139 533/3140 531/3141
f 533/3142 527/3143 532/3144
f 502/3145 526/3146 535/3147
f 531/3148 526/3149 524/3150
f 532/3151 527/3152 525/3153
f 525/3154 527/3155 531/3156
f 529/3157 462/3158 528/3159
f 462/3160 529/3161 520/3162
f 529/3163 521/3164 520/3165
f 523/3166 526/3167 499/3168
f 502/3169 499/3170 526/3171
f 523/3172 499/3173 519/3174
f 499/3175 496/3176 519/3177
f 524/3178 519/3179 517/3180
f 522/3181 518/3182 521/3183
f 509/3184 516/3185 522/3186
f 516/3187 512/3188 522/3189
f 518/3190 457/3191 520/3192
f 513/3193 517/3194 519/3195
f 457/3196 512/3197 514/3198
f 496/3199 494/3200 513/3201
f 507/3202 509/3203 517/3204
f 447/3205 515/3206 511/3207
f 494/3208 489/3209 513/3210
f 515/3211 509/3212 510/3213
f 511/3214 515/3215 510/3216
f 508/3217 489/3218 434/3219
f 445/3220 447/3221 511/3222
f 445/3223 511/3224 504/3225
f 506/3226 510/3227 507/3228
f 439/3229 510/3230 506/3231
f 535/3232 503/3233 502/3234
f 502/3235 500/3236 497/3237
f 497/3238 499/3239 502/3240
f 498/3241 500/3242 501/3243
f 498/3244 501/3245 548/3246
f 495/3247 498/3248 491/3249
f 496/3250 497/3251 493/3252
f 482/3253 548/3254 536/3255
f 494/3256 496/3257 493/3258
f 493/3259 492/3260 489/3261
f 493/3262 495/3263 491/3264
f 492/3265 491/3266 437/3267
f 435/3268 434/3269 489/3270
f 486/3271 492/3272 437/3273
f 492/3274 486/3275 435/3276
f 435/3277 489/3278 492/3279
f 8/3280 485/3281 965/3282
f 538/3283 485/3284 8/3285
f 483/3286 537/3287 8/3288
f 483/3289 488/3290 482/3291
f 463/3292 565/3293 566/3294
f 1168/3295 480/3296 1330/3297
f 478/3298 463/3299 481/3300
f 478/3301 476/3302 565/3303
f 475/3304 479/3305 480/3306
f 459/3307 474/3308 476/3309
f 1150/3310 949/3311 1154/3312
f 787/3313 779/3314 778/3315
f 474/3316 473/3317 475/3318
f 479/3319 472/3320 1337/3321
f 474/3322 459/3323 473/3324
f 460/3325 473/3326 459/3327
f 469/3328 471/3329 472/3330
f 1343/3331 471/3332 469/3333
f 470/3334 467/3335 473/3336
f 473/3337 467/3338 469/3339
f 469/3340 468/3341 1343/3342
f 468/3343 1356/3344 1351/3345
f 451/3346 419/3347 450/3348
f 424/3349 1356/3350 468/3351
f 561/3352 464/3353 566/3354
f 464/3355 463/3356 566/3357
f 466/3358 528/3359 462/3360
f 464/3361 466/3362 465/3363
f 466/3364 462/3365 465/3366
f 477/3367 481/3368 465/3369
f 462/3370 461/3371 465/3372
f 460/3373 477/3374 465/3375
f 465/3376 461/3377 460/3378
f 462/3379 456/3380 461/3381
f 514/3382 458/3383 520/3384
f 461/3385 456/3386 460/3387
f 473/3388 460/3389 470/3390
f 455/3391 456/3392 458/3393
f 456/3394 470/3395 460/3396
f 447/3397 455/3398 514/3399
f 455/3400 453/3401 456/3402
f 779/3403 892/3404 777/3405
f 452/3406 450/3407 470/3408
f 451/3409 454/3410 444/3411
f 453/3412 444/3413 454/3414
f 454/3415 451/3416 453/3417
f 452/3418 451/3419 450/3420
f 450/3421 424/3422 470/3423
f 470/3424 424/3425 467/3426
f 449/3427 448/3428 447/3429
f 419/3430 451/3431 444/3432
f 445/3433 449/3434 447/3435
f 449/3436 446/3437 453/3438
f 444/3439 446/3440 422/3441
f 1411/3442 1359/3443 440/3444
f 440/3445 1359/3446 442/3447
f 440/3448 442/3449 441/3450
f 423/3451 504/3452 439/3453
f 437/3454 436/3455 486/3456
f 434/3457 435/3458 431/3459
f 438/3460 434/3461 431/3462
f 436/3463 437/3464 487/3465
f 431/3466 436/3467 432/3468
f 487/3469 432/3470 436/3471
f 438/3472 429/3473 428/3474
f 432/3475 443/3476 429/3477
f 429/3478 443/3479 428/3480
f 484/3481 442/3482 1406/3483
f 427/3484 483/3485 426/3486
f 484/3487 441/3488 442/3489
f 425/3490 1450/3491 1356/3492
f 425/3493 415/3494 409/3495
f 409/3496 414/3497 425/3498
f 425/3499 414/3500 1453/3501
f 420/3502 445/3503 418/3504
f 445/3505 423/3506 418/3507
f 439/3508 412/3509 423/3510
f 415/3511 425/3512 424/3513
f 417/3514 416/3515 421/3516
f 418/3517 412/3518 410/3519
f 410/3520 412/3521 408/3522
f 91/3523 350/3524 347/3525
f 410/3526 408/3527 407/3528
f 417/3529 410/3530 416/3531
f 414/3532 409/3533 413/3534
f 408/3535 412/3536 438/3537
f 406/3538 1466/3539 416/3540
f 408/3541 405/3542 407/3543
f 408/3544 430/3545 405/3546
f 407/3547 405/3548 404/3549
f 407/3550 404/3551 1492/3552
f 402/3553 405/3554 10/3555
f 1492/3556 404/3557 1481/3558
f 404/3559 405/3560 402/3561
f 404/3562 1483/3563 1481/3564
f 402/3565 403/3566 401/3567
f 401/3568 404/3569 402/3570
f 430/3571 443/3572 10/3573
f 9/3574 1484/3575 1486/3576
f 396/3577 389/3578 399/3579
f 399/3580 1005/3581 400/3582
f 391/3583 393/3584 399/3585
f 395/3586 396/3587 400/3588
f 399/3589 389/3590 391/3591
f 393/3592 391/3593 394/3594
f 398/3595 393/3596 397/3597
f 392/3598 1184/3599 1181/3600
f 581/3601 396/3602 395/3603
f 394/3604 390/3605 393/3606
f 1181/3607 1184/3608 1193/3609
f 391/3610 387/3611 386/3612
f 387/3613 382/3614 573/3615
f 381/3616 387/3617 573/3618
f 383/3619 378/3620 384/3621
f 388/3622 579/3623 572/3624
f 388/3625 572/3626 382/3627
f 379/3628 368/3629 385/3630
f 368/3631 383/3632 385/3633
f 376/3634 378/3635 383/3636
f 381/3637 573/3638 1159/3639
f 1159/3640 374/3641 380/3642
f 380/3643 369/3644 368/3645
f 383/3646 368/3647 376/3648
f 573/3649 375/3650 1159/3651
f 368/3652 369/3653 373/3654
f 373/3655 378/3656 368/3657
f 570/3658 1162/3659 573/3660
f 375/3661 573/3662 1158/3663
f 370/3664 374/3665 1159/3666
f 369/3667 374/3668 370/3669
f 373/3670 370/3671 1160/3672
f 372/3673 373/3674 1160/3675
f 1160/3676 1161/3677 371/3678
f 375/3679 1158/3680 1164/3681
f 1158/3682 1162/3683 1165/3684
f 1162/3685 1163/3686 1165/3687
f 1164/3688 1169/3689 370/3690
f 1160/3691 1169/3692 1167/3693
f 1161/3694 1331/3695 1217/3696
f 1331/3697 1161/3698 1160/3699
f 1169/3700 1166/3701 1167/3702
f 41/3703 87/3704 83/3705
f 1180/3706 913/3707 1176/3708
f 1183/3709 1181/3710 1182/3711
f 1173/3712 1181/3713 1177/3714
f 1177/3715 1185/3716 1178/3717
f 1178/3718 1179/3719 913/3720
f 1179/3721 1176/3722 913/3723
f 1181/3724 1193/3725 1182/3726
f 1195/3727 1177/3728 1183/3729
f 1177/3730 1195/3731 1185/3732
f 1188/3733 1179/3734 1178/3735
f 1179/3736 1188/3737 1186/3738
f 1179/3739 1186/3740 1176/3741
f 1191/3742 1185/3743 1195/3744
f 1187/3745 1197/3746 1188/3747
f 1186/3748 1188/3749 1189/3750
f 1195/3751 1196/3752 1191/3753
f 1187/3754 1191/3755 1197/3756
f 1197/3757 1189/3758 1188/3759
f 1189/3760 1192/3761 1190/3762
f 1189/3763 1190/3764 1237/3765
f 1190/3766 1194/3767 1237/3768
f 1189/3769 1197/3770 1192/3771
f 1194/3772 1238/3773 1237/3774
f 1192/3775 1206/3776 1198/3777
f 1198/3778 1190/3779 1192/3780
f 1199/3781 1194/3782 1190/3783
f 1238/3784 1194/3785 1250/3786
f 377/3787 1195/3788 384/3789
f 1196/3790 1203/3791 1191/3792
f 1203/3793 1197/3794 1191/3795
f 1203/3796 1206/3797 1197/3798
f 1206/3799 1211/3800 1198/3801
f 1209/3802 1199/3803 1198/3804
f 1199/3805 1200/3806 1201/3807
f 192/3808 34/3809 269/3810
f 1203/3811 1196/3812 1208/3813
f 1203/3814 1204/3815 1206/3816
f 1206/3817 1205/3818 1211/3819
f 1200/3820 1199/3821 1207/3822
f 1200/3823 1207/3824 1202/3825
f 1205/3826 1210/3827 1211/3828
f 1209/3829 1211/3830 1212/3831
f 1202/3832 1213/3833 1261/3834
f 1208/3835 1215/3836 1205/3837
f 1215/3838 1210/3839 1205/3840
f 1210/3841 1212/3842 1211/3843
f 1209/3844 1212/3845 1216/3846
f 1214/3847 1215/3848 1208/3849
f 1212/3850 1219/3851 1216/3852
f 1216/3853 1219/3854 1220/3855
f 1216/3856 1220/3857 1213/3858
f 1213/3859 1360/3860 1261/3861
f 1219/3862 1221/3863 1220/3864
f 1419/3865 1269/3866 1270/3867
f 1228/3868 1223/3869 792/3870
f 1223/3871 1233/3872 1224/3873
f 1223/3874 1224/3875 794/3876
f 1229/3877 800/3878 1224/3879
f 800/3880 1229/3881 1225/3882
f 1225/3883 1234/3884 1226/3885
f 1234/3886 1227/3887 1226/3888
f 1223/3889 1228/3890 1233/3891
f 1233/3892 1229/3893 1224/3894
f 1229/3895 1233/3896 1235/3897
f 1229/3898 1235/3899 1225/3900
f 1234/3901 1236/3902 1231/3903
f 1239/3904 1235/3905 1238/3906
f 1235/3907 1241/3908 1242/3909
f 1242/3910 1236/3911 1234/3912
f 1243/3913 1244/3914 1231/3915
f 1231/3916 1244/3917 1230/3918
f 1230/3919 1244/3920 1249/3921
f 1232/3922 1249/3923 1279/3924
f 1232/3925 1279/3926 1274/3927
f 1251/3928 1245/3929 1238/3930
f 1238/3931 1245/3932 1239/3933
f 1236/3934 1242/3935 1243/3936
f 1242/3937 1246/3938 1243/3939
f 1245/3940 1251/3941 1252/3942
f 1249/3943 1248/3944 1279/3945
f 1238/3946 1252/3947 1251/3948
f 1252/3949 1253/3950 1245/3951
f 1245/3952 1254/3953 1241/3954
f 1254/3955 1246/3956 1241/3957
f 1250/3958 1257/3959 1252/3960
f 1254/3961 1258/3962 1246/3963
f 1247/3964 1255/3965 1256/3966
f 1250/3967 1202/3968 1257/3969
f 1260/3970 1256/3971 1246/3972
f 1256/3973 1255/3974 1246/3975
f 1263/3976 1248/3977 1256/3978
f 1259/3979 1258/3980 1252/3981
f 1259/3982 1264/3983 1258/3984
f 1257/3985 1261/3986 1259/3987
f 1259/3988 1261/3989 1264/3990
f 1262/3991 1263/3992 1256/3993
f 1263/3994 1284/3995 1248/3996
f 1284/3997 1263/3998 1267/3999
f 1269/4000 1266/4001 1265/4002
f 1266/4003 1267/4004 1262/4005
f 1261/4006 1268/4007 1264/4008
f 1360/4009 1270/4010 1268/4011
f 1276/4012 1275/4013 1273/4014
f 198/4015 111/4016 109/4017
f 1277/4018 1280/4019 1278/4020
f 1277/4021 1278/4022 1300/4023
f 1280/4024 1277/4025 1282/4026
f 1278/4027 1318/4028 1315/4029
f 1280/4030 1320/4031 1278/4032
f 1280/4033 1319/4034 1320/4035
f 1287/4036 1280/4037 1282/4038
f 1280/4039 1286/4040 1319/4041
f 1290/4042 1286/4043 1280/4044
f 1283/4045 1288/4046 1289/4047
f 1291/4048 1329/4049 1286/4050
f 1291/4051 1286/4052 1290/4053
f 1266/4054 1292/4055 1267/4056
f 1292/4057 1288/4058 1285/4059
f 1295/4060 1287/4061 1289/4062
f 1297/4063 1293/4064 1296/4065
f 1291/4066 1290/4067 1423/4068
f 1294/4069 1295/4070 1289/4071
f 1271/4072 1298/4073 1296/4074
f 1297/4075 1296/4076 1298/4077
f 1297/4078 1421/4079 1299/4080
f 1297/4081 1299/4082 1293/4083
f 1294/4084 1423/4085 1295/4086
f 1421/4087 1424/4088 1299/4089
f 1294/4090 1422/4091 1423/4092
f 1302/4093 1307/4094 1301/4095
f 61/4096 55/4097 68/4098
f 1308/4099 1311/4100 1303/4101
f 1301/4102 1307/4103 1309/4104
f 1303/4105 1311/4106 1307/4107
f 1307/4108 1311/4109 1309/4110
f 1094/4111 948/4112 1151/4113
f 1306/4114 1304/4115 1312/4116
f 1306/4117 1312/4118 1313/4119
f 1312/4120 1304/4121 1309/4122
f 1308/4123 1315/4124 1311/4125
f 1156/4126 1151/4127 366/4128
f 1313/4129 1317/4130 1310/4131
f 1311/4132 1315/4133 1314/4134
f 1311/4135 1314/4136 1309/4137
f 1318/4138 1314/4139 1315/4140
f 1313/4141 1316/4142 1317/4143
f 1151/4144 1156/4145 1094/4146
f 1320/4147 1286/4148 1322/4149
f 1320/4150 1314/4151 1318/4152
f 1316/4153 1324/4154 1317/4155
f 1314/4156 1324/4157 1316/4158
f 1320/4159 1321/4160 1314/4161
f 1317/4162 1324/4163 1327/4164
f 1314/4165 1321/4166 1323/4167
f 1324/4168 1314/4169 1323/4170
f 1324/4171 1326/4172 1327/4173
f 1402/4174 1325/4175 1329/4176
f 1321/4177 1402/4178 1323/4179
f 1328/4180 1326/4181 1323/4182
f 1441/4183 1328/4184 1329/4185
f 1326/4186 1438/4187 1327/4188
f 1438/4189 1440/4190 1327/4191
f 1326/4192 1437/4193 1438/4194
f 1328/4195 1437/4196 1326/4197
f 1328/4198 1442/4199 1437/4200
f 1336/4201 1332/4202 1164/4203
f 1332/4204 1361/4205 1166/4206
f 1167/4207 1166/4208 1331/4209
f 1361/4210 1331/4211 1166/4212
f 1336/4213 1342/4214 1332/4215
f 1361/4216 1218/4217 1331/4218
f 479/4219 1333/4220 1330/4221
f 1332/4222 1334/4223 1361/4224
f 34/4225 192/4226 31/4227
f 1342/4228 1340/4229 1332/4230
f 1340/4231 1335/4232 1334/4233
f 1340/4234 1341/4235 1335/4236
f 40/4237 46/4238 87/4239
f 51/4240 341/4241 345/4242
f 51/4243 264/4244 341/4245
f 1335/4246 1338/4247 1339/4248
f 83/4249 98/4250 41/4251
f 472/4252 1344/4253 1337/4254
f 1342/4255 1337/4256 1344/4257
f 1336/4258 1337/4259 1342/4260
f 1341/4261 1338/4262 1335/4263
f 1342/4264 1345/4265 1348/4266
f 1342/4267 1348/4268 1340/4269
f 1340/4270 1348/4271 1341/4272
f 1344/4273 1345/4274 1342/4275
f 1341/4276 1346/4277 1338/4278
f 1344/4279 1343/4280 1350/4281
f 1350/4282 1347/4283 1344/4284
f 1348/4285 1345/4286 1355/4287
f 1341/4288 1355/4289 1352/4290
f 468/4291 1351/4292 1350/4293
f 1345/4294 1347/4295 1354/4296
f 1345/4297 1354/4298 1355/4299
f 1347/4300 1351/4301 1354/4302
f 1354/4303 1357/4304 1355/4305
f 1355/4306 1357/4307 1353/4308
f 1351/4309 1356/4310 1450/4311
f 1351/4312 1451/4313 1354/4314
f 1455/4315 1357/4316 1354/4317
f 1359/4318 1358/4319 1484/4320
f 1416/4321 1358/4322 1417/4323
f 1358/4324 1409/4325 1417/4326
f 345/4327 341/4328 343/4329
f 46/4330 344/4331 87/4332
f 72/4333 268/4334 47/4335
f 344/4336 345/4337 87/4338
f 1365/4339 1362/4340 1220/4341
f 1363/4342 1270/4343 1362/4344
f 1270/4345 1363/4346 1419/4347
f 1270/4348 1360/4349 1362/4350
f 1361/4351 1339/4352 1218/4353
f 89/4354 347/4355 92/4356
f 1218/4357 1366/4358 1221/4359
f 1339/4360 1366/4361 1218/4362
f 1366/4363 1380/4364 1365/4365
f 1365/4366 1364/4367 1363/4368
f 1366/4369 1339/4370 1369/4371
f 1366/4372 1368/4373 1380/4374
f 1380/4375 1378/4376 1367/4377
f 1370/4378 1353/4379 1403/4380
f 1420/4381 1425/4382 1421/4383
f 1371/4384 1364/4385 1373/4386
f 1373/4387 1374/4388 1371/4389
f 1374/4390 1376/4391 1375/4392
f 1367/4393 1372/4394 1364/4395
f 1372/4396 1376/4397 1373/4398
f 1367/4399 1378/4400 1372/4401
f 1381/4402 1376/4403 1372/4404
f 1376/4405 1381/4406 1379/4407
f 1379/4408 1383/4409 1376/4410
f 1379/4411 1382/4412 1383/4413
f 1388/4414 1392/4415 1378/4416
f 1386/4417 1381/4418 1378/4419
f 1386/4420 1384/4421 1381/4422
f 1381/4423 1384/4424 1382/4425
f 1382/4426 1384/4427 1385/4428
f 1385/4429 1436/4430 1382/4431
f 1382/4432 1436/4433 1435/4434
f 1384/4435 1387/4436 1390/4437
f 1386/4438 1394/4439 1384/4440
f 1394/4441 1387/4442 1384/4443
f 1392/4444 1388/4445 1391/4446
f 1388/4447 1370/4448 1391/4449
f 1392/4450 1400/4451 1386/4452
f 1393/4453 1394/4454 1386/4455
f 1395/4456 1387/4457 1394/4458
f 1387/4459 1414/4460 1390/4461
f 1370/4462 1403/4463 1391/4464
f 1393/4465 1397/4466 1394/4467
f 1395/4468 1414/4469 1387/4470
f 1393/4471 1488/4472 1401/4473
f 1393/4474 1401/4475 1397/4476
f 1398/4477 1418/4478 1414/4479
f 1395/4480 1398/4481 1414/4482
f 1391/4483 1403/4484 1487/4485
f 1399/4486 1400/4487 1391/4488
f 1494/4489 1489/4490 1401/4491
f 1401/4492 1489/4493 1397/4494
f 1489/4495 1418/4496 1398/4497
f 1416/4498 1417/4499 1497/4500
f 1415/4501 1414/4502 1412/4503
f 1410/4504 1447/4505 1413/4506
f 1442/4507 1443/4508 1437/4509
f 1443/4510 1438/4511 1437/4512
f 1440/4513 1443/4514 1446/4515
f 1439/4516 1429/4517 1444/4518
f 1444/4519 1429/4520 1445/4521
f 1405/4522 1446/4523 1447/4524
f 1441/4525 1442/4526 1328/4527
f 1436/4528 1448/4529 1434/4530
f 1377/4531 1383/4532 1435/4533
f 1433/4534 1377/4535 1435/4536
f 1375/4537 1377/4538 1431/4539
f 1448/4540 1445/4541 1429/4542
f 1433/4543 1434/4544 1427/4545
f 1431/4546 1433/4547 1427/4548
f 1427/4549 1426/4550 1431/4551
f 1427/4552 1432/4553 1428/4554
f 1426/4555 1427/4556 1425/4557
f 1432/4558 1430/4559 1428/4560
f 1425/4561 1428/4562 1424/4563
f 1422/4564 1428/4565 1430/4566
f 1449/4567 1447/4568 1444/4569
f 1407/4570 1446/4571 1405/4572
f 1410/4573 1412/4574 1409/4575
f 1171/4576 950/4577 861/4578
f 1445/4579 1448/4580 1449/4581
f 440/4582 965/4583 1411/4584
f 1450/4585 1453/4586 1451/4587
f 1468/4588 1416/4589 1497/4590
f 1477/4591 1456/4592 1457/4593
f 1468/4594 1497/4595 1459/4596
f 1453/4597 1454/4598 1467/4599
f 1477/4600 1457/4601 1452/4602
f 1453/4603 1467/4604 1455/4605
f 1466/4606 1467/4607 413/4608
f 413/4609 1467/4610 1454/4611
f 1467/4612 1460/4613 1463/4614
f 1460/4615 1462/4616 1463/4617
f 1457/4618 1461/4619 1469/4620
f 1470/4621 1464/4622 1465/4623
f 1465/4624 1459/4625 1499/4626
f 1467/4627 1466/4628 406/4629
f 406/4630 1460/4631 1467/4632
f 1461/4633 1471/4634 1469/4635
f 1457/4636 1469/4637 1470/4638
f 1475/4639 1465/4640 1464/4641
f 1472/4642 1465/4643 1475/4644
f 1465/4645 1472/4646 1459/4647
f 406/4648 1473/4649 1460/4650
f 1480/4651 1486/4652 1485/4653
f 406/4654 1492/4655 1473/4656
f 1478/4657 1480/4658 1485/4659
f 1474/4660 1482/4661 1476/4662
f 1482/4663 1478/4664 1476/4665
f 401/4666 1480/4667 1483/4668
f 1481/4669 1478/4670 1482/4671
f 1481/4672 1483/4673 1480/4674
f 1486/4675 1484/4676 1485/4677
f 1487/4678 1490/4679 1399/4680
f 1399/4681 1458/4682 1491/4683
f 1494/4684 1418/4685 1489/4686
f 1491/4687 1458/4688 1499/4689
f 1491/4690 1493/4691 1494/4692
f 1493/4693 1497/4694 1418/4695
f 1497/4696 1493/4697 1496/4698
f 1497/4699 1496/4700 1459/4701
f 1497/4702 1417/4703 1418/4704
f 12/4705 28/4706 11/4707
f 13/4708 44/4709 35/4710
f 13/4711 35/4712 142/4713
f 30/4714 194/4715 143/4716
f 149/4717 14/4718 15/4719
f 16/4720 18/4721 14/4722
f 142/4723 35/4724 143/4725
f 18/4726 17/4727 14/4728
f 21/4729 20/4730 24/4731
f 24/4732 20/4733 61/4734
f 20/4735 21/4736 61/4737
f 21/4738 55/4739 61/4740
f 24/4741 11/4742 57/4743
f 24/4744 57/4745 21/4746
f 22/4747 25/4748 61/4749
f 1409/4750 1412/4751 1417/4752
f 27/4753 24/4754 26/4755
f 24/4756 61/4757 26/4758
f 442/4759 1359/4760 443/4761
f 25/4762 22/4763 68/4764
f 27/4765 26/4766 30/4767
f 26/4768 29/4769 30/4770
f 26/4771 25/4772 29/4773
f 34/4774 25/4775 68/4776
f 29/4777 32/4778 30/4779
f 31/4780 29/4781 25/4782
f 25/4783 34/4784 31/4785
f 143/4786 35/4787 12/4788
f 31/4789 33/4790 32/4791
f 38/4792 39/4793 58/4794
f 39/4795 62/4796 58/4797
f 28/4798 64/4799 38/4800
f 39/4801 42/4802 62/4803
f 39/4804 67/4805 42/4806
f 40/4807 42/4808 67/4809
f 42/4810 40/4811 41/4812
f 40/4813 47/4814 46/4815
f 259/4816 49/4817 43/4818
f 49/4819 48/4820 267/4821
f 148/4822 263/4823 262/4824
f 259/4825 50/4826 48/4827
f 18/4828 148/4829 23/4830
f 148/4831 262/4832 45/4833
f 262/4834 258/4835 45/4836
f 45/4837 258/4838 259/4839
f 267/4840 190/4841 49/4842
f 37/4843 220/4844 263/4845
f 267/4846 48/4847 268/4848
f 265/4849 344/4850 50/4851
f 51/4852 344/4853 265/4854
f 341/4855 264/4856 220/4857
f 220/4858 342/4859 341/4860
f 53/4861 58/4862 54/4863
f 11/4864 56/4865 57/4866
f 57/4867 52/4868 19/4869
f 57/4870 56/4871 58/4872
f 60/4873 93/4874 59/4875
f 65/4876 66/4877 64/4878
f 39/4879 66/4880 67/4881
f 65/4882 70/4883 66/4884
f 67/4885 66/4886 70/4887
f 72/4888 47/4889 67/4890
f 268/4891 72/4892 70/4893
f 74/4894 76/4895 79/4896
f 75/4897 76/4898 74/4899
f 75/4900 77/4901 76/4902
f 75/4903 81/4904 77/4905
f 76/4906 77/4907 353/4908
f 82/4909 354/4910 77/4911
f 73/4912 79/4913 270/4914
f 78/4915 73/4916 270/4917
f 78/4918 277/4919 73/4920
f 80/4921 73/4922 277/4923
f 271/4924 272/4925 80/4926
f 272/4927 273/4928 81/4929
f 88/4930 85/4931 356/4932
f 356/4933 85/4934 339/4935
f 84/4936 105/4937 89/4938
f 86/4939 89/4940 105/4941
f 92/4942 88/4943 89/4944
f 92/4945 339/4946 88/4947
f 1500/4948 860/4949 1502/4950
f 363/4951 970/4952 975/4953
f 93/4954 63/4955 94/4956
f 63/4957 98/4958 94/4959
f 94/4960 98/4961 96/4962
f 96/4963 98/4964 97/4965
f 95/4966 1389/4967 191/4968
f 106/4969 100/4970 191/4971
f 1222/4972 96/4973 107/4974
f 107/4975 96/4976 97/4977
f 106/4978 191/4979 1389/4980
f 191/4981 100/4982 107/4983
f 83/4984 102/4985 98/4986
f 1155/4987 99/4988 101/4989
f 107/4990 1157/4991 1154/4992
f 1094/4993 950/4994 948/4995
f 86/4996 105/4997 102/4998
f 103/4999 106/5000 1389/5001
f 266/5002 101/5003 99/5004
f 108/5005 110/5006 112/5007
f 110/5008 111/5009 112/5010
f 111/5011 727/5012 112/5013
f 115/5014 122/5015 117/5016
f 113/5017 116/5018 114/5019
f 151/5020 115/5021 152/5022
f 114/5023 116/5024 121/5025
f 122/5026 120/5027 117/5028
f 120/5029 114/5030 117/5031
f 119/5032 114/5033 118/5034
f 114/5035 120/5036 127/5037
f 113/5038 127/5039 124/5040
f 124/5041 127/5042 130/5043
f 132/5044 125/5045 120/5046
f 126/5047 124/5048 130/5049
f 126/5050 130/5051 133/5052
f 132/5053 173/5054 131/5055
f 127/5056 129/5057 133/5058
f 128/5059 129/5060 127/5061
f 132/5062 137/5063 128/5064
f 128/5065 137/5066 129/5067
f 136/5068 134/5069 126/5070
f 136/5071 126/5072 133/5073
f 138/5074 129/5075 137/5076
f 133/5077 708/5078 136/5079
f 250/5080 141/5081 257/5082
f 138/5083 137/5084 710/5085
f 140/5086 709/5087 710/5088
f 16/5089 14/5090 154/5091
f 148/5092 18/5093 146/5094
f 149/5095 142/5096 144/5097
f 145/5098 146/5099 155/5100
f 16/5101 155/5102 146/5103
f 145/5104 150/5105 146/5106
f 154/5107 14/5108 156/5109
f 14/5110 149/5111 156/5112
f 151/5113 147/5114 150/5115
f 152/5116 260/5117 147/5118
f 194/5119 159/5120 149/5121
f 194/5122 153/5123 157/5124
f 154/5125 156/5126 160/5127
f 156/5128 149/5129 159/5130
f 155/5131 161/5132 122/5133
f 158/5134 154/5135 160/5136
f 159/5137 163/5138 160/5139
f 161/5140 158/5141 165/5142
f 122/5143 161/5144 132/5145
f 164/5146 168/5147 157/5148
f 167/5149 158/5150 160/5151
f 167/5152 160/5153 166/5154
f 160/5155 163/5156 166/5157
f 169/5158 161/5159 165/5160
f 169/5161 165/5162 171/5163
f 161/5164 169/5165 173/5166
f 181/5167 162/5168 182/5169
f 167/5170 166/5171 181/5172
f 162/5173 181/5174 166/5175
f 164/5176 176/5177 168/5178
f 165/5179 170/5180 172/5181
f 162/5182 168/5183 182/5184
f 164/5185 178/5186 179/5187
f 179/5188 176/5189 164/5190
f 167/5191 181/5192 175/5193
f 165/5194 167/5195 170/5196
f 175/5197 180/5198 170/5199
f 184/5200 173/5201 177/5202
f 171/5203 172/5204 186/5205
f 186/5206 169/5207 171/5208
f 179/5209 187/5210 668/5211
f 187/5212 178/5213 174/5214
f 180/5215 183/5216 189/5217
f 180/5218 182/5219 183/5220
f 177/5221 186/5222 185/5223
f 112/5224 188/5225 187/5226
f 668/5227 664/5228 182/5229
f 186/5230 189/5231 185/5232
f 666/5233 662/5234 189/5235
f 665/5236 185/5237 662/5238
f 32/5239 33/5240 193/5241
f 193/5242 33/5243 195/5244
f 196/5245 195/5246 192/5247
f 193/5248 195/5249 197/5250
f 195/5251 196/5252 197/5253
f 199/5254 109/5255 108/5256
f 199/5257 174/5258 178/5259
f 188/5260 112/5261 637/5262
f 1502/5263 1310/5264 1500/5265
f 201/5266 200/5267 202/5268
f 288/5269 276/5270 200/5271
f 201/5272 232/5273 205/5274
f 206/5275 200/5276 203/5277
f 208/5278 200/5279 206/5280
f 208/5281 207/5282 288/5283
f 210/5284 206/5285 203/5286
f 287/5287 207/5288 209/5289
f 213/5290 210/5291 205/5292
f 205/5293 210/5294 203/5295
f 210/5296 211/5297 208/5298
f 211/5299 207/5300 208/5301
f 209/5302 207/5303 211/5304
f 213/5305 246/5306 210/5307
f 246/5308 214/5309 210/5310
f 244/5311 246/5312 213/5313
f 246/5314 247/5315 214/5316
f 209/5317 217/5318 218/5319
f 216/5320 218/5321 215/5322
f 218/5323 217/5324 215/5325
f 222/5326 260/5327 224/5328
f 36/5329 221/5330 220/5331
f 220/5332 221/5333 342/5334
f 260/5335 152/5336 118/5337
f 230/5338 202/5339 228/5340
f 227/5341 224/5342 118/5343
f 121/5344 225/5345 227/5346
f 230/5347 228/5348 315/5349
f 235/5350 226/5351 239/5352
f 232/5353 230/5354 236/5355
f 235/5356 236/5357 333/5358
f 123/5359 242/5360 233/5361
f 233/5362 238/5363 231/5364
f 234/5365 236/5366 238/5367
f 238/5368 236/5369 240/5370
f 239/5371 240/5372 235/5373
f 240/5374 236/5375 235/5376
f 134/5377 242/5378 123/5379
f 242/5380 250/5381 245/5382
f 242/5383 241/5384 238/5385
f 238/5386 240/5387 231/5388
f 250/5389 242/5390 251/5391
f 252/5392 248/5393 245/5394
f 250/5395 251/5396 134/5397
f 252/5398 245/5399 250/5400
f 249/5401 254/5402 247/5403
f 257/5404 252/5405 250/5406
f 1171/5407 1172/5408 1170/5409
f 631/5410 249/5411 253/5412
f 254/5413 630/5414 256/5415
f 261/5416 263/5417 148/5418
f 261/5419 37/5420 263/5421
f 265/5422 258/5423 264/5424
f 258/5425 265/5426 259/5427
f 263/5428 220/5429 264/5430
f 147/5431 260/5432 261/5433
f 260/5434 37/5435 261/5436
f 262/5437 264/5438 258/5439
f 265/5440 264/5441 51/5442
f 267/5443 70/5444 69/5445
f 1495/5446 949/5447 948/5448
f 323/5449 270/5450 79/5451
f 323/5452 79/5453 315/5454
f 278/5455 78/5456 270/5457
f 271/5458 278/5459 275/5460
f 275/5461 281/5462 272/5463
f 283/5464 270/5465 276/5466
f 278/5467 270/5468 283/5469
f 279/5470 292/5471 290/5472
f 280/5473 278/5474 283/5475
f 293/5476 284/5477 292/5478
f 284/5479 285/5480 282/5481
f 294/5482 286/5483 285/5484
f 285/5485 286/5486 1038/5487
f 287/5488 289/5489 204/5490
f 204/5491 289/5492 207/5493
f 290/5494 283/5495 289/5496
f 291/5497 296/5498 292/5499
f 293/5500 292/5501 296/5502
f 296/5503 299/5504 293/5505
f 293/5506 299/5507 284/5508
f 284/5509 297/5510 294/5511
f 286/5512 1043/5513 1038/5514
f 287/5515 291/5516 289/5517
f 299/5518 297/5519 284/5520
f 212/5521 287/5522 209/5523
f 212/5524 291/5525 287/5526
f 297/5527 299/5528 300/5529
f 301/5530 306/5531 302/5532
f 298/5533 302/5534 306/5535
f 306/5536 309/5537 303/5538
f 299/5539 304/5540 300/5541
f 212/5542 301/5543 291/5544
f 1501/5545 3/5546 933/5547
f 196/5548 269/5549 3/5550
f 309/5551 307/5552 299/5553
f 307/5554 304/5555 299/5556
f 306/5557 308/5558 309/5559
f 432/5560 1406/5561 443/5562
f 307/5563 1014/5564 304/5565
f 311/5566 1012/5567 295/5568
f 306/5569 305/5570 308/5571
f 308/5572 310/5573 309/5574
f 313/5575 310/5576 308/5577
f 313/5578 1014/5579 310/5580
f 1014/5581 1012/5582 311/5583
f 215/5584 219/5585 312/5586
f 584/5587 312/5588 219/5589
f 312/5590 313/5591 308/5592
f 313/5593 583/5594 1014/5595
f 79/5596 319/5597 315/5598
f 316/5599 322/5600 317/5601
f 317/5602 318/5603 316/5604
f 342/5605 318/5606 346/5607
f 332/5608 319/5609 321/5610
f 321/5611 998/5612 332/5613
f 228/5614 323/5615 315/5616
f 319/5617 320/5618 324/5619
f 319/5620 332/5621 320/5622
f 320/5623 332/5624 325/5625
f 315/5626 319/5627 324/5628
f 318/5629 317/5630 335/5631
f 320/5632 325/5633 324/5634
f 324/5635 326/5636 331/5637
f 327/5638 334/5639 326/5640
f 332/5641 998/5642 328/5643
f 327/5644 328/5645 999/5646
f 315/5647 324/5648 338/5649
f 331/5650 326/5651 334/5652
f 337/5653 329/5654 322/5655
f 334/5656 336/5657 335/5658
f 342/5659 346/5660 343/5661
f 343/5662 346/5663 350/5664
f 350/5665 346/5666 348/5667
f 350/5668 348/5669 351/5670
f 336/5671 961/5672 351/5673
f 1222/5674 93/5675 94/5676
f 1105/5677 1104/5678 355/5679
f 357/5680 360/5681 952/5682
f 360/5683 355/5684 952/5685
f 1105/5686 358/5687 1100/5688
f 358/5689 1105/5690 355/5691
f 367/5692 355/5693 1104/5694
f 363/5695 359/5696 356/5697
f 357/5698 952/5699 969/5700
f 365/5701 357/5702 364/5703
f 360/5704 361/5705 1100/5706
f 361/5707 362/5708 1100/5709
f 365/5710 361/5711 360/5712
f 972/5713 365/5714 364/5715
f 974/5716 361/5717 365/5718
f 1098/5719 362/5720 361/5721
f 1156/5722 367/5723 1094/5724
f 1153/5725 973/5726 1150/5727
f 952/5728 1152/5729 1149/5730
f 90/5731 973/5732 1155/5733
f 951/5734 1149/5735 973/5736
f 1142/5737 1146/5738 1143/5739
f 1142/5740 1144/5741 1146/5742
f 1139/5743 1145/5744 1144/5745
f 1145/5746 1107/5747 1144/5748
f 1141/5749 1144/5750 1142/5751
f 1138/5752 1142/5753 1101/5754
f 1141/5755 1140/5756 1144/5757
f 1141/5758 1137/5759 1140/5760
f 1136/5761 1139/5762 1140/5763
f 1138/5764 869/5765 1141/5766
f 1141/5767 869/5768 912/5769
f 912/5770 904/5771 1141/5772
f 1137/5773 902/5774 1136/5775
f 902/5776 907/5777 1136/5778
f 1133/5779 1128/5780 1135/5781
f 1135/5782 1113/5783 1134/5784
f 1132/5785 1121/5786 1127/5787
f 1121/5788 1132/5789 1131/5790
f 1127/5791 1126/5792 1132/5793
f 1132/5794 1126/5795 1131/5796
f 1129/5797 1123/5798 1118/5799
f 1119/5800 1117/5801 1129/5802
f 1106/5803 1133/5804 1134/5805
f 1133/5806 1106/5807 1118/5808
f 1121/5809 1128/5810 1127/5811
f 1121/5812 1131/5813 1113/5814
f 1134/5815 1109/5816 1106/5817
f 1130/5818 1113/5819 1097/5820
f 1129/5821 1118/5822 1103/5823
f 1111/5824 1122/5825 1112/5826
f 1495/5827 1171/5828 1170/5829
f 1116/5830 1115/5831 1111/5832
f 1131/5833 1120/5834 1095/5835
f 1116/5836 1107/5837 1114/5838
f 1113/5839 1131/5840 1096/5841
f 1146/5842 1144/5843 1122/5844
f 1112/5845 1116/5846 1111/5847
f 1112/5848 1107/5849 1116/5850
f 1115/5851 1075/5852 1120/5853
f 442/5854 443/5855 1406/5856
f 1106/5857 1109/5858 1105/5859
f 1143/5860 1147/5861 1101/5862
f 1101/5863 1147/5864 1099/5865
f 1102/5866 1099/5867 1103/5868
f 1102/5869 1100/5870 1099/5871
f 1098/5872 1100/5873 362/5874
f 1101/5875 1099/5876 868/5877
f 1099/5878 1098/5879 966/5880
f 1101/5881 868/5882 869/5883
f 1097/5884 1113/5885 1096/5886
f 1109/5887 367/5888 1104/5889
f 367/5890 1097/5891 1094/5892
f 1095/5893 1060/5894 1096/5895
f 858/5896 1085/5897 1087/5898
f 1085/5899 858/5900 847/5901
f 847/5902 857/5903 1083/5904
f 857/5905 786/5906 1083/5907
f 1145/5908 1139/5909 1091/5910
f 1089/5911 1088/5912 1090/5913
f 1082/5914 1083/5915 786/5916
f 788/5917 1087/5918 1086/5919
f 1085/5920 1083/5921 1087/5922
f 1087/5923 1083/5924 1084/5925
f 1082/5926 783/5927 1084/5928
f 1075/5929 1095/5930 1120/5931
f 1114/5932 1081/5933 1110/5934
f 1076/5935 1081/5936 1114/5937
f 1076/5938 1073/5939 1081/5940
f 1095/5941 1074/5942 1060/5943
f 1110/5944 1070/5945 1075/5946
f 1075/5947 1070/5948 1074/5949
f 1070/5950 1080/5951 1061/5952
f 1090/5953 1079/5954 1073/5955
f 1064/5956 1069/5957 1071/5958
f 1059/5959 1069/5960 1064/5961
f 1068/5962 1072/5963 1066/5964
f 1072/5965 1067/5966 1057/5967
f 1065/5968 1068/5969 1066/5970
f 750/5971 1056/5972 1067/5973
f 1060/5974 1074/5975 1063/5976
f 1498/5977 1063/5978 1062/5979
f 1063/5980 1070/5981 1061/5982
f 1061/5983 1058/5984 1062/5985
f 1069/5986 1058/5987 1061/5988
f 1059/5989 1125/5990 1058/5991
f 1067/5992 1056/5993 1057/5994
f 1056/5995 1065/5996 1057/5997
f 737/5998 1065/5999 1056/6000
f 1056/6001 750/6002 737/6003
f 107/6004 949/6005 1495/6006
f 1052/6007 1054/6008 353/6009
f 485/6010 542/6011 546/6012
f 1054/6013 1000/6014 1001/6015
f 1051/6016 1050/6017 1052/6018
f 1048/6019 1050/6020 1051/6021
f 1054/6022 1050/6023 1000/6024
f 1053/6025 1042/6026 1047/6027
f 1036/6028 1048/6029 1046/6030
f 1045/6031 1050/6032 1048/6033
f 1036/6034 1040/6035 1048/6036
f 1040/6037 1035/6038 1045/6039
f 1036/6040 1039/6041 1034/6042
f 1043/6043 1041/6044 1038/6045
f 1031/6046 1036/6047 1034/6048
f 1032/6049 1034/6050 1039/6051
f 1028/6052 1027/6053 1029/6054
f 1035/6055 1031/6056 1033/6057
f 1032/6058 1030/6059 1034/6060
f 1028/6061 1029/6062 1031/6063
f 1030/6064 1027/6065 1028/6066
f 1026/6067 1022/6068 941/6069
f 295/6070 1037/6071 1043/6072
f 1031/6073 1029/6074 1033/6075
f 1033/6076 1029/6077 1026/6078
f 1029/6079 1021/6080 1026/6081
f 1021/6082 1024/6083 1023/6084
f 1021/6085 1023/6086 1022/6087
f 1020/6088 1022/6089 1023/6090
f 1022/6091 1020/6092 936/6093
f 1037/6094 1018/6095 1032/6096
f 1032/6097 1019/6098 1030/6099
f 1021/6100 1029/6101 1025/6102
f 1017/6103 1020/6104 1023/6105
f 1018/6106 1037/6107 295/6108
f 1025/6109 1019/6110 1017/6111
f 1015/6112 1020/6113 1017/6114
f 1012/6115 1018/6116 295/6117
f 1006/6118 1032/6119 1018/6120
f 1006/6121 1019/6122 1032/6123
f 1006/6124 1010/6125 1019/6126
f 1011/6127 1013/6128 1010/6129
f 1003/6130 1009/6131 1004/6132
f 1009/6133 1007/6134 1015/6135
f 314/6136 1012/6137 1014/6138
f 1006/6139 400/6140 1005/6141
f 1005/6142 393/6143 1011/6144
f 1011/6145 393/6146 398/6147
f 1005/6148 1011/6149 1010/6150
f 914/6151 1008/6152 1002/6153
f 321/6154 1001/6155 998/6156
f 998/6157 1001/6158 996/6159
f 998/6160 997/6161 328/6162
f 997/6163 995/6164 994/6165
f 999/6166 994/6167 989/6168
f 988/6169 1001/6170 1000/6171
f 988/6172 995/6173 996/6174
f 995/6175 987/6176 993/6177
f 993/6178 994/6179 995/6180
f 327/6181 999/6182 992/6183
f 327/6184 992/6185 991/6186
f 992/6187 999/6188 982/6189
f 994/6190 990/6191 989/6192
f 982/6193 989/6194 990/6195
f 988/6196 1044/6197 987/6198
f 988/6199 987/6200 995/6201
f 6/6202 5/6203 635/6204
f 1150/6205 1148/6206 949/6207
f 982/6208 981/6209 986/6210
f 979/6211 984/6212 880/6213
f 992/6214 963/6215 991/6216
f 990/6217 980/6218 982/6219
f 986/6220 981/6221 956/6222
f 987/6223 980/6224 990/6225
f 979/6226 980/6227 977/6228
f 1033/6229 978/6230 977/6231
f 977/6232 984/6233 979/6234
f 977/6235 1026/6236 874/6237
f 874/6238 984/6239 977/6240
f 975/6241 976/6242 363/6243
f 972/6244 974/6245 365/6246
f 966/6247 361/6248 974/6249
f 966/6250 1098/6251 361/6252
f 971/6253 976/6254 975/6255
f 967/6256 968/6257 972/6258
f 968/6259 974/6260 972/6261
f 964/6262 967/6263 970/6264
f 960/6265 349/6266 351/6267
f 967/6268 964/6269 958/6270
f 865/6271 864/6272 974/6273
f 351/6274 961/6275 960/6276
f 963/6277 986/6278 956/6279
f 956/6280 962/6281 959/6282
f 958/6283 962/6284 967/6285
f 962/6286 968/6287 967/6288
f 962/6289 957/6290 968/6291
f 865/6292 968/6293 957/6294
f 955/6295 960/6296 961/6297
f 960/6298 954/6299 958/6300
f 959/6301 955/6302 963/6303
f 956/6304 953/6305 957/6306
f 983/6307 873/6308 953/6309
f 862/6310 865/6311 957/6312
f 960/6313 959/6314 954/6315
f 958/6316 954/6317 962/6318
f 953/6319 862/6320 957/6321
f 952/6322 1149/6323 951/6324
f 937/6325 946/6326 871/6327
f 936/6328 945/6329 941/6330
f 937/6331 871/6332 938/6333
f 937/6334 943/6335 946/6336
f 944/6337 935/6338 940/6339
f 944/6340 940/6341 939/6342
f 940/6343 934/6344 938/6345
f 938/6346 934/6347 937/6348
f 927/6349 936/6350 1020/6351
f 939/6352 940/6353 938/6354
f 6/6355 7/6356 5/6357
f 934/6358 932/6359 838/6360
f 1015/6361 927/6362 1020/6363
f 935/6364 931/6365 940/6366
f 940/6367 931/6368 934/6369
f 932/6370 925/6371 929/6372
f 930/6373 923/6374 925/6375
f 930/6376 925/6377 931/6378
f 926/6379 922/6380 935/6381
f 922/6382 923/6383 931/6384
f 930/6385 931/6386 923/6387
f 925/6388 921/6389 929/6390
f 928/6391 1016/6392 927/6393
f 1016/6394 926/6395 927/6396
f 924/6397 923/6398 922/6399
f 929/6400 803/6401 821/6402
f 916/6403 920/6404 1174/6405
f 914/6406 917/6407 1016/6408
f 917/6409 920/6410 1016/6411
f 913/6412 918/6413 915/6414
f 918/6415 913/6416 921/6417
f 917/6418 1173/6419 920/6420
f 920/6421 1173/6422 1174/6423
f 1175/6424 915/6425 1174/6426
f 912/6427 869/6428 866/6429
f 896/6430 904/6431 912/6432
f 910/6433 911/6434 903/6435
f 911/6436 909/6437 900/6438
f 910/6439 903/6440 1137/6441
f 908/6442 895/6443 901/6444
f 902/6445 899/6446 907/6447
f 901/6448 883/6449 906/6450
f 901/6451 906/6452 908/6453
f 907/6454 787/6455 1136/6456
f 906/6457 788/6458 908/6459
f 866/6460 896/6461 912/6462
f 905/6463 904/6464 896/6465
f 903/6466 911/6467 900/6468
f 900/6469 902/6470 903/6471
f 900/6472 899/6473 902/6474
f 893/6475 892/6476 898/6477
f 899/6478 898/6479 907/6480
f 907/6481 898/6482 787/6483
f 889/6484 897/6485 905/6486
f 893/6487 894/6488 895/6489
f 893/6490 908/6491 892/6492
f 781/6493 787/6494 898/6495
f 889/6496 888/6497 897/6498
f 890/6499 887/6500 885/6501
f 888/6502 886/6503 897/6504
f 886/6505 885/6506 894/6507
f 887/6508 877/6509 884/6510
f 983/6511 891/6512 881/6513
f 879/6514 882/6515 880/6516
f 879/6517 888/6518 889/6519
f 887/6520 872/6521 877/6522
f 870/6523 946/6524 875/6525
f 870/6526 875/6527 876/6528
f 872/6529 871/6530 877/6531
f 941/6532 945/6533 874/6534
f 864/6535 868/6536 867/6537
f 864/6538 866/6539 868/6540
f 863/6541 864/6542 865/6543
f 873/6544 866/6545 863/6546
f 863/6547 866/6548 864/6549
f 862/6550 863/6551 865/6552
f 873/6553 863/6554 862/6555
f 859/6556 947/6557 856/6558
f 856/6559 847/6560 858/6561
f 857/6562 853/6563 784/6564
f 854/6565 853/6566 857/6567
f 844/6568 852/6569 853/6570
f 784/6571 853/6572 850/6573
f 850/6574 849/6575 747/6576
f 842/6577 847/6578 856/6579
f 848/6580 850/6581 853/6582
f 840/6583 834/6584 854/6585
f 834/6586 832/6587 854/6588
f 832/6589 830/6590 844/6591
f 851/6592 830/6593 849/6594
f 747/6595 849/6596 826/6597
f 826/6598 849/6599 830/6600
f 846/6601 843/6602 841/6603
f 836/6604 841/6605 843/6606
f 841/6607 836/6608 840/6609
f 836/6610 839/6611 840/6612
f 828/6613 833/6614 839/6615
f 834/6616 833/6617 832/6618
f 833/6619 831/6620 832/6621
f 833/6622 828/6623 823/6624
f 825/6625 829/6626 838/6627
f 836/6628 837/6629 835/6630
f 1148/6631 948/6632 949/6633
f 817/6634 831/6635 823/6636
f 821/6637 807/6638 825/6639
f 807/6640 820/6641 825/6642
f 835/6643 820/6644 824/6645
f 821/6646 825/6647 929/6648
f 807/6649 815/6650 824/6651
f 815/6652 819/6653 824/6654
f 819/6655 812/6656 818/6657
f 816/6658 771/6659 770/6660
f 812/6661 822/6662 818/6663
f 809/6664 810/6665 817/6666
f 813/6667 807/6668 795/6669
f 805/6670 811/6671 812/6672
f 816/6673 810/6674 771/6675
f 811/6676 809/6677 822/6678
f 809/6679 811/6680 810/6681
f 810/6682 808/6683 771/6684
f 799/6685 796/6686 805/6687
f 807/6688 821/6689 801/6690
f 801/6691 795/6692 807/6693
f 795/6694 793/6695 813/6696
f 814/6697 806/6698 812/6699
f 799/6700 805/6701 806/6702
f 805/6703 804/6704 811/6705
f 810/6706 811/6707 798/6708
f 810/6709 797/6710 808/6711
f 763/6712 808/6713 797/6714
f 798/6715 804/6716 790/6717
f 1223/6718 801/6719 802/6720
f 801/6721 794/6722 795/6723
f 1223/6724 794/6725 801/6726
f 794/6727 793/6728 795/6729
f 1226/6730 799/6731 800/6732
f 796/6733 799/6734 1226/6735
f 1226/6736 791/6737 796/6738
f 798/6739 1230/6740 797/6741
f 794/6742 1224/6743 800/6744
f 1225/6745 1226/6746 800/6747
f 1232/6748 1274/6749 763/6750
f 791/6751 790/6752 796/6753
f 1227/6754 790/6755 791/6756
f 1230/6757 798/6758 1227/6759
f 789/6760 1087/6761 788/6762
f 892/6763 1086/6764 777/6765
f 785/6766 750/6767 1088/6768
f 781/6769 779/6770 787/6771
f 778/6772 785/6773 1088/6774
f 780/6775 783/6776 744/6777
f 783/6778 850/6779 748/6780
f 783/6781 748/6782 744/6783
f 780/6784 776/6785 777/6786
f 777/6787 776/6788 785/6789
f 744/6790 776/6791 780/6792
f 785/6793 776/6794 775/6795
f 744/6796 739/6797 773/6798
f 774/6799 773/6800 740/6801
f 766/6802 741/6803 772/6804
f 772/6805 745/6806 826/6807
f 772/6808 826/6809 770/6810
f 770/6811 771/6812 768/6813
f 770/6814 768/6815 772/6816
f 769/6817 735/6818 740/6819
f 808/6820 767/6821 768/6822
f 764/6823 772/6824 768/6825
f 340/6826 86/6827 83/6828
f 1273/6829 764/6830 767/6831
f 766/6832 757/6833 765/6834
f 1276/6835 767/6836 763/6837
f 1272/6838 766/6839 764/6840
f 1064/6841 761/6842 1059/6843
f 762/6844 1064/6845 1065/6846
f 1064/6847 759/6848 761/6849
f 762/6850 759/6851 1064/6852
f 759/6853 760/6854 761/6855
f 758/6856 756/6857 759/6858
f 769/6859 757/6860 735/6861
f 1302/6862 1301/6863 755/6864
f 1301/6865 1306/6866 755/6867
f 1059/6868 754/6869 1125/6870
f 753/6871 752/6872 761/6873
f 753/6874 761/6875 760/6876
f 760/6877 751/6878 753/6879
f 782/6880 774/6881 746/6882
f 746/6883 762/6884 782/6885
f 850/6886 749/6887 748/6888
f 747/6889 745/6890 749/6891
f 748/6892 749/6893 745/6894
f 742/6895 748/6896 745/6897
f 774/6898 743/6899 746/6900
f 746/6901 743/6902 762/6903
f 738/6904 774/6905 740/6906
f 738/6907 762/6908 743/6909
f 738/6910 736/6911 762/6912
f 735/6913 736/6914 738/6915
f 750/6916 782/6917 737/6918
f 737/6919 762/6920 1065/6921
f 782/6922 762/6923 737/6924
f 728/6925 734/6926 667/6927
f 732/6928 661/6929 733/6930
f 733/6931 734/6932 724/6933
f 733/6934 724/6935 731/6936
f 730/6937 733/6938 731/6939
f 636/6940 725/6941 727/6942
f 726/6943 727/6944 722/6945
f 728/6946 726/6947 734/6948
f 722/6949 724/6950 726/6951
f 734/6952 726/6953 724/6954
f 723/6955 722/6956 725/6957
f 720/6958 716/6959 731/6960
f 720/6961 719/6962 716/6963
f 713/6964 731/6965 716/6966
f 721/6967 717/6968 716/6969
f 714/6970 715/6971 6/6972
f 714/6973 711/6974 717/6975
f 714/6976 6/6977 712/6978
f 712/6979 634/6980 711/6981
f 6/6982 634/6983 712/6984
f 139/6985 665/6986 709/6987
f 705/6988 135/6989 138/6990
f 698/6991 696/6992 709/6993
f 135/6994 705/6995 703/6996
f 700/6997 708/6998 701/6999
f 705/7000 706/7001 697/7002
f 706/7003 704/7004 695/7005
f 695/7006 703/7007 705/7008
f 695/7009 705/7010 697/7011
f 704/7012 696/7013 694/7014
f 702/7015 703/7016 701/7017
f 623/7018 699/7019 700/7020
f 694/7021 693/7022 695/7023
f 690/7024 693/7025 694/7026
f 691/7027 694/7028 696/7029
f 694/7030 691/7031 690/7032
f 688/7033 693/7034 690/7035
f 700/7036 613/7037 622/7038
f 1172/7039 860/7040 1404/7041
f 687/7042 698/7043 654/7044
f 685/7045 686/7046 683/7047
f 686/7048 685/7049 676/7050
f 682/7051 683/7052 681/7053
f 613/7054 682/7055 673/7056
f 687/7057 648/7058 680/7059
f 687/7060 680/7061 679/7062
f 671/7063 675/7064 676/7065
f 675/7066 681/7067 686/7068
f 681/7069 673/7070 682/7071
f 681/7072 672/7073 673/7074
f 609/7075 673/7076 607/7077
f 679/7078 677/7079 678/7080
f 677/7081 679/7082 680/7083
f 678/7084 671/7085 676/7086
f 677/7087 671/7088 678/7089
f 648/7090 644/7091 680/7092
f 674/7093 673/7094 609/7095
f 677/7096 670/7097 671/7098
f 669/7099 672/7100 671/7101
f 669/7102 599/7103 672/7104
f 671/7105 670/7106 669/7107
f 670/7108 559/7109 669/7110
f 669/7111 535/7112 599/7113
f 664/7114 668/7115 661/7116
f 698/7117 709/7118 665/7119
f 663/7120 664/7121 661/7122
f 658/7123 666/7124 660/7125
f 662/7126 658/7127 698/7128
f 657/7129 659/7130 661/7131
f 732/7132 657/7133 661/7134
f 658/7135 660/7136 655/7137
f 655/7138 654/7139 658/7140
f 660/7141 656/7142 653/7143
f 653/7144 656/7145 646/7146
f 648/7147 654/7148 652/7149
f 648/7150 652/7151 650/7152
f 646/7153 656/7154 651/7155
f 652/7156 649/7157 650/7158
f 713/7159 647/7160 729/7161
f 647/7162 651/7163 729/7164
f 650/7165 649/7166 641/7167
f 650/7168 641/7169 648/7170
f 648/7171 641/7172 644/7173
f 645/7174 651/7175 643/7176
f 713/7177 642/7178 647/7179
f 651/7180 638/7181 643/7182
f 641/7183 643/7184 558/7185
f 670/7186 640/7187 558/7188
f 641/7189 558/7190 640/7191
f 643/7192 638/7193 555/7194
f 670/7195 558/7196 556/7197
f 6/7198 485/7199 546/7200
f 634/7201 6/7202 546/7203
f 699/7204 633/7205 141/7206
f 141/7207 633/7208 257/7209
f 626/7210 630/7211 254/7212
f 633/7213 629/7214 632/7215
f 620/7216 633/7217 699/7218
f 628/7219 629/7220 625/7221
f 631/7222 628/7223 627/7224
f 623/7225 620/7226 699/7227
f 620/7228 625/7229 629/7230
f 625/7231 627/7232 628/7233
f 627/7234 624/7235 626/7236
f 622/7237 623/7238 700/7239
f 621/7240 623/7241 622/7242
f 617/7243 619/7244 620/7245
f 619/7246 614/7247 627/7248
f 614/7249 624/7250 627/7251
f 610/7252 618/7253 624/7254
f 622/7255 616/7256 621/7257
f 621/7258 616/7259 617/7260
f 617/7261 615/7262 619/7263
f 615/7264 614/7265 619/7266
f 604/7267 563/7268 618/7269
f 606/7270 616/7271 613/7272
f 615/7273 612/7274 611/7275
f 611/7276 614/7277 615/7278
f 605/7279 610/7280 614/7281
f 603/7282 607/7283 673/7284
f 601/7285 611/7286 612/7287
f 611/7288 605/7289 614/7290
f 601/7291 605/7292 611/7293
f 606/7294 609/7295 608/7296
f 606/7297 602/7298 615/7299
f 594/7300 607/7301 603/7302
f 600/7303 595/7304 605/7305
f 610/7306 591/7307 604/7308
f 594/7309 603/7310 599/7311
f 1411/7312 1170/7313 1172/7314
f 1151/7315 948/7316 1152/7317
f 608/7318 597/7319 602/7320
f 612/7321 597/7322 593/7323
f 593/7324 592/7325 612/7326
f 592/7327 587/7328 601/7329
f 595/7330 585/7331 591/7332
f 535/7333 530/7334 590/7335
f 586/7336 587/7337 592/7338
f 585/7339 560/7340 561/7341
f 590/7342 530/7343 534/7344
f 596/7345 587/7346 529/7347
f 528/7348 585/7349 529/7350
f 582/7351 312/7352 584/7353
f 583/7354 395/7355 314/7356
f 580/7357 577/7358 583/7359
f 581/7360 388/7361 396/7362
f 388/7363 581/7364 579/7365
f 577/7366 579/7367 581/7368
f 578/7369 574/7370 580/7371
f 577/7372 571/7373 579/7374
f 576/7375 572/7376 579/7377
f 575/7378 574/7379 578/7380
f 574/7381 571/7382 577/7383
f 576/7384 571/7385 572/7386
f 571/7387 570/7388 572/7389
f 571/7390 1163/7391 570/7392
f 568/7393 571/7394 574/7395
f 1163/7396 1162/7397 570/7398
f 566/7399 567/7400 569/7401
f 567/7402 565/7403 574/7404
f 1411/7405 352/7406 1170/7407
f 575/7408 578/7409 562/7410
f 591/7411 561/7412 562/7413
f 562/7414 561/7415 569/7416
f 466/7417 561/7418 560/7419
f 1359/7420 1172/7421 1404/7422
f 639/7423 642/7424 544/7425
f 555/7426 638/7427 553/7428
f 558/7429 643/7430 557/7431
f 556/7432 503/7433 559/7434
f 503/7435 535/7436 559/7437
f 558/7438 557/7439 554/7440
f 558/7441 554/7442 556/7443
f 555/7444 553/7445 550/7446
f 553/7447 551/7448 550/7449
f 554/7450 503/7451 556/7452
f 551/7453 539/7454 550/7455
f 550/7456 549/7457 552/7458
f 552/7459 549/7460 501/7461
f 548/7462 501/7463 549/7464
f 547/7465 546/7466 545/7467
f 642/7468 545/7469 544/7470
f 545/7471 546/7472 542/7473
f 545/7474 543/7475 544/7476
f 544/7477 543/7478 551/7479
f 540/7480 538/7481 537/7482
f 589/7483 590/7484 534/7485
f 531/7486 589/7487 534/7488
f 525/7489 529/7490 532/7491
f 531/7492 524/7493 525/7494
f 525/7495 521/7496 529/7497
f 524/7498 526/7499 523/7500
f 523/7501 519/7502 524/7503
f 524/7504 522/7505 525/7506
f 517/7507 522/7508 524/7509
f 522/7510 521/7511 525/7512
f 518/7513 520/7514 521/7515
f 522/7516 517/7517 509/7518
f 512/7519 518/7520 522/7521
f 496/7522 513/7523 519/7524
f 457/7525 518/7526 512/7527
f 517/7528 513/7529 507/7530
f 516/7531 515/7532 512/7533
f 447/7534 514/7535 512/7536
f 516/7537 509/7538 515/7539
f 515/7540 447/7541 512/7542
f 508/7543 507/7544 513/7545
f 513/7546 489/7547 508/7548
f 508/7549 505/7550 507/7551
f 507/7552 510/7553 509/7554
f 510/7555 504/7556 511/7557
f 510/7558 439/7559 504/7560
f 508/7561 434/7562 505/7563
f 506/7564 507/7565 505/7566
f 500/7567 502/7568 503/7569
f 499/7570 497/7571 496/7572
f 500/7573 495/7574 497/7575
f 495/7576 500/7577 498/7578
f 490/7579 498/7580 482/7581
f 498/7582 548/7583 482/7584
f 491/7585 498/7586 490/7587
f 495/7588 493/7589 497/7590
f 493/7591 489/7592 494/7593
f 490/7594 482/7595 488/7596
f 490/7597 437/7598 491/7599
f 492/7600 493/7601 491/7602
f 488/7603 437/7604 490/7605
f 437/7606 488/7607 433/7608
f 950/7609 1171/7610 948/7611
f 482/7612 536/7613 483/7614
f 565/7615 463/7616 478/7617
f 565/7618 476/7619 480/7620
f 481/7621 477/7622 478/7623
f 476/7624 475/7625 480/7626
f 479/7627 1330/7628 480/7629
f 478/7630 477/7631 459/7632
f 478/7633 459/7634 476/7635
f 472/7636 479/7637 475/7638
f 474/7639 475/7640 476/7641
f 473/7642 469/7643 475/7644
f 475/7645 469/7646 472/7647
f 467/7648 468/7649 469/7650
f 1343/7651 468/7652 1350/7653
f 419/7654 424/7655 450/7656
f 424/7657 468/7658 467/7659
f 425/7660 1356/7661 424/7662
f 561/7663 466/7664 464/7665
f 481/7666 463/7667 464/7668
f 481/7669 464/7670 465/7671
f 520/7672 458/7673 462/7674
f 460/7675 459/7676 477/7677
f 458/7678 456/7679 462/7680
f 520/7681 457/7682 514/7683
f 458/7684 514/7685 455/7686
f 452/7687 470/7688 456/7689
f 448/7690 453/7691 455/7692
f 447/7693 448/7694 455/7695
f 453/7696 452/7697 456/7698
f 453/7699 448/7700 449/7701
f 451/7702 452/7703 453/7704
f 449/7705 445/7706 446/7707
f 446/7708 444/7709 453/7710
f 445/7711 504/7712 423/7713
f 420/7714 446/7715 445/7716
f 420/7717 422/7718 446/7719
f 443/7720 1359/7721 1484/7722
f 965/7723 440/7724 441/7725
f 505/7726 434/7727 438/7728
f 506/7729 505/7730 438/7731
f 506/7732 438/7733 412/7734
f 486/7735 436/7736 435/7737
f 431/7738 435/7739 436/7740
f 484/7741 433/7742 427/7743
f 433/7744 484/7745 487/7746
f 487/7747 437/7748 433/7749
f 438/7750 431/7751 429/7752
f 431/7753 432/7754 429/7755
f 438/7756 428/7757 430/7758
f 488/7759 483/7760 427/7761
f 488/7762 427/7763 433/7764
f 1453/7765 1450/7766 425/7767
f 444/7768 422/7769 419/7770
f 439/7771 506/7772 412/7773
f 419/7774 422/7775 421/7776
f 420/7777 421/7778 422/7779
f 415/7780 424/7781 419/7782
f 418/7783 423/7784 412/7785
f 420/7786 417/7787 421/7788
f 421/7789 415/7790 419/7791
f 421/7792 416/7793 415/7794
f 420/7795 418/7796 411/7797
f 411/7798 417/7799 420/7800
f 416/7801 409/7802 415/7803
f 414/7804 413/7805 1453/7806
f 418/7807 410/7808 411/7809
f 410/7810 417/7811 411/7812
f 407/7813 416/7814 410/7815
f 416/7816 1466/7817 409/7818
f 408/7819 438/7820 430/7821
f 768/7822 767/7823 764/7824
f 407/7825 406/7826 416/7827
f 406/7828 407/7829 1492/7830
f 430/7831 10/7832 405/7833
f 401/7834 1483/7835 404/7836
f 395/7837 1006/7838 314/7839
f 395/7840 400/7841 1006/7842
f 399/7843 400/7844 396/7845
f 948/7846 1148/7847 1152/7848
f 397/7849 1002/7850 1003/7851
f 1181/7852 914/7853 1002/7854
f 1151/7855 1152/7856 952/7857
f 397/7858 392/7859 1002/7860
f 1181/7861 1002/7862 392/7863
f 397/7864 393/7865 390/7866
f 390/7867 392/7868 397/7869
f 389/7870 396/7871 388/7872
f 387/7873 391/7874 389/7875
f 386/7876 394/7877 391/7878
f 386/7879 390/7880 394/7881
f 392/7882 390/7883 1184/7884
f 382/7885 387/7886 389/7887
f 379/7888 390/7889 386/7890
f 390/7891 385/7892 1184/7893
f 382/7894 389/7895 388/7896
f 387/7897 380/7898 386/7899
f 381/7900 380/7901 387/7902
f 379/7903 385/7904 390/7905
f 385/7906 384/7907 1184/7908
f 380/7909 379/7910 386/7911
f 383/7912 384/7913 385/7914
f 380/7915 368/7916 379/7917
f 384/7918 378/7919 377/7920
f 573/7921 382/7922 572/7923
f 381/7924 1159/7925 380/7926
f 380/7927 374/7928 369/7929
f 377/7930 373/7931 372/7932
f 376/7933 368/7934 378/7935
f 373/7936 377/7937 378/7938
f 372/7939 1160/7940 371/7941
f 377/7942 372/7943 371/7944
f 1162/7945 1158/7946 573/7947
f 375/7948 1164/7949 1159/7950
f 369/7951 370/7952 373/7953
f 1169/7954 1160/7955 370/7956
f 1159/7957 1164/7958 370/7959
f 1164/7960 1158/7961 1165/7962
f 1331/7963 1160/7964 1167/7965
f 1163/7966 1168/7967 1165/7968
f 1164/7969 1165/7970 1336/7971
f 1330/7972 1165/7973 1168/7974
f 1164/7975 1332/7976 1169/7977
f 1501/7978 1222/7979 352/7980
f 1172/7981 1171/7982 860/7983
f 860/7984 1407/7985 1404/7986
f 1173/7987 1177/7988 1174/7989
f 1175/7990 1174/7991 1177/7992
f 1175/7993 1178/7994 913/7995
f 914/7996 1181/7997 1173/7998
f 1183/7999 1177/8000 1181/8001
f 1175/8002 1177/8003 1178/8004
f 1180/8005 1237/8006 1228/8007
f 1187/8008 1178/8009 1185/8010
f 1188/8011 1178/8012 1187/8013
f 1186/8014 1180/8015 1176/8016
f 1183/8017 1182/8018 1195/8019
f 1187/8020 1185/8021 1191/8022
f 1237/8023 1180/8024 1186/8025
f 1189/8026 1237/8027 1186/8028
f 1193/8029 1195/8030 1182/8031
f 384/8032 1193/8033 1184/8034
f 1195/8035 1193/8036 384/8037
f 1190/8038 1198/8039 1199/8040
f 1199/8041 1201/8042 1194/8043
f 1201/8044 1250/8045 1194/8046
f 371/8047 1196/8048 377/8049
f 1195/8050 377/8051 1196/8052
f 1197/8053 1206/8054 1192/8055
f 1200/8056 1202/8057 1201/8058
f 1201/8059 1202/8060 1250/8061
f 1208/8062 1204/8063 1203/8064
f 1205/8065 1206/8066 1204/8067
f 1209/8068 1198/8069 1211/8070
f 1196/8071 371/8072 1161/8073
f 1196/8074 1161/8075 1208/8076
f 1209/8077 1207/8078 1199/8079
f 1213/8080 1202/8081 1207/8082
f 1208/8083 1205/8084 1204/8085
f 1209/8086 1216/8087 1207/8088
f 1216/8089 1213/8090 1207/8091
f 1161/8092 1217/8093 1208/8094
f 1215/8095 1212/8096 1210/8097
f 1208/8098 1217/8099 1214/8100
f 1214/8101 1212/8102 1215/8103
f 1217/8104 1218/8105 1214/8106
f 1219/8107 1212/8108 1214/8109
f 1220/8110 1360/8111 1213/8112
f 1218/8113 1217/8114 1331/8115
f 1218/8116 1219/8117 1214/8118
f 593/8119 598/8120 589/8121
f 588/8122 593/8123 589/8124
f 1171/8125 861/8126 860/8127
f 1227/8128 791/8129 1226/8130
f 1230/8131 1232/8132 763/8133
f 1249/8134 1232/8135 1230/8136
f 1234/8137 1231/8138 1227/8139
f 1231/8140 1230/8141 1227/8142
f 1238/8143 1233/8144 1228/8145
f 1237/8146 1238/8147 1228/8148
f 1238/8149 1235/8150 1233/8151
f 1242/8152 1225/8153 1235/8154
f 1242/8155 1234/8156 1225/8157
f 1243/8158 1231/8159 1236/8160
f 1245/8161 1240/8162 1239/8163
f 1239/8164 1240/8165 1241/8166
f 1239/8167 1241/8168 1235/8169
f 1247/8170 1244/8171 1243/8172
f 1246/8173 1247/8174 1243/8175
f 1249/8176 1244/8177 1247/8178
f 1240/8179 1245/8180 1241/8181
f 1246/8182 1242/8183 1241/8184
f 1255/8185 1247/8186 1246/8187
f 1247/8188 1248/8189 1249/8190
f 1238/8191 1250/8192 1252/8193
f 1253/8194 1254/8195 1245/8196
f 1254/8197 1253/8198 1258/8199
f 1252/8200 1258/8201 1253/8202
f 1247/8203 1256/8204 1248/8205
f 1259/8206 1252/8207 1257/8208
f 1260/8209 1246/8210 1258/8211
f 1284/8212 1283/8213 1279/8214
f 1284/8215 1279/8216 1248/8217
f 1202/8218 1261/8219 1257/8220
f 1264/8221 1260/8222 1258/8223
f 1260/8224 1262/8225 1256/8226
f 1265/8227 1260/8228 1264/8229
f 1265/8230 1266/8231 1260/8232
f 1260/8233 1266/8234 1262/8235
f 1267/8236 1263/8237 1262/8238
f 1268/8239 1265/8240 1264/8241
f 1360/8242 1268/8243 1261/8244
f 1268/8245 1269/8246 1265/8247
f 1269/8248 1271/8249 1266/8250
f 1269/8251 1268/8252 1270/8253
f 1296/8254 1266/8255 1271/8256
f 1419/8257 1271/8258 1269/8259
f 1276/8260 763/8261 1274/8262
f 1277/8263 1272/8264 1275/8265
f 1277/8266 1300/8267 1272/8268
f 1308/8269 1303/8270 1300/8271
f 1282/8272 1277/8273 1275/8274
f 1308/8275 1300/8276 1278/8277
f 1281/8278 1275/8279 1276/8280
f 1279/8281 1276/8282 1274/8283
f 1308/8284 1278/8285 1315/8286
f 1275/8287 1281/8288 1282/8289
f 1279/8290 1281/8291 1276/8292
f 1282/8293 1281/8294 1287/8295
f 1283/8296 1281/8297 1279/8298
f 1287/8299 1281/8300 1283/8301
f 1290/8302 1280/8303 1287/8304
f 1285/8305 1288/8306 1283/8307
f 1284/8308 1285/8309 1283/8310
f 1289/8311 1287/8312 1283/8313
f 1293/8314 1288/8315 1292/8316
f 1293/8317 1289/8318 1288/8319
f 1284/8320 1267/8321 1285/8322
f 1293/8323 1292/8324 1266/8325
f 1295/8326 1423/8327 1287/8328
f 1292/8329 1285/8330 1267/8331
f 1296/8332 1293/8333 1266/8334
f 1329/8335 1291/8336 1441/8337
f 1293/8338 1294/8339 1289/8340
f 1293/8341 1299/8342 1294/8343
f 1423/8344 1441/8345 1291/8346
f 1371/8347 1298/8348 1271/8349
f 1420/8350 1297/8351 1298/8352
f 1299/8353 1422/8354 1294/8355
f 1300/8356 1303/8357 757/8358
f 1303/8359 1302/8360 757/8361
f 107/8362 352/8363 1222/8364
f 1304/8365 1306/8366 1301/8367
f 1307/8368 1302/8369 1303/8370
f 4/8371 111/8372 198/8373
f 1306/8374 1310/8375 756/8376
f 1304/8377 1301/8378 1309/8379
f 1466/8380 413/8381 409/8382
f 1317/8383 1500/8384 1310/8385
f 1314/8386 1312/8387 1309/8388
f 1320/8389 1318/8390 1278/8391
f 1314/8392 1316/8393 1312/8394
f 1316/8395 1313/8396 1312/8397
f 1286/8398 1320/8399 1319/8400
f 1321/8401 1320/8402 1322/8403
f 1402/8404 1321/8405 1322/8406
f 1402/8407 1322/8408 1325/8409
f 1286/8410 1329/8411 1322/8412
f 1322/8413 1329/8414 1325/8415
f 1323/8416 1326/8417 1324/8418
f 1329/8419 1328/8420 1402/8421
f 1402/8422 1328/8423 1323/8424
f 1333/8425 1165/8426 1330/8427
f 1333/8428 1336/8429 1165/8430
f 1169/8431 1332/8432 1166/8433
f 1339/8434 1361/8435 1334/8436
f 479/8437 1337/8438 1333/8439
f 1336/8440 1333/8441 1337/8442
f 1340/8443 1334/8444 1332/8445
f 1335/8446 1339/8447 1334/8448
f 1339/8449 1338/8450 1369/8451
f 471/8452 1344/8453 472/8454
f 1338/8455 1346/8456 1369/8457
f 471/8458 1343/8459 1344/8460
f 1344/8461 1347/8462 1345/8463
f 1341/8464 1349/8465 1346/8466
f 1369/8467 1349/8468 1368/8469
f 1369/8470 1346/8471 1349/8472
f 1355/8473 1341/8474 1348/8475
f 1352/8476 1349/8477 1341/8478
f 1349/8479 1370/8480 1368/8481
f 1350/8482 1351/8483 1347/8484
f 1352/8485 1353/8486 1349/8487
f 1353/8488 1370/8489 1349/8490
f 1353/8491 1352/8492 1355/8493
f 1354/8494 1451/8495 1455/8496
f 1450/8497 1451/8498 1351/8499
f 1456/8500 1477/8501 1357/8502
f 1357/8503 1477/8504 1353/8505
f 1358/8506 1359/8507 1404/8508
f 1416/8509 1484/8510 1358/8511
f 1484/8512 1416/8513 1468/8514
f 1362/8515 1360/8516 1220/8517
f 1221/8518 1219/8519 1218/8520
f 1221/8521 1365/8522 1220/8523
f 1362/8524 1365/8525 1363/8526
f 1363/8527 1364/8528 1419/8529
f 1221/8530 1366/8531 1365/8532
f 860/8533 861/8534 1502/8535
f 1500/8536 1327/8537 1440/8538
f 1369/8539 1368/8540 1366/8541
f 1367/8542 1365/8543 1380/8544
f 1388/8545 1380/8546 1368/8547
f 1368/8548 1370/8549 1388/8550
f 1371/8551 1420/8552 1298/8553
f 1364/8554 1371/8555 1419/8556
f 1374/8557 1375/8558 1371/8559
f 1371/8560 1375/8561 1420/8562
f 1426/8563 1420/8564 1375/8565
f 1372/8566 1373/8567 1364/8568
f 1367/8569 1364/8570 1365/8571
f 1374/8572 1373/8573 1376/8574
f 1376/8575 1377/8576 1375/8577
f 196/8578 3/8579 4/8580
f 1378/8581 1381/8582 1372/8583
f 104/8584 266/8585 99/8586
f 107/8587 1154/8588 949/8589
f 106/8590 103/8591 99/8592
f 1382/8593 1379/8594 1381/8595
f 1383/8596 1377/8597 1376/8598
f 1388/8599 1378/8600 1380/8601
f 104/8602 99/8603 103/8604
f 1383/8605 1382/8606 1435/8607
f 1392/8608 1386/8609 1378/8610
f 1390/8611 1385/8612 1384/8613
f 1385/8614 1447/8615 1408/8616
f 1385/8617 1408/8618 1436/8619
f 1390/8620 1396/8621 1385/8622
f 1310/8623 1306/8624 1313/8625
f 1396/8626 1415/8627 1385/8628
f 1400/8629 1392/8630 1391/8631
f 1394/8632 1397/8633 1395/8634
f 1414/8635 1415/8636 1396/8637
f 1390/8638 1414/8639 1396/8640
f 1400/8641 1488/8642 1393/8643
f 1397/8644 1398/8645 1395/8646
f 1399/8647 1391/8648 1487/8649
f 1494/8650 1401/8651 1488/8652
f 1398/8653 1397/8654 1489/8655
f 1488/8656 1400/8657 1399/8658
f 1491/8659 1494/8660 1488/8661
f 349/8662 356/8663 339/8664
f 1406/8665 432/8666 487/8667
f 1409/8668 1404/8669 1407/8670
f 1410/8671 1409/8672 1405/8673
f 1447/8674 1410/8675 1405/8676
f 965/8677 441/8678 8/8679
f 1495/8680 1170/8681 352/8682
f 1385/8683 1415/8684 1447/8685
f 1405/8686 1409/8687 1407/8688
f 1412/8689 1413/8690 1415/8691
f 1500/8692 1440/8693 1407/8694
f 1404/8695 1409/8696 1358/8697
f 1415/8698 1413/8699 1447/8700
f 1412/8701 1418/8702 1417/8703
f 1414/8704 1418/8705 1412/8706
f 1419/8707 1371/8708 1271/8709
f 1421/8710 1297/8711 1420/8712
f 1422/8713 1299/8714 1424/8715
f 1428/8716 1422/8717 1424/8718
f 1422/8719 1439/8720 1423/8721
f 1439/8722 1441/8723 1423/8724
f 3/8725 1501/8726 635/8727
f 1430/8728 1439/8729 1422/8730
f 1425/8731 1424/8732 1421/8733
f 1426/8734 1425/8735 1420/8736
f 1427/8737 1428/8738 1425/8739
f 1429/8740 1430/8741 1432/8742
f 1439/8743 1430/8744 1429/8745
f 1375/8746 1431/8747 1426/8748
f 1427/8749 1434/8750 1432/8751
f 1448/8752 1429/8753 1432/8754
f 1433/8755 1431/8756 1377/8757
f 1448/8758 1432/8759 1434/8760
f 1436/8761 1433/8762 1435/8763
f 1434/8764 1433/8765 1436/8766
f 1436/8767 1408/8768 1448/8769
f 1443/8770 1440/8771 1438/8772
f 1444/8773 1441/8774 1439/8775
f 1444/8776 1442/8777 1441/8778
f 1444/8779 1443/8780 1442/8781
f 1386/8782 1400/8783 1393/8784
f 1446/8785 1407/8786 1440/8787
f 1446/8788 1444/8789 1447/8790
f 1443/8791 1444/8792 1446/8793
f 1444/8794 1445/8795 1449/8796
f 1449/8797 1448/8798 1408/8799
f 1408/8800 1447/8801 1449/8802
f 1453/8803 1455/8804 1451/8805
f 1455/8806 1456/8807 1357/8808
f 1452/8809 1353/8810 1477/8811
f 1353/8812 1452/8813 1403/8814
f 413/8815 1454/8816 1453/8817
f 1455/8818 1463/8819 1456/8820
f 1457/8821 1458/8822 1452/8823
f 1467/8824 1463/8825 1455/8826
f 1463/8827 1457/8828 1456/8829
f 1470/8830 1499/8831 1458/8832
f 1462/8833 1461/8834 1463/8835
f 1463/8836 1461/8837 1457/8838
f 1459/8839 1472/8840 1468/8841
f 1470/8842 1458/8843 1457/8844
f 1470/8845 1465/8846 1499/8847
f 1460/8848 1471/8849 1462/8850
f 1471/8851 1461/8852 1462/8853
f 1472/8854 1485/8855 1468/8856
f 1469/8857 1464/8858 1470/8859
f 1478/8860 1485/8861 1479/8862
f 1464/8863 1469/8864 1474/8865
f 1474/8866 1476/8867 1475/8868
f 1479/8869 1472/8870 1475/8871
f 1474/8872 1475/8873 1464/8874
f 1460/8875 1473/8876 1471/8877
f 1473/8878 1474/8879 1471/8880
f 1474/8881 1469/8882 1471/8883
f 1476/8884 1479/8885 1475/8886
f 1492/8887 1481/8888 1473/8889
f 1480/8890 1478/8891 1481/8892
f 1478/8893 1479/8894 1476/8895
f 1482/8896 1474/8897 1473/8898
f 1481/8899 1482/8900 1473/8901
f 1468/8902 1485/8903 1484/8904
f 1490/8905 1487/8906 1403/8907
f 1491/8908 1488/8909 1399/8910
f 1452/8911 1490/8912 1403/8913
f 1458/8914 1490/8915 1452/8916
f 485/8917 635/8918 965/8919
f 1490/8920 1458/8921 1399/8922
f 1491/8923 1496/8924 1493/8925
f 196/8926 4/8927 198/8928
f 1418/8929 1494/8930 1493/8931
f 1499/8932 1496/8933 1491/8934
f 933/8935 68/8936 55/8937
f 1496/8938 1499/8939 1459/8940
f 1501/8941 965/8942 635/8943
f 635/8944 5/8945 3/8946
f 339/8947 92/8948 349/8949
f 1153/8950 1154/8951 99/8952
f 1407/8953 860/8954 1500/8955
f 1501/8956 933/8957 1222/8958
f 1152/8959 1148/8960 1150/8961
f 2/8962 1222/8963 933/8964
f 107/8965 1495/8966 352/8967
f 5/8968 4/8969 3/8970
f 96/8971 1222/8972 94/8973
f 1500/8974 1317/8975 1327/8976
f 1310/8977 1502/8978 1305/8979
f 1502/8980 751/8981 1305/8982
f 104/8983 101/8984 266/8985
f 268/8986 70/8987 267/8988
f 3/8989 269/8990 933/8991
f 1412/8992 1410/8993 1413/8994
f 1479/8995 1485/8996 1472/8997
f 1287/8998 1423/8999 1290/9000
