# rock_face_01 (Poly Haven, CC0) decimated 20174->3999 tris for mobile; origin = base centre
v -0.6381 1.2198 0.0609
v -0.5450 1.4746 0.0755
v -0.9660 1.3131 -0.0040
v -0.7217 1.1529 0.2268
v -0.8367 1.2571 0.0737
v -0.8183 1.5029 -0.0434
v -0.9152 1.5889 -0.0301
v -0.7646 1.2864 -0.0232
v -0.9058 1.4342 0.0285
v -0.7323 1.3685 0.0642
v -0.9819 1.3276 0.0489
v -0.5807 1.1458 0.1515
v -0.5734 1.4289 0.0485
v -0.6151 1.3855 0.0854
v -0.5936 1.6546 -0.1150
v -0.5921 1.5555 -0.0459
v -0.7050 1.5870 -0.0396
v -0.6837 1.3114 0.0836
v -0.6655 1.2696 0.0577
v -0.8408 1.3300 0.0282
v -0.9296 1.3568 0.0128
v -0.8906 1.3289 -0.0395
v -0.7096 1.4721 0.0601
v -0.4730 1.1144 0.0722
v -0.5938 1.0594 0.2644
v -0.7918 1.6708 -0.0812
v -0.7171 1.2400 0.0365
v -0.2909 1.8576 -0.4086
v -0.2991 1.7253 -0.3354
v -0.1813 1.6469 -0.1850
v -0.5391 2.0002 -0.4150
v -0.2384 1.8455 -0.4176
v -0.2469 1.7620 -0.3004
v -0.7420 1.8714 -0.2569
v -0.1394 1.8074 -0.3215
v -1.0391 1.7419 -0.1617
v -0.3237 2.0184 -0.5372
v -0.3730 2.0598 -0.5005
v -0.8644 1.7361 -0.1502
v -0.8781 1.7648 -0.1222
v -0.7910 1.7354 -0.1417
v -0.7540 1.7854 -0.1535
v -0.9038 1.7075 -0.2036
v -0.9480 1.7192 -0.1856
v -0.9098 1.7295 -0.1938
v -0.6179 1.8921 -0.2738
v -0.8111 1.7347 -0.1132
v -0.9465 1.8476 -0.3527
v -1.0721 1.6805 -0.1296
v -1.0738 1.6511 -0.1745
v -0.9990 1.6839 -0.1831
v -1.0022 1.7135 -0.1779
v -0.3752 1.7466 -0.2699
v -0.3170 1.7555 -0.2886
v -0.4837 1.8605 -0.3252
v -0.4184 1.9961 -0.4458
v -0.5640 1.9468 -0.3873
v -0.3344 1.9514 -0.4657
v -0.6748 1.8080 -0.1817
v -0.6161 1.7710 -0.1771
v -0.5861 1.8083 -0.2299
v -0.7519 1.7752 -0.1956
v -0.6498 1.7757 -0.1931
v -0.5027 1.7672 -0.2245
v -0.3332 1.6900 -0.3095
v -0.4753 1.6765 -0.1859
v -0.4288 1.6518 -0.2743
v -0.3634 1.7115 -0.2802
v -0.4560 1.9048 -0.4027
v -0.4008 1.3166 0.1205
v -0.4163 1.5577 -0.0798
v -0.5122 1.6055 -0.1392
v -0.5279 1.2338 0.1086
v -0.3594 1.2286 0.1219
v -0.1921 1.1345 0.1583
v -0.1228 1.3392 0.1618
v -0.0864 1.4832 0.0611
v -0.5429 1.3107 0.1092
v -0.4353 1.6002 -0.1608
v -0.1399 1.3898 0.1537
v -0.0783 1.4014 0.1204
v -0.1932 1.4663 0.0887
v -0.0776 1.5325 -0.0014
v -0.1144 1.4967 -0.0818
v -0.4984 1.4120 0.0844
v -0.4429 1.4708 0.0451
v -0.4473 1.5079 0.0017
v -0.2542 1.3338 0.1365
v -1.5121 1.3230 -0.1037
v -0.9672 1.3894 0.0349
v -1.1146 1.4016 -0.0140
v -1.0479 1.2734 0.0612
v -0.9668 1.1241 0.1651
v -1.1018 1.2781 0.0232
v -1.2150 1.3406 -0.0586
v -1.2235 1.2852 0.0195
v -1.1781 1.2581 0.0230
v -1.1301 1.3304 0.0175
v -1.4775 1.1330 0.0016
v -1.2860 1.3532 -0.0432
v -1.3746 1.2122 -0.0352
v -1.3478 1.2625 -0.0171
v -1.4067 1.2387 -0.0216
v -1.1588 1.2129 0.0697
v -1.4546 1.4241 -0.1278
v -1.3428 1.5567 -0.1308
v -1.4926 1.5827 -0.2632
v -1.3253 1.6342 -0.2187
v -1.3774 1.6225 -0.2158
v -1.4033 1.6145 -0.2268
v -1.4376 1.5727 -0.1989
v -1.3368 1.6192 -0.2310
v -1.1290 1.6747 -0.1689
v -1.4977 1.4851 -0.1362
v -1.5849 1.5174 -0.2342
v -1.2326 1.6403 -0.2150
v -1.2150 1.6634 -0.2003
v -1.2948 1.7120 -0.2412
v -1.5827 1.1480 -0.0402
v -1.7487 1.3579 -0.1805
v -1.5718 1.4512 -0.1580
v -1.7673 1.1225 -0.0593
v -1.8172 1.2036 -0.1240
v -1.6995 3.1488 -1.2087
v -1.4427 2.7776 -0.5693
v -1.4695 3.0883 -1.0387
v -1.7951 2.8782 -0.6790
v -1.6522 2.7607 -0.4771
v -1.5574 2.7751 -0.5629
v -1.6029 2.8183 -0.5396
v -1.6131 2.7629 -0.5786
v -1.6538 2.7056 -0.5030
v -1.1119 2.9233 -0.7308
v -1.1156 2.8668 -0.6887
v -1.7392 2.7399 -0.6928
v -1.1794 2.8881 -0.6679
v -1.2631 3.1439 -1.1256
v -1.4352 3.1840 -1.2300
v -1.4189 2.7309 -0.7248
v -1.3361 2.6182 -0.9052
v -1.3972 2.7669 -0.8259
v -1.4053 2.6277 -0.8387
v -1.4359 2.8171 -0.7473
v -1.4217 2.9095 -0.6519
v -1.4990 2.9087 -0.7146
v -1.4111 2.9336 -0.7793
v -1.4090 2.8898 -0.6845
v -1.4057 2.7973 -0.6036
v -1.3913 2.8649 -0.6955
v -1.3495 2.8792 -0.6890
v -1.2436 2.8635 -0.6864
v -1.2052 2.9777 -0.7731
v -1.3176 3.3255 -1.5932
v -1.3362 3.2830 -1.5008
v -1.1162 2.8489 -0.7441
v -1.1860 2.9127 -0.6832
v -1.2106 3.0220 -0.8919
v -1.4714 3.2332 -1.3530
v -1.7067 2.7085 -0.8271
v -1.5190 2.7426 -0.6857
v -1.5198 2.7027 -0.8182
v -1.1843 2.6638 -0.8693
v -1.2419 2.7843 -0.8700
v -1.1226 2.6775 -0.8768
v -1.4649 2.8919 -0.5804
v -1.4409 2.8582 -0.5340
v -1.4062 2.8607 -0.6526
v -1.2942 3.2722 -1.4879
v -1.3621 3.2773 -1.4167
v -1.6005 3.0591 -1.0353
v -1.6584 2.9625 -0.9046
v -1.7637 2.9875 -0.9605
v -1.7751 2.9646 -0.9007
v -1.7376 2.9321 -0.8449
v -1.4493 3.3082 -1.5383
v -1.5084 3.2539 -1.4654
v -1.2452 3.2737 -1.4260
v -1.7742 2.6807 -0.8242
v -0.5097 2.6458 -1.0411
v -0.4570 3.0440 -1.0514
v -1.1105 3.1200 -1.0554
v -1.1601 3.1178 -1.0471
v -0.5090 2.8112 -0.8146
v -0.4101 2.8106 -0.7843
v -0.4064 2.8446 -0.8532
v -0.4058 2.8013 -0.8141
v -0.9406 2.7829 -0.8976
v -1.0049 2.6925 -0.8814
v -0.5966 2.8037 -0.8756
v -0.6460 2.6951 -0.9300
v -0.5457 2.7575 -0.9235
v -0.6657 2.8692 -0.8523
v -0.7009 2.9325 -0.8373
v -0.6133 2.9075 -0.8319
v -0.6294 2.9074 -0.9306
v -0.7236 3.1098 -1.0404
v -0.6965 3.0722 -0.9749
v -0.8683 3.1492 -1.0912
v -0.7387 2.8194 -0.8295
v -0.7470 3.1727 -1.2174
v -0.5495 2.9169 -0.9563
v -0.3963 2.6965 -0.9328
v -1.0653 2.6244 -0.8930
v -0.3227 2.8029 -0.7886
v -0.6698 3.0844 -1.0904
v -0.5959 2.8204 -0.8439
v -0.6749 3.1114 -1.1319
v -0.7284 3.1417 -1.1474
v -0.6727 3.1520 -1.1528
v -0.6376 3.1364 -1.1582
v -1.0039 2.9483 -0.7934
v -0.9591 3.0086 -0.8594
v -0.9946 3.0605 -0.9389
v -1.0153 3.0246 -0.8750
v -0.7559 3.0477 -0.8818
v -0.6838 3.0322 -0.8789
v -0.6910 2.9741 -0.9302
v -0.8858 3.0339 -0.8741
v -0.7926 3.0893 -0.9458
v -0.4469 2.9022 -0.9789
v -1.0814 2.9669 -0.7798
v -0.8184 2.7694 -0.9150
v -0.6584 2.7436 -0.9418
v -0.7954 2.6855 -0.9333
v -0.7094 2.8349 -0.8074
v -0.6890 2.8809 -0.7545
v -0.7529 2.9753 -0.7518
v -0.6535 2.9620 -0.7602
v -1.1120 2.7921 -0.8909
v -0.5225 3.0779 -1.0400
v -0.5023 3.0023 -1.1325
v -0.6712 2.9120 -0.7236
v -0.6856 3.0195 -0.9964
v -0.6152 3.0604 -1.0217
v -0.4910 2.9958 -1.0338
v -0.6397 2.8711 -0.7713
v -0.6852 3.1028 -1.0599
v -1.0302 2.6022 -0.9473
v -1.0671 2.9370 -0.7685
v -0.8900 2.8491 -0.8207
v -0.9801 2.6445 -0.9273
v -1.1062 2.6237 -0.9539
v -1.0505 2.6749 -0.8644
v -1.0749 2.8313 -0.8339
v -0.6614 2.9362 -0.6841
v -0.6032 2.8667 -0.7725
v -0.6078 2.8269 -0.8137
v -0.6349 2.6417 -1.0226
v -0.7988 2.6204 -0.9775
v -0.6440 2.6287 -1.0753
v -0.6336 2.9734 -0.9357
v -0.5528 2.9410 -0.9494
v -1.0778 2.8896 -0.7295
v -0.9027 2.9106 -0.7106
v -0.7535 2.8845 -0.7680
v -0.8181 2.7196 -0.9107
v -0.6384 2.6474 -0.9686
v -0.8924 2.6560 -0.9437
v -0.7892 2.6547 -0.9195
v -0.8746 2.6804 -0.9008
v -0.6295 3.5584 -1.8821
v -1.2728 3.3606 -1.6558
v -1.0554 3.4740 -1.7905
v -0.9120 3.4472 -1.7181
v -0.8692 3.4880 -1.8342
v -0.9549 3.4971 -1.8640
v -0.6922 3.5290 -1.8592
v -1.1803 3.4430 -1.7590
v -1.0331 3.4572 -1.7274
v -0.4053 3.1496 -1.1212
v -0.5124 3.2526 -1.2994
v -0.5654 3.1556 -1.1750
v -0.7436 3.3606 -1.5063
v -0.8388 3.2986 -1.4664
v -0.7136 3.2765 -1.3544
v -0.8650 3.2735 -1.3186
v -0.9789 3.3028 -1.4064
v -0.8942 3.2236 -1.2549
v -1.0941 3.1707 -1.1279
v -0.6905 3.2147 -1.2808
v -0.6134 3.2418 -1.2977
v -0.4774 3.3738 -1.4952
v -0.7584 3.4790 -1.7924
v -0.5593 3.4620 -1.6832
v -0.6059 3.4264 -1.6271
v -0.8462 3.4228 -1.6880
v -1.0814 3.3726 -1.6276
v -0.9739 3.3172 -1.5427
v -1.0832 3.3105 -1.4534
v -1.1452 3.3050 -1.5445
v -0.9365 3.2720 -1.2657
v -1.2366 3.2631 -1.3718
v -1.1528 3.2246 -1.2896
v -0.9552 3.3795 -1.6013
v -0.8590 3.3727 -1.6076
v -0.8907 3.4146 -1.6912
v -1.0279 3.2354 -1.2615
v -1.0279 3.2088 -1.2034
v -0.8133 3.1467 -1.1277
v -0.9466 3.2354 -1.2387
v -1.5332 2.5851 -0.9162
v -1.3402 2.4388 -1.3010
v -1.6742 2.1688 -0.9326
v -1.2199 2.1878 -1.0175
v -1.2188 2.1198 -0.9790
v -1.1886 2.1051 -0.9437
v -1.2576 2.1313 -0.8918
v -1.6202 2.2428 -1.1310
v -1.5754 2.1814 -0.9933
v -1.7843 2.3333 -1.2323
v -1.7897 2.3645 -1.1980
v -1.8510 2.4139 -1.2429
v -1.8937 2.4101 -1.2083
v -1.3038 2.3141 -1.1627
v -1.5748 2.3788 -1.2859
v -1.4271 2.2881 -1.1377
v -1.4224 2.5450 -0.9694
v -1.1875 2.0825 -0.8126
v -1.5415 2.4577 -1.2624
v -1.5973 2.4248 -1.3294
v -1.6665 2.3545 -1.2889
v -1.6420 2.1305 -0.9227
v -1.5474 2.5634 -0.9677
v -1.5687 2.5231 -1.0492
v -1.3123 2.4868 -1.1721
v -1.3013 2.2972 -1.1783
v -1.2320 2.4482 -1.2911
v -1.1047 2.4922 -1.1988
v -1.4928 2.4341 -1.3206
v -1.4653 2.4551 -1.3025
v -1.3100 2.5687 -0.9199
v -1.2290 2.5924 -0.9585
v -1.3556 2.2479 -1.0969
v -1.3479 2.2752 -1.1740
v -1.9258 2.4254 -1.1660
v -1.3273 2.5678 -0.9984
v -1.5990 2.6385 -0.8534
v -1.5371 2.1799 -1.0804
v -1.4880 2.1958 -1.0959
v -1.4842 2.5322 -1.0470
v -1.7154 2.4939 -1.0952
v -1.7113 2.5560 -1.0818
v -1.5547 2.4835 -1.1307
v -1.7133 2.1451 -0.8630
v -1.3478 2.0960 -0.8711
v -1.8124 2.2738 -1.0367
v -1.8691 2.3277 -1.0879
v -1.8275 2.3209 -1.1636
v -1.7614 2.2572 -1.0671
v -1.8216 2.4065 -1.2801
v -1.7703 2.1001 -0.8755
v -1.7132 2.1283 -0.9408
v -1.1971 2.0780 -0.8963
v -1.2193 2.0613 -0.8583
v -1.2795 2.0525 -0.8662
v -1.2667 2.0683 -0.8259
v -1.2219 2.0719 -0.8381
v -1.1595 2.1220 -0.8352
v -1.3650 2.1681 -1.0784
v -1.1994 2.1513 -1.0196
v -1.1609 2.1726 -0.9790
v -1.2162 2.1926 -1.0420
v -1.6364 2.0554 -0.8841
v -1.6049 2.0984 -0.9413
v -1.8113 2.4935 -1.0788
v -1.8853 2.4853 -1.0793
v -1.8665 2.5570 -1.0459
v -1.8061 2.5422 -1.0745
v -1.4144 2.1891 -1.0996
v -1.2772 2.3357 -1.1983
v -1.2884 2.3820 -1.2380
v -1.3163 2.4568 -1.2697
v -1.3214 2.5231 -1.1077
v -1.1814 2.5729 -1.0482
v -1.5693 2.1405 -1.0225
v -1.2136 2.6094 -0.9138
v -1.4427 2.0817 -0.8858
v -1.8203 2.5946 -0.9362
v -1.7862 2.3956 -1.3540
v -1.6562 2.4244 -1.3407
v -1.7437 2.4038 -1.3521
v -1.7752 2.4235 -1.3043
v -1.1972 2.3996 -1.2617
v -1.4512 2.4385 -1.3108
v -1.1756 2.1507 -0.9266
v -1.7168 2.5779 -0.9534
v -1.4034 2.1756 -1.0530
v -1.8252 2.2205 -0.9089
v -1.5999 1.8067 -0.4956
v -1.4003 1.8139 -0.4382
v -1.4659 1.7119 -0.2937
v -1.6329 1.8342 -0.5395
v -1.4719 1.8676 -0.5929
v -1.7682 1.5957 -0.3912
v -1.7459 1.9546 -0.8485
v -1.7802 2.0368 -0.8125
v -1.7184 1.9492 -0.8773
v -1.7315 2.0337 -0.8158
v -1.6910 1.9905 -0.9057
v -1.6635 1.9372 -0.8565
v -1.6491 1.9761 -0.9029
v -1.4814 2.0002 -0.8844
v -1.6012 2.0387 -0.9070
v -1.2243 1.9128 -0.6024
v -1.2675 1.9586 -0.6594
v -1.0627 1.9794 -0.5827
v -1.5145 1.5985 -0.2800
v -1.5727 1.5696 -0.3108
v -1.6016 1.5485 -0.3243
v -1.6391 1.5327 -0.2885
v -1.8233 2.0134 -0.9100
v -1.2230 2.0138 -0.7603
v -0.4100 2.6478 -1.0212
v -0.3434 2.1530 -0.7706
v -0.5657 2.3184 -1.0023
v -0.6080 2.3377 -0.9996
v -0.3973 2.2390 -1.0329
v -0.6471 2.2166 -0.9565
v -0.4840 2.2822 -1.0706
v -0.8527 2.1900 -0.9343
v -0.6374 2.1841 -0.8609
v -0.5151 2.3118 -1.0776
v -0.5245 2.2865 -1.0456
v -0.5549 2.1947 -0.9252
v -0.3826 2.1671 -0.8754
v -0.4220 2.4186 -1.0846
v -0.4186 2.4021 -1.0049
v -0.3711 2.4828 -1.0293
v -0.3712 2.4920 -0.9542
v -0.4688 2.5146 -0.9983
v -0.4599 2.4543 -0.9480
v -0.4532 2.2211 -0.9093
v -0.6224 2.4567 -1.0378
v -0.5828 2.3856 -0.9675
v -0.9594 2.0992 -0.8500
v -0.6425 2.2603 -0.9501
v -0.5547 2.2355 -0.9387
v -0.5723 2.2868 -0.9979
v -0.8339 2.0982 -0.7773
v -0.7735 2.0126 -0.4938
v -0.8762 1.9281 -0.4879
v -0.5451 2.4787 -1.0202
v -0.5162 2.4044 -0.9445
v -0.5236 2.3733 -0.9782
v -0.4379 2.4187 -0.9672
v -0.5806 2.0934 -0.6377
v -0.8926 2.4874 -1.3164
v -0.6641 2.6214 -1.0981
v -0.5233 2.3822 -1.0953
v -0.8199 2.3523 -1.1536
v -0.9468 2.4698 -1.3164
v -0.6692 2.5958 -1.1617
v -0.6310 2.5844 -1.0642
v -0.9537 2.6001 -1.0065
v -0.7031 2.3450 -1.1118
v -0.9925 2.1925 -0.9697
v -0.9081 2.3328 -1.1666
v -1.1292 2.2177 -1.0414
v -1.0613 2.3516 -1.1930
v -1.0917 2.4282 -1.2883
v -1.0132 2.4528 -1.3015
v -1.0771 2.4455 -1.2981
v -1.2086 2.4355 -1.3148
v -1.0426 2.2750 -1.0697
v -1.0400 2.2286 -1.0411
v -0.8929 2.2451 -1.0013
v -0.7356 2.5849 -1.1658
v -0.8094 2.5298 -1.2367
v -0.8361 2.5037 -1.2845
v -0.7526 2.4799 -1.1784
v -0.8250 2.4544 -1.2133
v -1.1883 2.1394 -1.0262
v -0.7489 2.5232 -1.2000
v -0.7284 2.5477 -1.1594
v -0.6373 2.4777 -1.0464
v -0.6775 2.3885 -1.0134
v -0.6437 2.3622 -1.0090
v -0.6374 2.4387 -1.0623
v -0.7381 2.3720 -1.0913
v -0.7434 2.4056 -1.1428
v -0.7360 2.4282 -1.1269
v -0.9219 2.5207 -1.2081
v -0.9483 2.4073 -1.2532
v -0.8819 2.3772 -1.1696
v -2.2312 2.4170 -1.2069
v -2.2081 2.3856 -1.1909
v -2.3490 2.4105 -1.2332
v -2.1827 2.4376 -1.1567
v -2.3240 2.3744 -1.2014
v -2.3780 2.4393 -1.2173
v -2.3854 2.4148 -1.2350
v -2.2105 2.4903 -1.1329
v -2.3799 2.3861 -1.2132
v -2.3828 2.4749 -1.1525
v -2.3703 2.3342 -1.1264
v -2.3765 2.3593 -1.1932
v -2.3769 2.3560 -1.1767
v -2.3740 2.4902 -1.0931
v -2.3509 1.7772 -0.6775
v -2.1407 1.9391 -0.8520
v -2.1494 2.0162 -0.9070
v -2.2276 1.8991 -0.8727
v -2.0609 1.8501 -0.7629
v -2.3375 1.9568 -0.9914
v -2.2945 1.9147 -0.9097
v -1.8275 2.0901 -0.8436
v -2.3432 1.9367 -0.8556
v -2.3598 2.0392 -0.8409
v -2.3358 1.8730 -0.8249
v -2.3510 2.0009 -0.8302
v -2.3542 2.0286 -0.8283
v -2.3352 1.9063 -0.8284
v -2.3846 2.1664 -0.9562
v -2.3877 2.2295 -1.0177
v -2.3769 2.2950 -1.0440
v -1.9682 2.0843 -0.8891
v -1.7911 2.1163 -0.8701
v -2.1411 2.1065 -0.9132
v -2.1083 2.1141 -0.9285
v -2.1719 2.4653 -1.1600
v -1.9809 2.2388 -0.9234
v -2.0213 2.3249 -1.0527
v -2.2286 2.1971 -0.9698
v -2.3710 2.2733 -1.0454
v -2.2798 2.2276 -1.0077
v -2.1875 2.3415 -1.0958
v -2.1500 2.2191 -0.9604
v -2.3398 1.8284 -0.7410
v -2.3755 2.0989 -0.9147
v -2.3233 1.9781 -0.9594
v -2.3504 2.0209 -0.9282
v -2.2990 2.1376 -0.9375
v -2.3488 1.7490 -0.6406
v -2.3581 1.7702 -0.6692
v -2.3503 1.8279 -0.6932
v -2.2760 1.8256 -0.7253
v -2.3397 1.8578 -0.7654
v -2.1308 2.4029 -1.1873
v -2.0872 2.4045 -1.1937
v -2.0252 2.4069 -1.2095
v -2.0063 1.9908 -0.8842
v -1.9500 1.9491 -0.8919
v -1.8427 2.0280 -0.8462
v -1.8664 1.9802 -0.9139
v -1.8040 1.9839 -0.8836
v -1.9548 1.9938 -0.9031
v -2.0250 2.4507 -1.0992
v -1.9759 2.4013 -1.1925
v -1.9399 2.3941 -1.1770
v -1.7956 1.5715 -0.3528
v -2.1992 1.4560 -0.5200
v -2.1645 1.4362 -0.5122
v -2.1641 1.4576 -0.5141
v -2.0628 1.4638 -0.4799
v -2.0082 1.4698 -0.4670
v -2.1949 1.5119 -0.5461
v -2.0023 1.6001 -0.4830
v -1.7952 1.4525 -0.3408
v -1.9429 1.6250 -0.4598
v -2.1693 1.2080 -0.2303
v -1.9412 1.5661 -0.4012
v -1.9174 1.5133 -0.3865
v -1.9278 1.4941 -0.4453
v -2.2073 1.6587 -0.6031
v -2.1190 1.3233 -0.2734
v -1.9712 1.3921 -0.3335
v -1.9293 1.3192 -0.2237
v -1.9027 1.2544 -0.1887
v -1.6510 1.4953 -0.2799
v -1.7600 1.6693 -0.3943
v -1.7868 1.7103 -0.4570
v -1.8621 1.6098 -0.4005
v -1.9200 1.1072 -0.0957
v -1.8057 1.7829 -0.5023
v -2.1366 1.7708 -0.6078
v -1.9918 1.7893 -0.5697
v -2.0280 1.6985 -0.5526
v -1.7775 1.8633 -0.7448
v -2.2199 1.3812 -0.5018
v -2.3909 1.1526 -0.2363
v -2.3125 1.1302 -0.2063
v -2.3825 1.1922 -0.2473
v -2.3773 1.2016 -0.2626
v -2.3757 1.2026 -0.2696
v -2.3632 1.3800 -0.4720
v -2.3366 1.2134 -0.2645
v -2.3757 1.3406 -0.4088
v -2.3780 1.2594 -0.3597
v -2.3745 1.3087 -0.3973
v -2.3654 1.3432 -0.4486
v -2.3694 1.3548 -0.4309
v -2.3675 1.3664 -0.4504
v -2.2343 1.2484 -0.2610
v -2.3608 1.3924 -0.4932
v -2.3595 1.3974 -0.4946
v -2.3531 1.4134 -0.5304
v -2.3615 1.3942 -0.4903
v -2.0957 1.1058 -0.1435
v -2.2080 1.2232 -0.2283
v -2.3418 1.4553 -0.5839
v -2.3405 1.4775 -0.6074
v -2.3470 1.6743 -0.6333
v -2.3495 1.5875 -0.6312
v -2.4074 1.0455 -0.1143
v -2.3965 2.6197 -0.7368
v -2.2463 2.5917 -0.9534
v -2.3542 2.6072 -0.8292
v -2.4087 2.6594 -0.6316
v -2.3223 2.6621 -0.5751
v -2.4009 2.6071 -0.8264
v -2.2900 2.6772 -0.5707
v -1.9301 2.5895 -0.9620
v -2.1343 2.5701 -0.9940
v -2.1441 2.8368 -0.7306
v -2.4157 2.7467 -0.7143
v -2.3869 2.4983 -1.0880
v -2.3889 2.5445 -1.0394
v -2.3943 2.5077 -1.0545
v -2.3924 2.5054 -1.0659
v -2.1323 2.6119 -0.8936
v -2.3427 2.6193 -0.7676
v -2.2543 2.6073 -0.8911
v -2.0290 2.5080 -1.0911
v -1.8791 2.6701 -0.6720
v -1.8619 2.6357 -0.6511
v -1.9634 2.6122 -0.8860
v -1.8650 2.6079 -0.9105
v -2.0031 2.6180 -0.6898
v -2.0572 2.6206 -0.8883
v -2.2341 2.7802 -0.6935
v -1.8678 2.7164 -0.7846
v -2.1513 2.7557 -0.6236
v -2.1599 2.5778 -0.9592
v -1.9098 2.6874 -0.8350
v -2.2363 2.5074 -1.0501
v -1.9016 2.8868 -0.7702
v -2.2467 2.5600 -1.0042
v -1.9285 2.5634 -1.0232
v -2.0706 2.6239 -0.6583
v -1.9862 2.6429 -0.8410
v -1.8975 2.6325 -0.5999
v -2.1286 2.6397 -0.5998
v -2.2499 2.6711 -0.5612
v -1.9212 2.7055 -0.4895
v -1.7349 2.7570 -0.4657
v -1.8360 2.6669 -0.5064
v -2.0418 2.6829 -0.5161
v -1.9810 2.8384 -0.6736
v 1.3514 2.0950 -0.5353
v 1.2132 1.2954 -0.1012
v 1.0750 2.1035 -0.6027
v 1.1625 2.0935 -0.5563
v 1.1627 1.6426 -0.2886
v 1.3595 1.4330 -0.0784
v 1.1201 1.3709 -0.1111
v 1.4611 1.3633 -0.0762
v 1.2055 1.5525 -0.0984
v 1.2965 1.5380 -0.0883
v 1.2788 1.8683 -0.2914
v 1.2197 1.8165 -0.2839
v 1.1566 1.4703 -0.1081
v 1.5058 1.8668 -0.2431
v 1.0046 1.6813 -0.3649
v 1.1108 1.9623 -0.3662
v 1.0258 2.0836 -0.5306
v 1.2799 1.9612 -0.3167
v 1.0246 1.8665 -0.3440
v 1.2740 1.5732 -0.1624
v 0.8774 2.0800 -0.5439
v 0.7627 1.8859 -0.3982
v 1.1896 2.0491 -0.5243
v 0.8485 2.0112 -0.4102
v 1.0671 2.0304 -0.3932
v 1.0466 1.9755 -0.3788
v 1.0147 1.9460 -0.3514
v 1.0375 2.0023 -0.3565
v 0.9822 2.0047 -0.3623
v 1.0341 1.6981 -0.3222
v 1.1534 2.0225 -0.4326
v 1.1790 2.0706 -0.4760
v 1.1366 2.0477 -0.4108
v 0.9381 1.6660 -0.3568
v 1.6972 2.5504 -0.7596
v 1.6804 2.5827 -0.7669
v 0.9772 2.5207 -0.7310
v 1.8484 2.1111 -0.4663
v 1.6717 2.1731 -0.5227
v 1.5933 2.1825 -0.5587
v 1.6780 2.1534 -0.5418
v 1.5978 2.2285 -0.5674
v 1.6400 2.2598 -0.5842
v 1.7292 2.2423 -0.5591
v 1.8290 2.2411 -0.5559
v 1.7406 2.3029 -0.5915
v 1.7091 2.3332 -0.5643
v 1.7914 2.2836 -0.5890
v 1.7508 2.7247 -0.8133
v 1.4346 2.1297 -0.5272
v 1.3067 2.2019 -0.6032
v 1.2924 2.2500 -0.6313
v 1.4183 2.2366 -0.6203
v 1.4765 2.2017 -0.5850
v 1.5376 2.1476 -0.5282
v 1.8522 2.1929 -0.4310
v 1.0809 2.2121 -0.6587
v 1.1985 2.2543 -0.6356
v 1.1712 2.5017 -0.6614
v 1.1574 2.4575 -0.6698
v 1.0904 2.5540 -0.7280
v 1.6381 2.4108 -0.5950
v 1.6150 2.5706 -0.7876
v 1.7640 2.4312 -0.5852
v 1.7520 2.3843 -0.5699
v 1.6640 2.4688 -0.6009
v 1.7590 2.3534 -0.5934
v 1.7849 2.4527 -0.6032
v 1.6676 2.5148 -0.6717
v 1.2520 2.4275 -0.6587
v 1.3576 2.4880 -0.6506
v 1.3997 2.4088 -0.6361
v 1.4544 2.4542 -0.6214
v 1.5475 2.3445 -0.5960
v 1.4111 2.5072 -0.6621
v 1.6871 2.1771 -0.5085
v 1.7323 2.1433 -0.4519
v 1.7639 2.1809 -0.4287
v 1.8163 2.1369 -0.4593
v 1.5525 2.1035 -0.4064
v 0.9106 2.1531 -0.6809
v 1.3790 2.6193 -0.8348
v 1.3445 2.5625 -0.7200
v 1.5302 2.5601 -0.7307
v 1.6311 2.7486 -0.9333
v 1.4521 2.6356 -0.9276
v 1.7788 1.8303 -0.1833
v 1.7425 1.8350 -0.1753
v 1.9815 1.3549 -0.0253
v 1.7848 1.7785 -0.1293
v 1.9189 1.8625 -0.1466
v 1.6564 1.4772 -0.0554
v 1.7209 1.4005 -0.0490
v 1.8454 1.7503 -0.1496
v 1.9921 1.7118 -0.0377
v 1.9262 1.8075 -0.1022
v 1.8690 1.3965 -0.0402
v 1.6711 1.7092 -0.1727
v 1.5378 1.3818 -0.0656
v 1.4881 1.4998 -0.0376
v 1.8703 1.3745 0.0281
v 1.8112 1.6909 -0.0790
v 1.8230 1.9166 -0.1996
v 1.7727 2.0998 -0.4111
v 1.6598 2.1173 -0.4516
v 1.3216 2.1525 -0.5539
v 1.4577 2.0499 -0.3655
v 1.6451 1.8497 -0.2168
v 1.8670 2.0238 -0.3781
v 1.8347 2.0210 -0.3561
v 1.7349 2.0558 -0.3777
v 1.4078 2.0860 -0.4493
v 1.7314 2.0331 -0.3699
v 1.5586 2.0407 -0.3468
v 1.6492 1.9531 -0.2469
v 1.6134 2.0351 -0.3743
v 1.5231 1.6569 -0.1924
v 1.6124 1.5930 -0.0418
v 1.3383 1.6539 -0.2567
v 1.3313 1.7084 -0.2523
v 1.5182 1.7219 -0.2146
v 1.4785 1.8384 -0.2408
v 1.4006 1.8493 -0.2599
v 0.1353 1.8896 -0.3378
v -0.1003 1.5336 -0.1785
v 0.0706 1.5914 -0.2841
v 0.0454 1.4924 -0.1275
v 0.1294 1.4563 -0.0762
v -0.0049 1.7474 -0.3248
v -0.2115 1.7863 -0.3199
v -0.1595 1.8156 -0.3414
v -0.1796 1.7515 -0.3605
v 0.1170 1.9621 -0.4988
v 0.3162 1.3619 0.0024
v 0.2383 1.9125 -0.3467
v 0.2530 1.4303 -0.0719
v 0.2763 1.6045 -0.3468
v -0.0863 1.6921 -0.2510
v -0.1810 1.6122 -0.2023
v 0.1780 1.7627 -0.3574
v 0.0375 1.8639 -0.3408
v -0.1148 1.7740 -0.3610
v 0.2619 1.7158 -0.3966
v 0.1334 1.7360 -0.3662
v -0.0375 1.8376 -0.3191
v 0.4400 1.6459 -0.4028
v 0.5309 1.4835 -0.2239
v 0.4817 1.5929 -0.3687
v 0.9527 1.5951 -0.2197
v 0.9728 1.5313 -0.1036
v 0.3608 1.4527 -0.0937
v 0.9636 1.4642 -0.1289
v 0.6802 1.3642 -0.1284
v 0.4114 1.5316 -0.2162
v 0.4198 1.4720 -0.1554
v 0.7007 1.6553 -0.4141
v 0.3926 1.3738 -0.1221
v 0.4496 1.3841 -0.1406
v 0.7070 1.4521 -0.1118
v 0.8266 1.4146 -0.1306
v 0.4935 1.4496 -0.1852
v 0.7480 1.9763 -0.3656
v 0.6590 1.9394 -0.3658
v 0.3483 2.0229 -0.5546
v 0.3212 1.9259 -0.3655
v 0.7161 2.0720 -0.5734
v 0.6749 1.8211 -0.4108
v 0.8495 1.8346 -0.3767
v 0.4643 1.9389 -0.3725
v 0.5775 1.9427 -0.3630
v 0.6334 1.9675 -0.4196
v 0.4746 1.7923 -0.4211
v 0.8097 1.9837 -0.3671
v 0.0318 3.0831 -1.1046
v 0.0207 3.0503 -1.0371
v 0.7069 3.0121 -0.8187
v 0.6979 2.9555 -0.7778
v 0.6689 2.8196 -0.7268
v 0.7160 2.9349 -0.7797
v 0.5631 2.9958 -0.8235
v 0.6323 3.2198 -1.1460
v 0.5604 2.9608 -0.7872
v 0.6240 2.9353 -0.7781
v 0.4415 2.9777 -0.8568
v 0.4862 2.9269 -0.8145
v 0.3631 2.9949 -0.9234
v 0.5639 2.8762 -0.7733
v 0.4403 3.0418 -0.9248
v 0.2295 3.0397 -1.0123
v 0.2217 3.0107 -0.9351
v 0.1943 2.9492 -0.9026
v 0.2398 2.9737 -0.9287
v 0.1304 2.9049 -0.8548
v 0.6653 3.0616 -0.8532
v 0.5010 3.2380 -1.1440
v 0.7723 3.1196 -0.9715
v 0.3193 3.0902 -1.0611
v -0.2460 2.8968 -0.8792
v 0.8106 3.0275 -0.8574
v 0.4583 3.1784 -1.0809
v 0.7829 2.9953 -0.8238
v 0.3821 2.9459 -0.8551
v 0.3925 2.8832 -0.7875
v 0.2172 2.8748 -0.8146
v 0.4665 3.1181 -1.0168
v -0.0998 2.9640 -0.9145
v 0.1074 3.0684 -1.1091
v 0.2633 3.1441 -1.1350
v 0.3813 3.1521 -1.0865
v -0.1030 2.9940 -0.9679
v -0.1798 2.8445 -0.7639
v 0.0592 2.8924 -0.7757
v 0.0957 2.8536 -0.8096
v 0.0818 2.8781 -0.8175
v 0.0517 2.8552 -0.7997
v -0.0091 2.8808 -0.7556
v 0.1363 3.0199 -0.9809
v 0.1172 2.9572 -0.9334
v 0.0925 2.9712 -0.8829
v -0.3888 2.8954 -0.9210
v 0.6334 3.5555 -1.7955
v 0.5573 3.5568 -1.8376
v 0.6205 3.5561 -1.8025
v 0.6015 3.5580 -1.8128
v 0.7119 3.5574 -1.7920
v 1.3181 2.8636 -1.0108
v 1.2256 2.9742 -1.0703
v 0.5882 3.5586 -1.8219
v 1.3700 2.8484 -0.9633
v 0.5013 3.5558 -1.8598
v 0.6235 3.4803 -1.6684
v 0.9387 3.5567 -1.8286
v 0.8705 3.5551 -1.8167
v 1.3862 3.5299 -1.7180
v 1.0352 2.8569 -0.8451
v 1.2844 2.9379 -1.0734
v 1.5368 3.4595 -1.7174
v 1.1297 3.5553 -1.8384
v 0.9597 3.4826 -1.7081
v 1.0106 3.5570 -1.7840
v 0.9551 3.5530 -1.8018
v 1.2384 2.9294 -1.0013
v 1.2008 2.8842 -1.0764
v 1.5911 2.9523 -1.2184
v 1.5659 3.0122 -1.2611
v 1.6585 2.8624 -1.1565
v 1.5404 2.9730 -1.1684
v 1.6172 2.8898 -1.1838
v 1.4957 2.9396 -1.1783
v 1.5759 2.8706 -1.1473
v 1.0101 3.4151 -1.5944
v 1.5435 2.8483 -1.1263
v 0.8116 3.1060 -1.0080
v 1.5087 3.0520 -1.2580
v 1.2374 3.5568 -1.8321
v 1.0463 3.0577 -0.9914
v 0.9453 3.1198 -1.0513
v 1.0186 3.1247 -1.0691
v 0.9192 3.1535 -1.0347
v 1.1040 3.0782 -1.0436
v 0.8729 3.4144 -1.4827
v 1.0458 3.3120 -1.4137
v 1.0955 3.3992 -1.6883
v 0.9448 3.3203 -1.3711
v 0.9946 3.1786 -1.1351
v 0.9044 3.2236 -1.1828
v 0.8958 3.2734 -1.2678
v 1.0128 3.2295 -1.2457
v 1.1225 3.1073 -1.1135
v 1.0527 3.1673 -1.1500
v 1.1623 3.1267 -1.2394
v 1.0070 3.4738 -1.7334
v 0.9794 3.5441 -1.7927
v 1.0471 3.4561 -1.7188
v 1.0919 3.5463 -1.8066
v 1.0574 3.4917 -1.7374
v 1.1702 3.3878 -1.6559
v 1.2198 3.4397 -1.6753
v 1.2262 3.3631 -1.6500
v 1.1113 3.4512 -1.6827
v 1.1683 3.3491 -1.6185
v 1.2118 3.4672 -1.7375
v 1.2872 3.5546 -1.7970
v 1.4079 3.3964 -1.6220
v 0.8348 2.8220 -0.7435
v 0.9402 2.9059 -0.7645
v 0.9666 2.9393 -0.8028
v 1.4116 3.2337 -1.5372
v 1.5370 2.8933 -1.1739
v 1.4424 2.9504 -1.1248
v 1.4905 2.8598 -1.1616
v 1.3467 3.1623 -1.3732
v 1.3890 3.0496 -1.2251
v 1.3381 2.9386 -1.1439
v 1.4745 2.9093 -1.1654
v 1.2691 3.1079 -1.2957
v 1.4022 2.8877 -1.0656
v 1.2059 3.2107 -1.3790
v 1.2795 2.9074 -1.0993
v 1.1188 3.2213 -1.2951
v 0.8010 2.9103 -0.7805
v 0.8540 2.9906 -0.8372
v 0.8729 2.8718 -0.8180
v 0.9001 2.9238 -0.7802
v 0.9379 2.9380 -0.9005
v 0.9647 2.9891 -0.8891
v 0.9104 3.0563 -0.9143
v 0.9750 3.0258 -0.9153
v 0.7833 3.4271 -1.5141
v 0.7500 3.5592 -1.7900
v 0.8276 3.4817 -1.6651
v 0.8844 3.5437 -1.7921
v 0.9157 3.4011 -1.5321
v 0.9423 3.5227 -1.7848
v 0.6989 3.5583 -1.7816
v 0.8534 3.3052 -1.2684
v 0.8423 3.2441 -1.1923
v 0.8040 3.1870 -1.1069
v 0.6158 3.2590 -1.2058
v 1.3486 2.9882 -1.1334
v 1.1137 3.2918 -1.4557
v 1.4073 3.3195 -1.5887
v 1.4019 3.1330 -1.3599
v 1.4809 3.1444 -1.4565
v 1.3865 3.1857 -1.4574
v 1.5530 3.0716 -1.3584
v 1.3422 3.2589 -1.4832
v 1.3206 3.3194 -1.6155
v 0.6577 3.3615 -1.3955
v 1.3205 3.4438 -1.6508
v 1.1699 3.0472 -1.1763
v 1.6076 3.0144 -1.2722
v 1.4316 3.0015 -1.2071
v 1.0757 2.9143 -0.8953
v 0.9832 2.9633 -0.9461
v 1.0079 3.0184 -1.0055
v 1.1141 2.8714 -0.9675
v 1.1271 2.9629 -0.9660
v 1.1572 2.9040 -0.9952
v 1.1543 2.9487 -1.0515
v 1.1206 3.0242 -1.0075
v 0.8076 3.5587 -1.8208
v 1.3270 3.5019 -1.7027
v -0.3416 3.1796 -1.1336
v -0.3471 3.2884 -1.3249
v -0.3372 3.1997 -1.1961
v 0.2750 3.2424 -1.2186
v -0.3027 3.0231 -1.0769
v -0.2985 3.1169 -1.1992
v -0.2346 3.4005 -1.5845
v 0.0558 3.3363 -1.3949
v -0.3200 3.2421 -1.3134
v 0.0148 3.1276 -1.1270
v 0.1090 3.1231 -1.1800
v -0.3907 3.1402 -1.2567
v -0.3274 3.2005 -1.2510
v -0.3909 3.0891 -1.0990
v -0.2317 3.1685 -1.2048
v -0.1692 3.0780 -1.1193
v -0.4334 3.0749 -1.1824
v 0.4358 3.4710 -1.7064
v 0.2392 3.4229 -1.6298
v -0.0774 3.2486 -1.3309
v 0.2091 3.2682 -1.2558
v -0.4274 3.3504 -1.4842
v -0.3277 3.3418 -1.5161
v -0.1292 3.3190 -1.4150
v 0.4375 3.3619 -1.4358
v 0.3549 3.3112 -1.3627
v 0.1078 3.2263 -1.2583
v 0.1428 3.1937 -1.2084
v -0.0715 3.1428 -1.1771
v -0.2271 3.1532 -1.2465
v -0.1494 3.1767 -1.2401
v -0.3550 2.9900 -1.0216
v -0.2085 3.2375 -1.2879
v -0.1952 3.2406 -1.3587
v -0.3004 2.2146 -0.9899
v -0.2962 2.1762 -0.9806
v -0.0499 2.1671 -0.8222
v 0.0324 2.0660 -0.6435
v -0.1614 1.8870 -0.4382
v -0.2074 1.8396 -0.4283
v -0.2627 1.7990 -0.3902
v -0.2863 2.1022 -0.6677
v -0.0883 1.9660 -0.5135
v -0.0325 2.0260 -0.6065
v -0.1812 2.0317 -0.7004
v -0.2643 2.0260 -0.6165
v -0.2099 2.1006 -0.7220
v 0.1627 2.2302 -0.8602
v -0.2326 2.1077 -0.8333
v -0.2477 2.1546 -0.8305
v -0.2584 2.1498 -0.9345
v -0.1886 2.0591 -0.7280
v -0.1165 1.9038 -0.4401
v -0.0339 1.9126 -0.4554
v -0.1803 1.9118 -0.4382
v -0.2078 1.9874 -0.6100
v 0.1103 1.9986 -0.5886
v 0.3574 2.1513 -0.7865
v 0.0264 2.2673 -0.9163
v -0.1982 2.3201 -0.9980
v 0.0685 2.0796 -0.7368
v -0.0927 2.2016 -0.9239
v 0.0545 2.1224 -0.7116
v -0.0047 2.1513 -0.8888
v -0.1821 2.1052 -0.8057
v -0.2528 2.3099 -1.0183
v -0.0621 2.0284 -0.6713
v -0.0334 1.9853 -0.5997
v 0.0148 2.0458 -0.6823
v 0.1663 2.8547 -0.8097
v 0.0104 2.4511 -0.9896
v 0.0833 2.4909 -0.9621
v -0.2773 2.4695 -1.0795
v -0.3751 2.6808 -0.9858
v -0.3532 2.5720 -0.9763
v -0.3517 2.6317 -1.0346
v -0.1321 2.6504 -1.0205
v -0.3873 2.4554 -1.0603
v -0.2006 2.5328 -0.9718
v -0.1639 2.5540 -0.9799
v -0.1201 2.4669 -1.0278
v -0.1216 2.5539 -1.0316
v -0.1059 2.4044 -1.0070
v -0.0796 2.5818 -1.0231
v 0.0467 2.6268 -1.0123
v -0.0178 2.5230 -0.9995
v -0.0396 2.6334 -1.0186
v -0.0293 2.6116 -0.9947
v -0.0460 2.7767 -0.8813
v -0.1855 2.8084 -0.8373
v -0.2230 2.7581 -0.9409
v 0.1602 2.5561 -0.9533
v 0.0942 2.3890 -0.9374
v -0.3335 2.7025 -0.9523
v 0.0962 2.7676 -0.8607
v -0.3511 2.4560 -1.0868
v 0.2123 2.5700 -0.9234
v 0.2341 2.6099 -0.9742
v -0.2013 2.5548 -0.9681
v -0.2750 2.4946 -0.9630
v 0.2616 2.6543 -0.9793
v -0.2243 2.6926 -0.9894
v -0.2187 2.6105 -1.0104
v 0.0709 2.5915 -0.9871
v 0.1463 2.6188 -0.9889
v 0.1543 2.6569 -0.9815
v -0.2436 2.5904 -1.0320
v -0.2665 2.5244 -1.0600
v -0.2510 2.4891 -1.0522
v -0.2220 2.4817 -1.0646
v -0.2649 2.5329 -0.9465
v -0.2781 2.6586 -1.0227
v -0.3077 2.5778 -1.0167
v -0.2963 2.6720 -0.9949
v -0.2069 2.4384 -1.0392
v -0.2517 2.4155 -1.0521
v -0.3194 2.7900 -0.8802
v -0.2108 2.8285 -0.7725
v 0.2505 2.6713 -0.9431
v 0.3246 2.6463 -0.9352
v 0.3668 2.5767 -0.9055
v 0.9290 2.4327 -0.7100
v 0.8282 2.6803 -0.7266
v 0.3495 2.4330 -0.8912
v 0.4196 2.4484 -0.8464
v 0.4592 2.6216 -0.8967
v 0.7472 2.6073 -0.8201
v 0.7283 2.7203 -0.8121
v 0.3985 2.6903 -0.8832
v 0.2987 2.4975 -0.8971
v 0.4332 2.5447 -0.8912
v 0.5962 2.4844 -0.7957
v 0.5736 2.6355 -0.8596
v 0.7896 2.4137 -0.7382
v 0.6443 2.5757 -0.8237
v 0.2407 2.4471 -0.9091
v 0.5324 2.5712 -0.8684
v 0.5304 2.6791 -0.8374
v 0.5270 2.6524 -0.8949
v 0.6459 2.6763 -0.8094
v 0.7176 2.6563 -0.8391
v 0.3630 2.8433 -0.7658
v 0.4783 2.7774 -0.7892
v 0.3590 2.8210 -0.7915
v 0.5024 2.8243 -0.7555
v 0.8411 2.7233 -0.7513
v 0.8050 2.7976 -0.7736
v 0.6421 2.7830 -0.7340
v 0.4681 2.5792 -0.8801
v 0.3420 2.7761 -0.8469
v 0.6015 2.8177 -0.7352
v 0.6078 2.7909 -0.7218
v 0.5716 2.7921 -0.7403
v 0.2868 2.8270 -0.7963
v 0.4977 2.8012 -0.7626
v 0.4594 2.8491 -0.7555
v 0.6574 2.7561 -0.7153
v 0.7384 2.7948 -0.7324
v 0.7224 2.7736 -0.7363
v 0.7293 2.7530 -0.7400
v 0.5918 2.7310 -0.7646
v 0.7239 2.7237 -0.7686
v 0.7726 2.8372 -0.7209
v 0.4986 2.7311 -0.8215
v 0.7835 2.6978 -0.7694
v 0.5210 2.1540 -0.7571
v 0.3762 2.2301 -0.8157
v 0.5599 2.2417 -0.7825
v 0.5208 2.3889 -0.8119
v 0.6617 2.3907 -0.7870
v 0.3589 2.3221 -0.8349
v 0.4105 2.4240 -0.8897
v 0.4785 2.2840 -0.8003
v 0.7871 2.1419 -0.7010
v 0.6712 2.1523 -0.7110
v 1.7113 2.7795 -0.9926
v 1.4284 2.8299 -1.0206
v 1.5366 2.7634 -0.9532
v 1.5287 2.6949 -0.9040
v 1.1724 2.5748 -0.7516
v 1.2633 2.6581 -0.9011
v 1.1376 2.6651 -0.8552
v 1.1069 2.5937 -0.7626
v 1.3455 2.6854 -0.8155
v 1.0314 2.6734 -0.8399
v 1.0317 2.6123 -0.7561
v 1.3131 2.6711 -0.8969
v 1.2792 2.6946 -0.8601
v 1.4622 2.7620 -0.8912
v 0.9986 2.8284 -0.7934
v 0.9064 2.7444 -0.7738
v 1.0254 2.4482 -0.6865
v 0.8981 2.8139 -0.7446
v 0.8923 2.5686 -0.7692
v 0.9488 2.6990 -0.7669
v 0.9229 2.7807 -0.7624
v 0.8326 2.7639 -0.7456
v 0.8520 2.7893 -0.7648
v 0.8691 2.6201 -0.7939
v 0.9297 2.6856 -0.8381
v 0.8066 2.6819 -0.8547
v 1.1678 2.8006 -0.9484
v 1.1958 2.7547 -0.9143
v 1.1271 2.8053 -0.9452
v 1.2204 2.6990 -0.8763
v 1.4103 2.8209 -0.9829
v 1.3874 2.8008 -0.9453
v 1.3510 2.6458 -0.9207
v 1.2792 2.7928 -0.9401
v 1.1867 2.8374 -1.0102
v 1.3017 2.6517 -0.8938
v 1.3449 2.6710 -0.9037
v 0.9543 2.2527 -0.6706
v 0.9561 2.2918 -0.6752
v 1.1436 2.7589 -0.8654
v 1.1032 2.8040 -0.9019
v 1.1760 2.6844 -0.9060
v 0.7775 2.2789 -0.7287
v 0.7914 2.3500 -0.7133
v 1.1071 2.7113 -0.9114
v 0.8476 2.2192 -0.6898
v 1.6766 2.8125 -1.0786
v 1.0687 2.8581 -0.9085
v 1.5017 2.8501 -1.1173
v 1.4130 2.7145 -0.9029
v 1.4060 2.6861 -0.9196
v 1.0365 2.7924 -0.8243
v 1.4811 2.8289 -1.0701
v 1.0621 2.7765 -0.8692
v 1.0045 2.7349 -0.8038
v 1.0288 2.7016 -0.8530
v 0.9823 2.7673 -0.8300
v 1.3618 2.7787 -0.9266
v 1.3907 2.7059 -0.8759
v 1.3771 2.7311 -0.8698
v 1.6541 2.8267 -1.0873
v 1.4072 2.6442 -0.9343
v 1.6111 2.8260 -1.1054
v 1.5551 2.8169 -1.0750
v 1.6152 2.7717 -1.0239
v 1.3948 2.7249 -0.9012
v 1.4980 2.7291 -0.9222
v -0.1025 3.5389 -1.8114
v 0.2926 3.4908 -1.7951
v 0.3347 3.5582 -1.8767
v -0.4437 3.4153 -1.6391
v -0.2122 3.4504 -1.6753
v -0.1334 3.4739 -1.7380
v -0.0176 3.3961 -1.6155
v 0.2352 3.5566 -1.8805
v 0.1768 3.5606 -1.8877
v -0.2071 3.5562 -1.8090
v -0.2204 3.5581 -1.8052
v -0.0852 3.5549 -1.8146
v 0.1229 3.5567 -1.8997
v 0.0804 3.5518 -1.8714
v 0.2170 3.5256 -1.8392
v -0.1311 3.5595 -1.8122
v -0.2612 3.5575 -1.8251
v -0.3119 3.4802 -1.7203
v -0.3128 3.4394 -1.6696
v -0.2384 3.5496 -1.8058
v -0.6010 3.4923 -1.7824
v -0.3793 3.3997 -1.6152
v -0.5421 3.4325 -1.6770
v -0.4027 3.4414 -1.6793
v -0.0125 3.4574 -1.7117
v -0.0038 3.5503 -1.8447
v -0.4064 3.3689 -1.6015
v -0.3486 3.5562 -1.8311
v -0.4987 3.5559 -1.8466
v -0.5100 3.4514 -1.7089
v -0.4700 3.4711 -1.7200
v 0.1958 3.5578 -1.8889
v 1.6177 3.2577 -1.6710
v 1.5816 3.3087 -1.6335
v 1.6385 3.2149 -1.6029
v 1.5058 3.2864 -1.5568
v 1.6618 3.1694 -1.5361
v 1.5859 3.2071 -1.6140
v 1.5213 3.2454 -1.5575
v 1.7141 2.8144 -1.0718
v 1.8020 2.7820 -1.0273
v 1.7162 2.8384 -1.1157
v 1.7806 2.8407 -1.1159
v 1.7382 2.9039 -1.2376
v 1.6803 2.9278 -1.2174
v 1.6664 2.9518 -1.1976
v 1.6581 2.9996 -1.3215
v 1.7340 2.9615 -1.2378
v 1.7496 2.9434 -1.2474
v 1.7206 2.9922 -1.3267
v 1.6156 3.0649 -1.3694
v 1.7026 3.0367 -1.3826
v 1.6129 3.1494 -1.5048
v 1.6802 3.0712 -1.4641
v 1.9267 2.2684 -0.5578
v 1.8379 2.3497 -0.5937
v 1.7558 2.5574 -0.8129
v 1.8380 2.4181 -0.6063
v 1.9149 2.3557 -0.6147
v 1.9217 2.3997 -0.6340
v 1.7990 2.4940 -0.6655
v 1.8925 2.4462 -0.7190
v 1.8689 2.4881 -0.7698
v 1.7884 2.7006 -0.8241
v 1.8410 2.7207 -0.9028
v 1.8510 2.6781 -0.8440
v 1.8726 2.6513 -0.8188
v 1.9333 1.8338 -0.1770
v 1.9563 2.2178 -0.5168
v 2.0583 1.8151 -0.1593
v 2.0645 1.7984 -0.1500
v 1.9184 2.1788 -0.4491
v 2.0586 1.7846 -0.1375
v 1.9630 1.7936 -0.1376
v 1.9603 2.1229 -0.4930
v 1.9984 2.0092 -0.3650
v 1.9118 2.0358 -0.4014
v 1.8882 2.2170 -0.5147
v 1.8738 2.2310 -0.5419
v 1.8702 2.2348 -0.5469
v 1.9118 2.1555 -0.4666
v 1.9693 2.1902 -0.4636
v 1.8998 2.1934 -0.4625
v 1.8887 2.2369 -0.5347
v 2.1046 1.3541 -0.0047
v 2.0970 1.6757 -0.0046
v 2.1185 1.6138 -0.0095
v 2.0851 1.7299 -0.0564
v 1.9804 1.9130 -0.2149
v 2.0169 1.9188 -0.2841
v 1.9932 1.8609 -0.2274
v 2.0399 1.8444 -0.2171
v 1.9725 1.9589 -0.3181
v 2.0023 1.9806 -0.3291
v 2.0118 1.9743 -0.3300
v 2.1003 1.5160 -0.0239
v 1.9402 1.5167 -0.0273
v 2.1022 1.3840 -0.0117
v -0.9299 0.7402 0.4706
v -0.9329 0.6861 0.5283
v -0.9215 0.7709 0.5016
v -0.9121 0.6747 0.5621
v -1.0372 0.6958 0.6534
v -1.2091 0.6288 0.6873
v -1.1630 0.9321 0.2188
v -1.2028 0.8874 0.2872
v -1.2845 0.7460 0.4494
v -0.8232 0.8616 0.3970
v -1.1687 0.6782 0.5954
v -1.2234 0.7633 0.3924
v -1.2316 0.8027 0.3585
v -0.9763 0.9409 0.2603
v -0.8978 0.6855 0.5460
v -1.2817 0.7849 0.3826
v -1.1465 1.0117 0.1508
v -1.0252 1.0280 0.2068
v -1.0172 1.0175 0.1811
v -1.2493 0.6641 0.6402
v -1.2600 0.8480 0.3257
v -1.2603 0.6215 0.6662
v -0.8134 0.6984 0.6522
v -1.2975 0.6761 0.5914
v -1.2223 0.6023 0.7115
v -1.1310 0.7471 0.4107
v -1.0917 0.7918 0.4116
v -1.7403 0.9944 0.0184
v -1.6125 0.9963 0.0050
v -1.5492 0.8651 0.2902
v -1.6308 0.9650 0.0545
v -1.6921 1.1041 -0.0601
v -1.8008 0.9128 0.1918
v -1.4271 0.8875 0.1969
v -1.8491 1.0298 -0.0605
v -1.3951 1.0588 0.0631
v -1.4691 0.9439 0.0716
v -1.7903 1.0823 -0.0765
v -1.3037 0.9786 0.1170
v -1.1532 1.0347 0.1627
v -1.4295 0.7485 0.5245
v -1.5021 0.6530 0.6761
v -1.6378 0.6644 0.6967
v -1.3881 0.7503 0.4783
v -1.6726 0.6237 0.7999
v -1.5144 0.5510 0.8170
v -1.6699 0.6392 0.7636
v -1.2980 0.5873 0.7667
v -1.3892 0.6842 0.6188
v -1.6775 0.6290 0.7874
v -1.6774 0.6293 0.7872
v -1.6449 0.8055 0.4301
v -1.4043 0.8128 0.3617
v -1.3635 0.7687 0.4306
v -0.4334 0.9368 0.3630
v -0.7564 0.8328 0.4174
v -0.3913 0.8632 0.3889
v -0.8159 1.0455 0.2304
v -0.6543 0.9411 0.2951
v -0.5184 0.9936 0.2877
v -0.7240 1.0596 0.2487
v -0.7061 1.0402 0.2610
v -0.6166 1.0369 0.2757
v -0.8017 0.8090 0.4426
v -0.8672 0.9531 0.2275
v -0.5641 0.9588 0.3252
v -0.4179 0.9757 0.2951
v -0.5327 0.9048 0.3282
v -0.5217 1.0668 0.2686
v -0.9645 1.0592 0.1729
v -0.8968 1.0408 0.2014
v -0.1178 0.8175 0.3651
v -0.2721 0.9732 0.1736
v -0.2103 1.0052 0.1099
v -0.1400 0.9887 0.1463
v -0.1775 0.9721 0.1418
v -0.1837 0.8843 0.2912
v -0.3808 0.9568 0.2938
v 0.0472 0.8416 0.3576
v -0.3598 0.5660 0.4664
v -0.1672 1.0309 0.1265
v -0.1670 0.9279 0.1511
v -0.1094 0.7982 0.4056
v -0.2864 0.8402 0.3813
v -0.4272 1.0332 0.2069
v -0.3013 1.0380 0.0922
v -0.3090 0.8788 0.4027
v -0.2578 0.8814 0.3122
v -0.7148 0.6045 0.4938
v -0.6383 0.5594 0.4566
v -0.6085 0.6468 0.5927
v -0.8093 0.6762 0.5660
v -0.7044 0.5751 0.5170
v -0.8121 0.7141 0.5190
v -1.6883 0.6222 0.7915
v -1.9294 0.6465 0.9372
v -1.9915 0.6849 0.6288
v -1.9079 0.6519 0.7629
v -1.9795 0.7165 0.7522
v -1.9791 0.6514 0.7711
v -1.9587 0.6439 0.8406
v -1.8647 0.6169 0.8967
v -1.9189 0.6373 0.8594
v -1.9327 0.7508 0.7803
v -2.0765 0.6579 0.9517
v -2.1092 0.6712 0.8816
v -2.3360 0.7393 0.5154
v -2.3948 0.7291 0.4699
v -2.2183 0.7177 0.9371
v -2.4504 0.7325 0.5047
v -2.2721 0.6939 0.8626
v -2.3385 0.7420 0.9091
v -2.3474 0.7344 0.8871
v -2.3461 0.7274 0.8836
v -2.3044 0.7328 0.9648
v -2.3157 0.7371 0.9866
v -2.4002 0.7971 0.6628
v -2.3834 0.7396 0.7235
v -2.3466 0.7988 0.6279
v -2.3859 0.7873 0.5260
v -2.3700 0.8168 0.1412
v -2.3610 0.8878 0.0228
v -2.4162 0.8699 0.0773
v -2.4098 0.9287 0.0106
v -2.4016 0.9025 -0.0080
v -2.3784 1.0093 -0.1728
v -2.4098 0.9593 -0.0509
v -2.4658 0.7644 0.3678
v -2.4295 0.7648 0.2962
v -2.4530 0.7981 0.3379
v -2.3823 0.7606 0.3351
v -2.4232 0.7904 0.1977
v -2.3628 0.7601 0.3030
v -2.4325 0.8232 0.2006
v -2.4005 0.8092 0.2146
v -2.3897 0.7948 0.2103
v -2.4130 0.8260 0.1639
v -1.8811 1.0141 -0.0543
v -2.0084 0.9536 0.0080
v -2.1580 1.0071 -0.1287
v -2.1928 0.6977 0.5602
v -2.2926 0.7229 0.4588
v -2.2713 0.7719 0.5315
v -2.0384 0.7078 0.5184
v -2.2771 0.7455 0.3525
v -2.0570 0.7483 0.6530
v -2.0543 0.7332 0.5432
v -1.9890 0.7431 0.6248
v -1.9415 0.8174 0.3351
v -2.1012 0.7319 0.5382
v -2.1416 0.7101 0.5007
v -2.1582 0.7192 0.7320
v -1.6831 0.5588 0.9727
v -1.5314 0.4313 1.2222
v -1.8842 0.7128 1.0384
v -1.7178 0.6605 0.9593
v -1.7647 0.6142 0.9007
v -1.6396 0.5346 0.9713
v -1.7204 0.5936 0.9126
v -1.5753 0.5541 1.1690
v -1.7455 0.6294 1.1476
v -1.6563 0.5455 1.2519
v -1.5990 0.4968 1.1266
v -1.6519 0.6413 1.1259
v -1.6190 0.5167 1.2553
v -1.7012 0.6037 1.2857
v -1.6506 0.5570 1.3341
v -1.7624 0.7229 1.0589
v -1.7828 0.6811 1.0048
v -1.6692 0.6895 1.0010
v -1.8377 0.6069 1.3469
v -1.7812 0.6926 1.1364
v -1.6861 0.6274 1.2404
v -1.8008 0.5453 1.5756
v -1.8589 0.3838 1.7831
v -1.7931 0.4054 1.7067
v -1.9952 0.5926 1.3976
v -2.0478 0.4498 1.7880
v -2.0765 0.4748 1.7648
v -1.7451 0.3643 1.6486
v -1.9074 0.4723 1.7242
v -1.8722 0.5362 1.6548
v -2.0360 0.3480 1.9046
v -1.9644 0.3529 1.8653
v -2.0673 0.4082 1.8571
v -1.8263 0.3292 1.7913
v -2.0150 0.3664 1.7956
v -1.7067 0.4933 1.6745
v -1.8209 0.4489 1.7392
v -2.0473 0.5236 1.7047
v -2.0206 0.5910 1.5728
v -2.1767 0.6296 1.4731
v -1.9503 0.6113 1.4637
v -1.9803 0.5690 1.4307
v -1.9716 0.5605 1.4060
v -1.8246 0.2377 1.7361
v -1.7717 0.3364 1.6762
v -1.8255 0.5532 1.5123
v -1.7271 0.2379 1.7645
v -1.8024 0.3664 1.7703
v -1.8954 0.2909 1.8552
v -1.7353 0.5329 1.4989
v -1.7085 0.4358 1.5259
v -1.7798 0.4911 1.5383
v -1.6937 0.4492 1.4731
v -1.6546 0.4267 1.4951
v -1.5793 0.3795 1.3811
v -1.6278 0.4149 1.3757
v -1.6334 0.4236 1.4380
v -1.6034 0.4488 1.3235
v -1.6481 0.4583 1.4587
v -1.5916 0.4116 1.4389
v -1.6672 0.3673 1.4653
v -1.6013 0.3695 1.4673
v -1.6504 0.5425 1.4114
v -1.6825 0.5856 1.3774
v -1.5631 0.3632 1.4035
v -1.6226 0.5049 1.4015
v -2.2631 0.7056 1.0825
v -2.0845 0.6672 1.4035
v -2.0592 0.6329 1.2766
v -1.9788 0.7114 1.1161
v -2.2413 0.6982 1.2389
v -2.1955 0.6788 1.3070
v -1.9286 0.6926 0.9911
v -2.1240 0.6817 0.9829
v -2.1789 0.6674 1.0788
v -2.2517 0.6890 1.2019
v -2.2027 0.7182 1.2489
v -2.1040 0.7075 1.1551
v -2.0867 0.6358 1.3690
v -1.7214 0.3393 1.6723
v -1.6053 0.3104 1.7121
v -1.7165 0.4639 1.5626
v -1.6382 0.3526 1.5462
v -1.6074 0.3570 1.5319
v -1.6295 0.3619 1.6242
v -1.6780 0.3401 1.6391
v -1.6896 0.3956 1.6082
v -1.6536 0.4264 1.5582
v -1.7322 0.5284 1.6050
v -1.6377 0.2821 1.6354
v -1.6902 0.4206 1.5839
v -2.1352 0.5664 1.6047
v -2.2043 0.6609 1.3778
v -2.2317 0.6780 1.2870
v -2.2133 0.6556 1.3305
v -2.2970 0.7326 1.0491
v -2.2944 0.7275 1.0607
v -2.2927 0.7259 1.0703
v -2.2687 0.7059 1.1265
v -2.2400 0.6863 1.2524
v -2.0627 0.3672 1.8714
v -1.6378 0.1889 1.7131
v -1.6435 0.2758 1.6688
v -1.4930 0.2141 1.7534
v -1.6522 0.2484 1.7231
v -1.6346 0.2535 1.6796
v -0.0956 0.2448 0.9581
v -0.0121 0.4148 0.7416
v -0.1468 0.1951 1.0592
v 0.0231 0.2306 0.9985
v 0.0424 0.3826 0.8050
v 0.1026 0.2923 0.9071
v 0.1660 0.3598 0.8670
v -0.2766 0.2672 1.0384
v -0.0851 0.3151 0.8874
v -0.1633 0.3673 0.8117
v 0.0880 0.2508 0.9471
v -0.3399 0.4413 0.6739
v -0.2092 0.2835 0.8806
v 0.1485 0.2202 0.9864
v -0.1738 0.2372 1.0608
v -0.5333 0.2982 0.9482
v -0.6360 0.4445 0.9011
v -0.6711 0.4874 0.9257
v -0.6626 0.5354 0.7826
v -0.6856 0.5143 0.8769
v -0.6248 0.4810 0.8297
v -0.5616 0.4346 0.8702
v -0.6407 0.5197 0.6766
v -0.5758 0.4622 0.7203
v -0.2917 0.3192 0.9010
v -0.5533 0.4640 0.6105
v -0.4442 0.3690 0.7871
v -0.5708 0.3810 0.8020
v -0.1189 0.5042 0.5419
v 0.0760 0.5641 0.5486
v -0.2032 0.5069 0.5373
v -0.5693 0.2736 1.0696
v -0.5913 0.3270 0.9512
v -0.3350 0.3354 0.9427
v -0.5611 0.2273 1.1680
v -0.5787 0.2668 1.2337
v -0.4826 0.1827 1.1786
v -0.5199 0.1907 1.2154
v -0.5062 0.2358 1.1009
v -0.6001 0.1968 1.2158
v -0.5466 0.2969 1.1791
v -0.5636 0.3259 1.1231
v -0.5902 0.3688 1.0005
v -0.1436 0.8121 0.4444
v -0.2149 0.5496 0.4575
v 0.0408 0.6479 0.6575
v -0.1289 0.6543 0.6495
v 0.0557 0.6753 0.5696
v 0.0999 0.6124 0.6398
v -0.0086 0.7184 0.5419
v -0.0766 0.7176 0.6046
v -0.0175 0.6991 0.5568
v -0.6776 0.5716 0.6210
v -0.2699 0.6776 0.6612
v -0.6255 0.6775 0.6405
v -0.7197 0.5616 0.8547
v -1.4285 0.5105 0.8855
v -1.5853 0.5006 1.0740
v -1.4984 0.3958 1.1768
v -1.5403 0.5409 0.9206
v -1.5037 0.4992 0.9183
v -1.4982 0.4469 1.0938
v -1.2463 0.4855 0.9507
v -0.9017 0.4361 1.1111
v -1.0961 0.5335 0.9016
v -1.0925 0.6060 0.7395
v -1.0180 0.6136 0.7757
v -1.0574 0.3970 1.1190
v -1.3562 0.4047 1.0400
v -1.4339 0.3577 1.2646
v -1.4347 0.3814 1.3086
v -1.6165 0.3972 1.2951
v -1.3597 0.3706 1.3002
v -1.2592 0.3386 1.1780
v -1.3340 0.2861 1.2658
v -1.4817 0.4848 1.0190
v -1.4005 0.3477 1.1748
v -1.3896 0.3223 1.2204
v -1.4080 0.3850 1.1914
v -0.6959 0.4236 0.9884
v -0.7048 0.4685 0.9031
v -0.7894 0.3920 1.1172
v -0.7988 0.4719 0.9789
v -0.9359 0.5463 0.8929
v -0.7499 0.3136 1.2316
v -0.7494 0.4128 1.0572
v -0.8201 0.6412 0.7906
v -0.8148 0.5347 0.8924
v -0.9737 0.5762 0.8315
v 0.0273 0.0129 1.2644
v -0.1122 0.0042 1.2806
v 0.1573 0.1613 1.1154
v 0.2786 0.0043 1.3411
v -0.1211 0.1171 1.2096
v -0.0482 0.1656 1.1213
v -0.0327 0.0041 1.2750
v -0.0427 0.0079 1.2752
v 0.0576 0.1373 1.1043
v 0.1465 0.0520 1.2626
v 0.1105 0.0069 1.2522
v -0.0404 0.0989 1.2011
v 0.0003 0.0553 1.2315
v 0.0442 0.0941 1.1714
v -0.3546 0.2056 1.1566
v -0.2623 0.0100 1.3385
v -0.3607 0.0256 1.3879
v -0.5249 0.0301 1.4424
v -0.5344 0.0047 1.4684
v -0.3296 0.0573 1.3205
v -0.3605 0.1145 1.2771
v -0.2089 0.1755 1.1436
v -0.2372 0.1034 1.2586
v -0.2068 0.0407 1.3023
v -0.1948 0.0000 1.3321
v -0.4489 0.1118 1.3469
v -0.4963 0.1408 1.2709
v -0.2789 0.1636 1.2014
v -0.4617 0.0083 1.4181
v -0.5160 0.0504 1.4224
v -0.4622 0.0768 1.4143
v -0.4577 0.0406 1.3964
v -0.4380 0.0800 1.3459
v -0.5019 0.0097 1.4163
v -0.4800 0.0251 1.4495
v -0.5570 0.0176 1.6818
v -1.0190 0.2953 1.2595
v -1.0488 0.0829 1.6409
v -1.2124 0.1756 1.3925
v -1.1480 0.1081 1.7259
v -1.0361 0.0452 1.7018
v -1.2265 0.2223 1.3653
v -1.1041 0.1869 1.3857
v -1.1135 0.2211 1.3814
v -1.1880 0.2068 1.3822
v -1.0536 0.1657 1.3441
v -1.1369 0.1007 1.7026
v -1.0685 0.0353 1.7307
v -1.0463 0.2297 1.3721
v -1.0593 0.0993 1.6883
v -1.0351 0.1070 1.5289
v -0.5933 0.1859 1.2964
v -0.5796 0.1844 1.2528
v -0.5403 0.1155 1.3756
v -0.7062 0.1934 1.2652
v -0.6902 0.2478 1.2685
v -0.7405 0.1045 1.4399
v -0.7540 0.1943 1.3227
v -0.9198 0.1413 1.4506
v -0.8866 0.2409 1.3670
v -0.7457 0.2295 1.3000
v -0.8596 0.2149 1.3579
v -0.7584 0.1213 1.3803
v -0.8255 0.3206 1.2419
v -0.9340 0.3624 1.1792
v -0.8801 0.1673 1.3580
v -0.9874 0.2353 1.3609
v -1.4545 0.3544 1.4624
v -1.3902 0.3998 1.3768
v -1.2990 0.3394 1.5562
v -1.3582 0.3306 1.6631
v -1.2753 0.3160 1.3503
v -1.3783 0.3060 1.4942
v -1.2571 0.1633 1.6375
v -1.1460 0.1535 1.7195
v -1.2505 0.2001 1.5827
v -1.2650 0.2448 1.5961
v -1.2255 0.1526 1.5546
v -1.2601 0.2617 1.7614
v -1.2712 0.2521 1.4501
v -1.2830 0.1782 1.4706
v -1.2556 0.2781 1.5163
v -1.2738 0.1975 1.4026
v -1.2644 0.2325 1.3258
v -1.2626 0.2019 1.7356
v -1.2241 0.1474 1.7388
v -1.2551 0.2769 1.6853
v -1.3801 0.1707 1.7621
v -1.3028 0.2846 1.3051
v -1.2983 0.2564 1.3502
v -1.3082 0.3067 1.4241
v -0.5124 0.0563 1.6661
v -0.4386 0.0535 1.6202
v -0.4714 0.0118 1.5699
v -0.8246 0.0710 1.5719
v -0.8132 0.1192 1.4660
v -0.7861 0.0793 1.5322
v -0.7258 0.0682 1.6719
v -0.9377 0.0761 1.5530
v -0.6447 0.0661 1.4402
v -0.5681 0.0966 1.4347
v -0.9001 0.0869 1.5720
v -0.6672 0.0476 1.5308
v -0.6825 0.0809 1.4817
v -0.6644 0.0890 1.4449
v -0.6448 0.0355 1.4723
v -0.5193 0.0720 1.4528
v -0.5285 0.0151 1.5157
v -0.7524 0.0638 1.6088
v 1.9164 0.7057 1.1087
v 2.2219 0.7148 1.0805
v 2.1365 0.6522 1.0351
v 2.1165 0.7171 1.0784
v 1.9952 0.7074 1.0967
v 2.1554 0.7533 1.0477
v 2.1287 0.5442 1.1501
v 1.8421 0.6216 1.1161
v 1.7562 0.6163 1.1402
v 1.7588 0.6585 1.1392
v 2.0682 0.8459 0.8918
v 2.0359 0.8196 0.9573
v 1.9666 0.8559 0.8687
v 2.0580 0.9102 0.7510
v 1.9189 0.9955 0.6797
v 1.9386 0.5640 1.1378
v 1.9677 0.6261 1.0486
v 1.8374 0.6735 1.1320
v 2.0235 0.8910 0.8295
v 1.7708 0.8413 0.8507
v 2.1527 0.9391 0.7097
v 1.0988 0.7033 0.8860
v 1.3367 0.5980 1.0936
v 1.4902 0.5678 1.1285
v 1.5620 0.6029 1.1496
v 1.4333 0.6100 1.1133
v 1.8358 0.7395 1.0333
v 1.6840 0.6046 1.1309
v 1.6723 0.6426 1.1379
v 1.5656 0.8221 0.8568
v 1.6080 0.6003 1.1573
v 1.5544 0.5133 1.0835
v 0.3672 1.3116 -0.1628
v 0.9635 1.3146 -0.1325
v 0.3869 1.1497 0.0159
v 0.6584 1.3114 -0.1393
v 0.7073 1.2531 -0.0672
v 0.5149 1.0786 0.2813
v 0.6322 1.0667 0.1981
v 0.9092 1.0507 0.2843
v 0.4610 1.0810 0.1367
v 0.9105 1.1978 0.0401
v 0.7657 1.2987 -0.1422
v 0.4878 1.2862 -0.1664
v -0.0929 0.9294 0.1547
v 0.0454 1.0307 0.2117
v 0.1860 1.0295 0.2483
v 0.2168 0.9731 0.2879
v 0.0138 1.0443 0.1725
v 0.4842 1.0161 0.2658
v 0.1840 0.9645 0.2485
v 0.4409 0.9463 0.3517
v 0.4031 0.9831 0.3432
v 0.2743 0.9324 0.3114
v 0.3960 1.0110 0.3210
v 0.0350 0.9507 0.2026
v 0.1050 1.0060 0.2303
v 0.3259 1.0247 0.3243
v 0.4093 1.0196 0.3275
v 0.3608 1.0923 0.2920
v 0.4658 1.0858 0.3161
v 0.4853 1.0626 0.3126
v 0.1817 1.2438 0.2115
v 0.1332 1.2899 0.1841
v 0.2161 1.3012 0.1386
v 0.3566 1.2375 -0.1120
v 0.2483 1.1340 0.2643
v 0.3640 1.2911 -0.0913
v -0.0058 1.0851 0.1870
v 0.1123 1.2293 0.2190
v -0.0906 1.3751 0.1102
v 0.3608 1.3264 -0.0354
v 0.2770 1.2235 0.1299
v 0.1698 1.2369 0.1689
v 0.2900 1.3349 -0.0116
v 0.3650 1.2013 0.0190
v 0.3769 1.1983 0.1373
v 1.4363 0.5499 1.1273
v 1.3257 0.5258 1.1018
v 1.4389 0.2947 1.3593
v 1.2634 0.4184 1.1267
v 1.4029 0.4653 1.0971
v 1.1469 0.4563 1.0863
v 1.2410 0.5316 1.0976
v 1.4465 0.2066 1.3811
v 1.4476 0.1133 1.3568
v 1.5354 0.4822 1.1354
v 1.2146 0.4447 1.0919
v 1.2952 0.2972 1.3181
v 1.3919 0.1181 1.3559
v 1.3347 0.2601 1.3375
v 1.3959 0.2263 1.3584
v 1.3954 0.1853 1.3665
v 1.3089 0.5640 1.0972
v 1.4697 0.3449 1.2891
v 1.3151 0.4773 1.0820
v 1.3836 0.4333 1.1125
v 2.2286 0.1762 1.6355
v 2.3510 0.2436 1.6357
v 2.2569 0.1416 1.6648
v 2.3343 0.2287 1.5814
v 2.1492 0.5121 1.1609
v 2.3634 0.3345 1.5544
v 2.2798 0.4022 1.3387
v 2.0042 0.2594 1.4663
v 1.8804 0.2357 1.4593
v 2.0429 0.2829 1.4425
v 2.2721 0.2924 1.5419
v 1.9679 0.3719 1.2952
v 1.9121 0.4104 1.3096
v 2.2903 0.2965 1.5717
v 2.2843 0.2903 1.5083
v 1.8627 0.5311 1.1453
v 2.1019 0.0778 1.6996
v 2.0914 0.1372 1.5371
v 2.0037 0.0860 1.4105
v 2.0224 0.0823 1.5205
v 2.1255 0.0766 1.5392
v 2.1548 0.0724 1.6196
v 2.1415 0.1375 1.5838
v 2.2143 0.0911 1.6796
v 2.1495 0.1556 1.5048
v 2.3018 0.3250 1.4866
v 2.0841 0.2257 1.4914
v 1.9299 0.0860 1.4508
v 1.9236 0.0767 1.4034
v 2.1016 0.1023 1.4502
v 1.9463 0.4790 1.2254
v 2.2400 0.1977 1.5029
v 2.1942 0.2032 1.5720
v 2.2873 0.1956 1.6405
v 2.2594 0.2765 1.4959
v 2.0116 0.5001 1.1775
v 2.0818 0.4767 1.1993
v 2.0796 0.4135 1.2761
v 1.7645 0.4535 1.1929
v 2.1903 0.1473 1.6036
v 2.3880 0.3324 1.6314
v 1.4847 0.0778 1.7021
v 1.5501 0.0544 1.6886
v 1.6533 0.2181 1.3776
v 1.3908 0.0934 1.4674
v 1.8677 0.0617 1.7506
v 1.7553 0.0289 1.7278
v 1.7742 0.0666 1.3946
v 1.6941 0.2762 1.3689
v 1.7186 0.0705 1.4735
v 1.7611 0.2408 1.4334
v 2.0119 0.0754 1.5957
v 1.7956 0.1217 1.3929
v 1.7252 0.0700 1.4434
v 1.6093 0.0914 1.4123
v 1.6641 0.3369 1.3440
v 1.5566 0.2764 1.3503
v 1.5288 0.4575 1.1176
v 1.6876 0.4855 1.1619
v 1.8143 0.3311 1.2963
v 1.6969 0.5311 1.0792
v 1.6121 0.2494 1.3475
v 1.5898 0.1490 1.3370
v 1.6849 0.3654 1.3076
v 1.5340 0.2232 1.3616
v 1.6355 0.4453 1.1625
v 1.6633 0.9442 0.6465
v 1.3808 1.0458 0.4193
v 1.5090 1.1892 0.1922
v 1.3102 0.8721 0.7347
v 1.0963 1.1030 0.2301
v 1.2422 1.1549 0.1619
v 1.1125 1.3081 -0.1172
v 1.6838 1.2712 0.1820
v 1.9988 1.1124 0.4832
v 1.8252 1.0911 0.5078
v 1.9563 1.2919 0.1714
v 1.7657 1.1545 0.3620
v 1.5192 1.0175 0.5452
v 0.7732 0.3682 1.0412
v 0.9219 0.0954 1.3284
v 0.8542 0.2898 1.1131
v 0.8815 0.1686 1.3255
v 1.0872 0.1456 1.3573
v 0.7796 0.1664 1.3145
v 0.8983 0.4062 1.0092
v 0.7388 0.1455 1.3229
v 0.9016 0.3485 1.0884
v 1.0038 0.3009 1.1778
v 0.7328 0.2631 1.1304
v 0.9976 0.2308 1.2171
v 1.0192 0.1784 1.3068
v 1.1623 0.6159 1.0397
v 0.7870 0.5931 0.9444
v 1.0131 0.4676 1.0594
v 0.9224 0.5264 0.9844
v 1.1037 0.5102 1.0442
v 0.8419 0.5771 0.9642
v 0.9162 0.4479 1.0615
v 1.0802 0.5989 1.0348
v 0.9584 0.5675 1.0209
v 0.9250 0.5943 0.9992
v 1.1735 0.6026 1.0336
v 1.1246 0.5506 1.0645
v 1.1668 0.0925 1.5750
v 1.3065 0.0990 1.3892
v 1.2068 0.1728 1.3470
v 1.2481 0.0862 1.5345
v 1.2622 0.2213 1.3507
v 1.2946 0.1741 1.3687
v 1.0711 0.1090 1.3537
v 0.9996 0.1054 1.3443
v 0.8259 0.0848 1.5538
v 1.1925 0.2092 1.3231
v 1.1483 0.0883 1.5334
v 1.0126 0.0812 1.6462
v 1.1906 0.1325 1.3536
v 1.1084 0.2011 1.3308
v 1.0593 0.4029 1.0325
v 0.9796 0.3559 1.0552
v 1.0396 0.2386 1.2698
v 1.1371 0.2673 1.2788
v 1.2100 0.4157 1.0720
v 1.0859 0.1757 1.3164
v 1.0523 0.3489 1.1555
v 0.9825 0.2696 1.1601
v 0.6223 0.1277 1.3052
v 0.6719 0.0742 1.2956
v 0.6370 0.0431 1.3032
v 0.7794 0.0741 1.3078
v 0.6753 0.0633 1.3710
v 0.2527 0.0368 1.2685
v 0.6410 0.1753 1.2635
v 0.3372 0.1000 1.2434
v 0.3562 0.1161 1.2194
v 0.2495 0.1338 1.1745
v 0.3981 0.0883 1.2832
v 0.3620 0.0347 1.2601
v 0.3893 0.0042 1.3305
v 0.5629 0.0025 1.3889
v 0.5948 0.0226 1.3748
v 0.4574 0.1463 1.1826
v 0.5140 0.0389 1.2883
v 0.5241 0.1103 1.3033
v 0.5689 0.1201 1.3142
v 0.5138 0.1329 1.2613
v 0.5527 0.1794 1.1719
v 0.5984 0.0466 1.5662
v 0.6973 0.0667 1.5024
v 0.5872 0.0500 1.5011
v 0.6168 0.0258 1.4200
v 0.6547 0.0757 1.6591
v 0.1396 0.6592 0.6107
v 0.1227 0.6651 0.5814
v 0.3547 0.5863 0.6958
v 0.2088 0.6640 0.6518
v 0.2739 0.6932 0.6888
v 0.2881 0.6260 0.6437
v 0.2875 0.6599 0.6745
v 0.3014 0.8138 0.5425
v 0.2515 0.6526 0.6553
v 0.0866 0.6884 0.5774
v 0.1519 0.7268 0.6007
v 0.0891 0.7246 0.5371
v 0.6563 0.8692 0.5049
v 0.4054 0.8343 0.5330
v 0.7367 0.4503 0.9199
v 0.5826 0.2629 1.0256
v 0.7284 0.3001 1.0313
v 0.6425 0.5249 0.9395
v 0.4700 0.5336 0.7392
v 0.5790 0.3336 0.9751
v 0.6224 0.2943 1.0025
v 0.6354 0.4044 0.9448
v 0.7169 0.3409 1.0357
v 0.7867 0.5005 0.9805
v 0.5036 0.3574 0.9693
v 0.5633 0.4440 0.8777
v 0.7267 0.5419 0.9312
v 0.4342 0.4427 0.8409
v 0.3940 0.3259 0.9772
v 0.1988 0.3100 0.8623
v 0.2511 0.4491 0.7867
v 0.4315 0.2829 0.9564
v 0.2286 0.1506 1.1004
v 0.6345 0.5890 0.8537
v 0.6166 0.6361 0.8624
v 0.4074 0.6072 0.7815
v 0.4412 0.6375 0.7521
v 0.5458 0.6148 0.7891
v 0.4587 0.6593 0.7740
v 0.4020 0.5353 0.7374
v 1.1217 0.9782 0.4909
v 0.7845 0.5561 0.9262
v 2.4658 0.4691 1.2553
v 2.2751 0.5430 1.1424
v 2.2972 0.8137 0.9703
v 2.2085 0.9670 0.6974
v 2.3346 0.8873 0.8578
v 2.2235 0.8513 0.8720
v 2.3964 0.7632 1.0040
v 2.4050 0.6910 1.0420
v 2.3316 0.7397 1.0395
v 2.3512 0.6938 1.0481
v 2.4091 0.6224 1.0902
v 2.2596 0.7386 1.0817
v 2.4219 0.5852 1.1059
v 2.2426 1.1225 0.4816
v 2.2648 1.0917 0.5534
v 2.2667 1.0885 0.5589
v 2.2586 0.5979 1.1011
v 2.2741 1.0754 0.5878
v 2.0460 1.0557 0.5847
v 2.1602 1.1690 0.3680
v 2.0864 1.1837 0.3470
v 2.1954 1.1685 0.3239
v 2.1800 1.2188 0.2516
v 2.0858 1.2776 0.1238
v 2.1444 1.2813 0.1250
v 2.1594 1.2609 0.1990
v 2.2153 1.0024 0.6692
v 2.3136 0.9400 0.7220
v 2.2798 1.0545 0.6228
v 2.3091 0.9884 0.7136
v -1.8262 2.9474 -0.8676
v -1.3197 3.3881 -1.7082
v -1.2048 3.3700 -1.6615
v -0.7578 3.5553 -1.9046
v -1.9753 0.3161 1.8874
vt 0.70234 0.57968
vt 0.69717 0.57727
vt 0.70135 0.57671
vt 0.15724 0.31625
vt 0.15499 0.29558
vt 0.17830 0.31938
vt 0.17753 0.29693
vt 0.17830 0.31938
vt 0.15499 0.29558
vt 0.15499 0.29558
vt 0.15724 0.31625
vt 0.14405 0.29397
vt 0.06711 0.29470
vt 0.07816 0.26942
vt 0.09190 0.28466
vt 0.10399 0.26717
vt 0.10907 0.25500
vt 0.11719 0.26099
vt 0.14405 0.29397
vt 0.13833 0.27765
vt 0.14729 0.28356
vt 0.14764 0.26515
vt 0.14729 0.28356
vt 0.13833 0.27765
vt 0.12905 0.26396
vt 0.11719 0.26099
vt 0.11940 0.24861
vt 0.12905 0.26396
vt 0.12650 0.25375
vt 0.14764 0.26515
vt 0.11940 0.24861
vt 0.12952 0.23549
vt 0.12650 0.25375
vt 0.10399 0.26717
vt 0.11719 0.26099
vt 0.10860 0.29930
vt 0.11719 0.26099
vt 0.12307 0.29206
vt 0.10860 0.29930
vt 0.10399 0.26717
vt 0.10860 0.29930
vt 0.09190 0.28466
vt 0.07816 0.26942
vt 0.09761 0.23110
vt 0.10907 0.25500
vt 0.07388 0.32513
vt 0.09285 0.32181
vt 0.08098 0.33977
vt 0.09285 0.32181
vt 0.11550 0.32295
vt 0.08098 0.33977
vt 0.12611 0.31069
vt 0.12992 0.32891
vt 0.12280 0.31982
vt 0.12611 0.31069
vt 0.12280 0.31982
vt 0.11550 0.32295
vt 0.10860 0.29930
vt 0.12307 0.29206
vt 0.11550 0.32295
vt 0.12307 0.29206
vt 0.12611 0.31069
vt 0.11550 0.32295
vt 0.07816 0.26942
vt 0.10907 0.25500
vt 0.10399 0.26717
vt 0.11940 0.24861
vt 0.12650 0.25375
vt 0.12905 0.26396
vt 0.11940 0.24861
vt 0.11719 0.26099
vt 0.10907 0.25500
vt 0.09285 0.32181
vt 0.10860 0.29930
vt 0.11550 0.32295
vt 0.10860 0.29930
vt 0.09285 0.32181
vt 0.08514 0.30548
vt 0.09285 0.32181
vt 0.07388 0.32513
vt 0.08514 0.30548
vt 0.08514 0.30548
vt 0.06711 0.29470
vt 0.09190 0.28466
vt 0.10860 0.29930
vt 0.08514 0.30548
vt 0.09190 0.28466
vt 0.12307 0.29206
vt 0.12602 0.27467
vt 0.13439 0.29647
vt 0.14405 0.29397
vt 0.13439 0.29647
vt 0.13833 0.27765
vt 0.13439 0.29647
vt 0.12602 0.27467
vt 0.13833 0.27765
vt 0.13439 0.29647
vt 0.12611 0.31069
vt 0.12307 0.29206
vt 0.12602 0.27467
vt 0.11719 0.26099
vt 0.12905 0.26396
vt 0.14764 0.26515
vt 0.13833 0.27765
vt 0.12905 0.26396
vt 0.12307 0.29206
vt 0.11719 0.26099
vt 0.12602 0.27467
vt 0.13833 0.27765
vt 0.12602 0.27467
vt 0.12905 0.26396
vt 0.09190 0.28466
vt 0.07816 0.26942
vt 0.10399 0.26717
vt 0.20020 0.29787
vt 0.17753 0.29693
vt 0.19877 0.28658
vt 0.20020 0.29787
vt 0.20160 0.31488
vt 0.17753 0.29693
vt 0.17830 0.31938
vt 0.17753 0.29693
vt 0.20160 0.31488
vt 0.19877 0.28658
vt 0.17753 0.29693
vt 0.17826 0.27257
vt 0.07388 0.32513
vt 0.06711 0.29470
vt 0.08514 0.30548
vt 0.12952 0.23549
vt 0.14764 0.26515
vt 0.12650 0.25375
vt 0.15499 0.29558
vt 0.14405 0.29397
vt 0.14729 0.28356
vt 0.17826 0.27257
vt 0.12952 0.23549
vt 0.16735 0.23670
vt 0.14764 0.26515
vt 0.12952 0.23549
vt 0.17826 0.27257
vt 0.14764 0.26515
vt 0.17826 0.27257
vt 0.17753 0.29693
vt 0.17753 0.29693
vt 0.14729 0.28356
vt 0.14764 0.26515
vt 0.15499 0.29558
vt 0.14729 0.28356
vt 0.17753 0.29693
vt 0.14405 0.29397
vt 0.14281 0.31824
vt 0.13439 0.29647
vt 0.14405 0.29397
vt 0.15724 0.31625
vt 0.14281 0.31824
vt 0.14281 0.31824
vt 0.12611 0.31069
vt 0.13439 0.29647
vt 0.12992 0.32891
vt 0.12611 0.31069
vt 0.14281 0.31824
vt 0.06711 0.29470
vt 0.04809 0.26324
vt 0.07816 0.26942
vt 0.07816 0.26942
vt 0.04809 0.26324
vt 0.04912 0.25027
vt 0.66286 0.32674
vt 0.65188 0.34321
vt 0.65027 0.33251
vt 0.58517 0.31333
vt 0.62999 0.30320
vt 0.65027 0.33251
vt 0.06028 0.37914
vt 0.05181 0.38433
vt 0.05412 0.37502
vt 0.68495 0.35995
vt 0.67312 0.37040
vt 0.68293 0.35047
vt 0.68293 0.35047
vt 0.64174 0.35424
vt 0.66583 0.34184
vt 0.05880 0.39691
vt 0.08968 0.39226
vt 0.05698 0.40710
vt 0.66583 0.34184
vt 0.64174 0.35424
vt 0.65188 0.34321
vt 0.08968 0.39226
vt 0.05880 0.39691
vt 0.06028 0.37914
vt 0.68293 0.35047
vt 0.66583 0.34184
vt 0.67885 0.32307
vt 0.66286 0.32674
vt 0.66523 0.30847
vt 0.67885 0.32307
vt 0.67885 0.32307
vt 0.66523 0.30847
vt 0.67513 0.30423
vt 0.65027 0.33251
vt 0.66523 0.30847
vt 0.66286 0.32674
vt 0.62999 0.30320
vt 0.66523 0.30847
vt 0.65027 0.33251
vt 0.68495 0.35995
vt 0.69331 0.35632
vt 0.68632 0.36550
vt 0.70564 0.36448
vt 0.70033 0.37217
vt 0.69331 0.35632
vt 0.69401 0.29474
vt 0.69801 0.27728
vt 0.71256 0.28576
vt 0.65370 0.90474
vt 0.65042 0.91449
vt 0.64990 0.90199
vt 0.65188 0.34321
vt 0.64174 0.35424
vt 0.62861 0.34833
vt 0.73137 0.25460
vt 0.72749 0.26636
vt 0.72238 0.25422
vt 0.72238 0.25422
vt 0.73232 0.24669
vt 0.73137 0.25460
vt 0.72238 0.25422
vt 0.72749 0.26636
vt 0.72327 0.27215
vt 0.71772 0.27437
vt 0.72238 0.25422
vt 0.72327 0.27215
vt 0.04124 0.30644
vt 0.04864 0.29710
vt 0.04584 0.30942
vt 0.04584 0.30942
vt 0.04260 0.31451
vt 0.04124 0.30644
vt 0.71772 0.27437
vt 0.71256 0.28576
vt 0.69801 0.27728
vt 0.73232 0.24669
vt 0.72238 0.25422
vt 0.73298 0.24211
vt 0.68542 0.24363
vt 0.71747 0.22782
vt 0.72238 0.25422
vt 0.04766 0.27802
vt 0.04809 0.26324
vt 0.06711 0.29470
vt 0.04766 0.27802
vt 0.04422 0.27246
vt 0.04809 0.26324
vt 0.04409 0.27799
vt 0.04422 0.27246
vt 0.04766 0.27802
vt 0.04409 0.27799
vt 0.04766 0.27802
vt 0.04305 0.28654
vt 0.04864 0.29710
vt 0.04305 0.28654
vt 0.04766 0.27802
vt 0.67513 0.30423
vt 0.69401 0.29474
vt 0.69205 0.31758
vt 0.06711 0.29470
vt 0.04864 0.29710
vt 0.04766 0.27802
vt 0.04864 0.29710
vt 0.04160 0.29372
vt 0.04305 0.28654
vt 0.67513 0.30423
vt 0.65287 0.27325
vt 0.66075 0.25373
vt 0.73298 0.24211
vt 0.72238 0.25422
vt 0.73159 0.23339
vt 0.72238 0.25422
vt 0.71772 0.27437
vt 0.69801 0.27728
vt 0.72238 0.25422
vt 0.69801 0.27728
vt 0.68542 0.24363
vt 0.04809 0.26324
vt 0.03812 0.25126
vt 0.04912 0.25027
vt 0.73159 0.23339
vt 0.72606 0.22257
vt 0.73105 0.22776
vt 0.71747 0.22782
vt 0.72606 0.22257
vt 0.72238 0.25422
vt 0.73159 0.23339
vt 0.72238 0.25422
vt 0.72606 0.22257
vt 0.04302 0.26458
vt 0.04809 0.26324
vt 0.04422 0.27246
vt 0.68542 0.24363
vt 0.69801 0.27728
vt 0.69401 0.29474
vt 0.69401 0.29474
vt 0.66075 0.25373
vt 0.68542 0.24363
vt 0.66075 0.25373
vt 0.69401 0.29474
vt 0.67513 0.30423
vt 0.65027 0.33251
vt 0.65188 0.34321
vt 0.62861 0.34833
vt 0.71329 0.34079
vt 0.70830 0.34424
vt 0.71149 0.33521
vt 0.69331 0.35632
vt 0.70866 0.35666
vt 0.70564 0.36448
vt 0.06028 0.37914
vt 0.05880 0.39691
vt 0.05181 0.38433
vt 0.06015 0.36652
vt 0.06950 0.36101
vt 0.06519 0.37307
vt 0.65188 0.34321
vt 0.66286 0.32674
vt 0.66583 0.34184
vt 0.67885 0.32307
vt 0.66583 0.34184
vt 0.66286 0.32674
vt 0.65287 0.27325
vt 0.67513 0.30423
vt 0.66523 0.30847
vt 0.71596 0.29247
vt 0.70886 0.30228
vt 0.71256 0.28576
vt 0.71503 0.29607
vt 0.70886 0.30228
vt 0.71596 0.29247
vt 0.71596 0.29247
vt 0.71256 0.28576
vt 0.71563 0.28516
vt 0.69205 0.31758
vt 0.70886 0.30228
vt 0.70629 0.31903
vt 0.06711 0.29470
vt 0.05275 0.32599
vt 0.04926 0.32057
vt 0.04864 0.29710
vt 0.06711 0.29470
vt 0.04926 0.32057
vt 0.04584 0.30942
vt 0.04864 0.29710
vt 0.04926 0.32057
vt 0.69401 0.29474
vt 0.70886 0.30228
vt 0.69205 0.31758
vt 0.70886 0.30228
vt 0.69401 0.29474
vt 0.71256 0.28576
vt 0.05275 0.32599
vt 0.05250 0.34435
vt 0.04503 0.33290
vt 0.69331 0.35632
vt 0.68495 0.35995
vt 0.70830 0.34424
vt 0.68495 0.35995
vt 0.68293 0.35047
vt 0.70830 0.34424
vt 0.70830 0.34424
vt 0.70866 0.35666
vt 0.69331 0.35632
vt 0.05250 0.34435
vt 0.06749 0.34692
vt 0.05486 0.36396
vt 0.71149 0.33521
vt 0.70830 0.34424
vt 0.69205 0.31758
vt 0.69205 0.31758
vt 0.70629 0.31903
vt 0.71149 0.33521
vt 0.05486 0.36396
vt 0.06749 0.34692
vt 0.06015 0.36652
vt 0.07388 0.32513
vt 0.05250 0.34435
vt 0.05275 0.32599
vt 0.05250 0.34435
vt 0.07388 0.32513
vt 0.06749 0.34692
vt 0.07388 0.32513
vt 0.05275 0.32599
vt 0.06711 0.29470
vt 0.06749 0.34692
vt 0.06950 0.36101
vt 0.06015 0.36652
vt 0.06749 0.34692
vt 0.08098 0.33977
vt 0.06950 0.36101
vt 0.08383 0.35220
vt 0.06519 0.37307
vt 0.06950 0.36101
vt 0.69205 0.31758
vt 0.67885 0.32307
vt 0.67513 0.30423
vt 0.69205 0.31758
vt 0.68293 0.35047
vt 0.67885 0.32307
vt 0.06015 0.36652
vt 0.06519 0.37307
vt 0.06028 0.37914
vt 0.68293 0.35047
vt 0.69205 0.31758
vt 0.70830 0.34424
vt 0.08968 0.39226
vt 0.06519 0.37307
vt 0.08383 0.35220
vt 0.06028 0.37914
vt 0.06519 0.37307
vt 0.08968 0.39226
vt 0.05412 0.37502
vt 0.06015 0.36652
vt 0.06028 0.37914
vt 0.05181 0.38433
vt 0.05880 0.39691
vt 0.05183 0.39839
vt 0.09629 0.34889
vt 0.08383 0.35220
vt 0.08098 0.33977
vt 0.08098 0.33977
vt 0.10979 0.34124
vt 0.09629 0.34889
vt 0.08098 0.33977
vt 0.11550 0.32295
vt 0.10979 0.34124
vt 0.12992 0.32891
vt 0.14891 0.33855
vt 0.15230 0.36119
vt 0.06749 0.34692
vt 0.07388 0.32513
vt 0.08098 0.33977
vt 0.13318 0.37349
vt 0.11803 0.33787
vt 0.12992 0.32891
vt 0.08968 0.39226
vt 0.13318 0.37349
vt 0.12321 0.39142
vt 0.15724 0.31625
vt 0.18593 0.36215
vt 0.16456 0.34101
vt 0.15784 0.38276
vt 0.18593 0.36215
vt 0.18521 0.41430
vt 0.11803 0.33787
vt 0.10979 0.34124
vt 0.11550 0.32295
vt 0.15784 0.38276
vt 0.14814 0.39165
vt 0.14756 0.37803
vt 0.12992 0.32891
vt 0.14281 0.31824
vt 0.14891 0.33855
vt 0.16456 0.34101
vt 0.14891 0.33855
vt 0.14281 0.31824
vt 0.15724 0.31625
vt 0.16456 0.34101
vt 0.14281 0.31824
vt 0.14756 0.37803
vt 0.13318 0.37349
vt 0.12992 0.32891
vt 0.11754 0.40021
vt 0.10436 0.40729
vt 0.09383 0.39676
vt 0.14311 0.38802
vt 0.13318 0.37349
vt 0.14756 0.37803
vt 0.13122 0.39000
vt 0.12321 0.39142
vt 0.13318 0.37349
vt 0.06950 0.36101
vt 0.08098 0.33977
vt 0.08383 0.35220
vt 0.14756 0.37803
vt 0.14814 0.39165
vt 0.14311 0.38802
vt 0.13318 0.37349
vt 0.14311 0.38802
vt 0.13122 0.39000
vt 0.12321 0.39142
vt 0.11754 0.40021
vt 0.08968 0.39226
vt 0.11754 0.40021
vt 0.09383 0.39676
vt 0.08968 0.39226
vt 0.11803 0.33787
vt 0.11550 0.32295
vt 0.12280 0.31982
vt 0.12280 0.31982
vt 0.12992 0.32891
vt 0.11803 0.33787
vt 0.15784 0.38276
vt 0.15230 0.36119
vt 0.18593 0.36215
vt 0.14756 0.37803
vt 0.15230 0.36119
vt 0.15784 0.38276
vt 0.18593 0.36215
vt 0.15724 0.31625
vt 0.17830 0.31938
vt 0.16456 0.34101
vt 0.18593 0.36215
vt 0.15230 0.36119
vt 0.13318 0.37349
vt 0.09629 0.34889
vt 0.10979 0.34124
vt 0.08968 0.39226
vt 0.08383 0.35220
vt 0.13318 0.37349
vt 0.08383 0.35220
vt 0.09629 0.34889
vt 0.13318 0.37349
vt 0.10979 0.34124
vt 0.11803 0.33787
vt 0.13318 0.37349
vt 0.14891 0.33855
vt 0.16456 0.34101
vt 0.15230 0.36119
vt 0.12992 0.32891
vt 0.15230 0.36119
vt 0.14756 0.37803
vt 0.14814 0.39165
vt 0.11754 0.40021
vt 0.13122 0.39000
vt 0.20341 0.38896
vt 0.18593 0.36215
vt 0.20449 0.36390
vt 0.10933 0.17223
vt 0.10902 0.18523
vt 0.08592 0.16123
vt 0.08592 0.16123
vt 0.10902 0.18523
vt 0.07280 0.17648
vt 0.07280 0.17648
vt 0.10902 0.18523
vt 0.09641 0.20128
vt 0.10943 0.22633
vt 0.11940 0.24861
vt 0.10907 0.25500
vt 0.11940 0.24861
vt 0.10943 0.22633
vt 0.12952 0.23549
vt 0.12952 0.23549
vt 0.16741 0.20174
vt 0.16735 0.23670
vt 0.10902 0.18523
vt 0.11602 0.17541
vt 0.12111 0.20925
vt 0.13435 0.20832
vt 0.12111 0.20925
vt 0.11602 0.17541
vt 0.07280 0.17648
vt 0.09641 0.20128
vt 0.09761 0.23110
vt 0.10429 0.21136
vt 0.12111 0.20925
vt 0.12199 0.22276
vt 0.12199 0.22276
vt 0.10943 0.22633
vt 0.10429 0.21136
vt 0.12952 0.23549
vt 0.10943 0.22633
vt 0.12199 0.22276
vt 0.12111 0.20925
vt 0.11449 0.20421
vt 0.10902 0.18523
vt 0.09641 0.20128
vt 0.10902 0.18523
vt 0.11449 0.20421
vt 0.11449 0.20421
vt 0.10429 0.21136
vt 0.09641 0.20128
vt 0.10429 0.21136
vt 0.10943 0.22633
vt 0.09641 0.20128
vt 0.10429 0.21136
vt 0.11449 0.20421
vt 0.12111 0.20925
vt 0.10943 0.22633
vt 0.09761 0.23110
vt 0.09641 0.20128
vt 0.12952 0.23549
vt 0.13435 0.20832
vt 0.16741 0.20174
vt 0.12199 0.22276
vt 0.13435 0.20832
vt 0.12952 0.23549
vt 0.12199 0.22276
vt 0.12111 0.20925
vt 0.13435 0.20832
vt 0.09761 0.23110
vt 0.10943 0.22633
vt 0.10907 0.25500
vt 0.16741 0.20174
vt 0.13435 0.20832
vt 0.12584 0.15651
vt 0.11602 0.17541
vt 0.12584 0.15651
vt 0.13435 0.20832
vt 0.10902 0.18523
vt 0.10933 0.17223
vt 0.11602 0.17541
vt 0.10933 0.17223
vt 0.11288 0.14103
vt 0.11602 0.17541
vt 0.11288 0.14103
vt 0.12584 0.15651
vt 0.11602 0.17541
vt 0.16741 0.20174
vt 0.12584 0.15651
vt 0.14417 0.16463
vt 0.07280 0.17648
vt 0.06032 0.15953
vt 0.08592 0.16123
vt 0.03894 0.22894
vt 0.03467 0.21174
vt 0.04127 0.22368
vt 0.68542 0.24363
vt 0.70839 0.19127
vt 0.71747 0.22782
vt 0.04127 0.22368
vt 0.03467 0.21174
vt 0.03741 0.20848
vt 0.71892 0.18460
vt 0.71815 0.20097
vt 0.70839 0.19127
vt 0.04368 0.16102
vt 0.03407 0.17775
vt 0.02799 0.16338
vt 0.03741 0.20848
vt 0.05751 0.20343
vt 0.04127 0.22368
vt 0.04912 0.25027
vt 0.04127 0.22368
vt 0.07816 0.26942
vt 0.72016 0.17652
vt 0.71892 0.18460
vt 0.70185 0.16539
vt 0.72016 0.17652
vt 0.70185 0.16539
vt 0.71955 0.17273
vt 0.71578 0.15480
vt 0.72009 0.15782
vt 0.71955 0.17273
vt 0.05751 0.20343
vt 0.03741 0.20848
vt 0.04373 0.18812
vt 0.04373 0.18812
vt 0.03741 0.20848
vt 0.03439 0.19719
vt 0.03314 0.20228
vt 0.03741 0.20848
vt 0.03467 0.21174
vt 0.70185 0.16539
vt 0.71892 0.18460
vt 0.70839 0.19127
vt 0.05751 0.20343
vt 0.04373 0.18812
vt 0.06027 0.17539
vt 0.04368 0.16102
vt 0.06027 0.17539
vt 0.04373 0.18812
vt 0.07816 0.26942
vt 0.04127 0.22368
vt 0.05751 0.20343
vt 0.04368 0.16102
vt 0.04373 0.18812
vt 0.03407 0.17775
vt 0.03439 0.19719
vt 0.03407 0.17775
vt 0.04373 0.18812
vt 0.07280 0.17648
vt 0.09761 0.23110
vt 0.06027 0.17539
vt 0.71955 0.17273
vt 0.70185 0.16539
vt 0.71578 0.15480
vt 0.05751 0.20343
vt 0.06027 0.17539
vt 0.09761 0.23110
vt 0.09761 0.23110
vt 0.07816 0.26942
vt 0.05751 0.20343
vt 0.04912 0.25027
vt 0.03894 0.22894
vt 0.04127 0.22368
vt 0.04912 0.25027
vt 0.03812 0.25126
vt 0.04137 0.24379
vt 0.04912 0.25027
vt 0.04137 0.24379
vt 0.03894 0.22894
vt 0.70839 0.19127
vt 0.72233 0.21354
vt 0.71747 0.22782
vt 0.72606 0.22257
vt 0.71747 0.22782
vt 0.72233 0.21354
vt 0.06032 0.15953
vt 0.06027 0.17539
vt 0.04368 0.16102
vt 0.03439 0.19719
vt 0.03741 0.20848
vt 0.03314 0.20228
vt 0.06032 0.15953
vt 0.07280 0.17648
vt 0.06027 0.17539
vt 0.71815 0.20097
vt 0.72233 0.21354
vt 0.70839 0.19127
vt 0.08779 0.10808
vt 0.07235 0.09622
vt 0.09833 0.08708
vt 0.11288 0.14103
vt 0.10933 0.17223
vt 0.08779 0.10808
vt 0.08779 0.10808
vt 0.10518 0.11045
vt 0.11288 0.14103
vt 0.03201 0.11935
vt 0.06441 0.12614
vt 0.06032 0.15953
vt 0.10518 0.11045
vt 0.11447 0.12254
vt 0.11288 0.14103
vt 0.10518 0.11045
vt 0.11097 0.10596
vt 0.11447 0.12254
vt 0.08779 0.10808
vt 0.10933 0.17223
vt 0.08592 0.16123
vt 0.11288 0.14103
vt 0.11447 0.12254
vt 0.12584 0.15651
vt 0.08779 0.10808
vt 0.06441 0.12614
vt 0.07235 0.09622
vt 0.10518 0.11045
vt 0.08779 0.10808
vt 0.09833 0.08708
vt 0.08592 0.16123
vt 0.06032 0.15953
vt 0.06441 0.12614
vt 0.06441 0.12614
vt 0.08779 0.10808
vt 0.08592 0.16123
vt 0.21086 0.93619
vt 0.21843 0.91296
vt 0.22898 0.93304
vt 0.27743 0.97303
vt 0.28083 0.98300
vt 0.26332 0.97495
vt 0.24183 0.56654
vt 0.23653 0.56045
vt 0.24164 0.54442
vt 0.25431 0.97300
vt 0.26332 0.97495
vt 0.25732 0.97816
vt 0.25732 0.97816
vt 0.24781 0.98478
vt 0.25431 0.97300
vt 0.24370 0.97896
vt 0.23607 0.95444
vt 0.25431 0.97300
vt 0.23598 0.59473
vt 0.23492 0.58078
vt 0.24183 0.56654
vt 0.24370 0.97896
vt 0.25431 0.97300
vt 0.24781 0.98478
vt 0.24370 0.97896
vt 0.24781 0.98478
vt 0.23836 0.98968
vt 0.25283 0.48782
vt 0.25684 0.47726
vt 0.26288 0.48561
vt 0.32202 0.47844
vt 0.33879 0.49312
vt 0.29637 0.49267
vt 0.25817 0.49772
vt 0.26193 0.49792
vt 0.25426 0.50599
vt 0.33879 0.49312
vt 0.32837 0.52719
vt 0.29637 0.49267
vt 0.30657 0.56202
vt 0.27134 0.54326
vt 0.28015 0.52801
vt 0.28734 0.95422
vt 0.26845 0.95422
vt 0.27944 0.94793
vt 0.28937 0.93821
vt 0.27944 0.94793
vt 0.26850 0.93239
vt 0.27944 0.94793
vt 0.28937 0.93821
vt 0.28734 0.95422
vt 0.28392 0.91795
vt 0.28937 0.93821
vt 0.26850 0.93239
vt 0.31363 0.93331
vt 0.28937 0.93821
vt 0.28392 0.91795
vt 0.28937 0.93821
vt 0.31363 0.93331
vt 0.28734 0.95422
vt 0.31363 0.93331
vt 0.28392 0.91795
vt 0.31604 0.91240
vt 0.28210 0.96996
vt 0.26845 0.95422
vt 0.28734 0.95422
vt 0.26845 0.95422
vt 0.28210 0.96996
vt 0.27743 0.97303
vt 0.25986 0.53377
vt 0.27134 0.54326
vt 0.25069 0.54134
vt 0.29163 0.97310
vt 0.28210 0.96996
vt 0.29482 0.96689
vt 0.27134 0.54326
vt 0.25986 0.53377
vt 0.26439 0.52968
vt 0.27134 0.54326
vt 0.26439 0.52968
vt 0.28015 0.52801
vt 0.29647 0.97814
vt 0.29163 0.97310
vt 0.29674 0.97173
vt 0.29674 0.97173
vt 0.29163 0.97310
vt 0.29482 0.96689
vt 0.29482 0.96689
vt 0.28210 0.96996
vt 0.28734 0.95422
vt 0.31623 0.96180
vt 0.29482 0.96689
vt 0.28734 0.95422
vt 0.26305 0.51994
vt 0.28015 0.52801
vt 0.26439 0.52968
vt 0.29482 0.96689
vt 0.30254 0.96572
vt 0.29674 0.97173
vt 0.31623 0.96180
vt 0.30254 0.96572
vt 0.29482 0.96689
vt 0.26305 0.51994
vt 0.27740 0.49745
vt 0.28015 0.52801
vt 0.26305 0.51994
vt 0.26193 0.49792
vt 0.27740 0.49745
vt 0.27740 0.49745
vt 0.32837 0.52719
vt 0.28015 0.52801
vt 0.33309 0.95171
vt 0.33354 0.95863
vt 0.32451 0.96010
vt 0.32451 0.96010
vt 0.31623 0.96180
vt 0.33309 0.95171
vt 0.25817 0.49772
vt 0.25283 0.48782
vt 0.26288 0.48561
vt 0.26193 0.49792
vt 0.25817 0.49772
vt 0.26288 0.48561
vt 0.26193 0.49792
vt 0.26288 0.48561
vt 0.27740 0.49745
vt 0.26288 0.48561
vt 0.29637 0.49267
vt 0.27740 0.49745
vt 0.27221 0.47760
vt 0.29637 0.49267
vt 0.26288 0.48561
vt 0.33309 0.95171
vt 0.34263 0.95619
vt 0.33354 0.95863
vt 0.26288 0.48561
vt 0.25684 0.47726
vt 0.26596 0.47588
vt 0.33879 0.49312
vt 0.38030 0.51810
vt 0.35911 0.51597
vt 0.37979 0.48225
vt 0.38030 0.51810
vt 0.33879 0.49312
vt 0.37979 0.48225
vt 0.38966 0.50004
vt 0.38030 0.51810
vt 0.33879 0.49312
vt 0.33589 0.46647
vt 0.36368 0.47080
vt 0.37979 0.48225
vt 0.33879 0.49312
vt 0.36368 0.47080
vt 0.38938 0.48214
vt 0.38966 0.50004
vt 0.37979 0.48225
vt 0.38030 0.51810
vt 0.36034 0.55683
vt 0.35911 0.51597
vt 0.35911 0.51597
vt 0.32837 0.52719
vt 0.33879 0.49312
vt 0.35911 0.51597
vt 0.36034 0.55683
vt 0.32837 0.52719
vt 0.36034 0.55683
vt 0.32938 0.54830
vt 0.32837 0.52719
vt 0.23607 0.95444
vt 0.26845 0.95422
vt 0.25431 0.97300
vt 0.23984 0.93538
vt 0.23607 0.95444
vt 0.21814 0.94374
vt 0.23607 0.95444
vt 0.23984 0.93538
vt 0.26845 0.95422
vt 0.26332 0.97495
vt 0.26845 0.95422
vt 0.27743 0.97303
vt 0.26845 0.95422
vt 0.26332 0.97495
vt 0.25431 0.97300
vt 0.23984 0.93538
vt 0.26850 0.93239
vt 0.26845 0.95422
vt 0.31623 0.96180
vt 0.31363 0.93331
vt 0.33309 0.95171
vt 0.26850 0.93239
vt 0.27944 0.94793
vt 0.26845 0.95422
vt 0.31604 0.91240
vt 0.28392 0.91795
vt 0.29252 0.90726
vt 0.31363 0.93331
vt 0.31623 0.96180
vt 0.28734 0.95422
vt 0.29252 0.90726
vt 0.31166 0.90143
vt 0.31604 0.91240
vt 0.31604 0.91240
vt 0.32548 0.91280
vt 0.31363 0.93331
vt 0.31166 0.90143
vt 0.32548 0.91280
vt 0.31604 0.91240
vt 0.32548 0.91280
vt 0.33205 0.92931
vt 0.31363 0.93331
vt 0.33916 0.93862
vt 0.33309 0.95171
vt 0.31363 0.93331
vt 0.24164 0.54442
vt 0.25069 0.54134
vt 0.24183 0.56654
vt 0.29163 0.97310
vt 0.27743 0.97303
vt 0.28210 0.96996
vt 0.29637 0.49267
vt 0.32837 0.52719
vt 0.27740 0.49745
vt 0.41644 0.49136
vt 0.40218 0.49530
vt 0.39955 0.48876
vt 0.30657 0.56202
vt 0.32938 0.54830
vt 0.36034 0.55683
vt 0.30657 0.56202
vt 0.36034 0.55683
vt 0.31956 0.57615
vt 0.30657 0.56202
vt 0.31956 0.57615
vt 0.30960 0.58032
vt 0.29844 0.57708
vt 0.30960 0.58032
vt 0.30536 0.58959
vt 0.30657 0.56202
vt 0.30960 0.58032
vt 0.29844 0.57708
vt 0.30960 0.58032
vt 0.31956 0.57615
vt 0.30536 0.58959
vt 0.38966 0.50004
vt 0.39955 0.48876
vt 0.40218 0.49530
vt 0.40218 0.49530
vt 0.40920 0.51062
vt 0.38966 0.50004
vt 0.40920 0.51062
vt 0.39815 0.52130
vt 0.38966 0.50004
vt 0.38966 0.50004
vt 0.39815 0.52130
vt 0.38030 0.51810
vt 0.27337 0.59102
vt 0.27134 0.54326
vt 0.30657 0.56202
vt 0.25069 0.54134
vt 0.27134 0.54326
vt 0.27337 0.59102
vt 0.27337 0.59102
vt 0.30657 0.56202
vt 0.29844 0.57708
vt 0.25069 0.54134
vt 0.27337 0.59102
vt 0.24183 0.56654
vt 0.23598 0.59473
vt 0.24183 0.56654
vt 0.27337 0.59102
vt 0.28392 0.91795
vt 0.26850 0.93239
vt 0.25396 0.92152
vt 0.26850 0.93239
vt 0.23984 0.93538
vt 0.25396 0.92152
vt 0.25396 0.92152
vt 0.23984 0.93538
vt 0.22898 0.93304
vt 0.23323 0.90635
vt 0.25396 0.92152
vt 0.22898 0.93304
vt 0.21843 0.91296
vt 0.23323 0.90635
vt 0.22898 0.93304
vt 0.22898 0.93304
vt 0.23984 0.93538
vt 0.21814 0.94374
vt 0.29163 0.97310
vt 0.28083 0.98300
vt 0.27743 0.97303
vt 0.29163 0.97310
vt 0.29647 0.97814
vt 0.28758 0.98600
vt 0.28015 0.52801
vt 0.32837 0.52719
vt 0.32938 0.54830
vt 0.28015 0.52801
vt 0.32938 0.54830
vt 0.30657 0.56202
vt 0.29844 0.57708
vt 0.30536 0.58959
vt 0.27337 0.59102
vt 0.25426 0.50599
vt 0.26193 0.49792
vt 0.26305 0.51994
vt 0.38966 0.50004
vt 0.38938 0.48214
vt 0.39955 0.48876
vt 0.49280 0.32960
vt 0.51459 0.33358
vt 0.49596 0.34802
vt 0.42780 0.92051
vt 0.41174 0.91622
vt 0.44282 0.91465
vt 0.32217 0.46982
vt 0.33589 0.46647
vt 0.32202 0.47844
vt 0.42780 0.92051
vt 0.44282 0.91465
vt 0.44223 0.91939
vt 0.24517 0.31897
vt 0.25789 0.31825
vt 0.24534 0.33431
vt 0.41174 0.91622
vt 0.45220 0.90149
vt 0.44282 0.91465
vt 0.25789 0.31825
vt 0.24517 0.31897
vt 0.24667 0.31378
vt 0.33916 0.93862
vt 0.33205 0.92931
vt 0.35645 0.92286
vt 0.33916 0.93862
vt 0.35645 0.92286
vt 0.36670 0.93803
vt 0.37245 0.90889
vt 0.35645 0.92286
vt 0.34410 0.91132
vt 0.41602 0.90363
vt 0.41174 0.91622
vt 0.39801 0.90487
vt 0.41602 0.90363
vt 0.39801 0.90487
vt 0.39910 0.89590
vt 0.26395 0.36313
vt 0.24562 0.36622
vt 0.24249 0.35342
vt 0.27426 0.37554
vt 0.24562 0.36622
vt 0.26395 0.36313
vt 0.27426 0.37554
vt 0.24725 0.37738
vt 0.24562 0.36622
vt 0.26395 0.36313
vt 0.24249 0.35342
vt 0.24620 0.34912
vt 0.27472 0.34967
vt 0.26395 0.36313
vt 0.24620 0.34912
vt 0.27426 0.37554
vt 0.26395 0.36313
vt 0.27903 0.35636
vt 0.27472 0.34967
vt 0.27903 0.35636
vt 0.26395 0.36313
vt 0.27736 0.41820
vt 0.30676 0.40412
vt 0.29261 0.42168
vt 0.32272 0.42956
vt 0.29261 0.42168
vt 0.30676 0.40412
vt 0.27736 0.41820
vt 0.29072 0.40118
vt 0.30676 0.40412
vt 0.27179 0.40559
vt 0.29072 0.40118
vt 0.27736 0.41820
vt 0.29072 0.40118
vt 0.28938 0.38942
vt 0.30676 0.40412
vt 0.39845 0.88579
vt 0.43716 0.88878
vt 0.39910 0.89590
vt 0.39845 0.88579
vt 0.39835 0.87708
vt 0.41862 0.87284
vt 0.43716 0.88878
vt 0.39845 0.88579
vt 0.43959 0.88004
vt 0.28019 0.33051
vt 0.27472 0.34967
vt 0.25789 0.31825
vt 0.43959 0.88004
vt 0.44627 0.88503
vt 0.43716 0.88878
vt 0.49596 0.34802
vt 0.48977 0.35340
vt 0.49280 0.32960
vt 0.43959 0.88004
vt 0.39845 0.88579
vt 0.41862 0.87284
vt 0.25789 0.31825
vt 0.24667 0.31378
vt 0.24991 0.29983
vt 0.30654 0.33736
vt 0.29984 0.34845
vt 0.27472 0.34967
vt 0.45516 0.91531
vt 0.44282 0.91465
vt 0.45220 0.90149
vt 0.34491 0.89961
vt 0.33263 0.90353
vt 0.32796 0.89453
vt 0.33263 0.90353
vt 0.33643 0.91048
vt 0.32548 0.91280
vt 0.31007 0.34925
vt 0.31800 0.33227
vt 0.32131 0.34499
vt 0.33205 0.92931
vt 0.33916 0.93862
vt 0.31363 0.93331
vt 0.39844 0.93384
vt 0.39075 0.92971
vt 0.41174 0.91622
vt 0.28019 0.33051
vt 0.27310 0.31745
vt 0.29571 0.31641
vt 0.42780 0.92051
vt 0.41466 0.92114
vt 0.41174 0.91622
vt 0.41174 0.91622
vt 0.41466 0.92114
vt 0.41284 0.92497
vt 0.41284 0.92497
vt 0.39844 0.93384
vt 0.41174 0.91622
vt 0.32214 0.39092
vt 0.32740 0.40142
vt 0.31330 0.38958
vt 0.32885 0.39163
vt 0.32740 0.40142
vt 0.32214 0.39092
vt 0.32740 0.40142
vt 0.32885 0.39163
vt 0.34120 0.40395
vt 0.31330 0.38958
vt 0.32907 0.38548
vt 0.32214 0.39092
vt 0.33354 0.37293
vt 0.32907 0.38548
vt 0.31330 0.38958
vt 0.32907 0.38548
vt 0.35850 0.38102
vt 0.35357 0.39450
vt 0.32907 0.38548
vt 0.32885 0.39163
vt 0.32214 0.39092
vt 0.32907 0.38548
vt 0.35357 0.39450
vt 0.34120 0.40395
vt 0.32907 0.38548
vt 0.34120 0.40395
vt 0.32885 0.39163
vt 0.28665 0.46359
vt 0.27221 0.47760
vt 0.26796 0.46520
vt 0.26796 0.46520
vt 0.24856 0.45184
vt 0.28085 0.45392
vt 0.28085 0.45392
vt 0.28665 0.46359
vt 0.26796 0.46520
vt 0.28665 0.46359
vt 0.29637 0.49267
vt 0.27221 0.47760
vt 0.32202 0.47844
vt 0.29637 0.49267
vt 0.28665 0.46359
vt 0.27179 0.40559
vt 0.27736 0.41820
vt 0.24760 0.41159
vt 0.25193 0.39450
vt 0.27426 0.37554
vt 0.27290 0.39062
vt 0.27290 0.39062
vt 0.27179 0.40559
vt 0.25193 0.39450
vt 0.29072 0.40118
vt 0.27179 0.40559
vt 0.27290 0.39062
vt 0.28085 0.45392
vt 0.24856 0.45184
vt 0.28149 0.44070
vt 0.25388 0.42534
vt 0.28149 0.44070
vt 0.24856 0.45184
vt 0.25388 0.42534
vt 0.27736 0.41820
vt 0.28149 0.44070
vt 0.27736 0.41820
vt 0.29261 0.42168
vt 0.28149 0.44070
vt 0.28019 0.33051
vt 0.30654 0.33736
vt 0.27472 0.34967
vt 0.28019 0.33051
vt 0.25789 0.31825
vt 0.27310 0.31745
vt 0.28665 0.46359
vt 0.28085 0.45392
vt 0.29805 0.45628
vt 0.28149 0.44070
vt 0.29805 0.45628
vt 0.28085 0.45392
vt 0.32202 0.47844
vt 0.28665 0.46359
vt 0.29805 0.45628
vt 0.27221 0.47760
vt 0.26596 0.47588
vt 0.26796 0.46520
vt 0.43716 0.88878
vt 0.45220 0.90149
vt 0.41602 0.90363
vt 0.41602 0.90363
vt 0.39910 0.89590
vt 0.43716 0.88878
vt 0.41174 0.91622
vt 0.41602 0.90363
vt 0.45220 0.90149
vt 0.41174 0.91622
vt 0.39075 0.92971
vt 0.39801 0.90487
vt 0.39801 0.90487
vt 0.37573 0.90127
vt 0.39910 0.89590
vt 0.39801 0.90487
vt 0.37245 0.90889
vt 0.37573 0.90127
vt 0.39801 0.90487
vt 0.37500 0.91673
vt 0.37245 0.90889
vt 0.39075 0.92971
vt 0.37500 0.91673
vt 0.39801 0.90487
vt 0.37565 0.89530
vt 0.39845 0.88579
vt 0.39910 0.89590
vt 0.39844 0.93384
vt 0.40707 0.94639
vt 0.39933 0.94811
vt 0.23968 0.41840
vt 0.27736 0.41820
vt 0.25388 0.42534
vt 0.33643 0.91048
vt 0.33205 0.92931
vt 0.32548 0.91280
vt 0.24760 0.41159
vt 0.27736 0.41820
vt 0.23968 0.41840
vt 0.34410 0.91132
vt 0.33205 0.92931
vt 0.33643 0.91048
vt 0.35645 0.92286
vt 0.33205 0.92931
vt 0.34410 0.91132
vt 0.31040 0.36210
vt 0.33354 0.37293
vt 0.30123 0.37756
vt 0.31007 0.34925
vt 0.29984 0.34845
vt 0.30654 0.33736
vt 0.31040 0.36210
vt 0.32893 0.34832
vt 0.33354 0.37293
vt 0.29571 0.31641
vt 0.30654 0.33736
vt 0.28019 0.33051
vt 0.29571 0.31641
vt 0.31800 0.33227
vt 0.30654 0.33736
vt 0.27472 0.34967
vt 0.24620 0.34912
vt 0.25789 0.31825
vt 0.25789 0.31825
vt 0.24620 0.34912
vt 0.24534 0.33431
vt 0.23690 0.36369
vt 0.24249 0.35342
vt 0.24562 0.36622
vt 0.32217 0.46982
vt 0.32202 0.47844
vt 0.29805 0.45628
vt 0.32217 0.46982
vt 0.29805 0.45628
vt 0.34760 0.45167
vt 0.34760 0.45167
vt 0.29805 0.45628
vt 0.32272 0.42956
vt 0.32740 0.40142
vt 0.32777 0.41802
vt 0.30676 0.40412
vt 0.30676 0.40412
vt 0.32777 0.41802
vt 0.32272 0.42956
vt 0.32777 0.41802
vt 0.32740 0.40142
vt 0.34120 0.40395
vt 0.29072 0.40118
vt 0.27290 0.39062
vt 0.28938 0.38942
vt 0.28938 0.38942
vt 0.30903 0.39554
vt 0.30676 0.40412
vt 0.28938 0.38942
vt 0.30123 0.37756
vt 0.30903 0.39554
vt 0.29805 0.45628
vt 0.28149 0.44070
vt 0.32272 0.42956
vt 0.32272 0.42956
vt 0.28149 0.44070
vt 0.29261 0.42168
vt 0.32202 0.47844
vt 0.33589 0.46647
vt 0.33879 0.49312
vt 0.35954 0.89734
vt 0.37565 0.89530
vt 0.37573 0.90127
vt 0.37573 0.90127
vt 0.37565 0.89530
vt 0.39910 0.89590
vt 0.27903 0.35636
vt 0.29984 0.34845
vt 0.30123 0.37756
vt 0.27903 0.35636
vt 0.27472 0.34967
vt 0.29984 0.34845
vt 0.30123 0.37756
vt 0.29984 0.34845
vt 0.31040 0.36210
vt 0.31040 0.36210
vt 0.29984 0.34845
vt 0.31007 0.34925
vt 0.40707 0.94639
vt 0.39844 0.93384
vt 0.40743 0.93541
vt 0.27179 0.40559
vt 0.24760 0.41159
vt 0.25193 0.39450
vt 0.24760 0.41159
vt 0.23913 0.40831
vt 0.25193 0.39450
vt 0.39933 0.94811
vt 0.39075 0.92971
vt 0.39844 0.93384
vt 0.23506 0.39985
vt 0.23641 0.39199
vt 0.25193 0.39450
vt 0.39075 0.92971
vt 0.39933 0.94811
vt 0.38888 0.94528
vt 0.31330 0.38958
vt 0.30903 0.39554
vt 0.30123 0.37756
vt 0.23913 0.40831
vt 0.23506 0.39985
vt 0.25193 0.39450
vt 0.25388 0.42534
vt 0.24856 0.45184
vt 0.23968 0.41840
vt 0.31007 0.34925
vt 0.30654 0.33736
vt 0.31800 0.33227
vt 0.35954 0.89734
vt 0.34491 0.89961
vt 0.33820 0.89107
vt 0.35954 0.89734
vt 0.34410 0.91132
vt 0.34491 0.89961
vt 0.32796 0.89453
vt 0.33820 0.89107
vt 0.34491 0.89961
vt 0.33643 0.91048
vt 0.34491 0.89961
vt 0.34410 0.91132
vt 0.26596 0.47588
vt 0.25684 0.47726
vt 0.26796 0.46520
vt 0.34491 0.89961
vt 0.33643 0.91048
vt 0.33263 0.90353
vt 0.36670 0.93803
vt 0.34263 0.95619
vt 0.33916 0.93862
vt 0.26596 0.47588
vt 0.27221 0.47760
vt 0.26288 0.48561
vt 0.33916 0.93862
vt 0.34263 0.95619
vt 0.33309 0.95171
vt 0.24760 0.41159
vt 0.23968 0.41840
vt 0.23913 0.40831
vt 0.26796 0.46520
vt 0.25684 0.47726
vt 0.24856 0.45184
vt 0.36670 0.93803
vt 0.36824 0.95734
vt 0.34263 0.95619
vt 0.31330 0.38958
vt 0.30123 0.37756
vt 0.33354 0.37293
vt 0.30903 0.39554
vt 0.32740 0.40142
vt 0.30676 0.40412
vt 0.31330 0.38958
vt 0.32740 0.40142
vt 0.30903 0.39554
vt 0.33589 0.46647
vt 0.32217 0.46982
vt 0.34760 0.45167
vt 0.23645 0.37828
vt 0.24562 0.36622
vt 0.24725 0.37738
vt 0.41261 0.94710
vt 0.40707 0.94639
vt 0.40743 0.93541
vt 0.23763 0.38442
vt 0.24725 0.37738
vt 0.25193 0.39450
vt 0.24725 0.37738
vt 0.23763 0.38442
vt 0.23645 0.37828
vt 0.39299 0.86492
vt 0.39835 0.87708
vt 0.37307 0.88496
vt 0.39623 0.86842
vt 0.39835 0.87708
vt 0.39299 0.86492
vt 0.49881 0.30989
vt 0.49138 0.30740
vt 0.49294 0.30260
vt 0.39623 0.86842
vt 0.41862 0.87284
vt 0.39835 0.87708
vt 0.27426 0.37554
vt 0.25193 0.39450
vt 0.24725 0.37738
vt 0.49138 0.30740
vt 0.49881 0.30989
vt 0.49280 0.32960
vt 0.28938 0.38942
vt 0.27290 0.39062
vt 0.27426 0.37554
vt 0.30123 0.37756
vt 0.28938 0.38942
vt 0.27426 0.37554
vt 0.27903 0.35636
vt 0.30123 0.37756
vt 0.27426 0.37554
vt 0.36824 0.95734
vt 0.36670 0.93803
vt 0.38888 0.94528
vt 0.38888 0.94528
vt 0.40262 0.95799
vt 0.36824 0.95734
vt 0.40042 0.95092
vt 0.40262 0.95799
vt 0.38888 0.94528
vt 0.36670 0.93803
vt 0.39075 0.92971
vt 0.38888 0.94528
vt 0.35645 0.92286
vt 0.37245 0.90889
vt 0.37500 0.91673
vt 0.36670 0.93803
vt 0.35645 0.92286
vt 0.37500 0.91673
vt 0.39845 0.88579
vt 0.37565 0.89530
vt 0.37307 0.88496
vt 0.39075 0.92971
vt 0.36670 0.93803
vt 0.37500 0.91673
vt 0.39835 0.87708
vt 0.39845 0.88579
vt 0.37307 0.88496
vt 0.36306 0.90515
vt 0.34410 0.91132
vt 0.35954 0.89734
vt 0.35954 0.89734
vt 0.37573 0.90127
vt 0.36306 0.90515
vt 0.37565 0.89530
vt 0.35954 0.89734
vt 0.37307 0.88496
vt 0.36306 0.90515
vt 0.37245 0.90889
vt 0.34410 0.91132
vt 0.37573 0.90127
vt 0.37245 0.90889
vt 0.36306 0.90515
vt 0.39299 0.86492
vt 0.37307 0.88496
vt 0.37898 0.85456
vt 0.41644 0.49136
vt 0.40920 0.51062
vt 0.40218 0.49530
vt 0.41644 0.49136
vt 0.43568 0.49102
vt 0.40920 0.51062
vt 0.42628 0.48336
vt 0.43568 0.49102
vt 0.41644 0.49136
vt 0.46535 0.37870
vt 0.46091 0.38885
vt 0.44718 0.37514
vt 0.44868 0.39903
vt 0.44718 0.37514
vt 0.46091 0.38885
vt 0.43784 0.42560
vt 0.46297 0.43001
vt 0.45165 0.44685
vt 0.46988 0.39709
vt 0.45651 0.41573
vt 0.44868 0.39903
vt 0.46297 0.43001
vt 0.45651 0.41573
vt 0.46988 0.39709
vt 0.44868 0.39903
vt 0.46091 0.38885
vt 0.46988 0.39709
vt 0.42798 0.47327
vt 0.43568 0.49102
vt 0.42628 0.48336
vt 0.46091 0.38885
vt 0.46535 0.37870
vt 0.46988 0.39709
vt 0.44075 0.44420
vt 0.44585 0.46825
vt 0.42139 0.45409
vt 0.44585 0.46825
vt 0.44075 0.44420
vt 0.45165 0.44685
vt 0.43784 0.42560
vt 0.45165 0.44685
vt 0.44075 0.44420
vt 0.45651 0.41573
vt 0.46297 0.43001
vt 0.43151 0.41472
vt 0.43151 0.41472
vt 0.46297 0.43001
vt 0.43784 0.42560
vt 0.43151 0.41472
vt 0.44868 0.39903
vt 0.45651 0.41573
vt 0.36359 0.33771
vt 0.36017 0.36425
vt 0.32893 0.34832
vt 0.36017 0.36425
vt 0.33354 0.37293
vt 0.32893 0.34832
vt 0.36017 0.36425
vt 0.35850 0.38102
vt 0.33354 0.37293
vt 0.39060 0.41678
vt 0.40006 0.39987
vt 0.41636 0.41898
vt 0.39060 0.41678
vt 0.36753 0.42291
vt 0.37069 0.39744
vt 0.36753 0.42291
vt 0.38300 0.44078
vt 0.36010 0.43564
vt 0.36010 0.43564
vt 0.35327 0.42822
vt 0.36753 0.42291
vt 0.35327 0.42822
vt 0.36010 0.43564
vt 0.35226 0.43668
vt 0.37069 0.39744
vt 0.35357 0.39450
vt 0.35850 0.38102
vt 0.39955 0.48876
vt 0.40637 0.46567
vt 0.42628 0.48336
vt 0.39955 0.48876
vt 0.42628 0.48336
vt 0.41644 0.49136
vt 0.39656 0.35710
vt 0.35850 0.38102
vt 0.36017 0.36425
vt 0.39656 0.35710
vt 0.40006 0.39987
vt 0.37069 0.39744
vt 0.41973 0.37694
vt 0.40006 0.39987
vt 0.39656 0.35710
vt 0.37069 0.39744
vt 0.35850 0.38102
vt 0.39656 0.35710
vt 0.40006 0.39987
vt 0.39060 0.41678
vt 0.37069 0.39744
vt 0.44718 0.37514
vt 0.44868 0.39903
vt 0.43161 0.36926
vt 0.44868 0.39903
vt 0.43151 0.41472
vt 0.41973 0.37694
vt 0.43161 0.36926
vt 0.44868 0.39903
vt 0.41973 0.37694
vt 0.42139 0.45409
vt 0.44585 0.46825
vt 0.42798 0.47327
vt 0.42139 0.45409
vt 0.42798 0.47327
vt 0.40637 0.46567
vt 0.39180 0.45648
vt 0.37979 0.48225
vt 0.36368 0.47080
vt 0.40637 0.46567
vt 0.42798 0.47327
vt 0.42628 0.48336
vt 0.36368 0.47080
vt 0.35927 0.45078
vt 0.39180 0.45648
vt 0.40542 0.43771
vt 0.42139 0.45409
vt 0.40637 0.46567
vt 0.39180 0.45648
vt 0.40637 0.46567
vt 0.38938 0.48214
vt 0.39955 0.48876
vt 0.38938 0.48214
vt 0.40637 0.46567
vt 0.38300 0.44078
vt 0.35927 0.45078
vt 0.36010 0.43564
vt 0.38300 0.44078
vt 0.39180 0.45648
vt 0.35927 0.45078
vt 0.40637 0.46567
vt 0.39180 0.45648
vt 0.40542 0.43771
vt 0.38300 0.44078
vt 0.40542 0.43771
vt 0.39180 0.45648
vt 0.39180 0.45648
vt 0.38938 0.48214
vt 0.37979 0.48225
vt 0.44075 0.44420
vt 0.42139 0.45409
vt 0.41824 0.43404
vt 0.43036 0.42246
vt 0.41824 0.43404
vt 0.41636 0.41898
vt 0.41824 0.43404
vt 0.40542 0.43771
vt 0.41636 0.41898
vt 0.41636 0.41898
vt 0.40542 0.43771
vt 0.39060 0.41678
vt 0.43784 0.42560
vt 0.41824 0.43404
vt 0.43036 0.42246
vt 0.41824 0.43404
vt 0.43784 0.42560
vt 0.44075 0.44420
vt 0.43036 0.42246
vt 0.41636 0.41898
vt 0.43151 0.41472
vt 0.41973 0.37694
vt 0.43151 0.41472
vt 0.41636 0.41898
vt 0.41973 0.37694
vt 0.41636 0.41898
vt 0.40006 0.39987
vt 0.43784 0.42560
vt 0.43036 0.42246
vt 0.43151 0.41472
vt 0.33589 0.46647
vt 0.34760 0.45167
vt 0.36368 0.47080
vt 0.34760 0.45167
vt 0.35927 0.45078
vt 0.36368 0.47080
vt 0.34760 0.45167
vt 0.32272 0.42956
vt 0.32777 0.41802
vt 0.34760 0.45167
vt 0.32777 0.41802
vt 0.35226 0.43668
vt 0.32777 0.41802
vt 0.35327 0.42822
vt 0.35226 0.43668
vt 0.39060 0.41678
vt 0.40542 0.43771
vt 0.38300 0.44078
vt 0.39060 0.41678
vt 0.38300 0.44078
vt 0.36753 0.42291
vt 0.25396 0.92152
vt 0.26307 0.90707
vt 0.28392 0.91795
vt 0.30146 0.83600
vt 0.28804 0.84176
vt 0.28219 0.83703
vt 0.49413 0.17623
vt 0.49277 0.16891
vt 0.53033 0.17454
vt 0.50150 0.15507
vt 0.53033 0.17454
vt 0.49277 0.16891
vt 0.26678 0.83788
vt 0.28219 0.83703
vt 0.26502 0.84066
vt 0.57053 0.21054
vt 0.57369 0.21037
vt 0.56957 0.21257
vt 0.20477 0.02219
vt 0.20807 0.02891
vt 0.19633 0.02526
vt 0.19222 0.04180
vt 0.17674 0.05603
vt 0.17969 0.02503
vt 0.58464 0.16861
vt 0.55937 0.17695
vt 0.54985 0.15484
vt 0.57425 0.13951
vt 0.56138 0.14809
vt 0.55823 0.14079
vt 0.56343 0.12435
vt 0.55823 0.14079
vt 0.53729 0.11692
vt 0.56343 0.12435
vt 0.57127 0.12193
vt 0.57033 0.13048
vt 0.49385 0.11121
vt 0.50670 0.11080
vt 0.50695 0.11901
vt 0.22785 0.87708
vt 0.20389 0.85158
vt 0.21759 0.84300
vt 0.20389 0.85158
vt 0.22785 0.87708
vt 0.21292 0.88050
vt 0.20807 0.84455
vt 0.20389 0.85158
vt 0.19866 0.84819
vt 0.20389 0.85158
vt 0.21292 0.88050
vt 0.19621 0.85783
vt 0.20389 0.85158
vt 0.19621 0.85783
vt 0.19866 0.84819
vt 0.50695 0.11901
vt 0.53729 0.11692
vt 0.53358 0.14172
vt 0.55823 0.14079
vt 0.53358 0.14172
vt 0.53729 0.11692
vt 0.19621 0.85783
vt 0.20159 0.88186
vt 0.19118 0.86528
vt 0.50129 0.09582
vt 0.52476 0.09752
vt 0.50670 0.11080
vt 0.50011 0.13938
vt 0.50695 0.11901
vt 0.53358 0.14172
vt 0.29269 0.88703
vt 0.29491 0.89876
vt 0.27792 0.89287
vt 0.50150 0.15507
vt 0.50011 0.13938
vt 0.53358 0.14172
vt 0.26307 0.90707
vt 0.27792 0.89287
vt 0.29491 0.89876
vt 0.29252 0.90726
vt 0.26307 0.90707
vt 0.29491 0.89876
vt 0.49277 0.16891
vt 0.48944 0.15448
vt 0.50150 0.15507
vt 0.48944 0.15448
vt 0.50011 0.13938
vt 0.50150 0.15507
vt 0.48656 0.14344
vt 0.50011 0.13938
vt 0.48944 0.15448
vt 0.23414 0.83601
vt 0.25291 0.84703
vt 0.21759 0.84300
vt 0.25291 0.84703
vt 0.23414 0.83601
vt 0.24456 0.83743
vt 0.25379 0.86861
vt 0.21759 0.84300
vt 0.25291 0.84703
vt 0.57033 0.13048
vt 0.57425 0.13951
vt 0.55823 0.14079
vt 0.55823 0.14079
vt 0.56343 0.12435
vt 0.57033 0.13048
vt 0.25915 0.89831
vt 0.26681 0.88273
vt 0.27792 0.89287
vt 0.57127 0.12193
vt 0.58759 0.11559
vt 0.57033 0.13048
vt 0.26307 0.90707
vt 0.25915 0.89831
vt 0.27792 0.89287
vt 0.25915 0.89831
vt 0.23323 0.90635
vt 0.25181 0.88369
vt 0.25181 0.88369
vt 0.23323 0.90635
vt 0.22981 0.88748
vt 0.26307 0.90707
vt 0.23323 0.90635
vt 0.25915 0.89831
vt 0.52775 0.19243
vt 0.53033 0.17454
vt 0.53493 0.18882
vt 0.28219 0.83703
vt 0.28804 0.84176
vt 0.28995 0.85746
vt 0.53157 0.19690
vt 0.52335 0.19988
vt 0.52775 0.19243
vt 0.52775 0.19243
vt 0.53493 0.18882
vt 0.53157 0.19690
vt 0.32202 0.85072
vt 0.28995 0.85746
vt 0.30146 0.83600
vt 0.26079 0.83737
vt 0.25291 0.84703
vt 0.24456 0.83743
vt 0.26502 0.84066
vt 0.25291 0.84703
vt 0.26079 0.83737
vt 0.32202 0.85072
vt 0.31453 0.87789
vt 0.29060 0.86995
vt 0.29491 0.89876
vt 0.30731 0.89447
vt 0.31166 0.90143
vt 0.56049 0.20729
vt 0.53157 0.19690
vt 0.53493 0.18882
vt 0.53033 0.17454
vt 0.53896 0.18156
vt 0.53493 0.18882
vt 0.52335 0.19988
vt 0.52820 0.23456
vt 0.51115 0.21449
vt 0.53157 0.19690
vt 0.52820 0.23456
vt 0.52335 0.19988
vt 0.32202 0.85072
vt 0.29060 0.86995
vt 0.28995 0.85746
vt 0.55803 0.22224
vt 0.53157 0.19690
vt 0.56049 0.20729
vt 0.20159 0.88186
vt 0.19621 0.85783
vt 0.21292 0.88050
vt 0.50332 0.08350
vt 0.50129 0.09582
vt 0.49908 0.08739
vt 0.52476 0.09752
vt 0.50129 0.09582
vt 0.50332 0.08350
vt 0.29491 0.89876
vt 0.29269 0.88703
vt 0.30731 0.89447
vt 0.29269 0.88703
vt 0.31453 0.87789
vt 0.30731 0.89447
vt 0.31453 0.87789
vt 0.29269 0.88703
vt 0.29060 0.86995
vt 0.54985 0.15484
vt 0.55937 0.17695
vt 0.54618 0.16506
vt 0.26502 0.84066
vt 0.28995 0.85746
vt 0.25379 0.86861
vt 0.26502 0.84066
vt 0.25379 0.86861
vt 0.25291 0.84703
vt 0.28995 0.85746
vt 0.26502 0.84066
vt 0.28219 0.83703
vt 0.25379 0.86861
vt 0.28995 0.85746
vt 0.29060 0.86995
vt 0.22981 0.88748
vt 0.22785 0.87708
vt 0.25181 0.88369
vt 0.25379 0.86861
vt 0.22785 0.87708
vt 0.21759 0.84300
vt 0.29060 0.86995
vt 0.27792 0.89287
vt 0.26681 0.88273
vt 0.27792 0.89287
vt 0.29060 0.86995
vt 0.29269 0.88703
vt 0.26681 0.88273
vt 0.25379 0.86861
vt 0.29060 0.86995
vt 0.57594 0.11210
vt 0.56841 0.11503
vt 0.57420 0.10816
vt 0.22785 0.87708
vt 0.25379 0.86861
vt 0.25181 0.88369
vt 0.55769 0.10337
vt 0.57420 0.10816
vt 0.56841 0.11503
vt 0.57127 0.12193
vt 0.56841 0.11503
vt 0.57594 0.11210
vt 0.56841 0.11503
vt 0.56343 0.12435
vt 0.55769 0.10337
vt 0.55769 0.10337
vt 0.56343 0.12435
vt 0.53729 0.11692
vt 0.56343 0.12435
vt 0.56841 0.11503
vt 0.57127 0.12193
vt 0.58464 0.16861
vt 0.59397 0.18543
vt 0.58588 0.18369
vt 0.51827 0.10903
vt 0.52476 0.09752
vt 0.53870 0.10668
vt 0.51827 0.10903
vt 0.50670 0.11080
vt 0.52476 0.09752
vt 0.53870 0.10668
vt 0.53729 0.11692
vt 0.51827 0.10903
vt 0.50695 0.11901
vt 0.51827 0.10903
vt 0.53729 0.11692
vt 0.20807 0.84455
vt 0.21759 0.84300
vt 0.20389 0.85158
vt 0.20807 0.84455
vt 0.21495 0.83293
vt 0.21759 0.84300
vt 0.57594 0.11210
vt 0.58695 0.11096
vt 0.58759 0.11559
vt 0.58759 0.11559
vt 0.57127 0.12193
vt 0.57594 0.11210
vt 0.52335 0.19988
vt 0.51115 0.21449
vt 0.51287 0.19896
vt 0.48552 0.12179
vt 0.49385 0.11121
vt 0.50695 0.11901
vt 0.53033 0.17454
vt 0.54618 0.16506
vt 0.53896 0.18156
vt 0.54950 0.17604
vt 0.53493 0.18882
vt 0.53896 0.18156
vt 0.58107 0.21138
vt 0.59157 0.20865
vt 0.59745 0.24327
vt 0.59745 0.24327
vt 0.56957 0.21257
vt 0.58107 0.21138
vt 0.19183 0.01338
vt 0.16629 0.02115
vt 0.17496 0.01115
vt 0.16629 0.02115
vt 0.19183 0.01338
vt 0.17969 0.02503
vt 0.17496 0.01115
vt 0.17168 0.00620
vt 0.18145 0.00614
vt 0.19183 0.01338
vt 0.17496 0.01115
vt 0.18733 0.00824
vt 0.17496 0.01115
vt 0.18145 0.00614
vt 0.18733 0.00824
vt 0.20297 0.01412
vt 0.19633 0.02526
vt 0.20075 0.00698
vt 0.20075 0.00698
vt 0.19633 0.02526
vt 0.19715 0.00981
vt 0.59157 0.20865
vt 0.59697 0.20375
vt 0.59745 0.24327
vt 0.19633 0.02526
vt 0.20297 0.01412
vt 0.20477 0.02219
vt 0.56049 0.20729
vt 0.55564 0.18351
vt 0.56598 0.20477
vt 0.54950 0.17604
vt 0.55564 0.18351
vt 0.56049 0.20729
vt 0.56049 0.20729
vt 0.53493 0.18882
vt 0.54950 0.17604
vt 0.56957 0.21257
vt 0.57369 0.21037
vt 0.58107 0.21138
vt 0.19811 0.03469
vt 0.19222 0.04180
vt 0.19633 0.02526
vt 0.20807 0.02891
vt 0.20577 0.03596
vt 0.19633 0.02526
vt 0.20577 0.03596
vt 0.19811 0.03469
vt 0.19633 0.02526
vt 0.56049 0.20729
vt 0.56598 0.20477
vt 0.57248 0.20715
vt 0.57053 0.21054
vt 0.56049 0.20729
vt 0.57248 0.20715
vt 0.57053 0.21054
vt 0.56957 0.21257
vt 0.56049 0.20729
vt 0.56957 0.21257
vt 0.55803 0.22224
vt 0.56049 0.20729
vt 0.57033 0.13048
vt 0.58759 0.11559
vt 0.57425 0.13951
vt 0.57994 0.10399
vt 0.58695 0.11096
vt 0.57594 0.11210
vt 0.58759 0.11559
vt 0.58593 0.13132
vt 0.57425 0.13951
vt 0.57425 0.13951
vt 0.58593 0.13132
vt 0.58952 0.14009
vt 0.57425 0.13951
vt 0.58952 0.14009
vt 0.56138 0.14809
vt 0.54985 0.15484
vt 0.53358 0.14172
vt 0.55823 0.14079
vt 0.20843 0.89440
vt 0.20159 0.88186
vt 0.21292 0.88050
vt 0.20843 0.89440
vt 0.21292 0.88050
vt 0.21626 0.88818
vt 0.20843 0.89440
vt 0.21626 0.88818
vt 0.23323 0.90635
vt 0.21626 0.88818
vt 0.22981 0.88748
vt 0.23323 0.90635
vt 0.21626 0.88818
vt 0.21292 0.88050
vt 0.22785 0.87708
vt 0.22785 0.87708
vt 0.22981 0.88748
vt 0.21626 0.88818
vt 0.54950 0.17604
vt 0.54618 0.16506
vt 0.55937 0.17695
vt 0.54950 0.17604
vt 0.55937 0.17695
vt 0.55564 0.18351
vt 0.17674 0.05603
vt 0.16672 0.04453
vt 0.17969 0.02503
vt 0.53896 0.18156
vt 0.54618 0.16506
vt 0.54950 0.17604
vt 0.20843 0.89440
vt 0.23323 0.90635
vt 0.21843 0.91296
vt 0.52335 0.19988
vt 0.53033 0.17454
vt 0.52775 0.19243
vt 0.49413 0.17623
vt 0.53033 0.17454
vt 0.52335 0.19988
vt 0.51287 0.19896
vt 0.49413 0.17623
vt 0.52335 0.19988
vt 0.51287 0.19896
vt 0.49778 0.19215
vt 0.49413 0.17623
vt 0.54985 0.15484
vt 0.54618 0.16506
vt 0.53358 0.14172
vt 0.50150 0.15507
vt 0.53358 0.14172
vt 0.53033 0.17454
vt 0.54618 0.16506
vt 0.53033 0.17454
vt 0.53358 0.14172
vt 0.26681 0.88273
vt 0.25915 0.89831
vt 0.25181 0.88369
vt 0.26681 0.88273
vt 0.25181 0.88369
vt 0.25379 0.86861
vt 0.55823 0.14079
vt 0.56138 0.14809
vt 0.54985 0.15484
vt 0.54985 0.15484
vt 0.56138 0.14809
vt 0.58464 0.16861
vt 0.29491 0.89876
vt 0.31166 0.90143
vt 0.29252 0.90726
vt 0.26307 0.90707
vt 0.25396 0.92152
vt 0.23323 0.90635
vt 0.20843 0.89440
vt 0.21843 0.91296
vt 0.19808 0.90003
vt 0.50249 0.21791
vt 0.50067 0.21173
vt 0.51115 0.21449
vt 0.58952 0.14009
vt 0.58464 0.16861
vt 0.56138 0.14809
vt 0.50011 0.13938
vt 0.48656 0.14344
vt 0.48629 0.12930
vt 0.22230 0.83405
vt 0.23414 0.83601
vt 0.21759 0.84300
vt 0.22230 0.83405
vt 0.21759 0.84300
vt 0.21495 0.83293
vt 0.48552 0.12179
vt 0.50695 0.11901
vt 0.48629 0.12930
vt 0.48629 0.12930
vt 0.50695 0.11901
vt 0.50011 0.13938
vt 0.28804 0.84176
vt 0.30146 0.83600
vt 0.28995 0.85746
vt 0.30731 0.89447
vt 0.33820 0.89107
vt 0.32796 0.89453
vt 0.49778 0.19215
vt 0.51287 0.19896
vt 0.50067 0.21173
vt 0.57420 0.10816
vt 0.57994 0.10399
vt 0.57594 0.11210
vt 0.31453 0.87789
vt 0.33820 0.89107
vt 0.30731 0.89447
vt 0.32796 0.89453
vt 0.31166 0.90143
vt 0.30731 0.89447
vt 0.32796 0.89453
vt 0.33263 0.90353
vt 0.31166 0.90143
vt 0.51287 0.19896
vt 0.51115 0.21449
vt 0.50067 0.21173
vt 0.26307 0.90707
vt 0.29252 0.90726
vt 0.28392 0.91795
vt 0.26079 0.83737
vt 0.26678 0.83788
vt 0.26502 0.84066
vt 0.17969 0.02503
vt 0.19183 0.01338
vt 0.19633 0.02526
vt 0.19222 0.04180
vt 0.17969 0.02503
vt 0.19633 0.02526
vt 0.19116 0.00741
vt 0.19715 0.00981
vt 0.19633 0.02526
vt 0.19633 0.02526
vt 0.19183 0.01338
vt 0.19116 0.00741
vt 0.58464 0.16861
vt 0.58588 0.18369
vt 0.55937 0.17695
vt 0.16629 0.02115
vt 0.17969 0.02503
vt 0.16672 0.04453
vt 0.53729 0.11692
vt 0.53870 0.10668
vt 0.55769 0.10337
vt 0.50695 0.11901
vt 0.50670 0.11080
vt 0.51827 0.10903
vt 0.17168 0.00620
vt 0.17927 0.00368
vt 0.18145 0.00614
vt 0.65104 0.16366
vt 0.64674 0.20146
vt 0.63447 0.19547
vt 0.70727 0.11614
vt 0.70185 0.16539
vt 0.69625 0.11980
vt 0.66889 0.14377
vt 0.68481 0.11323
vt 0.69625 0.11980
vt 0.65969 0.13742
vt 0.68481 0.11323
vt 0.66889 0.14377
vt 0.70185 0.16539
vt 0.66889 0.14377
vt 0.69625 0.11980
vt 0.65969 0.13742
vt 0.66889 0.14377
vt 0.65104 0.16366
vt 0.66889 0.14377
vt 0.70185 0.16539
vt 0.65104 0.16366
vt 0.70185 0.16539
vt 0.67557 0.17538
vt 0.65104 0.16366
vt 0.67557 0.17538
vt 0.68542 0.24363
vt 0.64674 0.20146
vt 0.70727 0.11614
vt 0.71578 0.15480
vt 0.70185 0.16539
vt 0.61034 0.13039
vt 0.63050 0.11387
vt 0.65969 0.13742
vt 0.60041 0.16083
vt 0.65969 0.13742
vt 0.65104 0.16366
vt 0.60041 0.16083
vt 0.61034 0.13039
vt 0.65969 0.13742
vt 0.71870 0.13766
vt 0.70727 0.11614
vt 0.72208 0.13539
vt 0.03741 0.14640
vt 0.06032 0.15953
vt 0.03142 0.15032
vt 0.58952 0.14009
vt 0.60071 0.13318
vt 0.60041 0.16083
vt 0.58952 0.14009
vt 0.60041 0.16083
vt 0.58464 0.16861
vt 0.60883 0.11642
vt 0.63050 0.11387
vt 0.60789 0.12143
vt 0.58759 0.11559
vt 0.58695 0.11096
vt 0.60091 0.10719
vt 0.59702 0.10215
vt 0.60091 0.10719
vt 0.58695 0.11096
vt 0.61034 0.13039
vt 0.60789 0.12143
vt 0.63050 0.11387
vt 0.60789 0.12143
vt 0.60091 0.10719
vt 0.60883 0.11642
vt 0.60789 0.12143
vt 0.59930 0.12559
vt 0.60091 0.10719
vt 0.60789 0.12143
vt 0.61034 0.13039
vt 0.59930 0.12559
vt 0.60071 0.13318
vt 0.59930 0.12559
vt 0.61034 0.13039
vt 0.60091 0.10719
vt 0.59930 0.12559
vt 0.58593 0.13132
vt 0.58759 0.11559
vt 0.60091 0.10719
vt 0.58593 0.13132
vt 0.58593 0.13132
vt 0.59930 0.12559
vt 0.58952 0.14009
vt 0.60071 0.13318
vt 0.58952 0.14009
vt 0.59930 0.12559
vt 0.60041 0.16083
vt 0.60071 0.13318
vt 0.61034 0.13039
vt 0.68542 0.24363
vt 0.66075 0.25373
vt 0.64674 0.20146
vt 0.64674 0.20146
vt 0.64206 0.22826
vt 0.63447 0.19547
vt 0.63447 0.19547
vt 0.64206 0.22826
vt 0.61522 0.20194
vt 0.64206 0.22826
vt 0.64674 0.20146
vt 0.66075 0.25373
vt 0.63447 0.19547
vt 0.60041 0.16083
vt 0.65104 0.16366
vt 0.64674 0.20146
vt 0.65104 0.16366
vt 0.67557 0.17538
vt 0.71789 0.14528
vt 0.71578 0.15480
vt 0.70727 0.11614
vt 0.71789 0.14528
vt 0.72009 0.15782
vt 0.71578 0.15480
vt 0.02799 0.16338
vt 0.02765 0.15703
vt 0.04368 0.16102
vt 0.03142 0.15032
vt 0.06032 0.15953
vt 0.04368 0.16102
vt 0.02765 0.15703
vt 0.03142 0.15032
vt 0.04368 0.16102
vt 0.70727 0.11614
vt 0.71870 0.13766
vt 0.71789 0.14528
vt 0.63447 0.19547
vt 0.61522 0.20194
vt 0.60041 0.16083
vt 0.59397 0.18543
vt 0.58464 0.16861
vt 0.60041 0.16083
vt 0.60041 0.16083
vt 0.59700 0.19157
vt 0.59397 0.18543
vt 0.59700 0.19157
vt 0.60041 0.16083
vt 0.61522 0.20194
vt 0.60092 0.09817
vt 0.60583 0.08578
vt 0.60883 0.11642
vt 0.57994 0.10399
vt 0.58830 0.10143
vt 0.58695 0.11096
vt 0.60091 0.10719
vt 0.60092 0.09817
vt 0.60883 0.11642
vt 0.60092 0.09817
vt 0.60091 0.10719
vt 0.59702 0.10215
vt 0.58830 0.10143
vt 0.59702 0.10215
vt 0.58695 0.11096
vt 0.59697 0.20375
vt 0.59700 0.19157
vt 0.61522 0.20194
vt 0.59697 0.20375
vt 0.61522 0.20194
vt 0.59745 0.24327
vt 0.59745 0.24327
vt 0.61522 0.20194
vt 0.64206 0.22826
vt 0.63050 0.11387
vt 0.67075 0.11041
vt 0.65969 0.13742
vt 0.67557 0.17538
vt 0.70839 0.19127
vt 0.68542 0.24363
vt 0.70185 0.16539
vt 0.70839 0.19127
vt 0.67557 0.17538
vt 0.54012 0.32494
vt 0.55253 0.31674
vt 0.55115 0.33193
vt 0.37307 0.88496
vt 0.35954 0.89734
vt 0.34875 0.88104
vt 0.62999 0.30320
vt 0.60767 0.26420
vt 0.65287 0.27325
vt 0.34875 0.88104
vt 0.35954 0.89734
vt 0.33820 0.89107
vt 0.61049 0.34029
vt 0.65027 0.33251
vt 0.62861 0.34833
vt 0.58517 0.31333
vt 0.59122 0.29707
vt 0.62999 0.30320
vt 0.49881 0.30989
vt 0.51635 0.30595
vt 0.52033 0.31019
vt 0.56763 0.30086
vt 0.56149 0.31401
vt 0.55253 0.31674
vt 0.54001 0.30660
vt 0.53928 0.28795
vt 0.54702 0.30987
vt 0.55253 0.31674
vt 0.54702 0.30987
vt 0.56763 0.30086
vt 0.56763 0.30086
vt 0.54702 0.30987
vt 0.53928 0.28795
vt 0.53928 0.28795
vt 0.56108 0.25945
vt 0.56763 0.30086
vt 0.51760 0.32143
vt 0.52699 0.33497
vt 0.51459 0.33358
vt 0.59320 0.33781
vt 0.57184 0.34293
vt 0.58313 0.32938
vt 0.58517 0.31333
vt 0.57417 0.31447
vt 0.57531 0.29858
vt 0.54702 0.30987
vt 0.54012 0.32494
vt 0.54001 0.30660
vt 0.52368 0.30527
vt 0.53357 0.30374
vt 0.53616 0.31704
vt 0.55703 0.33084
vt 0.56034 0.32684
vt 0.56101 0.33388
vt 0.55253 0.31674
vt 0.56034 0.32684
vt 0.55703 0.33084
vt 0.55115 0.33193
vt 0.55253 0.31674
vt 0.55703 0.33084
vt 0.56034 0.32684
vt 0.55253 0.31674
vt 0.56149 0.31401
vt 0.57531 0.29858
vt 0.59122 0.29707
vt 0.58517 0.31333
vt 0.66523 0.30847
vt 0.62999 0.30320
vt 0.65287 0.27325
vt 0.59320 0.33781
vt 0.58313 0.32938
vt 0.58517 0.31333
vt 0.61049 0.34029
vt 0.59320 0.33781
vt 0.58517 0.31333
vt 0.55115 0.33193
vt 0.54699 0.34274
vt 0.53946 0.33660
vt 0.58517 0.31333
vt 0.58313 0.32938
vt 0.57417 0.31447
vt 0.51068 0.35151
vt 0.51459 0.33358
vt 0.52270 0.34657
vt 0.52270 0.34657
vt 0.51459 0.33358
vt 0.52699 0.33497
vt 0.53577 0.34977
vt 0.52270 0.34657
vt 0.52699 0.33497
vt 0.57645 0.26176
vt 0.59745 0.24327
vt 0.60767 0.26420
vt 0.58313 0.32938
vt 0.56101 0.33388
vt 0.56034 0.32684
vt 0.56034 0.32684
vt 0.57417 0.31447
vt 0.58313 0.32938
vt 0.56034 0.32684
vt 0.56149 0.31401
vt 0.57417 0.31447
vt 0.56101 0.33388
vt 0.58313 0.32938
vt 0.57184 0.34293
vt 0.52368 0.30527
vt 0.53182 0.32603
vt 0.52033 0.31019
vt 0.53182 0.32603
vt 0.52368 0.30527
vt 0.53616 0.31704
vt 0.53616 0.31704
vt 0.53357 0.30374
vt 0.54001 0.30660
vt 0.59745 0.24327
vt 0.57645 0.26176
vt 0.56957 0.21257
vt 0.56579 0.36307
vt 0.56101 0.33388
vt 0.57184 0.34293
vt 0.49280 0.32960
vt 0.49881 0.30989
vt 0.51459 0.33358
vt 0.56108 0.25945
vt 0.57531 0.29858
vt 0.56763 0.30086
vt 0.57417 0.31447
vt 0.56763 0.30086
vt 0.57531 0.29858
vt 0.56149 0.31401
vt 0.56763 0.30086
vt 0.57417 0.31447
vt 0.65287 0.27325
vt 0.60767 0.26420
vt 0.64206 0.22826
vt 0.64206 0.22826
vt 0.60767 0.26420
vt 0.59745 0.24327
vt 0.58517 0.31333
vt 0.65027 0.33251
vt 0.61049 0.34029
vt 0.59122 0.29707
vt 0.57645 0.26176
vt 0.60767 0.26420
vt 0.56108 0.25945
vt 0.57645 0.26176
vt 0.59122 0.29707
vt 0.59122 0.29707
vt 0.57531 0.29858
vt 0.56108 0.25945
vt 0.52699 0.33497
vt 0.53452 0.33479
vt 0.53577 0.34977
vt 0.54110 0.34706
vt 0.53452 0.33479
vt 0.53946 0.33660
vt 0.54110 0.34706
vt 0.53577 0.34977
vt 0.53452 0.33479
vt 0.54110 0.34706
vt 0.53946 0.33660
vt 0.54699 0.34274
vt 0.66075 0.25373
vt 0.65287 0.27325
vt 0.64206 0.22826
vt 0.49881 0.30989
vt 0.52033 0.31019
vt 0.51760 0.32143
vt 0.51760 0.32143
vt 0.51459 0.33358
vt 0.49881 0.30989
vt 0.54012 0.32494
vt 0.53182 0.32603
vt 0.53616 0.31704
vt 0.53616 0.31704
vt 0.54001 0.30660
vt 0.54012 0.32494
vt 0.52033 0.31019
vt 0.53182 0.32603
vt 0.52699 0.33497
vt 0.54702 0.30987
vt 0.55253 0.31674
vt 0.54012 0.32494
vt 0.51760 0.32143
vt 0.52033 0.31019
vt 0.52699 0.33497
vt 0.53182 0.32603
vt 0.54012 0.32494
vt 0.53452 0.33479
vt 0.53452 0.33479
vt 0.54012 0.32494
vt 0.53946 0.33660
vt 0.53946 0.33660
vt 0.54012 0.32494
vt 0.55115 0.33193
vt 0.53452 0.33479
vt 0.52699 0.33497
vt 0.53182 0.32603
vt 0.59122 0.29707
vt 0.60767 0.26420
vt 0.62999 0.30320
vt 0.60515 0.35611
vt 0.59320 0.33781
vt 0.61049 0.34029
vt 0.55703 0.33084
vt 0.54699 0.34274
vt 0.55115 0.33193
vt 0.34945 0.84846
vt 0.34409 0.83103
vt 0.35280 0.83186
vt 0.34945 0.84846
vt 0.37898 0.85456
vt 0.34875 0.88104
vt 0.34409 0.83103
vt 0.34945 0.84846
vt 0.33464 0.83304
vt 0.32202 0.85072
vt 0.32342 0.83485
vt 0.33464 0.83304
vt 0.34945 0.84846
vt 0.32202 0.85072
vt 0.33464 0.83304
vt 0.56108 0.25945
vt 0.53374 0.27030
vt 0.53291 0.25640
vt 0.49881 0.30989
vt 0.49294 0.30260
vt 0.49818 0.29724
vt 0.49842 0.29004
vt 0.49818 0.29724
vt 0.49294 0.30260
vt 0.34875 0.88104
vt 0.31453 0.87789
vt 0.34945 0.84846
vt 0.34875 0.88104
vt 0.37898 0.85456
vt 0.37307 0.88496
vt 0.56108 0.25945
vt 0.56963 0.24198
vt 0.57645 0.26176
vt 0.55758 0.23623
vt 0.56963 0.24198
vt 0.56108 0.25945
vt 0.55803 0.22224
vt 0.56957 0.21257
vt 0.56963 0.24198
vt 0.33820 0.89107
vt 0.31453 0.87789
vt 0.34875 0.88104
vt 0.52717 0.26118
vt 0.50170 0.25839
vt 0.50349 0.25164
vt 0.55803 0.22224
vt 0.56963 0.24198
vt 0.55758 0.23623
vt 0.53291 0.25640
vt 0.54822 0.23620
vt 0.56108 0.25945
vt 0.53157 0.19690
vt 0.55803 0.22224
vt 0.54822 0.23620
vt 0.55758 0.23623
vt 0.54822 0.23620
vt 0.55803 0.22224
vt 0.52717 0.26118
vt 0.52820 0.23456
vt 0.53291 0.25640
vt 0.53291 0.25640
vt 0.52820 0.23456
vt 0.54822 0.23620
vt 0.50749 0.23494
vt 0.50984 0.23158
vt 0.50707 0.24221
vt 0.50749 0.23494
vt 0.50249 0.21791
vt 0.50984 0.23158
vt 0.32202 0.85072
vt 0.30146 0.83600
vt 0.31252 0.83357
vt 0.51115 0.21449
vt 0.50984 0.23158
vt 0.50249 0.21791
vt 0.31252 0.83357
vt 0.32342 0.83485
vt 0.32202 0.85072
vt 0.52820 0.23456
vt 0.50984 0.23158
vt 0.51115 0.21449
vt 0.56108 0.25945
vt 0.54822 0.23620
vt 0.55758 0.23623
vt 0.53157 0.19690
vt 0.54822 0.23620
vt 0.52820 0.23456
vt 0.49842 0.29004
vt 0.50260 0.27650
vt 0.50668 0.28485
vt 0.51486 0.27216
vt 0.52446 0.28837
vt 0.51314 0.28382
vt 0.56101 0.33388
vt 0.54699 0.34274
vt 0.55703 0.33084
vt 0.53374 0.27030
vt 0.56108 0.25945
vt 0.53928 0.28795
vt 0.51314 0.28382
vt 0.50668 0.28485
vt 0.50260 0.27650
vt 0.50256 0.26847
vt 0.51314 0.28382
vt 0.50260 0.27650
vt 0.51314 0.28382
vt 0.50256 0.26847
vt 0.51486 0.27216
vt 0.36113 0.83537
vt 0.36645 0.84236
vt 0.35280 0.83186
vt 0.35280 0.83186
vt 0.36645 0.84236
vt 0.34945 0.84846
vt 0.36645 0.84236
vt 0.37898 0.85456
vt 0.34945 0.84846
vt 0.51486 0.27216
vt 0.50256 0.26847
vt 0.50170 0.25839
vt 0.53357 0.30374
vt 0.51314 0.28382
vt 0.52446 0.28837
vt 0.34945 0.84846
vt 0.31453 0.87789
vt 0.32202 0.85072
vt 0.56957 0.21257
vt 0.57645 0.26176
vt 0.56963 0.24198
vt 0.50668 0.28485
vt 0.51314 0.28382
vt 0.51635 0.30595
vt 0.50668 0.28485
vt 0.51635 0.30595
vt 0.50447 0.29202
vt 0.50447 0.29202
vt 0.49842 0.29004
vt 0.50668 0.28485
vt 0.49842 0.29004
vt 0.50447 0.29202
vt 0.49818 0.29724
vt 0.51314 0.28382
vt 0.52368 0.30527
vt 0.51635 0.30595
vt 0.49881 0.30989
vt 0.50447 0.29202
vt 0.51635 0.30595
vt 0.49818 0.29724
vt 0.50447 0.29202
vt 0.49881 0.30989
vt 0.52446 0.28837
vt 0.53346 0.28984
vt 0.54001 0.30660
vt 0.52446 0.28837
vt 0.54001 0.30660
vt 0.53357 0.30374
vt 0.51314 0.28382
vt 0.53357 0.30374
vt 0.52368 0.30527
vt 0.53928 0.28795
vt 0.54001 0.30660
vt 0.53346 0.28984
vt 0.52033 0.31019
vt 0.51635 0.30595
vt 0.52368 0.30527
vt 0.52820 0.23456
vt 0.51568 0.25125
vt 0.50984 0.23158
vt 0.53374 0.27030
vt 0.52717 0.26118
vt 0.53291 0.25640
vt 0.52738 0.28309
vt 0.52717 0.26118
vt 0.53374 0.27030
vt 0.52738 0.28309
vt 0.53374 0.27030
vt 0.53928 0.28795
vt 0.53928 0.28795
vt 0.53346 0.28984
vt 0.52738 0.28309
vt 0.52446 0.28837
vt 0.52738 0.28309
vt 0.53346 0.28984
vt 0.51568 0.25125
vt 0.50707 0.24221
vt 0.50984 0.23158
vt 0.50707 0.24221
vt 0.51568 0.25125
vt 0.50349 0.25164
vt 0.51568 0.25125
vt 0.52717 0.26118
vt 0.50349 0.25164
vt 0.51486 0.27216
vt 0.50170 0.25839
vt 0.52717 0.26118
vt 0.51486 0.27216
vt 0.52717 0.26118
vt 0.52738 0.28309
vt 0.51486 0.27216
vt 0.52738 0.28309
vt 0.52446 0.28837
vt 0.51568 0.25125
vt 0.52820 0.23456
vt 0.52717 0.26118
vt 0.15808 0.86761
vt 0.14062 0.87369
vt 0.14904 0.86852
vt 0.15141 0.87964
vt 0.15364 0.88350
vt 0.14803 0.89003
vt 0.51178 0.03532
vt 0.51032 0.01884
vt 0.51327 0.03994
vt 0.51327 0.03994
vt 0.51032 0.01884
vt 0.51538 0.02261
vt 0.15141 0.87964
vt 0.14803 0.89003
vt 0.12114 0.88217
vt 0.12114 0.88217
vt 0.12389 0.87525
vt 0.15141 0.87964
vt 0.12389 0.87525
vt 0.12114 0.88217
vt 0.11889 0.87836
vt 0.51538 0.02261
vt 0.51032 0.01884
vt 0.51855 0.01528
vt 0.51032 0.01884
vt 0.50859 0.01275
vt 0.51855 0.01528
vt 0.51855 0.01528
vt 0.50859 0.01275
vt 0.51397 0.01377
vt 0.12114 0.88217
vt 0.14803 0.89003
vt 0.12295 0.89314
vt 0.51855 0.01528
vt 0.52905 0.01877
vt 0.51538 0.02261
vt 0.51855 0.01528
vt 0.52084 0.01561
vt 0.52905 0.01877
vt 0.58960 0.05456
vt 0.58105 0.08267
vt 0.57445 0.06074
vt 0.59705 0.07691
vt 0.58105 0.08267
vt 0.58960 0.05456
vt 0.57597 0.05334
vt 0.58960 0.05456
vt 0.57445 0.06074
vt 0.58960 0.05456
vt 0.60408 0.05542
vt 0.59705 0.07691
vt 0.59040 0.02326
vt 0.58960 0.05456
vt 0.57076 0.02969
vt 0.57597 0.05334
vt 0.57076 0.02969
vt 0.58960 0.05456
vt 0.60583 0.08578
vt 0.60408 0.05542
vt 0.63063 0.06928
vt 0.61130 0.04034
vt 0.63063 0.06928
vt 0.60408 0.05542
vt 0.59776 0.02569
vt 0.60511 0.03007
vt 0.59700 0.02587
vt 0.59040 0.02326
vt 0.57076 0.02969
vt 0.58118 0.01177
vt 0.59040 0.02326
vt 0.59700 0.02587
vt 0.60511 0.03007
vt 0.58960 0.05456
vt 0.59040 0.02326
vt 0.60408 0.05542
vt 0.60511 0.03007
vt 0.60408 0.05542
vt 0.59040 0.02326
vt 0.61130 0.04034
vt 0.60408 0.05542
vt 0.60511 0.03007
vt 0.61130 0.04034
vt 0.60511 0.03007
vt 0.63573 0.02047
vt 0.61936 0.02105
vt 0.59776 0.02569
vt 0.60850 0.01560
vt 0.59494 0.00543
vt 0.60129 0.00669
vt 0.60850 0.01560
vt 0.59776 0.02569
vt 0.61936 0.02105
vt 0.60511 0.03007
vt 0.60850 0.01560
vt 0.61550 0.01715
vt 0.61936 0.02105
vt 0.63573 0.02047
vt 0.60511 0.03007
vt 0.61936 0.02105
vt 0.63573 0.02047
vt 0.61936 0.02105
vt 0.62937 0.01775
vt 0.59769 0.00409
vt 0.60129 0.00669
vt 0.59494 0.00543
vt 0.55284 0.03196
vt 0.55117 0.01841
vt 0.56545 0.01372
vt 0.52905 0.01877
vt 0.54076 0.01729
vt 0.54299 0.02060
vt 0.63877 0.03302
vt 0.61130 0.04034
vt 0.63573 0.02047
vt 0.63877 0.03302
vt 0.65941 0.05520
vt 0.63063 0.06928
vt 0.61130 0.04034
vt 0.63877 0.03302
vt 0.63063 0.06928
vt 0.57445 0.06074
vt 0.55635 0.08093
vt 0.55626 0.05271
vt 0.55635 0.08093
vt 0.57445 0.06074
vt 0.57420 0.10816
vt 0.57445 0.06074
vt 0.58105 0.08267
vt 0.57420 0.10816
vt 0.55635 0.08093
vt 0.57420 0.10816
vt 0.55769 0.10337
vt 0.55769 0.10337
vt 0.53210 0.07235
vt 0.55635 0.08093
vt 0.55769 0.10337
vt 0.52476 0.09752
vt 0.53210 0.07235
vt 0.63063 0.06928
vt 0.65941 0.05520
vt 0.66275 0.08061
vt 0.51538 0.02261
vt 0.52853 0.04559
vt 0.51327 0.03994
vt 0.51327 0.03994
vt 0.52853 0.04559
vt 0.51118 0.05064
vt 0.15141 0.87964
vt 0.14062 0.87369
vt 0.15808 0.86761
vt 0.55635 0.08093
vt 0.53210 0.07235
vt 0.55626 0.05271
vt 0.55769 0.10337
vt 0.53870 0.10668
vt 0.52476 0.09752
vt 0.57597 0.05334
vt 0.55991 0.04086
vt 0.57076 0.02969
vt 0.55117 0.01841
vt 0.55284 0.03196
vt 0.54299 0.02060
vt 0.55284 0.03196
vt 0.56545 0.01372
vt 0.57076 0.02969
vt 0.55284 0.03196
vt 0.57076 0.02969
vt 0.55991 0.04086
vt 0.52853 0.04559
vt 0.52905 0.01877
vt 0.54299 0.02060
vt 0.55626 0.05271
vt 0.55991 0.04086
vt 0.57597 0.05334
vt 0.54299 0.02060
vt 0.55284 0.03196
vt 0.55626 0.05271
vt 0.57597 0.05334
vt 0.57445 0.06074
vt 0.55626 0.05271
vt 0.55626 0.05271
vt 0.55284 0.03196
vt 0.55991 0.04086
vt 0.55626 0.05271
vt 0.52853 0.04559
vt 0.54299 0.02060
vt 0.52905 0.01877
vt 0.52853 0.04559
vt 0.51538 0.02261
vt 0.55626 0.05271
vt 0.53210 0.07235
vt 0.52853 0.04559
vt 0.60850 0.01560
vt 0.59776 0.02569
vt 0.59700 0.02587
vt 0.59494 0.00543
vt 0.59040 0.02326
vt 0.58118 0.01177
vt 0.59494 0.00543
vt 0.60850 0.01560
vt 0.59040 0.02326
vt 0.59040 0.02326
vt 0.60850 0.01560
vt 0.59700 0.02587
vt 0.56545 0.01372
vt 0.58118 0.01177
vt 0.57076 0.02969
vt 0.65057 0.01789
vt 0.65196 0.01649
vt 0.65814 0.01554
vt 0.63573 0.02047
vt 0.64260 0.01418
vt 0.65057 0.01789
vt 0.64260 0.01418
vt 0.63573 0.02047
vt 0.62937 0.01775
vt 0.63877 0.03302
vt 0.63573 0.02047
vt 0.65057 0.01789
vt 0.59705 0.07691
vt 0.60408 0.05542
vt 0.60583 0.08578
vt 0.59705 0.07691
vt 0.58830 0.10143
vt 0.58105 0.08267
vt 0.59808 0.08696
vt 0.59705 0.07691
vt 0.60583 0.08578
vt 0.59808 0.08696
vt 0.58830 0.10143
vt 0.59705 0.07691
vt 0.63063 0.06928
vt 0.63050 0.11387
vt 0.60883 0.11642
vt 0.60583 0.08578
vt 0.60092 0.09817
vt 0.59808 0.08696
vt 0.60883 0.11642
vt 0.60583 0.08578
vt 0.63063 0.06928
vt 0.57994 0.10399
vt 0.58105 0.08267
vt 0.58830 0.10143
vt 0.58105 0.08267
vt 0.57994 0.10399
vt 0.57420 0.10816
vt 0.59702 0.10215
vt 0.58830 0.10143
vt 0.59808 0.08696
vt 0.59808 0.08696
vt 0.60092 0.09817
vt 0.59702 0.10215
vt 0.65941 0.05520
vt 0.63877 0.03302
vt 0.65057 0.01789
vt 0.52853 0.04559
vt 0.53210 0.07235
vt 0.50837 0.05825
vt 0.51118 0.05064
vt 0.52853 0.04559
vt 0.50837 0.05825
vt 0.15364 0.88350
vt 0.17844 0.88996
vt 0.14803 0.89003
vt 0.17829 0.87988
vt 0.15141 0.87964
vt 0.15808 0.86761
vt 0.17844 0.88996
vt 0.15364 0.88350
vt 0.15141 0.87964
vt 0.15808 0.86761
vt 0.16491 0.86478
vt 0.17829 0.87988
vt 0.17844 0.88996
vt 0.15141 0.87964
vt 0.17829 0.87988
vt 0.53210 0.07235
vt 0.50361 0.07583
vt 0.50837 0.05825
vt 0.17408 0.86212
vt 0.17829 0.87988
vt 0.16491 0.86478
vt 0.50361 0.07583
vt 0.50366 0.06524
vt 0.50837 0.05825
vt 0.52476 0.09752
vt 0.50361 0.07583
vt 0.53210 0.07235
vt 0.19118 0.86528
vt 0.17829 0.87988
vt 0.18118 0.86185
vt 0.18118 0.86185
vt 0.17829 0.87988
vt 0.17408 0.86212
vt 0.52476 0.09752
vt 0.50332 0.08350
vt 0.50361 0.07583
vt 0.18614 0.85846
vt 0.19118 0.86528
vt 0.18118 0.86185
vt 0.19118 0.86528
vt 0.20159 0.88186
vt 0.17829 0.87988
vt 0.03201 0.11935
vt 0.03741 0.14640
vt 0.01656 0.12927
vt 0.01656 0.12927
vt 0.03741 0.14640
vt 0.03142 0.15032
vt 0.72208 0.13539
vt 0.70727 0.11614
vt 0.71269 0.10997
vt 0.01656 0.12927
vt 0.01278 0.10678
vt 0.03201 0.11935
vt 0.71145 0.04454
vt 0.70077 0.04000
vt 0.70718 0.03403
vt 0.65941 0.05520
vt 0.67630 0.04129
vt 0.67616 0.07288
vt 0.04838 0.06729
vt 0.01263 0.06038
vt 0.05520 0.04835
vt 0.01306 0.07624
vt 0.01263 0.06038
vt 0.04838 0.06729
vt 0.00729 0.05624
vt 0.01263 0.06038
vt 0.00916 0.06262
vt 0.71407 0.05763
vt 0.70077 0.04000
vt 0.71145 0.04454
vt 0.01263 0.06038
vt 0.01306 0.07624
vt 0.00916 0.06262
vt 0.71247 0.05932
vt 0.70077 0.04000
vt 0.71407 0.05763
vt 0.71247 0.05932
vt 0.71410 0.07970
vt 0.70077 0.04000
vt 0.71410 0.07970
vt 0.69735 0.07577
vt 0.70077 0.04000
vt 0.03201 0.11935
vt 0.01278 0.10678
vt 0.01579 0.09824
vt 0.01496 0.08476
vt 0.03864 0.09054
vt 0.03201 0.11935
vt 0.01579 0.09824
vt 0.01496 0.08476
vt 0.03201 0.11935
vt 0.03864 0.09054
vt 0.05956 0.09522
vt 0.06441 0.12614
vt 0.06441 0.12614
vt 0.05956 0.09522
vt 0.07235 0.09622
vt 0.03864 0.09054
vt 0.01306 0.07624
vt 0.04838 0.06729
vt 0.05520 0.04835
vt 0.01263 0.06038
vt 0.01726 0.05068
vt 0.01496 0.08476
vt 0.01306 0.07624
vt 0.03864 0.09054
vt 0.69580 0.08709
vt 0.69735 0.07577
vt 0.70801 0.08919
vt 0.69735 0.07577
vt 0.71520 0.08887
vt 0.70801 0.08919
vt 0.71520 0.08887
vt 0.69735 0.07577
vt 0.71410 0.07970
vt 0.03741 0.14640
vt 0.03201 0.11935
vt 0.06032 0.15953
vt 0.69580 0.08709
vt 0.67075 0.11041
vt 0.67616 0.07288
vt 0.67616 0.07288
vt 0.69735 0.07577
vt 0.69580 0.08709
vt 0.69735 0.07577
vt 0.67630 0.04129
vt 0.70077 0.04000
vt 0.05520 0.04835
vt 0.06575 0.05610
vt 0.04838 0.06729
vt 0.06441 0.12614
vt 0.03201 0.11935
vt 0.03864 0.09054
vt 0.06575 0.05610
vt 0.09833 0.08708
vt 0.07235 0.09622
vt 0.68481 0.11323
vt 0.67075 0.11041
vt 0.69580 0.08709
vt 0.69580 0.08709
vt 0.70306 0.10125
vt 0.68481 0.11323
vt 0.71269 0.10997
vt 0.70801 0.08919
vt 0.71520 0.08887
vt 0.70306 0.10125
vt 0.70801 0.08919
vt 0.71269 0.10997
vt 0.70801 0.08919
vt 0.70306 0.10125
vt 0.69580 0.08709
vt 0.70727 0.11614
vt 0.70306 0.10125
vt 0.71269 0.10997
vt 0.69625 0.11980
vt 0.68481 0.11323
vt 0.70306 0.10125
vt 0.67616 0.07288
vt 0.67630 0.04129
vt 0.69735 0.07577
vt 0.69625 0.11980
vt 0.70306 0.10125
vt 0.70727 0.11614
vt 0.07235 0.09622
vt 0.05956 0.09522
vt 0.06575 0.05610
vt 0.04838 0.06729
vt 0.05956 0.09522
vt 0.03864 0.09054
vt 0.06575 0.05610
vt 0.08776 0.06103
vt 0.09833 0.08708
vt 0.05956 0.09522
vt 0.04838 0.06729
vt 0.06575 0.05610
vt 0.67616 0.07288
vt 0.66275 0.08061
vt 0.65941 0.05520
vt 0.67075 0.11041
vt 0.66275 0.08061
vt 0.67616 0.07288
vt 0.63050 0.11387
vt 0.63063 0.06928
vt 0.66275 0.08061
vt 0.67075 0.11041
vt 0.63050 0.11387
vt 0.66275 0.08061
vt 0.67075 0.11041
vt 0.68481 0.11323
vt 0.65969 0.13742
vt 0.06634 0.02105
vt 0.07271 0.03248
vt 0.05695 0.02600
vt 0.05695 0.02600
vt 0.05728 0.02509
vt 0.05896 0.02307
vt 0.05695 0.02600
vt 0.05896 0.02307
vt 0.06634 0.02105
vt 0.06334 0.04977
vt 0.05695 0.02600
vt 0.07271 0.03248
vt 0.06334 0.04977
vt 0.05736 0.03196
vt 0.05695 0.02600
vt 0.05695 0.02600
vt 0.05736 0.03196
vt 0.04179 0.02692
vt 0.05736 0.03196
vt 0.06334 0.04977
vt 0.05520 0.04835
vt 0.03289 0.02709
vt 0.02423 0.02646
vt 0.02845 0.02520
vt 0.02375 0.02981
vt 0.02423 0.02646
vt 0.03289 0.02709
vt 0.02375 0.02981
vt 0.01721 0.02937
vt 0.02423 0.02646
vt 0.01721 0.02937
vt 0.02059 0.02773
vt 0.02423 0.02646
vt 0.05736 0.03196
vt 0.05520 0.04835
vt 0.04179 0.02692
vt 0.01721 0.02937
vt 0.01395 0.03126
vt 0.01387 0.03078
vt 0.01721 0.02937
vt 0.02375 0.02981
vt 0.01395 0.03126
vt 0.01395 0.03126
vt 0.02375 0.02981
vt 0.00907 0.03374
vt 0.01395 0.03126
vt 0.00907 0.03374
vt 0.01325 0.03102
vt 0.00907 0.03374
vt 0.02375 0.02981
vt 0.01726 0.05068
vt 0.03289 0.02709
vt 0.01726 0.05068
vt 0.02375 0.02981
vt 0.01726 0.05068
vt 0.03289 0.02709
vt 0.04179 0.02692
vt 0.05520 0.04835
vt 0.01726 0.05068
vt 0.04179 0.02692
vt 0.06575 0.05610
vt 0.05520 0.04835
vt 0.06334 0.04977
vt 0.06334 0.04977
vt 0.08776 0.06103
vt 0.06575 0.05610
vt 0.07271 0.03248
vt 0.08776 0.06103
vt 0.06334 0.04977
vt 0.69996 0.01585
vt 0.70721 0.01809
vt 0.70718 0.03403
vt 0.70077 0.04000
vt 0.69996 0.01585
vt 0.70718 0.03403
vt 0.01263 0.06038
vt 0.00729 0.05624
vt 0.00221 0.03842
vt 0.01726 0.05068
vt 0.01263 0.06038
vt 0.00221 0.03842
vt 0.00221 0.03842
vt 0.00907 0.03374
vt 0.01726 0.05068
vt 0.65057 0.01789
vt 0.67630 0.04129
vt 0.65941 0.05520
vt 0.65057 0.01789
vt 0.66905 0.01636
vt 0.67630 0.04129
vt 0.66905 0.01636
vt 0.65057 0.01789
vt 0.65814 0.01554
vt 0.66905 0.01636
vt 0.68272 0.01710
vt 0.67630 0.04129
vt 0.68272 0.01710
vt 0.69996 0.01585
vt 0.70077 0.04000
vt 0.68272 0.01710
vt 0.70077 0.04000
vt 0.67630 0.04129
vt 0.16298 0.91854
vt 0.15124 0.92554
vt 0.14809 0.91593
vt 0.26847 0.67782
vt 0.29400 0.68445
vt 0.27387 0.68783
vt 0.12716 0.90221
vt 0.14803 0.89003
vt 0.14809 0.90352
vt 0.13495 0.97774
vt 0.13331 0.96080
vt 0.16114 0.98487
vt 0.16114 0.98487
vt 0.13331 0.96080
vt 0.14294 0.95508
vt 0.13898 0.94601
vt 0.15130 0.93381
vt 0.14294 0.95508
vt 0.13898 0.94601
vt 0.14294 0.95508
vt 0.13212 0.94793
vt 0.13212 0.94793
vt 0.14294 0.95508
vt 0.13331 0.96080
vt 0.26804 0.67271
vt 0.28681 0.65776
vt 0.29400 0.68445
vt 0.12800 0.91514
vt 0.15124 0.92554
vt 0.13898 0.94601
vt 0.12543 0.90784
vt 0.12507 0.90416
vt 0.12716 0.90221
vt 0.12543 0.90784
vt 0.12716 0.90221
vt 0.12800 0.91514
vt 0.12514 0.90948
vt 0.12543 0.90784
vt 0.12800 0.91514
vt 0.15130 0.93381
vt 0.13898 0.94601
vt 0.15124 0.92554
vt 0.26804 0.67271
vt 0.26847 0.67782
vt 0.26409 0.66719
vt 0.13898 0.94601
vt 0.13212 0.94793
vt 0.12800 0.91514
vt 0.17113 0.93067
vt 0.15130 0.93381
vt 0.15124 0.92554
vt 0.15130 0.93381
vt 0.17113 0.93067
vt 0.14294 0.95508
vt 0.14809 0.90352
vt 0.14809 0.91593
vt 0.12716 0.90221
vt 0.12716 0.90221
vt 0.14809 0.91593
vt 0.12800 0.91514
vt 0.17829 0.87988
vt 0.20159 0.88186
vt 0.17844 0.88996
vt 0.17844 0.88996
vt 0.20159 0.88186
vt 0.20843 0.89440
vt 0.17844 0.88996
vt 0.20843 0.89440
vt 0.19808 0.90003
vt 0.21165 0.91934
vt 0.19797 0.92511
vt 0.20036 0.91118
vt 0.19797 0.92511
vt 0.21165 0.91934
vt 0.19745 0.93470
vt 0.21843 0.91296
vt 0.21165 0.91934
vt 0.20036 0.91118
vt 0.19808 0.90003
vt 0.21843 0.91296
vt 0.20036 0.91118
vt 0.18546 0.96543
vt 0.17113 0.93067
vt 0.19574 0.95982
vt 0.14809 0.90352
vt 0.14803 0.89003
vt 0.17844 0.88996
vt 0.19745 0.93470
vt 0.18265 0.92915
vt 0.19797 0.92511
vt 0.18265 0.92915
vt 0.16722 0.91213
vt 0.19797 0.92511
vt 0.20036 0.91118
vt 0.19797 0.92511
vt 0.16722 0.91213
vt 0.17113 0.93067
vt 0.16298 0.91854
vt 0.16722 0.91213
vt 0.18265 0.92915
vt 0.17113 0.93067
vt 0.16722 0.91213
vt 0.17113 0.93067
vt 0.19745 0.93470
vt 0.19574 0.95982
vt 0.17113 0.93067
vt 0.18265 0.92915
vt 0.19745 0.93470
vt 0.17113 0.93067
vt 0.15124 0.92554
vt 0.16298 0.91854
vt 0.25034 0.64000
vt 0.27799 0.62008
vt 0.27328 0.64815
vt 0.21435 0.95964
vt 0.19574 0.95982
vt 0.19745 0.93470
vt 0.29212 0.64239
vt 0.28681 0.65776
vt 0.27328 0.64815
vt 0.21435 0.95964
vt 0.19745 0.93470
vt 0.21086 0.93619
vt 0.21227 0.96350
vt 0.19574 0.95982
vt 0.21435 0.95964
vt 0.17844 0.88996
vt 0.16722 0.91213
vt 0.14809 0.90352
vt 0.27328 0.64815
vt 0.26804 0.67271
vt 0.26409 0.66719
vt 0.21814 0.94374
vt 0.21435 0.95964
vt 0.21086 0.93619
vt 0.14809 0.90352
vt 0.16722 0.91213
vt 0.16298 0.91854
vt 0.27337 0.59102
vt 0.30536 0.58959
vt 0.29075 0.60385
vt 0.19745 0.93470
vt 0.21165 0.91934
vt 0.21086 0.93619
vt 0.21165 0.91934
vt 0.21843 0.91296
vt 0.21086 0.93619
vt 0.22898 0.93304
vt 0.21814 0.94374
vt 0.21086 0.93619
vt 0.14809 0.91593
vt 0.14809 0.90352
vt 0.16298 0.91854
vt 0.29075 0.60385
vt 0.27799 0.62008
vt 0.27337 0.59102
vt 0.15124 0.92554
vt 0.12800 0.91514
vt 0.14809 0.91593
vt 0.17844 0.88996
vt 0.19808 0.90003
vt 0.16722 0.91213
vt 0.16722 0.91213
vt 0.19808 0.90003
vt 0.20036 0.91118
vt 0.14933 0.98502
vt 0.13495 0.97774
vt 0.16114 0.98487
vt 0.16114 0.98487
vt 0.14294 0.95508
vt 0.17780 0.97514
vt 0.18546 0.96543
vt 0.17780 0.97514
vt 0.14294 0.95508
vt 0.18546 0.96543
vt 0.14294 0.95508
vt 0.17113 0.93067
vt 0.27328 0.64815
vt 0.28681 0.65776
vt 0.26804 0.67271
vt 0.21814 0.94374
vt 0.23607 0.95444
vt 0.21435 0.95964
vt 0.19574 0.95982
vt 0.21227 0.96350
vt 0.21061 0.96961
vt 0.19304 0.98716
vt 0.17780 0.97514
vt 0.21061 0.96961
vt 0.17780 0.97514
vt 0.18546 0.96543
vt 0.21061 0.96961
vt 0.22126 0.98146
vt 0.21201 0.98954
vt 0.19304 0.98716
vt 0.16114 0.98487
vt 0.17780 0.97514
vt 0.19304 0.98716
vt 0.18546 0.96543
vt 0.19574 0.95982
vt 0.21061 0.96961
vt 0.22126 0.98146
vt 0.19304 0.98716
vt 0.21061 0.96961
vt 0.23598 0.59473
vt 0.27337 0.59102
vt 0.27799 0.62008
vt 0.21227 0.96350
vt 0.21435 0.95964
vt 0.21061 0.96961
vt 0.21061 0.96961
vt 0.23607 0.95444
vt 0.24370 0.97896
vt 0.22126 0.98146
vt 0.21061 0.96961
vt 0.24370 0.97896
vt 0.21201 0.98954
vt 0.22126 0.98146
vt 0.23836 0.98968
vt 0.23836 0.98968
vt 0.22126 0.98146
vt 0.24370 0.97896
vt 0.26409 0.66719
vt 0.25034 0.64000
vt 0.27328 0.64815
vt 0.27799 0.62008
vt 0.25034 0.64000
vt 0.24306 0.62178
vt 0.23598 0.59473
vt 0.27799 0.62008
vt 0.24306 0.62178
vt 0.23607 0.95444
vt 0.21061 0.96961
vt 0.21435 0.95964
vt 0.14803 0.89003
vt 0.12716 0.90221
vt 0.12295 0.89314
vt 0.69146 0.66155
vt 0.69584 0.68832
vt 0.68991 0.68401
vt 0.01314 0.61691
vt 0.02691 0.60719
vt 0.02457 0.64631
vt 0.08344 0.58179
vt 0.05667 0.58215
vt 0.08683 0.56494
vt 0.14623 0.62825
vt 0.13972 0.59897
vt 0.15406 0.59247
vt 0.07034 0.61226
vt 0.05667 0.58215
vt 0.08344 0.58179
vt 0.15406 0.59247
vt 0.16321 0.58998
vt 0.16136 0.61123
vt 0.12822 0.60578
vt 0.12883 0.57275
vt 0.13972 0.59897
vt 0.12822 0.60578
vt 0.10982 0.56790
vt 0.12883 0.57275
vt 0.15406 0.59247
vt 0.16136 0.61123
vt 0.14623 0.62825
vt 0.15771 0.64234
vt 0.14623 0.62825
vt 0.16136 0.61123
vt 0.10445 0.65262
vt 0.11686 0.61728
vt 0.12962 0.62120
vt 0.13972 0.59897
vt 0.12962 0.62120
vt 0.12822 0.60578
vt 0.09852 0.62622
vt 0.11686 0.61728
vt 0.10445 0.65262
vt 0.12962 0.62120
vt 0.13972 0.59897
vt 0.14623 0.62825
vt 0.06420 0.62298
vt 0.07034 0.61226
vt 0.07201 0.64063
vt 0.07034 0.61226
vt 0.08344 0.58179
vt 0.09030 0.62662
vt 0.15406 0.59247
vt 0.13972 0.59897
vt 0.13947 0.57073
vt 0.10982 0.56790
vt 0.09555 0.59992
vt 0.08603 0.57514
vt 0.08344 0.58179
vt 0.08603 0.57514
vt 0.09555 0.59992
vt 0.09852 0.62622
vt 0.09555 0.59992
vt 0.11686 0.61728
vt 0.04135 0.59969
vt 0.06420 0.62298
vt 0.04945 0.62647
vt 0.01314 0.61691
vt 0.02457 0.64631
vt 0.01351 0.63855
vt 0.69131 0.71150
vt 0.72107 0.74602
vt 0.69465 0.73368
vt 0.04135 0.59969
vt 0.05667 0.58215
vt 0.06420 0.62298
vt 0.04945 0.62647
vt 0.02457 0.64631
vt 0.02691 0.60719
vt 0.06420 0.62298
vt 0.05667 0.58215
vt 0.07034 0.61226
vt 0.15406 0.59247
vt 0.16048 0.56900
vt 0.16321 0.58998
vt 0.15406 0.59247
vt 0.13947 0.57073
vt 0.16048 0.56900
vt 0.09852 0.62622
vt 0.09030 0.62662
vt 0.09555 0.59992
vt 0.04945 0.62647
vt 0.02691 0.60719
vt 0.04135 0.59969
vt 0.08344 0.58179
vt 0.09555 0.59992
vt 0.09030 0.62662
vt 0.08683 0.56494
vt 0.10982 0.56790
vt 0.08603 0.57514
vt 0.67204 0.73832
vt 0.69131 0.71150
vt 0.69465 0.73368
vt 0.07144 0.65696
vt 0.04945 0.62647
vt 0.06420 0.62298
vt 0.07144 0.65696
vt 0.06420 0.62298
vt 0.07201 0.64063
vt 0.12883 0.57275
vt 0.13947 0.57073
vt 0.13972 0.59897
vt 0.11686 0.61728
vt 0.10982 0.56790
vt 0.12822 0.60578
vt 0.09555 0.59992
vt 0.10982 0.56790
vt 0.11686 0.61728
vt 0.11686 0.61728
vt 0.12822 0.60578
vt 0.12962 0.62120
vt 0.70396 0.70165
vt 0.69131 0.71150
vt 0.69584 0.68832
vt 0.69131 0.71150
vt 0.68204 0.68754
vt 0.69584 0.68832
vt 0.68991 0.68401
vt 0.69584 0.68832
vt 0.68204 0.68754
vt 0.04286 0.58112
vt 0.03366 0.57532
vt 0.05089 0.54137
vt 0.67204 0.73832
vt 0.66417 0.71786
vt 0.69131 0.71150
vt 0.67204 0.73832
vt 0.66358 0.74321
vt 0.66417 0.71786
vt 0.02880 0.58977
vt 0.03801 0.58770
vt 0.02271 0.59999
vt 0.02691 0.60719
vt 0.03801 0.58770
vt 0.04135 0.59969
vt 0.02691 0.60719
vt 0.02271 0.59999
vt 0.03801 0.58770
vt 0.69131 0.71150
vt 0.66417 0.71786
vt 0.67004 0.70516
vt 0.67004 0.70516
vt 0.66417 0.71786
vt 0.66530 0.70814
vt 0.02880 0.58977
vt 0.03263 0.58398
vt 0.03801 0.58770
vt 0.04286 0.58112
vt 0.03801 0.58770
vt 0.03263 0.58398
vt 0.03366 0.57532
vt 0.04286 0.58112
vt 0.03263 0.58398
vt 0.09030 0.62662
vt 0.07201 0.64063
vt 0.07034 0.61226
vt 0.02691 0.60719
vt 0.01314 0.61691
vt 0.01519 0.61028
vt 0.02691 0.60719
vt 0.01519 0.61028
vt 0.02271 0.59999
vt 0.69131 0.71150
vt 0.67172 0.69519
vt 0.68204 0.68754
vt 0.67172 0.69519
vt 0.69131 0.71150
vt 0.67004 0.70516
vt 0.08603 0.57514
vt 0.08344 0.58179
vt 0.08683 0.56494
vt 0.05667 0.58215
vt 0.04135 0.59969
vt 0.03801 0.58770
vt 0.03801 0.58770
vt 0.04286 0.58112
vt 0.05667 0.58215
vt 0.04286 0.58112
vt 0.05089 0.54137
vt 0.05667 0.58215
vt 0.09030 0.62662
vt 0.09410 0.65439
vt 0.07201 0.64063
vt 0.77006 0.58179
vt 0.77045 0.59346
vt 0.76480 0.59146
vt 0.76480 0.59146
vt 0.77045 0.59346
vt 0.77365 0.60306
vt 0.70041 0.66293
vt 0.70396 0.70165
vt 0.69584 0.68832
vt 0.70396 0.70165
vt 0.70041 0.66293
vt 0.71201 0.66445
vt 0.72110 0.66437
vt 0.72515 0.67874
vt 0.71201 0.66445
vt 0.69408 0.63168
vt 0.69208 0.61693
vt 0.69856 0.62212
vt 0.69856 0.62212
vt 0.69208 0.61693
vt 0.69353 0.60995
vt 0.69353 0.60995
vt 0.70642 0.61918
vt 0.69856 0.62212
vt 0.00710 0.68198
vt 0.00518 0.69054
vt 0.00412 0.68395
vt 0.70471 0.59976
vt 0.70642 0.61918
vt 0.69353 0.60995
vt 0.70642 0.61918
vt 0.70471 0.59976
vt 0.71138 0.61147
vt 0.71138 0.61147
vt 0.72126 0.60205
vt 0.72767 0.62247
vt 0.72126 0.60205
vt 0.71138 0.61147
vt 0.71588 0.59771
vt 0.71588 0.59771
vt 0.71138 0.61147
vt 0.70471 0.59976
vt 0.71271 0.58995
vt 0.71588 0.59771
vt 0.70471 0.59976
vt 0.72337 0.59313
vt 0.72126 0.60205
vt 0.71588 0.59771
vt 0.70471 0.59976
vt 0.70417 0.58528
vt 0.71271 0.58995
vt 0.72337 0.59313
vt 0.71588 0.59771
vt 0.71271 0.58995
vt 0.72337 0.59313
vt 0.71271 0.58995
vt 0.72158 0.58225
vt 0.71201 0.66445
vt 0.70041 0.66293
vt 0.70602 0.63875
vt 0.69320 0.64775
vt 0.70602 0.63875
vt 0.70041 0.66293
vt 0.70602 0.63875
vt 0.71433 0.64660
vt 0.71201 0.66445
vt 0.72110 0.66437
vt 0.71201 0.66445
vt 0.71433 0.64660
vt 0.74925 0.66469
vt 0.72110 0.66437
vt 0.74163 0.64343
vt 0.69320 0.64775
vt 0.69408 0.63168
vt 0.70602 0.63875
vt 0.70642 0.61918
vt 0.71433 0.64660
vt 0.70602 0.63875
vt 0.71433 0.64660
vt 0.72767 0.62247
vt 0.72110 0.66437
vt 0.70602 0.63875
vt 0.69408 0.63168
vt 0.69856 0.62212
vt 0.70642 0.61918
vt 0.72767 0.62247
vt 0.71433 0.64660
vt 0.72110 0.66437
vt 0.72767 0.62247
vt 0.74163 0.64343
vt 0.70642 0.61918
vt 0.70602 0.63875
vt 0.69856 0.62212
vt 0.72767 0.62247
vt 0.70642 0.61918
vt 0.71138 0.61147
vt 0.01991 0.70981
vt 0.01747 0.72444
vt 0.01142 0.71875
vt 0.68579 0.58219
vt 0.68925 0.57644
vt 0.70417 0.58528
vt 0.73944 0.71263
vt 0.73288 0.71490
vt 0.72515 0.67874
vt 0.72179 0.69922
vt 0.72515 0.67874
vt 0.73288 0.71490
vt 0.71201 0.66445
vt 0.72179 0.69922
vt 0.70396 0.70165
vt 0.74925 0.66469
vt 0.73944 0.71263
vt 0.72515 0.67874
vt 0.72179 0.69922
vt 0.71201 0.66445
vt 0.72515 0.67874
vt 0.72110 0.66437
vt 0.74925 0.66469
vt 0.72515 0.67874
vt 0.73944 0.71263
vt 0.75763 0.67772
vt 0.76107 0.69819
vt 0.75763 0.67772
vt 0.76361 0.67306
vt 0.76107 0.69819
vt 0.76107 0.69819
vt 0.76361 0.67306
vt 0.77623 0.70367
vt 0.75763 0.67772
vt 0.73944 0.71263
vt 0.74925 0.66469
vt 0.78028 0.68617
vt 0.76361 0.67306
vt 0.78223 0.67224
vt 0.74925 0.66469
vt 0.76361 0.67306
vt 0.75763 0.67772
vt 0.75544 0.64689
vt 0.76361 0.67306
vt 0.74925 0.66469
vt 0.77216 0.64582
vt 0.78223 0.67224
vt 0.76361 0.67306
vt 0.72126 0.60205
vt 0.73465 0.60801
vt 0.72767 0.62247
vt 0.72767 0.62247
vt 0.73465 0.60801
vt 0.74695 0.63332
vt 0.74282 0.60271
vt 0.75393 0.59952
vt 0.76883 0.61838
vt 0.72887 0.59353
vt 0.74282 0.60271
vt 0.73465 0.60801
vt 0.77365 0.60306
vt 0.76883 0.61838
vt 0.75393 0.59952
vt 0.72337 0.59313
vt 0.72887 0.59353
vt 0.72126 0.60205
vt 0.72887 0.59353
vt 0.73465 0.60801
vt 0.72126 0.60205
vt 0.74282 0.60271
vt 0.72887 0.59353
vt 0.73532 0.59148
vt 0.73532 0.59148
vt 0.72887 0.59353
vt 0.73339 0.58180
vt 0.73877 0.58791
vt 0.75393 0.59952
vt 0.74282 0.60271
vt 0.73532 0.59148
vt 0.73877 0.58791
vt 0.74282 0.60271
vt 0.72337 0.59313
vt 0.72158 0.58225
vt 0.72887 0.59353
vt 0.75393 0.59952
vt 0.73877 0.58791
vt 0.74755 0.58344
vt 0.75393 0.59952
vt 0.76480 0.59146
vt 0.77365 0.60306
vt 0.73877 0.58791
vt 0.73532 0.59148
vt 0.73339 0.58180
vt 0.76480 0.59146
vt 0.75393 0.59952
vt 0.74755 0.58344
vt 0.74925 0.66469
vt 0.74163 0.64343
vt 0.75544 0.64689
vt 0.74163 0.64343
vt 0.74695 0.63332
vt 0.75544 0.64689
vt 0.75822 0.63721
vt 0.75544 0.64689
vt 0.74695 0.63332
vt 0.77216 0.64582
vt 0.75544 0.64689
vt 0.75822 0.63721
vt 0.72767 0.62247
vt 0.74695 0.63332
vt 0.74163 0.64343
vt 0.74282 0.60271
vt 0.75822 0.63721
vt 0.74695 0.63332
vt 0.74695 0.63332
vt 0.73465 0.60801
vt 0.74282 0.60271
vt 0.74282 0.60271
vt 0.76883 0.61838
vt 0.75822 0.63721
vt 0.00997 0.66512
vt 0.02398 0.68338
vt 0.00710 0.68198
vt 0.02398 0.68338
vt 0.02771 0.70068
vt 0.01315 0.69619
vt 0.00908 0.70350
vt 0.00518 0.69054
vt 0.01315 0.69619
vt 0.00710 0.68198
vt 0.02398 0.68338
vt 0.01315 0.69619
vt 0.69151 0.60568
vt 0.70471 0.59976
vt 0.69353 0.60995
vt 0.00908 0.70350
vt 0.01315 0.69619
vt 0.01991 0.70981
vt 0.69151 0.60568
vt 0.68394 0.59350
vt 0.70471 0.59976
vt 0.00710 0.68198
vt 0.01315 0.69619
vt 0.00518 0.69054
vt 0.70417 0.58528
vt 0.68394 0.59350
vt 0.68579 0.58219
vt 0.00908 0.70350
vt 0.01991 0.70981
vt 0.01142 0.71875
vt 0.70417 0.58528
vt 0.70471 0.59976
vt 0.68394 0.59350
vt 0.00997 0.66512
vt 0.02763 0.66948
vt 0.02398 0.68338
vt 0.70396 0.70165
vt 0.72107 0.74602
vt 0.69131 0.71150
vt 0.72107 0.74602
vt 0.70396 0.70165
vt 0.71875 0.72645
vt 0.71875 0.72645
vt 0.70396 0.70165
vt 0.72179 0.69922
vt 0.72179 0.69922
vt 0.73288 0.71490
vt 0.71875 0.72645
vt 0.77623 0.70367
vt 0.76294 0.71426
vt 0.76107 0.69819
vt 0.76294 0.71426
vt 0.73944 0.71263
vt 0.76107 0.69819
vt 0.80422 0.65127
vt 0.77216 0.64582
vt 0.78943 0.63710
vt 0.75544 0.64689
vt 0.77216 0.64582
vt 0.76361 0.67306
vt 0.77216 0.64582
vt 0.80422 0.65127
vt 0.78223 0.67224
vt 0.80988 0.59429
vt 0.79215 0.57982
vt 0.81786 0.58098
vt 0.79215 0.57982
vt 0.77006 0.58179
vt 0.78989 0.57493
vt 0.01991 0.70981
vt 0.01315 0.69619
vt 0.02771 0.70068
vt 0.45578 0.67184
vt 0.48812 0.70910
vt 0.46344 0.69591
vt 0.09562 0.69670
vt 0.08487 0.69714
vt 0.08326 0.69164
vt 0.10230 0.70481
vt 0.09499 0.71424
vt 0.09562 0.69670
vt 0.16054 0.70144
vt 0.14459 0.67223
vt 0.15896 0.67930
vt 0.08487 0.69714
vt 0.08114 0.71377
vt 0.07200 0.70279
vt 0.16857 0.71598
vt 0.16054 0.70144
vt 0.17056 0.69960
vt 0.14459 0.71308
vt 0.14459 0.67223
vt 0.16054 0.70144
vt 0.14459 0.67223
vt 0.15603 0.65432
vt 0.15896 0.67930
vt 0.08656 0.71683
vt 0.08487 0.69714
vt 0.09499 0.71424
vt 0.08656 0.71683
vt 0.08114 0.71377
vt 0.08487 0.69714
vt 0.11855 0.72503
vt 0.10230 0.70481
vt 0.11634 0.69844
vt 0.09740 0.72106
vt 0.10230 0.70481
vt 0.11855 0.72503
vt 0.09740 0.72106
vt 0.09499 0.71424
vt 0.10230 0.70481
vt 0.15896 0.67930
vt 0.17056 0.69960
vt 0.16054 0.70144
vt 0.12962 0.62120
vt 0.14623 0.62825
vt 0.13835 0.64883
vt 0.48812 0.70910
vt 0.45578 0.67184
vt 0.49360 0.66938
vt 0.11634 0.69844
vt 0.10230 0.70481
vt 0.10187 0.67631
vt 0.09562 0.69670
vt 0.10187 0.67631
vt 0.10230 0.70481
vt 0.45683 0.63132
vt 0.49360 0.66938
vt 0.45598 0.64473
vt 0.49360 0.66938
vt 0.45578 0.67184
vt 0.45598 0.64473
vt 0.11855 0.72503
vt 0.11634 0.69844
vt 0.14459 0.71308
vt 0.11634 0.69844
vt 0.12712 0.66684
vt 0.14459 0.67223
vt 0.13835 0.64883
vt 0.14459 0.67223
vt 0.12712 0.66684
vt 0.15603 0.65432
vt 0.14459 0.67223
vt 0.13835 0.64883
vt 0.14623 0.62825
vt 0.15771 0.64234
vt 0.15603 0.65432
vt 0.14623 0.62825
vt 0.15603 0.65432
vt 0.13835 0.64883
vt 0.14459 0.71308
vt 0.11634 0.69844
vt 0.14459 0.67223
vt 0.09499 0.71424
vt 0.08487 0.69714
vt 0.09562 0.69670
vt 0.13835 0.64883
vt 0.12712 0.66684
vt 0.12962 0.62120
vt 0.11634 0.69844
vt 0.10187 0.67631
vt 0.12712 0.66684
vt 0.08487 0.69714
vt 0.07200 0.70279
vt 0.08326 0.69164
vt 0.46344 0.69591
vt 0.47995 0.72865
vt 0.45603 0.71216
vt 0.08656 0.71683
vt 0.09499 0.71424
vt 0.09740 0.72106
vt 0.03814 0.69327
vt 0.02771 0.70068
vt 0.02398 0.68338
vt 0.07603 0.65289
vt 0.09410 0.65439
vt 0.10187 0.67631
vt 0.08326 0.69164
vt 0.07200 0.70279
vt 0.06262 0.67972
vt 0.07144 0.65696
vt 0.07920 0.67592
vt 0.06262 0.67972
vt 0.07920 0.67592
vt 0.08326 0.69164
vt 0.06262 0.67972
vt 0.04945 0.62647
vt 0.06262 0.67972
vt 0.03674 0.65554
vt 0.02763 0.66948
vt 0.02457 0.64631
vt 0.03674 0.65554
vt 0.02457 0.64631
vt 0.04945 0.62647
vt 0.03674 0.65554
vt 0.07920 0.67592
vt 0.07144 0.65696
vt 0.07603 0.65289
vt 0.04552 0.70871
vt 0.05937 0.72738
vt 0.04379 0.71459
vt 0.04552 0.70871
vt 0.02463 0.71496
vt 0.02771 0.70068
vt 0.02463 0.71496
vt 0.04552 0.70871
vt 0.04379 0.71459
vt 0.10187 0.67631
vt 0.09562 0.69670
vt 0.07920 0.67592
vt 0.05937 0.72738
vt 0.04552 0.70871
vt 0.08114 0.71377
vt 0.02771 0.70068
vt 0.03814 0.69327
vt 0.04552 0.70871
vt 0.04552 0.70871
vt 0.03814 0.69327
vt 0.04245 0.69327
vt 0.07920 0.67592
vt 0.07603 0.65289
vt 0.10187 0.67631
vt 0.04245 0.69327
vt 0.07200 0.70279
vt 0.04552 0.70871
vt 0.04945 0.62647
vt 0.07144 0.65696
vt 0.06262 0.67972
vt 0.07144 0.65696
vt 0.07201 0.64063
vt 0.07603 0.65289
vt 0.05937 0.72738
vt 0.08114 0.71377
vt 0.07458 0.72266
vt 0.01351 0.63855
vt 0.02457 0.64631
vt 0.01252 0.65148
vt 0.08114 0.71377
vt 0.04552 0.70871
vt 0.07200 0.70279
vt 0.02457 0.64631
vt 0.02763 0.66948
vt 0.00997 0.66512
vt 0.00997 0.66512
vt 0.01252 0.65148
vt 0.02457 0.64631
vt 0.69320 0.64775
vt 0.70041 0.66293
vt 0.69146 0.66155
vt 0.03674 0.65554
vt 0.04098 0.66961
vt 0.02763 0.66948
vt 0.03814 0.69327
vt 0.02763 0.66948
vt 0.04098 0.66961
vt 0.02763 0.66948
vt 0.03814 0.69327
vt 0.02398 0.68338
vt 0.04229 0.67701
vt 0.06262 0.67972
vt 0.04245 0.69327
vt 0.04245 0.69327
vt 0.03814 0.69327
vt 0.04229 0.67701
vt 0.04229 0.67701
vt 0.03814 0.69327
vt 0.04098 0.66961
vt 0.07200 0.70279
vt 0.04245 0.69327
vt 0.06262 0.67972
vt 0.06262 0.67972
vt 0.04098 0.66961
vt 0.03674 0.65554
vt 0.04229 0.67701
vt 0.04098 0.66961
vt 0.06262 0.67972
vt 0.69146 0.66155
vt 0.70041 0.66293
vt 0.69584 0.68832
vt 0.10445 0.65262
vt 0.12712 0.66684
vt 0.10187 0.67631
vt 0.10187 0.67631
vt 0.09410 0.65439
vt 0.10445 0.65262
vt 0.09852 0.62622
vt 0.10445 0.65262
vt 0.09030 0.62662
vt 0.09410 0.65439
vt 0.09030 0.62662
vt 0.10445 0.65262
vt 0.12962 0.62120
vt 0.12712 0.66684
vt 0.10445 0.65262
vt 0.01991 0.70981
vt 0.02771 0.70068
vt 0.02463 0.71496
vt 0.09410 0.65439
vt 0.07603 0.65289
vt 0.07201 0.64063
vt 0.08326 0.69164
vt 0.07920 0.67592
vt 0.09562 0.69670
vt 0.14814 0.39165
vt 0.17461 0.41976
vt 0.11961 0.42350
vt 0.09295 0.43447
vt 0.10436 0.40729
vt 0.11961 0.42350
vt 0.09088 0.46600
vt 0.06827 0.44577
vt 0.09295 0.43447
vt 0.09295 0.43447
vt 0.11961 0.42350
vt 0.13261 0.43326
vt 0.13261 0.43326
vt 0.09088 0.46600
vt 0.09295 0.43447
vt 0.11961 0.42350
vt 0.11754 0.40021
vt 0.14814 0.39165
vt 0.13941 0.45139
vt 0.13261 0.43326
vt 0.16986 0.43538
vt 0.11754 0.40021
vt 0.12321 0.39142
vt 0.13122 0.39000
vt 0.10436 0.40729
vt 0.11754 0.40021
vt 0.11961 0.42350
vt 0.09088 0.46600
vt 0.13261 0.43326
vt 0.13941 0.45139
vt 0.13863 0.47032
vt 0.09088 0.46600
vt 0.13941 0.45139
vt 0.16551 0.46846
vt 0.15141 0.48067
vt 0.13863 0.47032
vt 0.15775 0.45633
vt 0.16551 0.46846
vt 0.13863 0.47032
vt 0.06827 0.44577
vt 0.06653 0.42318
vt 0.07910 0.40829
vt 0.05183 0.39839
vt 0.05880 0.39691
vt 0.04841 0.40340
vt 0.05698 0.40710
vt 0.04841 0.40340
vt 0.05880 0.39691
vt 0.68375 0.85501
vt 0.67550 0.88059
vt 0.65411 0.85438
vt 0.04119 0.46308
vt 0.04934 0.44435
vt 0.06328 0.45340
vt 0.65411 0.85438
vt 0.65733 0.83658
vt 0.68375 0.85501
vt 0.17461 0.41976
vt 0.13261 0.43326
vt 0.11961 0.42350
vt 0.07910 0.40829
vt 0.05698 0.40710
vt 0.08968 0.39226
vt 0.13863 0.47032
vt 0.13941 0.45139
vt 0.15775 0.45633
vt 0.03993 0.47715
vt 0.04119 0.46308
vt 0.06328 0.45340
vt 0.69426 0.81753
vt 0.65733 0.83658
vt 0.66099 0.82297
vt 0.68375 0.85501
vt 0.65733 0.83658
vt 0.69426 0.81753
vt 0.16986 0.43538
vt 0.13261 0.43326
vt 0.17461 0.41976
vt 0.07910 0.40829
vt 0.09383 0.39676
vt 0.10436 0.40729
vt 0.08968 0.39226
vt 0.09383 0.39676
vt 0.07910 0.40829
vt 0.65089 0.88516
vt 0.65191 0.87113
vt 0.67550 0.88059
vt 0.15775 0.45633
vt 0.16360 0.45677
vt 0.16551 0.46846
vt 0.13941 0.45139
vt 0.16986 0.43538
vt 0.15775 0.45633
vt 0.15775 0.45633
vt 0.16986 0.43538
vt 0.16360 0.45677
vt 0.06653 0.42318
vt 0.06827 0.44577
vt 0.06328 0.45340
vt 0.04934 0.44435
vt 0.04910 0.43316
vt 0.06328 0.45340
vt 0.06653 0.42318
vt 0.06328 0.45340
vt 0.04910 0.43316
vt 0.05698 0.40710
vt 0.06653 0.42318
vt 0.04910 0.43316
vt 0.07910 0.40829
vt 0.09295 0.43447
vt 0.06827 0.44577
vt 0.07910 0.40829
vt 0.10436 0.40729
vt 0.09295 0.43447
vt 0.67550 0.88059
vt 0.65191 0.87113
vt 0.65411 0.85438
vt 0.04742 0.41750
vt 0.04841 0.40340
vt 0.05698 0.40710
vt 0.65089 0.88516
vt 0.65370 0.90474
vt 0.64990 0.90199
vt 0.07910 0.40829
vt 0.06653 0.42318
vt 0.05698 0.40710
vt 0.06328 0.45340
vt 0.06827 0.44577
vt 0.07126 0.46704
vt 0.06827 0.44577
vt 0.09088 0.46600
vt 0.07126 0.46704
vt 0.04742 0.41750
vt 0.05698 0.40710
vt 0.04910 0.43316
vt 0.13122 0.39000
vt 0.14311 0.38802
vt 0.14814 0.39165
vt 0.07126 0.46704
vt 0.09088 0.46600
vt 0.08344 0.49303
vt 0.11821 0.48257
vt 0.09377 0.49829
vt 0.09088 0.46600
vt 0.09088 0.46600
vt 0.09377 0.49829
vt 0.08344 0.49303
vt 0.16102 0.54226
vt 0.14470 0.55074
vt 0.15060 0.52903
vt 0.06047 0.52748
vt 0.08344 0.49303
vt 0.08481 0.52968
vt 0.08344 0.49303
vt 0.09377 0.49829
vt 0.08481 0.52968
vt 0.09088 0.46600
vt 0.13863 0.47032
vt 0.11821 0.48257
vt 0.12216 0.50436
vt 0.13704 0.53446
vt 0.08481 0.52968
vt 0.13704 0.53446
vt 0.15060 0.52903
vt 0.14470 0.55074
vt 0.09377 0.49829
vt 0.12216 0.50436
vt 0.08481 0.52968
vt 0.10982 0.56790
vt 0.13704 0.53446
vt 0.12883 0.57275
vt 0.13863 0.47032
vt 0.13252 0.48414
vt 0.11821 0.48257
vt 0.15141 0.48067
vt 0.14660 0.49398
vt 0.13252 0.48414
vt 0.14660 0.49398
vt 0.15902 0.52488
vt 0.15060 0.52903
vt 0.11821 0.48257
vt 0.12216 0.50436
vt 0.09377 0.49829
vt 0.11821 0.48257
vt 0.13252 0.48414
vt 0.12216 0.50436
vt 0.10982 0.56790
vt 0.08481 0.52968
vt 0.13704 0.53446
vt 0.08481 0.52968
vt 0.08683 0.56494
vt 0.06047 0.52748
vt 0.10982 0.56790
vt 0.08683 0.56494
vt 0.08481 0.52968
vt 0.16027 0.48642
vt 0.14660 0.49398
vt 0.15141 0.48067
vt 0.13704 0.53446
vt 0.13222 0.49779
vt 0.14660 0.49398
vt 0.15141 0.48067
vt 0.13252 0.48414
vt 0.13863 0.47032
vt 0.13704 0.53446
vt 0.14660 0.49398
vt 0.15060 0.52903
vt 0.14470 0.55074
vt 0.16102 0.54226
vt 0.16048 0.56900
vt 0.13947 0.57073
vt 0.14470 0.55074
vt 0.16048 0.56900
vt 0.12883 0.57275
vt 0.13704 0.53446
vt 0.14470 0.55074
vt 0.14470 0.55074
vt 0.13947 0.57073
vt 0.12883 0.57275
vt 0.13252 0.48414
vt 0.14660 0.49398
vt 0.13222 0.49779
vt 0.13252 0.48414
vt 0.13222 0.49779
vt 0.12216 0.50436
vt 0.13704 0.53446
vt 0.12216 0.50436
vt 0.13222 0.49779
vt 0.16097 0.50067
vt 0.14660 0.49398
vt 0.16027 0.48642
vt 0.66252 0.75423
vt 0.66868 0.77286
vt 0.65872 0.76896
vt 0.03715 0.54013
vt 0.04063 0.52665
vt 0.05089 0.54137
vt 0.06047 0.52748
vt 0.05089 0.54137
vt 0.04063 0.52665
vt 0.65872 0.76896
vt 0.66868 0.77286
vt 0.65945 0.78218
vt 0.04063 0.52665
vt 0.03924 0.51499
vt 0.06047 0.52748
vt 0.69465 0.73368
vt 0.72400 0.76407
vt 0.69857 0.75853
vt 0.69857 0.75853
vt 0.67204 0.73832
vt 0.69465 0.73368
vt 0.72400 0.76407
vt 0.69465 0.73368
vt 0.72107 0.74602
vt 0.07126 0.46704
vt 0.03993 0.47715
vt 0.06328 0.45340
vt 0.06047 0.52748
vt 0.06155 0.49895
vt 0.08344 0.49303
vt 0.08683 0.56494
vt 0.06056 0.55348
vt 0.06047 0.52748
vt 0.07126 0.46704
vt 0.08344 0.49303
vt 0.06155 0.49895
vt 0.06155 0.49895
vt 0.03993 0.47715
vt 0.07126 0.46704
vt 0.03993 0.47715
vt 0.06155 0.49895
vt 0.03914 0.49678
vt 0.03715 0.54013
vt 0.05089 0.54137
vt 0.03767 0.54982
vt 0.66099 0.82297
vt 0.66238 0.80027
vt 0.69426 0.81753
vt 0.03924 0.51499
vt 0.03914 0.49678
vt 0.06155 0.49895
vt 0.65945 0.78218
vt 0.66868 0.77286
vt 0.66238 0.80027
vt 0.06155 0.49895
vt 0.06047 0.52748
vt 0.03924 0.51499
vt 0.08683 0.56494
vt 0.05667 0.58215
vt 0.06056 0.55348
vt 0.03767 0.54982
vt 0.05089 0.54137
vt 0.03366 0.57532
vt 0.05667 0.58215
vt 0.05089 0.54137
vt 0.06056 0.55348
vt 0.69857 0.75853
vt 0.69426 0.81753
vt 0.66868 0.77286
vt 0.69426 0.81753
vt 0.66238 0.80027
vt 0.66868 0.77286
vt 0.66868 0.77286
vt 0.66252 0.75423
vt 0.67204 0.73832
vt 0.66358 0.74321
vt 0.67204 0.73832
vt 0.66252 0.75423
vt 0.69426 0.81753
vt 0.69857 0.75853
vt 0.72400 0.76407
vt 0.67204 0.73832
vt 0.69857 0.75853
vt 0.66868 0.77286
vt 0.05089 0.54137
vt 0.06047 0.52748
vt 0.06056 0.55348
vt 0.27310 0.31745
vt 0.27332 0.29397
vt 0.29571 0.31641
vt 0.30841 0.14853
vt 0.31474 0.14679
vt 0.30883 0.15826
vt 0.30841 0.14853
vt 0.29954 0.15730
vt 0.29793 0.15357
vt 0.30883 0.15826
vt 0.29954 0.15730
vt 0.30841 0.14853
vt 0.31505 0.16517
vt 0.30448 0.17496
vt 0.30883 0.15826
vt 0.27883 0.15434
vt 0.28595 0.14134
vt 0.29808 0.14231
vt 0.29793 0.15357
vt 0.27883 0.15434
vt 0.29808 0.14231
vt 0.27883 0.15434
vt 0.29793 0.15357
vt 0.28562 0.17184
vt 0.30883 0.15826
vt 0.30448 0.17496
vt 0.29753 0.17387
vt 0.29954 0.15730
vt 0.30883 0.15826
vt 0.29753 0.17387
vt 0.29954 0.15730
vt 0.29503 0.16539
vt 0.29793 0.15357
vt 0.29503 0.16539
vt 0.29954 0.15730
vt 0.29753 0.17387
vt 0.28562 0.17184
vt 0.29793 0.15357
vt 0.29503 0.16539
vt 0.28562 0.17184
vt 0.27592 0.16466
vt 0.27883 0.15434
vt 0.31505 0.16517
vt 0.31444 0.19441
vt 0.30448 0.17496
vt 0.29753 0.17387
vt 0.28562 0.17184
vt 0.29503 0.16539
vt 0.30448 0.17496
vt 0.31444 0.19441
vt 0.29753 0.17387
vt 0.36773 0.17781
vt 0.35719 0.19427
vt 0.35727 0.17351
vt 0.31444 0.19441
vt 0.30173 0.19221
vt 0.29753 0.17387
vt 0.29753 0.17387
vt 0.30173 0.19221
vt 0.29294 0.18491
vt 0.29753 0.17387
vt 0.29294 0.18491
vt 0.28562 0.17184
vt 0.31363 0.26041
vt 0.32580 0.25923
vt 0.33274 0.26407
vt 0.32580 0.25923
vt 0.32644 0.24796
vt 0.33951 0.24994
vt 0.31444 0.19441
vt 0.32862 0.21698
vt 0.30691 0.20583
vt 0.30691 0.20583
vt 0.32862 0.21698
vt 0.30161 0.22245
vt 0.31567 0.22821
vt 0.30161 0.22245
vt 0.32862 0.21698
vt 0.29661 0.20120
vt 0.30691 0.20583
vt 0.30161 0.22245
vt 0.31567 0.22821
vt 0.30527 0.22737
vt 0.30161 0.22245
vt 0.30161 0.22245
vt 0.30527 0.22737
vt 0.29510 0.22768
vt 0.28095 0.21942
vt 0.30161 0.22245
vt 0.29510 0.22768
vt 0.31505 0.16517
vt 0.33068 0.19473
vt 0.31444 0.19441
vt 0.35719 0.19427
vt 0.34407 0.19786
vt 0.35727 0.17351
vt 0.33112 0.15374
vt 0.35727 0.17351
vt 0.31505 0.16517
vt 0.34407 0.19786
vt 0.35719 0.19427
vt 0.33978 0.20847
vt 0.33978 0.20847
vt 0.31444 0.19441
vt 0.33068 0.19473
vt 0.33978 0.20847
vt 0.32862 0.21698
vt 0.31444 0.19441
vt 0.32862 0.21698
vt 0.33978 0.20847
vt 0.34145 0.22686
vt 0.31567 0.22821
vt 0.32862 0.21698
vt 0.32644 0.24796
vt 0.29791 0.27654
vt 0.32176 0.29223
vt 0.27332 0.29397
vt 0.33068 0.19473
vt 0.35727 0.17351
vt 0.34407 0.19786
vt 0.27332 0.29397
vt 0.30648 0.31003
vt 0.29571 0.31641
vt 0.33112 0.15374
vt 0.30883 0.15826
vt 0.31474 0.14679
vt 0.29793 0.15357
vt 0.31042 0.13998
vt 0.30841 0.14853
vt 0.31505 0.16517
vt 0.35727 0.17351
vt 0.33068 0.19473
vt 0.31042 0.13998
vt 0.29793 0.15357
vt 0.29808 0.14231
vt 0.31444 0.19441
vt 0.30691 0.20583
vt 0.30173 0.19221
vt 0.30173 0.19221
vt 0.29661 0.20120
vt 0.29294 0.18491
vt 0.27571 0.17981
vt 0.28562 0.17184
vt 0.27829 0.18667
vt 0.30173 0.19221
vt 0.30691 0.20583
vt 0.29661 0.20120
vt 0.27829 0.18667
vt 0.28562 0.17184
vt 0.29294 0.18491
vt 0.27829 0.18667
vt 0.29294 0.18491
vt 0.28376 0.19688
vt 0.33978 0.20847
vt 0.33068 0.19473
vt 0.34407 0.19786
vt 0.28376 0.19688
vt 0.29294 0.18491
vt 0.29661 0.20120
vt 0.27714 0.19997
vt 0.27829 0.18667
vt 0.28376 0.19688
vt 0.29661 0.20120
vt 0.28095 0.21942
vt 0.28376 0.19688
vt 0.29661 0.20120
vt 0.30161 0.22245
vt 0.28095 0.21942
vt 0.27714 0.19997
vt 0.28376 0.19688
vt 0.28095 0.21942
vt 0.27584 0.22524
vt 0.27466 0.21123
vt 0.28095 0.21942
vt 0.27466 0.21123
vt 0.27714 0.19997
vt 0.28095 0.21942
vt 0.30883 0.15826
vt 0.33112 0.15374
vt 0.31505 0.16517
vt 0.32644 0.24796
vt 0.32862 0.21698
vt 0.34145 0.22686
vt 0.34145 0.22686
vt 0.33951 0.24994
vt 0.32644 0.24796
vt 0.34145 0.22686
vt 0.35171 0.24635
vt 0.33951 0.24994
vt 0.36127 0.22747
vt 0.34145 0.22686
vt 0.33978 0.20847
vt 0.34145 0.22686
vt 0.36127 0.22747
vt 0.35171 0.24635
vt 0.35719 0.19427
vt 0.36127 0.22747
vt 0.33978 0.20847
vt 0.29791 0.27654
vt 0.27332 0.29397
vt 0.28846 0.27277
vt 0.49467 0.88871
vt 0.51473 0.90266
vt 0.50834 0.91194
vt 0.25651 0.27856
vt 0.26585 0.25416
vt 0.28846 0.27277
vt 0.49467 0.88871
vt 0.50834 0.91194
vt 0.47495 0.90462
vt 0.47495 0.90462
vt 0.50834 0.91194
vt 0.48014 0.91647
vt 0.28846 0.27277
vt 0.27332 0.29397
vt 0.25651 0.27856
vt 0.25465 0.28459
vt 0.25651 0.27856
vt 0.27332 0.29397
vt 0.27139 0.23524
vt 0.27584 0.22524
vt 0.27465 0.23789
vt 0.27465 0.23789
vt 0.27026 0.24529
vt 0.26913 0.23955
vt 0.51473 0.90266
vt 0.51547 0.90995
vt 0.50834 0.91194
vt 0.31567 0.22821
vt 0.30734 0.24128
vt 0.30527 0.22737
vt 0.31567 0.22821
vt 0.32644 0.24796
vt 0.30734 0.24128
vt 0.29470 0.23844
vt 0.30527 0.22737
vt 0.30734 0.24128
vt 0.29170 0.24489
vt 0.29470 0.23844
vt 0.30734 0.24128
vt 0.29470 0.23844
vt 0.29510 0.22768
vt 0.30527 0.22737
vt 0.32644 0.24796
vt 0.32580 0.25923
vt 0.31363 0.26041
vt 0.28095 0.21942
vt 0.29510 0.22768
vt 0.28360 0.23433
vt 0.30734 0.24128
vt 0.32644 0.24796
vt 0.31363 0.26041
vt 0.27584 0.22524
vt 0.28095 0.21942
vt 0.28360 0.23433
vt 0.29510 0.22768
vt 0.29470 0.23844
vt 0.28360 0.23433
vt 0.30734 0.24128
vt 0.31363 0.26041
vt 0.29170 0.24489
vt 0.27332 0.29397
vt 0.27310 0.31745
vt 0.25789 0.31825
vt 0.27584 0.22524
vt 0.28360 0.23433
vt 0.27465 0.23789
vt 0.28846 0.27277
vt 0.26585 0.25416
vt 0.27026 0.24529
vt 0.28846 0.27277
vt 0.29170 0.24489
vt 0.31363 0.26041
vt 0.28846 0.27277
vt 0.31363 0.26041
vt 0.29791 0.27654
vt 0.28360 0.23433
vt 0.29470 0.23844
vt 0.27465 0.23789
vt 0.29170 0.24489
vt 0.27465 0.23789
vt 0.29470 0.23844
vt 0.29170 0.24489
vt 0.28846 0.27277
vt 0.27026 0.24529
vt 0.27465 0.23789
vt 0.29170 0.24489
vt 0.27026 0.24529
vt 0.27139 0.23524
vt 0.27465 0.23789
vt 0.26913 0.23955
vt 0.46634 0.18175
vt 0.46730 0.18375
vt 0.46848 0.18663
vt 0.46477 0.17198
vt 0.46675 0.16379
vt 0.46679 0.17006
vt 0.44396 0.18275
vt 0.46477 0.17198
vt 0.46848 0.18663
vt 0.46848 0.18663
vt 0.46984 0.18883
vt 0.47160 0.19434
vt 0.44396 0.18275
vt 0.47160 0.19434
vt 0.47391 0.20364
vt 0.46634 0.18175
vt 0.46848 0.18663
vt 0.46477 0.17198
vt 0.47160 0.19434
vt 0.44396 0.18275
vt 0.46848 0.18663
vt 0.30480 0.05909
vt 0.31865 0.05122
vt 0.31131 0.06348
vt 0.32825 0.07409
vt 0.31796 0.07744
vt 0.32275 0.06995
vt 0.31131 0.06348
vt 0.32275 0.06995
vt 0.31796 0.07744
vt 0.47026 0.12504
vt 0.47201 0.12022
vt 0.47321 0.12861
vt 0.31796 0.07744
vt 0.30865 0.07960
vt 0.31131 0.06348
vt 0.33161 0.08245
vt 0.32449 0.08157
vt 0.32825 0.07409
vt 0.32825 0.07409
vt 0.32449 0.08157
vt 0.31796 0.07744
vt 0.32449 0.08157
vt 0.33161 0.08245
vt 0.31706 0.08913
vt 0.31706 0.08913
vt 0.31796 0.07744
vt 0.32449 0.08157
vt 0.33161 0.08245
vt 0.32724 0.09003
vt 0.31706 0.08913
vt 0.33394 0.01554
vt 0.33774 0.01724
vt 0.33732 0.02653
vt 0.32690 0.02308
vt 0.33394 0.01554
vt 0.33732 0.02653
vt 0.33732 0.02653
vt 0.32699 0.03244
vt 0.32690 0.02308
vt 0.33732 0.02653
vt 0.35006 0.03030
vt 0.33789 0.03547
vt 0.33732 0.02653
vt 0.33253 0.03789
vt 0.32699 0.03244
vt 0.35006 0.03030
vt 0.34592 0.04801
vt 0.33789 0.03547
vt 0.33732 0.02653
vt 0.33789 0.03547
vt 0.33253 0.03789
vt 0.32249 0.01833
vt 0.32245 0.02778
vt 0.31573 0.01974
vt 0.32245 0.02778
vt 0.32249 0.01833
vt 0.32690 0.02308
vt 0.33520 0.14775
vt 0.33112 0.15374
vt 0.31474 0.14679
vt 0.31610 0.02525
vt 0.32245 0.02778
vt 0.31673 0.03192
vt 0.32245 0.02778
vt 0.32690 0.02308
vt 0.32699 0.03244
vt 0.32245 0.02778
vt 0.32699 0.03244
vt 0.32038 0.03210
vt 0.32699 0.03244
vt 0.32150 0.03669
vt 0.32038 0.03210
vt 0.34592 0.04801
vt 0.33122 0.04703
vt 0.33789 0.03547
vt 0.32038 0.03210
vt 0.31673 0.03192
vt 0.32245 0.02778
vt 0.35356 0.01440
vt 0.35033 0.02414
vt 0.33732 0.02653
vt 0.32878 0.11650
vt 0.34282 0.11907
vt 0.33945 0.12901
vt 0.33646 0.10715
vt 0.34282 0.11907
vt 0.32878 0.11650
vt 0.35499 0.11391
vt 0.34282 0.11907
vt 0.33646 0.10715
vt 0.37784 0.13681
vt 0.39499 0.12903
vt 0.38045 0.14528
vt 0.38045 0.14528
vt 0.41551 0.14269
vt 0.42117 0.15690
vt 0.38045 0.14528
vt 0.39499 0.12903
vt 0.41551 0.14269
vt 0.39936 0.11311
vt 0.40532 0.10064
vt 0.43067 0.11931
vt 0.39936 0.11311
vt 0.43067 0.11931
vt 0.39499 0.12903
vt 0.43067 0.11931
vt 0.42180 0.13447
vt 0.39499 0.12903
vt 0.39936 0.11311
vt 0.39499 0.12903
vt 0.37161 0.11909
vt 0.33945 0.12901
vt 0.35422 0.12289
vt 0.34067 0.13448
vt 0.35422 0.12289
vt 0.33945 0.12901
vt 0.34282 0.11907
vt 0.34067 0.13448
vt 0.35422 0.12289
vt 0.36339 0.13565
vt 0.36572 0.14554
vt 0.36339 0.13565
vt 0.37784 0.13681
vt 0.37161 0.11909
vt 0.36339 0.13565
vt 0.35422 0.12289
vt 0.37784 0.13681
vt 0.36339 0.13565
vt 0.37161 0.11909
vt 0.35499 0.11391
vt 0.35422 0.12289
vt 0.34282 0.11907
vt 0.37161 0.11909
vt 0.39499 0.12903
vt 0.37784 0.13681
vt 0.33646 0.10715
vt 0.34574 0.10353
vt 0.35499 0.11391
vt 0.36149 0.09351
vt 0.37161 0.11909
vt 0.35499 0.11391
vt 0.36149 0.09351
vt 0.34574 0.10353
vt 0.34761 0.09018
vt 0.35499 0.11391
vt 0.34574 0.10353
vt 0.36149 0.09351
vt 0.37679 0.10173
vt 0.37161 0.11909
vt 0.36149 0.09351
vt 0.44491 0.10407
vt 0.43067 0.11931
vt 0.43168 0.09193
vt 0.44491 0.10407
vt 0.45255 0.11158
vt 0.43067 0.11931
vt 0.44137 0.09147
vt 0.44491 0.10407
vt 0.43168 0.09193
vt 0.39936 0.11311
vt 0.37161 0.11909
vt 0.37679 0.10173
vt 0.47201 0.12022
vt 0.47026 0.12504
vt 0.46127 0.11160
vt 0.45355 0.12771
vt 0.47026 0.12504
vt 0.46808 0.13161
vt 0.46127 0.11160
vt 0.45623 0.11891
vt 0.45255 0.11158
vt 0.46127 0.11160
vt 0.45195 0.10248
vt 0.46070 0.08595
vt 0.45195 0.10248
vt 0.46127 0.11160
vt 0.45255 0.11158
vt 0.45623 0.11891
vt 0.46127 0.11160
vt 0.47026 0.12504
vt 0.44999 0.08294
vt 0.45195 0.10248
vt 0.44137 0.09147
vt 0.42764 0.06621
vt 0.44999 0.08294
vt 0.43643 0.08225
vt 0.45195 0.10248
vt 0.44491 0.10407
vt 0.44137 0.09147
vt 0.46070 0.08595
vt 0.45195 0.10248
vt 0.44999 0.08294
vt 0.46127 0.11160
vt 0.47538 0.10735
vt 0.47201 0.12022
vt 0.44137 0.09147
vt 0.43643 0.08225
vt 0.44999 0.08294
vt 0.43168 0.09193
vt 0.43643 0.08225
vt 0.44137 0.09147
vt 0.45355 0.12771
vt 0.45623 0.11891
vt 0.47026 0.12504
vt 0.46070 0.08595
vt 0.48089 0.10095
vt 0.47538 0.10735
vt 0.46070 0.08595
vt 0.47538 0.10735
vt 0.46127 0.11160
vt 0.46070 0.08595
vt 0.47835 0.07486
vt 0.48089 0.10095
vt 0.45195 0.10248
vt 0.45255 0.11158
vt 0.44491 0.10407
vt 0.32288 0.13424
vt 0.34067 0.13448
vt 0.33520 0.14775
vt 0.33520 0.14775
vt 0.31474 0.14679
vt 0.32288 0.13424
vt 0.32288 0.13424
vt 0.33945 0.12901
vt 0.34067 0.13448
vt 0.28595 0.14134
vt 0.28727 0.13247
vt 0.29808 0.14231
vt 0.29808 0.14231
vt 0.28727 0.13247
vt 0.30377 0.13013
vt 0.30377 0.13013
vt 0.28727 0.13247
vt 0.29786 0.12552
vt 0.30586 0.12863
vt 0.30347 0.13361
vt 0.30377 0.13013
vt 0.32150 0.03669
vt 0.32699 0.03244
vt 0.32710 0.04056
vt 0.33253 0.03789
vt 0.32710 0.04056
vt 0.32699 0.03244
vt 0.33122 0.04703
vt 0.33253 0.03789
vt 0.33789 0.03547
vt 0.32710 0.04056
vt 0.33253 0.03789
vt 0.33122 0.04703
vt 0.32302 0.03924
vt 0.32150 0.03669
vt 0.32710 0.04056
vt 0.33122 0.04703
vt 0.34592 0.04801
vt 0.33060 0.06206
vt 0.38043 0.06369
vt 0.36671 0.07549
vt 0.35182 0.05884
vt 0.31865 0.05122
vt 0.33122 0.04703
vt 0.33060 0.06206
vt 0.36671 0.07549
vt 0.38591 0.08655
vt 0.36149 0.09351
vt 0.32710 0.04056
vt 0.31865 0.05122
vt 0.32302 0.03924
vt 0.32710 0.04056
vt 0.33122 0.04703
vt 0.31865 0.05122
vt 0.33060 0.06206
vt 0.32825 0.07409
vt 0.32275 0.06995
vt 0.31865 0.05122
vt 0.33060 0.06206
vt 0.31131 0.06348
vt 0.38591 0.08655
vt 0.37679 0.10173
vt 0.36149 0.09351
vt 0.32275 0.06995
vt 0.31131 0.06348
vt 0.33060 0.06206
vt 0.29808 0.14231
vt 0.30377 0.13013
vt 0.30347 0.13361
vt 0.29808 0.14231
vt 0.30347 0.13361
vt 0.31042 0.13998
vt 0.31042 0.13998
vt 0.31474 0.14679
vt 0.30841 0.14853
vt 0.28727 0.13247
vt 0.28944 0.12266
vt 0.29786 0.12552
vt 0.29786 0.12552
vt 0.30586 0.12863
vt 0.30377 0.13013
vt 0.30586 0.12863
vt 0.29786 0.12552
vt 0.30803 0.12152
vt 0.28944 0.12266
vt 0.30803 0.12152
vt 0.29786 0.12552
vt 0.32288 0.13424
vt 0.31474 0.14679
vt 0.31042 0.13998
vt 0.32288 0.13424
vt 0.31042 0.13998
vt 0.31264 0.12658
vt 0.30347 0.13361
vt 0.31264 0.12658
vt 0.31042 0.13998
vt 0.30347 0.13361
vt 0.30586 0.12863
vt 0.31264 0.12658
vt 0.30803 0.12152
vt 0.31264 0.12658
vt 0.30586 0.12863
vt 0.31264 0.12658
vt 0.32028 0.12475
vt 0.32288 0.13424
vt 0.32288 0.13424
vt 0.32028 0.12475
vt 0.33945 0.12901
vt 0.42180 0.13447
vt 0.44613 0.14926
vt 0.41551 0.14269
vt 0.41551 0.14269
vt 0.44613 0.14926
vt 0.42117 0.15690
vt 0.46675 0.16379
vt 0.42117 0.15690
vt 0.44613 0.14926
vt 0.46675 0.16379
vt 0.46477 0.17198
vt 0.42117 0.15690
vt 0.46675 0.16379
vt 0.44613 0.14926
vt 0.47000 0.14198
vt 0.39499 0.12903
vt 0.42180 0.13447
vt 0.41551 0.14269
vt 0.45355 0.12771
vt 0.44613 0.14926
vt 0.42180 0.13447
vt 0.47000 0.14198
vt 0.44613 0.14926
vt 0.45355 0.12771
vt 0.43067 0.11931
vt 0.45355 0.12771
vt 0.42180 0.13447
vt 0.45255 0.11158
vt 0.45623 0.11891
vt 0.45355 0.12771
vt 0.47000 0.14198
vt 0.45355 0.12771
vt 0.46808 0.13161
vt 0.47000 0.14198
vt 0.46808 0.13161
vt 0.47490 0.14423
vt 0.45355 0.12771
vt 0.43067 0.11931
vt 0.45255 0.11158
vt 0.47321 0.12861
vt 0.47490 0.14423
vt 0.46808 0.13161
vt 0.36877 0.02905
vt 0.39193 0.01426
vt 0.38982 0.03811
vt 0.47321 0.12861
vt 0.47734 0.13271
vt 0.47490 0.14423
vt 0.47321 0.12861
vt 0.46808 0.13161
vt 0.47026 0.12504
vt 0.46477 0.17198
vt 0.44396 0.18275
vt 0.42117 0.15690
vt 0.33724 0.06587
vt 0.32825 0.07409
vt 0.33060 0.06206
vt 0.34761 0.09018
vt 0.36671 0.07549
vt 0.36149 0.09351
vt 0.37784 0.13681
vt 0.38045 0.14528
vt 0.36572 0.14554
vt 0.36572 0.14554
vt 0.35127 0.15015
vt 0.36339 0.13565
vt 0.34067 0.13448
vt 0.36339 0.13565
vt 0.35127 0.15015
vt 0.33520 0.14775
vt 0.34067 0.13448
vt 0.35127 0.15015
vt 0.35127 0.15015
vt 0.36572 0.14554
vt 0.35727 0.17351
vt 0.35727 0.17351
vt 0.36572 0.14554
vt 0.38045 0.14528
vt 0.38045 0.14528
vt 0.39914 0.17372
vt 0.36773 0.17781
vt 0.36773 0.17781
vt 0.35727 0.17351
vt 0.38045 0.14528
vt 0.35727 0.17351
vt 0.33112 0.15374
vt 0.35127 0.15015
vt 0.33520 0.14775
vt 0.35127 0.15015
vt 0.33112 0.15374
vt 0.41928 0.03477
vt 0.40922 0.05018
vt 0.41253 0.03070
vt 0.38982 0.03811
vt 0.39193 0.01426
vt 0.41199 0.01473
vt 0.40922 0.05018
vt 0.41928 0.03477
vt 0.42569 0.05145
vt 0.40922 0.05018
vt 0.38982 0.03811
vt 0.41253 0.03070
vt 0.42569 0.05145
vt 0.42764 0.06621
vt 0.40922 0.05018
vt 0.35182 0.05884
vt 0.34592 0.04801
vt 0.35481 0.04067
vt 0.37526 0.05409
vt 0.35182 0.05884
vt 0.35481 0.04067
vt 0.38043 0.06369
vt 0.35182 0.05884
vt 0.37526 0.05409
vt 0.37526 0.05409
vt 0.39415 0.05473
vt 0.38043 0.06369
vt 0.37526 0.05409
vt 0.38982 0.03811
vt 0.39415 0.05473
vt 0.38982 0.03811
vt 0.37526 0.05409
vt 0.35481 0.04067
vt 0.36877 0.02905
vt 0.35481 0.04067
vt 0.35006 0.03030
vt 0.36877 0.02905
vt 0.38982 0.03811
vt 0.35481 0.04067
vt 0.29223 0.11230
vt 0.29829 0.10764
vt 0.28944 0.12266
vt 0.40922 0.05018
vt 0.42764 0.06621
vt 0.40417 0.06506
vt 0.42764 0.06621
vt 0.43643 0.08225
vt 0.43168 0.09193
vt 0.40532 0.10064
vt 0.40417 0.06506
vt 0.43168 0.09193
vt 0.39415 0.05473
vt 0.40922 0.05018
vt 0.40417 0.06506
vt 0.38043 0.06369
vt 0.39415 0.05473
vt 0.40417 0.06506
vt 0.43067 0.11931
vt 0.40532 0.10064
vt 0.43168 0.09193
vt 0.43168 0.09193
vt 0.40417 0.06506
vt 0.42764 0.06621
vt 0.42117 0.15690
vt 0.39914 0.17372
vt 0.38045 0.14528
vt 0.42569 0.05145
vt 0.43985 0.05057
vt 0.42764 0.06621
vt 0.33724 0.06587
vt 0.35182 0.05884
vt 0.36671 0.07549
vt 0.44841 0.06612
vt 0.42764 0.06621
vt 0.43985 0.05057
vt 0.33724 0.06587
vt 0.33060 0.06206
vt 0.35182 0.05884
vt 0.32825 0.07409
vt 0.36671 0.07549
vt 0.34761 0.09018
vt 0.33724 0.06587
vt 0.36671 0.07549
vt 0.32825 0.07409
vt 0.32825 0.07409
vt 0.34761 0.09018
vt 0.33161 0.08245
vt 0.32724 0.09003
vt 0.33161 0.08245
vt 0.34761 0.09018
vt 0.33774 0.01724
vt 0.35356 0.01440
vt 0.33732 0.02653
vt 0.36642 0.01950
vt 0.36877 0.02905
vt 0.35006 0.03030
vt 0.35033 0.02414
vt 0.35006 0.03030
vt 0.33732 0.02653
vt 0.35006 0.03030
vt 0.35033 0.02414
vt 0.36642 0.01950
vt 0.35481 0.04067
vt 0.34592 0.04801
vt 0.35006 0.03030
vt 0.43985 0.05057
vt 0.42569 0.05145
vt 0.41928 0.03477
vt 0.33060 0.06206
vt 0.34592 0.04801
vt 0.35182 0.05884
vt 0.45732 0.03034
vt 0.43985 0.05057
vt 0.41928 0.03477
vt 0.45732 0.03034
vt 0.46781 0.05686
vt 0.44841 0.06612
vt 0.43985 0.05057
vt 0.45732 0.03034
vt 0.44841 0.06612
vt 0.28944 0.12266
vt 0.29829 0.10764
vt 0.30765 0.10507
vt 0.30803 0.12152
vt 0.28944 0.12266
vt 0.30765 0.10507
vt 0.30257 0.10045
vt 0.30765 0.10507
vt 0.29829 0.10764
vt 0.30765 0.10507
vt 0.31485 0.11663
vt 0.30803 0.12152
vt 0.30803 0.12152
vt 0.32028 0.12475
vt 0.31264 0.12658
vt 0.30803 0.12152
vt 0.31485 0.11663
vt 0.32028 0.12475
vt 0.32323 0.11508
vt 0.32028 0.12475
vt 0.31485 0.11663
vt 0.32323 0.11508
vt 0.32878 0.11650
vt 0.32028 0.12475
vt 0.33945 0.12901
vt 0.32028 0.12475
vt 0.32878 0.11650
vt 0.31845 0.09983
vt 0.31485 0.11663
vt 0.30765 0.10507
vt 0.32323 0.11508
vt 0.32829 0.10413
vt 0.32878 0.11650
vt 0.32829 0.10413
vt 0.32323 0.11508
vt 0.31485 0.11663
vt 0.30842 0.09253
vt 0.30257 0.10045
vt 0.29636 0.09437
vt 0.31845 0.09983
vt 0.30765 0.10507
vt 0.30257 0.10045
vt 0.30257 0.10045
vt 0.30842 0.09253
vt 0.31845 0.09983
vt 0.31845 0.09983
vt 0.32829 0.10413
vt 0.31485 0.11663
vt 0.31845 0.09983
vt 0.30842 0.09253
vt 0.31706 0.08913
vt 0.33646 0.10715
vt 0.32878 0.11650
vt 0.32829 0.10413
vt 0.31796 0.07744
vt 0.31706 0.08913
vt 0.30865 0.07960
vt 0.30842 0.09253
vt 0.30865 0.07960
vt 0.31706 0.08913
vt 0.31845 0.09983
vt 0.31706 0.08913
vt 0.32724 0.09003
vt 0.32829 0.10413
vt 0.34574 0.10353
vt 0.33646 0.10715
vt 0.46675 0.16379
vt 0.47000 0.14198
vt 0.47270 0.15505
vt 0.34574 0.10353
vt 0.32724 0.09003
vt 0.34761 0.09018
vt 0.32724 0.09003
vt 0.32829 0.10413
vt 0.31845 0.09983
vt 0.47490 0.14423
vt 0.47270 0.15505
vt 0.47000 0.14198
vt 0.44841 0.06612
vt 0.44999 0.08294
vt 0.42764 0.06621
vt 0.41253 0.03070
vt 0.38982 0.03811
vt 0.41199 0.01473
vt 0.34574 0.10353
vt 0.32829 0.10413
vt 0.32724 0.09003
vt 0.44999 0.08294
vt 0.44841 0.06612
vt 0.46070 0.08595
vt 0.46155 0.06508
vt 0.47835 0.07486
vt 0.46070 0.08595
vt 0.46155 0.06508
vt 0.46070 0.08595
vt 0.44841 0.06612
vt 0.48089 0.10095
vt 0.47835 0.07486
vt 0.48168 0.08410
vt 0.46781 0.05686
vt 0.46155 0.06508
vt 0.44841 0.06612
vt 0.46781 0.05686
vt 0.47835 0.07486
vt 0.46155 0.06508
vt 0.35033 0.02414
vt 0.35356 0.01440
vt 0.36642 0.01950
vt 0.33364 0.34175
vt 0.36359 0.33771
vt 0.32893 0.34832
vt 0.36707 0.30580
vt 0.35924 0.32916
vt 0.35611 0.31050
vt 0.36707 0.30580
vt 0.39711 0.33148
vt 0.35924 0.32916
vt 0.42117 0.15690
vt 0.44545 0.21163
vt 0.39914 0.17372
vt 0.30648 0.31003
vt 0.32176 0.29223
vt 0.32999 0.31586
vt 0.38773 0.26648
vt 0.41473 0.31456
vt 0.38474 0.29605
vt 0.43054 0.31243
vt 0.41473 0.31456
vt 0.38773 0.26648
vt 0.38773 0.26648
vt 0.35986 0.25395
vt 0.36695 0.23845
vt 0.39326 0.34702
vt 0.35924 0.32916
vt 0.39711 0.33148
vt 0.35924 0.32916
vt 0.33758 0.33679
vt 0.34389 0.32927
vt 0.33364 0.34175
vt 0.33758 0.33679
vt 0.36359 0.33771
vt 0.36359 0.33771
vt 0.33758 0.33679
vt 0.35924 0.32916
vt 0.34127 0.31149
vt 0.35611 0.31050
vt 0.34389 0.32927
vt 0.35611 0.31050
vt 0.35924 0.32916
vt 0.34389 0.32927
vt 0.33274 0.26407
vt 0.32580 0.25923
vt 0.33951 0.24994
vt 0.32999 0.31586
vt 0.32996 0.32759
vt 0.31800 0.33227
vt 0.32996 0.32759
vt 0.34389 0.32927
vt 0.33758 0.33679
vt 0.34389 0.32927
vt 0.32996 0.32759
vt 0.32999 0.31586
vt 0.32999 0.31586
vt 0.34127 0.31149
vt 0.34389 0.32927
vt 0.35986 0.25395
vt 0.35171 0.24635
vt 0.36695 0.23845
vt 0.31800 0.33227
vt 0.33758 0.33679
vt 0.32131 0.34499
vt 0.32176 0.29223
vt 0.34086 0.30585
vt 0.32999 0.31586
vt 0.34086 0.30585
vt 0.32176 0.29223
vt 0.34662 0.29390
vt 0.32176 0.29223
vt 0.30648 0.31003
vt 0.27332 0.29397
vt 0.35171 0.24635
vt 0.36127 0.22747
vt 0.36695 0.23845
vt 0.39656 0.35710
vt 0.36017 0.36425
vt 0.36359 0.33771
vt 0.39326 0.34702
vt 0.36359 0.33771
vt 0.35924 0.32916
vt 0.45792 0.23464
vt 0.43024 0.24073
vt 0.44545 0.21163
vt 0.35986 0.25395
vt 0.38773 0.26648
vt 0.36888 0.28523
vt 0.36695 0.23845
vt 0.36127 0.22747
vt 0.38812 0.21966
vt 0.38474 0.29605
vt 0.39711 0.33148
vt 0.36707 0.30580
vt 0.39326 0.34702
vt 0.39656 0.35710
vt 0.36359 0.33771
vt 0.39711 0.33148
vt 0.38474 0.29605
vt 0.41473 0.31456
vt 0.33274 0.26407
vt 0.35986 0.25395
vt 0.33804 0.27911
vt 0.35171 0.24635
vt 0.33274 0.26407
vt 0.33951 0.24994
vt 0.35986 0.25395
vt 0.33274 0.26407
vt 0.35171 0.24635
vt 0.33804 0.27911
vt 0.34662 0.29390
vt 0.32176 0.29223
vt 0.35986 0.25395
vt 0.36888 0.28523
vt 0.33804 0.27911
vt 0.38812 0.21966
vt 0.38773 0.26648
vt 0.36695 0.23845
vt 0.35719 0.19427
vt 0.36773 0.17781
vt 0.38812 0.21966
vt 0.36773 0.17781
vt 0.40143 0.20756
vt 0.38812 0.21966
vt 0.29791 0.27654
vt 0.31363 0.26041
vt 0.33804 0.27911
vt 0.33274 0.26407
vt 0.33804 0.27911
vt 0.31363 0.26041
vt 0.33804 0.27911
vt 0.32176 0.29223
vt 0.29791 0.27654
vt 0.35611 0.31050
vt 0.34127 0.31149
vt 0.34086 0.30585
vt 0.32996 0.32759
vt 0.33758 0.33679
vt 0.31800 0.33227
vt 0.34662 0.29390
vt 0.36707 0.30580
vt 0.34086 0.30585
vt 0.44545 0.21163
vt 0.44396 0.18275
vt 0.47391 0.20364
vt 0.44396 0.18275
vt 0.44545 0.21163
vt 0.42117 0.15690
vt 0.43024 0.24073
vt 0.42175 0.28081
vt 0.38812 0.21966
vt 0.42175 0.28081
vt 0.38773 0.26648
vt 0.38812 0.21966
vt 0.38812 0.21966
vt 0.36127 0.22747
vt 0.35719 0.19427
vt 0.43024 0.24073
vt 0.40143 0.20756
vt 0.44545 0.21163
vt 0.43054 0.31243
vt 0.38773 0.26648
vt 0.42175 0.28081
vt 0.44545 0.21163
vt 0.40143 0.20756
vt 0.39914 0.17372
vt 0.31800 0.33227
vt 0.29571 0.31641
vt 0.30648 0.31003
vt 0.33364 0.34175
vt 0.32893 0.34832
vt 0.32131 0.34499
vt 0.31800 0.33227
vt 0.30648 0.31003
vt 0.32999 0.31586
vt 0.33364 0.34175
vt 0.32131 0.34499
vt 0.33758 0.33679
vt 0.34086 0.30585
vt 0.34127 0.31149
vt 0.32999 0.31586
vt 0.43024 0.24073
vt 0.38812 0.21966
vt 0.40143 0.20756
vt 0.36707 0.30580
vt 0.34662 0.29390
vt 0.36888 0.28523
vt 0.36707 0.30580
vt 0.36888 0.28523
vt 0.38474 0.29605
vt 0.36888 0.28523
vt 0.34662 0.29390
vt 0.33804 0.27911
vt 0.38474 0.29605
vt 0.36888 0.28523
vt 0.38773 0.26648
vt 0.36707 0.30580
vt 0.35611 0.31050
vt 0.34086 0.30585
vt 0.40143 0.20756
vt 0.36773 0.17781
vt 0.39914 0.17372
vt 0.78630 0.84895
vt 0.79598 0.88007
vt 0.76903 0.86219
vt 0.76300 0.88461
vt 0.74520 0.88054
vt 0.75145 0.86903
vt 0.60515 0.35611
vt 0.57184 0.34293
vt 0.59320 0.33781
vt 0.71773 0.87199
vt 0.69947 0.85643
vt 0.72722 0.86201
vt 0.71773 0.87199
vt 0.70012 0.87987
vt 0.69947 0.85643
vt 0.54699 0.34274
vt 0.56101 0.33388
vt 0.56579 0.36307
vt 0.68632 0.36550
vt 0.69331 0.35632
vt 0.70033 0.37217
vt 0.70540 0.91049
vt 0.69095 0.89200
vt 0.70477 0.88434
vt 0.75063 0.80868
vt 0.76562 0.80961
vt 0.75798 0.84223
vt 0.57184 0.34293
vt 0.60515 0.35611
vt 0.57958 0.35462
vt 0.63282 0.36747
vt 0.62478 0.36741
vt 0.62213 0.36020
vt 0.63282 0.36747
vt 0.64174 0.35424
vt 0.64652 0.36322
vt 0.62861 0.34833
vt 0.64174 0.35424
vt 0.62213 0.36020
vt 0.62213 0.36020
vt 0.64174 0.35424
vt 0.63282 0.36747
vt 0.70540 0.91049
vt 0.70477 0.88434
vt 0.72086 0.90360
vt 0.75798 0.84223
vt 0.76562 0.80961
vt 0.78630 0.84895
vt 0.76903 0.86219
vt 0.75798 0.84223
vt 0.78630 0.84895
vt 0.75798 0.84223
vt 0.76903 0.86219
vt 0.75145 0.86903
vt 0.75798 0.84223
vt 0.75145 0.86903
vt 0.73767 0.81367
vt 0.58566 0.35791
vt 0.60515 0.35611
vt 0.60654 0.36326
vt 0.60654 0.36326
vt 0.59143 0.36103
vt 0.58566 0.35791
vt 0.60515 0.35611
vt 0.58566 0.35791
vt 0.57958 0.35462
vt 0.76300 0.88461
vt 0.76675 0.90934
vt 0.76164 0.90843
vt 0.61062 0.36980
vt 0.59143 0.36103
vt 0.60654 0.36326
vt 0.76164 0.90843
vt 0.74248 0.90100
vt 0.74520 0.88054
vt 0.76300 0.88461
vt 0.76164 0.90843
vt 0.74520 0.88054
vt 0.62478 0.36741
vt 0.60654 0.36326
vt 0.62213 0.36020
vt 0.60654 0.36326
vt 0.62478 0.36741
vt 0.61062 0.36980
vt 0.65089 0.88516
vt 0.67550 0.88059
vt 0.65370 0.90474
vt 0.66794 0.91037
vt 0.65370 0.90474
vt 0.67550 0.88059
vt 0.67505 0.90109
vt 0.66794 0.91037
vt 0.67550 0.88059
vt 0.68041 0.90493
vt 0.67909 0.89445
vt 0.69095 0.89200
vt 0.67550 0.88059
vt 0.67909 0.89445
vt 0.67505 0.90109
vt 0.67909 0.89445
vt 0.70012 0.87987
vt 0.69095 0.89200
vt 0.67550 0.88059
vt 0.70012 0.87987
vt 0.67909 0.89445
vt 0.68375 0.85501
vt 0.69426 0.81753
vt 0.69947 0.85643
vt 0.66794 0.91037
vt 0.67505 0.90109
vt 0.66958 0.91215
vt 0.67909 0.89445
vt 0.68041 0.90493
vt 0.67505 0.90109
vt 0.70012 0.87987
vt 0.67550 0.88059
vt 0.68375 0.85501
vt 0.64652 0.36322
vt 0.68293 0.35047
vt 0.67312 0.37040
vt 0.64174 0.35424
vt 0.68293 0.35047
vt 0.64652 0.36322
vt 0.68041 0.90493
vt 0.69095 0.89200
vt 0.70540 0.91049
vt 0.73767 0.81367
vt 0.72722 0.86201
vt 0.69426 0.81753
vt 0.69947 0.85643
vt 0.69426 0.81753
vt 0.72722 0.86201
vt 0.73767 0.81367
vt 0.75145 0.86903
vt 0.72722 0.86201
vt 0.75063 0.80868
vt 0.75798 0.84223
vt 0.73767 0.81367
vt 0.79598 0.88007
vt 0.78656 0.89561
vt 0.76903 0.86219
vt 0.76903 0.86219
vt 0.78656 0.89561
vt 0.76300 0.88461
vt 0.71773 0.87199
vt 0.72722 0.86201
vt 0.72152 0.87362
vt 0.72811 0.87112
vt 0.74520 0.88054
vt 0.72152 0.87362
vt 0.72811 0.87112
vt 0.75145 0.86903
vt 0.74520 0.88054
vt 0.72811 0.87112
vt 0.72722 0.86201
vt 0.75145 0.86903
vt 0.76300 0.88461
vt 0.75145 0.86903
vt 0.76903 0.86219
vt 0.76300 0.88461
vt 0.77373 0.91395
vt 0.76675 0.90934
vt 0.60515 0.35611
vt 0.62213 0.36020
vt 0.60654 0.36326
vt 0.78624 0.90318
vt 0.77373 0.91395
vt 0.76300 0.88461
vt 0.56579 0.36307
vt 0.57184 0.34293
vt 0.57958 0.35462
vt 0.70012 0.87987
vt 0.71423 0.88396
vt 0.70477 0.88434
vt 0.69095 0.89200
vt 0.70012 0.87987
vt 0.70477 0.88434
vt 0.62861 0.34833
vt 0.62213 0.36020
vt 0.60515 0.35611
vt 0.61049 0.34029
vt 0.62861 0.34833
vt 0.60515 0.35611
vt 0.72811 0.87112
vt 0.72152 0.87362
vt 0.72722 0.86201
vt 0.72086 0.90360
vt 0.72152 0.87362
vt 0.74520 0.88054
vt 0.71423 0.88396
vt 0.70012 0.87987
vt 0.71773 0.87199
vt 0.71773 0.87199
vt 0.72152 0.87362
vt 0.71423 0.88396
vt 0.72152 0.87362
vt 0.72086 0.90360
vt 0.71423 0.88396
vt 0.74520 0.88054
vt 0.74248 0.90100
vt 0.72720 0.90428
vt 0.78656 0.89561
vt 0.78624 0.90318
vt 0.76300 0.88461
vt 0.74520 0.88054
vt 0.72720 0.90428
vt 0.72086 0.90360
vt 0.72086 0.90360
vt 0.70477 0.88434
vt 0.71423 0.88396
vt 0.68375 0.85501
vt 0.69947 0.85643
vt 0.70012 0.87987
vt 0.67312 0.37040
vt 0.68495 0.35995
vt 0.67793 0.37333
vt 0.82204 0.84745
vt 0.81274 0.86406
vt 0.81159 0.83417
vt 0.81159 0.83417
vt 0.81274 0.86406
vt 0.80398 0.84796
vt 0.80398 0.84796
vt 0.81274 0.86406
vt 0.80004 0.86119
vt 0.51792 0.88352
vt 0.53399 0.89502
vt 0.52103 0.89845
vt 0.86619 0.81221
vt 0.85767 0.83264
vt 0.86209 0.80027
vt 0.80398 0.84796
vt 0.80004 0.86119
vt 0.79114 0.82396
vt 0.83215 0.81637
vt 0.85767 0.83264
vt 0.83130 0.83146
vt 0.50056 0.35508
vt 0.49596 0.34802
vt 0.51068 0.35151
vt 0.50862 0.35888
vt 0.50056 0.35508
vt 0.51068 0.35151
vt 0.49391 0.36280
vt 0.48977 0.35340
vt 0.49596 0.34802
vt 0.82966 0.88879
vt 0.84441 0.87816
vt 0.84335 0.89315
vt 0.85269 0.89845
vt 0.84441 0.87816
vt 0.85747 0.88827
vt 0.84441 0.87816
vt 0.82966 0.88879
vt 0.83182 0.86518
vt 0.85747 0.88827
vt 0.84441 0.87816
vt 0.86182 0.87986
vt 0.52474 0.35994
vt 0.52270 0.34657
vt 0.53577 0.34977
vt 0.49596 0.34802
vt 0.51459 0.33358
vt 0.51068 0.35151
vt 0.52474 0.35994
vt 0.53577 0.34977
vt 0.53421 0.36528
vt 0.52270 0.34657
vt 0.51930 0.36167
vt 0.51068 0.35151
vt 0.81354 0.89910
vt 0.81044 0.89714
vt 0.80666 0.88158
vt 0.50862 0.35888
vt 0.51068 0.35151
vt 0.51930 0.36167
vt 0.81794 0.89873
vt 0.81354 0.89910
vt 0.82070 0.88078
vt 0.81044 0.89714
vt 0.80396 0.89488
vt 0.80666 0.88158
vt 0.82966 0.88879
vt 0.81794 0.89873
vt 0.82070 0.88078
vt 0.82966 0.88879
vt 0.82706 0.89506
vt 0.81794 0.89873
vt 0.84335 0.89315
vt 0.83187 0.89440
vt 0.82966 0.88879
vt 0.82432 0.87198
vt 0.82966 0.88879
vt 0.82070 0.88078
vt 0.80666 0.88158
vt 0.81274 0.86406
vt 0.82070 0.88078
vt 0.80004 0.86119
vt 0.79598 0.88007
vt 0.78630 0.84895
vt 0.51473 0.90266
vt 0.49467 0.88871
vt 0.52103 0.89845
vt 0.80666 0.88158
vt 0.80004 0.86119
vt 0.81274 0.86406
vt 0.82965 0.85167
vt 0.81274 0.86406
vt 0.82204 0.84745
vt 0.45220 0.90149
vt 0.43716 0.88878
vt 0.46502 0.88702
vt 0.82432 0.87198
vt 0.81274 0.86406
vt 0.82965 0.85167
vt 0.82965 0.85167
vt 0.83670 0.86461
vt 0.83182 0.86518
vt 0.82432 0.87198
vt 0.82965 0.85167
vt 0.83182 0.86518
vt 0.82965 0.85167
vt 0.85767 0.83264
vt 0.83670 0.86461
vt 0.82204 0.84745
vt 0.81159 0.83417
vt 0.82426 0.83438
vt 0.46502 0.88702
vt 0.49467 0.88871
vt 0.47495 0.90462
vt 0.83670 0.86461
vt 0.85767 0.83264
vt 0.85861 0.86057
vt 0.79114 0.82396
vt 0.78630 0.84895
vt 0.76562 0.80961
vt 0.84827 0.79550
vt 0.85767 0.83264
vt 0.83215 0.81637
vt 0.53577 0.34977
vt 0.54373 0.35290
vt 0.54276 0.36177
vt 0.54699 0.34274
vt 0.54373 0.35290
vt 0.54110 0.34706
vt 0.54699 0.34274
vt 0.56579 0.36307
vt 0.54373 0.35290
vt 0.83187 0.89440
vt 0.82706 0.89506
vt 0.82966 0.88879
vt 0.83182 0.86518
vt 0.82966 0.88879
vt 0.82432 0.87198
vt 0.54110 0.34706
vt 0.54373 0.35290
vt 0.53577 0.34977
vt 0.78630 0.84895
vt 0.79114 0.82396
vt 0.80004 0.86119
vt 0.82549 0.81768
vt 0.83215 0.81637
vt 0.83130 0.83146
vt 0.82006 0.82120
vt 0.82426 0.83438
vt 0.81162 0.82490
vt 0.82426 0.83438
vt 0.82006 0.82120
vt 0.82549 0.81768
vt 0.48014 0.91647
vt 0.47298 0.91650
vt 0.47495 0.90462
vt 0.84441 0.87816
vt 0.85269 0.89845
vt 0.84335 0.89315
vt 0.80396 0.89488
vt 0.80147 0.89988
vt 0.78656 0.89561
vt 0.79598 0.88007
vt 0.80396 0.89488
vt 0.78656 0.89561
vt 0.79598 0.88007
vt 0.80666 0.88158
vt 0.80396 0.89488
vt 0.80666 0.88158
vt 0.79598 0.88007
vt 0.80004 0.86119
vt 0.43716 0.88878
vt 0.44627 0.88503
vt 0.46502 0.88702
vt 0.45220 0.90149
vt 0.46502 0.88702
vt 0.47495 0.90462
vt 0.82965 0.85167
vt 0.82204 0.84745
vt 0.82426 0.83438
vt 0.82965 0.85167
vt 0.83130 0.83146
vt 0.85767 0.83264
vt 0.83130 0.83146
vt 0.82965 0.85167
vt 0.82426 0.83438
vt 0.82549 0.81768
vt 0.83130 0.83146
vt 0.82426 0.83438
vt 0.82070 0.88078
vt 0.81274 0.86406
vt 0.82432 0.87198
vt 0.51792 0.88352
vt 0.52103 0.89845
vt 0.49467 0.88871
vt 0.79798 0.81248
vt 0.81159 0.83417
vt 0.79114 0.82396
vt 0.79798 0.81248
vt 0.81162 0.82490
vt 0.81159 0.83417
vt 0.53577 0.34977
vt 0.54276 0.36177
vt 0.53880 0.36544
vt 0.53421 0.36528
vt 0.53577 0.34977
vt 0.53880 0.36544
vt 0.54158 0.36696
vt 0.53880 0.36544
vt 0.54276 0.36177
vt 0.52256 0.36882
vt 0.52474 0.35994
vt 0.53421 0.36528
vt 0.50862 0.35888
vt 0.51930 0.36167
vt 0.51926 0.36996
vt 0.80396 0.89488
vt 0.81044 0.89714
vt 0.80931 0.90188
vt 0.51926 0.36996
vt 0.50946 0.36666
vt 0.50862 0.35888
vt 0.52474 0.35994
vt 0.51930 0.36167
vt 0.52270 0.34657
vt 0.51930 0.36167
vt 0.52474 0.35994
vt 0.52256 0.36882
vt 0.51926 0.36996
vt 0.51930 0.36167
vt 0.52256 0.36882
vt 0.80398 0.84796
vt 0.79114 0.82396
vt 0.81159 0.83417
vt 0.81354 0.89910
vt 0.80666 0.88158
vt 0.82070 0.88078
vt 0.81162 0.82490
vt 0.82426 0.83438
vt 0.81159 0.83417
vt 0.83670 0.86461
vt 0.86182 0.87986
vt 0.84441 0.87816
vt 0.84441 0.87816
vt 0.83182 0.86518
vt 0.83670 0.86461
vt 0.27332 0.29397
vt 0.25789 0.31825
vt 0.24991 0.29983
vt 0.83187 0.89440
vt 0.84335 0.89315
vt 0.84234 0.89738
vt 0.50605 0.36846
vt 0.49888 0.36435
vt 0.50862 0.35888
vt 0.50946 0.36666
vt 0.50605 0.36846
vt 0.50862 0.35888
vt 0.85822 0.89967
vt 0.85269 0.89845
vt 0.85747 0.88827
vt 0.49888 0.36435
vt 0.50056 0.35508
vt 0.50862 0.35888
vt 0.50056 0.35508
vt 0.49888 0.36435
vt 0.49596 0.34802
vt 0.46502 0.88702
vt 0.44627 0.88503
vt 0.46116 0.87557
vt 0.86548 0.89941
vt 0.85822 0.89967
vt 0.85747 0.88827
vt 0.48977 0.35340
vt 0.49391 0.36280
vt 0.48579 0.36304
vt 0.49888 0.36435
vt 0.49391 0.36280
vt 0.49596 0.34802
vt 0.84827 0.79550
vt 0.86209 0.80027
vt 0.85767 0.83264
vt 0.55053 0.36480
vt 0.54875 0.36772
vt 0.54276 0.36177
vt 0.55053 0.36480
vt 0.54276 0.36177
vt 0.54373 0.35290
vt 0.56579 0.36307
vt 0.55053 0.36480
vt 0.54373 0.35290
vt 0.56088 0.36954
vt 0.55053 0.36480
vt 0.56579 0.36307
vt 0.83670 0.86461
vt 0.85861 0.86057
vt 0.86182 0.87986
vt 0.24991 0.29983
vt 0.25465 0.28459
vt 0.27332 0.29397
vt 0.45220 0.90149
vt 0.47495 0.90462
vt 0.45516 0.91531
vt 0.47298 0.91650
vt 0.45516 0.91531
vt 0.47495 0.90462
vt 0.82006 0.82120
vt 0.81039 0.80138
vt 0.82434 0.80597
vt 0.80756 0.78521
vt 0.81039 0.80138
vt 0.80259 0.79110
vt 0.78695 0.79554
vt 0.80259 0.79110
vt 0.79798 0.81248
vt 0.79874 0.71761
vt 0.80189 0.73679
vt 0.78753 0.71537
vt 0.78753 0.71537
vt 0.76581 0.73641
vt 0.76294 0.71426
vt 0.76294 0.71426
vt 0.76581 0.73641
vt 0.75426 0.73663
vt 0.82696 0.72342
vt 0.82801 0.71741
vt 0.83282 0.71584
vt 0.79798 0.81248
vt 0.78391 0.80685
vt 0.78695 0.79554
vt 0.78391 0.80685
vt 0.78136 0.79989
vt 0.78695 0.79554
vt 0.78136 0.79989
vt 0.77144 0.78224
vt 0.78695 0.79554
vt 0.81039 0.80138
vt 0.80756 0.78521
vt 0.81518 0.78557
vt 0.82760 0.76836
vt 0.83804 0.77254
vt 0.83189 0.79198
vt 0.82760 0.76836
vt 0.83189 0.79198
vt 0.81795 0.77406
vt 0.81795 0.77406
vt 0.83189 0.79198
vt 0.82434 0.80597
vt 0.81795 0.77406
vt 0.82434 0.80597
vt 0.81518 0.78557
vt 0.81232 0.74029
vt 0.80189 0.73679
vt 0.79874 0.71761
vt 0.81232 0.74029
vt 0.81369 0.72447
vt 0.82474 0.73632
vt 0.81369 0.72447
vt 0.81232 0.74029
vt 0.79874 0.71761
vt 0.84827 0.79550
vt 0.83215 0.81637
vt 0.83189 0.79198
vt 0.80259 0.79110
vt 0.78695 0.79554
vt 0.78471 0.76606
vt 0.78695 0.79554
vt 0.77144 0.78224
vt 0.78471 0.76606
vt 0.80410 0.77452
vt 0.80756 0.78521
vt 0.80259 0.79110
vt 0.80410 0.77452
vt 0.80259 0.79110
vt 0.78471 0.76606
vt 0.79870 0.75658
vt 0.81388 0.76478
vt 0.80410 0.77452
vt 0.80189 0.73679
vt 0.79870 0.75658
vt 0.78471 0.76606
vt 0.76581 0.73641
vt 0.78753 0.71537
vt 0.78471 0.76606
vt 0.80189 0.73679
vt 0.78471 0.76606
vt 0.78753 0.71537
vt 0.80410 0.77452
vt 0.78471 0.76606
vt 0.79870 0.75658
vt 0.78391 0.80685
vt 0.79114 0.82396
vt 0.76562 0.80961
vt 0.76581 0.73641
vt 0.78471 0.76606
vt 0.76677 0.75879
vt 0.78471 0.76606
vt 0.77144 0.78224
vt 0.76677 0.75879
vt 0.81518 0.78557
vt 0.80756 0.78521
vt 0.80410 0.77452
vt 0.80410 0.77452
vt 0.81795 0.77406
vt 0.81518 0.78557
vt 0.80410 0.77452
vt 0.81388 0.76478
vt 0.81795 0.77406
vt 0.81388 0.76478
vt 0.82760 0.76836
vt 0.81795 0.77406
vt 0.81388 0.76478
vt 0.82346 0.74976
vt 0.82760 0.76836
vt 0.82346 0.74976
vt 0.82474 0.73632
vt 0.83274 0.73433
vt 0.80189 0.73679
vt 0.81232 0.74029
vt 0.81388 0.76478
vt 0.81388 0.76478
vt 0.79870 0.75658
vt 0.80189 0.73679
vt 0.82474 0.73632
vt 0.82346 0.74976
vt 0.81232 0.74029
vt 0.82346 0.74976
vt 0.83890 0.75474
vt 0.82760 0.76836
vt 0.82434 0.80597
vt 0.82549 0.81768
vt 0.82006 0.82120
vt 0.82434 0.80597
vt 0.83215 0.81637
vt 0.82549 0.81768
vt 0.82006 0.82120
vt 0.81162 0.82490
vt 0.81039 0.80138
vt 0.84831 0.77263
vt 0.85918 0.78382
vt 0.85782 0.78991
vt 0.81039 0.80138
vt 0.81518 0.78557
vt 0.82434 0.80597
vt 0.85782 0.78991
vt 0.84827 0.79550
vt 0.84831 0.77263
vt 0.83189 0.79198
vt 0.83215 0.81637
vt 0.82434 0.80597
vt 0.83804 0.77254
vt 0.84827 0.79550
vt 0.83189 0.79198
vt 0.28241 0.12820
vt 0.28727 0.13247
vt 0.28035 0.13350
vt 0.84360 0.71319
vt 0.84482 0.72067
vt 0.83933 0.71662
vt 0.27823 0.14355
vt 0.28035 0.13350
vt 0.28727 0.13247
vt 0.28595 0.14134
vt 0.27823 0.14355
vt 0.28727 0.13247
vt 0.85918 0.78382
vt 0.84831 0.77263
vt 0.85720 0.77504
vt 0.83933 0.71662
vt 0.83950 0.73300
vt 0.83274 0.73433
vt 0.83274 0.73433
vt 0.82696 0.72342
vt 0.83282 0.71584
vt 0.83274 0.73433
vt 0.83282 0.71584
vt 0.83933 0.71662
vt 0.27215 0.16153
vt 0.27883 0.15434
vt 0.27592 0.16466
vt 0.85053 0.74920
vt 0.83890 0.75474
vt 0.84388 0.74260
vt 0.85053 0.74920
vt 0.85061 0.75678
vt 0.83890 0.75474
vt 0.85261 0.75261
vt 0.85061 0.75678
vt 0.85053 0.74920
vt 0.82760 0.76836
vt 0.83890 0.75474
vt 0.83804 0.77254
vt 0.85061 0.75678
vt 0.85267 0.76817
vt 0.83890 0.75474
vt 0.84831 0.77263
vt 0.83804 0.77254
vt 0.83890 0.75474
vt 0.27592 0.16466
vt 0.27571 0.17981
vt 0.27309 0.17242
vt 0.85502 0.76680
vt 0.85267 0.76817
vt 0.85061 0.75678
vt 0.84831 0.77263
vt 0.83890 0.75474
vt 0.85267 0.76817
vt 0.27714 0.19997
vt 0.27466 0.21123
vt 0.27411 0.20316
vt 0.85720 0.77504
vt 0.84831 0.77263
vt 0.85267 0.76817
vt 0.27281 0.18158
vt 0.27571 0.17981
vt 0.27829 0.18667
vt 0.83804 0.77254
vt 0.84831 0.77263
vt 0.84827 0.79550
vt 0.86209 0.80027
vt 0.84827 0.79550
vt 0.85782 0.78991
vt 0.83950 0.73300
vt 0.84410 0.73241
vt 0.84388 0.74260
vt 0.84388 0.74260
vt 0.84527 0.73698
vt 0.84889 0.74364
vt 0.84527 0.73698
vt 0.84388 0.74260
vt 0.84410 0.73241
vt 0.28595 0.14134
vt 0.27883 0.15434
vt 0.27823 0.14355
vt 0.83933 0.71662
vt 0.84410 0.73241
vt 0.83950 0.73300
vt 0.83933 0.71662
vt 0.84482 0.72067
vt 0.84410 0.73241
vt 0.27487 0.14273
vt 0.28035 0.13350
vt 0.27823 0.14355
vt 0.27571 0.17981
vt 0.27592 0.16466
vt 0.28562 0.17184
vt 0.82696 0.72342
vt 0.83274 0.73433
vt 0.82474 0.73632
vt 0.80259 0.79110
vt 0.81039 0.80138
vt 0.79798 0.81248
vt 0.79798 0.81248
vt 0.81039 0.80138
vt 0.81162 0.82490
vt 0.78391 0.80685
vt 0.79798 0.81248
vt 0.79114 0.82396
vt 0.82346 0.74976
vt 0.81388 0.76478
vt 0.81232 0.74029
vt 0.83274 0.73433
vt 0.83890 0.75474
vt 0.82346 0.74976
vt 0.83950 0.73300
vt 0.84388 0.74260
vt 0.83274 0.73433
vt 0.27115 0.15594
vt 0.27823 0.14355
vt 0.27883 0.15434
vt 0.27883 0.15434
vt 0.27215 0.16153
vt 0.27115 0.15594
vt 0.84889 0.74364
vt 0.85053 0.74920
vt 0.84388 0.74260
vt 0.83890 0.75474
vt 0.83274 0.73433
vt 0.84388 0.74260
vt 0.82474 0.73632
vt 0.81369 0.72447
vt 0.82696 0.72342
vt 0.82696 0.72342
vt 0.81369 0.72447
vt 0.81234 0.70626
vt 0.74558 0.77966
vt 0.72400 0.76407
vt 0.74269 0.74334
vt 0.73767 0.81367
vt 0.69426 0.81753
vt 0.73214 0.78893
vt 0.75063 0.80868
vt 0.73214 0.78893
vt 0.74558 0.77966
vt 0.72400 0.76407
vt 0.74558 0.77966
vt 0.73214 0.78893
vt 0.74269 0.74334
vt 0.76677 0.75879
vt 0.74558 0.77966
vt 0.76677 0.75879
vt 0.77144 0.78224
vt 0.74558 0.77966
vt 0.75063 0.80868
vt 0.74558 0.77966
vt 0.75568 0.79137
vt 0.75426 0.73663
vt 0.76581 0.73641
vt 0.76677 0.75879
vt 0.78391 0.80685
vt 0.76562 0.80961
vt 0.78136 0.79989
vt 0.77144 0.78224
vt 0.78136 0.79989
vt 0.76562 0.80961
vt 0.72990 0.73403
vt 0.74269 0.74334
vt 0.72107 0.74602
vt 0.76562 0.80961
vt 0.75063 0.80868
vt 0.75568 0.79137
vt 0.75568 0.79137
vt 0.77144 0.78224
vt 0.76562 0.80961
vt 0.75063 0.80868
vt 0.73767 0.81367
vt 0.73214 0.78893
vt 0.74558 0.77966
vt 0.77144 0.78224
vt 0.75568 0.79137
vt 0.72107 0.74602
vt 0.74269 0.74334
vt 0.72400 0.76407
vt 0.72400 0.76407
vt 0.73214 0.78893
vt 0.69426 0.81753
vt 0.71875 0.72645
vt 0.72990 0.73403
vt 0.72107 0.74602
vt 0.75426 0.73663
vt 0.76677 0.75879
vt 0.74269 0.74334
vt 0.81870 0.61063
vt 0.84057 0.60998
vt 0.83878 0.61807
vt 0.81786 0.58098
vt 0.82480 0.59444
vt 0.80988 0.59429
vt 0.81870 0.61063
vt 0.80988 0.59429
vt 0.82480 0.59444
vt 0.80988 0.59429
vt 0.81870 0.61063
vt 0.80290 0.61447
vt 0.81870 0.61063
vt 0.81275 0.61808
vt 0.80290 0.61447
vt 0.80290 0.61447
vt 0.81275 0.61808
vt 0.81087 0.62893
vt 0.81870 0.61063
vt 0.81791 0.62240
vt 0.81275 0.61808
vt 0.81087 0.62893
vt 0.80686 0.63040
vt 0.80290 0.61447
vt 0.80603 0.67196
vt 0.80422 0.65127
vt 0.81084 0.66244
vt 0.80603 0.67196
vt 0.78223 0.67224
vt 0.80422 0.65127
vt 0.78223 0.67224
vt 0.80603 0.67196
vt 0.78941 0.68083
vt 0.79262 0.69200
vt 0.78941 0.68083
vt 0.80603 0.67196
vt 0.29223 0.11230
vt 0.29125 0.10488
vt 0.29829 0.10764
vt 0.79262 0.69200
vt 0.80603 0.67196
vt 0.80931 0.68841
vt 0.80931 0.68841
vt 0.81234 0.70626
vt 0.79262 0.69200
vt 0.80152 0.64500
vt 0.80494 0.64348
vt 0.80422 0.65127
vt 0.80422 0.65127
vt 0.80494 0.64348
vt 0.81125 0.64683
vt 0.21482 0.00379
vt 0.21874 0.01195
vt 0.21227 0.01073
vt 0.80176 0.63778
vt 0.80152 0.64500
vt 0.78943 0.63710
vt 0.21227 0.01073
vt 0.21874 0.01195
vt 0.21227 0.01896
vt 0.78943 0.63710
vt 0.80152 0.64500
vt 0.80422 0.65127
vt 0.81125 0.64683
vt 0.81457 0.65537
vt 0.81084 0.66244
vt 0.81084 0.66244
vt 0.80422 0.65127
vt 0.81125 0.64683
vt 0.28463 0.10569
vt 0.29125 0.10488
vt 0.28469 0.11222
vt 0.29125 0.10488
vt 0.29223 0.11230
vt 0.28469 0.11222
vt 0.82567 0.69571
vt 0.82472 0.70489
vt 0.81234 0.70626
vt 0.78028 0.68617
vt 0.78753 0.71537
vt 0.77623 0.70367
vt 0.79262 0.69200
vt 0.78753 0.71537
vt 0.78028 0.68617
vt 0.28405 0.11852
vt 0.28469 0.11222
vt 0.29223 0.11230
vt 0.77623 0.70367
vt 0.78753 0.71537
vt 0.76294 0.71426
vt 0.82472 0.70489
vt 0.82567 0.69571
vt 0.83398 0.70556
vt 0.28405 0.11852
vt 0.29223 0.11230
vt 0.28944 0.12266
vt 0.83933 0.71662
vt 0.83398 0.70556
vt 0.83868 0.70370
vt 0.79262 0.69200
vt 0.79874 0.71761
vt 0.78753 0.71537
vt 0.28727 0.13247
vt 0.28405 0.11852
vt 0.28944 0.12266
vt 0.28405 0.11852
vt 0.28727 0.13247
vt 0.28241 0.12820
vt 0.84360 0.71319
vt 0.83933 0.71662
vt 0.83868 0.70370
vt 0.82472 0.70489
vt 0.82696 0.72342
vt 0.81234 0.70626
vt 0.82472 0.70489
vt 0.83282 0.71584
vt 0.82801 0.71741
vt 0.83282 0.71584
vt 0.82472 0.70489
vt 0.83398 0.70556
vt 0.83282 0.71584
vt 0.83398 0.70556
vt 0.83933 0.71662
vt 0.76294 0.71426
vt 0.75426 0.73663
vt 0.73944 0.71263
vt 0.82696 0.72342
vt 0.82472 0.70489
vt 0.82801 0.71741
vt 0.82567 0.69571
vt 0.83165 0.69369
vt 0.83398 0.70556
vt 0.81585 0.68793
vt 0.82567 0.69571
vt 0.81234 0.70626
vt 0.81585 0.68793
vt 0.81234 0.70626
vt 0.80931 0.68841
vt 0.79262 0.69200
vt 0.81234 0.70626
vt 0.79874 0.71761
vt 0.81234 0.70626
vt 0.81369 0.72447
vt 0.79874 0.71761
vt 0.79262 0.69200
vt 0.78028 0.68617
vt 0.78941 0.68083
vt 0.78028 0.68617
vt 0.78223 0.67224
vt 0.78941 0.68083
vt 0.78028 0.68617
vt 0.77623 0.70367
vt 0.76361 0.67306
vt 0.30019 0.08215
vt 0.30865 0.07960
vt 0.30842 0.09253
vt 0.83616 0.66004
vt 0.82590 0.67043
vt 0.82537 0.65957
vt 0.81594 0.67227
vt 0.81457 0.65537
vt 0.82537 0.65957
vt 0.83878 0.61807
vt 0.83379 0.62367
vt 0.81791 0.62240
vt 0.30510 0.04993
vt 0.30991 0.04729
vt 0.31865 0.05122
vt 0.83806 0.63258
vt 0.83067 0.64598
vt 0.83041 0.62992
vt 0.82558 0.63497
vt 0.83041 0.62992
vt 0.83067 0.64598
vt 0.30510 0.04993
vt 0.31865 0.05122
vt 0.30480 0.05909
vt 0.83067 0.64598
vt 0.83806 0.63258
vt 0.83850 0.64822
vt 0.83067 0.64598
vt 0.83850 0.64822
vt 0.83616 0.66004
vt 0.82537 0.65957
vt 0.83067 0.64598
vt 0.83616 0.66004
vt 0.83067 0.64598
vt 0.82537 0.65957
vt 0.81457 0.65537
vt 0.83616 0.66004
vt 0.83924 0.66739
vt 0.82590 0.67043
vt 0.81084 0.66244
vt 0.81457 0.65537
vt 0.81594 0.67227
vt 0.74269 0.74334
vt 0.73288 0.71490
vt 0.73944 0.71263
vt 0.81084 0.66244
vt 0.81594 0.67227
vt 0.80603 0.67196
vt 0.83924 0.66739
vt 0.83549 0.67206
vt 0.82590 0.67043
vt 0.73288 0.71490
vt 0.74269 0.74334
vt 0.72990 0.73403
vt 0.75426 0.73663
vt 0.74269 0.74334
vt 0.73944 0.71263
vt 0.72990 0.73403
vt 0.71875 0.72645
vt 0.73288 0.71490
vt 0.82590 0.67043
vt 0.81594 0.67227
vt 0.82537 0.65957
vt 0.79977 0.62771
vt 0.80686 0.63040
vt 0.80168 0.63211
vt 0.81594 0.67227
vt 0.82590 0.67043
vt 0.81585 0.68793
vt 0.80603 0.67196
vt 0.81594 0.67227
vt 0.81585 0.68793
vt 0.31865 0.05122
vt 0.32150 0.03669
vt 0.32302 0.03924
vt 0.31865 0.05122
vt 0.30991 0.04729
vt 0.32150 0.03669
vt 0.31409 0.04151
vt 0.32150 0.03669
vt 0.30991 0.04729
vt 0.29636 0.09437
vt 0.29125 0.10488
vt 0.29132 0.09908
vt 0.82590 0.67043
vt 0.83549 0.67206
vt 0.83054 0.68081
vt 0.82590 0.67043
vt 0.82567 0.69571
vt 0.81585 0.68793
vt 0.82590 0.67043
vt 0.83054 0.68081
vt 0.82567 0.69571
vt 0.30257 0.10045
vt 0.29829 0.10764
vt 0.29125 0.10488
vt 0.29132 0.09908
vt 0.29125 0.10488
vt 0.28463 0.10569
vt 0.83054 0.68081
vt 0.83165 0.69369
vt 0.82567 0.69571
vt 0.80931 0.68841
vt 0.80603 0.67196
vt 0.81585 0.68793
vt 0.83806 0.63258
vt 0.83041 0.62992
vt 0.83379 0.62367
vt 0.30865 0.07960
vt 0.30480 0.05909
vt 0.31131 0.06348
vt 0.82558 0.63497
vt 0.81457 0.65537
vt 0.81125 0.64683
vt 0.23627 0.02197
vt 0.23356 0.03725
vt 0.22678 0.03574
vt 0.81457 0.65537
vt 0.82558 0.63497
vt 0.83067 0.64598
vt 0.22678 0.03574
vt 0.23356 0.03725
vt 0.23115 0.04044
vt 0.80176 0.63778
vt 0.80379 0.63958
vt 0.80152 0.64500
vt 0.78943 0.63710
vt 0.80168 0.63211
vt 0.80176 0.63778
vt 0.21227 0.01896
vt 0.21874 0.01195
vt 0.21755 0.02053
vt 0.23627 0.02197
vt 0.22678 0.03574
vt 0.22114 0.02321
vt 0.21755 0.02053
vt 0.21874 0.01195
vt 0.22114 0.02321
vt 0.81786 0.58098
vt 0.83535 0.58527
vt 0.82480 0.59444
vt 0.83887 0.59102
vt 0.82480 0.59444
vt 0.83535 0.58527
vt 0.83718 0.60044
vt 0.82480 0.59444
vt 0.83887 0.59102
vt 0.82480 0.59444
vt 0.83718 0.60044
vt 0.81870 0.61063
vt 0.83535 0.58527
vt 0.81786 0.58098
vt 0.83257 0.58234
vt 0.32038 0.03210
vt 0.31409 0.04151
vt 0.31673 0.03192
vt 0.32038 0.03210
vt 0.32150 0.03669
vt 0.31409 0.04151
vt 0.83878 0.61807
vt 0.81791 0.62240
vt 0.81870 0.61063
vt 0.83718 0.60044
vt 0.84057 0.60998
vt 0.81870 0.61063
vt 0.21807 0.03524
vt 0.21605 0.03164
vt 0.22678 0.03574
vt 0.30019 0.08215
vt 0.30842 0.09253
vt 0.29932 0.08892
vt 0.29932 0.08892
vt 0.30842 0.09253
vt 0.29636 0.09437
vt 0.30257 0.10045
vt 0.29125 0.10488
vt 0.29636 0.09437
vt 0.21605 0.03164
vt 0.22114 0.02321
vt 0.22678 0.03574
vt 0.22130 0.04063
vt 0.21807 0.03524
vt 0.22678 0.03574
vt 0.81791 0.62240
vt 0.82558 0.63497
vt 0.81586 0.63480
vt 0.21504 0.02638
vt 0.21704 0.02391
vt 0.22114 0.02321
vt 0.21704 0.02391
vt 0.21755 0.02053
vt 0.22114 0.02321
vt 0.81791 0.62240
vt 0.83041 0.62992
vt 0.82558 0.63497
vt 0.21504 0.02638
vt 0.22114 0.02321
vt 0.21605 0.03164
vt 0.81791 0.62240
vt 0.81586 0.63480
vt 0.81275 0.61808
vt 0.83041 0.62992
vt 0.81791 0.62240
vt 0.83379 0.62367
vt 0.78943 0.63710
vt 0.79977 0.62771
vt 0.80168 0.63211
vt 0.81275 0.61808
vt 0.81269 0.63085
vt 0.81087 0.62893
vt 0.80686 0.63040
vt 0.79977 0.62771
vt 0.80290 0.61447
vt 0.81275 0.61808
vt 0.81586 0.63480
vt 0.81269 0.63085
vt 0.31610 0.02525
vt 0.31573 0.01974
vt 0.32245 0.02778
vt 0.43024 0.24073
vt 0.45792 0.23464
vt 0.46541 0.24774
vt 0.45792 0.23464
vt 0.47408 0.24510
vt 0.46541 0.24774
vt 0.47408 0.24510
vt 0.45792 0.23464
vt 0.47441 0.22918
vt 0.44545 0.21163
vt 0.47391 0.20364
vt 0.47441 0.22918
vt 0.47441 0.22918
vt 0.45792 0.23464
vt 0.44545 0.21163
vt 0.39656 0.35710
vt 0.41231 0.34383
vt 0.42102 0.34950
vt 0.39656 0.35710
vt 0.42102 0.34950
vt 0.41973 0.37694
vt 0.44250 0.30048
vt 0.43892 0.32944
vt 0.43054 0.31243
vt 0.42175 0.28081
vt 0.44250 0.30048
vt 0.43054 0.31243
vt 0.42175 0.28081
vt 0.43963 0.28174
vt 0.44250 0.30048
vt 0.47408 0.24510
vt 0.47475 0.25431
vt 0.46541 0.24774
vt 0.45807 0.31385
vt 0.45789 0.31586
vt 0.45652 0.31863
vt 0.45822 0.29750
vt 0.46498 0.28227
vt 0.46164 0.29555
vt 0.46541 0.24774
vt 0.47456 0.26241
vt 0.47021 0.26999
vt 0.47475 0.25431
vt 0.47456 0.26241
vt 0.46541 0.24774
vt 0.46164 0.29555
vt 0.45968 0.30270
vt 0.45822 0.29750
vt 0.42816 0.32931
vt 0.43892 0.32944
vt 0.42945 0.34291
vt 0.44250 0.30048
vt 0.45822 0.29750
vt 0.45968 0.30270
vt 0.45652 0.31863
vt 0.44250 0.30048
vt 0.45807 0.31385
vt 0.45968 0.30270
vt 0.45807 0.31385
vt 0.44250 0.30048
vt 0.45652 0.31863
vt 0.43892 0.32944
vt 0.44250 0.30048
vt 0.46535 0.37870
vt 0.44718 0.37514
vt 0.46088 0.35844
vt 0.43892 0.32944
vt 0.45652 0.31863
vt 0.45850 0.33559
vt 0.45850 0.33559
vt 0.45652 0.31863
vt 0.45918 0.32266
vt 0.43741 0.35426
vt 0.44718 0.37514
vt 0.43341 0.35976
vt 0.46088 0.35844
vt 0.44718 0.37514
vt 0.43741 0.35426
vt 0.44718 0.37514
vt 0.43161 0.36926
vt 0.43341 0.35976
vt 0.39711 0.33148
vt 0.42816 0.32931
vt 0.41803 0.33939
vt 0.43341 0.35976
vt 0.43161 0.36926
vt 0.42827 0.36578
vt 0.41973 0.37694
vt 0.42827 0.36578
vt 0.43161 0.36926
vt 0.43892 0.32944
vt 0.42816 0.32931
vt 0.43054 0.31243
vt 0.41473 0.31456
vt 0.42816 0.32931
vt 0.39711 0.33148
vt 0.41473 0.31456
vt 0.43054 0.31243
vt 0.42816 0.32931
vt 0.42175 0.28081
vt 0.43024 0.24073
vt 0.43963 0.28174
vt 0.43963 0.28174
vt 0.46498 0.28227
vt 0.45822 0.29750
vt 0.43963 0.28174
vt 0.43024 0.24073
vt 0.46498 0.28227
vt 0.45822 0.29750
vt 0.44250 0.30048
vt 0.43963 0.28174
vt 0.46498 0.28227
vt 0.43024 0.24073
vt 0.47021 0.26999
vt 0.43024 0.24073
vt 0.46541 0.24774
vt 0.47021 0.26999
vt 0.41231 0.34383
vt 0.39711 0.33148
vt 0.41803 0.33939
vt 0.42102 0.34950
vt 0.41231 0.34383
vt 0.41803 0.33939
vt 0.37161 0.11909
vt 0.35422 0.12289
vt 0.35499 0.11391
vt 0.41231 0.34383
vt 0.39656 0.35710
vt 0.39326 0.34702
vt 0.42102 0.34950
vt 0.42827 0.36578
vt 0.41973 0.37694
vt 0.43892 0.32944
vt 0.45850 0.33559
vt 0.43741 0.35426
vt 0.43892 0.32944
vt 0.43741 0.35426
vt 0.42945 0.34291
vt 0.43741 0.35426
vt 0.45850 0.33559
vt 0.46088 0.35844
vt 0.42102 0.34950
vt 0.42945 0.34291
vt 0.42827 0.36578
vt 0.43341 0.35976
vt 0.42827 0.36578
vt 0.42945 0.34291
vt 0.43741 0.35426
vt 0.43341 0.35976
vt 0.42945 0.34291
vt 0.47408 0.24510
vt 0.47534 0.25139
vt 0.47475 0.25431
vt 0.39326 0.34702
vt 0.39711 0.33148
vt 0.41231 0.34383
vt 0.41013 0.00576
vt 0.42392 0.00770
vt 0.41199 0.01473
vt 0.45732 0.03034
vt 0.41928 0.03477
vt 0.42945 0.01979
vt 0.39193 0.01426
vt 0.39609 0.00461
vt 0.41013 0.00576
vt 0.39193 0.01426
vt 0.41013 0.00576
vt 0.41199 0.01473
vt 0.41199 0.01473
vt 0.42945 0.01979
vt 0.41253 0.03070
vt 0.41199 0.01473
vt 0.42392 0.00770
vt 0.42945 0.01979
vt 0.42945 0.01979
vt 0.41928 0.03477
vt 0.41253 0.03070
vt 0.82113 0.56585
vt 0.81786 0.58098
vt 0.79899 0.56410
vt 0.81786 0.58098
vt 0.83164 0.57770
vt 0.83257 0.58234
vt 0.83789 0.56756
vt 0.83164 0.57770
vt 0.82113 0.56585
vt 0.81786 0.58098
vt 0.82113 0.56585
vt 0.83164 0.57770
vt 0.83905 0.57685
vt 0.83257 0.58234
vt 0.83164 0.57770
vt 0.32249 0.01833
vt 0.31710 0.01186
vt 0.33394 0.01554
vt 0.32249 0.01833
vt 0.33394 0.01554
vt 0.32690 0.02308
vt 0.83789 0.56756
vt 0.83905 0.57685
vt 0.83164 0.57770
vt 0.33774 0.01724
vt 0.33394 0.01554
vt 0.33903 0.00833
vt 0.31710 0.01186
vt 0.33187 0.00642
vt 0.33394 0.01554
vt 0.31710 0.01186
vt 0.32159 0.00543
vt 0.33187 0.00642
vt 0.35356 0.01440
vt 0.33774 0.01724
vt 0.35113 0.00527
vt 0.31573 0.01974
vt 0.31215 0.01693
vt 0.32249 0.01833
vt 0.33187 0.00642
vt 0.33903 0.00833
vt 0.33394 0.01554
vt 0.32249 0.01833
vt 0.31215 0.01693
vt 0.31710 0.01186
vt 0.33903 0.00833
vt 0.35113 0.00527
vt 0.33774 0.01724
vt 0.33187 0.00642
vt 0.33751 0.00540
vt 0.33903 0.00833
vt 0.36642 0.01950
vt 0.35356 0.01440
vt 0.36217 0.00504
vt 0.35113 0.00527
vt 0.36217 0.00504
vt 0.35356 0.01440
vt 0.36877 0.02905
vt 0.36642 0.01950
vt 0.39193 0.01426
vt 0.37625 0.00435
vt 0.36642 0.01950
vt 0.36217 0.00504
vt 0.37625 0.00435
vt 0.39193 0.01426
vt 0.36642 0.01950
vt 0.37625 0.00435
vt 0.39609 0.00461
vt 0.39193 0.01426
vt 0.79899 0.56410
vt 0.81786 0.58098
vt 0.78989 0.57493
vt 0.72887 0.59353
vt 0.73031 0.56842
vt 0.73339 0.58180
vt 0.73031 0.56842
vt 0.72887 0.59353
vt 0.72158 0.58225
vt 0.70417 0.58528
vt 0.70680 0.57115
vt 0.71271 0.58995
vt 0.72279 0.56986
vt 0.73031 0.56842
vt 0.72158 0.58225
vt 0.74446 0.56716
vt 0.74755 0.58344
vt 0.73339 0.58180
vt 0.73031 0.56842
vt 0.74446 0.56716
vt 0.73339 0.58180
vt 0.73877 0.58791
vt 0.73339 0.58180
vt 0.74755 0.58344
vt 0.77006 0.58179
vt 0.76480 0.59146
vt 0.75547 0.56756
vt 0.76480 0.59146
vt 0.74755 0.58344
vt 0.75547 0.56756
vt 0.74446 0.56716
vt 0.75547 0.56756
vt 0.74755 0.58344
vt 0.72158 0.58225
vt 0.71271 0.58995
vt 0.70680 0.57115
vt 0.78721 0.56570
vt 0.79899 0.56410
vt 0.78989 0.57493
vt 0.78989 0.57493
vt 0.81786 0.58098
vt 0.79215 0.57982
vt 0.09676 0.73749
vt 0.09372 0.73698
vt 0.09967 0.73590
vt 0.08283 0.73521
vt 0.09967 0.73590
vt 0.09372 0.73698
vt 0.09740 0.72106
vt 0.09967 0.73590
vt 0.08101 0.72792
vt 0.09967 0.73590
vt 0.08283 0.73521
vt 0.08101 0.72792
vt 0.08101 0.72792
vt 0.08656 0.71683
vt 0.09740 0.72106
vt 0.09967 0.73590
vt 0.09740 0.72106
vt 0.11855 0.72503
vt 0.02397 0.73136
vt 0.04096 0.72151
vt 0.04987 0.73381
vt 0.05709 0.73319
vt 0.04987 0.73381
vt 0.05937 0.72738
vt 0.05937 0.72738
vt 0.04987 0.73381
vt 0.04096 0.72151
vt 0.02397 0.73136
vt 0.02463 0.71496
vt 0.04379 0.71459
vt 0.02397 0.73136
vt 0.04379 0.71459
vt 0.04096 0.72151
vt 0.04096 0.72151
vt 0.04379 0.71459
vt 0.05937 0.72738
vt 0.01142 0.71875
vt 0.01747 0.72444
vt 0.01340 0.72545
vt 0.68925 0.57644
vt 0.68639 0.57365
vt 0.68952 0.56731
vt 0.70234 0.57968
vt 0.70417 0.58528
vt 0.69717 0.57727
vt 0.01991 0.70981
vt 0.02463 0.71496
vt 0.01747 0.72444
vt 0.68579 0.58219
vt 0.68639 0.57365
vt 0.68925 0.57644
vt 0.69717 0.57727
vt 0.70417 0.58528
vt 0.68925 0.57644
vt 0.00383 0.00390
vt 0.00383 0.00998
vt 0.00368 0.00496
vt 0.01747 0.72444
vt 0.02463 0.71496
vt 0.02397 0.73136
vt 0.68952 0.56731
vt 0.69631 0.56802
vt 0.68925 0.57644
vt 0.70135 0.57671
vt 0.68925 0.57644
vt 0.70680 0.57115
vt 0.01747 0.72444
vt 0.01400 0.73350
vt 0.01340 0.72545
vt 0.68925 0.57644
vt 0.70135 0.57671
vt 0.69717 0.57727
vt 0.01747 0.72444
vt 0.02397 0.73136
vt 0.01400 0.73350
vt 0.69631 0.56802
vt 0.70680 0.57115
vt 0.68925 0.57644
vt 0.16857 0.71598
vt 0.16691 0.73319
vt 0.16054 0.70144
vt 0.16857 0.71598
vt 0.17100 0.73276
vt 0.16691 0.73319
vt 0.12667 0.73993
vt 0.11495 0.73957
vt 0.11855 0.72503
vt 0.11855 0.72503
vt 0.11495 0.73957
vt 0.09967 0.73590
vt 0.07458 0.72266
vt 0.08114 0.71377
vt 0.08656 0.71683
vt 0.07458 0.72266
vt 0.08101 0.72792
vt 0.06750 0.73270
vt 0.08283 0.73521
vt 0.06750 0.73270
vt 0.08101 0.72792
vt 0.08101 0.72792
vt 0.07458 0.72266
vt 0.08656 0.71683
vt 0.06750 0.73270
vt 0.05937 0.72738
vt 0.07458 0.72266
vt 0.05709 0.73319
vt 0.05771 0.73424
vt 0.04987 0.73381
vt 0.06750 0.73270
vt 0.05709 0.73319
vt 0.05937 0.72738
vt 0.70680 0.57115
vt 0.70417 0.58528
vt 0.70135 0.57671
vt 0.70417 0.58528
vt 0.70234 0.57968
vt 0.70135 0.57671
vt 0.14894 0.73591
vt 0.13589 0.74118
vt 0.12667 0.73993
vt 0.14894 0.73591
vt 0.12667 0.73993
vt 0.14459 0.71308
vt 0.14459 0.71308
vt 0.12667 0.73993
vt 0.11855 0.72503
vt 0.14894 0.73591
vt 0.16054 0.70144
vt 0.16691 0.73319
vt 0.14894 0.73591
vt 0.14459 0.71308
vt 0.16054 0.70144
vt 0.81032 0.28492
vt 0.79713 0.25826
vt 0.82382 0.28523
vt 0.78017 0.29966
vt 0.75805 0.27083
vt 0.75936 0.24247
vt 0.82382 0.28523
vt 0.82978 0.28934
vt 0.82677 0.29194
vt 0.75936 0.24247
vt 0.79713 0.25826
vt 0.78017 0.29966
vt 0.84655 0.26863
vt 0.83745 0.24720
vt 0.84622 0.23365
vt 0.85565 0.24102
vt 0.84655 0.26863
vt 0.84622 0.23365
vt 0.81136 0.22597
vt 0.79863 0.22611
vt 0.80711 0.21158
vt 0.81136 0.22597
vt 0.80711 0.21158
vt 0.81683 0.20862
vt 0.74191 0.26248
vt 0.75936 0.24247
vt 0.75805 0.27083
vt 0.74191 0.26248
vt 0.74286 0.24278
vt 0.75936 0.24247
vt 0.83745 0.24720
vt 0.81136 0.22597
vt 0.83736 0.22348
vt 0.83745 0.24720
vt 0.83736 0.22348
vt 0.84622 0.23365
vt 0.79129 0.23452
vt 0.79863 0.22611
vt 0.80140 0.23492
vt 0.82382 0.28523
vt 0.82677 0.29194
vt 0.81032 0.28492
vt 0.75805 0.27083
vt 0.78017 0.29966
vt 0.75063 0.28853
vt 0.79863 0.22611
vt 0.79129 0.23452
vt 0.78199 0.22822
vt 0.81136 0.22597
vt 0.80140 0.23492
vt 0.79863 0.22611
vt 0.80140 0.23492
vt 0.81136 0.22597
vt 0.80479 0.24981
vt 0.82978 0.28934
vt 0.82382 0.28523
vt 0.83745 0.24720
vt 0.82978 0.28934
vt 0.83745 0.24720
vt 0.84509 0.30299
vt 0.16741 0.20174
vt 0.17339 0.19845
vt 0.17819 0.22010
vt 0.17339 0.19845
vt 0.18290 0.22152
vt 0.17819 0.22010
vt 0.16735 0.23670
vt 0.16741 0.20174
vt 0.17819 0.22010
vt 0.16735 0.23670
vt 0.17819 0.22010
vt 0.17779 0.23271
vt 0.18290 0.22152
vt 0.17779 0.23271
vt 0.17819 0.22010
vt 0.86320 0.23816
vt 0.86755 0.25826
vt 0.85565 0.24102
vt 0.85508 0.23119
vt 0.86320 0.23816
vt 0.85565 0.24102
vt 0.79431 0.20472
vt 0.79863 0.22611
vt 0.78199 0.22822
vt 0.79431 0.20472
vt 0.78199 0.22822
vt 0.76434 0.19894
vt 0.84509 0.30299
vt 0.83745 0.24720
vt 0.84655 0.26863
vt 0.84622 0.23365
vt 0.83736 0.22348
vt 0.85508 0.23119
vt 0.85565 0.24102
vt 0.86972 0.27038
vt 0.84655 0.26863
vt 0.84622 0.23365
vt 0.85508 0.23119
vt 0.85565 0.24102
vt 0.81683 0.20862
vt 0.83736 0.22348
vt 0.81136 0.22597
vt 0.81136 0.22597
vt 0.83745 0.24720
vt 0.82382 0.28523
vt 0.79713 0.25826
vt 0.80479 0.24981
vt 0.82382 0.28523
vt 0.82382 0.28523
vt 0.80479 0.24981
vt 0.81136 0.22597
vt 0.85508 0.23119
vt 0.87279 0.22542
vt 0.86320 0.23816
vt 0.79431 0.20472
vt 0.80711 0.21158
vt 0.79863 0.22611
vt 0.80479 0.24981
vt 0.79713 0.25826
vt 0.80140 0.23492
vt 0.79713 0.25826
vt 0.79129 0.23452
vt 0.80140 0.23492
vt 0.79713 0.25826
vt 0.77204 0.23656
vt 0.79129 0.23452
vt 0.77204 0.23656
vt 0.78199 0.22822
vt 0.79129 0.23452
vt 0.75936 0.24247
vt 0.77204 0.23656
vt 0.79713 0.25826
vt 0.79713 0.25826
vt 0.81032 0.28492
vt 0.80319 0.28626
vt 0.78017 0.29966
vt 0.79713 0.25826
vt 0.80319 0.28626
vt 0.73310 0.14825
vt 0.76288 0.13824
vt 0.73930 0.16497
vt 0.78047 0.17978
vt 0.73930 0.16497
vt 0.76288 0.13824
vt 0.13840 0.12778
vt 0.13608 0.10562
vt 0.14271 0.12035
vt 0.73930 0.16497
vt 0.78047 0.17978
vt 0.73131 0.16990
vt 0.13840 0.12778
vt 0.11447 0.12254
vt 0.11097 0.10596
vt 0.13840 0.12778
vt 0.14417 0.16463
vt 0.11447 0.12254
vt 0.76434 0.19894
vt 0.78199 0.22822
vt 0.77204 0.23656
vt 0.09833 0.08708
vt 0.11466 0.09348
vt 0.10518 0.11045
vt 0.77204 0.23656
vt 0.74309 0.21771
vt 0.76434 0.19894
vt 0.72901 0.13101
vt 0.76288 0.13824
vt 0.73310 0.14825
vt 0.76434 0.19894
vt 0.74232 0.19093
vt 0.78047 0.17978
vt 0.11730 0.08741
vt 0.13608 0.10562
vt 0.11466 0.09348
vt 0.73131 0.16990
vt 0.78047 0.17978
vt 0.74232 0.19093
vt 0.11447 0.12254
vt 0.14417 0.16463
vt 0.12584 0.15651
vt 0.15076 0.14955
vt 0.14417 0.16463
vt 0.13840 0.12778
vt 0.74232 0.19093
vt 0.76434 0.19894
vt 0.74309 0.21771
vt 0.73649 0.21530
vt 0.74232 0.19093
vt 0.74309 0.21771
vt 0.13608 0.10562
vt 0.13840 0.12778
vt 0.11466 0.09348
vt 0.10518 0.11045
vt 0.11466 0.09348
vt 0.11097 0.10596
vt 0.13840 0.12778
vt 0.11097 0.10596
vt 0.11466 0.09348
vt 0.74309 0.21771
vt 0.77204 0.23656
vt 0.75936 0.24247
vt 0.74309 0.21771
vt 0.75936 0.24247
vt 0.74286 0.24278
vt 0.16741 0.20174
vt 0.14417 0.16463
vt 0.16478 0.18479
vt 0.16478 0.18479
vt 0.17339 0.19845
vt 0.16741 0.20174
vt 0.87279 0.22542
vt 0.84293 0.20820
vt 0.85453 0.18969
vt 0.85453 0.18969
vt 0.82390 0.20046
vt 0.80701 0.16362
vt 0.85453 0.18969
vt 0.80701 0.16362
vt 0.85795 0.16604
vt 0.87770 0.15956
vt 0.90220 0.18242
vt 0.88399 0.18942
vt 0.87045 0.15984
vt 0.87770 0.15956
vt 0.85795 0.16604
vt 0.85795 0.16604
vt 0.87770 0.15956
vt 0.88399 0.18942
vt 0.85453 0.18969
vt 0.85795 0.16604
vt 0.88399 0.18942
vt 0.84293 0.20820
vt 0.81683 0.20862
vt 0.82390 0.20046
vt 0.85508 0.23119
vt 0.83736 0.22348
vt 0.84293 0.20820
vt 0.84293 0.20820
vt 0.87279 0.22542
vt 0.85508 0.23119
vt 0.82390 0.20046
vt 0.85453 0.18969
vt 0.84293 0.20820
vt 0.85453 0.18969
vt 0.88399 0.18942
vt 0.87279 0.22542
vt 0.83736 0.22348
vt 0.81683 0.20862
vt 0.84293 0.20820
vt 0.87045 0.15984
vt 0.87497 0.15846
vt 0.87770 0.15956
vt 0.01117 0.00793
vt 0.01115 0.00425
vt 0.01117 0.00420
vt 0.79431 0.20472
vt 0.82390 0.20046
vt 0.81683 0.20862
vt 0.82390 0.20046
vt 0.79431 0.20472
vt 0.78047 0.17978
vt 0.78047 0.17978
vt 0.80701 0.16362
vt 0.82390 0.20046
vt 0.80701 0.16362
vt 0.76288 0.13824
vt 0.78893 0.11270
vt 0.79431 0.20472
vt 0.81683 0.20862
vt 0.80711 0.21158
vt 0.76434 0.19894
vt 0.78047 0.17978
vt 0.79431 0.20472
vt 0.80701 0.16362
vt 0.78047 0.17978
vt 0.76288 0.13824
vt 0.81896 0.34737
vt 0.76059 0.34643
vt 0.78457 0.31458
vt 0.76688 0.37078
vt 0.75417 0.36209
vt 0.76059 0.34643
vt 0.76059 0.34643
vt 0.75367 0.32409
vt 0.78457 0.31458
vt 0.78017 0.29966
vt 0.79236 0.30618
vt 0.78457 0.31458
vt 0.78457 0.31458
vt 0.75367 0.32409
vt 0.78017 0.29966
vt 0.78017 0.29966
vt 0.75367 0.32409
vt 0.75063 0.28853
vt 0.75367 0.32409
vt 0.73543 0.31550
vt 0.75063 0.28853
vt 0.19139 0.26673
vt 0.19877 0.28658
vt 0.17826 0.27257
vt 0.73543 0.31550
vt 0.75367 0.32409
vt 0.73539 0.32961
vt 0.19685 0.26910
vt 0.20304 0.28201
vt 0.19139 0.26673
vt 0.19877 0.28658
vt 0.19139 0.26673
vt 0.20304 0.28201
vt 0.16735 0.23670
vt 0.18726 0.25427
vt 0.17826 0.27257
vt 0.18726 0.25427
vt 0.19139 0.26673
vt 0.17826 0.27257
vt 0.73576 0.29706
vt 0.75063 0.28853
vt 0.73543 0.31550
vt 0.19685 0.26910
vt 0.19139 0.26673
vt 0.18726 0.25427
vt 0.21180 0.29673
vt 0.21584 0.30970
vt 0.20020 0.29787
vt 0.19877 0.28658
vt 0.21180 0.29673
vt 0.20020 0.29787
vt 0.78017 0.29966
vt 0.80319 0.28626
vt 0.79236 0.30618
vt 0.19877 0.28658
vt 0.20304 0.28201
vt 0.21180 0.29673
vt 0.73539 0.32961
vt 0.75367 0.32409
vt 0.74124 0.34630
vt 0.21584 0.30970
vt 0.20160 0.31488
vt 0.20020 0.29787
vt 0.75063 0.28853
vt 0.73576 0.29706
vt 0.73661 0.28187
vt 0.75121 0.34012
vt 0.74124 0.34630
vt 0.75367 0.32409
vt 0.75063 0.28853
vt 0.74191 0.26248
vt 0.75805 0.27083
vt 0.81896 0.34737
vt 0.79236 0.30618
vt 0.81506 0.30783
vt 0.81506 0.30783
vt 0.79236 0.30618
vt 0.81032 0.28492
vt 0.75121 0.34012
vt 0.75367 0.32409
vt 0.76059 0.34643
vt 0.75417 0.36209
vt 0.74077 0.36020
vt 0.74124 0.34630
vt 0.75417 0.36209
vt 0.74124 0.34630
vt 0.75121 0.34012
vt 0.82677 0.29194
vt 0.81506 0.30783
vt 0.81032 0.28492
vt 0.75121 0.34012
vt 0.76059 0.34643
vt 0.75417 0.36209
vt 0.81896 0.34737
vt 0.78457 0.31458
vt 0.79236 0.30618
vt 0.18361 0.24264
vt 0.18726 0.25427
vt 0.16735 0.23670
vt 0.16735 0.23670
vt 0.17779 0.23271
vt 0.18361 0.24264
vt 0.80319 0.28626
vt 0.81032 0.28492
vt 0.79236 0.30618
vt 0.75063 0.28853
vt 0.73661 0.28187
vt 0.74191 0.26248
vt 0.73677 0.26714
vt 0.74191 0.26248
vt 0.73661 0.28187
vt 0.74667 0.40921
vt 0.77777 0.41363
vt 0.76668 0.42153
vt 0.76668 0.42153
vt 0.71962 0.41599
vt 0.74667 0.40921
vt 0.57653 0.37724
vt 0.57116 0.37301
vt 0.57805 0.36663
vt 0.57805 0.36663
vt 0.58138 0.37319
vt 0.57653 0.37724
vt 0.56437 0.40215
vt 0.57653 0.37724
vt 0.58322 0.38533
vt 0.71277 0.40940
vt 0.70451 0.40210
vt 0.74667 0.40921
vt 0.60035 0.41880
vt 0.58322 0.38533
vt 0.61322 0.39904
vt 0.74159 0.37128
vt 0.74077 0.36020
vt 0.75417 0.36209
vt 0.21584 0.30970
vt 0.21847 0.31554
vt 0.20160 0.31488
vt 0.56129 0.39600
vt 0.57116 0.37301
vt 0.56437 0.40215
vt 0.57116 0.37301
vt 0.57653 0.37724
vt 0.56437 0.40215
vt 0.71962 0.41599
vt 0.71277 0.40940
vt 0.74667 0.40921
vt 0.61812 0.40272
vt 0.60035 0.41880
vt 0.61322 0.39904
vt 0.60035 0.41880
vt 0.61812 0.40272
vt 0.63064 0.42522
vt 0.77777 0.41363
vt 0.77347 0.42197
vt 0.76668 0.42153
vt 0.20160 0.31488
vt 0.19567 0.34002
vt 0.17830 0.31938
vt 0.20160 0.31488
vt 0.21847 0.31554
vt 0.19567 0.34002
vt 0.57653 0.37724
vt 0.58138 0.37319
vt 0.58322 0.38533
vt 0.58138 0.37319
vt 0.58672 0.37682
vt 0.58322 0.38533
vt 0.58672 0.37682
vt 0.61322 0.39904
vt 0.58322 0.38533
vt 0.21847 0.31554
vt 0.21038 0.33820
vt 0.19567 0.34002
vt 0.20563 0.35167
vt 0.19567 0.34002
vt 0.21038 0.33820
vt 0.20449 0.36390
vt 0.19567 0.34002
vt 0.20563 0.35167
vt 0.20449 0.36390
vt 0.18593 0.36215
vt 0.19567 0.34002
vt 0.70451 0.40210
vt 0.71961 0.39219
vt 0.74667 0.40921
vt 0.74159 0.37128
vt 0.75417 0.36209
vt 0.76106 0.38316
vt 0.76106 0.38316
vt 0.75074 0.39492
vt 0.74159 0.37128
vt 0.75074 0.39492
vt 0.71961 0.39219
vt 0.74159 0.37128
vt 0.71961 0.39219
vt 0.75074 0.39492
vt 0.74667 0.40921
vt 0.75074 0.39492
vt 0.76617 0.38889
vt 0.77777 0.41363
vt 0.75074 0.39492
vt 0.76106 0.38316
vt 0.76617 0.38889
vt 0.74667 0.40921
vt 0.75074 0.39492
vt 0.77777 0.41363
vt 0.76617 0.38889
vt 0.81318 0.39107
vt 0.77777 0.41363
vt 0.17830 0.31938
vt 0.19567 0.34002
vt 0.18593 0.36215
vt 0.76617 0.38889
vt 0.76688 0.37078
vt 0.81318 0.39107
vt 0.76688 0.37078
vt 0.76106 0.38316
vt 0.75417 0.36209
vt 0.76617 0.38889
vt 0.76106 0.38316
vt 0.76688 0.37078
vt 0.84509 0.30299
vt 0.85678 0.33319
vt 0.84397 0.33920
vt 0.82583 0.34997
vt 0.84010 0.33891
vt 0.84273 0.34835
vt 0.81506 0.30783
vt 0.82583 0.34997
vt 0.81896 0.34737
vt 0.82978 0.28934
vt 0.84509 0.30299
vt 0.82937 0.31031
vt 0.82583 0.34997
vt 0.84273 0.34835
vt 0.84266 0.37869
vt 0.82583 0.34997
vt 0.84266 0.37869
vt 0.81318 0.39107
vt 0.84509 0.30299
vt 0.84397 0.33920
vt 0.82937 0.31031
vt 0.84273 0.34835
vt 0.84397 0.33920
vt 0.86347 0.35369
vt 0.84397 0.33920
vt 0.84273 0.34835
vt 0.84010 0.33891
vt 0.82937 0.31031
vt 0.84010 0.33891
vt 0.82583 0.34997
vt 0.82677 0.29194
vt 0.82978 0.28934
vt 0.82937 0.31031
vt 0.84397 0.33920
vt 0.84010 0.33891
vt 0.82937 0.31031
vt 0.82937 0.31031
vt 0.81506 0.30783
vt 0.82677 0.29194
vt 0.84273 0.34835
vt 0.86347 0.35369
vt 0.84266 0.37869
vt 0.82583 0.34997
vt 0.81506 0.30783
vt 0.82937 0.31031
vt 0.87770 0.15956
vt 0.87590 0.15603
vt 0.89604 0.14263
vt 0.89604 0.14263
vt 0.87590 0.15603
vt 0.89296 0.12645
vt 0.89828 0.15087
vt 0.87770 0.15956
vt 0.89604 0.14263
vt 0.86965 0.11907
vt 0.87590 0.15603
vt 0.85795 0.16604
vt 0.37590 0.60507
vt 0.36584 0.59908
vt 0.37935 0.58230
vt 0.36584 0.59908
vt 0.37590 0.60507
vt 0.35658 0.60709
vt 0.37935 0.58230
vt 0.39140 0.58484
vt 0.37590 0.60507
vt 0.84791 0.10162
vt 0.84576 0.09139
vt 0.86474 0.09540
vt 0.86965 0.11907
vt 0.84791 0.10162
vt 0.87125 0.10543
vt 0.40977 0.59384
vt 0.39140 0.58484
vt 0.40983 0.56705
vt 0.34943 0.64066
vt 0.35899 0.62101
vt 0.36370 0.63829
vt 0.37590 0.60507
vt 0.35899 0.62101
vt 0.35658 0.60709
vt 0.88622 0.11625
vt 0.87590 0.15603
vt 0.86965 0.11907
vt 0.89296 0.12645
vt 0.87590 0.15603
vt 0.88622 0.11625
vt 0.86965 0.11907
vt 0.87916 0.10793
vt 0.88622 0.11625
vt 0.35899 0.62101
vt 0.34943 0.64066
vt 0.35355 0.62795
vt 0.87590 0.15603
vt 0.87045 0.15984
vt 0.85795 0.16604
vt 0.37583 0.64734
vt 0.36370 0.63829
vt 0.37590 0.60507
vt 0.87125 0.10543
vt 0.87916 0.10793
vt 0.86965 0.11907
vt 0.36370 0.63829
vt 0.35899 0.62101
vt 0.37590 0.60507
vt 0.86965 0.11907
vt 0.85795 0.16604
vt 0.80701 0.16362
vt 0.37583 0.64734
vt 0.37590 0.60507
vt 0.40592 0.62101
vt 0.87497 0.15846
vt 0.87590 0.15603
vt 0.87770 0.15956
vt 0.40977 0.59384
vt 0.40592 0.62101
vt 0.39140 0.58484
vt 0.40230 0.63378
vt 0.37583 0.64734
vt 0.40592 0.62101
vt 0.80701 0.16362
vt 0.82512 0.09466
vt 0.86965 0.11907
vt 0.86965 0.11907
vt 0.82512 0.09466
vt 0.84791 0.10162
vt 0.40592 0.62101
vt 0.37590 0.60507
vt 0.39140 0.58484
vt 0.87125 0.10543
vt 0.84791 0.10162
vt 0.86474 0.09540
vt 0.41367 0.63816
vt 0.40230 0.63378
vt 0.40592 0.62101
vt 0.40592 0.62101
vt 0.43184 0.61025
vt 0.41367 0.63816
vt 0.43184 0.61025
vt 0.40592 0.62101
vt 0.40977 0.59384
vt 0.87590 0.15603
vt 0.87497 0.15846
vt 0.87045 0.15984
vt 0.43559 0.54632
vt 0.44604 0.54832
vt 0.43024 0.55846
vt 0.42119 0.54837
vt 0.43559 0.54632
vt 0.43024 0.55846
vt 0.44153 0.52980
vt 0.44604 0.54832
vt 0.43559 0.54632
vt 0.41367 0.63816
vt 0.44422 0.62788
vt 0.44775 0.63067
vt 0.44556 0.61211
vt 0.44422 0.62788
vt 0.42863 0.62717
vt 0.42863 0.62717
vt 0.44422 0.62788
vt 0.41367 0.63816
vt 0.44633 0.61776
vt 0.44556 0.61211
vt 0.44648 0.61329
vt 0.42863 0.62717
vt 0.43184 0.61025
vt 0.44556 0.61211
vt 0.43184 0.61025
vt 0.44553 0.58701
vt 0.44556 0.61211
vt 0.42119 0.54837
vt 0.42910 0.52786
vt 0.43559 0.54632
vt 0.44422 0.62788
vt 0.44633 0.61776
vt 0.44775 0.63067
vt 0.44422 0.62788
vt 0.44556 0.61211
vt 0.44633 0.61776
vt 0.43024 0.55846
vt 0.44604 0.54832
vt 0.44034 0.55767
vt 0.44553 0.58701
vt 0.44127 0.56813
vt 0.44894 0.57174
vt 0.43184 0.61025
vt 0.43024 0.55846
vt 0.44553 0.58701
vt 0.43024 0.55846
vt 0.44127 0.56813
vt 0.44553 0.58701
vt 0.44034 0.55767
vt 0.44604 0.54832
vt 0.44894 0.57174
vt 0.44127 0.56813
vt 0.44034 0.55767
vt 0.44894 0.57174
vt 0.44127 0.56813
vt 0.43024 0.55846
vt 0.44034 0.55767
vt 0.43184 0.61025
vt 0.42863 0.62717
vt 0.41367 0.63816
vt 0.73401 0.05162
vt 0.72813 0.04586
vt 0.75425 0.04837
vt 0.74180 0.04095
vt 0.75425 0.04837
vt 0.72813 0.04586
vt 0.75425 0.04837
vt 0.74180 0.04095
vt 0.75545 0.04098
vt 0.72838 0.04092
vt 0.74180 0.04095
vt 0.72813 0.04586
vt 0.11001 0.00790
vt 0.09961 0.00795
vt 0.10676 0.00381
vt 0.07271 0.03248
vt 0.06634 0.02105
vt 0.08736 0.02011
vt 0.08547 0.01069
vt 0.08736 0.02011
vt 0.06634 0.02105
vt 0.08736 0.02011
vt 0.11648 0.01130
vt 0.09822 0.04705
vt 0.08547 0.01069
vt 0.09961 0.00795
vt 0.08736 0.02011
vt 0.11648 0.01130
vt 0.08736 0.02011
vt 0.11001 0.00790
vt 0.09961 0.00795
vt 0.11001 0.00790
vt 0.08736 0.02011
vt 0.43455 0.52199
vt 0.43559 0.54632
vt 0.42910 0.52786
vt 0.44236 0.52335
vt 0.44153 0.52980
vt 0.43455 0.52199
vt 0.42910 0.52786
vt 0.42119 0.54837
vt 0.41720 0.53380
vt 0.44236 0.52335
vt 0.43455 0.52199
vt 0.43665 0.50906
vt 0.43665 0.50906
vt 0.43455 0.52199
vt 0.43150 0.51001
vt 0.42782 0.51197
vt 0.43150 0.51001
vt 0.42910 0.52786
vt 0.44153 0.52980
vt 0.43559 0.54632
vt 0.43455 0.52199
vt 0.42545 0.51333
vt 0.42910 0.52786
vt 0.42456 0.52446
vt 0.43455 0.52199
vt 0.42910 0.52786
vt 0.43150 0.51001
vt 0.41720 0.53380
vt 0.42456 0.52446
vt 0.42910 0.52786
vt 0.76392 0.03648
vt 0.76264 0.04090
vt 0.75784 0.03528
vt 0.76264 0.04090
vt 0.76422 0.04373
vt 0.75545 0.04098
vt 0.42910 0.52786
vt 0.42545 0.51333
vt 0.42782 0.51197
vt 0.76264 0.04090
vt 0.75545 0.04098
vt 0.75784 0.03528
vt 0.76422 0.04373
vt 0.77968 0.04774
vt 0.78982 0.05803
vt 0.75425 0.04837
vt 0.75545 0.04098
vt 0.76422 0.04373
vt 0.76422 0.04373
vt 0.78982 0.05803
vt 0.75425 0.04837
vt 0.09822 0.04705
vt 0.08776 0.06103
vt 0.07271 0.03248
vt 0.09822 0.04705
vt 0.11648 0.01130
vt 0.12474 0.06356
vt 0.07271 0.03248
vt 0.08736 0.02011
vt 0.09822 0.04705
vt 0.75425 0.04837
vt 0.73308 0.10559
vt 0.73401 0.05162
vt 0.09822 0.04705
vt 0.12474 0.06356
vt 0.11730 0.08741
vt 0.09833 0.08708
vt 0.08776 0.06103
vt 0.11730 0.08741
vt 0.09822 0.04705
vt 0.11730 0.08741
vt 0.08776 0.06103
vt 0.73308 0.10559
vt 0.76288 0.13824
vt 0.72901 0.13101
vt 0.73308 0.10559
vt 0.78893 0.11270
vt 0.76288 0.13824
vt 0.78893 0.11270
vt 0.73308 0.10559
vt 0.75425 0.04837
vt 0.09833 0.08708
vt 0.11730 0.08741
vt 0.11466 0.09348
vt 0.40983 0.56705
vt 0.42119 0.54837
vt 0.42168 0.55737
vt 0.42168 0.55737
vt 0.43024 0.55846
vt 0.40983 0.56705
vt 0.41720 0.53380
vt 0.40983 0.56705
vt 0.40119 0.56032
vt 0.78893 0.11270
vt 0.75425 0.04837
vt 0.78982 0.05803
vt 0.82512 0.09466
vt 0.82903 0.08818
vt 0.84576 0.09139
vt 0.38840 0.56825
vt 0.39140 0.58484
vt 0.37935 0.58230
vt 0.40119 0.56032
vt 0.40983 0.56705
vt 0.39140 0.58484
vt 0.82903 0.08818
vt 0.81868 0.07541
vt 0.82681 0.08113
vt 0.82512 0.09466
vt 0.81868 0.07541
vt 0.82903 0.08818
vt 0.38840 0.56825
vt 0.39531 0.56660
vt 0.39140 0.58484
vt 0.78893 0.11270
vt 0.82512 0.09466
vt 0.80701 0.16362
vt 0.40119 0.56032
vt 0.39140 0.58484
vt 0.39531 0.56660
vt 0.82512 0.09466
vt 0.78893 0.11270
vt 0.78982 0.05803
vt 0.40983 0.56705
vt 0.41720 0.53380
vt 0.42119 0.54837
vt 0.82512 0.09466
vt 0.78982 0.05803
vt 0.81868 0.07541
vt 0.40977 0.59384
vt 0.43024 0.55846
vt 0.43184 0.61025
vt 0.40977 0.59384
vt 0.40983 0.56705
vt 0.43024 0.55846
vt 0.82512 0.09466
vt 0.84576 0.09139
vt 0.84791 0.10162
vt 0.42119 0.54837
vt 0.43024 0.55846
vt 0.42168 0.55737
vt 0.36348 0.68428
vt 0.35586 0.70657
vt 0.35368 0.69018
vt 0.37218 0.66150
vt 0.36370 0.63829
vt 0.37583 0.64734
vt 0.87770 0.15956
vt 0.89828 0.15087
vt 0.91114 0.16637
vt 0.34943 0.64066
vt 0.36370 0.63829
vt 0.37218 0.66150
vt 0.35266 0.66618
vt 0.33917 0.66518
vt 0.37218 0.66150
vt 0.37218 0.66150
vt 0.33917 0.66518
vt 0.34943 0.64066
vt 0.34943 0.64066
vt 0.33917 0.66518
vt 0.33715 0.65679
vt 0.33138 0.66097
vt 0.33917 0.66518
vt 0.32252 0.66788
vt 0.34252 0.71347
vt 0.33418 0.74008
vt 0.33539 0.71530
vt 0.33539 0.71530
vt 0.33418 0.74008
vt 0.33007 0.72993
vt 0.32871 0.70153
vt 0.33007 0.72993
vt 0.32201 0.73069
vt 0.31866 0.69677
vt 0.32871 0.70153
vt 0.32201 0.73069
vt 0.32201 0.73069
vt 0.30933 0.72017
vt 0.31866 0.69677
vt 0.33539 0.71530
vt 0.32871 0.70153
vt 0.34252 0.71347
vt 0.32871 0.70153
vt 0.33539 0.71530
vt 0.33007 0.72993
vt 0.35159 0.72332
vt 0.35586 0.70657
vt 0.35934 0.71348
vt 0.36348 0.68428
vt 0.35368 0.69018
vt 0.35860 0.67368
vt 0.35368 0.69018
vt 0.35266 0.66618
vt 0.35860 0.67368
vt 0.91114 0.16637
vt 0.90940 0.15766
vt 0.92824 0.17092
vt 0.31866 0.69677
vt 0.31259 0.68946
vt 0.32252 0.66788
vt 0.34132 0.68863
vt 0.32871 0.70153
vt 0.33978 0.67331
vt 0.36348 0.68428
vt 0.35860 0.67368
vt 0.37218 0.66150
vt 0.33978 0.67331
vt 0.32871 0.70153
vt 0.31866 0.69677
vt 0.33978 0.67331
vt 0.35266 0.66618
vt 0.34132 0.68863
vt 0.33917 0.66518
vt 0.33978 0.67331
vt 0.31866 0.69677
vt 0.35934 0.71348
vt 0.35586 0.70657
vt 0.38250 0.71485
vt 0.35860 0.67368
vt 0.35266 0.66618
vt 0.37218 0.66150
vt 0.34252 0.71347
vt 0.35586 0.70657
vt 0.35159 0.72332
vt 0.35586 0.70657
vt 0.34252 0.71347
vt 0.35368 0.69018
vt 0.35586 0.70657
vt 0.36348 0.68428
vt 0.38250 0.71485
vt 0.34132 0.68863
vt 0.35368 0.69018
vt 0.34252 0.71347
vt 0.34252 0.71347
vt 0.32871 0.70153
vt 0.34132 0.68863
vt 0.35266 0.66618
vt 0.33978 0.67331
vt 0.33917 0.66518
vt 0.89828 0.15087
vt 0.90940 0.15766
vt 0.91114 0.16637
vt 0.33138 0.66097
vt 0.33715 0.65679
vt 0.33917 0.66518
vt 0.35266 0.66618
vt 0.35368 0.69018
vt 0.34132 0.68863
vt 0.33917 0.66518
vt 0.31866 0.69677
vt 0.32252 0.66788
vt 0.38306 0.77498
vt 0.38312 0.76584
vt 0.39063 0.75782
vt 0.38661 0.79462
vt 0.40211 0.80567
vt 0.38975 0.80709
vt 0.40745 0.72459
vt 0.41083 0.71801
vt 0.41079 0.73257
vt 0.40745 0.72459
vt 0.40580 0.72175
vt 0.41083 0.71801
vt 0.40211 0.80567
vt 0.41298 0.78568
vt 0.43080 0.80863
vt 0.40211 0.80567
vt 0.39674 0.78977
vt 0.41298 0.78568
vt 0.38661 0.79462
vt 0.39674 0.78977
vt 0.40211 0.80567
vt 0.44259 0.82925
vt 0.42642 0.83033
vt 0.42568 0.82331
vt 0.42568 0.82331
vt 0.43080 0.80863
vt 0.44259 0.82925
vt 0.42568 0.82331
vt 0.42642 0.83033
vt 0.40756 0.83037
vt 0.40756 0.83037
vt 0.43080 0.80863
vt 0.42568 0.82331
vt 0.40211 0.80567
vt 0.43080 0.80863
vt 0.40756 0.83037
vt 0.44948 0.80969
vt 0.44259 0.82925
vt 0.43080 0.80863
vt 0.39297 0.81610
vt 0.40211 0.80567
vt 0.40756 0.83037
vt 0.43080 0.80863
vt 0.44083 0.79400
vt 0.44948 0.80969
vt 0.38975 0.80709
vt 0.40211 0.80567
vt 0.39297 0.81610
vt 0.42971 0.71470
vt 0.44819 0.72172
vt 0.42762 0.74680
vt 0.40523 0.76771
vt 0.42762 0.74680
vt 0.41298 0.78568
vt 0.38306 0.77498
vt 0.39674 0.78977
vt 0.38661 0.79462
vt 0.41298 0.78568
vt 0.39674 0.78977
vt 0.40523 0.76771
vt 0.40523 0.76771
vt 0.39674 0.78977
vt 0.38306 0.77498
vt 0.38306 0.77498
vt 0.39063 0.75782
vt 0.40523 0.76771
vt 0.38306 0.77498
vt 0.38661 0.79462
vt 0.36958 0.79373
vt 0.44904 0.74911
vt 0.43755 0.77157
vt 0.42762 0.74680
vt 0.44083 0.79400
vt 0.43755 0.77157
vt 0.44665 0.78550
vt 0.43755 0.77157
vt 0.44083 0.79400
vt 0.41298 0.78568
vt 0.41298 0.78568
vt 0.42762 0.74680
vt 0.43755 0.77157
vt 0.44083 0.79400
vt 0.43080 0.80863
vt 0.41298 0.78568
vt 0.42762 0.74680
vt 0.44819 0.72172
vt 0.44904 0.74911
vt 0.42971 0.71470
vt 0.42762 0.74680
vt 0.41079 0.73257
vt 0.41079 0.73257
vt 0.41083 0.71801
vt 0.42971 0.71470
vt 0.40523 0.76771
vt 0.41079 0.73257
vt 0.42762 0.74680
vt 0.39131 0.74463
vt 0.40745 0.72459
vt 0.41079 0.73257
vt 0.38250 0.71485
vt 0.40580 0.72175
vt 0.37264 0.74468
vt 0.40745 0.72459
vt 0.39131 0.74463
vt 0.40580 0.72175
vt 0.41079 0.73257
vt 0.39063 0.75782
vt 0.39131 0.74463
vt 0.38312 0.76584
vt 0.36959 0.76113
vt 0.37919 0.75364
vt 0.39063 0.75782
vt 0.41079 0.73257
vt 0.40523 0.76771
vt 0.37435 0.82892
vt 0.37318 0.80247
vt 0.39297 0.81610
vt 0.37264 0.74468
vt 0.39131 0.74463
vt 0.37919 0.75364
vt 0.37264 0.74468
vt 0.40580 0.72175
vt 0.39131 0.74463
vt 0.38312 0.76584
vt 0.37919 0.75364
vt 0.39063 0.75782
vt 0.39131 0.74463
vt 0.39063 0.75782
vt 0.37919 0.75364
vt 0.36295 0.80473
vt 0.37318 0.80247
vt 0.35519 0.82048
vt 0.37318 0.80247
vt 0.38975 0.80709
vt 0.39297 0.81610
vt 0.38661 0.79462
vt 0.38975 0.80709
vt 0.37318 0.80247
vt 0.36958 0.79373
vt 0.38661 0.79462
vt 0.37318 0.80247
vt 0.36958 0.79373
vt 0.37318 0.80247
vt 0.36295 0.80473
vt 0.37318 0.80247
vt 0.37435 0.82892
vt 0.35519 0.82048
vt 0.33318 0.75748
vt 0.33343 0.77241
vt 0.30694 0.76383
vt 0.37264 0.74468
vt 0.36959 0.76113
vt 0.35727 0.73467
vt 0.35727 0.73467
vt 0.36959 0.76113
vt 0.35530 0.75304
vt 0.35530 0.75304
vt 0.36959 0.76113
vt 0.36139 0.76053
vt 0.37919 0.75364
vt 0.36959 0.76113
vt 0.37264 0.74468
vt 0.35727 0.73467
vt 0.35530 0.75304
vt 0.35023 0.74666
vt 0.13903 0.07466
vt 0.13285 0.07540
vt 0.13155 0.06780
vt 0.34324 0.74836
vt 0.35530 0.75304
vt 0.34677 0.75928
vt 0.32455 0.74414
vt 0.33493 0.75081
vt 0.33318 0.75748
vt 0.33318 0.75748
vt 0.32210 0.75046
vt 0.32455 0.74414
vt 0.34920 0.73656
vt 0.35023 0.74666
vt 0.34324 0.74836
vt 0.35159 0.72332
vt 0.35727 0.73467
vt 0.34920 0.73656
vt 0.34920 0.73656
vt 0.35727 0.73467
vt 0.35023 0.74666
vt 0.13962 0.06549
vt 0.13903 0.07466
vt 0.13155 0.06780
vt 0.33493 0.75081
vt 0.33418 0.74008
vt 0.34324 0.74836
vt 0.33493 0.75081
vt 0.32455 0.74414
vt 0.33418 0.74008
vt 0.34324 0.74836
vt 0.35023 0.74666
vt 0.35530 0.75304
vt 0.33318 0.75748
vt 0.33493 0.75081
vt 0.34324 0.74836
vt 0.33007 0.72993
vt 0.32455 0.74414
vt 0.32201 0.73069
vt 0.38250 0.71485
vt 0.37264 0.74468
vt 0.36210 0.72635
vt 0.35159 0.72332
vt 0.34920 0.73656
vt 0.33418 0.74008
vt 0.29571 0.75185
vt 0.32455 0.74414
vt 0.32210 0.75046
vt 0.35727 0.73467
vt 0.36210 0.72635
vt 0.37264 0.74468
vt 0.32210 0.75046
vt 0.33318 0.75748
vt 0.30694 0.76383
vt 0.34165 0.75973
vt 0.33318 0.75748
vt 0.34324 0.74836
vt 0.34324 0.74836
vt 0.34677 0.75928
vt 0.34165 0.75973
vt 0.33343 0.77241
vt 0.33318 0.75748
vt 0.34184 0.77290
vt 0.34184 0.77290
vt 0.33318 0.75748
vt 0.34165 0.75973
vt 0.33418 0.74008
vt 0.34920 0.73656
vt 0.34324 0.74836
vt 0.32455 0.74414
vt 0.33007 0.72993
vt 0.33418 0.74008
vt 0.35934 0.71348
vt 0.38250 0.71485
vt 0.36210 0.72635
vt 0.35727 0.73467
vt 0.35159 0.72332
vt 0.35934 0.71348
vt 0.35159 0.72332
vt 0.33418 0.74008
vt 0.34252 0.71347
vt 0.35727 0.73467
vt 0.35934 0.71348
vt 0.36210 0.72635
vt 0.13903 0.07466
vt 0.15090 0.07059
vt 0.14375 0.08160
vt 0.42971 0.71470
vt 0.44590 0.70375
vt 0.44819 0.72172
vt 0.42971 0.71470
vt 0.42621 0.70654
vt 0.44410 0.69586
vt 0.39378 0.66965
vt 0.41672 0.67100
vt 0.41486 0.69562
vt 0.41486 0.69562
vt 0.38250 0.71485
vt 0.39378 0.66965
vt 0.38250 0.71485
vt 0.41486 0.69562
vt 0.40580 0.72175
vt 0.39378 0.66965
vt 0.38250 0.71485
vt 0.36348 0.68428
vt 0.37218 0.66150
vt 0.39378 0.66965
vt 0.36348 0.68428
vt 0.42591 0.65341
vt 0.41672 0.67100
vt 0.39378 0.66965
vt 0.39378 0.66965
vt 0.41367 0.63816
vt 0.42591 0.65341
vt 0.43956 0.69156
vt 0.43671 0.68055
vt 0.44538 0.68683
vt 0.44410 0.69586
vt 0.44590 0.70375
vt 0.42971 0.71470
vt 0.44367 0.67773
vt 0.44538 0.68683
vt 0.43671 0.68055
vt 0.44775 0.63067
vt 0.44153 0.64959
vt 0.41367 0.63816
vt 0.41486 0.69562
vt 0.42621 0.70654
vt 0.41083 0.71801
vt 0.41083 0.71801
vt 0.40580 0.72175
vt 0.41486 0.69562
vt 0.37583 0.64734
vt 0.39378 0.66965
vt 0.37218 0.66150
vt 0.37583 0.64734
vt 0.40230 0.63378
vt 0.41367 0.63816
vt 0.41367 0.63816
vt 0.39378 0.66965
vt 0.37583 0.64734
vt 0.44153 0.64959
vt 0.44450 0.65647
vt 0.42591 0.65341
vt 0.41367 0.63816
vt 0.44153 0.64959
vt 0.42591 0.65341
vt 0.44373 0.67009
vt 0.44367 0.67773
vt 0.43671 0.68055
vt 0.42591 0.65341
vt 0.44450 0.65647
vt 0.44373 0.67009
vt 0.41486 0.69562
vt 0.41672 0.67100
vt 0.43671 0.68055
vt 0.41672 0.67100
vt 0.44373 0.67009
vt 0.43671 0.68055
vt 0.44373 0.67009
vt 0.41672 0.67100
vt 0.42591 0.65341
vt 0.43671 0.68055
vt 0.43956 0.69156
vt 0.42621 0.70654
vt 0.42621 0.70654
vt 0.41486 0.69562
vt 0.43671 0.68055
vt 0.42621 0.70654
vt 0.43956 0.69156
vt 0.44410 0.69586
vt 0.42971 0.71470
vt 0.41083 0.71801
vt 0.42621 0.70654
vt 0.14736 0.04399
vt 0.13533 0.03811
vt 0.15074 0.02605
vt 0.14736 0.04399
vt 0.15413 0.02967
vt 0.15618 0.03583
vt 0.15297 0.05597
vt 0.13870 0.05479
vt 0.14736 0.04399
vt 0.15297 0.05597
vt 0.14736 0.04399
vt 0.16152 0.05371
vt 0.13903 0.07466
vt 0.15130 0.05779
vt 0.15090 0.07059
vt 0.13903 0.07466
vt 0.13962 0.06549
vt 0.15130 0.05779
vt 0.34129 0.79517
vt 0.31332 0.81160
vt 0.33343 0.77241
vt 0.36959 0.76113
vt 0.38312 0.76584
vt 0.38306 0.77498
vt 0.13962 0.06549
vt 0.13870 0.05479
vt 0.15297 0.05597
vt 0.36498 0.77277
vt 0.38306 0.77498
vt 0.36950 0.78124
vt 0.15764 0.03968
vt 0.16152 0.05371
vt 0.14736 0.04399
vt 0.34129 0.79517
vt 0.33343 0.77241
vt 0.34184 0.77290
vt 0.15764 0.03968
vt 0.14736 0.04399
vt 0.15618 0.03583
vt 0.13248 0.04486
vt 0.13533 0.03811
vt 0.14736 0.04399
vt 0.13168 0.01646
vt 0.15074 0.02605
vt 0.13533 0.03811
vt 0.36498 0.77277
vt 0.36959 0.76113
vt 0.38306 0.77498
vt 0.13962 0.06549
vt 0.13595 0.06016
vt 0.13870 0.05479
vt 0.30020 0.79089
vt 0.33343 0.77241
vt 0.31332 0.81160
vt 0.36498 0.77277
vt 0.36139 0.76053
vt 0.36959 0.76113
vt 0.13962 0.06549
vt 0.13155 0.06780
vt 0.13595 0.06016
vt 0.13870 0.05479
vt 0.13248 0.04486
vt 0.14736 0.04399
vt 0.38306 0.77498
vt 0.36958 0.79373
vt 0.36950 0.78124
vt 0.44410 0.69586
vt 0.43956 0.69156
vt 0.44538 0.68683
vt 0.44153 0.64959
vt 0.44775 0.63067
vt 0.44721 0.64200
vt 0.44712 0.64589
vt 0.44721 0.64200
vt 0.44728 0.64420
vt 0.44153 0.64959
vt 0.44721 0.64200
vt 0.44712 0.64589
vt 0.44712 0.64589
vt 0.44450 0.65647
vt 0.44153 0.64959
vt 0.44367 0.67773
vt 0.44558 0.68019
vt 0.44538 0.68683
vt 0.44083 0.79400
vt 0.44665 0.78550
vt 0.44948 0.80969
vt 0.44904 0.74911
vt 0.44665 0.78550
vt 0.43755 0.77157
vt 0.44670 0.81942
vt 0.44259 0.82925
vt 0.44948 0.80969
vt 0.31332 0.81160
vt 0.33404 0.81842
vt 0.29914 0.81395
vt 0.15074 0.02605
vt 0.13168 0.01646
vt 0.14420 0.01617
vt 0.31332 0.81160
vt 0.33963 0.80375
vt 0.33404 0.81842
vt 0.34129 0.79517
vt 0.33963 0.80375
vt 0.31332 0.81160
vt 0.14418 0.00693
vt 0.14420 0.01617
vt 0.13168 0.01646
vt 0.15176 0.01467
vt 0.14420 0.01617
vt 0.14418 0.00693
vt 0.15176 0.01467
vt 0.15097 0.01881
vt 0.14420 0.01617
vt 0.15883 0.03558
vt 0.15764 0.03968
vt 0.15618 0.03583
vt 0.15074 0.02605
vt 0.14420 0.01617
vt 0.15097 0.01881
vt 0.37435 0.82892
vt 0.39297 0.81610
vt 0.40756 0.83037
vt 0.90357 0.41706
vt 0.88653 0.43516
vt 0.87660 0.42619
vt 0.94574 0.40095
vt 0.94962 0.41414
vt 0.93484 0.40970
vt 0.93484 0.40970
vt 0.93228 0.40405
vt 0.94574 0.40095
vt 0.93228 0.40405
vt 0.92763 0.38973
vt 0.94574 0.40095
vt 0.92002 0.41580
vt 0.92423 0.43116
vt 0.90357 0.41706
vt 0.92002 0.41580
vt 0.90357 0.41706
vt 0.91022 0.40168
vt 0.90357 0.41706
vt 0.92423 0.43116
vt 0.91590 0.44056
vt 0.90131 0.45523
vt 0.88653 0.43516
vt 0.90676 0.44190
vt 0.90131 0.45523
vt 0.89292 0.45339
vt 0.88653 0.43516
vt 0.87455 0.46224
vt 0.88653 0.43516
vt 0.89292 0.45339
vt 0.92763 0.38973
vt 0.90684 0.39066
vt 0.91262 0.38302
vt 0.94355 0.42360
vt 0.93484 0.40970
vt 0.94962 0.41414
vt 0.93484 0.40970
vt 0.92423 0.43116
vt 0.92002 0.41580
vt 0.92423 0.43116
vt 0.93484 0.40970
vt 0.94355 0.42360
vt 0.91590 0.44056
vt 0.90131 0.45523
vt 0.90676 0.44190
vt 0.92214 0.44948
vt 0.90131 0.45523
vt 0.91590 0.44056
vt 0.87660 0.42619
vt 0.88653 0.43516
vt 0.87455 0.46224
vt 0.89168 0.40467
vt 0.89119 0.36783
vt 0.90684 0.39066
vt 0.89119 0.36783
vt 0.89168 0.40467
vt 0.87269 0.38069
vt 0.91022 0.40168
vt 0.90357 0.41706
vt 0.90684 0.39066
vt 0.90357 0.41706
vt 0.89168 0.40467
vt 0.90684 0.39066
vt 0.91590 0.44056
vt 0.90676 0.44190
vt 0.90357 0.41706
vt 0.90357 0.41706
vt 0.90676 0.44190
vt 0.88653 0.43516
vt 0.92214 0.44948
vt 0.91590 0.44056
vt 0.92423 0.43116
vt 0.93228 0.40405
vt 0.93484 0.40970
vt 0.92002 0.41580
vt 0.91022 0.40168
vt 0.90684 0.39066
vt 0.92763 0.38973
vt 0.92763 0.38973
vt 0.93228 0.40405
vt 0.91022 0.40168
vt 0.92002 0.41580
vt 0.91022 0.40168
vt 0.93228 0.40405
vt 0.84266 0.37869
vt 0.86347 0.35369
vt 0.87269 0.38069
vt 0.84397 0.33920
vt 0.86721 0.33762
vt 0.86347 0.35369
vt 0.86347 0.35369
vt 0.86721 0.33762
vt 0.87759 0.34670
vt 0.88914 0.32132
vt 0.89533 0.32257
vt 0.88965 0.33292
vt 0.88965 0.33292
vt 0.87712 0.32609
vt 0.88914 0.32132
vt 0.88965 0.33292
vt 0.90004 0.33055
vt 0.89719 0.34083
vt 0.88965 0.33292
vt 0.89533 0.32257
vt 0.90004 0.33055
vt 0.89719 0.34083
vt 0.89572 0.35284
vt 0.87759 0.34670
vt 0.89719 0.34083
vt 0.86721 0.33762
vt 0.88965 0.33292
vt 0.88965 0.33292
vt 0.86721 0.33762
vt 0.87712 0.32609
vt 0.86721 0.33762
vt 0.85678 0.33319
vt 0.87712 0.32609
vt 0.87759 0.34670
vt 0.86721 0.33762
vt 0.89719 0.34083
vt 0.89572 0.35284
vt 0.89119 0.36783
vt 0.87759 0.34670
vt 0.90684 0.39066
vt 0.89119 0.36783
vt 0.91262 0.38302
vt 0.89119 0.36783
vt 0.86347 0.35369
vt 0.87759 0.34670
vt 0.86347 0.35369
vt 0.89119 0.36783
vt 0.87269 0.38069
vt 0.91262 0.38302
vt 0.89119 0.36783
vt 0.91546 0.35662
vt 0.89119 0.36783
vt 0.89572 0.35284
vt 0.91546 0.35662
vt 0.89572 0.35284
vt 0.89719 0.34083
vt 0.91375 0.34787
vt 0.89719 0.34083
vt 0.90004 0.33055
vt 0.91687 0.33774
vt 0.89572 0.35284
vt 0.91375 0.34787
vt 0.91546 0.35662
vt 0.91687 0.33774
vt 0.91375 0.34787
vt 0.89719 0.34083
vt 0.85328 0.40793
vt 0.84407 0.43068
vt 0.84435 0.39536
vt 0.85458 0.39666
vt 0.87269 0.38069
vt 0.89168 0.40467
vt 0.87660 0.42619
vt 0.84407 0.43068
vt 0.85328 0.40793
vt 0.90357 0.41706
vt 0.85458 0.39666
vt 0.89168 0.40467
vt 0.85458 0.39666
vt 0.90357 0.41706
vt 0.87660 0.42619
vt 0.85458 0.39666
vt 0.85328 0.40793
vt 0.84435 0.39536
vt 0.87269 0.38069
vt 0.85458 0.39666
vt 0.84266 0.37869
vt 0.87660 0.42619
vt 0.85328 0.40793
vt 0.85458 0.39666
vt 0.84266 0.37869
vt 0.85458 0.39666
vt 0.84435 0.39536
vt 0.93822 0.35847
vt 0.91546 0.35662
vt 0.93074 0.34908
vt 0.94794 0.38685
vt 0.92763 0.38973
vt 0.94669 0.38107
vt 0.52313 0.96195
vt 0.54580 0.95976
vt 0.52368 0.97734
vt 0.15068 0.76921
vt 0.15748 0.77064
vt 0.15739 0.78025
vt 0.93074 0.34908
vt 0.94689 0.34774
vt 0.93822 0.35847
vt 0.94844 0.33840
vt 0.94689 0.34774
vt 0.94245 0.34059
vt 0.93074 0.34908
vt 0.91546 0.35662
vt 0.91375 0.34787
vt 0.94689 0.34774
vt 0.93074 0.34908
vt 0.93469 0.33939
vt 0.93822 0.35847
vt 0.94689 0.34774
vt 0.95626 0.35513
vt 0.93822 0.35847
vt 0.95134 0.36257
vt 0.94669 0.38107
vt 0.95588 0.34349
vt 0.95611 0.35223
vt 0.94689 0.34774
vt 0.95626 0.35513
vt 0.95134 0.36257
vt 0.93822 0.35847
vt 0.94689 0.34774
vt 0.95611 0.35223
vt 0.95626 0.35513
vt 0.94844 0.33840
vt 0.94245 0.34059
vt 0.93469 0.33939
vt 0.93469 0.33939
vt 0.94245 0.34059
vt 0.94689 0.34774
vt 0.91262 0.38302
vt 0.91546 0.35662
vt 0.92763 0.38973
vt 0.94574 0.40095
vt 0.92763 0.38973
vt 0.94794 0.38685
vt 0.91687 0.33774
vt 0.90004 0.33055
vt 0.91282 0.32074
vt 0.91546 0.35662
vt 0.93822 0.35847
vt 0.92763 0.38973
vt 0.92763 0.38973
vt 0.93822 0.35847
vt 0.94669 0.38107
vt 0.93469 0.33939
vt 0.93074 0.34908
vt 0.91375 0.34787
vt 0.91687 0.33774
vt 0.93469 0.33939
vt 0.91375 0.34787
vt 0.95588 0.34349
vt 0.94689 0.34774
vt 0.94844 0.33840
vt 0.77777 0.41363
vt 0.81318 0.39107
vt 0.80821 0.41709
vt 0.84435 0.39536
vt 0.84407 0.43068
vt 0.82583 0.43297
vt 0.82583 0.43297
vt 0.81526 0.43904
vt 0.80960 0.42879
vt 0.80821 0.41709
vt 0.81318 0.39107
vt 0.81793 0.40873
vt 0.82583 0.43297
vt 0.84407 0.43068
vt 0.83254 0.44271
vt 0.63064 0.42522
vt 0.63510 0.42993
vt 0.63253 0.43960
vt 0.63535 0.43533
vt 0.63253 0.43960
vt 0.63510 0.42993
vt 0.63253 0.43960
vt 0.62561 0.43832
vt 0.63064 0.42522
vt 0.61812 0.40272
vt 0.62727 0.40882
vt 0.63064 0.42522
vt 0.80821 0.41709
vt 0.81793 0.40873
vt 0.80960 0.42879
vt 0.80821 0.41709
vt 0.80960 0.42879
vt 0.80442 0.43004
vt 0.80821 0.41709
vt 0.80442 0.43004
vt 0.77777 0.41363
vt 0.84435 0.39536
vt 0.82583 0.43297
vt 0.81793 0.40873
vt 0.81793 0.40873
vt 0.82583 0.43297
vt 0.80960 0.42879
vt 0.84266 0.37869
vt 0.81793 0.40873
vt 0.81318 0.39107
vt 0.84435 0.39536
vt 0.81793 0.40873
vt 0.84266 0.37869
vt 0.76688 0.37078
vt 0.76059 0.34643
vt 0.81896 0.34737
vt 0.76688 0.37078
vt 0.81896 0.34737
vt 0.81318 0.39107
vt 0.82583 0.34997
vt 0.81318 0.39107
vt 0.81896 0.34737
vt 0.85678 0.33319
vt 0.84509 0.30299
vt 0.87712 0.32609
vt 0.85678 0.33319
vt 0.86721 0.33762
vt 0.84397 0.33920
vt 0.88399 0.18942
vt 0.90220 0.18242
vt 0.90462 0.19244
vt 0.90628 0.23395
vt 0.89693 0.20380
vt 0.92808 0.21833
vt 0.90220 0.18242
vt 0.91114 0.16637
vt 0.93440 0.18928
vt 0.87279 0.22542
vt 0.89693 0.20380
vt 0.90628 0.23395
vt 0.91114 0.16637
vt 0.90220 0.18242
vt 0.87770 0.15956
vt 0.90462 0.19244
vt 0.92808 0.21833
vt 0.89693 0.20380
vt 0.30933 0.72017
vt 0.29958 0.71503
vt 0.31259 0.68946
vt 0.93440 0.18928
vt 0.91114 0.16637
vt 0.94921 0.18984
vt 0.93440 0.18928
vt 0.92076 0.19243
vt 0.90220 0.18242
vt 0.90462 0.19244
vt 0.89693 0.20380
vt 0.88399 0.18942
vt 0.31259 0.68946
vt 0.31866 0.69677
vt 0.30933 0.72017
vt 0.94921 0.18984
vt 0.91114 0.16637
vt 0.92824 0.17092
vt 0.90220 0.18242
vt 0.92076 0.19243
vt 0.90462 0.19244
vt 0.92808 0.21833
vt 0.95174 0.23597
vt 0.90628 0.23395
vt 0.87279 0.22542
vt 0.88399 0.18942
vt 0.89693 0.20380
vt 0.86972 0.27038
vt 0.85565 0.24102
vt 0.86755 0.25826
vt 0.94250 0.28740
vt 0.93565 0.26656
vt 0.96081 0.27615
vt 0.93565 0.26656
vt 0.89576 0.25774
vt 0.90628 0.23395
vt 0.94250 0.28740
vt 0.92841 0.29017
vt 0.93565 0.26656
vt 0.86320 0.23816
vt 0.87279 0.22542
vt 0.89576 0.25774
vt 0.90628 0.23395
vt 0.89576 0.25774
vt 0.87279 0.22542
vt 0.88065 0.27900
vt 0.86972 0.27038
vt 0.86755 0.25826
vt 0.89576 0.25774
vt 0.86755 0.25826
vt 0.86320 0.23816
vt 0.89576 0.25774
vt 0.93565 0.26656
vt 0.92841 0.29017
vt 0.86755 0.25826
vt 0.89236 0.28414
vt 0.88065 0.27900
vt 0.89576 0.25774
vt 0.89236 0.28414
vt 0.86755 0.25826
vt 0.29868 0.73850
vt 0.29958 0.71503
vt 0.30933 0.72017
vt 0.28762 0.74439
vt 0.29318 0.73283
vt 0.29868 0.73850
vt 0.28762 0.74439
vt 0.29868 0.73850
vt 0.29571 0.75185
vt 0.29868 0.73850
vt 0.32201 0.73069
vt 0.32455 0.74414
vt 0.32455 0.74414
vt 0.29571 0.75185
vt 0.29868 0.73850
vt 0.98538 0.23761
vt 0.98896 0.25483
vt 0.95174 0.23597
vt 0.29958 0.71503
vt 0.29868 0.73850
vt 0.29318 0.73283
vt 0.98896 0.25483
vt 0.93565 0.26656
vt 0.95174 0.23597
vt 0.93440 0.18928
vt 0.94921 0.18984
vt 0.95244 0.20439
vt 0.92076 0.19243
vt 0.93440 0.18928
vt 0.95244 0.20439
vt 0.92076 0.19243
vt 0.95244 0.20439
vt 0.95161 0.21180
vt 0.32201 0.73069
vt 0.29868 0.73850
vt 0.30933 0.72017
vt 0.95174 0.23597
vt 0.93565 0.26656
vt 0.90628 0.23395
vt 0.92808 0.21833
vt 0.95161 0.21180
vt 0.95174 0.23597
vt 0.90462 0.19244
vt 0.95161 0.21180
vt 0.92808 0.21833
vt 0.96082 0.21443
vt 0.96972 0.22462
vt 0.95161 0.21180
vt 0.28762 0.74439
vt 0.27384 0.74138
vt 0.28003 0.73018
vt 0.28635 0.72279
vt 0.29958 0.71503
vt 0.29318 0.73283
vt 0.28635 0.72279
vt 0.29318 0.73283
vt 0.28762 0.74439
vt 0.95244 0.20439
vt 0.96082 0.21443
vt 0.95161 0.21180
vt 0.28635 0.72279
vt 0.28762 0.74439
vt 0.28003 0.73018
vt 0.95174 0.23597
vt 0.95161 0.21180
vt 0.96972 0.22462
vt 0.98538 0.23761
vt 0.95174 0.23597
vt 0.96972 0.22462
vt 0.95161 0.21180
vt 0.90462 0.19244
vt 0.92076 0.19243
vt 0.28762 0.74439
vt 0.27908 0.75415
vt 0.27384 0.74138
vt 0.93122 0.30785
vt 0.90881 0.30483
vt 0.92841 0.29017
vt 0.89919 0.32001
vt 0.91282 0.32074
vt 0.90004 0.33055
vt 0.93469 0.33939
vt 0.91687 0.33774
vt 0.91282 0.32074
vt 0.89236 0.28414
vt 0.90881 0.30483
vt 0.89104 0.30271
vt 0.92196 0.31346
vt 0.90881 0.30483
vt 0.93122 0.30785
vt 0.89104 0.30271
vt 0.88914 0.32132
vt 0.88189 0.31536
vt 0.89919 0.32001
vt 0.90881 0.30483
vt 0.91282 0.32074
vt 0.94250 0.28740
vt 0.95207 0.30487
vt 0.92841 0.29017
vt 0.93122 0.30785
vt 0.94942 0.31687
vt 0.92196 0.31346
vt 0.93122 0.30785
vt 0.92841 0.29017
vt 0.95207 0.30487
vt 0.94942 0.31687
vt 0.91282 0.32074
vt 0.92196 0.31346
vt 0.89104 0.30271
vt 0.90881 0.30483
vt 0.89919 0.32001
vt 0.89533 0.32257
vt 0.88914 0.32132
vt 0.89104 0.30271
vt 0.89919 0.32001
vt 0.89533 0.32257
vt 0.89104 0.30271
vt 0.89236 0.28414
vt 0.89576 0.25774
vt 0.92841 0.29017
vt 0.90881 0.30483
vt 0.89236 0.28414
vt 0.92841 0.29017
vt 0.91282 0.32074
vt 0.90881 0.30483
vt 0.92196 0.31346
vt 0.90004 0.33055
vt 0.89533 0.32257
vt 0.89919 0.32001
vt 0.84655 0.26863
vt 0.86767 0.30098
vt 0.84509 0.30299
vt 0.88189 0.31536
vt 0.86767 0.30098
vt 0.89104 0.30271
vt 0.86972 0.27038
vt 0.88065 0.27900
vt 0.86767 0.30098
vt 0.86972 0.27038
vt 0.86767 0.30098
vt 0.84655 0.26863
vt 0.86767 0.30098
vt 0.87712 0.32609
vt 0.84509 0.30299
vt 0.88065 0.27900
vt 0.89236 0.28414
vt 0.89104 0.30271
vt 0.86767 0.30098
vt 0.88065 0.27900
vt 0.89104 0.30271
vt 0.86767 0.30098
vt 0.88189 0.31536
vt 0.87712 0.32609
vt 0.87712 0.32609
vt 0.88189 0.31536
vt 0.88914 0.32132
vt 0.57191 0.94937
vt 0.57402 0.94161
vt 0.58736 0.94819
vt 0.65582 0.97487
vt 0.62795 0.96251
vt 0.64585 0.96103
vt 0.65582 0.97487
vt 0.64030 0.98378
vt 0.62795 0.96251
vt 0.59525 0.96869
vt 0.58281 0.97046
vt 0.57191 0.94937
vt 0.60957 0.95313
vt 0.60847 0.97335
vt 0.60341 0.96120
vt 0.60341 0.96120
vt 0.57191 0.94937
vt 0.58736 0.94819
vt 0.59623 0.98206
vt 0.58281 0.97046
vt 0.59525 0.96869
vt 0.60957 0.95313
vt 0.59814 0.94995
vt 0.60002 0.94976
vt 0.59814 0.94995
vt 0.60957 0.95313
vt 0.60341 0.96120
vt 0.60341 0.96120
vt 0.58736 0.94819
vt 0.59814 0.94995
vt 0.60957 0.95313
vt 0.62795 0.96251
vt 0.60847 0.97335
vt 0.62795 0.96251
vt 0.60957 0.95313
vt 0.62406 0.95346
vt 0.65127 0.94796
vt 0.64585 0.96103
vt 0.62406 0.95346
vt 0.62082 0.98767
vt 0.62795 0.96251
vt 0.64030 0.98378
vt 0.95019 0.46703
vt 0.93972 0.46276
vt 0.94160 0.45093
vt 0.60847 0.97335
vt 0.60927 0.98586
vt 0.59525 0.96869
vt 0.60927 0.98586
vt 0.59623 0.98206
vt 0.59525 0.96869
vt 0.94629 0.43826
vt 0.94160 0.45093
vt 0.94355 0.42360
vt 0.92214 0.44948
vt 0.92423 0.43116
vt 0.94160 0.45093
vt 0.60847 0.97335
vt 0.59525 0.96869
vt 0.60341 0.96120
vt 0.93972 0.46276
vt 0.92214 0.44948
vt 0.94160 0.45093
vt 0.64585 0.96103
vt 0.62795 0.96251
vt 0.62406 0.95346
vt 0.56424 0.96100
vt 0.58281 0.97046
vt 0.56932 0.98116
vt 0.59525 0.96869
vt 0.57191 0.94937
vt 0.60341 0.96120
vt 0.62795 0.96251
vt 0.62082 0.98767
vt 0.60927 0.98586
vt 0.60847 0.97335
vt 0.62795 0.96251
vt 0.60927 0.98586
vt 0.94355 0.42360
vt 0.94160 0.45093
vt 0.92423 0.43116
vt 0.54579 0.98364
vt 0.54580 0.95976
vt 0.55735 0.97404
vt 0.54580 0.95976
vt 0.55148 0.94805
vt 0.56424 0.96100
vt 0.52368 0.97734
vt 0.54580 0.95976
vt 0.54579 0.98364
vt 0.57191 0.94937
vt 0.58281 0.97046
vt 0.56424 0.96100
vt 0.55735 0.97404
vt 0.56424 0.96100
vt 0.56932 0.98116
vt 0.55735 0.97404
vt 0.54580 0.95976
vt 0.56424 0.96100
vt 0.56424 0.96100
vt 0.55148 0.94805
vt 0.57191 0.94937
vt 0.56349 0.94024
vt 0.57402 0.94161
vt 0.57191 0.94937
vt 0.15596 0.79140
vt 0.15739 0.78025
vt 0.16718 0.79069
vt 0.15739 0.78025
vt 0.15596 0.79140
vt 0.15325 0.79159
vt 0.55148 0.94805
vt 0.54580 0.95976
vt 0.53241 0.94676
vt 0.53241 0.94676
vt 0.54580 0.95976
vt 0.52313 0.96195
vt 0.16493 0.80238
vt 0.16863 0.80116
vt 0.16711 0.80564
vt 0.16493 0.80238
vt 0.16711 0.80564
vt 0.16478 0.80688
vt 0.16718 0.79069
vt 0.16863 0.80116
vt 0.16493 0.80238
vt 0.54688 0.93603
vt 0.55148 0.94805
vt 0.53241 0.94676
vt 0.55148 0.94805
vt 0.54688 0.93603
vt 0.56349 0.94024
vt 0.16718 0.79069
vt 0.15739 0.78025
vt 0.16722 0.77176
vt 0.16493 0.80238
vt 0.15933 0.79870
vt 0.16718 0.79069
vt 0.15748 0.77064
vt 0.16722 0.77176
vt 0.15739 0.78025
vt 0.15933 0.79870
vt 0.16493 0.80238
vt 0.15689 0.80231
vt 0.15933 0.79870
vt 0.15596 0.79140
vt 0.16718 0.79069
vt 0.52806 0.93821
vt 0.53241 0.94676
vt 0.52956 0.94561
vt 0.53241 0.94676
vt 0.53137 0.93421
vt 0.54688 0.93603
vt 0.53241 0.94676
vt 0.52806 0.93821
vt 0.53137 0.93421
vt 0.55148 0.94805
vt 0.56349 0.94024
vt 0.57191 0.94937
vt 0.16165 0.80595
vt 0.16493 0.80238
vt 0.16478 0.80688
vt 0.52047 0.92545
vt 0.52447 0.91852
vt 0.52768 0.92305
vt 0.53221 0.92702
vt 0.52725 0.92758
vt 0.52768 0.92305
vt 0.16138 0.80494
vt 0.16493 0.80238
vt 0.16165 0.80595
vt 0.16493 0.80238
vt 0.16138 0.80494
vt 0.15689 0.80231
vt 0.54688 0.93603
vt 0.53137 0.93421
vt 0.53221 0.92702
vt 0.25414 0.76088
vt 0.25966 0.75938
vt 0.25735 0.76567
vt 0.21167 0.77271
vt 0.24185 0.76536
vt 0.22064 0.78353
vt 0.24425 0.81733
vt 0.25291 0.81018
vt 0.25281 0.81918
vt 0.26552 0.78664
vt 0.26247 0.80967
vt 0.25291 0.81018
vt 0.23815 0.79045
vt 0.24500 0.80634
vt 0.22693 0.79932
vt 0.24500 0.80634
vt 0.25291 0.81018
vt 0.24425 0.81733
vt 0.24185 0.76536
vt 0.25414 0.76088
vt 0.25735 0.76567
vt 0.23815 0.79045
vt 0.24185 0.76536
vt 0.25735 0.76567
vt 0.25414 0.76088
vt 0.24185 0.76536
vt 0.24371 0.75984
vt 0.26247 0.80967
vt 0.26509 0.81237
vt 0.25281 0.81918
vt 0.23815 0.79045
vt 0.25735 0.76567
vt 0.26881 0.77299
vt 0.23432 0.75713
vt 0.24185 0.76536
vt 0.23222 0.76557
vt 0.26247 0.80967
vt 0.25281 0.81918
vt 0.25291 0.81018
vt 0.26552 0.78664
vt 0.23815 0.79045
vt 0.26881 0.77299
vt 0.26933 0.80969
vt 0.27816 0.81080
vt 0.26509 0.81237
vt 0.26933 0.80969
vt 0.26509 0.81237
vt 0.26247 0.80967
vt 0.23432 0.75713
vt 0.24371 0.75984
vt 0.24185 0.76536
vt 0.23222 0.76557
vt 0.24185 0.76536
vt 0.21167 0.77271
vt 0.25291 0.81018
vt 0.24500 0.80634
vt 0.26552 0.78664
vt 0.24500 0.80634
vt 0.23815 0.79045
vt 0.26552 0.78664
vt 0.24185 0.76536
vt 0.23815 0.79045
vt 0.22064 0.78353
vt 0.25966 0.75938
vt 0.26706 0.76486
vt 0.25735 0.76567
vt 0.22199 0.80265
vt 0.22693 0.79932
vt 0.24500 0.80634
vt 0.98896 0.25483
vt 0.98538 0.23761
vt 0.98818 0.24680
vt 0.96081 0.27615
vt 0.93565 0.26656
vt 0.98896 0.25483
vt 0.22564 0.75921
vt 0.23432 0.75713
vt 0.23222 0.76557
vt 0.98134 0.27557
vt 0.96081 0.27615
vt 0.98530 0.26610
vt 0.97799 0.28330
vt 0.96081 0.27615
vt 0.98134 0.27557
vt 0.98530 0.26610
vt 0.96081 0.27615
vt 0.98896 0.25483
vt 0.24500 0.80634
vt 0.24425 0.81733
vt 0.22199 0.80265
vt 0.94942 0.31687
vt 0.93469 0.33939
vt 0.91282 0.32074
vt 0.17222 0.77646
vt 0.16718 0.79069
vt 0.16722 0.77176
vt 0.94942 0.31687
vt 0.97379 0.30024
vt 0.96458 0.32046
vt 0.93122 0.30785
vt 0.95207 0.30487
vt 0.94942 0.31687
vt 0.94844 0.33840
vt 0.95772 0.32714
vt 0.96372 0.32955
vt 0.94844 0.33840
vt 0.96372 0.32955
vt 0.95588 0.34349
vt 0.94844 0.33840
vt 0.93469 0.33939
vt 0.94942 0.31687
vt 0.96372 0.32955
vt 0.95772 0.32714
vt 0.96458 0.32046
vt 0.18599 0.79534
vt 0.17222 0.77646
vt 0.19381 0.78279
vt 0.17222 0.77646
vt 0.18599 0.79534
vt 0.17413 0.79574
vt 0.19381 0.78279
vt 0.19531 0.79057
vt 0.18599 0.79534
vt 0.16718 0.79069
vt 0.17222 0.77646
vt 0.17413 0.79574
vt 0.18599 0.79534
vt 0.19531 0.79057
vt 0.19087 0.79876
vt 0.18363 0.76647
vt 0.19436 0.77100
vt 0.19381 0.78279
vt 0.96458 0.32046
vt 0.95772 0.32714
vt 0.94942 0.31687
vt 0.18363 0.76647
vt 0.19381 0.78279
vt 0.17222 0.77646
vt 0.95772 0.32714
vt 0.94844 0.33840
vt 0.94942 0.31687
vt 0.18363 0.76647
vt 0.19213 0.76139
vt 0.19436 0.77100
vt 0.16722 0.77176
vt 0.16867 0.76539
vt 0.18363 0.76647
vt 0.18363 0.76647
vt 0.17222 0.77646
vt 0.16722 0.77176
vt 0.95207 0.30487
vt 0.96081 0.27615
vt 0.97799 0.28330
vt 0.95207 0.30487
vt 0.97799 0.28330
vt 0.97379 0.30024
vt 0.94942 0.31687
vt 0.95207 0.30487
vt 0.97379 0.30024
vt 0.96458 0.32046
vt 0.97379 0.30024
vt 0.97571 0.30570
vt 0.21167 0.77271
vt 0.20795 0.76507
vt 0.21395 0.76047
vt 0.19436 0.77100
vt 0.21167 0.77271
vt 0.20635 0.78995
vt 0.19213 0.76139
vt 0.20795 0.76507
vt 0.19436 0.77100
vt 0.22064 0.78353
vt 0.20635 0.78995
vt 0.21167 0.77271
vt 0.19436 0.77100
vt 0.20635 0.78995
vt 0.19381 0.78279
vt 0.19381 0.78279
vt 0.20635 0.78995
vt 0.19531 0.79057
vt 0.94250 0.28740
vt 0.96081 0.27615
vt 0.95207 0.30487
vt 0.22564 0.75921
vt 0.21167 0.77271
vt 0.21395 0.76047
vt 0.22564 0.75921
vt 0.23222 0.76557
vt 0.21167 0.77271
vt 0.21167 0.77271
vt 0.19436 0.77100
vt 0.20795 0.76507
vt 0.20444 0.80140
vt 0.19531 0.79057
vt 0.20635 0.78995
vt 0.30694 0.76383
vt 0.29497 0.76944
vt 0.29571 0.75185
vt 0.30694 0.76383
vt 0.29571 0.75185
vt 0.32210 0.75046
vt 0.30020 0.79089
vt 0.29292 0.78130
vt 0.30694 0.76383
vt 0.29497 0.76944
vt 0.30694 0.76383
vt 0.29292 0.78130
vt 0.29292 0.78130
vt 0.30020 0.79089
vt 0.28990 0.79511
vt 0.28762 0.74439
vt 0.28404 0.76337
vt 0.27908 0.75415
vt 0.29571 0.75185
vt 0.28404 0.76337
vt 0.28762 0.74439
vt 0.29571 0.75185
vt 0.29497 0.76944
vt 0.28404 0.76337
vt 0.30694 0.76383
vt 0.33343 0.77241
vt 0.30020 0.79089
vt 0.26247 0.80967
vt 0.26552 0.78664
vt 0.27447 0.79643
vt 0.29292 0.78130
vt 0.28990 0.79511
vt 0.28265 0.78621
vt 0.27447 0.79643
vt 0.27816 0.81080
vt 0.26933 0.80969
vt 0.26881 0.77299
vt 0.27545 0.78724
vt 0.26552 0.78664
vt 0.27447 0.79643
vt 0.27545 0.78724
vt 0.28265 0.78621
vt 0.27660 0.76843
vt 0.26706 0.76486
vt 0.27255 0.75682
vt 0.26552 0.78664
vt 0.27545 0.78724
vt 0.27447 0.79643
vt 0.28404 0.76337
vt 0.27660 0.76843
vt 0.27908 0.75415
vt 0.26706 0.76486
vt 0.26881 0.77299
vt 0.25735 0.76567
vt 0.28132 0.77719
vt 0.27660 0.76843
vt 0.28404 0.76337
vt 0.28265 0.78621
vt 0.28132 0.77719
vt 0.29497 0.76944
vt 0.26548 0.75462
vt 0.26706 0.76486
vt 0.25966 0.75938
vt 0.28265 0.78621
vt 0.28990 0.79511
vt 0.27447 0.79643
vt 0.28990 0.79511
vt 0.30020 0.79089
vt 0.29128 0.80090
vt 0.29914 0.81395
vt 0.27816 0.81080
vt 0.28642 0.80413
vt 0.31332 0.81160
vt 0.29914 0.81395
vt 0.29128 0.80090
vt 0.28132 0.77719
vt 0.27545 0.78724
vt 0.26881 0.77299
vt 0.26881 0.77299
vt 0.26706 0.76486
vt 0.27660 0.76843
vt 0.27908 0.75415
vt 0.27660 0.76843
vt 0.27255 0.75682
vt 0.27294 0.74842
vt 0.27908 0.75415
vt 0.27255 0.75682
vt 0.27660 0.76843
vt 0.28132 0.77719
vt 0.26881 0.77299
vt 0.29128 0.80090
vt 0.29914 0.81395
vt 0.28642 0.80413
vt 0.29128 0.80090
vt 0.30020 0.79089
vt 0.31332 0.81160
vt 0.98464 0.22718
vt 0.98538 0.23761
vt 0.97757 0.22768
vt 0.26548 0.75462
vt 0.27255 0.75682
vt 0.26706 0.76486
vt 0.29497 0.76944
vt 0.28132 0.77719
vt 0.28404 0.76337
vt 0.27816 0.81080
vt 0.27447 0.79643
vt 0.28642 0.80413
vt 0.28265 0.78621
vt 0.27545 0.78724
vt 0.28132 0.77719
vt 0.26933 0.80969
vt 0.26247 0.80967
vt 0.27447 0.79643
vt 0.29128 0.80090
vt 0.28642 0.80413
vt 0.28990 0.79511
vt 0.28990 0.79511
vt 0.28642 0.80413
vt 0.27447 0.79643
vt 0.97757 0.22768
vt 0.98538 0.23761
vt 0.96972 0.22462
vt 0.27294 0.74842
vt 0.27384 0.74138
vt 0.27908 0.75415
vt 0.29292 0.78130
vt 0.28265 0.78621
vt 0.29497 0.76944
vt 0.18032 0.83025
vt 0.17348 0.82904
vt 0.19083 0.80693
vt 0.18032 0.83025
vt 0.20435 0.81454
vt 0.18509 0.83258
vt 0.18032 0.83025
vt 0.18509 0.83258
vt 0.17348 0.82904
vt 0.20435 0.81454
vt 0.21103 0.80491
vt 0.22199 0.80265
vt 0.20435 0.81454
vt 0.20444 0.80140
vt 0.21103 0.80491
vt 0.20444 0.80140
vt 0.20635 0.78995
vt 0.21103 0.80491
vt 0.17252 0.81472
vt 0.17348 0.82904
vt 0.17024 0.82361
vt 0.20449 0.82416
vt 0.18509 0.83258
vt 0.20435 0.81454
vt 0.22199 0.80265
vt 0.22064 0.78353
vt 0.23815 0.79045
vt 0.22199 0.80265
vt 0.23815 0.79045
vt 0.22693 0.79932
vt 0.22199 0.80265
vt 0.21103 0.80491
vt 0.20635 0.78995
vt 0.22199 0.80265
vt 0.20635 0.78995
vt 0.22064 0.78353
vt 0.19083 0.80693
vt 0.19087 0.79876
vt 0.20444 0.80140
vt 0.19531 0.79057
vt 0.20444 0.80140
vt 0.19087 0.79876
vt 0.18599 0.79534
vt 0.19087 0.79876
vt 0.19083 0.80693
vt 0.18359 0.80309
vt 0.18269 0.79841
vt 0.18599 0.79534
vt 0.17252 0.81472
vt 0.19083 0.80693
vt 0.17348 0.82904
vt 0.17252 0.81472
vt 0.18269 0.79841
vt 0.18359 0.80309
vt 0.16929 0.81006
vt 0.16863 0.80116
vt 0.17252 0.81472
vt 0.16711 0.80564
vt 0.16863 0.80116
vt 0.16929 0.81006
vt 0.19083 0.80693
vt 0.18359 0.80309
vt 0.18599 0.79534
vt 0.18359 0.80309
vt 0.19083 0.80693
vt 0.17252 0.81472
vt 0.24425 0.81733
vt 0.20449 0.82416
vt 0.22199 0.80265
vt 0.20444 0.80140
vt 0.20435 0.81454
vt 0.18032 0.83025
vt 0.22199 0.80265
vt 0.20449 0.82416
vt 0.20435 0.81454
vt 0.17252 0.81472
vt 0.16863 0.80116
vt 0.18269 0.79841
vt 0.17413 0.79574
vt 0.18269 0.79841
vt 0.16863 0.80116
vt 0.16718 0.79069
vt 0.17413 0.79574
vt 0.16863 0.80116
vt 0.18032 0.83025
vt 0.19083 0.80693
vt 0.20444 0.80140
vt 0.18599 0.79534
vt 0.18269 0.79841
vt 0.17413 0.79574
vt 0.62728 0.72961
vt 0.65531 0.71211
vt 0.65292 0.72492
vt 0.87577 0.76001
vt 0.86178 0.75427
vt 0.85841 0.74175
vt 0.85841 0.74175
vt 0.85808 0.72667
vt 0.87355 0.73639
vt 0.86581 0.77559
vt 0.86178 0.75427
vt 0.87577 0.76001
vt 0.64241 0.74810
vt 0.65097 0.74256
vt 0.64765 0.76466
vt 0.64241 0.74810
vt 0.65292 0.72492
vt 0.65097 0.74256
vt 0.64765 0.76466
vt 0.65097 0.74256
vt 0.65159 0.75923
vt 0.65292 0.72492
vt 0.64241 0.74810
vt 0.62728 0.72961
vt 0.61227 0.75835
vt 0.59284 0.73311
vt 0.61610 0.73435
vt 0.88803 0.72654
vt 0.87149 0.71462
vt 0.87070 0.69971
vt 0.57685 0.70975
vt 0.61375 0.68950
vt 0.61195 0.71862
vt 0.88803 0.72654
vt 0.87070 0.69971
vt 0.89078 0.71156
vt 0.61610 0.73435
vt 0.62728 0.72961
vt 0.64241 0.74810
vt 0.61195 0.71862
vt 0.62728 0.72961
vt 0.61610 0.73435
vt 0.87577 0.76001
vt 0.85841 0.74175
vt 0.87355 0.73639
vt 0.55872 0.72985
vt 0.57685 0.70975
vt 0.59284 0.73311
vt 0.59284 0.73311
vt 0.57685 0.70975
vt 0.60318 0.72675
vt 0.87577 0.76001
vt 0.89893 0.75512
vt 0.89212 0.77566
vt 0.57685 0.70975
vt 0.61195 0.71862
vt 0.60318 0.72675
vt 0.64241 0.74810
vt 0.61227 0.75835
vt 0.61610 0.73435
vt 0.64343 0.69981
vt 0.62728 0.72961
vt 0.61195 0.71862
vt 0.87355 0.73639
vt 0.87149 0.71462
vt 0.88803 0.72654
vt 0.88803 0.72654
vt 0.87577 0.76001
vt 0.87355 0.73639
vt 0.57685 0.70975
vt 0.58058 0.67186
vt 0.61375 0.68950
vt 0.64343 0.69981
vt 0.66373 0.68879
vt 0.66113 0.70080
vt 0.87149 0.71462
vt 0.85808 0.72667
vt 0.86017 0.71457
vt 0.87149 0.71462
vt 0.86017 0.71457
vt 0.87070 0.69971
vt 0.64343 0.69981
vt 0.66113 0.70080
vt 0.65531 0.71211
vt 0.85808 0.72667
vt 0.87149 0.71462
vt 0.87355 0.73639
vt 0.87070 0.69971
vt 0.86017 0.71457
vt 0.86318 0.69915
vt 0.61195 0.71862
vt 0.61610 0.73435
vt 0.60318 0.72675
vt 0.59284 0.73311
vt 0.60318 0.72675
vt 0.61610 0.73435
vt 0.62728 0.72961
vt 0.64343 0.69981
vt 0.65531 0.71211
vt 0.64343 0.69981
vt 0.61195 0.71862
vt 0.61375 0.68950
vt 0.58497 0.74701
vt 0.57245 0.75500
vt 0.55872 0.72985
vt 0.89893 0.75512
vt 0.87577 0.76001
vt 0.88803 0.72654
vt 0.55872 0.72985
vt 0.59284 0.73311
vt 0.58497 0.74701
vt 0.61227 0.75835
vt 0.58497 0.74701
vt 0.59284 0.73311
vt 0.66647 0.62776
vt 0.66603 0.64260
vt 0.61757 0.65851
vt 0.66647 0.62776
vt 0.65964 0.60241
vt 0.66190 0.60287
vt 0.66647 0.62776
vt 0.67208 0.62378
vt 0.66603 0.64260
vt 0.67609 0.64199
vt 0.66603 0.64260
vt 0.67208 0.62378
vt 0.59998 0.62008
vt 0.63445 0.59138
vt 0.61757 0.65851
vt 0.66647 0.62776
vt 0.66190 0.60287
vt 0.67573 0.61278
vt 0.66647 0.62776
vt 0.67573 0.61278
vt 0.67208 0.62378
vt 0.66647 0.62776
vt 0.63445 0.59138
vt 0.65964 0.60241
vt 0.61757 0.65851
vt 0.63445 0.59138
vt 0.66647 0.62776
vt 0.67609 0.64199
vt 0.67246 0.64924
vt 0.66603 0.64260
vt 0.66997 0.66076
vt 0.66603 0.64260
vt 0.67246 0.64924
vt 0.88316 0.66293
vt 0.86587 0.66605
vt 0.87111 0.65324
vt 0.86901 0.68658
vt 0.88368 0.68531
vt 0.87070 0.69971
vt 0.61375 0.68950
vt 0.61757 0.65851
vt 0.64343 0.69981
vt 0.87070 0.69971
vt 0.86318 0.69915
vt 0.86901 0.68658
vt 0.64343 0.69981
vt 0.66483 0.67662
vt 0.66373 0.68879
vt 0.66997 0.66076
vt 0.66483 0.67662
vt 0.61757 0.65851
vt 0.66483 0.67662
vt 0.64343 0.69981
vt 0.61757 0.65851
vt 0.86901 0.68658
vt 0.86606 0.67348
vt 0.88316 0.66293
vt 0.61375 0.68950
vt 0.58058 0.67186
vt 0.61757 0.65851
vt 0.86901 0.68658
vt 0.88316 0.66293
vt 0.88368 0.68531
vt 0.66997 0.66076
vt 0.61757 0.65851
vt 0.66603 0.64260
vt 0.86198 0.68558
vt 0.86606 0.67348
vt 0.86901 0.68658
vt 0.86198 0.68558
vt 0.86901 0.68658
vt 0.86318 0.69915
vt 0.67056 0.66770
vt 0.66483 0.67662
vt 0.66997 0.66076
vt 0.86606 0.67348
vt 0.86587 0.66605
vt 0.88316 0.66293
vt 0.16027 0.48642
vt 0.16868 0.48556
vt 0.16097 0.50067
vt 0.14660 0.49398
vt 0.16097 0.50067
vt 0.15902 0.52488
vt 0.45708 0.51300
vt 0.45521 0.49322
vt 0.47096 0.52062
vt 0.47096 0.52062
vt 0.45521 0.49322
vt 0.52099 0.50734
vt 0.45837 0.53041
vt 0.48954 0.55139
vt 0.45952 0.55744
vt 0.52099 0.50734
vt 0.48069 0.47548
vt 0.50958 0.48160
vt 0.52099 0.50734
vt 0.53421 0.55175
vt 0.48954 0.55139
vt 0.58194 0.51641
vt 0.53421 0.55175
vt 0.52099 0.50734
vt 0.52099 0.50734
vt 0.50958 0.48160
vt 0.53500 0.47692
vt 0.58194 0.51641
vt 0.52099 0.50734
vt 0.53500 0.47692
vt 0.53421 0.55175
vt 0.52043 0.58057
vt 0.48954 0.55139
vt 0.52099 0.50734
vt 0.45521 0.49322
vt 0.48069 0.47548
vt 0.48954 0.55139
vt 0.47096 0.52062
vt 0.52099 0.50734
vt 0.48954 0.55139
vt 0.45837 0.53041
vt 0.47096 0.52062
vt 0.15902 0.52488
vt 0.16102 0.54226
vt 0.15060 0.52903
vt 0.45708 0.51300
vt 0.47096 0.52062
vt 0.45837 0.53041
vt 0.50958 0.48160
vt 0.52585 0.46795
vt 0.53500 0.47692
vt 0.18954 0.48241
vt 0.16097 0.50067
vt 0.16868 0.48556
vt 0.21061 0.48086
vt 0.19544 0.46356
vt 0.23058 0.47110
vt 0.23058 0.47110
vt 0.23130 0.46247
vt 0.23527 0.46513
vt 0.56559 0.41352
vt 0.56437 0.40215
vt 0.57607 0.40420
vt 0.57607 0.40420
vt 0.56437 0.40215
vt 0.58322 0.38533
vt 0.21401 0.39679
vt 0.20341 0.38896
vt 0.21135 0.38830
vt 0.22324 0.41756
vt 0.23498 0.44090
vt 0.22322 0.44875
vt 0.23498 0.44090
vt 0.22324 0.41756
vt 0.23241 0.42102
vt 0.56954 0.42549
vt 0.56508 0.43190
vt 0.56559 0.41352
vt 0.56954 0.42549
vt 0.57095 0.44380
vt 0.56508 0.43190
vt 0.56559 0.41352
vt 0.56508 0.43190
vt 0.56235 0.42590
vt 0.59807 0.47889
vt 0.57095 0.44380
vt 0.60492 0.46455
vt 0.59807 0.47889
vt 0.56113 0.47197
vt 0.57095 0.44380
vt 0.54781 0.45881
vt 0.55101 0.45736
vt 0.55577 0.46284
vt 0.55101 0.45736
vt 0.55503 0.45090
vt 0.55577 0.46284
vt 0.55577 0.46284
vt 0.55503 0.45090
vt 0.56508 0.43190
vt 0.57095 0.44380
vt 0.55577 0.46284
vt 0.56508 0.43190
vt 0.55577 0.46284
vt 0.57095 0.44380
vt 0.56113 0.47197
vt 0.57607 0.40420
vt 0.58322 0.38533
vt 0.60035 0.41880
vt 0.62561 0.43832
vt 0.62633 0.44940
vt 0.60035 0.41880
vt 0.60035 0.41880
vt 0.63064 0.42522
vt 0.62561 0.43832
vt 0.54781 0.45881
vt 0.55577 0.46284
vt 0.53500 0.47692
vt 0.56113 0.47197
vt 0.53500 0.47692
vt 0.55577 0.46284
vt 0.62633 0.44940
vt 0.60492 0.46455
vt 0.60035 0.41880
vt 0.23130 0.46247
vt 0.23744 0.45218
vt 0.23527 0.46513
vt 0.52585 0.46795
vt 0.54781 0.45881
vt 0.53500 0.47692
vt 0.60035 0.41880
vt 0.60492 0.46455
vt 0.57607 0.40420
vt 0.56113 0.47197
vt 0.58194 0.51641
vt 0.53500 0.47692
vt 0.54781 0.45881
vt 0.52585 0.46795
vt 0.53136 0.46427
vt 0.57607 0.40420
vt 0.60492 0.46455
vt 0.56954 0.42549
vt 0.56954 0.42549
vt 0.56559 0.41352
vt 0.57607 0.40420
vt 0.23498 0.44090
vt 0.23798 0.44653
vt 0.23744 0.45218
vt 0.23130 0.46247
vt 0.23498 0.44090
vt 0.23744 0.45218
vt 0.56954 0.42549
vt 0.60492 0.46455
vt 0.57095 0.44380
vt 0.23130 0.46247
vt 0.22322 0.44875
vt 0.23498 0.44090
vt 0.21061 0.48086
vt 0.18954 0.48241
vt 0.19544 0.46356
vt 0.23130 0.46247
vt 0.23058 0.47110
vt 0.19544 0.46356
vt 0.16868 0.48556
vt 0.16027 0.48642
vt 0.16485 0.48011
vt 0.15141 0.48067
vt 0.16551 0.46846
vt 0.16485 0.48011
vt 0.22322 0.44875
vt 0.23130 0.46247
vt 0.19544 0.46356
vt 0.16485 0.48011
vt 0.18429 0.47572
vt 0.16868 0.48556
vt 0.18323 0.42932
vt 0.18521 0.41430
vt 0.20985 0.43384
vt 0.18429 0.47572
vt 0.18954 0.48241
vt 0.16868 0.48556
vt 0.18429 0.47572
vt 0.16485 0.48011
vt 0.16551 0.46846
vt 0.17461 0.41976
vt 0.18270 0.42441
vt 0.16986 0.43538
vt 0.22324 0.41756
vt 0.20341 0.38896
vt 0.21401 0.39679
vt 0.16986 0.43538
vt 0.18323 0.42932
vt 0.16360 0.45677
vt 0.22322 0.44875
vt 0.19544 0.46356
vt 0.18785 0.44815
vt 0.17461 0.41976
vt 0.14814 0.39165
vt 0.18521 0.41430
vt 0.21135 0.38830
vt 0.20341 0.38896
vt 0.20449 0.36390
vt 0.20985 0.43384
vt 0.18521 0.41430
vt 0.20341 0.38896
vt 0.20985 0.43384
vt 0.20341 0.38896
vt 0.22324 0.41756
vt 0.18323 0.42932
vt 0.18270 0.42441
vt 0.18521 0.41430
vt 0.19544 0.46356
vt 0.18429 0.47572
vt 0.16551 0.46846
vt 0.16551 0.46846
vt 0.18785 0.44815
vt 0.19544 0.46356
vt 0.16360 0.45677
vt 0.18323 0.42932
vt 0.18785 0.44815
vt 0.18785 0.44815
vt 0.18323 0.42932
vt 0.20985 0.43384
vt 0.16551 0.46846
vt 0.16360 0.45677
vt 0.18785 0.44815
vt 0.18521 0.41430
vt 0.18593 0.36215
vt 0.20341 0.38896
vt 0.18429 0.47572
vt 0.19544 0.46356
vt 0.18954 0.48241
vt 0.22054 0.40523
vt 0.22324 0.41756
vt 0.21401 0.39679
vt 0.20985 0.43384
vt 0.22322 0.44875
vt 0.18785 0.44815
vt 0.15784 0.38276
vt 0.18521 0.41430
vt 0.14814 0.39165
vt 0.16986 0.43538
vt 0.18270 0.42441
vt 0.18323 0.42932
vt 0.22324 0.41756
vt 0.22322 0.44875
vt 0.20985 0.43384
vt 0.17461 0.41976
vt 0.18521 0.41430
vt 0.18270 0.42441
vt 0.16485 0.48011
vt 0.16027 0.48642
vt 0.15141 0.48067
vt 0.93882 0.64584
vt 0.94795 0.63782
vt 0.94361 0.66089
vt 0.89194 0.63931
vt 0.89115 0.61053
vt 0.89807 0.63648
vt 0.89807 0.63648
vt 0.89115 0.61053
vt 0.89966 0.61703
vt 0.94795 0.63782
vt 0.93882 0.64584
vt 0.94086 0.62918
vt 0.94361 0.66089
vt 0.94795 0.63782
vt 0.95196 0.65676
vt 0.87111 0.65324
vt 0.87615 0.64315
vt 0.88721 0.62674
vt 0.89738 0.65773
vt 0.89194 0.63931
vt 0.89807 0.63648
vt 0.83385 0.98842
vt 0.83333 0.97548
vt 0.84348 0.97516
vt 0.84807 0.98804
vt 0.83385 0.98842
vt 0.84348 0.97516
vt 0.89236 0.66022
vt 0.88316 0.66293
vt 0.88721 0.62674
vt 0.89532 0.60655
vt 0.89966 0.61703
vt 0.89115 0.61053
vt 0.89738 0.65773
vt 0.89236 0.66022
vt 0.89194 0.63931
vt 0.89194 0.63931
vt 0.89236 0.66022
vt 0.88721 0.62674
vt 0.67208 0.62378
vt 0.67738 0.62330
vt 0.67609 0.64199
vt 0.93882 0.64584
vt 0.92692 0.64903
vt 0.93385 0.62414
vt 0.83462 0.95626
vt 0.83333 0.97548
vt 0.81996 0.96952
vt 0.94086 0.62918
vt 0.94635 0.61848
vt 0.94795 0.63782
vt 0.95179 0.62610
vt 0.94795 0.63782
vt 0.94635 0.61848
vt 0.93882 0.64584
vt 0.93385 0.62414
vt 0.94086 0.62918
vt 0.95196 0.65676
vt 0.94795 0.63782
vt 0.95371 0.64429
vt 0.95469 0.63659
vt 0.94795 0.63782
vt 0.95179 0.62610
vt 0.94795 0.63782
vt 0.95469 0.63659
vt 0.95371 0.64429
vt 0.83333 0.97548
vt 0.83385 0.98842
vt 0.81829 0.98624
vt 0.87774 0.61547
vt 0.88659 0.59996
vt 0.89115 0.61053
vt 0.87898 0.62705
vt 0.87774 0.61547
vt 0.89115 0.61053
vt 0.95196 0.65676
vt 0.95371 0.64429
vt 0.95683 0.66163
vt 0.67208 0.62378
vt 0.67573 0.61278
vt 0.67738 0.62330
vt 0.89966 0.61703
vt 0.93385 0.62414
vt 0.89807 0.63648
vt 0.87898 0.62705
vt 0.89115 0.61053
vt 0.88721 0.62674
vt 0.89194 0.63931
vt 0.88721 0.62674
vt 0.89115 0.61053
vt 0.87615 0.64315
vt 0.87898 0.62705
vt 0.88721 0.62674
vt 0.93385 0.62414
vt 0.92692 0.64903
vt 0.89807 0.63648
vt 0.86481 0.98071
vt 0.84348 0.97516
vt 0.86760 0.96551
vt 0.94361 0.66089
vt 0.95196 0.65676
vt 0.94855 0.66869
vt 0.89807 0.63648
vt 0.92692 0.64903
vt 0.89738 0.65773
vt 0.86481 0.98071
vt 0.84807 0.98804
vt 0.84348 0.97516
vt 0.81829 0.98624
vt 0.80106 0.97793
vt 0.83333 0.97548
vt 0.88316 0.66293
vt 0.87111 0.65324
vt 0.88721 0.62674
vt 0.98039 0.95555
vt 0.97144 0.95106
vt 0.96715 0.94171
vt 0.97144 0.95106
vt 0.96419 0.94847
vt 0.96715 0.94171
vt 0.97656 0.96926
vt 0.98039 0.95555
vt 0.98776 0.96388
vt 0.97656 0.96926
vt 0.97490 0.95994
vt 0.98039 0.95555
vt 0.90606 0.75657
vt 0.90358 0.73548
vt 0.91252 0.74496
vt 0.90358 0.73548
vt 0.90606 0.75657
vt 0.89893 0.75512
vt 0.92715 0.74095
vt 0.95955 0.73199
vt 0.94071 0.77153
vt 0.88803 0.72654
vt 0.90358 0.73548
vt 0.89893 0.75512
vt 0.92715 0.74095
vt 0.92514 0.71569
vt 0.93293 0.72295
vt 0.95634 0.94838
vt 0.96419 0.94847
vt 0.95815 0.95627
vt 0.91252 0.74496
vt 0.94071 0.77153
vt 0.90606 0.75657
vt 0.91252 0.74496
vt 0.92715 0.74095
vt 0.94071 0.77153
vt 0.87070 0.69971
vt 0.88368 0.68531
vt 0.89078 0.71156
vt 0.96420 0.72467
vt 0.95955 0.73199
vt 0.96355 0.70649
vt 0.92514 0.71569
vt 0.90844 0.72287
vt 0.90596 0.69526
vt 0.97865 0.77067
vt 0.98228 0.77255
vt 0.97580 0.78383
vt 0.96692 0.77348
vt 0.97269 0.76238
vt 0.97303 0.76982
vt 0.97303 0.76982
vt 0.97580 0.78383
vt 0.96692 0.77348
vt 0.93499 0.70087
vt 0.95955 0.73199
vt 0.93293 0.72295
vt 0.93992 0.95268
vt 0.92718 0.95279
vt 0.92887 0.94101
vt 0.97144 0.95106
vt 0.98039 0.95555
vt 0.97490 0.95994
vt 0.98228 0.77255
vt 0.98548 0.78991
vt 0.97580 0.78383
vt 0.91258 0.99010
vt 0.92304 0.96593
vt 0.93208 0.98798
vt 0.94832 0.93949
vt 0.92887 0.94101
vt 0.94349 0.92702
vt 0.92887 0.94101
vt 0.92718 0.95279
vt 0.91393 0.95964
vt 0.91393 0.95964
vt 0.92718 0.95279
vt 0.92304 0.96593
vt 0.94357 0.94574
vt 0.92887 0.94101
vt 0.94832 0.93949
vt 0.93992 0.95268
vt 0.92887 0.94101
vt 0.94357 0.94574
vt 0.94357 0.94574
vt 0.94832 0.93949
vt 0.94909 0.94976
vt 0.94357 0.94574
vt 0.94909 0.94976
vt 0.93992 0.95268
vt 0.94727 0.96099
vt 0.93992 0.95268
vt 0.94909 0.94976
vt 0.95634 0.94838
vt 0.94727 0.96099
vt 0.94909 0.94976
vt 0.95634 0.94838
vt 0.95815 0.95627
vt 0.94727 0.96099
vt 0.94071 0.77153
vt 0.95955 0.73199
vt 0.96692 0.77348
vt 0.95955 0.73199
vt 0.95716 0.69108
vt 0.96355 0.70649
vt 0.95955 0.73199
vt 0.93499 0.70087
vt 0.95716 0.69108
vt 0.94218 0.97932
vt 0.93208 0.98798
vt 0.92304 0.96593
vt 0.95955 0.73199
vt 0.96420 0.72467
vt 0.97053 0.73795
vt 0.93383 0.96305
vt 0.94218 0.97932
vt 0.92304 0.96593
vt 0.97053 0.73795
vt 0.97269 0.76238
vt 0.95955 0.73199
vt 0.89278 0.96600
vt 0.91393 0.95964
vt 0.91165 0.96560
vt 0.94832 0.93949
vt 0.94349 0.92702
vt 0.95868 0.93598
vt 0.95634 0.94838
vt 0.94832 0.93949
vt 0.95868 0.93598
vt 0.93992 0.95268
vt 0.93383 0.96305
vt 0.92718 0.95279
vt 0.94727 0.96099
vt 0.93383 0.96305
vt 0.93992 0.95268
vt 0.89893 0.75512
vt 0.90606 0.75657
vt 0.90366 0.77570
vt 0.91165 0.96560
vt 0.92304 0.96593
vt 0.91258 0.99010
vt 0.91393 0.95964
vt 0.92304 0.96593
vt 0.91165 0.96560
vt 0.91258 0.99010
vt 0.89478 0.97422
vt 0.91165 0.96560
vt 0.93383 0.96305
vt 0.92304 0.96593
vt 0.92718 0.95279
vt 0.88803 0.72654
vt 0.89078 0.71156
vt 0.90844 0.72287
vt 0.90606 0.75657
vt 0.94071 0.77153
vt 0.92795 0.80048
vt 0.90596 0.69526
vt 0.90844 0.72287
vt 0.89078 0.71156
vt 0.95815 0.95627
vt 0.95915 0.96627
vt 0.94727 0.96099
vt 0.95815 0.95627
vt 0.97144 0.95106
vt 0.95915 0.96627
vt 0.97144 0.95106
vt 0.95815 0.95627
vt 0.96419 0.94847
vt 0.97490 0.95994
vt 0.95915 0.96627
vt 0.97144 0.95106
vt 0.97490 0.95994
vt 0.97656 0.96926
vt 0.97260 0.97138
vt 0.96371 0.97545
vt 0.95915 0.96627
vt 0.97260 0.97138
vt 0.96371 0.97545
vt 0.97260 0.97138
vt 0.96988 0.97487
vt 0.91252 0.74496
vt 0.90844 0.72287
vt 0.92514 0.71569
vt 0.92514 0.71569
vt 0.92715 0.74095
vt 0.91252 0.74496
vt 0.90844 0.72287
vt 0.90358 0.73548
vt 0.88803 0.72654
vt 0.90358 0.73548
vt 0.90844 0.72287
vt 0.91252 0.74496
vt 0.93499 0.70087
vt 0.93293 0.72295
vt 0.92514 0.71569
vt 0.97490 0.95994
vt 0.97260 0.97138
vt 0.95915 0.96627
vt 0.97865 0.77067
vt 0.97580 0.78383
vt 0.97303 0.76982
vt 0.89078 0.71156
vt 0.89735 0.68299
vt 0.90596 0.69526
vt 0.95634 0.94838
vt 0.95868 0.93598
vt 0.96715 0.94171
vt 0.94218 0.97932
vt 0.93383 0.96305
vt 0.94727 0.96099
vt 0.94218 0.97932
vt 0.94727 0.96099
vt 0.95915 0.96627
vt 0.94218 0.97932
vt 0.95915 0.96627
vt 0.96371 0.97545
vt 0.96419 0.94847
vt 0.95634 0.94838
vt 0.96715 0.94171
vt 0.97269 0.76238
vt 0.96692 0.77348
vt 0.95955 0.73199
vt 0.93293 0.72295
vt 0.95955 0.73199
vt 0.92715 0.74095
vt 0.89893 0.75512
vt 0.90366 0.77570
vt 0.89212 0.77566
vt 0.91165 0.96560
vt 0.89478 0.97422
vt 0.89278 0.96600
vt 0.94855 0.66869
vt 0.95716 0.69108
vt 0.94591 0.68152
vt 0.83462 0.95626
vt 0.86760 0.96551
vt 0.84348 0.97516
vt 0.93499 0.70087
vt 0.94591 0.68152
vt 0.95716 0.69108
vt 0.90882 0.91551
vt 0.88496 0.95460
vt 0.89123 0.91638
vt 0.90882 0.91551
vt 0.92887 0.94101
vt 0.88496 0.95460
vt 0.88496 0.95460
vt 0.86760 0.96551
vt 0.83462 0.95626
vt 0.88496 0.95460
vt 0.85952 0.92267
vt 0.89123 0.91638
vt 0.92887 0.94101
vt 0.91393 0.95964
vt 0.88496 0.95460
vt 0.85952 0.92267
vt 0.83462 0.95626
vt 0.81269 0.94598
vt 0.83333 0.97548
vt 0.83462 0.95626
vt 0.84348 0.97516
vt 0.83462 0.95626
vt 0.85952 0.92267
vt 0.88496 0.95460
vt 0.85952 0.92267
vt 0.81269 0.94598
vt 0.84889 0.91980
vt 0.86760 0.96551
vt 0.89278 0.96600
vt 0.89478 0.97422
vt 0.86760 0.96551
vt 0.88610 0.96006
vt 0.89278 0.96600
vt 0.86760 0.96551
vt 0.88496 0.95460
vt 0.88610 0.96006
vt 0.88496 0.95460
vt 0.89278 0.96600
vt 0.88610 0.96006
vt 0.91393 0.95964
vt 0.89278 0.96600
vt 0.88496 0.95460
vt 0.95716 0.69108
vt 0.94855 0.66869
vt 0.95464 0.67347
vt 0.89478 0.97422
vt 0.86481 0.98071
vt 0.86760 0.96551
vt 0.94349 0.92702
vt 0.92887 0.94101
vt 0.90882 0.91551
vt 0.91258 0.99010
vt 0.89527 0.99469
vt 0.89478 0.97422
vt 0.86481 0.98071
vt 0.89478 0.97422
vt 0.89527 0.99469
vt 0.93499 0.70087
vt 0.92514 0.71569
vt 0.92830 0.68174
vt 0.94855 0.66869
vt 0.94591 0.68152
vt 0.94361 0.66089
vt 0.89735 0.68299
vt 0.89236 0.66022
vt 0.90195 0.67360
vt 0.89078 0.71156
vt 0.88368 0.68531
vt 0.89735 0.68299
vt 0.92830 0.68174
vt 0.93494 0.67733
vt 0.93499 0.70087
vt 0.93494 0.67733
vt 0.94591 0.68152
vt 0.93499 0.70087
vt 0.94361 0.66089
vt 0.94591 0.68152
vt 0.93494 0.67733
vt 0.90195 0.67360
vt 0.89236 0.66022
vt 0.89738 0.65773
vt 0.92514 0.71569
vt 0.90596 0.69526
vt 0.92830 0.68174
vt 0.92830 0.68174
vt 0.90596 0.69526
vt 0.90195 0.67360
vt 0.93494 0.67733
vt 0.93882 0.64584
vt 0.94361 0.66089
vt 0.92830 0.68174
vt 0.92692 0.64903
vt 0.93494 0.67733
vt 0.93494 0.67733
vt 0.92692 0.64903
vt 0.93882 0.64584
vt 0.95196 0.65676
vt 0.95464 0.67347
vt 0.94855 0.66869
vt 0.95196 0.65676
vt 0.95683 0.66163
vt 0.95464 0.67347
vt 0.92692 0.64903
vt 0.92830 0.68174
vt 0.89738 0.65773
vt 0.92830 0.68174
vt 0.90195 0.67360
vt 0.89738 0.65773
vt 0.89735 0.68299
vt 0.88316 0.66293
vt 0.89236 0.66022
vt 0.89735 0.68299
vt 0.88368 0.68531
vt 0.88316 0.66293
vt 0.89735 0.68299
vt 0.90195 0.67360
vt 0.90596 0.69526
vt 0.86481 0.98071
vt 0.89527 0.99469
vt 0.87577 0.99131
vt 0.52043 0.58057
vt 0.56342 0.58831
vt 0.54548 0.62658
vt 0.56359 0.64839
vt 0.54860 0.69400
vt 0.54548 0.62658
vt 0.59998 0.62008
vt 0.61757 0.65851
vt 0.56359 0.64839
vt 0.56342 0.58831
vt 0.56359 0.64839
vt 0.54548 0.62658
vt 0.54548 0.62658
vt 0.50391 0.64169
vt 0.50620 0.60133
vt 0.59998 0.62008
vt 0.56359 0.64839
vt 0.56342 0.58831
vt 0.61757 0.65851
vt 0.58058 0.67186
vt 0.56359 0.64839
vt 0.52043 0.58057
vt 0.50620 0.60133
vt 0.48954 0.55139
vt 0.46147 0.57956
vt 0.48954 0.55139
vt 0.50620 0.60133
vt 0.46440 0.59566
vt 0.46147 0.57956
vt 0.50620 0.60133
vt 0.50391 0.64169
vt 0.49360 0.66938
vt 0.45683 0.63132
vt 0.52043 0.58057
vt 0.54548 0.62658
vt 0.50620 0.60133
vt 0.46440 0.59566
vt 0.50391 0.64169
vt 0.45683 0.63132
vt 0.50391 0.64169
vt 0.46440 0.59566
vt 0.50620 0.60133
vt 0.48954 0.55139
vt 0.46147 0.57956
vt 0.45952 0.55744
vt 0.49360 0.66938
vt 0.50391 0.64169
vt 0.52491 0.68246
vt 0.48812 0.70910
vt 0.52491 0.68246
vt 0.54147 0.72065
vt 0.51612 0.73205
vt 0.48812 0.70910
vt 0.54147 0.72065
vt 0.50391 0.64169
vt 0.54548 0.62658
vt 0.52491 0.68246
vt 0.55872 0.72985
vt 0.54147 0.72065
vt 0.54860 0.69400
vt 0.52491 0.68246
vt 0.54860 0.69400
vt 0.54147 0.72065
vt 0.49360 0.66938
vt 0.52491 0.68246
vt 0.48812 0.70910
vt 0.54860 0.69400
vt 0.52491 0.68246
vt 0.54548 0.62658
vt 0.54860 0.69400
vt 0.58058 0.67186
vt 0.57685 0.70975
vt 0.54860 0.69400
vt 0.56359 0.64839
vt 0.58058 0.67186
vt 0.55872 0.72985
vt 0.54860 0.69400
vt 0.57685 0.70975
vt 0.91678 0.55456
vt 0.90137 0.54275
vt 0.91041 0.53275
vt 0.93422 0.57699
vt 0.92480 0.57383
vt 0.91678 0.55456
vt 0.93422 0.57699
vt 0.91678 0.55456
vt 0.92611 0.53641
vt 0.76740 0.97346
vt 0.74832 0.98565
vt 0.75319 0.97273
vt 0.78023 0.97345
vt 0.78303 0.98057
vt 0.76740 0.97346
vt 0.76740 0.97346
vt 0.78303 0.98057
vt 0.76803 0.98874
vt 0.74832 0.98565
vt 0.73394 0.98684
vt 0.75319 0.97273
vt 0.74832 0.98565
vt 0.76740 0.97346
vt 0.76803 0.98874
vt 0.94790 0.58113
vt 0.93422 0.57699
vt 0.94615 0.56077
vt 0.95555 0.54783
vt 0.94615 0.56077
vt 0.92611 0.53641
vt 0.93422 0.57699
vt 0.92611 0.53641
vt 0.94615 0.56077
vt 0.92611 0.53641
vt 0.95050 0.52540
vt 0.95555 0.54783
vt 0.95555 0.54783
vt 0.95050 0.52540
vt 0.95901 0.53738
vt 0.91706 0.51245
vt 0.92611 0.53641
vt 0.91047 0.51786
vt 0.92127 0.57963
vt 0.91678 0.55456
vt 0.92480 0.57383
vt 0.92127 0.57963
vt 0.90637 0.56245
vt 0.91678 0.55456
vt 0.90190 0.57393
vt 0.89149 0.55983
vt 0.90137 0.54275
vt 0.73394 0.98684
vt 0.72519 0.98228
vt 0.75319 0.97273
vt 0.90637 0.56245
vt 0.92127 0.57963
vt 0.90190 0.57393
vt 0.92611 0.53641
vt 0.91041 0.53275
vt 0.91047 0.51786
vt 0.90381 0.53322
vt 0.91041 0.53275
vt 0.90137 0.54275
vt 0.90190 0.57393
vt 0.90137 0.54275
vt 0.90637 0.56245
vt 0.90637 0.56245
vt 0.90137 0.54275
vt 0.91678 0.55456
vt 0.91678 0.55456
vt 0.91041 0.53275
vt 0.92611 0.53641
vt 0.72519 0.98228
vt 0.73042 0.97027
vt 0.75319 0.97273
vt 0.72519 0.98228
vt 0.71314 0.97033
vt 0.73042 0.97027
vt 0.63445 0.59138
vt 0.65582 0.54866
vt 0.65804 0.56903
vt 0.88300 0.58030
vt 0.86983 0.56765
vt 0.88419 0.56659
vt 0.86983 0.56765
vt 0.88300 0.58030
vt 0.87692 0.59329
vt 0.87692 0.59329
vt 0.87131 0.59789
vt 0.86983 0.56765
vt 0.66824 0.59524
vt 0.66190 0.60287
vt 0.66012 0.59060
vt 0.85901 0.55878
vt 0.86983 0.56765
vt 0.86439 0.57531
vt 0.85901 0.55878
vt 0.86439 0.57531
vt 0.86041 0.57087
vt 0.65901 0.55673
vt 0.65804 0.56903
vt 0.65582 0.54866
vt 0.87774 0.61547
vt 0.87131 0.59789
vt 0.88659 0.59996
vt 0.88300 0.58030
vt 0.89430 0.58473
vt 0.88659 0.59996
vt 0.87692 0.59329
vt 0.88300 0.58030
vt 0.88659 0.59996
vt 0.88659 0.59996
vt 0.89430 0.58473
vt 0.89532 0.60655
vt 0.88659 0.59996
vt 0.89532 0.60655
vt 0.89115 0.61053
vt 0.88659 0.59996
vt 0.87131 0.59789
vt 0.87692 0.59329
vt 0.87952 0.53498
vt 0.88419 0.56659
vt 0.87264 0.54818
vt 0.89430 0.58473
vt 0.88300 0.58030
vt 0.88419 0.56659
vt 0.63445 0.59138
vt 0.66012 0.59060
vt 0.65964 0.60241
vt 0.63445 0.59138
vt 0.65804 0.56903
vt 0.66012 0.59060
vt 0.66012 0.59060
vt 0.66190 0.60287
vt 0.65964 0.60241
vt 0.66012 0.59060
vt 0.66282 0.57706
vt 0.66824 0.59524
vt 0.86983 0.56765
vt 0.87131 0.59789
vt 0.86439 0.57531
vt 0.66012 0.59060
vt 0.65804 0.56903
vt 0.66282 0.57706
vt 0.88419 0.56659
vt 0.86983 0.56765
vt 0.87264 0.54818
vt 0.67573 0.61278
vt 0.66190 0.60287
vt 0.66824 0.59524
vt 0.88419 0.56659
vt 0.89149 0.55983
vt 0.89430 0.58473
vt 0.84889 0.91980
vt 0.80149 0.93921
vt 0.77634 0.92657
vt 0.80106 0.97793
vt 0.81996 0.96952
vt 0.83333 0.97548
vt 0.81269 0.94598
vt 0.80149 0.93921
vt 0.84889 0.91980
vt 0.81996 0.96952
vt 0.81269 0.94598
vt 0.83462 0.95626
vt 0.81269 0.94598
vt 0.79656 0.94460
vt 0.80149 0.93921
vt 0.79656 0.94460
vt 0.77634 0.92657
vt 0.80149 0.93921
vt 0.94086 0.62918
vt 0.93385 0.62414
vt 0.94635 0.61848
vt 0.95218 0.60965
vt 0.95179 0.62610
vt 0.94635 0.61848
vt 0.94635 0.61848
vt 0.94518 0.60722
vt 0.95218 0.60965
vt 0.75319 0.97273
vt 0.74590 0.93524
vt 0.76740 0.97346
vt 0.78023 0.97345
vt 0.76740 0.97346
vt 0.77634 0.92657
vt 0.93411 0.60076
vt 0.94518 0.60722
vt 0.93385 0.62414
vt 0.93385 0.62414
vt 0.94518 0.60722
vt 0.94635 0.61848
vt 0.81996 0.96952
vt 0.79656 0.94460
vt 0.81269 0.94598
vt 0.95218 0.60965
vt 0.94518 0.60722
vt 0.94685 0.59621
vt 0.80386 0.98605
vt 0.80106 0.97793
vt 0.81829 0.98624
vt 0.77634 0.92657
vt 0.76740 0.97346
vt 0.74590 0.93524
vt 0.78023 0.97345
vt 0.77634 0.92657
vt 0.79656 0.94460
vt 0.78023 0.97345
vt 0.79656 0.94460
vt 0.81996 0.96952
vt 0.80106 0.97793
vt 0.78121 0.99046
vt 0.78303 0.98057
vt 0.78303 0.98057
vt 0.78023 0.97345
vt 0.80106 0.97793
vt 0.80106 0.97793
vt 0.78023 0.97345
vt 0.81996 0.96952
vt 0.78121 0.99046
vt 0.80386 0.98605
vt 0.78556 0.99163
vt 0.80386 0.98605
vt 0.78121 0.99046
vt 0.80106 0.97793
vt 0.94528 0.58947
vt 0.94685 0.59621
vt 0.93720 0.58719
vt 0.78121 0.99046
vt 0.76803 0.98874
vt 0.78303 0.98057
vt 0.91297 0.58843
vt 0.89430 0.58473
vt 0.90190 0.57393
vt 0.90190 0.57393
vt 0.92127 0.57963
vt 0.91297 0.58843
vt 0.94518 0.60722
vt 0.93411 0.60076
vt 0.93720 0.58719
vt 0.89430 0.58473
vt 0.91297 0.58843
vt 0.89532 0.60655
vt 0.93720 0.58719
vt 0.93422 0.57699
vt 0.94528 0.58947
vt 0.94528 0.58947
vt 0.93422 0.57699
vt 0.94790 0.58113
vt 0.94685 0.59621
vt 0.94518 0.60722
vt 0.93720 0.58719
vt 0.91297 0.58843
vt 0.93411 0.60076
vt 0.89966 0.61703
vt 0.91297 0.58843
vt 0.92127 0.57963
vt 0.93411 0.60076
vt 0.92127 0.57963
vt 0.92480 0.57383
vt 0.93720 0.58719
vt 0.89966 0.61703
vt 0.89532 0.60655
vt 0.91297 0.58843
vt 0.93720 0.58719
vt 0.92480 0.57383
vt 0.93422 0.57699
vt 0.92127 0.57963
vt 0.93720 0.58719
vt 0.93411 0.60076
vt 0.93411 0.60076
vt 0.93385 0.62414
vt 0.89966 0.61703
vt 0.90190 0.57393
vt 0.89430 0.58473
vt 0.89149 0.55983
vt 0.95901 0.53738
vt 0.95050 0.52540
vt 0.96020 0.52127
vt 0.96020 0.52127
vt 0.95050 0.52540
vt 0.95625 0.50700
vt 0.95625 0.50700
vt 0.96363 0.51558
vt 0.96020 0.52127
vt 0.70526 0.98077
vt 0.71314 0.97033
vt 0.72519 0.98228
vt 0.70466 0.96579
vt 0.71314 0.97033
vt 0.70526 0.98077
vt 0.71314 0.97033
vt 0.71538 0.95712
vt 0.73042 0.97027
vt 0.70526 0.98077
vt 0.69497 0.97964
vt 0.70466 0.96579
vt 0.70466 0.96579
vt 0.70188 0.95350
vt 0.71314 0.97033
vt 0.71314 0.97033
vt 0.70188 0.95350
vt 0.71538 0.95712
vt 0.70772 0.94727
vt 0.71538 0.95712
vt 0.70188 0.95350
vt 0.91706 0.51245
vt 0.91005 0.48906
vt 0.94100 0.50979
vt 0.91706 0.51245
vt 0.95050 0.52540
vt 0.92611 0.53641
vt 0.95050 0.52540
vt 0.94100 0.50979
vt 0.95625 0.50700
vt 0.65582 0.97487
vt 0.65772 0.97964
vt 0.64030 0.98378
vt 0.95019 0.46703
vt 0.95531 0.48331
vt 0.93972 0.46276
vt 0.65772 0.97964
vt 0.65582 0.97487
vt 0.66854 0.97260
vt 0.93972 0.46276
vt 0.95531 0.48331
vt 0.94628 0.49626
vt 0.68949 0.97803
vt 0.65772 0.97964
vt 0.66854 0.97260
vt 0.66210 0.96295
vt 0.66854 0.97260
vt 0.64585 0.96103
vt 0.66935 0.95186
vt 0.66210 0.96295
vt 0.64585 0.96103
vt 0.66935 0.95186
vt 0.68613 0.96546
vt 0.66210 0.96295
vt 0.68613 0.96546
vt 0.66854 0.97260
vt 0.66210 0.96295
vt 0.66935 0.95186
vt 0.69652 0.94929
vt 0.70188 0.95350
vt 0.70772 0.94727
vt 0.70188 0.95350
vt 0.69652 0.94929
vt 0.66854 0.97260
vt 0.65582 0.97487
vt 0.64585 0.96103
vt 0.95531 0.48331
vt 0.96289 0.50839
vt 0.94628 0.49626
vt 0.94628 0.49626
vt 0.95625 0.50700
vt 0.94100 0.50979
vt 0.68949 0.97803
vt 0.66854 0.97260
vt 0.68613 0.96546
vt 0.95625 0.50700
vt 0.94628 0.49626
vt 0.96289 0.50839
vt 0.68949 0.97803
vt 0.68613 0.96546
vt 0.69497 0.97964
vt 0.70466 0.96579
vt 0.69497 0.97964
vt 0.68613 0.96546
vt 0.96289 0.50839
vt 0.96363 0.51558
vt 0.95625 0.50700
vt 0.66935 0.95186
vt 0.64585 0.96103
vt 0.65127 0.94796
vt 0.66935 0.95186
vt 0.70188 0.95350
vt 0.68613 0.96546
vt 0.70188 0.95350
vt 0.70466 0.96579
vt 0.68613 0.96546
vt 0.95050 0.52540
vt 0.91706 0.51245
vt 0.94100 0.50979
vt 0.74590 0.93524
vt 0.72500 0.91507
vt 0.77634 0.92657
vt 0.72491 0.93798
vt 0.71300 0.92545
vt 0.72500 0.91507
vt 0.75319 0.97273
vt 0.72491 0.93798
vt 0.74590 0.93524
vt 0.70927 0.93385
vt 0.72491 0.93798
vt 0.70772 0.94727
vt 0.72491 0.93798
vt 0.70927 0.93385
vt 0.71300 0.92545
vt 0.75319 0.97273
vt 0.73042 0.97027
vt 0.72491 0.93798
vt 0.70772 0.94727
vt 0.72491 0.93798
vt 0.71538 0.95712
vt 0.74590 0.93524
vt 0.72491 0.93798
vt 0.72500 0.91507
vt 0.73042 0.97027
vt 0.71538 0.95712
vt 0.72491 0.93798
vt 0.84588 0.47824
vt 0.83097 0.47395
vt 0.83444 0.46785
vt 0.83444 0.46785
vt 0.83097 0.47395
vt 0.82859 0.46746
vt 0.82583 0.43297
vt 0.82123 0.44758
vt 0.81526 0.43904
vt 0.82123 0.44758
vt 0.82583 0.43297
vt 0.83254 0.44271
vt 0.83254 0.44271
vt 0.85648 0.48111
vt 0.84588 0.47824
vt 0.84588 0.47824
vt 0.83444 0.46785
vt 0.83254 0.44271
vt 0.63349 0.46893
vt 0.63970 0.49687
vt 0.60492 0.46455
vt 0.63600 0.45772
vt 0.63872 0.46953
vt 0.63349 0.46893
vt 0.63600 0.45772
vt 0.63253 0.43960
vt 0.63614 0.44423
vt 0.63614 0.44423
vt 0.63765 0.44747
vt 0.63600 0.45772
vt 0.82859 0.46746
vt 0.82448 0.46026
vt 0.83444 0.46785
vt 0.63600 0.45772
vt 0.63349 0.46893
vt 0.62633 0.44940
vt 0.63614 0.44423
vt 0.63253 0.43960
vt 0.63535 0.43533
vt 0.63600 0.45772
vt 0.63796 0.46142
vt 0.63872 0.46953
vt 0.85648 0.48111
vt 0.83254 0.44271
vt 0.84407 0.43068
vt 0.59807 0.47889
vt 0.64701 0.52533
vt 0.58194 0.51641
vt 0.56113 0.47197
vt 0.59807 0.47889
vt 0.58194 0.51641
vt 0.63600 0.45772
vt 0.62633 0.44940
vt 0.62561 0.43832
vt 0.82078 0.45223
vt 0.82123 0.44758
vt 0.83444 0.46785
vt 0.83444 0.46785
vt 0.82448 0.46026
vt 0.82078 0.45223
vt 0.63600 0.45772
vt 0.62561 0.43832
vt 0.63253 0.43960
vt 0.83254 0.44271
vt 0.83444 0.46785
vt 0.82123 0.44758
vt 0.62633 0.44940
vt 0.63349 0.46893
vt 0.60492 0.46455
vt 0.84433 0.49274
vt 0.84588 0.47824
vt 0.85805 0.49222
vt 0.83097 0.47395
vt 0.84588 0.47824
vt 0.84433 0.49274
vt 0.90137 0.54275
vt 0.89149 0.55983
vt 0.87952 0.53498
vt 0.91005 0.48906
vt 0.91706 0.51245
vt 0.90223 0.51012
vt 0.85913 0.54679
vt 0.86146 0.53845
vt 0.87264 0.54818
vt 0.87264 0.54818
vt 0.86365 0.52694
vt 0.87952 0.53498
vt 0.88927 0.51957
vt 0.90223 0.51012
vt 0.90381 0.53322
vt 0.90223 0.51012
vt 0.91706 0.51245
vt 0.91047 0.51786
vt 0.85805 0.49222
vt 0.87773 0.48827
vt 0.87948 0.50770
vt 0.91005 0.48906
vt 0.90223 0.51012
vt 0.90199 0.48453
vt 0.90223 0.51012
vt 0.89835 0.49920
vt 0.90199 0.48453
vt 0.87948 0.50770
vt 0.88927 0.51957
vt 0.87952 0.53498
vt 0.85805 0.49222
vt 0.87952 0.53498
vt 0.86365 0.52694
vt 0.90223 0.51012
vt 0.88927 0.51957
vt 0.87948 0.50770
vt 0.87952 0.53498
vt 0.85805 0.49222
vt 0.87948 0.50770
vt 0.90381 0.53322
vt 0.87952 0.53498
vt 0.88927 0.51957
vt 0.87952 0.53498
vt 0.90381 0.53322
vt 0.90137 0.54275
vt 0.87773 0.48827
vt 0.89835 0.49920
vt 0.87948 0.50770
vt 0.89835 0.49920
vt 0.90223 0.51012
vt 0.87948 0.50770
vt 0.90223 0.51012
vt 0.91047 0.51786
vt 0.91041 0.53275
vt 0.91041 0.53275
vt 0.90381 0.53322
vt 0.90223 0.51012
vt 0.86365 0.52694
vt 0.87264 0.54818
vt 0.86146 0.53845
vt 0.86365 0.52694
vt 0.86146 0.53845
vt 0.84901 0.52472
vt 0.85648 0.48111
vt 0.87773 0.48827
vt 0.85805 0.49222
vt 0.86365 0.52694
vt 0.84433 0.49274
vt 0.85805 0.49222
vt 0.87773 0.48827
vt 0.90199 0.48453
vt 0.89835 0.49920
vt 0.90199 0.48453
vt 0.87773 0.48827
vt 0.87455 0.46224
vt 0.90199 0.48453
vt 0.90131 0.45523
vt 0.91005 0.48906
vt 0.87455 0.46224
vt 0.89292 0.45339
vt 0.90199 0.48453
vt 0.94100 0.50979
vt 0.91005 0.48906
vt 0.94628 0.49626
vt 0.92214 0.44948
vt 0.93972 0.46276
vt 0.90131 0.45523
vt 0.94628 0.49626
vt 0.91005 0.48906
vt 0.93972 0.46276
vt 0.91005 0.48906
vt 0.90131 0.45523
vt 0.93972 0.46276
vt 0.89292 0.45339
vt 0.90131 0.45523
vt 0.90199 0.48453
vt 0.58194 0.51641
vt 0.64701 0.52533
vt 0.63445 0.59138
vt 0.66034 0.54172
vt 0.65901 0.55673
vt 0.65582 0.54866
vt 0.64423 0.49258
vt 0.63349 0.46893
vt 0.63872 0.46953
vt 0.65582 0.52556
vt 0.66034 0.54172
vt 0.65582 0.54866
vt 0.85913 0.54679
vt 0.84901 0.52472
vt 0.86146 0.53845
vt 0.64877 0.50768
vt 0.65582 0.52556
vt 0.64701 0.52533
vt 0.65582 0.52556
vt 0.65582 0.54866
vt 0.64701 0.52533
vt 0.65582 0.54866
vt 0.63445 0.59138
vt 0.64701 0.52533
vt 0.63970 0.49687
vt 0.59807 0.47889
vt 0.60492 0.46455
vt 0.83744 0.49579
vt 0.83097 0.47395
vt 0.84433 0.49274
vt 0.59807 0.47889
vt 0.63970 0.49687
vt 0.64701 0.52533
vt 0.84433 0.49274
vt 0.86365 0.52694
vt 0.84901 0.52472
vt 0.84048 0.51045
vt 0.84433 0.49274
vt 0.84901 0.52472
vt 0.84048 0.51045
vt 0.83744 0.49579
vt 0.84433 0.49274
vt 0.64877 0.50768
vt 0.63970 0.49687
vt 0.64423 0.49258
vt 0.64877 0.50768
vt 0.64701 0.52533
vt 0.63970 0.49687
vt 0.64423 0.49258
vt 0.63970 0.49687
vt 0.63349 0.46893
vt 0.85648 0.48111
vt 0.84407 0.43068
vt 0.87455 0.46224
vt 0.87660 0.42619
vt 0.87455 0.46224
vt 0.84407 0.43068
vt 0.85648 0.48111
vt 0.87455 0.46224
vt 0.87773 0.48827
vt 0.85805 0.49222
vt 0.84588 0.47824
vt 0.85648 0.48111
vt 0.58194 0.51641
vt 0.56342 0.58831
vt 0.53421 0.55175
vt 0.58194 0.51641
vt 0.63445 0.59138
vt 0.56342 0.58831
vt 0.53421 0.55175
vt 0.56342 0.58831
vt 0.52043 0.58057
vt 0.56342 0.58831
vt 0.63445 0.59138
vt 0.59998 0.62008
vt 0.86983 0.56765
vt 0.85901 0.55878
vt 0.85913 0.54679
vt 0.85913 0.54679
vt 0.87264 0.54818
vt 0.86983 0.56765
vt 0.87952 0.53498
vt 0.89149 0.55983
vt 0.88419 0.56659
vt 0.90086 0.79857
vt 0.90366 0.77570
vt 0.92795 0.80048
vt 0.48812 0.70910
vt 0.51612 0.73205
vt 0.47995 0.72865
vt 0.89212 0.77566
vt 0.90366 0.77570
vt 0.90086 0.79857
vt 0.51612 0.73205
vt 0.54147 0.72065
vt 0.52053 0.74422
vt 0.57965 0.75556
vt 0.57245 0.75500
vt 0.58497 0.74701
vt 0.58497 0.74701
vt 0.61227 0.75835
vt 0.60706 0.77535
vt 0.60706 0.77535
vt 0.61227 0.75835
vt 0.62788 0.76964
vt 0.60706 0.77535
vt 0.62788 0.76964
vt 0.63643 0.78385
vt 0.64216 0.78458
vt 0.63643 0.78385
vt 0.64346 0.77480
vt 0.64216 0.78458
vt 0.64346 0.77480
vt 0.64813 0.77480
vt 0.87821 0.79970
vt 0.87675 0.79218
vt 0.89193 0.79826
vt 0.63643 0.78385
vt 0.62788 0.76964
vt 0.64346 0.77480
vt 0.64346 0.77480
vt 0.64765 0.76466
vt 0.64813 0.77480
vt 0.62788 0.76964
vt 0.64765 0.76466
vt 0.64346 0.77480
vt 0.87675 0.79218
vt 0.87037 0.78582
vt 0.87577 0.76001
vt 0.89212 0.77566
vt 0.89193 0.79826
vt 0.87675 0.79218
vt 0.89212 0.77566
vt 0.87675 0.79218
vt 0.87577 0.76001
vt 0.55872 0.72985
vt 0.52053 0.74422
vt 0.54147 0.72065
vt 0.53810 0.75783
vt 0.52053 0.74422
vt 0.55872 0.72985
vt 0.55524 0.76437
vt 0.55046 0.76272
vt 0.54946 0.76228
vt 0.89212 0.77566
vt 0.90086 0.79857
vt 0.89193 0.79826
vt 0.56170 0.76521
vt 0.54946 0.76228
vt 0.53810 0.75783
vt 0.54946 0.76228
vt 0.56170 0.76521
vt 0.55524 0.76437
vt 0.53810 0.75783
vt 0.55872 0.72985
vt 0.56170 0.76521
vt 0.92795 0.80048
vt 0.90366 0.77570
vt 0.90606 0.75657
vt 0.86581 0.77559
vt 0.87577 0.76001
vt 0.87037 0.78582
vt 0.64765 0.76466
vt 0.62788 0.76964
vt 0.64241 0.74810
vt 0.62788 0.76964
vt 0.61227 0.75835
vt 0.64241 0.74810
vt 0.96692 0.77348
vt 0.92795 0.80048
vt 0.94071 0.77153
vt 0.52053 0.74422
vt 0.50053 0.74596
vt 0.51612 0.73205
vt 0.50053 0.74596
vt 0.49050 0.74167
vt 0.51612 0.73205
vt 0.49050 0.74167
vt 0.47995 0.72865
vt 0.51612 0.73205
vt 0.47995 0.72865
vt 0.49050 0.74167
vt 0.47889 0.73734
vt 0.45827 0.73088
vt 0.45603 0.71216
vt 0.47995 0.72865
vt 0.50053 0.74596
vt 0.52053 0.74422
vt 0.51363 0.74988
vt 0.57245 0.75500
vt 0.56170 0.76521
vt 0.55872 0.72985
vt 0.45827 0.73088
vt 0.47995 0.72865
vt 0.47889 0.73734
vt 0.58548 0.77178
vt 0.57965 0.75556
vt 0.58497 0.74701
vt 0.58548 0.77178
vt 0.58497 0.74701
vt 0.60706 0.77535
vt 0.57965 0.75556
vt 0.56170 0.76521
vt 0.57245 0.75500
vt 0.57737 0.77122
vt 0.56170 0.76521
vt 0.57965 0.75556
vt 0.57965 0.75556
vt 0.58548 0.77178
vt 0.57737 0.77122
vt 0.52053 0.74422
vt 0.53810 0.75783
vt 0.51363 0.74988
vt 0.48812 0.70910
vt 0.47995 0.72865
vt 0.46344 0.69591
vt 0.92795 0.80048
vt 0.97580 0.78383
vt 0.98548 0.78991
vt 0.96692 0.77348
vt 0.97580 0.78383
vt 0.92795 0.80048
vt 0.30536 0.58959
vt 0.29212 0.64239
vt 0.29075 0.60385
vt 0.29075 0.60385
vt 0.29212 0.64239
vt 0.27799 0.62008
vt 0.29212 0.64239
vt 0.27328 0.64815
vt 0.27799 0.62008
vt 0.35927 0.45078
vt 0.34760 0.45167
vt 0.36010 0.43564
vt 0.28083 0.98300
vt 0.29163 0.97310
vt 0.28758 0.98600
vt 0.31166 0.90143
vt 0.33263 0.90353
vt 0.32548 0.91280
vt 0.23763 0.38442
vt 0.25193 0.39450
vt 0.23641 0.39199
vt 0.32893 0.34832
vt 0.31040 0.36210
vt 0.32131 0.34499
vt 0.31007 0.34925
vt 0.32131 0.34499
vt 0.31040 0.36210
vt 0.34120 0.40395
vt 0.35327 0.42822
vt 0.32777 0.41802
vt 0.36753 0.42291
vt 0.35327 0.42822
vt 0.34120 0.40395
vt 0.35357 0.39450
vt 0.36753 0.42291
vt 0.34120 0.40395
vt 0.37069 0.39744
vt 0.36753 0.42291
vt 0.35357 0.39450
vt 0.33354 0.37293
vt 0.35850 0.38102
vt 0.32907 0.38548
vt 0.41824 0.43404
vt 0.42139 0.45409
vt 0.40542 0.43771
vt 0.26804 0.67271
vt 0.29400 0.68445
vt 0.26847 0.67782
vt 0.29212 0.64239
vt 0.29400 0.68445
vt 0.28681 0.65776
vt 0.39815 0.52130
vt 0.36034 0.55683
vt 0.38030 0.51810
vt 0.95634 0.94838
vt 0.94909 0.94976
vt 0.94832 0.93949
vt 0.42945 0.34291
vt 0.41803 0.33939
vt 0.42816 0.32931
vt 0.39415 0.05473
vt 0.38982 0.03811
vt 0.40922 0.05018
vt 0.39936 0.11311
vt 0.37679 0.10173
vt 0.38591 0.08655
vt 0.39936 0.11311
vt 0.38591 0.08655
vt 0.40532 0.10064
vt 0.38591 0.08655
vt 0.38043 0.06369
vt 0.40417 0.06506
vt 0.40532 0.10064
vt 0.38591 0.08655
vt 0.40417 0.06506
vt 0.38591 0.08655
vt 0.36671 0.07549
vt 0.38043 0.06369
vt 0.70680 0.57115
vt 0.72279 0.56986
vt 0.72158 0.58225
vt 0.75822 0.63721
vt 0.76883 0.61838
vt 0.77216 0.64582
vt 0.78943 0.63710
vt 0.77216 0.64582
vt 0.76883 0.61838
vt 0.80290 0.61447
vt 0.79977 0.62771
vt 0.78943 0.63710
vt 0.76883 0.61838
vt 0.80290 0.61447
vt 0.78943 0.63710
vt 0.80290 0.61447
vt 0.76883 0.61838
vt 0.77365 0.60306
vt 0.80290 0.61447
vt 0.77365 0.60306
vt 0.80988 0.59429
vt 0.77365 0.60306
vt 0.77045 0.59346
vt 0.77006 0.58179
vt 0.77365 0.60306
vt 0.77006 0.58179
vt 0.79215 0.57982
vt 0.80988 0.59429
vt 0.77365 0.60306
vt 0.79215 0.57982
vt 0.78721 0.56570
vt 0.77006 0.58179
vt 0.75547 0.56756
vt 0.78721 0.56570
vt 0.78989 0.57493
vt 0.77006 0.58179
vt 0.78115 0.56253
vt 0.78721 0.56570
vt 0.75547 0.56756
vt 0.41803 0.33939
vt 0.42945 0.34291
vt 0.42102 0.34950
vt 0.44538 0.68683
vt 0.44590 0.70375
vt 0.44410 0.69586
vt 0.84889 0.91980
vt 0.89123 0.91638
vt 0.85952 0.92267
vt 0.42798 0.47327
vt 0.44585 0.46825
vt 0.43568 0.49102
vt 0.34760 0.45167
vt 0.35226 0.43668
vt 0.36010 0.43564
vt 0.15141 0.87964
vt 0.12389 0.87525
vt 0.14062 0.87369
f 1313/1 1311/2 1317/3
f 73/4 1/5 24/6
f 12/7 24/8 1/9
f 1/10 73/11 19/12
f 26/13 7/14 6/15
f 9/16 90/17 21/18
f 19/19 8/20 27/21
f 5/22 27/23 8/24
f 22/25 21/26 11/27
f 22/28 3/29 5/30
f 11/31 92/32 3/33
f 9/34 21/35 23/36
f 21/37 10/38 23/39
f 9/40 23/41 6/42
f 7/43 91/44 90/45
f 15/46 16/47 72/48
f 16/49 2/50 72/51
f 14/52 85/53 13/54
f 14/55 13/56 2/57
f 23/58 10/59 2/60
f 10/61 14/62 2/63
f 7/64 90/65 9/66
f 11/67 3/68 22/69
f 11/70 21/71 90/72
f 16/73 23/74 2/75
f 23/76 16/77 17/78
f 16/79 15/80 17/81
f 17/82 26/83 6/84
f 23/85 17/86 6/87
f 10/88 20/89 18/90
f 19/91 18/92 8/93
f 18/94 20/95 8/96
f 18/97 14/98 10/99
f 20/100 21/101 22/102
f 5/103 8/104 22/105
f 10/106 21/107 20/108
f 8/109 20/110 22/111
f 6/112 7/113 9/114
f 1400/115 12/116 25/117
f 1400/118 1416/119 12/120
f 24/121 12/122 1416/123
f 25/124 12/125 4/126
f 15/127 26/128 17/129
f 92/130 5/131 3/132
f 1/133 19/134 27/135
f 4/136 92/137 93/138
f 5/139 92/140 4/141
f 5/142 4/143 12/144
f 12/145 27/146 5/147
f 1/148 27/149 12/150
f 19/151 78/152 18/153
f 19/154 73/155 78/156
f 78/157 14/158 18/159
f 85/160 14/161 78/162
f 26/163 51/164 7/165
f 7/166 51/167 50/168
f 56/169 37/170 38/171
f 424/172 446/173 38/174
f 29/175 33/176 54/177
f 32/178 1046/179 28/180
f 28/181 1037/182 58/183
f 780/184 30/185 790/186
f 58/187 1037/188 37/189
f 30/190 780/191 29/192
f 28/193 58/194 69/195
f 56/196 31/197 69/198
f 69/199 31/200 57/201
f 38/202 31/203 56/204
f 446/205 31/206 38/207
f 32/208 1032/209 1031/210
f 778/211 779/212 1032/213
f 46/214 34/215 59/216
f 779/217 778/218 35/219
f 37/220 1037/221 1033/222
f 39/223 47/224 40/225
f 40/226 45/227 39/228
f 40/229 47/230 41/231
f 42/232 40/233 41/234
f 42/235 41/236 62/237
f 62/238 59/239 42/240
f 42/241 59/242 34/243
f 45/244 40/245 44/246
f 48/247 36/248 40/249
f 43/250 51/251 26/252
f 43/253 44/254 51/255
f 45/256 44/257 43/258
f 45/259 43/260 39/261
f 41/262 39/263 43/264
f 57/265 46/266 55/267
f 26/268 41/269 43/270
f 41/271 47/272 39/273
f 57/274 440/275 441/276
f 44/277 40/278 52/279
f 40/280 42/281 34/282
f 40/283 34/284 48/285
f 51/286 49/287 50/288
f 52/289 49/290 51/291
f 36/292 49/293 40/294
f 52/295 40/296 49/297
f 52/298 51/299 44/300
f 48/301 34/302 46/303
f 46/304 441/305 48/306
f 441/307 46/308 57/309
f 38/310 37/311 1033/312
f 68/313 54/314 53/315
f 1032/316 33/317 778/318
f 29/319 780/320 33/321
f 68/322 67/323 65/324
f 37/325 56/326 58/327
f 69/328 58/329 56/330
f 440/331 57/332 31/333
f 63/334 61/335 59/336
f 60/337 61/338 63/339
f 63/340 59/341 62/342
f 55/343 61/344 64/345
f 26/346 60/347 63/348
f 41/349 26/350 63/351
f 62/352 41/353 63/354
f 46/355 61/356 55/357
f 61/358 46/359 59/360
f 60/361 64/362 61/363
f 1032/364 32/365 54/366
f 32/367 28/368 54/369
f 54/370 33/371 1032/372
f 64/373 66/374 53/375
f 53/376 54/377 55/378
f 55/379 64/380 53/381
f 53/382 66/383 68/384
f 15/385 64/386 60/387
f 64/388 15/389 66/390
f 15/391 60/392 26/393
f 66/394 67/395 68/396
f 66/397 72/398 67/399
f 79/400 65/401 67/402
f 55/403 69/404 57/405
f 55/406 28/407 69/408
f 68/409 65/410 29/411
f 28/412 55/413 54/414
f 30/415 65/416 79/417
f 29/418 65/419 30/420
f 54/421 68/422 29/423
f 33/424 780/425 778/426
f 71/427 79/428 72/429
f 72/430 87/431 71/432
f 72/433 2/434 87/435
f 85/436 70/437 88/438
f 66/439 15/440 72/441
f 82/442 86/443 85/444
f 30/445 82/446 83/447
f 73/448 75/449 74/450
f 76/451 75/452 1857/453
f 86/454 87/455 2/456
f 76/457 1858/458 80/459
f 85/460 78/461 70/462
f 74/463 70/464 78/465
f 73/466 74/467 78/468
f 80/469 82/470 85/471
f 84/472 773/473 787/474
f 81/475 82/476 80/477
f 77/478 83/479 82/480
f 67/481 72/482 79/483
f 80/484 1858/485 81/486
f 82/487 81/488 77/489
f 83/490 84/491 30/492
f 84/493 787/494 30/495
f 86/496 2/497 13/498
f 13/499 85/500 86/501
f 76/502 88/503 75/504
f 80/505 88/506 76/507
f 75/508 73/509 24/510
f 74/511 75/512 88/513
f 82/514 71/515 87/516
f 30/517 79/518 82/519
f 79/520 71/521 82/522
f 87/523 86/524 82/525
f 70/526 74/527 88/528
f 85/529 88/530 80/531
f 1858/532 84/533 77/534
f 1856/535 75/536 1412/537
f 103/538 102/539 89/540
f 89/541 102/542 105/543
f 105/544 102/545 100/546
f 98/547 11/548 90/549
f 11/550 98/551 92/552
f 92/553 1371/554 93/555
f 102/556 101/557 97/558
f 104/559 97/560 101/561
f 105/562 100/563 91/564
f 95/565 97/566 94/567
f 94/568 98/569 95/570
f 92/571 98/572 94/573
f 97/574 96/575 102/576
f 100/577 102/578 96/579
f 96/580 95/581 100/582
f 95/583 98/584 100/585
f 95/586 96/587 97/588
f 98/589 91/590 100/591
f 92/592 104/593 1371/594
f 94/595 104/596 92/597
f 94/598 97/599 104/600
f 91/601 98/602 90/603
f 1371/604 104/605 99/606
f 101/607 99/608 104/609
f 102/610 103/611 101/612
f 103/613 119/614 101/615
f 119/616 99/617 101/618
f 1371/619 99/620 1367/621
f 105/622 121/623 89/624
f 117/625 108/626 116/627
f 48/628 118/629 36/630
f 116/631 108/632 112/633
f 108/634 117/635 118/636
f 115/637 107/638 408/639
f 112/640 106/641 116/642
f 50/643 116/644 7/645
f 109/646 108/647 391/648
f 109/649 391/650 110/651
f 407/652 107/653 110/654
f 106/655 112/656 111/657
f 111/658 112/659 110/660
f 109/661 112/662 108/663
f 391/664 108/665 118/666
f 106/667 111/668 114/669
f 115/670 114/671 111/672
f 7/673 116/674 106/675
f 115/676 111/677 107/678
f 110/679 107/680 111/681
f 105/682 91/683 114/684
f 110/685 391/686 407/687
f 106/688 114/689 91/690
f 91/691 7/692 106/693
f 50/694 117/695 116/696
f 50/697 49/698 113/699
f 50/700 113/701 117/702
f 118/703 113/704 36/705
f 49/706 36/707 113/708
f 121/709 114/710 115/711
f 110/712 112/713 109/714
f 121/715 105/716 114/717
f 117/718 113/719 118/720
f 123/721 568/722 573/723
f 119/724 103/725 123/726
f 123/727 122/728 119/729
f 558/730 120/731 121/732
f 122/733 1363/734 119/735
f 122/736 1369/737 1363/738
f 123/739 103/740 89/741
f 119/742 1363/743 99/744
f 123/745 120/746 568/747
f 122/748 123/749 573/750
f 89/751 121/752 120/753
f 120/754 123/755 89/756
f 634/757 378/758 178/759
f 125/760 166/761 129/762
f 130/763 129/764 166/765
f 131/766 129/767 130/768
f 130/769 128/770 131/771
f 132/772 135/773 131/774
f 645/775 128/776 130/777
f 132/778 131/779 128/780
f 132/781 128/782 645/783
f 134/784 253/785 133/786
f 182/787 137/788 157/789
f 136/790 156/791 151/792
f 137/793 126/794 157/795
f 171/796 145/797 146/798
f 143/799 160/800 139/801
f 141/802 139/803 161/804
f 139/805 141/806 143/807
f 142/808 141/809 161/810
f 163/811 141/812 142/813
f 141/814 163/815 143/816
f 163/817 142/818 162/819
f 148/820 160/821 143/822
f 160/823 148/824 125/825
f 144/826 145/827 165/828
f 167/829 148/830 149/831
f 145/832 144/833 147/834
f 145/835 147/836 146/837
f 144/838 167/839 147/840
f 147/841 167/842 149/843
f 149/844 148/845 143/846
f 151/847 149/848 143/849
f 150/850 146/851 147/852
f 149/853 150/854 147/855
f 151/856 150/857 149/858
f 150/859 152/860 146/861
f 150/862 156/863 152/864
f 152/865 126/866 146/867
f 155/868 134/869 136/870
f 136/871 151/872 155/873
f 136/874 134/875 133/876
f 156/877 136/878 133/879
f 156/880 133/881 152/882
f 133/883 157/884 152/885
f 221/886 157/887 133/888
f 155/889 253/890 134/891
f 133/892 253/893 239/894
f 137/895 158/896 138/897
f 292/898 158/899 137/900
f 292/901 169/902 158/903
f 137/904 279/905 293/906
f 292/907 137/908 293/909
f 177/910 169/911 292/912
f 158/913 124/914 138/915
f 138/916 126/917 137/918
f 138/919 124/920 126/921
f 124/922 170/923 126/924
f 135/925 160/926 131/927
f 159/928 135/929 631/930
f 135/931 159/932 160/933
f 129/934 160/935 125/936
f 160/937 129/938 131/939
f 159/940 161/941 160/942
f 151/943 163/944 155/945
f 161/946 139/947 160/948
f 162/949 142/950 140/951
f 163/952 151/953 143/954
f 140/955 376/956 162/957
f 162/958 164/959 163/960
f 376/961 164/962 162/963
f 164/964 229/965 163/966
f 244/967 155/968 163/969
f 166/970 165/971 130/972
f 167/973 125/974 148/975
f 157/976 126/977 152/978
f 153/979 154/980 168/981
f 171/982 170/983 124/984
f 171/985 124/986 172/987
f 171/988 172/989 173/990
f 174/991 173/992 2109/993
f 171/994 173/995 174/996
f 173/997 172/998 2109/999
f 169/1000 168/1001 154/1002
f 154/1003 175/1004 169/1005
f 175/1006 176/1007 169/1008
f 169/1009 176/1010 158/1011
f 127/1012 145/1013 171/1014
f 165/1015 145/1016 127/1017
f 127/1018 171/1019 174/1020
f 165/1021 127/1022 130/1023
f 645/1024 130/1025 127/1026
f 142/1027 161/1028 337/1029
f 161/1030 159/1031 337/1032
f 337/1033 159/1034 178/1035
f 386/1036 337/1037 178/1038
f 378/1039 386/1040 178/1041
f 178/1042 159/1043 631/1044
f 167/1045 166/1046 125/1047
f 167/1048 144/1049 165/1050
f 146/1051 126/1052 170/1053
f 146/1054 170/1055 171/1056
f 174/1057 2109/1058 127/1059
f 151/1060 156/1061 150/1062
f 169/1063 177/1064 168/1065
f 179/1066 430/1067 413/1068
f 183/1069 189/1070 186/1071
f 181/1072 279/1073 182/1074
f 183/1075 186/1076 184/1077
f 184/1078 185/1079 183/1080
f 189/1081 1108/1082 186/1083
f 185/1084 184/1085 186/1086
f 244/1087 229/1088 187/1089
f 244/1090 187/1091 240/1092
f 256/1093 187/1094 188/1095
f 191/1096 189/1097 223/1098
f 191/1099 223/1100 190/1101
f 195/1102 192/1103 247/1104
f 251/1105 192/1106 195/1107
f 251/1108 194/1109 192/1110
f 195/1111 247/1112 206/1113
f 201/1114 195/1115 206/1116
f 251/1117 195/1118 252/1119
f 201/1120 252/1121 195/1122
f 215/1123 196/1124 219/1125
f 198/1126 219/1127 196/1128
f 215/1129 197/1130 196/1131
f 216/1132 197/1133 215/1134
f 197/1135 233/1136 196/1137
f 257/1138 202/1139 190/1140
f 257/1141 248/1142 179/1143
f 202/1144 257/1145 1065/1146
f 220/1147 201/1148 185/1149
f 1065/1150 1085/1151 202/1152
f 413/1153 1065/1154 179/1155
f 1065/1156 257/1157 179/1158
f 185/1159 186/1160 204/1161
f 231/1162 235/1163 201/1164
f 204/1165 186/1166 1108/1167
f 241/1168 203/1169 242/1170
f 203/1171 243/1172 164/1173
f 180/1174 1008/1175 1005/1176
f 229/1177 244/1178 163/1179
f 225/1180 199/1181 189/1182
f 220/1183 868/1184 1023/1185
f 183/1186 206/1187 189/1188
f 189/1189 206/1190 247/1191
f 247/1192 225/1193 189/1194
f 207/1195 208/1196 205/1197
f 209/1198 208/1199 207/1200
f 208/1201 209/1202 200/1203
f 205/1204 210/1205 207/1206
f 272/1207 210/1208 205/1209
f 210/1210 281/1211 280/1212
f 210/1213 209/1214 207/1215
f 210/1216 280/1217 200/1218
f 210/1219 200/1220 209/1221
f 214/1222 221/1223 211/1224
f 211/1225 254/1226 212/1227
f 212/1228 214/1229 211/1230
f 214/1231 157/1232 221/1233
f 182/1234 157/1235 214/1236
f 216/1237 215/1238 228/1239
f 193/1240 251/1241 217/1242
f 217/1243 216/1244 193/1245
f 197/1246 216/1247 217/1248
f 212/1249 254/1250 218/1251
f 227/1252 218/1253 254/1254
f 227/1255 215/1256 218/1257
f 215/1258 219/1259 218/1260
f 220/1261 231/1262 201/1263
f 220/1264 185/1265 868/1266
f 214/1267 212/1268 213/1269
f 218/1270 213/1271 212/1272
f 182/1273 214/1274 213/1275
f 221/1276 239/1277 211/1278
f 202/1279 1108/1280 191/1281
f 191/1282 190/1283 202/1284
f 189/1285 191/1286 1108/1287
f 189/1288 199/1289 223/1290
f 223/1291 224/1292 190/1293
f 223/1294 256/1295 224/1296
f 223/1297 222/1298 256/1299
f 199/1300 222/1301 223/1302
f 259/1303 257/1304 190/1305
f 225/1306 236/1307 226/1308
f 245/1309 215/1310 227/1311
f 243/1312 229/1313 164/1314
f 228/1315 215/1316 245/1317
f 188/1318 229/1319 243/1320
f 187/1321 229/1322 188/1323
f 230/1324 272/1325 234/1326
f 180/1327 235/1328 231/1329
f 230/1330 270/1331 272/1332
f 1023/1333 231/1334 220/1335
f 1023/1336 1008/1337 231/1338
f 201/1339 206/1340 185/1341
f 185/1342 206/1343 183/1344
f 225/1345 247/1346 192/1347
f 181/1348 182/1349 213/1350
f 181/1351 213/1352 298/1353
f 298/1354 213/1355 198/1356
f 208/1357 299/1358 196/1359
f 196/1360 299/1361 198/1362
f 299/1363 208/1364 200/1365
f 197/1366 217/1367 233/1368
f 233/1369 237/1370 196/1371
f 233/1372 234/1373 237/1374
f 213/1375 218/1376 198/1377
f 198/1378 218/1379 219/1380
f 182/1381 279/1382 137/1383
f 258/1384 259/1385 224/1386
f 224/1387 259/1388 190/1389
f 252/1390 235/1391 234/1392
f 252/1393 201/1394 235/1395
f 234/1396 235/1397 230/1398
f 230/1399 235/1400 180/1401
f 236/1402 225/1403 192/1404
f 216/1405 228/1406 193/1407
f 228/1408 232/1409 193/1410
f 226/1411 199/1412 225/1413
f 255/1414 226/1415 193/1416
f 199/1417 226/1418 255/1419
f 205/1420 237/1421 234/1422
f 232/1423 255/1424 193/1425
f 227/1426 254/1427 245/1428
f 180/1429 231/1430 1008/1431
f 258/1432 241/1433 238/1434
f 258/1435 188/1436 241/1437
f 242/1438 238/1439 241/1440
f 243/1441 241/1442 188/1443
f 239/1444 253/1445 211/1446
f 241/1447 243/1448 203/1449
f 240/1450 253/1451 244/1452
f 239/1453 221/1454 133/1455
f 244/1456 253/1457 155/1458
f 228/1459 245/1460 232/1461
f 211/1462 253/1463 254/1464
f 240/1465 254/1466 253/1467
f 205/1468 234/1469 272/1470
f 237/1471 208/1472 196/1473
f 205/1474 208/1475 237/1476
f 279/1477 181/1478 298/1479
f 246/1480 192/1481 194/1482
f 246/1483 236/1484 192/1485
f 236/1486 194/1487 193/1488
f 194/1489 236/1490 246/1491
f 448/1492 248/1493 249/1494
f 250/1495 248/1496 448/1497
f 453/1498 250/1499 448/1500
f 250/1501 179/1502 248/1503
f 251/1504 193/1505 194/1506
f 250/1507 453/1508 179/1509
f 233/1510 217/1511 251/1512
f 234/1513 233/1514 251/1515
f 252/1516 234/1517 251/1518
f 254/1519 240/1520 255/1521
f 255/1522 245/1523 254/1524
f 232/1525 245/1526 255/1527
f 240/1528 199/1529 255/1530
f 187/1531 256/1532 222/1533
f 240/1534 187/1535 222/1536
f 257/1537 259/1538 249/1539
f 199/1540 240/1541 222/1542
f 248/1543 257/1544 249/1545
f 260/1546 188/1547 258/1548
f 258/1549 224/1550 260/1551
f 259/1552 258/1553 249/1554
f 260/1555 256/1556 188/1557
f 224/1558 256/1559 260/1560
f 448/1561 249/1562 467/1563
f 153/1564 175/1565 154/1566
f 153/1567 2110/1568 175/1569
f 262/1570 2110/1571 153/1572
f 261/1573 267/1574 1254/1575
f 283/1576 1254/1577 267/1578
f 264/1579 266/1580 263/1581
f 2112/1582 265/1583 283/1584
f 266/1585 265/1586 2112/1587
f 283/1588 267/1589 2112/1590
f 2111/1591 2110/1592 262/1593
f 267/1594 261/1595 2112/1596
f 269/1597 268/1598 287/1599
f 268/1600 269/1601 263/1602
f 264/1603 263/1604 269/1605
f 265/1606 266/1607 286/1608
f 286/1609 266/1610 264/1611
f 286/1612 283/1613 265/1614
f 993/1615 271/1616 270/1617
f 271/1618 272/1619 270/1620
f 271/1621 281/1622 272/1623
f 274/1624 273/1625 295/1626
f 274/1627 276/1628 275/1629
f 276/1630 277/1631 291/1632
f 291/1633 278/1634 276/1635
f 278/1636 291/1637 300/1638
f 275/1639 280/1640 281/1641
f 168/1642 290/1643 262/1644
f 168/1645 262/1646 153/1647
f 282/1648 281/1649 271/1650
f 282/1651 273/1652 275/1653
f 285/1654 273/1655 282/1656
f 275/1657 281/1658 282/1659
f 273/1660 274/1661 275/1662
f 1254/1663 283/1664 284/1665
f 283/1666 286/1667 285/1668
f 284/1669 283/1670 285/1671
f 287/1672 268/1673 2111/1674
f 287/1675 2111/1676 290/1677
f 289/1678 292/1679 293/1680
f 290/1681 2111/1682 262/1683
f 293/1684 297/1685 289/1686
f 288/1687 287/1688 290/1689
f 289/1690 290/1691 177/1692
f 168/1693 177/1694 290/1695
f 277/1696 297/1697 291/1698
f 277/1699 289/1700 297/1701
f 290/1702 289/1703 288/1704
f 277/1705 288/1706 289/1707
f 289/1708 177/1709 292/1710
f 269/1711 287/1712 294/1713
f 296/1714 294/1715 295/1716
f 294/1717 288/1718 295/1719
f 295/1720 288/1721 274/1722
f 264/1723 294/1724 296/1725
f 294/1726 264/1727 269/1728
f 296/1729 295/1730 286/1731
f 285/1732 286/1733 295/1734
f 285/1735 295/1736 273/1737
f 264/1738 296/1739 286/1740
f 279/1741 298/1742 293/1743
f 298/1744 297/1745 293/1746
f 298/1747 198/1748 299/1749
f 298/1750 299/1751 300/1752
f 299/1753 278/1754 300/1755
f 274/1756 288/1757 277/1758
f 274/1759 277/1760 276/1761
f 337/1762 301/1763 142/1764
f 327/1765 372/1766 302/1767
f 384/1768 329/1769 316/1770
f 315/1771 316/1772 329/1773
f 384/1774 302/1775 330/1776
f 360/1777 305/1778 472/1779
f 306/1780 305/1781 385/1782
f 304/1783 359/1784 307/1785
f 377/1786 387/1787 338/1788
f 364/1789 375/1790 309/1791
f 303/1792 309/1793 349/1794
f 303/1795 352/1796 322/1797
f 350/1798 311/1799 310/1800
f 341/1801 312/1802 382/1803
f 312/1804 341/1805 365/1806
f 350/1807 312/1808 311/1809
f 312/1810 365/1811 313/1812
f 312/1813 313/1814 311/1815
f 310/1816 349/1817 308/1818
f 309/1819 308/1820 349/1821
f 313/1822 366/1823 335/1824
f 313/1825 347/1826 311/1827
f 321/1828 310/1829 308/1830
f 336/1831 331/1832 317/1833
f 315/1834 321/1835 308/1836
f 301/1837 317/1838 331/1839
f 140/1840 301/1841 331/1842
f 329/1843 320/1844 315/1845
f 320/1846 321/1847 315/1848
f 380/1849 321/1850 320/1851
f 380/1852 319/1853 382/1854
f 319/1855 380/1856 320/1857
f 343/1858 382/1859 319/1860
f 322/1861 364/1862 309/1863
f 309/1864 303/1865 322/1866
f 323/1867 340/1868 317/1869
f 352/1870 398/1871 322/1872
f 301/1873 323/1874 317/1875
f 323/1876 386/1877 324/1878
f 324/1879 386/1880 342/1881
f 301/1882 386/1883 323/1884
f 314/1885 316/1886 334/1887
f 302/1888 372/1889 325/1890
f 326/1891 370/1892 314/1893
f 314/1894 334/1895 326/1896
f 328/1897 325/1898 327/1899
f 329/1900 319/1901 320/1902
f 330/1903 319/1904 329/1905
f 328/1906 374/1907 373/1908
f 331/1909 332/1910 376/1911
f 362/1912 326/1913 334/1914
f 316/1915 333/1916 334/1917
f 370/1918 459/1919 383/1920
f 326/1921 459/1922 370/1923
f 328/1924 373/1925 325/1926
f 458/1927 326/1928 362/1929
f 366/1930 313/1931 365/1932
f 549/1933 313/1934 335/1935
f 347/1936 313/1937 549/1938
f 331/1939 336/1940 332/1941
f 336/1942 374/1943 332/1944
f 374/1945 336/1946 373/1947
f 338/1948 387/1949 339/1950
f 330/1951 325/1952 343/1953
f 330/1954 343/1955 319/1956
f 325/1957 330/1958 302/1959
f 343/1960 325/1961 373/1962
f 342/1963 341/1964 324/1965
f 343/1966 341/1967 382/1968
f 373/1969 317/1970 340/1971
f 317/1972 373/1973 336/1974
f 340/1975 343/1976 373/1977
f 351/1978 344/1979 517/1980
f 341/1981 343/1982 324/1983
f 388/1984 517/1985 344/1986
f 352/1987 344/1988 351/1989
f 344/1990 303/1991 388/1992
f 388/1993 303/1994 349/1995
f 303/1996 344/1997 352/1998
f 377/1999 356/2000 345/2001
f 348/2002 347/2003 346/2004
f 348/2005 311/2006 347/2007
f 346/2008 349/2009 348/2010
f 310/2011 348/2012 349/2013
f 350/2014 382/2015 312/2016
f 350/2017 379/2018 382/2019
f 351/2020 396/2021 398/2022
f 398/2023 352/2024 351/2025
f 370/2026 383/2027 371/2028
f 379/2029 350/2030 310/2031
f 316/2032 339/2033 333/2034
f 369/2035 334/2036 333/2037
f 306/2038 353/2039 435/2040
f 435/2041 472/2042 306/2043
f 358/2044 345/2045 356/2046
f 345/2047 358/2048 307/2049
f 356/2050 355/2051 357/2052
f 358/2053 356/2054 318/2055
f 356/2056 357/2057 318/2058
f 353/2059 385/2060 354/2061
f 354/2062 385/2063 357/2064
f 353/2065 354/2066 435/2067
f 385/2068 353/2069 306/2070
f 362/2071 359/2072 304/2073
f 369/2074 359/2075 362/2076
f 362/2077 334/2078 369/2079
f 472/2080 305/2081 306/2082
f 361/2083 304/2084 385/2085
f 305/2086 360/2087 385/2088
f 360/2089 361/2090 385/2091
f 362/2092 304/2093 361/2094
f 360/2095 362/2096 361/2097
f 360/2098 472/2099 362/2100
f 472/2101 458/2102 362/2103
f 322/2104 398/2105 364/2106
f 506/2107 396/2108 351/2109
f 398/2110 363/2111 364/2112
f 364/2113 363/2114 403/2115
f 364/2116 403/2117 375/2118
f 338/2119 308/2120 309/2121
f 367/2122 366/2123 365/2124
f 367/2125 365/2126 368/2127
f 367/2128 368/2129 386/2130
f 368/2131 342/2132 386/2133
f 368/2134 365/2135 341/2136
f 341/2137 342/2138 368/2139
f 369/2140 339/2141 387/2142
f 369/2143 387/2144 359/2145
f 359/2146 387/2147 307/2148
f 333/2149 339/2150 369/2151
f 367/2152 386/2153 378/2154
f 370/2155 316/2156 314/2157
f 384/2158 316/2159 370/2160
f 371/2161 384/2162 370/2163
f 371/2164 302/2165 384/2166
f 338/2167 339/2168 308/2169
f 315/2170 308/2171 316/2172
f 339/2173 316/2174 308/2175
f 340/2176 323/2177 324/2178
f 340/2179 324/2180 343/2181
f 309/2182 375/2183 338/2184
f 338/2185 375/2186 377/2187
f 331/2188 376/2189 140/2190
f 301/2191 337/2192 386/2193
f 367/2194 378/2195 638/2196
f 463/2197 327/2198 383/2199
f 403/2200 377/2201 375/2202
f 321/2203 380/2204 381/2205
f 381/2206 380/2207 382/2208
f 381/2209 382/2210 379/2211
f 379/2212 310/2213 381/2214
f 381/2215 310/2216 321/2217
f 372/2218 327/2219 325/2220
f 332/2221 238/2222 242/2223
f 302/2224 371/2225 327/2226
f 517/2227 506/2228 351/2229
f 374/2230 238/2231 332/2232
f 242/2233 376/2234 332/2235
f 242/2236 203/2237 376/2238
f 371/2239 383/2240 327/2241
f 301/2242 140/2243 142/2244
f 329/2245 384/2246 330/2247
f 307/2248 358/2249 385/2250
f 304/2251 307/2252 385/2253
f 318/2254 357/2255 385/2256
f 385/2257 358/2258 318/2259
f 377/2260 345/2261 387/2262
f 345/2263 307/2264 387/2265
f 349/2266 346/2267 388/2268
f 310/2269 311/2270 348/2271
f 355/2272 354/2273 357/2274
f 393/2275 404/2276 405/2277
f 394/2278 391/2279 570/2280
f 389/2281 571/2282 570/2283
f 392/2284 571/2285 389/2286
f 391/2287 389/2288 570/2289
f 392/2290 389/2291 393/2292
f 389/2293 391/2294 393/2295
f 391/2296 390/2297 393/2298
f 390/2299 48/2300 404/2301
f 394/2302 407/2303 391/2304
f 400/2305 578/2306 392/2307
f 402/2308 392/2309 393/2310
f 402/2311 400/2312 392/2313
f 409/2314 394/2315 410/2316
f 569/2317 121/2318 410/2319
f 403/2320 401/2321 402/2322
f 403/2323 402/2324 377/2325
f 395/2326 578/2327 397/2328
f 398/2329 396/2330 545/2331
f 411/2332 545/2333 396/2334
f 400/2335 397/2336 578/2337
f 397/2338 545/2339 395/2340
f 397/2341 399/2342 545/2343
f 397/2344 400/2345 399/2346
f 401/2347 399/2348 400/2349
f 545/2350 399/2351 363/2352
f 398/2353 545/2354 363/2355
f 363/2356 399/2357 403/2358
f 401/2359 403/2360 399/2361
f 402/2362 401/2363 400/2364
f 48/2365 441/2366 404/2367
f 404/2368 406/2369 405/2370
f 405/2371 406/2372 412/2373
f 406/2374 404/2375 441/2376
f 405/2377 402/2378 393/2379
f 404/2380 393/2381 390/2382
f 408/2383 407/2384 394/2385
f 408/2386 107/2387 407/2388
f 408/2389 409/2390 115/2391
f 410/2392 121/2393 115/2394
f 409/2395 410/2396 115/2397
f 394/2398 409/2399 408/2400
f 405/2401 412/2402 402/2403
f 356/2404 377/2405 402/2406
f 402/2407 355/2408 356/2409
f 355/2410 402/2411 412/2412
f 544/2413 542/2414 395/2415
f 506/2416 543/2417 396/2418
f 545/2419 544/2420 395/2421
f 544/2422 545/2423 411/2424
f 543/2425 411/2426 396/2427
f 354/2428 355/2429 412/2430
f 354/2431 412/2432 435/2433
f 435/2434 412/2435 406/2436
f 578/2437 574/2438 392/2439
f 390/2440 118/2441 48/2442
f 391/2443 118/2444 390/2445
f 444/2446 415/2447 449/2448
f 249/2449 258/2450 454/2451
f 446/2452 439/2453 440/2454
f 454/2455 258/2456 238/2457
f 414/2458 38/2459 1033/2460
f 424/2461 421/2462 446/2463
f 453/2464 475/2465 433/2466
f 436/2467 438/2468 415/2469
f 477/2470 455/2471 416/2472
f 415/2473 416/2474 436/2475
f 436/2476 416/2477 455/2478
f 455/2479 466/2480 436/2481
f 442/2482 431/2483 430/2484
f 425/2485 417/2486 432/2487
f 424/2488 437/2489 418/2490
f 416/2491 444/2492 477/2493
f 478/2494 476/2495 434/2496
f 422/2497 423/2498 419/2499
f 415/2500 423/2501 422/2502
f 449/2503 415/2504 422/2505
f 423/2506 415/2507 438/2508
f 418/2509 421/2510 424/2511
f 31/2512 446/2513 440/2514
f 425/2515 432/2516 424/2517
f 414/2518 425/2519 424/2520
f 449/2521 426/2522 427/2523
f 424/2524 432/2525 437/2526
f 1066/2527 430/2528 429/2529
f 429/2530 430/2531 431/2532
f 428/2533 429/2534 431/2535
f 420/2536 435/2537 439/2538
f 432/2539 419/2540 423/2541
f 423/2542 437/2543 432/2544
f 423/2545 438/2546 437/2547
f 419/2548 432/2549 417/2550
f 478/2551 443/2552 433/2553
f 443/2554 478/2555 434/2556
f 434/2557 476/2558 477/2559
f 435/2560 420/2561 472/2562
f 1057/2563 419/2564 417/2565
f 179/2566 453/2567 430/2568
f 466/2569 418/2570 436/2571
f 437/2572 436/2573 418/2574
f 438/2575 436/2576 437/2577
f 440/2578 439/2579 406/2580
f 406/2581 439/2582 435/2583
f 424/2584 38/2585 414/2586
f 421/2587 420/2588 439/2589
f 466/2590 420/2591 421/2592
f 421/2593 418/2594 466/2595
f 431/2596 445/2597 428/2598
f 1069/2599 445/2600 427/2601
f 1069/2602 428/2603 445/2604
f 1069/2605 427/2606 426/2607
f 441/2608 440/2609 406/2610
f 453/2611 433/2612 442/2613
f 442/2614 430/2615 453/2616
f 444/2617 443/2618 434/2619
f 434/2620 477/2621 444/2622
f 433/2623 443/2624 431/2625
f 416/2626 415/2627 444/2628
f 442/2629 433/2630 431/2631
f 443/2632 444/2633 445/2634
f 445/2635 444/2636 427/2637
f 427/2638 444/2639 449/2640
f 445/2641 431/2642 443/2643
f 421/2644 439/2645 446/2646
f 1041/2647 425/2648 414/2649
f 422/2650 426/2651 449/2652
f 482/2653 451/2654 447/2655
f 482/2656 467/2657 454/2658
f 451/2659 482/2660 461/2661
f 328/2662 462/2663 461/2664
f 482/2665 328/2666 461/2667
f 466/2668 450/2669 457/2670
f 453/2671 448/2672 452/2673
f 467/2674 452/2675 448/2676
f 454/2677 374/2678 482/2679
f 454/2680 467/2681 249/2682
f 466/2683 456/2684 420/2685
f 465/2686 456/2687 466/2688
f 458/2689 472/2690 456/2691
f 238/2692 374/2693 454/2694
f 484/2695 447/2696 451/2697
f 458/2698 456/2699 465/2700
f 457/2701 464/2702 466/2703
f 326/2704 458/2705 464/2706
f 465/2707 464/2708 458/2709
f 484/2710 459/2711 457/2712
f 457/2713 459/2714 464/2715
f 462/2716 460/2717 461/2718
f 462/2719 463/2720 460/2721
f 328/2722 327/2723 463/2724
f 383/2725 460/2726 463/2727
f 463/2728 462/2729 328/2730
f 459/2731 460/2732 383/2733
f 466/2734 464/2735 465/2736
f 326/2737 464/2738 459/2739
f 467/2740 468/2741 473/2742
f 471/2743 481/2744 470/2745
f 419/2746 426/2747 422/2748
f 450/2749 466/2750 455/2751
f 470/2752 473/2753 468/2754
f 469/2755 470/2756 468/2757
f 470/2758 469/2759 471/2760
f 469/2761 468/2762 447/2763
f 447/2764 468/2765 482/2766
f 468/2767 467/2768 482/2769
f 471/2770 469/2771 447/2772
f 476/2773 470/2774 481/2775
f 482/2776 374/2777 328/2778
f 472/2779 420/2780 456/2781
f 473/2782 470/2783 475/2784
f 473/2785 475/2786 474/2787
f 474/2788 467/2789 473/2790
f 467/2791 474/2792 452/2793
f 470/2794 478/2795 475/2796
f 453/2797 474/2798 475/2799
f 452/2800 474/2801 453/2802
f 481/2803 479/2804 477/2805
f 481/2806 477/2807 476/2808
f 470/2809 476/2810 478/2811
f 455/2812 477/2813 479/2814
f 433/2815 475/2816 478/2817
f 459/2818 483/2819 460/2820
f 450/2821 484/2822 457/2823
f 480/2824 484/2825 450/2826
f 480/2827 450/2828 455/2829
f 455/2830 479/2831 480/2832
f 481/2833 480/2834 479/2835
f 483/2836 461/2837 460/2838
f 461/2839 483/2840 451/2841
f 483/2842 484/2843 451/2844
f 471/2845 447/2846 484/2847
f 471/2848 484/2849 480/2850
f 471/2851 480/2852 481/2853
f 483/2854 459/2855 484/2856
f 538/2857 485/2858 486/2859
f 488/2860 520/2861 492/2862
f 485/2863 487/2864 486/2865
f 486/2866 487/2867 489/2868
f 488/2869 492/2870 490/2871
f 490/2872 487/2873 488/2874
f 487/2875 490/2876 491/2877
f 489/2878 487/2879 496/2880
f 487/2881 491/2882 496/2883
f 496/2884 491/2885 493/2886
f 490/2887 492/2888 494/2889
f 496/2890 495/2891 489/2892
f 496/2893 497/2894 495/2895
f 501/2896 516/2897 519/2898
f 541/2899 516/2900 501/2901
f 518/2902 501/2903 519/2904
f 501/2905 500/2906 541/2907
f 531/2908 501/2909 532/2910
f 518/2911 532/2912 501/2913
f 542/2914 500/2915 503/2916
f 502/2917 503/2918 500/2919
f 504/2920 505/2921 530/2922
f 531/2923 532/2924 529/2925
f 531/2926 530/2927 505/2928
f 501/2929 531/2930 500/2931
f 505/2932 500/2933 531/2934
f 502/2935 500/2936 505/2937
f 502/2938 505/2939 528/2940
f 509/2941 504/2942 507/2943
f 508/2944 510/2945 507/2946
f 504/2947 509/2948 505/2949
f 507/2950 512/2951 509/2952
f 528/2953 505/2954 509/2955
f 528/2956 509/2957 537/2958
f 511/2959 510/2960 508/2961
f 525/2962 514/2963 513/2964
f 495/2965 515/2966 524/2967
f 536/2968 502/2969 528/2970
f 536/2971 575/2972 503/2973
f 502/2974 536/2975 503/2976
f 519/2977 521/2978 527/2979
f 521/2980 519/2981 517/2982
f 519/2983 516/2984 517/2985
f 521/2986 517/2987 388/2988
f 388/2989 522/2990 521/2991
f 388/2992 347/2993 522/2994
f 503/2995 575/2996 576/2997
f 489/2998 526/2999 486/3000
f 486/3001 526/3002 538/3003
f 488/3004 485/3005 538/3006
f 521/3007 522/3008 527/3009
f 388/3010 346/3011 347/3012
f 518/3013 523/3014 532/3015
f 514/3016 525/3017 524/3018
f 525/3019 513/3020 532/3021
f 525/3022 532/3023 523/3024
f 526/3025 495/3026 524/3027
f 527/3028 523/3029 518/3030
f 524/3031 525/3032 527/3033
f 518/3034 519/3035 527/3036
f 527/3037 525/3038 523/3039
f 527/3040 526/3041 524/3042
f 495/3043 526/3044 489/3045
f 527/3046 522/3047 526/3048
f 507/3049 504/3050 530/3051
f 508/3052 531/3053 529/3054
f 508/3055 507/3056 531/3057
f 531/3058 507/3059 530/3060
f 513/3061 529/3062 532/3063
f 499/3064 534/3065 533/3066
f 528/3067 535/3068 499/3069
f 535/3070 528/3071 537/3072
f 536/3073 528/3074 499/3075
f 541/3076 500/3077 542/3078
f 541/3079 543/3080 516/3081
f 546/3082 541/3083 542/3084
f 546/3085 543/3086 541/3087
f 503/3088 578/3089 395/3090
f 542/3091 544/3092 546/3093
f 395/3094 542/3095 503/3096
f 506/3097 516/3098 543/3099
f 516/3100 506/3101 517/3102
f 411/3103 543/3104 546/3105
f 546/3106 544/3107 411/3108
f 575/3109 536/3110 499/3111
f 526/3112 522/3113 539/3114
f 538/3115 526/3116 539/3117
f 520/3118 623/3119 492/3120
f 547/3121 488/3122 538/3123
f 623/3124 520/3125 488/3126
f 538/3127 539/3128 547/3129
f 623/3130 488/3131 547/3132
f 522/3133 548/3134 539/3135
f 540/3136 547/3137 539/3138
f 548/3139 540/3140 539/3141
f 347/3142 548/3143 522/3144
f 335/3145 547/3146 548/3147
f 548/3148 547/3149 540/3150
f 347/3151 549/3152 548/3153
f 549/3154 335/3155 548/3156
f 335/3157 366/3158 547/3159
f 558/3160 569/3161 550/3162
f 550/3163 569/3164 410/3165
f 410/3166 394/3167 550/3168
f 550/3169 562/3170 558/3171
f 553/3172 556/3173 551/3174
f 575/3175 564/3176 577/3177
f 565/3178 552/3179 593/3180
f 554/3181 552/3182 565/3183
f 551/3184 552/3185 553/3186
f 554/3187 556/3188 553/3189
f 552/3190 554/3191 553/3192
f 555/3193 556/3194 554/3195
f 555/3196 563/3197 556/3198
f 563/3199 557/3200 556/3201
f 558/3202 562/3203 563/3204
f 555/3205 566/3206 558/3207
f 563/3208 555/3209 558/3210
f 566/3211 567/3212 120/3213
f 120/3214 567/3215 568/3216
f 566/3217 554/3218 565/3219
f 593/3220 552/3221 579/3222
f 555/3223 554/3224 566/3225
f 559/3226 557/3227 561/3228
f 557/3229 562/3230 561/3231
f 562/3232 557/3233 563/3234
f 569/3235 558/3236 121/3237
f 559/3238 574/3239 577/3240
f 577/3241 557/3242 559/3243
f 557/3244 564/3245 556/3246
f 593/3247 560/3248 565/3249
f 120/3250 558/3251 566/3252
f 560/3253 573/3254 568/3255
f 571/3256 574/3257 559/3258
f 559/3259 572/3260 571/3261
f 550/3262 561/3263 562/3264
f 572/3265 561/3266 550/3267
f 561/3268 572/3269 559/3270
f 394/3271 572/3272 550/3273
f 570/3274 571/3275 572/3276
f 577/3277 564/3278 557/3279
f 570/3280 572/3281 394/3282
f 568/3283 567/3284 560/3285
f 565/3286 567/3287 566/3288
f 560/3289 598/3290 573/3291
f 567/3292 565/3293 560/3294
f 577/3295 576/3296 575/3297
f 574/3298 576/3299 577/3300
f 578/3301 503/3302 576/3303
f 574/3304 578/3305 576/3306
f 574/3307 571/3308 392/3309
f 580/3310 581/3311 584/3312
f 584/3313 583/3314 582/3315
f 584/3316 582/3317 580/3318
f 599/3319 584/3320 581/3321
f 599/3322 586/3323 584/3324
f 584/3325 586/3326 588/3327
f 586/3328 599/3329 593/3330
f 589/3331 591/3332 587/3333
f 590/3334 591/3335 589/3336
f 590/3337 585/3338 591/3339
f 585/3340 592/3341 591/3342
f 586/3343 593/3344 588/3345
f 585/3346 594/3347 597/3348
f 585/3349 590/3350 594/3351
f 594/3352 590/3353 596/3354
f 594/3355 596/3356 595/3357
f 596/3358 590/3359 579/3360
f 589/3361 579/3362 590/3363
f 579/3364 589/3365 588/3366
f 593/3367 579/3368 588/3369
f 560/3370 593/3371 599/3372
f 599/3373 598/3374 560/3375
f 581/3376 598/3377 599/3378
f 601/3379 600/3380 551/3381
f 556/3382 601/3383 551/3384
f 552/3385 551/3386 600/3387
f 579/3388 552/3389 600/3390
f 600/3391 596/3392 579/3393
f 499/3394 564/3395 575/3396
f 499/3397 602/3398 564/3399
f 602/3400 499/3401 533/3402
f 602/3403 603/3404 564/3405
f 603/3406 601/3407 556/3408
f 603/3409 556/3410 564/3411
f 633/3412 606/3413 637/3414
f 609/3415 615/3416 608/3417
f 498/3418 492/3419 635/3420
f 608/3421 605/3422 643/3423
f 643/3424 605/3425 621/3426
f 607/3427 622/3428 621/3429
f 607/3430 621/3431 610/3432
f 610/3433 621/3434 605/3435
f 611/3436 630/3437 615/3438
f 617/3439 606/3440 607/3441
f 619/3442 616/3443 498/3444
f 619/3445 498/3446 617/3447
f 618/3448 619/3449 617/3450
f 622/3451 607/3452 606/3453
f 611/3454 609/3455 643/3456
f 607/3457 610/3458 617/3459
f 620/3460 622/3461 606/3462
f 622/3463 620/3464 621/3465
f 635/3466 637/3467 498/3468
f 498/3469 637/3470 617/3471
f 547/3472 366/3473 623/3474
f 623/3475 366/3476 367/3477
f 623/3478 367/3479 638/3480
f 627/3481 626/3482 612/3483
f 626/3484 627/3485 640/3486
f 378/3487 627/3488 612/3489
f 638/3490 378/3491 612/3492
f 639/3493 620/3494 628/3495
f 635/3496 492/3497 623/3498
f 640/3499 629/3500 626/3501
f 629/3502 613/3503 626/3504
f 612/3505 626/3506 613/3507
f 620/3508 633/3509 613/3510
f 629/3511 620/3512 613/3513
f 620/3514 640/3515 628/3516
f 620/3517 629/3518 640/3519
f 620/3520 606/3521 633/3522
f 647/3523 648/3524 632/3525
f 624/3526 628/3527 640/3528
f 614/3529 630/3530 632/3531
f 624/3532 640/3533 634/3534
f 625/3535 628/3536 624/3537
f 623/3538 613/3539 635/3540
f 632/3541 611/3542 643/3543
f 631/3544 624/3545 634/3546
f 635/3547 613/3548 633/3549
f 127/3550 2109/3551 636/3552
f 640/3553 627/3554 634/3555
f 627/3556 378/3557 634/3558
f 178/3559 631/3560 634/3561
f 637/3562 635/3563 633/3564
f 636/3565 648/3566 127/3567
f 606/3568 617/3569 637/3570
f 623/3571 638/3572 613/3573
f 613/3574 638/3575 612/3576
f 609/3577 608/3578 643/3579
f 643/3580 621/3581 642/3582
f 639/3583 642/3584 621/3585
f 639/3586 621/3587 620/3588
f 632/3589 630/3590 611/3591
f 631/3592 135/3593 624/3594
f 628/3595 625/3596 641/3597
f 647/3598 642/3599 641/3600
f 642/3601 639/3602 641/3603
f 646/3604 644/3605 647/3606
f 643/3607 642/3608 647/3609
f 639/3610 628/3611 641/3612
f 646/3613 647/3614 641/3615
f 645/3616 127/3617 648/3618
f 625/3619 624/3620 641/3621
f 641/3622 135/3623 132/3624
f 646/3625 641/3626 132/3627
f 644/3628 646/3629 645/3630
f 645/3631 646/3632 132/3633
f 643/3634 647/3635 632/3636
f 648/3637 647/3638 644/3639
f 645/3640 648/3641 644/3642
f 135/3643 641/3644 624/3645
f 492/3646 498/3647 494/3648
f 649/3649 652/3650 671/3651
f 671/3652 679/3653 760/3654
f 678/3655 667/3656 682/3657
f 654/3658 661/3659 655/3660
f 660/3661 667/3662 678/3663
f 655/3664 1957/3665 650/3666
f 657/3667 798/3668 661/3669
f 657/3670 797/3671 798/3672
f 655/3673 650/3674 654/3675
f 656/3676 654/3677 650/3678
f 765/3679 668/3680 658/3681
f 661/3682 658/3683 657/3684
f 767/3685 668/3686 765/3687
f 658/3688 661/3689 654/3690
f 659/3691 660/3692 771/3693
f 660/3694 678/3695 768/3696
f 655/3697 661/3698 800/3699
f 797/3700 653/3701 663/3702
f 678/3703 663/3704 653/3705
f 767/3706 653/3707 668/3708
f 664/3709 659/3710 666/3711
f 671/3712 760/3713 649/3714
f 665/3715 1165/3716 669/3717
f 664/3718 667/3719 659/3720
f 666/3721 760/3722 679/3723
f 659/3724 667/3725 660/3726
f 655/3727 1821/3728 1957/3729
f 655/3730 800/3731 1821/3732
f 767/3733 768/3734 653/3735
f 666/3736 679/3737 664/3738
f 678/3739 653/3740 768/3741
f 682/3742 797/3743 663/3744
f 672/3745 665/3746 669/3747
f 662/3748 666/3749 659/3750
f 662/3751 659/3752 771/3753
f 798/3754 800/3755 661/3756
f 668/3757 797/3758 657/3759
f 653/3760 797/3761 668/3762
f 668/3763 657/3764 658/3765
f 651/3766 665/3767 652/3768
f 665/3769 680/3770 652/3771
f 671/3772 652/3773 680/3774
f 675/3775 677/3776 670/3777
f 672/3778 677/3779 665/3780
f 672/3781 821/3782 677/3783
f 673/3784 674/3785 681/3786
f 679/3787 674/3788 664/3789
f 679/3790 681/3791 674/3792
f 665/3793 677/3794 673/3795
f 673/3796 677/3797 676/3798
f 673/3799 676/3800 674/3801
f 675/3802 674/3803 676/3804
f 677/3805 675/3806 676/3807
f 768/3808 771/3809 660/3810
f 679/3811 671/3812 680/3813
f 679/3814 680/3815 681/3816
f 665/3817 681/3818 680/3819
f 681/3820 665/3821 673/3822
f 663/3823 678/3824 682/3825
f 667/3826 664/3827 674/3828
f 674/3829 675/3830 667/3831
f 675/3832 670/3833 667/3834
f 768/3835 769/3836 771/3837
f 1290/3838 684/3839 683/3840
f 683/3841 684/3842 711/3843
f 754/3844 651/3845 652/3846
f 651/3847 754/3848 699/3849
f 700/3850 706/3851 699/3852
f 703/3853 689/3854 688/3855
f 688/3856 689/3857 687/3858
f 687/3859 690/3860 688/3861
f 689/3862 724/3863 687/3864
f 692/3865 690/3866 687/3867
f 690/3868 692/3869 691/3870
f 691/3871 695/3872 722/3873
f 695/3874 691/3875 694/3876
f 694/3877 691/3878 692/3879
f 696/3880 694/3881 692/3882
f 715/3883 695/3884 694/3885
f 692/3886 693/3887 696/3888
f 715/3889 694/3890 696/3891
f 715/3892 696/3893 1289/3894
f 699/3895 754/3896 702/3897
f 698/3898 702/3899 754/3900
f 702/3901 701/3902 699/3903
f 700/3904 699/3905 701/3906
f 718/3907 700/3908 720/3909
f 698/3910 703/3911 702/3912
f 690/3913 701/3914 702/3915
f 701/3916 722/3917 700/3918
f 702/3919 703/3920 688/3921
f 690/3922 722/3923 701/3924
f 700/3925 722/3926 720/3927
f 690/3928 702/3929 688/3930
f 722/3931 690/3932 691/3933
f 727/3934 1314/3935 704/3936
f 704/3937 1316/3938 693/3939
f 1205/3940 1204/3941 706/3942
f 705/3943 706/3944 1204/3945
f 699/3946 705/3947 651/3948
f 718/3949 1205/3950 706/3951
f 705/3952 699/3953 706/3954
f 700/3955 718/3956 706/3957
f 1205/3958 708/3959 1183/3960
f 708/3961 707/3962 1183/3963
f 1183/3964 707/3965 685/3966
f 708/3967 1205/3968 718/3969
f 709/3970 707/3971 1171/3972
f 718/3973 707/3974 708/3975
f 719/3976 707/3977 718/3978
f 731/3979 1171/3980 707/3981
f 695/3982 710/3983 722/3984
f 722/3985 710/3986 721/3987
f 714/3988 717/3989 732/3990
f 713/3991 714/3992 710/3993
f 711/3994 732/3995 717/3996
f 715/3997 713/3998 695/3999
f 713/4000 710/4001 695/4002
f 714/4003 713/4004 712/4005
f 712/4006 713/4007 1291/4008
f 716/4009 717/4010 714/4011
f 712/4012 716/4013 714/4014
f 715/4015 1289/4016 713/4017
f 717/4018 716/4019 1294/4020
f 717/4021 683/4022 711/4023
f 716/4024 712/4025 1291/4026
f 683/4027 717/4028 1294/4029
f 718/4030 720/4031 719/4032
f 720/4033 721/4034 719/4035
f 723/4036 719/4037 721/4038
f 731/4039 719/4040 723/4041
f 722/4042 721/4043 720/4044
f 714/4045 723/4046 721/4047
f 721/4048 710/4049 714/4050
f 714/4051 732/4052 723/4053
f 703/4054 753/4055 689/4056
f 753/4057 752/4058 725/4059
f 726/4060 724/4061 725/4062
f 689/4063 753/4064 725/4065
f 724/4066 692/4067 687/4068
f 726/4069 725/4070 727/4071
f 724/4072 726/4073 692/4074
f 689/4075 725/4076 724/4077
f 693/4078 726/4079 704/4080
f 726/4081 727/4082 704/4083
f 693/4084 692/4085 726/4086
f 703/4087 728/4088 753/4089
f 651/4090 1165/4091 665/4092
f 1165/4093 651/4094 729/4095
f 729/4096 651/4097 705/4098
f 705/4099 1204/4100 729/4101
f 685/4102 1113/4103 1183/4104
f 1113/4105 1205/4106 1183/4107
f 1172/4108 731/4109 730/4110
f 719/4111 731/4112 707/4113
f 731/4114 1172/4115 1171/4116
f 733/4117 697/4118 1167/4119
f 697/4120 1290/4121 1297/4122
f 727/4123 725/4124 752/4125
f 741/4126 1961/4127 749/4128
f 738/4129 735/4130 736/4131
f 742/4132 744/4133 738/4134
f 745/4135 740/4136 741/4137
f 735/4138 739/4139 751/4140
f 737/4141 745/4142 749/4143
f 1330/4144 740/4145 745/4146
f 740/4147 747/4148 741/4149
f 1301/4150 735/4151 744/4152
f 1301/4153 739/4154 735/4155
f 743/4156 742/4157 750/4158
f 1307/4159 742/4160 743/4161
f 1307/4162 744/4163 742/4164
f 741/4165 749/4166 745/4167
f 658/4168 654/4169 748/4170
f 1961/4171 741/4172 1958/4173
f 750/4174 742/4175 746/4176
f 738/4177 746/4178 742/4179
f 656/4180 1958/4181 747/4182
f 1958/4183 741/4184 747/4185
f 743/4186 750/4187 1330/4188
f 750/4189 766/4190 740/4191
f 748/4192 740/4193 766/4194
f 747/4195 740/4196 748/4197
f 654/4198 656/4199 747/4200
f 654/4201 747/4202 748/4203
f 1330/4204 750/4205 740/4206
f 744/4207 735/4208 738/4209
f 748/4210 766/4211 658/4212
f 750/4213 746/4214 766/4215
f 735/4216 751/4217 736/4218
f 749/4219 2102/4220 737/4221
f 1301/4222 744/4223 1307/4224
f 759/4225 752/4226 753/4227
f 770/4228 769/4229 746/4230
f 736/4231 751/4232 763/4233
f 662/4234 756/4235 763/4236
f 756/4237 736/4238 763/4239
f 666/4240 763/4241 755/4242
f 728/4243 760/4244 755/4245
f 760/4246 666/4247 755/4248
f 756/4249 662/4250 770/4251
f 758/4252 1326/4253 757/4254
f 758/4255 686/4256 752/4257
f 686/4258 758/4259 757/4260
f 746/4261 738/4262 756/4263
f 1326/4264 758/4265 739/4266
f 752/4267 759/4268 758/4269
f 758/4270 759/4271 761/4272
f 756/4273 770/4274 746/4275
f 761/4276 751/4277 758/4278
f 666/4279 662/4280 763/4281
f 662/4282 771/4283 770/4284
f 1326/4285 739/4286 1322/4287
f 649/4288 760/4289 698/4290
f 739/4291 758/4292 751/4293
f 760/4294 728/4295 703/4296
f 703/4297 698/4298 760/4299
f 698/4300 754/4301 649/4302
f 755/4303 762/4304 728/4305
f 759/4306 728/4307 762/4308
f 728/4309 759/4310 753/4311
f 764/4312 763/4313 761/4314
f 761/4315 759/4316 764/4317
f 764/4318 759/4319 762/4320
f 751/4321 761/4322 763/4323
f 763/4324 762/4325 755/4326
f 764/4327 762/4328 763/4329
f 649/4330 754/4331 652/4332
f 765/4333 766/4334 746/4335
f 746/4336 769/4337 765/4338
f 767/4339 765/4340 768/4341
f 769/4342 768/4343 765/4344
f 658/4345 766/4346 765/4347
f 727/4348 752/4349 686/4350
f 769/4351 770/4352 771/4353
f 736/4354 756/4355 738/4356
f 1858/4357 1851/4358 775/4359
f 774/4360 773/4361 775/4362
f 785/4363 792/4364 774/4365
f 774/4366 775/4367 776/4368
f 776/4369 785/4370 774/4371
f 775/4372 84/4373 1858/4374
f 784/4375 776/4376 1852/4377
f 84/4378 83/4379 77/4380
f 773/4381 84/4382 775/4383
f 785/4384 776/4385 784/4386
f 799/4387 785/4388 784/4389
f 1859/4390 805/4391 799/4392
f 782/4393 1859/4394 799/4395
f 792/4396 777/4397 786/4398
f 778/4399 780/4400 35/4401
f 790/4402 35/4403 780/4404
f 781/4405 1045/4406 772/4407
f 783/4408 772/4409 788/4410
f 772/4411 783/4412 781/4413
f 1851/4414 776/4415 775/4416
f 786/4417 790/4418 30/4419
f 799/4420 784/4421 782/4422
f 813/4423 783/4424 788/4425
f 812/4426 783/4427 813/4428
f 781/4429 783/4430 812/4431
f 1852/4432 776/4433 1851/4434
f 786/4435 787/4436 773/4437
f 30/4438 787/4439 786/4440
f 793/4441 789/4442 1045/4443
f 782/4444 1862/4445 1859/4446
f 784/4447 1852/4448 782/4449
f 782/4450 1852/4451 1862/4452
f 777/4453 792/4454 788/4455
f 772/4456 789/4457 788/4458
f 777/4459 788/4460 789/4461
f 790/4462 777/4463 789/4464
f 786/4465 774/4466 792/4467
f 786/4468 773/4469 774/4470
f 1045/4471 789/4472 772/4473
f 793/4474 35/4475 790/4476
f 793/4477 779/4478 35/4479
f 786/4480 777/4481 790/4482
f 788/4483 792/4484 791/4485
f 792/4486 785/4487 791/4488
f 793/4489 790/4490 789/4491
f 77/4492 81/4493 1858/4494
f 791/4495 785/4496 794/4497
f 802/4498 796/4499 785/4500
f 785/4501 796/4502 794/4503
f 1830/4504 808/4505 801/4506
f 815/4507 794/4508 804/4509
f 794/4510 796/4511 804/4512
f 785/4513 799/4514 802/4515
f 795/4516 807/4517 804/4518
f 807/4519 801/4520 808/4521
f 796/4522 795/4523 804/4524
f 797/4525 807/4526 798/4527
f 799/4528 803/4529 802/4530
f 805/4531 806/4532 803/4533
f 806/4534 1823/4535 801/4536
f 802/4537 795/4538 796/4539
f 802/4540 803/4541 795/4542
f 797/4543 804/4544 807/4545
f 804/4546 682/4547 815/4548
f 797/4549 682/4550 804/4551
f 1820/4552 806/4553 805/4554
f 807/4555 809/4556 806/4557
f 805/4558 803/4559 799/4560
f 807/4561 806/4562 801/4563
f 808/4564 1830/4565 1821/4566
f 800/4567 808/4568 1821/4569
f 798/4570 807/4571 808/4572
f 808/4573 800/4574 798/4575
f 803/4576 806/4577 809/4578
f 803/4579 809/4580 795/4581
f 807/4582 795/4583 809/4584
f 1831/4585 806/4586 1820/4587
f 810/4588 819/4589 811/4590
f 810/4591 811/4592 670/4593
f 815/4594 670/4595 811/4596
f 811/4597 819/4598 818/4599
f 811/4600 818/4601 815/4602
f 669/4603 1166/4604 814/4605
f 814/4606 672/4607 669/4608
f 1166/4609 669/4610 1165/4611
f 791/4612 813/4613 788/4614
f 815/4615 820/4616 794/4617
f 682/4618 816/4619 815/4620
f 791/4621 794/4622 820/4623
f 820/4624 813/4625 791/4626
f 813/4627 820/4628 817/4629
f 810/4630 670/4631 821/4632
f 813/4633 817/4634 812/4635
f 818/4636 817/4637 820/4638
f 818/4639 819/4640 817/4641
f 820/4642 815/4643 818/4644
f 682/4645 667/4646 816/4647
f 821/4648 670/4649 677/4650
f 667/4651 670/4652 816/4653
f 814/4654 812/4655 819/4656
f 812/4657 817/4658 819/4659
f 819/4660 810/4661 672/4662
f 821/4663 672/4664 810/4665
f 812/4666 814/4667 1166/4668
f 672/4669 814/4670 819/4671
f 670/4672 815/4673 816/4674
f 868/4675 846/4676 1023/4677
f 849/4678 847/4679 824/4680
f 849/4681 825/4682 827/4683
f 824/4684 825/4685 849/4686
f 842/4687 828/4688 824/4689
f 826/4690 1154/4691 949/4692
f 827/4693 826/4694 949/4695
f 826/4696 827/4697 835/4698
f 824/4699 828/4700 830/4701
f 825/4702 824/4703 830/4704
f 825/4705 831/4706 827/4707
f 831/4708 825/4709 830/4710
f 835/4711 827/4712 831/4713
f 835/4714 1142/4715 826/4716
f 842/4717 836/4718 828/4719
f 830/4720 835/4721 831/4722
f 828/4723 836/4724 830/4725
f 967/4726 843/4727 829/4728
f 836/4729 832/4730 830/4731
f 830/4732 832/4733 833/4734
f 830/4735 833/4736 835/4737
f 823/4738 822/4739 1001/4740
f 822/4741 855/4742 1002/4743
f 836/4744 845/4745 834/4746
f 834/4747 845/4748 840/4749
f 837/4750 840/4751 845/4752
f 850/4753 834/4754 840/4755
f 837/4756 838/4757 840/4758
f 840/4759 838/4760 839/4761
f 852/4762 840/4763 839/4764
f 842/4765 853/4766 836/4767
f 843/4768 848/4769 829/4770
f 844/4771 829/4772 842/4773
f 848/4774 843/4775 857/4776
f 857/4777 836/4778 853/4779
f 857/4780 845/4781 836/4782
f 845/4783 857/4784 856/4785
f 837/4786 845/4787 855/4788
f 858/4789 1007/4790 846/4791
f 853/4792 829/4793 848/4794
f 846/4795 996/4796 1023/4797
f 844/4798 824/4799 847/4800
f 827/4801 950/4802 849/4803
f 842/4804 829/4805 853/4806
f 950/4807 827/4808 949/4809
f 836/4810 834/4811 832/4812
f 832/4813 850/4814 833/4815
f 1136/4816 835/4817 1147/4818
f 832/4819 834/4820 850/4821
f 1147/4822 835/4823 833/4824
f 1147/4825 833/4826 851/4827
f 857/4828 853/4829 848/4830
f 851/4831 833/4832 850/4833
f 1133/4834 1147/4835 851/4836
f 850/4837 852/4838 851/4839
f 850/4840 840/4841 852/4842
f 1133/4843 851/4844 852/4845
f 1061/4846 1145/4847 852/4848
f 1145/4849 1133/4850 852/4851
f 824/4852 844/4853 842/4854
f 855/4855 845/4856 856/4857
f 856/4858 1002/4859 855/4860
f 856/4861 1019/4862 1002/4863
f 995/4864 856/4865 857/4866
f 856/4867 995/4868 1019/4869
f 843/4870 995/4871 857/4872
f 858/4873 846/4874 854/4875
f 1080/4876 863/4877 864/4878
f 859/4879 864/4880 854/4881
f 1080/4882 864/4883 1081/4884
f 1081/4885 864/4886 859/4887
f 854/4888 846/4889 859/4890
f 1109/4891 859/4892 846/4893
f 861/4894 1061/4895 862/4896
f 862/4897 860/4898 863/4899
f 863/4900 860/4901 864/4902
f 837/4903 865/4904 838/4905
f 837/4906 855/4907 865/4908
f 866/4909 838/4910 865/4911
f 867/4912 866/4913 865/4914
f 866/4915 839/4916 838/4917
f 855/4918 822/4919 823/4920
f 852/4921 839/4922 841/4923
f 865/4924 855/4925 823/4926
f 1061/4927 852/4928 841/4929
f 839/4930 866/4931 841/4932
f 865/4933 823/4934 867/4935
f 846/4936 868/4937 185/4938
f 1061/4939 841/4940 862/4941
f 854/4942 864/4943 860/4944
f 854/4945 867/4946 823/4947
f 854/4948 823/4949 858/4950
f 841/4951 866/4952 862/4953
f 867/4954 862/4955 866/4956
f 867/4957 854/4958 860/4959
f 862/4960 867/4961 860/4962
f 861/4963 862/4964 863/4965
f 869/4966 871/4967 872/4968
f 963/4969 958/4970 873/4971
f 879/4972 963/4973 872/4974
f 872/4975 876/4976 870/4977
f 879/4978 870/4979 878/4980
f 869/4981 872/4982 963/4983
f 870/4984 879/4985 872/4986
f 877/4987 945/4988 874/4989
f 884/4990 891/4991 947/4992
f 874/4993 947/4994 891/4995
f 921/4996 888/4997 889/4998
f 891/4999 1201/5000 874/5001
f 875/5002 890/5003 884/5004
f 884/5005 890/5006 891/5007
f 890/5008 875/5009 987/5010
f 987/5011 891/5012 890/5013
f 875/5014 988/5015 987/5016
f 1278/5017 1279/5018 892/5019
f 896/5020 1278/5021 892/5022
f 892/5023 937/5024 896/5025
f 892/5026 893/5027 895/5028
f 892/5029 897/5030 937/5031
f 893/5032 981/5033 895/5034
f 892/5035 895/5036 897/5037
f 894/5038 898/5039 1227/5040
f 898/5041 894/5042 896/5043
f 901/5044 844/5045 847/5046
f 1229/5047 898/5048 1230/5049
f 898/5050 896/5051 937/5052
f 898/5053 937/5054 900/5055
f 937/5056 1215/5057 900/5058
f 981/5059 938/5060 895/5061
f 900/5062 1230/5063 898/5064
f 1280/5065 980/5066 892/5067
f 904/5068 906/5069 905/5070
f 908/5071 906/5072 904/5073
f 918/5074 906/5075 908/5076
f 915/5077 912/5078 964/5079
f 964/5080 909/5081 957/5082
f 964/5083 912/5084 909/5085
f 910/5086 969/5087 899/5088
f 910/5089 899/5090 912/5091
f 899/5092 961/5093 912/5094
f 910/5095 912/5096 916/5097
f 905/5098 913/5099 907/5100
f 913/5101 905/5102 906/5103
f 907/5104 913/5105 914/5106
f 965/5107 914/5108 915/5109
f 916/5110 914/5111 913/5112
f 915/5113 914/5114 916/5115
f 918/5116 913/5117 906/5118
f 916/5119 912/5120 915/5121
f 908/5122 917/5123 918/5124
f 919/5125 916/5126 918/5127
f 919/5128 917/5129 979/5130
f 918/5131 917/5132 919/5133
f 948/5134 916/5135 919/5136
f 911/5137 899/5138 929/5139
f 911/5140 922/5141 899/5142
f 925/5143 911/5144 929/5145
f 910/5146 916/5147 948/5148
f 888/5149 921/5150 924/5151
f 887/5152 921/5153 962/5154
f 924/5155 920/5156 922/5157
f 924/5158 928/5159 930/5160
f 928/5161 924/5162 922/5163
f 920/5164 924/5165 921/5166
f 926/5167 928/5168 925/5169
f 976/5170 926/5171 927/5172
f 928/5173 911/5174 925/5175
f 930/5176 928/5177 926/5178
f 924/5179 923/5180 888/5181
f 925/5182 927/5183 926/5184
f 929/5185 927/5186 925/5187
f 887/5188 920/5189 921/5190
f 930/5191 886/5192 923/5193
f 930/5194 923/5195 924/5196
f 930/5197 931/5198 886/5199
f 928/5200 922/5201 911/5202
f 955/5203 907/5204 901/5205
f 901/5206 847/5207 955/5208
f 955/5209 905/5210 907/5211
f 1154/5212 933/5213 949/5214
f 949/5215 933/5216 934/5217
f 934/5218 933/5219 951/5220
f 935/5221 952/5222 934/5223
f 1215/5224 937/5225 943/5226
f 897/5227 943/5228 937/5229
f 938/5230 897/5231 895/5232
f 943/5233 897/5234 938/5235
f 939/5236 1215/5237 943/5238
f 938/5239 981/5240 942/5241
f 940/5242 944/5243 941/5244
f 945/5245 938/5246 942/5247
f 944/5248 946/5249 919/5250
f 943/5251 945/5252 939/5253
f 943/5254 938/5255 945/5256
f 942/5257 884/5258 947/5259
f 945/5260 942/5261 874/5262
f 946/5263 948/5264 919/5265
f 947/5266 874/5267 942/5268
f 949/5269 934/5270 952/5271
f 949/5272 952/5273 950/5274
f 950/5275 847/5276 849/5277
f 933/5278 1184/5279 951/5280
f 951/5281 935/5282 934/5283
f 935/5284 951/5285 953/5286
f 1184/5287 953/5288 951/5289
f 955/5290 847/5291 950/5292
f 955/5293 950/5294 954/5295
f 952/5296 954/5297 950/5298
f 952/5299 935/5300 954/5301
f 953/5302 954/5303 935/5304
f 954/5305 956/5306 955/5307
f 955/5308 956/5309 905/5310
f 961/5311 959/5312 909/5313
f 909/5314 959/5315 957/5316
f 958/5317 957/5318 959/5319
f 958/5320 963/5321 957/5322
f 958/5323 959/5324 960/5325
f 912/5326 961/5327 909/5328
f 887/5329 959/5330 961/5331
f 960/5332 959/5333 887/5334
f 899/5335 887/5336 961/5337
f 922/5338 920/5339 887/5340
f 960/5341 887/5342 962/5343
f 960/5344 962/5345 881/5346
f 887/5347 899/5348 922/5349
f 889/5350 881/5351 962/5352
f 974/5353 1286/5354 972/5355
f 889/5356 880/5357 881/5358
f 889/5359 962/5360 921/5361
f 963/5362 879/5363 957/5364
f 968/5365 884/5366 942/5367
f 979/5368 944/5369 919/5370
f 915/5371 964/5372 965/5373
f 965/5374 966/5375 914/5376
f 907/5377 914/5378 966/5379
f 901/5380 907/5381 966/5382
f 966/5383 965/5384 829/5385
f 829/5386 965/5387 964/5388
f 964/5389 977/5390 967/5391
f 967/5392 829/5393 964/5394
f 829/5395 844/5396 966/5397
f 901/5398 966/5399 844/5400
f 1269/5401 936/5402 1272/5403
f 972/5404 1286/5405 1271/5406
f 936/5407 1269/5408 970/5409
f 936/5410 972/5411 1272/5412
f 970/5413 976/5414 936/5415
f 941/5416 981/5417 902/5418
f 971/5419 941/5420 902/5421
f 940/5422 941/5423 971/5424
f 971/5425 973/5426 940/5427
f 971/5428 972/5429 973/5430
f 972/5431 971/5432 902/5433
f 974/5434 902/5435 893/5436
f 974/5437 972/5438 902/5439
f 1181/5440 883/5441 1184/5442
f 936/5443 976/5444 975/5445
f 976/5446 927/5447 929/5448
f 969/5449 975/5450 929/5451
f 973/5452 936/5453 975/5454
f 940/5455 973/5456 975/5457
f 899/5458 969/5459 929/5460
f 929/5461 975/5462 976/5463
f 957/5464 977/5465 964/5466
f 970/5467 932/5468 976/5469
f 968/5470 941/5471 944/5472
f 978/5473 976/5474 932/5475
f 968/5476 942/5477 941/5478
f 884/5479 944/5480 979/5481
f 968/5482 944/5483 884/5484
f 884/5485 979/5486 875/5487
f 988/5488 875/5489 979/5490
f 1279/5491 1280/5492 892/5493
f 1284/5494 974/5495 893/5496
f 980/5497 893/5498 892/5499
f 893/5500 980/5501 1284/5502
f 902/5503 981/5504 893/5505
f 932/5506 970/5507 1269/5508
f 942/5509 981/5510 941/5511
f 885/5512 932/5513 1269/5514
f 885/5515 882/5516 978/5517
f 932/5518 885/5519 978/5520
f 1184/5521 883/5522 982/5523
f 953/5524 1184/5525 982/5526
f 1214/5527 982/5528 883/5529
f 982/5530 983/5531 953/5532
f 953/5533 956/5534 954/5535
f 953/5536 983/5537 956/5538
f 984/5539 956/5540 983/5541
f 984/5542 904/5543 956/5544
f 905/5545 956/5546 904/5547
f 986/5548 983/5549 982/5550
f 984/5551 989/5552 904/5553
f 989/5554 984/5555 983/5556
f 985/5557 1214/5558 1207/5559
f 986/5560 982/5561 1214/5562
f 1214/5563 985/5564 986/5565
f 986/5566 989/5567 983/5568
f 986/5569 985/5570 987/5571
f 908/5572 904/5573 989/5574
f 891/5575 987/5576 1201/5577
f 985/5578 1201/5579 987/5580
f 986/5581 987/5582 988/5583
f 989/5584 917/5585 908/5586
f 958/5587 960/5588 990/5589
f 917/5590 988/5591 979/5592
f 988/5593 989/5594 986/5595
f 881/5596 990/5597 960/5598
f 978/5599 926/5600 976/5601
f 1272/5602 972/5603 1271/5604
f 917/5605 989/5606 988/5607
f 926/5608 978/5609 930/5610
f 991/5611 931/5612 930/5613
f 991/5614 930/5615 978/5616
f 886/5617 931/5618 903/5619
f 882/5620 991/5621 978/5622
f 882/5623 931/5624 991/5625
f 980/5626 1280/5627 1284/5628
f 992/5629 993/5630 270/5631
f 1025/5632 1000/5633 1024/5634
f 1025/5635 1014/5636 1000/5637
f 957/5638 1009/5639 977/5640
f 996/5641 1007/5642 997/5643
f 999/5644 998/5645 1015/5646
f 1238/5647 998/5648 999/5649
f 999/5650 1018/5651 1012/5652
f 1013/5653 1000/5654 1014/5655
f 1000/5656 994/5657 1004/5658
f 992/5659 994/5660 993/5661
f 993/5662 994/5663 1000/5664
f 1006/5665 1024/5666 1004/5667
f 1024/5668 1000/5669 1004/5670
f 1001/5671 822/5672 1002/5673
f 997/5674 1003/5675 1008/5676
f 1003/5677 1004/5678 994/5679
f 1004/5680 1003/5681 997/5682
f 997/5683 1006/5684 1004/5685
f 1018/5686 1019/5687 1012/5688
f 1008/5689 994/5690 1005/5691
f 1007/5692 1021/5693 997/5694
f 1021/5695 1007/5696 1022/5697
f 1007/5698 996/5699 846/5700
f 1019/5701 995/5702 1012/5703
f 282/5704 271/5705 993/5706
f 1013/5707 993/5708 1000/5709
f 1235/5710 1010/5711 1009/5712
f 1018/5713 999/5714 1011/5715
f 1012/5716 995/5717 1017/5718
f 1015/5719 1014/5720 1025/5721
f 1013/5722 282/5723 993/5724
f 1014/5725 1015/5726 998/5727
f 1001/5728 1018/5729 1020/5730
f 1019/5731 1001/5732 1002/5733
f 1018/5734 1001/5735 1019/5736
f 1020/5737 1022/5738 1007/5739
f 1018/5740 1011/5741 1020/5742
f 1017/5743 999/5744 1012/5745
f 843/5746 967/5747 1017/5748
f 967/5749 1016/5750 1017/5751
f 858/5752 823/5753 1020/5754
f 1001/5755 1020/5756 823/5757
f 1020/5758 1007/5759 858/5760
f 1024/5761 1006/5762 1021/5763
f 1003/5764 994/5765 1008/5766
f 1022/5767 1025/5768 1021/5769
f 1009/5770 879/5771 878/5772
f 879/5773 1009/5774 957/5775
f 1010/5776 1240/5777 1017/5778
f 1240/5779 999/5780 1017/5781
f 1017/5782 995/5783 843/5784
f 1010/5785 1016/5786 1009/5787
f 1238/5788 999/5789 1240/5790
f 1009/5791 1016/5792 977/5793
f 1008/5794 1023/5795 996/5796
f 992/5797 270/5798 1005/5799
f 1008/5800 996/5801 997/5802
f 992/5803 1005/5804 994/5805
f 1021/5806 1006/5807 997/5808
f 1010/5809 1017/5810 1016/5811
f 1025/5812 1022/5813 1011/5814
f 1025/5815 1011/5816 1015/5817
f 1011/5818 1022/5819 1020/5820
f 1015/5821 1011/5822 999/5823
f 1025/5824 1024/5825 1021/5826
f 1016/5827 967/5828 977/5829
f 1084/5830 1074/5831 1050/5832
f 1053/5833 1028/5834 1055/5835
f 1041/5836 417/5837 425/5838
f 1060/5839 1048/5840 1052/5841
f 1060/5842 1059/5843 1048/5844
f 426/5845 419/5846 1057/5847
f 1031/5848 1032/5849 779/5850
f 1047/5851 1034/5852 1035/5853
f 1158/5854 1162/5855 1039/5856
f 417/5857 1041/5858 1026/5859
f 1036/5860 1043/5861 1038/5862
f 1036/5863 1037/5864 1047/5865
f 1033/5866 1037/5867 1038/5868
f 1038/5869 1037/5870 1036/5871
f 1047/5872 1035/5873 1036/5874
f 1039/5875 1162/5876 1084/5877
f 1050/5878 1039/5879 1084/5880
f 1039/5881 1050/5882 1055/5883
f 1039/5884 1055/5885 1049/5886
f 1027/5887 1041/5888 1040/5889
f 1040/5890 1042/5891 1027/5892
f 1041/5893 1027/5894 1026/5895
f 1053/5896 1027/5897 1042/5898
f 1056/5899 1042/5900 1040/5901
f 1042/5902 1056/5903 1028/5904
f 1053/5905 1042/5906 1028/5907
f 1043/5908 1040/5909 1038/5910
f 1040/5911 1043/5912 1056/5913
f 793/5914 1045/5915 779/5916
f 1031/5917 779/5918 1045/5919
f 1030/5920 1031/5921 1045/5922
f 1046/5923 1044/5924 1034/5925
f 1045/5926 1044/5927 1030/5928
f 1044/5929 1059/5930 1034/5931
f 1045/5932 1059/5933 1044/5934
f 781/5935 812/5936 1048/5937
f 1031/5938 1030/5939 32/5940
f 1044/5941 1046/5942 1030/5943
f 1059/5944 1045/5945 781/5946
f 1047/5947 28/5948 1046/5949
f 1037/5950 28/5951 1047/5952
f 1046/5953 1034/5954 1047/5955
f 1049/5956 1052/5957 812/5958
f 1048/5959 812/5960 1052/5961
f 1049/5962 1055/5963 1052/5964
f 1158/5965 1039/5966 1049/5967
f 1074/5968 1051/5969 1050/5970
f 1050/5971 1051/5972 1053/5973
f 1060/5974 1052/5975 1029/5976
f 1054/5977 1028/5978 1029/5979
f 1054/5980 1055/5981 1028/5982
f 1054/5983 1052/5984 1055/5985
f 1053/5986 1055/5987 1050/5988
f 1053/5989 1026/5990 1027/5991
f 1041/5992 1038/5993 1040/5994
f 1057/5995 1026/5996 1053/5997
f 1057/5998 417/5999 1026/6000
f 1059/6001 1058/6002 1035/6003
f 1034/6004 1059/6005 1035/6006
f 1033/6007 1038/6008 1041/6009
f 414/6010 1033/6011 1041/6012
f 1054/6013 1029/6014 1052/6015
f 1036/6016 1029/6017 1028/6018
f 1058/6019 1059/6020 1060/6021
f 1060/6022 1029/6023 1058/6024
f 1029/6025 1036/6026 1058/6027
f 1028/6028 1056/6029 1043/6030
f 1051/6031 1057/6032 1053/6033
f 1028/6034 1043/6035 1036/6036
f 1036/6037 1035/6038 1058/6039
f 781/6040 1048/6041 1059/6042
f 1046/6043 32/6044 1030/6045
f 1095/6046 1077/6047 1083/6048
f 1083/6049 1077/6050 1063/6051
f 1063/6052 1077/6053 1062/6054
f 1086/6055 1061/6056 861/6057
f 1061/6058 1086/6059 1145/6060
f 1063/6061 1062/6062 1127/6063
f 1110/6064 1086/6065 1097/6066
f 1067/6067 413/6068 1066/6069
f 1104/6070 1067/6071 1066/6072
f 1105/6073 1065/6074 413/6075
f 1071/6076 1068/6077 1094/6078
f 1103/6079 1068/6080 1093/6081
f 1068/6082 1071/6083 1079/6084
f 1093/6085 1068/6086 1082/6087
f 1091/6088 429/6089 428/6090
f 413/6091 430/6092 1066/6093
f 1091/6094 428/6095 1099/6096
f 429/6097 1102/6098 1066/6099
f 1100/6100 1101/6101 1072/6102
f 1104/6103 1066/6104 1102/6105
f 1099/6106 1100/6107 1073/6108
f 1101/6109 1106/6110 1072/6111
f 1071/6112 1099/6113 1073/6114
f 1071/6115 1070/6116 1099/6117
f 1094/6118 1090/6119 1071/6120
f 1075/6121 1071/6122 1073/6123
f 1072/6124 1077/6125 1073/6126
f 1062/6127 1074/6128 1084/6129
f 863/6130 1080/6131 861/6132
f 1072/6133 1062/6134 1077/6135
f 1076/6136 1077/6137 1095/6138
f 1108/6139 202/6140 1082/6141
f 1075/6142 1077/6143 1076/6144
f 1076/6145 1078/6146 1079/6147
f 1075/6148 1076/6149 1079/6150
f 1076/6151 1086/6152 1078/6153
f 1095/6154 1083/6155 1096/6156
f 1082/6157 1080/6158 1081/6159
f 1078/6160 1086/6161 1080/6162
f 1127/6163 1084/6164 1162/6165
f 1141/6166 1086/6167 1110/6168
f 428/6169 1087/6170 1064/6171
f 426/6172 1087/6173 1069/6174
f 426/6175 1057/6176 1087/6177
f 1090/6178 1070/6179 1071/6180
f 1079/6181 1071/6182 1075/6183
f 1069/6184 1087/6185 428/6186
f 1084/6187 1127/6188 1062/6189
f 1092/6190 1110/6191 1097/6192
f 1089/6193 1096/6194 1088/6195
f 1096/6196 1089/6197 1092/6198
f 859/6199 1109/6200 1081/6201
f 1068/6202 1103/6203 1094/6204
f 1106/6205 1107/6206 1051/6207
f 1074/6208 1106/6209 1051/6210
f 1074/6211 1072/6212 1106/6213
f 1072/6214 1074/6215 1062/6216
f 202/6217 1085/6218 1082/6219
f 1108/6220 1082/6221 1081/6222
f 1076/6223 1095/6224 1096/6225
f 1076/6226 1097/6227 1086/6228
f 1097/6229 1076/6230 1096/6231
f 1092/6232 1097/6233 1096/6234
f 1073/6235 1077/6236 1075/6237
f 1086/6238 861/6239 1080/6240
f 1121/6241 1083/6242 1127/6243
f 1121/6244 1088/6245 1083/6246
f 428/6247 1064/6248 1100/6249
f 1099/6250 428/6251 1100/6252
f 1101/6253 1100/6254 1064/6255
f 1070/6256 1091/6257 1099/6258
f 1104/6259 1102/6260 1090/6261
f 1106/6262 1101/6263 1064/6264
f 1090/6265 1098/6266 1104/6267
f 1091/6268 1102/6269 429/6270
f 1102/6271 1091/6272 1070/6273
f 1090/6274 1102/6275 1070/6276
f 1063/6277 1127/6278 1083/6279
f 1100/6280 1072/6281 1073/6282
f 1088/6283 1096/6284 1083/6285
f 1078/6286 1082/6287 1068/6288
f 1068/6289 1079/6290 1078/6291
f 846/6292 185/6293 204/6294
f 1090/6295 1094/6296 1098/6297
f 1094/6298 1103/6299 1104/6300
f 1098/6301 1094/6302 1104/6303
f 1105/6304 1103/6305 1093/6306
f 1103/6307 1067/6308 1104/6309
f 1067/6310 1103/6311 413/6312
f 1082/6313 1085/6314 1093/6315
f 1085/6316 1105/6317 1093/6318
f 1065/6319 1105/6320 1085/6321
f 1103/6322 1105/6323 413/6324
f 1141/6325 1145/6326 1086/6327
f 1107/6328 1106/6329 1064/6330
f 1107/6331 1064/6332 1087/6333
f 1057/6334 1107/6335 1087/6336
f 1051/6337 1107/6338 1057/6339
f 1078/6340 1080/6341 1082/6342
f 204/6343 1109/6344 846/6345
f 1108/6346 1081/6347 204/6348
f 1109/6349 204/6350 1081/6351
f 1089/6352 1112/6353 1111/6354
f 1140/6355 1112/6356 1122/6357
f 1116/6358 1122/6359 1121/6360
f 1190/6361 1118/6362 1185/6363
f 1185/6364 1125/6365 1113/6366
f 1113/6367 1125/6368 1210/6369
f 1156/6370 1114/6371 1137/6372
f 1121/6373 1115/6374 1116/6375
f 1115/6376 1163/6377 1116/6378
f 1163/6379 1160/6380 1116/6381
f 1112/6382 1140/6383 1117/6384
f 1129/6385 1155/6386 1120/6387
f 1129/6388 1120/6389 1130/6390
f 1130/6391 1120/6392 1111/6393
f 1130/6394 1111/6395 1117/6396
f 1132/6397 1118/6398 1190/6399
f 1132/6400 1192/6401 1119/6402
f 1192/6403 1132/6404 1190/6405
f 1141/6406 1110/6407 1120/6408
f 1122/6409 1116/6410 1123/6411
f 1116/6412 1160/6413 1123/6414
f 1128/6415 1140/6416 1122/6417
f 1128/6418 1122/6419 1123/6420
f 1126/6421 1124/6422 1128/6423
f 1118/6424 1126/6425 1123/6426
f 1125/6427 1185/6428 1123/6429
f 1118/6430 1123/6431 1185/6432
f 1128/6433 1123/6434 1126/6435
f 1115/6436 1127/6437 1162/6438
f 1125/6439 1123/6440 1161/6441
f 1123/6442 1160/6443 1161/6444
f 1117/6445 1140/6446 1128/6447
f 1128/6448 1130/6449 1117/6450
f 1128/6451 1124/6452 1130/6453
f 1124/6454 1129/6455 1130/6456
f 1124/6457 1131/6458 1129/6459
f 1131/6460 1119/6461 1153/6462
f 1118/6463 1132/6464 1124/6465
f 1124/6466 1126/6467 1118/6468
f 1119/6469 1131/6470 1132/6471
f 1131/6472 1152/6473 1129/6474
f 1111/6475 1092/6476 1089/6477
f 1111/6478 1110/6479 1092/6480
f 1089/6481 1088/6482 1112/6483
f 1134/6484 1133/6485 1135/6486
f 1112/6487 1117/6488 1111/6489
f 1135/6490 1141/6491 1134/6492
f 1120/6493 1110/6494 1111/6495
f 1155/6496 1141/6497 1120/6498
f 1189/6499 933/6500 1138/6501
f 1189/6502 1138/6503 1188/6504
f 1149/6505 1138/6506 933/6507
f 1154/6508 1149/6509 933/6510
f 1133/6511 1134/6512 1147/6513
f 1188/6514 1151/6515 1153/6516
f 1153/6517 1156/6518 1137/6519
f 1153/6520 1137/6521 1188/6522
f 1143/6523 826/6524 1142/6525
f 1143/6526 1152/6527 1148/6528
f 1143/6529 1144/6530 1152/6531
f 1142/6532 1144/6533 1143/6534
f 1129/6535 1152/6536 1155/6537
f 1144/6538 1146/6539 1152/6540
f 1134/6541 1155/6542 1152/6543
f 1142/6544 1136/6545 1144/6546
f 1136/6547 1146/6548 1144/6549
f 1134/6550 1152/6551 1146/6552
f 1133/6553 1145/6554 1135/6555
f 1147/6556 1134/6557 1146/6558
f 1146/6559 1136/6560 1147/6561
f 1155/6562 1134/6563 1141/6564
f 1145/6565 1141/6566 1135/6567
f 1151/6568 1150/6569 1148/6570
f 1148/6571 1149/6572 1139/6573
f 1149/6574 1148/6575 1150/6576
f 1154/6577 826/6578 1149/6579
f 1188/6580 1150/6581 1151/6582
f 1188/6583 1138/6584 1150/6585
f 1150/6586 1138/6587 1149/6588
f 1136/6589 1142/6590 835/6591
f 1156/6592 1153/6593 1119/6594
f 1122/6595 1112/6596 1121/6597
f 1121/6598 1112/6599 1088/6600
f 1115/6601 1121/6602 1127/6603
f 1131/6604 1124/6605 1132/6606
f 1153/6607 1152/6608 1131/6609
f 1151/6610 1148/6611 1153/6612
f 1139/6613 1149/6614 826/6615
f 826/6616 1143/6617 1139/6618
f 1139/6619 1143/6620 1148/6621
f 1152/6622 1153/6623 1148/6624
f 1119/6625 1192/6626 1156/6627
f 1156/6628 1192/6629 1191/6630
f 1159/6631 1166/6632 1209/6633
f 1049/6634 812/6635 1157/6636
f 1158/6637 1157/6638 1159/6639
f 1166/6640 1159/6641 1157/6642
f 1209/6643 1161/6644 1159/6645
f 1161/6646 1160/6647 1159/6648
f 1158/6649 1159/6650 1164/6651
f 1210/6652 1125/6653 1161/6654
f 1115/6655 1162/6656 1163/6657
f 1160/6658 1163/6659 1162/6660
f 1212/6661 1209/6662 1165/6663
f 1162/6664 1158/6665 1164/6666
f 1164/6667 1160/6668 1162/6669
f 1158/6670 1049/6671 1157/6672
f 1159/6673 1160/6674 1164/6675
f 1165/6676 1209/6677 1166/6678
f 1166/6679 1157/6680 812/6681
f 729/6682 1212/6683 1165/6684
f 1210/6685 1161/6686 1209/6687
f 1169/6688 1219/6689 1168/6690
f 1167/6691 1231/6692 733/6693
f 1169/6694 733/6695 1231/6696
f 733/6697 1169/6698 1170/6699
f 1169/6700 1233/6701 1170/6702
f 1170/6703 1233/6704 1216/6705
f 1169/6706 1180/6707 1233/6708
f 1216/6709 1217/6710 1170/6711
f 1173/6712 1172/6713 1208/6714
f 1173/6715 1171/6716 1172/6717
f 1171/6718 1173/6719 1174/6720
f 1177/6721 1174/6722 1173/6723
f 1181/6724 1218/6725 883/6726
f 1177/6727 1173/6728 1176/6729
f 1176/6730 1191/6731 1177/6732
f 1202/6733 1178/6734 1172/6735
f 1172/6736 1178/6737 1179/6738
f 1178/6739 1175/6740 1179/6741
f 1199/6742 1202/6743 730/6744
f 1179/6745 1175/6746 1224/6747
f 730/6748 1202/6749 1172/6750
f 1179/6751 1196/6752 1208/6753
f 1208/6754 1172/6755 1179/6756
f 1223/6757 1218/6758 1182/6759
f 1218/6760 1181/6761 1182/6762
f 1221/6763 1186/6764 1191/6765
f 709/6766 1185/6767 685/6768
f 1177/6769 1185/6770 709/6771
f 1187/6772 1182/6773 1181/6774
f 685/6775 1185/6776 1113/6777
f 1186/6778 1221/6779 1182/6780
f 1187/6781 1181/6782 1184/6783
f 1188/6784 1182/6785 1187/6786
f 1177/6787 1190/6788 1185/6789
f 933/6790 1187/6791 1184/6792
f 1187/6793 933/6794 1189/6795
f 1189/6796 1188/6797 1187/6798
f 1186/6799 1156/6800 1191/6801
f 1186/6802 1137/6803 1114/6804
f 1137/6805 1186/6806 1182/6807
f 1137/6808 1182/6809 1188/6810
f 1113/6811 1210/6812 1205/6813
f 1156/6814 1186/6815 1114/6816
f 1221/6817 1223/6818 1182/6819
f 1222/6820 1221/6821 1191/6822
f 1222/6823 1191/6824 1176/6825
f 1177/6826 1191/6827 1190/6828
f 1191/6829 1192/6830 1190/6831
f 1177/6832 709/6833 1174/6834
f 709/6835 1171/6836 1174/6837
f 709/6838 685/6839 707/6840
f 1193/6841 1201/6842 985/6843
f 1193/6844 1206/6845 1194/6846
f 1211/6847 1196/6848 1194/6849
f 1168/6850 1197/6851 1180/6852
f 1197/6853 1168/6854 945/6855
f 877/6856 1200/6857 1198/6858
f 1224/6859 1198/6860 1200/6861
f 1197/6862 945/6863 877/6864
f 1200/6865 877/6866 1201/6867
f 1200/6868 1201/6869 1193/6870
f 1194/6871 1200/6872 1193/6873
f 1200/6874 1194/6875 1196/6876
f 1193/6877 1195/6878 1206/6879
f 1208/6880 1196/6881 1211/6882
f 1209/6883 1204/6884 1205/6885
f 1208/6886 1211/6887 1173/6888
f 1195/6889 1207/6890 1206/6891
f 1204/6892 1209/6893 1212/6894
f 1210/6895 1209/6896 1205/6897
f 1212/6898 729/6899 1204/6900
f 1206/6901 1211/6902 1194/6903
f 734/6904 1217/6905 1228/6906
f 1211/6907 1206/6908 1222/6909
f 1173/6910 1211/6911 1222/6912
f 945/6913 1215/6914 939/6915
f 945/6916 1168/6917 1215/6918
f 1219/6919 1215/6920 1168/6921
f 1207/6922 1218/6923 1220/6924
f 1206/6925 1207/6926 1220/6927
f 1206/6928 1221/6929 1222/6930
f 1206/6931 1220/6932 1221/6933
f 1214/6934 883/6935 1218/6936
f 1220/6937 1218/6938 1223/6939
f 1220/6940 1223/6941 1221/6942
f 1176/6943 1173/6944 1222/6945
f 877/6946 1198/6947 1197/6948
f 1201/6949 877/6950 874/6951
f 1224/6952 1196/6953 1179/6954
f 1175/6955 1178/6956 1203/6957
f 1196/6958 1224/6959 1200/6960
f 1203/6961 1178/6962 1202/6963
f 1199/6964 1203/6965 1202/6966
f 730/6967 1228/6968 1199/6969
f 1224/6970 1175/6971 1226/6972
f 1175/6973 1203/6974 1225/6975
f 1226/6976 1175/6977 1225/6978
f 1167/6979 1227/6980 1231/6981
f 1229/6982 1231/6983 1227/6984
f 1230/6985 1231/6986 1229/6987
f 1231/6988 1230/6989 1169/6990
f 1227/6991 1167/6992 1213/6993
f 900/6994 1219/6995 1230/6996
f 900/6997 1215/6998 1219/6999
f 1168/7000 1180/7001 1169/7002
f 1230/7003 1219/7004 1169/7005
f 1228/7006 1217/7007 1203/7008
f 1193/7009 985/7010 1195/7011
f 1195/7012 985/7013 1207/7014
f 1214/7015 1218/7016 1207/7017
f 1217/7018 1225/7019 1203/7020
f 1199/7021 1228/7022 1203/7023
f 1180/7024 1224/7025 1226/7026
f 1216/7027 1232/7028 1225/7029
f 1232/7030 1226/7031 1225/7032
f 1180/7033 1198/7034 1224/7035
f 1216/7036 1225/7037 1217/7038
f 1180/7039 1226/7040 1233/7041
f 1198/7042 1180/7043 1197/7044
f 730/7045 734/7046 1228/7047
f 1233/7048 1232/7049 1216/7050
f 1217/7051 734/7052 1170/7053
f 1233/7054 1226/7055 1232/7056
f 1229/7057 1227/7058 898/7059
f 1010/7060 1235/7061 1248/7062
f 1235/7063 1241/7064 1248/7065
f 1241/7066 1235/7067 1236/7068
f 1009/7069 878/7070 1236/7071
f 1236/7072 1235/7073 1009/7074
f 282/7075 1260/7076 1237/7077
f 282/7078 1237/7079 285/7080
f 1239/7081 1251/7082 1238/7083
f 1240/7084 1239/7085 1238/7086
f 1240/7087 1258/7088 1239/7089
f 1241/7090 1242/7091 1248/7092
f 1243/7093 1244/7094 1253/7095
f 1234/7096 1259/7097 1245/7098
f 1248/7099 1246/7100 1247/7101
f 1242/7102 1246/7103 1248/7104
f 1245/7105 1249/7106 1234/7107
f 1252/7108 1251/7109 1257/7110
f 1239/7111 1234/7112 1249/7113
f 1253/7114 1239/7115 1243/7116
f 1249/7117 1243/7118 1239/7119
f 1253/7120 1251/7121 1239/7122
f 261/7123 1254/7124 1262/7125
f 1251/7126 1253/7127 1261/7128
f 1261/7129 1253/7130 1250/7131
f 1264/7132 1254/7133 1263/7134
f 1262/7135 1254/7136 1264/7137
f 1254/7138 284/7139 1263/7140
f 1014/7141 1252/7142 1255/7143
f 1263/7144 284/7145 1256/7146
f 285/7147 1256/7148 284/7149
f 1251/7150 1252/7151 1238/7152
f 998/7153 1252/7154 1014/7155
f 998/7156 1238/7157 1252/7158
f 1240/7159 1010/7160 1258/7161
f 1258/7162 1259/7163 1234/7164
f 1258/7165 1010/7166 1259/7167
f 1234/7168 1239/7169 1258/7170
f 1259/7171 1010/7172 1247/7173
f 1010/7174 1248/7175 1247/7176
f 1260/7177 1014/7178 1255/7179
f 1237/7180 1260/7181 1255/7182
f 916/7183 913/7184 918/7185
f 1260/7186 282/7187 1013/7188
f 1237/7189 1256/7190 285/7191
f 1251/7192 1261/7193 1264/7194
f 1251/7195 1264/7196 1257/7197
f 1264/7198 1261/7199 1262/7200
f 1237/7201 1257/7202 1256/7203
f 1263/7204 1256/7205 1257/7206
f 1264/7207 1263/7208 1257/7209
f 1241/7210 1265/7211 1242/7212
f 1013/7213 1014/7214 1260/7215
f 1268/7216 1266/7217 1271/7218
f 885/7219 1269/7220 1267/7221
f 1286/7222 1270/7223 1268/7224
f 1286/7225 1268/7226 1271/7227
f 1271/7228 1267/7229 1272/7230
f 1271/7231 1266/7232 1267/7233
f 1267/7234 1269/7235 1272/7236
f 1274/7237 1167/7238 1298/7239
f 1167/7240 1273/7241 1213/7242
f 1276/7243 1273/7244 1274/7245
f 1167/7246 1274/7247 1273/7248
f 1275/7249 1213/7250 1273/7251
f 894/7252 1275/7253 1278/7254
f 894/7255 1278/7256 896/7257
f 1276/7258 1275/7259 1273/7260
f 1279/7261 1278/7262 1281/7263
f 1275/7264 1277/7265 1278/7266
f 1275/7267 1276/7268 1277/7269
f 1280/7270 1279/7271 1283/7272
f 1227/7273 1213/7274 894/7275
f 1277/7276 1281/7277 1278/7278
f 894/7279 1213/7280 1275/7281
f 1281/7282 1283/7283 1279/7284
f 1277/7285 1282/7286 1281/7287
f 1284/7288 1280/7289 1285/7290
f 1283/7291 1285/7292 1280/7293
f 974/7294 1284/7295 1286/7296
f 1287/7297 1284/7298 1285/7299
f 1287/7300 1286/7301 1284/7302
f 1287/7303 1270/7304 1286/7305
f 1298/7306 1167/7307 1297/7308
f 713/7309 1293/7310 1291/7311
f 1293/7312 713/7313 1289/7314
f 693/7315 1288/7316 696/7317
f 1292/7318 1293/7319 1289/7320
f 1295/7321 1294/7322 1291/7323
f 1293/7324 1295/7325 1291/7326
f 716/7327 1291/7328 1294/7329
f 1290/7330 683/7331 1296/7332
f 683/7333 1294/7334 1296/7335
f 1295/7336 1296/7337 1294/7338
f 1289/7339 696/7340 1288/7341
f 1299/7342 1298/7343 1297/7344
f 1297/7345 1167/7346 697/7347
f 1304/7348 1303/7349 1306/7350
f 1325/7351 1306/7352 1303/7353
f 1307/7354 1306/7355 1324/7356
f 1306/7357 1325/7358 1324/7359
f 1324/7360 1301/7361 1307/7362
f 1306/7363 1307/7364 743/7365
f 1308/7366 1310/7367 1309/7368
f 1327/7369 1309/7370 1326/7371
f 1326/7372 1309/7373 1310/7374
f 1308/7375 686/7376 757/7377
f 1308/7378 757/7379 1310/7380
f 1310/7381 757/7382 1326/7383
f 704/7384 1314/7385 1305/7386
f 1316/7387 1305/7388 1315/7389
f 1313/7390 693/7391 1311/7392
f 727/7393 686/7394 1314/7395
f 704/7396 1305/7397 1316/7398
f 1311/7399 693/7400 1316/7401
f 1313/7402 1311/7403 1312/7404
f 1314/7405 686/7406 1308/7407
f 1315/7408 1302/7409 1316/7410
f 1317/7411 1316/7412 1288/7413
f 1314/7414 1315/7415 1305/7416
f 1316/7417 1317/7418 1311/7419
f 1314/7420 1308/7421 1315/7422
f 1302/7423 1288/7424 1316/7425
f 737/7426 1331/7427 745/7428
f 737/7429 1318/7430 1331/7431
f 1319/7432 1321/7433 743/7434
f 743/7435 1321/7436 1306/7437
f 1322/7438 739/7439 1301/7440
f 1322/7441 1324/7442 1323/7443
f 1325/7444 1323/7445 1324/7446
f 1324/7447 1322/7448 1301/7449
f 1323/7450 1326/7451 1322/7452
f 1327/7453 1328/7454 1309/7455
f 1323/7456 1327/7457 1326/7458
f 1288/7459 693/7460 1317/7461
f 693/7462 1313/7463 1317/7464
f 1329/7465 1320/7466 1319/7467
f 1329/7468 1319/7469 1330/7470
f 1330/7471 1319/7472 743/7473
f 1329/7474 745/7475 1331/7476
f 1329/7477 1330/7478 745/7479
f 1332/7480 1358/7481 1333/7482
f 1341/7483 1345/7484 1338/7485
f 1333/7486 1335/7487 1346/7488
f 1338/7489 1358/7490 1341/7491
f 1336/7492 1342/7493 1351/7494
f 1337/7495 1336/7496 1351/7497
f 1340/7498 1347/7499 1385/7500
f 1340/7501 1385/7502 1375/7503
f 1350/7504 1338/7505 1345/7506
f 1350/7507 1348/7508 1338/7509
f 1342/7510 1340/7511 1355/7512
f 1342/7513 1355/7514 1351/7515
f 1344/7516 1347/7517 1343/7518
f 1333/7519 1346/7520 1332/7521
f 1345/7522 1341/7523 1396/7524
f 1347/7525 1344/7526 1352/7527
f 1340/7528 1343/7529 1347/7530
f 1343/7531 1340/7532 1357/7533
f 1335/7534 1333/7535 1342/7536
f 1335/7537 1342/7538 1354/7539
f 1371/7540 1348/7541 1349/7542
f 1348/7543 1350/7544 1349/7545
f 93/7546 1371/7547 1349/7548
f 93/7549 1349/7550 1401/7551
f 1350/7552 1401/7553 1349/7554
f 1356/7555 1655/7556 1337/7557
f 1353/7558 1356/7559 1337/7560
f 1384/7561 1347/7562 1352/7563
f 1384/7564 1352/7565 1365/7566
f 1354/7567 1342/7568 1336/7569
f 1351/7570 1355/7571 1353/7572
f 1337/7573 1656/7574 1336/7575
f 1351/7576 1353/7577 1337/7578
f 1375/7579 1355/7580 1340/7581
f 1340/7582 1342/7583 1333/7584
f 1358/7585 1357/7586 1333/7587
f 1333/7588 1357/7589 1340/7590
f 1353/7591 1379/7592 1356/7593
f 1384/7594 1385/7595 1347/7596
f 1357/7597 1358/7598 1343/7599
f 1358/7600 1344/7601 1343/7602
f 1358/7603 1339/7604 1344/7605
f 1339/7606 1352/7607 1344/7608
f 1338/7609 1339/7610 1358/7611
f 1358/7612 1332/7613 1334/7614
f 1341/7615 1358/7616 1334/7617
f 1359/7618 1364/7619 1362/7620
f 1361/7621 1362/7622 1364/7623
f 1360/7624 1359/7625 1362/7626
f 1362/7627 1361/7628 1360/7629
f 1360/7630 1363/7631 1369/7632
f 1360/7633 1367/7634 1363/7635
f 1365/7636 1352/7637 1339/7638
f 573/7639 1366/7640 122/7641
f 1339/7642 1370/7643 1365/7644
f 1469/7645 1364/7646 1359/7647
f 1365/7648 1368/7649 1361/7650
f 1469/7651 1359/7652 1366/7653
f 1360/7654 1361/7655 1368/7656
f 1363/7657 1367/7658 99/7659
f 1368/7660 1367/7661 1360/7662
f 1368/7663 1365/7664 1370/7665
f 1367/7666 1368/7667 1370/7668
f 1359/7669 1360/7670 1366/7671
f 122/7672 1366/7673 1369/7674
f 1360/7675 1369/7676 1366/7677
f 1370/7678 1339/7679 1338/7680
f 1370/7681 1338/7682 1348/7683
f 1371/7684 1367/7685 1370/7686
f 1370/7687 1348/7688 1371/7689
f 1379/7690 1380/7691 1373/7692
f 1373/7693 1372/7694 1383/7695
f 1373/7696 1383/7697 1374/7698
f 1376/7699 1649/7700 1377/7701
f 1378/7702 1376/7703 1374/7704
f 1374/7705 1376/7706 1377/7707
f 1373/7708 1374/7709 1377/7710
f 1380/7711 1375/7712 1372/7713
f 1353/7714 1355/7715 1380/7716
f 1380/7717 1379/7718 1353/7719
f 1372/7720 1373/7721 1380/7722
f 1373/7723 1377/7724 1379/7725
f 1355/7726 1375/7727 1380/7728
f 1378/7729 1381/7730 1376/7731
f 1378/7732 1382/7733 1381/7734
f 1384/7735 1372/7736 1375/7737
f 1372/7738 1384/7739 1361/7740
f 1361/7741 1383/7742 1372/7743
f 1383/7744 1364/7745 1480/7746
f 1384/7747 1375/7748 1385/7749
f 1365/7750 1361/7751 1384/7752
f 1383/7753 1361/7754 1364/7755
f 1644/7756 1399/7757 1387/7758
f 1388/7759 1386/7760 1399/7761
f 1399/7762 1390/7763 1387/7764
f 1341/7765 1395/7766 1387/7767
f 1387/7768 1390/7769 1341/7770
f 1341/7771 1390/7772 1396/7773
f 1390/7774 1393/7775 1396/7776
f 1392/7777 25/7778 4/7779
f 1393/7780 1390/7781 1394/7782
f 1393/7783 1394/7784 1392/7785
f 25/7786 1392/7787 1394/7788
f 93/7789 1389/7790 4/7791
f 1389/7792 1392/7793 4/7794
f 1389/7795 1396/7796 1393/7797
f 1393/7798 1392/7799 1389/7800
f 1391/7801 1398/7802 1400/7803
f 25/7804 1391/7805 1400/7806
f 1341/7807 1334/7808 1395/7809
f 25/7810 1394/7811 1391/7812
f 1394/7813 1390/7814 1391/7815
f 1398/7816 1416/7817 1400/7818
f 1396/7819 1389/7820 1402/7821
f 1397/7822 1391/7823 1390/7824
f 1396/7825 1350/7826 1345/7827
f 1644/7828 1395/7829 1425/7830
f 1425/7831 1395/7832 1332/7833
f 1397/7834 1390/7835 1399/7836
f 1386/7837 1398/7838 1391/7839
f 1386/7840 1391/7841 1397/7842
f 1346/7843 1425/7844 1332/7845
f 1397/7846 1399/7847 1386/7848
f 1644/7849 1387/7850 1395/7851
f 1402/7852 1389/7853 93/7854
f 93/7855 1401/7856 1402/7857
f 1334/7858 1332/7859 1395/7860
f 1396/7861 1402/7862 1350/7863
f 1401/7864 1350/7865 1402/7866
f 1408/7867 1633/7868 1403/7869
f 1403/7870 1413/7871 1408/7872
f 1406/7873 1412/7874 1405/7875
f 1405/7876 1407/7877 1406/7878
f 1833/7879 1406/7880 1832/7881
f 1407/7882 1405/7883 1408/7884
f 1410/7885 1832/7886 1403/7887
f 1409/7888 1398/7889 1386/7890
f 1398/7891 1409/7892 1416/7893
f 1836/7894 1412/7895 1833/7896
f 1412/7897 1406/7898 1833/7899
f 1413/7900 1407/7901 1408/7902
f 1414/7903 1410/7904 1403/7905
f 1410/7906 1414/7907 1639/7908
f 1633/7909 1414/7910 1403/7911
f 1416/7912 1417/7913 24/7914
f 1416/7915 1409/7916 1417/7917
f 1406/7918 1407/7919 1832/7920
f 1407/7921 1413/7922 1832/7923
f 1413/7924 1403/7925 1832/7926
f 1409/7927 1404/7928 1417/7929
f 1405/7930 1417/7931 1404/7932
f 1412/7933 1417/7934 1405/7935
f 1412/7936 75/7937 1417/7938
f 1405/7939 1404/7940 1408/7941
f 1409/7942 1386/7943 1418/7944
f 1418/7945 1419/7946 1409/7947
f 1419/7948 1404/7949 1409/7950
f 1404/7951 1419/7952 1408/7953
f 1419/7954 1415/7955 1633/7956
f 1419/7957 1418/7958 1415/7959
f 1408/7960 1419/7961 1633/7962
f 1415/7963 1643/7964 1633/7965
f 24/7966 1417/7967 75/7968
f 1415/7969 1388/7970 1643/7971
f 1388/7972 1418/7973 1386/7974
f 1415/7975 1418/7976 1388/7977
f 1354/7978 1642/7979 1424/7980
f 1422/7981 1420/7982 1421/7983
f 1425/7984 1422/7985 1644/7986
f 1335/7987 1354/7988 1423/7989
f 1422/7990 1421/7991 1411/7992
f 1422/7993 1411/7994 1643/7995
f 1354/7996 1424/7997 1423/7998
f 1421/7999 1424/8000 1615/8001
f 1424/8002 1421/8003 1420/8004
f 1423/8005 1420/8006 1422/8007
f 1346/8008 1335/8009 1423/8010
f 1424/8011 1420/8012 1423/8013
f 1423/8014 1425/8015 1346/8016
f 1421/8017 1615/8018 1411/8019
f 1422/8020 1425/8021 1423/8022
f 1376/8023 1426/8024 1488/8025
f 1488/8026 1426/8027 1433/8028
f 1490/8029 1376/8030 1488/8031
f 1429/8032 1426/8033 1374/8034
f 1435/8035 1430/8036 1479/8037
f 1430/8038 1435/8039 1431/8040
f 1479/8041 1477/8042 1435/8043
f 1428/8044 1479/8045 1430/8046
f 1429/8047 1428/8048 1431/8049
f 1483/8050 1477/8051 1472/8052
f 1433/8053 1432/8054 1427/8055
f 1435/8056 1432/8057 1431/8058
f 1434/8059 1426/8060 1429/8061
f 1433/8062 1426/8063 1434/8064
f 1429/8065 1432/8066 1434/8067
f 1432/8068 1433/8069 1434/8070
f 1426/8071 1378/8072 1374/8073
f 1556/8074 1427/8075 1435/8076
f 1431/8077 1432/8078 1429/8079
f 1427/8080 1432/8081 1435/8082
f 1429/8083 1374/8084 1383/8085
f 1556/8086 1435/8087 1437/8088
f 1381/8089 1426/8090 1376/8091
f 1483/8092 1437/8093 1477/8094
f 1436/8095 1556/8096 1437/8097
f 1383/8098 1475/8099 1429/8100
f 1429/8101 1475/8102 1428/8103
f 1437/8104 1435/8105 1477/8106
f 1431/8107 1428/8108 1430/8109
f 1557/8110 1436/8111 1437/8112
f 1437/8113 1442/8114 1557/8115
f 1442/8116 1437/8117 1483/8118
f 1426/8119 1381/8120 1378/8121
f 1439/8122 1441/8123 1438/8124
f 1473/8125 1439/8126 1438/8127
f 1459/8128 1441/8129 1439/8130
f 1557/8131 1446/8132 1447/8133
f 1445/8134 1446/8135 1440/8136
f 1440/8137 1446/8138 1557/8139
f 1443/8140 1445/8141 1444/8142
f 1440/8143 1442/8144 1445/8145
f 1442/8146 1449/8147 1445/8148
f 1473/8149 1462/8150 1439/8151
f 1446/8152 1443/8153 1447/8154
f 1446/8155 1445/8156 1443/8157
f 1438/8158 1441/8159 1451/8160
f 1449/8161 1450/8162 1448/8163
f 1442/8164 1438/8165 1449/8166
f 1438/8167 1450/8168 1449/8169
f 1451/8170 1441/8171 1448/8172
f 1450/8173 1451/8174 1448/8175
f 1450/8176 1438/8177 1451/8178
f 1442/8179 1440/8180 1557/8181
f 1453/8182 1456/8183 1452/8184
f 1454/8185 1452/8186 1456/8187
f 1452/8188 1454/8189 1468/8190
f 1455/8191 1454/8192 1456/8193
f 1456/8194 1458/8195 1455/8196
f 581/8197 580/8198 1457/8199
f 604/8200 1457/8201 580/8202
f 1457/8203 1453/8204 1471/8205
f 604/8206 1458/8207 1457/8208
f 1453/8209 1457/8210 1456/8211
f 1458/8212 1456/8213 1457/8214
f 1460/8215 1439/8216 1462/8217
f 1461/8218 1459/8219 1460/8220
f 1462/8221 1473/8222 1476/8223
f 1461/8224 1460/8225 1465/8226
f 1465/8227 1460/8228 1463/8229
f 1466/8230 1463/8231 1462/8232
f 1459/8233 1439/8234 1460/8235
f 1467/8236 1462/8237 1464/8238
f 1460/8239 1462/8240 1463/8241
f 1476/8242 1464/8243 1462/8244
f 1463/8245 1466/8246 1465/8247
f 1466/8248 1467/8249 1468/8250
f 1462/8251 1467/8252 1466/8253
f 1466/8254 1468/8255 1465/8256
f 1467/8257 1464/8258 1476/8259
f 1452/8260 1468/8261 1467/8262
f 1467/8263 1476/8264 1452/8265
f 1471/8266 598/8267 581/8268
f 1471/8269 1453/8270 1470/8271
f 581/8272 1457/8273 1471/8274
f 1452/8275 1470/8276 1453/8277
f 1471/8278 1470/8279 1469/8280
f 573/8281 598/8282 1469/8283
f 1471/8284 1469/8285 598/8286
f 1470/8287 1364/8288 1469/8289
f 1470/8290 1480/8291 1364/8292
f 1480/8293 1470/8294 1452/8295
f 573/8296 1469/8297 1366/8298
f 1472/8299 1473/8300 1474/8301
f 1474/8302 1438/8303 1472/8304
f 1476/8305 1472/8306 1482/8307
f 1480/8308 1452/8309 1476/8310
f 1475/8311 1478/8312 1479/8313
f 1478/8314 1477/8315 1479/8316
f 1482/8317 1472/8318 1477/8319
f 1478/8320 1482/8321 1481/8322
f 1475/8323 1482/8324 1478/8325
f 1478/8326 1481/8327 1477/8328
f 1480/8329 1475/8330 1383/8331
f 1482/8332 1477/8333 1481/8334
f 1475/8335 1480/8336 1476/8337
f 1472/8338 1476/8339 1473/8340
f 1475/8341 1476/8342 1482/8343
f 1483/8344 1438/8345 1442/8346
f 1483/8347 1472/8348 1438/8349
f 1475/8350 1479/8351 1428/8352
f 1473/8353 1438/8354 1474/8355
f 1503/8356 1504/8357 1492/8358
f 1486/8359 1427/8360 1556/8361
f 1376/8362 1490/8363 1489/8364
f 1433/8365 1427/8366 1486/8367
f 1500/8368 1487/8369 1486/8370
f 1486/8371 1487/8372 1433/8373
f 1433/8374 1487/8375 1488/8376
f 1490/8377 1487/8378 1484/8379
f 1493/8380 1539/8381 1496/8382
f 1496/8383 1539/8384 1541/8385
f 1491/8386 1541/8387 1661/8388
f 1494/8389 1491/8390 1661/8391
f 1661/8392 1485/8393 1494/8394
f 1496/8395 1491/8396 1493/8397
f 1491/8398 1496/8399 1541/8400
f 1498/8401 1504/8402 1497/8403
f 1503/8404 1492/8405 1499/8406
f 1492/8407 1500/8408 1499/8409
f 1489/8410 1484/8411 1647/8412
f 1494/8413 1647/8414 1484/8415
f 1495/8416 1491/8417 1501/8418
f 1503/8419 1499/8420 1486/8421
f 1501/8422 1491/8423 1494/8424
f 1501/8425 1500/8426 1495/8427
f 1487/8428 1501/8429 1494/8430
f 1497/8431 1504/8432 1502/8433
f 1499/8434 1500/8435 1486/8436
f 1493/8437 1504/8438 1498/8439
f 1504/8440 1493/8441 1492/8442
f 1504/8443 1503/8444 1502/8445
f 1495/8446 1492/8447 1493/8448
f 1493/8449 1491/8450 1495/8451
f 1500/8452 1501/8453 1487/8454
f 1490/8455 1484/8456 1489/8457
f 1490/8458 1488/8459 1487/8460
f 1500/8461 1492/8462 1495/8463
f 1487/8464 1494/8465 1484/8466
f 1519/8467 1572/8468 1505/8469
f 1507/8470 1506/8471 1531/8472
f 1525/8473 1508/8474 1524/8475
f 1525/8476 1526/8477 1508/8478
f 1506/8479 1512/8480 1518/8481
f 1506/8482 1520/8483 1512/8484
f 1507/8485 1520/8486 1506/8487
f 1514/8488 2113/8489 1515/8490
f 1515/8491 1518/8492 1514/8493
f 1515/8494 2113/8495 1532/8496
f 1532/8497 1518/8498 1515/8499
f 1506/8500 1518/8501 1532/8502
f 1516/8503 1514/8504 1518/8505
f 1517/8506 1506/8507 1532/8508
f 1518/8509 1509/8510 1516/8511
f 1531/8512 1506/8513 1517/8514
f 1551/8515 1523/8516 1522/8517
f 1513/8518 1522/8519 1512/8520
f 1519/8521 1520/8522 1507/8523
f 1512/8524 1520/8525 1513/8526
f 1513/8527 1520/8528 1519/8529
f 1519/8530 1505/8531 1513/8532
f 1519/8533 1507/8534 1511/8535
f 1575/8536 1521/8537 1522/8538
f 1509/8539 1521/8540 1510/8541
f 1521/8542 1509/8543 1512/8544
f 1512/8545 1522/8546 1521/8547
f 1509/8548 1518/8549 1512/8550
f 1522/8551 1523/8552 1575/8553
f 1551/8554 1522/8555 1524/8556
f 1524/8557 1508/8558 1551/8559
f 1513/8560 1524/8561 1522/8562
f 1529/8563 1525/8564 1524/8565
f 1502/8566 1526/8567 1533/8568
f 1525/8569 1529/8570 1526/8571
f 1524/8572 1505/8573 1529/8574
f 1572/8575 1565/8576 1535/8577
f 1505/8578 1524/8579 1513/8580
f 1527/8581 1528/8582 1517/8583
f 1533/8584 1529/8585 1535/8586
f 1533/8587 1526/8588 1529/8589
f 1572/8590 1535/8591 1505/8592
f 1529/8593 1505/8594 1535/8595
f 1563/8596 1528/8597 1530/8598
f 1528/8599 1531/8600 1517/8601
f 1507/8602 1531/8603 1528/8604
f 1511/8605 1507/8606 1528/8607
f 1511/8608 1528/8609 1563/8610
f 1528/8611 1527/8612 1530/8613
f 1545/8614 1567/8615 1746/8616
f 1533/8617 1565/8618 1546/8619
f 1546/8620 1565/8621 1536/8622
f 1536/8623 1565/8624 1534/8625
f 1535/8626 1565/8627 1533/8628
f 1546/8629 1536/8630 1542/8631
f 1537/8632 1536/8633 1534/8634
f 1540/8635 1536/8636 1537/8637
f 1538/8638 1543/8639 1545/8640
f 1545/8641 1548/8642 1538/8643
f 1549/8644 1542/8645 1540/8646
f 1498/8647 1546/8648 1549/8649
f 1549/8650 1546/8651 1542/8652
f 1571/8653 1537/8654 1534/8655
f 1543/8656 1539/8657 1540/8658
f 1543/8659 1538/8660 1539/8661
f 1540/8662 1542/8663 1536/8664
f 1545/8665 1543/8666 1540/8667
f 1541/8668 1538/8669 1661/8670
f 1502/8671 1533/8672 1547/8673
f 1498/8674 1549/8675 1539/8676
f 1747/8677 1538/8678 1548/8679
f 1546/8680 1547/8681 1533/8682
f 1548/8683 1545/8684 1746/8685
f 1544/8686 1545/8687 1540/8688
f 1540/8689 1537/8690 1544/8691
f 1567/8692 1545/8693 1566/8694
f 1566/8695 1545/8696 1544/8697
f 1539/8698 1549/8699 1540/8700
f 1538/8701 1541/8702 1539/8703
f 1497/8704 1502/8705 1547/8706
f 1546/8707 1498/8708 1497/8709
f 1498/8710 1539/8711 1493/8712
f 1546/8713 1497/8714 1547/8715
f 1537/8716 1566/8717 1544/8718
f 1551/8719 1576/8720 1523/8721
f 1551/8722 1562/8723 1578/8724
f 1553/8725 1561/8726 1552/8727
f 1552/8728 1502/8729 1553/8730
f 1502/8731 1552/8732 1526/8733
f 1553/8734 1502/8735 1503/8736
f 1486/8737 1553/8738 1503/8739
f 1558/8740 1561/8741 1553/8742
f 1553/8743 1557/8744 1558/8745
f 1555/8746 1560/8747 1577/8748
f 1578/8749 1576/8750 1551/8751
f 1554/8752 1577/8753 1560/8754
f 1447/8755 1550/8756 1557/8757
f 1552/8758 1562/8759 1508/8760
f 1508/8761 1526/8762 1552/8763
f 1556/8764 1553/8765 1486/8766
f 1556/8767 1436/8768 1557/8769
f 1557/8770 1553/8771 1556/8772
f 1550/8773 1582/8774 1558/8775
f 1557/8776 1550/8777 1558/8778
f 1559/8779 1554/8780 1560/8781
f 1558/8782 1582/8783 1559/8784
f 1552/8785 1561/8786 1560/8787
f 1561/8788 1559/8789 1560/8790
f 1559/8791 1561/8792 1558/8793
f 1560/8794 1555/8795 1562/8796
f 1562/8797 1552/8798 1560/8799
f 1562/8800 1555/8801 1578/8802
f 1551/8803 1508/8804 1562/8805
f 1569/8806 1563/8807 1564/8808
f 1569/8809 1564/8810 1586/8811
f 1568/8812 1570/8813 1569/8814
f 1568/8815 1569/8816 1566/8817
f 1537/8818 1568/8819 1566/8820
f 1537/8821 1571/8822 1568/8823
f 1573/8824 1587/8825 1567/8826
f 1565/8827 1572/8828 1519/8829
f 1571/8830 1570/8831 1568/8832
f 1574/8833 1519/8834 1570/8835
f 1573/8836 1566/8837 1569/8838
f 1573/8839 1567/8840 1566/8841
f 1573/8842 1569/8843 1586/8844
f 1511/8845 1563/8846 1569/8847
f 1530/8848 1564/8849 1563/8850
f 1574/8851 1565/8852 1519/8853
f 1571/8854 1574/8855 1570/8856
f 1749/8857 1567/8858 1587/8859
f 1574/8860 1534/8861 1565/8862
f 1571/8863 1534/8864 1574/8865
f 1570/8866 1511/8867 1569/8868
f 1519/8869 1511/8870 1570/8871
f 1578/8872 1555/8873 1577/8874
f 1550/8875 1447/8876 1579/8877
f 1581/8878 1579/8879 1580/8880
f 1550/8881 1579/8882 1581/8883
f 1581/8884 1582/8885 1550/8886
f 1554/8887 1583/8888 1577/8889
f 1509/8890 1510/8891 1516/8892
f 1575/8893 1510/8894 1521/8895
f 1584/8896 1514/8897 1516/8898
f 1587/8899 1585/8900 1766/8901
f 1564/8902 1530/8903 1588/8904
f 1587/8905 1589/8906 1585/8907
f 1573/8908 1589/8909 1587/8910
f 1585/8911 1588/8912 1530/8913
f 1589/8914 1588/8915 1585/8916
f 1589/8917 1586/8918 1588/8919
f 1589/8920 1573/8921 1586/8922
f 1564/8923 1588/8924 1586/8925
f 1527/8926 1517/8927 1532/8928
f 1598/8929 1594/8930 1591/8931
f 1700/8932 1683/8933 1592/8934
f 1592/8935 1604/8936 1700/8937
f 1604/8938 1597/8939 1700/8940
f 1590/8941 1593/8942 1598/8943
f 1590/8944 1598/8945 1602/8946
f 1598/8947 1593/8948 1600/8949
f 2066/8950 1594/8951 1595/8952
f 2066/8953 1596/8954 1594/8955
f 2067/8956 1594/8957 1596/8958
f 1597/8959 1614/8960 1623/8961
f 1684/8962 1592/8963 1683/8964
f 1592/8965 1593/8966 1590/8967
f 1593/8968 1592/8969 1684/8970
f 1600/8971 2066/8972 1595/8973
f 1603/8974 2066/8975 1600/8976
f 1591/8977 1594/8978 2067/8979
f 1599/8980 1616/8981 1614/8982
f 1616/8983 1599/8984 1601/8985
f 1602/8986 1598/8987 1614/8988
f 1598/8989 1599/8990 1614/8991
f 1600/8992 1595/8993 1598/8994
f 1598/8995 1595/8996 1594/8997
f 1603/8998 1600/8999 1593/9000
f 1604/9001 1592/9002 1590/9003
f 1602/9004 1614/9005 1597/9006
f 1597/9007 1604/9008 1602/9009
f 1590/9010 1602/9011 1604/9012
f 1411/9013 1615/9014 1601/9015
f 1424/9016 1612/9017 1615/9018
f 1615/9019 1612/9020 1613/9021
f 1609/9022 1607/9023 1610/9024
f 1610/9025 1608/9026 1609/9027
f 1610/9028 1606/9029 1611/9030
f 1610/9031 1607/9032 1606/9033
f 1611/9034 1617/9035 1613/9036
f 1611/9037 1612/9038 1610/9039
f 1610/9040 1612/9041 1608/9042
f 1612/9043 1642/9044 1608/9045
f 1613/9046 1612/9047 1611/9048
f 1617/9049 1616/9050 1613/9051
f 1614/9052 1616/9053 1623/9054
f 1616/9055 1615/9056 1613/9057
f 1615/9058 1616/9059 1601/9060
f 1623/9061 1616/9062 1605/9063
f 1616/9064 1617/9065 1605/9066
f 1617/9067 1611/9068 1622/9069
f 1611/9070 1606/9071 1632/9072
f 1617/9073 1622/9074 1605/9075
f 1632/9076 1622/9077 1611/9078
f 1618/9079 1619/9080 1634/9081
f 1620/9082 1601/9083 1599/9084
f 1591/9085 1619/9086 1618/9087
f 1598/9088 1620/9089 1599/9090
f 1620/9091 1598/9092 1591/9093
f 1620/9094 1618/9095 1634/9096
f 1601/9097 1620/9098 1411/9099
f 1591/9100 1618/9101 1620/9102
f 1411/9103 1620/9104 1634/9105
f 1628/9106 1605/9107 1621/9108
f 1706/9109 1597/9110 1693/9111
f 1705/9112 1699/9113 1626/9114
f 1626/9115 1627/9116 1705/9117
f 1621/9118 1624/9119 1628/9120
f 1625/9121 1624/9122 1630/9123
f 1621/9124 1605/9125 1622/9126
f 1624/9127 1621/9128 1631/9129
f 1628/9130 1624/9131 1627/9132
f 1628/9133 1626/9134 1693/9135
f 1629/9136 1731/9137 1624/9138
f 1627/9139 1626/9140 1628/9141
f 1624/9142 1731/9143 1627/9144
f 1625/9145 1630/9146 1631/9147
f 1631/9148 1630/9149 1624/9150
f 1623/9151 1605/9152 1597/9153
f 1700/9154 1597/9155 1706/9156
f 1632/9157 1606/9158 1669/9159
f 1605/9160 1628/9161 1597/9162
f 1597/9163 1628/9164 1693/9165
f 1631/9166 1621/9167 1622/9168
f 1632/9169 1631/9170 1622/9171
f 1629/9172 1624/9173 1625/9174
f 1633/9175 1643/9176 1640/9177
f 1634/9178 1619/9179 1635/9180
f 1635/9181 1637/9182 1641/9183
f 1640/9184 1643/9185 1636/9186
f 1635/9187 1619/9188 1638/9189
f 1639/9190 1641/9191 2046/9192
f 1637/9193 2046/9194 1641/9195
f 2046/9196 2048/9197 1639/9198
f 1414/9199 1633/9200 1639/9201
f 1640/9202 1636/9203 1641/9204
f 1640/9205 1641/9206 1639/9207
f 1640/9208 1639/9209 1633/9210
f 1634/9211 1635/9212 1636/9213
f 1636/9214 1635/9215 1641/9216
f 1411/9217 1636/9218 1643/9219
f 1634/9220 1636/9221 1411/9222
f 1388/9223 1399/9224 1644/9225
f 1388/9226 1644/9227 1643/9228
f 1422/9229 1643/9230 1644/9231
f 1642/9232 1354/9233 1608/9234
f 1642/9235 1612/9236 1424/9237
f 1377/9238 1649/9239 1650/9240
f 1652/9241 1646/9242 1658/9243
f 1649/9244 1489/9245 1651/9246
f 1379/9247 1646/9248 1652/9249
f 1489/9250 1649/9251 1376/9252
f 1650/9253 1658/9254 1646/9255
f 1485/9256 1648/9257 1647/9258
f 1651/9259 1489/9260 1648/9261
f 1651/9262 1665/9263 1649/9264
f 1650/9265 1646/9266 1377/9267
f 1647/9268 1494/9269 1485/9270
f 1648/9271 1489/9272 1647/9273
f 1649/9274 1665/9275 1650/9276
f 1658/9277 1663/9278 1652/9279
f 1379/9280 1377/9281 1646/9282
f 1656/9283 1337/9284 1655/9285
f 1743/9286 1657/9287 1715/9288
f 1657/9289 1654/9290 1652/9291
f 1743/9292 1653/9293 1657/9294
f 1356/9295 1379/9296 1654/9297
f 1652/9298 1654/9299 1379/9300
f 1678/9301 1656/9302 1655/9303
f 1654/9304 1655/9305 1356/9306
f 1654/9307 1657/9308 1653/9309
f 1655/9310 1673/9311 1678/9312
f 1654/9313 1673/9314 1655/9315
f 1660/9316 1648/9317 1485/9318
f 1662/9319 1659/9320 1660/9321
f 1662/9322 1660/9323 1747/9324
f 1660/9325 1661/9326 1538/9327
f 1538/9328 1747/9329 1660/9330
f 1762/9331 1723/9332 1663/9333
f 1648/9334 1660/9335 1659/9336
f 1723/9337 1657/9338 1663/9339
f 1651/9340 1648/9341 1668/9342
f 1665/9343 1651/9344 1668/9345
f 1665/9346 1668/9347 1666/9348
f 1661/9349 1660/9350 1485/9351
f 1663/9352 1657/9353 1652/9354
f 1658/9355 1666/9356 1663/9357
f 1650/9358 1666/9359 1658/9360
f 1667/9361 1664/9362 1666/9363
f 1662/9364 1664/9365 1667/9366
f 1668/9367 1648/9368 1659/9369
f 1668/9370 1659/9371 1662/9372
f 1668/9373 1667/9374 1666/9375
f 1668/9376 1662/9377 1667/9378
f 1663/9379 1666/9380 1664/9381
f 1762/9382 1663/9383 1664/9384
f 1666/9385 1650/9386 1665/9387
f 1662/9388 1750/9389 1664/9390
f 1671/9391 1672/9392 1653/9393
f 1670/9394 1669/9395 1606/9396
f 1631/9397 1632/9398 1669/9399
f 1673/9400 1672/9401 1677/9402
f 1675/9403 1672/9404 1671/9405
f 1677/9406 1609/9407 1645/9408
f 1670/9409 1672/9410 1669/9411
f 1743/9412 1742/9413 1653/9414
f 1671/9415 1674/9416 1675/9417
f 1671/9418 1653/9419 1742/9420
f 1674/9421 1669/9422 1675/9423
f 1677/9424 1672/9425 1670/9426
f 1607/9427 1609/9428 1677/9429
f 1670/9430 1607/9431 1677/9432
f 1673/9433 1654/9434 1653/9435
f 1672/9436 1673/9437 1653/9438
f 1669/9439 1672/9440 1675/9441
f 1606/9442 1607/9443 1670/9444
f 1336/9445 1676/9446 1354/9447
f 1645/9448 1676/9449 1677/9450
f 1656/9451 1678/9452 1676/9453
f 1656/9454 1676/9455 1336/9456
f 1676/9457 1608/9458 1354/9459
f 1678/9460 1673/9461 1677/9462
f 1676/9463 1678/9464 1677/9465
f 1676/9466 1645/9467 1608/9468
f 1608/9469 1645/9470 1609/9471
f 1702/9472 1703/9473 1680/9474
f 2018/9475 1688/9476 2016/9477
f 2018/9478 2020/9479 1688/9480
f 1690/9481 1683/9482 1702/9483
f 1679/9484 1692/9485 1691/9486
f 1691/9487 1702/9488 1680/9489
f 1684/9490 1683/9491 1690/9492
f 1679/9493 1686/9494 1685/9495
f 1686/9496 1679/9497 1691/9498
f 1691/9499 1680/9500 1686/9501
f 1679/9502 1688/9503 1692/9504
f 1688/9505 1679/9506 1689/9507
f 1682/9508 2016/9509 1689/9510
f 1681/9511 1688/9512 2020/9513
f 2020/9514 2069/9515 1681/9516
f 1692/9517 1687/9518 1690/9519
f 1687/9520 1684/9521 1690/9522
f 1687/9523 1681/9524 1684/9525
f 1603/9526 1593/9527 1681/9528
f 1692/9529 1690/9530 1691/9531
f 2069/9532 1603/9533 1681/9534
f 2016/9535 1688/9536 1689/9537
f 1701/9538 1683/9539 1700/9540
f 1690/9541 1702/9542 1691/9543
f 1688/9544 1681/9545 1687/9546
f 1692/9547 1688/9548 1687/9549
f 1684/9550 1681/9551 1593/9552
f 1693/9553 1699/9554 1706/9555
f 1699/9556 1698/9557 1701/9558
f 1626/9559 1699/9560 1693/9561
f 1702/9562 1683/9563 1701/9564
f 1706/9565 1701/9566 1700/9567
f 1706/9568 1699/9569 1701/9570
f 1701/9571 1698/9572 1702/9573
f 1694/9574 1703/9575 1702/9576
f 1704/9577 1705/9578 1732/9579
f 1705/9580 1704/9581 1711/9582
f 1698/9583 1699/9584 1711/9585
f 1711/9586 1699/9587 1705/9588
f 1708/9589 1785/9590 1696/9591
f 1708/9592 1696/9593 1713/9594
f 1732/9595 1785/9596 1708/9597
f 1695/9598 1698/9599 1711/9600
f 1698/9601 1695/9602 1694/9603
f 1732/9604 1705/9605 1731/9606
f 1708/9607 1709/9608 1732/9609
f 1627/9610 1731/9611 1705/9612
f 1709/9613 1708/9614 1710/9615
f 1709/9616 1704/9617 1732/9618
f 1709/9619 1711/9620 1704/9621
f 1711/9622 1710/9623 1695/9624
f 1711/9625 1709/9626 1710/9627
f 1698/9628 1694/9629 1702/9630
f 1712/9631 1708/9632 1713/9633
f 1696/9634 1697/9635 1713/9636
f 1707/9637 1712/9638 1713/9639
f 1707/9640 1708/9641 1712/9642
f 1708/9643 1707/9644 1710/9645
f 1695/9646 1710/9647 1707/9648
f 1723/9649 1720/9650 1717/9651
f 1744/9652 1721/9653 1737/9654
f 1719/9655 1728/9656 1726/9657
f 1756/9658 1725/9659 1728/9660
f 1729/9661 1716/9662 1777/9663
f 1716/9664 1728/9665 1719/9666
f 1721/9667 1723/9668 1717/9669
f 1729/9670 1721/9671 1717/9672
f 1723/9673 1721/9674 1722/9675
f 1725/9676 1718/9677 1726/9678
f 1729/9679 1717/9680 1759/9681
f 1727/9682 1721/9683 1724/9684
f 1725/9685 1726/9686 1728/9687
f 1756/9688 1729/9689 1759/9690
f 1753/9691 1764/9692 1718/9693
f 1753/9694 1718/9695 1725/9696
f 1727/9697 1722/9698 1721/9699
f 1724/9700 1721/9701 1744/9702
f 1728/9703 1716/9704 1756/9705
f 1716/9706 1729/9707 1756/9708
f 1721/9709 1729/9710 1737/9711
f 1720/9712 1761/9713 1717/9714
f 1780/9715 1777/9716 1716/9717
f 1723/9718 1762/9719 1720/9720
f 1715/9721 1657/9722 1723/9723
f 1745/9724 1727/9725 1724/9726
f 1727/9727 1715/9728 1722/9729
f 1745/9730 1715/9731 1727/9732
f 1722/9733 1715/9734 1723/9735
f 1716/9736 1719/9737 1780/9738
f 1674/9739 1631/9740 1669/9741
f 1730/9742 1732/9743 1731/9744
f 1674/9745 1738/9746 1739/9747
f 1671/9748 1742/9749 1674/9750
f 1625/9751 1734/9752 1733/9753
f 1625/9754 1733/9755 1629/9756
f 1625/9757 1631/9758 1674/9759
f 1733/9760 1734/9761 1739/9762
f 1783/9763 1730/9764 1741/9765
f 1730/9766 1783/9767 1779/9768
f 1741/9769 1735/9770 1783/9771
f 1732/9772 1730/9773 1779/9774
f 1783/9775 1735/9776 1782/9777
f 1733/9778 1736/9779 1741/9780
f 1739/9781 1734/9782 1674/9783
f 1733/9784 1741/9785 1730/9786
f 1734/9787 1625/9788 1674/9789
f 1733/9790 1739/9791 1736/9792
f 1731/9793 1629/9794 1733/9795
f 1733/9796 1730/9797 1731/9798
f 1742/9799 1715/9800 1745/9801
f 1742/9802 1745/9803 1738/9804
f 1674/9805 1742/9806 1738/9807
f 1739/9808 1738/9809 1740/9810
f 1744/9811 1740/9812 1738/9813
f 1736/9814 1744/9815 1774/9816
f 1739/9817 1740/9818 1736/9819
f 1737/9820 1774/9821 1744/9822
f 1736/9823 1774/9824 1741/9825
f 1741/9826 1774/9827 1735/9828
f 1743/9829 1715/9830 1742/9831
f 1745/9832 1744/9833 1738/9834
f 1745/9835 1724/9836 1744/9837
f 1744/9838 1736/9839 1740/9840
f 1775/9841 1735/9842 1774/9843
f 1746/9844 1751/9845 1747/9846
f 1746/9847 1747/9848 1548/9849
f 1749/9850 1748/9851 1746/9852
f 1751/9853 1746/9854 1748/9855
f 1748/9856 1749/9857 1765/9858
f 1662/9859 1769/9860 1750/9861
f 1747/9862 1769/9863 1662/9864
f 1747/9865 1751/9866 1769/9867
f 1746/9868 1567/9869 1749/9870
f 1725/9871 1756/9872 1752/9873
f 1748/9874 1765/9875 1755/9876
f 1752/9877 1764/9878 1753/9879
f 1759/9880 1754/9881 1756/9882
f 1752/9883 1754/9884 1755/9885
f 1758/9886 1761/9887 1768/9888
f 1756/9889 1754/9890 1752/9891
f 1769/9892 1758/9893 1750/9894
f 1761/9895 1759/9896 1717/9897
f 1760/9898 1758/9899 1769/9900
f 1755/9901 1760/9902 1751/9903
f 1762/9904 1761/9905 1720/9906
f 1755/9907 1765/9908 1752/9909
f 1765/9910 1749/9911 1757/9912
f 1766/9913 1764/9914 1763/9915
f 1587/9916 1766/9917 1757/9918
f 1760/9919 1754/9920 1759/9921
f 1759/9922 1761/9923 1758/9924
f 1750/9925 1758/9926 1768/9927
f 1767/9928 1750/9929 1768/9930
f 1758/9931 1760/9932 1759/9933
f 1757/9934 1766/9935 1763/9936
f 1757/9937 1749/9938 1587/9939
f 1768/9940 1762/9941 1767/9942
f 1762/9943 1768/9944 1761/9945
f 1751/9946 1760/9947 1769/9948
f 1764/9949 1752/9950 1763/9951
f 1755/9952 1754/9953 1760/9954
f 1753/9955 1725/9956 1752/9957
f 1757/9958 1763/9959 1765/9960
f 1765/9961 1763/9962 1752/9963
f 1767/9964 1762/9965 1664/9966
f 1767/9967 1664/9968 1750/9969
f 1748/9970 1755/9971 1751/9972
f 1770/9973 1771/9974 1781/9975
f 1770/9976 1787/9977 1714/9978
f 1770/9979 1714/9980 1771/9981
f 1787/9982 1773/9983 1780/9984
f 1787/9985 1775/9986 1773/9987
f 1775/9988 1774/9989 1773/9990
f 1786/9991 1771/9992 1772/9993
f 1776/9994 1714/9995 1787/9996
f 1780/9997 1737/9998 1729/9999
f 1780/10000 1729/10001 1777/10002
f 1780/10003 1773/10004 1774/10005
f 1780/10006 1774/10007 1737/10008
f 1781/10009 1782/10010 1775/10011
f 1735/10012 1775/10013 1782/10014
f 1783/10015 1782/10016 1781/10017
f 1784/10018 1778/10019 1783/10020
f 1786/10021 1781/10022 1771/10023
f 1786/10024 1778/10025 1784/10026
f 1697/10027 1785/10028 1786/10029
f 1696/10030 1785/10031 1697/10032
f 1781/10033 1784/10034 1783/10035
f 1784/10036 1781/10037 1786/10038
f 1719/10039 1776/10040 1780/10041
f 1775/10042 1787/10043 1770/10044
f 1780/10045 1776/10046 1787/10047
f 1786/10048 1785/10049 1778/10050
f 1779/10051 1778/10052 1785/10053
f 1732/10054 1779/10055 1785/10056
f 1770/10057 1781/10058 1775/10059
f 1783/10060 1778/10061 1779/10062
f 1799/10063 1788/10064 1792/10065
f 1790/10066 1791/10067 1792/10068
f 1792/10069 1788/10070 1804/10071
f 1789/10072 1791/10073 1790/10074
f 1793/10075 1791/10076 2090/10077
f 1793/10078 1792/10079 1791/10080
f 2090/10081 1791/10082 1789/10083
f 1792/10084 1793/10085 1799/10086
f 2084/10087 1801/10088 1798/10089
f 1803/10090 1795/10091 1796/10092
f 1802/10093 1807/10094 1800/10095
f 1803/10096 1796/10097 1900/10098
f 1798/10099 1799/10100 1793/10101
f 1800/10102 1799/10103 1798/10104
f 1790/10105 1792/10106 1804/10107
f 2097/10108 1802/10109 1801/10110
f 1801/10111 1802/10112 1806/10113
f 1790/10114 1794/10115 2095/10116
f 1802/10117 1800/10118 1806/10119
f 1793/10120 2084/10121 1798/10122
f 1814/10123 1799/10124 1800/10125
f 1804/10126 1795/10127 1803/10128
f 1803/10129 1790/10130 1804/10131
f 1802/10132 1951/10133 1807/10134
f 1814/10135 1797/10136 1805/10137
f 1795/10138 1788/10139 1805/10140
f 1795/10141 1805/10142 1796/10143
f 1814/10144 1805/10145 1788/10146
f 1788/10147 1795/10148 1804/10149
f 1796/10150 1805/10151 1797/10152
f 1800/10153 1798/10154 1806/10155
f 1801/10156 1806/10157 1798/10158
f 1799/10159 1814/10160 1788/10161
f 1814/10162 1800/10163 1807/10164
f 1808/10165 2105/10166 2097/10167
f 1794/10168 1790/10169 1803/10170
f 2097/10171 1801/10172 1808/10173
f 2084/10174 1808/10175 1801/10176
f 1810/10177 1813/10178 1817/10179
f 1810/10180 1977/10181 1987/10182
f 1810/10183 1881/10184 1813/10185
f 1865/10186 1813/10187 1881/10188
f 1954/10189 1809/10190 1817/10191
f 1810/10192 1987/10193 1871/10194
f 1810/10195 1871/10196 1881/10197
f 1810/10198 1809/10199 1977/10200
f 1817/10201 1809/10202 1810/10203
f 1865/10204 1811/10205 1813/10206
f 1812/10207 1813/10208 1811/10209
f 1819/10210 1812/10211 1811/10212
f 1815/10213 1945/10214 1796/10215
f 1807/10216 1817/10217 1814/10218
f 1796/10219 1797/10220 1815/10221
f 1814/10222 1816/10223 1797/10224
f 1812/10225 1816/10226 1817/10227
f 1816/10228 1814/10229 1817/10230
f 1815/10231 1818/10232 1819/10233
f 1807/10234 1951/10235 1817/10236
f 1815/10237 1819/10238 1945/10239
f 1812/10240 1817/10241 1813/10242
f 1816/10243 1818/10244 1815/10245
f 1816/10246 1815/10247 1797/10248
f 1818/10249 1816/10250 1812/10251
f 1818/10252 1812/10253 1819/10254
f 1820/10255 1853/10256 1831/10257
f 806/10258 1831/10259 1823/10260
f 1823/10261 1831/10262 1824/10263
f 1824/10264 1831/10265 1826/10266
f 1830/10267 1829/10268 1821/10269
f 1826/10270 1822/10271 1828/10272
f 1826/10273 1827/10274 1829/10275
f 2049/10276 1827/10277 1826/10278
f 1826/10279 1828/10280 1837/10281
f 2049/10282 1826/10283 1837/10284
f 1827/10285 1955/10286 1829/10287
f 1826/10288 1831/10289 1822/10290
f 1829/10291 1824/10292 1826/10293
f 1829/10294 1830/10295 1824/10296
f 1823/10297 1830/10298 801/10299
f 1823/10300 1824/10301 1830/10302
f 1828/10303 1825/10304 1837/10305
f 1822/10306 1831/10307 1853/10308
f 1828/10309 1864/10310 1825/10311
f 1825/10312 1848/10313 1849/10314
f 1844/10315 1833/10316 1843/10317
f 1843/10318 1833/10319 1832/10320
f 1833/10321 1856/10322 1836/10323
f 1834/10324 1845/10325 1847/10326
f 1845/10327 1834/10328 1835/10329
f 1838/10330 1835/10331 1844/10332
f 1838/10333 1841/10334 1835/10335
f 1844/10336 1835/10337 1834/10338
f 2050/10339 1841/10340 2044/10341
f 2050/10342 1839/10343 1841/10344
f 1846/10345 1842/10346 1840/10347
f 1842/10348 1845/10349 1840/10350
f 1840/10351 1845/10352 1835/10353
f 1841/10354 1840/10355 1835/10356
f 1840/10357 1841/10358 1839/10359
f 1843/10360 1832/10361 1410/10362
f 2048/10363 2047/10364 1410/10365
f 1410/10366 1639/10367 2048/10368
f 1846/10369 1840/10370 1837/10371
f 1839/10372 1837/10373 1840/10374
f 2047/10375 2044/10376 1410/10377
f 1848/10378 1846/10379 1849/10380
f 1825/10381 1846/10382 1837/10383
f 1410/10384 2044/10385 1843/10386
f 1839/10387 2049/10388 1837/10389
f 1846/10390 1825/10391 1849/10392
f 1843/10393 2044/10394 1838/10395
f 1838/10396 1844/10397 1843/10398
f 1845/10399 1842/10400 1846/10401
f 1848/10402 1845/10403 1846/10404
f 1838/10405 2044/10406 1841/10407
f 1848/10408 1847/10409 1845/10410
f 1828/10411 1822/10412 1864/10413
f 1848/10414 1825/10415 1864/10416
f 1853/10417 1820/10418 1855/10419
f 805/10420 1859/10421 1855/10422
f 1847/10423 1848/10424 1864/10425
f 1855/10426 1863/10427 1853/10428
f 1861/10429 1857/10430 1854/10431
f 1863/10432 1822/10433 1853/10434
f 1863/10435 1855/10436 1859/10437
f 1851/10438 1850/10439 1852/10440
f 1834/10441 1856/10442 1833/10443
f 1852/10444 1861/10445 1862/10446
f 1847/10447 1864/10448 1860/10449
f 1851/10450 1858/10451 1857/10452
f 1836/10453 1856/10454 1412/10455
f 1854/10456 1857/10457 1856/10458
f 1854/10459 1856/10460 1834/10461
f 1861/10462 1850/10463 1857/10464
f 1864/10465 1863/10466 1859/10467
f 1859/10468 1860/10469 1864/10470
f 1862/10471 1861/10472 1860/10473
f 1860/10474 1861/10475 1854/10476
f 1859/10477 1862/10478 1860/10479
f 1857/10480 75/10481 1856/10482
f 1863/10483 1864/10484 1822/10485
f 1844/10486 1834/10487 1833/10488
f 1854/10489 1847/10490 1860/10491
f 76/10492 1857/10493 1858/10494
f 1852/10495 1850/10496 1861/10497
f 1834/10498 1847/10499 1854/10500
f 1851/10501 1857/10502 1850/10503
f 1855/10504 1820/10505 805/10506
f 1867/10507 1879/10508 1941/10509
f 1869/10510 1875/10511 1884/10512
f 1884/10513 1875/10514 1868/10515
f 1879/10516 1867/10517 1878/10518
f 1941/10519 1879/10520 1949/10521
f 1811/10522 1865/10523 1883/10524
f 1942/10525 1869/10526 1884/10527
f 1880/10528 1877/10529 1873/10530
f 1872/10531 1880/10532 1873/10533
f 1874/10534 1819/10535 1883/10536
f 2007/10537 1868/10538 1875/10539
f 1942/10540 1874/10541 1869/10542
f 1869/10543 1874/10544 1883/10545
f 1881/10546 1866/10547 1865/10548
f 1867/10549 1882/10550 1876/10551
f 1929/10552 1877/10553 1990/10554
f 1878/10555 1993/10556 1879/10557
f 1994/10558 1879/10559 1993/10560
f 1867/10561 1876/10562 1878/10563
f 1949/10564 1879/10565 1872/10566
f 1880/10567 1879/10568 1994/10569
f 1879/10570 1880/10571 1872/10572
f 1877/10573 1880/10574 1994/10575
f 1871/10576 1870/10577 1875/10578
f 1866/10579 1871/10580 1875/10581
f 1949/10582 1872/10583 1947/10584
f 1881/10585 1871/10586 1866/10587
f 1868/10588 1876/10589 1884/10590
f 1866/10591 1875/10592 1883/10593
f 1869/10594 1883/10595 1875/10596
f 1865/10597 1866/10598 1883/10599
f 1876/10600 1882/10601 1884/10602
f 1947/10603 1873/10604 1939/10605
f 1941/10606 1949/10607 1946/10608
f 1884/10609 1882/10610 1942/10611
f 1947/10612 1872/10613 1873/10614
f 1994/10615 2001/10616 1877/10617
f 1819/10618 1811/10619 1883/10620
f 1886/10621 1918/10622 1887/10623
f 1918/10624 1885/10625 1887/10626
f 1898/10627 1886/10628 1925/10629
f 1898/10630 1888/10631 1886/10632
f 1889/10633 1920/10634 1921/10635
f 1920/10636 1889/10637 1794/10638
f 1922/10639 1894/10640 1891/10641
f 1803/10642 1920/10643 1794/10644
f 1922/10645 1897/10646 1896/10647
f 1924/10648 1885/10649 1917/10650
f 1921/10651 1891/10652 1889/10653
f 1921/10654 1922/10655 1891/10656
f 1796/10657 1945/10658 1900/10659
f 1892/10660 1894/10661 1893/10662
f 1897/10663 1915/10664 1923/10665
f 1895/10666 1898/10667 1890/10668
f 1910/10669 1919/10670 1899/10671
f 1899/10672 1890/10673 1910/10674
f 1944/10675 1894/10676 1896/10677
f 1902/10678 1904/10679 1936/10680
f 1918/10681 1886/10682 1888/10683
f 1898/10684 1925/10685 1890/10686
f 1893/10687 1903/10688 1892/10689
f 1906/10690 1936/10691 1901/10692
f 1936/10693 1904/10694 1912/10695
f 1912/10696 1904/10697 1903/10698
f 1905/10699 1936/10700 1906/10701
f 1902/10702 1936/10703 1905/10704
f 1905/10705 1906/10706 1907/10707
f 1905/10708 1907/10709 1902/10710
f 1909/10711 1902/10712 1907/10713
f 1924/10714 1909/10715 1907/10716
f 1924/10717 1917/10718 1909/10719
f 1891/10720 1894/10721 1910/10722
f 1894/10723 1935/10724 1893/10725
f 1894/10726 1944/10727 1935/10728
f 1911/10729 1892/10730 1903/10731
f 1894/10732 1892/10733 1911/10734
f 1914/10735 1911/10736 1903/10737
f 1911/10738 1919/10739 1894/10740
f 1932/10741 1912/10742 1913/10743
f 1906/10744 1901/10745 1908/10746
f 1924/10747 1906/10748 1908/10749
f 1902/10750 1914/10751 1904/10752
f 1909/10753 1914/10754 1902/10755
f 1794/10756 1889/10757 2080/10758
f 1913/10759 1903/10760 1893/10761
f 1912/10762 1903/10763 1913/10764
f 1893/10765 1937/10766 1913/10767
f 1914/10768 1903/10769 1904/10770
f 1803/10771 1900/10772 1915/10773
f 1889/10774 1891/10775 2079/10776
f 1923/10777 1915/10778 1900/10779
f 1917/10780 1916/10781 1909/10782
f 1917/10783 1918/10784 1916/10785
f 1918/10786 1917/10787 1885/10788
f 1888/10789 1916/10790 1918/10791
f 1888/10792 1898/10793 1895/10794
f 1919/10795 1916/10796 1895/10797
f 1919/10798 1895/10799 1899/10800
f 1921/10801 1915/10802 1897/10803
f 1897/10804 1922/10805 1921/10806
f 1915/10807 1920/10808 1803/10809
f 1920/10810 1915/10811 1921/10812
f 1944/10813 1896/10814 1897/10815
f 1888/10816 1895/10817 1916/10818
f 1895/10819 1890/10820 1899/10821
f 1900/10822 1943/10823 1923/10824
f 1924/10825 1908/10826 1887/10827
f 1911/10828 1914/10829 1909/10830
f 1911/10831 1909/10832 1916/10833
f 1911/10834 1916/10835 1919/10836
f 1885/10837 1924/10838 1887/10839
f 1919/10840 1910/10841 1894/10842
f 1896/10843 1894/10844 1922/10845
f 1794/10846 2080/10847 2095/10848
f 1913/10849 1937/10850 1932/10851
f 1946/10852 1935/10853 1933/10854
f 1929/10855 1939/10856 1873/10857
f 1944/10858 1933/10859 1935/10860
f 1930/10861 1934/10862 1931/10863
f 1930/10864 1936/10865 1934/10866
f 1934/10867 1939/10868 1929/10869
f 1934/10870 1927/10871 1931/10872
f 1936/10873 1912/10874 1934/10875
f 1927/10876 1929/10877 1992/10878
f 1877/10879 1929/10880 1873/10881
f 1929/10882 1927/10883 1934/10884
f 1927/10885 1992/10886 1926/10887
f 1939/10888 1932/10889 1937/10890
f 1939/10891 1938/10892 1932/10893
f 1939/10894 1934/10895 1938/10896
f 1934/10897 1932/10898 1938/10899
f 1912/10900 1932/10901 1934/10902
f 1935/10903 1946/10904 1928/10905
f 1937/10906 1947/10907 1939/10908
f 1901/10909 1936/10910 1930/10911
f 1893/10912 1935/10913 1937/10914
f 1947/10915 1937/10916 1935/10917
f 1944/10918 1897/10919 1948/10920
f 1946/10921 1933/10922 1941/10923
f 1943/10924 1874/10925 1950/10926
f 1900/10927 1945/10928 1943/10929
f 1948/10930 1940/10931 1944/10932
f 1940/10933 1933/10934 1944/10935
f 1941/10936 1933/10937 1940/10938
f 1950/10939 1874/10940 1942/10941
f 1897/10942 1923/10943 1948/10944
f 1948/10945 1923/10946 1950/10947
f 1940/10948 1867/10949 1941/10950
f 1948/10951 1882/10952 1940/10953
f 1940/10954 1882/10955 1867/10956
f 1949/10957 1928/10958 1946/10959
f 1949/10960 1947/10961 1928/10962
f 1882/10963 1948/10964 1942/10965
f 1948/10966 1950/10967 1942/10968
f 1943/10969 1819/10970 1874/10971
f 1943/10972 1945/10973 1819/10974
f 1943/10975 1950/10976 1923/10977
f 1947/10978 1935/10979 1928/10980
f 1955/10981 2077/10982 1952/10983
f 1963/10984 1960/10985 1952/10986
f 1954/10987 1817/10988 1963/10989
f 2077/10990 1963/10991 1952/10992
f 1952/10993 1953/10994 1956/10995
f 1954/10996 1963/10997 2077/10998
f 1817/10999 1951/11000 1963/11001
f 1955/11002 1956/11003 1829/11004
f 1957/11005 1829/11006 1956/11007
f 650/11008 1957/11009 1956/11010
f 1953/11011 1958/11012 656/11013
f 1955/11014 1952/11015 1956/11016
f 650/11017 1953/11018 656/11019
f 1953/11020 650/11021 1956/11022
f 1829/11023 1957/11024 1821/11025
f 1958/11026 1953/11027 1962/11028
f 1961/11029 1962/11030 1959/11031
f 2099/11032 1961/11033 1959/11034
f 1953/11035 1952/11036 1962/11037
f 2097/11038 1959/11039 1960/11040
f 1962/11041 1960/11042 1959/11043
f 1958/11044 1962/11045 1961/11046
f 1960/11047 1962/11048 1952/11049
f 1960/11050 1951/11051 1802/11052
f 1960/11053 1963/11054 1951/11055
f 2097/11056 1960/11057 1802/11058
f 1966/11059 1964/11060 2053/11061
f 1975/11062 2010/11063 1966/11064
f 1975/11065 1966/11066 1974/11067
f 1996/11068 1967/11069 1965/11070
f 1995/11071 1968/11072 1996/11073
f 1996/11074 1968/11075 1976/11076
f 1967/11077 1969/11078 1965/11079
f 1967/11080 1996/11081 1976/11082
f 1976/11083 1975/11084 1967/11085
f 1969/11086 1967/11087 1974/11088
f 1975/11089 1974/11090 1967/11091
f 1974/11092 2017/11093 1969/11094
f 1969/11095 2017/11096 1971/11097
f 2052/11098 1974/11099 2057/11100
f 1973/11101 1966/11102 2010/11103
f 1973/11104 1972/11105 1966/11106
f 2004/11107 1970/11108 1964/11109
f 1969/11110 1971/11111 1965/11112
f 1972/11113 1973/11114 2004/11115
f 1974/11116 2053/11117 2057/11118
f 2059/11119 2053/11120 1964/11121
f 2004/11122 1964/11123 1972/11124
f 1972/11125 1964/11126 1966/11127
f 1966/11128 2053/11129 1974/11130
f 1971/11131 2014/11132 1965/11133
f 1971/11134 2012/11135 2014/11136
f 1809/11137 1978/11138 1986/11139
f 1979/11140 1980/11141 1983/11142
f 1980/11143 1979/11144 1981/11145
f 1981/11146 1988/11147 1980/11148
f 1988/11149 1987/11150 1984/11151
f 1982/11152 1980/11153 1985/11154
f 1982/11155 1985/11156 1986/11157
f 1982/11158 1986/11159 1978/11160
f 1871/11161 1988/11162 1870/11163
f 1979/11164 2003/11165 1870/11166
f 1981/11167 1979/11168 1870/11169
f 1870/11170 2003/11171 2007/11172
f 1870/11173 2007/11174 1875/11175
f 1870/11176 1988/11177 1981/11178
f 2051/11179 1983/11180 2060/11181
f 2003/11182 1979/11183 1983/11184
f 1809/11185 1984/11186 1977/11187
f 1809/11188 1986/11189 1984/11190
f 1984/11191 1987/11192 1977/11193
f 1984/11194 1985/11195 1988/11196
f 1980/11197 1988/11198 1985/11199
f 1984/11200 1986/11201 1985/11202
f 1983/11203 1980/11204 2060/11205
f 1871/11206 1987/11207 1988/11208
f 1983/11209 1970/11210 2003/11211
f 1926/11212 1989/11213 2000/11214
f 2001/11215 1990/11216 1877/11217
f 1992/11218 1989/11219 1926/11220
f 1990/11221 1992/11222 1929/11223
f 1992/11224 1999/11225 1989/11226
f 1999/11227 2000/11228 1989/11229
f 1878/11230 1876/11231 1993/11232
f 1991/11233 1994/11234 1993/11235
f 1993/11236 1998/11237 1991/11238
f 1965/11239 1997/11240 1996/11241
f 1995/11242 1996/11243 2000/11244
f 2006/11245 1998/11246 1876/11247
f 1876/11248 1998/11249 1993/11250
f 1990/11251 1999/11252 1992/11253
f 1991/11254 1998/11255 2002/11256
f 1991/11257 2001/11258 1994/11259
f 2000/11260 1996/11261 1997/11262
f 1995/11263 2000/11264 1999/11265
f 1995/11266 1999/11267 1990/11268
f 2001/11269 2008/11270 1968/11271
f 1968/11272 1995/11273 2001/11274
f 2001/11275 1995/11276 1990/11277
f 2008/11278 1991/11279 2002/11280
f 1991/11281 2008/11282 2001/11283
f 2008/11284 2002/11285 2005/11286
f 2008/11287 1976/11288 1968/11289
f 2009/11290 2003/11291 2004/11292
f 2004/11293 1973/11294 2009/11295
f 1998/11296 2006/11297 2005/11298
f 2003/11299 2009/11300 2007/11301
f 2005/11302 1975/11303 2008/11304
f 2008/11305 1975/11306 1976/11307
f 2002/11308 1998/11309 2005/11310
f 2009/11311 2006/11312 1868/11313
f 2009/11314 1973/11315 2006/11316
f 1973/11317 2010/11318 2005/11319
f 1868/11320 2007/11321 2009/11322
f 2005/11323 2010/11324 1975/11325
f 1973/11326 2005/11327 2006/11328
f 2006/11329 1876/11330 1868/11331
f 2004/11332 2003/11333 1970/11334
f 1971/11335 2017/11336 2011/11337
f 2011/11338 2017/11339 2030/11340
f 2030/11341 2029/11342 2011/11343
f 2011/11344 2012/11345 1971/11346
f 2013/11347 2012/11348 2011/11349
f 2012/11350 2015/11351 2014/11352
f 2011/11353 2029/11354 2013/11355
f 2013/11356 2025/11357 2012/11358
f 2012/11359 2025/11360 2015/11361
f 2035/11362 2015/11363 2025/11364
f 2052/11365 2068/11366 2031/11367
f 2052/11368 2017/11369 1974/11370
f 2017/11371 2031/11372 2030/11373
f 2018/11374 2019/11375 2020/11376
f 2020/11377 2019/11378 2069/11379
f 2019/11380 2018/11381 2021/11382
f 2069/11383 2019/11384 2026/11385
f 2028/11386 2019/11387 2021/11388
f 2022/11389 2021/11390 2016/11391
f 2023/11392 2022/11393 2016/11394
f 2023/11395 2027/11396 2022/11397
f 2027/11398 2021/11399 2022/11400
f 2023/11401 2024/11402 2025/11403
f 2035/11404 2025/11405 2024/11406
f 2021/11407 2018/11408 2016/11409
f 2019/11410 2028/11411 2026/11412
f 2026/11413 2030/11414 2031/11415
f 2028/11416 2021/11417 2027/11418
f 2030/11419 2026/11420 2028/11421
f 2028/11422 2027/11423 2029/11424
f 2013/11425 2029/11426 2027/11427
f 2028/11428 2029/11429 2030/11430
f 2023/11431 2016/11432 1682/11433
f 2023/11434 2025/11435 2027/11436
f 2025/11437 2013/11438 2027/11439
f 2017/11440 2052/11441 2031/11442
f 1997/11443 2036/11444 2000/11445
f 2033/11446 2032/11447 2036/11448
f 1965/11449 2033/11450 1997/11451
f 2034/11452 2033/11453 2035/11454
f 2033/11455 2034/11456 2032/11457
f 1965/11458 2014/11459 2033/11460
f 2035/11461 2033/11462 2015/11463
f 1997/11464 2033/11465 2036/11466
f 2014/11467 2015/11468 2033/11469
f 2039/11470 2043/11471 2042/11472
f 2042/11473 2043/11474 2045/11475
f 1635/11476 2038/11477 1637/11478
f 2038/11479 1635/11480 1638/11481
f 1638/11482 2076/11483 2039/11484
f 2039/11485 2042/11486 1638/11487
f 2041/11488 2075/11489 2044/11490
f 2040/11491 2043/11492 2041/11493
f 2040/11494 2046/11495 2038/11496
f 2038/11497 2037/11498 2040/11499
f 2045/11500 2040/11501 2042/11502
f 2040/11503 2041/11504 2047/11505
f 2038/11506 2046/11507 1637/11508
f 2040/11509 2045/11510 2043/11511
f 2076/11512 1638/11513 1619/11514
f 2050/11515 2071/11516 2049/11517
f 1839/11518 2050/11519 2049/11520
f 2040/11521 2047/11522 2048/11523
f 2037/11524 2038/11525 2042/11526
f 2042/11527 2040/11528 2037/11529
f 2040/11530 2048/11531 2046/11532
f 1638/11533 2042/11534 2038/11535
f 2047/11536 2041/11537 2044/11538
f 2072/11539 2039/11540 2055/11541
f 2043/11542 2039/11543 2072/11544
f 1964/11545 1970/11546 2051/11547
f 2068/11548 2052/11549 2056/11550
f 2078/11551 2063/11552 2060/11553
f 2060/11554 2054/11555 2051/11556
f 2058/11557 2056/11558 2059/11559
f 2056/11560 2052/11561 2057/11562
f 2055/11563 2064/11564 2062/11565
f 2068/11566 2056/11567 2065/11568
f 2056/11569 2061/11570 2065/11571
f 2062/11572 2058/11573 2051/11574
f 2055/11575 2051/11576 2054/11577
f 2056/11578 2058/11579 2062/11580
f 2051/11581 2055/11582 2062/11583
f 2059/11584 2051/11585 2058/11586
f 2051/11587 2059/11588 1964/11589
f 2064/11590 2061/11591 2062/11592
f 2061/11593 2056/11594 2062/11595
f 2056/11596 2057/11597 2053/11598
f 2053/11599 2059/11600 2056/11601
f 2054/11602 2060/11603 2063/11604
f 2054/11605 2063/11606 2070/11607
f 2076/11608 2064/11609 2055/11610
f 2054/11611 2072/11612 2055/11613
f 2064/11614 2065/11615 2061/11616
f 2065/11617 2064/11618 2067/11619
f 2065/11620 2066/11621 2068/11622
f 2067/11623 1596/11624 2065/11625
f 2031/11626 2068/11627 2026/11628
f 1603/11629 2069/11630 2066/11631
f 2026/11632 2068/11633 2069/11634
f 2068/11635 2066/11636 2069/11637
f 1596/11638 2066/11639 2065/11640
f 2049/11641 2071/11642 1809/11643
f 2078/11644 1982/11645 1978/11646
f 2073/11647 2041/11648 2043/11649
f 2070/11650 2078/11651 1978/11652
f 2078/11653 2070/11654 2063/11655
f 2074/11656 2070/11657 2071/11658
f 2070/11659 1978/11660 2071/11661
f 1978/11662 1809/11663 2071/11664
f 2075/11665 2050/11666 2044/11667
f 2073/11668 2043/11669 2072/11670
f 2050/11671 2075/11672 2071/11673
f 2072/11674 2054/11675 2070/11676
f 2074/11677 2072/11678 2070/11679
f 2074/11680 2073/11681 2072/11682
f 2074/11683 2075/11684 2073/11685
f 2074/11686 2071/11687 2075/11688
f 2073/11689 2075/11690 2041/11691
f 2076/11692 1619/11693 2067/11694
f 1591/11695 2067/11696 1619/11697
f 2076/11698 2067/11699 2064/11700
f 2055/11701 2039/11702 2076/11703
f 2049/11704 2077/11705 1827/11706
f 2049/11707 1809/11708 2077/11709
f 1827/11710 2077/11711 1955/11712
f 2077/11713 1809/11714 1954/11715
f 1980/11716 1982/11717 2078/11718
f 2078/11719 2060/11720 1980/11721
f 2051/11722 1970/11723 1983/11724
f 2091/11725 2080/11726 2079/11727
f 1961/11728 2099/11729 2102/11730
f 2095/11731 2080/11732 2091/11733
f 2099/11734 1959/11735 2098/11736
f 2082/11737 2105/11738 1808/11739
f 1808/11740 2084/11741 2083/11742
f 2083/11743 2084/11744 2081/11745
f 2083/11746 2081/11747 2085/11748
f 2086/11749 2085/11750 2087/11751
f 2086/11752 2087/11753 2088/11754
f 2086/11755 2088/11756 2089/11757
f 2085/11758 2081/11759 2087/11760
f 2087/11761 2090/11762 2088/11763
f 2081/11764 2090/11765 2087/11766
f 2088/11767 2090/11768 1790/11769
f 2095/11770 2089/11771 2088/11772
f 2095/11773 2088/11774 1790/11775
f 2097/11776 2098/11777 1959/11778
f 2092/11779 2098/11780 2097/11781
f 2096/11782 2094/11783 2093/11784
f 2095/11785 2091/11786 2089/11787
f 2107/11788 2093/11789 2092/11790
f 2093/11791 2107/11792 2096/11793
f 2092/11794 2097/11795 2107/11796
f 2079/11797 2080/11798 1889/11799
f 1789/11800 1790/11801 2090/11802
f 2090/11803 2081/11804 1793/11805
f 2081/11806 2084/11807 1793/11808
f 1910/11809 2079/11810 1891/11811
f 2098/11812 2101/11813 2099/11814
f 2101/11815 2104/11816 2099/11817
f 2104/11818 2102/11819 2099/11820
f 2102/11821 2104/11822 2103/11823
f 1318/11824 737/11825 2102/11826
f 2101/11827 2098/11828 2100/11829
f 2105/11830 2107/11831 2097/11832
f 1318/11833 2102/11834 2103/11835
f 2106/11836 2082/11837 1808/11838
f 2106/11839 1808/11840 2083/11841
f 2082/11842 2107/11843 2105/11844
f 2108/11845 2107/11846 2082/11847
f 2082/11848 2106/11849 2108/11850
f 2098/11851 2092/11852 2100/11853
f 1961/11854 2102/11855 749/11856
f 2079/11857 1890/11858 1925/11859
f 1910/11860 1890/11861 2079/11862
f 2109/11863 614/11864 636/11865
f 636/11866 614/11867 648/11868
f 614/11869 632/11870 648/11871
f 297/11872 298/11873 291/11874
f 166/11875 167/11876 165/11877
f 376/11878 203/11879 164/11880
f 236/11881 193/11882 226/11883
f 270/11884 230/11885 1005/11886
f 180/11887 1005/11888 230/11889
f 200/11890 278/11891 299/11892
f 276/11893 278/11894 200/11895
f 280/11896 276/11897 200/11898
f 275/11899 276/11900 280/11901
f 272/11902 281/11903 210/11904
f 294/11905 287/11906 288/11907
f 611/11908 615/11909 609/11910
f 614/11911 615/11912 630/11913
f 176/11914 124/11915 158/11916
f 1924/11917 1907/11918 1906/11919
f 1257/11920 1255/11921 1252/11922
f 973/11923 972/11924 936/11925
f 910/11926 948/11927 946/11928
f 910/11929 946/11930 969/11931
f 946/11932 940/11933 975/11934
f 969/11935 946/11936 975/11937
f 946/11938 944/11939 940/11940
f 1288/11941 1292/11942 1289/11943
f 723/11944 732/11945 731/11946
f 730/11947 731/11948 732/11949
f 1170/11950 734/11951 730/11952
f 732/11953 1170/11954 730/11955
f 1170/11956 732/11957 711/11958
f 1170/11959 711/11960 733/11961
f 711/11962 684/11963 1290/11964
f 711/11965 1290/11966 697/11967
f 733/11968 711/11969 697/11970
f 1299/11971 1290/11972 1296/11973
f 1299/11974 1297/11975 1290/11976
f 1300/11977 1299/11978 1296/11979
f 1255/11980 1257/11981 1237/11982
f 1577/11983 1576/11984 1578/11985
f 1926/11986 1931/11987 1927/11988
f 2111/11989 268/11990 2110/11991
f 298/11992 300/11993 291/11994
f 488/11995 487/11996 485/11997
