# Quaternius "Shield" (Low Poly Objects / Armor), CC0 Public Domain, via https://poly.pizza/m/xoHSnOjsBG
mtllib Shield_Heater_Quaternius.mtl
o Shield_Heater
usemtl Steel
v -0.27020 0.12684 0.26510
v -0.26926 0.14133 0.27067
v -0.27392 0.13327 0.27067
v -0.26183 0.14133 0.26510
v -0.28322 0.14939 0.27067
v -0.29530 0.14133 0.26510
v -0.28787 0.14133 0.27067
v -0.28693 0.15582 0.26510
v -0.27392 0.14939 0.27067
v -0.26183 0.14133 0.26510
v -0.27020 0.15582 0.26510
v -0.26926 0.14133 0.27067
v -0.28322 0.13327 0.27067
v -0.27020 0.12684 0.26510
v -0.27392 0.13327 0.27067
v -0.28693 0.12684 0.26510
v -0.27020 0.15582 0.26510
v -0.28693 0.15582 0.26510
v -0.27392 0.14939 0.27067
v -0.28322 0.14939 0.27067
v -0.27392 0.13327 0.27067
v -0.27392 0.14939 0.27067
v -0.28787 0.14133 0.27067
v -0.28322 0.13327 0.27067
v -0.26926 0.14133 0.27067
v -0.28322 0.14939 0.27067
v -0.28693 0.15582 0.23741
v -0.28693 0.12684 0.23741
v -0.29530 0.14133 0.23741
v -0.27020 0.15582 0.23741
v -0.27020 0.12684 0.23741
v -0.26183 0.14133 0.23741
v -0.27020 0.12684 0.23741
v -0.26183 0.14133 0.26510
v -0.27020 0.12684 0.26510
v -0.26183 0.14133 0.23741
v -0.27020 0.12684 0.26510
v -0.28693 0.12684 0.23741
v -0.27020 0.12684 0.23741
v -0.28693 0.12684 0.26510
v -0.29530 0.14133 0.26510
v -0.28322 0.13327 0.27067
v -0.28787 0.14133 0.27067
v -0.28693 0.12684 0.26510
v -0.29530 0.14133 0.26510
v -0.29530 0.14133 0.23741
v -0.28693 0.12684 0.26510
v -0.28693 0.12684 0.23741
v -0.28693 0.15582 0.26510
v -0.28693 0.15582 0.23741
v -0.29530 0.14133 0.26510
v -0.29530 0.14133 0.23741
v -0.27020 0.15582 0.23741
v -0.28693 0.15582 0.26510
v -0.27020 0.15582 0.26510
v -0.28693 0.15582 0.23741
v -0.26183 0.14133 0.23741
v -0.27020 0.15582 0.26510
v -0.26183 0.14133 0.26510
v -0.27020 0.15582 0.23741
v -0.27020 -0.05705 0.26510
v -0.26926 -0.04256 0.27067
v -0.27392 -0.05062 0.27067
v -0.26183 -0.04256 0.26510
v -0.28322 -0.03451 0.27067
v -0.29530 -0.04256 0.26510
v -0.28787 -0.04256 0.27067
v -0.28693 -0.02807 0.26510
v -0.27392 -0.03451 0.27067
v -0.26183 -0.04256 0.26510
v -0.27020 -0.02807 0.26510
v -0.26926 -0.04256 0.27067
v -0.28322 -0.05062 0.27067
v -0.27020 -0.05705 0.26510
v -0.27392 -0.05062 0.27067
v -0.28693 -0.05705 0.26510
v -0.27020 -0.02807 0.26510
v -0.28693 -0.02807 0.26510
v -0.27392 -0.03451 0.27067
v -0.28322 -0.03451 0.27067
v -0.27392 -0.05062 0.27067
v -0.28787 -0.04256 0.27067
v -0.28322 -0.05062 0.27067
v -0.27392 -0.03451 0.27067
v -0.26926 -0.04256 0.27067
v -0.28322 -0.03451 0.27067
v -0.28693 -0.02807 0.23741
v -0.28693 -0.05705 0.23741
v -0.29530 -0.04256 0.23741
v -0.27020 -0.02807 0.23741
v -0.27020 -0.05705 0.23741
v -0.26183 -0.04256 0.23741
v -0.27020 -0.05705 0.23741
v -0.26183 -0.04256 0.26510
v -0.27020 -0.05705 0.26510
v -0.26183 -0.04256 0.23741
v -0.27020 -0.05705 0.26510
v -0.28693 -0.05705 0.23741
v -0.27020 -0.05705 0.23741
v -0.28693 -0.05705 0.26510
v -0.29530 -0.04256 0.26510
v -0.28693 -0.05705 0.26510
v -0.28787 -0.04256 0.27067
v -0.28322 -0.05062 0.27067
v -0.29530 -0.04256 0.26510
v -0.29530 -0.04256 0.23741
v -0.28693 -0.05705 0.26510
v -0.28693 -0.05705 0.23741
v -0.28693 -0.02807 0.26510
v -0.28693 -0.02807 0.23741
v -0.29530 -0.04256 0.26510
v -0.29530 -0.04256 0.23741
v -0.27020 -0.02807 0.23741
v -0.28693 -0.02807 0.26510
v -0.27020 -0.02807 0.26510
v -0.28693 -0.02807 0.23741
v -0.26183 -0.04256 0.23741
v -0.27020 -0.02807 0.26510
v -0.26183 -0.04256 0.26510
v -0.27020 -0.02807 0.23741
v -0.08437 -0.30676 0.26510
v -0.07600 -0.29227 0.26510
v -0.08809 -0.30033 0.27067
v -0.08343 -0.29227 0.27067
v -0.09739 -0.28422 0.27067
v -0.10947 -0.29227 0.26510
v -0.10204 -0.29227 0.27067
v -0.10110 -0.27778 0.26510
v -0.08809 -0.28422 0.27067
v -0.07600 -0.29227 0.26510
v -0.08437 -0.27778 0.26510
v -0.08343 -0.29227 0.27067
v -0.09739 -0.30033 0.27067
v -0.08437 -0.30676 0.26510
v -0.08809 -0.30033 0.27067
v -0.10110 -0.30676 0.26510
v -0.08437 -0.27778 0.26510
v -0.10110 -0.27778 0.26510
v -0.08809 -0.28422 0.27067
v -0.09739 -0.28422 0.27067
v -0.08809 -0.28422 0.27067
v -0.10204 -0.29227 0.27067
v -0.08343 -0.29227 0.27067
v -0.08809 -0.30033 0.27067
v -0.09739 -0.30033 0.27067
v -0.09739 -0.28422 0.27067
v -0.10110 -0.27778 0.23741
v -0.10110 -0.30676 0.23741
v -0.10947 -0.29227 0.23741
v -0.08437 -0.27778 0.23741
v -0.08437 -0.30676 0.23741
v -0.07600 -0.29227 0.23741
v -0.08437 -0.30676 0.23741
v -0.07600 -0.29227 0.26510
v -0.08437 -0.30676 0.26510
v -0.07600 -0.29227 0.23741
v -0.08437 -0.30676 0.26510
v -0.10110 -0.30676 0.23741
v -0.08437 -0.30676 0.23741
v -0.10110 -0.30676 0.26510
v -0.10947 -0.29227 0.26510
v -0.09739 -0.30033 0.27067
v -0.10204 -0.29227 0.27067
v -0.10110 -0.30676 0.26510
v -0.10947 -0.29227 0.26510
v -0.10947 -0.29227 0.23741
v -0.10110 -0.30676 0.26510
v -0.10110 -0.30676 0.23741
v -0.10110 -0.27778 0.26510
v -0.10110 -0.27778 0.23741
v -0.10947 -0.29227 0.26510
v -0.10947 -0.29227 0.23741
v -0.08437 -0.27778 0.23741
v -0.10110 -0.27778 0.26510
v -0.08437 -0.27778 0.26510
v -0.10110 -0.27778 0.23741
v -0.07600 -0.29227 0.23741
v -0.08437 -0.27778 0.26510
v -0.07600 -0.29227 0.26510
v -0.08437 -0.27778 0.23741
v -0.08437 0.32428 0.26510
v -0.08343 0.33877 0.27067
v -0.08809 0.33072 0.27067
v -0.07600 0.33877 0.26510
v -0.09739 0.34683 0.27067
v -0.10947 0.33877 0.26510
v -0.10204 0.33877 0.27067
v -0.10110 0.35326 0.26510
v -0.08809 0.34683 0.27067
v -0.07600 0.33877 0.26510
v -0.08437 0.35326 0.26510
v -0.08343 0.33877 0.27067
v -0.09739 0.33072 0.27067
v -0.08437 0.32428 0.26510
v -0.08809 0.33072 0.27067
v -0.10110 0.32428 0.26510
v -0.08437 0.35326 0.26510
v -0.10110 0.35326 0.26510
v -0.08809 0.34683 0.27067
v -0.09739 0.34683 0.27067
v -0.08809 0.34683 0.27067
v -0.10204 0.33877 0.27067
v -0.08343 0.33877 0.27067
v -0.08809 0.33072 0.27067
v -0.09739 0.33072 0.27067
v -0.09739 0.34683 0.27067
v -0.10110 0.35326 0.23741
v -0.10110 0.32428 0.23741
v -0.10947 0.33877 0.23741
v -0.08437 0.35326 0.23741
v -0.08437 0.32428 0.23741
v -0.07600 0.33877 0.23741
v -0.08437 0.32428 0.23741
v -0.07600 0.33877 0.26510
v -0.08437 0.32428 0.26510
v -0.07600 0.33877 0.23741
v -0.08437 0.32428 0.26510
v -0.10110 0.32428 0.23741
v -0.08437 0.32428 0.23741
v -0.10110 0.32428 0.26510
v -0.10947 0.33877 0.26510
v -0.09739 0.33072 0.27067
v -0.10204 0.33877 0.27067
v -0.10110 0.32428 0.26510
v -0.10947 0.33877 0.26510
v -0.10947 0.33877 0.23741
v -0.10110 0.32428 0.26510
v -0.10110 0.32428 0.23741
v -0.10110 0.35326 0.26510
v -0.10110 0.35326 0.23741
v -0.10947 0.33877 0.26510
v -0.10947 0.33877 0.23741
v -0.08437 0.35326 0.23741
v -0.10110 0.35326 0.26510
v -0.08437 0.35326 0.26510
v -0.10110 0.35326 0.23741
v -0.07600 0.33877 0.26510
v -0.08437 0.35326 0.23741
v -0.08437 0.35326 0.26510
v -0.07600 0.33877 0.23741
v 0.00000 0.21759 0.25316
v -0.10444 0.11672 0.29897
v 0.00000 0.21759 0.29897
v -0.10444 0.11672 0.25316
v -0.17935 0.03618 0.29897
v -0.10444 -0.04366 0.29897
v -0.10444 0.11672 0.29897
v 0.00000 -0.06386 0.29897
v 0.00000 0.13761 0.29897
v -0.10444 0.11672 0.29897
v -0.17935 0.03618 0.25316
v -0.17935 0.03618 0.29897
v -0.10444 0.11672 0.25316
v -0.10444 -0.04366 0.29897
v 0.00000 -0.16769 0.25316
v 0.00000 -0.16769 0.29897
v -0.10444 -0.04366 0.25316
v -0.17935 0.03618 0.29897
v -0.10444 -0.04366 0.25316
v -0.10444 -0.04366 0.29897
v -0.17935 0.03618 0.25316
v -0.13315 0.38784 0.07411
v 0.00000 0.23718 0.07411
v -0.19018 0.23321 0.07411
v 0.00000 0.38784 0.07411
v -0.19018 0.23321 0.07411
v -0.00000 -0.14235 0.07411
v -0.19018 -0.13969 0.07411
v 0.00000 0.23718 0.07411
v -0.33131 0.16547 0.07411
v -0.19018 -0.13969 0.07411
v -0.33131 -0.07327 0.07411
v -0.19018 0.23321 0.07411
v -0.19018 -0.13969 0.23250
v -0.33131 -0.07327 0.23250
v -0.33131 -0.07327 0.07411
v -0.19018 -0.13969 0.07411
v -0.13315 -0.33794 0.23250
v -0.19018 -0.13969 0.07411
v -0.13315 -0.33794 0.07411
v -0.19018 -0.13969 0.23250
v -0.13315 -0.33794 0.07411
v -0.00000 -0.14235 0.07411
v -0.00000 -0.33794 0.07411
v -0.19018 -0.13969 0.07411
v -0.13315 0.38784 0.23250
v 0.00000 1.14730 0.23250
v -0.14497 1.14730 0.23250
v -0.13315 0.38784 0.07411
v 0.00000 1.14730 0.07411
v 0.00000 0.38784 0.07411
v 0.00000 1.14730 0.07411
v 0.00000 0.38784 0.23250
v 0.00000 0.38784 0.07411
v 0.00000 1.14730 0.23250
v -0.14497 1.14730 0.23250
v 0.00000 1.14730 0.07411
v -0.14497 1.14730 0.07411
v -0.13315 0.38784 0.23250
v -0.14497 1.14730 0.07411
v -0.13315 0.38784 0.07411
v -0.14497 1.14730 0.23250
v -0.19018 0.23321 0.07411
v -0.13315 0.38784 0.23250
v -0.13315 0.38784 0.07411
v -0.19018 0.23321 0.23250
v -0.00000 -0.33794 0.23250
v -0.14497 -1.14098 0.23250
v -0.00000 -1.19807 0.23250
v -0.13315 -0.33794 0.23250
v -0.14497 -1.14098 0.07411
v -0.00000 -0.33794 0.07411
v -0.00000 -1.19807 0.07411
v -0.13315 -0.33794 0.07411
v -0.00000 -1.19807 0.23250
v -0.00000 -0.33794 0.07411
v -0.00000 -0.33794 0.23250
v -0.00000 -1.19807 0.07411
v -0.00000 -1.19807 0.23250
v -0.14497 -1.14098 0.07411
v -0.00000 -1.19807 0.07411
v -0.14497 -1.14098 0.23250
v -0.13315 -0.33794 0.07411
v -0.14497 -1.14098 0.07411
v -0.14497 -1.14098 0.23250
v -0.13315 -0.33794 0.23250
v -0.33131 0.16547 0.23250
v -0.93855 0.17730 0.23250
v -0.33131 -0.07327 0.23250
v -0.93855 -0.08509 0.23250
v -0.93855 0.17730 0.07411
v -0.33131 0.16547 0.07411
v -0.93855 -0.08509 0.07411
v -0.33131 -0.07327 0.07411
v -0.33131 -0.07327 0.23250
v -0.93855 -0.08509 0.07411
v -0.33131 -0.07327 0.07411
v -0.93855 -0.08509 0.23250
v -0.93855 -0.08509 0.07411
v -0.93855 0.17730 0.23250
v -0.93855 0.17730 0.07411
v -0.93855 -0.08509 0.23250
v -0.33131 0.16547 0.23250
v -0.93855 0.17730 0.07411
v -0.93855 0.17730 0.23250
v -0.33131 0.16547 0.07411
v -0.19018 0.23321 0.07411
v -0.33131 0.16547 0.07411
v -0.33131 0.16547 0.23250
v -0.19018 0.23321 0.23250
v 0.26926 0.14133 0.27067
v 0.27020 0.12684 0.26510
v 0.27392 0.13327 0.27067
v 0.26183 0.14133 0.26510
v 0.29530 0.14133 0.26510
v 0.28322 0.14939 0.27067
v 0.28787 0.14133 0.27067
v 0.28693 0.15582 0.26510
v 0.27392 0.14939 0.27067
v 0.26183 0.14133 0.26510
v 0.26926 0.14133 0.27067
v 0.27020 0.15582 0.26510
v 0.27020 0.12684 0.26510
v 0.28322 0.13327 0.27067
v 0.27392 0.13327 0.27067
v 0.28693 0.12684 0.26510
v 0.28693 0.15582 0.26510
v 0.27020 0.15582 0.26510
v 0.27392 0.14939 0.27067
v 0.28322 0.14939 0.27067
v 0.27392 0.13327 0.27067
v 0.27392 0.14939 0.27067
v 0.26926 0.14133 0.27067
v 0.28787 0.14133 0.27067
v 0.28322 0.14939 0.27067
v 0.28322 0.13327 0.27067
v 0.27020 0.12684 0.23741
v 0.26183 0.14133 0.23741
v 0.27020 0.15582 0.23741
v 0.28693 0.12684 0.23741
v 0.28693 0.15582 0.23741
v 0.29530 0.14133 0.23741
v 0.26183 0.14133 0.26510
v 0.27020 0.12684 0.23741
v 0.27020 0.12684 0.26510
v 0.26183 0.14133 0.23741
v 0.28693 0.12684 0.23741
v 0.27020 0.12684 0.26510
v 0.27020 0.12684 0.23741
v 0.28693 0.12684 0.26510
v 0.28322 0.13327 0.27067
v 0.29530 0.14133 0.26510
v 0.28787 0.14133 0.27067
v 0.28693 0.12684 0.26510
v 0.29530 0.14133 0.23741
v 0.28693 0.12684 0.26510
v 0.28693 0.12684 0.23741
v 0.29530 0.14133 0.26510
v 0.28693 0.15582 0.23741
v 0.29530 0.14133 0.26510
v 0.29530 0.14133 0.23741
v 0.28693 0.15582 0.26510
v 0.27020 0.15582 0.23741
v 0.27020 0.15582 0.26510
v 0.28693 0.15582 0.26510
v 0.28693 0.15582 0.23741
v 0.27020 0.15582 0.26510
v 0.26183 0.14133 0.23741
v 0.26183 0.14133 0.26510
v 0.27020 0.15582 0.23741
v 0.26926 -0.04256 0.27067
v 0.27020 -0.05705 0.26510
v 0.27392 -0.05062 0.27067
v 0.26183 -0.04256 0.26510
v 0.29530 -0.04256 0.26510
v 0.28322 -0.03451 0.27067
v 0.28787 -0.04256 0.27067
v 0.28693 -0.02807 0.26510
v 0.27392 -0.03451 0.27067
v 0.26183 -0.04256 0.26510
v 0.26926 -0.04256 0.27067
v 0.27020 -0.02807 0.26510
v 0.27020 -0.05705 0.26510
v 0.28322 -0.05062 0.27067
v 0.27392 -0.05062 0.27067
v 0.28693 -0.05705 0.26510
v 0.28693 -0.02807 0.26510
v 0.27392 -0.03451 0.27067
v 0.28322 -0.03451 0.27067
v 0.27020 -0.02807 0.26510
v 0.27392 -0.03451 0.27067
v 0.28787 -0.04256 0.27067
v 0.28322 -0.03451 0.27067
v 0.26926 -0.04256 0.27067
v 0.27392 -0.05062 0.27067
v 0.28322 -0.05062 0.27067
v 0.27020 -0.05705 0.23741
v 0.26183 -0.04256 0.23741
v 0.27020 -0.02807 0.23741
v 0.28693 -0.05705 0.23741
v 0.28693 -0.02807 0.23741
v 0.29530 -0.04256 0.23741
v 0.26183 -0.04256 0.26510
v 0.27020 -0.05705 0.23741
v 0.27020 -0.05705 0.26510
v 0.26183 -0.04256 0.23741
v 0.28693 -0.05705 0.23741
v 0.27020 -0.05705 0.26510
v 0.27020 -0.05705 0.23741
v 0.28693 -0.05705 0.26510
v 0.28693 -0.05705 0.26510
v 0.29530 -0.04256 0.26510
v 0.28787 -0.04256 0.27067
v 0.28322 -0.05062 0.27067
v 0.29530 -0.04256 0.23741
v 0.28693 -0.05705 0.26510
v 0.28693 -0.05705 0.23741
v 0.29530 -0.04256 0.26510
v 0.28693 -0.02807 0.23741
v 0.29530 -0.04256 0.26510
v 0.29530 -0.04256 0.23741
v 0.28693 -0.02807 0.26510
v 0.27020 -0.02807 0.23741
v 0.27020 -0.02807 0.26510
v 0.28693 -0.02807 0.26510
v 0.28693 -0.02807 0.23741
v 0.27020 -0.02807 0.26510
v 0.26183 -0.04256 0.23741
v 0.26183 -0.04256 0.26510
v 0.27020 -0.02807 0.23741
v 0.07600 -0.29227 0.26510
v 0.08809 -0.30033 0.27067
v 0.08343 -0.29227 0.27067
v 0.08437 -0.30676 0.26510
v 0.10947 -0.29227 0.26510
v 0.09739 -0.28422 0.27067
v 0.10204 -0.29227 0.27067
v 0.10110 -0.27778 0.26510
v 0.08809 -0.28422 0.27067
v 0.07600 -0.29227 0.26510
v 0.08343 -0.29227 0.27067
v 0.08437 -0.27778 0.26510
v 0.08437 -0.30676 0.26510
v 0.10110 -0.30676 0.26510
v 0.09739 -0.30033 0.27067
v 0.08809 -0.30033 0.27067
v 0.10110 -0.27778 0.26510
v 0.08809 -0.28422 0.27067
v 0.09739 -0.28422 0.27067
v 0.08437 -0.27778 0.26510
v 0.08809 -0.28422 0.27067
v 0.10204 -0.29227 0.27067
v 0.09739 -0.28422 0.27067
v 0.08343 -0.29227 0.27067
v 0.08809 -0.30033 0.27067
v 0.09739 -0.30033 0.27067
v 0.08437 -0.30676 0.23741
v 0.07600 -0.29227 0.23741
v 0.08437 -0.27778 0.23741
v 0.10110 -0.30676 0.23741
v 0.10110 -0.27778 0.23741
v 0.10947 -0.29227 0.23741
v 0.07600 -0.29227 0.26510
v 0.08437 -0.30676 0.23741
v 0.08437 -0.30676 0.26510
v 0.07600 -0.29227 0.23741
v 0.10110 -0.30676 0.23741
v 0.08437 -0.30676 0.26510
v 0.08437 -0.30676 0.23741
v 0.10110 -0.30676 0.26510
v 0.09739 -0.30033 0.27067
v 0.10947 -0.29227 0.26510
v 0.10204 -0.29227 0.27067
v 0.10110 -0.30676 0.26510
v 0.10947 -0.29227 0.23741
v 0.10110 -0.30676 0.26510
v 0.10110 -0.30676 0.23741
v 0.10947 -0.29227 0.26510
v 0.10110 -0.27778 0.23741
v 0.10947 -0.29227 0.26510
v 0.10947 -0.29227 0.23741
v 0.10110 -0.27778 0.26510
v 0.08437 -0.27778 0.23741
v 0.08437 -0.27778 0.26510
v 0.10110 -0.27778 0.26510
v 0.10110 -0.27778 0.23741
v 0.08437 -0.27778 0.26510
v 0.07600 -0.29227 0.23741
v 0.07600 -0.29227 0.26510
v 0.08437 -0.27778 0.23741
v 0.08343 0.33877 0.27067
v 0.08437 0.32428 0.26510
v 0.08809 0.33072 0.27067
v 0.07600 0.33877 0.26510
v 0.10947 0.33877 0.26510
v 0.09739 0.34683 0.27067
v 0.10204 0.33877 0.27067
v 0.10110 0.35326 0.26510
v 0.08809 0.34683 0.27067
v 0.07600 0.33877 0.26510
v 0.08343 0.33877 0.27067
v 0.08437 0.35326 0.26510
v 0.08437 0.32428 0.26510
v 0.10110 0.32428 0.26510
v 0.09739 0.33072 0.27067
v 0.08809 0.33072 0.27067
v 0.10110 0.35326 0.26510
v 0.08809 0.34683 0.27067
v 0.09739 0.34683 0.27067
v 0.08437 0.35326 0.26510
v 0.08809 0.34683 0.27067
v 0.10204 0.33877 0.27067
v 0.09739 0.34683 0.27067
v 0.08343 0.33877 0.27067
v 0.08809 0.33072 0.27067
v 0.09739 0.33072 0.27067
v 0.08437 0.32428 0.23741
v 0.07600 0.33877 0.23741
v 0.08437 0.35326 0.23741
v 0.10110 0.32428 0.23741
v 0.10110 0.35326 0.23741
v 0.10947 0.33877 0.23741
v 0.07600 0.33877 0.26510
v 0.08437 0.32428 0.23741
v 0.08437 0.32428 0.26510
v 0.07600 0.33877 0.23741
v 0.10110 0.32428 0.23741
v 0.08437 0.32428 0.26510
v 0.08437 0.32428 0.23741
v 0.10110 0.32428 0.26510
v 0.09739 0.33072 0.27067
v 0.10947 0.33877 0.26510
v 0.10204 0.33877 0.27067
v 0.10110 0.32428 0.26510
v 0.10947 0.33877 0.23741
v 0.10110 0.32428 0.26510
v 0.10110 0.32428 0.23741
v 0.10947 0.33877 0.26510
v 0.10110 0.35326 0.23741
v 0.10947 0.33877 0.26510
v 0.10947 0.33877 0.23741
v 0.10110 0.35326 0.26510
v 0.08437 0.35326 0.23741
v 0.08437 0.35326 0.26510
v 0.10110 0.35326 0.26510
v 0.10110 0.35326 0.23741
v 0.07600 0.33877 0.26510
v 0.08437 0.35326 0.23741
v 0.07600 0.33877 0.23741
v 0.08437 0.35326 0.26510
v 0.10444 0.11672 0.25316
v 0.00000 0.21759 0.25316
v 0.00000 0.21759 0.29897
v 0.10444 0.11672 0.29897
v 0.00000 0.21759 0.29897
v 0.10444 0.11672 0.29897
v 0.17935 0.03618 0.29897
v 0.10444 -0.04366 0.29897
v 0.00000 -0.06386 0.29897
v 0.10444 0.11672 0.29897
v 0.00000 0.13761 0.29897
v 0.10444 -0.04366 0.29897
v 0.00000 -0.16769 0.29897
v 0.17935 0.03618 0.25316
v 0.10444 0.11672 0.29897
v 0.17935 0.03618 0.29897
v 0.10444 0.11672 0.25316
v 0.00000 -0.16769 0.25316
v 0.10444 -0.04366 0.29897
v 0.00000 -0.16769 0.29897
v 0.10444 -0.04366 0.25316
v 0.10444 -0.04366 0.25316
v 0.17935 0.03618 0.29897
v 0.10444 -0.04366 0.29897
v 0.17935 0.03618 0.25316
v 0.00000 0.23718 0.07411
v 0.13315 0.38784 0.07411
v 0.19018 0.23321 0.07411
v 0.00000 0.38784 0.07411
v -0.00000 -0.14235 0.07411
v 0.19018 0.23321 0.07411
v 0.19018 -0.13969 0.07411
v 0.00000 0.23718 0.07411
v 0.19018 -0.13969 0.07411
v 0.33131 0.16547 0.07411
v 0.33131 -0.07327 0.07411
v 0.19018 0.23321 0.07411
v 0.33131 -0.07327 0.07411
v 0.19018 -0.13969 0.23250
v 0.19018 -0.13969 0.07411
v 0.33131 -0.07327 0.23250
v 0.19018 -0.13969 0.07411
v 0.13315 -0.33794 0.23250
v 0.13315 -0.33794 0.07411
v 0.19018 -0.13969 0.23250
v -0.00000 -0.14235 0.07411
v 0.13315 -0.33794 0.07411
v -0.00000 -0.33794 0.07411
v 0.19018 -0.13969 0.07411
v 0.13315 0.38784 0.23250
v 0.00000 0.38784 0.23250
v 0.14497 1.14730 0.23250
v 0.13315 0.38784 0.07411
v -0.14497 1.14730 0.07411
v 0.14497 1.14730 0.07411
v 0.14497 1.14730 0.07411
v 0.00000 1.14730 0.23250
v 0.14497 1.14730 0.23250
v 0.13315 0.38784 0.23250
v 0.14497 1.14730 0.07411
v 0.14497 1.14730 0.23250
v 0.13315 0.38784 0.07411
v 0.19018 0.23321 0.07411
v 0.13315 0.38784 0.23250
v 0.19018 0.23321 0.23250
v 0.13315 0.38784 0.07411
v -0.00000 -0.33794 0.23250
v -0.00000 -1.19807 0.23250
v 0.14497 -1.14098 0.23250
v 0.13315 -0.33794 0.23250
v 0.14497 -1.14098 0.07411
v -0.00000 -0.33794 0.07411
v 0.13315 -0.33794 0.07411
v -0.00000 -1.19807 0.07411
v 0.14497 -1.14098 0.07411
v -0.00000 -1.19807 0.23250
v -0.00000 -1.19807 0.07411
v 0.14497 -1.14098 0.23250
v 0.13315 -0.33794 0.07411
v 0.14497 -1.14098 0.23250
v 0.14497 -1.14098 0.07411
v 0.13315 -0.33794 0.23250
v 0.93855 0.17730 0.23250
v 0.33131 -0.07327 0.23250
v 0.93855 -0.08509 0.23250
v 0.33131 0.16547 0.23250
v 0.33131 0.16547 0.07411
v 0.93855 -0.08509 0.07411
v 0.33131 -0.07327 0.07411
v 0.93855 0.17730 0.07411
v 0.93855 -0.08509 0.07411
v 0.33131 -0.07327 0.23250
v 0.33131 -0.07327 0.07411
v 0.93855 -0.08509 0.23250
v 0.93855 -0.08509 0.07411
v 0.93855 0.17730 0.23250
v 0.93855 -0.08509 0.23250
v 0.93855 0.17730 0.07411
v 0.93855 0.17730 0.07411
v 0.33131 0.16547 0.23250
v 0.93855 0.17730 0.23250
v 0.33131 0.16547 0.07411
v 0.33131 0.16547 0.23250
v 0.19018 0.23321 0.07411
v 0.19018 0.23321 0.23250
v 0.33131 0.16547 0.07411
v -0.42546 1.01828 0.25653
v -0.81551 0.91535 0.25653
v -0.42546 1.01828 0.10575
v -0.81551 0.91535 0.10575
v -0.00000 -1.06447 0.25653
v -0.42546 -0.79393 0.10575
v -0.42546 -0.79393 0.25653
v -0.00000 -1.06447 0.10575
v 0.00000 1.06975 0.25653
v -0.42546 1.01828 0.25653
v 0.00000 1.06975 0.10575
v -0.42546 1.01828 0.10575
v -0.81551 0.91535 0.25653
v -1.00250 -0.54228 0.25653
v -0.81551 -0.41781 0.25653
v -1.00251 1.07971 0.25653
v -1.00250 -0.54228 0.25653
v -0.42546 -0.79393 0.25653
v -0.81551 -0.41781 0.25653
v -0.44618 -0.98441 0.25653
v -0.44622 1.20072 0.25653
v -0.81551 0.91535 0.25653
v -0.42546 1.01828 0.25653
v -1.00251 1.07971 0.25653
v -0.42546 -0.79393 0.25653
v -0.81551 -0.41781 0.10575
v -0.81551 -0.41781 0.25653
v -0.42546 -0.79393 0.10575
v -0.81551 0.91535 0.10575
v -0.81551 -0.41781 0.25653
v -0.81551 -0.41781 0.10575
v -0.81551 0.91535 0.25653
v 0.00000 1.26123 0.25653
v -0.44622 1.20072 0.25653
v 0.00000 1.06975 0.25653
v -0.42546 1.01828 0.25653
v -0.44618 -0.98441 0.25653
v -0.00000 -1.06447 0.25653
v -0.42546 -0.79393 0.25653
v -0.00000 -1.30249 0.25653
v 0.00000 1.26123 -0.02095
v -0.44622 1.20072 0.25653
v 0.00000 1.26123 0.25653
v -0.44622 1.20072 -0.02095
v 0.00000 1.26123 -0.02095
v -0.00000 -1.30249 -0.02095
v -0.44622 -0.98444 -0.02095
v -0.44622 1.20072 -0.02095
v -1.00250 -0.54228 0.25653
v -0.44618 -0.98441 0.25653
v -1.00251 1.07971 0.25653
v -0.00000 -1.30249 0.25653
v -0.44622 -0.98444 -0.02095
v -1.00250 -0.54228 0.25653
v -1.00251 -0.54228 -0.02095
v -0.44618 -0.98441 0.25653
v -0.00000 -1.30249 -0.02095
v -0.44618 -0.98441 0.25653
v -0.44622 -0.98444 -0.02095
v -0.00000 -1.30249 0.25653
v -0.44622 1.20072 0.25653
v 0.00000 1.26123 0.25653
v -0.44622 1.20072 -0.02095
v -0.44622 -0.98444 -0.02095
v -1.00251 -0.54228 -0.02095
v -1.00251 1.07971 -0.02095
v -1.00251 1.07971 -0.02095
v -1.00251 -0.54228 -0.02095
v -1.00250 -0.54228 0.25653
v -1.00251 1.07971 0.25653
v -0.44622 1.20072 -0.02095
v -1.00251 1.07971 -0.02095
v -1.00251 1.07971 0.25653
v -0.44622 1.20072 0.25653
v 0.81551 0.91535 0.25653
v 0.42546 1.01828 0.25653
v 0.42546 1.01828 0.10575
v 0.81551 0.91535 0.10575
v 0.42546 -0.79393 0.10575
v -0.00000 -1.06447 0.10575
v -0.00000 -1.06447 0.25653
v 0.42546 -0.79393 0.25653
v 0.42546 1.01828 0.25653
v 0.00000 1.06975 0.25653
v 0.00000 1.06975 0.10575
v 0.42546 1.01828 0.10575
v 1.00250 -0.54228 0.25653
v 0.81551 0.91535 0.25653
v 0.81551 -0.41781 0.25653
v 1.00251 1.07971 0.25653
v 1.00250 -0.54228 0.25653
v 0.42546 -0.79393 0.25653
v 0.44618 -0.98441 0.25653
v 0.81551 -0.41781 0.25653
v 0.81551 0.91535 0.25653
v 0.44622 1.20072 0.25653
v 0.42546 1.01828 0.25653
v 1.00251 1.07971 0.25653
v 0.81551 -0.41781 0.10575
v 0.42546 -0.79393 0.10575
v 0.42546 -0.79393 0.25653
v 0.81551 -0.41781 0.25653
v 0.81551 -0.41781 0.25653
v 0.81551 0.91535 0.10575
v 0.81551 -0.41781 0.10575
v 0.81551 0.91535 0.25653
v 0.44622 1.20072 0.25653
v 0.00000 1.26123 0.25653
v 0.00000 1.06975 0.25653
v 0.42546 1.01828 0.25653
v 0.44618 -0.98441 0.25653
v -0.00000 -1.06447 0.25653
v -0.00000 -1.30249 0.25653
v 0.42546 -0.79393 0.25653
v 0.44618 -0.98441 0.25653
v 0.00000 1.26123 -0.02095
v 0.00000 1.26123 0.25653
v 0.44622 1.20072 0.25653
v 0.44622 1.20072 -0.02095
v -0.00000 -1.30249 -0.02095
v 0.00000 1.26123 -0.02095
v 0.44622 -0.98444 -0.02095
v 0.44622 1.20072 -0.02095
v 1.00250 -0.54228 0.25653
v 1.00251 1.07971 0.25653
v 0.44622 -0.98444 -0.02095
v 1.00250 -0.54228 0.25653
v 0.44618 -0.98441 0.25653
v 1.00251 -0.54228 -0.02095
v -0.00000 -1.30249 -0.02095
v 0.44618 -0.98441 0.25653
v -0.00000 -1.30249 0.25653
v 0.44622 -0.98444 -0.02095
v 0.44622 1.20072 0.25653
v 0.44622 -0.98444 -0.02095
v 0.44622 1.20072 -0.02095
v 1.00251 -0.54228 -0.02095
v 1.00251 1.07971 -0.02095
v 1.00251 1.07971 -0.02095
v 1.00250 -0.54228 0.25653
v 1.00251 -0.54228 -0.02095
v 1.00251 1.07971 0.25653
v 1.00251 1.07971 -0.02095
v 0.44622 1.20072 -0.02095
v 1.00251 1.07971 0.25653
v 0.44622 1.20072 0.25653
vn 0.56642 -0.32702 0.75645
vn 0.56642 -0.32702 0.75645
vn 0.56642 -0.32702 0.75645
vn 0.56642 -0.32702 0.75645
vn -0.56642 0.32702 0.75645
vn -0.56642 0.32702 0.75645
vn -0.56642 0.32702 0.75646
vn -0.56642 0.32702 0.75645
vn 0.56642 0.32702 0.75646
vn 0.56642 0.32702 0.75646
vn 0.56642 0.32702 0.75646
vn 0.56642 0.32702 0.75646
vn 0.00000 -0.65405 0.75645
vn 0.00000 -0.65405 0.75645
vn 0.00000 -0.65405 0.75645
vn 0.00000 -0.65405 0.75645
vn 0.00000 0.65404 0.75646
vn 0.00000 0.65404 0.75646
vn 0.00000 0.65404 0.75646
vn 0.00000 0.65404 0.75646
vn -0.00000 0.00000 1.00000
vn -0.00000 0.00000 1.00000
vn 0.00000 0.00000 1.00000
vn 0.00000 0.00000 1.00000
vn -0.00000 0.00000 1.00000
vn 0.00000 0.00000 1.00000
vn 0.00000 -0.00000 -1.00000
vn 0.00000 -0.00000 -1.00000
vn 0.00000 -0.00000 -1.00000
vn -0.00000 -0.00000 -1.00000
vn -0.00000 -0.00000 -1.00000
vn -0.00000 -0.00000 -1.00000
vn 0.86602 -0.50000 0.00000
vn 0.86602 -0.50000 0.00000
vn 0.86602 -0.50000 0.00000
vn 0.86602 -0.50000 0.00000
vn 0.00000 -1.00000 0.00000
vn 0.00000 -1.00000 0.00000
vn 0.00000 -1.00000 0.00000
vn 0.00000 -1.00000 0.00000
vn -0.56642 -0.32702 0.75645
vn -0.56642 -0.32702 0.75645
vn -0.56642 -0.32702 0.75646
vn -0.56642 -0.32702 0.75645
vn -0.86602 -0.50000 0.00000
vn -0.86602 -0.50000 0.00000
vn -0.86602 -0.50000 0.00000
vn -0.86602 -0.50000 0.00000
vn -0.86603 0.50000 -0.00000
vn -0.86603 0.50000 -0.00000
vn -0.86603 0.50000 -0.00000
vn -0.86603 0.50000 -0.00000
vn 0.00000 1.00000 -0.00000
vn 0.00000 1.00000 -0.00000
vn 0.00000 1.00000 -0.00000
vn 0.00000 1.00000 -0.00000
vn 0.86603 0.50000 -0.00000
vn 0.86603 0.50000 -0.00000
vn 0.86603 0.50000 -0.00000
vn 0.86603 0.50000 -0.00000
vn 0.56642 -0.32702 0.75645
vn 0.56642 -0.32702 0.75645
vn 0.56642 -0.32702 0.75645
vn 0.56642 -0.32703 0.75645
vn -0.56642 0.32702 0.75645
vn -0.56642 0.32702 0.75646
vn -0.56642 0.32702 0.75646
vn -0.56642 0.32702 0.75645
vn 0.56642 0.32702 0.75646
vn 0.56642 0.32702 0.75646
vn 0.56642 0.32702 0.75646
vn 0.56642 0.32702 0.75646
vn 0.00000 -0.65405 0.75645
vn 0.00000 -0.65405 0.75645
vn 0.00000 -0.65405 0.75645
vn 0.00000 -0.65405 0.75645
vn 0.00000 0.65404 0.75646
vn 0.00000 0.65404 0.75646
vn 0.00000 0.65404 0.75646
vn 0.00000 0.65404 0.75646
vn 0.00000 0.00000 1.00000
vn 0.00000 0.00000 1.00000
vn 0.00000 0.00000 1.00000
vn 0.00000 0.00000 1.00000
vn 0.00000 0.00000 1.00000
vn 0.00000 0.00000 1.00000
vn 0.00000 -0.00000 -1.00000
vn 0.00000 -0.00000 -1.00000
vn 0.00000 -0.00000 -1.00000
vn -0.00000 -0.00000 -1.00000
vn -0.00000 -0.00000 -1.00000
vn -0.00000 -0.00000 -1.00000
vn 0.86602 -0.50000 0.00000
vn 0.86602 -0.50000 0.00000
vn 0.86602 -0.50000 0.00000
vn 0.86602 -0.50000 0.00000
vn 0.00000 -1.00000 0.00000
vn 0.00000 -1.00000 0.00000
vn 0.00000 -1.00000 0.00000
vn 0.00000 -1.00000 0.00000
vn -0.56642 -0.32702 0.75645
vn -0.56642 -0.32702 0.75645
vn -0.56642 -0.32702 0.75645
vn -0.56642 -0.32702 0.75645
vn -0.86602 -0.50000 0.00000
vn -0.86602 -0.50000 0.00000
vn -0.86602 -0.50000 0.00000
vn -0.86602 -0.50000 0.00000
vn -0.86603 0.50000 -0.00000
vn -0.86603 0.50000 -0.00000
vn -0.86603 0.50000 -0.00000
vn -0.86603 0.50000 -0.00000
vn 0.00000 1.00000 -0.00000
vn 0.00000 1.00000 -0.00000
vn 0.00000 1.00000 -0.00000
vn 0.00000 1.00000 -0.00000
vn 0.86603 0.50000 -0.00000
vn 0.86603 0.50000 -0.00000
vn 0.86603 0.50000 -0.00000
vn 0.86603 0.50000 -0.00000
vn 0.56642 -0.32703 0.75645
vn 0.56642 -0.32702 0.75645
vn 0.56642 -0.32702 0.75645
vn 0.56642 -0.32702 0.75646
vn -0.56642 0.32702 0.75645
vn -0.56642 0.32702 0.75645
vn -0.56642 0.32702 0.75646
vn -0.56642 0.32702 0.75645
vn 0.56642 0.32702 0.75646
vn 0.56642 0.32702 0.75646
vn 0.56642 0.32702 0.75646
vn 0.56642 0.32702 0.75646
vn 0.00000 -0.65405 0.75645
vn 0.00000 -0.65405 0.75645
vn 0.00000 -0.65405 0.75645
vn 0.00000 -0.65405 0.75645
vn 0.00000 0.65405 0.75646
vn 0.00000 0.65405 0.75646
vn 0.00000 0.65405 0.75646
vn 0.00000 0.65405 0.75646
vn 0.00000 0.00000 1.00000
vn 0.00000 0.00000 1.00000
vn 0.00000 0.00000 1.00000
vn 0.00000 0.00000 1.00000
vn 0.00000 0.00000 1.00000
vn 0.00000 0.00000 1.00000
vn -0.00000 -0.00000 -1.00000
vn -0.00000 -0.00000 -1.00000
vn -0.00000 -0.00000 -1.00000
vn 0.00000 -0.00000 -1.00000
vn 0.00000 -0.00000 -1.00000
vn 0.00000 -0.00000 -1.00000
vn 0.86602 -0.50000 0.00000
vn 0.86602 -0.50000 0.00000
vn 0.86602 -0.50000 0.00000
vn 0.86602 -0.50000 0.00000
vn 0.00000 -1.00000 0.00000
vn 0.00000 -1.00000 0.00000
vn 0.00000 -1.00000 0.00000
vn 0.00000 -1.00000 0.00000
vn -0.56642 -0.32702 0.75645
vn -0.56642 -0.32702 0.75645
vn -0.56642 -0.32702 0.75646
vn -0.56642 -0.32703 0.75645
vn -0.86602 -0.50000 0.00000
vn -0.86602 -0.50000 0.00000
vn -0.86602 -0.50000 0.00000
vn -0.86602 -0.50000 0.00000
vn -0.86602 0.50000 -0.00000
vn -0.86602 0.50000 -0.00000
vn -0.86602 0.50000 -0.00000
vn -0.86602 0.50000 -0.00000
vn 0.00000 1.00000 -0.00000
vn 0.00000 1.00000 -0.00000
vn 0.00000 1.00000 -0.00000
vn 0.00000 1.00000 -0.00000
vn 0.86602 0.50000 -0.00000
vn 0.86603 0.50000 -0.00000
vn 0.86603 0.50000 -0.00000
vn 0.86602 0.50000 -0.00000
vn 0.56642 -0.32703 0.75645
vn 0.56642 -0.32703 0.75645
vn 0.56642 -0.32702 0.75645
vn 0.56642 -0.32703 0.75645
vn -0.56642 0.32702 0.75645
vn -0.56642 0.32702 0.75646
vn -0.56642 0.32702 0.75646
vn -0.56642 0.32702 0.75645
vn 0.56642 0.32702 0.75646
vn 0.56642 0.32702 0.75646
vn 0.56642 0.32702 0.75646
vn 0.56642 0.32702 0.75646
vn 0.00000 -0.65405 0.75645
vn 0.00000 -0.65405 0.75645
vn 0.00000 -0.65405 0.75645
vn 0.00000 -0.65405 0.75645
vn 0.00000 0.65404 0.75646
vn 0.00000 0.65404 0.75646
vn 0.00000 0.65404 0.75646
vn 0.00000 0.65404 0.75646
vn 0.00000 -0.00000 1.00000
vn 0.00000 -0.00000 1.00000
vn 0.00000 -0.00000 1.00000
vn 0.00000 0.00000 1.00000
vn 0.00000 0.00000 1.00000
vn 0.00000 -0.00000 1.00000
vn -0.00000 -0.00000 -1.00000
vn -0.00000 -0.00000 -1.00000
vn -0.00000 -0.00000 -1.00000
vn 0.00000 -0.00000 -1.00000
vn 0.00000 -0.00000 -1.00000
vn 0.00000 -0.00000 -1.00000
vn 0.86602 -0.50000 0.00000
vn 0.86602 -0.50000 0.00000
vn 0.86602 -0.50000 0.00000
vn 0.86602 -0.50000 0.00000
vn 0.00000 -1.00000 0.00000
vn 0.00000 -1.00000 0.00000
vn 0.00000 -1.00000 0.00000
vn 0.00000 -1.00000 0.00000
vn -0.56642 -0.32702 0.75645
vn -0.56642 -0.32702 0.75645
vn -0.56642 -0.32702 0.75646
vn -0.56642 -0.32703 0.75645
vn -0.86602 -0.50000 0.00000
vn -0.86602 -0.50000 0.00000
vn -0.86602 -0.50000 0.00000
vn -0.86602 -0.50000 0.00000
vn -0.86603 0.50000 -0.00000
vn -0.86603 0.50000 -0.00000
vn -0.86603 0.50000 -0.00000
vn -0.86603 0.50000 -0.00000
vn 0.00000 1.00000 -0.00000
vn 0.00000 1.00000 -0.00000
vn 0.00000 1.00000 -0.00000
vn 0.00000 1.00000 -0.00000
vn 0.86603 0.50000 -0.00000
vn 0.86603 0.50000 -0.00000
vn 0.86603 0.50000 -0.00000
vn 0.86603 0.50000 -0.00000
vn -0.69473 0.71927 -0.00000
vn -0.69473 0.71927 -0.00000
vn -0.69473 0.71927 -0.00000
vn -0.69473 0.71927 -0.00000
vn 0.00000 0.00000 1.00000
vn 0.00000 0.00000 1.00000
vn -0.00000 0.00000 1.00000
vn -0.00000 0.00000 1.00000
vn -0.00000 0.00000 1.00000
vn -0.73220 0.68109 -0.00000
vn -0.73220 0.68109 -0.00000
vn -0.73220 0.68109 -0.00000
vn -0.73220 0.68109 -0.00000
vn -0.76494 -0.64410 0.00000
vn -0.76494 -0.64410 0.00000
vn -0.76494 -0.64410 0.00000
vn -0.76494 -0.64410 0.00000
vn -0.72924 -0.68426 0.00000
vn -0.72924 -0.68426 0.00000
vn -0.72924 -0.68426 0.00000
vn -0.72924 -0.68426 0.00000
vn -0.00000 -0.00000 -1.00000
vn -0.00000 -0.00000 -1.00000
vn -0.00000 -0.00000 -1.00000
vn 0.00000 -0.00000 -1.00000
vn -0.00000 -0.00000 -1.00000
vn 0.00000 -0.00000 -1.00000
vn 0.00000 -0.00000 -1.00000
vn -0.00000 -0.00000 -1.00000
vn 0.00000 -0.00000 -1.00000
vn 0.00000 -0.00000 -1.00000
vn 0.00000 -0.00000 -1.00000
vn 0.00000 -0.00000 -1.00000
vn -0.42587 -0.90478 0.00000
vn -0.42587 -0.90478 0.00000
vn -0.42587 -0.90478 0.00000
vn -0.42587 -0.90478 0.00000
vn -0.96103 -0.27646 0.00000
vn -0.96103 -0.27646 0.00000
vn -0.96103 -0.27646 0.00000
vn -0.96103 -0.27646 0.00000
vn 0.00000 -0.00000 -1.00000
vn 0.00000 -0.00000 -1.00000
vn 0.00000 -0.00000 -1.00000
vn 0.00000 -0.00000 -1.00000
vn 0.00000 0.00000 1.00000
vn 0.00000 0.00000 1.00000
vn 0.00000 0.00000 1.00000
vn 0.00000 -0.00000 -1.00000
vn 0.00000 -0.00000 -1.00000
vn 0.00000 -0.00000 -1.00000
vn 1.00000 -0.00000 -0.00000
vn 1.00000 -0.00000 -0.00000
vn 1.00000 -0.00000 -0.00000
vn 1.00000 -0.00000 -0.00000
vn 0.00000 1.00000 -0.00000
vn 0.00000 1.00000 -0.00000
vn 0.00000 1.00000 -0.00000
vn -0.99988 -0.01556 0.00000
vn -0.99988 -0.01556 0.00000
vn -0.99988 -0.01556 0.00000
vn -0.99988 -0.01556 0.00000
vn -0.93822 0.34604 -0.00000
vn -0.93822 0.34604 -0.00000
vn -0.93822 0.34604 -0.00000
vn -0.93822 0.34604 -0.00000
vn -0.00000 0.00000 1.00000
vn -0.00000 0.00000 1.00000
vn -0.00000 0.00000 1.00000
vn 0.00000 0.00000 1.00000
vn 0.00000 -0.00000 -1.00000
vn 0.00000 -0.00000 -1.00000
vn 0.00000 -0.00000 -1.00000
vn 0.00000 -0.00000 -1.00000
vn 1.00000 -0.00000 -0.00000
vn 1.00000 -0.00000 -0.00000
vn 1.00000 -0.00000 -0.00000
vn 1.00000 -0.00000 -0.00000
vn -0.36642 -0.93045 0.00000
vn -0.36642 -0.93045 0.00000
vn -0.36642 -0.93045 0.00000
vn -0.36642 -0.93045 0.00000
vn -0.99989 0.01472 -0.00000
vn -0.99989 0.01472 -0.00000
vn -0.99989 0.01472 -0.00000
vn -0.99989 0.01472 -0.00000
vn 0.00000 0.00000 1.00000
vn 0.00000 0.00000 1.00000
vn 0.00000 0.00000 1.00000
vn 0.00000 0.00000 1.00000
vn 0.00000 -0.00000 -1.00000
vn -0.00000 -0.00000 -1.00000
vn 0.00000 -0.00000 -1.00000
vn -0.00000 -0.00000 -1.00000
vn 0.01946 -0.99981 0.00000
vn 0.01946 -0.99981 0.00000
vn 0.01946 -0.99981 0.00000
vn 0.01946 -0.99981 0.00000
vn -1.00000 0.00000 0.00000
vn -1.00000 0.00000 0.00000
vn -1.00000 0.00000 0.00000
vn -1.00000 0.00000 0.00000
vn 0.01946 0.99981 -0.00000
vn 0.01946 0.99981 -0.00000
vn 0.01946 0.99981 -0.00000
vn 0.01946 0.99981 -0.00000
vn -0.43272 0.90153 -0.00000
vn -0.43272 0.90153 -0.00000
vn -0.43272 0.90153 -0.00000
vn -0.43272 0.90153 -0.00000
vn -0.56642 -0.32702 0.75645
vn -0.56642 -0.32702 0.75645
vn -0.56642 -0.32702 0.75645
vn -0.56642 -0.32702 0.75645
vn 0.56642 0.32702 0.75645
vn 0.56642 0.32702 0.75645
vn 0.56642 0.32702 0.75646
vn 0.56642 0.32702 0.75645
vn -0.56642 0.32702 0.75646
vn -0.56642 0.32702 0.75646
vn -0.56642 0.32702 0.75646
vn -0.56642 0.32702 0.75646
vn 0.00000 -0.65405 0.75645
vn 0.00000 -0.65405 0.75645
vn 0.00000 -0.65405 0.75645
vn 0.00000 -0.65405 0.75645
vn 0.00000 0.65404 0.75646
vn 0.00000 0.65404 0.75646
vn 0.00000 0.65404 0.75646
vn 0.00000 0.65404 0.75646
vn 0.00000 0.00000 1.00000
vn 0.00000 0.00000 1.00000
vn 0.00000 0.00000 1.00000
vn -0.00000 0.00000 1.00000
vn 0.00000 0.00000 1.00000
vn 0.00000 0.00000 1.00000
vn 0.00000 -0.00000 -1.00000
vn 0.00000 -0.00000 -1.00000
vn 0.00000 -0.00000 -1.00000
vn -0.00000 -0.00000 -1.00000
vn -0.00000 -0.00000 -1.00000
vn -0.00000 -0.00000 -1.00000
vn -0.86602 -0.50000 0.00000
vn -0.86602 -0.50000 0.00000
vn -0.86602 -0.50000 0.00000
vn -0.86602 -0.50000 0.00000
vn 0.00000 -1.00000 0.00000
vn 0.00000 -1.00000 0.00000
vn 0.00000 -1.00000 0.00000
vn 0.00000 -1.00000 0.00000
vn 0.56642 -0.32702 0.75645
vn 0.56642 -0.32702 0.75645
vn 0.56642 -0.32702 0.75646
vn 0.56642 -0.32702 0.75645
vn 0.86602 -0.50000 0.00000
vn 0.86602 -0.50000 0.00000
vn 0.86602 -0.50000 0.00000
vn 0.86602 -0.50000 0.00000
vn 0.86603 0.50000 -0.00000
vn 0.86603 0.50000 -0.00000
vn 0.86603 0.50000 -0.00000
vn 0.86603 0.50000 -0.00000
vn 0.00000 1.00000 -0.00000
vn 0.00000 1.00000 -0.00000
vn 0.00000 1.00000 -0.00000
vn 0.00000 1.00000 -0.00000
vn -0.86603 0.50000 -0.00000
vn -0.86603 0.50000 -0.00000
vn -0.86603 0.50000 -0.00000
vn -0.86603 0.50000 -0.00000
vn -0.56642 -0.32702 0.75645
vn -0.56642 -0.32702 0.75645
vn -0.56642 -0.32702 0.75645
vn -0.56642 -0.32703 0.75645
vn 0.56642 0.32702 0.75646
vn 0.56642 0.32702 0.75645
vn 0.56642 0.32702 0.75646
vn 0.56642 0.32702 0.75645
vn -0.56642 0.32702 0.75646
vn -0.56642 0.32702 0.75646
vn -0.56642 0.32702 0.75646
vn -0.56642 0.32702 0.75646
vn 0.00000 -0.65405 0.75645
vn 0.00000 -0.65405 0.75645
vn 0.00000 -0.65405 0.75645
vn 0.00000 -0.65405 0.75645
vn 0.00000 0.65404 0.75646
vn 0.00000 0.65404 0.75646
vn 0.00000 0.65404 0.75646
vn 0.00000 0.65404 0.75646
vn 0.00000 0.00000 1.00000
vn 0.00000 0.00000 1.00000
vn 0.00000 0.00000 1.00000
vn 0.00000 0.00000 1.00000
vn 0.00000 0.00000 1.00000
vn 0.00000 0.00000 1.00000
vn 0.00000 -0.00000 -1.00000
vn 0.00000 -0.00000 -1.00000
vn 0.00000 -0.00000 -1.00000
vn -0.00000 -0.00000 -1.00000
vn -0.00000 -0.00000 -1.00000
vn -0.00000 -0.00000 -1.00000
vn -0.86602 -0.50000 0.00000
vn -0.86602 -0.50000 0.00000
vn -0.86602 -0.50000 0.00000
vn -0.86602 -0.50000 0.00000
vn 0.00000 -1.00000 0.00000
vn 0.00000 -1.00000 0.00000
vn 0.00000 -1.00000 0.00000
vn 0.00000 -1.00000 0.00000
vn 0.56642 -0.32702 0.75645
vn 0.56642 -0.32702 0.75645
vn 0.56642 -0.32702 0.75645
vn 0.56642 -0.32702 0.75645
vn 0.86602 -0.50000 0.00000
vn 0.86602 -0.50000 0.00000
vn 0.86602 -0.50000 0.00000
vn 0.86602 -0.50000 0.00000
vn 0.86603 0.50000 -0.00000
vn 0.86603 0.50000 -0.00000
vn 0.86603 0.50000 -0.00000
vn 0.86603 0.50000 -0.00000
vn 0.00000 1.00000 -0.00000
vn 0.00000 1.00000 -0.00000
vn 0.00000 1.00000 -0.00000
vn 0.00000 1.00000 -0.00000
vn -0.86603 0.50000 -0.00000
vn -0.86603 0.50000 -0.00000
vn -0.86603 0.50000 -0.00000
vn -0.86603 0.50000 -0.00000
vn -0.56642 -0.32702 0.75645
vn -0.56642 -0.32702 0.75645
vn -0.56642 -0.32702 0.75646
vn -0.56642 -0.32703 0.75645
vn 0.56642 0.32702 0.75645
vn 0.56642 0.32702 0.75645
vn 0.56642 0.32702 0.75646
vn 0.56642 0.32702 0.75645
vn -0.56642 0.32702 0.75646
vn -0.56642 0.32702 0.75646
vn -0.56642 0.32702 0.75646
vn -0.56642 0.32702 0.75646
vn 0.00000 -0.65405 0.75645
vn 0.00000 -0.65405 0.75645
vn 0.00000 -0.65405 0.75645
vn 0.00000 -0.65405 0.75645
vn 0.00000 0.65405 0.75646
vn 0.00000 0.65405 0.75646
vn 0.00000 0.65405 0.75646
vn 0.00000 0.65405 0.75646
vn 0.00000 0.00000 1.00000
vn 0.00000 0.00000 1.00000
vn 0.00000 0.00000 1.00000
vn 0.00000 0.00000 1.00000
vn 0.00000 0.00000 1.00000
vn 0.00000 0.00000 1.00000
vn -0.00000 -0.00000 -1.00000
vn -0.00000 -0.00000 -1.00000
vn -0.00000 -0.00000 -1.00000
vn 0.00000 -0.00000 -1.00000
vn 0.00000 -0.00000 -1.00000
vn 0.00000 -0.00000 -1.00000
vn -0.86602 -0.50000 0.00000
vn -0.86602 -0.50000 0.00000
vn -0.86602 -0.50000 0.00000
vn -0.86602 -0.50000 0.00000
vn 0.00000 -1.00000 0.00000
vn 0.00000 -1.00000 0.00000
vn 0.00000 -1.00000 0.00000
vn 0.00000 -1.00000 0.00000
vn 0.56642 -0.32702 0.75645
vn 0.56642 -0.32702 0.75645
vn 0.56642 -0.32702 0.75646
vn 0.56642 -0.32703 0.75645
vn 0.86602 -0.50000 0.00000
vn 0.86602 -0.50000 0.00000
vn 0.86602 -0.50000 0.00000
vn 0.86602 -0.50000 0.00000
vn 0.86602 0.50000 -0.00000
vn 0.86602 0.50000 -0.00000
vn 0.86602 0.50000 -0.00000
vn 0.86602 0.50000 -0.00000
vn 0.00000 1.00000 -0.00000
vn 0.00000 1.00000 -0.00000
vn 0.00000 1.00000 -0.00000
vn 0.00000 1.00000 -0.00000
vn -0.86603 0.50000 -0.00000
vn -0.86602 0.50000 -0.00000
vn -0.86603 0.50000 -0.00000
vn -0.86602 0.50000 -0.00000
vn -0.56642 -0.32703 0.75645
vn -0.56642 -0.32703 0.75645
vn -0.56642 -0.32702 0.75645
vn -0.56642 -0.32703 0.75645
vn 0.56642 0.32702 0.75646
vn 0.56642 0.32702 0.75645
vn 0.56642 0.32702 0.75646
vn 0.56642 0.32702 0.75645
vn -0.56642 0.32702 0.75646
vn -0.56642 0.32702 0.75646
vn -0.56642 0.32702 0.75646
vn -0.56642 0.32702 0.75646
vn 0.00000 -0.65405 0.75645
vn 0.00000 -0.65405 0.75645
vn 0.00000 -0.65405 0.75645
vn 0.00000 -0.65405 0.75645
vn 0.00000 0.65404 0.75646
vn 0.00000 0.65404 0.75646
vn 0.00000 0.65404 0.75646
vn 0.00000 0.65404 0.75646
vn 0.00000 -0.00000 1.00000
vn 0.00000 -0.00000 1.00000
vn 0.00000 -0.00000 1.00000
vn 0.00000 -0.00000 1.00000
vn 0.00000 0.00000 1.00000
vn 0.00000 0.00000 1.00000
vn -0.00000 -0.00000 -1.00000
vn -0.00000 -0.00000 -1.00000
vn -0.00000 -0.00000 -1.00000
vn 0.00000 -0.00000 -1.00000
vn 0.00000 -0.00000 -1.00000
vn 0.00000 -0.00000 -1.00000
vn -0.86602 -0.50000 0.00000
vn -0.86602 -0.50000 0.00000
vn -0.86602 -0.50000 0.00000
vn -0.86602 -0.50000 0.00000
vn 0.00000 -1.00000 0.00000
vn 0.00000 -1.00000 0.00000
vn 0.00000 -1.00000 0.00000
vn 0.00000 -1.00000 0.00000
vn 0.56642 -0.32702 0.75645
vn 0.56642 -0.32702 0.75645
vn 0.56642 -0.32702 0.75646
vn 0.56642 -0.32703 0.75645
vn 0.86602 -0.50000 0.00000
vn 0.86602 -0.50000 0.00000
vn 0.86602 -0.50000 0.00000
vn 0.86602 -0.50000 0.00000
vn 0.86603 0.50000 -0.00000
vn 0.86603 0.50000 -0.00000
vn 0.86603 0.50000 -0.00000
vn 0.86603 0.50000 -0.00000
vn 0.00000 1.00000 -0.00000
vn 0.00000 1.00000 -0.00000
vn 0.00000 1.00000 -0.00000
vn 0.00000 1.00000 -0.00000
vn -0.86603 0.50000 -0.00000
vn -0.86603 0.50000 -0.00000
vn -0.86603 0.50000 -0.00000
vn -0.86603 0.50000 -0.00000
vn 0.69473 0.71927 -0.00000
vn 0.69473 0.71927 -0.00000
vn 0.69473 0.71927 -0.00000
vn 0.69473 0.71927 -0.00000
vn 0.00000 0.00000 1.00000
vn -0.00000 0.00000 1.00000
vn -0.00000 0.00000 1.00000
vn -0.00000 0.00000 1.00000
vn 0.00000 0.00000 1.00000
vn 0.00000 0.00000 1.00000
vn 0.00000 0.00000 1.00000
vn 0.00000 0.00000 1.00000
vn -0.00000 0.00000 1.00000
vn 0.73220 0.68109 -0.00000
vn 0.73220 0.68109 -0.00000
vn 0.73220 0.68109 -0.00000
vn 0.73220 0.68109 -0.00000
vn 0.76494 -0.64410 0.00000
vn 0.76494 -0.64410 0.00000
vn 0.76494 -0.64410 0.00000
vn 0.76494 -0.64410 0.00000
vn 0.72924 -0.68426 0.00000
vn 0.72924 -0.68426 0.00000
vn 0.72924 -0.68426 0.00000
vn 0.72924 -0.68426 0.00000
vn 0.00000 -0.00000 -1.00000
vn 0.00000 -0.00000 -1.00000
vn 0.00000 -0.00000 -1.00000
vn 0.00000 -0.00000 -1.00000
vn -0.00000 -0.00000 -1.00000
vn 0.00000 -0.00000 -1.00000
vn -0.00000 -0.00000 -1.00000
vn 0.00000 -0.00000 -1.00000
vn -0.00000 -0.00000 -1.00000
vn -0.00000 -0.00000 -1.00000
vn -0.00000 -0.00000 -1.00000
vn -0.00000 -0.00000 -1.00000
vn 0.42587 -0.90478 0.00000
vn 0.42587 -0.90478 0.00000
vn 0.42587 -0.90478 0.00000
vn 0.42587 -0.90478 0.00000
vn 0.96103 -0.27646 0.00000
vn 0.96103 -0.27646 0.00000
vn 0.96103 -0.27646 0.00000
vn 0.96103 -0.27646 0.00000
vn -0.00000 -0.00000 -1.00000
vn -0.00000 -0.00000 -1.00000
vn 0.00000 -0.00000 -1.00000
vn -0.00000 -0.00000 -1.00000
vn 0.00000 0.00000 1.00000
vn 0.00000 0.00000 1.00000
vn 0.00000 0.00000 1.00000
vn 0.00000 -0.00000 -1.00000
vn 0.00000 -0.00000 -1.00000
vn 0.00000 -0.00000 -1.00000
vn 0.00000 1.00000 -0.00000
vn 0.00000 1.00000 -0.00000
vn 0.00000 1.00000 -0.00000
vn 0.99988 -0.01556 0.00000
vn 0.99988 -0.01556 0.00000
vn 0.99988 -0.01556 0.00000
vn 0.99988 -0.01556 0.00000
vn 0.93822 0.34604 -0.00000
vn 0.93822 0.34604 -0.00000
vn 0.93822 0.34604 -0.00000
vn 0.93822 0.34604 -0.00000
vn 0.00000 0.00000 1.00000
vn 0.00000 0.00000 1.00000
vn 0.00000 0.00000 1.00000
vn 0.00000 0.00000 1.00000
vn -0.00000 -0.00000 -1.00000
vn -0.00000 -0.00000 -1.00000
vn 0.00000 -0.00000 -1.00000
vn -0.00000 -0.00000 -1.00000
vn 0.36642 -0.93045 0.00000
vn 0.36642 -0.93045 0.00000
vn 0.36642 -0.93045 0.00000
vn 0.36642 -0.93045 0.00000
vn 0.99989 0.01472 -0.00000
vn 0.99989 0.01472 -0.00000
vn 0.99989 0.01472 -0.00000
vn 0.99989 0.01472 -0.00000
vn -0.00000 0.00000 1.00000
vn -0.00000 0.00000 1.00000
vn -0.00000 0.00000 1.00000
vn -0.00000 0.00000 1.00000
vn 0.00000 -0.00000 -1.00000
vn -0.00000 -0.00000 -1.00000
vn 0.00000 -0.00000 -1.00000
vn -0.00000 -0.00000 -1.00000
vn -0.01946 -0.99981 0.00000
vn -0.01946 -0.99981 0.00000
vn -0.01946 -0.99981 0.00000
vn -0.01946 -0.99981 0.00000
vn 1.00000 0.00000 0.00000
vn 1.00000 0.00000 0.00000
vn 1.00000 0.00000 0.00000
vn 1.00000 0.00000 0.00000
vn -0.01946 0.99981 -0.00000
vn -0.01946 0.99981 -0.00000
vn -0.01946 0.99981 -0.00000
vn -0.01946 0.99981 -0.00000
vn 0.43272 0.90153 -0.00000
vn 0.43272 0.90153 -0.00000
vn 0.43272 0.90153 -0.00000
vn 0.43272 0.90153 -0.00000
vn 0.25517 -0.96690 0.00000
vn 0.25517 -0.96690 0.00000
vn 0.25517 -0.96690 0.00000
vn 0.25517 -0.96690 0.00000
vn 0.53658 0.84385 -0.00000
vn 0.53658 0.84385 -0.00000
vn 0.53658 0.84385 -0.00000
vn 0.53658 0.84385 -0.00000
vn 0.12010 -0.99276 0.00000
vn 0.12010 -0.99276 0.00000
vn 0.12010 -0.99276 0.00000
vn 0.12010 -0.99276 0.00000
vn 0.00000 0.00000 1.00000
vn 0.00000 0.00000 1.00000
vn 0.00000 0.00000 1.00000
vn 0.00000 0.00000 1.00000
vn 0.00000 0.00000 1.00000
vn 0.00000 0.00000 1.00000
vn 0.00000 0.00000 1.00000
vn 0.00000 0.00000 1.00000
vn 0.00000 0.00000 1.00000
vn 0.00000 0.00000 1.00000
vn 0.00000 0.00000 1.00000
vn 0.00000 0.00000 1.00000
vn 0.69414 0.71984 -0.00000
vn 0.69414 0.71984 -0.00000
vn 0.69414 0.71984 -0.00000
vn 0.69414 0.71984 -0.00000
vn 1.00000 0.00000 0.00000
vn 1.00000 0.00000 0.00000
vn 1.00000 0.00000 0.00000
vn 1.00000 0.00000 0.00000
vn 0.00000 0.00000 1.00000
vn -0.00000 0.00000 1.00000
vn -0.00000 0.00000 1.00000
vn -0.00000 0.00000 1.00000
vn 0.00000 0.00000 1.00000
vn 0.00000 0.00000 1.00000
vn 0.00000 0.00000 1.00000
vn 0.00000 0.00000 1.00000
vn -0.13437 0.99093 -0.00000
vn -0.13437 0.99093 -0.00000
vn -0.13437 0.99093 -0.00000
vn -0.13437 0.99093 -0.00000
vn 0.00000 -0.00000 -1.00000
vn -0.00000 -0.00000 -1.00000
vn -0.00000 -0.00000 -1.00000
vn 0.00000 -0.00000 -1.00000
vn 0.00000 0.00000 0.00000
vn 0.00000 0.00000 0.00000
vn 0.00000 0.00000 0.00000
vn 0.00000 0.00000 0.00000
vn -0.62219 -0.78287 0.00016
vn -0.62222 -0.78284 0.00006
vn -0.62224 -0.78283 0.00001
vn -0.62218 -0.78288 0.00020
vn -0.58047 -0.81428 0.00006
vn -0.58044 -0.81430 0.00014
vn -0.58041 -0.81432 0.00020
vn -0.58050 -0.81426 0.00000
vn 0.00000 0.00000 0.00000
vn 0.00000 0.00000 0.00000
vn 0.00000 -0.00000 -1.00000
vn 0.00000 -0.00000 -1.00000
vn 0.00000 -0.00000 -1.00000
vn 0.00000 -0.00000 -1.00000
vn -1.00000 -0.00000 0.00000
vn -1.00000 0.00000 0.00002
vn -1.00000 -0.00000 0.00002
vn -1.00000 -0.00000 0.00000
vn -0.21257 0.97715 -0.00000
vn -0.21257 0.97715 -0.00000
vn -0.21257 0.97715 -0.00000
vn -0.21257 0.97715 -0.00000
vn -0.25517 -0.96690 0.00000
vn -0.25517 -0.96690 0.00000
vn -0.25517 -0.96690 0.00000
vn -0.25517 -0.96690 0.00000
vn -0.53658 0.84385 -0.00000
vn -0.53658 0.84385 -0.00000
vn -0.53658 0.84385 -0.00000
vn -0.53658 0.84385 -0.00000
vn -0.12010 -0.99276 0.00000
vn -0.12010 -0.99276 0.00000
vn -0.12010 -0.99276 0.00000
vn -0.12010 -0.99276 0.00000
vn -0.00000 0.00000 1.00000
vn -0.00000 0.00000 1.00000
vn -0.00000 0.00000 1.00000
vn -0.00000 0.00000 1.00000
vn -0.00000 0.00000 1.00000
vn -0.00000 0.00000 1.00000
vn -0.00000 0.00000 1.00000
vn -0.00000 0.00000 1.00000
vn -0.00000 0.00000 1.00000
vn -0.00000 0.00000 1.00000
vn -0.00000 0.00000 1.00000
vn -0.00000 0.00000 1.00000
vn -0.69414 0.71984 -0.00000
vn -0.69414 0.71984 -0.00000
vn -0.69414 0.71984 -0.00000
vn -0.69414 0.71984 -0.00000
vn -1.00000 0.00000 0.00000
vn -1.00000 0.00000 0.00000
vn -1.00000 0.00000 0.00000
vn -1.00000 0.00000 0.00000
vn 0.00000 0.00000 1.00000
vn -0.00000 0.00000 1.00000
vn 0.00000 0.00000 1.00000
vn 0.00000 0.00000 1.00000
vn -0.00000 0.00000 1.00000
vn -0.00000 0.00000 1.00000
vn -0.00000 0.00000 1.00000
vn -0.00000 0.00000 1.00000
vn 0.00000 0.00000 0.00000
vn 0.13437 0.99093 -0.00000
vn 0.13437 0.99093 -0.00000
vn 0.13437 0.99093 -0.00000
vn 0.13437 0.99093 -0.00000
vn 0.00000 -0.00000 -1.00000
vn -0.00000 -0.00000 -1.00000
vn 0.00000 -0.00000 -1.00000
vn -0.00000 -0.00000 -1.00000
vn 0.00000 0.00000 0.00000
vn 0.00000 0.00000 0.00000
vn 0.62219 -0.78287 0.00016
vn 0.62222 -0.78284 0.00006
vn 0.62218 -0.78288 0.00020
vn 0.62224 -0.78283 0.00001
vn 0.58047 -0.81428 0.00006
vn 0.58044 -0.81430 0.00014
vn 0.58050 -0.81426 0.00000
vn 0.58041 -0.81432 0.00020
vn 0.00000 0.00000 0.00000
vn -0.00000 -0.00000 -1.00000
vn -0.00000 -0.00000 -1.00000
vn -0.00000 -0.00000 -1.00000
vn -0.00000 -0.00000 -1.00000
vn 1.00000 -0.00000 0.00000
vn 1.00000 -0.00000 0.00002
vn 1.00000 0.00000 0.00002
vn 1.00000 -0.00000 0.00000
vn 0.21257 0.97715 -0.00000
vn 0.21257 0.97715 -0.00000
vn 0.21257 0.97715 -0.00000
vn 0.21257 0.97715 -0.00000
f 1//1 2//2 3//3
f 2//2 1//1 4//4
f 5//5 6//6 7//7
f 6//6 5//5 8//8
f 9//9 10//10 11//11
f 10//10 9//9 12//12
f 13//13 14//14 15//15
f 14//14 13//13 16//16
f 17//17 18//18 19//19
f 19//19 18//18 20//20
f 21//21 22//22 23//23
f 21//21 23//23 24//24
f 22//22 21//21 25//25
f 23//23 22//22 26//26
f 27//27 28//28 29//29
f 28//28 27//27 30//30
f 31//31 30//30 32//32
f 30//30 31//31 28//28
f 33//33 34//34 35//35
f 34//34 33//33 36//36
f 37//37 38//38 39//39
f 37//37 40//40 38//38
f 41//41 42//42 43//43
f 42//42 41//41 44//44
f 45//45 46//46 47//47
f 48//48 47//47 46//46
f 49//49 50//50 51//51
f 52//52 51//51 50//50
f 53//53 54//54 55//55
f 56//56 54//54 53//53
f 57//57 58//58 59//59
f 58//58 57//57 60//60
f 61//61 62//62 63//63
f 62//62 61//61 64//64
f 65//65 66//66 67//67
f 66//66 65//65 68//68
f 69//69 70//70 71//71
f 70//70 69//69 72//72
f 73//73 74//74 75//75
f 74//74 73//73 76//76
f 77//77 78//78 79//79
f 79//79 78//78 80//80
f 81//81 82//82 83//83
f 84//84 82//82 85//85
f 82//82 81//81 85//85
f 82//82 84//84 86//86
f 87//87 88//88 89//89
f 88//88 87//87 90//90
f 91//91 90//90 92//92
f 90//90 91//91 88//88
f 93//93 94//94 95//95
f 94//94 93//93 96//96
f 97//97 98//98 99//99
f 97//97 100//100 98//98
f 101//101 102//102 103//103
f 103//103 102//102 104//104
f 105//105 106//106 107//107
f 108//108 107//107 106//106
f 109//109 110//110 111//111
f 112//112 111//111 110//110
f 113//113 114//114 115//115
f 116//116 114//114 113//113
f 117//117 118//118 119//119
f 118//118 117//117 120//120
f 121//121 122//122 123//123
f 123//123 122//122 124//124
f 125//125 126//126 127//127
f 126//126 125//125 128//128
f 129//129 130//130 131//131
f 130//130 129//129 132//132
f 133//133 134//134 135//135
f 134//134 133//133 136//136
f 137//137 138//138 139//139
f 139//139 138//138 140//140
f 141//141 142//142 143//143
f 144//144 142//142 145//145
f 142//142 144//144 143//143
f 142//142 141//141 146//146
f 147//147 148//148 149//149
f 148//148 147//147 150//150
f 151//151 150//150 152//152
f 150//150 151//151 148//148
f 153//153 154//154 155//155
f 154//154 153//153 156//156
f 157//157 158//158 159//159
f 157//157 160//160 158//158
f 161//161 162//162 163//163
f 162//162 161//161 164//164
f 165//165 166//166 167//167
f 168//168 167//167 166//166
f 169//169 170//170 171//171
f 172//172 171//171 170//170
f 173//173 174//174 175//175
f 176//176 174//174 173//173
f 177//177 178//178 179//179
f 178//178 177//177 180//180
f 181//181 182//182 183//183
f 182//182 181//181 184//184
f 185//185 186//186 187//187
f 186//186 185//185 188//188
f 189//189 190//190 191//191
f 190//190 189//189 192//192
f 193//193 194//194 195//195
f 194//194 193//193 196//196
f 197//197 198//198 199//199
f 199//199 198//198 200//200
f 201//201 202//202 203//203
f 204//204 202//202 205//205
f 202//202 201//201 206//206
f 202//202 204//204 203//203
f 207//207 208//208 209//209
f 208//208 207//207 210//210
f 211//211 210//210 212//212
f 210//210 211//211 208//208
f 213//213 214//214 215//215
f 214//214 213//213 216//216
f 217//217 218//218 219//219
f 217//217 220//220 218//218
f 221//221 222//222 223//223
f 222//222 221//221 224//224
f 225//225 226//226 227//227
f 228//228 227//227 226//226
f 229//229 230//230 231//231
f 232//232 231//231 230//230
f 233//233 234//234 235//235
f 236//236 234//234 233//233
f 237//237 238//238 239//239
f 238//238 237//237 240//240
f 241//241 242//242 243//243
f 242//242 241//241 244//244
f 245//245 246//246 247//247
f 247//247 248//248 249//249
f 250//250 251//251 252//252
f 253//253 251//251 250//250
f 254//254 255//255 256//256
f 257//257 255//255 254//254
f 258//258 259//259 260//260
f 261//261 259//259 258//258
f 262//262 263//263 264//264
f 263//263 262//262 265//265
f 266//266 267//267 268//268
f 269//269 267//267 266//266
f 270//270 271//271 272//272
f 273//273 271//271 270//270
f 274//274 275//275 276//276
f 274//274 276//276 277//277
f 278//278 279//279 280//280
f 279//279 278//278 281//281
f 282//282 283//283 284//284
f 283//283 282//282 285//285
f 286//286 287//287 288//288
f 289//289 290//290 291//291
f 292//292 293//293 294//294
f 295//295 293//293 292//292
f 296//296 297//297 298//298
f 299//299 300//300 301//301
f 300//300 299//299 302//302
f 303//303 304//304 305//305
f 304//304 303//303 306//306
f 307//307 308//308 309//309
f 310//310 308//308 307//307
f 311//311 312//312 313//313
f 312//312 311//311 314//314
f 315//315 316//316 317//317
f 316//316 315//315 318//318
f 319//319 320//320 321//321
f 319//319 322//322 320//320
f 323//323 324//324 325//325
f 325//325 326//326 323//323
f 327//327 328//328 329//329
f 330//330 329//329 328//328
f 331//331 332//332 333//333
f 334//334 333//333 332//332
f 335//335 336//336 337//337
f 335//335 338//338 336//336
f 339//339 340//340 341//341
f 340//340 339//339 342//342
f 343//343 344//344 345//345
f 344//344 343//343 346//346
f 347//347 348//348 349//349
f 347//347 349//349 350//350
f 351//351 352//352 353//353
f 352//352 351//351 354//354
f 355//355 356//356 357//357
f 355//355 358//358 356//356
f 359//359 360//360 361//361
f 360//360 359//359 362//362
f 363//363 364//364 365//365
f 363//363 366//366 364//364
f 367//367 368//368 369//369
f 367//367 369//369 370//370
f 371//371 372//372 373//373
f 372//372 374//374 375//375
f 374//374 372//372 371//371
f 374//374 371//371 376//376
f 377//377 378//378 379//379
f 380//380 381//381 382//382
f 381//381 380//380 377//377
f 381//381 377//377 379//379
f 383//383 384//384 385//385
f 383//383 386//386 384//384
f 387//387 388//388 389//389
f 388//388 387//387 390//390
f 391//391 392//392 393//393
f 392//392 391//391 394//394
f 395//395 396//396 397//397
f 396//396 395//395 398//398
f 399//399 400//400 401//401
f 400//400 399//399 402//402
f 403//403 404//404 405//405
f 406//406 403//403 405//405
f 407//407 408//408 409//409
f 407//407 410//410 408//408
f 411//411 412//412 413//413
f 412//412 411//411 414//414
f 415//415 416//416 417//417
f 415//415 418//418 416//416
f 419//419 420//420 421//421
f 420//420 419//419 422//422
f 423//423 424//424 425//425
f 423//423 426//426 424//424
f 427//427 428//428 429//429
f 427//427 430//430 428//428
f 431//431 432//432 433//433
f 434//434 432//432 431//431
f 432//432 435//435 436//436
f 432//432 434//434 435//435
f 437//437 438//438 439//439
f 440//440 441//441 442//442
f 441//441 437//437 439//439
f 441//441 440//440 437//437
f 443//443 444//444 445//445
f 443//443 446//446 444//444
f 447//447 448//448 449//449
f 448//448 447//447 450//450
f 451//451 452//452 453//453
f 451//451 453//453 454//454
f 455//455 456//456 457//457
f 455//455 458//458 456//456
f 459//459 460//460 461//461
f 459//459 462//462 460//460
f 463//463 464//464 465//465
f 466//466 463//463 465//465
f 467//467 468//468 469//469
f 467//467 470//470 468//468
f 471//471 472//472 473//473
f 472//472 471//471 474//474
f 475//475 476//476 477//477
f 475//475 478//478 476//476
f 479//479 480//480 481//481
f 480//480 479//479 482//482
f 483//483 484//484 485//485
f 483//483 485//485 486//486
f 487//487 488//488 489//489
f 487//487 490//490 488//488
f 491//491 492//492 493//493
f 494//494 492//492 491//491
f 492//492 495//495 496//496
f 492//492 494//494 495//495
f 497//497 498//498 499//499
f 500//500 501//501 502//502
f 501//501 497//497 499//499
f 501//501 500//500 497//497
f 503//503 504//504 505//505
f 503//503 506//506 504//504
f 507//507 508//508 509//509
f 508//508 507//507 510//510
f 511//511 512//512 513//513
f 512//512 511//511 514//514
f 515//515 516//516 517//517
f 515//515 518//518 516//516
f 519//519 520//520 521//521
f 520//520 519//519 522//522
f 523//523 524//524 525//525
f 526//526 523//523 525//525
f 527//527 528//528 529//529
f 527//527 530//530 528//528
f 531//531 532//532 533//533
f 532//532 531//531 534//534
f 535//535 536//536 537//537
f 535//535 538//538 536//536
f 539//539 540//540 541//541
f 540//540 539//539 542//542
f 543//543 544//544 545//545
f 543//543 545//545 546//546
f 547//547 548//548 549//549
f 548//548 547//547 550//550
f 551//551 552//552 553//553
f 554//554 552//552 551//551
f 552//552 555//555 556//556
f 552//552 554//554 555//555
f 557//557 558//558 559//559
f 560//560 561//561 562//562
f 561//561 557//557 559//559
f 561//561 560//560 557//557
f 563//563 564//564 565//565
f 563//563 566//566 564//564
f 567//567 568//568 569//569
f 568//568 567//567 570//570
f 571//571 572//572 573//573
f 572//572 571//571 574//574
f 575//575 576//576 577//577
f 575//575 578//578 576//576
f 579//579 580//580 581//581
f 579//579 582//582 580//580
f 583//583 584//584 585//585
f 586//586 583//583 585//585
f 587//587 588//588 589//589
f 588//588 587//587 590//590
f 591//591 592//592 593//593
f 591//591 593//593 594//594
f 595//595 247//247 249//249
f 595//595 249//249 596//596
f 597//597 596//596 598//598
f 599//599 600//600 601//601
f 600//600 599//599 602//602
f 248//248 247//247 246//246
f 603//603 248//248 246//246
f 603//603 598//598 248//248
f 604//604 605//605 606//606
f 605//605 604//604 607//607
f 608//608 609//609 610//610
f 609//609 608//608 611//611
f 612//612 613//613 614//614
f 613//613 612//612 615//615
f 616//616 617//617 618//618
f 617//617 616//616 619//619
f 620//620 621//621 622//622
f 621//621 620//620 623//623
f 624//624 625//625 626//626
f 624//624 627//627 625//625
f 628//628 629//629 630//630
f 629//629 628//628 631//631
f 632//632 633//633 634//634
f 632//632 635//635 633//633
f 636//636 637//637 638//638
f 636//636 639//639 637//637
f 640//640 287//287 641//641
f 287//287 640//640 642//642
f 287//287 286//286 641//641
f 290//290 643//643 291//291
f 290//290 289//289 644//644
f 645//645 643//643 290//290
f 646//646 647//647 648//648
f 297//297 296//296 647//647
f 297//297 647//647 646//646
f 649//649 650//650 651//651
f 650//650 649//649 652//652
f 653//653 654//654 655//655
f 654//654 653//653 656//656
f 657//657 658//658 659//659
f 657//657 659//659 660//660
f 661//661 662//662 663//663
f 662//662 661//661 664//664
f 665//665 666//666 667//667
f 666//666 665//665 668//668
f 669//669 670//670 671//671
f 672//672 670//670 669//669
f 673//673 674//674 675//675
f 674//674 673//673 676//676
f 677//677 678//678 679//679
f 677//677 680//680 678//678
f 681//681 682//682 683//683
f 682//682 681//681 684//684
f 685//685 686//686 687//687
f 686//686 685//685 688//688
f 689//689 690//690 691//691
f 690//690 689//689 692//692
f 693//693 694//694 695//695
f 694//694 693//693 696//696
f 697//697 698//698 699//699
f 700//700 699//699 698//698
f 701//701 702//702 703//703
f 702//702 701//701 704//704
f 705//705 706//706 707//707
f 708//708 707//707 706//706
f 709//709 710//710 711//711
f 712//712 710//710 709//709
f 713//713 714//714 715//715
f 714//714 713//713 716//716
f 717//717 718//718 719//719
f 718//718 717//717 720//720
f 721//721 722//722 723//723
f 722//722 721//721 724//724
f 725//725 726//726 727//727
f 728//728 726//726 725//725
f 729//729 730//730 731//731
f 732//732 731//731 730//730
f 733//733 734//734 735//735
f 734//734 733//733 736//736
f 737//737 738//738 739//739
f 740//740 738//738 737//737
f 741//741 742//742 743//743
f 743//743 744//744 741//741
f 745//745 745//745 746//746
f 745//745 745//745 747//747
f 745//745 745//745 746//746
f 745//745 745//745 747//747
f 745//745 745//745 747//747
f 745//745 745//745 746//746
f 745//745 745//745 746//746
f 745//745 745//745 747//747
f 746//746 746//746 745//745
f 746//746 746//746 745//745
f 746//746 746//746 745//745
f 746//746 746//746 748//748
f 746//746 746//746 748//748
f 746//746 746//746 745//745
f 746//746 746//746 748//748
f 746//746 746//746 748//748
f 749//749 750//750 751//751
f 750//750 749//749 752//752
f 753//753 754//754 755//755
f 754//754 753//753 756//756
f 757//757 757//757 747//747
f 757//757 757//757 758//758
f 757//757 757//757 747//747
f 757//757 757//757 758//758
f 757//757 757//757 758//758
f 757//757 757//757 758//758
f 757//757 757//757 747//747
f 757//757 757//757 747//747
f 747//747 747//747 745//745
f 747//747 747//747 757//757
f 747//747 747//747 757//757
f 747//747 747//747 745//745
f 747//747 747//747 757//757
f 747//747 747//747 745//745
f 747//747 747//747 757//757
f 747//747 747//747 745//745
f 759//759 760//760 761//761
f 761//761 762//762 759//759
f 763//763 764//764 765//765
f 765//765 766//766 763//763
f 767//767 768//768 769//769
f 767//767 769//769 770//770
f 771//771 772//772 773//773
f 771//771 773//773 774//774
f 775//775 776//776 777//777
f 775//775 777//777 778//778
f 779//779 780//780 781//781
f 779//779 781//781 782//782
f 783//783 784//784 785//785
f 783//783 786//786 784//784
f 787//787 788//788 789//789
f 788//788 787//787 790//790
f 791//791 792//792 793//793
f 792//792 791//791 794//794
f 795//795 796//796 797//797
f 795//795 797//797 798//798
f 799//799 800//800 801//801
f 800//800 799//799 802//802
f 803//803 804//804 805//805
f 803//803 805//805 806//806
f 807//807 808//808 809//809
f 808//808 807//807 810//810
f 758//758 758//758 757//757
f 758//758 758//758 757//757
f 758//758 758//758 757//757
f 758//758 758//758 757//757
f 748//748 748//748 746//746
f 748//748 811//811 748//748
f 748//748 811//811 748//748
f 748//748 811//811 748//748
f 748//748 811//811 748//748
f 748//748 748//748 746//746
f 748//748 748//748 746//746
f 748//748 748//748 746//746
f 812//812 813//813 814//814
f 815//815 812//812 814//814
f 816//816 817//817 818//818
f 818//818 817//817 819//819
f 820//820 821//821 820//820
f 820//820 821//821 820//820
f 820//820 821//821 820//820
f 820//820 821//821 820//820
f 811//811 820//820 811//811
f 811//811 820//820 811//811
f 811//811 820//820 811//811
f 811//811 820//820 811//811
f 822//822 823//823 824//824
f 823//823 822//822 825//825
f 826//826 827//827 828//828
f 827//827 826//826 829//829
f 830//830 758//758 830//830
f 830//830 758//758 830//830
f 830//830 758//758 830//830
f 830//830 758//758 830//830
f 821//821 830//830 821//821
f 821//821 830//830 821//821
f 821//821 830//830 821//821
f 821//821 830//830 821//821
f 831//831 832//832 833//833
f 833//833 832//832 834//834
f 835//835 836//836 837//837
f 838//838 836//836 835//835
f 839//839 840//840 841//841
f 842//842 841//841 840//840
o Shield_Heater_1
usemtl DarkWood
v -0.49135 0.23555 -0.22258
v -0.31664 0.37433 -0.21331
v -0.49135 0.37433 -0.21331
v -0.31664 0.23555 -0.22258
v -0.49135 0.23555 -0.29371
v -0.49135 0.37433 -0.21331
v -0.49135 0.39754 -0.28946
v -0.49135 0.23555 -0.22258
v -0.31664 0.37433 -0.21331
v -0.31664 0.23555 -0.22258
v -0.31664 0.23555 -0.29371
v -0.31664 0.39754 -0.28946
v -0.31664 0.47175 -0.16892
v -0.49135 0.37433 -0.21331
v -0.31664 0.37433 -0.21331
v -0.49135 0.47175 -0.16892
v -0.49135 0.47175 -0.16892
v -0.49135 0.39754 -0.28946
v -0.49135 0.37433 -0.21331
v -0.49135 0.56497 -0.20670
v -0.31664 0.47175 -0.16892
v -0.31664 0.39754 -0.28946
v -0.31664 0.56497 -0.20670
v -0.31664 0.37433 -0.21331
v -0.31664 0.39754 -0.28946
v -0.31664 0.23555 -0.29371
v -0.49135 0.23555 -0.29371
v -0.49135 0.39754 -0.28946
v -0.49135 0.56497 -0.20670
v -0.49135 0.57444 0.00771
v -0.31664 0.57444 0.00771
v -0.31664 0.56497 -0.20670
v -0.49135 0.47175 -0.16892
v -0.31664 0.50314 0.00771
v -0.49135 0.50314 0.00771
v -0.31664 0.47175 -0.16892
v -0.31664 0.50314 0.00771
v -0.49135 0.57444 0.00771
v -0.49135 0.50314 0.00771
v -0.31664 0.57444 0.00771
v -0.49135 0.57444 0.00771
v -0.49135 0.47175 -0.16892
v -0.49135 0.50314 0.00771
v -0.49135 0.56497 -0.20670
v -0.31664 0.39754 -0.28946
v -0.49135 0.56497 -0.20670
v -0.31664 0.56497 -0.20670
v -0.49135 0.39754 -0.28946
v -0.31664 0.47175 -0.16892
v -0.31664 0.57444 0.00771
v -0.31664 0.50314 0.00771
v -0.31664 0.56497 -0.20670
v -0.31664 0.09678 -0.21331
v -0.49135 0.23555 -0.22258
v -0.49135 0.09678 -0.21331
v -0.31664 0.23555 -0.22258
v -0.49135 0.09678 -0.21331
v -0.49135 0.23555 -0.29371
v -0.49135 0.07357 -0.28946
v -0.49135 0.23555 -0.22258
v -0.31664 0.23555 -0.29371
v -0.31664 0.09678 -0.21331
v -0.31664 0.07357 -0.28946
v -0.31664 0.23555 -0.22258
v -0.31664 -0.00064 -0.16892
v -0.49135 0.09678 -0.21331
v -0.49135 -0.00064 -0.16892
v -0.31664 0.09678 -0.21331
v -0.49135 0.07357 -0.28946
v -0.49135 -0.00064 -0.16892
v -0.49135 0.09678 -0.21331
v -0.49135 -0.09386 -0.20670
v -0.31664 -0.00064 -0.16892
v -0.31664 0.07357 -0.28946
v -0.31664 0.09678 -0.21331
v -0.31664 -0.09386 -0.20670
v -0.49135 0.23555 -0.29371
v -0.31664 0.07357 -0.28946
v -0.49135 0.07357 -0.28946
v -0.31664 0.23555 -0.29371
v -0.31664 -0.10333 0.00771
v -0.49135 -0.09386 -0.20670
v -0.31664 -0.09386 -0.20670
v -0.49135 -0.10333 0.00771
v -0.31664 -0.03203 0.00771
v -0.49135 -0.00064 -0.16892
v -0.49135 -0.03203 0.00771
v -0.31664 -0.00064 -0.16892
v -0.31664 -0.03203 0.00771
v -0.49135 -0.03203 0.00771
v -0.31664 -0.10333 0.00771
v -0.49135 -0.10333 0.00771
v -0.49135 -0.03203 0.00771
v -0.49135 -0.00064 -0.16892
v -0.49135 -0.10333 0.00771
v -0.49135 -0.09386 -0.20670
v -0.49135 0.07357 -0.28946
v -0.31664 -0.09386 -0.20670
v -0.49135 -0.09386 -0.20670
v -0.31664 0.07357 -0.28946
v -0.31664 -0.00064 -0.16892
v -0.31664 -0.10333 0.00771
v -0.31664 -0.09386 -0.20670
v -0.31664 -0.03203 0.00771
v 0.31664 0.37433 -0.21331
v 0.31664 0.23555 -0.22258
v 0.49135 0.23555 -0.22258
v 0.49135 0.37433 -0.21331
v 0.31664 0.23555 -0.29371
v 0.31664 0.37433 -0.21331
v 0.31664 0.39754 -0.28946
v 0.31664 0.23555 -0.22258
v 0.49135 0.37433 -0.21331
v 0.49135 0.23555 -0.22258
v 0.49135 0.23555 -0.29371
v 0.49135 0.39754 -0.28946
v 0.49135 0.47175 -0.16892
v 0.31664 0.37433 -0.21331
v 0.49135 0.37433 -0.21331
v 0.31664 0.47175 -0.16892
v 0.31664 0.47175 -0.16892
v 0.31664 0.39754 -0.28946
v 0.31664 0.37433 -0.21331
v 0.31664 0.56497 -0.20670
v 0.49135 0.47175 -0.16892
v 0.49135 0.39754 -0.28946
v 0.49135 0.56497 -0.20670
v 0.49135 0.37433 -0.21331
v 0.49135 0.39754 -0.28946
v 0.49135 0.23555 -0.29371
v 0.31664 0.23555 -0.29371
v 0.31664 0.39754 -0.28946
v 0.31664 0.57444 0.00771
v 0.49135 0.56497 -0.20670
v 0.31664 0.56497 -0.20670
v 0.49135 0.57444 0.00771
v 0.31664 0.47175 -0.16892
v 0.49135 0.50314 0.00771
v 0.31664 0.50314 0.00771
v 0.49135 0.47175 -0.16892
v 0.49135 0.57444 0.00771
v 0.31664 0.50314 0.00771
v 0.49135 0.50314 0.00771
v 0.31664 0.57444 0.00771
v 0.31664 0.57444 0.00771
v 0.31664 0.56497 -0.20670
v 0.31664 0.47175 -0.16892
v 0.31664 0.50314 0.00771
v 0.49135 0.56497 -0.20670
v 0.49135 0.39754 -0.28946
v 0.31664 0.39754 -0.28946
v 0.31664 0.56497 -0.20670
v 0.49135 0.47175 -0.16892
v 0.49135 0.57444 0.00771
v 0.49135 0.50314 0.00771
v 0.49135 0.56497 -0.20670
v 0.49135 0.09678 -0.21331
v 0.31664 0.23555 -0.22258
v 0.31664 0.09678 -0.21331
v 0.49135 0.23555 -0.22258
v 0.31664 0.09678 -0.21331
v 0.31664 0.23555 -0.29371
v 0.31664 0.07357 -0.28946
v 0.31664 0.23555 -0.22258
v 0.49135 0.23555 -0.29371
v 0.49135 0.09678 -0.21331
v 0.49135 0.07357 -0.28946
v 0.49135 0.23555 -0.22258
v 0.49135 -0.00064 -0.16892
v 0.31664 0.09678 -0.21331
v 0.31664 -0.00064 -0.16892
v 0.49135 0.09678 -0.21331
v 0.31664 0.07357 -0.28946
v 0.31664 -0.00064 -0.16892
v 0.31664 0.09678 -0.21331
v 0.31664 -0.09386 -0.20670
v 0.49135 -0.00064 -0.16892
v 0.49135 0.07357 -0.28946
v 0.49135 0.09678 -0.21331
v 0.49135 -0.09386 -0.20670
v 0.31664 0.07357 -0.28946
v 0.49135 0.23555 -0.29371
v 0.49135 0.07357 -0.28946
v 0.31664 0.23555 -0.29371
v 0.49135 -0.09386 -0.20670
v 0.31664 -0.10334 0.00771
v 0.31664 -0.09386 -0.20670
v 0.49135 -0.10334 0.00771
v 0.49135 -0.03203 0.00771
v 0.31664 -0.00064 -0.16892
v 0.31664 -0.03203 0.00771
v 0.49135 -0.00064 -0.16892
v 0.49135 -0.03203 0.00771
v 0.31664 -0.03203 0.00771
v 0.49135 -0.10334 0.00771
v 0.31664 -0.10334 0.00771
v 0.31664 -0.03203 0.00771
v 0.31664 -0.00064 -0.16892
v 0.31664 -0.10334 0.00771
v 0.31664 -0.09386 -0.20670
v 0.31664 0.07357 -0.28946
v 0.49135 -0.09386 -0.20670
v 0.31664 -0.09386 -0.20670
v 0.49135 0.07357 -0.28946
v 0.49135 -0.00064 -0.16892
v 0.49135 -0.10334 0.00771
v 0.49135 -0.09386 -0.20670
v 0.49135 -0.03203 0.00771
v -0.81551 -0.41781 0.10575
v -0.42546 1.01828 0.10575
v -0.81551 0.91535 0.10575
v -0.42546 -0.79393 0.10575
v -0.42546 -0.79393 0.10575
v 0.00000 1.06975 0.10575
v -0.42546 1.01828 0.10575
v -0.00000 -1.06447 0.10575
v 0.81551 -0.41781 0.10575
v 0.42546 1.01828 0.10575
v 0.42546 -0.79393 0.10575
v 0.81551 0.91535 0.10575
v 0.42546 -0.79393 0.10575
v 0.00000 1.06975 0.10575
v -0.00000 -1.06447 0.10575
v 0.42546 1.01828 0.10575
vn -0.00000 -0.06665 0.99778
vn -0.00000 -0.06665 0.99778
vn -0.00000 -0.06665 0.99778
vn 0.00000 -0.06665 0.99778
vn -1.00000 0.00000 0.00000
vn -1.00000 0.00000 0.00000
vn -1.00000 0.00000 0.00000
vn -1.00000 0.00000 0.00000
vn 1.00000 -0.00000 -0.00000
vn 1.00000 -0.00000 -0.00000
vn 1.00000 -0.00000 -0.00000
vn 1.00000 -0.00000 -0.00000
vn -0.00000 -0.41466 0.90998
vn -0.00000 -0.41466 0.90998
vn -0.00000 -0.41466 0.90998
vn -0.00000 -0.41466 0.90998
vn -1.00000 0.00000 0.00000
vn -1.00000 0.00000 0.00000
vn -1.00000 0.00000 0.00000
vn -1.00000 0.00000 0.00000
vn 1.00000 -0.00000 0.00000
vn 1.00000 -0.00000 -0.00000
vn 1.00000 -0.00000 0.00000
vn 1.00000 0.00000 -0.00000
vn 0.00000 0.02623 -0.99966
vn 0.00000 0.02623 -0.99966
vn 0.00000 0.02623 -0.99966
vn 0.00000 0.02623 -0.99966
vn 0.00000 0.99903 -0.04413
vn 0.00000 0.99903 -0.04413
vn 0.00000 0.99903 -0.04413
vn 0.00000 0.99903 -0.04413
vn -0.00000 -0.98457 0.17498
vn -0.00000 -0.98457 0.17498
vn -0.00000 -0.98457 0.17498
vn -0.00000 -0.98457 0.17498
vn 0.00000 0.00000 1.00000
vn 0.00000 0.00000 1.00000
vn 0.00000 0.00000 1.00000
vn 0.00000 0.00000 1.00000
vn -1.00000 0.00000 -0.00000
vn -1.00000 0.00000 -0.00000
vn -1.00000 0.00000 -0.00000
vn -1.00000 0.00000 -0.00000
vn 0.00000 0.44313 -0.89646
vn 0.00000 0.44313 -0.89646
vn 0.00000 0.44313 -0.89646
vn 0.00000 0.44313 -0.89646
vn 1.00000 -0.00000 0.00000
vn 1.00000 -0.00000 0.00000
vn 1.00000 -0.00000 0.00000
vn 1.00000 -0.00000 0.00000
vn -0.00000 0.06665 0.99778
vn -0.00000 0.06665 0.99778
vn -0.00000 0.06665 0.99778
vn 0.00000 0.06665 0.99778
vn -1.00000 0.00000 -0.00000
vn -1.00000 0.00000 -0.00000
vn -1.00000 0.00000 -0.00000
vn -1.00000 0.00000 -0.00000
vn 1.00000 -0.00000 -0.00000
vn 1.00000 -0.00000 -0.00000
vn 1.00000 -0.00000 -0.00000
vn 1.00000 -0.00000 -0.00000
vn 0.00000 0.41466 0.90998
vn 0.00000 0.41466 0.90998
vn 0.00000 0.41466 0.90998
vn -0.00000 0.41466 0.90998
vn -1.00000 0.00000 -0.00000
vn -1.00000 0.00000 -0.00000
vn -1.00000 0.00000 -0.00000
vn -1.00000 0.00000 -0.00000
vn 1.00000 -0.00000 0.00000
vn 1.00000 -0.00000 0.00000
vn 1.00000 -0.00000 -0.00000
vn 1.00000 -0.00000 0.00000
vn 0.00000 -0.02623 -0.99966
vn 0.00000 -0.02623 -0.99966
vn -0.00000 -0.02623 -0.99966
vn 0.00000 -0.02623 -0.99966
vn -0.00000 -0.99903 -0.04413
vn -0.00000 -0.99903 -0.04413
vn -0.00000 -0.99903 -0.04413
vn -0.00000 -0.99903 -0.04413
vn 0.00000 0.98457 0.17498
vn 0.00000 0.98457 0.17498
vn 0.00000 0.98457 0.17498
vn 0.00000 0.98457 0.17498
vn 0.00000 0.00000 1.00000
vn 0.00000 0.00000 1.00000
vn 0.00000 0.00000 1.00000
vn 0.00000 0.00000 1.00000
vn -1.00000 0.00000 0.00000
vn -1.00000 0.00000 -0.00000
vn -1.00000 0.00000 0.00000
vn -1.00000 0.00000 -0.00000
vn -0.00000 -0.44313 -0.89646
vn -0.00000 -0.44313 -0.89646
vn -0.00000 -0.44313 -0.89646
vn -0.00000 -0.44313 -0.89646
vn 1.00000 -0.00000 -0.00000
vn 1.00000 -0.00000 -0.00000
vn 1.00000 -0.00000 -0.00000
vn 1.00000 -0.00000 -0.00000
vn 0.00000 -0.06665 0.99778
vn 0.00000 -0.06665 0.99778
vn 0.00000 -0.06665 0.99778
vn 0.00000 -0.06665 0.99778
vn -1.00000 0.00000 0.00000
vn -1.00000 0.00000 0.00000
vn -1.00000 0.00000 0.00000
vn -1.00000 0.00000 0.00000
vn 1.00000 -0.00000 -0.00000
vn 1.00000 -0.00000 0.00000
vn 1.00000 -0.00000 -0.00000
vn 1.00000 -0.00000 -0.00000
vn -0.00000 -0.41466 0.90998
vn -0.00000 -0.41466 0.90998
vn -0.00000 -0.41466 0.90998
vn -0.00000 -0.41466 0.90998
vn -1.00000 0.00000 -0.00000
vn -1.00000 0.00000 -0.00000
vn -1.00000 0.00000 0.00000
vn -1.00000 0.00000 -0.00000
vn 1.00000 -0.00000 0.00000
vn 1.00000 -0.00000 0.00000
vn 1.00000 -0.00000 0.00000
vn 1.00000 0.00000 0.00000
vn -0.00000 0.02623 -0.99966
vn -0.00000 0.02623 -0.99966
vn -0.00000 0.02623 -0.99966
vn -0.00000 0.02623 -0.99966
vn 0.00000 0.99903 -0.04413
vn 0.00000 0.99903 -0.04413
vn 0.00000 0.99903 -0.04413
vn 0.00000 0.99903 -0.04413
vn -0.00000 -0.98457 0.17498
vn -0.00000 -0.98457 0.17498
vn -0.00000 -0.98457 0.17498
vn -0.00000 -0.98457 0.17498
vn 0.00000 0.00000 1.00000
vn 0.00000 0.00000 1.00000
vn 0.00000 0.00000 1.00000
vn 0.00000 0.00000 1.00000
vn -1.00000 0.00000 -0.00000
vn -1.00000 0.00000 -0.00000
vn -1.00000 0.00000 -0.00000
vn -1.00000 0.00000 -0.00000
vn 0.00000 0.44313 -0.89646
vn 0.00000 0.44313 -0.89646
vn 0.00000 0.44313 -0.89646
vn 0.00000 0.44313 -0.89646
vn 1.00000 -0.00000 0.00000
vn 1.00000 -0.00000 0.00000
vn 1.00000 -0.00000 0.00000
vn 1.00000 -0.00000 0.00000
vn 0.00000 0.06665 0.99778
vn 0.00000 0.06665 0.99778
vn 0.00000 0.06665 0.99778
vn 0.00000 0.06665 0.99778
vn -1.00000 0.00000 0.00000
vn -1.00000 0.00000 0.00000
vn -1.00000 0.00000 0.00000
vn -1.00000 0.00000 0.00000
vn 1.00000 -0.00000 0.00000
vn 1.00000 -0.00000 0.00000
vn 1.00000 -0.00000 0.00000
vn 1.00000 -0.00000 0.00000
vn 0.00000 0.41466 0.90998
vn 0.00000 0.41466 0.90998
vn 0.00000 0.41466 0.90998
vn 0.00000 0.41466 0.90998
vn -1.00000 0.00000 0.00000
vn -1.00000 0.00000 0.00000
vn -1.00000 0.00000 0.00000
vn -1.00000 0.00000 0.00000
vn 1.00000 -0.00000 -0.00000
vn 1.00000 -0.00000 0.00000
vn 1.00000 -0.00000 0.00000
vn 1.00000 -0.00000 -0.00000
vn -0.00000 -0.02623 -0.99966
vn -0.00000 -0.02623 -0.99966
vn -0.00000 -0.02623 -0.99966
vn -0.00000 -0.02623 -0.99966
vn -0.00000 -0.99903 -0.04413
vn -0.00000 -0.99903 -0.04413
vn -0.00000 -0.99903 -0.04413
vn -0.00000 -0.99903 -0.04413
vn 0.00000 0.98457 0.17498
vn 0.00000 0.98457 0.17498
vn 0.00000 0.98457 0.17498
vn 0.00000 0.98457 0.17498
vn 0.00000 0.00000 1.00000
vn 0.00000 0.00000 1.00000
vn 0.00000 0.00000 1.00000
vn 0.00000 0.00000 1.00000
vn -1.00000 0.00000 -0.00000
vn -1.00000 0.00000 0.00000
vn -1.00000 0.00000 -0.00000
vn -1.00000 0.00000 0.00000
vn -0.00000 -0.44313 -0.89646
vn -0.00000 -0.44313 -0.89646
vn 0.00000 -0.44313 -0.89646
vn -0.00000 -0.44313 -0.89646
vn 1.00000 -0.00000 0.00000
vn 1.00000 -0.00000 0.00000
vn 1.00000 -0.00000 -0.00000
vn 1.00000 -0.00000 0.00000
vn 0.00000 0.00000 1.00000
vn -0.00000 0.00000 1.00000
vn -0.00000 0.00000 1.00000
vn 0.00000 0.00000 1.00000
vn 0.00000 0.00000 1.00000
vn 0.00000 0.00000 1.00000
vn 0.00000 0.00000 1.00000
vn -0.00000 0.00000 1.00000
vn -0.00000 0.00000 1.00000
vn 0.00000 0.00000 1.00000
vn -0.00000 0.00000 1.00000
vn 0.00000 0.00000 1.00000
vn -0.00000 0.00000 1.00000
vn -0.00000 0.00000 1.00000
vn 0.00000 0.00000 1.00000
vn -0.00000 0.00000 1.00000
f 843//843 844//844 845//845
f 844//844 843//843 846//846
f 847//847 848//848 849//849
f 848//848 847//847 850//850
f 851//851 852//852 853//853
f 853//853 854//854 851//851
f 855//855 856//856 857//857
f 856//856 855//855 858//858
f 859//859 860//860 861//861
f 860//860 859//859 862//862
f 863//863 864//864 865//865
f 863//863 866//866 864//864
f 867//867 868//868 869//869
f 870//870 867//867 869//869
f 871//871 872//872 873//873
f 874//874 871//871 873//873
f 875//875 876//876 877//877
f 876//876 875//875 878//878
f 879//879 880//880 881//881
f 880//880 879//879 882//882
f 883//883 884//884 885//885
f 883//883 886//886 884//884
f 887//887 888//888 889//889
f 888//888 887//887 890//890
f 891//891 892//892 893//893
f 892//892 891//891 894//894
f 895//895 896//896 897//897
f 896//896 895//895 898//898
f 899//899 900//900 901//901
f 900//900 899//899 902//902
f 903//903 904//904 905//905
f 903//903 906//906 904//904
f 907//907 908//908 909//909
f 908//908 907//907 910//910
f 911//911 912//912 913//913
f 912//912 911//911 914//914
f 915//915 916//916 917//917
f 918//918 916//916 915//915
f 919//919 920//920 921//921
f 919//919 922//922 920//920
f 923//923 924//924 925//925
f 923//923 926//926 924//924
f 927//927 928//928 929//929
f 928//928 927//927 930//930
f 931//931 932//932 933//933
f 934//934 933//933 932//932
f 935//935 936//936 937//937
f 938//938 937//937 936//936
f 939//939 940//940 941//941
f 939//939 942//942 940//940
f 943//943 944//944 945//945
f 944//944 943//943 946//946
f 947//947 948//948 949//949
f 950//950 947//947 949//949
f 951//951 952//952 953//953
f 952//952 951//951 954//954
f 955//955 956//956 957//957
f 957//957 958//958 955//955
f 959//959 960//960 961//961
f 960//960 959//959 962//962
f 963//963 964//964 965//965
f 964//964 963//963 966//966
f 967//967 968//968 969//969
f 967//967 970//970 968//968
f 971//971 972//972 973//973
f 974//974 971//971 973//973
f 975//975 976//976 977//977
f 976//976 975//975 978//978
f 979//979 980//980 981//981
f 980//980 979//979 982//982
f 983//983 984//984 985//985
f 983//983 986//986 984//984
f 987//987 988//988 989//989
f 987//987 989//989 990//990
f 991//991 992//992 993//993
f 994//994 991//991 993//993
f 995//995 996//996 997//997
f 996//996 995//995 998//998
f 999//999 1000//1000 1001//1001
f 1000//1000 999//999 1002//1002
f 1003//1003 1004//1004 1005//1005
f 1004//1004 1003//1003 1006//1006
f 1007//1007 1008//1008 1009//1009
f 1007//1007 1010//1010 1008//1008
f 1011//1011 1012//1012 1013//1013
f 1012//1012 1011//1011 1014//1014
f 1015//1015 1016//1016 1017//1017
f 1016//1016 1015//1015 1018//1018
f 1019//1019 1020//1020 1021//1021
f 1022//1022 1020//1020 1019//1019
f 1023//1023 1024//1024 1025//1025
f 1024//1024 1023//1023 1026//1026
f 1027//1027 1028//1028 1029//1029
f 1028//1028 1027//1027 1030//1030
f 1031//1031 1032//1032 1033//1033
f 1032//1032 1031//1031 1034//1034
f 1035//1035 1036//1036 1037//1037
f 1038//1038 1037//1037 1036//1036
f 1039//1039 1040//1040 1041//1041
f 1042//1042 1041//1041 1040//1040
f 1043//1043 1044//1044 1045//1045
f 1043//1043 1046//1046 1044//1044
f 1047//1047 1048//1048 1049//1049
f 1048//1048 1047//1047 1050//1050
f 1051//1051 1052//1052 1053//1053
f 1052//1052 1051//1051 1054//1054
f 1055//1055 1056//1056 1057//1057
f 1056//1056 1055//1055 1058//1058
f 1059//1059 1060//1060 1061//1061
f 1060//1060 1059//1059 1062//1062
f 1063//1063 1064//1064 1065//1065
f 1064//1064 1063//1063 1066//1066
o Shield_Heater_2
usemtl LightSteel
v -0.06853 0.98088 0.25366
v -0.05384 1.00633 0.25366
v -0.07505 0.99218 0.26343
v -0.06689 1.00633 0.26343
v -0.09139 1.02047 0.26343
v -0.11261 1.00633 0.25366
v -0.09956 1.00633 0.26343
v -0.09791 1.03177 0.25366
v -0.07505 1.02047 0.26343
v -0.05384 1.00633 0.25366
v -0.06853 1.03177 0.25366
v -0.06689 1.00633 0.26343
v -0.09139 0.99218 0.26343
v -0.06853 0.98088 0.25366
v -0.07505 0.99218 0.26343
v -0.09791 0.98088 0.25366
v -0.06853 1.03177 0.25366
v -0.09791 1.03177 0.25366
v -0.07505 1.02047 0.26343
v -0.09139 1.02047 0.26343
v -0.07505 0.99218 0.26343
v -0.09956 1.00633 0.26343
v -0.09139 0.99218 0.26343
v -0.07505 1.02047 0.26343
v -0.06689 1.00633 0.26343
v -0.09139 1.02047 0.26343
v -0.09791 1.03177 0.20501
v -0.09791 0.98088 0.20501
v -0.11261 1.00633 0.20501
v -0.06853 1.03177 0.20501
v -0.06853 0.98088 0.20501
v -0.05384 1.00633 0.20501
v -0.06853 0.98088 0.20501
v -0.05384 1.00633 0.25366
v -0.06853 0.98088 0.25366
v -0.05384 1.00633 0.20501
v -0.06853 0.98088 0.25366
v -0.09791 0.98088 0.25366
v -0.09791 0.98088 0.20501
v -0.06853 0.98088 0.20501
v -0.11261 1.00633 0.25366
v -0.09139 0.99218 0.26343
v -0.09956 1.00633 0.26343
v -0.09791 0.98088 0.25366
v -0.11261 1.00633 0.25366
v -0.11261 1.00633 0.20501
v -0.09791 0.98088 0.25366
v -0.09791 0.98088 0.20501
v -0.09791 1.03177 0.25366
v -0.09791 1.03177 0.20501
v -0.11261 1.00633 0.25366
v -0.11261 1.00633 0.20501
v -0.06853 1.03177 0.20501
v -0.09791 1.03177 0.25366
v -0.06853 1.03177 0.25366
v -0.09791 1.03177 0.20501
v -0.05384 1.00633 0.25366
v -0.06853 1.03177 0.20501
v -0.06853 1.03177 0.25366
v -0.05384 1.00633 0.20501
v -0.75681 -0.04509 0.25366
v -0.74212 -0.01964 0.25366
v -0.76334 -0.03379 0.26343
v -0.75517 -0.01964 0.26343
v -0.77967 -0.00549 0.26343
v -0.80089 -0.01964 0.25366
v -0.78784 -0.01964 0.26343
v -0.78620 0.00581 0.25366
v -0.76334 -0.00549 0.26343
v -0.74212 -0.01964 0.25366
v -0.75681 0.00581 0.25366
v -0.75517 -0.01964 0.26343
v -0.77967 -0.03379 0.26343
v -0.75681 -0.04509 0.25366
v -0.76334 -0.03379 0.26343
v -0.78620 -0.04509 0.25366
v -0.75681 0.00581 0.25366
v -0.78620 0.00581 0.25366
v -0.76334 -0.00549 0.26343
v -0.77967 -0.00549 0.26343
v -0.76334 -0.03379 0.26343
v -0.76334 -0.00549 0.26343
v -0.78784 -0.01964 0.26343
v -0.77967 -0.03379 0.26343
v -0.75517 -0.01964 0.26343
v -0.77967 -0.00549 0.26343
v -0.78620 0.00581 0.20501
v -0.78620 -0.04509 0.20501
v -0.80089 -0.01964 0.20501
v -0.75681 0.00581 0.20501
v -0.75681 -0.04509 0.20501
v -0.74212 -0.01964 0.20501
v -0.75681 -0.04509 0.20501
v -0.74212 -0.01964 0.25366
v -0.75681 -0.04509 0.25366
v -0.74212 -0.01964 0.20501
v -0.75681 -0.04509 0.25366
v -0.78620 -0.04509 0.20501
v -0.75681 -0.04509 0.20501
v -0.78620 -0.04509 0.25366
v -0.80089 -0.01964 0.25366
v -0.77967 -0.03379 0.26343
v -0.78784 -0.01964 0.26343
v -0.78620 -0.04509 0.25366
v -0.80089 -0.01964 0.25366
v -0.78620 -0.04509 0.20501
v -0.78620 -0.04509 0.25366
v -0.80089 -0.01964 0.20501
v -0.78620 0.00581 0.25366
v -0.80089 -0.01964 0.20501
v -0.80089 -0.01964 0.25366
v -0.78620 0.00581 0.20501
v -0.75681 0.00581 0.20501
v -0.78620 0.00581 0.25366
v -0.75681 0.00581 0.25366
v -0.78620 0.00581 0.20501
v -0.74212 -0.01964 0.20501
v -0.75681 0.00581 0.25366
v -0.74212 -0.01964 0.25366
v -0.75681 0.00581 0.20501
v -0.75681 0.09564 0.25366
v -0.74212 0.12108 0.25366
v -0.76334 0.10694 0.26343
v -0.75517 0.12108 0.26343
v -0.77967 0.13523 0.26343
v -0.80089 0.12108 0.25366
v -0.78784 0.12108 0.26343
v -0.78620 0.14653 0.25366
v -0.76334 0.13523 0.26343
v -0.74212 0.12108 0.25366
v -0.75681 0.14653 0.25366
v -0.75517 0.12108 0.26343
v -0.77967 0.10694 0.26343
v -0.75681 0.09564 0.25366
v -0.76334 0.10694 0.26343
v -0.78620 0.09564 0.25366
v -0.75681 0.14653 0.25366
v -0.78620 0.14653 0.25366
v -0.76334 0.13523 0.26343
v -0.77967 0.13523 0.26343
v -0.76334 0.10694 0.26343
v -0.76334 0.13523 0.26343
v -0.78784 0.12108 0.26343
v -0.77967 0.10694 0.26343
v -0.75517 0.12108 0.26343
v -0.77967 0.13523 0.26343
v -0.78620 0.14653 0.20501
v -0.78620 0.09564 0.20501
v -0.80089 0.12108 0.20501
v -0.75681 0.14653 0.20501
v -0.75681 0.09564 0.20501
v -0.74212 0.12108 0.20501
v -0.75681 0.09564 0.20501
v -0.74212 0.12108 0.25366
v -0.75681 0.09564 0.25366
v -0.74212 0.12108 0.20501
v -0.75681 0.09564 0.25366
v -0.78620 0.09564 0.20501
v -0.75681 0.09564 0.20501
v -0.78620 0.09564 0.25366
v -0.80089 0.12108 0.25366
v -0.77967 0.10694 0.26343
v -0.78784 0.12108 0.26343
v -0.78620 0.09564 0.25366
v -0.80089 0.12108 0.25366
v -0.80089 0.12108 0.20501
v -0.78620 0.09564 0.25366
v -0.78620 0.09564 0.20501
v -0.78620 0.14653 0.25366
v -0.78620 0.14653 0.20501
v -0.80089 0.12108 0.25366
v -0.80089 0.12108 0.20501
v -0.75681 0.14653 0.20501
v -0.78620 0.14653 0.25366
v -0.75681 0.14653 0.25366
v -0.78620 0.14653 0.20501
v -0.74212 0.12108 0.20501
v -0.75681 0.14653 0.25366
v -0.74212 0.12108 0.25366
v -0.75681 0.14653 0.20501
v -0.17495 0.22760 0.25885
v -0.17935 0.03618 0.25316
v -0.10444 0.11672 0.25316
v -0.31227 0.16169 0.25885
v -0.17495 -0.13526 0.25885
v 0.00000 -0.16769 0.25316
v -0.10444 -0.04366 0.25316
v -0.11946 -0.32817 0.25885
v -0.17495 -0.13526 0.25885
v -0.10444 -0.04366 0.25316
v -0.17935 0.03618 0.25316
v -0.31227 -0.07062 0.25885
v -0.11946 0.37807 0.25885
v 0.00000 0.21759 0.25316
v 0.00000 0.37807 0.25885
v -0.17495 0.22760 0.25885
v 0.00000 0.21759 0.25316
v -0.11946 0.37807 0.25885
v -0.10444 0.11672 0.25316
v -0.31227 -0.07062 0.25885
v -0.17935 0.03618 0.25316
v -0.31227 0.16169 0.25885
v -0.19018 -0.13969 0.23250
v -0.31227 -0.07062 0.25885
v -0.33131 -0.07327 0.23250
v -0.17495 -0.13526 0.25885
v -0.00000 -0.33794 0.23250
v -0.11946 -0.32817 0.25885
v -0.13315 -0.33794 0.23250
v -0.00000 -0.32817 0.25885
v -0.19018 0.23321 0.23250
v -0.31227 0.16169 0.25885
v -0.17495 0.22760 0.25885
v -0.33131 0.16547 0.23250
v -0.31227 0.16169 0.25885
v -0.33131 -0.07327 0.23250
v -0.31227 -0.07062 0.25885
v -0.33131 0.16547 0.23250
v -0.11946 0.37807 0.25885
v 0.00000 0.38784 0.23250
v -0.13315 0.38784 0.23250
v -0.11946 -0.32817 0.25885
v -0.19018 -0.13969 0.23250
v -0.13315 -0.33794 0.23250
v -0.17495 -0.13526 0.25885
v -0.11946 0.37807 0.25885
v -0.19018 0.23321 0.23250
v -0.17495 0.22760 0.25885
v -0.13315 0.38784 0.23250
v 0.05384 1.00633 0.25366
v 0.07505 0.99218 0.26343
v 0.06689 1.00633 0.26343
v 0.06853 0.98088 0.25366
v 0.11261 1.00633 0.25366
v 0.09139 1.02047 0.26343
v 0.09956 1.00633 0.26343
v 0.09791 1.03177 0.25366
v 0.07505 1.02047 0.26343
v 0.05384 1.00633 0.25366
v 0.06689 1.00633 0.26343
v 0.06853 1.03177 0.25366
v 0.06853 0.98088 0.25366
v 0.09139 0.99218 0.26343
v 0.07505 0.99218 0.26343
v 0.09791 0.98088 0.25366
v 0.09791 1.03177 0.25366
v 0.07505 1.02047 0.26343
v 0.09139 1.02047 0.26343
v 0.06853 1.03177 0.25366
v 0.07505 1.02047 0.26343
v 0.09956 1.00633 0.26343
v 0.09139 1.02047 0.26343
v 0.06689 1.00633 0.26343
v 0.07505 0.99218 0.26343
v 0.09139 0.99218 0.26343
v 0.06853 0.98088 0.20501
v 0.05384 1.00633 0.20501
v 0.06853 1.03177 0.20501
v 0.09791 0.98088 0.20501
v 0.09791 1.03177 0.20501
v 0.11261 1.00633 0.20501
v 0.05384 1.00633 0.25366
v 0.06853 0.98088 0.20501
v 0.06853 0.98088 0.25366
v 0.05384 1.00633 0.20501
v 0.09791 0.98088 0.20501
v 0.06853 0.98088 0.25366
v 0.06853 0.98088 0.20501
v 0.09791 0.98088 0.25366
v 0.09139 0.99218 0.26343
v 0.11261 1.00633 0.25366
v 0.09956 1.00633 0.26343
v 0.09791 0.98088 0.25366
v 0.11261 1.00633 0.20501
v 0.09791 0.98088 0.25366
v 0.09791 0.98088 0.20501
v 0.11261 1.00633 0.25366
v 0.09791 1.03177 0.20501
v 0.11261 1.00633 0.25366
v 0.11261 1.00633 0.20501
v 0.09791 1.03177 0.25366
v 0.06853 1.03177 0.20501
v 0.06853 1.03177 0.25366
v 0.09791 1.03177 0.25366
v 0.09791 1.03177 0.20501
v 0.05384 1.00633 0.25366
v 0.06853 1.03177 0.20501
v 0.05384 1.00633 0.20501
v 0.06853 1.03177 0.25366
v 0.74212 -0.01964 0.25366
v 0.76334 -0.03379 0.26343
v 0.75517 -0.01964 0.26343
v 0.75681 -0.04509 0.25366
v 0.80089 -0.01964 0.25366
v 0.77967 -0.00549 0.26343
v 0.78784 -0.01964 0.26343
v 0.78620 0.00581 0.25366
v 0.76334 -0.00549 0.26343
v 0.74212 -0.01964 0.25366
v 0.75517 -0.01964 0.26343
v 0.75681 0.00581 0.25366
v 0.75681 -0.04509 0.25366
v 0.77967 -0.03379 0.26343
v 0.76334 -0.03379 0.26343
v 0.78620 -0.04509 0.25366
v 0.78620 0.00581 0.25366
v 0.75681 0.00581 0.25366
v 0.76334 -0.00549 0.26343
v 0.77967 -0.00549 0.26343
v 0.76334 -0.03379 0.26343
v 0.76334 -0.00549 0.26343
v 0.75517 -0.01964 0.26343
v 0.78784 -0.01964 0.26343
v 0.77967 -0.00549 0.26343
v 0.77967 -0.03379 0.26343
v 0.75681 -0.04509 0.20501
v 0.74212 -0.01964 0.20501
v 0.75681 0.00581 0.20501
v 0.78620 -0.04509 0.20501
v 0.78620 0.00581 0.20501
v 0.80089 -0.01964 0.20501
v 0.74212 -0.01964 0.25366
v 0.74212 -0.01964 0.20501
v 0.75681 -0.04509 0.20501
v 0.75681 -0.04509 0.25366
v 0.78620 -0.04509 0.20501
v 0.75681 -0.04509 0.25366
v 0.75681 -0.04509 0.20501
v 0.78620 -0.04509 0.25366
v 0.77967 -0.03379 0.26343
v 0.80089 -0.01964 0.25366
v 0.78784 -0.01964 0.26343
v 0.78620 -0.04509 0.25366
v 0.78620 -0.04509 0.20501
v 0.80089 -0.01964 0.25366
v 0.78620 -0.04509 0.25366
v 0.80089 -0.01964 0.20501
v 0.80089 -0.01964 0.20501
v 0.78620 0.00581 0.25366
v 0.80089 -0.01964 0.25366
v 0.78620 0.00581 0.20501
v 0.75681 0.00581 0.20501
v 0.75681 0.00581 0.25366
v 0.78620 0.00581 0.25366
v 0.78620 0.00581 0.20501
v 0.75681 0.00581 0.25366
v 0.74212 -0.01964 0.20501
v 0.74212 -0.01964 0.25366
v 0.75681 0.00581 0.20501
v 0.74212 0.12108 0.25366
v 0.76334 0.10694 0.26343
v 0.75517 0.12108 0.26343
v 0.75681 0.09564 0.25366
v 0.80089 0.12108 0.25366
v 0.77967 0.13523 0.26343
v 0.78784 0.12108 0.26343
v 0.78620 0.14653 0.25366
v 0.76334 0.13523 0.26343
v 0.74212 0.12108 0.25366
v 0.75517 0.12108 0.26343
v 0.75681 0.14653 0.25366
v 0.75681 0.09564 0.25366
v 0.77967 0.10694 0.26343
v 0.76334 0.10694 0.26343
v 0.78620 0.09564 0.25366
v 0.78620 0.14653 0.25366
v 0.76334 0.13523 0.26343
v 0.77967 0.13523 0.26343
v 0.75681 0.14653 0.25366
v 0.76334 0.10694 0.26343
v 0.76334 0.13523 0.26343
v 0.75517 0.12108 0.26343
v 0.78784 0.12108 0.26343
v 0.77967 0.13523 0.26343
v 0.77967 0.10694 0.26343
v 0.75681 0.09564 0.20501
v 0.74212 0.12108 0.20501
v 0.75681 0.14653 0.20501
v 0.78620 0.09564 0.20501
v 0.78620 0.14653 0.20501
v 0.80089 0.12108 0.20501
v 0.74212 0.12108 0.25366
v 0.75681 0.09564 0.20501
v 0.75681 0.09564 0.25366
v 0.74212 0.12108 0.20501
v 0.78620 0.09564 0.20501
v 0.75681 0.09564 0.25366
v 0.75681 0.09564 0.20501
v 0.78620 0.09564 0.25366
v 0.77967 0.10694 0.26343
v 0.80089 0.12108 0.25366
v 0.78784 0.12108 0.26343
v 0.78620 0.09564 0.25366
v 0.80089 0.12108 0.20501
v 0.78620 0.09564 0.25366
v 0.78620 0.09564 0.20501
v 0.80089 0.12108 0.25366
v 0.78620 0.14653 0.20501
v 0.80089 0.12108 0.25366
v 0.80089 0.12108 0.20501
v 0.78620 0.14653 0.25366
v 0.75681 0.14653 0.20501
v 0.75681 0.14653 0.25366
v 0.78620 0.14653 0.25366
v 0.78620 0.14653 0.20501
v 0.75681 0.14653 0.25366
v 0.74212 0.12108 0.20501
v 0.74212 0.12108 0.25366
v 0.75681 0.14653 0.20501
v 0.17495 0.22760 0.25885
v 0.17935 0.03618 0.25316
v 0.31227 0.16169 0.25885
v 0.10444 0.11672 0.25316
v 0.00000 -0.16769 0.25316
v 0.17495 -0.13526 0.25885
v 0.10444 -0.04366 0.25316
v 0.11946 -0.32817 0.25885
v -0.00000 -0.32817 0.25885
v 0.00000 -0.16769 0.25316
v -0.11946 -0.32817 0.25885
v 0.11946 -0.32817 0.25885
v 0.17495 -0.13526 0.25885
v 0.17935 0.03618 0.25316
v 0.10444 -0.04366 0.25316
v 0.31227 -0.07062 0.25885
v 0.11946 0.37807 0.25885
v 0.17495 0.22760 0.25885
v 0.11946 0.37807 0.25885
v 0.00000 0.21759 0.25316
v 0.10444 0.11672 0.25316
v 0.31227 -0.07062 0.25885
v 0.31227 0.16169 0.25885
v 0.17935 0.03618 0.25316
v 0.19018 -0.13969 0.23250
v 0.33131 -0.07327 0.23250
v 0.31227 -0.07062 0.25885
v 0.17495 -0.13526 0.25885
v -0.00000 -0.33794 0.23250
v 0.13315 -0.33794 0.23250
v 0.11946 -0.32817 0.25885
v -0.00000 -0.32817 0.25885
v 0.31227 0.16169 0.25885
v 0.19018 0.23321 0.23250
v 0.17495 0.22760 0.25885
v 0.33131 0.16547 0.23250
v 0.33131 -0.07327 0.23250
v 0.31227 0.16169 0.25885
v 0.31227 -0.07062 0.25885
v 0.33131 0.16547 0.23250
v 0.11946 0.37807 0.25885
v 0.00000 0.37807 0.25885
v 0.13315 0.38784 0.23250
v 0.11946 -0.32817 0.25885
v 0.19018 -0.13969 0.23250
v 0.17495 -0.13526 0.25885
v 0.13315 -0.33794 0.23250
v 0.19018 0.23321 0.23250
v 0.11946 0.37807 0.25885
v 0.17495 0.22760 0.25885
v 0.13315 0.38784 0.23250
v -0.06853 -0.97295 0.25366
v -0.06689 -0.94751 0.26343
v -0.07505 -0.96165 0.26343
v -0.05384 -0.94751 0.25366
v -0.09139 -0.93336 0.26343
v -0.11261 -0.94751 0.25366
v -0.09956 -0.94751 0.26343
v -0.09791 -0.92206 0.25366
v -0.07505 -0.93336 0.26343
v -0.05384 -0.94751 0.25366
v -0.06853 -0.92206 0.25366
v -0.06689 -0.94751 0.26343
v -0.09139 -0.96165 0.26343
v -0.06853 -0.97295 0.25366
v -0.07505 -0.96165 0.26343
v -0.09791 -0.97295 0.25366
v -0.06853 -0.92206 0.25366
v -0.09791 -0.92206 0.25366
v -0.07505 -0.93336 0.26343
v -0.09139 -0.93336 0.26343
v -0.07505 -0.96165 0.26343
v -0.09956 -0.94751 0.26343
v -0.09139 -0.96165 0.26343
v -0.07505 -0.93336 0.26343
v -0.06689 -0.94751 0.26343
v -0.09139 -0.93336 0.26343
v -0.09791 -0.92206 0.20501
v -0.09791 -0.97295 0.20501
v -0.11261 -0.94751 0.20501
v -0.06853 -0.92206 0.20501
v -0.06853 -0.97295 0.20501
v -0.05384 -0.94751 0.20501
v -0.06853 -0.97295 0.20501
v -0.05384 -0.94751 0.25366
v -0.06853 -0.97295 0.25366
v -0.05384 -0.94751 0.20501
v -0.06853 -0.97295 0.25366
v -0.09791 -0.97295 0.25366
v -0.09791 -0.97295 0.20501
v -0.06853 -0.97295 0.20501
v -0.11261 -0.94751 0.25366
v -0.09139 -0.96165 0.26343
v -0.09956 -0.94751 0.26343
v -0.09791 -0.97295 0.25366
v -0.11261 -0.94751 0.25366
v -0.11261 -0.94751 0.20501
v -0.09791 -0.97295 0.25366
v -0.09791 -0.97295 0.20501
v -0.09791 -0.92206 0.25366
v -0.09791 -0.92206 0.20501
v -0.11261 -0.94751 0.25366
v -0.11261 -0.94751 0.20501
v -0.06853 -0.92206 0.20501
v -0.09791 -0.92206 0.25366
v -0.06853 -0.92206 0.25366
v -0.09791 -0.92206 0.20501
v -0.05384 -0.94751 0.20501
v -0.06853 -0.92206 0.25366
v -0.05384 -0.94751 0.25366
v -0.06853 -0.92206 0.20501
v 0.06689 -0.94751 0.26343
v 0.06853 -0.97295 0.25366
v 0.07505 -0.96165 0.26343
v 0.05384 -0.94751 0.25366
v 0.11261 -0.94751 0.25366
v 0.09791 -0.92206 0.25366
v 0.09139 -0.93336 0.26343
v 0.09956 -0.94751 0.26343
v 0.07505 -0.93336 0.26343
v 0.05384 -0.94751 0.25366
v 0.06689 -0.94751 0.26343
v 0.06853 -0.92206 0.25366
v 0.06853 -0.97295 0.25366
v 0.09139 -0.96165 0.26343
v 0.07505 -0.96165 0.26343
v 0.09791 -0.97295 0.25366
v 0.09791 -0.92206 0.25366
v 0.07505 -0.93336 0.26343
v 0.09139 -0.93336 0.26343
v 0.06853 -0.92206 0.25366
v 0.07505 -0.96165 0.26343
v 0.07505 -0.93336 0.26343
v 0.06689 -0.94751 0.26343
v 0.09956 -0.94751 0.26343
v 0.09139 -0.93336 0.26343
v 0.09139 -0.96165 0.26343
v 0.06853 -0.97295 0.20501
v 0.05384 -0.94751 0.20501
v 0.06853 -0.92206 0.20501
v 0.09791 -0.97295 0.20501
v 0.09791 -0.92206 0.20501
v 0.11261 -0.94751 0.20501
v 0.05384 -0.94751 0.25366
v 0.06853 -0.97295 0.20501
v 0.06853 -0.97295 0.25366
v 0.05384 -0.94751 0.20501
v 0.09791 -0.97295 0.20501
v 0.06853 -0.97295 0.25366
v 0.06853 -0.97295 0.20501
v 0.09791 -0.97295 0.25366
v 0.09139 -0.96165 0.26343
v 0.11261 -0.94751 0.25366
v 0.09956 -0.94751 0.26343
v 0.09791 -0.97295 0.25366
v 0.11261 -0.94751 0.20501
v 0.09791 -0.97295 0.25366
v 0.09791 -0.97295 0.20501
v 0.11261 -0.94751 0.25366
v 0.09791 -0.92206 0.20501
v 0.11261 -0.94751 0.25366
v 0.11261 -0.94751 0.20501
v 0.09791 -0.92206 0.25366
v 0.06853 -0.92206 0.20501
v 0.06853 -0.92206 0.25366
v 0.09791 -0.92206 0.25366
v 0.09791 -0.92206 0.20501
v 0.06853 -0.92206 0.25366
v 0.05384 -0.94751 0.20501
v 0.05384 -0.94751 0.25366
v 0.06853 -0.92206 0.20501
v 0.01626 1.18793 0.28021
v -0.01239 1.17377 0.30333
v 0.00808 1.17377 0.30333
v -0.02056 1.18793 0.28021
v -0.02056 1.12415 0.16511
v 0.01626 1.12415 0.28021
v -0.02056 1.12415 0.28021
v 0.01626 1.12415 0.16511
v -0.01239 1.13831 0.30333
v 0.01626 1.12415 0.28021
v 0.00808 1.13831 0.30333
v -0.02056 1.12415 0.28021
v -0.02056 1.18793 0.16511
v -0.02056 1.18793 0.28021
v 0.01626 1.18793 0.28021
v 0.01626 1.18793 0.16511
v 0.01626 1.18793 0.16511
v -0.02056 1.12415 0.16511
v -0.02056 1.18793 0.16511
v -0.03897 1.15604 0.16511
v 0.03467 1.15604 0.16511
v 0.01626 1.12415 0.16511
v -0.02056 1.18793 0.28021
v -0.03897 1.15604 0.16511
v -0.03897 1.15604 0.28021
v -0.02056 1.18793 0.16511
v -0.03897 1.15604 0.28021
v -0.02056 1.12415 0.28021
v -0.01239 1.13831 0.30333
v -0.02262 1.15604 0.30333
v -0.03897 1.15604 0.28021
v -0.01239 1.17377 0.30333
v -0.02056 1.18793 0.28021
v -0.02262 1.15604 0.30333
v 0.01626 1.18793 0.16511
v 0.03467 1.15604 0.28021
v 0.03467 1.15604 0.16511
v 0.01626 1.18793 0.28021
v 0.03467 1.15604 0.16511
v 0.01626 1.12415 0.28021
v 0.01626 1.12415 0.16511
v 0.03467 1.15604 0.28021
v 0.00808 1.13831 0.30333
v 0.03467 1.15604 0.28021
v 0.01832 1.15604 0.30333
v 0.01626 1.12415 0.28021
v -0.03897 1.15604 0.28021
v -0.02056 1.12415 0.16511
v -0.02056 1.12415 0.28021
v -0.03897 1.15604 0.16511
v 0.00808 1.17377 0.30333
v -0.01239 1.17377 0.30333
v -0.02262 1.15604 0.30333
v 0.01832 1.15604 0.30333
v 0.00808 1.13831 0.30333
v -0.01239 1.13831 0.30333
v 0.03467 1.15604 0.28021
v 0.00808 1.17377 0.30333
v 0.01832 1.15604 0.30333
v 0.01626 1.18793 0.28021
v 0.01626 -1.14121 0.28021
v -0.01239 -1.15537 0.30333
v 0.00808 -1.15537 0.30333
v -0.02056 -1.14121 0.28021
v -0.02056 -1.20499 0.16511
v 0.01626 -1.20499 0.28021
v -0.02056 -1.20499 0.28021
v 0.01626 -1.20499 0.16511
v -0.01239 -1.19083 0.30333
v 0.01626 -1.20499 0.28021
v 0.00808 -1.19083 0.30333
v -0.02056 -1.20499 0.28021
v -0.02056 -1.14121 0.16511
v -0.02056 -1.14121 0.28021
v 0.01626 -1.14121 0.28021
v 0.01626 -1.14121 0.16511
v 0.01626 -1.14121 0.16511
v -0.02056 -1.20499 0.16511
v -0.02056 -1.14121 0.16511
v 0.03467 -1.17310 0.16511
v 0.01626 -1.20499 0.16511
v -0.03897 -1.17310 0.16511
v -0.02056 -1.14121 0.28021
v -0.02056 -1.14121 0.16511
v -0.03897 -1.17310 0.16511
v -0.03897 -1.17310 0.28021
v -0.03897 -1.17310 0.28021
v -0.02056 -1.20499 0.28021
v -0.01239 -1.19083 0.30333
v -0.02262 -1.17310 0.30333
v -0.03897 -1.17310 0.28021
v -0.01239 -1.15537 0.30333
v -0.02056 -1.14121 0.28021
v -0.02262 -1.17310 0.30333
v 0.01626 -1.14121 0.16511
v 0.01626 -1.14121 0.28021
v 0.03467 -1.17310 0.28021
v 0.03467 -1.17310 0.16511
v 0.03467 -1.17310 0.16511
v 0.01626 -1.20499 0.28021
v 0.01626 -1.20499 0.16511
v 0.03467 -1.17310 0.28021
v 0.00808 -1.19083 0.30333
v 0.03467 -1.17310 0.28021
v 0.01832 -1.17310 0.30333
v 0.01626 -1.20499 0.28021
v -0.02056 -1.20499 0.28021
v -0.03897 -1.17310 0.16511
v -0.02056 -1.20499 0.16511
v -0.03897 -1.17310 0.28021
v 0.00808 -1.15537 0.30333
v -0.01239 -1.15537 0.30333
v -0.02262 -1.17310 0.30333
v 0.01832 -1.17310 0.30333
v 0.00808 -1.19083 0.30333
v -0.01239 -1.19083 0.30333
v 0.03467 -1.17310 0.28021
v 0.00808 -1.15537 0.30333
v 0.01832 -1.17310 0.30333
v 0.01626 -1.14121 0.28021
v -0.50502 1.05001 0.28021
v -0.48661 1.08189 0.28021
v -0.51319 1.06417 0.30333
v -0.50296 1.08189 0.30333
v -0.53366 1.09962 0.30333
v -0.54184 1.11378 0.28021
v -0.56025 1.08189 0.28021
v -0.54390 1.08189 0.30333
v -0.48661 1.08189 0.28021
v -0.51319 1.09962 0.30333
v -0.50296 1.08189 0.30333
v -0.50502 1.11378 0.28021
v -0.51319 1.06417 0.30333
v -0.54184 1.05001 0.28021
v -0.50502 1.05001 0.28021
v -0.53366 1.06417 0.30333
v -0.54184 1.11378 0.28021
v -0.53366 1.09962 0.30333
v -0.51319 1.09962 0.30333
v -0.50502 1.11378 0.28021
v -0.51319 1.06417 0.30333
v -0.54390 1.08189 0.30333
v -0.53366 1.06417 0.30333
v -0.51319 1.09962 0.30333
v -0.50296 1.08189 0.30333
v -0.53366 1.09962 0.30333
v -0.56025 1.08189 0.16511
v -0.50502 1.05001 0.16511
v -0.54184 1.05001 0.16511
v -0.54184 1.11378 0.16511
v -0.50502 1.11378 0.16511
v -0.48661 1.08189 0.16511
v -0.50502 1.05001 0.16511
v -0.48661 1.08189 0.28021
v -0.50502 1.05001 0.28021
v -0.48661 1.08189 0.16511
v -0.50502 1.05001 0.16511
v -0.54184 1.05001 0.28021
v -0.54184 1.05001 0.16511
v -0.50502 1.05001 0.28021
v -0.53366 1.06417 0.30333
v -0.56025 1.08189 0.28021
v -0.54184 1.05001 0.28021
v -0.54390 1.08189 0.30333
v -0.56025 1.08189 0.28021
v -0.56025 1.08189 0.16511
v -0.54184 1.05001 0.28021
v -0.54184 1.05001 0.16511
v -0.54184 1.11378 0.28021
v -0.54184 1.11378 0.16511
v -0.56025 1.08189 0.28021
v -0.56025 1.08189 0.16511
v -0.50502 1.11378 0.16511
v -0.54184 1.11378 0.28021
v -0.50502 1.11378 0.28021
v -0.54184 1.11378 0.16511
v -0.48661 1.08189 0.16511
v -0.50502 1.11378 0.28021
v -0.48661 1.08189 0.28021
v -0.50502 1.11378 0.16511
v -0.88115 0.50932 0.28021
v -0.86274 0.54121 0.28021
v -0.88933 0.52348 0.30333
v -0.87909 0.54121 0.30333
v -0.90980 0.55894 0.30333
v -0.93638 0.54121 0.28021
v -0.92003 0.54121 0.30333
v -0.91797 0.57310 0.28021
v -0.86274 0.54121 0.28021
v -0.88933 0.55894 0.30333
v -0.87909 0.54121 0.30333
v -0.88115 0.57310 0.28021
v -0.90980 0.52348 0.30333
v -0.88115 0.50932 0.28021
v -0.88933 0.52348 0.30333
v -0.91797 0.50932 0.28021
v -0.91797 0.57310 0.28021
v -0.90980 0.55894 0.30333
v -0.88933 0.55894 0.30333
v -0.88115 0.57310 0.28021
v -0.88933 0.52348 0.30333
v -0.92003 0.54121 0.30333
v -0.90980 0.52348 0.30333
v -0.88933 0.55894 0.30333
v -0.87909 0.54121 0.30333
v -0.90980 0.55894 0.30333
v -0.91797 0.57310 0.16511
v -0.91797 0.50932 0.16511
v -0.93638 0.54121 0.16511
v -0.88115 0.57310 0.16511
v -0.88115 0.50932 0.16511
v -0.86274 0.54121 0.16511
v -0.88115 0.50932 0.28021
v -0.86274 0.54121 0.16511
v -0.86274 0.54121 0.28021
v -0.88115 0.50932 0.16511
v -0.88115 0.50932 0.28021
v -0.91797 0.50932 0.16511
v -0.88115 0.50932 0.16511
v -0.91797 0.50932 0.28021
v -0.90980 0.52348 0.30333
v -0.93638 0.54121 0.28021
v -0.91797 0.50932 0.28021
v -0.92003 0.54121 0.30333
v -0.93638 0.54121 0.28021
v -0.93638 0.54121 0.16511
v -0.91797 0.50932 0.28021
v -0.91797 0.50932 0.16511
v -0.91797 0.57310 0.28021
v -0.91797 0.57310 0.16511
v -0.93638 0.54121 0.28021
v -0.93638 0.54121 0.16511
v -0.88115 0.57310 0.16511
v -0.91797 0.57310 0.28021
v -0.88115 0.57310 0.28021
v -0.91797 0.57310 0.16511
v -0.86274 0.54121 0.16511
v -0.88115 0.57310 0.28021
v -0.86274 0.54121 0.28021
v -0.88115 0.57310 0.16511
v -0.88115 0.00904 0.28021
v -0.86274 0.04093 0.28021
v -0.88933 0.02320 0.30333
v -0.87909 0.04093 0.30333
v -0.90980 0.05865 0.30333
v -0.91797 0.07281 0.28021
v -0.93638 0.04093 0.28021
v -0.92003 0.04093 0.30333
v -0.86274 0.04093 0.28021
v -0.88933 0.05865 0.30333
v -0.87909 0.04093 0.30333
v -0.88115 0.07281 0.28021
v -0.90980 0.02320 0.30333
v -0.88115 0.00904 0.28021
v -0.88933 0.02320 0.30333
v -0.91797 0.00904 0.28021
v -0.91797 0.07281 0.28021
v -0.90980 0.05865 0.30333
v -0.88933 0.05865 0.30333
v -0.88115 0.07281 0.28021
v -0.88933 0.02320 0.30333
v -0.92003 0.04093 0.30333
v -0.90980 0.02320 0.30333
v -0.88933 0.05865 0.30333
v -0.87909 0.04093 0.30333
v -0.90980 0.05865 0.30333
v -0.91797 0.07281 0.16511
v -0.91797 0.00904 0.16511
v -0.93638 0.04093 0.16511
v -0.88115 0.07281 0.16511
v -0.88115 0.00904 0.16511
v -0.86274 0.04093 0.16511
v -0.88115 0.00904 0.16511
v -0.86274 0.04093 0.28021
v -0.88115 0.00904 0.28021
v -0.86274 0.04093 0.16511
v -0.88115 0.00904 0.28021
v -0.91797 0.00904 0.16511
v -0.88115 0.00904 0.16511
v -0.91797 0.00904 0.28021
v -0.90980 0.02320 0.30333
v -0.93638 0.04093 0.28021
v -0.91797 0.00904 0.28021
v -0.92003 0.04093 0.30333
v -0.93638 0.04093 0.28021
v -0.91797 0.00904 0.16511
v -0.91797 0.00904 0.28021
v -0.93638 0.04093 0.16511
v -0.91797 0.07281 0.28021
v -0.93638 0.04093 0.16511
v -0.93638 0.04093 0.28021
v -0.91797 0.07281 0.16511
v -0.88115 0.07281 0.16511
v -0.91797 0.07281 0.28021
v -0.88115 0.07281 0.28021
v -0.91797 0.07281 0.16511
v -0.86274 0.04093 0.16511
v -0.88115 0.07281 0.28021
v -0.86274 0.04093 0.28021
v -0.88115 0.07281 0.16511
v -0.88115 -0.50659 0.28021
v -0.86274 -0.47470 0.28021
v -0.88933 -0.49243 0.30333
v -0.87909 -0.47470 0.30333
v -0.90980 -0.45698 0.30333
v -0.93638 -0.47470 0.28021
v -0.92003 -0.47470 0.30333
v -0.91797 -0.44282 0.28021
v -0.86274 -0.47470 0.28021
v -0.88933 -0.45698 0.30333
v -0.87909 -0.47470 0.30333
v -0.88115 -0.44282 0.28021
v -0.90980 -0.49243 0.30333
v -0.88115 -0.50659 0.28021
v -0.88933 -0.49243 0.30333
v -0.91797 -0.50659 0.28021
v -0.91797 -0.44282 0.28021
v -0.90980 -0.45698 0.30333
v -0.88933 -0.45698 0.30333
v -0.88115 -0.44282 0.28021
v -0.88933 -0.49243 0.30333
v -0.88933 -0.45698 0.30333
v -0.92003 -0.47470 0.30333
v -0.90980 -0.49243 0.30333
v -0.87909 -0.47470 0.30333
v -0.90980 -0.45698 0.30333
v -0.91797 -0.44282 0.16511
v -0.91797 -0.50659 0.16511
v -0.93638 -0.47470 0.16511
v -0.88115 -0.44282 0.16511
v -0.88115 -0.50659 0.16511
v -0.86274 -0.47470 0.16511
v -0.88115 -0.50659 0.16511
v -0.86274 -0.47470 0.28021
v -0.88115 -0.50659 0.28021
v -0.86274 -0.47470 0.16511
v -0.88115 -0.50659 0.28021
v -0.91797 -0.50659 0.16511
v -0.88115 -0.50659 0.16511
v -0.91797 -0.50659 0.28021
v -0.90980 -0.49243 0.30333
v -0.93638 -0.47470 0.28021
v -0.91797 -0.50659 0.28021
v -0.92003 -0.47470 0.30333
v -0.93638 -0.47470 0.28021
v -0.93638 -0.47470 0.16511
v -0.91797 -0.50659 0.28021
v -0.91797 -0.50659 0.16511
v -0.91797 -0.44282 0.28021
v -0.91797 -0.44282 0.16511
v -0.93638 -0.47470 0.28021
v -0.93638 -0.47470 0.16511
v -0.88115 -0.44282 0.16511
v -0.91797 -0.44282 0.28021
v -0.88115 -0.44282 0.28021
v -0.91797 -0.44282 0.16511
v -0.86274 -0.47470 0.16511
v -0.88115 -0.44282 0.28021
v -0.86274 -0.47470 0.28021
v -0.88115 -0.44282 0.16511
v -0.88115 0.95744 0.28021
v -0.86274 0.98933 0.28021
v -0.88933 0.97160 0.30333
v -0.87909 0.98933 0.30333
v -0.90980 1.00705 0.30333
v -0.93638 0.98933 0.28021
v -0.92003 0.98933 0.30333
v -0.91797 1.02121 0.28021
v -0.86274 0.98933 0.28021
v -0.88933 1.00705 0.30333
v -0.87909 0.98933 0.30333
v -0.88115 1.02121 0.28021
v -0.90980 0.97160 0.30333
v -0.88115 0.95744 0.28021
v -0.88933 0.97160 0.30333
v -0.91797 0.95744 0.28021
v -0.91797 1.02121 0.28021
v -0.90980 1.00705 0.30333
v -0.88933 1.00705 0.30333
v -0.88115 1.02121 0.28021
v -0.88933 0.97160 0.30333
v -0.92003 0.98933 0.30333
v -0.90980 0.97160 0.30333
v -0.88933 1.00705 0.30333
v -0.87909 0.98933 0.30333
v -0.90980 1.00705 0.30333
v -0.91797 1.02121 0.16511
v -0.91797 0.95744 0.16511
v -0.93638 0.98933 0.16511
v -0.88115 1.02121 0.16511
v -0.88115 0.95744 0.16511
v -0.86274 0.98933 0.16511
v -0.88115 0.95744 0.16511
v -0.86274 0.98933 0.28021
v -0.88115 0.95744 0.28021
v -0.86274 0.98933 0.16511
v -0.88115 0.95744 0.28021
v -0.91797 0.95744 0.16511
v -0.88115 0.95744 0.16511
v -0.91797 0.95744 0.28021
v -0.90980 0.97160 0.30333
v -0.93638 0.98933 0.28021
v -0.91797 0.95744 0.28021
v -0.92003 0.98933 0.30333
v -0.93638 0.98933 0.28021
v -0.93638 0.98933 0.16511
v -0.91797 0.95744 0.28021
v -0.91797 0.95744 0.16511
v -0.91797 1.02121 0.28021
v -0.91797 1.02121 0.16511
v -0.93638 0.98933 0.28021
v -0.93638 0.98933 0.16511
v -0.88115 1.02121 0.16511
v -0.91797 1.02121 0.28021
v -0.88115 1.02121 0.28021
v -0.91797 1.02121 0.16511
v -0.86274 0.98933 0.16511
v -0.88115 1.02121 0.28021
v -0.86274 0.98933 0.28021
v -0.88115 1.02121 0.16511
v -0.50502 -0.85461 0.28021
v -0.48661 -0.82272 0.28021
v -0.51319 -0.84045 0.30333
v -0.50296 -0.82272 0.30333
v -0.53366 -0.80500 0.30333
v -0.56025 -0.82272 0.28021
v -0.54390 -0.82272 0.30333
v -0.54184 -0.79084 0.28021
v -0.48661 -0.82272 0.28021
v -0.51319 -0.80500 0.30333
v -0.50296 -0.82272 0.30333
v -0.50502 -0.79084 0.28021
v -0.51319 -0.84045 0.30333
v -0.54184 -0.85461 0.28021
v -0.50502 -0.85461 0.28021
v -0.53366 -0.84045 0.30333
v -0.54184 -0.79084 0.28021
v -0.53366 -0.80500 0.30333
v -0.51319 -0.80500 0.30333
v -0.50502 -0.79084 0.28021
v -0.51319 -0.84045 0.30333
v -0.54390 -0.82272 0.30333
v -0.53366 -0.84045 0.30333
v -0.51319 -0.80500 0.30333
v -0.50296 -0.82272 0.30333
v -0.53366 -0.80500 0.30333
v -0.56025 -0.82272 0.16511
v -0.50502 -0.85461 0.16511
v -0.54184 -0.85461 0.16511
v -0.54184 -0.79084 0.16511
v -0.50502 -0.79084 0.16511
v -0.48661 -0.82272 0.16511
v -0.50502 -0.85461 0.28021
v -0.48661 -0.82272 0.16511
v -0.48661 -0.82272 0.28021
v -0.50502 -0.85461 0.16511
v -0.50502 -0.85461 0.16511
v -0.54184 -0.85461 0.28021
v -0.54184 -0.85461 0.16511
v -0.50502 -0.85461 0.28021
v -0.53366 -0.84045 0.30333
v -0.56025 -0.82272 0.28021
v -0.54184 -0.85461 0.28021
v -0.54390 -0.82272 0.30333
v -0.56025 -0.82272 0.28021
v -0.56025 -0.82272 0.16511
v -0.54184 -0.85461 0.28021
v -0.54184 -0.85461 0.16511
v -0.54184 -0.79084 0.28021
v -0.54184 -0.79084 0.16511
v -0.56025 -0.82272 0.28021
v -0.56025 -0.82272 0.16511
v -0.50502 -0.79084 0.16511
v -0.54184 -0.79084 0.28021
v -0.50502 -0.79084 0.28021
v -0.54184 -0.79084 0.16511
v -0.48661 -0.82272 0.16511
v -0.50502 -0.79084 0.28021
v -0.48661 -0.82272 0.28021
v -0.50502 -0.79084 0.16511
v 0.48661 1.08189 0.28021
v 0.50502 1.05001 0.28021
v 0.51319 1.06417 0.30333
v 0.50296 1.08189 0.30333
v 0.56025 1.08189 0.28021
v 0.53366 1.09962 0.30333
v 0.54390 1.08189 0.30333
v 0.54184 1.11378 0.28021
v 0.48661 1.08189 0.28021
v 0.51319 1.09962 0.30333
v 0.50502 1.11378 0.28021
v 0.50296 1.08189 0.30333
v 0.51319 1.06417 0.30333
v 0.54184 1.05001 0.28021
v 0.53366 1.06417 0.30333
v 0.50502 1.05001 0.28021
v 0.54184 1.11378 0.28021
v 0.51319 1.09962 0.30333
v 0.53366 1.09962 0.30333
v 0.50502 1.11378 0.28021
v 0.51319 1.09962 0.30333
v 0.54390 1.08189 0.30333
v 0.53366 1.09962 0.30333
v 0.50296 1.08189 0.30333
v 0.51319 1.06417 0.30333
v 0.53366 1.06417 0.30333
v 0.54184 1.11378 0.16511
v 0.50502 1.05001 0.16511
v 0.50502 1.11378 0.16511
v 0.56025 1.08189 0.16511
v 0.54184 1.05001 0.16511
v 0.48661 1.08189 0.16511
v 0.48661 1.08189 0.28021
v 0.48661 1.08189 0.16511
v 0.50502 1.05001 0.16511
v 0.50502 1.05001 0.28021
v 0.50502 1.05001 0.16511
v 0.54184 1.05001 0.28021
v 0.50502 1.05001 0.28021
v 0.54184 1.05001 0.16511
v 0.53366 1.06417 0.30333
v 0.56025 1.08189 0.28021
v 0.54390 1.08189 0.30333
v 0.54184 1.05001 0.28021
v 0.56025 1.08189 0.16511
v 0.54184 1.05001 0.28021
v 0.54184 1.05001 0.16511
v 0.56025 1.08189 0.28021
v 0.54184 1.11378 0.16511
v 0.56025 1.08189 0.28021
v 0.56025 1.08189 0.16511
v 0.54184 1.11378 0.28021
v 0.50502 1.11378 0.16511
v 0.50502 1.11378 0.28021
v 0.54184 1.11378 0.28021
v 0.54184 1.11378 0.16511
v 0.50502 1.11378 0.28021
v 0.50502 1.11378 0.16511
v 0.48661 1.08189 0.16511
v 0.48661 1.08189 0.28021
v 0.86274 0.54121 0.28021
v 0.88115 0.50932 0.28021
v 0.88933 0.52348 0.30333
v 0.87909 0.54121 0.30333
v 0.93638 0.54121 0.28021
v 0.90980 0.55894 0.30333
v 0.92003 0.54121 0.30333
v 0.91797 0.57310 0.28021
v 0.86274 0.54121 0.28021
v 0.88933 0.55894 0.30333
v 0.88115 0.57310 0.28021
v 0.87909 0.54121 0.30333
v 0.88115 0.50932 0.28021
v 0.91797 0.50932 0.28021
v 0.90980 0.52348 0.30333
v 0.88933 0.52348 0.30333
v 0.91797 0.57310 0.28021
v 0.88933 0.55894 0.30333
v 0.90980 0.55894 0.30333
v 0.88115 0.57310 0.28021
v 0.88933 0.55894 0.30333
v 0.92003 0.54121 0.30333
v 0.90980 0.55894 0.30333
v 0.87909 0.54121 0.30333
v 0.88933 0.52348 0.30333
v 0.90980 0.52348 0.30333
v 0.88115 0.50932 0.16511
v 0.86274 0.54121 0.16511
v 0.88115 0.57310 0.16511
v 0.91797 0.50932 0.16511
v 0.91797 0.57310 0.16511
v 0.93638 0.54121 0.16511
v 0.88115 0.50932 0.28021
v 0.86274 0.54121 0.16511
v 0.88115 0.50932 0.16511
v 0.86274 0.54121 0.28021
v 0.91797 0.50932 0.16511
v 0.88115 0.50932 0.28021
v 0.88115 0.50932 0.16511
v 0.91797 0.50932 0.28021
v 0.90980 0.52348 0.30333
v 0.93638 0.54121 0.28021
v 0.92003 0.54121 0.30333
v 0.91797 0.50932 0.28021
v 0.93638 0.54121 0.16511
v 0.91797 0.50932 0.28021
v 0.91797 0.50932 0.16511
v 0.93638 0.54121 0.28021
v 0.91797 0.57310 0.16511
v 0.93638 0.54121 0.28021
v 0.93638 0.54121 0.16511
v 0.91797 0.57310 0.28021
v 0.88115 0.57310 0.16511
v 0.88115 0.57310 0.28021
v 0.91797 0.57310 0.28021
v 0.91797 0.57310 0.16511
v 0.88115 0.57310 0.28021
v 0.86274 0.54121 0.16511
v 0.86274 0.54121 0.28021
v 0.88115 0.57310 0.16511
v 0.86274 0.04093 0.28021
v 0.88115 0.00904 0.28021
v 0.88933 0.02320 0.30333
v 0.87909 0.04093 0.30333
v 0.93638 0.04093 0.28021
v 0.90980 0.05865 0.30333
v 0.92003 0.04093 0.30333
v 0.91797 0.07281 0.28021
v 0.86274 0.04093 0.28021
v 0.88933 0.05865 0.30333
v 0.88115 0.07281 0.28021
v 0.87909 0.04093 0.30333
v 0.88115 0.00904 0.28021
v 0.91797 0.00904 0.28021
v 0.90980 0.02320 0.30333
v 0.88933 0.02320 0.30333
v 0.91797 0.07281 0.28021
v 0.88933 0.05865 0.30333
v 0.90980 0.05865 0.30333
v 0.88115 0.07281 0.28021
v 0.88933 0.05865 0.30333
v 0.92003 0.04093 0.30333
v 0.90980 0.05865 0.30333
v 0.87909 0.04093 0.30333
v 0.88933 0.02320 0.30333
v 0.90980 0.02320 0.30333
v 0.88115 0.00904 0.16511
v 0.86274 0.04093 0.16511
v 0.88115 0.07281 0.16511
v 0.91797 0.00904 0.16511
v 0.91797 0.07281 0.16511
v 0.93638 0.04093 0.16511
v 0.86274 0.04093 0.28021
v 0.88115 0.00904 0.16511
v 0.88115 0.00904 0.28021
v 0.86274 0.04093 0.16511
v 0.91797 0.00904 0.16511
v 0.88115 0.00904 0.28021
v 0.88115 0.00904 0.16511
v 0.91797 0.00904 0.28021
v 0.90980 0.02320 0.30333
v 0.93638 0.04093 0.28021
v 0.92003 0.04093 0.30333
v 0.91797 0.00904 0.28021
v 0.91797 0.00904 0.16511
v 0.93638 0.04093 0.28021
v 0.91797 0.00904 0.28021
v 0.93638 0.04093 0.16511
v 0.93638 0.04093 0.16511
v 0.91797 0.07281 0.28021
v 0.93638 0.04093 0.28021
v 0.91797 0.07281 0.16511
v 0.88115 0.07281 0.16511
v 0.88115 0.07281 0.28021
v 0.91797 0.07281 0.28021
v 0.91797 0.07281 0.16511
v 0.88115 0.07281 0.28021
v 0.86274 0.04093 0.16511
v 0.86274 0.04093 0.28021
v 0.88115 0.07281 0.16511
v 0.86274 -0.47470 0.28021
v 0.88115 -0.50659 0.28021
v 0.88933 -0.49243 0.30333
v 0.87909 -0.47470 0.30333
v 0.93638 -0.47470 0.28021
v 0.90980 -0.45698 0.30333
v 0.92003 -0.47470 0.30333
v 0.91797 -0.44282 0.28021
v 0.86274 -0.47470 0.28021
v 0.88933 -0.45698 0.30333
v 0.88115 -0.44282 0.28021
v 0.87909 -0.47470 0.30333
v 0.88115 -0.50659 0.28021
v 0.90980 -0.49243 0.30333
v 0.88933 -0.49243 0.30333
v 0.91797 -0.50659 0.28021
v 0.91797 -0.44282 0.28021
v 0.88933 -0.45698 0.30333
v 0.90980 -0.45698 0.30333
v 0.88115 -0.44282 0.28021
v 0.88933 -0.49243 0.30333
v 0.88933 -0.45698 0.30333
v 0.87909 -0.47470 0.30333
v 0.92003 -0.47470 0.30333
v 0.90980 -0.45698 0.30333
v 0.90980 -0.49243 0.30333
v 0.88115 -0.50659 0.16511
v 0.86274 -0.47470 0.16511
v 0.88115 -0.44282 0.16511
v 0.91797 -0.50659 0.16511
v 0.91797 -0.44282 0.16511
v 0.93638 -0.47470 0.16511
v 0.86274 -0.47470 0.28021
v 0.88115 -0.50659 0.16511
v 0.88115 -0.50659 0.28021
v 0.86274 -0.47470 0.16511
v 0.91797 -0.50659 0.16511
v 0.88115 -0.50659 0.28021
v 0.88115 -0.50659 0.16511
v 0.91797 -0.50659 0.28021
v 0.90980 -0.49243 0.30333
v 0.93638 -0.47470 0.28021
v 0.92003 -0.47470 0.30333
v 0.91797 -0.50659 0.28021
v 0.93638 -0.47470 0.16511
v 0.91797 -0.50659 0.28021
v 0.91797 -0.50659 0.16511
v 0.93638 -0.47470 0.28021
v 0.91797 -0.44282 0.16511
v 0.93638 -0.47470 0.28021
v 0.93638 -0.47470 0.16511
v 0.91797 -0.44282 0.28021
v 0.88115 -0.44282 0.16511
v 0.88115 -0.44282 0.28021
v 0.91797 -0.44282 0.28021
v 0.91797 -0.44282 0.16511
v 0.88115 -0.44282 0.28021
v 0.86274 -0.47470 0.16511
v 0.86274 -0.47470 0.28021
v 0.88115 -0.44282 0.16511
v 0.86274 0.98933 0.28021
v 0.88115 0.95744 0.28021
v 0.88933 0.97160 0.30333
v 0.87909 0.98933 0.30333
v 0.93638 0.98933 0.28021
v 0.90980 1.00705 0.30333
v 0.92003 0.98933 0.30333
v 0.91797 1.02121 0.28021
v 0.86274 0.98933 0.28021
v 0.88933 1.00705 0.30333
v 0.88115 1.02121 0.28021
v 0.87909 0.98933 0.30333
v 0.88115 0.95744 0.28021
v 0.90980 0.97160 0.30333
v 0.88933 0.97160 0.30333
v 0.91797 0.95744 0.28021
v 0.91797 1.02121 0.28021
v 0.88933 1.00705 0.30333
v 0.90980 1.00705 0.30333
v 0.88115 1.02121 0.28021
v 0.88933 1.00705 0.30333
v 0.92003 0.98933 0.30333
v 0.90980 1.00705 0.30333
v 0.87909 0.98933 0.30333
v 0.88933 0.97160 0.30333
v 0.90980 0.97160 0.30333
v 0.88115 0.95744 0.16511
v 0.86274 0.98933 0.16511
v 0.88115 1.02121 0.16511
v 0.91797 0.95744 0.16511
v 0.91797 1.02121 0.16511
v 0.93638 0.98933 0.16511
v 0.86274 0.98933 0.28021
v 0.86274 0.98933 0.16511
v 0.88115 0.95744 0.16511
v 0.88115 0.95744 0.28021
v 0.91797 0.95744 0.16511
v 0.88115 0.95744 0.28021
v 0.88115 0.95744 0.16511
v 0.91797 0.95744 0.28021
v 0.90980 0.97160 0.30333
v 0.93638 0.98933 0.28021
v 0.92003 0.98933 0.30333
v 0.91797 0.95744 0.28021
v 0.93638 0.98933 0.16511
v 0.91797 0.95744 0.28021
v 0.91797 0.95744 0.16511
v 0.93638 0.98933 0.28021
v 0.91797 1.02121 0.16511
v 0.93638 0.98933 0.28021
v 0.93638 0.98933 0.16511
v 0.91797 1.02121 0.28021
v 0.88115 1.02121 0.16511
v 0.88115 1.02121 0.28021
v 0.91797 1.02121 0.28021
v 0.91797 1.02121 0.16511
v 0.88115 1.02121 0.28021
v 0.86274 0.98933 0.16511
v 0.86274 0.98933 0.28021
v 0.88115 1.02121 0.16511
v 0.48661 -0.82272 0.28021
v 0.50502 -0.85461 0.28021
v 0.51319 -0.84045 0.30333
v 0.50296 -0.82272 0.30333
v 0.56025 -0.82272 0.28021
v 0.53366 -0.80500 0.30333
v 0.54390 -0.82272 0.30333
v 0.54184 -0.79084 0.28021
v 0.48661 -0.82272 0.28021
v 0.51319 -0.80500 0.30333
v 0.50502 -0.79084 0.28021
v 0.50296 -0.82272 0.30333
v 0.51319 -0.84045 0.30333
v 0.54184 -0.85461 0.28021
v 0.53366 -0.84045 0.30333
v 0.50502 -0.85461 0.28021
v 0.54184 -0.79084 0.28021
v 0.51319 -0.80500 0.30333
v 0.53366 -0.80500 0.30333
v 0.50502 -0.79084 0.28021
v 0.51319 -0.80500 0.30333
v 0.54390 -0.82272 0.30333
v 0.53366 -0.80500 0.30333
v 0.51319 -0.84045 0.30333
v 0.53366 -0.84045 0.30333
v 0.50296 -0.82272 0.30333
v 0.54184 -0.79084 0.16511
v 0.50502 -0.85461 0.16511
v 0.50502 -0.79084 0.16511
v 0.56025 -0.82272 0.16511
v 0.54184 -0.85461 0.16511
v 0.48661 -0.82272 0.16511
v 0.50502 -0.85461 0.28021
v 0.48661 -0.82272 0.16511
v 0.50502 -0.85461 0.16511
v 0.48661 -0.82272 0.28021
v 0.50502 -0.85461 0.16511
v 0.54184 -0.85461 0.28021
v 0.50502 -0.85461 0.28021
v 0.54184 -0.85461 0.16511
v 0.53366 -0.84045 0.30333
v 0.56025 -0.82272 0.28021
v 0.54390 -0.82272 0.30333
v 0.54184 -0.85461 0.28021
v 0.56025 -0.82272 0.16511
v 0.54184 -0.85461 0.28021
v 0.54184 -0.85461 0.16511
v 0.56025 -0.82272 0.28021
v 0.54184 -0.79084 0.16511
v 0.56025 -0.82272 0.28021
v 0.56025 -0.82272 0.16511
v 0.54184 -0.79084 0.28021
v 0.50502 -0.79084 0.16511
v 0.50502 -0.79084 0.28021
v 0.54184 -0.79084 0.28021
v 0.54184 -0.79084 0.16511
v 0.50502 -0.79084 0.28021
v 0.48661 -0.82272 0.16511
v 0.48661 -0.82272 0.28021
v 0.50502 -0.79084 0.16511
vn 0.56642 -0.32703 0.75645
vn 0.56642 -0.32702 0.75645
vn 0.56642 -0.32702 0.75645
vn 0.56642 -0.32702 0.75646
vn -0.56642 0.32702 0.75646
vn -0.56642 0.32702 0.75646
vn -0.56642 0.32702 0.75646
vn -0.56642 0.32702 0.75646
vn 0.56642 0.32702 0.75646
vn 0.56642 0.32702 0.75646
vn 0.56642 0.32702 0.75646
vn 0.56642 0.32702 0.75646
vn 0.00000 -0.65405 0.75645
vn 0.00000 -0.65405 0.75645
vn 0.00000 -0.65405 0.75645
vn 0.00000 -0.65405 0.75645
vn 0.00000 0.65404 0.75646
vn 0.00000 0.65404 0.75646
vn 0.00000 0.65404 0.75646
vn 0.00000 0.65404 0.75646
vn 0.00000 0.00000 1.00000
vn 0.00000 0.00000 1.00000
vn 0.00000 0.00000 1.00000
vn 0.00000 0.00000 1.00000
vn 0.00000 0.00000 1.00000
vn 0.00000 0.00000 1.00000
vn 0.00000 -0.00000 -1.00000
vn 0.00000 -0.00000 -1.00000
vn 0.00000 -0.00000 -1.00000
vn -0.00000 -0.00000 -1.00000
vn -0.00000 -0.00000 -1.00000
vn -0.00000 -0.00000 -1.00000
vn 0.86602 -0.50000 0.00000
vn 0.86602 -0.50000 0.00000
vn 0.86602 -0.50000 0.00000
vn 0.86602 -0.50000 0.00000
vn 0.00000 -1.00000 0.00000
vn 0.00000 -1.00000 0.00000
vn 0.00000 -1.00000 0.00000
vn 0.00000 -1.00000 0.00000
vn -0.56642 -0.32702 0.75646
vn -0.56642 -0.32702 0.75645
vn -0.56642 -0.32702 0.75646
vn -0.56642 -0.32703 0.75645
vn -0.86602 -0.50000 0.00000
vn -0.86602 -0.50000 0.00000
vn -0.86602 -0.50000 0.00000
vn -0.86602 -0.50000 0.00000
vn -0.86603 0.50000 -0.00000
vn -0.86603 0.50000 -0.00000
vn -0.86603 0.50000 -0.00000
vn -0.86603 0.50000 -0.00000
vn 0.00000 1.00000 -0.00000
vn 0.00000 1.00000 -0.00000
vn 0.00000 1.00000 -0.00000
vn 0.00000 1.00000 -0.00000
vn 0.86603 0.50000 -0.00000
vn 0.86603 0.50000 -0.00000
vn 0.86603 0.50000 -0.00000
vn 0.86603 0.50000 -0.00000
vn 0.56642 -0.32703 0.75645
vn 0.56642 -0.32702 0.75646
vn 0.56642 -0.32702 0.75645
vn 0.56642 -0.32702 0.75646
vn -0.56642 0.32702 0.75646
vn -0.56642 0.32702 0.75646
vn -0.56642 0.32702 0.75646
vn -0.56642 0.32702 0.75645
vn 0.56642 0.32702 0.75646
vn 0.56642 0.32702 0.75646
vn 0.56642 0.32702 0.75646
vn 0.56642 0.32702 0.75646
vn 0.00000 -0.65405 0.75646
vn 0.00000 -0.65405 0.75646
vn 0.00000 -0.65405 0.75646
vn 0.00000 -0.65405 0.75646
vn 0.00000 0.65404 0.75646
vn 0.00000 0.65404 0.75646
vn 0.00000 0.65404 0.75646
vn 0.00000 0.65404 0.75646
vn 0.00000 0.00000 1.00000
vn 0.00000 0.00000 1.00000
vn -0.00000 0.00000 1.00000
vn 0.00000 0.00000 1.00000
vn 0.00000 0.00000 1.00000
vn 0.00000 0.00000 1.00000
vn -0.00000 -0.00000 -1.00000
vn -0.00000 -0.00000 -1.00000
vn -0.00000 -0.00000 -1.00000
vn 0.00000 -0.00000 -1.00000
vn 0.00000 -0.00000 -1.00000
vn 0.00000 -0.00000 -1.00000
vn 0.86602 -0.50000 0.00000
vn 0.86602 -0.50000 0.00000
vn 0.86602 -0.50000 0.00000
vn 0.86602 -0.50000 0.00000
vn 0.00000 -1.00000 0.00000
vn 0.00000 -1.00000 0.00000
vn 0.00000 -1.00000 0.00000
vn 0.00000 -1.00000 0.00000
vn -0.56642 -0.32702 0.75645
vn -0.56642 -0.32702 0.75645
vn -0.56642 -0.32702 0.75646
vn -0.56642 -0.32703 0.75645
vn -0.86602 -0.50000 0.00000
vn -0.86602 -0.50000 0.00000
vn -0.86602 -0.50000 0.00000
vn -0.86602 -0.50000 0.00000
vn -0.86603 0.50000 -0.00000
vn -0.86603 0.50000 -0.00000
vn -0.86603 0.50000 -0.00000
vn -0.86603 0.50000 -0.00000
vn 0.00000 1.00000 -0.00000
vn 0.00000 1.00000 -0.00000
vn 0.00000 1.00000 -0.00000
vn 0.00000 1.00000 -0.00000
vn 0.86603 0.50000 -0.00000
vn 0.86603 0.50000 -0.00000
vn 0.86603 0.50000 -0.00000
vn 0.86603 0.50000 -0.00000
vn 0.56642 -0.32703 0.75645
vn 0.56642 -0.32702 0.75646
vn 0.56642 -0.32702 0.75645
vn 0.56642 -0.32702 0.75646
vn -0.56642 0.32702 0.75646
vn -0.56642 0.32702 0.75646
vn -0.56642 0.32702 0.75646
vn -0.56642 0.32702 0.75645
vn 0.56642 0.32702 0.75646
vn 0.56642 0.32702 0.75646
vn 0.56642 0.32702 0.75646
vn 0.56642 0.32702 0.75646
vn 0.00000 -0.65405 0.75645
vn 0.00000 -0.65405 0.75645
vn 0.00000 -0.65405 0.75645
vn 0.00000 -0.65405 0.75645
vn 0.00000 0.65404 0.75646
vn 0.00000 0.65404 0.75646
vn 0.00000 0.65404 0.75646
vn 0.00000 0.65404 0.75646
vn 0.00000 0.00000 1.00000
vn 0.00000 0.00000 1.00000
vn -0.00000 0.00000 1.00000
vn 0.00000 0.00000 1.00000
vn 0.00000 0.00000 1.00000
vn 0.00000 0.00000 1.00000
vn 0.00000 -0.00000 -1.00000
vn 0.00000 -0.00000 -1.00000
vn 0.00000 -0.00000 -1.00000
vn -0.00000 -0.00000 -1.00000
vn -0.00000 -0.00000 -1.00000
vn -0.00000 -0.00000 -1.00000
vn 0.86602 -0.50000 0.00000
vn 0.86602 -0.50000 0.00000
vn 0.86602 -0.50000 0.00000
vn 0.86602 -0.50000 0.00000
vn 0.00000 -1.00000 0.00000
vn 0.00000 -1.00000 0.00000
vn 0.00000 -1.00000 0.00000
vn 0.00000 -1.00000 0.00000
vn -0.56642 -0.32702 0.75645
vn -0.56642 -0.32702 0.75645
vn -0.56642 -0.32702 0.75646
vn -0.56642 -0.32703 0.75645
vn -0.86602 -0.50000 0.00000
vn -0.86602 -0.50000 0.00000
vn -0.86602 -0.50000 0.00000
vn -0.86602 -0.50000 0.00000
vn -0.86603 0.50000 -0.00000
vn -0.86603 0.50000 -0.00000
vn -0.86603 0.50000 -0.00000
vn -0.86603 0.50000 -0.00000
vn 0.00000 1.00000 -0.00000
vn 0.00000 1.00000 -0.00000
vn 0.00000 1.00000 -0.00000
vn 0.00000 1.00000 -0.00000
vn 0.86603 0.50000 -0.00000
vn 0.86603 0.50000 -0.00000
vn 0.86603 0.50000 -0.00000
vn 0.86602 0.50000 -0.00000
vn 0.02081 -0.03019 0.99933
vn 0.02294 -0.03024 0.99928
vn 0.03274 -0.03046 0.99900
vn 0.01442 -0.03005 0.99944
vn 0.03641 0.02110 0.99911
vn 0.03593 0.01849 0.99918
vn 0.03850 0.03242 0.99873
vn 0.03434 0.00988 0.99936
vn 0.02363 0.03378 0.99915
vn 0.03633 0.03409 0.99876
vn 0.02488 0.03381 0.99912
vn 0.01581 0.03358 0.99931
vn 0.00000 -0.03544 0.99937
vn 0.00000 -0.03544 0.99937
vn 0.00000 -0.03544 0.99937
vn 0.03135 -0.02028 0.99930
vn 0.03128 -0.02148 0.99928
vn 0.03184 -0.01174 0.99942
vn 0.03068 -0.03177 0.99902
vn 0.04278 0.00000 0.99908
vn 0.04278 0.00000 0.99908
vn 0.04278 0.00000 0.99908
vn -0.39562 -0.84053 0.37013
vn -0.39562 -0.84053 0.37012
vn -0.39562 -0.84053 0.37012
vn -0.39562 -0.84053 0.37013
vn 0.00000 -0.93760 0.34771
vn 0.00000 -0.93760 0.34771
vn 0.00000 -0.93760 0.34771
vn 0.00000 -0.93760 0.34771
vn -0.39578 0.82457 0.40429
vn -0.39578 0.82457 0.40429
vn -0.39578 0.82457 0.40429
vn -0.39578 0.82457 0.40429
vn -0.81065 0.00000 0.58554
vn -0.81065 0.00000 0.58554
vn -0.81065 0.00000 0.58554
vn -0.81065 0.00000 0.58554
vn 0.00000 0.93760 0.34770
vn 0.00000 0.93760 0.34770
vn 0.00000 0.93760 0.34770
vn -0.82332 -0.23684 0.51580
vn -0.82332 -0.23684 0.51580
vn -0.82332 -0.23684 0.51580
vn -0.82332 -0.23684 0.51580
vn -0.79882 0.29462 0.52449
vn -0.79882 0.29462 0.52449
vn -0.79882 0.29462 0.52449
vn -0.79882 0.29462 0.52449
vn -0.56642 -0.32702 0.75645
vn -0.56642 -0.32702 0.75645
vn -0.56642 -0.32702 0.75646
vn -0.56642 -0.32703 0.75645
vn 0.56642 0.32702 0.75646
vn 0.56642 0.32702 0.75646
vn 0.56642 0.32702 0.75646
vn 0.56642 0.32702 0.75646
vn -0.56642 0.32702 0.75646
vn -0.56642 0.32702 0.75646
vn -0.56642 0.32702 0.75646
vn -0.56642 0.32702 0.75646
vn 0.00000 -0.65405 0.75645
vn 0.00000 -0.65405 0.75645
vn 0.00000 -0.65405 0.75645
vn 0.00000 -0.65405 0.75645
vn 0.00000 0.65404 0.75646
vn 0.00000 0.65404 0.75646
vn 0.00000 0.65404 0.75646
vn 0.00000 0.65404 0.75646
vn 0.00000 0.00000 1.00000
vn 0.00000 0.00000 1.00000
vn 0.00000 0.00000 1.00000
vn 0.00000 0.00000 1.00000
vn 0.00000 0.00000 1.00000
vn 0.00000 0.00000 1.00000
vn 0.00000 -0.00000 -1.00000
vn 0.00000 -0.00000 -1.00000
vn 0.00000 -0.00000 -1.00000
vn -0.00000 -0.00000 -1.00000
vn -0.00000 -0.00000 -1.00000
vn -0.00000 -0.00000 -1.00000
vn -0.86602 -0.50000 0.00000
vn -0.86602 -0.50000 0.00000
vn -0.86602 -0.50000 0.00000
vn -0.86602 -0.50000 0.00000
vn 0.00000 -1.00000 0.00000
vn 0.00000 -1.00000 0.00000
vn 0.00000 -1.00000 0.00000
vn 0.00000 -1.00000 0.00000
vn 0.56642 -0.32702 0.75645
vn 0.56642 -0.32702 0.75646
vn 0.56642 -0.32702 0.75646
vn 0.56642 -0.32703 0.75645
vn 0.86602 -0.50000 0.00000
vn 0.86602 -0.50000 0.00000
vn 0.86602 -0.50000 0.00000
vn 0.86602 -0.50000 0.00000
vn 0.86603 0.50000 -0.00000
vn 0.86603 0.50000 -0.00000
vn 0.86603 0.50000 -0.00000
vn 0.86603 0.50000 -0.00000
vn 0.00000 1.00000 -0.00000
vn 0.00000 1.00000 -0.00000
vn 0.00000 1.00000 -0.00000
vn 0.00000 1.00000 -0.00000
vn -0.86603 0.50000 -0.00000
vn -0.86603 0.50000 -0.00000
vn -0.86603 0.50000 -0.00000
vn -0.86603 0.50000 -0.00000
vn -0.56642 -0.32702 0.75646
vn -0.56642 -0.32702 0.75645
vn -0.56642 -0.32702 0.75646
vn -0.56642 -0.32703 0.75645
vn 0.56642 0.32702 0.75646
vn 0.56642 0.32702 0.75646
vn 0.56642 0.32702 0.75646
vn 0.56642 0.32702 0.75645
vn -0.56642 0.32702 0.75646
vn -0.56642 0.32702 0.75646
vn -0.56642 0.32702 0.75646
vn -0.56642 0.32702 0.75646
vn 0.00000 -0.65405 0.75646
vn 0.00000 -0.65405 0.75646
vn 0.00000 -0.65405 0.75646
vn 0.00000 -0.65405 0.75646
vn 0.00000 0.65404 0.75646
vn 0.00000 0.65404 0.75646
vn 0.00000 0.65404 0.75646
vn 0.00000 0.65404 0.75646
vn -0.00000 0.00000 1.00000
vn -0.00000 0.00000 1.00000
vn -0.00000 0.00000 1.00000
vn 0.00000 0.00000 1.00000
vn 0.00000 0.00000 1.00000
vn 0.00000 0.00000 1.00000
vn -0.00000 -0.00000 -1.00000
vn -0.00000 -0.00000 -1.00000
vn -0.00000 -0.00000 -1.00000
vn 0.00000 -0.00000 -1.00000
vn 0.00000 -0.00000 -1.00000
vn 0.00000 -0.00000 -1.00000
vn -0.86602 -0.50000 0.00000
vn -0.86602 -0.50000 0.00000
vn -0.86602 -0.50000 0.00000
vn -0.86602 -0.50000 0.00000
vn 0.00000 -1.00000 0.00000
vn 0.00000 -1.00000 0.00000
vn 0.00000 -1.00000 0.00000
vn 0.00000 -1.00000 0.00000
vn 0.56642 -0.32702 0.75645
vn 0.56642 -0.32702 0.75645
vn 0.56642 -0.32702 0.75646
vn 0.56642 -0.32703 0.75645
vn 0.86602 -0.50000 0.00000
vn 0.86602 -0.50000 0.00000
vn 0.86602 -0.50000 0.00000
vn 0.86602 -0.50000 0.00000
vn 0.86603 0.50000 -0.00000
vn 0.86603 0.50000 -0.00000
vn 0.86603 0.50000 -0.00000
vn 0.86603 0.50000 -0.00000
vn 0.00000 1.00000 -0.00000
vn 0.00000 1.00000 -0.00000
vn 0.00000 1.00000 -0.00000
vn 0.00000 1.00000 -0.00000
vn -0.86603 0.50000 -0.00000
vn -0.86603 0.50000 -0.00000
vn -0.86603 0.50000 -0.00000
vn -0.86603 0.50000 -0.00000
vn -0.56642 -0.32702 0.75646
vn -0.56642 -0.32702 0.75645
vn -0.56642 -0.32702 0.75646
vn -0.56642 -0.32703 0.75645
vn 0.56642 0.32702 0.75646
vn 0.56642 0.32702 0.75646
vn 0.56642 0.32702 0.75646
vn 0.56642 0.32702 0.75645
vn -0.56642 0.32702 0.75646
vn -0.56642 0.32702 0.75646
vn -0.56642 0.32702 0.75646
vn -0.56642 0.32702 0.75646
vn 0.00000 -0.65405 0.75645
vn 0.00000 -0.65405 0.75645
vn 0.00000 -0.65405 0.75645
vn 0.00000 -0.65405 0.75645
vn 0.00000 0.65404 0.75646
vn 0.00000 0.65404 0.75646
vn 0.00000 0.65404 0.75646
vn 0.00000 0.65404 0.75646
vn -0.00000 0.00000 1.00000
vn -0.00000 0.00000 1.00000
vn -0.00000 0.00000 1.00000
vn 0.00000 0.00000 1.00000
vn 0.00000 0.00000 1.00000
vn 0.00000 0.00000 1.00000
vn 0.00000 -0.00000 -1.00000
vn 0.00000 -0.00000 -1.00000
vn 0.00000 -0.00000 -1.00000
vn -0.00000 -0.00000 -1.00000
vn -0.00000 -0.00000 -1.00000
vn -0.00000 -0.00000 -1.00000
vn -0.86602 -0.50000 0.00000
vn -0.86602 -0.50000 0.00000
vn -0.86602 -0.50000 0.00000
vn -0.86602 -0.50000 0.00000
vn 0.00000 -1.00000 0.00000
vn 0.00000 -1.00000 0.00000
vn 0.00000 -1.00000 0.00000
vn 0.00000 -1.00000 0.00000
vn 0.56642 -0.32702 0.75645
vn 0.56642 -0.32702 0.75645
vn 0.56642 -0.32702 0.75646
vn 0.56642 -0.32703 0.75645
vn 0.86602 -0.50000 0.00000
vn 0.86602 -0.50000 0.00000
vn 0.86602 -0.50000 0.00000
vn 0.86602 -0.50000 0.00000
vn 0.86603 0.50000 -0.00000
vn 0.86603 0.50000 -0.00000
vn 0.86603 0.50000 -0.00000
vn 0.86603 0.50000 -0.00000
vn 0.00000 1.00000 -0.00000
vn 0.00000 1.00000 -0.00000
vn 0.00000 1.00000 -0.00000
vn 0.00000 1.00000 -0.00000
vn -0.86603 0.50000 -0.00000
vn -0.86603 0.50000 -0.00000
vn -0.86603 0.50000 -0.00000
vn -0.86602 0.50000 -0.00000
vn -0.02081 -0.03019 0.99933
vn -0.02294 -0.03024 0.99928
vn -0.01442 -0.03005 0.99944
vn -0.03274 -0.03046 0.99900
vn -0.03593 0.01849 0.99918
vn -0.03641 0.02110 0.99911
vn -0.03850 0.03242 0.99873
vn -0.03434 0.00988 0.99936
vn 0.00000 0.03544 0.99937
vn 0.00000 0.03544 0.99937
vn 0.00000 0.03544 0.99937
vn 0.00000 0.03544 0.99937
vn -0.02363 0.03378 0.99915
vn -0.02488 0.03381 0.99912
vn -0.03633 0.03409 0.99876
vn -0.01581 0.03358 0.99931
vn 0.00000 -0.03544 0.99937
vn -0.03135 -0.02028 0.99930
vn -0.03184 -0.01174 0.99942
vn -0.03128 -0.02148 0.99928
vn -0.03068 -0.03177 0.99902
vn -0.04278 0.00000 0.99908
vn -0.04278 0.00000 0.99908
vn -0.04278 0.00000 0.99908
vn 0.39562 -0.84053 0.37013
vn 0.39562 -0.84053 0.37012
vn 0.39562 -0.84053 0.37012
vn 0.39562 -0.84053 0.37013
vn 0.00000 -0.93760 0.34771
vn 0.00000 -0.93760 0.34771
vn 0.00000 -0.93760 0.34771
vn 0.00000 -0.93760 0.34771
vn 0.39578 0.82457 0.40429
vn 0.39578 0.82457 0.40429
vn 0.39578 0.82457 0.40429
vn 0.39578 0.82457 0.40429
vn 0.81065 0.00000 0.58554
vn 0.81065 0.00000 0.58554
vn 0.81065 0.00000 0.58554
vn 0.81065 0.00000 0.58554
vn 0.00000 0.93760 0.34770
vn 0.00000 0.93760 0.34770
vn 0.00000 0.93760 0.34770
vn 0.82332 -0.23684 0.51580
vn 0.82332 -0.23684 0.51580
vn 0.82332 -0.23684 0.51580
vn 0.82332 -0.23684 0.51580
vn 0.79882 0.29462 0.52449
vn 0.79882 0.29462 0.52449
vn 0.79882 0.29462 0.52449
vn 0.79882 0.29462 0.52449
vn 0.56642 -0.32703 0.75645
vn 0.56642 -0.32703 0.75645
vn 0.56642 -0.32702 0.75645
vn 0.56642 -0.32703 0.75646
vn -0.56642 0.32702 0.75646
vn -0.56642 0.32702 0.75646
vn -0.56642 0.32702 0.75646
vn -0.56642 0.32702 0.75646
vn 0.56642 0.32702 0.75646
vn 0.56642 0.32702 0.75646
vn 0.56642 0.32702 0.75646
vn 0.56642 0.32702 0.75646
vn 0.00000 -0.65405 0.75645
vn 0.00000 -0.65405 0.75645
vn 0.00000 -0.65405 0.75645
vn 0.00000 -0.65405 0.75645
vn 0.00000 0.65404 0.75646
vn 0.00000 0.65404 0.75646
vn 0.00000 0.65404 0.75646
vn 0.00000 0.65404 0.75646
vn -0.00000 0.00000 1.00000
vn 0.00000 0.00000 1.00000
vn 0.00000 0.00000 1.00000
vn -0.00000 0.00000 1.00000
vn -0.00000 0.00000 1.00000
vn 0.00000 0.00000 1.00000
vn 0.00000 -0.00000 -1.00000
vn 0.00000 -0.00000 -1.00000
vn 0.00000 -0.00000 -1.00000
vn -0.00000 -0.00000 -1.00000
vn -0.00000 -0.00000 -1.00000
vn -0.00000 -0.00000 -1.00000
vn 0.86602 -0.50000 0.00000
vn 0.86602 -0.50000 0.00000
vn 0.86602 -0.50000 0.00000
vn 0.86602 -0.50000 0.00000
vn 0.00000 -1.00000 0.00000
vn 0.00000 -1.00000 0.00000
vn 0.00000 -1.00000 0.00000
vn 0.00000 -1.00000 0.00000
vn -0.56642 -0.32702 0.75646
vn -0.56642 -0.32702 0.75645
vn -0.56642 -0.32702 0.75646
vn -0.56642 -0.32703 0.75645
vn -0.86602 -0.50000 0.00000
vn -0.86602 -0.50000 0.00000
vn -0.86602 -0.50000 0.00000
vn -0.86602 -0.50000 0.00000
vn -0.86603 0.50000 -0.00000
vn -0.86603 0.50000 -0.00000
vn -0.86603 0.50000 -0.00000
vn -0.86603 0.50000 -0.00000
vn 0.00000 1.00000 -0.00000
vn 0.00000 1.00000 -0.00000
vn 0.00000 1.00000 -0.00000
vn 0.00000 1.00000 -0.00000
vn 0.86603 0.50000 -0.00000
vn 0.86603 0.50000 -0.00000
vn 0.86603 0.50000 -0.00000
vn 0.86603 0.50000 -0.00000
vn -0.56642 -0.32703 0.75645
vn -0.56642 -0.32703 0.75645
vn -0.56642 -0.32702 0.75645
vn -0.56642 -0.32703 0.75646
vn 0.56642 0.32702 0.75646
vn 0.56642 0.32702 0.75646
vn 0.56642 0.32702 0.75646
vn 0.56642 0.32702 0.75646
vn -0.56642 0.32702 0.75646
vn -0.56642 0.32702 0.75646
vn -0.56642 0.32702 0.75646
vn -0.56642 0.32702 0.75646
vn 0.00000 -0.65405 0.75645
vn 0.00000 -0.65405 0.75645
vn 0.00000 -0.65405 0.75645
vn 0.00000 -0.65405 0.75645
vn 0.00000 0.65404 0.75646
vn 0.00000 0.65404 0.75646
vn 0.00000 0.65404 0.75646
vn 0.00000 0.65404 0.75646
vn 0.00000 0.00000 1.00000
vn 0.00000 0.00000 1.00000
vn 0.00000 0.00000 1.00000
vn -0.00000 0.00000 1.00000
vn 0.00000 0.00000 1.00000
vn 0.00000 0.00000 1.00000
vn 0.00000 -0.00000 -1.00000
vn 0.00000 -0.00000 -1.00000
vn 0.00000 -0.00000 -1.00000
vn -0.00000 -0.00000 -1.00000
vn -0.00000 -0.00000 -1.00000
vn -0.00000 -0.00000 -1.00000
vn -0.86602 -0.50000 0.00000
vn -0.86602 -0.50000 0.00000
vn -0.86602 -0.50000 0.00000
vn -0.86602 -0.50000 0.00000
vn 0.00000 -1.00000 0.00000
vn 0.00000 -1.00000 0.00000
vn 0.00000 -1.00000 0.00000
vn 0.00000 -1.00000 0.00000
vn 0.56642 -0.32702 0.75645
vn 0.56642 -0.32702 0.75646
vn 0.56642 -0.32702 0.75646
vn 0.56642 -0.32703 0.75645
vn 0.86602 -0.50000 0.00000
vn 0.86602 -0.50000 0.00000
vn 0.86602 -0.50000 0.00000
vn 0.86602 -0.50000 0.00000
vn 0.86603 0.50000 -0.00000
vn 0.86603 0.50000 -0.00000
vn 0.86603 0.50000 -0.00000
vn 0.86603 0.50000 -0.00000
vn 0.00000 1.00000 -0.00000
vn 0.00000 1.00000 -0.00000
vn 0.00000 1.00000 -0.00000
vn 0.00000 1.00000 -0.00000
vn -0.86603 0.50000 -0.00000
vn -0.86603 0.50000 -0.00000
vn -0.86603 0.50000 -0.00000
vn -0.86603 0.50000 -0.00000
vn 0.00000 0.85276 0.52230
vn 0.00000 0.85276 0.52230
vn 0.00000 0.85276 0.52230
vn 0.00000 0.85276 0.52230
vn 0.00000 -1.00000 0.00000
vn 0.00000 -1.00000 0.00000
vn 0.00000 -1.00000 0.00000
vn 0.00000 -1.00000 0.00000
vn 0.00000 -0.85277 0.52229
vn 0.00000 -0.85277 0.52229
vn 0.00000 -0.85277 0.52229
vn 0.00000 -0.85277 0.52229
vn 0.00000 1.00000 -0.00000
vn 0.00000 1.00000 -0.00000
vn 0.00000 1.00000 -0.00000
vn 0.00000 1.00000 -0.00000
vn -0.00000 -0.00000 -1.00000
vn 0.00000 -0.00000 -1.00000
vn 0.00000 -0.00000 -1.00000
vn 0.00000 -0.00000 -1.00000
vn -0.00000 -0.00000 -1.00000
vn 0.00000 -0.00000 -1.00000
vn -0.86603 0.50000 -0.00000
vn -0.86603 0.50000 -0.00000
vn -0.86603 0.50000 -0.00000
vn -0.86603 0.50000 -0.00000
vn -0.73852 -0.42638 0.52230
vn -0.73852 -0.42638 0.52229
vn -0.73852 -0.42638 0.52230
vn -0.73852 -0.42638 0.52230
vn -0.73852 0.42638 0.52230
vn -0.73852 0.42638 0.52230
vn -0.73852 0.42638 0.52230
vn -0.73852 0.42638 0.52230
vn 0.86603 0.50000 -0.00000
vn 0.86603 0.50000 -0.00000
vn 0.86603 0.50000 -0.00000
vn 0.86603 0.50000 -0.00000
vn 0.86602 -0.50000 0.00000
vn 0.86602 -0.50000 0.00000
vn 0.86603 -0.50000 0.00000
vn 0.86602 -0.50000 0.00000
vn 0.73852 -0.42638 0.52230
vn 0.73852 -0.42638 0.52230
vn 0.73852 -0.42638 0.52230
vn 0.73852 -0.42638 0.52229
vn -0.86602 -0.50000 -0.00000
vn -0.86602 -0.50000 0.00000
vn -0.86602 -0.50000 -0.00000
vn -0.86602 -0.50000 0.00000
vn 0.00000 0.00000 1.00000
vn 0.00000 0.00000 1.00000
vn 0.00000 0.00000 1.00000
vn 0.00000 0.00000 1.00000
vn 0.00000 0.00000 1.00000
vn 0.00000 0.00000 1.00000
vn 0.73852 0.42638 0.52230
vn 0.73852 0.42638 0.52230
vn 0.73852 0.42638 0.52230
vn 0.73852 0.42638 0.52230
vn 0.00000 0.85276 0.52230
vn 0.00000 0.85276 0.52230
vn 0.00000 0.85276 0.52230
vn 0.00000 0.85276 0.52230
vn 0.00000 -1.00000 0.00000
vn 0.00000 -1.00000 0.00000
vn 0.00000 -1.00000 0.00000
vn 0.00000 -1.00000 0.00000
vn 0.00000 -0.85276 0.52230
vn 0.00000 -0.85276 0.52230
vn 0.00000 -0.85276 0.52230
vn 0.00000 -0.85276 0.52230
vn 0.00000 1.00000 -0.00000
vn 0.00000 1.00000 -0.00000
vn 0.00000 1.00000 -0.00000
vn 0.00000 1.00000 -0.00000
vn 0.00000 -0.00000 -1.00000
vn -0.00000 0.00000 -1.00000
vn -0.00000 0.00000 -1.00000
vn 0.00000 -0.00000 -1.00000
vn 0.00000 0.00000 -1.00000
vn -0.00000 0.00000 -1.00000
vn -0.86602 0.50000 -0.00000
vn -0.86602 0.50000 -0.00000
vn -0.86602 0.50000 -0.00000
vn -0.86602 0.50000 -0.00000
vn -0.73852 -0.42638 0.52230
vn -0.73852 -0.42638 0.52229
vn -0.73852 -0.42638 0.52230
vn -0.73852 -0.42638 0.52230
vn -0.73852 0.42638 0.52230
vn -0.73852 0.42638 0.52230
vn -0.73852 0.42638 0.52229
vn -0.73852 0.42638 0.52230
vn 0.86602 0.50000 -0.00000
vn 0.86602 0.50000 -0.00000
vn 0.86602 0.50000 -0.00000
vn 0.86602 0.50000 -0.00000
vn 0.86603 -0.50000 0.00000
vn 0.86603 -0.50000 0.00000
vn 0.86603 -0.50000 0.00000
vn 0.86603 -0.50000 0.00000
vn 0.73852 -0.42638 0.52230
vn 0.73852 -0.42638 0.52230
vn 0.73852 -0.42638 0.52230
vn 0.73852 -0.42638 0.52229
vn -0.86602 -0.50000 0.00000
vn -0.86602 -0.50000 -0.00000
vn -0.86602 -0.50000 -0.00000
vn -0.86603 -0.50000 0.00000
vn 0.00000 0.00000 1.00000
vn 0.00000 0.00000 1.00000
vn 0.00000 0.00000 1.00000
vn 0.00000 0.00000 1.00000
vn 0.00000 0.00000 1.00000
vn 0.00000 0.00000 1.00000
vn 0.73852 0.42638 0.52230
vn 0.73852 0.42638 0.52230
vn 0.73852 0.42638 0.52230
vn 0.73852 0.42638 0.52229
vn 0.73851 -0.42638 0.52230
vn 0.73851 -0.42638 0.52230
vn 0.73851 -0.42638 0.52230
vn 0.73851 -0.42638 0.52230
vn -0.73852 0.42638 0.52230
vn -0.73852 0.42638 0.52230
vn -0.73852 0.42638 0.52230
vn -0.73852 0.42638 0.52230
vn 0.73851 0.42638 0.52230
vn 0.73851 0.42638 0.52230
vn 0.73851 0.42638 0.52230
vn 0.73851 0.42638 0.52230
vn 0.00000 -0.85276 0.52230
vn 0.00000 -0.85276 0.52230
vn 0.00000 -0.85276 0.52230
vn 0.00000 -0.85276 0.52230
vn 0.00000 0.85276 0.52230
vn 0.00000 0.85276 0.52230
vn 0.00000 0.85276 0.52230
vn 0.00000 0.85276 0.52230
vn 0.00000 0.00000 1.00000
vn 0.00000 0.00000 1.00000
vn 0.00000 0.00000 1.00000
vn 0.00000 0.00000 1.00000
vn 0.00000 0.00000 1.00000
vn 0.00000 0.00000 1.00000
vn 0.00000 -0.00000 -1.00000
vn -0.00000 -0.00000 -1.00000
vn 0.00000 -0.00000 -1.00000
vn 0.00000 -0.00000 -1.00000
vn -0.00000 -0.00000 -1.00000
vn -0.00000 -0.00000 -1.00000
vn 0.86602 -0.50000 0.00000
vn 0.86602 -0.50000 -0.00000
vn 0.86602 -0.50000 -0.00000
vn 0.86602 -0.50000 0.00000
vn 0.00000 -1.00000 0.00000
vn 0.00000 -1.00000 0.00000
vn 0.00000 -1.00000 0.00000
vn 0.00000 -1.00000 0.00000
vn -0.73852 -0.42638 0.52230
vn -0.73852 -0.42638 0.52230
vn -0.73852 -0.42638 0.52229
vn -0.73852 -0.42638 0.52230
vn -0.86602 -0.50000 0.00000
vn -0.86602 -0.50000 0.00000
vn -0.86602 -0.50000 0.00000
vn -0.86603 -0.50000 0.00000
vn -0.86603 0.50000 -0.00000
vn -0.86603 0.50000 -0.00000
vn -0.86603 0.50000 -0.00000
vn -0.86603 0.50000 -0.00000
vn 0.00000 1.00000 -0.00000
vn 0.00000 1.00000 -0.00000
vn 0.00000 1.00000 -0.00000
vn 0.00000 1.00000 -0.00000
vn 0.86602 0.50000 -0.00000
vn 0.86602 0.50000 -0.00000
vn 0.86602 0.50000 -0.00000
vn 0.86602 0.50000 -0.00000
vn 0.73851 -0.42638 0.52230
vn 0.73851 -0.42638 0.52230
vn 0.73851 -0.42638 0.52230
vn 0.73851 -0.42638 0.52230
vn -0.73851 0.42638 0.52230
vn -0.73851 0.42638 0.52230
vn -0.73851 0.42638 0.52230
vn -0.73851 0.42638 0.52230
vn 0.73851 0.42638 0.52230
vn 0.73851 0.42638 0.52230
vn 0.73851 0.42638 0.52230
vn 0.73851 0.42638 0.52230
vn 0.00000 -0.85276 0.52230
vn 0.00000 -0.85276 0.52230
vn 0.00000 -0.85276 0.52230
vn 0.00000 -0.85276 0.52230
vn 0.00000 0.85276 0.52230
vn 0.00000 0.85276 0.52230
vn 0.00000 0.85276 0.52230
vn 0.00000 0.85276 0.52230
vn 0.00000 0.00000 1.00000
vn 0.00000 0.00000 1.00000
vn 0.00000 0.00000 1.00000
vn 0.00000 0.00000 1.00000
vn 0.00000 0.00000 1.00000
vn 0.00000 0.00000 1.00000
vn -0.00000 0.00000 -1.00000
vn -0.00000 0.00000 -1.00000
vn -0.00000 0.00000 -1.00000
vn 0.00000 0.00000 -1.00000
vn 0.00000 0.00000 -1.00000
vn 0.00000 0.00000 -1.00000
vn 0.86602 -0.50000 0.00000
vn 0.86602 -0.50000 0.00000
vn 0.86602 -0.50000 0.00000
vn 0.86602 -0.50000 0.00000
vn 0.00000 -1.00000 0.00000
vn 0.00000 -1.00000 0.00000
vn 0.00000 -1.00000 0.00000
vn 0.00000 -1.00000 0.00000
vn -0.73851 -0.42638 0.52230
vn -0.73851 -0.42638 0.52230
vn -0.73851 -0.42639 0.52229
vn -0.73851 -0.42638 0.52230
vn -0.86602 -0.50000 0.00000
vn -0.86602 -0.50000 0.00000
vn -0.86602 -0.50000 0.00000
vn -0.86602 -0.50000 0.00000
vn -0.86602 0.50000 -0.00000
vn -0.86602 0.50000 -0.00000
vn -0.86602 0.50000 -0.00000
vn -0.86602 0.50000 -0.00000
vn 0.00000 1.00000 -0.00000
vn 0.00000 1.00000 -0.00000
vn 0.00000 1.00000 -0.00000
vn 0.00000 1.00000 -0.00000
vn 0.86603 0.50000 -0.00000
vn 0.86603 0.50000 -0.00000
vn 0.86603 0.50000 -0.00000
vn 0.86603 0.50000 -0.00000
vn 0.73851 -0.42638 0.52230
vn 0.73851 -0.42638 0.52230
vn 0.73851 -0.42638 0.52230
vn 0.73851 -0.42638 0.52230
vn -0.73851 0.42638 0.52230
vn -0.73851 0.42638 0.52230
vn -0.73851 0.42638 0.52230
vn -0.73851 0.42638 0.52230
vn 0.73851 0.42638 0.52230
vn 0.73851 0.42638 0.52230
vn 0.73851 0.42638 0.52230
vn 0.73851 0.42638 0.52230
vn 0.00000 -0.85276 0.52230
vn 0.00000 -0.85276 0.52230
vn 0.00000 -0.85276 0.52230
vn 0.00000 -0.85276 0.52230
vn 0.00000 0.85276 0.52230
vn 0.00000 0.85276 0.52230
vn 0.00000 0.85276 0.52230
vn 0.00000 0.85276 0.52230
vn 0.00000 0.00000 1.00000
vn 0.00000 0.00000 1.00000
vn 0.00000 0.00000 1.00000
vn 0.00000 0.00000 1.00000
vn 0.00000 0.00000 1.00000
vn 0.00000 0.00000 1.00000
vn 0.00000 -0.00000 -1.00000
vn 0.00000 -0.00000 -1.00000
vn 0.00000 -0.00000 -1.00000
vn -0.00000 -0.00000 -1.00000
vn -0.00000 -0.00000 -1.00000
vn -0.00000 -0.00000 -1.00000
vn 0.86602 -0.50000 0.00000
vn 0.86602 -0.50000 0.00000
vn 0.86602 -0.50000 0.00000
vn 0.86602 -0.50000 0.00000
vn 0.00000 -1.00000 0.00000
vn 0.00000 -1.00000 0.00000
vn 0.00000 -1.00000 0.00000
vn 0.00000 -1.00000 0.00000
vn -0.73851 -0.42638 0.52230
vn -0.73851 -0.42638 0.52230
vn -0.73851 -0.42639 0.52229
vn -0.73851 -0.42638 0.52230
vn -0.86602 -0.50000 0.00000
vn -0.86602 -0.50000 0.00000
vn -0.86602 -0.50000 0.00000
vn -0.86602 -0.50000 0.00000
vn -0.86602 0.50000 -0.00000
vn -0.86602 0.50000 -0.00000
vn -0.86602 0.50000 -0.00000
vn -0.86602 0.50000 -0.00000
vn 0.00000 1.00000 -0.00000
vn 0.00000 1.00000 -0.00000
vn 0.00000 1.00000 -0.00000
vn 0.00000 1.00000 -0.00000
vn 0.86603 0.50000 -0.00000
vn 0.86603 0.50000 -0.00000
vn 0.86603 0.50000 -0.00000
vn 0.86603 0.50000 -0.00000
vn 0.73851 -0.42638 0.52230
vn 0.73851 -0.42638 0.52230
vn 0.73851 -0.42638 0.52230
vn 0.73851 -0.42638 0.52230
vn -0.73851 0.42638 0.52230
vn -0.73851 0.42638 0.52230
vn -0.73851 0.42638 0.52230
vn -0.73851 0.42638 0.52230
vn 0.73851 0.42638 0.52230
vn 0.73851 0.42638 0.52230
vn 0.73851 0.42638 0.52230
vn 0.73851 0.42638 0.52230
vn 0.00000 -0.85276 0.52230
vn 0.00000 -0.85276 0.52230
vn 0.00000 -0.85276 0.52230
vn 0.00000 -0.85276 0.52230
vn 0.00000 0.85276 0.52230
vn 0.00000 0.85276 0.52230
vn 0.00000 0.85276 0.52230
vn 0.00000 0.85276 0.52230
vn 0.00000 0.00000 1.00000
vn 0.00000 0.00000 1.00000
vn -0.00000 0.00000 1.00000
vn 0.00000 0.00000 1.00000
vn 0.00000 0.00000 1.00000
vn 0.00000 0.00000 1.00000
vn -0.00000 -0.00000 -1.00000
vn -0.00000 -0.00000 -1.00000
vn -0.00000 -0.00000 -1.00000
vn 0.00000 -0.00000 -1.00000
vn 0.00000 -0.00000 -1.00000
vn 0.00000 -0.00000 -1.00000
vn 0.86602 -0.50000 0.00000
vn 0.86602 -0.50000 0.00000
vn 0.86602 -0.50000 0.00000
vn 0.86602 -0.50000 0.00000
vn 0.00000 -1.00000 0.00000
vn 0.00000 -1.00000 0.00000
vn 0.00000 -1.00000 0.00000
vn 0.00000 -1.00000 0.00000
vn -0.73851 -0.42638 0.52230
vn -0.73851 -0.42638 0.52230
vn -0.73851 -0.42639 0.52229
vn -0.73851 -0.42638 0.52230
vn -0.86602 -0.50000 0.00000
vn -0.86602 -0.50000 0.00000
vn -0.86602 -0.50000 0.00000
vn -0.86602 -0.50000 0.00000
vn -0.86602 0.50000 -0.00000
vn -0.86602 0.50000 -0.00000
vn -0.86602 0.50000 -0.00000
vn -0.86602 0.50000 -0.00000
vn 0.00000 1.00000 -0.00000
vn 0.00000 1.00000 -0.00000
vn 0.00000 1.00000 -0.00000
vn 0.00000 1.00000 -0.00000
vn 0.86603 0.50000 -0.00000
vn 0.86603 0.50000 -0.00000
vn 0.86603 0.50000 -0.00000
vn 0.86603 0.50000 -0.00000
vn 0.73851 -0.42639 0.52230
vn 0.73851 -0.42638 0.52230
vn 0.73851 -0.42638 0.52230
vn 0.73851 -0.42638 0.52230
vn -0.73851 0.42638 0.52230
vn -0.73851 0.42638 0.52230
vn -0.73851 0.42638 0.52230
vn -0.73851 0.42638 0.52230
vn 0.73851 0.42638 0.52230
vn 0.73851 0.42638 0.52230
vn 0.73851 0.42638 0.52230
vn 0.73851 0.42638 0.52230
vn 0.00000 -0.85277 0.52229
vn 0.00000 -0.85277 0.52229
vn 0.00000 -0.85277 0.52229
vn 0.00000 -0.85277 0.52229
vn 0.00000 0.85276 0.52230
vn 0.00000 0.85276 0.52230
vn 0.00000 0.85276 0.52230
vn 0.00000 0.85276 0.52230
vn 0.00000 0.00000 1.00000
vn 0.00000 0.00000 1.00000
vn 0.00000 0.00000 1.00000
vn 0.00000 0.00000 1.00000
vn 0.00000 0.00000 1.00000
vn 0.00000 0.00000 1.00000
vn -0.00000 -0.00000 -1.00000
vn -0.00000 -0.00000 -1.00000
vn -0.00000 -0.00000 -1.00000
vn 0.00000 -0.00000 -1.00000
vn 0.00000 -0.00000 -1.00000
vn 0.00000 -0.00000 -1.00000
vn 0.86602 -0.50000 0.00000
vn 0.86602 -0.50000 0.00000
vn 0.86602 -0.50000 0.00000
vn 0.86602 -0.50000 0.00000
vn 0.00000 -1.00000 0.00000
vn 0.00000 -1.00000 0.00000
vn 0.00000 -1.00000 0.00000
vn 0.00000 -1.00000 0.00000
vn -0.73851 -0.42638 0.52230
vn -0.73851 -0.42638 0.52230
vn -0.73851 -0.42639 0.52229
vn -0.73851 -0.42638 0.52230
vn -0.86602 -0.50001 0.00000
vn -0.86602 -0.50001 0.00000
vn -0.86602 -0.50001 0.00000
vn -0.86602 -0.50001 0.00000
vn -0.86602 0.50000 -0.00000
vn -0.86602 0.50000 -0.00000
vn -0.86602 0.50000 -0.00000
vn -0.86602 0.50000 -0.00000
vn 0.00000 1.00000 -0.00000
vn 0.00000 1.00000 -0.00000
vn 0.00000 1.00000 -0.00000
vn 0.00000 1.00000 -0.00000
vn 0.86603 0.50000 -0.00000
vn 0.86603 0.50000 -0.00000
vn 0.86603 0.50000 -0.00000
vn 0.86603 0.50000 -0.00000
vn 0.73851 -0.42638 0.52230
vn 0.73851 -0.42638 0.52230
vn 0.73851 -0.42638 0.52230
vn 0.73851 -0.42638 0.52230
vn -0.73852 0.42638 0.52230
vn -0.73852 0.42638 0.52230
vn -0.73852 0.42638 0.52230
vn -0.73852 0.42638 0.52229
vn 0.73851 0.42638 0.52230
vn 0.73851 0.42638 0.52230
vn 0.73851 0.42638 0.52230
vn 0.73851 0.42638 0.52230
vn 0.00000 -0.85276 0.52230
vn 0.00000 -0.85276 0.52230
vn 0.00000 -0.85276 0.52230
vn 0.00000 -0.85276 0.52230
vn 0.00000 0.85276 0.52230
vn 0.00000 0.85276 0.52230
vn 0.00000 0.85276 0.52230
vn 0.00000 0.85276 0.52230
vn 0.00000 0.00000 1.00000
vn 0.00000 0.00000 1.00000
vn 0.00000 0.00000 1.00000
vn 0.00000 0.00000 1.00000
vn 0.00000 0.00000 1.00000
vn 0.00000 0.00000 1.00000
vn -0.00000 0.00000 -1.00000
vn 0.00000 0.00000 -1.00000
vn 0.00000 0.00000 -1.00000
vn -0.00000 0.00000 -1.00000
vn 0.00000 0.00000 -1.00000
vn 0.00000 0.00000 -1.00000
vn 0.86602 -0.50000 0.00000
vn 0.86602 -0.50000 -0.00000
vn 0.86602 -0.50000 0.00000
vn 0.86602 -0.50000 -0.00000
vn 0.00000 -1.00000 0.00000
vn 0.00000 -1.00000 0.00000
vn 0.00000 -1.00000 0.00000
vn 0.00000 -1.00000 0.00000
vn -0.73852 -0.42638 0.52230
vn -0.73852 -0.42638 0.52230
vn -0.73852 -0.42638 0.52229
vn -0.73852 -0.42638 0.52230
vn -0.86602 -0.50000 0.00000
vn -0.86602 -0.50000 0.00000
vn -0.86602 -0.50000 0.00000
vn -0.86603 -0.50000 0.00000
vn -0.86603 0.50000 -0.00000
vn -0.86603 0.50000 -0.00000
vn -0.86603 0.50000 -0.00000
vn -0.86603 0.50000 -0.00000
vn 0.00000 1.00000 -0.00000
vn 0.00000 1.00000 -0.00000
vn 0.00000 1.00000 -0.00000
vn 0.00000 1.00000 -0.00000
vn 0.86602 0.50000 -0.00000
vn 0.86602 0.50000 -0.00000
vn 0.86602 0.50000 -0.00000
vn 0.86602 0.50000 -0.00000
vn -0.73851 -0.42638 0.52230
vn -0.73851 -0.42638 0.52230
vn -0.73851 -0.42638 0.52230
vn -0.73851 -0.42638 0.52230
vn 0.73852 0.42638 0.52230
vn 0.73852 0.42638 0.52230
vn 0.73852 0.42638 0.52230
vn 0.73852 0.42638 0.52230
vn -0.73851 0.42638 0.52230
vn -0.73851 0.42638 0.52230
vn -0.73851 0.42638 0.52230
vn -0.73851 0.42638 0.52230
vn 0.00000 -0.85276 0.52230
vn 0.00000 -0.85276 0.52230
vn 0.00000 -0.85276 0.52230
vn 0.00000 -0.85276 0.52230
vn 0.00000 0.85276 0.52230
vn 0.00000 0.85276 0.52230
vn 0.00000 0.85276 0.52230
vn 0.00000 0.85276 0.52230
vn 0.00000 0.00000 1.00000
vn 0.00000 0.00000 1.00000
vn 0.00000 0.00000 1.00000
vn 0.00000 0.00000 1.00000
vn 0.00000 0.00000 1.00000
vn 0.00000 0.00000 1.00000
vn -0.00000 -0.00000 -1.00000
vn 0.00000 -0.00000 -1.00000
vn 0.00000 -0.00000 -1.00000
vn -0.00000 -0.00000 -1.00000
vn 0.00000 -0.00000 -1.00000
vn 0.00000 -0.00000 -1.00000
vn -0.86602 -0.50000 -0.00000
vn -0.86602 -0.50000 0.00000
vn -0.86602 -0.50000 0.00000
vn -0.86602 -0.50000 -0.00000
vn 0.00000 -1.00000 0.00000
vn 0.00000 -1.00000 0.00000
vn 0.00000 -1.00000 0.00000
vn 0.00000 -1.00000 0.00000
vn 0.73852 -0.42638 0.52230
vn 0.73852 -0.42638 0.52230
vn 0.73852 -0.42638 0.52230
vn 0.73852 -0.42638 0.52229
vn 0.86602 -0.50000 0.00000
vn 0.86602 -0.50000 0.00000
vn 0.86603 -0.50000 0.00000
vn 0.86602 -0.50000 0.00000
vn 0.86603 0.50000 -0.00000
vn 0.86603 0.50000 -0.00000
vn 0.86603 0.50000 -0.00000
vn 0.86603 0.50000 -0.00000
vn 0.00000 1.00000 -0.00000
vn 0.00000 1.00000 -0.00000
vn 0.00000 1.00000 -0.00000
vn 0.00000 1.00000 -0.00000
vn -0.86602 0.50000 -0.00000
vn -0.86602 0.50000 -0.00000
vn -0.86602 0.50000 -0.00000
vn -0.86602 0.50000 -0.00000
vn -0.73851 -0.42638 0.52230
vn -0.73851 -0.42638 0.52230
vn -0.73851 -0.42638 0.52230
vn -0.73851 -0.42638 0.52230
vn 0.73851 0.42638 0.52230
vn 0.73851 0.42638 0.52230
vn 0.73851 0.42638 0.52230
vn 0.73851 0.42638 0.52230
vn -0.73851 0.42638 0.52230
vn -0.73851 0.42638 0.52230
vn -0.73851 0.42638 0.52230
vn -0.73851 0.42638 0.52230
vn 0.00000 -0.85276 0.52230
vn 0.00000 -0.85276 0.52230
vn 0.00000 -0.85276 0.52230
vn 0.00000 -0.85276 0.52230
vn 0.00000 0.85276 0.52230
vn 0.00000 0.85276 0.52230
vn 0.00000 0.85276 0.52230
vn 0.00000 0.85276 0.52230
vn 0.00000 0.00000 1.00000
vn 0.00000 0.00000 1.00000
vn 0.00000 0.00000 1.00000
vn 0.00000 0.00000 1.00000
vn 0.00000 0.00000 1.00000
vn 0.00000 0.00000 1.00000
vn -0.00000 0.00000 -1.00000
vn -0.00000 0.00000 -1.00000
vn -0.00000 0.00000 -1.00000
vn 0.00000 0.00000 -1.00000
vn 0.00000 0.00000 -1.00000
vn 0.00000 0.00000 -1.00000
vn -0.86602 -0.50000 0.00000
vn -0.86602 -0.50000 0.00000
vn -0.86602 -0.50000 0.00000
vn -0.86602 -0.50000 0.00000
vn 0.00000 -1.00000 0.00000
vn 0.00000 -1.00000 0.00000
vn 0.00000 -1.00000 0.00000
vn 0.00000 -1.00000 0.00000
vn 0.73851 -0.42638 0.52230
vn 0.73851 -0.42638 0.52230
vn 0.73851 -0.42638 0.52230
vn 0.73851 -0.42639 0.52229
vn 0.86602 -0.50000 0.00000
vn 0.86602 -0.50000 0.00000
vn 0.86602 -0.50000 0.00000
vn 0.86602 -0.50000 0.00000
vn 0.86602 0.50000 -0.00000
vn 0.86602 0.50000 -0.00000
vn 0.86602 0.50000 -0.00000
vn 0.86602 0.50000 -0.00000
vn 0.00000 1.00000 -0.00000
vn 0.00000 1.00000 -0.00000
vn 0.00000 1.00000 -0.00000
vn 0.00000 1.00000 -0.00000
vn -0.86603 0.50000 -0.00000
vn -0.86603 0.50000 -0.00000
vn -0.86603 0.50000 -0.00000
vn -0.86603 0.50000 -0.00000
vn -0.73851 -0.42638 0.52230
vn -0.73851 -0.42638 0.52230
vn -0.73851 -0.42638 0.52230
vn -0.73851 -0.42638 0.52230
vn 0.73851 0.42638 0.52230
vn 0.73851 0.42638 0.52230
vn 0.73851 0.42638 0.52230
vn 0.73851 0.42638 0.52230
vn -0.73851 0.42638 0.52230
vn -0.73851 0.42638 0.52230
vn -0.73851 0.42638 0.52230
vn -0.73851 0.42638 0.52230
vn 0.00000 -0.85276 0.52230
vn 0.00000 -0.85276 0.52230
vn 0.00000 -0.85276 0.52230
vn 0.00000 -0.85276 0.52230
vn 0.00000 0.85276 0.52230
vn 0.00000 0.85276 0.52230
vn 0.00000 0.85276 0.52230
vn 0.00000 0.85276 0.52230
vn 0.00000 0.00000 1.00000
vn 0.00000 0.00000 1.00000
vn 0.00000 0.00000 1.00000
vn 0.00000 0.00000 1.00000
vn 0.00000 0.00000 1.00000
vn 0.00000 0.00000 1.00000
vn 0.00000 -0.00000 -1.00000
vn 0.00000 -0.00000 -1.00000
vn 0.00000 -0.00000 -1.00000
vn -0.00000 -0.00000 -1.00000
vn -0.00000 -0.00000 -1.00000
vn -0.00000 -0.00000 -1.00000
vn -0.86602 -0.50000 0.00000
vn -0.86602 -0.50000 0.00000
vn -0.86602 -0.50000 0.00000
vn -0.86602 -0.50000 0.00000
vn 0.00000 -1.00000 0.00000
vn 0.00000 -1.00000 0.00000
vn 0.00000 -1.00000 0.00000
vn 0.00000 -1.00000 0.00000
vn 0.73851 -0.42638 0.52230
vn 0.73851 -0.42638 0.52230
vn 0.73851 -0.42638 0.52230
vn 0.73851 -0.42639 0.52229
vn 0.86602 -0.50000 0.00000
vn 0.86602 -0.50000 0.00000
vn 0.86602 -0.50000 0.00000
vn 0.86602 -0.50000 0.00000
vn 0.86602 0.50000 -0.00000
vn 0.86602 0.50000 -0.00000
vn 0.86602 0.50000 -0.00000
vn 0.86602 0.50000 -0.00000
vn 0.00000 1.00000 -0.00000
vn 0.00000 1.00000 -0.00000
vn 0.00000 1.00000 -0.00000
vn 0.00000 1.00000 -0.00000
vn -0.86603 0.50000 -0.00000
vn -0.86603 0.50000 -0.00000
vn -0.86603 0.50000 -0.00000
vn -0.86603 0.50000 -0.00000
vn -0.73851 -0.42638 0.52230
vn -0.73851 -0.42638 0.52230
vn -0.73851 -0.42638 0.52230
vn -0.73851 -0.42638 0.52230
vn 0.73851 0.42638 0.52230
vn 0.73851 0.42638 0.52230
vn 0.73851 0.42638 0.52230
vn 0.73851 0.42638 0.52230
vn -0.73851 0.42638 0.52230
vn -0.73851 0.42638 0.52230
vn -0.73851 0.42638 0.52230
vn -0.73851 0.42638 0.52230
vn 0.00000 -0.85276 0.52230
vn 0.00000 -0.85276 0.52230
vn 0.00000 -0.85276 0.52230
vn 0.00000 -0.85276 0.52230
vn 0.00000 0.85276 0.52230
vn 0.00000 0.85276 0.52230
vn 0.00000 0.85276 0.52230
vn 0.00000 0.85276 0.52230
vn -0.00000 0.00000 1.00000
vn -0.00000 0.00000 1.00000
vn -0.00000 0.00000 1.00000
vn 0.00000 0.00000 1.00000
vn 0.00000 0.00000 1.00000
vn 0.00000 0.00000 1.00000
vn -0.00000 -0.00000 -1.00000
vn -0.00000 -0.00000 -1.00000
vn -0.00000 -0.00000 -1.00000
vn 0.00000 -0.00000 -1.00000
vn 0.00000 -0.00000 -1.00000
vn 0.00000 -0.00000 -1.00000
vn -0.86602 -0.50000 0.00000
vn -0.86602 -0.50000 0.00000
vn -0.86602 -0.50000 0.00000
vn -0.86602 -0.50000 0.00000
vn 0.00000 -1.00000 0.00000
vn 0.00000 -1.00000 0.00000
vn 0.00000 -1.00000 0.00000
vn 0.00000 -1.00000 0.00000
vn 0.73851 -0.42638 0.52230
vn 0.73851 -0.42638 0.52230
vn 0.73851 -0.42638 0.52230
vn 0.73851 -0.42639 0.52229
vn 0.86602 -0.50000 0.00000
vn 0.86602 -0.50000 0.00000
vn 0.86602 -0.50000 0.00000
vn 0.86602 -0.50000 0.00000
vn 0.86602 0.50000 -0.00000
vn 0.86602 0.50000 -0.00000
vn 0.86602 0.50000 -0.00000
vn 0.86602 0.50000 -0.00000
vn 0.00000 1.00000 -0.00000
vn 0.00000 1.00000 -0.00000
vn 0.00000 1.00000 -0.00000
vn 0.00000 1.00000 -0.00000
vn -0.86603 0.50000 -0.00000
vn -0.86603 0.50000 -0.00000
vn -0.86603 0.50000 -0.00000
vn -0.86603 0.50000 -0.00000
vn -0.73851 -0.42638 0.52230
vn -0.73851 -0.42639 0.52230
vn -0.73851 -0.42638 0.52230
vn -0.73851 -0.42638 0.52230
vn 0.73851 0.42638 0.52230
vn 0.73851 0.42638 0.52230
vn 0.73851 0.42638 0.52230
vn 0.73851 0.42638 0.52230
vn -0.73851 0.42638 0.52230
vn -0.73851 0.42638 0.52230
vn -0.73851 0.42638 0.52230
vn -0.73851 0.42638 0.52230
vn 0.00000 -0.85277 0.52229
vn 0.00000 -0.85277 0.52229
vn 0.00000 -0.85277 0.52229
vn 0.00000 -0.85277 0.52229
vn 0.00000 0.85276 0.52230
vn 0.00000 0.85276 0.52230
vn 0.00000 0.85276 0.52230
vn 0.00000 0.85276 0.52230
vn 0.00000 0.00000 1.00000
vn 0.00000 0.00000 1.00000
vn 0.00000 0.00000 1.00000
vn 0.00000 0.00000 1.00000
vn 0.00000 0.00000 1.00000
vn 0.00000 0.00000 1.00000
vn -0.00000 -0.00000 -1.00000
vn -0.00000 -0.00000 -1.00000
vn -0.00000 -0.00000 -1.00000
vn 0.00000 -0.00000 -1.00000
vn 0.00000 -0.00000 -1.00000
vn 0.00000 -0.00000 -1.00000
vn -0.86602 -0.50000 0.00000
vn -0.86602 -0.50000 0.00000
vn -0.86602 -0.50000 0.00000
vn -0.86602 -0.50000 0.00000
vn 0.00000 -1.00000 0.00000
vn 0.00000 -1.00000 0.00000
vn 0.00000 -1.00000 0.00000
vn 0.00000 -1.00000 0.00000
vn 0.73851 -0.42638 0.52230
vn 0.73851 -0.42638 0.52230
vn 0.73851 -0.42638 0.52230
vn 0.73851 -0.42639 0.52229
vn 0.86602 -0.50001 0.00000
vn 0.86602 -0.50001 0.00000
vn 0.86602 -0.50001 0.00000
vn 0.86602 -0.50001 0.00000
vn 0.86602 0.50000 -0.00000
vn 0.86602 0.50000 -0.00000
vn 0.86602 0.50000 -0.00000
vn 0.86602 0.50000 -0.00000
vn 0.00000 1.00000 -0.00000
vn 0.00000 1.00000 -0.00000
vn 0.00000 1.00000 -0.00000
vn 0.00000 1.00000 -0.00000
vn -0.86603 0.50000 -0.00000
vn -0.86603 0.50000 -0.00000
vn -0.86603 0.50000 -0.00000
vn -0.86603 0.50000 -0.00000
vn -0.73851 -0.42638 0.52230
vn -0.73851 -0.42638 0.52230
vn -0.73851 -0.42638 0.52230
vn -0.73851 -0.42638 0.52230
vn 0.73852 0.42638 0.52230
vn 0.73852 0.42638 0.52230
vn 0.73852 0.42638 0.52230
vn 0.73852 0.42638 0.52229
vn -0.73851 0.42638 0.52230
vn -0.73851 0.42638 0.52230
vn -0.73851 0.42638 0.52230
vn -0.73851 0.42638 0.52230
vn 0.00000 -0.85276 0.52230
vn 0.00000 -0.85276 0.52230
vn 0.00000 -0.85276 0.52230
vn 0.00000 -0.85276 0.52230
vn 0.00000 0.85276 0.52230
vn 0.00000 0.85276 0.52230
vn 0.00000 0.85276 0.52230
vn 0.00000 0.85276 0.52230
vn 0.00000 0.00000 1.00000
vn 0.00000 0.00000 1.00000
vn 0.00000 0.00000 1.00000
vn 0.00000 0.00000 1.00000
vn 0.00000 0.00000 1.00000
vn 0.00000 0.00000 1.00000
vn 0.00000 0.00000 -1.00000
vn -0.00000 0.00000 -1.00000
vn -0.00000 0.00000 -1.00000
vn 0.00000 0.00000 -1.00000
vn 0.00000 0.00000 -1.00000
vn -0.00000 0.00000 -1.00000
vn -0.86602 -0.50000 0.00000
vn -0.86602 -0.50000 -0.00000
vn -0.86602 -0.50000 -0.00000
vn -0.86602 -0.50000 0.00000
vn 0.00000 -1.00000 0.00000
vn 0.00000 -1.00000 0.00000
vn 0.00000 -1.00000 0.00000
vn 0.00000 -1.00000 0.00000
vn 0.73852 -0.42638 0.52230
vn 0.73852 -0.42638 0.52230
vn 0.73852 -0.42638 0.52230
vn 0.73852 -0.42638 0.52229
vn 0.86602 -0.50000 0.00000
vn 0.86602 -0.50000 0.00000
vn 0.86603 -0.50000 0.00000
vn 0.86602 -0.50000 0.00000
vn 0.86603 0.50000 -0.00000
vn 0.86603 0.50000 -0.00000
vn 0.86603 0.50000 -0.00000
vn 0.86603 0.50000 -0.00000
vn 0.00000 1.00000 -0.00000
vn 0.00000 1.00000 -0.00000
vn 0.00000 1.00000 -0.00000
vn 0.00000 1.00000 -0.00000
vn -0.86602 0.50000 -0.00000
vn -0.86602 0.50000 -0.00000
vn -0.86602 0.50000 -0.00000
vn -0.86602 0.50000 -0.00000
f 1067//1067 1068//1068 1069//1069
f 1069//1069 1068//1068 1070//1070
f 1071//1071 1072//1072 1073//1073
f 1072//1072 1071//1071 1074//1074
f 1075//1075 1076//1076 1077//1077
f 1076//1076 1075//1075 1078//1078
f 1079//1079 1080//1080 1081//1081
f 1080//1080 1079//1079 1082//1082
f 1083//1083 1084//1084 1085//1085
f 1085//1085 1084//1084 1086//1086
f 1087//1087 1088//1088 1089//1089
f 1090//1090 1088//1088 1091//1091
f 1088//1088 1087//1087 1091//1091
f 1088//1088 1090//1090 1092//1092
f 1093//1093 1094//1094 1095//1095
f 1094//1094 1093//1093 1096//1096
f 1097//1097 1096//1096 1098//1098
f 1096//1096 1097//1097 1094//1094
f 1099//1099 1100//1100 1101//1101
f 1100//1100 1099//1099 1102//1102
f 1103//1103 1104//1104 1105//1105
f 1103//1103 1105//1105 1106//1106
f 1107//1107 1108//1108 1109//1109
f 1108//1108 1107//1107 1110//1110
f 1111//1111 1112//1112 1113//1113
f 1114//1114 1113//1113 1112//1112
f 1115//1115 1116//1116 1117//1117
f 1118//1118 1117//1117 1116//1116
f 1119//1119 1120//1120 1121//1121
f 1122//1122 1120//1120 1119//1119
f 1123//1123 1124//1124 1125//1125
f 1124//1124 1123//1123 1126//1126
f 1127//1127 1128//1128 1129//1129
f 1129//1129 1128//1128 1130//1130
f 1131//1131 1132//1132 1133//1133
f 1132//1132 1131//1131 1134//1134
f 1135//1135 1136//1136 1137//1137
f 1136//1136 1135//1135 1138//1138
f 1139//1139 1140//1140 1141//1141
f 1140//1140 1139//1139 1142//1142
f 1143//1143 1144//1144 1145//1145
f 1145//1145 1144//1144 1146//1146
f 1147//1147 1148//1148 1149//1149
f 1147//1147 1149//1149 1150//1150
f 1148//1148 1147//1147 1151//1151
f 1149//1149 1148//1148 1152//1152
f 1153//1153 1154//1154 1155//1155
f 1154//1154 1153//1153 1156//1156
f 1157//1157 1156//1156 1158//1158
f 1156//1156 1157//1157 1154//1154
f 1159//1159 1160//1160 1161//1161
f 1160//1160 1159//1159 1162//1162
f 1163//1163 1164//1164 1165//1165
f 1163//1163 1166//1166 1164//1164
f 1167//1167 1168//1168 1169//1169
f 1168//1168 1167//1167 1170//1170
f 1171//1171 1172//1172 1173//1173
f 1172//1172 1171//1171 1174//1174
f 1175//1175 1176//1176 1177//1177
f 1176//1176 1175//1175 1178//1178
f 1179//1179 1180//1180 1181//1181
f 1182//1182 1180//1180 1179//1179
f 1183//1183 1184//1184 1185//1185
f 1184//1184 1183//1183 1186//1186
f 1187//1187 1188//1188 1189//1189
f 1189//1189 1188//1188 1190//1190
f 1191//1191 1192//1192 1193//1193
f 1192//1192 1191//1191 1194//1194
f 1195//1195 1196//1196 1197//1197
f 1196//1196 1195//1195 1198//1198
f 1199//1199 1200//1200 1201//1201
f 1200//1200 1199//1199 1202//1202
f 1203//1203 1204//1204 1205//1205
f 1205//1205 1204//1204 1206//1206
f 1207//1207 1208//1208 1209//1209
f 1207//1207 1209//1209 1210//1210
f 1208//1208 1207//1207 1211//1211
f 1209//1209 1208//1208 1212//1212
f 1213//1213 1214//1214 1215//1215
f 1214//1214 1213//1213 1216//1216
f 1217//1217 1216//1216 1218//1218
f 1216//1216 1217//1217 1214//1214
f 1219//1219 1220//1220 1221//1221
f 1220//1220 1219//1219 1222//1222
f 1223//1223 1224//1224 1225//1225
f 1223//1223 1226//1226 1224//1224
f 1227//1227 1228//1228 1229//1229
f 1228//1228 1227//1227 1230//1230
f 1231//1231 1232//1232 1233//1233
f 1234//1234 1233//1233 1232//1232
f 1235//1235 1236//1236 1237//1237
f 1238//1238 1237//1237 1236//1236
f 1239//1239 1240//1240 1241//1241
f 1242//1242 1240//1240 1239//1239
f 1243//1243 1244//1244 1245//1245
f 1244//1244 1243//1243 1246//1246
f 1247//1247 1248//1248 1249//1249
f 1248//1248 1247//1247 1250//1250
f 1251//1251 1252//1252 1253//1253
f 1252//1252 1251//1251 1254//1254
f 1255//1255 1256//1256 1257//1257
f 1255//1255 1257//1257 1258//1258
f 1259//1259 1260//1260 1261//1261
f 1262//1262 1263//1263 1264//1264
f 1265//1265 1263//1263 1262//1262
f 1266//1266 1267//1267 1268//1268
f 1269//1269 1270//1270 1271//1271
f 1272//1272 1270//1270 1269//1269
f 1273//1273 1274//1274 1275//1275
f 1274//1274 1273//1273 1276//1276
f 1277//1277 1278//1278 1279//1279
f 1278//1278 1277//1277 1280//1280
f 1281//1281 1282//1282 1283//1283
f 1284//1284 1282//1282 1281//1281
f 1285//1285 1286//1286 1287//1287
f 1288//1288 1289//1289 1290//1290
f 1289//1289 1288//1288 1291//1291
f 1292//1292 1293//1293 1294//1294
f 1295//1295 1293//1293 1292//1292
f 1296//1296 1297//1297 1298//1298
f 1297//1297 1296//1296 1299//1299
f 1300//1300 1301//1301 1302//1302
f 1300//1300 1303//1303 1301//1301
f 1304//1304 1305//1305 1306//1306
f 1305//1305 1304//1304 1307//1307
f 1308//1308 1309//1309 1310//1310
f 1308//1308 1311//1311 1309//1309
f 1312//1312 1313//1313 1314//1314
f 1313//1313 1312//1312 1315//1315
f 1316//1316 1317//1317 1318//1318
f 1319//1319 1317//1317 1316//1316
f 1317//1317 1319//1319 1320//1320
f 1317//1317 1320//1320 1321//1321
f 1322//1322 1323//1323 1324//1324
f 1325//1325 1326//1326 1327//1327
f 1326//1326 1322//1322 1324//1324
f 1326//1326 1325//1325 1322//1322
f 1328//1328 1329//1329 1330//1330
f 1328//1328 1331//1331 1329//1329
f 1332//1332 1333//1333 1334//1334
f 1333//1333 1332//1332 1335//1335
f 1336//1336 1337//1337 1338//1338
f 1337//1337 1336//1336 1339//1339
f 1340//1340 1341//1341 1342//1342
f 1341//1341 1340//1340 1343//1343
f 1344//1344 1345//1345 1346//1346
f 1344//1344 1347//1347 1345//1345
f 1348//1348 1349//1349 1350//1350
f 1351//1351 1348//1348 1350//1350
f 1352//1352 1353//1353 1354//1354
f 1353//1353 1352//1352 1355//1355
f 1356//1356 1357//1357 1358//1358
f 1357//1357 1356//1356 1359//1359
f 1360//1360 1361//1361 1362//1362
f 1360//1360 1363//1363 1361//1361
f 1364//1364 1365//1365 1366//1366
f 1365//1365 1364//1364 1367//1367
f 1368//1368 1369//1369 1370//1370
f 1368//1368 1371//1371 1369//1369
f 1372//1372 1373//1373 1374//1374
f 1372//1372 1374//1374 1375//1375
f 1376//1376 1377//1377 1378//1378
f 1377//1377 1379//1379 1380//1380
f 1379//1379 1376//1376 1381//1381
f 1379//1379 1377//1377 1376//1376
f 1382//1382 1383//1383 1384//1384
f 1385//1385 1386//1386 1387//1387
f 1386//1386 1382//1382 1384//1384
f 1386//1386 1385//1385 1382//1382
f 1388//1388 1389//1389 1390//1390
f 1388//1388 1390//1390 1391//1391
f 1392//1392 1393//1393 1394//1394
f 1393//1393 1392//1392 1395//1395
f 1396//1396 1397//1397 1398//1398
f 1397//1397 1396//1396 1399//1399
f 1400//1400 1401//1401 1402//1402
f 1401//1401 1400//1400 1403//1403
f 1404//1404 1405//1405 1406//1406
f 1405//1405 1404//1404 1407//1407
f 1408//1408 1409//1409 1410//1410
f 1411//1411 1408//1408 1410//1410
f 1412//1412 1413//1413 1414//1414
f 1412//1412 1415//1415 1413//1413
f 1416//1416 1417//1417 1418//1418
f 1417//1417 1416//1416 1419//1419
f 1420//1420 1421//1421 1422//1422
f 1420//1420 1423//1423 1421//1421
f 1424//1424 1425//1425 1426//1426
f 1425//1425 1424//1424 1427//1427
f 1428//1428 1429//1429 1430//1430
f 1428//1428 1431//1431 1429//1429
f 1432//1432 1433//1433 1434//1434
f 1432//1432 1435//1435 1433//1433
f 1436//1436 1437//1437 1438//1438
f 1437//1437 1439//1439 1440//1440
f 1439//1439 1436//1436 1441//1441
f 1439//1439 1437//1437 1436//1436
f 1442//1442 1443//1443 1444//1444
f 1445//1445 1446//1446 1447//1447
f 1446//1446 1445//1445 1442//1442
f 1446//1446 1442//1442 1444//1444
f 1448//1448 1449//1449 1450//1450
f 1448//1448 1451//1451 1449//1449
f 1452//1452 1453//1453 1454//1454
f 1453//1453 1452//1452 1455//1455
f 1456//1456 1457//1457 1458//1458
f 1457//1457 1456//1456 1459//1459
f 1460//1460 1461//1461 1462//1462
f 1460//1460 1463//1463 1461//1461
f 1464//1464 1465//1465 1466//1466
f 1464//1464 1467//1467 1465//1465
f 1468//1468 1469//1469 1470//1470
f 1471//1471 1468//1468 1470//1470
f 1472//1472 1473//1473 1474//1474
f 1472//1472 1475//1475 1473//1473
f 1476//1476 1477//1477 1478//1478
f 1477//1477 1476//1476 1479//1479
f 1480//1480 1481//1481 1482//1482
f 1481//1481 1480//1480 1483//1483
f 1484//1484 1485//1485 1486//1486
f 1484//1484 1487//1487 1485//1485
f 1488//1488 1489//1489 1490//1490
f 1491//1491 1489//1489 1488//1488
f 1492//1492 1261//1261 1260//1260
f 1493//1493 1494//1494 1495//1495
f 1496//1496 1493//1493 1495//1495
f 1497//1497 1498//1498 1499//1499
f 1500//1500 1501//1501 1502//1502
f 1502//1502 1503//1503 1500//1500
f 1504//1504 1505//1505 1506//1506
f 1506//1506 1507//1507 1504//1504
f 1508//1508 1509//1509 1510//1510
f 1509//1509 1508//1508 1511//1511
f 1512//1512 1513//1513 1514//1514
f 1513//1513 1512//1512 1515//1515
f 1516//1516 1286//1286 1517//1517
f 1286//1286 1516//1516 1518//1518
f 1286//1286 1285//1285 1517//1517
f 1519//1519 1520//1520 1521//1521
f 1520//1520 1519//1519 1522//1522
f 1523//1523 1524//1524 1525//1525
f 1524//1524 1523//1523 1526//1526
f 1527//1527 1528//1528 1529//1529
f 1528//1528 1527//1527 1530//1530
f 1531//1531 1532//1532 1533//1533
f 1532//1532 1531//1531 1534//1534
f 1535//1535 1536//1536 1537//1537
f 1536//1536 1535//1535 1538//1538
f 1539//1539 1540//1540 1541//1541
f 1540//1540 1539//1539 1542//1542
f 1543//1543 1544//1544 1545//1545
f 1545//1545 1544//1544 1546//1546
f 1547//1547 1548//1548 1549//1549
f 1550//1550 1547//1547 1551//1551
f 1548//1548 1547//1547 1550//1550
f 1548//1548 1550//1550 1552//1552
f 1553//1553 1554//1554 1555//1555
f 1554//1554 1553//1553 1556//1556
f 1557//1557 1556//1556 1558//1558
f 1556//1556 1557//1557 1554//1554
f 1559//1559 1560//1560 1561//1561
f 1560//1560 1559//1559 1562//1562
f 1563//1563 1564//1564 1565//1565
f 1563//1563 1565//1565 1566//1566
f 1567//1567 1568//1568 1569//1569
f 1568//1568 1567//1567 1570//1570
f 1571//1571 1572//1572 1573//1573
f 1574//1574 1573//1573 1572//1572
f 1575//1575 1576//1576 1577//1577
f 1578//1578 1577//1577 1576//1576
f 1579//1579 1580//1580 1581//1581
f 1582//1582 1580//1580 1579//1579
f 1583//1583 1584//1584 1585//1585
f 1584//1584 1583//1583 1586//1586
f 1587//1587 1588//1588 1589//1589
f 1588//1588 1587//1587 1590//1590
f 1591//1591 1592//1592 1593//1593
f 1591//1591 1593//1593 1594//1594
f 1595//1595 1596//1596 1597//1597
f 1596//1596 1595//1595 1598//1598
f 1599//1599 1600//1600 1601//1601
f 1599//1599 1602//1602 1600//1600
f 1603//1603 1604//1604 1605//1605
f 1604//1604 1603//1603 1606//1606
f 1607//1607 1608//1608 1609//1609
f 1608//1608 1610//1610 1611//1611
f 1610//1610 1607//1607 1612//1612
f 1610//1610 1608//1608 1607//1607
f 1613//1613 1614//1614 1615//1615
f 1616//1616 1617//1617 1618//1618
f 1617//1617 1613//1613 1615//1615
f 1617//1617 1616//1616 1613//1613
f 1619//1619 1620//1620 1621//1621
f 1619//1619 1622//1622 1620//1620
f 1623//1623 1624//1624 1625//1625
f 1624//1624 1623//1623 1626//1626
f 1627//1627 1628//1628 1629//1629
f 1628//1628 1627//1627 1630//1630
f 1631//1631 1632//1632 1633//1633
f 1631//1631 1634//1634 1632//1632
f 1635//1635 1636//1636 1637//1637
f 1635//1635 1638//1638 1636//1636
f 1639//1639 1640//1640 1641//1641
f 1642//1642 1639//1639 1641//1641
f 1643//1643 1644//1644 1645//1645
f 1643//1643 1646//1646 1644//1644
f 1647//1647 1648//1648 1649//1649
f 1650//1650 1648//1648 1647//1647
f 1651//1651 1652//1652 1653//1653
f 1652//1652 1651//1651 1654//1654
f 1655//1655 1656//1656 1657//1657
f 1656//1656 1655//1655 1658//1658
f 1659//1659 1660//1660 1661//1661
f 1661//1661 1662//1662 1659//1659
f 1663//1663 1664//1664 1665//1665
f 1664//1664 1666//1666 1665//1665
f 1664//1664 1667//1667 1668//1668
f 1664//1664 1663//1663 1667//1667
f 1669//1669 1670//1670 1671//1671
f 1669//1669 1672//1672 1670//1670
f 1673//1673 1674//1674 1675//1675
f 1676//1676 1673//1673 1675//1675
f 1677//1677 1678//1678 1679//1679
f 1678//1678 1677//1677 1680//1680
f 1681//1681 1682//1682 1683//1683
f 1682//1682 1681//1681 1684//1684
f 1685//1685 1686//1686 1687//1687
f 1685//1685 1688//1688 1686//1686
f 1689//1689 1690//1690 1691//1691
f 1690//1690 1689//1689 1692//1692
f 1693//1693 1694//1694 1695//1695
f 1693//1693 1696//1696 1694//1694
f 1697//1697 1698//1698 1699//1699
f 1700//1700 1699//1699 1701//1701
f 1699//1699 1700//1700 1697//1697
f 1701//1701 1699//1699 1702//1702
f 1703//1703 1704//1704 1705//1705
f 1704//1704 1703//1703 1706//1706
f 1707//1707 1708//1708 1709//1709
f 1710//1710 1708//1708 1707//1707
f 1711//1711 1712//1712 1713//1713
f 1712//1712 1711//1711 1714//1714
f 1715//1715 1716//1716 1717//1717
f 1716//1716 1715//1715 1718//1718
f 1719//1719 1720//1720 1721//1721
f 1721//1721 1722//1722 1719//1719
f 1723//1723 1724//1724 1725//1725
f 1724//1724 1726//1726 1727//1727
f 1724//1724 1728//1728 1725//1725
f 1724//1724 1723//1723 1726//1726
f 1729//1729 1730//1730 1731//1731
f 1729//1729 1731//1731 1732//1732
f 1733//1733 1734//1734 1735//1735
f 1736//1736 1733//1733 1735//1735
f 1737//1737 1738//1738 1739//1739
f 1738//1738 1737//1737 1740//1740
f 1741//1741 1742//1742 1743//1743
f 1741//1741 1743//1743 1744//1744
f 1745//1745 1746//1746 1747//1747
f 1745//1745 1748//1748 1746//1746
f 1749//1749 1750//1750 1751//1751
f 1750//1750 1749//1749 1752//1752
f 1753//1753 1754//1754 1755//1755
f 1754//1754 1753//1753 1756//1756
f 1757//1757 1758//1758 1759//1759
f 1760//1760 1759//1759 1761//1761
f 1759//1759 1760//1760 1757//1757
f 1761//1761 1759//1759 1762//1762
f 1763//1763 1764//1764 1765//1765
f 1764//1764 1763//1763 1766//1766
f 1767//1767 1768//1768 1769//1769
f 1770//1770 1769//1769 1768//1768
f 1771//1771 1772//1772 1773//1773
f 1771//1771 1773//1773 1774//1774
f 1775//1775 1776//1776 1777//1777
f 1776//1776 1775//1775 1778//1778
f 1779//1779 1780//1780 1781//1781
f 1780//1780 1779//1779 1782//1782
f 1783//1783 1784//1784 1785//1785
f 1786//1786 1783//1783 1785//1785
f 1787//1787 1788//1788 1789//1789
f 1790//1790 1788//1788 1791//1791
f 1788//1788 1787//1787 1791//1791
f 1788//1788 1790//1790 1792//1792
f 1793//1793 1794//1794 1795//1795
f 1796//1796 1794//1794 1793//1793
f 1794//1794 1797//1797 1798//1798
f 1794//1794 1796//1796 1797//1797
f 1799//1799 1800//1800 1801//1801
f 1800//1800 1799//1799 1802//1802
f 1803//1803 1804//1804 1805//1805
f 1804//1804 1803//1803 1806//1806
f 1807//1807 1808//1808 1809//1809
f 1808//1808 1807//1807 1810//1810
f 1811//1811 1812//1812 1813//1813
f 1814//1814 1813//1813 1812//1812
f 1815//1815 1816//1816 1817//1817
f 1818//1818 1817//1817 1816//1816
f 1819//1819 1820//1820 1821//1821
f 1820//1820 1819//1819 1822//1822
f 1823//1823 1824//1824 1825//1825
f 1824//1824 1823//1823 1826//1826
f 1827//1827 1828//1828 1829//1829
f 1830//1830 1829//1829 1828//1828
f 1831//1831 1832//1832 1833//1833
f 1831//1831 1834//1834 1832//1832
f 1835//1835 1836//1836 1837//1837
f 1836//1836 1835//1835 1838//1838
f 1839//1839 1840//1840 1841//1841
f 1840//1840 1839//1839 1842//1842
f 1843//1843 1844//1844 1845//1845
f 1846//1846 1843//1843 1845//1845
f 1847//1847 1848//1848 1849//1849
f 1850//1850 1848//1848 1851//1851
f 1848//1848 1850//1850 1852//1852
f 1848//1848 1847//1847 1851//1851
f 1853//1853 1854//1854 1855//1855
f 1854//1854 1853//1853 1856//1856
f 1857//1857 1856//1856 1858//1858
f 1856//1856 1857//1857 1854//1854
f 1859//1859 1860//1860 1861//1861
f 1860//1860 1859//1859 1862//1862
f 1863//1863 1864//1864 1865//1865
f 1866//1866 1864//1864 1863//1863
f 1867//1867 1868//1868 1869//1869
f 1868//1868 1867//1867 1870//1870
f 1871//1871 1872//1872 1873//1873
f 1874//1874 1873//1873 1872//1872
f 1875//1875 1876//1876 1877//1877
f 1878//1878 1877//1877 1876//1876
f 1879//1879 1880//1880 1881//1881
f 1882//1882 1880//1880 1879//1879
f 1883//1883 1884//1884 1885//1885
f 1884//1884 1883//1883 1886//1886
f 1887//1887 1888//1888 1889//1889
f 1889//1889 1888//1888 1890//1890
f 1891//1891 1892//1892 1893//1893
f 1891//1891 1893//1893 1894//1894
f 1895//1895 1896//1896 1897//1897
f 1896//1896 1895//1895 1898//1898
f 1899//1899 1900//1900 1901//1901
f 1900//1900 1899//1899 1902//1902
f 1903//1903 1904//1904 1905//1905
f 1906//1906 1903//1903 1905//1905
f 1907//1907 1908//1908 1909//1909
f 1910//1910 1908//1908 1911//1911
f 1908//1908 1907//1907 1911//1911
f 1908//1908 1910//1910 1912//1912
f 1913//1913 1914//1914 1915//1915
f 1914//1914 1913//1913 1916//1916
f 1917//1917 1916//1916 1918//1918
f 1916//1916 1917//1917 1914//1914
f 1919//1919 1920//1920 1921//1921
f 1920//1920 1919//1919 1922//1922
f 1923//1923 1924//1924 1925//1925
f 1926//1926 1924//1924 1923//1923
f 1927//1927 1928//1928 1929//1929
f 1928//1928 1927//1927 1930//1930
f 1931//1931 1932//1932 1933//1933
f 1932//1932 1931//1931 1934//1934
f 1935//1935 1936//1936 1937//1937
f 1936//1936 1935//1935 1938//1938
f 1939//1939 1940//1940 1941//1941
f 1942//1942 1940//1940 1939//1939
f 1943//1943 1944//1944 1945//1945
f 1944//1944 1943//1943 1946//1946
f 1947//1947 1948//1948 1949//1949
f 1950//1950 1949//1949 1948//1948
f 1951//1951 1952//1952 1953//1953
f 1951//1951 1954//1954 1952//1952
f 1955//1955 1956//1956 1957//1957
f 1956//1956 1955//1955 1958//1958
f 1959//1959 1960//1960 1961//1961
f 1960//1960 1959//1959 1962//1962
f 1963//1963 1964//1964 1965//1965
f 1966//1966 1963//1963 1965//1965
f 1967//1967 1968//1968 1969//1969
f 1967//1967 1969//1969 1970//1970
f 1968//1968 1967//1967 1971//1971
f 1969//1969 1968//1968 1972//1972
f 1973//1973 1974//1974 1975//1975
f 1974//1974 1973//1973 1976//1976
f 1977//1977 1976//1976 1978//1978
f 1976//1976 1977//1977 1974//1974
f 1979//1979 1980//1980 1981//1981
f 1980//1980 1979//1979 1982//1982
f 1983//1983 1984//1984 1985//1985
f 1986//1986 1984//1984 1983//1983
f 1987//1987 1988//1988 1989//1989
f 1988//1988 1987//1987 1990//1990
f 1991//1991 1992//1992 1993//1993
f 1994//1994 1993//1993 1992//1992
f 1995//1995 1996//1996 1997//1997
f 1998//1998 1997//1997 1996//1996
f 1999//1999 2000//2000 2001//2001
f 2002//2002 2000//2000 1999//1999
f 2003//2003 2004//2004 2005//2005
f 2004//2004 2003//2003 2006//2006
f 2007//2007 2008//2008 2009//2009
f 2007//2007 2008//2008 2009//2009
f 2007//2007 2008//2008 2009//2009
f 2010//2010 2009//2009 2008//2008
f 2010//2010 2009//2009 2008//2008
f 2010//2010 2009//2009 2008//2008
f 2011//2011 2012//2012 2013//2013
f 2011//2011 2014//2014 2012//2012
f 2011//2011 2012//2012 2013//2013
f 2011//2011 2014//2014 2012//2012
f 2011//2011 2014//2014 2012//2012
f 2011//2011 2012//2012 2013//2013
f 2015//2015 2016//2016 2017//2017
f 2015//2015 2016//2016 2017//2017
f 2015//2015 2016//2016 2017//2017
f 2016//2016 2015//2015 2018//2018
f 2016//2016 2015//2015 2018//2018
f 2016//2016 2015//2015 2018//2018
f 2019//2019 2020//2020 2021//2021
f 2019//2019 2020//2020 2021//2021
f 2019//2019 2020//2020 2021//2021
f 2020//2020 2019//2019 2022//2022
f 2020//2020 2019//2019 2022//2022
f 2020//2020 2019//2019 2022//2022
f 2023//2023 2024//2024 2025//2025
f 2023//2023 2024//2024 2025//2025
f 2023//2023 2024//2024 2025//2025
f 2026//2026 2023//2023 2025//2025
f 2026//2026 2023//2023 2025//2025
f 2026//2026 2023//2023 2025//2025
f 2027//2027 2028//2028 2029//2029
f 2027//2027 2028//2028 2029//2029
f 2027//2027 2028//2028 2029//2029
f 2030//2030 2028//2028 2031//2031
f 2030//2030 2028//2028 2031//2031
f 2030//2030 2028//2028 2031//2031
f 2028//2028 2030//2030 2032//2032
f 2028//2028 2030//2030 2032//2032
f 2028//2028 2027//2027 2031//2031
f 2028//2028 2027//2027 2031//2031
f 2028//2028 2027//2027 2031//2031
f 2028//2028 2030//2030 2032//2032
f 2033//2033 2034//2034 2035//2035
f 2033//2033 2034//2034 2035//2035
f 2033//2033 2034//2034 2035//2035
f 2034//2034 2033//2033 2036//2036
f 2034//2034 2033//2033 2036//2036
f 2034//2034 2033//2033 2036//2036
f 2037//2037 2036//2036 2038//2038
f 2037//2037 2036//2036 2038//2038
f 2037//2037 2036//2036 2038//2038
f 2036//2036 2037//2037 2034//2034
f 2036//2036 2037//2037 2034//2034
f 2036//2036 2037//2037 2034//2034
f 2039//2039 2040//2040 2041//2041
f 2039//2039 2040//2040 2041//2041
f 2039//2039 2040//2040 2041//2041
f 2040//2040 2039//2039 2042//2042
f 2040//2040 2039//2039 2042//2042
f 2040//2040 2039//2039 2042//2042
f 2043//2043 2044//2044 2045//2045
f 2043//2043 2044//2044 2045//2045
f 2043//2043 2044//2044 2045//2045
f 2046//2046 2044//2044 2043//2043
f 2046//2046 2044//2044 2043//2043
f 2046//2046 2044//2044 2043//2043
f 2047//2047 2048//2048 2049//2049
f 2047//2047 2048//2048 2049//2049
f 2047//2047 2048//2048 2049//2049
f 2048//2048 2047//2047 2050//2050
f 2048//2048 2047//2047 2050//2050
f 2048//2048 2047//2047 2050//2050
f 2051//2051 2052//2052 2053//2053
f 2051//2051 2052//2052 2053//2053
f 2051//2051 2052//2052 2053//2053
f 2054//2054 2053//2053 2052//2052
f 2054//2054 2053//2053 2052//2052
f 2054//2054 2053//2053 2052//2052
f 2055//2055 2056//2056 2057//2057
f 2055//2055 2056//2056 2057//2057
f 2055//2055 2056//2056 2057//2057
f 2058//2058 2057//2057 2056//2056
f 2058//2058 2057//2057 2056//2056
f 2058//2058 2057//2057 2056//2056
f 2059//2059 2060//2060 2061//2061
f 2059//2059 2060//2060 2061//2061
f 2059//2059 2060//2060 2061//2061
f 2062//2062 2060//2060 2059//2059
f 2062//2062 2060//2060 2059//2059
f 2062//2062 2060//2060 2059//2059
f 2063//2063 2064//2064 2065//2065
f 2063//2063 2064//2064 2065//2065
f 2063//2063 2064//2064 2065//2065
f 2064//2064 2063//2063 2066//2066
f 2064//2064 2063//2063 2066//2066
f 2064//2064 2063//2063 2066//2066
f 2067//2067 2068//2068 2069//2069
f 2070//2070 2069//2069 2068//2068
f 2071//2071 2072//2072 2073//2073
f 2071//2071 2074//2074 2072//2072
f 2075//2075 2076//2076 2077//2077
f 2076//2076 2075//2075 2078//2078
f 2079//2079 2080//2080 2081//2081
f 2080//2080 2079//2079 2082//2082
f 2083//2083 2084//2084 2085//2085
f 2086//2086 2083//2083 2085//2085
f 2087//2087 2088//2088 2089//2089
f 2090//2090 2088//2088 2091//2091
f 2088//2088 2090//2090 2092//2092
f 2088//2088 2087//2087 2091//2091
f 2093//2093 2094//2094 2095//2095
f 2096//2096 2094//2094 2093//2093
f 2094//2094 2097//2097 2098//2098
f 2094//2094 2096//2096 2097//2097
f 2099//2099 2100//2100 2101//2101
f 2100//2100 2099//2099 2102//2102
f 2103//2103 2104//2104 2105//2105
f 2104//2104 2103//2103 2106//2106
f 2107//2107 2108//2108 2109//2109
f 2108//2108 2107//2107 2110//2110
f 2111//2111 2112//2112 2113//2113
f 2114//2114 2113//2113 2112//2112
f 2115//2115 2116//2116 2117//2117
f 2118//2118 2117//2117 2116//2116
f 2119//2119 2120//2120 2121//2121
f 2120//2120 2119//2119 2122//2122
f 2123//2123 2124//2124 2125//2125
f 2124//2124 2123//2123 2126//2126
f 2127//2127 2128//2128 2129//2129
f 2130//2130 2127//2127 2129//2129
f 2131//2131 2132//2132 2133//2133
f 2132//2132 2131//2131 2134//2134
f 2135//2135 2136//2136 2137//2137
f 2136//2136 2135//2135 2138//2138
f 2139//2139 2140//2140 2141//2141
f 2140//2140 2139//2139 2142//2142
f 2143//2143 2144//2144 2145//2145
f 2144//2144 2143//2143 2146//2146
f 2147//2147 2148//2148 2149//2149
f 2150//2150 2148//2148 2147//2147
f 2148//2148 2150//2150 2151//2151
f 2148//2148 2151//2151 2152//2152
f 2153//2153 2154//2154 2155//2155
f 2154//2154 2156//2156 2157//2157
f 2154//2154 2153//2153 2156//2156
f 2154//2154 2158//2158 2155//2155
f 2159//2159 2160//2160 2161//2161
f 2159//2159 2161//2161 2162//2162
f 2163//2163 2164//2164 2165//2165
f 2164//2164 2163//2163 2166//2166
f 2167//2167 2168//2168 2169//2169
f 2168//2168 2167//2167 2170//2170
f 2171//2171 2172//2172 2173//2173
f 2171//2171 2174//2174 2172//2172
f 2175//2175 2176//2176 2177//2177
f 2175//2175 2178//2178 2176//2176
f 2179//2179 2180//2180 2181//2181
f 2181//2181 2182//2182 2179//2179
f 2183//2183 2184//2184 2185//2185
f 2183//2183 2185//2185 2186//2186
f 2187//2187 2188//2188 2189//2189
f 2190//2190 2187//2187 2189//2189
f 2191//2191 2192//2192 2193//2193
f 2192//2192 2191//2191 2194//2194
f 2195//2195 2196//2196 2197//2197
f 2196//2196 2195//2195 2198//2198
f 2199//2199 2200//2200 2201//2201
f 2199//2199 2201//2201 2202//2202
f 2203//2203 2204//2204 2205//2205
f 2204//2204 2203//2203 2206//2206
f 2207//2207 2208//2208 2209//2209
f 2210//2210 2208//2208 2207//2207
f 2208//2208 2210//2210 2211//2211
f 2208//2208 2211//2211 2212//2212
f 2213//2213 2214//2214 2215//2215
f 2216//2216 2217//2217 2218//2218
f 2217//2217 2213//2213 2215//2215
f 2217//2217 2216//2216 2213//2213
f 2219//2219 2220//2220 2221//2221
f 2220//2220 2219//2219 2222//2222
f 2223//2223 2224//2224 2225//2225
f 2224//2224 2223//2223 2226//2226
f 2227//2227 2228//2228 2229//2229
f 2228//2228 2227//2227 2230//2230
f 2231//2231 2232//2232 2233//2233
f 2231//2231 2234//2234 2232//2232
f 2235//2235 2236//2236 2237//2237
f 2235//2235 2238//2238 2236//2236
f 2239//2239 2240//2240 2241//2241
f 2241//2241 2242//2242 2239//2239
f 2243//2243 2244//2244 2245//2245
f 2243//2243 2246//2246 2244//2244
f 2247//2247 2248//2248 2249//2249
f 2250//2250 2247//2247 2249//2249
f 2251//2251 2252//2252 2253//2253
f 2252//2252 2251//2251 2254//2254
f 2255//2255 2256//2256 2257//2257
f 2256//2256 2255//2255 2258//2258
f 2259//2259 2260//2260 2261//2261
f 2259//2259 2261//2261 2262//2262
f 2263//2263 2264//2264 2265//2265
f 2264//2264 2263//2263 2266//2266
f 2267//2267 2268//2268 2269//2269
f 2270//2270 2268//2268 2267//2267
f 2268//2268 2270//2270 2271//2271
f 2268//2268 2271//2271 2272//2272
f 2273//2273 2274//2274 2275//2275
f 2276//2276 2277//2277 2278//2278
f 2277//2277 2276//2276 2273//2273
f 2277//2277 2273//2273 2275//2275
f 2279//2279 2280//2280 2281//2281
f 2279//2279 2282//2282 2280//2280
f 2283//2283 2284//2284 2285//2285
f 2284//2284 2283//2283 2286//2286
f 2287//2287 2288//2288 2289//2289
f 2288//2288 2287//2287 2290//2290
f 2291//2291 2292//2292 2293//2293
f 2292//2292 2291//2291 2294//2294
f 2295//2295 2296//2296 2297//2297
f 2296//2296 2295//2295 2298//2298
f 2299//2299 2300//2300 2301//2301
f 2301//2301 2302//2302 2299//2299
f 2303//2303 2304//2304 2305//2305
f 2303//2303 2306//2306 2304//2304
f 2307//2307 2308//2308 2309//2309
f 2310//2310 2307//2307 2309//2309
f 2311//2311 2312//2312 2313//2313
f 2312//2312 2311//2311 2314//2314
f 2315//2315 2316//2316 2317//2317
f 2316//2316 2315//2315 2318//2318
f 2319//2319 2320//2320 2321//2321
f 2319//2319 2322//2322 2320//2320
f 2323//2323 2324//2324 2325//2325
f 2324//2324 2323//2323 2326//2326
f 2327//2327 2328//2328 2329//2329
f 2328//2328 2330//2330 2331//2331
f 2330//2330 2327//2327 2332//2332
f 2330//2330 2328//2328 2327//2327
f 2333//2333 2334//2334 2335//2335
f 2336//2336 2337//2337 2338//2338
f 2337//2337 2333//2333 2335//2335
f 2337//2337 2336//2336 2333//2333
f 2339//2339 2340//2340 2341//2341
f 2339//2339 2342//2342 2340//2340
f 2343//2343 2344//2344 2345//2345
f 2344//2344 2343//2343 2346//2346
f 2347//2347 2348//2348 2349//2349
f 2348//2348 2347//2347 2350//2350
f 2351//2351 2352//2352 2353//2353
f 2351//2351 2354//2354 2352//2352
f 2355//2355 2356//2356 2357//2357
f 2356//2356 2355//2355 2358//2358
f 2359//2359 2360//2360 2361//2361
f 2361//2361 2362//2362 2359//2359
f 2363//2363 2364//2364 2365//2365
f 2363//2363 2366//2366 2364//2364
f 2367//2367 2368//2368 2369//2369
f 2367//2367 2368//2368 2369//2369
f 2367//2367 2368//2368 2369//2369
f 2370//2370 2367//2367 2369//2369
f 2370//2370 2367//2367 2369//2369
f 2370//2370 2367//2367 2369//2369
f 2371//2371 2372//2372 2373//2373
f 2371//2371 2372//2372 2373//2373
f 2371//2371 2372//2372 2373//2373
f 2372//2372 2371//2371 2374//2374
f 2372//2372 2371//2371 2374//2374
f 2372//2372 2371//2371 2374//2374
f 2375//2375 2376//2376 2377//2377
f 2375//2375 2376//2376 2377//2377
f 2375//2375 2376//2376 2377//2377
f 2376//2376 2375//2375 2378//2378
f 2376//2376 2375//2375 2378//2378
f 2376//2376 2375//2375 2378//2378
f 2379//2379 2380//2380 2381//2381
f 2379//2379 2382//2382 2380//2380
f 2379//2379 2380//2380 2381//2381
f 2379//2379 2382//2382 2380//2380
f 2379//2379 2382//2382 2380//2380
f 2379//2379 2380//2380 2381//2381
f 2383//2383 2384//2384 2385//2385
f 2383//2383 2384//2384 2385//2385
f 2383//2383 2384//2384 2385//2385
f 2384//2384 2383//2383 2386//2386
f 2384//2384 2383//2383 2386//2386
f 2384//2384 2383//2383 2386//2386
f 2387//2387 2388//2388 2389//2389
f 2387//2387 2388//2388 2389//2389
f 2387//2387 2388//2388 2389//2389
f 2390//2390 2388//2388 2387//2387
f 2390//2390 2388//2388 2387//2387
f 2390//2390 2388//2388 2387//2387
f 2388//2388 2391//2391 2392//2392
f 2388//2388 2390//2390 2391//2391
f 2388//2388 2391//2391 2392//2392
f 2388//2388 2390//2390 2391//2391
f 2388//2388 2390//2390 2391//2391
f 2388//2388 2391//2391 2392//2392
f 2393//2393 2394//2394 2395//2395
f 2393//2393 2394//2394 2395//2395
f 2393//2393 2394//2394 2395//2395
f 2396//2396 2397//2397 2398//2398
f 2396//2396 2397//2397 2398//2398
f 2396//2396 2397//2397 2398//2398
f 2397//2397 2393//2393 2395//2395
f 2397//2397 2396//2396 2393//2393
f 2397//2397 2393//2393 2395//2395
f 2397//2397 2396//2396 2393//2393
f 2397//2397 2396//2396 2393//2393
f 2397//2397 2393//2393 2395//2395
f 2399//2399 2400//2400 2401//2401
f 2399//2399 2401//2401 2402//2402
f 2399//2399 2401//2401 2402//2402
f 2399//2399 2400//2400 2401//2401
f 2399//2399 2401//2401 2402//2402
f 2399//2399 2400//2400 2401//2401
f 2403//2403 2404//2404 2405//2405
f 2403//2403 2404//2404 2405//2405
f 2403//2403 2404//2404 2405//2405
f 2404//2404 2403//2403 2406//2406
f 2404//2404 2403//2403 2406//2406
f 2404//2404 2403//2403 2406//2406
f 2407//2407 2408//2408 2409//2409
f 2407//2407 2408//2408 2409//2409
f 2407//2407 2408//2408 2409//2409
f 2408//2408 2407//2407 2410//2410
f 2408//2408 2407//2407 2410//2410
f 2408//2408 2407//2407 2410//2410
f 2411//2411 2412//2412 2413//2413
f 2411//2411 2412//2412 2413//2413
f 2411//2411 2412//2412 2413//2413
f 2412//2412 2411//2411 2414//2414
f 2412//2412 2411//2411 2414//2414
f 2412//2412 2411//2411 2414//2414
f 2415//2415 2416//2416 2417//2417
f 2415//2415 2416//2416 2417//2417
f 2415//2415 2416//2416 2417//2417
f 2416//2416 2415//2415 2418//2418
f 2416//2416 2415//2415 2418//2418
f 2416//2416 2415//2415 2418//2418
f 2419//2419 2420//2420 2421//2421
f 2419//2419 2420//2420 2421//2421
f 2419//2419 2420//2420 2421//2421
f 2421//2421 2422//2422 2419//2419
f 2421//2421 2422//2422 2419//2419
f 2421//2421 2422//2422 2419//2419
f 2423//2423 2424//2424 2425//2425
f 2423//2423 2426//2426 2424//2424
f 2423//2423 2424//2424 2425//2425
f 2423//2423 2424//2424 2425//2425
f 2423//2423 2426//2426 2424//2424
f 2423//2423 2426//2426 2424//2424
f 2427//2427 2428//2428 2429//2429
f 2430//2430 2427//2427 2429//2429
f 2431//2431 2432//2432 2433//2433
f 2432//2432 2431//2431 2434//2434
f 2435//2435 2436//2436 2437//2437
f 2436//2436 2435//2435 2438//2438
f 2439//2439 2440//2440 2441//2441
f 2440//2440 2439//2439 2442//2442
f 2443//2443 2444//2444 2445//2445
f 2444//2444 2443//2443 2446//2446
f 2447//2447 2448//2448 2449//2449
f 2448//2448 2450//2450 2451//2451
f 2448//2448 2447//2447 2452//2452
f 2450//2450 2448//2448 2452//2452
f 2453//2453 2454//2454 2455//2455
f 2454//2454 2456//2456 2457//2457
f 2454//2454 2458//2458 2455//2455
f 2454//2454 2453//2453 2456//2456
f 2459//2459 2460//2460 2461//2461
f 2460//2460 2459//2459 2462//2462
f 2463//2463 2464//2464 2465//2465
f 2464//2464 2463//2463 2466//2466
f 2467//2467 2468//2468 2469//2469
f 2468//2468 2467//2467 2470//2470
f 2471//2471 2472//2472 2473//2473
f 2471//2471 2474//2474 2472//2472
f 2475//2475 2476//2476 2477//2477
f 2476//2476 2475//2475 2478//2478
f 2479//2479 2480//2480 2481//2481
f 2481//2481 2482//2482 2479//2479
f 2483//2483 2484//2484 2485//2485
f 2483//2483 2486//2486 2484//2484
o Shield_Heater_3
usemtl LightWood
v 0.35395 -0.03849 0.18735
v 0.35395 0.47888 0.06977
v 0.35395 -0.03861 0.06977
v 0.35395 0.47900 0.18735
v -0.26185 0.71811 0.06977
v -0.01092 0.85606 0.06977
v -0.01092 0.73437 0.06977
v -0.30919 0.83310 0.06977
v 0.01802 -0.50844 0.18735
v 0.01802 -0.50856 0.06977
v 0.01802 -0.54419 0.18735
v 0.01802 -0.54431 0.06977
v 0.01802 -0.47268 0.18735
v 0.01802 -0.47280 0.06977
v 0.01802 -0.50844 0.18735
v 0.01802 -0.50856 0.06977
v 0.01802 -0.05514 0.06977
v 0.01802 -0.47280 0.06977
v 0.01802 -0.47268 0.18735
v 0.01802 -0.05502 0.18735
v 0.01802 -0.47280 0.06977
v 0.26895 -0.50754 0.06977
v 0.01802 -0.50856 0.06977
v 0.01802 -0.47280 0.06977
v 0.31629 -0.07215 0.06977
v 0.31629 -0.47387 0.06977
v 0.01802 -0.05514 0.06977
v 0.26895 -0.50742 0.18735
v 0.01802 -0.47268 0.18735
v 0.01802 -0.50844 0.18735
v 0.31629 -0.47375 0.18735
v 0.01802 -0.54419 0.18735
v 0.31629 -0.54110 0.18735
v 0.26895 -0.50742 0.18735
v 0.01802 -0.50844 0.18735
v 0.31629 -0.93148 0.18735
v 0.01802 -0.54419 0.18735
v 0.01802 -1.17511 0.18735
v 0.31629 -0.54110 0.18735
v 0.31629 -0.47375 0.18735
v 0.26895 -0.50754 0.06977
v 0.31629 -0.47387 0.06977
v 0.26895 -0.50742 0.18735
v 0.31629 -0.54110 0.18735
v 0.26895 -0.50754 0.06977
v 0.26895 -0.50742 0.18735
v 0.31629 -0.54122 0.06977
v 0.31629 -0.93148 0.18735
v 0.31629 -0.54122 0.06977
v 0.31629 -0.54110 0.18735
v 0.31629 -0.93160 0.06977
v 0.04761 0.35804 0.06977
v 0.31629 0.35342 0.06977
v 0.31629 0.32271 0.06977
v 0.01802 0.31959 0.06977
v 0.31629 0.38414 0.06977
v 0.01802 0.42397 0.06977
v 0.01802 0.42397 0.06977
v 0.31629 0.66535 0.06977
v 0.31629 0.38414 0.06977
v 0.01802 0.65453 0.06977
v 0.31629 0.38426 0.18735
v 0.01802 0.42409 0.18735
v 0.04761 0.35816 0.18735
v 0.31629 0.35354 0.18735
v 0.04761 0.35816 0.18735
v 0.04761 0.35804 0.06977
v 0.01802 0.31971 0.18735
v 0.01802 0.31959 0.06977
v 0.01802 0.42409 0.18735
v 0.01802 0.42397 0.06977
v 0.04761 0.35816 0.18735
v 0.04761 0.35804 0.06977
v 0.01802 0.65453 0.06977
v 0.01802 0.42397 0.06977
v 0.01802 0.42409 0.18735
v 0.01802 0.65465 0.18735
v 0.31629 0.32283 0.18735
v 0.04761 0.35816 0.18735
v 0.01802 0.31971 0.18735
v 0.31629 0.35354 0.18735
v 0.26613 0.70697 0.18735
v 0.01802 0.74654 0.18735
v 0.01802 0.68821 0.18735
v 0.31629 0.82201 0.18735
v 0.31629 0.35354 0.18735
v 0.31629 0.38414 0.06977
v 0.31629 0.38426 0.18735
v 0.31629 0.35342 0.06977
v 0.31629 0.32283 0.18735
v 0.31629 0.35342 0.06977
v 0.31629 0.35354 0.18735
v 0.31629 0.32271 0.06977
v 0.01802 0.31959 0.06977
v 0.01802 0.03679 0.06977
v 0.01802 0.03691 0.18735
v 0.01802 0.31971 0.18735
v 0.26613 0.70697 0.18735
v 0.31629 0.82156 0.06977
v 0.31629 0.82201 0.18735
v 0.26613 0.70685 0.06977
v 0.31629 0.66535 0.06977
v 0.26613 0.70697 0.18735
v 0.31629 0.66547 0.18735
v 0.26613 0.70685 0.06977
v 0.31629 0.38426 0.18735
v 0.31629 0.66535 0.06977
v 0.31629 0.66547 0.18735
v 0.31629 0.38414 0.06977
v 0.01802 0.65465 0.18735
v 0.31629 0.66547 0.18735
v 0.26613 0.70697 0.18735
v 0.01802 0.68821 0.18735
v 0.31629 0.66547 0.18735
v 0.01802 0.65465 0.18735
v 0.01802 0.42409 0.18735
v 0.31629 0.38426 0.18735
v 0.01802 0.65453 0.06977
v 0.26613 0.70685 0.06977
v 0.31629 0.66535 0.06977
v 0.01802 0.68809 0.06977
v 0.01802 0.74620 0.06977
v 0.31629 0.82156 0.06977
v 0.26613 0.70685 0.06977
v 0.01802 0.68809 0.06977
v 0.01802 1.15055 0.06977
v 0.31629 0.82156 0.06977
v 0.01802 0.74620 0.06977
v 0.31629 1.11411 0.06977
v 0.01802 -0.05514 0.06977
v 0.27215 -0.00916 0.06977
v 0.31629 -0.07215 0.06977
v 0.01802 -0.00918 0.06977
v 0.01802 0.68821 0.18735
v 0.01802 0.68809 0.06977
v 0.01802 0.65465 0.18735
v 0.01802 0.65453 0.06977
v 0.01802 0.74654 0.18735
v 0.01802 0.74620 0.06977
v 0.01802 0.68821 0.18735
v 0.01802 0.68809 0.06977
v 0.01802 1.15055 0.06977
v 0.01802 0.74620 0.06977
v 0.01802 0.74654 0.18735
v 0.01802 1.15055 0.18735
v 0.01802 -0.00906 0.18735
v 0.01802 -0.00918 0.06977
v 0.01802 -0.05502 0.18735
v 0.01802 -0.05514 0.06977
v 0.01802 0.03691 0.18735
v 0.01802 0.03679 0.06977
v 0.01802 -0.00906 0.18735
v 0.01802 -0.00918 0.06977
v 0.31629 0.05382 0.06977
v 0.01802 0.31959 0.06977
v 0.31629 0.32271 0.06977
v 0.01802 0.03679 0.06977
v 0.27215 -0.00904 0.18735
v 0.31629 0.05382 0.06977
v 0.31629 0.05394 0.18735
v 0.27215 -0.00916 0.06977
v 0.31629 -0.07203 0.18735
v 0.27215 -0.00916 0.06977
v 0.27215 -0.00904 0.18735
v 0.31629 -0.07215 0.06977
v 0.31629 -0.47375 0.18735
v 0.31629 -0.07215 0.06977
v 0.31629 -0.07203 0.18735
v 0.31629 -0.47387 0.06977
v 0.01802 0.03679 0.06977
v 0.31629 0.05382 0.06977
v 0.27215 -0.00916 0.06977
v 0.01802 -0.00918 0.06977
v 0.27215 -0.00904 0.18735
v 0.01802 0.03691 0.18735
v 0.01802 -0.00906 0.18735
v 0.31629 0.05394 0.18735
v 0.01802 -0.05502 0.18735
v 0.31629 -0.07203 0.18735
v 0.27215 -0.00904 0.18735
v 0.01802 -0.00906 0.18735
v 0.31629 -0.07203 0.18735
v 0.01802 -0.05502 0.18735
v 0.01802 -0.47268 0.18735
v 0.31629 -0.47375 0.18735
v 0.31629 0.82201 0.18735
v 0.01802 1.15055 0.18735
v 0.01802 0.74654 0.18735
v 0.31629 1.11411 0.18735
v 0.01802 -1.17523 0.06977
v 0.01802 -0.54431 0.06977
v 0.31629 -0.93160 0.06977
v 0.31629 -0.54122 0.06977
v 0.31629 -0.93148 0.18735
v 0.01802 -1.17511 0.18735
v 0.01802 -1.17523 0.06977
v 0.31629 -0.93160 0.06977
v 0.31629 0.82201 0.18735
v 0.31629 1.11411 0.06977
v 0.31629 1.11411 0.18735
v 0.31629 0.82156 0.06977
v 0.31629 1.11411 0.06977
v 0.01802 1.15055 0.18735
v 0.31629 1.11411 0.18735
v 0.01802 1.15055 0.06977
v 0.01802 -0.54431 0.06977
v 0.01802 -1.17523 0.06977
v 0.01802 -1.17511 0.18735
v 0.01802 -0.54419 0.18735
v 0.31629 0.05394 0.18735
v 0.31629 0.32271 0.06977
v 0.31629 0.32283 0.18735
v 0.31629 0.05382 0.06977
v 0.31629 -0.47387 0.06977
v 0.01802 -0.54431 0.06977
v 0.31629 -0.54122 0.06977
v 0.73860 0.26446 0.06977
v 0.69718 0.29882 0.18735
v 0.69718 0.29870 0.06977
v 0.73860 0.26458 0.18735
v 0.69718 0.23035 0.18735
v 0.73860 0.26446 0.06977
v 0.69718 0.23023 0.06977
v 0.73860 0.26458 0.18735
v 0.69718 -0.15619 0.18735
v 0.88853 0.22166 0.18735
v 0.69718 0.23035 0.18735
v 0.88853 -0.17323 0.18735
v 0.73860 0.26458 0.18735
v 0.88853 0.27739 0.18735
v 0.69718 0.29882 0.18735
v 0.88853 0.24953 0.18735
v 0.88853 0.22166 0.18735
v 0.73860 0.26458 0.18735
v 0.69718 0.23035 0.18735
v 0.88853 0.24953 0.18735
v 0.88853 0.22154 0.06977
v 0.88853 -0.17323 0.18735
v 0.88853 -0.17335 0.06977
v 0.88853 0.22166 0.18735
v 0.73860 0.26446 0.06977
v 0.88853 0.22154 0.06977
v 0.69718 0.23023 0.06977
v 0.88853 0.24941 0.06977
v 0.69718 0.29870 0.06977
v 0.88853 0.27727 0.06977
v 0.73860 0.26446 0.06977
v 0.88853 0.24941 0.06977
v 0.88853 0.95177 0.06977
v 0.88853 0.27727 0.06977
v 0.69718 0.29870 0.06977
v 0.69718 1.04785 0.06977
v 0.88853 0.24941 0.06977
v 0.88853 0.22166 0.18735
v 0.88853 0.22154 0.06977
v 0.88853 0.24953 0.18735
v 0.88853 0.27727 0.06977
v 0.88853 0.24953 0.18735
v 0.88853 0.24941 0.06977
v 0.88853 0.27739 0.18735
v 0.88853 0.95177 0.06977
v 0.88853 0.27739 0.18735
v 0.88853 0.27727 0.06977
v 0.88853 0.95177 0.18735
v 0.88853 -0.20594 0.06977
v 0.88853 -0.26893 0.18735
v 0.88853 -0.26905 0.06977
v 0.88853 -0.20583 0.18735
v 0.88853 -0.17335 0.06977
v 0.88853 -0.20583 0.18735
v 0.88853 -0.20594 0.06977
v 0.88853 -0.17323 0.18735
v 0.88853 0.22154 0.06977
v 0.88853 -0.17335 0.06977
v 0.69718 -0.15631 0.06977
v 0.69718 0.23023 0.06977
v 0.69718 -0.15631 0.06977
v 0.74132 -0.19748 0.18735
v 0.69718 -0.15619 0.18735
v 0.74132 -0.19760 0.06977
v 0.69718 -0.23446 0.06977
v 0.69718 -0.23434 0.18735
v 0.74132 -0.19748 0.18735
v 0.74132 -0.19760 0.06977
v 0.69718 -0.61744 0.18735
v 0.69718 -0.23446 0.06977
v 0.69718 -0.61756 0.06977
v 0.69718 -0.23434 0.18735
v 0.74132 -0.19760 0.06977
v 0.88853 -0.26905 0.06977
v 0.69718 -0.23446 0.06977
v 0.88853 -0.20594 0.06977
v 0.69718 -0.15631 0.06977
v 0.88853 -0.17335 0.06977
v 0.74132 -0.19760 0.06977
v 0.88853 -0.20594 0.06977
v -0.01092 -0.11150 0.18735
v -0.30919 0.15431 0.18735
v -0.30919 -0.11460 0.18735
v -0.01092 0.17131 0.18735
v 0.74132 -0.19748 0.18735
v 0.88853 -0.17323 0.18735
v 0.69718 -0.15619 0.18735
v 0.88853 -0.20583 0.18735
v 0.88853 -0.26893 0.18735
v 0.74132 -0.19748 0.18735
v 0.69718 -0.23434 0.18735
v 0.88853 -0.20583 0.18735
v 0.69718 -0.23434 0.18735
v 0.88853 -0.41230 0.18735
v 0.88853 -0.26893 0.18735
v 0.69718 -0.61744 0.18735
v 0.69718 0.29882 0.18735
v 0.88853 0.95177 0.18735
v 0.69718 1.04785 0.18735
v 0.88853 0.27739 0.18735
v 0.88853 -0.41242 0.06977
v 0.69718 -0.23446 0.06977
v 0.88853 -0.26905 0.06977
v 0.69718 -0.61756 0.06977
v 0.69718 0.29882 0.18735
v 0.69718 1.04785 0.06977
v 0.69718 0.29870 0.06977
v 0.69718 1.04785 0.18735
v 0.88853 -0.41242 0.06977
v 0.69718 -0.61744 0.18735
v 0.69718 -0.61756 0.06977
v 0.88853 -0.41230 0.18735
v 0.88853 -0.26905 0.06977
v 0.88853 -0.41230 0.18735
v 0.88853 -0.41242 0.06977
v 0.88853 -0.26893 0.18735
v 0.69718 1.04785 0.06977
v 0.69718 1.04785 0.18735
v 0.88853 0.95177 0.18735
v 0.88853 0.95177 0.06977
v 0.39538 0.51311 0.06977
v 0.35395 0.54746 0.18735
v 0.35395 0.54734 0.06977
v 0.39538 0.51323 0.18735
v 0.35395 0.47900 0.18735
v 0.39538 0.51311 0.06977
v 0.35395 0.47888 0.06977
v 0.39538 0.51323 0.18735
v 0.35395 -0.03849 0.18735
v 0.65222 0.47029 0.18735
v 0.35395 0.47900 0.18735
v 0.65222 -0.05556 0.18735
v 0.39538 0.51323 0.18735
v 0.65222 0.52602 0.18735
v 0.35395 0.54746 0.18735
v 0.65222 0.49816 0.18735
v 0.65222 0.47029 0.18735
v 0.39538 0.51323 0.18735
v 0.35395 0.47900 0.18735
v 0.65222 0.49816 0.18735
v 0.65222 0.47018 0.06977
v 0.65222 -0.05556 0.18735
v 0.65222 -0.05568 0.06977
v 0.65222 0.47029 0.18735
v 0.39538 0.51311 0.06977
v 0.65222 0.47018 0.06977
v 0.35395 0.47888 0.06977
v 0.65222 0.49804 0.06977
v 0.35395 0.54734 0.06977
v 0.65222 0.52590 0.06977
v 0.39538 0.51311 0.06977
v 0.65222 0.49804 0.06977
v 0.65222 1.05856 0.06977
v 0.65222 0.52590 0.06977
v 0.35395 0.54734 0.06977
v 0.35395 1.11411 0.06977
v 0.65222 0.49804 0.06977
v 0.65222 0.47029 0.18735
v 0.65222 0.47018 0.06977
v 0.65222 0.49816 0.18735
v 0.65222 0.52590 0.06977
v 0.65222 0.52602 0.18735
v 0.65222 0.49816 0.18735
v 0.65222 0.49804 0.06977
v 0.65222 1.05856 0.06977
v 0.65222 0.52602 0.18735
v 0.65222 0.52590 0.06977
v 0.65222 1.05856 0.18735
v 0.60883 -0.08827 0.06977
v 0.60883 -0.08815 0.18735
v 0.65222 -0.14749 0.18735
v 0.65222 -0.14761 0.06977
v 0.65222 -0.05568 0.06977
v 0.60883 -0.08815 0.18735
v 0.60883 -0.08827 0.06977
v 0.65222 -0.05556 0.18735
v 0.65222 0.47018 0.06977
v 0.65222 -0.05568 0.06977
v 0.35395 -0.03861 0.06977
v 0.35395 0.47888 0.06977
v 0.39810 -0.07990 0.06977
v 0.35395 -0.03849 0.18735
v 0.35395 -0.03861 0.06977
v 0.39810 -0.07978 0.18735
v 0.35395 -0.11664 0.18735
v 0.39810 -0.07990 0.06977
v 0.35395 -0.11676 0.06977
v 0.39810 -0.07978 0.18735
v 0.35395 -0.95219 0.18735
v 0.35395 -0.11676 0.06977
v 0.35395 -0.95231 0.06977
v 0.35395 -0.11664 0.18735
v 0.39810 -0.07990 0.06977
v 0.65222 -0.14761 0.06977
v 0.35395 -0.11676 0.06977
v 0.60883 -0.08827 0.06977
v 0.35395 -0.03861 0.06977
v 0.60883 -0.08827 0.06977
v 0.39810 -0.07990 0.06977
v 0.65222 -0.05568 0.06977
v 0.69718 -0.15619 0.18735
v 0.69718 0.23023 0.06977
v 0.69718 -0.15631 0.06977
v 0.69718 0.23035 0.18735
v 0.60883 -0.08815 0.18735
v 0.35395 -0.03849 0.18735
v 0.39810 -0.07978 0.18735
v 0.65222 -0.05556 0.18735
v 0.39810 -0.07978 0.18735
v 0.65222 -0.14749 0.18735
v 0.60883 -0.08815 0.18735
v 0.35395 -0.11664 0.18735
v 0.35395 -0.11664 0.18735
v 0.35395 -0.95219 0.18735
v 0.65222 -0.66729 0.18735
v 0.65222 -0.14749 0.18735
v 0.35395 0.54746 0.18735
v 0.65222 1.05856 0.18735
v 0.35395 1.11411 0.18735
v 0.65222 0.52602 0.18735
v 0.65222 -0.66741 0.06977
v 0.35395 -0.11676 0.06977
v 0.65222 -0.14761 0.06977
v 0.35395 -0.95231 0.06977
v 0.35395 0.54746 0.18735
v 0.35395 1.11411 0.06977
v 0.35395 0.54734 0.06977
v 0.35395 1.11411 0.18735
v 0.65222 -0.66741 0.06977
v 0.35395 -0.95219 0.18735
v 0.35395 -0.95231 0.06977
v 0.65222 -0.66729 0.18735
v 0.65222 -0.14761 0.06977
v 0.65222 -0.66729 0.18735
v 0.65222 -0.66741 0.06977
v 0.65222 -0.14749 0.18735
v 0.65222 1.05856 0.06977
v 0.35395 1.11411 0.18735
v 0.65222 1.05856 0.18735
v 0.35395 1.11411 0.06977
v -0.01092 0.73469 0.18735
v -0.01092 0.85606 0.06977
v -0.01092 0.85653 0.18735
v -0.01092 0.73437 0.06977
v -0.01092 0.68076 0.18735
v -0.01092 0.73437 0.06977
v -0.01092 0.73469 0.18735
v -0.01092 0.68064 0.06977
v -0.01092 0.26323 0.18735
v -0.01092 0.68064 0.06977
v -0.01092 0.68076 0.18735
v -0.01092 0.26311 0.06977
v -0.01092 0.68064 0.06977
v -0.30919 0.68173 0.06977
v -0.26185 0.71811 0.06977
v -0.01092 0.73437 0.06977
v -0.30919 0.28014 0.06977
v -0.01092 0.68064 0.06977
v -0.01092 0.26311 0.06977
v -0.30919 0.68173 0.06977
v -0.01092 0.68076 0.18735
v -0.26185 0.71831 0.18735
v -0.30919 0.68185 0.18735
v -0.01092 0.73469 0.18735
v -0.01092 0.85653 0.18735
v -0.26185 0.71831 0.18735
v -0.01092 0.73469 0.18735
v -0.30919 0.83356 0.18735
v -0.01092 0.85653 0.18735
v -0.30919 1.12073 0.18735
v -0.30919 0.83356 0.18735
v -0.01092 1.15055 0.18735
v -0.30919 -0.11472 0.06977
v -0.04051 -0.15008 0.06977
v -0.30919 -0.14544 0.06977
v -0.01092 -0.11162 0.06977
v -0.26185 0.71811 0.06977
v -0.30919 0.68185 0.18735
v -0.26185 0.71831 0.18735
v -0.30919 0.68173 0.06977
v -0.30919 0.83310 0.06977
v -0.26185 0.71811 0.06977
v -0.26185 0.71831 0.18735
v -0.30919 0.83356 0.18735
v -0.30919 1.12073 0.06977
v -0.30919 0.83310 0.06977
v -0.30919 0.83356 0.18735
v -0.30919 1.12073 0.18735
v -0.30919 -0.17617 0.06977
v -0.01092 -0.21603 0.06977
v -0.30919 -0.45747 0.06977
v -0.01092 -0.21603 0.06977
v -0.01092 -0.44667 0.06977
v -0.30919 -0.17617 0.06977
v -0.04051 -0.14996 0.18735
v -0.30919 -0.17605 0.18735
v -0.01092 -0.21591 0.18735
v -0.30919 -0.14532 0.18735
v -0.04051 -0.14996 0.18735
v -0.01092 -0.11162 0.06977
v -0.01092 -0.11150 0.18735
v -0.04051 -0.15008 0.06977
v -0.01092 -0.21591 0.18735
v -0.04051 -0.15008 0.06977
v -0.04051 -0.14996 0.18735
v -0.01092 -0.21603 0.06977
v -0.01092 -0.44655 0.18735
v -0.01092 -0.21603 0.06977
v -0.01092 -0.21591 0.18735
v -0.01092 -0.44667 0.06977
v -0.04051 -0.14996 0.18735
v -0.30919 -0.11460 0.18735
v -0.30919 -0.14532 0.18735
v -0.01092 -0.11150 0.18735
v -0.01092 -0.51369 0.18735
v -0.25902 -0.49887 0.18735
v -0.30919 -0.54039 0.18735
v -0.01092 -0.48012 0.18735
v -0.30919 -0.14532 0.18735
v -0.30919 -0.14544 0.06977
v -0.30919 -0.17605 0.18735
v -0.30919 -0.17617 0.06977
v -0.30919 -0.11460 0.18735
v -0.30919 -0.11472 0.06977
v -0.30919 -0.14532 0.18735
v -0.30919 -0.14544 0.06977
v -0.01092 -0.11150 0.18735
v -0.01092 0.17119 0.06977
v -0.01092 0.17131 0.18735
v -0.01092 -0.11162 0.06977
v -0.25902 -0.49899 0.06977
v -0.30919 -0.54039 0.18735
v -0.25902 -0.49887 0.18735
v -0.30919 -0.54051 0.06977
v -0.25902 -0.49887 0.18735
v -0.30919 -0.45747 0.06977
v -0.25902 -0.49899 0.06977
v -0.30919 -0.45735 0.18735
v -0.30919 -0.17617 0.06977
v -0.30919 -0.45747 0.06977
v -0.30919 -0.45735 0.18735
v -0.30919 -0.17605 0.18735
v -0.25902 -0.49887 0.18735
v -0.01092 -0.44655 0.18735
v -0.30919 -0.45735 0.18735
v -0.01092 -0.48012 0.18735
v -0.01092 -0.21591 0.18735
v -0.30919 -0.17605 0.18735
v -0.01092 -0.44667 0.06977
v -0.25902 -0.49899 0.06977
v -0.30919 -0.45747 0.06977
v -0.01092 -0.51381 0.06977
v -0.30919 -0.54051 0.06977
v -0.01092 -0.48024 0.06977
v -0.30919 -0.95988 0.06977
v -0.01092 -0.51381 0.06977
v -0.01092 -1.15261 0.06977
v -0.30919 -0.54051 0.06977
v -0.26504 0.21717 0.06977
v -0.01092 0.26311 0.06977
v -0.01092 0.21715 0.06977
v -0.30919 0.28014 0.06977
v -0.01092 -0.48012 0.18735
v -0.01092 -0.44667 0.06977
v -0.01092 -0.44655 0.18735
v -0.01092 -0.48024 0.06977
v -0.01092 -0.51369 0.18735
v -0.01092 -0.48024 0.06977
v -0.01092 -0.48012 0.18735
v -0.01092 -0.51381 0.06977
v -0.01092 -1.15249 0.18735
v -0.01092 -0.51381 0.06977
v -0.01092 -0.51369 0.18735
v -0.01092 -1.15261 0.06977
v -0.01092 0.21727 0.18735
v -0.01092 0.26311 0.06977
v -0.01092 0.26323 0.18735
v -0.01092 0.21715 0.06977
v -0.01092 0.17131 0.18735
v -0.01092 0.21715 0.06977
v -0.01092 0.21727 0.18735
v -0.01092 0.17119 0.06977
v -0.01092 -0.11162 0.06977
v -0.30919 0.15420 0.06977
v -0.01092 0.17119 0.06977
v -0.30919 -0.11472 0.06977
v -0.26504 0.21729 0.18735
v -0.26504 0.21717 0.06977
v -0.30919 0.15431 0.18735
v -0.30919 0.15420 0.06977
v -0.30919 0.28026 0.18735
v -0.30919 0.28014 0.06977
v -0.26504 0.21729 0.18735
v -0.26504 0.21717 0.06977
v -0.30919 0.68173 0.06977
v -0.30919 0.28014 0.06977
v -0.30919 0.28026 0.18735
v -0.30919 0.68185 0.18735
v -0.01092 0.17119 0.06977
v -0.30919 0.15420 0.06977
v -0.26504 0.21717 0.06977
v -0.01092 0.21715 0.06977
v -0.63575 -0.14144 0.18735
v -0.33748 0.12442 0.18735
v -0.63575 0.12747 0.18735
v -0.33748 -0.15841 0.18735
v -0.01092 0.17131 0.18735
v -0.26504 0.21729 0.18735
v -0.30919 0.15431 0.18735
v -0.01092 0.21727 0.18735
v -0.01092 0.26323 0.18735
v -0.26504 0.21729 0.18735
v -0.01092 0.21727 0.18735
v -0.30919 0.28026 0.18735
v -0.01092 0.68076 0.18735
v -0.30919 0.28026 0.18735
v -0.01092 0.26323 0.18735
v -0.30919 0.68185 0.18735
v -0.01092 -1.15249 0.18735
v -0.01092 -0.51369 0.18735
v -0.30919 -0.95976 0.18735
v -0.30919 -0.54039 0.18735
v -0.30919 1.12073 0.06977
v -0.01092 0.85606 0.06977
v -0.30919 0.83310 0.06977
v -0.01092 1.15055 0.06977
v -0.01092 1.15055 0.06977
v -0.30919 1.12073 0.18735
v -0.01092 1.15055 0.18735
v -0.30919 1.12073 0.06977
v -0.30919 -0.54051 0.06977
v -0.30919 -0.95988 0.06977
v -0.30919 -0.95976 0.18735
v -0.30919 -0.54039 0.18735
v -0.01092 -1.15261 0.06977
v -0.30919 -0.95976 0.18735
v -0.30919 -0.95988 0.06977
v -0.01092 -1.15249 0.18735
v -0.01092 0.85653 0.18735
v -0.01092 1.15055 0.06977
v -0.01092 1.15055 0.18735
v -0.01092 0.85606 0.06977
v -0.30919 0.15420 0.06977
v -0.30919 -0.11472 0.06977
v -0.30919 -0.11460 0.18735
v -0.30919 0.15431 0.18735
v -0.63575 0.15807 0.06977
v -0.36706 0.16275 0.06977
v -0.63575 0.12735 0.06977
v -0.33748 0.12430 0.06977
v -0.63575 0.18879 0.06977
v -0.36706 0.16275 0.06977
v -0.63575 0.15807 0.06977
v -0.33748 0.18636 0.06977
v -0.33748 0.45925 0.06977
v -0.33748 0.18636 0.06977
v -0.63575 0.18879 0.06977
v -0.63575 0.47002 0.06977
v -0.36706 0.16275 0.06977
v -0.33748 0.12442 0.18735
v -0.33748 0.12430 0.06977
v -0.36706 0.16287 0.18735
v -0.33748 0.18636 0.06977
v -0.36706 0.16287 0.18735
v -0.36706 0.16275 0.06977
v -0.33748 0.18648 0.18735
v -0.33748 0.45925 0.06977
v -0.33748 0.18648 0.18735
v -0.33748 0.18636 0.06977
v -0.33748 0.45937 0.18735
v -0.36706 0.16287 0.18735
v -0.63575 0.18891 0.18735
v -0.63575 0.15819 0.18735
v -0.33748 0.18648 0.18735
v -0.36706 0.16287 0.18735
v -0.63575 0.12747 0.18735
v -0.33748 0.12442 0.18735
v -0.63575 0.15819 0.18735
v -0.63575 -0.14144 0.18735
v -0.63575 0.12735 0.06977
v -0.63575 -0.14156 0.06977
v -0.63575 0.12747 0.18735
v -0.63575 0.15819 0.18735
v -0.63575 0.18879 0.06977
v -0.63575 0.15807 0.06977
v -0.63575 0.18891 0.18735
v -0.63575 0.12747 0.18735
v -0.63575 0.15807 0.06977
v -0.63575 0.12735 0.06977
v -0.63575 0.15819 0.18735
v -0.33748 0.12430 0.06977
v -0.33748 -0.15841 0.18735
v -0.33748 -0.15853 0.06977
v -0.33748 0.12442 0.18735
v -0.58558 0.51154 0.06977
v -0.63575 0.55316 0.18735
v -0.63575 0.55304 0.06977
v -0.58558 0.51165 0.18735
v -0.63575 0.47014 0.18735
v -0.58558 0.51154 0.06977
v -0.63575 0.47002 0.06977
v -0.58558 0.51165 0.18735
v -0.63575 0.18891 0.18735
v -0.63575 0.47002 0.06977
v -0.63575 0.18879 0.06977
v -0.63575 0.47014 0.18735
v -0.58558 0.51165 0.18735
v -0.33748 0.52649 0.18735
v -0.63575 0.55316 0.18735
v -0.35326 0.49738 0.18735
v -0.58558 0.51165 0.18735
v -0.33748 0.45937 0.18735
v -0.35326 0.49738 0.18735
v -0.63575 0.47014 0.18735
v -0.63575 0.18891 0.18735
v -0.33748 0.45937 0.18735
v -0.63575 0.47014 0.18735
v -0.33748 0.18648 0.18735
v -0.58558 0.51154 0.06977
v -0.33748 0.45925 0.06977
v -0.63575 0.47002 0.06977
v -0.35326 0.49726 0.06977
v -0.63575 0.55304 0.06977
v -0.33748 0.52637 0.06977
v -0.58558 0.51154 0.06977
v -0.35326 0.49726 0.06977
v -0.33748 0.52637 0.06977
v -0.63575 1.08760 0.06977
v -0.33748 1.12073 0.06977
v -0.63575 0.55304 0.06977
v -0.35326 0.49726 0.06977
v -0.33748 0.45937 0.18735
v -0.33748 0.45925 0.06977
v -0.35326 0.49738 0.18735
v -0.33748 0.52637 0.06977
v -0.35326 0.49738 0.18735
v -0.35326 0.49726 0.06977
v -0.33748 0.52649 0.18735
v -0.33748 1.12073 0.06977
v -0.33748 0.52649 0.18735
v -0.33748 0.52637 0.06977
v -0.33748 1.12073 0.18735
v -0.33748 -0.20450 0.06977
v -0.33748 -0.25035 0.18735
v -0.33748 -0.25047 0.06977
v -0.33748 -0.20438 0.18735
v -0.33748 -0.15853 0.06977
v -0.33748 -0.20438 0.18735
v -0.33748 -0.20450 0.06977
v -0.33748 -0.15841 0.18735
v -0.33748 0.12430 0.06977
v -0.33748 -0.15853 0.06977
v -0.63575 -0.14156 0.06977
v -0.63575 0.12735 0.06977
v -0.59160 -0.20441 0.18735
v -0.63575 -0.14156 0.06977
v -0.59160 -0.20453 0.06977
v -0.63575 -0.14144 0.18735
v -0.63575 -0.26740 0.18735
v -0.59160 -0.20453 0.06977
v -0.63575 -0.26752 0.06977
v -0.59160 -0.20441 0.18735
v -0.63575 -0.67988 0.18735
v -0.63575 -0.26752 0.06977
v -0.63575 -0.68000 0.06977
v -0.63575 -0.26740 0.18735
v -0.59160 -0.20453 0.06977
v -0.33748 -0.25047 0.06977
v -0.63575 -0.26752 0.06977
v -0.33748 -0.20450 0.06977
v -0.63575 -0.14156 0.06977
v -0.33748 -0.15853 0.06977
v -0.59160 -0.20453 0.06977
v -0.33748 -0.20450 0.06977
v 0.31629 0.05394 0.18735
v 0.01802 0.31971 0.18735
v 0.01802 0.03691 0.18735
v 0.31629 0.32283 0.18735
v -0.59160 -0.20441 0.18735
v -0.33748 -0.15841 0.18735
v -0.63575 -0.14144 0.18735
v -0.33748 -0.20438 0.18735
v -0.33748 -0.25035 0.18735
v -0.59160 -0.20441 0.18735
v -0.63575 -0.26740 0.18735
v -0.33748 -0.20438 0.18735
v -0.63575 -0.67988 0.18735
v -0.33748 -0.25035 0.18735
v -0.63575 -0.26740 0.18735
v -0.33748 -0.95639 0.18735
v -0.33748 0.52649 0.18735
v -0.63575 1.08760 0.18735
v -0.63575 0.55316 0.18735
v -0.33748 1.12073 0.18735
v -0.33748 -0.25047 0.06977
v -0.33748 -0.95651 0.06977
v -0.63575 -0.68000 0.06977
v -0.63575 -0.26752 0.06977
v -0.63575 0.55316 0.18735
v -0.63575 1.08760 0.06977
v -0.63575 0.55304 0.06977
v -0.63575 1.08760 0.18735
v -0.33748 -0.95651 0.06977
v -0.63575 -0.67988 0.18735
v -0.63575 -0.68000 0.06977
v -0.33748 -0.95639 0.18735
v -0.33748 -0.25047 0.06977
v -0.33748 -0.95639 0.18735
v -0.33748 -0.95651 0.06977
v -0.33748 -0.25035 0.18735
v -0.33748 1.12073 0.06977
v -0.63575 1.08760 0.18735
v -0.33748 1.12073 0.18735
v -0.63575 1.08760 0.06977
v -0.85106 0.07988 0.18735
v -0.88853 0.12918 0.06977
v -0.85106 0.07976 0.06977
v -0.88853 0.12930 0.18735
v -0.85106 0.04184 0.18735
v -0.85106 0.07976 0.06977
v -0.85106 0.04172 0.06977
v -0.85106 0.07988 0.18735
v -0.88853 -0.47368 0.18735
v -0.85106 0.04172 0.06977
v -0.88853 -0.47380 0.06977
v -0.85106 0.04184 0.18735
v -0.70069 0.07979 0.06977
v -0.70069 0.07991 0.18735
v -0.65654 0.02042 0.18735
v -0.65654 0.02030 0.06977
v -0.65654 0.14625 0.06977
v -0.70069 0.07991 0.18735
v -0.70069 0.07979 0.06977
v -0.65654 0.14637 0.18735
v -0.65654 1.08760 0.06977
v -0.65654 0.14637 0.18735
v -0.65654 0.14625 0.06977
v -0.65654 1.08760 0.18735
v -0.70069 0.07979 0.06977
v -0.88853 0.12918 0.06977
v -0.65654 0.14625 0.06977
v -0.85106 0.07976 0.06977
v -0.85106 0.04172 0.06977
v -0.70069 0.07979 0.06977
v -0.65654 0.02030 0.06977
v -0.85106 0.07976 0.06977
v -0.65654 0.02030 0.06977
v -0.88853 -0.47380 0.06977
v -0.85106 0.04172 0.06977
v -0.65654 -0.68001 0.06977
v -0.85106 0.04184 0.18735
v -0.70069 0.07991 0.18735
v -0.85106 0.07988 0.18735
v -0.65654 0.14637 0.18735
v -0.88853 0.12930 0.18735
v -0.65654 0.02042 0.18735
v -0.88853 0.94846 0.18735
v -0.88853 0.12930 0.18735
v -0.65654 0.14637 0.18735
v -0.65654 1.08760 0.18735
v -0.88853 -0.47368 0.18735
v -0.65654 0.02042 0.18735
v -0.85106 0.04184 0.18735
v -0.65654 -0.67989 0.18735
v -0.65654 0.14625 0.06977
v -0.88853 0.94846 0.06977
v -0.65654 1.08760 0.06977
v -0.88853 0.12918 0.06977
v -0.65654 0.02030 0.06977
v -0.65654 -0.67989 0.18735
v -0.65654 -0.68001 0.06977
v -0.65654 0.02042 0.18735
v -0.65654 1.08760 0.06977
v -0.88853 0.94846 0.06977
v -0.65654 1.08760 0.18735
v -0.88853 0.94846 0.18735
v -0.88853 0.12930 0.18735
v -0.88853 0.94846 0.06977
v -0.88853 0.12918 0.06977
v -0.88853 0.94846 0.18735
v -0.88853 -0.47380 0.06977
v -0.65654 -0.67989 0.18735
v -0.88853 -0.47368 0.18735
v -0.65654 -0.68001 0.06977
vn -1.00000 0.00000 0.00000
vn -1.00000 0.00000 0.00000
vn -1.00000 0.00000 0.00000
vn -1.00000 0.00000 -0.00000
vn -0.00000 -0.00000 -1.00000
vn -0.00000 -0.00000 -1.00000
vn -0.00000 -0.00000 -1.00000
vn -0.00000 -0.00000 -1.00000
vn -1.00000 0.00000 0.00000
vn -1.00000 -0.00002 -0.00001
vn -1.00000 -0.00000 -0.00000
vn -1.00000 -0.00003 -0.00001
vn -1.00000 0.00000 0.00000
vn -1.00000 0.00000 0.00000
vn -1.00000 0.00000 0.00000
vn -1.00000 0.00000 0.00000
vn -1.00000 0.00000 0.00000
vn -1.00000 0.00000 0.00000
vn -1.00000 0.00000 0.00000
vn -1.00000 0.00000 0.00000
vn -0.00000 -0.00000 -1.00000
vn -0.00000 -0.00000 -1.00000
vn -0.00000 -0.00000 -1.00000
vn 0.00000 -0.00000 -1.00000
vn 0.00000 -0.00000 -1.00000
vn 0.00000 -0.00000 -1.00000
vn 0.00000 -0.00000 -1.00000
vn -0.00000 0.00000 1.00000
vn -0.00000 0.00000 1.00000
vn -0.00000 0.00000 1.00000
vn -0.00000 0.00000 1.00000
vn 0.00000 -0.00000 1.00000
vn 0.00000 -0.00000 1.00000
vn 0.00000 -0.00000 1.00000
vn 0.00000 -0.00000 1.00000
vn 0.00000 0.00000 1.00000
vn 0.00000 0.00000 1.00000
vn 0.00000 0.00000 1.00000
vn 0.00000 0.00000 1.00000
vn 0.57967 -0.81485 0.00083
vn 0.57967 -0.81485 0.00083
vn 0.57967 -0.81485 0.00083
vn 0.57967 -0.81485 0.00083
vn 0.57963 0.81488 -0.00083
vn 0.57963 0.81488 -0.00083
vn 0.57963 0.81488 -0.00083
vn 0.57963 0.81488 -0.00083
vn 1.00000 -0.00000 -0.00000
vn 1.00000 -0.00000 -0.00000
vn 1.00000 -0.00000 0.00000
vn 1.00000 -0.00000 -0.00000
vn 0.00000 -0.00000 -1.00000
vn -0.00000 -0.00000 -1.00000
vn -0.00000 -0.00000 -1.00000
vn -0.00000 -0.00000 -1.00000
vn -0.00000 -0.00000 -1.00000
vn 0.00000 -0.00000 -1.00000
vn 0.00000 -0.00000 -1.00000
vn 0.00000 -0.00000 -1.00000
vn 0.00000 -0.00000 -1.00000
vn -0.00000 -0.00000 -1.00000
vn -0.00000 0.00000 1.00000
vn -0.00000 0.00000 1.00000
vn -0.00000 0.00000 1.00000
vn -0.00000 0.00000 1.00000
vn -0.79257 0.60978 -0.00062
vn -0.79257 0.60978 -0.00062
vn -0.79257 0.60978 -0.00062
vn -0.79257 0.60978 -0.00062
vn -0.91232 -0.40948 0.00042
vn -0.91232 -0.40948 0.00042
vn -0.91232 -0.40948 0.00042
vn -0.91232 -0.40948 0.00042
vn -1.00000 0.00000 0.00000
vn -1.00000 0.00000 0.00000
vn -1.00000 0.00000 0.00000
vn -1.00000 0.00000 0.00000
vn -0.00000 0.00000 1.00000
vn -0.00000 0.00000 1.00000
vn -0.00000 0.00000 1.00000
vn -0.00000 0.00000 1.00000
vn 0.00000 0.00000 1.00000
vn 0.00000 0.00000 1.00000
vn 0.00000 0.00000 1.00000
vn 0.00000 0.00000 1.00000
vn 1.00000 -0.00000 -0.00000
vn 1.00000 -0.00000 -0.00000
vn 1.00000 0.00000 0.00000
vn 1.00000 -0.00000 -0.00000
vn 1.00000 -0.00000 -0.00000
vn 1.00000 -0.00000 -0.00000
vn 1.00000 -0.00000 -0.00000
vn 1.00000 -0.00000 -0.00000
vn -1.00000 0.00000 0.00000
vn -1.00000 0.00000 0.00000
vn -1.00000 0.00000 0.00000
vn -1.00000 0.00000 0.00000
vn 0.91641 -0.40023 0.00094
vn 0.91643 -0.40019 0.00099
vn 0.91663 -0.39973 0.00153
vn 0.91621 -0.40069 0.00041
vn 0.63747 0.77048 -0.00078
vn 0.63747 0.77048 -0.00078
vn 0.63747 0.77048 -0.00078
vn 0.63747 0.77048 -0.00078
vn 1.00000 -0.00000 0.00000
vn 1.00000 -0.00000 0.00000
vn 1.00000 -0.00000 0.00000
vn 1.00000 -0.00000 0.00000
vn 0.00000 0.00000 1.00000
vn -0.00000 0.00000 1.00000
vn -0.00000 0.00000 1.00000
vn 0.00000 0.00000 1.00000
vn -0.00000 0.00000 1.00000
vn 0.00000 0.00000 1.00000
vn -0.00000 0.00000 1.00000
vn -0.00000 0.00000 1.00000
vn -0.00000 -0.00000 -1.00000
vn -0.00000 -0.00000 -1.00000
vn -0.00000 -0.00000 -1.00000
vn -0.00000 -0.00000 -1.00000
vn 0.00000 -0.00000 -1.00000
vn 0.00000 -0.00000 -1.00000
vn 0.00000 -0.00000 -1.00000
vn -0.00000 -0.00000 -1.00000
vn 0.00000 -0.00000 -1.00000
vn 0.00000 -0.00000 -1.00000
vn 0.00000 -0.00000 -1.00000
vn 0.00000 -0.00000 -1.00000
vn 0.00000 -0.00000 -1.00000
vn 0.00000 -0.00000 -1.00000
vn 0.00000 -0.00000 -1.00000
vn 0.00000 -0.00000 -1.00000
vn -1.00000 0.00000 0.00000
vn -1.00000 0.00000 0.00000
vn -1.00000 0.00000 0.00000
vn -1.00000 0.00000 0.00000
vn -1.00000 0.00000 0.00000
vn -1.00000 0.00000 0.00000
vn -1.00000 0.00000 0.00000
vn -1.00000 0.00000 0.00000
vn -1.00000 0.00000 0.00000
vn -1.00000 0.00000 0.00000
vn -1.00000 0.00000 0.00000
vn -1.00000 0.00000 0.00000
vn -1.00000 0.00000 0.00000
vn -1.00000 0.00000 0.00000
vn -1.00000 0.00000 0.00000
vn -1.00000 0.00000 0.00000
vn -1.00000 0.00000 0.00000
vn -1.00000 0.00000 0.00000
vn -1.00000 0.00000 0.00000
vn -1.00000 0.00000 0.00000
vn -0.00000 -0.00000 -1.00000
vn -0.00000 -0.00000 -1.00000
vn -0.00000 -0.00000 -1.00000
vn -0.00000 -0.00000 -1.00000
vn 0.81887 -0.57398 0.00058
vn 0.81887 -0.57398 0.00058
vn 0.81887 -0.57398 0.00058
vn 0.81887 -0.57398 0.00058
vn 0.81891 0.57393 -0.00058
vn 0.81891 0.57393 -0.00058
vn 0.81891 0.57393 -0.00058
vn 0.81891 0.57393 -0.00058
vn 1.00000 -0.00000 -0.00000
vn 1.00000 -0.00000 -0.00000
vn 1.00000 -0.00000 -0.00000
vn 1.00000 -0.00000 0.00000
vn 0.00000 -0.00000 -1.00000
vn -0.00000 -0.00000 -1.00000
vn -0.00000 -0.00000 -1.00000
vn 0.00000 -0.00000 -1.00000
vn -0.00000 0.00000 1.00000
vn -0.00000 0.00000 1.00000
vn -0.00000 0.00000 1.00000
vn -0.00000 0.00000 1.00000
vn -0.00000 0.00000 1.00000
vn 0.00000 0.00000 1.00000
vn 0.00000 0.00000 1.00000
vn -0.00000 0.00000 1.00000
vn -0.00000 0.00000 1.00000
vn -0.00000 0.00000 1.00000
vn -0.00000 0.00000 1.00000
vn -0.00000 0.00000 1.00000
vn 0.00000 0.00000 1.00000
vn 0.00000 0.00000 1.00000
vn 0.00000 0.00000 1.00000
vn -0.00000 0.00000 1.00000
vn 0.00000 -0.00000 -1.00000
vn 0.00000 -0.00000 -1.00000
vn 0.00000 -0.00000 -1.00000
vn -0.00000 -0.00000 -1.00000
vn 0.63259 -0.77448 0.00079
vn 0.63259 -0.77448 0.00079
vn 0.63259 -0.77448 0.00079
vn 0.63259 -0.77448 0.00079
vn 1.00000 -0.00000 -0.00000
vn 1.00000 -0.00000 -0.00000
vn 1.00000 -0.00000 -0.00000
vn 1.00000 -0.00000 0.00000
vn 0.12128 0.99262 -0.00000
vn 0.12128 0.99262 -0.00000
vn 0.12128 0.99262 -0.00000
vn 0.12128 0.99262 -0.00000
vn -1.00000 0.00000 -0.00001
vn -1.00000 0.00000 -0.00001
vn -1.00000 0.00000 -0.00001
vn -1.00000 0.00000 -0.00001
vn 1.00000 -0.00000 -0.00000
vn 1.00000 -0.00000 -0.00000
vn 1.00000 -0.00000 -0.00000
vn 1.00000 -0.00000 -0.00000
vn -0.00000 -0.00000 -1.00000
vn -0.00000 -0.00000 -1.00000
vn -0.00000 -0.00000 -1.00000
vn -0.63711 -0.77077 0.00078
vn -0.63711 -0.77077 0.00078
vn -0.63711 -0.77077 0.00078
vn -0.63711 -0.77077 0.00078
vn -0.63697 0.77089 -0.00078
vn -0.63697 0.77089 -0.00078
vn -0.63697 0.77089 -0.00078
vn -0.63697 0.77089 -0.00078
vn 0.00000 0.00000 1.00000
vn 0.00000 0.00000 1.00000
vn -0.00000 0.00000 1.00000
vn 0.00000 0.00000 1.00000
vn -0.00000 0.00000 1.00000
vn 0.00000 0.00000 1.00000
vn -0.00000 0.00000 1.00000
vn 0.00000 0.00000 1.00000
vn 0.00000 0.00000 1.00000
vn -0.00000 0.00000 1.00000
vn -0.00000 0.00000 1.00000
vn 0.00000 0.00000 1.00000
vn 1.00000 -0.00000 0.00000
vn 1.00000 -0.00000 0.00000
vn 1.00000 -0.00000 0.00000
vn 1.00000 -0.00000 0.00000
vn 0.00000 -0.00000 -1.00000
vn -0.00000 -0.00000 -1.00000
vn 0.00000 -0.00000 -1.00000
vn -0.00000 -0.00000 -1.00000
vn -0.00000 -0.00000 -1.00000
vn -0.00000 0.00000 -1.00000
vn -0.00000 -0.00000 -1.00000
vn -0.00000 0.00000 -1.00000
vn 0.00000 -0.00000 -1.00000
vn 0.00000 -0.00000 -1.00000
vn 0.00000 -0.00000 -1.00000
vn 0.00000 -0.00000 -1.00000
vn 1.00000 0.00000 0.00000
vn 1.00000 0.00000 0.00000
vn 1.00000 0.00000 0.00000
vn 1.00000 0.00000 0.00000
vn 1.00000 0.00000 0.00000
vn 1.00000 0.00000 0.00000
vn 1.00000 0.00000 0.00000
vn 1.00000 0.00000 0.00000
vn 1.00000 -0.00000 0.00000
vn 1.00000 -0.00000 0.00000
vn 1.00000 -0.00000 0.00000
vn 1.00000 -0.00000 0.00000
vn 1.00000 0.00000 0.00000
vn 1.00000 0.00000 0.00000
vn 1.00000 0.00000 0.00000
vn 1.00000 0.00000 0.00000
vn 1.00000 -0.00000 0.00000
vn 1.00000 -0.00000 0.00000
vn 1.00000 -0.00000 0.00000
vn 1.00000 -0.00000 0.00000
vn 0.00000 -0.00000 -1.00000
vn 0.00000 -0.00000 -1.00000
vn 0.00000 -0.00000 -1.00000
vn 0.00000 -0.00000 -1.00000
vn -0.68308 -0.73035 0.00074
vn -0.68308 -0.73035 0.00074
vn -0.68308 -0.73035 0.00074
vn -0.68308 -0.73035 0.00074
vn -0.64097 0.76756 -0.00078
vn -0.64097 0.76756 -0.00078
vn -0.64097 0.76756 -0.00078
vn -0.64097 0.76756 -0.00078
vn -1.00000 0.00000 -0.00000
vn -1.00000 0.00000 -0.00000
vn -1.00000 0.00000 -0.00000
vn -1.00000 0.00000 -0.00000
vn -0.00000 -0.00000 -1.00000
vn -0.00000 -0.00000 -1.00000
vn -0.00000 -0.00000 -1.00000
vn 0.00000 -0.00000 -1.00000
vn 0.00000 -0.00000 -1.00000
vn 0.00000 -0.00000 -1.00000
vn 0.00000 -0.00000 -1.00000
vn 0.00000 -0.00000 -1.00000
vn -0.00000 0.00000 1.00000
vn -0.00000 0.00000 1.00000
vn 0.00000 0.00000 1.00000
vn -0.00000 0.00000 1.00000
vn 0.00000 -0.00000 1.00000
vn 0.00000 0.00000 1.00000
vn 0.00000 -0.00000 1.00000
vn 0.00000 0.00000 1.00000
vn 0.00000 0.00000 1.00000
vn -0.00000 0.00000 1.00000
vn -0.00000 0.00000 1.00000
vn 0.00000 0.00000 1.00000
vn -0.00000 0.00000 1.00000
vn -0.00000 0.00000 1.00000
vn -0.00000 0.00000 1.00000
vn -0.00000 0.00000 1.00000
vn -0.00000 0.00000 1.00000
vn -0.00000 0.00000 1.00000
vn -0.00000 0.00000 1.00000
vn -0.00000 0.00000 1.00000
vn 0.00000 -0.00000 -1.00000
vn 0.00000 -0.00000 -1.00000
vn -0.00000 -0.00000 -1.00000
vn 0.00000 -0.00000 -1.00000
vn -1.00000 0.00000 -0.00000
vn -1.00000 0.00000 -0.00000
vn -1.00000 0.00000 -0.00000
vn -1.00000 0.00000 -0.00000
vn 0.73125 -0.68211 0.00069
vn 0.73125 -0.68211 0.00069
vn 0.73125 -0.68211 0.00069
vn 0.73125 -0.68211 0.00069
vn 1.00000 -0.00000 0.00000
vn 1.00000 -0.00000 0.00000
vn 1.00000 -0.00000 0.00000
vn 1.00000 -0.00000 0.00000
vn 0.44870 0.89368 -0.00000
vn 0.44870 0.89368 -0.00000
vn 0.44870 0.89368 -0.00000
vn 0.44870 0.89368 -0.00000
vn -0.63708 -0.77080 0.00078
vn -0.63708 -0.77080 0.00078
vn -0.63708 -0.77080 0.00078
vn -0.63708 -0.77080 0.00078
vn -0.63695 0.77090 -0.00078
vn -0.63695 0.77090 -0.00078
vn -0.63695 0.77090 -0.00078
vn -0.63695 0.77090 -0.00078
vn -0.00000 0.00000 1.00000
vn -0.00000 0.00000 1.00000
vn -0.00000 0.00000 1.00000
vn -0.00000 0.00000 1.00000
vn 0.00000 0.00000 1.00000
vn 0.00000 -0.00000 1.00000
vn 0.00000 0.00000 1.00000
vn 0.00000 -0.00000 1.00000
vn 0.00000 0.00000 1.00000
vn -0.00000 -0.00000 1.00000
vn -0.00000 -0.00000 1.00000
vn 0.00000 0.00000 1.00000
vn 1.00000 -0.00000 0.00000
vn 1.00000 -0.00000 0.00000
vn 1.00000 -0.00000 0.00000
vn 1.00000 -0.00000 0.00000
vn 0.00000 -0.00000 -1.00000
vn 0.00000 -0.00000 -1.00000
vn 0.00000 -0.00000 -1.00000
vn 0.00000 -0.00000 -1.00000
vn -0.00000 -0.00000 -1.00000
vn -0.00000 -0.00000 -1.00000
vn -0.00000 -0.00000 -1.00000
vn -0.00000 -0.00000 -1.00000
vn -0.00000 -0.00000 -1.00000
vn 0.00000 -0.00000 -1.00000
vn -0.00000 -0.00000 -1.00000
vn -0.00000 -0.00000 -1.00000
vn 1.00000 0.00000 0.00000
vn 1.00000 0.00000 0.00000
vn 1.00000 0.00000 0.00000
vn 1.00000 0.00000 0.00000
vn 1.00000 0.00000 0.00000
vn 1.00000 0.00000 0.00000
vn 1.00000 0.00000 0.00000
vn 1.00000 0.00000 0.00000
vn 1.00000 -0.00000 0.00000
vn 1.00000 -0.00000 0.00000
vn 1.00000 -0.00000 0.00000
vn 1.00000 -0.00000 -0.00000
vn 0.80718 0.59031 -0.00060
vn 0.80718 0.59031 -0.00060
vn 0.80718 0.59031 -0.00060
vn 0.80718 0.59031 -0.00060
vn 0.60051 -0.79962 0.00081
vn 0.60051 -0.79962 0.00081
vn 0.60051 -0.79962 0.00081
vn 0.60051 -0.79962 0.00081
vn 0.00000 -0.00000 -1.00000
vn 0.00000 -0.00000 -1.00000
vn 0.00000 -0.00000 -1.00000
vn 0.00000 -0.00000 -1.00000
vn -0.68309 -0.73034 0.00074
vn -0.68309 -0.73034 0.00074
vn -0.68309 -0.73034 0.00074
vn -0.68309 -0.73034 0.00074
vn -0.64097 0.76757 -0.00078
vn -0.64097 0.76757 -0.00078
vn -0.64097 0.76757 -0.00078
vn -0.64097 0.76757 -0.00078
vn -1.00000 0.00000 0.00000
vn -1.00000 0.00000 0.00000
vn -1.00000 0.00000 0.00000
vn -1.00000 0.00000 -0.00000
vn 0.00000 -0.00000 -1.00000
vn -0.00000 -0.00000 -1.00000
vn 0.00000 -0.00000 -1.00000
vn -0.00000 -0.00000 -1.00000
vn -0.00000 -0.00000 -1.00000
vn 0.00000 -0.00000 -1.00000
vn -0.00000 -0.00000 -1.00000
vn 0.00000 -0.00000 -1.00000
vn -1.00000 0.00000 -0.00000
vn -1.00000 0.00000 -0.00000
vn -1.00000 0.00000 -0.00000
vn -1.00000 0.00000 -0.00000
vn 0.00000 0.00000 1.00000
vn 0.00000 0.00000 1.00000
vn 0.00000 0.00000 1.00000
vn 0.00000 0.00000 1.00000
vn 0.00000 0.00000 1.00000
vn 0.00000 0.00000 1.00000
vn 0.00000 0.00000 1.00000
vn 0.00000 0.00000 1.00000
vn -0.00000 0.00000 1.00000
vn 0.00000 0.00000 1.00000
vn -0.00000 0.00000 1.00000
vn -0.00000 0.00000 1.00000
vn -0.00000 0.00000 1.00000
vn -0.00000 0.00000 1.00000
vn -0.00000 0.00000 1.00000
vn -0.00000 0.00000 1.00000
vn 0.00000 -0.00000 -1.00000
vn 0.00000 -0.00000 -1.00000
vn 0.00000 -0.00000 -1.00000
vn -0.00000 -0.00000 -1.00000
vn -1.00000 0.00000 0.00000
vn -1.00000 0.00000 0.00000
vn -1.00000 0.00000 -0.00000
vn -1.00000 0.00000 0.00000
vn 0.69072 -0.72312 0.00074
vn 0.69072 -0.72312 0.00074
vn 0.69072 -0.72312 0.00074
vn 0.69072 -0.72312 0.00074
vn 1.00000 -0.00000 0.00000
vn 1.00000 -0.00000 0.00000
vn 1.00000 -0.00000 0.00000
vn 1.00000 -0.00000 0.00000
vn 0.18306 0.98310 0.00000
vn 0.18306 0.98310 -0.00000
vn 0.18306 0.98310 0.00000
vn 0.18306 0.98310 -0.00000
vn 1.00000 -0.00000 -0.00000
vn 1.00000 -0.00000 -0.00000
vn 1.00000 -0.00000 -0.00000
vn 1.00000 -0.00000 -0.00000
vn 1.00000 -0.00000 -0.00000
vn 1.00000 -0.00000 -0.00000
vn 1.00000 -0.00000 -0.00000
vn 1.00000 -0.00000 -0.00000
vn 1.00000 -0.00000 -0.00000
vn 1.00000 -0.00000 -0.00000
vn 1.00000 -0.00000 -0.00000
vn 1.00000 -0.00000 -0.00000
vn -0.00000 -0.00000 -1.00000
vn -0.00000 -0.00000 -1.00000
vn -0.00000 -0.00000 -1.00000
vn -0.00000 -0.00000 -1.00000
vn 0.00000 -0.00000 -1.00000
vn 0.00000 -0.00000 -1.00000
vn 0.00000 -0.00000 -1.00000
vn 0.00000 -0.00000 -1.00000
vn 0.00000 0.00000 1.00000
vn 0.00000 0.00000 1.00000
vn 0.00000 0.00000 1.00000
vn 0.00000 0.00000 1.00000
vn -0.00000 0.00000 1.00000
vn -0.00000 0.00000 1.00000
vn 0.00000 0.00000 1.00000
vn -0.00000 0.00000 1.00000
vn -0.00000 0.00000 1.00000
vn -0.00000 0.00000 1.00000
vn -0.00000 0.00000 1.00000
vn 0.00000 0.00000 1.00000
vn -0.00000 -0.00000 -1.00000
vn 0.00000 -0.00000 -1.00000
vn -0.00000 -0.00000 -1.00000
vn 0.00000 -0.00000 -1.00000
vn -0.60960 0.79271 -0.00096
vn -0.60993 0.79246 -0.00118
vn -0.61017 0.79227 -0.00133
vn -0.60935 0.79290 -0.00081
vn -0.92486 -0.38031 0.00108
vn -0.92470 -0.38070 0.00064
vn -0.92485 -0.38034 0.00105
vn -0.92500 -0.37996 0.00149
vn -1.00000 0.00000 0.00000
vn -1.00000 0.00000 -0.00000
vn -1.00000 0.00000 0.00000
vn -1.00000 0.00000 0.00000
vn -0.00000 -0.00000 -1.00000
vn 0.00000 -0.00000 -1.00000
vn 0.00000 -0.00000 -1.00000
vn 0.00000 -0.00000 -1.00000
vn -0.00000 -0.00000 -1.00000
vn 0.00000 -0.00000 -1.00000
vn -0.00000 -0.00000 1.00000
vn -0.00000 -0.00000 1.00000
vn -0.00000 -0.00000 1.00000
vn -0.00000 -0.00000 1.00000
vn 0.79258 -0.60977 0.00062
vn 0.79258 -0.60977 0.00062
vn 0.79258 -0.60977 0.00062
vn 0.79258 -0.60977 0.00062
vn 0.91238 0.40935 -0.00042
vn 0.91238 0.40935 -0.00042
vn 0.91238 0.40935 -0.00042
vn 0.91238 0.40935 -0.00042
vn 1.00000 -0.00000 -0.00000
vn 1.00000 -0.00000 -0.00000
vn 1.00000 -0.00000 -0.00000
vn 1.00000 -0.00000 -0.00000
vn 0.00000 0.00000 1.00000
vn -0.00000 0.00000 1.00000
vn -0.00000 0.00000 1.00000
vn 0.00000 0.00000 1.00000
vn 0.00000 -0.00000 1.00000
vn 0.00000 -0.00000 1.00000
vn 0.00000 -0.00000 1.00000
vn 0.00000 -0.00000 1.00000
vn -1.00000 0.00000 0.00000
vn -1.00000 0.00000 0.00000
vn -1.00000 0.00000 0.00000
vn -1.00000 0.00000 0.00000
vn -1.00000 0.00000 0.00000
vn -1.00000 0.00000 0.00000
vn -1.00000 0.00000 0.00000
vn -1.00000 0.00000 0.00000
vn 1.00000 -0.00000 -0.00000
vn 1.00000 -0.00000 -0.00000
vn 1.00000 -0.00000 -0.00000
vn 1.00000 -0.00000 -0.00000
vn -0.63760 0.77037 -0.00078
vn -0.63760 0.77037 -0.00078
vn -0.63760 0.77037 -0.00078
vn -0.63760 0.77037 -0.00078
vn -0.63763 -0.77034 0.00078
vn -0.63763 -0.77034 0.00078
vn -0.63763 -0.77034 0.00078
vn -0.63763 -0.77034 0.00078
vn -1.00000 0.00000 0.00000
vn -1.00000 0.00000 -0.00000
vn -1.00000 0.00000 0.00000
vn -1.00000 0.00000 0.00000
vn -0.00000 0.00000 1.00000
vn -0.00000 0.00000 1.00000
vn -0.00000 0.00000 1.00000
vn -0.00000 0.00000 1.00000
vn -0.00000 0.00000 1.00000
vn 0.00000 0.00000 1.00000
vn -0.00000 -0.00000 -1.00000
vn -0.00000 -0.00000 -1.00000
vn -0.00000 -0.00000 -1.00000
vn -0.00000 -0.00000 -1.00000
vn 0.00000 -0.00000 -1.00000
vn -0.00000 -0.00000 -1.00000
vn -0.00000 -0.00000 -1.00000
vn -0.00000 -0.00000 -1.00000
vn -0.00000 -0.00000 -1.00000
vn -0.00000 -0.00000 -1.00000
vn 0.00000 -0.00000 -1.00000
vn 0.00000 -0.00000 -1.00000
vn 0.00000 -0.00000 -1.00000
vn 0.00000 -0.00000 -1.00000
vn 1.00000 -0.00000 -0.00000
vn 1.00000 -0.00000 -0.00000
vn 1.00000 -0.00000 -0.00000
vn 1.00000 -0.00000 -0.00000
vn 1.00000 -0.00000 -0.00000
vn 1.00000 -0.00000 -0.00000
vn 1.00000 -0.00000 -0.00000
vn 1.00000 -0.00000 -0.00000
vn 1.00000 -0.00000 -0.00000
vn 1.00000 -0.00000 -0.00000
vn 1.00000 -0.00000 -0.00000
vn 1.00000 -0.00000 -0.00000
vn 1.00000 -0.00000 -0.00000
vn 1.00000 -0.00000 -0.00000
vn 1.00000 -0.00000 -0.00000
vn 1.00000 -0.00000 -0.00000
vn 1.00000 -0.00000 -0.00000
vn 1.00000 -0.00000 -0.00000
vn 1.00000 -0.00000 -0.00000
vn 1.00000 -0.00000 -0.00000
vn -0.00000 -0.00000 -1.00000
vn -0.00000 -0.00000 -1.00000
vn -0.00000 -0.00000 -1.00000
vn -0.00000 -0.00000 -1.00000
vn -0.81884 0.57402 -0.00058
vn -0.81884 0.57402 -0.00058
vn -0.81884 0.57402 -0.00058
vn -0.81884 0.57402 -0.00058
vn -0.81881 -0.57407 0.00058
vn -0.81881 -0.57407 0.00058
vn -0.81881 -0.57407 0.00058
vn -0.81881 -0.57407 0.00058
vn -1.00000 0.00000 0.00000
vn -1.00000 0.00000 0.00000
vn -1.00000 0.00000 0.00000
vn -1.00000 0.00000 -0.00000
vn 0.00000 -0.00000 -1.00000
vn 0.00000 -0.00000 -1.00000
vn 0.00000 -0.00000 -1.00000
vn 0.00000 -0.00000 -1.00000
vn -0.00000 0.00000 1.00000
vn -0.00000 0.00000 1.00000
vn -0.00000 0.00000 1.00000
vn -0.00000 0.00000 1.00000
vn -0.00000 0.00000 1.00000
vn -0.00000 -0.00000 1.00000
vn -0.00000 -0.00000 1.00000
vn -0.00000 0.00000 1.00000
vn -0.00000 0.00000 1.00000
vn -0.00000 0.00000 1.00000
vn -0.00000 0.00000 1.00000
vn -0.00000 0.00000 1.00000
vn -0.00000 0.00000 1.00000
vn -0.00000 0.00000 1.00000
vn -0.00000 0.00000 1.00000
vn -0.00000 0.00000 1.00000
vn -0.00000 0.00000 1.00000
vn -0.00000 0.00000 1.00000
vn -0.00000 0.00000 1.00000
vn 0.00000 0.00000 1.00000
vn -0.00000 -0.00000 -1.00000
vn -0.00000 -0.00000 -1.00000
vn -0.00000 -0.00000 -1.00000
vn -0.00000 -0.00000 -1.00000
vn -0.09947 0.99504 -0.00000
vn -0.09947 0.99504 -0.00000
vn -0.09947 0.99504 -0.00000
vn -0.09947 0.99504 -0.00000
vn -1.00000 0.00000 0.00000
vn -1.00000 0.00000 0.00000
vn -1.00000 0.00000 0.00000
vn -1.00000 0.00000 -0.00000
vn -0.54271 -0.83992 0.00085
vn -0.54271 -0.83992 0.00085
vn -0.54271 -0.83992 0.00085
vn -0.54271 -0.83992 0.00085
vn 1.00000 -0.00000 -0.00000
vn 1.00000 -0.00000 -0.00000
vn 1.00000 -0.00000 -0.00000
vn 1.00000 -0.00000 -0.00000
vn -1.00000 0.00000 0.00000
vn -1.00000 0.00000 0.00000
vn -1.00000 0.00000 0.00000
vn -1.00000 0.00000 0.00000
vn 0.00000 -0.00000 -1.00000
vn 0.00000 -0.00000 -1.00000
vn 0.00000 -0.00000 -1.00000
vn 0.00000 -0.00000 -1.00000
vn 0.00000 -0.00000 -1.00000
vn -0.00000 -0.00000 -1.00000
vn 0.00000 -0.00000 -1.00000
vn -0.00000 -0.00000 -1.00000
vn 0.00000 -0.00000 -1.00000
vn 0.00000 -0.00000 -1.00000
vn 0.00000 -0.00000 -1.00000
vn 0.00000 -0.00000 -1.00000
vn 0.79253 0.60984 -0.00062
vn 0.79253 0.60984 -0.00062
vn 0.79253 0.60983 -0.00062
vn 0.79253 0.60984 -0.00062
vn 0.62372 -0.78165 0.00079
vn 0.62372 -0.78165 0.00079
vn 0.62372 -0.78165 0.00079
vn 0.62372 -0.78165 0.00079
vn 1.00000 -0.00000 -0.00000
vn 1.00000 -0.00000 -0.00000
vn 1.00000 -0.00000 -0.00000
vn 1.00000 -0.00000 0.00000
vn -0.00000 -0.00000 1.00000
vn 0.00000 -0.00000 1.00000
vn 0.00000 -0.00000 1.00000
vn -0.00000 -0.00000 1.00000
vn -0.00000 0.00000 1.00000
vn 0.00000 0.00000 1.00000
vn -0.00000 0.00000 1.00000
vn 0.00000 0.00000 1.00000
vn -1.00000 0.00000 -0.00000
vn -1.00000 0.00000 -0.00000
vn -1.00000 0.00000 -0.00000
vn -1.00000 0.00000 -0.00000
vn -1.00000 0.00000 -0.00000
vn -1.00000 0.00000 -0.00000
vn -1.00000 0.00000 -0.00000
vn -1.00000 0.00000 -0.00000
vn -1.00000 0.00000 0.00000
vn -1.00000 0.00000 0.00000
vn -1.00000 0.00000 0.00000
vn -1.00000 0.00000 0.00000
vn 1.00000 -0.00000 -0.00000
vn 1.00000 -0.00000 -0.00000
vn 1.00000 -0.00000 0.00000
vn 1.00000 -0.00000 -0.00000
vn -0.63744 -0.77050 0.00078
vn -0.63744 -0.77050 0.00078
vn -0.63744 -0.77050 0.00078
vn -0.63744 -0.77050 0.00078
vn -0.63755 0.77041 -0.00078
vn -0.63755 0.77041 -0.00078
vn -0.63755 0.77041 -0.00078
vn -0.63755 0.77041 -0.00078
vn -1.00000 0.00000 -0.00000
vn -1.00000 0.00000 -0.00000
vn -1.00000 0.00000 -0.00000
vn -1.00000 0.00000 -0.00000
vn 0.00000 0.00000 1.00000
vn 0.00000 -0.00000 1.00000
vn 0.00000 0.00000 1.00000
vn 0.00000 -0.00000 1.00000
vn -0.00000 -0.00000 1.00000
vn 0.00000 0.00000 1.00000
vn 0.00000 0.00000 1.00000
vn -0.00000 -0.00000 1.00000
vn -0.00000 0.00000 1.00000
vn -0.00000 0.00000 1.00000
vn -0.00000 0.00000 1.00000
vn -0.00000 0.00000 1.00000
vn 0.00000 -0.00000 -1.00000
vn 0.00000 -0.00000 -1.00000
vn 0.00000 -0.00000 -1.00000
vn 0.00000 -0.00000 -1.00000
vn -0.00000 -0.00000 -1.00000
vn -0.00000 -0.00000 -1.00000
vn -0.00000 -0.00000 -1.00000
vn -0.00000 -0.00000 -1.00000
vn 0.00000 -0.00000 -1.00000
vn 0.00000 -0.00000 -1.00000
vn 0.00000 -0.00000 -1.00000
vn 0.00000 -0.00000 -1.00000
vn 0.92357 0.38342 -0.00039
vn 0.92357 0.38342 -0.00039
vn 0.92357 0.38342 -0.00039
vn 0.92357 0.38342 -0.00039
vn 0.87910 -0.47664 0.00049
vn 0.87910 -0.47664 0.00048
vn 0.87910 -0.47664 0.00049
vn 0.87910 -0.47664 0.00048
vn 1.00000 -0.00000 -0.00000
vn 1.00000 -0.00000 -0.00000
vn 1.00000 -0.00000 0.00000
vn 1.00000 -0.00000 -0.00000
vn 1.00000 -0.00000 0.00000
vn 1.00000 -0.00000 0.00000
vn 1.00000 -0.00000 0.00000
vn 1.00000 -0.00000 0.00000
vn 1.00000 -0.00000 0.00000
vn 1.00000 -0.00000 0.00000
vn 1.00000 -0.00000 0.00000
vn 1.00000 -0.00000 0.00000
vn 0.00000 -0.00000 -1.00000
vn 0.00000 -0.00000 -1.00000
vn 0.00000 -0.00000 -1.00000
vn 0.00000 -0.00000 -1.00000
vn -0.81883 -0.57403 0.00058
vn -0.81883 -0.57403 0.00058
vn -0.81883 -0.57403 0.00058
vn -0.81883 -0.57403 0.00058
vn -0.81891 0.57392 -0.00058
vn -0.81891 0.57392 -0.00058
vn -0.81891 0.57392 -0.00058
vn -0.81891 0.57392 -0.00058
vn -1.00000 0.00000 -0.00000
vn -1.00000 0.00000 -0.00000
vn -1.00000 0.00000 -0.00000
vn -1.00000 0.00000 -0.00000
vn 0.00000 -0.00000 -1.00000
vn 0.00000 -0.00000 -1.00000
vn 0.00000 -0.00000 -1.00000
vn 0.00000 -0.00000 -1.00000
vn -0.00000 -0.00000 -1.00000
vn 0.00000 -0.00000 -1.00000
vn -0.00000 -0.00000 -1.00000
vn 0.00000 -0.00000 -1.00000
vn 0.00000 0.00000 1.00000
vn 0.00000 0.00000 1.00000
vn 0.00000 0.00000 1.00000
vn 0.00000 0.00000 1.00000
vn -0.00000 -0.00000 1.00000
vn -0.00000 -0.00000 1.00000
vn -0.00000 -0.00000 1.00000
vn 0.00000 -0.00000 1.00000
vn 0.00000 0.00000 1.00000
vn 0.00000 0.00000 1.00000
vn 0.00000 0.00000 1.00000
vn 0.00000 0.00000 1.00000
vn 0.00000 0.00000 1.00000
vn 0.00000 0.00000 1.00000
vn 0.00000 0.00000 1.00000
vn 0.00000 0.00000 1.00000
vn -0.00000 0.00000 1.00000
vn 0.00000 0.00000 1.00000
vn -0.00000 0.00000 1.00000
vn 0.00000 0.00000 1.00000
vn 0.00000 -0.00000 -1.00000
vn 0.00000 -0.00000 -1.00000
vn 0.00000 -0.00000 -1.00000
vn 0.00000 -0.00000 -1.00000
vn -1.00000 0.00000 -0.00000
vn -1.00000 0.00000 -0.00000
vn -1.00000 0.00000 -0.00000
vn -1.00000 0.00000 -0.00000
vn -0.67985 -0.73335 0.00075
vn -0.67985 -0.73335 0.00075
vn -0.67985 -0.73335 0.00075
vn -0.67985 -0.73335 0.00075
vn 1.00000 -0.00000 -0.00000
vn 1.00000 -0.00000 -0.00000
vn 1.00000 -0.00000 -0.00000
vn 1.00000 -0.00000 0.00000
vn -0.11039 0.99389 -0.00000
vn -0.11039 0.99389 -0.00000
vn -0.11039 0.99389 -0.00000
vn -0.11039 0.99389 -0.00000
vn -0.79683 -0.60420 0.00061
vn -0.79683 -0.60420 0.00061
vn -0.79683 -0.60420 0.00061
vn -0.79683 -0.60420 0.00061
vn -1.00000 0.00000 0.00000
vn -1.00000 0.00000 0.00000
vn -1.00000 0.00000 0.00000
vn -1.00000 0.00000 0.00000
vn -0.99737 0.07251 -0.00007
vn -0.99737 0.07251 -0.00007
vn -0.99737 0.07251 -0.00007
vn -0.99737 0.07251 -0.00007
vn 0.80308 0.59587 -0.00061
vn 0.80308 0.59587 -0.00061
vn 0.80308 0.59587 -0.00061
vn 0.80308 0.59587 -0.00061
vn 0.83297 -0.55332 0.00056
vn 0.83297 -0.55332 0.00056
vn 0.83297 -0.55332 0.00056
vn 0.83297 -0.55332 0.00056
vn 1.00000 -0.00000 0.00000
vn 1.00000 -0.00000 0.00000
vn 1.00000 -0.00000 0.00000
vn 1.00000 -0.00000 0.00000
vn -0.00000 0.00000 -1.00000
vn -0.00000 0.00000 -1.00000
vn -0.00000 0.00000 -1.00000
vn -0.00000 0.00000 -1.00000
vn -0.00000 -0.00000 -1.00000
vn 0.00000 -0.00000 -1.00000
vn 0.00000 -0.00000 -1.00000
vn -0.00000 -0.00000 -1.00000
vn 0.00000 -0.00000 -1.00000
vn 0.00000 -0.00000 -1.00000
vn 0.00000 -0.00000 -1.00000
vn 0.00000 -0.00000 -1.00000
vn -0.00000 0.00000 1.00000
vn 0.00000 0.00000 1.00000
vn -0.00000 0.00000 1.00000
vn 0.00000 0.00000 1.00000
vn -0.00000 0.00000 1.00000
vn 0.00000 0.00000 1.00000
vn 0.00000 0.00000 1.00000
vn 0.00000 0.00000 1.00000
vn 0.00000 0.00000 1.00000
vn 0.00000 0.00000 1.00000
vn 0.00000 0.00000 1.00000
vn 0.00000 0.00000 1.00000
vn -0.00000 0.00000 1.00000
vn 0.00000 0.00000 1.00000
vn -0.00000 -0.00000 -1.00000
vn -0.00000 -0.00000 -1.00000
vn -0.00000 -0.00000 -1.00000
vn -0.00000 -0.00000 -1.00000
vn 1.00000 -0.00000 0.00000
vn 1.00000 -0.00000 0.00000
vn 1.00000 -0.00000 0.00000
vn 1.00000 -0.00000 0.00000
vn -0.51436 0.85758 -0.00000
vn -0.51436 0.85758 -0.00000
vn -0.51436 0.85758 -0.00000
vn -0.51436 0.85758 -0.00000
vn -1.00000 0.00000 -0.00000
vn -1.00000 0.00000 -0.00000
vn -1.00000 0.00000 -0.00000
vn -1.00000 0.00000 -0.00000
vn -0.66436 -0.74741 0.00076
vn -0.66436 -0.74741 0.00076
vn -0.66436 -0.74741 0.00076
vn -0.66436 -0.74741 0.00076
f 2487//2487 2488//2488 2489//2489
f 2488//2488 2487//2487 2490//2490
f 2491//2491 2492//2492 2493//2493
f 2492//2492 2491//2491 2494//2494
f 2495//2495 2496//2496 2497//2497
f 2498//2498 2497//2497 2496//2496
f 2499//2499 2500//2500 2501//2501
f 2502//2502 2501//2501 2500//2500
f 2503//2503 2504//2504 2505//2505
f 2505//2505 2506//2506 2503//2503
f 2507//2507 2508//2508 2509//2509
f 2510//2510 2511//2511 2512//2512
f 2511//2511 2510//2510 2513//2513
f 2514//2514 2515//2515 2516//2516
f 2515//2515 2514//2514 2517//2517
f 2518//2518 2519//2519 2520//2520
f 2520//2520 2521//2521 2518//2518
f 2522//2522 2523//2523 2524//2524
f 2523//2523 2522//2522 2525//2525
f 2526//2526 2527//2527 2528//2528
f 2529//2529 2527//2527 2526//2526
f 2530//2530 2531//2531 2532//2532
f 2531//2531 2530//2530 2533//2533
f 2534//2534 2535//2535 2536//2536
f 2535//2535 2534//2534 2537//2537
f 2538//2538 2539//2539 2540//2540
f 2538//2538 2540//2540 2541//2541
f 2538//2538 2542//2542 2539//2539
f 2542//2542 2538//2538 2543//2543
f 2544//2544 2545//2545 2546//2546
f 2545//2545 2544//2544 2547//2547
f 2548//2548 2549//2549 2550//2550
f 2548//2548 2550//2550 2551//2551
f 2552//2552 2553//2553 2554//2554
f 2555//2555 2554//2554 2553//2553
f 2556//2556 2557//2557 2558//2558
f 2559//2559 2558//2558 2557//2557
f 2560//2560 2561//2561 2562//2562
f 2562//2562 2563//2563 2560//2560
f 2564//2564 2565//2565 2566//2566
f 2565//2565 2564//2564 2567//2567
f 2568//2568 2569//2569 2570//2570
f 2569//2569 2568//2568 2571//2571
f 2572//2572 2573//2573 2574//2574
f 2573//2573 2572//2572 2575//2575
f 2576//2576 2577//2577 2578//2578
f 2577//2577 2576//2576 2579//2579
f 2580//2580 2581//2581 2582//2582
f 2582//2582 2583//2583 2580//2580
f 2584//2584 2585//2585 2586//2586
f 2585//2585 2584//2584 2587//2587
f 2588//2588 2589//2589 2590//2590
f 2589//2589 2588//2588 2591//2591
f 2592//2592 2593//2593 2594//2594
f 2593//2593 2592//2592 2595//2595
f 2596//2596 2597//2597 2598//2598
f 2598//2598 2599//2599 2596//2596
f 2600//2600 2601//2601 2602//2602
f 2600//2600 2602//2602 2603//2603
f 2604//2604 2605//2605 2606//2606
f 2605//2605 2604//2604 2607//2607
f 2608//2608 2609//2609 2610//2610
f 2608//2608 2610//2610 2611//2611
f 2612//2612 2613//2613 2614//2614
f 2613//2613 2612//2612 2615//2615
f 2616//2616 2617//2617 2618//2618
f 2617//2617 2616//2616 2619//2619
f 2620//2620 2621//2621 2622//2622
f 2623//2623 2622//2622 2621//2621
f 2624//2624 2625//2625 2626//2626
f 2627//2627 2626//2626 2625//2625
f 2628//2628 2629//2629 2630//2630
f 2630//2630 2631//2631 2628//2628
f 2632//2632 2633//2633 2634//2634
f 2635//2635 2634//2634 2633//2633
f 2636//2636 2637//2637 2638//2638
f 2639//2639 2638//2638 2637//2637
f 2640//2640 2641//2641 2642//2642
f 2641//2641 2640//2640 2643//2643
f 2644//2644 2645//2645 2646//2646
f 2645//2645 2644//2644 2647//2647
f 2648//2648 2649//2649 2650//2650
f 2649//2649 2648//2648 2651//2651
f 2652//2652 2653//2653 2654//2654
f 2653//2653 2652//2652 2655//2655
f 2656//2656 2657//2657 2658//2658
f 2656//2656 2658//2658 2659//2659
f 2660//2660 2661//2661 2662//2662
f 2661//2661 2660//2660 2663//2663
f 2664//2664 2665//2665 2666//2666
f 2666//2666 2667//2667 2664//2664
f 2668//2668 2669//2669 2670//2670
f 2668//2668 2670//2670 2671//2671
f 2672//2672 2673//2673 2674//2674
f 2673//2673 2672//2672 2675//2675
f 2676//2676 2677//2677 2678//2678
f 2679//2679 2678//2678 2677//2677
f 2680//2680 2681//2681 2682//2682
f 2680//2680 2682//2682 2683//2683
f 2684//2684 2685//2685 2686//2686
f 2685//2685 2684//2684 2687//2687
f 2688//2688 2689//2689 2690//2690
f 2688//2688 2691//2691 2689//2689
f 2692//2692 2693//2693 2694//2694
f 2694//2694 2695//2695 2692//2692
f 2696//2696 2697//2697 2698//2698
f 2697//2697 2696//2696 2699//2699
f 2508//2508 2507//2507 2700//2700
f 2508//2508 2701//2701 2509//2509
f 2701//2701 2508//2508 2702//2702
f 2703//2703 2704//2704 2705//2705
f 2704//2704 2703//2703 2706//2706
f 2707//2707 2708//2708 2709//2709
f 2708//2708 2707//2707 2710//2710
f 2711//2711 2712//2712 2713//2713
f 2712//2712 2711//2711 2714//2714
f 2715//2715 2716//2716 2717//2717
f 2716//2716 2715//2715 2718//2718
f 2719//2719 2720//2720 2721//2721
f 2720//2720 2719//2719 2722//2722
f 2723//2723 2724//2724 2725//2725
f 2726//2726 2724//2724 2723//2723
f 2727//2727 2728//2728 2729//2729
f 2728//2728 2727//2727 2730//2730
f 2731//2731 2732//2732 2733//2733
f 2734//2734 2733//2733 2732//2732
f 2735//2735 2736//2736 2737//2737
f 2737//2737 2738//2738 2735//2735
f 2739//2739 2740//2740 2741//2741
f 2739//2739 2742//2742 2740//2740
f 2743//2743 2744//2744 2745//2745
f 2743//2743 2746//2746 2744//2744
f 2747//2747 2748//2748 2749//2749
f 2750//2750 2748//2748 2747//2747
f 2751//2751 2752//2752 2753//2753
f 2751//2751 2754//2754 2752//2752
f 2755//2755 2756//2756 2757//2757
f 2755//2755 2758//2758 2756//2756
f 2759//2759 2760//2760 2761//2761
f 2761//2761 2762//2762 2759//2759
f 2763//2763 2764//2764 2765//2765
f 2764//2764 2763//2763 2766//2766
f 2767//2767 2768//2768 2769//2769
f 2769//2769 2770//2770 2767//2767
f 2771//2771 2772//2772 2773//2773
f 2772//2772 2771//2771 2774//2774
f 2775//2775 2776//2776 2777//2777
f 2776//2776 2775//2775 2778//2778
f 2779//2779 2780//2780 2781//2781
f 2782//2782 2781//2781 2780//2780
f 2783//2783 2784//2784 2785//2785
f 2784//2784 2783//2783 2786//2786
f 2787//2787 2788//2788 2789//2789
f 2788//2788 2787//2787 2790//2790
f 2791//2791 2792//2792 2793//2793
f 2792//2792 2791//2791 2794//2794
f 2795//2795 2796//2796 2797//2797
f 2795//2795 2798//2798 2796//2796
f 2799//2799 2800//2800 2801//2801
f 2800//2800 2799//2799 2802//2802
f 2803//2803 2804//2804 2805//2805
f 2804//2804 2803//2803 2806//2806
f 2807//2807 2808//2808 2809//2809
f 2808//2808 2807//2807 2810//2810
f 2811//2811 2812//2812 2813//2813
f 2814//2814 2812//2812 2811//2811
f 2815//2815 2816//2816 2817//2817
f 2818//2818 2816//2816 2815//2815
f 2819//2819 2820//2820 2821//2821
f 2822//2822 2819//2819 2821//2821
f 2823//2823 2824//2824 2825//2825
f 2824//2824 2823//2823 2826//2826
f 2827//2827 2828//2828 2829//2829
f 2828//2828 2827//2827 2830//2830
f 2831//2831 2832//2832 2833//2833
f 2832//2832 2831//2831 2834//2834
f 2835//2835 2836//2836 2837//2837
f 2836//2836 2835//2835 2838//2838
f 2839//2839 2840//2840 2841//2841
f 2840//2840 2839//2839 2842//2842
f 2843//2843 2844//2844 2845//2845
f 2846//2846 2844//2844 2843//2843
f 2847//2847 2848//2848 2849//2849
f 2848//2848 2847//2847 2850//2850
f 2851//2851 2852//2852 2853//2853
f 2854//2854 2853//2853 2852//2852
f 2855//2855 2856//2856 2857//2857
f 2857//2857 2858//2858 2855//2855
f 2859//2859 2860//2860 2861//2861
f 2859//2859 2862//2862 2860//2860
f 2863//2863 2864//2864 2865//2865
f 2863//2863 2865//2865 2866//2866
f 2867//2867 2868//2868 2869//2869
f 2868//2868 2867//2867 2870//2870
f 2871//2871 2872//2872 2873//2873
f 2871//2871 2873//2873 2874//2874
f 2875//2875 2876//2876 2877//2877
f 2876//2876 2875//2875 2878//2878
f 2879//2879 2880//2880 2881//2881
f 2882//2882 2879//2879 2881//2881
f 2883//2883 2884//2884 2885//2885
f 2884//2884 2883//2883 2886//2886
f 2887//2887 2888//2888 2889//2889
f 2888//2888 2887//2887 2890//2890
f 2891//2891 2892//2892 2893//2893
f 2892//2892 2891//2891 2894//2894
f 2895//2895 2896//2896 2897//2897
f 2896//2896 2895//2895 2898//2898
f 2899//2899 2900//2900 2901//2901
f 2900//2900 2899//2899 2902//2902
f 2903//2903 2904//2904 2905//2905
f 2904//2904 2903//2903 2906//2906
f 2907//2907 2908//2908 2909//2909
f 2910//2910 2908//2908 2907//2907
f 2911//2911 2912//2912 2913//2913
f 2912//2912 2911//2911 2914//2914
f 2915//2915 2916//2916 2917//2917
f 2915//2915 2917//2917 2918//2918
f 2919//2919 2920//2920 2921//2921
f 2920//2920 2919//2919 2922//2922
f 2923//2923 2924//2924 2925//2925
f 2924//2924 2923//2923 2926//2926
f 2927//2927 2928//2928 2929//2929
f 2928//2928 2927//2927 2930//2930
f 2931//2931 2932//2932 2933//2933
f 2932//2932 2931//2931 2934//2934
f 2935//2935 2936//2936 2937//2937
f 2938//2938 2936//2936 2935//2935
f 2939//2939 2940//2940 2941//2941
f 2940//2940 2939//2939 2942//2942
f 2943//2943 2944//2944 2945//2945
f 2944//2944 2943//2943 2946//2946
f 2947//2947 2948//2948 2949//2949
f 2948//2948 2947//2947 2950//2950
f 2951//2951 2952//2952 2953//2953
f 2952//2952 2951//2951 2954//2954
f 2955//2955 2956//2956 2957//2957
f 2957//2957 2958//2958 2955//2955
f 2959//2959 2960//2960 2961//2961
f 2960//2960 2959//2959 2962//2962
f 2963//2963 2964//2964 2965//2965
f 2964//2964 2963//2963 2966//2966
f 2967//2967 2968//2968 2969//2969
f 2968//2968 2967//2967 2970//2970
f 2971//2971 2972//2972 2973//2973
f 2972//2972 2971//2971 2974//2974
f 2975//2975 2976//2976 2977//2977
f 2975//2975 2978//2978 2976//2976
f 2979//2979 2980//2980 2981//2981
f 2982//2982 2980//2980 2979//2979
f 2983//2983 2984//2984 2985//2985
f 2986//2986 2983//2983 2985//2985
f 2987//2987 2988//2988 2989//2989
f 2989//2989 2990//2990 2987//2987
f 2991//2991 2976//2976 2992//2992
f 2976//2976 2991//2991 2977//2977
f 2993//2993 2994//2994 2995//2995
f 2994//2994 2993//2993 2996//2996
f 2997//2997 2998//2998 2999//2999
f 2997//2997 3000//3000 2998//2998
f 3001//3001 3002//3002 3003//3003
f 3002//3002 3001//3001 3004//3004
f 3005//3005 3006//3006 3007//3007
f 3006//3006 3005//3005 3008//3008
f 3009//3009 3010//3010 3011//3011
f 3010//3010 3009//3009 3012//3012
f 3013//3013 3014//3014 3015//3015
f 3014//3014 3013//3013 3016//3016
f 3017//3017 3018//3018 3019//3019
f 3018//3018 3017//3017 3020//3020
f 3021//3021 3022//3022 3023//3023
f 3024//3024 3023//3023 3022//3022
f 3025//3025 3026//3026 3027//3027
f 3028//3028 3027//3027 3026//3026
f 3029//3029 3030//3030 3031//3031
f 3030//3030 3029//3029 3032//3032
f 3033//3033 3034//3034 3035//3035
f 3036//3036 3034//3034 3033//3033
f 3037//3037 3038//3038 3039//3039
f 3040//3040 3038//3038 3037//3037
f 3041//3041 3042//3042 3043//3043
f 3043//3043 3044//3044 3041//3041
f 3045//3045 3046//3046 3047//3047
f 3046//3046 3045//3045 3048//3048
f 3049//3049 3047//3047 3046//3046
f 3050//3050 3047//3047 3049//3049
f 3051//3051 3052//3052 3053//3053
f 3054//3054 3055//3055 3052//3052
f 3052//3052 3051//3051 3056//3056
f 3052//3052 3056//3056 3054//3054
f 3057//3057 3058//3058 3059//3059
f 3058//3058 3057//3057 3060//3060
f 3061//3061 3062//3062 3063//3063
f 3062//3062 3061//3061 3064//3064
f 3065//3065 3066//3066 3067//3067
f 3066//3066 3065//3065 3068//3068
f 3069//3069 3070//3070 3071//3071
f 3070//3070 3069//3069 3072//3072
f 3073//3073 3074//3074 3075//3075
f 3074//3074 3073//3073 3076//3076
f 3077//3077 3078//3078 3079//3079
f 3078//3078 3077//3077 3080//3080
f 3081//3081 3082//3082 3083//3083
f 3082//3082 3081//3081 3084//3084
f 3085//3085 3086//3086 3087//3087
f 3086//3086 3085//3085 3088//3088
f 3089//3089 3090//3090 3091//3091
f 3092//3092 3091//3091 3090//3090
f 3093//3093 3094//3094 3095//3095
f 3096//3096 3095//3095 3094//3094
f 3097//3097 3098//3098 3099//3099
f 3099//3099 3100//3100 3097//3097
f 3101//3101 3102//3102 3103//3103
f 3103//3103 3104//3104 3101//3101
f 3105//3105 3106//3106 3107//3107
f 3106//3106 3105//3105 3108//3108
f 3109//3109 3110//3110 3111//3111
f 3110//3110 3109//3109 3112//3112
f 3113//3113 3114//3114 3115//3115
f 3113//3113 3116//3116 3114//3114
f 3117//3117 3118//3118 3119//3119
f 3120//3120 3118//3118 3117//3117
f 3121//3121 3122//3122 3123//3123
f 3123//3123 3122//3122 3124//3124
f 3125//3125 3126//3126 3127//3127
f 3125//3125 3128//3128 3126//3126
f 3129//3129 3130//3130 3131//3131
f 3129//3129 3132//3132 3130//3130
f 3133//3133 3134//3134 3135//3135
f 3135//3135 3136//3136 3133//3133
f 3137//3137 3138//3138 3139//3139
f 3138//3138 3137//3137 3140//3140
f 3141//3141 3142//3142 3143//3143
f 3142//3142 3141//3141 3144//3144
f 3145//3145 3146//3146 3147//3147
f 3147//3147 3148//3148 3145//3145
f 3149//3149 3150//3150 3151//3151
f 3152//3152 3151//3151 3150//3150
f 3153//3153 3154//3154 3155//3155
f 3154//3154 3153//3153 3156//3156
f 3157//3157 3158//3158 3159//3159
f 3160//3160 3157//3157 3159//3159
f 3161//3161 3162//3162 3163//3163
f 3161//3161 3164//3164 3162//3162
f 3165//3165 3166//3166 3167//3167
f 3166//3166 3165//3165 3168//3168
f 3169//3169 3170//3170 3171//3171
f 3172//3172 3170//3170 3169//3169
f 3173//3173 3174//3174 3175//3175
f 3176//3176 3174//3174 3173//3173
f 3177//3177 3178//3178 3179//3179
f 3178//3178 3177//3177 3180//3180
f 3181//3181 3182//3182 3183//3183
f 3182//3182 3181//3181 3184//3184
f 3185//3185 3186//3186 3187//3187
f 3186//3186 3185//3185 3188//3188
f 3189//3189 3190//3190 3191//3191
f 3190//3190 3189//3189 3192//3192
f 3193//3193 3194//3194 3195//3195
f 3196//3196 3194//3194 3193//3193
f 3197//3197 3198//3198 3199//3199
f 3198//3198 3197//3197 3200//3200
f 3201//3201 3202//3202 3203//3203
f 3202//3202 3201//3201 3204//3204
f 3205//3205 3206//3206 3207//3207
f 3206//3206 3205//3205 3208//3208
f 3209//3209 3210//3210 3211//3211
f 3210//3210 3209//3209 3212//3212
f 3213//3213 3214//3214 3215//3215
f 3214//3214 3213//3213 3216//3216
f 3217//3217 3218//3218 3219//3219
f 3218//3218 3217//3217 3220//3220
f 3221//3221 3222//3222 3223//3223
f 3222//3222 3221//3221 3224//3224
f 3225//3225 3226//3226 3227//3227
f 3227//3227 3226//3226 3228//3228
f 3229//3229 3230//3230 3231//3231
f 3230//3230 3229//3229 3232//3232
f 3233//3233 3234//3234 3235//3235
f 3233//3233 3236//3236 3234//3234
f 3237//3237 3238//3238 3239//3239
f 3237//3237 3240//3240 3238//3238
f 3241//3241 3242//3242 3243//3243
f 3244//3244 3242//3242 3241//3241
f 3245//3245 3246//3246 3247//3247
f 3245//3245 3248//3248 3246//3246
f 3249//3249 3250//3250 3251//3251
f 3249//3249 3252//3252 3250//3250
f 3253//3253 3254//3254 3255//3255
f 3256//3256 3253//3253 3255//3255
f 3257//3257 3258//3258 3259//3259
f 3258//3258 3257//3257 3260//3260
f 3261//3261 3262//3262 3263//3263
f 3262//3262 3261//3261 3264//3264
f 3265//3265 3266//3266 3267//3267
f 3266//3266 3265//3265 3268//3268
f 3269//3269 3270//3270 3271//3271
f 3270//3270 3269//3269 3272//3272
f 3273//3273 3274//3274 3275//3275
f 3276//3276 3275//3275 3274//3274
f 3277//3277 3278//3278 3279//3279
f 3278//3278 3277//3277 3280//3280
f 3281//3281 3282//3282 3283//3283
f 3282//3282 3281//3281 3284//3284
f 3285//3285 3286//3286 3287//3287
f 3286//3286 3285//3285 3288//3288
f 3289//3289 3290//3290 3291//3291
f 3290//3290 3289//3289 3292//3292
f 3293//3293 3294//3294 3295//3295
f 3294//3294 3293//3293 3296//3296
f 3297//3297 3298//3298 3299//3299
f 3300//3300 3297//3297 3299//3299
f 3301//3301 3302//3302 3303//3303
f 3302//3302 3301//3301 3304//3304
f 3305//3305 3306//3306 3307//3307
f 3306//3306 3305//3305 3308//3308
f 3309//3309 3310//3310 3311//3311
f 3312//3312 3310//3310 3309//3309
f 3313//3313 3314//3314 3315//3315
f 3314//3314 3313//3313 3316//3316
f 3317//3317 3318//3318 3319//3319
f 3318//3318 3317//3317 3320//3320
f 3321//3321 3322//3322 3323//3323
f 3322//3322 3321//3321 3324//3324
f 3325//3325 3326//3326 3327//3327
f 3326//3326 3325//3325 3328//3328
f 3329//3329 3330//3330 3331//3331
f 3329//3329 3331//3331 3332//3332
f 3333//3333 3334//3334 3335//3335
f 3333//3333 3336//3336 3334//3334
f 3337//3337 3338//3338 3339//3339
f 3340//3340 3338//3338 3337//3337
f 3341//3341 3342//3342 3343//3343
f 3342//3342 3341//3341 3344//3344
f 3345//3345 3346//3346 3347//3347
f 3346//3346 3345//3345 3348//3348
f 3349//3349 3350//3350 3351//3351
f 3349//3349 3352//3352 3350//3350
f 3353//3353 3354//3354 3355//3355
f 3356//3356 3357//3357 3354//3354
f 3354//3354 3353//3353 3358//3358
f 3354//3354 3357//3357 3355//3355
f 3359//3359 3360//3360 3361//3361
f 3361//3361 3362//3362 3359//3359
f 3363//3363 3364//3364 3365//3365
f 3364//3364 3363//3363 3366//3366
f 3367//3367 3368//3368 3369//3369
f 3368//3368 3367//3367 3370//3370
f 3371//3371 3372//3372 3373//3373
f 3374//3374 3372//3372 3371//3371
f 3375//3375 3376//3376 3377//3377
f 3378//3378 3377//3377 3376//3376
f 3379//3379 3380//3380 3381//3381
f 3380//3380 3379//3379 3382//3382
f 3383//3383 3384//3384 3385//3385
f 3384//3384 3383//3383 3386//3386
