# lava crack ribbons + hot spots, 2642 tris. UV.x = across (0 edge,0.5 core,1 edge), UV.y = metres along
# generated by gen_layout.py (box). x is negated for Unity OBJ import.
v -1.8316 0.0459 -5.5041
v -1.7684 0.0458 -5.4959
v -2.0095 0.0432 -4.9113
v -1.7448 0.0426 -4.8987
v -2.0432 0.0404 -4.3118
v -1.6705 0.0396 -4.2989
v -2.1566 0.0386 -3.7294
v -1.6804 0.0381 -3.6876
v -2.1443 0.0375 -3.0982
v -1.7791 0.0372 -3.1220
v -1.9487 0.0363 -2.4967
v -1.7337 0.0362 -2.5479
v -1.7076 0.0352 -1.9368
v -1.6605 0.0351 -1.9496
v -5.6532 -0.0182 8.1144
v -5.6631 -0.0181 8.1016
v -5.1628 0.0032 7.7659
v -5.2050 0.0033 7.7149
v -4.7012 0.0246 7.3777
v -4.7677 0.0247 7.3082
v -4.2760 0.0383 6.9605
v -4.3585 0.0397 6.8629
v -3.7802 0.0461 6.6396
v -3.8650 0.0478 6.5048
v -3.2564 0.0462 6.3411
v -3.3479 0.0471 6.2060
v -2.7733 0.0445 5.9627
v -2.8901 0.0444 5.8396
v -2.3747 0.0445 5.5090
v -2.4962 0.0438 5.3923
v -1.9454 0.0428 5.0920
v -2.0570 0.0424 4.9812
v -1.5452 0.0405 4.6533
v -1.6365 0.0403 4.5443
v -1.0692 0.0389 4.3197
v -1.1066 0.0387 4.2237
v -0.4918 0.0385 4.2028
v -0.5006 0.0383 4.1421
v 0.0999 0.0382 4.1165
v 0.0986 0.0382 4.0808
v 0.6982 0.0384 4.1349
v 0.6986 0.0384 4.1264
v 4.4255 0.1787 22.6270
v 4.4307 0.1774 22.6742
v 3.8187 0.1670 22.6195
v 3.8449 0.1695 22.8147
v 3.2123 0.1638 22.6520
v 3.2658 0.1692 22.9683
v 2.6306 0.1656 22.6927
v 2.6668 0.1894 23.1422
v 2.0756 0.1477 22.6250
v 2.0220 0.1788 23.1870
v 1.4967 0.1296 22.4979
v 1.4185 0.1455 23.1095
v 0.9323 0.1160 22.4370
v 0.7870 0.1300 23.0707
v 0.4202 0.1066 22.2451
v 0.1793 0.1084 22.8314
v -0.1232 0.0995 22.0232
v -0.3768 0.0936 22.5725
v -0.6268 0.0984 21.7977
v -0.9523 0.0888 22.2729
v -1.0669 0.1103 21.4607
v -1.3916 0.0993 21.7935
v -1.4933 0.1375 21.0698
v -1.8028 0.1265 21.3253
v -1.8256 0.1591 20.5714
v -2.1555 0.1453 20.8383
v -2.2133 0.1645 20.1397
v -2.5882 0.1412 20.3942
v -2.4507 0.1861 19.6170
v -2.8619 0.1488 19.8313
v -2.7324 0.1907 19.0912
v -3.1775 0.1560 19.3163
v -2.9588 0.1614 18.5833
v -3.4354 0.1296 18.7262
v -3.0861 0.1331 18.0236
v -3.5080 0.1277 18.1027
v -3.2332 0.1099 17.4392
v -3.6032 0.1200 17.5118
v -3.3410 0.0792 16.8680
v -3.7152 0.0962 16.9033
v -3.3435 0.0372 16.3124
v -3.7177 0.0379 16.2589
v -3.1757 -0.0026 15.7494
v -3.5445 -0.0092 15.6714
v -3.0882 -0.0222 15.1363
v -3.4784 -0.0343 15.0944
v -3.0349 -0.0215 14.5311
v -3.4288 -0.0304 14.5040
v -2.9946 -0.0063 13.9181
v -3.4071 -0.0012 13.9186
v -3.0225 0.0025 13.2799
v -3.4443 0.0120 13.3586
v -3.2301 0.0138 12.6908
v -3.6079 0.0160 12.8065
v -3.4343 0.0294 12.1013
v -3.7348 0.0322 12.2426
v -3.8043 0.0579 11.5730
v -4.0422 0.0568 11.7803
v -4.2578 0.0568 11.1525
v -4.4772 0.0526 11.3943
v -4.6895 0.0398 10.7578
v -4.9341 0.0309 10.9826
v -5.0355 0.0208 10.3057
v -5.3168 0.0086 10.4812
v -5.2914 -0.0115 9.7939
v -5.5971 -0.0238 9.9195
v -5.4713 -0.0290 9.2434
v -5.7910 -0.0398 9.3297
v -5.5846 -0.0269 8.6959
v -5.9288 -0.0337 8.7038
v -5.4988 -0.0158 8.1649
v -5.8175 -0.0201 8.0511
v -5.2422 0.0034 7.6677
v -5.4764 0.0005 7.5077
v -4.8952 0.0243 7.2005
v -5.0714 0.0233 7.0398
v -4.4741 0.0402 6.7864
v -4.6299 0.0418 6.6197
v -4.0536 0.0485 6.3772
v -4.1602 0.0490 6.2241
v -3.5432 0.0483 6.0860
v -3.6071 0.0481 5.9595
v -3.0223 0.0447 5.8071
v -3.0493 0.0445 5.7126
v -2.4378 0.0449 5.7094
v -2.4401 0.0448 5.6871
v -18.3741 0.1864 16.7051
v -18.3944 0.1865 16.7197
v -18.6823 0.1698 16.1965
v -18.7885 0.1704 16.2553
v -18.8743 0.1644 15.6200
v -19.0485 0.1650 15.7202
v -19.2174 0.1722 15.1059
v -19.4395 0.1722 15.2849
v -19.5642 0.1489 14.6298
v -19.8646 0.1460 14.8423
v -19.8784 0.0887 14.0986
v -20.1595 0.0908 14.3396
v -20.3756 0.0327 13.6960
v -20.5909 0.0387 13.9821
v -20.8927 -0.0012 13.3482
v -21.0614 0.0029 13.6481
v -21.4675 -0.0323 13.1239
v -21.5820 -0.0287 13.3824
v -22.0233 -0.0491 12.8964
v -22.1251 -0.0492 13.1278
v -22.5681 -0.0619 12.6440
v -22.6783 -0.0574 12.8962
v -23.1068 -0.0593 12.3975
v -23.2408 -0.0615 12.6659
v -23.5996 -0.0628 12.1096
v -23.7913 -0.0674 12.3608
v -23.9824 -0.0755 11.7030
v -24.2555 -0.0793 11.9174
v -24.2738 -0.0850 11.2210
v -24.5890 -0.0889 11.3749
v -24.5000 -0.0804 10.6954
v -24.7870 -0.0829 10.7780
v -24.6525 -0.0750 10.1397
v -24.8715 -0.0752 10.1573
v -24.6558 -0.0562 9.5588
v -24.8222 -0.0551 9.5391
v -24.5700 -0.0537 8.9684
v -24.6739 -0.0525 8.9526
v -24.5468 -0.0568 8.3651
v -24.5699 -0.0566 8.3626
v -22.1500 -0.0332 11.8871
v -22.1723 -0.0337 11.9015
v -22.4444 -0.0268 11.3436
v -22.5288 -0.0290 11.4368
v -22.9759 -0.0552 11.0148
v -23.0643 -0.0516 11.2165
v -23.5428 -0.0831 10.7585
v -23.6243 -0.0711 11.0605
v -24.1465 -0.0793 10.6159
v -24.2021 -0.0797 10.9930
v -24.7323 -0.0809 10.5468
v -24.8081 -0.0841 10.9219
v -25.2880 -0.0765 10.3911
v -25.4051 -0.0777 10.7442
v -25.8428 -0.0614 10.2178
v -25.9739 -0.0649 10.4962
v -26.3501 -0.0469 9.9520
v -26.5073 -0.0487 10.1644
v -26.7908 -0.0450 9.5590
v -26.9422 -0.0429 9.7369
v -27.2683 -0.0563 9.2189
v -27.4144 -0.0551 9.3434
v -27.5771 -0.0788 8.7185
v -27.6782 -0.0777 8.7892
v -28.0136 -0.0928 8.2942
v -28.0357 -0.0917 8.3138
v -26.9743 -0.0362 10.1917
v -26.9950 -0.0355 10.2136
v -27.3704 -0.0422 9.7374
v -27.4702 -0.0374 9.8427
v -27.7457 -0.0566 9.3124
v -27.9655 -0.0488 9.4418
v -27.8426 -0.0788 8.7460
v -28.1686 -0.0739 8.8464
v -28.0189 -0.0964 8.1640
v -28.3976 -0.0770 8.2988
v -28.2081 -0.1023 7.6338
v -28.6076 -0.0783 7.6974
v -28.2243 -0.1008 7.0699
v -28.5629 -0.0799 7.0617
v -28.2665 -0.0859 6.4676
v -28.4910 -0.0784 6.4643
v -28.2901 -0.0669 5.8732
v -28.4611 -0.0627 5.8587
v -28.2203 -0.0506 5.2734
v -28.3356 -0.0455 5.2745
v -28.3733 -0.0226 4.6814
v -28.3989 -0.0218 4.6861
v -18.5996 0.2442 19.6592
v -18.6513 0.2443 19.6689
v -18.6078 0.2256 19.0651
v -18.8648 0.2254 19.0836
v -18.4979 0.2165 18.5119
v -18.9242 0.2179 18.4380
v -18.2620 0.2005 17.9541
v -18.8042 0.2060 17.8497
v -18.1668 0.1947 17.3437
v -18.8041 0.1872 17.2640
v -18.0774 0.1880 16.7323
v -18.6912 0.1806 16.6926
v -18.1629 0.1656 16.1158
v -18.6541 0.1677 16.1100
v -18.1503 0.1407 15.5091
v -18.5902 0.1566 15.5192
v -18.2035 0.1183 14.8764
v -18.6687 0.1518 14.9591
v -18.3302 0.0998 14.3067
v -18.8293 0.1280 14.3637
v -18.3202 0.0756 13.6654
v -18.8225 0.0859 13.8051
v -18.6715 0.0595 13.0423
v -19.1050 0.0681 13.4092
v -19.1799 0.0482 12.5938
v -19.4968 0.0550 13.0643
v -19.7623 0.0317 12.3386
v -19.9880 0.0386 12.7835
v -20.3204 0.0051 12.0730
v -20.4966 0.0013 12.4996
v -20.9269 -0.0346 11.8717
v -21.0338 -0.0323 12.3373
v -21.5306 -0.0465 11.7737
v -21.6177 -0.0490 12.2634
v -22.1280 -0.0257 11.6376
v -22.1943 -0.0448 12.1510
v -22.7245 -0.0360 11.5873
v -22.7964 -0.0546 12.1432
v -23.2784 -0.0531 11.4571
v -23.4164 -0.0589 12.0247
v -23.8732 -0.0728 11.2671
v -23.9787 -0.0734 11.8965
v -24.5046 -0.0879 11.2023
v -24.5449 -0.0847 11.8848
v -25.0650 -0.0837 11.1970
v -25.1827 -0.0746 11.8252
v -25.5905 -0.0745 11.0651
v -25.7976 -0.0675 11.5837
v -26.1033 -0.0686 10.8217
v -26.3686 -0.0616 11.3119
v -26.5252 -0.0522 10.5610
v -26.9707 -0.0402 10.9470
v -26.7383 -0.0425 10.0293
v -27.2310 -0.0277 10.3760
v -27.1759 -0.0460 9.6118
v -27.6713 -0.0267 9.9754
v -27.3798 -0.0602 9.1762
v -27.9845 -0.0538 9.3281
v -27.3915 -0.0756 8.6284
v -28.0289 -0.0812 8.6772
v -27.4573 -0.0938 7.9367
v -28.0904 -0.0937 8.1757
v -27.8875 -0.1030 7.3220
v -28.3531 -0.0896 7.8106
v -28.4990 -0.0835 6.9824
v -28.7535 -0.0744 7.5054
v -29.0986 -0.0680 6.7992
v -29.2859 -0.0733 7.2901
v -29.6297 -0.0655 6.5701
v -29.8644 -0.0647 7.0624
v -30.1391 -0.0556 6.2874
v -30.4086 -0.0457 6.7707
v -30.7114 -0.0382 6.0045
v -30.8787 -0.0387 6.4591
v -31.3383 -0.0276 5.9105
v -31.4309 -0.0355 6.3301
v -31.9447 -0.0160 5.8345
v -31.9880 -0.0241 6.1121
v -32.5633 0.0114 5.9062
v -32.5670 0.0102 5.9659
v 2.4808 0.0378 -3.0011
v 2.5192 0.0378 -2.9989
v 2.3812 0.0368 -2.4086
v 2.5476 0.0370 -2.3935
v 2.2663 0.0358 -1.8098
v 2.5181 0.0362 -1.8010
v 2.2666 0.0351 -1.2060
v 2.5784 0.0357 -1.2063
v 2.2414 0.0346 -0.6090
v 2.5453 0.0352 -0.6048
v 2.2686 0.0345 -0.0043
v 2.5438 0.0351 -0.0097
v 2.2679 0.0347 0.6008
v 2.5663 0.0353 0.5849
v 2.3090 0.0352 1.2244
v 2.6314 0.0357 1.1566
v 2.4901 0.0362 1.8052
v 2.8349 0.0366 1.7125
v 2.5833 0.0370 2.3893
v 2.9789 0.0375 2.3047
v 2.7032 0.0380 2.9583
v 3.1239 0.0385 2.9061
v 2.7362 0.0390 3.5444
v 3.1201 0.0394 3.5197
v 2.8158 0.0400 4.1721
v 3.1656 0.0400 4.0854
v 3.0404 0.0400 4.7658
v 3.3880 0.0404 4.6054
v 3.3149 0.0401 5.3184
v 3.6707 0.0412 5.1156
v 3.6115 0.0369 5.8210
v 4.0046 0.0390 5.6340
v 3.7733 0.0344 6.3584
v 4.2371 0.0364 6.2299
v 3.8723 0.0381 6.9039
v 4.3831 0.0309 6.8592
v 3.8277 0.0425 7.5169
v 4.3904 0.0316 7.4456
v 3.9798 0.0417 8.1524
v 4.5733 0.0325 7.9623
v 4.1865 0.0433 8.7090
v 4.7636 0.0361 8.5382
v 4.3506 0.0451 9.2297
v 4.8828 0.0390 9.1836
v 4.3108 0.0378 9.8212
v 4.8441 0.0350 9.7895
v 4.4008 0.0334 10.3705
v 4.9743 0.0294 10.4198
v 4.1886 0.0350 10.8743
v 4.7680 0.0407 11.0407
v 4.0501 0.0627 11.4892
v 4.6645 0.0662 11.6012
v 3.9517 0.0934 12.0472
v 4.5746 0.1125 12.2283
v 3.7141 0.1312 12.5532
v 4.3359 0.1584 12.8237
v 3.4298 0.1470 13.1413
v 4.1391 0.1759 13.3350
v 3.3347 0.1759 13.8083
v 4.0900 0.1948 13.8593
v 3.3705 0.2148 14.4563
v 4.0367 0.2189 14.4112
v 3.4981 0.2359 15.0819
v 4.0879 0.2347 14.9722
v 3.6126 0.2387 15.6587
v 4.2335 0.2402 15.5668
v 3.6438 0.2521 16.2818
v 4.2928 0.2650 16.1404
v 3.8386 0.2681 16.8871
v 4.5134 0.3006 16.6608
v 3.9373 0.2796 17.4431
v 4.7620 0.3087 17.2535
v 3.9901 0.2807 18.0110
v 4.8986 0.2975 17.8705
v 4.0796 0.2675 18.5726
v 4.9867 0.2830 18.4957
v 4.0980 0.2508 19.1813
v 4.9930 0.2735 19.0868
v 4.2108 0.2388 19.7891
v 5.1067 0.2671 19.6574
v 4.2718 0.2261 20.3362
v 5.1681 0.2539 20.3040
v 4.2531 0.2120 20.9264
v 5.1504 0.2301 20.9133
v 4.3140 0.1990 21.5196
v 5.1607 0.2092 21.5179
v 4.3090 0.1882 22.0099
v 5.0993 0.1886 22.2258
v 4.0819 0.1755 22.3835
v 4.7743 0.1669 22.9177
v 3.5999 0.1646 22.7801
v 4.3658 0.1648 23.3254
v 3.2834 0.1825 23.4283
v 4.2135 0.1674 23.7819
v 3.0448 0.1857 23.9477
v 4.0687 0.1549 24.3996
v 2.8412 0.1791 24.2916
v 3.6908 0.1258 25.1054
v 2.5294 0.1796 24.4554
v 2.9790 0.1416 25.5678
v 2.0140 0.1716 24.5547
v 2.3230 0.1571 25.7294
v 1.4874 0.1564 24.7592
v 1.7016 0.1521 25.8740
v 0.8923 0.1371 24.8852
v 1.1009 0.1346 25.8493
v 0.3449 0.1140 25.0911
v 0.5177 0.0988 26.0456
v -0.2013 0.0969 25.0814
v -0.1359 0.0842 26.0751
v -0.8382 0.0815 25.1450
v -0.6911 0.0819 26.1489
v -1.4841 0.0666 25.1824
v -1.2266 0.0937 26.3219
v -2.0894 0.0567 25.2599
v -1.7783 0.1286 26.5627
v -2.6671 0.0592 25.3954
v -2.3766 0.1275 26.6661
v -3.2784 0.0539 25.6129
v -2.9283 0.1126 26.7443
v -3.8639 0.0392 25.8479
v -3.4696 0.1061 26.9222
v -4.3465 0.0467 26.0803
v -4.1133 0.0996 27.1037
v -4.8575 0.0607 26.1595
v -4.7968 0.0821 27.1396
v -5.4031 0.0758 26.1157
v -5.4507 0.0735 27.2165
v -5.9568 0.0803 25.9654
v -6.0893 0.0849 27.2304
v -6.6708 0.0939 25.9217
v -6.5699 0.0823 27.1606
v -7.3356 0.0981 26.1786
v -7.0655 0.0824 27.2090
v -7.9471 0.0906 26.3749
v -7.6151 0.0837 27.3160
v -8.5268 0.0931 26.6142
v -8.1297 0.0978 27.5691
v -8.9335 0.1249 26.7738
v -8.8438 0.0973 27.8382
v -9.3076 0.1593 26.6741
v -9.6465 0.1349 27.7028
v -9.8109 0.1922 26.4216
v -10.2292 0.1675 27.4448
v -10.4010 0.2278 26.2091
v -10.7717 0.1879 27.2609
v -10.9631 0.2347 25.9970
v -11.3405 0.2042 27.0717
v -11.4800 0.2211 25.8120
v -11.9571 0.2032 26.8628
v -11.8797 0.2006 25.5578
v -12.6001 0.2004 26.5229
v -12.2293 0.1658 25.1776
v -13.1165 0.1827 26.0724
v -12.6108 0.1367 24.8219
v -13.5730 0.1774 25.5692
v -12.9174 0.1335 24.4277
v -13.8911 0.1701 24.9389
v -13.1376 0.1315 23.9729
v -14.1595 0.1657 24.2976
v -13.1672 0.1420 23.3870
v -14.3634 0.1615 23.7065
v -13.3200 0.1355 22.7420
v -14.5951 0.1639 23.2147
v -13.6239 0.1346 22.1434
v -14.7405 0.1798 22.7006
v -14.0448 0.1242 21.6033
v -14.9387 0.1894 22.2127
v -14.4658 0.1204 21.0760
v -15.2484 0.1691 21.7881
v -14.9861 0.1369 20.5819
v -15.6070 0.1656 21.4651
v -15.6094 0.1484 20.2483
v -16.0500 0.1742 21.2484
v -16.2188 0.1675 20.0451
v -16.5664 0.1732 21.0363
v -16.8109 0.1884 19.9542
v -17.1130 0.1991 20.7484
v -17.3840 0.2102 19.8011
v -17.6425 0.2248 20.4281
v -17.9834 0.2394 19.6770
v -18.1591 0.2491 20.1109
v -18.6055 0.2429 19.6160
v -18.6454 0.2455 19.7121
v 2.5081 0.0268 -11.9662
v 2.5274 0.0270 -11.9689
v 2.5589 0.0277 -11.3673
v 2.6433 0.0276 -11.3795
v 2.6156 0.0405 -10.7745
v 2.7629 0.0423 -10.7853
v 2.5882 0.0612 -10.1776
v 2.7875 0.0586 -10.1822
v 2.5918 0.0756 -9.5564
v 2.8416 0.0717 -9.6048
v 2.7784 0.0801 -8.9887
v 3.0484 0.0774 -9.0388
v 2.8080 0.0896 -8.4322
v 3.0585 0.0878 -8.3959
v 2.6419 0.1010 -7.8708
v 2.8464 0.0985 -7.8186
v 2.5426 0.0965 -7.2790
v 2.7315 0.0947 -7.2296
v 2.3464 0.0859 -6.7066
v 2.5361 0.0854 -6.6677
v 2.3032 0.0689 -6.0821
v 2.4930 0.0700 -6.0954
v 2.4306 0.0557 -5.4801
v 2.6179 0.0571 -5.5241
v 2.5754 0.0467 -4.9014
v 2.7695 0.0483 -4.9401
v 2.6599 0.0425 -4.3238
v 2.8575 0.0433 -4.3301
v 2.6072 0.0394 -3.7384
v 2.8131 0.0400 -3.7194
v 2.5466 0.0381 -3.1414
v 2.7499 0.0383 -3.1228
v 2.5160 0.0371 -2.5373
v 2.6855 0.0374 -2.5307
v 2.5435 0.0364 -1.9239
v 2.6605 0.0366 -1.9440
v 2.7571 0.0361 -1.3571
v 2.8448 0.0363 -1.3788
v 2.8615 0.0359 -0.7683
v 2.9177 0.0360 -0.7807
v 3.0528 0.0361 -0.1971
v 3.0650 0.0361 -0.2007
v -18.4470 0.1899 1.5247
v -18.4391 0.1901 1.5254
v -18.5168 0.1540 2.1187
v -18.4775 0.1539 2.1266
v -18.6979 0.1442 2.6861
v -18.6592 0.1447 2.7030
v -18.9795 0.1184 3.2136
v -18.9708 0.1183 3.2185
v -16.4480 0.2990 -0.6791
v -16.4395 0.2995 -0.6686
v -16.9377 0.3001 -0.3205
v -16.8851 0.2993 -0.2753
v -17.2596 0.3004 0.1871
v -17.1637 0.3010 0.2561
v -17.6754 0.2920 0.6155
v -17.5425 0.2906 0.7268
v -18.0635 0.2496 1.0614
v -17.9002 0.2352 1.2209
v -18.5197 0.1950 1.4458
v -18.3663 0.1867 1.6043
v -18.9155 0.1602 1.9100
v -18.7683 0.1560 2.0366
v -19.3032 0.1356 2.3775
v -19.1470 0.1371 2.4924
v -19.6358 0.1195 2.8873
v -19.4674 0.1182 2.9893
v -19.9170 0.1006 3.4169
v -19.7766 0.0994 3.5046
v -20.2356 0.0816 3.9100
v -20.1375 0.0815 4.0005
v -20.6768 0.0462 4.2967
v -20.6280 0.0451 4.3699
v -21.1857 0.0146 4.6085
v -21.1761 0.0143 4.6264
v -13.3579 0.0626 -8.8432
v -13.3338 0.0632 -8.8347
v -13.6004 0.0702 -8.3022
v -13.4904 0.0743 -8.2440
v -13.9951 0.0698 -7.8418
v -13.8074 0.0849 -7.7383
v -14.2481 0.0816 -7.3168
v -13.9913 0.1143 -7.1456
v -14.6975 0.0596 -6.9310
v -14.4059 0.0926 -6.6987
v -15.0166 0.0548 -6.3604
v -14.7053 0.0805 -6.2409
v -15.1246 0.0840 -5.7504
v -14.8256 0.1083 -5.6729
v -15.3106 0.1318 -5.1945
v -15.0126 0.1480 -5.0882
v -15.5335 0.1765 -4.6283
v -15.2226 0.1873 -4.5353
v -15.6574 0.2159 -4.0626
v -15.3513 0.2317 -3.9278
v -16.0062 0.2318 -3.5981
v -15.6974 0.2485 -3.4139
v -16.2828 0.2341 -3.0527
v -15.9517 0.2567 -2.8832
v -16.5856 0.2373 -2.5164
v -16.2116 0.2612 -2.3596
v -16.7919 0.2519 -1.8843
v -16.3670 0.2626 -1.8474
v -16.6914 0.2741 -1.2494
v -16.3085 0.2730 -1.2930
v -16.6103 0.2989 -0.6682
v -16.2773 0.2996 -0.6794
v -16.6259 0.2979 -0.0844
v -16.2932 0.2981 -0.0636
v -16.6873 0.2932 0.4765
v -16.3496 0.2718 0.5696
v -16.9234 0.2734 0.9653
v -16.6245 0.2425 1.1667
v -17.3449 0.2179 1.4187
v -17.0174 0.2040 1.5945
v -17.5032 0.1652 2.0303
v -17.1433 0.1633 2.1488
v -17.7122 0.1597 2.5215
v -17.3984 0.1540 2.7642
v -18.1381 0.1528 2.8200
v -17.9269 0.1400 3.1931
v -18.6897 0.1331 3.0389
v -18.4903 0.1194 3.4180
v -19.1752 0.1070 3.4047
v -19.0021 0.0948 3.7194
v -19.6840 0.0940 3.6768
v -19.5908 0.0858 3.9326
v -20.2481 0.0824 3.8698
v -20.1793 0.0772 4.0736
v -20.7858 0.0485 4.1198
v -20.7606 0.0440 4.2567
v -21.3732 0.0211 4.1688
v -21.3733 0.0200 4.2018
v -12.0092 0.0801 19.8105
v -11.9895 0.0803 19.8149
v -12.1811 0.0972 20.3961
v -12.0785 0.0988 20.4005
v -12.1396 0.1261 21.0012
v -11.9608 0.1300 20.9849
v -12.1323 0.1356 21.6017
v -11.9096 0.1413 21.5829
v -12.0681 0.1278 22.2019
v -11.8297 0.1332 22.1741
v -12.0027 0.1231 22.8088
v -11.7611 0.1228 22.7596
v -11.8378 0.1167 23.3751
v -11.5826 0.1109 23.3432
v -11.8678 0.1207 23.9613
v -11.6026 0.1203 23.9559
v -11.8224 0.1481 24.5958
v -11.5494 0.1461 24.5174
v -11.5196 0.1884 25.1874
v -11.3010 0.1726 24.9917
v -10.9711 0.2159 25.5321
v -10.8508 0.1960 25.3123
v -10.4051 0.2189 25.7559
v -10.3180 0.2056 25.5708
v -9.8428 0.1909 25.9936
v -9.8083 0.1851 25.8724
v -9.2288 0.1506 25.9969
v -9.2268 0.1499 25.9733
v -15.9864 0.1669 20.9211
v -15.9959 0.1675 20.9424
v -16.5266 0.1756 20.6307
v -16.5521 0.1755 20.7449
v -17.1167 0.2004 20.5851
v -17.1617 0.2012 20.7664
v -17.6110 0.2227 20.3190
v -17.7389 0.2317 20.4924
v -18.0165 0.2459 19.8757
v -18.1663 0.2495 20.0717
v -18.5638 0.2412 19.5661
v -18.6713 0.2473 19.8045
v -19.1217 0.2313 19.3612
v -19.2422 0.2381 19.6022
v -19.6178 0.2195 19.0290
v -19.7493 0.2233 19.2759
v -20.1742 0.1941 18.7839
v -20.2992 0.1982 19.0563
v -20.6853 0.1712 18.5247
v -20.8619 0.1768 18.7796
v -21.1194 0.1605 18.1096
v -21.3067 0.1570 18.3778
v -21.7049 0.1545 17.8383
v -21.7909 0.1452 18.1053
v -22.3386 0.1302 17.7841
v -22.3433 0.1243 17.9767
v -22.9470 0.0899 17.8912
v -22.9284 0.0896 17.9942
v -23.5215 0.0646 18.0816
v -23.5157 0.0647 18.1041
v -17.0804 0.3079 23.6564
v -17.0693 0.3074 23.6466
v -16.6996 0.2927 24.1283
v -16.6561 0.2881 24.0744
v -16.1711 0.2398 24.4203
v -16.1379 0.2366 24.3692
v -15.6774 0.2225 24.7586
v -15.6703 0.2220 24.7491
v -18.1919 0.2960 26.9500
v -18.1822 0.2955 26.9631
v -18.6927 0.2662 27.2813
v -18.6486 0.2641 27.3419
v -19.1856 0.2397 27.6176
v -19.1285 0.2361 27.7083
v -19.7008 0.2159 27.9237
v -19.6675 0.2138 27.9756
v -20.1691 0.2051 28.3029
v -20.1608 0.2049 28.3141
v -18.3216 0.2604 27.5335
v -18.3180 0.2594 27.5498
v -18.9176 0.2437 27.6375
v -18.8932 0.2405 27.7070
v -19.4555 0.2205 27.9072
v -19.4321 0.2177 27.9671
v -20.0210 0.2026 28.1010
v -20.0172 0.2021 28.1140
v -16.5741 0.1764 20.7428
v -16.5505 0.1754 20.7531
v -16.8539 0.1811 21.2773
v -16.7509 0.1778 21.3184
v -17.0853 0.2035 21.8475
v -16.9294 0.2003 21.8760
v -17.1199 0.2376 22.4648
v -16.9101 0.2318 22.4587
v -17.1064 0.2795 23.0535
v -16.8391 0.2703 23.0670
v -17.2154 0.3089 23.6316
v -16.9344 0.3031 23.6713
v -17.2923 0.3181 24.2452
v -16.9888 0.3126 24.2505
v -17.2542 0.3175 24.8144
v -16.9372 0.3096 24.8780
v -17.5079 0.3142 25.2909
v -17.2283 0.3145 25.4707
v -17.8663 0.3108 25.7681
v -17.6169 0.3198 25.9327
v -18.1325 0.3184 26.3357
v -17.9207 0.3223 26.4210
v -18.2473 0.2954 26.9413
v -18.1269 0.2961 26.9717
v -18.3319 0.2600 27.5389
v -18.3077 0.2598 27.5444
v -8.5796 -0.0029 20.0046
v -8.5980 -0.0019 20.0392
v -9.0903 0.0071 19.6677
v -9.1470 0.0136 19.8132
v -9.6667 0.0226 19.4751
v -9.7318 0.0321 19.7029
v -10.2479 0.0476 19.2505
v -10.2962 0.0545 19.5704
v -10.8993 0.0710 19.2089
v -10.8448 0.0751 19.6145
v -11.5249 0.0756 19.3614
v -11.3773 0.0821 19.7764
v -12.1059 0.0736 19.5996
v -11.8928 0.0875 20.0258
v -12.6412 0.0735 19.8859
v -12.4053 0.0909 20.3243
v -13.1670 0.0689 20.1311
v -12.9448 0.0897 20.6314
v -13.6804 0.0712 20.3073
v -13.5555 0.0939 20.8754
v -14.2532 0.0994 20.3719
v -14.1792 0.1053 20.9009
v -14.8442 0.1337 20.5261
v -14.7637 0.1304 20.9886
v -15.4324 0.1460 20.6070
v -15.3633 0.1492 21.0773
v -15.9708 0.1630 20.6805
v -16.0115 0.1724 21.1831
v -16.5081 0.1758 20.4956
v -16.6165 0.1752 21.0004
v -17.1552 0.2030 20.4170
v -17.1619 0.1996 20.9452
v -17.7875 0.2351 20.4644
v -17.7251 0.2301 21.0014
v -18.3765 0.2380 20.5375
v -18.3236 0.2268 21.1016
v -18.9468 0.2283 20.5412
v -18.9522 0.2134 21.1485
v -19.6219 0.2140 20.5179
v -19.4750 0.2029 21.0998
v -20.1397 0.2068 20.8799
v -19.9775 0.2075 21.3695
v -20.6686 0.1843 20.9394
v -20.6442 0.1924 21.4127
v -21.2619 0.1642 20.9401
v -21.2507 0.1738 21.4328
v -21.8479 0.1418 20.9468
v -21.8642 0.1528 21.4599
v -22.4092 0.1164 20.8743
v -22.4978 0.1135 21.4228
v -22.9997 0.0710 20.6900
v -23.0761 0.0734 21.3350
v -23.6599 0.0281 20.6787
v -23.6159 0.0385 21.3374
v -24.3096 -0.0066 20.8403
v -24.1543 0.0069 21.3441
v -24.8158 -0.0242 21.1663
v -24.7248 -0.0076 21.5479
v -25.3566 -0.0089 21.2445
v -25.3840 -0.0062 21.4825
v -25.9471 0.0003 21.1963
v -25.9592 0.0008 21.2459
v 12.9399 0.1524 30.8981
v 12.9473 0.1525 30.9070
v 12.4669 0.1654 31.2634
v 12.4965 0.1650 31.3076
v 11.9293 0.1877 31.5270
v 11.9731 0.1890 31.6046
v 11.4068 0.2080 31.8416
v 11.4676 0.2083 31.9089
v 11.0542 0.2107 32.3357
v 11.0996 0.2087 32.3744
v 10.6551 0.1858 32.7818
v 10.6649 0.1854 32.7913
v 13.1219 0.1503 31.4702
v 13.1302 0.1504 31.4781
v 12.6928 0.1691 31.8904
v 12.7326 0.1678 31.9276
v 12.2660 0.2009 32.3263
v 12.3447 0.1991 32.3729
v 12.0554 0.2016 32.8977
v 12.1737 0.2030 32.9392
v 11.8611 0.1818 33.4630
v 11.9556 0.1820 33.5007
v 11.6393 0.1628 34.0207
v 11.7002 0.1629 34.0441
v 11.4710 0.1456 34.5986
v 11.4856 0.1457 34.6035
v 6.5930 0.1612 25.8900
v 6.6083 0.1611 25.8816
v 6.8525 0.2036 26.4310
v 6.9266 0.2030 26.3922
v 7.0980 0.2128 26.9877
v 7.2159 0.2128 26.9098
v 7.4818 0.1976 27.4807
v 7.6100 0.1982 27.3304
v 7.9811 0.1770 27.8219
v 8.1359 0.1809 27.6130
v 8.4207 0.1698 28.2279
v 8.5909 0.1734 28.0067
v 8.9378 0.1677 28.5837
v 9.0764 0.1722 28.3105
v 9.5253 0.1820 28.8111
v 9.6131 0.1915 28.5025
v 10.1217 0.2126 28.9151
v 10.1934 0.2250 28.6342
v 10.6795 0.2162 29.0707
v 10.7812 0.2258 28.8359
v 11.1845 0.2046 29.3613
v 11.3200 0.2121 29.1372
v 11.6775 0.1860 29.6881
v 11.8359 0.1965 29.4601
v 12.1367 0.1683 30.0292
v 12.3375 0.1661 29.8380
v 12.4785 0.1538 30.4997
v 12.6669 0.1525 30.3622
v 12.8642 0.1506 30.9447
v 13.0231 0.1543 30.8604
v 13.0676 0.1488 31.4759
v 13.1845 0.1520 31.4724
v 12.9643 0.1596 32.0521
v 12.9906 0.1589 32.0588
v 6.3781 0.0288 8.3729
v 6.3934 0.0289 8.3642
v 6.6409 0.0274 8.9067
v 6.7210 0.0284 8.8750
v 6.7506 0.0272 9.4840
v 6.8968 0.0276 9.4632
v 6.7438 0.0413 10.0928
v 6.9544 0.0425 10.0534
v 6.9089 0.0533 10.6791
v 7.1752 0.0524 10.6034
v 7.0229 0.0416 11.2601
v 7.3305 0.0439 11.1917
v 7.1327 0.0471 11.8283
v 7.4724 0.0526 11.7969
v 7.1263 0.0655 12.3985
v 7.4464 0.0727 12.4262
v 7.0580 0.1116 13.0024
v 7.3408 0.1164 13.0097
v 7.1136 0.1789 13.6196
v 7.3976 0.1741 13.5872
v 7.1869 0.2220 14.2349
v 7.4843 0.2097 14.1611
v 7.3998 0.2436 14.8335
v 7.6857 0.2211 14.6888
v 7.7259 0.2456 15.3368
v 8.0219 0.2187 15.1861
v 7.9162 0.2455 15.8629
v 8.2511 0.2229 15.7843
v 7.9731 0.2537 16.4726
v 8.3193 0.2271 16.3681
v 8.2467 0.2356 17.0353
v 8.6019 0.2091 16.8687
v 8.4750 0.2154 17.5888
v 8.8361 0.1973 17.4225
v 8.7588 0.2007 18.0857
v 9.0933 0.1880 17.9968
v 8.7998 0.1992 18.6392
v 9.1143 0.1951 18.6416
v 8.7539 0.2110 19.2223
v 9.0804 0.2049 19.2558
v 8.6626 0.2155 19.8263
v 9.0068 0.2033 19.8405
v 8.6821 0.2249 20.4292
v 9.0534 0.2116 20.4357
v 8.5983 0.2318 20.9887
v 9.0292 0.2299 21.0714
v 8.4187 0.2213 21.5397
v 8.8667 0.2389 21.6706
v 8.2590 0.2105 22.1129
v 8.6956 0.2336 22.2508
v 8.0902 0.1862 22.6295
v 8.4726 0.2053 22.8686
v 7.6644 0.1426 23.0606
v 8.0503 0.1662 23.2864
v 7.4887 0.1279 23.6735
v 7.9012 0.1531 23.8288
v 7.2390 0.1086 24.1984
v 7.6334 0.1348 24.3865
v 7.0026 0.0843 24.7420
v 7.3540 0.1221 24.9264
v 6.7411 0.1148 25.2785
v 7.0171 0.1376 25.4301
v 6.4812 0.1523 25.8426
v 6.7201 0.1684 25.9290
v 6.3958 0.1800 26.4430
v 6.5535 0.1956 26.5017
v 6.1693 0.1713 26.9892
v 6.2034 0.1753 27.0079
v -24.9602 0.0051 21.8637
v -24.9491 0.0050 21.8611
v -24.8426 0.0295 22.4571
v -24.7907 0.0289 22.4355
v -24.5407 0.0486 22.9814
v -24.4597 0.0480 22.9307
v -24.2347 0.0593 23.5036
v -24.1267 0.0612 23.4243
v -23.8489 0.0725 23.9652
v -23.7347 0.0787 23.8764
v -23.4873 0.1167 24.4419
v -23.4016 0.1226 24.3782
v -23.0995 0.1607 24.9000
v -23.0528 0.1645 24.8674
v -22.7628 0.1897 25.3954
v -22.7530 0.1904 25.3893
v -23.0959 0.0747 18.8705
v -23.0768 0.0756 18.8739
v -23.2346 0.0604 19.4440
v -23.1457 0.0632 19.4823
v -23.6143 0.0272 19.8954
v -23.4828 0.0280 19.9933
v -24.0102 0.0086 20.3657
v -23.8039 0.0163 20.4852
v -24.2770 -0.0042 20.8914
v -24.0147 0.0123 21.0603
v -24.6589 -0.0176 21.3200
v -24.4372 -0.0070 21.5222
v -25.0515 0.0010 21.7736
v -24.8577 0.0091 21.9511
v -25.4422 0.0232 22.2044
v -25.2750 0.0272 22.4076
v -25.9623 0.0387 22.5107
v -25.7810 0.0509 22.7234
v -26.3796 0.0841 22.9929
v -26.1405 0.0812 23.1559
v -26.6625 0.1394 23.5137
v -26.4254 0.1344 23.6924
v -27.0768 0.1959 23.9151
v -26.8709 0.1886 24.1279
v -27.4971 0.2615 24.3494
v -27.3157 0.2522 24.5252
v -27.8744 0.3275 24.8043
v -27.7428 0.3306 24.9609
v -28.3531 0.3878 25.1501
v -28.2802 0.3920 25.2535
v -28.7954 0.4088 25.5637
v -28.7807 0.4092 25.5823
v -11.8606 0.1411 4.2009
v -11.8406 0.1406 4.1956
v -11.7431 0.0943 4.8004
v -11.6542 0.0968 4.7570
v -11.4061 0.0550 5.3011
v -11.2627 0.0612 5.2099
v -11.1709 0.0322 5.8283
v -10.9431 0.0379 5.7468
v -11.0723 0.0061 6.4085
v -10.7951 0.0116 6.3409
v -10.8983 -0.0200 6.9759
v -10.6480 -0.0195 6.9298
v -10.8397 -0.0397 7.5568
v -10.5946 -0.0382 7.5436
v -10.8379 -0.0558 8.1369
v -10.5790 -0.0543 8.1634
v -10.9727 -0.0778 8.7069
v -10.7047 -0.0755 8.7648
v -11.0987 -0.0973 9.2888
v -10.8246 -0.0938 9.3574
v -11.2664 -0.1152 9.8457
v -10.9936 -0.1127 9.9523
v -11.5367 -0.1297 10.3754
v -11.2570 -0.1279 10.4974
v -11.7485 -0.1383 10.9079
v -11.4700 -0.1298 11.0873
v -12.1555 -0.1451 11.3011
v -11.9090 -0.1272 11.5451
v -12.5599 -0.1437 11.7369
v -12.3472 -0.1216 11.9637
v -13.0016 -0.0925 12.1451
v -12.8121 -0.0816 12.3416
v -13.4149 -0.0426 12.5819
v -13.2170 -0.0417 12.7826
v -13.8597 -0.0141 12.9734
v -13.6618 -0.0263 13.1966
v -14.2897 0.0144 13.3402
v -14.1381 -0.0004 13.6163
v -14.8396 0.0500 13.4707
v -14.7383 0.0455 13.8283
v -15.4369 0.0454 13.6115
v -15.2998 0.0482 13.9988
v -16.0194 0.0504 13.8724
v -15.8142 0.0508 14.2249
v -16.5190 0.0598 14.2442
v -16.2796 0.0618 14.5663
v -17.0330 0.0777 14.6326
v -16.7270 0.0849 14.8960
v -17.3438 0.1064 15.2078
v -16.9833 0.1143 15.3784
v -17.5673 0.1425 15.7510
v -17.2181 0.1514 15.9442
v -17.8872 0.1651 16.2162
v -17.5946 0.1729 16.4562
v -18.2611 0.1852 16.6291
v -18.0428 0.1922 16.9175
v -18.7577 0.1814 16.8735
v -18.6108 0.1896 17.2268
v -19.3378 0.1744 17.0413
v -19.1739 0.1854 17.4236
v -19.8964 0.1683 17.3343
v -19.6676 0.1797 17.7076
v -20.4056 0.1640 17.6483
v -20.1501 0.1759 18.0692
v -20.9182 0.1618 17.9052
v -20.6947 0.1658 18.3801
v -21.4556 0.1536 18.1164
v -21.2685 0.1613 18.6218
v -22.0016 0.1337 18.2914
v -21.8608 0.1331 18.8267
v -22.5898 0.1009 18.4166
v -22.4505 0.1035 18.9306
v -23.1557 0.0729 18.6485
v -23.0170 0.0786 19.0959
v -23.7403 0.0485 18.8136
v -23.5908 0.0531 19.2441
v -24.3212 0.0269 19.0595
v -24.1131 0.0277 19.4705
v -24.8493 0.0130 19.4133
v -24.6186 0.0151 19.7263
v -25.3103 0.0035 19.8721
v -25.0455 0.0038 20.0747
v -25.5579 -0.0041 20.4514
v -25.3448 -0.0072 20.5635
v -25.7594 -0.0029 21.0230
v -25.7133 -0.0034 21.0479
v -2.2990 0.0980 21.8185
v -2.3184 0.0975 21.8284
v -2.5344 0.1245 21.2633
v -2.6272 0.1209 21.3142
v -2.8153 0.1298 20.7333
v -2.9561 0.1240 20.8107
v -3.0813 0.1203 20.1908
v -3.2357 0.1120 20.2844
v -3.4192 0.1199 19.6898
v -3.5922 0.1052 19.8067
v -3.7350 0.0966 19.1878
v -3.9258 0.0840 19.2996
v -4.0042 0.0880 18.6817
v -4.2190 0.0782 18.7456
v -4.0563 0.1121 18.0978
v -4.2750 0.1022 18.1345
v -4.2070 0.1129 17.5024
v -4.4122 0.1039 17.5649
v -4.4310 0.0845 16.9429
v -4.5981 0.0780 16.9965
v -4.6127 0.0288 16.3647
v -4.7393 0.0287 16.4190
v -4.9434 -0.0169 15.8618
v -5.0231 -0.0171 15.8912
v -5.0767 -0.0474 15.2838
v -5.0922 -0.0478 15.2864
v -5.0614 -0.0434 15.4363
v -5.0597 -0.0439 15.4262
v -4.4722 -0.0301 15.5518
v -4.4647 -0.0317 15.5049
v -3.8876 -0.0140 15.6540
v -3.8641 -0.0167 15.5909
v -3.3750 0.0089 15.9544
v -3.3562 0.0061 15.9217
v -2.8383 0.0337 16.2243
v -2.8343 0.0333 16.2168
v -3.8621 -0.0123 14.1240
v -3.8716 -0.0125 14.1262
v -3.9820 0.0208 13.5373
v -4.0242 0.0209 13.5442
v -4.0429 0.0130 12.9421
v -4.0787 0.0132 12.9450
v -4.0990 0.0316 12.3447
v -4.1061 0.0315 12.3452
v -4.7476 0.0804 18.2106
v -4.7649 0.0793 18.2227
v -5.0598 0.0758 17.7033
v -5.1391 0.0717 17.7457
v -5.2586 0.0549 17.1491
v -5.3776 0.0507 17.1824
v -5.3436 0.0188 16.5783
v -5.4989 0.0119 16.5711
v -5.1716 -0.0134 16.0248
v -5.3571 -0.0241 15.9663
v -4.9702 -0.0401 15.4752
v -5.1509 -0.0471 15.3873
v -4.6738 -0.0438 14.9900
v -4.8113 -0.0433 14.8549
v -4.1869 -0.0564 14.6532
v -4.2925 -0.0469 14.5372
v -3.8207 -0.0148 14.1619
v -3.9129 -0.0100 14.0883
v -3.4593 0.0090 13.6784
v -3.5221 0.0114 13.6368
v -3.1998 0.0076 13.1328
v -3.2140 0.0080 13.1252
v -0.5166 0.1387 16.3427
v -0.5180 0.1386 16.3324
v 0.0802 0.1596 16.2821
v 0.0754 0.1591 16.2403
v 0.6730 0.1962 16.2201
v 0.6767 0.1965 16.1827
v 1.2475 0.2350 16.3803
v 1.2500 0.2356 16.3722
v 3.0492 0.2394 16.5855
v 3.0534 0.2398 16.5759
v 3.5941 0.2530 16.8408
v 3.6082 0.2536 16.8009
v 4.1742 0.2942 17.0124
v 4.1847 0.2944 16.9491
v 4.7801 0.3078 17.0602
v 4.7768 0.3072 16.9712
v 5.3768 0.2810 16.9716
v 5.3697 0.2810 16.9020
v 5.9752 0.2757 16.9149
v 5.9681 0.2764 16.8718
v 6.5533 0.2788 16.7460
v 6.5508 0.2791 16.7366
v -4.5600 0.0827 17.0433
v -4.5689 0.0813 17.0268
v -4.0220 0.0894 16.7837
v -4.0511 0.0828 16.7162
v -3.4570 0.0640 16.6190
v -3.4763 0.0546 16.5056
v -2.8608 0.0586 16.6303
v -2.8727 0.0490 16.4717
v -2.2480 0.0675 16.5685
v -2.2959 0.0570 16.3762
v -1.6899 0.0826 16.3631
v -1.7293 0.0737 16.1628
v -1.1164 0.1099 16.3468
v -1.1035 0.1051 16.1409
v -0.5324 0.1392 16.4424
v -0.5022 0.1387 16.2327
v 0.0680 0.1638 16.5276
v 0.0873 0.1601 16.3027
v 0.6623 0.1952 16.5493
v 0.6920 0.1977 16.3304
v 1.2473 0.2215 16.6531
v 1.2757 0.2305 16.4992
v 1.8525 0.2302 16.7091
v 1.8594 0.2374 16.6055
v 2.4580 0.2324 16.6879
v 2.4538 0.2368 16.6226
v 3.0522 0.2394 16.5880
v 3.0504 0.2399 16.5734
v 3.0729 0.1738 24.3195
v 3.0577 0.1730 24.3553
v 2.5424 0.1939 24.0263
v 2.4838 0.1877 24.1792
v 1.9955 0.1906 23.7806
v 1.8956 0.1807 24.0357
v 1.4634 0.1628 23.4903
v 1.3300 0.1625 23.8410
v 0.8825 0.1419 23.2594
v 0.7685 0.1489 23.7049
v 0.3079 0.1255 23.1403
v 0.1647 0.1328 23.5971
v -0.1926 0.0984 22.9168
v -0.4317 0.0928 23.3339
v -0.6577 0.0866 22.5668
v -0.9409 0.0701 22.9835
v -1.1484 0.0848 22.2441
v -1.4602 0.0661 22.6582
v -1.6328 0.0965 21.8594
v -1.8778 0.0782 22.2514
v -2.2122 0.1055 21.6553
v -2.4052 0.0901 21.9917
v -2.6936 0.1206 21.2986
v -2.8828 0.1013 21.6270
v -3.2708 0.1095 21.0465
v -3.4106 0.0920 21.4113
v -3.7881 0.0890 20.8748
v -4.0281 0.0739 21.1926
v -4.0470 0.0764 20.4474
v -4.4550 0.0516 20.6354
v -4.1646 0.0695 19.8982
v -4.6403 0.0350 20.0235
v -4.3299 0.0629 19.3101
v -4.7833 0.0405 19.4519
v -4.5390 0.0656 18.7787
v -4.9818 0.0542 18.8546
v -4.5394 0.0883 18.2273
v -4.9731 0.0699 18.2060
v -4.4979 0.1001 17.6522
v -4.9055 0.0821 17.5861
v -4.3751 0.0956 17.0946
v -4.7538 0.0681 16.9755
v -4.1630 0.0600 16.5138
v -4.5217 0.0389 16.4416
v -4.1721 0.0020 15.9022
v -4.4910 -0.0083 15.8534
v -4.0314 -0.0327 15.3128
v -4.2935 -0.0379 15.2914
v -4.1344 -0.0591 14.6852
v -4.3377 -0.0525 14.7280
v -4.3443 -0.0199 14.1294
v -4.4735 -0.0216 14.1347
v -4.2695 0.0147 13.5483
v -4.2989 0.0134 13.5420
v -18.0733 0.1555 2.3424
v -18.0323 0.1562 2.3623
v -18.4210 0.1462 2.8601
v -18.2085 0.1482 2.9242
v -18.5811 0.1139 3.4877
v -18.2082 0.1213 3.4859
v -18.5563 0.0834 4.1218
v -18.0616 0.0968 4.0395
v -18.5068 0.0462 4.7081
v -17.8888 0.0635 4.6324
v -18.4826 0.0155 5.3491
v -17.8444 0.0346 5.1895
v -18.2312 0.0096 5.9536
v -17.5925 0.0183 5.6743
v -18.0059 -0.0133 6.5079
v -17.3595 -0.0126 6.2291
v -17.7185 -0.0314 7.0299
v -17.1547 -0.0279 6.8015
v -17.4740 -0.0445 7.5883
v -16.9909 -0.0349 7.3715
v -17.1819 -0.0378 8.1385
v -16.7115 -0.0331 7.8764
v -16.8735 -0.0368 8.6780
v -16.4236 -0.0439 8.3782
v -16.4374 -0.0588 9.1734
v -16.1282 -0.0678 8.8341
v -15.9193 -0.0667 9.4609
v -15.6314 -0.0751 9.1870
v -15.6036 -0.0494 9.8916
v -15.3576 -0.0512 9.8015
v -15.3953 -0.0193 10.4411
v -15.3406 -0.0230 10.4307
v 6.7678 0.0001 6.1285
v 6.7667 0.0000 6.1132
v 7.3686 0.0086 6.1152
v 7.3629 0.0088 6.0402
v 7.9825 0.0233 6.0906
v 7.9452 0.0220 5.9701
v 8.5206 0.0362 5.8093
v 8.4475 0.0363 5.6533
v 9.0792 0.0449 5.6269
v 9.0143 0.0465 5.4194
v 9.6665 0.0495 5.4850
v 9.5892 0.0511 5.2624
v 10.1992 0.0580 5.2298
v 10.1538 0.0609 5.0318
v 10.7894 0.0605 5.1796
v 10.7629 0.0647 5.0416
v 11.3556 0.0696 4.9415
v 11.3257 0.0717 4.8730
v 11.8769 0.0732 4.6380
v 11.8693 0.0729 4.6235
v 12.1726 0.1730 8.6413
v 12.1594 0.1718 8.6253
v 12.6662 0.1902 8.2863
v 12.5943 0.1871 8.2200
v 13.0417 0.2133 7.8008
v 12.9024 0.2072 7.7194
v 13.3256 0.2347 7.2772
v 13.1418 0.2251 7.1630
v 13.6889 0.2233 6.8527
v 13.5145 0.2115 6.6397
v 14.1801 0.2153 6.5928
v 14.0977 0.2107 6.3652
v 14.7241 0.2100 6.4309
v 14.7211 0.2041 6.2492
v 15.3020 0.2147 6.5075
v 15.3190 0.2132 6.4121
v 15.9022 0.2230 6.5601
v 15.9051 0.2227 6.5408
v 12.7429 0.1977 8.7553
v 12.7643 0.1985 8.7540
v 12.7408 0.1897 9.3543
v 12.8422 0.1927 9.3526
v 12.6897 0.1624 9.9573
v 12.8592 0.1699 9.9491
v 12.7333 0.1608 10.5516
v 12.9649 0.1665 10.5454
v 12.6549 0.1652 11.1404
v 12.9585 0.1738 11.1537
v 12.6316 0.1823 11.7562
v 12.9617 0.2030 11.7377
v 12.7249 0.2135 12.3773
v 13.0227 0.2235 12.3066
v 12.9531 0.2281 12.9628
v 13.1920 0.2367 12.8534
v 13.2637 0.2156 13.5042
v 13.4786 0.2176 13.3528
v 13.6679 0.2043 13.9834
v 13.8533 0.2078 13.7865
v 14.1720 0.1815 14.3394
v 14.3074 0.1884 14.1529
v 14.6801 0.1601 14.6762
v 14.7832 0.1698 14.5031
v 15.2383 0.1512 14.9226
v 15.2980 0.1562 14.7940
v 15.8134 0.1458 15.1090
v 15.8256 0.1462 15.0806
v 17.8066 0.3370 9.8464
v 17.8072 0.3374 9.8322
v 18.4092 0.3194 9.8983
v 18.4036 0.3233 9.8307
v 18.9948 0.3038 9.7982
v 18.9926 0.3095 9.6852
v 19.5725 0.2776 9.9004
v 19.5980 0.2788 9.7833
v 20.1563 0.2459 10.0354
v 20.1737 0.2466 9.9579
v 20.7538 0.2162 10.1122
v 20.7568 0.2165 10.0955
v 13.2886 0.2207 9.0436
v 13.2816 0.2207 9.0225
v 13.8671 0.2596 8.8933
v 13.8409 0.2620 8.7913
v 14.4427 0.3016 8.8236
v 14.4462 0.3099 8.6477
v 15.0113 0.3278 8.9903
v 15.0491 0.3358 8.7410
v 15.6025 0.3428 9.0774
v 15.6538 0.3502 8.7527
v 16.1736 0.3410 9.2060
v 16.2509 0.3468 8.8986
v 16.7430 0.3355 9.3346
v 16.8405 0.3397 9.0807
v 17.2550 0.3457 9.5947
v 17.3977 0.3509 9.3654
v 17.7089 0.3360 9.9374
v 17.9050 0.3387 9.7411
v 18.0784 0.3116 10.3978
v 18.2548 0.3089 10.2412
v 18.5379 0.2794 10.8143
v 18.6640 0.2798 10.6527
v 19.0740 0.2658 11.1181
v 19.1422 0.2646 10.9901
v 19.6508 0.2557 11.3104
v 19.6636 0.2547 11.2813
v 14.8470 0.2545 12.8520
v 14.8609 0.2542 12.8736
v 14.3133 0.2391 13.1411
v 14.3861 0.2373 13.2348
v 13.8490 0.2173 13.5172
v 13.9707 0.2133 13.6749
v 13.3439 0.2133 13.7917
v 13.4632 0.2073 14.0443
v 12.8046 0.2206 13.9413
v 12.8619 0.2306 14.2675
v 12.2206 0.2371 13.9820
v 12.2465 0.2533 14.2652
v 11.6144 0.2522 14.0884
v 11.6662 0.2688 14.3385
v 10.9867 0.2582 14.2592
v 11.1336 0.2696 14.4740
v 10.6137 0.2783 14.7597
v 10.8006 0.2869 14.9437
v 10.1585 0.2691 15.1201
v 10.2964 0.2782 15.3042
v 9.6838 0.2318 15.4928
v 9.8096 0.2413 15.6496
v 9.2545 0.2132 15.9100
v 9.3289 0.2164 16.0147
v 8.7658 0.2119 16.2514
v 8.7793 0.2118 16.2747
v 3.8627 0.0384 1.6497
v 3.8817 0.0384 1.6393
v 4.1161 0.0400 2.1977
v 4.2060 0.0404 2.1431
v 4.4130 0.0428 2.7160
v 4.5764 0.0436 2.6221
v 4.6343 0.0441 3.2592
v 4.8805 0.0456 3.1578
v 4.8130 0.0390 3.8315
v 5.0886 0.0400 3.7215
v 5.0922 0.0345 4.4010
v 5.3105 0.0340 4.2424
v 5.5409 0.0284 4.8258
v 5.7440 0.0278 4.6310
v 5.9077 0.0188 5.2741
v 6.1533 0.0166 5.0981
v 6.2127 0.0083 5.8002
v 6.4654 0.0072 5.6011
v 6.6417 0.0002 6.2665
v 6.8928 0.0012 5.9753
v 7.1416 0.0073 6.6730
v 7.3503 0.0074 6.2922
v 7.7168 0.0192 6.8895
v 7.9001 0.0227 6.4935
v 8.2226 0.0371 7.1725
v 8.4407 0.0443 6.7978
v 8.7614 0.0592 7.4987
v 8.9296 0.0637 7.0913
v 9.3464 0.0681 7.6417
v 9.5100 0.0670 7.2341
v 9.8483 0.0756 7.9361
v 10.0478 0.0723 7.5389
v 10.4299 0.1004 8.1775
v 10.5675 0.0886 7.7740
v 11.0086 0.1250 8.3148
v 11.1519 0.1054 7.9320
v 11.5235 0.1404 8.5905
v 11.7081 0.1397 8.1973
v 12.0939 0.1719 8.8606
v 12.2381 0.1717 8.4060
v 12.6688 0.1946 8.9922
v 12.8385 0.2002 8.5171
v 13.1127 0.2061 9.2606
v 13.4575 0.2346 8.8055
v 13.4474 0.2157 9.6498
v 13.9464 0.2475 9.2890
v 13.6930 0.2183 10.1286
v 14.2714 0.2653 9.8659
v 13.8783 0.2326 10.6547
v 14.5053 0.2926 10.4642
v 14.0248 0.2590 11.2318
v 14.6362 0.2935 11.0546
v 14.2549 0.2797 11.7872
v 14.7959 0.2992 11.6342
v 14.3946 0.2602 12.3709
v 14.9186 0.2773 12.2214
v 14.5984 0.2494 12.9678
v 15.1094 0.2634 12.7577
v 14.8990 0.2344 13.5016
v 15.3255 0.2495 13.3070
v 15.1851 0.1960 14.0648
v 15.5189 0.2174 13.8439
v 15.6751 0.1649 14.5054
v 15.8542 0.1881 14.2745
v 16.2737 0.1684 14.7092
v 16.3050 0.1730 14.6527
v -4.2059 0.0509 21.6663
v -4.1962 0.0517 21.6531
v -3.7398 0.0558 22.0470
v -3.6940 0.0599 21.9813
v -3.2448 0.0569 22.4017
v -3.1894 0.0629 22.2904
v -2.6687 0.0623 22.6121
v -2.6333 0.0683 22.4776
v -2.0739 0.0563 22.7294
v -2.0467 0.0636 22.5714
v -1.4888 0.0590 22.8314
v -1.4480 0.0661 22.6657
v -0.9235 0.0707 23.0205
v -0.8735 0.0743 22.8521
v -0.3411 0.0964 23.1844
v -0.2960 0.0959 22.9953
v 0.2486 0.1320 23.3245
v 0.2883 0.1230 23.1041
v 0.8651 0.1464 23.4157
v 0.8587 0.1382 23.1889
v 1.4694 0.1564 23.2881
v 1.4297 0.1437 23.0740
v 2.0691 0.1811 23.1869
v 2.0141 0.1667 22.9808
v 2.6502 0.1806 22.9660
v 2.5569 0.1707 22.7809
v 3.1656 0.1633 22.6284
v 3.0483 0.1581 22.4656
v 3.6348 0.1651 22.2484
v 3.5172 0.1624 22.0972
v 4.1109 0.1848 21.8731
v 3.9970 0.1831 21.7472
v 4.5125 0.2042 21.4167
v 4.4126 0.2047 21.3248
v 4.9039 0.2242 20.9665
v 4.8294 0.2258 20.8880
v 5.3458 0.2477 20.5777
v 5.3155 0.2496 20.5160
v 5.9172 0.2610 20.4203
v 5.9136 0.2616 20.4046
v -4.6626 0.0198 24.0014
v -4.6667 0.0203 24.0195
v -5.2425 0.0286 23.8374
v -5.2571 0.0302 23.9177
v -5.8434 0.0422 23.7398
v -5.8448 0.0409 23.8514
v -6.4586 0.0419 23.7954
v -6.4222 0.0436 23.9297
v -7.0052 0.0465 24.0179
v -6.9730 0.0504 24.1926
v -7.5811 0.0525 23.9804
v -7.5956 0.0586 24.1682
v -8.1786 0.0822 23.9102
v -8.1919 0.0847 24.1164
v -8.7886 0.1112 23.8777
v -8.7814 0.1112 24.1168
v -9.3912 0.1147 23.9273
v -9.3743 0.1137 24.1715
v -9.9730 0.0982 23.9617
v -9.9909 0.1127 24.1984
v -10.5549 0.0978 23.8439
v -10.5847 0.1117 24.0754
v -11.1750 0.1077 23.8127
v -11.1628 0.1171 24.0419
v -11.7741 0.1200 23.9144
v -11.7482 0.1256 24.1324
v -12.3604 0.1183 23.9811
v -12.3585 0.1168 24.1562
v -12.9464 0.1277 23.9770
v -12.9708 0.1285 24.0966
v -13.5105 0.1416 23.7971
v -13.5347 0.1415 23.8672
v -14.0900 0.1558 23.6369
v -14.0954 0.1557 23.6533
v -5.0357 0.0371 24.4889
v -5.0173 0.0368 24.4892
v -5.0716 0.0526 25.0852
v -4.9986 0.0522 25.0929
v -5.2060 0.0761 25.6755
v -5.0970 0.0739 25.6797
v -5.1561 0.0676 26.2705
v -5.0050 0.0650 26.2763
v -5.2905 0.0734 26.8347
v -5.1044 0.0755 26.8892
v -5.4995 0.0737 27.3511
v -5.3339 0.0766 27.4897
v -5.9911 0.0797 27.6248
v -5.8646 0.0748 27.8444
v -6.5242 0.0686 27.9047
v -6.3878 0.0669 28.1339
v -7.0202 0.0700 28.2373
v -6.8962 0.0764 28.4580
v -7.5236 0.0905 28.5067
v -7.4762 0.1012 28.7045
v -8.1117 0.1022 28.5468
v -8.0877 0.1063 28.6960
v -8.6836 0.1143 28.7494
v -8.6651 0.1164 28.8387
v -9.2713 0.1207 28.8547
v -9.2691 0.1211 28.8740
v -15.5391 0.0356 32.0108
v -15.5323 0.0354 32.0208
v -16.0504 0.0110 32.3364
v -16.0146 0.0111 32.3683
v -16.3472 -0.0114 32.8714
v -16.2727 -0.0097 32.8973
v -16.4619 -0.0080 33.4636
v -16.3817 -0.0074 33.4840
v -16.6312 -0.0086 34.0401
v -16.5791 -0.0089 34.0501
v -16.6543 -0.0144 34.6431
v -16.6410 -0.0146 34.6441
v -6.2466 0.0789 25.8040
v -6.2423 0.0794 25.8201
v -6.8298 0.0979 25.9355
v -6.8173 0.0976 26.0027
v -7.4289 0.1016 25.9736
v -7.4120 0.0995 26.0867
v -8.0349 0.0899 26.0715
v -7.9833 0.0908 26.2211
v -8.5943 0.0993 26.3278
v -8.4940 0.0921 26.5078
v -9.1184 0.1460 26.6216
v -8.9947 0.1279 26.8383
v -9.6311 0.1628 26.8870
v -9.5408 0.1365 27.1377
v -10.2015 0.1888 27.0054
v -10.1461 0.1683 27.2595
v -10.7815 0.1938 27.1427
v -10.7352 0.1837 27.3929
v -11.3903 0.2014 27.2303
v -11.3149 0.1958 27.4713
v -11.9488 0.1965 27.5131
v -11.8275 0.1928 27.7295
v -12.4724 0.1962 27.8383
v -12.3246 0.1917 28.0353
v -12.9248 0.2262 28.2563
v -12.7632 0.2301 28.4210
v -13.3255 0.2457 28.6910
v -13.1825 0.2438 28.8625
v -13.8272 0.2312 29.0039
v -13.6899 0.2271 29.1989
v -14.3112 0.1971 29.3647
v -14.1569 0.1909 29.5699
v -14.8107 0.1625 29.7293
v -14.6242 0.1566 29.9162
v -15.1791 0.1266 30.2461
v -14.9682 0.1228 30.3651
v -15.3914 0.0898 30.8238
v -15.2148 0.0865 30.8962
v -15.5881 0.0591 31.4040
v -15.4698 0.0593 31.4278
v -15.5491 0.0353 32.0157
v -15.5223 0.0358 32.0160
v -5.3756 0.0167 18.9658
v -5.3580 0.0191 18.9532
v -5.0634 0.0231 19.4713
v -4.9719 0.0325 19.4235
v -4.8980 0.0187 20.0467
v -4.7353 0.0279 19.9788
v -4.6658 0.0393 20.6140
v -4.4468 0.0515 20.4926
v -4.4080 0.0546 21.1159
v -4.0642 0.0748 21.0056
v -4.4004 0.0444 21.6466
v -4.0017 0.0587 21.6729
v -4.5096 0.0253 22.2200
v -4.1196 0.0345 22.2778
v -4.5684 0.0224 22.8105
v -4.1853 0.0295 22.8808
v -4.7200 0.0281 23.3788
v -4.3407 0.0364 23.4726
v -4.8397 0.0196 23.9288
v -4.4896 0.0222 24.0921
v -5.1765 0.0370 24.3687
v -4.8765 0.0373 24.6095
v -5.5469 0.0512 24.8222
v -5.2840 0.0540 25.0697
v -5.9743 0.0617 25.2409
v -5.7218 0.0677 25.4825
v -6.3835 0.0787 25.6868
v -6.1054 0.0811 25.9374
v -6.8059 0.0971 26.1234
v -6.4967 0.0959 26.3827
v -7.1632 0.0915 26.5766
v -6.8659 0.0874 26.8847
v -7.6557 0.0883 26.8901
v -7.3539 0.0828 27.2630
v -8.1208 0.0936 27.3043
v -7.7698 0.0807 27.6635
v -8.5490 0.1035 27.7363
v -8.1767 0.0925 28.0933
v -8.9507 0.1045 28.1523
v -8.6009 0.1085 28.5479
v -9.3719 0.1189 28.4870
v -9.1449 0.1216 28.9263
v -9.8513 0.1380 28.6781
v -9.8054 0.1371 29.1098
v -10.4250 0.1569 28.6165
v -10.4251 0.1598 29.0451
v -11.0290 0.1667 28.6723
v -11.0144 0.1621 29.1150
v -11.5994 0.1790 28.6447
v -11.6431 0.1737 29.0957
v -12.2237 0.2109 28.5160
v -12.2046 0.2084 29.0403
v -12.9010 0.2421 28.6310
v -12.6966 0.2260 29.1950
v -13.3925 0.2422 28.8981
v -13.2757 0.2206 29.4700
v -13.9219 0.2320 28.8797
v -13.9438 0.2083 29.4094
v -14.5205 0.2098 28.8787
v -14.5450 0.1879 29.3902
v -15.0868 0.1966 28.8577
v -15.1749 0.1773 29.3167
v -15.6200 0.1925 28.7069
v -15.7880 0.1855 29.1124
v -16.0991 0.1976 28.4232
v -16.3706 0.1994 28.8367
v -16.6024 0.2220 27.9891
v -16.8026 0.2207 28.5190
v -17.2753 0.2337 27.9527
v -17.3284 0.2211 28.5008
v -17.8692 0.2424 27.9051
v -17.9215 0.2259 28.3722
v -18.4534 0.2400 27.8755
v -18.5339 0.2190 28.3114
v -19.0264 0.2385 27.6974
v -19.1108 0.2134 28.1464
v -19.6251 0.2309 27.6483
v -19.7080 0.2069 28.0975
v -20.1960 0.2311 27.5211
v -20.2893 0.2105 27.8894
v -20.8024 0.2508 27.4338
v -20.8558 0.2404 27.7228
v -21.3906 0.2616 27.4010
v -21.4536 0.2590 27.5735
v -21.9237 0.2579 27.1574
v -21.9450 0.2582 27.1922
v 15.0829 -0.0598 -2.7232
v 15.0647 -0.0596 -2.7177
v 14.9423 -0.0740 -3.3175
v 14.8613 -0.0726 -3.2731
v 14.5711 -0.0934 -3.8098
v 14.4482 -0.0865 -3.6890
v 14.1571 -0.0939 -4.2206
v 13.9679 -0.0869 -4.0782
v 13.9239 -0.1040 -4.7568
v 13.6794 -0.0938 -4.6227
v 13.5658 -0.0982 -5.2767
v 13.4071 -0.0878 -5.1239
v 13.0316 -0.0627 -5.6021
v 12.9447 -0.0568 -5.4668
v 12.5002 -0.0454 -5.8900
v 12.4538 -0.0405 -5.8074
v 11.9471 -0.0330 -6.1303
v 11.9381 -0.0319 -6.1126
v 17.1004 -0.1755 -8.7246
v 17.0975 -0.1758 -8.7027
v 16.5133 -0.1364 -8.8467
v 16.4947 -0.1400 -8.7357
v 15.9500 -0.0983 -9.0079
v 15.8824 -0.1042 -8.8156
v 15.4315 -0.0707 -9.3092
v 15.3331 -0.0765 -9.0618
v 14.8674 -0.0697 -9.4948
v 14.7450 -0.0737 -9.2116
v 14.3932 -0.0819 -9.7720
v 14.1851 -0.0813 -9.5431
v 14.0677 -0.0921 -10.2181
v 13.8063 -0.0950 -10.0686
v 13.8227 -0.0766 -10.7720
v 13.5715 -0.0884 -10.6146
v 13.3891 -0.0689 -11.2638
v 13.2244 -0.0814 -11.0342
v 12.7828 -0.0716 -11.4938
v 12.7173 -0.0805 -11.2517
v 12.1649 -0.0612 -11.5617
v 12.1481 -0.0729 -11.3593
v 11.5558 -0.0361 -11.5519
v 11.5574 -0.0461 -11.3905
v 10.9586 -0.0126 -11.4989
v 10.9554 -0.0143 -11.3979
v 10.3613 -0.0050 -11.5211
v 10.3589 -0.0058 -11.4977
v 13.9877 -0.0256 -11.9660
v 13.9788 -0.0262 -11.9570
v 13.5793 0.0029 -12.4053
v 13.5310 0.0002 -12.3585
v 13.1741 0.0277 -12.8455
v 13.1217 0.0262 -12.7996
v 12.7704 0.0579 -13.2889
v 12.7591 0.0576 -13.2796
v 16.8265 -0.1349 -9.8751
v 16.8130 -0.1353 -9.8546
v 16.3607 -0.1231 -10.2441
v 16.2770 -0.1202 -10.1462
v 15.9914 -0.1024 -10.7106
v 15.8379 -0.0967 -10.5665
v 15.5956 -0.0835 -11.1611
v 15.3992 -0.0812 -10.9785
v 15.1910 -0.0595 -11.6482
v 15.0047 -0.0628 -11.3866
v 14.6033 -0.0328 -11.8970
v 14.4851 -0.0420 -11.6004
v 14.0342 -0.0164 -12.1069
v 13.9323 -0.0345 -11.8160
v 13.4728 -0.0050 -12.2790
v 13.3514 -0.0260 -12.0115
v 12.9582 0.0139 -12.5743
v 12.8374 -0.0056 -12.3343
v 12.3983 0.0316 -12.8030
v 12.2880 0.0094 -12.5636
v 11.8624 0.0604 -13.0815
v 11.7553 0.0410 -12.8309
v 11.2894 0.0790 -13.2586
v 11.1952 0.0645 -13.0488
v 10.7505 0.1090 -13.5329
v 10.6859 0.0984 -13.3588
v 10.1575 0.1153 -13.6222
v 10.1034 0.1103 -13.5109
v 9.6816 0.1303 -13.9649
v 9.6639 0.1294 -13.9441
v 12.6456 -0.0520 -1.1547
v 12.6375 -0.0523 -1.1917
v 13.2554 -0.0597 -1.2117
v 13.2000 -0.0556 -1.3913
v 13.8480 -0.0715 -1.3886
v 13.7203 -0.0642 -1.6631
v 14.4290 -0.0697 -1.6433
v 14.1993 -0.0607 -1.9709
v 14.9483 -0.0530 -2.0523
v 14.5703 -0.0518 -2.3666
v 15.2824 -0.0570 -2.5831
v 14.8651 -0.0612 -2.8577
v 15.6221 -0.0668 -3.0682
v 15.2153 -0.0760 -3.3546
v 15.9573 -0.0890 -3.5692
v 15.5722 -0.1071 -3.8339
v 16.3025 -0.1283 -4.0989
v 15.8942 -0.1426 -4.3015
v 16.5267 -0.1628 -4.6940
v 16.0605 -0.1659 -4.8411
v 16.6982 -0.1706 -5.2358
v 16.2204 -0.1770 -5.4526
v 17.0341 -0.1783 -5.7227
v 16.5341 -0.1871 -5.9747
v 17.2871 -0.1809 -6.2914
v 16.7054 -0.2023 -6.5285
v 17.5491 -0.1717 -6.8586
v 16.9246 -0.1999 -7.0606
v 17.7004 -0.1802 -7.5363
v 17.0274 -0.1904 -7.5557
v 17.6038 -0.1907 -8.2143
v 16.9376 -0.1816 -8.0631
v 17.3953 -0.1763 -8.8199
v 16.8026 -0.1639 -8.6073
v 17.1336 -0.1528 -9.3315
v 16.5990 -0.1334 -9.2018
v 17.0758 -0.1341 -9.9638
v 16.5637 -0.1340 -9.7659
v 16.6728 -0.1177 -10.5129
v 16.2310 -0.1175 -10.1649
v 16.2697 -0.0982 -11.0193
v 15.8847 -0.0986 -10.5957
v 15.7158 -0.0772 -11.4336
v 15.4344 -0.0829 -10.8381
v 15.1402 -0.0580 -11.6547
v 14.8649 -0.0696 -10.9760
v 14.6151 -0.0330 -11.8990
v 14.3186 -0.0508 -11.2721
v 14.0005 -0.0150 -12.1275
v 13.8357 -0.0482 -11.5290
v 13.3276 -0.0116 -12.1945
v 13.3174 -0.0531 -11.6069
v 12.6716 -0.0293 -12.1049
v 12.7778 -0.0662 -11.5929
v 12.0596 -0.0401 -11.8800
v 12.2518 -0.0715 -11.4372
v 11.5126 -0.0316 -11.6146
v 11.7434 -0.0720 -11.1314
v 10.9929 -0.0145 -11.4297
v 11.1557 -0.0349 -10.8543
v 10.4728 -0.0115 -11.3211
v 10.4904 -0.0239 -10.7764
v 9.9031 -0.0083 -11.2886
v 9.8651 -0.0158 -10.9185
v 9.3330 -0.0003 -11.2938
v 9.2429 -0.0044 -11.0490
v 8.8329 0.0172 -11.5763
v 8.7470 0.0158 -11.4360
v 8.2744 0.0390 -11.8137
v 8.2568 0.0387 -11.7819
v 33.1306 0.7827 51.1471
v 33.2901 0.7801 51.1775
v 32.7440 0.7438 51.6749
v 33.4520 0.7539 51.8285
v 32.3774 0.6544 52.2530
v 33.5346 0.7333 52.4164
v 32.1733 0.5821 52.8925
v 33.6887 0.7007 52.9758
v 31.9711 0.5128 53.5596
v 33.8093 0.6738 53.5059
v 32.0995 0.4650 54.3448
v 33.8322 0.6603 53.9112
v 32.4359 0.4401 55.0785
v 33.9230 0.6569 54.2988
v 32.7143 0.4358 55.5210
v 34.3241 0.6675 54.8455
v 32.7033 0.4199 55.9233
v 34.5648 0.5962 55.6210
v 32.7403 0.3950 56.5070
v 34.6826 0.5081 56.2273
v 32.7240 0.3359 57.1042
v 34.8862 0.4055 56.8154
v 32.7076 0.2835 57.5220
v 35.0329 0.2711 57.5904
v 32.5954 0.2085 58.0202
v 34.9449 0.1770 58.2754
v 32.5875 0.1662 58.3996
v 34.8943 0.0877 59.0946
v 32.3760 0.1190 58.7847
v 34.4925 0.0458 59.7409
v 32.2703 0.0528 59.5754
v 34.2296 0.0449 60.0922
v 32.1693 0.0020 60.3235
v 34.0880 0.0458 60.5194
v 32.1348 -0.0281 61.0088
v 34.1225 0.0461 61.0340
v 32.0934 -0.0261 61.6181
v 34.1335 0.0342 61.6244
v 31.9998 -0.0333 62.3613
v 34.2502 0.0022 62.0810
v 32.0194 -0.0478 63.2892
v 34.5025 -0.0313 62.3219
v 32.3462 -0.0820 63.9276
v 34.7660 -0.0875 62.7282
v 32.6093 -0.1232 64.2252
v 34.9768 -0.2213 63.5330
v 32.7241 -0.1675 64.6126
v 35.0567 -0.3581 64.3297
v 32.8670 -0.2600 65.2980
v 35.0079 -0.3998 64.8407
v 33.1507 -0.3862 65.8203
v 35.1271 -0.4971 65.4487
v 33.0745 -0.4814 66.2417
v 35.2385 -0.6275 66.2267
v 32.8849 -0.5630 66.6600
v 35.4095 -0.7872 67.0083
v 32.6994 -0.6657 67.2008
v 35.2879 -0.8796 67.6276
v 32.8169 -0.8032 67.9180
v 35.0888 -0.9437 68.1076
v 32.8917 -0.8956 68.4125
v 34.8961 -1.0544 68.8073
v 32.7169 -0.9758 68.8928
v 34.7270 -1.1698 69.4766
v 32.5272 -1.0637 69.4409
v 34.5912 -1.2554 70.0836
v 32.3576 -1.1333 69.8970
v 34.3731 -1.3078 70.7630
v 32.0282 -1.2235 70.4771
v 34.1456 -1.3504 71.2459
v 31.8430 -1.3084 71.1988
v 34.0760 -1.3940 71.6968
v 31.6660 -1.3883 71.8699
v 33.9854 -1.4461 72.1955
v 31.6454 -1.4718 72.2911
v 33.9411 -1.5336 72.9726
v 31.4601 -1.5072 72.4676
v 33.5270 -1.6466 73.8357
v 31.1998 -1.5470 72.7554
v 33.0646 -1.7402 74.5058
v 30.8915 -1.6260 73.3343
v 32.4626 -1.7784 74.7088
v 30.7546 -1.7314 74.1174
v 31.9455 -1.8180 74.9318
v 30.6696 -1.7826 74.7478
v 31.3300 -1.8762 75.2757
v 30.5232 -1.8191 75.3910
v 30.6802 -1.8463 75.5303
v 30.2022 0.0682 4.7312
v 30.2677 0.0717 4.7303
v 30.0958 0.0558 5.3348
v 30.3893 0.0610 5.3266
v 30.0343 0.0437 5.9562
v 30.5023 0.0546 5.9041
v 30.1601 0.0337 6.5702
v 30.5898 0.0411 6.4710
v 30.4143 0.0201 7.1317
v 30.6619 0.0200 7.0643
v 30.6615 -0.0047 7.6859
v 30.7180 -0.0048 7.6711
v 31.8865 0.1184 2.2524
v 31.9919 0.1194 2.3147
v 31.4178 0.0974 2.6345
v 31.8498 0.1053 2.9655
v 30.8808 0.0830 2.9619
v 31.5486 0.0924 3.4968
v 30.4366 0.0790 3.4723
v 31.3379 0.0830 3.9920
v 30.1055 0.0710 3.9339
v 31.1267 0.0751 4.6009
v 29.7418 0.0556 4.2911
v 30.7281 0.0670 5.1704
v 29.2332 0.0293 4.7915
v 30.4032 0.0581 5.5333
v 28.9621 0.0265 5.3852
v 30.2489 0.0486 6.0617
v 28.5998 0.0259 5.7746
v 29.9282 0.0249 6.6589
v 28.2669 0.0391 6.2656
v 29.6144 0.0112 7.1788
v 27.9640 0.0233 6.6811
v 29.2179 0.0059 7.7384
v 27.5147 0.0005 7.1426
v 28.8241 0.0048 8.1309
v 27.2120 -0.0105 7.8167
v 28.5367 -0.0064 8.5016
v 27.0503 -0.0161 8.3855
v 28.1869 -0.0202 9.0183
v 26.7278 -0.0373 8.8944
v 27.8561 -0.0442 9.5160
v 26.4230 -0.0442 9.5770
v 27.6591 -0.0638 9.9234
v 26.4377 -0.0445 10.2791
v 27.5066 -0.0671 10.4134
v 26.4266 -0.0373 10.8471
v 27.3563 -0.0457 11.0345
v 26.4158 -0.0124 11.4501
v 27.0551 -0.0054 11.5902
v 26.5681 0.0174 12.1003
v 26.7017 0.0183 12.1230
v 41.6904 -0.1623 -0.6203
v 41.7551 -0.1678 -0.5715
v 41.2002 -0.1753 -0.2001
v 41.5222 -0.1966 -0.0341
v 40.9257 -0.1778 0.3648
v 41.4357 -0.2002 0.5454
v 40.6545 -0.1651 0.8594
v 41.2675 -0.2005 1.1674
v 40.3910 -0.1475 1.4244
v 40.8973 -0.1852 1.6214
v 40.3642 -0.1235 2.0605
v 40.7025 -0.1587 2.1647
v 40.2562 -0.1132 2.6463
v 40.3297 -0.1202 2.6784
v 42.8914 -0.2422 1.5129
v 42.9391 -0.2433 1.4456
v 43.3005 -0.2335 1.9784
v 43.5089 -0.2573 1.6743
v 43.7666 -0.1990 2.3991
v 44.0434 -0.2281 1.9159
v 44.2856 -0.1538 2.7579
v 44.6020 -0.1986 2.0853
v 44.8588 -0.1103 3.0484
v 45.1228 -0.1663 2.2879
v 45.5289 -0.0801 3.1287
v 45.6169 -0.1331 2.4985
v 46.1608 -0.0608 3.0468
v 46.1843 -0.1035 2.6192
v 46.7668 -0.0323 2.9306
v 46.7747 -0.0418 2.8284
v 38.1417 0.0144 -4.5541
v 38.2395 0.0136 -4.6494
v 38.3753 0.0369 -3.9911
v 38.8434 0.0285 -4.3531
v 38.5271 0.0533 -3.4351
v 39.3127 0.0510 -3.8824
v 38.6816 0.0346 -2.7850
v 39.7242 0.0185 -3.4743
v 38.9534 0.0130 -2.1249
v 40.2042 0.0052 -3.1992
v 39.4280 -0.0289 -1.5331
v 40.5408 -0.0100 -2.9066
v 39.8808 -0.0536 -1.1477
v 41.1214 -0.0280 -2.6820
v 40.1602 -0.0879 -0.7390
v 41.6548 -0.0656 -2.2079
v 40.5596 -0.1304 -0.3328
v 42.1239 -0.1067 -1.7861
v 40.8604 -0.1706 0.0687
v 42.5851 -0.1542 -1.2606
v 41.1923 -0.1928 0.4546
v 42.9555 -0.2021 -0.6734
v 41.5525 -0.2053 0.8226
v 43.1843 -0.2480 0.0040
v 41.8337 -0.2158 1.3609
v 43.3890 -0.2489 0.5630
v 42.1603 -0.2113 1.9710
v 43.6702 -0.2554 0.9875
v 42.4604 -0.1941 2.4195
v 44.0709 -0.2426 1.5132
v 42.5642 -0.1699 2.8835
v 44.4361 -0.1979 2.1538
v 42.8387 -0.1347 3.5027
v 44.5640 -0.1522 2.6650
v 43.4685 -0.0833 4.0614
v 44.5737 -0.1141 3.1217
v 44.2196 -0.0514 4.3102
v 44.7220 -0.0665 3.6674
v 44.9167 -0.0123 4.3992
v 45.0131 -0.0167 4.2593
v 57.9068 0.5539 -30.2119
v 57.9867 0.5496 -30.1377
v 57.4017 0.5224 -29.9227
v 57.6754 0.5017 -29.5475
v 56.8483 0.5029 -29.8374
v 57.1421 0.4660 -29.1237
v 56.3152 0.4766 -29.6726
v 56.5452 0.4405 -28.8849
v 55.7842 0.4431 -29.3964
v 55.9065 0.4234 -28.8934
v 55.2489 0.4081 -29.0548
v 55.2796 0.4036 -28.9356
v 54.6609 0.7252 -33.5933
v 54.7791 0.7371 -33.7427
v 54.9315 0.7191 -32.9654
v 55.4493 0.7817 -33.6257
v 55.1534 0.7167 -32.4182
v 56.1752 0.8179 -33.4368
v 55.1986 0.6831 -31.8644
v 56.8632 0.7695 -33.0406
v 55.4020 0.5819 -31.0608
v 57.3104 0.7398 -32.8359
v 55.7637 0.5093 -30.5544
v 57.9072 0.7091 -32.6205
v 55.9768 0.4919 -30.1353
v 58.3803 0.6740 -32.0551
v 56.3845 0.4777 -29.6516
v 58.7811 0.6521 -31.6520
v 56.6381 0.4644 -29.2928
v 59.2554 0.6234 -31.0568
v 57.1265 0.4337 -28.7287
v 59.3781 0.5939 -30.5882
v 57.8731 0.3979 -28.2929
v 59.5301 0.5695 -30.2286
v 58.3258 0.3658 -27.9407
v 60.0018 0.5487 -29.8157
v 58.5829 0.3396 -27.6552
v 60.6084 0.4931 -29.2681
v 58.7645 0.3074 -27.2855
v 61.0455 0.4422 -28.6095
v 58.8728 0.2949 -26.6740
v 61.5231 0.4295 -28.1738
v 59.1870 0.2862 -25.8527
v 61.8050 0.4271 -27.9536
v 59.9815 0.2736 -25.5855
v 61.8982 0.3993 -27.4134
v 60.5915 0.2824 -25.5067
v 62.0526 0.3587 -26.5673
v 61.1943 0.2900 -25.2409
v 62.0925 0.3220 -25.8195
v 61.8836 0.2551 -24.9704
v 62.0602 0.2653 -25.0859
v -39.1148 0.3324 24.2691
v -39.0261 0.3335 24.1642
v -38.8310 0.3158 24.8531
v -38.3934 0.3388 24.3548
v -38.6108 0.2920 25.3715
v -37.7271 0.3221 24.6453
v -38.5519 0.2842 25.9032
v -37.1643 0.3261 25.1399
v -38.4794 0.3071 26.6619
v -36.7027 0.3317 25.4559
v -38.0613 0.3488 27.2459
v -36.3192 0.3259 25.7648
v -37.6367 0.3979 27.7862
v -35.9914 0.3288 26.1594
v -37.1385 0.4164 28.2138
v -35.5634 0.3479 26.4948
v -36.5743 0.4310 28.6541
v -35.2867 0.3687 26.9106
v -35.7707 0.4447 28.9177
v -35.0248 0.3839 27.1988
v -35.2075 0.4560 29.0890
v -34.4570 0.3990 27.4288
v -34.6459 0.4509 29.4187
v -33.9703 0.4199 27.6830
v -34.0818 0.4514 29.5599
v -33.3671 0.4335 27.8203
v -33.7205 0.4463 29.9138
v -32.7026 0.4481 28.0891
v -33.0969 0.4436 30.1486
v -32.2575 0.4483 28.4000
v -32.5025 0.4490 30.1179
v -31.7577 0.4437 28.9232
v -31.9365 0.4695 30.1875
v -31.3997 0.4601 29.6194
v -31.3193 0.4901 30.3983
v -31.2000 0.4880 30.2875
v -26.0882 0.1793 -30.4218
v -26.0151 0.1742 -30.3630
v -26.6246 0.1815 -30.0434
v -26.2297 0.1601 -29.8055
v -27.0120 0.1750 -29.5424
v -26.3183 0.1523 -29.2049
v -27.4507 0.1846 -29.1097
v -26.4523 0.1492 -28.5831
v -27.9044 0.1906 -28.5536
v -26.5453 0.1395 -28.0710
v -28.0835 0.1788 -27.8539
v -26.6157 0.1303 -27.5969
v -28.1453 0.1522 -27.3560
v -26.7181 0.1064 -26.9061
v -28.2937 0.1442 -26.9896
v -27.1168 0.1136 -26.2044
v -28.4962 0.1327 -26.6012
v -27.6905 0.1532 -25.6777
v -28.9715 0.1352 -26.2745
v -28.2271 0.1756 -25.3594
v -29.4716 0.1522 -25.7875
v -28.5644 0.1947 -24.9869
v -29.8656 0.1700 -25.3112
v -28.9193 0.2184 -24.5255
v -30.2387 0.1690 -24.9840
v -29.3302 0.2073 -23.9442
v -30.6812 0.1435 -24.8355
v -29.8931 0.1789 -23.4378
v -31.3335 0.0864 -24.4940
v -30.3217 0.1516 -23.2579
v -31.7991 0.0570 -23.7857
v -30.5807 0.1287 -23.0098
v -32.0465 0.0347 -23.2400
v -30.8936 0.1003 -22.4942
v -32.2943 0.0257 -22.8309
v -31.3841 0.0709 -21.9573
v -32.7200 0.0193 -22.4043
v -31.8733 0.0374 -21.6075
v -33.0655 -0.0032 -22.0097
v -32.2474 0.0401 -21.0417
v -33.4914 -0.0158 -21.9068
v -32.8883 0.0145 -20.5952
v -33.9129 -0.0176 -21.5979
v -33.5783 -0.0137 -20.4520
v -34.4413 -0.0367 -21.2905
v -34.2302 -0.0209 -20.5424
v -34.9744 -0.0320 -20.9040
v -34.8166 -0.0215 -20.4968
v -35.4724 -0.0203 -20.5286
v -35.4370 -0.0181 -20.4375
v 58.6509 0.1854 -18.5224
v 58.7744 0.1905 -18.4946
v 58.2870 0.2343 -17.9986
v 58.8743 0.2486 -17.8478
v 57.9059 0.2308 -17.5357
v 58.9228 0.2516 -17.1577
v 57.4655 0.2046 -17.0452
v 58.8620 0.2523 -16.5578
v 57.1592 0.2090 -16.5188
v 58.8823 0.2740 -15.9189
v 56.9172 0.2080 -16.0727
v 58.6247 0.2806 -15.2738
v 56.7211 0.2055 -15.4860
v 58.3033 0.2753 -14.7779
v 56.6112 0.2012 -14.9158
v 57.9507 0.2640 -14.2408
v 56.4286 0.2037 -14.5535
v 57.5186 0.2401 -13.5724
v 56.0564 0.2221 -14.3087
v 56.9304 0.2058 -13.0979
v 55.5273 0.2668 -13.9471
v 56.4742 0.2160 -12.7744
v 55.0466 0.2978 -13.6433
v 56.0776 0.2359 -12.2595
v 54.3724 0.2984 -13.3469
v 55.7163 0.2509 -11.9495
v 53.9939 0.3041 -12.7166
v 55.4484 0.2629 -11.5687
v 53.7550 0.3159 -12.3335
v 54.8542 0.2845 -11.0882
v 53.3879 0.3594 -12.0104
v 54.2608 0.3009 -10.6920
v 52.8907 0.4176 -11.6271
v 53.7207 0.3291 -10.4720
v 52.3970 0.4647 -11.1310
v 53.3117 0.3741 -10.1774
v 51.9503 0.4806 -10.7722
v 52.9308 0.3812 -9.6672
v 51.4991 0.4649 -10.5630
v 52.4209 0.3650 -9.1580
v 50.9935 0.4234 -10.2317
v 51.8848 0.3782 -8.8936
v 50.5516 0.3856 -9.7332
v 51.3755 0.3647 -8.6605
v 49.9993 0.3505 -9.2269
v 50.9756 0.3381 -8.4365
v 49.6765 0.3304 -8.6142
v 50.7823 0.3181 -7.9658
v 49.3428 0.3194 -8.1624
v 50.4226 0.2949 -7.4382
v 49.0073 0.3001 -7.6415
v 50.1150 0.2684 -6.9459
v 48.7381 0.2695 -7.2133
v 49.7510 0.2377 -6.3548
v 48.4178 0.2515 -6.9353
v 49.1695 0.1846 -5.8411
v 47.8678 0.2339 -6.6522
v 48.6570 0.1445 -5.5666
v 47.3055 0.1540 -6.1079
v 48.3611 0.1116 -5.2721
v 46.8746 0.0869 -5.4408
v 48.1722 0.0771 -4.9116
v 46.7052 0.0345 -4.8643
v 48.0661 0.0268 -4.3201
v 46.4321 -0.0025 -4.3439
v 47.7334 -0.0216 -3.8046
v 46.3132 -0.0649 -3.6579
v 47.5478 -0.0420 -3.3300
v 46.1815 -0.0937 -3.1329
v 47.3680 -0.0673 -2.6961
v 45.8353 -0.1201 -2.6524
v 47.1998 -0.0946 -2.0923
v 45.5366 -0.1509 -2.0104
v 47.1029 -0.1119 -1.6015
v 45.4723 -0.1776 -1.2331
v 46.9587 -0.1265 -1.1971
v 45.6609 -0.1940 -0.5589
v 46.9211 -0.1371 -0.6809
v 45.8233 -0.2024 0.0452
v 46.8388 -0.1518 -0.0876
v 46.0535 -0.1681 0.6107
v 46.8390 -0.1227 0.5246
v 46.2164 -0.1643 1.1812
v 46.7063 -0.1276 1.1537
v 46.4614 -0.1575 1.7697
v 46.5659 -0.1502 1.7606
v 44.7177 0.5470 -56.7453
v 44.7588 0.5503 -56.7312
v 44.4434 0.5641 -56.1865
v 44.6452 0.5741 -56.1544
v 44.4502 0.5587 -55.5755
v 44.6558 0.5691 -55.5655
v 44.4640 0.5375 -54.9767
v 44.5086 0.5391 -54.9718
v 42.0749 0.1858 -60.6266
v 42.1541 0.1904 -60.6462
v 42.0803 0.2301 -59.9872
v 42.4365 0.2535 -60.1207
v 42.2562 0.2893 -59.3751
v 42.8090 0.3183 -59.6654
v 42.4808 0.3695 -58.7487
v 43.1520 0.3710 -59.2346
v 42.9258 0.4006 -58.2204
v 43.5343 0.4049 -58.8936
v 43.4278 0.4108 -57.8823
v 43.9804 0.4251 -58.4962
v 43.8059 0.4410 -57.4837
v 44.4331 0.4607 -58.0289
v 44.1265 0.4787 -57.0635
v 44.8542 0.4974 -57.5058
v 44.3243 0.5345 -56.5927
v 45.1522 0.5596 -56.8838
v 44.4257 0.5647 -55.9304
v 45.3478 0.5961 -56.3834
v 44.8618 0.5747 -55.3080
v 45.6504 0.6187 -56.0601
v 45.3985 0.5984 -55.0172
v 46.0234 0.6372 -55.5684
v 45.7976 0.5910 -54.6472
v 46.2872 0.6099 -54.9381
v 46.1801 0.5865 -54.1747
v 46.4661 0.5964 -54.3499
v 46.6412 0.6002 -53.7526
v 46.6948 0.5997 -53.7902
v 27.8811 -0.3337 -62.9528
v 27.7647 -0.3334 -63.0333
v 28.4304 -0.3909 -63.2870
v 27.8986 -0.3897 -63.6857
v 28.9856 -0.4416 -63.6282
v 28.0987 -0.4459 -64.2769
v 29.4283 -0.4756 -64.0548
v 28.3159 -0.5026 -64.8526
v 29.8020 -0.4726 -64.4561
v 28.6800 -0.5617 -65.3977
v 30.0933 -0.4777 -64.7821
v 29.1928 -0.6175 -65.9624
v 30.4214 -0.4861 -64.9155
v 29.9361 -0.6425 -66.3693
v 30.9136 -0.5078 -64.9794
v 30.6251 -0.6628 -66.5172
v 31.5349 -0.5243 -64.9799
v 31.1814 -0.6980 -66.7476
v 32.1690 -0.5210 -64.9757
v 31.7231 -0.7114 -66.9913
v 32.7249 -0.5277 -65.1378
v 32.3345 -0.7084 -67.1080
v 33.2622 -0.5600 -65.3166
v 32.9824 -0.6914 -67.1166
v 33.7539 -0.5552 -65.4311
v 33.6769 -0.6726 -67.1833
v 34.2687 -0.5333 -65.4701
v 34.3596 -0.6357 -67.0679
v 34.9116 -0.5034 -65.4915
v 34.9153 -0.6018 -66.9866
v 35.5259 -0.4688 -65.4272
v 35.4997 -0.5793 -67.1048
v 35.9503 -0.4396 -65.3015
v 36.2753 -0.5452 -67.2141
v 36.3220 -0.3877 -65.1913
v 37.0415 -0.4859 -66.9434
v 36.7965 -0.3125 -65.1182
v 37.6442 -0.3485 -66.4877
v 37.2361 -0.2439 -64.8504
v 38.1584 -0.2558 -66.0272
v 37.6235 -0.1891 -64.5211
v 38.7061 -0.2074 -65.6045
v 37.9394 -0.1564 -64.0973
v 39.1429 -0.1886 -65.0937
v 38.3116 -0.1297 -63.6490
v 39.5483 -0.1757 -64.6281
v 38.6576 -0.1012 -63.1533
v 39.9136 -0.1448 -64.1573
v 39.0297 -0.0740 -62.7188
v 40.3276 -0.1093 -63.6851
v 39.2954 -0.0541 -62.2699
v 40.7049 -0.0653 -63.1208
v 39.6407 -0.0153 -61.6685
v 40.9566 -0.0327 -62.6813
v 40.1670 0.0283 -61.1229
v 41.2838 -0.0064 -62.3833
v 40.6963 0.0648 -60.8566
v 41.6947 0.0487 -61.9039
v 41.2580 0.1280 -60.5178
v 41.9228 0.1153 -61.3392
v 41.9460 0.1932 -60.3928
v 42.2829 0.1817 -60.8801
v 42.5320 0.2552 -60.2009
v 42.6137 0.2583 -60.2976
v 12.4977 0.0922 30.1441
v 12.2428 0.1007 30.1441
v 12.2266 0.0994 30.3410
v 12.4034 0.0918 30.4343
v 12.5881 0.0889 30.4224
v 12.7159 0.0906 30.3027
v 12.7575 0.0918 30.1441
v 12.6456 0.0915 30.0366
v 12.5932 0.0993 29.8501
v 12.4178 0.1000 29.8982
v 12.3009 0.1008 30.0011
v -4.2585 -0.0015 22.0087
v -4.5878 -0.0115 22.0087
v -4.7842 -0.0232 22.3906
v -4.4380 -0.0265 22.5610
v -4.1357 -0.0123 22.3869
v -3.7642 0.0009 22.3678
v -3.8497 0.0115 22.0087
v -3.7378 0.0297 21.6303
v -4.1572 0.0107 21.6969
v -4.3583 0.0030 21.7017
v -4.7378 -0.0073 21.6605
v 45.8261 0.4923 -55.4629
v 45.6816 0.4866 -55.4629
v 45.6960 0.4856 -55.3683
v 45.7850 0.4866 -55.3363
v 45.8761 0.4870 -55.3092
v 45.9856 0.4893 -55.3471
v 46.0031 0.4932 -55.4629
v 46.0032 0.4959 -55.5915
v 45.8944 0.4936 -55.6729
v 45.7815 0.4901 -55.6003
v 45.6297 0.4845 -55.6056
v -14.8667 0.0255 30.9067
v -15.1576 0.0204 30.9067
v -15.1127 0.0098 31.0854
v -14.9525 0.0056 31.1706
v -14.7623 0.0023 31.2281
v -14.7119 0.0173 31.0192
v -14.6173 0.0269 30.9067
v -14.6990 0.0345 30.7848
v -14.8055 0.0375 30.7183
v -14.9725 0.0442 30.5813
v -15.0743 0.0314 30.7559
v 3.4734 0.1278 23.0192
v 3.2960 0.1270 23.0192
v 3.3318 0.1296 23.1221
v 3.4075 0.1312 23.2220
v 3.5374 0.1304 23.2162
v 3.6983 0.1294 23.1826
v 3.6718 0.1269 23.0192
v 3.5847 0.1247 22.9384
v 3.5209 0.1225 22.8731
v 3.3938 0.1212 22.7744
v 3.3034 0.1229 22.8958
v 14.5706 0.2159 12.9304
v 14.4247 0.2116 12.9304
v 14.3970 0.2076 13.0565
v 14.4827 0.2041 13.2008
v 14.6336 0.2091 13.1245
v 14.8066 0.2120 13.1019
v 14.7570 0.2159 12.9304
v 14.6940 0.2174 12.8407
v 14.6345 0.2192 12.7337
v 14.4900 0.2182 12.6823
v 14.3758 0.2138 12.7889
v 0.4611 0.0999 23.7541
v -0.0397 0.0797 23.7541
v 0.0634 0.0830 24.0430
v 0.3404 0.0907 24.1257
v 0.6064 0.0963 24.2015
v 0.7442 0.1025 23.9598
v 0.7711 0.1047 23.7541
v 0.8540 0.1034 23.4686
v 0.5574 0.0975 23.4576
v 0.3395 0.0917 23.3799
v 0.2154 0.0903 23.5756
v -16.6363 0.2432 25.7793
v -17.1918 0.2587 25.7793
v -17.0147 0.2615 26.0542
v -16.8096 0.2576 26.3127
v -16.4616 0.2311 26.3171
v -16.1674 0.2121 26.1201
v -16.0826 0.2187 25.7793
v -16.1995 0.2236 25.4620
v -16.5109 0.2332 25.3933
v -16.7506 0.2420 25.4276
v -17.1050 0.2542 25.4389
v 7.4231 0.1282 28.4949
v 7.1996 0.1326 28.4949
v 7.2890 0.1293 28.5923
v 7.3549 0.1264 28.7048
v 7.5045 0.1214 28.7455
v 7.6064 0.1193 28.6280
v 7.6622 0.1190 28.4949
v 7.5814 0.1227 28.3798
v 7.4749 0.1263 28.3355
v 7.3769 0.1289 28.3527
v 7.2059 0.1354 28.3370
v 46.4337 0.4583 -54.3648
v 46.1191 0.4499 -54.3648
v 46.1533 0.4459 -54.1611
v 46.3031 0.4485 -53.9630
v 46.5558 0.4544 -53.9890
v 46.6064 0.4562 -54.2393
v 46.6929 0.4574 -54.3648
v 46.7502 0.4596 -54.5948
v 46.5292 0.4612 -54.6589
v 46.3615 0.4596 -54.5871
v 46.1569 0.4566 -54.5659
v -4.8587 0.0129 16.6658
v -5.0104 0.0047 16.6658
v -5.0778 0.0129 16.8250
v -4.9008 0.0180 16.7953
v -4.7833 0.0301 16.8979
v -4.7094 0.0261 16.7743
v -4.6678 0.0202 16.6658
v -4.6813 0.0089 16.5369
v -4.7961 -0.0007 16.4733
v -4.9199 -0.0062 16.4773
v -5.0515 -0.0071 16.5257
v 13.2741 -0.0977 -4.4277
v 12.8753 -0.0823 -4.4277
v 12.8577 -0.0794 -4.1252
v 13.1711 -0.0921 -4.1108
v 13.4070 -0.0991 -4.0187
v 13.7295 -0.1096 -4.0969
v 13.8779 -0.1195 -4.4277
v 13.7754 -0.1273 -4.7920
v 13.4226 -0.1140 -4.8848
v 13.1459 -0.1001 -4.8221
v 12.9641 -0.0890 -4.6529
v -4.6728 0.0053 19.5782
v -5.1643 -0.0294 19.5782
v -5.0151 -0.0299 19.8269
v -4.8174 -0.0151 20.0233
v -4.5684 0.0014 19.8994
v -4.3039 0.0220 19.8462
v -4.3851 0.0189 19.5782
v -4.2794 0.0294 19.2924
v -4.5730 0.0156 19.2712
v -4.8217 0.0171 19.1199
v -4.8975 0.0001 19.4149
v -18.9723 0.1122 2.3002
v -19.3786 0.0995 2.3002
v -19.3902 0.0937 2.6038
v -19.1269 0.0958 2.7761
v -18.8429 0.1055 2.6985
v -18.6797 0.1126 2.5128
v -18.6050 0.1162 2.3002
v -18.6258 0.1224 2.0484
v -18.8140 0.1319 1.8130
v -19.1122 0.1235 1.8697
v -19.2870 0.1106 2.0716
v 6.2675 0.0096 4.6868
v 6.0443 0.0111 4.6868
v 6.0900 0.0088 4.8159
v 6.1815 0.0053 4.9517
v 6.3152 0.0048 4.8335
v 6.4345 0.0034 4.8081
v 6.5496 0.0037 4.6868
v 6.4472 0.0070 4.5563
v 6.3242 0.0092 4.5125
v 6.2124 0.0107 4.5171
v 6.1145 0.0114 4.5757
v 42.9511 -0.3042 2.0299
v 42.6377 -0.2997 2.0299
v 42.6910 -0.2902 2.2188
v 42.8691 -0.2895 2.2822
v 43.1030 -0.2793 2.4976
v 43.3527 -0.2946 2.3217
v 43.4049 -0.3160 2.0299
v 43.2042 -0.3238 1.8459
v 43.1176 -0.3310 1.5174
v 42.8460 -0.3230 1.7066
v 42.5592 -0.3131 1.7452
v 17.9270 0.2813 10.3903
v 17.7032 0.2869 10.3903
v 17.8145 0.2820 10.4721
v 17.8590 0.2783 10.5996
v 17.9829 0.2738 10.5622
v 18.1446 0.2666 10.5484
v 18.0697 0.2735 10.3903
v 18.1231 0.2754 10.2479
v 18.0048 0.2833 10.1511
v 17.8666 0.2863 10.2044
v 17.8001 0.2859 10.2981
v -15.6808 0.1726 24.9154
v -15.8745 0.1801 24.9154
v -15.8707 0.1891 25.0534
v -15.7471 0.1875 25.1194
v -15.6338 0.1782 25.0601
v -15.5663 0.1711 24.9987
v -15.5511 0.1650 24.9154
v -15.5719 0.1634 24.8363
v -15.6289 0.1647 24.7556
v -15.7448 0.1693 24.7187
v -15.8657 0.1760 24.7811
v -4.7115 -0.0379 15.8908
v -5.2203 -0.0534 15.8908
v -5.0595 -0.0332 16.1436
v -4.8731 -0.0099 16.3880
v -4.5833 -0.0075 16.2855
v -4.4172 -0.0169 16.1047
v -4.2576 -0.0305 15.8908
v -4.2866 -0.0547 15.5821
v -4.5580 -0.0649 15.4183
v -4.8147 -0.0619 15.5734
v -4.9857 -0.0581 15.6916
v 45.4272 0.4753 -55.6703
v 45.0116 0.4508 -55.6703
v 45.1292 0.4577 -55.4538
v 45.3340 0.4701 -55.3834
v 45.5182 0.4799 -55.3902
v 45.7745 0.4884 -55.4180
v 45.8464 0.4921 -55.6703
v 45.7520 0.4853 -55.9062
v 45.5524 0.4709 -56.0555
v 45.3247 0.4595 -55.9859
v 45.1673 0.4556 -55.8592
v -23.6697 -0.0100 22.4553
v -24.0707 -0.0254 22.4553
v -23.9252 -0.0137 22.6410
v -23.7850 -0.0032 22.8102
v -23.5410 0.0084 22.8514
v -23.3595 0.0121 22.6807
v -23.1421 0.0234 22.4553
v -23.2821 0.0088 22.1737
v -23.5264 -0.0115 22.0143
v -23.8172 -0.0335 22.0013
v -24.0661 -0.0385 22.1673
v 9.1268 -0.0303 -10.8326
v 8.8360 -0.0228 -10.8326
v 8.8378 -0.0295 -10.6226
v 9.0401 -0.0379 -10.5657
v 9.2445 -0.0411 -10.4705
v 9.3619 -0.0404 -10.6618
v 9.3677 -0.0382 -10.8326
v 9.4609 -0.0348 -11.0753
v 9.2089 -0.0283 -11.0851
v 9.0260 -0.0210 -11.1429
v 8.8639 -0.0178 -11.0237
v -19.4014 0.1825 27.4395
v -19.7224 0.1749 27.4395
v -19.6541 0.1669 27.6231
v -19.5714 0.1506 27.9626
v -19.2675 0.1616 27.8515
v -19.1078 0.1751 27.6528
v -19.0460 0.1874 27.4395
v -19.1366 0.1953 27.2471
v -19.2451 0.2085 26.9584
v -19.5402 0.1987 27.0122
v -19.6980 0.1858 27.2240
v 9.9037 0.1275 29.2939
v 9.3818 0.1064 29.2939
v 9.6825 0.1149 29.4545
v 9.7863 0.1166 29.6550
v 9.9969 0.1235 29.5807
v 10.1540 0.1297 29.4758
v 10.2671 0.1376 29.2939
v 10.3181 0.1556 28.9928
v 10.0216 0.1492 28.9308
v 9.7512 0.1380 28.8247
v 9.5176 0.1177 29.0134
v 44.0001 -0.2622 2.5599
v 43.6595 -0.2745 2.5599
v 43.8044 -0.2591 2.7021
v 43.8708 -0.2370 2.9578
v 44.1172 -0.2319 2.9203
v 44.3086 -0.2368 2.7841
v 44.3381 -0.2539 2.5599
v 44.2535 -0.2712 2.3757
v 44.1159 -0.2888 2.2033
v 43.8994 -0.2913 2.2500
v 43.7090 -0.2892 2.3484
v -2.8910 0.0276 7.0187
v -3.1868 0.0266 7.0187
v -3.2409 0.0219 7.2730
v -2.9751 0.0209 7.2777
v -2.7962 0.0194 7.3106
v -2.5119 0.0182 7.2942
v -2.5267 0.0239 7.0187
v -2.5597 0.0285 6.7781
v -2.7572 0.0310 6.6069
v -2.9901 0.0304 6.7136
v -3.3085 0.0317 6.7154
v 13.7815 0.1115 32.0460
v 13.2704 0.0849 32.0460
v 13.5351 0.0963 32.2250
v 13.6036 0.1082 32.5935
v 13.8941 0.1222 32.3928
v 14.2374 0.1334 32.3773
v 14.1972 0.1309 32.0460
v 14.2611 0.1301 31.6975
v 13.9284 0.1113 31.5939
v 13.6044 0.0983 31.5010
v 13.3249 0.0871 31.7143
v 58.8037 0.3496 -29.2485
v 58.4518 0.3501 -29.2485
v 58.3320 0.3203 -28.9058
v 58.6145 0.2969 -28.6663
v 58.9608 0.3022 -28.7648
v 59.1572 0.3268 -28.9917
v 59.1148 0.3668 -29.2485
v 59.1514 0.4013 -29.5011
v 58.9691 0.4204 -29.7574
v 58.6577 0.4013 -29.6977
v 58.3416 0.3816 -29.5842
v 32.8461 -0.1458 62.6463
v 32.5982 -0.1426 62.6463
v 32.6491 -0.1483 62.7894
v 32.7482 -0.1566 62.9474
v 32.9752 -0.1714 63.0436
v 33.1064 -0.1678 62.8354
v 33.1043 -0.1573 62.6463
v 33.0875 -0.1477 62.4709
v 32.9242 -0.1406 62.4058
v 32.7649 -0.1364 62.3963
v 32.6494 -0.1382 62.5034
v -0.7683 0.0950 15.8451
v -1.0473 0.0734 15.8451
v -0.8953 0.0852 15.9373
v -0.8156 0.0914 15.9906
v -0.6930 0.0999 16.0768
v -0.6131 0.1033 15.9578
v -0.5765 0.1043 15.8451
v -0.5228 0.1061 15.6667
v -0.6967 0.0954 15.6247
v -0.8478 0.0835 15.6004
v -1.0143 0.0718 15.6663
v -8.6233 0.0506 27.6028
v -9.0256 0.0443 27.6028
v -8.9558 0.0438 27.8444
v -8.7245 0.0415 27.9144
v -8.5426 0.0465 27.8509
v -8.3986 0.0489 27.7660
v -8.3214 0.0500 27.6028
v -8.2982 0.0465 27.3666
v -8.5410 0.0486 27.3496
v -8.6964 0.0484 27.3777
v -8.8930 0.0458 27.4068
v -15.8490 0.1203 21.1573
v -16.1536 0.1226 21.1573
v -16.1239 0.1258 21.3570
v -15.9468 0.1251 21.4583
v -15.7326 0.1196 21.5154
v -15.5178 0.1118 21.3979
v -15.5071 0.1063 21.1573
v -15.6317 0.1078 20.9995
v -15.7533 0.1097 20.8630
v -15.9636 0.1151 20.8044
v -16.0358 0.1196 21.0216
v -5.5096 -0.0488 16.1817
v -5.9459 -0.0725 16.1817
v -5.6916 -0.0496 16.3139
v -5.6144 -0.0304 16.5041
v -5.3885 -0.0167 16.5544
v -5.2568 -0.0262 16.3654
v -5.1895 -0.0355 16.1817
v -5.3222 -0.0490 16.0456
v -5.4102 -0.0615 15.8757
v -5.6109 -0.0704 15.8699
v -5.6938 -0.0671 16.0479
v -1.8928 0.0967 21.1709
v -2.2028 0.0921 21.1709
v -2.1105 0.0839 21.3291
v -1.9881 0.0755 21.4643
v -1.8335 0.0846 21.3535
v -1.7275 0.0890 21.2910
v -1.5827 0.0947 21.1709
v -1.7223 0.1018 21.0470
v -1.8345 0.1041 20.9915
v -1.9436 0.1019 21.0144
v -2.1493 0.1010 20.9845
v -18.3999 0.1258 16.1850
v -18.7422 0.1227 16.1850
v -18.6786 0.1278 16.3875
v -18.4782 0.1310 16.4261
v -18.2612 0.1383 16.6119
v -18.1490 0.1292 16.3673
v -17.9509 0.1194 16.1850
v -18.0563 0.1104 15.9354
v -18.3018 0.1134 15.8831
v -18.4680 0.1176 15.9757
v -18.6560 0.1187 15.9990
v -15.1684 0.1437 24.3870
v -15.6355 0.1585 24.3870
v -15.5424 0.1592 24.6587
v -15.2799 0.1493 24.7300
v -15.0461 0.1442 24.7634
v -14.9338 0.1359 24.5575
v -14.9195 0.1331 24.3870
v -14.8869 0.1300 24.1825
v -15.0747 0.1361 24.0984
v -15.3017 0.1433 23.9768
v -15.4475 0.1502 24.1843
v 12.6449 -0.0645 -5.3991
v 12.2881 -0.0501 -5.3991
v 12.3978 -0.0558 -5.2196
v 12.5094 -0.0633 -4.9820
v 12.7570 -0.0762 -5.0542
v 12.8627 -0.0791 -5.2409
v 13.0469 -0.0880 -5.3991
v 12.9103 -0.0809 -5.5919
v 12.7815 -0.0802 -5.8195
v 12.5255 -0.0667 -5.7666
v 12.2660 -0.0529 -5.6744
v -21.1133 -0.0188 4.5353
v -21.6776 -0.0402 4.5353
v -21.5451 -0.0445 4.8490
v -21.2608 -0.0397 4.9894
v -20.9913 -0.0293 4.9109
v -20.6509 -0.0162 4.8712
v -20.7064 -0.0052 4.5353
v -20.7117 0.0076 4.2435
v -20.9767 -0.0004 4.1150
v -21.2891 -0.0103 3.9944
v -21.4568 -0.0253 4.2857
v 45.5563 0.4709 -55.0728
v 45.3369 0.4587 -55.0728
v 45.2906 0.4447 -54.8798
v 45.4450 0.4439 -54.7305
v 45.6516 0.4541 -54.7794
v 45.7820 0.4644 -54.9088
v 45.8103 0.4744 -55.0728
v 45.7842 0.4830 -55.2384
v 45.6427 0.4835 -55.3389
v 45.4629 0.4769 -55.3601
v 45.3014 0.4653 -55.2580
v 56.6955 0.3387 -29.2103
v 56.3082 0.3271 -29.2103
v 56.4055 0.3190 -28.9996
v 56.5585 0.3113 -28.7884
v 56.8220 0.3152 -28.8211
v 56.9575 0.3317 -29.0200
v 57.0321 0.3437 -29.2103
v 56.8917 0.3491 -29.3528
v 56.7974 0.3569 -29.5237
v 56.5711 0.3552 -29.5934
v 56.4062 0.3409 -29.4205
vt 0.00000 0.00000
vt 1.00000 0.00000
vt 0.00000 0.60000
vt 1.00000 0.60000
vt 0.00000 1.20000
vt 1.00000 1.20000
vt 0.00000 1.80000
vt 1.00000 1.80000
vt 0.00000 2.40000
vt 1.00000 2.40000
vt 0.00000 3.00000
vt 1.00000 3.00000
vt 0.00000 3.60000
vt 1.00000 3.60000
vt 0.00000 0.00000
vt 1.00000 0.00000
vt 0.00000 0.60000
vt 1.00000 0.60000
vt 0.00000 1.20000
vt 1.00000 1.20000
vt 0.00000 1.80000
vt 1.00000 1.80000
vt 0.00000 2.40000
vt 1.00000 2.40000
vt 0.00000 3.00000
vt 1.00000 3.00000
vt 0.00000 3.60000
vt 1.00000 3.60000
vt 0.00000 4.20000
vt 1.00000 4.20000
vt 0.00000 4.80000
vt 1.00000 4.80000
vt 0.00000 5.40000
vt 1.00000 5.40000
vt 0.00000 6.00000
vt 1.00000 6.00000
vt 0.00000 6.60000
vt 1.00000 6.60000
vt 0.00000 7.20000
vt 1.00000 7.20000
vt 0.00000 7.80000
vt 1.00000 7.80000
vt 0.00000 0.00000
vt 1.00000 0.00000
vt 0.00000 0.60000
vt 1.00000 0.60000
vt 0.00000 1.20000
vt 1.00000 1.20000
vt 0.00000 1.80000
vt 1.00000 1.80000
vt 0.00000 2.40000
vt 1.00000 2.40000
vt 0.00000 3.00000
vt 1.00000 3.00000
vt 0.00000 3.60000
vt 1.00000 3.60000
vt 0.00000 4.20000
vt 1.00000 4.20000
vt 0.00000 4.80000
vt 1.00000 4.80000
vt 0.00000 5.40000
vt 1.00000 5.40000
vt 0.00000 6.00000
vt 1.00000 6.00000
vt 0.00000 6.60000
vt 1.00000 6.60000
vt 0.00000 7.20000
vt 1.00000 7.20000
vt 0.00000 7.80000
vt 1.00000 7.80000
vt 0.00000 8.40000
vt 1.00000 8.40000
vt 0.00000 9.00000
vt 1.00000 9.00000
vt 0.00000 9.60000
vt 1.00000 9.60000
vt 0.00000 10.20000
vt 1.00000 10.20000
vt 0.00000 10.80000
vt 1.00000 10.80000
vt 0.00000 11.40000
vt 1.00000 11.40000
vt 0.00000 12.00000
vt 1.00000 12.00000
vt 0.00000 12.60000
vt 1.00000 12.60000
vt 0.00000 13.20000
vt 1.00000 13.20000
vt 0.00000 13.80000
vt 1.00000 13.80000
vt 0.00000 14.40000
vt 1.00000 14.40000
vt 0.00000 15.00000
vt 1.00000 15.00000
vt 0.00000 15.60000
vt 1.00000 15.60000
vt 0.00000 16.20000
vt 1.00000 16.20000
vt 0.00000 16.80000
vt 1.00000 16.80000
vt 0.00000 17.40000
vt 1.00000 17.40000
vt 0.00000 18.00000
vt 1.00000 18.00000
vt 0.00000 18.60000
vt 1.00000 18.60000
vt 0.00000 19.20000
vt 1.00000 19.20000
vt 0.00000 19.80000
vt 1.00000 19.80000
vt 0.00000 20.40000
vt 1.00000 20.40000
vt 0.00000 21.00000
vt 1.00000 21.00000
vt 0.00000 21.60000
vt 1.00000 21.60000
vt 0.00000 22.20000
vt 1.00000 22.20000
vt 0.00000 22.80000
vt 1.00000 22.80000
vt 0.00000 23.40000
vt 1.00000 23.40000
vt 0.00000 24.00000
vt 1.00000 24.00000
vt 0.00000 24.60000
vt 1.00000 24.60000
vt 0.00000 25.20000
vt 1.00000 25.20000
vt 0.00000 0.00000
vt 1.00000 0.00000
vt 0.00000 0.60000
vt 1.00000 0.60000
vt 0.00000 1.20000
vt 1.00000 1.20000
vt 0.00000 1.80000
vt 1.00000 1.80000
vt 0.00000 2.40000
vt 1.00000 2.40000
vt 0.00000 3.00000
vt 1.00000 3.00000
vt 0.00000 3.60000
vt 1.00000 3.60000
vt 0.00000 4.20000
vt 1.00000 4.20000
vt 0.00000 4.80000
vt 1.00000 4.80000
vt 0.00000 5.40000
vt 1.00000 5.40000
vt 0.00000 6.00000
vt 1.00000 6.00000
vt 0.00000 6.60000
vt 1.00000 6.60000
vt 0.00000 7.20000
vt 1.00000 7.20000
vt 0.00000 7.80000
vt 1.00000 7.80000
vt 0.00000 8.40000
vt 1.00000 8.40000
vt 0.00000 9.00000
vt 1.00000 9.00000
vt 0.00000 9.60000
vt 1.00000 9.60000
vt 0.00000 10.20000
vt 1.00000 10.20000
vt 0.00000 10.80000
vt 1.00000 10.80000
vt 0.00000 11.40000
vt 1.00000 11.40000
vt 0.00000 0.00000
vt 1.00000 0.00000
vt 0.00000 0.60000
vt 1.00000 0.60000
vt 0.00000 1.20000
vt 1.00000 1.20000
vt 0.00000 1.80000
vt 1.00000 1.80000
vt 0.00000 2.40000
vt 1.00000 2.40000
vt 0.00000 3.00000
vt 1.00000 3.00000
vt 0.00000 3.60000
vt 1.00000 3.60000
vt 0.00000 4.20000
vt 1.00000 4.20000
vt 0.00000 4.80000
vt 1.00000 4.80000
vt 0.00000 5.40000
vt 1.00000 5.40000
vt 0.00000 6.00000
vt 1.00000 6.00000
vt 0.00000 6.60000
vt 1.00000 6.60000
vt 0.00000 7.20000
vt 1.00000 7.20000
vt 0.00000 0.00000
vt 1.00000 0.00000
vt 0.00000 0.60000
vt 1.00000 0.60000
vt 0.00000 1.20000
vt 1.00000 1.20000
vt 0.00000 1.80000
vt 1.00000 1.80000
vt 0.00000 2.40000
vt 1.00000 2.40000
vt 0.00000 3.00000
vt 1.00000 3.00000
vt 0.00000 3.60000
vt 1.00000 3.60000
vt 0.00000 4.20000
vt 1.00000 4.20000
vt 0.00000 4.80000
vt 1.00000 4.80000
vt 0.00000 5.40000
vt 1.00000 5.40000
vt 0.00000 6.00000
vt 1.00000 6.00000
vt 0.00000 0.00000
vt 1.00000 0.00000
vt 0.00000 0.60000
vt 1.00000 0.60000
vt 0.00000 1.20000
vt 1.00000 1.20000
vt 0.00000 1.80000
vt 1.00000 1.80000
vt 0.00000 2.40000
vt 1.00000 2.40000
vt 0.00000 3.00000
vt 1.00000 3.00000
vt 0.00000 3.60000
vt 1.00000 3.60000
vt 0.00000 4.20000
vt 1.00000 4.20000
vt 0.00000 4.80000
vt 1.00000 4.80000
vt 0.00000 5.40000
vt 1.00000 5.40000
vt 0.00000 6.00000
vt 1.00000 6.00000
vt 0.00000 6.60000
vt 1.00000 6.60000
vt 0.00000 7.20000
vt 1.00000 7.20000
vt 0.00000 7.80000
vt 1.00000 7.80000
vt 0.00000 8.40000
vt 1.00000 8.40000
vt 0.00000 9.00000
vt 1.00000 9.00000
vt 0.00000 9.60000
vt 1.00000 9.60000
vt 0.00000 10.20000
vt 1.00000 10.20000
vt 0.00000 10.80000
vt 1.00000 10.80000
vt 0.00000 11.40000
vt 1.00000 11.40000
vt 0.00000 12.00000
vt 1.00000 12.00000
vt 0.00000 12.60000
vt 1.00000 12.60000
vt 0.00000 13.20000
vt 1.00000 13.20000
vt 0.00000 13.80000
vt 1.00000 13.80000
vt 0.00000 14.40000
vt 1.00000 14.40000
vt 0.00000 15.00000
vt 1.00000 15.00000
vt 0.00000 15.60000
vt 1.00000 15.60000
vt 0.00000 16.20000
vt 1.00000 16.20000
vt 0.00000 16.80000
vt 1.00000 16.80000
vt 0.00000 17.40000
vt 1.00000 17.40000
vt 0.00000 18.00000
vt 1.00000 18.00000
vt 0.00000 18.60000
vt 1.00000 18.60000
vt 0.00000 19.20000
vt 1.00000 19.20000
vt 0.00000 19.80000
vt 1.00000 19.80000
vt 0.00000 20.40000
vt 1.00000 20.40000
vt 0.00000 21.00000
vt 1.00000 21.00000
vt 0.00000 21.60000
vt 1.00000 21.60000
vt 0.00000 22.20000
vt 1.00000 22.20000
vt 0.00000 22.80000
vt 1.00000 22.80000
vt 0.00000 23.40000
vt 1.00000 23.40000
vt 0.00000 0.00000
vt 1.00000 0.00000
vt 0.00000 0.60000
vt 1.00000 0.60000
vt 0.00000 1.20000
vt 1.00000 1.20000
vt 0.00000 1.80000
vt 1.00000 1.80000
vt 0.00000 2.40000
vt 1.00000 2.40000
vt 0.00000 3.00000
vt 1.00000 3.00000
vt 0.00000 3.60000
vt 1.00000 3.60000
vt 0.00000 4.20000
vt 1.00000 4.20000
vt 0.00000 4.80000
vt 1.00000 4.80000
vt 0.00000 5.40000
vt 1.00000 5.40000
vt 0.00000 6.00000
vt 1.00000 6.00000
vt 0.00000 6.60000
vt 1.00000 6.60000
vt 0.00000 7.20000
vt 1.00000 7.20000
vt 0.00000 7.80000
vt 1.00000 7.80000
vt 0.00000 8.40000
vt 1.00000 8.40000
vt 0.00000 9.00000
vt 1.00000 9.00000
vt 0.00000 9.60000
vt 1.00000 9.60000
vt 0.00000 10.20000
vt 1.00000 10.20000
vt 0.00000 10.80000
vt 1.00000 10.80000
vt 0.00000 11.40000
vt 1.00000 11.40000
vt 0.00000 12.00000
vt 1.00000 12.00000
vt 0.00000 12.60000
vt 1.00000 12.60000
vt 0.00000 13.20000
vt 1.00000 13.20000
vt 0.00000 13.80000
vt 1.00000 13.80000
vt 0.00000 14.40000
vt 1.00000 14.40000
vt 0.00000 15.00000
vt 1.00000 15.00000
vt 0.00000 15.60000
vt 1.00000 15.60000
vt 0.00000 16.20000
vt 1.00000 16.20000
vt 0.00000 16.80000
vt 1.00000 16.80000
vt 0.00000 17.40000
vt 1.00000 17.40000
vt 0.00000 18.00000
vt 1.00000 18.00000
vt 0.00000 18.60000
vt 1.00000 18.60000
vt 0.00000 19.20000
vt 1.00000 19.20000
vt 0.00000 19.80000
vt 1.00000 19.80000
vt 0.00000 20.40000
vt 1.00000 20.40000
vt 0.00000 21.00000
vt 1.00000 21.00000
vt 0.00000 21.60000
vt 1.00000 21.60000
vt 0.00000 22.20000
vt 1.00000 22.20000
vt 0.00000 22.80000
vt 1.00000 22.80000
vt 0.00000 23.40000
vt 1.00000 23.40000
vt 0.00000 24.00000
vt 1.00000 24.00000
vt 0.00000 24.60000
vt 1.00000 24.60000
vt 0.00000 25.20000
vt 1.00000 25.20000
vt 0.00000 25.80000
vt 1.00000 25.80000
vt 0.00000 26.40000
vt 1.00000 26.40000
vt 0.00000 27.00000
vt 1.00000 27.00000
vt 0.00000 27.60000
vt 1.00000 27.60000
vt 0.00000 28.20000
vt 1.00000 28.20000
vt 0.00000 28.80000
vt 1.00000 28.80000
vt 0.00000 29.40000
vt 1.00000 29.40000
vt 0.00000 30.00000
vt 1.00000 30.00000
vt 0.00000 30.60000
vt 1.00000 30.60000
vt 0.00000 31.20000
vt 1.00000 31.20000
vt 0.00000 31.80000
vt 1.00000 31.80000
vt 0.00000 32.40000
vt 1.00000 32.40000
vt 0.00000 33.00000
vt 1.00000 33.00000
vt 0.00000 33.60000
vt 1.00000 33.60000
vt 0.00000 34.20000
vt 1.00000 34.20000
vt 0.00000 34.80000
vt 1.00000 34.80000
vt 0.00000 35.40000
vt 1.00000 35.40000
vt 0.00000 36.00000
vt 1.00000 36.00000
vt 0.00000 36.60000
vt 1.00000 36.60000
vt 0.00000 37.20000
vt 1.00000 37.20000
vt 0.00000 37.80000
vt 1.00000 37.80000
vt 0.00000 38.40000
vt 1.00000 38.40000
vt 0.00000 39.00000
vt 1.00000 39.00000
vt 0.00000 39.60000
vt 1.00000 39.60000
vt 0.00000 40.20000
vt 1.00000 40.20000
vt 0.00000 40.80000
vt 1.00000 40.80000
vt 0.00000 41.40000
vt 1.00000 41.40000
vt 0.00000 42.00000
vt 1.00000 42.00000
vt 0.00000 42.60000
vt 1.00000 42.60000
vt 0.00000 43.20000
vt 1.00000 43.20000
vt 0.00000 43.80000
vt 1.00000 43.80000
vt 0.00000 44.40000
vt 1.00000 44.40000
vt 0.00000 45.00000
vt 1.00000 45.00000
vt 0.00000 45.60000
vt 1.00000 45.60000
vt 0.00000 46.20000
vt 1.00000 46.20000
vt 0.00000 46.80000
vt 1.00000 46.80000
vt 0.00000 47.40000
vt 1.00000 47.40000
vt 0.00000 48.00000
vt 1.00000 48.00000
vt 0.00000 48.60000
vt 1.00000 48.60000
vt 0.00000 49.20000
vt 1.00000 49.20000
vt 0.00000 49.80000
vt 1.00000 49.80000
vt 0.00000 50.40000
vt 1.00000 50.40000
vt 0.00000 51.00000
vt 1.00000 51.00000
vt 0.00000 51.60000
vt 1.00000 51.60000
vt 0.00000 52.20000
vt 1.00000 52.20000
vt 0.00000 52.80000
vt 1.00000 52.80000
vt 0.00000 53.40000
vt 1.00000 53.40000
vt 0.00000 54.00000
vt 1.00000 54.00000
vt 0.00000 54.60000
vt 1.00000 54.60000
vt 0.00000 0.00000
vt 1.00000 0.00000
vt 0.00000 0.60000
vt 1.00000 0.60000
vt 0.00000 1.20000
vt 1.00000 1.20000
vt 0.00000 1.80000
vt 1.00000 1.80000
vt 0.00000 2.40000
vt 1.00000 2.40000
vt 0.00000 3.00000
vt 1.00000 3.00000
vt 0.00000 3.60000
vt 1.00000 3.60000
vt 0.00000 4.20000
vt 1.00000 4.20000
vt 0.00000 4.80000
vt 1.00000 4.80000
vt 0.00000 5.40000
vt 1.00000 5.40000
vt 0.00000 6.00000
vt 1.00000 6.00000
vt 0.00000 6.60000
vt 1.00000 6.60000
vt 0.00000 7.20000
vt 1.00000 7.20000
vt 0.00000 7.80000
vt 1.00000 7.80000
vt 0.00000 8.40000
vt 1.00000 8.40000
vt 0.00000 9.00000
vt 1.00000 9.00000
vt 0.00000 9.60000
vt 1.00000 9.60000
vt 0.00000 10.20000
vt 1.00000 10.20000
vt 0.00000 10.80000
vt 1.00000 10.80000
vt 0.00000 11.40000
vt 1.00000 11.40000
vt 0.00000 12.00000
vt 1.00000 12.00000
vt 0.00000 0.00000
vt 1.00000 0.00000
vt 0.00000 0.60000
vt 1.00000 0.60000
vt 0.00000 1.20000
vt 1.00000 1.20000
vt 0.00000 1.80000
vt 1.00000 1.80000
vt 0.00000 0.00000
vt 1.00000 0.00000
vt 0.00000 0.60000
vt 1.00000 0.60000
vt 0.00000 1.20000
vt 1.00000 1.20000
vt 0.00000 1.80000
vt 1.00000 1.80000
vt 0.00000 2.40000
vt 1.00000 2.40000
vt 0.00000 3.00000
vt 1.00000 3.00000
vt 0.00000 3.60000
vt 1.00000 3.60000
vt 0.00000 4.20000
vt 1.00000 4.20000
vt 0.00000 4.80000
vt 1.00000 4.80000
vt 0.00000 5.40000
vt 1.00000 5.40000
vt 0.00000 6.00000
vt 1.00000 6.00000
vt 0.00000 6.60000
vt 1.00000 6.60000
vt 0.00000 7.20000
vt 1.00000 7.20000
vt 0.00000 0.00000
vt 1.00000 0.00000
vt 0.00000 0.60000
vt 1.00000 0.60000
vt 0.00000 1.20000
vt 1.00000 1.20000
vt 0.00000 1.80000
vt 1.00000 1.80000
vt 0.00000 2.40000
vt 1.00000 2.40000
vt 0.00000 3.00000
vt 1.00000 3.00000
vt 0.00000 3.60000
vt 1.00000 3.60000
vt 0.00000 4.20000
vt 1.00000 4.20000
vt 0.00000 4.80000
vt 1.00000 4.80000
vt 0.00000 5.40000
vt 1.00000 5.40000
vt 0.00000 6.00000
vt 1.00000 6.00000
vt 0.00000 6.60000
vt 1.00000 6.60000
vt 0.00000 7.20000
vt 1.00000 7.20000
vt 0.00000 7.80000
vt 1.00000 7.80000
vt 0.00000 8.40000
vt 1.00000 8.40000
vt 0.00000 9.00000
vt 1.00000 9.00000
vt 0.00000 9.60000
vt 1.00000 9.60000
vt 0.00000 10.20000
vt 1.00000 10.20000
vt 0.00000 10.80000
vt 1.00000 10.80000
vt 0.00000 11.40000
vt 1.00000 11.40000
vt 0.00000 12.00000
vt 1.00000 12.00000
vt 0.00000 12.60000
vt 1.00000 12.60000
vt 0.00000 13.20000
vt 1.00000 13.20000
vt 0.00000 13.80000
vt 1.00000 13.80000
vt 0.00000 14.40000
vt 1.00000 14.40000
vt 0.00000 15.00000
vt 1.00000 15.00000
vt 0.00000 15.60000
vt 1.00000 15.60000
vt 0.00000 16.20000
vt 1.00000 16.20000
vt 0.00000 16.80000
vt 1.00000 16.80000
vt 0.00000 0.00000
vt 1.00000 0.00000
vt 0.00000 0.60000
vt 1.00000 0.60000
vt 0.00000 1.20000
vt 1.00000 1.20000
vt 0.00000 1.80000
vt 1.00000 1.80000
vt 0.00000 2.40000
vt 1.00000 2.40000
vt 0.00000 3.00000
vt 1.00000 3.00000
vt 0.00000 3.60000
vt 1.00000 3.60000
vt 0.00000 4.20000
vt 1.00000 4.20000
vt 0.00000 4.80000
vt 1.00000 4.80000
vt 0.00000 5.40000
vt 1.00000 5.40000
vt 0.00000 6.00000
vt 1.00000 6.00000
vt 0.00000 6.60000
vt 1.00000 6.60000
vt 0.00000 7.20000
vt 1.00000 7.20000
vt 0.00000 7.80000
vt 1.00000 7.80000
vt 0.00000 0.00000
vt 1.00000 0.00000
vt 0.00000 0.60000
vt 1.00000 0.60000
vt 0.00000 1.20000
vt 1.00000 1.20000
vt 0.00000 1.80000
vt 1.00000 1.80000
vt 0.00000 2.40000
vt 1.00000 2.40000
vt 0.00000 3.00000
vt 1.00000 3.00000
vt 0.00000 3.60000
vt 1.00000 3.60000
vt 0.00000 4.20000
vt 1.00000 4.20000
vt 0.00000 4.80000
vt 1.00000 4.80000
vt 0.00000 5.40000
vt 1.00000 5.40000
vt 0.00000 6.00000
vt 1.00000 6.00000
vt 0.00000 6.60000
vt 1.00000 6.60000
vt 0.00000 7.20000
vt 1.00000 7.20000
vt 0.00000 7.80000
vt 1.00000 7.80000
vt 0.00000 8.40000
vt 1.00000 8.40000
vt 0.00000 0.00000
vt 1.00000 0.00000
vt 0.00000 0.60000
vt 1.00000 0.60000
vt 0.00000 1.20000
vt 1.00000 1.20000
vt 0.00000 1.80000
vt 1.00000 1.80000
vt 0.00000 0.00000
vt 1.00000 0.00000
vt 0.00000 0.60000
vt 1.00000 0.60000
vt 0.00000 1.20000
vt 1.00000 1.20000
vt 0.00000 1.80000
vt 1.00000 1.80000
vt 0.00000 2.40000
vt 1.00000 2.40000
vt 0.00000 0.00000
vt 1.00000 0.00000
vt 0.00000 0.60000
vt 1.00000 0.60000
vt 0.00000 1.20000
vt 1.00000 1.20000
vt 0.00000 1.80000
vt 1.00000 1.80000
vt 0.00000 0.00000
vt 1.00000 0.00000
vt 0.00000 0.60000
vt 1.00000 0.60000
vt 0.00000 1.20000
vt 1.00000 1.20000
vt 0.00000 1.80000
vt 1.00000 1.80000
vt 0.00000 2.40000
vt 1.00000 2.40000
vt 0.00000 3.00000
vt 1.00000 3.00000
vt 0.00000 3.60000
vt 1.00000 3.60000
vt 0.00000 4.20000
vt 1.00000 4.20000
vt 0.00000 4.80000
vt 1.00000 4.80000
vt 0.00000 5.40000
vt 1.00000 5.40000
vt 0.00000 6.00000
vt 1.00000 6.00000
vt 0.00000 6.60000
vt 1.00000 6.60000
vt 0.00000 7.20000
vt 1.00000 7.20000
vt 0.00000 0.00000
vt 1.00000 0.00000
vt 0.00000 0.60000
vt 1.00000 0.60000
vt 0.00000 1.20000
vt 1.00000 1.20000
vt 0.00000 1.80000
vt 1.00000 1.80000
vt 0.00000 2.40000
vt 1.00000 2.40000
vt 0.00000 3.00000
vt 1.00000 3.00000
vt 0.00000 3.60000
vt 1.00000 3.60000
vt 0.00000 4.20000
vt 1.00000 4.20000
vt 0.00000 4.80000
vt 1.00000 4.80000
vt 0.00000 5.40000
vt 1.00000 5.40000
vt 0.00000 6.00000
vt 1.00000 6.00000
vt 0.00000 6.60000
vt 1.00000 6.60000
vt 0.00000 7.20000
vt 1.00000 7.20000
vt 0.00000 7.80000
vt 1.00000 7.80000
vt 0.00000 8.40000
vt 1.00000 8.40000
vt 0.00000 9.00000
vt 1.00000 9.00000
vt 0.00000 9.60000
vt 1.00000 9.60000
vt 0.00000 10.20000
vt 1.00000 10.20000
vt 0.00000 10.80000
vt 1.00000 10.80000
vt 0.00000 11.40000
vt 1.00000 11.40000
vt 0.00000 12.00000
vt 1.00000 12.00000
vt 0.00000 12.60000
vt 1.00000 12.60000
vt 0.00000 13.20000
vt 1.00000 13.20000
vt 0.00000 13.80000
vt 1.00000 13.80000
vt 0.00000 14.40000
vt 1.00000 14.40000
vt 0.00000 15.00000
vt 1.00000 15.00000
vt 0.00000 15.60000
vt 1.00000 15.60000
vt 0.00000 16.20000
vt 1.00000 16.20000
vt 0.00000 16.80000
vt 1.00000 16.80000
vt 0.00000 17.40000
vt 1.00000 17.40000
vt 0.00000 18.00000
vt 1.00000 18.00000
vt 0.00000 0.00000
vt 1.00000 0.00000
vt 0.00000 0.60000
vt 1.00000 0.60000
vt 0.00000 1.20000
vt 1.00000 1.20000
vt 0.00000 1.80000
vt 1.00000 1.80000
vt 0.00000 2.40000
vt 1.00000 2.40000
vt 0.00000 3.00000
vt 1.00000 3.00000
vt 0.00000 0.00000
vt 1.00000 0.00000
vt 0.00000 0.60000
vt 1.00000 0.60000
vt 0.00000 1.20000
vt 1.00000 1.20000
vt 0.00000 1.80000
vt 1.00000 1.80000
vt 0.00000 2.40000
vt 1.00000 2.40000
vt 0.00000 3.00000
vt 1.00000 3.00000
vt 0.00000 3.60000
vt 1.00000 3.60000
vt 0.00000 0.00000
vt 1.00000 0.00000
vt 0.00000 0.60000
vt 1.00000 0.60000
vt 0.00000 1.20000
vt 1.00000 1.20000
vt 0.00000 1.80000
vt 1.00000 1.80000
vt 0.00000 2.40000
vt 1.00000 2.40000
vt 0.00000 3.00000
vt 1.00000 3.00000
vt 0.00000 3.60000
vt 1.00000 3.60000
vt 0.00000 4.20000
vt 1.00000 4.20000
vt 0.00000 4.80000
vt 1.00000 4.80000
vt 0.00000 5.40000
vt 1.00000 5.40000
vt 0.00000 6.00000
vt 1.00000 6.00000
vt 0.00000 6.60000
vt 1.00000 6.60000
vt 0.00000 7.20000
vt 1.00000 7.20000
vt 0.00000 7.80000
vt 1.00000 7.80000
vt 0.00000 8.40000
vt 1.00000 8.40000
vt 0.00000 9.00000
vt 1.00000 9.00000
vt 0.00000 9.60000
vt 1.00000 9.60000
vt 0.00000 0.00000
vt 1.00000 0.00000
vt 0.00000 0.60000
vt 1.00000 0.60000
vt 0.00000 1.20000
vt 1.00000 1.20000
vt 0.00000 1.80000
vt 1.00000 1.80000
vt 0.00000 2.40000
vt 1.00000 2.40000
vt 0.00000 3.00000
vt 1.00000 3.00000
vt 0.00000 3.60000
vt 1.00000 3.60000
vt 0.00000 4.20000
vt 1.00000 4.20000
vt 0.00000 4.80000
vt 1.00000 4.80000
vt 0.00000 5.40000
vt 1.00000 5.40000
vt 0.00000 6.00000
vt 1.00000 6.00000
vt 0.00000 6.60000
vt 1.00000 6.60000
vt 0.00000 7.20000
vt 1.00000 7.20000
vt 0.00000 7.80000
vt 1.00000 7.80000
vt 0.00000 8.40000
vt 1.00000 8.40000
vt 0.00000 9.00000
vt 1.00000 9.00000
vt 0.00000 9.60000
vt 1.00000 9.60000
vt 0.00000 10.20000
vt 1.00000 10.20000
vt 0.00000 10.80000
vt 1.00000 10.80000
vt 0.00000 11.40000
vt 1.00000 11.40000
vt 0.00000 12.00000
vt 1.00000 12.00000
vt 0.00000 12.60000
vt 1.00000 12.60000
vt 0.00000 13.20000
vt 1.00000 13.20000
vt 0.00000 13.80000
vt 1.00000 13.80000
vt 0.00000 14.40000
vt 1.00000 14.40000
vt 0.00000 15.00000
vt 1.00000 15.00000
vt 0.00000 15.60000
vt 1.00000 15.60000
vt 0.00000 16.20000
vt 1.00000 16.20000
vt 0.00000 16.80000
vt 1.00000 16.80000
vt 0.00000 17.40000
vt 1.00000 17.40000
vt 0.00000 18.00000
vt 1.00000 18.00000
vt 0.00000 18.60000
vt 1.00000 18.60000
vt 0.00000 19.20000
vt 1.00000 19.20000
vt 0.00000 19.80000
vt 1.00000 19.80000
vt 0.00000 0.00000
vt 1.00000 0.00000
vt 0.00000 0.60000
vt 1.00000 0.60000
vt 0.00000 1.20000
vt 1.00000 1.20000
vt 0.00000 1.80000
vt 1.00000 1.80000
vt 0.00000 2.40000
vt 1.00000 2.40000
vt 0.00000 3.00000
vt 1.00000 3.00000
vt 0.00000 3.60000
vt 1.00000 3.60000
vt 0.00000 4.20000
vt 1.00000 4.20000
vt 0.00000 0.00000
vt 1.00000 0.00000
vt 0.00000 0.60000
vt 1.00000 0.60000
vt 0.00000 1.20000
vt 1.00000 1.20000
vt 0.00000 1.80000
vt 1.00000 1.80000
vt 0.00000 2.40000
vt 1.00000 2.40000
vt 0.00000 3.00000
vt 1.00000 3.00000
vt 0.00000 3.60000
vt 1.00000 3.60000
vt 0.00000 4.20000
vt 1.00000 4.20000
vt 0.00000 4.80000
vt 1.00000 4.80000
vt 0.00000 5.40000
vt 1.00000 5.40000
vt 0.00000 6.00000
vt 1.00000 6.00000
vt 0.00000 6.60000
vt 1.00000 6.60000
vt 0.00000 7.20000
vt 1.00000 7.20000
vt 0.00000 7.80000
vt 1.00000 7.80000
vt 0.00000 8.40000
vt 1.00000 8.40000
vt 0.00000 9.00000
vt 1.00000 9.00000
vt 0.00000 0.00000
vt 1.00000 0.00000
vt 0.00000 0.60000
vt 1.00000 0.60000
vt 0.00000 1.20000
vt 1.00000 1.20000
vt 0.00000 1.80000
vt 1.00000 1.80000
vt 0.00000 2.40000
vt 1.00000 2.40000
vt 0.00000 3.00000
vt 1.00000 3.00000
vt 0.00000 3.60000
vt 1.00000 3.60000
vt 0.00000 4.20000
vt 1.00000 4.20000
vt 0.00000 4.80000
vt 1.00000 4.80000
vt 0.00000 5.40000
vt 1.00000 5.40000
vt 0.00000 6.00000
vt 1.00000 6.00000
vt 0.00000 6.60000
vt 1.00000 6.60000
vt 0.00000 7.20000
vt 1.00000 7.20000
vt 0.00000 7.80000
vt 1.00000 7.80000
vt 0.00000 8.40000
vt 1.00000 8.40000
vt 0.00000 9.00000
vt 1.00000 9.00000
vt 0.00000 9.60000
vt 1.00000 9.60000
vt 0.00000 10.20000
vt 1.00000 10.20000
vt 0.00000 10.80000
vt 1.00000 10.80000
vt 0.00000 11.40000
vt 1.00000 11.40000
vt 0.00000 12.00000
vt 1.00000 12.00000
vt 0.00000 12.60000
vt 1.00000 12.60000
vt 0.00000 13.20000
vt 1.00000 13.20000
vt 0.00000 13.80000
vt 1.00000 13.80000
vt 0.00000 14.40000
vt 1.00000 14.40000
vt 0.00000 15.00000
vt 1.00000 15.00000
vt 0.00000 15.60000
vt 1.00000 15.60000
vt 0.00000 16.20000
vt 1.00000 16.20000
vt 0.00000 16.80000
vt 1.00000 16.80000
vt 0.00000 17.40000
vt 1.00000 17.40000
vt 0.00000 18.00000
vt 1.00000 18.00000
vt 0.00000 18.60000
vt 1.00000 18.60000
vt 0.00000 19.20000
vt 1.00000 19.20000
vt 0.00000 19.80000
vt 1.00000 19.80000
vt 0.00000 20.40000
vt 1.00000 20.40000
vt 0.00000 21.00000
vt 1.00000 21.00000
vt 0.00000 21.60000
vt 1.00000 21.60000
vt 0.00000 22.20000
vt 1.00000 22.20000
vt 0.00000 22.80000
vt 1.00000 22.80000
vt 0.00000 23.40000
vt 1.00000 23.40000
vt 0.00000 24.00000
vt 1.00000 24.00000
vt 0.00000 24.60000
vt 1.00000 24.60000
vt 0.00000 25.20000
vt 1.00000 25.20000
vt 0.00000 0.00000
vt 1.00000 0.00000
vt 0.00000 0.60000
vt 1.00000 0.60000
vt 0.00000 1.20000
vt 1.00000 1.20000
vt 0.00000 1.80000
vt 1.00000 1.80000
vt 0.00000 2.40000
vt 1.00000 2.40000
vt 0.00000 3.00000
vt 1.00000 3.00000
vt 0.00000 3.60000
vt 1.00000 3.60000
vt 0.00000 4.20000
vt 1.00000 4.20000
vt 0.00000 4.80000
vt 1.00000 4.80000
vt 0.00000 5.40000
vt 1.00000 5.40000
vt 0.00000 6.00000
vt 1.00000 6.00000
vt 0.00000 6.60000
vt 1.00000 6.60000
vt 0.00000 7.20000
vt 1.00000 7.20000
vt 0.00000 0.00000
vt 1.00000 0.00000
vt 0.00000 0.60000
vt 1.00000 0.60000
vt 0.00000 1.20000
vt 1.00000 1.20000
vt 0.00000 1.80000
vt 1.00000 1.80000
vt 0.00000 2.40000
vt 1.00000 2.40000
vt 0.00000 0.00000
vt 1.00000 0.00000
vt 0.00000 0.60000
vt 1.00000 0.60000
vt 0.00000 1.20000
vt 1.00000 1.20000
vt 0.00000 1.80000
vt 1.00000 1.80000
vt 0.00000 0.00000
vt 1.00000 0.00000
vt 0.00000 0.60000
vt 1.00000 0.60000
vt 0.00000 1.20000
vt 1.00000 1.20000
vt 0.00000 1.80000
vt 1.00000 1.80000
vt 0.00000 2.40000
vt 1.00000 2.40000
vt 0.00000 3.00000
vt 1.00000 3.00000
vt 0.00000 3.60000
vt 1.00000 3.60000
vt 0.00000 4.20000
vt 1.00000 4.20000
vt 0.00000 4.80000
vt 1.00000 4.80000
vt 0.00000 5.40000
vt 1.00000 5.40000
vt 0.00000 6.00000
vt 1.00000 6.00000
vt 0.00000 0.00000
vt 1.00000 0.00000
vt 0.00000 0.60000
vt 1.00000 0.60000
vt 0.00000 1.20000
vt 1.00000 1.20000
vt 0.00000 1.80000
vt 1.00000 1.80000
vt 0.00000 0.00000
vt 1.00000 0.00000
vt 0.00000 0.60000
vt 1.00000 0.60000
vt 0.00000 1.20000
vt 1.00000 1.20000
vt 0.00000 1.80000
vt 1.00000 1.80000
vt 0.00000 2.40000
vt 1.00000 2.40000
vt 0.00000 3.00000
vt 1.00000 3.00000
vt 0.00000 3.60000
vt 1.00000 3.60000
vt 0.00000 0.00000
vt 1.00000 0.00000
vt 0.00000 0.60000
vt 1.00000 0.60000
vt 0.00000 1.20000
vt 1.00000 1.20000
vt 0.00000 1.80000
vt 1.00000 1.80000
vt 0.00000 2.40000
vt 1.00000 2.40000
vt 0.00000 3.00000
vt 1.00000 3.00000
vt 0.00000 3.60000
vt 1.00000 3.60000
vt 0.00000 4.20000
vt 1.00000 4.20000
vt 0.00000 4.80000
vt 1.00000 4.80000
vt 0.00000 5.40000
vt 1.00000 5.40000
vt 0.00000 6.00000
vt 1.00000 6.00000
vt 0.00000 6.60000
vt 1.00000 6.60000
vt 0.00000 7.20000
vt 1.00000 7.20000
vt 0.00000 7.80000
vt 1.00000 7.80000
vt 0.00000 0.00000
vt 1.00000 0.00000
vt 0.00000 0.60000
vt 1.00000 0.60000
vt 0.00000 1.20000
vt 1.00000 1.20000
vt 0.00000 1.80000
vt 1.00000 1.80000
vt 0.00000 2.40000
vt 1.00000 2.40000
vt 0.00000 3.00000
vt 1.00000 3.00000
vt 0.00000 3.60000
vt 1.00000 3.60000
vt 0.00000 4.20000
vt 1.00000 4.20000
vt 0.00000 4.80000
vt 1.00000 4.80000
vt 0.00000 5.40000
vt 1.00000 5.40000
vt 0.00000 6.00000
vt 1.00000 6.00000
vt 0.00000 6.60000
vt 1.00000 6.60000
vt 0.00000 7.20000
vt 1.00000 7.20000
vt 0.00000 7.80000
vt 1.00000 7.80000
vt 0.00000 8.40000
vt 1.00000 8.40000
vt 0.00000 9.00000
vt 1.00000 9.00000
vt 0.00000 9.60000
vt 1.00000 9.60000
vt 0.00000 10.20000
vt 1.00000 10.20000
vt 0.00000 10.80000
vt 1.00000 10.80000
vt 0.00000 11.40000
vt 1.00000 11.40000
vt 0.00000 12.00000
vt 1.00000 12.00000
vt 0.00000 12.60000
vt 1.00000 12.60000
vt 0.00000 13.20000
vt 1.00000 13.20000
vt 0.00000 13.80000
vt 1.00000 13.80000
vt 0.00000 14.40000
vt 1.00000 14.40000
vt 0.00000 15.00000
vt 1.00000 15.00000
vt 0.00000 15.60000
vt 1.00000 15.60000
vt 0.00000 0.00000
vt 1.00000 0.00000
vt 0.00000 0.60000
vt 1.00000 0.60000
vt 0.00000 1.20000
vt 1.00000 1.20000
vt 0.00000 1.80000
vt 1.00000 1.80000
vt 0.00000 2.40000
vt 1.00000 2.40000
vt 0.00000 3.00000
vt 1.00000 3.00000
vt 0.00000 3.60000
vt 1.00000 3.60000
vt 0.00000 4.20000
vt 1.00000 4.20000
vt 0.00000 4.80000
vt 1.00000 4.80000
vt 0.00000 5.40000
vt 1.00000 5.40000
vt 0.00000 6.00000
vt 1.00000 6.00000
vt 0.00000 6.60000
vt 1.00000 6.60000
vt 0.00000 7.20000
vt 1.00000 7.20000
vt 0.00000 7.80000
vt 1.00000 7.80000
vt 0.00000 8.40000
vt 1.00000 8.40000
vt 0.00000 9.00000
vt 1.00000 9.00000
vt 0.00000 0.00000
vt 1.00000 0.00000
vt 0.00000 0.60000
vt 1.00000 0.60000
vt 0.00000 1.20000
vt 1.00000 1.20000
vt 0.00000 1.80000
vt 1.00000 1.80000
vt 0.00000 2.40000
vt 1.00000 2.40000
vt 0.00000 3.00000
vt 1.00000 3.00000
vt 0.00000 3.60000
vt 1.00000 3.60000
vt 0.00000 4.20000
vt 1.00000 4.20000
vt 0.00000 4.80000
vt 1.00000 4.80000
vt 0.00000 5.40000
vt 1.00000 5.40000
vt 0.00000 0.00000
vt 1.00000 0.00000
vt 0.00000 0.60000
vt 1.00000 0.60000
vt 0.00000 1.20000
vt 1.00000 1.20000
vt 0.00000 1.80000
vt 1.00000 1.80000
vt 0.00000 2.40000
vt 1.00000 2.40000
vt 0.00000 3.00000
vt 1.00000 3.00000
vt 0.00000 3.60000
vt 1.00000 3.60000
vt 0.00000 4.20000
vt 1.00000 4.20000
vt 0.00000 4.80000
vt 1.00000 4.80000
vt 0.00000 0.00000
vt 1.00000 0.00000
vt 0.00000 0.60000
vt 1.00000 0.60000
vt 0.00000 1.20000
vt 1.00000 1.20000
vt 0.00000 1.80000
vt 1.00000 1.80000
vt 0.00000 2.40000
vt 1.00000 2.40000
vt 0.00000 3.00000
vt 1.00000 3.00000
vt 0.00000 3.60000
vt 1.00000 3.60000
vt 0.00000 4.20000
vt 1.00000 4.20000
vt 0.00000 4.80000
vt 1.00000 4.80000
vt 0.00000 5.40000
vt 1.00000 5.40000
vt 0.00000 6.00000
vt 1.00000 6.00000
vt 0.00000 6.60000
vt 1.00000 6.60000
vt 0.00000 7.20000
vt 1.00000 7.20000
vt 0.00000 7.80000
vt 1.00000 7.80000
vt 0.00000 0.00000
vt 1.00000 0.00000
vt 0.00000 0.60000
vt 1.00000 0.60000
vt 0.00000 1.20000
vt 1.00000 1.20000
vt 0.00000 1.80000
vt 1.00000 1.80000
vt 0.00000 2.40000
vt 1.00000 2.40000
vt 0.00000 3.00000
vt 1.00000 3.00000
vt 0.00000 0.00000
vt 1.00000 0.00000
vt 0.00000 0.60000
vt 1.00000 0.60000
vt 0.00000 1.20000
vt 1.00000 1.20000
vt 0.00000 1.80000
vt 1.00000 1.80000
vt 0.00000 2.40000
vt 1.00000 2.40000
vt 0.00000 3.00000
vt 1.00000 3.00000
vt 0.00000 3.60000
vt 1.00000 3.60000
vt 0.00000 4.20000
vt 1.00000 4.20000
vt 0.00000 4.80000
vt 1.00000 4.80000
vt 0.00000 5.40000
vt 1.00000 5.40000
vt 0.00000 6.00000
vt 1.00000 6.00000
vt 0.00000 6.60000
vt 1.00000 6.60000
vt 0.00000 7.20000
vt 1.00000 7.20000
vt 0.00000 0.00000
vt 1.00000 0.00000
vt 0.00000 0.60000
vt 1.00000 0.60000
vt 0.00000 1.20000
vt 1.00000 1.20000
vt 0.00000 1.80000
vt 1.00000 1.80000
vt 0.00000 2.40000
vt 1.00000 2.40000
vt 0.00000 3.00000
vt 1.00000 3.00000
vt 0.00000 3.60000
vt 1.00000 3.60000
vt 0.00000 4.20000
vt 1.00000 4.20000
vt 0.00000 4.80000
vt 1.00000 4.80000
vt 0.00000 5.40000
vt 1.00000 5.40000
vt 0.00000 6.00000
vt 1.00000 6.00000
vt 0.00000 6.60000
vt 1.00000 6.60000
vt 0.00000 7.20000
vt 1.00000 7.20000
vt 0.00000 0.00000
vt 1.00000 0.00000
vt 0.00000 0.60000
vt 1.00000 0.60000
vt 0.00000 1.20000
vt 1.00000 1.20000
vt 0.00000 1.80000
vt 1.00000 1.80000
vt 0.00000 2.40000
vt 1.00000 2.40000
vt 0.00000 3.00000
vt 1.00000 3.00000
vt 0.00000 3.60000
vt 1.00000 3.60000
vt 0.00000 4.20000
vt 1.00000 4.20000
vt 0.00000 4.80000
vt 1.00000 4.80000
vt 0.00000 5.40000
vt 1.00000 5.40000
vt 0.00000 6.00000
vt 1.00000 6.00000
vt 0.00000 6.60000
vt 1.00000 6.60000
vt 0.00000 7.20000
vt 1.00000 7.20000
vt 0.00000 7.80000
vt 1.00000 7.80000
vt 0.00000 8.40000
vt 1.00000 8.40000
vt 0.00000 9.00000
vt 1.00000 9.00000
vt 0.00000 9.60000
vt 1.00000 9.60000
vt 0.00000 10.20000
vt 1.00000 10.20000
vt 0.00000 10.80000
vt 1.00000 10.80000
vt 0.00000 11.40000
vt 1.00000 11.40000
vt 0.00000 12.00000
vt 1.00000 12.00000
vt 0.00000 12.60000
vt 1.00000 12.60000
vt 0.00000 13.20000
vt 1.00000 13.20000
vt 0.00000 13.80000
vt 1.00000 13.80000
vt 0.00000 14.40000
vt 1.00000 14.40000
vt 0.00000 15.00000
vt 1.00000 15.00000
vt 0.00000 15.60000
vt 1.00000 15.60000
vt 0.00000 16.20000
vt 1.00000 16.20000
vt 0.00000 16.80000
vt 1.00000 16.80000
vt 0.00000 17.40000
vt 1.00000 17.40000
vt 0.00000 18.00000
vt 1.00000 18.00000
vt 0.00000 18.60000
vt 1.00000 18.60000
vt 0.00000 19.20000
vt 1.00000 19.20000
vt 0.00000 0.00000
vt 1.00000 0.00000
vt 0.00000 0.60000
vt 1.00000 0.60000
vt 0.00000 1.20000
vt 1.00000 1.20000
vt 0.00000 1.80000
vt 1.00000 1.80000
vt 0.00000 2.40000
vt 1.00000 2.40000
vt 0.00000 3.00000
vt 1.00000 3.00000
vt 0.00000 3.60000
vt 1.00000 3.60000
vt 0.00000 4.20000
vt 1.00000 4.20000
vt 0.00000 4.80000
vt 1.00000 4.80000
vt 0.00000 5.40000
vt 1.00000 5.40000
vt 0.00000 6.00000
vt 1.00000 6.00000
vt 0.00000 6.60000
vt 1.00000 6.60000
vt 0.00000 7.20000
vt 1.00000 7.20000
vt 0.00000 7.80000
vt 1.00000 7.80000
vt 0.00000 8.40000
vt 1.00000 8.40000
vt 0.00000 9.00000
vt 1.00000 9.00000
vt 0.00000 9.60000
vt 1.00000 9.60000
vt 0.00000 10.20000
vt 1.00000 10.20000
vt 0.00000 10.80000
vt 1.00000 10.80000
vt 0.00000 11.40000
vt 1.00000 11.40000
vt 0.00000 0.00000
vt 1.00000 0.00000
vt 0.00000 0.60000
vt 1.00000 0.60000
vt 0.00000 1.20000
vt 1.00000 1.20000
vt 0.00000 1.80000
vt 1.00000 1.80000
vt 0.00000 2.40000
vt 1.00000 2.40000
vt 0.00000 3.00000
vt 1.00000 3.00000
vt 0.00000 3.60000
vt 1.00000 3.60000
vt 0.00000 4.20000
vt 1.00000 4.20000
vt 0.00000 4.80000
vt 1.00000 4.80000
vt 0.00000 5.40000
vt 1.00000 5.40000
vt 0.00000 6.00000
vt 1.00000 6.00000
vt 0.00000 6.60000
vt 1.00000 6.60000
vt 0.00000 7.20000
vt 1.00000 7.20000
vt 0.00000 7.80000
vt 1.00000 7.80000
vt 0.00000 8.40000
vt 1.00000 8.40000
vt 0.00000 9.00000
vt 1.00000 9.00000
vt 0.00000 9.60000
vt 1.00000 9.60000
vt 0.00000 0.00000
vt 1.00000 0.00000
vt 0.00000 0.60000
vt 1.00000 0.60000
vt 0.00000 1.20000
vt 1.00000 1.20000
vt 0.00000 1.80000
vt 1.00000 1.80000
vt 0.00000 2.40000
vt 1.00000 2.40000
vt 0.00000 3.00000
vt 1.00000 3.00000
vt 0.00000 3.60000
vt 1.00000 3.60000
vt 0.00000 4.20000
vt 1.00000 4.20000
vt 0.00000 4.80000
vt 1.00000 4.80000
vt 0.00000 5.40000
vt 1.00000 5.40000
vt 0.00000 6.00000
vt 1.00000 6.00000
vt 0.00000 6.60000
vt 1.00000 6.60000
vt 0.00000 7.20000
vt 1.00000 7.20000
vt 0.00000 0.00000
vt 1.00000 0.00000
vt 0.00000 0.60000
vt 1.00000 0.60000
vt 0.00000 1.20000
vt 1.00000 1.20000
vt 0.00000 1.80000
vt 1.00000 1.80000
vt 0.00000 2.40000
vt 1.00000 2.40000
vt 0.00000 3.00000
vt 1.00000 3.00000
vt 0.00000 0.00000
vt 1.00000 0.00000
vt 0.00000 0.60000
vt 1.00000 0.60000
vt 0.00000 1.20000
vt 1.00000 1.20000
vt 0.00000 1.80000
vt 1.00000 1.80000
vt 0.00000 2.40000
vt 1.00000 2.40000
vt 0.00000 3.00000
vt 1.00000 3.00000
vt 0.00000 3.60000
vt 1.00000 3.60000
vt 0.00000 4.20000
vt 1.00000 4.20000
vt 0.00000 4.80000
vt 1.00000 4.80000
vt 0.00000 5.40000
vt 1.00000 5.40000
vt 0.00000 6.00000
vt 1.00000 6.00000
vt 0.00000 6.60000
vt 1.00000 6.60000
vt 0.00000 7.20000
vt 1.00000 7.20000
vt 0.00000 7.80000
vt 1.00000 7.80000
vt 0.00000 8.40000
vt 1.00000 8.40000
vt 0.00000 9.00000
vt 1.00000 9.00000
vt 0.00000 9.60000
vt 1.00000 9.60000
vt 0.00000 10.20000
vt 1.00000 10.20000
vt 0.00000 10.80000
vt 1.00000 10.80000
vt 0.00000 11.40000
vt 1.00000 11.40000
vt 0.00000 12.00000
vt 1.00000 12.00000
vt 0.00000 0.00000
vt 1.00000 0.00000
vt 0.00000 0.60000
vt 1.00000 0.60000
vt 0.00000 1.20000
vt 1.00000 1.20000
vt 0.00000 1.80000
vt 1.00000 1.80000
vt 0.00000 2.40000
vt 1.00000 2.40000
vt 0.00000 3.00000
vt 1.00000 3.00000
vt 0.00000 3.60000
vt 1.00000 3.60000
vt 0.00000 4.20000
vt 1.00000 4.20000
vt 0.00000 4.80000
vt 1.00000 4.80000
vt 0.00000 5.40000
vt 1.00000 5.40000
vt 0.00000 6.00000
vt 1.00000 6.00000
vt 0.00000 6.60000
vt 1.00000 6.60000
vt 0.00000 7.20000
vt 1.00000 7.20000
vt 0.00000 7.80000
vt 1.00000 7.80000
vt 0.00000 8.40000
vt 1.00000 8.40000
vt 0.00000 9.00000
vt 1.00000 9.00000
vt 0.00000 9.60000
vt 1.00000 9.60000
vt 0.00000 10.20000
vt 1.00000 10.20000
vt 0.00000 10.80000
vt 1.00000 10.80000
vt 0.00000 11.40000
vt 1.00000 11.40000
vt 0.00000 12.00000
vt 1.00000 12.00000
vt 0.00000 12.60000
vt 1.00000 12.60000
vt 0.00000 13.20000
vt 1.00000 13.20000
vt 0.00000 13.80000
vt 1.00000 13.80000
vt 0.00000 14.40000
vt 1.00000 14.40000
vt 0.00000 15.00000
vt 1.00000 15.00000
vt 0.00000 15.60000
vt 1.00000 15.60000
vt 0.00000 16.20000
vt 1.00000 16.20000
vt 0.00000 16.80000
vt 1.00000 16.80000
vt 0.00000 17.40000
vt 1.00000 17.40000
vt 0.00000 18.00000
vt 1.00000 18.00000
vt 0.00000 18.60000
vt 1.00000 18.60000
vt 0.00000 19.20000
vt 1.00000 19.20000
vt 0.00000 19.80000
vt 1.00000 19.80000
vt 0.00000 20.40000
vt 1.00000 20.40000
vt 0.00000 21.00000
vt 1.00000 21.00000
vt 0.00000 21.60000
vt 1.00000 21.60000
vt 0.00000 22.20000
vt 1.00000 22.20000
vt 0.00000 22.80000
vt 1.00000 22.80000
vt 0.00000 23.40000
vt 1.00000 23.40000
vt 0.00000 24.00000
vt 1.00000 24.00000
vt 0.00000 24.60000
vt 1.00000 24.60000
vt 0.00000 25.20000
vt 1.00000 25.20000
vt 0.00000 0.00000
vt 1.00000 0.00000
vt 0.00000 0.60000
vt 1.00000 0.60000
vt 0.00000 1.20000
vt 1.00000 1.20000
vt 0.00000 1.80000
vt 1.00000 1.80000
vt 0.00000 2.40000
vt 1.00000 2.40000
vt 0.00000 3.00000
vt 1.00000 3.00000
vt 0.00000 3.60000
vt 1.00000 3.60000
vt 0.00000 4.20000
vt 1.00000 4.20000
vt 0.00000 4.80000
vt 1.00000 4.80000
vt 0.00000 0.00000
vt 1.00000 0.00000
vt 0.00000 0.60000
vt 1.00000 0.60000
vt 0.00000 1.20000
vt 1.00000 1.20000
vt 0.00000 1.80000
vt 1.00000 1.80000
vt 0.00000 2.40000
vt 1.00000 2.40000
vt 0.00000 3.00000
vt 1.00000 3.00000
vt 0.00000 3.60000
vt 1.00000 3.60000
vt 0.00000 4.20000
vt 1.00000 4.20000
vt 0.00000 4.80000
vt 1.00000 4.80000
vt 0.00000 5.40000
vt 1.00000 5.40000
vt 0.00000 6.00000
vt 1.00000 6.00000
vt 0.00000 6.60000
vt 1.00000 6.60000
vt 0.00000 7.20000
vt 1.00000 7.20000
vt 0.00000 7.80000
vt 1.00000 7.80000
vt 0.00000 0.00000
vt 1.00000 0.00000
vt 0.00000 0.60000
vt 1.00000 0.60000
vt 0.00000 1.20000
vt 1.00000 1.20000
vt 0.00000 1.80000
vt 1.00000 1.80000
vt 0.00000 0.00000
vt 1.00000 0.00000
vt 0.00000 0.60000
vt 1.00000 0.60000
vt 0.00000 1.20000
vt 1.00000 1.20000
vt 0.00000 1.80000
vt 1.00000 1.80000
vt 0.00000 2.40000
vt 1.00000 2.40000
vt 0.00000 3.00000
vt 1.00000 3.00000
vt 0.00000 3.60000
vt 1.00000 3.60000
vt 0.00000 4.20000
vt 1.00000 4.20000
vt 0.00000 4.80000
vt 1.00000 4.80000
vt 0.00000 5.40000
vt 1.00000 5.40000
vt 0.00000 6.00000
vt 1.00000 6.00000
vt 0.00000 6.60000
vt 1.00000 6.60000
vt 0.00000 7.20000
vt 1.00000 7.20000
vt 0.00000 7.80000
vt 1.00000 7.80000
vt 0.00000 8.40000
vt 1.00000 8.40000
vt 0.00000 0.00000
vt 1.00000 0.00000
vt 0.00000 0.60000
vt 1.00000 0.60000
vt 0.00000 1.20000
vt 1.00000 1.20000
vt 0.00000 1.80000
vt 1.00000 1.80000
vt 0.00000 2.40000
vt 1.00000 2.40000
vt 0.00000 3.00000
vt 1.00000 3.00000
vt 0.00000 3.60000
vt 1.00000 3.60000
vt 0.00000 4.20000
vt 1.00000 4.20000
vt 0.00000 4.80000
vt 1.00000 4.80000
vt 0.00000 5.40000
vt 1.00000 5.40000
vt 0.00000 6.00000
vt 1.00000 6.00000
vt 0.00000 6.60000
vt 1.00000 6.60000
vt 0.00000 7.20000
vt 1.00000 7.20000
vt 0.00000 7.80000
vt 1.00000 7.80000
vt 0.00000 8.40000
vt 1.00000 8.40000
vt 0.00000 9.00000
vt 1.00000 9.00000
vt 0.00000 9.60000
vt 1.00000 9.60000
vt 0.00000 10.20000
vt 1.00000 10.20000
vt 0.00000 10.80000
vt 1.00000 10.80000
vt 0.00000 11.40000
vt 1.00000 11.40000
vt 0.00000 12.00000
vt 1.00000 12.00000
vt 0.00000 12.60000
vt 1.00000 12.60000
vt 0.00000 13.20000
vt 1.00000 13.20000
vt 0.00000 13.80000
vt 1.00000 13.80000
vt 0.00000 14.40000
vt 1.00000 14.40000
vt 0.00000 15.00000
vt 1.00000 15.00000
vt 0.00000 15.60000
vt 1.00000 15.60000
vt 0.00000 16.20000
vt 1.00000 16.20000
vt 0.00000 16.80000
vt 1.00000 16.80000
vt 0.00000 17.40000
vt 1.00000 17.40000
vt 0.00000 18.00000
vt 1.00000 18.00000
vt 0.00000 18.60000
vt 1.00000 18.60000
vt 0.00000 19.20000
vt 1.00000 19.20000
vt 0.00000 19.80000
vt 1.00000 19.80000
vt 0.00000 20.40000
vt 1.00000 20.40000
vt 0.00000 0.00000
vt 1.00000 0.00000
vt 0.00000 0.60000
vt 1.00000 0.60000
vt 0.00000 1.20000
vt 1.00000 1.20000
vt 0.00000 1.80000
vt 1.00000 1.80000
vt 0.00000 2.40000
vt 1.00000 2.40000
vt 0.00000 3.00000
vt 1.00000 3.00000
vt 0.00000 3.60000
vt 1.00000 3.60000
vt 0.00000 4.20000
vt 1.00000 4.20000
vt 0.00000 4.80000
vt 1.00000 4.80000
vt 0.00000 5.40000
vt 1.00000 5.40000
vt 0.00000 6.00000
vt 1.00000 6.00000
vt 0.00000 6.60000
vt 1.00000 6.60000
vt 0.00000 7.20000
vt 1.00000 7.20000
vt 0.00000 7.80000
vt 1.00000 7.80000
vt 0.00000 8.40000
vt 1.00000 8.40000
vt 0.00000 9.00000
vt 1.00000 9.00000
vt 0.00000 9.60000
vt 1.00000 9.60000
vt 0.00000 10.20000
vt 1.00000 10.20000
vt 0.00000 10.80000
vt 1.00000 10.80000
vt 0.00000 11.40000
vt 1.00000 11.40000
vt 0.00000 12.00000
vt 1.00000 12.00000
vt 0.00000 12.60000
vt 1.00000 12.60000
vt 0.00000 13.20000
vt 1.00000 13.20000
vt 0.00000 13.80000
vt 1.00000 13.80000
vt 0.00000 14.40000
vt 1.00000 14.40000
vt 0.00000 15.00000
vt 1.00000 15.00000
vt 0.00000 15.60000
vt 1.00000 15.60000
vt 0.00000 16.20000
vt 1.00000 16.20000
vt 0.00000 16.80000
vt 1.00000 16.80000
vt 0.00000 17.40000
vt 1.00000 17.40000
vt 0.00000 18.00000
vt 1.00000 18.00000
vt 0.00000 18.60000
vt 1.00000 18.60000
vt 0.00000 19.20000
vt 1.00000 19.20000
vt 0.00000 19.80000
vt 1.00000 19.80000
vt 0.00000 20.40000
vt 1.00000 20.40000
vt 0.00000 21.00000
vt 1.00000 21.00000
vt 0.00000 21.60000
vt 1.00000 21.60000
vt 0.00000 22.20000
vt 1.00000 22.20000
vt 0.00000 22.80000
vt 1.00000 22.80000
vt 0.00000 23.40000
vt 1.00000 23.40000
vt 0.00000 24.00000
vt 1.00000 24.00000
vt 0.00000 24.60000
vt 1.00000 24.60000
vt 0.00000 25.20000
vt 1.00000 25.20000
vt 0.00000 25.80000
vt 1.00000 25.80000
vt 0.00000 0.00000
vt 1.00000 0.00000
vt 0.00000 0.60000
vt 1.00000 0.60000
vt 0.00000 1.20000
vt 1.00000 1.20000
vt 0.00000 1.80000
vt 1.00000 1.80000
vt 0.00000 2.40000
vt 1.00000 2.40000
vt 0.00000 3.00000
vt 1.00000 3.00000
vt 0.00000 0.00000
vt 1.00000 0.00000
vt 0.00000 0.60000
vt 1.00000 0.60000
vt 0.00000 1.20000
vt 1.00000 1.20000
vt 0.00000 1.80000
vt 1.00000 1.80000
vt 0.00000 2.40000
vt 1.00000 2.40000
vt 0.00000 3.00000
vt 1.00000 3.00000
vt 0.00000 3.60000
vt 1.00000 3.60000
vt 0.00000 4.20000
vt 1.00000 4.20000
vt 0.00000 4.80000
vt 1.00000 4.80000
vt 0.00000 5.40000
vt 1.00000 5.40000
vt 0.00000 6.00000
vt 1.00000 6.00000
vt 0.00000 6.60000
vt 1.00000 6.60000
vt 0.00000 7.20000
vt 1.00000 7.20000
vt 0.00000 7.80000
vt 1.00000 7.80000
vt 0.00000 8.40000
vt 1.00000 8.40000
vt 0.00000 9.00000
vt 1.00000 9.00000
vt 0.00000 9.60000
vt 1.00000 9.60000
vt 0.00000 10.20000
vt 1.00000 10.20000
vt 0.00000 10.80000
vt 1.00000 10.80000
vt 0.00000 11.40000
vt 1.00000 11.40000
vt 0.00000 0.00000
vt 1.00000 0.00000
vt 0.00000 0.60000
vt 1.00000 0.60000
vt 0.00000 1.20000
vt 1.00000 1.20000
vt 0.00000 1.80000
vt 1.00000 1.80000
vt 0.00000 2.40000
vt 1.00000 2.40000
vt 0.00000 3.00000
vt 1.00000 3.00000
vt 0.00000 3.60000
vt 1.00000 3.60000
vt 0.00000 0.00000
vt 1.00000 0.00000
vt 0.00000 0.60000
vt 1.00000 0.60000
vt 0.00000 1.20000
vt 1.00000 1.20000
vt 0.00000 1.80000
vt 1.00000 1.80000
vt 0.00000 2.40000
vt 1.00000 2.40000
vt 0.00000 3.00000
vt 1.00000 3.00000
vt 0.00000 3.60000
vt 1.00000 3.60000
vt 0.00000 4.20000
vt 1.00000 4.20000
vt 0.00000 0.00000
vt 1.00000 0.00000
vt 0.00000 0.60000
vt 1.00000 0.60000
vt 0.00000 1.20000
vt 1.00000 1.20000
vt 0.00000 1.80000
vt 1.00000 1.80000
vt 0.00000 2.40000
vt 1.00000 2.40000
vt 0.00000 3.00000
vt 1.00000 3.00000
vt 0.00000 3.60000
vt 1.00000 3.60000
vt 0.00000 4.20000
vt 1.00000 4.20000
vt 0.00000 4.80000
vt 1.00000 4.80000
vt 0.00000 5.40000
vt 1.00000 5.40000
vt 0.00000 6.00000
vt 1.00000 6.00000
vt 0.00000 6.60000
vt 1.00000 6.60000
vt 0.00000 7.20000
vt 1.00000 7.20000
vt 0.00000 7.80000
vt 1.00000 7.80000
vt 0.00000 8.40000
vt 1.00000 8.40000
vt 0.00000 9.00000
vt 1.00000 9.00000
vt 0.00000 9.60000
vt 1.00000 9.60000
vt 0.00000 10.20000
vt 1.00000 10.20000
vt 0.00000 10.80000
vt 1.00000 10.80000
vt 0.00000 11.40000
vt 1.00000 11.40000
vt 0.00000 0.00000
vt 1.00000 0.00000
vt 0.00000 0.60000
vt 1.00000 0.60000
vt 0.00000 1.20000
vt 1.00000 1.20000
vt 0.00000 1.80000
vt 1.00000 1.80000
vt 0.00000 2.40000
vt 1.00000 2.40000
vt 0.00000 3.00000
vt 1.00000 3.00000
vt 0.00000 0.00000
vt 1.00000 0.00000
vt 0.00000 0.60000
vt 1.00000 0.60000
vt 0.00000 1.20000
vt 1.00000 1.20000
vt 0.00000 1.80000
vt 1.00000 1.80000
vt 0.00000 2.40000
vt 1.00000 2.40000
vt 0.00000 3.00000
vt 1.00000 3.00000
vt 0.00000 3.60000
vt 1.00000 3.60000
vt 0.00000 4.20000
vt 1.00000 4.20000
vt 0.00000 4.80000
vt 1.00000 4.80000
vt 0.00000 5.40000
vt 1.00000 5.40000
vt 0.00000 6.00000
vt 1.00000 6.00000
vt 0.00000 6.60000
vt 1.00000 6.60000
vt 0.00000 7.20000
vt 1.00000 7.20000
vt 0.00000 7.80000
vt 1.00000 7.80000
vt 0.00000 8.40000
vt 1.00000 8.40000
vt 0.00000 9.00000
vt 1.00000 9.00000
vt 0.00000 9.60000
vt 1.00000 9.60000
vt 0.00000 10.20000
vt 1.00000 10.20000
vt 0.00000 10.80000
vt 1.00000 10.80000
vt 0.00000 11.40000
vt 1.00000 11.40000
vt 0.00000 0.00000
vt 1.00000 0.00000
vt 0.00000 0.60000
vt 1.00000 0.60000
vt 0.00000 1.20000
vt 1.00000 1.20000
vt 0.00000 1.80000
vt 1.00000 1.80000
vt 0.00000 2.40000
vt 1.00000 2.40000
vt 0.00000 3.00000
vt 1.00000 3.00000
vt 0.00000 3.60000
vt 1.00000 3.60000
vt 0.00000 4.20000
vt 1.00000 4.20000
vt 0.00000 4.80000
vt 1.00000 4.80000
vt 0.00000 5.40000
vt 1.00000 5.40000
vt 0.00000 6.00000
vt 1.00000 6.00000
vt 0.00000 6.60000
vt 1.00000 6.60000
vt 0.00000 7.20000
vt 1.00000 7.20000
vt 0.00000 7.80000
vt 1.00000 7.80000
vt 0.00000 8.40000
vt 1.00000 8.40000
vt 0.00000 9.00000
vt 1.00000 9.00000
vt 0.00000 9.60000
vt 1.00000 9.60000
vt 0.00000 10.20000
vt 1.00000 10.20000
vt 0.00000 0.00000
vt 1.00000 0.00000
vt 0.00000 0.60000
vt 1.00000 0.60000
vt 0.00000 1.20000
vt 1.00000 1.20000
vt 0.00000 1.80000
vt 1.00000 1.80000
vt 0.00000 2.40000
vt 1.00000 2.40000
vt 0.00000 3.00000
vt 1.00000 3.00000
vt 0.00000 3.60000
vt 1.00000 3.60000
vt 0.00000 4.20000
vt 1.00000 4.20000
vt 0.00000 4.80000
vt 1.00000 4.80000
vt 0.00000 5.40000
vt 1.00000 5.40000
vt 0.00000 6.00000
vt 1.00000 6.00000
vt 0.00000 6.60000
vt 1.00000 6.60000
vt 0.00000 7.20000
vt 1.00000 7.20000
vt 0.00000 7.80000
vt 1.00000 7.80000
vt 0.00000 8.40000
vt 1.00000 8.40000
vt 0.00000 9.00000
vt 1.00000 9.00000
vt 0.00000 9.60000
vt 1.00000 9.60000
vt 0.00000 10.20000
vt 1.00000 10.20000
vt 0.00000 10.80000
vt 1.00000 10.80000
vt 0.00000 11.40000
vt 1.00000 11.40000
vt 0.00000 12.00000
vt 1.00000 12.00000
vt 0.00000 12.60000
vt 1.00000 12.60000
vt 0.00000 13.20000
vt 1.00000 13.20000
vt 0.00000 13.80000
vt 1.00000 13.80000
vt 0.00000 14.40000
vt 1.00000 14.40000
vt 0.00000 0.00000
vt 1.00000 0.00000
vt 0.00000 0.60000
vt 1.00000 0.60000
vt 0.00000 1.20000
vt 1.00000 1.20000
vt 0.00000 1.80000
vt 1.00000 1.80000
vt 0.00000 2.40000
vt 1.00000 2.40000
vt 0.00000 3.00000
vt 1.00000 3.00000
vt 0.00000 3.60000
vt 1.00000 3.60000
vt 0.00000 4.20000
vt 1.00000 4.20000
vt 0.00000 4.80000
vt 1.00000 4.80000
vt 0.00000 5.40000
vt 1.00000 5.40000
vt 0.00000 6.00000
vt 1.00000 6.00000
vt 0.00000 6.60000
vt 1.00000 6.60000
vt 0.00000 7.20000
vt 1.00000 7.20000
vt 0.00000 7.80000
vt 1.00000 7.80000
vt 0.00000 8.40000
vt 1.00000 8.40000
vt 0.00000 9.00000
vt 1.00000 9.00000
vt 0.00000 9.60000
vt 1.00000 9.60000
vt 0.00000 10.20000
vt 1.00000 10.20000
vt 0.00000 10.80000
vt 1.00000 10.80000
vt 0.00000 11.40000
vt 1.00000 11.40000
vt 0.00000 12.00000
vt 1.00000 12.00000
vt 0.00000 12.60000
vt 1.00000 12.60000
vt 0.00000 13.20000
vt 1.00000 13.20000
vt 0.00000 13.80000
vt 1.00000 13.80000
vt 0.00000 14.40000
vt 1.00000 14.40000
vt 0.00000 15.00000
vt 1.00000 15.00000
vt 0.00000 15.60000
vt 1.00000 15.60000
vt 0.00000 16.20000
vt 1.00000 16.20000
vt 0.00000 16.80000
vt 1.00000 16.80000
vt 0.00000 17.40000
vt 1.00000 17.40000
vt 0.00000 18.00000
vt 1.00000 18.00000
vt 0.00000 18.60000
vt 1.00000 18.60000
vt 0.00000 19.20000
vt 1.00000 19.20000
vt 0.00000 19.80000
vt 1.00000 19.80000
vt 0.00000 20.40000
vt 1.00000 20.40000
vt 0.00000 21.00000
vt 1.00000 21.00000
vt 0.00000 21.60000
vt 1.00000 21.60000
vt 0.00000 22.20000
vt 1.00000 22.20000
vt 0.00000 22.80000
vt 1.00000 22.80000
vt 0.00000 23.40000
vt 1.00000 23.40000
vt 0.00000 24.00000
vt 1.00000 24.00000
vt 0.00000 24.60000
vt 1.00000 24.60000
vt 0.00000 25.20000
vt 1.00000 25.20000
vt 0.00000 0.00000
vt 1.00000 0.00000
vt 0.00000 0.60000
vt 1.00000 0.60000
vt 0.00000 1.20000
vt 1.00000 1.20000
vt 0.00000 1.80000
vt 1.00000 1.80000
vt 0.00000 0.00000
vt 1.00000 0.00000
vt 0.00000 0.60000
vt 1.00000 0.60000
vt 0.00000 1.20000
vt 1.00000 1.20000
vt 0.00000 1.80000
vt 1.00000 1.80000
vt 0.00000 2.40000
vt 1.00000 2.40000
vt 0.00000 3.00000
vt 1.00000 3.00000
vt 0.00000 3.60000
vt 1.00000 3.60000
vt 0.00000 4.20000
vt 1.00000 4.20000
vt 0.00000 4.80000
vt 1.00000 4.80000
vt 0.00000 5.40000
vt 1.00000 5.40000
vt 0.00000 6.00000
vt 1.00000 6.00000
vt 0.00000 6.60000
vt 1.00000 6.60000
vt 0.00000 7.20000
vt 1.00000 7.20000
vt 0.00000 7.80000
vt 1.00000 7.80000
vt 0.00000 8.40000
vt 1.00000 8.40000
vt 0.00000 0.00000
vt 1.00000 0.00000
vt 0.00000 0.60000
vt 1.00000 0.60000
vt 0.00000 1.20000
vt 1.00000 1.20000
vt 0.00000 1.80000
vt 1.00000 1.80000
vt 0.00000 2.40000
vt 1.00000 2.40000
vt 0.00000 3.00000
vt 1.00000 3.00000
vt 0.00000 3.60000
vt 1.00000 3.60000
vt 0.00000 4.20000
vt 1.00000 4.20000
vt 0.00000 4.80000
vt 1.00000 4.80000
vt 0.00000 5.40000
vt 1.00000 5.40000
vt 0.00000 6.00000
vt 1.00000 6.00000
vt 0.00000 6.60000
vt 1.00000 6.60000
vt 0.00000 7.20000
vt 1.00000 7.20000
vt 0.00000 7.80000
vt 1.00000 7.80000
vt 0.00000 8.40000
vt 1.00000 8.40000
vt 0.00000 9.00000
vt 1.00000 9.00000
vt 0.00000 9.60000
vt 1.00000 9.60000
vt 0.00000 10.20000
vt 1.00000 10.20000
vt 0.00000 10.80000
vt 1.00000 10.80000
vt 0.00000 11.40000
vt 1.00000 11.40000
vt 0.00000 12.00000
vt 1.00000 12.00000
vt 0.00000 12.60000
vt 1.00000 12.60000
vt 0.00000 13.20000
vt 1.00000 13.20000
vt 0.00000 13.80000
vt 1.00000 13.80000
vt 0.00000 14.40000
vt 1.00000 14.40000
vt 0.00000 15.00000
vt 1.00000 15.00000
vt 0.00000 15.60000
vt 1.00000 15.60000
vt 0.00000 16.20000
vt 1.00000 16.20000
vt 0.00000 16.80000
vt 1.00000 16.80000
vt 0.00000 17.40000
vt 1.00000 17.40000
vt 0.00000 18.00000
vt 1.00000 18.00000
vt 0.00000 18.60000
vt 1.00000 18.60000
vt 0.50000 47.13453
vt 0.00000 47.13453
vt 0.00000 47.13453
vt 0.00000 47.13453
vt 0.00000 47.13453
vt 0.00000 47.13453
vt 0.00000 47.13453
vt 0.00000 47.13453
vt 0.00000 47.13453
vt 0.00000 47.13453
vt 0.00000 47.13453
vt 0.50000 37.99506
vt 0.00000 37.99506
vt 0.00000 37.99506
vt 0.00000 37.99506
vt 0.00000 37.99506
vt 0.00000 37.99506
vt 0.00000 37.99506
vt 0.00000 37.99506
vt 0.00000 37.99506
vt 0.00000 37.99506
vt 0.00000 37.99506
vt 0.50000 2.14398
vt 0.00000 2.14398
vt 0.00000 2.14398
vt 0.00000 2.14398
vt 0.00000 2.14398
vt 0.00000 2.14398
vt 0.00000 2.14398
vt 0.00000 2.14398
vt 0.00000 2.14398
vt 0.00000 2.14398
vt 0.00000 2.14398
vt 0.50000 24.92178
vt 0.00000 24.92178
vt 0.00000 24.92178
vt 0.00000 24.92178
vt 0.00000 24.92178
vt 0.00000 24.92178
vt 0.00000 24.92178
vt 0.00000 24.92178
vt 0.00000 24.92178
vt 0.00000 24.92178
vt 0.00000 24.92178
vt 0.50000 20.58123
vt 0.00000 20.58123
vt 0.00000 20.58123
vt 0.00000 20.58123
vt 0.00000 20.58123
vt 0.00000 20.58123
vt 0.00000 20.58123
vt 0.00000 20.58123
vt 0.00000 20.58123
vt 0.00000 20.58123
vt 0.00000 20.58123
vt 0.50000 5.46013
vt 0.00000 5.46013
vt 0.00000 5.46013
vt 0.00000 5.46013
vt 0.00000 5.46013
vt 0.00000 5.46013
vt 0.00000 5.46013
vt 0.00000 5.46013
vt 0.00000 5.46013
vt 0.00000 5.46013
vt 0.00000 5.46013
vt 0.50000 0.77121
vt 0.00000 0.77121
vt 0.00000 0.77121
vt 0.00000 0.77121
vt 0.00000 0.77121
vt 0.00000 0.77121
vt 0.00000 0.77121
vt 0.00000 0.77121
vt 0.00000 0.77121
vt 0.00000 0.77121
vt 0.00000 0.77121
vt 0.50000 1.55074
vt 0.00000 1.55074
vt 0.00000 1.55074
vt 0.00000 1.55074
vt 0.00000 1.55074
vt 0.00000 1.55074
vt 0.00000 1.55074
vt 0.00000 1.55074
vt 0.00000 1.55074
vt 0.00000 1.55074
vt 0.00000 1.55074
vt 0.50000 13.65937
vt 0.00000 13.65937
vt 0.00000 13.65937
vt 0.00000 13.65937
vt 0.00000 13.65937
vt 0.00000 13.65937
vt 0.00000 13.65937
vt 0.00000 13.65937
vt 0.00000 13.65937
vt 0.00000 13.65937
vt 0.00000 13.65937
vt 0.50000 7.24330
vt 0.00000 7.24330
vt 0.00000 7.24330
vt 0.00000 7.24330
vt 0.00000 7.24330
vt 0.00000 7.24330
vt 0.00000 7.24330
vt 0.00000 7.24330
vt 0.00000 7.24330
vt 0.00000 7.24330
vt 0.00000 7.24330
vt 0.50000 33.22692
vt 0.00000 33.22692
vt 0.00000 33.22692
vt 0.00000 33.22692
vt 0.00000 33.22692
vt 0.00000 33.22692
vt 0.00000 33.22692
vt 0.00000 33.22692
vt 0.00000 33.22692
vt 0.00000 33.22692
vt 0.00000 33.22692
vt 0.50000 45.58860
vt 0.00000 45.58860
vt 0.00000 45.58860
vt 0.00000 45.58860
vt 0.00000 45.58860
vt 0.00000 45.58860
vt 0.00000 45.58860
vt 0.00000 45.58860
vt 0.00000 45.58860
vt 0.00000 45.58860
vt 0.00000 45.58860
vt 0.50000 14.38598
vt 0.00000 14.38598
vt 0.00000 14.38598
vt 0.00000 14.38598
vt 0.00000 14.38598
vt 0.00000 14.38598
vt 0.00000 14.38598
vt 0.00000 14.38598
vt 0.00000 14.38598
vt 0.00000 14.38598
vt 0.00000 14.38598
vt 0.50000 18.75204
vt 0.00000 18.75204
vt 0.00000 18.75204
vt 0.00000 18.75204
vt 0.00000 18.75204
vt 0.00000 18.75204
vt 0.00000 18.75204
vt 0.00000 18.75204
vt 0.00000 18.75204
vt 0.00000 18.75204
vt 0.00000 18.75204
vt 0.50000 9.71339
vt 0.00000 9.71339
vt 0.00000 9.71339
vt 0.00000 9.71339
vt 0.00000 9.71339
vt 0.00000 9.71339
vt 0.00000 9.71339
vt 0.00000 9.71339
vt 0.00000 9.71339
vt 0.00000 9.71339
vt 0.00000 9.71339
vt 0.50000 39.07417
vt 0.00000 39.07417
vt 0.00000 39.07417
vt 0.00000 39.07417
vt 0.00000 39.07417
vt 0.00000 39.07417
vt 0.00000 39.07417
vt 0.00000 39.07417
vt 0.00000 39.07417
vt 0.00000 39.07417
vt 0.00000 39.07417
vt 0.50000 45.85219
vt 0.00000 45.85219
vt 0.00000 45.85219
vt 0.00000 45.85219
vt 0.00000 45.85219
vt 0.00000 45.85219
vt 0.00000 45.85219
vt 0.00000 45.85219
vt 0.00000 45.85219
vt 0.00000 45.85219
vt 0.00000 45.85219
vt 0.50000 38.89678
vt 0.00000 38.89678
vt 0.00000 38.89678
vt 0.00000 38.89678
vt 0.00000 38.89678
vt 0.00000 38.89678
vt 0.00000 38.89678
vt 0.00000 38.89678
vt 0.00000 38.89678
vt 0.00000 38.89678
vt 0.00000 38.89678
vt 0.50000 29.12325
vt 0.00000 29.12325
vt 0.00000 29.12325
vt 0.00000 29.12325
vt 0.00000 29.12325
vt 0.00000 29.12325
vt 0.00000 29.12325
vt 0.00000 29.12325
vt 0.00000 29.12325
vt 0.00000 29.12325
vt 0.00000 29.12325
vt 0.50000 29.10078
vt 0.00000 29.10078
vt 0.00000 29.10078
vt 0.00000 29.10078
vt 0.00000 29.10078
vt 0.00000 29.10078
vt 0.00000 29.10078
vt 0.00000 29.10078
vt 0.00000 29.10078
vt 0.00000 29.10078
vt 0.00000 29.10078
vt 0.50000 26.13382
vt 0.00000 26.13382
vt 0.00000 26.13382
vt 0.00000 26.13382
vt 0.00000 26.13382
vt 0.00000 26.13382
vt 0.00000 26.13382
vt 0.00000 26.13382
vt 0.00000 26.13382
vt 0.00000 26.13382
vt 0.00000 26.13382
vt 0.50000 13.12922
vt 0.00000 13.12922
vt 0.00000 13.12922
vt 0.00000 13.12922
vt 0.00000 13.12922
vt 0.00000 13.12922
vt 0.00000 13.12922
vt 0.00000 13.12922
vt 0.00000 13.12922
vt 0.00000 13.12922
vt 0.00000 13.12922
vt 0.50000 26.80530
vt 0.00000 26.80530
vt 0.00000 26.80530
vt 0.00000 26.80530
vt 0.00000 26.80530
vt 0.00000 26.80530
vt 0.00000 26.80530
vt 0.00000 26.80530
vt 0.00000 26.80530
vt 0.00000 26.80530
vt 0.00000 26.80530
vt 0.50000 4.09101
vt 0.00000 4.09101
vt 0.00000 4.09101
vt 0.00000 4.09101
vt 0.00000 4.09101
vt 0.00000 4.09101
vt 0.00000 4.09101
vt 0.00000 4.09101
vt 0.00000 4.09101
vt 0.00000 4.09101
vt 0.00000 4.09101
vt 0.50000 46.59048
vt 0.00000 46.59048
vt 0.00000 46.59048
vt 0.00000 46.59048
vt 0.00000 46.59048
vt 0.00000 46.59048
vt 0.00000 46.59048
vt 0.00000 46.59048
vt 0.00000 46.59048
vt 0.00000 46.59048
vt 0.00000 46.59048
vt 0.50000 37.27394
vt 0.00000 37.27394
vt 0.00000 37.27394
vt 0.00000 37.27394
vt 0.00000 37.27394
vt 0.00000 37.27394
vt 0.00000 37.27394
vt 0.00000 37.27394
vt 0.00000 37.27394
vt 0.00000 37.27394
vt 0.00000 37.27394
vt 0.50000 36.06912
vt 0.00000 36.06912
vt 0.00000 36.06912
vt 0.00000 36.06912
vt 0.00000 36.06912
vt 0.00000 36.06912
vt 0.00000 36.06912
vt 0.00000 36.06912
vt 0.00000 36.06912
vt 0.00000 36.06912
vt 0.00000 36.06912
vt 0.50000 23.80526
vt 0.00000 23.80526
vt 0.00000 23.80526
vt 0.00000 23.80526
vt 0.00000 23.80526
vt 0.00000 23.80526
vt 0.00000 23.80526
vt 0.00000 23.80526
vt 0.00000 23.80526
vt 0.00000 23.80526
vt 0.00000 23.80526
vt 0.50000 29.23238
vt 0.00000 29.23238
vt 0.00000 29.23238
vt 0.00000 29.23238
vt 0.00000 29.23238
vt 0.00000 29.23238
vt 0.00000 29.23238
vt 0.00000 29.23238
vt 0.00000 29.23238
vt 0.00000 29.23238
vt 0.00000 29.23238
vt 0.50000 24.89898
vt 0.00000 24.89898
vt 0.00000 24.89898
vt 0.00000 24.89898
vt 0.00000 24.89898
vt 0.00000 24.89898
vt 0.00000 24.89898
vt 0.00000 24.89898
vt 0.00000 24.89898
vt 0.00000 24.89898
vt 0.00000 24.89898
vt 0.50000 30.60953
vt 0.00000 30.60953
vt 0.00000 30.60953
vt 0.00000 30.60953
vt 0.00000 30.60953
vt 0.00000 30.60953
vt 0.00000 30.60953
vt 0.00000 30.60953
vt 0.00000 30.60953
vt 0.00000 30.60953
vt 0.00000 30.60953
vt 0.50000 45.35211
vt 0.00000 45.35211
vt 0.00000 45.35211
vt 0.00000 45.35211
vt 0.00000 45.35211
vt 0.00000 45.35211
vt 0.00000 45.35211
vt 0.00000 45.35211
vt 0.00000 45.35211
vt 0.00000 45.35211
vt 0.00000 45.35211
vt 0.50000 14.11204
vt 0.00000 14.11204
vt 0.00000 14.11204
vt 0.00000 14.11204
vt 0.00000 14.11204
vt 0.00000 14.11204
vt 0.00000 14.11204
vt 0.00000 14.11204
vt 0.00000 14.11204
vt 0.00000 14.11204
vt 0.00000 14.11204
vt 0.50000 23.37341
vt 0.00000 23.37341
vt 0.00000 23.37341
vt 0.00000 23.37341
vt 0.00000 23.37341
vt 0.00000 23.37341
vt 0.00000 23.37341
vt 0.00000 23.37341
vt 0.00000 23.37341
vt 0.00000 23.37341
vt 0.00000 23.37341
vt 0.50000 28.20241
vt 0.00000 28.20241
vt 0.00000 28.20241
vt 0.00000 28.20241
vt 0.00000 28.20241
vt 0.00000 28.20241
vt 0.00000 28.20241
vt 0.00000 28.20241
vt 0.00000 28.20241
vt 0.00000 28.20241
vt 0.00000 28.20241
vt 0.50000 24.46001
vt 0.00000 24.46001
vt 0.00000 24.46001
vt 0.00000 24.46001
vt 0.00000 24.46001
vt 0.00000 24.46001
vt 0.00000 24.46001
vt 0.00000 24.46001
vt 0.00000 24.46001
vt 0.00000 24.46001
vt 0.00000 24.46001
vt 0.50000 33.25173
vt 0.00000 33.25173
vt 0.00000 33.25173
vt 0.00000 33.25173
vt 0.00000 33.25173
vt 0.00000 33.25173
vt 0.00000 33.25173
vt 0.00000 33.25173
vt 0.00000 33.25173
vt 0.00000 33.25173
vt 0.00000 33.25173
vt 0.50000 46.47006
vt 0.00000 46.47006
vt 0.00000 46.47006
vt 0.00000 46.47006
vt 0.00000 46.47006
vt 0.00000 46.47006
vt 0.00000 46.47006
vt 0.00000 46.47006
vt 0.00000 46.47006
vt 0.00000 46.47006
vt 0.00000 46.47006
vt 0.50000 23.54739
vt 0.00000 23.54739
vt 0.00000 23.54739
vt 0.00000 23.54739
vt 0.00000 23.54739
vt 0.00000 23.54739
vt 0.00000 23.54739
vt 0.00000 23.54739
vt 0.00000 23.54739
vt 0.00000 23.54739
vt 0.00000 23.54739
vt 0.50000 2.78688
vt 0.00000 2.78688
vt 0.00000 2.78688
vt 0.00000 2.78688
vt 0.00000 2.78688
vt 0.00000 2.78688
vt 0.00000 2.78688
vt 0.00000 2.78688
vt 0.00000 2.78688
vt 0.00000 2.78688
vt 0.00000 2.78688
vn 0.0000 1.0000 0.0000
vn 0.0000 1.0000 0.0000
vn 0.0000 1.0000 0.0000
vn 0.0000 1.0000 0.0000
vn 0.0000 1.0000 0.0000
vn 0.0000 1.0000 0.0000
vn 0.0000 1.0000 0.0000
vn 0.0000 1.0000 0.0000
vn 0.0000 1.0000 0.0000
vn 0.0000 1.0000 0.0000
vn 0.0000 1.0000 0.0000
vn 0.0000 1.0000 0.0000
vn 0.0000 1.0000 0.0000
vn 0.0000 1.0000 0.0000
vn 0.0000 1.0000 0.0000
vn 0.0000 1.0000 0.0000
vn 0.0000 1.0000 0.0000
vn 0.0000 1.0000 0.0000
vn 0.0000 1.0000 0.0000
vn 0.0000 1.0000 0.0000
vn 0.0000 1.0000 0.0000
vn 0.0000 1.0000 0.0000
vn 0.0000 1.0000 0.0000
vn 0.0000 1.0000 0.0000
vn 0.0000 1.0000 0.0000
vn 0.0000 1.0000 0.0000
vn 0.0000 1.0000 0.0000
vn 0.0000 1.0000 0.0000
vn 0.0000 1.0000 0.0000
vn 0.0000 1.0000 0.0000
vn 0.0000 1.0000 0.0000
vn 0.0000 1.0000 0.0000
vn 0.0000 1.0000 0.0000
vn 0.0000 1.0000 0.0000
vn 0.0000 1.0000 0.0000
vn 0.0000 1.0000 0.0000
vn 0.0000 1.0000 0.0000
vn 0.0000 1.0000 0.0000
vn 0.0000 1.0000 0.0000
vn 0.0000 1.0000 0.0000
vn 0.0000 1.0000 0.0000
vn 0.0000 1.0000 0.0000
vn 0.0000 1.0000 0.0000
vn 0.0000 1.0000 0.0000
vn 0.0000 1.0000 0.0000
vn 0.0000 1.0000 0.0000
vn 0.0000 1.0000 0.0000
vn 0.0000 1.0000 0.0000
vn 0.0000 1.0000 0.0000
vn 0.0000 1.0000 0.0000
vn 0.0000 1.0000 0.0000
vn 0.0000 1.0000 0.0000
vn 0.0000 1.0000 0.0000
vn 0.0000 1.0000 0.0000
vn 0.0000 1.0000 0.0000
vn 0.0000 1.0000 0.0000
vn 0.0000 1.0000 0.0000
vn 0.0000 1.0000 0.0000
vn 0.0000 1.0000 0.0000
vn 0.0000 1.0000 0.0000
vn 0.0000 1.0000 0.0000
vn 0.0000 1.0000 0.0000
vn 0.0000 1.0000 0.0000
vn 0.0000 1.0000 0.0000
vn 0.0000 1.0000 0.0000
vn 0.0000 1.0000 0.0000
vn 0.0000 1.0000 0.0000
vn 0.0000 1.0000 0.0000
vn 0.0000 1.0000 0.0000
vn 0.0000 1.0000 0.0000
vn 0.0000 1.0000 0.0000
vn 0.0000 1.0000 0.0000
vn 0.0000 1.0000 0.0000
vn 0.0000 1.0000 0.0000
vn 0.0000 1.0000 0.0000
vn 0.0000 1.0000 0.0000
vn 0.0000 1.0000 0.0000
vn 0.0000 1.0000 0.0000
vn 0.0000 1.0000 0.0000
vn 0.0000 1.0000 0.0000
vn 0.0000 1.0000 0.0000
vn 0.0000 1.0000 0.0000
vn 0.0000 1.0000 0.0000
vn 0.0000 1.0000 0.0000
vn 0.0000 1.0000 0.0000
vn 0.0000 1.0000 0.0000
vn 0.0000 1.0000 0.0000
vn 0.0000 1.0000 0.0000
vn 0.0000 1.0000 0.0000
vn 0.0000 1.0000 0.0000
vn 0.0000 1.0000 0.0000
vn 0.0000 1.0000 0.0000
vn 0.0000 1.0000 0.0000
vn 0.0000 1.0000 0.0000
vn 0.0000 1.0000 0.0000
vn 0.0000 1.0000 0.0000
vn 0.0000 1.0000 0.0000
vn 0.0000 1.0000 0.0000
vn 0.0000 1.0000 0.0000
vn 0.0000 1.0000 0.0000
vn 0.0000 1.0000 0.0000
vn 0.0000 1.0000 0.0000
vn 0.0000 1.0000 0.0000
vn 0.0000 1.0000 0.0000
vn 0.0000 1.0000 0.0000
vn 0.0000 1.0000 0.0000
vn 0.0000 1.0000 0.0000
vn 0.0000 1.0000 0.0000
vn 0.0000 1.0000 0.0000
vn 0.0000 1.0000 0.0000
vn 0.0000 1.0000 0.0000
vn 0.0000 1.0000 0.0000
vn 0.0000 1.0000 0.0000
vn 0.0000 1.0000 0.0000
vn 0.0000 1.0000 0.0000
vn 0.0000 1.0000 0.0000
vn 0.0000 1.0000 0.0000
vn 0.0000 1.0000 0.0000
vn 0.0000 1.0000 0.0000
vn 0.0000 1.0000 0.0000
vn 0.0000 1.0000 0.0000
vn 0.0000 1.0000 0.0000
vn 0.0000 1.0000 0.0000
vn 0.0000 1.0000 0.0000
vn 0.0000 1.0000 0.0000
vn 0.0000 1.0000 0.0000
vn 0.0000 1.0000 0.0000
vn 0.0000 1.0000 0.0000
vn 0.0000 1.0000 0.0000
vn 0.0000 1.0000 0.0000
vn 0.0000 1.0000 0.0000
vn 0.0000 1.0000 0.0000
vn 0.0000 1.0000 0.0000
vn 0.0000 1.0000 0.0000
vn 0.0000 1.0000 0.0000
vn 0.0000 1.0000 0.0000
vn 0.0000 1.0000 0.0000
vn 0.0000 1.0000 0.0000
vn 0.0000 1.0000 0.0000
vn 0.0000 1.0000 0.0000
vn 0.0000 1.0000 0.0000
vn 0.0000 1.0000 0.0000
vn 0.0000 1.0000 0.0000
vn 0.0000 1.0000 0.0000
vn 0.0000 1.0000 0.0000
vn 0.0000 1.0000 0.0000
vn 0.0000 1.0000 0.0000
vn 0.0000 1.0000 0.0000
vn 0.0000 1.0000 0.0000
vn 0.0000 1.0000 0.0000
vn 0.0000 1.0000 0.0000
vn 0.0000 1.0000 0.0000
vn 0.0000 1.0000 0.0000
vn 0.0000 1.0000 0.0000
vn 0.0000 1.0000 0.0000
vn 0.0000 1.0000 0.0000
vn 0.0000 1.0000 0.0000
vn 0.0000 1.0000 0.0000
vn 0.0000 1.0000 0.0000
vn 0.0000 1.0000 0.0000
vn 0.0000 1.0000 0.0000
vn 0.0000 1.0000 0.0000
vn 0.0000 1.0000 0.0000
vn 0.0000 1.0000 0.0000
vn 0.0000 1.0000 0.0000
vn 0.0000 1.0000 0.0000
vn 0.0000 1.0000 0.0000
vn 0.0000 1.0000 0.0000
vn 0.0000 1.0000 0.0000
vn 0.0000 1.0000 0.0000
vn 0.0000 1.0000 0.0000
vn 0.0000 1.0000 0.0000
vn 0.0000 1.0000 0.0000
vn 0.0000 1.0000 0.0000
vn 0.0000 1.0000 0.0000
vn 0.0000 1.0000 0.0000
vn 0.0000 1.0000 0.0000
vn 0.0000 1.0000 0.0000
vn 0.0000 1.0000 0.0000
vn 0.0000 1.0000 0.0000
vn 0.0000 1.0000 0.0000
vn 0.0000 1.0000 0.0000
vn 0.0000 1.0000 0.0000
vn 0.0000 1.0000 0.0000
vn 0.0000 1.0000 0.0000
vn 0.0000 1.0000 0.0000
vn 0.0000 1.0000 0.0000
vn 0.0000 1.0000 0.0000
vn 0.0000 1.0000 0.0000
vn 0.0000 1.0000 0.0000
vn 0.0000 1.0000 0.0000
vn 0.0000 1.0000 0.0000
vn 0.0000 1.0000 0.0000
vn 0.0000 1.0000 0.0000
vn 0.0000 1.0000 0.0000
vn 0.0000 1.0000 0.0000
vn 0.0000 1.0000 0.0000
vn 0.0000 1.0000 0.0000
vn 0.0000 1.0000 0.0000
vn 0.0000 1.0000 0.0000
vn 0.0000 1.0000 0.0000
vn 0.0000 1.0000 0.0000
vn 0.0000 1.0000 0.0000
vn 0.0000 1.0000 0.0000
vn 0.0000 1.0000 0.0000
vn 0.0000 1.0000 0.0000
vn 0.0000 1.0000 0.0000
vn 0.0000 1.0000 0.0000
vn 0.0000 1.0000 0.0000
vn 0.0000 1.0000 0.0000
vn 0.0000 1.0000 0.0000
vn 0.0000 1.0000 0.0000
vn 0.0000 1.0000 0.0000
vn 0.0000 1.0000 0.0000
vn 0.0000 1.0000 0.0000
vn 0.0000 1.0000 0.0000
vn 0.0000 1.0000 0.0000
vn 0.0000 1.0000 0.0000
vn 0.0000 1.0000 0.0000
vn 0.0000 1.0000 0.0000
vn 0.0000 1.0000 0.0000
vn 0.0000 1.0000 0.0000
vn 0.0000 1.0000 0.0000
vn 0.0000 1.0000 0.0000
vn 0.0000 1.0000 0.0000
vn 0.0000 1.0000 0.0000
vn 0.0000 1.0000 0.0000
vn 0.0000 1.0000 0.0000
vn 0.0000 1.0000 0.0000
vn 0.0000 1.0000 0.0000
vn 0.0000 1.0000 0.0000
vn 0.0000 1.0000 0.0000
vn 0.0000 1.0000 0.0000
vn 0.0000 1.0000 0.0000
vn 0.0000 1.0000 0.0000
vn 0.0000 1.0000 0.0000
vn 0.0000 1.0000 0.0000
vn 0.0000 1.0000 0.0000
vn 0.0000 1.0000 0.0000
vn 0.0000 1.0000 0.0000
vn 0.0000 1.0000 0.0000
vn 0.0000 1.0000 0.0000
vn 0.0000 1.0000 0.0000
vn 0.0000 1.0000 0.0000
vn 0.0000 1.0000 0.0000
vn 0.0000 1.0000 0.0000
vn 0.0000 1.0000 0.0000
vn 0.0000 1.0000 0.0000
vn 0.0000 1.0000 0.0000
vn 0.0000 1.0000 0.0000
vn 0.0000 1.0000 0.0000
vn 0.0000 1.0000 0.0000
vn 0.0000 1.0000 0.0000
vn 0.0000 1.0000 0.0000
vn 0.0000 1.0000 0.0000
vn 0.0000 1.0000 0.0000
vn 0.0000 1.0000 0.0000
vn 0.0000 1.0000 0.0000
vn 0.0000 1.0000 0.0000
vn 0.0000 1.0000 0.0000
vn 0.0000 1.0000 0.0000
vn 0.0000 1.0000 0.0000
vn 0.0000 1.0000 0.0000
vn 0.0000 1.0000 0.0000
vn 0.0000 1.0000 0.0000
vn 0.0000 1.0000 0.0000
vn 0.0000 1.0000 0.0000
vn 0.0000 1.0000 0.0000
vn 0.0000 1.0000 0.0000
vn 0.0000 1.0000 0.0000
vn 0.0000 1.0000 0.0000
vn 0.0000 1.0000 0.0000
vn 0.0000 1.0000 0.0000
vn 0.0000 1.0000 0.0000
vn 0.0000 1.0000 0.0000
vn 0.0000 1.0000 0.0000
vn 0.0000 1.0000 0.0000
vn 0.0000 1.0000 0.0000
vn 0.0000 1.0000 0.0000
vn 0.0000 1.0000 0.0000
vn 0.0000 1.0000 0.0000
vn 0.0000 1.0000 0.0000
vn 0.0000 1.0000 0.0000
vn 0.0000 1.0000 0.0000
vn 0.0000 1.0000 0.0000
vn 0.0000 1.0000 0.0000
vn 0.0000 1.0000 0.0000
vn 0.0000 1.0000 0.0000
vn 0.0000 1.0000 0.0000
vn 0.0000 1.0000 0.0000
vn 0.0000 1.0000 0.0000
vn 0.0000 1.0000 0.0000
vn 0.0000 1.0000 0.0000
vn 0.0000 1.0000 0.0000
vn 0.0000 1.0000 0.0000
vn 0.0000 1.0000 0.0000
vn 0.0000 1.0000 0.0000
vn 0.0000 1.0000 0.0000
vn 0.0000 1.0000 0.0000
vn 0.0000 1.0000 0.0000
vn 0.0000 1.0000 0.0000
vn 0.0000 1.0000 0.0000
vn 0.0000 1.0000 0.0000
vn 0.0000 1.0000 0.0000
vn 0.0000 1.0000 0.0000
vn 0.0000 1.0000 0.0000
vn 0.0000 1.0000 0.0000
vn 0.0000 1.0000 0.0000
vn 0.0000 1.0000 0.0000
vn 0.0000 1.0000 0.0000
vn 0.0000 1.0000 0.0000
vn 0.0000 1.0000 0.0000
vn 0.0000 1.0000 0.0000
vn 0.0000 1.0000 0.0000
vn 0.0000 1.0000 0.0000
vn 0.0000 1.0000 0.0000
vn 0.0000 1.0000 0.0000
vn 0.0000 1.0000 0.0000
vn 0.0000 1.0000 0.0000
vn 0.0000 1.0000 0.0000
vn 0.0000 1.0000 0.0000
vn 0.0000 1.0000 0.0000
vn 0.0000 1.0000 0.0000
vn 0.0000 1.0000 0.0000
vn 0.0000 1.0000 0.0000
vn 0.0000 1.0000 0.0000
vn 0.0000 1.0000 0.0000
vn 0.0000 1.0000 0.0000
vn 0.0000 1.0000 0.0000
vn 0.0000 1.0000 0.0000
vn 0.0000 1.0000 0.0000
vn 0.0000 1.0000 0.0000
vn 0.0000 1.0000 0.0000
vn 0.0000 1.0000 0.0000
vn 0.0000 1.0000 0.0000
vn 0.0000 1.0000 0.0000
vn 0.0000 1.0000 0.0000
vn 0.0000 1.0000 0.0000
vn 0.0000 1.0000 0.0000
vn 0.0000 1.0000 0.0000
vn 0.0000 1.0000 0.0000
vn 0.0000 1.0000 0.0000
vn 0.0000 1.0000 0.0000
vn 0.0000 1.0000 0.0000
vn 0.0000 1.0000 0.0000
vn 0.0000 1.0000 0.0000
vn 0.0000 1.0000 0.0000
vn 0.0000 1.0000 0.0000
vn 0.0000 1.0000 0.0000
vn 0.0000 1.0000 0.0000
vn 0.0000 1.0000 0.0000
vn 0.0000 1.0000 0.0000
vn 0.0000 1.0000 0.0000
vn 0.0000 1.0000 0.0000
vn 0.0000 1.0000 0.0000
vn 0.0000 1.0000 0.0000
vn 0.0000 1.0000 0.0000
vn 0.0000 1.0000 0.0000
vn 0.0000 1.0000 0.0000
vn 0.0000 1.0000 0.0000
vn 0.0000 1.0000 0.0000
vn 0.0000 1.0000 0.0000
vn 0.0000 1.0000 0.0000
vn 0.0000 1.0000 0.0000
vn 0.0000 1.0000 0.0000
vn 0.0000 1.0000 0.0000
vn 0.0000 1.0000 0.0000
vn 0.0000 1.0000 0.0000
vn 0.0000 1.0000 0.0000
vn 0.0000 1.0000 0.0000
vn 0.0000 1.0000 0.0000
vn 0.0000 1.0000 0.0000
vn 0.0000 1.0000 0.0000
vn 0.0000 1.0000 0.0000
vn 0.0000 1.0000 0.0000
vn 0.0000 1.0000 0.0000
vn 0.0000 1.0000 0.0000
vn 0.0000 1.0000 0.0000
vn 0.0000 1.0000 0.0000
vn 0.0000 1.0000 0.0000
vn 0.0000 1.0000 0.0000
vn 0.0000 1.0000 0.0000
vn 0.0000 1.0000 0.0000
vn 0.0000 1.0000 0.0000
vn 0.0000 1.0000 0.0000
vn 0.0000 1.0000 0.0000
vn 0.0000 1.0000 0.0000
vn 0.0000 1.0000 0.0000
vn 0.0000 1.0000 0.0000
vn 0.0000 1.0000 0.0000
vn 0.0000 1.0000 0.0000
vn 0.0000 1.0000 0.0000
vn 0.0000 1.0000 0.0000
vn 0.0000 1.0000 0.0000
vn 0.0000 1.0000 0.0000
vn 0.0000 1.0000 0.0000
vn 0.0000 1.0000 0.0000
vn 0.0000 1.0000 0.0000
vn 0.0000 1.0000 0.0000
vn 0.0000 1.0000 0.0000
vn 0.0000 1.0000 0.0000
vn 0.0000 1.0000 0.0000
vn 0.0000 1.0000 0.0000
vn 0.0000 1.0000 0.0000
vn 0.0000 1.0000 0.0000
vn 0.0000 1.0000 0.0000
vn 0.0000 1.0000 0.0000
vn 0.0000 1.0000 0.0000
vn 0.0000 1.0000 0.0000
vn 0.0000 1.0000 0.0000
vn 0.0000 1.0000 0.0000
vn 0.0000 1.0000 0.0000
vn 0.0000 1.0000 0.0000
vn 0.0000 1.0000 0.0000
vn 0.0000 1.0000 0.0000
vn 0.0000 1.0000 0.0000
vn 0.0000 1.0000 0.0000
vn 0.0000 1.0000 0.0000
vn 0.0000 1.0000 0.0000
vn 0.0000 1.0000 0.0000
vn 0.0000 1.0000 0.0000
vn 0.0000 1.0000 0.0000
vn 0.0000 1.0000 0.0000
vn 0.0000 1.0000 0.0000
vn 0.0000 1.0000 0.0000
vn 0.0000 1.0000 0.0000
vn 0.0000 1.0000 0.0000
vn 0.0000 1.0000 0.0000
vn 0.0000 1.0000 0.0000
vn 0.0000 1.0000 0.0000
vn 0.0000 1.0000 0.0000
vn 0.0000 1.0000 0.0000
vn 0.0000 1.0000 0.0000
vn 0.0000 1.0000 0.0000
vn 0.0000 1.0000 0.0000
vn 0.0000 1.0000 0.0000
vn 0.0000 1.0000 0.0000
vn 0.0000 1.0000 0.0000
vn 0.0000 1.0000 0.0000
vn 0.0000 1.0000 0.0000
vn 0.0000 1.0000 0.0000
vn 0.0000 1.0000 0.0000
vn 0.0000 1.0000 0.0000
vn 0.0000 1.0000 0.0000
vn 0.0000 1.0000 0.0000
vn 0.0000 1.0000 0.0000
vn 0.0000 1.0000 0.0000
vn 0.0000 1.0000 0.0000
vn 0.0000 1.0000 0.0000
vn 0.0000 1.0000 0.0000
vn 0.0000 1.0000 0.0000
vn 0.0000 1.0000 0.0000
vn 0.0000 1.0000 0.0000
vn 0.0000 1.0000 0.0000
vn 0.0000 1.0000 0.0000
vn 0.0000 1.0000 0.0000
vn 0.0000 1.0000 0.0000
vn 0.0000 1.0000 0.0000
vn 0.0000 1.0000 0.0000
vn 0.0000 1.0000 0.0000
vn 0.0000 1.0000 0.0000
vn 0.0000 1.0000 0.0000
vn 0.0000 1.0000 0.0000
vn 0.0000 1.0000 0.0000
vn 0.0000 1.0000 0.0000
vn 0.0000 1.0000 0.0000
vn 0.0000 1.0000 0.0000
vn 0.0000 1.0000 0.0000
vn 0.0000 1.0000 0.0000
vn 0.0000 1.0000 0.0000
vn 0.0000 1.0000 0.0000
vn 0.0000 1.0000 0.0000
vn 0.0000 1.0000 0.0000
vn 0.0000 1.0000 0.0000
vn 0.0000 1.0000 0.0000
vn 0.0000 1.0000 0.0000
vn 0.0000 1.0000 0.0000
vn 0.0000 1.0000 0.0000
vn 0.0000 1.0000 0.0000
vn 0.0000 1.0000 0.0000
vn 0.0000 1.0000 0.0000
vn 0.0000 1.0000 0.0000
vn 0.0000 1.0000 0.0000
vn 0.0000 1.0000 0.0000
vn 0.0000 1.0000 0.0000
vn 0.0000 1.0000 0.0000
vn 0.0000 1.0000 0.0000
vn 0.0000 1.0000 0.0000
vn 0.0000 1.0000 0.0000
vn 0.0000 1.0000 0.0000
vn 0.0000 1.0000 0.0000
vn 0.0000 1.0000 0.0000
vn 0.0000 1.0000 0.0000
vn 0.0000 1.0000 0.0000
vn 0.0000 1.0000 0.0000
vn 0.0000 1.0000 0.0000
vn 0.0000 1.0000 0.0000
vn 0.0000 1.0000 0.0000
vn 0.0000 1.0000 0.0000
vn 0.0000 1.0000 0.0000
vn 0.0000 1.0000 0.0000
vn 0.0000 1.0000 0.0000
vn 0.0000 1.0000 0.0000
vn 0.0000 1.0000 0.0000
vn 0.0000 1.0000 0.0000
vn 0.0000 1.0000 0.0000
vn 0.0000 1.0000 0.0000
vn 0.0000 1.0000 0.0000
vn 0.0000 1.0000 0.0000
vn 0.0000 1.0000 0.0000
vn 0.0000 1.0000 0.0000
vn 0.0000 1.0000 0.0000
vn 0.0000 1.0000 0.0000
vn 0.0000 1.0000 0.0000
vn 0.0000 1.0000 0.0000
vn 0.0000 1.0000 0.0000
vn 0.0000 1.0000 0.0000
vn 0.0000 1.0000 0.0000
vn 0.0000 1.0000 0.0000
vn 0.0000 1.0000 0.0000
vn 0.0000 1.0000 0.0000
vn 0.0000 1.0000 0.0000
vn 0.0000 1.0000 0.0000
vn 0.0000 1.0000 0.0000
vn 0.0000 1.0000 0.0000
vn 0.0000 1.0000 0.0000
vn 0.0000 1.0000 0.0000
vn 0.0000 1.0000 0.0000
vn 0.0000 1.0000 0.0000
vn 0.0000 1.0000 0.0000
vn 0.0000 1.0000 0.0000
vn 0.0000 1.0000 0.0000
vn 0.0000 1.0000 0.0000
vn 0.0000 1.0000 0.0000
vn 0.0000 1.0000 0.0000
vn 0.0000 1.0000 0.0000
vn 0.0000 1.0000 0.0000
vn 0.0000 1.0000 0.0000
vn 0.0000 1.0000 0.0000
vn 0.0000 1.0000 0.0000
vn 0.0000 1.0000 0.0000
vn 0.0000 1.0000 0.0000
vn 0.0000 1.0000 0.0000
vn 0.0000 1.0000 0.0000
vn 0.0000 1.0000 0.0000
vn 0.0000 1.0000 0.0000
vn 0.0000 1.0000 0.0000
vn 0.0000 1.0000 0.0000
vn 0.0000 1.0000 0.0000
vn 0.0000 1.0000 0.0000
vn 0.0000 1.0000 0.0000
vn 0.0000 1.0000 0.0000
vn 0.0000 1.0000 0.0000
vn 0.0000 1.0000 0.0000
vn 0.0000 1.0000 0.0000
vn 0.0000 1.0000 0.0000
vn 0.0000 1.0000 0.0000
vn 0.0000 1.0000 0.0000
vn 0.0000 1.0000 0.0000
vn 0.0000 1.0000 0.0000
vn 0.0000 1.0000 0.0000
vn 0.0000 1.0000 0.0000
vn 0.0000 1.0000 0.0000
vn 0.0000 1.0000 0.0000
vn 0.0000 1.0000 0.0000
vn 0.0000 1.0000 0.0000
vn 0.0000 1.0000 0.0000
vn 0.0000 1.0000 0.0000
vn 0.0000 1.0000 0.0000
vn 0.0000 1.0000 0.0000
vn 0.0000 1.0000 0.0000
vn 0.0000 1.0000 0.0000
vn 0.0000 1.0000 0.0000
vn 0.0000 1.0000 0.0000
vn 0.0000 1.0000 0.0000
vn 0.0000 1.0000 0.0000
vn 0.0000 1.0000 0.0000
vn 0.0000 1.0000 0.0000
vn 0.0000 1.0000 0.0000
vn 0.0000 1.0000 0.0000
vn 0.0000 1.0000 0.0000
vn 0.0000 1.0000 0.0000
vn 0.0000 1.0000 0.0000
vn 0.0000 1.0000 0.0000
vn 0.0000 1.0000 0.0000
vn 0.0000 1.0000 0.0000
vn 0.0000 1.0000 0.0000
vn 0.0000 1.0000 0.0000
vn 0.0000 1.0000 0.0000
vn 0.0000 1.0000 0.0000
vn 0.0000 1.0000 0.0000
vn 0.0000 1.0000 0.0000
vn 0.0000 1.0000 0.0000
vn 0.0000 1.0000 0.0000
vn 0.0000 1.0000 0.0000
vn 0.0000 1.0000 0.0000
vn 0.0000 1.0000 0.0000
vn 0.0000 1.0000 0.0000
vn 0.0000 1.0000 0.0000
vn 0.0000 1.0000 0.0000
vn 0.0000 1.0000 0.0000
vn 0.0000 1.0000 0.0000
vn 0.0000 1.0000 0.0000
vn 0.0000 1.0000 0.0000
vn 0.0000 1.0000 0.0000
vn 0.0000 1.0000 0.0000
vn 0.0000 1.0000 0.0000
vn 0.0000 1.0000 0.0000
vn 0.0000 1.0000 0.0000
vn 0.0000 1.0000 0.0000
vn 0.0000 1.0000 0.0000
vn 0.0000 1.0000 0.0000
vn 0.0000 1.0000 0.0000
vn 0.0000 1.0000 0.0000
vn 0.0000 1.0000 0.0000
vn 0.0000 1.0000 0.0000
vn 0.0000 1.0000 0.0000
vn 0.0000 1.0000 0.0000
vn 0.0000 1.0000 0.0000
vn 0.0000 1.0000 0.0000
vn 0.0000 1.0000 0.0000
vn 0.0000 1.0000 0.0000
vn 0.0000 1.0000 0.0000
vn 0.0000 1.0000 0.0000
vn 0.0000 1.0000 0.0000
vn 0.0000 1.0000 0.0000
vn 0.0000 1.0000 0.0000
vn 0.0000 1.0000 0.0000
vn 0.0000 1.0000 0.0000
vn 0.0000 1.0000 0.0000
vn 0.0000 1.0000 0.0000
vn 0.0000 1.0000 0.0000
vn 0.0000 1.0000 0.0000
vn 0.0000 1.0000 0.0000
vn 0.0000 1.0000 0.0000
vn 0.0000 1.0000 0.0000
vn 0.0000 1.0000 0.0000
vn 0.0000 1.0000 0.0000
vn 0.0000 1.0000 0.0000
vn 0.0000 1.0000 0.0000
vn 0.0000 1.0000 0.0000
vn 0.0000 1.0000 0.0000
vn 0.0000 1.0000 0.0000
vn 0.0000 1.0000 0.0000
vn 0.0000 1.0000 0.0000
vn 0.0000 1.0000 0.0000
vn 0.0000 1.0000 0.0000
vn 0.0000 1.0000 0.0000
vn 0.0000 1.0000 0.0000
vn 0.0000 1.0000 0.0000
vn 0.0000 1.0000 0.0000
vn 0.0000 1.0000 0.0000
vn 0.0000 1.0000 0.0000
vn 0.0000 1.0000 0.0000
vn 0.0000 1.0000 0.0000
vn 0.0000 1.0000 0.0000
vn 0.0000 1.0000 0.0000
vn 0.0000 1.0000 0.0000
vn 0.0000 1.0000 0.0000
vn 0.0000 1.0000 0.0000
vn 0.0000 1.0000 0.0000
vn 0.0000 1.0000 0.0000
vn 0.0000 1.0000 0.0000
vn 0.0000 1.0000 0.0000
vn 0.0000 1.0000 0.0000
vn 0.0000 1.0000 0.0000
vn 0.0000 1.0000 0.0000
vn 0.0000 1.0000 0.0000
vn 0.0000 1.0000 0.0000
vn 0.0000 1.0000 0.0000
vn 0.0000 1.0000 0.0000
vn 0.0000 1.0000 0.0000
vn 0.0000 1.0000 0.0000
vn 0.0000 1.0000 0.0000
vn 0.0000 1.0000 0.0000
vn 0.0000 1.0000 0.0000
vn 0.0000 1.0000 0.0000
vn 0.0000 1.0000 0.0000
vn 0.0000 1.0000 0.0000
vn 0.0000 1.0000 0.0000
vn 0.0000 1.0000 0.0000
vn 0.0000 1.0000 0.0000
vn 0.0000 1.0000 0.0000
vn 0.0000 1.0000 0.0000
vn 0.0000 1.0000 0.0000
vn 0.0000 1.0000 0.0000
vn 0.0000 1.0000 0.0000
vn 0.0000 1.0000 0.0000
vn 0.0000 1.0000 0.0000
vn 0.0000 1.0000 0.0000
vn 0.0000 1.0000 0.0000
vn 0.0000 1.0000 0.0000
vn 0.0000 1.0000 0.0000
vn 0.0000 1.0000 0.0000
vn 0.0000 1.0000 0.0000
vn 0.0000 1.0000 0.0000
vn 0.0000 1.0000 0.0000
vn 0.0000 1.0000 0.0000
vn 0.0000 1.0000 0.0000
vn 0.0000 1.0000 0.0000
vn 0.0000 1.0000 0.0000
vn 0.0000 1.0000 0.0000
vn 0.0000 1.0000 0.0000
vn 0.0000 1.0000 0.0000
vn 0.0000 1.0000 0.0000
vn 0.0000 1.0000 0.0000
vn 0.0000 1.0000 0.0000
vn 0.0000 1.0000 0.0000
vn 0.0000 1.0000 0.0000
vn 0.0000 1.0000 0.0000
vn 0.0000 1.0000 0.0000
vn 0.0000 1.0000 0.0000
vn 0.0000 1.0000 0.0000
vn 0.0000 1.0000 0.0000
vn 0.0000 1.0000 0.0000
vn 0.0000 1.0000 0.0000
vn 0.0000 1.0000 0.0000
vn 0.0000 1.0000 0.0000
vn 0.0000 1.0000 0.0000
vn 0.0000 1.0000 0.0000
vn 0.0000 1.0000 0.0000
vn 0.0000 1.0000 0.0000
vn 0.0000 1.0000 0.0000
vn 0.0000 1.0000 0.0000
vn 0.0000 1.0000 0.0000
vn 0.0000 1.0000 0.0000
vn 0.0000 1.0000 0.0000
vn 0.0000 1.0000 0.0000
vn 0.0000 1.0000 0.0000
vn 0.0000 1.0000 0.0000
vn 0.0000 1.0000 0.0000
vn 0.0000 1.0000 0.0000
vn 0.0000 1.0000 0.0000
vn 0.0000 1.0000 0.0000
vn 0.0000 1.0000 0.0000
vn 0.0000 1.0000 0.0000
vn 0.0000 1.0000 0.0000
vn 0.0000 1.0000 0.0000
vn 0.0000 1.0000 0.0000
vn 0.0000 1.0000 0.0000
vn 0.0000 1.0000 0.0000
vn 0.0000 1.0000 0.0000
vn 0.0000 1.0000 0.0000
vn 0.0000 1.0000 0.0000
vn 0.0000 1.0000 0.0000
vn 0.0000 1.0000 0.0000
vn 0.0000 1.0000 0.0000
vn 0.0000 1.0000 0.0000
vn 0.0000 1.0000 0.0000
vn 0.0000 1.0000 0.0000
vn 0.0000 1.0000 0.0000
vn 0.0000 1.0000 0.0000
vn 0.0000 1.0000 0.0000
vn 0.0000 1.0000 0.0000
vn 0.0000 1.0000 0.0000
vn 0.0000 1.0000 0.0000
vn 0.0000 1.0000 0.0000
vn 0.0000 1.0000 0.0000
vn 0.0000 1.0000 0.0000
vn 0.0000 1.0000 0.0000
vn 0.0000 1.0000 0.0000
vn 0.0000 1.0000 0.0000
vn 0.0000 1.0000 0.0000
vn 0.0000 1.0000 0.0000
vn 0.0000 1.0000 0.0000
vn 0.0000 1.0000 0.0000
vn 0.0000 1.0000 0.0000
vn 0.0000 1.0000 0.0000
vn 0.0000 1.0000 0.0000
vn 0.0000 1.0000 0.0000
vn 0.0000 1.0000 0.0000
vn 0.0000 1.0000 0.0000
vn 0.0000 1.0000 0.0000
vn 0.0000 1.0000 0.0000
vn 0.0000 1.0000 0.0000
vn 0.0000 1.0000 0.0000
vn 0.0000 1.0000 0.0000
vn 0.0000 1.0000 0.0000
vn 0.0000 1.0000 0.0000
vn 0.0000 1.0000 0.0000
vn 0.0000 1.0000 0.0000
vn 0.0000 1.0000 0.0000
vn 0.0000 1.0000 0.0000
vn 0.0000 1.0000 0.0000
vn 0.0000 1.0000 0.0000
vn 0.0000 1.0000 0.0000
vn 0.0000 1.0000 0.0000
vn 0.0000 1.0000 0.0000
vn 0.0000 1.0000 0.0000
vn 0.0000 1.0000 0.0000
vn 0.0000 1.0000 0.0000
vn 0.0000 1.0000 0.0000
vn 0.0000 1.0000 0.0000
vn 0.0000 1.0000 0.0000
vn 0.0000 1.0000 0.0000
vn 0.0000 1.0000 0.0000
vn 0.0000 1.0000 0.0000
vn 0.0000 1.0000 0.0000
vn 0.0000 1.0000 0.0000
vn 0.0000 1.0000 0.0000
vn 0.0000 1.0000 0.0000
vn 0.0000 1.0000 0.0000
vn 0.0000 1.0000 0.0000
vn 0.0000 1.0000 0.0000
vn 0.0000 1.0000 0.0000
vn 0.0000 1.0000 0.0000
vn 0.0000 1.0000 0.0000
vn 0.0000 1.0000 0.0000
vn 0.0000 1.0000 0.0000
vn 0.0000 1.0000 0.0000
vn 0.0000 1.0000 0.0000
vn 0.0000 1.0000 0.0000
vn 0.0000 1.0000 0.0000
vn 0.0000 1.0000 0.0000
vn 0.0000 1.0000 0.0000
vn 0.0000 1.0000 0.0000
vn 0.0000 1.0000 0.0000
vn 0.0000 1.0000 0.0000
vn 0.0000 1.0000 0.0000
vn 0.0000 1.0000 0.0000
vn 0.0000 1.0000 0.0000
vn 0.0000 1.0000 0.0000
vn 0.0000 1.0000 0.0000
vn 0.0000 1.0000 0.0000
vn 0.0000 1.0000 0.0000
vn 0.0000 1.0000 0.0000
vn 0.0000 1.0000 0.0000
vn 0.0000 1.0000 0.0000
vn 0.0000 1.0000 0.0000
vn 0.0000 1.0000 0.0000
vn 0.0000 1.0000 0.0000
vn 0.0000 1.0000 0.0000
vn 0.0000 1.0000 0.0000
vn 0.0000 1.0000 0.0000
vn 0.0000 1.0000 0.0000
vn 0.0000 1.0000 0.0000
vn 0.0000 1.0000 0.0000
vn 0.0000 1.0000 0.0000
vn 0.0000 1.0000 0.0000
vn 0.0000 1.0000 0.0000
vn 0.0000 1.0000 0.0000
vn 0.0000 1.0000 0.0000
vn 0.0000 1.0000 0.0000
vn 0.0000 1.0000 0.0000
vn 0.0000 1.0000 0.0000
vn 0.0000 1.0000 0.0000
vn 0.0000 1.0000 0.0000
vn 0.0000 1.0000 0.0000
vn 0.0000 1.0000 0.0000
vn 0.0000 1.0000 0.0000
vn 0.0000 1.0000 0.0000
vn 0.0000 1.0000 0.0000
vn 0.0000 1.0000 0.0000
vn 0.0000 1.0000 0.0000
vn 0.0000 1.0000 0.0000
vn 0.0000 1.0000 0.0000
vn 0.0000 1.0000 0.0000
vn 0.0000 1.0000 0.0000
vn 0.0000 1.0000 0.0000
vn 0.0000 1.0000 0.0000
vn 0.0000 1.0000 0.0000
vn 0.0000 1.0000 0.0000
vn 0.0000 1.0000 0.0000
vn 0.0000 1.0000 0.0000
vn 0.0000 1.0000 0.0000
vn 0.0000 1.0000 0.0000
vn 0.0000 1.0000 0.0000
vn 0.0000 1.0000 0.0000
vn 0.0000 1.0000 0.0000
vn 0.0000 1.0000 0.0000
vn 0.0000 1.0000 0.0000
vn 0.0000 1.0000 0.0000
vn 0.0000 1.0000 0.0000
vn 0.0000 1.0000 0.0000
vn 0.0000 1.0000 0.0000
vn 0.0000 1.0000 0.0000
vn 0.0000 1.0000 0.0000
vn 0.0000 1.0000 0.0000
vn 0.0000 1.0000 0.0000
vn 0.0000 1.0000 0.0000
vn 0.0000 1.0000 0.0000
vn 0.0000 1.0000 0.0000
vn 0.0000 1.0000 0.0000
vn 0.0000 1.0000 0.0000
vn 0.0000 1.0000 0.0000
vn 0.0000 1.0000 0.0000
vn 0.0000 1.0000 0.0000
vn 0.0000 1.0000 0.0000
vn 0.0000 1.0000 0.0000
vn 0.0000 1.0000 0.0000
vn 0.0000 1.0000 0.0000
vn 0.0000 1.0000 0.0000
vn 0.0000 1.0000 0.0000
vn 0.0000 1.0000 0.0000
vn 0.0000 1.0000 0.0000
vn 0.0000 1.0000 0.0000
vn 0.0000 1.0000 0.0000
vn 0.0000 1.0000 0.0000
vn 0.0000 1.0000 0.0000
vn 0.0000 1.0000 0.0000
vn 0.0000 1.0000 0.0000
vn 0.0000 1.0000 0.0000
vn 0.0000 1.0000 0.0000
vn 0.0000 1.0000 0.0000
vn 0.0000 1.0000 0.0000
vn 0.0000 1.0000 0.0000
vn 0.0000 1.0000 0.0000
vn 0.0000 1.0000 0.0000
vn 0.0000 1.0000 0.0000
vn 0.0000 1.0000 0.0000
vn 0.0000 1.0000 0.0000
vn 0.0000 1.0000 0.0000
vn 0.0000 1.0000 0.0000
vn 0.0000 1.0000 0.0000
vn 0.0000 1.0000 0.0000
vn 0.0000 1.0000 0.0000
vn 0.0000 1.0000 0.0000
vn 0.0000 1.0000 0.0000
vn 0.0000 1.0000 0.0000
vn 0.0000 1.0000 0.0000
vn 0.0000 1.0000 0.0000
vn 0.0000 1.0000 0.0000
vn 0.0000 1.0000 0.0000
vn 0.0000 1.0000 0.0000
vn 0.0000 1.0000 0.0000
vn 0.0000 1.0000 0.0000
vn 0.0000 1.0000 0.0000
vn 0.0000 1.0000 0.0000
vn 0.0000 1.0000 0.0000
vn 0.0000 1.0000 0.0000
vn 0.0000 1.0000 0.0000
vn 0.0000 1.0000 0.0000
vn 0.0000 1.0000 0.0000
vn 0.0000 1.0000 0.0000
vn 0.0000 1.0000 0.0000
vn 0.0000 1.0000 0.0000
vn 0.0000 1.0000 0.0000
vn 0.0000 1.0000 0.0000
vn 0.0000 1.0000 0.0000
vn 0.0000 1.0000 0.0000
vn 0.0000 1.0000 0.0000
vn 0.0000 1.0000 0.0000
vn 0.0000 1.0000 0.0000
vn 0.0000 1.0000 0.0000
vn 0.0000 1.0000 0.0000
vn 0.0000 1.0000 0.0000
vn 0.0000 1.0000 0.0000
vn 0.0000 1.0000 0.0000
vn 0.0000 1.0000 0.0000
vn 0.0000 1.0000 0.0000
vn 0.0000 1.0000 0.0000
vn 0.0000 1.0000 0.0000
vn 0.0000 1.0000 0.0000
vn 0.0000 1.0000 0.0000
vn 0.0000 1.0000 0.0000
vn 0.0000 1.0000 0.0000
vn 0.0000 1.0000 0.0000
vn 0.0000 1.0000 0.0000
vn 0.0000 1.0000 0.0000
vn 0.0000 1.0000 0.0000
vn 0.0000 1.0000 0.0000
vn 0.0000 1.0000 0.0000
vn 0.0000 1.0000 0.0000
vn 0.0000 1.0000 0.0000
vn 0.0000 1.0000 0.0000
vn 0.0000 1.0000 0.0000
vn 0.0000 1.0000 0.0000
vn 0.0000 1.0000 0.0000
vn 0.0000 1.0000 0.0000
vn 0.0000 1.0000 0.0000
vn 0.0000 1.0000 0.0000
vn 0.0000 1.0000 0.0000
vn 0.0000 1.0000 0.0000
vn 0.0000 1.0000 0.0000
vn 0.0000 1.0000 0.0000
vn 0.0000 1.0000 0.0000
vn 0.0000 1.0000 0.0000
vn 0.0000 1.0000 0.0000
vn 0.0000 1.0000 0.0000
vn 0.0000 1.0000 0.0000
vn 0.0000 1.0000 0.0000
vn 0.0000 1.0000 0.0000
vn 0.0000 1.0000 0.0000
vn 0.0000 1.0000 0.0000
vn 0.0000 1.0000 0.0000
vn 0.0000 1.0000 0.0000
vn 0.0000 1.0000 0.0000
vn 0.0000 1.0000 0.0000
vn 0.0000 1.0000 0.0000
vn 0.0000 1.0000 0.0000
vn 0.0000 1.0000 0.0000
vn 0.0000 1.0000 0.0000
vn 0.0000 1.0000 0.0000
vn 0.0000 1.0000 0.0000
vn 0.0000 1.0000 0.0000
vn 0.0000 1.0000 0.0000
vn 0.0000 1.0000 0.0000
vn 0.0000 1.0000 0.0000
vn 0.0000 1.0000 0.0000
vn 0.0000 1.0000 0.0000
vn 0.0000 1.0000 0.0000
vn 0.0000 1.0000 0.0000
vn 0.0000 1.0000 0.0000
vn 0.0000 1.0000 0.0000
vn 0.0000 1.0000 0.0000
vn 0.0000 1.0000 0.0000
vn 0.0000 1.0000 0.0000
vn 0.0000 1.0000 0.0000
vn 0.0000 1.0000 0.0000
vn 0.0000 1.0000 0.0000
vn 0.0000 1.0000 0.0000
vn 0.0000 1.0000 0.0000
vn 0.0000 1.0000 0.0000
vn 0.0000 1.0000 0.0000
vn 0.0000 1.0000 0.0000
vn 0.0000 1.0000 0.0000
vn 0.0000 1.0000 0.0000
vn 0.0000 1.0000 0.0000
vn 0.0000 1.0000 0.0000
vn 0.0000 1.0000 0.0000
vn 0.0000 1.0000 0.0000
vn 0.0000 1.0000 0.0000
vn 0.0000 1.0000 0.0000
vn 0.0000 1.0000 0.0000
vn 0.0000 1.0000 0.0000
vn 0.0000 1.0000 0.0000
vn 0.0000 1.0000 0.0000
vn 0.0000 1.0000 0.0000
vn 0.0000 1.0000 0.0000
vn 0.0000 1.0000 0.0000
vn 0.0000 1.0000 0.0000
vn 0.0000 1.0000 0.0000
vn 0.0000 1.0000 0.0000
vn 0.0000 1.0000 0.0000
vn 0.0000 1.0000 0.0000
vn 0.0000 1.0000 0.0000
vn 0.0000 1.0000 0.0000
vn 0.0000 1.0000 0.0000
vn 0.0000 1.0000 0.0000
vn 0.0000 1.0000 0.0000
vn 0.0000 1.0000 0.0000
vn 0.0000 1.0000 0.0000
vn 0.0000 1.0000 0.0000
vn 0.0000 1.0000 0.0000
vn 0.0000 1.0000 0.0000
vn 0.0000 1.0000 0.0000
vn 0.0000 1.0000 0.0000
vn 0.0000 1.0000 0.0000
vn 0.0000 1.0000 0.0000
vn 0.0000 1.0000 0.0000
vn 0.0000 1.0000 0.0000
vn 0.0000 1.0000 0.0000
vn 0.0000 1.0000 0.0000
vn 0.0000 1.0000 0.0000
vn 0.0000 1.0000 0.0000
vn 0.0000 1.0000 0.0000
vn 0.0000 1.0000 0.0000
vn 0.0000 1.0000 0.0000
vn 0.0000 1.0000 0.0000
vn 0.0000 1.0000 0.0000
vn 0.0000 1.0000 0.0000
vn 0.0000 1.0000 0.0000
vn 0.0000 1.0000 0.0000
vn 0.0000 1.0000 0.0000
vn 0.0000 1.0000 0.0000
vn 0.0000 1.0000 0.0000
vn 0.0000 1.0000 0.0000
vn 0.0000 1.0000 0.0000
vn 0.0000 1.0000 0.0000
vn 0.0000 1.0000 0.0000
vn 0.0000 1.0000 0.0000
vn 0.0000 1.0000 0.0000
vn 0.0000 1.0000 0.0000
vn 0.0000 1.0000 0.0000
vn 0.0000 1.0000 0.0000
vn 0.0000 1.0000 0.0000
vn 0.0000 1.0000 0.0000
vn 0.0000 1.0000 0.0000
vn 0.0000 1.0000 0.0000
vn 0.0000 1.0000 0.0000
vn 0.0000 1.0000 0.0000
vn 0.0000 1.0000 0.0000
vn 0.0000 1.0000 0.0000
vn 0.0000 1.0000 0.0000
vn 0.0000 1.0000 0.0000
vn 0.0000 1.0000 0.0000
vn 0.0000 1.0000 0.0000
vn 0.0000 1.0000 0.0000
vn 0.0000 1.0000 0.0000
vn 0.0000 1.0000 0.0000
vn 0.0000 1.0000 0.0000
vn 0.0000 1.0000 0.0000
vn 0.0000 1.0000 0.0000
vn 0.0000 1.0000 0.0000
vn 0.0000 1.0000 0.0000
vn 0.0000 1.0000 0.0000
vn 0.0000 1.0000 0.0000
vn 0.0000 1.0000 0.0000
vn 0.0000 1.0000 0.0000
vn 0.0000 1.0000 0.0000
vn 0.0000 1.0000 0.0000
vn 0.0000 1.0000 0.0000
vn 0.0000 1.0000 0.0000
vn 0.0000 1.0000 0.0000
vn 0.0000 1.0000 0.0000
vn 0.0000 1.0000 0.0000
vn 0.0000 1.0000 0.0000
vn 0.0000 1.0000 0.0000
vn 0.0000 1.0000 0.0000
vn 0.0000 1.0000 0.0000
vn 0.0000 1.0000 0.0000
vn 0.0000 1.0000 0.0000
vn 0.0000 1.0000 0.0000
vn 0.0000 1.0000 0.0000
vn 0.0000 1.0000 0.0000
vn 0.0000 1.0000 0.0000
vn 0.0000 1.0000 0.0000
vn 0.0000 1.0000 0.0000
vn 0.0000 1.0000 0.0000
vn 0.0000 1.0000 0.0000
vn 0.0000 1.0000 0.0000
vn 0.0000 1.0000 0.0000
vn 0.0000 1.0000 0.0000
vn 0.0000 1.0000 0.0000
vn 0.0000 1.0000 0.0000
vn 0.0000 1.0000 0.0000
vn 0.0000 1.0000 0.0000
vn 0.0000 1.0000 0.0000
vn 0.0000 1.0000 0.0000
vn 0.0000 1.0000 0.0000
vn 0.0000 1.0000 0.0000
vn 0.0000 1.0000 0.0000
vn 0.0000 1.0000 0.0000
vn 0.0000 1.0000 0.0000
vn 0.0000 1.0000 0.0000
vn 0.0000 1.0000 0.0000
vn 0.0000 1.0000 0.0000
vn 0.0000 1.0000 0.0000
vn 0.0000 1.0000 0.0000
vn 0.0000 1.0000 0.0000
vn 0.0000 1.0000 0.0000
vn 0.0000 1.0000 0.0000
vn 0.0000 1.0000 0.0000
vn 0.0000 1.0000 0.0000
vn 0.0000 1.0000 0.0000
vn 0.0000 1.0000 0.0000
vn 0.0000 1.0000 0.0000
vn 0.0000 1.0000 0.0000
vn 0.0000 1.0000 0.0000
vn 0.0000 1.0000 0.0000
vn 0.0000 1.0000 0.0000
vn 0.0000 1.0000 0.0000
vn 0.0000 1.0000 0.0000
vn 0.0000 1.0000 0.0000
vn 0.0000 1.0000 0.0000
vn 0.0000 1.0000 0.0000
vn 0.0000 1.0000 0.0000
vn 0.0000 1.0000 0.0000
vn 0.0000 1.0000 0.0000
vn 0.0000 1.0000 0.0000
vn 0.0000 1.0000 0.0000
vn 0.0000 1.0000 0.0000
vn 0.0000 1.0000 0.0000
vn 0.0000 1.0000 0.0000
vn 0.0000 1.0000 0.0000
vn 0.0000 1.0000 0.0000
vn 0.0000 1.0000 0.0000
vn 0.0000 1.0000 0.0000
vn 0.0000 1.0000 0.0000
vn 0.0000 1.0000 0.0000
vn 0.0000 1.0000 0.0000
vn 0.0000 1.0000 0.0000
vn 0.0000 1.0000 0.0000
vn 0.0000 1.0000 0.0000
vn 0.0000 1.0000 0.0000
vn 0.0000 1.0000 0.0000
vn 0.0000 1.0000 0.0000
vn 0.0000 1.0000 0.0000
vn 0.0000 1.0000 0.0000
vn 0.0000 1.0000 0.0000
vn 0.0000 1.0000 0.0000
vn 0.0000 1.0000 0.0000
vn 0.0000 1.0000 0.0000
vn 0.0000 1.0000 0.0000
vn 0.0000 1.0000 0.0000
vn 0.0000 1.0000 0.0000
vn 0.0000 1.0000 0.0000
vn 0.0000 1.0000 0.0000
vn 0.0000 1.0000 0.0000
vn 0.0000 1.0000 0.0000
vn 0.0000 1.0000 0.0000
vn 0.0000 1.0000 0.0000
vn 0.0000 1.0000 0.0000
vn 0.0000 1.0000 0.0000
vn 0.0000 1.0000 0.0000
vn 0.0000 1.0000 0.0000
vn 0.0000 1.0000 0.0000
vn 0.0000 1.0000 0.0000
vn 0.0000 1.0000 0.0000
vn 0.0000 1.0000 0.0000
vn 0.0000 1.0000 0.0000
vn 0.0000 1.0000 0.0000
vn 0.0000 1.0000 0.0000
vn 0.0000 1.0000 0.0000
vn 0.0000 1.0000 0.0000
vn 0.0000 1.0000 0.0000
vn 0.0000 1.0000 0.0000
vn 0.0000 1.0000 0.0000
vn 0.0000 1.0000 0.0000
vn 0.0000 1.0000 0.0000
vn 0.0000 1.0000 0.0000
vn 0.0000 1.0000 0.0000
vn 0.0000 1.0000 0.0000
vn 0.0000 1.0000 0.0000
vn 0.0000 1.0000 0.0000
vn 0.0000 1.0000 0.0000
vn 0.0000 1.0000 0.0000
vn 0.0000 1.0000 0.0000
vn 0.0000 1.0000 0.0000
vn 0.0000 1.0000 0.0000
vn 0.0000 1.0000 0.0000
vn 0.0000 1.0000 0.0000
vn 0.0000 1.0000 0.0000
vn 0.0000 1.0000 0.0000
vn 0.0000 1.0000 0.0000
vn 0.0000 1.0000 0.0000
vn 0.0000 1.0000 0.0000
vn 0.0000 1.0000 0.0000
vn 0.0000 1.0000 0.0000
vn 0.0000 1.0000 0.0000
vn 0.0000 1.0000 0.0000
vn 0.0000 1.0000 0.0000
vn 0.0000 1.0000 0.0000
vn 0.0000 1.0000 0.0000
vn 0.0000 1.0000 0.0000
vn 0.0000 1.0000 0.0000
vn 0.0000 1.0000 0.0000
vn 0.0000 1.0000 0.0000
vn 0.0000 1.0000 0.0000
vn 0.0000 1.0000 0.0000
vn 0.0000 1.0000 0.0000
vn 0.0000 1.0000 0.0000
vn 0.0000 1.0000 0.0000
vn 0.0000 1.0000 0.0000
vn 0.0000 1.0000 0.0000
vn 0.0000 1.0000 0.0000
vn 0.0000 1.0000 0.0000
vn 0.0000 1.0000 0.0000
vn 0.0000 1.0000 0.0000
vn 0.0000 1.0000 0.0000
vn 0.0000 1.0000 0.0000
vn 0.0000 1.0000 0.0000
vn 0.0000 1.0000 0.0000
vn 0.0000 1.0000 0.0000
vn 0.0000 1.0000 0.0000
vn 0.0000 1.0000 0.0000
vn 0.0000 1.0000 0.0000
vn 0.0000 1.0000 0.0000
vn 0.0000 1.0000 0.0000
vn 0.0000 1.0000 0.0000
vn 0.0000 1.0000 0.0000
vn 0.0000 1.0000 0.0000
vn 0.0000 1.0000 0.0000
vn 0.0000 1.0000 0.0000
vn 0.0000 1.0000 0.0000
vn 0.0000 1.0000 0.0000
vn 0.0000 1.0000 0.0000
vn 0.0000 1.0000 0.0000
vn 0.0000 1.0000 0.0000
vn 0.0000 1.0000 0.0000
vn 0.0000 1.0000 0.0000
vn 0.0000 1.0000 0.0000
vn 0.0000 1.0000 0.0000
vn 0.0000 1.0000 0.0000
vn 0.0000 1.0000 0.0000
vn 0.0000 1.0000 0.0000
vn 0.0000 1.0000 0.0000
vn 0.0000 1.0000 0.0000
vn 0.0000 1.0000 0.0000
vn 0.0000 1.0000 0.0000
vn 0.0000 1.0000 0.0000
vn 0.0000 1.0000 0.0000
vn 0.0000 1.0000 0.0000
vn 0.0000 1.0000 0.0000
vn 0.0000 1.0000 0.0000
vn 0.0000 1.0000 0.0000
vn 0.0000 1.0000 0.0000
vn 0.0000 1.0000 0.0000
vn 0.0000 1.0000 0.0000
vn 0.0000 1.0000 0.0000
vn 0.0000 1.0000 0.0000
vn 0.0000 1.0000 0.0000
vn 0.0000 1.0000 0.0000
vn 0.0000 1.0000 0.0000
vn 0.0000 1.0000 0.0000
vn 0.0000 1.0000 0.0000
vn 0.0000 1.0000 0.0000
vn 0.0000 1.0000 0.0000
vn 0.0000 1.0000 0.0000
vn 0.0000 1.0000 0.0000
vn 0.0000 1.0000 0.0000
vn 0.0000 1.0000 0.0000
vn 0.0000 1.0000 0.0000
vn 0.0000 1.0000 0.0000
vn 0.0000 1.0000 0.0000
vn 0.0000 1.0000 0.0000
vn 0.0000 1.0000 0.0000
vn 0.0000 1.0000 0.0000
vn 0.0000 1.0000 0.0000
vn 0.0000 1.0000 0.0000
vn 0.0000 1.0000 0.0000
vn 0.0000 1.0000 0.0000
vn 0.0000 1.0000 0.0000
vn 0.0000 1.0000 0.0000
vn 0.0000 1.0000 0.0000
vn 0.0000 1.0000 0.0000
vn 0.0000 1.0000 0.0000
vn 0.0000 1.0000 0.0000
vn 0.0000 1.0000 0.0000
vn 0.0000 1.0000 0.0000
vn 0.0000 1.0000 0.0000
vn 0.0000 1.0000 0.0000
vn 0.0000 1.0000 0.0000
vn 0.0000 1.0000 0.0000
vn 0.0000 1.0000 0.0000
vn 0.0000 1.0000 0.0000
vn 0.0000 1.0000 0.0000
vn 0.0000 1.0000 0.0000
vn 0.0000 1.0000 0.0000
vn 0.0000 1.0000 0.0000
vn 0.0000 1.0000 0.0000
vn 0.0000 1.0000 0.0000
vn 0.0000 1.0000 0.0000
vn 0.0000 1.0000 0.0000
vn 0.0000 1.0000 0.0000
vn 0.0000 1.0000 0.0000
vn 0.0000 1.0000 0.0000
vn 0.0000 1.0000 0.0000
vn 0.0000 1.0000 0.0000
vn 0.0000 1.0000 0.0000
vn 0.0000 1.0000 0.0000
vn 0.0000 1.0000 0.0000
vn 0.0000 1.0000 0.0000
vn 0.0000 1.0000 0.0000
vn 0.0000 1.0000 0.0000
vn 0.0000 1.0000 0.0000
vn 0.0000 1.0000 0.0000
vn 0.0000 1.0000 0.0000
vn 0.0000 1.0000 0.0000
vn 0.0000 1.0000 0.0000
vn 0.0000 1.0000 0.0000
vn 0.0000 1.0000 0.0000
vn 0.0000 1.0000 0.0000
vn 0.0000 1.0000 0.0000
vn 0.0000 1.0000 0.0000
vn 0.0000 1.0000 0.0000
vn 0.0000 1.0000 0.0000
vn 0.0000 1.0000 0.0000
vn 0.0000 1.0000 0.0000
vn 0.0000 1.0000 0.0000
vn 0.0000 1.0000 0.0000
vn 0.0000 1.0000 0.0000
vn 0.0000 1.0000 0.0000
vn 0.0000 1.0000 0.0000
vn 0.0000 1.0000 0.0000
vn 0.0000 1.0000 0.0000
vn 0.0000 1.0000 0.0000
vn 0.0000 1.0000 0.0000
vn 0.0000 1.0000 0.0000
vn 0.0000 1.0000 0.0000
vn 0.0000 1.0000 0.0000
vn 0.0000 1.0000 0.0000
vn 0.0000 1.0000 0.0000
vn 0.0000 1.0000 0.0000
vn 0.0000 1.0000 0.0000
vn 0.0000 1.0000 0.0000
vn 0.0000 1.0000 0.0000
vn 0.0000 1.0000 0.0000
vn 0.0000 1.0000 0.0000
vn 0.0000 1.0000 0.0000
vn 0.0000 1.0000 0.0000
vn 0.0000 1.0000 0.0000
vn 0.0000 1.0000 0.0000
vn 0.0000 1.0000 0.0000
vn 0.0000 1.0000 0.0000
vn 0.0000 1.0000 0.0000
vn 0.0000 1.0000 0.0000
vn 0.0000 1.0000 0.0000
vn 0.0000 1.0000 0.0000
vn 0.0000 1.0000 0.0000
vn 0.0000 1.0000 0.0000
vn 0.0000 1.0000 0.0000
vn 0.0000 1.0000 0.0000
vn 0.0000 1.0000 0.0000
vn 0.0000 1.0000 0.0000
vn 0.0000 1.0000 0.0000
vn 0.0000 1.0000 0.0000
vn 0.0000 1.0000 0.0000
vn 0.0000 1.0000 0.0000
vn 0.0000 1.0000 0.0000
vn 0.0000 1.0000 0.0000
vn 0.0000 1.0000 0.0000
vn 0.0000 1.0000 0.0000
vn 0.0000 1.0000 0.0000
vn 0.0000 1.0000 0.0000
vn 0.0000 1.0000 0.0000
vn 0.0000 1.0000 0.0000
vn 0.0000 1.0000 0.0000
vn 0.0000 1.0000 0.0000
vn 0.0000 1.0000 0.0000
vn 0.0000 1.0000 0.0000
vn 0.0000 1.0000 0.0000
vn 0.0000 1.0000 0.0000
vn 0.0000 1.0000 0.0000
vn 0.0000 1.0000 0.0000
vn 0.0000 1.0000 0.0000
vn 0.0000 1.0000 0.0000
vn 0.0000 1.0000 0.0000
vn 0.0000 1.0000 0.0000
vn 0.0000 1.0000 0.0000
vn 0.0000 1.0000 0.0000
vn 0.0000 1.0000 0.0000
vn 0.0000 1.0000 0.0000
vn 0.0000 1.0000 0.0000
vn 0.0000 1.0000 0.0000
vn 0.0000 1.0000 0.0000
vn 0.0000 1.0000 0.0000
vn 0.0000 1.0000 0.0000
vn 0.0000 1.0000 0.0000
vn 0.0000 1.0000 0.0000
vn 0.0000 1.0000 0.0000
vn 0.0000 1.0000 0.0000
vn 0.0000 1.0000 0.0000
vn 0.0000 1.0000 0.0000
vn 0.0000 1.0000 0.0000
vn 0.0000 1.0000 0.0000
vn 0.0000 1.0000 0.0000
vn 0.0000 1.0000 0.0000
vn 0.0000 1.0000 0.0000
vn 0.0000 1.0000 0.0000
vn 0.0000 1.0000 0.0000
vn 0.0000 1.0000 0.0000
vn 0.0000 1.0000 0.0000
vn 0.0000 1.0000 0.0000
vn 0.0000 1.0000 0.0000
vn 0.0000 1.0000 0.0000
vn 0.0000 1.0000 0.0000
vn 0.0000 1.0000 0.0000
vn 0.0000 1.0000 0.0000
vn 0.0000 1.0000 0.0000
vn 0.0000 1.0000 0.0000
vn 0.0000 1.0000 0.0000
vn 0.0000 1.0000 0.0000
vn 0.0000 1.0000 0.0000
vn 0.0000 1.0000 0.0000
vn 0.0000 1.0000 0.0000
vn 0.0000 1.0000 0.0000
vn 0.0000 1.0000 0.0000
vn 0.0000 1.0000 0.0000
vn 0.0000 1.0000 0.0000
vn 0.0000 1.0000 0.0000
vn 0.0000 1.0000 0.0000
vn 0.0000 1.0000 0.0000
vn 0.0000 1.0000 0.0000
vn 0.0000 1.0000 0.0000
vn 0.0000 1.0000 0.0000
vn 0.0000 1.0000 0.0000
vn 0.0000 1.0000 0.0000
vn 0.0000 1.0000 0.0000
vn 0.0000 1.0000 0.0000
vn 0.0000 1.0000 0.0000
vn 0.0000 1.0000 0.0000
vn 0.0000 1.0000 0.0000
vn 0.0000 1.0000 0.0000
vn 0.0000 1.0000 0.0000
vn 0.0000 1.0000 0.0000
vn 0.0000 1.0000 0.0000
vn 0.0000 1.0000 0.0000
vn 0.0000 1.0000 0.0000
vn 0.0000 1.0000 0.0000
vn 0.0000 1.0000 0.0000
vn 0.0000 1.0000 0.0000
vn 0.0000 1.0000 0.0000
vn 0.0000 1.0000 0.0000
vn 0.0000 1.0000 0.0000
vn 0.0000 1.0000 0.0000
vn 0.0000 1.0000 0.0000
vn 0.0000 1.0000 0.0000
vn 0.0000 1.0000 0.0000
vn 0.0000 1.0000 0.0000
vn 0.0000 1.0000 0.0000
vn 0.0000 1.0000 0.0000
vn 0.0000 1.0000 0.0000
vn 0.0000 1.0000 0.0000
vn 0.0000 1.0000 0.0000
vn 0.0000 1.0000 0.0000
vn 0.0000 1.0000 0.0000
vn 0.0000 1.0000 0.0000
vn 0.0000 1.0000 0.0000
vn 0.0000 1.0000 0.0000
vn 0.0000 1.0000 0.0000
vn 0.0000 1.0000 0.0000
vn 0.0000 1.0000 0.0000
vn 0.0000 1.0000 0.0000
vn 0.0000 1.0000 0.0000
vn 0.0000 1.0000 0.0000
vn 0.0000 1.0000 0.0000
vn 0.0000 1.0000 0.0000
vn 0.0000 1.0000 0.0000
vn 0.0000 1.0000 0.0000
vn 0.0000 1.0000 0.0000
vn 0.0000 1.0000 0.0000
vn 0.0000 1.0000 0.0000
vn 0.0000 1.0000 0.0000
vn 0.0000 1.0000 0.0000
vn 0.0000 1.0000 0.0000
vn 0.0000 1.0000 0.0000
vn 0.0000 1.0000 0.0000
vn 0.0000 1.0000 0.0000
vn 0.0000 1.0000 0.0000
vn 0.0000 1.0000 0.0000
vn 0.0000 1.0000 0.0000
vn 0.0000 1.0000 0.0000
vn 0.0000 1.0000 0.0000
vn 0.0000 1.0000 0.0000
vn 0.0000 1.0000 0.0000
vn 0.0000 1.0000 0.0000
vn 0.0000 1.0000 0.0000
vn 0.0000 1.0000 0.0000
vn 0.0000 1.0000 0.0000
vn 0.0000 1.0000 0.0000
vn 0.0000 1.0000 0.0000
vn 0.0000 1.0000 0.0000
vn 0.0000 1.0000 0.0000
vn 0.0000 1.0000 0.0000
vn 0.0000 1.0000 0.0000
vn 0.0000 1.0000 0.0000
vn 0.0000 1.0000 0.0000
vn 0.0000 1.0000 0.0000
vn 0.0000 1.0000 0.0000
vn 0.0000 1.0000 0.0000
vn 0.0000 1.0000 0.0000
vn 0.0000 1.0000 0.0000
vn 0.0000 1.0000 0.0000
vn 0.0000 1.0000 0.0000
vn 0.0000 1.0000 0.0000
vn 0.0000 1.0000 0.0000
vn 0.0000 1.0000 0.0000
vn 0.0000 1.0000 0.0000
vn 0.0000 1.0000 0.0000
vn 0.0000 1.0000 0.0000
vn 0.0000 1.0000 0.0000
vn 0.0000 1.0000 0.0000
vn 0.0000 1.0000 0.0000
vn 0.0000 1.0000 0.0000
vn 0.0000 1.0000 0.0000
vn 0.0000 1.0000 0.0000
vn 0.0000 1.0000 0.0000
vn 0.0000 1.0000 0.0000
vn 0.0000 1.0000 0.0000
vn 0.0000 1.0000 0.0000
vn 0.0000 1.0000 0.0000
vn 0.0000 1.0000 0.0000
vn 0.0000 1.0000 0.0000
vn 0.0000 1.0000 0.0000
vn 0.0000 1.0000 0.0000
vn 0.0000 1.0000 0.0000
vn 0.0000 1.0000 0.0000
vn 0.0000 1.0000 0.0000
vn 0.0000 1.0000 0.0000
vn 0.0000 1.0000 0.0000
vn 0.0000 1.0000 0.0000
vn 0.0000 1.0000 0.0000
vn 0.0000 1.0000 0.0000
vn 0.0000 1.0000 0.0000
vn 0.0000 1.0000 0.0000
vn 0.0000 1.0000 0.0000
vn 0.0000 1.0000 0.0000
vn 0.0000 1.0000 0.0000
vn 0.0000 1.0000 0.0000
vn 0.0000 1.0000 0.0000
vn 0.0000 1.0000 0.0000
vn 0.0000 1.0000 0.0000
vn 0.0000 1.0000 0.0000
vn 0.0000 1.0000 0.0000
vn 0.0000 1.0000 0.0000
vn 0.0000 1.0000 0.0000
vn 0.0000 1.0000 0.0000
vn 0.0000 1.0000 0.0000
vn 0.0000 1.0000 0.0000
vn 0.0000 1.0000 0.0000
vn 0.0000 1.0000 0.0000
vn 0.0000 1.0000 0.0000
vn 0.0000 1.0000 0.0000
vn 0.0000 1.0000 0.0000
vn 0.0000 1.0000 0.0000
vn 0.0000 1.0000 0.0000
vn 0.0000 1.0000 0.0000
vn 0.0000 1.0000 0.0000
vn 0.0000 1.0000 0.0000
vn 0.0000 1.0000 0.0000
vn 0.0000 1.0000 0.0000
vn 0.0000 1.0000 0.0000
vn 0.0000 1.0000 0.0000
vn 0.0000 1.0000 0.0000
vn 0.0000 1.0000 0.0000
vn 0.0000 1.0000 0.0000
vn 0.0000 1.0000 0.0000
vn 0.0000 1.0000 0.0000
vn 0.0000 1.0000 0.0000
vn 0.0000 1.0000 0.0000
vn 0.0000 1.0000 0.0000
vn 0.0000 1.0000 0.0000
vn 0.0000 1.0000 0.0000
vn 0.0000 1.0000 0.0000
vn 0.0000 1.0000 0.0000
vn 0.0000 1.0000 0.0000
vn 0.0000 1.0000 0.0000
vn 0.0000 1.0000 0.0000
vn 0.0000 1.0000 0.0000
vn 0.0000 1.0000 0.0000
vn 0.0000 1.0000 0.0000
vn 0.0000 1.0000 0.0000
vn 0.0000 1.0000 0.0000
vn 0.0000 1.0000 0.0000
vn 0.0000 1.0000 0.0000
vn 0.0000 1.0000 0.0000
vn 0.0000 1.0000 0.0000
vn 0.0000 1.0000 0.0000
vn 0.0000 1.0000 0.0000
vn 0.0000 1.0000 0.0000
vn 0.0000 1.0000 0.0000
vn 0.0000 1.0000 0.0000
vn 0.0000 1.0000 0.0000
vn 0.0000 1.0000 0.0000
vn 0.0000 1.0000 0.0000
vn 0.0000 1.0000 0.0000
vn 0.0000 1.0000 0.0000
vn 0.0000 1.0000 0.0000
vn 0.0000 1.0000 0.0000
vn 0.0000 1.0000 0.0000
vn 0.0000 1.0000 0.0000
vn 0.0000 1.0000 0.0000
vn 0.0000 1.0000 0.0000
vn 0.0000 1.0000 0.0000
vn 0.0000 1.0000 0.0000
vn 0.0000 1.0000 0.0000
vn 0.0000 1.0000 0.0000
vn 0.0000 1.0000 0.0000
vn 0.0000 1.0000 0.0000
vn 0.0000 1.0000 0.0000
vn 0.0000 1.0000 0.0000
vn 0.0000 1.0000 0.0000
vn 0.0000 1.0000 0.0000
vn 0.0000 1.0000 0.0000
vn 0.0000 1.0000 0.0000
vn 0.0000 1.0000 0.0000
vn 0.0000 1.0000 0.0000
vn 0.0000 1.0000 0.0000
vn 0.0000 1.0000 0.0000
vn 0.0000 1.0000 0.0000
vn 0.0000 1.0000 0.0000
vn 0.0000 1.0000 0.0000
vn 0.0000 1.0000 0.0000
vn 0.0000 1.0000 0.0000
vn 0.0000 1.0000 0.0000
vn 0.0000 1.0000 0.0000
vn 0.0000 1.0000 0.0000
vn 0.0000 1.0000 0.0000
vn 0.0000 1.0000 0.0000
vn 0.0000 1.0000 0.0000
vn 0.0000 1.0000 0.0000
vn 0.0000 1.0000 0.0000
vn 0.0000 1.0000 0.0000
vn 0.0000 1.0000 0.0000
vn 0.0000 1.0000 0.0000
vn 0.0000 1.0000 0.0000
vn 0.0000 1.0000 0.0000
vn 0.0000 1.0000 0.0000
vn 0.0000 1.0000 0.0000
vn 0.0000 1.0000 0.0000
vn 0.0000 1.0000 0.0000
vn 0.0000 1.0000 0.0000
vn 0.0000 1.0000 0.0000
vn 0.0000 1.0000 0.0000
vn 0.0000 1.0000 0.0000
vn 0.0000 1.0000 0.0000
vn 0.0000 1.0000 0.0000
vn 0.0000 1.0000 0.0000
vn 0.0000 1.0000 0.0000
vn 0.0000 1.0000 0.0000
vn 0.0000 1.0000 0.0000
vn 0.0000 1.0000 0.0000
vn 0.0000 1.0000 0.0000
vn 0.0000 1.0000 0.0000
vn 0.0000 1.0000 0.0000
vn 0.0000 1.0000 0.0000
vn 0.0000 1.0000 0.0000
vn 0.0000 1.0000 0.0000
vn 0.0000 1.0000 0.0000
vn 0.0000 1.0000 0.0000
vn 0.0000 1.0000 0.0000
vn 0.0000 1.0000 0.0000
vn 0.0000 1.0000 0.0000
vn 0.0000 1.0000 0.0000
vn 0.0000 1.0000 0.0000
vn 0.0000 1.0000 0.0000
vn 0.0000 1.0000 0.0000
vn 0.0000 1.0000 0.0000
vn 0.0000 1.0000 0.0000
vn 0.0000 1.0000 0.0000
vn 0.0000 1.0000 0.0000
vn 0.0000 1.0000 0.0000
vn 0.0000 1.0000 0.0000
vn 0.0000 1.0000 0.0000
vn 0.0000 1.0000 0.0000
vn 0.0000 1.0000 0.0000
vn 0.0000 1.0000 0.0000
vn 0.0000 1.0000 0.0000
vn 0.0000 1.0000 0.0000
vn 0.0000 1.0000 0.0000
vn 0.0000 1.0000 0.0000
vn 0.0000 1.0000 0.0000
vn 0.0000 1.0000 0.0000
vn 0.0000 1.0000 0.0000
vn 0.0000 1.0000 0.0000
vn 0.0000 1.0000 0.0000
vn 0.0000 1.0000 0.0000
vn 0.0000 1.0000 0.0000
vn 0.0000 1.0000 0.0000
vn 0.0000 1.0000 0.0000
vn 0.0000 1.0000 0.0000
vn 0.0000 1.0000 0.0000
vn 0.0000 1.0000 0.0000
vn 0.0000 1.0000 0.0000
vn 0.0000 1.0000 0.0000
vn 0.0000 1.0000 0.0000
vn 0.0000 1.0000 0.0000
vn 0.0000 1.0000 0.0000
vn 0.0000 1.0000 0.0000
vn 0.0000 1.0000 0.0000
vn 0.0000 1.0000 0.0000
vn 0.0000 1.0000 0.0000
vn 0.0000 1.0000 0.0000
vn 0.0000 1.0000 0.0000
vn 0.0000 1.0000 0.0000
vn 0.0000 1.0000 0.0000
vn 0.0000 1.0000 0.0000
vn 0.0000 1.0000 0.0000
vn 0.0000 1.0000 0.0000
vn 0.0000 1.0000 0.0000
vn 0.0000 1.0000 0.0000
vn 0.0000 1.0000 0.0000
vn 0.0000 1.0000 0.0000
vn 0.0000 1.0000 0.0000
vn 0.0000 1.0000 0.0000
vn 0.0000 1.0000 0.0000
vn 0.0000 1.0000 0.0000
vn 0.0000 1.0000 0.0000
vn 0.0000 1.0000 0.0000
vn 0.0000 1.0000 0.0000
vn 0.0000 1.0000 0.0000
vn 0.0000 1.0000 0.0000
vn 0.0000 1.0000 0.0000
vn 0.0000 1.0000 0.0000
vn 0.0000 1.0000 0.0000
vn 0.0000 1.0000 0.0000
vn 0.0000 1.0000 0.0000
vn 0.0000 1.0000 0.0000
vn 0.0000 1.0000 0.0000
vn 0.0000 1.0000 0.0000
vn 0.0000 1.0000 0.0000
vn 0.0000 1.0000 0.0000
vn 0.0000 1.0000 0.0000
vn 0.0000 1.0000 0.0000
vn 0.0000 1.0000 0.0000
vn 0.0000 1.0000 0.0000
vn 0.0000 1.0000 0.0000
vn 0.0000 1.0000 0.0000
vn 0.0000 1.0000 0.0000
vn 0.0000 1.0000 0.0000
vn 0.0000 1.0000 0.0000
vn 0.0000 1.0000 0.0000
vn 0.0000 1.0000 0.0000
vn 0.0000 1.0000 0.0000
vn 0.0000 1.0000 0.0000
vn 0.0000 1.0000 0.0000
vn 0.0000 1.0000 0.0000
vn 0.0000 1.0000 0.0000
vn 0.0000 1.0000 0.0000
vn 0.0000 1.0000 0.0000
vn 0.0000 1.0000 0.0000
vn 0.0000 1.0000 0.0000
vn 0.0000 1.0000 0.0000
vn 0.0000 1.0000 0.0000
vn 0.0000 1.0000 0.0000
vn 0.0000 1.0000 0.0000
vn 0.0000 1.0000 0.0000
vn 0.0000 1.0000 0.0000
vn 0.0000 1.0000 0.0000
vn 0.0000 1.0000 0.0000
vn 0.0000 1.0000 0.0000
vn 0.0000 1.0000 0.0000
vn 0.0000 1.0000 0.0000
vn 0.0000 1.0000 0.0000
vn 0.0000 1.0000 0.0000
vn 0.0000 1.0000 0.0000
vn 0.0000 1.0000 0.0000
vn 0.0000 1.0000 0.0000
vn 0.0000 1.0000 0.0000
vn 0.0000 1.0000 0.0000
vn 0.0000 1.0000 0.0000
vn 0.0000 1.0000 0.0000
vn 0.0000 1.0000 0.0000
vn 0.0000 1.0000 0.0000
vn 0.0000 1.0000 0.0000
vn 0.0000 1.0000 0.0000
vn 0.0000 1.0000 0.0000
vn 0.0000 1.0000 0.0000
vn 0.0000 1.0000 0.0000
vn 0.0000 1.0000 0.0000
vn 0.0000 1.0000 0.0000
vn 0.0000 1.0000 0.0000
vn 0.0000 1.0000 0.0000
vn 0.0000 1.0000 0.0000
vn 0.0000 1.0000 0.0000
vn 0.0000 1.0000 0.0000
vn 0.0000 1.0000 0.0000
vn 0.0000 1.0000 0.0000
vn 0.0000 1.0000 0.0000
vn 0.0000 1.0000 0.0000
vn 0.0000 1.0000 0.0000
vn 0.0000 1.0000 0.0000
vn 0.0000 1.0000 0.0000
vn 0.0000 1.0000 0.0000
vn 0.0000 1.0000 0.0000
vn 0.0000 1.0000 0.0000
vn 0.0000 1.0000 0.0000
vn 0.0000 1.0000 0.0000
vn 0.0000 1.0000 0.0000
vn 0.0000 1.0000 0.0000
vn 0.0000 1.0000 0.0000
vn 0.0000 1.0000 0.0000
vn 0.0000 1.0000 0.0000
vn 0.0000 1.0000 0.0000
vn 0.0000 1.0000 0.0000
vn 0.0000 1.0000 0.0000
vn 0.0000 1.0000 0.0000
vn 0.0000 1.0000 0.0000
vn 0.0000 1.0000 0.0000
vn 0.0000 1.0000 0.0000
vn 0.0000 1.0000 0.0000
vn 0.0000 1.0000 0.0000
vn 0.0000 1.0000 0.0000
vn 0.0000 1.0000 0.0000
vn 0.0000 1.0000 0.0000
vn 0.0000 1.0000 0.0000
vn 0.0000 1.0000 0.0000
vn 0.0000 1.0000 0.0000
vn 0.0000 1.0000 0.0000
vn 0.0000 1.0000 0.0000
vn 0.0000 1.0000 0.0000
vn 0.0000 1.0000 0.0000
vn 0.0000 1.0000 0.0000
vn 0.0000 1.0000 0.0000
vn 0.0000 1.0000 0.0000
vn 0.0000 1.0000 0.0000
vn 0.0000 1.0000 0.0000
vn 0.0000 1.0000 0.0000
vn 0.0000 1.0000 0.0000
vn 0.0000 1.0000 0.0000
vn 0.0000 1.0000 0.0000
vn 0.0000 1.0000 0.0000
vn 0.0000 1.0000 0.0000
vn 0.0000 1.0000 0.0000
vn 0.0000 1.0000 0.0000
vn 0.0000 1.0000 0.0000
vn 0.0000 1.0000 0.0000
vn 0.0000 1.0000 0.0000
vn 0.0000 1.0000 0.0000
vn 0.0000 1.0000 0.0000
vn 0.0000 1.0000 0.0000
vn 0.0000 1.0000 0.0000
vn 0.0000 1.0000 0.0000
vn 0.0000 1.0000 0.0000
vn 0.0000 1.0000 0.0000
vn 0.0000 1.0000 0.0000
vn 0.0000 1.0000 0.0000
vn 0.0000 1.0000 0.0000
vn 0.0000 1.0000 0.0000
vn 0.0000 1.0000 0.0000
vn 0.0000 1.0000 0.0000
vn 0.0000 1.0000 0.0000
vn 0.0000 1.0000 0.0000
vn 0.0000 1.0000 0.0000
vn 0.0000 1.0000 0.0000
vn 0.0000 1.0000 0.0000
vn 0.0000 1.0000 0.0000
vn 0.0000 1.0000 0.0000
vn 0.0000 1.0000 0.0000
vn 0.0000 1.0000 0.0000
vn 0.0000 1.0000 0.0000
vn 0.0000 1.0000 0.0000
vn 0.0000 1.0000 0.0000
vn 0.0000 1.0000 0.0000
vn 0.0000 1.0000 0.0000
vn 0.0000 1.0000 0.0000
vn 0.0000 1.0000 0.0000
vn 0.0000 1.0000 0.0000
vn 0.0000 1.0000 0.0000
vn 0.0000 1.0000 0.0000
vn 0.0000 1.0000 0.0000
vn 0.0000 1.0000 0.0000
vn 0.0000 1.0000 0.0000
vn 0.0000 1.0000 0.0000
vn 0.0000 1.0000 0.0000
vn 0.0000 1.0000 0.0000
vn 0.0000 1.0000 0.0000
vn 0.0000 1.0000 0.0000
vn 0.0000 1.0000 0.0000
vn 0.0000 1.0000 0.0000
vn 0.0000 1.0000 0.0000
vn 0.0000 1.0000 0.0000
vn 0.0000 1.0000 0.0000
vn 0.0000 1.0000 0.0000
vn 0.0000 1.0000 0.0000
vn 0.0000 1.0000 0.0000
vn 0.0000 1.0000 0.0000
vn 0.0000 1.0000 0.0000
vn 0.0000 1.0000 0.0000
vn 0.0000 1.0000 0.0000
vn 0.0000 1.0000 0.0000
vn 0.0000 1.0000 0.0000
vn 0.0000 1.0000 0.0000
vn 0.0000 1.0000 0.0000
vn 0.0000 1.0000 0.0000
vn 0.0000 1.0000 0.0000
vn 0.0000 1.0000 0.0000
vn 0.0000 1.0000 0.0000
vn 0.0000 1.0000 0.0000
vn 0.0000 1.0000 0.0000
vn 0.0000 1.0000 0.0000
vn 0.0000 1.0000 0.0000
vn 0.0000 1.0000 0.0000
vn 0.0000 1.0000 0.0000
vn 0.0000 1.0000 0.0000
vn 0.0000 1.0000 0.0000
vn 0.0000 1.0000 0.0000
vn 0.0000 1.0000 0.0000
vn 0.0000 1.0000 0.0000
vn 0.0000 1.0000 0.0000
vn 0.0000 1.0000 0.0000
vn 0.0000 1.0000 0.0000
vn 0.0000 1.0000 0.0000
vn 0.0000 1.0000 0.0000
vn 0.0000 1.0000 0.0000
vn 0.0000 1.0000 0.0000
vn 0.0000 1.0000 0.0000
vn 0.0000 1.0000 0.0000
vn 0.0000 1.0000 0.0000
vn 0.0000 1.0000 0.0000
vn 0.0000 1.0000 0.0000
vn 0.0000 1.0000 0.0000
vn 0.0000 1.0000 0.0000
vn 0.0000 1.0000 0.0000
vn 0.0000 1.0000 0.0000
vn 0.0000 1.0000 0.0000
vn 0.0000 1.0000 0.0000
vn 0.0000 1.0000 0.0000
vn 0.0000 1.0000 0.0000
vn 0.0000 1.0000 0.0000
vn 0.0000 1.0000 0.0000
vn 0.0000 1.0000 0.0000
vn 0.0000 1.0000 0.0000
vn 0.0000 1.0000 0.0000
vn 0.0000 1.0000 0.0000
vn 0.0000 1.0000 0.0000
vn 0.0000 1.0000 0.0000
vn 0.0000 1.0000 0.0000
vn 0.0000 1.0000 0.0000
vn 0.0000 1.0000 0.0000
vn 0.0000 1.0000 0.0000
vn 0.0000 1.0000 0.0000
vn 0.0000 1.0000 0.0000
vn 0.0000 1.0000 0.0000
vn 0.0000 1.0000 0.0000
vn 0.0000 1.0000 0.0000
vn 0.0000 1.0000 0.0000
vn 0.0000 1.0000 0.0000
vn 0.0000 1.0000 0.0000
vn 0.0000 1.0000 0.0000
vn 0.0000 1.0000 0.0000
vn 0.0000 1.0000 0.0000
vn 0.0000 1.0000 0.0000
vn 0.0000 1.0000 0.0000
vn 0.0000 1.0000 0.0000
vn 0.0000 1.0000 0.0000
vn 0.0000 1.0000 0.0000
vn 0.0000 1.0000 0.0000
vn 0.0000 1.0000 0.0000
vn 0.0000 1.0000 0.0000
vn 0.0000 1.0000 0.0000
vn 0.0000 1.0000 0.0000
vn 0.0000 1.0000 0.0000
vn 0.0000 1.0000 0.0000
vn 0.0000 1.0000 0.0000
vn 0.0000 1.0000 0.0000
vn 0.0000 1.0000 0.0000
vn 0.0000 1.0000 0.0000
vn 0.0000 1.0000 0.0000
vn 0.0000 1.0000 0.0000
vn 0.0000 1.0000 0.0000
vn 0.0000 1.0000 0.0000
vn 0.0000 1.0000 0.0000
vn 0.0000 1.0000 0.0000
vn 0.0000 1.0000 0.0000
vn 0.0000 1.0000 0.0000
vn 0.0000 1.0000 0.0000
vn 0.0000 1.0000 0.0000
vn 0.0000 1.0000 0.0000
vn 0.0000 1.0000 0.0000
vn 0.0000 1.0000 0.0000
vn 0.0000 1.0000 0.0000
vn 0.0000 1.0000 0.0000
vn 0.0000 1.0000 0.0000
vn 0.0000 1.0000 0.0000
vn 0.0000 1.0000 0.0000
vn 0.0000 1.0000 0.0000
vn 0.0000 1.0000 0.0000
vn 0.0000 1.0000 0.0000
vn 0.0000 1.0000 0.0000
vn 0.0000 1.0000 0.0000
vn 0.0000 1.0000 0.0000
vn 0.0000 1.0000 0.0000
vn 0.0000 1.0000 0.0000
vn 0.0000 1.0000 0.0000
vn 0.0000 1.0000 0.0000
vn 0.0000 1.0000 0.0000
vn 0.0000 1.0000 0.0000
vn 0.0000 1.0000 0.0000
vn 0.0000 1.0000 0.0000
vn 0.0000 1.0000 0.0000
vn 0.0000 1.0000 0.0000
vn 0.0000 1.0000 0.0000
vn 0.0000 1.0000 0.0000
vn 0.0000 1.0000 0.0000
vn 0.0000 1.0000 0.0000
vn 0.0000 1.0000 0.0000
vn 0.0000 1.0000 0.0000
vn 0.0000 1.0000 0.0000
vn 0.0000 1.0000 0.0000
vn 0.0000 1.0000 0.0000
vn 0.0000 1.0000 0.0000
vn 0.0000 1.0000 0.0000
vn 0.0000 1.0000 0.0000
vn 0.0000 1.0000 0.0000
vn 0.0000 1.0000 0.0000
vn 0.0000 1.0000 0.0000
vn 0.0000 1.0000 0.0000
vn 0.0000 1.0000 0.0000
vn 0.0000 1.0000 0.0000
vn 0.0000 1.0000 0.0000
vn 0.0000 1.0000 0.0000
vn 0.0000 1.0000 0.0000
vn 0.0000 1.0000 0.0000
vn 0.0000 1.0000 0.0000
vn 0.0000 1.0000 0.0000
vn 0.0000 1.0000 0.0000
vn 0.0000 1.0000 0.0000
vn 0.0000 1.0000 0.0000
vn 0.0000 1.0000 0.0000
vn 0.0000 1.0000 0.0000
vn 0.0000 1.0000 0.0000
vn 0.0000 1.0000 0.0000
vn 0.0000 1.0000 0.0000
vn 0.0000 1.0000 0.0000
vn 0.0000 1.0000 0.0000
vn 0.0000 1.0000 0.0000
vn 0.0000 1.0000 0.0000
vn 0.0000 1.0000 0.0000
vn 0.0000 1.0000 0.0000
vn 0.0000 1.0000 0.0000
vn 0.0000 1.0000 0.0000
vn 0.0000 1.0000 0.0000
vn 0.0000 1.0000 0.0000
vn 0.0000 1.0000 0.0000
vn 0.0000 1.0000 0.0000
vn 0.0000 1.0000 0.0000
vn 0.0000 1.0000 0.0000
vn 0.0000 1.0000 0.0000
vn 0.0000 1.0000 0.0000
vn 0.0000 1.0000 0.0000
vn 0.0000 1.0000 0.0000
vn 0.0000 1.0000 0.0000
vn 0.0000 1.0000 0.0000
vn 0.0000 1.0000 0.0000
vn 0.0000 1.0000 0.0000
vn 0.0000 1.0000 0.0000
vn 0.0000 1.0000 0.0000
vn 0.0000 1.0000 0.0000
vn 0.0000 1.0000 0.0000
vn 0.0000 1.0000 0.0000
vn 0.0000 1.0000 0.0000
vn 0.0000 1.0000 0.0000
vn 0.0000 1.0000 0.0000
vn 0.0000 1.0000 0.0000
vn 0.0000 1.0000 0.0000
vn 0.0000 1.0000 0.0000
vn 0.0000 1.0000 0.0000
vn 0.0000 1.0000 0.0000
vn 0.0000 1.0000 0.0000
vn 0.0000 1.0000 0.0000
vn 0.0000 1.0000 0.0000
vn 0.0000 1.0000 0.0000
vn 0.0000 1.0000 0.0000
vn 0.0000 1.0000 0.0000
vn 0.0000 1.0000 0.0000
vn 0.0000 1.0000 0.0000
vn 0.0000 1.0000 0.0000
vn 0.0000 1.0000 0.0000
vn 0.0000 1.0000 0.0000
vn 0.0000 1.0000 0.0000
vn 0.0000 1.0000 0.0000
vn 0.0000 1.0000 0.0000
vn 0.0000 1.0000 0.0000
vn 0.0000 1.0000 0.0000
vn 0.0000 1.0000 0.0000
vn 0.0000 1.0000 0.0000
vn 0.0000 1.0000 0.0000
vn 0.0000 1.0000 0.0000
vn 0.0000 1.0000 0.0000
vn 0.0000 1.0000 0.0000
vn 0.0000 1.0000 0.0000
vn 0.0000 1.0000 0.0000
vn 0.0000 1.0000 0.0000
vn 0.0000 1.0000 0.0000
vn 0.0000 1.0000 0.0000
vn 0.0000 1.0000 0.0000
vn 0.0000 1.0000 0.0000
vn 0.0000 1.0000 0.0000
vn 0.0000 1.0000 0.0000
vn 0.0000 1.0000 0.0000
vn 0.0000 1.0000 0.0000
vn 0.0000 1.0000 0.0000
vn 0.0000 1.0000 0.0000
vn 0.0000 1.0000 0.0000
vn 0.0000 1.0000 0.0000
vn 0.0000 1.0000 0.0000
vn 0.0000 1.0000 0.0000
vn 0.0000 1.0000 0.0000
vn 0.0000 1.0000 0.0000
vn 0.0000 1.0000 0.0000
vn 0.0000 1.0000 0.0000
vn 0.0000 1.0000 0.0000
vn 0.0000 1.0000 0.0000
vn 0.0000 1.0000 0.0000
vn 0.0000 1.0000 0.0000
vn 0.0000 1.0000 0.0000
vn 0.0000 1.0000 0.0000
vn 0.0000 1.0000 0.0000
vn 0.0000 1.0000 0.0000
vn 0.0000 1.0000 0.0000
vn 0.0000 1.0000 0.0000
vn 0.0000 1.0000 0.0000
vn 0.0000 1.0000 0.0000
vn 0.0000 1.0000 0.0000
vn 0.0000 1.0000 0.0000
vn 0.0000 1.0000 0.0000
vn 0.0000 1.0000 0.0000
vn 0.0000 1.0000 0.0000
vn 0.0000 1.0000 0.0000
vn 0.0000 1.0000 0.0000
vn 0.0000 1.0000 0.0000
vn 0.0000 1.0000 0.0000
vn 0.0000 1.0000 0.0000
vn 0.0000 1.0000 0.0000
vn 0.0000 1.0000 0.0000
vn 0.0000 1.0000 0.0000
vn 0.0000 1.0000 0.0000
vn 0.0000 1.0000 0.0000
vn 0.0000 1.0000 0.0000
vn 0.0000 1.0000 0.0000
vn 0.0000 1.0000 0.0000
vn 0.0000 1.0000 0.0000
vn 0.0000 1.0000 0.0000
vn 0.0000 1.0000 0.0000
vn 0.0000 1.0000 0.0000
vn 0.0000 1.0000 0.0000
vn 0.0000 1.0000 0.0000
vn 0.0000 1.0000 0.0000
vn 0.0000 1.0000 0.0000
vn 0.0000 1.0000 0.0000
vn 0.0000 1.0000 0.0000
vn 0.0000 1.0000 0.0000
vn 0.0000 1.0000 0.0000
vn 0.0000 1.0000 0.0000
vn 0.0000 1.0000 0.0000
vn 0.0000 1.0000 0.0000
vn 0.0000 1.0000 0.0000
vn 0.0000 1.0000 0.0000
vn 0.0000 1.0000 0.0000
vn 0.0000 1.0000 0.0000
vn 0.0000 1.0000 0.0000
vn 0.0000 1.0000 0.0000
vn 0.0000 1.0000 0.0000
vn 0.0000 1.0000 0.0000
vn 0.0000 1.0000 0.0000
vn 0.0000 1.0000 0.0000
vn 0.0000 1.0000 0.0000
vn 0.0000 1.0000 0.0000
vn 0.0000 1.0000 0.0000
vn 0.0000 1.0000 0.0000
vn 0.0000 1.0000 0.0000
vn 0.0000 1.0000 0.0000
vn 0.0000 1.0000 0.0000
vn 0.0000 1.0000 0.0000
vn 0.0000 1.0000 0.0000
vn 0.0000 1.0000 0.0000
vn 0.0000 1.0000 0.0000
vn 0.0000 1.0000 0.0000
vn 0.0000 1.0000 0.0000
vn 0.0000 1.0000 0.0000
vn 0.0000 1.0000 0.0000
vn 0.0000 1.0000 0.0000
vn 0.0000 1.0000 0.0000
vn 0.0000 1.0000 0.0000
vn 0.0000 1.0000 0.0000
vn 0.0000 1.0000 0.0000
vn 0.0000 1.0000 0.0000
vn 0.0000 1.0000 0.0000
vn 0.0000 1.0000 0.0000
vn 0.0000 1.0000 0.0000
vn 0.0000 1.0000 0.0000
vn 0.0000 1.0000 0.0000
vn 0.0000 1.0000 0.0000
vn 0.0000 1.0000 0.0000
vn 0.0000 1.0000 0.0000
vn 0.0000 1.0000 0.0000
vn 0.0000 1.0000 0.0000
vn 0.0000 1.0000 0.0000
vn 0.0000 1.0000 0.0000
vn 0.0000 1.0000 0.0000
vn 0.0000 1.0000 0.0000
vn 0.0000 1.0000 0.0000
vn 0.0000 1.0000 0.0000
vn 0.0000 1.0000 0.0000
vn 0.0000 1.0000 0.0000
vn 0.0000 1.0000 0.0000
vn 0.0000 1.0000 0.0000
vn 0.0000 1.0000 0.0000
vn 0.0000 1.0000 0.0000
vn 0.0000 1.0000 0.0000
vn 0.0000 1.0000 0.0000
vn 0.0000 1.0000 0.0000
vn 0.0000 1.0000 0.0000
vn 0.0000 1.0000 0.0000
vn 0.0000 1.0000 0.0000
vn 0.0000 1.0000 0.0000
vn 0.0000 1.0000 0.0000
vn 0.0000 1.0000 0.0000
vn 0.0000 1.0000 0.0000
vn 0.0000 1.0000 0.0000
vn 0.0000 1.0000 0.0000
vn 0.0000 1.0000 0.0000
vn 0.0000 1.0000 0.0000
vn 0.0000 1.0000 0.0000
vn 0.0000 1.0000 0.0000
vn 0.0000 1.0000 0.0000
vn 0.0000 1.0000 0.0000
vn 0.0000 1.0000 0.0000
vn 0.0000 1.0000 0.0000
vn 0.0000 1.0000 0.0000
vn 0.0000 1.0000 0.0000
vn 0.0000 1.0000 0.0000
vn 0.0000 1.0000 0.0000
vn 0.0000 1.0000 0.0000
vn 0.0000 1.0000 0.0000
vn 0.0000 1.0000 0.0000
vn 0.0000 1.0000 0.0000
vn 0.0000 1.0000 0.0000
vn 0.0000 1.0000 0.0000
vn 0.0000 1.0000 0.0000
vn 0.0000 1.0000 0.0000
vn 0.0000 1.0000 0.0000
vn 0.0000 1.0000 0.0000
vn 0.0000 1.0000 0.0000
vn 0.0000 1.0000 0.0000
vn 0.0000 1.0000 0.0000
vn 0.0000 1.0000 0.0000
vn 0.0000 1.0000 0.0000
vn 0.0000 1.0000 0.0000
vn 0.0000 1.0000 0.0000
vn 0.0000 1.0000 0.0000
vn 0.0000 1.0000 0.0000
vn 0.0000 1.0000 0.0000
vn 0.0000 1.0000 0.0000
vn 0.0000 1.0000 0.0000
vn 0.0000 1.0000 0.0000
vn 0.0000 1.0000 0.0000
vn 0.0000 1.0000 0.0000
vn 0.0000 1.0000 0.0000
vn 0.0000 1.0000 0.0000
vn 0.0000 1.0000 0.0000
vn 0.0000 1.0000 0.0000
vn 0.0000 1.0000 0.0000
vn 0.0000 1.0000 0.0000
vn 0.0000 1.0000 0.0000
vn 0.0000 1.0000 0.0000
vn 0.0000 1.0000 0.0000
vn 0.0000 1.0000 0.0000
vn 0.0000 1.0000 0.0000
vn 0.0000 1.0000 0.0000
vn 0.0000 1.0000 0.0000
vn 0.0000 1.0000 0.0000
vn 0.0000 1.0000 0.0000
vn 0.0000 1.0000 0.0000
vn 0.0000 1.0000 0.0000
vn 0.0000 1.0000 0.0000
vn 0.0000 1.0000 0.0000
vn 0.0000 1.0000 0.0000
vn 0.0000 1.0000 0.0000
vn 0.0000 1.0000 0.0000
vn 0.0000 1.0000 0.0000
vn 0.0000 1.0000 0.0000
vn 0.0000 1.0000 0.0000
vn 0.0000 1.0000 0.0000
vn 0.0000 1.0000 0.0000
vn 0.0000 1.0000 0.0000
vn 0.0000 1.0000 0.0000
vn 0.0000 1.0000 0.0000
vn 0.0000 1.0000 0.0000
vn 0.0000 1.0000 0.0000
vn 0.0000 1.0000 0.0000
vn 0.0000 1.0000 0.0000
vn 0.0000 1.0000 0.0000
vn 0.0000 1.0000 0.0000
vn 0.0000 1.0000 0.0000
vn 0.0000 1.0000 0.0000
vn 0.0000 1.0000 0.0000
vn 0.0000 1.0000 0.0000
vn 0.0000 1.0000 0.0000
vn 0.0000 1.0000 0.0000
vn 0.0000 1.0000 0.0000
vn 0.0000 1.0000 0.0000
vn 0.0000 1.0000 0.0000
vn 0.0000 1.0000 0.0000
vn 0.0000 1.0000 0.0000
vn 0.0000 1.0000 0.0000
vn 0.0000 1.0000 0.0000
vn 0.0000 1.0000 0.0000
vn 0.0000 1.0000 0.0000
vn 0.0000 1.0000 0.0000
vn 0.0000 1.0000 0.0000
vn 0.0000 1.0000 0.0000
vn 0.0000 1.0000 0.0000
vn 0.0000 1.0000 0.0000
vn 0.0000 1.0000 0.0000
vn 0.0000 1.0000 0.0000
vn 0.0000 1.0000 0.0000
vn 0.0000 1.0000 0.0000
vn 0.0000 1.0000 0.0000
vn 0.0000 1.0000 0.0000
vn 0.0000 1.0000 0.0000
vn 0.0000 1.0000 0.0000
vn 0.0000 1.0000 0.0000
vn 0.0000 1.0000 0.0000
vn 0.0000 1.0000 0.0000
vn 0.0000 1.0000 0.0000
vn 0.0000 1.0000 0.0000
vn 0.0000 1.0000 0.0000
vn 0.0000 1.0000 0.0000
vn 0.0000 1.0000 0.0000
vn 0.0000 1.0000 0.0000
vn 0.0000 1.0000 0.0000
vn 0.0000 1.0000 0.0000
vn 0.0000 1.0000 0.0000
vn 0.0000 1.0000 0.0000
vn 0.0000 1.0000 0.0000
vn 0.0000 1.0000 0.0000
vn 0.0000 1.0000 0.0000
vn 0.0000 1.0000 0.0000
vn 0.0000 1.0000 0.0000
vn 0.0000 1.0000 0.0000
vn 0.0000 1.0000 0.0000
vn 0.0000 1.0000 0.0000
vn 0.0000 1.0000 0.0000
vn 0.0000 1.0000 0.0000
vn 0.0000 1.0000 0.0000
vn 0.0000 1.0000 0.0000
vn 0.0000 1.0000 0.0000
vn 0.0000 1.0000 0.0000
vn 0.0000 1.0000 0.0000
vn 0.0000 1.0000 0.0000
vn 0.0000 1.0000 0.0000
vn 0.0000 1.0000 0.0000
vn 0.0000 1.0000 0.0000
vn 0.0000 1.0000 0.0000
vn 0.0000 1.0000 0.0000
vn 0.0000 1.0000 0.0000
vn 0.0000 1.0000 0.0000
vn 0.0000 1.0000 0.0000
vn 0.0000 1.0000 0.0000
vn 0.0000 1.0000 0.0000
vn 0.0000 1.0000 0.0000
vn 0.0000 1.0000 0.0000
vn 0.0000 1.0000 0.0000
vn 0.0000 1.0000 0.0000
vn 0.0000 1.0000 0.0000
vn 0.0000 1.0000 0.0000
vn 0.0000 1.0000 0.0000
vn 0.0000 1.0000 0.0000
vn 0.0000 1.0000 0.0000
vn 0.0000 1.0000 0.0000
vn 0.0000 1.0000 0.0000
vn 0.0000 1.0000 0.0000
vn 0.0000 1.0000 0.0000
vn 0.0000 1.0000 0.0000
vn 0.0000 1.0000 0.0000
vn 0.0000 1.0000 0.0000
vn 0.0000 1.0000 0.0000
vn 0.0000 1.0000 0.0000
vn 0.0000 1.0000 0.0000
vn 0.0000 1.0000 0.0000
vn 0.0000 1.0000 0.0000
vn 0.0000 1.0000 0.0000
vn 0.0000 1.0000 0.0000
vn 0.0000 1.0000 0.0000
vn 0.0000 1.0000 0.0000
vn 0.0000 1.0000 0.0000
vn 0.0000 1.0000 0.0000
vn 0.0000 1.0000 0.0000
vn 0.0000 1.0000 0.0000
vn 0.0000 1.0000 0.0000
vn 0.0000 1.0000 0.0000
vn 0.0000 1.0000 0.0000
vn 0.0000 1.0000 0.0000
vn 0.0000 1.0000 0.0000
vn 0.0000 1.0000 0.0000
vn 0.0000 1.0000 0.0000
vn 0.0000 1.0000 0.0000
vn 0.0000 1.0000 0.0000
vn 0.0000 1.0000 0.0000
vn 0.0000 1.0000 0.0000
vn 0.0000 1.0000 0.0000
vn 0.0000 1.0000 0.0000
vn 0.0000 1.0000 0.0000
vn 0.0000 1.0000 0.0000
vn 0.0000 1.0000 0.0000
vn 0.0000 1.0000 0.0000
vn 0.0000 1.0000 0.0000
vn 0.0000 1.0000 0.0000
vn 0.0000 1.0000 0.0000
vn 0.0000 1.0000 0.0000
vn 0.0000 1.0000 0.0000
vn 0.0000 1.0000 0.0000
vn 0.0000 1.0000 0.0000
vn 0.0000 1.0000 0.0000
vn 0.0000 1.0000 0.0000
vn 0.0000 1.0000 0.0000
vn 0.0000 1.0000 0.0000
vn 0.0000 1.0000 0.0000
vn 0.0000 1.0000 0.0000
vn 0.0000 1.0000 0.0000
vn 0.0000 1.0000 0.0000
vn 0.0000 1.0000 0.0000
vn 0.0000 1.0000 0.0000
vn 0.0000 1.0000 0.0000
vn 0.0000 1.0000 0.0000
vn 0.0000 1.0000 0.0000
vn 0.0000 1.0000 0.0000
vn 0.0000 1.0000 0.0000
vn 0.0000 1.0000 0.0000
vn 0.0000 1.0000 0.0000
vn 0.0000 1.0000 0.0000
vn 0.0000 1.0000 0.0000
vn 0.0000 1.0000 0.0000
vn 0.0000 1.0000 0.0000
vn 0.0000 1.0000 0.0000
vn 0.0000 1.0000 0.0000
vn 0.0000 1.0000 0.0000
vn 0.0000 1.0000 0.0000
vn 0.0000 1.0000 0.0000
vn 0.0000 1.0000 0.0000
vn 0.0000 1.0000 0.0000
vn 0.0000 1.0000 0.0000
vn 0.0000 1.0000 0.0000
vn 0.0000 1.0000 0.0000
vn 0.0000 1.0000 0.0000
vn 0.0000 1.0000 0.0000
vn 0.0000 1.0000 0.0000
vn 0.0000 1.0000 0.0000
vn 0.0000 1.0000 0.0000
vn 0.0000 1.0000 0.0000
vn 0.0000 1.0000 0.0000
vn 0.0000 1.0000 0.0000
vn 0.0000 1.0000 0.0000
vn 0.0000 1.0000 0.0000
vn 0.0000 1.0000 0.0000
vn 0.0000 1.0000 0.0000
vn 0.0000 1.0000 0.0000
vn 0.0000 1.0000 0.0000
vn 0.0000 1.0000 0.0000
vn 0.0000 1.0000 0.0000
vn 0.0000 1.0000 0.0000
vn 0.0000 1.0000 0.0000
vn 0.0000 1.0000 0.0000
vn 0.0000 1.0000 0.0000
vn 0.0000 1.0000 0.0000
vn 0.0000 1.0000 0.0000
vn 0.0000 1.0000 0.0000
vn 0.0000 1.0000 0.0000
vn 0.0000 1.0000 0.0000
vn 0.0000 1.0000 0.0000
vn 0.0000 1.0000 0.0000
vn 0.0000 1.0000 0.0000
vn 0.0000 1.0000 0.0000
vn 0.0000 1.0000 0.0000
vn 0.0000 1.0000 0.0000
vn 0.0000 1.0000 0.0000
vn 0.0000 1.0000 0.0000
vn 0.0000 1.0000 0.0000
vn 0.0000 1.0000 0.0000
vn 0.0000 1.0000 0.0000
vn 0.0000 1.0000 0.0000
vn 0.0000 1.0000 0.0000
vn 0.0000 1.0000 0.0000
vn 0.0000 1.0000 0.0000
vn 0.0000 1.0000 0.0000
vn 0.0000 1.0000 0.0000
vn 0.0000 1.0000 0.0000
vn 0.0000 1.0000 0.0000
vn 0.0000 1.0000 0.0000
vn 0.0000 1.0000 0.0000
vn 0.0000 1.0000 0.0000
vn 0.0000 1.0000 0.0000
vn 0.0000 1.0000 0.0000
vn 0.0000 1.0000 0.0000
vn 0.0000 1.0000 0.0000
vn 0.0000 1.0000 0.0000
vn 0.0000 1.0000 0.0000
vn 0.0000 1.0000 0.0000
vn 0.0000 1.0000 0.0000
vn 0.0000 1.0000 0.0000
vn 0.0000 1.0000 0.0000
vn 0.0000 1.0000 0.0000
vn 0.0000 1.0000 0.0000
vn 0.0000 1.0000 0.0000
vn 0.0000 1.0000 0.0000
vn 0.0000 1.0000 0.0000
vn 0.0000 1.0000 0.0000
vn 0.0000 1.0000 0.0000
vn 0.0000 1.0000 0.0000
vn 0.0000 1.0000 0.0000
vn 0.0000 1.0000 0.0000
vn 0.0000 1.0000 0.0000
vn 0.0000 1.0000 0.0000
vn 0.0000 1.0000 0.0000
vn 0.0000 1.0000 0.0000
vn 0.0000 1.0000 0.0000
vn 0.0000 1.0000 0.0000
vn 0.0000 1.0000 0.0000
vn 0.0000 1.0000 0.0000
vn 0.0000 1.0000 0.0000
vn 0.0000 1.0000 0.0000
vn 0.0000 1.0000 0.0000
vn 0.0000 1.0000 0.0000
vn 0.0000 1.0000 0.0000
vn 0.0000 1.0000 0.0000
vn 0.0000 1.0000 0.0000
vn 0.0000 1.0000 0.0000
vn 0.0000 1.0000 0.0000
vn 0.0000 1.0000 0.0000
vn 0.0000 1.0000 0.0000
vn 0.0000 1.0000 0.0000
vn 0.0000 1.0000 0.0000
vn 0.0000 1.0000 0.0000
vn 0.0000 1.0000 0.0000
vn 0.0000 1.0000 0.0000
vn 0.0000 1.0000 0.0000
vn 0.0000 1.0000 0.0000
vn 0.0000 1.0000 0.0000
vn 0.0000 1.0000 0.0000
vn 0.0000 1.0000 0.0000
vn 0.0000 1.0000 0.0000
vn 0.0000 1.0000 0.0000
vn 0.0000 1.0000 0.0000
vn 0.0000 1.0000 0.0000
vn 0.0000 1.0000 0.0000
vn 0.0000 1.0000 0.0000
vn 0.0000 1.0000 0.0000
vn 0.0000 1.0000 0.0000
vn 0.0000 1.0000 0.0000
vn 0.0000 1.0000 0.0000
vn 0.0000 1.0000 0.0000
vn 0.0000 1.0000 0.0000
vn 0.0000 1.0000 0.0000
vn 0.0000 1.0000 0.0000
vn 0.0000 1.0000 0.0000
vn 0.0000 1.0000 0.0000
vn 0.0000 1.0000 0.0000
vn 0.0000 1.0000 0.0000
vn 0.0000 1.0000 0.0000
vn 0.0000 1.0000 0.0000
vn 0.0000 1.0000 0.0000
vn 0.0000 1.0000 0.0000
vn 0.0000 1.0000 0.0000
vn 0.0000 1.0000 0.0000
vn 0.0000 1.0000 0.0000
vn 0.0000 1.0000 0.0000
vn 0.0000 1.0000 0.0000
vn 0.0000 1.0000 0.0000
vn 0.0000 1.0000 0.0000
vn 0.0000 1.0000 0.0000
vn 0.0000 1.0000 0.0000
vn 0.0000 1.0000 0.0000
vn 0.0000 1.0000 0.0000
vn 0.0000 1.0000 0.0000
vn 0.0000 1.0000 0.0000
vn 0.0000 1.0000 0.0000
vn 0.0000 1.0000 0.0000
vn 0.0000 1.0000 0.0000
vn 0.0000 1.0000 0.0000
vn 0.0000 1.0000 0.0000
vn 0.0000 1.0000 0.0000
vn 0.0000 1.0000 0.0000
vn 0.0000 1.0000 0.0000
vn 0.0000 1.0000 0.0000
vn 0.0000 1.0000 0.0000
vn 0.0000 1.0000 0.0000
vn 0.0000 1.0000 0.0000
vn 0.0000 1.0000 0.0000
vn 0.0000 1.0000 0.0000
vn 0.0000 1.0000 0.0000
vn 0.0000 1.0000 0.0000
vn 0.0000 1.0000 0.0000
vn 0.0000 1.0000 0.0000
vn 0.0000 1.0000 0.0000
vn 0.0000 1.0000 0.0000
vn 0.0000 1.0000 0.0000
vn 0.0000 1.0000 0.0000
vn 0.0000 1.0000 0.0000
vn 0.0000 1.0000 0.0000
vn 0.0000 1.0000 0.0000
vn 0.0000 1.0000 0.0000
vn 0.0000 1.0000 0.0000
vn 0.0000 1.0000 0.0000
vn 0.0000 1.0000 0.0000
vn 0.0000 1.0000 0.0000
vn 0.0000 1.0000 0.0000
vn 0.0000 1.0000 0.0000
vn 0.0000 1.0000 0.0000
vn 0.0000 1.0000 0.0000
vn 0.0000 1.0000 0.0000
vn 0.0000 1.0000 0.0000
vn 0.0000 1.0000 0.0000
vn 0.0000 1.0000 0.0000
vn 0.0000 1.0000 0.0000
vn 0.0000 1.0000 0.0000
vn 0.0000 1.0000 0.0000
vn 0.0000 1.0000 0.0000
vn 0.0000 1.0000 0.0000
vn 0.0000 1.0000 0.0000
vn 0.0000 1.0000 0.0000
vn 0.0000 1.0000 0.0000
vn 0.0000 1.0000 0.0000
vn 0.0000 1.0000 0.0000
vn 0.0000 1.0000 0.0000
vn 0.0000 1.0000 0.0000
vn 0.0000 1.0000 0.0000
vn 0.0000 1.0000 0.0000
vn 0.0000 1.0000 0.0000
vn 0.0000 1.0000 0.0000
vn 0.0000 1.0000 0.0000
vn 0.0000 1.0000 0.0000
vn 0.0000 1.0000 0.0000
vn 0.0000 1.0000 0.0000
vn 0.0000 1.0000 0.0000
vn 0.0000 1.0000 0.0000
vn 0.0000 1.0000 0.0000
vn 0.0000 1.0000 0.0000
vn 0.0000 1.0000 0.0000
vn 0.0000 1.0000 0.0000
vn 0.0000 1.0000 0.0000
vn 0.0000 1.0000 0.0000
vn 0.0000 1.0000 0.0000
vn 0.0000 1.0000 0.0000
vn 0.0000 1.0000 0.0000
vn 0.0000 1.0000 0.0000
vn 0.0000 1.0000 0.0000
vn 0.0000 1.0000 0.0000
vn 0.0000 1.0000 0.0000
vn 0.0000 1.0000 0.0000
vn 0.0000 1.0000 0.0000
vn 0.0000 1.0000 0.0000
vn 0.0000 1.0000 0.0000
vn 0.0000 1.0000 0.0000
vn 0.0000 1.0000 0.0000
vn 0.0000 1.0000 0.0000
vn 0.0000 1.0000 0.0000
vn 0.0000 1.0000 0.0000
vn 0.0000 1.0000 0.0000
vn 0.0000 1.0000 0.0000
vn 0.0000 1.0000 0.0000
vn 0.0000 1.0000 0.0000
vn 0.0000 1.0000 0.0000
vn 0.0000 1.0000 0.0000
vn 0.0000 1.0000 0.0000
vn 0.0000 1.0000 0.0000
vn 0.0000 1.0000 0.0000
vn 0.0000 1.0000 0.0000
vn 0.0000 1.0000 0.0000
vn 0.0000 1.0000 0.0000
vn 0.0000 1.0000 0.0000
vn 0.0000 1.0000 0.0000
vn 0.0000 1.0000 0.0000
vn 0.0000 1.0000 0.0000
vn 0.0000 1.0000 0.0000
vn 0.0000 1.0000 0.0000
vn 0.0000 1.0000 0.0000
vn 0.0000 1.0000 0.0000
vn 0.0000 1.0000 0.0000
vn 0.0000 1.0000 0.0000
vn 0.0000 1.0000 0.0000
vn 0.0000 1.0000 0.0000
vn 0.0000 1.0000 0.0000
vn 0.0000 1.0000 0.0000
vn 0.0000 1.0000 0.0000
vn 0.0000 1.0000 0.0000
vn 0.0000 1.0000 0.0000
vn 0.0000 1.0000 0.0000
vn 0.0000 1.0000 0.0000
vn 0.0000 1.0000 0.0000
vn 0.0000 1.0000 0.0000
vn 0.0000 1.0000 0.0000
vn 0.0000 1.0000 0.0000
vn 0.0000 1.0000 0.0000
vn 0.0000 1.0000 0.0000
vn 0.0000 1.0000 0.0000
vn 0.0000 1.0000 0.0000
vn 0.0000 1.0000 0.0000
vn 0.0000 1.0000 0.0000
vn 0.0000 1.0000 0.0000
vn 0.0000 1.0000 0.0000
vn 0.0000 1.0000 0.0000
vn 0.0000 1.0000 0.0000
vn 0.0000 1.0000 0.0000
vn 0.0000 1.0000 0.0000
vn 0.0000 1.0000 0.0000
vn 0.0000 1.0000 0.0000
vn 0.0000 1.0000 0.0000
vn 0.0000 1.0000 0.0000
vn 0.0000 1.0000 0.0000
vn 0.0000 1.0000 0.0000
vn 0.0000 1.0000 0.0000
vn 0.0000 1.0000 0.0000
vn 0.0000 1.0000 0.0000
vn 0.0000 1.0000 0.0000
vn 0.0000 1.0000 0.0000
vn 0.0000 1.0000 0.0000
vn 0.0000 1.0000 0.0000
vn 0.0000 1.0000 0.0000
vn 0.0000 1.0000 0.0000
vn 0.0000 1.0000 0.0000
vn 0.0000 1.0000 0.0000
vn 0.0000 1.0000 0.0000
vn 0.0000 1.0000 0.0000
vn 0.0000 1.0000 0.0000
vn 0.0000 1.0000 0.0000
vn 0.0000 1.0000 0.0000
vn 0.0000 1.0000 0.0000
vn 0.0000 1.0000 0.0000
vn 0.0000 1.0000 0.0000
vn 0.0000 1.0000 0.0000
vn 0.0000 1.0000 0.0000
vn 0.0000 1.0000 0.0000
vn 0.0000 1.0000 0.0000
vn 0.0000 1.0000 0.0000
vn 0.0000 1.0000 0.0000
vn 0.0000 1.0000 0.0000
vn 0.0000 1.0000 0.0000
vn 0.0000 1.0000 0.0000
vn 0.0000 1.0000 0.0000
vn 0.0000 1.0000 0.0000
vn 0.0000 1.0000 0.0000
vn 0.0000 1.0000 0.0000
vn 0.0000 1.0000 0.0000
vn 0.0000 1.0000 0.0000
vn 0.0000 1.0000 0.0000
vn 0.0000 1.0000 0.0000
vn 0.0000 1.0000 0.0000
vn 0.0000 1.0000 0.0000
vn 0.0000 1.0000 0.0000
vn 0.0000 1.0000 0.0000
vn 0.0000 1.0000 0.0000
vn 0.0000 1.0000 0.0000
vn 0.0000 1.0000 0.0000
vn 0.0000 1.0000 0.0000
vn 0.0000 1.0000 0.0000
vn 0.0000 1.0000 0.0000
vn 0.0000 1.0000 0.0000
vn 0.0000 1.0000 0.0000
vn 0.0000 1.0000 0.0000
vn 0.0000 1.0000 0.0000
vn 0.0000 1.0000 0.0000
vn 0.0000 1.0000 0.0000
vn 0.0000 1.0000 0.0000
vn 0.0000 1.0000 0.0000
vn 0.0000 1.0000 0.0000
vn 0.0000 1.0000 0.0000
vn 0.0000 1.0000 0.0000
vn 0.0000 1.0000 0.0000
vn 0.0000 1.0000 0.0000
vn 0.0000 1.0000 0.0000
vn 0.0000 1.0000 0.0000
vn 0.0000 1.0000 0.0000
vn 0.0000 1.0000 0.0000
f 1/1/1 4/4/4 2/2/2
f 1/1/1 3/3/3 4/4/4
f 3/3/3 6/6/6 4/4/4
f 3/3/3 5/5/5 6/6/6
f 5/5/5 8/8/8 6/6/6
f 5/5/5 7/7/7 8/8/8
f 7/7/7 10/10/10 8/8/8
f 7/7/7 9/9/9 10/10/10
f 9/9/9 12/12/12 10/10/10
f 9/9/9 11/11/11 12/12/12
f 11/11/11 14/14/14 12/12/12
f 11/11/11 13/13/13 14/14/14
f 15/15/15 18/18/18 16/16/16
f 15/15/15 17/17/17 18/18/18
f 17/17/17 20/20/20 18/18/18
f 17/17/17 19/19/19 20/20/20
f 19/19/19 22/22/22 20/20/20
f 19/19/19 21/21/21 22/22/22
f 21/21/21 24/24/24 22/22/22
f 21/21/21 23/23/23 24/24/24
f 23/23/23 26/26/26 24/24/24
f 23/23/23 25/25/25 26/26/26
f 25/25/25 28/28/28 26/26/26
f 25/25/25 27/27/27 28/28/28
f 27/27/27 30/30/30 28/28/28
f 27/27/27 29/29/29 30/30/30
f 29/29/29 32/32/32 30/30/30
f 29/29/29 31/31/31 32/32/32
f 31/31/31 34/34/34 32/32/32
f 31/31/31 33/33/33 34/34/34
f 33/33/33 36/36/36 34/34/34
f 33/33/33 35/35/35 36/36/36
f 35/35/35 38/38/38 36/36/36
f 35/35/35 37/37/37 38/38/38
f 37/37/37 40/40/40 38/38/38
f 37/37/37 39/39/39 40/40/40
f 39/39/39 42/42/42 40/40/40
f 39/39/39 41/41/41 42/42/42
f 43/43/43 46/46/46 44/44/44
f 43/43/43 45/45/45 46/46/46
f 45/45/45 48/48/48 46/46/46
f 45/45/45 47/47/47 48/48/48
f 47/47/47 50/50/50 48/48/48
f 47/47/47 49/49/49 50/50/50
f 49/49/49 52/52/52 50/50/50
f 49/49/49 51/51/51 52/52/52
f 51/51/51 54/54/54 52/52/52
f 51/51/51 53/53/53 54/54/54
f 53/53/53 56/56/56 54/54/54
f 53/53/53 55/55/55 56/56/56
f 55/55/55 58/58/58 56/56/56
f 55/55/55 57/57/57 58/58/58
f 57/57/57 60/60/60 58/58/58
f 57/57/57 59/59/59 60/60/60
f 59/59/59 62/62/62 60/60/60
f 59/59/59 61/61/61 62/62/62
f 61/61/61 64/64/64 62/62/62
f 61/61/61 63/63/63 64/64/64
f 63/63/63 66/66/66 64/64/64
f 63/63/63 65/65/65 66/66/66
f 65/65/65 68/68/68 66/66/66
f 65/65/65 67/67/67 68/68/68
f 67/67/67 70/70/70 68/68/68
f 67/67/67 69/69/69 70/70/70
f 69/69/69 72/72/72 70/70/70
f 69/69/69 71/71/71 72/72/72
f 71/71/71 74/74/74 72/72/72
f 71/71/71 73/73/73 74/74/74
f 73/73/73 76/76/76 74/74/74
f 73/73/73 75/75/75 76/76/76
f 75/75/75 78/78/78 76/76/76
f 75/75/75 77/77/77 78/78/78
f 77/77/77 80/80/80 78/78/78
f 77/77/77 79/79/79 80/80/80
f 79/79/79 82/82/82 80/80/80
f 79/79/79 81/81/81 82/82/82
f 81/81/81 84/84/84 82/82/82
f 81/81/81 83/83/83 84/84/84
f 83/83/83 86/86/86 84/84/84
f 83/83/83 85/85/85 86/86/86
f 85/85/85 88/88/88 86/86/86
f 85/85/85 87/87/87 88/88/88
f 87/87/87 90/90/90 88/88/88
f 87/87/87 89/89/89 90/90/90
f 89/89/89 92/92/92 90/90/90
f 89/89/89 91/91/91 92/92/92
f 91/91/91 94/94/94 92/92/92
f 91/91/91 93/93/93 94/94/94
f 93/93/93 96/96/96 94/94/94
f 93/93/93 95/95/95 96/96/96
f 95/95/95 98/98/98 96/96/96
f 95/95/95 97/97/97 98/98/98
f 97/97/97 100/100/100 98/98/98
f 97/97/97 99/99/99 100/100/100
f 99/99/99 102/102/102 100/100/100
f 99/99/99 101/101/101 102/102/102
f 101/101/101 104/104/104 102/102/102
f 101/101/101 103/103/103 104/104/104
f 103/103/103 106/106/106 104/104/104
f 103/103/103 105/105/105 106/106/106
f 105/105/105 108/108/108 106/106/106
f 105/105/105 107/107/107 108/108/108
f 107/107/107 110/110/110 108/108/108
f 107/107/107 109/109/109 110/110/110
f 109/109/109 112/112/112 110/110/110
f 109/109/109 111/111/111 112/112/112
f 111/111/111 114/114/114 112/112/112
f 111/111/111 113/113/113 114/114/114
f 113/113/113 116/116/116 114/114/114
f 113/113/113 115/115/115 116/116/116
f 115/115/115 118/118/118 116/116/116
f 115/115/115 117/117/117 118/118/118
f 117/117/117 120/120/120 118/118/118
f 117/117/117 119/119/119 120/120/120
f 119/119/119 122/122/122 120/120/120
f 119/119/119 121/121/121 122/122/122
f 121/121/121 124/124/124 122/122/122
f 121/121/121 123/123/123 124/124/124
f 123/123/123 126/126/126 124/124/124
f 123/123/123 125/125/125 126/126/126
f 125/125/125 128/128/128 126/126/126
f 125/125/125 127/127/127 128/128/128
f 129/129/129 132/132/132 130/130/130
f 129/129/129 131/131/131 132/132/132
f 131/131/131 134/134/134 132/132/132
f 131/131/131 133/133/133 134/134/134
f 133/133/133 136/136/136 134/134/134
f 133/133/133 135/135/135 136/136/136
f 135/135/135 138/138/138 136/136/136
f 135/135/135 137/137/137 138/138/138
f 137/137/137 140/140/140 138/138/138
f 137/137/137 139/139/139 140/140/140
f 139/139/139 142/142/142 140/140/140
f 139/139/139 141/141/141 142/142/142
f 141/141/141 144/144/144 142/142/142
f 141/141/141 143/143/143 144/144/144
f 143/143/143 146/146/146 144/144/144
f 143/143/143 145/145/145 146/146/146
f 145/145/145 148/148/148 146/146/146
f 145/145/145 147/147/147 148/148/148
f 147/147/147 150/150/150 148/148/148
f 147/147/147 149/149/149 150/150/150
f 149/149/149 152/152/152 150/150/150
f 149/149/149 151/151/151 152/152/152
f 151/151/151 154/154/154 152/152/152
f 151/151/151 153/153/153 154/154/154
f 153/153/153 156/156/156 154/154/154
f 153/153/153 155/155/155 156/156/156
f 155/155/155 158/158/158 156/156/156
f 155/155/155 157/157/157 158/158/158
f 157/157/157 160/160/160 158/158/158
f 157/157/157 159/159/159 160/160/160
f 159/159/159 162/162/162 160/160/160
f 159/159/159 161/161/161 162/162/162
f 161/161/161 164/164/164 162/162/162
f 161/161/161 163/163/163 164/164/164
f 163/163/163 166/166/166 164/164/164
f 163/163/163 165/165/165 166/166/166
f 165/165/165 168/168/168 166/166/166
f 165/165/165 167/167/167 168/168/168
f 169/169/169 172/172/172 170/170/170
f 169/169/169 171/171/171 172/172/172
f 171/171/171 174/174/174 172/172/172
f 171/171/171 173/173/173 174/174/174
f 173/173/173 176/176/176 174/174/174
f 173/173/173 175/175/175 176/176/176
f 175/175/175 178/178/178 176/176/176
f 175/175/175 177/177/177 178/178/178
f 177/177/177 180/180/180 178/178/178
f 177/177/177 179/179/179 180/180/180
f 179/179/179 182/182/182 180/180/180
f 179/179/179 181/181/181 182/182/182
f 181/181/181 184/184/184 182/182/182
f 181/181/181 183/183/183 184/184/184
f 183/183/183 186/186/186 184/184/184
f 183/183/183 185/185/185 186/186/186
f 185/185/185 188/188/188 186/186/186
f 185/185/185 187/187/187 188/188/188
f 187/187/187 190/190/190 188/188/188
f 187/187/187 189/189/189 190/190/190
f 189/189/189 192/192/192 190/190/190
f 189/189/189 191/191/191 192/192/192
f 191/191/191 194/194/194 192/192/192
f 191/191/191 193/193/193 194/194/194
f 195/195/195 198/198/198 196/196/196
f 195/195/195 197/197/197 198/198/198
f 197/197/197 200/200/200 198/198/198
f 197/197/197 199/199/199 200/200/200
f 199/199/199 202/202/202 200/200/200
f 199/199/199 201/201/201 202/202/202
f 201/201/201 204/204/204 202/202/202
f 201/201/201 203/203/203 204/204/204
f 203/203/203 206/206/206 204/204/204
f 203/203/203 205/205/205 206/206/206
f 205/205/205 208/208/208 206/206/206
f 205/205/205 207/207/207 208/208/208
f 207/207/207 210/210/210 208/208/208
f 207/207/207 209/209/209 210/210/210
f 209/209/209 212/212/212 210/210/210
f 209/209/209 211/211/211 212/212/212
f 211/211/211 214/214/214 212/212/212
f 211/211/211 213/213/213 214/214/214
f 213/213/213 216/216/216 214/214/214
f 213/213/213 215/215/215 216/216/216
f 217/217/217 220/220/220 218/218/218
f 217/217/217 219/219/219 220/220/220
f 219/219/219 222/222/222 220/220/220
f 219/219/219 221/221/221 222/222/222
f 221/221/221 224/224/224 222/222/222
f 221/221/221 223/223/223 224/224/224
f 223/223/223 226/226/226 224/224/224
f 223/223/223 225/225/225 226/226/226
f 225/225/225 228/228/228 226/226/226
f 225/225/225 227/227/227 228/228/228
f 227/227/227 230/230/230 228/228/228
f 227/227/227 229/229/229 230/230/230
f 229/229/229 232/232/232 230/230/230
f 229/229/229 231/231/231 232/232/232
f 231/231/231 234/234/234 232/232/232
f 231/231/231 233/233/233 234/234/234
f 233/233/233 236/236/236 234/234/234
f 233/233/233 235/235/235 236/236/236
f 235/235/235 238/238/238 236/236/236
f 235/235/235 237/237/237 238/238/238
f 237/237/237 240/240/240 238/238/238
f 237/237/237 239/239/239 240/240/240
f 239/239/239 242/242/242 240/240/240
f 239/239/239 241/241/241 242/242/242
f 241/241/241 244/244/244 242/242/242
f 241/241/241 243/243/243 244/244/244
f 243/243/243 246/246/246 244/244/244
f 243/243/243 245/245/245 246/246/246
f 245/245/245 248/248/248 246/246/246
f 245/245/245 247/247/247 248/248/248
f 247/247/247 250/250/250 248/248/248
f 247/247/247 249/249/249 250/250/250
f 249/249/249 252/252/252 250/250/250
f 249/249/249 251/251/251 252/252/252
f 251/251/251 254/254/254 252/252/252
f 251/251/251 253/253/253 254/254/254
f 253/253/253 256/256/256 254/254/254
f 253/253/253 255/255/255 256/256/256
f 255/255/255 258/258/258 256/256/256
f 255/255/255 257/257/257 258/258/258
f 257/257/257 260/260/260 258/258/258
f 257/257/257 259/259/259 260/260/260
f 259/259/259 262/262/262 260/260/260
f 259/259/259 261/261/261 262/262/262
f 261/261/261 264/264/264 262/262/262
f 261/261/261 263/263/263 264/264/264
f 263/263/263 266/266/266 264/264/264
f 263/263/263 265/265/265 266/266/266
f 265/265/265 268/268/268 266/266/266
f 265/265/265 267/267/267 268/268/268
f 267/267/267 270/270/270 268/268/268
f 267/267/267 269/269/269 270/270/270
f 269/269/269 272/272/272 270/270/270
f 269/269/269 271/271/271 272/272/272
f 271/271/271 274/274/274 272/272/272
f 271/271/271 273/273/273 274/274/274
f 273/273/273 276/276/276 274/274/274
f 273/273/273 275/275/275 276/276/276
f 275/275/275 278/278/278 276/276/276
f 275/275/275 277/277/277 278/278/278
f 277/277/277 280/280/280 278/278/278
f 277/277/277 279/279/279 280/280/280
f 279/279/279 282/282/282 280/280/280
f 279/279/279 281/281/281 282/282/282
f 281/281/281 284/284/284 282/282/282
f 281/281/281 283/283/283 284/284/284
f 283/283/283 286/286/286 284/284/284
f 283/283/283 285/285/285 286/286/286
f 285/285/285 288/288/288 286/286/286
f 285/285/285 287/287/287 288/288/288
f 287/287/287 290/290/290 288/288/288
f 287/287/287 289/289/289 290/290/290
f 289/289/289 292/292/292 290/290/290
f 289/289/289 291/291/291 292/292/292
f 291/291/291 294/294/294 292/292/292
f 291/291/291 293/293/293 294/294/294
f 293/293/293 296/296/296 294/294/294
f 293/293/293 295/295/295 296/296/296
f 297/297/297 300/300/300 298/298/298
f 297/297/297 299/299/299 300/300/300
f 299/299/299 302/302/302 300/300/300
f 299/299/299 301/301/301 302/302/302
f 301/301/301 304/304/304 302/302/302
f 301/301/301 303/303/303 304/304/304
f 303/303/303 306/306/306 304/304/304
f 303/303/303 305/305/305 306/306/306
f 305/305/305 308/308/308 306/306/306
f 305/305/305 307/307/307 308/308/308
f 307/307/307 310/310/310 308/308/308
f 307/307/307 309/309/309 310/310/310
f 309/309/309 312/312/312 310/310/310
f 309/309/309 311/311/311 312/312/312
f 311/311/311 314/314/314 312/312/312
f 311/311/311 313/313/313 314/314/314
f 313/313/313 316/316/316 314/314/314
f 313/313/313 315/315/315 316/316/316
f 315/315/315 318/318/318 316/316/316
f 315/315/315 317/317/317 318/318/318
f 317/317/317 320/320/320 318/318/318
f 317/317/317 319/319/319 320/320/320
f 319/319/319 322/322/322 320/320/320
f 319/319/319 321/321/321 322/322/322
f 321/321/321 324/324/324 322/322/322
f 321/321/321 323/323/323 324/324/324
f 323/323/323 326/326/326 324/324/324
f 323/323/323 325/325/325 326/326/326
f 325/325/325 328/328/328 326/326/326
f 325/325/325 327/327/327 328/328/328
f 327/327/327 330/330/330 328/328/328
f 327/327/327 329/329/329 330/330/330
f 329/329/329 332/332/332 330/330/330
f 329/329/329 331/331/331 332/332/332
f 331/331/331 334/334/334 332/332/332
f 331/331/331 333/333/333 334/334/334
f 333/333/333 336/336/336 334/334/334
f 333/333/333 335/335/335 336/336/336
f 335/335/335 338/338/338 336/336/336
f 335/335/335 337/337/337 338/338/338
f 337/337/337 340/340/340 338/338/338
f 337/337/337 339/339/339 340/340/340
f 339/339/339 342/342/342 340/340/340
f 339/339/339 341/341/341 342/342/342
f 341/341/341 344/344/344 342/342/342
f 341/341/341 343/343/343 344/344/344
f 343/343/343 346/346/346 344/344/344
f 343/343/343 345/345/345 346/346/346
f 345/345/345 348/348/348 346/346/346
f 345/345/345 347/347/347 348/348/348
f 347/347/347 350/350/350 348/348/348
f 347/347/347 349/349/349 350/350/350
f 349/349/349 352/352/352 350/350/350
f 349/349/349 351/351/351 352/352/352
f 351/351/351 354/354/354 352/352/352
f 351/351/351 353/353/353 354/354/354
f 353/353/353 356/356/356 354/354/354
f 353/353/353 355/355/355 356/356/356
f 355/355/355 358/358/358 356/356/356
f 355/355/355 357/357/357 358/358/358
f 357/357/357 360/360/360 358/358/358
f 357/357/357 359/359/359 360/360/360
f 359/359/359 362/362/362 360/360/360
f 359/359/359 361/361/361 362/362/362
f 361/361/361 364/364/364 362/362/362
f 361/361/361 363/363/363 364/364/364
f 363/363/363 366/366/366 364/364/364
f 363/363/363 365/365/365 366/366/366
f 365/365/365 368/368/368 366/366/366
f 365/365/365 367/367/367 368/368/368
f 367/367/367 370/370/370 368/368/368
f 367/367/367 369/369/369 370/370/370
f 369/369/369 372/372/372 370/370/370
f 369/369/369 371/371/371 372/372/372
f 371/371/371 374/374/374 372/372/372
f 371/371/371 373/373/373 374/374/374
f 373/373/373 376/376/376 374/374/374
f 373/373/373 375/375/375 376/376/376
f 375/375/375 378/378/378 376/376/376
f 375/375/375 377/377/377 378/378/378
f 377/377/377 380/380/380 378/378/378
f 377/377/377 379/379/379 380/380/380
f 379/379/379 382/382/382 380/380/380
f 379/379/379 381/381/381 382/382/382
f 381/381/381 384/384/384 382/382/382
f 381/381/381 383/383/383 384/384/384
f 383/383/383 386/386/386 384/384/384
f 383/383/383 385/385/385 386/386/386
f 385/385/385 388/388/388 386/386/386
f 385/385/385 387/387/387 388/388/388
f 387/387/387 390/390/390 388/388/388
f 387/387/387 389/389/389 390/390/390
f 389/389/389 392/392/392 390/390/390
f 389/389/389 391/391/391 392/392/392
f 391/391/391 394/394/394 392/392/392
f 391/391/391 393/393/393 394/394/394
f 393/393/393 396/396/396 394/394/394
f 393/393/393 395/395/395 396/396/396
f 395/395/395 398/398/398 396/396/396
f 395/395/395 397/397/397 398/398/398
f 397/397/397 400/400/400 398/398/398
f 397/397/397 399/399/399 400/400/400
f 399/399/399 402/402/402 400/400/400
f 399/399/399 401/401/401 402/402/402
f 401/401/401 404/404/404 402/402/402
f 401/401/401 403/403/403 404/404/404
f 403/403/403 406/406/406 404/404/404
f 403/403/403 405/405/405 406/406/406
f 405/405/405 408/408/408 406/406/406
f 405/405/405 407/407/407 408/408/408
f 407/407/407 410/410/410 408/408/408
f 407/407/407 409/409/409 410/410/410
f 409/409/409 412/412/412 410/410/410
f 409/409/409 411/411/411 412/412/412
f 411/411/411 414/414/414 412/412/412
f 411/411/411 413/413/413 414/414/414
f 413/413/413 416/416/416 414/414/414
f 413/413/413 415/415/415 416/416/416
f 415/415/415 418/418/418 416/416/416
f 415/415/415 417/417/417 418/418/418
f 417/417/417 420/420/420 418/418/418
f 417/417/417 419/419/419 420/420/420
f 419/419/419 422/422/422 420/420/420
f 419/419/419 421/421/421 422/422/422
f 421/421/421 424/424/424 422/422/422
f 421/421/421 423/423/423 424/424/424
f 423/423/423 426/426/426 424/424/424
f 423/423/423 425/425/425 426/426/426
f 425/425/425 428/428/428 426/426/426
f 425/425/425 427/427/427 428/428/428
f 427/427/427 430/430/430 428/428/428
f 427/427/427 429/429/429 430/430/430
f 429/429/429 432/432/432 430/430/430
f 429/429/429 431/431/431 432/432/432
f 431/431/431 434/434/434 432/432/432
f 431/431/431 433/433/433 434/434/434
f 433/433/433 436/436/436 434/434/434
f 433/433/433 435/435/435 436/436/436
f 435/435/435 438/438/438 436/436/436
f 435/435/435 437/437/437 438/438/438
f 437/437/437 440/440/440 438/438/438
f 437/437/437 439/439/439 440/440/440
f 439/439/439 442/442/442 440/440/440
f 439/439/439 441/441/441 442/442/442
f 441/441/441 444/444/444 442/442/442
f 441/441/441 443/443/443 444/444/444
f 443/443/443 446/446/446 444/444/444
f 443/443/443 445/445/445 446/446/446
f 445/445/445 448/448/448 446/446/446
f 445/445/445 447/447/447 448/448/448
f 447/447/447 450/450/450 448/448/448
f 447/447/447 449/449/449 450/450/450
f 449/449/449 452/452/452 450/450/450
f 449/449/449 451/451/451 452/452/452
f 451/451/451 454/454/454 452/452/452
f 451/451/451 453/453/453 454/454/454
f 453/453/453 456/456/456 454/454/454
f 453/453/453 455/455/455 456/456/456
f 455/455/455 458/458/458 456/456/456
f 455/455/455 457/457/457 458/458/458
f 457/457/457 460/460/460 458/458/458
f 457/457/457 459/459/459 460/460/460
f 459/459/459 462/462/462 460/460/460
f 459/459/459 461/461/461 462/462/462
f 461/461/461 464/464/464 462/462/462
f 461/461/461 463/463/463 464/464/464
f 463/463/463 466/466/466 464/464/464
f 463/463/463 465/465/465 466/466/466
f 465/465/465 468/468/468 466/466/466
f 465/465/465 467/467/467 468/468/468
f 467/467/467 470/470/470 468/468/468
f 467/467/467 469/469/469 470/470/470
f 469/469/469 472/472/472 470/470/470
f 469/469/469 471/471/471 472/472/472
f 471/471/471 474/474/474 472/472/472
f 471/471/471 473/473/473 474/474/474
f 473/473/473 476/476/476 474/474/474
f 473/473/473 475/475/475 476/476/476
f 475/475/475 478/478/478 476/476/476
f 475/475/475 477/477/477 478/478/478
f 477/477/477 480/480/480 478/478/478
f 477/477/477 479/479/479 480/480/480
f 481/481/481 484/484/484 482/482/482
f 481/481/481 483/483/483 484/484/484
f 483/483/483 486/486/486 484/484/484
f 483/483/483 485/485/485 486/486/486
f 485/485/485 488/488/488 486/486/486
f 485/485/485 487/487/487 488/488/488
f 487/487/487 490/490/490 488/488/488
f 487/487/487 489/489/489 490/490/490
f 489/489/489 492/492/492 490/490/490
f 489/489/489 491/491/491 492/492/492
f 491/491/491 494/494/494 492/492/492
f 491/491/491 493/493/493 494/494/494
f 493/493/493 496/496/496 494/494/494
f 493/493/493 495/495/495 496/496/496
f 495/495/495 498/498/498 496/496/496
f 495/495/495 497/497/497 498/498/498
f 497/497/497 500/500/500 498/498/498
f 497/497/497 499/499/499 500/500/500
f 499/499/499 502/502/502 500/500/500
f 499/499/499 501/501/501 502/502/502
f 501/501/501 504/504/504 502/502/502
f 501/501/501 503/503/503 504/504/504
f 503/503/503 506/506/506 504/504/504
f 503/503/503 505/505/505 506/506/506
f 505/505/505 508/508/508 506/506/506
f 505/505/505 507/507/507 508/508/508
f 507/507/507 510/510/510 508/508/508
f 507/507/507 509/509/509 510/510/510
f 509/509/509 512/512/512 510/510/510
f 509/509/509 511/511/511 512/512/512
f 511/511/511 514/514/514 512/512/512
f 511/511/511 513/513/513 514/514/514
f 513/513/513 516/516/516 514/514/514
f 513/513/513 515/515/515 516/516/516
f 515/515/515 518/518/518 516/516/516
f 515/515/515 517/517/517 518/518/518
f 517/517/517 520/520/520 518/518/518
f 517/517/517 519/519/519 520/520/520
f 519/519/519 522/522/522 520/520/520
f 519/519/519 521/521/521 522/522/522
f 523/523/523 526/526/526 524/524/524
f 523/523/523 525/525/525 526/526/526
f 525/525/525 528/528/528 526/526/526
f 525/525/525 527/527/527 528/528/528
f 527/527/527 530/530/530 528/528/528
f 527/527/527 529/529/529 530/530/530
f 531/531/531 534/534/534 532/532/532
f 531/531/531 533/533/533 534/534/534
f 533/533/533 536/536/536 534/534/534
f 533/533/533 535/535/535 536/536/536
f 535/535/535 538/538/538 536/536/536
f 535/535/535 537/537/537 538/538/538
f 537/537/537 540/540/540 538/538/538
f 537/537/537 539/539/539 540/540/540
f 539/539/539 542/542/542 540/540/540
f 539/539/539 541/541/541 542/542/542
f 541/541/541 544/544/544 542/542/542
f 541/541/541 543/543/543 544/544/544
f 543/543/543 546/546/546 544/544/544
f 543/543/543 545/545/545 546/546/546
f 545/545/545 548/548/548 546/546/546
f 545/545/545 547/547/547 548/548/548
f 547/547/547 550/550/550 548/548/548
f 547/547/547 549/549/549 550/550/550
f 549/549/549 552/552/552 550/550/550
f 549/549/549 551/551/551 552/552/552
f 551/551/551 554/554/554 552/552/552
f 551/551/551 553/553/553 554/554/554
f 553/553/553 556/556/556 554/554/554
f 553/553/553 555/555/555 556/556/556
f 557/557/557 560/560/560 558/558/558
f 557/557/557 559/559/559 560/560/560
f 559/559/559 562/562/562 560/560/560
f 559/559/559 561/561/561 562/562/562
f 561/561/561 564/564/564 562/562/562
f 561/561/561 563/563/563 564/564/564
f 563/563/563 566/566/566 564/564/564
f 563/563/563 565/565/565 566/566/566
f 565/565/565 568/568/568 566/566/566
f 565/565/565 567/567/567 568/568/568
f 567/567/567 570/570/570 568/568/568
f 567/567/567 569/569/569 570/570/570
f 569/569/569 572/572/572 570/570/570
f 569/569/569 571/571/571 572/572/572
f 571/571/571 574/574/574 572/572/572
f 571/571/571 573/573/573 574/574/574
f 573/573/573 576/576/576 574/574/574
f 573/573/573 575/575/575 576/576/576
f 575/575/575 578/578/578 576/576/576
f 575/575/575 577/577/577 578/578/578
f 577/577/577 580/580/580 578/578/578
f 577/577/577 579/579/579 580/580/580
f 579/579/579 582/582/582 580/580/580
f 579/579/579 581/581/581 582/582/582
f 581/581/581 584/584/584 582/582/582
f 581/581/581 583/583/583 584/584/584
f 583/583/583 586/586/586 584/584/584
f 583/583/583 585/585/585 586/586/586
f 585/585/585 588/588/588 586/586/586
f 585/585/585 587/587/587 588/588/588
f 587/587/587 590/590/590 588/588/588
f 587/587/587 589/589/589 590/590/590
f 589/589/589 592/592/592 590/590/590
f 589/589/589 591/591/591 592/592/592
f 591/591/591 594/594/594 592/592/592
f 591/591/591 593/593/593 594/594/594
f 593/593/593 596/596/596 594/594/594
f 593/593/593 595/595/595 596/596/596
f 595/595/595 598/598/598 596/596/596
f 595/595/595 597/597/597 598/598/598
f 597/597/597 600/600/600 598/598/598
f 597/597/597 599/599/599 600/600/600
f 599/599/599 602/602/602 600/600/600
f 599/599/599 601/601/601 602/602/602
f 601/601/601 604/604/604 602/602/602
f 601/601/601 603/603/603 604/604/604
f 603/603/603 606/606/606 604/604/604
f 603/603/603 605/605/605 606/606/606
f 605/605/605 608/608/608 606/606/606
f 605/605/605 607/607/607 608/608/608
f 607/607/607 610/610/610 608/608/608
f 607/607/607 609/609/609 610/610/610
f 609/609/609 612/612/612 610/610/610
f 609/609/609 611/611/611 612/612/612
f 611/611/611 614/614/614 612/612/612
f 611/611/611 613/613/613 614/614/614
f 615/615/615 618/618/618 616/616/616
f 615/615/615 617/617/617 618/618/618
f 617/617/617 620/620/620 618/618/618
f 617/617/617 619/619/619 620/620/620
f 619/619/619 622/622/622 620/620/620
f 619/619/619 621/621/621 622/622/622
f 621/621/621 624/624/624 622/622/622
f 621/621/621 623/623/623 624/624/624
f 623/623/623 626/626/626 624/624/624
f 623/623/623 625/625/625 626/626/626
f 625/625/625 628/628/628 626/626/626
f 625/625/625 627/627/627 628/628/628
f 627/627/627 630/630/630 628/628/628
f 627/627/627 629/629/629 630/630/630
f 629/629/629 632/632/632 630/630/630
f 629/629/629 631/631/631 632/632/632
f 631/631/631 634/634/634 632/632/632
f 631/631/631 633/633/633 634/634/634
f 633/633/633 636/636/636 634/634/634
f 633/633/633 635/635/635 636/636/636
f 635/635/635 638/638/638 636/636/636
f 635/635/635 637/637/637 638/638/638
f 637/637/637 640/640/640 638/638/638
f 637/637/637 639/639/639 640/640/640
f 639/639/639 642/642/642 640/640/640
f 639/639/639 641/641/641 642/642/642
f 643/643/643 646/646/646 644/644/644
f 643/643/643 645/645/645 646/646/646
f 645/645/645 648/648/648 646/646/646
f 645/645/645 647/647/647 648/648/648
f 647/647/647 650/650/650 648/648/648
f 647/647/647 649/649/649 650/650/650
f 649/649/649 652/652/652 650/650/650
f 649/649/649 651/651/651 652/652/652
f 651/651/651 654/654/654 652/652/652
f 651/651/651 653/653/653 654/654/654
f 653/653/653 656/656/656 654/654/654
f 653/653/653 655/655/655 656/656/656
f 655/655/655 658/658/658 656/656/656
f 655/655/655 657/657/657 658/658/658
f 657/657/657 660/660/660 658/658/658
f 657/657/657 659/659/659 660/660/660
f 659/659/659 662/662/662 660/660/660
f 659/659/659 661/661/661 662/662/662
f 661/661/661 664/664/664 662/662/662
f 661/661/661 663/663/663 664/664/664
f 663/663/663 666/666/666 664/664/664
f 663/663/663 665/665/665 666/666/666
f 665/665/665 668/668/668 666/666/666
f 665/665/665 667/667/667 668/668/668
f 667/667/667 670/670/670 668/668/668
f 667/667/667 669/669/669 670/670/670
f 669/669/669 672/672/672 670/670/670
f 669/669/669 671/671/671 672/672/672
f 673/673/673 676/676/676 674/674/674
f 673/673/673 675/675/675 676/676/676
f 675/675/675 678/678/678 676/676/676
f 675/675/675 677/677/677 678/678/678
f 677/677/677 680/680/680 678/678/678
f 677/677/677 679/679/679 680/680/680
f 681/681/681 684/684/684 682/682/682
f 681/681/681 683/683/683 684/684/684
f 683/683/683 686/686/686 684/684/684
f 683/683/683 685/685/685 686/686/686
f 685/685/685 688/688/688 686/686/686
f 685/685/685 687/687/687 688/688/688
f 687/687/687 690/690/690 688/688/688
f 687/687/687 689/689/689 690/690/690
f 691/691/691 694/694/694 692/692/692
f 691/691/691 693/693/693 694/694/694
f 693/693/693 696/696/696 694/694/694
f 693/693/693 695/695/695 696/696/696
f 695/695/695 698/698/698 696/696/696
f 695/695/695 697/697/697 698/698/698
f 699/699/699 702/702/702 700/700/700
f 699/699/699 701/701/701 702/702/702
f 701/701/701 704/704/704 702/702/702
f 701/701/701 703/703/703 704/704/704
f 703/703/703 706/706/706 704/704/704
f 703/703/703 705/705/705 706/706/706
f 705/705/705 708/708/708 706/706/706
f 705/705/705 707/707/707 708/708/708
f 707/707/707 710/710/710 708/708/708
f 707/707/707 709/709/709 710/710/710
f 709/709/709 712/712/712 710/710/710
f 709/709/709 711/711/711 712/712/712
f 711/711/711 714/714/714 712/712/712
f 711/711/711 713/713/713 714/714/714
f 713/713/713 716/716/716 714/714/714
f 713/713/713 715/715/715 716/716/716
f 715/715/715 718/718/718 716/716/716
f 715/715/715 717/717/717 718/718/718
f 717/717/717 720/720/720 718/718/718
f 717/717/717 719/719/719 720/720/720
f 719/719/719 722/722/722 720/720/720
f 719/719/719 721/721/721 722/722/722
f 721/721/721 724/724/724 722/722/722
f 721/721/721 723/723/723 724/724/724
f 725/725/725 728/728/728 726/726/726
f 725/725/725 727/727/727 728/728/728
f 727/727/727 730/730/730 728/728/728
f 727/727/727 729/729/729 730/730/730
f 729/729/729 732/732/732 730/730/730
f 729/729/729 731/731/731 732/732/732
f 731/731/731 734/734/734 732/732/732
f 731/731/731 733/733/733 734/734/734
f 733/733/733 736/736/736 734/734/734
f 733/733/733 735/735/735 736/736/736
f 735/735/735 738/738/738 736/736/736
f 735/735/735 737/737/737 738/738/738
f 737/737/737 740/740/740 738/738/738
f 737/737/737 739/739/739 740/740/740
f 739/739/739 742/742/742 740/740/740
f 739/739/739 741/741/741 742/742/742
f 741/741/741 744/744/744 742/742/742
f 741/741/741 743/743/743 744/744/744
f 743/743/743 746/746/746 744/744/744
f 743/743/743 745/745/745 746/746/746
f 745/745/745 748/748/748 746/746/746
f 745/745/745 747/747/747 748/748/748
f 747/747/747 750/750/750 748/748/748
f 747/747/747 749/749/749 750/750/750
f 749/749/749 752/752/752 750/750/750
f 749/749/749 751/751/751 752/752/752
f 751/751/751 754/754/754 752/752/752
f 751/751/751 753/753/753 754/754/754
f 753/753/753 756/756/756 754/754/754
f 753/753/753 755/755/755 756/756/756
f 755/755/755 758/758/758 756/756/756
f 755/755/755 757/757/757 758/758/758
f 757/757/757 760/760/760 758/758/758
f 757/757/757 759/759/759 760/760/760
f 759/759/759 762/762/762 760/760/760
f 759/759/759 761/761/761 762/762/762
f 761/761/761 764/764/764 762/762/762
f 761/761/761 763/763/763 764/764/764
f 763/763/763 766/766/766 764/764/764
f 763/763/763 765/765/765 766/766/766
f 765/765/765 768/768/768 766/766/766
f 765/765/765 767/767/767 768/768/768
f 767/767/767 770/770/770 768/768/768
f 767/767/767 769/769/769 770/770/770
f 769/769/769 772/772/772 770/770/770
f 769/769/769 771/771/771 772/772/772
f 771/771/771 774/774/774 772/772/772
f 771/771/771 773/773/773 774/774/774
f 773/773/773 776/776/776 774/774/774
f 773/773/773 775/775/775 776/776/776
f 775/775/775 778/778/778 776/776/776
f 775/775/775 777/777/777 778/778/778
f 777/777/777 780/780/780 778/778/778
f 777/777/777 779/779/779 780/780/780
f 779/779/779 782/782/782 780/780/780
f 779/779/779 781/781/781 782/782/782
f 781/781/781 784/784/784 782/782/782
f 781/781/781 783/783/783 784/784/784
f 783/783/783 786/786/786 784/784/784
f 783/783/783 785/785/785 786/786/786
f 787/787/787 790/790/790 788/788/788
f 787/787/787 789/789/789 790/790/790
f 789/789/789 792/792/792 790/790/790
f 789/789/789 791/791/791 792/792/792
f 791/791/791 794/794/794 792/792/792
f 791/791/791 793/793/793 794/794/794
f 793/793/793 796/796/796 794/794/794
f 793/793/793 795/795/795 796/796/796
f 795/795/795 798/798/798 796/796/796
f 795/795/795 797/797/797 798/798/798
f 799/799/799 802/802/802 800/800/800
f 799/799/799 801/801/801 802/802/802
f 801/801/801 804/804/804 802/802/802
f 801/801/801 803/803/803 804/804/804
f 803/803/803 806/806/806 804/804/804
f 803/803/803 805/805/805 806/806/806
f 805/805/805 808/808/808 806/806/806
f 805/805/805 807/807/807 808/808/808
f 807/807/807 810/810/810 808/808/808
f 807/807/807 809/809/809 810/810/810
f 809/809/809 812/812/812 810/810/810
f 809/809/809 811/811/811 812/812/812
f 813/813/813 816/816/816 814/814/814
f 813/813/813 815/815/815 816/816/816
f 815/815/815 818/818/818 816/816/816
f 815/815/815 817/817/817 818/818/818
f 817/817/817 820/820/820 818/818/818
f 817/817/817 819/819/819 820/820/820
f 819/819/819 822/822/822 820/820/820
f 819/819/819 821/821/821 822/822/822
f 821/821/821 824/824/824 822/822/822
f 821/821/821 823/823/823 824/824/824
f 823/823/823 826/826/826 824/824/824
f 823/823/823 825/825/825 826/826/826
f 825/825/825 828/828/828 826/826/826
f 825/825/825 827/827/827 828/828/828
f 827/827/827 830/830/830 828/828/828
f 827/827/827 829/829/829 830/830/830
f 829/829/829 832/832/832 830/830/830
f 829/829/829 831/831/831 832/832/832
f 831/831/831 834/834/834 832/832/832
f 831/831/831 833/833/833 834/834/834
f 833/833/833 836/836/836 834/834/834
f 833/833/833 835/835/835 836/836/836
f 835/835/835 838/838/838 836/836/836
f 835/835/835 837/837/837 838/838/838
f 837/837/837 840/840/840 838/838/838
f 837/837/837 839/839/839 840/840/840
f 839/839/839 842/842/842 840/840/840
f 839/839/839 841/841/841 842/842/842
f 841/841/841 844/844/844 842/842/842
f 841/841/841 843/843/843 844/844/844
f 843/843/843 846/846/846 844/844/844
f 843/843/843 845/845/845 846/846/846
f 847/847/847 850/850/850 848/848/848
f 847/847/847 849/849/849 850/850/850
f 849/849/849 852/852/852 850/850/850
f 849/849/849 851/851/851 852/852/852
f 851/851/851 854/854/854 852/852/852
f 851/851/851 853/853/853 854/854/854
f 853/853/853 856/856/856 854/854/854
f 853/853/853 855/855/855 856/856/856
f 855/855/855 858/858/858 856/856/856
f 855/855/855 857/857/857 858/858/858
f 857/857/857 860/860/860 858/858/858
f 857/857/857 859/859/859 860/860/860
f 859/859/859 862/862/862 860/860/860
f 859/859/859 861/861/861 862/862/862
f 861/861/861 864/864/864 862/862/862
f 861/861/861 863/863/863 864/864/864
f 863/863/863 866/866/866 864/864/864
f 863/863/863 865/865/865 866/866/866
f 865/865/865 868/868/868 866/866/866
f 865/865/865 867/867/867 868/868/868
f 867/867/867 870/870/870 868/868/868
f 867/867/867 869/869/869 870/870/870
f 869/869/869 872/872/872 870/870/870
f 869/869/869 871/871/871 872/872/872
f 871/871/871 874/874/874 872/872/872
f 871/871/871 873/873/873 874/874/874
f 873/873/873 876/876/876 874/874/874
f 873/873/873 875/875/875 876/876/876
f 875/875/875 878/878/878 876/876/876
f 875/875/875 877/877/877 878/878/878
f 877/877/877 880/880/880 878/878/878
f 877/877/877 879/879/879 880/880/880
f 879/879/879 882/882/882 880/880/880
f 879/879/879 881/881/881 882/882/882
f 881/881/881 884/884/884 882/882/882
f 881/881/881 883/883/883 884/884/884
f 883/883/883 886/886/886 884/884/884
f 883/883/883 885/885/885 886/886/886
f 885/885/885 888/888/888 886/886/886
f 885/885/885 887/887/887 888/888/888
f 887/887/887 890/890/890 888/888/888
f 887/887/887 889/889/889 890/890/890
f 889/889/889 892/892/892 890/890/890
f 889/889/889 891/891/891 892/892/892
f 891/891/891 894/894/894 892/892/892
f 891/891/891 893/893/893 894/894/894
f 893/893/893 896/896/896 894/894/894
f 893/893/893 895/895/895 896/896/896
f 895/895/895 898/898/898 896/896/896
f 895/895/895 897/897/897 898/898/898
f 897/897/897 900/900/900 898/898/898
f 897/897/897 899/899/899 900/900/900
f 899/899/899 902/902/902 900/900/900
f 899/899/899 901/901/901 902/902/902
f 901/901/901 904/904/904 902/902/902
f 901/901/901 903/903/903 904/904/904
f 903/903/903 906/906/906 904/904/904
f 903/903/903 905/905/905 906/906/906
f 905/905/905 908/908/908 906/906/906
f 905/905/905 907/907/907 908/908/908
f 907/907/907 910/910/910 908/908/908
f 907/907/907 909/909/909 910/910/910
f 909/909/909 912/912/912 910/910/910
f 909/909/909 911/911/911 912/912/912
f 911/911/911 914/914/914 912/912/912
f 911/911/911 913/913/913 914/914/914
f 915/915/915 918/918/918 916/916/916
f 915/915/915 917/917/917 918/918/918
f 917/917/917 920/920/920 918/918/918
f 917/917/917 919/919/919 920/920/920
f 919/919/919 922/922/922 920/920/920
f 919/919/919 921/921/921 922/922/922
f 921/921/921 924/924/924 922/922/922
f 921/921/921 923/923/923 924/924/924
f 923/923/923 926/926/926 924/924/924
f 923/923/923 925/925/925 926/926/926
f 925/925/925 928/928/928 926/926/926
f 925/925/925 927/927/927 928/928/928
f 927/927/927 930/930/930 928/928/928
f 927/927/927 929/929/929 930/930/930
f 931/931/931 934/934/934 932/932/932
f 931/931/931 933/933/933 934/934/934
f 933/933/933 936/936/936 934/934/934
f 933/933/933 935/935/935 936/936/936
f 935/935/935 938/938/938 936/936/936
f 935/935/935 937/937/937 938/938/938
f 937/937/937 940/940/940 938/938/938
f 937/937/937 939/939/939 940/940/940
f 939/939/939 942/942/942 940/940/940
f 939/939/939 941/941/941 942/942/942
f 941/941/941 944/944/944 942/942/942
f 941/941/941 943/943/943 944/944/944
f 943/943/943 946/946/946 944/944/944
f 943/943/943 945/945/945 946/946/946
f 945/945/945 948/948/948 946/946/946
f 945/945/945 947/947/947 948/948/948
f 947/947/947 950/950/950 948/948/948
f 947/947/947 949/949/949 950/950/950
f 949/949/949 952/952/952 950/950/950
f 949/949/949 951/951/951 952/952/952
f 951/951/951 954/954/954 952/952/952
f 951/951/951 953/953/953 954/954/954
f 953/953/953 956/956/956 954/954/954
f 953/953/953 955/955/955 956/956/956
f 955/955/955 958/958/958 956/956/956
f 955/955/955 957/957/957 958/958/958
f 957/957/957 960/960/960 958/958/958
f 957/957/957 959/959/959 960/960/960
f 959/959/959 962/962/962 960/960/960
f 959/959/959 961/961/961 962/962/962
f 963/963/963 966/966/966 964/964/964
f 963/963/963 965/965/965 966/966/966
f 965/965/965 968/968/968 966/966/966
f 965/965/965 967/967/967 968/968/968
f 967/967/967 970/970/970 968/968/968
f 967/967/967 969/969/969 970/970/970
f 969/969/969 972/972/972 970/970/970
f 969/969/969 971/971/971 972/972/972
f 971/971/971 974/974/974 972/972/972
f 971/971/971 973/973/973 974/974/974
f 973/973/973 976/976/976 974/974/974
f 973/973/973 975/975/975 976/976/976
f 975/975/975 978/978/978 976/976/976
f 975/975/975 977/977/977 978/978/978
f 977/977/977 980/980/980 978/978/978
f 977/977/977 979/979/979 980/980/980
f 979/979/979 982/982/982 980/980/980
f 979/979/979 981/981/981 982/982/982
f 981/981/981 984/984/984 982/982/982
f 981/981/981 983/983/983 984/984/984
f 983/983/983 986/986/986 984/984/984
f 983/983/983 985/985/985 986/986/986
f 985/985/985 988/988/988 986/986/986
f 985/985/985 987/987/987 988/988/988
f 987/987/987 990/990/990 988/988/988
f 987/987/987 989/989/989 990/990/990
f 989/989/989 992/992/992 990/990/990
f 989/989/989 991/991/991 992/992/992
f 991/991/991 994/994/994 992/992/992
f 991/991/991 993/993/993 994/994/994
f 993/993/993 996/996/996 994/994/994
f 993/993/993 995/995/995 996/996/996
f 995/995/995 998/998/998 996/996/996
f 995/995/995 997/997/997 998/998/998
f 997/997/997 1000/1000/1000 998/998/998
f 997/997/997 999/999/999 1000/1000/1000
f 999/999/999 1002/1002/1002 1000/1000/1000
f 999/999/999 1001/1001/1001 1002/1002/1002
f 1001/1001/1001 1004/1004/1004 1002/1002/1002
f 1001/1001/1001 1003/1003/1003 1004/1004/1004
f 1003/1003/1003 1006/1006/1006 1004/1004/1004
f 1003/1003/1003 1005/1005/1005 1006/1006/1006
f 1005/1005/1005 1008/1008/1008 1006/1006/1006
f 1005/1005/1005 1007/1007/1007 1008/1008/1008
f 1007/1007/1007 1010/1010/1010 1008/1008/1008
f 1007/1007/1007 1009/1009/1009 1010/1010/1010
f 1009/1009/1009 1012/1012/1012 1010/1010/1010
f 1009/1009/1009 1011/1011/1011 1012/1012/1012
f 1011/1011/1011 1014/1014/1014 1012/1012/1012
f 1011/1011/1011 1013/1013/1013 1014/1014/1014
f 1013/1013/1013 1016/1016/1016 1014/1014/1014
f 1013/1013/1013 1015/1015/1015 1016/1016/1016
f 1015/1015/1015 1018/1018/1018 1016/1016/1016
f 1015/1015/1015 1017/1017/1017 1018/1018/1018
f 1017/1017/1017 1020/1020/1020 1018/1018/1018
f 1017/1017/1017 1019/1019/1019 1020/1020/1020
f 1019/1019/1019 1022/1022/1022 1020/1020/1020
f 1019/1019/1019 1021/1021/1021 1022/1022/1022
f 1021/1021/1021 1024/1024/1024 1022/1022/1022
f 1021/1021/1021 1023/1023/1023 1024/1024/1024
f 1023/1023/1023 1026/1026/1026 1024/1024/1024
f 1023/1023/1023 1025/1025/1025 1026/1026/1026
f 1025/1025/1025 1028/1028/1028 1026/1026/1026
f 1025/1025/1025 1027/1027/1027 1028/1028/1028
f 1027/1027/1027 1030/1030/1030 1028/1028/1028
f 1027/1027/1027 1029/1029/1029 1030/1030/1030
f 1029/1029/1029 1032/1032/1032 1030/1030/1030
f 1029/1029/1029 1031/1031/1031 1032/1032/1032
f 1031/1031/1031 1034/1034/1034 1032/1032/1032
f 1031/1031/1031 1033/1033/1033 1034/1034/1034
f 1033/1033/1033 1036/1036/1036 1034/1034/1034
f 1033/1033/1033 1035/1035/1035 1036/1036/1036
f 1035/1035/1035 1038/1038/1038 1036/1036/1036
f 1035/1035/1035 1037/1037/1037 1038/1038/1038
f 1037/1037/1037 1040/1040/1040 1038/1038/1038
f 1037/1037/1037 1039/1039/1039 1040/1040/1040
f 1039/1039/1039 1042/1042/1042 1040/1040/1040
f 1039/1039/1039 1041/1041/1041 1042/1042/1042
f 1041/1041/1041 1044/1044/1044 1042/1042/1042
f 1041/1041/1041 1043/1043/1043 1044/1044/1044
f 1043/1043/1043 1046/1046/1046 1044/1044/1044
f 1043/1043/1043 1045/1045/1045 1046/1046/1046
f 1045/1045/1045 1048/1048/1048 1046/1046/1046
f 1045/1045/1045 1047/1047/1047 1048/1048/1048
f 1049/1049/1049 1052/1052/1052 1050/1050/1050
f 1049/1049/1049 1051/1051/1051 1052/1052/1052
f 1051/1051/1051 1054/1054/1054 1052/1052/1052
f 1051/1051/1051 1053/1053/1053 1054/1054/1054
f 1053/1053/1053 1056/1056/1056 1054/1054/1054
f 1053/1053/1053 1055/1055/1055 1056/1056/1056
f 1055/1055/1055 1058/1058/1058 1056/1056/1056
f 1055/1055/1055 1057/1057/1057 1058/1058/1058
f 1057/1057/1057 1060/1060/1060 1058/1058/1058
f 1057/1057/1057 1059/1059/1059 1060/1060/1060
f 1059/1059/1059 1062/1062/1062 1060/1060/1060
f 1059/1059/1059 1061/1061/1061 1062/1062/1062
f 1061/1061/1061 1064/1064/1064 1062/1062/1062
f 1061/1061/1061 1063/1063/1063 1064/1064/1064
f 1063/1063/1063 1066/1066/1066 1064/1064/1064
f 1063/1063/1063 1065/1065/1065 1066/1066/1066
f 1065/1065/1065 1068/1068/1068 1066/1066/1066
f 1065/1065/1065 1067/1067/1067 1068/1068/1068
f 1067/1067/1067 1070/1070/1070 1068/1068/1068
f 1067/1067/1067 1069/1069/1069 1070/1070/1070
f 1069/1069/1069 1072/1072/1072 1070/1070/1070
f 1069/1069/1069 1071/1071/1071 1072/1072/1072
f 1071/1071/1071 1074/1074/1074 1072/1072/1072
f 1071/1071/1071 1073/1073/1073 1074/1074/1074
f 1075/1075/1075 1078/1078/1078 1076/1076/1076
f 1075/1075/1075 1077/1077/1077 1078/1078/1078
f 1077/1077/1077 1080/1080/1080 1078/1078/1078
f 1077/1077/1077 1079/1079/1079 1080/1080/1080
f 1079/1079/1079 1082/1082/1082 1080/1080/1080
f 1079/1079/1079 1081/1081/1081 1082/1082/1082
f 1081/1081/1081 1084/1084/1084 1082/1082/1082
f 1081/1081/1081 1083/1083/1083 1084/1084/1084
f 1085/1085/1085 1088/1088/1088 1086/1086/1086
f 1085/1085/1085 1087/1087/1087 1088/1088/1088
f 1087/1087/1087 1090/1090/1090 1088/1088/1088
f 1087/1087/1087 1089/1089/1089 1090/1090/1090
f 1089/1089/1089 1092/1092/1092 1090/1090/1090
f 1089/1089/1089 1091/1091/1091 1092/1092/1092
f 1093/1093/1093 1096/1096/1096 1094/1094/1094
f 1093/1093/1093 1095/1095/1095 1096/1096/1096
f 1095/1095/1095 1098/1098/1098 1096/1096/1096
f 1095/1095/1095 1097/1097/1097 1098/1098/1098
f 1097/1097/1097 1100/1100/1100 1098/1098/1098
f 1097/1097/1097 1099/1099/1099 1100/1100/1100
f 1099/1099/1099 1102/1102/1102 1100/1100/1100
f 1099/1099/1099 1101/1101/1101 1102/1102/1102
f 1101/1101/1101 1104/1104/1104 1102/1102/1102
f 1101/1101/1101 1103/1103/1103 1104/1104/1104
f 1103/1103/1103 1106/1106/1106 1104/1104/1104
f 1103/1103/1103 1105/1105/1105 1106/1106/1106
f 1105/1105/1105 1108/1108/1108 1106/1106/1106
f 1105/1105/1105 1107/1107/1107 1108/1108/1108
f 1107/1107/1107 1110/1110/1110 1108/1108/1108
f 1107/1107/1107 1109/1109/1109 1110/1110/1110
f 1109/1109/1109 1112/1112/1112 1110/1110/1110
f 1109/1109/1109 1111/1111/1111 1112/1112/1112
f 1111/1111/1111 1114/1114/1114 1112/1112/1112
f 1111/1111/1111 1113/1113/1113 1114/1114/1114
f 1115/1115/1115 1118/1118/1118 1116/1116/1116
f 1115/1115/1115 1117/1117/1117 1118/1118/1118
f 1117/1117/1117 1120/1120/1120 1118/1118/1118
f 1117/1117/1117 1119/1119/1119 1120/1120/1120
f 1119/1119/1119 1122/1122/1122 1120/1120/1120
f 1119/1119/1119 1121/1121/1121 1122/1122/1122
f 1123/1123/1123 1126/1126/1126 1124/1124/1124
f 1123/1123/1123 1125/1125/1125 1126/1126/1126
f 1125/1125/1125 1128/1128/1128 1126/1126/1126
f 1125/1125/1125 1127/1127/1127 1128/1128/1128
f 1127/1127/1127 1130/1130/1130 1128/1128/1128
f 1127/1127/1127 1129/1129/1129 1130/1130/1130
f 1129/1129/1129 1132/1132/1132 1130/1130/1130
f 1129/1129/1129 1131/1131/1131 1132/1132/1132
f 1131/1131/1131 1134/1134/1134 1132/1132/1132
f 1131/1131/1131 1133/1133/1133 1134/1134/1134
f 1133/1133/1133 1136/1136/1136 1134/1134/1134
f 1133/1133/1133 1135/1135/1135 1136/1136/1136
f 1137/1137/1137 1140/1140/1140 1138/1138/1138
f 1137/1137/1137 1139/1139/1139 1140/1140/1140
f 1139/1139/1139 1142/1142/1142 1140/1140/1140
f 1139/1139/1139 1141/1141/1141 1142/1142/1142
f 1141/1141/1141 1144/1144/1144 1142/1142/1142
f 1141/1141/1141 1143/1143/1143 1144/1144/1144
f 1143/1143/1143 1146/1146/1146 1144/1144/1144
f 1143/1143/1143 1145/1145/1145 1146/1146/1146
f 1145/1145/1145 1148/1148/1148 1146/1146/1146
f 1145/1145/1145 1147/1147/1147 1148/1148/1148
f 1147/1147/1147 1150/1150/1150 1148/1148/1148
f 1147/1147/1147 1149/1149/1149 1150/1150/1150
f 1149/1149/1149 1152/1152/1152 1150/1150/1150
f 1149/1149/1149 1151/1151/1151 1152/1152/1152
f 1151/1151/1151 1154/1154/1154 1152/1152/1152
f 1151/1151/1151 1153/1153/1153 1154/1154/1154
f 1153/1153/1153 1156/1156/1156 1154/1154/1154
f 1153/1153/1153 1155/1155/1155 1156/1156/1156
f 1155/1155/1155 1158/1158/1158 1156/1156/1156
f 1155/1155/1155 1157/1157/1157 1158/1158/1158
f 1157/1157/1157 1160/1160/1160 1158/1158/1158
f 1157/1157/1157 1159/1159/1159 1160/1160/1160
f 1159/1159/1159 1162/1162/1162 1160/1160/1160
f 1159/1159/1159 1161/1161/1161 1162/1162/1162
f 1161/1161/1161 1164/1164/1164 1162/1162/1162
f 1161/1161/1161 1163/1163/1163 1164/1164/1164
f 1165/1165/1165 1168/1168/1168 1166/1166/1166
f 1165/1165/1165 1167/1167/1167 1168/1168/1168
f 1167/1167/1167 1170/1170/1170 1168/1168/1168
f 1167/1167/1167 1169/1169/1169 1170/1170/1170
f 1169/1169/1169 1172/1172/1172 1170/1170/1170
f 1169/1169/1169 1171/1171/1171 1172/1172/1172
f 1171/1171/1171 1174/1174/1174 1172/1172/1172
f 1171/1171/1171 1173/1173/1173 1174/1174/1174
f 1173/1173/1173 1176/1176/1176 1174/1174/1174
f 1173/1173/1173 1175/1175/1175 1176/1176/1176
f 1175/1175/1175 1178/1178/1178 1176/1176/1176
f 1175/1175/1175 1177/1177/1177 1178/1178/1178
f 1177/1177/1177 1180/1180/1180 1178/1178/1178
f 1177/1177/1177 1179/1179/1179 1180/1180/1180
f 1179/1179/1179 1182/1182/1182 1180/1180/1180
f 1179/1179/1179 1181/1181/1181 1182/1182/1182
f 1181/1181/1181 1184/1184/1184 1182/1182/1182
f 1181/1181/1181 1183/1183/1183 1184/1184/1184
f 1183/1183/1183 1186/1186/1186 1184/1184/1184
f 1183/1183/1183 1185/1185/1185 1186/1186/1186
f 1185/1185/1185 1188/1188/1188 1186/1186/1186
f 1185/1185/1185 1187/1187/1187 1188/1188/1188
f 1187/1187/1187 1190/1190/1190 1188/1188/1188
f 1187/1187/1187 1189/1189/1189 1190/1190/1190
f 1189/1189/1189 1192/1192/1192 1190/1190/1190
f 1189/1189/1189 1191/1191/1191 1192/1192/1192
f 1191/1191/1191 1194/1194/1194 1192/1192/1192
f 1191/1191/1191 1193/1193/1193 1194/1194/1194
f 1193/1193/1193 1196/1196/1196 1194/1194/1194
f 1193/1193/1193 1195/1195/1195 1196/1196/1196
f 1195/1195/1195 1198/1198/1198 1196/1196/1196
f 1195/1195/1195 1197/1197/1197 1198/1198/1198
f 1197/1197/1197 1200/1200/1200 1198/1198/1198
f 1197/1197/1197 1199/1199/1199 1200/1200/1200
f 1199/1199/1199 1202/1202/1202 1200/1200/1200
f 1199/1199/1199 1201/1201/1201 1202/1202/1202
f 1201/1201/1201 1204/1204/1204 1202/1202/1202
f 1201/1201/1201 1203/1203/1203 1204/1204/1204
f 1203/1203/1203 1206/1206/1206 1204/1204/1204
f 1203/1203/1203 1205/1205/1205 1206/1206/1206
f 1205/1205/1205 1208/1208/1208 1206/1206/1206
f 1205/1205/1205 1207/1207/1207 1208/1208/1208
f 1207/1207/1207 1210/1210/1210 1208/1208/1208
f 1207/1207/1207 1209/1209/1209 1210/1210/1210
f 1209/1209/1209 1212/1212/1212 1210/1210/1210
f 1209/1209/1209 1211/1211/1211 1212/1212/1212
f 1211/1211/1211 1214/1214/1214 1212/1212/1212
f 1211/1211/1211 1213/1213/1213 1214/1214/1214
f 1213/1213/1213 1216/1216/1216 1214/1214/1214
f 1213/1213/1213 1215/1215/1215 1216/1216/1216
f 1215/1215/1215 1218/1218/1218 1216/1216/1216
f 1215/1215/1215 1217/1217/1217 1218/1218/1218
f 1219/1219/1219 1222/1222/1222 1220/1220/1220
f 1219/1219/1219 1221/1221/1221 1222/1222/1222
f 1221/1221/1221 1224/1224/1224 1222/1222/1222
f 1221/1221/1221 1223/1223/1223 1224/1224/1224
f 1223/1223/1223 1226/1226/1226 1224/1224/1224
f 1223/1223/1223 1225/1225/1225 1226/1226/1226
f 1225/1225/1225 1228/1228/1228 1226/1226/1226
f 1225/1225/1225 1227/1227/1227 1228/1228/1228
f 1227/1227/1227 1230/1230/1230 1228/1228/1228
f 1227/1227/1227 1229/1229/1229 1230/1230/1230
f 1229/1229/1229 1232/1232/1232 1230/1230/1230
f 1229/1229/1229 1231/1231/1231 1232/1232/1232
f 1231/1231/1231 1234/1234/1234 1232/1232/1232
f 1231/1231/1231 1233/1233/1233 1234/1234/1234
f 1233/1233/1233 1236/1236/1236 1234/1234/1234
f 1233/1233/1233 1235/1235/1235 1236/1236/1236
f 1235/1235/1235 1238/1238/1238 1236/1236/1236
f 1235/1235/1235 1237/1237/1237 1238/1238/1238
f 1237/1237/1237 1240/1240/1240 1238/1238/1238
f 1237/1237/1237 1239/1239/1239 1240/1240/1240
f 1239/1239/1239 1242/1242/1242 1240/1240/1240
f 1239/1239/1239 1241/1241/1241 1242/1242/1242
f 1241/1241/1241 1244/1244/1244 1242/1242/1242
f 1241/1241/1241 1243/1243/1243 1244/1244/1244
f 1243/1243/1243 1246/1246/1246 1244/1244/1244
f 1243/1243/1243 1245/1245/1245 1246/1246/1246
f 1245/1245/1245 1248/1248/1248 1246/1246/1246
f 1245/1245/1245 1247/1247/1247 1248/1248/1248
f 1247/1247/1247 1250/1250/1250 1248/1248/1248
f 1247/1247/1247 1249/1249/1249 1250/1250/1250
f 1251/1251/1251 1254/1254/1254 1252/1252/1252
f 1251/1251/1251 1253/1253/1253 1254/1254/1254
f 1253/1253/1253 1256/1256/1256 1254/1254/1254
f 1253/1253/1253 1255/1255/1255 1256/1256/1256
f 1255/1255/1255 1258/1258/1258 1256/1256/1256
f 1255/1255/1255 1257/1257/1257 1258/1258/1258
f 1257/1257/1257 1260/1260/1260 1258/1258/1258
f 1257/1257/1257 1259/1259/1259 1260/1260/1260
f 1259/1259/1259 1262/1262/1262 1260/1260/1260
f 1259/1259/1259 1261/1261/1261 1262/1262/1262
f 1261/1261/1261 1264/1264/1264 1262/1262/1262
f 1261/1261/1261 1263/1263/1263 1264/1264/1264
f 1263/1263/1263 1266/1266/1266 1264/1264/1264
f 1263/1263/1263 1265/1265/1265 1266/1266/1266
f 1265/1265/1265 1268/1268/1268 1266/1266/1266
f 1265/1265/1265 1267/1267/1267 1268/1268/1268
f 1267/1267/1267 1270/1270/1270 1268/1268/1268
f 1267/1267/1267 1269/1269/1269 1270/1270/1270
f 1271/1271/1271 1274/1274/1274 1272/1272/1272
f 1271/1271/1271 1273/1273/1273 1274/1274/1274
f 1273/1273/1273 1276/1276/1276 1274/1274/1274
f 1273/1273/1273 1275/1275/1275 1276/1276/1276
f 1275/1275/1275 1278/1278/1278 1276/1276/1276
f 1275/1275/1275 1277/1277/1277 1278/1278/1278
f 1277/1277/1277 1280/1280/1280 1278/1278/1278
f 1277/1277/1277 1279/1279/1279 1280/1280/1280
f 1279/1279/1279 1282/1282/1282 1280/1280/1280
f 1279/1279/1279 1281/1281/1281 1282/1282/1282
f 1281/1281/1281 1284/1284/1284 1282/1282/1282
f 1281/1281/1281 1283/1283/1283 1284/1284/1284
f 1283/1283/1283 1286/1286/1286 1284/1284/1284
f 1283/1283/1283 1285/1285/1285 1286/1286/1286
f 1285/1285/1285 1288/1288/1288 1286/1286/1286
f 1285/1285/1285 1287/1287/1287 1288/1288/1288
f 1289/1289/1289 1292/1292/1292 1290/1290/1290
f 1289/1289/1289 1291/1291/1291 1292/1292/1292
f 1291/1291/1291 1294/1294/1294 1292/1292/1292
f 1291/1291/1291 1293/1293/1293 1294/1294/1294
f 1293/1293/1293 1296/1296/1296 1294/1294/1294
f 1293/1293/1293 1295/1295/1295 1296/1296/1296
f 1295/1295/1295 1298/1298/1298 1296/1296/1296
f 1295/1295/1295 1297/1297/1297 1298/1298/1298
f 1297/1297/1297 1300/1300/1300 1298/1298/1298
f 1297/1297/1297 1299/1299/1299 1300/1300/1300
f 1299/1299/1299 1302/1302/1302 1300/1300/1300
f 1299/1299/1299 1301/1301/1301 1302/1302/1302
f 1301/1301/1301 1304/1304/1304 1302/1302/1302
f 1301/1301/1301 1303/1303/1303 1304/1304/1304
f 1303/1303/1303 1306/1306/1306 1304/1304/1304
f 1303/1303/1303 1305/1305/1305 1306/1306/1306
f 1305/1305/1305 1308/1308/1308 1306/1306/1306
f 1305/1305/1305 1307/1307/1307 1308/1308/1308
f 1307/1307/1307 1310/1310/1310 1308/1308/1308
f 1307/1307/1307 1309/1309/1309 1310/1310/1310
f 1309/1309/1309 1312/1312/1312 1310/1310/1310
f 1309/1309/1309 1311/1311/1311 1312/1312/1312
f 1311/1311/1311 1314/1314/1314 1312/1312/1312
f 1311/1311/1311 1313/1313/1313 1314/1314/1314
f 1313/1313/1313 1316/1316/1316 1314/1314/1314
f 1313/1313/1313 1315/1315/1315 1316/1316/1316
f 1317/1317/1317 1320/1320/1320 1318/1318/1318
f 1317/1317/1317 1319/1319/1319 1320/1320/1320
f 1319/1319/1319 1322/1322/1322 1320/1320/1320
f 1319/1319/1319 1321/1321/1321 1322/1322/1322
f 1321/1321/1321 1324/1324/1324 1322/1322/1322
f 1321/1321/1321 1323/1323/1323 1324/1324/1324
f 1323/1323/1323 1326/1326/1326 1324/1324/1324
f 1323/1323/1323 1325/1325/1325 1326/1326/1326
f 1325/1325/1325 1328/1328/1328 1326/1326/1326
f 1325/1325/1325 1327/1327/1327 1328/1328/1328
f 1329/1329/1329 1332/1332/1332 1330/1330/1330
f 1329/1329/1329 1331/1331/1331 1332/1332/1332
f 1331/1331/1331 1334/1334/1334 1332/1332/1332
f 1331/1331/1331 1333/1333/1333 1334/1334/1334
f 1333/1333/1333 1336/1336/1336 1334/1334/1334
f 1333/1333/1333 1335/1335/1335 1336/1336/1336
f 1335/1335/1335 1338/1338/1338 1336/1336/1336
f 1335/1335/1335 1337/1337/1337 1338/1338/1338
f 1337/1337/1337 1340/1340/1340 1338/1338/1338
f 1337/1337/1337 1339/1339/1339 1340/1340/1340
f 1339/1339/1339 1342/1342/1342 1340/1340/1340
f 1339/1339/1339 1341/1341/1341 1342/1342/1342
f 1341/1341/1341 1344/1344/1344 1342/1342/1342
f 1341/1341/1341 1343/1343/1343 1344/1344/1344
f 1343/1343/1343 1346/1346/1346 1344/1344/1344
f 1343/1343/1343 1345/1345/1345 1346/1346/1346
f 1345/1345/1345 1348/1348/1348 1346/1346/1346
f 1345/1345/1345 1347/1347/1347 1348/1348/1348
f 1347/1347/1347 1350/1350/1350 1348/1348/1348
f 1347/1347/1347 1349/1349/1349 1350/1350/1350
f 1349/1349/1349 1352/1352/1352 1350/1350/1350
f 1349/1349/1349 1351/1351/1351 1352/1352/1352
f 1351/1351/1351 1354/1354/1354 1352/1352/1352
f 1351/1351/1351 1353/1353/1353 1354/1354/1354
f 1355/1355/1355 1358/1358/1358 1356/1356/1356
f 1355/1355/1355 1357/1357/1357 1358/1358/1358
f 1357/1357/1357 1360/1360/1360 1358/1358/1358
f 1357/1357/1357 1359/1359/1359 1360/1360/1360
f 1359/1359/1359 1362/1362/1362 1360/1360/1360
f 1359/1359/1359 1361/1361/1361 1362/1362/1362
f 1361/1361/1361 1364/1364/1364 1362/1362/1362
f 1361/1361/1361 1363/1363/1363 1364/1364/1364
f 1363/1363/1363 1366/1366/1366 1364/1364/1364
f 1363/1363/1363 1365/1365/1365 1366/1366/1366
f 1365/1365/1365 1368/1368/1368 1366/1366/1366
f 1365/1365/1365 1367/1367/1367 1368/1368/1368
f 1367/1367/1367 1370/1370/1370 1368/1368/1368
f 1367/1367/1367 1369/1369/1369 1370/1370/1370
f 1369/1369/1369 1372/1372/1372 1370/1370/1370
f 1369/1369/1369 1371/1371/1371 1372/1372/1372
f 1371/1371/1371 1374/1374/1374 1372/1372/1372
f 1371/1371/1371 1373/1373/1373 1374/1374/1374
f 1373/1373/1373 1376/1376/1376 1374/1374/1374
f 1373/1373/1373 1375/1375/1375 1376/1376/1376
f 1375/1375/1375 1378/1378/1378 1376/1376/1376
f 1375/1375/1375 1377/1377/1377 1378/1378/1378
f 1377/1377/1377 1380/1380/1380 1378/1378/1378
f 1377/1377/1377 1379/1379/1379 1380/1380/1380
f 1381/1381/1381 1384/1384/1384 1382/1382/1382
f 1381/1381/1381 1383/1383/1383 1384/1384/1384
f 1383/1383/1383 1386/1386/1386 1384/1384/1384
f 1383/1383/1383 1385/1385/1385 1386/1386/1386
f 1385/1385/1385 1388/1388/1388 1386/1386/1386
f 1385/1385/1385 1387/1387/1387 1388/1388/1388
f 1387/1387/1387 1390/1390/1390 1388/1388/1388
f 1387/1387/1387 1389/1389/1389 1390/1390/1390
f 1389/1389/1389 1392/1392/1392 1390/1390/1390
f 1389/1389/1389 1391/1391/1391 1392/1392/1392
f 1391/1391/1391 1394/1394/1394 1392/1392/1392
f 1391/1391/1391 1393/1393/1393 1394/1394/1394
f 1393/1393/1393 1396/1396/1396 1394/1394/1394
f 1393/1393/1393 1395/1395/1395 1396/1396/1396
f 1395/1395/1395 1398/1398/1398 1396/1396/1396
f 1395/1395/1395 1397/1397/1397 1398/1398/1398
f 1397/1397/1397 1400/1400/1400 1398/1398/1398
f 1397/1397/1397 1399/1399/1399 1400/1400/1400
f 1399/1399/1399 1402/1402/1402 1400/1400/1400
f 1399/1399/1399 1401/1401/1401 1402/1402/1402
f 1401/1401/1401 1404/1404/1404 1402/1402/1402
f 1401/1401/1401 1403/1403/1403 1404/1404/1404
f 1403/1403/1403 1406/1406/1406 1404/1404/1404
f 1403/1403/1403 1405/1405/1405 1406/1406/1406
f 1405/1405/1405 1408/1408/1408 1406/1406/1406
f 1405/1405/1405 1407/1407/1407 1408/1408/1408
f 1407/1407/1407 1410/1410/1410 1408/1408/1408
f 1407/1407/1407 1409/1409/1409 1410/1410/1410
f 1409/1409/1409 1412/1412/1412 1410/1410/1410
f 1409/1409/1409 1411/1411/1411 1412/1412/1412
f 1411/1411/1411 1414/1414/1414 1412/1412/1412
f 1411/1411/1411 1413/1413/1413 1414/1414/1414
f 1413/1413/1413 1416/1416/1416 1414/1414/1414
f 1413/1413/1413 1415/1415/1415 1416/1416/1416
f 1415/1415/1415 1418/1418/1418 1416/1416/1416
f 1415/1415/1415 1417/1417/1417 1418/1418/1418
f 1417/1417/1417 1420/1420/1420 1418/1418/1418
f 1417/1417/1417 1419/1419/1419 1420/1420/1420
f 1419/1419/1419 1422/1422/1422 1420/1420/1420
f 1419/1419/1419 1421/1421/1421 1422/1422/1422
f 1421/1421/1421 1424/1424/1424 1422/1422/1422
f 1421/1421/1421 1423/1423/1423 1424/1424/1424
f 1423/1423/1423 1426/1426/1426 1424/1424/1424
f 1423/1423/1423 1425/1425/1425 1426/1426/1426
f 1425/1425/1425 1428/1428/1428 1426/1426/1426
f 1425/1425/1425 1427/1427/1427 1428/1428/1428
f 1427/1427/1427 1430/1430/1430 1428/1428/1428
f 1427/1427/1427 1429/1429/1429 1430/1430/1430
f 1429/1429/1429 1432/1432/1432 1430/1430/1430
f 1429/1429/1429 1431/1431/1431 1432/1432/1432
f 1431/1431/1431 1434/1434/1434 1432/1432/1432
f 1431/1431/1431 1433/1433/1433 1434/1434/1434
f 1433/1433/1433 1436/1436/1436 1434/1434/1434
f 1433/1433/1433 1435/1435/1435 1436/1436/1436
f 1435/1435/1435 1438/1438/1438 1436/1436/1436
f 1435/1435/1435 1437/1437/1437 1438/1438/1438
f 1437/1437/1437 1440/1440/1440 1438/1438/1438
f 1437/1437/1437 1439/1439/1439 1440/1440/1440
f 1439/1439/1439 1442/1442/1442 1440/1440/1440
f 1439/1439/1439 1441/1441/1441 1442/1442/1442
f 1441/1441/1441 1444/1444/1444 1442/1442/1442
f 1441/1441/1441 1443/1443/1443 1444/1444/1444
f 1443/1443/1443 1446/1446/1446 1444/1444/1444
f 1443/1443/1443 1445/1445/1445 1446/1446/1446
f 1447/1447/1447 1450/1450/1450 1448/1448/1448
f 1447/1447/1447 1449/1449/1449 1450/1450/1450
f 1449/1449/1449 1452/1452/1452 1450/1450/1450
f 1449/1449/1449 1451/1451/1451 1452/1452/1452
f 1451/1451/1451 1454/1454/1454 1452/1452/1452
f 1451/1451/1451 1453/1453/1453 1454/1454/1454
f 1453/1453/1453 1456/1456/1456 1454/1454/1454
f 1453/1453/1453 1455/1455/1455 1456/1456/1456
f 1455/1455/1455 1458/1458/1458 1456/1456/1456
f 1455/1455/1455 1457/1457/1457 1458/1458/1458
f 1457/1457/1457 1460/1460/1460 1458/1458/1458
f 1457/1457/1457 1459/1459/1459 1460/1460/1460
f 1459/1459/1459 1462/1462/1462 1460/1460/1460
f 1459/1459/1459 1461/1461/1461 1462/1462/1462
f 1461/1461/1461 1464/1464/1464 1462/1462/1462
f 1461/1461/1461 1463/1463/1463 1464/1464/1464
f 1463/1463/1463 1466/1466/1466 1464/1464/1464
f 1463/1463/1463 1465/1465/1465 1466/1466/1466
f 1465/1465/1465 1468/1468/1468 1466/1466/1466
f 1465/1465/1465 1467/1467/1467 1468/1468/1468
f 1467/1467/1467 1470/1470/1470 1468/1468/1468
f 1467/1467/1467 1469/1469/1469 1470/1470/1470
f 1469/1469/1469 1472/1472/1472 1470/1470/1470
f 1469/1469/1469 1471/1471/1471 1472/1472/1472
f 1471/1471/1471 1474/1474/1474 1472/1472/1472
f 1471/1471/1471 1473/1473/1473 1474/1474/1474
f 1473/1473/1473 1476/1476/1476 1474/1474/1474
f 1473/1473/1473 1475/1475/1475 1476/1476/1476
f 1475/1475/1475 1478/1478/1478 1476/1476/1476
f 1475/1475/1475 1477/1477/1477 1478/1478/1478
f 1477/1477/1477 1480/1480/1480 1478/1478/1478
f 1477/1477/1477 1479/1479/1479 1480/1480/1480
f 1479/1479/1479 1482/1482/1482 1480/1480/1480
f 1479/1479/1479 1481/1481/1481 1482/1482/1482
f 1481/1481/1481 1484/1484/1484 1482/1482/1482
f 1481/1481/1481 1483/1483/1483 1484/1484/1484
f 1483/1483/1483 1486/1486/1486 1484/1484/1484
f 1483/1483/1483 1485/1485/1485 1486/1486/1486
f 1487/1487/1487 1490/1490/1490 1488/1488/1488
f 1487/1487/1487 1489/1489/1489 1490/1490/1490
f 1489/1489/1489 1492/1492/1492 1490/1490/1490
f 1489/1489/1489 1491/1491/1491 1492/1492/1492
f 1491/1491/1491 1494/1494/1494 1492/1492/1492
f 1491/1491/1491 1493/1493/1493 1494/1494/1494
f 1493/1493/1493 1496/1496/1496 1494/1494/1494
f 1493/1493/1493 1495/1495/1495 1496/1496/1496
f 1495/1495/1495 1498/1498/1498 1496/1496/1496
f 1495/1495/1495 1497/1497/1497 1498/1498/1498
f 1497/1497/1497 1500/1500/1500 1498/1498/1498
f 1497/1497/1497 1499/1499/1499 1500/1500/1500
f 1499/1499/1499 1502/1502/1502 1500/1500/1500
f 1499/1499/1499 1501/1501/1501 1502/1502/1502
f 1501/1501/1501 1504/1504/1504 1502/1502/1502
f 1501/1501/1501 1503/1503/1503 1504/1504/1504
f 1503/1503/1503 1506/1506/1506 1504/1504/1504
f 1503/1503/1503 1505/1505/1505 1506/1506/1506
f 1505/1505/1505 1508/1508/1508 1506/1506/1506
f 1505/1505/1505 1507/1507/1507 1508/1508/1508
f 1507/1507/1507 1510/1510/1510 1508/1508/1508
f 1507/1507/1507 1509/1509/1509 1510/1510/1510
f 1509/1509/1509 1512/1512/1512 1510/1510/1510
f 1509/1509/1509 1511/1511/1511 1512/1512/1512
f 1511/1511/1511 1514/1514/1514 1512/1512/1512
f 1511/1511/1511 1513/1513/1513 1514/1514/1514
f 1513/1513/1513 1516/1516/1516 1514/1514/1514
f 1513/1513/1513 1515/1515/1515 1516/1516/1516
f 1515/1515/1515 1518/1518/1518 1516/1516/1516
f 1515/1515/1515 1517/1517/1517 1518/1518/1518
f 1517/1517/1517 1520/1520/1520 1518/1518/1518
f 1517/1517/1517 1519/1519/1519 1520/1520/1520
f 1521/1521/1521 1524/1524/1524 1522/1522/1522
f 1521/1521/1521 1523/1523/1523 1524/1524/1524
f 1523/1523/1523 1526/1526/1526 1524/1524/1524
f 1523/1523/1523 1525/1525/1525 1526/1526/1526
f 1525/1525/1525 1528/1528/1528 1526/1526/1526
f 1525/1525/1525 1527/1527/1527 1528/1528/1528
f 1527/1527/1527 1530/1530/1530 1528/1528/1528
f 1527/1527/1527 1529/1529/1529 1530/1530/1530
f 1529/1529/1529 1532/1532/1532 1530/1530/1530
f 1529/1529/1529 1531/1531/1531 1532/1532/1532
f 1531/1531/1531 1534/1534/1534 1532/1532/1532
f 1531/1531/1531 1533/1533/1533 1534/1534/1534
f 1533/1533/1533 1536/1536/1536 1534/1534/1534
f 1533/1533/1533 1535/1535/1535 1536/1536/1536
f 1535/1535/1535 1538/1538/1538 1536/1536/1536
f 1535/1535/1535 1537/1537/1537 1538/1538/1538
f 1537/1537/1537 1540/1540/1540 1538/1538/1538
f 1537/1537/1537 1539/1539/1539 1540/1540/1540
f 1539/1539/1539 1542/1542/1542 1540/1540/1540
f 1539/1539/1539 1541/1541/1541 1542/1542/1542
f 1541/1541/1541 1544/1544/1544 1542/1542/1542
f 1541/1541/1541 1543/1543/1543 1544/1544/1544
f 1543/1543/1543 1546/1546/1546 1544/1544/1544
f 1543/1543/1543 1545/1545/1545 1546/1546/1546
f 1547/1547/1547 1550/1550/1550 1548/1548/1548
f 1547/1547/1547 1549/1549/1549 1550/1550/1550
f 1549/1549/1549 1552/1552/1552 1550/1550/1550
f 1549/1549/1549 1551/1551/1551 1552/1552/1552
f 1551/1551/1551 1554/1554/1554 1552/1552/1552
f 1551/1551/1551 1553/1553/1553 1554/1554/1554
f 1553/1553/1553 1556/1556/1556 1554/1554/1554
f 1553/1553/1553 1555/1555/1555 1556/1556/1556
f 1555/1555/1555 1558/1558/1558 1556/1556/1556
f 1555/1555/1555 1557/1557/1557 1558/1558/1558
f 1559/1559/1559 1562/1562/1562 1560/1560/1560
f 1559/1559/1559 1561/1561/1561 1562/1562/1562
f 1561/1561/1561 1564/1564/1564 1562/1562/1562
f 1561/1561/1561 1563/1563/1563 1564/1564/1564
f 1563/1563/1563 1566/1566/1566 1564/1564/1564
f 1563/1563/1563 1565/1565/1565 1566/1566/1566
f 1565/1565/1565 1568/1568/1568 1566/1566/1566
f 1565/1565/1565 1567/1567/1567 1568/1568/1568
f 1567/1567/1567 1570/1570/1570 1568/1568/1568
f 1567/1567/1567 1569/1569/1569 1570/1570/1570
f 1569/1569/1569 1572/1572/1572 1570/1570/1570
f 1569/1569/1569 1571/1571/1571 1572/1572/1572
f 1571/1571/1571 1574/1574/1574 1572/1572/1572
f 1571/1571/1571 1573/1573/1573 1574/1574/1574
f 1573/1573/1573 1576/1576/1576 1574/1574/1574
f 1573/1573/1573 1575/1575/1575 1576/1576/1576
f 1575/1575/1575 1578/1578/1578 1576/1576/1576
f 1575/1575/1575 1577/1577/1577 1578/1578/1578
f 1577/1577/1577 1580/1580/1580 1578/1578/1578
f 1577/1577/1577 1579/1579/1579 1580/1580/1580
f 1579/1579/1579 1582/1582/1582 1580/1580/1580
f 1579/1579/1579 1581/1581/1581 1582/1582/1582
f 1581/1581/1581 1584/1584/1584 1582/1582/1582
f 1581/1581/1581 1583/1583/1583 1584/1584/1584
f 1583/1583/1583 1586/1586/1586 1584/1584/1584
f 1583/1583/1583 1585/1585/1585 1586/1586/1586
f 1585/1585/1585 1588/1588/1588 1586/1586/1586
f 1585/1585/1585 1587/1587/1587 1588/1588/1588
f 1587/1587/1587 1590/1590/1590 1588/1588/1588
f 1587/1587/1587 1589/1589/1589 1590/1590/1590
f 1589/1589/1589 1592/1592/1592 1590/1590/1590
f 1589/1589/1589 1591/1591/1591 1592/1592/1592
f 1591/1591/1591 1594/1594/1594 1592/1592/1592
f 1591/1591/1591 1593/1593/1593 1594/1594/1594
f 1593/1593/1593 1596/1596/1596 1594/1594/1594
f 1593/1593/1593 1595/1595/1595 1596/1596/1596
f 1595/1595/1595 1598/1598/1598 1596/1596/1596
f 1595/1595/1595 1597/1597/1597 1598/1598/1598
f 1597/1597/1597 1600/1600/1600 1598/1598/1598
f 1597/1597/1597 1599/1599/1599 1600/1600/1600
f 1601/1601/1601 1604/1604/1604 1602/1602/1602
f 1601/1601/1601 1603/1603/1603 1604/1604/1604
f 1603/1603/1603 1606/1606/1606 1604/1604/1604
f 1603/1603/1603 1605/1605/1605 1606/1606/1606
f 1605/1605/1605 1608/1608/1608 1606/1606/1606
f 1605/1605/1605 1607/1607/1607 1608/1608/1608
f 1607/1607/1607 1610/1610/1610 1608/1608/1608
f 1607/1607/1607 1609/1609/1609 1610/1610/1610
f 1609/1609/1609 1612/1612/1612 1610/1610/1610
f 1609/1609/1609 1611/1611/1611 1612/1612/1612
f 1611/1611/1611 1614/1614/1614 1612/1612/1612
f 1611/1611/1611 1613/1613/1613 1614/1614/1614
f 1613/1613/1613 1616/1616/1616 1614/1614/1614
f 1613/1613/1613 1615/1615/1615 1616/1616/1616
f 1615/1615/1615 1618/1618/1618 1616/1616/1616
f 1615/1615/1615 1617/1617/1617 1618/1618/1618
f 1617/1617/1617 1620/1620/1620 1618/1618/1618
f 1617/1617/1617 1619/1619/1619 1620/1620/1620
f 1619/1619/1619 1622/1622/1622 1620/1620/1620
f 1619/1619/1619 1621/1621/1621 1622/1622/1622
f 1621/1621/1621 1624/1624/1624 1622/1622/1622
f 1621/1621/1621 1623/1623/1623 1624/1624/1624
f 1623/1623/1623 1626/1626/1626 1624/1624/1624
f 1623/1623/1623 1625/1625/1625 1626/1626/1626
f 1625/1625/1625 1628/1628/1628 1626/1626/1626
f 1625/1625/1625 1627/1627/1627 1628/1628/1628
f 1627/1627/1627 1630/1630/1630 1628/1628/1628
f 1627/1627/1627 1629/1629/1629 1630/1630/1630
f 1629/1629/1629 1632/1632/1632 1630/1630/1630
f 1629/1629/1629 1631/1631/1631 1632/1632/1632
f 1631/1631/1631 1634/1634/1634 1632/1632/1632
f 1631/1631/1631 1633/1633/1633 1634/1634/1634
f 1633/1633/1633 1636/1636/1636 1634/1634/1634
f 1633/1633/1633 1635/1635/1635 1636/1636/1636
f 1635/1635/1635 1638/1638/1638 1636/1636/1636
f 1635/1635/1635 1637/1637/1637 1638/1638/1638
f 1637/1637/1637 1640/1640/1640 1638/1638/1638
f 1637/1637/1637 1639/1639/1639 1640/1640/1640
f 1639/1639/1639 1642/1642/1642 1640/1640/1640
f 1639/1639/1639 1641/1641/1641 1642/1642/1642
f 1641/1641/1641 1644/1644/1644 1642/1642/1642
f 1641/1641/1641 1643/1643/1643 1644/1644/1644
f 1643/1643/1643 1646/1646/1646 1644/1644/1644
f 1643/1643/1643 1645/1645/1645 1646/1646/1646
f 1645/1645/1645 1648/1648/1648 1646/1646/1646
f 1645/1645/1645 1647/1647/1647 1648/1648/1648
f 1647/1647/1647 1650/1650/1650 1648/1648/1648
f 1647/1647/1647 1649/1649/1649 1650/1650/1650
f 1649/1649/1649 1652/1652/1652 1650/1650/1650
f 1649/1649/1649 1651/1651/1651 1652/1652/1652
f 1651/1651/1651 1654/1654/1654 1652/1652/1652
f 1651/1651/1651 1653/1653/1653 1654/1654/1654
f 1653/1653/1653 1656/1656/1656 1654/1654/1654
f 1653/1653/1653 1655/1655/1655 1656/1656/1656
f 1655/1655/1655 1658/1658/1658 1656/1656/1656
f 1655/1655/1655 1657/1657/1657 1658/1658/1658
f 1657/1657/1657 1660/1660/1660 1658/1658/1658
f 1657/1657/1657 1659/1659/1659 1660/1660/1660
f 1659/1659/1659 1662/1662/1662 1660/1660/1660
f 1659/1659/1659 1661/1661/1661 1662/1662/1662
f 1661/1661/1661 1664/1664/1664 1662/1662/1662
f 1661/1661/1661 1663/1663/1663 1664/1664/1664
f 1663/1663/1663 1666/1666/1666 1664/1664/1664
f 1663/1663/1663 1665/1665/1665 1666/1666/1666
f 1665/1665/1665 1668/1668/1668 1666/1666/1666
f 1665/1665/1665 1667/1667/1667 1668/1668/1668
f 1667/1667/1667 1670/1670/1670 1668/1668/1668
f 1667/1667/1667 1669/1669/1669 1670/1670/1670
f 1669/1669/1669 1672/1672/1672 1670/1670/1670
f 1669/1669/1669 1671/1671/1671 1672/1672/1672
f 1671/1671/1671 1674/1674/1674 1672/1672/1672
f 1671/1671/1671 1673/1673/1673 1674/1674/1674
f 1673/1673/1673 1676/1676/1676 1674/1674/1674
f 1673/1673/1673 1675/1675/1675 1676/1676/1676
f 1675/1675/1675 1678/1678/1678 1676/1676/1676
f 1675/1675/1675 1677/1677/1677 1678/1678/1678
f 1677/1677/1677 1680/1680/1680 1678/1678/1678
f 1677/1677/1677 1679/1679/1679 1680/1680/1680
f 1679/1679/1679 1682/1682/1682 1680/1680/1680
f 1679/1679/1679 1681/1681/1681 1682/1682/1682
f 1681/1681/1681 1684/1684/1684 1682/1682/1682
f 1681/1681/1681 1683/1683/1683 1684/1684/1684
f 1683/1683/1683 1686/1686/1686 1684/1684/1684
f 1683/1683/1683 1685/1685/1685 1686/1686/1686
f 1687/1687/1687 1690/1690/1690 1688/1688/1688
f 1687/1687/1687 1689/1689/1689 1690/1690/1690
f 1689/1689/1689 1692/1692/1692 1690/1690/1690
f 1689/1689/1689 1691/1691/1691 1692/1692/1692
f 1691/1691/1691 1694/1694/1694 1692/1692/1692
f 1691/1691/1691 1693/1693/1693 1694/1694/1694
f 1693/1693/1693 1696/1696/1696 1694/1694/1694
f 1693/1693/1693 1695/1695/1695 1696/1696/1696
f 1695/1695/1695 1698/1698/1698 1696/1696/1696
f 1695/1695/1695 1697/1697/1697 1698/1698/1698
f 1697/1697/1697 1700/1700/1700 1698/1698/1698
f 1697/1697/1697 1699/1699/1699 1700/1700/1700
f 1699/1699/1699 1702/1702/1702 1700/1700/1700
f 1699/1699/1699 1701/1701/1701 1702/1702/1702
f 1701/1701/1701 1704/1704/1704 1702/1702/1702
f 1701/1701/1701 1703/1703/1703 1704/1704/1704
f 1705/1705/1705 1708/1708/1708 1706/1706/1706
f 1705/1705/1705 1707/1707/1707 1708/1708/1708
f 1707/1707/1707 1710/1710/1710 1708/1708/1708
f 1707/1707/1707 1709/1709/1709 1710/1710/1710
f 1709/1709/1709 1712/1712/1712 1710/1710/1710
f 1709/1709/1709 1711/1711/1711 1712/1712/1712
f 1711/1711/1711 1714/1714/1714 1712/1712/1712
f 1711/1711/1711 1713/1713/1713 1714/1714/1714
f 1713/1713/1713 1716/1716/1716 1714/1714/1714
f 1713/1713/1713 1715/1715/1715 1716/1716/1716
f 1715/1715/1715 1718/1718/1718 1716/1716/1716
f 1715/1715/1715 1717/1717/1717 1718/1718/1718
f 1717/1717/1717 1720/1720/1720 1718/1718/1718
f 1717/1717/1717 1719/1719/1719 1720/1720/1720
f 1719/1719/1719 1722/1722/1722 1720/1720/1720
f 1719/1719/1719 1721/1721/1721 1722/1722/1722
f 1721/1721/1721 1724/1724/1724 1722/1722/1722
f 1721/1721/1721 1723/1723/1723 1724/1724/1724
f 1723/1723/1723 1726/1726/1726 1724/1724/1724
f 1723/1723/1723 1725/1725/1725 1726/1726/1726
f 1725/1725/1725 1728/1728/1728 1726/1726/1726
f 1725/1725/1725 1727/1727/1727 1728/1728/1728
f 1727/1727/1727 1730/1730/1730 1728/1728/1728
f 1727/1727/1727 1729/1729/1729 1730/1730/1730
f 1729/1729/1729 1732/1732/1732 1730/1730/1730
f 1729/1729/1729 1731/1731/1731 1732/1732/1732
f 1733/1733/1733 1736/1736/1736 1734/1734/1734
f 1733/1733/1733 1735/1735/1735 1736/1736/1736
f 1735/1735/1735 1738/1738/1738 1736/1736/1736
f 1735/1735/1735 1737/1737/1737 1738/1738/1738
f 1737/1737/1737 1740/1740/1740 1738/1738/1738
f 1737/1737/1737 1739/1739/1739 1740/1740/1740
f 1741/1741/1741 1744/1744/1744 1742/1742/1742
f 1741/1741/1741 1743/1743/1743 1744/1744/1744
f 1743/1743/1743 1746/1746/1746 1744/1744/1744
f 1743/1743/1743 1745/1745/1745 1746/1746/1746
f 1745/1745/1745 1748/1748/1748 1746/1746/1746
f 1745/1745/1745 1747/1747/1747 1748/1748/1748
f 1747/1747/1747 1750/1750/1750 1748/1748/1748
f 1747/1747/1747 1749/1749/1749 1750/1750/1750
f 1749/1749/1749 1752/1752/1752 1750/1750/1750
f 1749/1749/1749 1751/1751/1751 1752/1752/1752
f 1751/1751/1751 1754/1754/1754 1752/1752/1752
f 1751/1751/1751 1753/1753/1753 1754/1754/1754
f 1753/1753/1753 1756/1756/1756 1754/1754/1754
f 1753/1753/1753 1755/1755/1755 1756/1756/1756
f 1755/1755/1755 1758/1758/1758 1756/1756/1756
f 1755/1755/1755 1757/1757/1757 1758/1758/1758
f 1757/1757/1757 1760/1760/1760 1758/1758/1758
f 1757/1757/1757 1759/1759/1759 1760/1760/1760
f 1759/1759/1759 1762/1762/1762 1760/1760/1760
f 1759/1759/1759 1761/1761/1761 1762/1762/1762
f 1761/1761/1761 1764/1764/1764 1762/1762/1762
f 1761/1761/1761 1763/1763/1763 1764/1764/1764
f 1763/1763/1763 1766/1766/1766 1764/1764/1764
f 1763/1763/1763 1765/1765/1765 1766/1766/1766
f 1765/1765/1765 1768/1768/1768 1766/1766/1766
f 1765/1765/1765 1767/1767/1767 1768/1768/1768
f 1767/1767/1767 1770/1770/1770 1768/1768/1768
f 1767/1767/1767 1769/1769/1769 1770/1770/1770
f 1771/1771/1771 1774/1774/1774 1772/1772/1772
f 1771/1771/1771 1773/1773/1773 1774/1774/1774
f 1773/1773/1773 1776/1776/1776 1774/1774/1774
f 1773/1773/1773 1775/1775/1775 1776/1776/1776
f 1775/1775/1775 1778/1778/1778 1776/1776/1776
f 1775/1775/1775 1777/1777/1777 1778/1778/1778
f 1777/1777/1777 1780/1780/1780 1778/1778/1778
f 1777/1777/1777 1779/1779/1779 1780/1780/1780
f 1779/1779/1779 1782/1782/1782 1780/1780/1780
f 1779/1779/1779 1781/1781/1781 1782/1782/1782
f 1781/1781/1781 1784/1784/1784 1782/1782/1782
f 1781/1781/1781 1783/1783/1783 1784/1784/1784
f 1783/1783/1783 1786/1786/1786 1784/1784/1784
f 1783/1783/1783 1785/1785/1785 1786/1786/1786
f 1785/1785/1785 1788/1788/1788 1786/1786/1786
f 1785/1785/1785 1787/1787/1787 1788/1788/1788
f 1787/1787/1787 1790/1790/1790 1788/1788/1788
f 1787/1787/1787 1789/1789/1789 1790/1790/1790
f 1789/1789/1789 1792/1792/1792 1790/1790/1790
f 1789/1789/1789 1791/1791/1791 1792/1792/1792
f 1791/1791/1791 1794/1794/1794 1792/1792/1792
f 1791/1791/1791 1793/1793/1793 1794/1794/1794
f 1793/1793/1793 1796/1796/1796 1794/1794/1794
f 1793/1793/1793 1795/1795/1795 1796/1796/1796
f 1795/1795/1795 1798/1798/1798 1796/1796/1796
f 1795/1795/1795 1797/1797/1797 1798/1798/1798
f 1797/1797/1797 1800/1800/1800 1798/1798/1798
f 1797/1797/1797 1799/1799/1799 1800/1800/1800
f 1799/1799/1799 1802/1802/1802 1800/1800/1800
f 1799/1799/1799 1801/1801/1801 1802/1802/1802
f 1801/1801/1801 1804/1804/1804 1802/1802/1802
f 1801/1801/1801 1803/1803/1803 1804/1804/1804
f 1803/1803/1803 1806/1806/1806 1804/1804/1804
f 1803/1803/1803 1805/1805/1805 1806/1806/1806
f 1805/1805/1805 1808/1808/1808 1806/1806/1806
f 1805/1805/1805 1807/1807/1807 1808/1808/1808
f 1807/1807/1807 1810/1810/1810 1808/1808/1808
f 1807/1807/1807 1809/1809/1809 1810/1810/1810
f 1809/1809/1809 1812/1812/1812 1810/1810/1810
f 1809/1809/1809 1811/1811/1811 1812/1812/1812
f 1811/1811/1811 1814/1814/1814 1812/1812/1812
f 1811/1811/1811 1813/1813/1813 1814/1814/1814
f 1813/1813/1813 1816/1816/1816 1814/1814/1814
f 1813/1813/1813 1815/1815/1815 1816/1816/1816
f 1815/1815/1815 1818/1818/1818 1816/1816/1816
f 1815/1815/1815 1817/1817/1817 1818/1818/1818
f 1817/1817/1817 1820/1820/1820 1818/1818/1818
f 1817/1817/1817 1819/1819/1819 1820/1820/1820
f 1819/1819/1819 1822/1822/1822 1820/1820/1820
f 1819/1819/1819 1821/1821/1821 1822/1822/1822
f 1821/1821/1821 1824/1824/1824 1822/1822/1822
f 1821/1821/1821 1823/1823/1823 1824/1824/1824
f 1823/1823/1823 1826/1826/1826 1824/1824/1824
f 1823/1823/1823 1825/1825/1825 1826/1826/1826
f 1825/1825/1825 1828/1828/1828 1826/1826/1826
f 1825/1825/1825 1827/1827/1827 1828/1828/1828
f 1827/1827/1827 1830/1830/1830 1828/1828/1828
f 1827/1827/1827 1829/1829/1829 1830/1830/1830
f 1829/1829/1829 1832/1832/1832 1830/1830/1830
f 1829/1829/1829 1831/1831/1831 1832/1832/1832
f 1831/1831/1831 1834/1834/1834 1832/1832/1832
f 1831/1831/1831 1833/1833/1833 1834/1834/1834
f 1833/1833/1833 1836/1836/1836 1834/1834/1834
f 1833/1833/1833 1835/1835/1835 1836/1836/1836
f 1835/1835/1835 1838/1838/1838 1836/1836/1836
f 1835/1835/1835 1837/1837/1837 1838/1838/1838
f 1837/1837/1837 1840/1840/1840 1838/1838/1838
f 1837/1837/1837 1839/1839/1839 1840/1840/1840
f 1841/1841/1841 1844/1844/1844 1842/1842/1842
f 1841/1841/1841 1843/1843/1843 1844/1844/1844
f 1843/1843/1843 1846/1846/1846 1844/1844/1844
f 1843/1843/1843 1845/1845/1845 1846/1846/1846
f 1845/1845/1845 1848/1848/1848 1846/1846/1846
f 1845/1845/1845 1847/1847/1847 1848/1848/1848
f 1847/1847/1847 1850/1850/1850 1848/1848/1848
f 1847/1847/1847 1849/1849/1849 1850/1850/1850
f 1849/1849/1849 1852/1852/1852 1850/1850/1850
f 1849/1849/1849 1851/1851/1851 1852/1852/1852
f 1851/1851/1851 1854/1854/1854 1852/1852/1852
f 1851/1851/1851 1853/1853/1853 1854/1854/1854
f 1853/1853/1853 1856/1856/1856 1854/1854/1854
f 1853/1853/1853 1855/1855/1855 1856/1856/1856
f 1855/1855/1855 1858/1858/1858 1856/1856/1856
f 1855/1855/1855 1857/1857/1857 1858/1858/1858
f 1857/1857/1857 1860/1860/1860 1858/1858/1858
f 1857/1857/1857 1859/1859/1859 1860/1860/1860
f 1859/1859/1859 1862/1862/1862 1860/1860/1860
f 1859/1859/1859 1861/1861/1861 1862/1862/1862
f 1861/1861/1861 1864/1864/1864 1862/1862/1862
f 1861/1861/1861 1863/1863/1863 1864/1864/1864
f 1863/1863/1863 1866/1866/1866 1864/1864/1864
f 1863/1863/1863 1865/1865/1865 1866/1866/1866
f 1865/1865/1865 1868/1868/1868 1866/1866/1866
f 1865/1865/1865 1867/1867/1867 1868/1868/1868
f 1867/1867/1867 1870/1870/1870 1868/1868/1868
f 1867/1867/1867 1869/1869/1869 1870/1870/1870
f 1869/1869/1869 1872/1872/1872 1870/1870/1870
f 1869/1869/1869 1871/1871/1871 1872/1872/1872
f 1871/1871/1871 1874/1874/1874 1872/1872/1872
f 1871/1871/1871 1873/1873/1873 1874/1874/1874
f 1873/1873/1873 1876/1876/1876 1874/1874/1874
f 1873/1873/1873 1875/1875/1875 1876/1876/1876
f 1875/1875/1875 1878/1878/1878 1876/1876/1876
f 1875/1875/1875 1877/1877/1877 1878/1878/1878
f 1877/1877/1877 1880/1880/1880 1878/1878/1878
f 1877/1877/1877 1879/1879/1879 1880/1880/1880
f 1879/1879/1879 1882/1882/1882 1880/1880/1880
f 1879/1879/1879 1881/1881/1881 1882/1882/1882
f 1881/1881/1881 1884/1884/1884 1882/1882/1882
f 1881/1881/1881 1883/1883/1883 1884/1884/1884
f 1883/1883/1883 1886/1886/1886 1884/1884/1884
f 1883/1883/1883 1885/1885/1885 1886/1886/1886
f 1885/1885/1885 1888/1888/1888 1886/1886/1886
f 1885/1885/1885 1887/1887/1887 1888/1888/1888
f 1887/1887/1887 1890/1890/1890 1888/1888/1888
f 1887/1887/1887 1889/1889/1889 1890/1890/1890
f 1889/1889/1889 1892/1892/1892 1890/1890/1890
f 1889/1889/1889 1891/1891/1891 1892/1892/1892
f 1891/1891/1891 1894/1894/1894 1892/1892/1892
f 1891/1891/1891 1893/1893/1893 1894/1894/1894
f 1893/1893/1893 1896/1896/1896 1894/1894/1894
f 1893/1893/1893 1895/1895/1895 1896/1896/1896
f 1895/1895/1895 1898/1898/1898 1896/1896/1896
f 1895/1895/1895 1897/1897/1897 1898/1898/1898
f 1897/1897/1897 1900/1900/1900 1898/1898/1898
f 1897/1897/1897 1899/1899/1899 1900/1900/1900
f 1899/1899/1899 1902/1902/1902 1900/1900/1900
f 1899/1899/1899 1901/1901/1901 1902/1902/1902
f 1901/1901/1901 1904/1904/1904 1902/1902/1902
f 1901/1901/1901 1903/1903/1903 1904/1904/1904
f 1903/1903/1903 1906/1906/1906 1904/1904/1904
f 1903/1903/1903 1905/1905/1905 1906/1906/1906
f 1905/1905/1905 1908/1908/1908 1906/1906/1906
f 1905/1905/1905 1907/1907/1907 1908/1908/1908
f 1907/1907/1907 1910/1910/1910 1908/1908/1908
f 1907/1907/1907 1909/1909/1909 1910/1910/1910
f 1909/1909/1909 1912/1912/1912 1910/1910/1910
f 1909/1909/1909 1911/1911/1911 1912/1912/1912
f 1911/1911/1911 1914/1914/1914 1912/1912/1912
f 1911/1911/1911 1913/1913/1913 1914/1914/1914
f 1913/1913/1913 1916/1916/1916 1914/1914/1914
f 1913/1913/1913 1915/1915/1915 1916/1916/1916
f 1915/1915/1915 1918/1918/1918 1916/1916/1916
f 1915/1915/1915 1917/1917/1917 1918/1918/1918
f 1917/1917/1917 1920/1920/1920 1918/1918/1918
f 1917/1917/1917 1919/1919/1919 1920/1920/1920
f 1919/1919/1919 1922/1922/1922 1920/1920/1920
f 1919/1919/1919 1921/1921/1921 1922/1922/1922
f 1921/1921/1921 1924/1924/1924 1922/1922/1922
f 1921/1921/1921 1923/1923/1923 1924/1924/1924
f 1923/1923/1923 1926/1926/1926 1924/1924/1924
f 1923/1923/1923 1925/1925/1925 1926/1926/1926
f 1925/1925/1925 1928/1928/1928 1926/1926/1926
f 1925/1925/1925 1927/1927/1927 1928/1928/1928
f 1929/1929/1929 1932/1932/1932 1930/1930/1930
f 1929/1929/1929 1931/1931/1931 1932/1932/1932
f 1931/1931/1931 1934/1934/1934 1932/1932/1932
f 1931/1931/1931 1933/1933/1933 1934/1934/1934
f 1933/1933/1933 1936/1936/1936 1934/1934/1934
f 1933/1933/1933 1935/1935/1935 1936/1936/1936
f 1935/1935/1935 1938/1938/1938 1936/1936/1936
f 1935/1935/1935 1937/1937/1937 1938/1938/1938
f 1937/1937/1937 1940/1940/1940 1938/1938/1938
f 1937/1937/1937 1939/1939/1939 1940/1940/1940
f 1941/1941/1941 1944/1944/1944 1942/1942/1942
f 1941/1941/1941 1943/1943/1943 1944/1944/1944
f 1943/1943/1943 1946/1946/1946 1944/1944/1944
f 1943/1943/1943 1945/1945/1945 1946/1946/1946
f 1945/1945/1945 1948/1948/1948 1946/1946/1946
f 1945/1945/1945 1947/1947/1947 1948/1948/1948
f 1947/1947/1947 1950/1950/1950 1948/1948/1948
f 1947/1947/1947 1949/1949/1949 1950/1950/1950
f 1949/1949/1949 1952/1952/1952 1950/1950/1950
f 1949/1949/1949 1951/1951/1951 1952/1952/1952
f 1951/1951/1951 1954/1954/1954 1952/1952/1952
f 1951/1951/1951 1953/1953/1953 1954/1954/1954
f 1953/1953/1953 1956/1956/1956 1954/1954/1954
f 1953/1953/1953 1955/1955/1955 1956/1956/1956
f 1955/1955/1955 1958/1958/1958 1956/1956/1956
f 1955/1955/1955 1957/1957/1957 1958/1958/1958
f 1957/1957/1957 1960/1960/1960 1958/1958/1958
f 1957/1957/1957 1959/1959/1959 1960/1960/1960
f 1959/1959/1959 1962/1962/1962 1960/1960/1960
f 1959/1959/1959 1961/1961/1961 1962/1962/1962
f 1961/1961/1961 1964/1964/1964 1962/1962/1962
f 1961/1961/1961 1963/1963/1963 1964/1964/1964
f 1963/1963/1963 1966/1966/1966 1964/1964/1964
f 1963/1963/1963 1965/1965/1965 1966/1966/1966
f 1965/1965/1965 1968/1968/1968 1966/1966/1966
f 1965/1965/1965 1967/1967/1967 1968/1968/1968
f 1967/1967/1967 1970/1970/1970 1968/1968/1968
f 1967/1967/1967 1969/1969/1969 1970/1970/1970
f 1969/1969/1969 1972/1972/1972 1970/1970/1970
f 1969/1969/1969 1971/1971/1971 1972/1972/1972
f 1971/1971/1971 1974/1974/1974 1972/1972/1972
f 1971/1971/1971 1973/1973/1973 1974/1974/1974
f 1973/1973/1973 1976/1976/1976 1974/1974/1974
f 1973/1973/1973 1975/1975/1975 1976/1976/1976
f 1975/1975/1975 1978/1978/1978 1976/1976/1976
f 1975/1975/1975 1977/1977/1977 1978/1978/1978
f 1977/1977/1977 1980/1980/1980 1978/1978/1978
f 1977/1977/1977 1979/1979/1979 1980/1980/1980
f 1981/1981/1981 1984/1984/1984 1982/1982/1982
f 1981/1981/1981 1983/1983/1983 1984/1984/1984
f 1983/1983/1983 1986/1986/1986 1984/1984/1984
f 1983/1983/1983 1985/1985/1985 1986/1986/1986
f 1985/1985/1985 1988/1988/1988 1986/1986/1986
f 1985/1985/1985 1987/1987/1987 1988/1988/1988
f 1987/1987/1987 1990/1990/1990 1988/1988/1988
f 1987/1987/1987 1989/1989/1989 1990/1990/1990
f 1989/1989/1989 1992/1992/1992 1990/1990/1990
f 1989/1989/1989 1991/1991/1991 1992/1992/1992
f 1991/1991/1991 1994/1994/1994 1992/1992/1992
f 1991/1991/1991 1993/1993/1993 1994/1994/1994
f 1995/1995/1995 1998/1998/1998 1996/1996/1996
f 1995/1995/1995 1997/1997/1997 1998/1998/1998
f 1997/1997/1997 2000/2000/2000 1998/1998/1998
f 1997/1997/1997 1999/1999/1999 2000/2000/2000
f 1999/1999/1999 2002/2002/2002 2000/2000/2000
f 1999/1999/1999 2001/2001/2001 2002/2002/2002
f 2001/2001/2001 2004/2004/2004 2002/2002/2002
f 2001/2001/2001 2003/2003/2003 2004/2004/2004
f 2003/2003/2003 2006/2006/2006 2004/2004/2004
f 2003/2003/2003 2005/2005/2005 2006/2006/2006
f 2005/2005/2005 2008/2008/2008 2006/2006/2006
f 2005/2005/2005 2007/2007/2007 2008/2008/2008
f 2007/2007/2007 2010/2010/2010 2008/2008/2008
f 2007/2007/2007 2009/2009/2009 2010/2010/2010
f 2011/2011/2011 2014/2014/2014 2012/2012/2012
f 2011/2011/2011 2013/2013/2013 2014/2014/2014
f 2013/2013/2013 2016/2016/2016 2014/2014/2014
f 2013/2013/2013 2015/2015/2015 2016/2016/2016
f 2015/2015/2015 2018/2018/2018 2016/2016/2016
f 2015/2015/2015 2017/2017/2017 2018/2018/2018
f 2017/2017/2017 2020/2020/2020 2018/2018/2018
f 2017/2017/2017 2019/2019/2019 2020/2020/2020
f 2019/2019/2019 2022/2022/2022 2020/2020/2020
f 2019/2019/2019 2021/2021/2021 2022/2022/2022
f 2021/2021/2021 2024/2024/2024 2022/2022/2022
f 2021/2021/2021 2023/2023/2023 2024/2024/2024
f 2023/2023/2023 2026/2026/2026 2024/2024/2024
f 2023/2023/2023 2025/2025/2025 2026/2026/2026
f 2025/2025/2025 2028/2028/2028 2026/2026/2026
f 2025/2025/2025 2027/2027/2027 2028/2028/2028
f 2027/2027/2027 2030/2030/2030 2028/2028/2028
f 2027/2027/2027 2029/2029/2029 2030/2030/2030
f 2029/2029/2029 2032/2032/2032 2030/2030/2030
f 2029/2029/2029 2031/2031/2031 2032/2032/2032
f 2031/2031/2031 2034/2034/2034 2032/2032/2032
f 2031/2031/2031 2033/2033/2033 2034/2034/2034
f 2033/2033/2033 2036/2036/2036 2034/2034/2034
f 2033/2033/2033 2035/2035/2035 2036/2036/2036
f 2035/2035/2035 2038/2038/2038 2036/2036/2036
f 2035/2035/2035 2037/2037/2037 2038/2038/2038
f 2037/2037/2037 2040/2040/2040 2038/2038/2038
f 2037/2037/2037 2039/2039/2039 2040/2040/2040
f 2039/2039/2039 2042/2042/2042 2040/2040/2040
f 2039/2039/2039 2041/2041/2041 2042/2042/2042
f 2041/2041/2041 2044/2044/2044 2042/2042/2042
f 2041/2041/2041 2043/2043/2043 2044/2044/2044
f 2043/2043/2043 2046/2046/2046 2044/2044/2044
f 2043/2043/2043 2045/2045/2045 2046/2046/2046
f 2045/2045/2045 2048/2048/2048 2046/2046/2046
f 2045/2045/2045 2047/2047/2047 2048/2048/2048
f 2047/2047/2047 2050/2050/2050 2048/2048/2048
f 2047/2047/2047 2049/2049/2049 2050/2050/2050
f 2051/2051/2051 2054/2054/2054 2052/2052/2052
f 2051/2051/2051 2053/2053/2053 2054/2054/2054
f 2053/2053/2053 2056/2056/2056 2054/2054/2054
f 2053/2053/2053 2055/2055/2055 2056/2056/2056
f 2055/2055/2055 2058/2058/2058 2056/2056/2056
f 2055/2055/2055 2057/2057/2057 2058/2058/2058
f 2057/2057/2057 2060/2060/2060 2058/2058/2058
f 2057/2057/2057 2059/2059/2059 2060/2060/2060
f 2059/2059/2059 2062/2062/2062 2060/2060/2060
f 2059/2059/2059 2061/2061/2061 2062/2062/2062
f 2063/2063/2063 2066/2066/2066 2064/2064/2064
f 2063/2063/2063 2065/2065/2065 2066/2066/2066
f 2065/2065/2065 2068/2068/2068 2066/2066/2066
f 2065/2065/2065 2067/2067/2067 2068/2068/2068
f 2067/2067/2067 2070/2070/2070 2068/2068/2068
f 2067/2067/2067 2069/2069/2069 2070/2070/2070
f 2069/2069/2069 2072/2072/2072 2070/2070/2070
f 2069/2069/2069 2071/2071/2071 2072/2072/2072
f 2071/2071/2071 2074/2074/2074 2072/2072/2072
f 2071/2071/2071 2073/2073/2073 2074/2074/2074
f 2073/2073/2073 2076/2076/2076 2074/2074/2074
f 2073/2073/2073 2075/2075/2075 2076/2076/2076
f 2075/2075/2075 2078/2078/2078 2076/2076/2076
f 2075/2075/2075 2077/2077/2077 2078/2078/2078
f 2077/2077/2077 2080/2080/2080 2078/2078/2078
f 2077/2077/2077 2079/2079/2079 2080/2080/2080
f 2079/2079/2079 2082/2082/2082 2080/2080/2080
f 2079/2079/2079 2081/2081/2081 2082/2082/2082
f 2081/2081/2081 2084/2084/2084 2082/2082/2082
f 2081/2081/2081 2083/2083/2083 2084/2084/2084
f 2083/2083/2083 2086/2086/2086 2084/2084/2084
f 2083/2083/2083 2085/2085/2085 2086/2086/2086
f 2085/2085/2085 2088/2088/2088 2086/2086/2086
f 2085/2085/2085 2087/2087/2087 2088/2088/2088
f 2087/2087/2087 2090/2090/2090 2088/2088/2088
f 2087/2087/2087 2089/2089/2089 2090/2090/2090
f 2089/2089/2089 2092/2092/2092 2090/2090/2090
f 2089/2089/2089 2091/2091/2091 2092/2092/2092
f 2091/2091/2091 2094/2094/2094 2092/2092/2092
f 2091/2091/2091 2093/2093/2093 2094/2094/2094
f 2093/2093/2093 2096/2096/2096 2094/2094/2094
f 2093/2093/2093 2095/2095/2095 2096/2096/2096
f 2095/2095/2095 2098/2098/2098 2096/2096/2096
f 2095/2095/2095 2097/2097/2097 2098/2098/2098
f 2097/2097/2097 2100/2100/2100 2098/2098/2098
f 2097/2097/2097 2099/2099/2099 2100/2100/2100
f 2099/2099/2099 2102/2102/2102 2100/2100/2100
f 2099/2099/2099 2101/2101/2101 2102/2102/2102
f 2103/2103/2103 2106/2106/2106 2104/2104/2104
f 2103/2103/2103 2105/2105/2105 2106/2106/2106
f 2105/2105/2105 2108/2108/2108 2106/2106/2106
f 2105/2105/2105 2107/2107/2107 2108/2108/2108
f 2107/2107/2107 2110/2110/2110 2108/2108/2108
f 2107/2107/2107 2109/2109/2109 2110/2110/2110
f 2109/2109/2109 2112/2112/2112 2110/2110/2110
f 2109/2109/2109 2111/2111/2111 2112/2112/2112
f 2111/2111/2111 2114/2114/2114 2112/2112/2112
f 2111/2111/2111 2113/2113/2113 2114/2114/2114
f 2113/2113/2113 2116/2116/2116 2114/2114/2114
f 2113/2113/2113 2115/2115/2115 2116/2116/2116
f 2115/2115/2115 2118/2118/2118 2116/2116/2116
f 2115/2115/2115 2117/2117/2117 2118/2118/2118
f 2117/2117/2117 2120/2120/2120 2118/2118/2118
f 2117/2117/2117 2119/2119/2119 2120/2120/2120
f 2119/2119/2119 2122/2122/2122 2120/2120/2120
f 2119/2119/2119 2121/2121/2121 2122/2122/2122
f 2121/2121/2121 2124/2124/2124 2122/2122/2122
f 2121/2121/2121 2123/2123/2123 2124/2124/2124
f 2123/2123/2123 2126/2126/2126 2124/2124/2124
f 2123/2123/2123 2125/2125/2125 2126/2126/2126
f 2125/2125/2125 2128/2128/2128 2126/2126/2126
f 2125/2125/2125 2127/2127/2127 2128/2128/2128
f 2127/2127/2127 2130/2130/2130 2128/2128/2128
f 2127/2127/2127 2129/2129/2129 2130/2130/2130
f 2129/2129/2129 2132/2132/2132 2130/2130/2130
f 2129/2129/2129 2131/2131/2131 2132/2132/2132
f 2131/2131/2131 2134/2134/2134 2132/2132/2132
f 2131/2131/2131 2133/2133/2133 2134/2134/2134
f 2133/2133/2133 2136/2136/2136 2134/2134/2134
f 2133/2133/2133 2135/2135/2135 2136/2136/2136
f 2135/2135/2135 2138/2138/2138 2136/2136/2136
f 2135/2135/2135 2137/2137/2137 2138/2138/2138
f 2139/2139/2139 2142/2142/2142 2140/2140/2140
f 2139/2139/2139 2141/2141/2141 2142/2142/2142
f 2141/2141/2141 2144/2144/2144 2142/2142/2142
f 2141/2141/2141 2143/2143/2143 2144/2144/2144
f 2143/2143/2143 2146/2146/2146 2144/2144/2144
f 2143/2143/2143 2145/2145/2145 2146/2146/2146
f 2145/2145/2145 2148/2148/2148 2146/2146/2146
f 2145/2145/2145 2147/2147/2147 2148/2148/2148
f 2147/2147/2147 2150/2150/2150 2148/2148/2148
f 2147/2147/2147 2149/2149/2149 2150/2150/2150
f 2149/2149/2149 2152/2152/2152 2150/2150/2150
f 2149/2149/2149 2151/2151/2151 2152/2152/2152
f 2151/2151/2151 2154/2154/2154 2152/2152/2152
f 2151/2151/2151 2153/2153/2153 2154/2154/2154
f 2153/2153/2153 2156/2156/2156 2154/2154/2154
f 2153/2153/2153 2155/2155/2155 2156/2156/2156
f 2155/2155/2155 2158/2158/2158 2156/2156/2156
f 2155/2155/2155 2157/2157/2157 2158/2158/2158
f 2157/2157/2157 2160/2160/2160 2158/2158/2158
f 2157/2157/2157 2159/2159/2159 2160/2160/2160
f 2159/2159/2159 2162/2162/2162 2160/2160/2160
f 2159/2159/2159 2161/2161/2161 2162/2162/2162
f 2161/2161/2161 2164/2164/2164 2162/2162/2162
f 2161/2161/2161 2163/2163/2163 2164/2164/2164
f 2163/2163/2163 2166/2166/2166 2164/2164/2164
f 2163/2163/2163 2165/2165/2165 2166/2166/2166
f 2165/2165/2165 2168/2168/2168 2166/2166/2166
f 2165/2165/2165 2167/2167/2167 2168/2168/2168
f 2167/2167/2167 2170/2170/2170 2168/2168/2168
f 2167/2167/2167 2169/2169/2169 2170/2170/2170
f 2169/2169/2169 2172/2172/2172 2170/2170/2170
f 2169/2169/2169 2171/2171/2171 2172/2172/2172
f 2171/2171/2171 2174/2174/2174 2172/2172/2172
f 2171/2171/2171 2173/2173/2173 2174/2174/2174
f 2173/2173/2173 2176/2176/2176 2174/2174/2174
f 2173/2173/2173 2175/2175/2175 2176/2176/2176
f 2175/2175/2175 2178/2178/2178 2176/2176/2176
f 2175/2175/2175 2177/2177/2177 2178/2178/2178
f 2177/2177/2177 2180/2180/2180 2178/2178/2178
f 2177/2177/2177 2179/2179/2179 2180/2180/2180
f 2179/2179/2179 2182/2182/2182 2180/2180/2180
f 2179/2179/2179 2181/2181/2181 2182/2182/2182
f 2181/2181/2181 2184/2184/2184 2182/2182/2182
f 2181/2181/2181 2183/2183/2183 2184/2184/2184
f 2183/2183/2183 2186/2186/2186 2184/2184/2184
f 2183/2183/2183 2185/2185/2185 2186/2186/2186
f 2185/2185/2185 2188/2188/2188 2186/2186/2186
f 2185/2185/2185 2187/2187/2187 2188/2188/2188
f 2189/2189/2189 2192/2192/2192 2190/2190/2190
f 2189/2189/2189 2191/2191/2191 2192/2192/2192
f 2191/2191/2191 2194/2194/2194 2192/2192/2192
f 2191/2191/2191 2193/2193/2193 2194/2194/2194
f 2193/2193/2193 2196/2196/2196 2194/2194/2194
f 2193/2193/2193 2195/2195/2195 2196/2196/2196
f 2195/2195/2195 2198/2198/2198 2196/2196/2196
f 2195/2195/2195 2197/2197/2197 2198/2198/2198
f 2197/2197/2197 2200/2200/2200 2198/2198/2198
f 2197/2197/2197 2199/2199/2199 2200/2200/2200
f 2199/2199/2199 2202/2202/2202 2200/2200/2200
f 2199/2199/2199 2201/2201/2201 2202/2202/2202
f 2201/2201/2201 2204/2204/2204 2202/2202/2202
f 2201/2201/2201 2203/2203/2203 2204/2204/2204
f 2203/2203/2203 2206/2206/2206 2204/2204/2204
f 2203/2203/2203 2205/2205/2205 2206/2206/2206
f 2205/2205/2205 2208/2208/2208 2206/2206/2206
f 2205/2205/2205 2207/2207/2207 2208/2208/2208
f 2207/2207/2207 2210/2210/2210 2208/2208/2208
f 2207/2207/2207 2209/2209/2209 2210/2210/2210
f 2209/2209/2209 2212/2212/2212 2210/2210/2210
f 2209/2209/2209 2211/2211/2211 2212/2212/2212
f 2211/2211/2211 2214/2214/2214 2212/2212/2212
f 2211/2211/2211 2213/2213/2213 2214/2214/2214
f 2213/2213/2213 2216/2216/2216 2214/2214/2214
f 2213/2213/2213 2215/2215/2215 2216/2216/2216
f 2215/2215/2215 2218/2218/2218 2216/2216/2216
f 2215/2215/2215 2217/2217/2217 2218/2218/2218
f 2217/2217/2217 2220/2220/2220 2218/2218/2218
f 2217/2217/2217 2219/2219/2219 2220/2220/2220
f 2219/2219/2219 2222/2222/2222 2220/2220/2220
f 2219/2219/2219 2221/2221/2221 2222/2222/2222
f 2221/2221/2221 2224/2224/2224 2222/2222/2222
f 2221/2221/2221 2223/2223/2223 2224/2224/2224
f 2223/2223/2223 2226/2226/2226 2224/2224/2224
f 2223/2223/2223 2225/2225/2225 2226/2226/2226
f 2225/2225/2225 2228/2228/2228 2226/2226/2226
f 2225/2225/2225 2227/2227/2227 2228/2228/2228
f 2227/2227/2227 2230/2230/2230 2228/2228/2228
f 2227/2227/2227 2229/2229/2229 2230/2230/2230
f 2229/2229/2229 2232/2232/2232 2230/2230/2230
f 2229/2229/2229 2231/2231/2231 2232/2232/2232
f 2231/2231/2231 2234/2234/2234 2232/2232/2232
f 2231/2231/2231 2233/2233/2233 2234/2234/2234
f 2233/2233/2233 2236/2236/2236 2234/2234/2234
f 2233/2233/2233 2235/2235/2235 2236/2236/2236
f 2235/2235/2235 2238/2238/2238 2236/2236/2236
f 2235/2235/2235 2237/2237/2237 2238/2238/2238
f 2237/2237/2237 2240/2240/2240 2238/2238/2238
f 2237/2237/2237 2239/2239/2239 2240/2240/2240
f 2239/2239/2239 2242/2242/2242 2240/2240/2240
f 2239/2239/2239 2241/2241/2241 2242/2242/2242
f 2241/2241/2241 2244/2244/2244 2242/2242/2242
f 2241/2241/2241 2243/2243/2243 2244/2244/2244
f 2243/2243/2243 2246/2246/2246 2244/2244/2244
f 2243/2243/2243 2245/2245/2245 2246/2246/2246
f 2245/2245/2245 2248/2248/2248 2246/2246/2246
f 2245/2245/2245 2247/2247/2247 2248/2248/2248
f 2247/2247/2247 2250/2250/2250 2248/2248/2248
f 2247/2247/2247 2249/2249/2249 2250/2250/2250
f 2249/2249/2249 2252/2252/2252 2250/2250/2250
f 2249/2249/2249 2251/2251/2251 2252/2252/2252
f 2251/2251/2251 2254/2254/2254 2252/2252/2252
f 2251/2251/2251 2253/2253/2253 2254/2254/2254
f 2253/2253/2253 2256/2256/2256 2254/2254/2254
f 2253/2253/2253 2255/2255/2255 2256/2256/2256
f 2255/2255/2255 2258/2258/2258 2256/2256/2256
f 2255/2255/2255 2257/2257/2257 2258/2258/2258
f 2257/2257/2257 2260/2260/2260 2258/2258/2258
f 2257/2257/2257 2259/2259/2259 2260/2260/2260
f 2259/2259/2259 2262/2262/2262 2260/2260/2260
f 2259/2259/2259 2261/2261/2261 2262/2262/2262
f 2261/2261/2261 2264/2264/2264 2262/2262/2262
f 2261/2261/2261 2263/2263/2263 2264/2264/2264
f 2263/2263/2263 2266/2266/2266 2264/2264/2264
f 2263/2263/2263 2265/2265/2265 2266/2266/2266
f 2265/2265/2265 2268/2268/2268 2266/2266/2266
f 2265/2265/2265 2267/2267/2267 2268/2268/2268
f 2267/2267/2267 2270/2270/2270 2268/2268/2268
f 2267/2267/2267 2269/2269/2269 2270/2270/2270
f 2269/2269/2269 2272/2272/2272 2270/2270/2270
f 2269/2269/2269 2271/2271/2271 2272/2272/2272
f 2271/2271/2271 2274/2274/2274 2272/2272/2272
f 2271/2271/2271 2273/2273/2273 2274/2274/2274
f 2275/2275/2275 2278/2278/2278 2276/2276/2276
f 2275/2275/2275 2277/2277/2277 2278/2278/2278
f 2277/2277/2277 2280/2280/2280 2278/2278/2278
f 2277/2277/2277 2279/2279/2279 2280/2280/2280
f 2279/2279/2279 2282/2282/2282 2280/2280/2280
f 2279/2279/2279 2281/2281/2281 2282/2282/2282
f 2283/2283/2283 2286/2286/2286 2284/2284/2284
f 2283/2283/2283 2285/2285/2285 2286/2286/2286
f 2285/2285/2285 2288/2288/2288 2286/2286/2286
f 2285/2285/2285 2287/2287/2287 2288/2288/2288
f 2287/2287/2287 2290/2290/2290 2288/2288/2288
f 2287/2287/2287 2289/2289/2289 2290/2290/2290
f 2289/2289/2289 2292/2292/2292 2290/2290/2290
f 2289/2289/2289 2291/2291/2291 2292/2292/2292
f 2291/2291/2291 2294/2294/2294 2292/2292/2292
f 2291/2291/2291 2293/2293/2293 2294/2294/2294
f 2293/2293/2293 2296/2296/2296 2294/2294/2294
f 2293/2293/2293 2295/2295/2295 2296/2296/2296
f 2295/2295/2295 2298/2298/2298 2296/2296/2296
f 2295/2295/2295 2297/2297/2297 2298/2298/2298
f 2297/2297/2297 2300/2300/2300 2298/2298/2298
f 2297/2297/2297 2299/2299/2299 2300/2300/2300
f 2299/2299/2299 2302/2302/2302 2300/2300/2300
f 2299/2299/2299 2301/2301/2301 2302/2302/2302
f 2301/2301/2301 2304/2304/2304 2302/2302/2302
f 2301/2301/2301 2303/2303/2303 2304/2304/2304
f 2303/2303/2303 2306/2306/2306 2304/2304/2304
f 2303/2303/2303 2305/2305/2305 2306/2306/2306
f 2305/2305/2305 2308/2308/2308 2306/2306/2306
f 2305/2305/2305 2307/2307/2307 2308/2308/2308
f 2307/2307/2307 2310/2310/2310 2308/2308/2308
f 2307/2307/2307 2309/2309/2309 2310/2310/2310
f 2309/2309/2309 2312/2312/2312 2310/2310/2310
f 2309/2309/2309 2311/2311/2311 2312/2312/2312
f 2313/2313/2313 2316/2316/2316 2314/2314/2314
f 2313/2313/2313 2315/2315/2315 2316/2316/2316
f 2315/2315/2315 2318/2318/2318 2316/2316/2316
f 2315/2315/2315 2317/2317/2317 2318/2318/2318
f 2317/2317/2317 2320/2320/2320 2318/2318/2318
f 2317/2317/2317 2319/2319/2319 2320/2320/2320
f 2319/2319/2319 2322/2322/2322 2320/2320/2320
f 2319/2319/2319 2321/2321/2321 2322/2322/2322
f 2321/2321/2321 2324/2324/2324 2322/2322/2322
f 2321/2321/2321 2323/2323/2323 2324/2324/2324
f 2323/2323/2323 2326/2326/2326 2324/2324/2324
f 2323/2323/2323 2325/2325/2325 2326/2326/2326
f 2325/2325/2325 2328/2328/2328 2326/2326/2326
f 2325/2325/2325 2327/2327/2327 2328/2328/2328
f 2327/2327/2327 2330/2330/2330 2328/2328/2328
f 2327/2327/2327 2329/2329/2329 2330/2330/2330
f 2329/2329/2329 2332/2332/2332 2330/2330/2330
f 2329/2329/2329 2331/2331/2331 2332/2332/2332
f 2331/2331/2331 2334/2334/2334 2332/2332/2332
f 2331/2331/2331 2333/2333/2333 2334/2334/2334
f 2333/2333/2333 2336/2336/2336 2334/2334/2334
f 2333/2333/2333 2335/2335/2335 2336/2336/2336
f 2335/2335/2335 2338/2338/2338 2336/2336/2336
f 2335/2335/2335 2337/2337/2337 2338/2338/2338
f 2337/2337/2337 2340/2340/2340 2338/2338/2338
f 2337/2337/2337 2339/2339/2339 2340/2340/2340
f 2339/2339/2339 2342/2342/2342 2340/2340/2340
f 2339/2339/2339 2341/2341/2341 2342/2342/2342
f 2341/2341/2341 2344/2344/2344 2342/2342/2342
f 2341/2341/2341 2343/2343/2343 2344/2344/2344
f 2343/2343/2343 2346/2346/2346 2344/2344/2344
f 2343/2343/2343 2345/2345/2345 2346/2346/2346
f 2345/2345/2345 2348/2348/2348 2346/2346/2346
f 2345/2345/2345 2347/2347/2347 2348/2348/2348
f 2347/2347/2347 2350/2350/2350 2348/2348/2348
f 2347/2347/2347 2349/2349/2349 2350/2350/2350
f 2349/2349/2349 2352/2352/2352 2350/2350/2350
f 2349/2349/2349 2351/2351/2351 2352/2352/2352
f 2351/2351/2351 2354/2354/2354 2352/2352/2352
f 2351/2351/2351 2353/2353/2353 2354/2354/2354
f 2353/2353/2353 2356/2356/2356 2354/2354/2354
f 2353/2353/2353 2355/2355/2355 2356/2356/2356
f 2355/2355/2355 2358/2358/2358 2356/2356/2356
f 2355/2355/2355 2357/2357/2357 2358/2358/2358
f 2357/2357/2357 2360/2360/2360 2358/2358/2358
f 2357/2357/2357 2359/2359/2359 2360/2360/2360
f 2359/2359/2359 2362/2362/2362 2360/2360/2360
f 2359/2359/2359 2361/2361/2361 2362/2362/2362
f 2361/2361/2361 2364/2364/2364 2362/2362/2362
f 2361/2361/2361 2363/2363/2363 2364/2364/2364
f 2363/2363/2363 2366/2366/2366 2364/2364/2364
f 2363/2363/2363 2365/2365/2365 2366/2366/2366
f 2365/2365/2365 2368/2368/2368 2366/2366/2366
f 2365/2365/2365 2367/2367/2367 2368/2368/2368
f 2367/2367/2367 2370/2370/2370 2368/2368/2368
f 2367/2367/2367 2369/2369/2369 2370/2370/2370
f 2369/2369/2369 2372/2372/2372 2370/2370/2370
f 2369/2369/2369 2371/2371/2371 2372/2372/2372
f 2371/2371/2371 2374/2374/2374 2372/2372/2372
f 2371/2371/2371 2373/2373/2373 2374/2374/2374
f 2373/2373/2373 2376/2376/2376 2374/2374/2374
f 2373/2373/2373 2375/2375/2375 2376/2376/2376
f 2377/2377/2377 2378/2378/2378 2379/2379/2379
f 2377/2377/2377 2379/2379/2379 2380/2380/2380
f 2377/2377/2377 2380/2380/2380 2381/2381/2381
f 2377/2377/2377 2381/2381/2381 2382/2382/2382
f 2377/2377/2377 2382/2382/2382 2383/2383/2383
f 2377/2377/2377 2383/2383/2383 2384/2384/2384
f 2377/2377/2377 2384/2384/2384 2385/2385/2385
f 2377/2377/2377 2385/2385/2385 2386/2386/2386
f 2377/2377/2377 2386/2386/2386 2387/2387/2387
f 2377/2377/2377 2387/2387/2387 2378/2378/2378
f 2388/2388/2388 2389/2389/2389 2390/2390/2390
f 2388/2388/2388 2390/2390/2390 2391/2391/2391
f 2388/2388/2388 2391/2391/2391 2392/2392/2392
f 2388/2388/2388 2392/2392/2392 2393/2393/2393
f 2388/2388/2388 2393/2393/2393 2394/2394/2394
f 2388/2388/2388 2394/2394/2394 2395/2395/2395
f 2388/2388/2388 2395/2395/2395 2396/2396/2396
f 2388/2388/2388 2396/2396/2396 2397/2397/2397
f 2388/2388/2388 2397/2397/2397 2398/2398/2398
f 2388/2388/2388 2398/2398/2398 2389/2389/2389
f 2399/2399/2399 2400/2400/2400 2401/2401/2401
f 2399/2399/2399 2401/2401/2401 2402/2402/2402
f 2399/2399/2399 2402/2402/2402 2403/2403/2403
f 2399/2399/2399 2403/2403/2403 2404/2404/2404
f 2399/2399/2399 2404/2404/2404 2405/2405/2405
f 2399/2399/2399 2405/2405/2405 2406/2406/2406
f 2399/2399/2399 2406/2406/2406 2407/2407/2407
f 2399/2399/2399 2407/2407/2407 2408/2408/2408
f 2399/2399/2399 2408/2408/2408 2409/2409/2409
f 2399/2399/2399 2409/2409/2409 2400/2400/2400
f 2410/2410/2410 2411/2411/2411 2412/2412/2412
f 2410/2410/2410 2412/2412/2412 2413/2413/2413
f 2410/2410/2410 2413/2413/2413 2414/2414/2414
f 2410/2410/2410 2414/2414/2414 2415/2415/2415
f 2410/2410/2410 2415/2415/2415 2416/2416/2416
f 2410/2410/2410 2416/2416/2416 2417/2417/2417
f 2410/2410/2410 2417/2417/2417 2418/2418/2418
f 2410/2410/2410 2418/2418/2418 2419/2419/2419
f 2410/2410/2410 2419/2419/2419 2420/2420/2420
f 2410/2410/2410 2420/2420/2420 2411/2411/2411
f 2421/2421/2421 2422/2422/2422 2423/2423/2423
f 2421/2421/2421 2423/2423/2423 2424/2424/2424
f 2421/2421/2421 2424/2424/2424 2425/2425/2425
f 2421/2421/2421 2425/2425/2425 2426/2426/2426
f 2421/2421/2421 2426/2426/2426 2427/2427/2427
f 2421/2421/2421 2427/2427/2427 2428/2428/2428
f 2421/2421/2421 2428/2428/2428 2429/2429/2429
f 2421/2421/2421 2429/2429/2429 2430/2430/2430
f 2421/2421/2421 2430/2430/2430 2431/2431/2431
f 2421/2421/2421 2431/2431/2431 2422/2422/2422
f 2432/2432/2432 2433/2433/2433 2434/2434/2434
f 2432/2432/2432 2434/2434/2434 2435/2435/2435
f 2432/2432/2432 2435/2435/2435 2436/2436/2436
f 2432/2432/2432 2436/2436/2436 2437/2437/2437
f 2432/2432/2432 2437/2437/2437 2438/2438/2438
f 2432/2432/2432 2438/2438/2438 2439/2439/2439
f 2432/2432/2432 2439/2439/2439 2440/2440/2440
f 2432/2432/2432 2440/2440/2440 2441/2441/2441
f 2432/2432/2432 2441/2441/2441 2442/2442/2442
f 2432/2432/2432 2442/2442/2442 2433/2433/2433
f 2443/2443/2443 2444/2444/2444 2445/2445/2445
f 2443/2443/2443 2445/2445/2445 2446/2446/2446
f 2443/2443/2443 2446/2446/2446 2447/2447/2447
f 2443/2443/2443 2447/2447/2447 2448/2448/2448
f 2443/2443/2443 2448/2448/2448 2449/2449/2449
f 2443/2443/2443 2449/2449/2449 2450/2450/2450
f 2443/2443/2443 2450/2450/2450 2451/2451/2451
f 2443/2443/2443 2451/2451/2451 2452/2452/2452
f 2443/2443/2443 2452/2452/2452 2453/2453/2453
f 2443/2443/2443 2453/2453/2453 2444/2444/2444
f 2454/2454/2454 2455/2455/2455 2456/2456/2456
f 2454/2454/2454 2456/2456/2456 2457/2457/2457
f 2454/2454/2454 2457/2457/2457 2458/2458/2458
f 2454/2454/2454 2458/2458/2458 2459/2459/2459
f 2454/2454/2454 2459/2459/2459 2460/2460/2460
f 2454/2454/2454 2460/2460/2460 2461/2461/2461
f 2454/2454/2454 2461/2461/2461 2462/2462/2462
f 2454/2454/2454 2462/2462/2462 2463/2463/2463
f 2454/2454/2454 2463/2463/2463 2464/2464/2464
f 2454/2454/2454 2464/2464/2464 2455/2455/2455
f 2465/2465/2465 2466/2466/2466 2467/2467/2467
f 2465/2465/2465 2467/2467/2467 2468/2468/2468
f 2465/2465/2465 2468/2468/2468 2469/2469/2469
f 2465/2465/2465 2469/2469/2469 2470/2470/2470
f 2465/2465/2465 2470/2470/2470 2471/2471/2471
f 2465/2465/2465 2471/2471/2471 2472/2472/2472
f 2465/2465/2465 2472/2472/2472 2473/2473/2473
f 2465/2465/2465 2473/2473/2473 2474/2474/2474
f 2465/2465/2465 2474/2474/2474 2475/2475/2475
f 2465/2465/2465 2475/2475/2475 2466/2466/2466
f 2476/2476/2476 2477/2477/2477 2478/2478/2478
f 2476/2476/2476 2478/2478/2478 2479/2479/2479
f 2476/2476/2476 2479/2479/2479 2480/2480/2480
f 2476/2476/2476 2480/2480/2480 2481/2481/2481
f 2476/2476/2476 2481/2481/2481 2482/2482/2482
f 2476/2476/2476 2482/2482/2482 2483/2483/2483
f 2476/2476/2476 2483/2483/2483 2484/2484/2484
f 2476/2476/2476 2484/2484/2484 2485/2485/2485
f 2476/2476/2476 2485/2485/2485 2486/2486/2486
f 2476/2476/2476 2486/2486/2486 2477/2477/2477
f 2487/2487/2487 2488/2488/2488 2489/2489/2489
f 2487/2487/2487 2489/2489/2489 2490/2490/2490
f 2487/2487/2487 2490/2490/2490 2491/2491/2491
f 2487/2487/2487 2491/2491/2491 2492/2492/2492
f 2487/2487/2487 2492/2492/2492 2493/2493/2493
f 2487/2487/2487 2493/2493/2493 2494/2494/2494
f 2487/2487/2487 2494/2494/2494 2495/2495/2495
f 2487/2487/2487 2495/2495/2495 2496/2496/2496
f 2487/2487/2487 2496/2496/2496 2497/2497/2497
f 2487/2487/2487 2497/2497/2497 2488/2488/2488
f 2498/2498/2498 2499/2499/2499 2500/2500/2500
f 2498/2498/2498 2500/2500/2500 2501/2501/2501
f 2498/2498/2498 2501/2501/2501 2502/2502/2502
f 2498/2498/2498 2502/2502/2502 2503/2503/2503
f 2498/2498/2498 2503/2503/2503 2504/2504/2504
f 2498/2498/2498 2504/2504/2504 2505/2505/2505
f 2498/2498/2498 2505/2505/2505 2506/2506/2506
f 2498/2498/2498 2506/2506/2506 2507/2507/2507
f 2498/2498/2498 2507/2507/2507 2508/2508/2508
f 2498/2498/2498 2508/2508/2508 2499/2499/2499
f 2509/2509/2509 2510/2510/2510 2511/2511/2511
f 2509/2509/2509 2511/2511/2511 2512/2512/2512
f 2509/2509/2509 2512/2512/2512 2513/2513/2513
f 2509/2509/2509 2513/2513/2513 2514/2514/2514
f 2509/2509/2509 2514/2514/2514 2515/2515/2515
f 2509/2509/2509 2515/2515/2515 2516/2516/2516
f 2509/2509/2509 2516/2516/2516 2517/2517/2517
f 2509/2509/2509 2517/2517/2517 2518/2518/2518
f 2509/2509/2509 2518/2518/2518 2519/2519/2519
f 2509/2509/2509 2519/2519/2519 2510/2510/2510
f 2520/2520/2520 2521/2521/2521 2522/2522/2522
f 2520/2520/2520 2522/2522/2522 2523/2523/2523
f 2520/2520/2520 2523/2523/2523 2524/2524/2524
f 2520/2520/2520 2524/2524/2524 2525/2525/2525
f 2520/2520/2520 2525/2525/2525 2526/2526/2526
f 2520/2520/2520 2526/2526/2526 2527/2527/2527
f 2520/2520/2520 2527/2527/2527 2528/2528/2528
f 2520/2520/2520 2528/2528/2528 2529/2529/2529
f 2520/2520/2520 2529/2529/2529 2530/2530/2530
f 2520/2520/2520 2530/2530/2530 2521/2521/2521
f 2531/2531/2531 2532/2532/2532 2533/2533/2533
f 2531/2531/2531 2533/2533/2533 2534/2534/2534
f 2531/2531/2531 2534/2534/2534 2535/2535/2535
f 2531/2531/2531 2535/2535/2535 2536/2536/2536
f 2531/2531/2531 2536/2536/2536 2537/2537/2537
f 2531/2531/2531 2537/2537/2537 2538/2538/2538
f 2531/2531/2531 2538/2538/2538 2539/2539/2539
f 2531/2531/2531 2539/2539/2539 2540/2540/2540
f 2531/2531/2531 2540/2540/2540 2541/2541/2541
f 2531/2531/2531 2541/2541/2541 2532/2532/2532
f 2542/2542/2542 2543/2543/2543 2544/2544/2544
f 2542/2542/2542 2544/2544/2544 2545/2545/2545
f 2542/2542/2542 2545/2545/2545 2546/2546/2546
f 2542/2542/2542 2546/2546/2546 2547/2547/2547
f 2542/2542/2542 2547/2547/2547 2548/2548/2548
f 2542/2542/2542 2548/2548/2548 2549/2549/2549
f 2542/2542/2542 2549/2549/2549 2550/2550/2550
f 2542/2542/2542 2550/2550/2550 2551/2551/2551
f 2542/2542/2542 2551/2551/2551 2552/2552/2552
f 2542/2542/2542 2552/2552/2552 2543/2543/2543
f 2553/2553/2553 2554/2554/2554 2555/2555/2555
f 2553/2553/2553 2555/2555/2555 2556/2556/2556
f 2553/2553/2553 2556/2556/2556 2557/2557/2557
f 2553/2553/2553 2557/2557/2557 2558/2558/2558
f 2553/2553/2553 2558/2558/2558 2559/2559/2559
f 2553/2553/2553 2559/2559/2559 2560/2560/2560
f 2553/2553/2553 2560/2560/2560 2561/2561/2561
f 2553/2553/2553 2561/2561/2561 2562/2562/2562
f 2553/2553/2553 2562/2562/2562 2563/2563/2563
f 2553/2553/2553 2563/2563/2563 2554/2554/2554
f 2564/2564/2564 2565/2565/2565 2566/2566/2566
f 2564/2564/2564 2566/2566/2566 2567/2567/2567
f 2564/2564/2564 2567/2567/2567 2568/2568/2568
f 2564/2564/2564 2568/2568/2568 2569/2569/2569
f 2564/2564/2564 2569/2569/2569 2570/2570/2570
f 2564/2564/2564 2570/2570/2570 2571/2571/2571
f 2564/2564/2564 2571/2571/2571 2572/2572/2572
f 2564/2564/2564 2572/2572/2572 2573/2573/2573
f 2564/2564/2564 2573/2573/2573 2574/2574/2574
f 2564/2564/2564 2574/2574/2574 2565/2565/2565
f 2575/2575/2575 2576/2576/2576 2577/2577/2577
f 2575/2575/2575 2577/2577/2577 2578/2578/2578
f 2575/2575/2575 2578/2578/2578 2579/2579/2579
f 2575/2575/2575 2579/2579/2579 2580/2580/2580
f 2575/2575/2575 2580/2580/2580 2581/2581/2581
f 2575/2575/2575 2581/2581/2581 2582/2582/2582
f 2575/2575/2575 2582/2582/2582 2583/2583/2583
f 2575/2575/2575 2583/2583/2583 2584/2584/2584
f 2575/2575/2575 2584/2584/2584 2585/2585/2585
f 2575/2575/2575 2585/2585/2585 2576/2576/2576
f 2586/2586/2586 2587/2587/2587 2588/2588/2588
f 2586/2586/2586 2588/2588/2588 2589/2589/2589
f 2586/2586/2586 2589/2589/2589 2590/2590/2590
f 2586/2586/2586 2590/2590/2590 2591/2591/2591
f 2586/2586/2586 2591/2591/2591 2592/2592/2592
f 2586/2586/2586 2592/2592/2592 2593/2593/2593
f 2586/2586/2586 2593/2593/2593 2594/2594/2594
f 2586/2586/2586 2594/2594/2594 2595/2595/2595
f 2586/2586/2586 2595/2595/2595 2596/2596/2596
f 2586/2586/2586 2596/2596/2596 2587/2587/2587
f 2597/2597/2597 2598/2598/2598 2599/2599/2599
f 2597/2597/2597 2599/2599/2599 2600/2600/2600
f 2597/2597/2597 2600/2600/2600 2601/2601/2601
f 2597/2597/2597 2601/2601/2601 2602/2602/2602
f 2597/2597/2597 2602/2602/2602 2603/2603/2603
f 2597/2597/2597 2603/2603/2603 2604/2604/2604
f 2597/2597/2597 2604/2604/2604 2605/2605/2605
f 2597/2597/2597 2605/2605/2605 2606/2606/2606
f 2597/2597/2597 2606/2606/2606 2607/2607/2607
f 2597/2597/2597 2607/2607/2607 2598/2598/2598
f 2608/2608/2608 2609/2609/2609 2610/2610/2610
f 2608/2608/2608 2610/2610/2610 2611/2611/2611
f 2608/2608/2608 2611/2611/2611 2612/2612/2612
f 2608/2608/2608 2612/2612/2612 2613/2613/2613
f 2608/2608/2608 2613/2613/2613 2614/2614/2614
f 2608/2608/2608 2614/2614/2614 2615/2615/2615
f 2608/2608/2608 2615/2615/2615 2616/2616/2616
f 2608/2608/2608 2616/2616/2616 2617/2617/2617
f 2608/2608/2608 2617/2617/2617 2618/2618/2618
f 2608/2608/2608 2618/2618/2618 2609/2609/2609
f 2619/2619/2619 2620/2620/2620 2621/2621/2621
f 2619/2619/2619 2621/2621/2621 2622/2622/2622
f 2619/2619/2619 2622/2622/2622 2623/2623/2623
f 2619/2619/2619 2623/2623/2623 2624/2624/2624
f 2619/2619/2619 2624/2624/2624 2625/2625/2625
f 2619/2619/2619 2625/2625/2625 2626/2626/2626
f 2619/2619/2619 2626/2626/2626 2627/2627/2627
f 2619/2619/2619 2627/2627/2627 2628/2628/2628
f 2619/2619/2619 2628/2628/2628 2629/2629/2629
f 2619/2619/2619 2629/2629/2629 2620/2620/2620
f 2630/2630/2630 2631/2631/2631 2632/2632/2632
f 2630/2630/2630 2632/2632/2632 2633/2633/2633
f 2630/2630/2630 2633/2633/2633 2634/2634/2634
f 2630/2630/2630 2634/2634/2634 2635/2635/2635
f 2630/2630/2630 2635/2635/2635 2636/2636/2636
f 2630/2630/2630 2636/2636/2636 2637/2637/2637
f 2630/2630/2630 2637/2637/2637 2638/2638/2638
f 2630/2630/2630 2638/2638/2638 2639/2639/2639
f 2630/2630/2630 2639/2639/2639 2640/2640/2640
f 2630/2630/2630 2640/2640/2640 2631/2631/2631
f 2641/2641/2641 2642/2642/2642 2643/2643/2643
f 2641/2641/2641 2643/2643/2643 2644/2644/2644
f 2641/2641/2641 2644/2644/2644 2645/2645/2645
f 2641/2641/2641 2645/2645/2645 2646/2646/2646
f 2641/2641/2641 2646/2646/2646 2647/2647/2647
f 2641/2641/2641 2647/2647/2647 2648/2648/2648
f 2641/2641/2641 2648/2648/2648 2649/2649/2649
f 2641/2641/2641 2649/2649/2649 2650/2650/2650
f 2641/2641/2641 2650/2650/2650 2651/2651/2651
f 2641/2641/2641 2651/2651/2651 2642/2642/2642
f 2652/2652/2652 2653/2653/2653 2654/2654/2654
f 2652/2652/2652 2654/2654/2654 2655/2655/2655
f 2652/2652/2652 2655/2655/2655 2656/2656/2656
f 2652/2652/2652 2656/2656/2656 2657/2657/2657
f 2652/2652/2652 2657/2657/2657 2658/2658/2658
f 2652/2652/2652 2658/2658/2658 2659/2659/2659
f 2652/2652/2652 2659/2659/2659 2660/2660/2660
f 2652/2652/2652 2660/2660/2660 2661/2661/2661
f 2652/2652/2652 2661/2661/2661 2662/2662/2662
f 2652/2652/2652 2662/2662/2662 2653/2653/2653
f 2663/2663/2663 2664/2664/2664 2665/2665/2665
f 2663/2663/2663 2665/2665/2665 2666/2666/2666
f 2663/2663/2663 2666/2666/2666 2667/2667/2667
f 2663/2663/2663 2667/2667/2667 2668/2668/2668
f 2663/2663/2663 2668/2668/2668 2669/2669/2669
f 2663/2663/2663 2669/2669/2669 2670/2670/2670
f 2663/2663/2663 2670/2670/2670 2671/2671/2671
f 2663/2663/2663 2671/2671/2671 2672/2672/2672
f 2663/2663/2663 2672/2672/2672 2673/2673/2673
f 2663/2663/2663 2673/2673/2673 2664/2664/2664
f 2674/2674/2674 2675/2675/2675 2676/2676/2676
f 2674/2674/2674 2676/2676/2676 2677/2677/2677
f 2674/2674/2674 2677/2677/2677 2678/2678/2678
f 2674/2674/2674 2678/2678/2678 2679/2679/2679
f 2674/2674/2674 2679/2679/2679 2680/2680/2680
f 2674/2674/2674 2680/2680/2680 2681/2681/2681
f 2674/2674/2674 2681/2681/2681 2682/2682/2682
f 2674/2674/2674 2682/2682/2682 2683/2683/2683
f 2674/2674/2674 2683/2683/2683 2684/2684/2684
f 2674/2674/2674 2684/2684/2684 2675/2675/2675
f 2685/2685/2685 2686/2686/2686 2687/2687/2687
f 2685/2685/2685 2687/2687/2687 2688/2688/2688
f 2685/2685/2685 2688/2688/2688 2689/2689/2689
f 2685/2685/2685 2689/2689/2689 2690/2690/2690
f 2685/2685/2685 2690/2690/2690 2691/2691/2691
f 2685/2685/2685 2691/2691/2691 2692/2692/2692
f 2685/2685/2685 2692/2692/2692 2693/2693/2693
f 2685/2685/2685 2693/2693/2693 2694/2694/2694
f 2685/2685/2685 2694/2694/2694 2695/2695/2695
f 2685/2685/2685 2695/2695/2695 2686/2686/2686
f 2696/2696/2696 2697/2697/2697 2698/2698/2698
f 2696/2696/2696 2698/2698/2698 2699/2699/2699
f 2696/2696/2696 2699/2699/2699 2700/2700/2700
f 2696/2696/2696 2700/2700/2700 2701/2701/2701
f 2696/2696/2696 2701/2701/2701 2702/2702/2702
f 2696/2696/2696 2702/2702/2702 2703/2703/2703
f 2696/2696/2696 2703/2703/2703 2704/2704/2704
f 2696/2696/2696 2704/2704/2704 2705/2705/2705
f 2696/2696/2696 2705/2705/2705 2706/2706/2706
f 2696/2696/2696 2706/2706/2706 2697/2697/2697
f 2707/2707/2707 2708/2708/2708 2709/2709/2709
f 2707/2707/2707 2709/2709/2709 2710/2710/2710
f 2707/2707/2707 2710/2710/2710 2711/2711/2711
f 2707/2707/2707 2711/2711/2711 2712/2712/2712
f 2707/2707/2707 2712/2712/2712 2713/2713/2713
f 2707/2707/2707 2713/2713/2713 2714/2714/2714
f 2707/2707/2707 2714/2714/2714 2715/2715/2715
f 2707/2707/2707 2715/2715/2715 2716/2716/2716
f 2707/2707/2707 2716/2716/2716 2717/2717/2717
f 2707/2707/2707 2717/2717/2717 2708/2708/2708
f 2718/2718/2718 2719/2719/2719 2720/2720/2720
f 2718/2718/2718 2720/2720/2720 2721/2721/2721
f 2718/2718/2718 2721/2721/2721 2722/2722/2722
f 2718/2718/2718 2722/2722/2722 2723/2723/2723
f 2718/2718/2718 2723/2723/2723 2724/2724/2724
f 2718/2718/2718 2724/2724/2724 2725/2725/2725
f 2718/2718/2718 2725/2725/2725 2726/2726/2726
f 2718/2718/2718 2726/2726/2726 2727/2727/2727
f 2718/2718/2718 2727/2727/2727 2728/2728/2728
f 2718/2718/2718 2728/2728/2728 2719/2719/2719
f 2729/2729/2729 2730/2730/2730 2731/2731/2731
f 2729/2729/2729 2731/2731/2731 2732/2732/2732
f 2729/2729/2729 2732/2732/2732 2733/2733/2733
f 2729/2729/2729 2733/2733/2733 2734/2734/2734
f 2729/2729/2729 2734/2734/2734 2735/2735/2735
f 2729/2729/2729 2735/2735/2735 2736/2736/2736
f 2729/2729/2729 2736/2736/2736 2737/2737/2737
f 2729/2729/2729 2737/2737/2737 2738/2738/2738
f 2729/2729/2729 2738/2738/2738 2739/2739/2739
f 2729/2729/2729 2739/2739/2739 2730/2730/2730
f 2740/2740/2740 2741/2741/2741 2742/2742/2742
f 2740/2740/2740 2742/2742/2742 2743/2743/2743
f 2740/2740/2740 2743/2743/2743 2744/2744/2744
f 2740/2740/2740 2744/2744/2744 2745/2745/2745
f 2740/2740/2740 2745/2745/2745 2746/2746/2746
f 2740/2740/2740 2746/2746/2746 2747/2747/2747
f 2740/2740/2740 2747/2747/2747 2748/2748/2748
f 2740/2740/2740 2748/2748/2748 2749/2749/2749
f 2740/2740/2740 2749/2749/2749 2750/2750/2750
f 2740/2740/2740 2750/2750/2750 2741/2741/2741
f 2751/2751/2751 2752/2752/2752 2753/2753/2753
f 2751/2751/2751 2753/2753/2753 2754/2754/2754
f 2751/2751/2751 2754/2754/2754 2755/2755/2755
f 2751/2751/2751 2755/2755/2755 2756/2756/2756
f 2751/2751/2751 2756/2756/2756 2757/2757/2757
f 2751/2751/2751 2757/2757/2757 2758/2758/2758
f 2751/2751/2751 2758/2758/2758 2759/2759/2759
f 2751/2751/2751 2759/2759/2759 2760/2760/2760
f 2751/2751/2751 2760/2760/2760 2761/2761/2761
f 2751/2751/2751 2761/2761/2761 2752/2752/2752
f 2762/2762/2762 2763/2763/2763 2764/2764/2764
f 2762/2762/2762 2764/2764/2764 2765/2765/2765
f 2762/2762/2762 2765/2765/2765 2766/2766/2766
f 2762/2762/2762 2766/2766/2766 2767/2767/2767
f 2762/2762/2762 2767/2767/2767 2768/2768/2768
f 2762/2762/2762 2768/2768/2768 2769/2769/2769
f 2762/2762/2762 2769/2769/2769 2770/2770/2770
f 2762/2762/2762 2770/2770/2770 2771/2771/2771
f 2762/2762/2762 2771/2771/2771 2772/2772/2772
f 2762/2762/2762 2772/2772/2772 2763/2763/2763
f 2773/2773/2773 2774/2774/2774 2775/2775/2775
f 2773/2773/2773 2775/2775/2775 2776/2776/2776
f 2773/2773/2773 2776/2776/2776 2777/2777/2777
f 2773/2773/2773 2777/2777/2777 2778/2778/2778
f 2773/2773/2773 2778/2778/2778 2779/2779/2779
f 2773/2773/2773 2779/2779/2779 2780/2780/2780
f 2773/2773/2773 2780/2780/2780 2781/2781/2781
f 2773/2773/2773 2781/2781/2781 2782/2782/2782
f 2773/2773/2773 2782/2782/2782 2783/2783/2783
f 2773/2773/2773 2783/2783/2783 2774/2774/2774
f 2784/2784/2784 2785/2785/2785 2786/2786/2786
f 2784/2784/2784 2786/2786/2786 2787/2787/2787
f 2784/2784/2784 2787/2787/2787 2788/2788/2788
f 2784/2784/2784 2788/2788/2788 2789/2789/2789
f 2784/2784/2784 2789/2789/2789 2790/2790/2790
f 2784/2784/2784 2790/2790/2790 2791/2791/2791
f 2784/2784/2784 2791/2791/2791 2792/2792/2792
f 2784/2784/2784 2792/2792/2792 2793/2793/2793
f 2784/2784/2784 2793/2793/2793 2794/2794/2794
f 2784/2784/2784 2794/2794/2794 2785/2785/2785
f 2795/2795/2795 2796/2796/2796 2797/2797/2797
f 2795/2795/2795 2797/2797/2797 2798/2798/2798
f 2795/2795/2795 2798/2798/2798 2799/2799/2799
f 2795/2795/2795 2799/2799/2799 2800/2800/2800
f 2795/2795/2795 2800/2800/2800 2801/2801/2801
f 2795/2795/2795 2801/2801/2801 2802/2802/2802
f 2795/2795/2795 2802/2802/2802 2803/2803/2803
f 2795/2795/2795 2803/2803/2803 2804/2804/2804
f 2795/2795/2795 2804/2804/2804 2805/2805/2805
f 2795/2795/2795 2805/2805/2805 2796/2796/2796
f 2806/2806/2806 2807/2807/2807 2808/2808/2808
f 2806/2806/2806 2808/2808/2808 2809/2809/2809
f 2806/2806/2806 2809/2809/2809 2810/2810/2810
f 2806/2806/2806 2810/2810/2810 2811/2811/2811
f 2806/2806/2806 2811/2811/2811 2812/2812/2812
f 2806/2806/2806 2812/2812/2812 2813/2813/2813
f 2806/2806/2806 2813/2813/2813 2814/2814/2814
f 2806/2806/2806 2814/2814/2814 2815/2815/2815
f 2806/2806/2806 2815/2815/2815 2816/2816/2816
f 2806/2806/2806 2816/2816/2816 2807/2807/2807
