# https://github.com/mikedh/trimesh
mtllib HandCannon_Shotgun_Quaternius.mtl

o Weapon_DoubleShotgun
usemtl Atlas
v -0.02761364 -0.00265866 0.13213474
v 0.04049403 0.05574953 0.11742519
v 0.00303237 0.08113766 0.12295096
v -0.05398779 -0.09713459 0.14649843
v 0.02313179 -0.01684422 0.12332577
v -0.10310034 -0.05267179 0.13189519
v -0.07835908 0.01152690 0.12332577
v -0.12064695 0.02334820 0.09689882
v -0.12410213 0.01569496 0.09769292
v -0.06822709 0.12583781 0.08927191
v -0.03467390 0.10591696 0.11381539
v 0.03602160 0.14926125 0.13339320
v 0.00364678 0.18346899 0.11891628
v 0.06868289 0.11455683 0.12956041
v 0.10085809 0.08640367 0.10277452
v 0.00510654 -0.10884886 0.13673187
v 0.07568485 0.03549243 0.09372333
v -0.01912383 0.21182943 0.09000178
v 0.12070688 0.15380857 0.14529175
v 0.09453177 0.19615865 0.15100775
v 0.08389895 -0.12446787 0.05859939
v 0.09924992 -0.03812259 -0.00000002
v 0.09079236 -0.03575832 0.05286720
v 0.08389895 -0.12446787 -0.05859940
v 0.09079236 -0.03575833 -0.05286723
v 0.09374800 -0.12642025 -0.00000000
v 0.05435174 -0.11861072 0.10743222
v 0.06537104 -0.02868685 0.09690366
v 0.10136762 0.02503096 0.05076630
v 0.51176026 0.11793966 0.05992669
v 0.24729322 0.12134242 0.06038531
v 0.45937509 0.10422886 0.04286641
v 0.21993134 0.09648347 0.04441260
v 0.25331476 0.10420763 0.04337100
v 0.12862970 0.07251068 0.05447909
v 0.03112473 0.28039855 0.09694070
v 0.05315948 0.29506411 0.05543577
v 0.03163772 0.30053481 0.04919788
v 0.05262275 0.27425177 0.10478144
v 0.05062208 0.30203019 -0.00000007
v 0.02921254 0.30727463 -0.00000007
v 0.03163772 0.30053482 -0.04919803
v 0.06841471 0.23860195 0.13624623
v 0.12070688 0.15380857 0.14529175
v 0.16420574 0.21904029 0.16276665
v 0.14721273 0.27458201 0.15176903
v 0.05262275 0.27425177 0.10478144
v 0.18020156 0.17174493 0.15473723
v 0.13474057 0.32089035 0.11923025
v 0.13474057 0.32089035 0.11923025
v 0.19035320 0.38031980 0.06424467
v 0.12869081 0.34659351 0.06424423
v 0.19892384 0.35514910 0.11955287
v 0.18756813 0.38874990 -0.00000009
v 0.12674382 0.35518266 -0.00000008
v 0.05315948 0.29506411 0.05543577
v 0.05262275 0.27425177 0.10478144
v -0.13448119 0.03764477 0.08931413
v -0.13857309 0.02555612 0.09129663
v -0.12410213 0.01569496 0.09769292
v -0.06822709 0.12583781 0.08927191
v -0.08437988 0.13680532 0.08193496
v -0.12064695 0.02334820 0.09689882
v -0.05419907 -0.10548761 0.15696707
v 0.00911805 -0.11803896 0.14650262
v 0.00510654 -0.10884886 0.13673187
v -0.05398779 -0.09713459 0.14649843
v 0.06188233 -0.12849843 0.11510923
v 0.05435174 -0.11861072 0.10743222
v 0.24449939 0.24060420 0.14772273
v 0.21777546 0.30097986 0.15280126
v 0.23778358 0.23545571 0.16391049
v 0.22728257 0.29992135 0.13756573
v 0.19892384 0.35514910 0.11955287
v 0.24715718 0.24713105 0.11550594
v 0.23128011 0.30263611 0.10741205
v 0.21083562 0.34814481 0.10741204
v 0.21853184 0.33658137 0.09101269
v 0.20383743 0.37118180 0.05757913
v 0.19035320 0.38031980 0.06424467
v 0.25001680 0.24723164 0.06202282
v 0.23355046 0.30494176 0.05757914
v 0.14768315 0.12002920 0.11352607
v 0.17249151 0.10249656 0.05898506
v 0.14760569 0.06107274 0.04011193
v 0.18513434 0.08726707 0.04292062
v 0.12862970 0.07251068 0.05447909
v 0.21036936 0.11274535 0.06166924
v 0.17249151 0.10249656 0.05898506
v 0.19746923 0.13426074 0.11937408
v 0.18020156 0.17174493 0.15473723
v 0.21036936 0.11274535 0.06166924
v -0.03744847 0.22000377 0.08264113
v -0.01912383 0.21182943 0.09000178
v 0.05262275 0.27425177 0.10478144
v 0.03112473 0.28039855 0.09694070
v 0.21620505 0.34948240 0.05313544
v 0.25260015 0.24283102 -0.00000006
v 0.23372332 0.30769962 -0.00000007
v 0.25001680 0.24723159 -0.06202295
v 0.23355046 0.30494177 -0.05757928
v 0.21620505 0.34948241 -0.05313560
v 0.21508362 0.35585733 -0.00000008
v 0.20383743 0.37118180 -0.05757930
v 0.20179215 0.37902019 -0.00000009
v 0.63220738 0.24523974 0.14772273
v 0.44792602 0.23049334 0.11550594
v 0.44315513 0.23900449 0.14772273
v 0.63699977 0.23685358 0.11550594
v 0.25001680 0.24723164 0.06202282
v 0.24715718 0.24713105 0.11550594
v 0.24449939 0.24060420 0.14772273
v 0.62367092 0.24303011 0.16391049
v 0.45079091 0.22775151 0.06202283
v 0.25260015 0.24283102 -0.00000006
v 0.63988664 0.22560020 0.06202283
v 0.45182202 0.24125273 -0.00000006
v 0.43474296 0.23686452 0.16391049
v 0.64085359 0.24747779 -0.00000006
v 0.63988664 0.22560016 -0.06202296
v 0.45079091 0.22775149 -0.06202296
v 0.64085359 0.24747779 -0.00000006
v 0.51554772 0.13703274 0.11667524
v 0.51176026 0.11793966 0.05992669
v 0.58478569 0.11313263 0.06178952
v 0.61601107 0.17023801 0.15280128
v 0.49456237 0.17415429 0.15280126
v 0.24729322 0.12134242 0.06038531
v 0.59613911 0.13425227 0.11738950
v 0.23792225 0.14321601 0.11765401
v 0.49456237 0.17415429 0.15280126
v 0.62367092 0.24303011 0.16391049
v 0.43474296 0.23686452 0.16391049
v 0.61601107 0.17023801 0.15280128
v 0.23192228 0.18262355 0.15280126
v 0.58184881 0.10692318 -0.00000004
v 0.51186052 0.11259353 -0.00000004
v 0.51176026 0.11793966 -0.05992677
v 0.58478569 0.11313262 -0.06178960
v 0.05315948 0.29506411 -0.05543591
v 0.05062208 0.30203019 -0.00000007
v 0.12869081 0.34659352 -0.06424440
v 0.18756813 0.38874990 -0.00000009
v 0.45937509 0.10422886 0.04286641
v 0.37924063 0.10544658 0.02863906
v 0.46058539 0.09904639 -0.00000004
v 0.51186052 0.11259353 -0.00000004
v 0.45937509 0.10422885 -0.04286650
v 0.51176026 0.11793966 -0.05992677
v 0.38142418 0.10173206 -0.00000004
v 0.37924063 0.10544657 -0.02863914
v 0.19035320 0.38031980 -0.06424484
v 0.23192228 0.18262355 0.15280126
v 0.23792225 0.14321601 0.11765401
v 0.12077332 0.01775797 0.03791184
v 0.10136762 0.02503096 0.05076630
v 0.09079236 -0.03575832 0.05286720
v 0.11114363 -0.01573058 0.03861193
v 0.21777546 0.30097986 0.15280126
v 0.23778358 0.23545571 0.16391049
v 0.19892384 0.35514910 0.11955287
v 0.61601107 0.17023801 0.15280128
v 0.63220738 0.24523974 0.14772273
v 0.62367092 0.24303011 0.16391049
v 0.62302807 0.16764254 0.13756573
v 0.63699977 0.23685358 0.11550594
v 0.62654829 0.16566005 0.10741205
v 0.63988664 0.22560020 0.06202283
v 0.60658036 0.13962879 0.10642708
v 0.61552203 0.14921876 0.09063559
v 0.62302807 0.16764254 0.13756573
v 0.59613911 0.13425227 0.11738950
v 0.58478569 0.11313263 0.06178952
v 0.61601107 0.17023801 0.15280128
v 0.59614950 0.12061775 0.05609496
v 0.61069480 0.13848423 0.05264344
v 0.62925993 0.16367708 -0.00000005
v 0.62860064 0.16424369 0.05757914
v 0.60823676 0.13315950 -0.00000005
v 0.63988664 0.22560016 -0.06202296
v 0.64085359 0.24747779 -0.00000006
v 0.61069480 0.13848421 -0.05264353
v 0.62860064 0.16424366 -0.05757924
v 0.59614950 0.12061774 -0.05609504
v 0.59314286 0.11450945 -0.00000004
v 0.58184881 0.10692318 -0.00000004
v 0.58478569 0.11313262 -0.06178960
v 0.11114363 -0.01573058 0.03861193
v 0.13049846 0.01551869 -0.00000003
v 0.12077332 0.01775797 0.03791184
v 0.09924992 -0.03812259 -0.00000002
v 0.11861169 -0.01829628 -0.00000002
v 0.11114363 -0.01573060 -0.03861197
v 0.09079236 -0.03575832 0.05286720
v 0.25001680 0.24723159 -0.06202295
v 0.23778358 0.23545571 0.16391049
v 0.13039395 0.02366488 -0.02553913
v 0.13547696 0.02323515 -0.00000003
v 0.12077332 0.01775796 -0.03791189
v 0.13039395 0.02366489 0.02553907
v 0.15168095 0.05415215 0.02655329
v 0.14760569 0.06107274 0.04011193
v 0.17470169 0.02268650 0.02596030
v 0.13039395 0.02366489 0.02553907
v 0.16835952 0.00348019 0.02560722
v 0.15168095 0.05415215 0.02655329
v 0.20776733 0.00164479 0.02571500
v 0.15905609 0.05827761 -0.00000003
v 0.18513434 0.08726706 -0.04292070
v 0.19189429 0.08221020 -0.00000004
v 0.18513434 0.08726707 0.04292062
v 0.14760569 0.06107274 0.04011193
v 0.21993134 0.09648346 -0.04441267
v 0.22748762 0.09161081 -0.00000004
v 0.21993134 0.09648347 0.04441260
v 0.25331476 0.10420763 0.04337100
v 0.25331476 0.10420762 -0.04337109
v 0.26048382 0.09946172 -0.00000004
v 0.29464301 0.10270674 -0.03023719
v 0.29966228 0.09966874 -0.00000004
v 0.29464301 0.10270675 0.03023711
v 0.15905609 0.05827761 -0.00000003
v 0.14760569 0.06107274 0.04011193
v 0.15168095 0.05415215 0.02655329
v 0.15751978 0.05343025 -0.00000003
v 0.20475124 -0.01459712 0.02550279
v 0.25538048 -0.00105207 0.02588054
v 0.16835952 0.00348019 0.02560722
v 0.13547696 0.02323515 -0.00000003
v 0.17248493 0.00327000 -0.00000002
v 0.13039395 0.02366489 0.02553907
v 0.16835952 0.00348018 -0.02560726
v 0.20475124 -0.01459712 0.02550279
v 0.20475124 -0.01459712 -0.02550283
v 0.20848229 -0.01453844 -0.00000002
v 0.17470169 0.02268650 0.02596030
v 0.15751978 0.05343025 -0.00000003
v 0.15168095 0.05415215 0.02655329
v 0.17927539 0.02206870 -0.00000003
v 0.17470169 0.02268649 -0.02596036
v 0.15168095 0.05415214 -0.02655336
v 0.20776733 0.00164479 0.02571500
v 0.21218013 0.00139481 -0.00000002
v 0.20776733 0.00164479 -0.02571505
v 0.25538048 -0.00105207 0.02588054
v 0.21218013 0.00139481 -0.00000002
v 0.20776733 0.00164479 0.02571500
v 0.26017309 0.00012674 -0.00000002
v 0.25538048 -0.00105208 -0.02588059
v 0.20776733 0.00164479 -0.02571505
v 0.29975583 0.01529096 0.02628652
v 0.30448542 0.01790152 -0.00000003
v 0.29975583 0.01529095 -0.02628657
v 0.25898530 -0.01327120 -0.02579496
v 0.26305609 -0.01167714 -0.00000002
v 0.25898530 -0.01327120 0.02579491
v 0.25898530 -0.01327120 0.02579491
v 0.29975583 0.01529096 0.02628652
v 0.31101969 0.00314220 0.02611344
v 0.32103737 0.04022844 0.02687933
v 0.31101969 0.00314220 0.02611344
v 0.31101969 0.00314219 -0.02611348
v 0.31468996 0.00601561 -0.00000002
v 0.32103737 0.04022844 0.02687933
v 0.30448542 0.01790152 -0.00000003
v 0.29975583 0.01529096 0.02628652
v 0.32103737 0.04022844 -0.02687940
v 0.29975583 0.01529095 -0.02628657
v 0.32453295 0.04432501 -0.00000003
v 0.35071226 0.04026638 -0.02672852
v 0.35285230 0.04420720 -0.00000003
v 0.35071226 0.04026639 0.02672846
v 0.31309354 0.07939704 0.02822630
v 0.35071226 0.04026639 0.02672846
v 0.36452119 0.08013305 0.02751237
v 0.37924063 0.10544658 0.02863906
v 0.29464301 0.10270675 0.03023711
v 0.36452119 0.08013303 -0.02751245
v 0.36660424 0.08419493 -0.00000004
v 0.36452119 0.08013305 0.02751237
v 0.29464301 0.10270675 0.03023711
v 0.29966228 0.09966874 -0.00000004
v 0.31309354 0.07939704 0.02822630
v 0.31309354 0.07939703 -0.02822638
v 0.31801297 0.08398299 -0.00000004
v 0.38142418 0.10173206 -0.00000004
v 0.37924063 0.10544658 0.02863906
v 0.31309354 0.07939704 0.02822630
v 0.32453295 0.04432501 -0.00000003
v 0.32103737 0.04022844 0.02687933
v 0.31309354 0.07939703 -0.02822638
v 0.32103737 0.04022844 -0.02687940
v 0.31801297 0.08398299 -0.00000004
v 0.37924063 0.10544657 -0.02863914
v -0.10682117 -0.05784753 0.14132029
v -0.10310034 -0.05267179 0.13189519
v -0.10682117 -0.05784753 0.14132029
v -0.12410213 0.01569496 0.09769292
v -0.13857309 0.02555612 0.09129663
v 0.09354090 -0.13477409 0.06278686
v 0.08389895 -0.12446787 0.05859939
v -0.13857309 0.02555612 0.09129663
v -0.13448119 0.03764477 0.08931413
v -0.15873166 0.04450715 0.04669988
v -0.22875010 -0.13328767 0.06680764
v -0.19481689 -0.13932410 0.12248067
v -0.08437988 0.13680532 0.08193496
v -0.10465274 0.14813570 0.04267325
v -0.24006125 -0.13127555 -0.00000000
v 0.10409375 -0.13686600 -0.00000000
v 0.09374800 -0.12642025 -0.00000000
v 0.08389895 -0.12446787 -0.05859940
v -0.13826150 -0.14938475 0.15588446
v -0.05419907 -0.10548761 0.15696707
v -0.10682117 -0.05784753 0.14132029
v -0.07039495 -0.16145757 0.16701908
v -0.00252847 -0.17353039 0.15588447
v 0.00911805 -0.11803896 0.14650262
v -0.19481689 -0.13932410 0.12248067
v 0.08796016 -0.18962748 0.06680764
v 0.09927127 -0.19163961 0.00000001
v 0.09354090 -0.13477409 0.06278686
v 0.09354090 -0.13477411 -0.06278685
v 0.10409375 -0.13686600 -0.00000000
v -0.20168866 -0.19950122 0.05109931
v -0.16383417 -0.22365169 0.07860279
v -0.17599012 -0.20375210 0.09357987
v -0.22386471 -0.17390425 0.00000000
v -0.21018789 -0.19830992 0.00000001
v -0.18470001 -0.22122236 0.04309717
v -0.20168866 -0.19950124 -0.05109929
v -0.18470001 -0.22122236 -0.04309714
v -0.16504410 -0.24143765 0.00000002
v -0.16044065 -0.23992055 0.03746243
v -0.19138756 -0.22131526 0.00000001
v -0.15069912 -0.23692034 0.06381706
v -0.12798690 -0.23131108 0.09892538
v -0.13289154 -0.21173959 0.11882300
v -0.21409029 -0.17564299 0.05773137
v -0.16044065 -0.23992054 -0.03746241
v -0.12966458 -0.25702969 0.00000002
v -0.12709189 -0.25455582 0.03829748
v -0.12474292 -0.24627080 0.07260318
v -0.24006125 -0.13127555 -0.00000000
v -0.21409029 -0.17564302 -0.05773136
v -0.22875010 -0.13328767 0.06680764
v -0.18476713 -0.18085933 0.10584081
v -0.19481689 -0.13932410 0.12248067
v -0.22875010 -0.13328769 -0.06680764
v 0.04811266 -0.24425916 0.00000002
v 0.01628659 -0.25697600 0.04309717
v 0.02253187 -0.25936952 0.00000002
v 0.01628659 -0.25697599 -0.04309714
v 0.03972391 -0.24244624 -0.05109927
v 0.06936709 -0.22606743 0.00000001
v 0.05959275 -0.22432865 0.05773137
v 0.05959275 -0.22432867 -0.05773135
v 0.01413600 -0.23757376 0.09357988
v -0.00413693 -0.25206036 0.07860280
v 0.03972391 -0.24244623 0.05109931
v -0.00913503 -0.26917239 0.00000002
v -0.02104206 -0.25998513 0.06381708
v -0.01293287 -0.26616077 0.03746243
v -0.04772121 -0.27160661 0.00000002
v -0.01293287 -0.26616077 -0.03746239
v -0.04928296 -0.26839730 0.03829748
v -0.02907314 -0.23020788 0.11882300
v 0.03026954 -0.21911231 0.10584082
v -0.01860245 -0.21041844 0.13470651
v -0.04042644 -0.24688726 0.09892538
v -0.04863057 -0.25981048 0.07260319
v 0.05402686 -0.18359107 0.12248068
v 0.09927127 -0.19163961 0.00000001
v 0.08796016 -0.18962748 0.06680764
v 0.08796016 -0.18962751 -0.06680763
v 0.06936709 -0.22606743 0.00000001
v -0.00252847 -0.17353039 0.15588447
v -0.07039495 -0.16145757 0.16701908
v -0.08442784 -0.24034239 0.10529092
v -0.08103763 -0.22128453 0.12713523
v -0.07724878 -0.19998581 0.14432838
v -0.13589514 -0.18955318 0.13470650
v -0.08708955 -0.25530500 0.07673828
v -0.08869292 -0.26431813 0.04033246
v -0.08103763 -0.22128453 0.12713523
v -0.13826150 -0.14938475 0.15588446
v -0.17599012 -0.20375210 0.09357987
v -0.19481689 -0.13932410 0.12248067
v -0.08923000 -0.26733731 0.00000002
v -0.08869292 -0.26431812 -0.04033241
v -0.04928296 -0.26839729 -0.03829744
v -0.12709189 -0.25455581 -0.03829745
v -0.16681516 0.04679462 -0.00000003
v -0.15873166 0.04450713 -0.04669995
v -0.22875010 -0.13328769 -0.06680764
v -0.11142890 0.15190666 -0.00000005
v -0.10465274 0.14813570 -0.04267335
v 0.06188233 -0.12849843 0.11510923
v 0.06188233 -0.12849843 0.11510923
v 0.05402686 -0.18359107 0.12248068
v -0.04546503 0.23584888 -0.04209512
v -0.04546503 0.23584887 0.04209499
v -0.04340023 0.24101792 -0.00000006
v -0.03744847 0.22000377 0.08264113
v 0.03163772 0.30053481 0.04919788
v 0.02921254 0.30727463 -0.00000007
v 0.03112473 0.28039855 0.09694070
v -0.02761364 -0.00265870 -0.13213479
v -0.10310034 -0.05267183 -0.13189521
v -0.07835908 0.01152686 -0.12332582
v 0.04049403 0.05574950 -0.11742525
v 0.02313179 -0.01684426 -0.12332582
v -0.05398779 -0.09713463 -0.14649845
v -0.06822709 0.12583778 -0.08927201
v -0.03467390 0.10591692 -0.11381547
v 0.00303237 0.08113761 -0.12295104
v -0.12410213 0.01569493 -0.09769297
v 0.00510654 -0.10884890 -0.13673190
v -0.12064695 0.02334818 -0.09689887
v 0.03602160 0.14926122 -0.13339329
v 0.06868289 0.11455678 -0.12956048
v 0.10085809 0.08640363 -0.10277461
v 0.07568485 0.03549240 -0.09372339
v 0.06537104 -0.02868687 -0.09690370
v 0.00364678 0.18346897 -0.11891639
v 0.12070688 0.15380852 -0.14529184
v 0.10136762 0.02503095 -0.05076635
v 0.05435174 -0.11861076 -0.10743222
v 0.24729322 0.12134242 -0.06038539
v 0.45937509 0.10422885 -0.04286650
v 0.25331476 0.10420762 -0.04337109
v 0.21993134 0.09648346 -0.04441267
v 0.21036936 0.11274534 -0.06166932
v 0.12862970 0.07251067 -0.05447916
v 0.05315948 0.29506411 -0.05543591
v 0.03112473 0.28039848 -0.09694085
v 0.05262275 0.27425173 -0.10478159
v 0.06841471 0.23860194 -0.13624637
v 0.09453177 0.19615861 -0.15100786
v -0.01912383 0.21182942 -0.09000190
v 0.05262275 0.27425173 -0.10478159
v 0.14721273 0.27458196 -0.15176916
v 0.16420574 0.21904025 -0.16276677
v 0.05262275 0.27425173 -0.10478159
v 0.13474057 0.32089029 -0.11923040
v 0.19892384 0.35514907 -0.11955304
v -0.13448119 0.03764474 -0.08931418
v -0.12410213 0.01569493 -0.09769297
v -0.13857309 0.02555609 -0.09129668
v -0.06822709 0.12583778 -0.08927201
v -0.12064695 0.02334818 -0.09689887
v 0.00911805 -0.11803901 -0.14650265
v 0.05435174 -0.11861076 -0.10743222
v 0.06188233 -0.12849846 -0.11510922
v -0.05419907 -0.10548765 -0.15696709
v 0.00510654 -0.10884890 -0.13673190
v -0.10682117 -0.05784758 -0.14132032
v -0.05398779 -0.09713463 -0.14649845
v -0.10310034 -0.05267183 -0.13189521
v 0.24449939 0.24060414 -0.14772288
v 0.21777546 0.30097983 -0.15280141
v 0.22728257 0.29992131 -0.13756587
v 0.23778358 0.23545565 -0.16391063
v 0.19892384 0.35514907 -0.11955304
v 0.21083562 0.34814477 -0.10741221
v 0.24715718 0.24713104 -0.11550605
v 0.19035320 0.38031980 -0.06424484
v 0.21853184 0.33658138 -0.09101284
v 0.23128011 0.30263605 -0.10741221
v 0.14768315 0.12002917 -0.11352617
v 0.17249151 0.10249655 -0.05898514
v 0.18513434 0.08726706 -0.04292070
v 0.14760569 0.06107273 -0.04011201
v 0.17249151 0.10249655 -0.05898514
v 0.12077332 0.01775796 -0.03791189
v 0.12862970 0.07251067 -0.05447916
v 0.12070688 0.15380852 -0.14529184
v 0.18020156 0.17174489 -0.15473734
v 0.19746923 0.13426071 -0.11937417
v -0.08437988 0.13680529 -0.08193505
v -0.03744847 0.22000373 -0.08264125
v -0.01912383 0.21182942 -0.09000190
v 0.03112473 0.28039848 -0.09694085
v 0.05262275 0.27425173 -0.10478159
v 0.44792602 0.23049333 -0.11550605
v 0.63699977 0.23685357 -0.11550605
v 0.63220738 0.24523971 -0.14772288
v 0.44315513 0.23900443 -0.14772288
v 0.62367092 0.24303008 -0.16391063
v 0.43474296 0.23686447 -0.16391063
v 0.61601107 0.17023796 -0.15280137
v 0.51554772 0.13703272 -0.11667534
v 0.49456237 0.17415424 -0.15280139
v 0.59613911 0.13425225 -0.11738961
v 0.24729322 0.12134242 -0.06038539
v 0.23792225 0.14321599 -0.11765410
v 0.23792225 0.14321599 -0.11765410
v 0.23192228 0.18262350 -0.15280139
v 0.49456237 0.17415424 -0.15280139
v 0.62367092 0.24303008 -0.16391063
v 0.61601107 0.17023796 -0.15280137
v 0.43474296 0.23686447 -0.16391063
v 0.23192228 0.18262350 -0.15280139
v 0.23778358 0.23545565 -0.16391063
v 0.21036936 0.11274534 -0.06166932
v 0.10136762 0.02503095 -0.05076635
v 0.11114363 -0.01573060 -0.03861197
v 0.09079236 -0.03575833 -0.05286723
v 0.18020156 0.17174489 -0.15473734
v 0.21777546 0.30097983 -0.15280141
v 0.19746923 0.13426071 -0.11937417
v 0.13474057 0.32089029 -0.11923040
v 0.19892384 0.35514907 -0.11955304
v 0.63220738 0.24523971 -0.14772288
v 0.61601107 0.17023796 -0.15280137
v 0.62367092 0.24303008 -0.16391063
v 0.62302807 0.16764249 -0.13756584
v 0.63699977 0.23685357 -0.11550605
v 0.62654829 0.16566002 -0.10741216
v 0.61552203 0.14921874 -0.09063568
v 0.60658036 0.13962877 -0.10642718
v 0.62302807 0.16764249 -0.13756584
v 0.62302807 0.16764249 -0.13756584
v 0.59613911 0.13425225 -0.11738961
v 0.61601107 0.17023796 -0.15280137
v 0.60658036 0.13962877 -0.10642718
v 0.09079236 -0.03575833 -0.05286723
v 0.24715718 0.24713104 -0.11550605
v 0.24449939 0.24060414 -0.14772288
v 0.23778358 0.23545565 -0.16391063
v 0.15168095 0.05415214 -0.02655336
v 0.13039395 0.02366488 -0.02553913
v 0.17470169 0.02268649 -0.02596036
v 0.16835952 0.00348018 -0.02560726
v 0.15168095 0.05415214 -0.02655336
v 0.20776733 0.00164479 -0.02571505
v 0.20475124 -0.01459712 -0.02550283
v 0.14760569 0.06107273 -0.04011201
v 0.14760569 0.06107273 -0.04011201
v 0.15751978 0.05343025 -0.00000003
v 0.15168095 0.05415214 -0.02655336
v 0.15905609 0.05827761 -0.00000003
v 0.14760569 0.06107273 -0.04011201
v 0.25538048 -0.00105208 -0.02588059
v 0.25898530 -0.01327120 -0.02579496
v 0.13039395 0.02366488 -0.02553913
v 0.29975583 0.01529095 -0.02628657
v 0.31101969 0.00314219 -0.02611348
v 0.32103737 0.04022844 -0.02687940
v 0.35071226 0.04026638 -0.02672852
v 0.31309354 0.07939703 -0.02822638
v 0.37924063 0.10544657 -0.02863914
v 0.36452119 0.08013303 -0.02751245
v 0.29464301 0.10270674 -0.03023719
v 0.29464301 0.10270674 -0.03023719
v -0.12410213 0.01569493 -0.09769297
v -0.13857309 0.02555609 -0.09129668
v 0.09354090 -0.13477411 -0.06278685
v -0.13857309 0.02555609 -0.09129668
v -0.13448119 0.03764474 -0.08931418
v -0.08437988 0.13680529 -0.08193505
v -0.13826150 -0.14938480 -0.15588446
v -0.05419907 -0.10548765 -0.15696709
v -0.07039495 -0.16145761 -0.16701907
v -0.00252847 -0.17353043 -0.15588445
v -0.10682117 -0.05784758 -0.14132032
v 0.08796016 -0.18962751 -0.06680763
v 0.05402686 -0.18359109 -0.12248067
v 0.06188233 -0.12849846 -0.11510922
v -0.16383417 -0.22365171 -0.07860277
v -0.15069912 -0.23692036 -0.06381705
v -0.17599012 -0.20375212 -0.09357987
v -0.18476713 -0.18085935 -0.10584080
v -0.13589514 -0.18955321 -0.13470648
v -0.13289154 -0.21173960 -0.11882299
v -0.12798690 -0.23131109 -0.09892536
v -0.12474292 -0.24627081 -0.07260315
v -0.13826150 -0.14938480 -0.15588446
v -0.19481689 -0.13932412 -0.12248066
v 0.01413600 -0.23757377 -0.09357986
v -0.02104206 -0.25998512 -0.06381703
v -0.00413693 -0.25206036 -0.07860276
v -0.01860245 -0.21041848 -0.13470648
v 0.03026954 -0.21911233 -0.10584079
v -0.04042644 -0.24688728 -0.09892536
v -0.02907314 -0.23020789 -0.11882299
v 0.05402686 -0.18359109 -0.12248067
v -0.00252847 -0.17353043 -0.15588445
v -0.07724878 -0.19998587 -0.14432835
v -0.07039495 -0.16145761 -0.16701907
v -0.08442784 -0.24034241 -0.10529089
v -0.04863057 -0.25981047 -0.07260314
v -0.08103763 -0.22128457 -0.12713520
v -0.08708955 -0.25530499 -0.07673825
v -0.19481689 -0.13932412 -0.12248066
v 0.06188233 -0.12849846 -0.11510922
v 0.00911805 -0.11803901 -0.14650265
v -0.03744847 0.22000373 -0.08264125
v 0.03163772 0.30053482 -0.04919803
v 0.03112473 0.28039848 -0.09694085
v 0.28708375 0.16289145 0.20121842
v 0.25642684 0.15467704 0.20121842
v 0.25686489 0.14532344 0.16483120
v 0.29200893 0.15474020 0.16483120
v 0.28708375 0.16289145 0.20121842
v 0.31773606 0.18046746 0.16483119
v 0.30952611 0.18533385 0.20121842
v 0.29200893 0.15474020 0.16483120
v 0.36765691 0.20536817 0.20121842
v 0.30952611 0.18533385 0.20121842
v 0.36765691 0.20536817 0.20121842
v 0.31774060 0.21599076 0.20121842
v 0.26999041 0.19249799 0.20121847
v 0.28708375 0.16289145 0.20121842
v 0.41227350 0.25448351 0.20121840
v 0.35760605 0.23306388 0.20121840
v 0.33968575 0.25863970 0.20121840
v 0.30952606 0.24664762 0.20121840
v 0.27991971 0.20242721 0.20121847
v 0.38668243 0.27293795 0.20121840
v 0.13279866 0.16866859 0.16483120
v 0.18657693 0.21561146 0.16483119
v 0.19599379 0.18046746 0.16483119
v 0.12338179 0.19496403 0.16483119
v 0.11674741 0.21376763 0.16483119
v 0.19599383 0.25075538 0.16483118
v 0.25686489 0.14532344 0.16483120
v 0.22172090 0.15474026 0.16483120
v 0.14247445 0.14806741 0.16483120
v 0.35230999 0.26450268 0.16483119
v 0.40000505 0.27259944 0.16483119
v 0.37285320 0.23518341 0.16483118
v 0.35743257 0.29980863 0.16483119
v 0.37675183 0.29122133 0.16483119
v 0.32715278 0.21561139 0.16483119
v 0.42043682 0.25259281 0.16483118
v 0.38437524 0.20343409 0.16483119
v 0.31773606 0.25075536 0.16483118
v 0.31773606 0.18046746 0.16483119
v 0.29200893 0.27648254 0.16483119
v 0.32730573 0.28278287 0.16483119
v 0.14820106 0.17504149 0.20121842
v 0.19511312 0.21599081 0.20121842
v 0.13998657 0.19797964 0.20121842
v 0.20332767 0.18533395 0.20121842
v 0.13419929 0.21438235 0.20121842
v 0.24286322 0.19249799 0.20121847
v 0.23293409 0.20242721 0.20121847
v 0.15664152 0.15707059 0.20121842
v 0.22576989 0.16289145 0.20121842
v 0.22929972 0.21599081 0.20121847
v 0.35794328 0.29231535 0.20121840
v 0.31787397 0.27458595 0.20121840
v 0.37092315 0.28628729 0.20121840
v 0.28355401 0.21599081 0.20121847
v 0.28708375 0.26908993 0.20121840
v 0.19599383 0.25075538 0.16483118
v 0.13419929 0.21438235 0.20121842
v 0.20332767 0.24664762 0.20121840
v 0.22576996 0.26908993 0.20121840
v 0.22172099 0.27648259 0.16483119
v 0.11674741 0.21376763 0.16483119
v 0.28708375 0.26908993 0.20121840
v 0.25686489 0.28589935 0.16483119
v 0.25642689 0.27730452 0.20121840
v 0.29200893 0.27648254 0.16483119
v 0.31787397 0.27458595 0.20121840
v 0.32730573 0.28278287 0.16483119
v 0.22576996 0.26908993 0.20121840
v 0.25642689 0.27730452 0.20121840
v 0.25686489 0.28589935 0.16483119
v 0.22172099 0.27648259 0.16483119
v 0.20332767 0.24664762 0.20121840
v 0.24286322 0.23948356 0.20121845
v 0.22576996 0.26908993 0.20121840
v 0.14820106 0.17504149 0.20121842
v 0.13279866 0.16866859 0.16483120
v 0.15664152 0.15707059 0.20121842
v 0.14247445 0.14806741 0.16483120
v 0.15664152 0.15707059 0.20121842
v 0.22172090 0.15474026 0.16483120
v 0.22576989 0.16289145 0.20121842
v 0.14247445 0.14806741 0.16483120
v 0.25686489 0.14532344 0.16483120
v 0.25642684 0.15467704 0.20121842
v 0.13998657 0.19797964 0.20121842
v 0.12338179 0.19496403 0.16483119
v 0.11674741 0.21376763 0.16483119
v 0.25642684 0.18886366 0.20121847
v 0.25642684 0.15467704 0.20121842
v 0.13419929 0.21438235 0.20121842
v 0.29200893 0.15474020 0.16483120
v 0.25686489 0.28589935 0.16483119
v 0.22172099 0.27648259 0.16483119
v 0.42293142 0.30214185 0.20121840
v 0.40466706 0.30946831 0.20121840
v 0.41407272 0.34471042 0.20121838
v 0.40596118 0.30853205 0.16483119
v 0.41933730 0.35006184 0.16483118
v 0.42970921 0.29936160 0.16483119
v 0.38296997 0.31801247 0.16483119
v 0.36914267 0.31889623 0.16483119
v 0.39854813 0.35658341 0.16483118
v 0.37642326 0.31757810 0.20121840
v 0.38697349 0.31706897 0.20121840
v 0.39811246 0.34985406 0.20121838
v 0.37826535 0.34238590 0.20121838
v 0.35794328 0.29231535 0.20121840
v 0.35743257 0.29980863 0.16483119
v 0.25642684 0.24311798 0.20121845
v 0.26999041 0.23948356 0.20121845
v 0.27991964 0.22955438 0.20121845
v 0.38437524 0.20343409 0.16483119
v 0.38069892 0.35698679 0.16483118
v 0.37702993 0.40045291 0.16483118
v 0.37228849 0.34825708 0.16483118
v 0.36514853 0.39864917 0.16483118
v 0.39156396 0.38880568 0.16483118
v 0.35910341 0.38387810 0.16483118
v 0.38450744 0.34988959 0.20121838
v 0.36754827 0.37219312 0.20121838
v 0.37187438 0.38474979 0.20121838
v 0.38089161 0.38647323 0.20121838
v 0.42293142 0.30214185 0.20121840
v 0.41227350 0.25448351 0.20121840
v 0.42970921 0.29936160 0.16483119
v 0.36765691 0.20536817 0.20121842
v 0.42043682 0.25259281 0.16483118
v 0.41407272 0.34471042 0.20121838
v 0.37642326 0.31757810 0.20121840
v 0.35743257 0.29980863 0.16483119
v 0.35794328 0.29231535 0.20121840
v 0.36914267 0.31889623 0.16483119
v 0.37826535 0.34238590 0.20121838
v 0.37228849 0.34825708 0.16483118
v 0.39218352 0.37690151 0.20121838
v 0.39156396 0.38880568 0.16483118
v 0.38089161 0.38647323 0.20121838
v 0.41933730 0.35006184 0.16483118
v 0.37702993 0.40045291 0.16483118
v 0.38089161 0.38647323 0.20121838
v 0.37702993 0.40045291 0.16483118
v 0.37187438 0.38474979 0.20121838
v 0.36514853 0.39864917 0.16483118
v 0.37187438 0.38474979 0.20121838
v 0.35910341 0.38387810 0.16483118
v 0.36754827 0.37219312 0.20121838
v 0.36514853 0.39864917 0.16483118
v 0.39218352 0.37690151 0.20121838
v 0.36754827 0.37219312 0.20121838
v 0.35910341 0.38387810 0.16483118
v 0.38437524 0.20343409 0.16483119
v 0.24565216 0.23465319 0.21319635
v 0.23293409 0.22955438 0.20121845
v 0.23776451 0.22676551 0.21319635
v 0.25642684 0.23754024 0.21319635
v 0.25642684 0.24311798 0.20121845
v 0.24286322 0.23948356 0.20121845
v 0.22929972 0.21599081 0.20121847
v 0.23487746 0.21599081 0.21319635
v 0.25642689 0.27730452 0.20121840
v 0.23293409 0.22955438 0.20121845
v 0.27508917 0.22676551 0.21319635
v 0.25642684 0.19444139 0.21319635
v 0.27508922 0.20521611 0.21319635
v 0.27797630 0.21599081 0.21319635
v 0.26720157 0.19732841 0.21319635
v 0.23776451 0.20521611 0.21319635
v 0.24565216 0.19732841 0.21319635
v 0.23776451 0.22676551 0.21319635
v 0.24565216 0.23465319 0.21319635
v 0.25642684 0.23754024 0.21319635
v 0.23487746 0.21599081 0.21319635
v 0.26720157 0.23465319 0.21319635
v 0.27508917 0.22676551 0.21319635
v 0.26999041 0.23948356 0.20121845
v 0.26720157 0.23465319 0.21319635
v 0.27797630 0.21599081 0.21319635
v 0.28355401 0.21599081 0.20121847
v 0.27991964 0.22955438 0.20121845
v 0.24565216 0.19732841 0.21319635
v 0.25642684 0.18886366 0.20121847
v 0.25642684 0.19444139 0.21319635
v 0.26999041 0.19249799 0.20121847
v 0.26720157 0.19732841 0.21319635
v 0.24286322 0.19249799 0.20121847
v 0.27508922 0.20521611 0.21319635
v 0.27991971 0.20242721 0.20121847
v 0.23293409 0.20242721 0.20121847
v 0.23776451 0.20521611 0.21319635
v 0.35061240 0.23529406 0.02125454
v 0.37435405 0.26484351 0.02125454
v 0.33129235 0.25378277 0.02125454
v 0.37311751 0.23550971 0.02125454
v 0.33129235 0.25378277 0.02125454
v 0.37435405 0.26484351 0.02125454
v 0.32302272 0.27615507 0.02125453
v 0.37456912 0.28673217 0.02125453
v 0.35394975 0.22044524 0.02125454
v 0.36072677 0.19957654 0.02125455
v 0.36616765 0.21605187 0.02125454
v 0.36966701 0.20227719 0.02125454
v 0.35394975 0.22044524 0.02125454
v 0.37311751 0.23550971 0.02125454
v 0.36616765 0.21605187 0.02125454
v 0.37435405 0.26484351 0.02125454
v 0.37435405 0.26484351 -0.00000005
v 0.37456912 0.28673217 0.02125453
v 0.37456912 0.28673217 -0.00000005
v 0.35061240 0.23529406 0.02125454
v 0.35394975 0.22044524 -0.00000004
v 0.35394975 0.22044524 0.02125454
v 0.35061240 0.23529406 -0.00000004
v 0.35394975 0.22044524 -0.02125462
v 0.35394975 0.22044524 -0.00000004
v 0.36966701 0.20227719 0.02125454
v 0.36966701 0.20227719 -0.00000004
v 0.36616765 0.21605187 0.02125454
v 0.36616765 0.21605187 -0.00000004
v 0.33129235 0.25378277 0.02125454
v 0.35061240 0.23529406 -0.00000004
v 0.35061240 0.23529406 0.02125454
v 0.33129235 0.25378277 -0.00000005
v 0.35061240 0.23529406 -0.02125463
v 0.35061240 0.23529406 -0.00000004
v 0.36938395 0.19418349 0.02125455
v 0.36966701 0.20227719 0.02125454
v 0.36072677 0.19957654 0.02125455
v 0.37619486 0.19577714 0.02125455
v 0.37311751 0.23550971 0.02125454
v 0.37311751 0.23550971 -0.00000004
v 0.37435405 0.26484351 0.02125454
v 0.37435405 0.26484351 -0.00000005
v 0.35394975 0.22044524 0.02125454
v 0.36072677 0.19957654 -0.00000004
v 0.36072677 0.19957654 0.02125455
v 0.35394975 0.22044524 -0.00000004
v 0.36072677 0.19957654 -0.02125462
v 0.36072677 0.19957654 -0.00000004
v 0.32302272 0.27615507 0.02125453
v 0.33129235 0.25378277 -0.00000005
v 0.33129235 0.25378277 0.02125454
v 0.32302272 0.27615507 -0.00000005
v 0.33129235 0.25378277 -0.02125463
v 0.33129235 0.25378277 -0.00000005
v 0.36616765 0.21605187 0.02125454
v 0.36616765 0.21605187 -0.00000004
v 0.37311751 0.23550971 0.02125454
v 0.37311751 0.23550971 -0.00000004
v 0.36938395 0.19418349 0.02125455
v 0.36938395 0.19418353 -0.00000004
v 0.37619486 0.19577714 0.02125455
v 0.37619486 0.19577714 -0.02125462
v 0.37619493 0.19577714 -0.00000004
v 0.37619493 0.19577714 -0.00000004
v 0.36938395 0.19418353 -0.00000004
v 0.36938395 0.19418349 0.02125455
v 0.36072677 0.19957654 0.02125455
v 0.36072677 0.19957654 -0.00000004
v 0.37619486 0.19577714 0.02125455
v 0.36966701 0.20227719 -0.00000004
v 0.36966701 0.20227719 0.02125454
v 0.37619486 0.19577714 -0.02125462
v 0.36966701 0.20227719 -0.02125462
v 0.37619493 0.19577714 -0.00000004
v 0.35061240 0.23529406 -0.02125463
v 0.37435405 0.26484351 -0.02125463
v 0.37311751 0.23550971 -0.02125463
v 0.33129235 0.25378277 -0.02125463
v 0.32302272 0.27615507 -0.02125463
v 0.37435405 0.26484351 -0.02125463
v 0.33129235 0.25378277 -0.02125463
v 0.37456912 0.28673217 -0.02125463
v 0.36072677 0.19957654 -0.02125462
v 0.36616765 0.21605187 -0.02125462
v 0.36966701 0.20227719 -0.02125462
v 0.35394975 0.22044524 -0.02125462
v 0.37311751 0.23550971 -0.02125463
v 0.35394975 0.22044524 -0.02125462
v 0.36616765 0.21605187 -0.02125462
v 0.37456912 0.28673217 -0.00000005
v 0.37435405 0.26484351 -0.02125463
v 0.37456912 0.28673217 -0.02125463
v 0.35061240 0.23529406 -0.02125463
v 0.36616765 0.21605187 -0.00000004
v 0.36966701 0.20227719 -0.02125462
v 0.36616765 0.21605187 -0.02125462
v 0.33129235 0.25378277 -0.02125463
v 0.37619486 0.19577714 -0.02125462
v 0.36938395 0.19418349 -0.02125462
v 0.36966701 0.20227719 -0.02125462
v 0.36072677 0.19957654 -0.02125462
v 0.37435405 0.26484351 -0.00000005
v 0.37311751 0.23550971 -0.02125463
v 0.37435405 0.26484351 -0.02125463
v 0.35394975 0.22044524 -0.02125462
v 0.32302272 0.27615507 -0.02125463
v 0.37311751 0.23550971 -0.00000004
v 0.36616765 0.21605187 -0.02125462
v 0.37311751 0.23550971 -0.02125463
v 0.36938395 0.19418349 -0.02125462
v 0.36072677 0.19957654 -0.00000004
v 0.36938395 0.19418349 -0.02125462
v 0.36072677 0.19957654 -0.02125462
v 0.37619493 0.19577714 -0.00000004
v 1.10323280 0.24523993 0.13608046
v 0.94189560 0.23049353 0.10636725
v 0.94189560 0.23900465 0.13608045
v 1.10802539 0.23685379 0.10636726
v 1.09469648 0.24303032 0.15101026
v 0.94189560 0.22775172 0.05704033
v 1.11091221 0.22560039 0.05704035
v 0.94189560 0.24125294 -0.00209340
v 0.94189560 0.23686471 0.15101025
v 0.94189560 0.23049352 -0.11055402
v 1.10323280 0.24523989 -0.14026730
v 0.94189560 0.23900462 -0.14026729
v 0.88536246 0.23900462 -0.14026727
v 0.88536246 0.23049352 -0.11055399
v 1.10802539 0.23685378 -0.11055402
v 0.88536246 0.23686472 -0.15519707
v 1.09469648 0.24303031 -0.15519710
v 0.94189560 0.23686472 -0.15519709
v 0.94189560 0.22775175 -0.06122713
v 1.11091221 0.22560037 -0.06122714
v 1.11187911 0.24747800 -0.00209340
v 0.94189560 0.13587682 0.10817063
v 1.06657576 0.13369388 0.10845004
v 0.94189560 0.17415450 0.14076432
v 1.05438884 0.11168434 0.05710261
v 0.88536246 0.13587682 0.10817062
v 1.08703654 0.17023822 0.14076435
v 0.94189560 0.17415445 -0.14495112
v 1.06657576 0.13369391 -0.11263682
v 0.94189560 0.13587683 -0.11235742
v 1.08703654 0.17023817 -0.14495112
v 1.05438884 0.11168433 -0.06128941
v 0.94189560 0.11353668 -0.06011322
v 0.88536246 0.17415445 -0.14495112
v 0.94189560 0.17415450 0.14076432
v 1.08703654 0.17023822 0.14076435
v 0.94189560 0.23686471 0.15101025
v 0.88536246 0.17415450 0.14076432
v 1.09469648 0.24303032 0.15101026
v 0.94189560 0.11353668 0.05592641
v 0.88536246 0.11353668 0.05592641
v 1.05036404 0.10431331 -0.00209340
v 0.94189560 0.23686472 -0.15519709
v 1.08703654 0.17023817 -0.14495112
v 0.94189560 0.17415445 -0.14495112
v 1.09469648 0.24303031 -0.15519710
v 0.88536246 0.23686472 -0.15519707
v 0.94189560 0.10614264 -0.00209340
v 0.88536246 0.13587683 -0.11235740
v 0.88536246 0.10614264 -0.00209340
v 0.88536246 0.11353668 -0.06011321
v 0.88536246 0.22775175 -0.06122713
v 1.11187911 0.24747800 -0.00209340
v 1.08703654 0.17023822 0.14076435
v 1.10323280 0.24523993 0.13608046
v 1.09469648 0.24303032 0.15101026
v 1.09405350 0.16764271 0.12671278
v 1.10802539 0.23685379 0.10636726
v 1.09757381 0.16566024 0.09890234
v 1.11091221 0.22560039 0.05704035
v 1.07742716 0.13945297 0.09809323
v 1.08654751 0.14921897 0.08342959
v 1.09405350 0.16764271 0.12671278
v 1.06657576 0.13369388 0.10845004
v 1.07742716 0.13945297 0.09809323
v 1.08703654 0.17023822 0.14076435
v 1.05438884 0.11168434 0.05710261
v 1.06615443 0.11954810 0.05174951
v 1.08131533 0.13806859 0.04845759
v 1.10028554 0.16367729 -0.00209340
v 1.07870447 0.13257427 -0.00209340
v 1.09962616 0.16424390 0.05294196
v 1.08131533 0.13806857 -0.05264439
v 1.09962616 0.16424387 -0.05712875
v 1.11091221 0.22560037 -0.06122714
v 1.11187911 0.24747800 -0.00209340
v 1.09757381 0.16566022 -0.10308912
v 1.10802539 0.23685378 -0.11055402
v 1.07742716 0.13945295 -0.10228002
v 1.09405350 0.16764270 -0.13089956
v 1.08654751 0.14921895 -0.08761638
v 1.09405350 0.16764270 -0.13089956
v 1.10323280 0.24523989 -0.14026730
v 1.06615433 0.11954810 -0.05593631
v 1.06254639 0.11277493 -0.00209340
v 1.08703654 0.17023817 -0.14495112
v 1.09469648 0.24303031 -0.15519710
v 1.06657576 0.13369391 -0.11263682
v 1.08703654 0.17023817 -0.14495112
v 1.06254639 0.11277493 -0.00209340
v 1.05036404 0.10431331 -0.00209340
v 1.05438884 0.11168433 -0.06128941
v 0.72402549 0.24523993 0.13608045
v 0.88536246 0.23049353 0.10636723
v 0.71923300 0.23685379 0.10636725
v 0.88536246 0.23900465 0.13608044
v 0.73256185 0.24303032 0.15101025
v 0.88536246 0.22775172 0.05704032
v 0.71634627 0.22560039 0.05704033
v 0.88536246 0.24125294 -0.00209340
v 0.71537928 0.24747800 -0.00209340
v 0.88536246 0.23686471 0.15101024
v 0.72402549 0.24523989 -0.14026729
v 0.71923300 0.23685378 -0.11055402
v 0.73256185 0.24303031 -0.15519708
v 0.71634627 0.22560037 -0.06122713
v 0.71537928 0.24747800 -0.00209340
v 0.76068258 0.13369388 0.10845002
v 0.88536246 0.17415450 0.14076432
v 0.74022179 0.17023822 0.14076433
v 0.77286959 0.11168434 0.05710260
v 0.76068258 0.13369391 -0.11263680
v 0.74022179 0.17023817 -0.14495111
v 0.77286959 0.11168433 -0.06128941
v 0.88536246 0.23686471 0.15101024
v 0.74022179 0.17023822 0.14076433
v 0.73256185 0.24303032 0.15101025
v 0.77689439 0.10431331 -0.00209340
v 0.74022179 0.17023817 -0.14495111
v 0.88536246 0.17415445 -0.14495112
v 0.73256185 0.24303031 -0.15519708
v 0.72402549 0.24523993 0.13608045
v 0.74022179 0.17023822 0.14076433
v 0.73256185 0.24303032 0.15101025
v 0.73320474 0.16764271 0.12671275
v 0.71923300 0.23685379 0.10636725
v 0.72968453 0.16566024 0.09890233
v 0.72763213 0.16424390 0.05294195
v 0.74071079 0.14921897 0.08342959
v 0.71634627 0.22560039 0.05704033
v 0.74983123 0.13945297 0.09809321
v 0.73320474 0.16764271 0.12671275
v 0.76068258 0.13369388 0.10845002
v 0.73320474 0.16764271 0.12671275
v 0.74022179 0.17023822 0.14076433
v 0.76110386 0.11954810 0.05174950
v 0.77286959 0.11168434 0.05710260
v 0.72697280 0.16367729 -0.00209340
v 0.71634627 0.22560037 -0.06122713
v 0.72763213 0.16424387 -0.05712875
v 0.74594296 0.13806857 -0.05264439
v 0.71537928 0.24747800 -0.00209340
v 0.74855387 0.13257427 -0.00209340
v 0.74594296 0.13806859 0.04845759
v 0.71923300 0.23685378 -0.11055402
v 0.72968453 0.16566022 -0.10308912
v 0.74071079 0.14921895 -0.08761636
v 0.74983123 0.13945295 -0.10227999
v 0.73320474 0.16764270 -0.13089953
v 0.76110391 0.11954810 -0.05593629
v 0.76471195 0.11277493 -0.00209340
v 0.72402549 0.24523989 -0.14026729
v 0.74022179 0.17023817 -0.14495111
v 0.73256185 0.24303031 -0.15519708
v 0.76068258 0.13369391 -0.11263680
v 0.73320474 0.16764270 -0.13089953
v 0.74022179 0.17023817 -0.14495111
v 0.77286959 0.11168433 -0.06128941
v 0.77689439 0.10431331 -0.00209340
v 1.22623881 0.30945693 0.14390430
v 0.20800487 0.30945693 0.14390430
v 0.20800487 0.27950794 0.14986153
v 1.22623881 0.27950794 0.14986149
v 0.20800487 0.24955910 0.14390430
v 1.22623881 0.24955903 0.14390426
v 0.20800487 0.22416962 0.12693959
v 1.22623881 0.22416957 0.12693959
v 0.20800487 0.20720488 0.10155013
v 1.22623881 0.20720488 0.10155013
v 1.22623881 0.35181113 0.10155013
v 0.20800487 0.35776838 0.07160122
v 0.20800487 0.35181113 0.10155013
v 1.22623881 0.35776838 0.07160121
v 1.22623881 0.33484639 0.12693956
v 0.20800487 0.35776838 -0.00209341
v 0.20800487 0.20124765 0.07160123
v 1.22623881 0.20124765 0.07160123
v 0.20800487 0.33484639 0.12693960
v 0.54153106 0.24448470 0.10662449
v 0.54153106 0.23374783 0.05264673
v 0.54153106 0.24448468 0.03657790
v 0.54153106 0.27950794 0.12113161
v 0.54153106 0.26055346 0.11736134
v 0.54153106 0.27950799 0.02207080
v 0.54153106 0.26055344 0.02584106
v 0.54153106 0.32526818 0.09055566
v 0.54153106 0.31453131 0.10662450
v 0.54153106 0.29846250 0.11736135
v 0.54153106 0.32526818 0.05264673
v 0.54153106 0.32903850 0.07160120
v 0.54153106 0.31453129 0.03657789
v 0.54153106 0.29846248 0.02584105
v 0.54153106 0.23374783 0.09055568
v 0.54153106 0.22997753 0.07160121
v 0.54153106 0.26055346 0.11736134
v 1.33791845 0.27950794 0.12113161
v 1.33791845 0.26055346 0.11736134
v 0.54153106 0.27950794 0.12113161
v 0.54153106 0.24448470 0.10662449
v 1.33791845 0.29846250 0.11736135
v 0.54153106 0.29846250 0.11736135
v 1.33791845 0.31453131 0.10662450
v 0.54153106 0.27950799 0.02207080
v 1.33791845 0.26055344 0.02584106
v 1.33791845 0.27950799 0.02207080
v 0.54153106 0.26055344 0.02584106
v 0.54153106 0.29846248 0.02584105
v 1.33791845 0.24448468 0.03657790
v 0.54153106 0.31453131 0.10662450
v 1.33791845 0.32526818 0.09055566
v 0.54153106 0.24448468 0.03657790
v 0.54153106 0.24448468 0.03657790
v 1.33791845 0.23374783 0.05264673
v 0.54153106 0.32526818 0.09055566
v 1.33791845 0.32903850 0.07160120
v 0.54153106 0.32903850 0.07160120
v 1.33791845 0.32526818 0.05264673
v 0.54153106 0.23374783 0.05264673
v 1.33791845 0.22997753 0.07160121
v 0.54153106 0.22997753 0.07160121
v 1.33791845 0.23374783 0.09055568
v 0.54153106 0.32526818 0.05264673
v 1.33791845 0.31453129 0.03657789
v 0.54153106 0.31453129 0.03657789
v 1.33791845 0.29846248 0.02584105
v 0.54153106 0.23374783 0.09055568
v 1.33791845 0.24448470 0.10662449
v 0.54153106 0.24448470 0.10662449
v 1.33791845 0.24448470 0.10662449
v 1.33791845 0.26055346 0.11736134
v 1.33791845 0.27950794 0.14986148
v 1.33791845 0.24955903 0.14390426
v 1.33791845 0.22416957 0.12693957
v 1.33791845 0.24448470 0.10662449
v 1.33791845 0.27950794 0.12113161
v 1.33791845 0.29846250 0.11736135
v 1.33791845 0.30945693 0.14390430
v 1.33791845 0.32903850 0.07160120
v 1.33791845 0.35181113 0.10155011
v 1.33791845 0.32526818 0.09055566
v 1.33791845 0.35181111 0.04165227
v 1.33791845 0.35776838 0.07160120
v 1.33791845 0.33484639 0.12693956
v 1.33791845 0.31453131 0.10662450
v 1.33791845 0.22416960 0.01626282
v 1.33791845 0.20720488 -0.00209339
v 1.33791845 0.22416960 -0.00209339
v 1.33791845 0.23374783 0.05264673
v 1.33791845 0.20720488 0.04165228
v 1.33791845 0.24448468 0.03657790
v 1.33791845 0.20124763 -0.00209339
v 1.33791845 0.22997753 0.07160121
v 1.33791845 0.20124765 0.07160121
v 1.33791845 0.25057276 0.00174534
v 1.33791845 0.26055344 0.02584106
v 1.33791845 0.23374783 0.09055568
v 1.33791845 0.29846248 0.02584105
v 1.33791845 0.27950799 0.02207080
v 1.33791845 0.27950800 0.00150285
v 1.33791845 0.30844321 0.00174532
v 1.33791845 0.31453129 0.03657789
v 1.33791845 0.33484637 -0.00209341
v 1.33791845 0.33484637 0.01626280
v 1.33791845 0.27950800 -0.00209340
v 1.33791845 0.30945691 -0.00209340
v 1.33791845 0.24955906 -0.00209339
v 1.33791845 0.32526818 0.05264673
v 1.33791845 0.35181111 -0.00209341
v 1.33791845 0.20720488 0.10155012
v 1.33791845 0.35776838 -0.00209341
v 1.33791845 0.33484639 0.12693956
v 1.26516307 0.35181113 0.10155013
v 1.26516307 0.33484639 0.12693956
v 1.26516307 0.30945693 0.14390430
v 1.33791845 0.30945693 0.14390430
v 1.26516307 0.27950794 0.14986149
v 1.33791845 0.27950794 0.14986148
v 1.33791845 0.20720488 0.10155012
v 1.26516307 0.20720488 0.10155013
v 1.26516307 0.20124765 0.07160123
v 1.33791845 0.20124765 0.07160121
v 1.26516307 0.20124763 -0.00209339
v 1.33791845 0.20124763 -0.00209339
v 1.33791845 0.35181113 0.10155011
v 1.26516307 0.35776838 0.07160121
v 1.33791845 0.35776838 0.07160120
v 1.26516307 0.35776838 -0.00209341
v 1.33791845 0.24955903 0.14390426
v 1.26516307 0.24955903 0.14390426
v 1.26516307 0.22416957 0.12693959
v 1.33791845 0.22416957 0.12693957
v 1.33791845 0.33484637 -0.02044961
v 1.33791845 0.35181111 -0.04583910
v 0.20800487 0.35776838 0.07160122
v 0.20800487 0.35776838 -0.00209341
v 0.20800487 0.35181111 0.04165229
v 0.20800487 0.35776839 -0.07578804
v 0.20800487 0.35181111 -0.04583911
v 0.20800487 0.35181111 -0.00209341
v 0.20800487 0.33484637 0.01626281
v 0.20800487 0.33484637 -0.02044962
v 0.20800487 0.33484637 -0.00209341
v 1.23337265 0.19338729 0.07160123
v 1.23337265 0.19338728 -0.00209338
v 1.25802923 0.19338729 0.07160123
v 1.25802923 0.19338727 -0.07578799
v 1.25802923 0.19338728 -0.00209338
v 1.23337265 0.19994287 0.10455817
v 1.25802923 0.34040452 0.13249771
v 1.26516307 0.30945693 0.14390430
v 1.26516307 0.33484639 0.12693956
v 1.25802923 0.31246493 0.15116636
v 1.25802923 0.35907311 0.10455815
v 1.25802923 0.27950794 0.15772185
v 1.26516307 0.27950794 0.14986149
v 1.23337265 0.35907311 0.10455815
v 1.22623881 0.35776838 0.07160121
v 1.22623881 0.35181113 0.10155013
v 1.22623881 0.33484639 0.12693956
v 1.23337265 0.34040452 0.13249771
v 1.23337265 0.36562867 -0.00209341
v 1.22623881 0.35776838 -0.00209341
v 1.23337265 0.36562867 0.07160122
v 1.23337265 0.31246493 0.15116636
v 1.22623881 0.27950794 0.14986149
v 1.23337265 0.27950794 0.15772185
v 1.22623881 0.30945693 0.14390430
v 1.25802923 0.24655104 0.15116631
v 1.26516307 0.24955903 0.14390426
v 0.20800487 0.20124763 -0.00209339
v 1.22623881 0.20124765 0.07160123
v 0.20800487 0.20124765 0.07160123
v 1.22623881 0.20124764 -0.07578799
v 1.22623881 0.20124763 -0.00209339
v 1.33791845 0.20124764 -0.07578797
v 1.33791845 0.20720486 -0.04583906
v 1.33791845 0.22416960 -0.02044960
v 1.26516307 0.35776838 0.07160121
v 1.25802923 0.36562867 0.07160121
v 1.26516307 0.35181113 0.10155013
v 1.26516307 0.35776838 -0.00209341
v 1.25802923 0.36562867 -0.00209341
v 1.33791845 0.30844321 -0.00593212
v 0.20800487 0.20124763 -0.00209339
v 0.20800487 0.20124765 0.07160123
v 0.20800487 0.20720488 0.04165231
v 0.20800487 0.20720488 -0.00209339
v 0.20800487 0.22416960 0.01626285
v 0.20800487 0.22416960 -0.00209339
v 0.20800487 0.22416960 -0.02044963
v 0.20800487 0.20720486 -0.04583908
v 1.33791845 0.25057276 -0.00593213
v 1.23337265 0.24655104 0.15116631
v 1.22623881 0.24955903 0.14390426
v 1.23337265 0.21861144 0.13249770
v 1.22623881 0.20124765 0.07160123
v 1.22623881 0.20124763 -0.00209339
v 1.23337265 0.19338729 0.07160123
v 1.23337265 0.19994287 0.10455817
v 1.22623881 0.20720488 0.10155013
v 1.23337265 0.19338728 -0.00209338
v 1.22623881 0.20124764 -0.07578799
v 1.23337265 0.19338727 -0.07578799
v 0.20800487 0.24955906 -0.00348493
v 0.20800487 0.24955906 -0.00070186
v 0.20800487 0.24955906 -0.00209339
v 1.25802923 0.21861144 0.13249770
v 1.26516307 0.22416957 0.12693959
v 1.26516307 0.35776839 -0.07578804
v 1.25802923 0.36562868 -0.07578803
v 1.25802923 0.36562867 0.07160121
v 1.23337265 0.36562867 -0.00209341
v 1.23337265 0.36562867 0.07160122
v 1.25802923 0.36562868 -0.07578803
v 1.23337265 0.36562868 -0.07578804
v 1.25802923 0.36562867 -0.00209341
v 0.20800487 0.27950800 -0.00209340
v 0.20800487 0.27950800 0.00016813
v 1.23337265 0.34040452 0.13249771
v 1.25802923 0.31246493 0.15116636
v 1.25802923 0.34040452 0.13249771
v 1.23337265 0.35907311 0.10455815
v 1.23337265 0.31246493 0.15116636
v 1.25802923 0.35907311 0.10455815
v 1.25802923 0.27950794 0.15772185
v 1.25802923 0.19994287 0.10455817
v 1.23337265 0.21861144 0.13249770
v 0.20800487 0.30945691 -0.00070189
v 0.20800487 0.30945691 -0.00209340
v 0.20800487 0.30945691 -0.00348492
v 0.20800487 0.27950800 -0.00435493
v 1.23337265 0.24655104 0.15116631
v 1.25802923 0.21861144 0.13249770
v 1.25802923 0.24655104 0.15116631
v 1.23337265 0.27950794 0.15772185
v 1.25802923 0.19338729 0.07160123
v 1.26516307 0.20720488 0.10155013
v 1.25802923 0.19994287 0.10455817
v 1.26516307 0.20124763 -0.00209339
v 1.26516307 0.20124765 0.07160123
v 1.25802923 0.19338728 -0.00209338
v 1.26516307 0.20124764 -0.07578799
v 1.33791845 0.35776839 -0.07578802
v 1.26516307 0.35776839 -0.07578804
v 1.33791845 0.35776838 -0.00209341
v 1.22623881 0.22416957 0.12693959
v 1.33791845 0.27950800 -0.00568965
v 1.22623881 0.35776838 -0.00209341
v 1.22623881 0.35776839 -0.07578804
v 0.20800487 0.35776839 -0.07578804
v 1.33791845 0.20124764 -0.07578797
v 1.22623881 0.35776839 -0.07578804
v 0.20800487 0.30945689 -0.14809110
v 1.22623881 0.30945689 -0.14809110
v 0.20800487 0.27950791 -0.15404834
v 1.22623881 0.33484635 -0.13112640
v 1.22623881 0.27950791 -0.15404831
v 0.20800487 0.24955904 -0.14809111
v 1.22623881 0.24955900 -0.14809108
v 0.20800487 0.22416961 -0.13112638
v 1.22623881 0.22416956 -0.13112638
v 0.20800487 0.20720487 -0.10573692
v 0.20800487 0.35776839 -0.07578804
v 1.22623881 0.35181109 -0.10573695
v 0.20800487 0.35181109 -0.10573695
v 1.22623881 0.35776839 -0.07578804
v 0.20800487 0.33484635 -0.13112642
v 1.22623881 0.20720487 -0.10573692
v 0.20800487 0.20124764 -0.07578799
v 0.54153106 0.31453129 -0.04076471
v 0.54153106 0.31453127 -0.11081132
v 0.54153106 0.32526814 -0.09474248
v 0.54153106 0.32526818 -0.05683353
v 0.54153106 0.24448468 -0.11081126
v 0.54153106 0.27950791 -0.12531843
v 0.54153106 0.27950800 -0.02625760
v 0.54153106 0.29846244 -0.12154818
v 0.54153106 0.32903850 -0.07578801
v 0.54153106 0.24448468 -0.04076469
v 0.54153106 0.23374781 -0.09474246
v 0.54153106 0.26055344 -0.03002785
v 0.54153106 0.23374781 -0.05683351
v 0.54153106 0.22997749 -0.07578798
v 0.54153106 0.29846248 -0.03002785
v 0.54153106 0.26055342 -0.12154814
v 1.33791845 0.27950791 -0.12531843
v 0.54153106 0.26055342 -0.12154814
v 1.33791845 0.26055342 -0.12154814
v 0.54153106 0.27950791 -0.12531843
v 0.54153106 0.24448468 -0.11081126
v 1.33791845 0.24448468 -0.11081126
v 1.33791845 0.29846244 -0.12154818
v 0.54153106 0.29846244 -0.12154818
v 1.33791845 0.26055344 -0.03002785
v 0.54153106 0.26055344 -0.03002785
v 0.54153106 0.27950800 -0.02625760
v 1.33791845 0.27950800 -0.02625760
v 0.54153106 0.29846248 -0.03002785
v 1.33791845 0.29846248 -0.03002785
v 1.33791845 0.31453127 -0.11081132
v 0.54153106 0.31453127 -0.11081132
v 1.33791845 0.32526814 -0.09474248
v 0.54153106 0.32526814 -0.09474248
v 1.33791845 0.24448468 -0.04076469
v 0.54153106 0.24448468 -0.04076469
v 1.33791845 0.23374781 -0.05683351
v 0.54153106 0.23374781 -0.05683351
v 1.33791845 0.32903850 -0.07578801
v 0.54153106 0.32903850 -0.07578801
v 1.33791845 0.32526818 -0.05683353
v 0.54153106 0.32526818 -0.05683353
v 1.33791845 0.22997749 -0.07578798
v 0.54153106 0.22997749 -0.07578798
v 1.33791845 0.23374781 -0.09474246
v 0.54153106 0.23374781 -0.09474246
v 1.33791845 0.31453129 -0.04076471
v 0.54153106 0.31453129 -0.04076471
v 1.33791845 0.26055342 -0.12154814
v 1.33791845 0.27950791 -0.15404827
v 1.33791845 0.27950791 -0.12531843
v 1.33791845 0.22416956 -0.13112634
v 1.33791845 0.24955900 -0.14809108
v 1.33791845 0.29846244 -0.12154818
v 1.33791845 0.32903850 -0.07578801
v 1.33791845 0.35181109 -0.10573694
v 1.33791845 0.35776839 -0.07578802
v 1.33791845 0.32526818 -0.05683353
v 1.33791845 0.32526814 -0.09474248
v 1.33791845 0.33484635 -0.13112640
v 1.33791845 0.23374781 -0.05683351
v 1.33791845 0.24448468 -0.04076469
v 1.33791845 0.22997749 -0.07578798
v 1.33791845 0.24448468 -0.11081126
v 1.33791845 0.23374781 -0.09474246
v 1.33791845 0.29846248 -0.03002785
v 1.33791845 0.26055344 -0.03002785
v 1.33791845 0.27950800 -0.02625760
v 1.33791845 0.31453127 -0.11081132
v 1.33791845 0.31453129 -0.04076471
v 1.33791845 0.20720487 -0.10573690
v 1.33791845 0.30945689 -0.14809110
v 1.26516307 0.33484635 -0.13112640
v 1.33791845 0.33484635 -0.13112640
v 1.26516307 0.30945689 -0.14809110
v 1.26516307 0.35181109 -0.10573695
v 1.33791845 0.35181109 -0.10573694
v 1.33791845 0.30945689 -0.14809110
v 1.26516307 0.27950791 -0.15404831
v 1.26516307 0.20720487 -0.10573692
v 1.33791845 0.20720487 -0.10573690
v 1.26516307 0.20124764 -0.07578799
v 1.33791845 0.22416956 -0.13112634
v 1.26516307 0.24955900 -0.14809108
v 1.33791845 0.24955900 -0.14809108
v 1.26516307 0.22416956 -0.13112638
v 1.33791845 0.27950791 -0.15404827
v 1.23337265 0.19994285 -0.10874494
v 1.25802923 0.19994285 -0.10874494
v 1.23337265 0.19338727 -0.07578799
v 1.25802923 0.31246490 -0.15535314
v 1.25802923 0.34040448 -0.13668455
v 1.26516307 0.30945689 -0.14809110
v 1.26516307 0.33484635 -0.13112640
v 1.25802923 0.35907308 -0.10874497
v 1.26516307 0.35181109 -0.10573695
v 1.23337265 0.36562868 -0.07578804
v 1.23337265 0.35907308 -0.10874497
v 1.22623881 0.33484635 -0.13112640
v 1.22623881 0.35181109 -0.10573695
v 1.23337265 0.31246490 -0.15535314
v 1.22623881 0.27950791 -0.15404831
v 1.22623881 0.30945689 -0.14809110
v 1.23337265 0.24655099 -0.15535313
v 1.22623881 0.24955900 -0.14809108
v 1.23337265 0.27950791 -0.16190866
v 1.23337265 0.34040448 -0.13668455
v 1.25802923 0.27950791 -0.16190866
v 1.26516307 0.27950791 -0.15404831
v 1.25802923 0.24655099 -0.15535313
v 0.20800487 0.20124764 -0.07578799
v 1.23337265 0.21861143 -0.13668449
v 1.22623881 0.22416956 -0.13112638
v 1.23337265 0.19994285 -0.10874494
v 1.26516307 0.24955900 -0.14809108
v 1.25802923 0.21861143 -0.13668449
v 1.25802923 0.35907308 -0.10874497
v 1.23337265 0.35907308 -0.10874497
v 1.23337265 0.31246490 -0.15535314
v 1.23337265 0.34040448 -0.13668455
v 1.25802923 0.31246490 -0.15535314
v 1.25802923 0.34040448 -0.13668455
v 1.23337265 0.21861143 -0.13668449
v 1.25802923 0.21861143 -0.13668449
v 1.23337265 0.24655099 -0.15535313
v 1.23337265 0.27950791 -0.16190866
v 1.25802923 0.24655099 -0.15535313
v 1.25802923 0.27950791 -0.16190866
v 1.25802923 0.19994285 -0.10874494
v 1.26516307 0.20720487 -0.10573692
v 1.25802923 0.19338727 -0.07578799
v 1.26516307 0.22416956 -0.13112638
v 1.22623881 0.20720487 -0.10573692
v 0.26017502 0.34782442 -0.03738594
v 0.31271665 0.34782442 0.03319912
v 0.26017502 0.34782442 0.03319912
v 0.31271665 0.34782442 -0.07578802
v 0.31271665 0.34782442 -0.03738594
v 0.26017502 0.34782442 -0.07578804
v 0.49320720 0.34782442 -0.07578802
v 0.49320720 0.34782442 -0.03738594
v 0.26017502 0.39226669 -0.03738595
v 0.26017502 0.34782442 -0.07578804
v 0.26017502 0.34782442 -0.03738594
v 0.26017502 0.39226669 -0.07578804
v 0.26017502 0.39226669 0.03319911
v 0.26017502 0.41401801 -0.05468836
v 0.26017502 0.41401801 -0.07578804
v 0.31271665 0.39226669 0.03319911
v 0.26017502 0.39226669 0.03319911
v 0.26017502 0.41401800 0.05050152
v 0.31271665 0.41401800 0.05050152
v 0.31271665 0.41401800 0.07160119
v 0.31271665 0.39226669 0.07160119
v 0.31271665 0.41401800 0.05050152
v 0.31271665 0.39226669 0.03319911
v 0.31271665 0.39226669 -0.07578802
v 0.43585827 0.39226669 -0.07578802
v 0.31271665 0.34782442 -0.07578802
v 0.26017502 0.39226669 -0.07578804
v 0.26017502 0.41401801 -0.07578804
v 0.31271665 0.41401801 -0.07578802
v 0.49320720 0.34782442 -0.07578802
v 0.43585827 0.39226669 0.07160119
v 0.31271665 0.39226669 0.03319911
v 0.31271665 0.39226669 0.07160119
v 0.43585827 0.39226669 0.03319911
v 0.31271665 0.39226669 -0.03738595
v 0.31271665 0.34782441 0.07160119
v 0.26017502 0.34782441 0.07160120
v 0.49320720 0.34782442 0.03319912
v 0.26017502 0.34782442 -0.07578804
v 0.31271665 0.39226669 0.07160119
v 0.26017502 0.34782441 0.07160120
v 0.31271665 0.34782441 0.07160119
v 0.26017502 0.39226669 0.07160120
v 0.43585827 0.39226669 0.07160119
v 0.26017502 0.39226669 0.03319911
v 0.26017502 0.39226669 -0.03738595
v 0.43585827 0.39226669 -0.03738595
v 0.49320720 0.34782441 0.07160119
v 0.26017502 0.34782442 0.03319912
v 0.26017502 0.39226669 0.07160120
v 0.26017502 0.34782441 0.07160120
v 0.26017502 0.41401800 0.05050152
v 0.26017502 0.41401801 -0.05468836
v 0.31271665 0.41401801 -0.07578802
v 0.26017502 0.41401801 -0.07578804
v 0.31271665 0.41401801 -0.05468836
v 0.31271665 0.41401800 0.07160119
v 0.26017502 0.41401800 0.05050152
v 0.26017502 0.41401800 0.07160120
v 0.31271665 0.41401800 0.05050152
v 0.31271665 0.41401800 0.07160119
v 0.26017502 0.41401800 0.07160120
v 0.31271665 0.41401801 -0.05468836
v 0.26017502 0.39226669 -0.03738595
v 0.31271665 0.39226669 -0.03738595
v 0.26017502 0.41401801 -0.05468836
v 0.31271665 0.39226669 -0.07578802
v 0.31271665 0.41401801 -0.05468836
v 0.31271665 0.39226669 -0.03738595
v 0.31271665 0.41401801 -0.07578802
v 0.26017502 0.41401800 0.07160120
v 0.43585827 0.39226669 0.07160119
v 0.49320720 0.34782442 0.03319912
v 0.43585827 0.39226669 0.03319911
v 0.49320720 0.34782441 0.07160119
v 0.49320720 0.34782442 -0.03738594
v 0.43585827 0.39226669 -0.03738595
v 0.49320720 0.34782442 -0.07578802
v 0.43585827 0.39226669 -0.07578802
v 0.49320720 0.34782441 0.07160119
v 0.31271665 0.39226669 -0.07578802
v 0.43585827 0.39226669 -0.07578802
v 1.33019025 0.39226669 0.07160119
v 1.33019025 0.34782442 0.03319910
v 1.33019025 0.39226669 0.03319910
v 1.33019025 0.34782441 0.07160119
v 1.33019025 0.34782442 -0.03738594
v 1.33019025 0.39226669 -0.03738595
v 1.33019025 0.42709182 0.02495911
v 1.27764875 0.42709182 0.02495912
v 1.27764875 0.39226669 0.03319911
v 1.33019025 0.39226669 0.03319910
v 1.33019025 0.39226669 0.07160119
v 1.27764875 0.39226669 0.03319911
v 1.27764875 0.39226669 0.07160119
v 1.33019025 0.39226669 0.03319910
v 1.15450723 0.39226669 0.03319911
v 1.15450723 0.39226669 0.07160119
v 1.27764875 0.34782441 0.07160119
v 1.27764875 0.39226669 0.07160119
v 1.09715816 0.34782441 0.07160121
v 1.27764875 0.39226669 -0.07578801
v 1.33019025 0.39226669 -0.03738595
v 1.33019025 0.39226669 -0.07578804
v 1.15450723 0.39226669 -0.07578801
v 1.27764875 0.39226669 -0.03738595
v 1.15450723 0.39226669 -0.03738594
v 1.33019025 0.39226669 0.07160119
v 1.33019025 0.34782441 0.07160119
v 1.27764875 0.39226669 -0.07578801
v 1.33019025 0.34782442 -0.07578804
v 1.27764875 0.34782442 -0.07578801
v 1.33019025 0.39226669 -0.07578804
v 1.15450723 0.39226669 -0.07578801
v 1.27764875 0.42709182 0.02495912
v 1.27764875 0.39226669 -0.03738595
v 1.27764875 0.39226669 0.03319911
v 1.27764875 0.42709182 -0.02914597
v 1.09715816 0.34782442 -0.07578801
v 1.33019025 0.34782442 -0.07578804
v 1.33019025 0.39226669 -0.07578804
v 1.33019025 0.42709182 0.02495911
v 1.33019025 0.42709182 -0.02914597
v 1.33019025 0.42709182 0.02495911
v 1.27764875 0.42709182 -0.02914597
v 1.27764875 0.42709182 0.02495912
v 1.33019025 0.42709182 -0.02914597
v 1.27764875 0.39226669 -0.03738595
v 1.27764875 0.42709182 -0.02914597
v 1.33019025 0.39226669 -0.03738595
v 1.33019025 0.42709182 -0.02914597
v 1.15450723 0.39226669 -0.03738594
v 1.09715816 0.34782442 -0.07578801
v 1.09715816 0.34782442 -0.03738593
v 1.15450723 0.39226669 -0.07578801
v 1.15450723 0.39226669 0.03319911
v 1.15450723 0.39226669 0.07160119
v 1.09715816 0.34782442 0.03319914
v 1.09715816 0.34782441 0.07160121
v 1.15450723 0.39226669 0.07160119
vt 0.01562504 0.95214838
vt 0.01562504 0.95214838
vt 0.01562504 0.95214838
vt 0.01562504 0.95214838
vt 0.01562504 0.95214838
vt 0.01562504 0.95214838
vt 0.01562504 0.95214838
vt 0.01562504 0.95214838
vt 0.01562504 0.95214838
vt 0.01562504 0.95214838
vt 0.01562504 0.95214838
vt 0.01562504 0.95214838
vt 0.01562504 0.95214838
vt 0.01562504 0.95214838
vt 0.01562504 0.95214838
vt 0.01562498 0.95214838
vt 0.01562504 0.95214838
vt 0.01562504 0.95214838
vt 0.01562498 0.95214838
vt 0.01562504 0.95214838
vt 0.01562504 0.95214838
vt 0.01562504 0.95214838
vt 0.01562504 0.95214838
vt 0.01562504 0.95214838
vt 0.01562504 0.95214838
vt 0.01562504 0.95214838
vt 0.01562504 0.95214838
vt 0.01562504 0.95214838
vt 0.01562504 0.95214838
vt 0.04492190 0.98437494
vt 0.04492190 0.98437494
vt 0.04492190 0.98437494
vt 0.04492190 0.98437494
vt 0.04492190 0.98437494
vt 0.01562504 0.95214838
vt 0.04492190 0.98437494
vt 0.04492190 0.98437494
vt 0.04492190 0.98437494
vt 0.04492190 0.98437494
vt 0.04492190 0.98437494
vt 0.04492190 0.98437494
vt 0.04492190 0.98437494
vt 0.01562504 0.95214838
vt 0.01562498 0.95214838
vt 0.01562504 0.95214838
vt 0.01562504 0.95214838
vt 0.01562504 0.95214838
vt 0.01562504 0.95214838
vt 0.01562504 0.95214838
vt 0.01562504 0.95214838
vt 0.01562504 0.95214838
vt 0.01562504 0.95214838
vt 0.01562504 0.95214838
vt 0.01562504 0.95214838
vt 0.01562504 0.95214838
vt 0.01562504 0.95214838
vt 0.01562504 0.95214838
vt 0.04492190 0.98437494
vt 0.04492190 0.98437494
vt 0.04492190 0.98437494
vt 0.04492190 0.98437494
vt 0.04492190 0.98437494
vt 0.04492190 0.98437494
vt 0.04492190 0.98437494
vt 0.04492190 0.98437494
vt 0.04492190 0.98437494
vt 0.04492190 0.98437494
vt 0.04492190 0.98437494
vt 0.04492190 0.98437494
vt 0.01562504 0.95214838
vt 0.01562504 0.95214838
vt 0.01562504 0.95214838
vt 0.01562504 0.95214838
vt 0.01562504 0.95214838
vt 0.01562504 0.95214838
vt 0.01562504 0.95214838
vt 0.01562504 0.95214838
vt 0.01562504 0.95214838
vt 0.01562504 0.95214838
vt 0.01562504 0.95214838
vt 0.01562504 0.95214838
vt 0.01562504 0.95214838
vt 0.01562504 0.95214838
vt 0.04492190 0.98437494
vt 0.04492190 0.98437494
vt 0.04492190 0.98437494
vt 0.04492190 0.98437494
vt 0.04492190 0.98437494
vt 0.01562504 0.95214838
vt 0.01562504 0.95214838
vt 0.01562504 0.95214838
vt 0.01562504 0.95214838
vt 0.04492190 0.98437494
vt 0.04492190 0.98437494
vt 0.04492190 0.98437494
vt 0.04492190 0.98437494
vt 0.01562504 0.95214838
vt 0.01562504 0.95214838
vt 0.01562504 0.95214838
vt 0.01562504 0.95214838
vt 0.01562504 0.95214838
vt 0.01562504 0.95214838
vt 0.01562504 0.95214838
vt 0.01562504 0.95214838
vt 0.01562504 0.95214838
vt 0.01562504 0.95214838
vt 0.01562504 0.95214838
vt 0.01562504 0.95214838
vt 0.01562504 0.95214838
vt 0.01562504 0.95214838
vt 0.01562504 0.95214838
vt 0.01562504 0.95214838
vt 0.01562504 0.95214838
vt 0.01562504 0.95214838
vt 0.01562504 0.95214838
vt 0.01562504 0.95214838
vt 0.01562498 0.95214838
vt 0.01562504 0.95214838
vt 0.01562498 0.95214838
vt 0.01562504 0.95214838
vt 0.01562504 0.95214838
vt 0.01562498 0.95214838
vt 0.01562504 0.95214838
vt 0.01562504 0.95214838
vt 0.01562504 0.95214838
vt 0.01562504 0.95214838
vt 0.01562504 0.95214838
vt 0.01562504 0.95214838
vt 0.01562504 0.95214838
vt 0.01562498 0.95214838
vt 0.01562504 0.95214838
vt 0.01562504 0.95214838
vt 0.01562504 0.95214838
vt 0.01562504 0.95214838
vt 0.01562504 0.95214838
vt 0.01562504 0.95214838
vt 0.01562504 0.95214838
vt 0.01562504 0.95214838
vt 0.01562504 0.95214838
vt 0.01562504 0.95214838
vt 0.01562504 0.95214838
vt 0.01562504 0.95214838
vt 0.01562504 0.95214838
vt 0.04492190 0.98437494
vt 0.04492190 0.98437494
vt 0.04492190 0.98437494
vt 0.04492190 0.98437494
vt 0.04492190 0.98437494
vt 0.04492190 0.98437494
vt 0.04492190 0.98437494
vt 0.04492190 0.98437494
vt 0.01562504 0.95214838
vt 0.01562504 0.95214838
vt 0.01562504 0.95214838
vt 0.04492190 0.98437494
vt 0.04492190 0.98437494
vt 0.04492190 0.98437494
vt 0.04492190 0.98437494
vt 0.01562504 0.95214838
vt 0.01562504 0.95214838
vt 0.01562504 0.95214838
vt 0.01562504 0.95214838
vt 0.01562504 0.95214838
vt 0.01562504 0.95214838
vt 0.01562504 0.95214838
vt 0.01562504 0.95214838
vt 0.01562504 0.95214838
vt 0.01562504 0.95214838
vt 0.01562504 0.95214838
vt 0.01562504 0.95214838
vt 0.01562504 0.95214838
vt 0.01562504 0.95214838
vt 0.01562504 0.95214838
vt 0.01562504 0.95214838
vt 0.01562504 0.95214838
vt 0.01562504 0.95214838
vt 0.01562504 0.95214838
vt 0.01562504 0.95214838
vt 0.01562504 0.95214838
vt 0.01562504 0.95214838
vt 0.01562504 0.95214838
vt 0.01562504 0.95214838
vt 0.01562504 0.95214838
vt 0.01562504 0.95214838
vt 0.01562504 0.95214838
vt 0.01562504 0.95214838
vt 0.01562504 0.95214838
vt 0.04492190 0.98437494
vt 0.04492190 0.98437494
vt 0.04492190 0.98437494
vt 0.04492190 0.98437494
vt 0.04492190 0.98437494
vt 0.04492190 0.98437494
vt 0.04492190 0.98437494
vt 0.01562504 0.95214838
vt 0.01562504 0.95214838
vt 0.04492190 0.98437494
vt 0.04492190 0.98437494
vt 0.04492190 0.98437494
vt 0.04492190 0.98437494
vt 0.04492190 0.98437494
vt 0.04492190 0.98437494
vt 0.04492190 0.98437494
vt 0.04492190 0.98437494
vt 0.04492190 0.98437494
vt 0.04492190 0.98437494
vt 0.04492190 0.98437494
vt 0.04492190 0.98437494
vt 0.04492190 0.98437494
vt 0.04492190 0.98437494
vt 0.04492190 0.98437494
vt 0.04492190 0.98437494
vt 0.04492190 0.98437494
vt 0.04492190 0.98437494
vt 0.04492190 0.98437494
vt 0.04492190 0.98437494
vt 0.04492190 0.98437494
vt 0.04492190 0.98437494
vt 0.04492190 0.98437494
vt 0.04492190 0.98437494
vt 0.04492190 0.98437494
vt 0.04492190 0.98437494
vt 0.04492190 0.98437494
vt 0.04492190 0.98437494
vt 0.04492190 0.98437494
vt 0.04492190 0.98437494
vt 0.04492190 0.98437494
vt 0.04492190 0.98437494
vt 0.04492190 0.98437494
vt 0.04492190 0.98437494
vt 0.04492190 0.98437494
vt 0.04492190 0.98437494
vt 0.04492190 0.98437494
vt 0.04492190 0.98437494
vt 0.04492190 0.98437494
vt 0.04492190 0.98437494
vt 0.04492190 0.98437494
vt 0.04492190 0.98437494
vt 0.04492190 0.98437494
vt 0.04492190 0.98437494
vt 0.04492190 0.98437494
vt 0.04492190 0.98437494
vt 0.04492190 0.98437494
vt 0.04492190 0.98437494
vt 0.04492190 0.98437494
vt 0.04492190 0.98437494
vt 0.04492190 0.98437494
vt 0.04492190 0.98437494
vt 0.04492190 0.98437494
vt 0.04492190 0.98437494
vt 0.04492190 0.98437494
vt 0.04492190 0.98437494
vt 0.04492190 0.98437494
vt 0.04492190 0.98437494
vt 0.04492190 0.98437494
vt 0.04492190 0.98437494
vt 0.04492190 0.98437494
vt 0.04492190 0.98437494
vt 0.04492190 0.98437494
vt 0.04492190 0.98437494
vt 0.04492190 0.98437494
vt 0.04492190 0.98437494
vt 0.04492190 0.98437494
vt 0.04492190 0.98437494
vt 0.04492190 0.98437494
vt 0.04492190 0.98437494
vt 0.04492190 0.98437494
vt 0.04492190 0.98437494
vt 0.04492190 0.98437494
vt 0.04492190 0.98437494
vt 0.04492190 0.98437494
vt 0.04492190 0.98437494
vt 0.04492190 0.98437494
vt 0.04492190 0.98437494
vt 0.04492190 0.98437494
vt 0.04492190 0.98437494
vt 0.04492190 0.98437494
vt 0.04492190 0.98437494
vt 0.04492190 0.98437494
vt 0.04492190 0.98437494
vt 0.04492190 0.98437494
vt 0.04492190 0.98437494
vt 0.04492190 0.98437494
vt 0.04492190 0.98437494
vt 0.04492190 0.98437494
vt 0.04492190 0.98437494
vt 0.04492190 0.98437494
vt 0.04492190 0.98437494
vt 0.04492190 0.98437494
vt 0.04492190 0.98437494
vt 0.04492190 0.98437494
vt 0.04492190 0.98437494
vt 0.04492190 0.98437494
vt 0.04492190 0.98437494
vt 0.04492190 0.98437494
vt 0.04492190 0.98437494
vt 0.04492185 0.98437494
vt 0.04492190 0.98437494
vt 0.04492190 0.98437494
vt 0.04492190 0.98437494
vt 0.04492190 0.98437494
vt 0.04492190 0.98437494
vt 0.04492190 0.98437494
vt 0.04492190 0.98437494
vt 0.04492190 0.98437494
vt 0.04492190 0.98437494
vt 0.04492190 0.98437494
vt 0.04492190 0.98437494
vt 0.04492190 0.98437494
vt 0.04492190 0.98437494
vt 0.04492190 0.98437494
vt 0.04492190 0.98437494
vt 0.04492190 0.98437494
vt 0.04492190 0.98437494
vt 0.04492185 0.98437494
vt 0.04492190 0.98437494
vt 0.04492190 0.98437494
vt 0.04492190 0.98437494
vt 0.04492185 0.98437494
vt 0.04492185 0.98437494
vt 0.04492190 0.98437494
vt 0.04492190 0.98437494
vt 0.04492190 0.98437494
vt 0.04492190 0.98437494
vt 0.04492190 0.98437494
vt 0.04492190 0.98437494
vt 0.04492190 0.98437494
vt 0.04492190 0.98437494
vt 0.04492190 0.98437494
vt 0.04492190 0.98437494
vt 0.04492190 0.98437494
vt 0.04492190 0.98437494
vt 0.04492190 0.98437494
vt 0.04492190 0.98437494
vt 0.04492190 0.98437494
vt 0.04492185 0.98437494
vt 0.04492190 0.98437494
vt 0.04492190 0.98437494
vt 0.04492190 0.98437494
vt 0.04492190 0.98437494
vt 0.04492190 0.98437494
vt 0.04492190 0.98437494
vt 0.04492190 0.98437494
vt 0.04492190 0.98437494
vt 0.04492190 0.98437494
vt 0.04492190 0.98437494
vt 0.04492190 0.98437494
vt 0.04492190 0.98437494
vt 0.04492190 0.98437494
vt 0.04492190 0.98437494
vt 0.04492190 0.98437494
vt 0.04492190 0.98437494
vt 0.04492190 0.98437494
vt 0.04492190 0.98437494
vt 0.04492190 0.98437494
vt 0.04492190 0.98437494
vt 0.04492190 0.98437494
vt 0.04492190 0.98437494
vt 0.04492190 0.98437494
vt 0.04492190 0.98437494
vt 0.04492190 0.98437494
vt 0.04492185 0.98437494
vt 0.04492190 0.98437494
vt 0.04492190 0.98437494
vt 0.04492190 0.98437494
vt 0.04492190 0.98437494
vt 0.04492190 0.98437494
vt 0.04492190 0.98437494
vt 0.04492190 0.98437494
vt 0.04492190 0.98437494
vt 0.04492185 0.98437494
vt 0.04492190 0.98437494
vt 0.04492190 0.98437494
vt 0.04492185 0.98437494
vt 0.04492190 0.98437494
vt 0.04492185 0.98437494
vt 0.04492190 0.98437494
vt 0.04492190 0.98437494
vt 0.04492190 0.98437494
vt 0.04492185 0.98437494
vt 0.04492185 0.98437494
vt 0.04492190 0.98437494
vt 0.04492190 0.98437494
vt 0.04492190 0.98437494
vt 0.04492190 0.98437494
vt 0.04492190 0.98437494
vt 0.04492185 0.98437494
vt 0.04492185 0.98437494
vt 0.04492190 0.98437494
vt 0.04492190 0.98437494
vt 0.04492190 0.98437494
vt 0.04492190 0.98437494
vt 0.04492190 0.98437494
vt 0.04492190 0.98437494
vt 0.04492190 0.98437494
vt 0.04492190 0.98437494
vt 0.04492190 0.98437494
vt 0.04492190 0.98437494
vt 0.04492185 0.98437494
vt 0.04492190 0.98437494
vt 0.04492190 0.98437494
vt 0.04492190 0.98437494
vt 0.04492190 0.98437494
vt 0.04492190 0.98437494
vt 0.04492190 0.98437494
vt 0.04492190 0.98437494
vt 0.04492190 0.98437494
vt 0.01562504 0.95214838
vt 0.01562504 0.95214838
vt 0.01562504 0.95214838
vt 0.01562504 0.95214838
vt 0.01562504 0.95214838
vt 0.01562504 0.95214838
vt 0.01562504 0.95214838
vt 0.01562504 0.95214838
vt 0.01562504 0.95214838
vt 0.01562504 0.95214838
vt 0.01562504 0.95214838
vt 0.01562504 0.95214838
vt 0.01562504 0.95214838
vt 0.01562504 0.95214838
vt 0.01562504 0.95214838
vt 0.01562504 0.95214838
vt 0.01562504 0.95214838
vt 0.01562498 0.95214838
vt 0.01562504 0.95214838
vt 0.01562504 0.95214838
vt 0.01562504 0.95214838
vt 0.04492190 0.98437494
vt 0.04492190 0.98437494
vt 0.04492190 0.98437494
vt 0.04492190 0.98437494
vt 0.04492190 0.98437494
vt 0.01562504 0.95214838
vt 0.04492190 0.98437494
vt 0.04492190 0.98437494
vt 0.04492190 0.98437494
vt 0.01562504 0.95214838
vt 0.01562504 0.95214838
vt 0.01562504 0.95214838
vt 0.01562504 0.95214838
vt 0.01562498 0.95214838
vt 0.01562504 0.95214838
vt 0.01562504 0.95214838
vt 0.01562504 0.95214838
vt 0.01562504 0.95214838
vt 0.04492190 0.98437494
vt 0.04492190 0.98437494
vt 0.04492190 0.98437494
vt 0.04492190 0.98437494
vt 0.04492190 0.98437494
vt 0.04492190 0.98437494
vt 0.04492190 0.98437494
vt 0.04492190 0.98437494
vt 0.04492190 0.98437494
vt 0.04492190 0.98437494
vt 0.04492190 0.98437494
vt 0.04492190 0.98437494
vt 0.04492190 0.98437494
vt 0.01562504 0.95214838
vt 0.01562504 0.95214838
vt 0.01562504 0.95214838
vt 0.01562504 0.95214838
vt 0.01562504 0.95214838
vt 0.01562504 0.95214838
vt 0.01562504 0.95214838
vt 0.01562504 0.95214838
vt 0.01562504 0.95214838
vt 0.01562504 0.95214838
vt 0.01562504 0.95214838
vt 0.01562504 0.95214838
vt 0.04492190 0.98437494
vt 0.04492190 0.98437494
vt 0.04492190 0.98437494
vt 0.04492190 0.98437494
vt 0.04492190 0.98437494
vt 0.01562504 0.95214838
vt 0.01562504 0.95214838
vt 0.01562498 0.95214838
vt 0.04492190 0.98437494
vt 0.04492185 0.98437494
vt 0.04492190 0.98437494
vt 0.04492190 0.98437494
vt 0.04492190 0.98437494
vt 0.01562504 0.95214838
vt 0.01562498 0.95214838
vt 0.01562504 0.95214838
vt 0.01562498 0.95214838
vt 0.01562504 0.95214838
vt 0.01562504 0.95214838
vt 0.01562504 0.95214838
vt 0.01562504 0.95214838
vt 0.01562504 0.95214838
vt 0.01562498 0.95214838
vt 0.01562504 0.95214838
vt 0.01562498 0.95214838
vt 0.01562504 0.95214838
vt 0.01562504 0.95214838
vt 0.01562504 0.95214838
vt 0.01562504 0.95214838
vt 0.01562504 0.95214838
vt 0.01562504 0.95214838
vt 0.01562504 0.95214838
vt 0.01562504 0.95214838
vt 0.01562504 0.95214838
vt 0.04492190 0.98437494
vt 0.04492190 0.98437494
vt 0.04492190 0.98437494
vt 0.01562504 0.95214838
vt 0.01562504 0.95214838
vt 0.01562504 0.95214838
vt 0.01562504 0.95214838
vt 0.01562504 0.95214838
vt 0.01562504 0.95214838
vt 0.01562504 0.95214838
vt 0.01562504 0.95214838
vt 0.01562504 0.95214838
vt 0.01562504 0.95214838
vt 0.01562504 0.95214838
vt 0.01562504 0.95214838
vt 0.01562504 0.95214838
vt 0.01562504 0.95214838
vt 0.01562498 0.95214838
vt 0.01562498 0.95214838
vt 0.01562504 0.95214838
vt 0.01562498 0.95214838
vt 0.04492190 0.98437494
vt 0.01562504 0.95214838
vt 0.01562504 0.95214838
vt 0.01562498 0.95214838
vt 0.04492190 0.98437494
vt 0.04492190 0.98437494
vt 0.04492190 0.98437494
vt 0.04492190 0.98437494
vt 0.04492190 0.98437494
vt 0.04492190 0.98437494
vt 0.04492190 0.98437494
vt 0.04492190 0.98437494
vt 0.04492190 0.98437494
vt 0.04492190 0.98437494
vt 0.04492190 0.98437494
vt 0.04492190 0.98437494
vt 0.04492190 0.98437494
vt 0.04492190 0.98437494
vt 0.04492190 0.98437494
vt 0.04492190 0.98437494
vt 0.04492190 0.98437494
vt 0.04492190 0.98437494
vt 0.04492190 0.98437494
vt 0.04492190 0.98437494
vt 0.04492190 0.98437494
vt 0.04492190 0.98437494
vt 0.04492190 0.98437494
vt 0.04492190 0.98437494
vt 0.04492190 0.98437494
vt 0.04492190 0.98437494
vt 0.04492190 0.98437494
vt 0.04492190 0.98437494
vt 0.04492190 0.98437494
vt 0.04492190 0.98437494
vt 0.04492190 0.98437494
vt 0.04492190 0.98437494
vt 0.04492190 0.98437494
vt 0.04492190 0.98437494
vt 0.04492190 0.98437494
vt 0.04492190 0.98437494
vt 0.04492190 0.98437494
vt 0.04492190 0.98437494
vt 0.04492185 0.98437494
vt 0.04492190 0.98437494
vt 0.04492190 0.98437494
vt 0.04492190 0.98437494
vt 0.04492190 0.98437494
vt 0.04492190 0.98437494
vt 0.04492190 0.98437494
vt 0.04492190 0.98437494
vt 0.04492190 0.98437494
vt 0.04492190 0.98437494
vt 0.04492190 0.98437494
vt 0.04492190 0.98437494
vt 0.04492190 0.98437494
vt 0.04492190 0.98437494
vt 0.04492190 0.98437494
vt 0.04492190 0.98437494
vt 0.04492190 0.98437494
vt 0.04492190 0.98437494
vt 0.04492190 0.98437494
vt 0.04492190 0.98437494
vt 0.04492190 0.98437494
vt 0.04492190 0.98437494
vt 0.04492190 0.98437494
vt 0.04492190 0.98437494
vt 0.04492190 0.98437494
vt 0.04492190 0.98437494
vt 0.04492190 0.98437494
vt 0.04492190 0.98437494
vt 0.04492190 0.98437494
vt 0.04492190 0.98437494
vt 0.04492190 0.98437494
vt 0.04492190 0.98437494
vt 0.07617190 0.98437494
vt 0.07617190 0.98437494
vt 0.07617185 0.98437494
vt 0.07617190 0.98437494
vt 0.07617190 0.98437494
vt 0.07617190 0.98437494
vt 0.07617190 0.98437494
vt 0.07617190 0.98437494
vt 0.07617190 0.98437494
vt 0.07617190 0.98437494
vt 0.07617190 0.98437494
vt 0.07617190 0.98437494
vt 0.07617190 0.98437494
vt 0.07617190 0.98437494
vt 0.07617190 0.98437494
vt 0.07617190 0.98437494
vt 0.07617190 0.98437494
vt 0.07617190 0.98437494
vt 0.07617190 0.98437494
vt 0.07617190 0.98437494
vt 0.07617190 0.98437494
vt 0.07617190 0.98437494
vt 0.07617190 0.98437494
vt 0.07617190 0.98437494
vt 0.07617190 0.98437494
vt 0.07617190 0.98437494
vt 0.07617190 0.98437494
vt 0.07617190 0.98437494
vt 0.07617190 0.98437494
vt 0.07617190 0.98437494
vt 0.07617190 0.98437494
vt 0.07617190 0.98437494
vt 0.07617190 0.98437494
vt 0.07617190 0.98437494
vt 0.07617190 0.98437494
vt 0.07617190 0.98437494
vt 0.07617190 0.98437494
vt 0.07617190 0.98437494
vt 0.07617190 0.98437494
vt 0.07617190 0.98437494
vt 0.07617190 0.98437494
vt 0.07617190 0.98437494
vt 0.07617190 0.98437494
vt 0.07617190 0.98437494
vt 0.07617190 0.98437494
vt 0.07617190 0.98437494
vt 0.07617190 0.98437494
vt 0.07617190 0.98437494
vt 0.07617190 0.98437494
vt 0.07617185 0.98437494
vt 0.07617190 0.98437494
vt 0.07617185 0.98437494
vt 0.07617190 0.98437494
vt 0.07617185 0.98437494
vt 0.07617190 0.98437494
vt 0.07617190 0.98437494
vt 0.07617190 0.98437494
vt 0.07617185 0.98437494
vt 0.07617190 0.98437494
vt 0.07617190 0.98437494
vt 0.07617190 0.98437494
vt 0.07617185 0.98437494
vt 0.07617190 0.98437494
vt 0.07617185 0.98437494
vt 0.07617190 0.98437494
vt 0.07617190 0.98437494
vt 0.07617190 0.98437494
vt 0.07617190 0.98437494
vt 0.07617190 0.98437494
vt 0.07617190 0.98437494
vt 0.07617185 0.98437494
vt 0.07617190 0.98437494
vt 0.07617190 0.98437494
vt 0.07617190 0.98437494
vt 0.07617190 0.98437494
vt 0.07617190 0.98437494
vt 0.07617190 0.98437494
vt 0.07617190 0.98437494
vt 0.07617190 0.98437494
vt 0.07617190 0.98437494
vt 0.07617190 0.98437494
vt 0.07617190 0.98437494
vt 0.07617190 0.98437494
vt 0.07617185 0.98437494
vt 0.07617190 0.98437494
vt 0.07617190 0.98437494
vt 0.07617190 0.98437494
vt 0.07617190 0.98437494
vt 0.07617190 0.98437494
vt 0.07617190 0.98437494
vt 0.07617190 0.98437494
vt 0.07617190 0.98437494
vt 0.07617190 0.98437494
vt 0.07617190 0.98437494
vt 0.07617190 0.98437494
vt 0.07617190 0.98437494
vt 0.07617190 0.98437494
vt 0.07617190 0.98437494
vt 0.07617190 0.98437494
vt 0.07617190 0.98437494
vt 0.07617190 0.98437494
vt 0.07617190 0.98437494
vt 0.07617190 0.98437494
vt 0.07617190 0.98437494
vt 0.07617190 0.98437494
vt 0.07617190 0.98437494
vt 0.07617190 0.98437494
vt 0.07617185 0.98437494
vt 0.07617185 0.98437494
vt 0.07617190 0.98437494
vt 0.07617190 0.98437494
vt 0.07617190 0.98437494
vt 0.07617190 0.98437494
vt 0.07617190 0.98437494
vt 0.07617190 0.98437494
vt 0.07617190 0.98437494
vt 0.07617190 0.98437494
vt 0.07617190 0.98437494
vt 0.07617190 0.98437494
vt 0.07617190 0.98437494
vt 0.07617190 0.98437494
vt 0.07617190 0.98437494
vt 0.07617190 0.98437494
vt 0.07617190 0.98437494
vt 0.07617190 0.98437494
vt 0.07617190 0.98437494
vt 0.07617190 0.98437494
vt 0.07617190 0.98437494
vt 0.07617190 0.98437494
vt 0.07617190 0.98437494
vt 0.07617190 0.98437494
vt 0.07617190 0.98437494
vt 0.07617190 0.98437494
vt 0.07617190 0.98437494
vt 0.07617190 0.98437494
vt 0.07617190 0.98437494
vt 0.07617190 0.98437494
vt 0.07617190 0.98437494
vt 0.07617190 0.98437494
vt 0.07617190 0.98437494
vt 0.07617190 0.98437494
vt 0.07617190 0.98437494
vt 0.07617190 0.98437494
vt 0.07617190 0.98437494
vt 0.07617190 0.98437494
vt 0.07617190 0.98437494
vt 0.07617190 0.98437494
vt 0.07617190 0.98437494
vt 0.07617190 0.98437494
vt 0.07617190 0.98437494
vt 0.07617190 0.98437494
vt 0.07617190 0.98437494
vt 0.07617190 0.98437494
vt 0.07617190 0.98437494
vt 0.07617190 0.98437494
vt 0.07617190 0.98437494
vt 0.07617190 0.98437494
vt 0.07617190 0.98437494
vt 0.07617190 0.98437494
vt 0.07617190 0.98437494
vt 0.07617190 0.98437494
vt 0.07617190 0.98437494
vt 0.07617190 0.98437494
vt 0.07617190 0.98437494
vt 0.07617190 0.98437494
vt 0.07617190 0.98437494
vt 0.07617190 0.98437494
vt 0.07617190 0.98437494
vt 0.07617190 0.98437494
vt 0.07617190 0.98437494
vt 0.07617190 0.98437494
vt 0.07617190 0.98437494
vt 0.07617190 0.98437494
vt 0.07617190 0.98437494
vt 0.07617190 0.98437494
vt 0.07617190 0.98437494
vt 0.07617190 0.98437494
vt 0.07617190 0.98437494
vt 0.07617190 0.98437494
vt 0.07617190 0.98437494
vt 0.07617190 0.98437494
vt 0.07617190 0.98437494
vt 0.07617190 0.98437494
vt 0.07617190 0.98437494
vt 0.07617190 0.98437494
vt 0.07617190 0.98437494
vt 0.07617190 0.98437494
vt 0.07617190 0.98437494
vt 0.07617190 0.98437494
vt 0.07617190 0.98437494
vt 1.00000000 0.00000000
vt 0.00000000 1.00000000
vt 0.00000000 0.00000000
vt 1.00000000 1.00000000
vt 1.00000000 0.00000000
vt 1.00000000 1.00000000
vt 0.00000000 0.00000000
vt 0.00000000 1.00000000
vt 1.00000000 0.00000000
vt 1.00000000 1.00000000
vt 0.00000000 0.00000000
vt 0.00000000 1.00000000
vt 1.00000000 1.00000000
vt 0.00000000 0.00000000
vt 0.00000000 1.00000000
vt 1.00000000 0.00000000
vt 1.00000000 1.00000000
vt 0.00000000 0.00000000
vt 0.00000000 1.00000000
vt 1.00000000 0.00000000
vt 0.00000000 1.00000000
vt 0.00000000 0.00000000
vt 1.00000000 1.00000000
vt 0.00000000 0.00000000
vt 1.00000000 0.00000000
vt 1.00000000 0.00000000
vt 1.00000000 1.00000000
vt 0.00000000 0.00000000
vt 0.00000000 1.00000000
vt 1.00000000 0.00000000
vt 0.00000000 1.00000000
vt 0.00000000 0.00000000
vt 1.00000000 1.00000000
vt 0.00000000 0.00000000
vt 1.00000000 0.00000000
vt 1.00000000 1.00000000
vt 0.00000000 0.00000000
vt 1.00000000 0.00000000
vt 0.00000000 1.00000000
vt 1.00000000 0.00000000
vt 1.00000000 1.00000000
vt 0.00000000 0.00000000
vt 0.00000000 1.00000000
vt 1.00000000 0.00000000
vt 0.00000000 1.00000000
vt 0.00000000 0.00000000
vt 1.00000000 1.00000000
vt 0.00000000 0.00000000
vt 1.00000000 0.00000000
vt 1.00000000 0.00000000
vt 0.00000000 1.00000000
vt 0.00000000 0.00000000
vt 1.00000000 1.00000000
vt 0.00000000 0.00000000
vt 1.00000000 0.00000000
vt 1.00000000 0.00000000
vt 1.00000000 1.00000000
vt 0.00000000 0.00000000
vt 0.00000000 1.00000000
vt 1.00000000 0.00000000
vt 1.00000000 1.00000000
vt 0.00000000 0.00000000
vt 0.00000000 0.00000000
vt 1.00000000 0.00000000
vt 0.00000000 1.00000000
vt 1.00000000 1.00000000
vt 0.00000000 1.00000000
vt 0.00000000 0.00000000
vt 1.00000000 0.00000000
vt 1.00000000 1.00000000
vt 0.00000000 0.00000000
vt 1.00000000 0.00000000
vt 1.00000000 1.00000000
vt 0.00000000 1.00000000
vt 0.00000000 1.00000000
vt 0.00000000 1.00000000
vt 1.00000000 0.00000000
vt 1.00000000 1.00000000
vt 0.00000000 0.00000000
vt 0.00000000 0.00000000
vt 1.00000000 1.00000000
vt 0.00000000 1.00000000
vt 1.00000000 0.00000000
vt 1.00000000 1.00000000
vt 0.00000000 0.00000000
vt 1.00000000 0.00000000
vt 0.00000000 1.00000000
vt 0.00000000 0.00000000
vt 1.00000000 1.00000000
vt 1.00000000 0.00000000
vt 1.00000000 0.00000000
vt 0.00000000 1.00000000
vt 0.00000000 0.00000000
vt 0.00000000 1.00000000
vt 1.00000000 0.00000000
vt 0.00000000 1.00000000
vt 0.00000000 0.00000000
vt 0.00000000 1.00000000
vt 1.00000000 0.00000000
vt 1.00000000 1.00000000
vt 0.00000000 0.00000000
vt 0.00000000 1.00000000
vt 1.00000000 0.00000000
vt 0.00000000 1.00000000
vt 0.00000000 0.00000000
vt 0.00000000 1.00000000
vt 0.00000000 1.00000000
vt 1.00000000 0.00000000
vt 0.00000000 1.00000000
vt 0.00000000 0.00000000
vt 0.00000000 1.00000000
vt 0.00000000 1.00000000
vt 1.00000000 0.00000000
vt 0.00000000 0.00000000
vt 1.00000000 0.00000000
vt 0.01269535 0.92187494
vt 0.01269535 0.92187494
vt 0.01269535 0.92187494
vt 0.01269535 0.92187494
vt 0.01269535 0.92187494
vt 0.01269535 0.92187494
vt 0.01269535 0.92187494
vt 0.01269535 0.92187494
vt 0.01269535 0.92187494
vt 0.01269535 0.92187494
vt 0.01269535 0.92187494
vt 0.01269535 0.92187494
vt 0.01269535 0.92187494
vt 0.01269535 0.92187494
vt 0.01269535 0.92187494
vt 0.01269535 0.92187494
vt 0.01269535 0.92187494
vt 0.01269535 0.92187494
vt 0.01269535 0.92187494
vt 0.01269535 0.92187494
vt 0.01269535 0.92187494
vt 0.01269535 0.92187494
vt 0.01269535 0.92187494
vt 0.01269535 0.92187494
vt 0.01269535 0.92187494
vt 0.01269535 0.92187494
vt 0.01269535 0.92187494
vt 0.01269535 0.92187494
vt 0.01269535 0.92187494
vt 0.01269535 0.92187494
vt 0.01269535 0.92187494
vt 0.01269535 0.92187494
vt 0.01269535 0.92187494
vt 0.01269535 0.92187494
vt 0.01269535 0.92187494
vt 0.01269535 0.92187494
vt 0.01269535 0.92187494
vt 0.01269535 0.92187494
vt 0.01269535 0.92187494
vt 0.01269535 0.92187494
vt 0.01269535 0.92187494
vt 0.01269535 0.92187494
vt 0.01269535 0.92187494
vt 0.01269535 0.92187494
vt 0.01269535 0.92187494
vt 0.01269535 0.92187494
vt 0.01269535 0.92187494
vt 0.01269535 0.92187494
vt 0.01269535 0.92187494
vt 0.01269535 0.92187494
vt 0.01269535 0.92187494
vt 0.01269535 0.92187494
vt 0.01269535 0.92187494
vt 0.01269535 0.92187494
vt 0.01269535 0.92187494
vt 0.01269535 0.92187494
vt 0.01269535 0.92187494
vt 0.01269535 0.92187494
vt 0.01269535 0.92187494
vt 0.01269535 0.92187494
vt 0.01269535 0.92187494
vt 0.01269535 0.92187494
vt 0.01269535 0.92187494
vt 0.01269535 0.92187494
vt 0.01269529 0.92187494
vt 0.01269535 0.92187494
vt 0.01269535 0.92187494
vt 0.01269535 0.92187494
vt 0.01269535 0.92187494
vt 0.01269535 0.92187494
vt 0.01269535 0.92187494
vt 0.01269535 0.92187494
vt 0.01269535 0.92187494
vt 0.01269535 0.92187494
vt 0.01269535 0.92187494
vt 0.01269529 0.92187494
vt 0.01269535 0.92187494
vt 0.01269535 0.92187494
vt 0.01269535 0.92187494
vt 0.01269535 0.92187494
vt 0.01269535 0.92187494
vt 0.01269535 0.92187494
vt 0.01269535 0.92187494
vt 0.01269535 0.92187494
vt 0.01269535 0.92187494
vt 0.01269535 0.92187494
vt 0.01269535 0.92187494
vt 0.01269535 0.92187494
vt 0.01269535 0.92187494
vt 0.01269529 0.92187494
vt 0.01269535 0.92187494
vt 0.01269535 0.92187494
vt 0.01269535 0.92187494
vt 0.01269535 0.92187494
vt 0.01269535 0.92187494
vt 0.01269535 0.92187494
vt 0.01269535 0.92187494
vt 0.01269535 0.92187494
vt 0.01269535 0.92187494
vt 0.01269535 0.92187494
vt 0.01269535 0.92187494
vt 0.01269535 0.92187494
vt 0.01269535 0.92187494
vt 0.01269535 0.92187494
vt 0.01269535 0.92187494
vt 0.01269535 0.92187494
vt 0.01269535 0.92187494
vt 0.01269535 0.92187494
vt 0.01269535 0.92187494
vt 0.01269535 0.92187494
vt 0.01269535 0.92187494
vt 0.01269535 0.92187494
vt 0.01269535 0.92187494
vt 0.01269535 0.92187494
vt 0.01269535 0.92187494
vt 0.01269535 0.92187494
vt 0.01269535 0.92187494
vt 0.01269535 0.92187494
vt 0.01269535 0.92187494
vt 0.01269535 0.92187494
vt 0.01269535 0.92187494
vt 0.01269535 0.92187494
vt 0.01269535 0.92187494
vt 0.01269535 0.92187494
vt 0.01269535 0.92187494
vt 0.01269535 0.92187494
vt 0.01269535 0.92187494
vt 0.01269535 0.92187494
vt 0.01269535 0.92187494
vt 0.01269535 0.92187494
vt 0.01269535 0.92187494
vt 0.01269535 0.92187494
vt 0.01269535 0.92187494
vt 0.01269529 0.92187494
vt 0.01269535 0.92187494
vt 0.01269535 0.92187494
vt 0.01269535 0.92187494
vt 0.01269535 0.92187494
vt 0.01269535 0.92187494
vt 0.01269535 0.92187494
vt 0.01269535 0.92187494
vt 0.01269535 0.92187494
vt 0.01269535 0.92187494
vt 0.01269535 0.92187494
vt 0.01269535 0.92187494
vt 0.01269535 0.92187494
vt 0.01269535 0.92187494
vt 0.01269535 0.92187494
vt 0.01269535 0.92187494
vt 0.01269535 0.92187494
vt 0.01269535 0.92187494
vt 0.01269535 0.92187494
vt 0.01269535 0.92187494
vt 0.01269535 0.92187494
vt 0.01269535 0.92187494
vt 0.01269535 0.92187494
vt 0.01269535 0.92187494
vt 0.01269535 0.92187494
vt 0.01269535 0.92187494
vt 0.07617190 0.98437494
vt 0.07617190 0.98437494
vt 0.07617190 0.98437494
vt 0.07617190 0.98437494
vt 0.07617190 0.98437494
vt 0.07617190 0.98437494
vt 0.07617190 0.98437494
vt 0.07617190 0.98437494
vt 0.07617190 0.98437494
vt 0.07617190 0.98437494
vt 0.07617190 0.98437494
vt 0.07617190 0.98437494
vt 0.07617190 0.98437494
vt 0.07617190 0.98437494
vt 0.07617190 0.98437494
vt 0.07617190 0.98437494
vt 0.07617190 0.98437494
vt 0.07617190 0.98437494
vt 0.07617190 0.98437494
vt 0.07617190 0.98437494
vt 0.07617190 0.98437494
vt 0.07617190 0.98437494
vt 0.07617190 0.98437494
vt 0.07617190 0.98437494
vt 0.07617190 0.98437494
vt 0.07617190 0.98437494
vt 0.07617190 0.98437494
vt 0.07617190 0.98437494
vt 0.07617190 0.98437494
vt 0.07617190 0.98437494
vt 0.07617190 0.98437494
vt 0.07617190 0.98437494
vt 0.07617190 0.98437494
vt 0.07617190 0.98437494
vt 0.07617190 0.98437494
vt 0.07617190 0.98437494
vt 0.07617190 0.98437494
vt 0.07617190 0.98437494
vt 0.07617190 0.98437494
vt 0.07617190 0.98437494
vt 0.07617190 0.98437494
vt 0.07617190 0.98437494
vt 0.07617190 0.98437494
vt 0.07617190 0.98437494
vt 0.07617190 0.98437494
vt 0.07617190 0.98437494
vt 0.07617190 0.98437494
vt 0.07617190 0.98437494
vt 0.07617190 0.98437494
vt 0.07617190 0.98437494
vt 0.07617190 0.98437494
vt 0.07617190 0.98437494
vt 0.07617185 0.98437494
vt 0.07617185 0.98437494
vt 0.07617190 0.98437494
vt 0.07617190 0.98437494
vt 0.07617190 0.98437494
vt 0.07617190 0.98437494
vt 0.07617185 0.98437494
vt 0.07617190 0.98437494
vt 0.07617190 0.98437494
vt 0.07617185 0.98437494
vt 0.07617190 0.98437494
vt 0.07617190 0.98437494
vt 0.07617190 0.98437494
vt 0.07617190 0.98437494
vt 0.07617185 0.98437494
vt 0.07617185 0.98437494
vt 0.07617185 0.98437494
vt 0.07617190 0.98437494
vt 0.07617190 0.98437494
vt 0.07617190 0.98437494
vt 0.07617190 0.98437494
vt 0.07617190 0.98437494
vt 0.07617190 0.98437494
vt 0.07617190 0.98437494
vt 0.07617190 0.98437494
vt 0.07617190 0.98437494
vt 0.07617190 0.98437494
vt 0.07617190 0.98437494
vt 0.07617190 0.98437494
vt 0.07617190 0.98437494
vt 0.07617190 0.98437494
vt 0.07617190 0.98437494
vt 0.07617190 0.98437494
vt 0.07617190 0.98437494
vt 0.07617190 0.98437494
vt 0.07617190 0.98437494
vt 0.07617190 0.98437494
vt 0.07617190 0.98437494
vt 0.07617190 0.98437494
vt 0.07617190 0.98437494
vt 0.07617190 0.98437494
vt 0.07617190 0.98437494
vt 0.07617190 0.98437494
vt 0.07617190 0.98437494
vt 0.07617190 0.98437494
vt 0.07617190 0.98437494
vt 0.07617190 0.98437494
vt 0.07617190 0.98437494
vt 0.07617190 0.98437494
vt 0.07617190 0.98437494
vt 0.07617190 0.98437494
vt 0.07617190 0.98437494
vt 0.07617190 0.98437494
vt 0.07617190 0.98437494
vt 0.07617190 0.98437494
vt 0.07617190 0.98437494
vt 0.07617190 0.98437494
vt 0.07617190 0.98437494
vt 0.07617190 0.98437494
vt 0.07617190 0.98437494
vt 0.07617190 0.98437494
vt 0.07617190 0.98437494
vt 0.07617190 0.98437494
vt 0.07617190 0.98437494
vt 0.07617190 0.98437494
vt 0.07617190 0.98437494
vt 0.07617190 0.98437494
vt 0.07617190 0.98437494
vt 0.07617190 0.98437494
vt 0.07617190 0.98437494
vt 0.07617190 0.98437494
vt 0.07617190 0.98437494
vt 0.07617190 0.98437494
vt 0.07617190 0.98437494
vt 0.07617190 0.98437494
vt 0.07617190 0.98437494
vt 0.07617190 0.98437494
vt 0.07617190 0.98437494
vt 0.07617190 0.98437494
vt 0.07617190 0.98437494
vt 0.07617190 0.98437494
vt 0.07617190 0.98437494
vt 0.01562504 0.95214838
vt 0.01562504 0.95214838
vt 0.01562504 0.95214838
vt 0.01562504 0.95214838
vt 0.01562504 0.95214838
vt 0.01562504 0.95214838
vt 0.01562504 0.95214838
vt 0.01562504 0.95214838
vt 0.01562504 0.95214838
vt 0.07617190 0.98437494
vt 0.07617190 0.98437494
vt 0.07617190 0.98437494
vt 0.07617190 0.98437494
vt 0.07617190 0.98437494
vt 0.07617190 0.98437494
vt 0.07617190 0.98437494
vt 0.07617190 0.98437494
vt 0.07617190 0.98437494
vt 0.07617190 0.98437494
vt 0.07617190 0.98437494
vt 0.07617190 0.98437494
vt 0.07617190 0.98437494
vt 0.07617190 0.98437494
vt 0.07617190 0.98437494
vt 0.07617190 0.98437494
vt 0.07617190 0.98437494
vt 0.07617190 0.98437494
vt 0.07617190 0.98437494
vt 0.07617190 0.98437494
vt 0.07617190 0.98437494
vt 0.07617190 0.98437494
vt 0.07617190 0.98437494
vt 0.07617190 0.98437494
vt 0.07617190 0.98437494
vt 0.07617190 0.98437494
vt 0.07617190 0.98437494
vt 0.07617190 0.98437494
vt 0.07617190 0.98437494
vt 0.07617190 0.98437494
vt 0.07617190 0.98437494
vt 0.07617190 0.98437494
vt 0.07617190 0.98437494
vt 0.07617190 0.98437494
vt 0.07617190 0.98437494
vt 0.07617190 0.98437494
vt 0.07617190 0.98437494
vt 0.07617190 0.98437494
vt 0.07617190 0.98437494
vt 0.07617190 0.98437494
vt 0.07617190 0.98437494
vt 0.01562504 0.95214838
vt 0.01562504 0.95214838
vt 0.01562504 0.95214838
vt 0.01562504 0.95214838
vt 0.01562504 0.95214838
vt 0.01562504 0.95214838
vt 0.01562504 0.95214838
vt 0.01562504 0.95214838
vt 0.07617190 0.98437494
vt 0.07617190 0.98437494
vt 0.07617190 0.98437494
vt 0.07617190 0.98437494
vt 0.07617190 0.98437494
vt 0.07617190 0.98437494
vt 0.07617190 0.98437494
vt 0.07617190 0.98437494
vt 0.07617190 0.98437494
vt 0.07617190 0.98437494
vt 0.07617190 0.98437494
vt 0.07617190 0.98437494
vt 0.01562504 0.95214838
vt 0.01562504 0.95214838
vt 0.01562504 0.95214838
vt 0.07617190 0.98437494
vt 0.07617190 0.98437494
vt 0.07617190 0.98437494
vt 0.07617190 0.98437494
vt 0.07617190 0.98437494
vt 0.07617190 0.98437494
vt 0.07617190 0.98437494
vt 0.07617190 0.98437494
vt 0.07617190 0.98437494
vt 0.07617190 0.98437494
vt 0.01562504 0.95214838
vt 0.01562504 0.95214838
vt 0.07617190 0.98437494
vt 0.07617190 0.98437494
vt 0.07617190 0.98437494
vt 0.07617190 0.98437494
vt 0.07617190 0.98437494
vt 0.07617190 0.98437494
vt 0.07617190 0.98437494
vt 0.07617190 0.98437494
vt 0.07617190 0.98437494
vt 0.01562504 0.95214838
vt 0.01562504 0.95214838
vt 0.01562504 0.95214838
vt 0.01562504 0.95214838
vt 0.07617190 0.98437494
vt 0.07617190 0.98437494
vt 0.07617190 0.98437494
vt 0.07617190 0.98437494
vt 0.07617190 0.98437494
vt 0.07617190 0.98437494
vt 0.07617190 0.98437494
vt 0.07617190 0.98437494
vt 0.07617190 0.98437494
vt 0.07617190 0.98437494
vt 0.07617190 0.98437494
vt 0.07617190 0.98437494
vt 0.07617190 0.98437494
vt 0.07617190 0.98437494
vt 0.07617190 0.98437494
vt 0.07617190 0.98437494
vt 0.07617190 0.98437494
vt 0.07617190 0.98437494
vt 0.07617190 0.98437494
vt 0.07617190 0.98437494
vt 0.07617190 0.98437494
vt 0.07617190 0.98437494
vt 0.07617190 0.98437494
vt 0.07617190 0.98437494
vt 0.07617190 0.98437494
vt 0.07617190 0.98437494
vt 0.07617190 0.98437494
vt 0.07617190 0.98437494
vt 0.07617190 0.98437494
vt 0.07617190 0.98437494
vt 0.07617190 0.98437494
vt 0.07617190 0.98437494
vt 0.07617190 0.98437494
vt 0.07617190 0.98437494
vt 0.07617190 0.98437494
vt 0.07617190 0.98437494
vt 0.07617190 0.98437494
vt 0.07617190 0.98437494
vt 0.07617190 0.98437494
vt 0.07617190 0.98437494
vt 0.07617190 0.98437494
vt 0.07617190 0.98437494
vt 0.07617190 0.98437494
vt 0.07617190 0.98437494
vt 0.07617190 0.98437494
vt 0.07617190 0.98437494
vt 0.07617190 0.98437494
vt 0.07617190 0.98437494
vt 0.07617190 0.98437494
vt 0.07617190 0.98437494
vt 0.07617190 0.98437494
vt 0.07617190 0.98437494
vt 0.07617190 0.98437494
vt 0.07617190 0.98437494
vt 0.07617190 0.98437494
vt 0.07617190 0.98437494
vt 0.07617190 0.98437494
vt 0.07617190 0.98437494
vt 0.07617190 0.98437494
vt 0.07617190 0.98437494
vt 0.07617190 0.98437494
vt 0.07617190 0.98437494
vt 0.07617190 0.98437494
vt 0.07617190 0.98437494
vt 0.07617190 0.98437494
vt 0.07617190 0.98437494
vt 0.07617190 0.98437494
vt 0.07617190 0.98437494
vt 0.07617190 0.98437494
vt 0.07617190 0.98437494
vt 0.07617190 0.98437494
vt 0.07617190 0.98437494
vt 0.07617190 0.98437494
vt 0.07617190 0.98437494
vt 0.07617190 0.98437494
vt 0.07617190 0.98437494
vt 0.07617190 0.98437494
vt 0.07617190 0.98437494
vt 0.07617190 0.98437494
vt 0.07617190 0.98437494
vt 0.07617190 0.98437494
vt 0.07617190 0.98437494
vt 0.07617190 0.98437494
vt 0.07617190 0.98437494
vt 0.07617190 0.98437494
vt 0.07617190 0.98437494
vt 0.07617190 0.98437494
vt 0.07617190 0.98437494
vt 0.07617190 0.98437494
vt 0.07617190 0.98437494
vt 0.07617190 0.98437494
vt 0.07617190 0.98437494
vt 0.07617190 0.98437494
vt 0.07617190 0.98437494
vt 0.07617190 0.98437494
vt 0.07617190 0.98437494
vt 0.07617190 0.98437494
vt 0.07617190 0.98437494
vt 0.07617190 0.98437494
vt 0.07617190 0.98437494
vt 0.07617190 0.98437494
vt 0.07617190 0.98437494
vt 0.07617190 0.98437494
vt 0.07617190 0.98437494
vt 0.07617190 0.98437494
vt 0.07617190 0.98437494
vt 0.07617190 0.98437494
vt 0.07617190 0.98437494
vt 0.07617190 0.98437494
vt 0.07617190 0.98437494
vt 0.07617190 0.98437494
vt 0.07617190 0.98437494
vt 0.07617190 0.98437494
vt 0.07617190 0.98437494
vt 0.07617190 0.98437494
vt 0.07617190 0.98437494
vt 0.07617190 0.98437494
vt 0.07617190 0.98437494
vt 0.07617190 0.98437494
vt 0.07617190 0.98437494
vt 0.07617190 0.98437494
vt 0.07617190 0.98437494
vt 0.07617190 0.98437494
vt 0.07617190 0.98437494
vt 0.07617190 0.98437494
vt 0.07617190 0.98437494
vt 0.07617190 0.98437494
vt 0.07617190 0.98437494
vt 0.07617190 0.98437494
vt 0.07617190 0.98437494
vt 0.07617190 0.98437494
vt 0.07617190 0.98437494
vt 0.07617190 0.98437494
vt 0.07617190 0.98437494
vt 0.07617190 0.98437494
vt 0.07617190 0.98437494
vt 0.07617190 0.98437494
vt 0.07617190 0.98437494
vt 0.07617190 0.98437494
vt 0.07617190 0.98437494
vt 0.07617190 0.98437494
vt 0.07617190 0.98437494
vt 0.07617190 0.98437494
vt 0.07617190 0.98437494
vt 0.07617190 0.98437494
vt 0.07617190 0.98437494
vt 0.07617190 0.98437494
vt 0.07617190 0.98437494
vt 0.01562504 0.95214838
vt 0.07617190 0.98437494
vt 0.07617190 0.98437494
vt 0.07617190 0.98437494
vt 0.07617190 0.98437494
vt 0.07617190 0.98437494
vt 0.07617190 0.98437494
vt 0.07617190 0.98437494
vt 0.07617190 0.98437494
vt 0.07617190 0.98437494
vt 0.07617190 0.98437494
vt 0.07617190 0.98437494
vt 0.07617190 0.98437494
vt 0.07617190 0.98437494
vt 0.07617190 0.98437494
vt 0.07617190 0.98437494
vt 0.07617190 0.98437494
vt 0.07617190 0.98437494
vt 0.07617190 0.98437494
vt 0.07617190 0.98437494
vt 0.07617190 0.98437494
vt 0.07617190 0.98437494
vt 0.07617190 0.98437494
vt 0.07617190 0.98437494
vt 0.07617190 0.98437494
vt 0.07617190 0.98437494
vt 0.07617190 0.98437494
vt 0.07617190 0.98437494
vt 0.07617190 0.98437494
vt 0.07617190 0.98437494
vt 0.07617190 0.98437494
vt 0.07617190 0.98437494
vt 0.07617190 0.98437494
vt 0.07617190 0.98437494
vt 0.07617190 0.98437494
vt 0.07617190 0.98437494
vt 0.07617190 0.98437494
vt 0.07617190 0.98437494
vt 0.07617190 0.98437494
vt 0.07617190 0.98437494
vt 0.07617190 0.98437494
vt 0.07617190 0.98437494
vt 0.07617190 0.98437494
vt 0.07617190 0.98437494
vt 0.07617190 0.98437494
vt 0.07617190 0.98437494
vt 0.07617190 0.98437494
vt 0.07617190 0.98437494
vt 0.07617190 0.98437494
vt 0.07617190 0.98437494
vt 0.07617190 0.98437494
vt 0.07617190 0.98437494
vt 0.07617190 0.98437494
vt 0.07617190 0.98437494
vt 0.07617190 0.98437494
vt 0.07617190 0.98437494
vt 0.07617190 0.98437494
vt 0.07617190 0.98437494
vt 0.07617190 0.98437494
vt 0.07617190 0.98437494
vt 0.07617190 0.98437494
vt 0.07617190 0.98437494
vt 0.07617190 0.98437494
vt 0.07617190 0.98437494
vt 0.07617190 0.98437494
vt 0.07617190 0.98437494
vt 0.07617190 0.98437494
vt 0.07617190 0.98437494
vt 0.07617190 0.98437494
vt 0.07617190 0.98437494
vt 0.07617190 0.98437494
vt 0.07617190 0.98437494
vt 0.07617190 0.98437494
vt 0.07617190 0.98437494
vt 0.07617190 0.98437494
vt 0.07617190 0.98437494
vt 0.07617190 0.98437494
vt 0.07617190 0.98437494
vt 0.07617190 0.98437494
vt 0.07617190 0.98437494
vt 0.07617190 0.98437494
vt 0.07617190 0.98437494
vt 0.07617190 0.98437494
vt 0.07617190 0.98437494
vt 0.07617190 0.98437494
vt 0.07617190 0.98437494
vt 0.07617190 0.98437494
vt 0.07617190 0.98437494
vt 0.07617190 0.98437494
vt 0.07617190 0.98437494
vt 0.07617190 0.98437494
vt 0.07617190 0.98437494
vt 0.07617190 0.98437494
vt 0.07617190 0.98437494
vt 0.07617190 0.98437494
vt 0.07617190 0.98437494
vt 0.07617190 0.98437494
vt 0.07617190 0.98437494
vt 0.07617190 0.98437494
vt 0.07617190 0.98437494
vt 0.07617190 0.98437494
vt 0.07617190 0.98437494
vt 0.07617190 0.98437494
vt 0.07617190 0.98437494
vt 0.07617190 0.98437494
vt 0.07617190 0.98437494
vt 0.07617190 0.98437494
vt 0.07617190 0.98437494
vt 0.07617190 0.98437494
vt 0.07617190 0.98437494
vt 0.07617190 0.98437494
vt 0.07617185 0.98437494
vt 0.07617185 0.98437494
vt 0.07617185 0.98437494
vt 0.07617185 0.98437494
vt 0.07617185 0.98437494
vt 0.07617190 0.98437494
vt 0.07617190 0.98437494
vt 0.07617185 0.98437494
vt 0.07617190 0.98437494
vt 0.07617190 0.98437494
vt 0.07617190 0.98437494
vt 0.07617190 0.98437494
vt 0.07617190 0.98437494
vt 0.07617185 0.98437494
vt 0.07617190 0.98437494
vt 0.07617190 0.98437494
vt 0.07617185 0.98437494
vt 0.07617190 0.98437494
vt 0.07617190 0.98437494
vt 0.07617190 0.98437494
vt 0.07617190 0.98437494
vt 0.07617190 0.98437494
vt 0.07617190 0.98437494
vt 0.07617190 0.98437494
vt 0.07617190 0.98437494
vt 0.07617190 0.98437494
vt 0.07617190 0.98437494
vt 0.07617190 0.98437494
vt 0.07617190 0.98437494
vt 0.07617190 0.98437494
vt 0.07617190 0.98437494
vt 0.07617190 0.98437494
vt 0.07617190 0.98437494
vt 0.07617190 0.98437494
vt 0.07617190 0.98437494
vt 0.07617190 0.98437494
vt 0.07617190 0.98437494
vt 0.07617190 0.98437494
vt 0.07617190 0.98437494
vt 0.07617190 0.98437494
vt 0.07617190 0.98437494
vt 0.07617190 0.98437494
vt 0.07617190 0.98437494
vt 0.07617190 0.98437494
vt 0.07617190 0.98437494
vt 0.07617190 0.98437494
vt 0.07617185 0.98437494
vt 0.07617190 0.98437494
vt 0.07617190 0.98437494
vt 0.07617190 0.98437494
vt 0.07617185 0.98437494
vt 0.07617190 0.98437494
f 1/1 2/2 3/3
f 1/1 4/4 5/5
f 1/1 6/6 4/4
f 6/6 1/1 7/7
f 7/7 8/8 9/9
f 7/7 10/10 8/8
f 9/9 6/6 7/7
f 11/11 7/7 3/3
f 11/11 12/12 13/13
f 3/3 7/7 1/1
f 3/3 14/14 12/12
f 2/2 1/1 5/5
f 2/2 15/15 14/14
f 5/5 4/4 16/16
f 5/5 17/17 2/2
f 10/10 13/13 18/18
f 10/10 7/7 11/11
f 14/14 3/3 2/2
f 12/12 19/19 20/20
f 12/12 20/20 13/13
f 12/12 11/11 3/3
f 21/21 22/22 23/23
f 22/22 24/24 25/25
f 22/22 21/21 26/26
f 23/23 27/27 21/21
f 27/27 23/23 28/28
f 28/28 29/29 17/17
f 28/28 16/16 27/27
f 30/30 31/31 32/32
f 31/31 33/33 34/34
f 32/32 31/31 34/34
f 29/29 28/28 23/23
f 17/17 35/35 15/15
f 17/17 5/5 28/28
f 16/16 28/28 5/5
f 36/36 37/37 38/38
f 37/37 36/36 39/39
f 38/38 40/40 41/41
f 40/40 38/38 37/37
f 40/40 42/42 41/41
f 13/13 10/10 11/11
f 13/13 43/43 18/18
f 15/15 2/2 17/17
f 15/15 44/44 14/14
f 20/20 45/45 46/46
f 20/20 43/43 13/13
f 43/43 47/47 18/18
f 19/19 48/48 45/45
f 19/19 12/12 14/14
f 47/47 46/46 49/49
f 50/50 51/51 52/52
f 50/50 53/53 51/51
f 52/52 51/51 54/54
f 52/52 54/54 55/55
f 52/52 55/55 56/56
f 52/52 57/57 50/50
f 58/58 59/59 60/60
f 58/58 61/61 62/62
f 60/60 63/63 58/58
f 64/64 65/65 66/66
f 64/64 66/66 67/67
f 65/65 68/68 69/69
f 70/70 71/71 72/72
f 71/71 70/70 73/73
f 73/73 74/74 71/71
f 73/73 75/75 76/76
f 74/74 73/73 77/77
f 77/77 76/76 78/78
f 77/77 79/79 80/80
f 75/75 73/73 70/70
f 76/76 75/75 81/81
f 76/76 81/81 82/82
f 76/76 77/77 73/73
f 78/78 76/76 82/82
f 35/35 83/83 15/15
f 35/35 17/17 29/29
f 84/84 85/85 86/86
f 85/85 84/84 87/87
f 86/86 88/88 84/84
f 83/83 89/89 90/90
f 83/83 35/35 89/89
f 83/83 90/90 91/91
f 89/89 92/92 90/90
f 44/44 15/15 83/83
f 61/61 58/58 63/63
f 61/61 93/93 62/62
f 93/93 61/61 94/94
f 94/94 95/95 96/96
f 96/96 93/93 94/94
f 82/82 97/97 78/78
f 82/82 81/81 98/98
f 82/82 98/98 99/99
f 98/98 100/100 101/101
f 99/99 101/101 102/102
f 99/99 98/98 101/101
f 97/97 99/99 103/103
f 97/97 82/82 99/99
f 103/103 104/104 105/105
f 103/103 99/99 102/102
f 103/103 79/79 97/97
f 106/106 107/107 108/108
f 107/107 106/106 109/109
f 107/107 110/110 111/111
f 108/108 111/111 112/112
f 108/108 113/113 106/106
f 109/109 114/114 107/107
f 114/114 115/115 110/110
f 114/114 109/109 116/116
f 116/116 117/117 114/114
f 118/118 113/113 108/108
f 117/117 119/119 120/120
f 117/117 120/120 121/121
f 117/117 116/116 122/122
f 123/123 124/124 125/125
f 123/123 126/126 127/127
f 123/123 128/128 124/124
f 126/126 123/123 129/129
f 127/127 130/130 123/123
f 129/129 123/123 125/125
f 131/131 132/132 133/133
f 132/132 131/131 134/134
f 133/133 135/135 131/131
f 125/125 124/124 136/136
f 124/124 137/137 136/136
f 136/136 137/137 138/138
f 136/136 138/138 139/139
f 55/55 140/140 141/141
f 55/55 54/54 142/142
f 56/56 55/55 141/141
f 79/79 143/143 80/80
f 79/79 103/103 105/105
f 79/79 77/77 78/78
f 79/79 78/78 97/97
f 143/143 79/79 105/105
f 80/80 74/74 77/77
f 144/144 145/145 146/146
f 144/144 147/147 30/30
f 147/147 144/144 146/146
f 147/147 148/148 149/149
f 146/146 150/150 151/151
f 146/146 151/151 148/148
f 57/57 52/52 56/56
f 54/54 152/152 142/142
f 90/90 153/153 91/91
f 92/92 154/154 90/90
f 155/155 85/85 87/87
f 155/155 87/87 156/156
f 156/156 157/157 158/158
f 158/158 155/155 156/156
f 33/33 31/31 88/88
f 88/88 86/86 33/33
f 154/154 92/92 128/128
f 128/128 123/123 154/154
f 45/45 159/159 46/46
f 45/45 135/135 160/160
f 45/45 20/20 19/19
f 153/153 90/90 130/130
f 91/91 44/44 83/83
f 130/130 127/127 153/153
f 46/46 47/47 43/43
f 46/46 43/43 20/20
f 49/49 159/159 161/161
f 159/159 49/49 46/46
f 159/159 45/45 160/160
f 135/135 133/133 160/160
f 135/135 45/45 48/48
f 162/162 163/163 164/164
f 163/163 162/162 165/165
f 165/165 166/166 163/163
f 166/166 165/165 167/167
f 167/167 168/168 166/166
f 167/167 169/169 170/170
f 171/171 172/172 169/169
f 172/172 173/173 169/169
f 172/172 171/171 174/174
f 169/169 173/173 175/175
f 169/169 167/167 171/171
f 170/170 175/175 176/176
f 177/177 168/168 178/178
f 177/177 176/176 179/179
f 177/177 180/180 181/181
f 177/177 182/182 183/183
f 168/168 167/167 178/178
f 168/168 177/177 181/181
f 178/178 167/167 170/170
f 178/178 170/170 176/176
f 176/176 177/177 178/178
f 179/179 184/184 182/182
f 179/179 175/175 185/185
f 179/179 182/182 177/177
f 173/173 186/186 175/175
f 186/186 187/187 184/184
f 175/175 186/186 185/185
f 175/175 179/179 176/176
f 175/175 170/170 169/169
f 188/188 189/189 190/190
f 188/188 191/191 192/192
f 191/191 193/193 192/192
f 191/191 188/188 194/194
f 192/192 193/193 189/189
f 115/115 114/114 117/117
f 115/115 117/117 121/121
f 115/115 121/121 195/195
f 110/110 107/107 114/114
f 196/196 118/118 112/112
f 112/112 118/118 108/108
f 111/111 108/108 107/107
f 189/189 197/197 198/198
f 189/189 193/193 199/199
f 189/189 188/188 192/192
f 189/189 200/200 190/190
f 190/190 201/201 202/202
f 203/203 204/204 205/205
f 204/204 203/203 206/206
f 205/205 207/207 203/203
f 208/208 209/209 210/210
f 208/208 211/211 212/212
f 211/211 208/208 210/210
f 210/210 209/209 213/213
f 210/210 214/214 215/215
f 215/215 214/214 216/216
f 215/215 211/211 210/210
f 214/214 217/217 218/218
f 214/214 210/210 213/213
f 216/216 214/214 218/218
f 216/216 145/145 144/144
f 218/218 219/219 220/220
f 218/218 221/221 216/216
f 200/200 189/189 198/198
f 201/201 190/190 200/200
f 222/222 223/223 224/224
f 224/224 225/225 222/222
f 207/207 205/205 226/226
f 226/226 227/227 207/207
f 228/228 229/229 230/230
f 229/229 228/228 231/231
f 229/229 232/232 230/230
f 230/230 233/233 228/228
f 230/230 234/234 235/235
f 236/236 237/237 238/238
f 237/237 236/236 239/239
f 237/237 240/240 241/241
f 239/239 242/242 243/243
f 239/239 240/240 237/237
f 239/239 244/244 240/240
f 245/245 246/246 247/247
f 246/246 245/245 248/248
f 246/246 249/249 250/250
f 248/248 249/249 246/246
f 248/248 251/251 252/252
f 248/248 253/253 249/249
f 233/233 230/230 235/235
f 235/235 254/254 255/255
f 235/235 256/256 233/233
f 242/242 239/239 236/236
f 243/243 244/244 239/239
f 257/257 258/258 227/227
f 258/258 257/257 259/259
f 227/227 226/226 257/257
f 259/259 260/260 258/258
f 256/256 235/235 255/255
f 255/255 261/261 256/256
f 255/255 262/262 263/263
f 264/264 265/265 266/266
f 265/265 267/267 268/268
f 265/265 264/264 269/269
f 269/269 267/267 265/265
f 261/261 255/255 263/263
f 263/263 270/270 271/271
f 263/263 272/272 261/261
f 251/251 248/248 245/245
f 252/252 253/253 248/248
f 273/273 274/274 275/275
f 273/273 276/276 277/277
f 274/274 273/273 260/260
f 260/260 259/259 274/274
f 272/272 263/263 271/271
f 271/271 278/278 279/279
f 271/271 280/280 272/272
f 281/281 282/282 283/283
f 282/282 284/284 285/285
f 283/283 282/282 285/285
f 276/276 273/273 275/275
f 280/280 271/271 279/279
f 280/280 286/286 287/287
f 288/288 289/289 290/290
f 289/289 291/291 292/292
f 289/289 288/288 293/293
f 293/293 291/291 289/289
f 221/221 218/218 220/220
f 145/145 216/216 221/221
f 150/150 146/146 145/145
f 286/286 280/280 279/279
f 286/286 278/278 294/294
f 295/295 64/64 67/67
f 295/295 67/67 296/296
f 297/297 298/298 299/299
f 298/298 297/297 296/296
f 69/69 66/66 65/65
f 69/69 300/300 301/301
f 302/302 303/303 304/304
f 302/302 305/305 306/306
f 304/304 307/307 308/308
f 304/304 309/309 305/305
f 301/301 310/310 311/311
f 310/310 301/301 300/300
f 310/310 312/312 311/311
f 300/300 69/69 68/68
f 313/313 314/314 315/315
f 314/314 313/313 316/316
f 314/314 317/317 318/318
f 315/315 319/319 313/313
f 320/320 321/321 322/322
f 321/321 323/323 324/324
f 322/322 321/321 324/324
f 325/325 326/326 327/327
f 325/325 328/328 329/329
f 325/325 329/329 330/330
f 329/329 331/331 332/332
f 330/330 333/333 334/334
f 330/330 329/329 335/335
f 330/330 336/336 326/326
f 326/326 325/325 330/330
f 327/327 337/337 338/338
f 327/327 339/339 325/325
f 333/333 332/332 340/340
f 333/333 340/340 341/341
f 333/333 330/330 335/335
f 334/334 341/341 342/342
f 336/336 342/342 343/343
f 336/336 337/337 326/326
f 336/336 330/330 334/334
f 328/328 344/344 345/345
f 328/328 331/331 329/329
f 328/328 325/325 339/339
f 339/339 344/344 328/328
f 339/339 346/346 344/344
f 339/339 327/327 347/347
f 347/347 346/346 339/339
f 347/347 348/348 346/346
f 344/344 349/349 345/345
f 350/350 351/351 352/352
f 350/350 353/353 354/354
f 350/350 355/355 356/356
f 350/350 354/354 357/357
f 351/351 358/358 359/359
f 351/351 350/350 360/360
f 351/351 361/361 352/352
f 351/351 359/359 362/362
f 351/351 362/362 363/363
f 360/360 350/350 356/356
f 361/361 364/364 365/365
f 361/361 353/353 352/352
f 361/361 351/351 363/363
f 363/363 366/366 364/364
f 363/363 364/364 361/361
f 358/358 367/367 359/359
f 358/358 360/360 368/368
f 358/358 351/351 360/360
f 358/358 369/369 367/367
f 359/359 367/367 370/370
f 359/359 370/370 362/362
f 362/362 371/371 366/366
f 356/356 368/368 360/360
f 356/356 372/372 368/368
f 356/356 373/373 374/374
f 373/373 357/357 375/375
f 373/373 356/356 376/376
f 376/376 357/357 373/373
f 372/372 356/356 374/374
f 372/372 377/377 368/368
f 377/377 378/378 369/369
f 377/377 369/369 368/368
f 369/369 358/358 368/368
f 338/338 379/379 380/380
f 338/338 381/381 382/382
f 379/379 383/383 371/371
f 379/379 338/338 337/337
f 380/380 379/379 370/370
f 337/337 383/383 379/379
f 337/337 336/336 343/343
f 337/337 327/327 326/326
f 383/383 337/337 343/343
f 343/343 384/384 383/383
f 367/367 381/381 385/385
f 367/367 380/380 370/370
f 370/370 379/379 371/371
f 370/370 371/371 362/362
f 371/371 384/384 366/366
f 371/371 383/383 384/384
f 381/381 367/367 369/369
f 381/381 338/338 385/385
f 378/378 382/382 381/381
f 378/378 381/381 369/369
f 378/378 386/386 382/382
f 386/386 347/347 382/382
f 382/382 387/387 338/338
f 387/387 382/382 347/347
f 388/388 347/347 386/386
f 366/366 389/389 364/364
f 366/366 384/384 389/389
f 366/366 363/363 362/362
f 384/384 343/343 342/342
f 389/389 342/342 341/341
f 389/389 390/390 391/391
f 389/389 392/392 390/390
f 364/364 389/389 391/391
f 364/364 391/391 365/365
f 342/342 336/336 334/334
f 342/342 389/389 384/384
f 341/341 340/340 392/392
f 341/341 334/334 333/333
f 341/341 392/392 389/389
f 309/309 304/304 393/393
f 309/309 394/394 395/395
f 305/305 302/302 304/304
f 393/393 308/308 396/396
f 393/393 397/397 394/394
f 317/317 314/314 316/316
f 317/317 398/398 318/318
f 399/399 400/400 322/322
f 400/400 320/320 322/322
f 398/398 317/317 400/400
f 319/319 315/315 302/302
f 308/308 393/393 304/304
f 396/396 401/401 397/397
f 396/396 402/402 403/403
f 307/307 304/304 303/303
f 307/307 404/404 308/308
f 402/402 396/396 308/308
f 402/402 308/308 404/404
f 402/402 405/405 406/406
f 402/402 406/406 403/403
f 403/403 406/406 401/401
f 404/404 407/407 405/405
f 405/405 402/402 404/404
f 408/408 409/409 410/410
f 408/408 411/411 412/412
f 409/409 408/408 413/413
f 410/410 414/414 415/415
f 410/410 416/416 408/408
f 410/410 415/415 416/416
f 410/410 409/409 417/417
f 413/413 412/412 418/418
f 419/419 410/410 417/417
f 415/415 420/420 416/416
f 416/416 421/421 411/411
f 411/411 422/422 423/423
f 411/411 408/408 416/416
f 412/412 413/413 408/408
f 412/412 423/423 424/424
f 414/414 425/425 415/415
f 414/414 410/410 419/419
f 421/421 416/416 420/420
f 420/420 415/415 425/425
f 420/420 426/426 421/421
f 24/24 22/22 26/26
f 25/25 424/424 427/427
f 25/25 428/428 424/424
f 428/428 25/25 24/24
f 424/424 418/418 412/412
f 429/429 430/430 431/431
f 429/429 432/432 433/433
f 430/430 429/429 149/149
f 427/427 424/424 423/423
f 423/423 412/412 411/411
f 423/423 434/434 427/427
f 418/418 424/424 428/428
f 435/435 436/436 42/42
f 436/436 435/435 437/437
f 42/42 40/40 435/435
f 425/425 438/438 439/439
f 425/425 414/414 440/440
f 440/440 441/441 438/438
f 422/422 411/411 421/421
f 438/438 425/425 440/440
f 439/439 420/420 425/425
f 439/439 438/438 442/442
f 426/426 420/420 439/439
f 426/426 439/439 443/443
f 441/441 442/442 438/438
f 142/142 444/444 140/140
f 142/142 152/152 445/445
f 152/152 446/446 445/445
f 447/447 448/448 449/449
f 447/447 450/450 451/451
f 448/448 447/447 451/451
f 452/452 453/453 454/454
f 452/452 455/455 456/456
f 455/455 457/457 458/458
f 456/456 453/453 452/452
f 458/458 457/457 459/459
f 458/458 456/456 455/455
f 460/460 461/461 462/462
f 461/461 460/460 463/463
f 462/462 464/464 465/465
f 462/462 466/466 460/460
f 464/464 467/467 465/465
f 464/464 462/462 461/461
f 465/465 104/104 468/468
f 465/465 469/469 462/462
f 466/466 462/462 469/469
f 469/469 465/465 468/468
f 434/434 470/470 471/471
f 434/434 423/423 422/422
f 472/472 473/473 474/474
f 473/473 475/475 476/476
f 476/476 474/474 473/473
f 470/470 434/434 422/422
f 470/470 422/422 477/477
f 470/470 477/477 478/478
f 471/471 470/470 479/479
f 477/477 422/422 421/421
f 450/450 447/447 480/480
f 450/450 481/481 482/482
f 481/481 450/450 480/480
f 483/483 482/482 481/481
f 484/484 482/482 483/483
f 101/101 469/469 468/468
f 101/101 100/100 469/469
f 100/100 466/466 469/469
f 102/102 101/101 468/468
f 102/102 468/468 104/104
f 485/485 486/486 487/487
f 485/485 487/487 488/488
f 488/488 489/489 490/490
f 488/488 487/487 489/489
f 121/121 120/120 486/486
f 121/121 486/486 485/485
f 491/491 492/492 493/493
f 492/492 491/491 494/494
f 492/492 494/494 139/139
f 492/492 495/495 496/496
f 493/493 497/497 498/498
f 499/499 500/500 501/501
f 500/500 499/499 502/502
f 502/502 503/503 504/504
f 139/139 138/138 492/492
f 140/140 55/55 142/142
f 104/104 465/465 467/467
f 104/104 103/103 102/102
f 104/104 143/143 105/105
f 467/467 143/143 104/104
f 148/148 147/147 146/146
f 444/444 142/142 445/445
f 479/479 505/505 471/471
f 505/505 496/496 495/495
f 506/506 476/476 475/475
f 506/506 475/475 507/507
f 508/508 506/506 507/507
f 432/432 429/429 431/431
f 432/432 472/472 433/433
f 433/433 472/472 474/474
f 496/496 505/505 479/479
f 495/495 492/492 138/138
f 509/509 426/426 443/443
f 443/443 503/503 509/509
f 443/443 439/439 442/442
f 443/443 510/510 504/504
f 511/511 498/498 497/497
f 511/511 470/470 478/478
f 498/498 511/511 478/478
f 497/497 493/493 492/492
f 442/442 441/441 512/512
f 512/512 510/510 442/442
f 510/510 443/443 442/442
f 510/510 512/512 513/513
f 503/503 443/443 504/504
f 503/503 502/502 499/499
f 514/514 515/515 516/516
f 515/515 514/514 517/517
f 517/517 518/518 519/519
f 518/518 517/517 514/514
f 519/519 183/183 520/520
f 519/519 521/521 522/522
f 523/523 524/524 525/525
f 524/524 523/523 526/526
f 526/526 184/184 187/187
f 521/521 519/519 520/520
f 180/180 519/519 518/518
f 180/180 177/177 183/183
f 183/183 519/519 180/180
f 182/182 520/520 183/183
f 184/184 179/179 185/185
f 184/184 185/185 186/186
f 184/184 521/521 520/520
f 184/184 520/520 182/182
f 187/187 524/524 526/526
f 193/193 191/191 527/527
f 195/195 121/121 485/485
f 195/195 485/485 528/528
f 529/529 488/488 490/490
f 529/529 490/490 530/530
f 528/528 485/485 488/488
f 528/528 488/488 529/529
f 199/199 531/531 197/197
f 532/532 533/533 534/534
f 533/533 532/532 535/535
f 534/534 536/536 537/537
f 209/209 208/208 538/538
f 217/217 151/151 219/219
f 217/217 214/214 213/213
f 197/197 189/189 199/199
f 531/531 199/199 539/539
f 540/540 541/541 542/542
f 543/543 542/542 541/541
f 536/536 534/534 533/533
f 537/537 544/544 545/545
f 232/232 229/229 546/546
f 234/234 230/230 232/232
f 545/545 547/547 548/548
f 547/547 545/545 544/544
f 548/548 549/549 550/550
f 544/544 537/537 536/536
f 254/254 235/235 234/234
f 262/262 255/255 254/254
f 551/551 550/550 549/549
f 551/551 552/552 553/553
f 550/550 551/551 553/553
f 549/549 548/548 547/547
f 270/270 263/263 262/262
f 284/284 282/282 554/554
f 552/552 551/551 555/555
f 278/278 286/286 279/279
f 278/278 271/271 270/270
f 219/219 218/218 217/217
f 151/151 217/217 148/148
f 457/457 556/556 459/459
f 556/556 457/457 557/557
f 453/453 558/558 454/454
f 559/559 395/395 394/394
f 559/559 394/394 560/560
f 394/394 309/309 393/393
f 394/394 561/561 560/560
f 312/312 310/310 558/558
f 558/558 453/453 312/312
f 562/562 563/563 564/564
f 563/563 565/565 564/564
f 563/563 562/562 566/566
f 323/323 567/567 568/568
f 323/323 568/568 569/569
f 323/323 321/321 567/567
f 332/332 331/331 570/570
f 332/332 333/333 335/335
f 332/332 571/571 340/340
f 332/332 335/335 329/329
f 331/331 328/328 345/345
f 331/331 572/572 570/570
f 572/572 345/345 573/573
f 572/572 574/574 575/575
f 572/572 576/576 570/570
f 340/340 571/571 392/392
f 571/571 332/332 570/570
f 571/571 576/576 577/577
f 345/345 572/572 331/331
f 345/345 349/349 573/573
f 573/573 578/578 574/574
f 349/349 579/579 573/573
f 353/353 350/350 352/352
f 353/353 361/361 365/365
f 353/353 580/580 354/354
f 353/353 365/365 581/581
f 365/365 391/391 581/581
f 580/580 353/353 582/582
f 580/580 583/583 584/584
f 582/582 585/585 586/586
f 582/582 353/353 581/581
f 357/357 355/355 350/350
f 357/357 587/587 375/375
f 584/584 357/357 354/354
f 584/584 583/583 588/588
f 584/584 354/354 580/580
f 587/587 357/357 584/584
f 583/583 589/589 590/590
f 583/583 580/580 586/586
f 588/588 587/587 584/584
f 591/591 585/585 592/592
f 591/591 575/575 593/593
f 575/575 589/589 593/593
f 575/575 591/591 576/576
f 593/593 586/586 585/585
f 576/576 571/571 570/570
f 576/576 594/594 577/577
f 576/576 572/572 575/575
f 594/594 576/576 591/591
f 585/585 591/591 593/593
f 585/585 582/582 581/581
f 586/586 589/589 583/583
f 586/586 580/580 582/582
f 592/592 585/585 581/581
f 592/592 594/594 591/591
f 589/589 586/586 593/593
f 589/589 575/575 574/574
f 574/574 572/572 573/573
f 574/574 590/590 589/589
f 590/590 574/574 578/578
f 590/590 588/588 583/583
f 578/578 573/573 579/579
f 391/391 592/592 581/581
f 391/391 390/390 592/592
f 390/390 577/577 594/594
f 390/390 594/594 592/592
f 392/392 571/571 577/577
f 392/392 577/577 390/390
f 395/395 559/559 595/595
f 595/595 566/566 562/562
f 595/595 559/559 566/566
f 565/565 596/596 568/568
f 565/565 563/563 597/597
f 596/596 565/565 597/597
f 397/397 401/401 598/598
f 397/397 393/393 396/396
f 561/561 394/394 397/397
f 401/401 396/396 403/403
f 401/401 599/599 598/598
f 598/598 561/561 397/397
f 599/599 401/401 406/406
f 600/600 598/598 599/599
f 601/601 602/602 603/603
f 601/601 603/603 604/604
f 605/605 606/606 607/607
f 606/606 605/605 608/608
f 606/606 609/609 607/607
f 610/610 611/611 612/612
f 610/610 613/613 614/614
f 611/611 615/615 616/616
f 612/612 617/617 618/618
f 612/612 619/619 610/610
f 612/612 611/611 616/616
f 616/616 615/615 620/620
f 621/621 622/622 623/623
f 622/622 621/621 624/624
f 622/622 625/625 626/626
f 623/623 627/627 628/628
f 623/623 629/629 621/621
f 630/630 631/631 632/632
f 630/630 633/633 634/634
f 630/630 632/632 635/635
f 632/632 636/636 637/637
f 635/635 638/638 630/630
f 635/635 637/637 639/639
f 635/635 640/640 638/638
f 635/635 627/627 623/623
f 635/635 623/623 626/626
f 638/638 640/640 641/641
f 642/642 643/643 644/644
f 643/643 642/642 645/645
f 644/644 643/643 646/646
f 645/645 647/647 648/648
f 645/645 649/649 650/650
f 645/645 651/651 643/643
f 617/617 612/612 616/616
f 617/617 652/652 653/653
f 617/617 620/620 654/654
f 618/618 655/655 612/612
f 618/618 653/653 656/656
f 657/657 658/658 659/659
f 657/657 660/660 661/661
f 658/658 657/657 662/662
f 663/663 664/664 665/665
f 664/664 663/663 666/666
f 666/666 667/667 668/668
f 625/625 622/622 624/624
f 626/626 623/623 622/622
f 669/669 670/670 671/671
f 669/669 671/671 672/672
f 646/646 643/643 673/673
f 673/673 643/643 651/651
f 673/673 674/674 675/675
f 660/660 657/657 659/659
f 676/676 677/677 678/678
f 677/677 679/679 678/678
f 680/680 681/681 682/682
f 681/681 680/680 683/683
f 682/682 684/684 685/685
f 686/686 687/687 676/676
f 686/686 688/688 687/687
f 687/687 677/677 676/676
f 628/628 629/629 623/623
f 689/689 690/690 613/613
f 690/690 647/647 650/650
f 690/690 614/614 613/613
f 613/613 610/610 619/619
f 691/691 688/688 686/686
f 649/649 645/645 642/642
f 684/684 682/682 681/681
f 627/627 639/639 692/692
f 627/627 635/635 639/639
f 693/693 626/626 694/694
f 693/693 635/635 626/626
f 640/640 635/635 693/693
f 695/695 620/620 615/615
f 620/620 617/617 616/616
f 620/620 695/695 696/696
f 696/696 654/654 620/620
f 696/696 695/695 697/697
f 698/698 699/699 700/700
f 698/698 634/634 701/701
f 634/634 702/702 701/701
f 634/634 698/698 631/631
f 701/701 703/703 698/698
f 631/631 630/630 634/634
f 631/631 700/700 636/636
f 654/654 704/704 652/652
f 654/654 696/696 705/705
f 704/704 654/654 705/705
f 652/652 617/617 654/654
f 705/705 696/696 706/706
f 705/705 707/707 704/704
f 667/667 666/666 663/663
f 668/668 708/708 709/709
f 637/637 635/635 632/632
f 653/653 618/618 617/617
f 656/656 710/710 711/711
f 656/656 712/712 618/618
f 609/609 606/606 713/713
f 641/641 630/630 638/638
f 714/714 715/715 703/703
f 714/714 701/701 716/716
f 715/715 714/714 717/717
f 703/703 718/718 699/699
f 703/703 701/701 714/714
f 717/717 714/714 719/719
f 720/720 705/705 706/706
f 720/720 721/721 707/707
f 721/721 720/720 722/722
f 707/707 705/705 720/720
f 722/722 720/720 723/723
f 718/718 703/703 715/715
f 699/699 698/698 703/703
f 724/724 725/725 726/726
f 725/725 727/727 728/728
f 725/725 728/728 726/726
f 726/726 729/729 724/724
f 730/730 731/731 732/732
f 731/731 730/730 733/733
f 733/733 734/734 735/735
f 702/702 634/634 633/633
f 633/633 630/630 641/641
f 700/700 631/631 698/698
f 636/636 632/632 631/631
f 736/736 737/737 738/738
f 736/736 739/739 737/737
f 737/737 740/740 738/738
f 741/741 742/742 743/743
f 742/742 744/744 743/743
f 745/745 746/746 747/747
f 746/746 745/745 748/748
f 697/697 749/749 706/706
f 706/706 696/696 697/697
f 706/706 723/723 720/720
f 723/723 706/706 749/749
f 739/739 736/736 729/729
f 729/729 726/726 739/739
f 750/750 735/735 734/734
f 735/735 750/750 751/751
f 734/734 733/733 730/730
f 716/716 701/701 702/702
f 716/716 719/719 714/714
f 708/708 668/668 667/667
f 727/727 752/752 728/728
f 753/753 754/754 755/755
f 753/753 756/756 757/757
f 754/754 753/753 758/758
f 755/755 759/759 760/760
f 712/712 656/656 711/711
f 647/647 645/645 650/650
f 647/647 690/690 689/689
f 761/761 710/710 656/656
f 710/710 675/675 674/674
f 762/762 673/673 651/651
f 651/651 645/645 648/648
f 675/675 710/710 761/761
f 674/674 673/673 762/762
f 619/619 612/612 655/655
f 655/655 618/618 712/712
f 763/763 764/764 765/765
f 763/763 765/765 766/766
f 765/765 764/764 767/767
f 764/764 763/763 768/768
f 764/764 768/768 769/769
f 770/770 763/763 771/771
f 771/771 763/763 772/772
f 768/768 763/763 773/773
f 772/772 763/763 774/774
f 773/773 763/763 770/770
f 775/775 776/776 777/777
f 775/775 778/778 779/779
f 776/776 775/775 780/780
f 777/777 757/757 756/756
f 781/781 782/782 783/783
f 782/782 784/784 785/785
f 782/782 781/781 786/786
f 785/785 783/783 782/782
f 785/785 784/784 787/787
f 784/784 788/788 787/787
f 787/787 779/779 778/778
f 759/759 789/789 790/790
f 759/759 755/755 754/754
f 757/757 777/777 776/776
f 757/757 758/758 753/753
f 779/779 787/787 788/788
f 779/779 780/780 775/775
f 790/790 760/760 759/759
f 790/790 789/789 781/781
f 789/789 786/786 781/781
f 791/791 792/792 793/793
f 792/792 791/791 794/794
f 795/795 796/796 797/797
f 798/798 797/797 796/796
f 799/799 800/800 801/801
f 801/801 800/800 802/802
f 803/803 804/804 791/791
f 804/804 803/803 805/805
f 806/806 807/807 808/808
f 808/808 807/807 809/809
f 810/810 811/811 812/812
f 811/811 810/810 813/813
f 813/813 814/814 815/815
f 816/816 817/817 818/818
f 818/818 817/817 819/819
f 820/820 821/821 822/822
f 821/821 820/820 823/823
f 823/823 824/824 825/825
f 826/826 827/827 828/828
f 827/827 826/826 829/829
f 830/830 831/831 832/832
f 832/832 831/831 833/833
f 834/834 835/835 836/836
f 835/835 834/834 837/837
f 837/837 838/838 839/839
f 840/840 841/841 842/842
f 841/841 840/840 843/843
f 843/843 844/844 845/845
f 846/846 847/847 848/848
f 848/848 847/847 849/849
f 850/850 851/851 852/852
f 851/851 853/853 854/854
f 852/852 851/851 855/855
f 856/856 857/857 858/858
f 858/858 859/859 856/856
f 860/860 861/861 862/862
f 861/861 863/863 864/864
f 861/861 860/860 865/865
f 866/866 867/867 868/868
f 867/867 866/866 869/869
f 870/870 871/871 872/872
f 871/871 870/870 873/873
f 874/874 875/875 876/876
f 875/875 874/874 877/877
f 878/878 879/879 866/866
f 879/879 878/878 880/880
f 881/881 882/882 883/883
f 882/882 881/881 807/807
f 814/814 813/813 884/884
f 885/885 886/886 887/887
f 886/886 885/885 817/817
f 824/824 823/823 888/888
f 889/889 890/890 891/891
f 892/892 891/891 890/890
f 893/893 894/894 895/895
f 894/894 893/893 831/831
f 838/838 837/837 896/896
f 844/844 843/843 897/897
f 898/898 899/899 900/900
f 899/899 898/898 847/847
f 853/853 851/851 901/901
f 902/902 903/903 856/856
f 903/903 902/902 904/904
f 905/905 863/863 861/861
f 906/906 907/907 908/908
f 907/907 906/906 909/909
f 908/908 910/910 906/906
f 909/909 911/911 907/907
f 911/911 909/909 912/912
f 912/912 913/913 911/911
f 910/910 908/908 914/914
f 915/915 916/916 917/917
f 915/915 918/918 919/919
f 916/916 915/915 920/920
f 917/917 921/921 918/918
f 917/917 922/922 923/923
f 920/920 924/924 925/925
f 913/913 925/925 924/924
f 913/913 912/912 926/926
f 927/927 928/928 929/929
f 928/928 927/927 930/930
f 929/929 931/931 927/927
f 932/932 929/929 928/928
f 922/922 917/917 916/916
f 933/933 934/934 935/935
f 934/934 933/933 936/936
f 935/935 937/937 938/938
f 935/935 939/939 933/933
f 940/940 941/941 942/942
f 942/942 943/943 940/940
f 944/944 942/942 941/941
f 945/945 931/931 946/946
f 945/945 930/930 927/927
f 930/930 945/945 947/947
f 948/948 949/949 950/950
f 949/949 948/948 951/951
f 950/950 952/952 948/948
f 937/937 935/935 934/934
f 938/938 947/947 953/953
f 938/938 954/954 935/935
f 953/953 946/946 955/955
f 953/953 956/956 938/938
f 953/953 947/947 945/945
f 947/947 938/938 937/937
f 924/924 920/920 915/915
f 924/924 919/919 957/957
f 925/925 913/913 958/958
f 959/959 960/960 961/961
f 960/960 959/959 962/962
f 962/962 963/963 960/960
f 963/963 962/962 964/964
f 964/964 965/965 963/963
f 964/964 966/966 967/967
f 968/968 969/969 970/970
f 969/969 968/968 971/971
f 969/969 972/972 970/970
f 970/970 972/972 973/973
f 966/966 964/964 968/968
f 967/967 973/973 974/974
f 975/975 974/974 976/976
f 975/975 965/965 977/977
f 975/975 978/978 979/979
f 975/975 980/980 981/981
f 980/980 975/975 979/979
f 980/980 982/982 983/983
f 979/979 982/982 980/980
f 982/982 984/984 985/985
f 982/982 979/979 986/986
f 983/983 987/987 988/988
f 976/976 989/989 978/978
f 976/976 978/978 975/975
f 976/976 973/973 990/990
f 978/978 986/986 979/979
f 965/965 964/964 977/977
f 965/965 975/975 981/981
f 977/977 964/964 967/967
f 977/977 967/967 974/974
f 974/974 975/975 977/977
f 988/988 991/991 992/992
f 991/991 988/988 987/987
f 987/987 983/983 982/982
f 985/985 993/993 994/994
f 993/993 985/985 984/984
f 984/984 982/982 986/986
f 989/989 995/995 996/996
f 989/989 976/976 990/990
f 989/989 984/984 986/986
f 989/989 986/986 978/978
f 996/996 997/997 989/989
f 997/997 993/993 984/984
f 997/997 984/984 989/989
f 972/972 996/996 973/973
f 973/973 967/967 966/966
f 973/973 976/976 974/974
f 973/973 996/996 995/995
f 998/998 999/999 1000/1000
f 998/998 1001/1001 999/999
f 1001/1001 907/907 999/999
f 1001/1001 908/908 907/907
f 1001/1001 998/998 1002/1002
f 999/999 911/911 1003/1003
f 999/999 907/907 911/911
f 1000/1000 1003/1003 1004/1004
f 1000/1000 999/999 1003/1003
f 1003/1003 913/913 1005/1005
f 1003/1003 911/911 913/913
f 1004/1004 1005/1005 1006/1006
f 1004/1004 1003/1003 1005/1005
f 1002/1002 1007/1007 1001/1001
f 1007/1007 914/914 908/908
f 1007/1007 908/908 1001/1001
f 919/919 924/924 915/915
f 919/919 1008/1008 1009/1009
f 1008/1008 919/919 918/918
f 1009/1009 957/957 919/919
f 918/918 915/915 917/917
f 918/918 1010/1010 1008/1008
f 1005/1005 1011/1011 1012/1012
f 1005/1005 913/913 924/924
f 1005/1005 924/924 957/957
f 1013/1013 1014/1014 1015/1015
f 1014/1014 931/931 929/929
f 1014/1014 1013/1013 931/931
f 931/931 1013/1013 1016/1016
f 931/931 945/945 927/927
f 931/931 1016/1016 946/946
f 1010/1010 918/918 921/921
f 921/921 917/917 923/923
f 1017/1017 939/939 954/954
f 939/939 1017/1017 1018/1018
f 939/939 935/935 954/954
f 954/954 1019/1019 1017/1017
f 1020/1020 943/943 942/942
f 1020/1020 1021/1021 943/943
f 1020/1020 1022/1022 1021/1021
f 946/946 1023/1023 955/955
f 946/946 953/953 945/945
f 946/946 1016/1016 1023/1023
f 1024/1024 952/952 1025/1025
f 952/952 1024/1024 1026/1026
f 1025/1025 952/952 950/950
f 1019/1019 954/954 956/956
f 956/956 954/954 938/938
f 956/956 1023/1023 1019/1019
f 1023/1023 956/956 955/955
f 955/955 956/956 953/953
f 957/957 1009/1009 1011/1011
f 1011/1011 1005/1005 957/957
f 1027/1027 1028/1028 1029/1029
f 1028/1028 1027/1027 1030/1030
f 1030/1030 1031/1031 1032/1032
f 1031/1031 1030/1030 1027/1027
f 1032/1032 1033/1033 1034/1034
f 1032/1032 1035/1035 1033/1033
f 1032/1032 1031/1031 1035/1035
f 1032/1032 1036/1036 1037/1037
f 1038/1038 1039/1039 1036/1036
f 1039/1039 1038/1038 1040/1040
f 1036/1036 1041/1041 1042/1042
f 1036/1036 1032/1032 1034/1034
f 1043/1043 1044/1044 1045/1045
f 1043/1043 1045/1045 1046/1046
f 1043/1043 1035/1035 1047/1047
f 1043/1043 1048/1048 1049/1049
f 1044/1044 1043/1043 1047/1047
f 1044/1044 1050/1050 1051/1051
f 1045/1045 1044/1044 1051/1051
f 1045/1045 1051/1051 1052/1052
f 1051/1051 1053/1053 1052/1052
f 1050/1050 1054/1054 1051/1051
f 1046/1046 1048/1048 1043/1043
f 1046/1046 1052/1052 1055/1055
f 1048/1048 1041/1041 1049/1049
f 1048/1048 1055/1055 1056/1056
f 1052/1052 1046/1046 1045/1045
f 1035/1035 1043/1043 1033/1033
f 1033/1033 1043/1043 1049/1049
f 1033/1033 1049/1049 1034/1034
f 1057/1057 1058/1058 1054/1054
f 1058/1058 1057/1057 1059/1059
f 1054/1054 1050/1050 1057/1057
f 1060/1060 1061/1061 1062/1062
f 1060/1060 1063/1063 1053/1053
f 1061/1061 1060/1060 1053/1053
f 1053/1053 1051/1051 1061/1061
f 1053/1053 1055/1055 1052/1052
f 1055/1055 1064/1064 1056/1056
f 1055/1055 1048/1048 1046/1046
f 1055/1055 1053/1053 1063/1063
f 1064/1064 1041/1041 1056/1056
f 1063/1063 1064/1064 1055/1055
f 1041/1041 1036/1036 1034/1034
f 1041/1041 1064/1064 1042/1042
f 1041/1041 1034/1034 1049/1049
f 1041/1041 1048/1048 1056/1056
f 1042/1042 1038/1038 1036/1036
f 1065/1065 1066/1066 1067/1067
f 1065/1065 1067/1067 1068/1068
f 1068/1068 1069/1069 1070/1070
f 1068/1068 1067/1067 1069/1069
f 1070/1070 1069/1069 1071/1071
f 1070/1070 1071/1071 1072/1072
f 1072/1072 1073/1073 1074/1074
f 1072/1072 1071/1071 1073/1073
f 1075/1075 1076/1076 1077/1077
f 1076/1076 1075/1075 1078/1078
f 1077/1077 1079/1079 1075/1075
f 1078/1078 1080/1080 1076/1076
f 1074/1074 1081/1081 1082/1082
f 1074/1074 1073/1073 1081/1081
f 1079/1079 1066/1066 1065/1065
f 1079/1079 1083/1083 1066/1066
f 1079/1079 1077/1077 1083/1083
f 1084/1084 1085/1085 1086/1086
f 1084/1084 1087/1087 1088/1088
f 1084/1084 1089/1089 1087/1087
f 1089/1089 1086/1086 1090/1090
f 1089/1089 1084/1084 1086/1086
f 1087/1087 1091/1091 1092/1092
f 1087/1087 1092/1092 1093/1093
f 1091/1091 1094/1094 1095/1095
f 1091/1091 1096/1096 1094/1094
f 1091/1091 1087/1087 1096/1096
f 1096/1096 1089/1089 1097/1097
f 1096/1096 1087/1087 1089/1089
f 1085/1085 1084/1084 1098/1098
f 1085/1085 1098/1098 1099/1099
f 1100/1100 1101/1101 1102/1102
f 1101/1101 1100/1100 1103/1103
f 1102/1102 1104/1104 1100/1100
f 1103/1103 1105/1105 1101/1101
f 1105/1105 1103/1103 1106/1106
f 1106/1106 1107/1107 1105/1105
f 1108/1108 1109/1109 1110/1110
f 1109/1109 1108/1108 1111/1111
f 1110/1110 1112/1112 1108/1108
f 1111/1111 1113/1113 1109/1109
f 1107/1107 1106/1106 1114/1114
f 1114/1114 1115/1115 1107/1107
f 1113/1113 1111/1111 1116/1116
f 1113/1113 1117/1117 1118/1118
f 1115/1115 1114/1114 1119/1119
f 1119/1119 1120/1120 1115/1115
f 1120/1120 1119/1119 1121/1121
f 1121/1121 1122/1122 1120/1120
f 1118/1118 1123/1123 1124/1124
f 1123/1123 1118/1118 1117/1117
f 1124/1124 1125/1125 1126/1126
f 1125/1125 1124/1124 1123/1123
f 1122/1122 1121/1121 1127/1127
f 1127/1127 1128/1128 1122/1122
f 1128/1128 1127/1127 1129/1129
f 1129/1129 1130/1130 1128/1128
f 1126/1126 1131/1131 1132/1132
f 1131/1131 1126/1126 1125/1125
f 1133/1133 1132/1132 1131/1131
f 1130/1130 1129/1129 1112/1112
f 1112/1112 1110/1110 1130/1130
f 1104/1104 1102/1102 1134/1134
f 1135/1135 1136/1136 1137/1137
f 1135/1135 1138/1138 1139/1139
f 1136/1136 1135/1135 1140/1140
f 1136/1136 1141/1141 1142/1142
f 1143/1143 1144/1144 1145/1145
f 1143/1143 1146/1146 1147/1147
f 1144/1144 1143/1143 1147/1147
f 1145/1145 1148/1148 1149/1149
f 1150/1150 1151/1151 1152/1152
f 1150/1150 1153/1153 1154/1154
f 1153/1153 1150/1150 1155/1155
f 1154/1154 1156/1156 1151/1151
f 1154/1154 1157/1157 1158/1158
f 1154/1154 1151/1151 1150/1150
f 1155/1155 1159/1159 1160/1160
f 1138/1138 1135/1135 1137/1137
f 1138/1138 1161/1161 1139/1139
f 1162/1162 1163/1163 1164/1164
f 1162/1162 1165/1165 1166/1166
f 1164/1164 1165/1165 1162/1162
f 1164/1164 1160/1160 1159/1159
f 1165/1165 1167/1167 1168/1168
f 1165/1165 1169/1169 1170/1170
f 1165/1165 1164/1164 1169/1169
f 1165/1165 1168/1168 1166/1166
f 1148/1148 1142/1142 1141/1141
f 1148/1148 1145/1145 1144/1144
f 1149/1149 1148/1148 1141/1141
f 1159/1159 1169/1169 1164/1164
f 1159/1159 1152/1152 1171/1171
f 1159/1159 1150/1150 1152/1152
f 1159/1159 1155/1155 1150/1150
f 1160/1160 1164/1164 1163/1163
f 1168/1168 1172/1172 1166/1166
f 1168/1168 1173/1173 1146/1146
f 1161/1161 1174/1174 1157/1157
f 1161/1161 1138/1138 1174/1174
f 1174/1174 1158/1158 1157/1157
f 1141/1141 1136/1136 1140/1140
f 1146/1146 1173/1173 1175/1175
f 1146/1146 1143/1143 1172/1172
f 1146/1146 1172/1172 1168/1168
f 1157/1157 1154/1154 1153/1153
f 1158/1158 1156/1156 1154/1154
f 1176/1176 1177/1177 1178/1178
f 1176/1176 1179/1179 1180/1180
f 1176/1176 1178/1178 1179/1179
f 1180/1180 1181/1181 1182/1182
f 1180/1180 1179/1179 1181/1181
f 1183/1183 1184/1184 1185/1185
f 1183/1183 1185/1185 1186/1186
f 1185/1185 1187/1187 1186/1186
f 1186/1186 1187/1187 1188/1188
f 1189/1189 1190/1190 1177/1177
f 1190/1190 1189/1189 1191/1191
f 1177/1177 1176/1176 1189/1189
f 1191/1191 1192/1192 1190/1190
f 1193/1193 1194/1194 1195/1195
f 1193/1193 1195/1195 1196/1196
f 1196/1196 1184/1184 1183/1183
f 1196/1196 1195/1195 1184/1184
f 1182/1182 1181/1181 1194/1194
f 1182/1182 1194/1194 1193/1193
f 1175/1175 1147/1147 1146/1146
f 1173/1173 1197/1197 1198/1198
f 1173/1173 1168/1168 1167/1167
f 1199/1199 1200/1200 1201/1201
f 1200/1200 1202/1202 1203/1203
f 1200/1200 1203/1203 1204/1204
f 1201/1201 1200/1200 1204/1204
f 1201/1201 1204/1204 1205/1205
f 1204/1204 1206/1206 1207/1207
f 1204/1204 1203/1203 1206/1206
f 1208/1208 1209/1209 1210/1210
f 1209/1209 1211/1211 1212/1212
f 1210/1210 1209/1209 1212/1212
f 1210/1210 1213/1213 1208/1208
f 1214/1214 1215/1215 1216/1216
f 1215/1215 1214/1214 1217/1217
f 1216/1216 1218/1218 1214/1214
f 1217/1217 1219/1219 1220/1220
f 1217/1217 1220/1220 1215/1215
f 1221/1221 1222/1222 1223/1223
f 1221/1221 1224/1224 1225/1225
f 1222/1222 1226/1226 1227/1227
f 1222/1222 1221/1221 1228/1228
f 1228/1228 1226/1226 1222/1222
f 1229/1229 1230/1230 1231/1231
f 1230/1230 1229/1229 1232/1232
f 1232/1232 1225/1225 1224/1224
f 1220/1220 1233/1233 1234/1234
f 1235/1235 1236/1236 1237/1237
f 1235/1235 1238/1238 1239/1239
f 1236/1236 1235/1235 1239/1239
f 1156/1156 1240/1240 1241/1241
f 1156/1156 1241/1241 1151/1151
f 1151/1151 1242/1242 1152/1152
f 1151/1151 1241/1241 1242/1242
f 1218/1218 1243/1243 1244/1244
f 1218/1218 1216/1216 1245/1245
f 1243/1243 1218/1218 1245/1245
f 1243/1243 1246/1246 1244/1244
f 1244/1244 1246/1246 1247/1247
f 1167/1167 1248/1248 1197/1197
f 1167/1167 1165/1165 1170/1170
f 1249/1249 1250/1250 1251/1251
f 1251/1251 1252/1252 1249/1249
f 1252/1252 1253/1253 1254/1254
f 1252/1252 1255/1255 1256/1256
f 1152/1152 1257/1257 1171/1171
f 1152/1152 1242/1242 1257/1257
f 1258/1258 1231/1231 1230/1230
f 1258/1258 1230/1230 1259/1259
f 1259/1259 1260/1260 1258/1258
f 1261/1261 1262/1262 1263/1263
f 1263/1263 1264/1264 1265/1265
f 1263/1263 1262/1262 1266/1266
f 1266/1266 1267/1267 1268/1268
f 1253/1253 1252/1252 1251/1251
f 1254/1254 1269/1269 1255/1255
f 1254/1254 1270/1270 1271/1271
f 1233/1233 1220/1220 1219/1219
f 1234/1234 1272/1272 1273/1273
f 1247/1247 1274/1274 1275/1275
f 1276/1276 1277/1277 1278/1278
f 1277/1277 1279/1279 1280/1280
f 1277/1277 1276/1276 1281/1281
f 1270/1270 1254/1254 1253/1253
f 1270/1270 1282/1282 1271/1271
f 1270/1270 1283/1283 1282/1282
f 1284/1284 1285/1285 1286/1286
f 1284/1284 1286/1286 1287/1287
f 1285/1285 1284/1284 1288/1288
f 1286/1286 1289/1289 1287/1287
f 1288/1288 1290/1290 1285/1285
f 1213/1213 1210/1210 1291/1291
f 1291/1291 1292/1292 1213/1213
f 1293/1293 1207/1207 1294/1294
f 1293/1293 1205/1205 1207/1207
f 1293/1293 1282/1282 1283/1283
f 1282/1282 1293/1293 1294/1294
f 1282/1282 1269/1269 1271/1271
f 1282/1282 1295/1295 1296/1296
f 1287/1287 1289/1289 1278/1278
f 1289/1289 1276/1276 1278/1278
f 1297/1297 1298/1298 1299/1299
f 1298/1298 1297/1297 1292/1292
f 1299/1299 1300/1300 1297/1297
f 1292/1292 1291/1291 1298/1298
f 1301/1301 1302/1302 1303/1303
f 1301/1301 1304/1304 1305/1305
f 1304/1304 1301/1301 1306/1306
f 1306/1306 1307/1307 1304/1304
f 1300/1300 1299/1299 1290/1290
f 1290/1290 1288/1288 1300/1300
f 1205/1205 1204/1204 1207/1207
f 1207/1207 1295/1295 1294/1294
f 1207/1207 1206/1206 1295/1295
f 1192/1192 1308/1308 1309/1309
f 1192/1192 1191/1191 1310/1310
f 1272/1272 1234/1234 1233/1233
f 1273/1273 1303/1303 1302/1302
f 1225/1225 1232/1232 1229/1229
f 1224/1224 1221/1221 1223/1223
f 1260/1260 1259/1259 1311/1311
f 1311/1311 1264/1264 1260/1260
f 1302/1302 1301/1301 1305/1305
f 1303/1303 1273/1273 1272/1272
f 1264/1264 1311/1311 1265/1265
f 1265/1265 1261/1261 1263/1263
f 1169/1169 1257/1257 1312/1312
f 1169/1169 1248/1248 1170/1170
f 1169/1169 1159/1159 1171/1171
f 1080/1080 1078/1078 1313/1313
f 1080/1080 1314/1314 1315/1315
f 1187/1187 1316/1316 1188/1188
f 1226/1226 1317/1317 1227/1227
f 1318/1318 1319/1319 1320/1320
f 1319/1319 1318/1318 1321/1321
f 1320/1320 1322/1322 1323/1323
f 1322/1322 1320/1320 1319/1319
f 1323/1323 1324/1324 1325/1325
f 1324/1324 1323/1323 1322/1322
f 1325/1325 1326/1326 1327/1327
f 1326/1326 1325/1325 1324/1324
f 1328/1328 1329/1329 1330/1330
f 1329/1329 1328/1328 1331/1331
f 1330/1330 1321/1321 1332/1332
f 1327/1327 1333/1333 1334/1334
f 1333/1333 1327/1327 1326/1326
f 1238/1238 1334/1334 1333/1333
f 1238/1238 1235/1235 1334/1334
f 1332/1332 1321/1321 1318/1318
f 1321/1321 1330/1330 1329/1329
f 1335/1335 1336/1336 1337/1337
f 1335/1335 1337/1337 1338/1338
f 1336/1336 1339/1339 1340/1340
f 1336/1336 1335/1335 1341/1341
f 1336/1336 1340/1340 1342/1342
f 1338/1338 1337/1337 1343/1343
f 1344/1344 1345/1345 1339/1339
f 1344/1344 1341/1341 1346/1346
f 1345/1345 1344/1344 1347/1347
f 1345/1345 1347/1347 1348/1348
f 1339/1339 1336/1336 1341/1341
f 1341/1341 1335/1335 1349/1349
f 1341/1341 1344/1344 1339/1339
f 1340/1340 1339/1339 1350/1350
f 1351/1351 1352/1352 1353/1353
f 1351/1351 1354/1354 1352/1352
f 1353/1353 1352/1352 1355/1355
f 1353/1353 1355/1355 1356/1356
f 1357/1357 1358/1358 1354/1354
f 1357/1357 1354/1354 1351/1351
f 1359/1359 1360/1360 1361/1361
f 1359/1359 1361/1361 1362/1362
f 1362/1362 1363/1363 1364/1364
f 1362/1362 1361/1361 1363/1363
f 1365/1365 1366/1366 1358/1358
f 1365/1365 1358/1358 1357/1357
f 1366/1366 1367/1367 1368/1368
f 1369/1369 1370/1370 1360/1360
f 1369/1369 1360/1360 1359/1359
f 1370/1370 1371/1371 1372/1372
f 1370/1370 1369/1369 1371/1371
f 1367/1367 1366/1366 1365/1365
f 1368/1368 1373/1373 1374/1374
f 1373/1373 1368/1368 1367/1367
f 1374/1374 1375/1375 1376/1376
f 1372/1372 1371/1371 1377/1377
f 1372/1372 1377/1377 1378/1378
f 1378/1378 1377/1377 1379/1379
f 1378/1378 1379/1379 1380/1380
f 1375/1375 1374/1374 1373/1373
f 1376/1376 1381/1381 1382/1382
f 1381/1381 1376/1376 1375/1375
f 1380/1380 1379/1379 1356/1356
f 1380/1380 1356/1356 1355/1355
f 1364/1364 1363/1363 1382/1382
f 1364/1364 1382/1382 1381/1381
f 1383/1383 1384/1384 1385/1385
f 1383/1383 1386/1386 1387/1387
f 1384/1384 1388/1388 1385/1385
f 1384/1384 1383/1383 1387/1387
f 1389/1389 1390/1390 1391/1391
f 1389/1389 1198/1198 1392/1392
f 1390/1390 1389/1389 1393/1393
f 1391/1391 1175/1175 1198/1198
f 1393/1393 1394/1394 1390/1390
f 1395/1395 1242/1242 1241/1241
f 1242/1242 1395/1395 1396/1396
f 1241/1241 1397/1397 1395/1395
f 1396/1396 1257/1257 1242/1242
f 1386/1386 1398/1398 1399/1399
f 1386/1386 1383/1383 1398/1398
f 1248/1248 1167/1167 1170/1170
f 1248/1248 1169/1169 1312/1312
f 1248/1248 1312/1312 1400/1400
f 1312/1312 1401/1401 1402/1402
f 1312/1312 1402/1402 1400/1400
f 1394/1394 1393/1393 1403/1403
f 1257/1257 1396/1396 1401/1401
f 1257/1257 1169/1169 1171/1171
f 1401/1401 1312/1312 1257/1257
f 1404/1404 1197/1197 1248/1248
f 1404/1404 1248/1248 1400/1400
f 1197/1197 1392/1392 1198/1198
f 1197/1197 1173/1173 1167/1167
f 1405/1405 1399/1399 1397/1397
f 1405/1405 1386/1386 1399/1399
f 1388/1388 1384/1384 1406/1406
f 1388/1388 1394/1394 1403/1403
f 1388/1388 1406/1406 1394/1394
f 1392/1392 1197/1197 1404/1404
f 1198/1198 1389/1389 1391/1391
f 1198/1198 1175/1175 1173/1173
f 1397/1397 1240/1240 1405/1405
f 1397/1397 1241/1241 1240/1240
f 1407/1407 1408/1408 1409/1409
f 1408/1408 1410/1410 1411/1411
f 1409/1409 1412/1412 1413/1413
f 1412/1412 1409/1409 1408/1408
f 1414/1414 1415/1415 1416/1416
f 1415/1415 1414/1414 1417/1417
f 1316/1316 1187/1187 1416/1416
f 1316/1316 1416/1416 1415/1415
f 1309/1309 1411/1411 1410/1410
f 1411/1411 1309/1309 1308/1308
f 1410/1410 1408/1408 1407/1407
f 1308/1308 1192/1192 1310/1310
f 1418/1418 1419/1419 1420/1420
f 1419/1419 1418/1418 1421/1421
f 1420/1420 1417/1417 1414/1414
f 1417/1417 1420/1420 1419/1419
f 1413/1413 1421/1421 1418/1418
f 1421/1421 1413/1413 1412/1412
f 1211/1211 1422/1422 1423/1423
f 1211/1211 1209/1209 1424/1424
f 1424/1424 1422/1422 1211/1211
f 1425/1425 1426/1426 1427/1427
f 1427/1427 1426/1426 1428/1428
f 1428/1428 1429/1429 1430/1430
f 1431/1431 1432/1432 1317/1317
f 1432/1432 1433/1433 1434/1434
f 1317/1317 1226/1226 1431/1431
f 1317/1317 1432/1432 1434/1434
f 1435/1435 1436/1436 1437/1437
f 1436/1436 1438/1438 1439/1439
f 1436/1436 1435/1435 1440/1440
f 1437/1437 1441/1441 1435/1435
f 1440/1440 1438/1438 1436/1436
f 1442/1442 1425/1425 1443/1443
f 1443/1443 1425/1425 1427/1427
f 1443/1443 1444/1444 1442/1442
f 1274/1274 1429/1429 1275/1275
f 1274/1274 1247/1247 1246/1246
f 1429/1429 1428/1428 1426/1426
f 1429/1429 1274/1274 1430/1430
f 1256/1256 1249/1249 1252/1252
f 1445/1445 1249/1249 1256/1256
f 1438/1438 1446/1446 1439/1439
f 1439/1439 1446/1446 1447/1447
f 1267/1267 1266/1266 1262/1262
f 1267/1267 1448/1448 1268/1268
f 1255/1255 1252/1252 1254/1254
f 1444/1444 1443/1443 1449/1449
f 1449/1449 1450/1450 1444/1444
f 1279/1279 1277/1277 1281/1281
f 1280/1280 1279/1279 1451/1451
f 1280/1280 1451/1451 1452/1452
f 1269/1269 1254/1254 1271/1271
f 1269/1269 1282/1282 1296/1296
f 1453/1453 1454/1454 1455/1455
f 1455/1455 1454/1454 1456/1456
f 1422/1422 1457/1457 1423/1423
f 1423/1423 1457/1457 1458/1458
f 1295/1295 1282/1282 1294/1294
f 1452/1452 1456/1456 1454/1454
f 1452/1452 1451/1451 1456/1456
f 1457/1457 1459/1459 1458/1458
f 1459/1459 1460/1460 1461/1461
f 1458/1458 1459/1459 1461/1461
f 1461/1461 1460/1460 1462/1462
f 1307/1307 1463/1463 1464/1464
f 1307/1307 1306/1306 1465/1465
f 1465/1465 1463/1463 1307/1307
f 1460/1460 1453/1453 1462/1462
f 1462/1462 1453/1453 1455/1455
f 1450/1450 1449/1449 1466/1466
f 1466/1466 1463/1463 1450/1450
f 1441/1441 1437/1437 1433/1433
f 1433/1433 1432/1432 1441/1441
f 1447/1447 1448/1448 1467/1467
f 1463/1463 1466/1466 1464/1464
f 1448/1448 1267/1267 1467/1467
f 1448/1448 1447/1447 1446/1446
f 1314/1314 1080/1080 1313/1313
f 1468/1468 1469/1469 1470/1470
f 1468/1468 1471/1471 1472/1472
f 1471/1471 1468/1468 1473/1473
f 1471/1471 1474/1474 1472/1472
f 1472/1472 1475/1475 1469/1469
f 1476/1476 1477/1477 1478/1478
f 1477/1477 1476/1476 1479/1479
f 1478/1478 1480/1480 1476/1476
f 1479/1479 1476/1476 1481/1481
f 1479/1479 1481/1481 1482/1482
f 1483/1483 1484/1484 1485/1485
f 1483/1483 1485/1485 1486/1486
f 1487/1487 1488/1488 1489/1489
f 1488/1488 1490/1490 1489/1489
f 1491/1491 1492/1492 1493/1493
f 1491/1491 1494/1494 1495/1495
f 1491/1491 1495/1495 1496/1496
f 1493/1493 1494/1494 1491/1491
f 1497/1497 1493/1493 1492/1492
f 1498/1498 1499/1499 1500/1500
f 1499/1499 1498/1498 1501/1501
f 1501/1501 1502/1502 1499/1499
f 1503/1503 1470/1470 1469/1469
f 1470/1470 1503/1503 1504/1504
f 1469/1469 1505/1505 1503/1503
f 1469/1469 1468/1468 1472/1472
f 1506/1506 1494/1494 1493/1493
f 1507/1507 1508/1508 1509/1509
f 1507/1507 1510/1510 1508/1508
f 1509/1509 1511/1511 1507/1507
f 1512/1512 1502/1502 1513/1513
f 1512/1512 1499/1499 1502/1502
f 1502/1502 1501/1501 1514/1514
f 1511/1511 1509/1509 1515/1515
f 1480/1480 1478/1478 1516/1516
f 1516/1516 1517/1517 1480/1480
f 1517/1517 1516/1516 1518/1518
f 1517/1517 1519/1519 1480/1480
f 1520/1520 1521/1521 1522/1522
f 1521/1521 1520/1520 1523/1523
f 1524/1524 1525/1525 1526/1526
f 1525/1525 1524/1524 1527/1527
f 1528/1528 1529/1529 1510/1510
f 1528/1528 1510/1510 1507/1507
f 1530/1530 1531/1531 1532/1532
f 1530/1530 1533/1533 1531/1531
f 1534/1534 1535/1535 1536/1536
f 1535/1535 1534/1534 1537/1537
f 1519/1519 1517/1517 1538/1538
f 1539/1539 1540/1540 1541/1541
f 1540/1540 1539/1539 1542/1542
f 1540/1540 1543/1543 1541/1541
f 1541/1541 1543/1543 1544/1544
f 1544/1544 1545/1545 1546/1546
f 1545/1545 1544/1544 1543/1543
f 1475/1475 1472/1472 1474/1474
f 1505/1505 1469/1469 1475/1475
f 1547/1547 1503/1503 1505/1505
f 1514/1514 1548/1548 1502/1502
f 1548/1548 1514/1514 1549/1549
f 1550/1550 1551/1551 1552/1552
f 1551/1551 1550/1550 1553/1553
f 1552/1552 1554/1554 1555/1555
f 1552/1552 1551/1551 1554/1554
f 1556/1556 1557/1557 1558/1558
f 1556/1556 1558/1558 1559/1559
f 1560/1560 1561/1561 1562/1562
f 1561/1561 1560/1560 1563/1563
f 1561/1561 1564/1564 1562/1562
f 1565/1565 1566/1566 1567/1567
f 1566/1566 1565/1565 1568/1568
f 1569/1569 1570/1570 1571/1571
f 1569/1569 1572/1572 1573/1573
f 1573/1573 1574/1574 1561/1561
f 1574/1574 1573/1573 1572/1572
f 1575/1575 1566/1566 1576/1576
f 1575/1575 1567/1567 1566/1566
f 1577/1577 1578/1578 1579/1579
f 1578/1578 1577/1577 1580/1580
f 1579/1579 1581/1581 1577/1577
f 1582/1582 1583/1583 1584/1584
f 1583/1583 1582/1582 1585/1585
f 1581/1581 1579/1579 1586/1586
f 1555/1555 1587/1587 1588/1588
f 1555/1555 1589/1589 1552/1552
f 1587/1587 1555/1555 1554/1554
f 1589/1589 1555/1555 1590/1590
f 1591/1591 1592/1592 1593/1593
f 1592/1592 1591/1591 1594/1594
f 1570/1570 1569/1569 1573/1573
f 1595/1595 1596/1596 1597/1597
f 1597/1597 1596/1596 1598/1598
f 1599/1599 1600/1600 1601/1601
f 1600/1600 1599/1599 1602/1602
f 1601/1601 1603/1603 1599/1599
f 1604/1604 1605/1605 1606/1606
f 1605/1605 1604/1604 1603/1603
f 1603/1603 1601/1601 1605/1605
f 1564/1564 1561/1561 1574/1574
f 1607/1607 1562/1562 1564/1564

